timestamp,temperature_c,pressure_hpa,humidity_pct,station_id,station_name,cluster_id,role,is_anomaly,fault_type
2025-01-01 00:00:00,11.3,1008.9,94.0,AWS-VAR-052,Varanasi,VAR,center,False,
2025-01-01 01:00:00,10.9,1008.4,94.0,AWS-VAR-052,Varanasi,VAR,center,False,
2025-01-01 02:00:00,10.5,1008.1,95.0,AWS-VAR-052,Varanasi,VAR,center,False,
2025-01-01 03:00:00,10.1,1007.6,96.0,AWS-VAR-052,Varanasi,VAR,center,False,
2025-01-01 04:00:00,9.8,1007.6,97.0,AWS-VAR-052,Varanasi,VAR,center,False,
2025-01-01 05:00:00,9.5,1007.6,98.0,AWS-VAR-052,Varanasi,VAR,center,False,
2025-01-01 06:00:00,9.9,1009.3,99.0,AWS-VAR-052,Varanasi,VAR,center,False,
2025-01-01 07:00:00,10.3,1009.9,98.0,AWS-VAR-052,Varanasi,VAR,center,False,
2025-01-01 08:00:00,12.0,1010.6,92.0,AWS-VAR-052,Varanasi,VAR,center,False,
2025-01-01 09:00:00,13.9,1010.9,81.0,AWS-VAR-052,Varanasi,VAR,center,False,
2025-01-01 10:00:00,15.4,1010.6,69.0,AWS-VAR-052,Varanasi,VAR,center,False,
2025-01-01 11:00:00,16.3,1009.9,66.0,AWS-VAR-052,Varanasi,VAR,center,False,
2025-01-01 12:00:00,17.1,1008.7,63.0,AWS-VAR-052,Varanasi,VAR,center,False,
2025-01-01 13:00:00,17.8,1007.3,62.0,AWS-VAR-052,Varanasi,VAR,center,False,
2025-01-01 14:00:00,18.1,1006.3,62.0,AWS-VAR-052,Varanasi,VAR,center,False,
2025-01-01 15:00:00,17.9,1006.1,63.0,AWS-VAR-052,Varanasi,VAR,center,False,
2025-01-01 16:00:00,17.1,1006.0,69.0,AWS-VAR-052,Varanasi,VAR,center,False,
2025-01-01 17:00:00,15.5,1006.1,77.0,AWS-VAR-052,Varanasi,VAR,center,False,
2025-01-01 18:00:00,13.1,1007.8,85.0,AWS-VAR-052,Varanasi,VAR,center,False,
2025-01-01 19:00:00,12.6,1008.1,87.0,AWS-VAR-052,Varanasi,VAR,center,False,
2025-01-01 20:00:00,12.2,1008.7,87.0,AWS-VAR-052,Varanasi,VAR,center,False,
2025-01-01 21:00:00,11.6,1008.6,89.0,AWS-VAR-052,Varanasi,VAR,center,False,
2025-01-01 22:00:00,11.0,1008.4,91.0,AWS-VAR-052,Varanasi,VAR,center,False,
2025-01-01 23:00:00,10.8,1008.2,91.0,AWS-VAR-052,Varanasi,VAR,center,False,
2025-01-02 00:00:00,10.4,1007.9,92.0,AWS-VAR-052,Varanasi,VAR,center,False,
2025-01-02 01:00:00,10.1,1007.4,93.0,AWS-VAR-052,Varanasi,VAR,center,False,
2025-01-02 02:00:00,9.8,1006.9,94.0,AWS-VAR-052,Varanasi,VAR,center,False,
2025-01-02 03:00:00,9.7,1006.4,95.0,AWS-VAR-052,Varanasi,VAR,center,False,
2025-01-02 04:00:00,9.6,1006.6,96.0,AWS-VAR-052,Varanasi,VAR,center,False,
2025-01-02 05:00:00,9.5,1006.9,96.0,AWS-VAR-052,Varanasi,VAR,center,False,
2025-01-02 06:00:00,9.5,1008.6,97.0,AWS-VAR-052,Varanasi,VAR,center,False,
2025-01-02 07:00:00,9.6,1009.4,98.0,AWS-VAR-052,Varanasi,VAR,center,False,
2025-01-02 08:00:00,11.1,1010.1,94.0,AWS-VAR-052,Varanasi,VAR,center,False,
2025-01-02 09:00:00,13.1,1010.5,87.0,AWS-VAR-052,Varanasi,VAR,center,False,
2025-01-02 10:00:00,15.0,1010.2,78.0,AWS-VAR-052,Varanasi,VAR,center,False,
2025-01-02 11:00:00,16.8,1009.5,68.0,AWS-VAR-052,Varanasi,VAR,center,True,drift
2025-01-02 12:00:00,17.4,1008.8766403443033,65.0,AWS-VAR-052,Varanasi,VAR,center,True,drift
2025-01-02 13:00:00,18.5,1008.0532806886065,60.0,AWS-VAR-052,Varanasi,VAR,center,True,drift
2025-01-02 14:00:00,18.7,1007.5299210329097,61.0,AWS-VAR-052,Varanasi,VAR,center,True,drift
2025-01-02 15:00:00,18.5,1007.3065613772129,63.0,AWS-VAR-052,Varanasi,VAR,center,True,drift
2025-01-02 16:00:00,17.7,1007.8832017215161,69.0,AWS-VAR-052,Varanasi,VAR,center,True,drift
2025-01-02 17:00:00,16.2,1008.3598420658194,77.0,AWS-VAR-052,Varanasi,VAR,center,True,drift
2025-01-02 18:00:00,14.9,1009.8364824101225,79.0,AWS-VAR-052,Varanasi,VAR,center,True,drift
2025-01-02 19:00:00,14.4,1010.6131227544257,81.0,AWS-VAR-052,Varanasi,VAR,center,True,drift
2025-01-02 20:00:00,13.7,1011.2897630987289,85.0,AWS-VAR-052,Varanasi,VAR,center,True,drift
2025-01-02 21:00:00,13.1,1011.6664034430322,88.0,AWS-VAR-052,Varanasi,VAR,center,True,drift
2025-01-02 22:00:00,12.5,1011.8430437873353,90.0,AWS-VAR-052,Varanasi,VAR,center,True,drift
2025-01-02 23:00:00,12.0,1011.6196841316386,91.0,AWS-VAR-052,Varanasi,VAR,center,True,drift
2025-01-03 00:00:00,11.5,1011.3963244759418,93.0,AWS-VAR-052,Varanasi,VAR,center,True,drift
2025-01-03 01:00:00,10.9,1011.3729648202451,94.0,AWS-VAR-052,Varanasi,VAR,center,True,drift
2025-01-03 02:00:00,10.3,1011.3496051645483,96.0,AWS-VAR-052,Varanasi,VAR,center,True,drift
2025-01-03 03:00:00,9.7,1011.3262455088515,98.0,AWS-VAR-052,Varanasi,VAR,center,True,drift
2025-01-03 04:00:00,9.4,1011.8028858531547,99.0,AWS-VAR-052,Varanasi,VAR,center,True,drift
2025-01-03 05:00:00,9.4,1012.479526197458,98.0,AWS-VAR-052,Varanasi,VAR,center,True,drift
2025-01-03 06:00:00,8.8,1014.1561665417611,100.0,AWS-VAR-052,Varanasi,VAR,center,True,drift
2025-01-03 07:00:00,9.1,1014.9328068860643,100.0,AWS-VAR-052,Varanasi,VAR,center,True,drift
2025-01-03 08:00:00,10.5,1016.0094472303676,98.0,AWS-VAR-052,Varanasi,VAR,center,True,drift
2025-01-03 09:00:00,12.8,1016.4860875746708,93.0,AWS-VAR-052,Varanasi,VAR,center,True,drift
2025-01-03 10:00:00,15.5,1016.562727918974,81.0,AWS-VAR-052,Varanasi,VAR,center,True,drift
2025-01-03 11:00:00,17.3,1015.7393682632772,73.0,AWS-VAR-052,Varanasi,VAR,center,True,drift
2025-01-03 12:00:00,18.5,1014.7160086075804,69.0,AWS-VAR-052,Varanasi,VAR,center,True,drift
2025-01-03 13:00:00,19.3,1013.8926489518838,67.0,AWS-VAR-052,Varanasi,VAR,center,True,drift
2025-01-03 14:00:00,19.7,1013.4692892961868,66.0,AWS-VAR-052,Varanasi,VAR,center,True,drift
2025-01-03 15:00:00,19.7,1013.4459296404901,67.0,AWS-VAR-052,Varanasi,VAR,center,True,drift
2025-01-03 16:00:00,18.8,1013.6225699847934,75.0,AWS-VAR-052,Varanasi,VAR,center,True,drift
2025-01-03 17:00:00,16.7,1013.8992103290966,82.0,AWS-VAR-052,Varanasi,VAR,center,True,drift
2025-01-03 18:00:00,14.4,1015.4758506733997,90.0,AWS-VAR-052,Varanasi,VAR,center,True,drift
2025-01-03 19:00:00,13.6,1016.052491017703,92.0,AWS-VAR-052,Varanasi,VAR,center,True,drift
2025-01-03 20:00:00,12.9,1016.4291313620062,93.0,AWS-VAR-052,Varanasi,VAR,center,True,drift
2025-01-03 21:00:00,12.4,1016.6057717063095,94.0,AWS-VAR-052,Varanasi,VAR,center,True,drift
2025-01-03 22:00:00,12.0,1016.9824120506127,95.0,AWS-VAR-052,Varanasi,VAR,center,True,drift
2025-01-03 23:00:00,11.2,1017.0590523949159,98.0,AWS-VAR-052,Varanasi,VAR,center,True,drift
2025-01-04 00:00:00,10.6,1016.9356927392191,99.0,AWS-VAR-052,Varanasi,VAR,center,True,drift
2025-01-04 01:00:00,10.2,1016.7123330835224,100.0,AWS-VAR-052,Varanasi,VAR,center,True,drift
2025-01-04 02:00:00,9.9,1016.4889734278256,100.0,AWS-VAR-052,Varanasi,VAR,center,True,drift
2025-01-04 03:00:00,9.6,1016.4656137721287,100.0,AWS-VAR-052,Varanasi,VAR,center,True,drift
2025-01-04 04:00:00,9.4,1016.842254116432,100.0,AWS-VAR-052,Varanasi,VAR,center,True,drift
2025-01-04 05:00:00,9.1,1017.5188944607352,100.0,AWS-VAR-052,Varanasi,VAR,center,True,drift
2025-01-04 06:00:00,10.0,1019.0955348050385,98.0,AWS-VAR-052,Varanasi,VAR,center,True,drift
2025-01-04 07:00:00,9.8,1020.0721751493415,100.0,AWS-VAR-052,Varanasi,VAR,center,True,drift
2025-01-04 08:00:00,10.7,1021.2488154936448,98.0,AWS-VAR-052,Varanasi,VAR,center,True,drift
2025-01-04 09:00:00,12.4,1022.025455837948,97.0,AWS-VAR-052,Varanasi,VAR,center,True,drift
2025-01-04 10:00:00,13.8,1009.1,93.0,AWS-VAR-052,Varanasi,VAR,center,False,
2025-01-04 11:00:00,16.3,1008.3,82.0,AWS-VAR-052,Varanasi,VAR,center,False,
2025-01-04 12:00:00,17.8,1007.1,73.0,AWS-VAR-052,Varanasi,VAR,center,False,
2025-01-04 13:00:00,18.5,1005.7,71.0,AWS-VAR-052,Varanasi,VAR,center,False,
2025-01-04 14:00:00,18.8,1004.8,70.0,AWS-VAR-052,Varanasi,VAR,center,False,
2025-01-04 15:00:00,18.8,1004.4,69.0,AWS-VAR-052,Varanasi,VAR,center,False,
2025-01-04 16:00:00,18.2,,76.0,AWS-VAR-052,Varanasi,VAR,center,True,dropout
2025-01-04 17:00:00,16.3,1004.7,82.0,AWS-VAR-052,Varanasi,VAR,center,False,
2025-01-04 18:00:00,13.7,1006.2,89.0,AWS-VAR-052,Varanasi,VAR,center,False,
2025-01-04 19:00:00,12.5,1006.7,92.0,AWS-VAR-052,Varanasi,VAR,center,False,
2025-01-04 20:00:00,11.8,1007.2,93.0,AWS-VAR-052,Varanasi,VAR,center,False,
2025-01-04 21:00:00,11.4,1007.3,93.0,AWS-VAR-052,Varanasi,VAR,center,False,
2025-01-04 22:00:00,10.9,1007.3,94.0,AWS-VAR-052,Varanasi,VAR,center,False,
2025-01-04 23:00:00,10.5,1007.1,95.0,AWS-VAR-052,Varanasi,VAR,center,False,
2025-01-05 00:00:00,9.9,1006.5,99.0,AWS-VAR-052,Varanasi,VAR,center,False,
2025-01-05 01:00:00,9.5,1006.2,100.0,AWS-VAR-052,Varanasi,VAR,center,False,
2025-01-05 02:00:00,9.2,1005.7,100.0,AWS-VAR-052,Varanasi,VAR,center,False,
2025-01-05 03:00:00,9.4,1005.6,100.0,AWS-VAR-052,Varanasi,VAR,center,False,
2025-01-05 04:00:00,9.6,1005.4,100.0,AWS-VAR-052,Varanasi,VAR,center,False,
2025-01-05 05:00:00,9.5,1005.8,100.0,AWS-VAR-052,Varanasi,VAR,center,False,
2025-01-05 06:00:00,9.8,1007.3,98.0,AWS-VAR-052,Varanasi,VAR,center,False,
2025-01-05 07:00:00,10.0,1008.1,99.0,AWS-VAR-052,Varanasi,VAR,center,False,
2025-01-05 08:00:00,10.7,1009.0,98.0,AWS-VAR-052,Varanasi,VAR,center,False,
2025-01-05 09:00:00,11.7,1009.7,96.0,AWS-VAR-052,Varanasi,VAR,center,False,
2025-01-05 10:00:00,14.0,1009.3,87.0,AWS-VAR-052,Varanasi,VAR,center,False,
2025-01-05 11:00:00,16.4,1008.4,81.0,AWS-VAR-052,Varanasi,VAR,center,False,
2025-01-05 12:00:00,17.7,1007.2,77.0,AWS-VAR-052,Varanasi,VAR,center,False,
2025-01-05 13:00:00,18.8,1006.0,74.0,AWS-VAR-052,Varanasi,VAR,center,False,
2025-01-05 14:00:00,19.1,1005.3,73.0,AWS-VAR-052,Varanasi,VAR,center,False,
2025-01-05 15:00:00,19.1,1004.9,73.0,AWS-VAR-052,Varanasi,VAR,center,False,
2025-01-05 16:00:00,18.3,1004.7,77.0,AWS-VAR-052,Varanasi,VAR,center,False,
2025-01-05 17:00:00,17.0,1004.9,83.0,AWS-VAR-052,Varanasi,VAR,center,False,
2025-01-05 18:00:00,15.0,1006.2,92.0,AWS-VAR-052,Varanasi,VAR,center,False,
2025-01-05 19:00:00,14.5,1006.6,93.0,AWS-VAR-052,Varanasi,VAR,center,False,
2025-01-05 20:00:00,14.3,1007.0,93.0,AWS-VAR-052,Varanasi,VAR,center,False,
2025-01-05 21:00:00,14.0,1007.1,94.0,AWS-VAR-052,Varanasi,VAR,center,False,
2025-01-05 22:00:00,13.8,1006.6,94.0,AWS-VAR-052,Varanasi,VAR,center,False,
2025-01-05 23:00:00,13.7,1006.1,96.0,AWS-VAR-052,Varanasi,VAR,center,False,
2025-01-06 00:00:00,13.5,1005.5,96.0,AWS-VAR-052,Varanasi,VAR,center,False,
2025-01-06 01:00:00,23.257182735010815,1005.664513551288,100.0,AWS-VAR-052,Varanasi,VAR,center,True,multivariate_inconsistency
2025-01-06 02:00:00,23.05718273501082,1005.2941827561291,100.0,AWS-VAR-052,Varanasi,VAR,center,True,multivariate_inconsistency
2025-01-06 03:00:00,23.05718273501082,1004.3918502830758,100.0,AWS-VAR-052,Varanasi,VAR,center,True,multivariate_inconsistency
2025-01-06 04:00:00,22.957182735010818,1004.3999640515893,100.0,AWS-VAR-052,Varanasi,VAR,center,True,multivariate_inconsistency
2025-01-06 05:00:00,23.05718273501082,1004.608106650695,100.0,AWS-VAR-052,Varanasi,VAR,center,True,multivariate_inconsistency
2025-01-06 06:00:00,12.1,1005.9,99.0,AWS-VAR-052,Varanasi,VAR,center,False,
2025-01-06 07:00:00,12.5,1006.6,99.0,AWS-VAR-052,Varanasi,VAR,center,False,
2025-01-06 08:00:00,13.7,1007.1,96.0,AWS-VAR-052,Varanasi,VAR,center,False,
2025-01-06 09:00:00,15.7,1007.9,90.0,AWS-VAR-052,Varanasi,VAR,center,False,
2025-01-06 10:00:00,17.6,1007.7,84.0,AWS-VAR-052,Varanasi,VAR,center,False,
2025-01-06 11:00:00,19.4,1006.8,79.0,AWS-VAR-052,Varanasi,VAR,center,False,
2025-01-06 12:00:00,20.8,1005.5,76.0,AWS-VAR-052,Varanasi,VAR,center,False,
2025-01-06 13:00:00,21.8,1004.2,73.0,AWS-VAR-052,Varanasi,VAR,center,False,
2025-01-06 14:00:00,22.4,1003.5,71.0,AWS-VAR-052,Varanasi,VAR,center,False,
2025-01-06 15:00:00,22.4,1003.2,71.0,AWS-VAR-052,Varanasi,VAR,center,False,
2025-01-06 16:00:00,21.4,1002.8,80.0,AWS-VAR-052,Varanasi,VAR,center,False,
2025-01-06 17:00:00,19.0,1002.8,88.0,AWS-VAR-052,Varanasi,VAR,center,False,
2025-01-06 18:00:00,16.9,1003.5,93.0,AWS-VAR-052,Varanasi,VAR,center,False,
2025-01-06 19:00:00,16.1,1004.2,94.0,AWS-VAR-052,Varanasi,VAR,center,False,
2025-01-06 20:00:00,15.7,1004.7,95.0,AWS-VAR-052,Varanasi,VAR,center,False,
2025-01-06 21:00:00,15.2,1005.2,93.0,AWS-VAR-052,Varanasi,VAR,center,False,
2025-01-06 22:00:00,14.9,1005.4,93.0,AWS-VAR-052,Varanasi,VAR,center,False,
2025-01-06 23:00:00,14.3,1005.4,94.0,AWS-VAR-052,Varanasi,VAR,center,False,
2025-01-07 00:00:00,13.8,1005.1,95.0,AWS-VAR-052,Varanasi,VAR,center,False,
2025-01-07 01:00:00,13.2,1004.9,97.0,AWS-VAR-052,Varanasi,VAR,center,False,
2025-01-07 02:00:00,12.8,1005.0,98.0,AWS-VAR-052,Varanasi,VAR,center,False,
2025-01-07 03:00:00,12.5,1004.9,98.0,AWS-VAR-052,Varanasi,VAR,center,False,
2025-01-07 04:00:00,12.2,1005.0,99.0,AWS-VAR-052,Varanasi,VAR,center,False,
2025-01-07 05:00:00,12.0,1005.6,99.0,AWS-VAR-052,Varanasi,VAR,center,False,
2025-01-07 06:00:00,12.7,1006.9,100.0,AWS-VAR-052,Varanasi,VAR,center,False,
2025-01-07 07:00:00,13.0,1007.6,98.0,AWS-VAR-052,Varanasi,VAR,center,False,
2025-01-07 08:00:00,13.5,1008.4,96.0,AWS-VAR-052,Varanasi,VAR,center,False,
2025-01-07 09:00:00,14.2,1009.0,93.0,AWS-VAR-052,Varanasi,VAR,center,False,
2025-01-07 10:00:00,15.6,1008.6,86.0,AWS-VAR-052,Varanasi,VAR,center,False,
2025-01-07 11:00:00,16.6,1007.8,82.0,AWS-VAR-052,Varanasi,VAR,center,False,
2025-01-07 12:00:00,17.9,1006.5,74.0,AWS-VAR-052,Varanasi,VAR,center,False,
2025-01-07 13:00:00,18.8,1005.3,68.0,AWS-VAR-052,Varanasi,VAR,center,False,
2025-01-07 14:00:00,19.2,1004.4,65.0,AWS-VAR-052,Varanasi,VAR,center,False,
2025-01-07 15:00:00,18.8,1003.8,66.0,AWS-VAR-052,Varanasi,VAR,center,False,
2025-01-07 16:00:00,17.8,1003.7,73.0,AWS-VAR-052,Varanasi,VAR,center,False,
2025-01-07 17:00:00,16.3,1003.8,80.0,AWS-VAR-052,Varanasi,VAR,center,False,
2025-01-07 18:00:00,15.1,1005.9,80.0,AWS-VAR-052,Varanasi,VAR,center,False,
2025-01-07 19:00:00,14.9,1006.5,81.0,AWS-VAR-052,Varanasi,VAR,center,False,
2025-01-07 20:00:00,14.3,1006.6,83.0,AWS-VAR-052,Varanasi,VAR,center,False,
2025-01-07 21:00:00,13.4,1006.5,87.0,AWS-VAR-052,Varanasi,VAR,center,False,
2025-01-07 22:00:00,12.8,1006.4,90.0,AWS-VAR-052,Varanasi,VAR,center,False,
2025-01-07 23:00:00,12.2,1005.8,93.0,AWS-VAR-052,Varanasi,VAR,center,False,
2025-01-08 00:00:00,11.6,990.7688772533903,95.0,AWS-VAR-052,Varanasi,VAR,center,True,spike
2025-01-08 01:00:00,11.1,1005.1,96.0,AWS-VAR-052,Varanasi,VAR,center,False,
2025-01-08 02:00:00,10.8,1004.6,97.0,AWS-VAR-052,Varanasi,VAR,center,False,
2025-01-08 03:00:00,10.7,1004.7,97.0,AWS-VAR-052,Varanasi,VAR,center,False,
2025-01-08 04:00:00,11.2,1004.9,96.0,AWS-VAR-052,Varanasi,VAR,center,False,
2025-01-08 05:00:00,11.7,1005.2,95.0,AWS-VAR-052,Varanasi,VAR,center,False,
2025-01-08 06:00:00,11.8,1006.6,89.0,AWS-VAR-052,Varanasi,VAR,center,False,
2025-01-08 07:00:00,11.6,1007.4,86.0,AWS-VAR-052,Varanasi,VAR,center,False,
2025-01-08 08:00:00,21.394597007090688,1008.6829423187544,100.0,AWS-VAR-052,Varanasi,VAR,center,True,multivariate_inconsistency
2025-01-08 09:00:00,22.594597007090687,1009.1902477717225,100.0,AWS-VAR-052,Varanasi,VAR,center,True,multivariate_inconsistency
2025-01-08 10:00:00,23.594597007090687,1008.9972415209663,100.0,AWS-VAR-052,Varanasi,VAR,center,True,multivariate_inconsistency
2025-01-08 11:00:00,16.0,1008.7,66.0,AWS-VAR-052,Varanasi,VAR,center,False,
2025-01-08 12:00:00,16.6,1007.5,65.0,AWS-VAR-052,Varanasi,VAR,center,False,
2025-01-08 13:00:00,17.2,1006.4,64.0,AWS-VAR-052,Varanasi,VAR,center,False,
2025-01-08 14:00:00,17.4,1005.6,64.0,AWS-VAR-052,Varanasi,VAR,center,False,
2025-01-08 15:00:00,17.2,1005.3,64.0,AWS-VAR-052,Varanasi,VAR,center,False,
2025-01-08 16:00:00,16.4,1005.4,67.0,AWS-VAR-052,Varanasi,VAR,center,False,
2025-01-08 17:00:00,14.6,1005.7,72.0,AWS-VAR-052,Varanasi,VAR,center,False,
2025-01-08 18:00:00,13.6,1006.7,78.0,AWS-VAR-052,Varanasi,VAR,center,False,
2025-01-08 19:00:00,12.9,1007.3,79.0,AWS-VAR-052,Varanasi,VAR,center,False,
2025-01-08 20:00:00,12.5,1007.7,81.0,AWS-VAR-052,Varanasi,VAR,center,False,
2025-01-08 21:00:00,12.2,1008.1,82.0,AWS-VAR-052,Varanasi,VAR,center,False,
2025-01-08 22:00:00,11.4,1008.1,86.0,AWS-VAR-052,Varanasi,VAR,center,False,
2025-01-08 23:00:00,10.9,1007.8,88.0,AWS-VAR-052,Varanasi,VAR,center,False,
2025-01-09 00:00:00,11.0,1007.5,89.0,AWS-VAR-052,Varanasi,VAR,center,False,
2025-01-09 01:00:00,10.7,1007.3,91.0,AWS-VAR-052,Varanasi,VAR,center,False,
2025-01-09 02:00:00,10.3,1007.2,93.0,AWS-VAR-052,Varanasi,VAR,center,False,
2025-01-09 03:00:00,10.2,1007.1,93.0,AWS-VAR-052,Varanasi,VAR,center,False,
2025-01-09 04:00:00,10.0,1007.2,93.0,AWS-VAR-052,Varanasi,VAR,center,False,
2025-01-09 05:00:00,9.8,1007.6,93.0,AWS-VAR-052,Varanasi,VAR,center,False,
2025-01-09 06:00:00,10.2,1008.7,93.0,AWS-VAR-052,Varanasi,VAR,center,False,
2025-01-09 07:00:00,10.4,1009.7,93.0,AWS-VAR-052,Varanasi,VAR,center,False,
2025-01-09 08:00:00,12.4,1010.9,88.0,AWS-VAR-052,Varanasi,VAR,center,False,
2025-01-09 09:00:00,15.0,1011.5,77.0,AWS-VAR-052,Varanasi,VAR,center,False,
2025-01-09 10:00:00,16.8,1011.2,68.0,AWS-VAR-052,Varanasi,VAR,center,False,
2025-01-09 11:00:00,17.9,1010.2,63.0,AWS-VAR-052,Varanasi,VAR,center,False,
2025-01-09 12:00:00,18.9,1008.9,57.0,AWS-VAR-052,Varanasi,VAR,center,False,
2025-01-09 13:00:00,19.2,1007.9,57.0,AWS-VAR-052,Varanasi,VAR,center,False,
2025-01-09 14:00:00,19.4,1007.3,57.0,AWS-VAR-052,Varanasi,VAR,center,False,
2025-01-09 15:00:00,19.3,1006.9,57.0,AWS-VAR-052,Varanasi,VAR,center,False,
2025-01-09 16:00:00,18.8,1006.9,62.0,AWS-VAR-052,Varanasi,VAR,center,False,
2025-01-09 17:00:00,16.5,1007.0,73.0,AWS-VAR-052,Varanasi,VAR,center,False,
2025-01-09 18:00:00,20.98996357797997,1000.8307866233145,67.5767085619935,AWS-VAR-052,Varanasi,VAR,center,True,unstructured_anomaly
2025-01-09 19:00:00,20.715880856299513,1001.013096560343,67.10978760083765,AWS-VAR-052,Varanasi,VAR,center,True,unstructured_anomaly
2025-01-09 20:00:00,19.529518061123547,1001.7459229016262,67.29774442969499,AWS-VAR-052,Varanasi,VAR,center,True,unstructured_anomaly
2025-01-09 21:00:00,6.91234734821529,1017.3719979080728,95.0,AWS-VAR-052,Varanasi,VAR,center,True,unstructured_anomaly
2025-01-09 22:00:00,19.160249494151174,1002.4157556973439,67.88786188284736,AWS-VAR-052,Varanasi,VAR,center,True,unstructured_anomaly
2025-01-09 23:00:00,12.3,1010.3,87.0,AWS-VAR-052,Varanasi,VAR,center,False,
2025-01-10 00:00:00,11.4,1009.9,92.0,AWS-VAR-052,Varanasi,VAR,center,False,
2025-01-10 01:00:00,10.9,1009.7,94.0,AWS-VAR-052,Varanasi,VAR,center,False,
2025-01-10 02:00:00,10.7,1009.5,94.0,AWS-VAR-052,Varanasi,VAR,center,False,
2025-01-10 03:00:00,10.2,1009.3,95.0,AWS-VAR-052,Varanasi,VAR,center,False,
2025-01-10 04:00:00,10.2,1009.4,94.0,AWS-VAR-052,Varanasi,VAR,center,False,
2025-01-10 05:00:00,9.8,1009.7,95.0,AWS-VAR-052,Varanasi,VAR,center,False,
2025-01-10 06:00:00,9.1,1010.8,98.0,AWS-VAR-052,Varanasi,VAR,center,False,
2025-01-10 07:00:00,9.5,1011.7,99.0,AWS-VAR-052,Varanasi,VAR,center,False,
2025-01-10 08:00:00,11.5,1012.4,97.0,AWS-VAR-052,Varanasi,VAR,center,False,
2025-01-10 09:00:00,14.8,1013.0,81.0,AWS-VAR-052,Varanasi,VAR,center,False,
2025-01-10 10:00:00,17.2,1012.7,71.0,AWS-VAR-052,Varanasi,VAR,center,False,
2025-01-10 11:00:00,18.4,1011.9,63.0,AWS-VAR-052,Varanasi,VAR,center,False,
2025-01-10 12:00:00,19.1,1010.8,61.0,AWS-VAR-052,Varanasi,VAR,center,False,
2025-01-10 13:00:00,19.4,1009.7,60.0,AWS-VAR-052,Varanasi,VAR,center,False,
2025-01-10 14:00:00,19.6,1008.9,60.0,AWS-VAR-052,Varanasi,VAR,center,False,
2025-01-10 15:00:00,19.4,1008.6,61.0,AWS-VAR-052,Varanasi,VAR,center,False,
2025-01-10 16:00:00,18.5,1008.5,69.0,AWS-VAR-052,Varanasi,VAR,center,False,
2025-01-10 17:00:00,16.3,1008.4,78.0,AWS-VAR-052,Varanasi,VAR,center,False,
2025-01-10 18:00:00,15.6,1008.6,82.0,AWS-VAR-052,Varanasi,VAR,center,False,
2025-01-10 19:00:00,14.5,1009.0,84.0,AWS-VAR-052,Varanasi,VAR,center,False,
2025-01-10 20:00:00,13.9,1009.4,85.0,AWS-VAR-052,Varanasi,VAR,center,False,
2025-01-10 21:00:00,13.4,1009.9,87.0,AWS-VAR-052,Varanasi,VAR,center,False,
2025-01-10 22:00:00,12.6,1010.0,90.0,AWS-VAR-052,Varanasi,VAR,center,False,
2025-01-10 23:00:00,11.7,1009.8,93.0,AWS-VAR-052,Varanasi,VAR,center,False,
2025-01-11 00:00:00,10.9,1009.5,96.0,AWS-VAR-052,Varanasi,VAR,center,False,
2025-01-11 01:00:00,10.5,1009.3,98.0,AWS-VAR-052,Varanasi,VAR,center,False,
2025-01-11 02:00:00,10.4,1008.9,98.0,AWS-VAR-052,Varanasi,VAR,center,False,
2025-01-11 03:00:00,10.0,1008.9,100.0,AWS-VAR-052,Varanasi,VAR,center,False,
2025-01-11 04:00:00,9.3,1009.0,100.0,AWS-VAR-052,Varanasi,VAR,center,False,
2025-01-11 05:00:00,8.6,1009.5,100.0,AWS-VAR-052,Varanasi,VAR,center,False,
2025-01-11 06:00:00,7.7,1010.3,100.0,AWS-VAR-052,Varanasi,VAR,center,False,
2025-01-11 07:00:00,8.7,1010.9,99.0,AWS-VAR-052,Varanasi,VAR,center,False,
2025-01-11 08:00:00,10.5,1012.1,98.0,AWS-VAR-052,Varanasi,VAR,center,False,
2025-01-11 09:00:00,12.3,1012.6,96.0,AWS-VAR-052,Varanasi,VAR,center,False,
2025-01-11 10:00:00,14.8,1012.3,90.0,AWS-VAR-052,Varanasi,VAR,center,False,
2025-01-11 11:00:00,17.7,1010.9,76.0,AWS-VAR-052,Varanasi,VAR,center,False,
2025-01-11 12:00:00,19.3,1009.7,66.0,AWS-VAR-052,Varanasi,VAR,center,False,
2025-01-11 13:00:00,20.2,1008.4,62.0,AWS-VAR-052,Varanasi,VAR,center,False,
2025-01-11 14:00:00,20.7,1007.5,59.0,AWS-VAR-052,Varanasi,VAR,center,False,
2025-01-11 15:00:00,20.7,1006.9,58.0,AWS-VAR-052,Varanasi,VAR,center,False,
2025-01-11 16:00:00,19.5,1006.6,69.0,AWS-VAR-052,Varanasi,VAR,center,False,
2025-01-11 17:00:00,17.3,1006.7,79.0,AWS-VAR-052,Varanasi,VAR,center,False,
2025-01-11 18:00:00,16.6,1006.6,82.0,AWS-VAR-052,Varanasi,VAR,center,False,
2025-01-11 19:00:00,15.7,1007.1,84.0,AWS-VAR-052,Varanasi,VAR,center,False,
2025-01-11 20:00:00,15.1,1007.7,85.0,AWS-VAR-052,Varanasi,VAR,center,False,
2025-01-11 21:00:00,14.5,1008.2,87.0,AWS-VAR-052,Varanasi,VAR,center,False,
2025-01-11 22:00:00,13.9,1008.6,89.0,AWS-VAR-052,Varanasi,VAR,center,False,
2025-01-11 23:00:00,13.4,1008.5,91.0,AWS-VAR-052,Varanasi,VAR,center,False,
2025-01-12 00:00:00,13.1,1008.3,92.0,AWS-VAR-052,Varanasi,VAR,center,False,
2025-01-12 01:00:00,12.9,1008.1,92.0,AWS-VAR-052,Varanasi,VAR,center,False,
2025-01-12 02:00:00,12.7,1008.0,91.0,AWS-VAR-052,Varanasi,VAR,center,False,
2025-01-12 03:00:00,12.4,1007.5,92.0,AWS-VAR-052,Varanasi,VAR,center,False,
2025-01-12 04:00:00,12.3,1007.4,92.0,AWS-VAR-052,Varanasi,VAR,center,False,
2025-01-12 05:00:00,12.3,1007.3,92.0,AWS-VAR-052,Varanasi,VAR,center,False,
2025-01-12 06:00:00,12.6,1008.1,92.0,AWS-VAR-052,Varanasi,VAR,center,False,
2025-01-12 07:00:00,13.1,1008.7,92.0,AWS-VAR-052,Varanasi,VAR,center,False,
2025-01-12 08:00:00,14.9,1009.4,88.0,AWS-VAR-052,Varanasi,VAR,center,False,
2025-01-12 09:00:00,17.2,1009.8,82.0,AWS-VAR-052,Varanasi,VAR,center,False,
2025-01-12 10:00:00,19.6,1009.6,75.0,AWS-VAR-052,Varanasi,VAR,center,False,
2025-01-12 11:00:00,21.7,1008.3,67.0,AWS-VAR-052,Varanasi,VAR,center,False,
2025-01-12 12:00:00,23.2,1007.3,62.0,AWS-VAR-052,Varanasi,VAR,center,False,
2025-01-12 13:00:00,23.8,1006.3,61.0,AWS-VAR-052,Varanasi,VAR,center,False,
2025-01-12 14:00:00,23.5,1005.6,64.0,AWS-VAR-052,Varanasi,VAR,center,False,
2025-01-12 15:00:00,22.7,1005.5,67.0,AWS-VAR-052,Varanasi,VAR,center,False,
2025-01-12 16:00:00,21.1,1006.0,77.0,AWS-VAR-052,Varanasi,VAR,center,False,
2025-01-12 17:00:00,19.4,1006.7,84.0,AWS-VAR-052,Varanasi,VAR,center,False,
2025-01-12 18:00:00,17.7,1007.1,89.0,AWS-VAR-052,Varanasi,VAR,center,False,
2025-01-12 19:00:00,17.4,1007.2,90.0,AWS-VAR-052,Varanasi,VAR,center,False,
2025-01-12 20:00:00,17.1,1008.0,92.0,AWS-VAR-052,Varanasi,VAR,center,False,
2025-01-12 21:00:00,16.9,1007.9,94.0,AWS-VAR-052,Varanasi,VAR,center,False,
2025-01-12 22:00:00,16.1,1008.1,95.0,AWS-VAR-052,Varanasi,VAR,center,False,
2025-01-12 23:00:00,15.3,1007.9,97.0,AWS-VAR-052,Varanasi,VAR,center,False,
2025-01-13 00:00:00,14.7,1007.4,97.0,AWS-VAR-052,Varanasi,VAR,center,False,
2025-01-13 01:00:00,14.1,1007.2,98.0,AWS-VAR-052,Varanasi,VAR,center,False,
2025-01-13 02:00:00,13.4,1006.7,99.0,AWS-VAR-052,Varanasi,VAR,center,False,
2025-01-13 03:00:00,12.9,1006.7,100.0,AWS-VAR-052,Varanasi,VAR,center,False,
2025-01-13 04:00:00,12.5,1006.8,100.0,AWS-VAR-052,Varanasi,VAR,center,False,
2025-01-13 05:00:00,12.3,1007.2,100.0,AWS-VAR-052,Varanasi,VAR,center,False,
2025-01-13 06:00:00,13.1,1008.2,99.0,AWS-VAR-052,Varanasi,VAR,center,False,
2025-01-13 07:00:00,13.2,1008.9,98.0,AWS-VAR-052,Varanasi,VAR,center,False,
2025-01-13 08:00:00,13.4,1009.5,97.0,AWS-VAR-052,Varanasi,VAR,center,False,
2025-01-13 09:00:00,14.7,1010.0,91.0,AWS-VAR-052,Varanasi,VAR,center,False,
2025-01-13 10:00:00,17.0,1009.5,82.0,AWS-VAR-052,Varanasi,VAR,center,False,
2025-01-13 11:00:00,18.8,1008.6,75.0,AWS-VAR-052,Varanasi,VAR,center,False,
2025-01-13 12:00:00,19.9,1007.3,70.0,AWS-VAR-052,Varanasi,VAR,center,False,
2025-01-13 13:00:00,20.6,1006.0,67.0,AWS-VAR-052,Varanasi,VAR,center,False,
2025-01-13 14:00:00,20.9,1005.3,67.0,AWS-VAR-052,Varanasi,VAR,center,False,
2025-01-13 15:00:00,20.7,1005.1,69.0,AWS-VAR-052,Varanasi,VAR,center,False,
2025-01-13 16:00:00,19.9,1005.2,74.0,AWS-VAR-052,Varanasi,VAR,center,False,
2025-01-13 17:00:00,25.591827779035597,1005.7835815839177,100.0,AWS-VAR-052,Varanasi,VAR,center,True,multivariate_inconsistency
2025-01-13 18:00:00,24.491827779035596,1005.8347636899546,100.0,AWS-VAR-052,Varanasi,VAR,center,True,multivariate_inconsistency
2025-01-13 19:00:00,23.991827779035596,1007.0904777728202,100.0,AWS-VAR-052,Varanasi,VAR,center,True,multivariate_inconsistency
2025-01-13 20:00:00,23.691827779035595,1007.0407292965982,100.0,AWS-VAR-052,Varanasi,VAR,center,True,multivariate_inconsistency
2025-01-13 21:00:00,15.7,1007.7,89.0,AWS-VAR-052,Varanasi,VAR,center,False,
2025-01-13 22:00:00,15.1,1007.8,91.0,AWS-VAR-052,Varanasi,VAR,center,False,
2025-01-13 23:00:00,14.6,1007.7,92.0,AWS-VAR-052,Varanasi,VAR,center,False,
2025-01-14 00:00:00,13.7,1007.5,94.0,AWS-VAR-052,Varanasi,VAR,center,False,
2025-01-14 01:00:00,12.9,1007.6,96.0,AWS-VAR-052,Varanasi,VAR,center,False,
2025-01-14 02:00:00,12.5,1007.3,96.0,AWS-VAR-052,Varanasi,VAR,center,False,
2025-01-14 03:00:00,12.0,1007.1,97.0,AWS-VAR-052,Varanasi,VAR,center,False,
2025-01-14 04:00:00,11.7,1007.3,98.0,AWS-VAR-052,Varanasi,VAR,center,False,
2025-01-14 05:00:00,11.4,1008.0,97.0,AWS-VAR-052,Varanasi,VAR,center,False,
2025-01-14 06:00:00,12.2,1009.1,99.0,AWS-VAR-052,Varanasi,VAR,center,False,
2025-01-14 07:00:00,12.1,1010.1,99.0,AWS-VAR-052,Varanasi,VAR,center,False,
2025-01-14 08:00:00,12.9,1011.2,97.0,AWS-VAR-052,Varanasi,VAR,center,False,
2025-01-14 09:00:00,14.9,1012.1,90.0,AWS-VAR-052,Varanasi,VAR,center,False,
2025-01-14 10:00:00,17.3,1012.4,83.0,AWS-VAR-052,Varanasi,VAR,center,True,drift
2025-01-14 11:00:00,19.3,1011.6,73.93473624412874,AWS-VAR-052,Varanasi,VAR,center,True,drift
2025-01-14 12:00:00,20.4,1010.1,63.77605037030373,AWS-VAR-052,Varanasi,VAR,center,True,drift
2025-01-14 13:00:00,21.0,1008.9,58.537782969604855,AWS-VAR-052,Varanasi,VAR,center,True,drift
2025-01-14 14:00:00,21.2,1008.0,56.22628635260136,AWS-VAR-052,Varanasi,VAR,center,True,drift
2025-01-14 15:00:00,21.0,1007.8,55.84567997800582,AWS-VAR-052,Varanasi,VAR,center,True,drift
2025-01-14 16:00:00,20.3,1007.7,62.398977712245134,AWS-VAR-052,Varanasi,VAR,center,True,drift
2025-01-14 17:00:00,18.3,1008.2,71.8885361709522,AWS-VAR-052,Varanasi,VAR,center,True,drift
2025-01-14 18:00:00,16.4,1009.2,75.31627845543696,AWS-VAR-052,Varanasi,VAR,center,True,drift
2025-01-14 19:00:00,15.8,1009.8,75.68382152915092,AWS-VAR-052,Varanasi,VAR,center,True,drift
2025-01-14 20:00:00,14.9,1010.2,77.9925554039611,AWS-VAR-052,Varanasi,VAR,center,True,drift
2025-01-14 21:00:00,13.7,1010.5,82.24369559318507,AWS-VAR-052,Varanasi,VAR,center,True,drift
2025-01-14 22:00:00,12.8,1010.5,85.43831957027291,AWS-VAR-052,Varanasi,VAR,center,True,drift
2025-01-14 23:00:00,12.0,1010.4,87.57739308838805,AWS-VAR-052,Varanasi,VAR,center,True,drift
2025-01-15 00:00:00,11.6,1010.0,89.6617897712544,AWS-VAR-052,Varanasi,VAR,center,True,drift
2025-01-15 01:00:00,11.4,1010.0,89.69230606895367,AWS-VAR-052,Varanasi,VAR,center,True,drift
2025-01-15 02:00:00,11.0,1009.4,90.669672920537,AWS-VAR-052,Varanasi,VAR,center,True,drift
2025-01-15 03:00:00,10.7,1009.4,89.59456501489534,AWS-VAR-052,Varanasi,VAR,center,True,drift
2025-01-15 04:00:00,10.2,1009.6,88.46760826039994,AWS-VAR-052,Varanasi,VAR,center,True,drift
2025-01-15 05:00:00,9.2,1010.2,87.28938589250039,AWS-VAR-052,Varanasi,VAR,center,True,drift
2025-01-15 06:00:00,10.5,1011.5,86.06044352792826,AWS-VAR-052,Varanasi,VAR,center,True,drift
2025-01-15 07:00:00,10.9,1012.2,83.7812933919362,AWS-VAR-052,Varanasi,VAR,center,True,drift
2025-01-15 08:00:00,12.2,1013.1,82.45241788764054,AWS-VAR-052,Varanasi,VAR,center,True,drift
2025-01-15 09:00:00,14.4,1013.6,79.07427263570284,AWS-VAR-052,Varanasi,VAR,center,True,drift
2025-01-15 10:00:00,16.9,1013.2,65.64728908299645,AWS-VAR-052,Varanasi,VAR,center,True,drift
2025-01-15 11:00:00,19.2,1011.8,50.171876757112145,AWS-VAR-052,Varanasi,VAR,center,True,drift
2025-01-15 12:00:00,20.3,1010.1,63.0,AWS-VAR-052,Varanasi,VAR,center,False,
2025-01-15 13:00:00,20.9,1009.0,59.0,AWS-VAR-052,Varanasi,VAR,center,False,
2025-01-15 14:00:00,21.1,1008.4,56.0,AWS-VAR-052,Varanasi,VAR,center,False,
2025-01-15 15:00:00,20.9,1007.9,57.0,AWS-VAR-052,Varanasi,VAR,center,False,
2025-01-15 16:00:00,19.9,1007.6,66.0,AWS-VAR-052,Varanasi,VAR,center,False,
2025-01-15 17:00:00,17.4,1007.7,78.0,AWS-VAR-052,Varanasi,VAR,center,False,
2025-01-15 18:00:00,15.3,1009.6,81.0,AWS-VAR-052,Varanasi,VAR,center,False,
2025-01-15 19:00:00,14.2,1009.7,84.0,AWS-VAR-052,Varanasi,VAR,center,False,
2025-01-15 20:00:00,13.1,1010.0,86.0,AWS-VAR-052,Varanasi,VAR,center,False,
2025-01-15 21:00:00,12.5,1009.8,86.0,AWS-VAR-052,Varanasi,VAR,center,False,
2025-01-15 22:00:00,12.0,1010.0,88.0,AWS-VAR-052,Varanasi,VAR,center,False,
2025-01-15 23:00:00,11.4,1009.5,92.0,AWS-VAR-052,Varanasi,VAR,center,False,
2025-01-16 00:00:00,11.0,1009.2,94.0,AWS-VAR-052,Varanasi,VAR,center,False,
2025-01-16 01:00:00,10.7,1009.1,96.0,AWS-VAR-052,Varanasi,VAR,center,False,
2025-01-16 02:00:00,10.4,1008.7,97.0,AWS-VAR-052,Varanasi,VAR,center,False,
2025-01-16 03:00:00,16.550405681712313,1000.1046067285764,82.27939929621016,AWS-VAR-052,Varanasi,VAR,center,True,unstructured_anomaly
2025-01-16 04:00:00,5.0,1016.7561699369402,95.0,AWS-VAR-052,Varanasi,VAR,center,True,unstructured_anomaly
2025-01-16 05:00:00,15.38725364980529,1001.6250548654698,95.0,AWS-VAR-052,Varanasi,VAR,center,True,unstructured_anomaly
2025-01-16 06:00:00,5.0,1016.4166263540767,95.0,AWS-VAR-052,Varanasi,VAR,center,True,unstructured_anomaly
2025-01-16 07:00:00,10.1,1010.6,100.0,AWS-VAR-052,Varanasi,VAR,center,False,
2025-01-16 08:00:00,11.4,1011.3,99.0,AWS-VAR-052,Varanasi,VAR,center,False,
2025-01-16 09:00:00,13.5,1012.3,94.0,AWS-VAR-052,Varanasi,VAR,center,False,
2025-01-16 10:00:00,16.2,1012.1,81.0,AWS-VAR-052,Varanasi,VAR,center,False,
2025-01-16 11:00:00,17.8,1010.9,71.0,AWS-VAR-052,Varanasi,VAR,center,False,
2025-01-16 12:00:00,19.0,1009.5,64.0,AWS-VAR-052,Varanasi,VAR,center,False,
2025-01-16 13:00:00,19.8,1008.6,62.0,AWS-VAR-052,Varanasi,VAR,center,False,
2025-01-16 14:00:00,20.2,1008.0,61.0,AWS-VAR-052,Varanasi,VAR,center,False,
2025-01-16 15:00:00,20.1,1007.8,61.0,AWS-VAR-052,Varanasi,VAR,center,False,
2025-01-16 16:00:00,19.3,1008.0,68.0,AWS-VAR-052,Varanasi,VAR,center,False,
2025-01-16 17:00:00,17.4,1008.4,76.0,AWS-VAR-052,Varanasi,VAR,center,False,
2025-01-16 18:00:00,15.9,1009.9,82.0,AWS-VAR-052,Varanasi,VAR,center,False,
2025-01-16 19:00:00,15.1,1010.3,82.0,AWS-VAR-052,Varanasi,VAR,center,False,
2025-01-16 20:00:00,14.5,1010.3,85.0,AWS-VAR-052,Varanasi,VAR,center,False,
2025-01-16 21:00:00,14.0,1010.5,88.0,AWS-VAR-052,Varanasi,VAR,center,False,
2025-01-16 22:00:00,13.6,1010.7,90.0,AWS-VAR-052,Varanasi,VAR,center,False,
2025-01-16 23:00:00,13.0,1010.4,92.0,AWS-VAR-052,Varanasi,VAR,center,False,
2025-01-17 00:00:00,12.2,1010.1,94.0,AWS-VAR-052,Varanasi,VAR,center,False,
2025-01-17 01:00:00,11.9,1009.8,95.0,AWS-VAR-052,Varanasi,VAR,center,False,
2025-01-17 02:00:00,11.4,1009.2,97.0,AWS-VAR-052,Varanasi,VAR,center,False,
2025-01-17 03:00:00,11.2,1008.6,97.0,AWS-VAR-052,Varanasi,VAR,center,False,
2025-01-17 04:00:00,11.0,1008.5,98.0,AWS-VAR-052,Varanasi,VAR,center,False,
2025-01-17 05:00:00,11.0,1009.0,98.0,AWS-VAR-052,Varanasi,VAR,center,False,
2025-01-17 06:00:00,11.3,1010.1,99.0,AWS-VAR-052,Varanasi,VAR,center,False,
2025-01-17 07:00:00,11.8,1011.0,98.0,AWS-VAR-052,Varanasi,VAR,center,False,
2025-01-17 08:00:00,13.2,1011.0,94.0,AWS-VAR-052,Varanasi,VAR,center,False,
2025-01-17 09:00:00,15.0,1011.3,88.0,AWS-VAR-052,Varanasi,VAR,center,False,
2025-01-17 10:00:00,16.8,1011.2,81.0,AWS-VAR-052,Varanasi,VAR,center,False,
2025-01-17 11:00:00,18.5,1010.1,76.0,AWS-VAR-052,Varanasi,VAR,center,False,
2025-01-17 12:00:00,19.8,1008.9,68.0,AWS-VAR-052,Varanasi,VAR,center,False,
2025-01-17 13:00:00,20.6,1007.7,63.0,AWS-VAR-052,Varanasi,VAR,center,False,
2025-01-17 14:00:00,21.1,1006.7,58.0,AWS-VAR-052,Varanasi,VAR,center,False,
2025-01-17 15:00:00,21.1,1006.3,58.0,AWS-VAR-052,Varanasi,VAR,center,False,
2025-01-17 16:00:00,20.1,1006.4,68.0,AWS-VAR-052,Varanasi,VAR,center,False,
2025-01-17 17:00:00,18.1,1006.5,77.0,AWS-VAR-052,Varanasi,VAR,center,False,
2025-01-17 18:00:00,16.9,1007.1,78.0,AWS-VAR-052,Varanasi,VAR,center,False,
2025-01-17 19:00:00,16.4,1007.5,79.0,AWS-VAR-052,Varanasi,VAR,center,False,
2025-01-17 20:00:00,15.7,1008.2,82.0,AWS-VAR-052,Varanasi,VAR,center,False,
2025-01-17 21:00:00,14.9,1008.5,84.0,AWS-VAR-052,Varanasi,VAR,center,False,
2025-01-17 22:00:00,14.3,1008.9,86.0,AWS-VAR-052,Varanasi,VAR,center,False,
2025-01-17 23:00:00,13.7,1008.7,87.0,AWS-VAR-052,Varanasi,VAR,center,False,
2025-01-18 00:00:00,13.2,1008.3,88.0,AWS-VAR-052,Varanasi,VAR,center,False,
2025-01-18 01:00:00,12.7,1008.0,90.0,AWS-VAR-052,Varanasi,VAR,center,True,frozen_value
2025-01-18 02:00:00,12.675331481279892,1007.6,91.0,AWS-VAR-052,Varanasi,VAR,center,True,frozen_value
2025-01-18 03:00:00,12.67960954714954,1007.4,92.0,AWS-VAR-052,Varanasi,VAR,center,True,frozen_value
2025-01-18 04:00:00,12.595881564205413,1007.5,93.0,AWS-VAR-052,Varanasi,VAR,center,True,frozen_value
2025-01-18 05:00:00,12.60200060681504,1007.5,94.0,AWS-VAR-052,Varanasi,VAR,center,True,frozen_value
2025-01-18 06:00:00,12.625884373387985,1008.3,96.0,AWS-VAR-052,Varanasi,VAR,center,True,frozen_value
2025-01-18 07:00:00,12.683046228677615,1009.2,97.0,AWS-VAR-052,Varanasi,VAR,center,True,frozen_value
2025-01-18 08:00:00,12.626029546323938,1010.2,93.0,AWS-VAR-052,Varanasi,VAR,center,True,frozen_value
2025-01-18 09:00:00,15.5,1011.0,86.0,AWS-VAR-052,Varanasi,VAR,center,False,
2025-01-18 10:00:00,17.7,1011.0,76.0,AWS-VAR-052,Varanasi,VAR,center,False,
2025-01-18 11:00:00,19.3,1010.1,67.0,AWS-VAR-052,Varanasi,VAR,center,False,
2025-01-18 12:00:00,20.2,1008.8,62.0,AWS-VAR-052,Varanasi,VAR,center,False,
2025-01-18 13:00:00,20.8,1007.4,60.0,AWS-VAR-052,Varanasi,VAR,center,False,
2025-01-18 14:00:00,20.9,1006.4,59.0,AWS-VAR-052,Varanasi,VAR,center,False,
2025-01-18 15:00:00,20.6,1005.9,60.0,AWS-VAR-052,Varanasi,VAR,center,False,
2025-01-18 16:00:00,19.6,1005.9,67.0,AWS-VAR-052,Varanasi,VAR,center,False,
2025-01-18 17:00:00,17.7,1005.8,76.0,AWS-VAR-052,Varanasi,VAR,center,False,
2025-01-18 18:00:00,16.9,1006.6,77.0,AWS-VAR-052,Varanasi,VAR,center,False,
2025-01-18 19:00:00,16.1,1007.1,77.0,AWS-VAR-052,Varanasi,VAR,center,False,
2025-01-18 20:00:00,15.5,1007.3,79.0,AWS-VAR-052,Varanasi,VAR,center,False,
2025-01-18 21:00:00,14.6,1007.4,82.0,AWS-VAR-052,Varanasi,VAR,center,False,
2025-01-18 22:00:00,13.9,1007.5,85.0,AWS-VAR-052,Varanasi,VAR,center,False,
2025-01-18 23:00:00,13.1,1007.4,88.0,AWS-VAR-052,Varanasi,VAR,center,False,
2025-01-19 00:00:00,12.4,1007.0,90.0,AWS-VAR-052,Varanasi,VAR,center,False,
2025-01-19 01:00:00,12.0,1006.9,91.0,AWS-VAR-052,Varanasi,VAR,center,False,
2025-01-19 02:00:00,11.4,1006.4,92.0,AWS-VAR-052,Varanasi,VAR,center,False,
2025-01-19 03:00:00,5.252752359637712,1013.9015483151715,95.0,AWS-VAR-052,Varanasi,VAR,center,True,unstructured_anomaly
2025-01-19 04:00:00,5.0,1013.7443362206789,79.4015987944109,AWS-VAR-052,Varanasi,VAR,center,True,unstructured_anomaly
2025-01-19 05:00:00,16.54698286095971,999.263334662584,78.3316155508177,AWS-VAR-052,Varanasi,VAR,center,True,unstructured_anomaly
2025-01-19 06:00:00,5.0,1015.2209778076285,80.78969880187128,AWS-VAR-052,Varanasi,VAR,center,True,unstructured_anomaly
2025-01-19 07:00:00,10.1,1008.7,97.0,AWS-VAR-052,Varanasi,VAR,center,False,
2025-01-19 08:00:00,11.9,1009.4,94.0,AWS-VAR-052,Varanasi,VAR,center,False,
2025-01-19 09:00:00,14.2,1009.6,86.0,AWS-VAR-052,Varanasi,VAR,center,False,
2025-01-19 10:00:00,16.5,1009.4,77.0,AWS-VAR-052,Varanasi,VAR,center,False,
2025-01-19 11:00:00,18.3,1008.6,70.0,AWS-VAR-052,Varanasi,VAR,center,False,
2025-01-19 12:00:00,19.5,1007.4,65.0,AWS-VAR-052,Varanasi,VAR,center,False,
2025-01-19 13:00:00,20.3,1006.2,59.0,AWS-VAR-052,Varanasi,VAR,center,False,
2025-01-19 14:00:00,20.6,1005.2,56.0,AWS-VAR-052,Varanasi,VAR,center,False,
2025-01-19 15:00:00,20.3,1004.6,55.0,AWS-VAR-052,Varanasi,VAR,center,False,
2025-01-19 16:00:00,19.4,1004.3,62.0,AWS-VAR-052,Varanasi,VAR,center,False,
2025-01-19 17:00:00,17.7,1004.0,70.0,AWS-VAR-052,Varanasi,VAR,center,False,
2025-01-19 18:00:00,16.3,1004.7,74.0,AWS-VAR-052,Varanasi,VAR,center,False,
2025-01-19 19:00:00,15.7,1005.1,75.0,AWS-VAR-052,Varanasi,VAR,center,False,
2025-01-19 20:00:00,15.3,1005.4,74.0,AWS-VAR-052,Varanasi,VAR,center,False,
2025-01-19 21:00:00,15.0,1005.6,74.0,AWS-VAR-052,Varanasi,VAR,center,False,
2025-01-19 22:00:00,14.6,1005.5,77.0,AWS-VAR-052,Varanasi,VAR,center,False,
2025-01-19 23:00:00,14.2,1005.1,80.0,AWS-VAR-052,Varanasi,VAR,center,False,
2025-01-20 00:00:00,13.9,1004.6,82.0,AWS-VAR-052,Varanasi,VAR,center,False,
2025-01-20 01:00:00,13.6,1004.2,83.0,AWS-VAR-052,Varanasi,VAR,center,False,
2025-01-20 02:00:00,13.4,1003.8,85.0,AWS-VAR-052,Varanasi,VAR,center,False,
2025-01-20 03:00:00,13.2,1003.5,87.0,AWS-VAR-052,Varanasi,VAR,center,False,
2025-01-20 04:00:00,13.1,1003.1,88.0,AWS-VAR-052,Varanasi,VAR,center,False,
2025-01-20 05:00:00,13.0,1003.5,89.0,AWS-VAR-052,Varanasi,VAR,center,False,
2025-01-20 06:00:00,12.4,1004.5,91.0,AWS-VAR-052,Varanasi,VAR,center,False,
2025-01-20 07:00:00,13.1,1005.3,90.0,AWS-VAR-052,Varanasi,VAR,center,False,
2025-01-20 08:00:00,15.0,1005.9,86.0,AWS-VAR-052,Varanasi,VAR,center,False,
2025-01-20 09:00:00,17.5,1006.6,80.0,AWS-VAR-052,Varanasi,VAR,center,False,
2025-01-20 10:00:00,19.8,1006.5,75.0,AWS-VAR-052,Varanasi,VAR,center,False,
2025-01-20 11:00:00,21.6,1005.7,71.0,AWS-VAR-052,Varanasi,VAR,center,False,
2025-01-20 12:00:00,22.9,1004.7,67.0,AWS-VAR-052,Varanasi,VAR,center,False,
2025-01-20 13:00:00,23.8,1003.7,65.0,AWS-VAR-052,Varanasi,VAR,center,False,
2025-01-20 14:00:00,24.1,1002.8,63.0,AWS-VAR-052,Varanasi,VAR,center,False,
2025-01-20 15:00:00,24.0,1002.2,63.0,AWS-VAR-052,Varanasi,VAR,center,False,
2025-01-20 16:00:00,23.0,1002.1,69.0,AWS-VAR-052,Varanasi,VAR,center,False,
2025-01-20 17:00:00,21.0,1002.1,75.0,AWS-VAR-052,Varanasi,VAR,center,False,
2025-01-20 18:00:00,20.2,1002.6,78.0,AWS-VAR-052,Varanasi,VAR,center,False,
2025-01-20 19:00:00,19.4,1003.1,80.0,AWS-VAR-052,Varanasi,VAR,center,False,
2025-01-20 20:00:00,18.9,1003.5,80.0,AWS-VAR-052,Varanasi,VAR,center,False,
2025-01-20 21:00:00,18.4,1003.7,79.0,AWS-VAR-052,Varanasi,VAR,center,False,
2025-01-20 22:00:00,18.0,1003.7,79.0,AWS-VAR-052,Varanasi,VAR,center,False,
2025-01-20 23:00:00,17.4,1003.3,80.0,AWS-VAR-052,Varanasi,VAR,center,False,
2025-01-21 00:00:00,16.8,1002.9,82.0,AWS-VAR-052,Varanasi,VAR,center,False,
2025-01-21 01:00:00,16.1,1002.6,85.0,AWS-VAR-052,Varanasi,VAR,center,False,
2025-01-21 02:00:00,15.6,1002.2,88.0,AWS-VAR-052,Varanasi,VAR,center,False,
2025-01-21 03:00:00,15.2,1002.1,92.0,AWS-VAR-052,Varanasi,VAR,center,False,
2025-01-21 04:00:00,15.1,1002.1,93.0,AWS-VAR-052,Varanasi,VAR,center,False,
2025-01-21 05:00:00,14.9,1002.2,94.0,AWS-VAR-052,Varanasi,VAR,center,False,
2025-01-21 06:00:00,14.1,1003.5,96.0,AWS-VAR-052,Varanasi,VAR,center,False,
2025-01-21 07:00:00,14.4,1004.1,96.0,AWS-VAR-052,Varanasi,VAR,center,False,
2025-01-21 08:00:00,9.188247138811791,1012.1228002931844,75.91556455744227,AWS-VAR-052,Varanasi,VAR,center,True,unstructured_anomaly
2025-01-21 09:00:00,11.888907307148719,1013.6346329913356,95.0,AWS-VAR-052,Varanasi,VAR,center,True,unstructured_anomaly
2025-01-21 10:00:00,13.002334787578896,1013.9431394551349,59.36131784816069,AWS-VAR-052,Varanasi,VAR,center,True,unstructured_anomaly
2025-01-21 11:00:00,27.731228919170004,997.5091486125922,85.1545375115594,AWS-VAR-052,Varanasi,VAR,center,True,unstructured_anomaly
2025-01-21 12:00:00,15.982553122316345,1010.5406222031507,50.51109204443273,AWS-VAR-052,Varanasi,VAR,center,True,unstructured_anomaly
2025-01-21 13:00:00,17.08106639588384,1009.0487210589181,81.42438831379246,AWS-VAR-052,Varanasi,VAR,center,True,unstructured_anomaly
2025-01-21 14:00:00,16.759422454046216,1009.8707638004946,79.12639998402153,AWS-VAR-052,Varanasi,VAR,center,True,unstructured_anomaly
2025-01-21 15:00:00,23.7,1001.5,60.0,AWS-VAR-052,Varanasi,VAR,center,False,
2025-01-21 16:00:00,22.7,1001.5,65.0,AWS-VAR-052,Varanasi,VAR,center,False,
2025-01-21 17:00:00,20.8,1001.3,69.0,AWS-VAR-052,Varanasi,VAR,center,False,
2025-01-21 18:00:00,19.9,1002.1,72.0,AWS-VAR-052,Varanasi,VAR,center,True,drift
2025-01-21 19:00:00,19.1,1002.7,73.9212431027068,AWS-VAR-052,Varanasi,VAR,center,True,drift
2025-01-21 20:00:00,18.3,1003.4,76.78097386087545,AWS-VAR-052,Varanasi,VAR,center,True,drift
2025-01-21 21:00:00,17.6,1003.7,80.60109303614566,AWS-VAR-052,Varanasi,VAR,center,True,drift
2025-01-21 22:00:00,17.1,1003.8,84.38933648770296,AWS-VAR-052,Varanasi,VAR,center,True,drift
2025-01-21 23:00:00,16.7,1003.5,86.15015547218486,AWS-VAR-052,Varanasi,VAR,center,True,drift
2025-01-22 00:00:00,16.1,1003.2,87.88654412185333,AWS-VAR-052,Varanasi,VAR,center,True,drift
2025-01-22 01:00:00,15.6,1002.9,88.60069525374938,AWS-VAR-052,Varanasi,VAR,center,True,drift
2025-01-22 02:00:00,15.0,1002.5,90.29430453939105,AWS-VAR-052,Varanasi,VAR,center,True,drift
2025-01-22 03:00:00,14.4,1002.5,90.96873393732533,AWS-VAR-052,Varanasi,VAR,center,True,drift
2025-01-22 04:00:00,14.0,1002.5,91.62510851606257,AWS-VAR-052,Varanasi,VAR,center,True,drift
2025-01-22 05:00:00,13.6,1003.0,91.2643779887041,AWS-VAR-052,Varanasi,VAR,center,True,drift
2025-01-22 06:00:00,13.3,1004.1,92.88735795669723,AWS-VAR-052,Varanasi,VAR,center,True,drift
2025-01-22 07:00:00,13.5,1004.6,93.49475873303258,AWS-VAR-052,Varanasi,VAR,center,True,drift
2025-01-22 08:00:00,15.3,1005.6,89.08720617667151,AWS-VAR-052,Varanasi,VAR,center,True,drift
2025-01-22 09:00:00,17.7,1006.3,81.66525717778035,AWS-VAR-052,Varanasi,VAR,center,True,drift
2025-01-22 10:00:00,20.0,1006.1,71.2294114396392,AWS-VAR-052,Varanasi,VAR,center,True,drift
2025-01-22 11:00:00,22.0,1005.4,61.78012062344579,AWS-VAR-052,Varanasi,VAR,center,True,drift
2025-01-22 12:00:00,23.3,1004.2,53.31779556945166,AWS-VAR-052,Varanasi,VAR,center,True,drift
2025-01-22 13:00:00,24.1,1003.1,47.84281208526613,AWS-VAR-052,Varanasi,VAR,center,True,drift
2025-01-22 14:00:00,24.3,1002.4,45.35551564726757,AWS-VAR-052,Varanasi,VAR,center,True,drift
2025-01-22 15:00:00,24.1,1001.9,47.8562252641567,AWS-VAR-052,Varanasi,VAR,center,True,drift
2025-01-22 16:00:00,23.0,1001.8,59.345236685315605,AWS-VAR-052,Varanasi,VAR,center,True,drift
2025-01-22 17:00:00,20.7,1001.7,65.82282509020843,AWS-VAR-052,Varanasi,VAR,center,True,drift
2025-01-22 18:00:00,19.0,1002.7,73.28924736196382,AWS-VAR-052,Varanasi,VAR,center,True,drift
2025-01-22 19:00:00,17.9,1003.3,76.74474402428521,AWS-VAR-052,Varanasi,VAR,center,True,drift
2025-01-22 20:00:00,17.3,1003.9,76.1895409031702,AWS-VAR-052,Varanasi,VAR,center,True,drift
2025-01-22 21:00:00,16.8,1004.3,75.6238505617334,AWS-VAR-052,Varanasi,VAR,center,True,drift
2025-01-22 22:00:00,16.0,1004.5,78.04787354645863,AWS-VAR-052,Varanasi,VAR,center,True,drift
2025-01-22 23:00:00,15.1,1004.3,80.46179947558005,AWS-VAR-052,Varanasi,VAR,center,True,drift
2025-01-23 00:00:00,14.4,1004.1,80.86580799439815,AWS-VAR-052,Varanasi,VAR,center,True,drift
2025-01-23 01:00:00,13.8,1003.9,82.26006961773332,AWS-VAR-052,Varanasi,VAR,center,True,drift
2025-01-23 02:00:00,13.1,1003.3,84.64474647609399,AWS-VAR-052,Varanasi,VAR,center,True,drift
2025-01-23 03:00:00,12.5,1002.9,85.01999297925528,AWS-VAR-052,Varanasi,VAR,center,True,drift
2025-01-23 04:00:00,12.2,1002.9,85.38595640863605,AWS-VAR-052,Varanasi,VAR,center,True,drift
2025-01-23 05:00:00,11.9,1003.4,84.74277744800055,AWS-VAR-052,Varanasi,VAR,center,True,drift
2025-01-23 06:00:00,11.6,1004.5,84.09059066049889,AWS-VAR-052,Varanasi,VAR,center,True,drift
2025-01-23 07:00:00,12.2,1005.1,82.4295249188228,AWS-VAR-052,Varanasi,VAR,center,True,drift
2025-01-23 08:00:00,14.3,1006.1,81.75970379423734,AWS-VAR-052,Varanasi,VAR,center,True,drift
2025-01-23 09:00:00,17.0,1006.6,96.0,AWS-VAR-052,Varanasi,VAR,center,False,
2025-01-23 10:00:00,20.6,1006.7,78.0,AWS-VAR-052,Varanasi,VAR,center,False,
2025-01-23 11:00:00,22.7,1005.8,64.0,AWS-VAR-052,Varanasi,VAR,center,False,
2025-01-23 12:00:00,24.0,1004.4,57.0,AWS-VAR-052,Varanasi,VAR,center,False,
2025-01-23 13:00:00,24.7,1003.3,55.0,AWS-VAR-052,Varanasi,VAR,center,False,
2025-01-23 14:00:00,24.9,1002.5,55.0,AWS-VAR-052,Varanasi,VAR,center,False,
2025-01-23 15:00:00,24.6,,58.0,AWS-VAR-052,Varanasi,VAR,center,True,dropout
2025-01-23 16:00:00,23.6,1002.0,67.0,AWS-VAR-052,Varanasi,VAR,center,False,
2025-01-23 17:00:00,21.3,1002.3,77.0,AWS-VAR-052,Varanasi,VAR,center,False,
2025-01-23 18:00:00,19.6,1003.2,82.0,AWS-VAR-052,Varanasi,VAR,center,False,
2025-01-23 19:00:00,18.3,1003.9,87.0,AWS-VAR-052,Varanasi,VAR,center,False,
2025-01-23 20:00:00,17.4,1004.2,89.0,AWS-VAR-052,Varanasi,VAR,center,False,
2025-01-23 21:00:00,16.5,1004.5,91.0,AWS-VAR-052,Varanasi,VAR,center,False,
2025-01-23 22:00:00,15.9,1004.4,92.0,AWS-VAR-052,Varanasi,VAR,center,False,
2025-01-23 23:00:00,15.8,1003.9,92.0,AWS-VAR-052,Varanasi,VAR,center,False,
2025-01-24 00:00:00,15.1,1003.7,93.0,AWS-VAR-052,Varanasi,VAR,center,False,
2025-01-24 01:00:00,14.5,1003.6,96.0,AWS-VAR-052,Varanasi,VAR,center,False,
2025-01-24 02:00:00,14.6,1003.2,96.0,AWS-VAR-052,Varanasi,VAR,center,False,
2025-01-24 03:00:00,14.5,1003.1,96.0,AWS-VAR-052,Varanasi,VAR,center,False,
2025-01-24 04:00:00,14.0,1003.0,97.0,AWS-VAR-052,Varanasi,VAR,center,False,
2025-01-24 05:00:00,14.0,1003.4,96.0,AWS-VAR-052,Varanasi,VAR,center,False,
2025-01-24 06:00:00,14.5,1004.0,97.0,AWS-VAR-052,Varanasi,VAR,center,True,drift
2025-01-24 07:00:00,15.225322589814303,1019.3773450883067,95.0,AWS-VAR-052,Varanasi,VAR,center,True,drift
2025-01-24 08:00:00,17.150645179628604,1005.5,91.0,AWS-VAR-052,Varanasi,VAR,center,True,drift
2025-01-24 09:00:00,19.575967769442908,1006.2,81.0,AWS-VAR-052,Varanasi,VAR,center,True,drift
2025-01-24 10:00:00,21.901290359257214,1006.2,72.0,AWS-VAR-052,Varanasi,VAR,center,True,drift
2025-01-24 11:00:00,23.526612949071513,1005.4,66.0,AWS-VAR-052,Varanasi,VAR,center,True,drift
2025-01-24 12:00:00,24.851935538885815,1004.3,62.0,AWS-VAR-052,Varanasi,VAR,center,True,drift
2025-01-24 13:00:00,25.87725812870012,1003.2,60.0,AWS-VAR-052,Varanasi,VAR,center,True,drift
2025-01-24 14:00:00,26.50258071851442,1002.7,60.0,AWS-VAR-052,Varanasi,VAR,center,True,drift
2025-01-24 15:00:00,26.627903308328722,1002.3,60.0,AWS-VAR-052,Varanasi,VAR,center,True,drift
2025-01-24 16:00:00,26.153225898143027,1002.3,62.0,AWS-VAR-052,Varanasi,VAR,center,True,drift
2025-01-24 17:00:00,24.478548487957326,1002.5,70.0,AWS-VAR-052,Varanasi,VAR,center,True,drift
2025-01-24 18:00:00,23.603871077771633,1003.8,74.0,AWS-VAR-052,Varanasi,VAR,center,True,drift
2025-01-24 19:00:00,23.129193667585934,1004.5,71.0,AWS-VAR-052,Varanasi,VAR,center,True,drift
2025-01-24 20:00:00,22.65451625740024,1005.0,68.0,AWS-VAR-052,Varanasi,VAR,center,True,drift
2025-01-24 21:00:00,21.97983884721454,1005.2,67.0,AWS-VAR-052,Varanasi,VAR,center,True,drift
2025-01-24 22:00:00,21.40516143702884,1005.2,67.0,AWS-VAR-052,Varanasi,VAR,center,True,drift
2025-01-24 23:00:00,20.930484026843146,1004.8,68.0,AWS-VAR-052,Varanasi,VAR,center,True,drift
2025-01-25 00:00:00,20.455806616657448,1004.6,71.0,AWS-VAR-052,Varanasi,VAR,center,True,drift
2025-01-25 01:00:00,20.08112920647175,1004.4,73.0,AWS-VAR-052,Varanasi,VAR,center,True,drift
2025-01-25 02:00:00,19.606451796286052,1004.0,76.0,AWS-VAR-052,Varanasi,VAR,center,True,drift
2025-01-25 03:00:00,19.431774386100358,1003.9,77.0,AWS-VAR-052,Varanasi,VAR,center,True,drift
2025-01-25 04:00:00,19.357096975914658,1003.9,78.0,AWS-VAR-052,Varanasi,VAR,center,True,drift
2025-01-25 05:00:00,19.18241956572896,1004.3,80.0,AWS-VAR-052,Varanasi,VAR,center,True,drift
2025-01-25 06:00:00,19.507742155543262,1005.4,85.0,AWS-VAR-052,Varanasi,VAR,center,True,drift
2025-01-25 07:00:00,20.133064745357565,1006.1,84.0,AWS-VAR-052,Varanasi,VAR,center,True,drift
2025-01-25 08:00:00,22.35838733517187,1006.8,80.0,AWS-VAR-052,Varanasi,VAR,center,True,drift
2025-01-25 09:00:00,25.083709924986174,1007.4,71.0,AWS-VAR-052,Varanasi,VAR,center,True,drift
2025-01-25 10:00:00,27.609032514800475,1007.5,63.0,AWS-VAR-052,Varanasi,VAR,center,True,drift
2025-01-25 11:00:00,29.634355104614777,1006.9,55.0,AWS-VAR-052,Varanasi,VAR,center,True,drift
2025-01-25 12:00:00,30.959677694429082,1005.7,50.0,AWS-VAR-052,Varanasi,VAR,center,True,drift
2025-01-25 13:00:00,21.9,1004.7,47.0,AWS-VAR-052,Varanasi,VAR,center,False,
2025-01-25 14:00:00,22.1,1004.0,46.0,AWS-VAR-052,Varanasi,VAR,center,False,
2025-01-25 15:00:00,21.8,1003.6,47.0,AWS-VAR-052,Varanasi,VAR,center,False,
2025-01-25 16:00:00,20.7,1003.6,54.0,AWS-VAR-052,Varanasi,VAR,center,False,
2025-01-25 17:00:00,18.6,1003.6,58.0,AWS-VAR-052,Varanasi,VAR,center,False,
2025-01-25 18:00:00,18.2,1004.1,53.0,AWS-VAR-052,Varanasi,VAR,center,False,
2025-01-25 19:00:00,17.3,1004.7,56.0,AWS-VAR-052,Varanasi,VAR,center,False,
2025-01-25 20:00:00,16.3,1005.1,62.0,AWS-VAR-052,Varanasi,VAR,center,False,
2025-01-25 21:00:00,15.7,1005.3,63.0,AWS-VAR-052,Varanasi,VAR,center,False,
2025-01-25 22:00:00,15.1,1005.5,64.0,AWS-VAR-052,Varanasi,VAR,center,False,
2025-01-25 23:00:00,14.2,1005.3,65.0,AWS-VAR-052,Varanasi,VAR,center,False,
2025-01-26 00:00:00,13.3,1005.0,68.0,AWS-VAR-052,Varanasi,VAR,center,False,
2025-01-26 01:00:00,12.7,1004.6,71.0,AWS-VAR-052,Varanasi,VAR,center,False,
2025-01-26 02:00:00,11.9,1004.6,74.0,AWS-VAR-052,Varanasi,VAR,center,False,
2025-01-26 03:00:00,11.4,1004.4,76.0,AWS-VAR-052,Varanasi,VAR,center,False,
2025-01-26 04:00:00,10.9,1004.3,79.0,AWS-VAR-052,Varanasi,VAR,center,False,
2025-01-26 05:00:00,10.3,1004.8,81.0,AWS-VAR-052,Varanasi,VAR,center,False,
2025-01-26 06:00:00,10.3,1006.0,87.0,AWS-VAR-052,Varanasi,VAR,center,False,
2025-01-26 07:00:00,10.6,1006.6,87.0,AWS-VAR-052,Varanasi,VAR,center,False,
2025-01-26 08:00:00,12.9,1007.7,82.0,AWS-VAR-052,Varanasi,VAR,center,False,
2025-01-26 09:00:00,15.6,1008.3,72.0,AWS-VAR-052,Varanasi,VAR,center,False,
2025-01-26 10:00:00,18.0,1008.4,63.0,AWS-VAR-052,Varanasi,VAR,center,False,
2025-01-26 11:00:00,19.8,1007.4,57.0,AWS-VAR-052,Varanasi,VAR,center,False,
2025-01-26 12:00:00,21.0,1006.1,51.0,AWS-VAR-052,Varanasi,VAR,center,False,
2025-01-26 13:00:00,21.7,1005.0,46.0,AWS-VAR-052,Varanasi,VAR,center,False,
2025-01-26 14:00:00,21.9,1004.1,44.0,AWS-VAR-052,Varanasi,VAR,center,False,
2025-01-26 15:00:00,21.6,1003.5,43.0,AWS-VAR-052,Varanasi,VAR,center,False,
2025-01-26 16:00:00,20.6,1003.3,51.0,AWS-VAR-052,Varanasi,VAR,center,True,drift
2025-01-26 17:00:00,18.6,1003.2,58.374640220380336,AWS-VAR-052,Varanasi,VAR,center,True,drift
2025-01-26 18:00:00,17.9,1003.2,56.74928044076067,AWS-VAR-052,Varanasi,VAR,center,True,drift
2025-01-26 19:00:00,16.4,1003.9,64.12392066114101,AWS-VAR-052,Varanasi,VAR,center,True,drift
2025-01-26 20:00:00,15.6,1003.9,65.49856088152134,AWS-VAR-052,Varanasi,VAR,center,True,drift
2025-01-26 21:00:00,14.8,1004.4,70.87320110190169,AWS-VAR-052,Varanasi,VAR,center,True,drift
2025-01-26 22:00:00,13.9,1004.4,75.24784132228203,AWS-VAR-052,Varanasi,VAR,center,True,drift
2025-01-26 23:00:00,13.3,1004.2,75.62248154266236,AWS-VAR-052,Varanasi,VAR,center,True,drift
2025-01-27 00:00:00,12.5,1003.7,76.9971217630427,AWS-VAR-052,Varanasi,VAR,center,True,drift
2025-01-27 01:00:00,11.8,1003.5,78.37176198342303,AWS-VAR-052,Varanasi,VAR,center,True,drift
2025-01-27 02:00:00,11.2,1003.0,80.74640220380337,AWS-VAR-052,Varanasi,VAR,center,True,drift
2025-01-27 03:00:00,10.8,1002.8,80.12104242418371,AWS-VAR-052,Varanasi,VAR,center,True,drift
2025-01-27 04:00:00,10.4,1002.8,80.49568264456404,AWS-VAR-052,Varanasi,VAR,center,True,drift
2025-01-27 05:00:00,10.1,1003.1,80.87032286494438,AWS-VAR-052,Varanasi,VAR,center,True,drift
2025-01-27 06:00:00,10.2,1003.8,83.24496308532471,AWS-VAR-052,Varanasi,VAR,center,True,drift
2025-01-27 07:00:00,10.4,1004.7,82.61960330570506,AWS-VAR-052,Varanasi,VAR,center,True,drift
2025-01-27 08:00:00,12.6,1005.3,75.9942435260854,AWS-VAR-052,Varanasi,VAR,center,True,drift
2025-01-27 09:00:00,15.5,1006.1,65.36888374646573,AWS-VAR-052,Varanasi,VAR,center,True,drift
2025-01-27 10:00:00,18.1,1006.3,55.74352396684606,AWS-VAR-052,Varanasi,VAR,center,True,drift
2025-01-27 11:00:00,19.9,1005.4,47.1181641872264,AWS-VAR-052,Varanasi,VAR,center,True,drift
2025-01-27 12:00:00,20.9,1003.9,40.49280440760674,AWS-VAR-052,Varanasi,VAR,center,True,drift
2025-01-27 13:00:00,21.5,1002.8,36.867444627987076,AWS-VAR-052,Varanasi,VAR,center,True,drift
2025-01-27 14:00:00,21.7,1001.7,35.24208484836741,AWS-VAR-052,Varanasi,VAR,center,True,drift
2025-01-27 15:00:00,21.5,1001.2,35.61672506874775,AWS-VAR-052,Varanasi,VAR,center,True,drift
2025-01-27 16:00:00,20.7,1001.0,40.99136528912808,AWS-VAR-052,Varanasi,VAR,center,True,drift
2025-01-27 17:00:00,18.6,1001.2,53.366005509508426,AWS-VAR-052,Varanasi,VAR,center,True,drift
2025-01-27 18:00:00,17.7,1001.1,56.740645729888755,AWS-VAR-052,Varanasi,VAR,center,True,drift
2025-01-27 19:00:00,16.809493409235,1001.7,58.1152859502691,AWS-VAR-052,Varanasi,VAR,center,True,drift
2025-01-27 20:00:00,16.133557334304488,1002.3,54.48992617064944,AWS-VAR-052,Varanasi,VAR,center,True,drift
2025-01-27 21:00:00,15.47075119762027,1002.8,70.0,AWS-VAR-052,Varanasi,VAR,center,True,drift
2025-01-27 22:00:00,14.720378350264355,1002.9,73.0,AWS-VAR-052,Varanasi,VAR,center,True,drift
2025-01-27 23:00:00,13.981975336115697,1002.6,77.0,AWS-VAR-052,Varanasi,VAR,center,True,drift
2025-01-28 00:00:00,13.255196901716435,1002.3,80.0,AWS-VAR-052,Varanasi,VAR,center,True,drift
2025-01-28 01:00:00,12.639769248198576,1002.1,83.0,AWS-VAR-052,Varanasi,VAR,center,True,drift
2025-01-28 02:00:00,12.135466333029914,1001.8,86.0,AWS-VAR-052,Varanasi,VAR,center,True,drift
2025-01-28 03:00:00,11.742096209098111,1001.5,87.0,AWS-VAR-052,Varanasi,VAR,center,True,drift
2025-01-28 04:00:00,11.259492443424747,1001.4,90.0,AWS-VAR-052,Varanasi,VAR,center,True,drift
2025-01-28 05:00:00,10.887508381891571,1001.9,91.0,AWS-VAR-052,Varanasi,VAR,center,True,drift
2025-01-28 06:00:00,10.926013131374884,1003.3,93.0,AWS-VAR-052,Varanasi,VAR,center,True,drift
2025-01-28 07:00:00,11.374888638830491,1004.4,93.0,AWS-VAR-052,Varanasi,VAR,center,True,drift
2025-01-28 08:00:00,13.834027503301256,1005.5,86.0,AWS-VAR-052,Varanasi,VAR,center,True,drift
2025-01-28 09:00:00,16.903331295897097,1006.5,76.0,AWS-VAR-052,Varanasi,VAR,center,True,drift
2025-01-28 10:00:00,19.682709242715664,1006.7,66.0,AWS-VAR-052,Varanasi,VAR,center,True,drift
2025-01-28 11:00:00,21.672077173828626,1005.8,,AWS-VAR-052,Varanasi,VAR,center,True,dropout
2025-01-28 12:00:00,22.871356671654,1004.5,52.0,AWS-VAR-052,Varanasi,VAR,center,True,drift
2025-01-28 13:00:00,23.68047437161959,1003.5,-0.0075660049213294184,AWS-VAR-052,Varanasi,VAR,center,True,sensor_fail_low
2025-01-28 14:00:00,24.099361381101787,1002.9,0.011215880181392612,AWS-VAR-052,Varanasi,VAR,center,True,sensor_fail_low
2025-01-28 15:00:00,24.22795279158266,1002.4,-0.0002476048396785291,AWS-VAR-052,Varanasi,VAR,center,True,sensor_fail_low
2025-01-28 16:00:00,23.766187265243918,1002.4,0.13019131123199298,AWS-VAR-052,Varanasi,VAR,center,True,sensor_fail_low
2025-01-28 17:00:00,21.71400668170043,1002.6,68.0,AWS-VAR-052,Varanasi,VAR,center,True,drift
2025-01-28 18:00:00,21.071355833836755,1002.9,73.0,AWS-VAR-052,Varanasi,VAR,center,True,drift
2025-01-28 19:00:00,21.238182164120264,1003.8,69.0,AWS-VAR-052,Varanasi,VAR,center,True,drift
2025-01-28 20:00:00,20.014435534570424,1004.7,74.0,AWS-VAR-052,Varanasi,VAR,center,True,drift
2025-01-28 21:00:00,19.200068024936243,1005.3,81.0,AWS-VAR-052,Varanasi,VAR,center,True,drift
2025-01-28 22:00:00,18.89503375468808,1005.8,81.0,AWS-VAR-052,Varanasi,VAR,center,True,drift
2025-01-28 23:00:00,18.499288725249613,1005.8,83.0,AWS-VAR-052,Varanasi,VAR,center,True,drift
2025-01-29 00:00:00,18.012790679538924,1005.5,86.0,AWS-VAR-052,Varanasi,VAR,center,True,drift
2025-01-29 01:00:00,17.23549897639706,1005.4,92.0,AWS-VAR-052,Varanasi,VAR,center,True,drift
2025-01-29 02:00:00,17.667374477889755,1005.1,92.0,AWS-VAR-052,Varanasi,VAR,center,True,drift
2025-01-29 03:00:00,18.008379447795654,1004.8,89.0,AWS-VAR-052,Varanasi,VAR,center,True,drift
2025-01-29 04:00:00,18.3584774598607,1004.6,88.0,AWS-VAR-052,Varanasi,VAR,center,True,drift
2025-01-29 05:00:00,18.117633314615627,1005.0,89.0,AWS-VAR-052,Varanasi,VAR,center,True,drift
2025-01-29 06:00:00,18.585812963732213,1006.0,91.0,AWS-VAR-052,Varanasi,VAR,center,True,drift
2025-01-29 07:00:00,20.162983441042087,1007.0,87.0,AWS-VAR-052,Varanasi,VAR,center,True,drift
2025-01-29 08:00:00,22.34911279946475,1008.3,82.0,AWS-VAR-052,Varanasi,VAR,center,True,drift
2025-01-29 09:00:00,25.844170053194574,1009.0,73.0,AWS-VAR-052,Varanasi,VAR,center,True,drift
2025-01-29 10:00:00,26.248125124583147,1009.2,73.0,AWS-VAR-052,Varanasi,VAR,center,True,drift
2025-01-29 11:00:00,28.26094879522638,1008.2,68.0,AWS-VAR-052,Varanasi,VAR,center,True,drift
2025-01-29 12:00:00,30.88261266082798,1006.9,55.0,AWS-VAR-052,Varanasi,VAR,center,True,drift
2025-01-29 13:00:00,32.11308908946382,1005.4,51.0,AWS-VAR-052,Varanasi,VAR,center,True,drift
2025-01-29 14:00:00,32.852351182916934,1004.4,48.0,AWS-VAR-052,Varanasi,VAR,center,True,drift
2025-01-29 15:00:00,33.20037274079192,1003.8,48.0,AWS-VAR-052,Varanasi,VAR,center,True,drift
2025-01-29 16:00:00,32.95712822715091,1003.1,54.0,AWS-VAR-052,Varanasi,VAR,center,True,drift
2025-01-29 17:00:00,31.222592739442554,1003.1,69.0,AWS-VAR-052,Varanasi,VAR,center,True,drift
2025-01-29 18:00:00,18.2,1003.1,76.0,AWS-VAR-052,Varanasi,VAR,center,False,
2025-01-29 19:00:00,16.8,1003.6,81.0,AWS-VAR-052,Varanasi,VAR,center,False,
2025-01-29 20:00:00,15.7,1004.0,85.0,AWS-VAR-052,Varanasi,VAR,center,False,
2025-01-29 21:00:00,15.0,1004.2,88.0,AWS-VAR-052,Varanasi,VAR,center,False,
2025-01-29 22:00:00,14.3,,90.0,AWS-VAR-052,Varanasi,VAR,center,True,dropout
2025-01-29 23:00:00,13.4,1003.7,93.0,AWS-VAR-052,Varanasi,VAR,center,False,
2025-01-30 00:00:00,12.8,1003.3,94.0,AWS-VAR-052,Varanasi,VAR,center,False,
2025-01-30 01:00:00,12.5,1002.8,95.0,AWS-VAR-052,Varanasi,VAR,center,False,
2025-01-30 02:00:00,12.2,1002.0,95.0,AWS-VAR-052,Varanasi,VAR,center,False,
2025-01-30 03:00:00,11.9,1001.7,96.0,AWS-VAR-052,Varanasi,VAR,center,False,
2025-01-30 04:00:00,11.4,1001.3,98.0,AWS-VAR-052,Varanasi,VAR,center,False,
2025-01-30 05:00:00,,1001.3,100.0,AWS-VAR-052,Varanasi,VAR,center,True,dropout
2025-01-30 06:00:00,8.7,1002.3,100.0,AWS-VAR-052,Varanasi,VAR,center,False,
2025-01-30 07:00:00,9.0,1003.3,99.0,AWS-VAR-052,Varanasi,VAR,center,False,
2025-01-30 08:00:00,11.4,1004.2,96.0,AWS-VAR-052,Varanasi,VAR,center,False,
2025-01-30 09:00:00,14.5,1004.6,96.0,AWS-VAR-052,Varanasi,VAR,center,False,
2025-01-30 10:00:00,18.4,1004.5,78.0,AWS-VAR-052,Varanasi,VAR,center,False,
2025-01-30 11:00:00,21.1,1003.8,65.0,AWS-VAR-052,Varanasi,VAR,center,False,
2025-01-30 12:00:00,22.9,1002.6,56.0,AWS-VAR-052,Varanasi,VAR,center,False,
2025-01-30 13:00:00,24.1,1001.1,49.0,AWS-VAR-052,Varanasi,VAR,center,False,
2025-01-30 14:00:00,24.6,1000.2,45.0,AWS-VAR-052,Varanasi,VAR,center,False,
2025-01-30 15:00:00,24.4,999.5,46.0,AWS-VAR-052,Varanasi,VAR,center,False,
2025-01-30 16:00:00,23.6,999.3,57.0,AWS-VAR-052,Varanasi,VAR,center,False,
2025-01-30 17:00:00,21.5,999.5,63.0,AWS-VAR-052,Varanasi,VAR,center,False,
2025-01-30 18:00:00,19.5,999.7,71.0,AWS-VAR-052,Varanasi,VAR,center,False,
2025-01-30 19:00:00,18.3,1000.1,73.0,AWS-VAR-052,Varanasi,VAR,center,False,
2025-01-30 20:00:00,17.0,1000.5,78.0,AWS-VAR-052,Varanasi,VAR,center,False,
2025-01-30 21:00:00,16.0,1000.9,81.0,AWS-VAR-052,Varanasi,VAR,center,False,
2025-01-30 22:00:00,15.5,1001.0,83.0,AWS-VAR-052,Varanasi,VAR,center,False,
2025-01-30 23:00:00,14.8,1000.6,86.0,AWS-VAR-052,Varanasi,VAR,center,False,
2025-01-31 00:00:00,14.1,1000.2,89.0,AWS-VAR-052,Varanasi,VAR,center,False,
2025-01-31 01:00:00,13.5,1021.0810339141639,91.0,AWS-VAR-052,Varanasi,VAR,center,True,spike
2025-01-31 02:00:00,13.0,999.8,94.0,AWS-VAR-052,Varanasi,VAR,center,False,
2025-01-31 03:00:00,12.8,999.9,93.0,AWS-VAR-052,Varanasi,VAR,center,False,
2025-01-31 04:00:00,12.9,999.8,92.0,AWS-VAR-052,Varanasi,VAR,center,False,
2025-01-31 05:00:00,13.1,1000.0,91.0,AWS-VAR-052,Varanasi,VAR,center,False,
2025-01-31 06:00:00,12.1,1001.1,93.0,AWS-VAR-052,Varanasi,VAR,center,False,
2025-01-31 07:00:00,12.7,1002.1,93.0,AWS-VAR-052,Varanasi,VAR,center,False,
2025-01-31 08:00:00,15.5,1003.0,85.0,AWS-VAR-052,Varanasi,VAR,center,False,
2025-01-31 09:00:00,19.2,1004.1,73.0,AWS-VAR-052,Varanasi,VAR,center,False,
2025-01-31 10:00:00,21.9,1004.2,62.0,AWS-VAR-052,Varanasi,VAR,center,False,
2025-01-31 11:00:00,23.8,1003.5,54.0,AWS-VAR-052,Varanasi,VAR,center,False,
2025-01-31 12:00:00,25.3,1002.7,48.0,AWS-VAR-052,Varanasi,VAR,center,False,
2025-01-31 13:00:00,26.3,1001.6,42.0,AWS-VAR-052,Varanasi,VAR,center,False,
2025-01-31 14:00:00,26.8,1000.9,39.0,AWS-VAR-052,Varanasi,VAR,center,False,
2025-01-31 15:00:00,26.6,1000.4,38.0,AWS-VAR-052,Varanasi,VAR,center,False,
2025-01-31 16:00:00,25.5,1000.4,49.0,AWS-VAR-052,Varanasi,VAR,center,False,
2025-01-31 17:00:00,22.8,1000.6,60.0,AWS-VAR-052,Varanasi,VAR,center,False,
2025-01-31 18:00:00,21.8,1000.9,62.0,AWS-VAR-052,Varanasi,VAR,center,False,
2025-01-31 19:00:00,20.3,1001.4,68.0,AWS-VAR-052,Varanasi,VAR,center,False,
2025-01-31 20:00:00,19.2,1002.2,73.0,AWS-VAR-052,Varanasi,VAR,center,False,
2025-01-31 21:00:00,18.4,1002.8,78.0,AWS-VAR-052,Varanasi,VAR,center,False,
2025-01-31 22:00:00,17.6,1003.0,82.0,AWS-VAR-052,Varanasi,VAR,center,False,
2025-01-31 23:00:00,17.2,1002.8,84.0,AWS-VAR-052,Varanasi,VAR,center,False,
2025-02-01 00:00:00,16.8,1002.4,85.0,AWS-VAR-052,Varanasi,VAR,center,True,frozen_value
2025-02-01 01:00:00,16.3,1002.425144298452,87.0,AWS-VAR-052,Varanasi,VAR,center,True,frozen_value
2025-02-01 02:00:00,15.9,1002.3904847267162,88.0,AWS-VAR-052,Varanasi,VAR,center,True,frozen_value
2025-02-01 03:00:00,15.3,1002.4032330161281,89.0,AWS-VAR-052,Varanasi,VAR,center,True,frozen_value
2025-02-01 04:00:00,15.1,1002.4160779425471,89.0,AWS-VAR-052,Varanasi,VAR,center,True,frozen_value
2025-02-01 05:00:00,15.0,1002.431797748102,90.0,AWS-VAR-052,Varanasi,VAR,center,True,frozen_value
2025-02-01 06:00:00,14.3,1002.4666574615449,93.0,AWS-VAR-052,Varanasi,VAR,center,True,frozen_value
2025-02-01 07:00:00,15.0,1002.493549093609,91.0,AWS-VAR-052,Varanasi,VAR,center,True,frozen_value
2025-02-01 08:00:00,17.5,1004.3,83.0,AWS-VAR-052,Varanasi,VAR,center,False,
2025-02-01 09:00:00,20.6,1005.4,72.0,AWS-VAR-052,Varanasi,VAR,center,False,
2025-02-01 10:00:00,23.1,1005.4,61.0,AWS-VAR-052,Varanasi,VAR,center,False,
2025-02-01 11:00:00,25.1,1004.6,52.0,AWS-VAR-052,Varanasi,VAR,center,False,
2025-02-01 12:00:00,26.4,1003.7,48.0,AWS-VAR-052,Varanasi,VAR,center,False,
2025-02-01 13:00:00,27.0,1002.6,46.0,AWS-VAR-052,Varanasi,VAR,center,False,
2025-02-01 14:00:00,27.1,1001.9,46.0,AWS-VAR-052,Varanasi,VAR,center,False,
2025-02-01 15:00:00,26.8,1001.7,46.0,AWS-VAR-052,Varanasi,VAR,center,False,
2025-02-01 16:00:00,26.0,1001.8,51.0,AWS-VAR-052,Varanasi,VAR,center,False,
2025-02-01 17:00:00,23.9,1001.9,61.0,AWS-VAR-052,Varanasi,VAR,center,False,
2025-02-01 18:00:00,22.6,1002.1,65.0,AWS-VAR-052,Varanasi,VAR,center,False,
2025-02-01 19:00:00,21.5,1002.6,70.0,AWS-VAR-052,Varanasi,VAR,center,False,
2025-02-01 20:00:00,20.3,1003.0,76.0,AWS-VAR-052,Varanasi,VAR,center,False,
2025-02-01 21:00:00,19.6,1003.4,78.0,AWS-VAR-052,Varanasi,VAR,center,False,
2025-02-01 22:00:00,18.4,1003.2,83.0,AWS-VAR-052,Varanasi,VAR,center,False,
2025-02-01 23:00:00,17.5,1003.0,87.0,AWS-VAR-052,Varanasi,VAR,center,False,
2025-02-02 00:00:00,17.1,1002.9,89.0,AWS-VAR-052,Varanasi,VAR,center,False,
2025-02-02 01:00:00,17.0,1002.6,88.0,AWS-VAR-052,Varanasi,VAR,center,False,
2025-02-02 02:00:00,16.6,1002.1,89.0,AWS-VAR-052,Varanasi,VAR,center,False,
2025-02-02 03:00:00,16.1,1002.1,90.0,AWS-VAR-052,Varanasi,VAR,center,False,
2025-02-02 04:00:00,15.6,1002.0,90.0,AWS-VAR-052,Varanasi,VAR,center,False,
2025-02-02 05:00:00,15.2,1002.2,90.0,AWS-VAR-052,Varanasi,VAR,center,False,
2025-02-02 06:00:00,15.0,1003.5,92.0,AWS-VAR-052,Varanasi,VAR,center,False,
2025-02-02 07:00:00,22.595157751993142,995.9834109412703,73.25158055637252,AWS-VAR-052,Varanasi,VAR,center,True,unstructured_anomaly
2025-02-02 08:00:00,24.00802985649168,996.7437799393308,66.30702075015657,AWS-VAR-052,Varanasi,VAR,center,True,unstructured_anomaly
2025-02-02 09:00:00,13.96441718781113,1013.8112515279668,51.89329404709612,AWS-VAR-052,Varanasi,VAR,center,True,unstructured_anomaly
2025-02-02 10:00:00,17.15727253196673,1013.7380384124649,77.18997330157339,AWS-VAR-052,Varanasi,VAR,center,True,unstructured_anomaly
2025-02-02 11:00:00,31.03224070783963,997.517845305845,28.996751708625403,AWS-VAR-052,Varanasi,VAR,center,True,unstructured_anomaly
2025-02-02 12:00:00,20.76989851943801,1012.8422844445028,55.917209192607864,AWS-VAR-052,Varanasi,VAR,center,True,unstructured_anomaly
2025-02-02 13:00:00,33.6064262713899,994.8711094132768,54.439076477715574,AWS-VAR-052,Varanasi,VAR,center,True,unstructured_anomaly
2025-02-02 14:00:00,33.96082949205323,995.2475963899582,22.356273081267364,AWS-VAR-052,Varanasi,VAR,center,True,unstructured_anomaly
2025-02-02 15:00:00,27.5,1002.0,38.0,AWS-VAR-052,Varanasi,VAR,center,False,
2025-02-02 16:00:00,26.6,1002.0,43.0,AWS-VAR-052,Varanasi,VAR,center,False,
2025-02-02 17:00:00,23.9,1002.1,63.0,AWS-VAR-052,Varanasi,VAR,center,False,
2025-02-02 18:00:00,23.1,1002.2,58.0,AWS-VAR-052,Varanasi,VAR,center,False,
2025-02-02 19:00:00,22.5,1002.7,55.0,AWS-VAR-052,Varanasi,VAR,center,False,
2025-02-02 20:00:00,21.4,1003.2,62.0,AWS-VAR-052,Varanasi,VAR,center,False,
2025-02-02 21:00:00,20.4,1003.6,66.0,AWS-VAR-052,Varanasi,VAR,center,False,
2025-02-02 22:00:00,19.2,1003.9,67.0,AWS-VAR-052,Varanasi,VAR,center,False,
2025-02-02 23:00:00,18.3,1003.5,68.0,AWS-VAR-052,Varanasi,VAR,center,False,
2025-02-03 00:00:00,17.7,1003.2,69.0,AWS-VAR-052,Varanasi,VAR,center,False,
2025-02-03 01:00:00,17.3,1002.8,71.0,AWS-VAR-052,Varanasi,VAR,center,False,
2025-02-03 02:00:00,16.6,1002.5,74.0,AWS-VAR-052,Varanasi,VAR,center,False,
2025-02-03 03:00:00,16.0,1002.4,77.0,AWS-VAR-052,Varanasi,VAR,center,False,
2025-02-03 04:00:00,15.5,1002.3,79.0,AWS-VAR-052,Varanasi,VAR,center,False,
2025-02-03 05:00:00,15.0,1002.5,82.0,AWS-VAR-052,Varanasi,VAR,center,False,
2025-02-03 06:00:00,15.0,1003.7,87.0,AWS-VAR-052,Varanasi,VAR,center,False,
2025-02-03 07:00:00,15.1,1004.6,87.0,AWS-VAR-052,Varanasi,VAR,center,False,
2025-02-03 08:00:00,17.3,1005.6,78.0,AWS-VAR-052,Varanasi,VAR,center,False,
2025-02-03 09:00:00,19.8,1006.7,68.0,AWS-VAR-052,Varanasi,VAR,center,False,
2025-02-03 10:00:00,22.1,1007.1,59.0,AWS-VAR-052,Varanasi,VAR,center,False,
2025-02-03 11:00:00,23.9,1006.3,52.0,AWS-VAR-052,Varanasi,VAR,center,False,
2025-02-03 12:00:00,25.1,1005.0,45.0,AWS-VAR-052,Varanasi,VAR,center,False,
2025-02-03 13:00:00,25.9,1003.8,41.0,AWS-VAR-052,Varanasi,VAR,center,False,
2025-02-03 14:00:00,26.3,1002.9,40.0,AWS-VAR-052,Varanasi,VAR,center,False,
2025-02-03 15:00:00,26.1,1002.6,41.0,AWS-VAR-052,Varanasi,VAR,center,False,
2025-02-03 16:00:00,25.6,1002.6,43.0,AWS-VAR-052,Varanasi,VAR,center,False,
2025-02-03 17:00:00,23.2,1002.7,62.0,AWS-VAR-052,Varanasi,VAR,center,False,
2025-02-03 18:00:00,22.1,1003.7,68.0,AWS-VAR-052,Varanasi,VAR,center,False,
2025-02-03 19:00:00,21.0,1004.2,70.0,AWS-VAR-052,Varanasi,VAR,center,False,
2025-02-03 20:00:00,20.2,1005.2,67.0,AWS-VAR-052,Varanasi,VAR,center,False,
2025-02-03 21:00:00,20.2,1005.7,58.0,AWS-VAR-052,Varanasi,VAR,center,False,
2025-02-03 22:00:00,19.7,1005.5,56.0,AWS-VAR-052,Varanasi,VAR,center,False,
2025-02-03 23:00:00,18.6,1005.4,60.0,AWS-VAR-052,Varanasi,VAR,center,False,
2025-02-04 00:00:00,17.3,1005.1,68.0,AWS-VAR-052,Varanasi,VAR,center,False,
2025-02-04 01:00:00,16.7,1004.8,70.0,AWS-VAR-052,Varanasi,VAR,center,False,
2025-02-04 02:00:00,16.0,1004.0,73.0,AWS-VAR-052,Varanasi,VAR,center,False,
2025-02-04 03:00:00,15.4,1003.6,76.0,AWS-VAR-052,Varanasi,VAR,center,False,
2025-02-04 04:00:00,14.5,1003.4,81.0,AWS-VAR-052,Varanasi,VAR,center,False,
2025-02-04 05:00:00,13.9,1003.6,84.0,AWS-VAR-052,Varanasi,VAR,center,False,
2025-02-04 06:00:00,14.0,1004.7,84.0,AWS-VAR-052,Varanasi,VAR,center,False,
2025-02-04 07:00:00,14.7,1005.6,80.0,AWS-VAR-052,Varanasi,VAR,center,False,
2025-02-04 08:00:00,17.7,1006.5,68.0,AWS-VAR-052,Varanasi,VAR,center,False,
2025-02-04 09:00:00,20.7,1007.2,58.0,AWS-VAR-052,Varanasi,VAR,center,True,frozen_value
2025-02-04 10:00:00,23.2,1007.1592866831336,50.0,AWS-VAR-052,Varanasi,VAR,center,True,frozen_value
2025-02-04 11:00:00,25.1,1007.1746153129287,45.0,AWS-VAR-052,Varanasi,VAR,center,True,frozen_value
2025-02-04 12:00:00,26.7,1007.2285852295503,37.0,AWS-VAR-052,Varanasi,VAR,center,True,frozen_value
2025-02-04 13:00:00,27.7,1007.2132653279947,31.0,AWS-VAR-052,Varanasi,VAR,center,True,frozen_value
2025-02-04 14:00:00,28.0,1007.2391778902428,30.0,AWS-VAR-052,Varanasi,VAR,center,True,frozen_value
2025-02-04 15:00:00,27.8,1007.202342102203,31.0,AWS-VAR-052,Varanasi,VAR,center,True,frozen_value
2025-02-04 16:00:00,26.9,1002.1,34.0,AWS-VAR-052,Varanasi,VAR,center,False,
2025-02-04 17:00:00,24.6,1002.1,45.0,AWS-VAR-052,Varanasi,VAR,center,False,
2025-02-04 18:00:00,23.4,1002.0,60.0,AWS-VAR-052,Varanasi,VAR,center,False,
2025-02-04 19:00:00,22.2,1002.6,63.0,AWS-VAR-052,Varanasi,VAR,center,False,
2025-02-04 20:00:00,21.6,1002.8,64.0,AWS-VAR-052,Varanasi,VAR,center,False,
2025-02-04 21:00:00,21.1,1003.0,64.0,AWS-VAR-052,Varanasi,VAR,center,False,
2025-02-04 22:00:00,20.9,1002.9,60.0,AWS-VAR-052,Varanasi,VAR,center,False,
2025-02-04 23:00:00,19.9,1002.3,62.0,AWS-VAR-052,Varanasi,VAR,center,False,
2025-02-05 00:00:00,19.1,1001.8,67.0,AWS-VAR-052,Varanasi,VAR,center,False,
2025-02-05 01:00:00,18.5,1001.8,69.0,AWS-VAR-052,Varanasi,VAR,center,False,
2025-02-05 02:00:00,17.5,1001.6,75.0,AWS-VAR-052,Varanasi,VAR,center,False,
2025-02-05 03:00:00,17.2,1001.4,77.0,AWS-VAR-052,Varanasi,VAR,center,False,
2025-02-05 04:00:00,17.2,1001.2,76.0,AWS-VAR-052,Varanasi,VAR,center,False,
2025-02-05 05:00:00,17.2,1001.6,76.0,AWS-VAR-052,Varanasi,VAR,center,False,
2025-02-05 06:00:00,17.1,1002.4,79.0,AWS-VAR-052,Varanasi,VAR,center,False,
2025-02-05 07:00:00,17.4,1003.1,77.0,AWS-VAR-052,Varanasi,VAR,center,False,
2025-02-05 08:00:00,19.6,1003.9,70.0,AWS-VAR-052,Varanasi,VAR,center,False,
2025-02-05 09:00:00,22.6,1004.6,61.0,AWS-VAR-052,Varanasi,VAR,center,False,
2025-02-05 10:00:00,25.4,1004.6,53.0,AWS-VAR-052,Varanasi,VAR,center,False,
2025-02-05 11:00:00,27.6,1003.9,45.0,AWS-VAR-052,Varanasi,VAR,center,False,
2025-02-05 12:00:00,29.1,1002.7,39.0,AWS-VAR-052,Varanasi,VAR,center,False,
2025-02-05 13:00:00,29.8,1001.7,37.0,AWS-VAR-052,Varanasi,VAR,center,False,
2025-02-05 14:00:00,29.7,1000.9,37.0,AWS-VAR-052,Varanasi,VAR,center,True,frozen_value
2025-02-05 15:00:00,29.2,1000.6,36.9907084927387,AWS-VAR-052,Varanasi,VAR,center,True,frozen_value
2025-02-05 16:00:00,28.3,1000.6,36.96540812406851,AWS-VAR-052,Varanasi,VAR,center,True,frozen_value
2025-02-05 17:00:00,26.5,1001.0,36.97431585709287,AWS-VAR-052,Varanasi,VAR,center,True,frozen_value
2025-02-05 18:00:00,24.7,1001.8,37.05810247565428,AWS-VAR-052,Varanasi,VAR,center,True,frozen_value
2025-02-05 19:00:00,23.5,1002.5,37.00339519332217,AWS-VAR-052,Varanasi,VAR,center,True,frozen_value
2025-02-05 20:00:00,23.1,1003.3,36.966527815146776,AWS-VAR-052,Varanasi,VAR,center,True,frozen_value
2025-02-05 21:00:00,22.4,1003.9,36.97780755821767,AWS-VAR-052,Varanasi,VAR,center,True,frozen_value
2025-02-05 22:00:00,21.7,1004.2,36.95914921483775,AWS-VAR-052,Varanasi,VAR,center,True,frozen_value
2025-02-05 23:00:00,20.9,1004.0,67.0,AWS-VAR-052,Varanasi,VAR,center,False,
2025-02-06 00:00:00,19.9,1003.9,65.0,AWS-VAR-052,Varanasi,VAR,center,False,
2025-02-06 01:00:00,18.9,1003.9,63.0,AWS-VAR-052,Varanasi,VAR,center,False,
2025-02-06 02:00:00,17.8,1003.5,59.0,AWS-VAR-052,Varanasi,VAR,center,False,
2025-02-06 03:00:00,16.7,1003.6,56.0,AWS-VAR-052,Varanasi,VAR,center,False,
2025-02-06 04:00:00,15.7,1003.6,55.0,AWS-VAR-052,Varanasi,VAR,center,False,
2025-02-06 05:00:00,14.8,1004.1,-0.08375940288181669,AWS-VAR-052,Varanasi,VAR,center,True,sensor_fail_low
2025-02-06 06:00:00,13.8,1005.2,0.07982623576701693,AWS-VAR-052,Varanasi,VAR,center,True,sensor_fail_low
2025-02-06 07:00:00,13.8,1006.0,0.048554971800450625,AWS-VAR-052,Varanasi,VAR,center,True,sensor_fail_low
2025-02-06 08:00:00,15.5,1006.8,-0.017544490390337647,AWS-VAR-052,Varanasi,VAR,center,True,sensor_fail_low
2025-02-06 09:00:00,17.5,1007.5,54.0,AWS-VAR-052,Varanasi,VAR,center,False,
2025-02-06 10:00:00,19.5,1007.4,48.0,AWS-VAR-052,Varanasi,VAR,center,False,
2025-02-06 11:00:00,21.4,1006.8,42.0,AWS-VAR-052,Varanasi,VAR,center,False,
2025-02-06 12:00:00,23.0,1005.5,37.0,AWS-VAR-052,Varanasi,VAR,center,False,
2025-02-06 13:00:00,24.4,1004.3,29.0,AWS-VAR-052,Varanasi,VAR,center,False,
2025-02-06 14:00:00,25.4,1003.5,23.0,AWS-VAR-052,Varanasi,VAR,center,False,
2025-02-06 15:00:00,25.4,1002.8,21.0,AWS-VAR-052,Varanasi,VAR,center,False,
2025-02-06 16:00:00,24.6,1002.5,23.0,AWS-VAR-052,Varanasi,VAR,center,False,
2025-02-06 17:00:00,22.3,1002.8,31.0,AWS-VAR-052,Varanasi,VAR,center,False,
2025-02-06 18:00:00,20.7,1003.7,36.0,AWS-VAR-052,Varanasi,VAR,center,False,
2025-02-06 19:00:00,19.9,1004.5,35.0,AWS-VAR-052,Varanasi,VAR,center,False,
2025-02-06 20:00:00,19.0,1005.1,35.0,AWS-VAR-052,Varanasi,VAR,center,False,
2025-02-06 21:00:00,17.6,1005.7,39.0,AWS-VAR-052,Varanasi,VAR,center,False,
2025-02-06 22:00:00,16.5,1006.0,42.0,AWS-VAR-052,Varanasi,VAR,center,False,
2025-02-06 23:00:00,15.8,1006.0,44.0,AWS-VAR-052,Varanasi,VAR,center,False,
2025-02-07 00:00:00,-40.09516172634305,1005.6,47.0,AWS-VAR-052,Varanasi,VAR,center,True,sensor_fail_low
2025-02-07 01:00:00,-39.987143444465204,1005.3,50.0,AWS-VAR-052,Varanasi,VAR,center,True,sensor_fail_low
2025-02-07 02:00:00,-40.03199559273393,1004.7,51.0,AWS-VAR-052,Varanasi,VAR,center,True,sensor_fail_low
2025-02-07 03:00:00,-39.99379890530694,1004.5,52.0,AWS-VAR-052,Varanasi,VAR,center,True,sensor_fail_low
2025-02-07 04:00:00,13.2,1004.5,53.0,AWS-VAR-052,Varanasi,VAR,center,False,
2025-02-07 05:00:00,12.8,1004.9,54.0,AWS-VAR-052,Varanasi,VAR,center,False,
2025-02-07 06:00:00,12.4,1006.1,65.0,AWS-VAR-052,Varanasi,VAR,center,False,
2025-02-07 07:00:00,12.6,1006.6,66.0,AWS-VAR-052,Varanasi,VAR,center,False,
2025-02-07 08:00:00,14.5,1007.6,61.0,AWS-VAR-052,Varanasi,VAR,center,False,
2025-02-07 09:00:00,16.9,1008.3,53.0,AWS-VAR-052,Varanasi,VAR,center,False,
2025-02-07 10:00:00,19.2,1008.3,47.0,AWS-VAR-052,Varanasi,VAR,center,False,
2025-02-07 11:00:00,21.2,1007.6,41.0,AWS-VAR-052,Varanasi,VAR,center,False,
2025-02-07 12:00:00,22.7,1006.3,36.0,AWS-VAR-052,Varanasi,VAR,center,False,
2025-02-07 13:00:00,23.9,1005.1,31.0,AWS-VAR-052,Varanasi,VAR,center,False,
2025-02-07 14:00:00,24.5,1004.1,27.0,AWS-VAR-052,Varanasi,VAR,center,False,
2025-02-07 15:00:00,24.6,1003.7,25.0,AWS-VAR-052,Varanasi,VAR,center,False,
2025-02-07 16:00:00,23.9,1003.6,26.0,AWS-VAR-052,Varanasi,VAR,center,False,
2025-02-07 17:00:00,21.8,1003.7,34.0,AWS-VAR-052,Varanasi,VAR,center,True,frozen_value
2025-02-07 18:00:00,21.878796887871786,1004.2,37.0,AWS-VAR-052,Varanasi,VAR,center,True,frozen_value
2025-02-07 19:00:00,21.845788743053102,1005.0,39.0,AWS-VAR-052,Varanasi,VAR,center,True,frozen_value
2025-02-07 20:00:00,21.791078231907697,1005.7,42.0,AWS-VAR-052,Varanasi,VAR,center,True,frozen_value
2025-02-07 21:00:00,21.7029075148225,1006.2,44.0,AWS-VAR-052,Varanasi,VAR,center,True,frozen_value
2025-02-07 22:00:00,21.758713469191477,1006.4,47.0,AWS-VAR-052,Varanasi,VAR,center,True,frozen_value
2025-02-07 23:00:00,21.78712344705854,1006.0,51.0,AWS-VAR-052,Varanasi,VAR,center,True,frozen_value
2025-02-08 00:00:00,21.73769926535999,1005.3,54.0,AWS-VAR-052,Varanasi,VAR,center,True,frozen_value
2025-02-08 01:00:00,14.5,1004.8,56.0,AWS-VAR-052,Varanasi,VAR,center,False,
2025-02-08 02:00:00,13.9,1004.1,58.0,AWS-VAR-052,Varanasi,VAR,center,False,
2025-02-08 03:00:00,13.4,1003.8,60.0,AWS-VAR-052,Varanasi,VAR,center,False,
2025-02-08 04:00:00,12.8,1003.6,62.0,AWS-VAR-052,Varanasi,VAR,center,False,
2025-02-08 05:00:00,12.3,1004.2,64.0,AWS-VAR-052,Varanasi,VAR,center,False,
2025-02-08 06:00:00,11.9,1005.6,73.0,AWS-VAR-052,Varanasi,VAR,center,True,drift
2025-02-08 07:00:00,12.4,1006.4,70.48167593990726,AWS-VAR-052,Varanasi,VAR,center,True,drift
2025-02-08 08:00:00,14.5,1007.4,62.96335187981453,AWS-VAR-052,Varanasi,VAR,center,True,drift
2025-02-08 09:00:00,17.2,1008.3,54.4450278197218,AWS-VAR-052,Varanasi,VAR,center,True,drift
2025-02-08 10:00:00,19.6,1008.5,46.92670375962907,AWS-VAR-052,Varanasi,VAR,center,True,drift
2025-02-08 11:00:00,21.5,1007.8,41.40837969953633,AWS-VAR-052,Varanasi,VAR,center,True,drift
2025-02-08 12:00:00,23.0,1007.8478632047519,37.8900556394436,AWS-VAR-052,Varanasi,VAR,center,True,drift
2025-02-08 13:00:00,23.9,1007.8340774538233,35.37173157935087,AWS-VAR-052,Varanasi,VAR,center,True,drift
2025-02-08 14:00:00,24.2,1007.8268598416144,35.853407519258134,AWS-VAR-052,Varanasi,VAR,center,True,drift
2025-02-08 15:00:00,24.1,1007.813455405971,37.3350834591654,AWS-VAR-052,Varanasi,VAR,center,True,drift
2025-02-08 16:00:00,23.5,1007.8092193080644,38.816759399072666,AWS-VAR-052,Varanasi,VAR,center,True,drift
2025-02-08 17:00:00,21.7,1007.807054815638,46.298435338979935,AWS-VAR-052,Varanasi,VAR,center,True,drift
2025-02-08 18:00:00,21.0,1007.8215297489003,46.780111278887205,AWS-VAR-052,Varanasi,VAR,center,True,drift
2025-02-08 19:00:00,20.4,1007.862186092538,47.26178721879447,AWS-VAR-052,Varanasi,VAR,center,True,drift
2025-02-08 20:00:00,19.2,1005.3,52.743463158701736,AWS-VAR-052,Varanasi,VAR,center,True,drift
2025-02-08 21:00:00,18.2,1005.8,58.225139098609006,AWS-VAR-052,Varanasi,VAR,center,True,drift
2025-02-08 22:00:00,17.7,1006.1,59.70681503851627,AWS-VAR-052,Varanasi,VAR,center,True,drift
2025-02-08 23:00:00,17.1,1005.8,58.18849097842354,AWS-VAR-052,Varanasi,VAR,center,True,drift
2025-02-09 00:00:00,16.2,1005.3,60.67016691833081,AWS-VAR-052,Varanasi,VAR,center,True,drift
2025-02-09 01:00:00,15.4,1004.7,64.15184285823807,AWS-VAR-052,Varanasi,VAR,center,True,drift
2025-02-09 02:00:00,14.8,1004.1,67.63351879814533,AWS-VAR-052,Varanasi,VAR,center,True,drift
2025-02-09 03:00:00,14.1,1003.8,72.11519473805261,AWS-VAR-052,Varanasi,VAR,center,True,drift
2025-02-09 04:00:00,13.5,1003.7,74.59687067795987,AWS-VAR-052,Varanasi,VAR,center,True,drift
2025-02-09 05:00:00,13.0,1003.9,78.07854661786715,AWS-VAR-052,Varanasi,VAR,center,True,drift
2025-02-09 06:00:00,12.8,1004.9,84.56022255777441,AWS-VAR-052,Varanasi,VAR,center,True,drift
2025-02-09 07:00:00,13.2,1005.5,83.04189849768167,AWS-VAR-052,Varanasi,VAR,center,True,drift
2025-02-09 08:00:00,15.6,1006.5,76.52357443758893,AWS-VAR-052,Varanasi,VAR,center,True,drift
2025-02-09 09:00:00,18.5,1007.2,67.00525037749621,AWS-VAR-052,Varanasi,VAR,center,True,drift
2025-02-09 10:00:00,21.2,1006.9,59.48692631740347,AWS-VAR-052,Varanasi,VAR,center,True,drift
2025-02-09 11:00:00,23.4,1006.3,41.0,AWS-VAR-052,Varanasi,VAR,center,False,
2025-02-09 12:00:00,25.1,1005.0,36.0,AWS-VAR-052,Varanasi,VAR,center,False,
2025-02-09 13:00:00,26.1,1003.7,33.0,AWS-VAR-052,Varanasi,VAR,center,False,
2025-02-09 14:00:00,26.6,1002.7,30.0,AWS-VAR-052,Varanasi,VAR,center,False,
2025-02-09 15:00:00,26.6,1002.1,30.0,AWS-VAR-052,Varanasi,VAR,center,False,
2025-02-09 16:00:00,26.1,1002.0,30.0,AWS-VAR-052,Varanasi,VAR,center,False,
2025-02-09 17:00:00,23.9,1002.1,42.0,AWS-VAR-052,Varanasi,VAR,center,False,
2025-02-09 18:00:00,22.7,1002.7,48.0,AWS-VAR-052,Varanasi,VAR,center,False,
2025-02-09 19:00:00,21.5,1003.2,49.0,AWS-VAR-052,Varanasi,VAR,center,False,
2025-02-09 20:00:00,20.8,1003.8,47.0,AWS-VAR-052,Varanasi,VAR,center,False,
2025-02-09 21:00:00,19.8,1004.4,47.0,AWS-VAR-052,Varanasi,VAR,center,False,
2025-02-09 22:00:00,18.3,1004.3,52.0,AWS-VAR-052,Varanasi,VAR,center,False,
2025-02-09 23:00:00,17.5,1003.8,56.0,AWS-VAR-052,Varanasi,VAR,center,False,
2025-02-10 00:00:00,16.7,1003.4,61.0,AWS-VAR-052,Varanasi,VAR,center,False,
2025-02-10 01:00:00,15.9,1002.9,64.0,AWS-VAR-052,Varanasi,VAR,center,False,
2025-02-10 02:00:00,15.4,1002.4,66.0,AWS-VAR-052,Varanasi,VAR,center,False,
2025-02-10 03:00:00,14.7,1002.3,68.0,AWS-VAR-052,Varanasi,VAR,center,False,
2025-02-10 04:00:00,14.2,1002.5,70.0,AWS-VAR-052,Varanasi,VAR,center,False,
2025-02-10 05:00:00,13.8,1003.0,73.0,AWS-VAR-052,Varanasi,VAR,center,False,
2025-02-10 06:00:00,13.3,1004.4,80.0,AWS-VAR-052,Varanasi,VAR,center,False,
2025-02-10 07:00:00,14.0,1005.0,77.0,AWS-VAR-052,Varanasi,VAR,center,False,
2025-02-10 08:00:00,17.1,1006.0,65.0,AWS-VAR-052,Varanasi,VAR,center,False,
2025-02-10 09:00:00,20.7,1007.0,52.0,AWS-VAR-052,Varanasi,VAR,center,False,
2025-02-10 10:00:00,23.7,1007.2,43.0,AWS-VAR-052,Varanasi,VAR,center,True,drift
2025-02-10 11:00:00,25.476116106301948,1006.5,36.0,AWS-VAR-052,Varanasi,VAR,center,True,drift
2025-02-10 12:00:00,26.55223221260389,1005.4,32.0,AWS-VAR-052,Varanasi,VAR,center,True,drift
2025-02-10 13:00:00,27.12834831890584,1004.1,29.0,AWS-VAR-052,Varanasi,VAR,center,True,drift
2025-02-10 14:00:00,27.304464425207783,1003.0,27.0,AWS-VAR-052,Varanasi,VAR,center,True,drift
2025-02-10 15:00:00,26.88058053150973,1002.4,27.0,AWS-VAR-052,Varanasi,VAR,center,True,drift
2025-02-10 16:00:00,25.856696637811673,1002.3,29.0,AWS-VAR-052,Varanasi,VAR,center,True,drift
2025-02-10 17:00:00,22.93281274411362,1002.2,44.0,AWS-VAR-052,Varanasi,VAR,center,True,drift
2025-02-10 18:00:00,20.808928850415562,1002.5,52.0,AWS-VAR-052,Varanasi,VAR,center,True,drift
2025-02-10 19:00:00,19.38504495671751,1003.2,56.0,AWS-VAR-052,Varanasi,VAR,center,True,drift
2025-02-10 20:00:00,18.161161063019453,1003.7,58.0,AWS-VAR-052,Varanasi,VAR,center,True,drift
2025-02-10 21:00:00,16.537277169321403,1004.1,63.0,AWS-VAR-052,Varanasi,VAR,center,True,drift
2025-02-10 22:00:00,15.013393275623343,1004.1,66.0,AWS-VAR-052,Varanasi,VAR,center,True,drift
2025-02-10 23:00:00,14.789509381925292,1003.8,61.0,AWS-VAR-052,Varanasi,VAR,center,True,drift
2025-02-11 00:00:00,13.765625488227238,1003.2,60.0,AWS-VAR-052,Varanasi,VAR,center,True,drift
2025-02-11 01:00:00,12.541741594529181,1002.5,60.0,AWS-VAR-052,Varanasi,VAR,center,True,drift
2025-02-11 02:00:00,11.617857700831127,1002.1,60.0,AWS-VAR-052,Varanasi,VAR,center,True,drift
2025-02-11 03:00:00,10.493973807133074,1001.8,62.0,AWS-VAR-052,Varanasi,VAR,center,True,drift
2025-02-11 04:00:00,9.470089913435018,1001.9,65.0,AWS-VAR-052,Varanasi,VAR,center,True,drift
2025-02-11 05:00:00,8.646206019736965,1002.4,68.0,AWS-VAR-052,Varanasi,VAR,center,True,drift
2025-02-11 06:00:00,8.12232212603891,1003.5,75.0,AWS-VAR-052,Varanasi,VAR,center,True,drift
2025-02-11 07:00:00,8.498438232340856,1004.1,73.0,AWS-VAR-052,Varanasi,VAR,center,True,drift
2025-02-11 08:00:00,10.974554338642802,1005.0,65.0,AWS-VAR-052,Varanasi,VAR,center,True,drift
2025-02-11 09:00:00,13.950670444944745,1005.4,55.0,AWS-VAR-052,Varanasi,VAR,center,True,drift
2025-02-11 10:00:00,16.72678655124669,1005.5,45.0,AWS-VAR-052,Varanasi,VAR,center,True,drift
2025-02-11 11:00:00,18.50290265754864,1004.7,37.0,AWS-VAR-052,Varanasi,VAR,center,True,drift
2025-02-11 12:00:00,19.679018763850586,1003.8,31.0,AWS-VAR-052,Varanasi,VAR,center,True,drift
2025-02-11 13:00:00,20.255134870152528,1002.8,27.0,AWS-VAR-052,Varanasi,VAR,center,True,drift
2025-02-11 14:00:00,20.331250976454474,1001.9,26.0,AWS-VAR-052,Varanasi,VAR,center,True,drift
2025-02-11 15:00:00,20.20736708275642,1001.2,22.0,AWS-VAR-052,Varanasi,VAR,center,True,drift
2025-02-11 16:00:00,19.283483189058366,1001.1,23.0,AWS-VAR-052,Varanasi,VAR,center,True,drift
2025-02-11 17:00:00,16.65959929536031,1001.1,32.0,AWS-VAR-052,Varanasi,VAR,center,True,drift
2025-02-11 18:00:00,24.8,1001.0727004003637,38.0,AWS-VAR-052,Varanasi,VAR,center,True,frozen_value
2025-02-11 19:00:00,24.1,1001.1062368602567,36.0,AWS-VAR-052,Varanasi,VAR,center,True,frozen_value
2025-02-11 20:00:00,23.3,1001.1030489117638,37.0,AWS-VAR-052,Varanasi,VAR,center,True,frozen_value
2025-02-11 21:00:00,22.3,1001.1428066394321,40.0,AWS-VAR-052,Varanasi,VAR,center,True,frozen_value
2025-02-11 22:00:00,21.1,1001.1717114669601,43.0,AWS-VAR-052,Varanasi,VAR,center,True,frozen_value
2025-02-11 23:00:00,20.3,1001.1668896384449,45.0,AWS-VAR-052,Varanasi,VAR,center,True,frozen_value
2025-02-12 00:00:00,19.8,1001.1313301073202,46.0,AWS-VAR-052,Varanasi,VAR,center,True,frozen_value
2025-02-12 01:00:00,19.0,1002.0,49.0,AWS-VAR-052,Varanasi,VAR,center,False,
2025-02-12 02:00:00,17.9,1001.4,53.0,AWS-VAR-052,Varanasi,VAR,center,False,
2025-02-12 03:00:00,17.0,1001.1,58.0,AWS-VAR-052,Varanasi,VAR,center,False,
2025-02-12 04:00:00,16.4,1001.3,64.0,AWS-VAR-052,Varanasi,VAR,center,False,
2025-02-12 05:00:00,15.8,1002.2,69.0,AWS-VAR-052,Varanasi,VAR,center,False,
2025-02-12 06:00:00,15.7,1002.9,82.0,AWS-VAR-052,Varanasi,VAR,center,False,
2025-02-12 07:00:00,16.2,1003.4,81.0,AWS-VAR-052,Varanasi,VAR,center,False,
2025-02-12 08:00:00,18.9,1004.5,70.0,AWS-VAR-052,Varanasi,VAR,center,False,
2025-02-12 09:00:00,22.1,1005.2,58.0,AWS-VAR-052,Varanasi,VAR,center,False,
2025-02-12 10:00:00,25.1,1005.4,48.0,AWS-VAR-052,Varanasi,VAR,center,False,
2025-02-12 11:00:00,27.3,1004.6,42.0,AWS-VAR-052,Varanasi,VAR,center,False,
2025-02-12 12:00:00,28.9,1003.5,36.0,AWS-VAR-052,Varanasi,VAR,center,False,
2025-02-12 13:00:00,29.7,1002.2,32.0,AWS-VAR-052,Varanasi,VAR,center,False,
2025-02-12 14:00:00,30.1,1001.3,28.0,AWS-VAR-052,Varanasi,VAR,center,False,
2025-02-12 15:00:00,29.8,1000.8,27.0,AWS-VAR-052,Varanasi,VAR,center,False,
2025-02-12 16:00:00,29.5,1000.6,26.0,AWS-VAR-052,Varanasi,VAR,center,False,
2025-02-12 17:00:00,27.2,1000.6,35.0,AWS-VAR-052,Varanasi,VAR,center,False,
2025-02-12 18:00:00,25.0,1001.3,44.0,AWS-VAR-052,Varanasi,VAR,center,False,
2025-02-12 19:00:00,30.916807592722286,993.1028993635915,18.70052555361781,AWS-VAR-052,Varanasi,VAR,center,True,unstructured_anomaly
2025-02-12 20:00:00,17.15348206972614,1010.086950178567,50.0561299495162,AWS-VAR-052,Varanasi,VAR,center,True,unstructured_anomaly
2025-02-12 21:00:00,16.674727816206016,1009.5501035708804,22.88424527076807,AWS-VAR-052,Varanasi,VAR,center,True,unstructured_anomaly
2025-02-12 22:00:00,14.909529582355008,1009.9306534447154,25.084390415023012,AWS-VAR-052,Varanasi,VAR,center,True,unstructured_anomaly
2025-02-12 23:00:00,27.37044163232188,995.2619666852258,33.524481406658836,AWS-VAR-052,Varanasi,VAR,center,True,unstructured_anomaly
2025-02-13 00:00:00,20.3,1002.8,51.0,AWS-VAR-052,Varanasi,VAR,center,False,
2025-02-13 01:00:00,19.4,1002.7,52.0,AWS-VAR-052,Varanasi,VAR,center,False,
2025-02-13 02:00:00,18.6,1002.5,51.0,AWS-VAR-052,Varanasi,VAR,center,False,
2025-02-13 03:00:00,17.7,1002.1,53.0,AWS-VAR-052,Varanasi,VAR,center,False,
2025-02-13 04:00:00,16.8,1002.5,53.0,AWS-VAR-052,Varanasi,VAR,center,False,
2025-02-13 05:00:00,16.0,1002.9,56.0,AWS-VAR-052,Varanasi,VAR,center,False,
2025-02-13 06:00:00,14.7,1004.1,70.0,AWS-VAR-052,Varanasi,VAR,center,False,
2025-02-13 07:00:00,15.1,1004.8,66.0,AWS-VAR-052,Varanasi,VAR,center,False,
2025-02-13 08:00:00,17.2,1005.6,59.0,AWS-VAR-052,Varanasi,VAR,center,False,
2025-02-13 09:00:00,19.7,1006.4,49.0,AWS-VAR-052,Varanasi,VAR,center,False,
2025-02-13 10:00:00,28.300633557007767,1005.6526587068801,63.479324004561136,AWS-VAR-052,Varanasi,VAR,center,True,multivariate_inconsistency
2025-02-13 11:00:00,30.000633557007767,1005.4810376216109,53.99275625360202,AWS-VAR-052,Varanasi,VAR,center,True,multivariate_inconsistency
2025-02-13 12:00:00,31.40063355700777,1004.1657421702433,44.60419525642447,AWS-VAR-052,Varanasi,VAR,center,True,multivariate_inconsistency
2025-02-13 13:00:00,25.8,1003.1,25.0,AWS-VAR-052,Varanasi,VAR,center,False,
2025-02-13 14:00:00,26.1,1001.9,24.0,AWS-VAR-052,Varanasi,VAR,center,False,
2025-02-13 15:00:00,26.2,1001.2,23.0,AWS-VAR-052,Varanasi,VAR,center,False,
2025-02-13 16:00:00,25.6,1000.9,24.0,AWS-VAR-052,Varanasi,VAR,center,False,
2025-02-13 17:00:00,23.9,1001.2,29.0,AWS-VAR-052,Varanasi,VAR,center,False,
2025-02-13 18:00:00,21.8,1002.3,39.0,AWS-VAR-052,Varanasi,VAR,center,False,
2025-02-13 19:00:00,20.5,1002.9,43.0,AWS-VAR-052,Varanasi,VAR,center,False,
2025-02-13 20:00:00,19.6,1003.5,49.0,AWS-VAR-052,Varanasi,VAR,center,False,
2025-02-13 21:00:00,19.2,1004.0,49.0,AWS-VAR-052,Varanasi,VAR,center,False,
2025-02-13 22:00:00,18.7,1004.2,49.0,AWS-VAR-052,Varanasi,VAR,center,False,
2025-02-13 23:00:00,18.0,1003.7,51.0,AWS-VAR-052,Varanasi,VAR,center,False,
2025-02-14 00:00:00,17.3,1003.1,54.0,AWS-VAR-052,Varanasi,VAR,center,False,
2025-02-14 01:00:00,16.8,1002.7,55.0,AWS-VAR-052,Varanasi,VAR,center,False,
2025-02-14 02:00:00,16.4,1002.2,55.0,AWS-VAR-052,Varanasi,VAR,center,False,
2025-02-14 03:00:00,16.0,1002.0,55.0,AWS-VAR-052,Varanasi,VAR,center,False,
2025-02-14 04:00:00,15.4,1002.0,55.0,AWS-VAR-052,Varanasi,VAR,center,False,
2025-02-14 05:00:00,14.9,1002.2,55.0,AWS-VAR-052,Varanasi,VAR,center,False,
2025-02-14 06:00:00,13.6,1003.6,66.0,AWS-VAR-052,Varanasi,VAR,center,False,
2025-02-14 07:00:00,14.3,1004.5,62.0,AWS-VAR-052,Varanasi,VAR,center,False,
2025-02-14 08:00:00,16.6,1005.2,54.0,AWS-VAR-052,Varanasi,VAR,center,False,
2025-02-14 09:00:00,19.3,1005.4,45.0,AWS-VAR-052,Varanasi,VAR,center,False,
2025-02-14 10:00:00,21.7,1005.0,37.0,AWS-VAR-052,Varanasi,VAR,center,False,
2025-02-14 11:00:00,23.7,1004.2,31.0,AWS-VAR-052,Varanasi,VAR,center,False,
2025-02-14 12:00:00,25.2,1003.0,28.0,AWS-VAR-052,Varanasi,VAR,center,False,
2025-02-14 13:00:00,26.8,1001.7,20.0,AWS-VAR-052,Varanasi,VAR,center,False,
2025-02-14 14:00:00,27.3,1000.7,19.0,AWS-VAR-052,Varanasi,VAR,center,False,
2025-02-14 15:00:00,27.3,1000.2,18.0,AWS-VAR-052,Varanasi,VAR,center,False,
2025-02-14 16:00:00,26.5,1000.0,20.0,AWS-VAR-052,Varanasi,VAR,center,False,
2025-02-14 17:00:00,24.9,1000.3,24.0,AWS-VAR-052,Varanasi,VAR,center,False,
2025-02-14 18:00:00,22.7,1000.9,32.0,AWS-VAR-052,Varanasi,VAR,center,False,
2025-02-14 19:00:00,21.4,1001.4,39.0,AWS-VAR-052,Varanasi,VAR,center,False,
2025-02-14 20:00:00,20.8,1002.1,42.0,AWS-VAR-052,Varanasi,VAR,center,False,
2025-02-14 21:00:00,20.4,1002.4,41.0,AWS-VAR-052,Varanasi,VAR,center,False,
2025-02-14 22:00:00,19.9,1002.6,42.0,AWS-VAR-052,Varanasi,VAR,center,False,
2025-02-14 23:00:00,19.3,1002.5,43.0,AWS-VAR-052,Varanasi,VAR,center,False,
2025-02-15 00:00:00,18.5,1002.0,45.0,AWS-VAR-052,Varanasi,VAR,center,False,
2025-02-15 01:00:00,17.9,1001.5,47.0,AWS-VAR-052,Varanasi,VAR,center,False,
2025-02-15 02:00:00,17.4,1000.9,48.0,AWS-VAR-052,Varanasi,VAR,center,False,
2025-02-15 03:00:00,16.8,1000.6,50.0,AWS-VAR-052,Varanasi,VAR,center,False,
2025-02-15 04:00:00,16.2,1000.8,53.0,AWS-VAR-052,Varanasi,VAR,center,False,
2025-02-15 05:00:00,15.7,1001.0,55.0,AWS-VAR-052,Varanasi,VAR,center,False,
2025-02-15 06:00:00,14.8,1002.4,64.0,AWS-VAR-052,Varanasi,VAR,center,True,drift
2025-02-15 07:00:00,15.666643176118827,1003.4,61.0,AWS-VAR-052,Varanasi,VAR,center,True,drift
2025-02-15 08:00:00,18.691821241170555,1004.1,53.0,AWS-VAR-052,Varanasi,VAR,center,True,drift
2025-02-15 09:00:00,22.156190424930905,1004.8,45.0,AWS-VAR-052,Varanasi,VAR,center,True,drift
2025-02-15 10:00:00,25.25266312388816,1004.4,36.0,AWS-VAR-052,Varanasi,VAR,center,True,drift
2025-02-15 11:00:00,27.377095787453268,1003.6,28.0,AWS-VAR-052,Varanasi,VAR,center,True,drift
2025-02-15 12:00:00,28.926670131676243,1002.6,24.0,AWS-VAR-052,Varanasi,VAR,center,True,drift
2025-02-15 13:00:00,29.799304221926192,1001.6,23.0,AWS-VAR-052,Varanasi,VAR,center,True,drift
2025-02-15 14:00:00,30.293376670178688,1000.6,23.0,AWS-VAR-052,Varanasi,VAR,center,True,drift
2025-02-15 15:00:00,30.407577307867324,1016.4587729669266,24.0,AWS-VAR-052,Varanasi,VAR,center,True,drift
2025-02-15 16:00:00,30.34081815568118,999.9,26.0,AWS-VAR-052,Varanasi,VAR,center,True,drift
2025-02-15 17:00:00,29.19217653197153,999.9,37.0,AWS-VAR-052,Varanasi,VAR,center,True,drift
2025-02-15 18:00:00,27.960856737920906,1000.5,34.0,AWS-VAR-052,Varanasi,VAR,center,True,drift
2025-02-15 19:00:00,25.94616316654799,1000.7,47.0,AWS-VAR-052,Varanasi,VAR,center,True,drift
2025-02-15 20:00:00,24.847480789757373,1001.4,53.0,AWS-VAR-052,Varanasi,VAR,center,True,drift
2025-02-15 21:00:00,23.964260604124537,1002.0,60.0,AWS-VAR-052,Varanasi,VAR,center,True,drift
2025-02-15 22:00:00,23.296008521422465,1002.4,66.0,AWS-VAR-052,Varanasi,VAR,center,True,drift
2025-02-15 23:00:00,23.942276719843395,1001.5,64.0,AWS-VAR-052,Varanasi,VAR,center,True,drift
2025-02-16 00:00:00,24.30265679544609,1001.1,64.0,AWS-VAR-052,Varanasi,VAR,center,True,drift
2025-02-16 01:00:00,23.8767742581416,1000.4,68.0,AWS-VAR-052,Varanasi,VAR,center,True,drift
2025-02-16 02:00:00,23.664284050197672,1000.0,71.0,AWS-VAR-052,Varanasi,VAR,center,True,drift
2025-02-16 03:00:00,23.864866854868538,999.8,72.0,AWS-VAR-052,Varanasi,VAR,center,True,drift
2025-02-16 04:00:00,24.078226024293045,1000.2,73.0,AWS-VAR-052,Varanasi,VAR,center,True,drift
2025-02-16 05:00:00,24.304084998948234,1000.7,73.0,AWS-VAR-052,Varanasi,VAR,center,True,drift
2025-02-16 06:00:00,15.9,1001.9,77.0,AWS-VAR-052,Varanasi,VAR,center,False,
2025-02-16 07:00:00,16.8,1002.5,72.0,AWS-VAR-052,Varanasi,VAR,center,False,
2025-02-16 08:00:00,19.3,1003.4,62.0,AWS-VAR-052,Varanasi,VAR,center,False,
2025-02-16 09:00:00,22.3,1004.2,51.0,AWS-VAR-052,Varanasi,VAR,center,False,
2025-02-16 10:00:00,25.0,1004.0,43.0,AWS-VAR-052,Varanasi,VAR,center,False,
2025-02-16 11:00:00,27.0,1003.3,37.0,AWS-VAR-052,Varanasi,VAR,center,False,
2025-02-16 12:00:00,28.3,1002.2,34.0,AWS-VAR-052,Varanasi,VAR,center,False,
2025-02-16 13:00:00,29.1,1001.0,34.0,AWS-VAR-052,Varanasi,VAR,center,False,
2025-02-16 14:00:00,29.4,1000.0,33.0,AWS-VAR-052,Varanasi,VAR,center,False,
2025-02-16 15:00:00,29.2,999.9,34.0,AWS-VAR-052,Varanasi,VAR,center,False,
2025-02-16 16:00:00,28.5,1000.2,35.0,AWS-VAR-052,Varanasi,VAR,center,False,
2025-02-16 17:00:00,27.0,1000.6,40.0,AWS-VAR-052,Varanasi,VAR,center,False,
2025-02-16 18:00:00,25.2,1001.4,47.0,AWS-VAR-052,Varanasi,VAR,center,False,
2025-02-16 19:00:00,23.7,1002.2,54.0,AWS-VAR-052,Varanasi,VAR,center,False,
2025-02-16 20:00:00,22.1,1003.2,61.0,AWS-VAR-052,Varanasi,VAR,center,False,
2025-02-16 21:00:00,21.1,1003.7,65.0,AWS-VAR-052,Varanasi,VAR,center,False,
2025-02-16 22:00:00,-40.05651098386025,1004.0,68.0,AWS-VAR-052,Varanasi,VAR,center,True,sensor_fail_low
2025-02-16 23:00:00,-40.086525284554604,1004.0,70.0,AWS-VAR-052,Varanasi,VAR,center,True,sensor_fail_low
2025-02-17 00:00:00,-39.98143605530664,1004.1,71.0,AWS-VAR-052,Varanasi,VAR,center,True,sensor_fail_low
2025-02-17 01:00:00,-40.049216245375035,1004.5,74.0,AWS-VAR-052,Varanasi,VAR,center,True,sensor_fail_low
2025-02-17 02:00:00,17.8,1003.8,76.0,AWS-VAR-052,Varanasi,VAR,center,False,
2025-02-17 03:00:00,17.9,1003.7,75.0,AWS-VAR-052,Varanasi,VAR,center,False,
2025-02-17 04:00:00,17.9,1003.6,75.0,AWS-VAR-052,Varanasi,VAR,center,False,
2025-02-17 05:00:00,17.7,1003.9,75.0,AWS-VAR-052,Varanasi,VAR,center,False,
2025-02-17 06:00:00,17.9,1004.8,76.0,AWS-VAR-052,Varanasi,VAR,center,False,
2025-02-17 07:00:00,18.4,1005.8,74.0,AWS-VAR-052,Varanasi,VAR,center,False,
2025-02-17 08:00:00,20.7,1006.6,64.0,AWS-VAR-052,Varanasi,VAR,center,False,
2025-02-17 09:00:00,23.4,1007.3,54.0,AWS-VAR-052,Varanasi,VAR,center,False,
2025-02-17 10:00:00,25.9,1007.0,46.0,AWS-VAR-052,Varanasi,VAR,center,False,
2025-02-17 11:00:00,27.7,1006.5,38.0,AWS-VAR-052,Varanasi,VAR,center,False,
2025-02-17 12:00:00,28.7,1005.5,35.0,AWS-VAR-052,Varanasi,VAR,center,False,
2025-02-17 13:00:00,29.3,1004.6,32.0,AWS-VAR-052,Varanasi,VAR,center,False,
2025-02-17 14:00:00,29.5,1003.7,31.0,AWS-VAR-052,Varanasi,VAR,center,False,
2025-02-17 15:00:00,29.4,1003.1,31.0,AWS-VAR-052,Varanasi,VAR,center,False,
2025-02-17 16:00:00,28.7,1003.1,33.0,AWS-VAR-052,Varanasi,VAR,center,False,
2025-02-17 17:00:00,27.0,1003.3,38.0,AWS-VAR-052,Varanasi,VAR,center,False,
2025-02-17 18:00:00,25.2,1003.8,43.0,AWS-VAR-052,Varanasi,VAR,center,False,
2025-02-17 19:00:00,24.0,1004.6,48.0,AWS-VAR-052,Varanasi,VAR,center,False,
2025-02-17 20:00:00,22.9,1005.3,54.0,AWS-VAR-052,Varanasi,VAR,center,False,
2025-02-17 21:00:00,21.9,1005.6,57.0,AWS-VAR-052,Varanasi,VAR,center,False,
2025-02-17 22:00:00,21.2,1005.7,59.0,AWS-VAR-052,Varanasi,VAR,center,False,
2025-02-17 23:00:00,20.6,1005.3,62.0,AWS-VAR-052,Varanasi,VAR,center,False,
2025-02-18 00:00:00,19.9,1004.5,66.0,AWS-VAR-052,Varanasi,VAR,center,False,
2025-02-18 01:00:00,18.6,1003.9,72.0,AWS-VAR-052,Varanasi,VAR,center,False,
2025-02-18 02:00:00,17.9,1003.3,75.0,AWS-VAR-052,Varanasi,VAR,center,False,
2025-02-18 03:00:00,17.9,1003.0,74.0,AWS-VAR-052,Varanasi,VAR,center,False,
2025-02-18 04:00:00,17.6,1003.2,75.0,AWS-VAR-052,Varanasi,VAR,center,False,
2025-02-18 05:00:00,16.8,1003.5,80.0,AWS-VAR-052,Varanasi,VAR,center,False,
2025-02-18 06:00:00,16.5,1005.0,85.0,AWS-VAR-052,Varanasi,VAR,center,False,
2025-02-18 07:00:00,17.5,1006.0,80.0,AWS-VAR-052,Varanasi,VAR,center,False,
2025-02-18 08:00:00,20.3,1006.7,68.0,AWS-VAR-052,Varanasi,VAR,center,False,
2025-02-18 09:00:00,23.7,1007.0,54.0,AWS-VAR-052,Varanasi,VAR,center,False,
2025-02-18 10:00:00,26.1,1007.2,44.0,AWS-VAR-052,Varanasi,VAR,center,False,
2025-02-18 11:00:00,27.4,1006.2,38.0,AWS-VAR-052,Varanasi,VAR,center,False,
2025-02-18 12:00:00,28.5,1005.0,34.0,AWS-VAR-052,Varanasi,VAR,center,False,
2025-02-18 13:00:00,29.2,1003.9,30.0,AWS-VAR-052,Varanasi,VAR,center,False,
2025-02-18 14:00:00,29.6,1002.8,28.0,AWS-VAR-052,Varanasi,VAR,center,False,
2025-02-18 15:00:00,29.5,1002.3,29.0,AWS-VAR-052,Varanasi,VAR,center,False,
2025-02-18 16:00:00,28.9,1002.3,31.0,AWS-VAR-052,Varanasi,VAR,center,False,
2025-02-18 17:00:00,27.8,1002.4,35.0,AWS-VAR-052,Varanasi,VAR,center,False,
2025-02-18 18:00:00,25.9,1002.5,45.0,AWS-VAR-052,Varanasi,VAR,center,False,
2025-02-18 19:00:00,24.9,1003.0,49.0,AWS-VAR-052,Varanasi,VAR,center,False,
2025-02-18 20:00:00,24.2,1003.3,51.0,AWS-VAR-052,Varanasi,VAR,center,False,
2025-02-18 21:00:00,24.1,1004.1,46.0,AWS-VAR-052,Varanasi,VAR,center,False,
2025-02-18 22:00:00,22.6,1004.7,51.0,AWS-VAR-052,Varanasi,VAR,center,False,
2025-02-18 23:00:00,21.3,1004.6,58.0,AWS-VAR-052,Varanasi,VAR,center,False,
2025-02-19 00:00:00,20.4,1003.8,62.0,AWS-VAR-052,Varanasi,VAR,center,False,
2025-02-19 01:00:00,19.8,1003.3,65.0,AWS-VAR-052,Varanasi,VAR,center,False,
2025-02-19 02:00:00,18.7,1002.9,70.0,AWS-VAR-052,Varanasi,VAR,center,False,
2025-02-19 03:00:00,18.3,1002.5,71.0,AWS-VAR-052,Varanasi,VAR,center,False,
2025-02-19 04:00:00,18.0,1002.5,72.0,AWS-VAR-052,Varanasi,VAR,center,False,
2025-02-19 05:00:00,17.6,1002.8,74.0,AWS-VAR-052,Varanasi,VAR,center,False,
2025-02-19 06:00:00,17.5,1004.1,80.0,AWS-VAR-052,Varanasi,VAR,center,False,
2025-02-19 07:00:00,18.4,1004.6,76.0,AWS-VAR-052,Varanasi,VAR,center,False,
2025-02-19 08:00:00,21.5,1005.7,63.0,AWS-VAR-052,Varanasi,VAR,center,False,
2025-02-19 09:00:00,24.5,1006.2,49.0,AWS-VAR-052,Varanasi,VAR,center,False,
2025-02-19 10:00:00,26.3,1005.8,39.0,AWS-VAR-052,Varanasi,VAR,center,False,
2025-02-19 11:00:00,27.7,1005.2,34.0,AWS-VAR-052,Varanasi,VAR,center,False,
2025-02-19 12:00:00,28.6,1004.1,31.0,AWS-VAR-052,Varanasi,VAR,center,False,
2025-02-19 13:00:00,29.1,1002.4,31.0,AWS-VAR-052,Varanasi,VAR,center,False,
2025-02-19 14:00:00,29.4,1001.2,29.0,AWS-VAR-052,Varanasi,VAR,center,False,
2025-02-19 15:00:00,29.3,1000.6,28.0,AWS-VAR-052,Varanasi,VAR,center,False,
2025-02-19 16:00:00,28.7,1000.5,28.0,AWS-VAR-052,Varanasi,VAR,center,False,
2025-02-19 17:00:00,27.3,1000.8,31.0,AWS-VAR-052,Varanasi,VAR,center,False,
2025-02-19 18:00:00,26.0,1001.8,36.0,AWS-VAR-052,Varanasi,VAR,center,False,
2025-02-19 19:00:00,30.671583417331522,995.3229247326352,55.90300955153825,AWS-VAR-052,Varanasi,VAR,center,True,unstructured_anomaly
2025-02-19 20:00:00,30.84814445688321,995.2842724096914,24.365187587283945,AWS-VAR-052,Varanasi,VAR,center,True,unstructured_anomaly
2025-02-19 21:00:00,29.18152135743168,994.8762589461103,61.69354572733358,AWS-VAR-052,Varanasi,VAR,center,True,unstructured_anomaly
2025-02-19 22:00:00,28.289859242200798,995.7536105392116,32.88307715394666,AWS-VAR-052,Varanasi,VAR,center,True,unstructured_anomaly
2025-02-19 23:00:00,14.210578504465694,1011.841372930085,36.164569473474,AWS-VAR-052,Varanasi,VAR,center,True,unstructured_anomaly
2025-02-20 00:00:00,25.82819961887777,996.7112763967382,75.42056175092307,AWS-VAR-052,Varanasi,VAR,center,True,unstructured_anomaly
2025-02-20 01:00:00,13.816566782613474,1009.631834274434,43.46096488734413,AWS-VAR-052,Varanasi,VAR,center,True,unstructured_anomaly
2025-02-20 02:00:00,25.601969857968676,994.7393672756724,43.8129035906876,AWS-VAR-052,Varanasi,VAR,center,True,unstructured_anomaly
2025-02-20 03:00:00,19.2,1002.5,61.0,AWS-VAR-052,Varanasi,VAR,center,False,
2025-02-20 04:00:00,18.5,1002.7,63.0,AWS-VAR-052,Varanasi,VAR,center,False,
2025-02-20 05:00:00,52.53092624251558,1003.2,65.0,AWS-VAR-052,Varanasi,VAR,center,True,spike
2025-02-20 06:00:00,18.3,1004.2,68.0,AWS-VAR-052,Varanasi,VAR,center,False,
2025-02-20 07:00:00,19.4,1005.2,64.0,AWS-VAR-052,Varanasi,VAR,center,False,
2025-02-20 08:00:00,22.0,1006.2,54.0,AWS-VAR-052,Varanasi,VAR,center,False,
2025-02-20 09:00:00,24.6,1006.9,46.0,AWS-VAR-052,Varanasi,VAR,center,False,
2025-02-20 10:00:00,26.7,1006.6,41.0,AWS-VAR-052,Varanasi,VAR,center,False,
2025-02-20 11:00:00,28.3,1006.0,35.0,AWS-VAR-052,Varanasi,VAR,center,False,
2025-02-20 12:00:00,29.4,1005.0,32.0,AWS-VAR-052,Varanasi,VAR,center,False,
2025-02-20 13:00:00,29.9,1003.7,30.0,AWS-VAR-052,Varanasi,VAR,center,False,
2025-02-20 14:00:00,30.1,1002.7,30.0,AWS-VAR-052,Varanasi,VAR,center,False,
2025-02-20 15:00:00,29.7,1002.4,31.0,AWS-VAR-052,Varanasi,VAR,center,False,
2025-02-20 16:00:00,29.1,1002.4,32.0,AWS-VAR-052,Varanasi,VAR,center,False,
2025-02-20 17:00:00,28.0,1002.8,35.0,AWS-VAR-052,Varanasi,VAR,center,False,
2025-02-20 18:00:00,26.0,1003.8,44.0,AWS-VAR-052,Varanasi,VAR,center,False,
2025-02-20 19:00:00,24.8,1004.6,48.0,AWS-VAR-052,Varanasi,VAR,center,False,
2025-02-20 20:00:00,23.9,1005.2,52.0,AWS-VAR-052,Varanasi,VAR,center,False,
2025-02-20 21:00:00,22.9,1005.6,56.0,AWS-VAR-052,Varanasi,VAR,center,False,
2025-02-20 22:00:00,22.1,1005.9,59.0,AWS-VAR-052,Varanasi,VAR,center,False,
2025-02-20 23:00:00,21.2,1005.7,62.0,AWS-VAR-052,Varanasi,VAR,center,False,
2025-02-21 00:00:00,20.6,1005.2,65.0,AWS-VAR-052,Varanasi,VAR,center,False,
2025-02-21 01:00:00,20.0,1004.7,66.0,AWS-VAR-052,Varanasi,VAR,center,False,
2025-02-21 02:00:00,19.3,1004.5,69.0,AWS-VAR-052,Varanasi,VAR,center,False,
2025-02-21 03:00:00,18.9,1004.4,70.0,AWS-VAR-052,Varanasi,VAR,center,False,
2025-02-21 04:00:00,18.6,1004.4,72.0,AWS-VAR-052,Varanasi,VAR,center,False,
2025-02-21 05:00:00,18.4,1005.0,73.0,AWS-VAR-052,Varanasi,VAR,center,False,
2025-02-21 06:00:00,18.5,1005.9,79.0,AWS-VAR-052,Varanasi,VAR,center,False,
2025-02-21 07:00:00,19.3,1006.8,75.0,AWS-VAR-052,Varanasi,VAR,center,False,
2025-02-21 08:00:00,,1007.6,64.0,AWS-VAR-052,Varanasi,VAR,center,True,dropout
2025-02-21 09:00:00,24.9,1008.2,55.0,AWS-VAR-052,Varanasi,VAR,center,False,
2025-02-21 10:00:00,27.4,1007.8,48.0,AWS-VAR-052,Varanasi,VAR,center,False,
2025-02-21 11:00:00,29.3,1007.2,40.0,AWS-VAR-052,Varanasi,VAR,center,False,
2025-02-21 12:00:00,30.5,1005.9,33.0,AWS-VAR-052,Varanasi,VAR,center,False,
2025-02-21 13:00:00,31.0,1004.5,29.0,AWS-VAR-052,Varanasi,VAR,center,False,
2025-02-21 14:00:00,31.0,1003.5,28.0,AWS-VAR-052,Varanasi,VAR,center,False,
2025-02-21 15:00:00,30.8,1002.8,27.0,AWS-VAR-052,Varanasi,VAR,center,False,
2025-02-21 16:00:00,30.3,1002.6,27.0,AWS-VAR-052,Varanasi,VAR,center,False,
2025-02-21 17:00:00,28.8,1002.9,31.0,AWS-VAR-052,Varanasi,VAR,center,False,
2025-02-21 18:00:00,27.3,1003.3,36.0,AWS-VAR-052,Varanasi,VAR,center,False,
2025-02-21 19:00:00,26.1,1004.0,39.0,AWS-VAR-052,Varanasi,VAR,center,False,
2025-02-21 20:00:00,25.3,1004.6,40.0,AWS-VAR-052,Varanasi,VAR,center,False,
2025-02-21 21:00:00,24.1,1004.8,43.0,AWS-VAR-052,Varanasi,VAR,center,False,
2025-02-21 22:00:00,23.3,1004.8,48.0,AWS-VAR-052,Varanasi,VAR,center,False,
2025-02-21 23:00:00,22.0,1004.3,55.0,AWS-VAR-052,Varanasi,VAR,center,True,frozen_value
2025-02-22 00:00:00,21.3,1004.2,55.10111256992269,AWS-VAR-052,Varanasi,VAR,center,True,frozen_value
2025-02-22 01:00:00,20.1,1004.0,55.111790638893034,AWS-VAR-052,Varanasi,VAR,center,True,frozen_value
2025-02-22 02:00:00,19.9,1003.7,55.14391434271354,AWS-VAR-052,Varanasi,VAR,center,True,frozen_value
2025-02-22 03:00:00,19.1,1003.4,55.14178547799657,AWS-VAR-052,Varanasi,VAR,center,True,frozen_value
2025-02-22 04:00:00,18.5,1003.5,55.176439120877326,AWS-VAR-052,Varanasi,VAR,center,True,frozen_value
2025-02-22 05:00:00,17.8,1004.0,55.140465590073184,AWS-VAR-052,Varanasi,VAR,center,True,frozen_value
2025-02-22 06:00:00,18.3,1005.0,55.224713952787866,AWS-VAR-052,Varanasi,VAR,center,True,frozen_value
2025-02-22 07:00:00,19.2,1005.8,55.17689819478234,AWS-VAR-052,Varanasi,VAR,center,True,frozen_value
2025-02-22 08:00:00,22.4,1006.8,61.0,AWS-VAR-052,Varanasi,VAR,center,False,
2025-02-22 09:00:00,25.6,1007.4,48.0,AWS-VAR-052,Varanasi,VAR,center,False,
2025-02-22 10:00:00,27.7,1007.5,41.0,AWS-VAR-052,Varanasi,VAR,center,False,
2025-02-22 11:00:00,29.1,1006.9,36.0,AWS-VAR-052,Varanasi,VAR,center,False,
2025-02-22 12:00:00,29.9,1005.9,33.0,AWS-VAR-052,Varanasi,VAR,center,False,
2025-02-22 13:00:00,30.0,1004.9,33.0,AWS-VAR-052,Varanasi,VAR,center,False,
2025-02-22 14:00:00,30.0,1003.9,33.0,AWS-VAR-052,Varanasi,VAR,center,False,
2025-02-22 15:00:00,29.5,1003.4,32.0,AWS-VAR-052,Varanasi,VAR,center,False,
2025-02-22 16:00:00,29.2,1003.2,32.0,AWS-VAR-052,Varanasi,VAR,center,False,
2025-02-22 17:00:00,28.4,1003.3,34.0,AWS-VAR-052,Varanasi,VAR,center,False,
2025-02-22 18:00:00,26.6,1004.3,41.0,AWS-VAR-052,Varanasi,VAR,center,False,
2025-02-22 19:00:00,25.2,1005.2,45.0,AWS-VAR-052,Varanasi,VAR,center,False,
2025-02-22 20:00:00,24.0,1006.0,49.0,AWS-VAR-052,Varanasi,VAR,center,False,
2025-02-22 21:00:00,23.1,1006.6,51.0,AWS-VAR-052,Varanasi,VAR,center,False,
2025-02-22 22:00:00,22.1,1006.8,53.0,AWS-VAR-052,Varanasi,VAR,center,False,
2025-02-22 23:00:00,21.2,1006.9,55.0,AWS-VAR-052,Varanasi,VAR,center,False,
2025-02-23 00:00:00,20.6,1006.7,56.0,AWS-VAR-052,Varanasi,VAR,center,False,
2025-02-23 01:00:00,19.8,1006.4,57.0,AWS-VAR-052,Varanasi,VAR,center,False,
2025-02-23 02:00:00,18.9,1005.9,61.0,AWS-VAR-052,Varanasi,VAR,center,False,
2025-02-23 03:00:00,18.0,1005.6,65.0,AWS-VAR-052,Varanasi,VAR,center,False,
2025-02-23 04:00:00,17.3,1005.8,68.0,AWS-VAR-052,Varanasi,VAR,center,False,
2025-02-23 05:00:00,16.9,1006.3,70.0,AWS-VAR-052,Varanasi,VAR,center,False,
2025-02-23 06:00:00,17.4,1007.3,74.0,AWS-VAR-052,Varanasi,VAR,center,False,
2025-02-23 07:00:00,18.1,1008.4,70.0,AWS-VAR-052,Varanasi,VAR,center,False,
2025-02-23 08:00:00,20.5,1009.3,61.0,AWS-VAR-052,Varanasi,VAR,center,False,
2025-02-23 09:00:00,23.1,1009.6,52.0,AWS-VAR-052,Varanasi,VAR,center,False,
2025-02-23 10:00:00,25.1,1009.5,44.0,AWS-VAR-052,Varanasi,VAR,center,False,
2025-02-23 11:00:00,26.6,1008.7,37.0,AWS-VAR-052,Varanasi,VAR,center,False,
2025-02-23 12:00:00,27.6,1007.5,32.0,AWS-VAR-052,Varanasi,VAR,center,False,
2025-02-23 13:00:00,28.2,1006.4,30.0,AWS-VAR-052,Varanasi,VAR,center,False,
2025-02-23 14:00:00,28.3,1005.3,29.0,AWS-VAR-052,Varanasi,VAR,center,False,
2025-02-23 15:00:00,28.3,1004.6,27.0,AWS-VAR-052,Varanasi,VAR,center,False,
2025-02-23 16:00:00,28.0,1004.3,27.0,AWS-VAR-052,Varanasi,VAR,center,False,
2025-02-23 17:00:00,26.6,1004.8,29.0,AWS-VAR-052,Varanasi,VAR,center,False,
2025-02-23 18:00:00,24.8,1005.7,35.0,AWS-VAR-052,Varanasi,VAR,center,False,
2025-02-23 19:00:00,23.9,1006.8,37.0,AWS-VAR-052,Varanasi,VAR,center,False,
2025-02-23 20:00:00,23.0,1007.4,39.0,AWS-VAR-052,Varanasi,VAR,center,False,
2025-02-23 21:00:00,21.9,1007.9,42.0,AWS-VAR-052,Varanasi,VAR,center,False,
2025-02-23 22:00:00,20.4,1008.2,51.0,AWS-VAR-052,Varanasi,VAR,center,False,
2025-02-23 23:00:00,19.3,1008.1,53.0,AWS-VAR-052,Varanasi,VAR,center,False,
2025-02-24 00:00:00,18.7,1008.0,54.0,AWS-VAR-052,Varanasi,VAR,center,False,
2025-02-24 01:00:00,18.4,1007.6,54.0,AWS-VAR-052,Varanasi,VAR,center,False,
2025-02-24 02:00:00,17.6,1007.2,56.0,AWS-VAR-052,Varanasi,VAR,center,False,
2025-02-24 03:00:00,16.9,1006.9,60.0,AWS-VAR-052,Varanasi,VAR,center,False,
2025-02-24 04:00:00,16.0,1006.8,65.0,AWS-VAR-052,Varanasi,VAR,center,False,
2025-02-24 05:00:00,15.5,1007.4,71.0,AWS-VAR-052,Varanasi,VAR,center,False,
2025-02-24 06:00:00,15.6,1008.6,77.0,AWS-VAR-052,Varanasi,VAR,center,False,
2025-02-24 07:00:00,17.1,1009.3,70.0,AWS-VAR-052,Varanasi,VAR,center,False,
2025-02-24 08:00:00,20.8,1010.4,55.0,AWS-VAR-052,Varanasi,VAR,center,False,
2025-02-24 09:00:00,24.2,1011.1,44.0,AWS-VAR-052,Varanasi,VAR,center,False,
2025-02-24 10:00:00,26.0,1010.7,38.0,AWS-VAR-052,Varanasi,VAR,center,False,
2025-02-24 11:00:00,27.3,1010.2,33.0,AWS-VAR-052,Varanasi,VAR,center,False,
2025-02-24 12:00:00,28.1,1008.8,30.0,AWS-VAR-052,Varanasi,VAR,center,False,
2025-02-24 13:00:00,28.6,1007.4,27.0,AWS-VAR-052,Varanasi,VAR,center,False,
2025-02-24 14:00:00,28.6,1006.1,26.0,AWS-VAR-052,Varanasi,VAR,center,False,
2025-02-24 15:00:00,28.4,1005.3,-0.01196463273227359,AWS-VAR-052,Varanasi,VAR,center,True,sensor_fail_low
2025-02-24 16:00:00,27.9,1005.2,-0.06554671803694896,AWS-VAR-052,Varanasi,VAR,center,True,sensor_fail_low
2025-02-24 17:00:00,26.9,1005.6,0.014059299025734601,AWS-VAR-052,Varanasi,VAR,center,True,sensor_fail_low
2025-02-24 18:00:00,24.7,1006.5,-0.03234690744350418,AWS-VAR-052,Varanasi,VAR,center,True,sensor_fail_low
2025-02-24 19:00:00,23.8,1007.3,40.0,AWS-VAR-052,Varanasi,VAR,center,False,
2025-02-24 20:00:00,23.0,1007.9,42.0,AWS-VAR-052,Varanasi,VAR,center,False,
2025-02-24 21:00:00,21.6,1008.5,47.0,AWS-VAR-052,Varanasi,VAR,center,False,
2025-02-24 22:00:00,21.0,1009.0,47.0,AWS-VAR-052,Varanasi,VAR,center,False,
2025-02-24 23:00:00,20.2,1008.6,52.0,AWS-VAR-052,Varanasi,VAR,center,False,
2025-02-25 00:00:00,19.0,1008.1,56.0,AWS-VAR-052,Varanasi,VAR,center,False,
2025-02-25 01:00:00,18.3,1007.6,58.0,AWS-VAR-052,Varanasi,VAR,center,False,
2025-02-25 02:00:00,17.8,1007.0,60.0,AWS-VAR-052,Varanasi,VAR,center,False,
2025-02-25 03:00:00,17.0,1006.8,64.0,AWS-VAR-052,Varanasi,VAR,center,False,
2025-02-25 04:00:00,16.4,1006.6,69.0,AWS-VAR-052,Varanasi,VAR,center,False,
2025-02-25 05:00:00,16.0,1007.3,71.0,AWS-VAR-052,Varanasi,VAR,center,False,
2025-02-25 06:00:00,16.4,1008.5,78.0,AWS-VAR-052,Varanasi,VAR,center,False,
2025-02-25 07:00:00,17.4,1009.3,72.0,AWS-VAR-052,Varanasi,VAR,center,False,
2025-02-25 08:00:00,20.6,1010.2,58.0,AWS-VAR-052,Varanasi,VAR,center,False,
2025-02-25 09:00:00,23.2,1010.9,47.0,AWS-VAR-052,Varanasi,VAR,center,False,
2025-02-25 10:00:00,26.0,1011.0,36.0,AWS-VAR-052,Varanasi,VAR,center,False,
2025-02-25 11:00:00,27.4,1010.8,30.0,AWS-VAR-052,Varanasi,VAR,center,False,
2025-02-25 12:00:00,27.8,1009.7,29.0,AWS-VAR-052,Varanasi,VAR,center,False,
2025-02-25 13:00:00,28.2,1008.6,28.0,AWS-VAR-052,Varanasi,VAR,center,False,
2025-02-25 14:00:00,28.6,1007.4,26.0,AWS-VAR-052,Varanasi,VAR,center,False,
2025-02-25 15:00:00,28.4,1007.2,26.0,AWS-VAR-052,Varanasi,VAR,center,False,
2025-02-25 16:00:00,27.9,1007.2,26.0,AWS-VAR-052,Varanasi,VAR,center,False,
2025-02-25 17:00:00,26.7,1007.4,29.0,AWS-VAR-052,Varanasi,VAR,center,False,
2025-02-25 18:00:00,24.6,1008.6,39.0,AWS-VAR-052,Varanasi,VAR,center,False,
2025-02-25 19:00:00,23.8,1009.5,40.0,AWS-VAR-052,Varanasi,VAR,center,False,
2025-02-25 20:00:00,22.5,1010.1,43.0,AWS-VAR-052,Varanasi,VAR,center,False,
2025-02-25 21:00:00,21.1,1010.4,47.0,AWS-VAR-052,Varanasi,VAR,center,False,
2025-02-25 22:00:00,20.1,1010.4,51.0,AWS-VAR-052,Varanasi,VAR,center,False,
2025-02-25 23:00:00,19.4,1009.9,55.0,AWS-VAR-052,Varanasi,VAR,center,False,
2025-02-26 00:00:00,18.5,1009.7,60.0,AWS-VAR-052,Varanasi,VAR,center,False,
2025-02-26 01:00:00,17.5,1009.0,65.0,AWS-VAR-052,Varanasi,VAR,center,False,
2025-02-26 02:00:00,17.1,1008.1,68.0,AWS-VAR-052,Varanasi,VAR,center,False,
2025-02-26 03:00:00,16.3,1007.9,72.0,AWS-VAR-052,Varanasi,VAR,center,False,
2025-02-26 04:00:00,15.8,1007.9,74.0,AWS-VAR-052,Varanasi,VAR,center,False,
2025-02-26 05:00:00,15.5,1008.4,76.0,AWS-VAR-052,Varanasi,VAR,center,False,
2025-02-26 06:00:00,15.2,1010.0,83.0,AWS-VAR-052,Varanasi,VAR,center,False,
2025-02-26 07:00:00,16.5,1011.0,78.0,AWS-VAR-052,Varanasi,VAR,center,False,
2025-02-26 08:00:00,19.8,1012.0,62.0,AWS-VAR-052,Varanasi,VAR,center,False,
2025-02-26 09:00:00,22.9,1012.4,49.0,AWS-VAR-052,Varanasi,VAR,center,False,
2025-02-26 10:00:00,-39.9632423081937,1012.4,40.0,AWS-VAR-052,Varanasi,VAR,center,True,sensor_fail_low
2025-02-26 11:00:00,-40.00483117581834,1010.9,35.0,AWS-VAR-052,Varanasi,VAR,center,True,sensor_fail_low
2025-02-26 12:00:00,-40.03225346285691,1009.9,31.0,AWS-VAR-052,Varanasi,VAR,center,True,sensor_fail_low
2025-02-26 13:00:00,-40.037170483252524,1007.9,29.0,AWS-VAR-052,Varanasi,VAR,center,True,sensor_fail_low
2025-02-26 14:00:00,28.9,1006.8,28.0,AWS-VAR-052,Varanasi,VAR,center,False,
2025-02-26 15:00:00,28.4,1006.3,28.0,AWS-VAR-052,Varanasi,VAR,center,False,
2025-02-26 16:00:00,28.0,1006.0,27.0,AWS-VAR-052,Varanasi,VAR,center,False,
2025-02-26 17:00:00,27.0,1005.8,28.0,AWS-VAR-052,Varanasi,VAR,center,False,
2025-02-26 18:00:00,25.0,1006.4,34.0,AWS-VAR-052,Varanasi,VAR,center,False,
2025-02-26 19:00:00,24.3,1007.3,36.0,AWS-VAR-052,Varanasi,VAR,center,False,
2025-02-26 20:00:00,22.6,1007.9,45.0,AWS-VAR-052,Varanasi,VAR,center,False,
2025-02-26 21:00:00,22.0,1008.4,51.0,AWS-VAR-052,Varanasi,VAR,center,False,
2025-02-26 22:00:00,21.3,1008.9,54.0,AWS-VAR-052,Varanasi,VAR,center,False,
2025-02-26 23:00:00,20.1,1008.4,60.0,AWS-VAR-052,Varanasi,VAR,center,False,
2025-02-27 00:00:00,19.4,1007.8,62.0,AWS-VAR-052,Varanasi,VAR,center,False,
2025-02-27 01:00:00,18.8,1007.1,65.0,AWS-VAR-052,Varanasi,VAR,center,False,
2025-02-27 02:00:00,18.4,1006.3,66.0,AWS-VAR-052,Varanasi,VAR,center,False,
2025-02-27 03:00:00,18.1,1005.8,66.0,AWS-VAR-052,Varanasi,VAR,center,False,
2025-02-27 04:00:00,17.7,1005.6,66.0,AWS-VAR-052,Varanasi,VAR,center,False,
2025-02-27 05:00:00,17.7,1005.9,65.0,AWS-VAR-052,Varanasi,VAR,center,False,
2025-02-27 06:00:00,17.4,1006.9,70.0,AWS-VAR-052,Varanasi,VAR,center,False,
2025-02-27 07:00:00,18.6,1007.6,64.0,AWS-VAR-052,Varanasi,VAR,center,False,
2025-02-27 08:00:00,22.1,1008.4,52.0,AWS-VAR-052,Varanasi,VAR,center,False,
2025-02-27 09:00:00,25.6,1009.1,39.0,AWS-VAR-052,Varanasi,VAR,center,False,
2025-02-27 10:00:00,27.9,1008.7,34.0,AWS-VAR-052,Varanasi,VAR,center,False,
2025-02-27 11:00:00,29.5,1007.7,32.0,AWS-VAR-052,Varanasi,VAR,center,False,
2025-02-27 12:00:00,30.4,1006.4,30.0,AWS-VAR-052,Varanasi,VAR,center,False,
2025-02-27 13:00:00,30.6,1004.9,30.0,AWS-VAR-052,Varanasi,VAR,center,False,
2025-02-27 14:00:00,31.2,1003.6,29.0,AWS-VAR-052,Varanasi,VAR,center,False,
2025-02-27 15:00:00,31.2,1002.8,28.0,AWS-VAR-052,Varanasi,VAR,center,False,
2025-02-27 16:00:00,30.7,1003.0,29.0,AWS-VAR-052,Varanasi,VAR,center,False,
2025-02-27 17:00:00,29.3,1003.4,32.0,AWS-VAR-052,Varanasi,VAR,center,False,
2025-02-27 18:00:00,27.1,1003.9,41.0,AWS-VAR-052,Varanasi,VAR,center,False,
2025-02-27 19:00:00,26.0,1004.7,44.0,AWS-VAR-052,Varanasi,VAR,center,False,
2025-02-27 20:00:00,24.7,1005.3,51.0,AWS-VAR-052,Varanasi,VAR,center,False,
2025-02-27 21:00:00,24.2,1005.6,52.0,AWS-VAR-052,Varanasi,VAR,center,False,
2025-02-27 22:00:00,22.9,1005.5,58.0,AWS-VAR-052,Varanasi,VAR,center,False,
2025-02-27 23:00:00,21.9,1005.0,,AWS-VAR-052,Varanasi,VAR,center,True,dropout
2025-02-28 00:00:00,21.0,1004.5,67.0,AWS-VAR-052,Varanasi,VAR,center,False,
2025-02-28 01:00:00,20.3,1003.7,69.0,AWS-VAR-052,Varanasi,VAR,center,False,
2025-02-28 02:00:00,20.5,1002.8,67.0,AWS-VAR-052,Varanasi,VAR,center,False,
2025-02-28 03:00:00,20.3,1002.1,66.0,AWS-VAR-052,Varanasi,VAR,center,False,
2025-02-28 04:00:00,19.5,1002.2,67.0,AWS-VAR-052,Varanasi,VAR,center,False,
2025-02-28 05:00:00,19.0,1002.4,68.0,AWS-VAR-052,Varanasi,VAR,center,False,
2025-02-28 06:00:00,19.2,1003.3,69.0,AWS-VAR-052,Varanasi,VAR,center,False,
2025-02-28 07:00:00,20.2,1004.3,65.0,AWS-VAR-052,Varanasi,VAR,center,False,
2025-02-28 08:00:00,22.4,1005.5,57.0,AWS-VAR-052,Varanasi,VAR,center,False,
2025-02-28 09:00:00,34.63158290435111,1005.7804693311681,92.25778288506056,AWS-VAR-052,Varanasi,VAR,center,True,multivariate_inconsistency
2025-02-28 10:00:00,36.331582904351116,1005.6677938005886,82.27622851011859,AWS-VAR-052,Varanasi,VAR,center,True,multivariate_inconsistency
2025-02-28 11:00:00,38.63158290435111,1004.8842132739132,70.36957916972861,AWS-VAR-052,Varanasi,VAR,center,True,multivariate_inconsistency
2025-02-28 12:00:00,30.8,1003.9,32.0,AWS-VAR-052,Varanasi,VAR,center,False,
2025-02-28 13:00:00,31.8,1002.2,30.0,AWS-VAR-052,Varanasi,VAR,center,False,
2025-02-28 14:00:00,32.3,1000.8,30.0,AWS-VAR-052,Varanasi,VAR,center,False,
2025-02-28 15:00:00,32.1,1000.1,31.0,AWS-VAR-052,Varanasi,VAR,center,False,
2025-02-28 16:00:00,31.1,1000.1,34.0,AWS-VAR-052,Varanasi,VAR,center,False,
2025-02-28 17:00:00,29.4,1000.3,40.0,AWS-VAR-052,Varanasi,VAR,center,False,
2025-02-28 18:00:00,27.5,1002.2,48.0,AWS-VAR-052,Varanasi,VAR,center,False,
2025-02-28 19:00:00,26.4,1002.7,52.0,AWS-VAR-052,Varanasi,VAR,center,False,
2025-02-28 20:00:00,25.3,1003.5,57.0,AWS-VAR-052,Varanasi,VAR,center,False,
2025-02-28 21:00:00,24.4,1003.9,60.0,AWS-VAR-052,Varanasi,VAR,center,False,
2025-02-28 22:00:00,23.9,1003.9,61.0,AWS-VAR-052,Varanasi,VAR,center,False,
2025-02-28 23:00:00,23.6,1002.9,62.0,AWS-VAR-052,Varanasi,VAR,center,False,
2025-03-01 00:00:00,22.9,1002.2,66.0,AWS-VAR-052,Varanasi,VAR,center,False,
2025-03-01 01:00:00,22.6,1001.5,68.0,AWS-VAR-052,Varanasi,VAR,center,False,
2025-03-01 02:00:00,22.2,1000.6,70.0,AWS-VAR-052,Varanasi,VAR,center,False,
2025-03-01 03:00:00,21.8,1000.0,71.0,AWS-VAR-052,Varanasi,VAR,center,False,
2025-03-01 04:00:00,20.5,1001.5,78.0,AWS-VAR-052,Varanasi,VAR,center,False,
2025-03-01 05:00:00,20.0,1001.3,82.0,AWS-VAR-052,Varanasi,VAR,center,False,
2025-03-01 06:00:00,19.8,1002.0,88.0,AWS-VAR-052,Varanasi,VAR,center,False,
2025-03-01 07:00:00,20.6,1003.2,84.0,AWS-VAR-052,Varanasi,VAR,center,False,
2025-03-01 08:00:00,21.6,1003.9,79.0,AWS-VAR-052,Varanasi,VAR,center,False,
2025-03-01 09:00:00,24.9,1003.6,67.0,AWS-VAR-052,Varanasi,VAR,center,False,
2025-03-01 10:00:00,27.5,1003.6,56.0,AWS-VAR-052,Varanasi,VAR,center,False,
2025-03-01 11:00:00,29.1,1003.2,50.0,AWS-VAR-052,Varanasi,VAR,center,False,
2025-03-01 12:00:00,29.6,1001.9,48.0,AWS-VAR-052,Varanasi,VAR,center,False,
2025-03-01 13:00:00,30.0,1000.9,47.0,AWS-VAR-052,Varanasi,VAR,center,False,
2025-03-01 14:00:00,29.7,999.8,45.0,AWS-VAR-052,Varanasi,VAR,center,False,
2025-03-01 15:00:00,30.0,999.5,43.0,AWS-VAR-052,Varanasi,VAR,center,False,
2025-03-01 16:00:00,29.4,999.7,45.0,AWS-VAR-052,Varanasi,VAR,center,False,
2025-03-01 17:00:00,27.6,1000.3,52.0,AWS-VAR-052,Varanasi,VAR,center,False,
2025-03-01 18:00:00,26.8,1000.9,54.0,AWS-VAR-052,Varanasi,VAR,center,False,
2025-03-01 19:00:00,25.3,1001.8,57.0,AWS-VAR-052,Varanasi,VAR,center,False,
2025-03-01 20:00:00,24.2,1002.3,61.0,AWS-VAR-052,Varanasi,VAR,center,False,
2025-03-01 21:00:00,23.2,1002.5,64.0,AWS-VAR-052,Varanasi,VAR,center,False,
2025-03-01 22:00:00,22.1,1002.3,71.0,AWS-VAR-052,Varanasi,VAR,center,False,
2025-03-01 23:00:00,21.7,1001.6,75.0,AWS-VAR-052,Varanasi,VAR,center,False,
2025-03-02 00:00:00,20.7,1001.0,77.0,AWS-VAR-052,Varanasi,VAR,center,False,
2025-03-02 01:00:00,20.3,1000.5,78.0,AWS-VAR-052,Varanasi,VAR,center,False,
2025-03-02 02:00:00,19.7,999.9,81.0,AWS-VAR-052,Varanasi,VAR,center,False,
2025-03-02 03:00:00,19.3,999.4,82.0,AWS-VAR-052,Varanasi,VAR,center,False,
2025-03-02 04:00:00,18.8,999.3,84.0,AWS-VAR-052,Varanasi,VAR,center,False,
2025-03-02 05:00:00,18.4,999.8,85.0,AWS-VAR-052,Varanasi,VAR,center,False,
2025-03-02 06:00:00,18.7,1000.8,89.0,AWS-VAR-052,Varanasi,VAR,center,False,
2025-03-02 07:00:00,19.8,1001.5,84.0,AWS-VAR-052,Varanasi,VAR,center,False,
2025-03-02 08:00:00,22.5,1002.2,72.0,AWS-VAR-052,Varanasi,VAR,center,False,
2025-03-02 09:00:00,25.5,1002.7,60.0,AWS-VAR-052,Varanasi,VAR,center,False,
2025-03-02 10:00:00,27.9,1002.5,50.0,AWS-VAR-052,Varanasi,VAR,center,False,
2025-03-02 11:00:00,29.6,1001.8,43.0,AWS-VAR-052,Varanasi,VAR,center,False,
2025-03-02 12:00:00,31.1,1000.5,35.0,AWS-VAR-052,Varanasi,VAR,center,False,
2025-03-02 13:00:00,32.0,999.1,30.0,AWS-VAR-052,Varanasi,VAR,center,False,
2025-03-02 14:00:00,32.1,998.0,28.0,AWS-VAR-052,Varanasi,VAR,center,False,
2025-03-02 15:00:00,32.3,997.5,27.0,AWS-VAR-052,Varanasi,VAR,center,False,
2025-03-02 16:00:00,31.8,997.4,27.0,AWS-VAR-052,Varanasi,VAR,center,False,
2025-03-02 17:00:00,30.3,997.8,,AWS-VAR-052,Varanasi,VAR,center,True,dropout
2025-03-02 18:00:00,28.2,998.6,37.0,AWS-VAR-052,Varanasi,VAR,center,False,
2025-03-02 19:00:00,26.9,999.4,41.0,AWS-VAR-052,Varanasi,VAR,center,False,
2025-03-02 20:00:00,26.1,1000.1,42.0,AWS-VAR-052,Varanasi,VAR,center,False,
2025-03-02 21:00:00,25.1,1000.5,44.0,AWS-VAR-052,Varanasi,VAR,center,False,
2025-03-02 22:00:00,24.3,1000.8,46.0,AWS-VAR-052,Varanasi,VAR,center,False,
2025-03-02 23:00:00,23.4,1000.6,48.0,AWS-VAR-052,Varanasi,VAR,center,False,
2025-03-03 00:00:00,22.7,1000.5,50.0,AWS-VAR-052,Varanasi,VAR,center,False,
2025-03-03 01:00:00,21.9,1000.6,53.0,AWS-VAR-052,Varanasi,VAR,center,False,
2025-03-03 02:00:00,21.2,1000.1,56.0,AWS-VAR-052,Varanasi,VAR,center,False,
2025-03-03 03:00:00,20.6,1000.2,57.0,AWS-VAR-052,Varanasi,VAR,center,False,
2025-03-03 04:00:00,19.7,1000.8,61.0,AWS-VAR-052,Varanasi,VAR,center,False,
2025-03-03 05:00:00,19.1,1001.6,63.0,AWS-VAR-052,Varanasi,VAR,center,False,
2025-03-03 06:00:00,19.0,1002.6,71.0,AWS-VAR-052,Varanasi,VAR,center,False,
2025-03-03 07:00:00,19.8,1003.6,69.0,AWS-VAR-052,Varanasi,VAR,center,False,
2025-03-03 08:00:00,22.3,1004.4,58.0,AWS-VAR-052,Varanasi,VAR,center,False,
2025-03-03 09:00:00,24.7,1004.8,45.0,AWS-VAR-052,Varanasi,VAR,center,False,
2025-03-03 10:00:00,26.8,1004.8,37.0,AWS-VAR-052,Varanasi,VAR,center,False,
2025-03-03 11:00:00,28.5,1004.1,33.0,AWS-VAR-052,Varanasi,VAR,center,False,
2025-03-03 12:00:00,29.6,1002.5,30.0,AWS-VAR-052,Varanasi,VAR,center,False,
2025-03-03 13:00:00,30.4,1001.3,26.0,AWS-VAR-052,Varanasi,VAR,center,False,
2025-03-03 14:00:00,31.2,1000.2,20.0,AWS-VAR-052,Varanasi,VAR,center,False,
2025-03-03 15:00:00,31.1,999.2,19.0,AWS-VAR-052,Varanasi,VAR,center,False,
2025-03-03 16:00:00,30.5,999.4,19.0,AWS-VAR-052,Varanasi,VAR,center,False,
2025-03-03 17:00:00,28.8,999.6,23.0,AWS-VAR-052,Varanasi,VAR,center,False,
2025-03-03 18:00:00,27.1,1000.3,29.0,AWS-VAR-052,Varanasi,VAR,center,False,
2025-03-03 19:00:00,53.906131105239794,1000.7,32.0,AWS-VAR-052,Varanasi,VAR,center,True,spike
2025-03-03 20:00:00,24.5,1001.3,36.0,AWS-VAR-052,Varanasi,VAR,center,True,frozen_value
2025-03-03 21:00:00,24.50631943324237,1001.7,41.0,AWS-VAR-052,Varanasi,VAR,center,True,frozen_value
2025-03-03 22:00:00,24.49381861189134,1001.9,44.0,AWS-VAR-052,Varanasi,VAR,center,True,frozen_value
2025-03-03 23:00:00,24.52430181240064,1001.5,46.0,AWS-VAR-052,Varanasi,VAR,center,True,frozen_value
2025-03-04 00:00:00,24.53359018161686,1001.3,49.0,AWS-VAR-052,Varanasi,VAR,center,True,frozen_value
2025-03-04 01:00:00,24.490844752303076,1000.7,53.0,AWS-VAR-052,Varanasi,VAR,center,True,frozen_value
2025-03-04 02:00:00,24.48073907345333,999.9,57.0,AWS-VAR-052,Varanasi,VAR,center,True,frozen_value
2025-03-04 03:00:00,24.430938784296494,999.5,60.0,AWS-VAR-052,Varanasi,VAR,center,True,frozen_value
2025-03-04 04:00:00,24.456849951610835,999.6,62.0,AWS-VAR-052,Varanasi,VAR,center,True,frozen_value
2025-03-04 05:00:00,18.6,1000.1,65.0,AWS-VAR-052,Varanasi,VAR,center,False,
2025-03-04 06:00:00,18.4,-0.04625792301326811,70.0,AWS-VAR-052,Varanasi,VAR,center,True,sensor_fail_low
2025-03-04 07:00:00,19.7,-0.058540245653538575,66.0,AWS-VAR-052,Varanasi,VAR,center,True,sensor_fail_low
2025-03-04 08:00:00,22.7,-0.022160722308604917,55.0,AWS-VAR-052,Varanasi,VAR,center,True,sensor_fail_low
2025-03-04 09:00:00,25.6,0.002191662545246533,47.0,AWS-VAR-052,Varanasi,VAR,center,True,sensor_fail_low
2025-03-04 10:00:00,28.1,1003.5,41.0,AWS-VAR-052,Varanasi,VAR,center,False,
2025-03-04 11:00:00,30.0,1003.0,36.0,AWS-VAR-052,Varanasi,VAR,center,False,
2025-03-04 12:00:00,31.3,1001.8,31.0,AWS-VAR-052,Varanasi,VAR,center,False,
2025-03-04 13:00:00,31.9,1000.7,30.0,AWS-VAR-052,Varanasi,VAR,center,False,
2025-03-04 14:00:00,31.9,1000.0,32.0,AWS-VAR-052,Varanasi,VAR,center,False,
2025-03-04 15:00:00,32.2,999.1,30.0,AWS-VAR-052,Varanasi,VAR,center,False,
2025-03-04 16:00:00,31.3,999.0,28.0,AWS-VAR-052,Varanasi,VAR,center,False,
2025-03-04 17:00:00,30.0,999.0,30.0,AWS-VAR-052,Varanasi,VAR,center,False,
2025-03-04 18:00:00,28.0,1000.3,32.0,AWS-VAR-052,Varanasi,VAR,center,False,
2025-03-04 19:00:00,27.2,1001.3,30.0,AWS-VAR-052,Varanasi,VAR,center,False,
2025-03-04 20:00:00,26.2,1001.9,32.0,AWS-VAR-052,Varanasi,VAR,center,False,
2025-03-04 21:00:00,24.6,1002.3,36.0,AWS-VAR-052,Varanasi,VAR,center,False,
2025-03-04 22:00:00,23.3,1002.3,40.0,AWS-VAR-052,Varanasi,VAR,center,False,
2025-03-04 23:00:00,22.5,1002.1,42.0,AWS-VAR-052,Varanasi,VAR,center,False,
2025-03-05 00:00:00,22.0,1001.6,41.0,AWS-VAR-052,Varanasi,VAR,center,False,
2025-03-05 01:00:00,21.2,1001.2,38.0,AWS-VAR-052,Varanasi,VAR,center,False,
2025-03-05 02:00:00,20.5,1000.7,35.0,AWS-VAR-052,Varanasi,VAR,center,False,
2025-03-05 03:00:00,19.8,1000.5,33.0,AWS-VAR-052,Varanasi,VAR,center,False,
2025-03-05 04:00:00,19.2,1000.8,34.0,AWS-VAR-052,Varanasi,VAR,center,False,
2025-03-05 05:00:00,18.4,1001.2,38.0,AWS-VAR-052,Varanasi,VAR,center,False,
2025-03-05 06:00:00,17.6,1002.3,58.0,AWS-VAR-052,Varanasi,VAR,center,False,
2025-03-05 07:00:00,18.4,1003.0,59.0,AWS-VAR-052,Varanasi,VAR,center,False,
2025-03-05 08:00:00,20.1,1003.6,55.0,AWS-VAR-052,Varanasi,VAR,center,False,
2025-03-05 09:00:00,21.7,1003.8,49.0,AWS-VAR-052,Varanasi,VAR,center,False,
2025-03-05 10:00:00,23.3,1003.7,39.0,AWS-VAR-052,Varanasi,VAR,center,False,
2025-03-05 11:00:00,24.6,1002.7,31.0,AWS-VAR-052,Varanasi,VAR,center,False,
2025-03-05 12:00:00,25.8,1001.6,25.0,AWS-VAR-052,Varanasi,VAR,center,False,
2025-03-05 13:00:00,26.6,1000.4,21.0,AWS-VAR-052,Varanasi,VAR,center,False,
2025-03-05 14:00:00,27.0,999.6,19.0,AWS-VAR-052,Varanasi,VAR,center,False,
2025-03-05 15:00:00,26.7,999.0,20.0,AWS-VAR-052,Varanasi,VAR,center,False,
2025-03-05 16:00:00,26.1,999.1,20.0,AWS-VAR-052,Varanasi,VAR,center,False,
2025-03-05 17:00:00,24.8,999.2,23.0,AWS-VAR-052,Varanasi,VAR,center,False,
2025-03-05 18:00:00,23.4,1000.3,27.0,AWS-VAR-052,Varanasi,VAR,center,False,
2025-03-05 19:00:00,22.4,1001.0,29.0,AWS-VAR-052,Varanasi,VAR,center,False,
2025-03-05 20:00:00,21.1,1001.7,32.0,AWS-VAR-052,Varanasi,VAR,center,False,
2025-03-05 21:00:00,20.0,1002.1,37.0,AWS-VAR-052,Varanasi,VAR,center,False,
2025-03-05 22:00:00,19.3,1002.2,40.0,AWS-VAR-052,Varanasi,VAR,center,False,
2025-03-05 23:00:00,18.6,1002.1,41.0,AWS-VAR-052,Varanasi,VAR,center,False,
2025-03-06 00:00:00,18.0,1001.9,43.0,AWS-VAR-052,Varanasi,VAR,center,False,
2025-03-06 01:00:00,17.4,1001.7,44.0,AWS-VAR-052,Varanasi,VAR,center,False,
2025-03-06 02:00:00,16.9,1001.2,45.0,AWS-VAR-052,Varanasi,VAR,center,False,
2025-03-06 03:00:00,16.5,1001.0,44.0,AWS-VAR-052,Varanasi,VAR,center,False,
2025-03-06 04:00:00,16.1,1001.2,43.0,AWS-VAR-052,Varanasi,VAR,center,False,
2025-03-06 05:00:00,15.7,1001.4,44.0,AWS-VAR-052,Varanasi,VAR,center,False,
2025-03-06 06:00:00,14.8,1002.3,55.0,AWS-VAR-052,Varanasi,VAR,center,False,
2025-03-06 07:00:00,15.9,1003.3,53.0,AWS-VAR-052,Varanasi,VAR,center,False,
2025-03-06 08:00:00,18.2,1004.0,46.0,AWS-VAR-052,Varanasi,VAR,center,False,
2025-03-06 09:00:00,20.6,-0.07535829670709904,38.0,AWS-VAR-052,Varanasi,VAR,center,True,sensor_fail_low
2025-03-06 10:00:00,22.6,-0.05157030520489846,32.0,AWS-VAR-052,Varanasi,VAR,center,True,sensor_fail_low
2025-03-06 11:00:00,24.1,-0.051784030152100737,28.0,AWS-VAR-052,Varanasi,VAR,center,True,sensor_fail_low
2025-03-06 12:00:00,25.3,-0.04499543519227933,27.0,AWS-VAR-052,Varanasi,VAR,center,True,sensor_fail_low
2025-03-06 13:00:00,26.3,1002.9,25.0,AWS-VAR-052,Varanasi,VAR,center,False,
2025-03-06 14:00:00,26.9,1002.3,23.0,AWS-VAR-052,Varanasi,VAR,center,False,
2025-03-06 15:00:00,27.0,1001.5,22.0,AWS-VAR-052,Varanasi,VAR,center,False,
2025-03-06 16:00:00,26.6,1001.2,22.0,AWS-VAR-052,Varanasi,VAR,center,False,
2025-03-06 17:00:00,25.5,1001.4,24.0,AWS-VAR-052,Varanasi,VAR,center,False,
2025-03-06 18:00:00,24.4,1001.9,27.0,AWS-VAR-052,Varanasi,VAR,center,False,
2025-03-06 19:00:00,16.49817933226181,1009.8905673539829,47.96887024422769,AWS-VAR-052,Varanasi,VAR,center,True,unstructured_anomaly
2025-03-06 20:00:00,27.701231325798183,996.6347570312597,52.89709663507265,AWS-VAR-052,Varanasi,VAR,center,True,unstructured_anomaly
2025-03-06 21:00:00,26.702708963863905,996.5286428434887,54.11427144464253,AWS-VAR-052,Varanasi,VAR,center,True,unstructured_anomaly
2025-03-06 22:00:00,26.58354019219613,996.0247558250798,25.49772207371112,AWS-VAR-052,Varanasi,VAR,center,True,unstructured_anomaly
2025-03-06 23:00:00,18.1,1002.5,45.0,AWS-VAR-052,Varanasi,VAR,center,False,
2025-03-07 00:00:00,17.4,1002.1,48.0,AWS-VAR-052,Varanasi,VAR,center,False,
2025-03-07 01:00:00,16.8,1001.6,49.0,AWS-VAR-052,Varanasi,VAR,center,False,
2025-03-07 02:00:00,16.3,1001.1,50.0,AWS-VAR-052,Varanasi,VAR,center,False,
2025-03-07 03:00:00,15.7,1000.8,52.0,AWS-VAR-052,Varanasi,VAR,center,False,
2025-03-07 04:00:00,15.1,1001.0,54.0,AWS-VAR-052,Varanasi,VAR,center,False,
2025-03-07 05:00:00,14.6,1000.9,57.0,AWS-VAR-052,Varanasi,VAR,center,False,
2025-03-07 06:00:00,14.5,1001.2,66.0,AWS-VAR-052,Varanasi,VAR,center,False,
2025-03-07 07:00:00,16.0,1001.9,62.0,AWS-VAR-052,Varanasi,VAR,center,False,
2025-03-07 08:00:00,19.4,1002.9,51.0,AWS-VAR-052,Varanasi,VAR,center,False,
2025-03-07 09:00:00,23.0,1003.2,40.0,AWS-VAR-052,Varanasi,VAR,center,False,
2025-03-07 10:00:00,25.9,1003.1,31.0,AWS-VAR-052,Varanasi,VAR,center,False,
2025-03-07 11:00:00,27.8,1002.3,25.0,AWS-VAR-052,Varanasi,VAR,center,False,
2025-03-07 12:00:00,28.9,1001.3,22.0,AWS-VAR-052,Varanasi,VAR,center,False,
2025-03-07 13:00:00,29.7,1000.0,21.0,AWS-VAR-052,Varanasi,VAR,center,False,
2025-03-07 14:00:00,30.2,999.2,19.0,AWS-VAR-052,Varanasi,VAR,center,False,
2025-03-07 15:00:00,30.2,998.7,17.0,AWS-VAR-052,Varanasi,VAR,center,False,
2025-03-07 16:00:00,29.6,998.2,17.0,AWS-VAR-052,Varanasi,VAR,center,False,
2025-03-07 17:00:00,28.3,998.4,20.0,AWS-VAR-052,Varanasi,VAR,center,False,
2025-03-07 18:00:00,25.5,998.5,30.0,AWS-VAR-052,Varanasi,VAR,center,False,
2025-03-07 19:00:00,24.6,999.4,33.0,AWS-VAR-052,Varanasi,VAR,center,False,
2025-03-07 20:00:00,23.7,999.9,38.0,AWS-VAR-052,Varanasi,VAR,center,False,
2025-03-07 21:00:00,21.7,1000.3,44.0,AWS-VAR-052,Varanasi,VAR,center,False,
2025-03-07 22:00:00,20.5,1000.1,48.0,AWS-VAR-052,Varanasi,VAR,center,False,
2025-03-07 23:00:00,20.3,999.8,49.0,AWS-VAR-052,Varanasi,VAR,center,False,
2025-03-08 00:00:00,19.3,999.6,51.0,AWS-VAR-052,Varanasi,VAR,center,False,
2025-03-08 01:00:00,18.6,999.1,54.0,AWS-VAR-052,Varanasi,VAR,center,False,
2025-03-08 02:00:00,17.5,998.5,57.0,AWS-VAR-052,Varanasi,VAR,center,False,
2025-03-08 03:00:00,17.0,997.9,61.0,AWS-VAR-052,Varanasi,VAR,center,False,
2025-03-08 04:00:00,16.8,997.9,64.0,AWS-VAR-052,Varanasi,VAR,center,False,
2025-03-08 05:00:00,16.2,998.3,66.0,AWS-VAR-052,Varanasi,VAR,center,False,
2025-03-08 06:00:00,16.4,998.9,69.0,AWS-VAR-052,Varanasi,VAR,center,False,
2025-03-08 07:00:00,17.9,999.7,62.0,AWS-VAR-052,Varanasi,VAR,center,False,
2025-03-08 08:00:00,21.6,1000.6,49.0,AWS-VAR-052,Varanasi,VAR,center,False,
2025-03-08 09:00:00,25.3,1001.1,37.0,AWS-VAR-052,Varanasi,VAR,center,False,
2025-03-08 10:00:00,27.9,1001.1,30.0,AWS-VAR-052,Varanasi,VAR,center,False,
2025-03-08 11:00:00,29.6,1000.5,24.0,AWS-VAR-052,Varanasi,VAR,center,False,
2025-03-08 12:00:00,30.7,999.7,21.0,AWS-VAR-052,Varanasi,VAR,center,False,
2025-03-08 13:00:00,31.2,998.7,21.0,AWS-VAR-052,Varanasi,VAR,center,False,
2025-03-08 14:00:00,31.2,997.8,21.0,AWS-VAR-052,Varanasi,VAR,center,False,
2025-03-08 15:00:00,31.2,997.2,20.0,AWS-VAR-052,Varanasi,VAR,center,False,
2025-03-08 16:00:00,31.2,997.1,18.0,AWS-VAR-052,Varanasi,VAR,center,False,
2025-03-08 17:00:00,30.0,997.5,21.0,AWS-VAR-052,Varanasi,VAR,center,False,
2025-03-08 18:00:00,27.4,998.5,28.0,AWS-VAR-052,Varanasi,VAR,center,False,
2025-03-08 19:00:00,25.6,999.2,30.0,AWS-VAR-052,Varanasi,VAR,center,False,
2025-03-08 20:00:00,24.3,1000.3,31.0,AWS-VAR-052,Varanasi,VAR,center,False,
2025-03-08 21:00:00,22.4,1001.0,37.0,AWS-VAR-052,Varanasi,VAR,center,False,
2025-03-08 22:00:00,21.9,1001.3,38.0,AWS-VAR-052,Varanasi,VAR,center,False,
2025-03-08 23:00:00,21.6,1001.3,44.0,AWS-VAR-052,Varanasi,VAR,center,False,
2025-03-09 00:00:00,20.2,1001.3,51.0,AWS-VAR-052,Varanasi,VAR,center,False,
2025-03-09 01:00:00,19.0,1000.9,57.0,AWS-VAR-052,Varanasi,VAR,center,False,
2025-03-09 02:00:00,-12.551794680861882,1000.8,60.0,AWS-VAR-052,Varanasi,VAR,center,True,spike
2025-03-09 03:00:00,18.1,1000.8,63.0,AWS-VAR-052,Varanasi,VAR,center,False,
2025-03-09 04:00:00,17.9,1000.8,62.0,AWS-VAR-052,Varanasi,VAR,center,False,
2025-03-09 05:00:00,17.8,1001.5,60.0,AWS-VAR-052,Varanasi,VAR,center,False,
2025-03-09 06:00:00,17.9,1002.0,64.0,AWS-VAR-052,Varanasi,VAR,center,False,
2025-03-09 07:00:00,19.5,1003.3,56.0,AWS-VAR-052,Varanasi,VAR,center,False,
2025-03-09 08:00:00,23.3,1004.3,45.0,AWS-VAR-052,Varanasi,VAR,center,False,
2025-03-09 09:00:00,26.9,1004.9,34.0,AWS-VAR-052,Varanasi,VAR,center,False,
2025-03-09 10:00:00,29.7,1005.4,24.0,AWS-VAR-052,Varanasi,VAR,center,False,
2025-03-09 11:00:00,31.0,1005.0,20.0,AWS-VAR-052,Varanasi,VAR,center,False,
2025-03-09 12:00:00,31.8,1004.1,19.0,AWS-VAR-052,Varanasi,VAR,center,False,
2025-03-09 13:00:00,32.2,1003.1,18.0,AWS-VAR-052,Varanasi,VAR,center,False,
2025-03-09 14:00:00,32.2,1002.4,19.0,AWS-VAR-052,Varanasi,VAR,center,False,
2025-03-09 15:00:00,31.7,1002.0,20.0,AWS-VAR-052,Varanasi,VAR,center,False,
2025-03-09 16:00:00,30.9,1001.9,21.0,AWS-VAR-052,Varanasi,VAR,center,False,
2025-03-09 17:00:00,29.5,1002.3,24.0,AWS-VAR-052,Varanasi,VAR,center,False,
2025-03-09 18:00:00,27.5,1003.1,31.0,AWS-VAR-052,Varanasi,VAR,center,False,
2025-03-09 19:00:00,-9.593297003094133,1004.0,36.0,AWS-VAR-052,Varanasi,VAR,center,True,spike
2025-03-09 20:00:00,24.2,1004.8,39.0,AWS-VAR-052,Varanasi,VAR,center,False,
2025-03-09 21:00:00,23.6,1005.4,40.0,AWS-VAR-052,Varanasi,VAR,center,False,
2025-03-09 22:00:00,23.0,1006.0,42.0,AWS-VAR-052,Varanasi,VAR,center,False,
2025-03-09 23:00:00,22.1,1005.9,46.0,AWS-VAR-052,Varanasi,VAR,center,False,
2025-03-10 00:00:00,21.0,1006.1,51.0,AWS-VAR-052,Varanasi,VAR,center,False,
2025-03-10 01:00:00,20.1,1005.6,,AWS-VAR-052,Varanasi,VAR,center,True,dropout
2025-03-10 02:00:00,19.5,1005.2,56.0,AWS-VAR-052,Varanasi,VAR,center,False,
2025-03-10 03:00:00,19.3,1004.8,55.0,AWS-VAR-052,Varanasi,VAR,center,False,
2025-03-10 04:00:00,19.0,1004.8,56.0,AWS-VAR-052,Varanasi,VAR,center,False,
2025-03-10 05:00:00,18.7,1005.1,58.0,AWS-VAR-052,Varanasi,VAR,center,False,
2025-03-10 06:00:00,18.8,1006.5,63.0,AWS-VAR-052,Varanasi,VAR,center,False,
2025-03-10 07:00:00,-40.06828835072818,1007.3,58.0,AWS-VAR-052,Varanasi,VAR,center,True,sensor_fail_low
2025-03-10 08:00:00,-39.95581606721825,1008.2,48.0,AWS-VAR-052,Varanasi,VAR,center,True,sensor_fail_low
2025-03-10 09:00:00,-40.017038998699554,1008.7,40.0,AWS-VAR-052,Varanasi,VAR,center,True,sensor_fail_low
2025-03-10 10:00:00,-40.01880355410305,1008.8,33.0,AWS-VAR-052,Varanasi,VAR,center,True,sensor_fail_low
2025-03-10 11:00:00,30.8,1008.0,26.0,AWS-VAR-052,Varanasi,VAR,center,False,
2025-03-10 12:00:00,31.7,1006.5,24.0,AWS-VAR-052,Varanasi,VAR,center,False,
2025-03-10 13:00:00,32.1,1005.5,23.0,AWS-VAR-052,Varanasi,VAR,center,False,
2025-03-10 14:00:00,32.1,1004.3,23.0,AWS-VAR-052,Varanasi,VAR,center,False,
2025-03-10 15:00:00,31.8,1003.6,22.0,AWS-VAR-052,Varanasi,VAR,center,False,
2025-03-10 16:00:00,31.3,1003.4,23.0,AWS-VAR-052,Varanasi,VAR,center,False,
2025-03-10 17:00:00,29.7,1003.9,28.0,AWS-VAR-052,Varanasi,VAR,center,False,
2025-03-10 18:00:00,28.0,1004.4,32.0,AWS-VAR-052,Varanasi,VAR,center,False,
2025-03-10 19:00:00,26.5,1004.8,36.0,AWS-VAR-052,Varanasi,VAR,center,False,
2025-03-10 20:00:00,25.3,1005.5,41.0,AWS-VAR-052,Varanasi,VAR,center,False,
2025-03-10 21:00:00,24.4,1005.5,47.0,AWS-VAR-052,Varanasi,VAR,center,False,
2025-03-10 22:00:00,23.3,1005.4,51.0,AWS-VAR-052,Varanasi,VAR,center,False,
2025-03-10 23:00:00,22.5,1005.2,54.0,AWS-VAR-052,Varanasi,VAR,center,False,
2025-03-11 00:00:00,21.9,1005.0,58.0,AWS-VAR-052,Varanasi,VAR,center,False,
2025-03-11 01:00:00,20.9,1004.6,59.0,AWS-VAR-052,Varanasi,VAR,center,False,
2025-03-11 02:00:00,20.1,1003.8,63.0,AWS-VAR-052,Varanasi,VAR,center,False,
2025-03-11 03:00:00,19.7,1003.3,64.0,AWS-VAR-052,Varanasi,VAR,center,False,
2025-03-11 04:00:00,19.6,1003.5,64.0,AWS-VAR-052,Varanasi,VAR,center,False,
2025-03-11 05:00:00,19.5,1003.9,64.0,AWS-VAR-052,Varanasi,VAR,center,False,
2025-03-11 06:00:00,19.3,1005.1,70.0,AWS-VAR-052,Varanasi,VAR,center,False,
2025-03-11 07:00:00,20.8,1005.7,63.0,AWS-VAR-052,Varanasi,VAR,center,False,
2025-03-11 08:00:00,24.4,1006.6,51.0,AWS-VAR-052,Varanasi,VAR,center,False,
2025-03-11 09:00:00,28.1,1007.1,38.0,AWS-VAR-052,Varanasi,VAR,center,False,
2025-03-11 10:00:00,30.2,1006.6,32.0,AWS-VAR-052,Varanasi,VAR,center,False,
2025-03-11 11:00:00,31.6,1005.6,28.0,AWS-VAR-052,Varanasi,VAR,center,False,
2025-03-11 12:00:00,32.6,1004.2,26.0,AWS-VAR-052,Varanasi,VAR,center,False,
2025-03-11 13:00:00,33.2,1002.8,25.0,AWS-VAR-052,Varanasi,VAR,center,False,
2025-03-11 14:00:00,33.3,1001.8,25.0,AWS-VAR-052,Varanasi,VAR,center,False,
2025-03-11 15:00:00,33.2,1001.0,25.0,AWS-VAR-052,Varanasi,VAR,center,False,
2025-03-11 16:00:00,32.9,1000.6,25.0,AWS-VAR-052,Varanasi,VAR,center,False,
2025-03-11 17:00:00,32.3,1000.7,25.0,AWS-VAR-052,Varanasi,VAR,center,False,
2025-03-11 18:00:00,29.9,1000.9,32.0,AWS-VAR-052,Varanasi,VAR,center,False,
2025-03-11 19:00:00,28.7,1001.5,36.0,AWS-VAR-052,Varanasi,VAR,center,False,
2025-03-11 20:00:00,27.4,1001.7,42.0,AWS-VAR-052,Varanasi,VAR,center,False,
2025-03-11 21:00:00,26.6,1002.0,43.0,AWS-VAR-052,Varanasi,VAR,center,False,
2025-03-11 22:00:00,25.5,1001.9,45.0,AWS-VAR-052,Varanasi,VAR,center,False,
2025-03-11 23:00:00,24.7,1001.0,46.0,AWS-VAR-052,Varanasi,VAR,center,False,
2025-03-12 00:00:00,23.9,1000.5,46.0,AWS-VAR-052,Varanasi,VAR,center,False,
2025-03-12 01:00:00,23.3,999.5,48.0,AWS-VAR-052,Varanasi,VAR,center,False,
2025-03-12 02:00:00,22.8,998.9,50.0,AWS-VAR-052,Varanasi,VAR,center,False,
2025-03-12 03:00:00,22.5,998.3,51.0,AWS-VAR-052,Varanasi,VAR,center,False,
2025-03-12 04:00:00,22.2,998.2,52.0,AWS-VAR-052,Varanasi,VAR,center,False,
2025-03-12 05:00:00,21.8,998.7,52.0,AWS-VAR-052,Varanasi,VAR,center,False,
2025-03-12 06:00:00,21.2,999.9,58.0,AWS-VAR-052,Varanasi,VAR,center,False,
2025-03-12 07:00:00,22.9,1000.4,53.0,AWS-VAR-052,Varanasi,VAR,center,False,
2025-03-12 08:00:00,25.9,1001.2,45.0,AWS-VAR-052,Varanasi,VAR,center,False,
2025-03-12 09:00:00,29.2,1001.6,36.0,AWS-VAR-052,Varanasi,VAR,center,False,
2025-03-12 10:00:00,31.8,1001.3,31.0,AWS-VAR-052,Varanasi,VAR,center,False,
2025-03-12 11:00:00,33.6,1000.3,27.0,AWS-VAR-052,Varanasi,VAR,center,False,
2025-03-12 12:00:00,34.8,998.9,25.0,AWS-VAR-052,Varanasi,VAR,center,False,
2025-03-12 13:00:00,35.5,997.6,24.0,AWS-VAR-052,Varanasi,VAR,center,False,
2025-03-12 14:00:00,35.9,996.4,22.0,AWS-VAR-052,Varanasi,VAR,center,False,
2025-03-12 15:00:00,36.3,995.5,19.0,AWS-VAR-052,Varanasi,VAR,center,False,
2025-03-12 16:00:00,35.9,995.2,19.0,AWS-VAR-052,Varanasi,VAR,center,False,
2025-03-12 17:00:00,34.2,995.4,22.0,AWS-VAR-052,Varanasi,VAR,center,False,
2025-03-12 18:00:00,32.3,996.0,26.0,AWS-VAR-052,Varanasi,VAR,center,False,
2025-03-12 19:00:00,30.7,996.4,29.0,AWS-VAR-052,Varanasi,VAR,center,False,
2025-03-12 20:00:00,29.4,997.2,32.0,AWS-VAR-052,Varanasi,VAR,center,False,
2025-03-12 21:00:00,28.4,997.6,34.0,AWS-VAR-052,Varanasi,VAR,center,False,
2025-03-12 22:00:00,27.8,997.9,35.0,AWS-VAR-052,Varanasi,VAR,center,False,
2025-03-12 23:00:00,27.2,997.5,36.0,AWS-VAR-052,Varanasi,VAR,center,False,
2025-03-13 00:00:00,26.4,997.2,38.0,AWS-VAR-052,Varanasi,VAR,center,False,
2025-03-13 01:00:00,25.0,997.0,42.0,AWS-VAR-052,Varanasi,VAR,center,False,
2025-03-13 02:00:00,23.9,996.9,47.0,AWS-VAR-052,Varanasi,VAR,center,False,
2025-03-13 03:00:00,23.2,996.6,50.0,AWS-VAR-052,Varanasi,VAR,center,False,
2025-03-13 04:00:00,22.7,996.7,51.0,AWS-VAR-052,Varanasi,VAR,center,False,
2025-03-13 05:00:00,22.2,997.2,51.0,AWS-VAR-052,Varanasi,VAR,center,False,
2025-03-13 06:00:00,21.8,998.4,62.0,AWS-VAR-052,Varanasi,VAR,center,False,
2025-03-13 07:00:00,23.4,999.2,57.0,AWS-VAR-052,Varanasi,VAR,center,False,
2025-03-13 08:00:00,35.951567823845565,999.3957328152638,86.44738377645581,AWS-VAR-052,Varanasi,VAR,center,True,multivariate_inconsistency
2025-03-13 09:00:00,38.951567823845565,1001.1972824293041,73.30314286032423,AWS-VAR-052,Varanasi,VAR,center,True,multivariate_inconsistency
2025-03-13 10:00:00,41.35156782384557,1001.1553242178046,62.21581440297495,AWS-VAR-052,Varanasi,VAR,center,True,multivariate_inconsistency
2025-03-13 11:00:00,33.7,999.7,30.0,AWS-VAR-052,Varanasi,VAR,center,False,
2025-03-13 12:00:00,34.9,998.4,27.0,AWS-VAR-052,Varanasi,VAR,center,False,
2025-03-13 13:00:00,35.6,996.9,25.0,AWS-VAR-052,Varanasi,VAR,center,False,
2025-03-13 14:00:00,35.6,995.9,22.0,AWS-VAR-052,Varanasi,VAR,center,False,
2025-03-13 15:00:00,34.8,995.8,21.0,AWS-VAR-052,Varanasi,VAR,center,False,
2025-03-13 16:00:00,33.6,995.7,24.0,AWS-VAR-052,Varanasi,VAR,center,False,
2025-03-13 17:00:00,32.5,995.5,26.0,AWS-VAR-052,Varanasi,VAR,center,False,
2025-03-13 18:00:00,38.712775630240586,995.7122682054858,41.77094463438061,AWS-VAR-052,Varanasi,VAR,center,True,multivariate_inconsistency
2025-03-13 19:00:00,37.212775630240586,996.8156943448306,48.107383065877414,AWS-VAR-052,Varanasi,VAR,center,True,multivariate_inconsistency
2025-03-13 20:00:00,36.11277563024059,997.1800828136621,54.43869754638085,AWS-VAR-052,Varanasi,VAR,center,True,multivariate_inconsistency
2025-03-13 21:00:00,35.41277563024059,997.6960684422902,57.6334248343759,AWS-VAR-052,Varanasi,VAR,center,True,multivariate_inconsistency
2025-03-13 22:00:00,34.91277563024059,998.2710918459859,59.252954788187566,AWS-VAR-052,Varanasi,VAR,center,True,multivariate_inconsistency
2025-03-13 23:00:00,26.3,997.6,42.0,AWS-VAR-052,Varanasi,VAR,center,False,
2025-03-14 00:00:00,25.5,997.3,43.0,AWS-VAR-052,Varanasi,VAR,center,False,
2025-03-14 01:00:00,24.4,997.1,47.0,AWS-VAR-052,Varanasi,VAR,center,False,
2025-03-14 02:00:00,23.2,996.7,54.0,AWS-VAR-052,Varanasi,VAR,center,False,
2025-03-14 03:00:00,22.6,996.2,53.0,AWS-VAR-052,Varanasi,VAR,center,False,
2025-03-14 04:00:00,22.4,996.7,54.0,AWS-VAR-052,Varanasi,VAR,center,False,
2025-03-14 05:00:00,-8.76678400784322,997.7,53.0,AWS-VAR-052,Varanasi,VAR,center,True,spike
2025-03-14 06:00:00,22.3,998.6,64.0,AWS-VAR-052,Varanasi,VAR,center,False,
2025-03-14 07:00:00,24.2,1000.0,57.0,AWS-VAR-052,Varanasi,VAR,center,False,
2025-03-14 08:00:00,27.9,1001.0,46.0,AWS-VAR-052,Varanasi,VAR,center,False,
2025-03-14 09:00:00,31.6,1001.5,36.0,AWS-VAR-052,Varanasi,VAR,center,False,
2025-03-14 10:00:00,33.9,1001.2,28.0,AWS-VAR-052,Varanasi,VAR,center,False,
2025-03-14 11:00:00,35.3,1000.9,25.0,AWS-VAR-052,Varanasi,VAR,center,False,
2025-03-14 12:00:00,36.3,999.8,22.0,AWS-VAR-052,Varanasi,VAR,center,False,
2025-03-14 13:00:00,36.7,998.8,21.0,AWS-VAR-052,Varanasi,VAR,center,False,
2025-03-14 14:00:00,36.6,997.9,19.0,AWS-VAR-052,Varanasi,VAR,center,False,
2025-03-14 15:00:00,36.1,997.0,20.0,AWS-VAR-052,Varanasi,VAR,center,False,
2025-03-14 16:00:00,35.2,996.9,23.0,AWS-VAR-052,Varanasi,VAR,center,False,
2025-03-14 17:00:00,33.9,997.0,26.0,AWS-VAR-052,Varanasi,VAR,center,False,
2025-03-14 18:00:00,31.8,997.9,31.0,AWS-VAR-052,Varanasi,VAR,center,False,
2025-03-14 19:00:00,30.4,998.4,34.0,AWS-VAR-052,Varanasi,VAR,center,False,
2025-03-14 20:00:00,29.2,998.8,37.0,AWS-VAR-052,Varanasi,VAR,center,False,
2025-03-14 21:00:00,28.4,999.6,39.0,AWS-VAR-052,Varanasi,VAR,center,False,
2025-03-14 22:00:00,27.2,999.9,43.0,AWS-VAR-052,Varanasi,VAR,center,False,
2025-03-14 23:00:00,26.5,999.4,48.0,AWS-VAR-052,Varanasi,VAR,center,False,
2025-03-15 00:00:00,25.4,999.3,47.0,AWS-VAR-052,Varanasi,VAR,center,False,
2025-03-15 01:00:00,24.4,998.9,51.0,AWS-VAR-052,Varanasi,VAR,center,False,
2025-03-15 02:00:00,23.4,998.2,55.0,AWS-VAR-052,Varanasi,VAR,center,False,
2025-03-15 03:00:00,23.5,998.3,54.0,AWS-VAR-052,Varanasi,VAR,center,False,
2025-03-15 04:00:00,23.1,998.3,55.0,AWS-VAR-052,Varanasi,VAR,center,False,
2025-03-15 05:00:00,22.4,999.1,57.0,AWS-VAR-052,Varanasi,VAR,center,False,
2025-03-15 06:00:00,22.6,999.9,65.0,AWS-VAR-052,Varanasi,VAR,center,False,
2025-03-15 07:00:00,24.4,1001.0,58.0,AWS-VAR-052,Varanasi,VAR,center,False,
2025-03-15 08:00:00,28.3,1001.7,46.0,AWS-VAR-052,Varanasi,VAR,center,False,
2025-03-15 09:00:00,32.0,1018.7626752907108,35.0,AWS-VAR-052,Varanasi,VAR,center,True,spike
2025-03-15 10:00:00,34.4,1002.0,28.0,AWS-VAR-052,Varanasi,VAR,center,False,
2025-03-15 11:00:00,36.0,1001.6,24.0,AWS-VAR-052,Varanasi,VAR,center,False,
2025-03-15 12:00:00,37.3,1000.4,22.0,AWS-VAR-052,Varanasi,VAR,center,False,
2025-03-15 13:00:00,38.4,999.4,19.0,AWS-VAR-052,Varanasi,VAR,center,False,
2025-03-15 14:00:00,38.8,998.6,14.0,AWS-VAR-052,Varanasi,VAR,center,False,
2025-03-15 15:00:00,38.4,998.0,15.0,AWS-VAR-052,Varanasi,VAR,center,False,
2025-03-15 16:00:00,38.3,997.9,14.0,AWS-VAR-052,Varanasi,VAR,center,False,
2025-03-15 17:00:00,35.9,998.1,19.0,AWS-VAR-052,Varanasi,VAR,center,False,
2025-03-15 18:00:00,33.4,0.050625888373715705,29.0,AWS-VAR-052,Varanasi,VAR,center,True,sensor_fail_low
2025-03-15 19:00:00,31.3,0.038417231488874284,37.0,AWS-VAR-052,Varanasi,VAR,center,True,sensor_fail_low
2025-03-15 20:00:00,29.9,-0.01874939774190225,42.0,AWS-VAR-052,Varanasi,VAR,center,True,sensor_fail_low
2025-03-15 21:00:00,29.4,-0.018418048333277905,42.0,AWS-VAR-052,Varanasi,VAR,center,True,sensor_fail_low
2025-03-15 22:00:00,28.7,1001.4,42.0,AWS-VAR-052,Varanasi,VAR,center,False,
2025-03-15 23:00:00,27.7,1000.9,44.0,AWS-VAR-052,Varanasi,VAR,center,False,
2025-03-16 00:00:00,26.3,1000.4,50.0,AWS-VAR-052,Varanasi,VAR,center,False,
2025-03-16 01:00:00,25.8,1000.0,51.0,AWS-VAR-052,Varanasi,VAR,center,False,
2025-03-16 02:00:00,25.8,999.6,53.0,AWS-VAR-052,Varanasi,VAR,center,False,
2025-03-16 03:00:00,25.5,999.2,55.0,AWS-VAR-052,Varanasi,VAR,center,False,
2025-03-16 04:00:00,25.0,999.4,56.0,AWS-VAR-052,Varanasi,VAR,center,False,
2025-03-16 05:00:00,24.8,999.8,57.0,AWS-VAR-052,Varanasi,VAR,center,False,
2025-03-16 06:00:00,24.5,1000.1,68.0,AWS-VAR-052,Varanasi,VAR,center,False,
2025-03-16 07:00:00,26.0,1001.5,62.0,AWS-VAR-052,Varanasi,VAR,center,False,
2025-03-16 08:00:00,29.3,1001.8,50.0,AWS-VAR-052,Varanasi,VAR,center,False,
2025-03-16 09:00:00,32.7,1002.2,41.0,AWS-VAR-052,Varanasi,VAR,center,False,
2025-03-16 10:00:00,33.8,1002.3,37.0,AWS-VAR-052,Varanasi,VAR,center,False,
2025-03-16 11:00:00,35.0,1002.1,26.0,AWS-VAR-052,Varanasi,VAR,center,False,
2025-03-16 12:00:00,33.2,1001.9,30.0,AWS-VAR-052,Varanasi,VAR,center,False,
2025-03-16 13:00:00,33.4,1001.2,27.0,AWS-VAR-052,Varanasi,VAR,center,False,
2025-03-16 14:00:00,33.9,999.8,27.0,AWS-VAR-052,Varanasi,VAR,center,False,
2025-03-16 15:00:00,33.4,998.8,30.0,AWS-VAR-052,Varanasi,VAR,center,False,
2025-03-16 16:00:00,32.8,998.4,31.0,AWS-VAR-052,Varanasi,VAR,center,False,
2025-03-16 17:00:00,31.7,998.5,32.0,AWS-VAR-052,Varanasi,VAR,center,False,
2025-03-16 18:00:00,31.7,998.3,30.0,AWS-VAR-052,Varanasi,VAR,center,False,
2025-03-16 19:00:00,31.3,998.5,30.0,AWS-VAR-052,Varanasi,VAR,center,False,
2025-03-16 20:00:00,30.5,998.9,32.0,AWS-VAR-052,Varanasi,VAR,center,False,
2025-03-16 21:00:00,30.0,999.1,34.0,AWS-VAR-052,Varanasi,VAR,center,False,
2025-03-16 22:00:00,29.5,999.3,35.0,AWS-VAR-052,Varanasi,VAR,center,False,
2025-03-16 23:00:00,28.2,999.1,37.0,AWS-VAR-052,Varanasi,VAR,center,False,
2025-03-17 00:00:00,27.0,998.8,39.0,AWS-VAR-052,Varanasi,VAR,center,False,
2025-03-17 01:00:00,25.9,998.8,41.0,AWS-VAR-052,Varanasi,VAR,center,False,
2025-03-17 02:00:00,24.8,999.0,45.0,AWS-VAR-052,Varanasi,VAR,center,False,
2025-03-17 03:00:00,23.6,998.8,51.0,AWS-VAR-052,Varanasi,VAR,center,False,
2025-03-17 04:00:00,23.0,998.6,53.0,AWS-VAR-052,Varanasi,VAR,center,False,
2025-03-17 05:00:00,22.7,999.0,53.0,AWS-VAR-052,Varanasi,VAR,center,False,
2025-03-17 06:00:00,23.3,999.1,65.0,AWS-VAR-052,Varanasi,VAR,center,False,
2025-03-17 07:00:00,25.2,1000.4,58.0,AWS-VAR-052,Varanasi,VAR,center,False,
2025-03-17 08:00:00,27.8,1001.9,47.0,AWS-VAR-052,Varanasi,VAR,center,False,
2025-03-17 09:00:00,29.5,1002.6,40.0,AWS-VAR-052,Varanasi,VAR,center,False,
2025-03-17 10:00:00,31.0,1002.8,35.0,AWS-VAR-052,Varanasi,VAR,center,False,
2025-03-17 11:00:00,32.3,1002.4,29.0,AWS-VAR-052,Varanasi,VAR,center,False,
2025-03-17 12:00:00,33.2,1001.2,26.0,AWS-VAR-052,Varanasi,VAR,center,False,
2025-03-17 13:00:00,33.8,1000.1,25.0,AWS-VAR-052,Varanasi,VAR,center,False,
2025-03-17 14:00:00,34.1,998.8,25.0,AWS-VAR-052,Varanasi,VAR,center,False,
2025-03-17 15:00:00,33.7,998.2,24.0,AWS-VAR-052,Varanasi,VAR,center,False,
2025-03-17 16:00:00,33.3,998.1,24.0,AWS-VAR-052,Varanasi,VAR,center,False,
2025-03-17 17:00:00,32.3,998.6,26.0,AWS-VAR-052,Varanasi,VAR,center,False,
2025-03-17 18:00:00,30.5,999.7,27.0,AWS-VAR-052,Varanasi,VAR,center,False,
2025-03-17 19:00:00,29.2,1000.5,29.0,AWS-VAR-052,Varanasi,VAR,center,False,
2025-03-17 20:00:00,28.5,1001.5,29.0,AWS-VAR-052,Varanasi,VAR,center,False,
2025-03-17 21:00:00,27.6,1001.9,29.0,AWS-VAR-052,Varanasi,VAR,center,False,
2025-03-17 22:00:00,26.9,1002.4,29.0,AWS-VAR-052,Varanasi,VAR,center,False,
2025-03-17 23:00:00,25.8,1002.3,30.0,AWS-VAR-052,Varanasi,VAR,center,False,
2025-03-18 00:00:00,24.6,1002.0,33.0,AWS-VAR-052,Varanasi,VAR,center,False,
2025-03-18 01:00:00,23.7,1001.3,34.0,AWS-VAR-052,Varanasi,VAR,center,False,
2025-03-18 02:00:00,22.8,1000.7,36.0,AWS-VAR-052,Varanasi,VAR,center,False,
2025-03-18 03:00:00,21.8,1000.6,39.0,AWS-VAR-052,Varanasi,VAR,center,False,
2025-03-18 04:00:00,21.0,1000.9,41.0,AWS-VAR-052,Varanasi,VAR,center,False,
2025-03-18 05:00:00,20.5,1001.2,43.0,AWS-VAR-052,Varanasi,VAR,center,False,
2025-03-18 06:00:00,20.1,1002.1,53.0,AWS-VAR-052,Varanasi,VAR,center,False,
2025-03-18 07:00:00,21.8,1002.8,49.0,AWS-VAR-052,Varanasi,VAR,center,False,
2025-03-18 08:00:00,24.8,1003.5,41.0,AWS-VAR-052,Varanasi,VAR,center,False,
2025-03-18 09:00:00,27.6,1003.7,35.0,AWS-VAR-052,Varanasi,VAR,center,False,
2025-03-18 10:00:00,29.9,1003.5,27.0,AWS-VAR-052,Varanasi,VAR,center,False,
2025-03-18 11:00:00,31.3,1002.9,24.0,AWS-VAR-052,Varanasi,VAR,center,False,
2025-03-18 12:00:00,32.3,1001.9,21.0,AWS-VAR-052,Varanasi,VAR,center,False,
2025-03-18 13:00:00,32.8,1000.7,19.0,AWS-VAR-052,Varanasi,VAR,center,False,
2025-03-18 14:00:00,33.1,999.7,17.0,AWS-VAR-052,Varanasi,VAR,center,False,
2025-03-18 15:00:00,32.9,999.4,16.0,AWS-VAR-052,Varanasi,VAR,center,False,
2025-03-18 16:00:00,32.2,999.5,17.0,AWS-VAR-052,Varanasi,VAR,center,False,
2025-03-18 17:00:00,31.1,1000.0,18.0,AWS-VAR-052,Varanasi,VAR,center,False,
2025-03-18 18:00:00,29.1,1000.7,22.0,AWS-VAR-052,Varanasi,VAR,center,False,
2025-03-18 19:00:00,27.4,1001.4,26.0,AWS-VAR-052,Varanasi,VAR,center,False,
2025-03-18 20:00:00,26.4,1002.2,28.0,AWS-VAR-052,Varanasi,VAR,center,False,
2025-03-18 21:00:00,25.3,1002.7,30.0,AWS-VAR-052,Varanasi,VAR,center,False,
2025-03-18 22:00:00,24.5,1003.2,32.0,AWS-VAR-052,Varanasi,VAR,center,False,
2025-03-18 23:00:00,23.7,1003.0,32.0,AWS-VAR-052,Varanasi,VAR,center,False,
2025-03-19 00:00:00,22.6,1002.9,34.0,AWS-VAR-052,Varanasi,VAR,center,False,
2025-03-19 01:00:00,21.7,1002.2,37.0,AWS-VAR-052,Varanasi,VAR,center,False,
2025-03-19 02:00:00,21.1,1001.6,39.0,AWS-VAR-052,Varanasi,VAR,center,False,
2025-03-19 03:00:00,20.5,1001.5,41.0,AWS-VAR-052,Varanasi,VAR,center,False,
2025-03-19 04:00:00,19.8,1001.9,44.0,AWS-VAR-052,Varanasi,VAR,center,False,
2025-03-19 05:00:00,19.0,1002.6,49.0,AWS-VAR-052,Varanasi,VAR,center,False,
2025-03-19 06:00:00,19.0,1003.8,57.0,AWS-VAR-052,Varanasi,VAR,center,False,
2025-03-19 07:00:00,21.2,1004.6,50.0,AWS-VAR-052,Varanasi,VAR,center,False,
2025-03-19 08:00:00,25.0,1005.2,39.0,AWS-VAR-052,Varanasi,VAR,center,False,
2025-03-19 09:00:00,28.1,1005.5,30.0,AWS-VAR-052,Varanasi,VAR,center,False,
2025-03-19 10:00:00,30.2,1005.7,24.0,AWS-VAR-052,Varanasi,VAR,center,False,
2025-03-19 11:00:00,31.6,1004.9,21.0,AWS-VAR-052,Varanasi,VAR,center,False,
2025-03-19 12:00:00,32.8,1004.1,19.0,AWS-VAR-052,Varanasi,VAR,center,False,
2025-03-19 13:00:00,33.6,1003.1,19.0,AWS-VAR-052,Varanasi,VAR,center,False,
2025-03-19 14:00:00,33.8,1002.4,19.0,AWS-VAR-052,Varanasi,VAR,center,False,
2025-03-19 15:00:00,33.6,1001.8,19.0,AWS-VAR-052,Varanasi,VAR,center,False,
2025-03-19 16:00:00,33.3,1001.3,20.0,AWS-VAR-052,Varanasi,VAR,center,False,
2025-03-19 17:00:00,32.5,1001.3,21.0,AWS-VAR-052,Varanasi,VAR,center,False,
2025-03-19 18:00:00,30.7,1001.9,24.0,AWS-VAR-052,Varanasi,VAR,center,False,
2025-03-19 19:00:00,29.4,1002.8,27.0,AWS-VAR-052,Varanasi,VAR,center,False,
2025-03-19 20:00:00,28.4,1003.5,30.0,AWS-VAR-052,Varanasi,VAR,center,False,
2025-03-19 21:00:00,27.5,1004.1,33.0,AWS-VAR-052,Varanasi,VAR,center,False,
2025-03-19 22:00:00,26.9,1003.9,32.0,AWS-VAR-052,Varanasi,VAR,center,False,
2025-03-19 23:00:00,25.9,1004.1,33.0,AWS-VAR-052,Varanasi,VAR,center,False,
2025-03-20 00:00:00,24.8,1004.2,36.0,AWS-VAR-052,Varanasi,VAR,center,False,
2025-03-20 01:00:00,24.1,1003.9,40.0,AWS-VAR-052,Varanasi,VAR,center,False,
2025-03-20 02:00:00,23.0,1003.9,43.0,AWS-VAR-052,Varanasi,VAR,center,False,
2025-03-20 03:00:00,29.888375805451837,1004.5850210697095,80.83815276819756,AWS-VAR-052,Varanasi,VAR,center,True,multivariate_inconsistency
2025-03-20 04:00:00,28.988375805451838,1004.0605821723075,86.43344397943167,AWS-VAR-052,Varanasi,VAR,center,True,multivariate_inconsistency
2025-03-20 05:00:00,28.988375805451838,1003.7063371778557,90.03483747857466,AWS-VAR-052,Varanasi,VAR,center,True,multivariate_inconsistency
2025-03-20 06:00:00,29.08837580545184,1005.2217793125886,100.0,AWS-VAR-052,Varanasi,VAR,center,True,multivariate_inconsistency
2025-03-20 07:00:00,30.788375805451835,1005.6666568238498,96.77560846016061,AWS-VAR-052,Varanasi,VAR,center,True,multivariate_inconsistency
2025-03-20 08:00:00,26.6,1006.2,45.0,AWS-VAR-052,Varanasi,VAR,center,False,
2025-03-20 09:00:00,29.8,1006.7,36.0,AWS-VAR-052,Varanasi,VAR,center,False,
2025-03-20 10:00:00,30.4,1007.3,33.0,AWS-VAR-052,Varanasi,VAR,center,False,
2025-03-20 11:00:00,33.0,1006.2,26.0,AWS-VAR-052,Varanasi,VAR,center,False,
2025-03-20 12:00:00,34.0,1005.0,27.0,AWS-VAR-052,Varanasi,VAR,center,False,
2025-03-20 13:00:00,34.3,1003.6,27.0,AWS-VAR-052,Varanasi,VAR,center,False,
2025-03-20 14:00:00,34.3,1002.2,27.0,AWS-VAR-052,Varanasi,VAR,center,False,
2025-03-20 15:00:00,33.2,1001.4,31.0,AWS-VAR-052,Varanasi,VAR,center,False,
2025-03-20 16:00:00,30.0,1001.4,42.0,AWS-VAR-052,Varanasi,VAR,center,False,
2025-03-20 17:00:00,29.1,1001.3,44.0,AWS-VAR-052,Varanasi,VAR,center,False,
2025-03-20 18:00:00,29.3,1001.9,45.0,AWS-VAR-052,Varanasi,VAR,center,False,
2025-03-20 19:00:00,28.3,1003.0,48.0,AWS-VAR-052,Varanasi,VAR,center,False,
2025-03-20 20:00:00,27.6,1003.7,50.0,AWS-VAR-052,Varanasi,VAR,center,False,
2025-03-20 21:00:00,26.7,1004.4,53.0,AWS-VAR-052,Varanasi,VAR,center,False,
2025-03-20 22:00:00,26.0,1004.5,59.0,AWS-VAR-052,Varanasi,VAR,center,False,
2025-03-20 23:00:00,24.8,1004.0,67.0,AWS-VAR-052,Varanasi,VAR,center,False,
2025-03-21 00:00:00,24.4,1003.7,68.0,AWS-VAR-052,Varanasi,VAR,center,False,
2025-03-21 01:00:00,24.1,1003.2,68.0,AWS-VAR-052,Varanasi,VAR,center,False,
2025-03-21 02:00:00,23.7,1002.8,69.0,AWS-VAR-052,Varanasi,VAR,center,False,
2025-03-21 03:00:00,23.3,1002.9,71.0,AWS-VAR-052,Varanasi,VAR,center,False,
2025-03-21 04:00:00,23.0,1003.5,71.0,AWS-VAR-052,Varanasi,VAR,center,False,
2025-03-21 05:00:00,23.2,1003.5,69.0,AWS-VAR-052,Varanasi,VAR,center,False,
2025-03-21 06:00:00,23.3,1004.6,74.0,AWS-VAR-052,Varanasi,VAR,center,False,
2025-03-21 07:00:00,24.3,1005.3,70.0,AWS-VAR-052,Varanasi,VAR,center,False,
2025-03-21 08:00:00,26.7,1006.3,59.0,AWS-VAR-052,Varanasi,VAR,center,False,
2025-03-21 09:00:00,27.1,1006.4,57.0,AWS-VAR-052,Varanasi,VAR,center,False,
2025-03-21 10:00:00,30.6,1006.1,44.0,AWS-VAR-052,Varanasi,VAR,center,False,
2025-03-21 11:00:00,31.5,1004.8,38.0,AWS-VAR-052,Varanasi,VAR,center,False,
2025-03-21 12:00:00,33.4,1003.6,30.0,AWS-VAR-052,Varanasi,VAR,center,False,
2025-03-21 13:00:00,31.7,1002.8,35.0,AWS-VAR-052,Varanasi,VAR,center,False,
2025-03-21 14:00:00,32.5,1001.5,30.0,AWS-VAR-052,Varanasi,VAR,center,False,
2025-03-21 15:00:00,30.3,1001.3,40.0,AWS-VAR-052,Varanasi,VAR,center,False,
2025-03-21 16:00:00,30.2,1000.6,42.0,AWS-VAR-052,Varanasi,VAR,center,False,
2025-03-21 17:00:00,29.4,1000.9,45.0,AWS-VAR-052,Varanasi,VAR,center,False,
2025-03-21 18:00:00,30.0,1000.8,34.0,AWS-VAR-052,Varanasi,VAR,center,False,
2025-03-21 19:00:00,28.7,,39.0,AWS-VAR-052,Varanasi,VAR,center,True,dropout
2025-03-21 20:00:00,27.7,1002.4,44.0,AWS-VAR-052,Varanasi,VAR,center,False,
2025-03-21 21:00:00,26.7,1002.7,48.0,AWS-VAR-052,Varanasi,VAR,center,False,
2025-03-21 22:00:00,25.2,1002.8,56.0,AWS-VAR-052,Varanasi,VAR,center,False,
2025-03-21 23:00:00,23.9,1002.5,64.0,AWS-VAR-052,Varanasi,VAR,center,False,
2025-03-22 00:00:00,22.9,1002.3,69.0,AWS-VAR-052,Varanasi,VAR,center,False,
2025-03-22 01:00:00,22.2,1002.0,72.0,AWS-VAR-052,Varanasi,VAR,center,False,
2025-03-22 02:00:00,21.6,1001.7,75.0,AWS-VAR-052,Varanasi,VAR,center,False,
2025-03-22 03:00:00,21.1,1001.7,77.0,AWS-VAR-052,Varanasi,VAR,center,False,
2025-03-22 04:00:00,20.6,1001.9,79.0,AWS-VAR-052,Varanasi,VAR,center,False,
2025-03-22 05:00:00,20.1,1002.4,82.0,AWS-VAR-052,Varanasi,VAR,center,False,
2025-03-22 06:00:00,13.700841956800367,1010.5223565414412,95.0,AWS-VAR-052,Varanasi,VAR,center,True,unstructured_anomaly
2025-03-22 07:00:00,14.475925239007552,1011.8934587486217,58.398075551911774,AWS-VAR-052,Varanasi,VAR,center,True,unstructured_anomaly
2025-03-22 08:00:00,31.249460565293617,996.6359690660225,76.00178915454471,AWS-VAR-052,Varanasi,VAR,center,True,unstructured_anomaly
2025-03-22 09:00:00,21.302486864547227,1012.6809070305274,27.283773790909414,AWS-VAR-052,Varanasi,VAR,center,True,unstructured_anomaly
2025-03-22 10:00:00,36.78115988252384,998.8730415303035,15.0,AWS-VAR-052,Varanasi,VAR,center,True,unstructured_anomaly
2025-03-22 11:00:00,26.049932687826722,1011.8326402105639,37.81385510765047,AWS-VAR-052,Varanasi,VAR,center,True,unstructured_anomaly
2025-03-22 12:00:00,41.15342724325521,996.3543095023099,15.0,AWS-VAR-052,Varanasi,VAR,center,True,unstructured_anomaly
2025-03-22 13:00:00,40.70863143493802,993.9550859852562,15.0,AWS-VAR-052,Varanasi,VAR,center,True,unstructured_anomaly
2025-03-22 14:00:00,34.5,1001.2,14.0,AWS-VAR-052,Varanasi,VAR,center,False,
2025-03-22 15:00:00,34.3,1001.0,14.0,AWS-VAR-052,Varanasi,VAR,center,False,
2025-03-22 16:00:00,33.5,1000.9,15.0,AWS-VAR-052,Varanasi,VAR,center,False,
2025-03-22 17:00:00,32.2,1001.3,14.0,AWS-VAR-052,Varanasi,VAR,center,False,
2025-03-22 18:00:00,29.2,1002.5,17.0,AWS-VAR-052,Varanasi,VAR,center,False,
2025-03-22 19:00:00,28.0,1003.3,24.0,AWS-VAR-052,Varanasi,VAR,center,False,
2025-03-22 20:00:00,26.9,1004.0,24.0,AWS-VAR-052,Varanasi,VAR,center,False,
2025-03-22 21:00:00,26.6,1004.2,24.0,AWS-VAR-052,Varanasi,VAR,center,False,
2025-03-22 22:00:00,25.2,1004.1,26.0,AWS-VAR-052,Varanasi,VAR,center,False,
2025-03-22 23:00:00,24.4,1004.7,27.0,AWS-VAR-052,Varanasi,VAR,center,False,
2025-03-23 00:00:00,24.0,1005.1,29.0,AWS-VAR-052,Varanasi,VAR,center,False,
2025-03-23 01:00:00,22.8,1003.9,36.0,AWS-VAR-052,Varanasi,VAR,center,False,
2025-03-23 02:00:00,22.5,1003.0,38.0,AWS-VAR-052,Varanasi,VAR,center,False,
2025-03-23 03:00:00,21.8,1002.6,41.0,AWS-VAR-052,Varanasi,VAR,center,False,
2025-03-23 04:00:00,21.7,1002.9,43.0,AWS-VAR-052,Varanasi,VAR,center,False,
2025-03-23 05:00:00,20.8,1003.6,46.0,AWS-VAR-052,Varanasi,VAR,center,False,
2025-03-23 06:00:00,21.7,1004.9,50.0,AWS-VAR-052,Varanasi,VAR,center,False,
2025-03-23 07:00:00,23.1,1006.2,46.0,AWS-VAR-052,Varanasi,VAR,center,False,
2025-03-23 08:00:00,25.9,1006.7,38.0,AWS-VAR-052,Varanasi,VAR,center,False,
2025-03-23 09:00:00,28.8,1006.8,28.0,AWS-VAR-052,Varanasi,VAR,center,False,
2025-03-23 10:00:00,31.1,1006.5,22.0,AWS-VAR-052,Varanasi,VAR,center,False,
2025-03-23 11:00:00,32.5,1005.6,18.0,AWS-VAR-052,Varanasi,VAR,center,False,
2025-03-23 12:00:00,33.4,1004.5,17.0,AWS-VAR-052,Varanasi,VAR,center,False,
2025-03-23 13:00:00,33.6,1003.1,16.0,AWS-VAR-052,Varanasi,VAR,center,False,
2025-03-23 14:00:00,33.6,1002.1,16.0,AWS-VAR-052,Varanasi,VAR,center,False,
2025-03-23 15:00:00,33.1,1001.7,17.0,AWS-VAR-052,Varanasi,VAR,center,False,
2025-03-23 16:00:00,32.5,1001.7,18.0,AWS-VAR-052,Varanasi,VAR,center,False,
2025-03-23 17:00:00,31.5,1002.0,19.0,AWS-VAR-052,Varanasi,VAR,center,False,
2025-03-23 18:00:00,29.3,1003.0,25.0,AWS-VAR-052,Varanasi,VAR,center,False,
2025-03-23 19:00:00,27.9,1003.6,29.0,AWS-VAR-052,Varanasi,VAR,center,False,
2025-03-23 20:00:00,26.5,1004.7,35.0,AWS-VAR-052,Varanasi,VAR,center,False,
2025-03-23 21:00:00,26.0,1004.9,35.0,AWS-VAR-052,Varanasi,VAR,center,False,
2025-03-23 22:00:00,25.3,1004.7,38.0,AWS-VAR-052,Varanasi,VAR,center,False,
2025-03-23 23:00:00,23.7,1004.7,45.0,AWS-VAR-052,Varanasi,VAR,center,False,
2025-03-24 00:00:00,22.8,1004.6,50.0,AWS-VAR-052,Varanasi,VAR,center,False,
2025-03-24 01:00:00,22.3,1004.1,52.0,AWS-VAR-052,Varanasi,VAR,center,False,
2025-03-24 02:00:00,21.7,1003.6,53.0,AWS-VAR-052,Varanasi,VAR,center,False,
2025-03-24 03:00:00,21.2,1003.5,53.0,AWS-VAR-052,Varanasi,VAR,center,False,
2025-03-24 04:00:00,20.4,1003.6,55.0,AWS-VAR-052,Varanasi,VAR,center,False,
2025-03-24 05:00:00,19.9,1004.4,58.0,AWS-VAR-052,Varanasi,VAR,center,False,
2025-03-24 06:00:00,20.7,1005.3,63.0,AWS-VAR-052,Varanasi,VAR,center,False,
2025-03-24 07:00:00,22.9,1006.4,55.0,AWS-VAR-052,Varanasi,VAR,center,False,
2025-03-24 08:00:00,26.5,1007.3,43.0,AWS-VAR-052,Varanasi,VAR,center,True,frozen_value
2025-03-24 09:00:00,26.43479487269073,1007.3,34.0,AWS-VAR-052,Varanasi,VAR,center,True,frozen_value
2025-03-24 10:00:00,26.503940091273954,1006.8,26.0,AWS-VAR-052,Varanasi,VAR,center,True,frozen_value
2025-03-24 11:00:00,26.49155988087403,1005.8,21.0,AWS-VAR-052,Varanasi,VAR,center,True,frozen_value
2025-03-24 12:00:00,26.51959460573144,1004.5,19.0,AWS-VAR-052,Varanasi,VAR,center,True,frozen_value
2025-03-24 13:00:00,26.431782709869772,1003.0,18.0,AWS-VAR-052,Varanasi,VAR,center,True,frozen_value
2025-03-24 14:00:00,26.46392590661604,1001.8,18.0,AWS-VAR-052,Varanasi,VAR,center,True,frozen_value
2025-03-24 15:00:00,34.5,1001.1,19.0,AWS-VAR-052,Varanasi,VAR,center,False,
2025-03-24 16:00:00,33.7,1001.1,20.0,AWS-VAR-052,Varanasi,VAR,center,False,
2025-03-24 17:00:00,32.5,1001.2,21.0,AWS-VAR-052,Varanasi,VAR,center,False,
2025-03-24 18:00:00,30.6,1001.9,24.0,AWS-VAR-052,Varanasi,VAR,center,False,
2025-03-24 19:00:00,29.1,1002.7,29.0,AWS-VAR-052,Varanasi,VAR,center,False,
2025-03-24 20:00:00,28.1,1003.4,34.0,AWS-VAR-052,Varanasi,VAR,center,False,
2025-03-24 21:00:00,27.1,1004.0,37.0,AWS-VAR-052,Varanasi,VAR,center,False,
2025-03-24 22:00:00,26.4,1003.5,39.0,AWS-VAR-052,Varanasi,VAR,center,False,
2025-03-24 23:00:00,25.8,1002.9,41.0,AWS-VAR-052,Varanasi,VAR,center,False,
2025-03-25 00:00:00,24.5,1002.1,45.0,AWS-VAR-052,Varanasi,VAR,center,False,
2025-03-25 01:00:00,23.3,1001.8,49.0,AWS-VAR-052,Varanasi,VAR,center,False,
2025-03-25 02:00:00,22.4,1001.1,52.0,AWS-VAR-052,Varanasi,VAR,center,False,
2025-03-25 03:00:00,22.3,1000.6,51.0,AWS-VAR-052,Varanasi,VAR,center,False,
2025-03-25 04:00:00,21.8,1000.5,53.0,AWS-VAR-052,Varanasi,VAR,center,False,
2025-03-25 05:00:00,20.6,1000.7,58.0,AWS-VAR-052,Varanasi,VAR,center,False,
2025-03-25 06:00:00,21.0,1001.3,60.0,AWS-VAR-052,Varanasi,VAR,center,False,
2025-03-25 07:00:00,23.2,1002.1,53.0,AWS-VAR-052,Varanasi,VAR,center,False,
2025-03-25 08:00:00,26.8,1002.7,41.0,AWS-VAR-052,Varanasi,VAR,center,False,
2025-03-25 09:00:00,30.5,1002.8,31.0,AWS-VAR-052,Varanasi,VAR,center,False,
2025-03-25 10:00:00,32.9,1002.4,23.0,AWS-VAR-052,Varanasi,VAR,center,False,
2025-03-25 11:00:00,34.1,1001.4,19.0,AWS-VAR-052,Varanasi,VAR,center,False,
2025-03-25 12:00:00,34.9,1000.2,18.0,AWS-VAR-052,Varanasi,VAR,center,False,
2025-03-25 13:00:00,35.2,998.9,17.0,AWS-VAR-052,Varanasi,VAR,center,False,
2025-03-25 14:00:00,35.2,997.6,18.0,AWS-VAR-052,Varanasi,VAR,center,False,
2025-03-25 15:00:00,34.9,997.0,19.0,AWS-VAR-052,Varanasi,VAR,center,False,
2025-03-25 16:00:00,34.4,996.8,19.0,AWS-VAR-052,Varanasi,VAR,center,False,
2025-03-25 17:00:00,33.6,996.8,20.0,AWS-VAR-052,Varanasi,VAR,center,False,
2025-03-25 18:00:00,31.4,997.2,26.0,AWS-VAR-052,Varanasi,VAR,center,False,
2025-03-25 19:00:00,36.79298334458088,991.2051893745077,48.418016857162634,AWS-VAR-052,Varanasi,VAR,center,True,unstructured_anomaly
2025-03-25 20:00:00,36.39234705737579,991.6063631376181,15.0,AWS-VAR-052,Varanasi,VAR,center,True,unstructured_anomaly
2025-03-25 21:00:00,34.956946479907884,990.9228218265504,50.36895544288162,AWS-VAR-052,Varanasi,VAR,center,True,unstructured_anomaly
2025-03-25 22:00:00,21.73003507264686,1006.0438092630477,50.55176593484997,AWS-VAR-052,Varanasi,VAR,center,True,unstructured_anomaly
2025-03-25 23:00:00,31.413335517834167,990.9709819713512,53.886292402295574,AWS-VAR-052,Varanasi,VAR,center,True,unstructured_anomaly
2025-03-26 00:00:00,30.195186091853117,989.9217127851247,25.36792834777519,AWS-VAR-052,Varanasi,VAR,center,True,unstructured_anomaly
2025-03-26 01:00:00,24.0,997.1,40.0,AWS-VAR-052,Varanasi,VAR,center,False,
2025-03-26 02:00:00,23.0,996.6,43.0,AWS-VAR-052,Varanasi,VAR,center,False,
2025-03-26 03:00:00,22.3,996.0,45.0,AWS-VAR-052,Varanasi,VAR,center,False,
2025-03-26 04:00:00,21.8,996.2,48.0,AWS-VAR-052,Varanasi,VAR,center,False,
2025-03-26 05:00:00,21.6,996.6,50.0,AWS-VAR-052,Varanasi,VAR,center,False,
2025-03-26 06:00:00,22.3,997.5,52.0,AWS-VAR-052,Varanasi,VAR,center,False,
2025-03-26 07:00:00,24.7,998.5,45.0,AWS-VAR-052,Varanasi,VAR,center,False,
2025-03-26 08:00:00,28.6,999.3,35.0,AWS-VAR-052,Varanasi,VAR,center,False,
2025-03-26 09:00:00,32.3,999.7,25.0,AWS-VAR-052,Varanasi,VAR,center,False,
2025-03-26 10:00:00,34.6,999.5,20.0,AWS-VAR-052,Varanasi,VAR,center,False,
2025-03-26 11:00:00,35.8,998.8,18.0,AWS-VAR-052,Varanasi,VAR,center,False,
2025-03-26 12:00:00,36.7,998.0,17.0,AWS-VAR-052,Varanasi,VAR,center,False,
2025-03-26 13:00:00,37.2,996.7,16.0,AWS-VAR-052,Varanasi,VAR,center,False,
2025-03-26 14:00:00,37.7,995.7,15.0,AWS-VAR-052,Varanasi,VAR,center,False,
2025-03-26 15:00:00,37.5,995.0,15.0,AWS-VAR-052,Varanasi,VAR,center,False,
2025-03-26 16:00:00,36.7,994.9,16.0,AWS-VAR-052,Varanasi,VAR,center,False,
2025-03-26 17:00:00,36.1,994.8,15.0,AWS-VAR-052,Varanasi,VAR,center,False,
2025-03-26 18:00:00,33.9,995.2,18.0,AWS-VAR-052,Varanasi,VAR,center,False,
2025-03-26 19:00:00,32.5,995.6,19.0,AWS-VAR-052,Varanasi,VAR,center,False,
2025-03-26 20:00:00,31.0,996.4,22.0,AWS-VAR-052,Varanasi,VAR,center,True,drift
2025-03-26 21:00:00,29.3,997.4398631630706,24.0,AWS-VAR-052,Varanasi,VAR,center,True,drift
2025-03-26 22:00:00,28.5,998.3797263261413,25.0,AWS-VAR-052,Varanasi,VAR,center,True,drift
2025-03-26 23:00:00,28.5,998.7195894892119,25.0,AWS-VAR-052,Varanasi,VAR,center,True,drift
2025-03-27 00:00:00,27.1,999.1594526522825,28.0,AWS-VAR-052,Varanasi,VAR,center,True,drift
2025-03-27 01:00:00,26.0,999.2993158153532,30.0,AWS-VAR-052,Varanasi,VAR,center,True,drift
2025-03-27 02:00:00,25.1,999.2391789784238,33.0,AWS-VAR-052,Varanasi,VAR,center,True,drift
2025-03-27 03:00:00,24.1,999.8790421414944,36.0,AWS-VAR-052,Varanasi,VAR,center,True,drift
2025-03-27 04:00:00,23.5,1000.8189053045651,38.0,AWS-VAR-052,Varanasi,VAR,center,True,drift
2025-03-27 05:00:00,23.0,1002.1587684676357,39.0,AWS-VAR-052,Varanasi,VAR,center,True,drift
2025-03-27 06:00:00,23.6,1003.6986316307062,41.0,AWS-VAR-052,Varanasi,VAR,center,True,drift
2025-03-27 07:00:00,25.9,1005.138494793777,36.0,AWS-VAR-052,Varanasi,VAR,center,True,drift
2025-03-27 08:00:00,29.3,1006.5783579568476,30.0,AWS-VAR-052,Varanasi,VAR,center,True,drift
2025-03-27 09:00:00,32.8,1007.4182211199181,24.0,AWS-VAR-052,Varanasi,VAR,center,True,drift
2025-03-27 10:00:00,35.7,1008.058084282989,20.0,AWS-VAR-052,Varanasi,VAR,center,True,drift
2025-03-27 11:00:00,37.6,1007.9979474460595,17.0,AWS-VAR-052,Varanasi,VAR,center,True,drift
2025-03-27 12:00:00,38.6,1007.5378106091301,15.0,AWS-VAR-052,Varanasi,VAR,center,True,drift
2025-03-27 13:00:00,39.9,1006.9776737722007,11.0,AWS-VAR-052,Varanasi,VAR,center,True,drift
2025-03-27 14:00:00,39.6,1006.8175369352714,12.0,AWS-VAR-052,Varanasi,VAR,center,True,drift
2025-03-27 15:00:00,39.5,1006.957400098342,12.0,AWS-VAR-052,Varanasi,VAR,center,True,drift
2025-03-27 16:00:00,38.9,1007.4972632614126,12.0,AWS-VAR-052,Varanasi,VAR,center,True,drift
2025-03-27 17:00:00,37.5,992.8,13.0,AWS-VAR-052,Varanasi,VAR,center,False,
2025-03-27 18:00:00,35.2,993.0,15.0,AWS-VAR-052,Varanasi,VAR,center,False,
2025-03-27 19:00:00,33.7,993.6,17.0,AWS-VAR-052,Varanasi,VAR,center,False,
2025-03-27 20:00:00,31.8,994.4,20.0,AWS-VAR-052,Varanasi,VAR,center,False,
2025-03-27 21:00:00,39.74065087826116,994.3960368172976,44.87492446139238,AWS-VAR-052,Varanasi,VAR,center,True,multivariate_inconsistency
2025-03-27 22:00:00,38.84065087826116,995.570901039812,46.93897000160723,AWS-VAR-052,Varanasi,VAR,center,True,multivariate_inconsistency
2025-03-27 23:00:00,38.140650878261155,995.4104648269356,48.98679814608068,AWS-VAR-052,Varanasi,VAR,center,True,multivariate_inconsistency
2025-03-28 00:00:00,37.24065087826116,995.3783123221938,54.99849797108867,AWS-VAR-052,Varanasi,VAR,center,True,multivariate_inconsistency
2025-03-28 01:00:00,26.9,994.5,30.0,AWS-VAR-052,Varanasi,VAR,center,False,
2025-03-28 02:00:00,26.5,993.9,31.0,AWS-VAR-052,Varanasi,VAR,center,False,
2025-03-28 03:00:00,25.8,993.8,32.0,AWS-VAR-052,Varanasi,VAR,center,False,
2025-03-28 04:00:00,25.0,994.3,34.0,AWS-VAR-052,Varanasi,VAR,center,False,
2025-03-28 05:00:00,24.3,995.0,37.0,AWS-VAR-052,Varanasi,VAR,center,False,
2025-03-28 06:00:00,33.62816319785425,995.5317262467653,63.58457905202049,AWS-VAR-052,Varanasi,VAR,center,True,multivariate_inconsistency
2025-03-28 07:00:00,35.828163197854245,997.3486192352055,58.41590486894663,AWS-VAR-052,Varanasi,VAR,center,True,multivariate_inconsistency
2025-03-28 08:00:00,39.22816319785424,997.2907073688293,48.32961181976026,AWS-VAR-052,Varanasi,VAR,center,True,multivariate_inconsistency
2025-03-28 09:00:00,42.52816319785425,998.2138864763725,39.9981068944625,AWS-VAR-052,Varanasi,VAR,center,True,multivariate_inconsistency
2025-03-28 10:00:00,35.9,998.3,22.0,AWS-VAR-052,Varanasi,VAR,center,False,
2025-03-28 11:00:00,37.5,997.7,20.0,AWS-VAR-052,Varanasi,VAR,center,False,
2025-03-28 12:00:00,38.5,996.9,17.0,AWS-VAR-052,Varanasi,VAR,center,False,
2025-03-28 13:00:00,38.9,995.8,17.0,AWS-VAR-052,Varanasi,VAR,center,False,
2025-03-28 14:00:00,38.9,994.6,17.0,AWS-VAR-052,Varanasi,VAR,center,False,
2025-03-28 15:00:00,38.7,993.8,17.0,AWS-VAR-052,Varanasi,VAR,center,False,
2025-03-28 16:00:00,38.1,993.9,17.0,AWS-VAR-052,Varanasi,VAR,center,False,
2025-03-28 17:00:00,36.9,994.0,18.0,AWS-VAR-052,Varanasi,VAR,center,False,
2025-03-28 18:00:00,34.8,994.1,20.0,AWS-VAR-052,Varanasi,VAR,center,False,
2025-03-28 19:00:00,33.2,994.9,23.0,AWS-VAR-052,Varanasi,VAR,center,False,
2025-03-28 20:00:00,31.8,995.9,25.0,AWS-VAR-052,Varanasi,VAR,center,False,
2025-03-28 21:00:00,30.3,996.4,27.0,AWS-VAR-052,Varanasi,VAR,center,False,
2025-03-28 22:00:00,29.1,996.7,29.0,AWS-VAR-052,Varanasi,VAR,center,False,
2025-03-28 23:00:00,28.8,996.7,28.0,AWS-VAR-052,Varanasi,VAR,center,False,
2025-03-29 00:00:00,28.4,996.3,25.0,AWS-VAR-052,Varanasi,VAR,center,False,
2025-03-29 01:00:00,27.9,995.8,23.0,AWS-VAR-052,Varanasi,VAR,center,False,
2025-03-29 02:00:00,26.7,995.6,24.0,AWS-VAR-052,Varanasi,VAR,center,False,
2025-03-29 03:00:00,25.5,995.4,24.0,AWS-VAR-052,Varanasi,VAR,center,False,
2025-03-29 04:00:00,24.4,995.9,24.0,AWS-VAR-052,Varanasi,VAR,center,False,
2025-03-29 05:00:00,23.2,996.8,25.0,AWS-VAR-052,Varanasi,VAR,center,False,
2025-03-29 06:00:00,21.9,998.2,30.0,AWS-VAR-052,Varanasi,VAR,center,False,
2025-03-29 07:00:00,23.3,999.3,28.0,AWS-VAR-052,Varanasi,VAR,center,False,
2025-03-29 08:00:00,25.4,1000.3,25.0,AWS-VAR-052,Varanasi,VAR,center,False,
2025-03-29 09:00:00,27.6,1000.7,22.0,AWS-VAR-052,Varanasi,VAR,center,False,
2025-03-29 10:00:00,29.9,1000.5,18.0,AWS-VAR-052,Varanasi,VAR,center,False,
2025-03-29 11:00:00,31.7,999.8,15.0,AWS-VAR-052,Varanasi,VAR,center,False,
2025-03-29 12:00:00,33.2,998.7,12.0,AWS-VAR-052,Varanasi,VAR,center,False,
2025-03-29 13:00:00,34.1,997.7,11.0,AWS-VAR-052,Varanasi,VAR,center,False,
2025-03-29 14:00:00,34.6,996.7,10.0,AWS-VAR-052,Varanasi,VAR,center,False,
2025-03-29 15:00:00,34.5,996.1,10.0,AWS-VAR-052,Varanasi,VAR,center,False,
2025-03-29 16:00:00,33.9,995.9,11.0,AWS-VAR-052,Varanasi,VAR,center,False,
2025-03-29 17:00:00,32.6,996.0,12.0,AWS-VAR-052,Varanasi,VAR,center,False,
2025-03-29 18:00:00,30.3,996.5,15.0,AWS-VAR-052,Varanasi,VAR,center,False,
2025-03-29 19:00:00,29.1,997.2,16.0,AWS-VAR-052,Varanasi,VAR,center,False,
2025-03-29 20:00:00,28.4,998.3,15.0,AWS-VAR-052,Varanasi,VAR,center,False,
2025-03-29 21:00:00,27.4,999.1,16.0,AWS-VAR-052,Varanasi,VAR,center,False,
2025-03-29 22:00:00,26.4,999.5,17.0,AWS-VAR-052,Varanasi,VAR,center,False,
2025-03-29 23:00:00,25.2,999.4,19.0,AWS-VAR-052,Varanasi,VAR,center,False,
2025-03-30 00:00:00,24.0,999.0,21.0,AWS-VAR-052,Varanasi,VAR,center,False,
2025-03-30 01:00:00,23.0,998.1,23.0,AWS-VAR-052,Varanasi,VAR,center,False,
2025-03-30 02:00:00,22.1,997.7,25.0,AWS-VAR-052,Varanasi,VAR,center,False,
2025-03-30 03:00:00,21.3,997.7,27.0,AWS-VAR-052,Varanasi,VAR,center,False,
2025-03-30 04:00:00,20.6,998.1,29.0,AWS-VAR-052,Varanasi,VAR,center,False,
2025-03-30 05:00:00,19.9,998.8,31.0,AWS-VAR-052,Varanasi,VAR,center,False,
2025-03-30 06:00:00,19.9,1000.1,34.0,AWS-VAR-052,Varanasi,VAR,center,False,
2025-03-30 07:00:00,21.8,1001.0,31.0,AWS-VAR-052,Varanasi,VAR,center,False,
2025-03-30 08:00:00,24.8,1001.9,26.0,AWS-VAR-052,Varanasi,VAR,center,False,
2025-03-30 09:00:00,27.6,1002.4,22.0,AWS-VAR-052,Varanasi,VAR,center,False,
2025-03-30 10:00:00,30.1,1002.7,19.0,AWS-VAR-052,Varanasi,VAR,center,False,
2025-03-30 11:00:00,31.9,1002.3,15.0,AWS-VAR-052,Varanasi,VAR,center,False,
2025-03-30 12:00:00,33.2,1001.3,14.0,AWS-VAR-052,Varanasi,VAR,center,False,
2025-03-30 13:00:00,34.1,1000.4,13.0,AWS-VAR-052,Varanasi,VAR,center,False,
2025-03-30 14:00:00,34.6,999.0,12.0,AWS-VAR-052,Varanasi,VAR,center,False,
2025-03-30 15:00:00,34.8,998.3,11.0,AWS-VAR-052,Varanasi,VAR,center,False,
2025-03-30 16:00:00,34.4,998.0,11.0,AWS-VAR-052,Varanasi,VAR,center,False,
2025-03-30 17:00:00,33.4,997.9,11.0,AWS-VAR-052,Varanasi,VAR,center,False,
2025-03-30 18:00:00,30.5,998.0,17.0,AWS-VAR-052,Varanasi,VAR,center,False,
2025-03-30 19:00:00,28.7,998.7,20.0,AWS-VAR-052,Varanasi,VAR,center,False,
2025-03-30 20:00:00,28.1,999.6,21.0,AWS-VAR-052,Varanasi,VAR,center,False,
2025-03-30 21:00:00,27.0,1000.4,24.0,AWS-VAR-052,Varanasi,VAR,center,False,
2025-03-30 22:00:00,25.9,1000.5,24.0,AWS-VAR-052,Varanasi,VAR,center,False,
2025-03-30 23:00:00,24.9,1000.6,24.0,AWS-VAR-052,Varanasi,VAR,center,False,
2025-03-31 00:00:00,23.8,1000.1,25.0,AWS-VAR-052,Varanasi,VAR,center,False,
2025-03-31 01:00:00,22.9,999.4,27.0,AWS-VAR-052,Varanasi,VAR,center,False,
2025-03-31 02:00:00,22.0,999.0,29.0,AWS-VAR-052,Varanasi,VAR,center,False,
2025-03-31 03:00:00,21.1,999.0,32.0,AWS-VAR-052,Varanasi,VAR,center,False,
2025-03-31 04:00:00,20.4,999.1,35.0,AWS-VAR-052,Varanasi,VAR,center,False,
2025-03-31 05:00:00,19.8,999.7,38.0,AWS-VAR-052,Varanasi,VAR,center,False,
2025-03-31 06:00:00,20.1,1000.9,39.0,AWS-VAR-052,Varanasi,VAR,center,False,
2025-03-31 07:00:00,22.4,1001.8,36.0,AWS-VAR-052,Varanasi,VAR,center,False,
2025-03-31 08:00:00,26.0,1002.4,28.0,AWS-VAR-052,Varanasi,VAR,center,False,
2025-03-31 09:00:00,29.8,1002.6,21.0,AWS-VAR-052,Varanasi,VAR,center,False,
2025-03-31 10:00:00,32.5,1002.5,17.0,AWS-VAR-052,Varanasi,VAR,center,False,
2025-03-31 11:00:00,34.2,1001.7,14.0,AWS-VAR-052,Varanasi,VAR,center,False,
2025-03-31 12:00:00,35.4,1000.8,13.0,AWS-VAR-052,Varanasi,VAR,center,False,
2025-03-31 13:00:00,36.2,999.5,12.0,AWS-VAR-052,Varanasi,VAR,center,False,
2025-03-31 14:00:00,36.5,998.2,11.0,AWS-VAR-052,Varanasi,VAR,center,False,
2025-03-31 15:00:00,36.4,997.5,11.0,AWS-VAR-052,Varanasi,VAR,center,False,
2025-03-31 16:00:00,35.8,997.2,11.0,AWS-VAR-052,Varanasi,VAR,center,False,
2025-03-31 17:00:00,34.8,997.1,11.0,AWS-VAR-052,Varanasi,VAR,center,False,
2025-03-31 18:00:00,32.2,997.0,17.0,AWS-VAR-052,Varanasi,VAR,center,False,
2025-03-31 19:00:00,31.2,997.8,21.0,AWS-VAR-052,Varanasi,VAR,center,False,
2025-03-31 20:00:00,29.7,998.5,19.0,AWS-VAR-052,Varanasi,VAR,center,False,
2025-03-31 21:00:00,28.2,999.0,20.0,AWS-VAR-052,Varanasi,VAR,center,False,
2025-03-31 22:00:00,27.4,999.1,20.0,AWS-VAR-052,Varanasi,VAR,center,False,
2025-03-31 23:00:00,26.5,998.6,20.0,AWS-VAR-052,Varanasi,VAR,center,False,
