timestamp,temperature_c,pressure_hpa,humidity_pct,station_id,station_name,cluster_id,role,is_anomaly,fault_type
2025-01-01 00:00:00,25.0,1013.5,84.0,AWS-CHN-024,Chennai,CHN,center,False,
2025-01-01 01:00:00,24.9,1012.5,84.0,AWS-CHN-024,Chennai,CHN,center,False,
2025-01-01 02:00:00,24.7,1011.8,84.0,AWS-CHN-024,Chennai,CHN,center,False,
2025-01-01 03:00:00,24.3,1011.2,85.0,AWS-CHN-024,Chennai,CHN,center,False,
2025-01-01 04:00:00,24.2,1011.0,85.0,AWS-CHN-024,Chennai,CHN,center,False,
2025-01-01 05:00:00,23.8,1011.4,88.0,AWS-CHN-024,Chennai,CHN,center,False,
2025-01-01 06:00:00,23.7,1012.2,91.0,AWS-CHN-024,Chennai,CHN,center,False,
2025-01-01 07:00:00,24.5,1013.0,88.0,AWS-CHN-024,Chennai,CHN,center,False,
2025-01-01 08:00:00,25.8,1013.8,82.0,AWS-CHN-024,Chennai,CHN,center,False,
2025-01-01 09:00:00,27.1,1014.0,72.0,AWS-CHN-024,Chennai,CHN,center,False,
2025-01-01 10:00:00,27.4,1020.1714020905757,70.0,AWS-CHN-024,Chennai,CHN,center,True,spike
2025-01-01 11:00:00,27.7,1013.7,69.0,AWS-CHN-024,Chennai,CHN,center,False,
2025-01-01 12:00:00,27.9,,68.0,AWS-CHN-024,Chennai,CHN,center,True,dropout
2025-01-01 13:00:00,27.9,1011.7,68.0,AWS-CHN-024,Chennai,CHN,center,False,
2025-01-01 14:00:00,27.6,1010.7,69.0,AWS-CHN-024,Chennai,CHN,center,False,
2025-01-01 15:00:00,27.3,1010.2,70.0,AWS-CHN-024,Chennai,CHN,center,False,
2025-01-01 16:00:00,26.7,1010.0,73.0,AWS-CHN-024,Chennai,CHN,center,False,
2025-01-01 17:00:00,25.8,1010.3,78.0,AWS-CHN-024,Chennai,CHN,center,False,
2025-01-01 18:00:00,25.5,1010.8,84.0,AWS-CHN-024,Chennai,CHN,center,False,
2025-01-01 19:00:00,25.4,1012.1,0.12932033989599534,AWS-CHN-024,Chennai,CHN,center,True,sensor_fail_low
2025-01-01 20:00:00,25.3,1012.7,0.035040913409741144,AWS-CHN-024,Chennai,CHN,center,True,sensor_fail_low
2025-01-01 21:00:00,25.3,1013.3,-0.00375642386382981,AWS-CHN-024,Chennai,CHN,center,True,sensor_fail_low
2025-01-01 22:00:00,25.2,1013.3,0.005519876087618749,AWS-CHN-024,Chennai,CHN,center,True,sensor_fail_low
2025-01-01 23:00:00,24.8,1012.7,79.0,AWS-CHN-024,Chennai,CHN,center,False,
2025-01-02 00:00:00,24.5,1012.0,79.0,AWS-CHN-024,Chennai,CHN,center,False,
2025-01-02 01:00:00,24.4,1011.4,79.0,AWS-CHN-024,Chennai,CHN,center,False,
2025-01-02 02:00:00,24.2,1010.7,79.0,AWS-CHN-024,Chennai,CHN,center,False,
2025-01-02 03:00:00,24.0,1010.5,79.0,AWS-CHN-024,Chennai,CHN,center,False,
2025-01-02 04:00:00,23.7,1010.4,79.0,AWS-CHN-024,Chennai,CHN,center,False,
2025-01-02 05:00:00,23.2,1010.8,81.0,AWS-CHN-024,Chennai,CHN,center,False,
2025-01-02 06:00:00,23.9,1011.8,83.0,AWS-CHN-024,Chennai,CHN,center,False,
2025-01-02 07:00:00,24.4,1012.8,81.0,AWS-CHN-024,Chennai,CHN,center,False,
2025-01-02 08:00:00,25.9,1013.7,70.0,AWS-CHN-024,Chennai,CHN,center,False,
2025-01-02 09:00:00,26.7,1014.2,63.0,AWS-CHN-024,Chennai,CHN,center,False,
2025-01-02 10:00:00,27.2,1014.2,61.0,AWS-CHN-024,Chennai,CHN,center,False,
2025-01-02 11:00:00,27.6,1013.7,59.0,AWS-CHN-024,Chennai,CHN,center,False,
2025-01-02 12:00:00,27.9,1012.9,58.0,AWS-CHN-024,Chennai,CHN,center,False,
2025-01-02 13:00:00,27.7,1011.9,57.0,AWS-CHN-024,Chennai,CHN,center,False,
2025-01-02 14:00:00,27.6,1011.0,57.0,AWS-CHN-024,Chennai,CHN,center,False,
2025-01-02 15:00:00,27.1,1010.7,59.0,AWS-CHN-024,Chennai,CHN,center,False,
2025-01-02 16:00:00,26.7,1010.6,61.0,AWS-CHN-024,Chennai,CHN,center,False,
2025-01-02 17:00:00,25.8,1011.1,67.0,AWS-CHN-024,Chennai,CHN,center,False,
2025-01-02 18:00:00,25.4,1011.4,74.0,AWS-CHN-024,Chennai,CHN,center,False,
2025-01-02 19:00:00,24.9,1012.5,78.0,AWS-CHN-024,Chennai,CHN,center,False,
2025-01-02 20:00:00,24.6,1013.2,80.0,AWS-CHN-024,Chennai,CHN,center,False,
2025-01-02 21:00:00,24.5,1013.6,80.0,AWS-CHN-024,Chennai,CHN,center,False,
2025-01-02 22:00:00,24.4,1013.5,79.0,AWS-CHN-024,Chennai,CHN,center,False,
2025-01-02 23:00:00,24.4,1013.4,77.0,AWS-CHN-024,Chennai,CHN,center,False,
2025-01-03 00:00:00,24.4,1013.0,75.0,AWS-CHN-024,Chennai,CHN,center,False,
2025-01-03 01:00:00,24.2,1012.2,74.0,AWS-CHN-024,Chennai,CHN,center,False,
2025-01-03 02:00:00,24.0,1011.5,74.0,AWS-CHN-024,Chennai,CHN,center,False,
2025-01-03 03:00:00,24.0,1011.1,74.0,AWS-CHN-024,Chennai,CHN,center,False,
2025-01-03 04:00:00,23.5,1011.0,75.0,AWS-CHN-024,Chennai,CHN,center,False,
2025-01-03 05:00:00,23.3,1011.3,75.0,AWS-CHN-024,Chennai,CHN,center,False,
2025-01-03 06:00:00,22.9,1012.5,80.0,AWS-CHN-024,Chennai,CHN,center,False,
2025-01-03 07:00:00,23.3,1013.7,82.0,AWS-CHN-024,Chennai,CHN,center,False,
2025-01-03 08:00:00,24.8,1014.4,80.0,AWS-CHN-024,Chennai,CHN,center,False,
2025-01-03 09:00:00,26.8,1014.8,71.0,AWS-CHN-024,Chennai,CHN,center,False,
2025-01-03 10:00:00,27.8,1014.6,57.0,AWS-CHN-024,Chennai,CHN,center,False,
2025-01-03 11:00:00,28.0,1014.2,55.0,AWS-CHN-024,Chennai,CHN,center,False,
2025-01-03 12:00:00,28.3,1013.0,53.0,AWS-CHN-024,Chennai,CHN,center,False,
2025-01-03 13:00:00,28.3,1012.3,53.0,AWS-CHN-024,Chennai,CHN,center,False,
2025-01-03 14:00:00,28.1,1011.3,52.0,AWS-CHN-024,Chennai,CHN,center,False,
2025-01-03 15:00:00,27.7,1010.8,53.0,AWS-CHN-024,Chennai,CHN,center,False,
2025-01-03 16:00:00,27.0,1010.7,56.0,AWS-CHN-024,Chennai,CHN,center,False,
2025-01-03 17:00:00,26.0,1010.7,62.0,AWS-CHN-024,Chennai,CHN,center,False,
2025-01-03 18:00:00,25.1,1011.2,71.0,AWS-CHN-024,Chennai,CHN,center,False,
2025-01-03 19:00:00,24.7,1012.0,74.0,AWS-CHN-024,Chennai,CHN,center,False,
2025-01-03 20:00:00,24.4,1012.4,75.0,AWS-CHN-024,Chennai,CHN,center,False,
2025-01-03 21:00:00,24.4,1012.6,75.0,AWS-CHN-024,Chennai,CHN,center,False,
2025-01-03 22:00:00,24.2,1012.4,75.0,AWS-CHN-024,Chennai,CHN,center,False,
2025-01-03 23:00:00,23.9,1012.0,76.0,AWS-CHN-024,Chennai,CHN,center,False,
2025-01-04 00:00:00,23.6,1011.6,78.0,AWS-CHN-024,Chennai,CHN,center,False,
2025-01-04 01:00:00,23.4,1011.2,79.0,AWS-CHN-024,Chennai,CHN,center,False,
2025-01-04 02:00:00,23.2,1010.5,79.0,AWS-CHN-024,Chennai,CHN,center,False,
2025-01-04 03:00:00,29.758827719031352,1010.1899447543448,100.0,AWS-CHN-024,Chennai,CHN,center,True,multivariate_inconsistency
2025-01-04 04:00:00,29.258827719031352,1010.4045467657496,100.0,AWS-CHN-024,Chennai,CHN,center,True,multivariate_inconsistency
2025-01-04 05:00:00,28.958827719031355,1010.8763092435131,100.0,AWS-CHN-024,Chennai,CHN,center,True,multivariate_inconsistency
2025-01-04 06:00:00,22.1,1011.8,90.0,AWS-CHN-024,Chennai,CHN,center,False,
2025-01-04 07:00:00,22.9,1012.6,90.0,AWS-CHN-024,Chennai,CHN,center,False,
2025-01-04 08:00:00,24.4,1013.3,84.0,AWS-CHN-024,Chennai,CHN,center,False,
2025-01-04 09:00:00,26.0,1014.0,74.0,AWS-CHN-024,Chennai,CHN,center,False,
2025-01-04 10:00:00,27.2,1013.8,59.0,AWS-CHN-024,Chennai,CHN,center,False,
2025-01-04 11:00:00,27.5,1013.2,56.0,AWS-CHN-024,Chennai,CHN,center,False,
2025-01-04 12:00:00,27.7,1012.2,55.0,AWS-CHN-024,Chennai,CHN,center,False,
2025-01-04 13:00:00,27.6,1011.1,55.0,AWS-CHN-024,Chennai,CHN,center,False,
2025-01-04 14:00:00,27.6,1010.1,54.0,AWS-CHN-024,Chennai,CHN,center,False,
2025-01-04 15:00:00,27.4,1009.7,53.0,AWS-CHN-024,Chennai,CHN,center,False,
2025-01-04 16:00:00,26.9,1009.7,53.0,AWS-CHN-024,Chennai,CHN,center,False,
2025-01-04 17:00:00,25.9,1009.9,62.0,AWS-CHN-024,Chennai,CHN,center,False,
2025-01-04 18:00:00,25.2,1010.4,70.0,AWS-CHN-024,Chennai,CHN,center,False,
2025-01-04 19:00:00,24.9,1011.6,72.0,AWS-CHN-024,Chennai,CHN,center,False,
2025-01-04 20:00:00,24.4,1012.2,75.0,AWS-CHN-024,Chennai,CHN,center,False,
2025-01-04 21:00:00,24.0,1012.6,78.0,AWS-CHN-024,Chennai,CHN,center,True,drift
2025-01-04 22:00:00,23.98040938325754,1012.7,77.0,AWS-CHN-024,Chennai,CHN,center,True,drift
2025-01-04 23:00:00,23.83277761895111,1012.3,77.0,AWS-CHN-024,Chennai,CHN,center,True,drift
2025-01-05 00:00:00,23.561530982082274,1011.8,78.0,AWS-CHN-024,Chennai,CHN,center,True,drift
2025-01-05 01:00:00,22.868679431350486,1011.2,82.0,AWS-CHN-024,Chennai,CHN,center,True,drift
2025-01-05 02:00:00,22.05551974063718,1010.9,84.0,AWS-CHN-024,Chennai,CHN,center,True,drift
2025-01-05 03:00:00,21.722997213678347,1010.8,85.0,AWS-CHN-024,Chennai,CHN,center,True,drift
2025-01-05 04:00:00,20.97184891432358,1011.0,87.0,AWS-CHN-024,Chennai,CHN,center,True,drift
2025-01-05 05:00:00,20.602674917486606,1011.3,88.0,AWS-CHN-024,Chennai,CHN,center,True,drift
2025-01-05 06:00:00,20.915978771949927,1012.3,93.0,AWS-CHN-024,Chennai,CHN,center,True,drift
2025-01-05 07:00:00,21.41219260249443,1013.1,90.0,AWS-CHN-024,Chennai,CHN,center,True,drift
2025-01-05 08:00:00,22.991693707755132,1013.9,82.0,AWS-CHN-024,Chennai,CHN,center,True,drift
2025-01-05 09:00:00,24.454816078763628,1014.1,72.0,AWS-CHN-024,Chennai,CHN,center,True,drift
2025-01-05 10:00:00,25.301858702504443,1013.8,64.0,AWS-CHN-024,Chennai,CHN,center,True,drift
2025-01-05 11:00:00,25.833091734766597,1013.2,56.0,AWS-CHN-024,Chennai,CHN,center,True,drift
2025-01-05 12:00:00,25.84876120707535,1012.2,51.0,AWS-CHN-024,Chennai,CHN,center,True,drift
2025-01-05 13:00:00,25.34909269326435,1011.2,51.0,AWS-CHN-024,Chennai,CHN,center,True,drift
2025-01-05 14:00:00,24.83429421809309,1010.2,51.0,AWS-CHN-024,Chennai,CHN,center,True,drift
2025-01-05 15:00:00,24.204558601121583,1009.8,51.0,AWS-CHN-024,Chennai,CHN,center,True,drift
2025-01-05 16:00:00,23.360065371542376,1009.8,52.0,AWS-CHN-024,Chennai,CHN,center,True,drift
2025-01-05 17:00:00,22.000982351472693,1010.3,57.0,AWS-CHN-024,Chennai,CHN,center,True,drift
2025-01-05 18:00:00,21.22746697917785,1010.4,70.0,AWS-CHN-024,Chennai,CHN,center,True,drift
2025-01-05 19:00:00,20.039667425549915,1011.4,75.0,AWS-CHN-024,Chennai,CHN,center,True,drift
2025-01-05 20:00:00,18.93772354425752,1012.2,78.0,AWS-CHN-024,Chennai,CHN,center,True,drift
2025-01-05 21:00:00,18.62176768663545,1012.8,76.0,AWS-CHN-024,Chennai,CHN,center,True,drift
2025-01-05 22:00:00,18.691925405503383,1013.0,69.0,AWS-CHN-024,Chennai,CHN,center,True,drift
2025-01-05 23:00:00,17.64831606696609,1012.3,70.0,AWS-CHN-024,Chennai,CHN,center,True,drift
2025-01-06 00:00:00,16.29105338536022,1011.8,75.0,AWS-CHN-024,Chennai,CHN,center,True,drift
2025-01-06 01:00:00,15.620245893535538,1011.1,76.0,AWS-CHN-024,Chennai,CHN,center,True,drift
2025-01-06 02:00:00,14.935997358352747,1010.5,76.0,AWS-CHN-024,Chennai,CHN,center,True,drift
2025-01-06 03:00:00,13.83840714947631,1010.2,79.0,AWS-CHN-024,Chennai,CHN,center,True,drift
2025-01-06 04:00:00,12.927570568115872,1010.3,81.0,AWS-CHN-024,Chennai,CHN,center,True,drift
2025-01-06 05:00:00,12.203579141235224,1010.6,80.0,AWS-CHN-024,Chennai,CHN,center,True,drift
2025-01-06 06:00:00,12.966520885836145,1011.1,86.0,AWS-CHN-024,Chennai,CHN,center,True,drift
2025-01-06 07:00:00,12.616480547187061,1012.2,85.0,AWS-CHN-024,Chennai,CHN,center,True,drift
2025-01-06 08:00:00,13.55353981426548,1013.3,78.0,AWS-CHN-024,Chennai,CHN,center,True,drift
2025-01-06 09:00:00,14.377777515190154,1013.6,72.0,AWS-CHN-024,Chennai,CHN,center,True,drift
2025-01-06 10:00:00,14.689269795012212,1013.4,65.0,AWS-CHN-024,Chennai,CHN,center,True,drift
2025-01-06 11:00:00,27.9,1012.6,56.0,AWS-CHN-024,Chennai,CHN,center,False,
2025-01-06 12:00:00,28.3,1011.5,54.0,AWS-CHN-024,Chennai,CHN,center,False,
2025-01-06 13:00:00,28.3,1010.1,54.0,AWS-CHN-024,Chennai,CHN,center,False,
2025-01-06 14:00:00,28.6,1009.3,54.0,AWS-CHN-024,Chennai,CHN,center,False,
2025-01-06 15:00:00,28.4,1009.2,52.0,AWS-CHN-024,Chennai,CHN,center,False,
2025-01-06 16:00:00,27.7,1009.3,53.0,AWS-CHN-024,Chennai,CHN,center,False,
2025-01-06 17:00:00,26.6,1009.8,58.0,AWS-CHN-024,Chennai,CHN,center,False,
2025-01-06 18:00:00,25.6,1010.2,70.0,AWS-CHN-024,Chennai,CHN,center,False,
2025-01-06 19:00:00,25.3,1011.1,73.0,AWS-CHN-024,Chennai,CHN,center,False,
2025-01-06 20:00:00,25.0,1011.8,75.0,AWS-CHN-024,Chennai,CHN,center,False,
2025-01-06 21:00:00,24.8,1012.3,77.0,AWS-CHN-024,Chennai,CHN,center,False,
2025-01-06 22:00:00,24.7,1012.2,79.0,AWS-CHN-024,Chennai,CHN,center,False,
2025-01-06 23:00:00,16.080579340230138,1011.8,82.0,AWS-CHN-024,Chennai,CHN,center,True,spike
2025-01-07 00:00:00,24.4,1011.4,83.0,AWS-CHN-024,Chennai,CHN,center,False,
2025-01-07 01:00:00,24.2,1011.1,83.0,AWS-CHN-024,Chennai,CHN,center,False,
2025-01-07 02:00:00,24.0,1010.6,84.0,AWS-CHN-024,Chennai,CHN,center,False,
2025-01-07 03:00:00,23.6,1010.3,86.0,AWS-CHN-024,Chennai,CHN,center,False,
2025-01-07 04:00:00,23.1,1010.4,88.0,AWS-CHN-024,Chennai,CHN,center,False,
2025-01-07 05:00:00,22.8,1011.1,89.0,AWS-CHN-024,Chennai,CHN,center,False,
2025-01-07 06:00:00,22.9,1011.8,93.0,AWS-CHN-024,Chennai,CHN,center,False,
2025-01-07 07:00:00,23.1,1012.8,91.0,AWS-CHN-024,Chennai,CHN,center,False,
2025-01-07 08:00:00,24.0,1013.5,87.0,AWS-CHN-024,Chennai,CHN,center,False,
2025-01-07 09:00:00,25.3,1013.5,78.0,AWS-CHN-024,Chennai,CHN,center,False,
2025-01-07 10:00:00,26.3,1013.4,71.0,AWS-CHN-024,Chennai,CHN,center,False,
2025-01-07 11:00:00,26.9,1012.8,67.0,AWS-CHN-024,Chennai,CHN,center,False,
2025-01-07 12:00:00,26.7,1011.8,68.0,AWS-CHN-024,Chennai,CHN,center,False,
2025-01-07 13:00:00,27.0,1010.7,67.0,AWS-CHN-024,Chennai,CHN,center,False,
2025-01-07 14:00:00,27.3,1009.7,63.0,AWS-CHN-024,Chennai,CHN,center,False,
2025-01-07 15:00:00,26.9,1009.3,62.0,AWS-CHN-024,Chennai,CHN,center,False,
2025-01-07 16:00:00,26.5,1009.4,61.0,AWS-CHN-024,Chennai,CHN,center,False,
2025-01-07 17:00:00,25.7,1009.6,65.0,AWS-CHN-024,Chennai,CHN,center,False,
2025-01-07 18:00:00,25.4,1010.1,73.0,AWS-CHN-024,Chennai,CHN,center,False,
2025-01-07 19:00:00,25.1,1010.9,75.0,AWS-CHN-024,Chennai,CHN,center,False,
2025-01-07 20:00:00,24.9,1011.5,76.0,AWS-CHN-024,Chennai,CHN,center,False,
2025-01-07 21:00:00,24.8,1011.8,75.0,AWS-CHN-024,Chennai,CHN,center,False,
2025-01-07 22:00:00,24.6,1011.6,75.0,AWS-CHN-024,Chennai,CHN,center,False,
2025-01-07 23:00:00,24.3,1011.4,75.0,AWS-CHN-024,Chennai,CHN,center,False,
2025-01-08 00:00:00,24.1,1011.0,75.0,AWS-CHN-024,Chennai,CHN,center,False,
2025-01-08 01:00:00,23.7,1010.3,76.0,AWS-CHN-024,Chennai,CHN,center,False,
2025-01-08 02:00:00,23.3,1009.6,77.0,AWS-CHN-024,Chennai,CHN,center,False,
2025-01-08 03:00:00,22.8,1009.2,79.0,AWS-CHN-024,Chennai,CHN,center,False,
2025-01-08 04:00:00,22.1,1009.1,82.0,AWS-CHN-024,Chennai,CHN,center,False,
2025-01-08 05:00:00,21.4,1009.6,85.0,AWS-CHN-024,Chennai,CHN,center,False,
2025-01-08 06:00:00,22.4,1010.3,81.0,AWS-CHN-024,Chennai,CHN,center,False,
2025-01-08 07:00:00,16.966211486229383,1018.5394311883466,64.82372039056416,AWS-CHN-024,Chennai,CHN,center,True,unstructured_anomaly
2025-01-08 08:00:00,30.957275364826366,1004.8578754540489,92.20120791185988,AWS-CHN-024,Chennai,CHN,center,True,unstructured_anomaly
2025-01-08 09:00:00,20.757166708769002,1020.7426151695355,46.89536722287812,AWS-CHN-024,Chennai,CHN,center,True,unstructured_anomaly
2025-01-08 10:00:00,32.72345208453726,1006.1874627189859,68.94915963924595,AWS-CHN-024,Chennai,CHN,center,True,unstructured_anomaly
2025-01-08 11:00:00,33.23963250326998,1004.5105121747193,31.885647388219926,AWS-CHN-024,Chennai,CHN,center,True,unstructured_anomaly
2025-01-08 12:00:00,33.917869857746105,1003.3238547984481,68.24766069889128,AWS-CHN-024,Chennai,CHN,center,True,unstructured_anomaly
2025-01-08 13:00:00,22.423298027298628,1017.3739737665994,66.62436606519897,AWS-CHN-024,Chennai,CHN,center,True,unstructured_anomaly
2025-01-08 14:00:00,28.0,1010.0,50.0,AWS-CHN-024,Chennai,CHN,center,False,
2025-01-08 15:00:00,27.5,1009.7,53.0,AWS-CHN-024,Chennai,CHN,center,False,
2025-01-08 16:00:00,26.9,1009.8,56.0,AWS-CHN-024,Chennai,CHN,center,False,
2025-01-08 17:00:00,26.3,1010.5,59.0,AWS-CHN-024,Chennai,CHN,center,False,
2025-01-08 18:00:00,25.7,1011.1,64.0,AWS-CHN-024,Chennai,CHN,center,False,
2025-01-08 19:00:00,25.4,1012.2,65.0,AWS-CHN-024,Chennai,CHN,center,False,
2025-01-08 20:00:00,25.2,1012.4,65.0,AWS-CHN-024,Chennai,CHN,center,False,
2025-01-08 21:00:00,25.1,1012.8,65.0,AWS-CHN-024,Chennai,CHN,center,False,
2025-01-08 22:00:00,24.9,1012.9,65.0,AWS-CHN-024,Chennai,CHN,center,False,
2025-01-08 23:00:00,24.7,1012.2,65.0,AWS-CHN-024,Chennai,CHN,center,False,
2025-01-09 00:00:00,24.6,1011.5,68.0,AWS-CHN-024,Chennai,CHN,center,False,
2025-01-09 01:00:00,33.507858246856486,1010.8991177142472,100.0,AWS-CHN-024,Chennai,CHN,center,True,multivariate_inconsistency
2025-01-09 02:00:00,33.407858246856485,1010.6728417468315,100.0,AWS-CHN-024,Chennai,CHN,center,True,multivariate_inconsistency
2025-01-09 03:00:00,33.407858246856485,1010.3623817351441,100.0,AWS-CHN-024,Chennai,CHN,center,True,multivariate_inconsistency
2025-01-09 04:00:00,33.30785824685648,1009.4985953380965,100.0,AWS-CHN-024,Chennai,CHN,center,True,multivariate_inconsistency
2025-01-09 05:00:00,24.6,1010.6,68.0,AWS-CHN-024,Chennai,CHN,center,False,
2025-01-09 06:00:00,24.4,1011.7,72.0,AWS-CHN-024,Chennai,CHN,center,False,
2025-01-09 07:00:00,25.0,1012.5,71.0,AWS-CHN-024,Chennai,CHN,center,False,
2025-01-09 08:00:00,25.9,1013.5,67.0,AWS-CHN-024,Chennai,CHN,center,False,
2025-01-09 09:00:00,27.0,1014.1,59.0,AWS-CHN-024,Chennai,CHN,center,False,
2025-01-09 10:00:00,27.7,1013.8,52.0,AWS-CHN-024,Chennai,CHN,center,False,
2025-01-09 11:00:00,28.4,1013.0,47.0,AWS-CHN-024,Chennai,CHN,center,False,
2025-01-09 12:00:00,28.5,1012.2,46.0,AWS-CHN-024,Chennai,CHN,center,False,
2025-01-09 13:00:00,28.5,1011.2,46.0,AWS-CHN-024,Chennai,CHN,center,False,
2025-01-09 14:00:00,28.4,1010.6,46.0,AWS-CHN-024,Chennai,CHN,center,False,
2025-01-09 15:00:00,28.2,1010.4,45.0,AWS-CHN-024,Chennai,CHN,center,False,
2025-01-09 16:00:00,27.5,1010.4,49.0,AWS-CHN-024,Chennai,CHN,center,False,
2025-01-09 17:00:00,26.7,1011.0,54.0,AWS-CHN-024,Chennai,CHN,center,False,
2025-01-09 18:00:00,26.3,1011.8,60.0,AWS-CHN-024,Chennai,CHN,center,False,
2025-01-09 19:00:00,25.7,,65.0,AWS-CHN-024,Chennai,CHN,center,True,dropout
2025-01-09 20:00:00,25.4,1013.6,68.0,AWS-CHN-024,Chennai,CHN,center,False,
2025-01-09 21:00:00,25.5,1014.2,68.0,AWS-CHN-024,Chennai,CHN,center,False,
2025-01-09 22:00:00,25.4,1014.6,69.0,AWS-CHN-024,Chennai,CHN,center,False,
2025-01-09 23:00:00,25.1,1014.1,70.0,AWS-CHN-024,Chennai,CHN,center,False,
2025-01-10 00:00:00,24.9,1013.6,71.0,AWS-CHN-024,Chennai,CHN,center,False,
2025-01-10 01:00:00,24.5,1013.0,74.0,AWS-CHN-024,Chennai,CHN,center,False,
2025-01-10 02:00:00,24.1,1012.3,77.0,AWS-CHN-024,Chennai,CHN,center,False,
2025-01-10 03:00:00,23.9,1011.9,78.0,AWS-CHN-024,Chennai,CHN,center,False,
2025-01-10 04:00:00,24.1,1011.8,77.0,AWS-CHN-024,Chennai,CHN,center,False,
2025-01-10 05:00:00,23.9,1012.2,80.0,AWS-CHN-024,Chennai,CHN,center,False,
2025-01-10 06:00:00,23.6,1012.7,85.0,AWS-CHN-024,Chennai,CHN,center,False,
2025-01-10 07:00:00,24.6,1013.4,81.0,AWS-CHN-024,Chennai,CHN,center,False,
2025-01-10 08:00:00,26.0,1014.4,76.0,AWS-CHN-024,Chennai,CHN,center,False,
2025-01-10 09:00:00,27.5,1014.9,66.0,AWS-CHN-024,Chennai,CHN,center,False,
2025-01-10 10:00:00,28.4,1015.0,59.0,AWS-CHN-024,Chennai,CHN,center,False,
2025-01-10 11:00:00,27.9,1014.3,61.0,AWS-CHN-024,Chennai,CHN,center,False,
2025-01-10 12:00:00,28.0,1013.5,62.0,AWS-CHN-024,Chennai,CHN,center,False,
2025-01-10 13:00:00,28.1,1012.6,62.0,AWS-CHN-024,Chennai,CHN,center,False,
2025-01-10 14:00:00,27.6,1011.9,64.0,AWS-CHN-024,Chennai,CHN,center,False,
2025-01-10 15:00:00,27.5,1011.5,64.0,AWS-CHN-024,Chennai,CHN,center,False,
2025-01-10 16:00:00,26.9,1011.6,67.0,AWS-CHN-024,Chennai,CHN,center,False,
2025-01-10 17:00:00,26.3,1012.3,70.0,AWS-CHN-024,Chennai,CHN,center,False,
2025-01-10 18:00:00,25.8,1012.8,75.0,AWS-CHN-024,Chennai,CHN,center,False,
2025-01-10 19:00:00,26.0,1013.8,72.0,AWS-CHN-024,Chennai,CHN,center,False,
2025-01-10 20:00:00,25.9,1014.5,73.0,AWS-CHN-024,Chennai,CHN,center,False,
2025-01-10 21:00:00,25.7,1014.7,74.0,AWS-CHN-024,Chennai,CHN,center,False,
2025-01-10 22:00:00,25.3,1014.8,77.0,AWS-CHN-024,Chennai,CHN,center,False,
2025-01-10 23:00:00,25.5,1014.2,76.0,AWS-CHN-024,Chennai,CHN,center,False,
2025-01-11 00:00:00,25.6,1013.6,76.0,AWS-CHN-024,Chennai,CHN,center,False,
2025-01-11 01:00:00,25.4,1012.9,76.0,AWS-CHN-024,Chennai,CHN,center,False,
2025-01-11 02:00:00,25.2,1012.4,77.0,AWS-CHN-024,Chennai,CHN,center,False,
2025-01-11 03:00:00,24.9,1012.1,78.0,AWS-CHN-024,Chennai,CHN,center,False,
2025-01-11 04:00:00,24.8,1012.2,78.0,AWS-CHN-024,Chennai,CHN,center,False,
2025-01-11 05:00:00,24.6,1012.3,80.0,AWS-CHN-024,Chennai,CHN,center,False,
2025-01-11 06:00:00,25.7,1012.4,70.0,AWS-CHN-024,Chennai,CHN,center,False,
2025-01-11 07:00:00,25.9,1013.4,70.0,AWS-CHN-024,Chennai,CHN,center,False,
2025-01-11 08:00:00,26.7,1014.5,65.0,AWS-CHN-024,Chennai,CHN,center,False,
2025-01-11 09:00:00,27.4,1015.2,62.0,AWS-CHN-024,Chennai,CHN,center,False,
2025-01-11 10:00:00,27.9,1015.2,59.0,AWS-CHN-024,Chennai,CHN,center,False,
2025-01-11 11:00:00,28.3,1015.1,56.0,AWS-CHN-024,Chennai,CHN,center,False,
2025-01-11 12:00:00,28.5,1013.8,54.0,AWS-CHN-024,Chennai,CHN,center,False,
2025-01-11 13:00:00,28.2,1012.5,55.0,AWS-CHN-024,Chennai,CHN,center,False,
2025-01-11 14:00:00,28.2,1011.7,54.0,AWS-CHN-024,Chennai,CHN,center,False,
2025-01-11 15:00:00,27.7,1011.4,56.0,AWS-CHN-024,Chennai,CHN,center,False,
2025-01-11 16:00:00,27.2,1011.5,57.0,AWS-CHN-024,Chennai,CHN,center,False,
2025-01-11 17:00:00,26.6,1011.9,59.0,AWS-CHN-024,Chennai,CHN,center,False,
2025-01-11 18:00:00,25.6,1012.4,68.0,AWS-CHN-024,Chennai,CHN,center,False,
2025-01-11 19:00:00,25.4,1013.3,68.0,AWS-CHN-024,Chennai,CHN,center,False,
2025-01-11 20:00:00,25.3,1013.9,68.0,AWS-CHN-024,Chennai,CHN,center,False,
2025-01-11 21:00:00,25.5,1014.5,68.0,AWS-CHN-024,Chennai,CHN,center,False,
2025-01-11 22:00:00,25.2,1014.5,70.0,AWS-CHN-024,Chennai,CHN,center,False,
2025-01-11 23:00:00,24.8,1014.3,72.0,AWS-CHN-024,Chennai,CHN,center,False,
2025-01-12 00:00:00,24.7,1013.9,73.0,AWS-CHN-024,Chennai,CHN,center,False,
2025-01-12 01:00:00,24.4,1012.9,73.0,AWS-CHN-024,Chennai,CHN,center,False,
2025-01-12 02:00:00,24.3,1012.1,73.0,AWS-CHN-024,Chennai,CHN,center,False,
2025-01-12 03:00:00,24.1,1011.7,74.0,AWS-CHN-024,Chennai,CHN,center,False,
2025-01-12 04:00:00,24.1,1011.6,74.0,AWS-CHN-024,Chennai,CHN,center,False,
2025-01-12 05:00:00,24.3,1012.2,73.0,AWS-CHN-024,Chennai,CHN,center,False,
2025-01-12 06:00:00,25.4,1012.2,73.0,AWS-CHN-024,Chennai,CHN,center,False,
2025-01-12 07:00:00,25.5,1013.1,71.0,AWS-CHN-024,Chennai,CHN,center,False,
2025-01-12 08:00:00,26.1,1014.2,68.0,AWS-CHN-024,Chennai,CHN,center,False,
2025-01-12 09:00:00,26.4,1014.7,69.0,AWS-CHN-024,Chennai,CHN,center,False,
2025-01-12 10:00:00,26.4,1014.3,71.0,AWS-CHN-024,Chennai,CHN,center,False,
2025-01-12 11:00:00,26.1,1013.9,73.0,AWS-CHN-024,Chennai,CHN,center,False,
2025-01-12 12:00:00,26.8,1013.0,68.0,AWS-CHN-024,Chennai,CHN,center,False,
2025-01-12 13:00:00,26.4,1012.0,69.0,AWS-CHN-024,Chennai,CHN,center,False,
2025-01-12 14:00:00,26.5,1011.1,70.0,AWS-CHN-024,Chennai,CHN,center,False,
2025-01-12 15:00:00,26.0,1010.8,73.0,AWS-CHN-024,Chennai,CHN,center,False,
2025-01-12 16:00:00,25.9,1010.8,74.0,AWS-CHN-024,Chennai,CHN,center,False,
2025-01-12 17:00:00,25.7,1011.3,77.0,AWS-CHN-024,Chennai,CHN,center,False,
2025-01-12 18:00:00,25.6,1011.8,81.0,AWS-CHN-024,Chennai,CHN,center,False,
2025-01-12 19:00:00,25.7,1012.6,80.0,AWS-CHN-024,Chennai,CHN,center,False,
2025-01-12 20:00:00,25.6,1013.2,80.0,AWS-CHN-024,Chennai,CHN,center,False,
2025-01-12 21:00:00,25.4,1013.6,83.0,AWS-CHN-024,Chennai,CHN,center,False,
2025-01-12 22:00:00,24.8,1013.4,87.0,AWS-CHN-024,Chennai,CHN,center,False,
2025-01-12 23:00:00,24.8,1013.0,87.0,AWS-CHN-024,Chennai,CHN,center,False,
2025-01-13 00:00:00,24.5,1012.4,89.0,AWS-CHN-024,Chennai,CHN,center,False,
2025-01-13 01:00:00,23.7,1011.5,92.0,AWS-CHN-024,Chennai,CHN,center,False,
2025-01-13 02:00:00,23.6,1010.8,91.0,AWS-CHN-024,Chennai,CHN,center,False,
2025-01-13 03:00:00,23.6,1010.2,93.0,AWS-CHN-024,Chennai,CHN,center,False,
2025-01-13 04:00:00,23.8,1010.1,94.0,AWS-CHN-024,Chennai,CHN,center,False,
2025-01-13 05:00:00,23.8,1010.4,92.0,AWS-CHN-024,Chennai,CHN,center,False,
2025-01-13 06:00:00,24.1,1011.0,94.0,AWS-CHN-024,Chennai,CHN,center,False,
2025-01-13 07:00:00,24.5,1012.0,92.0,AWS-CHN-024,Chennai,CHN,center,False,
2025-01-13 08:00:00,25.2,1012.9,87.0,AWS-CHN-024,Chennai,CHN,center,False,
2025-01-13 09:00:00,25.9,1013.3,82.0,AWS-CHN-024,Chennai,CHN,center,False,
2025-01-13 10:00:00,26.0,1012.9,82.0,AWS-CHN-024,Chennai,CHN,center,False,
2025-01-13 11:00:00,26.4,1012.2,79.0,AWS-CHN-024,Chennai,CHN,center,False,
2025-01-13 12:00:00,26.4,1011.0,80.0,AWS-CHN-024,Chennai,CHN,center,False,
2025-01-13 13:00:00,26.7,1009.8,78.0,AWS-CHN-024,Chennai,CHN,center,False,
2025-01-13 14:00:00,26.9,1009.2,77.0,AWS-CHN-024,Chennai,CHN,center,False,
2025-01-13 15:00:00,26.4,1008.8,81.0,AWS-CHN-024,Chennai,CHN,center,False,
2025-01-13 16:00:00,26.2,1009.2,79.0,AWS-CHN-024,Chennai,CHN,center,False,
2025-01-13 17:00:00,26.1,1009.5,78.0,AWS-CHN-024,Chennai,CHN,center,False,
2025-01-13 18:00:00,26.1,1010.5,77.0,AWS-CHN-024,Chennai,CHN,center,False,
2025-01-13 19:00:00,26.2,1011.6,77.0,AWS-CHN-024,Chennai,CHN,center,False,
2025-01-13 20:00:00,26.1,1012.0,79.0,AWS-CHN-024,Chennai,CHN,center,False,
2025-01-13 21:00:00,25.9,1012.7,80.0,AWS-CHN-024,Chennai,CHN,center,False,
2025-01-13 22:00:00,25.7,1012.9,81.0,AWS-CHN-024,Chennai,CHN,center,False,
2025-01-13 23:00:00,25.5,1012.4,81.0,AWS-CHN-024,Chennai,CHN,center,False,
2025-01-14 00:00:00,25.2,1011.9,82.0,AWS-CHN-024,Chennai,CHN,center,False,
2025-01-14 01:00:00,24.8,1011.1,85.0,AWS-CHN-024,Chennai,CHN,center,False,
2025-01-14 02:00:00,24.7,1010.5,86.0,AWS-CHN-024,Chennai,CHN,center,False,
2025-01-14 03:00:00,24.7,1009.8,85.0,AWS-CHN-024,Chennai,CHN,center,False,
2025-01-14 04:00:00,24.6,1010.1,84.0,AWS-CHN-024,Chennai,CHN,center,False,
2025-01-14 05:00:00,24.6,1010.8,84.0,AWS-CHN-024,Chennai,CHN,center,False,
2025-01-14 06:00:00,25.1,1011.9,81.0,AWS-CHN-024,Chennai,CHN,center,False,
2025-01-14 07:00:00,25.5,1012.9,79.0,AWS-CHN-024,Chennai,CHN,center,False,
2025-01-14 08:00:00,26.7,1013.8,71.0,AWS-CHN-024,Chennai,CHN,center,False,
2025-01-14 09:00:00,27.3,1014.5,69.0,AWS-CHN-024,Chennai,CHN,center,False,
2025-01-14 10:00:00,27.7,1014.2,67.0,AWS-CHN-024,Chennai,CHN,center,False,
2025-01-14 11:00:00,28.0,1014.0,66.0,AWS-CHN-024,Chennai,CHN,center,False,
2025-01-14 12:00:00,28.2,1013.1,65.0,AWS-CHN-024,Chennai,CHN,center,False,
2025-01-14 13:00:00,28.0,1012.0,65.0,AWS-CHN-024,Chennai,CHN,center,False,
2025-01-14 14:00:00,27.0,1011.3,71.0,AWS-CHN-024,Chennai,CHN,center,False,
2025-01-14 15:00:00,27.1,1010.9,70.0,AWS-CHN-024,Chennai,CHN,center,False,
2025-01-14 16:00:00,27.1,1011.1,68.0,AWS-CHN-024,Chennai,CHN,center,False,
2025-01-14 17:00:00,26.4,1011.6,71.0,AWS-CHN-024,Chennai,CHN,center,False,
2025-01-14 18:00:00,26.0,1012.4,77.0,AWS-CHN-024,Chennai,CHN,center,False,
2025-01-14 19:00:00,25.9,1013.2,12.95260872112479,AWS-CHN-024,Chennai,CHN,center,True,spike
2025-01-14 20:00:00,26.0,1014.0,77.0,AWS-CHN-024,Chennai,CHN,center,False,
2025-01-14 21:00:00,25.9,1014.2,76.0,AWS-CHN-024,Chennai,CHN,center,False,
2025-01-14 22:00:00,25.7,1014.2,76.0,AWS-CHN-024,Chennai,CHN,center,False,
2025-01-14 23:00:00,25.4,1013.8,77.0,AWS-CHN-024,Chennai,CHN,center,False,
2025-01-15 00:00:00,25.5,1013.2,,AWS-CHN-024,Chennai,CHN,center,True,dropout
2025-01-15 01:00:00,25.3,1012.5,77.0,AWS-CHN-024,Chennai,CHN,center,False,
2025-01-15 02:00:00,25.2,1011.8,76.0,AWS-CHN-024,Chennai,CHN,center,False,
2025-01-15 03:00:00,25.3,1011.7,75.0,AWS-CHN-024,Chennai,CHN,center,False,
2025-01-15 04:00:00,25.4,1011.7,75.0,AWS-CHN-024,Chennai,CHN,center,False,
2025-01-15 05:00:00,25.3,1012.3,75.0,AWS-CHN-024,Chennai,CHN,center,False,
2025-01-15 06:00:00,25.4,1013.0,77.0,AWS-CHN-024,Chennai,CHN,center,False,
2025-01-15 07:00:00,25.9,1014.1,75.0,AWS-CHN-024,Chennai,CHN,center,False,
2025-01-15 08:00:00,26.9,1015.0,68.0,AWS-CHN-024,Chennai,CHN,center,False,
2025-01-15 09:00:00,27.9,1015.4,62.0,AWS-CHN-024,Chennai,CHN,center,False,
2025-01-15 10:00:00,28.4,1015.3,60.0,AWS-CHN-024,Chennai,CHN,center,False,
2025-01-15 11:00:00,28.7,1014.8,59.0,AWS-CHN-024,Chennai,CHN,center,False,
2025-01-15 12:00:00,28.9,1013.7,58.0,AWS-CHN-024,Chennai,CHN,center,False,
2025-01-15 13:00:00,28.8,1012.6,58.0,AWS-CHN-024,Chennai,CHN,center,False,
2025-01-15 14:00:00,28.6,1011.6,58.0,AWS-CHN-024,Chennai,CHN,center,True,drift
2025-01-15 15:00:00,28.2,1011.1,59.96288405742765,AWS-CHN-024,Chennai,CHN,center,True,drift
2025-01-15 16:00:00,27.6,1011.2,60.89246004682525,AWS-CHN-024,Chennai,CHN,center,True,drift
2025-01-15 17:00:00,26.8,1011.8,64.79922529375517,AWS-CHN-024,Chennai,CHN,center,True,drift
2025-01-15 18:00:00,26.2,1012.8,72.68710859842847,AWS-CHN-024,Chennai,CHN,center,True,drift
2025-01-15 19:00:00,26.0,1013.5,72.55842835704694,AWS-CHN-024,Chennai,CHN,center,True,drift
2025-01-15 20:00:00,25.9,1014.2,73.41477179303425,AWS-CHN-024,Chennai,CHN,center,True,drift
2025-01-15 21:00:00,25.8,1014.8,71.2573174033993,AWS-CHN-024,Chennai,CHN,center,True,drift
2025-01-15 22:00:00,25.6,1014.8,71.08698683006,AWS-CHN-024,Chennai,CHN,center,True,drift
2025-01-15 23:00:00,25.3,1014.4,70.90452745767872,AWS-CHN-024,Chennai,CHN,center,True,drift
2025-01-16 00:00:00,25.2,1014.0,71.71056184376347,AWS-CHN-024,Chennai,CHN,center,True,drift
2025-01-16 01:00:00,25.1,1013.0,71.50561940685472,AWS-CHN-024,Chennai,CHN,center,True,drift
2025-01-16 02:00:00,25.0,1012.1,71.29015782787695,AWS-CHN-024,Chennai,CHN,center,True,drift
2025-01-16 03:00:00,24.9,1011.4,71.06457810837853,AWS-CHN-024,Chennai,CHN,center,True,drift
2025-01-16 04:00:00,24.8,1011.2,70.82923552213614,AWS-CHN-024,Chennai,CHN,center,True,drift
2025-01-16 05:00:00,24.9,1011.5,70.5844478006419,AWS-CHN-024,Chennai,CHN,center,True,drift
2025-01-16 06:00:00,25.2,1012.7,70.33050139315363,AWS-CHN-024,Chennai,CHN,center,True,drift
2025-01-16 07:00:00,25.5,1013.5,69.06765634879108,AWS-CHN-024,Chennai,CHN,center,True,drift
2025-01-16 08:00:00,26.9,1014.4,60.796150188798485,AWS-CHN-024,Chennai,CHN,center,True,drift
2025-01-16 09:00:00,27.6,1014.8,56.51620102338143,AWS-CHN-024,Chennai,CHN,center,True,drift
2025-01-16 10:00:00,28.1,1014.6,54.22801009318105,AWS-CHN-024,Chennai,CHN,center,True,drift
2025-01-16 11:00:00,28.3,1014.3,53.931763865523216,AWS-CHN-024,Chennai,CHN,center,True,drift
2025-01-16 12:00:00,28.3,1013.4,52.627635781252636,AWS-CHN-024,Chennai,CHN,center,True,drift
2025-01-16 13:00:00,28.0,1012.2,52.315787723861874,AWS-CHN-024,Chennai,CHN,center,True,drift
2025-01-16 14:00:00,27.7,1011.5,53.99637126538638,AWS-CHN-024,Chennai,CHN,center,True,drift
2025-01-16 15:00:00,27.5,1011.3,54.66952873099713,AWS-CHN-024,Chennai,CHN,center,True,drift
2025-01-16 16:00:00,26.9,1011.4,56.33539411496269,AWS-CHN-024,Chennai,CHN,center,True,drift
2025-01-16 17:00:00,26.2,1011.8,58.994093873719095,AWS-CHN-024,Chennai,CHN,center,True,drift
2025-01-16 18:00:00,25.8,1012.2,63.6457476165294,AWS-CHN-024,Chennai,CHN,center,True,drift
2025-01-16 19:00:00,25.5,1013.3,65.2904687101834,AWS-CHN-024,Chennai,CHN,center,True,drift
2025-01-16 20:00:00,25.3,1014.2,64.92836481106309,AWS-CHN-024,Chennai,CHN,center,True,drift
2025-01-16 21:00:00,25.1,1015.1,65.55953833545375,AWS-CHN-024,Chennai,CHN,center,True,drift
2025-01-16 22:00:00,25.1,1015.4,64.18408687704905,AWS-CHN-024,Chennai,CHN,center,True,drift
2025-01-16 23:00:00,25.2,1014.6,62.80210357905989,AWS-CHN-024,Chennai,CHN,center,True,drift
2025-01-17 00:00:00,25.0,1014.0,63.413677467101735,AWS-CHN-024,Chennai,CHN,center,True,drift
2025-01-17 01:00:00,24.7,1013.0,65.01889374803727,AWS-CHN-024,Chennai,CHN,center,True,drift
2025-01-17 02:00:00,24.7,1011.9,64.61783407913744,AWS-CHN-024,Chennai,CHN,center,True,drift
2025-01-17 03:00:00,24.4,1011.2,65.21057681125885,AWS-CHN-024,Chennai,CHN,center,True,drift
2025-01-17 04:00:00,23.9,1011.0,68.79719720918584,AWS-CHN-024,Chennai,CHN,center,True,drift
2025-01-17 05:00:00,23.7,1011.4,69.37776765183104,AWS-CHN-024,Chennai,CHN,center,True,drift
2025-01-17 06:00:00,24.1,1012.2,69.95235781460875,AWS-CHN-024,Chennai,CHN,center,True,drift
2025-01-17 07:00:00,24.8,1012.9,66.5210348359778,AWS-CHN-024,Chennai,CHN,center,True,drift
2025-01-17 08:00:00,25.9,1013.6,59.083863469883795,AWS-CHN-024,Chennai,CHN,center,True,drift
2025-01-17 09:00:00,26.6,1013.7,55.640906225603906,AWS-CHN-024,Chennai,CHN,center,True,drift
2025-01-17 10:00:00,27.1,1013.3,52.19222349630631,AWS-CHN-024,Chennai,CHN,center,True,drift
2025-01-17 11:00:00,27.4,1012.8,48.73787367747247,AWS-CHN-024,Chennai,CHN,center,True,drift
2025-01-17 12:00:00,27.3,1011.9,49.277913276190475,AWS-CHN-024,Chennai,CHN,center,True,drift
2025-01-17 13:00:00,27.1,1011.0,48.81239701220781,AWS-CHN-024,Chennai,CHN,center,True,drift
2025-01-17 14:00:00,26.9,1010.1,65.0,AWS-CHN-024,Chennai,CHN,center,False,
2025-01-17 15:00:00,27.0,1009.9,64.0,AWS-CHN-024,Chennai,CHN,center,False,
2025-01-17 16:00:00,26.6,1010.1,65.0,AWS-CHN-024,Chennai,CHN,center,False,
2025-01-17 17:00:00,25.8,1010.5,68.0,AWS-CHN-024,Chennai,CHN,center,False,
2025-01-17 18:00:00,25.7,1011.0,67.0,AWS-CHN-024,Chennai,CHN,center,False,
2025-01-17 19:00:00,25.3,1012.0,70.0,AWS-CHN-024,Chennai,CHN,center,False,
2025-01-17 20:00:00,25.1,1012.3,71.0,AWS-CHN-024,Chennai,CHN,center,False,
2025-01-17 21:00:00,25.0,1013.0,72.0,AWS-CHN-024,Chennai,CHN,center,False,
2025-01-17 22:00:00,24.8,1013.1,72.0,AWS-CHN-024,Chennai,CHN,center,False,
2025-01-17 23:00:00,24.7,1012.8,72.0,AWS-CHN-024,Chennai,CHN,center,False,
2025-01-18 00:00:00,24.4,1012.2,72.0,AWS-CHN-024,Chennai,CHN,center,False,
2025-01-18 01:00:00,24.0,1011.3,73.0,AWS-CHN-024,Chennai,CHN,center,False,
2025-01-18 02:00:00,23.8,1010.8,73.0,AWS-CHN-024,Chennai,CHN,center,False,
2025-01-18 03:00:00,23.5,1010.2,75.0,AWS-CHN-024,Chennai,CHN,center,False,
2025-01-18 04:00:00,23.2,1010.0,77.0,AWS-CHN-024,Chennai,CHN,center,False,
2025-01-18 05:00:00,23.1,1010.3,78.0,AWS-CHN-024,Chennai,CHN,center,False,
2025-01-18 06:00:00,23.9,1010.8,75.0,AWS-CHN-024,Chennai,CHN,center,False,
2025-01-18 07:00:00,24.7,1011.9,72.0,AWS-CHN-024,Chennai,CHN,center,False,
2025-01-18 08:00:00,26.4,1012.4,62.0,AWS-CHN-024,Chennai,CHN,center,False,
2025-01-18 09:00:00,27.4,1013.0,58.0,AWS-CHN-024,Chennai,CHN,center,False,
2025-01-18 10:00:00,28.2,1012.9,55.0,AWS-CHN-024,Chennai,CHN,center,False,
2025-01-18 11:00:00,27.3,1012.5,61.0,AWS-CHN-024,Chennai,CHN,center,False,
2025-01-18 12:00:00,27.1,1011.8,64.0,AWS-CHN-024,Chennai,CHN,center,False,
2025-01-18 13:00:00,27.4,1010.4,64.0,AWS-CHN-024,Chennai,CHN,center,False,
2025-01-18 14:00:00,27.2,1009.4,64.0,AWS-CHN-024,Chennai,CHN,center,False,
2025-01-18 15:00:00,26.9,1009.0,66.0,AWS-CHN-024,Chennai,CHN,center,False,
2025-01-18 16:00:00,26.6,1009.1,69.0,AWS-CHN-024,Chennai,CHN,center,False,
2025-01-18 17:00:00,15.44215172788887,1009.4,72.0,AWS-CHN-024,Chennai,CHN,center,True,spike
2025-01-18 18:00:00,25.6,1010.2,76.0,AWS-CHN-024,Chennai,CHN,center,False,
2025-01-18 19:00:00,25.0,1011.1,80.0,AWS-CHN-024,Chennai,CHN,center,False,
2025-01-18 20:00:00,24.8,1011.9,82.0,AWS-CHN-024,Chennai,CHN,center,False,
2025-01-18 21:00:00,24.5,1012.3,85.0,AWS-CHN-024,Chennai,CHN,center,False,
2025-01-18 22:00:00,24.4,1012.1,89.0,AWS-CHN-024,Chennai,CHN,center,False,
2025-01-18 23:00:00,24.3,1011.7,90.0,AWS-CHN-024,Chennai,CHN,center,False,
2025-01-19 00:00:00,24.1,1011.3,91.0,AWS-CHN-024,Chennai,CHN,center,False,
2025-01-19 01:00:00,23.9,1010.7,92.0,AWS-CHN-024,Chennai,CHN,center,False,
2025-01-19 02:00:00,23.9,1010.0,92.0,AWS-CHN-024,Chennai,CHN,center,False,
2025-01-19 03:00:00,23.6,1009.7,94.0,AWS-CHN-024,Chennai,CHN,center,False,
2025-01-19 04:00:00,23.4,1009.8,95.0,AWS-CHN-024,Chennai,CHN,center,False,
2025-01-19 05:00:00,23.3,1010.2,93.0,AWS-CHN-024,Chennai,CHN,center,False,
2025-01-19 06:00:00,24.1,1011.1,91.0,AWS-CHN-024,Chennai,CHN,center,False,
2025-01-19 07:00:00,24.6,1012.2,91.0,AWS-CHN-024,Chennai,CHN,center,False,
2025-01-19 08:00:00,25.4,,87.0,AWS-CHN-024,Chennai,CHN,center,True,dropout
2025-01-19 09:00:00,25.1,1013.5,87.0,AWS-CHN-024,Chennai,CHN,center,False,
2025-01-19 10:00:00,26.7,1012.9,80.0,AWS-CHN-024,Chennai,CHN,center,False,
2025-01-19 11:00:00,26.7,1012.4,76.0,AWS-CHN-024,Chennai,CHN,center,False,
2025-01-19 12:00:00,27.1,1011.7,77.0,AWS-CHN-024,Chennai,CHN,center,False,
2025-01-19 13:00:00,27.3,1010.8,75.0,AWS-CHN-024,Chennai,CHN,center,False,
2025-01-19 14:00:00,27.4,1009.9,74.0,AWS-CHN-024,Chennai,CHN,center,False,
2025-01-19 15:00:00,26.9,1009.5,75.0,AWS-CHN-024,Chennai,CHN,center,False,
2025-01-19 16:00:00,26.5,1009.5,76.0,AWS-CHN-024,Chennai,CHN,center,False,
2025-01-19 17:00:00,25.7,1009.7,80.0,AWS-CHN-024,Chennai,CHN,center,False,
2025-01-19 18:00:00,25.5,1010.3,85.0,AWS-CHN-024,Chennai,CHN,center,False,
2025-01-19 19:00:00,25.3,1011.2,86.0,AWS-CHN-024,Chennai,CHN,center,False,
2025-01-19 20:00:00,25.2,1011.8,86.0,AWS-CHN-024,Chennai,CHN,center,False,
2025-01-19 21:00:00,24.9,1011.9,84.0,AWS-CHN-024,Chennai,CHN,center,False,
2025-01-19 22:00:00,31.649196844331343,1011.3611953648682,100.0,AWS-CHN-024,Chennai,CHN,center,True,multivariate_inconsistency
2025-01-19 23:00:00,31.449196844331343,1011.9875934486691,100.0,AWS-CHN-024,Chennai,CHN,center,True,multivariate_inconsistency
2025-01-20 00:00:00,31.249196844331344,1011.4948874263572,100.0,AWS-CHN-024,Chennai,CHN,center,True,multivariate_inconsistency
2025-01-20 01:00:00,31.049196844331345,1011.0180257289742,100.0,AWS-CHN-024,Chennai,CHN,center,True,multivariate_inconsistency
2025-01-20 02:00:00,30.749196844331344,1009.8453507351448,100.0,AWS-CHN-024,Chennai,CHN,center,True,multivariate_inconsistency
2025-01-20 03:00:00,23.6,1009.6,89.0,AWS-CHN-024,Chennai,CHN,center,False,
2025-01-20 04:00:00,23.4,1009.6,89.0,AWS-CHN-024,Chennai,CHN,center,False,
2025-01-20 05:00:00,23.2,1010.0,,AWS-CHN-024,Chennai,CHN,center,True,dropout
2025-01-20 06:00:00,23.3,1011.0,89.0,AWS-CHN-024,Chennai,CHN,center,False,
2025-01-20 07:00:00,23.4,1011.9,91.0,AWS-CHN-024,Chennai,CHN,center,False,
2025-01-20 08:00:00,24.6,1012.6,89.0,AWS-CHN-024,Chennai,CHN,center,False,
2025-01-20 09:00:00,25.9,1013.0,78.0,AWS-CHN-024,Chennai,CHN,center,False,
2025-01-20 10:00:00,27.0,1012.7,70.0,AWS-CHN-024,Chennai,CHN,center,False,
2025-01-20 11:00:00,27.4,1012.0,65.0,AWS-CHN-024,Chennai,CHN,center,True,frozen_value
2025-01-20 12:00:00,27.253354783842678,1011.2,63.0,AWS-CHN-024,Chennai,CHN,center,True,frozen_value
2025-01-20 13:00:00,27.223696675896832,1010.2,62.0,AWS-CHN-024,Chennai,CHN,center,True,frozen_value
2025-01-20 14:00:00,27.27230349694122,1009.4,64.0,AWS-CHN-024,Chennai,CHN,center,True,frozen_value
2025-01-20 15:00:00,27.24565313693438,1008.8,66.0,AWS-CHN-024,Chennai,CHN,center,True,frozen_value
2025-01-20 16:00:00,27.135214244597236,1009.0,67.0,AWS-CHN-024,Chennai,CHN,center,True,frozen_value
2025-01-20 17:00:00,27.161212715811683,1009.2,72.0,AWS-CHN-024,Chennai,CHN,center,True,frozen_value
2025-01-20 18:00:00,25.2,1009.3,77.0,AWS-CHN-024,Chennai,CHN,center,False,
2025-01-20 19:00:00,24.9,1010.3,78.0,AWS-CHN-024,Chennai,CHN,center,False,
2025-01-20 20:00:00,24.6,1010.8,79.0,AWS-CHN-024,Chennai,CHN,center,False,
2025-01-20 21:00:00,24.5,1011.4,79.0,AWS-CHN-024,Chennai,CHN,center,False,
2025-01-20 22:00:00,24.3,1011.4,79.0,AWS-CHN-024,Chennai,CHN,center,False,
2025-01-20 23:00:00,24.0,1011.1,80.0,AWS-CHN-024,Chennai,CHN,center,False,
2025-01-21 00:00:00,23.7,1010.5,81.0,AWS-CHN-024,Chennai,CHN,center,False,
2025-01-21 01:00:00,23.3,1009.9,81.0,AWS-CHN-024,Chennai,CHN,center,False,
2025-01-21 02:00:00,23.1,1009.4,82.0,AWS-CHN-024,Chennai,CHN,center,False,
2025-01-21 03:00:00,22.7,1009.1,83.0,AWS-CHN-024,Chennai,CHN,center,False,
2025-01-21 04:00:00,22.6,1009.3,83.0,AWS-CHN-024,Chennai,CHN,center,False,
2025-01-21 05:00:00,22.4,1009.6,84.0,AWS-CHN-024,Chennai,CHN,center,False,
2025-01-21 06:00:00,23.2,1010.0,81.0,AWS-CHN-024,Chennai,CHN,center,False,
2025-01-21 07:00:00,23.7,1010.7,80.0,AWS-CHN-024,Chennai,CHN,center,False,
2025-01-21 08:00:00,25.1,1011.6,74.0,AWS-CHN-024,Chennai,CHN,center,False,
2025-01-21 09:00:00,26.3,1012.2,65.0,AWS-CHN-024,Chennai,CHN,center,False,
2025-01-21 10:00:00,27.0,1012.1,61.0,AWS-CHN-024,Chennai,CHN,center,False,
2025-01-21 11:00:00,27.5,1011.6,59.0,AWS-CHN-024,Chennai,CHN,center,False,
2025-01-21 12:00:00,27.7,1010.9,58.0,AWS-CHN-024,Chennai,CHN,center,False,
2025-01-21 13:00:00,27.8,1009.8,56.0,AWS-CHN-024,Chennai,CHN,center,False,
2025-01-21 14:00:00,27.6,1008.9,56.0,AWS-CHN-024,Chennai,CHN,center,False,
2025-01-21 15:00:00,27.4,1008.6,56.0,AWS-CHN-024,Chennai,CHN,center,False,
2025-01-21 16:00:00,26.9,1008.5,56.0,AWS-CHN-024,Chennai,CHN,center,False,
2025-01-21 17:00:00,26.2,1008.7,60.0,AWS-CHN-024,Chennai,CHN,center,False,
2025-01-21 18:00:00,25.3,1008.9,72.0,AWS-CHN-024,Chennai,CHN,center,False,
2025-01-21 19:00:00,24.8,1009.7,77.0,AWS-CHN-024,Chennai,CHN,center,False,
2025-01-21 20:00:00,33.0116360721854,1010.2558083160342,100.0,AWS-CHN-024,Chennai,CHN,center,True,multivariate_inconsistency
2025-01-21 21:00:00,32.8116360721854,1011.1126292684814,100.0,AWS-CHN-024,Chennai,CHN,center,True,multivariate_inconsistency
2025-01-21 22:00:00,32.7116360721854,1010.6552660819476,100.0,AWS-CHN-024,Chennai,CHN,center,True,multivariate_inconsistency
2025-01-21 23:00:00,32.5116360721854,1010.0598751054255,100.0,AWS-CHN-024,Chennai,CHN,center,True,multivariate_inconsistency
2025-01-22 00:00:00,32.3116360721854,1010.093762947345,100.0,AWS-CHN-024,Chennai,CHN,center,True,multivariate_inconsistency
2025-01-22 01:00:00,23.3,1009.4,83.0,AWS-CHN-024,Chennai,CHN,center,False,
2025-01-22 02:00:00,22.9,1008.8,85.0,AWS-CHN-024,Chennai,CHN,center,False,
2025-01-22 03:00:00,22.7,1008.5,86.0,AWS-CHN-024,Chennai,CHN,center,False,
2025-01-22 04:00:00,22.6,1008.6,86.0,AWS-CHN-024,Chennai,CHN,center,False,
2025-01-22 05:00:00,22.4,1008.9,87.0,AWS-CHN-024,Chennai,CHN,center,False,
2025-01-22 06:00:00,23.1,1009.8,86.0,AWS-CHN-024,Chennai,CHN,center,False,
2025-01-22 07:00:00,23.5,1010.7,86.0,AWS-CHN-024,Chennai,CHN,center,False,
2025-01-22 08:00:00,25.0,1011.7,80.0,AWS-CHN-024,Chennai,CHN,center,False,
2025-01-22 09:00:00,26.7,1012.2,68.0,AWS-CHN-024,Chennai,CHN,center,False,
2025-01-22 10:00:00,27.8,1012.0,60.0,AWS-CHN-024,Chennai,CHN,center,False,
2025-01-22 11:00:00,28.3,1011.2,57.0,AWS-CHN-024,Chennai,CHN,center,False,
2025-01-22 12:00:00,28.4,1010.5,57.0,AWS-CHN-024,Chennai,CHN,center,False,
2025-01-22 13:00:00,28.1,1009.9,60.0,AWS-CHN-024,Chennai,CHN,center,False,
2025-01-22 14:00:00,27.9,1009.1,60.0,AWS-CHN-024,Chennai,CHN,center,False,
2025-01-22 15:00:00,27.9,1008.9,59.0,AWS-CHN-024,Chennai,CHN,center,False,
2025-01-22 16:00:00,27.5,1008.9,59.0,AWS-CHN-024,Chennai,CHN,center,False,
2025-01-22 17:00:00,26.6,1009.3,63.0,AWS-CHN-024,Chennai,CHN,center,False,
2025-01-22 18:00:00,25.7,1009.7,75.0,AWS-CHN-024,Chennai,CHN,center,False,
2025-01-22 19:00:00,25.3,1010.7,77.0,AWS-CHN-024,Chennai,CHN,center,False,
2025-01-22 20:00:00,25.0,1011.3,78.0,AWS-CHN-024,Chennai,CHN,center,False,
2025-01-22 21:00:00,24.8,1011.9,78.0,AWS-CHN-024,Chennai,CHN,center,False,
2025-01-22 22:00:00,24.5,1011.8,80.0,AWS-CHN-024,Chennai,CHN,center,False,
2025-01-22 23:00:00,24.5,1011.2,-0.03657136414451614,AWS-CHN-024,Chennai,CHN,center,True,sensor_fail_low
2025-01-23 00:00:00,24.6,1010.9,-0.05727747410187677,AWS-CHN-024,Chennai,CHN,center,True,sensor_fail_low
2025-01-23 01:00:00,24.5,1010.2,-0.039061295162749705,AWS-CHN-024,Chennai,CHN,center,True,sensor_fail_low
2025-01-23 02:00:00,24.2,1009.6,0.013879283770071997,AWS-CHN-024,Chennai,CHN,center,True,sensor_fail_low
2025-01-23 03:00:00,24.0,1009.0,83.0,AWS-CHN-024,Chennai,CHN,center,False,
2025-01-23 04:00:00,23.1,1009.0,86.0,AWS-CHN-024,Chennai,CHN,center,False,
2025-01-23 05:00:00,22.6,1009.5,88.0,AWS-CHN-024,Chennai,CHN,center,False,
2025-01-23 06:00:00,23.2,1010.1,88.0,AWS-CHN-024,Chennai,CHN,center,False,
2025-01-23 07:00:00,24.1,1011.2,86.0,AWS-CHN-024,Chennai,CHN,center,False,
2025-01-23 08:00:00,25.5,1012.0,79.0,AWS-CHN-024,Chennai,CHN,center,False,
2025-01-23 09:00:00,26.8,1012.7,68.0,AWS-CHN-024,Chennai,CHN,center,False,
2025-01-23 10:00:00,28.0,1012.5,61.0,AWS-CHN-024,Chennai,CHN,center,False,
2025-01-23 11:00:00,28.6,1011.7,56.0,AWS-CHN-024,Chennai,CHN,center,False,
2025-01-23 12:00:00,28.9,1011.2,52.0,AWS-CHN-024,Chennai,CHN,center,False,
2025-01-23 13:00:00,29.0,1009.8,53.0,AWS-CHN-024,Chennai,CHN,center,False,
2025-01-23 14:00:00,28.8,1009.0,54.0,AWS-CHN-024,Chennai,CHN,center,False,
2025-01-23 15:00:00,28.4,1008.8,56.0,AWS-CHN-024,Chennai,CHN,center,False,
2025-01-23 16:00:00,27.6,1008.7,59.0,AWS-CHN-024,Chennai,CHN,center,False,
2025-01-23 17:00:00,26.7,1008.8,62.0,AWS-CHN-024,Chennai,CHN,center,False,
2025-01-23 18:00:00,25.8,1009.4,71.0,AWS-CHN-024,Chennai,CHN,center,False,
2025-01-23 19:00:00,25.5,1010.5,74.0,AWS-CHN-024,Chennai,CHN,center,False,
2025-01-23 20:00:00,25.0,1010.9,76.0,AWS-CHN-024,Chennai,CHN,center,False,
2025-01-23 21:00:00,24.7,1011.3,77.0,AWS-CHN-024,Chennai,CHN,center,False,
2025-01-23 22:00:00,24.4,1011.3,77.0,AWS-CHN-024,Chennai,CHN,center,False,
2025-01-23 23:00:00,23.8,1010.7,79.0,AWS-CHN-024,Chennai,CHN,center,False,
2025-01-24 00:00:00,23.0,1010.1,83.0,AWS-CHN-024,Chennai,CHN,center,False,
2025-01-24 01:00:00,22.4,1009.3,86.0,AWS-CHN-024,Chennai,CHN,center,False,
2025-01-24 02:00:00,22.2,1008.7,88.0,AWS-CHN-024,Chennai,CHN,center,False,
2025-01-24 03:00:00,22.3,1008.4,88.0,AWS-CHN-024,Chennai,CHN,center,False,
2025-01-24 04:00:00,22.2,1008.6,87.0,AWS-CHN-024,Chennai,CHN,center,False,
2025-01-24 05:00:00,21.7,1009.1,88.0,AWS-CHN-024,Chennai,CHN,center,False,
2025-01-24 06:00:00,22.9,1009.4,83.0,AWS-CHN-024,Chennai,CHN,center,False,
2025-01-24 07:00:00,23.6,1010.2,77.0,AWS-CHN-024,Chennai,CHN,center,False,
2025-01-24 08:00:00,25.6,1011.2,68.0,AWS-CHN-024,Chennai,CHN,center,False,
2025-01-24 09:00:00,26.8,1012.3,59.0,AWS-CHN-024,Chennai,CHN,center,False,
2025-01-24 10:00:00,27.9,1012.4,50.0,AWS-CHN-024,Chennai,CHN,center,False,
2025-01-24 11:00:00,28.2,1011.9,53.0,AWS-CHN-024,Chennai,CHN,center,False,
2025-01-24 12:00:00,28.1,1011.4,55.0,AWS-CHN-024,Chennai,CHN,center,False,
2025-01-24 13:00:00,28.5,1010.5,52.0,AWS-CHN-024,Chennai,CHN,center,False,
2025-01-24 14:00:00,28.5,1009.3,49.0,AWS-CHN-024,Chennai,CHN,center,False,
2025-01-24 15:00:00,28.3,1008.8,48.0,AWS-CHN-024,Chennai,CHN,center,False,
2025-01-24 16:00:00,27.8,1008.7,51.0,AWS-CHN-024,Chennai,CHN,center,False,
2025-01-24 17:00:00,26.7,1009.2,58.0,AWS-CHN-024,Chennai,CHN,center,False,
2025-01-24 18:00:00,26.0,1009.9,66.0,AWS-CHN-024,Chennai,CHN,center,False,
2025-01-24 19:00:00,25.3,1011.0,72.0,AWS-CHN-024,Chennai,CHN,center,False,
2025-01-24 20:00:00,24.8,1011.5,75.0,AWS-CHN-024,Chennai,CHN,center,False,
2025-01-24 21:00:00,24.2,1011.8,79.0,AWS-CHN-024,Chennai,CHN,center,False,
2025-01-24 22:00:00,23.8,1011.8,81.0,AWS-CHN-024,Chennai,CHN,center,False,
2025-01-24 23:00:00,23.5,1011.6,81.0,AWS-CHN-024,Chennai,CHN,center,False,
2025-01-25 00:00:00,22.9,1011.0,82.0,AWS-CHN-024,Chennai,CHN,center,False,
2025-01-25 01:00:00,22.3,1010.3,,AWS-CHN-024,Chennai,CHN,center,True,dropout
2025-01-25 02:00:00,21.8,1009.8,89.0,AWS-CHN-024,Chennai,CHN,center,False,
2025-01-25 03:00:00,21.5,1009.7,91.0,AWS-CHN-024,Chennai,CHN,center,False,
2025-01-25 04:00:00,21.8,1009.9,90.0,AWS-CHN-024,Chennai,CHN,center,False,
2025-01-25 05:00:00,21.9,1010.3,88.0,AWS-CHN-024,Chennai,CHN,center,False,
2025-01-25 06:00:00,23.2,1011.3,88.0,AWS-CHN-024,Chennai,CHN,center,False,
2025-01-25 07:00:00,24.2,1012.3,80.0,AWS-CHN-024,Chennai,CHN,center,False,
2025-01-25 08:00:00,25.8,1012.7,71.0,AWS-CHN-024,Chennai,CHN,center,False,
2025-01-25 09:00:00,27.0,1013.3,62.0,AWS-CHN-024,Chennai,CHN,center,False,
2025-01-25 10:00:00,27.5,1013.1,60.0,AWS-CHN-024,Chennai,CHN,center,False,
2025-01-25 11:00:00,28.2,1012.6,57.0,AWS-CHN-024,Chennai,CHN,center,False,
2025-01-25 12:00:00,28.3,1011.6,55.0,AWS-CHN-024,Chennai,CHN,center,False,
2025-01-25 13:00:00,28.7,1010.4,50.0,AWS-CHN-024,Chennai,CHN,center,False,
2025-01-25 14:00:00,28.5,1009.3,50.0,AWS-CHN-024,Chennai,CHN,center,False,
2025-01-25 15:00:00,27.9,1008.5,54.0,AWS-CHN-024,Chennai,CHN,center,False,
2025-01-25 16:00:00,27.0,1008.6,59.0,AWS-CHN-024,Chennai,CHN,center,False,
2025-01-25 17:00:00,25.9,1008.9,64.0,AWS-CHN-024,Chennai,CHN,center,False,
2025-01-25 18:00:00,25.3,1009.5,73.0,AWS-CHN-024,Chennai,CHN,center,False,
2025-01-25 19:00:00,24.7,1010.5,77.0,AWS-CHN-024,Chennai,CHN,center,False,
2025-01-25 20:00:00,24.4,1011.4,80.0,AWS-CHN-024,Chennai,CHN,center,False,
2025-01-25 21:00:00,24.1,1011.8,81.0,AWS-CHN-024,Chennai,CHN,center,False,
2025-01-25 22:00:00,23.5,1011.8,84.0,AWS-CHN-024,Chennai,CHN,center,False,
2025-01-25 23:00:00,23.0,1011.8,87.0,AWS-CHN-024,Chennai,CHN,center,False,
2025-01-26 00:00:00,22.5,1011.4,90.0,AWS-CHN-024,Chennai,CHN,center,False,
2025-01-26 01:00:00,22.0,1010.7,92.0,AWS-CHN-024,Chennai,CHN,center,False,
2025-01-26 02:00:00,21.4,1010.2,95.0,AWS-CHN-024,Chennai,CHN,center,False,
2025-01-26 03:00:00,20.9,1009.8,94.0,AWS-CHN-024,Chennai,CHN,center,False,
2025-01-26 04:00:00,20.3,1009.8,95.0,AWS-CHN-024,Chennai,CHN,center,False,
2025-01-26 05:00:00,19.9,1001.4879899963373,97.0,AWS-CHN-024,Chennai,CHN,center,True,spike
2025-01-26 06:00:00,21.2,1010.9,96.0,AWS-CHN-024,Chennai,CHN,center,False,
2025-01-26 07:00:00,21.6,1011.9,95.0,AWS-CHN-024,Chennai,CHN,center,False,
2025-01-26 08:00:00,23.2,1012.6,89.0,AWS-CHN-024,Chennai,CHN,center,False,
2025-01-26 09:00:00,25.9,1013.2,73.0,AWS-CHN-024,Chennai,CHN,center,False,
2025-01-26 10:00:00,27.4,1013.0,63.0,AWS-CHN-024,Chennai,CHN,center,False,
2025-01-26 11:00:00,28.3,1012.6,58.0,AWS-CHN-024,Chennai,CHN,center,False,
2025-01-26 12:00:00,28.6,1011.6,54.0,AWS-CHN-024,Chennai,CHN,center,False,
2025-01-26 13:00:00,28.5,1010.3,55.0,AWS-CHN-024,Chennai,CHN,center,False,
2025-01-26 14:00:00,28.4,1009.4,57.0,AWS-CHN-024,Chennai,CHN,center,False,
2025-01-26 15:00:00,27.8,1008.9,60.0,AWS-CHN-024,Chennai,CHN,center,False,
2025-01-26 16:00:00,27.0,1008.8,64.0,AWS-CHN-024,Chennai,CHN,center,False,
2025-01-26 17:00:00,26.1,1009.3,68.0,AWS-CHN-024,Chennai,CHN,center,False,
2025-01-26 18:00:00,25.9,1009.6,70.0,AWS-CHN-024,Chennai,CHN,center,False,
2025-01-26 19:00:00,25.6,1010.0,73.0,AWS-CHN-024,Chennai,CHN,center,True,frozen_value
2025-01-26 20:00:00,25.68295197160331,1011.0,76.0,AWS-CHN-024,Chennai,CHN,center,True,frozen_value
2025-01-26 21:00:00,25.600913844880687,1011.3,79.0,AWS-CHN-024,Chennai,CHN,center,True,frozen_value
2025-01-26 22:00:00,25.669419237936886,1011.4,82.0,AWS-CHN-024,Chennai,CHN,center,True,frozen_value
2025-01-26 23:00:00,25.708796992869644,1010.8,86.0,AWS-CHN-024,Chennai,CHN,center,True,frozen_value
2025-01-27 00:00:00,25.77561973460083,1010.4,90.0,AWS-CHN-024,Chennai,CHN,center,True,frozen_value
2025-01-27 01:00:00,25.900000000000002,1009.7,92.0,AWS-CHN-024,Chennai,CHN,center,True,frozen_value
2025-01-27 02:00:00,25.886712493804776,1009.1,94.0,AWS-CHN-024,Chennai,CHN,center,True,frozen_value
2025-01-27 03:00:00,25.900000000000002,1008.7,95.0,AWS-CHN-024,Chennai,CHN,center,True,frozen_value
2025-01-27 04:00:00,21.0,1008.5,95.0,AWS-CHN-024,Chennai,CHN,center,False,
2025-01-27 05:00:00,20.8,1008.9,95.0,AWS-CHN-024,Chennai,CHN,center,False,
2025-01-27 06:00:00,21.9,1009.9,97.0,AWS-CHN-024,Chennai,CHN,center,False,
2025-01-27 07:00:00,22.3,1010.8,96.0,AWS-CHN-024,Chennai,CHN,center,False,
2025-01-27 08:00:00,24.0,1011.8,87.0,AWS-CHN-024,Chennai,CHN,center,False,
2025-01-27 09:00:00,26.0,1012.2,74.0,AWS-CHN-024,Chennai,CHN,center,False,
2025-01-27 10:00:00,27.7,1012.3,63.0,AWS-CHN-024,Chennai,CHN,center,False,
2025-01-27 11:00:00,28.8,1011.9,52.0,AWS-CHN-024,Chennai,CHN,center,False,
2025-01-27 12:00:00,29.3,1011.0,48.0,AWS-CHN-024,Chennai,CHN,center,False,
2025-01-27 13:00:00,29.2,1009.8,49.0,AWS-CHN-024,Chennai,CHN,center,False,
2025-01-27 14:00:00,29.0,1008.9,50.0,AWS-CHN-024,Chennai,CHN,center,False,
2025-01-27 15:00:00,28.3,1008.4,54.0,AWS-CHN-024,Chennai,CHN,center,False,
2025-01-27 16:00:00,27.4,1008.4,61.0,AWS-CHN-024,Chennai,CHN,center,False,
2025-01-27 17:00:00,26.2,1008.6,70.0,AWS-CHN-024,Chennai,CHN,center,False,
2025-01-27 18:00:00,25.9,1009.1,75.0,AWS-CHN-024,Chennai,CHN,center,False,
2025-01-27 19:00:00,25.4,1009.8,82.0,AWS-CHN-024,Chennai,CHN,center,False,
2025-01-27 20:00:00,25.3,1010.7,83.0,AWS-CHN-024,Chennai,CHN,center,False,
2025-01-27 21:00:00,25.3,1011.1,80.0,AWS-CHN-024,Chennai,CHN,center,False,
2025-01-27 22:00:00,25.0,1011.1,78.0,AWS-CHN-024,Chennai,CHN,center,False,
2025-01-27 23:00:00,24.5,1010.4,81.0,AWS-CHN-024,Chennai,CHN,center,False,
2025-01-28 00:00:00,24.0,1010.0,83.0,AWS-CHN-024,Chennai,CHN,center,False,
2025-01-28 01:00:00,23.7,1009.3,84.0,AWS-CHN-024,Chennai,CHN,center,False,
2025-01-28 02:00:00,23.2,1008.7,86.0,AWS-CHN-024,Chennai,CHN,center,False,
2025-01-28 03:00:00,23.2,1008.2,86.0,AWS-CHN-024,Chennai,CHN,center,False,
2025-01-28 04:00:00,23.0,1008.0,86.0,AWS-CHN-024,Chennai,CHN,center,False,
2025-01-28 05:00:00,22.0,1008.3,90.0,AWS-CHN-024,Chennai,CHN,center,False,
2025-01-28 06:00:00,22.6,1009.1,97.0,AWS-CHN-024,Chennai,CHN,center,False,
2025-01-28 07:00:00,23.0,1010.3,94.0,AWS-CHN-024,Chennai,CHN,center,False,
2025-01-28 08:00:00,24.2,1011.5,89.0,AWS-CHN-024,Chennai,CHN,center,False,
2025-01-28 09:00:00,26.5,1012.3,69.0,AWS-CHN-024,Chennai,CHN,center,False,
2025-01-28 10:00:00,28.7,1012.5,47.0,AWS-CHN-024,Chennai,CHN,center,False,
2025-01-28 11:00:00,29.3,1012.1,44.0,AWS-CHN-024,Chennai,CHN,center,False,
2025-01-28 12:00:00,29.3,1011.6,44.0,AWS-CHN-024,Chennai,CHN,center,False,
2025-01-28 13:00:00,29.4,1010.5,41.0,AWS-CHN-024,Chennai,CHN,center,False,
2025-01-28 14:00:00,29.3,1009.7,44.0,AWS-CHN-024,Chennai,CHN,center,False,
2025-01-28 15:00:00,28.8,1009.0,47.0,AWS-CHN-024,Chennai,CHN,center,False,
2025-01-28 16:00:00,28.1,1009.0,50.0,AWS-CHN-024,Chennai,CHN,center,False,
2025-01-28 17:00:00,27.1,1009.4,56.0,AWS-CHN-024,Chennai,CHN,center,False,
2025-01-28 18:00:00,26.6,1010.1,64.0,AWS-CHN-024,Chennai,CHN,center,False,
2025-01-28 19:00:00,26.2,1011.1,69.0,AWS-CHN-024,Chennai,CHN,center,False,
2025-01-28 20:00:00,26.0,1012.1,72.0,AWS-CHN-024,Chennai,CHN,center,False,
2025-01-28 21:00:00,25.6,1013.0,75.0,AWS-CHN-024,Chennai,CHN,center,False,
2025-01-28 22:00:00,25.1,1013.1,78.0,AWS-CHN-024,Chennai,CHN,center,False,
2025-01-28 23:00:00,25.0,1012.9,79.0,AWS-CHN-024,Chennai,CHN,center,False,
2025-01-29 00:00:00,24.8,1012.5,77.0,AWS-CHN-024,Chennai,CHN,center,False,
2025-01-29 01:00:00,24.5,1011.9,74.0,AWS-CHN-024,Chennai,CHN,center,False,
2025-01-29 02:00:00,23.5,1011.0,78.0,AWS-CHN-024,Chennai,CHN,center,False,
2025-01-29 03:00:00,22.9,1010.8,81.0,AWS-CHN-024,Chennai,CHN,center,False,
2025-01-29 04:00:00,22.3,1010.6,85.0,AWS-CHN-024,Chennai,CHN,center,False,
2025-01-29 05:00:00,22.1,1011.0,86.0,AWS-CHN-024,Chennai,CHN,center,False,
2025-01-29 06:00:00,23.6,1011.6,86.0,AWS-CHN-024,Chennai,CHN,center,False,
2025-01-29 07:00:00,24.6,1012.3,78.0,AWS-CHN-024,Chennai,CHN,center,False,
2025-01-29 08:00:00,26.7,1013.3,57.0,AWS-CHN-024,Chennai,CHN,center,False,
2025-01-29 09:00:00,28.0,1014.0,50.0,AWS-CHN-024,Chennai,CHN,center,False,
2025-01-29 10:00:00,28.7,1014.0,48.0,AWS-CHN-024,Chennai,CHN,center,False,
2025-01-29 11:00:00,29.0,1013.4,48.0,AWS-CHN-024,Chennai,CHN,center,False,
2025-01-29 12:00:00,28.8,1012.5,50.0,AWS-CHN-024,Chennai,CHN,center,False,
2025-01-29 13:00:00,28.8,1011.3,48.0,AWS-CHN-024,Chennai,CHN,center,False,
2025-01-29 14:00:00,28.7,1010.2,48.0,AWS-CHN-024,Chennai,CHN,center,False,
2025-01-29 15:00:00,28.2,1009.4,50.0,AWS-CHN-024,Chennai,CHN,center,False,
2025-01-29 16:00:00,27.4,1009.3,55.0,AWS-CHN-024,Chennai,CHN,center,False,
2025-01-29 17:00:00,26.4,1009.8,61.0,AWS-CHN-024,Chennai,CHN,center,False,
2025-01-29 18:00:00,20.43946198132409,1017.105693367637,47.140610788066546,AWS-CHN-024,Chennai,CHN,center,True,unstructured_anomaly
2025-01-29 19:00:00,19.323670283257954,1017.9205084682939,52.023113359162636,AWS-CHN-024,Chennai,CHN,center,True,unstructured_anomaly
2025-01-29 20:00:00,31.01458839152551,1005.1985050450375,87.69403462426396,AWS-CHN-024,Chennai,CHN,center,True,unstructured_anomaly
2025-01-29 21:00:00,19.27580996776055,1018.9231475773663,54.96322291092521,AWS-CHN-024,Chennai,CHN,center,True,unstructured_anomaly
2025-01-29 22:00:00,31.268070684345943,1004.4151703188144,53.05491696113353,AWS-CHN-024,Chennai,CHN,center,True,unstructured_anomaly
2025-01-29 23:00:00,18.86103164488639,1020.2563511647801,90.52664453849374,AWS-CHN-024,Chennai,CHN,center,True,unstructured_anomaly
2025-01-30 00:00:00,31.063427978607738,1003.875940641388,60.66163755750405,AWS-CHN-024,Chennai,CHN,center,True,unstructured_anomaly
2025-01-30 01:00:00,18.353260682835085,1018.2979375842659,62.27141677160528,AWS-CHN-024,Chennai,CHN,center,True,unstructured_anomaly
2025-01-30 02:00:00,24.0,1009.8,77.0,AWS-CHN-024,Chennai,CHN,center,False,
2025-01-30 03:00:00,23.7,1009.4,80.0,AWS-CHN-024,Chennai,CHN,center,False,
2025-01-30 04:00:00,23.4,1009.3,81.0,AWS-CHN-024,Chennai,CHN,center,False,
2025-01-30 05:00:00,23.1,1009.9,81.0,AWS-CHN-024,Chennai,CHN,center,False,
2025-01-30 06:00:00,23.6,1011.0,84.0,AWS-CHN-024,Chennai,CHN,center,False,
2025-01-30 07:00:00,23.7,1011.8,82.0,AWS-CHN-024,Chennai,CHN,center,False,
2025-01-30 08:00:00,25.7,1012.7,73.0,AWS-CHN-024,Chennai,CHN,center,False,
2025-01-30 09:00:00,27.7,1013.2,66.0,AWS-CHN-024,Chennai,CHN,center,False,
2025-01-30 10:00:00,29.3,1013.0,58.0,AWS-CHN-024,Chennai,CHN,center,False,
2025-01-30 11:00:00,30.3,1012.2,54.0,AWS-CHN-024,Chennai,CHN,center,False,
2025-01-30 12:00:00,30.8,1011.1,54.0,AWS-CHN-024,Chennai,CHN,center,False,
2025-01-30 13:00:00,30.7,1009.6,55.0,AWS-CHN-024,Chennai,CHN,center,False,
2025-01-30 14:00:00,30.0,1008.3,58.0,AWS-CHN-024,Chennai,CHN,center,False,
2025-01-30 15:00:00,28.9,1007.6,62.0,AWS-CHN-024,Chennai,CHN,center,False,
2025-01-30 16:00:00,27.9,1007.8,66.0,AWS-CHN-024,Chennai,CHN,center,False,
2025-01-30 17:00:00,26.9,1008.1,72.0,AWS-CHN-024,Chennai,CHN,center,False,
2025-01-30 18:00:00,26.1,1008.4,81.0,AWS-CHN-024,Chennai,CHN,center,False,
2025-01-30 19:00:00,25.8,1009.3,84.0,AWS-CHN-024,Chennai,CHN,center,False,
2025-01-30 20:00:00,25.7,1010.2,85.0,AWS-CHN-024,Chennai,CHN,center,False,
2025-01-30 21:00:00,25.7,1010.5,84.0,AWS-CHN-024,Chennai,CHN,center,False,
2025-01-30 22:00:00,25.6,1010.5,84.0,AWS-CHN-024,Chennai,CHN,center,False,
2025-01-30 23:00:00,25.4,1010.1,85.0,AWS-CHN-024,Chennai,CHN,center,False,
2025-01-31 00:00:00,25.4,1009.6,86.0,AWS-CHN-024,Chennai,CHN,center,False,
2025-01-31 01:00:00,25.3,1008.9,87.0,AWS-CHN-024,Chennai,CHN,center,False,
2025-01-31 02:00:00,24.5,1008.6,91.0,AWS-CHN-024,Chennai,CHN,center,False,
2025-01-31 03:00:00,24.0,1008.5,94.0,AWS-CHN-024,Chennai,CHN,center,False,
2025-01-31 04:00:00,23.5,1008.5,96.0,AWS-CHN-024,Chennai,CHN,center,False,
2025-01-31 05:00:00,23.0,1009.0,97.0,AWS-CHN-024,Chennai,CHN,center,False,
2025-01-31 06:00:00,23.6,1009.8,98.0,AWS-CHN-024,Chennai,CHN,center,False,
2025-01-31 07:00:00,24.2,1010.8,95.0,AWS-CHN-024,Chennai,CHN,center,False,
2025-01-31 08:00:00,25.8,1011.8,85.0,AWS-CHN-024,Chennai,CHN,center,False,
2025-01-31 09:00:00,27.9,1012.5,72.0,AWS-CHN-024,Chennai,CHN,center,False,
2025-01-31 10:00:00,29.2,1012.2,66.0,AWS-CHN-024,Chennai,CHN,center,False,
2025-01-31 11:00:00,29.9,1011.6,63.0,AWS-CHN-024,Chennai,CHN,center,False,
2025-01-31 12:00:00,30.1,1010.5,62.0,AWS-CHN-024,Chennai,CHN,center,False,
2025-01-31 13:00:00,30.1,1009.6,62.0,AWS-CHN-024,Chennai,CHN,center,False,
2025-01-31 14:00:00,29.7,1008.5,64.0,AWS-CHN-024,Chennai,CHN,center,False,
2025-01-31 15:00:00,29.4,1007.7,66.0,AWS-CHN-024,Chennai,CHN,center,False,
2025-01-31 16:00:00,28.6,1007.6,70.0,AWS-CHN-024,Chennai,CHN,center,False,
2025-01-31 17:00:00,27.5,1007.9,76.0,AWS-CHN-024,Chennai,CHN,center,True,frozen_value
2025-01-31 18:00:00,27.529424099933223,1008.4,84.0,AWS-CHN-024,Chennai,CHN,center,True,frozen_value
2025-01-31 19:00:00,27.583453996501373,1009.2,86.0,AWS-CHN-024,Chennai,CHN,center,True,frozen_value
2025-01-31 20:00:00,27.624298615376826,1010.0,88.0,AWS-CHN-024,Chennai,CHN,center,True,frozen_value
2025-01-31 21:00:00,27.61462089978034,1010.5,88.0,AWS-CHN-024,Chennai,CHN,center,True,frozen_value
2025-01-31 22:00:00,27.633235685295134,1010.5,89.0,AWS-CHN-024,Chennai,CHN,center,True,frozen_value
2025-01-31 23:00:00,27.56473254440115,1010.2,90.0,AWS-CHN-024,Chennai,CHN,center,True,frozen_value
2025-02-01 00:00:00,25.5,1009.9,91.0,AWS-CHN-024,Chennai,CHN,center,False,
2025-02-01 01:00:00,25.3,1009.4,93.0,AWS-CHN-024,Chennai,CHN,center,False,
2025-02-01 02:00:00,25.0,1008.9,94.0,AWS-CHN-024,Chennai,CHN,center,False,
2025-02-01 03:00:00,24.3,1008.7,96.0,AWS-CHN-024,Chennai,CHN,center,False,
2025-02-01 04:00:00,24.2,1008.8,96.0,AWS-CHN-024,Chennai,CHN,center,False,
2025-02-01 05:00:00,23.9,1009.4,98.0,AWS-CHN-024,Chennai,CHN,center,False,
2025-02-01 06:00:00,24.6,1009.8,96.0,AWS-CHN-024,Chennai,CHN,center,False,
2025-02-01 07:00:00,25.3,1010.7,94.0,AWS-CHN-024,Chennai,CHN,center,False,
2025-02-01 08:00:00,26.7,1011.7,85.0,AWS-CHN-024,Chennai,CHN,center,False,
2025-02-01 09:00:00,28.3,1012.5,71.0,AWS-CHN-024,Chennai,CHN,center,False,
2025-02-01 10:00:00,29.5,1012.5,61.0,AWS-CHN-024,Chennai,CHN,center,False,
2025-02-01 11:00:00,30.2,1011.8,58.0,AWS-CHN-024,Chennai,CHN,center,False,
2025-02-01 12:00:00,30.5,1011.1,56.0,AWS-CHN-024,Chennai,CHN,center,False,
2025-02-01 13:00:00,30.3,1010.1,57.0,AWS-CHN-024,Chennai,CHN,center,False,
2025-02-01 14:00:00,29.8,1009.1,60.0,AWS-CHN-024,Chennai,CHN,center,False,
2025-02-01 15:00:00,29.2,1008.6,64.0,AWS-CHN-024,Chennai,CHN,center,False,
2025-02-01 16:00:00,28.4,1008.8,68.0,AWS-CHN-024,Chennai,CHN,center,False,
2025-02-01 17:00:00,27.4,1009.1,74.0,AWS-CHN-024,Chennai,CHN,center,False,
2025-02-01 18:00:00,26.7,1009.2,81.0,AWS-CHN-024,Chennai,CHN,center,False,
2025-02-01 19:00:00,26.5,1010.0,82.0,AWS-CHN-024,Chennai,CHN,center,False,
2025-02-01 20:00:00,26.2,1010.9,82.0,AWS-CHN-024,Chennai,CHN,center,False,
2025-02-01 21:00:00,26.0,1011.8,83.0,AWS-CHN-024,Chennai,CHN,center,False,
2025-02-01 22:00:00,25.7,1011.9,86.0,AWS-CHN-024,Chennai,CHN,center,False,
2025-02-01 23:00:00,25.3,1011.6,88.0,AWS-CHN-024,Chennai,CHN,center,False,
2025-02-02 00:00:00,24.9,1011.4,90.0,AWS-CHN-024,Chennai,CHN,center,False,
2025-02-02 01:00:00,24.6,1010.7,91.0,AWS-CHN-024,Chennai,CHN,center,False,
2025-02-02 02:00:00,24.1,1010.2,92.0,AWS-CHN-024,Chennai,CHN,center,False,
2025-02-02 03:00:00,23.6,1009.7,93.0,AWS-CHN-024,Chennai,CHN,center,False,
2025-02-02 04:00:00,23.3,1009.8,95.0,AWS-CHN-024,Chennai,CHN,center,False,
2025-02-02 05:00:00,23.0,1010.2,-0.04309185252587558,AWS-CHN-024,Chennai,CHN,center,True,sensor_fail_low
2025-02-02 06:00:00,23.8,1011.1,-0.021061349595334726,AWS-CHN-024,Chennai,CHN,center,True,sensor_fail_low
2025-02-02 07:00:00,24.0,1012.0,0.057681846404069426,AWS-CHN-024,Chennai,CHN,center,True,sensor_fail_low
2025-02-02 08:00:00,25.6,1012.6,-0.042539350455806355,AWS-CHN-024,Chennai,CHN,center,True,sensor_fail_low
2025-02-02 09:00:00,27.5,1013.1,69.0,AWS-CHN-024,Chennai,CHN,center,False,
2025-02-02 10:00:00,29.3,1012.6,59.0,AWS-CHN-024,Chennai,CHN,center,False,
2025-02-02 11:00:00,30.5,1011.8,51.0,AWS-CHN-024,Chennai,CHN,center,False,
2025-02-02 12:00:00,30.8,1010.6,51.0,AWS-CHN-024,Chennai,CHN,center,False,
2025-02-02 13:00:00,30.4,1009.6,55.0,AWS-CHN-024,Chennai,CHN,center,False,
2025-02-02 14:00:00,29.8,1008.8,57.0,AWS-CHN-024,Chennai,CHN,center,False,
2025-02-02 15:00:00,29.0,1008.4,60.0,AWS-CHN-024,Chennai,CHN,center,False,
2025-02-02 16:00:00,28.2,1008.4,59.0,AWS-CHN-024,Chennai,CHN,center,False,
2025-02-02 17:00:00,27.2,1008.8,60.0,AWS-CHN-024,Chennai,CHN,center,False,
2025-02-02 18:00:00,26.5,1009.3,68.0,AWS-CHN-024,Chennai,CHN,center,False,
2025-02-02 19:00:00,26.2,1010.2,69.0,AWS-CHN-024,Chennai,CHN,center,False,
2025-02-02 20:00:00,25.8,1010.8,72.0,AWS-CHN-024,Chennai,CHN,center,False,
2025-02-02 21:00:00,25.5,1011.6,75.0,AWS-CHN-024,Chennai,CHN,center,False,
2025-02-02 22:00:00,25.1,1011.5,78.0,AWS-CHN-024,Chennai,CHN,center,False,
2025-02-02 23:00:00,24.7,1011.3,81.0,AWS-CHN-024,Chennai,CHN,center,False,
2025-02-03 00:00:00,23.8,1010.7,86.0,AWS-CHN-024,Chennai,CHN,center,False,
2025-02-03 01:00:00,22.7,1009.9,91.0,AWS-CHN-024,Chennai,CHN,center,False,
2025-02-03 02:00:00,22.2,1009.4,94.0,AWS-CHN-024,Chennai,CHN,center,False,
2025-02-03 03:00:00,21.5,1009.1,95.0,AWS-CHN-024,Chennai,CHN,center,False,
2025-02-03 04:00:00,20.9,1009.2,95.0,AWS-CHN-024,Chennai,CHN,center,False,
2025-02-03 05:00:00,20.4,1009.6,98.0,AWS-CHN-024,Chennai,CHN,center,False,
2025-02-03 06:00:00,22.6,1010.8,94.0,AWS-CHN-024,Chennai,CHN,center,False,
2025-02-03 07:00:00,23.5,1011.5,88.0,AWS-CHN-024,Chennai,CHN,center,False,
2025-02-03 08:00:00,25.2,1012.5,80.0,AWS-CHN-024,Chennai,CHN,center,False,
2025-02-03 09:00:00,27.2,1013.3,69.0,AWS-CHN-024,Chennai,CHN,center,False,
2025-02-03 10:00:00,28.5,1013.0,61.0,AWS-CHN-024,Chennai,CHN,center,False,
2025-02-03 11:00:00,29.5,1012.1,57.0,AWS-CHN-024,Chennai,CHN,center,False,
2025-02-03 12:00:00,30.3,1010.9,52.0,AWS-CHN-024,Chennai,CHN,center,False,
2025-02-03 13:00:00,30.8,1010.0,48.0,AWS-CHN-024,Chennai,CHN,center,False,
2025-02-03 14:00:00,30.9,1009.3,41.0,AWS-CHN-024,Chennai,CHN,center,False,
2025-02-03 15:00:00,30.1,1009.0,41.0,AWS-CHN-024,Chennai,CHN,center,False,
2025-02-03 16:00:00,28.7,1009.3,51.0,AWS-CHN-024,Chennai,CHN,center,False,
2025-02-03 17:00:00,27.2,1009.8,64.0,AWS-CHN-024,Chennai,CHN,center,False,
2025-02-03 18:00:00,26.3,1010.4,77.0,AWS-CHN-024,Chennai,CHN,center,False,
2025-02-03 19:00:00,26.1,1011.5,76.0,AWS-CHN-024,Chennai,CHN,center,False,
2025-02-03 20:00:00,25.7,1012.3,75.0,AWS-CHN-024,Chennai,CHN,center,False,
2025-02-03 21:00:00,25.2,1012.5,77.0,AWS-CHN-024,Chennai,CHN,center,False,
2025-02-03 22:00:00,24.4,1012.7,83.0,AWS-CHN-024,Chennai,CHN,center,False,
2025-02-03 23:00:00,23.8,1012.4,87.0,AWS-CHN-024,Chennai,CHN,center,False,
2025-02-04 00:00:00,23.3,1011.8,90.0,AWS-CHN-024,Chennai,CHN,center,False,
2025-02-04 01:00:00,23.0,1011.2,92.0,AWS-CHN-024,Chennai,CHN,center,False,
2025-02-04 02:00:00,22.3,1010.8,96.0,AWS-CHN-024,Chennai,CHN,center,False,
2025-02-04 03:00:00,21.3,1010.3,99.0,AWS-CHN-024,Chennai,CHN,center,False,
2025-02-04 04:00:00,20.8,1010.3,98.0,AWS-CHN-024,Chennai,CHN,center,False,
2025-02-04 05:00:00,20.9,1010.6,98.0,AWS-CHN-024,Chennai,CHN,center,False,
2025-02-04 06:00:00,22.4,1011.4,100.0,AWS-CHN-024,Chennai,CHN,center,False,
2025-02-04 07:00:00,22.9,1012.3,98.0,AWS-CHN-024,Chennai,CHN,center,False,
2025-02-04 08:00:00,24.1,1013.2,88.0,AWS-CHN-024,Chennai,CHN,center,False,
2025-02-04 09:00:00,26.2,1013.6,72.0,AWS-CHN-024,Chennai,CHN,center,False,
2025-02-04 10:00:00,29.0,1013.5,56.0,AWS-CHN-024,Chennai,CHN,center,False,
2025-02-04 11:00:00,31.0,1012.6,42.0,AWS-CHN-024,Chennai,CHN,center,False,
2025-02-04 12:00:00,31.9,1011.5,35.0,AWS-CHN-024,Chennai,CHN,center,False,
2025-02-04 13:00:00,32.0,1010.3,33.0,AWS-CHN-024,Chennai,CHN,center,False,
2025-02-04 14:00:00,31.7,1009.4,33.0,AWS-CHN-024,Chennai,CHN,center,False,
2025-02-04 15:00:00,31.0,1008.9,38.0,AWS-CHN-024,Chennai,CHN,center,False,
2025-02-04 16:00:00,29.8,1008.9,45.0,AWS-CHN-024,Chennai,CHN,center,False,
2025-02-04 17:00:00,28.2,1009.1,58.0,AWS-CHN-024,Chennai,CHN,center,False,
2025-02-04 18:00:00,26.9,1009.6,77.0,AWS-CHN-024,Chennai,CHN,center,False,
2025-02-04 19:00:00,26.3,1010.4,85.0,AWS-CHN-024,Chennai,CHN,center,False,
2025-02-04 20:00:00,25.9,1011.1,87.0,AWS-CHN-024,Chennai,CHN,center,False,
2025-02-04 21:00:00,25.7,1011.5,88.0,AWS-CHN-024,Chennai,CHN,center,False,
2025-02-04 22:00:00,25.2,1011.4,90.0,AWS-CHN-024,Chennai,CHN,center,False,
2025-02-04 23:00:00,24.7,1010.9,92.0,AWS-CHN-024,Chennai,CHN,center,False,
2025-02-05 00:00:00,24.0,1010.4,94.0,AWS-CHN-024,Chennai,CHN,center,False,
2025-02-05 01:00:00,23.6,1009.7,97.0,AWS-CHN-024,Chennai,CHN,center,False,
2025-02-05 02:00:00,23.3,1009.3,99.0,AWS-CHN-024,Chennai,CHN,center,False,
2025-02-05 03:00:00,23.3,1009.2,98.0,AWS-CHN-024,Chennai,CHN,center,False,
2025-02-05 04:00:00,22.9,1009.4,99.0,AWS-CHN-024,Chennai,CHN,center,False,
2025-02-05 05:00:00,22.7,1010.0,99.0,AWS-CHN-024,Chennai,CHN,center,False,
2025-02-05 06:00:00,23.2,1010.6,100.0,AWS-CHN-024,Chennai,CHN,center,False,
2025-02-05 07:00:00,23.4,1011.4,98.0,AWS-CHN-024,Chennai,CHN,center,False,
2025-02-05 08:00:00,24.7,1012.3,89.0,AWS-CHN-024,Chennai,CHN,center,False,
2025-02-05 09:00:00,26.9,1012.9,74.0,AWS-CHN-024,Chennai,CHN,center,False,
2025-02-05 10:00:00,29.3,1012.6,58.0,AWS-CHN-024,Chennai,CHN,center,False,
2025-02-05 11:00:00,31.1,1011.9,45.0,AWS-CHN-024,Chennai,CHN,center,False,
2025-02-05 12:00:00,31.9,1010.7,40.0,AWS-CHN-024,Chennai,CHN,center,False,
2025-02-05 13:00:00,32.0,1009.7,37.0,AWS-CHN-024,Chennai,CHN,center,False,
2025-02-05 14:00:00,31.5,1008.7,36.0,AWS-CHN-024,Chennai,CHN,center,False,
2025-02-05 15:00:00,37.719358100784355,1008.3306369360101,62.83500606672982,AWS-CHN-024,Chennai,CHN,center,True,multivariate_inconsistency
2025-02-05 16:00:00,36.61935810078435,1008.0287691174615,72.94327091966761,AWS-CHN-024,Chennai,CHN,center,True,multivariate_inconsistency
2025-02-05 17:00:00,35.219358100784355,1009.0303366251597,88.15296641655172,AWS-CHN-024,Chennai,CHN,center,True,multivariate_inconsistency
2025-02-05 18:00:00,34.51935810078436,1009.1234720352924,100.0,AWS-CHN-024,Chennai,CHN,center,True,multivariate_inconsistency
2025-02-05 19:00:00,33.91935810078435,1009.7893363465475,100.0,AWS-CHN-024,Chennai,CHN,center,True,multivariate_inconsistency
2025-02-05 20:00:00,26.6,1010.6,73.0,AWS-CHN-024,Chennai,CHN,center,False,
2025-02-05 21:00:00,26.4,1011.2,72.0,AWS-CHN-024,Chennai,CHN,center,False,
2025-02-05 22:00:00,26.0,1011.3,73.0,AWS-CHN-024,Chennai,CHN,center,False,
2025-02-05 23:00:00,25.7,1011.0,76.0,AWS-CHN-024,Chennai,CHN,center,False,
2025-02-06 00:00:00,25.3,1010.6,79.0,AWS-CHN-024,Chennai,CHN,center,False,
2025-02-06 01:00:00,24.6,1010.1,82.0,AWS-CHN-024,Chennai,CHN,center,False,
2025-02-06 02:00:00,24.1,1009.5,86.0,AWS-CHN-024,Chennai,CHN,center,False,
2025-02-06 03:00:00,24.0,1009.0,86.0,AWS-CHN-024,Chennai,CHN,center,False,
2025-02-06 04:00:00,23.4,1009.1,89.0,AWS-CHN-024,Chennai,CHN,center,False,
2025-02-06 05:00:00,22.5,1009.6,94.0,AWS-CHN-024,Chennai,CHN,center,False,
2025-02-06 06:00:00,22.7,1010.2,99.0,AWS-CHN-024,Chennai,CHN,center,False,
2025-02-06 07:00:00,23.6,1010.8,95.0,AWS-CHN-024,Chennai,CHN,center,False,
2025-02-06 08:00:00,25.6,1011.8,83.0,AWS-CHN-024,Chennai,CHN,center,False,
2025-02-06 09:00:00,27.8,1012.4,65.0,AWS-CHN-024,Chennai,CHN,center,False,
2025-02-06 10:00:00,29.3,1012.4,55.0,AWS-CHN-024,Chennai,CHN,center,False,
2025-02-06 11:00:00,30.2,1011.8,47.0,AWS-CHN-024,Chennai,CHN,center,False,
2025-02-06 12:00:00,30.7,1011.1,43.0,AWS-CHN-024,Chennai,CHN,center,False,
2025-02-06 13:00:00,30.7,1010.0,43.0,AWS-CHN-024,Chennai,CHN,center,False,
2025-02-06 14:00:00,30.5,1008.9,45.0,AWS-CHN-024,Chennai,CHN,center,False,
2025-02-06 15:00:00,22.670727800000464,1016.9865823755689,69.70229754450642,AWS-CHN-024,Chennai,CHN,center,True,unstructured_anomaly
2025-02-06 16:00:00,22.931055381988912,1015.7633662475059,41.31910807304186,AWS-CHN-024,Chennai,CHN,center,True,unstructured_anomaly
2025-02-06 17:00:00,34.678712344638136,1001.1942852515474,79.84661767210493,AWS-CHN-024,Chennai,CHN,center,True,unstructured_anomaly
2025-02-06 18:00:00,21.217126970718294,1016.7474156411165,87.8227681060074,AWS-CHN-024,Chennai,CHN,center,True,unstructured_anomaly
2025-02-06 19:00:00,20.379341034358305,1017.4834684113224,58.32079924404991,AWS-CHN-024,Chennai,CHN,center,True,unstructured_anomaly
2025-02-06 20:00:00,26.4,1010.7,75.0,AWS-CHN-024,Chennai,CHN,center,False,
2025-02-06 21:00:00,26.1,1011.1,75.0,AWS-CHN-024,Chennai,CHN,center,False,
2025-02-06 22:00:00,25.8,1011.3,78.0,AWS-CHN-024,Chennai,CHN,center,False,
2025-02-06 23:00:00,24.8,1011.1,84.0,AWS-CHN-024,Chennai,CHN,center,False,
2025-02-07 00:00:00,24.2,1010.9,88.0,AWS-CHN-024,Chennai,CHN,center,False,
2025-02-07 01:00:00,23.8,1010.4,90.0,AWS-CHN-024,Chennai,CHN,center,False,
2025-02-07 02:00:00,23.4,1009.9,92.0,AWS-CHN-024,Chennai,CHN,center,False,
2025-02-07 03:00:00,22.7,1009.9,96.0,AWS-CHN-024,Chennai,CHN,center,False,
2025-02-07 04:00:00,22.2,1010.0,98.0,AWS-CHN-024,Chennai,CHN,center,False,
2025-02-07 05:00:00,22.0,1010.6,97.0,AWS-CHN-024,Chennai,CHN,center,False,
2025-02-07 06:00:00,22.3,1011.5,97.0,AWS-CHN-024,Chennai,CHN,center,False,
2025-02-07 07:00:00,22.7,1012.6,95.0,AWS-CHN-024,Chennai,CHN,center,False,
2025-02-07 08:00:00,24.1,1013.6,89.0,AWS-CHN-024,Chennai,CHN,center,False,
2025-02-07 09:00:00,26.9,1014.2,74.0,AWS-CHN-024,Chennai,CHN,center,False,
2025-02-07 10:00:00,28.7,1014.2,63.0,AWS-CHN-024,Chennai,CHN,center,False,
2025-02-07 11:00:00,30.2,1013.5,52.0,AWS-CHN-024,Chennai,CHN,center,False,
2025-02-07 12:00:00,31.0,1012.7,47.0,AWS-CHN-024,Chennai,CHN,center,False,
2025-02-07 13:00:00,30.9,1011.4,47.0,AWS-CHN-024,Chennai,CHN,center,False,
2025-02-07 14:00:00,30.4,1010.6,49.0,AWS-CHN-024,Chennai,CHN,center,False,
2025-02-07 15:00:00,29.7,1010.2,53.0,AWS-CHN-024,Chennai,CHN,center,False,
2025-02-07 16:00:00,28.9,1010.2,58.0,AWS-CHN-024,Chennai,CHN,center,False,
2025-02-07 17:00:00,27.6,1010.6,68.0,AWS-CHN-024,Chennai,CHN,center,False,
2025-02-07 18:00:00,26.9,1011.0,75.0,AWS-CHN-024,Chennai,CHN,center,False,
2025-02-07 19:00:00,32.967522108719315,1004.5864690163838,94.46787005950483,AWS-CHN-024,Chennai,CHN,center,True,unstructured_anomaly
2025-02-07 20:00:00,20.760405959509434,1020.7612865011606,60.91970810435301,AWS-CHN-024,Chennai,CHN,center,True,unstructured_anomaly
2025-02-07 21:00:00,19.266298781157232,1019.2423270698637,95.0,AWS-CHN-024,Chennai,CHN,center,True,unstructured_anomaly
2025-02-07 22:00:00,18.932835992759557,1019.6828790423655,67.37987881795001,AWS-CHN-024,Chennai,CHN,center,True,unstructured_anomaly
2025-02-07 23:00:00,31.421785494181186,1003.8878252728435,73.85458742536298,AWS-CHN-024,Chennai,CHN,center,True,unstructured_anomaly
2025-02-08 00:00:00,30.306002986890014,1004.6350986308081,95.0,AWS-CHN-024,Chennai,CHN,center,True,unstructured_anomaly
2025-02-08 01:00:00,28.944301574076988,1003.9176279627148,77.88017064955233,AWS-CHN-024,Chennai,CHN,center,True,unstructured_anomaly
2025-02-08 02:00:00,23.0,1010.2,98.0,AWS-CHN-024,Chennai,CHN,center,False,
2025-02-08 03:00:00,22.6,1010.0,98.0,AWS-CHN-024,Chennai,CHN,center,False,
2025-02-08 04:00:00,22.2,1009.9,98.0,AWS-CHN-024,Chennai,CHN,center,False,
2025-02-08 05:00:00,22.0,1010.6,97.0,AWS-CHN-024,Chennai,CHN,center,False,
2025-02-08 06:00:00,23.4,1011.4,99.0,AWS-CHN-024,Chennai,CHN,center,False,
2025-02-08 07:00:00,23.7,1012.3,96.0,AWS-CHN-024,Chennai,CHN,center,False,
2025-02-08 08:00:00,24.9,1013.3,90.0,AWS-CHN-024,Chennai,CHN,center,False,
2025-02-08 09:00:00,27.1,1014.0,75.0,AWS-CHN-024,Chennai,CHN,center,False,
2025-02-08 10:00:00,29.4,1013.8,59.0,AWS-CHN-024,Chennai,CHN,center,False,
2025-02-08 11:00:00,31.0,1013.1,48.0,AWS-CHN-024,Chennai,CHN,center,False,
2025-02-08 12:00:00,31.6,1012.2,43.0,AWS-CHN-024,Chennai,CHN,center,False,
2025-02-08 13:00:00,31.3,1010.9,44.0,AWS-CHN-024,Chennai,CHN,center,False,
2025-02-08 14:00:00,30.8,1010.0,46.0,AWS-CHN-024,Chennai,CHN,center,False,
2025-02-08 15:00:00,29.9,1009.5,53.0,AWS-CHN-024,Chennai,CHN,center,False,
2025-02-08 16:00:00,29.0,1009.6,57.0,AWS-CHN-024,Chennai,CHN,center,False,
2025-02-08 17:00:00,27.8,1009.9,7.26062494546774,AWS-CHN-024,Chennai,CHN,center,True,spike
2025-02-08 18:00:00,27.2,1010.3,74.0,AWS-CHN-024,Chennai,CHN,center,False,
2025-02-08 19:00:00,26.9,1011.2,76.0,AWS-CHN-024,Chennai,CHN,center,False,
2025-02-08 20:00:00,26.8,1011.9,77.0,AWS-CHN-024,Chennai,CHN,center,False,
2025-02-08 21:00:00,26.5,1012.6,78.0,AWS-CHN-024,Chennai,CHN,center,False,
2025-02-08 22:00:00,26.1,1012.6,80.0,AWS-CHN-024,Chennai,CHN,center,False,
2025-02-08 23:00:00,25.7,1012.4,82.0,AWS-CHN-024,Chennai,CHN,center,False,
2025-02-09 00:00:00,25.2,1011.9,86.0,AWS-CHN-024,Chennai,CHN,center,False,
2025-02-09 01:00:00,24.5,1011.0,90.0,AWS-CHN-024,Chennai,CHN,center,False,
2025-02-09 02:00:00,23.6,1010.1,94.0,AWS-CHN-024,Chennai,CHN,center,False,
2025-02-09 03:00:00,23.1,1009.7,96.0,AWS-CHN-024,Chennai,CHN,center,False,
2025-02-09 04:00:00,22.6,1009.6,98.0,AWS-CHN-024,Chennai,CHN,center,False,
2025-02-09 05:00:00,22.2,1010.1,98.0,AWS-CHN-024,Chennai,CHN,center,False,
2025-02-09 06:00:00,23.2,1010.9,98.0,AWS-CHN-024,Chennai,CHN,center,False,
2025-02-09 07:00:00,23.6,1011.8,99.0,AWS-CHN-024,Chennai,CHN,center,False,
2025-02-09 08:00:00,25.1,1012.7,91.0,AWS-CHN-024,Chennai,CHN,center,False,
2025-02-09 09:00:00,27.2,1013.3,76.0,AWS-CHN-024,Chennai,CHN,center,False,
2025-02-09 10:00:00,29.2,1013.2,62.0,AWS-CHN-024,Chennai,CHN,center,False,
2025-02-09 11:00:00,30.1,1012.6,55.0,AWS-CHN-024,Chennai,CHN,center,False,
2025-02-09 12:00:00,30.3,1011.9,54.0,AWS-CHN-024,Chennai,CHN,center,False,
2025-02-09 13:00:00,30.4,1010.6,51.0,AWS-CHN-024,Chennai,CHN,center,False,
2025-02-09 14:00:00,30.1,1009.6,53.0,AWS-CHN-024,Chennai,CHN,center,False,
2025-02-09 15:00:00,29.7,1009.0,54.0,AWS-CHN-024,Chennai,CHN,center,False,
2025-02-09 16:00:00,28.9,1009.1,59.0,AWS-CHN-024,Chennai,CHN,center,False,
2025-02-09 17:00:00,28.0,1009.4,64.0,AWS-CHN-024,Chennai,CHN,center,False,
2025-02-09 18:00:00,27.3,1009.7,73.0,AWS-CHN-024,Chennai,CHN,center,False,
2025-02-09 19:00:00,27.0,1010.6,75.0,AWS-CHN-024,Chennai,CHN,center,False,
2025-02-09 20:00:00,26.9,1011.5,76.0,AWS-CHN-024,Chennai,CHN,center,False,
2025-02-09 21:00:00,26.7,1012.3,77.0,AWS-CHN-024,Chennai,CHN,center,False,
2025-02-09 22:00:00,26.5,1012.6,77.0,AWS-CHN-024,Chennai,CHN,center,False,
2025-02-09 23:00:00,26.2,1012.3,78.0,AWS-CHN-024,Chennai,CHN,center,False,
2025-02-10 00:00:00,25.8,1011.4,80.0,AWS-CHN-024,Chennai,CHN,center,False,
2025-02-10 01:00:00,25.4,1010.9,82.0,AWS-CHN-024,Chennai,CHN,center,False,
2025-02-10 02:00:00,24.9,1010.4,85.0,AWS-CHN-024,Chennai,CHN,center,False,
2025-02-10 03:00:00,24.2,1010.1,89.0,AWS-CHN-024,Chennai,CHN,center,False,
2025-02-10 04:00:00,23.9,1010.3,89.0,AWS-CHN-024,Chennai,CHN,center,False,
2025-02-10 05:00:00,23.8,1011.0,90.0,AWS-CHN-024,Chennai,CHN,center,False,
2025-02-10 06:00:00,24.6,1011.9,90.0,AWS-CHN-024,Chennai,CHN,center,False,
2025-02-10 07:00:00,25.5,1013.1,83.0,AWS-CHN-024,Chennai,CHN,center,False,
2025-02-10 08:00:00,34.790274573269784,1013.5715076025336,100.0,AWS-CHN-024,Chennai,CHN,center,True,multivariate_inconsistency
2025-02-10 09:00:00,35.99027457326979,1014.371394137685,97.46511419443092,AWS-CHN-024,Chennai,CHN,center,True,multivariate_inconsistency
2025-02-10 10:00:00,36.69027457326979,1014.8349076291863,82.87483706933789,AWS-CHN-024,Chennai,CHN,center,True,multivariate_inconsistency
2025-02-10 11:00:00,37.49027457326979,1013.8632855610458,68.32009806003568,AWS-CHN-024,Chennai,CHN,center,True,multivariate_inconsistency
2025-02-10 12:00:00,37.69027457326979,1012.916914899333,66.4878371753816,AWS-CHN-024,Chennai,CHN,center,True,multivariate_inconsistency
2025-02-10 13:00:00,30.2,1011.9,39.0,AWS-CHN-024,Chennai,CHN,center,False,
2025-02-10 14:00:00,29.9,1010.9,43.0,AWS-CHN-024,Chennai,CHN,center,False,
2025-02-10 15:00:00,29.5,1010.5,48.0,AWS-CHN-024,Chennai,CHN,center,False,
2025-02-10 16:00:00,29.0,1010.4,49.0,AWS-CHN-024,Chennai,CHN,center,False,
2025-02-10 17:00:00,28.0,1010.7,53.0,AWS-CHN-024,Chennai,CHN,center,False,
2025-02-10 18:00:00,27.3,1011.0,65.0,AWS-CHN-024,Chennai,CHN,center,False,
2025-02-10 19:00:00,27.1,1012.1,66.0,AWS-CHN-024,Chennai,CHN,center,False,
2025-02-10 20:00:00,26.8,1012.9,66.0,AWS-CHN-024,Chennai,CHN,center,False,
2025-02-10 21:00:00,26.6,1013.4,65.0,AWS-CHN-024,Chennai,CHN,center,False,
2025-02-10 22:00:00,26.3,1013.4,67.0,AWS-CHN-024,Chennai,CHN,center,False,
2025-02-10 23:00:00,26.0,1013.1,69.0,AWS-CHN-024,Chennai,CHN,center,False,
2025-02-11 00:00:00,25.5,1012.5,71.0,AWS-CHN-024,Chennai,CHN,center,False,
2025-02-11 01:00:00,25.1,1011.9,72.0,AWS-CHN-024,Chennai,CHN,center,False,
2025-02-11 02:00:00,24.6,1011.3,75.0,AWS-CHN-024,Chennai,CHN,center,False,
2025-02-11 03:00:00,23.7,1011.1,81.0,AWS-CHN-024,Chennai,CHN,center,False,
2025-02-11 04:00:00,23.7,1011.3,81.0,AWS-CHN-024,Chennai,CHN,center,False,
2025-02-11 05:00:00,23.1,1011.8,83.0,AWS-CHN-024,Chennai,CHN,center,False,
2025-02-11 06:00:00,23.7,1012.4,87.0,AWS-CHN-024,Chennai,CHN,center,False,
2025-02-11 07:00:00,24.4,1013.4,83.0,AWS-CHN-024,Chennai,CHN,center,False,
2025-02-11 08:00:00,26.1,1014.2,72.0,AWS-CHN-024,Chennai,CHN,center,False,
2025-02-11 09:00:00,27.9,1014.6,59.0,AWS-CHN-024,Chennai,CHN,center,False,
2025-02-11 10:00:00,29.2,1014.4,51.0,AWS-CHN-024,Chennai,CHN,center,False,
2025-02-11 11:00:00,30.3,1013.8,47.0,AWS-CHN-024,Chennai,CHN,center,False,
2025-02-11 12:00:00,30.8,1012.8,47.0,AWS-CHN-024,Chennai,CHN,center,False,
2025-02-11 13:00:00,30.9,1011.7,46.0,AWS-CHN-024,Chennai,CHN,center,False,
2025-02-11 14:00:00,30.9,1010.7,37.0,AWS-CHN-024,Chennai,CHN,center,False,
2025-02-11 15:00:00,30.1,1010.4,36.0,AWS-CHN-024,Chennai,CHN,center,False,
2025-02-11 16:00:00,28.6,1010.6,48.0,AWS-CHN-024,Chennai,CHN,center,False,
2025-02-11 17:00:00,27.3,1010.8,58.0,AWS-CHN-024,Chennai,CHN,center,False,
2025-02-11 18:00:00,26.5,1010.9,69.0,AWS-CHN-024,Chennai,CHN,center,False,
2025-02-11 19:00:00,26.3,1011.9,70.0,AWS-CHN-024,Chennai,CHN,center,False,
2025-02-11 20:00:00,26.1,1012.6,73.0,AWS-CHN-024,Chennai,CHN,center,False,
2025-02-11 21:00:00,25.7,1013.1,77.0,AWS-CHN-024,Chennai,CHN,center,False,
2025-02-11 22:00:00,25.4,1013.2,80.0,AWS-CHN-024,Chennai,CHN,center,False,
2025-02-11 23:00:00,25.1,1012.9,82.0,AWS-CHN-024,Chennai,CHN,center,False,
2025-02-12 00:00:00,24.7,1012.2,83.0,AWS-CHN-024,Chennai,CHN,center,False,
2025-02-12 01:00:00,23.8,1011.4,88.0,AWS-CHN-024,Chennai,CHN,center,False,
2025-02-12 02:00:00,23.5,1010.7,89.0,AWS-CHN-024,Chennai,CHN,center,False,
2025-02-12 03:00:00,22.7,1010.6,94.0,AWS-CHN-024,Chennai,CHN,center,False,
2025-02-12 04:00:00,22.2,1010.7,96.0,AWS-CHN-024,Chennai,CHN,center,False,
2025-02-12 05:00:00,21.4,1011.3,98.0,AWS-CHN-024,Chennai,CHN,center,False,
2025-02-12 06:00:00,22.5,1012.0,96.0,AWS-CHN-024,Chennai,CHN,center,False,
2025-02-12 07:00:00,22.9,1013.2,94.0,AWS-CHN-024,Chennai,CHN,center,False,
2025-02-12 08:00:00,24.8,1014.0,82.0,AWS-CHN-024,Chennai,CHN,center,False,
2025-02-12 09:00:00,26.8,1014.6,69.0,AWS-CHN-024,Chennai,CHN,center,False,
2025-02-12 10:00:00,28.7,1014.4,60.0,AWS-CHN-024,Chennai,CHN,center,False,
2025-02-12 11:00:00,30.4,1013.6,50.0,AWS-CHN-024,Chennai,CHN,center,False,
2025-02-12 12:00:00,31.6,1012.5,45.0,AWS-CHN-024,Chennai,CHN,center,False,
2025-02-12 13:00:00,31.4,1011.2,49.0,AWS-CHN-024,Chennai,CHN,center,False,
2025-02-12 14:00:00,30.9,1010.2,49.0,AWS-CHN-024,Chennai,CHN,center,False,
2025-02-12 15:00:00,30.5,1009.8,41.0,AWS-CHN-024,Chennai,CHN,center,False,
2025-02-12 16:00:00,29.2,1009.9,46.0,AWS-CHN-024,Chennai,CHN,center,False,
2025-02-12 17:00:00,27.7,1010.4,56.0,AWS-CHN-024,Chennai,CHN,center,False,
2025-02-12 18:00:00,26.6,1010.8,70.0,AWS-CHN-024,Chennai,CHN,center,False,
2025-02-12 19:00:00,26.2,1011.7,72.0,AWS-CHN-024,Chennai,CHN,center,False,
2025-02-12 20:00:00,25.8,1012.2,74.0,AWS-CHN-024,Chennai,CHN,center,False,
2025-02-12 21:00:00,25.4,1012.6,78.0,AWS-CHN-024,Chennai,CHN,center,False,
2025-02-12 22:00:00,24.7,1012.8,83.0,AWS-CHN-024,Chennai,CHN,center,False,
2025-02-12 23:00:00,23.9,1012.5,88.0,AWS-CHN-024,Chennai,CHN,center,False,
2025-02-13 00:00:00,23.5,1011.9,89.0,AWS-CHN-024,Chennai,CHN,center,False,
2025-02-13 01:00:00,22.9,1011.2,91.0,AWS-CHN-024,Chennai,CHN,center,False,
2025-02-13 02:00:00,22.6,1010.5,93.0,AWS-CHN-024,Chennai,CHN,center,False,
2025-02-13 03:00:00,,1010.0,96.0,AWS-CHN-024,Chennai,CHN,center,True,dropout
2025-02-13 04:00:00,28.749090921000377,1002.9556441687369,95.0,AWS-CHN-024,Chennai,CHN,center,True,unstructured_anomaly
2025-02-13 05:00:00,27.77416249142961,1002.6340193653494,95.0,AWS-CHN-024,Chennai,CHN,center,True,unstructured_anomaly
2025-02-13 06:00:00,28.30238453312106,1004.5003624088616,79.45777327724065,AWS-CHN-024,Chennai,CHN,center,True,unstructured_anomaly
2025-02-13 07:00:00,17.347884532203196,1019.6731327890759,76.07966739549678,AWS-CHN-024,Chennai,CHN,center,True,unstructured_anomaly
2025-02-13 08:00:00,18.567904244822195,1019.8474443295195,94.31970298820303,AWS-CHN-024,Chennai,CHN,center,True,unstructured_anomaly
2025-02-13 09:00:00,19.960164652211986,1021.6822499544498,53.511498708573676,AWS-CHN-024,Chennai,CHN,center,True,unstructured_anomaly
2025-02-13 10:00:00,23.02700908720721,1021.4758350609869,43.21806482337359,AWS-CHN-024,Chennai,CHN,center,True,unstructured_anomaly
2025-02-13 11:00:00,30.4,1013.0,48.0,AWS-CHN-024,Chennai,CHN,center,False,
2025-02-13 12:00:00,31.5,1011.9,42.0,AWS-CHN-024,Chennai,CHN,center,False,
2025-02-13 13:00:00,31.8,1010.9,39.0,AWS-CHN-024,Chennai,CHN,center,True,frozen_value
2025-02-13 14:00:00,31.815378873244587,1010.0,39.0,AWS-CHN-024,Chennai,CHN,center,True,frozen_value
2025-02-13 15:00:00,31.863692348762825,1009.4,47.0,AWS-CHN-024,Chennai,CHN,center,True,frozen_value
2025-02-13 16:00:00,31.860834647569018,1009.5,57.0,AWS-CHN-024,Chennai,CHN,center,True,frozen_value
2025-02-13 17:00:00,31.919452023712537,1009.9,64.0,AWS-CHN-024,Chennai,CHN,center,True,frozen_value
2025-02-13 18:00:00,31.94386467187554,1010.5,70.0,AWS-CHN-024,Chennai,CHN,center,True,frozen_value
2025-02-13 19:00:00,31.942468468089064,1011.2,74.0,AWS-CHN-024,Chennai,CHN,center,True,frozen_value
2025-02-13 20:00:00,31.967334128434153,1012.0,76.0,AWS-CHN-024,Chennai,CHN,center,True,frozen_value
2025-02-13 21:00:00,25.3,1012.8,77.0,AWS-CHN-024,Chennai,CHN,center,False,
2025-02-13 22:00:00,24.5,1012.6,82.0,AWS-CHN-024,Chennai,CHN,center,False,
2025-02-13 23:00:00,23.7,1012.2,87.0,AWS-CHN-024,Chennai,CHN,center,False,
2025-02-14 00:00:00,23.1,1011.3,90.0,AWS-CHN-024,Chennai,CHN,center,False,
2025-02-14 01:00:00,22.7,1010.6,91.0,AWS-CHN-024,Chennai,CHN,center,False,
2025-02-14 02:00:00,22.4,1010.3,93.0,AWS-CHN-024,Chennai,CHN,center,False,
2025-02-14 03:00:00,21.7,1009.8,96.0,AWS-CHN-024,Chennai,CHN,center,False,
2025-02-14 04:00:00,21.1,1009.9,97.0,AWS-CHN-024,Chennai,CHN,center,False,
2025-02-14 05:00:00,20.7,1010.4,97.0,AWS-CHN-024,Chennai,CHN,center,False,
2025-02-14 06:00:00,21.8,1011.3,98.0,AWS-CHN-024,Chennai,CHN,center,True,drift
2025-02-14 07:00:00,22.583989583416983,1012.4,95.0,AWS-CHN-024,Chennai,CHN,center,True,drift
2025-02-14 08:00:00,24.467979166833963,1013.2,86.0,AWS-CHN-024,Chennai,CHN,center,True,drift
2025-02-14 09:00:00,26.851968750250947,1014.0,74.0,AWS-CHN-024,Chennai,CHN,center,True,drift
2025-02-14 10:00:00,29.33595833366793,1013.7,61.0,AWS-CHN-024,Chennai,CHN,center,True,drift
2025-02-14 11:00:00,31.81994791708491,1012.7,49.0,AWS-CHN-024,Chennai,CHN,center,True,drift
2025-02-14 12:00:00,33.60393750050189,1011.5,41.0,AWS-CHN-024,Chennai,CHN,center,True,drift
2025-02-14 13:00:00,34.28792708391887,1010.3,38.0,AWS-CHN-024,Chennai,CHN,center,True,drift
2025-02-14 14:00:00,34.17191666733586,1009.3,37.0,AWS-CHN-024,Chennai,CHN,center,True,drift
2025-02-14 15:00:00,33.65590625075284,1008.7,39.0,AWS-CHN-024,Chennai,CHN,center,True,drift
2025-02-14 16:00:00,32.73989583416982,1008.8,46.0,AWS-CHN-024,Chennai,CHN,center,True,drift
2025-02-14 17:00:00,31.123885417586806,1009.1,59.0,AWS-CHN-024,Chennai,CHN,center,True,drift
2025-02-14 18:00:00,29.807875001003787,1009.7,78.0,AWS-CHN-024,Chennai,CHN,center,True,drift
2025-02-14 19:00:00,29.69186458442077,1010.6,80.0,AWS-CHN-024,Chennai,CHN,center,True,drift
2025-02-14 20:00:00,29.675854167837755,1011.2,81.0,AWS-CHN-024,Chennai,CHN,center,True,drift
2025-02-14 21:00:00,29.659843751254733,1011.8,83.0,AWS-CHN-024,Chennai,CHN,center,True,drift
2025-02-14 22:00:00,29.543833334671717,1011.9,85.0,AWS-CHN-024,Chennai,CHN,center,True,drift
2025-02-14 23:00:00,29.527822918088702,1011.3,87.0,AWS-CHN-024,Chennai,CHN,center,True,drift
2025-02-15 00:00:00,28.811812501505685,1010.7,92.0,AWS-CHN-024,Chennai,CHN,center,True,drift
2025-02-15 01:00:00,28.69580208492267,1009.9,93.0,AWS-CHN-024,Chennai,CHN,center,True,drift
2025-02-15 02:00:00,28.77979166833965,1009.6,94.0,AWS-CHN-024,Chennai,CHN,center,True,drift
2025-02-15 03:00:00,28.563781251756634,1009.4,96.0,AWS-CHN-024,Chennai,CHN,center,True,drift
2025-02-15 04:00:00,28.247770835173615,1009.5,98.0,AWS-CHN-024,Chennai,CHN,center,True,drift
2025-02-15 05:00:00,28.431760418590596,1009.7,98.0,AWS-CHN-024,Chennai,CHN,center,True,drift
2025-02-15 06:00:00,30.01575000200758,1010.8,96.0,AWS-CHN-024,Chennai,CHN,center,True,drift
2025-02-15 07:00:00,30.99973958542456,1011.4,90.0,AWS-CHN-024,Chennai,CHN,center,True,drift
2025-02-15 08:00:00,32.88372916884154,1012.5,80.0,AWS-CHN-024,Chennai,CHN,center,True,drift
2025-02-15 09:00:00,35.16771875225852,1012.7,68.0,AWS-CHN-024,Chennai,CHN,center,True,drift
2025-02-15 10:00:00,37.551708335675514,1012.5,58.0,AWS-CHN-024,Chennai,CHN,center,True,drift
2025-02-15 11:00:00,39.335697919092496,1011.5,50.0,AWS-CHN-024,Chennai,CHN,center,True,drift
2025-02-15 12:00:00,31.3,1010.4,53.0,AWS-CHN-024,Chennai,CHN,center,False,
2025-02-15 13:00:00,31.0,1009.4,51.0,AWS-CHN-024,Chennai,CHN,center,False,
2025-02-15 14:00:00,30.5,1008.3,49.0,AWS-CHN-024,Chennai,CHN,center,False,
2025-02-15 15:00:00,29.8,1007.9,53.0,AWS-CHN-024,Chennai,CHN,center,False,
2025-02-15 16:00:00,29.0,1008.0,61.0,AWS-CHN-024,Chennai,CHN,center,False,
2025-02-15 17:00:00,27.7,1008.3,68.0,AWS-CHN-024,Chennai,CHN,center,False,
2025-02-15 18:00:00,26.7,1008.5,74.0,AWS-CHN-024,Chennai,CHN,center,False,
2025-02-15 19:00:00,26.3,1009.6,77.0,AWS-CHN-024,Chennai,CHN,center,False,
2025-02-15 20:00:00,26.1,1010.5,80.0,AWS-CHN-024,Chennai,CHN,center,False,
2025-02-15 21:00:00,34.74539170115362,1011.1098778405712,100.0,AWS-CHN-024,Chennai,CHN,center,True,multivariate_inconsistency
2025-02-15 22:00:00,34.445391701153625,1011.341141654008,100.0,AWS-CHN-024,Chennai,CHN,center,True,multivariate_inconsistency
2025-02-15 23:00:00,34.14539170115363,1010.9835774320334,100.0,AWS-CHN-024,Chennai,CHN,center,True,multivariate_inconsistency
2025-02-16 00:00:00,33.84539170115363,1010.386381891565,100.0,AWS-CHN-024,Chennai,CHN,center,True,multivariate_inconsistency
2025-02-16 01:00:00,24.8,1009.8,87.0,AWS-CHN-024,Chennai,CHN,center,False,
2025-02-16 02:00:00,24.6,1009.4,88.0,AWS-CHN-024,Chennai,CHN,center,False,
2025-02-16 03:00:00,24.1,1009.2,90.0,AWS-CHN-024,Chennai,CHN,center,False,
2025-02-16 04:00:00,23.6,1009.4,93.0,AWS-CHN-024,Chennai,CHN,center,False,
2025-02-16 05:00:00,22.9,1010.1,96.0,AWS-CHN-024,Chennai,CHN,center,False,
2025-02-16 06:00:00,23.1,1010.8,96.0,AWS-CHN-024,Chennai,CHN,center,False,
2025-02-16 07:00:00,17.854325147904643,1020.2421544276652,72.9799764873625,AWS-CHN-024,Chennai,CHN,center,True,unstructured_anomaly
2025-02-16 08:00:00,19.749750216675526,1020.0183095874081,63.7446076365936,AWS-CHN-024,Chennai,CHN,center,True,unstructured_anomaly
2025-02-16 09:00:00,34.530082495450614,1006.4973116623165,48.4873773422917,AWS-CHN-024,Chennai,CHN,center,True,unstructured_anomaly
2025-02-16 10:00:00,36.40433826738291,1005.1686773006865,38.537870187675374,AWS-CHN-024,Chennai,CHN,center,True,unstructured_anomaly
2025-02-16 11:00:00,25.4644741320314,1020.7783665091937,29.921837528820372,AWS-CHN-024,Chennai,CHN,center,True,unstructured_anomaly
2025-02-16 12:00:00,37.494556507657464,1003.8937133607805,61.56398501448673,AWS-CHN-024,Chennai,CHN,center,True,unstructured_anomaly
2025-02-16 13:00:00,31.5,1010.0,44.0,AWS-CHN-024,Chennai,CHN,center,False,
2025-02-16 14:00:00,31.1,1009.2,44.0,AWS-CHN-024,Chennai,CHN,center,False,
2025-02-16 15:00:00,30.2,1009.0,48.0,AWS-CHN-024,Chennai,CHN,center,False,
2025-02-16 16:00:00,29.1,1009.4,54.0,AWS-CHN-024,Chennai,CHN,center,False,
2025-02-16 17:00:00,27.7,1010.0,64.0,AWS-CHN-024,Chennai,CHN,center,False,
2025-02-16 18:00:00,26.9,1010.4,73.0,AWS-CHN-024,Chennai,CHN,center,False,
2025-02-16 19:00:00,26.7,1011.5,75.0,AWS-CHN-024,Chennai,CHN,center,False,
2025-02-16 20:00:00,26.6,1012.2,0.004199103137814323,AWS-CHN-024,Chennai,CHN,center,True,sensor_fail_low
2025-02-16 21:00:00,26.5,1012.6,0.04094558892780058,AWS-CHN-024,Chennai,CHN,center,True,sensor_fail_low
2025-02-16 22:00:00,26.2,1012.9,-0.05647996465459017,AWS-CHN-024,Chennai,CHN,center,True,sensor_fail_low
2025-02-16 23:00:00,26.0,1012.7,-0.005631610775256469,AWS-CHN-024,Chennai,CHN,center,True,sensor_fail_low
2025-02-17 00:00:00,25.7,1012.2,80.0,AWS-CHN-024,Chennai,CHN,center,False,
2025-02-17 01:00:00,25.3,1011.7,82.0,AWS-CHN-024,Chennai,CHN,center,False,
2025-02-17 02:00:00,24.9,1011.2,85.0,AWS-CHN-024,Chennai,CHN,center,False,
2025-02-17 03:00:00,24.3,1011.0,88.0,AWS-CHN-024,Chennai,CHN,center,False,
2025-02-17 04:00:00,23.9,1010.9,90.0,AWS-CHN-024,Chennai,CHN,center,False,
2025-02-17 05:00:00,23.2,1011.4,93.0,AWS-CHN-024,Chennai,CHN,center,False,
2025-02-17 06:00:00,23.4,1012.5,94.0,AWS-CHN-024,Chennai,CHN,center,False,
2025-02-17 07:00:00,23.6,1013.3,92.0,AWS-CHN-024,Chennai,CHN,center,False,
2025-02-17 08:00:00,25.6,1014.0,82.0,AWS-CHN-024,Chennai,CHN,center,False,
2025-02-17 09:00:00,28.0,1014.5,70.0,AWS-CHN-024,Chennai,CHN,center,False,
2025-02-17 10:00:00,29.8,1014.3,60.0,AWS-CHN-024,Chennai,CHN,center,False,
2025-02-17 11:00:00,30.7,1013.6,54.0,AWS-CHN-024,Chennai,CHN,center,False,
2025-02-17 12:00:00,31.0,1012.8,52.0,AWS-CHN-024,Chennai,CHN,center,False,
2025-02-17 13:00:00,31.2,1011.7,48.0,AWS-CHN-024,Chennai,CHN,center,False,
2025-02-17 14:00:00,31.0,1011.1,48.0,AWS-CHN-024,Chennai,CHN,center,False,
2025-02-17 15:00:00,30.3,1010.5,52.0,AWS-CHN-024,Chennai,CHN,center,True,drift
2025-02-17 16:00:00,29.3,1010.5353723972788,56.0,AWS-CHN-024,Chennai,CHN,center,True,drift
2025-02-17 17:00:00,28.2,1010.9937505921724,62.0,AWS-CHN-024,Chennai,CHN,center,True,drift
2025-02-17 18:00:00,27.4,1011.4658343072482,73.0,AWS-CHN-024,Chennai,CHN,center,True,drift
2025-02-17 19:00:00,27.1,1012.2485708926738,74.0,AWS-CHN-024,Chennai,CHN,center,True,drift
2025-02-17 20:00:00,26.9,1013.1402574389126,75.0,AWS-CHN-024,Chennai,CHN,center,True,drift
2025-02-17 21:00:00,26.6,1013.6397729841492,77.0,AWS-CHN-024,Chennai,CHN,center,True,drift
2025-02-17 22:00:00,26.3,1013.9463102420008,78.0,AWS-CHN-024,Chennai,CHN,center,True,drift
2025-02-17 23:00:00,25.8,1013.5592534990037,81.0,AWS-CHN-024,Chennai,CHN,center,True,drift
2025-02-18 00:00:00,25.1,1012.8781139758428,84.0,AWS-CHN-024,Chennai,CHN,center,True,drift
2025-02-18 01:00:00,24.6,1012.3024920032819,0.024529751408804496,AWS-CHN-024,Chennai,CHN,center,True,sensor_fail_low
2025-02-18 02:00:00,24.0,1012.0320532371286,0.008875441861031797,AWS-CHN-024,Chennai,CHN,center,True,sensor_fail_low
2025-02-18 03:00:00,23.5,1011.8665128639605,-0.006586965415200647,AWS-CHN-024,Chennai,CHN,center,True,sensor_fail_low
2025-02-18 04:00:00,23.1,1012.0056246545827,0.033941795005208955,AWS-CHN-024,Chennai,CHN,center,True,sensor_fail_low
2025-02-18 05:00:00,22.8,1012.849173110612,94.0,AWS-CHN-024,Chennai,CHN,center,True,drift
2025-02-18 06:00:00,22.7,1013.6969676672143,96.0,AWS-CHN-024,Chennai,CHN,center,True,drift
2025-02-18 07:00:00,22.9,1014.7488383099404,96.0,AWS-CHN-024,Chennai,CHN,center,True,drift
2025-02-18 08:00:00,25.5,1015.9046321923971,82.0,AWS-CHN-024,Chennai,CHN,center,True,drift
2025-02-18 09:00:00,28.1,1016.8642109798619,68.0,AWS-CHN-024,Chennai,CHN,center,True,drift
2025-02-18 10:00:00,29.6,1016.9274487307664,60.0,AWS-CHN-024,Chennai,CHN,center,True,drift
2025-02-18 11:00:00,30.5,1016.2942301841695,55.0,AWS-CHN-024,Chennai,CHN,center,True,drift
2025-02-18 12:00:00,30.9,1015.4644493587463,52.0,AWS-CHN-024,Chennai,CHN,center,True,drift
2025-02-18 13:00:00,31.0,1014.6380083943071,48.0,AWS-CHN-024,Chennai,CHN,center,True,drift
2025-02-18 14:00:00,30.7,1013.7148165846204,48.0,AWS-CHN-024,Chennai,CHN,center,True,drift
2025-02-18 15:00:00,30.2,1013.4947895629116,51.0,AWS-CHN-024,Chennai,CHN,center,True,drift
2025-02-18 16:00:00,29.4,1013.6778486105147,55.0,AWS-CHN-024,Chennai,CHN,center,True,drift
2025-02-18 17:00:00,28.2,1014.0639200658248,61.0,AWS-CHN-024,Chennai,CHN,center,True,drift
2025-02-18 18:00:00,27.4,1014.6529348156647,65.0,AWS-CHN-024,Chennai,CHN,center,True,drift
2025-02-18 19:00:00,27.0,1015.6448278549204,67.0,AWS-CHN-024,Chennai,CHN,center,True,drift
2025-02-18 20:00:00,26.7,1016.3395379031496,69.0,AWS-CHN-024,Chennai,CHN,center,True,drift
2025-02-18 21:00:00,26.4,1017.0370070690653,71.0,AWS-CHN-024,Chennai,CHN,center,True,drift
2025-02-18 22:00:00,26.1,1017.4371805555073,73.0,AWS-CHN-024,Chennai,CHN,center,True,drift
2025-02-18 23:00:00,25.7,1017.040006398856,76.0,AWS-CHN-024,Chennai,CHN,center,True,drift
2025-02-19 00:00:00,24.7,1016.5454352379112,82.0,AWS-CHN-024,Chennai,CHN,center,True,drift
2025-02-19 01:00:00,24.2,1015.7534201081027,85.0,AWS-CHN-024,Chennai,CHN,center,True,drift
2025-02-19 02:00:00,23.5,1015.3639162575907,89.0,AWS-CHN-024,Chennai,CHN,center,True,drift
2025-02-19 03:00:00,23.0,1015.0768809823627,,AWS-CHN-024,Chennai,CHN,center,True,dropout
2025-02-19 04:00:00,22.3,1015.1922734778875,93.0,AWS-CHN-024,Chennai,CHN,center,True,drift
2025-02-19 05:00:00,21.8,1015.9100547052611,93.0,AWS-CHN-024,Chennai,CHN,center,True,drift
2025-02-19 06:00:00,22.6,1016.7301872700788,95.0,AWS-CHN-024,Chennai,CHN,center,True,drift
2025-02-19 07:00:00,23.5,1017.6526353125292,91.0,AWS-CHN-024,Chennai,CHN,center,True,drift
2025-02-19 08:00:00,25.9,1018.5773644074133,80.0,AWS-CHN-024,Chennai,CHN,center,True,drift
2025-02-19 09:00:00,28.2,1019.3043414729692,68.0,AWS-CHN-024,Chennai,CHN,center,True,drift
2025-02-19 10:00:00,29.7,1019.133534687538,60.0,AWS-CHN-024,Chennai,CHN,center,True,drift
2025-02-19 11:00:00,30.6,1018.6649134132257,56.0,AWS-CHN-024,Chennai,CHN,center,True,drift
2025-02-19 12:00:00,31.0,1017.7984481258285,54.0,AWS-CHN-024,Chennai,CHN,center,True,drift
2025-02-19 13:00:00,31.1,1017.1341103503795,50.0,AWS-CHN-024,Chennai,CHN,center,True,drift
2025-02-19 14:00:00,30.8,1016.6718726017525,51.0,AWS-CHN-024,Chennai,CHN,center,True,drift
2025-02-19 15:00:00,30.1,1008.1,54.0,AWS-CHN-024,Chennai,CHN,center,False,
2025-02-19 16:00:00,29.0,1007.9,61.0,AWS-CHN-024,Chennai,CHN,center,False,
2025-02-19 17:00:00,27.9,1008.4,66.0,AWS-CHN-024,Chennai,CHN,center,False,
2025-02-19 18:00:00,27.0,1009.2,73.0,AWS-CHN-024,Chennai,CHN,center,False,
2025-02-19 19:00:00,26.8,1010.1,73.0,AWS-CHN-024,Chennai,CHN,center,False,
2025-02-19 20:00:00,26.5,1010.9,75.0,AWS-CHN-024,Chennai,CHN,center,False,
2025-02-19 21:00:00,26.3,1011.5,77.0,AWS-CHN-024,Chennai,CHN,center,False,
2025-02-19 22:00:00,26.0,1011.5,79.0,AWS-CHN-024,Chennai,CHN,center,False,
2025-02-19 23:00:00,25.6,1011.2,82.0,AWS-CHN-024,Chennai,CHN,center,False,
2025-02-20 00:00:00,25.2,1010.6,85.0,AWS-CHN-024,Chennai,CHN,center,False,
2025-02-20 01:00:00,24.9,1009.9,85.0,AWS-CHN-024,Chennai,CHN,center,False,
2025-02-20 02:00:00,24.4,1009.4,87.0,AWS-CHN-024,Chennai,CHN,center,False,
2025-02-20 03:00:00,23.6,1009.1,90.0,AWS-CHN-024,Chennai,CHN,center,False,
2025-02-20 04:00:00,23.2,1009.4,91.0,AWS-CHN-024,Chennai,CHN,center,False,
2025-02-20 05:00:00,22.8,1010.1,93.0,AWS-CHN-024,Chennai,CHN,center,False,
2025-02-20 06:00:00,23.6,1011.0,93.0,AWS-CHN-024,Chennai,CHN,center,False,
2025-02-20 07:00:00,24.3,1012.1,89.0,AWS-CHN-024,Chennai,CHN,center,False,
2025-02-20 08:00:00,26.4,1012.9,78.0,AWS-CHN-024,Chennai,CHN,center,False,
2025-02-20 09:00:00,28.6,1013.3,65.0,AWS-CHN-024,Chennai,CHN,center,False,
2025-02-20 10:00:00,29.9,1013.2,57.0,AWS-CHN-024,Chennai,CHN,center,False,
2025-02-20 11:00:00,30.7,1012.4,53.0,AWS-CHN-024,Chennai,CHN,center,False,
2025-02-20 12:00:00,31.0,1011.5,49.0,AWS-CHN-024,Chennai,CHN,center,False,
2025-02-20 13:00:00,31.1,1010.6,47.0,AWS-CHN-024,Chennai,CHN,center,False,
2025-02-20 14:00:00,30.9,1009.9,48.0,AWS-CHN-024,Chennai,CHN,center,False,
2025-02-20 15:00:00,30.4,1009.3,51.0,AWS-CHN-024,Chennai,CHN,center,True,frozen_value
2025-02-20 16:00:00,29.4,1009.2715732039512,56.0,AWS-CHN-024,Chennai,CHN,center,True,frozen_value
2025-02-20 17:00:00,28.2,1009.2449993095479,62.0,AWS-CHN-024,Chennai,CHN,center,True,frozen_value
2025-02-20 18:00:00,27.1,1009.2444832834257,74.0,AWS-CHN-024,Chennai,CHN,center,True,frozen_value
2025-02-20 19:00:00,26.9,1009.2715962386444,75.0,AWS-CHN-024,Chennai,CHN,center,True,frozen_value
2025-02-20 20:00:00,26.7,1009.2631359339861,76.0,AWS-CHN-024,Chennai,CHN,center,True,frozen_value
2025-02-20 21:00:00,26.6,1009.2822787186052,77.0,AWS-CHN-024,Chennai,CHN,center,True,frozen_value
2025-02-20 22:00:00,26.4,1009.2561823619325,78.0,AWS-CHN-024,Chennai,CHN,center,True,frozen_value
2025-02-20 23:00:00,26.1,1009.2899497967359,80.0,AWS-CHN-024,Chennai,CHN,center,True,frozen_value
2025-02-21 00:00:00,25.7,1012.5,80.07389434453461,AWS-CHN-024,Chennai,CHN,center,True,frozen_value
2025-02-21 01:00:00,24.9,1011.9,80.03194327794883,AWS-CHN-024,Chennai,CHN,center,True,frozen_value
2025-02-21 02:00:00,24.5,1011.4,79.99210697628297,AWS-CHN-024,Chennai,CHN,center,True,frozen_value
2025-02-21 03:00:00,24.4,1010.9,80.00456824216074,AWS-CHN-024,Chennai,CHN,center,True,frozen_value
2025-02-21 04:00:00,23.9,1011.1,79.96217034799365,AWS-CHN-024,Chennai,CHN,center,True,frozen_value
2025-02-21 05:00:00,23.8,1011.7,80.02453504642524,AWS-CHN-024,Chennai,CHN,center,True,frozen_value
2025-02-21 06:00:00,24.0,1012.8,94.0,AWS-CHN-024,Chennai,CHN,center,False,
2025-02-21 07:00:00,24.6,1013.7,90.0,AWS-CHN-024,Chennai,CHN,center,False,
2025-02-21 08:00:00,26.5,1014.5,78.0,AWS-CHN-024,Chennai,CHN,center,False,
2025-02-21 09:00:00,28.4,1014.9,67.0,AWS-CHN-024,Chennai,CHN,center,False,
2025-02-21 10:00:00,29.7,1014.8,60.0,AWS-CHN-024,Chennai,CHN,center,False,
2025-02-21 11:00:00,36.66662509555388,1007.0145276719502,70.88628049865105,AWS-CHN-024,Chennai,CHN,center,True,unstructured_anomaly
2025-02-21 12:00:00,36.96977807765915,1005.0326276027216,71.05511057795479,AWS-CHN-024,Chennai,CHN,center,True,unstructured_anomaly
2025-02-21 13:00:00,37.24853881659877,1004.5634361711863,32.440178834850485,AWS-CHN-024,Chennai,CHN,center,True,unstructured_anomaly
2025-02-21 14:00:00,36.185814708882354,1004.8761446656836,71.22165670531172,AWS-CHN-024,Chennai,CHN,center,True,unstructured_anomaly
2025-02-21 15:00:00,35.531586698942185,1003.930317524454,39.88639534529435,AWS-CHN-024,Chennai,CHN,center,True,unstructured_anomaly
2025-02-21 16:00:00,29.3,1010.3,60.0,AWS-CHN-024,Chennai,CHN,center,False,
2025-02-21 17:00:00,28.0,1010.6,66.0,AWS-CHN-024,Chennai,CHN,center,False,
2025-02-21 18:00:00,27.3,1011.4,73.0,AWS-CHN-024,Chennai,CHN,center,False,
2025-02-21 19:00:00,27.1,1012.2,74.0,AWS-CHN-024,Chennai,CHN,center,False,
2025-02-21 20:00:00,26.8,1012.9,75.0,AWS-CHN-024,Chennai,CHN,center,False,
2025-02-21 21:00:00,26.7,1013.6,76.0,AWS-CHN-024,Chennai,CHN,center,False,
2025-02-21 22:00:00,26.6,1013.5,75.0,AWS-CHN-024,Chennai,CHN,center,False,
2025-02-21 23:00:00,26.2,1013.2,77.0,AWS-CHN-024,Chennai,CHN,center,False,
2025-02-22 00:00:00,25.7,1012.8,80.0,AWS-CHN-024,Chennai,CHN,center,False,
2025-02-22 01:00:00,25.3,1012.3,82.0,AWS-CHN-024,Chennai,CHN,center,False,
2025-02-22 02:00:00,25.0,1011.9,85.0,AWS-CHN-024,Chennai,CHN,center,False,
2025-02-22 03:00:00,24.7,1011.7,87.0,AWS-CHN-024,Chennai,CHN,center,False,
2025-02-22 04:00:00,24.0,1011.7,90.0,AWS-CHN-024,Chennai,CHN,center,False,
2025-02-22 05:00:00,23.6,1012.3,93.0,AWS-CHN-024,Chennai,CHN,center,False,
2025-02-22 06:00:00,24.3,1012.9,92.0,AWS-CHN-024,Chennai,CHN,center,False,
2025-02-22 07:00:00,25.1,1013.7,87.0,AWS-CHN-024,Chennai,CHN,center,False,
2025-02-22 08:00:00,26.9,1014.6,77.0,AWS-CHN-024,Chennai,CHN,center,False,
2025-02-22 09:00:00,28.6,1015.0,67.0,AWS-CHN-024,Chennai,CHN,center,False,
2025-02-22 10:00:00,-40.02358789139311,1014.6,60.0,AWS-CHN-024,Chennai,CHN,center,True,sensor_fail_low
2025-02-22 11:00:00,-39.917189062387315,1013.9,56.0,AWS-CHN-024,Chennai,CHN,center,True,sensor_fail_low
2025-02-22 12:00:00,-40.009934078281795,1012.9,56.0,AWS-CHN-024,Chennai,CHN,center,True,sensor_fail_low
2025-02-22 13:00:00,-40.0449742919102,1012.0,55.0,AWS-CHN-024,Chennai,CHN,center,True,sensor_fail_low
2025-02-22 14:00:00,30.5,1011.1,55.0,AWS-CHN-024,Chennai,CHN,center,False,
2025-02-22 15:00:00,29.9,1010.6,57.0,AWS-CHN-024,Chennai,CHN,center,False,
2025-02-22 16:00:00,29.1,1010.6,59.0,AWS-CHN-024,Chennai,CHN,center,False,
2025-02-22 17:00:00,28.0,1010.9,63.0,AWS-CHN-024,Chennai,CHN,center,False,
2025-02-22 18:00:00,27.0,1011.7,74.0,AWS-CHN-024,Chennai,CHN,center,False,
2025-02-22 19:00:00,26.8,1012.8,74.0,AWS-CHN-024,Chennai,CHN,center,False,
2025-02-22 20:00:00,26.6,1013.7,76.0,AWS-CHN-024,Chennai,CHN,center,False,
2025-02-22 21:00:00,26.3,1014.3,79.0,AWS-CHN-024,Chennai,CHN,center,False,
2025-02-22 22:00:00,26.0,1014.3,82.0,AWS-CHN-024,Chennai,CHN,center,False,
2025-02-22 23:00:00,25.7,1014.0,85.0,AWS-CHN-024,Chennai,CHN,center,False,
2025-02-23 00:00:00,25.5,1013.6,86.0,AWS-CHN-024,Chennai,CHN,center,False,
2025-02-23 01:00:00,25.3,1013.1,87.0,AWS-CHN-024,Chennai,CHN,center,False,
2025-02-23 02:00:00,25.1,1012.6,87.0,AWS-CHN-024,Chennai,CHN,center,False,
2025-02-23 03:00:00,24.6,1012.2,89.0,AWS-CHN-024,Chennai,CHN,center,False,
2025-02-23 04:00:00,23.9,1012.0,92.0,AWS-CHN-024,Chennai,CHN,center,False,
2025-02-23 05:00:00,23.5,1012.2,94.0,AWS-CHN-024,Chennai,CHN,center,False,
2025-02-23 06:00:00,23.7,1013.0,95.0,AWS-CHN-024,Chennai,CHN,center,False,
2025-02-23 07:00:00,24.6,1013.8,90.0,AWS-CHN-024,Chennai,CHN,center,False,
2025-02-23 08:00:00,26.7,1014.5,79.0,AWS-CHN-024,Chennai,CHN,center,False,
2025-02-23 09:00:00,28.7,1015.0,67.0,AWS-CHN-024,Chennai,CHN,center,False,
2025-02-23 10:00:00,30.4,1014.7,57.0,AWS-CHN-024,Chennai,CHN,center,False,
2025-02-23 11:00:00,40.255843669145584,1013.5330429787452,90.31652205605297,AWS-CHN-024,Chennai,CHN,center,True,multivariate_inconsistency
2025-02-23 12:00:00,40.855843669145585,1013.0809018464424,86.64762836436924,AWS-CHN-024,Chennai,CHN,center,True,multivariate_inconsistency
2025-02-23 13:00:00,40.45584366914558,1011.8997335618294,90.27237151096068,AWS-CHN-024,Chennai,CHN,center,True,multivariate_inconsistency
2025-02-23 14:00:00,31.6,1010.8,46.0,AWS-CHN-024,Chennai,CHN,center,False,
2025-02-23 15:00:00,31.1,1010.5,46.0,AWS-CHN-024,Chennai,CHN,center,False,
2025-02-23 16:00:00,29.9,1010.8,54.0,AWS-CHN-024,Chennai,CHN,center,False,
2025-02-23 17:00:00,28.5,1011.3,64.0,AWS-CHN-024,Chennai,CHN,center,False,
2025-02-23 18:00:00,27.5,1011.9,72.0,AWS-CHN-024,Chennai,CHN,center,False,
2025-02-23 19:00:00,27.1,1012.7,77.0,AWS-CHN-024,Chennai,CHN,center,False,
2025-02-23 20:00:00,26.9,1013.6,80.0,AWS-CHN-024,Chennai,CHN,center,False,
2025-02-23 21:00:00,26.7,1014.2,81.0,AWS-CHN-024,Chennai,CHN,center,False,
2025-02-23 22:00:00,26.3,1014.1,83.0,AWS-CHN-024,Chennai,CHN,center,False,
2025-02-23 23:00:00,25.9,1013.6,87.0,AWS-CHN-024,Chennai,CHN,center,False,
2025-02-24 00:00:00,25.5,1013.0,89.0,AWS-CHN-024,Chennai,CHN,center,False,
2025-02-24 01:00:00,25.2,1012.3,91.0,AWS-CHN-024,Chennai,CHN,center,False,
2025-02-24 02:00:00,24.9,1011.7,91.0,AWS-CHN-024,Chennai,CHN,center,False,
2025-02-24 03:00:00,30.54117595087251,1003.2406159290077,95.0,AWS-CHN-024,Chennai,CHN,center,True,unstructured_anomaly
2025-02-24 04:00:00,29.369717316399814,1002.4513435666685,95.0,AWS-CHN-024,Chennai,CHN,center,True,unstructured_anomaly
2025-02-24 05:00:00,30.34168245023289,1003.205028611896,81.1946264736216,AWS-CHN-024,Chennai,CHN,center,True,unstructured_anomaly
2025-02-24 06:00:00,18.319643332476826,1020.8739567569694,95.0,AWS-CHN-024,Chennai,CHN,center,True,unstructured_anomaly
2025-02-24 07:00:00,31.368816539953976,1005.5204203699587,71.67824012456448,AWS-CHN-024,Chennai,CHN,center,True,unstructured_anomaly
2025-02-24 08:00:00,33.71916131878932,1006.125258193115,95.0,AWS-CHN-024,Chennai,CHN,center,True,unstructured_anomaly
2025-02-24 09:00:00,22.785033312065913,1022.5091002374179,84.88921598621923,AWS-CHN-024,Chennai,CHN,center,True,unstructured_anomaly
2025-02-24 10:00:00,30.1,1015.4,60.0,AWS-CHN-024,Chennai,CHN,center,False,
2025-02-24 11:00:00,30.5,1014.8,57.0,AWS-CHN-024,Chennai,CHN,center,False,
2025-02-24 12:00:00,30.9,1013.8,53.0,AWS-CHN-024,Chennai,CHN,center,False,
2025-02-24 13:00:00,31.0,1012.6,52.0,AWS-CHN-024,Chennai,CHN,center,False,
2025-02-24 14:00:00,30.8,1011.7,52.0,AWS-CHN-024,Chennai,CHN,center,False,
2025-02-24 15:00:00,30.2,1011.1,55.0,AWS-CHN-024,Chennai,CHN,center,False,
2025-02-24 16:00:00,29.4,1011.2,61.0,AWS-CHN-024,Chennai,CHN,center,False,
2025-02-24 17:00:00,28.3,1011.3,68.0,AWS-CHN-024,Chennai,CHN,center,False,
2025-02-24 18:00:00,27.6,1012.0,77.0,AWS-CHN-024,Chennai,CHN,center,False,
2025-02-24 19:00:00,27.4,1012.9,77.0,AWS-CHN-024,Chennai,CHN,center,False,
2025-02-24 20:00:00,27.3,1014.1,78.0,AWS-CHN-024,Chennai,CHN,center,False,
2025-02-24 21:00:00,27.0,1014.6,80.0,AWS-CHN-024,Chennai,CHN,center,False,
2025-02-24 22:00:00,26.7,1014.6,-0.07398890280593395,AWS-CHN-024,Chennai,CHN,center,True,sensor_fail_low
2025-02-24 23:00:00,26.4,1014.4,-0.01185958172841553,AWS-CHN-024,Chennai,CHN,center,True,sensor_fail_low
2025-02-25 00:00:00,26.1,1014.1,-0.06341412137609191,AWS-CHN-024,Chennai,CHN,center,True,sensor_fail_low
2025-02-25 01:00:00,25.8,1013.4,-0.03208795010749766,AWS-CHN-024,Chennai,CHN,center,True,sensor_fail_low
2025-02-25 02:00:00,25.4,1012.9,87.0,AWS-CHN-024,Chennai,CHN,center,False,
2025-02-25 03:00:00,25.1,1012.5,88.0,AWS-CHN-024,Chennai,CHN,center,False,
2025-02-25 04:00:00,24.6,1012.5,91.0,AWS-CHN-024,Chennai,CHN,center,False,
2025-02-25 05:00:00,24.1,1012.8,93.0,AWS-CHN-024,Chennai,CHN,center,False,
2025-02-25 06:00:00,25.0,1013.7,86.0,AWS-CHN-024,Chennai,CHN,center,False,
2025-02-25 07:00:00,25.9,1014.6,82.0,AWS-CHN-024,Chennai,CHN,center,False,
2025-02-25 08:00:00,28.0,1015.2,68.0,AWS-CHN-024,Chennai,CHN,center,False,
2025-02-25 09:00:00,29.7,1015.8,55.0,AWS-CHN-024,Chennai,CHN,center,False,
2025-02-25 10:00:00,30.6,1015.8,50.0,AWS-CHN-024,Chennai,CHN,center,False,
2025-02-25 11:00:00,31.1,1015.5,48.0,AWS-CHN-024,Chennai,CHN,center,False,
2025-02-25 12:00:00,31.3,1014.6,48.0,AWS-CHN-024,Chennai,CHN,center,False,
2025-02-25 13:00:00,31.3,1013.5,47.0,AWS-CHN-024,Chennai,CHN,center,False,
2025-02-25 14:00:00,31.0,1012.5,48.0,AWS-CHN-024,Chennai,CHN,center,False,
2025-02-25 15:00:00,30.6,1012.0,49.0,AWS-CHN-024,Chennai,CHN,center,False,
2025-02-25 16:00:00,29.8,1012.0,54.0,AWS-CHN-024,Chennai,CHN,center,False,
2025-02-25 17:00:00,28.8,1012.5,62.0,AWS-CHN-024,Chennai,CHN,center,False,
2025-02-25 18:00:00,28.3,1013.3,68.0,AWS-CHN-024,Chennai,CHN,center,False,
2025-02-25 19:00:00,28.2,1014.0,69.0,AWS-CHN-024,Chennai,CHN,center,False,
2025-02-25 20:00:00,27.9,1014.9,71.0,AWS-CHN-024,Chennai,CHN,center,False,
2025-02-25 21:00:00,27.5,1015.5,75.0,AWS-CHN-024,Chennai,CHN,center,False,
2025-02-25 22:00:00,27.3,1015.6,75.0,AWS-CHN-024,Chennai,CHN,center,False,
2025-02-25 23:00:00,27.0,1015.5,77.0,AWS-CHN-024,Chennai,CHN,center,False,
2025-02-26 00:00:00,26.8,1014.8,78.0,AWS-CHN-024,Chennai,CHN,center,False,
2025-02-26 01:00:00,26.5,1013.9,78.0,AWS-CHN-024,Chennai,CHN,center,False,
2025-02-26 02:00:00,26.2,1013.2,80.0,AWS-CHN-024,Chennai,CHN,center,False,
2025-02-26 03:00:00,25.8,1012.9,83.0,AWS-CHN-024,Chennai,CHN,center,False,
2025-02-26 04:00:00,25.6,1012.7,84.0,AWS-CHN-024,Chennai,CHN,center,False,
2025-02-26 05:00:00,25.4,1013.0,85.0,AWS-CHN-024,Chennai,CHN,center,False,
2025-02-26 06:00:00,26.2,1013.7,82.0,AWS-CHN-024,Chennai,CHN,center,False,
2025-02-26 07:00:00,27.3,1014.5,75.0,AWS-CHN-024,Chennai,CHN,center,False,
2025-02-26 08:00:00,28.5,1015.1,66.0,AWS-CHN-024,Chennai,CHN,center,False,
2025-02-26 09:00:00,29.7,1015.7,60.0,AWS-CHN-024,Chennai,CHN,center,True,drift
2025-02-26 10:00:00,30.756152306772105,1015.8,55.0,AWS-CHN-024,Chennai,CHN,center,True,drift
2025-02-26 11:00:00,31.50818820917516,1015.1,53.0,AWS-CHN-024,Chennai,CHN,center,True,drift
2025-02-26 12:00:00,32.31613817192288,1014.2,48.0,AWS-CHN-024,Chennai,CHN,center,True,drift
2025-02-26 13:00:00,32.66714510217416,1013.1,47.0,AWS-CHN-024,Chennai,CHN,center,True,drift
2025-02-26 14:00:00,32.554096226792524,1012.0,51.0,AWS-CHN-024,Chennai,CHN,center,True,drift
2025-02-26 15:00:00,32.372336554146585,1011.4,53.0,AWS-CHN-024,Chennai,CHN,center,True,drift
2025-02-26 16:00:00,31.918528749002057,1011.2,60.0,AWS-CHN-024,Chennai,CHN,center,True,drift
2025-02-26 17:00:00,31.390136831427085,1011.6,65.0,AWS-CHN-024,Chennai,CHN,center,True,drift
2025-02-26 18:00:00,31.18515394395061,1012.5,70.0,AWS-CHN-024,Chennai,CHN,center,True,drift
2025-02-26 19:00:00,31.50194357825252,1013.5,73.0,AWS-CHN-024,Chennai,CHN,center,True,drift
2025-02-26 20:00:00,31.739140016602327,1014.3,75.0,AWS-CHN-024,Chennai,CHN,center,True,drift
2025-02-26 21:00:00,32.09558238546638,1014.9,76.0,AWS-CHN-024,Chennai,CHN,center,True,drift
2025-02-26 22:00:00,32.37026905160607,1014.8,78.0,AWS-CHN-024,Chennai,CHN,center,True,drift
2025-02-26 23:00:00,32.662324970001265,1014.5,79.0,AWS-CHN-024,Chennai,CHN,center,True,drift
2025-02-27 00:00:00,32.97097762477674,1013.9,80.0,AWS-CHN-024,Chennai,CHN,center,True,drift
2025-02-27 01:00:00,33.3955388693851,1013.0,82.0,AWS-CHN-024,Chennai,CHN,center,True,drift
2025-02-27 02:00:00,33.735390935184135,1012.3,84.0,AWS-CHN-024,Chennai,CHN,center,True,drift
2025-02-27 03:00:00,34.08997545893573,1011.9,84.0,AWS-CHN-024,Chennai,CHN,center,True,drift
2025-02-27 04:00:00,34.55878474391863,1011.7,85.0,AWS-CHN-024,Chennai,CHN,center,True,drift
2025-02-27 05:00:00,34.841354704776656,1011.7,87.0,AWS-CHN-024,Chennai,CHN,center,True,drift
2025-02-27 06:00:00,35.937259102674815,1012.3,85.0,AWS-CHN-024,Chennai,CHN,center,True,drift
2025-02-27 07:00:00,37.94610478385,1013.2,78.0,AWS-CHN-024,Chennai,CHN,center,True,drift
2025-02-27 08:00:00,28.1,1014.0,68.0,AWS-CHN-024,Chennai,CHN,center,False,
2025-02-27 09:00:00,29.3,1014.6,61.0,AWS-CHN-024,Chennai,CHN,center,False,
2025-02-27 10:00:00,30.2,1014.5,57.0,AWS-CHN-024,Chennai,CHN,center,False,
2025-02-27 11:00:00,30.8,1013.8,53.0,AWS-CHN-024,Chennai,CHN,center,False,
2025-02-27 12:00:00,30.9,1012.8,54.0,AWS-CHN-024,Chennai,CHN,center,False,
2025-02-27 13:00:00,31.2,1011.6,50.0,AWS-CHN-024,Chennai,CHN,center,False,
2025-02-27 14:00:00,31.1,1010.2,48.0,AWS-CHN-024,Chennai,CHN,center,False,
2025-02-27 15:00:00,30.6,1009.5,50.0,AWS-CHN-024,Chennai,CHN,center,False,
2025-02-27 16:00:00,29.6,1009.6,56.0,AWS-CHN-024,Chennai,CHN,center,False,
2025-02-27 17:00:00,28.4,1010.0,63.0,AWS-CHN-024,Chennai,CHN,center,False,
2025-02-27 18:00:00,27.6,1010.3,71.0,AWS-CHN-024,Chennai,CHN,center,False,
2025-02-27 19:00:00,27.4,1011.2,72.0,AWS-CHN-024,Chennai,CHN,center,False,
2025-02-27 20:00:00,27.3,1012.6,74.0,AWS-CHN-024,Chennai,CHN,center,False,
2025-02-27 21:00:00,27.2,1013.3,75.0,AWS-CHN-024,Chennai,CHN,center,False,
2025-02-27 22:00:00,27.1,1013.5,76.0,AWS-CHN-024,Chennai,CHN,center,False,
2025-02-27 23:00:00,26.9,1012.9,78.0,AWS-CHN-024,Chennai,CHN,center,False,
2025-02-28 00:00:00,26.4,1012.2,80.0,AWS-CHN-024,Chennai,CHN,center,False,
2025-02-28 01:00:00,26.2,1011.3,81.0,AWS-CHN-024,Chennai,CHN,center,False,
2025-02-28 02:00:00,25.8,1010.6,83.0,AWS-CHN-024,Chennai,CHN,center,False,
2025-02-28 03:00:00,25.6,1010.2,84.0,AWS-CHN-024,Chennai,CHN,center,False,
2025-02-28 04:00:00,25.4,1010.2,84.0,AWS-CHN-024,Chennai,CHN,center,False,
2025-02-28 05:00:00,25.2,1010.3,85.0,AWS-CHN-024,Chennai,CHN,center,False,
2025-02-28 06:00:00,25.6,1011.3,84.0,AWS-CHN-024,Chennai,CHN,center,False,
2025-02-28 07:00:00,26.6,1012.0,78.0,AWS-CHN-024,Chennai,CHN,center,False,
2025-02-28 08:00:00,28.3,1012.9,69.0,AWS-CHN-024,Chennai,CHN,center,False,
2025-02-28 09:00:00,29.4,1013.8,62.0,AWS-CHN-024,Chennai,CHN,center,False,
2025-02-28 10:00:00,30.1,-0.021897324368557854,59.0,AWS-CHN-024,Chennai,CHN,center,True,sensor_fail_low
2025-02-28 11:00:00,30.7,-0.008088065261280029,56.0,AWS-CHN-024,Chennai,CHN,center,True,sensor_fail_low
2025-02-28 12:00:00,30.7,0.03446304072918424,56.0,AWS-CHN-024,Chennai,CHN,center,True,sensor_fail_low
2025-02-28 13:00:00,31.1,-0.06466051469962758,55.0,AWS-CHN-024,Chennai,CHN,center,True,sensor_fail_low
2025-02-28 14:00:00,30.8,1009.4,56.0,AWS-CHN-024,Chennai,CHN,center,False,
2025-02-28 15:00:00,30.3,1008.7,58.0,AWS-CHN-024,Chennai,CHN,center,False,
2025-02-28 16:00:00,29.6,1008.6,60.0,AWS-CHN-024,Chennai,CHN,center,False,
2025-02-28 17:00:00,28.7,1009.0,65.0,AWS-CHN-024,Chennai,CHN,center,False,
2025-02-28 18:00:00,27.9,1009.8,74.0,AWS-CHN-024,Chennai,CHN,center,False,
2025-02-28 19:00:00,27.7,1010.9,74.0,AWS-CHN-024,Chennai,CHN,center,False,
2025-02-28 20:00:00,27.6,1011.8,75.0,AWS-CHN-024,Chennai,CHN,center,False,
2025-02-28 21:00:00,27.6,1013.0,76.0,AWS-CHN-024,Chennai,CHN,center,False,
2025-02-28 22:00:00,27.5,1013.0,75.0,AWS-CHN-024,Chennai,CHN,center,False,
2025-02-28 23:00:00,27.3,1012.6,76.0,AWS-CHN-024,Chennai,CHN,center,False,
2025-03-01 00:00:00,27.3,1011.8,76.0,AWS-CHN-024,Chennai,CHN,center,False,
2025-03-01 01:00:00,27.0,1011.1,77.0,AWS-CHN-024,Chennai,CHN,center,False,
2025-03-01 02:00:00,26.9,1010.5,78.0,AWS-CHN-024,Chennai,CHN,center,False,
2025-03-01 03:00:00,26.8,1009.8,78.0,AWS-CHN-024,Chennai,CHN,center,False,
2025-03-01 04:00:00,26.7,1009.5,78.0,AWS-CHN-024,Chennai,CHN,center,False,
2025-03-01 05:00:00,26.5,1009.7,79.0,AWS-CHN-024,Chennai,CHN,center,False,
2025-03-01 06:00:00,25.8,1011.0,87.0,AWS-CHN-024,Chennai,CHN,center,False,
2025-03-01 07:00:00,27.0,1011.8,80.0,AWS-CHN-024,Chennai,CHN,center,False,
2025-03-01 08:00:00,28.5,1012.2,71.0,AWS-CHN-024,Chennai,CHN,center,False,
2025-03-01 09:00:00,29.3,1012.7,67.0,AWS-CHN-024,Chennai,CHN,center,False,
2025-03-01 10:00:00,30.1,1012.8,64.0,AWS-CHN-024,Chennai,CHN,center,False,
2025-03-01 11:00:00,30.5,1012.0,62.0,AWS-CHN-024,Chennai,CHN,center,False,
2025-03-01 12:00:00,30.7,1010.6,63.0,AWS-CHN-024,Chennai,CHN,center,False,
2025-03-01 13:00:00,30.8,1009.2,62.0,AWS-CHN-024,Chennai,CHN,center,False,
2025-03-01 14:00:00,30.4,1008.2,62.0,AWS-CHN-024,Chennai,CHN,center,False,
2025-03-01 15:00:00,30.0,1007.6,63.0,AWS-CHN-024,Chennai,CHN,center,False,
2025-03-01 16:00:00,29.4,1007.7,66.0,AWS-CHN-024,Chennai,CHN,center,False,
2025-03-01 17:00:00,28.5,1008.1,71.0,AWS-CHN-024,Chennai,CHN,center,False,
2025-03-01 18:00:00,27.9,1009.2,78.0,AWS-CHN-024,Chennai,CHN,center,False,
2025-03-01 19:00:00,27.7,1010.2,79.0,AWS-CHN-024,Chennai,CHN,center,False,
2025-03-01 20:00:00,27.6,1011.2,80.0,AWS-CHN-024,Chennai,CHN,center,False,
2025-03-01 21:00:00,27.5,1011.6,80.0,AWS-CHN-024,Chennai,CHN,center,False,
2025-03-01 22:00:00,27.2,1011.4,82.0,AWS-CHN-024,Chennai,CHN,center,False,
2025-03-01 23:00:00,27.1,1011.3,82.0,AWS-CHN-024,Chennai,CHN,center,False,
2025-03-02 00:00:00,26.9,1010.7,83.0,AWS-CHN-024,Chennai,CHN,center,False,
2025-03-02 01:00:00,26.6,1010.0,84.0,AWS-CHN-024,Chennai,CHN,center,False,
2025-03-02 02:00:00,26.3,1019.0279639633275,85.0,AWS-CHN-024,Chennai,CHN,center,True,spike
2025-03-02 03:00:00,26.0,1008.3,87.0,AWS-CHN-024,Chennai,CHN,center,False,
2025-03-02 04:00:00,25.8,1008.1,88.0,AWS-CHN-024,Chennai,CHN,center,False,
2025-03-02 05:00:00,25.6,1008.3,88.0,AWS-CHN-024,Chennai,CHN,center,False,
2025-03-02 06:00:00,26.4,1009.2,85.0,AWS-CHN-024,Chennai,CHN,center,False,
2025-03-02 07:00:00,27.5,1009.7,78.0,AWS-CHN-024,Chennai,CHN,center,False,
2025-03-02 08:00:00,28.8,1010.6,70.0,AWS-CHN-024,Chennai,CHN,center,False,
2025-03-02 09:00:00,30.0,1011.4,63.0,AWS-CHN-024,Chennai,CHN,center,False,
2025-03-02 10:00:00,31.1,1011.2,58.0,AWS-CHN-024,Chennai,CHN,center,False,
2025-03-02 11:00:00,31.7,1010.4,54.0,AWS-CHN-024,Chennai,CHN,center,False,
2025-03-02 12:00:00,32.2,1009.3,52.0,AWS-CHN-024,Chennai,CHN,center,False,
2025-03-02 13:00:00,32.1,1008.3,52.0,AWS-CHN-024,Chennai,CHN,center,False,
2025-03-02 14:00:00,31.7,1007.3,54.0,AWS-CHN-024,Chennai,CHN,center,False,
2025-03-02 15:00:00,30.9,1006.6,58.0,AWS-CHN-024,Chennai,CHN,center,False,
2025-03-02 16:00:00,29.9,1006.5,64.0,AWS-CHN-024,Chennai,CHN,center,False,
2025-03-02 17:00:00,28.8,1006.8,70.0,AWS-CHN-024,Chennai,CHN,center,False,
2025-03-02 18:00:00,28.1,1007.3,78.0,AWS-CHN-024,Chennai,CHN,center,False,
2025-03-02 19:00:00,27.8,1008.5,80.0,AWS-CHN-024,Chennai,CHN,center,False,
2025-03-02 20:00:00,27.5,1009.4,82.0,AWS-CHN-024,Chennai,CHN,center,False,
2025-03-02 21:00:00,27.3,1010.1,84.0,AWS-CHN-024,Chennai,CHN,center,True,drift
2025-03-02 22:00:00,27.0,1010.7,85.4325919532956,AWS-CHN-024,Chennai,CHN,center,True,drift
2025-03-02 23:00:00,26.7,1010.6,86.86518390659118,AWS-CHN-024,Chennai,CHN,center,True,drift
2025-03-03 00:00:00,26.5,1010.1,87.29777585988678,AWS-CHN-024,Chennai,CHN,center,True,drift
2025-03-03 01:00:00,26.2,1009.2,88.73036781318238,AWS-CHN-024,Chennai,CHN,center,True,drift
2025-03-03 02:00:00,25.4,1008.4,91.16295976647797,AWS-CHN-024,Chennai,CHN,center,True,drift
2025-03-03 03:00:00,25.0,1008.0,91.59555171977357,AWS-CHN-024,Chennai,CHN,center,True,drift
2025-03-03 04:00:00,24.7,1008.2,93.02814367306915,AWS-CHN-024,Chennai,CHN,center,True,drift
2025-03-03 05:00:00,24.7,1008.7,93.46073562636475,AWS-CHN-024,Chennai,CHN,center,True,drift
2025-03-03 06:00:00,25.8,1009.5,88.89332757966035,AWS-CHN-024,Chennai,CHN,center,True,drift
2025-03-03 07:00:00,26.5,1010.6,82.32591953295594,AWS-CHN-024,Chennai,CHN,center,True,drift
2025-03-03 08:00:00,28.0,1011.3,72.75851148625154,AWS-CHN-024,Chennai,CHN,center,True,drift
2025-03-03 09:00:00,30.0,1011.8,59.19110343954713,AWS-CHN-024,Chennai,CHN,center,True,drift
2025-03-03 10:00:00,31.5,1011.5,50.62369539284272,AWS-CHN-024,Chennai,CHN,center,True,drift
2025-03-03 11:00:00,32.7,1010.6,45.05628734613832,AWS-CHN-024,Chennai,CHN,center,True,drift
2025-03-03 12:00:00,33.0,1009.3,44.48887929943391,AWS-CHN-024,Chennai,CHN,center,True,drift
2025-03-03 13:00:00,32.6,1008.0,41.9214712527295,AWS-CHN-024,Chennai,CHN,center,True,drift
2025-03-03 14:00:00,32.47502837008517,1007.0,41.3540632060251,AWS-CHN-024,Chennai,CHN,center,True,drift
2025-03-03 15:00:00,32.45005674017033,1006.6,43.786655159320695,AWS-CHN-024,Chennai,CHN,center,True,drift
2025-03-03 16:00:00,31.8250851102555,1006.4,46.21924711261629,AWS-CHN-024,Chennai,CHN,center,True,drift
2025-03-03 17:00:00,30.80011348034067,1006.9,53.65183906591189,AWS-CHN-024,Chennai,CHN,center,True,drift
2025-03-03 18:00:00,30.375141850425834,1007.7,65.08443101920747,AWS-CHN-024,Chennai,CHN,center,True,drift
2025-03-03 19:00:00,30.250170220511002,1008.5,68.51702297250307,AWS-CHN-024,Chennai,CHN,center,True,drift
2025-03-03 20:00:00,30.22519859059617,1009.0,70.94961492579867,AWS-CHN-024,Chennai,CHN,center,True,drift
2025-03-03 21:00:00,30.300226960681336,1009.7,74.38220687909426,AWS-CHN-024,Chennai,CHN,center,True,drift
2025-03-03 22:00:00,30.175255330766504,1010.1,90.0,AWS-CHN-024,Chennai,CHN,center,True,drift
2025-03-03 23:00:00,30.05028370085167,1010.0,93.0,AWS-CHN-024,Chennai,CHN,center,True,drift
2025-03-04 00:00:00,30.025312070936835,1009.4,95.0,AWS-CHN-024,Chennai,CHN,center,True,drift
2025-03-04 01:00:00,30.100340441022006,1008.5,97.0,AWS-CHN-024,Chennai,CHN,center,True,drift
2025-03-04 02:00:00,30.17536881110717,1007.8,98.0,AWS-CHN-024,Chennai,CHN,center,True,drift
2025-03-04 03:00:00,29.950397181192336,1007.6,99.0,AWS-CHN-024,Chennai,CHN,center,True,drift
2025-03-04 04:00:00,29.725425551277507,1007.6,99.0,AWS-CHN-024,Chennai,CHN,center,True,drift
2025-03-04 05:00:00,29.90045392136267,1008.0,99.0,AWS-CHN-024,Chennai,CHN,center,True,drift
2025-03-04 06:00:00,31.47548229144784,1008.8,96.0,AWS-CHN-024,Chennai,CHN,center,True,drift
2025-03-04 07:00:00,32.650510661533005,1009.6,88.0,AWS-CHN-024,Chennai,CHN,center,True,drift
2025-03-04 08:00:00,34.725539031618176,1010.2,77.0,AWS-CHN-024,Chennai,CHN,center,True,drift
2025-03-04 09:00:00,37.400567401703334,1010.8,63.0,AWS-CHN-024,Chennai,CHN,center,True,drift
2025-03-04 10:00:00,39.875595771788504,1010.7,51.0,AWS-CHN-024,Chennai,CHN,center,True,drift
2025-03-04 11:00:00,41.450624141873675,1010.2,48.0,AWS-CHN-024,Chennai,CHN,center,True,drift
2025-03-04 12:00:00,41.42565251195884,1009.6,52.0,AWS-CHN-024,Chennai,CHN,center,True,drift
2025-03-04 13:00:00,41.70068088204401,1008.6,48.0,AWS-CHN-024,Chennai,CHN,center,True,drift
2025-03-04 14:00:00,32.6,1007.8,47.0,AWS-CHN-024,Chennai,CHN,center,False,
2025-03-04 15:00:00,31.7,1007.1,54.0,AWS-CHN-024,Chennai,CHN,center,False,
2025-03-04 16:00:00,30.8,1007.0,57.0,AWS-CHN-024,Chennai,CHN,center,False,
2025-03-04 17:00:00,29.7,1007.3,58.0,AWS-CHN-024,Chennai,CHN,center,False,
2025-03-04 18:00:00,28.2,1008.4,78.0,AWS-CHN-024,Chennai,CHN,center,False,
2025-03-04 19:00:00,27.7,1009.1,80.0,AWS-CHN-024,Chennai,CHN,center,False,
2025-03-04 20:00:00,27.5,1009.7,80.0,AWS-CHN-024,Chennai,CHN,center,False,
2025-03-04 21:00:00,27.2,1010.4,82.0,AWS-CHN-024,Chennai,CHN,center,False,
2025-03-04 22:00:00,26.8,1010.5,85.0,AWS-CHN-024,Chennai,CHN,center,False,
2025-03-04 23:00:00,26.3,1010.2,87.0,AWS-CHN-024,Chennai,CHN,center,False,
2025-03-05 00:00:00,26.0,1009.6,89.0,AWS-CHN-024,Chennai,CHN,center,False,
2025-03-05 01:00:00,25.6,1009.0,91.0,AWS-CHN-024,Chennai,CHN,center,False,
2025-03-05 02:00:00,24.9,1008.2,95.0,AWS-CHN-024,Chennai,CHN,center,False,
2025-03-05 03:00:00,24.4,1007.5,96.0,AWS-CHN-024,Chennai,CHN,center,False,
2025-03-05 04:00:00,24.1,1007.6,97.0,AWS-CHN-024,Chennai,CHN,center,False,
2025-03-05 05:00:00,23.9,1008.0,98.0,AWS-CHN-024,Chennai,CHN,center,False,
2025-03-05 06:00:00,24.9,1008.7,95.0,AWS-CHN-024,Chennai,CHN,center,False,
2025-03-05 07:00:00,25.8,1009.5,87.0,AWS-CHN-024,Chennai,CHN,center,False,
2025-03-05 08:00:00,27.3,1010.0,76.0,AWS-CHN-024,Chennai,CHN,center,False,
2025-03-05 09:00:00,29.5,1010.6,64.0,AWS-CHN-024,Chennai,CHN,center,False,
2025-03-05 10:00:00,31.9,1010.2,51.0,AWS-CHN-024,Chennai,CHN,center,False,
2025-03-05 11:00:00,33.9,1009.4,41.0,AWS-CHN-024,Chennai,CHN,center,False,
2025-03-05 12:00:00,34.5,1008.6,43.0,AWS-CHN-024,Chennai,CHN,center,False,
2025-03-05 13:00:00,33.9,1007.6,48.0,AWS-CHN-024,Chennai,CHN,center,False,
2025-03-05 14:00:00,33.8,1007.0,41.0,AWS-CHN-024,Chennai,CHN,center,False,
2025-03-05 15:00:00,32.8,1006.7,45.0,AWS-CHN-024,Chennai,CHN,center,False,
2025-03-05 16:00:00,31.5,1006.7,52.0,AWS-CHN-024,Chennai,CHN,center,False,
2025-03-05 17:00:00,29.8,1007.1,68.0,AWS-CHN-024,Chennai,CHN,center,False,
2025-03-05 18:00:00,28.5,1007.8,76.0,AWS-CHN-024,Chennai,CHN,center,False,
2025-03-05 19:00:00,27.9,1008.6,81.0,AWS-CHN-024,Chennai,CHN,center,False,
2025-03-05 20:00:00,27.6,1009.4,82.0,AWS-CHN-024,Chennai,CHN,center,False,
2025-03-05 21:00:00,27.2,1010.1,85.0,AWS-CHN-024,Chennai,CHN,center,False,
2025-03-05 22:00:00,27.0,1010.3,85.0,AWS-CHN-024,Chennai,CHN,center,False,
2025-03-05 23:00:00,26.6,1009.9,87.0,AWS-CHN-024,Chennai,CHN,center,False,
2025-03-06 00:00:00,26.2,1009.3,90.0,AWS-CHN-024,Chennai,CHN,center,False,
2025-03-06 01:00:00,25.5,1009.1,93.0,AWS-CHN-024,Chennai,CHN,center,False,
2025-03-06 02:00:00,24.7,1008.6,96.0,AWS-CHN-024,Chennai,CHN,center,False,
2025-03-06 03:00:00,24.3,1008.6,96.0,AWS-CHN-024,Chennai,CHN,center,False,
2025-03-06 04:00:00,24.0,1008.6,97.0,AWS-CHN-024,Chennai,CHN,center,False,
2025-03-06 05:00:00,23.6,1009.1,98.0,AWS-CHN-024,Chennai,CHN,center,False,
2025-03-06 06:00:00,24.7,1010.4,97.0,AWS-CHN-024,Chennai,CHN,center,False,
2025-03-06 07:00:00,25.6,1011.2,88.0,AWS-CHN-024,Chennai,CHN,center,False,
2025-03-06 08:00:00,27.3,1011.7,77.0,AWS-CHN-024,Chennai,CHN,center,False,
2025-03-06 09:00:00,30.1,1012.3,62.0,AWS-CHN-024,Chennai,CHN,center,False,
2025-03-06 10:00:00,32.9,1011.9,46.0,AWS-CHN-024,Chennai,CHN,center,False,
2025-03-06 11:00:00,15.23949316686125,1011.0,36.0,AWS-CHN-024,Chennai,CHN,center,True,spike
2025-03-06 12:00:00,35.2,1009.9,36.0,AWS-CHN-024,Chennai,CHN,center,False,
2025-03-06 13:00:00,34.9,1009.2,39.0,AWS-CHN-024,Chennai,CHN,center,False,
2025-03-06 14:00:00,34.9,1008.2,32.0,AWS-CHN-024,Chennai,CHN,center,False,
2025-03-06 15:00:00,34.1,1007.6,29.0,AWS-CHN-024,Chennai,CHN,center,False,
2025-03-06 16:00:00,32.9,1007.4,32.0,AWS-CHN-024,Chennai,CHN,center,False,
2025-03-06 17:00:00,30.8,1007.4,47.0,AWS-CHN-024,Chennai,CHN,center,False,
2025-03-06 18:00:00,29.2,1007.8,56.0,AWS-CHN-024,Chennai,CHN,center,False,
2025-03-06 19:00:00,28.6,1008.5,62.0,AWS-CHN-024,Chennai,CHN,center,False,
2025-03-06 20:00:00,28.5,1008.9,58.0,AWS-CHN-024,Chennai,CHN,center,False,
2025-03-06 21:00:00,27.9,1009.2,63.0,AWS-CHN-024,Chennai,CHN,center,False,
2025-03-06 22:00:00,27.3,1009.1,71.0,AWS-CHN-024,Chennai,CHN,center,False,
2025-03-06 23:00:00,26.4,1008.9,82.0,AWS-CHN-024,Chennai,CHN,center,False,
2025-03-07 00:00:00,25.6,1008.7,87.0,AWS-CHN-024,Chennai,CHN,center,False,
2025-03-07 01:00:00,24.9,1008.4,90.0,AWS-CHN-024,Chennai,CHN,center,False,
2025-03-07 02:00:00,24.3,1008.2,90.0,AWS-CHN-024,Chennai,CHN,center,False,
2025-03-07 03:00:00,23.6,1008.2,90.0,AWS-CHN-024,Chennai,CHN,center,False,
2025-03-07 04:00:00,23.1,1008.1,90.0,AWS-CHN-024,Chennai,CHN,center,False,
2025-03-07 05:00:00,22.8,1008.3,89.0,AWS-CHN-024,Chennai,CHN,center,False,
2025-03-07 06:00:00,23.2,1008.6,75.0,AWS-CHN-024,Chennai,CHN,center,False,
2025-03-07 07:00:00,24.6,1009.5,67.0,AWS-CHN-024,Chennai,CHN,center,False,
2025-03-07 08:00:00,27.2,1010.5,64.0,AWS-CHN-024,Chennai,CHN,center,False,
2025-03-07 09:00:00,29.5,1011.1,53.0,AWS-CHN-024,Chennai,CHN,center,False,
2025-03-07 10:00:00,31.7,1010.7,41.0,AWS-CHN-024,Chennai,CHN,center,False,
2025-03-07 11:00:00,33.1,1009.9,35.0,AWS-CHN-024,Chennai,CHN,center,False,
2025-03-07 12:00:00,33.1,1009.0,37.0,AWS-CHN-024,Chennai,CHN,center,False,
2025-03-07 13:00:00,32.6,1008.2,39.0,AWS-CHN-024,Chennai,CHN,center,False,
2025-03-07 14:00:00,31.9,1007.5,41.0,AWS-CHN-024,Chennai,CHN,center,False,
2025-03-07 15:00:00,30.8,1007.1,48.0,AWS-CHN-024,Chennai,CHN,center,False,
2025-03-07 16:00:00,29.7,1007.0,56.0,AWS-CHN-024,Chennai,CHN,center,False,
2025-03-07 17:00:00,28.3,1007.2,66.0,AWS-CHN-024,Chennai,CHN,center,False,
2025-03-07 18:00:00,27.2,1007.1,76.0,AWS-CHN-024,Chennai,CHN,center,False,
2025-03-07 19:00:00,26.9,1008.1,79.0,AWS-CHN-024,Chennai,CHN,center,False,
2025-03-07 20:00:00,26.8,1008.9,77.0,AWS-CHN-024,Chennai,CHN,center,False,
2025-03-07 21:00:00,26.7,1009.5,75.0,AWS-CHN-024,Chennai,CHN,center,False,
2025-03-07 22:00:00,26.3,1009.4,79.0,AWS-CHN-024,Chennai,CHN,center,False,
2025-03-07 23:00:00,26.1,1009.3,82.0,AWS-CHN-024,Chennai,CHN,center,False,
2025-03-08 00:00:00,25.8,1008.7,84.0,AWS-CHN-024,Chennai,CHN,center,False,
2025-03-08 01:00:00,25.0,1008.3,88.0,AWS-CHN-024,Chennai,CHN,center,False,
2025-03-08 02:00:00,24.5,1007.7,91.0,AWS-CHN-024,Chennai,CHN,center,False,
2025-03-08 03:00:00,24.1,1007.4,93.0,AWS-CHN-024,Chennai,CHN,center,False,
2025-03-08 04:00:00,23.5,1007.4,95.0,AWS-CHN-024,Chennai,CHN,center,False,
2025-03-08 05:00:00,23.1,1007.7,96.0,AWS-CHN-024,Chennai,CHN,center,False,
2025-03-08 06:00:00,23.5,1008.2,95.0,AWS-CHN-024,Chennai,CHN,center,False,
2025-03-08 07:00:00,,1009.2,87.0,AWS-CHN-024,Chennai,CHN,center,True,dropout
2025-03-08 08:00:00,26.8,1009.9,74.0,AWS-CHN-024,Chennai,CHN,center,False,
2025-03-08 09:00:00,28.9,1010.4,61.0,AWS-CHN-024,Chennai,CHN,center,False,
2025-03-08 10:00:00,31.1,1010.0,50.0,AWS-CHN-024,Chennai,CHN,center,False,
2025-03-08 11:00:00,32.8,1008.9,41.0,AWS-CHN-024,Chennai,CHN,center,False,
2025-03-08 12:00:00,32.9,1007.8,44.0,AWS-CHN-024,Chennai,CHN,center,False,
2025-03-08 13:00:00,32.3,1006.8,43.0,AWS-CHN-024,Chennai,CHN,center,True,drift
2025-03-08 14:00:00,32.287678267076224,1005.8,42.0,AWS-CHN-024,Chennai,CHN,center,True,drift
2025-03-08 15:00:00,32.075356534152455,1005.0,47.0,AWS-CHN-024,Chennai,CHN,center,True,drift
2025-03-08 16:00:00,31.263034801228677,1004.9,52.0,AWS-CHN-024,Chennai,CHN,center,True,drift
2025-03-08 17:00:00,30.050713068304905,1005.5,64.0,AWS-CHN-024,Chennai,CHN,center,True,drift
2025-03-08 18:00:00,29.338391335381132,1005.9,71.0,AWS-CHN-024,Chennai,CHN,center,True,drift
2025-03-08 19:00:00,29.12606960245736,1006.8,76.0,AWS-CHN-024,Chennai,CHN,center,True,drift
2025-03-08 20:00:00,29.113747869533587,1007.6,76.0,AWS-CHN-024,Chennai,CHN,center,True,drift
2025-03-08 21:00:00,29.101426136609813,1008.5,79.0,AWS-CHN-024,Chennai,CHN,center,True,drift
2025-03-08 22:00:00,28.98910440368604,1008.7,82.0,AWS-CHN-024,Chennai,CHN,center,True,drift
2025-03-08 23:00:00,29.076782670762267,1008.6,84.0,AWS-CHN-024,Chennai,CHN,center,True,drift
2025-03-09 00:00:00,29.06446093783849,1008.2,85.0,AWS-CHN-024,Chennai,CHN,center,True,drift
2025-03-09 01:00:00,29.05213920491472,1007.5,87.0,AWS-CHN-024,Chennai,CHN,center,True,drift
2025-03-09 02:00:00,28.639817471990945,1006.9,90.0,AWS-CHN-024,Chennai,CHN,center,True,drift
2025-03-09 03:00:00,28.127495739067175,1006.8847802845999,92.0,AWS-CHN-024,Chennai,CHN,center,True,drift
2025-03-09 04:00:00,28.1151740061434,1006.9071422056597,94.0,AWS-CHN-024,Chennai,CHN,center,True,drift
2025-03-09 05:00:00,28.002852273219624,1006.8987442339285,96.0,AWS-CHN-024,Chennai,CHN,center,True,drift
2025-03-09 06:00:00,28.690530540295853,1006.9284857760024,98.0,AWS-CHN-024,Chennai,CHN,center,True,drift
2025-03-09 07:00:00,29.97820880737208,1006.933033435864,93.0,AWS-CHN-024,Chennai,CHN,center,True,drift
2025-03-09 08:00:00,32.26588707444831,1006.9347788502763,81.0,AWS-CHN-024,Chennai,CHN,center,True,drift
2025-03-09 09:00:00,34.753565341524535,1006.9029035237861,66.0,AWS-CHN-024,Chennai,CHN,center,True,drift
2025-03-09 10:00:00,36.24124360860076,1006.9302246388853,60.0,AWS-CHN-024,Chennai,CHN,center,True,drift
2025-03-09 11:00:00,37.12892187567699,1010.3,57.0,AWS-CHN-024,Chennai,CHN,center,True,drift
2025-03-09 12:00:00,37.81660014275321,1009.3,54.0,AWS-CHN-024,Chennai,CHN,center,True,drift
2025-03-09 13:00:00,37.90427840982944,1008.4,53.0,AWS-CHN-024,Chennai,CHN,center,True,drift
2025-03-09 14:00:00,37.79195667690567,1007.7,55.0,AWS-CHN-024,Chennai,CHN,center,True,drift
2025-03-09 15:00:00,37.47963494398189,1007.4,57.0,AWS-CHN-024,Chennai,CHN,center,True,drift
2025-03-09 16:00:00,37.06731321105812,1007.8,60.0,AWS-CHN-024,Chennai,CHN,center,True,drift
2025-03-09 17:00:00,36.55499147813435,1008.1,63.0,AWS-CHN-024,Chennai,CHN,center,True,drift
2025-03-09 18:00:00,36.542669745210574,1008.4,64.0,AWS-CHN-024,Chennai,CHN,center,True,drift
2025-03-09 19:00:00,36.8303480122868,1009.8,63.0,AWS-CHN-024,Chennai,CHN,center,True,drift
2025-03-09 20:00:00,37.01802627936303,1010.7,64.0,AWS-CHN-024,Chennai,CHN,center,True,drift
2025-03-09 21:00:00,37.20570454643925,1011.6,65.0,AWS-CHN-024,Chennai,CHN,center,True,drift
2025-03-09 22:00:00,37.39338281351547,1011.8,67.0,AWS-CHN-024,Chennai,CHN,center,True,drift
2025-03-09 23:00:00,37.281061080591705,1011.7,69.0,AWS-CHN-024,Chennai,CHN,center,True,drift
2025-03-10 00:00:00,37.06873934766793,1011.1,71.0,AWS-CHN-024,Chennai,CHN,center,True,drift
2025-03-10 01:00:00,36.95641761474416,1010.6,72.0,AWS-CHN-024,Chennai,CHN,center,True,drift
2025-03-10 02:00:00,37.04409588182038,1009.9,69.0,AWS-CHN-024,Chennai,CHN,center,True,drift
2025-03-10 03:00:00,37.13177414889661,1009.5,67.0,AWS-CHN-024,Chennai,CHN,center,True,drift
2025-03-10 04:00:00,37.419452415972835,1009.7,64.0,AWS-CHN-024,Chennai,CHN,center,True,drift
2025-03-10 05:00:00,37.607130683049064,1010.1,63.0,AWS-CHN-024,Chennai,CHN,center,True,drift
2025-03-10 06:00:00,37.394808950125295,1011.5,80.0,AWS-CHN-024,Chennai,CHN,center,True,drift
2025-03-10 07:00:00,38.982487217201516,1012.5,72.0,AWS-CHN-024,Chennai,CHN,center,True,drift
2025-03-10 08:00:00,40.77016548427774,1013.2,59.0,AWS-CHN-024,Chennai,CHN,center,True,drift
2025-03-10 09:00:00,42.45784375135398,1013.8,49.0,AWS-CHN-024,Chennai,CHN,center,True,drift
2025-03-10 10:00:00,30.5,1014.0,45.0,AWS-CHN-024,Chennai,CHN,center,False,
2025-03-10 11:00:00,30.8,1013.5,47.0,AWS-CHN-024,Chennai,CHN,center,False,
2025-03-10 12:00:00,30.9,1012.0,48.0,AWS-CHN-024,Chennai,CHN,center,False,
2025-03-10 13:00:00,31.1,1010.5,46.0,AWS-CHN-024,Chennai,CHN,center,False,
2025-03-10 14:00:00,31.5,1009.1,46.0,AWS-CHN-024,Chennai,CHN,center,False,
2025-03-10 15:00:00,30.7,1008.6,,AWS-CHN-024,Chennai,CHN,center,True,dropout
2025-03-10 16:00:00,29.6,1008.7,57.0,AWS-CHN-024,Chennai,CHN,center,False,
2025-03-10 17:00:00,28.5,1009.6,60.0,AWS-CHN-024,Chennai,CHN,center,False,
2025-03-10 18:00:00,34.19761399014956,1002.3972423849251,46.13028399262616,AWS-CHN-024,Chennai,CHN,center,True,unstructured_anomaly
2025-03-10 19:00:00,22.34858509507839,1018.7623810243216,82.1505200988833,AWS-CHN-024,Chennai,CHN,center,True,unstructured_anomaly
2025-03-10 20:00:00,21.088563204063814,1020.6923961875054,49.44412396670765,AWS-CHN-024,Chennai,CHN,center,True,unstructured_anomaly
2025-03-10 21:00:00,20.823831862386793,1021.1698623262582,82.02820318924779,AWS-CHN-024,Chennai,CHN,center,True,unstructured_anomaly
2025-03-10 22:00:00,21.58678367104601,1019.9050986486529,47.98018953089452,AWS-CHN-024,Chennai,CHN,center,True,unstructured_anomaly
2025-03-10 23:00:00,20.639589417819778,1020.306668931438,86.38813641615958,AWS-CHN-024,Chennai,CHN,center,True,unstructured_anomaly
2025-03-11 00:00:00,21.37679712950399,1019.5680795871423,83.85445019010533,AWS-CHN-024,Chennai,CHN,center,True,unstructured_anomaly
2025-03-11 01:00:00,20.41203070911336,1017.1747507154574,52.84694613906096,AWS-CHN-024,Chennai,CHN,center,True,unstructured_anomaly
2025-03-11 02:00:00,27.2,1009.8,70.0,AWS-CHN-024,Chennai,CHN,center,False,
2025-03-11 03:00:00,27.2,1009.5,70.0,AWS-CHN-024,Chennai,CHN,center,False,
2025-03-11 04:00:00,27.2,1009.2,70.0,AWS-CHN-024,Chennai,CHN,center,False,
2025-03-11 05:00:00,27.2,1009.5,71.0,AWS-CHN-024,Chennai,CHN,center,False,
2025-03-11 06:00:00,27.2,1010.4,77.0,AWS-CHN-024,Chennai,CHN,center,False,
2025-03-11 07:00:00,28.0,1011.4,73.0,AWS-CHN-024,Chennai,CHN,center,False,
2025-03-11 08:00:00,29.0,1012.3,68.0,AWS-CHN-024,Chennai,CHN,center,False,
2025-03-11 09:00:00,30.0,1012.9,63.0,AWS-CHN-024,Chennai,CHN,center,False,
2025-03-11 10:00:00,27.0,1013.9,78.0,AWS-CHN-024,Chennai,CHN,center,False,
2025-03-11 11:00:00,27.7,1012.9,75.0,AWS-CHN-024,Chennai,CHN,center,False,
2025-03-11 12:00:00,29.0,1011.6,71.0,AWS-CHN-024,Chennai,CHN,center,False,
2025-03-11 13:00:00,29.5,1010.9,71.0,AWS-CHN-024,Chennai,CHN,center,False,
2025-03-11 14:00:00,27.4,1010.3,78.0,AWS-CHN-024,Chennai,CHN,center,False,
2025-03-11 15:00:00,26.4,1010.2,79.0,AWS-CHN-024,Chennai,CHN,center,False,
2025-03-11 16:00:00,26.0,1010.4,84.0,AWS-CHN-024,Chennai,CHN,center,False,
2025-03-11 17:00:00,26.2,1010.4,83.0,AWS-CHN-024,Chennai,CHN,center,False,
2025-03-11 18:00:00,25.1,1011.1,93.0,AWS-CHN-024,Chennai,CHN,center,False,
2025-03-11 19:00:00,25.0,1011.7,92.0,AWS-CHN-024,Chennai,CHN,center,False,
2025-03-11 20:00:00,25.0,1012.1,91.0,AWS-CHN-024,Chennai,CHN,center,False,
2025-03-11 21:00:00,25.1,1012.9,92.0,AWS-CHN-024,Chennai,CHN,center,False,
2025-03-11 22:00:00,24.8,1012.9,94.0,AWS-CHN-024,Chennai,CHN,center,False,
2025-03-11 23:00:00,24.5,1011.8,94.0,AWS-CHN-024,Chennai,CHN,center,False,
2025-03-12 00:00:00,24.4,1011.4,96.0,AWS-CHN-024,Chennai,CHN,center,False,
2025-03-12 01:00:00,24.3,1010.4,95.0,AWS-CHN-024,Chennai,CHN,center,False,
2025-03-12 02:00:00,24.0,1009.4,97.0,AWS-CHN-024,Chennai,CHN,center,False,
2025-03-12 03:00:00,24.0,1008.8,97.0,AWS-CHN-024,Chennai,CHN,center,False,
2025-03-12 04:00:00,24.0,1008.9,97.0,AWS-CHN-024,Chennai,CHN,center,False,
2025-03-12 05:00:00,24.1,1009.4,96.0,AWS-CHN-024,Chennai,CHN,center,False,
2025-03-12 06:00:00,24.9,1010.2,96.0,AWS-CHN-024,Chennai,CHN,center,False,
2025-03-12 07:00:00,15.906076237597619,1010.8,91.0,AWS-CHN-024,Chennai,CHN,center,True,spike
2025-03-12 08:00:00,27.0,1011.4,87.0,AWS-CHN-024,Chennai,CHN,center,False,
2025-03-12 09:00:00,28.4,1012.0,78.0,AWS-CHN-024,Chennai,CHN,center,False,
2025-03-12 10:00:00,29.6,1011.5,74.0,AWS-CHN-024,Chennai,CHN,center,False,
2025-03-12 11:00:00,29.7,1010.8,74.0,AWS-CHN-024,Chennai,CHN,center,False,
2025-03-12 12:00:00,30.0,1009.7,73.0,AWS-CHN-024,Chennai,CHN,center,False,
2025-03-12 13:00:00,30.1,1008.8,72.0,AWS-CHN-024,Chennai,CHN,center,False,
2025-03-12 14:00:00,29.9,1008.0,72.0,AWS-CHN-024,Chennai,CHN,center,False,
2025-03-12 15:00:00,29.5,1007.2,73.0,AWS-CHN-024,Chennai,CHN,center,False,
2025-03-12 16:00:00,28.9,1007.2,74.0,AWS-CHN-024,Chennai,CHN,center,False,
2025-03-12 17:00:00,28.1,1007.6,78.0,AWS-CHN-024,Chennai,CHN,center,False,
2025-03-12 18:00:00,27.4,1009.1,84.0,AWS-CHN-024,Chennai,CHN,center,False,
2025-03-12 19:00:00,26.7,1010.0,85.0,AWS-CHN-024,Chennai,CHN,center,False,
2025-03-12 20:00:00,26.5,1010.4,86.0,AWS-CHN-024,Chennai,CHN,center,False,
2025-03-12 21:00:00,26.3,1010.9,88.0,AWS-CHN-024,Chennai,CHN,center,False,
2025-03-12 22:00:00,25.8,1010.8,91.0,AWS-CHN-024,Chennai,CHN,center,False,
2025-03-12 23:00:00,25.5,1010.4,93.0,AWS-CHN-024,Chennai,CHN,center,False,
2025-03-13 00:00:00,25.2,1009.5,95.0,AWS-CHN-024,Chennai,CHN,center,False,
2025-03-13 01:00:00,24.8,1008.7,96.0,AWS-CHN-024,Chennai,CHN,center,False,
2025-03-13 02:00:00,24.5,1008.3,98.0,AWS-CHN-024,Chennai,CHN,center,False,
2025-03-13 03:00:00,24.3,1008.1,98.0,AWS-CHN-024,Chennai,CHN,center,False,
2025-03-13 04:00:00,24.0,1008.1,98.0,AWS-CHN-024,Chennai,CHN,center,False,
2025-03-13 05:00:00,24.0,1008.6,96.0,AWS-CHN-024,Chennai,CHN,center,False,
2025-03-13 06:00:00,24.9,1009.6,97.0,AWS-CHN-024,Chennai,CHN,center,False,
2025-03-13 07:00:00,25.8,1010.4,92.0,AWS-CHN-024,Chennai,CHN,center,False,
2025-03-13 08:00:00,27.8,1010.9,81.0,AWS-CHN-024,Chennai,CHN,center,False,
2025-03-13 09:00:00,30.1,1011.1,68.0,AWS-CHN-024,Chennai,CHN,center,False,
2025-03-13 10:00:00,31.9,1010.8,58.0,AWS-CHN-024,Chennai,CHN,center,False,
2025-03-13 11:00:00,33.1,1010.0,54.0,AWS-CHN-024,Chennai,CHN,center,False,
2025-03-13 12:00:00,33.3,1008.7,55.0,AWS-CHN-024,Chennai,CHN,center,False,
2025-03-13 13:00:00,33.1,1007.7,55.0,AWS-CHN-024,Chennai,CHN,center,False,
2025-03-13 14:00:00,32.3,1006.8,56.0,AWS-CHN-024,Chennai,CHN,center,False,
2025-03-13 15:00:00,31.5,1006.3,62.0,AWS-CHN-024,Chennai,CHN,center,True,frozen_value
2025-03-13 16:00:00,31.42031254772324,1006.3,66.0,AWS-CHN-024,Chennai,CHN,center,True,frozen_value
2025-03-13 17:00:00,31.380391653682032,1006.4,70.0,AWS-CHN-024,Chennai,CHN,center,True,frozen_value
2025-03-13 18:00:00,31.27883793430644,1006.9,79.0,AWS-CHN-024,Chennai,CHN,center,True,frozen_value
2025-03-13 19:00:00,31.256212266383375,1007.8,83.0,AWS-CHN-024,Chennai,CHN,center,True,frozen_value
2025-03-13 20:00:00,31.22357901007061,1008.6,84.0,AWS-CHN-024,Chennai,CHN,center,True,frozen_value
2025-03-13 21:00:00,31.2,1009.3,86.0,AWS-CHN-024,Chennai,CHN,center,True,frozen_value
2025-03-13 22:00:00,31.2,1009.3,89.0,AWS-CHN-024,Chennai,CHN,center,True,frozen_value
2025-03-13 23:00:00,31.2,1009.3,91.0,AWS-CHN-024,Chennai,CHN,center,True,frozen_value
2025-03-14 00:00:00,26.1,1008.8,94.0,AWS-CHN-024,Chennai,CHN,center,False,
2025-03-14 01:00:00,25.7,1008.3,95.0,AWS-CHN-024,Chennai,CHN,center,False,
2025-03-14 02:00:00,25.1,1007.9,97.0,AWS-CHN-024,Chennai,CHN,center,False,
2025-03-14 03:00:00,24.8,1007.6,98.0,AWS-CHN-024,Chennai,CHN,center,False,
2025-03-14 04:00:00,24.8,1007.8,98.0,AWS-CHN-024,Chennai,CHN,center,False,
2025-03-14 05:00:00,24.7,1008.5,97.0,AWS-CHN-024,Chennai,CHN,center,False,
2025-03-14 06:00:00,26.1,1009.3,95.0,AWS-CHN-024,Chennai,CHN,center,False,
2025-03-14 07:00:00,27.2,1010.6,84.0,AWS-CHN-024,Chennai,CHN,center,False,
2025-03-14 08:00:00,28.8,1011.4,13.136594222386897,AWS-CHN-024,Chennai,CHN,center,True,spike
2025-03-14 09:00:00,30.8,1011.5,63.0,AWS-CHN-024,Chennai,CHN,center,False,
2025-03-14 10:00:00,32.5,1011.3,55.0,AWS-CHN-024,Chennai,CHN,center,False,
2025-03-14 11:00:00,33.4,1010.4,53.0,AWS-CHN-024,Chennai,CHN,center,False,
2025-03-14 12:00:00,33.3,1009.2,58.0,AWS-CHN-024,Chennai,CHN,center,False,
2025-03-14 13:00:00,33.0,1008.2,55.0,AWS-CHN-024,Chennai,CHN,center,False,
2025-03-14 14:00:00,32.8,1007.3,50.0,AWS-CHN-024,Chennai,CHN,center,False,
2025-03-14 15:00:00,32.3,1006.7,51.0,AWS-CHN-024,Chennai,CHN,center,False,
2025-03-14 16:00:00,31.2,1006.7,56.0,AWS-CHN-024,Chennai,CHN,center,False,
2025-03-14 17:00:00,29.6,1007.0,69.0,AWS-CHN-024,Chennai,CHN,center,False,
2025-03-14 18:00:00,28.3,1007.7,78.0,AWS-CHN-024,Chennai,CHN,center,False,
2025-03-14 19:00:00,27.9,1008.7,81.0,AWS-CHN-024,Chennai,CHN,center,False,
2025-03-14 20:00:00,27.6,1009.4,81.0,AWS-CHN-024,Chennai,CHN,center,False,
2025-03-14 21:00:00,27.1,1009.9,84.0,AWS-CHN-024,Chennai,CHN,center,False,
2025-03-14 22:00:00,26.8,1009.9,85.0,AWS-CHN-024,Chennai,CHN,center,False,
2025-03-14 23:00:00,26.6,1009.9,86.0,AWS-CHN-024,Chennai,CHN,center,False,
2025-03-15 00:00:00,26.6,1009.5,86.0,AWS-CHN-024,Chennai,CHN,center,False,
2025-03-15 01:00:00,26.3,1008.9,87.0,AWS-CHN-024,Chennai,CHN,center,False,
2025-03-15 02:00:00,25.9,1008.5,88.0,AWS-CHN-024,Chennai,CHN,center,False,
2025-03-15 03:00:00,25.8,1008.4,89.0,AWS-CHN-024,Chennai,CHN,center,False,
2025-03-15 04:00:00,25.5,1008.6,89.0,AWS-CHN-024,Chennai,CHN,center,False,
2025-03-15 05:00:00,25.0,1009.1,91.0,AWS-CHN-024,Chennai,CHN,center,False,
2025-03-15 06:00:00,25.4,1010.0,93.0,AWS-CHN-024,Chennai,CHN,center,True,frozen_value
2025-03-15 07:00:00,25.273283332809676,1010.8,88.0,AWS-CHN-024,Chennai,CHN,center,True,frozen_value
2025-03-15 08:00:00,25.24407056237505,1011.5,75.0,AWS-CHN-024,Chennai,CHN,center,True,frozen_value
2025-03-15 09:00:00,25.260212127613606,1011.9,60.0,AWS-CHN-024,Chennai,CHN,center,True,frozen_value
2025-03-15 10:00:00,25.314847275872502,1011.5,49.0,AWS-CHN-024,Chennai,CHN,center,True,frozen_value
2025-03-15 11:00:00,25.3567434186778,1010.8,43.0,AWS-CHN-024,Chennai,CHN,center,True,frozen_value
2025-03-15 12:00:00,25.458807449039806,1009.9,47.0,AWS-CHN-024,Chennai,CHN,center,True,frozen_value
2025-03-15 13:00:00,25.506619192503933,1009.1,47.0,AWS-CHN-024,Chennai,CHN,center,True,frozen_value
2025-03-15 14:00:00,25.595114179018466,1008.2,44.0,AWS-CHN-024,Chennai,CHN,center,True,frozen_value
2025-03-15 15:00:00,32.4,1007.7,49.0,AWS-CHN-024,Chennai,CHN,center,False,
2025-03-15 16:00:00,31.1,1007.7,57.0,AWS-CHN-024,Chennai,CHN,center,False,
2025-03-15 17:00:00,29.8,1008.3,63.0,AWS-CHN-024,Chennai,CHN,center,False,
2025-03-15 18:00:00,28.7,1008.7,75.0,AWS-CHN-024,Chennai,CHN,center,False,
2025-03-15 19:00:00,28.3,1009.6,77.0,AWS-CHN-024,Chennai,CHN,center,False,
2025-03-15 20:00:00,-39.964589108100135,1010.5,78.0,AWS-CHN-024,Chennai,CHN,center,True,sensor_fail_low
2025-03-15 21:00:00,-40.04490690399626,1011.3,79.0,AWS-CHN-024,Chennai,CHN,center,True,sensor_fail_low
2025-03-15 22:00:00,-39.972420342927904,1011.5,80.0,AWS-CHN-024,Chennai,CHN,center,True,sensor_fail_low
2025-03-15 23:00:00,-40.031605134274066,1011.3,83.0,AWS-CHN-024,Chennai,CHN,center,True,sensor_fail_low
2025-03-16 00:00:00,27.1,1010.9,85.0,AWS-CHN-024,Chennai,CHN,center,False,
2025-03-16 01:00:00,26.4,1010.2,89.0,AWS-CHN-024,Chennai,CHN,center,False,
2025-03-16 02:00:00,26.0,1009.8,90.0,AWS-CHN-024,Chennai,CHN,center,False,
2025-03-16 03:00:00,25.7,1009.4,92.0,AWS-CHN-024,Chennai,CHN,center,False,
2025-03-16 04:00:00,25.4,1009.7,94.0,AWS-CHN-024,Chennai,CHN,center,False,
2025-03-16 05:00:00,25.1,1010.3,94.0,AWS-CHN-024,Chennai,CHN,center,False,
2025-03-16 06:00:00,25.8,1010.8,97.0,AWS-CHN-024,Chennai,CHN,center,False,
2025-03-16 07:00:00,26.7,1011.6,92.0,AWS-CHN-024,Chennai,CHN,center,False,
2025-03-16 08:00:00,28.6,1012.0,79.0,AWS-CHN-024,Chennai,CHN,center,False,
2025-03-16 09:00:00,30.6,1012.2,66.0,AWS-CHN-024,Chennai,CHN,center,False,
2025-03-16 10:00:00,32.2,1011.9,57.0,AWS-CHN-024,Chennai,CHN,center,False,
2025-03-16 11:00:00,32.7,1011.5,54.0,AWS-CHN-024,Chennai,CHN,center,False,
2025-03-16 12:00:00,32.9,1010.5,54.0,AWS-CHN-024,Chennai,CHN,center,False,
2025-03-16 13:00:00,32.8,1009.3,53.0,AWS-CHN-024,Chennai,CHN,center,False,
2025-03-16 14:00:00,32.5,1008.3,53.0,AWS-CHN-024,Chennai,CHN,center,False,
2025-03-16 15:00:00,32.0,1007.6,56.0,AWS-CHN-024,Chennai,CHN,center,False,
2025-03-16 16:00:00,31.1,1007.3,60.0,AWS-CHN-024,Chennai,CHN,center,False,
2025-03-16 17:00:00,30.0,1007.6,66.0,AWS-CHN-024,Chennai,CHN,center,False,
2025-03-16 18:00:00,29.1,1007.7,74.0,AWS-CHN-024,Chennai,CHN,center,False,
2025-03-16 19:00:00,28.9,1008.6,76.0,AWS-CHN-024,Chennai,CHN,center,False,
2025-03-16 20:00:00,28.6,1009.3,79.0,AWS-CHN-024,Chennai,CHN,center,False,
2025-03-16 21:00:00,28.4,1010.0,81.0,AWS-CHN-024,Chennai,CHN,center,False,
2025-03-16 22:00:00,28.1,1010.2,83.0,AWS-CHN-024,Chennai,CHN,center,False,
2025-03-16 23:00:00,27.9,1010.0,84.0,AWS-CHN-024,Chennai,CHN,center,False,
2025-03-17 00:00:00,27.6,1009.7,86.0,AWS-CHN-024,Chennai,CHN,center,False,
2025-03-17 01:00:00,27.3,1009.3,88.0,AWS-CHN-024,Chennai,CHN,center,False,
2025-03-17 02:00:00,26.7,1008.9,90.0,AWS-CHN-024,Chennai,CHN,center,False,
2025-03-17 03:00:00,26.2,1008.4,93.0,AWS-CHN-024,Chennai,CHN,center,False,
2025-03-17 04:00:00,25.9,1008.5,95.0,AWS-CHN-024,Chennai,CHN,center,False,
2025-03-17 05:00:00,26.0,1009.0,94.0,AWS-CHN-024,Chennai,CHN,center,False,
2025-03-17 06:00:00,27.1,1009.6,91.0,AWS-CHN-024,Chennai,CHN,center,False,
2025-03-17 07:00:00,28.0,1010.6,83.0,AWS-CHN-024,Chennai,CHN,center,False,
2025-03-17 08:00:00,29.7,1011.4,72.0,AWS-CHN-024,Chennai,CHN,center,False,
2025-03-17 09:00:00,32.0,1011.6,58.0,AWS-CHN-024,Chennai,CHN,center,False,
2025-03-17 10:00:00,33.6,1011.2,50.0,AWS-CHN-024,Chennai,CHN,center,False,
2025-03-17 11:00:00,34.0,1010.8,49.0,AWS-CHN-024,Chennai,CHN,center,False,
2025-03-17 12:00:00,32.8,1009.8,59.0,AWS-CHN-024,Chennai,CHN,center,False,
2025-03-17 13:00:00,32.8,1008.8,56.0,AWS-CHN-024,Chennai,CHN,center,False,
2025-03-17 14:00:00,32.5,1007.6,60.0,AWS-CHN-024,Chennai,CHN,center,False,
2025-03-17 15:00:00,32.1,1006.8,58.0,AWS-CHN-024,Chennai,CHN,center,False,
2025-03-17 16:00:00,40.680385992455015,1006.8493419149781,100.0,AWS-CHN-024,Chennai,CHN,center,True,multivariate_inconsistency
2025-03-17 17:00:00,39.38038599245501,1007.1883065833421,100.0,AWS-CHN-024,Chennai,CHN,center,True,multivariate_inconsistency
2025-03-17 18:00:00,38.180385992455015,1007.4049010498445,100.0,AWS-CHN-024,Chennai,CHN,center,True,multivariate_inconsistency
2025-03-17 19:00:00,28.8,1008.6,80.0,AWS-CHN-024,Chennai,CHN,center,False,
2025-03-17 20:00:00,28.6,1009.4,81.0,AWS-CHN-024,Chennai,CHN,center,False,
2025-03-17 21:00:00,28.3,1010.3,83.0,AWS-CHN-024,Chennai,CHN,center,False,
2025-03-17 22:00:00,28.1,1010.5,84.0,AWS-CHN-024,Chennai,CHN,center,False,
2025-03-17 23:00:00,27.8,1010.2,86.0,AWS-CHN-024,Chennai,CHN,center,False,
2025-03-18 00:00:00,27.5,1009.7,88.0,AWS-CHN-024,Chennai,CHN,center,False,
2025-03-18 01:00:00,27.2,1009.0,89.0,AWS-CHN-024,Chennai,CHN,center,False,
2025-03-18 02:00:00,26.8,1008.4,92.0,AWS-CHN-024,Chennai,CHN,center,False,
2025-03-18 03:00:00,26.4,1008.2,93.0,AWS-CHN-024,Chennai,CHN,center,False,
2025-03-18 04:00:00,26.1,1008.1,95.0,AWS-CHN-024,Chennai,CHN,center,False,
2025-03-18 05:00:00,25.9,1008.7,95.0,AWS-CHN-024,Chennai,CHN,center,False,
2025-03-18 06:00:00,27.2,1009.2,91.0,AWS-CHN-024,Chennai,CHN,center,False,
2025-03-18 07:00:00,28.0,1009.9,84.0,AWS-CHN-024,Chennai,CHN,center,False,
2025-03-18 08:00:00,29.7,1010.6,74.0,AWS-CHN-024,Chennai,CHN,center,False,
2025-03-18 09:00:00,31.5,1010.8,62.0,AWS-CHN-024,Chennai,CHN,center,False,
2025-03-18 10:00:00,32.6,1010.5,57.0,AWS-CHN-024,Chennai,CHN,center,False,
2025-03-18 11:00:00,33.1,1009.8,56.0,AWS-CHN-024,Chennai,CHN,center,False,
2025-03-18 12:00:00,33.0,1009.0,58.0,AWS-CHN-024,Chennai,CHN,center,False,
2025-03-18 13:00:00,32.9,1008.2,57.0,AWS-CHN-024,Chennai,CHN,center,False,
2025-03-18 14:00:00,32.7,1007.6,55.0,AWS-CHN-024,Chennai,CHN,center,False,
2025-03-18 15:00:00,32.1,1007.4,56.0,AWS-CHN-024,Chennai,CHN,center,False,
2025-03-18 16:00:00,31.2,1007.7,60.0,AWS-CHN-024,Chennai,CHN,center,False,
2025-03-18 17:00:00,30.0,1007.9,67.0,AWS-CHN-024,Chennai,CHN,center,False,
2025-03-18 18:00:00,29.1,1008.5,75.0,AWS-CHN-024,Chennai,CHN,center,False,
2025-03-18 19:00:00,28.9,1009.3,78.0,AWS-CHN-024,Chennai,CHN,center,False,
2025-03-18 20:00:00,28.7,1010.0,79.0,AWS-CHN-024,Chennai,CHN,center,False,
2025-03-18 21:00:00,28.5,1010.9,80.0,AWS-CHN-024,Chennai,CHN,center,False,
2025-03-18 22:00:00,28.2,1011.5,82.0,AWS-CHN-024,Chennai,CHN,center,False,
2025-03-18 23:00:00,27.9,1011.4,83.0,AWS-CHN-024,Chennai,CHN,center,False,
2025-03-19 00:00:00,27.7,1010.9,84.0,AWS-CHN-024,Chennai,CHN,center,False,
2025-03-19 01:00:00,27.4,1010.3,85.0,AWS-CHN-024,Chennai,CHN,center,False,
2025-03-19 02:00:00,27.2,1009.6,86.0,AWS-CHN-024,Chennai,CHN,center,False,
2025-03-19 03:00:00,27.0,1009.4,87.0,AWS-CHN-024,Chennai,CHN,center,False,
2025-03-19 04:00:00,26.7,1009.8,87.0,AWS-CHN-024,Chennai,CHN,center,False,
2025-03-19 05:00:00,26.5,1010.3,88.0,AWS-CHN-024,Chennai,CHN,center,False,
2025-03-19 06:00:00,26.4,1011.3,92.0,AWS-CHN-024,Chennai,CHN,center,False,
2025-03-19 07:00:00,27.6,1012.3,86.0,AWS-CHN-024,Chennai,CHN,center,False,
2025-03-19 08:00:00,29.5,1013.1,74.0,AWS-CHN-024,Chennai,CHN,center,False,
2025-03-19 09:00:00,31.3,1013.5,63.0,AWS-CHN-024,Chennai,CHN,center,False,
2025-03-19 10:00:00,32.6,1013.3,56.0,AWS-CHN-024,Chennai,CHN,center,False,
2025-03-19 11:00:00,33.2,1013.0,52.0,AWS-CHN-024,Chennai,CHN,center,False,
2025-03-19 12:00:00,33.4,1011.9,50.0,AWS-CHN-024,Chennai,CHN,center,False,
2025-03-19 13:00:00,33.3,1010.9,51.0,AWS-CHN-024,Chennai,CHN,center,False,
2025-03-19 14:00:00,32.7,1009.8,55.0,AWS-CHN-024,Chennai,CHN,center,False,
2025-03-19 15:00:00,32.0,1009.3,60.0,AWS-CHN-024,Chennai,CHN,center,False,
2025-03-19 16:00:00,31.1,1009.2,64.0,AWS-CHN-024,Chennai,CHN,center,False,
2025-03-19 17:00:00,30.1,1009.4,69.0,AWS-CHN-024,Chennai,CHN,center,True,drift
2025-03-19 18:00:00,29.3,1010.1171813274065,77.0,AWS-CHN-024,Chennai,CHN,center,True,drift
2025-03-19 19:00:00,29.0,1011.1645895654622,78.0,AWS-CHN-024,Chennai,CHN,center,True,drift
2025-03-19 20:00:00,28.9,1012.3403432110603,79.0,AWS-CHN-024,Chennai,CHN,center,True,drift
2025-03-19 21:00:00,28.7,1013.0434981430002,79.0,AWS-CHN-024,Chennai,CHN,center,True,drift
2025-03-19 22:00:00,28.4,1013.5734146256084,81.0,AWS-CHN-024,Chennai,CHN,center,True,drift
2025-03-19 23:00:00,28.1,1013.5296098358256,83.0,AWS-CHN-024,Chennai,CHN,center,True,drift
2025-03-20 00:00:00,27.8,1013.41169695697,85.0,AWS-CHN-024,Chennai,CHN,center,True,drift
2025-03-20 01:00:00,27.5,1013.0193539514473,87.0,AWS-CHN-024,Chennai,CHN,center,True,drift
2025-03-20 02:00:00,27.3,1012.9523053971484,87.0,AWS-CHN-024,Chennai,CHN,center,True,drift
2025-03-20 03:00:00,27.2,1012.9103109918526,85.0,AWS-CHN-024,Chennai,CHN,center,True,drift
2025-03-20 04:00:00,27.2,1013.3931578204458,84.0,AWS-CHN-024,Chennai,CHN,center,True,drift
2025-03-20 05:00:00,27.0,1014.4006549068794,84.0,AWS-CHN-024,Chennai,CHN,center,True,drift
2025-03-20 06:00:00,27.4,1015.232629233431,83.0,AWS-CHN-024,Chennai,CHN,center,True,drift
2025-03-20 07:00:00,28.6,1016.2889227451376,76.0,AWS-CHN-024,Chennai,CHN,center,True,drift
2025-03-20 08:00:00,30.2,1017.3693900400575,66.0,AWS-CHN-024,Chennai,CHN,center,True,drift
2025-03-20 09:00:00,31.5,1018.1738965515392,59.0,AWS-CHN-024,Chennai,CHN,center,True,drift
2025-03-20 10:00:00,32.7,1018.6023170925172,51.0,AWS-CHN-024,Chennai,CHN,center,True,drift
2025-03-20 11:00:00,33.4,1018.1545346720501,47.0,AWS-CHN-024,Chennai,CHN,center,True,drift
2025-03-20 12:00:00,33.6,1017.530439520468,45.0,AWS-CHN-024,Chennai,CHN,center,True,drift
2025-03-20 13:00:00,33.3,1017.0299282770251,47.0,AWS-CHN-024,Chennai,CHN,center,True,drift
2025-03-20 14:00:00,32.6,1016.5529033059961,51.0,AWS-CHN-024,Chennai,CHN,center,True,drift
2025-03-20 15:00:00,31.7,1016.4992721156143,57.0,AWS-CHN-024,Chennai,CHN,center,True,drift
2025-03-20 16:00:00,30.9,1016.8689468603087,61.0,AWS-CHN-024,Chennai,CHN,center,True,drift
2025-03-20 17:00:00,30.0,1017.56184391112,64.0,AWS-CHN-024,Chennai,CHN,center,True,drift
2025-03-20 18:00:00,29.4,1011.0,71.0,AWS-CHN-024,Chennai,CHN,center,False,
2025-03-20 19:00:00,29.1,1011.9,74.0,AWS-CHN-024,Chennai,CHN,center,False,
2025-03-20 20:00:00,29.0,1012.7,74.0,AWS-CHN-024,Chennai,CHN,center,False,
2025-03-20 21:00:00,28.7,1013.4,75.0,AWS-CHN-024,Chennai,CHN,center,False,
2025-03-20 22:00:00,28.5,1013.7,76.0,AWS-CHN-024,Chennai,CHN,center,False,
2025-03-20 23:00:00,28.3,1013.4,77.0,AWS-CHN-024,Chennai,CHN,center,False,
2025-03-21 00:00:00,28.1,1013.0,78.0,AWS-CHN-024,Chennai,CHN,center,False,
2025-03-21 01:00:00,28.0,1012.4,78.0,AWS-CHN-024,Chennai,CHN,center,False,
2025-03-21 02:00:00,27.9,1011.9,78.0,AWS-CHN-024,Chennai,CHN,center,False,
2025-03-21 03:00:00,27.8,1011.7,78.0,AWS-CHN-024,Chennai,CHN,center,False,
2025-03-21 04:00:00,27.7,1012.0,79.0,AWS-CHN-024,Chennai,CHN,center,False,
2025-03-21 05:00:00,27.4,1012.4,80.0,AWS-CHN-024,Chennai,CHN,center,False,
2025-03-21 06:00:00,28.0,1013.4,80.0,AWS-CHN-024,Chennai,CHN,center,False,
2025-03-21 07:00:00,29.0,1014.0,73.0,AWS-CHN-024,Chennai,CHN,center,False,
2025-03-21 08:00:00,30.3,1014.7,65.0,AWS-CHN-024,Chennai,CHN,center,False,
2025-03-21 09:00:00,31.4,1014.8,59.0,AWS-CHN-024,Chennai,CHN,center,False,
2025-03-21 10:00:00,32.3,1014.7,55.0,AWS-CHN-024,Chennai,CHN,center,False,
2025-03-21 11:00:00,32.9,1014.1,52.0,AWS-CHN-024,Chennai,CHN,center,False,
2025-03-21 12:00:00,33.2,1012.7,50.0,AWS-CHN-024,Chennai,CHN,center,False,
2025-03-21 13:00:00,-40.00633188436325,1011.7,52.0,AWS-CHN-024,Chennai,CHN,center,True,sensor_fail_low
2025-03-21 14:00:00,-40.00669407280317,1010.7,55.0,AWS-CHN-024,Chennai,CHN,center,True,sensor_fail_low
2025-03-21 15:00:00,-40.01545411847453,1010.0,59.0,AWS-CHN-024,Chennai,CHN,center,True,sensor_fail_low
2025-03-21 16:00:00,-39.995038697858625,1009.8,63.0,AWS-CHN-024,Chennai,CHN,center,True,sensor_fail_low
2025-03-21 17:00:00,29.8,1009.9,67.0,AWS-CHN-024,Chennai,CHN,center,False,
2025-03-21 18:00:00,29.2,1010.7,74.0,AWS-CHN-024,Chennai,CHN,center,False,
2025-03-21 19:00:00,29.0,1011.1,76.0,AWS-CHN-024,Chennai,CHN,center,False,
2025-03-21 20:00:00,28.8,1011.7,77.0,AWS-CHN-024,Chennai,CHN,center,False,
2025-03-21 21:00:00,28.6,1012.3,78.0,AWS-CHN-024,Chennai,CHN,center,False,
2025-03-21 22:00:00,28.4,1012.4,79.0,AWS-CHN-024,Chennai,CHN,center,False,
2025-03-21 23:00:00,28.2,1012.1,80.0,AWS-CHN-024,Chennai,CHN,center,False,
2025-03-22 00:00:00,28.0,1011.6,83.0,AWS-CHN-024,Chennai,CHN,center,False,
2025-03-22 01:00:00,27.8,1010.9,84.0,AWS-CHN-024,Chennai,CHN,center,False,
2025-03-22 02:00:00,27.8,1010.3,84.0,AWS-CHN-024,Chennai,CHN,center,False,
2025-03-22 03:00:00,27.6,1010.0,85.0,AWS-CHN-024,Chennai,CHN,center,False,
2025-03-22 04:00:00,27.2,1010.0,86.0,AWS-CHN-024,Chennai,CHN,center,False,
2025-03-22 05:00:00,27.0,1010.7,87.0,AWS-CHN-024,Chennai,CHN,center,False,
2025-03-22 06:00:00,27.9,1011.7,83.0,AWS-CHN-024,Chennai,CHN,center,False,
2025-03-22 07:00:00,28.7,1012.7,79.0,AWS-CHN-024,Chennai,CHN,center,False,
2025-03-22 08:00:00,38.43590732497289,1014.2000822694577,100.0,AWS-CHN-024,Chennai,CHN,center,True,multivariate_inconsistency
2025-03-22 09:00:00,39.63590732497289,1013.5360101235987,100.0,AWS-CHN-024,Chennai,CHN,center,True,multivariate_inconsistency
2025-03-22 10:00:00,40.5359073249729,1013.6938216446434,98.57869253567623,AWS-CHN-024,Chennai,CHN,center,True,multivariate_inconsistency
2025-03-22 11:00:00,40.93590732497289,1012.929720614735,95.2092754328761,AWS-CHN-024,Chennai,CHN,center,True,multivariate_inconsistency
2025-03-22 12:00:00,41.2359073249729,1011.8224229217284,93.5063783985155,AWS-CHN-024,Chennai,CHN,center,True,multivariate_inconsistency
2025-03-22 13:00:00,32.5,1010.6,57.0,AWS-CHN-024,Chennai,CHN,center,False,
2025-03-22 14:00:00,32.3,1009.9,59.0,AWS-CHN-024,Chennai,CHN,center,False,
2025-03-22 15:00:00,31.1,1009.4,64.0,AWS-CHN-024,Chennai,CHN,center,False,
2025-03-22 16:00:00,30.5,1009.1,66.0,AWS-CHN-024,Chennai,CHN,center,False,
2025-03-22 17:00:00,30.0,1009.5,70.0,AWS-CHN-024,Chennai,CHN,center,False,
2025-03-22 18:00:00,29.4,1010.4,74.0,AWS-CHN-024,Chennai,CHN,center,False,
2025-03-22 19:00:00,29.0,1011.6,78.0,AWS-CHN-024,Chennai,CHN,center,False,
2025-03-22 20:00:00,28.7,1012.1,80.0,AWS-CHN-024,Chennai,CHN,center,False,
2025-03-22 21:00:00,28.5,1012.5,82.0,AWS-CHN-024,Chennai,CHN,center,False,
2025-03-22 22:00:00,28.2,1012.7,83.0,AWS-CHN-024,Chennai,CHN,center,False,
2025-03-22 23:00:00,28.0,1012.5,84.0,AWS-CHN-024,Chennai,CHN,center,False,
2025-03-23 00:00:00,27.8,1012.1,86.0,AWS-CHN-024,Chennai,CHN,center,False,
2025-03-23 01:00:00,27.5,1010.9,86.0,AWS-CHN-024,Chennai,CHN,center,False,
2025-03-23 02:00:00,27.2,1010.4,87.0,AWS-CHN-024,Chennai,CHN,center,False,
2025-03-23 03:00:00,27.2,1009.9,86.0,AWS-CHN-024,Chennai,CHN,center,False,
2025-03-23 04:00:00,33.35444284253319,1002.5419556570677,70.47509216739945,AWS-CHN-024,Chennai,CHN,center,True,unstructured_anomaly
2025-03-23 05:00:00,20.85587493745013,1017.3061716956986,68.25706678206689,AWS-CHN-024,Chennai,CHN,center,True,unstructured_anomaly
2025-03-23 06:00:00,22.49994413225211,1019.9804331389308,95.0,AWS-CHN-024,Chennai,CHN,center,True,unstructured_anomaly
2025-03-23 07:00:00,35.96728483588268,1005.8028421683375,90.74774685641553,AWS-CHN-024,Chennai,CHN,center,True,unstructured_anomaly
2025-03-23 08:00:00,30.5,1013.5,64.0,AWS-CHN-024,Chennai,CHN,center,False,
2025-03-23 09:00:00,31.4,1013.8,59.0,AWS-CHN-024,Chennai,CHN,center,False,
2025-03-23 10:00:00,32.1,1013.4,55.0,AWS-CHN-024,Chennai,CHN,center,False,
2025-03-23 11:00:00,32.6,1012.8,53.0,AWS-CHN-024,Chennai,CHN,center,False,
2025-03-23 12:00:00,32.8,1011.7,53.0,AWS-CHN-024,Chennai,CHN,center,False,
2025-03-23 13:00:00,32.9,1010.7,53.0,AWS-CHN-024,Chennai,CHN,center,False,
2025-03-23 14:00:00,32.3,1009.8,55.0,AWS-CHN-024,Chennai,CHN,center,False,
2025-03-23 15:00:00,31.8,1009.5,57.0,AWS-CHN-024,Chennai,CHN,center,False,
2025-03-23 16:00:00,30.9,1009.4,62.0,AWS-CHN-024,Chennai,CHN,center,False,
2025-03-23 17:00:00,30.1,1009.8,66.0,AWS-CHN-024,Chennai,CHN,center,False,
2025-03-23 18:00:00,29.4,1010.2,72.0,AWS-CHN-024,Chennai,CHN,center,False,
2025-03-23 19:00:00,29.2,1011.2,74.0,AWS-CHN-024,Chennai,CHN,center,False,
2025-03-23 20:00:00,28.9,1012.0,77.0,AWS-CHN-024,Chennai,CHN,center,False,
2025-03-23 21:00:00,28.7,1012.5,78.0,AWS-CHN-024,Chennai,CHN,center,False,
2025-03-23 22:00:00,28.5,1012.3,79.0,AWS-CHN-024,Chennai,CHN,center,False,
2025-03-23 23:00:00,28.2,1012.2,80.0,AWS-CHN-024,Chennai,CHN,center,False,
2025-03-24 00:00:00,27.9,1011.7,82.0,AWS-CHN-024,Chennai,CHN,center,False,
2025-03-24 01:00:00,27.3,1010.9,86.0,AWS-CHN-024,Chennai,CHN,center,False,
2025-03-24 02:00:00,27.0,1010.2,88.0,AWS-CHN-024,Chennai,CHN,center,False,
2025-03-24 03:00:00,26.7,1009.9,89.0,AWS-CHN-024,Chennai,CHN,center,False,
2025-03-24 04:00:00,26.6,1010.2,90.0,AWS-CHN-024,Chennai,CHN,center,False,
2025-03-24 05:00:00,26.2,1011.1,92.0,AWS-CHN-024,Chennai,CHN,center,False,
2025-03-24 06:00:00,27.2,1011.6,88.0,AWS-CHN-024,Chennai,CHN,center,False,
2025-03-24 07:00:00,28.1,1012.6,83.0,AWS-CHN-024,Chennai,CHN,center,False,
2025-03-24 08:00:00,29.2,1013.3,76.0,AWS-CHN-024,Chennai,CHN,center,False,
2025-03-24 09:00:00,30.4,1013.7,68.0,AWS-CHN-024,Chennai,CHN,center,False,
2025-03-24 10:00:00,31.3,1013.2,63.0,AWS-CHN-024,Chennai,CHN,center,False,
2025-03-24 11:00:00,31.8,1012.4,58.0,AWS-CHN-024,Chennai,CHN,center,False,
2025-03-24 12:00:00,32.0,1011.2,56.0,AWS-CHN-024,Chennai,CHN,center,False,
2025-03-24 13:00:00,31.8,1010.1,58.0,AWS-CHN-024,Chennai,CHN,center,False,
2025-03-24 14:00:00,31.3,1009.1,60.0,AWS-CHN-024,Chennai,CHN,center,False,
2025-03-24 15:00:00,30.9,1008.6,62.0,AWS-CHN-024,Chennai,CHN,center,False,
2025-03-24 16:00:00,30.4,1008.3,64.0,AWS-CHN-024,Chennai,CHN,center,False,
2025-03-24 17:00:00,29.5,1008.6,69.0,AWS-CHN-024,Chennai,CHN,center,False,
2025-03-24 18:00:00,28.9,1009.4,75.0,AWS-CHN-024,Chennai,CHN,center,False,
2025-03-24 19:00:00,28.8,1010.4,76.0,AWS-CHN-024,Chennai,CHN,center,False,
2025-03-24 20:00:00,28.6,1011.1,77.0,AWS-CHN-024,Chennai,CHN,center,False,
2025-03-24 21:00:00,28.3,1011.7,79.0,AWS-CHN-024,Chennai,CHN,center,False,
2025-03-24 22:00:00,28.1,1011.5,80.0,AWS-CHN-024,Chennai,CHN,center,False,
2025-03-24 23:00:00,27.7,1010.9,81.0,AWS-CHN-024,Chennai,CHN,center,False,
2025-03-25 00:00:00,27.2,1010.0,83.0,AWS-CHN-024,Chennai,CHN,center,False,
2025-03-25 01:00:00,26.5,1009.1,87.0,AWS-CHN-024,Chennai,CHN,center,False,
2025-03-25 02:00:00,26.1,1008.4,89.0,AWS-CHN-024,Chennai,CHN,center,False,
2025-03-25 03:00:00,25.8,1008.1,90.0,AWS-CHN-024,Chennai,CHN,center,False,
2025-03-25 04:00:00,25.1,1007.9,94.0,AWS-CHN-024,Chennai,CHN,center,False,
2025-03-25 05:00:00,24.9,1008.3,96.0,AWS-CHN-024,Chennai,CHN,center,False,
2025-03-25 06:00:00,26.2,1009.2,93.0,AWS-CHN-024,Chennai,CHN,center,False,
2025-03-25 07:00:00,27.4,1009.9,84.0,AWS-CHN-024,Chennai,CHN,center,False,
2025-03-25 08:00:00,29.1,1010.7,74.0,AWS-CHN-024,Chennai,CHN,center,False,
2025-03-25 09:00:00,30.9,1010.8,63.0,AWS-CHN-024,Chennai,CHN,center,False,
2025-03-25 10:00:00,32.3,1010.2,56.0,AWS-CHN-024,Chennai,CHN,center,False,
2025-03-25 11:00:00,32.6,1009.6,56.0,AWS-CHN-024,Chennai,CHN,center,False,
2025-03-25 12:00:00,31.9,1008.6,58.0,AWS-CHN-024,Chennai,CHN,center,False,
2025-03-25 13:00:00,32.0,1007.6,56.0,AWS-CHN-024,Chennai,CHN,center,False,
2025-03-25 14:00:00,31.9,1006.7,54.0,AWS-CHN-024,Chennai,CHN,center,False,
2025-03-25 15:00:00,31.7,1006.0,51.0,AWS-CHN-024,Chennai,CHN,center,False,
2025-03-25 16:00:00,30.9,1005.7,57.0,AWS-CHN-024,Chennai,CHN,center,False,
2025-03-25 17:00:00,29.7,1006.0,66.0,AWS-CHN-024,Chennai,CHN,center,False,
2025-03-25 18:00:00,28.8,1006.6,70.0,AWS-CHN-024,Chennai,CHN,center,False,
2025-03-25 19:00:00,28.5,1007.5,73.0,AWS-CHN-024,Chennai,CHN,center,False,
2025-03-25 20:00:00,28.2,1008.2,75.0,AWS-CHN-024,Chennai,CHN,center,False,
2025-03-25 21:00:00,28.1,1008.9,76.0,AWS-CHN-024,Chennai,CHN,center,False,
2025-03-25 22:00:00,27.8,1008.6,77.0,AWS-CHN-024,Chennai,CHN,center,False,
2025-03-25 23:00:00,27.4,1008.0,79.0,AWS-CHN-024,Chennai,CHN,center,False,
2025-03-26 00:00:00,27.0,1007.4,81.0,AWS-CHN-024,Chennai,CHN,center,False,
2025-03-26 01:00:00,26.2,1006.8,85.0,AWS-CHN-024,Chennai,CHN,center,False,
2025-03-26 02:00:00,25.8,1006.3,88.0,AWS-CHN-024,Chennai,CHN,center,False,
2025-03-26 03:00:00,25.7,1006.2,88.0,AWS-CHN-024,Chennai,CHN,center,False,
2025-03-26 04:00:00,25.2,1006.5,91.0,AWS-CHN-024,Chennai,CHN,center,False,
2025-03-26 05:00:00,24.7,1007.1,92.0,AWS-CHN-024,Chennai,CHN,center,False,
2025-03-26 06:00:00,26.2,1007.6,89.0,AWS-CHN-024,Chennai,CHN,center,False,
2025-03-26 07:00:00,27.6,1008.3,80.0,AWS-CHN-024,Chennai,CHN,center,False,
2025-03-26 08:00:00,29.3,1009.0,71.0,AWS-CHN-024,Chennai,CHN,center,False,
2025-03-26 09:00:00,31.0,1009.3,60.0,AWS-CHN-024,Chennai,CHN,center,False,
2025-03-26 10:00:00,32.4,1008.8,53.0,AWS-CHN-024,Chennai,CHN,center,False,
2025-03-26 11:00:00,33.2,1008.3,50.0,AWS-CHN-024,Chennai,CHN,center,False,
2025-03-26 12:00:00,33.2,1007.4,48.0,AWS-CHN-024,Chennai,CHN,center,False,
2025-03-26 13:00:00,32.9,1006.4,50.0,AWS-CHN-024,Chennai,CHN,center,False,
2025-03-26 14:00:00,32.6,1005.6,50.0,AWS-CHN-024,Chennai,CHN,center,False,
2025-03-26 15:00:00,32.3,1005.0,48.0,AWS-CHN-024,Chennai,CHN,center,False,
2025-03-26 16:00:00,31.3,1004.6,55.0,AWS-CHN-024,Chennai,CHN,center,False,
2025-03-26 17:00:00,30.0,1005.0,64.0,AWS-CHN-024,Chennai,CHN,center,False,
2025-03-26 18:00:00,29.0,1005.5,70.0,AWS-CHN-024,Chennai,CHN,center,False,
2025-03-26 19:00:00,28.6,1006.3,75.0,AWS-CHN-024,Chennai,CHN,center,False,
2025-03-26 20:00:00,28.4,1007.3,76.0,AWS-CHN-024,Chennai,CHN,center,False,
2025-03-26 21:00:00,28.3,1008.2,79.0,AWS-CHN-024,Chennai,CHN,center,False,
2025-03-26 22:00:00,28.1,1008.3,79.0,AWS-CHN-024,Chennai,CHN,center,False,
2025-03-26 23:00:00,27.8,1008.2,81.0,AWS-CHN-024,Chennai,CHN,center,False,
2025-03-27 00:00:00,27.4,1007.6,83.0,AWS-CHN-024,Chennai,CHN,center,False,
2025-03-27 01:00:00,26.8,1006.9,87.0,AWS-CHN-024,Chennai,CHN,center,False,
2025-03-27 02:00:00,26.5,1006.3,89.0,AWS-CHN-024,Chennai,CHN,center,False,
2025-03-27 03:00:00,26.1,1006.2,91.0,AWS-CHN-024,Chennai,CHN,center,False,
2025-03-27 04:00:00,25.5,1006.1,94.0,AWS-CHN-024,Chennai,CHN,center,False,
2025-03-27 05:00:00,25.3,1006.6,94.0,AWS-CHN-024,Chennai,CHN,center,False,
2025-03-27 06:00:00,26.3,1007.5,91.0,AWS-CHN-024,Chennai,CHN,center,False,
2025-03-27 07:00:00,27.6,1008.2,82.0,AWS-CHN-024,Chennai,CHN,center,False,
2025-03-27 08:00:00,29.4,1008.7,71.0,AWS-CHN-024,Chennai,CHN,center,True,frozen_value
2025-03-27 09:00:00,31.5,1008.670121242576,58.0,AWS-CHN-024,Chennai,CHN,center,True,frozen_value
2025-03-27 10:00:00,33.9,1008.6376184179779,45.0,AWS-CHN-024,Chennai,CHN,center,True,frozen_value
2025-03-27 11:00:00,35.7,1008.5608229387392,36.0,AWS-CHN-024,Chennai,CHN,center,True,frozen_value
2025-03-27 12:00:00,35.9,1008.5526406802257,36.0,AWS-CHN-024,Chennai,CHN,center,True,frozen_value
2025-03-27 13:00:00,34.5,1008.5772159588124,53.0,AWS-CHN-024,Chennai,CHN,center,True,frozen_value
2025-03-27 14:00:00,34.2,1008.5702383531195,50.0,AWS-CHN-024,Chennai,CHN,center,True,frozen_value
2025-03-27 15:00:00,33.4,1003.8,49.0,AWS-CHN-024,Chennai,CHN,center,False,
2025-03-27 16:00:00,32.2,1003.7,54.0,AWS-CHN-024,Chennai,CHN,center,False,
2025-03-27 17:00:00,31.1,1003.8,54.0,AWS-CHN-024,Chennai,CHN,center,False,
2025-03-27 18:00:00,29.8,1003.9,63.0,AWS-CHN-024,Chennai,CHN,center,False,
2025-03-27 19:00:00,29.2,1004.8,73.0,AWS-CHN-024,Chennai,CHN,center,False,
2025-03-27 20:00:00,29.1,1005.7,73.0,AWS-CHN-024,Chennai,CHN,center,False,
2025-03-27 21:00:00,28.7,1006.5,77.0,AWS-CHN-024,Chennai,CHN,center,False,
2025-03-27 22:00:00,28.3,1006.9,80.0,AWS-CHN-024,Chennai,CHN,center,False,
2025-03-27 23:00:00,28.0,1006.7,82.0,AWS-CHN-024,Chennai,CHN,center,False,
2025-03-28 00:00:00,27.7,1006.2,84.0,AWS-CHN-024,Chennai,CHN,center,False,
2025-03-28 01:00:00,27.2,1005.7,87.0,AWS-CHN-024,Chennai,CHN,center,False,
2025-03-28 02:00:00,26.2,1005.3,90.0,AWS-CHN-024,Chennai,CHN,center,False,
2025-03-28 03:00:00,25.7,1005.3,88.0,AWS-CHN-024,Chennai,CHN,center,False,
2025-03-28 04:00:00,25.5,1005.4,87.0,AWS-CHN-024,Chennai,CHN,center,False,
2025-03-28 05:00:00,25.4,1005.9,86.0,AWS-CHN-024,Chennai,CHN,center,False,
2025-03-28 06:00:00,26.4,1006.4,89.0,AWS-CHN-024,Chennai,CHN,center,False,
2025-03-28 07:00:00,27.6,1007.0,84.0,AWS-CHN-024,Chennai,CHN,center,False,
2025-03-28 08:00:00,29.9,1007.7,69.0,AWS-CHN-024,Chennai,CHN,center,False,
2025-03-28 09:00:00,32.8,1008.0,49.0,AWS-CHN-024,Chennai,CHN,center,False,
2025-03-28 10:00:00,35.0,1007.9,37.0,AWS-CHN-024,Chennai,CHN,center,False,
2025-03-28 11:00:00,36.3,1007.0,34.0,AWS-CHN-024,Chennai,CHN,center,False,
2025-03-28 12:00:00,36.0,1005.8,43.0,AWS-CHN-024,Chennai,CHN,center,False,
2025-03-28 13:00:00,35.1,1004.6,48.0,AWS-CHN-024,Chennai,CHN,center,False,
2025-03-28 14:00:00,34.8,1003.6,42.0,AWS-CHN-024,Chennai,CHN,center,False,
2025-03-28 15:00:00,33.7,1003.3,44.0,AWS-CHN-024,Chennai,CHN,center,False,
2025-03-28 16:00:00,32.5,1003.3,53.0,AWS-CHN-024,Chennai,CHN,center,False,
2025-03-28 17:00:00,31.0,1003.7,61.0,AWS-CHN-024,Chennai,CHN,center,False,
2025-03-28 18:00:00,30.1,1003.9,71.0,AWS-CHN-024,Chennai,CHN,center,False,
2025-03-28 19:00:00,29.5,1004.7,78.0,AWS-CHN-024,Chennai,CHN,center,False,
2025-03-28 20:00:00,29.2,1005.6,82.0,AWS-CHN-024,Chennai,CHN,center,False,
2025-03-28 21:00:00,28.9,1006.4,80.0,AWS-CHN-024,Chennai,CHN,center,False,
2025-03-28 22:00:00,28.3,1006.7,85.0,AWS-CHN-024,Chennai,CHN,center,False,
2025-03-28 23:00:00,27.9,1006.6,88.0,AWS-CHN-024,Chennai,CHN,center,False,
2025-03-29 00:00:00,27.4,1006.1,91.0,AWS-CHN-024,Chennai,CHN,center,False,
2025-03-29 01:00:00,26.8,1005.4,92.0,AWS-CHN-024,Chennai,CHN,center,False,
2025-03-29 02:00:00,26.3,1004.9,92.0,AWS-CHN-024,Chennai,CHN,center,False,
2025-03-29 03:00:00,25.6,1004.6,93.0,AWS-CHN-024,Chennai,CHN,center,False,
2025-03-29 04:00:00,25.1,1004.8,94.0,AWS-CHN-024,Chennai,CHN,center,False,
2025-03-29 05:00:00,24.7,1005.4,94.0,AWS-CHN-024,Chennai,CHN,center,False,
2025-03-29 06:00:00,25.8,1006.1,93.0,AWS-CHN-024,Chennai,CHN,center,False,
2025-03-29 07:00:00,27.4,1006.9,85.0,AWS-CHN-024,Chennai,CHN,center,False,
2025-03-29 08:00:00,29.9,1007.6,70.0,AWS-CHN-024,Chennai,CHN,center,False,
2025-03-29 09:00:00,33.4,1008.2,46.0,AWS-CHN-024,Chennai,CHN,center,False,
2025-03-29 10:00:00,36.0,1007.8,31.0,AWS-CHN-024,Chennai,CHN,center,False,
2025-03-29 11:00:00,36.6,1007.3,29.0,AWS-CHN-024,Chennai,CHN,center,True,drift
2025-03-29 12:00:00,36.7,1006.3256471950484,30.0,AWS-CHN-024,Chennai,CHN,center,True,drift
2025-03-29 13:00:00,37.1,1005.3512943900968,24.0,AWS-CHN-024,Chennai,CHN,center,True,drift
2025-03-29 14:00:00,36.9,1004.7769415851451,22.0,AWS-CHN-024,Chennai,CHN,center,True,drift
2025-03-29 15:00:00,36.1,1004.5025887801935,25.0,AWS-CHN-024,Chennai,CHN,center,True,drift
2025-03-29 16:00:00,34.4,1004.7282359752419,34.0,AWS-CHN-024,Chennai,CHN,center,True,drift
2025-03-29 17:00:00,31.9,1005.3538831702903,54.0,AWS-CHN-024,Chennai,CHN,center,True,drift
2025-03-29 18:00:00,30.2,1005.5795303653387,67.0,AWS-CHN-024,Chennai,CHN,center,True,drift
2025-03-29 19:00:00,29.0,1006.905177560387,84.0,AWS-CHN-024,Chennai,CHN,center,True,drift
2025-03-29 20:00:00,28.7,1008.2308247554354,86.0,AWS-CHN-024,Chennai,CHN,center,True,drift
2025-03-29 21:00:00,28.6,1009.2564719504837,80.0,AWS-CHN-024,Chennai,CHN,center,True,drift
2025-03-29 22:00:00,28.1,1010.1821191455322,84.0,AWS-CHN-024,Chennai,CHN,center,True,drift
2025-03-29 23:00:00,27.5,1010.4077663405806,90.0,AWS-CHN-024,Chennai,CHN,center,True,drift
2025-03-30 00:00:00,27.0,1010.1334135356288,92.0,AWS-CHN-024,Chennai,CHN,center,True,drift
2025-03-30 01:00:00,26.5,1009.6590607306772,94.0,AWS-CHN-024,Chennai,CHN,center,True,drift
2025-03-30 02:00:00,25.9,1009.6847079257255,96.0,AWS-CHN-024,Chennai,CHN,center,True,drift
2025-03-30 03:00:00,25.3,1009.810355120774,96.0,AWS-CHN-024,Chennai,CHN,center,True,drift
2025-03-30 04:00:00,24.8,1009.9360023158224,96.0,AWS-CHN-024,Chennai,CHN,center,True,drift
2025-03-30 05:00:00,24.3,1010.9616495108706,96.0,AWS-CHN-024,Chennai,CHN,center,True,drift
2025-03-30 06:00:00,26.8,1011.7872967059191,91.0,AWS-CHN-024,Chennai,CHN,center,True,drift
2025-03-30 07:00:00,27.7,1012.8129439009674,84.0,AWS-CHN-024,Chennai,CHN,center,True,drift
2025-03-30 08:00:00,29.7,1013.8385910960159,71.0,AWS-CHN-024,Chennai,CHN,center,True,drift
2025-03-30 09:00:00,32.2,1014.4642382910642,52.0,AWS-CHN-024,Chennai,CHN,center,True,drift
2025-03-30 10:00:00,33.7,1014.6898854861125,43.0,AWS-CHN-024,Chennai,CHN,center,True,drift
2025-03-30 11:00:00,34.0,1014.515532681161,44.0,AWS-CHN-024,Chennai,CHN,center,True,drift
2025-03-30 12:00:00,34.2,1013.8411798762094,42.0,AWS-CHN-024,Chennai,CHN,center,True,drift
2025-03-30 13:00:00,34.1,1012.8668270712577,43.0,AWS-CHN-024,Chennai,CHN,center,True,drift
2025-03-30 14:00:00,33.8,1006.1,43.0,AWS-CHN-024,Chennai,CHN,center,False,
2025-03-30 15:00:00,33.0,1005.7,45.0,AWS-CHN-024,Chennai,CHN,center,False,
2025-03-30 16:00:00,31.7,1005.5,51.0,AWS-CHN-024,Chennai,CHN,center,False,
2025-03-30 17:00:00,30.2,1005.9,63.0,AWS-CHN-024,Chennai,CHN,center,False,
2025-03-30 18:00:00,29.0,1006.1,76.0,AWS-CHN-024,Chennai,CHN,center,False,
2025-03-30 19:00:00,28.7,1006.9,79.0,AWS-CHN-024,Chennai,CHN,center,False,
2025-03-30 20:00:00,28.6,1007.9,76.0,AWS-CHN-024,Chennai,CHN,center,False,
2025-03-30 21:00:00,28.5,1008.8,74.0,AWS-CHN-024,Chennai,CHN,center,False,
2025-03-30 22:00:00,28.3,1009.4,75.0,AWS-CHN-024,Chennai,CHN,center,False,
2025-03-30 23:00:00,27.9,1009.1,77.0,AWS-CHN-024,Chennai,CHN,center,False,
2025-03-31 00:00:00,27.5,1008.3,80.0,AWS-CHN-024,Chennai,CHN,center,False,
2025-03-31 01:00:00,27.1,1007.7,83.0,AWS-CHN-024,Chennai,CHN,center,False,
2025-03-31 02:00:00,26.7,1007.1,86.0,AWS-CHN-024,Chennai,CHN,center,False,
2025-03-31 03:00:00,26.1,1007.1,89.0,AWS-CHN-024,Chennai,CHN,center,False,
2025-03-31 04:00:00,25.8,1007.3,91.0,AWS-CHN-024,Chennai,CHN,center,False,
2025-03-31 05:00:00,25.5,1007.7,92.0,AWS-CHN-024,Chennai,CHN,center,False,
2025-03-31 06:00:00,25.8,1008.3,90.0,AWS-CHN-024,Chennai,CHN,center,False,
2025-03-31 07:00:00,27.2,1009.0,82.0,AWS-CHN-024,Chennai,CHN,center,False,
2025-03-31 08:00:00,29.3,1009.6,71.0,AWS-CHN-024,Chennai,CHN,center,False,
2025-03-31 09:00:00,31.1,1010.0,60.0,AWS-CHN-024,Chennai,CHN,center,False,
2025-03-31 10:00:00,31.9,1009.7,54.0,AWS-CHN-024,Chennai,CHN,center,False,
2025-03-31 11:00:00,32.3,1009.6,50.0,AWS-CHN-024,Chennai,CHN,center,False,
2025-03-31 12:00:00,32.6,1008.6,49.0,AWS-CHN-024,Chennai,CHN,center,False,
2025-03-31 13:00:00,32.7,1007.4,48.0,AWS-CHN-024,Chennai,CHN,center,False,
2025-03-31 14:00:00,32.5,1006.5,48.0,AWS-CHN-024,Chennai,CHN,center,False,
2025-03-31 15:00:00,32.0,1005.9,49.0,AWS-CHN-024,Chennai,CHN,center,False,
2025-03-31 16:00:00,31.3,1005.7,52.0,AWS-CHN-024,Chennai,CHN,center,False,
2025-03-31 17:00:00,30.1,1006.0,58.0,AWS-CHN-024,Chennai,CHN,center,False,
2025-03-31 18:00:00,29.1,1006.1,66.0,AWS-CHN-024,Chennai,CHN,center,False,
2025-03-31 19:00:00,29.0,1007.0,66.0,AWS-CHN-024,Chennai,CHN,center,False,
2025-03-31 20:00:00,28.9,1007.6,65.0,AWS-CHN-024,Chennai,CHN,center,False,
2025-03-31 21:00:00,28.7,1008.5,65.0,AWS-CHN-024,Chennai,CHN,center,False,
2025-03-31 22:00:00,28.5,1008.8,65.0,AWS-CHN-024,Chennai,CHN,center,False,
2025-03-31 23:00:00,28.3,1008.7,66.0,AWS-CHN-024,Chennai,CHN,center,False,
