timestamp,temperature_c,pressure_hpa,humidity_pct,station_id,station_name,cluster_id,role,is_anomaly,fault_type
2025-01-01 00:00:00,8.3,994.3,100.0,AWS-DEL-011,Delhi,DEL,center,False,
2025-01-01 01:00:00,8.0,993.7,100.0,AWS-DEL-011,Delhi,DEL,center,False,
2025-01-01 02:00:00,7.8,993.3,100.0,AWS-DEL-011,Delhi,DEL,center,False,
2025-01-01 03:00:00,8.0,993.1,99.0,AWS-DEL-011,Delhi,DEL,center,False,
2025-01-01 04:00:00,7.7,992.9,98.0,AWS-DEL-011,Delhi,DEL,center,False,
2025-01-01 05:00:00,7.8,993.0,97.0,AWS-DEL-011,Delhi,DEL,center,False,
2025-01-01 06:00:00,8.4,993.7,96.0,AWS-DEL-011,Delhi,DEL,center,False,
2025-01-01 07:00:00,8.5,994.2,95.0,AWS-DEL-011,Delhi,DEL,center,False,
2025-01-01 08:00:00,8.9,994.7,93.0,AWS-DEL-011,Delhi,DEL,center,False,
2025-01-01 09:00:00,9.5,995.2,97.0,AWS-DEL-011,Delhi,DEL,center,False,
2025-01-01 10:00:00,11.3,995.4,89.0,AWS-DEL-011,Delhi,DEL,center,False,
2025-01-01 11:00:00,13.2,994.9,82.0,AWS-DEL-011,Delhi,DEL,center,False,
2025-01-01 12:00:00,14.6,993.8,78.0,AWS-DEL-011,Delhi,DEL,center,False,
2025-01-01 13:00:00,15.8,992.5,73.0,AWS-DEL-011,Delhi,DEL,center,False,
2025-01-01 14:00:00,16.6,991.7,71.0,AWS-DEL-011,Delhi,DEL,center,False,
2025-01-01 15:00:00,16.8,991.3,70.0,AWS-DEL-011,Delhi,DEL,center,False,
2025-01-01 16:00:00,16.3,991.3,73.0,AWS-DEL-011,Delhi,DEL,center,False,
2025-01-01 17:00:00,9.089027933708131,998.5580747203578,62.76245439467062,AWS-DEL-011,Delhi,DEL,center,True,unstructured_anomaly
2025-01-01 18:00:00,5.468818002819387,1000.973604968449,95.0,AWS-DEL-011,Delhi,DEL,center,True,unstructured_anomaly
2025-01-01 19:00:00,5.0,1000.5590853659342,69.40059058223684,AWS-DEL-011,Delhi,DEL,center,True,unstructured_anomaly
2025-01-01 20:00:00,5.0,1001.3820201507363,72.81250054276481,AWS-DEL-011,Delhi,DEL,center,True,unstructured_anomaly
2025-01-01 21:00:00,17.55949059592617,986.6742406427684,72.58199857597755,AWS-DEL-011,Delhi,DEL,center,True,unstructured_anomaly
2025-01-01 22:00:00,10.3,993.6,93.0,AWS-DEL-011,Delhi,DEL,center,False,
2025-01-01 23:00:00,9.8,993.2,94.0,AWS-DEL-011,Delhi,DEL,center,False,
2025-01-02 00:00:00,9.5,992.5,95.0,AWS-DEL-011,Delhi,DEL,center,False,
2025-01-02 01:00:00,9.1,991.8,96.0,AWS-DEL-011,Delhi,DEL,center,False,
2025-01-02 02:00:00,8.9,991.5,96.0,AWS-DEL-011,Delhi,DEL,center,False,
2025-01-02 03:00:00,8.5,991.4,97.0,AWS-DEL-011,Delhi,DEL,center,False,
2025-01-02 04:00:00,8.5,991.3,97.0,AWS-DEL-011,Delhi,DEL,center,False,
2025-01-02 05:00:00,8.8,991.5,97.0,AWS-DEL-011,Delhi,DEL,center,False,
2025-01-02 06:00:00,8.7,992.4,97.0,AWS-DEL-011,Delhi,DEL,center,False,
2025-01-02 07:00:00,8.7,992.7,96.0,AWS-DEL-011,Delhi,DEL,center,False,
2025-01-02 08:00:00,9.9,993.7,93.0,AWS-DEL-011,Delhi,DEL,center,False,
2025-01-02 09:00:00,11.7,994.5,90.0,AWS-DEL-011,Delhi,DEL,center,False,
2025-01-02 10:00:00,13.6,994.8,82.0,AWS-DEL-011,Delhi,DEL,center,False,
2025-01-02 11:00:00,15.2,994.3,76.0,AWS-DEL-011,Delhi,DEL,center,False,
2025-01-02 12:00:00,16.5,993.5,71.0,AWS-DEL-011,Delhi,DEL,center,False,
2025-01-02 13:00:00,17.6,992.6,66.0,AWS-DEL-011,Delhi,DEL,center,False,
2025-01-02 14:00:00,18.2,991.9,65.0,AWS-DEL-011,Delhi,DEL,center,False,
2025-01-02 15:00:00,18.2,991.7,65.0,AWS-DEL-011,Delhi,DEL,center,False,
2025-01-02 16:00:00,17.6,991.7,69.0,AWS-DEL-011,Delhi,DEL,center,False,
2025-01-02 17:00:00,15.7,991.5,78.0,AWS-DEL-011,Delhi,DEL,center,False,
2025-01-02 18:00:00,13.6,992.6,81.0,AWS-DEL-011,Delhi,DEL,center,False,
2025-01-02 19:00:00,13.1,992.6,83.0,AWS-DEL-011,Delhi,DEL,center,False,
2025-01-02 20:00:00,12.6,992.9,84.0,AWS-DEL-011,Delhi,DEL,center,False,
2025-01-02 21:00:00,11.8,993.2,87.0,AWS-DEL-011,Delhi,DEL,center,False,
2025-01-02 22:00:00,11.0,993.3,90.0,AWS-DEL-011,Delhi,DEL,center,False,
2025-01-02 23:00:00,10.2,992.8,92.0,AWS-DEL-011,Delhi,DEL,center,False,
2025-01-03 00:00:00,9.7,992.4,93.0,AWS-DEL-011,Delhi,DEL,center,False,
2025-01-03 01:00:00,9.4,992.0,93.0,AWS-DEL-011,Delhi,DEL,center,False,
2025-01-03 02:00:00,9.0,991.6,94.0,AWS-DEL-011,Delhi,DEL,center,False,
2025-01-03 03:00:00,9.2,991.6,94.0,AWS-DEL-011,Delhi,DEL,center,False,
2025-01-03 04:00:00,8.9,991.6,96.0,AWS-DEL-011,Delhi,DEL,center,False,
2025-01-03 05:00:00,8.6,991.8,98.0,AWS-DEL-011,Delhi,DEL,center,False,
2025-01-03 06:00:00,9.3,992.5,99.0,AWS-DEL-011,Delhi,DEL,center,False,
2025-01-03 07:00:00,9.2,993.1,96.0,AWS-DEL-011,Delhi,DEL,center,False,
2025-01-03 08:00:00,9.8,994.1,96.0,AWS-DEL-011,Delhi,DEL,center,False,
2025-01-03 09:00:00,11.0,994.9,95.0,AWS-DEL-011,Delhi,DEL,center,False,
2025-01-03 10:00:00,12.8,995.3,92.0,AWS-DEL-011,Delhi,DEL,center,False,
2025-01-03 11:00:00,15.2,994.8,82.0,AWS-DEL-011,Delhi,DEL,center,False,
2025-01-03 12:00:00,17.3,993.6,72.0,AWS-DEL-011,Delhi,DEL,center,False,
2025-01-03 13:00:00,18.7,992.7,64.0,AWS-DEL-011,Delhi,DEL,center,False,
2025-01-03 14:00:00,19.4,991.9,62.0,AWS-DEL-011,Delhi,DEL,center,False,
2025-01-03 15:00:00,19.6,991.4,61.0,AWS-DEL-011,Delhi,DEL,center,False,
2025-01-03 16:00:00,19.0,990.9,70.0,AWS-DEL-011,Delhi,DEL,center,False,
2025-01-03 17:00:00,16.7,990.8,78.0,AWS-DEL-011,Delhi,DEL,center,False,
2025-01-03 18:00:00,14.7,991.7,82.0,AWS-DEL-011,Delhi,DEL,center,False,
2025-01-03 19:00:00,13.7,991.8,86.0,AWS-DEL-011,Delhi,DEL,center,False,
2025-01-03 20:00:00,12.8,991.9,89.0,AWS-DEL-011,Delhi,DEL,center,False,
2025-01-03 21:00:00,12.0,991.8,90.0,AWS-DEL-011,Delhi,DEL,center,False,
2025-01-03 22:00:00,11.4,991.4,91.0,AWS-DEL-011,Delhi,DEL,center,False,
2025-01-03 23:00:00,10.9,991.0,91.0,AWS-DEL-011,Delhi,DEL,center,False,
2025-01-04 00:00:00,10.3,990.5,92.0,AWS-DEL-011,Delhi,DEL,center,False,
2025-01-04 01:00:00,9.7,990.1,95.0,AWS-DEL-011,Delhi,DEL,center,False,
2025-01-04 02:00:00,9.3,989.6,97.0,AWS-DEL-011,Delhi,DEL,center,False,
2025-01-04 03:00:00,9.0,989.1,96.0,AWS-DEL-011,Delhi,DEL,center,False,
2025-01-04 04:00:00,8.4,988.8,97.0,AWS-DEL-011,Delhi,DEL,center,False,
2025-01-04 05:00:00,8.6,989.0,99.0,AWS-DEL-011,Delhi,DEL,center,False,
2025-01-04 06:00:00,9.0,990.2,98.0,AWS-DEL-011,Delhi,DEL,center,False,
2025-01-04 07:00:00,9.2,990.9,98.0,AWS-DEL-011,Delhi,DEL,center,False,
2025-01-04 08:00:00,10.0,991.7,98.0,AWS-DEL-011,Delhi,DEL,center,False,
2025-01-04 09:00:00,11.9,992.5,97.0,AWS-DEL-011,Delhi,DEL,center,False,
2025-01-04 10:00:00,14.4,992.7,91.0,AWS-DEL-011,Delhi,DEL,center,False,
2025-01-04 11:00:00,22.648329276119913,985.1229082642842,67.17170470731155,AWS-DEL-011,Delhi,DEL,center,True,unstructured_anomaly
2025-01-04 12:00:00,25.285495709560045,982.5741485822442,92.726323407612,AWS-DEL-011,Delhi,DEL,center,True,unstructured_anomaly
2025-01-04 13:00:00,13.202932700378662,996.872874122881,85.29899244379348,AWS-DEL-011,Delhi,DEL,center,True,unstructured_anomaly
2025-01-04 14:00:00,13.946097829032754,997.5961646699404,50.49439577321621,AWS-DEL-011,Delhi,DEL,center,True,unstructured_anomaly
2025-01-04 15:00:00,27.75481844087936,981.4280799530554,83.97114183548693,AWS-DEL-011,Delhi,DEL,center,True,unstructured_anomaly
2025-01-04 16:00:00,25.943343535378318,982.014137494421,57.531152299645186,AWS-DEL-011,Delhi,DEL,center,True,unstructured_anomaly
2025-01-04 17:00:00,17.7,988.6,84.0,AWS-DEL-011,Delhi,DEL,center,False,
2025-01-04 18:00:00,14.5,989.8,86.0,AWS-DEL-011,Delhi,DEL,center,False,
2025-01-04 19:00:00,13.9,990.4,89.0,AWS-DEL-011,Delhi,DEL,center,False,
2025-01-04 20:00:00,13.2,990.8,92.0,AWS-DEL-011,Delhi,DEL,center,False,
2025-01-04 21:00:00,12.6,991.0,94.0,AWS-DEL-011,Delhi,DEL,center,False,
2025-01-04 22:00:00,12.0,990.7,95.0,AWS-DEL-011,Delhi,DEL,center,False,
2025-01-04 23:00:00,11.1,990.3,96.0,AWS-DEL-011,Delhi,DEL,center,False,
2025-01-05 00:00:00,10.4,989.8,96.0,AWS-DEL-011,Delhi,DEL,center,False,
2025-01-05 01:00:00,9.3,989.4,97.0,AWS-DEL-011,Delhi,DEL,center,False,
2025-01-05 02:00:00,9.3,989.3,98.0,AWS-DEL-011,Delhi,DEL,center,False,
2025-01-05 03:00:00,9.2,989.4,98.0,AWS-DEL-011,Delhi,DEL,center,False,
2025-01-05 04:00:00,9.3,989.4,99.0,AWS-DEL-011,Delhi,DEL,center,False,
2025-01-05 05:00:00,9.9,989.7,100.0,AWS-DEL-011,Delhi,DEL,center,False,
2025-01-05 06:00:00,9.9,990.6,98.0,AWS-DEL-011,Delhi,DEL,center,False,
2025-01-05 07:00:00,9.7,991.1,98.0,AWS-DEL-011,Delhi,DEL,center,False,
2025-01-05 08:00:00,9.7,991.9,97.0,AWS-DEL-011,Delhi,DEL,center,False,
2025-01-05 09:00:00,10.1,992.7,97.0,AWS-DEL-011,Delhi,DEL,center,False,
2025-01-05 10:00:00,11.7,993.0,91.0,AWS-DEL-011,Delhi,DEL,center,False,
2025-01-05 11:00:00,14.0,992.4,84.0,AWS-DEL-011,Delhi,DEL,center,False,
2025-01-05 12:00:00,15.7,991.3,79.0,AWS-DEL-011,Delhi,DEL,center,False,
2025-01-05 13:00:00,17.1,990.3,75.0,AWS-DEL-011,Delhi,DEL,center,False,
2025-01-05 14:00:00,17.9,989.7,71.0,AWS-DEL-011,Delhi,DEL,center,False,
2025-01-05 15:00:00,18.1,989.3,71.0,AWS-DEL-011,Delhi,DEL,center,False,
2025-01-05 16:00:00,17.6,988.9,74.0,AWS-DEL-011,Delhi,DEL,center,False,
2025-01-05 17:00:00,16.0,988.6,81.0,AWS-DEL-011,Delhi,DEL,center,False,
2025-01-05 18:00:00,13.8,989.6,87.0,AWS-DEL-011,Delhi,DEL,center,False,
2025-01-05 19:00:00,13.2,990.0,90.0,AWS-DEL-011,Delhi,DEL,center,False,
2025-01-05 20:00:00,12.6,990.7,91.0,AWS-DEL-011,Delhi,DEL,center,False,
2025-01-05 21:00:00,12.2,991.0,92.0,AWS-DEL-011,Delhi,DEL,center,False,
2025-01-05 22:00:00,11.5,991.2,94.0,AWS-DEL-011,Delhi,DEL,center,False,
2025-01-05 23:00:00,10.8,991.0,95.0,AWS-DEL-011,Delhi,DEL,center,False,
2025-01-06 00:00:00,10.3,990.7,97.0,AWS-DEL-011,Delhi,DEL,center,False,
2025-01-06 01:00:00,9.8,990.3,98.0,AWS-DEL-011,Delhi,DEL,center,False,
2025-01-06 02:00:00,9.7,990.0,-0.08418292505995964,AWS-DEL-011,Delhi,DEL,center,True,sensor_fail_low
2025-01-06 03:00:00,8.8,989.3,0.13319667244061306,AWS-DEL-011,Delhi,DEL,center,True,sensor_fail_low
2025-01-06 04:00:00,9.1,989.6,-0.0320620735188713,AWS-DEL-011,Delhi,DEL,center,True,sensor_fail_low
2025-01-06 05:00:00,9.0,990.0,-0.07727841651322438,AWS-DEL-011,Delhi,DEL,center,True,sensor_fail_low
2025-01-06 06:00:00,9.9,991.1,100.0,AWS-DEL-011,Delhi,DEL,center,False,
2025-01-06 07:00:00,10.6,991.4,98.0,AWS-DEL-011,Delhi,DEL,center,False,
2025-01-06 08:00:00,10.9,992.3,98.0,AWS-DEL-011,Delhi,DEL,center,False,
2025-01-06 09:00:00,12.5,993.7,92.0,AWS-DEL-011,Delhi,DEL,center,False,
2025-01-06 10:00:00,14.0,993.9,88.0,AWS-DEL-011,Delhi,DEL,center,False,
2025-01-06 11:00:00,15.7,993.2,81.0,AWS-DEL-011,Delhi,DEL,center,False,
2025-01-06 12:00:00,16.8,992.3,77.0,AWS-DEL-011,Delhi,DEL,center,False,
2025-01-06 13:00:00,17.5,991.5,74.0,AWS-DEL-011,Delhi,DEL,center,False,
2025-01-06 14:00:00,17.9,,71.0,AWS-DEL-011,Delhi,DEL,center,True,dropout
2025-01-06 15:00:00,18.0,990.8,73.0,AWS-DEL-011,Delhi,DEL,center,False,
2025-01-06 16:00:00,17.4,990.5,75.0,AWS-DEL-011,Delhi,DEL,center,False,
2025-01-06 17:00:00,16.1,990.5,80.0,AWS-DEL-011,Delhi,DEL,center,False,
2025-01-06 18:00:00,14.2,991.5,86.0,AWS-DEL-011,Delhi,DEL,center,False,
2025-01-06 19:00:00,13.6,991.7,87.0,AWS-DEL-011,Delhi,DEL,center,False,
2025-01-06 20:00:00,13.5,992.1,87.0,AWS-DEL-011,Delhi,DEL,center,False,
2025-01-06 21:00:00,13.0,992.5,88.0,AWS-DEL-011,Delhi,DEL,center,False,
2025-01-06 22:00:00,12.4,992.6,91.0,AWS-DEL-011,Delhi,DEL,center,False,
2025-01-06 23:00:00,11.9,992.5,94.0,AWS-DEL-011,Delhi,DEL,center,False,
2025-01-07 00:00:00,11.5,992.2,95.0,AWS-DEL-011,Delhi,DEL,center,False,
2025-01-07 01:00:00,11.3,991.8,95.0,AWS-DEL-011,Delhi,DEL,center,False,
2025-01-07 02:00:00,11.0,991.7,95.0,AWS-DEL-011,Delhi,DEL,center,True,frozen_value
2025-01-07 03:00:00,10.7,991.6,94.9915206351469,AWS-DEL-011,Delhi,DEL,center,True,frozen_value
2025-01-07 04:00:00,10.4,991.5,94.96684459008782,AWS-DEL-011,Delhi,DEL,center,True,frozen_value
2025-01-07 05:00:00,10.2,991.5,94.86319138406873,AWS-DEL-011,Delhi,DEL,center,True,frozen_value
2025-01-07 06:00:00,11.3,992.8,94.83409163112198,AWS-DEL-011,Delhi,DEL,center,True,frozen_value
2025-01-07 07:00:00,11.1,993.6,94.76825482260269,AWS-DEL-011,Delhi,DEL,center,True,frozen_value
2025-01-07 08:00:00,11.2,994.5,94.86905835358777,AWS-DEL-011,Delhi,DEL,center,True,frozen_value
2025-01-07 09:00:00,11.7,995.0,97.0,AWS-DEL-011,Delhi,DEL,center,False,
2025-01-07 10:00:00,12.9,994.8,92.0,AWS-DEL-011,Delhi,DEL,center,False,
2025-01-07 11:00:00,14.2,994.3,86.0,AWS-DEL-011,Delhi,DEL,center,False,
2025-01-07 12:00:00,15.6,993.3,79.0,AWS-DEL-011,Delhi,DEL,center,False,
2025-01-07 13:00:00,16.9,992.0,69.0,AWS-DEL-011,Delhi,DEL,center,False,
2025-01-07 14:00:00,17.5,990.9,69.0,AWS-DEL-011,Delhi,DEL,center,False,
2025-01-07 15:00:00,17.5,990.3,69.0,AWS-DEL-011,Delhi,DEL,center,False,
2025-01-07 16:00:00,16.8,990.2,72.0,AWS-DEL-011,Delhi,DEL,center,False,
2025-01-07 17:00:00,15.5,990.1,78.0,AWS-DEL-011,Delhi,DEL,center,False,
2025-01-07 18:00:00,13.8,991.5,86.0,AWS-DEL-011,Delhi,DEL,center,False,
2025-01-07 19:00:00,13.3,991.5,87.0,AWS-DEL-011,Delhi,DEL,center,False,
2025-01-07 20:00:00,12.8,991.9,89.0,AWS-DEL-011,Delhi,DEL,center,False,
2025-01-07 21:00:00,12.2,991.9,91.0,AWS-DEL-011,Delhi,DEL,center,False,
2025-01-07 22:00:00,11.7,991.6,91.0,AWS-DEL-011,Delhi,DEL,center,False,
2025-01-07 23:00:00,11.2,990.9,90.0,AWS-DEL-011,Delhi,DEL,center,False,
2025-01-08 00:00:00,10.7,990.3,89.0,AWS-DEL-011,Delhi,DEL,center,False,
2025-01-08 01:00:00,10.2,989.6,88.0,AWS-DEL-011,Delhi,DEL,center,False,
2025-01-08 02:00:00,9.8,989.1,88.0,AWS-DEL-011,Delhi,DEL,center,False,
2025-01-08 03:00:00,9.5,988.8,88.0,AWS-DEL-011,Delhi,DEL,center,False,
2025-01-08 04:00:00,9.2,988.5,87.0,AWS-DEL-011,Delhi,DEL,center,False,
2025-01-08 05:00:00,9.0,988.7,86.0,AWS-DEL-011,Delhi,DEL,center,False,
2025-01-08 06:00:00,8.9,989.2,88.0,AWS-DEL-011,Delhi,DEL,center,False,
2025-01-08 07:00:00,8.7,990.0,88.0,AWS-DEL-011,Delhi,DEL,center,False,
2025-01-08 08:00:00,9.6,991.0,84.0,AWS-DEL-011,Delhi,DEL,center,False,
2025-01-08 09:00:00,11.3,992.3,80.0,AWS-DEL-011,Delhi,DEL,center,False,
2025-01-08 10:00:00,13.2,992.7,73.0,AWS-DEL-011,Delhi,DEL,center,False,
2025-01-08 11:00:00,15.0,992.1,67.0,AWS-DEL-011,Delhi,DEL,center,False,
2025-01-08 12:00:00,16.7,991.3,62.0,AWS-DEL-011,Delhi,DEL,center,False,
2025-01-08 13:00:00,17.8,990.5,56.0,AWS-DEL-011,Delhi,DEL,center,False,
2025-01-08 14:00:00,18.4,990.0,52.0,AWS-DEL-011,Delhi,DEL,center,False,
2025-01-08 15:00:00,18.3,989.9,52.0,AWS-DEL-011,Delhi,DEL,center,False,
2025-01-08 16:00:00,17.6,989.7,57.0,AWS-DEL-011,Delhi,DEL,center,False,
2025-01-08 17:00:00,15.4,989.6,67.0,AWS-DEL-011,Delhi,DEL,center,False,
2025-01-08 18:00:00,14.7,989.9,71.0,AWS-DEL-011,Delhi,DEL,center,False,
2025-01-08 19:00:00,13.8,990.3,73.0,AWS-DEL-011,Delhi,DEL,center,False,
2025-01-08 20:00:00,13.0,990.8,75.0,AWS-DEL-011,Delhi,DEL,center,False,
2025-01-08 21:00:00,12.3,991.2,76.0,AWS-DEL-011,Delhi,DEL,center,False,
2025-01-08 22:00:00,11.7,991.2,76.0,AWS-DEL-011,Delhi,DEL,center,False,
2025-01-08 23:00:00,10.9,990.9,79.0,AWS-DEL-011,Delhi,DEL,center,False,
2025-01-09 00:00:00,10.1,990.6,82.0,AWS-DEL-011,Delhi,DEL,center,False,
2025-01-09 01:00:00,9.3,990.5,85.0,AWS-DEL-011,Delhi,DEL,center,False,
2025-01-09 02:00:00,8.9,990.7,85.0,AWS-DEL-011,Delhi,DEL,center,False,
2025-01-09 03:00:00,8.5,990.5,85.0,AWS-DEL-011,Delhi,DEL,center,False,
2025-01-09 04:00:00,8.2,990.5,86.0,AWS-DEL-011,Delhi,DEL,center,False,
2025-01-09 05:00:00,8.0,990.6,86.0,AWS-DEL-011,Delhi,DEL,center,False,
2025-01-09 06:00:00,8.3,991.4,87.0,AWS-DEL-011,Delhi,DEL,center,False,
2025-01-09 07:00:00,8.3,992.1,87.0,AWS-DEL-011,Delhi,DEL,center,False,
2025-01-09 08:00:00,9.1,993.3,90.0,AWS-DEL-011,Delhi,DEL,center,False,
2025-01-09 09:00:00,11.8,994.5,87.0,AWS-DEL-011,Delhi,DEL,center,False,
2025-01-09 10:00:00,14.8,995.2,77.0,AWS-DEL-011,Delhi,DEL,center,False,
2025-01-09 11:00:00,16.5,994.7,67.0,AWS-DEL-011,Delhi,DEL,center,False,
2025-01-09 12:00:00,17.5,993.7,62.0,AWS-DEL-011,Delhi,DEL,center,False,
2025-01-09 13:00:00,18.3,992.8,58.0,AWS-DEL-011,Delhi,DEL,center,False,
2025-01-09 14:00:00,18.7,992.3,56.0,AWS-DEL-011,Delhi,DEL,center,False,
2025-01-09 15:00:00,18.7,992.0,55.0,AWS-DEL-011,Delhi,DEL,center,False,
2025-01-09 16:00:00,18.2,992.0,61.0,AWS-DEL-011,Delhi,DEL,center,False,
2025-01-09 17:00:00,16.4,992.0,66.0,AWS-DEL-011,Delhi,DEL,center,False,
2025-01-09 18:00:00,15.1,992.9,72.0,AWS-DEL-011,Delhi,DEL,center,False,
2025-01-09 19:00:00,13.8,993.0,77.0,AWS-DEL-011,Delhi,DEL,center,False,
2025-01-09 20:00:00,12.9,993.7,81.0,AWS-DEL-011,Delhi,DEL,center,False,
2025-01-09 21:00:00,12.6,994.2,81.0,AWS-DEL-011,Delhi,DEL,center,False,
2025-01-09 22:00:00,12.1,994.3,82.0,AWS-DEL-011,Delhi,DEL,center,False,
2025-01-09 23:00:00,11.1,994.1,86.0,AWS-DEL-011,Delhi,DEL,center,False,
2025-01-10 00:00:00,10.3,993.7,90.0,AWS-DEL-011,Delhi,DEL,center,False,
2025-01-10 01:00:00,9.7,993.4,92.0,AWS-DEL-011,Delhi,DEL,center,False,
2025-01-10 02:00:00,9.2,993.2,93.0,AWS-DEL-011,Delhi,DEL,center,False,
2025-01-10 03:00:00,8.8,993.1,94.0,AWS-DEL-011,Delhi,DEL,center,False,
2025-01-10 04:00:00,8.6,992.9,94.0,AWS-DEL-011,Delhi,DEL,center,False,
2025-01-10 05:00:00,8.4,993.1,93.0,AWS-DEL-011,Delhi,DEL,center,False,
2025-01-10 06:00:00,8.5,994.3,96.0,AWS-DEL-011,Delhi,DEL,center,False,
2025-01-10 07:00:00,7.9,995.1,99.0,AWS-DEL-011,Delhi,DEL,center,False,
2025-01-10 08:00:00,17.787344045962193,995.8497856687364,100.0,AWS-DEL-011,Delhi,DEL,center,True,multivariate_inconsistency
2025-01-10 09:00:00,19.887344045962195,997.0883648060005,100.0,AWS-DEL-011,Delhi,DEL,center,True,multivariate_inconsistency
2025-01-10 10:00:00,21.687344045962192,997.308098428717,100.0,AWS-DEL-011,Delhi,DEL,center,True,multivariate_inconsistency
2025-01-10 11:00:00,24.08734404596219,996.7118441227161,100.0,AWS-DEL-011,Delhi,DEL,center,True,multivariate_inconsistency
2025-01-10 12:00:00,16.6,995.8,72.0,AWS-DEL-011,Delhi,DEL,center,False,
2025-01-10 13:00:00,17.5,994.6,66.0,AWS-DEL-011,Delhi,DEL,center,False,
2025-01-10 14:00:00,17.9,993.9,62.0,AWS-DEL-011,Delhi,DEL,center,False,
2025-01-10 15:00:00,17.9,993.4,60.0,AWS-DEL-011,Delhi,DEL,center,False,
2025-01-10 16:00:00,17.2,993.0,63.0,AWS-DEL-011,Delhi,DEL,center,False,
2025-01-10 17:00:00,15.2,992.8,75.0,AWS-DEL-011,Delhi,DEL,center,False,
2025-01-10 18:00:00,13.4,992.9,82.0,AWS-DEL-011,Delhi,DEL,center,False,
2025-01-10 19:00:00,12.8,993.3,84.0,AWS-DEL-011,Delhi,DEL,center,False,
2025-01-10 20:00:00,11.8,993.7,88.0,AWS-DEL-011,Delhi,DEL,center,False,
2025-01-10 21:00:00,11.3,994.0,91.0,AWS-DEL-011,Delhi,DEL,center,False,
2025-01-10 22:00:00,10.7,993.9,92.0,AWS-DEL-011,Delhi,DEL,center,False,
2025-01-10 23:00:00,10.4,993.6,92.0,AWS-DEL-011,Delhi,DEL,center,False,
2025-01-11 00:00:00,9.8,993.0,93.0,AWS-DEL-011,Delhi,DEL,center,False,
2025-01-11 01:00:00,9.5,992.8,93.0,AWS-DEL-011,Delhi,DEL,center,False,
2025-01-11 02:00:00,8.6,992.7,95.0,AWS-DEL-011,Delhi,DEL,center,False,
2025-01-11 03:00:00,8.3,992.6,96.0,AWS-DEL-011,Delhi,DEL,center,False,
2025-01-11 04:00:00,8.0,992.5,96.0,AWS-DEL-011,Delhi,DEL,center,False,
2025-01-11 05:00:00,8.0,992.9,96.0,AWS-DEL-011,Delhi,DEL,center,False,
2025-01-11 06:00:00,9.1,993.4,97.0,AWS-DEL-011,Delhi,DEL,center,False,
2025-01-11 07:00:00,9.1,994.0,97.0,AWS-DEL-011,Delhi,DEL,center,False,
2025-01-11 08:00:00,10.1,994.8,97.0,AWS-DEL-011,Delhi,DEL,center,False,
2025-01-11 09:00:00,11.6,995.5,92.0,AWS-DEL-011,Delhi,DEL,center,False,
2025-01-11 10:00:00,13.6,995.3,84.0,AWS-DEL-011,Delhi,DEL,center,False,
2025-01-11 11:00:00,15.3,994.8,79.0,AWS-DEL-011,Delhi,DEL,center,False,
2025-01-11 12:00:00,16.2,993.6,75.0,AWS-DEL-011,Delhi,DEL,center,True,frozen_value
2025-01-11 13:00:00,16.8,993.620520957709,73.0,AWS-DEL-011,Delhi,DEL,center,True,frozen_value
2025-01-11 14:00:00,16.8,993.633839300907,71.0,AWS-DEL-011,Delhi,DEL,center,True,frozen_value
2025-01-11 15:00:00,16.5,993.643517496706,73.0,AWS-DEL-011,Delhi,DEL,center,True,frozen_value
2025-01-11 16:00:00,16.2,993.6213445470568,76.0,AWS-DEL-011,Delhi,DEL,center,True,frozen_value
2025-01-11 17:00:00,14.9,993.6204292745302,84.0,AWS-DEL-011,Delhi,DEL,center,True,frozen_value
2025-01-11 18:00:00,13.6,993.5985785164099,93.0,AWS-DEL-011,Delhi,DEL,center,True,frozen_value
2025-01-11 19:00:00,13.0,993.598364267778,93.0,AWS-DEL-011,Delhi,DEL,center,True,frozen_value
2025-01-11 20:00:00,12.7,992.0,86.0,AWS-DEL-011,Delhi,DEL,center,False,
2025-01-11 21:00:00,12.3,992.5,85.0,AWS-DEL-011,Delhi,DEL,center,False,
2025-01-11 22:00:00,11.6,992.6,89.0,AWS-DEL-011,Delhi,DEL,center,False,
2025-01-11 23:00:00,11.3,992.8,91.0,AWS-DEL-011,Delhi,DEL,center,False,
2025-01-12 00:00:00,11.0,992.4,90.0,AWS-DEL-011,Delhi,DEL,center,False,
2025-01-12 01:00:00,9.9,992.2,93.0,AWS-DEL-011,Delhi,DEL,center,False,
2025-01-12 02:00:00,10.4,992.0,94.0,AWS-DEL-011,Delhi,DEL,center,False,
2025-01-12 03:00:00,9.9,991.8,95.0,AWS-DEL-011,Delhi,DEL,center,False,
2025-01-12 04:00:00,9.8,991.7,93.0,AWS-DEL-011,Delhi,DEL,center,False,
2025-01-12 05:00:00,10.4,991.9,93.0,AWS-DEL-011,Delhi,DEL,center,False,
2025-01-12 06:00:00,10.5,992.8,96.0,AWS-DEL-011,Delhi,DEL,center,False,
2025-01-12 07:00:00,10.2,993.5,96.0,AWS-DEL-011,Delhi,DEL,center,False,
2025-01-12 08:00:00,12.0,994.5,95.0,AWS-DEL-011,Delhi,DEL,center,False,
2025-01-12 09:00:00,13.9,995.8,91.0,AWS-DEL-011,Delhi,DEL,center,False,
2025-01-12 10:00:00,15.1,996.0,87.0,AWS-DEL-011,Delhi,DEL,center,False,
2025-01-12 11:00:00,16.4,995.2,82.0,AWS-DEL-011,Delhi,DEL,center,False,
2025-01-12 12:00:00,17.4,994.1,77.0,AWS-DEL-011,Delhi,DEL,center,False,
2025-01-12 13:00:00,17.8,993.1,73.0,AWS-DEL-011,Delhi,DEL,center,False,
2025-01-12 14:00:00,18.0,992.3,70.0,AWS-DEL-011,Delhi,DEL,center,False,
2025-01-12 15:00:00,18.0,992.1,67.0,AWS-DEL-011,Delhi,DEL,center,False,
2025-01-12 16:00:00,17.9,992.4,67.0,AWS-DEL-011,Delhi,DEL,center,False,
2025-01-12 17:00:00,16.3,992.6,77.0,AWS-DEL-011,Delhi,DEL,center,False,
2025-01-12 18:00:00,13.4,993.6,91.0,AWS-DEL-011,Delhi,DEL,center,False,
2025-01-12 19:00:00,12.9,994.2,92.0,AWS-DEL-011,Delhi,DEL,center,False,
2025-01-12 20:00:00,12.8,994.9,93.0,AWS-DEL-011,Delhi,DEL,center,False,
2025-01-12 21:00:00,12.3,995.4,94.0,AWS-DEL-011,Delhi,DEL,center,False,
2025-01-12 22:00:00,11.7,995.3,95.0,AWS-DEL-011,Delhi,DEL,center,False,
2025-01-12 23:00:00,10.6,994.8,96.0,AWS-DEL-011,Delhi,DEL,center,False,
2025-01-13 00:00:00,43.17962873554315,994.1,96.0,AWS-DEL-011,Delhi,DEL,center,True,spike
2025-01-13 01:00:00,9.8,993.9,96.0,AWS-DEL-011,Delhi,DEL,center,False,
2025-01-13 02:00:00,9.7,993.4,97.0,AWS-DEL-011,Delhi,DEL,center,False,
2025-01-13 03:00:00,9.5,993.2,97.0,AWS-DEL-011,Delhi,DEL,center,False,
2025-01-13 04:00:00,9.4,993.1,98.0,AWS-DEL-011,Delhi,DEL,center,False,
2025-01-13 05:00:00,9.2,993.3,99.0,AWS-DEL-011,Delhi,DEL,center,False,
2025-01-13 06:00:00,9.9,993.7,98.0,AWS-DEL-011,Delhi,DEL,center,False,
2025-01-13 07:00:00,9.8,994.0,97.0,AWS-DEL-011,Delhi,DEL,center,False,
2025-01-13 08:00:00,10.8,994.8,94.0,AWS-DEL-011,Delhi,DEL,center,False,
2025-01-13 09:00:00,12.2,995.4,92.0,AWS-DEL-011,Delhi,DEL,center,False,
2025-01-13 10:00:00,14.1,995.5,83.0,AWS-DEL-011,Delhi,DEL,center,False,
2025-01-13 11:00:00,15.7,994.8,77.0,AWS-DEL-011,Delhi,DEL,center,False,
2025-01-13 12:00:00,17.2,993.5,73.0,AWS-DEL-011,Delhi,DEL,center,False,
2025-01-13 13:00:00,18.3,992.4,68.0,AWS-DEL-011,Delhi,DEL,center,False,
2025-01-13 14:00:00,18.9,991.8,65.0,AWS-DEL-011,Delhi,DEL,center,False,
2025-01-13 15:00:00,19.0,991.5,65.0,AWS-DEL-011,Delhi,DEL,center,False,
2025-01-13 16:00:00,18.5,991.2,69.0,AWS-DEL-011,Delhi,DEL,center,False,
2025-01-13 17:00:00,16.8,991.3,77.0,AWS-DEL-011,Delhi,DEL,center,False,
2025-01-13 18:00:00,15.5,992.0,82.0,AWS-DEL-011,Delhi,DEL,center,False,
2025-01-13 19:00:00,14.8,992.3,83.0,AWS-DEL-011,Delhi,DEL,center,False,
2025-01-13 20:00:00,14.1,992.6,85.0,AWS-DEL-011,Delhi,DEL,center,False,
2025-01-13 21:00:00,13.4,993.0,86.0,AWS-DEL-011,Delhi,DEL,center,False,
2025-01-13 22:00:00,12.8,992.8,88.0,AWS-DEL-011,Delhi,DEL,center,False,
2025-01-13 23:00:00,12.2,992.5,90.0,AWS-DEL-011,Delhi,DEL,center,False,
2025-01-14 00:00:00,11.6,992.2,91.0,AWS-DEL-011,Delhi,DEL,center,False,
2025-01-14 01:00:00,11.1,991.9,93.0,AWS-DEL-011,Delhi,DEL,center,False,
2025-01-14 02:00:00,10.7,991.5,94.0,AWS-DEL-011,Delhi,DEL,center,False,
2025-01-14 03:00:00,9.9,991.3,95.0,AWS-DEL-011,Delhi,DEL,center,False,
2025-01-14 04:00:00,9.5,991.2,95.0,AWS-DEL-011,Delhi,DEL,center,False,
2025-01-14 05:00:00,9.0,991.4,95.0,AWS-DEL-011,Delhi,DEL,center,False,
2025-01-14 06:00:00,9.1,992.9,96.0,AWS-DEL-011,Delhi,DEL,center,False,
2025-01-14 07:00:00,8.7,0.05237823268677208,97.0,AWS-DEL-011,Delhi,DEL,center,True,sensor_fail_low
2025-01-14 08:00:00,10.0,0.0671435579863303,95.0,AWS-DEL-011,Delhi,DEL,center,True,sensor_fail_low
2025-01-14 09:00:00,11.9,0.05024862051785679,90.0,AWS-DEL-011,Delhi,DEL,center,True,sensor_fail_low
2025-01-14 10:00:00,13.7,0.0129251006421272,83.0,AWS-DEL-011,Delhi,DEL,center,True,sensor_fail_low
2025-01-14 11:00:00,15.4,995.7,75.0,AWS-DEL-011,Delhi,DEL,center,False,
2025-01-14 12:00:00,16.7,994.8,70.0,AWS-DEL-011,Delhi,DEL,center,False,
2025-01-14 13:00:00,17.6,994.0,67.0,AWS-DEL-011,Delhi,DEL,center,False,
2025-01-14 14:00:00,18.1,993.3,64.0,AWS-DEL-011,Delhi,DEL,center,False,
2025-01-14 15:00:00,18.2,993.0,64.0,AWS-DEL-011,Delhi,DEL,center,False,
2025-01-14 16:00:00,17.8,993.0,66.0,AWS-DEL-011,Delhi,DEL,center,False,
2025-01-14 17:00:00,16.2,993.0,74.0,AWS-DEL-011,Delhi,DEL,center,False,
2025-01-14 18:00:00,15.4,993.7,76.0,AWS-DEL-011,Delhi,DEL,center,False,
2025-01-14 19:00:00,14.4,,80.0,AWS-DEL-011,Delhi,DEL,center,True,dropout
2025-01-14 20:00:00,14.1,994.3,80.0,AWS-DEL-011,Delhi,DEL,center,False,
2025-01-14 21:00:00,13.3,994.4,82.0,AWS-DEL-011,Delhi,DEL,center,False,
2025-01-14 22:00:00,13.3,994.7,82.0,AWS-DEL-011,Delhi,DEL,center,False,
2025-01-14 23:00:00,12.4,994.6,85.0,AWS-DEL-011,Delhi,DEL,center,False,
2025-01-15 00:00:00,11.9,1004.3790776840935,88.0,AWS-DEL-011,Delhi,DEL,center,True,spike
2025-01-15 01:00:00,11.4,994.3,90.0,AWS-DEL-011,Delhi,DEL,center,False,
2025-01-15 02:00:00,10.6,993.8,93.0,AWS-DEL-011,Delhi,DEL,center,False,
2025-01-15 03:00:00,9.5,993.8,99.0,AWS-DEL-011,Delhi,DEL,center,False,
2025-01-15 04:00:00,9.3,994.0,99.0,AWS-DEL-011,Delhi,DEL,center,False,
2025-01-15 05:00:00,9.1,994.3,99.0,AWS-DEL-011,Delhi,DEL,center,False,
2025-01-15 06:00:00,9.1,995.0,99.0,AWS-DEL-011,Delhi,DEL,center,False,
2025-01-15 07:00:00,9.2,995.7,98.0,AWS-DEL-011,Delhi,DEL,center,False,
2025-01-15 08:00:00,9.7,996.5,98.0,AWS-DEL-011,Delhi,DEL,center,False,
2025-01-15 09:00:00,11.0,997.2,93.0,AWS-DEL-011,Delhi,DEL,center,False,
2025-01-15 10:00:00,12.6,997.5,94.0,AWS-DEL-011,Delhi,DEL,center,False,
2025-01-15 11:00:00,15.2,996.9,87.0,AWS-DEL-011,Delhi,DEL,center,False,
2025-01-15 12:00:00,17.1,995.4,-0.024297646908601967,AWS-DEL-011,Delhi,DEL,center,True,sensor_fail_low
2025-01-15 13:00:00,18.0,993.9,0.004888881405845386,AWS-DEL-011,Delhi,DEL,center,True,sensor_fail_low
2025-01-15 14:00:00,18.3,992.8,-0.04553163169604074,AWS-DEL-011,Delhi,DEL,center,True,sensor_fail_low
2025-01-15 15:00:00,18.4,992.6,-0.03548147706752404,AWS-DEL-011,Delhi,DEL,center,True,sensor_fail_low
2025-01-15 16:00:00,18.0,992.3,67.0,AWS-DEL-011,Delhi,DEL,center,False,
2025-01-15 17:00:00,16.3,992.0,78.0,AWS-DEL-011,Delhi,DEL,center,False,
2025-01-15 18:00:00,14.2,993.4,82.0,AWS-DEL-011,Delhi,DEL,center,False,
2025-01-15 19:00:00,13.6,993.8,86.0,AWS-DEL-011,Delhi,DEL,center,False,
2025-01-15 20:00:00,12.9,994.1,89.0,AWS-DEL-011,Delhi,DEL,center,False,
2025-01-15 21:00:00,13.0,994.4,89.0,AWS-DEL-011,Delhi,DEL,center,False,
2025-01-15 22:00:00,12.9,994.5,90.0,AWS-DEL-011,Delhi,DEL,center,False,
2025-01-15 23:00:00,12.2,993.9,93.0,AWS-DEL-011,Delhi,DEL,center,False,
2025-01-16 00:00:00,12.0,993.8,92.0,AWS-DEL-011,Delhi,DEL,center,False,
2025-01-16 01:00:00,11.6,993.7,93.0,AWS-DEL-011,Delhi,DEL,center,False,
2025-01-16 02:00:00,11.1,993.3,95.0,AWS-DEL-011,Delhi,DEL,center,False,
2025-01-16 03:00:00,11.7,993.1,95.0,AWS-DEL-011,Delhi,DEL,center,False,
2025-01-16 04:00:00,11.6,993.1,95.0,AWS-DEL-011,Delhi,DEL,center,False,
2025-01-16 05:00:00,11.8,993.3,94.0,AWS-DEL-011,Delhi,DEL,center,False,
2025-01-16 06:00:00,12.2,994.5,94.0,AWS-DEL-011,Delhi,DEL,center,False,
2025-01-16 07:00:00,12.3,995.3,94.0,AWS-DEL-011,Delhi,DEL,center,False,
2025-01-16 08:00:00,12.6,995.9,93.0,AWS-DEL-011,Delhi,DEL,center,False,
2025-01-16 09:00:00,13.1,996.9,93.0,AWS-DEL-011,Delhi,DEL,center,False,
2025-01-16 10:00:00,14.5,997.5,87.0,AWS-DEL-011,Delhi,DEL,center,False,
2025-01-16 11:00:00,16.2,997.1,75.0,AWS-DEL-011,Delhi,DEL,center,False,
2025-01-16 12:00:00,17.0,996.3,70.0,AWS-DEL-011,Delhi,DEL,center,False,
2025-01-16 13:00:00,17.4,995.4,67.0,AWS-DEL-011,Delhi,DEL,center,False,
2025-01-16 14:00:00,18.0,994.8,63.0,AWS-DEL-011,Delhi,DEL,center,False,
2025-01-16 15:00:00,18.0,994.8,62.0,AWS-DEL-011,Delhi,DEL,center,False,
2025-01-16 16:00:00,17.8,994.7,63.0,AWS-DEL-011,Delhi,DEL,center,False,
2025-01-16 17:00:00,17.0,994.8,73.0,AWS-DEL-011,Delhi,DEL,center,False,
2025-01-16 18:00:00,14.7,995.8,80.0,AWS-DEL-011,Delhi,DEL,center,False,
2025-01-16 19:00:00,13.8,996.4,83.0,AWS-DEL-011,Delhi,DEL,center,False,
2025-01-16 20:00:00,13.3,997.1,85.0,AWS-DEL-011,Delhi,DEL,center,False,
2025-01-16 21:00:00,12.6,997.5,86.0,AWS-DEL-011,Delhi,DEL,center,False,
2025-01-16 22:00:00,12.1,997.5,88.0,AWS-DEL-011,Delhi,DEL,center,False,
2025-01-16 23:00:00,17.101251663750972,989.370356280677,95.0,AWS-DEL-011,Delhi,DEL,center,True,unstructured_anomaly
2025-01-17 00:00:00,5.199456675078564,1004.6435371572561,95.0,AWS-DEL-011,Delhi,DEL,center,True,unstructured_anomaly
2025-01-17 01:00:00,5.0,1003.4498886859403,95.0,AWS-DEL-011,Delhi,DEL,center,True,unstructured_anomaly
2025-01-17 02:00:00,17.451898424432738,988.5321382822984,95.0,AWS-DEL-011,Delhi,DEL,center,True,unstructured_anomaly
2025-01-17 03:00:00,5.0,1003.839276148628,75.17865087076423,AWS-DEL-011,Delhi,DEL,center,True,unstructured_anomaly
2025-01-17 04:00:00,10.3,995.2,89.0,AWS-DEL-011,Delhi,DEL,center,False,
2025-01-17 05:00:00,9.8,995.4,89.0,AWS-DEL-011,Delhi,DEL,center,False,
2025-01-17 06:00:00,9.3,995.9,94.0,AWS-DEL-011,Delhi,DEL,center,False,
2025-01-17 07:00:00,9.2,996.3,94.0,AWS-DEL-011,Delhi,DEL,center,False,
2025-01-17 08:00:00,10.7,996.9,91.0,AWS-DEL-011,Delhi,DEL,center,False,
2025-01-17 09:00:00,12.4,997.6,87.0,AWS-DEL-011,Delhi,DEL,center,False,
2025-01-17 10:00:00,14.3,997.7,81.0,AWS-DEL-011,Delhi,DEL,center,False,
2025-01-17 11:00:00,16.2,996.7,74.0,AWS-DEL-011,Delhi,DEL,center,False,
2025-01-17 12:00:00,17.6,995.2,67.0,AWS-DEL-011,Delhi,DEL,center,False,
2025-01-17 13:00:00,18.5,993.8,62.0,AWS-DEL-011,Delhi,DEL,center,False,
2025-01-17 14:00:00,18.9,992.8,58.0,AWS-DEL-011,Delhi,DEL,center,False,
2025-01-17 15:00:00,18.8,992.4,58.0,AWS-DEL-011,Delhi,DEL,center,False,
2025-01-17 16:00:00,18.0,992.2,61.0,AWS-DEL-011,Delhi,DEL,center,False,
2025-01-17 17:00:00,16.2,992.1,69.0,AWS-DEL-011,Delhi,DEL,center,False,
2025-01-17 18:00:00,14.2,993.0,76.0,AWS-DEL-011,Delhi,DEL,center,False,
2025-01-17 19:00:00,13.3,993.2,79.0,AWS-DEL-011,Delhi,DEL,center,False,
2025-01-17 20:00:00,12.6,993.6,82.0,AWS-DEL-011,Delhi,DEL,center,False,
2025-01-17 21:00:00,11.8,993.7,85.0,AWS-DEL-011,Delhi,DEL,center,False,
2025-01-17 22:00:00,10.7,993.6,89.0,AWS-DEL-011,Delhi,DEL,center,False,
2025-01-17 23:00:00,10.2,993.8,91.0,AWS-DEL-011,Delhi,DEL,center,False,
2025-01-18 00:00:00,9.7,993.6,93.0,AWS-DEL-011,Delhi,DEL,center,False,
2025-01-18 01:00:00,8.8,992.8,96.0,AWS-DEL-011,Delhi,DEL,center,False,
2025-01-18 02:00:00,8.4,992.3,97.0,AWS-DEL-011,Delhi,DEL,center,False,
2025-01-18 03:00:00,8.2,992.2,99.0,AWS-DEL-011,Delhi,DEL,center,False,
2025-01-18 04:00:00,7.9,992.5,100.0,AWS-DEL-011,Delhi,DEL,center,False,
2025-01-18 05:00:00,7.8,992.5,99.0,AWS-DEL-011,Delhi,DEL,center,False,
2025-01-18 06:00:00,9.5,993.3,99.0,AWS-DEL-011,Delhi,DEL,center,False,
2025-01-18 07:00:00,9.7,994.4,97.0,AWS-DEL-011,Delhi,DEL,center,False,
2025-01-18 08:00:00,10.0,995.5,98.0,AWS-DEL-011,Delhi,DEL,center,False,
2025-01-18 09:00:00,10.7,996.5,96.0,AWS-DEL-011,Delhi,DEL,center,False,
2025-01-18 10:00:00,12.7,996.3,89.0,AWS-DEL-011,Delhi,DEL,center,False,
2025-01-18 11:00:00,20.270824402250174,987.5369870724392,65.18973610562479,AWS-DEL-011,Delhi,DEL,center,True,unstructured_anomaly
2025-01-18 12:00:00,21.367943863618034,986.9970634228965,62.24429267021674,AWS-DEL-011,Delhi,DEL,center,True,unstructured_anomaly
2025-01-18 13:00:00,23.2671785777005,984.6752308659624,53.49929898274576,AWS-DEL-011,Delhi,DEL,center,True,unstructured_anomaly
2025-01-18 14:00:00,12.289358390462894,999.5689303508998,83.58539673763356,AWS-DEL-011,Delhi,DEL,center,True,unstructured_anomaly
2025-01-18 15:00:00,23.459486528549338,983.4849861647914,46.45236346380389,AWS-DEL-011,Delhi,DEL,center,True,unstructured_anomaly
2025-01-18 16:00:00,11.522875363980486,998.0516178054006,78.81000759372476,AWS-DEL-011,Delhi,DEL,center,True,unstructured_anomaly
2025-01-18 17:00:00,21.941083532592792,983.8072884172489,55.66104993984655,AWS-DEL-011,Delhi,DEL,center,True,unstructured_anomaly
2025-01-18 18:00:00,21.7812054978572,983.6612433401959,95.0,AWS-DEL-011,Delhi,DEL,center,True,unstructured_anomaly
2025-01-18 19:00:00,14.1,991.8,81.0,AWS-DEL-011,Delhi,DEL,center,False,
2025-01-18 20:00:00,13.2,991.9,84.0,AWS-DEL-011,Delhi,DEL,center,False,
2025-01-18 21:00:00,12.3,991.9,87.0,AWS-DEL-011,Delhi,DEL,center,False,
2025-01-18 22:00:00,11.1,992.0,92.0,AWS-DEL-011,Delhi,DEL,center,False,
2025-01-18 23:00:00,10.1,992.0,96.0,AWS-DEL-011,Delhi,DEL,center,False,
2025-01-19 00:00:00,9.7,991.9,98.0,AWS-DEL-011,Delhi,DEL,center,False,
2025-01-19 01:00:00,5.0,999.5226479680842,95.0,AWS-DEL-011,Delhi,DEL,center,True,unstructured_anomaly
2025-01-19 02:00:00,5.0,999.2285666550587,84.45257691262603,AWS-DEL-011,Delhi,DEL,center,True,unstructured_anomaly
2025-01-19 03:00:00,5.0,998.8662575207168,84.66824831988356,AWS-DEL-011,Delhi,DEL,center,True,unstructured_anomaly
2025-01-19 04:00:00,14.507076855226742,982.429186258908,80.95910680504802,AWS-DEL-011,Delhi,DEL,center,True,unstructured_anomaly
2025-01-19 05:00:00,14.529973755735199,984.0029649654049,95.0,AWS-DEL-011,Delhi,DEL,center,True,unstructured_anomaly
2025-01-19 06:00:00,16.319112434169558,985.2632612197083,79.06544651091957,AWS-DEL-011,Delhi,DEL,center,True,unstructured_anomaly
2025-01-19 07:00:00,5.0,999.5565634427744,95.0,AWS-DEL-011,Delhi,DEL,center,True,unstructured_anomaly
2025-01-19 08:00:00,5.469243993170574,999.8600302021703,95.0,AWS-DEL-011,Delhi,DEL,center,True,unstructured_anomaly
2025-01-19 09:00:00,12.3,994.2,96.0,AWS-DEL-011,Delhi,DEL,center,False,
2025-01-19 10:00:00,14.3,994.6,90.0,AWS-DEL-011,Delhi,DEL,center,False,
2025-01-19 11:00:00,16.5,994.3,84.0,AWS-DEL-011,Delhi,DEL,center,False,
2025-01-19 12:00:00,18.7,993.4,73.0,AWS-DEL-011,Delhi,DEL,center,False,
2025-01-19 13:00:00,20.2,992.1,67.0,AWS-DEL-011,Delhi,DEL,center,False,
2025-01-19 14:00:00,21.1,991.2,65.0,AWS-DEL-011,Delhi,DEL,center,False,
2025-01-19 15:00:00,21.3,990.6,65.0,AWS-DEL-011,Delhi,DEL,center,False,
2025-01-19 16:00:00,20.8,990.2,68.0,AWS-DEL-011,Delhi,DEL,center,False,
2025-01-19 17:00:00,19.0,989.9,78.0,AWS-DEL-011,Delhi,DEL,center,False,
2025-01-19 18:00:00,18.1,990.4,81.0,AWS-DEL-011,Delhi,DEL,center,False,
2025-01-19 19:00:00,17.7,990.4,80.0,AWS-DEL-011,Delhi,DEL,center,False,
2025-01-19 20:00:00,17.2,990.8,80.0,AWS-DEL-011,Delhi,DEL,center,False,
2025-01-19 21:00:00,16.6,990.9,80.0,AWS-DEL-011,Delhi,DEL,center,False,
2025-01-19 22:00:00,15.6,990.8,84.0,AWS-DEL-011,Delhi,DEL,center,False,
2025-01-19 23:00:00,14.7,990.5,88.0,AWS-DEL-011,Delhi,DEL,center,False,
2025-01-20 00:00:00,14.3,990.1,89.0,AWS-DEL-011,Delhi,DEL,center,False,
2025-01-20 01:00:00,13.7,989.6,91.0,AWS-DEL-011,Delhi,DEL,center,False,
2025-01-20 02:00:00,13.3,989.3,91.0,AWS-DEL-011,Delhi,DEL,center,False,
2025-01-20 03:00:00,13.0,989.2,91.0,AWS-DEL-011,Delhi,DEL,center,False,
2025-01-20 04:00:00,12.8,988.9,91.0,AWS-DEL-011,Delhi,DEL,center,False,
2025-01-20 05:00:00,12.5,989.0,91.0,AWS-DEL-011,Delhi,DEL,center,False,
2025-01-20 06:00:00,12.0,990.0,93.0,AWS-DEL-011,Delhi,DEL,center,False,
2025-01-20 07:00:00,11.7,990.6,94.0,AWS-DEL-011,Delhi,DEL,center,False,
2025-01-20 08:00:00,-39.99265358241705,991.2,93.0,AWS-DEL-011,Delhi,DEL,center,True,sensor_fail_low
2025-01-20 09:00:00,-40.073324347542844,992.0,90.0,AWS-DEL-011,Delhi,DEL,center,True,sensor_fail_low
2025-01-20 10:00:00,-40.01081055951283,992.4,84.0,AWS-DEL-011,Delhi,DEL,center,True,sensor_fail_low
2025-01-20 11:00:00,-40.008454601882114,992.3,77.0,AWS-DEL-011,Delhi,DEL,center,True,sensor_fail_low
2025-01-20 12:00:00,20.1,991.5,72.0,AWS-DEL-011,Delhi,DEL,center,False,
2025-01-20 13:00:00,21.2,990.5,70.0,AWS-DEL-011,Delhi,DEL,center,False,
2025-01-20 14:00:00,21.9,989.6,66.0,AWS-DEL-011,Delhi,DEL,center,False,
2025-01-20 15:00:00,21.9,989.0,65.0,AWS-DEL-011,Delhi,DEL,center,False,
2025-01-20 16:00:00,21.4,988.8,68.0,AWS-DEL-011,Delhi,DEL,center,False,
2025-01-20 17:00:00,19.6,988.7,75.0,AWS-DEL-011,Delhi,DEL,center,False,
2025-01-20 18:00:00,18.5,988.9,79.0,AWS-DEL-011,Delhi,DEL,center,False,
2025-01-20 19:00:00,17.9,989.2,81.0,AWS-DEL-011,Delhi,DEL,center,False,
2025-01-20 20:00:00,17.1,989.4,84.0,AWS-DEL-011,Delhi,DEL,center,False,
2025-01-20 21:00:00,16.4,989.7,86.0,AWS-DEL-011,Delhi,DEL,center,False,
2025-01-20 22:00:00,15.9,989.9,87.0,AWS-DEL-011,Delhi,DEL,center,False,
2025-01-20 23:00:00,15.3,989.7,88.0,AWS-DEL-011,Delhi,DEL,center,False,
2025-01-21 00:00:00,14.6,989.1,88.0,AWS-DEL-011,Delhi,DEL,center,False,
2025-01-21 01:00:00,14.1,989.0,89.0,AWS-DEL-011,Delhi,DEL,center,False,
2025-01-21 02:00:00,13.6,988.5,90.0,AWS-DEL-011,Delhi,DEL,center,False,
2025-01-21 03:00:00,12.7,988.4,91.0,AWS-DEL-011,Delhi,DEL,center,False,
2025-01-21 04:00:00,12.3,988.0,91.0,AWS-DEL-011,Delhi,DEL,center,False,
2025-01-21 05:00:00,11.8,987.9,92.0,AWS-DEL-011,Delhi,DEL,center,False,
2025-01-21 06:00:00,11.3,988.5,90.0,AWS-DEL-011,Delhi,DEL,center,False,
2025-01-21 07:00:00,11.1,989.1,91.0,AWS-DEL-011,Delhi,DEL,center,False,
2025-01-21 08:00:00,12.4,990.1,87.0,AWS-DEL-011,Delhi,DEL,center,False,
2025-01-21 09:00:00,24.60871460014031,989.9039820397969,100.0,AWS-DEL-011,Delhi,DEL,center,True,multivariate_inconsistency
2025-01-21 10:00:00,27.00871460014031,990.495595372832,100.0,AWS-DEL-011,Delhi,DEL,center,True,multivariate_inconsistency
2025-01-21 11:00:00,29.10871460014031,991.1883302746658,100.0,AWS-DEL-011,Delhi,DEL,center,True,multivariate_inconsistency
2025-01-21 12:00:00,30.70871460014031,989.7393138275932,100.0,AWS-DEL-011,Delhi,DEL,center,True,multivariate_inconsistency
2025-01-21 13:00:00,21.4,988.9,58.0,AWS-DEL-011,Delhi,DEL,center,False,
2025-01-21 14:00:00,21.9,988.3,55.0,AWS-DEL-011,Delhi,DEL,center,False,
2025-01-21 15:00:00,21.7,987.7,55.0,AWS-DEL-011,Delhi,DEL,center,False,
2025-01-21 16:00:00,20.9,987.4,60.0,AWS-DEL-011,Delhi,DEL,center,False,
2025-01-21 17:00:00,19.0,987.2,69.0,AWS-DEL-011,Delhi,DEL,center,False,
2025-01-21 18:00:00,17.7,987.4,74.0,AWS-DEL-011,Delhi,DEL,center,False,
2025-01-21 19:00:00,17.0,988.0,77.0,AWS-DEL-011,Delhi,DEL,center,False,
2025-01-21 20:00:00,,988.6,79.0,AWS-DEL-011,Delhi,DEL,center,True,dropout
2025-01-21 21:00:00,15.4,989.0,81.0,AWS-DEL-011,Delhi,DEL,center,False,
2025-01-21 22:00:00,14.7,988.8,82.0,AWS-DEL-011,Delhi,DEL,center,False,
2025-01-21 23:00:00,14.2,988.6,83.0,AWS-DEL-011,Delhi,DEL,center,False,
2025-01-22 00:00:00,13.6,988.3,84.0,AWS-DEL-011,Delhi,DEL,center,False,
2025-01-22 01:00:00,13.1,988.3,86.0,AWS-DEL-011,Delhi,DEL,center,False,
2025-01-22 02:00:00,12.4,987.9,89.0,AWS-DEL-011,Delhi,DEL,center,False,
2025-01-22 03:00:00,11.9,987.6,90.0,AWS-DEL-011,Delhi,DEL,center,False,
2025-01-22 04:00:00,11.3,987.3,91.0,AWS-DEL-011,Delhi,DEL,center,False,
2025-01-22 05:00:00,10.8,987.4,92.0,AWS-DEL-011,Delhi,DEL,center,False,
2025-01-22 06:00:00,10.5,988.2,94.0,AWS-DEL-011,Delhi,DEL,center,False,
2025-01-22 07:00:00,10.4,988.7,94.0,AWS-DEL-011,Delhi,DEL,center,False,
2025-01-22 08:00:00,11.9,989.5,91.0,AWS-DEL-011,Delhi,DEL,center,False,
2025-01-22 09:00:00,14.3,990.2,85.0,AWS-DEL-011,Delhi,DEL,center,False,
2025-01-22 10:00:00,16.9,990.6,76.0,AWS-DEL-011,Delhi,DEL,center,False,
2025-01-22 11:00:00,19.3,990.3,68.0,AWS-DEL-011,Delhi,DEL,center,False,
2025-01-22 12:00:00,27.80450239994539,989.1155034787444,90.01242041812743,AWS-DEL-011,Delhi,DEL,center,True,multivariate_inconsistency
2025-01-22 13:00:00,28.904502399945393,988.6987822164334,75.86479214022486,AWS-DEL-011,Delhi,DEL,center,True,multivariate_inconsistency
2025-01-22 14:00:00,29.404502399945393,987.5979592133857,69.5970261292405,AWS-DEL-011,Delhi,DEL,center,True,multivariate_inconsistency
2025-01-22 15:00:00,22.8,987.1,45.0,AWS-DEL-011,Delhi,DEL,center,False,
2025-01-22 16:00:00,22.0,986.9,53.0,AWS-DEL-011,Delhi,DEL,center,False,
2025-01-22 17:00:00,20.0,986.8,65.0,AWS-DEL-011,Delhi,DEL,center,False,
2025-01-22 18:00:00,18.6,987.6,67.0,AWS-DEL-011,Delhi,DEL,center,False,
2025-01-22 19:00:00,17.8,988.1,73.0,AWS-DEL-011,Delhi,DEL,center,False,
2025-01-22 20:00:00,17.0,988.7,76.0,AWS-DEL-011,Delhi,DEL,center,False,
2025-01-22 21:00:00,16.6,989.0,77.0,AWS-DEL-011,Delhi,DEL,center,False,
2025-01-22 22:00:00,15.9,989.0,78.0,AWS-DEL-011,Delhi,DEL,center,False,
2025-01-22 23:00:00,15.1,989.1,80.0,AWS-DEL-011,Delhi,DEL,center,False,
2025-01-23 00:00:00,14.8,989.4,81.0,AWS-DEL-011,Delhi,DEL,center,False,
2025-01-23 01:00:00,14.9,989.4,81.0,AWS-DEL-011,Delhi,DEL,center,False,
2025-01-23 02:00:00,14.2,988.7,80.0,AWS-DEL-011,Delhi,DEL,center,False,
2025-01-23 03:00:00,13.5,988.7,89.0,AWS-DEL-011,Delhi,DEL,center,False,
2025-01-23 04:00:00,13.5,988.0,89.0,AWS-DEL-011,Delhi,DEL,center,False,
2025-01-23 05:00:00,12.7,988.1,91.0,AWS-DEL-011,Delhi,DEL,center,False,
2025-01-23 06:00:00,13.0,989.0,90.0,AWS-DEL-011,Delhi,DEL,center,False,
2025-01-23 07:00:00,11.7,989.5,93.0,AWS-DEL-011,Delhi,DEL,center,False,
2025-01-23 08:00:00,13.5,990.5,91.0,AWS-DEL-011,Delhi,DEL,center,False,
2025-01-23 09:00:00,15.3,991.5,87.0,AWS-DEL-011,Delhi,DEL,center,False,
2025-01-23 10:00:00,17.4,992.3,77.0,AWS-DEL-011,Delhi,DEL,center,False,
2025-01-23 11:00:00,19.3,992.0,67.0,AWS-DEL-011,Delhi,DEL,center,True,frozen_value
2025-01-23 12:00:00,20.8,992.0222353457357,55.0,AWS-DEL-011,Delhi,DEL,center,True,frozen_value
2025-01-23 13:00:00,21.7,992.0174879156299,45.0,AWS-DEL-011,Delhi,DEL,center,True,frozen_value
2025-01-23 14:00:00,21.9,991.9503573129957,40.0,AWS-DEL-011,Delhi,DEL,center,True,frozen_value
2025-01-23 15:00:00,21.6,991.9123055362602,40.0,AWS-DEL-011,Delhi,DEL,center,True,frozen_value
2025-01-23 16:00:00,20.7,991.8746180741824,47.0,AWS-DEL-011,Delhi,DEL,center,True,frozen_value
2025-01-23 17:00:00,18.8,991.8685667354794,57.0,AWS-DEL-011,Delhi,DEL,center,True,frozen_value
2025-01-23 18:00:00,17.4,989.7,60.0,AWS-DEL-011,Delhi,DEL,center,False,
2025-01-23 19:00:00,16.3,990.4,61.0,AWS-DEL-011,Delhi,DEL,center,False,
2025-01-23 20:00:00,15.5,990.8,63.0,AWS-DEL-011,Delhi,DEL,center,False,
2025-01-23 21:00:00,14.8,991.2,68.0,AWS-DEL-011,Delhi,DEL,center,False,
2025-01-23 22:00:00,14.3,991.1,70.0,AWS-DEL-011,Delhi,DEL,center,False,
2025-01-23 23:00:00,13.8,991.0,71.0,AWS-DEL-011,Delhi,DEL,center,False,
2025-01-24 00:00:00,13.1,990.4,73.0,AWS-DEL-011,Delhi,DEL,center,False,
2025-01-24 01:00:00,12.5,990.0,74.0,AWS-DEL-011,Delhi,DEL,center,False,
2025-01-24 02:00:00,11.9,989.4,75.0,AWS-DEL-011,Delhi,DEL,center,False,
2025-01-24 03:00:00,11.4,989.1,77.0,AWS-DEL-011,Delhi,DEL,center,False,
2025-01-24 04:00:00,11.1,989.0,78.0,AWS-DEL-011,Delhi,DEL,center,False,
2025-01-24 05:00:00,10.6,989.2,80.0,AWS-DEL-011,Delhi,DEL,center,False,
2025-01-24 06:00:00,10.8,989.7,85.0,AWS-DEL-011,Delhi,DEL,center,False,
2025-01-24 07:00:00,10.4,990.6,85.0,AWS-DEL-011,Delhi,DEL,center,False,
2025-01-24 08:00:00,11.3,991.3,83.0,AWS-DEL-011,Delhi,DEL,center,False,
2025-01-24 09:00:00,13.2,992.2,77.0,AWS-DEL-011,Delhi,DEL,center,False,
2025-01-24 10:00:00,15.5,992.4,69.0,AWS-DEL-011,Delhi,DEL,center,False,
2025-01-24 11:00:00,17.8,992.1,61.0,AWS-DEL-011,Delhi,DEL,center,False,
2025-01-24 12:00:00,19.6,991.4,53.0,AWS-DEL-011,Delhi,DEL,center,False,
2025-01-24 13:00:00,20.6,990.4,45.0,AWS-DEL-011,Delhi,DEL,center,False,
2025-01-24 14:00:00,20.9,989.8,42.0,AWS-DEL-011,Delhi,DEL,center,False,
2025-01-24 15:00:00,20.7,989.4,42.0,AWS-DEL-011,Delhi,DEL,center,False,
2025-01-24 16:00:00,19.9,989.2,47.0,AWS-DEL-011,Delhi,DEL,center,False,
2025-01-24 17:00:00,18.1,989.2,56.0,AWS-DEL-011,Delhi,DEL,center,False,
2025-01-24 18:00:00,17.1,989.6,61.0,AWS-DEL-011,Delhi,DEL,center,False,
2025-01-24 19:00:00,16.1,989.9,65.0,AWS-DEL-011,Delhi,DEL,center,False,
2025-01-24 20:00:00,15.2,990.2,68.0,AWS-DEL-011,Delhi,DEL,center,False,
2025-01-24 21:00:00,14.4,990.4,70.0,AWS-DEL-011,Delhi,DEL,center,False,
2025-01-24 22:00:00,13.6,990.3,71.0,AWS-DEL-011,Delhi,DEL,center,False,
2025-01-24 23:00:00,12.9,989.9,72.0,AWS-DEL-011,Delhi,DEL,center,False,
2025-01-25 00:00:00,12.3,989.6,73.0,AWS-DEL-011,Delhi,DEL,center,False,
2025-01-25 01:00:00,11.6,989.3,73.0,AWS-DEL-011,Delhi,DEL,center,False,
2025-01-25 02:00:00,11.1,988.8,74.0,AWS-DEL-011,Delhi,DEL,center,False,
2025-01-25 03:00:00,10.6,988.7,74.0,AWS-DEL-011,Delhi,DEL,center,False,
2025-01-25 04:00:00,10.2,988.5,74.0,AWS-DEL-011,Delhi,DEL,center,False,
2025-01-25 05:00:00,9.7,988.8,73.0,AWS-DEL-011,Delhi,DEL,center,True,drift
2025-01-25 06:00:00,9.4,989.2,78.05561065444182,AWS-DEL-011,Delhi,DEL,center,True,drift
2025-01-25 07:00:00,9.0,990.0,78.17306895956585,AWS-DEL-011,Delhi,DEL,center,True,drift
2025-01-25 08:00:00,10.1,990.7,74.33717654432417,AWS-DEL-011,Delhi,DEL,center,True,drift
2025-01-25 09:00:00,12.1,991.6,68.54170643673909,AWS-DEL-011,Delhi,DEL,center,True,drift
2025-01-25 10:00:00,14.6,992.4,60.78283100902528,AWS-DEL-011,Delhi,DEL,center,True,drift
2025-01-25 11:00:00,16.8,991.8,55.057853647344395,AWS-DEL-011,Delhi,DEL,center,True,drift
2025-01-25 12:00:00,18.7,991.0,49.36472698848691,AWS-DEL-011,Delhi,DEL,center,True,drift
2025-01-25 13:00:00,20.1,990.0,44.70182027711071,AWS-DEL-011,Delhi,DEL,center,True,drift
2025-01-25 14:00:00,20.8,989.1,42.06779031972881,AWS-DEL-011,Delhi,DEL,center,True,drift
2025-01-25 15:00:00,20.7,988.8,42.46150298041902,AWS-DEL-011,Delhi,DEL,center,True,drift
2025-01-25 16:00:00,19.8,988.7,48.88198213947395,AWS-DEL-011,Delhi,DEL,center,True,drift
2025-01-25 17:00:00,17.7,988.7,59.32837479197466,AWS-DEL-011,Delhi,DEL,center,True,drift
2025-01-25 18:00:00,16.6,989.0,62.799926217893145,AWS-DEL-011,Delhi,DEL,center,True,drift
2025-01-25 19:00:00,15.6,989.6,65.29596174254071,AWS-DEL-011,Delhi,DEL,center,True,drift
2025-01-25 20:00:00,14.5,989.9,67.8158729791496,AWS-DEL-011,Delhi,DEL,center,True,drift
2025-01-25 21:00:00,13.7,990.1,69.35910721903134,AWS-DEL-011,Delhi,DEL,center,True,drift
2025-01-25 22:00:00,13.0,990.1,70.92515909271714,AWS-DEL-011,Delhi,DEL,center,True,drift
2025-01-25 23:00:00,12.3,989.9,72.51356390798816,AWS-DEL-011,Delhi,DEL,center,True,drift
2025-01-26 00:00:00,11.6,989.2,74.12389225119118,AWS-DEL-011,Delhi,DEL,center,True,drift
2025-01-26 01:00:00,10.9,989.0,76.75574555708599,AWS-DEL-011,Delhi,DEL,center,True,drift
2025-01-26 02:00:00,10.4,988.6,78.40875243282109,AWS-DEL-011,Delhi,DEL,center,True,drift
2025-01-26 03:00:00,10.0,988.4,81.08256557722926,AWS-DEL-011,Delhi,DEL,center,True,drift
2025-01-26 04:00:00,9.6,988.4,83.7768591758985,AWS-DEL-011,Delhi,DEL,center,True,drift
2025-01-26 05:00:00,9.1,988.5,86.49132668071718,AWS-DEL-011,Delhi,DEL,center,True,drift
2025-01-26 06:00:00,8.5,989.4,93.22567890324616,AWS-DEL-011,Delhi,DEL,center,True,drift
2025-01-26 07:00:00,8.2,990.0,93.97964236660009,AWS-DEL-011,Delhi,DEL,center,True,drift
2025-01-26 08:00:00,9.5,991.0,88.75295787205391,AWS-DEL-011,Delhi,DEL,center,True,drift
2025-01-26 09:00:00,11.9,991.9,80.54537924537524,AWS-DEL-011,Delhi,DEL,center,True,drift
2025-01-26 10:00:00,14.8,992.5,70.35667223465055,AWS-DEL-011,Delhi,DEL,center,True,drift
2025-01-26 11:00:00,17.3,992.0,64.18661353664052,AWS-DEL-011,Delhi,DEL,center,True,drift
2025-01-26 12:00:00,19.1,990.8,58.03498993284053,AWS-DEL-011,Delhi,DEL,center,True,drift
2025-01-26 13:00:00,20.4,989.6,39.0,AWS-DEL-011,Delhi,DEL,center,False,
2025-01-26 14:00:00,21.0,988.9,38.0,AWS-DEL-011,Delhi,DEL,center,False,
2025-01-26 15:00:00,21.0,988.5,37.0,AWS-DEL-011,Delhi,DEL,center,False,
2025-01-26 16:00:00,20.2,988.3,42.0,AWS-DEL-011,Delhi,DEL,center,False,
2025-01-26 17:00:00,18.0,988.0,56.0,AWS-DEL-011,Delhi,DEL,center,False,
2025-01-26 18:00:00,16.9,988.2,60.0,AWS-DEL-011,Delhi,DEL,center,False,
2025-01-26 19:00:00,15.9,988.6,62.0,AWS-DEL-011,Delhi,DEL,center,False,
2025-01-26 20:00:00,14.8,988.9,64.0,AWS-DEL-011,Delhi,DEL,center,False,
2025-01-26 21:00:00,13.7,989.0,68.0,AWS-DEL-011,Delhi,DEL,center,False,
2025-01-26 22:00:00,12.9,989.2,70.0,AWS-DEL-011,Delhi,DEL,center,False,
2025-01-26 23:00:00,12.3,989.1,71.0,AWS-DEL-011,Delhi,DEL,center,False,
2025-01-27 00:00:00,21.313502000366803,988.4566843145752,100.0,AWS-DEL-011,Delhi,DEL,center,True,multivariate_inconsistency
2025-01-27 01:00:00,20.6135020003668,988.0485829865404,100.0,AWS-DEL-011,Delhi,DEL,center,True,multivariate_inconsistency
2025-01-27 02:00:00,19.9135020003668,988.234633649465,100.0,AWS-DEL-011,Delhi,DEL,center,True,multivariate_inconsistency
2025-01-27 03:00:00,19.313502000366803,987.8539517400063,100.0,AWS-DEL-011,Delhi,DEL,center,True,multivariate_inconsistency
2025-01-27 04:00:00,18.713502000366802,987.4679538199429,100.0,AWS-DEL-011,Delhi,DEL,center,True,multivariate_inconsistency
2025-01-27 05:00:00,8.4,987.5,80.0,AWS-DEL-011,Delhi,DEL,center,False,
2025-01-27 06:00:00,8.1,988.2,90.0,AWS-DEL-011,Delhi,DEL,center,False,
2025-01-27 07:00:00,7.8,989.0,90.0,AWS-DEL-011,Delhi,DEL,center,False,
2025-01-27 08:00:00,9.4,989.8,82.0,AWS-DEL-011,Delhi,DEL,center,False,
2025-01-27 09:00:00,12.3,990.8,69.0,AWS-DEL-011,Delhi,DEL,center,False,
2025-01-27 10:00:00,15.4,991.3,56.0,AWS-DEL-011,Delhi,DEL,center,False,
2025-01-27 11:00:00,17.9,990.9,47.0,AWS-DEL-011,Delhi,DEL,center,False,
2025-01-27 12:00:00,19.7,989.6,38.0,AWS-DEL-011,Delhi,DEL,center,False,
2025-01-27 13:00:00,20.9,988.6,34.0,AWS-DEL-011,Delhi,DEL,center,False,
2025-01-27 14:00:00,21.5,,31.0,AWS-DEL-011,Delhi,DEL,center,True,dropout
2025-01-27 15:00:00,21.4,986.9,32.0,AWS-DEL-011,Delhi,DEL,center,False,
2025-01-27 16:00:00,20.7,986.6,37.0,AWS-DEL-011,Delhi,DEL,center,False,
2025-01-27 17:00:00,19.0,986.6,46.0,AWS-DEL-011,Delhi,DEL,center,False,
2025-01-27 18:00:00,17.8,986.5,53.0,AWS-DEL-011,Delhi,DEL,center,False,
2025-01-27 19:00:00,16.7,987.0,59.0,AWS-DEL-011,Delhi,DEL,center,False,
2025-01-27 20:00:00,15.7,987.3,64.0,AWS-DEL-011,Delhi,DEL,center,False,
2025-01-27 21:00:00,14.7,987.5,68.0,AWS-DEL-011,Delhi,DEL,center,False,
2025-01-27 22:00:00,14.1,987.5,67.0,AWS-DEL-011,Delhi,DEL,center,False,
2025-01-27 23:00:00,13.6,987.2,64.0,AWS-DEL-011,Delhi,DEL,center,False,
2025-01-28 00:00:00,12.9,986.4,64.0,AWS-DEL-011,Delhi,DEL,center,False,
2025-01-28 01:00:00,12.2,986.4,66.0,AWS-DEL-011,Delhi,DEL,center,False,
2025-01-28 02:00:00,11.5,985.9,69.0,AWS-DEL-011,Delhi,DEL,center,False,
2025-01-28 03:00:00,10.8,985.7,71.0,AWS-DEL-011,Delhi,DEL,center,False,
2025-01-28 04:00:00,10.1,985.6,72.0,AWS-DEL-011,Delhi,DEL,center,False,
2025-01-28 05:00:00,9.4,985.9,74.0,AWS-DEL-011,Delhi,DEL,center,False,
2025-01-28 06:00:00,8.5,987.4,82.0,AWS-DEL-011,Delhi,DEL,center,False,
2025-01-28 07:00:00,8.0,988.3,84.0,AWS-DEL-011,Delhi,DEL,center,False,
2025-01-28 08:00:00,-6.4479170038980556,989.3,74.0,AWS-DEL-011,Delhi,DEL,center,True,spike
2025-01-28 09:00:00,12.9,990.3,61.0,AWS-DEL-011,Delhi,DEL,center,False,
2025-01-28 10:00:00,16.0,990.7,51.0,AWS-DEL-011,Delhi,DEL,center,False,
2025-01-28 11:00:00,18.7,990.1,42.0,AWS-DEL-011,Delhi,DEL,center,False,
2025-01-28 12:00:00,45.046843988876255,,34.0,AWS-DEL-011,Delhi,DEL,center,True,dropout
2025-01-28 13:00:00,22.2,988.3,28.0,AWS-DEL-011,Delhi,DEL,center,False,
2025-01-28 14:00:00,22.9,987.7,26.0,AWS-DEL-011,Delhi,DEL,center,False,
2025-01-28 15:00:00,22.8,987.2,26.0,AWS-DEL-011,Delhi,DEL,center,False,
2025-01-28 16:00:00,22.0,987.0,31.0,AWS-DEL-011,Delhi,DEL,center,False,
2025-01-28 17:00:00,20.3,986.9,42.0,AWS-DEL-011,Delhi,DEL,center,False,
2025-01-28 18:00:00,19.0,987.0,53.0,AWS-DEL-011,Delhi,DEL,center,False,
2025-01-28 19:00:00,17.5,987.7,61.0,AWS-DEL-011,Delhi,DEL,center,False,
2025-01-28 20:00:00,16.3,988.2,67.0,AWS-DEL-011,Delhi,DEL,center,False,
2025-01-28 21:00:00,15.1,988.5,72.0,AWS-DEL-011,Delhi,DEL,center,False,
2025-01-28 22:00:00,14.1,988.7,75.0,AWS-DEL-011,Delhi,DEL,center,False,
2025-01-28 23:00:00,13.4,988.8,74.0,AWS-DEL-011,Delhi,DEL,center,False,
2025-01-29 00:00:00,12.7,988.7,75.0,AWS-DEL-011,Delhi,DEL,center,False,
2025-01-29 01:00:00,11.9,988.6,79.0,AWS-DEL-011,Delhi,DEL,center,False,
2025-01-29 02:00:00,11.5,988.2,82.0,AWS-DEL-011,Delhi,DEL,center,False,
2025-01-29 03:00:00,11.2,988.2,84.0,AWS-DEL-011,Delhi,DEL,center,False,
2025-01-29 04:00:00,11.2,988.2,85.0,AWS-DEL-011,Delhi,DEL,center,False,
2025-01-29 05:00:00,10.7,988.4,87.0,AWS-DEL-011,Delhi,DEL,center,False,
2025-01-29 06:00:00,10.4,989.5,87.0,AWS-DEL-011,Delhi,DEL,center,False,
2025-01-29 07:00:00,10.2,990.3,89.0,AWS-DEL-011,Delhi,DEL,center,False,
2025-01-29 08:00:00,11.9,991.1,83.0,AWS-DEL-011,Delhi,DEL,center,False,
2025-01-29 09:00:00,14.8,992.0,70.0,AWS-DEL-011,Delhi,DEL,center,False,
2025-01-29 10:00:00,-40.04594587383152,992.5,56.0,AWS-DEL-011,Delhi,DEL,center,True,sensor_fail_low
2025-01-29 11:00:00,-40.04813800771687,992.2,45.0,AWS-DEL-011,Delhi,DEL,center,True,sensor_fail_low
2025-01-29 12:00:00,-40.01742339367407,991.1,36.0,AWS-DEL-011,Delhi,DEL,center,True,sensor_fail_low
2025-01-29 13:00:00,-40.06986101909069,989.7,32.0,AWS-DEL-011,Delhi,DEL,center,True,sensor_fail_low
2025-01-29 14:00:00,24.0,988.8,31.0,AWS-DEL-011,Delhi,DEL,center,False,
2025-01-29 15:00:00,23.8,988.0,33.0,AWS-DEL-011,Delhi,DEL,center,False,
2025-01-29 16:00:00,23.0,987.8,36.0,AWS-DEL-011,Delhi,DEL,center,False,
2025-01-29 17:00:00,21.5,987.6,43.0,AWS-DEL-011,Delhi,DEL,center,False,
2025-01-29 18:00:00,20.1,987.7,52.0,AWS-DEL-011,Delhi,DEL,center,False,
2025-01-29 19:00:00,18.9,988.1,59.0,AWS-DEL-011,Delhi,DEL,center,False,
2025-01-29 20:00:00,18.0,988.6,64.0,AWS-DEL-011,Delhi,DEL,center,False,
2025-01-29 21:00:00,17.2,988.7,66.0,AWS-DEL-011,Delhi,DEL,center,False,
2025-01-29 22:00:00,16.4,988.7,68.0,AWS-DEL-011,Delhi,DEL,center,False,
2025-01-29 23:00:00,15.7,988.4,71.0,AWS-DEL-011,Delhi,DEL,center,False,
2025-01-30 00:00:00,14.8,988.0,74.0,AWS-DEL-011,Delhi,DEL,center,False,
2025-01-30 01:00:00,14.1,987.5,78.0,AWS-DEL-011,Delhi,DEL,center,False,
2025-01-30 02:00:00,13.4,986.9,82.0,AWS-DEL-011,Delhi,DEL,center,False,
2025-01-30 03:00:00,12.7,986.3,85.0,AWS-DEL-011,Delhi,DEL,center,False,
2025-01-30 04:00:00,12.1,986.0,88.0,AWS-DEL-011,Delhi,DEL,center,False,
2025-01-30 05:00:00,11.7,985.7,90.0,AWS-DEL-011,Delhi,DEL,center,False,
2025-01-30 06:00:00,11.4,986.5,92.0,AWS-DEL-011,Delhi,DEL,center,False,
2025-01-30 07:00:00,11.3,987.1,91.0,AWS-DEL-011,Delhi,DEL,center,False,
2025-01-30 08:00:00,13.0,987.8,83.0,AWS-DEL-011,Delhi,DEL,center,False,
2025-01-30 09:00:00,15.8,988.4,70.0,AWS-DEL-011,Delhi,DEL,center,False,
2025-01-30 10:00:00,19.0,988.8,57.0,AWS-DEL-011,Delhi,DEL,center,False,
2025-01-30 11:00:00,21.4,988.4,46.0,AWS-DEL-011,Delhi,DEL,center,False,
2025-01-30 12:00:00,23.0,987.3,40.0,AWS-DEL-011,Delhi,DEL,center,False,
2025-01-30 13:00:00,24.1,986.0,37.0,AWS-DEL-011,Delhi,DEL,center,False,
2025-01-30 14:00:00,24.7,985.1,35.0,AWS-DEL-011,Delhi,DEL,center,False,
2025-01-30 15:00:00,24.8,984.7,36.0,AWS-DEL-011,Delhi,DEL,center,False,
2025-01-30 16:00:00,24.2,984.4,38.0,AWS-DEL-011,Delhi,DEL,center,False,
2025-01-30 17:00:00,22.9,984.3,43.0,AWS-DEL-011,Delhi,DEL,center,False,
2025-01-30 18:00:00,44.44047853228557,984.4,54.0,AWS-DEL-011,Delhi,DEL,center,True,spike
2025-01-30 19:00:00,19.9,984.6,63.0,AWS-DEL-011,Delhi,DEL,center,False,
2025-01-30 20:00:00,18.7,985.0,71.0,AWS-DEL-011,Delhi,DEL,center,False,
2025-01-30 21:00:00,17.8,985.4,77.0,AWS-DEL-011,Delhi,DEL,center,False,
2025-01-30 22:00:00,17.2,985.6,80.0,AWS-DEL-011,Delhi,DEL,center,False,
2025-01-30 23:00:00,16.6,985.6,82.0,AWS-DEL-011,Delhi,DEL,center,False,
2025-01-31 00:00:00,16.1,985.0,83.0,AWS-DEL-011,Delhi,DEL,center,False,
2025-01-31 01:00:00,15.5,984.9,85.0,AWS-DEL-011,Delhi,DEL,center,False,
2025-01-31 02:00:00,14.6,984.6,89.0,AWS-DEL-011,Delhi,DEL,center,False,
2025-01-31 03:00:00,14.1,984.2,91.0,AWS-DEL-011,Delhi,DEL,center,False,
2025-01-31 04:00:00,13.5,983.9,92.0,AWS-DEL-011,Delhi,DEL,center,False,
2025-01-31 05:00:00,12.9,984.1,94.0,AWS-DEL-011,Delhi,DEL,center,False,
2025-01-31 06:00:00,12.5,984.8,99.0,AWS-DEL-011,Delhi,DEL,center,False,
2025-01-31 07:00:00,12.1,985.5,99.0,AWS-DEL-011,Delhi,DEL,center,False,
2025-01-31 08:00:00,13.0,986.5,97.0,AWS-DEL-011,Delhi,DEL,center,False,
2025-01-31 09:00:00,14.8,987.6,90.0,AWS-DEL-011,Delhi,DEL,center,False,
2025-01-31 10:00:00,18.4,988.2,72.0,AWS-DEL-011,Delhi,DEL,center,False,
2025-01-31 11:00:00,22.1,987.8,57.0,AWS-DEL-011,Delhi,DEL,center,False,
2025-01-31 12:00:00,24.4,987.0,43.0,AWS-DEL-011,Delhi,DEL,center,False,
2025-01-31 13:00:00,25.8,986.0,29.0,AWS-DEL-011,Delhi,DEL,center,False,
2025-01-31 14:00:00,26.3,985.5,25.0,AWS-DEL-011,Delhi,DEL,center,True,drift
2025-01-31 15:00:00,26.1,985.0,24.19045558444394,AWS-DEL-011,Delhi,DEL,center,True,drift
2025-01-31 16:00:00,25.5,984.8,24.380911168887874,AWS-DEL-011,Delhi,DEL,center,True,drift
2025-01-31 17:00:00,24.2,984.9,27.571366753331812,AWS-DEL-011,Delhi,DEL,center,True,drift
2025-01-31 18:00:00,22.2,985.5,42.76182233777575,AWS-DEL-011,Delhi,DEL,center,True,drift
2025-01-31 19:00:00,21.0,986.0,52.952277922219686,AWS-DEL-011,Delhi,DEL,center,True,drift
2025-01-31 20:00:00,20.2,986.6,53.142733506663625,AWS-DEL-011,Delhi,DEL,center,True,drift
2025-01-31 21:00:00,19.3,987.0,52.33318909110756,AWS-DEL-011,Delhi,DEL,center,True,drift
2025-01-31 22:00:00,18.7,987.2,52.5236446755515,AWS-DEL-011,Delhi,DEL,center,True,drift
2025-01-31 23:00:00,17.6,987.0,56.71410025999544,AWS-DEL-011,Delhi,DEL,center,True,drift
2025-02-01 00:00:00,16.8,986.7,63.90455584443938,AWS-DEL-011,Delhi,DEL,center,True,drift
2025-02-01 01:00:00,16.5,986.3,66.09501142888331,AWS-DEL-011,Delhi,DEL,center,True,drift
2025-02-01 02:00:00,16.0,986.0,65.28546701332725,AWS-DEL-011,Delhi,DEL,center,True,drift
2025-02-01 03:00:00,15.4,985.8,63.47592259777119,AWS-DEL-011,Delhi,DEL,center,True,drift
2025-02-01 04:00:00,14.8,985.8,64.66637818221513,AWS-DEL-011,Delhi,DEL,center,True,drift
2025-02-01 05:00:00,14.5,985.7,64.85683376665907,AWS-DEL-011,Delhi,DEL,center,True,drift
2025-02-01 06:00:00,12.7,986.9,78.047289351103,AWS-DEL-011,Delhi,DEL,center,True,drift
2025-02-01 07:00:00,12.9,987.8,77.23774493554694,AWS-DEL-011,Delhi,DEL,center,True,drift
2025-02-01 08:00:00,14.7,988.6,67.42820051999088,AWS-DEL-011,Delhi,DEL,center,True,drift
2025-02-01 09:00:00,17.6,989.6,54.61865610443481,AWS-DEL-011,Delhi,DEL,center,True,drift
2025-02-01 10:00:00,20.6,990.3,41.80911168887876,AWS-DEL-011,Delhi,DEL,center,True,drift
2025-02-01 11:00:00,23.0,990.1,28.99956727332269,AWS-DEL-011,Delhi,DEL,center,True,drift
2025-02-01 12:00:00,24.4,989.5,20.190022857766625,AWS-DEL-011,Delhi,DEL,center,True,drift
2025-02-01 13:00:00,25.3,988.5,34.0,AWS-DEL-011,Delhi,DEL,center,False,
2025-02-01 14:00:00,25.5,987.7,32.0,AWS-DEL-011,Delhi,DEL,center,False,
2025-02-01 15:00:00,25.5,987.2,32.0,AWS-DEL-011,Delhi,DEL,center,False,
2025-02-01 16:00:00,25.1,987.2,33.0,AWS-DEL-011,Delhi,DEL,center,False,
2025-02-01 17:00:00,24.1,987.3,36.0,AWS-DEL-011,Delhi,DEL,center,False,
2025-02-01 18:00:00,21.3,987.7,60.0,AWS-DEL-011,Delhi,DEL,center,False,
2025-02-01 19:00:00,20.8,988.2,61.0,AWS-DEL-011,Delhi,DEL,center,False,
2025-02-01 20:00:00,19.6,988.7,64.0,AWS-DEL-011,Delhi,DEL,center,False,
2025-02-01 21:00:00,17.7,990.3,77.0,AWS-DEL-011,Delhi,DEL,center,False,
2025-02-01 22:00:00,17.3,989.9,80.0,AWS-DEL-011,Delhi,DEL,center,False,
2025-02-01 23:00:00,17.1,989.8,79.0,AWS-DEL-011,Delhi,DEL,center,False,
2025-02-02 00:00:00,16.4,989.7,81.0,AWS-DEL-011,Delhi,DEL,center,False,
2025-02-02 01:00:00,15.5,989.5,84.0,AWS-DEL-011,Delhi,DEL,center,False,
2025-02-02 02:00:00,15.0,988.9,85.0,AWS-DEL-011,Delhi,DEL,center,False,
2025-02-02 03:00:00,14.7,988.9,86.0,AWS-DEL-011,Delhi,DEL,center,False,
2025-02-02 04:00:00,14.8,988.7,84.0,AWS-DEL-011,Delhi,DEL,center,False,
2025-02-02 05:00:00,14.2,988.9,85.0,AWS-DEL-011,Delhi,DEL,center,False,
2025-02-02 06:00:00,13.7,989.6,91.0,AWS-DEL-011,Delhi,DEL,center,False,
2025-02-02 07:00:00,13.7,990.3,91.0,AWS-DEL-011,Delhi,DEL,center,False,
2025-02-02 08:00:00,14.9,991.4,86.0,AWS-DEL-011,Delhi,DEL,center,False,
2025-02-02 09:00:00,17.1,992.3,75.0,AWS-DEL-011,Delhi,DEL,center,False,
2025-02-02 10:00:00,19.6,992.9,64.0,AWS-DEL-011,Delhi,DEL,center,False,
2025-02-02 11:00:00,21.7,992.4,51.0,AWS-DEL-011,Delhi,DEL,center,False,
2025-02-02 12:00:00,22.8,991.7,45.0,AWS-DEL-011,Delhi,DEL,center,False,
2025-02-02 13:00:00,23.5,990.6,40.0,AWS-DEL-011,Delhi,DEL,center,False,
2025-02-02 14:00:00,23.6,989.9,38.0,AWS-DEL-011,Delhi,DEL,center,False,
2025-02-02 15:00:00,23.3,989.5,39.0,AWS-DEL-011,Delhi,DEL,center,False,
2025-02-02 16:00:00,22.6,989.4,42.0,AWS-DEL-011,Delhi,DEL,center,False,
2025-02-02 17:00:00,21.3,989.4,48.0,AWS-DEL-011,Delhi,DEL,center,False,
2025-02-02 18:00:00,19.0,989.6,68.0,AWS-DEL-011,Delhi,DEL,center,False,
2025-02-02 19:00:00,18.1,990.1,74.0,AWS-DEL-011,Delhi,DEL,center,False,
2025-02-02 20:00:00,17.2,990.6,79.0,AWS-DEL-011,Delhi,DEL,center,False,
2025-02-02 21:00:00,16.3,990.7,81.0,AWS-DEL-011,Delhi,DEL,center,False,
2025-02-02 22:00:00,15.5,990.9,83.0,AWS-DEL-011,Delhi,DEL,center,False,
2025-02-02 23:00:00,14.8,990.6,83.0,AWS-DEL-011,Delhi,DEL,center,False,
2025-02-03 00:00:00,14.1,989.8,82.0,AWS-DEL-011,Delhi,DEL,center,False,
2025-02-03 01:00:00,13.3,989.2,82.0,AWS-DEL-011,Delhi,DEL,center,False,
2025-02-03 02:00:00,12.6,988.7,83.0,AWS-DEL-011,Delhi,DEL,center,False,
2025-02-03 03:00:00,11.9,988.5,86.0,AWS-DEL-011,Delhi,DEL,center,False,
2025-02-03 04:00:00,11.3,988.2,86.0,AWS-DEL-011,Delhi,DEL,center,False,
2025-02-03 05:00:00,10.8,988.2,87.0,AWS-DEL-011,Delhi,DEL,center,False,
2025-02-03 06:00:00,11.0,989.1,91.0,AWS-DEL-011,Delhi,DEL,center,False,
2025-02-03 07:00:00,10.9,989.8,91.0,AWS-DEL-011,Delhi,DEL,center,False,
2025-02-03 08:00:00,12.7,990.6,84.0,AWS-DEL-011,Delhi,DEL,center,False,
2025-02-03 09:00:00,15.1,991.5,73.0,AWS-DEL-011,Delhi,DEL,center,False,
2025-02-03 10:00:00,17.8,991.7,60.0,AWS-DEL-011,Delhi,DEL,center,False,
2025-02-03 11:00:00,20.0,991.1,46.0,AWS-DEL-011,Delhi,DEL,center,False,
2025-02-03 12:00:00,21.4,989.9,37.0,AWS-DEL-011,Delhi,DEL,center,False,
2025-02-03 13:00:00,22.4,989.0,34.0,AWS-DEL-011,Delhi,DEL,center,False,
2025-02-03 14:00:00,22.7,988.3,34.0,AWS-DEL-011,Delhi,DEL,center,False,
2025-02-03 15:00:00,22.8,988.0,35.0,AWS-DEL-011,Delhi,DEL,center,False,
2025-02-03 16:00:00,22.3,988.1,37.0,AWS-DEL-011,Delhi,DEL,center,False,
2025-02-03 17:00:00,20.7,988.2,57.0,AWS-DEL-011,Delhi,DEL,center,False,
2025-02-03 18:00:00,18.8,989.0,59.0,AWS-DEL-011,Delhi,DEL,center,False,
2025-02-03 19:00:00,10.457717310445659,998.2834251482524,48.30017546442458,AWS-DEL-011,Delhi,DEL,center,True,unstructured_anomaly
2025-02-03 20:00:00,9.909978998901629,998.6000796030136,86.04916125271335,AWS-DEL-011,Delhi,DEL,center,True,unstructured_anomaly
2025-02-03 21:00:00,22.22919663271032,983.3973552591332,51.28192984178543,AWS-DEL-011,Delhi,DEL,center,True,unstructured_anomaly
2025-02-03 22:00:00,21.042981098071706,983.3141522254009,85.95276782564757,AWS-DEL-011,Delhi,DEL,center,True,unstructured_anomaly
2025-02-03 23:00:00,20.799166286391404,981.8677940400872,54.23573001350913,AWS-DEL-011,Delhi,DEL,center,True,unstructured_anomaly
2025-02-04 00:00:00,14.3,989.7,73.0,AWS-DEL-011,Delhi,DEL,center,False,
2025-02-04 01:00:00,14.3,989.3,73.0,AWS-DEL-011,Delhi,DEL,center,False,
2025-02-04 02:00:00,13.9,989.1,73.0,AWS-DEL-011,Delhi,DEL,center,False,
2025-02-04 03:00:00,13.6,988.8,74.0,AWS-DEL-011,Delhi,DEL,center,False,
2025-02-04 04:00:00,13.2,988.5,75.0,AWS-DEL-011,Delhi,DEL,center,False,
2025-02-04 05:00:00,13.0,989.0,76.0,AWS-DEL-011,Delhi,DEL,center,False,
2025-02-04 06:00:00,15.1,990.2,75.0,AWS-DEL-011,Delhi,DEL,center,False,
2025-02-04 07:00:00,14.9,990.7,71.0,AWS-DEL-011,Delhi,DEL,center,False,
2025-02-04 08:00:00,15.2,991.3,70.0,AWS-DEL-011,Delhi,DEL,center,False,
2025-02-04 09:00:00,16.4,992.0,68.0,AWS-DEL-011,Delhi,DEL,center,False,
2025-02-04 10:00:00,18.0,977.806222571352,63.0,AWS-DEL-011,Delhi,DEL,center,True,spike
2025-02-04 11:00:00,20.2,991.9,53.0,AWS-DEL-011,Delhi,DEL,center,False,
2025-02-04 12:00:00,21.8,990.8,51.0,AWS-DEL-011,Delhi,DEL,center,False,
2025-02-04 13:00:00,22.4,989.6,52.0,AWS-DEL-011,Delhi,DEL,center,False,
2025-02-04 14:00:00,22.9,988.7,51.0,AWS-DEL-011,Delhi,DEL,center,False,
2025-02-04 15:00:00,28.2994459420439,979.965873104255,33.189126088225365,AWS-DEL-011,Delhi,DEL,center,True,unstructured_anomaly
2025-02-04 16:00:00,16.76605833215426,996.3440017046396,37.0788282237141,AWS-DEL-011,Delhi,DEL,center,True,unstructured_anomaly
2025-02-04 17:00:00,27.891253439376765,980.301861734888,81.7637808070442,AWS-DEL-011,Delhi,DEL,center,True,unstructured_anomaly
2025-02-04 18:00:00,25.972249536379373,980.6935791093973,62.5917920351109,AWS-DEL-011,Delhi,DEL,center,True,unstructured_anomaly
2025-02-04 19:00:00,11.890648009686473,995.7987963835342,66.26594677583887,AWS-DEL-011,Delhi,DEL,center,True,unstructured_anomaly
2025-02-04 20:00:00,17.8,988.8,86.0,AWS-DEL-011,Delhi,DEL,center,False,
2025-02-04 21:00:00,17.1,988.8,88.0,AWS-DEL-011,Delhi,DEL,center,False,
2025-02-04 22:00:00,16.7,988.6,90.0,AWS-DEL-011,Delhi,DEL,center,False,
2025-02-04 23:00:00,16.9,989.0,86.0,AWS-DEL-011,Delhi,DEL,center,False,
2025-02-05 00:00:00,15.7,988.6,87.0,AWS-DEL-011,Delhi,DEL,center,False,
2025-02-05 01:00:00,14.9,988.6,89.0,AWS-DEL-011,Delhi,DEL,center,False,
2025-02-05 02:00:00,14.4,988.3,91.0,AWS-DEL-011,Delhi,DEL,center,False,
2025-02-05 03:00:00,13.6,988.0,95.0,AWS-DEL-011,Delhi,DEL,center,False,
2025-02-05 04:00:00,13.4,988.4,96.0,AWS-DEL-011,Delhi,DEL,center,False,
2025-02-05 05:00:00,12.8,988.7,96.0,AWS-DEL-011,Delhi,DEL,center,False,
2025-02-05 06:00:00,12.2,989.3,95.0,AWS-DEL-011,Delhi,DEL,center,False,
2025-02-05 07:00:00,11.9,990.0,95.0,AWS-DEL-011,Delhi,DEL,center,False,
2025-02-05 08:00:00,13.0,990.9,88.0,AWS-DEL-011,Delhi,DEL,center,False,
2025-02-05 09:00:00,15.1,992.1,78.0,AWS-DEL-011,Delhi,DEL,center,False,
2025-02-05 10:00:00,17.4,992.7,65.0,AWS-DEL-011,Delhi,DEL,center,False,
2025-02-05 11:00:00,19.2,992.6,54.0,AWS-DEL-011,Delhi,DEL,center,False,
2025-02-05 12:00:00,20.5,991.7,42.0,AWS-DEL-011,Delhi,DEL,center,False,
2025-02-05 13:00:00,21.2,990.9,37.0,AWS-DEL-011,Delhi,DEL,center,False,
2025-02-05 14:00:00,21.4,990.2,34.0,AWS-DEL-011,Delhi,DEL,center,False,
2025-02-05 15:00:00,21.1,989.9,33.0,AWS-DEL-011,Delhi,DEL,center,False,
2025-02-05 16:00:00,20.3,989.9,36.0,AWS-DEL-011,Delhi,DEL,center,False,
2025-02-05 17:00:00,19.1,990.0,43.0,AWS-DEL-011,Delhi,DEL,center,False,
2025-02-05 18:00:00,17.8,990.5,50.0,AWS-DEL-011,Delhi,DEL,center,False,
2025-02-05 19:00:00,16.8,991.1,58.0,AWS-DEL-011,Delhi,DEL,center,False,
2025-02-05 20:00:00,15.5,991.5,65.0,AWS-DEL-011,Delhi,DEL,center,False,
2025-02-05 21:00:00,14.5,992.0,69.0,AWS-DEL-011,Delhi,DEL,center,False,
2025-02-05 22:00:00,13.8,992.4,70.0,AWS-DEL-011,Delhi,DEL,center,True,frozen_value
2025-02-05 23:00:00,13.914294476353328,992.1,68.0,AWS-DEL-011,Delhi,DEL,center,True,frozen_value
2025-02-06 00:00:00,13.906998882339531,991.8,62.0,AWS-DEL-011,Delhi,DEL,center,True,frozen_value
2025-02-06 01:00:00,13.93464113820552,991.7,56.0,AWS-DEL-011,Delhi,DEL,center,True,frozen_value
2025-02-06 02:00:00,13.862054597914666,1002.46638348691,57.0,AWS-DEL-011,Delhi,DEL,center,True,frozen_value
2025-02-06 03:00:00,13.85492003040957,990.8,56.0,AWS-DEL-011,Delhi,DEL,center,True,frozen_value
2025-02-06 04:00:00,13.821890997228918,990.6,56.0,AWS-DEL-011,Delhi,DEL,center,True,frozen_value
2025-02-06 05:00:00,13.805931824203395,990.8,56.0,AWS-DEL-011,Delhi,DEL,center,True,frozen_value
2025-02-06 06:00:00,11.7,992.0,75.0,AWS-DEL-011,Delhi,DEL,center,False,
2025-02-06 07:00:00,11.4,992.6,75.0,AWS-DEL-011,Delhi,DEL,center,False,
2025-02-06 08:00:00,12.8,993.2,69.0,AWS-DEL-011,Delhi,DEL,center,False,
2025-02-06 09:00:00,15.2,993.8,62.0,AWS-DEL-011,Delhi,DEL,center,False,
2025-02-06 10:00:00,17.7,994.3,53.0,AWS-DEL-011,Delhi,DEL,center,False,
2025-02-06 11:00:00,19.6,993.8,39.0,AWS-DEL-011,Delhi,DEL,center,False,
2025-02-06 12:00:00,20.7,992.8,31.0,AWS-DEL-011,Delhi,DEL,center,False,
2025-02-06 13:00:00,21.1,992.0,28.0,AWS-DEL-011,Delhi,DEL,center,False,
2025-02-06 14:00:00,21.1,991.2,29.0,AWS-DEL-011,Delhi,DEL,center,False,
2025-02-06 15:00:00,20.6,990.7,33.0,AWS-DEL-011,Delhi,DEL,center,False,
2025-02-06 16:00:00,19.8,990.5,38.0,AWS-DEL-011,Delhi,DEL,center,False,
2025-02-06 17:00:00,18.6,990.4,43.0,AWS-DEL-011,Delhi,DEL,center,False,
2025-02-06 18:00:00,17.8,990.8,47.0,AWS-DEL-011,Delhi,DEL,center,False,
2025-02-06 19:00:00,16.6,991.3,51.0,AWS-DEL-011,Delhi,DEL,center,False,
2025-02-06 20:00:00,15.6,991.9,52.0,AWS-DEL-011,Delhi,DEL,center,False,
2025-02-06 21:00:00,14.8,992.4,54.0,AWS-DEL-011,Delhi,DEL,center,False,
2025-02-06 22:00:00,14.2,992.4,55.0,AWS-DEL-011,Delhi,DEL,center,False,
2025-02-06 23:00:00,13.5,992.5,57.0,AWS-DEL-011,Delhi,DEL,center,False,
2025-02-07 00:00:00,13.1,992.3,59.0,AWS-DEL-011,Delhi,DEL,center,False,
2025-02-07 01:00:00,12.6,992.0,60.0,AWS-DEL-011,Delhi,DEL,center,False,
2025-02-07 02:00:00,12.2,991.5,60.0,AWS-DEL-011,Delhi,DEL,center,False,
2025-02-07 03:00:00,11.7,991.1,61.0,AWS-DEL-011,Delhi,DEL,center,False,
2025-02-07 04:00:00,11.2,991.1,62.0,AWS-DEL-011,Delhi,DEL,center,False,
2025-02-07 05:00:00,10.8,991.1,64.0,AWS-DEL-011,Delhi,DEL,center,False,
2025-02-07 06:00:00,10.7,991.5,73.0,AWS-DEL-011,Delhi,DEL,center,False,
2025-02-07 07:00:00,10.6,992.0,71.0,AWS-DEL-011,Delhi,DEL,center,False,
2025-02-07 08:00:00,11.9,992.7,66.0,AWS-DEL-011,Delhi,DEL,center,False,
2025-02-07 09:00:00,14.1,993.4,58.0,AWS-DEL-011,Delhi,DEL,center,False,
2025-02-07 10:00:00,16.2,993.4,51.0,AWS-DEL-011,Delhi,DEL,center,False,
2025-02-07 11:00:00,18.2,993.2,45.0,AWS-DEL-011,Delhi,DEL,center,False,
2025-02-07 12:00:00,19.7,992.6,39.0,AWS-DEL-011,Delhi,DEL,center,False,
2025-02-07 13:00:00,20.6,991.9,35.0,AWS-DEL-011,Delhi,DEL,center,False,
2025-02-07 14:00:00,20.8,991.1,32.0,AWS-DEL-011,Delhi,DEL,center,False,
2025-02-07 15:00:00,20.7,990.6,31.0,AWS-DEL-011,Delhi,DEL,center,False,
2025-02-07 16:00:00,20.0,990.3,36.0,AWS-DEL-011,Delhi,DEL,center,False,
2025-02-07 17:00:00,18.7,990.2,41.0,AWS-DEL-011,Delhi,DEL,center,False,
2025-02-07 18:00:00,17.9,990.6,45.0,AWS-DEL-011,Delhi,DEL,center,False,
2025-02-07 19:00:00,16.8,991.2,50.0,AWS-DEL-011,Delhi,DEL,center,False,
2025-02-07 20:00:00,15.9,991.6,52.0,AWS-DEL-011,Delhi,DEL,center,False,
2025-02-07 21:00:00,15.1,991.5,53.0,AWS-DEL-011,Delhi,DEL,center,False,
2025-02-07 22:00:00,14.5,991.4,54.0,AWS-DEL-011,Delhi,DEL,center,False,
2025-02-07 23:00:00,13.9,991.2,54.0,AWS-DEL-011,Delhi,DEL,center,False,
2025-02-08 00:00:00,13.5,990.2,54.0,AWS-DEL-011,Delhi,DEL,center,False,
2025-02-08 01:00:00,13.1,989.8,55.0,AWS-DEL-011,Delhi,DEL,center,False,
2025-02-08 02:00:00,12.8,989.1,55.0,AWS-DEL-011,Delhi,DEL,center,False,
2025-02-08 03:00:00,12.5,989.0,55.0,AWS-DEL-011,Delhi,DEL,center,False,
2025-02-08 04:00:00,12.3,988.8,55.0,AWS-DEL-011,Delhi,DEL,center,False,
2025-02-08 05:00:00,12.0,989.0,56.0,AWS-DEL-011,Delhi,DEL,center,False,
2025-02-08 06:00:00,11.2,990.1,66.0,AWS-DEL-011,Delhi,DEL,center,False,
2025-02-08 07:00:00,11.1,990.8,66.0,AWS-DEL-011,Delhi,DEL,center,False,
2025-02-08 08:00:00,12.3,991.6,63.0,AWS-DEL-011,Delhi,DEL,center,False,
2025-02-08 09:00:00,14.5,992.5,56.0,AWS-DEL-011,Delhi,DEL,center,False,
2025-02-08 10:00:00,17.2,993.1,48.0,AWS-DEL-011,Delhi,DEL,center,False,
2025-02-08 11:00:00,19.6,992.8,42.0,AWS-DEL-011,Delhi,DEL,center,False,
2025-02-08 12:00:00,21.5,991.7,36.0,AWS-DEL-011,Delhi,DEL,center,False,
2025-02-08 13:00:00,22.8,990.6,32.0,AWS-DEL-011,Delhi,DEL,center,False,
2025-02-08 14:00:00,23.3,989.6,30.0,AWS-DEL-011,Delhi,DEL,center,False,
2025-02-08 15:00:00,23.2,989.1,31.0,AWS-DEL-011,Delhi,DEL,center,False,
2025-02-08 16:00:00,22.4,988.8,35.0,AWS-DEL-011,Delhi,DEL,center,False,
2025-02-08 17:00:00,20.8,989.0,45.0,AWS-DEL-011,Delhi,DEL,center,False,
2025-02-08 18:00:00,19.8,989.2,47.0,AWS-DEL-011,Delhi,DEL,center,False,
2025-02-08 19:00:00,18.8,990.2,54.0,AWS-DEL-011,Delhi,DEL,center,False,
2025-02-08 20:00:00,17.7,990.5,61.0,AWS-DEL-011,Delhi,DEL,center,False,
2025-02-08 21:00:00,16.7,990.9,65.0,AWS-DEL-011,Delhi,DEL,center,False,
2025-02-08 22:00:00,16.2,991.1,66.0,AWS-DEL-011,Delhi,DEL,center,False,
2025-02-08 23:00:00,15.5,990.9,67.0,AWS-DEL-011,Delhi,DEL,center,False,
2025-02-09 00:00:00,14.9,990.6,68.0,AWS-DEL-011,Delhi,DEL,center,False,
2025-02-09 01:00:00,14.5,990.2,69.0,AWS-DEL-011,Delhi,DEL,center,False,
2025-02-09 02:00:00,14.0,989.5,71.0,AWS-DEL-011,Delhi,DEL,center,False,
2025-02-09 03:00:00,13.2,989.0,75.0,AWS-DEL-011,Delhi,DEL,center,False,
2025-02-09 04:00:00,12.5,988.6,78.0,AWS-DEL-011,Delhi,DEL,center,False,
2025-02-09 05:00:00,11.9,988.6,80.0,AWS-DEL-011,Delhi,DEL,center,False,
2025-02-09 06:00:00,10.9,989.3,86.0,AWS-DEL-011,Delhi,DEL,center,False,
2025-02-09 07:00:00,10.8,989.7,86.0,AWS-DEL-011,Delhi,DEL,center,False,
2025-02-09 08:00:00,12.9,990.7,76.0,AWS-DEL-011,Delhi,DEL,center,False,
2025-02-09 09:00:00,15.9,991.8,63.0,AWS-DEL-011,Delhi,DEL,center,False,
2025-02-09 10:00:00,19.0,992.0,50.0,AWS-DEL-011,Delhi,DEL,center,False,
2025-02-09 11:00:00,21.8,991.7,38.0,AWS-DEL-011,Delhi,DEL,center,False,
2025-02-09 12:00:00,23.8,990.8,29.0,AWS-DEL-011,Delhi,DEL,center,False,
2025-02-09 13:00:00,24.8,989.6,25.0,AWS-DEL-011,Delhi,DEL,center,False,
2025-02-09 14:00:00,25.2,988.8,26.0,AWS-DEL-011,Delhi,DEL,center,False,
2025-02-09 15:00:00,24.9,988.2,28.0,AWS-DEL-011,Delhi,DEL,center,False,
2025-02-09 16:00:00,24.1,988.0,32.0,AWS-DEL-011,Delhi,DEL,center,False,
2025-02-09 17:00:00,22.5,987.8,41.0,AWS-DEL-011,Delhi,DEL,center,False,
2025-02-09 18:00:00,20.9,988.0,50.0,AWS-DEL-011,Delhi,DEL,center,False,
2025-02-09 19:00:00,19.5,988.5,59.0,AWS-DEL-011,Delhi,DEL,center,False,
2025-02-09 20:00:00,18.6,988.9,65.0,AWS-DEL-011,Delhi,DEL,center,False,
2025-02-09 21:00:00,17.9,989.2,68.0,AWS-DEL-011,Delhi,DEL,center,False,
2025-02-09 22:00:00,17.3,989.1,71.0,AWS-DEL-011,Delhi,DEL,center,False,
2025-02-09 23:00:00,16.8,988.7,73.0,AWS-DEL-011,Delhi,DEL,center,False,
2025-02-10 00:00:00,15.9,988.2,76.0,AWS-DEL-011,Delhi,DEL,center,False,
2025-02-10 01:00:00,14.7,987.9,81.0,AWS-DEL-011,Delhi,DEL,center,False,
2025-02-10 02:00:00,13.7,987.5,84.0,AWS-DEL-011,Delhi,DEL,center,False,
2025-02-10 03:00:00,12.9,987.3,86.0,AWS-DEL-011,Delhi,DEL,center,False,
2025-02-10 04:00:00,12.3,986.9,87.0,AWS-DEL-011,Delhi,DEL,center,False,
2025-02-10 05:00:00,11.8,987.0,89.0,AWS-DEL-011,Delhi,DEL,center,False,
2025-02-10 06:00:00,11.7,988.3,92.0,AWS-DEL-011,Delhi,DEL,center,False,
2025-02-10 07:00:00,11.8,988.7,91.0,AWS-DEL-011,Delhi,DEL,center,False,
2025-02-10 08:00:00,13.9,989.8,81.0,AWS-DEL-011,Delhi,DEL,center,False,
2025-02-10 09:00:00,17.5,991.0,65.0,AWS-DEL-011,Delhi,DEL,center,False,
2025-02-10 10:00:00,21.4,991.7,48.0,AWS-DEL-011,Delhi,DEL,center,False,
2025-02-10 11:00:00,24.4,991.4,31.0,AWS-DEL-011,Delhi,DEL,center,False,
2025-02-10 12:00:00,26.2,990.7,24.0,AWS-DEL-011,Delhi,DEL,center,False,
2025-02-10 13:00:00,26.8,989.5,22.0,AWS-DEL-011,Delhi,DEL,center,False,
2025-02-10 14:00:00,27.2,988.8,21.0,AWS-DEL-011,Delhi,DEL,center,False,
2025-02-10 15:00:00,27.2,988.2,22.0,AWS-DEL-011,Delhi,DEL,center,False,
2025-02-10 16:00:00,26.6,988.1,23.0,AWS-DEL-011,Delhi,DEL,center,False,
2025-02-10 17:00:00,25.1,987.9,29.0,AWS-DEL-011,Delhi,DEL,center,False,
2025-02-10 18:00:00,22.3,988.1,47.0,AWS-DEL-011,Delhi,DEL,center,False,
2025-02-10 19:00:00,21.1,988.8,57.0,AWS-DEL-011,Delhi,DEL,center,False,
2025-02-10 20:00:00,20.5,989.2,60.0,AWS-DEL-011,Delhi,DEL,center,False,
2025-02-10 21:00:00,19.6,989.3,64.0,AWS-DEL-011,Delhi,DEL,center,False,
2025-02-10 22:00:00,18.7,989.7,69.0,AWS-DEL-011,Delhi,DEL,center,False,
2025-02-10 23:00:00,17.9,989.4,74.0,AWS-DEL-011,Delhi,DEL,center,False,
2025-02-11 00:00:00,17.3,988.9,77.0,AWS-DEL-011,Delhi,DEL,center,False,
2025-02-11 01:00:00,-3.555175209582085,988.2,79.0,AWS-DEL-011,Delhi,DEL,center,True,spike
2025-02-11 02:00:00,16.4,987.5,80.0,AWS-DEL-011,Delhi,DEL,center,False,
2025-02-11 03:00:00,16.4,987.4,78.0,AWS-DEL-011,Delhi,DEL,center,False,
2025-02-11 04:00:00,15.3,987.2,82.0,AWS-DEL-011,Delhi,DEL,center,False,
2025-02-11 05:00:00,14.4,987.5,86.0,AWS-DEL-011,Delhi,DEL,center,False,
2025-02-11 06:00:00,12.8,988.2,90.0,AWS-DEL-011,Delhi,DEL,center,False,
2025-02-11 07:00:00,12.3,988.5,93.0,AWS-DEL-011,Delhi,DEL,center,False,
2025-02-11 08:00:00,14.3,989.4,83.0,AWS-DEL-011,Delhi,DEL,center,False,
2025-02-11 09:00:00,18.2,990.5,68.0,AWS-DEL-011,Delhi,DEL,center,False,
2025-02-11 10:00:00,22.0,991.1,51.0,AWS-DEL-011,Delhi,DEL,center,False,
2025-02-11 11:00:00,24.6,990.6,41.0,AWS-DEL-011,Delhi,DEL,center,False,
2025-02-11 12:00:00,26.2,989.8,37.0,AWS-DEL-011,Delhi,DEL,center,False,
2025-02-11 13:00:00,27.3,988.8,32.0,AWS-DEL-011,Delhi,DEL,center,False,
2025-02-11 14:00:00,27.9,987.9,25.0,AWS-DEL-011,Delhi,DEL,center,False,
2025-02-11 15:00:00,27.7,987.2,25.0,AWS-DEL-011,Delhi,DEL,center,False,
2025-02-11 16:00:00,26.5,987.0,32.0,AWS-DEL-011,Delhi,DEL,center,False,
2025-02-11 17:00:00,24.9,987.0,40.0,AWS-DEL-011,Delhi,DEL,center,False,
2025-02-11 18:00:00,23.5,987.0,44.0,AWS-DEL-011,Delhi,DEL,center,False,
2025-02-11 19:00:00,22.5,987.5,52.0,AWS-DEL-011,Delhi,DEL,center,False,
2025-02-11 20:00:00,21.4,987.8,56.0,AWS-DEL-011,Delhi,DEL,center,False,
2025-02-11 21:00:00,20.5,988.1,58.0,AWS-DEL-011,Delhi,DEL,center,False,
2025-02-11 22:00:00,19.3,988.6,66.0,AWS-DEL-011,Delhi,DEL,center,False,
2025-02-11 23:00:00,18.4,988.4,69.0,AWS-DEL-011,Delhi,DEL,center,False,
2025-02-12 00:00:00,18.3,988.3,67.0,AWS-DEL-011,Delhi,DEL,center,False,
2025-02-12 01:00:00,17.1,988.0,70.0,AWS-DEL-011,Delhi,DEL,center,False,
2025-02-12 02:00:00,15.9,987.5,71.0,AWS-DEL-011,Delhi,DEL,center,False,
2025-02-12 03:00:00,15.3,987.1,72.0,AWS-DEL-011,Delhi,DEL,center,False,
2025-02-12 04:00:00,14.6,987.2,72.0,AWS-DEL-011,Delhi,DEL,center,False,
2025-02-12 05:00:00,14.1,987.6,71.0,AWS-DEL-011,Delhi,DEL,center,False,
2025-02-12 06:00:00,13.8,988.3,81.0,AWS-DEL-011,Delhi,DEL,center,False,
2025-02-12 07:00:00,13.6,989.0,79.0,AWS-DEL-011,Delhi,DEL,center,False,
2025-02-12 08:00:00,15.2,990.1,70.0,AWS-DEL-011,Delhi,DEL,center,False,
2025-02-12 09:00:00,17.8,991.3,59.0,AWS-DEL-011,Delhi,DEL,center,False,
2025-02-12 10:00:00,20.6,991.6,47.0,AWS-DEL-011,Delhi,DEL,center,False,
2025-02-12 11:00:00,23.3,991.4,36.0,AWS-DEL-011,Delhi,DEL,center,False,
2025-02-12 12:00:00,24.9,990.8,27.0,AWS-DEL-011,Delhi,DEL,center,False,
2025-02-12 13:00:00,25.3,989.7,25.0,AWS-DEL-011,Delhi,DEL,center,False,
2025-02-12 14:00:00,25.3,988.7,24.0,AWS-DEL-011,Delhi,DEL,center,False,
2025-02-12 15:00:00,24.8,988.9,24.0,AWS-DEL-011,Delhi,DEL,center,False,
2025-02-12 16:00:00,23.8,988.9,29.0,AWS-DEL-011,Delhi,DEL,center,False,
2025-02-12 17:00:00,22.5,988.9,36.0,AWS-DEL-011,Delhi,DEL,center,False,
2025-02-12 18:00:00,21.3,989.5,44.0,AWS-DEL-011,Delhi,DEL,center,False,
2025-02-12 19:00:00,20.3,990.1,49.0,AWS-DEL-011,Delhi,DEL,center,False,
2025-02-12 20:00:00,19.7,990.4,46.0,AWS-DEL-011,Delhi,DEL,center,False,
2025-02-12 21:00:00,19.0,990.8,46.0,AWS-DEL-011,Delhi,DEL,center,False,
2025-02-12 22:00:00,18.3,991.1,45.0,AWS-DEL-011,Delhi,DEL,center,False,
2025-02-12 23:00:00,17.8,990.7,43.0,AWS-DEL-011,Delhi,DEL,center,False,
2025-02-13 00:00:00,17.2,990.4,43.0,AWS-DEL-011,Delhi,DEL,center,False,
2025-02-13 01:00:00,16.6,990.2,45.0,AWS-DEL-011,Delhi,DEL,center,False,
2025-02-13 02:00:00,16.0,989.8,46.0,AWS-DEL-011,Delhi,DEL,center,False,
2025-02-13 03:00:00,15.3,989.4,51.0,AWS-DEL-011,Delhi,DEL,center,False,
2025-02-13 04:00:00,14.7,988.9,55.0,AWS-DEL-011,Delhi,DEL,center,False,
2025-02-13 05:00:00,14.3,989.0,57.0,AWS-DEL-011,Delhi,DEL,center,False,
2025-02-13 06:00:00,13.9,989.2,66.0,AWS-DEL-011,Delhi,DEL,center,False,
2025-02-13 07:00:00,13.7,990.0,66.0,AWS-DEL-011,Delhi,DEL,center,False,
2025-02-13 08:00:00,14.6,991.1,66.0,AWS-DEL-011,Delhi,DEL,center,False,
2025-02-13 09:00:00,16.6,991.8,60.0,AWS-DEL-011,Delhi,DEL,center,False,
2025-02-13 10:00:00,19.0,992.1,52.0,AWS-DEL-011,Delhi,DEL,center,False,
2025-02-13 11:00:00,21.0,991.9,42.0,AWS-DEL-011,Delhi,DEL,center,False,
2025-02-13 12:00:00,22.3,990.9,37.0,AWS-DEL-011,Delhi,DEL,center,False,
2025-02-13 13:00:00,23.2,989.8,32.0,AWS-DEL-011,Delhi,DEL,center,False,
2025-02-13 14:00:00,23.6,989.1,28.0,AWS-DEL-011,Delhi,DEL,center,False,
2025-02-13 15:00:00,23.4,988.4,28.0,AWS-DEL-011,Delhi,DEL,center,False,
2025-02-13 16:00:00,22.6,988.3,33.0,AWS-DEL-011,Delhi,DEL,center,False,
2025-02-13 17:00:00,21.3,988.4,39.0,AWS-DEL-011,Delhi,DEL,center,False,
2025-02-13 18:00:00,27.932999357774193,989.5147122641051,87.26569497425015,AWS-DEL-011,Delhi,DEL,center,True,multivariate_inconsistency
2025-02-13 19:00:00,26.83299935777419,989.8099605266581,93.24482723687943,AWS-DEL-011,Delhi,DEL,center,True,multivariate_inconsistency
2025-02-13 20:00:00,26.032999357774194,990.0964990770318,91.5485146150686,AWS-DEL-011,Delhi,DEL,center,True,multivariate_inconsistency
2025-02-13 21:00:00,25.33299935777419,990.0584622135118,87.90829926223185,AWS-DEL-011,Delhi,DEL,center,True,multivariate_inconsistency
2025-02-13 22:00:00,17.3,989.8,45.0,AWS-DEL-011,Delhi,DEL,center,False,
2025-02-13 23:00:00,16.8,989.4,43.0,AWS-DEL-011,Delhi,DEL,center,False,
2025-02-14 00:00:00,16.2,988.8,42.0,AWS-DEL-011,Delhi,DEL,center,False,
2025-02-14 01:00:00,15.5,988.4,43.0,AWS-DEL-011,Delhi,DEL,center,False,
2025-02-14 02:00:00,14.8,988.2,45.0,AWS-DEL-011,Delhi,DEL,center,False,
2025-02-14 03:00:00,14.1,988.0,47.0,AWS-DEL-011,Delhi,DEL,center,False,
2025-02-14 04:00:00,6.8285743095668305,995.133417472684,66.10732750445598,AWS-DEL-011,Delhi,DEL,center,True,unstructured_anomaly
2025-02-14 05:00:00,19.381540962536107,978.8154952257177,70.89110434007672,AWS-DEL-011,Delhi,DEL,center,True,unstructured_anomaly
2025-02-14 06:00:00,6.229486172756001,995.3569232460792,45.901054409727344,AWS-DEL-011,Delhi,DEL,center,True,unstructured_anomaly
2025-02-14 07:00:00,5.724443014738657,995.1170576522131,44.482528284882065,AWS-DEL-011,Delhi,DEL,center,True,unstructured_anomaly
2025-02-14 08:00:00,13.8,989.5,55.0,AWS-DEL-011,Delhi,DEL,center,False,
2025-02-14 09:00:00,16.3,990.5,48.0,AWS-DEL-011,Delhi,DEL,center,False,
2025-02-14 10:00:00,19.0,990.9,41.0,AWS-DEL-011,Delhi,DEL,center,False,
2025-02-14 11:00:00,21.4,990.3,34.0,AWS-DEL-011,Delhi,DEL,center,False,
2025-02-14 12:00:00,23.2,989.3,27.0,AWS-DEL-011,Delhi,DEL,center,False,
2025-02-14 13:00:00,24.2,988.1,27.0,AWS-DEL-011,Delhi,DEL,center,False,
2025-02-14 14:00:00,24.6,987.2,27.0,AWS-DEL-011,Delhi,DEL,center,False,
2025-02-14 15:00:00,24.5,986.5,28.0,AWS-DEL-011,Delhi,DEL,center,False,
2025-02-14 16:00:00,24.0,986.2,30.0,AWS-DEL-011,Delhi,DEL,center,True,frozen_value
2025-02-14 17:00:00,22.7,986.1,30.12471043960635,AWS-DEL-011,Delhi,DEL,center,True,frozen_value
2025-02-14 18:00:00,21.7,986.3,30.176142272280057,AWS-DEL-011,Delhi,DEL,center,True,frozen_value
2025-02-14 19:00:00,20.9,986.9,30.124441239317623,AWS-DEL-011,Delhi,DEL,center,True,frozen_value
2025-02-14 20:00:00,20.2,987.2,30.184030820490015,AWS-DEL-011,Delhi,DEL,center,True,frozen_value
2025-02-14 21:00:00,19.6,987.3,30.192037574858297,AWS-DEL-011,Delhi,DEL,center,True,frozen_value
2025-02-14 22:00:00,18.8,987.2,30.288698813876447,AWS-DEL-011,Delhi,DEL,center,True,frozen_value
2025-02-14 23:00:00,17.8,986.8,30.215639769360727,AWS-DEL-011,Delhi,DEL,center,True,frozen_value
2025-02-15 00:00:00,16.9,986.0,30.264008999599948,AWS-DEL-011,Delhi,DEL,center,True,frozen_value
2025-02-15 01:00:00,16.1,985.5,56.0,AWS-DEL-011,Delhi,DEL,center,False,
2025-02-15 02:00:00,15.6,984.6,60.0,AWS-DEL-011,Delhi,DEL,center,True,drift
2025-02-15 03:00:00,15.0,983.8724516522193,60.0,AWS-DEL-011,Delhi,DEL,center,True,drift
2025-02-15 04:00:00,14.2,983.2449033044388,66.0,AWS-DEL-011,Delhi,DEL,center,True,drift
2025-02-15 05:00:00,14.0,982.6173549566581,68.0,AWS-DEL-011,Delhi,DEL,center,True,drift
2025-02-15 06:00:00,13.0,983.2898066088775,74.0,AWS-DEL-011,Delhi,DEL,center,True,drift
2025-02-15 07:00:00,13.3,983.8622582610968,73.0,AWS-DEL-011,Delhi,DEL,center,True,drift
2025-02-15 08:00:00,15.8,984.1347099133163,61.0,AWS-DEL-011,Delhi,DEL,center,True,drift
2025-02-15 09:00:00,19.6,984.7071615655357,46.0,AWS-DEL-011,Delhi,DEL,center,True,drift
2025-02-15 10:00:00,22.9,984.579613217755,35.0,AWS-DEL-011,Delhi,DEL,center,True,drift
2025-02-15 11:00:00,25.1,983.7520648699743,27.0,AWS-DEL-011,Delhi,DEL,center,True,drift
2025-02-15 12:00:00,25.6,982.5245165221937,27.0,AWS-DEL-011,Delhi,DEL,center,True,drift
2025-02-15 13:00:00,25.6,981.3969681744131,27.0,AWS-DEL-011,Delhi,DEL,center,True,drift
2025-02-15 14:00:00,25.6,980.2694198266324,26.0,AWS-DEL-011,Delhi,DEL,center,True,drift
2025-02-15 15:00:00,25.6,979.3418714788518,26.0,AWS-DEL-011,Delhi,DEL,center,True,drift
2025-02-15 16:00:00,24.9,978.9143231310712,28.0,AWS-DEL-011,Delhi,DEL,center,True,drift
2025-02-15 17:00:00,23.7,978.9867747832906,31.0,AWS-DEL-011,Delhi,DEL,center,True,drift
2025-02-15 18:00:00,24.1,978.4592264355099,31.0,AWS-DEL-011,Delhi,DEL,center,True,drift
2025-02-15 19:00:00,22.6,978.9316780877293,36.0,AWS-DEL-011,Delhi,DEL,center,True,drift
2025-02-15 20:00:00,21.3,979.1041297399487,43.0,AWS-DEL-011,Delhi,DEL,center,True,drift
2025-02-15 21:00:00,20.2,978.9765813921681,49.0,AWS-DEL-011,Delhi,DEL,center,True,drift
2025-02-15 22:00:00,19.1,978.3490330443874,50.0,AWS-DEL-011,Delhi,DEL,center,True,drift
2025-02-15 23:00:00,18.1,977.7214846966068,53.0,AWS-DEL-011,Delhi,DEL,center,True,drift
2025-02-16 00:00:00,17.5,976.7939363488263,57.0,AWS-DEL-011,Delhi,DEL,center,True,drift
2025-02-16 01:00:00,17.2,976.3663880010456,59.0,AWS-DEL-011,Delhi,DEL,center,True,drift
2025-02-16 02:00:00,17.3,975.6388396532649,59.0,AWS-DEL-011,Delhi,DEL,center,True,drift
2025-02-16 03:00:00,15.8,975.1112913054842,63.0,AWS-DEL-011,Delhi,DEL,center,True,drift
2025-02-16 04:00:00,15.4,974.5837429577037,65.0,AWS-DEL-011,Delhi,DEL,center,True,drift
2025-02-16 05:00:00,14.8,974.0561946099231,68.0,AWS-DEL-011,Delhi,DEL,center,True,drift
2025-02-16 06:00:00,13.5,975.1286462621424,79.0,AWS-DEL-011,Delhi,DEL,center,True,drift
2025-02-16 07:00:00,13.6,975.2010979143618,81.0,AWS-DEL-011,Delhi,DEL,center,True,drift
2025-02-16 08:00:00,16.1,975.6735495665812,69.0,AWS-DEL-011,Delhi,DEL,center,True,drift
2025-02-16 09:00:00,19.5,976.1460012188005,56.0,AWS-DEL-011,Delhi,DEL,center,True,drift
2025-02-16 10:00:00,22.5,975.9184528710199,44.0,AWS-DEL-011,Delhi,DEL,center,True,drift
2025-02-16 11:00:00,24.6,989.2,34.0,AWS-DEL-011,Delhi,DEL,center,False,
2025-02-16 12:00:00,25.8,988.6,30.0,AWS-DEL-011,Delhi,DEL,center,False,
2025-02-16 13:00:00,26.4,987.4,29.0,AWS-DEL-011,Delhi,DEL,center,False,
2025-02-16 14:00:00,26.6,986.5,30.0,AWS-DEL-011,Delhi,DEL,center,False,
2025-02-16 15:00:00,26.5,986.0,30.0,AWS-DEL-011,Delhi,DEL,center,False,
2025-02-16 16:00:00,26.0,986.2,32.0,AWS-DEL-011,Delhi,DEL,center,False,
2025-02-16 17:00:00,24.9,986.7,36.0,AWS-DEL-011,Delhi,DEL,center,False,
2025-02-16 18:00:00,23.8,987.3,40.0,AWS-DEL-011,Delhi,DEL,center,False,
2025-02-16 19:00:00,22.5,988.3,48.0,AWS-DEL-011,Delhi,DEL,center,False,
2025-02-16 20:00:00,21.5,988.7,53.0,AWS-DEL-011,Delhi,DEL,center,False,
2025-02-16 21:00:00,29.844621486894987,989.2326115437222,100.0,AWS-DEL-011,Delhi,DEL,center,True,multivariate_inconsistency
2025-02-16 22:00:00,28.644621486894984,989.7980080617497,100.0,AWS-DEL-011,Delhi,DEL,center,True,multivariate_inconsistency
2025-02-16 23:00:00,27.744621486894985,989.0225756767369,100.0,AWS-DEL-011,Delhi,DEL,center,True,multivariate_inconsistency
2025-02-17 00:00:00,27.044621486894982,989.2902591766568,100.0,AWS-DEL-011,Delhi,DEL,center,True,multivariate_inconsistency
2025-02-17 01:00:00,17.0,989.0,73.0,AWS-DEL-011,Delhi,DEL,center,False,
2025-02-17 02:00:00,16.7,988.7,75.0,AWS-DEL-011,Delhi,DEL,center,False,
2025-02-17 03:00:00,16.9,988.4,74.0,AWS-DEL-011,Delhi,DEL,center,False,
2025-02-17 04:00:00,16.5,988.6,76.0,AWS-DEL-011,Delhi,DEL,center,False,
2025-02-17 05:00:00,16.7,988.4,76.0,AWS-DEL-011,Delhi,DEL,center,False,
2025-02-17 06:00:00,16.4,989.6,79.0,AWS-DEL-011,Delhi,DEL,center,False,
2025-02-17 07:00:00,16.2,990.3,81.0,AWS-DEL-011,Delhi,DEL,center,False,
2025-02-17 08:00:00,18.1,991.4,70.0,AWS-DEL-011,Delhi,DEL,center,False,
2025-02-17 09:00:00,20.6,992.5,57.0,AWS-DEL-011,Delhi,DEL,center,False,
2025-02-17 10:00:00,23.4,992.6,41.0,AWS-DEL-011,Delhi,DEL,center,False,
2025-02-17 11:00:00,25.6,992.4,31.0,AWS-DEL-011,Delhi,DEL,center,False,
2025-02-17 12:00:00,27.0,991.9,26.0,AWS-DEL-011,Delhi,DEL,center,False,
2025-02-17 13:00:00,28.1,990.8,21.0,AWS-DEL-011,Delhi,DEL,center,False,
2025-02-17 14:00:00,28.7,989.8,19.0,AWS-DEL-011,Delhi,DEL,center,False,
2025-02-17 15:00:00,28.8,989.4,19.0,AWS-DEL-011,Delhi,DEL,center,False,
2025-02-17 16:00:00,28.0,989.2,23.0,AWS-DEL-011,Delhi,DEL,center,False,
2025-02-17 17:00:00,26.4,989.1,29.0,AWS-DEL-011,Delhi,DEL,center,False,
2025-02-17 18:00:00,24.5,989.7,31.0,AWS-DEL-011,Delhi,DEL,center,False,
2025-02-17 19:00:00,23.3,990.3,42.0,AWS-DEL-011,Delhi,DEL,center,False,
2025-02-17 20:00:00,22.4,990.6,49.0,AWS-DEL-011,Delhi,DEL,center,False,
2025-02-17 21:00:00,21.4,990.9,52.0,AWS-DEL-011,Delhi,DEL,center,False,
2025-02-17 22:00:00,20.6,991.0,59.0,AWS-DEL-011,Delhi,DEL,center,False,
2025-02-17 23:00:00,19.4,991.1,65.0,AWS-DEL-011,Delhi,DEL,center,False,
2025-02-18 00:00:00,19.8,990.6,64.0,AWS-DEL-011,Delhi,DEL,center,False,
2025-02-18 01:00:00,19.3,989.8,65.0,AWS-DEL-011,Delhi,DEL,center,False,
2025-02-18 02:00:00,18.1,989.1,67.0,AWS-DEL-011,Delhi,DEL,center,False,
2025-02-18 03:00:00,18.2,988.6,63.0,AWS-DEL-011,Delhi,DEL,center,False,
2025-02-18 04:00:00,17.1,988.4,69.0,AWS-DEL-011,Delhi,DEL,center,False,
2025-02-18 05:00:00,17.3,988.3,70.0,AWS-DEL-011,Delhi,DEL,center,False,
2025-02-18 06:00:00,17.0,989.3,74.0,AWS-DEL-011,Delhi,DEL,center,False,
2025-02-18 07:00:00,16.8,989.9,75.0,AWS-DEL-011,Delhi,DEL,center,False,
2025-02-18 08:00:00,18.9,990.5,65.0,AWS-DEL-011,Delhi,DEL,center,False,
2025-02-18 09:00:00,19.8,991.4,62.0,AWS-DEL-011,Delhi,DEL,center,False,
2025-02-18 10:00:00,21.0,992.3,58.0,AWS-DEL-011,Delhi,DEL,center,False,
2025-02-18 11:00:00,22.0,992.4,53.0,AWS-DEL-011,Delhi,DEL,center,False,
2025-02-18 12:00:00,23.3,991.5,45.0,AWS-DEL-011,Delhi,DEL,center,False,
2025-02-18 13:00:00,24.8,990.2,35.0,AWS-DEL-011,Delhi,DEL,center,False,
2025-02-18 14:00:00,26.3,989.1,29.0,AWS-DEL-011,Delhi,DEL,center,False,
2025-02-18 15:00:00,26.4,988.6,27.0,AWS-DEL-011,Delhi,DEL,center,False,
2025-02-18 16:00:00,25.9,988.4,26.0,AWS-DEL-011,Delhi,DEL,center,False,
2025-02-18 17:00:00,24.8,988.5,30.0,AWS-DEL-011,Delhi,DEL,center,False,
2025-02-18 18:00:00,23.4,989.0,36.0,AWS-DEL-011,Delhi,DEL,center,False,
2025-02-18 19:00:00,22.0,989.3,46.0,AWS-DEL-011,Delhi,DEL,center,False,
2025-02-18 20:00:00,21.3,989.7,52.0,AWS-DEL-011,Delhi,DEL,center,False,
2025-02-18 21:00:00,20.8,989.8,55.0,AWS-DEL-011,Delhi,DEL,center,False,
2025-02-18 22:00:00,19.9,990.0,56.0,AWS-DEL-011,Delhi,DEL,center,True,frozen_value
2025-02-18 23:00:00,18.9,989.9420791840425,59.0,AWS-DEL-011,Delhi,DEL,center,True,frozen_value
2025-02-19 00:00:00,17.9,989.9414137386636,61.0,AWS-DEL-011,Delhi,DEL,center,True,frozen_value
2025-02-19 01:00:00,17.0,989.9363669358329,63.0,AWS-DEL-011,Delhi,DEL,center,True,frozen_value
2025-02-19 02:00:00,16.2,989.9501548577521,66.0,AWS-DEL-011,Delhi,DEL,center,True,frozen_value
2025-02-19 03:00:00,15.6,989.8961725089684,68.0,AWS-DEL-011,Delhi,DEL,center,True,frozen_value
2025-02-19 04:00:00,15.1,989.9079220814698,69.0,AWS-DEL-011,Delhi,DEL,center,True,frozen_value
2025-02-19 05:00:00,-39.9727126397651,989.9107181556003,69.0,AWS-DEL-011,Delhi,DEL,center,True,sensor_fail_low
2025-02-19 06:00:00,-40.084650352900866,988.6,76.0,AWS-DEL-011,Delhi,DEL,center,True,sensor_fail_low
2025-02-19 07:00:00,-40.01775212024197,989.2,75.0,AWS-DEL-011,Delhi,DEL,center,True,sensor_fail_low
2025-02-19 08:00:00,-40.011567541460565,989.8,68.0,AWS-DEL-011,Delhi,DEL,center,True,sensor_fail_low
2025-02-19 09:00:00,19.2,990.7,56.0,AWS-DEL-011,Delhi,DEL,center,False,
2025-02-19 10:00:00,21.9,990.7,45.0,AWS-DEL-011,Delhi,DEL,center,False,
2025-02-19 11:00:00,24.3,990.3,36.0,AWS-DEL-011,Delhi,DEL,center,False,
2025-02-19 12:00:00,25.7,988.9,29.0,AWS-DEL-011,Delhi,DEL,center,False,
2025-02-19 13:00:00,26.6,987.3,26.0,AWS-DEL-011,Delhi,DEL,center,False,
2025-02-19 14:00:00,27.0,985.9,25.0,AWS-DEL-011,Delhi,DEL,center,False,
2025-02-19 15:00:00,27.0,985.7,26.0,AWS-DEL-011,Delhi,DEL,center,False,
2025-02-19 16:00:00,26.5,985.5,28.0,AWS-DEL-011,Delhi,DEL,center,False,
2025-02-19 17:00:00,25.5,985.7,31.0,AWS-DEL-011,Delhi,DEL,center,False,
2025-02-19 18:00:00,24.1,986.8,38.0,AWS-DEL-011,Delhi,DEL,center,False,
2025-02-19 19:00:00,23.7,987.4,42.0,AWS-DEL-011,Delhi,DEL,center,False,
2025-02-19 20:00:00,22.8,987.8,49.0,AWS-DEL-011,Delhi,DEL,center,False,
2025-02-19 21:00:00,21.8,989.2,49.0,AWS-DEL-011,Delhi,DEL,center,False,
2025-02-19 22:00:00,20.0,988.6,61.0,AWS-DEL-011,Delhi,DEL,center,False,
2025-02-19 23:00:00,18.2,987.9,72.0,AWS-DEL-011,Delhi,DEL,center,False,
2025-02-20 00:00:00,18.2,987.8,73.0,AWS-DEL-011,Delhi,DEL,center,False,
2025-02-20 01:00:00,17.0,987.4,78.0,AWS-DEL-011,Delhi,DEL,center,False,
2025-02-20 02:00:00,16.9,986.7,75.0,AWS-DEL-011,Delhi,DEL,center,False,
2025-02-20 03:00:00,16.4,987.1,79.0,AWS-DEL-011,Delhi,DEL,center,False,
2025-02-20 04:00:00,15.9,987.2,86.0,AWS-DEL-011,Delhi,DEL,center,False,
2025-02-20 05:00:00,15.1,987.3,83.0,AWS-DEL-011,Delhi,DEL,center,False,
2025-02-20 06:00:00,16.3,987.8,87.0,AWS-DEL-011,Delhi,DEL,center,False,
2025-02-20 07:00:00,16.4,988.8,82.0,AWS-DEL-011,Delhi,DEL,center,False,
2025-02-20 08:00:00,17.9,989.4,73.0,AWS-DEL-011,Delhi,DEL,center,False,
2025-02-20 09:00:00,19.8,990.6,64.0,AWS-DEL-011,Delhi,DEL,center,False,
2025-02-20 10:00:00,20.3,991.3,62.0,AWS-DEL-011,Delhi,DEL,center,False,
2025-02-20 11:00:00,20.8,991.4,59.0,AWS-DEL-011,Delhi,DEL,center,False,
2025-02-20 12:00:00,21.6,991.1,57.0,AWS-DEL-011,Delhi,DEL,center,False,
2025-02-20 13:00:00,22.9,989.5,53.0,AWS-DEL-011,Delhi,DEL,center,False,
2025-02-20 14:00:00,23.5,988.7,48.0,AWS-DEL-011,Delhi,DEL,center,False,
2025-02-20 15:00:00,23.7,988.1,46.0,AWS-DEL-011,Delhi,DEL,center,False,
2025-02-20 16:00:00,23.1,988.3,49.0,AWS-DEL-011,Delhi,DEL,center,False,
2025-02-20 17:00:00,21.9,988.2,54.0,AWS-DEL-011,Delhi,DEL,center,False,
2025-02-20 18:00:00,21.0,988.2,61.0,AWS-DEL-011,Delhi,DEL,center,False,
2025-02-20 19:00:00,20.0,988.5,67.0,AWS-DEL-011,Delhi,DEL,center,False,
2025-02-20 20:00:00,19.6,989.3,67.0,AWS-DEL-011,Delhi,DEL,center,False,
2025-02-20 21:00:00,15.9,990.5,89.0,AWS-DEL-011,Delhi,DEL,center,False,
2025-02-20 22:00:00,16.2,990.8,87.0,AWS-DEL-011,Delhi,DEL,center,False,
2025-02-20 23:00:00,16.1,991.0,87.0,AWS-DEL-011,Delhi,DEL,center,False,
2025-02-21 00:00:00,15.6,991.3,88.0,AWS-DEL-011,Delhi,DEL,center,False,
2025-02-21 01:00:00,15.3,991.3,90.0,AWS-DEL-011,Delhi,DEL,center,False,
2025-02-21 02:00:00,14.8,991.1,91.0,AWS-DEL-011,Delhi,DEL,center,False,
2025-02-21 03:00:00,14.4,990.9,93.0,AWS-DEL-011,Delhi,DEL,center,False,
2025-02-21 04:00:00,14.2,990.7,93.0,AWS-DEL-011,Delhi,DEL,center,False,
2025-02-21 05:00:00,13.7,990.9,93.0,AWS-DEL-011,Delhi,DEL,center,False,
2025-02-21 06:00:00,14.3,991.5,90.0,AWS-DEL-011,Delhi,DEL,center,False,
2025-02-21 07:00:00,14.5,992.4,89.0,AWS-DEL-011,Delhi,DEL,center,False,
2025-02-21 08:00:00,16.1,993.1,82.0,AWS-DEL-011,Delhi,DEL,center,False,
2025-02-21 09:00:00,18.2,993.9,71.0,AWS-DEL-011,Delhi,DEL,center,False,
2025-02-21 10:00:00,20.5,994.2,62.0,AWS-DEL-011,Delhi,DEL,center,False,
2025-02-21 11:00:00,22.5,994.0,53.0,AWS-DEL-011,Delhi,DEL,center,False,
2025-02-21 12:00:00,23.7,993.0,49.0,AWS-DEL-011,Delhi,DEL,center,False,
2025-02-21 13:00:00,24.6,991.8,47.0,AWS-DEL-011,Delhi,DEL,center,False,
2025-02-21 14:00:00,25.1,991.0,44.0,AWS-DEL-011,Delhi,DEL,center,False,
2025-02-21 15:00:00,24.9,990.4,44.0,AWS-DEL-011,Delhi,DEL,center,False,
2025-02-21 16:00:00,24.1,990.3,46.0,AWS-DEL-011,Delhi,DEL,center,False,
2025-02-21 17:00:00,22.7,990.4,52.0,AWS-DEL-011,Delhi,DEL,center,False,
2025-02-21 18:00:00,21.7,,58.0,AWS-DEL-011,Delhi,DEL,center,True,dropout
2025-02-21 19:00:00,20.8,991.5,65.0,AWS-DEL-011,Delhi,DEL,center,False,
2025-02-21 20:00:00,19.9,992.1,70.0,AWS-DEL-011,Delhi,DEL,center,False,
2025-02-21 21:00:00,18.9,-0.04781195277364311,75.0,AWS-DEL-011,Delhi,DEL,center,True,sensor_fail_low
2025-02-21 22:00:00,18.0,-0.0741187466712296,80.0,AWS-DEL-011,Delhi,DEL,center,True,sensor_fail_low
2025-02-21 23:00:00,17.1,0.07924469172848515,84.0,AWS-DEL-011,Delhi,DEL,center,True,sensor_fail_low
2025-02-22 00:00:00,16.3,-0.10218543782343388,86.0,AWS-DEL-011,Delhi,DEL,center,True,sensor_fail_low
2025-02-22 01:00:00,15.8,990.9,85.0,AWS-DEL-011,Delhi,DEL,center,False,
2025-02-22 02:00:00,15.1,990.3,86.0,AWS-DEL-011,Delhi,DEL,center,False,
2025-02-22 03:00:00,14.6,990.1,87.0,AWS-DEL-011,Delhi,DEL,center,False,
2025-02-22 04:00:00,14.1,990.1,89.0,AWS-DEL-011,Delhi,DEL,center,False,
2025-02-22 05:00:00,13.6,990.2,89.0,AWS-DEL-011,Delhi,DEL,center,False,
2025-02-22 06:00:00,13.5,990.7,92.0,AWS-DEL-011,Delhi,DEL,center,False,
2025-02-22 07:00:00,-39.90937506509889,991.6,90.0,AWS-DEL-011,Delhi,DEL,center,True,sensor_fail_low
2025-02-22 08:00:00,-39.98445404647464,992.4,81.0,AWS-DEL-011,Delhi,DEL,center,True,sensor_fail_low
2025-02-22 09:00:00,-39.97146711580272,993.4,69.0,AWS-DEL-011,Delhi,DEL,center,True,sensor_fail_low
2025-02-22 10:00:00,-39.962980027036636,993.4,58.0,AWS-DEL-011,Delhi,DEL,center,True,sensor_fail_low
2025-02-22 11:00:00,21.7,993.2,48.0,AWS-DEL-011,Delhi,DEL,center,False,
2025-02-22 12:00:00,23.0,992.7,43.0,AWS-DEL-011,Delhi,DEL,center,False,
2025-02-22 13:00:00,23.6,991.9,40.0,AWS-DEL-011,Delhi,DEL,center,False,
2025-02-22 14:00:00,23.9,991.3,36.0,AWS-DEL-011,Delhi,DEL,center,False,
2025-02-22 15:00:00,23.8,990.7,37.0,AWS-DEL-011,Delhi,DEL,center,False,
2025-02-22 16:00:00,23.2,990.5,38.0,AWS-DEL-011,Delhi,DEL,center,False,
2025-02-22 17:00:00,22.1,990.5,42.0,AWS-DEL-011,Delhi,DEL,center,False,
2025-02-22 18:00:00,20.4,991.3,53.0,AWS-DEL-011,Delhi,DEL,center,False,
2025-02-22 19:00:00,19.4,992.0,60.0,AWS-DEL-011,Delhi,DEL,center,False,
2025-02-22 20:00:00,18.7,992.6,64.0,AWS-DEL-011,Delhi,DEL,center,False,
2025-02-22 21:00:00,18.0,992.8,68.0,AWS-DEL-011,Delhi,DEL,center,False,
2025-02-22 22:00:00,17.2,992.9,73.0,AWS-DEL-011,Delhi,DEL,center,False,
2025-02-22 23:00:00,16.5,992.4,76.0,AWS-DEL-011,Delhi,DEL,center,False,
2025-02-23 00:00:00,15.9,991.9,78.0,AWS-DEL-011,Delhi,DEL,center,False,
2025-02-23 01:00:00,15.3,991.8,78.0,AWS-DEL-011,Delhi,DEL,center,False,
2025-02-23 02:00:00,14.9,991.5,78.0,AWS-DEL-011,Delhi,DEL,center,False,
2025-02-23 03:00:00,14.5,,80.0,AWS-DEL-011,Delhi,DEL,center,True,dropout
2025-02-23 04:00:00,14.0,991.2,81.0,AWS-DEL-011,Delhi,DEL,center,False,
2025-02-23 05:00:00,13.6,991.5,83.0,AWS-DEL-011,Delhi,DEL,center,False,
2025-02-23 06:00:00,13.3,992.0,87.0,AWS-DEL-011,Delhi,DEL,center,False,
2025-02-23 07:00:00,13.8,992.8,84.0,AWS-DEL-011,Delhi,DEL,center,False,
2025-02-23 08:00:00,15.5,993.8,77.0,AWS-DEL-011,Delhi,DEL,center,False,
2025-02-23 09:00:00,18.0,994.6,66.0,AWS-DEL-011,Delhi,DEL,center,False,
2025-02-23 10:00:00,20.5,995.3,56.0,AWS-DEL-011,Delhi,DEL,center,False,
2025-02-23 11:00:00,22.5,994.9,47.0,AWS-DEL-011,Delhi,DEL,center,False,
2025-02-23 12:00:00,23.8,993.9,41.0,AWS-DEL-011,Delhi,DEL,center,False,
2025-02-23 13:00:00,24.6,992.7,39.0,AWS-DEL-011,Delhi,DEL,center,False,
2025-02-23 14:00:00,25.1,991.7,37.0,AWS-DEL-011,Delhi,DEL,center,False,
2025-02-23 15:00:00,24.9,991.0,37.0,AWS-DEL-011,Delhi,DEL,center,False,
2025-02-23 16:00:00,24.4,990.9,37.0,AWS-DEL-011,Delhi,DEL,center,False,
2025-02-23 17:00:00,23.3,991.1,40.0,AWS-DEL-011,Delhi,DEL,center,True,drift
2025-02-23 18:00:00,21.9,991.170307772645,47.0,AWS-DEL-011,Delhi,DEL,center,True,drift
2025-02-23 19:00:00,20.5,991.4406155452899,54.0,AWS-DEL-011,Delhi,DEL,center,True,drift
2025-02-23 20:00:00,19.5,992.210923317935,59.0,AWS-DEL-011,Delhi,DEL,center,True,drift
2025-02-23 21:00:00,18.9,992.48123109058,63.0,AWS-DEL-011,Delhi,DEL,center,True,drift
2025-02-23 22:00:00,18.3,992.351538863225,65.0,AWS-DEL-011,Delhi,DEL,center,True,drift
2025-02-23 23:00:00,17.8,991.9218466358699,66.0,AWS-DEL-011,Delhi,DEL,center,True,drift
2025-02-24 00:00:00,17.1,991.092154408515,68.0,AWS-DEL-011,Delhi,DEL,center,True,drift
2025-02-24 01:00:00,17.153729139584918,990.4624621811599,70.0,AWS-DEL-011,Delhi,DEL,center,True,drift
2025-02-24 02:00:00,17.103072330826784,989.7327699538049,73.0,AWS-DEL-011,Delhi,DEL,center,True,drift
2025-02-24 03:00:00,17.15503524372802,989.40307772645,75.0,AWS-DEL-011,Delhi,DEL,center,True,drift
2025-02-24 04:00:00,17.140989825881366,989.0733854990949,80.0,AWS-DEL-011,Delhi,DEL,center,True,drift
2025-02-24 05:00:00,17.1630815430297,989.2436932717399,83.0,AWS-DEL-011,Delhi,DEL,center,True,drift
2025-02-24 06:00:00,17.23378632970162,990.3140010443849,89.0,AWS-DEL-011,Delhi,DEL,center,True,drift
2025-02-24 07:00:00,17.198433441853602,990.7843088170299,87.0,AWS-DEL-011,Delhi,DEL,center,True,drift
2025-02-24 08:00:00,17.226777419290368,991.4546165896749,75.0,AWS-DEL-011,Delhi,DEL,center,True,drift
2025-02-24 09:00:00,19.4,992.4249243623199,59.0,AWS-DEL-011,Delhi,DEL,center,True,drift
2025-02-24 10:00:00,22.2,992.2952321349649,49.0,AWS-DEL-011,Delhi,DEL,center,True,drift
2025-02-24 11:00:00,24.3,991.7655399076099,38.17282193050159,AWS-DEL-011,Delhi,DEL,center,True,drift
2025-02-24 12:00:00,25.7,990.5358476802548,30.447157657452188,AWS-DEL-011,Delhi,DEL,center,True,drift
2025-02-24 13:00:00,26.5,989.1061554528999,27.7800464375685,AWS-DEL-011,Delhi,DEL,center,True,drift
2025-02-24 14:00:00,26.9,987.4764632255448,25.157811181396298,AWS-DEL-011,Delhi,DEL,center,True,drift
2025-02-24 15:00:00,26.8,986.7467709981897,24.572917462771787,AWS-DEL-011,Delhi,DEL,center,True,drift
2025-02-24 16:00:00,26.1,986.4170787708349,26.02044884955869,AWS-DEL-011,Delhi,DEL,center,True,drift
2025-02-24 17:00:00,24.9,986.4873865434798,32.496888624887475,AWS-DEL-011,Delhi,DEL,center,True,drift
2025-02-24 18:00:00,23.0,987.1576943161248,46.99956951172236,AWS-DEL-011,Delhi,DEL,center,True,drift
2025-02-24 19:00:00,21.6,987.6280020887698,57.5263841131255,AWS-DEL-011,Delhi,DEL,center,True,drift
2025-02-24 20:00:00,,987.9983098614148,64.07561631729172,AWS-DEL-011,Delhi,DEL,center,True,dropout
2025-02-24 21:00:00,20.1,987.8686176340597,69.64583573285319,AWS-DEL-011,Delhi,DEL,center,True,drift
2025-02-24 22:00:00,19.6,987.3389254067048,70.23582785263518,AWS-DEL-011,Delhi,DEL,center,True,drift
2025-02-24 23:00:00,19.0,987.0092331793497,72.8445458143541,AWS-DEL-011,Delhi,DEL,center,True,drift
2025-02-25 00:00:00,18.3,985.9795409519947,74.47107589684919,AWS-DEL-011,Delhi,DEL,center,True,drift
2025-02-25 01:00:00,18.0,985.3498487246397,75.11461212028489,AWS-DEL-011,Delhi,DEL,center,True,drift
2025-02-25 02:00:00,16.8,984.3201564972846,80.77443709076186,AWS-DEL-011,Delhi,DEL,center,True,drift
2025-02-25 03:00:00,15.9,983.9904642699297,85.44990725353962,AWS-DEL-011,Delhi,DEL,center,True,drift
2025-02-25 04:00:00,15.0,983.3607720425747,91.1404413366958,AWS-DEL-011,Delhi,DEL,center,True,drift
2025-02-25 05:00:00,14.5,983.1310798152197,94.84551115360249,AWS-DEL-011,Delhi,DEL,center,True,drift
2025-02-25 06:00:00,14.4,983.6013875878647,99.56463418232117,AWS-DEL-011,Delhi,DEL,center,True,drift
2025-02-25 07:00:00,15.1,984.1716953605096,96.29736750585286,AWS-DEL-011,Delhi,DEL,center,True,drift
2025-02-25 08:00:00,17.6,985.0420031331547,85.04330281001049,AWS-DEL-011,Delhi,DEL,center,True,drift
2025-02-25 09:00:00,21.0,986.2123109057997,70.80206221411564,AWS-DEL-011,Delhi,DEL,center,True,drift
2025-02-25 10:00:00,23.9,986.2826186784447,56.573294765303814,AWS-DEL-011,Delhi,DEL,center,True,drift
2025-02-25 11:00:00,25.7,995.6,46.35667346729283,AWS-DEL-011,Delhi,DEL,center,True,drift
2025-02-25 12:00:00,27.1,995.2,27.0,AWS-DEL-011,Delhi,DEL,center,False,
2025-02-25 13:00:00,27.9,994.2,25.0,AWS-DEL-011,Delhi,DEL,center,False,
2025-02-25 14:00:00,28.1,993.5,25.0,AWS-DEL-011,Delhi,DEL,center,False,
2025-02-25 15:00:00,27.6,993.0,26.0,AWS-DEL-011,Delhi,DEL,center,False,
2025-02-25 16:00:00,27.1,993.3,28.0,AWS-DEL-011,Delhi,DEL,center,False,
2025-02-25 17:00:00,26.0,993.1,30.0,AWS-DEL-011,Delhi,DEL,center,False,
2025-02-25 18:00:00,24.2,993.4,43.0,AWS-DEL-011,Delhi,DEL,center,False,
2025-02-25 19:00:00,23.3,994.2,48.0,AWS-DEL-011,Delhi,DEL,center,False,
2025-02-25 20:00:00,22.3,994.5,48.0,AWS-DEL-011,Delhi,DEL,center,False,
2025-02-25 21:00:00,21.7,994.4,51.0,AWS-DEL-011,Delhi,DEL,center,False,
2025-02-25 22:00:00,20.8,994.6,51.0,AWS-DEL-011,Delhi,DEL,center,False,
2025-02-25 23:00:00,20.7,994.0,51.0,AWS-DEL-011,Delhi,DEL,center,False,
2025-02-26 00:00:00,19.9,993.7,58.0,AWS-DEL-011,Delhi,DEL,center,False,
2025-02-26 01:00:00,18.7,993.0,64.0,AWS-DEL-011,Delhi,DEL,center,False,
2025-02-26 02:00:00,18.3,992.5,68.0,AWS-DEL-011,Delhi,DEL,center,False,
2025-02-26 03:00:00,18.2,992.3,69.0,AWS-DEL-011,Delhi,DEL,center,False,
2025-02-26 04:00:00,17.9,993.0,70.0,AWS-DEL-011,Delhi,DEL,center,False,
2025-02-26 05:00:00,18.2,992.2,67.0,AWS-DEL-011,Delhi,DEL,center,False,
2025-02-26 06:00:00,18.7,993.8,73.0,AWS-DEL-011,Delhi,DEL,center,False,
2025-02-26 07:00:00,19.0,994.7,75.0,AWS-DEL-011,Delhi,DEL,center,False,
2025-02-26 08:00:00,19.9,995.2,67.0,AWS-DEL-011,Delhi,DEL,center,False,
2025-02-26 09:00:00,22.8,995.9,56.0,AWS-DEL-011,Delhi,DEL,center,False,
2025-02-26 10:00:00,26.0,996.5,46.0,AWS-DEL-011,Delhi,DEL,center,False,
2025-02-26 11:00:00,27.8,996.3,40.0,AWS-DEL-011,Delhi,DEL,center,False,
2025-02-26 12:00:00,29.0,995.2,36.0,AWS-DEL-011,Delhi,DEL,center,False,
2025-02-26 13:00:00,29.8,993.9,33.0,AWS-DEL-011,Delhi,DEL,center,False,
2025-02-26 14:00:00,30.1,992.5,32.0,AWS-DEL-011,Delhi,DEL,center,False,
2025-02-26 15:00:00,29.8,991.7,31.0,AWS-DEL-011,Delhi,DEL,center,False,
2025-02-26 16:00:00,29.4,991.6,33.0,AWS-DEL-011,Delhi,DEL,center,False,
2025-02-26 17:00:00,28.2,991.5,39.0,AWS-DEL-011,Delhi,DEL,center,False,
2025-02-26 18:00:00,26.6,992.0,48.0,AWS-DEL-011,Delhi,DEL,center,False,
2025-02-26 19:00:00,25.7,992.6,58.0,AWS-DEL-011,Delhi,DEL,center,False,
2025-02-26 20:00:00,25.3,992.8,60.0,AWS-DEL-011,Delhi,DEL,center,False,
2025-02-26 21:00:00,24.5,992.9,62.0,AWS-DEL-011,Delhi,DEL,center,False,
2025-02-26 22:00:00,23.5,992.4,62.0,AWS-DEL-011,Delhi,DEL,center,False,
2025-02-26 23:00:00,22.6,991.9,66.0,AWS-DEL-011,Delhi,DEL,center,False,
2025-02-27 00:00:00,21.9,991.4,69.0,AWS-DEL-011,Delhi,DEL,center,False,
2025-02-27 01:00:00,21.7,991.0,70.0,AWS-DEL-011,Delhi,DEL,center,False,
2025-02-27 02:00:00,22.2,990.5,68.0,AWS-DEL-011,Delhi,DEL,center,False,
2025-02-27 03:00:00,21.6,990.1,70.0,AWS-DEL-011,Delhi,DEL,center,False,
2025-02-27 04:00:00,20.6,990.3,72.0,AWS-DEL-011,Delhi,DEL,center,False,
2025-02-27 05:00:00,20.6,990.5,69.0,AWS-DEL-011,Delhi,DEL,center,False,
2025-02-27 06:00:00,21.1,990.2,75.0,AWS-DEL-011,Delhi,DEL,center,False,
2025-02-27 07:00:00,21.0,992.5,72.0,AWS-DEL-011,Delhi,DEL,center,False,
2025-02-27 08:00:00,19.1,993.3,73.0,AWS-DEL-011,Delhi,DEL,center,False,
2025-02-27 09:00:00,19.7,993.4,78.0,AWS-DEL-011,Delhi,DEL,center,False,
2025-02-27 10:00:00,20.4,993.3,82.0,AWS-DEL-011,Delhi,DEL,center,False,
2025-02-27 11:00:00,20.2,992.9,84.0,AWS-DEL-011,Delhi,DEL,center,False,
2025-02-27 12:00:00,20.7,992.4,76.0,AWS-DEL-011,Delhi,DEL,center,False,
2025-02-27 13:00:00,22.1,991.0,67.0,AWS-DEL-011,Delhi,DEL,center,False,
2025-02-27 14:00:00,23.4,989.7,62.0,AWS-DEL-011,Delhi,DEL,center,False,
2025-02-27 15:00:00,23.0,989.0,63.0,AWS-DEL-011,Delhi,DEL,center,False,
2025-02-27 16:00:00,22.4,989.0,64.0,AWS-DEL-011,Delhi,DEL,center,False,
2025-02-27 17:00:00,22.1,988.7,60.0,AWS-DEL-011,Delhi,DEL,center,False,
2025-02-27 18:00:00,21.7,989.4,62.0,AWS-DEL-011,Delhi,DEL,center,False,
2025-02-27 19:00:00,21.2,989.7,64.0,AWS-DEL-011,Delhi,DEL,center,False,
2025-02-27 20:00:00,20.2,989.9,69.0,AWS-DEL-011,Delhi,DEL,center,False,
2025-02-27 21:00:00,20.1,990.1,70.0,AWS-DEL-011,Delhi,DEL,center,False,
2025-02-27 22:00:00,20.0,989.5,68.0,AWS-DEL-011,Delhi,DEL,center,False,
2025-02-27 23:00:00,19.8,989.0,65.0,AWS-DEL-011,Delhi,DEL,center,False,
2025-02-28 00:00:00,19.5,988.2,63.0,AWS-DEL-011,Delhi,DEL,center,False,
2025-02-28 01:00:00,19.3,987.6,62.0,AWS-DEL-011,Delhi,DEL,center,False,
2025-02-28 02:00:00,19.3,986.8,64.0,AWS-DEL-011,Delhi,DEL,center,False,
2025-02-28 03:00:00,19.2,986.3,66.0,AWS-DEL-011,Delhi,DEL,center,False,
2025-02-28 04:00:00,19.1,985.7,69.0,AWS-DEL-011,Delhi,DEL,center,False,
2025-02-28 05:00:00,18.9,985.7,70.0,AWS-DEL-011,Delhi,DEL,center,False,
2025-02-28 06:00:00,19.4,986.4,68.0,AWS-DEL-011,Delhi,DEL,center,False,
2025-02-28 07:00:00,19.1,987.3,69.0,AWS-DEL-011,Delhi,DEL,center,False,
2025-02-28 08:00:00,18.8,-0.06605247260402428,70.0,AWS-DEL-011,Delhi,DEL,center,True,sensor_fail_low
2025-02-28 09:00:00,18.2,0.07417784370219421,76.0,AWS-DEL-011,Delhi,DEL,center,True,sensor_fail_low
2025-02-28 10:00:00,18.3,-0.019964424797417647,82.0,AWS-DEL-011,Delhi,DEL,center,True,sensor_fail_low
2025-02-28 11:00:00,19.6,-0.06945336228282652,77.0,AWS-DEL-011,Delhi,DEL,center,True,sensor_fail_low
2025-02-28 12:00:00,20.0,989.0,74.0,AWS-DEL-011,Delhi,DEL,center,False,
2025-02-28 13:00:00,21.1,987.7,71.0,AWS-DEL-011,Delhi,DEL,center,False,
2025-02-28 14:00:00,22.1,986.3,69.0,AWS-DEL-011,Delhi,DEL,center,False,
2025-02-28 15:00:00,23.3,985.6,65.0,AWS-DEL-011,Delhi,DEL,center,False,
2025-02-28 16:00:00,23.4,985.2,65.0,AWS-DEL-011,Delhi,DEL,center,False,
2025-02-28 17:00:00,22.9,985.0,69.0,AWS-DEL-011,Delhi,DEL,center,False,
2025-02-28 18:00:00,22.3,986.0,74.0,AWS-DEL-011,Delhi,DEL,center,False,
2025-02-28 19:00:00,21.4,986.3,83.0,AWS-DEL-011,Delhi,DEL,center,False,
2025-02-28 20:00:00,20.9,987.3,85.0,AWS-DEL-011,Delhi,DEL,center,False,
2025-02-28 21:00:00,18.5,988.4,90.0,AWS-DEL-011,Delhi,DEL,center,False,
2025-02-28 22:00:00,18.5,988.1,90.0,AWS-DEL-011,Delhi,DEL,center,False,
2025-02-28 23:00:00,18.4,988.3,91.0,AWS-DEL-011,Delhi,DEL,center,False,
2025-03-01 00:00:00,17.4,988.1,87.0,AWS-DEL-011,Delhi,DEL,center,False,
2025-03-01 01:00:00,16.8,987.9,87.0,AWS-DEL-011,Delhi,DEL,center,False,
2025-03-01 02:00:00,16.3,987.4,89.0,AWS-DEL-011,Delhi,DEL,center,False,
2025-03-01 03:00:00,15.9,987.5,90.0,AWS-DEL-011,Delhi,DEL,center,False,
2025-03-01 04:00:00,15.7,987.2,90.0,AWS-DEL-011,Delhi,DEL,center,False,
2025-03-01 05:00:00,15.5,987.5,89.0,AWS-DEL-011,Delhi,DEL,center,False,
2025-03-01 06:00:00,16.8,988.2,93.0,AWS-DEL-011,Delhi,DEL,center,False,
2025-03-01 07:00:00,16.6,988.9,91.0,AWS-DEL-011,Delhi,DEL,center,False,
2025-03-01 08:00:00,17.4,989.7,90.0,AWS-DEL-011,Delhi,DEL,center,False,
2025-03-01 09:00:00,18.5,990.6,83.0,AWS-DEL-011,Delhi,DEL,center,False,
2025-03-01 10:00:00,19.5,990.7,79.0,AWS-DEL-011,Delhi,DEL,center,False,
2025-03-01 11:00:00,21.1,990.6,75.0,AWS-DEL-011,Delhi,DEL,center,False,
2025-03-01 12:00:00,22.6,989.6,71.0,AWS-DEL-011,Delhi,DEL,center,False,
2025-03-01 13:00:00,23.7,988.3,67.0,AWS-DEL-011,Delhi,DEL,center,False,
2025-03-01 14:00:00,24.0,987.4,65.0,AWS-DEL-011,Delhi,DEL,center,False,
2025-03-01 15:00:00,24.1,986.8,66.0,AWS-DEL-011,Delhi,DEL,center,False,
2025-03-01 16:00:00,23.3,986.8,67.0,AWS-DEL-011,Delhi,DEL,center,False,
2025-03-01 17:00:00,22.6,986.7,70.0,AWS-DEL-011,Delhi,DEL,center,False,
2025-03-01 18:00:00,21.9,987.7,77.0,AWS-DEL-011,Delhi,DEL,center,False,
2025-03-01 19:00:00,21.0,988.3,81.0,AWS-DEL-011,Delhi,DEL,center,False,
2025-03-01 20:00:00,20.3,989.1,83.0,AWS-DEL-011,Delhi,DEL,center,False,
2025-03-01 21:00:00,20.0,989.4,84.0,AWS-DEL-011,Delhi,DEL,center,False,
2025-03-01 22:00:00,19.2,989.2,85.0,AWS-DEL-011,Delhi,DEL,center,False,
2025-03-01 23:00:00,18.4,989.0,86.0,AWS-DEL-011,Delhi,DEL,center,False,
2025-03-02 00:00:00,17.7,988.4,88.0,AWS-DEL-011,Delhi,DEL,center,False,
2025-03-02 01:00:00,17.2,987.9,89.0,AWS-DEL-011,Delhi,DEL,center,False,
2025-03-02 02:00:00,16.8,987.2,89.0,AWS-DEL-011,Delhi,DEL,center,False,
2025-03-02 03:00:00,16.5,986.8,88.0,AWS-DEL-011,Delhi,DEL,center,False,
2025-03-02 04:00:00,16.0,986.4,88.0,AWS-DEL-011,Delhi,DEL,center,False,
2025-03-02 05:00:00,15.4,986.7,89.0,AWS-DEL-011,Delhi,DEL,center,False,
2025-03-02 06:00:00,16.0,987.8,88.0,AWS-DEL-011,Delhi,DEL,center,False,
2025-03-02 07:00:00,16.1,988.6,87.0,AWS-DEL-011,Delhi,DEL,center,False,
2025-03-02 08:00:00,17.5,989.4,82.0,AWS-DEL-011,Delhi,DEL,center,False,
2025-03-02 09:00:00,19.3,990.1,74.0,AWS-DEL-011,Delhi,DEL,center,False,
2025-03-02 10:00:00,21.3,990.2,63.0,AWS-DEL-011,Delhi,DEL,center,False,
2025-03-02 11:00:00,23.3,989.8,44.0,AWS-DEL-011,Delhi,DEL,center,False,
2025-03-02 12:00:00,24.2,988.8,37.0,AWS-DEL-011,Delhi,DEL,center,False,
2025-03-02 13:00:00,24.6,987.7,35.0,AWS-DEL-011,Delhi,DEL,center,False,
2025-03-02 14:00:00,24.5,986.7,35.0,AWS-DEL-011,Delhi,DEL,center,False,
2025-03-02 15:00:00,24.0,986.0,37.0,AWS-DEL-011,Delhi,DEL,center,False,
2025-03-02 16:00:00,23.2,985.8,41.0,AWS-DEL-011,Delhi,DEL,center,False,
2025-03-02 17:00:00,21.9,985.8,48.0,AWS-DEL-011,Delhi,DEL,center,False,
2025-03-02 18:00:00,19.6,986.3,59.0,AWS-DEL-011,Delhi,DEL,center,False,
2025-03-02 19:00:00,18.3,986.6,65.0,AWS-DEL-011,Delhi,DEL,center,False,
2025-03-02 20:00:00,17.1,986.9,71.0,AWS-DEL-011,Delhi,DEL,center,False,
2025-03-02 21:00:00,16.4,987.4,73.0,AWS-DEL-011,Delhi,DEL,center,False,
2025-03-02 22:00:00,15.9,987.6,71.0,AWS-DEL-011,Delhi,DEL,center,False,
2025-03-02 23:00:00,15.5,987.5,69.0,AWS-DEL-011,Delhi,DEL,center,False,
2025-03-03 00:00:00,14.9,987.5,69.0,AWS-DEL-011,Delhi,DEL,center,False,
2025-03-03 01:00:00,14.3,987.0,70.0,AWS-DEL-011,Delhi,DEL,center,False,
2025-03-03 02:00:00,13.6,986.4,73.0,AWS-DEL-011,Delhi,DEL,center,False,
2025-03-03 03:00:00,13.3,986.0,73.0,AWS-DEL-011,Delhi,DEL,center,False,
2025-03-03 04:00:00,13.0,986.1,74.0,AWS-DEL-011,Delhi,DEL,center,False,
2025-03-03 05:00:00,12.8,986.6,75.0,AWS-DEL-011,Delhi,DEL,center,False,
2025-03-03 06:00:00,13.1,987.2,77.0,AWS-DEL-011,Delhi,DEL,center,False,
2025-03-03 07:00:00,13.8,987.9,78.0,AWS-DEL-011,Delhi,DEL,center,False,
2025-03-03 08:00:00,16.4,988.7,69.0,AWS-DEL-011,Delhi,DEL,center,False,
2025-03-03 09:00:00,19.4,989.5,60.0,AWS-DEL-011,Delhi,DEL,center,False,
2025-03-03 10:00:00,22.1,989.6,44.0,AWS-DEL-011,Delhi,DEL,center,False,
2025-03-03 11:00:00,24.2,989.0,34.0,AWS-DEL-011,Delhi,DEL,center,False,
2025-03-03 12:00:00,25.7,988.1,31.0,AWS-DEL-011,Delhi,DEL,center,False,
2025-03-03 13:00:00,26.6,987.0,34.0,AWS-DEL-011,Delhi,DEL,center,False,
2025-03-03 14:00:00,26.9,985.8,37.0,AWS-DEL-011,Delhi,DEL,center,False,
2025-03-03 15:00:00,26.3,985.0,40.0,AWS-DEL-011,Delhi,DEL,center,False,
2025-03-03 16:00:00,25.6,984.7,45.0,AWS-DEL-011,Delhi,DEL,center,False,
2025-03-03 17:00:00,24.3,984.4,54.0,AWS-DEL-011,Delhi,DEL,center,False,
2025-03-03 18:00:00,23.2,984.9,57.0,AWS-DEL-011,Delhi,DEL,center,False,
2025-03-03 19:00:00,22.2,984.8,60.0,AWS-DEL-011,Delhi,DEL,center,False,
2025-03-03 20:00:00,21.5,985.3,64.0,AWS-DEL-011,Delhi,DEL,center,False,
2025-03-03 21:00:00,21.3,985.5,63.0,AWS-DEL-011,Delhi,DEL,center,False,
2025-03-03 22:00:00,20.4,985.4,67.0,AWS-DEL-011,Delhi,DEL,center,False,
2025-03-03 23:00:00,19.7,985.2,69.0,AWS-DEL-011,Delhi,DEL,center,False,
2025-03-04 00:00:00,19.0,985.0,71.0,AWS-DEL-011,Delhi,DEL,center,False,
2025-03-04 01:00:00,18.6,984.5,72.0,AWS-DEL-011,Delhi,DEL,center,False,
2025-03-04 02:00:00,18.3,984.5,72.0,AWS-DEL-011,Delhi,DEL,center,False,
2025-03-04 03:00:00,17.1,984.4,78.0,AWS-DEL-011,Delhi,DEL,center,False,
2025-03-04 04:00:00,15.9,984.4,83.0,AWS-DEL-011,Delhi,DEL,center,False,
2025-03-04 05:00:00,15.6,1001.9654117609326,83.0,AWS-DEL-011,Delhi,DEL,center,True,spike
2025-03-04 06:00:00,16.5,986.0,82.0,AWS-DEL-011,Delhi,DEL,center,False,
2025-03-04 07:00:00,16.9,986.9,80.0,AWS-DEL-011,Delhi,DEL,center,False,
2025-03-04 08:00:00,18.2,988.3,76.0,AWS-DEL-011,Delhi,DEL,center,False,
2025-03-04 09:00:00,19.8,989.5,67.0,AWS-DEL-011,Delhi,DEL,center,False,
2025-03-04 10:00:00,21.5,989.9,57.0,AWS-DEL-011,Delhi,DEL,center,False,
2025-03-04 11:00:00,22.9,990.1,53.0,AWS-DEL-011,Delhi,DEL,center,False,
2025-03-04 12:00:00,24.0,989.7,47.0,AWS-DEL-011,Delhi,DEL,center,False,
2025-03-04 13:00:00,24.4,989.1,42.0,AWS-DEL-011,Delhi,DEL,center,False,
2025-03-04 14:00:00,24.4,988.5,40.0,AWS-DEL-011,Delhi,DEL,center,False,
2025-03-04 15:00:00,24.4,988.3,41.0,AWS-DEL-011,Delhi,DEL,center,False,
2025-03-04 16:00:00,23.8,988.4,41.0,AWS-DEL-011,Delhi,DEL,center,False,
2025-03-04 17:00:00,22.5,988.6,45.0,AWS-DEL-011,Delhi,DEL,center,False,
2025-03-04 18:00:00,21.0,989.7,51.0,AWS-DEL-011,Delhi,DEL,center,False,
2025-03-04 19:00:00,20.1,990.1,52.0,AWS-DEL-011,Delhi,DEL,center,False,
2025-03-04 20:00:00,19.2,990.6,50.0,AWS-DEL-011,Delhi,DEL,center,False,
2025-03-04 21:00:00,18.1,990.9,51.0,AWS-DEL-011,Delhi,DEL,center,False,
2025-03-04 22:00:00,17.3,991.3,53.0,AWS-DEL-011,Delhi,DEL,center,False,
2025-03-04 23:00:00,16.6,991.0,55.0,AWS-DEL-011,Delhi,DEL,center,False,
2025-03-05 00:00:00,15.8,990.6,57.0,AWS-DEL-011,Delhi,DEL,center,False,
2025-03-05 01:00:00,15.2,990.4,60.0,AWS-DEL-011,Delhi,DEL,center,False,
2025-03-05 02:00:00,14.6,989.9,62.0,AWS-DEL-011,Delhi,DEL,center,False,
2025-03-05 03:00:00,13.9,989.6,63.0,AWS-DEL-011,Delhi,DEL,center,False,
2025-03-05 04:00:00,13.3,989.3,61.0,AWS-DEL-011,Delhi,DEL,center,False,
2025-03-05 05:00:00,13.0,989.4,56.0,AWS-DEL-011,Delhi,DEL,center,False,
2025-03-05 06:00:00,12.6,989.9,63.0,AWS-DEL-011,Delhi,DEL,center,False,
2025-03-05 07:00:00,12.7,990.1,63.0,AWS-DEL-011,Delhi,DEL,center,False,
2025-03-05 08:00:00,13.9,990.4,60.0,AWS-DEL-011,Delhi,DEL,center,False,
2025-03-05 09:00:00,15.9,991.3,53.0,AWS-DEL-011,Delhi,DEL,center,False,
2025-03-05 10:00:00,18.1,991.2,46.0,AWS-DEL-011,Delhi,DEL,center,False,
2025-03-05 11:00:00,19.8,990.8,40.0,AWS-DEL-011,Delhi,DEL,center,False,
2025-03-05 12:00:00,21.3,989.8,34.0,AWS-DEL-011,Delhi,DEL,center,False,
2025-03-05 13:00:00,22.2,988.9,30.0,AWS-DEL-011,Delhi,DEL,center,False,
2025-03-05 14:00:00,22.8,988.0,27.0,AWS-DEL-011,Delhi,DEL,center,False,
2025-03-05 15:00:00,22.8,987.3,28.0,AWS-DEL-011,Delhi,DEL,center,False,
2025-03-05 16:00:00,22.3,986.9,31.0,AWS-DEL-011,Delhi,DEL,center,False,
2025-03-05 17:00:00,21.6,987.0,30.0,AWS-DEL-011,Delhi,DEL,center,False,
2025-03-05 18:00:00,20.9,987.7,34.0,AWS-DEL-011,Delhi,DEL,center,False,
2025-03-05 19:00:00,20.2,987.8,35.0,AWS-DEL-011,Delhi,DEL,center,False,
2025-03-05 20:00:00,19.3,988.1,36.0,AWS-DEL-011,Delhi,DEL,center,False,
2025-03-05 21:00:00,18.6,988.7,38.0,AWS-DEL-011,Delhi,DEL,center,False,
2025-03-05 22:00:00,18.3,988.6,38.0,AWS-DEL-011,Delhi,DEL,center,False,
2025-03-05 23:00:00,17.7,988.3,39.0,AWS-DEL-011,Delhi,DEL,center,False,
2025-03-06 00:00:00,16.9,987.8,42.0,AWS-DEL-011,Delhi,DEL,center,False,
2025-03-06 01:00:00,15.8,987.8,45.0,AWS-DEL-011,Delhi,DEL,center,False,
2025-03-06 02:00:00,15.1,987.0,46.0,AWS-DEL-011,Delhi,DEL,center,False,
2025-03-06 03:00:00,14.7,986.3,46.0,AWS-DEL-011,Delhi,DEL,center,False,
2025-03-06 04:00:00,14.3,986.1,47.0,AWS-DEL-011,Delhi,DEL,center,False,
2025-03-06 05:00:00,13.8,985.9,48.0,AWS-DEL-011,Delhi,DEL,center,False,
2025-03-06 06:00:00,12.8,986.1,58.0,AWS-DEL-011,Delhi,DEL,center,False,
2025-03-06 07:00:00,13.2,986.6,56.0,AWS-DEL-011,Delhi,DEL,center,True,drift
2025-03-06 08:00:00,15.0,988.4,54.019535002022344,AWS-DEL-011,Delhi,DEL,center,True,drift
2025-03-06 09:00:00,17.5,988.8,47.06396588159138,AWS-DEL-011,Delhi,DEL,center,True,drift
2025-03-06 10:00:00,20.2,988.8,41.12934525037855,AWS-DEL-011,Delhi,DEL,center,True,drift
2025-03-06 11:00:00,22.5,988.6,34.213882011014476,AWS-DEL-011,Delhi,DEL,center,True,drift
2025-03-06 12:00:00,24.2,988.0,29.316421027593602,AWS-DEL-011,Delhi,DEL,center,True,drift
2025-03-06 13:00:00,25.5,987.3,25.436120469169378,AWS-DEL-011,Delhi,DEL,center,True,drift
2025-03-06 14:00:00,26.3,986.9,24.572324086823404,AWS-DEL-011,Delhi,DEL,center,True,drift
2025-03-06 15:00:00,26.6,986.6,23.72449769162863,AWS-DEL-011,Delhi,DEL,center,True,drift
2025-03-06 16:00:00,26.2,986.3,23.892193087631615,AWS-DEL-011,Delhi,DEL,center,True,drift
2025-03-06 17:00:00,24.9,986.3,31.075025700174695,AWS-DEL-011,Delhi,DEL,center,True,drift
2025-03-06 18:00:00,22.8,986.7,43.27265978539145,AWS-DEL-011,Delhi,DEL,center,True,drift
2025-03-06 19:00:00,22.2,986.8,44.484798167109254,AWS-DEL-011,Delhi,DEL,center,True,drift
2025-03-06 20:00:00,21.6,987.5,44.711174839087164,AWS-DEL-011,Delhi,DEL,center,True,drift
2025-03-06 21:00:00,20.5,987.7,47.95154946604213,AWS-DEL-011,Delhi,DEL,center,True,drift
2025-03-06 22:00:00,19.6,987.4,51.20570319091949,AWS-DEL-011,Delhi,DEL,center,True,drift
2025-03-06 23:00:00,18.6,987.3,54.473435369125475,AWS-DEL-011,Delhi,DEL,center,True,drift
2025-03-07 00:00:00,17.7,986.9,57.754560978047394,AWS-DEL-011,Delhi,DEL,center,True,drift
2025-03-07 01:00:00,16.7,986.6,62.04890852968699,AWS-DEL-011,Delhi,DEL,center,True,drift
2025-03-07 02:00:00,15.5,986.2,65.35631836549055,AWS-DEL-011,Delhi,DEL,center,True,drift
2025-03-07 03:00:00,15.2,985.5,64.67664124650088,AWS-DEL-011,Delhi,DEL,center,True,drift
2025-03-07 04:00:00,15.1,985.2,64.00973717515426,AWS-DEL-011,Delhi,DEL,center,True,drift
2025-03-07 05:00:00,13.8,985.2,70.35547440121621,AWS-DEL-011,Delhi,DEL,center,True,drift
2025-03-07 06:00:00,12.5,986.2,79.71372857585187,AWS-DEL-011,Delhi,DEL,center,True,drift
2025-03-07 07:00:00,13.2,986.8,77.08438202615467,AWS-DEL-011,Delhi,DEL,center,True,drift
2025-03-07 08:00:00,16.0,987.5,66.46732312858657,AWS-DEL-011,Delhi,DEL,center,True,drift
2025-03-07 09:00:00,19.8,987.9,52.862445764359705,AWS-DEL-011,Delhi,DEL,center,True,drift
2025-03-07 10:00:00,23.4,987.8,39.269648843251915,AWS-DEL-011,Delhi,DEL,center,True,drift
2025-03-07 11:00:00,25.7,987.5,30.688835885001307,AWS-DEL-011,Delhi,DEL,center,True,drift
2025-03-07 12:00:00,27.2,986.4,27.119914649478734,AWS-DEL-011,Delhi,DEL,center,True,drift
2025-03-07 13:00:00,28.1,985.3,26.562796808443736,AWS-DEL-011,Delhi,DEL,center,True,drift
2025-03-07 14:00:00,28.4,984.8,29.0173976529587,AWS-DEL-011,Delhi,DEL,center,True,drift
2025-03-07 15:00:00,28.3,984.3,30.483635831546543,AWS-DEL-011,Delhi,DEL,center,True,drift
2025-03-07 16:00:00,27.8,984.2,31.96143311498925,AWS-DEL-011,Delhi,DEL,center,True,drift
2025-03-07 17:00:00,26.6,984.1,34.450714184321214,AWS-DEL-011,Delhi,DEL,center,True,drift
2025-03-07 18:00:00,24.2,984.6,42.95140643910674,AWS-DEL-011,Delhi,DEL,center,True,drift
2025-03-07 19:00:00,22.9,984.3,49.46343982352996,AWS-DEL-011,Delhi,DEL,center,True,drift
2025-03-07 20:00:00,22.3,984.7,48.98674666818766,AWS-DEL-011,Delhi,DEL,center,True,drift
2025-03-07 21:00:00,21.4,984.8,56.52126154577637,AWS-DEL-011,Delhi,DEL,center,True,drift
2025-03-07 22:00:00,20.2,984.7,58.066921139115856,AWS-DEL-011,Delhi,DEL,center,True,drift
2025-03-07 23:00:00,19.2,984.8,61.623664120161955,AWS-DEL-011,Delhi,DEL,center,True,drift
2025-03-08 00:00:00,18.4,985.1,64.1914310388388,AWS-DEL-011,Delhi,DEL,center,True,drift
2025-03-08 01:00:00,17.4,984.9,54.0,AWS-DEL-011,Delhi,DEL,center,False,
2025-03-08 02:00:00,16.6,983.9,56.0,AWS-DEL-011,Delhi,DEL,center,False,
2025-03-08 03:00:00,15.7,-0.09488525982746125,59.0,AWS-DEL-011,Delhi,DEL,center,True,sensor_fail_low
2025-03-08 04:00:00,15.2,-0.0022735828995896277,61.0,AWS-DEL-011,Delhi,DEL,center,True,sensor_fail_low
2025-03-08 05:00:00,14.6,-0.01833115627839071,62.0,AWS-DEL-011,Delhi,DEL,center,True,sensor_fail_low
2025-03-08 06:00:00,14.7,-0.029680037105363207,66.0,AWS-DEL-011,Delhi,DEL,center,True,sensor_fail_low
2025-03-08 07:00:00,15.5,984.5,62.0,AWS-DEL-011,Delhi,DEL,center,False,
2025-03-08 08:00:00,10.995169009281994,993.0153769945388,68.65864051104283,AWS-DEL-011,Delhi,DEL,center,True,unstructured_anomaly
2025-03-08 09:00:00,15.01762747360867,992.5841019417322,58.78672837126247,AWS-DEL-011,Delhi,DEL,center,True,unstructured_anomaly
2025-03-08 10:00:00,17.935622953702698,992.7408450471714,54.01799508900267,AWS-DEL-011,Delhi,DEL,center,True,unstructured_anomaly
2025-03-08 11:00:00,34.034312426079836,978.8073607309151,43.21757835492677,AWS-DEL-011,Delhi,DEL,center,True,unstructured_anomaly
2025-03-08 12:00:00,34.77484896216012,976.4421361273943,15.0,AWS-DEL-011,Delhi,DEL,center,True,unstructured_anomaly
2025-03-08 13:00:00,22.616000231666487,992.4476448887654,15.0,AWS-DEL-011,Delhi,DEL,center,True,unstructured_anomaly
2025-03-08 14:00:00,36.505020686209576,976.464815768447,15.0,AWS-DEL-011,Delhi,DEL,center,True,unstructured_anomaly
2025-03-08 15:00:00,22.941241575748602,989.6115611974606,39.09837366429838,AWS-DEL-011,Delhi,DEL,center,True,unstructured_anomaly
2025-03-08 16:00:00,29.3,982.9,23.0,AWS-DEL-011,Delhi,DEL,center,False,
2025-03-08 17:00:00,28.3,982.9,25.0,AWS-DEL-011,Delhi,DEL,center,False,
2025-03-08 18:00:00,26.2,983.6,35.0,AWS-DEL-011,Delhi,DEL,center,False,
2025-03-08 19:00:00,24.7,983.9,42.0,AWS-DEL-011,Delhi,DEL,center,False,
2025-03-08 20:00:00,23.3,984.6,50.0,AWS-DEL-011,Delhi,DEL,center,False,
2025-03-08 21:00:00,22.6,985.2,51.0,AWS-DEL-011,Delhi,DEL,center,False,
2025-03-08 22:00:00,22.5,985.6,50.0,AWS-DEL-011,Delhi,DEL,center,True,frozen_value
2025-03-08 23:00:00,21.9,985.3,50.045077300434706,AWS-DEL-011,Delhi,DEL,center,True,frozen_value
2025-03-09 00:00:00,21.815560209632544,985.4,50.12067474415017,AWS-DEL-011,Delhi,DEL,center,True,frozen_value
2025-03-09 01:00:00,21.75325361084619,985.3,50.175322285761936,AWS-DEL-011,Delhi,DEL,center,True,frozen_value
2025-03-09 02:00:00,21.703736398134446,985.4,50.19615551996074,AWS-DEL-011,Delhi,DEL,center,True,frozen_value
2025-03-09 03:00:00,21.671249463656945,984.9,50.17454659532798,AWS-DEL-011,Delhi,DEL,center,True,frozen_value
2025-03-09 04:00:00,21.621954632033475,984.6,50.11908374029679,AWS-DEL-011,Delhi,DEL,center,True,frozen_value
2025-03-09 05:00:00,21.659338424040385,985.0,50.057396252290104,AWS-DEL-011,Delhi,DEL,center,True,frozen_value
2025-03-09 06:00:00,21.690592458613295,985.9,50.07709864100753,AWS-DEL-011,Delhi,DEL,center,True,frozen_value
2025-03-09 07:00:00,21.599999999999998,987.0,66.0,AWS-DEL-011,Delhi,DEL,center,True,frozen_value
2025-03-09 08:00:00,21.1,988.4,56.0,AWS-DEL-011,Delhi,DEL,center,False,
2025-03-09 09:00:00,24.6,989.3,45.0,AWS-DEL-011,Delhi,DEL,center,False,
2025-03-09 10:00:00,27.5,989.5,33.0,AWS-DEL-011,Delhi,DEL,center,False,
2025-03-09 11:00:00,29.3,989.4,27.0,AWS-DEL-011,Delhi,DEL,center,False,
2025-03-09 12:00:00,37.562247833551666,989.1879129790182,42.07056198797373,AWS-DEL-011,Delhi,DEL,center,True,multivariate_inconsistency
2025-03-09 13:00:00,38.36224783355166,987.6613997782639,38.48680236860641,AWS-DEL-011,Delhi,DEL,center,True,multivariate_inconsistency
2025-03-09 14:00:00,38.76224783355166,987.3168185556239,36.70041060097078,AWS-DEL-011,Delhi,DEL,center,True,multivariate_inconsistency
2025-03-09 15:00:00,38.76224783355166,987.0562467210717,38.448049201017,AWS-DEL-011,Delhi,DEL,center,True,multivariate_inconsistency
2025-03-09 16:00:00,31.3,986.7,23.0,AWS-DEL-011,Delhi,DEL,center,False,
2025-03-09 17:00:00,30.2,986.9,26.0,AWS-DEL-011,Delhi,DEL,center,False,
2025-03-09 18:00:00,28.5,988.0,31.0,AWS-DEL-011,Delhi,DEL,center,False,
2025-03-09 19:00:00,26.8,988.7,36.0,AWS-DEL-011,Delhi,DEL,center,False,
2025-03-09 20:00:00,25.8,989.4,40.0,AWS-DEL-011,Delhi,DEL,center,False,
2025-03-09 21:00:00,25.1,989.6,43.0,AWS-DEL-011,Delhi,DEL,center,False,
2025-03-09 22:00:00,24.0,989.6,47.0,AWS-DEL-011,Delhi,DEL,center,False,
2025-03-09 23:00:00,22.7,989.8,51.0,AWS-DEL-011,Delhi,DEL,center,False,
2025-03-10 00:00:00,21.9,989.7,53.0,AWS-DEL-011,Delhi,DEL,center,False,
2025-03-10 01:00:00,21.0,989.5,55.0,AWS-DEL-011,Delhi,DEL,center,False,
2025-03-10 02:00:00,20.4,989.0,58.0,AWS-DEL-011,Delhi,DEL,center,False,
2025-03-10 03:00:00,19.9,988.7,61.0,AWS-DEL-011,Delhi,DEL,center,False,
2025-03-10 04:00:00,19.4,988.9,62.0,AWS-DEL-011,Delhi,DEL,center,False,
2025-03-10 05:00:00,19.0,989.5,64.0,AWS-DEL-011,Delhi,DEL,center,False,
2025-03-10 06:00:00,19.3,990.9,66.0,AWS-DEL-011,Delhi,DEL,center,False,
2025-03-10 07:00:00,19.7,991.8,64.0,AWS-DEL-011,Delhi,DEL,center,False,
2025-03-10 08:00:00,21.4,992.9,58.0,AWS-DEL-011,Delhi,DEL,center,False,
2025-03-10 09:00:00,24.1,993.8,50.0,AWS-DEL-011,Delhi,DEL,center,False,
2025-03-10 10:00:00,26.8,994.0,42.0,AWS-DEL-011,Delhi,DEL,center,False,
2025-03-10 11:00:00,29.0,993.6,35.0,AWS-DEL-011,Delhi,DEL,center,False,
2025-03-10 12:00:00,30.3,992.6,31.0,AWS-DEL-011,Delhi,DEL,center,False,
2025-03-10 13:00:00,31.1,991.7,29.0,AWS-DEL-011,Delhi,DEL,center,False,
2025-03-10 14:00:00,31.6,990.5,28.0,AWS-DEL-011,Delhi,DEL,center,False,
2025-03-10 15:00:00,31.7,989.7,27.0,AWS-DEL-011,Delhi,DEL,center,False,
2025-03-10 16:00:00,31.2,989.1,28.0,AWS-DEL-011,Delhi,DEL,center,False,
2025-03-10 17:00:00,30.3,989.1,30.0,AWS-DEL-011,Delhi,DEL,center,False,
2025-03-10 18:00:00,29.3,989.7,31.0,AWS-DEL-011,Delhi,DEL,center,False,
2025-03-10 19:00:00,27.4,990.0,39.0,AWS-DEL-011,Delhi,DEL,center,False,
2025-03-10 20:00:00,26.2,990.8,44.0,AWS-DEL-011,Delhi,DEL,center,False,
2025-03-10 21:00:00,25.3,990.8,46.0,AWS-DEL-011,Delhi,DEL,center,False,
2025-03-10 22:00:00,24.9,990.7,47.0,AWS-DEL-011,Delhi,DEL,center,False,
2025-03-10 23:00:00,24.1,990.1,50.0,AWS-DEL-011,Delhi,DEL,center,False,
2025-03-11 00:00:00,23.2,989.6,53.0,AWS-DEL-011,Delhi,DEL,center,False,
2025-03-11 01:00:00,22.2,989.2,57.0,AWS-DEL-011,Delhi,DEL,center,False,
2025-03-11 02:00:00,21.3,988.6,62.0,AWS-DEL-011,Delhi,DEL,center,False,
2025-03-11 03:00:00,20.6,988.2,64.0,AWS-DEL-011,Delhi,DEL,center,False,
2025-03-11 04:00:00,19.9,988.2,67.0,AWS-DEL-011,Delhi,DEL,center,False,
2025-03-11 05:00:00,19.5,988.5,70.0,AWS-DEL-011,Delhi,DEL,center,False,
2025-03-11 06:00:00,19.7,989.1,75.0,AWS-DEL-011,Delhi,DEL,center,False,
2025-03-11 07:00:00,20.8,989.7,70.0,AWS-DEL-011,Delhi,DEL,center,False,
2025-03-11 08:00:00,23.7,990.8,56.0,AWS-DEL-011,Delhi,DEL,center,False,
2025-03-11 09:00:00,27.2,991.3,42.0,AWS-DEL-011,Delhi,DEL,center,False,
2025-03-11 10:00:00,30.1,991.3,32.0,AWS-DEL-011,Delhi,DEL,center,False,
2025-03-11 11:00:00,32.2,990.9,26.0,AWS-DEL-011,Delhi,DEL,center,False,
2025-03-11 12:00:00,33.6,989.9,23.0,AWS-DEL-011,Delhi,DEL,center,False,
2025-03-11 13:00:00,34.3,988.6,22.0,AWS-DEL-011,Delhi,DEL,center,False,
2025-03-11 14:00:00,34.3,987.5,22.0,AWS-DEL-011,Delhi,DEL,center,False,
2025-03-11 15:00:00,34.4,986.8,21.0,AWS-DEL-011,Delhi,DEL,center,False,
2025-03-11 16:00:00,34.0,986.3,21.0,AWS-DEL-011,Delhi,DEL,center,False,
2025-03-11 17:00:00,42.77272586229581,986.5426228959534,46.46879080811462,AWS-DEL-011,Delhi,DEL,center,True,multivariate_inconsistency
2025-03-11 18:00:00,39.9727258622958,987.2422108881696,68.26025885730652,AWS-DEL-011,Delhi,DEL,center,True,multivariate_inconsistency
2025-03-11 19:00:00,38.9727258622958,988.1068601580876,76.26025485312385,AWS-DEL-011,Delhi,DEL,center,True,multivariate_inconsistency
2025-03-11 20:00:00,27.5,987.5,49.0,AWS-DEL-011,Delhi,DEL,center,False,
2025-03-11 21:00:00,26.3,987.5,54.0,AWS-DEL-011,Delhi,DEL,center,False,
2025-03-11 22:00:00,25.3,987.4,59.0,AWS-DEL-011,Delhi,DEL,center,False,
2025-03-11 23:00:00,24.4,986.7,60.0,AWS-DEL-011,Delhi,DEL,center,False,
2025-03-12 00:00:00,23.7,986.5,62.0,AWS-DEL-011,Delhi,DEL,center,False,
2025-03-12 01:00:00,22.9,986.1,64.0,AWS-DEL-011,Delhi,DEL,center,False,
2025-03-12 02:00:00,22.0,985.2,68.0,AWS-DEL-011,Delhi,DEL,center,False,
2025-03-12 03:00:00,21.3,984.7,72.0,AWS-DEL-011,Delhi,DEL,center,False,
2025-03-12 04:00:00,20.7,984.4,74.0,AWS-DEL-011,Delhi,DEL,center,False,
2025-03-12 05:00:00,20.4,984.2,73.0,AWS-DEL-011,Delhi,DEL,center,False,
2025-03-12 06:00:00,19.8,985.2,79.0,AWS-DEL-011,Delhi,DEL,center,False,
2025-03-12 07:00:00,20.7,985.5,75.0,AWS-DEL-011,Delhi,DEL,center,False,
2025-03-12 08:00:00,22.9,986.3,66.0,AWS-DEL-011,Delhi,DEL,center,False,
2025-03-12 09:00:00,26.0,986.7,52.0,AWS-DEL-011,Delhi,DEL,center,False,
2025-03-12 10:00:00,28.8,986.8,39.0,AWS-DEL-011,Delhi,DEL,center,False,
2025-03-12 11:00:00,30.5,986.5,32.0,AWS-DEL-011,Delhi,DEL,center,False,
2025-03-12 12:00:00,31.8,985.6,28.0,AWS-DEL-011,Delhi,DEL,center,False,
2025-03-12 13:00:00,32.8,984.6,25.0,AWS-DEL-011,Delhi,DEL,center,False,
2025-03-12 14:00:00,32.9,983.7,25.0,AWS-DEL-011,Delhi,DEL,center,False,
2025-03-12 15:00:00,32.7,983.2,25.0,AWS-DEL-011,Delhi,DEL,center,False,
2025-03-12 16:00:00,31.8,982.7,27.0,AWS-DEL-011,Delhi,DEL,center,False,
2025-03-12 17:00:00,,982.5,30.0,AWS-DEL-011,Delhi,DEL,center,True,dropout
2025-03-12 18:00:00,29.3,982.9,37.0,AWS-DEL-011,Delhi,DEL,center,False,
2025-03-12 19:00:00,28.4,983.2,42.0,AWS-DEL-011,Delhi,DEL,center,False,
2025-03-12 20:00:00,27.1,983.6,47.0,AWS-DEL-011,Delhi,DEL,center,True,frozen_value
2025-03-12 21:00:00,27.1441202146547,984.0,50.0,AWS-DEL-011,Delhi,DEL,center,True,frozen_value
2025-03-12 22:00:00,27.123136587651647,984.3,51.0,AWS-DEL-011,Delhi,DEL,center,True,frozen_value
2025-03-12 23:00:00,27.159319130590163,984.1,52.0,AWS-DEL-011,Delhi,DEL,center,True,frozen_value
2025-03-13 00:00:00,27.186443766745708,983.7,54.0,AWS-DEL-011,Delhi,DEL,center,True,frozen_value
2025-03-13 01:00:00,27.203592174023857,983.0,56.0,AWS-DEL-011,Delhi,DEL,center,True,frozen_value
2025-03-13 02:00:00,27.136009678451348,982.2,57.0,AWS-DEL-011,Delhi,DEL,center,True,frozen_value
2025-03-13 03:00:00,27.16779531860667,981.8,58.0,AWS-DEL-011,Delhi,DEL,center,True,frozen_value
2025-03-13 04:00:00,21.8,981.9,58.0,AWS-DEL-011,Delhi,DEL,center,False,
2025-03-13 05:00:00,21.5,982.0,58.0,AWS-DEL-011,Delhi,DEL,center,False,
2025-03-13 06:00:00,21.0,983.2,71.0,AWS-DEL-011,Delhi,DEL,center,False,
2025-03-13 07:00:00,21.4,983.9,69.0,AWS-DEL-011,Delhi,DEL,center,False,
2025-03-13 08:00:00,23.4,984.9,63.0,AWS-DEL-011,Delhi,DEL,center,False,
2025-03-13 09:00:00,26.2,985.7,53.0,AWS-DEL-011,Delhi,DEL,center,False,
2025-03-13 10:00:00,28.3,985.8,44.0,AWS-DEL-011,Delhi,DEL,center,False,
2025-03-13 11:00:00,26.4,985.9,51.0,AWS-DEL-011,Delhi,DEL,center,False,
2025-03-13 12:00:00,29.6,984.5,36.0,AWS-DEL-011,Delhi,DEL,center,False,
2025-03-13 13:00:00,31.2,983.2,32.0,AWS-DEL-011,Delhi,DEL,center,False,
2025-03-13 14:00:00,32.0,981.9,31.0,AWS-DEL-011,Delhi,DEL,center,False,
2025-03-13 15:00:00,31.0,981.7,33.0,AWS-DEL-011,Delhi,DEL,center,False,
2025-03-13 16:00:00,30.5,981.6,33.0,AWS-DEL-011,Delhi,DEL,center,False,
2025-03-13 17:00:00,22.5,983.3,72.0,AWS-DEL-011,Delhi,DEL,center,False,
2025-03-13 18:00:00,26.3,981.2,54.0,AWS-DEL-011,Delhi,DEL,center,False,
2025-03-13 19:00:00,25.5,981.7,54.0,AWS-DEL-011,Delhi,DEL,center,False,
2025-03-13 20:00:00,24.4,982.4,58.0,AWS-DEL-011,Delhi,DEL,center,False,
2025-03-13 21:00:00,23.9,983.1,58.0,AWS-DEL-011,Delhi,DEL,center,False,
2025-03-13 22:00:00,23.3,983.0,62.0,AWS-DEL-011,Delhi,DEL,center,False,
2025-03-13 23:00:00,22.8,982.8,62.0,AWS-DEL-011,Delhi,DEL,center,False,
2025-03-14 00:00:00,22.1,982.5,65.0,AWS-DEL-011,Delhi,DEL,center,False,
2025-03-14 01:00:00,21.9,982.5,64.0,AWS-DEL-011,Delhi,DEL,center,False,
2025-03-14 02:00:00,21.1,982.2,66.0,AWS-DEL-011,Delhi,DEL,center,False,
2025-03-14 03:00:00,20.5,981.9,68.0,AWS-DEL-011,Delhi,DEL,center,False,
2025-03-14 04:00:00,19.6,982.1,71.0,AWS-DEL-011,Delhi,DEL,center,False,
2025-03-14 05:00:00,19.0,982.7,75.0,AWS-DEL-011,Delhi,DEL,center,False,
2025-03-14 06:00:00,19.5,983.8,83.0,AWS-DEL-011,Delhi,DEL,center,False,
2025-03-14 07:00:00,20.4,984.6,79.0,AWS-DEL-011,Delhi,DEL,center,False,
2025-03-14 08:00:00,23.3,985.7,70.0,AWS-DEL-011,Delhi,DEL,center,False,
2025-03-14 09:00:00,26.5,986.8,55.0,AWS-DEL-011,Delhi,DEL,center,False,
2025-03-14 10:00:00,28.9,986.6,44.0,AWS-DEL-011,Delhi,DEL,center,False,
2025-03-14 11:00:00,30.7,986.4,37.0,AWS-DEL-011,Delhi,DEL,center,False,
2025-03-14 12:00:00,32.1,985.6,26.0,AWS-DEL-011,Delhi,DEL,center,False,
2025-03-14 13:00:00,32.8,984.4,22.0,AWS-DEL-011,Delhi,DEL,center,False,
2025-03-14 14:00:00,33.0,983.4,20.0,AWS-DEL-011,Delhi,DEL,center,False,
2025-03-14 15:00:00,33.2,982.7,19.0,AWS-DEL-011,Delhi,DEL,center,False,
2025-03-14 16:00:00,31.7,982.7,21.0,AWS-DEL-011,Delhi,DEL,center,False,
2025-03-14 17:00:00,30.4,982.9,26.0,AWS-DEL-011,Delhi,DEL,center,False,
2025-03-14 18:00:00,28.0,983.9,41.0,AWS-DEL-011,Delhi,DEL,center,False,
2025-03-14 19:00:00,27.3,984.6,49.0,AWS-DEL-011,Delhi,DEL,center,False,
2025-03-14 20:00:00,26.3,985.0,42.0,AWS-DEL-011,Delhi,DEL,center,False,
2025-03-14 21:00:00,24.2,985.9,58.0,AWS-DEL-011,Delhi,DEL,center,False,
2025-03-14 22:00:00,22.9,985.4,61.0,AWS-DEL-011,Delhi,DEL,center,False,
2025-03-14 23:00:00,22.6,984.9,59.0,AWS-DEL-011,Delhi,DEL,center,False,
2025-03-15 00:00:00,21.7,984.9,64.0,AWS-DEL-011,Delhi,DEL,center,False,
2025-03-15 01:00:00,20.9,984.6,66.0,AWS-DEL-011,Delhi,DEL,center,False,
2025-03-15 02:00:00,20.3,983.6,66.0,AWS-DEL-011,Delhi,DEL,center,False,
2025-03-15 03:00:00,19.9,983.8,66.0,AWS-DEL-011,Delhi,DEL,center,False,
2025-03-15 04:00:00,19.6,984.0,65.0,AWS-DEL-011,Delhi,DEL,center,False,
2025-03-15 05:00:00,19.0,984.5,66.0,AWS-DEL-011,Delhi,DEL,center,False,
2025-03-15 06:00:00,19.1,986.0,71.0,AWS-DEL-011,Delhi,DEL,center,False,
2025-03-15 07:00:00,19.5,986.8,68.0,AWS-DEL-011,Delhi,DEL,center,False,
2025-03-15 08:00:00,20.9,987.4,63.0,AWS-DEL-011,Delhi,DEL,center,False,
2025-03-15 09:00:00,23.0,987.8,55.0,AWS-DEL-011,Delhi,DEL,center,False,
2025-03-15 10:00:00,25.4,987.7,46.0,AWS-DEL-011,Delhi,DEL,center,False,
2025-03-15 11:00:00,27.2,987.3,42.0,AWS-DEL-011,Delhi,DEL,center,False,
2025-03-15 12:00:00,28.8,986.7,40.0,AWS-DEL-011,Delhi,DEL,center,False,
2025-03-15 13:00:00,30.2,985.9,36.0,AWS-DEL-011,Delhi,DEL,center,False,
2025-03-15 14:00:00,30.3,985.2,38.0,AWS-DEL-011,Delhi,DEL,center,False,
2025-03-15 15:00:00,30.3,984.6,38.0,AWS-DEL-011,Delhi,DEL,center,False,
2025-03-15 16:00:00,29.6,984.7,36.0,AWS-DEL-011,Delhi,DEL,center,False,
2025-03-15 17:00:00,28.9,984.3,38.0,AWS-DEL-011,Delhi,DEL,center,False,
2025-03-15 18:00:00,26.6,985.1,52.0,AWS-DEL-011,Delhi,DEL,center,False,
2025-03-15 19:00:00,25.9,986.1,51.0,AWS-DEL-011,Delhi,DEL,center,False,
2025-03-15 20:00:00,24.6,986.7,57.0,AWS-DEL-011,Delhi,DEL,center,False,
2025-03-15 21:00:00,23.2,987.3,62.0,AWS-DEL-011,Delhi,DEL,center,False,
2025-03-15 22:00:00,22.4,987.5,63.0,AWS-DEL-011,Delhi,DEL,center,False,
2025-03-15 23:00:00,21.6,987.4,64.0,AWS-DEL-011,Delhi,DEL,center,False,
2025-03-16 00:00:00,20.8,987.3,66.0,AWS-DEL-011,Delhi,DEL,center,False,
2025-03-16 01:00:00,20.2,987.0,67.0,AWS-DEL-011,Delhi,DEL,center,False,
2025-03-16 02:00:00,19.4,986.8,70.0,AWS-DEL-011,Delhi,DEL,center,False,
2025-03-16 03:00:00,18.9,986.5,72.0,AWS-DEL-011,Delhi,DEL,center,False,
2025-03-16 04:00:00,18.3,986.8,74.0,AWS-DEL-011,Delhi,DEL,center,False,
2025-03-16 05:00:00,18.0,987.4,73.0,AWS-DEL-011,Delhi,DEL,center,False,
2025-03-16 06:00:00,19.2,987.3,73.0,AWS-DEL-011,Delhi,DEL,center,False,
2025-03-16 07:00:00,19.7,987.9,70.0,AWS-DEL-011,Delhi,DEL,center,False,
2025-03-16 08:00:00,31.094690775925123,988.3649917157118,100.0,AWS-DEL-011,Delhi,DEL,center,True,multivariate_inconsistency
2025-03-16 09:00:00,32.59469077592512,989.6952990909678,100.0,AWS-DEL-011,Delhi,DEL,center,True,multivariate_inconsistency
2025-03-16 10:00:00,35.09469077592512,990.0643347859933,85.93655765094712,AWS-DEL-011,Delhi,DEL,center,True,multivariate_inconsistency
2025-03-16 11:00:00,36.99469077592512,988.9582232902565,73.3325337173007,AWS-DEL-011,Delhi,DEL,center,True,multivariate_inconsistency
2025-03-16 12:00:00,38.59469077592512,988.9585180942908,55.664900011674845,AWS-DEL-011,Delhi,DEL,center,True,multivariate_inconsistency
2025-03-16 13:00:00,29.9,987.4,24.0,AWS-DEL-011,Delhi,DEL,center,False,
2025-03-16 14:00:00,29.7,986.4,23.0,AWS-DEL-011,Delhi,DEL,center,False,
2025-03-16 15:00:00,29.4,985.6,24.0,AWS-DEL-011,Delhi,DEL,center,False,
2025-03-16 16:00:00,28.5,985.4,25.0,AWS-DEL-011,Delhi,DEL,center,False,
2025-03-16 17:00:00,27.3,985.4,28.0,AWS-DEL-011,Delhi,DEL,center,False,
2025-03-16 18:00:00,26.5,985.7,30.0,AWS-DEL-011,Delhi,DEL,center,False,
2025-03-16 19:00:00,25.3,986.4,35.0,AWS-DEL-011,Delhi,DEL,center,False,
2025-03-16 20:00:00,24.2,987.0,38.0,AWS-DEL-011,Delhi,DEL,center,False,
2025-03-16 21:00:00,23.4,987.3,40.0,AWS-DEL-011,Delhi,DEL,center,True,drift
2025-03-16 22:00:00,22.5,987.9338263028042,41.0,AWS-DEL-011,Delhi,DEL,center,True,drift
2025-03-16 23:00:00,21.4,988.0676526056085,43.0,AWS-DEL-011,Delhi,DEL,center,True,drift
2025-03-17 00:00:00,20.8,988.4014789084126,44.0,AWS-DEL-011,Delhi,DEL,center,True,drift
2025-03-17 01:00:00,20.0,988.7353052112168,46.0,AWS-DEL-011,Delhi,DEL,center,True,drift
2025-03-17 02:00:00,19.2,988.969131514021,49.0,AWS-DEL-011,Delhi,DEL,center,True,drift
2025-03-17 03:00:00,18.6,989.1029578168252,51.0,AWS-DEL-011,Delhi,DEL,center,True,drift
2025-03-17 04:00:00,17.7,989.5367841196294,57.0,AWS-DEL-011,Delhi,DEL,center,True,drift
2025-03-17 05:00:00,17.6,990.2706104224336,56.0,AWS-DEL-011,Delhi,DEL,center,True,drift
2025-03-17 06:00:00,18.6,991.4044367252378,76.0,AWS-DEL-011,Delhi,DEL,center,True,drift
2025-03-17 07:00:00,19.3,992.6382630280419,72.77440305168768,AWS-DEL-011,Delhi,DEL,center,True,drift
2025-03-17 08:00:00,21.0,993.9720893308463,65.54880610337538,AWS-DEL-011,Delhi,DEL,center,True,drift
2025-03-17 09:00:00,23.5,995.0059156336504,56.323209155063076,AWS-DEL-011,Delhi,DEL,center,True,drift
2025-03-17 10:00:00,25.9,995.5397419364546,45.09761220675077,AWS-DEL-011,Delhi,DEL,center,True,drift
2025-03-17 11:00:00,27.3,995.8735682392587,35.87201525843846,AWS-DEL-011,Delhi,DEL,center,True,drift
2025-03-17 12:00:00,27.9,995.507394542063,32.64641831012615,AWS-DEL-011,Delhi,DEL,center,True,drift
2025-03-17 13:00:00,28.2,995.0412208448672,33.420821361813836,AWS-DEL-011,Delhi,DEL,center,True,drift
2025-03-17 14:00:00,28.3,994.6750471476713,35.19522441350153,AWS-DEL-011,Delhi,DEL,center,True,drift
2025-03-17 15:00:00,27.9,994.5088734504757,35.96962746518922,AWS-DEL-011,Delhi,DEL,center,True,drift
2025-03-17 16:00:00,27.4,994.9426997532798,37.74403051687691,AWS-DEL-011,Delhi,DEL,center,True,drift
2025-03-17 17:00:00,26.4,995.5765260560839,40.5184335685646,AWS-DEL-011,Delhi,DEL,center,True,drift
2025-03-17 18:00:00,25.6,996.9103523588882,42.292836620252295,AWS-DEL-011,Delhi,DEL,center,True,drift
2025-03-17 19:00:00,24.5,998.2441786616924,48.06723967193999,AWS-DEL-011,Delhi,DEL,center,True,drift
2025-03-17 20:00:00,23.6,999.1780049644966,51.84164272362768,AWS-DEL-011,Delhi,DEL,center,True,drift
2025-03-17 21:00:00,22.7,999.9118312673008,54.61604577531537,AWS-DEL-011,Delhi,DEL,center,True,drift
2025-03-17 22:00:00,22.3,1000.445657570105,56.39044882700306,AWS-DEL-011,Delhi,DEL,center,True,drift
2025-03-17 23:00:00,21.2,1000.3794838729092,60.164851878690754,AWS-DEL-011,Delhi,DEL,center,True,drift
2025-03-18 00:00:00,20.2,1000.4133101757135,64.93925493037844,AWS-DEL-011,Delhi,DEL,center,True,drift
2025-03-18 01:00:00,19.7,1000.6471364785176,66.71365798206614,AWS-DEL-011,Delhi,DEL,center,True,drift
2025-03-18 02:00:00,18.7,1000.1809627813218,70.48806103375382,AWS-DEL-011,Delhi,DEL,center,True,drift
2025-03-18 03:00:00,18.1,987.0,73.26246408544152,AWS-DEL-011,Delhi,DEL,center,True,drift
2025-03-18 04:00:00,17.6,986.9,76.0368671371292,AWS-DEL-011,Delhi,DEL,center,True,drift
2025-03-18 05:00:00,17.1,986.9,77.8112701888169,AWS-DEL-011,Delhi,DEL,center,True,drift
2025-03-18 06:00:00,17.6,987.8,91.58567324050459,AWS-DEL-011,Delhi,DEL,center,True,drift
2025-03-18 07:00:00,18.6,988.8,68.0,AWS-DEL-011,Delhi,DEL,center,False,
2025-03-18 08:00:00,20.8,989.3,59.0,AWS-DEL-011,Delhi,DEL,center,False,
2025-03-18 09:00:00,23.5,989.8,47.0,AWS-DEL-011,Delhi,DEL,center,False,
2025-03-18 10:00:00,26.2,989.9,35.0,AWS-DEL-011,Delhi,DEL,center,False,
2025-03-18 11:00:00,27.8,989.3,29.0,AWS-DEL-011,Delhi,DEL,center,False,
2025-03-18 12:00:00,28.9,988.5,26.0,AWS-DEL-011,Delhi,DEL,center,False,
2025-03-18 13:00:00,29.6,987.7,24.0,AWS-DEL-011,Delhi,DEL,center,False,
2025-03-18 14:00:00,-5.41468532971297,986.9,23.0,AWS-DEL-011,Delhi,DEL,center,True,spike
2025-03-18 15:00:00,29.7,986.5,23.0,AWS-DEL-011,Delhi,DEL,center,False,
2025-03-18 16:00:00,29.0,986.4,25.0,AWS-DEL-011,Delhi,DEL,center,False,
2025-03-18 17:00:00,27.9,986.4,28.0,AWS-DEL-011,Delhi,DEL,center,False,
2025-03-18 18:00:00,26.8,987.2,33.0,AWS-DEL-011,Delhi,DEL,center,False,
2025-03-18 19:00:00,25.5,987.6,39.0,AWS-DEL-011,Delhi,DEL,center,False,
2025-03-18 20:00:00,24.3,987.8,43.0,AWS-DEL-011,Delhi,DEL,center,False,
2025-03-18 21:00:00,23.4,988.2,44.0,AWS-DEL-011,Delhi,DEL,center,False,
2025-03-18 22:00:00,22.6,988.2,44.0,AWS-DEL-011,Delhi,DEL,center,False,
2025-03-18 23:00:00,22.3,988.3,43.0,AWS-DEL-011,Delhi,DEL,center,False,
2025-03-19 00:00:00,22.1,988.2,42.0,AWS-DEL-011,Delhi,DEL,center,False,
2025-03-19 01:00:00,21.0,988.1,46.0,AWS-DEL-011,Delhi,DEL,center,False,
2025-03-19 02:00:00,19.7,987.4,52.0,AWS-DEL-011,Delhi,DEL,center,False,
2025-03-19 03:00:00,18.9,987.0,55.0,AWS-DEL-011,Delhi,DEL,center,False,
2025-03-19 04:00:00,18.3,986.9,58.0,AWS-DEL-011,Delhi,DEL,center,False,
2025-03-19 05:00:00,17.8,987.0,61.0,AWS-DEL-011,Delhi,DEL,center,False,
2025-03-19 06:00:00,17.7,987.7,68.0,AWS-DEL-011,Delhi,DEL,center,False,
2025-03-19 07:00:00,19.0,988.7,63.0,AWS-DEL-011,Delhi,DEL,center,False,
2025-03-19 08:00:00,22.1,989.3,51.0,AWS-DEL-011,Delhi,DEL,center,False,
2025-03-19 09:00:00,25.7,990.2,39.0,AWS-DEL-011,Delhi,DEL,center,False,
2025-03-19 10:00:00,28.4,990.5,28.0,AWS-DEL-011,Delhi,DEL,center,False,
2025-03-19 11:00:00,30.2,990.2,22.0,AWS-DEL-011,Delhi,DEL,center,False,
2025-03-19 12:00:00,31.5,989.8,19.0,AWS-DEL-011,Delhi,DEL,center,False,
2025-03-19 13:00:00,32.1,988.8,18.0,AWS-DEL-011,Delhi,DEL,center,False,
2025-03-19 14:00:00,32.3,988.1,17.0,AWS-DEL-011,Delhi,DEL,center,False,
2025-03-19 15:00:00,31.8,987.7,18.0,AWS-DEL-011,Delhi,DEL,center,False,
2025-03-19 16:00:00,30.8,987.6,22.0,AWS-DEL-011,Delhi,DEL,center,False,
2025-03-19 17:00:00,29.6,987.8,26.0,AWS-DEL-011,Delhi,DEL,center,False,
2025-03-19 18:00:00,28.9,988.3,23.0,AWS-DEL-011,Delhi,DEL,center,False,
2025-03-19 19:00:00,27.5,989.1,29.0,AWS-DEL-011,Delhi,DEL,center,False,
2025-03-19 20:00:00,25.9,989.4,34.0,AWS-DEL-011,Delhi,DEL,center,False,
2025-03-19 21:00:00,24.9,990.1,36.0,AWS-DEL-011,Delhi,DEL,center,False,
2025-03-19 22:00:00,24.6,990.2,35.0,AWS-DEL-011,Delhi,DEL,center,False,
2025-03-19 23:00:00,24.0,990.4,35.0,AWS-DEL-011,Delhi,DEL,center,False,
2025-03-20 00:00:00,23.1,990.1,37.0,AWS-DEL-011,Delhi,DEL,center,False,
2025-03-20 01:00:00,22.3,989.9,38.0,AWS-DEL-011,Delhi,DEL,center,False,
2025-03-20 02:00:00,21.0,989.4,41.0,AWS-DEL-011,Delhi,DEL,center,False,
2025-03-20 03:00:00,20.2,988.9,44.0,AWS-DEL-011,Delhi,DEL,center,False,
2025-03-20 04:00:00,19.6,988.7,45.0,AWS-DEL-011,Delhi,DEL,center,False,
2025-03-20 05:00:00,19.1,989.0,46.0,AWS-DEL-011,Delhi,DEL,center,False,
2025-03-20 06:00:00,20.6,989.8,62.0,AWS-DEL-011,Delhi,DEL,center,False,
2025-03-20 07:00:00,21.6,990.7,55.0,AWS-DEL-011,Delhi,DEL,center,False,
2025-03-20 08:00:00,24.0,991.5,47.0,AWS-DEL-011,Delhi,DEL,center,False,
2025-03-20 09:00:00,27.5,992.0,35.0,AWS-DEL-011,Delhi,DEL,center,False,
2025-03-20 10:00:00,30.3,992.4,22.0,AWS-DEL-011,Delhi,DEL,center,False,
2025-03-20 11:00:00,31.8,992.1,17.0,AWS-DEL-011,Delhi,DEL,center,False,
2025-03-20 12:00:00,32.9,991.2,15.0,AWS-DEL-011,Delhi,DEL,center,False,
2025-03-20 13:00:00,33.0,990.1,14.0,AWS-DEL-011,Delhi,DEL,center,False,
2025-03-20 14:00:00,32.6,989.3,15.0,AWS-DEL-011,Delhi,DEL,center,False,
2025-03-20 15:00:00,32.1,988.5,17.0,AWS-DEL-011,Delhi,DEL,center,False,
2025-03-20 16:00:00,31.4,988.1,18.0,AWS-DEL-011,Delhi,DEL,center,False,
2025-03-20 17:00:00,30.1,988.1,21.0,AWS-DEL-011,Delhi,DEL,center,False,
2025-03-20 18:00:00,29.1,988.3,19.0,AWS-DEL-011,Delhi,DEL,center,False,
2025-03-20 19:00:00,27.3,988.6,23.0,AWS-DEL-011,Delhi,DEL,center,False,
2025-03-20 20:00:00,26.4,989.5,29.0,AWS-DEL-011,Delhi,DEL,center,False,
2025-03-20 21:00:00,25.2,990.2,39.0,AWS-DEL-011,Delhi,DEL,center,False,
2025-03-20 22:00:00,24.6,990.3,41.0,AWS-DEL-011,Delhi,DEL,center,False,
2025-03-20 23:00:00,23.6,990.5,37.0,AWS-DEL-011,Delhi,DEL,center,False,
2025-03-21 00:00:00,22.7,990.0,35.0,AWS-DEL-011,Delhi,DEL,center,False,
2025-03-21 01:00:00,21.8,989.6,36.0,AWS-DEL-011,Delhi,DEL,center,False,
2025-03-21 02:00:00,21.3,989.1,37.0,AWS-DEL-011,Delhi,DEL,center,False,
2025-03-21 03:00:00,20.6,988.5,39.0,AWS-DEL-011,Delhi,DEL,center,False,
2025-03-21 04:00:00,20.2,988.5,40.0,AWS-DEL-011,Delhi,DEL,center,False,
2025-03-21 05:00:00,19.9,988.7,41.0,AWS-DEL-011,Delhi,DEL,center,True,drift
2025-03-21 06:00:00,19.4,989.4550568223129,60.0,AWS-DEL-011,Delhi,DEL,center,True,drift
2025-03-21 07:00:00,20.4,989.8101136446259,57.0,AWS-DEL-011,Delhi,DEL,center,True,drift
2025-03-21 08:00:00,22.5,990.4651704669388,50.0,AWS-DEL-011,Delhi,DEL,center,True,drift
2025-03-21 09:00:00,25.1,991.0202272892518,42.0,AWS-DEL-011,Delhi,DEL,center,True,drift
2025-03-21 10:00:00,27.7,990.8752841115647,34.0,AWS-DEL-011,Delhi,DEL,center,True,drift
2025-03-21 11:00:00,30.0,990.2303409338778,24.0,AWS-DEL-011,Delhi,DEL,center,True,drift
2025-03-21 12:00:00,31.5,989.0853977561906,18.0,AWS-DEL-011,Delhi,DEL,center,True,drift
2025-03-21 13:00:00,31.9,987.7404545785037,16.0,AWS-DEL-011,Delhi,DEL,center,True,drift
2025-03-21 14:00:00,32.0,986.2955114008165,15.0,AWS-DEL-011,Delhi,DEL,center,True,drift
2025-03-21 15:00:00,31.6,985.3505682231295,15.0,AWS-DEL-011,Delhi,DEL,center,True,drift
2025-03-21 16:00:00,30.9,984.6056250454424,17.0,AWS-DEL-011,Delhi,DEL,center,True,drift
2025-03-21 17:00:00,29.7,984.1606818677554,20.0,AWS-DEL-011,Delhi,DEL,center,True,drift
2025-03-21 18:00:00,28.4,984.8157386900683,23.0,AWS-DEL-011,Delhi,DEL,center,True,drift
2025-03-21 19:00:00,26.9,985.0707955123813,27.0,AWS-DEL-011,Delhi,DEL,center,True,drift
2025-03-21 20:00:00,25.7,985.2258523346942,30.0,AWS-DEL-011,Delhi,DEL,center,True,drift
2025-03-21 21:00:00,24.6,985.1809091570072,32.0,AWS-DEL-011,Delhi,DEL,center,True,drift
2025-03-21 22:00:00,23.5,984.8359659793201,33.0,AWS-DEL-011,Delhi,DEL,center,True,drift
2025-03-21 23:00:00,22.8,984.391022801633,34.0,AWS-DEL-011,Delhi,DEL,center,True,drift
2025-03-22 00:00:00,21.7,983.446079623946,36.0,AWS-DEL-011,Delhi,DEL,center,True,drift
2025-03-22 01:00:00,21.0,982.6011364462589,37.0,AWS-DEL-011,Delhi,DEL,center,True,drift
2025-03-22 02:00:00,20.6,981.456193268572,39.0,AWS-DEL-011,Delhi,DEL,center,True,drift
2025-03-22 03:00:00,20.1,981.0112500908848,38.0,AWS-DEL-011,Delhi,DEL,center,True,drift
2025-03-22 04:00:00,18.6,980.6663069131978,44.0,AWS-DEL-011,Delhi,DEL,center,True,drift
2025-03-22 05:00:00,18.0,980.6213637355107,46.0,AWS-DEL-011,Delhi,DEL,center,True,drift
2025-03-22 06:00:00,19.4,981.5764205578238,52.0,AWS-DEL-011,Delhi,DEL,center,True,drift
2025-03-22 07:00:00,20.7,982.0314773801366,48.0,AWS-DEL-011,Delhi,DEL,center,True,drift
2025-03-22 08:00:00,23.1,982.7865342024496,41.0,AWS-DEL-011,Delhi,DEL,center,True,drift
2025-03-22 09:00:00,26.2,983.5415910247625,33.0,AWS-DEL-011,Delhi,DEL,center,True,drift
2025-03-22 10:00:00,28.9,982.9966478470756,27.0,AWS-DEL-011,Delhi,DEL,center,True,drift
2025-03-22 11:00:00,30.5,982.4517046693884,23.0,AWS-DEL-011,Delhi,DEL,center,True,drift
2025-03-22 12:00:00,31.3,981.4067614917014,20.0,AWS-DEL-011,Delhi,DEL,center,True,drift
2025-03-22 13:00:00,30.8,980.6618183140143,20.0,AWS-DEL-011,Delhi,DEL,center,True,drift
2025-03-22 14:00:00,31.2,979.6168751363274,19.0,AWS-DEL-011,Delhi,DEL,center,True,drift
2025-03-22 15:00:00,31.2,979.0719319586402,19.0,AWS-DEL-011,Delhi,DEL,center,True,drift
2025-03-22 16:00:00,30.9,978.7269887809531,19.0,AWS-DEL-011,Delhi,DEL,center,True,drift
2025-03-22 17:00:00,29.6,978.3820456032662,20.0,AWS-DEL-011,Delhi,DEL,center,True,drift
2025-03-22 18:00:00,28.5,978.737102425579,22.0,AWS-DEL-011,Delhi,DEL,center,True,drift
2025-03-22 19:00:00,26.9,979.092159247892,27.0,AWS-DEL-011,Delhi,DEL,center,True,drift
2025-03-22 20:00:00,25.4,979.3472160702049,34.0,AWS-DEL-011,Delhi,DEL,center,True,drift
2025-03-22 21:00:00,24.5,979.402272892518,39.0,AWS-DEL-011,Delhi,DEL,center,True,drift
2025-03-22 22:00:00,23.6,979.1573297148309,40.0,AWS-DEL-011,Delhi,DEL,center,True,drift
2025-03-22 23:00:00,22.9,978.8123865371439,43.0,AWS-DEL-011,Delhi,DEL,center,True,drift
2025-03-23 00:00:00,22.3,978.3674433594567,44.0,AWS-DEL-011,Delhi,DEL,center,True,drift
2025-03-23 01:00:00,21.5,977.8225001817698,46.0,AWS-DEL-011,Delhi,DEL,center,True,drift
2025-03-23 02:00:00,20.5,977.0775570040827,49.0,AWS-DEL-011,Delhi,DEL,center,True,drift
2025-03-23 03:00:00,19.8,976.7326138263957,51.0,AWS-DEL-011,Delhi,DEL,center,True,drift
2025-03-23 04:00:00,18.9,988.3,53.0,AWS-DEL-011,Delhi,DEL,center,False,
2025-03-23 05:00:00,18.5,988.5,54.0,AWS-DEL-011,Delhi,DEL,center,False,
2025-03-23 06:00:00,18.6,989.4,62.0,AWS-DEL-011,Delhi,DEL,center,False,
2025-03-23 07:00:00,20.8,990.4,52.0,AWS-DEL-011,Delhi,DEL,center,False,
2025-03-23 08:00:00,24.1,991.6,41.0,AWS-DEL-011,Delhi,DEL,center,False,
2025-03-23 09:00:00,27.3,992.3,31.0,AWS-DEL-011,Delhi,DEL,center,False,
2025-03-23 10:00:00,29.3,992.3,25.0,AWS-DEL-011,Delhi,DEL,center,False,
2025-03-23 11:00:00,30.4,992.0,23.0,AWS-DEL-011,Delhi,DEL,center,False,
2025-03-23 12:00:00,31.3,991.3,21.0,AWS-DEL-011,Delhi,DEL,center,False,
2025-03-23 13:00:00,32.1,990.3,19.0,AWS-DEL-011,Delhi,DEL,center,False,
2025-03-23 14:00:00,32.6,989.5,18.0,AWS-DEL-011,Delhi,DEL,center,False,
2025-03-23 15:00:00,32.7,988.8,17.0,AWS-DEL-011,Delhi,DEL,center,False,
2025-03-23 16:00:00,38.95190876009532,988.9307647929141,27.968528013761222,AWS-DEL-011,Delhi,DEL,center,True,multivariate_inconsistency
2025-03-23 17:00:00,37.75190876009532,987.9217852395835,28.046964549875604,AWS-DEL-011,Delhi,DEL,center,True,multivariate_inconsistency
2025-03-23 18:00:00,36.35190876009532,989.1426181284905,34.760492416664576,AWS-DEL-011,Delhi,DEL,center,True,multivariate_inconsistency
2025-03-23 19:00:00,28.3,989.9,23.0,AWS-DEL-011,Delhi,DEL,center,False,
2025-03-23 20:00:00,27.0,990.0,27.0,AWS-DEL-011,Delhi,DEL,center,False,
2025-03-23 21:00:00,25.8,990.1,30.0,AWS-DEL-011,Delhi,DEL,center,False,
2025-03-23 22:00:00,25.2,990.2,32.0,AWS-DEL-011,Delhi,DEL,center,False,
2025-03-23 23:00:00,24.1,989.9,37.0,AWS-DEL-011,Delhi,DEL,center,False,
2025-03-24 00:00:00,23.3,989.3,39.0,AWS-DEL-011,Delhi,DEL,center,False,
2025-03-24 01:00:00,15.822014746857981,996.0322874231939,24.70160339080413,AWS-DEL-011,Delhi,DEL,center,True,unstructured_anomaly
2025-03-24 02:00:00,16.76187350378421,995.8473996230833,27.456863361129436,AWS-DEL-011,Delhi,DEL,center,True,unstructured_anomaly
2025-03-24 03:00:00,16.662252683439046,995.007387053229,27.525193847638334,AWS-DEL-011,Delhi,DEL,center,True,unstructured_anomaly
2025-03-24 04:00:00,27.249750076452464,979.043002853034,25.624391620475304,AWS-DEL-011,Delhi,DEL,center,True,unstructured_anomaly
2025-03-24 05:00:00,26.73285172053511,980.3770809806472,31.143611235587727,AWS-DEL-011,Delhi,DEL,center,True,unstructured_anomaly
2025-03-24 06:00:00,27.045607019502064,983.4382811620237,36.528446631201405,AWS-DEL-011,Delhi,DEL,center,True,unstructured_anomaly
2025-03-24 07:00:00,14.748367532795964,998.0925507316128,70.61157297743092,AWS-DEL-011,Delhi,DEL,center,True,unstructured_anomaly
2025-03-24 08:00:00,24.0,991.7,43.0,AWS-DEL-011,Delhi,DEL,center,False,
2025-03-24 09:00:00,27.5,992.1,34.0,AWS-DEL-011,Delhi,DEL,center,False,
2025-03-24 10:00:00,30.1,992.1,26.0,AWS-DEL-011,Delhi,DEL,center,False,
2025-03-24 11:00:00,31.6,991.8,21.0,AWS-DEL-011,Delhi,DEL,center,False,
2025-03-24 12:00:00,32.7,990.7,19.0,AWS-DEL-011,Delhi,DEL,center,False,
2025-03-24 13:00:00,33.5,989.4,17.0,AWS-DEL-011,Delhi,DEL,center,False,
2025-03-24 14:00:00,33.9,988.2,16.0,AWS-DEL-011,Delhi,DEL,center,False,
2025-03-24 15:00:00,33.9,987.8,16.0,AWS-DEL-011,Delhi,DEL,center,False,
2025-03-24 16:00:00,33.5,987.3,16.0,AWS-DEL-011,Delhi,DEL,center,False,
2025-03-24 17:00:00,32.7,987.3,17.0,AWS-DEL-011,Delhi,DEL,center,False,
2025-03-24 18:00:00,31.1,987.2,19.0,AWS-DEL-011,Delhi,DEL,center,False,
2025-03-24 19:00:00,29.4,987.6,21.0,AWS-DEL-011,Delhi,DEL,center,False,
2025-03-24 20:00:00,28.3,988.5,26.0,AWS-DEL-011,Delhi,DEL,center,False,
2025-03-24 21:00:00,27.3,988.9,30.0,AWS-DEL-011,Delhi,DEL,center,False,
2025-03-24 22:00:00,26.4,988.8,34.0,AWS-DEL-011,Delhi,DEL,center,False,
2025-03-24 23:00:00,25.0,988.2,39.0,AWS-DEL-011,Delhi,DEL,center,False,
2025-03-25 00:00:00,24.2,987.3,41.0,AWS-DEL-011,Delhi,DEL,center,False,
2025-03-25 01:00:00,23.5,986.8,43.0,AWS-DEL-011,Delhi,DEL,center,False,
2025-03-25 02:00:00,22.6,986.0,47.0,AWS-DEL-011,Delhi,DEL,center,False,
2025-03-25 03:00:00,21.8,985.5,51.0,AWS-DEL-011,Delhi,DEL,center,False,
2025-03-25 04:00:00,21.2,985.3,53.0,AWS-DEL-011,Delhi,DEL,center,False,
2025-03-25 05:00:00,20.9,985.2,53.0,AWS-DEL-011,Delhi,DEL,center,False,
2025-03-25 06:00:00,21.0,986.1,55.0,AWS-DEL-011,Delhi,DEL,center,False,
2025-03-25 07:00:00,22.2,986.7,49.0,AWS-DEL-011,Delhi,DEL,center,False,
2025-03-25 08:00:00,25.2,987.5,41.0,AWS-DEL-011,Delhi,DEL,center,False,
2025-03-25 09:00:00,29.0,988.1,30.0,AWS-DEL-011,Delhi,DEL,center,False,
2025-03-25 10:00:00,31.8,987.9,22.0,AWS-DEL-011,Delhi,DEL,center,False,
2025-03-25 11:00:00,33.6,987.0,19.0,AWS-DEL-011,Delhi,DEL,center,False,
2025-03-25 12:00:00,34.9,986.2,17.0,AWS-DEL-011,Delhi,DEL,center,False,
2025-03-25 13:00:00,35.8,985.0,15.0,AWS-DEL-011,Delhi,DEL,center,False,
2025-03-25 14:00:00,36.4,983.8,14.0,AWS-DEL-011,Delhi,DEL,center,False,
2025-03-25 15:00:00,36.4,983.0,13.0,AWS-DEL-011,Delhi,DEL,center,False,
2025-03-25 16:00:00,35.9,982.6,12.0,AWS-DEL-011,Delhi,DEL,center,False,
2025-03-25 17:00:00,35.2,982.5,12.0,AWS-DEL-011,Delhi,DEL,center,False,
2025-03-25 18:00:00,33.1,983.0,16.0,AWS-DEL-011,Delhi,DEL,center,False,
2025-03-25 19:00:00,31.3,983.4,23.0,AWS-DEL-011,Delhi,DEL,center,False,
2025-03-25 20:00:00,29.9,983.9,26.0,AWS-DEL-011,Delhi,DEL,center,False,
2025-03-25 21:00:00,28.8,984.3,31.0,AWS-DEL-011,Delhi,DEL,center,False,
2025-03-25 22:00:00,27.2,984.0,37.0,AWS-DEL-011,Delhi,DEL,center,False,
2025-03-25 23:00:00,26.5,983.4,39.0,AWS-DEL-011,Delhi,DEL,center,False,
2025-03-26 00:00:00,25.1,982.8,43.0,AWS-DEL-011,Delhi,DEL,center,False,
2025-03-26 01:00:00,24.1,982.2,45.0,AWS-DEL-011,Delhi,DEL,center,False,
2025-03-26 02:00:00,23.6,981.5,45.0,AWS-DEL-011,Delhi,DEL,center,False,
2025-03-26 03:00:00,22.7,981.1,47.0,AWS-DEL-011,Delhi,DEL,center,False,
2025-03-26 04:00:00,22.6,981.2,48.0,AWS-DEL-011,Delhi,DEL,center,False,
2025-03-26 05:00:00,22.3,981.4,49.0,AWS-DEL-011,Delhi,DEL,center,False,
2025-03-26 06:00:00,21.8,982.0,56.0,AWS-DEL-011,Delhi,DEL,center,False,
2025-03-26 07:00:00,23.4,982.9,50.0,AWS-DEL-011,Delhi,DEL,center,False,
2025-03-26 08:00:00,27.6,984.0,38.0,AWS-DEL-011,Delhi,DEL,center,False,
2025-03-26 09:00:00,31.2,984.9,29.0,AWS-DEL-011,Delhi,DEL,center,False,
2025-03-26 10:00:00,34.0,984.9,20.0,AWS-DEL-011,Delhi,DEL,center,False,
2025-03-26 11:00:00,35.7,984.7,16.0,AWS-DEL-011,Delhi,DEL,center,False,
2025-03-26 12:00:00,36.8,983.9,14.0,AWS-DEL-011,Delhi,DEL,center,False,
2025-03-26 13:00:00,37.6,982.7,12.0,AWS-DEL-011,Delhi,DEL,center,False,
2025-03-26 14:00:00,37.9,981.6,12.0,AWS-DEL-011,Delhi,DEL,center,False,
2025-03-26 15:00:00,37.8,980.9,11.0,AWS-DEL-011,Delhi,DEL,center,False,
2025-03-26 16:00:00,37.0,980.7,11.0,AWS-DEL-011,Delhi,DEL,center,False,
2025-03-26 17:00:00,36.0,980.7,13.0,AWS-DEL-011,Delhi,DEL,center,False,
2025-03-26 18:00:00,34.2,980.8,16.0,AWS-DEL-011,Delhi,DEL,center,False,
2025-03-26 19:00:00,32.8,981.3,16.0,AWS-DEL-011,Delhi,DEL,center,False,
2025-03-26 20:00:00,31.3,982.1,18.0,AWS-DEL-011,Delhi,DEL,center,False,
2025-03-26 21:00:00,30.2,982.8,24.0,AWS-DEL-011,Delhi,DEL,center,False,
2025-03-26 22:00:00,28.5,982.7,29.0,AWS-DEL-011,Delhi,DEL,center,False,
2025-03-26 23:00:00,27.2,982.4,32.0,AWS-DEL-011,Delhi,DEL,center,False,
2025-03-27 00:00:00,26.5,982.3,34.0,AWS-DEL-011,Delhi,DEL,center,False,
2025-03-27 01:00:00,26.0,981.9,35.0,AWS-DEL-011,Delhi,DEL,center,False,
2025-03-27 02:00:00,25.6,981.2,36.0,AWS-DEL-011,Delhi,DEL,center,False,
2025-03-27 03:00:00,25.2,981.0,37.0,AWS-DEL-011,Delhi,DEL,center,True,drift
2025-03-27 04:00:00,25.0,981.0,36.01360627458858,AWS-DEL-011,Delhi,DEL,center,True,drift
2025-03-27 05:00:00,24.2,981.5,37.04889125307654,AWS-DEL-011,Delhi,DEL,center,True,drift
2025-03-27 06:00:00,24.1,982.4,41.10545362224345,AWS-DEL-011,Delhi,DEL,center,True,drift
2025-03-27 07:00:00,24.7,983.0,39.18308332813948,AWS-DEL-011,Delhi,DEL,center,True,drift
2025-03-27 08:00:00,27.2,983.9,33.28163497305116,AWS-DEL-011,Delhi,DEL,center,True,drift
2025-03-27 09:00:00,30.4,984.5,27.40099714796471,AWS-DEL-011,Delhi,DEL,center,True,drift
2025-03-27 10:00:00,32.6,984.7,23.54107953326694,AWS-DEL-011,Delhi,DEL,center,True,drift
2025-03-27 11:00:00,34.3,,21.701806197523194,AWS-DEL-011,Delhi,DEL,center,True,dropout
2025-03-27 12:00:00,35.6,983.7,19.883111658704063,AWS-DEL-011,Delhi,DEL,center,True,drift
2025-03-27 13:00:00,36.2,982.9,18.084938369527954,AWS-DEL-011,Delhi,DEL,center,True,drift
2025-03-27 14:00:00,36.2,982.0,17.307235013170967,AWS-DEL-011,Delhi,DEL,center,True,drift
2025-03-27 15:00:00,35.9,981.1,17.54995529457749,AWS-DEL-011,Delhi,DEL,center,True,drift
2025-03-27 16:00:00,35.7,980.6,18.813057052081582,AWS-DEL-011,Delhi,DEL,center,True,drift
2025-03-27 17:00:00,34.9,980.4,20.096501585316513,AWS-DEL-011,Delhi,DEL,center,True,drift
2025-03-27 18:00:00,33.4,980.4,22.40025313447135,AWS-DEL-011,Delhi,DEL,center,True,drift
2025-03-27 19:00:00,31.9,980.8,24.724278468634708,AWS-DEL-011,Delhi,DEL,center,True,drift
2025-03-27 20:00:00,30.4,981.2,29.06854655475686,AWS-DEL-011,Delhi,DEL,center,True,drift
2025-03-27 21:00:00,29.3,981.6,31.433028287480266,AWS-DEL-011,Delhi,DEL,center,True,drift
2025-03-27 22:00:00,29.1,981.7,33.81769626578757,AWS-DEL-011,Delhi,DEL,center,True,drift
2025-03-27 23:00:00,28.1,981.9,35.22252460624865,AWS-DEL-011,Delhi,DEL,center,True,drift
2025-03-28 00:00:00,26.7,981.9,37.64748878529151,AWS-DEL-011,Delhi,DEL,center,True,drift
2025-03-28 01:00:00,25.1,981.6,43.09256550478445,AWS-DEL-011,Delhi,DEL,center,True,drift
2025-03-28 02:00:00,24.0,981.5,49.55773257655632,AWS-DEL-011,Delhi,DEL,center,True,drift
2025-03-28 03:00:00,23.6,981.6,45.042968822460544,AWS-DEL-011,Delhi,DEL,center,True,drift
2025-03-28 04:00:00,22.7,982.4,35.5482539873163,AWS-DEL-011,Delhi,DEL,center,True,drift
2025-03-28 05:00:00,22.0,983.3,38.07356866260812,AWS-DEL-011,Delhi,DEL,center,True,drift
2025-03-28 06:00:00,21.8,984.3,44.61889421924363,AWS-DEL-011,Delhi,DEL,center,True,drift
2025-03-28 07:00:00,22.8,985.2,42.18421274799194,AWS-DEL-011,Delhi,DEL,center,True,drift
2025-03-28 08:00:00,24.6,986.3,38.76950700647743,AWS-DEL-011,Delhi,DEL,center,True,drift
2025-03-28 09:00:00,26.3,987.2,37.374760371802175,AWS-DEL-011,Delhi,DEL,center,True,drift
2025-03-28 10:00:00,27.9,987.4,34.9999567980285,AWS-DEL-011,Delhi,DEL,center,True,drift
2025-03-28 11:00:00,29.7,987.1,29.64508077787975,AWS-DEL-011,Delhi,DEL,center,True,drift
2025-03-28 12:00:00,30.7,986.6,25.310117308119974,AWS-DEL-011,Delhi,DEL,center,True,drift
2025-03-28 13:00:00,31.0,985.9,23.995051858156597,AWS-DEL-011,Delhi,DEL,center,True,drift
2025-03-28 14:00:00,31.0,984.9,24.699870341478665,AWS-DEL-011,Delhi,DEL,center,True,drift
2025-03-28 15:00:00,30.5,984.0,25.424559089599715,AWS-DEL-011,Delhi,DEL,center,True,drift
2025-03-28 16:00:00,29.8,984.0,26.16910482822116,AWS-DEL-011,Delhi,DEL,center,True,drift
2025-03-28 17:00:00,28.7,983.8,13.0,AWS-DEL-011,Delhi,DEL,center,False,
2025-03-28 18:00:00,27.7,984.3,19.0,AWS-DEL-011,Delhi,DEL,center,False,
2025-03-28 19:00:00,26.3,985.0,23.0,AWS-DEL-011,Delhi,DEL,center,False,
2025-03-28 20:00:00,25.2,985.9,24.0,AWS-DEL-011,Delhi,DEL,center,False,
2025-03-28 21:00:00,24.0,986.5,22.0,AWS-DEL-011,Delhi,DEL,center,False,
2025-03-28 22:00:00,23.0,986.7,20.0,AWS-DEL-011,Delhi,DEL,center,False,
2025-03-28 23:00:00,22.1,986.5,19.0,AWS-DEL-011,Delhi,DEL,center,False,
2025-03-29 00:00:00,21.2,986.4,18.0,AWS-DEL-011,Delhi,DEL,center,False,
2025-03-29 01:00:00,20.3,985.7,18.0,AWS-DEL-011,Delhi,DEL,center,False,
2025-03-29 02:00:00,19.5,985.1,19.0,AWS-DEL-011,Delhi,DEL,center,False,
2025-03-29 03:00:00,18.6,984.8,21.0,AWS-DEL-011,Delhi,DEL,center,False,
2025-03-29 04:00:00,17.9,984.7,23.0,AWS-DEL-011,Delhi,DEL,center,False,
2025-03-29 05:00:00,17.4,984.8,24.0,AWS-DEL-011,Delhi,DEL,center,False,
2025-03-29 06:00:00,16.2,985.4,32.0,AWS-DEL-011,Delhi,DEL,center,False,
2025-03-29 07:00:00,16.8,986.0,32.0,AWS-DEL-011,Delhi,DEL,center,False,
2025-03-29 08:00:00,18.9,986.6,29.0,AWS-DEL-011,Delhi,DEL,center,False,
2025-03-29 09:00:00,21.4,987.3,26.0,AWS-DEL-011,Delhi,DEL,center,False,
2025-03-29 10:00:00,23.9,987.5,22.0,AWS-DEL-011,Delhi,DEL,center,False,
2025-03-29 11:00:00,25.9,987.0,19.0,AWS-DEL-011,Delhi,DEL,center,False,
2025-03-29 12:00:00,27.3,986.2,17.0,AWS-DEL-011,Delhi,DEL,center,False,
2025-03-29 13:00:00,28.5,985.2,16.0,AWS-DEL-011,Delhi,DEL,center,False,
2025-03-29 14:00:00,28.8,984.4,17.0,AWS-DEL-011,Delhi,DEL,center,False,
2025-03-29 15:00:00,28.9,983.8,19.0,AWS-DEL-011,Delhi,DEL,center,False,
2025-03-29 16:00:00,28.5,983.3,20.0,AWS-DEL-011,Delhi,DEL,center,False,
2025-03-29 17:00:00,27.5,983.2,19.0,AWS-DEL-011,Delhi,DEL,center,False,
2025-03-29 18:00:00,26.0,984.1,21.0,AWS-DEL-011,Delhi,DEL,center,False,
2025-03-29 19:00:00,25.3,984.6,23.0,AWS-DEL-011,Delhi,DEL,center,False,
2025-03-29 20:00:00,24.7,985.3,22.0,AWS-DEL-011,Delhi,DEL,center,False,
2025-03-29 21:00:00,24.0,985.9,20.0,AWS-DEL-011,Delhi,DEL,center,False,
2025-03-29 22:00:00,23.1,985.9,21.0,AWS-DEL-011,Delhi,DEL,center,False,
2025-03-29 23:00:00,22.6,985.8,21.0,AWS-DEL-011,Delhi,DEL,center,False,
2025-03-30 00:00:00,22.0,985.4,22.0,AWS-DEL-011,Delhi,DEL,center,False,
2025-03-30 01:00:00,21.1,984.9,23.0,AWS-DEL-011,Delhi,DEL,center,False,
2025-03-30 02:00:00,20.2,984.3,25.0,AWS-DEL-011,Delhi,DEL,center,False,
2025-03-30 03:00:00,19.4,984.0,26.0,AWS-DEL-011,Delhi,DEL,center,False,
2025-03-30 04:00:00,18.6,984.0,27.0,AWS-DEL-011,Delhi,DEL,center,False,
2025-03-30 05:00:00,18.0,984.4,28.0,AWS-DEL-011,Delhi,DEL,center,False,
2025-03-30 06:00:00,17.5,985.2,33.0,AWS-DEL-011,Delhi,DEL,center,False,
2025-03-30 07:00:00,18.7,986.0,31.0,AWS-DEL-011,Delhi,DEL,center,False,
2025-03-30 08:00:00,21.1,986.9,28.0,AWS-DEL-011,Delhi,DEL,center,False,
2025-03-30 09:00:00,24.1,987.9,23.0,AWS-DEL-011,Delhi,DEL,center,False,
2025-03-30 10:00:00,27.0,988.2,18.0,AWS-DEL-011,Delhi,DEL,center,False,
2025-03-30 11:00:00,29.1,988.1,14.0,AWS-DEL-011,Delhi,DEL,center,False,
2025-03-30 12:00:00,30.4,987.5,13.0,AWS-DEL-011,Delhi,DEL,center,False,
2025-03-30 13:00:00,31.1,986.6,14.0,AWS-DEL-011,Delhi,DEL,center,False,
2025-03-30 14:00:00,31.5,985.6,14.0,AWS-DEL-011,Delhi,DEL,center,False,
2025-03-30 15:00:00,31.4,985.2,14.0,AWS-DEL-011,Delhi,DEL,center,False,
2025-03-30 16:00:00,30.7,984.8,16.0,AWS-DEL-011,Delhi,DEL,center,False,
2025-03-30 17:00:00,29.7,984.7,17.0,AWS-DEL-011,Delhi,DEL,center,False,
2025-03-30 18:00:00,28.2,985.1,19.0,AWS-DEL-011,Delhi,DEL,center,False,
2025-03-30 19:00:00,27.0,985.5,21.0,AWS-DEL-011,Delhi,DEL,center,False,
2025-03-30 20:00:00,25.9,986.2,23.0,AWS-DEL-011,Delhi,DEL,center,False,
2025-03-30 21:00:00,25.0,986.8,24.0,AWS-DEL-011,Delhi,DEL,center,False,
2025-03-30 22:00:00,24.3,987.0,24.0,AWS-DEL-011,Delhi,DEL,center,False,
2025-03-30 23:00:00,23.7,986.8,24.0,AWS-DEL-011,Delhi,DEL,center,False,
2025-03-31 00:00:00,22.4,986.7,25.0,AWS-DEL-011,Delhi,DEL,center,False,
2025-03-31 01:00:00,21.3,986.1,26.0,AWS-DEL-011,Delhi,DEL,center,False,
2025-03-31 02:00:00,20.6,985.5,27.0,AWS-DEL-011,Delhi,DEL,center,False,
2025-03-31 03:00:00,19.8,985.2,27.0,AWS-DEL-011,Delhi,DEL,center,False,
2025-03-31 04:00:00,19.1,985.2,28.0,AWS-DEL-011,Delhi,DEL,center,False,
2025-03-31 05:00:00,18.3,985.4,30.0,AWS-DEL-011,Delhi,DEL,center,False,
2025-03-31 06:00:00,17.6,986.2,37.0,AWS-DEL-011,Delhi,DEL,center,False,
2025-03-31 07:00:00,19.2,987.0,34.0,AWS-DEL-011,Delhi,DEL,center,False,
2025-03-31 08:00:00,22.0,987.9,30.0,AWS-DEL-011,Delhi,DEL,center,False,
2025-03-31 09:00:00,25.5,988.3,25.0,AWS-DEL-011,Delhi,DEL,center,False,
2025-03-31 10:00:00,28.8,988.5,20.0,AWS-DEL-011,Delhi,DEL,center,False,
2025-03-31 11:00:00,31.1,988.2,15.0,AWS-DEL-011,Delhi,DEL,center,False,
2025-03-31 12:00:00,32.7,987.5,13.0,AWS-DEL-011,Delhi,DEL,center,False,
2025-03-31 13:00:00,33.6,986.7,12.0,AWS-DEL-011,Delhi,DEL,center,False,
2025-03-31 14:00:00,33.9,985.7,12.0,AWS-DEL-011,Delhi,DEL,center,False,
2025-03-31 15:00:00,33.7,984.8,11.0,AWS-DEL-011,Delhi,DEL,center,False,
2025-03-31 16:00:00,33.0,984.5,11.0,AWS-DEL-011,Delhi,DEL,center,False,
2025-03-31 17:00:00,31.8,984.2,13.0,AWS-DEL-011,Delhi,DEL,center,False,
2025-03-31 18:00:00,30.6,984.7,14.0,AWS-DEL-011,Delhi,DEL,center,False,
2025-03-31 19:00:00,28.5,985.2,19.0,AWS-DEL-011,Delhi,DEL,center,False,
2025-03-31 20:00:00,27.3,985.6,21.0,AWS-DEL-011,Delhi,DEL,center,False,
2025-03-31 21:00:00,26.5,985.8,20.0,AWS-DEL-011,Delhi,DEL,center,False,
2025-03-31 22:00:00,26.4,985.7,18.0,AWS-DEL-011,Delhi,DEL,center,False,
2025-03-31 23:00:00,25.0,985.4,20.0,AWS-DEL-011,Delhi,DEL,center,False,
