timestamp,station_id,temperature_c,pressure_hpa,humidity_pct,is_anomaly,fault_type,severity,anomaly_score_pct,decision_basis,suggested_temperature_c,suggested_pressure_hpa,suggested_humidity_pct,health_status,source,model_confidence_pct,rule_confidence_pct
2026-09-22 06:45:00+00:00,AWS-RAN-103,29.7,972.7,74.0,False,,low,0.0,NORMAL,27.7,938.1,78.0,HEALTHY,live,,0.0
2026-09-22T07:00:00+00:00,AWS-RAN-103,29.8,972.3,73.0,False,,low,0.0,NORMAL,27.5,937.8,77.0,HEALTHY,live,,0.0
2025-01-01T00:00:00+00:00,AWS-RAN-103,12.5,980.9,84.0,False,,low,0.0,NORMAL,11.3,943.4,93.0,HEALTHY,replay,,0.0
2025-01-01T01:00:00+00:00,AWS-RAN-103,12.2,980.4,84.0,False,,low,0.0,NORMAL,10.9,942.7,94.0,HEALTHY,replay,,0.0
2025-01-01T02:00:00+00:00,AWS-RAN-103,11.7,979.9,86.0,False,,low,0.0,NORMAL,10.5,942.1,95.0,HEALTHY,replay,,0.0
2025-01-01T03:00:00+00:00,AWS-RAN-103,11.1,979.5,88.0,False,,low,0.0,NORMAL,10.3,941.6,96.0,HEALTHY,replay,,0.0
2025-01-01T04:00:00+00:00,AWS-RAN-103,10.4,979.6,91.0,False,,low,0.0,NORMAL,10.0,941.8,97.0,HEALTHY,replay,,0.0
2025-01-01T05:00:00+00:00,AWS-RAN-103,10.0,979.9,93.0,False,,low,0.0,NORMAL,9.9,942.2,97.0,HEALTHY,replay,,0.0
2025-01-01T06:00:00+00:00,AWS-RAN-103,9.9,981.1,94.0,False,,low,0.0,NORMAL,9.5,943.4,96.0,HEALTHY,replay,,0.0
2025-01-01T07:00:00+00:00,AWS-RAN-103,12.3,981.7,85.0,False,,low,0.0,NORMAL,10.5,944.0,87.0,HEALTHY,replay,,0.0
2025-01-01T08:00:00+00:00,AWS-RAN-103,14.3,982.5,74.0,False,,low,0.0,NORMAL,12.5,945.0,79.0,HEALTHY,replay,,0.0
2025-01-01T09:00:00+00:00,AWS-RAN-103,16.4,982.9,64.0,False,,low,0.0,NORMAL,15.1,945.6,69.0,HEALTHY,replay,,0.0
2025-01-01T10:00:00+00:00,AWS-RAN-103,18.8,982.4,53.0,False,,low,0.0,NORMAL,16.9,945.7,59.0,HEALTHY,replay,,0.0
2025-01-01T11:00:00+00:00,AWS-RAN-103,21.2,981.6,42.0,False,,low,0.0,NORMAL,18.7,945.1,48.0,HEALTHY,replay,,0.0
2025-01-01T12:00:00+00:00,AWS-RAN-103,23.0,980.3,34.0,False,,low,0.0,NORMAL,20.3,944.2,42.0,HEALTHY,replay,,0.0
2025-01-01T13:00:00+00:00,AWS-RAN-103,24.0,979.0,30.0,False,,low,0.0,NORMAL,21.3,943.0,39.0,HEALTHY,replay,,0.0
2025-01-01T14:00:00+00:00,AWS-RAN-103,24.2,978.1,28.0,False,,low,0.0,NORMAL,21.7,942.2,38.0,HEALTHY,replay,,0.0
2025-01-01T15:00:00+00:00,AWS-RAN-103,24.0,977.8,27.0,False,,low,0.0,NORMAL,21.4,941.9,41.0,HEALTHY,replay,,0.0
2025-01-01T16:00:00+00:00,AWS-RAN-103,22.3,977.9,33.0,False,,low,0.0,NORMAL,20.0,941.9,48.0,HEALTHY,replay,,0.0
2025-01-01T17:00:00+00:00,AWS-RAN-103,18.3,977.9,43.0,False,,low,0.0,NORMAL,17.1,941.6,59.0,HEALTHY,replay,,0.0
2025-01-01T18:00:00+00:00,AWS-RAN-103,17.2,979.3,55.0,False,,low,0.0,NORMAL,15.3,942.5,71.0,HEALTHY,replay,,0.0
2025-01-01T19:00:00+00:00,AWS-RAN-103,16.0,980.0,63.0,False,,low,0.0,NORMAL,14.0,942.9,76.0,HEALTHY,replay,,0.0
2025-01-01T20:00:00+00:00,AWS-RAN-103,14.7,980.4,69.0,False,,low,0.0,NORMAL,12.8,943.0,77.0,HEALTHY,replay,,0.0
2025-01-01T21:00:00+00:00,AWS-RAN-103,13.2,980.6,75.0,False,,low,0.0,NORMAL,11.8,942.9,74.0,OFFLINE,replay,,0.0
2025-01-01T22:00:00+00:00,AWS-RAN-103,11.9,980.8,78.0,False,,low,0.0,NORMAL,11.3,943.0,72.0,OFFLINE,replay,,0.0
2025-01-01T23:00:00+00:00,AWS-RAN-103,10.9,980.7,80.0,False,,low,0.0,NORMAL,10.8,942.8,94.0,OFFLINE,replay,,0.0
2025-01-02T00:00:00+00:00,AWS-RAN-103,10.2,980.3,81.0,False,,low,0.0,NORMAL,10.5,942.4,75.0,OFFLINE,replay,,0.0
2025-01-02T01:00:00+00:00,AWS-RAN-103,9.7,979.7,84.0,False,,low,0.0,NORMAL,9.5,948.82,95.0,OFFLINE,replay,,0.0
2025-01-02T02:00:00+00:00,AWS-RAN-103,9.2,978.8,87.0,False,,low,0.0,NORMAL,9.0,948.13,95.0,OFFLINE,replay,,0.0
2025-01-02T03:00:00+00:00,AWS-RAN-103,9.0,978.5,88.0,False,,low,0.0,NORMAL,8.6,940.3,88.0,OFFLINE,replay,,0.0
2025-01-02T04:00:00+00:00,AWS-RAN-103,8.8,978.6,89.0,False,,low,0.0,NORMAL,8.4,940.4,88.0,OFFLINE,replay,,0.0
2025-01-02T05:00:00+00:00,AWS-RAN-103,8.4,979.2,88.0,False,,low,0.0,NORMAL,8.4,940.9,88.0,OFFLINE,replay,,0.0
2025-01-02T06:00:00+00:00,AWS-RAN-103,8.9,980.8,88.0,False,,low,0.0,NORMAL,8.6,942.4,89.0,OFFLINE,replay,,0.0
2025-01-02T07:00:00+00:00,AWS-RAN-103,11.1,981.7,78.0,False,,low,0.0,NORMAL,9.7,942.9,82.0,OFFLINE,replay,,0.0
2025-01-02T08:00:00+00:00,AWS-RAN-103,14.2,982.2,62.0,False,,low,0.0,NORMAL,12.3,944.4,75.0,OFFLINE,replay,,0.0
2025-01-02T09:00:00+00:00,AWS-RAN-103,16.6,982.6,54.0,False,,low,0.0,NORMAL,14.9,945.4,64.0,OFFLINE,replay,,0.0
2025-01-02T10:00:00+00:00,AWS-RAN-103,19.0,982.3,48.0,False,,low,0.0,NORMAL,17.3,945.5,50.0,OFFLINE,replay,,0.0
2025-01-02T11:00:00+00:00,AWS-RAN-103,21.2,981.5,40.0,False,,low,0.0,NORMAL,19.0,944.9,45.0,HEALTHY,replay,,0.0
2025-01-02T12:00:00+00:00,AWS-RAN-103,22.8,980.1,33.0,False,,low,0.0,NORMAL,20.2,944.0,43.0,OFFLINE,replay,,0.0
2025-01-02T13:00:00+00:00,AWS-RAN-103,23.6,979.3,31.0,False,,low,0.0,NORMAL,21.0,943.3,42.0,OFFLINE,replay,,0.0
2025-01-02T14:00:00+00:00,AWS-RAN-103,23.8,978.8,31.0,False,,low,0.0,NORMAL,21.2,942.8,42.0,OFFLINE,replay,,0.0
2025-01-02T15:00:00+00:00,AWS-RAN-103,23.3,978.5,33.0,False,,low,0.0,NORMAL,20.7,942.6,44.0,HEALTHY,replay,,0.0
2025-01-02T16:00:00+00:00,AWS-RAN-103,21.8,978.6,38.0,False,,low,0.0,NORMAL,19.3,942.5,50.0,WARNING,replay,,0.0
2025-01-02T17:00:00+00:00,AWS-RAN-103,18.3,978.7,49.0,False,,low,35.8,NORMAL,16.2,942.3,61.0,WARNING,replay,59.6,0.0
2025-01-02T18:00:00+00:00,AWS-RAN-103,17.4,979.7,53.0,False,,low,22.2,NORMAL,15.1,942.9,69.0,WARNING,replay,36.9,0.0
2025-01-02T19:00:00+00:00,AWS-RAN-103,16.1,980.6,59.0,False,,low,10.0,NORMAL,13.9,943.5,73.0,WARNING,replay,16.7,0.0
2025-01-02T20:00:00+00:00,AWS-RAN-103,14.7,981.0,65.0,False,,low,6.2,NORMAL,13.0,943.7,74.0,WARNING,replay,10.3,0.0
2025-01-02T21:00:00+00:00,AWS-RAN-103,13.1,981.2,73.0,False,,low,8.1,NORMAL,12.3,943.9,76.0,WARNING,replay,13.6,0.0
2025-01-02T22:00:00+00:00,AWS-RAN-103,12.5,981.4,76.0,False,,low,1.8,NORMAL,11.8,943.9,78.0,WARNING,replay,2.9,0.0
2025-01-02T23:00:00+00:00,AWS-RAN-103,11.7,981.1,80.0,False,,low,0.9,NORMAL,11.4,943.6,82.0,WARNING,replay,1.5,0.0
2025-01-03T00:00:00+00:00,AWS-RAN-103,11.0,980.6,84.0,False,,low,0.9,NORMAL,10.7,943.1,87.0,WARNING,replay,1.5,0.0
2025-01-03T01:00:00+00:00,AWS-RAN-103,10.4,980.2,87.0,False,,low,1.6,NORMAL,10.2,942.8,92.0,WARNING,replay,2.7,0.0
2025-01-03T02:00:00+00:00,AWS-RAN-103,10.0,979.7,90.0,False,,low,3.3,NORMAL,9.8,942.0,92.0,WARNING,replay,5.4,0.0
2025-01-03T03:00:00+00:00,AWS-RAN-103,9.6,979.2,92.0,False,,low,3.7,NORMAL,9.4,941.4,92.0,WARNING,replay,6.2,0.0
2025-01-03T04:00:00+00:00,AWS-RAN-103,9.1,979.3,93.0,False,,low,3.4,NORMAL,9.2,941.5,93.0,WARNING,replay,5.7,0.0
2025-01-03T05:00:00+00:00,AWS-RAN-103,8.9,979.9,93.0,False,,low,3.2,NORMAL,9.1,941.9,94.0,HEALTHY,replay,5.4,0.0
2025-01-03T06:00:00+00:00,AWS-RAN-103,8.8,981.1,94.0,False,,low,6.4,NORMAL,8.8,943.2,96.0,HEALTHY,replay,10.7,0.0
2025-01-03T07:00:00+00:00,AWS-RAN-103,10.9,981.5,87.0,False,,low,13.7,NORMAL,10.3,943.6,93.0,HEALTHY,replay,22.8,0.0
2025-01-03T08:00:00+00:00,AWS-RAN-103,14.4,982.5,72.0,False,,low,33.0,NORMAL,12.9,944.9,81.0,HEALTHY,replay,55.1,0.0
2025-01-03T09:00:00+00:00,AWS-RAN-103,17.2,982.6,62.0,False,,low,38.1,NORMAL,15.5,945.6,70.0,HEALTHY,replay,63.5,0.0
2025-01-03T10:00:00+00:00,AWS-RAN-103,19.9,982.3,52.0,False,,low,14.6,NORMAL,18.0,945.5,58.0,HEALTHY,replay,24.4,0.0
2025-01-03T11:00:00+00:00,AWS-RAN-103,22.1,981.3,43.0,False,,low,30.4,NORMAL,20.0,944.9,50.0,HEALTHY,replay,50.6,0.0
2025-01-03T12:00:00+00:00,AWS-RAN-103,23.4,980.1,36.0,False,,low,37.1,NORMAL,21.4,944.0,47.0,HEALTHY,replay,61.8,0.0
2025-01-03T13:00:00+00:00,AWS-RAN-103,23.8,979.1,34.0,False,,low,29.4,NORMAL,22.1,943.1,46.0,HEALTHY,replay,48.9,0.0
2025-01-03T14:00:00+00:00,AWS-RAN-103,23.8,978.5,37.0,False,,low,4.2,NORMAL,22.4,942.6,46.0,HEALTHY,replay,7.0,0.0
2025-01-03T15:00:00+00:00,AWS-RAN-103,23.4,978.3,40.0,False,,low,1.7,NORMAL,22.1,942.4,46.0,HEALTHY,replay,2.8,0.0
2025-01-03T16:00:00+00:00,AWS-RAN-103,22.0,978.4,46.0,False,,low,1.8,NORMAL,20.9,942.3,56.0,HEALTHY,replay,3.0,0.0
2025-01-03T17:00:00+00:00,AWS-RAN-103,18.0,978.3,59.0,False,,low,7.6,NORMAL,17.1,941.8,60.0,HEALTHY,replay,12.6,0.0
2025-01-03T18:00:00+00:00,AWS-RAN-103,16.8,979.1,64.0,False,,low,2.4,NORMAL,15.7,942.5,75.0,HEALTHY,replay,4.1,0.0
2026-09-22T07:00:00+00:00,AWS-RAN-103,29.8,972.3,73.0,True,spike,high,89.9,FUSED_CONSENSUS,27.5,937.8,77.0,HEALTHY,live,,89.9
2026-09-22T07:30:00+00:00,AWS-RAN-103,27.0,971.6,85.0,False,,low,0.0,NORMAL,28.4,936.9,71.0,HEALTHY,live,,0.0
2025-01-01T00:00:00+00:00,AWS-RAN-103,12.5,980.9,84.0,False,,low,0.0,NORMAL,11.3,943.4,93.0,HEALTHY,replay,,0.0
2025-01-01T01:00:00+00:00,AWS-RAN-103,12.2,980.4,84.0,False,,low,0.0,NORMAL,10.9,942.7,94.0,HEALTHY,replay,,0.0
2025-01-01T02:00:00+00:00,AWS-RAN-103,11.7,979.9,86.0,False,,low,0.0,NORMAL,10.5,942.1,95.0,HEALTHY,replay,,0.0
2025-01-01T03:00:00+00:00,AWS-RAN-103,11.1,979.5,88.0,False,,low,0.0,NORMAL,10.3,941.6,96.0,HEALTHY,replay,,0.0
2025-01-01T04:00:00+00:00,AWS-RAN-103,10.4,979.6,91.0,False,,low,0.0,NORMAL,10.0,941.8,97.0,HEALTHY,replay,,0.0
2025-01-01T05:00:00+00:00,AWS-RAN-103,10.0,979.9,93.0,False,,low,0.0,NORMAL,9.9,942.2,97.0,HEALTHY,replay,,0.0
2025-01-01T06:00:00+00:00,AWS-RAN-103,9.9,981.1,94.0,False,,low,0.0,NORMAL,9.5,943.4,96.0,HEALTHY,replay,,0.0
2025-01-01T07:00:00+00:00,AWS-RAN-103,12.3,981.7,85.0,False,,low,0.0,NORMAL,10.5,944.0,87.0,HEALTHY,replay,,0.0
2025-01-01T08:00:00+00:00,AWS-RAN-103,14.3,982.5,74.0,False,,low,0.0,NORMAL,12.5,945.0,79.0,HEALTHY,replay,,0.0
2025-01-01T09:00:00+00:00,AWS-RAN-103,16.4,982.9,64.0,False,,low,0.0,NORMAL,15.1,945.6,69.0,HEALTHY,replay,,0.0
2025-01-01T10:00:00+00:00,AWS-RAN-103,18.8,982.4,53.0,False,,low,0.0,NORMAL,16.9,945.7,59.0,HEALTHY,replay,,0.0
2025-01-01T11:00:00+00:00,AWS-RAN-103,21.2,981.6,42.0,False,,low,0.0,NORMAL,18.7,945.1,48.0,HEALTHY,replay,,0.0
2025-01-01T12:00:00+00:00,AWS-RAN-103,23.0,980.3,34.0,False,,low,0.0,NORMAL,20.3,944.2,42.0,HEALTHY,replay,,0.0
2025-01-01T13:00:00+00:00,AWS-RAN-103,24.0,979.0,30.0,False,,low,0.0,NORMAL,21.3,943.0,39.0,HEALTHY,replay,,0.0
2025-01-01T14:00:00+00:00,AWS-RAN-103,24.2,978.1,28.0,False,,low,0.0,NORMAL,21.7,942.2,38.0,HEALTHY,replay,,0.0
2025-01-01T15:00:00+00:00,AWS-RAN-103,24.0,977.8,27.0,False,,low,0.0,NORMAL,21.4,941.9,41.0,HEALTHY,replay,,0.0
2025-01-01T16:00:00+00:00,AWS-RAN-103,22.3,977.9,33.0,False,,low,0.0,NORMAL,20.0,941.9,48.0,HEALTHY,replay,,0.0
2025-01-01T17:00:00+00:00,AWS-RAN-103,18.3,977.9,43.0,False,,low,0.0,NORMAL,17.1,941.6,59.0,HEALTHY,replay,,0.0
2025-01-01T18:00:00+00:00,AWS-RAN-103,17.2,979.3,55.0,False,,low,0.0,NORMAL,15.3,942.5,71.0,HEALTHY,replay,,0.0
2025-01-01T19:00:00+00:00,AWS-RAN-103,16.0,980.0,63.0,False,,low,0.0,NORMAL,14.0,942.9,76.0,HEALTHY,replay,,0.0
2025-01-01T20:00:00+00:00,AWS-RAN-103,14.7,980.4,69.0,False,,low,0.0,NORMAL,12.8,943.0,77.0,HEALTHY,replay,,0.0
2025-01-01T21:00:00+00:00,AWS-RAN-103,13.2,980.6,75.0,False,,low,0.0,NORMAL,11.8,942.9,74.0,OFFLINE,replay,,0.0
2025-01-01T22:00:00+00:00,AWS-RAN-103,11.9,980.8,78.0,False,,low,0.0,NORMAL,11.3,943.0,72.0,OFFLINE,replay,,0.0
2025-01-01T23:00:00+00:00,AWS-RAN-103,10.9,980.7,80.0,False,,low,0.0,NORMAL,10.8,942.8,94.0,OFFLINE,replay,,0.0
2025-01-02T00:00:00+00:00,AWS-RAN-103,10.2,980.3,81.0,False,,low,0.0,NORMAL,10.5,942.4,75.0,OFFLINE,replay,,0.0
2025-01-02T01:00:00+00:00,AWS-RAN-103,9.7,979.7,84.0,False,,low,0.0,NORMAL,9.5,948.82,95.0,OFFLINE,replay,,0.0
2025-01-02T02:00:00+00:00,AWS-RAN-103,9.2,978.8,87.0,False,,low,0.0,NORMAL,9.0,948.13,95.0,OFFLINE,replay,,0.0
2025-01-02T03:00:00+00:00,AWS-RAN-103,9.0,978.5,88.0,False,,low,0.0,NORMAL,8.6,940.3,88.0,OFFLINE,replay,,0.0
2025-01-02T04:00:00+00:00,AWS-RAN-103,8.8,978.6,89.0,False,,low,0.0,NORMAL,8.4,940.4,88.0,OFFLINE,replay,,0.0
2025-01-02T05:00:00+00:00,AWS-RAN-103,8.4,979.2,88.0,False,,low,0.0,NORMAL,8.4,940.9,88.0,OFFLINE,replay,,0.0
2025-01-02T06:00:00+00:00,AWS-RAN-103,8.9,980.8,88.0,False,,low,0.0,NORMAL,8.6,942.4,89.0,OFFLINE,replay,,0.0
2025-01-02T07:00:00+00:00,AWS-RAN-103,11.1,981.7,78.0,False,,low,0.0,NORMAL,9.7,942.9,82.0,OFFLINE,replay,,0.0
2025-01-02T08:00:00+00:00,AWS-RAN-103,14.2,982.2,62.0,False,,low,0.0,NORMAL,12.3,944.4,75.0,OFFLINE,replay,,0.0
2025-01-02T09:00:00+00:00,AWS-RAN-103,16.6,982.6,54.0,False,,low,0.0,NORMAL,14.9,945.4,64.0,OFFLINE,replay,,0.0
2025-01-02T10:00:00+00:00,AWS-RAN-103,19.0,982.3,48.0,False,,low,0.0,NORMAL,17.3,945.5,50.0,OFFLINE,replay,,0.0
2025-01-02T11:00:00+00:00,AWS-RAN-103,21.2,981.5,40.0,False,,low,0.0,NORMAL,19.0,944.9,45.0,HEALTHY,replay,,0.0
2025-01-02T12:00:00+00:00,AWS-RAN-103,22.8,980.1,33.0,False,,low,0.0,NORMAL,20.2,944.0,43.0,OFFLINE,replay,,0.0
2025-01-02T13:00:00+00:00,AWS-RAN-103,23.6,979.3,31.0,False,,low,0.0,NORMAL,21.0,943.3,42.0,OFFLINE,replay,,0.0
2025-01-02T14:00:00+00:00,AWS-RAN-103,23.8,978.8,31.0,False,,low,0.0,NORMAL,21.2,942.8,42.0,OFFLINE,replay,,0.0
2025-01-02T15:00:00+00:00,AWS-RAN-103,23.3,978.5,33.0,False,,low,0.0,NORMAL,20.7,942.6,44.0,HEALTHY,replay,,0.0
2025-01-02T16:00:00+00:00,AWS-RAN-103,21.8,978.6,38.0,False,,low,0.0,NORMAL,19.3,942.5,50.0,WARNING,replay,,0.0
2025-01-02T17:00:00+00:00,AWS-RAN-103,18.3,978.7,49.0,False,,low,35.8,NORMAL,16.2,942.3,61.0,WARNING,replay,59.6,0.0
2025-01-02T18:00:00+00:00,AWS-RAN-103,17.4,979.7,53.0,False,,low,22.2,NORMAL,15.1,942.9,69.0,WARNING,replay,36.9,0.0
2025-01-02T19:00:00+00:00,AWS-RAN-103,16.1,980.6,59.0,False,,low,10.0,NORMAL,13.9,943.5,73.0,WARNING,replay,16.7,0.0
2025-01-02T20:00:00+00:00,AWS-RAN-103,14.7,981.0,65.0,False,,low,6.2,NORMAL,13.0,943.7,74.0,WARNING,replay,10.3,0.0
2025-01-02T21:00:00+00:00,AWS-RAN-103,13.1,981.2,73.0,False,,low,8.1,NORMAL,12.3,943.9,76.0,WARNING,replay,13.6,0.0
2025-01-02T22:00:00+00:00,AWS-RAN-103,12.5,981.4,76.0,False,,low,1.8,NORMAL,11.8,943.9,78.0,WARNING,replay,2.9,0.0
2025-01-02T23:00:00+00:00,AWS-RAN-103,11.7,981.1,80.0,False,,low,0.9,NORMAL,11.4,943.6,82.0,WARNING,replay,1.5,0.0
2025-01-03T00:00:00+00:00,AWS-RAN-103,11.0,980.6,84.0,False,,low,0.9,NORMAL,10.7,943.1,87.0,WARNING,replay,1.5,0.0
2025-01-03T01:00:00+00:00,AWS-RAN-103,10.4,980.2,87.0,False,,low,1.6,NORMAL,10.2,942.8,92.0,WARNING,replay,2.7,0.0
2025-01-03T02:00:00+00:00,AWS-RAN-103,10.0,979.7,90.0,False,,low,3.3,NORMAL,9.8,942.0,92.0,WARNING,replay,5.4,0.0
2025-01-03T03:00:00+00:00,AWS-RAN-103,9.6,979.2,92.0,False,,low,3.7,NORMAL,9.4,941.4,92.0,WARNING,replay,6.2,0.0
2025-01-03T04:00:00+00:00,AWS-RAN-103,9.1,979.3,93.0,False,,low,3.4,NORMAL,9.2,941.5,93.0,WARNING,replay,5.7,0.0
2025-01-03T05:00:00+00:00,AWS-RAN-103,8.9,979.9,93.0,False,,low,3.2,NORMAL,9.1,941.9,94.0,HEALTHY,replay,5.4,0.0
2025-01-03T06:00:00+00:00,AWS-RAN-103,8.8,981.1,94.0,False,,low,6.4,NORMAL,8.8,943.2,96.0,HEALTHY,replay,10.7,0.0
2025-01-03T07:00:00+00:00,AWS-RAN-103,10.9,981.5,87.0,False,,low,13.7,NORMAL,10.3,943.6,93.0,HEALTHY,replay,22.8,0.0
2025-01-03T08:00:00+00:00,AWS-RAN-103,14.4,982.5,72.0,False,,low,33.0,NORMAL,12.9,944.9,81.0,HEALTHY,replay,55.1,0.0
2025-01-03T09:00:00+00:00,AWS-RAN-103,17.2,982.6,62.0,False,,low,38.1,NORMAL,15.5,945.6,70.0,HEALTHY,replay,63.5,0.0
2025-01-03T10:00:00+00:00,AWS-RAN-103,19.9,982.3,52.0,False,,low,14.6,NORMAL,18.0,945.5,58.0,HEALTHY,replay,24.4,0.0
2025-01-03T11:00:00+00:00,AWS-RAN-103,22.1,981.3,43.0,False,,low,30.4,NORMAL,20.0,944.9,50.0,HEALTHY,replay,50.6,0.0
2025-01-03T12:00:00+00:00,AWS-RAN-103,23.4,980.1,36.0,False,,low,37.1,NORMAL,21.4,944.0,47.0,HEALTHY,replay,61.8,0.0
2025-01-03T13:00:00+00:00,AWS-RAN-103,23.8,979.1,34.0,False,,low,29.4,NORMAL,22.1,943.1,46.0,HEALTHY,replay,48.9,0.0
2025-01-03T14:00:00+00:00,AWS-RAN-103,23.8,978.5,37.0,False,,low,4.2,NORMAL,22.4,942.6,46.0,HEALTHY,replay,7.0,0.0
2025-01-03T15:00:00+00:00,AWS-RAN-103,23.4,978.3,40.0,False,,low,1.7,NORMAL,22.1,942.4,46.0,HEALTHY,replay,2.8,0.0
2025-01-03T16:00:00+00:00,AWS-RAN-103,22.0,978.4,46.0,False,,low,1.8,NORMAL,20.9,942.3,56.0,HEALTHY,replay,3.0,0.0
2025-01-03T17:00:00+00:00,AWS-RAN-103,18.0,978.3,59.0,False,,low,7.6,NORMAL,17.1,941.8,60.0,HEALTHY,replay,12.6,0.0
2025-01-03T18:00:00+00:00,AWS-RAN-103,16.8,979.1,64.0,False,,low,2.4,NORMAL,15.7,942.5,75.0,HEALTHY,replay,4.1,0.0
2025-01-03T19:00:00+00:00,AWS-RAN-103,15.5,979.7,73.0,False,,low,5.3,NORMAL,14.1,943.0,79.0,HEALTHY,replay,8.8,0.0
2025-01-03T20:00:00+00:00,AWS-RAN-103,14.5,980.2,80.0,False,,low,5.3,NORMAL,13.0,943.3,82.0,HEALTHY,replay,8.8,0.0
2025-01-03T21:00:00+00:00,AWS-RAN-103,13.6,980.3,84.0,False,,low,2.0,NORMAL,12.7,943.1,86.0,HEALTHY,replay,3.3,0.0
2025-01-03T22:00:00+00:00,AWS-RAN-103,13.1,980.0,85.0,False,,low,0.5,NORMAL,11.7,942.7,89.0,HEALTHY,replay,0.9,0.0
2025-01-03T23:00:00+00:00,AWS-RAN-103,12.6,979.5,88.0,False,,low,0.4,NORMAL,11.2,942.0,90.0,HEALTHY,replay,0.7,0.0
2025-01-04T00:00:00+00:00,AWS-RAN-103,12.0,979.0,91.0,False,,low,0.2,NORMAL,10.8,941.5,91.0,HEALTHY,replay,0.4,0.0
2025-01-04T01:00:00+00:00,AWS-RAN-103,11.6,978.5,92.0,False,,low,0.2,NORMAL,10.5,940.9,91.0,HEALTHY,replay,0.3,0.0
2025-01-04T02:00:00+00:00,AWS-RAN-103,11.3,977.9,92.0,False,,low,0.3,NORMAL,10.3,940.5,93.0,HEALTHY,replay,0.5,0.0
2025-01-04T03:00:00+00:00,AWS-RAN-103,11.0,977.7,93.0,False,,low,0.2,NORMAL,10.1,940.2,93.0,HEALTHY,replay,0.3,0.0
2025-01-04T04:00:00+00:00,AWS-RAN-103,10.8,977.8,93.0,False,,low,0.4,NORMAL,10.0,940.2,94.0,HEALTHY,replay,0.6,0.0
2025-01-04T05:00:00+00:00,AWS-RAN-103,10.7,978.2,92.0,False,,low,0.5,NORMAL,10.0,940.7,94.0,HEALTHY,replay,0.8,0.0
2025-01-04T06:00:00+00:00,AWS-RAN-103,10.7,979.2,93.0,False,,low,0.5,NORMAL,9.6,941.6,95.0,HEALTHY,replay,0.8,0.0
2025-01-04T07:00:00+00:00,AWS-RAN-103,12.4,980.3,86.0,False,,low,1.0,NORMAL,10.6,942.5,94.0,HEALTHY,replay,1.7,0.0
2025-01-04T08:00:00+00:00,AWS-RAN-103,15.6,981.7,73.0,False,,low,4.2,NORMAL,12.9,944.3,86.0,HEALTHY,replay,7.0,0.0
2025-01-04T09:00:00+00:00,AWS-RAN-103,18.2,982.2,61.0,False,,low,2.7,NORMAL,15.9,945.1,73.0,HEALTHY,replay,4.5,0.0
2025-01-04T10:00:00+00:00,AWS-RAN-103,20.3,981.7,49.0,False,,low,3.2,NORMAL,18.4,945.1,61.0,HEALTHY,replay,5.3,0.0
2025-01-04T11:00:00+00:00,AWS-RAN-103,21.9,980.9,42.0,False,,low,2.4,NORMAL,20.2,944.5,51.0,HEALTHY,replay,4.0,0.0
2025-01-04T12:00:00+00:00,AWS-RAN-103,23.0,979.7,38.0,False,,low,2.7,NORMAL,21.6,943.5,46.0,HEALTHY,replay,4.5,0.0
2025-01-04T13:00:00+00:00,AWS-RAN-103,23.6,978.3,36.0,False,,low,3.1,NORMAL,21.9,942.3,43.0,HEALTHY,replay,5.2,0.0
2025-01-04T14:00:00+00:00,AWS-RAN-103,23.8,977.5,36.0,False,,low,1.6,NORMAL,22.3,941.5,42.0,HEALTHY,replay,2.7,0.0
2025-01-04T15:00:00+00:00,AWS-RAN-103,23.5,977.1,37.0,False,,low,1.2,NORMAL,22.2,941.1,44.0,HEALTHY,replay,2.1,0.0
2025-01-04T16:00:00+00:00,AWS-RAN-103,22.3,977.2,41.0,False,,low,0.6,NORMAL,20.9,941.0,52.0,HEALTHY,replay,0.9,0.0
2025-01-04T17:00:00+00:00,AWS-RAN-103,18.8,977.2,52.0,False,,low,1.8,NORMAL,17.9,940.8,62.0,HEALTHY,replay,2.9,0.0
2025-01-04T18:00:00+00:00,AWS-RAN-103,18.3,978.1,57.0,False,,low,0.9,NORMAL,17.0,941.6,63.0,HEALTHY,replay,1.5,0.0
2025-01-04T19:00:00+00:00,AWS-RAN-103,16.6,978.9,64.0,False,,low,0.9,NORMAL,15.3,942.4,73.0,HEALTHY,replay,1.5,0.0
2025-01-04T20:00:00+00:00,AWS-RAN-103,15.5,979.5,67.0,False,,low,0.5,NORMAL,14.1,942.7,83.0,HEALTHY,replay,0.8,0.0
2025-01-04T21:00:00+00:00,AWS-RAN-103,14.4,979.9,73.0,False,,low,0.5,NORMAL,13.5,943.0,90.0,HEALTHY,replay,0.9,0.0
2025-01-04T22:00:00+00:00,AWS-RAN-103,13.8,979.7,80.0,False,,low,0.7,NORMAL,13.1,942.8,90.0,HEALTHY,replay,1.1,0.0
2025-01-04T23:00:00+00:00,AWS-RAN-103,13.1,979.5,88.0,False,,low,0.6,NORMAL,12.4,942.6,94.0,HEALTHY,replay,1.0,0.0
2025-01-05T00:00:00+00:00,AWS-RAN-103,12.4,979.1,92.0,False,,low,0.5,NORMAL,11.8,941.8,94.0,HEALTHY,replay,0.8,0.0
2025-01-05T01:00:00+00:00,AWS-RAN-103,11.8,978.7,93.0,False,,low,0.2,NORMAL,11.2,941.3,94.0,HEALTHY,replay,0.3,0.0
2025-01-05T02:00:00+00:00,AWS-RAN-103,11.5,978.1,94.0,False,,low,0.2,NORMAL,10.8,940.8,94.0,HEALTHY,replay,0.3,0.0
2025-01-05T03:00:00+00:00,AWS-RAN-103,11.1,978.0,94.0,False,,low,0.1,NORMAL,10.6,940.7,93.0,HEALTHY,replay,0.2,0.0
2025-01-05T04:00:00+00:00,AWS-RAN-103,10.6,977.9,95.0,False,,low,0.2,NORMAL,10.5,940.6,93.0,HEALTHY,replay,0.3,0.0
2025-01-05T05:00:00+00:00,AWS-RAN-103,10.3,978.4,96.0,False,,low,0.2,NORMAL,10.3,941.0,92.0,HEALTHY,replay,0.3,0.0
2025-01-05T06:00:00+00:00,AWS-RAN-103,10.6,979.3,96.0,False,,low,0.3,NORMAL,10.3,942.0,94.0,HEALTHY,replay,0.5,0.0
2025-01-05T07:00:00+00:00,AWS-RAN-103,12.5,980.4,89.0,False,,low,1.1,NORMAL,12.1,943.3,91.0,HEALTHY,replay,1.8,0.0
2025-01-05T08:00:00+00:00,AWS-RAN-103,17.0,981.9,71.0,False,,low,13.2,NORMAL,15.2,945.0,81.0,HEALTHY,replay,22.0,0.0
2025-01-05T09:00:00+00:00,AWS-RAN-103,19.5,982.5,62.0,False,,low,11.9,NORMAL,18.0,945.8,67.0,HEALTHY,replay,19.8,0.0
2025-01-05T10:00:00+00:00,AWS-RAN-103,21.4,982.3,56.0,False,,low,2.6,NORMAL,19.8,945.8,57.0,HEALTHY,replay,4.4,0.0
2025-01-05T11:00:00+00:00,AWS-RAN-103,22.8,981.4,50.0,False,,low,2.1,NORMAL,21.3,945.0,51.0,HEALTHY,replay,3.6,0.0
2025-01-05T12:00:00+00:00,AWS-RAN-103,23.7,980.0,46.0,False,,low,2.7,NORMAL,22.3,943.9,50.0,HEALTHY,replay,4.4,0.0
2025-01-05T13:00:00+00:00,AWS-RAN-103,24.3,979.0,44.0,False,,low,1.4,NORMAL,22.8,943.0,49.0,HEALTHY,replay,2.3,0.0
2025-01-05T14:00:00+00:00,AWS-RAN-103,24.6,978.2,43.0,False,,low,0.7,NORMAL,23.0,942.3,50.0,HEALTHY,replay,1.2,0.0
2025-01-05T15:00:00+00:00,AWS-RAN-103,24.3,977.9,44.0,False,,low,0.4,NORMAL,22.5,942.0,50.0,HEALTHY,replay,0.7,0.0
2025-01-05T16:00:00+00:00,AWS-RAN-103,23.2,977.7,48.0,False,,low,0.4,NORMAL,21.3,941.8,57.0,HEALTHY,replay,0.7,0.0
2025-01-05T17:00:00+00:00,AWS-RAN-103,19.8,978.1,61.0,False,,low,1.8,NORMAL,18.3,941.8,70.0,HEALTHY,replay,3.0,0.0
2025-01-05T18:00:00+00:00,AWS-RAN-103,19.1,979.1,68.0,False,,low,1.0,NORMAL,17.7,942.6,72.0,HEALTHY,replay,1.6,0.0
2025-01-05T19:00:00+00:00,AWS-RAN-103,17.8,979.5,73.0,False,,low,0.5,NORMAL,16.7,943.0,76.0,HEALTHY,replay,0.9,0.0
2025-01-05T20:00:00+00:00,AWS-RAN-103,17.2,979.8,75.0,False,,low,0.2,NORMAL,16.0,943.3,78.0,HEALTHY,replay,0.4,0.0
2025-01-05T21:00:00+00:00,AWS-RAN-103,17.0,980.2,76.0,False,,low,0.2,NORMAL,15.6,943.5,80.0,HEALTHY,replay,0.4,0.0
2025-01-05T22:00:00+00:00,AWS-RAN-103,16.6,979.9,77.0,False,,low,0.4,NORMAL,15.0,943.0,83.0,HEALTHY,replay,0.7,0.0
2025-01-05T23:00:00+00:00,AWS-RAN-103,16.4,979.3,77.0,False,,low,0.5,NORMAL,13.9,942.5,86.0,HEALTHY,replay,0.8,0.0
2025-01-06T00:00:00+00:00,AWS-RAN-103,15.7,978.9,79.0,False,,low,0.6,NORMAL,13.4,941.9,86.0,HEALTHY,replay,1.0,0.0
2025-01-06T01:00:00+00:00,AWS-RAN-103,14.6,978.5,84.0,False,,low,0.4,NORMAL,12.8,941.5,88.0,HEALTHY,replay,0.6,0.0
2025-01-06T02:00:00+00:00,AWS-RAN-103,14.3,978.0,85.0,False,,low,0.4,NORMAL,12.7,940.9,91.0,HEALTHY,replay,0.7,0.0
2025-01-06T03:00:00+00:00,AWS-RAN-103,14.4,977.7,85.0,False,,low,0.3,NORMAL,12.4,940.5,93.0,HEALTHY,replay,0.6,0.0
2025-01-06T04:00:00+00:00,AWS-RAN-103,14.2,977.5,86.0,False,,low,0.4,NORMAL,12.2,940.2,95.0,HEALTHY,replay,0.7,0.0
2025-01-06T05:00:00+00:00,AWS-RAN-103,13.8,977.9,88.0,False,,low,0.4,NORMAL,11.9,940.6,96.0,HEALTHY,replay,0.6,0.0
2025-01-06T06:00:00+00:00,AWS-RAN-103,11.9,978.2,95.0,False,,low,0.4,NORMAL,11.3,940.9,96.0,HEALTHY,replay,0.6,0.0
2025-01-06T07:00:00+00:00,AWS-RAN-103,13.5,979.5,93.0,False,,low,0.4,NORMAL,12.8,942.5,93.0,HEALTHY,replay,0.6,0.0
2025-01-06T08:00:00+00:00,AWS-RAN-103,18.1,981.0,76.0,False,,low,7.7,NORMAL,15.8,944.3,83.0,HEALTHY,replay,12.9,0.0
2025-01-06T09:00:00+00:00,AWS-RAN-103,20.5,981.7,60.0,False,,low,10.5,NORMAL,18.6,945.1,73.0,HEALTHY,replay,17.5,0.0
2025-01-06T10:00:00+00:00,AWS-RAN-103,22.1,981.2,50.0,False,,low,3.0,NORMAL,20.7,944.9,61.0,HEALTHY,replay,5.0,0.0
2025-01-06T11:00:00+00:00,AWS-RAN-103,23.3,980.3,45.0,False,,low,1.2,NORMAL,22.0,944.2,53.0,HEALTHY,replay,2.0,0.0
2025-01-06T12:00:00+00:00,AWS-RAN-103,24.4,979.0,41.0,False,,low,1.7,NORMAL,22.9,943.2,47.0,HEALTHY,replay,2.8,0.0
2025-01-06T13:00:00+00:00,AWS-RAN-103,25.2,977.7,38.0,False,,low,4.4,NORMAL,23.5,942.0,42.0,HEALTHY,replay,7.3,0.0
2025-01-06T14:00:00+00:00,AWS-RAN-103,25.6,976.8,37.0,False,,low,2.1,NORMAL,23.6,941.2,39.0,HEALTHY,replay,3.6,0.0
2025-01-06T15:00:00+00:00,AWS-RAN-103,25.5,976.6,37.0,False,,low,1.1,NORMAL,23.3,940.9,39.0,HEALTHY,replay,1.9,0.0
2025-01-06T16:00:00+00:00,AWS-RAN-103,24.2,976.5,40.0,False,,low,0.6,NORMAL,22.4,940.8,49.0,HEALTHY,replay,0.9,0.0
2025-01-06T17:00:00+00:00,AWS-RAN-103,20.7,976.6,51.0,False,,low,1.7,NORMAL,20.1,940.5,54.0,HEALTHY,replay,2.8,0.0
2025-01-06T18:00:00+00:00,AWS-RAN-103,20.4,977.0,57.0,False,,low,1.0,NORMAL,19.0,940.9,56.0,HEALTHY,replay,1.7,0.0
2025-01-06T19:00:00+00:00,AWS-RAN-103,18.8,977.5,62.0,False,,low,0.4,NORMAL,17.7,941.4,64.0,HEALTHY,replay,0.7,0.0
2025-01-06T20:00:00+00:00,AWS-RAN-103,17.7,977.8,65.0,False,,low,0.2,NORMAL,16.6,941.5,69.0,HEALTHY,replay,0.4,0.0
2025-01-06T21:00:00+00:00,AWS-RAN-103,16.5,978.2,71.0,False,,low,0.4,NORMAL,15.1,941.9,71.0,HEALTHY,replay,0.6,0.0
2025-01-06T22:00:00+00:00,AWS-RAN-103,15.7,978.2,74.0,False,,low,0.3,NORMAL,14.4,941.9,72.0,HEALTHY,replay,0.5,0.0
2025-01-06T23:00:00+00:00,AWS-RAN-103,15.2,977.7,76.0,False,,low,0.1,NORMAL,14.1,941.4,72.0,HEALTHY,replay,0.2,0.0
2025-01-07T00:00:00+00:00,AWS-RAN-103,15.0,977.3,77.0,False,,low,0.2,NORMAL,14.3,941.0,72.0,HEALTHY,replay,0.4,0.0
2025-01-07T01:00:00+00:00,AWS-RAN-103,14.9,977.1,78.0,False,,low,0.2,NORMAL,14.7,940.7,73.0,HEALTHY,replay,0.3,0.0
2025-01-07T02:00:00+00:00,AWS-RAN-103,14.4,976.9,81.0,False,,low,0.1,NORMAL,14.9,940.3,75.0,HEALTHY,replay,0.2,0.0
2025-01-07T03:00:00+00:00,AWS-RAN-103,13.8,976.7,85.0,False,,low,0.1,NORMAL,14.3,940.0,77.0,HEALTHY,replay,0.2,0.0
2025-01-07T04:00:00+00:00,AWS-RAN-103,12.7,976.6,90.0,False,,low,0.2,NORMAL,13.7,939.8,87.5,HEALTHY,replay,0.4,0.0
2025-01-07T05:00:00+00:00,AWS-RAN-103,11.9,977.0,94.0,False,,low,0.5,NORMAL,12.4,940.1,88.0,HEALTHY,replay,0.8,0.0
2025-01-07T06:00:00+00:00,AWS-RAN-103,11.9,978.2,95.0,False,,low,0.2,NORMAL,12.2,941.2,90.0,HEALTHY,replay,0.3,0.0
2025-01-07T07:00:00+00:00,AWS-RAN-103,14.4,979.3,82.0,False,,low,2.4,NORMAL,13.9,942.4,90.0,HEALTHY,replay,3.9,0.0
2025-01-07T08:00:00+00:00,AWS-RAN-103,19.0,980.5,63.0,False,,low,15.1,NORMAL,16.1,943.9,79.0,HEALTHY,replay,25.2,0.0
2025-01-07T09:00:00+00:00,AWS-RAN-103,22.1,980.7,55.0,False,,low,8.4,NORMAL,18.5,944.6,68.0,HEALTHY,replay,14.0,0.0
2025-01-07T10:00:00+00:00,AWS-RAN-103,24.3,980.0,45.0,False,,low,7.8,NORMAL,20.5,944.1,58.0,HEALTHY,replay,13.0,0.0
2025-01-07T11:00:00+00:00,AWS-RAN-103,25.9,978.8,34.0,False,,low,21.4,NORMAL,21.8,943.3,51.0,HEALTHY,replay,35.6,0.0
2025-01-07T12:00:00+00:00,AWS-RAN-103,26.8,977.6,29.0,False,,low,16.3,NORMAL,22.4,942.1,50.0,HEALTHY,replay,27.1,0.0
2025-01-07T13:00:00+00:00,AWS-RAN-103,27.0,976.5,27.0,False,,low,6.7,NORMAL,22.9,941.3,47.0,HEALTHY,replay,11.2,0.0
2025-01-07T14:00:00+00:00,AWS-RAN-103,26.5,975.9,27.0,False,,low,1.2,NORMAL,22.8,940.5,48.0,HEALTHY,replay,2.0,0.0
2025-01-07T15:00:00+00:00,AWS-RAN-103,25.5,975.7,29.0,False,,low,0.9,NORMAL,22.2,940.2,49.0,HEALTHY,replay,1.5,0.0
2025-01-07T16:00:00+00:00,AWS-RAN-103,23.6,976.0,37.0,False,,low,0.7,NORMAL,20.8,940.2,55.0,HEALTHY,replay,1.2,0.0
2025-01-07T17:00:00+00:00,AWS-RAN-103,20.7,976.2,49.0,False,,low,2.2,NORMAL,18.4,940.1,64.0,HEALTHY,replay,3.6,0.0
2025-01-07T18:00:00+00:00,AWS-RAN-103,18.6,976.7,61.0,False,,low,4.5,NORMAL,16.4,940.5,76.0,HEALTHY,replay,7.4,0.0
2025-01-07T19:00:00+00:00,AWS-RAN-103,17.4,977.3,63.0,False,,low,1.5,NORMAL,15.4,940.9,81.0,HEALTHY,replay,2.5,0.0
2025-01-07T20:00:00+00:00,AWS-RAN-103,16.8,977.7,64.0,False,,low,0.5,NORMAL,14.6,941.2,83.0,HEALTHY,replay,0.8,0.0
2025-01-07T21:00:00+00:00,AWS-RAN-103,16.4,978.1,68.0,False,,low,0.3,NORMAL,13.7,941.6,87.0,HEALTHY,replay,0.5,0.0
2025-01-07T22:00:00+00:00,AWS-RAN-103,15.9,978.4,71.0,False,,low,0.2,NORMAL,12.9,941.9,90.0,HEALTHY,replay,0.3,0.0
2025-01-07T23:00:00+00:00,AWS-RAN-103,15.0,978.2,75.0,False,,low,0.1,NORMAL,12.3,941.4,94.0,HEALTHY,replay,0.2,0.0
2025-01-08T00:00:00+00:00,AWS-RAN-103,13.6,977.9,83.0,False,,low,0.4,NORMAL,11.3,940.8,95.0,HEALTHY,replay,0.7,0.0
2025-01-08T01:00:00+00:00,AWS-RAN-103,12.4,977.6,91.0,False,,low,1.5,NORMAL,10.5,940.5,96.0,WARNING,replay,2.5,0.0
2025-01-08T02:00:00+00:00,AWS-RAN-103,11.8,977.1,92.0,False,,low,0.6,NORMAL,10.1,940.0,97.0,WARNING,replay,0.9,0.0
2025-01-08T03:00:00+00:00,AWS-RAN-103,11.3,976.9,92.0,False,,low,0.2,NORMAL,9.8,939.7,96.0,WARNING,replay,0.4,0.0
2025-01-08T04:00:00+00:00,AWS-RAN-103,10.7,977.1,91.0,False,,low,0.3,NORMAL,9.2,939.6,95.0,WARNING,replay,0.5,0.0
2025-01-08T05:00:00+00:00,AWS-RAN-103,10.2,977.6,90.0,False,,low,0.4,NORMAL,8.7,940.0,94.0,WARNING,replay,0.6,0.0
2025-01-08T06:00:00+00:00,AWS-RAN-103,11.0,978.6,87.0,False,,low,0.6,NORMAL,9.3,941.2,95.0,WARNING,replay,1.1,0.0
2025-01-08T07:00:00+00:00,AWS-RAN-103,12.2,979.9,78.0,False,,low,3.5,NORMAL,11.8,942.5,82.0,WARNING,replay,5.8,0.0
2025-01-08T08:00:00+00:00,AWS-RAN-103,14.6,980.9,65.0,False,,low,12.3,NORMAL,12.9,943.7,75.0,WARNING,replay,20.5,0.0
2025-01-08T09:00:00+00:00,AWS-RAN-103,17.1,981.5,52.0,False,,low,19.9,NORMAL,15.5,944.4,68.0,WARNING,replay,33.2,0.0
2025-01-08T10:00:00+00:00,AWS-RAN-103,19.6,981.2,41.0,False,,low,19.4,NORMAL,18.1,944.4,60.0,WARNING,replay,32.3,0.0
2025-01-08T11:00:00+00:00,AWS-RAN-103,21.8,980.5,32.0,False,,low,13.9,NORMAL,18.3,944.0,44.0,WARNING,replay,23.2,0.0
2025-01-08T12:00:00+00:00,AWS-RAN-103,23.3,979.4,27.0,False,,low,8.6,NORMAL,19.9,943.2,38.0,WARNING,replay,14.3,0.0
2025-01-08T13:00:00+00:00,AWS-RAN-103,24.3,978.3,24.0,False,,low,7.0,NORMAL,21.0,942.3,35.0,OFFLINE,replay,11.7,0.0
2025-01-08T14:00:00+00:00,AWS-RAN-103,24.6,977.6,22.0,False,,low,6.6,NORMAL,21.5,941.7,33.0,OFFLINE,replay,10.9,0.0
2025-01-08T15:00:00+00:00,AWS-RAN-103,24.3,977.4,23.0,False,,low,4.9,NORMAL,21.3,941.4,34.0,OFFLINE,replay,8.2,0.0
2025-01-08T16:00:00+00:00,AWS-RAN-103,23.1,977.4,26.0,False,,low,8.2,NORMAL,20.0,941.4,38.0,OFFLINE,replay,13.7,0.0
2025-01-08T17:00:00+00:00,AWS-RAN-103,18.8,977.6,36.0,False,,low,10.9,NORMAL,16.8,941.2,49.0,OFFLINE,replay,18.2,0.0
2025-01-08T18:00:00+00:00,AWS-RAN-103,17.5,978.8,47.0,False,,low,19.5,NORMAL,15.6,942.1,62.0,OFFLINE,replay,32.6,0.0
2025-01-08T19:00:00+00:00,AWS-RAN-103,16.2,979.7,53.0,False,,low,32.6,NORMAL,13.8,942.9,65.0,HEALTHY,replay,54.4,0.0
2025-01-08T20:00:00+00:00,AWS-RAN-103,15.1,980.5,59.0,False,,low,12.7,NORMAL,12.2,943.5,66.0,OFFLINE,replay,21.2,0.0
2025-01-08T21:00:00+00:00,AWS-RAN-103,14.1,981.0,64.0,False,,low,23.6,NORMAL,11.3,943.8,68.0,OFFLINE,replay,39.3,0.0
2025-01-08T22:00:00+00:00,AWS-RAN-103,12.9,981.0,69.0,False,,low,39.9,NORMAL,10.5,943.6,75.0,OFFLINE,replay,66.6,0.0
2025-01-08T23:00:00+00:00,AWS-RAN-103,12.1,980.5,71.0,False,,low,37.1,NORMAL,10.1,943.0,74.0,HEALTHY,replay,61.8,0.0
2025-01-09T00:00:00+00:00,AWS-RAN-103,11.4,980.0,73.0,False,,low,10.2,NORMAL,9.6,942.5,77.0,WARNING,replay,17.0,0.0
2025-01-09T01:00:00+00:00,AWS-RAN-103,10.6,979.8,76.0,False,,low,6.8,NORMAL,9.3,942.0,79.0,WARNING,replay,11.4,0.0
2025-01-09T02:00:00+00:00,AWS-RAN-103,10.0,979.5,79.0,False,,low,4.4,NORMAL,8.9,941.7,81.0,WARNING,replay,7.3,0.0
2025-01-09T03:00:00+00:00,AWS-RAN-103,9.9,979.7,81.0,False,,low,4.5,NORMAL,8.3,941.6,84.0,WARNING,replay,7.6,0.0
2025-01-09T04:00:00+00:00,AWS-RAN-103,9.7,979.9,83.0,False,,low,2.0,NORMAL,7.9,941.9,87.0,WARNING,replay,3.3,0.0
2025-01-09T05:00:00+00:00,AWS-RAN-103,9.3,980.5,86.0,False,,low,2.2,NORMAL,7.6,942.4,88.0,WARNING,replay,3.7,0.0
2025-01-09T06:00:00+00:00,AWS-RAN-103,9.5,981.4,89.0,False,,low,6.3,NORMAL,7.8,943.4,93.0,OFFLINE,replay,10.5,0.0
2025-01-09T07:00:00+00:00,AWS-RAN-103,11.5,982.8,79.0,False,,low,23.7,NORMAL,9.3,944.9,88.0,OFFLINE,replay,39.5,0.0
2025-01-09T08:00:00+00:00,AWS-RAN-103,14.4,983.9,67.0,True,REGIONAL_EVENT,low,52.8,FUSED_CONSENSUS,12.0,946.3,76.0,OFFLINE,replay,28.9,88.7
2025-01-09T09:00:00+00:00,AWS-RAN-103,16.5,984.3,62.0,True,REGIONAL_EVENT,medium,57.8,FUSED_CONSENSUS,14.6,946.9,64.0,OFFLINE,replay,37.2,88.7
2025-01-09T10:00:00+00:00,AWS-RAN-103,18.4,983.7,55.0,True,REGIONAL_EVENT,medium,69.0,FUSED_CONSENSUS,16.6,946.7,57.0,OFFLINE,replay,55.8,88.7
2025-01-09T11:00:00+00:00,AWS-RAN-103,20.2,982.6,48.0,True,REGIONAL_EVENT,high,85.9,FUSED_CONSENSUS,18.4,945.9,50.0,OFFLINE,replay,84.1,88.7
2025-01-09T12:00:00+00:00,AWS-RAN-103,21.8,981.3,43.0,True,REGIONAL_EVENT,high,82.2,FUSED_CONSENSUS,19.7,944.8,43.0,OFFLINE,replay,77.8,88.7
2025-01-09T13:00:00+00:00,AWS-RAN-103,23.0,980.1,39.0,False,,low,45.9,NORMAL,20.8,944.0,38.0,OFFLINE,replay,76.5,0.0
2025-01-09T14:00:00+00:00,AWS-RAN-103,23.8,979.5,36.0,False,,low,51.5,NORMAL,21.3,943.5,35.0,OFFLINE,replay,85.8,0.0
2025-01-09T15:00:00+00:00,AWS-RAN-103,23.8,979.1,35.0,True,unstructured_anomaly,high,88.2,ML_MODEL_ISOLATION,21.1,943.1,35.0,WARNING,replay,88.2,0.0
2025-01-09T16:00:00+00:00,AWS-RAN-103,22.8,979.1,38.0,False,,low,50.2,NORMAL,19.7,943.1,41.0,OFFLINE,replay,83.6,0.0
2025-01-09T17:00:00+00:00,AWS-RAN-103,19.6,979.4,48.0,False,,low,39.9,NORMAL,16.2,942.8,52.0,OFFLINE,replay,66.4,0.0
2025-01-09T18:00:00+00:00,AWS-RAN-103,18.5,980.2,57.0,False,,low,23.9,NORMAL,15.5,943.5,56.0,OFFLINE,replay,39.8,0.0
2025-01-09T19:00:00+00:00,AWS-RAN-103,17.1,981.2,61.0,False,,low,33.0,NORMAL,14.0,944.4,61.0,WARNING,replay,55.0,0.0
2025-01-09T20:00:00+00:00,AWS-RAN-103,15.6,981.9,65.0,False,,low,4.1,NORMAL,12.5,945.1,68.0,WARNING,replay,6.9,0.0
2025-01-09T21:00:00+00:00,AWS-RAN-103,14.3,982.8,68.0,False,,low,2.9,NORMAL,11.3,945.6,75.0,WARNING,replay,4.9,0.0
2025-01-09T22:00:00+00:00,AWS-RAN-103,13.4,983.1,68.0,False,,low,2.5,NORMAL,10.7,945.6,80.0,WARNING,replay,4.1,0.0
2025-01-09T23:00:00+00:00,AWS-RAN-103,12.8,982.9,71.0,False,,low,2.4,NORMAL,10.4,945.1,83.0,WARNING,replay,4.0,0.0
2025-01-10T00:00:00+00:00,AWS-RAN-103,12.1,982.7,75.0,False,,low,2.1,NORMAL,10.2,944.6,85.0,WARNING,replay,3.6,0.0
2025-01-10T01:00:00+00:00,AWS-RAN-103,11.2,982.3,81.0,False,,low,1.9,NORMAL,9.8,944.2,87.0,WARNING,replay,3.2,0.0
2025-01-10T02:00:00+00:00,AWS-RAN-103,10.5,982.0,86.0,False,,low,1.5,NORMAL,9.3,944.0,89.0,WARNING,replay,2.6,0.0
2025-01-10T03:00:00+00:00,AWS-RAN-103,10.0,981.8,89.0,False,,low,0.9,NORMAL,9.1,943.7,90.0,WARNING,replay,1.5,0.0
2025-01-10T04:00:00+00:00,AWS-RAN-103,9.5,982.1,91.0,False,,low,0.4,NORMAL,8.9,943.8,90.0,WARNING,replay,0.7,0.0
2025-01-10T05:00:00+00:00,AWS-RAN-103,9.1,982.5,93.0,False,,low,0.8,NORMAL,8.6,944.1,91.0,WARNING,replay,1.3,0.0
2025-01-10T06:00:00+00:00,AWS-RAN-103,8.8,983.1,94.0,False,,low,2.0,NORMAL,8.3,944.7,92.0,WARNING,replay,3.3,0.0
2025-01-10T07:00:00+00:00,AWS-RAN-103,10.7,984.0,83.0,False,,low,5.5,NORMAL,10.0,945.8,85.0,WARNING,replay,9.1,0.0
2025-01-10T08:00:00+00:00,AWS-RAN-103,14.8,985.2,64.0,False,,low,37.9,NORMAL,13.0,947.6,72.0,WARNING,replay,63.2,0.0
2025-01-10T09:00:00+00:00,AWS-RAN-103,17.6,985.8,53.0,False,,low,42.4,NORMAL,15.5,948.6,60.0,HEALTHY,replay,70.6,0.0
2025-01-10T10:00:00+00:00,AWS-RAN-103,19.6,985.4,46.0,False,,low,32.0,NORMAL,17.8,948.5,50.0,HEALTHY,replay,53.4,0.0
2025-01-10T11:00:00+00:00,AWS-RAN-103,21.3,984.3,42.0,False,,low,34.8,NORMAL,19.6,947.7,42.0,HEALTHY,replay,58.0,0.0
2025-01-10T12:00:00+00:00,AWS-RAN-103,22.7,982.8,38.0,False,,low,39.2,NORMAL,20.9,946.6,42.1,HEALTHY,replay,65.4,0.0
2025-01-10T13:00:00+00:00,AWS-RAN-103,24.0,981.9,34.0,False,,low,32.0,NORMAL,21.9,945.8,42.11,HEALTHY,replay,53.4,0.0
2025-01-10T14:00:00+00:00,AWS-RAN-103,24.9,981.3,31.0,False,,low,15.0,NORMAL,22.5,945.58,41.0,HEALTHY,replay,24.9,0.0
2025-01-10T15:00:00+00:00,AWS-RAN-103,24.8,981.0,30.0,False,,low,7.8,NORMAL,22.4,945.62,40.0,HEALTHY,replay,13.0,0.0
2025-01-10T16:00:00+00:00,AWS-RAN-103,23.5,981.1,33.0,False,,low,6.0,NORMAL,20.8,945.61,42.19,HEALTHY,replay,10.1,0.0
2025-01-10T17:00:00+00:00,AWS-RAN-103,19.3,981.0,45.0,False,,low,14.5,NORMAL,17.4,945.62,42.14,HEALTHY,replay,24.2,0.0
2025-01-10T18:00:00+00:00,AWS-RAN-103,18.3,981.1,49.0,False,,low,7.8,NORMAL,15.6,945.62,44.0,HEALTHY,replay,13.0,0.0
2025-01-10T19:00:00+00:00,AWS-RAN-103,17.7,981.9,50.0,False,,low,0.4,NORMAL,14.0,945.58,64.0,HEALTHY,replay,0.7,0.0
2025-01-10T20:00:00+00:00,AWS-RAN-103,16.6,982.5,52.0,False,,low,0.2,NORMAL,12.9,945.62,71.0,HEALTHY,replay,0.3,0.0
2025-01-10T21:00:00+00:00,AWS-RAN-103,15.1,982.7,57.0,False,,low,0.2,NORMAL,11.9,945.6,75.0,HEALTHY,replay,0.3,0.0
2025-01-10T22:00:00+00:00,AWS-RAN-103,13.6,982.8,65.0,False,,low,0.4,NORMAL,11.2,945.5,79.0,HEALTHY,replay,0.7,0.0
2025-01-10T23:00:00+00:00,AWS-RAN-103,12.6,982.3,73.0,False,,low,0.3,NORMAL,10.8,944.9,80.0,HEALTHY,replay,0.5,0.0
2025-01-11T00:00:00+00:00,AWS-RAN-103,11.8,981.8,80.0,False,,low,0.3,NORMAL,10.4,944.2,81.0,HEALTHY,replay,0.5,0.0
2025-01-11T01:00:00+00:00,AWS-RAN-103,11.1,981.5,85.0,False,,low,0.3,NORMAL,9.9,944.0,83.0,HEALTHY,replay,0.5,0.0
2025-01-11T02:00:00+00:00,AWS-RAN-103,10.4,981.4,89.0,False,,low,0.2,NORMAL,9.3,943.7,86.0,HEALTHY,replay,0.4,0.0
2025-01-11T03:00:00+00:00,AWS-RAN-103,9.9,981.2,92.0,False,,low,0.3,NORMAL,9.0,943.5,86.0,HEALTHY,replay,0.5,0.0
2025-01-11T04:00:00+00:00,AWS-RAN-103,10.0,981.5,89.0,False,,low,0.4,NORMAL,8.8,943.7,85.0,HEALTHY,replay,0.7,0.0
2025-01-11T05:00:00+00:00,AWS-RAN-103,10.6,982.3,85.0,False,,low,0.6,NORMAL,8.9,944.2,84.0,HEALTHY,replay,1.0,0.0
2025-01-11T06:00:00+00:00,AWS-RAN-103,9.9,983.1,89.0,False,,low,0.4,NORMAL,9.2,945.0,84.0,HEALTHY,replay,0.7,0.0
2025-01-11T07:00:00+00:00,AWS-RAN-103,12.0,984.2,78.0,False,,low,1.4,NORMAL,10.9,946.3,81.0,HEALTHY,replay,2.3,0.0
2025-01-11T08:00:00+00:00,AWS-RAN-103,15.7,985.5,63.0,False,,low,11.0,NORMAL,14.5,948.1,66.0,HEALTHY,replay,18.3,0.0
2025-01-11T09:00:00+00:00,AWS-RAN-103,18.3,986.1,53.0,False,,low,18.9,NORMAL,17.2,949.1,57.0,HEALTHY,replay,31.4,0.0
2025-01-11T10:00:00+00:00,AWS-RAN-103,20.3,985.6,46.0,False,,low,3.0,NORMAL,19.1,948.8,50.0,HEALTHY,replay,5.0,0.0
2025-01-11T11:00:00+00:00,AWS-RAN-103,22.0,984.4,41.0,False,,low,2.0,NORMAL,20.6,947.7,45.0,HEALTHY,replay,3.3,0.0
2025-01-11T12:00:00+00:00,AWS-RAN-103,23.3,983.0,38.0,False,,low,2.5,NORMAL,21.8,946.8,39.0,HEALTHY,replay,4.2,0.0
2025-01-11T13:00:00+00:00,AWS-RAN-103,24.2,981.8,35.0,False,,low,2.6,NORMAL,22.6,945.7,35.0,HEALTHY,replay,4.3,0.0
2025-01-11T14:00:00+00:00,AWS-RAN-103,24.4,981.0,34.0,False,,low,1.9,NORMAL,23.1,945.0,32.0,HEALTHY,replay,3.1,0.0
2025-01-11T15:00:00+00:00,AWS-RAN-103,24.1,980.6,34.0,False,,low,0.9,NORMAL,22.8,944.5,32.0,HEALTHY,replay,1.5,0.0
2025-01-11T16:00:00+00:00,AWS-RAN-103,23.1,980.4,34.0,False,,low,1.2,NORMAL,21.5,944.2,40.0,HEALTHY,replay,2.0,0.0
2025-01-11T17:00:00+00:00,AWS-RAN-103,19.9,980.3,40.0,False,,low,0.9,NORMAL,17.3,943.9,51.0,HEALTHY,replay,1.5,0.0
2025-01-11T18:00:00+00:00,AWS-RAN-103,18.8,980.2,46.0,False,,low,1.2,NORMAL,16.4,943.7,56.0,HEALTHY,replay,2.1,0.0
2025-01-11T19:00:00+00:00,AWS-RAN-103,17.4,980.7,49.0,False,,low,0.8,NORMAL,15.2,944.0,60.0,HEALTHY,replay,1.3,0.0
2025-01-11T20:00:00+00:00,AWS-RAN-103,17.0,981.6,50.0,False,,low,0.2,NORMAL,14.8,944.7,59.0,HEALTHY,replay,0.4,0.0
2025-01-11T21:00:00+00:00,AWS-RAN-103,16.9,982.2,49.0,False,,low,0.3,NORMAL,14.6,945.0,58.0,HEALTHY,replay,0.5,0.0
2025-01-11T22:00:00+00:00,AWS-RAN-103,16.5,982.3,49.0,False,,low,0.6,NORMAL,14.2,945.0,59.0,HEALTHY,replay,1.0,0.0
2025-01-11T23:00:00+00:00,AWS-RAN-103,15.8,982.2,50.0,False,,low,0.9,NORMAL,13.4,944.7,60.0,WARNING,replay,1.5,0.0
2025-01-12T00:00:00+00:00,AWS-RAN-103,15.1,981.8,51.0,False,,low,0.8,NORMAL,12.8,944.3,62.0,WARNING,replay,1.3,0.0
2025-01-12T01:00:00+00:00,AWS-RAN-103,14.8,981.6,52.0,False,,low,1.7,NORMAL,12.1,944.1,63.0,OFFLINE,replay,2.9,0.0
2025-01-12T02:00:00+00:00,AWS-RAN-103,14.4,981.2,54.0,False,,low,0.8,NORMAL,12.0,943.9,63.0,OFFLINE,replay,1.4,0.0
2025-01-12T03:00:00+00:00,AWS-RAN-103,13.8,980.7,56.0,False,,low,1.2,NORMAL,11.6,943.5,66.0,OFFLINE,replay,1.9,0.0
2025-01-12T04:00:00+00:00,AWS-RAN-103,13.5,980.9,57.0,False,,low,1.0,NORMAL,11.3,943.6,72.0,HEALTHY,replay,1.7,0.0
2025-01-12T05:00:00+00:00,AWS-RAN-103,13.1,981.3,60.0,False,,low,0.6,NORMAL,10.8,943.9,74.0,OFFLINE,replay,1.0,0.0
2025-01-12T06:00:00+00:00,AWS-RAN-103,13.0,981.9,65.0,False,,low,0.9,NORMAL,10.4,944.4,74.0,OFFLINE,replay,1.5,0.0
2025-01-12T07:00:00+00:00,AWS-RAN-103,14.6,983.2,61.0,False,,low,5.6,NORMAL,12.4,945.7,69.0,OFFLINE,replay,9.4,0.0
2025-01-12T08:00:00+00:00,AWS-RAN-103,17.8,984.2,47.0,False,,low,40.2,NORMAL,15.9,947.2,57.0,HEALTHY,replay,67.1,0.0
2025-01-12T09:00:00+00:00,AWS-RAN-103,20.0,984.6,44.0,False,,low,13.6,NORMAL,18.6,947.9,48.0,WARNING,replay,22.7,0.0
2025-01-12T10:00:00+00:00,AWS-RAN-103,21.9,984.0,40.0,False,,low,12.2,NORMAL,21.0,947.4,45.0,WARNING,replay,20.4,0.0
2025-01-12T11:00:00+00:00,AWS-RAN-103,23.5,982.8,36.0,False,,low,6.1,NORMAL,22.5,946.6,42.0,WARNING,replay,10.2,0.0
2025-01-12T12:00:00+00:00,AWS-RAN-103,24.8,981.5,33.0,False,,low,11.1,NORMAL,23.7,945.5,38.0,WARNING,replay,18.5,0.0
2025-01-12T13:00:00+00:00,AWS-RAN-103,25.6,980.2,30.0,False,,low,21.2,NORMAL,24.4,944.3,35.0,WARNING,replay,35.3,0.0
2025-01-12T14:00:00+00:00,AWS-RAN-103,25.9,979.2,29.0,False,,low,25.5,NORMAL,24.9,943.3,36.0,WARNING,replay,42.6,0.0
2025-01-12T15:00:00+00:00,AWS-RAN-103,25.7,978.8,29.0,False,,low,18.8,NORMAL,24.7,943.0,35.0,WARNING,replay,31.4,0.0
2025-01-12T16:00:00+00:00,AWS-RAN-103,24.7,978.7,31.0,False,,low,9.4,NORMAL,23.9,942.8,49.0,WARNING,replay,15.7,0.0
2025-01-12T17:00:00+00:00,AWS-RAN-103,21.8,978.8,37.0,False,,low,3.1,NORMAL,20.4,942.8,53.0,WARNING,replay,5.1,0.0
2025-01-12T18:00:00+00:00,AWS-RAN-103,20.8,979.3,40.0,False,,low,1.3,NORMAL,18.8,943.1,55.0,WARNING,replay,2.2,0.0
2025-01-12T19:00:00+00:00,AWS-RAN-103,19.4,980.0,44.0,False,,low,0.9,NORMAL,17.5,943.6,61.0,WARNING,replay,1.5,0.0
2025-01-12T20:00:00+00:00,AWS-RAN-103,17.5,980.4,53.0,False,,low,2.9,NORMAL,16.2,943.9,61.0,WARNING,replay,4.8,0.0
2025-01-12T21:00:00+00:00,AWS-RAN-103,17.2,980.8,55.0,False,,low,1.0,NORMAL,15.8,944.3,58.0,WARNING,replay,1.7,0.0
2025-01-12T22:00:00+00:00,AWS-RAN-103,17.4,980.7,53.0,False,,low,0.5,NORMAL,14.6,944.3,64.0,HEALTHY,replay,0.9,0.0
2025-01-12T23:00:00+00:00,AWS-RAN-103,17.2,980.2,54.0,False,,low,0.3,NORMAL,14.0,943.8,67.0,HEALTHY,replay,0.5,0.0
2025-01-13T00:00:00+00:00,AWS-RAN-103,16.2,979.9,56.0,False,,low,0.3,NORMAL,13.7,943.4,74.0,HEALTHY,replay,0.4,0.0
2025-01-13T01:00:00+00:00,AWS-RAN-103,15.4,979.4,61.0,False,,low,0.4,NORMAL,13.1,942.6,78.0,HEALTHY,replay,0.6,0.0
2025-01-13T02:00:00+00:00,AWS-RAN-103,14.6,978.9,68.0,False,,low,1.2,NORMAL,13.4,942.0,81.0,HEALTHY,replay,2.0,0.0
2025-01-13T03:00:00+00:00,AWS-RAN-103,14.0,978.7,78.0,False,,low,7.1,NORMAL,13.0,941.7,85.0,HEALTHY,replay,11.8,0.0
2025-01-13T04:00:00+00:00,AWS-RAN-103,13.6,978.8,84.0,False,,low,6.7,NORMAL,12.6,941.8,89.0,HEALTHY,replay,11.2,0.0
2025-01-13T05:00:00+00:00,AWS-RAN-103,13.5,979.2,86.0,False,,low,6.0,NORMAL,12.6,942.1,90.0,HEALTHY,replay,10.1,0.0
2025-01-13T06:00:00+00:00,AWS-RAN-103,13.8,979.7,86.0,False,,low,4.3,NORMAL,13.1,942.9,89.0,HEALTHY,replay,7.2,0.0
2025-01-13T07:00:00+00:00,AWS-RAN-103,15.9,981.0,76.0,False,,low,5.5,NORMAL,14.3,944.1,86.0,HEALTHY,replay,9.2,0.0
2025-01-13T08:00:00+00:00,AWS-RAN-103,19.7,982.0,62.0,False,,low,16.0,NORMAL,17.2,945.5,74.0,HEALTHY,replay,26.6,0.0
2025-01-13T09:00:00+00:00,AWS-RAN-103,22.7,982.4,50.0,False,,low,24.3,NORMAL,20.1,946.1,57.0,HEALTHY,replay,40.6,0.0
2025-01-13T10:00:00+00:00,AWS-RAN-103,24.3,981.8,41.0,False,,low,11.2,NORMAL,22.1,945.7,53.0,HEALTHY,replay,18.6,0.0
2025-01-13T11:00:00+00:00,AWS-RAN-103,25.4,980.8,38.0,False,,low,3.5,NORMAL,23.4,945.0,49.0,HEALTHY,replay,5.9,0.0
2025-01-13T12:00:00+00:00,AWS-RAN-103,26.3,979.5,36.0,False,,low,5.1,NORMAL,24.3,943.9,44.0,HEALTHY,replay,8.6,0.0
2025-01-13T13:00:00+00:00,AWS-RAN-103,27.3,978.2,33.0,False,,low,4.2,NORMAL,24.6,942.7,44.0,HEALTHY,replay,7.0,0.0
2025-01-13T14:00:00+00:00,AWS-RAN-103,27.1,977.4,32.0,False,,low,1.3,NORMAL,24.4,942.0,41.0,HEALTHY,replay,2.2,0.0
2025-01-13T15:00:00+00:00,AWS-RAN-103,26.8,977.2,33.0,False,,low,1.2,NORMAL,23.8,941.7,41.0,HEALTHY,replay,2.0,0.0
2025-01-13T16:00:00+00:00,AWS-RAN-103,26.0,977.2,35.0,False,,low,0.6,NORMAL,22.9,941.7,48.0,HEALTHY,replay,1.0,0.0
2025-01-13T17:00:00+00:00,AWS-RAN-103,23.5,977.9,43.0,False,,low,0.7,NORMAL,20.2,942.0,60.0,HEALTHY,replay,1.2,0.0
2025-01-13T18:00:00+00:00,AWS-RAN-103,21.2,978.9,52.0,False,,low,1.1,NORMAL,18.2,942.6,67.0,HEALTHY,replay,1.8,0.0
2025-01-13T19:00:00+00:00,AWS-RAN-103,19.6,979.6,61.0,False,,low,2.0,NORMAL,16.8,943.4,73.0,HEALTHY,replay,3.4,0.0
2025-01-13T20:00:00+00:00,AWS-RAN-103,18.8,980.4,66.0,False,,low,1.0,NORMAL,15.6,943.9,78.0,HEALTHY,replay,1.7,0.0
2025-01-13T21:00:00+00:00,AWS-RAN-103,17.8,980.7,70.0,False,,low,0.5,NORMAL,14.9,944.2,84.0,HEALTHY,replay,0.8,0.0
2025-01-13T22:00:00+00:00,AWS-RAN-103,17.0,981.0,74.0,False,,low,0.6,NORMAL,14.3,944.1,89.0,HEALTHY,replay,1.1,0.0
2025-01-13T23:00:00+00:00,AWS-RAN-103,16.1,980.8,79.0,False,,low,0.5,NORMAL,13.9,943.6,92.0,HEALTHY,replay,0.8,0.0
2025-01-14T00:00:00+00:00,AWS-RAN-103,15.4,980.6,84.0,False,,low,0.3,NORMAL,13.7,943.4,93.0,HEALTHY,replay,0.6,0.0
2025-01-14T01:00:00+00:00,AWS-RAN-103,15.0,980.3,87.0,False,,low,0.3,NORMAL,13.4,943.2,94.0,HEALTHY,replay,0.5,0.0
2025-01-14T02:00:00+00:00,AWS-RAN-103,14.5,980.2,91.0,False,,low,0.2,NORMAL,13.1,943.0,94.0,HEALTHY,replay,0.4,0.0
2025-01-14T03:00:00+00:00,AWS-RAN-103,14.3,980.1,92.0,False,,low,0.2,NORMAL,12.8,942.8,95.0,HEALTHY,replay,0.3,0.0
2025-01-14T04:00:00+00:00,AWS-RAN-103,14.0,980.3,92.0,False,,low,0.4,NORMAL,12.4,942.9,96.0,HEALTHY,replay,0.6,0.0
2025-01-14T05:00:00+00:00,AWS-RAN-103,13.6,980.8,93.0,False,,low,0.3,NORMAL,12.2,943.3,97.0,HEALTHY,replay,0.6,0.0
2025-01-14T06:00:00+00:00,AWS-RAN-103,13.3,981.9,94.0,False,,low,0.4,NORMAL,12.2,944.3,98.0,HEALTHY,replay,0.7,0.0
2025-01-14T07:00:00+00:00,AWS-RAN-103,15.0,983.2,88.0,False,,low,3.8,NORMAL,12.7,945.5,97.0,HEALTHY,replay,6.3,0.0
2025-01-14T08:00:00+00:00,AWS-RAN-103,17.5,984.4,75.0,False,,low,11.5,NORMAL,13.8,947.2,92.0,HEALTHY,replay,19.1,0.0
2025-01-14T09:00:00+00:00,AWS-RAN-103,20.0,985.0,64.0,False,,low,18.5,NORMAL,16.8,948.2,76.0,HEALTHY,replay,30.9,0.0
2025-01-14T10:00:00+00:00,AWS-RAN-103,22.0,984.9,55.0,False,,low,18.1,NORMAL,19.2,948.3,64.0,HEALTHY,replay,30.2,0.0
2025-01-14T11:00:00+00:00,AWS-RAN-103,23.4,983.9,49.0,False,,low,15.9,NORMAL,20.9,947.6,57.0,HEALTHY,replay,26.5,0.0
2025-01-14T12:00:00+00:00,AWS-RAN-103,24.4,982.6,46.0,False,,low,14.7,NORMAL,22.4,946.5,49.0,HEALTHY,replay,24.5,0.0
2025-01-14T13:00:00+00:00,AWS-RAN-103,25.0,981.2,42.0,False,,low,10.6,NORMAL,23.3,945.2,43.0,HEALTHY,replay,17.6,0.0
2025-01-14T14:00:00+00:00,AWS-RAN-103,25.3,980.4,40.0,False,,low,6.9,NORMAL,23.7,944.5,41.0,HEALTHY,replay,11.5,0.0
2025-01-14T15:00:00+00:00,AWS-RAN-103,25.2,980.2,39.0,False,,low,3.4,NORMAL,23.4,944.5,39.0,HEALTHY,replay,5.7,0.0
2025-01-14T16:00:00+00:00,AWS-RAN-103,24.3,980.3,40.0,False,,low,1.4,NORMAL,22.1,944.6,41.0,HEALTHY,replay,2.3,0.0
2025-01-14T17:00:00+00:00,AWS-RAN-103,21.8,981.0,47.0,False,,low,0.7,NORMAL,19.0,944.8,51.0,HEALTHY,replay,1.1,0.0
2025-01-14T18:00:00+00:00,AWS-RAN-103,21.4,981.8,50.0,False,,low,0.3,NORMAL,17.2,944.9,61.0,HEALTHY,replay,0.5,0.0
2025-01-14T19:00:00+00:00,AWS-RAN-103,19.9,982.4,55.0,False,,low,0.4,NORMAL,16.2,945.9,67.0,HEALTHY,replay,0.7,0.0
2025-01-14T20:00:00+00:00,AWS-RAN-103,18.2,982.7,59.0,False,,low,0.4,NORMAL,14.8,946.2,69.0,HEALTHY,replay,0.6,0.0
2025-01-14T21:00:00+00:00,AWS-RAN-103,17.3,983.5,62.0,False,,low,0.4,NORMAL,14.4,946.7,73.0,HEALTHY,replay,0.6,0.0
2025-01-14T22:00:00+00:00,AWS-RAN-103,16.0,983.6,68.0,False,,low,0.5,NORMAL,13.4,946.4,80.0,HEALTHY,replay,0.8,0.0
2025-01-14T23:00:00+00:00,AWS-RAN-103,15.4,983.4,72.0,False,,low,0.3,NORMAL,13.8,946.3,91.0,HEALTHY,replay,0.6,0.0
2025-01-15T00:00:00+00:00,AWS-RAN-103,14.4,983.1,80.0,False,,low,0.8,NORMAL,13.3,945.9,94.0,HEALTHY,replay,1.3,0.0
2025-01-15T01:00:00+00:00,AWS-RAN-103,13.8,982.7,85.0,False,,low,0.8,NORMAL,13.1,945.4,96.0,HEALTHY,replay,1.4,0.0
2025-01-15T02:00:00+00:00,AWS-RAN-103,13.3,982.1,88.0,False,,low,0.5,NORMAL,12.8,944.7,96.0,HEALTHY,replay,0.8,0.0
2025-01-15T03:00:00+00:00,AWS-RAN-103,13.4,982.1,86.0,False,,low,0.3,NORMAL,11.7,944.5,88.0,HEALTHY,replay,0.4,0.0
2025-01-15T04:00:00+00:00,AWS-RAN-103,13.5,982.4,85.0,False,,low,0.4,NORMAL,11.5,944.6,89.0,HEALTHY,replay,0.6,0.0
2025-01-15T05:00:00+00:00,AWS-RAN-103,13.3,983.0,85.0,False,,low,0.5,NORMAL,11.2,945.3,89.0,HEALTHY,replay,0.8,0.0
2025-01-15T06:00:00+00:00,AWS-RAN-103,12.3,983.9,91.0,False,,low,0.4,NORMAL,10.7,946.2,92.0,HEALTHY,replay,0.7,0.0
2025-01-15T07:00:00+00:00,AWS-RAN-103,14.0,984.7,84.0,False,,low,0.7,NORMAL,12.5,947.2,87.0,HEALTHY,replay,1.2,0.0
2025-01-15T08:00:00+00:00,AWS-RAN-103,17.2,985.8,70.0,False,,low,2.5,NORMAL,15.8,948.6,73.0,HEALTHY,replay,4.1,0.0
2025-01-15T09:00:00+00:00,AWS-RAN-103,19.4,986.3,61.0,False,,low,3.5,NORMAL,18.0,949.3,63.0,HEALTHY,replay,5.8,0.0
2025-01-15T10:00:00+00:00,AWS-RAN-103,21.2,985.9,54.0,False,,low,1.8,NORMAL,19.7,949.2,55.0,HEALTHY,replay,3.0,0.0
2025-01-15T11:00:00+00:00,AWS-RAN-103,22.6,984.5,48.0,False,,low,2.0,NORMAL,21.4,948.1,49.0,HEALTHY,replay,3.4,0.0
2025-01-15T12:00:00+00:00,AWS-RAN-103,23.9,982.9,42.0,False,,low,4.3,NORMAL,22.6,946.7,45.0,HEALTHY,replay,7.2,0.0
2025-01-15T13:00:00+00:00,AWS-RAN-103,24.7,981.5,40.0,False,,low,3.7,NORMAL,23.2,945.5,42.0,HEALTHY,replay,6.1,0.0
2025-01-15T14:00:00+00:00,AWS-RAN-103,25.2,980.7,38.0,False,,low,1.9,NORMAL,23.5,944.9,40.0,HEALTHY,replay,3.2,0.0
2025-01-15T15:00:00+00:00,AWS-RAN-103,25.0,980.4,39.0,False,,low,1.0,NORMAL,23.4,944.5,39.0,HEALTHY,replay,1.6,0.0
2025-01-15T16:00:00+00:00,AWS-RAN-103,24.0,980.3,41.0,False,,low,0.5,NORMAL,22.3,944.4,42.0,HEALTHY,replay,0.9,0.0
2025-01-15T17:00:00+00:00,AWS-RAN-103,20.9,980.5,52.0,False,,low,1.3,NORMAL,19.1,944.3,52.0,HEALTHY,replay,2.1,0.0
2025-01-15T18:00:00+00:00,AWS-RAN-103,19.5,981.7,56.0,False,,low,0.8,NORMAL,17.5,945.3,57.0,HEALTHY,replay,1.3,0.0
2025-01-15T19:00:00+00:00,AWS-RAN-103,18.5,982.1,56.0,False,,low,0.3,NORMAL,15.7,945.5,60.0,HEALTHY,replay,0.5,0.0
2025-01-15T20:00:00+00:00,AWS-RAN-103,16.8,982.7,60.0,False,,low,0.3,NORMAL,14.4,945.9,67.0,HEALTHY,replay,0.5,0.0
2025-01-15T21:00:00+00:00,AWS-RAN-103,15.6,982.7,67.0,False,,low,0.5,NORMAL,13.2,945.8,75.0,HEALTHY,replay,0.8,0.0
2025-01-15T22:00:00+00:00,AWS-RAN-103,14.4,982.8,75.0,False,,low,1.1,NORMAL,12.2,945.6,83.0,HEALTHY,replay,1.8,0.0
2025-01-15T23:00:00+00:00,AWS-RAN-103,13.3,982.4,80.0,False,,low,0.4,NORMAL,11.3,951.14,86.0,HEALTHY,replay,0.7,0.0
2025-01-16T00:00:00+00:00,AWS-RAN-103,12.2,981.9,86.0,False,,low,0.5,NORMAL,10.7,944.4,86.0,HEALTHY,replay,0.9,0.0
2025-01-16T01:00:00+00:00,AWS-RAN-103,11.4,981.4,91.0,False,,low,0.5,NORMAL,10.7,943.9,85.0,HEALTHY,replay,0.9,0.0
2025-01-16T02:00:00+00:00,AWS-RAN-103,10.5,980.7,95.0,False,,low,0.7,NORMAL,10.5,943.4,85.0,HEALTHY,replay,1.2,0.0
2025-01-16T03:00:00+00:00,AWS-RAN-103,9.9,980.3,97.0,False,,low,0.6,NORMAL,10.5,943.0,83.0,HEALTHY,replay,1.0,0.0
2025-01-16T04:00:00+00:00,AWS-RAN-103,9.7,980.2,97.0,False,,low,0.4,NORMAL,10.4,942.9,83.0,HEALTHY,replay,0.7,0.0
2025-01-16T05:00:00+00:00,AWS-RAN-103,10.1,980.8,95.0,False,,low,0.5,NORMAL,10.0,943.5,85.0,HEALTHY,replay,0.9,0.0
2025-01-16T06:00:00+00:00,AWS-RAN-103,10.9,982.3,94.0,False,,low,0.7,NORMAL,10.4,944.7,90.0,HEALTHY,replay,1.2,0.0
2025-01-16T07:00:00+00:00,AWS-RAN-103,13.0,983.3,82.0,False,,low,2.5,NORMAL,11.6,945.6,83.0,HEALTHY,replay,4.1,0.0
2025-01-16T08:00:00+00:00,AWS-RAN-103,15.9,984.3,67.0,False,,low,7.1,NORMAL,14.7,947.0,70.0,HEALTHY,replay,11.9,0.0
2025-01-16T09:00:00+00:00,AWS-RAN-103,18.2,985.1,57.0,False,,low,10.8,NORMAL,17.0,948.0,57.0,HEALTHY,replay,18.1,0.0
2025-01-16T10:00:00+00:00,AWS-RAN-103,20.3,984.6,49.0,False,,low,3.1,NORMAL,18.7,947.9,52.0,HEALTHY,replay,5.1,0.0
2025-01-16T11:00:00+00:00,AWS-RAN-103,21.9,983.6,45.0,False,,low,1.6,NORMAL,20.3,954.92,46.0,HEALTHY,replay,2.7,0.0
2025-01-16T12:00:00+00:00,AWS-RAN-103,23.2,982.1,41.0,False,,low,2.3,NORMAL,21.5,952.84,41.0,HEALTHY,replay,3.8,0.0
2025-01-16T13:00:00+00:00,AWS-RAN-103,24.1,981.0,38.0,False,,low,1.5,NORMAL,22.5,952.29,40.0,HEALTHY,replay,2.5,0.0
2025-01-16T14:00:00+00:00,AWS-RAN-103,24.6,980.3,37.0,False,,low,0.6,NORMAL,22.9,952.28,39.0,HEALTHY,replay,1.1,0.0
2025-01-16T15:00:00+00:00,AWS-RAN-103,24.3,980.1,37.0,False,,low,0.4,NORMAL,22.8,944.0,34.0,HEALTHY,replay,0.7,0.0
2025-01-16T16:00:00+00:00,AWS-RAN-103,23.3,980.3,39.0,False,,low,0.3,NORMAL,21.5,944.1,40.0,HEALTHY,replay,0.5,0.0
2025-01-16T17:00:00+00:00,AWS-RAN-103,20.8,980.6,44.0,False,,low,0.4,NORMAL,18.9,944.2,48.0,HEALTHY,replay,0.6,0.0
2025-01-16T18:00:00+00:00,AWS-RAN-103,19.0,981.2,48.0,False,,low,0.4,NORMAL,16.5,944.6,53.0,HEALTHY,replay,0.7,0.0
2025-01-16T19:00:00+00:00,AWS-RAN-103,17.1,982.0,53.0,False,,low,0.5,NORMAL,16.3,945.3,58.0,HEALTHY,replay,0.8,0.0
2025-01-16T20:00:00+00:00,AWS-RAN-103,16.5,982.5,54.0,False,,low,0.2,NORMAL,15.1,945.9,64.0,HEALTHY,replay,0.3,0.0
2025-01-16T21:00:00+00:00,AWS-RAN-103,15.2,982.7,59.0,False,,low,0.2,NORMAL,14.1,945.7,71.0,HEALTHY,replay,0.3,0.0
2025-01-16T22:00:00+00:00,AWS-RAN-103,14.0,982.6,66.0,False,,low,0.3,NORMAL,13.1,945.5,79.0,HEALTHY,replay,0.4,0.0
2025-01-16T23:00:00+00:00,AWS-RAN-103,13.1,982.3,70.0,False,,low,0.2,NORMAL,12.1,945.1,79.0,HEALTHY,replay,0.3,0.0
2025-01-17T00:00:00+00:00,AWS-RAN-103,12.5,981.8,73.0,False,,low,0.2,NORMAL,11.7,944.7,77.0,HEALTHY,replay,0.3,0.0
2025-01-17T01:00:00+00:00,AWS-RAN-103,12.2,981.6,74.0,False,,low,0.1,NORMAL,11.5,944.3,76.0,HEALTHY,replay,0.2,0.0
2025-01-17T02:00:00+00:00,AWS-RAN-103,11.8,981.1,76.0,False,,low,0.1,NORMAL,11.1,943.7,73.0,HEALTHY,replay,0.2,0.0
2025-01-17T03:00:00+00:00,AWS-RAN-103,11.6,980.7,76.0,False,,low,0.2,NORMAL,10.5,943.1,73.0,HEALTHY,replay,0.4,0.0
2025-01-17T04:00:00+00:00,AWS-RAN-103,11.4,980.5,70.0,False,,low,0.4,NORMAL,9.8,942.7,70.0,HEALTHY,replay,0.7,0.0
2025-01-17T05:00:00+00:00,AWS-RAN-103,11.1,980.9,65.0,False,,low,0.5,NORMAL,10.3,943.2,64.0,HEALTHY,replay,0.9,0.0
2025-01-17T06:00:00+00:00,AWS-RAN-103,11.4,981.8,67.0,False,,low,0.3,NORMAL,10.6,943.9,79.0,HEALTHY,replay,0.5,0.0
2025-01-17T07:00:00+00:00,AWS-RAN-103,13.2,982.5,57.0,False,,low,0.6,NORMAL,11.9,944.6,69.0,HEALTHY,replay,0.9,0.0
2025-01-17T08:00:00+00:00,AWS-RAN-103,16.6,983.2,45.0,False,,low,3.0,NORMAL,14.2,945.9,59.0,HEALTHY,replay,5.1,0.0
2025-01-17T09:00:00+00:00,AWS-RAN-103,19.9,983.4,34.0,False,,low,11.1,NORMAL,16.5,946.7,46.0,HEALTHY,replay,18.5,0.0
2025-01-17T10:00:00+00:00,AWS-RAN-103,22.3,983.1,27.0,False,,low,6.1,NORMAL,18.7,946.7,38.0,HEALTHY,replay,10.1,0.0
2025-01-17T11:00:00+00:00,AWS-RAN-103,23.4,982.3,25.0,False,,low,5.4,NORMAL,20.1,946.1,33.0,HEALTHY,replay,9.0,0.0
2025-01-17T12:00:00+00:00,AWS-RAN-103,24.2,981.1,21.0,False,,low,5.3,NORMAL,20.9,945.13,34.0,HEALTHY,replay,8.8,0.0
2025-01-17T13:00:00+00:00,AWS-RAN-103,24.8,980.1,20.0,False,,low,3.3,NORMAL,22.1,944.22,34.0,HEALTHY,replay,5.5,0.0
2025-01-17T14:00:00+00:00,AWS-RAN-103,24.7,979.3,23.0,False,,low,1.3,NORMAL,22.3,943.62,33.0,HEALTHY,replay,2.1,0.0
2025-01-17T15:00:00+00:00,AWS-RAN-103,24.2,979.2,28.0,False,,low,0.8,NORMAL,22.0,943.62,34.0,HEALTHY,replay,1.3,0.0
2025-01-17T16:00:00+00:00,AWS-RAN-103,23.1,979.4,31.0,False,,low,0.4,NORMAL,21.0,943.83,40.0,HEALTHY,replay,0.7,0.0
2025-01-17T17:00:00+00:00,AWS-RAN-103,19.5,979.2,41.0,False,,low,2.2,NORMAL,18.0,943.45,52.0,HEALTHY,replay,3.7,0.0
2025-01-17T18:00:00+00:00,AWS-RAN-103,18.2,979.6,52.0,False,,low,1.9,NORMAL,16.8,943.78,59.0,HEALTHY,replay,3.2,0.0
2025-01-17T19:00:00+00:00,AWS-RAN-103,17.3,980.5,54.0,False,,low,0.5,NORMAL,15.4,944.72,63.0,HEALTHY,replay,0.8,0.0
2025-01-17T20:00:00+00:00,AWS-RAN-103,16.5,981.0,56.0,False,,low,0.2,NORMAL,14.2,945.26,73.0,HEALTHY,replay,0.3,0.0
2025-01-17T21:00:00+00:00,AWS-RAN-103,16.0,981.2,61.0,False,,low,0.2,NORMAL,13.6,945.41,80.0,HEALTHY,replay,0.3,0.0
2025-01-17T22:00:00+00:00,AWS-RAN-103,15.2,981.4,69.0,False,,low,0.4,NORMAL,13.0,945.47,82.0,HEALTHY,replay,0.6,0.0
2025-01-17T23:00:00+00:00,AWS-RAN-103,14.1,980.9,76.0,False,,low,0.3,NORMAL,12.6,945.04,79.0,HEALTHY,replay,0.5,0.0
2025-01-18T00:00:00+00:00,AWS-RAN-103,13.4,980.4,77.0,False,,low,0.2,NORMAL,12.8,945.01,73.0,HEALTHY,replay,0.4,0.0
2025-01-18T01:00:00+00:00,AWS-RAN-103,12.8,980.2,74.0,False,,low,0.1,NORMAL,12.9,944.89,70.0,HEALTHY,replay,0.2,0.0
2025-01-18T02:00:00+00:00,AWS-RAN-103,12.7,980.0,71.0,False,,low,0.1,NORMAL,12.7,944.88,70.0,HEALTHY,replay,0.2,0.0
2025-01-18T03:00:00+00:00,AWS-RAN-103,12.2,979.8,71.0,False,,low,0.1,NORMAL,12.3,944.77,74.0,HEALTHY,replay,0.1,0.0
2025-01-18T04:00:00+00:00,AWS-RAN-103,11.8,979.6,73.0,False,,low,0.1,NORMAL,11.9,944.67,77.0,HEALTHY,replay,0.2,0.0
2025-01-18T05:00:00+00:00,AWS-RAN-103,11.3,979.8,79.0,False,,low,0.4,NORMAL,11.7,945.18,78.0,HEALTHY,replay,0.6,0.0
2025-01-18T06:00:00+00:00,AWS-RAN-103,11.0,980.9,83.0,False,,low,0.3,NORMAL,11.7,946.59,80.0,HEALTHY,replay,0.6,0.0
2025-01-18T07:00:00+00:00,AWS-RAN-103,13.5,981.9,74.0,False,,low,0.8,NORMAL,12.6,947.71,79.0,HEALTHY,replay,1.3,0.0
2025-01-18T08:00:00+00:00,AWS-RAN-103,17.7,983.1,58.0,False,,low,7.8,NORMAL,15.5,949.24,68.0,HEALTHY,replay,13.0,0.0
2025-01-18T09:00:00+00:00,AWS-RAN-103,20.6,983.4,47.0,False,,low,7.6,NORMAL,18.2,950.37,55.0,HEALTHY,replay,12.7,0.0
2025-01-18T10:00:00+00:00,AWS-RAN-103,23.0,983.4,38.0,False,,low,6.8,NORMAL,20.6,950.81,46.0,HEALTHY,replay,11.4,0.0
2025-01-18T11:00:00+00:00,AWS-RAN-103,24.8,982.5,32.0,False,,low,3.6,NORMAL,22.6,950.46,41.0,HEALTHY,replay,6.0,0.0
2025-01-18T12:00:00+00:00,AWS-RAN-103,26.1,981.1,29.0,False,,low,4.5,NORMAL,24.1,949.61,38.0,HEALTHY,replay,7.6,0.0
2025-01-18T13:00:00+00:00,AWS-RAN-103,26.8,979.8,27.0,False,,low,4.5,NORMAL,24.7,948.87,38.0,HEALTHY,replay,7.5,0.0
2025-01-18T14:00:00+00:00,AWS-RAN-103,27.1,978.9,27.0,False,,low,3.0,NORMAL,24.9,948.13,38.0,HEALTHY,replay,5.0,0.0
2025-01-18T15:00:00+00:00,AWS-RAN-103,26.8,978.5,28.0,False,,low,1.2,NORMAL,24.6,948.1,38.0,HEALTHY,replay,2.0,0.0
2025-01-18T16:00:00+00:00,AWS-RAN-103,25.7,978.5,31.0,False,,low,0.6,NORMAL,23.6,948.28,43.0,HEALTHY,replay,1.1,0.0
2025-01-18T17:00:00+00:00,AWS-RAN-103,21.9,978.5,42.0,False,,low,2.4,NORMAL,20.1,948.06,56.0,HEALTHY,replay,4.1,0.0
2025-01-18T18:00:00+00:00,AWS-RAN-103,19.9,979.1,46.0,False,,low,1.3,NORMAL,18.4,948.75,58.0,HEALTHY,replay,2.1,0.0
2025-01-18T19:00:00+00:00,AWS-RAN-103,18.3,979.9,54.0,False,,low,1.4,NORMAL,16.5,949.65,62.0,HEALTHY,replay,2.3,0.0
2025-01-18T20:00:00+00:00,AWS-RAN-103,16.9,980.2,61.0,False,,low,0.9,NORMAL,14.8,950.05,67.0,HEALTHY,replay,1.5,0.0
2025-01-18T21:00:00+00:00,AWS-RAN-103,15.8,980.3,66.0,False,,low,0.4,NORMAL,14.2,950.35,70.0,HEALTHY,replay,0.7,0.0
2025-01-18T22:00:00+00:00,AWS-RAN-103,14.8,980.6,71.0,False,,low,0.3,NORMAL,13.9,950.77,70.0,HEALTHY,replay,0.5,0.0
2025-01-18T23:00:00+00:00,AWS-RAN-103,13.8,980.3,77.0,False,,low,0.2,NORMAL,13.3,950.58,71.0,HEALTHY,replay,0.4,0.0
2025-01-19T00:00:00+00:00,AWS-RAN-103,12.8,979.6,82.0,False,,low,0.4,NORMAL,12.9,950.21,71.0,HEALTHY,replay,0.7,0.0
2025-01-19T01:00:00+00:00,AWS-RAN-103,12.3,979.0,83.0,False,,low,0.2,NORMAL,12.4,949.94,73.0,HEALTHY,replay,0.3,0.0
2026-09-22T08:30:00+00:00,AWS-RAN-103,25.4,970.6,94.0,False,,low,0.0,NORMAL,26.2,935.5,83.0,HEALTHY,live,,0.0
2025-01-01T00:00:00+00:00,AWS-RAN-103,12.5,980.9,84.0,False,,low,0.0,NORMAL,11.3,943.4,93.0,HEALTHY,replay,,0.0
2025-01-01T01:00:00+00:00,AWS-RAN-103,12.2,980.4,84.0,False,,low,0.0,NORMAL,10.9,942.7,94.0,HEALTHY,replay,,0.0
2025-01-01T02:00:00+00:00,AWS-RAN-103,11.7,979.9,86.0,False,,low,0.0,NORMAL,10.5,942.1,95.0,HEALTHY,replay,,0.0
2025-01-01T03:00:00+00:00,AWS-RAN-103,11.1,979.5,88.0,False,,low,0.0,NORMAL,10.3,941.6,96.0,HEALTHY,replay,,0.0
2025-01-01T04:00:00+00:00,AWS-RAN-103,10.4,979.6,91.0,False,,low,0.0,NORMAL,10.0,941.8,97.0,HEALTHY,replay,,0.0
2025-01-01T05:00:00+00:00,AWS-RAN-103,10.0,979.9,93.0,False,,low,0.0,NORMAL,9.9,942.2,97.0,HEALTHY,replay,,0.0
2025-01-01T06:00:00+00:00,AWS-RAN-103,9.9,981.1,94.0,False,,low,0.0,NORMAL,9.5,943.4,96.0,HEALTHY,replay,,0.0
2025-01-01T07:00:00+00:00,AWS-RAN-103,12.3,981.7,85.0,False,,low,0.0,NORMAL,10.5,944.0,87.0,HEALTHY,replay,,0.0
2025-01-01T08:00:00+00:00,AWS-RAN-103,14.3,982.5,74.0,False,,low,0.0,NORMAL,12.5,945.0,79.0,HEALTHY,replay,,0.0
2025-01-01T09:00:00+00:00,AWS-RAN-103,16.4,982.9,64.0,False,,low,0.0,NORMAL,15.1,945.6,69.0,HEALTHY,replay,,0.0
2025-01-01T10:00:00+00:00,AWS-RAN-103,18.8,982.4,53.0,False,,low,0.0,NORMAL,16.9,945.7,59.0,HEALTHY,replay,,0.0
2025-01-01T11:00:00+00:00,AWS-RAN-103,21.2,981.6,42.0,False,,low,0.0,NORMAL,18.7,945.1,48.0,HEALTHY,replay,,0.0
2025-01-01T12:00:00+00:00,AWS-RAN-103,23.0,980.3,34.0,False,,low,0.0,NORMAL,20.3,944.2,42.0,HEALTHY,replay,,0.0
2025-01-01T13:00:00+00:00,AWS-RAN-103,24.0,979.0,30.0,False,,low,0.0,NORMAL,21.3,943.0,39.0,HEALTHY,replay,,0.0
2025-01-01T14:00:00+00:00,AWS-RAN-103,24.2,978.1,28.0,False,,low,0.0,NORMAL,21.7,942.2,38.0,HEALTHY,replay,,0.0
2025-01-01T15:00:00+00:00,AWS-RAN-103,24.0,977.8,27.0,False,,low,0.0,NORMAL,21.4,941.9,41.0,HEALTHY,replay,,0.0
2025-01-01T16:00:00+00:00,AWS-RAN-103,22.3,977.9,33.0,False,,low,0.0,NORMAL,20.0,941.9,48.0,HEALTHY,replay,,0.0
2025-01-01T17:00:00+00:00,AWS-RAN-103,18.3,977.9,43.0,False,,low,0.0,NORMAL,17.1,941.6,59.0,HEALTHY,replay,,0.0
2025-01-01T18:00:00+00:00,AWS-RAN-103,17.2,979.3,55.0,False,,low,0.0,NORMAL,15.3,942.5,71.0,HEALTHY,replay,,0.0
2025-01-01T19:00:00+00:00,AWS-RAN-103,16.0,980.0,63.0,False,,low,0.0,NORMAL,14.0,942.9,76.0,HEALTHY,replay,,0.0
2025-01-01T20:00:00+00:00,AWS-RAN-103,14.7,980.4,69.0,False,,low,0.0,NORMAL,12.8,943.0,77.0,HEALTHY,replay,,0.0
2025-01-01T21:00:00+00:00,AWS-RAN-103,13.2,980.6,75.0,False,,low,0.0,NORMAL,11.8,942.9,74.0,HEALTHY,replay,,0.0
2025-01-01T22:00:00+00:00,AWS-RAN-103,11.9,980.8,78.0,False,,low,0.0,NORMAL,11.3,943.0,72.0,HEALTHY,replay,,0.0
2025-01-01T23:00:00+00:00,AWS-RAN-103,10.9,980.7,80.0,False,,low,0.0,NORMAL,10.8,942.8,94.0,HEALTHY,replay,,0.0
2025-01-02T00:00:00+00:00,AWS-RAN-103,10.2,980.3,81.0,False,,low,0.4,NORMAL,10.5,942.4,75.0,HEALTHY,replay,0.7,0.0
2025-01-02T01:00:00+00:00,AWS-RAN-103,9.7,979.7,84.0,False,,low,0.2,NORMAL,9.5,948.82,95.0,HEALTHY,replay,0.4,0.0
2025-01-02T02:00:00+00:00,AWS-RAN-103,9.2,978.8,87.0,False,,low,0.5,NORMAL,9.0,948.13,95.0,HEALTHY,replay,0.8,0.0
2025-01-02T03:00:00+00:00,AWS-RAN-103,9.0,978.5,88.0,False,,low,0.3,NORMAL,8.6,940.3,88.0,HEALTHY,replay,0.5,0.0
2025-01-02T04:00:00+00:00,AWS-RAN-103,8.8,978.6,89.0,False,,low,0.3,NORMAL,8.4,940.4,88.0,HEALTHY,replay,0.6,0.0
2025-01-02T05:00:00+00:00,AWS-RAN-103,8.4,979.2,88.0,False,,low,0.3,NORMAL,8.4,940.9,88.0,HEALTHY,replay,0.5,0.0
2025-01-02T06:00:00+00:00,AWS-RAN-103,8.9,980.8,88.0,False,,low,0.9,NORMAL,8.6,942.4,89.0,HEALTHY,replay,1.5,0.0
2025-01-02T07:00:00+00:00,AWS-RAN-103,11.1,981.7,78.0,False,,low,3.0,NORMAL,9.7,942.9,82.0,HEALTHY,replay,4.9,0.0
2025-01-02T08:00:00+00:00,AWS-RAN-103,14.2,982.2,62.0,False,,low,5.1,NORMAL,12.3,944.4,75.0,HEALTHY,replay,8.5,0.0
2025-01-02T09:00:00+00:00,AWS-RAN-103,16.6,982.6,54.0,False,,low,2.8,NORMAL,14.9,945.4,64.0,HEALTHY,replay,4.7,0.0
2025-01-02T10:00:00+00:00,AWS-RAN-103,19.0,982.3,48.0,False,,low,2.0,NORMAL,17.3,945.5,50.0,HEALTHY,replay,3.4,0.0
2025-01-02T11:00:00+00:00,AWS-RAN-103,21.2,981.5,40.0,False,,low,4.9,NORMAL,19.0,944.9,45.0,HEALTHY,replay,8.2,0.0
2025-01-02T12:00:00+00:00,AWS-RAN-103,22.8,980.1,33.0,False,,low,5.7,NORMAL,20.2,944.0,43.0,HEALTHY,replay,9.5,0.0
2025-01-02T13:00:00+00:00,AWS-RAN-103,23.6,979.3,31.0,False,,low,1.6,NORMAL,21.0,943.3,42.0,HEALTHY,replay,2.7,0.0
2025-01-02T14:00:00+00:00,AWS-RAN-103,23.8,978.8,31.0,False,,low,0.6,NORMAL,21.2,942.8,42.0,HEALTHY,replay,1.0,0.0
2025-01-02T15:00:00+00:00,AWS-RAN-103,23.3,978.5,33.0,False,,low,0.5,NORMAL,20.7,942.6,44.0,HEALTHY,replay,0.8,0.0
2025-01-02T16:00:00+00:00,AWS-RAN-103,21.8,978.6,38.0,False,,low,0.6,NORMAL,19.3,942.5,50.0,HEALTHY,replay,1.0,0.0
2025-01-02T17:00:00+00:00,AWS-RAN-103,18.3,978.7,49.0,False,,low,3.1,NORMAL,16.2,942.3,61.0,HEALTHY,replay,5.2,0.0
2025-01-02T18:00:00+00:00,AWS-RAN-103,17.4,979.7,53.0,False,,low,1.1,NORMAL,15.1,942.9,69.0,HEALTHY,replay,1.8,0.0
2025-01-02T19:00:00+00:00,AWS-RAN-103,16.1,980.6,59.0,False,,low,1.0,NORMAL,13.9,943.5,73.0,HEALTHY,replay,1.7,0.0
2025-01-02T20:00:00+00:00,AWS-RAN-103,14.7,981.0,65.0,False,,low,1.0,NORMAL,13.0,943.7,74.0,HEALTHY,replay,1.6,0.0
2025-01-02T21:00:00+00:00,AWS-RAN-103,13.1,981.2,73.0,False,,low,2.5,NORMAL,12.3,943.9,76.0,HEALTHY,replay,4.2,0.0
2025-01-02T22:00:00+00:00,AWS-RAN-103,12.5,981.4,76.0,False,,low,0.8,NORMAL,11.8,943.9,78.0,HEALTHY,replay,1.3,0.0
2025-01-02T23:00:00+00:00,AWS-RAN-103,11.7,981.1,80.0,False,,low,0.3,NORMAL,11.4,943.6,82.0,HEALTHY,replay,0.5,0.0
2025-01-03T00:00:00+00:00,AWS-RAN-103,11.0,980.6,84.0,False,,low,0.4,NORMAL,10.7,943.1,87.0,HEALTHY,replay,0.7,0.0
2025-01-03T01:00:00+00:00,AWS-RAN-103,10.4,980.2,87.0,False,,low,0.2,NORMAL,10.2,942.8,92.0,HEALTHY,replay,0.4,0.0
2025-01-03T02:00:00+00:00,AWS-RAN-103,10.0,979.7,90.0,False,,low,0.2,NORMAL,9.8,942.0,92.0,HEALTHY,replay,0.3,0.0
2025-01-03T03:00:00+00:00,AWS-RAN-103,9.6,979.2,92.0,False,,low,0.2,NORMAL,9.4,941.4,92.0,HEALTHY,replay,0.4,0.0
2025-01-03T04:00:00+00:00,AWS-RAN-103,9.1,979.3,93.0,False,,low,0.2,NORMAL,9.2,941.5,93.0,HEALTHY,replay,0.4,0.0
2025-01-03T05:00:00+00:00,AWS-RAN-103,8.9,979.9,93.0,False,,low,0.3,NORMAL,9.1,941.9,94.0,HEALTHY,replay,0.5,0.0
2025-01-03T06:00:00+00:00,AWS-RAN-103,8.8,981.1,94.0,False,,low,0.5,NORMAL,8.8,943.2,96.0,HEALTHY,replay,0.9,0.0
2025-01-03T07:00:00+00:00,AWS-RAN-103,10.9,981.5,87.0,False,,low,1.3,NORMAL,10.3,943.6,93.0,HEALTHY,replay,2.1,0.0
2025-01-03T08:00:00+00:00,AWS-RAN-103,14.4,982.5,72.0,False,,low,5.3,NORMAL,12.9,944.9,81.0,HEALTHY,replay,8.8,0.0
2025-01-03T09:00:00+00:00,AWS-RAN-103,17.2,982.6,62.0,False,,low,8.2,NORMAL,15.5,945.6,70.0,HEALTHY,replay,13.6,0.0
2025-01-03T10:00:00+00:00,AWS-RAN-103,19.9,982.3,52.0,False,,low,5.5,NORMAL,18.0,945.5,58.0,HEALTHY,replay,9.2,0.0
2025-01-03T11:00:00+00:00,AWS-RAN-103,22.1,981.3,43.0,False,,low,8.0,NORMAL,20.0,944.9,50.0,HEALTHY,replay,13.3,0.0
2025-01-03T12:00:00+00:00,AWS-RAN-103,23.4,980.1,36.0,False,,low,8.6,NORMAL,21.4,944.0,47.0,HEALTHY,replay,14.4,0.0
2025-01-03T13:00:00+00:00,AWS-RAN-103,23.8,979.1,34.0,False,,low,4.2,NORMAL,22.1,943.1,46.0,HEALTHY,replay,7.1,0.0
2025-01-03T14:00:00+00:00,AWS-RAN-103,23.8,978.5,37.0,False,,low,1.4,NORMAL,22.4,942.6,46.0,HEALTHY,replay,2.3,0.0
2025-01-03T15:00:00+00:00,AWS-RAN-103,23.4,978.3,40.0,False,,low,0.9,NORMAL,22.1,942.4,46.0,HEALTHY,replay,1.5,0.0
2025-01-03T16:00:00+00:00,AWS-RAN-103,22.0,978.4,46.0,False,,low,1.2,NORMAL,20.9,942.3,56.0,HEALTHY,replay,2.0,0.0
2025-01-03T17:00:00+00:00,AWS-RAN-103,18.0,978.3,59.0,False,,low,6.8,NORMAL,17.1,941.8,60.0,HEALTHY,replay,11.4,0.0
2025-01-03T18:00:00+00:00,AWS-RAN-103,16.8,979.1,64.0,False,,low,2.1,NORMAL,15.7,942.5,75.0,HEALTHY,replay,3.5,0.0
2025-01-03T19:00:00+00:00,AWS-RAN-103,15.5,979.7,73.0,False,,low,4.9,NORMAL,14.1,943.0,79.0,HEALTHY,replay,8.2,0.0
2025-01-03T20:00:00+00:00,AWS-RAN-103,14.5,980.2,80.0,False,,low,3.1,NORMAL,13.0,943.3,82.0,HEALTHY,replay,5.2,0.0
2025-01-03T21:00:00+00:00,AWS-RAN-103,13.6,980.3,84.0,False,,low,1.3,NORMAL,12.7,943.1,86.0,HEALTHY,replay,2.2,0.0
2025-01-03T22:00:00+00:00,AWS-RAN-103,13.1,980.0,85.0,False,,low,0.4,NORMAL,11.7,942.7,89.0,HEALTHY,replay,0.7,0.0
2025-01-03T23:00:00+00:00,AWS-RAN-103,12.6,979.5,88.0,False,,low,0.3,NORMAL,11.2,942.0,90.0,HEALTHY,replay,0.5,0.0
2025-01-04T00:00:00+00:00,AWS-RAN-103,12.0,979.0,91.0,False,,low,0.2,NORMAL,10.8,941.5,91.0,HEALTHY,replay,0.3,0.0
2025-01-04T01:00:00+00:00,AWS-RAN-103,11.6,978.5,92.0,False,,low,0.2,NORMAL,10.5,940.9,91.0,HEALTHY,replay,0.3,0.0
2025-01-04T02:00:00+00:00,AWS-RAN-103,11.3,977.9,92.0,False,,low,0.3,NORMAL,10.3,940.5,93.0,HEALTHY,replay,0.4,0.0
2025-01-04T03:00:00+00:00,AWS-RAN-103,11.0,977.7,93.0,False,,low,0.2,NORMAL,10.1,940.2,93.0,HEALTHY,replay,0.4,0.0
2025-01-04T04:00:00+00:00,AWS-RAN-103,10.8,977.8,93.0,False,,low,0.4,NORMAL,10.0,940.2,94.0,HEALTHY,replay,0.6,0.0
2025-01-04T05:00:00+00:00,AWS-RAN-103,10.7,978.2,92.0,False,,low,0.5,NORMAL,10.0,940.7,94.0,HEALTHY,replay,0.8,0.0
2025-01-04T06:00:00+00:00,AWS-RAN-103,10.7,979.2,93.0,False,,low,0.5,NORMAL,9.6,941.6,95.0,HEALTHY,replay,0.8,0.0
2025-01-04T07:00:00+00:00,AWS-RAN-103,12.4,980.3,86.0,False,,low,1.2,NORMAL,10.6,942.5,94.0,HEALTHY,replay,2.0,0.0
2025-01-04T08:00:00+00:00,AWS-RAN-103,15.6,981.7,73.0,False,,low,5.4,NORMAL,12.9,944.3,86.0,HEALTHY,replay,9.0,0.0
2025-01-04T09:00:00+00:00,AWS-RAN-103,18.2,982.2,61.0,False,,low,2.5,NORMAL,15.9,945.1,73.0,HEALTHY,replay,4.1,0.0
2025-01-04T10:00:00+00:00,AWS-RAN-103,20.3,981.7,49.0,False,,low,3.3,NORMAL,18.4,945.1,61.0,HEALTHY,replay,5.6,0.0
2025-01-04T11:00:00+00:00,AWS-RAN-103,21.9,980.9,42.0,False,,low,2.4,NORMAL,20.2,944.5,51.0,HEALTHY,replay,4.1,0.0
2025-01-04T12:00:00+00:00,AWS-RAN-103,23.0,979.7,38.0,False,,low,2.6,NORMAL,21.6,943.5,46.0,HEALTHY,replay,4.4,0.0
2025-01-04T13:00:00+00:00,AWS-RAN-103,23.6,978.3,36.0,False,,low,3.1,NORMAL,21.9,942.3,43.0,HEALTHY,replay,5.2,0.0
2025-01-04T14:00:00+00:00,AWS-RAN-103,23.8,977.5,36.0,False,,low,1.5,NORMAL,22.3,941.5,42.0,HEALTHY,replay,2.5,0.0
2025-01-04T15:00:00+00:00,AWS-RAN-103,23.5,977.1,37.0,False,,low,1.2,NORMAL,22.2,941.1,44.0,HEALTHY,replay,2.1,0.0
2025-01-04T16:00:00+00:00,AWS-RAN-103,22.3,977.2,41.0,False,,low,0.6,NORMAL,20.9,941.0,52.0,HEALTHY,replay,0.9,0.0
2025-01-04T17:00:00+00:00,AWS-RAN-103,18.8,977.2,52.0,False,,low,1.8,NORMAL,17.9,940.8,62.0,HEALTHY,replay,3.0,0.0
2025-01-04T18:00:00+00:00,AWS-RAN-103,18.3,978.1,57.0,False,,low,0.9,NORMAL,17.0,941.6,63.0,HEALTHY,replay,1.5,0.0
2025-01-04T19:00:00+00:00,AWS-RAN-103,16.6,978.9,64.0,False,,low,0.9,NORMAL,15.3,942.4,73.0,HEALTHY,replay,1.5,0.0
2025-01-04T20:00:00+00:00,AWS-RAN-103,15.5,979.5,67.0,False,,low,0.5,NORMAL,14.1,942.7,83.0,HEALTHY,replay,0.8,0.0
2025-01-04T21:00:00+00:00,AWS-RAN-103,14.4,979.9,73.0,False,,low,0.6,NORMAL,13.5,943.0,90.0,HEALTHY,replay,0.9,0.0
2025-01-04T22:00:00+00:00,AWS-RAN-103,13.8,979.7,80.0,False,,low,0.7,NORMAL,13.1,942.8,90.0,HEALTHY,replay,1.1,0.0
2025-01-04T23:00:00+00:00,AWS-RAN-103,13.1,979.5,88.0,False,,low,0.6,NORMAL,12.4,942.6,94.0,HEALTHY,replay,1.0,0.0
2025-01-05T00:00:00+00:00,AWS-RAN-103,12.4,979.1,92.0,False,,low,0.5,NORMAL,11.8,941.8,94.0,HEALTHY,replay,0.8,0.0
2025-01-05T01:00:00+00:00,AWS-RAN-103,11.8,978.7,93.0,False,,low,0.2,NORMAL,11.2,941.3,94.0,HEALTHY,replay,0.3,0.0
2025-01-05T02:00:00+00:00,AWS-RAN-103,11.5,978.1,94.0,False,,low,0.2,NORMAL,10.8,940.8,94.0,HEALTHY,replay,0.3,0.0
2025-01-05T03:00:00+00:00,AWS-RAN-103,11.1,978.0,94.0,False,,low,0.1,NORMAL,10.6,940.7,93.0,HEALTHY,replay,0.2,0.0
2025-01-05T04:00:00+00:00,AWS-RAN-103,10.6,977.9,95.0,False,,low,0.2,NORMAL,10.5,940.6,93.0,HEALTHY,replay,0.3,0.0
2025-01-05T05:00:00+00:00,AWS-RAN-103,10.3,978.4,96.0,False,,low,0.2,NORMAL,10.3,941.0,92.0,HEALTHY,replay,0.3,0.0
2025-01-05T06:00:00+00:00,AWS-RAN-103,10.6,979.3,96.0,False,,low,0.3,NORMAL,10.3,942.0,94.0,HEALTHY,replay,0.5,0.0
2025-01-05T07:00:00+00:00,AWS-RAN-103,12.5,980.4,89.0,False,,low,1.1,NORMAL,12.1,943.3,91.0,HEALTHY,replay,1.9,0.0
2025-01-05T08:00:00+00:00,AWS-RAN-103,17.0,981.9,71.0,False,,low,13.2,NORMAL,15.2,945.0,81.0,HEALTHY,replay,22.1,0.0
2025-01-05T09:00:00+00:00,AWS-RAN-103,19.5,982.5,62.0,False,,low,12.2,NORMAL,18.0,945.8,67.0,HEALTHY,replay,20.4,0.0
2025-01-05T10:00:00+00:00,AWS-RAN-103,21.4,982.3,56.0,False,,low,2.8,NORMAL,19.8,945.8,57.0,HEALTHY,replay,4.7,0.0
2025-01-05T11:00:00+00:00,AWS-RAN-103,22.8,981.4,50.0,False,,low,2.2,NORMAL,21.3,945.0,51.0,HEALTHY,replay,3.6,0.0
2025-01-05T12:00:00+00:00,AWS-RAN-103,23.7,980.0,46.0,False,,low,2.7,NORMAL,22.3,943.9,50.0,HEALTHY,replay,4.5,0.0
2025-01-05T13:00:00+00:00,AWS-RAN-103,24.3,979.0,44.0,False,,low,1.4,NORMAL,22.8,943.0,49.0,HEALTHY,replay,2.4,0.0
2025-01-05T14:00:00+00:00,AWS-RAN-103,24.6,978.2,43.0,False,,low,0.7,NORMAL,23.0,942.3,50.0,HEALTHY,replay,1.2,0.0
2025-01-05T15:00:00+00:00,AWS-RAN-103,24.3,977.9,44.0,False,,low,0.4,NORMAL,22.5,942.0,50.0,HEALTHY,replay,0.7,0.0
2025-01-05T16:00:00+00:00,AWS-RAN-103,23.2,977.7,48.0,False,,low,0.4,NORMAL,21.3,941.8,57.0,HEALTHY,replay,0.7,0.0
2025-01-05T17:00:00+00:00,AWS-RAN-103,19.8,978.1,61.0,False,,low,1.8,NORMAL,18.3,941.8,70.0,HEALTHY,replay,2.9,0.0
2025-01-05T18:00:00+00:00,AWS-RAN-103,19.1,979.1,68.0,False,,low,0.9,NORMAL,17.7,942.6,72.0,HEALTHY,replay,1.6,0.0
2025-01-05T19:00:00+00:00,AWS-RAN-103,17.8,979.5,73.0,False,,low,0.5,NORMAL,16.7,943.0,76.0,HEALTHY,replay,0.9,0.0
2025-01-05T20:00:00+00:00,AWS-RAN-103,17.2,979.8,75.0,False,,low,0.2,NORMAL,16.0,943.3,78.0,HEALTHY,replay,0.4,0.0
2025-01-05T21:00:00+00:00,AWS-RAN-103,17.0,980.2,76.0,False,,low,0.2,NORMAL,15.6,943.5,80.0,HEALTHY,replay,0.4,0.0
2025-01-05T22:00:00+00:00,AWS-RAN-103,16.6,979.9,77.0,False,,low,0.4,NORMAL,15.0,943.0,83.0,HEALTHY,replay,0.7,0.0
2025-01-05T23:00:00+00:00,AWS-RAN-103,16.4,979.3,77.0,False,,low,0.5,NORMAL,13.9,942.5,86.0,HEALTHY,replay,0.8,0.0
2025-01-06T00:00:00+00:00,AWS-RAN-103,15.7,978.9,79.0,False,,low,0.6,NORMAL,13.4,941.9,86.0,HEALTHY,replay,1.0,0.0
2025-01-06T01:00:00+00:00,AWS-RAN-103,14.6,978.5,84.0,False,,low,0.4,NORMAL,12.8,941.5,88.0,HEALTHY,replay,0.6,0.0
2025-01-06T02:00:00+00:00,AWS-RAN-103,14.3,978.0,85.0,False,,low,0.4,NORMAL,12.7,940.9,91.0,HEALTHY,replay,0.7,0.0
2025-01-06T03:00:00+00:00,AWS-RAN-103,14.4,977.7,85.0,False,,low,0.4,NORMAL,12.4,940.5,93.0,HEALTHY,replay,0.6,0.0
2025-01-06T04:00:00+00:00,AWS-RAN-103,14.2,977.5,86.0,False,,low,0.5,NORMAL,12.2,940.2,95.0,HEALTHY,replay,0.8,0.0
2025-01-06T05:00:00+00:00,AWS-RAN-103,13.8,977.9,88.0,False,,low,0.5,NORMAL,11.9,940.6,96.0,HEALTHY,replay,0.8,0.0
2025-01-06T06:00:00+00:00,AWS-RAN-103,11.9,978.2,95.0,False,,low,0.4,NORMAL,11.3,940.9,96.0,HEALTHY,replay,0.7,0.0
2025-01-06T07:00:00+00:00,AWS-RAN-103,13.5,979.5,93.0,False,,low,0.4,NORMAL,12.8,942.5,93.0,HEALTHY,replay,0.7,0.0
2025-01-06T08:00:00+00:00,AWS-RAN-103,18.1,981.0,76.0,False,,low,7.9,NORMAL,15.8,944.3,83.0,HEALTHY,replay,13.2,0.0
2025-01-06T09:00:00+00:00,AWS-RAN-103,20.5,981.7,60.0,False,,low,11.1,NORMAL,18.6,945.1,73.0,HEALTHY,replay,18.6,0.0
2025-01-06T10:00:00+00:00,AWS-RAN-103,22.1,981.2,50.0,False,,low,3.0,NORMAL,20.7,944.9,61.0,HEALTHY,replay,5.0,0.0
2025-01-06T11:00:00+00:00,AWS-RAN-103,23.3,980.3,45.0,False,,low,1.2,NORMAL,22.0,944.2,53.0,HEALTHY,replay,2.0,0.0
2025-01-06T12:00:00+00:00,AWS-RAN-103,24.4,979.0,41.0,False,,low,1.8,NORMAL,22.9,943.2,47.0,HEALTHY,replay,2.9,0.0
2025-01-06T13:00:00+00:00,AWS-RAN-103,25.2,977.7,38.0,False,,low,4.4,NORMAL,23.5,942.0,42.0,HEALTHY,replay,7.3,0.0
2025-01-06T14:00:00+00:00,AWS-RAN-103,25.6,976.8,37.0,False,,low,2.1,NORMAL,23.6,941.2,39.0,HEALTHY,replay,3.6,0.0
2025-01-06T15:00:00+00:00,AWS-RAN-103,25.5,976.6,37.0,False,,low,1.2,NORMAL,23.3,940.9,39.0,HEALTHY,replay,2.0,0.0
2025-01-06T16:00:00+00:00,AWS-RAN-103,24.2,976.5,40.0,False,,low,0.6,NORMAL,22.4,940.8,49.0,HEALTHY,replay,1.0,0.0
2025-01-06T17:00:00+00:00,AWS-RAN-103,20.7,976.6,51.0,False,,low,1.9,NORMAL,20.1,940.5,54.0,HEALTHY,replay,3.1,0.0
2025-01-06T18:00:00+00:00,AWS-RAN-103,20.4,977.0,57.0,False,,low,1.1,NORMAL,19.0,940.9,56.0,HEALTHY,replay,1.8,0.0
2025-01-06T19:00:00+00:00,AWS-RAN-103,18.8,977.5,62.0,False,,low,0.5,NORMAL,17.7,941.4,64.0,HEALTHY,replay,0.8,0.0
2025-01-06T20:00:00+00:00,AWS-RAN-103,17.7,977.8,65.0,False,,low,0.3,NORMAL,16.6,941.5,69.0,HEALTHY,replay,0.5,0.0
2025-01-06T21:00:00+00:00,AWS-RAN-103,16.5,978.2,71.0,False,,low,0.4,NORMAL,15.1,941.9,71.0,HEALTHY,replay,0.7,0.0
2025-01-06T22:00:00+00:00,AWS-RAN-103,15.7,978.2,74.0,False,,low,0.3,NORMAL,14.4,941.9,72.0,HEALTHY,replay,0.5,0.0
2025-01-06T23:00:00+00:00,AWS-RAN-103,15.2,977.7,76.0,False,,low,0.2,NORMAL,14.1,941.4,72.0,HEALTHY,replay,0.3,0.0
2025-01-07T00:00:00+00:00,AWS-RAN-103,15.0,977.3,77.0,False,,low,0.2,NORMAL,14.3,941.0,72.0,HEALTHY,replay,0.4,0.0
2025-01-07T01:00:00+00:00,AWS-RAN-103,14.9,977.1,78.0,False,,low,0.2,NORMAL,14.7,940.7,73.0,HEALTHY,replay,0.3,0.0
2025-01-07T02:00:00+00:00,AWS-RAN-103,14.4,976.9,81.0,False,,low,0.1,NORMAL,14.9,940.3,75.0,HEALTHY,replay,0.2,0.0
2025-01-07T03:00:00+00:00,AWS-RAN-103,13.8,976.7,85.0,False,,low,0.2,NORMAL,14.3,940.0,77.0,HEALTHY,replay,0.3,0.0
2025-01-07T04:00:00+00:00,AWS-RAN-103,12.7,976.6,90.0,False,,low,0.3,NORMAL,13.7,939.8,87.5,HEALTHY,replay,0.5,0.0
2025-01-07T05:00:00+00:00,AWS-RAN-103,11.9,977.0,94.0,False,,low,0.6,NORMAL,12.4,940.1,88.0,HEALTHY,replay,1.0,0.0
2025-01-07T06:00:00+00:00,AWS-RAN-103,11.9,978.2,95.0,False,,low,0.2,NORMAL,12.2,941.2,90.0,HEALTHY,replay,0.3,0.0
2025-01-07T07:00:00+00:00,AWS-RAN-103,14.4,979.3,82.0,False,,low,2.5,NORMAL,13.9,942.4,90.0,HEALTHY,replay,4.2,0.0
2025-01-07T08:00:00+00:00,AWS-RAN-103,19.0,980.5,63.0,False,,low,16.9,NORMAL,16.1,943.9,79.0,HEALTHY,replay,28.1,0.0
2025-01-07T09:00:00+00:00,AWS-RAN-103,22.1,980.7,55.0,False,,low,10.2,NORMAL,18.5,944.6,68.0,HEALTHY,replay,16.9,0.0
2025-01-07T10:00:00+00:00,AWS-RAN-103,24.3,980.0,45.0,False,,low,9.0,NORMAL,20.5,944.1,58.0,HEALTHY,replay,15.0,0.0
2025-01-07T11:00:00+00:00,AWS-RAN-103,25.9,978.8,34.0,False,,low,21.8,NORMAL,21.8,943.3,51.0,HEALTHY,replay,36.4,0.0
2025-01-07T12:00:00+00:00,AWS-RAN-103,26.8,977.6,29.0,False,,low,15.8,NORMAL,22.4,942.1,50.0,HEALTHY,replay,26.4,0.0
2025-01-07T13:00:00+00:00,AWS-RAN-103,27.0,976.5,27.0,False,,low,6.7,NORMAL,22.9,941.3,47.0,HEALTHY,replay,11.2,0.0
2025-01-07T14:00:00+00:00,AWS-RAN-103,26.5,975.9,27.0,False,,low,1.2,NORMAL,22.8,940.5,48.0,HEALTHY,replay,2.1,0.0
2025-01-07T15:00:00+00:00,AWS-RAN-103,25.5,975.7,29.0,False,,low,0.9,NORMAL,22.2,940.2,49.0,HEALTHY,replay,1.5,0.0
2025-01-07T16:00:00+00:00,AWS-RAN-103,23.6,976.0,37.0,False,,low,0.9,NORMAL,20.8,940.2,55.0,HEALTHY,replay,1.4,0.0
2025-01-07T17:00:00+00:00,AWS-RAN-103,20.7,976.2,49.0,False,,low,2.3,NORMAL,18.4,940.1,64.0,HEALTHY,replay,3.8,0.0
2025-01-07T18:00:00+00:00,AWS-RAN-103,18.6,976.7,61.0,False,,low,4.5,NORMAL,16.4,940.5,76.0,HEALTHY,replay,7.5,0.0
2025-01-07T19:00:00+00:00,AWS-RAN-103,17.4,977.3,63.0,False,,low,1.5,NORMAL,15.4,940.9,81.0,HEALTHY,replay,2.5,0.0
2025-01-07T20:00:00+00:00,AWS-RAN-103,16.8,977.7,64.0,False,,low,0.5,NORMAL,14.6,941.2,83.0,HEALTHY,replay,0.8,0.0
2025-01-07T21:00:00+00:00,AWS-RAN-103,16.4,978.1,68.0,False,,low,0.3,NORMAL,13.7,941.6,87.0,HEALTHY,replay,0.6,0.0
2025-01-07T22:00:00+00:00,AWS-RAN-103,15.9,978.4,71.0,False,,low,0.2,NORMAL,12.9,941.9,90.0,HEALTHY,replay,0.3,0.0
2025-01-07T23:00:00+00:00,AWS-RAN-103,15.0,978.2,75.0,False,,low,0.1,NORMAL,12.3,941.4,94.0,HEALTHY,replay,0.2,0.0
2025-01-08T00:00:00+00:00,AWS-RAN-103,13.6,977.9,83.0,False,,low,0.4,NORMAL,11.3,940.8,95.0,HEALTHY,replay,0.7,0.0
2025-01-08T01:00:00+00:00,AWS-RAN-103,12.4,977.6,91.0,False,,low,1.5,NORMAL,10.5,940.5,96.0,HEALTHY,replay,2.5,0.0
2025-01-08T02:00:00+00:00,AWS-RAN-103,11.8,977.1,92.0,False,,low,0.6,NORMAL,10.1,940.0,97.0,HEALTHY,replay,1.0,0.0
2025-01-08T03:00:00+00:00,AWS-RAN-103,11.3,976.9,92.0,False,,low,0.2,NORMAL,9.8,939.7,96.0,HEALTHY,replay,0.4,0.0
2025-01-08T04:00:00+00:00,AWS-RAN-103,10.7,977.1,91.0,False,,low,0.3,NORMAL,9.2,939.6,95.0,HEALTHY,replay,0.5,0.0
2025-01-08T05:00:00+00:00,AWS-RAN-103,10.2,977.6,90.0,False,,low,0.4,NORMAL,8.7,940.0,94.0,HEALTHY,replay,0.6,0.0
2025-01-08T06:00:00+00:00,AWS-RAN-103,11.0,978.6,87.0,False,,low,0.6,NORMAL,9.3,941.2,95.0,HEALTHY,replay,1.1,0.0
2025-01-08T07:00:00+00:00,AWS-RAN-103,12.2,979.9,78.0,False,,low,3.3,NORMAL,11.8,942.5,82.0,HEALTHY,replay,5.5,0.0
2025-01-08T08:00:00+00:00,AWS-RAN-103,14.6,980.9,65.0,False,,low,12.5,NORMAL,12.9,943.7,75.0,HEALTHY,replay,20.8,0.0
2025-01-08T09:00:00+00:00,AWS-RAN-103,17.1,981.5,52.0,False,,low,19.9,NORMAL,15.5,944.4,68.0,HEALTHY,replay,33.2,0.0
2025-01-08T10:00:00+00:00,AWS-RAN-103,19.6,981.2,41.0,False,,low,19.4,NORMAL,18.1,944.4,60.0,HEALTHY,replay,32.3,0.0
2025-01-08T11:00:00+00:00,AWS-RAN-103,21.8,980.5,32.0,False,,low,14.1,NORMAL,18.3,944.0,44.0,HEALTHY,replay,23.6,0.0
2025-01-08T12:00:00+00:00,AWS-RAN-103,23.3,979.4,27.0,False,,low,8.9,NORMAL,19.9,943.2,38.0,HEALTHY,replay,14.9,0.0
2025-01-08T13:00:00+00:00,AWS-RAN-103,24.3,978.3,24.0,False,,low,6.7,NORMAL,21.0,942.3,35.0,HEALTHY,replay,11.2,0.0
2025-01-08T14:00:00+00:00,AWS-RAN-103,24.6,977.6,22.0,False,,low,1.9,NORMAL,21.5,941.7,33.0,HEALTHY,replay,3.2,0.0
2025-01-08T15:00:00+00:00,AWS-RAN-103,24.3,977.4,23.0,False,,low,0.8,NORMAL,21.3,941.4,34.0,HEALTHY,replay,1.3,0.0
2025-01-08T16:00:00+00:00,AWS-RAN-103,23.1,977.4,26.0,False,,low,1.4,NORMAL,20.0,941.4,38.0,HEALTHY,replay,2.3,0.0
2025-01-08T17:00:00+00:00,AWS-RAN-103,18.8,977.6,36.0,False,,low,6.4,NORMAL,16.8,941.2,49.0,HEALTHY,replay,10.7,0.0
2025-01-08T18:00:00+00:00,AWS-RAN-103,17.5,978.8,47.0,False,,low,8.7,NORMAL,15.6,942.1,62.0,HEALTHY,replay,14.5,0.0
2025-01-08T19:00:00+00:00,AWS-RAN-103,16.2,979.7,53.0,False,,low,4.8,NORMAL,13.8,942.9,65.0,HEALTHY,replay,7.9,0.0
2025-01-08T20:00:00+00:00,AWS-RAN-103,15.1,980.5,59.0,False,,low,5.4,NORMAL,12.2,943.5,66.0,HEALTHY,replay,8.9,0.0
2025-01-08T21:00:00+00:00,AWS-RAN-103,14.1,981.0,64.0,False,,low,7.2,NORMAL,11.3,943.8,68.0,HEALTHY,replay,12.0,0.0
2025-01-08T22:00:00+00:00,AWS-RAN-103,12.9,981.0,69.0,False,,low,4.9,NORMAL,10.5,943.6,75.0,HEALTHY,replay,8.1,0.0
2025-01-08T23:00:00+00:00,AWS-RAN-103,12.1,980.5,71.0,False,,low,0.8,NORMAL,10.1,943.0,74.0,HEALTHY,replay,1.3,0.0
2025-01-09T00:00:00+00:00,AWS-RAN-103,11.4,980.0,73.0,False,,low,0.4,NORMAL,9.6,942.5,77.0,HEALTHY,replay,0.7,0.0
2025-01-09T01:00:00+00:00,AWS-RAN-103,10.6,979.8,76.0,False,,low,0.4,NORMAL,9.3,942.0,79.0,HEALTHY,replay,0.6,0.0
2025-01-09T02:00:00+00:00,AWS-RAN-103,10.0,979.5,79.0,False,,low,0.4,NORMAL,8.9,941.7,81.0,HEALTHY,replay,0.6,0.0
2025-01-09T03:00:00+00:00,AWS-RAN-103,9.9,979.7,81.0,False,,low,0.5,NORMAL,8.3,941.6,84.0,HEALTHY,replay,0.8,0.0
2025-01-09T04:00:00+00:00,AWS-RAN-103,9.7,979.9,83.0,False,,low,0.6,NORMAL,7.9,941.9,87.0,HEALTHY,replay,1.0,0.0
2025-01-09T05:00:00+00:00,AWS-RAN-103,9.3,980.5,86.0,False,,low,0.6,NORMAL,7.6,942.4,88.0,HEALTHY,replay,1.0,0.0
2025-01-09T06:00:00+00:00,AWS-RAN-103,9.5,981.4,89.0,False,,low,1.6,NORMAL,7.8,943.4,93.0,HEALTHY,replay,2.6,0.0
2025-01-09T07:00:00+00:00,AWS-RAN-103,11.5,982.8,79.0,False,,low,8.5,NORMAL,9.3,944.9,88.0,HEALTHY,replay,14.2,0.0
2025-01-09T08:00:00+00:00,AWS-RAN-103,14.4,983.9,67.0,False,,low,15.2,NORMAL,12.0,946.3,76.0,HEALTHY,replay,25.4,0.0
2025-01-09T09:00:00+00:00,AWS-RAN-103,16.5,984.3,62.0,False,,low,9.9,NORMAL,14.6,946.9,64.0,HEALTHY,replay,16.5,0.0
2025-01-09T10:00:00+00:00,AWS-RAN-103,18.4,983.7,55.0,False,,low,6.0,NORMAL,16.6,946.7,57.0,HEALTHY,replay,9.9,0.0
2025-01-09T11:00:00+00:00,AWS-RAN-103,20.2,982.6,48.0,False,,low,9.2,NORMAL,18.4,945.9,50.0,HEALTHY,replay,15.4,0.0
2025-01-09T12:00:00+00:00,AWS-RAN-103,21.8,981.3,43.0,False,,low,9.4,NORMAL,19.7,944.8,43.0,HEALTHY,replay,15.7,0.0
2025-01-09T13:00:00+00:00,AWS-RAN-103,23.0,980.1,39.0,False,,low,9.1,NORMAL,20.8,944.0,38.0,HEALTHY,replay,15.2,0.0
2025-01-09T14:00:00+00:00,AWS-RAN-103,23.8,979.5,36.0,False,,low,3.1,NORMAL,21.3,943.5,35.0,HEALTHY,replay,5.2,0.0
2025-01-09T15:00:00+00:00,AWS-RAN-103,23.8,979.1,35.0,False,,low,2.9,NORMAL,21.1,943.1,35.0,HEALTHY,replay,4.8,0.0
2025-01-09T16:00:00+00:00,AWS-RAN-103,22.8,979.1,38.0,False,,low,1.1,NORMAL,19.7,943.1,41.0,HEALTHY,replay,1.8,0.0
2025-01-09T17:00:00+00:00,AWS-RAN-103,19.6,979.4,48.0,False,,low,1.5,NORMAL,16.2,942.8,52.0,HEALTHY,replay,2.5,0.0
2025-01-09T18:00:00+00:00,AWS-RAN-103,18.5,980.2,57.0,False,,low,1.0,NORMAL,15.5,943.5,56.0,HEALTHY,replay,1.7,0.0
2025-01-09T19:00:00+00:00,AWS-RAN-103,17.1,981.2,61.0,False,,low,0.7,NORMAL,14.0,944.4,61.0,HEALTHY,replay,1.1,0.0
2025-01-09T20:00:00+00:00,AWS-RAN-103,15.6,981.9,65.0,False,,low,0.6,NORMAL,12.5,945.1,68.0,HEALTHY,replay,1.1,0.0
2025-01-09T21:00:00+00:00,AWS-RAN-103,14.3,982.8,68.0,False,,low,0.8,NORMAL,11.3,945.6,75.0,HEALTHY,replay,1.3,0.0
2025-01-09T22:00:00+00:00,AWS-RAN-103,13.4,983.1,68.0,False,,low,0.7,NORMAL,10.7,945.6,80.0,HEALTHY,replay,1.1,0.0
2025-01-09T23:00:00+00:00,AWS-RAN-103,12.8,982.9,71.0,False,,low,0.3,NORMAL,10.4,945.1,83.0,HEALTHY,replay,0.4,0.0
2025-01-10T00:00:00+00:00,AWS-RAN-103,12.1,982.7,75.0,False,,low,0.3,NORMAL,10.2,944.6,85.0,HEALTHY,replay,0.6,0.0
2025-01-10T01:00:00+00:00,AWS-RAN-103,11.2,982.3,81.0,False,,low,0.4,NORMAL,9.8,944.2,87.0,HEALTHY,replay,0.7,0.0
2025-01-10T02:00:00+00:00,AWS-RAN-103,10.5,982.0,86.0,False,,low,0.4,NORMAL,9.3,944.0,89.0,HEALTHY,replay,0.6,0.0
2025-01-10T03:00:00+00:00,AWS-RAN-103,10.0,981.8,89.0,False,,low,0.3,NORMAL,9.1,943.7,90.0,HEALTHY,replay,0.5,0.0
2025-01-10T04:00:00+00:00,AWS-RAN-103,9.5,982.1,91.0,False,,low,0.2,NORMAL,8.9,943.8,90.0,HEALTHY,replay,0.3,0.0
2025-01-10T05:00:00+00:00,AWS-RAN-103,9.1,982.5,93.0,False,,low,0.2,NORMAL,8.6,944.1,91.0,HEALTHY,replay,0.4,0.0
2025-01-10T06:00:00+00:00,AWS-RAN-103,8.8,983.1,94.0,False,,low,0.2,NORMAL,8.3,944.7,92.0,HEALTHY,replay,0.4,0.0
2025-01-10T07:00:00+00:00,AWS-RAN-103,10.7,984.0,83.0,False,,low,0.7,NORMAL,10.0,945.8,85.0,HEALTHY,replay,1.2,0.0
2025-01-10T08:00:00+00:00,AWS-RAN-103,14.8,985.2,64.0,False,,low,6.5,NORMAL,13.0,947.6,72.0,HEALTHY,replay,10.9,0.0
2025-01-10T09:00:00+00:00,AWS-RAN-103,17.6,985.8,53.0,False,,low,17.1,NORMAL,15.5,948.6,60.0,HEALTHY,replay,28.5,0.0
2025-01-10T10:00:00+00:00,AWS-RAN-103,19.6,985.4,46.0,False,,low,7.2,NORMAL,17.8,948.5,50.0,HEALTHY,replay,12.0,0.0
2025-01-10T11:00:00+00:00,AWS-RAN-103,21.3,984.3,42.0,False,,low,4.8,NORMAL,19.6,947.7,42.0,HEALTHY,replay,8.0,0.0
2025-01-10T12:00:00+00:00,AWS-RAN-103,22.7,982.8,38.0,False,,low,6.6,NORMAL,20.9,946.6,42.1,HEALTHY,replay,10.9,0.0
2025-01-10T13:00:00+00:00,AWS-RAN-103,24.0,981.9,34.0,False,,low,2.3,NORMAL,21.9,945.8,42.11,HEALTHY,replay,3.8,0.0
2025-01-10T14:00:00+00:00,AWS-RAN-103,24.9,981.3,31.0,False,,low,1.6,NORMAL,22.5,945.58,41.0,HEALTHY,replay,2.6,0.0
2025-01-10T15:00:00+00:00,AWS-RAN-103,24.8,981.0,30.0,False,,low,1.1,NORMAL,22.4,945.62,40.0,HEALTHY,replay,1.9,0.0
2025-01-10T16:00:00+00:00,AWS-RAN-103,23.5,981.1,33.0,False,,low,0.6,NORMAL,20.8,945.61,42.19,HEALTHY,replay,1.0,0.0
2025-01-10T17:00:00+00:00,AWS-RAN-103,19.3,981.0,45.0,False,,low,3.5,NORMAL,17.4,945.62,42.14,HEALTHY,replay,5.9,0.0
2025-01-10T18:00:00+00:00,AWS-RAN-103,18.3,981.1,49.0,False,,low,1.2,NORMAL,15.6,945.62,44.0,HEALTHY,replay,2.1,0.0
2025-01-10T19:00:00+00:00,AWS-RAN-103,17.7,981.9,50.0,False,,low,0.5,NORMAL,14.0,945.58,64.0,HEALTHY,replay,0.8,0.0
2025-01-10T20:00:00+00:00,AWS-RAN-103,16.6,982.5,52.0,False,,low,0.1,NORMAL,12.9,945.62,71.0,HEALTHY,replay,0.2,0.0
2025-01-10T21:00:00+00:00,AWS-RAN-103,15.1,982.7,57.0,False,,low,0.2,NORMAL,11.9,945.6,75.0,HEALTHY,replay,0.3,0.0
2025-01-10T22:00:00+00:00,AWS-RAN-103,13.6,982.8,65.0,False,,low,0.6,NORMAL,11.2,945.5,79.0,HEALTHY,replay,0.9,0.0
2025-01-10T23:00:00+00:00,AWS-RAN-103,12.6,982.3,73.0,False,,low,0.5,NORMAL,10.8,944.9,80.0,HEALTHY,replay,0.8,0.0
2025-01-11T00:00:00+00:00,AWS-RAN-103,11.8,981.8,80.0,False,,low,0.4,NORMAL,10.4,944.2,81.0,HEALTHY,replay,0.7,0.0
2025-01-11T01:00:00+00:00,AWS-RAN-103,11.1,981.5,85.0,False,,low,0.3,NORMAL,9.9,944.0,83.0,HEALTHY,replay,0.5,0.0
2025-01-11T02:00:00+00:00,AWS-RAN-103,10.4,981.4,89.0,False,,low,0.3,NORMAL,9.3,943.7,86.0,HEALTHY,replay,0.5,0.0
2025-01-11T03:00:00+00:00,AWS-RAN-103,9.9,981.2,92.0,False,,low,0.3,NORMAL,9.0,943.5,86.0,HEALTHY,replay,0.4,0.0
2025-01-11T04:00:00+00:00,AWS-RAN-103,10.0,981.5,89.0,False,,low,0.2,NORMAL,8.8,943.7,85.0,HEALTHY,replay,0.4,0.0
2025-01-11T05:00:00+00:00,AWS-RAN-103,10.6,982.3,85.0,False,,low,0.4,NORMAL,8.9,944.2,84.0,HEALTHY,replay,0.6,0.0
2025-01-11T06:00:00+00:00,AWS-RAN-103,9.9,983.1,89.0,False,,low,0.3,NORMAL,9.2,945.0,84.0,HEALTHY,replay,0.5,0.0
2025-01-11T07:00:00+00:00,AWS-RAN-103,12.0,984.2,78.0,False,,low,1.0,NORMAL,10.9,946.3,81.0,HEALTHY,replay,1.6,0.0
2025-01-11T08:00:00+00:00,AWS-RAN-103,15.7,985.5,63.0,False,,low,8.4,NORMAL,14.5,948.1,66.0,HEALTHY,replay,14.0,0.0
2025-01-11T09:00:00+00:00,AWS-RAN-103,18.3,986.1,53.0,False,,low,13.9,NORMAL,17.2,949.1,57.0,HEALTHY,replay,23.1,0.0
2025-01-11T10:00:00+00:00,AWS-RAN-103,20.3,985.6,46.0,False,,low,3.7,NORMAL,19.1,948.8,50.0,HEALTHY,replay,6.2,0.0
2025-01-11T11:00:00+00:00,AWS-RAN-103,22.0,984.4,41.0,False,,low,2.2,NORMAL,20.6,947.7,45.0,HEALTHY,replay,3.7,0.0
2025-01-11T12:00:00+00:00,AWS-RAN-103,23.3,983.0,38.0,False,,low,2.1,NORMAL,21.8,946.8,39.0,HEALTHY,replay,3.4,0.0
2025-01-11T13:00:00+00:00,AWS-RAN-103,24.2,981.8,35.0,False,,low,1.7,NORMAL,22.6,945.7,35.0,HEALTHY,replay,2.8,0.0
2025-01-11T14:00:00+00:00,AWS-RAN-103,24.4,981.0,34.0,False,,low,1.1,NORMAL,23.1,945.0,32.0,HEALTHY,replay,1.8,0.0
2025-01-11T15:00:00+00:00,AWS-RAN-103,24.1,980.6,34.0,False,,low,0.9,NORMAL,22.8,944.5,32.0,HEALTHY,replay,1.5,0.0
2025-01-11T16:00:00+00:00,AWS-RAN-103,23.1,980.4,34.0,False,,low,1.0,NORMAL,21.5,944.2,40.0,HEALTHY,replay,1.6,0.0
2025-01-11T17:00:00+00:00,AWS-RAN-103,19.9,980.3,40.0,False,,low,0.7,NORMAL,17.3,943.9,51.0,HEALTHY,replay,1.2,0.0
2025-01-11T18:00:00+00:00,AWS-RAN-103,18.8,980.2,46.0,False,,low,0.8,NORMAL,16.4,943.7,56.0,HEALTHY,replay,1.4,0.0
2025-01-11T19:00:00+00:00,AWS-RAN-103,17.4,980.7,49.0,False,,low,0.7,NORMAL,15.2,944.0,60.0,HEALTHY,replay,1.2,0.0
2025-01-11T20:00:00+00:00,AWS-RAN-103,17.0,981.6,50.0,False,,low,0.2,NORMAL,14.8,944.7,59.0,HEALTHY,replay,0.4,0.0
2025-01-11T21:00:00+00:00,AWS-RAN-103,16.9,982.2,49.0,False,,low,0.3,NORMAL,14.6,945.0,58.0,HEALTHY,replay,0.5,0.0
2025-01-11T22:00:00+00:00,AWS-RAN-103,16.5,982.3,49.0,False,,low,0.6,NORMAL,14.2,945.0,59.0,HEALTHY,replay,1.0,0.0
2025-01-11T23:00:00+00:00,AWS-RAN-103,15.8,982.2,50.0,False,,low,0.8,NORMAL,13.4,944.7,60.0,HEALTHY,replay,1.4,0.0
2025-01-12T00:00:00+00:00,AWS-RAN-103,15.1,981.8,51.0,False,,low,0.8,NORMAL,12.8,944.3,62.0,HEALTHY,replay,1.3,0.0
2025-01-12T01:00:00+00:00,AWS-RAN-103,14.8,981.6,52.0,False,,low,1.6,NORMAL,12.1,944.1,63.0,HEALTHY,replay,2.7,0.0
2025-01-12T02:00:00+00:00,AWS-RAN-103,14.4,981.2,54.0,False,,low,1.6,NORMAL,12.0,943.9,63.0,HEALTHY,replay,2.7,0.0
2025-01-12T03:00:00+00:00,AWS-RAN-103,13.8,980.7,56.0,False,,low,1.1,NORMAL,11.6,943.5,66.0,HEALTHY,replay,1.8,0.0
2025-01-12T04:00:00+00:00,AWS-RAN-103,13.5,980.9,57.0,False,,low,0.6,NORMAL,11.3,943.6,72.0,HEALTHY,replay,1.0,0.0
2025-01-12T05:00:00+00:00,AWS-RAN-103,13.1,981.3,60.0,False,,low,0.3,NORMAL,10.8,943.9,74.0,HEALTHY,replay,0.5,0.0
2025-01-12T06:00:00+00:00,AWS-RAN-103,13.0,981.9,65.0,False,,low,0.6,NORMAL,10.4,944.4,74.0,HEALTHY,replay,1.0,0.0
2025-01-12T07:00:00+00:00,AWS-RAN-103,14.6,983.2,61.0,False,,low,1.0,NORMAL,12.4,945.7,69.0,HEALTHY,replay,1.7,0.0
2025-01-12T08:00:00+00:00,AWS-RAN-103,17.8,984.2,47.0,False,,low,7.3,NORMAL,15.9,947.2,57.0,HEALTHY,replay,12.1,0.0
2025-01-12T09:00:00+00:00,AWS-RAN-103,20.0,984.6,44.0,False,,low,1.3,NORMAL,18.6,947.9,48.0,HEALTHY,replay,2.1,0.0
2025-01-12T10:00:00+00:00,AWS-RAN-103,21.9,984.0,40.0,False,,low,0.7,NORMAL,21.0,947.4,45.0,HEALTHY,replay,1.1,0.0
2025-01-12T11:00:00+00:00,AWS-RAN-103,23.5,982.8,36.0,False,,low,0.8,NORMAL,22.5,946.6,42.0,HEALTHY,replay,1.3,0.0
2025-01-12T12:00:00+00:00,AWS-RAN-103,24.8,981.5,33.0,False,,low,1.3,NORMAL,23.7,945.5,38.0,HEALTHY,replay,2.2,0.0
2025-01-12T13:00:00+00:00,AWS-RAN-103,25.6,980.2,30.0,False,,low,3.6,NORMAL,24.4,944.3,35.0,HEALTHY,replay,6.0,0.0
2025-01-12T14:00:00+00:00,AWS-RAN-103,25.9,979.2,29.0,False,,low,5.6,NORMAL,24.9,943.3,36.0,HEALTHY,replay,9.3,0.0
2025-01-12T15:00:00+00:00,AWS-RAN-103,25.7,978.8,29.0,False,,low,3.0,NORMAL,24.7,943.0,35.0,HEALTHY,replay,4.9,0.0
2025-01-12T16:00:00+00:00,AWS-RAN-103,24.7,978.7,31.0,False,,low,1.5,NORMAL,23.9,942.8,49.0,HEALTHY,replay,2.5,0.0
2025-01-12T17:00:00+00:00,AWS-RAN-103,21.8,978.8,37.0,False,,low,1.1,NORMAL,20.4,942.8,53.0,HEALTHY,replay,1.9,0.0
2025-01-12T18:00:00+00:00,AWS-RAN-103,20.8,979.3,40.0,False,,low,0.4,NORMAL,18.8,943.1,55.0,HEALTHY,replay,0.6,0.0
2025-01-12T19:00:00+00:00,AWS-RAN-103,19.4,980.0,44.0,False,,low,0.4,NORMAL,17.5,943.6,61.0,HEALTHY,replay,0.7,0.0
2025-01-12T20:00:00+00:00,AWS-RAN-103,17.5,980.4,53.0,False,,low,0.5,NORMAL,16.2,943.9,61.0,HEALTHY,replay,0.8,0.0
2025-01-12T21:00:00+00:00,AWS-RAN-103,17.2,980.8,55.0,False,,low,0.2,NORMAL,15.8,944.3,58.0,HEALTHY,replay,0.3,0.0
2025-01-12T22:00:00+00:00,AWS-RAN-103,17.4,980.7,53.0,False,,low,0.2,NORMAL,14.6,944.3,64.0,HEALTHY,replay,0.3,0.0
2025-01-12T23:00:00+00:00,AWS-RAN-103,17.2,980.2,54.0,False,,low,0.2,NORMAL,14.0,943.8,67.0,HEALTHY,replay,0.4,0.0
2025-01-13T00:00:00+00:00,AWS-RAN-103,16.2,979.9,56.0,False,,low,0.2,NORMAL,13.7,943.4,74.0,HEALTHY,replay,0.3,0.0
2025-01-13T01:00:00+00:00,AWS-RAN-103,15.4,979.4,61.0,False,,low,0.2,NORMAL,13.1,942.6,78.0,HEALTHY,replay,0.4,0.0
2025-01-13T02:00:00+00:00,AWS-RAN-103,14.6,978.9,68.0,False,,low,0.5,NORMAL,13.4,942.0,81.0,HEALTHY,replay,0.8,0.0
2025-01-13T03:00:00+00:00,AWS-RAN-103,14.0,978.7,78.0,False,,low,1.5,NORMAL,13.0,941.7,85.0,HEALTHY,replay,2.4,0.0
2025-01-13T04:00:00+00:00,AWS-RAN-103,13.6,978.8,84.0,False,,low,2.4,NORMAL,12.6,941.8,89.0,HEALTHY,replay,4.0,0.0
2025-01-13T05:00:00+00:00,AWS-RAN-103,13.5,979.2,86.0,False,,low,1.7,NORMAL,12.6,942.1,90.0,HEALTHY,replay,2.8,0.0
2025-01-13T06:00:00+00:00,AWS-RAN-103,13.8,979.7,86.0,False,,low,2.0,NORMAL,13.1,942.9,89.0,HEALTHY,replay,3.3,0.0
2025-01-13T07:00:00+00:00,AWS-RAN-103,15.9,981.0,76.0,False,,low,2.6,NORMAL,14.3,944.1,86.0,HEALTHY,replay,4.3,0.0
2025-01-13T08:00:00+00:00,AWS-RAN-103,19.7,982.0,62.0,False,,low,12.1,NORMAL,17.2,945.5,74.0,HEALTHY,replay,20.2,0.0
2025-01-13T09:00:00+00:00,AWS-RAN-103,22.7,982.4,50.0,False,,low,23.2,NORMAL,20.1,946.1,57.0,HEALTHY,replay,38.7,0.0
2025-01-13T10:00:00+00:00,AWS-RAN-103,24.3,981.8,41.0,False,,low,8.3,NORMAL,22.1,945.7,53.0,HEALTHY,replay,13.8,0.0
2025-01-13T11:00:00+00:00,AWS-RAN-103,25.4,980.8,38.0,False,,low,3.6,NORMAL,23.4,945.0,49.0,HEALTHY,replay,5.9,0.0
2025-01-13T12:00:00+00:00,AWS-RAN-103,26.3,979.5,36.0,False,,low,5.7,NORMAL,24.3,943.9,44.0,HEALTHY,replay,9.5,0.0
2025-01-13T13:00:00+00:00,AWS-RAN-103,27.3,978.2,33.0,False,,low,4.4,NORMAL,24.6,942.7,44.0,HEALTHY,replay,7.4,0.0
2025-01-13T14:00:00+00:00,AWS-RAN-103,27.1,977.4,32.0,False,,low,1.6,NORMAL,24.4,942.0,41.0,HEALTHY,replay,2.7,0.0
2025-01-13T15:00:00+00:00,AWS-RAN-103,26.8,977.2,33.0,False,,low,1.5,NORMAL,23.8,941.7,41.0,HEALTHY,replay,2.6,0.0
2025-01-13T16:00:00+00:00,AWS-RAN-103,26.0,977.2,35.0,False,,low,0.6,NORMAL,22.9,941.7,48.0,HEALTHY,replay,1.0,0.0
2025-01-13T17:00:00+00:00,AWS-RAN-103,23.5,977.9,43.0,False,,low,0.8,NORMAL,20.2,942.0,60.0,HEALTHY,replay,1.3,0.0
2025-01-13T18:00:00+00:00,AWS-RAN-103,21.2,978.9,52.0,False,,low,1.2,NORMAL,18.2,942.6,67.0,HEALTHY,replay,2.0,0.0
2025-01-13T19:00:00+00:00,AWS-RAN-103,19.6,979.6,61.0,False,,low,2.2,NORMAL,16.8,943.4,73.0,HEALTHY,replay,3.7,0.0
2025-01-13T20:00:00+00:00,AWS-RAN-103,18.8,980.4,66.0,False,,low,1.1,NORMAL,15.6,943.9,78.0,HEALTHY,replay,1.8,0.0
2025-01-13T21:00:00+00:00,AWS-RAN-103,17.8,980.7,70.0,False,,low,0.5,NORMAL,14.9,944.2,84.0,HEALTHY,replay,0.8,0.0
2025-01-13T22:00:00+00:00,AWS-RAN-103,17.0,981.0,74.0,False,,low,0.6,NORMAL,14.3,944.1,89.0,HEALTHY,replay,0.9,0.0
2025-01-13T23:00:00+00:00,AWS-RAN-103,16.1,980.8,79.0,False,,low,0.4,NORMAL,13.9,943.6,92.0,HEALTHY,replay,0.7,0.0
2025-01-14T00:00:00+00:00,AWS-RAN-103,15.4,980.6,84.0,False,,low,0.3,NORMAL,13.7,943.4,93.0,HEALTHY,replay,0.5,0.0
2025-01-14T01:00:00+00:00,AWS-RAN-103,15.0,980.3,87.0,False,,low,0.3,NORMAL,13.4,943.2,94.0,HEALTHY,replay,0.5,0.0
2025-01-14T02:00:00+00:00,AWS-RAN-103,14.5,980.2,91.0,False,,low,0.3,NORMAL,13.1,943.0,94.0,HEALTHY,replay,0.5,0.0
2025-01-14T03:00:00+00:00,AWS-RAN-103,14.3,980.1,92.0,False,,low,0.2,NORMAL,12.8,942.8,95.0,HEALTHY,replay,0.4,0.0
2025-01-14T04:00:00+00:00,AWS-RAN-103,14.0,980.3,92.0,False,,low,0.4,NORMAL,12.4,942.9,96.0,HEALTHY,replay,0.6,0.0
2025-01-14T05:00:00+00:00,AWS-RAN-103,13.6,980.8,93.0,False,,low,0.3,NORMAL,12.2,943.3,97.0,HEALTHY,replay,0.5,0.0
2025-01-14T06:00:00+00:00,AWS-RAN-103,13.3,981.9,94.0,False,,low,0.3,NORMAL,12.2,944.3,98.0,HEALTHY,replay,0.6,0.0
2025-01-14T07:00:00+00:00,AWS-RAN-103,15.0,983.2,88.0,False,,low,3.2,NORMAL,12.7,945.5,97.0,HEALTHY,replay,5.4,0.0
2025-01-14T08:00:00+00:00,AWS-RAN-103,17.5,984.4,75.0,False,,low,10.3,NORMAL,13.8,947.2,92.0,HEALTHY,replay,17.2,0.0
2025-01-14T09:00:00+00:00,AWS-RAN-103,20.0,985.0,64.0,False,,low,17.4,NORMAL,16.8,948.2,76.0,HEALTHY,replay,29.0,0.0
2025-01-14T10:00:00+00:00,AWS-RAN-103,22.0,984.9,55.0,False,,low,17.3,NORMAL,19.2,948.3,64.0,HEALTHY,replay,28.9,0.0
2025-01-14T11:00:00+00:00,AWS-RAN-103,23.4,983.9,49.0,False,,low,14.5,NORMAL,20.9,947.6,57.0,HEALTHY,replay,24.1,0.0
2025-01-14T12:00:00+00:00,AWS-RAN-103,24.4,982.6,46.0,False,,low,13.7,NORMAL,22.4,946.5,49.0,HEALTHY,replay,22.9,0.0
2025-01-14T13:00:00+00:00,AWS-RAN-103,25.0,981.2,42.0,False,,low,11.4,NORMAL,23.3,945.2,43.0,HEALTHY,replay,18.9,0.0
2025-01-14T14:00:00+00:00,AWS-RAN-103,25.3,980.4,40.0,False,,low,6.8,NORMAL,23.7,944.5,41.0,HEALTHY,replay,11.3,0.0
2025-01-14T15:00:00+00:00,AWS-RAN-103,25.2,980.2,39.0,False,,low,3.3,NORMAL,23.4,944.5,39.0,HEALTHY,replay,5.6,0.0
2025-01-14T16:00:00+00:00,AWS-RAN-103,24.3,980.3,40.0,False,,low,1.2,NORMAL,22.1,944.6,41.0,HEALTHY,replay,1.9,0.0
2025-01-14T17:00:00+00:00,AWS-RAN-103,21.8,981.0,47.0,False,,low,0.6,NORMAL,19.0,944.8,51.0,HEALTHY,replay,1.0,0.0
2025-01-14T18:00:00+00:00,AWS-RAN-103,21.4,981.8,50.0,False,,low,0.3,NORMAL,17.2,944.9,61.0,HEALTHY,replay,0.6,0.0
2025-01-14T19:00:00+00:00,AWS-RAN-103,19.9,982.4,55.0,False,,low,0.4,NORMAL,16.2,945.9,67.0,HEALTHY,replay,0.7,0.0
2025-01-14T20:00:00+00:00,AWS-RAN-103,18.2,982.7,59.0,False,,low,0.3,NORMAL,14.8,946.2,69.0,HEALTHY,replay,0.5,0.0
2025-01-14T21:00:00+00:00,AWS-RAN-103,17.3,983.5,62.0,False,,low,0.3,NORMAL,14.4,946.7,73.0,HEALTHY,replay,0.6,0.0
2025-01-14T22:00:00+00:00,AWS-RAN-103,16.0,983.6,68.0,False,,low,0.4,NORMAL,13.4,946.4,80.0,HEALTHY,replay,0.7,0.0
2025-01-14T23:00:00+00:00,AWS-RAN-103,15.4,983.4,72.0,False,,low,0.3,NORMAL,13.8,946.3,91.0,HEALTHY,replay,0.6,0.0
2025-01-15T00:00:00+00:00,AWS-RAN-103,14.4,983.1,80.0,False,,low,0.7,NORMAL,13.3,945.9,94.0,HEALTHY,replay,1.2,0.0
2025-01-15T01:00:00+00:00,AWS-RAN-103,13.8,982.7,85.0,False,,low,0.7,NORMAL,13.1,945.4,96.0,HEALTHY,replay,1.2,0.0
2025-01-15T02:00:00+00:00,AWS-RAN-103,13.3,982.1,88.0,False,,low,0.4,NORMAL,12.8,944.7,96.0,HEALTHY,replay,0.7,0.0
2025-01-15T03:00:00+00:00,AWS-RAN-103,13.4,982.1,86.0,False,,low,0.3,NORMAL,11.7,944.5,88.0,HEALTHY,replay,0.4,0.0
2025-01-15T04:00:00+00:00,AWS-RAN-103,13.5,982.4,85.0,False,,low,0.4,NORMAL,11.5,944.6,89.0,HEALTHY,replay,0.6,0.0
2025-01-15T05:00:00+00:00,AWS-RAN-103,13.3,983.0,85.0,False,,low,0.5,NORMAL,11.2,945.3,89.0,HEALTHY,replay,0.8,0.0
2025-01-15T06:00:00+00:00,AWS-RAN-103,12.3,983.9,91.0,False,,low,0.4,NORMAL,10.7,946.2,92.0,HEALTHY,replay,0.7,0.0
2025-01-15T07:00:00+00:00,AWS-RAN-103,14.0,984.7,84.0,False,,low,0.7,NORMAL,12.5,947.2,87.0,HEALTHY,replay,1.2,0.0
2025-01-15T08:00:00+00:00,AWS-RAN-103,17.2,985.8,70.0,False,,low,2.6,NORMAL,15.8,948.6,73.0,HEALTHY,replay,4.4,0.0
2025-01-15T09:00:00+00:00,AWS-RAN-103,19.4,986.3,61.0,False,,low,3.4,NORMAL,18.0,949.3,63.0,HEALTHY,replay,5.6,0.0
2025-01-15T10:00:00+00:00,AWS-RAN-103,21.2,985.9,54.0,False,,low,1.7,NORMAL,19.7,949.2,55.0,HEALTHY,replay,2.9,0.0
2025-01-15T11:00:00+00:00,AWS-RAN-103,22.6,984.5,48.0,False,,low,2.1,NORMAL,21.4,948.1,49.0,HEALTHY,replay,3.4,0.0
2025-01-15T12:00:00+00:00,AWS-RAN-103,23.9,982.9,42.0,False,,low,4.8,NORMAL,22.6,946.7,45.0,HEALTHY,replay,8.0,0.0
2025-01-15T13:00:00+00:00,AWS-RAN-103,24.7,981.5,40.0,False,,low,3.9,NORMAL,23.2,945.5,42.0,HEALTHY,replay,6.6,0.0
2025-01-15T14:00:00+00:00,AWS-RAN-103,25.2,980.7,38.0,False,,low,1.9,NORMAL,23.5,944.9,40.0,HEALTHY,replay,3.2,0.0
2025-01-15T15:00:00+00:00,AWS-RAN-103,25.0,980.4,39.0,False,,low,1.0,NORMAL,23.4,944.5,39.0,HEALTHY,replay,1.7,0.0
2025-01-15T16:00:00+00:00,AWS-RAN-103,24.0,980.3,41.0,False,,low,0.7,NORMAL,22.3,944.4,42.0,HEALTHY,replay,1.1,0.0
2025-01-15T17:00:00+00:00,AWS-RAN-103,20.9,980.5,52.0,False,,low,1.5,NORMAL,19.1,944.3,52.0,HEALTHY,replay,2.6,0.0
2025-01-15T18:00:00+00:00,AWS-RAN-103,19.5,981.7,56.0,False,,low,1.0,NORMAL,17.5,945.3,57.0,HEALTHY,replay,1.7,0.0
2025-01-15T19:00:00+00:00,AWS-RAN-103,18.5,982.1,56.0,False,,low,0.3,NORMAL,15.7,945.5,60.0,HEALTHY,replay,0.5,0.0
2025-01-15T20:00:00+00:00,AWS-RAN-103,16.8,982.7,60.0,False,,low,0.3,NORMAL,14.4,945.9,67.0,HEALTHY,replay,0.6,0.0
2025-01-15T21:00:00+00:00,AWS-RAN-103,15.6,982.7,67.0,False,,low,0.4,NORMAL,13.2,945.8,75.0,HEALTHY,replay,0.7,0.0
2025-01-15T22:00:00+00:00,AWS-RAN-103,14.4,982.8,75.0,False,,low,1.1,NORMAL,12.2,945.6,83.0,HEALTHY,replay,1.8,0.0
2025-01-15T23:00:00+00:00,AWS-RAN-103,13.3,982.4,80.0,False,,low,0.4,NORMAL,11.3,951.14,86.0,HEALTHY,replay,0.7,0.0
2025-01-16T00:00:00+00:00,AWS-RAN-103,12.2,981.9,86.0,False,,low,0.5,NORMAL,10.7,944.4,86.0,HEALTHY,replay,0.9,0.0
2025-01-16T01:00:00+00:00,AWS-RAN-103,11.4,981.4,91.0,False,,low,0.5,NORMAL,10.7,943.9,85.0,HEALTHY,replay,0.9,0.0
2025-01-16T02:00:00+00:00,AWS-RAN-103,10.5,980.7,95.0,False,,low,0.7,NORMAL,10.5,943.4,85.0,HEALTHY,replay,1.2,0.0
2025-01-16T03:00:00+00:00,AWS-RAN-103,9.9,980.3,97.0,False,,low,0.6,NORMAL,10.5,943.0,83.0,HEALTHY,replay,1.0,0.0
2025-01-16T04:00:00+00:00,AWS-RAN-103,9.7,980.2,97.0,False,,low,0.5,NORMAL,10.4,942.9,83.0,HEALTHY,replay,0.8,0.0
2025-01-16T05:00:00+00:00,AWS-RAN-103,10.1,980.8,95.0,False,,low,0.5,NORMAL,10.0,943.5,85.0,HEALTHY,replay,0.9,0.0
2025-01-16T06:00:00+00:00,AWS-RAN-103,10.9,982.3,94.0,False,,low,0.8,NORMAL,10.4,944.7,90.0,HEALTHY,replay,1.3,0.0
2025-01-16T07:00:00+00:00,AWS-RAN-103,13.0,983.3,82.0,False,,low,2.5,NORMAL,11.6,945.6,83.0,HEALTHY,replay,4.2,0.0
2025-01-16T08:00:00+00:00,AWS-RAN-103,15.9,984.3,67.0,False,,low,7.3,NORMAL,14.7,947.0,70.0,HEALTHY,replay,12.2,0.0
2025-01-16T09:00:00+00:00,AWS-RAN-103,18.2,985.1,57.0,False,,low,10.7,NORMAL,17.0,948.0,57.0,HEALTHY,replay,17.9,0.0
2025-01-16T10:00:00+00:00,AWS-RAN-103,20.3,984.6,49.0,False,,low,3.1,NORMAL,18.7,947.9,52.0,HEALTHY,replay,5.2,0.0
2025-01-16T11:00:00+00:00,AWS-RAN-103,21.9,983.6,45.0,False,,low,1.7,NORMAL,20.3,954.92,46.0,HEALTHY,replay,2.8,0.0
2025-01-16T12:00:00+00:00,AWS-RAN-103,23.2,982.1,41.0,False,,low,2.3,NORMAL,21.5,952.84,41.0,HEALTHY,replay,3.8,0.0
2025-01-16T13:00:00+00:00,AWS-RAN-103,24.1,981.0,38.0,False,,low,1.6,NORMAL,22.5,952.29,40.0,HEALTHY,replay,2.7,0.0
2025-01-16T14:00:00+00:00,AWS-RAN-103,24.6,980.3,37.0,False,,low,0.7,NORMAL,22.9,952.28,39.0,HEALTHY,replay,1.2,0.0
2025-01-16T15:00:00+00:00,AWS-RAN-103,24.3,980.1,37.0,False,,low,0.5,NORMAL,22.8,944.0,34.0,HEALTHY,replay,0.8,0.0
2025-01-16T16:00:00+00:00,AWS-RAN-103,23.3,980.3,39.0,False,,low,0.3,NORMAL,21.5,944.1,40.0,HEALTHY,replay,0.6,0.0
2025-01-16T17:00:00+00:00,AWS-RAN-103,20.8,980.6,44.0,False,,low,0.4,NORMAL,18.9,944.2,48.0,HEALTHY,replay,0.6,0.0
2025-01-16T18:00:00+00:00,AWS-RAN-103,19.0,981.2,48.0,False,,low,0.4,NORMAL,16.5,944.6,53.0,HEALTHY,replay,0.7,0.0
2025-01-16T19:00:00+00:00,AWS-RAN-103,17.1,982.0,53.0,False,,low,0.5,NORMAL,16.3,945.3,58.0,HEALTHY,replay,0.8,0.0
2025-01-16T20:00:00+00:00,AWS-RAN-103,16.5,982.5,54.0,False,,low,0.2,NORMAL,15.1,945.9,64.0,HEALTHY,replay,0.3,0.0
2025-01-16T21:00:00+00:00,AWS-RAN-103,15.2,982.7,59.0,False,,low,0.2,NORMAL,14.1,945.7,71.0,HEALTHY,replay,0.3,0.0
2025-01-16T22:00:00+00:00,AWS-RAN-103,14.0,982.6,66.0,False,,low,0.3,NORMAL,13.1,945.5,79.0,HEALTHY,replay,0.4,0.0
2025-01-16T23:00:00+00:00,AWS-RAN-103,13.1,982.3,70.0,False,,low,0.2,NORMAL,12.1,945.1,79.0,HEALTHY,replay,0.3,0.0
2025-01-17T00:00:00+00:00,AWS-RAN-103,12.5,981.8,73.0,False,,low,0.2,NORMAL,11.7,944.7,77.0,HEALTHY,replay,0.3,0.0
2025-01-17T01:00:00+00:00,AWS-RAN-103,12.2,981.6,74.0,False,,low,0.1,NORMAL,11.5,944.3,76.0,HEALTHY,replay,0.2,0.0
2025-01-17T02:00:00+00:00,AWS-RAN-103,11.8,981.1,76.0,False,,low,0.1,NORMAL,11.1,943.7,73.0,HEALTHY,replay,0.2,0.0
2025-01-17T03:00:00+00:00,AWS-RAN-103,11.6,980.7,76.0,False,,low,0.2,NORMAL,10.5,943.1,73.0,HEALTHY,replay,0.4,0.0
2025-01-17T04:00:00+00:00,AWS-RAN-103,11.4,980.5,70.0,False,,low,0.4,NORMAL,9.8,942.7,70.0,HEALTHY,replay,0.7,0.0
2025-01-17T05:00:00+00:00,AWS-RAN-103,11.1,980.9,65.0,False,,low,0.5,NORMAL,10.3,943.2,64.0,HEALTHY,replay,0.8,0.0
2025-01-17T06:00:00+00:00,AWS-RAN-103,11.4,981.8,67.0,False,,low,0.3,NORMAL,10.6,943.9,79.0,HEALTHY,replay,0.6,0.0
2025-01-17T07:00:00+00:00,AWS-RAN-103,13.2,982.5,57.0,False,,low,0.6,NORMAL,11.9,944.6,69.0,HEALTHY,replay,1.0,0.0
2025-01-17T08:00:00+00:00,AWS-RAN-103,16.6,983.2,45.0,False,,low,4.2,NORMAL,14.2,945.9,59.0,HEALTHY,replay,7.0,0.0
2025-01-17T09:00:00+00:00,AWS-RAN-103,19.9,983.4,34.0,False,,low,12.0,NORMAL,16.5,946.7,46.0,HEALTHY,replay,20.0,0.0
2025-01-17T10:00:00+00:00,AWS-RAN-103,22.3,983.1,27.0,False,,low,5.9,NORMAL,18.7,946.7,38.0,HEALTHY,replay,9.9,0.0
2025-01-17T11:00:00+00:00,AWS-RAN-103,23.4,982.3,25.0,False,,low,5.9,NORMAL,20.1,946.1,33.0,HEALTHY,replay,9.9,0.0
2025-01-17T12:00:00+00:00,AWS-RAN-103,24.2,981.1,21.0,False,,low,5.2,NORMAL,20.9,945.13,34.0,HEALTHY,replay,8.7,0.0
2025-01-17T13:00:00+00:00,AWS-RAN-103,24.8,980.1,20.0,False,,low,3.2,NORMAL,22.1,944.22,34.0,HEALTHY,replay,5.4,0.0
2025-01-17T14:00:00+00:00,AWS-RAN-103,24.7,979.3,23.0,False,,low,1.4,NORMAL,22.3,943.62,33.0,HEALTHY,replay,2.3,0.0
2025-01-17T15:00:00+00:00,AWS-RAN-103,24.2,979.2,28.0,False,,low,0.8,NORMAL,22.0,943.62,34.0,HEALTHY,replay,1.3,0.0
2025-01-17T16:00:00+00:00,AWS-RAN-103,23.1,979.4,31.0,False,,low,0.4,NORMAL,21.0,943.83,40.0,HEALTHY,replay,0.7,0.0
2025-01-17T17:00:00+00:00,AWS-RAN-103,19.5,979.2,41.0,False,,low,2.4,NORMAL,18.0,943.45,52.0,HEALTHY,replay,4.0,0.0
2025-01-17T18:00:00+00:00,AWS-RAN-103,18.2,979.6,52.0,False,,low,1.9,NORMAL,16.8,943.78,59.0,HEALTHY,replay,3.1,0.0
2025-01-17T19:00:00+00:00,AWS-RAN-103,17.3,980.5,54.0,False,,low,0.5,NORMAL,15.4,944.72,63.0,HEALTHY,replay,0.8,0.0
2025-01-17T20:00:00+00:00,AWS-RAN-103,16.5,981.0,56.0,False,,low,0.2,NORMAL,14.2,945.26,73.0,HEALTHY,replay,0.3,0.0
2025-01-17T21:00:00+00:00,AWS-RAN-103,16.0,981.2,61.0,False,,low,0.2,NORMAL,13.6,945.41,80.0,HEALTHY,replay,0.3,0.0
2025-01-17T22:00:00+00:00,AWS-RAN-103,15.2,981.4,69.0,False,,low,0.3,NORMAL,13.0,945.47,82.0,HEALTHY,replay,0.6,0.0
2025-01-17T23:00:00+00:00,AWS-RAN-103,14.1,980.9,76.0,False,,low,0.3,NORMAL,12.6,945.04,79.0,HEALTHY,replay,0.5,0.0
2025-01-18T00:00:00+00:00,AWS-RAN-103,13.4,980.4,77.0,False,,low,0.2,NORMAL,12.8,945.01,73.0,HEALTHY,replay,0.3,0.0
2025-01-18T01:00:00+00:00,AWS-RAN-103,12.8,980.2,74.0,False,,low,0.2,NORMAL,12.9,944.89,70.0,HEALTHY,replay,0.3,0.0
2025-01-18T02:00:00+00:00,AWS-RAN-103,12.7,980.0,71.0,False,,low,0.1,NORMAL,12.7,944.88,70.0,HEALTHY,replay,0.2,0.0
2025-01-18T03:00:00+00:00,AWS-RAN-103,12.2,979.8,71.0,False,,low,0.1,NORMAL,12.3,944.77,74.0,HEALTHY,replay,0.1,0.0
2025-01-18T04:00:00+00:00,AWS-RAN-103,11.8,979.6,73.0,False,,low,0.1,NORMAL,11.9,944.67,77.0,HEALTHY,replay,0.2,0.0
2025-01-18T05:00:00+00:00,AWS-RAN-103,11.3,979.8,79.0,False,,low,0.4,NORMAL,11.7,945.18,78.0,HEALTHY,replay,0.6,0.0
2025-01-18T06:00:00+00:00,AWS-RAN-103,11.0,980.9,83.0,False,,low,0.4,NORMAL,11.7,946.59,80.0,HEALTHY,replay,0.6,0.0
2025-01-18T07:00:00+00:00,AWS-RAN-103,13.5,981.9,74.0,False,,low,0.9,NORMAL,12.6,947.71,79.0,HEALTHY,replay,1.5,0.0
2025-01-18T08:00:00+00:00,AWS-RAN-103,17.7,983.1,58.0,False,,low,7.9,NORMAL,15.5,949.24,68.0,HEALTHY,replay,13.1,0.0
2025-01-18T09:00:00+00:00,AWS-RAN-103,20.6,983.4,47.0,False,,low,7.6,NORMAL,18.2,950.37,55.0,HEALTHY,replay,12.7,0.0
2025-01-18T10:00:00+00:00,AWS-RAN-103,23.0,983.4,38.0,False,,low,7.5,NORMAL,20.6,950.81,46.0,HEALTHY,replay,12.4,0.0
2025-01-18T11:00:00+00:00,AWS-RAN-103,24.8,982.5,32.0,False,,low,3.4,NORMAL,22.6,950.46,41.0,HEALTHY,replay,5.6,0.0
2025-01-18T12:00:00+00:00,AWS-RAN-103,26.1,981.1,29.0,False,,low,4.6,NORMAL,24.1,949.61,38.0,HEALTHY,replay,7.7,0.0
2025-01-18T13:00:00+00:00,AWS-RAN-103,26.8,979.8,27.0,False,,low,4.5,NORMAL,24.7,948.87,38.0,HEALTHY,replay,7.5,0.0
2025-01-18T14:00:00+00:00,AWS-RAN-103,27.1,978.9,27.0,False,,low,2.8,NORMAL,24.9,948.13,38.0,HEALTHY,replay,4.7,0.0
2025-01-18T15:00:00+00:00,AWS-RAN-103,26.8,978.5,28.0,False,,low,1.2,NORMAL,24.6,948.1,38.0,HEALTHY,replay,2.0,0.0
2025-01-18T16:00:00+00:00,AWS-RAN-103,25.7,978.5,31.0,False,,low,0.6,NORMAL,23.6,948.28,43.0,HEALTHY,replay,1.1,0.0
2025-01-18T17:00:00+00:00,AWS-RAN-103,21.9,978.5,42.0,False,,low,2.3,NORMAL,20.1,948.06,56.0,HEALTHY,replay,3.8,0.0
2025-01-18T18:00:00+00:00,AWS-RAN-103,19.9,979.1,46.0,False,,low,1.2,NORMAL,18.4,948.75,58.0,HEALTHY,replay,2.0,0.0
2025-01-18T19:00:00+00:00,AWS-RAN-103,18.3,979.9,54.0,False,,low,1.3,NORMAL,16.5,949.65,62.0,HEALTHY,replay,2.2,0.0
2025-01-18T20:00:00+00:00,AWS-RAN-103,16.9,980.2,61.0,False,,low,0.8,NORMAL,14.8,950.05,67.0,HEALTHY,replay,1.4,0.0
2025-01-18T21:00:00+00:00,AWS-RAN-103,15.8,980.3,66.0,False,,low,0.4,NORMAL,14.2,950.35,70.0,HEALTHY,replay,0.7,0.0
2025-01-18T22:00:00+00:00,AWS-RAN-103,14.8,980.6,71.0,False,,low,0.3,NORMAL,13.9,950.77,70.0,HEALTHY,replay,0.5,0.0
2025-01-18T23:00:00+00:00,AWS-RAN-103,13.8,980.3,77.0,False,,low,0.2,NORMAL,13.3,950.58,71.0,HEALTHY,replay,0.4,0.0
2025-01-19T00:00:00+00:00,AWS-RAN-103,12.8,979.6,82.0,False,,low,0.4,NORMAL,12.9,950.21,71.0,HEALTHY,replay,0.7,0.0
2025-01-19T01:00:00+00:00,AWS-RAN-103,12.3,979.0,83.0,False,,low,0.2,NORMAL,12.4,949.94,73.0,HEALTHY,replay,0.3,0.0
2025-01-19T02:00:00+00:00,AWS-RAN-103,12.2,978.3,81.0,False,,low,0.3,NORMAL,12.3,949.77,73.0,HEALTHY,replay,0.5,0.0
2025-01-19T03:00:00+00:00,AWS-RAN-103,12.4,978.1,78.0,False,,low,0.4,NORMAL,12.2,949.91,72.0,HEALTHY,replay,0.7,0.0
2025-01-19T04:00:00+00:00,AWS-RAN-103,12.6,978.3,75.0,False,,low,0.4,NORMAL,11.8,941.1,73.0,HEALTHY,replay,0.7,0.0
2025-01-19T05:00:00+00:00,AWS-RAN-103,12.2,979.0,74.0,False,,low,0.2,NORMAL,11.6,941.6,74.0,HEALTHY,replay,0.4,0.0
2025-01-19T06:00:00+00:00,AWS-RAN-103,11.6,980.2,79.0,False,,low,0.2,NORMAL,11.1,942.7,80.0,HEALTHY,replay,0.4,0.0
2025-01-19T07:00:00+00:00,AWS-RAN-103,14.0,981.5,68.0,False,,low,1.6,NORMAL,12.3,944.0,77.0,HEALTHY,replay,2.7,0.0
2025-01-19T08:00:00+00:00,AWS-RAN-103,17.5,982.7,55.0,False,,low,4.0,NORMAL,15.2,945.7,66.0,HEALTHY,replay,6.7,0.0
2025-01-19T09:00:00+00:00,AWS-RAN-103,20.4,982.9,46.0,False,,low,7.4,NORMAL,17.9,946.5,54.0,HEALTHY,replay,12.3,0.0
2025-01-19T10:00:00+00:00,AWS-RAN-103,23.2,982.4,36.0,False,,low,4.6,NORMAL,20.0,946.3,41.0,HEALTHY,replay,7.7,0.0
2025-01-19T11:00:00+00:00,AWS-RAN-103,25.7,981.3,23.0,False,,low,21.3,NORMAL,21.8,945.6,31.0,HEALTHY,replay,35.5,0.0
2025-01-19T12:00:00+00:00,AWS-RAN-103,27.2,979.9,19.0,False,,low,10.6,NORMAL,23.1,944.3,26.0,HEALTHY,replay,17.7,0.0
2025-01-19T13:00:00+00:00,AWS-RAN-103,28.1,978.6,16.0,False,,low,9.2,NORMAL,24.1,943.4,23.0,HEALTHY,replay,15.4,0.0
2025-01-19T14:00:00+00:00,AWS-RAN-103,28.4,977.8,15.0,False,,low,3.6,NORMAL,24.6,942.6,21.0,HEALTHY,replay,6.0,0.0
2025-01-19T15:00:00+00:00,AWS-RAN-103,28.0,977.4,14.0,False,,low,3.8,NORMAL,24.5,942.2,24.0,HEALTHY,replay,6.3,0.0
2025-01-19T16:00:00+00:00,AWS-RAN-103,26.3,977.3,16.0,False,,low,3.1,NORMAL,23.1,942.0,29.0,HEALTHY,replay,5.2,0.0
2025-01-19T17:00:00+00:00,AWS-RAN-103,22.3,977.3,24.0,False,,low,8.2,NORMAL,19.7,941.5,39.0,HEALTHY,replay,13.7,0.0
2025-01-19T18:00:00+00:00,AWS-RAN-103,20.6,977.6,35.0,False,,low,5.8,NORMAL,18.7,941.6,46.0,HEALTHY,replay,9.7,0.0
2025-01-19T19:00:00+00:00,AWS-RAN-103,18.8,978.1,42.0,False,,low,4.0,NORMAL,17.2,941.8,51.0,HEALTHY,replay,6.6,0.0
2025-01-19T20:00:00+00:00,AWS-RAN-103,17.6,978.2,48.0,False,,low,2.8,NORMAL,15.8,941.8,54.0,HEALTHY,replay,4.7,0.0
2025-01-19T21:00:00+00:00,AWS-RAN-103,16.6,978.5,52.0,False,,low,2.3,NORMAL,15.2,942.0,54.0,HEALTHY,replay,3.9,0.0
2025-01-19T22:00:00+00:00,AWS-RAN-103,16.2,978.4,53.0,False,,low,0.7,NORMAL,15.0,941.8,51.0,HEALTHY,replay,1.2,0.0
2025-01-19T23:00:00+00:00,AWS-RAN-103,15.6,978.1,50.0,False,,low,1.2,NORMAL,14.6,941.3,51.0,HEALTHY,replay,1.9,0.0
2025-01-20T00:00:00+00:00,AWS-RAN-103,14.1,977.4,52.0,False,,low,1.0,NORMAL,14.1,940.7,54.0,HEALTHY,replay,1.7,0.0
2025-01-20T01:00:00+00:00,AWS-RAN-103,13.1,977.2,55.0,False,,low,0.6,NORMAL,13.9,940.3,54.0,HEALTHY,replay,1.0,0.0
2025-01-20T02:00:00+00:00,AWS-RAN-103,12.3,977.1,59.0,False,,low,0.7,NORMAL,13.4,940.2,52.0,HEALTHY,replay,1.2,0.0
2025-01-20T03:00:00+00:00,AWS-RAN-103,11.8,976.9,61.0,False,,low,0.5,NORMAL,12.7,939.8,51.0,HEALTHY,replay,0.8,0.0
2025-01-20T04:00:00+00:00,AWS-RAN-103,11.3,976.7,62.0,False,,low,0.4,NORMAL,11.9,939.5,53.0,HEALTHY,replay,0.7,0.0
2025-01-20T05:00:00+00:00,AWS-RAN-103,10.8,977.0,63.0,False,,low,1.2,NORMAL,11.5,939.8,56.0,HEALTHY,replay,2.0,0.0
2025-01-20T06:00:00+00:00,AWS-RAN-103,10.3,978.0,72.0,False,,low,4.3,NORMAL,11.0,940.7,66.0,HEALTHY,replay,7.2,0.0
2025-01-20T07:00:00+00:00,AWS-RAN-103,12.7,979.1,62.0,False,,low,3.5,NORMAL,13.0,941.9,64.0,HEALTHY,replay,5.9,0.0
2025-01-20T08:00:00+00:00,AWS-RAN-103,17.6,980.2,48.0,False,,low,14.9,NORMAL,15.9,943.3,57.0,HEALTHY,replay,24.8,0.0
2025-01-20T09:00:00+00:00,AWS-RAN-103,20.8,980.5,42.0,False,,low,10.7,NORMAL,18.8,944.1,48.0,HEALTHY,replay,17.9,0.0
2025-01-20T10:00:00+00:00,AWS-RAN-103,23.9,980.1,35.0,False,,low,10.1,NORMAL,21.3,944.3,41.0,HEALTHY,replay,16.8,0.0
2025-01-20T11:00:00+00:00,AWS-RAN-103,26.5,979.3,28.0,False,,low,16.6,NORMAL,23.7,943.8,37.0,HEALTHY,replay,27.7,0.0
2025-01-20T12:00:00+00:00,AWS-RAN-103,28.0,978.2,24.0,False,,low,14.3,NORMAL,25.2,942.9,36.0,HEALTHY,replay,23.8,0.0
2025-01-20T13:00:00+00:00,AWS-RAN-103,28.6,977.2,24.0,False,,low,3.9,NORMAL,25.9,942.2,34.0,HEALTHY,replay,6.5,0.0
2025-01-20T14:00:00+00:00,AWS-RAN-103,28.7,976.3,24.0,False,,low,2.8,NORMAL,26.0,941.2,33.0,HEALTHY,replay,4.7,0.0
2025-01-20T15:00:00+00:00,AWS-RAN-103,28.2,975.8,25.0,False,,low,1.4,NORMAL,25.4,940.8,33.0,HEALTHY,replay,2.3,0.0
2025-01-20T16:00:00+00:00,AWS-RAN-103,26.8,975.8,27.0,False,,low,0.9,NORMAL,24.1,940.6,39.0,HEALTHY,replay,1.5,0.0
2025-01-20T17:00:00+00:00,AWS-RAN-103,22.8,975.8,37.0,False,,low,4.5,NORMAL,21.0,940.2,48.0,HEALTHY,replay,7.5,0.0
2025-01-20T18:00:00+00:00,AWS-RAN-103,21.5,976.1,43.0,False,,low,1.4,NORMAL,20.1,940.4,54.0,HEALTHY,replay,2.4,0.0
2025-01-20T19:00:00+00:00,AWS-RAN-103,20.2,976.9,50.0,False,,low,1.4,NORMAL,19.1,941.0,61.0,HEALTHY,replay,2.4,0.0
2025-01-20T20:00:00+00:00,AWS-RAN-103,19.1,977.2,56.0,False,,low,0.9,NORMAL,18.0,941.2,65.0,HEALTHY,replay,1.5,0.0
2025-01-20T21:00:00+00:00,AWS-RAN-103,17.7,977.3,64.0,False,,low,4.2,NORMAL,17.3,941.2,66.0,HEALTHY,replay,7.0,0.0
2025-01-20T22:00:00+00:00,AWS-RAN-103,16.3,977.3,71.0,False,,low,3.2,NORMAL,16.8,941.1,67.0,HEALTHY,replay,5.3,0.0
2025-01-20T23:00:00+00:00,AWS-RAN-103,15.4,977.0,77.0,False,,low,1.5,NORMAL,16.1,940.6,71.0,HEALTHY,replay,2.5,0.0
2025-01-21T00:00:00+00:00,AWS-RAN-103,14.5,976.5,81.0,False,,low,1.5,NORMAL,15.4,940.1,75.0,HEALTHY,replay,2.6,0.0
2025-01-21T01:00:00+00:00,AWS-RAN-103,14.0,976.1,84.0,False,,low,1.0,NORMAL,14.9,939.6,76.0,HEALTHY,replay,1.6,0.0
2025-01-21T02:00:00+00:00,AWS-RAN-103,13.6,975.5,85.0,False,,low,0.8,NORMAL,14.4,938.9,78.0,HEALTHY,replay,1.4,0.0
2025-01-21T03:00:00+00:00,AWS-RAN-103,13.3,975.3,85.0,False,,low,1.4,NORMAL,14.0,938.6,78.0,HEALTHY,replay,2.4,0.0
2025-01-21T04:00:00+00:00,AWS-RAN-103,12.9,975.3,84.0,False,,low,1.1,NORMAL,13.8,938.7,74.0,HEALTHY,replay,1.8,0.0
2025-01-21T05:00:00+00:00,AWS-RAN-103,12.6,975.8,82.0,False,,low,0.8,NORMAL,13.4,938.9,75.0,HEALTHY,replay,1.3,0.0
2025-01-21T06:00:00+00:00,AWS-RAN-103,11.6,976.4,87.0,False,,low,0.6,NORMAL,12.6,939.3,84.0,HEALTHY,replay,1.0,0.0
2025-01-21T07:00:00+00:00,AWS-RAN-103,14.0,977.5,76.0,False,,low,1.7,NORMAL,14.0,940.7,80.0,HEALTHY,replay,2.9,0.0
2025-01-21T08:00:00+00:00,AWS-RAN-103,18.6,978.9,59.0,False,,low,21.0,NORMAL,17.2,942.4,71.0,HEALTHY,replay,35.0,0.0
2025-01-21T09:00:00+00:00,AWS-RAN-103,21.4,979.6,52.0,False,,low,11.9,NORMAL,20.0,943.4,59.0,HEALTHY,replay,19.8,0.0
2025-01-21T10:00:00+00:00,AWS-RAN-103,24.3,979.3,44.0,False,,low,14.2,NORMAL,22.4,943.6,45.0,HEALTHY,replay,23.6,0.0
2025-01-21T11:00:00+00:00,AWS-RAN-103,27.0,978.5,34.0,False,,low,16.9,NORMAL,25.0,943.1,49.0,HEALTHY,replay,28.1,0.0
2025-01-21T12:00:00+00:00,AWS-RAN-103,29.1,977.3,25.0,False,,low,25.0,NORMAL,26.5,942.2,42.0,HEALTHY,replay,41.6,0.0
2025-01-21T13:00:00+00:00,AWS-RAN-103,30.4,976.2,20.0,False,,low,24.9,NORMAL,27.5,941.3,37.0,HEALTHY,replay,41.6,0.0
2025-01-21T14:00:00+00:00,AWS-RAN-103,30.8,975.1,18.0,False,,low,11.0,NORMAL,26.9,940.5,26.0,HEALTHY,replay,18.4,0.0
2025-01-21T15:00:00+00:00,AWS-RAN-103,30.5,974.9,17.0,False,,low,5.5,NORMAL,27.9,940.45,34.0,HEALTHY,replay,9.1,0.0
2025-01-21T16:00:00+00:00,AWS-RAN-103,28.9,975.1,19.0,False,,low,2.4,NORMAL,27.0,940.3,39.0,HEALTHY,replay,3.9,0.0
2025-01-21T17:00:00+00:00,AWS-RAN-103,25.0,975.4,27.0,False,,low,4.7,NORMAL,22.5,939.8,47.0,HEALTHY,replay,7.8,0.0
2025-01-21T18:00:00+00:00,AWS-RAN-103,23.2,975.9,37.0,False,,low,3.6,NORMAL,20.4,940.3,49.0,HEALTHY,replay,5.9,0.0
2025-01-21T19:00:00+00:00,AWS-RAN-103,21.7,976.5,42.0,False,,low,1.7,NORMAL,19.1,940.8,53.0,HEALTHY,replay,2.9,0.0
2025-01-21T20:00:00+00:00,AWS-RAN-103,20.5,977.0,47.0,False,,low,0.9,NORMAL,17.8,941.2,53.0,HEALTHY,replay,1.5,0.0
2025-01-21T21:00:00+00:00,AWS-RAN-103,18.4,977.1,54.0,False,,low,1.4,NORMAL,17.4,940.9,54.0,HEALTHY,replay,2.3,0.0
2025-01-21T22:00:00+00:00,AWS-RAN-103,17.1,977.0,58.0,False,,low,1.2,NORMAL,17.1,940.6,55.0,HEALTHY,replay,2.0,0.0
2025-01-21T23:00:00+00:00,AWS-RAN-103,16.4,976.9,59.0,False,,low,0.5,NORMAL,16.9,940.6,57.0,HEALTHY,replay,0.9,0.0
2025-01-22T00:00:00+00:00,AWS-RAN-103,15.9,976.7,61.0,False,,low,1.0,NORMAL,16.5,940.2,58.0,HEALTHY,replay,1.7,0.0
2025-01-22T01:00:00+00:00,AWS-RAN-103,15.5,976.5,62.0,False,,low,0.8,NORMAL,16.1,939.8,57.0,HEALTHY,replay,1.3,0.0
2025-01-22T02:00:00+00:00,AWS-RAN-103,14.9,976.2,64.0,False,,low,0.6,NORMAL,15.6,939.4,57.0,HEALTHY,replay,1.1,0.0
2025-01-22T03:00:00+00:00,AWS-RAN-103,14.2,975.9,65.0,False,,low,0.6,NORMAL,15.1,939.0,56.0,HEALTHY,replay,1.0,0.0
2025-01-22T04:00:00+00:00,AWS-RAN-103,13.5,975.8,65.0,False,,low,0.6,NORMAL,14.6,938.9,55.0,HEALTHY,replay,1.1,0.0
2025-01-22T05:00:00+00:00,AWS-RAN-103,13.0,976.4,63.0,False,,low,0.8,NORMAL,14.3,939.5,56.0,HEALTHY,replay,1.3,0.0
2025-01-22T06:00:00+00:00,AWS-RAN-103,13.2,977.3,66.0,False,,low,1.5,NORMAL,13.4,940.2,64.0,HEALTHY,replay,2.5,0.0
2025-01-22T07:00:00+00:00,AWS-RAN-103,15.4,978.3,58.0,False,,low,2.2,NORMAL,15.0,941.1,60.0,HEALTHY,replay,3.6,0.0
2025-01-22T08:00:00+00:00,AWS-RAN-103,19.6,979.9,45.0,False,,low,16.1,NORMAL,18.4,943.2,51.0,HEALTHY,replay,26.8,0.0
2025-01-22T09:00:00+00:00,AWS-RAN-103,22.5,980.5,38.0,False,,low,18.1,NORMAL,21.2,944.6,43.0,HEALTHY,replay,30.1,0.0
2025-01-22T10:00:00+00:00,AWS-RAN-103,25.0,980.0,33.0,False,,low,4.9,NORMAL,23.8,944.3,33.0,HEALTHY,replay,8.2,0.0
2025-01-22T11:00:00+00:00,AWS-RAN-103,27.0,979.1,29.0,False,,low,3.2,NORMAL,25.7,943.8,27.0,HEALTHY,replay,5.3,0.0
2025-01-22T12:00:00+00:00,AWS-RAN-103,28.5,977.8,26.0,False,,low,4.6,NORMAL,26.9,942.6,25.0,HEALTHY,replay,7.6,0.0
2025-01-22T13:00:00+00:00,AWS-RAN-103,29.7,976.7,24.0,False,,low,3.4,NORMAL,27.5,941.7,25.0,HEALTHY,replay,5.7,0.0
2025-01-22T14:00:00+00:00,AWS-RAN-103,30.1,975.8,23.0,False,,low,3.8,NORMAL,27.9,941.0,27.0,HEALTHY,replay,6.3,0.0
2025-01-22T15:00:00+00:00,AWS-RAN-103,29.3,975.5,25.0,False,,low,1.0,NORMAL,27.6,940.6,28.0,HEALTHY,replay,1.7,0.0
2025-01-22T16:00:00+00:00,AWS-RAN-103,27.1,975.6,29.0,False,,low,0.7,NORMAL,25.8,940.5,31.0,HEALTHY,replay,1.2,0.0
2025-01-22T17:00:00+00:00,AWS-RAN-103,23.6,975.7,36.0,False,,low,2.0,NORMAL,22.0,940.3,39.0,HEALTHY,replay,3.3,0.0
2025-01-22T18:00:00+00:00,AWS-RAN-103,23.1,976.4,37.0,False,,low,0.7,NORMAL,20.8,940.8,45.0,HEALTHY,replay,1.1,0.0
2025-01-22T19:00:00+00:00,AWS-RAN-103,21.8,977.2,40.0,False,,low,0.5,NORMAL,19.1,941.3,50.0,HEALTHY,replay,0.8,0.0
2025-01-22T20:00:00+00:00,AWS-RAN-103,20.2,977.7,45.0,False,,low,0.5,NORMAL,18.2,941.8,53.0,HEALTHY,replay,0.8,0.0
2025-01-22T21:00:00+00:00,AWS-RAN-103,18.4,978.1,51.0,False,,low,0.6,NORMAL,17.3,942.3,56.0,HEALTHY,replay,1.0,0.0
2025-01-22T22:00:00+00:00,AWS-RAN-103,17.3,978.2,58.0,False,,low,0.5,NORMAL,16.6,942.2,60.0,HEALTHY,replay,0.9,0.0
2025-01-22T23:00:00+00:00,AWS-RAN-103,15.6,977.9,67.0,False,,low,1.5,NORMAL,16.1,942.0,64.0,HEALTHY,replay,2.4,0.0
2025-01-23T00:00:00+00:00,AWS-RAN-103,14.2,977.3,74.0,False,,low,1.8,NORMAL,15.6,941.7,67.0,HEALTHY,replay,3.0,0.0
2025-01-23T01:00:00+00:00,AWS-RAN-103,13.6,977.0,77.0,False,,low,0.6,NORMAL,15.2,941.3,70.0,HEALTHY,replay,1.1,0.0
2025-01-23T02:00:00+00:00,AWS-RAN-103,13.5,976.3,78.0,False,,low,0.3,NORMAL,14.9,940.5,72.0,HEALTHY,replay,0.6,0.0
2025-01-23T03:00:00+00:00,AWS-RAN-103,13.4,976.1,79.0,False,,low,0.2,NORMAL,14.93,940.2,72.0,HEALTHY,replay,0.4,0.0
2025-01-23T04:00:00+00:00,AWS-RAN-103,13.4,976.2,80.0,False,,low,0.3,NORMAL,14.99,940.2,70.0,HEALTHY,replay,0.5,0.0
2025-01-23T05:00:00+00:00,AWS-RAN-103,13.6,976.9,79.0,False,,low,0.3,NORMAL,15.04,940.7,67.0,HEALTHY,replay,0.5,0.0
2025-01-23T06:00:00+00:00,AWS-RAN-103,16.1,978.2,67.0,False,,low,4.9,NORMAL,14.99,941.2,68.0,HEALTHY,replay,8.2,0.0
2025-01-23T07:00:00+00:00,AWS-RAN-103,17.8,979.1,64.0,False,,low,1.5,NORMAL,14.94,942.3,67.0,HEALTHY,replay,2.5,0.0
2025-01-23T08:00:00+00:00,AWS-RAN-103,20.4,980.4,52.0,False,,low,5.0,NORMAL,17.1,944.0,52.0,HEALTHY,replay,8.3,0.0
2025-01-23T09:00:00+00:00,AWS-RAN-103,22.7,980.9,45.0,False,,low,4.3,NORMAL,22.0,944.9,46.0,HEALTHY,replay,7.2,0.0
2025-01-23T10:00:00+00:00,AWS-RAN-103,24.6,980.6,40.0,False,,low,3.3,NORMAL,24.1,944.8,40.0,HEALTHY,replay,5.5,0.0
2025-01-23T11:00:00+00:00,AWS-RAN-103,26.2,979.7,37.0,False,,low,1.3,NORMAL,25.8,944.2,35.0,HEALTHY,replay,2.1,0.0
2025-01-23T12:00:00+00:00,AWS-RAN-103,27.7,978.4,33.0,False,,low,1.5,NORMAL,27.3,943.1,30.0,HEALTHY,replay,2.5,0.0
2025-01-23T13:00:00+00:00,AWS-RAN-103,29.1,977.2,31.0,False,,low,2.1,NORMAL,28.2,942.2,26.0,HEALTHY,replay,3.6,0.0
2025-01-23T14:00:00+00:00,AWS-RAN-103,30.2,976.1,28.0,False,,low,2.5,NORMAL,28.4,941.3,26.0,HEALTHY,replay,4.2,0.0
2025-01-23T15:00:00+00:00,AWS-RAN-103,30.5,975.5,24.0,False,,low,1.2,NORMAL,28.0,940.8,28.0,HEALTHY,replay,2.1,0.0
2025-01-23T16:00:00+00:00,AWS-RAN-103,29.7,975.3,23.0,False,,low,1.2,NORMAL,26.9,940.6,31.0,HEALTHY,replay,2.0,0.0
2025-01-23T17:00:00+00:00,AWS-RAN-103,25.0,975.6,36.0,False,,low,4.5,NORMAL,23.5,940.3,41.0,HEALTHY,replay,7.5,0.0
2025-01-23T18:00:00+00:00,AWS-RAN-103,23.0,976.3,48.0,False,,low,5.3,NORMAL,21.2,940.7,48.0,HEALTHY,replay,8.8,0.0
2025-01-23T19:00:00+00:00,AWS-RAN-103,22.1,977.0,51.0,False,,low,0.7,NORMAL,19.9,941.8,53.0,HEALTHY,replay,1.2,0.0
2025-01-23T20:00:00+00:00,AWS-RAN-103,20.2,977.7,57.0,False,,low,0.7,NORMAL,19.0,941.9,58.0,HEALTHY,replay,1.2,0.0
2025-01-23T21:00:00+00:00,AWS-RAN-103,19.5,978.0,59.0,False,,low,0.3,NORMAL,18.2,941.7,61.0,HEALTHY,replay,0.6,0.0
2025-01-23T22:00:00+00:00,AWS-RAN-103,19.3,978.1,59.0,False,,low,0.3,NORMAL,17.4,941.8,64.0,HEALTHY,replay,0.4,0.0
2025-01-23T23:00:00+00:00,AWS-RAN-103,19.3,977.9,60.0,False,,low,0.4,NORMAL,16.7,941.4,66.0,HEALTHY,replay,0.7,0.0
2025-01-24T00:00:00+00:00,AWS-RAN-103,19.0,977.5,61.0,False,,low,1.0,NORMAL,16.2,940.9,68.0,HEALTHY,replay,1.6,0.0
2025-01-24T01:00:00+00:00,AWS-RAN-103,19.1,977.0,60.0,False,,low,1.5,NORMAL,16.3,940.2,69.0,HEALTHY,replay,2.5,0.0
2025-01-24T02:00:00+00:00,AWS-RAN-103,18.7,976.4,61.0,False,,low,1.4,NORMAL,16.0,939.7,70.0,HEALTHY,replay,2.3,0.0
2025-01-24T03:00:00+00:00,AWS-RAN-103,18.1,976.3,64.0,False,,low,0.8,NORMAL,15.4,939.5,72.0,HEALTHY,replay,1.3,0.0
2025-01-24T04:00:00+00:00,AWS-RAN-103,17.6,976.4,65.0,False,,low,0.9,NORMAL,15.1,939.5,73.0,HEALTHY,replay,1.5,0.0
2025-01-24T05:00:00+00:00,AWS-RAN-103,17.1,976.7,67.0,False,,low,0.5,NORMAL,14.6,939.8,75.0,HEALTHY,replay,0.8,0.0
2025-01-24T06:00:00+00:00,AWS-RAN-103,16.3,977.3,72.0,False,,low,0.1,NORMAL,13.6,940.2,80.4,HEALTHY,replay,0.2,0.0
2025-01-24T07:00:00+00:00,AWS-RAN-103,17.9,978.4,65.0,False,,low,0.2,NORMAL,15.4,941.5,72.79,HEALTHY,replay,0.3,0.0
2025-01-24T08:00:00+00:00,AWS-RAN-103,20.2,979.3,58.0,False,,low,0.4,NORMAL,18.9,943.1,59.19,HEALTHY,replay,0.6,0.0
2025-01-24T09:00:00+00:00,AWS-RAN-103,22.4,979.7,52.0,False,,low,0.4,NORMAL,21.7,943.6,54.0,HEALTHY,replay,0.7,0.0
2025-01-24T10:00:00+00:00,AWS-RAN-103,24.6,979.4,47.0,False,,low,0.4,NORMAL,23.8,943.7,47.0,HEALTHY,replay,0.7,0.0
2025-01-24T11:00:00+00:00,AWS-RAN-103,26.7,978.5,40.0,False,,low,0.6,NORMAL,25.5,943.0,40.0,HEALTHY,replay,1.0,0.0
2025-01-24T12:00:00+00:00,AWS-RAN-103,28.1,977.2,37.0,False,,low,1.1,NORMAL,26.7,941.9,34.0,HEALTHY,replay,1.8,0.0
2025-01-24T13:00:00+00:00,AWS-RAN-103,29.4,976.0,33.0,False,,low,1.2,NORMAL,27.9,941.2,31.0,HEALTHY,replay,2.0,0.0
2025-01-24T14:00:00+00:00,AWS-RAN-103,30.4,975.1,27.0,False,,low,2.1,NORMAL,27.9,940.4,30.0,HEALTHY,replay,3.6,0.0
2025-01-24T15:00:00+00:00,AWS-RAN-103,30.7,974.5,25.0,False,,low,1.2,NORMAL,27.4,939.9,29.0,HEALTHY,replay,1.9,0.0
2025-01-24T16:00:00+00:00,AWS-RAN-103,30.3,974.4,25.0,False,,low,0.6,NORMAL,26.2,939.7,34.35,HEALTHY,replay,1.0,0.0
2025-01-24T17:00:00+00:00,AWS-RAN-103,26.5,975.1,33.0,False,,low,1.1,NORMAL,23.0,940.1,38.75,HEALTHY,replay,1.9,0.0
2025-01-24T18:00:00+00:00,AWS-RAN-103,23.6,976.7,49.0,False,,low,7.1,NORMAL,21.2,941.2,45.15,HEALTHY,replay,11.8,0.0
2025-01-24T19:00:00+00:00,AWS-RAN-103,22.8,977.2,52.0,False,,low,0.9,NORMAL,19.2,941.8,53.0,HEALTHY,replay,1.5,0.0
2025-01-24T20:00:00+00:00,AWS-RAN-103,21.3,977.9,57.0,False,,low,0.5,NORMAL,18.3,942.2,57.0,HEALTHY,replay,0.8,0.0
2025-01-24T21:00:00+00:00,AWS-RAN-103,20.7,978.3,57.0,False,,low,0.2,NORMAL,17.4,942.3,59.33,HEALTHY,replay,0.3,0.0
2025-01-24T22:00:00+00:00,AWS-RAN-103,19.7,978.6,60.0,False,,low,0.2,NORMAL,16.8,942.4,62.0,HEALTHY,replay,0.3,0.0
2025-01-24T23:00:00+00:00,AWS-RAN-103,18.2,977.9,66.0,False,,low,0.2,NORMAL,16.3,941.6,67.0,HEALTHY,replay,0.3,0.0
2025-01-25T00:00:00+00:00,AWS-RAN-103,16.8,977.7,74.0,False,,low,0.4,NORMAL,15.6,941.3,69.0,HEALTHY,replay,0.7,0.0
2025-01-25T01:00:00+00:00,AWS-RAN-103,16.0,977.2,79.0,False,,low,0.6,NORMAL,14.9,940.8,70.0,HEALTHY,replay,1.0,0.0
2025-01-25T02:00:00+00:00,AWS-RAN-103,15.4,976.7,82.0,False,,low,0.5,NORMAL,14.3,940.4,72.0,HEALTHY,replay,0.8,0.0
2025-01-25T03:00:00+00:00,AWS-RAN-103,15.5,976.6,80.0,False,,low,0.2,NORMAL,13.8,940.3,75.0,HEALTHY,replay,0.4,0.0
2025-01-25T04:00:00+00:00,AWS-RAN-103,15.6,976.9,79.0,False,,low,0.2,NORMAL,13.2,940.4,78.0,HEALTHY,replay,0.4,0.0
2025-01-25T05:00:00+00:00,AWS-RAN-103,15.5,977.6,81.0,False,,low,0.3,NORMAL,13.0,940.9,81.0,HEALTHY,replay,0.4,0.0
2025-01-25T06:00:00+00:00,AWS-RAN-103,14.8,978.9,85.0,False,,low,0.6,NORMAL,12.7,941.8,93.0,HEALTHY,replay,0.9,0.0
2025-01-25T07:00:00+00:00,AWS-RAN-103,16.7,979.9,76.0,False,,low,1.7,NORMAL,14.0,942.9,88.0,HEALTHY,replay,2.8,0.0
2025-01-25T08:00:00+00:00,AWS-RAN-103,19.5,980.8,64.0,False,,low,2.4,NORMAL,16.8,944.2,75.0,HEALTHY,replay,3.9,0.0
2025-01-25T09:00:00+00:00,AWS-RAN-103,21.9,981.3,55.0,False,,low,3.4,NORMAL,19.2,944.9,63.0,HEALTHY,replay,5.7,0.0
2025-01-25T10:00:00+00:00,AWS-RAN-103,23.7,980.7,49.0,False,,low,1.3,NORMAL,21.2,944.7,53.0,HEALTHY,replay,2.1,0.0
2025-01-25T11:00:00+00:00,AWS-RAN-103,25.3,979.8,44.0,False,,low,2.1,NORMAL,23.2,944.1,44.0,HEALTHY,replay,3.5,0.0
2025-01-25T12:00:00+00:00,AWS-RAN-103,27.1,978.3,37.0,False,,low,6.4,NORMAL,24.2,942.9,40.0,HEALTHY,replay,10.7,0.0
2025-01-25T13:00:00+00:00,AWS-RAN-103,28.7,977.0,31.0,False,,low,5.4,NORMAL,24.7,942.0,38.0,HEALTHY,replay,8.9,0.0
2025-01-25T14:00:00+00:00,AWS-RAN-103,28.9,976.2,29.0,False,,low,3.0,NORMAL,24.9,941.1,36.0,HEALTHY,replay,5.0,0.0
2025-01-25T15:00:00+00:00,AWS-RAN-103,28.5,975.9,30.0,False,,low,1.4,NORMAL,24.4,940.9,34.0,HEALTHY,replay,2.4,0.0
2025-01-25T16:00:00+00:00,AWS-RAN-103,27.3,976.0,31.0,False,,low,0.5,NORMAL,23.1,940.8,33.0,HEALTHY,replay,0.8,0.0
2025-01-25T17:00:00+00:00,AWS-RAN-103,24.0,976.5,35.0,False,,low,0.9,NORMAL,20.1,941.0,38.0,HEALTHY,replay,1.5,0.0
2025-01-25T18:00:00+00:00,AWS-RAN-103,22.3,977.1,42.0,False,,low,0.9,NORMAL,18.9,941.3,44.0,HEALTHY,replay,1.5,0.0
2025-01-25T19:00:00+00:00,AWS-RAN-103,20.6,977.7,46.0,False,,low,0.4,NORMAL,17.7,941.7,52.0,HEALTHY,replay,0.7,0.0
2025-01-25T20:00:00+00:00,AWS-RAN-103,18.8,978.4,53.0,False,,low,0.7,NORMAL,16.6,954.58,53.0,HEALTHY,replay,1.2,0.0
2025-01-25T21:00:00+00:00,AWS-RAN-103,17.8,978.7,59.0,False,,low,0.5,NORMAL,16.4,944.65,54.0,HEALTHY,replay,0.8,0.0
2025-01-25T22:00:00+00:00,AWS-RAN-103,16.7,978.9,63.0,False,,low,0.4,NORMAL,15.8,942.67,52.0,HEALTHY,replay,0.7,0.0
2025-01-25T23:00:00+00:00,AWS-RAN-103,15.6,978.6,66.0,False,,low,0.2,NORMAL,15.3,941.9,50.0,HEALTHY,replay,0.4,0.0
2025-01-26T00:00:00+00:00,AWS-RAN-103,14.6,978.3,66.0,False,,low,0.2,NORMAL,14.9,941.4,48.0,HEALTHY,replay,0.3,0.0
2025-01-26T01:00:00+00:00,AWS-RAN-103,14.0,977.9,64.0,False,,low,0.2,NORMAL,13.7,951.1,54.0,HEALTHY,replay,0.3,0.0
2025-01-26T02:00:00+00:00,AWS-RAN-103,13.2,977.7,63.0,False,,low,0.2,NORMAL,12.8,940.6,58.0,HEALTHY,replay,0.3,0.0
2025-01-26T03:00:00+00:00,AWS-RAN-103,12.7,977.6,63.0,False,,low,0.2,NORMAL,12.0,940.3,60.0,HEALTHY,replay,0.4,0.0
2025-01-26T04:00:00+00:00,AWS-RAN-103,12.1,977.7,64.0,False,,low,0.3,NORMAL,11.2,940.2,62.0,HEALTHY,replay,0.5,0.0
2025-01-26T05:00:00+00:00,AWS-RAN-103,10.8,978.0,70.0,False,,low,0.8,NORMAL,10.4,940.6,63.0,HEALTHY,replay,1.3,0.0
2025-01-26T06:00:00+00:00,AWS-RAN-103,10.2,978.9,80.0,False,,low,3.6,NORMAL,9.7,941.5,70.0,HEALTHY,replay,6.1,0.0
2025-01-26T07:00:00+00:00,AWS-RAN-103,12.7,979.8,67.0,False,,low,1.8,NORMAL,11.9,942.7,59.0,HEALTHY,replay,3.1,0.0
2025-01-26T08:00:00+00:00,AWS-RAN-103,17.8,981.3,46.0,False,,low,39.5,NORMAL,15.5,944.4,45.0,HEALTHY,replay,65.8,0.0
2025-01-26T09:00:00+00:00,AWS-RAN-103,20.4,982.0,33.0,False,,low,47.1,NORMAL,18.1,945.3,35.0,HEALTHY,replay,78.6,0.0
2025-01-26T10:00:00+00:00,AWS-RAN-103,21.9,981.6,28.0,False,,low,9.3,NORMAL,20.1,945.1,30.0,HEALTHY,replay,15.5,0.0
2025-01-26T11:00:00+00:00,AWS-RAN-103,23.1,980.6,27.0,False,,low,6.0,NORMAL,21.4,944.4,27.0,HEALTHY,replay,9.9,0.0
2025-01-26T12:00:00+00:00,AWS-RAN-103,23.9,979.1,25.0,False,,low,8.6,NORMAL,22.3,943.0,24.0,HEALTHY,replay,14.4,0.0
2025-01-26T13:00:00+00:00,AWS-RAN-103,24.6,977.9,24.0,False,,low,6.9,NORMAL,23.0,942.0,23.0,HEALTHY,replay,11.5,0.0
2025-01-26T14:00:00+00:00,AWS-RAN-103,25.0,976.9,24.0,False,,low,5.7,NORMAL,23.4,941.2,21.0,HEALTHY,replay,9.6,0.0
2025-01-26T15:00:00+00:00,AWS-RAN-103,25.0,976.2,24.0,False,,low,2.1,NORMAL,23.4,940.5,22.0,HEALTHY,replay,3.5,0.0
2025-01-26T16:00:00+00:00,AWS-RAN-103,24.3,975.8,25.0,False,,low,0.9,NORMAL,22.6,940.2,25.0,HEALTHY,replay,1.6,0.0
2025-01-26T17:00:00+00:00,AWS-RAN-103,20.6,975.6,34.0,False,,low,1.7,NORMAL,19.6,939.6,32.0,HEALTHY,replay,2.9,0.0
2025-01-26T18:00:00+00:00,AWS-RAN-103,19.3,975.9,38.0,False,,low,1.2,NORMAL,17.8,939.8,40.0,HEALTHY,replay,2.0,0.0
2025-01-26T19:00:00+00:00,AWS-RAN-103,18.4,976.9,38.0,False,,low,0.4,NORMAL,16.6,940.3,42.0,HEALTHY,replay,0.7,0.0
2025-01-26T20:00:00+00:00,AWS-RAN-103,16.9,977.0,42.0,False,,low,0.2,NORMAL,15.5,940.5,47.0,HEALTHY,replay,0.4,0.0
2025-01-26T21:00:00+00:00,AWS-RAN-103,15.3,977.4,49.0,False,,low,0.4,NORMAL,14.4,940.9,51.0,HEALTHY,replay,0.6,0.0
2025-01-26T22:00:00+00:00,AWS-RAN-103,13.8,977.2,57.0,False,,low,1.2,NORMAL,13.8,940.5,52.0,HEALTHY,replay,2.1,0.0
2025-01-26T23:00:00+00:00,AWS-RAN-103,13.3,977.0,60.0,False,,low,0.2,NORMAL,13.4,940.2,52.0,HEALTHY,replay,0.4,0.0
2025-01-27T00:00:00+00:00,AWS-RAN-103,13.1,976.3,60.0,False,,low,0.2,NORMAL,12.8,939.3,52.0,HEALTHY,replay,0.3,0.0
2025-01-27T01:00:00+00:00,AWS-RAN-103,12.7,976.0,60.0,False,,low,0.1,NORMAL,12.7,938.9,52.0,HEALTHY,replay,0.2,0.0
2025-01-27T02:00:00+00:00,AWS-RAN-103,12.4,975.6,59.0,False,,low,0.1,NORMAL,12.2,938.4,54.0,HEALTHY,replay,0.2,0.0
2025-01-27T03:00:00+00:00,AWS-RAN-103,11.7,975.5,61.0,False,,low,0.2,NORMAL,11.4,938.3,58.0,HEALTHY,replay,0.3,0.0
2025-01-27T04:00:00+00:00,AWS-RAN-103,11.0,975.5,64.0,False,,low,0.3,NORMAL,10.8,938.3,62.0,HEALTHY,replay,0.5,0.0
2025-01-27T05:00:00+00:00,AWS-RAN-103,10.5,975.8,68.0,False,,low,0.7,NORMAL,10.5,938.6,64.0,HEALTHY,replay,1.2,0.0
2025-01-27T06:00:00+00:00,AWS-RAN-103,9.8,976.5,73.0,False,,low,0.8,NORMAL,9.8,939.1,69.0,HEALTHY,replay,1.4,0.0
2025-01-27T07:00:00+00:00,AWS-RAN-103,12.3,977.6,63.0,False,,low,1.2,NORMAL,11.5,940.2,61.0,HEALTHY,replay,2.1,0.0
2025-01-27T08:00:00+00:00,AWS-RAN-103,16.7,978.7,47.0,False,,low,16.2,NORMAL,15.0,941.8,49.0,HEALTHY,replay,27.0,0.0
2025-01-27T09:00:00+00:00,AWS-RAN-103,19.7,979.2,38.0,False,,low,10.7,NORMAL,17.6,942.6,37.0,HEALTHY,replay,17.8,0.0
2025-01-27T10:00:00+00:00,AWS-RAN-103,22.3,979.0,30.0,False,,low,7.6,NORMAL,19.8,942.8,28.0,HEALTHY,replay,12.6,0.0
2025-01-27T11:00:00+00:00,AWS-RAN-103,24.5,978.0,21.0,False,,low,13.4,NORMAL,21.7,942.4,22.0,HEALTHY,replay,22.4,0.0
2025-01-27T12:00:00+00:00,AWS-RAN-103,26.0,976.7,15.0,False,,low,21.4,NORMAL,23.2,941.1,21.0,HEALTHY,replay,35.7,0.0
2025-01-27T13:00:00+00:00,AWS-RAN-103,26.9,975.6,13.0,False,,low,12.1,NORMAL,24.0,940.1,20.0,HEALTHY,replay,20.2,0.0
2025-01-27T14:00:00+00:00,AWS-RAN-103,27.1,974.7,14.0,False,,low,4.6,NORMAL,24.0,939.3,20.0,HEALTHY,replay,7.6,0.0
2025-01-27T15:00:00+00:00,AWS-RAN-103,26.6,974.4,15.0,False,,low,2.1,NORMAL,23.6,939.0,20.0,HEALTHY,replay,3.5,0.0
2025-01-27T16:00:00+00:00,AWS-RAN-103,25.4,974.4,16.0,False,,low,0.9,NORMAL,22.3,938.9,22.0,HEALTHY,replay,1.4,0.0
2025-01-27T17:00:00+00:00,AWS-RAN-103,21.7,974.5,23.0,False,,low,2.1,NORMAL,17.9,938.5,27.0,HEALTHY,replay,3.5,0.0
2025-01-27T18:00:00+00:00,AWS-RAN-103,20.0,974.2,28.0,False,,low,2.2,NORMAL,16.8,938.1,32.0,HEALTHY,replay,3.6,0.0
2025-01-27T19:00:00+00:00,AWS-RAN-103,18.5,975.0,31.0,False,,low,1.9,NORMAL,15.8,938.7,36.0,HEALTHY,replay,3.1,0.0
2025-01-27T20:00:00+00:00,AWS-RAN-103,16.8,975.4,35.0,False,,low,1.1,NORMAL,14.6,938.8,39.0,HEALTHY,replay,1.9,0.0
2025-01-27T21:00:00+00:00,AWS-RAN-103,15.0,976.1,40.0,False,,low,1.1,NORMAL,13.7,939.1,42.0,HEALTHY,replay,1.8,0.0
2025-01-27T22:00:00+00:00,AWS-RAN-103,14.0,976.1,44.0,False,,low,0.6,NORMAL,13.5,939.0,43.0,HEALTHY,replay,1.0,0.0
2025-01-27T23:00:00+00:00,AWS-RAN-103,13.5,975.5,45.0,False,,low,0.3,NORMAL,13.4,938.6,45.0,HEALTHY,replay,0.5,0.0
2025-01-28T00:00:00+00:00,AWS-RAN-103,12.9,975.4,47.0,False,,low,0.3,NORMAL,13.4,938.3,45.0,HEALTHY,replay,0.5,0.0
2025-01-28T01:00:00+00:00,AWS-RAN-103,12.3,975.1,50.0,False,,low,0.3,NORMAL,12.9,938.0,47.0,HEALTHY,replay,0.5,0.0
2025-01-28T02:00:00+00:00,AWS-RAN-103,11.7,974.8,54.0,False,,low,0.3,NORMAL,11.9,937.6,51.0,HEALTHY,replay,0.4,0.0
2025-01-28T03:00:00+00:00,AWS-RAN-103,11.2,974.4,57.0,False,,low,0.2,NORMAL,11.0,951.98,55.0,HEALTHY,replay,0.4,0.0
2025-01-28T04:00:00+00:00,AWS-RAN-103,10.7,974.3,60.0,False,,low,0.2,NORMAL,10.6,936.8,58.0,HEALTHY,replay,0.4,0.0
2025-01-28T05:00:00+00:00,AWS-RAN-103,10.1,974.9,63.0,False,,low,0.3,NORMAL,10.3,937.3,61.0,HEALTHY,replay,0.5,0.0
2025-01-28T06:00:00+00:00,AWS-RAN-103,9.4,976.1,73.0,False,,low,2.1,NORMAL,10.0,938.5,71.0,HEALTHY,replay,3.6,0.0
2025-01-28T07:00:00+00:00,AWS-RAN-103,12.0,977.6,63.0,False,,low,3.2,NORMAL,11.9,940.2,64.0,HEALTHY,replay,5.3,0.0
2025-01-28T08:00:00+00:00,AWS-RAN-103,16.9,979.2,47.0,False,,low,16.7,NORMAL,15.8,942.1,50.0,HEALTHY,replay,27.8,0.0
2025-01-28T09:00:00+00:00,AWS-RAN-103,19.7,980.1,40.0,False,,low,20.8,NORMAL,18.5,943.5,39.0,HEALTHY,replay,34.7,0.0
2025-01-28T10:00:00+00:00,AWS-RAN-103,21.8,980.1,35.0,False,,low,6.7,NORMAL,20.4,943.7,31.0,HEALTHY,replay,11.2,0.0
2025-01-28T11:00:00+00:00,AWS-RAN-103,23.3,979.1,32.0,False,,low,5.6,NORMAL,21.9,943.0,26.0,HEALTHY,replay,9.3,0.0
2025-01-28T12:00:00+00:00,AWS-RAN-103,24.5,978.0,29.0,False,,low,5.5,NORMAL,23.0,942.1,23.0,HEALTHY,replay,9.2,0.0
2025-01-28T13:00:00+00:00,AWS-RAN-103,25.3,977.0,27.0,False,,low,3.3,NORMAL,23.8,941.2,22.0,HEALTHY,replay,5.6,0.0
2025-01-28T14:00:00+00:00,AWS-RAN-103,25.7,976.2,26.0,False,,low,1.3,NORMAL,24.3,940.6,21.0,HEALTHY,replay,2.1,0.0
2025-01-28T15:00:00+00:00,AWS-RAN-103,25.4,975.9,27.0,False,,low,0.7,NORMAL,24.3,940.3,21.0,HEALTHY,replay,1.2,0.0
2025-01-28T16:00:00+00:00,AWS-RAN-103,23.9,976.1,30.0,False,,low,0.6,NORMAL,23.2,940.3,22.0,HEALTHY,replay,1.0,0.0
2025-01-28T17:00:00+00:00,AWS-RAN-103,20.4,976.3,38.0,False,,low,1.4,NORMAL,19.2,940.1,30.0,HEALTHY,replay,2.4,0.0
2025-01-28T18:00:00+00:00,AWS-RAN-103,19.3,976.7,42.0,False,,low,0.5,NORMAL,18.3,940.7,38.0,HEALTHY,replay,0.9,0.0
2025-01-28T19:00:00+00:00,AWS-RAN-103,18.5,977.5,45.0,False,,low,0.6,NORMAL,16.1,941.2,47.0,HEALTHY,replay,1.1,0.0
2025-01-28T20:00:00+00:00,AWS-RAN-103,18.0,978.1,46.0,False,,low,0.2,NORMAL,15.9,941.9,49.0,HEALTHY,replay,0.4,0.0
2025-01-28T21:00:00+00:00,AWS-RAN-103,17.1,978.4,47.0,False,,low,0.2,NORMAL,15.2,942.3,50.0,HEALTHY,replay,0.4,0.0
2025-01-28T22:00:00+00:00,AWS-RAN-103,14.6,978.7,54.0,False,,low,0.4,NORMAL,14.5,942.4,49.0,HEALTHY,replay,0.6,0.0
2025-01-28T23:00:00+00:00,AWS-RAN-103,14.1,978.7,55.0,False,,low,0.3,NORMAL,14.8,941.9,51.0,HEALTHY,replay,0.5,0.0
2025-01-29T00:00:00+00:00,AWS-RAN-103,14.4,978.8,53.0,False,,low,0.6,NORMAL,14.8,942.1,52.0,HEALTHY,replay,0.9,0.0
2025-01-29T01:00:00+00:00,AWS-RAN-103,13.5,978.6,56.0,False,,low,0.4,NORMAL,14.4,941.7,52.0,HEALTHY,replay,0.7,0.0
2025-01-29T02:00:00+00:00,AWS-RAN-103,13.5,978.2,57.0,False,,low,0.4,NORMAL,13.9,941.2,52.0,HEALTHY,replay,0.6,0.0
2025-01-29T03:00:00+00:00,AWS-RAN-103,13.9,978.2,56.0,False,,low,1.0,NORMAL,13.6,940.8,53.0,HEALTHY,replay,1.6,0.0
2025-01-29T04:00:00+00:00,AWS-RAN-103,14.2,978.3,56.0,False,,low,2.1,NORMAL,13.2,940.8,56.0,HEALTHY,replay,3.5,0.0
2025-01-29T05:00:00+00:00,AWS-RAN-103,14.2,978.8,57.0,False,,low,2.8,NORMAL,11.7,941.3,64.0,HEALTHY,replay,4.6,0.0
2025-01-29T06:00:00+00:00,AWS-RAN-103,13.2,979.5,67.0,False,,low,2.8,NORMAL,10.7,941.9,74.0,HEALTHY,replay,4.6,0.0
2025-01-29T07:00:00+00:00,AWS-RAN-103,15.3,980.9,60.0,False,,low,2.0,NORMAL,13.0,943.4,68.0,HEALTHY,replay,3.3,0.0
2025-01-29T08:00:00+00:00,AWS-RAN-103,17.5,981.9,53.0,False,,low,2.3,NORMAL,16.3,944.9,58.0,HEALTHY,replay,3.9,0.0
2025-01-29T09:00:00+00:00,AWS-RAN-103,19.8,982.5,52.0,False,,low,2.2,NORMAL,19.3,945.9,52.0,HEALTHY,replay,3.7,0.0
2025-01-29T10:00:00+00:00,AWS-RAN-103,21.8,982.5,52.0,False,,low,1.8,NORMAL,21.7,946.2,47.0,HEALTHY,replay,3.1,0.0
2025-01-29T11:00:00+00:00,AWS-RAN-103,23.7,981.6,47.0,False,,low,2.0,NORMAL,23.5,945.6,39.0,HEALTHY,replay,3.3,0.0
2025-01-29T12:00:00+00:00,AWS-RAN-103,25.3,980.2,41.0,False,,low,3.7,NORMAL,24.9,944.4,33.0,HEALTHY,replay,6.1,0.0
2025-01-29T13:00:00+00:00,AWS-RAN-103,26.4,978.7,36.0,False,,low,6.2,NORMAL,25.8,943.1,28.0,HEALTHY,replay,10.3,0.0
2025-01-29T14:00:00+00:00,AWS-RAN-103,27.1,977.5,34.0,False,,low,6.2,NORMAL,26.3,942.1,26.0,HEALTHY,replay,10.3,0.0
2025-01-29T15:00:00+00:00,AWS-RAN-103,27.4,977.1,33.0,False,,low,2.3,NORMAL,26.1,941.8,26.0,HEALTHY,replay,3.8,0.0
2025-01-29T16:00:00+00:00,AWS-RAN-103,26.6,976.5,36.0,False,,low,5.9,NORMAL,24.9,941.3,27.0,HEALTHY,replay,9.9,0.0
2025-01-29T17:00:00+00:00,AWS-RAN-103,23.5,976.7,46.0,False,,low,2.8,NORMAL,21.8,940.9,33.0,HEALTHY,replay,4.7,0.0
2025-01-29T18:00:00+00:00,AWS-RAN-103,22.4,976.8,53.0,False,,low,3.0,NORMAL,20.0,940.9,47.0,HEALTHY,replay,5.0,0.0
2025-01-29T19:00:00+00:00,AWS-RAN-103,21.4,977.6,55.0,False,,low,1.3,NORMAL,18.7,941.6,61.0,HEALTHY,replay,2.2,0.0
2025-01-29T20:00:00+00:00,AWS-RAN-103,20.0,977.9,60.0,False,,low,0.6,NORMAL,18.4,941.9,63.0,HEALTHY,replay,0.9,0.0
2025-01-29T21:00:00+00:00,AWS-RAN-103,20.2,977.9,58.0,False,,low,0.6,NORMAL,17.8,941.6,62.0,HEALTHY,replay,1.0,0.0
2025-01-29T22:00:00+00:00,AWS-RAN-103,18.9,977.8,62.0,False,,low,1.0,NORMAL,17.3,941.4,61.0,HEALTHY,replay,1.6,0.0
2025-01-29T23:00:00+00:00,AWS-RAN-103,17.0,977.3,69.0,False,,low,1.4,NORMAL,17.1,941.0,63.0,HEALTHY,replay,2.3,0.0
2025-01-30T00:00:00+00:00,AWS-RAN-103,16.2,976.5,73.0,False,,low,1.2,NORMAL,17.0,940.4,65.0,HEALTHY,replay,2.0,0.0
2025-01-30T01:00:00+00:00,AWS-RAN-103,15.3,975.8,77.0,False,,low,1.8,NORMAL,16.6,939.7,70.0,HEALTHY,replay,2.9,0.0
2025-01-30T02:00:00+00:00,AWS-RAN-103,14.8,975.0,78.0,False,,low,3.6,NORMAL,16.1,938.8,75.0,HEALTHY,replay,6.0,0.0
2025-01-30T03:00:00+00:00,AWS-RAN-103,14.9,974.6,78.0,False,,low,1.6,NORMAL,15.7,938.3,78.0,HEALTHY,replay,2.7,0.0
2025-01-30T04:00:00+00:00,AWS-RAN-103,15.0,974.2,80.0,False,REGIONAL_EVENT,low,38.6,NORMAL,15.6,938.0,77.0,HEALTHY,replay,5.0,88.9
2025-01-30T05:00:00+00:00,AWS-RAN-103,14.8,974.4,83.0,False,,low,2.8,NORMAL,15.7,938.1,75.0,HEALTHY,replay,4.7,0.0
2025-01-30T06:00:00+00:00,AWS-RAN-103,14.8,975.5,82.0,False,,low,1.1,NORMAL,15.1,939.0,77.0,HEALTHY,replay,1.9,0.0
2025-01-30T07:00:00+00:00,AWS-RAN-103,17.5,976.8,70.0,False,,low,12.5,NORMAL,16.5,940.4,72.0,HEALTHY,replay,20.8,0.0
2025-01-30T08:00:00+00:00,AWS-RAN-103,21.2,977.8,57.0,False,,low,24.9,NORMAL,19.3,941.6,63.0,HEALTHY,replay,41.6,0.0
2025-01-30T09:00:00+00:00,AWS-RAN-103,24.5,978.0,49.0,False,,low,28.4,NORMAL,22.3,942.4,55.0,HEALTHY,replay,47.3,0.0
2025-01-30T10:00:00+00:00,AWS-RAN-103,27.4,977.7,42.0,False,,low,28.4,NORMAL,24.9,942.5,46.0,HEALTHY,replay,47.3,0.0
2025-01-30T11:00:00+00:00,AWS-RAN-103,29.5,977.0,36.0,False,,low,26.0,NORMAL,26.8,942.1,36.0,HEALTHY,replay,43.4,0.0
2025-01-30T12:00:00+00:00,AWS-RAN-103,31.0,975.5,32.0,False,,low,38.9,NORMAL,28.0,941.0,36.0,HEALTHY,replay,64.8,0.0
2025-01-30T13:00:00+00:00,AWS-RAN-103,31.8,974.1,30.0,False,,low,28.0,NORMAL,28.6,939.6,35.0,HEALTHY,replay,46.7,0.0
2025-01-30T14:00:00+00:00,AWS-RAN-103,32.1,973.2,29.0,False,,low,22.9,NORMAL,28.8,938.7,32.0,HEALTHY,replay,38.1,0.0
2025-01-30T15:00:00+00:00,AWS-RAN-103,32.3,972.5,27.0,False,,low,23.6,NORMAL,28.3,938.0,32.0,HEALTHY,replay,39.3,0.0
2025-01-30T16:00:00+00:00,AWS-RAN-103,31.0,972.5,27.0,False,,low,10.4,NORMAL,26.7,938.0,36.0,HEALTHY,replay,17.3,0.0
2025-01-30T17:00:00+00:00,AWS-RAN-103,27.4,973.3,32.0,False,,low,11.4,NORMAL,23.4,938.3,42.0,HEALTHY,replay,18.9,0.0
2025-01-30T18:00:00+00:00,AWS-RAN-103,24.9,973.6,39.0,False,,low,10.8,NORMAL,21.5,938.3,50.0,HEALTHY,replay,18.0,0.0
2025-01-30T19:00:00+00:00,AWS-RAN-103,22.8,974.1,46.0,False,,low,6.1,NORMAL,19.9,938.9,54.0,HEALTHY,replay,10.1,0.0
2025-01-30T20:00:00+00:00,AWS-RAN-103,21.8,974.6,49.0,False,,low,2.2,NORMAL,19.1,939.1,57.0,HEALTHY,replay,3.6,0.0
2025-01-30T21:00:00+00:00,AWS-RAN-103,20.6,974.7,52.0,False,,low,1.3,NORMAL,19.1,939.1,59.0,HEALTHY,replay,2.2,0.0
2025-01-30T22:00:00+00:00,AWS-RAN-103,19.6,974.7,54.0,False,,low,1.4,NORMAL,18.2,938.8,60.0,HEALTHY,replay,2.3,0.0
2025-01-30T23:00:00+00:00,AWS-RAN-103,18.9,974.4,56.0,False,,low,1.5,NORMAL,17.5,938.3,60.0,HEALTHY,replay,2.6,0.0
2025-01-31T00:00:00+00:00,AWS-RAN-103,18.3,974.0,57.0,False,,low,3.4,NORMAL,16.7,937.7,60.0,HEALTHY,replay,5.7,0.0
2025-01-31T01:00:00+00:00,AWS-RAN-103,17.4,973.6,60.0,False,,low,2.4,NORMAL,16.7,937.3,60.0,HEALTHY,replay,4.0,0.0
2025-01-31T02:00:00+00:00,AWS-RAN-103,16.7,973.3,63.0,False,,low,1.8,NORMAL,16.5,936.9,62.0,HEALTHY,replay,3.0,0.0
2025-01-31T03:00:00+00:00,AWS-RAN-103,16.3,973.3,65.0,False,,low,1.0,NORMAL,16.2,936.9,64.0,HEALTHY,replay,1.6,0.0
2025-01-31T04:00:00+00:00,AWS-RAN-103,16.2,973.4,66.0,False,,low,1.1,NORMAL,15.7,937.6,67.0,HEALTHY,replay,1.9,0.0
2025-01-31T05:00:00+00:00,AWS-RAN-103,16.1,974.0,67.0,False,,low,1.9,NORMAL,15.2,938.1,70.0,HEALTHY,replay,3.2,0.0
2025-01-31T06:00:00+00:00,AWS-RAN-103,15.6,974.9,77.0,False,,low,2.1,NORMAL,14.5,938.7,78.0,HEALTHY,replay,3.5,0.0
2025-01-31T07:00:00+00:00,AWS-RAN-103,17.9,976.3,67.0,False,,low,3.2,NORMAL,16.7,940.4,68.0,HEALTHY,replay,5.3,0.0
2025-01-31T08:00:00+00:00,AWS-RAN-103,21.6,977.9,52.0,False,,low,15.9,NORMAL,21.2,942.0,54.0,HEALTHY,replay,26.4,0.0
2025-01-31T09:00:00+00:00,AWS-RAN-103,23.7,978.9,49.0,False,,low,9.0,NORMAL,23.5,943.0,53.0,HEALTHY,replay,15.0,0.0
2025-01-31T10:00:00+00:00,AWS-RAN-103,25.7,978.7,45.0,False,,low,3.0,NORMAL,25.2,943.1,46.0,HEALTHY,replay,5.1,0.0
2025-01-31T11:00:00+00:00,AWS-RAN-103,27.5,977.7,43.0,False,,low,2.1,NORMAL,26.8,942.3,40.0,HEALTHY,replay,3.6,0.0
2025-01-31T12:00:00+00:00,AWS-RAN-103,29.2,976.5,40.0,False,,low,4.3,NORMAL,28.2,941.6,33.0,HEALTHY,replay,7.2,0.0
2025-01-31T13:00:00+00:00,AWS-RAN-103,31.2,975.2,32.0,False,,low,6.2,NORMAL,29.0,940.7,29.0,HEALTHY,replay,10.4,0.0
2025-01-31T14:00:00+00:00,AWS-RAN-103,32.0,974.3,23.0,False,,low,8.7,NORMAL,29.0,940.0,26.0,HEALTHY,replay,14.4,0.0
2025-01-31T15:00:00+00:00,AWS-RAN-103,31.9,973.9,22.0,False,,low,2.0,NORMAL,29.0,939.5,25.0,HEALTHY,replay,3.4,0.0
2025-01-31T16:00:00+00:00,AWS-RAN-103,31.1,974.0,22.0,False,,low,0.9,NORMAL,27.6,939.3,27.0,HEALTHY,replay,1.5,0.0
2025-01-31T17:00:00+00:00,AWS-RAN-103,26.8,974.6,37.0,False,,low,6.1,NORMAL,24.2,939.5,33.0,HEALTHY,replay,10.2,0.0
2025-01-31T18:00:00+00:00,AWS-RAN-103,24.1,975.2,45.0,False,,low,5.1,NORMAL,22.3,939.7,39.0,HEALTHY,replay,8.6,0.0
2025-01-31T19:00:00+00:00,AWS-RAN-103,23.2,975.6,47.0,False,,low,0.8,NORMAL,20.7,939.9,42.0,HEALTHY,replay,1.4,0.0
2025-01-31T20:00:00+00:00,AWS-RAN-103,21.4,976.3,51.0,False,,low,0.5,NORMAL,19.5,940.6,49.0,HEALTHY,replay,0.8,0.0
2025-01-31T21:00:00+00:00,AWS-RAN-103,20.3,977.0,51.0,False,,low,0.6,NORMAL,18.7,952.68,53.0,HEALTHY,replay,1.0,0.0
2025-01-31T22:00:00+00:00,AWS-RAN-103,19.2,976.8,52.0,False,,low,0.3,NORMAL,17.7,940.5,52.0,HEALTHY,replay,0.5,0.0
2025-01-31T23:00:00+00:00,AWS-RAN-103,17.5,976.4,56.0,False,,low,0.4,NORMAL,17.3,940.0,52.0,HEALTHY,replay,0.6,0.0
2025-02-01T00:00:00+00:00,AWS-RAN-103,16.7,975.9,57.0,False,,low,0.2,NORMAL,16.8,939.8,51.0,HEALTHY,replay,0.4,0.0
2025-02-01T01:00:00+00:00,AWS-RAN-103,16.6,975.5,56.0,False,,low,0.2,NORMAL,16.7,939.4,51.0,HEALTHY,replay,0.4,0.0
2025-02-01T02:00:00+00:00,AWS-RAN-103,17.1,975.1,54.0,False,,low,0.2,NORMAL,16.5,938.7,52.0,HEALTHY,replay,0.3,0.0
2025-02-01T03:00:00+00:00,AWS-RAN-103,18.1,975.0,53.0,False,,low,0.4,NORMAL,16.2,938.5,53.0,HEALTHY,replay,0.6,0.0
2025-02-01T04:00:00+00:00,AWS-RAN-103,18.1,975.1,57.0,False,,low,0.3,NORMAL,15.6,938.5,58.0,HEALTHY,replay,0.5,0.0
2025-02-01T05:00:00+00:00,AWS-RAN-103,17.7,975.6,60.0,False,,low,0.2,NORMAL,15.1,938.8,65.0,HEALTHY,replay,0.3,0.0
2025-02-01T06:00:00+00:00,AWS-RAN-103,16.6,976.3,74.0,False,,low,1.9,NORMAL,14.7,939.4,77.0,HEALTHY,replay,3.2,0.0
2025-02-01T07:00:00+00:00,AWS-RAN-103,18.8,977.8,65.0,False,,low,1.6,NORMAL,17.1,941.0,70.0,HEALTHY,replay,2.6,0.0
2025-02-01T08:00:00+00:00,AWS-RAN-103,21.6,979.1,52.0,False,,low,2.2,NORMAL,20.6,942.8,60.0,HEALTHY,replay,3.6,0.0
2025-02-01T09:00:00+00:00,AWS-RAN-103,23.4,980.1,48.0,False,,low,2.8,NORMAL,22.9,944.2,51.0,HEALTHY,replay,4.6,0.0
2025-02-01T10:00:00+00:00,AWS-RAN-103,25.1,980.0,48.0,False,,low,1.0,NORMAL,24.6,944.3,46.0,HEALTHY,replay,1.7,0.0
2025-02-01T11:00:00+00:00,AWS-RAN-103,26.7,979.0,48.0,False,,low,0.7,NORMAL,26.3,943.6,43.0,HEALTHY,replay,1.1,0.0
2025-02-01T12:00:00+00:00,AWS-RAN-103,28.2,977.7,43.0,False,,low,1.5,NORMAL,27.9,942.5,41.0,HEALTHY,replay,2.5,0.0
2025-02-01T13:00:00+00:00,AWS-RAN-103,29.7,976.7,40.0,False,,low,1.8,NORMAL,28.8,941.7,37.0,HEALTHY,replay,3.0,0.0
2025-02-01T14:00:00+00:00,AWS-RAN-103,30.6,975.5,36.0,False,,low,3.0,NORMAL,29.0,941.0,34.0,HEALTHY,replay,5.0,0.0
2025-02-01T15:00:00+00:00,AWS-RAN-103,31.1,975.3,30.0,False,,low,1.9,NORMAL,29.0,940.6,33.0,HEALTHY,replay,3.1,0.0
2025-02-01T16:00:00+00:00,AWS-RAN-103,30.9,975.1,29.0,False,,low,0.7,NORMAL,28.2,940.6,35.0,HEALTHY,replay,1.2,0.0
2025-02-01T17:00:00+00:00,AWS-RAN-103,27.8,975.9,37.0,False,,low,1.1,NORMAL,24.7,940.7,45.0,HEALTHY,replay,1.8,0.0
2025-02-01T18:00:00+00:00,AWS-RAN-103,25.4,976.4,48.0,False,,low,1.7,NORMAL,22.7,940.9,50.0,HEALTHY,replay,2.8,0.0
2025-02-01T19:00:00+00:00,AWS-RAN-103,24.7,976.7,50.0,False,,low,0.4,NORMAL,21.6,941.5,55.0,HEALTHY,replay,0.6,0.0
2025-02-01T20:00:00+00:00,AWS-RAN-103,22.2,977.0,58.0,False,,low,0.5,NORMAL,20.9,941.6,56.0,HEALTHY,replay,0.8,0.0
2025-02-01T21:00:00+00:00,AWS-RAN-103,21.6,977.7,59.0,False,,low,0.3,NORMAL,20.2,941.7,56.0,HEALTHY,replay,0.5,0.0
2025-02-01T22:00:00+00:00,AWS-RAN-103,20.9,977.7,60.0,False,,low,0.2,NORMAL,19.3,941.7,60.0,HEALTHY,replay,0.4,0.0
2025-02-01T23:00:00+00:00,AWS-RAN-103,20.2,977.3,62.0,False,,low,0.3,NORMAL,18.8,941.2,63.0,HEALTHY,replay,0.5,0.0
2025-02-02T00:00:00+00:00,AWS-RAN-103,20.5,976.8,62.0,False,,low,0.4,NORMAL,18.6,940.7,64.0,HEALTHY,replay,0.6,0.0
2025-02-02T01:00:00+00:00,AWS-RAN-103,20.2,976.4,64.0,False,,low,0.4,NORMAL,18.6,940.3,66.0,HEALTHY,replay,0.7,0.0
2025-02-02T02:00:00+00:00,AWS-RAN-103,19.4,975.8,68.0,False,,low,0.2,NORMAL,18.5,939.7,67.0,HEALTHY,replay,0.4,0.0
2025-02-02T03:00:00+00:00,AWS-RAN-103,18.6,975.4,72.0,False,,low,0.1,NORMAL,18.6,939.3,68.0,HEALTHY,replay,0.2,0.0
2025-02-02T04:00:00+00:00,AWS-RAN-103,17.8,975.2,77.0,False,,low,0.2,NORMAL,18.4,939.1,69.0,HEALTHY,replay,0.3,0.0
2025-02-02T05:00:00+00:00,AWS-RAN-103,17.4,975.8,80.0,False,,low,0.2,NORMAL,18.1,939.9,68.0,HEALTHY,replay,0.3,0.0
2025-02-02T06:00:00+00:00,AWS-RAN-103,19.0,977.1,77.0,False,,low,0.3,NORMAL,16.6,940.9,74.0,HEALTHY,replay,0.5,0.0
2025-02-02T07:00:00+00:00,AWS-RAN-103,20.8,978.5,69.0,False,,low,1.2,NORMAL,17.9,942.3,70.0,HEALTHY,replay,2.0,0.0
2025-02-02T08:00:00+00:00,AWS-RAN-103,23.1,979.5,57.0,False,,low,1.3,NORMAL,21.2,943.6,67.0,HEALTHY,replay,2.2,0.0
2025-02-02T09:00:00+00:00,AWS-RAN-103,25.0,980.2,51.0,False,,low,1.6,NORMAL,23.5,944.4,63.0,HEALTHY,replay,2.7,0.0
2025-02-02T10:00:00+00:00,AWS-RAN-103,26.7,980.0,48.0,False,,low,1.3,NORMAL,25.4,944.5,56.0,HEALTHY,replay,2.2,0.0
2025-02-02T11:00:00+00:00,AWS-RAN-103,28.2,978.9,45.0,False,,low,0.5,NORMAL,26.8,943.7,47.0,HEALTHY,replay,0.9,0.0
2025-02-02T12:00:00+00:00,AWS-RAN-103,29.7,977.7,41.0,False,,low,1.2,NORMAL,28.0,942.6,40.0,HEALTHY,replay,1.9,0.0
2025-02-02T13:00:00+00:00,AWS-RAN-103,31.5,976.3,35.0,False,,low,2.9,NORMAL,29.0,941.7,36.0,HEALTHY,replay,4.8,0.0
2025-02-02T14:00:00+00:00,AWS-RAN-103,32.4,975.4,31.0,False,,low,2.1,NORMAL,29.5,941.0,35.0,HEALTHY,replay,3.4,0.0
2025-02-02T15:00:00+00:00,AWS-RAN-103,32.0,975.1,29.0,False,,low,0.9,NORMAL,29.1,940.5,35.0,HEALTHY,replay,1.6,0.0
2025-02-02T16:00:00+00:00,AWS-RAN-103,30.8,975.2,30.0,False,,low,0.4,NORMAL,28.1,940.4,37.0,HEALTHY,replay,0.7,0.0
2025-02-02T17:00:00+00:00,AWS-RAN-103,27.4,975.3,38.0,False,,low,1.1,NORMAL,25.1,940.5,44.0,HEALTHY,replay,1.9,0.0
2025-02-02T18:00:00+00:00,AWS-RAN-103,25.3,975.9,46.0,False,,low,1.1,NORMAL,23.2,940.6,52.0,HEALTHY,replay,1.9,0.0
2025-02-02T19:00:00+00:00,AWS-RAN-103,23.5,976.5,50.0,False,,low,0.4,NORMAL,21.3,941.2,54.0,HEALTHY,replay,0.7,0.0
2025-02-02T20:00:00+00:00,AWS-RAN-103,22.2,977.1,55.0,False,,low,0.3,NORMAL,20.8,941.7,55.0,HEALTHY,replay,0.5,0.0
2025-02-02T21:00:00+00:00,AWS-RAN-103,20.8,977.3,61.0,False,,low,0.4,NORMAL,19.9,941.7,58.0,HEALTHY,replay,0.7,0.0
2025-02-02T22:00:00+00:00,AWS-RAN-103,19.7,977.4,65.0,False,,low,0.2,NORMAL,19.4,941.6,60.0,HEALTHY,replay,0.4,0.0
2025-02-02T23:00:00+00:00,AWS-RAN-103,19.0,977.1,67.0,False,,low,0.1,NORMAL,19.0,941.1,62.0,HEALTHY,replay,0.2,0.0
2025-02-03T00:00:00+00:00,AWS-RAN-103,18.6,976.7,68.0,False,,low,0.1,NORMAL,18.7,940.6,64.0,HEALTHY,replay,0.2,0.0
2025-02-03T01:00:00+00:00,AWS-RAN-103,18.4,976.4,68.0,False,,low,0.1,NORMAL,18.0,940.2,68.0,HEALTHY,replay,0.2,0.0
2025-02-03T02:00:00+00:00,AWS-RAN-103,18.2,976.0,69.0,False,,low,0.1,NORMAL,17.1,939.8,71.0,HEALTHY,replay,0.1,0.0
2025-02-03T03:00:00+00:00,AWS-RAN-103,17.4,975.8,73.0,False,,low,0.1,NORMAL,16.2,939.7,74.0,HEALTHY,replay,0.1,0.0
2025-02-03T04:00:00+00:00,AWS-RAN-103,16.3,975.8,79.0,False,,low,0.2,NORMAL,15.3,939.5,78.0,HEALTHY,replay,0.3,0.0
2025-02-03T05:00:00+00:00,AWS-RAN-103,15.8,976.3,81.0,False,,low,0.2,NORMAL,15.0,939.9,79.0,HEALTHY,replay,0.3,0.0
2025-02-03T06:00:00+00:00,AWS-RAN-103,15.8,977.4,84.0,False,,low,0.3,NORMAL,14.3,940.9,86.0,HEALTHY,replay,0.4,0.0
2025-02-03T07:00:00+00:00,AWS-RAN-103,18.2,978.5,72.0,False,,low,1.1,NORMAL,16.8,942.1,73.0,HEALTHY,replay,1.8,0.0
2025-02-03T08:00:00+00:00,AWS-RAN-103,22.5,979.8,54.0,False,,low,8.9,NORMAL,20.2,952.68,58.0,HEALTHY,replay,14.8,0.0
2025-02-03T09:00:00+00:00,AWS-RAN-103,24.7,980.6,46.0,False,,low,11.8,NORMAL,22.4,944.9,50.0,HEALTHY,replay,19.7,0.0
2025-02-03T10:00:00+00:00,AWS-RAN-103,26.3,980.6,42.0,False,,low,2.7,NORMAL,24.4,945.1,44.0,HEALTHY,replay,4.5,0.0
2025-02-03T11:00:00+00:00,AWS-RAN-103,27.8,979.5,39.0,False,,low,1.4,NORMAL,25.8,944.2,39.0,HEALTHY,replay,2.3,0.0
2025-02-03T12:00:00+00:00,AWS-RAN-103,29.1,978.2,35.0,False,,low,2.2,NORMAL,27.0,943.1,36.0,HEALTHY,replay,3.6,0.0
2025-02-03T13:00:00+00:00,AWS-RAN-103,30.3,977.0,31.0,False,,low,2.2,NORMAL,27.8,942.1,35.0,HEALTHY,replay,3.7,0.0
2025-02-03T14:00:00+00:00,AWS-RAN-103,31.2,976.1,26.0,False,,low,1.5,NORMAL,28.1,941.4,34.0,HEALTHY,replay,2.5,0.0
2025-02-03T15:00:00+00:00,AWS-RAN-103,30.9,976.2,27.0,False,,low,0.4,NORMAL,28.1,941.4,35.0,HEALTHY,replay,0.7,0.0
2025-02-03T16:00:00+00:00,AWS-RAN-103,29.5,976.3,30.0,False,,low,0.5,NORMAL,27.2,941.3,37.0,HEALTHY,replay,0.8,0.0
2025-02-03T17:00:00+00:00,AWS-RAN-103,26.6,976.8,37.0,False,,low,0.5,NORMAL,23.2,941.5,42.0,HEALTHY,replay,0.8,0.0
2025-02-03T18:00:00+00:00,AWS-RAN-103,24.1,977.5,43.0,False,,low,1.0,NORMAL,21.3,942.0,48.0,HEALTHY,replay,1.7,0.0
2025-02-03T19:00:00+00:00,AWS-RAN-103,22.4,978.3,48.0,False,,low,0.5,NORMAL,20.4,942.6,52.0,HEALTHY,replay,0.8,0.0
2025-02-03T20:00:00+00:00,AWS-RAN-103,21.1,979.2,51.0,False,,low,0.7,NORMAL,19.6,943.2,53.0,HEALTHY,replay,1.2,0.0
2025-02-03T21:00:00+00:00,AWS-RAN-103,20.1,979.5,53.0,False,,low,0.3,NORMAL,18.3,943.5,56.0,HEALTHY,replay,0.5,0.0
2025-02-03T22:00:00+00:00,AWS-RAN-103,19.2,979.4,56.0,False,,low,0.1,NORMAL,17.2,943.3,62.0,HEALTHY,replay,0.2,0.0
2025-02-03T23:00:00+00:00,AWS-RAN-103,18.1,979.4,61.0,False,,low,0.2,NORMAL,16.2,943.0,67.0,HEALTHY,replay,0.3,0.0
2025-02-04T00:00:00+00:00,AWS-RAN-103,17.1,979.0,66.0,False,,low,0.2,NORMAL,15.5,942.6,71.0,HEALTHY,replay,0.3,0.0
2025-02-04T01:00:00+00:00,AWS-RAN-103,16.1,978.4,72.0,False,,low,0.2,NORMAL,14.9,942.0,74.0,HEALTHY,replay,0.4,0.0
2025-02-04T02:00:00+00:00,AWS-RAN-103,15.1,977.5,78.0,False,,low,0.5,NORMAL,14.4,941.1,77.0,HEALTHY,replay,0.8,0.0
2025-02-04T03:00:00+00:00,AWS-RAN-103,14.5,977.1,82.0,False,,low,0.3,NORMAL,14.0,940.7,79.0,HEALTHY,replay,0.6,0.0
2025-02-04T04:00:00+00:00,AWS-RAN-103,14.2,977.0,84.0,False,,low,0.2,NORMAL,14.2,940.4,77.0,HEALTHY,replay,0.3,0.0
2025-02-04T05:00:00+00:00,AWS-RAN-103,13.8,977.5,86.0,False,,low,0.2,NORMAL,14.2,940.8,76.0,HEALTHY,replay,0.4,0.0
2025-02-04T06:00:00+00:00,AWS-RAN-103,13.9,978.3,87.0,False,,low,0.4,NORMAL,13.9,941.6,78.0,HEALTHY,replay,0.6,0.0
2025-02-04T07:00:00+00:00,AWS-RAN-103,16.9,979.3,72.0,False,,low,1.3,NORMAL,16.3,943.0,67.0,HEALTHY,replay,2.1,0.0
2025-02-04T08:00:00+00:00,AWS-RAN-103,22.0,980.5,52.0,False,,low,17.1,NORMAL,20.0,944.6,54.0,HEALTHY,replay,28.5,0.0
2025-02-04T09:00:00+00:00,AWS-RAN-103,25.0,981.0,41.0,False,,low,23.9,NORMAL,23.2,945.3,45.0,HEALTHY,replay,39.9,0.0
2025-02-04T10:00:00+00:00,AWS-RAN-103,27.4,980.7,35.0,False,,low,10.3,NORMAL,25.7,945.4,39.0,HEALTHY,replay,17.2,0.0
2025-02-04T11:00:00+00:00,AWS-RAN-103,29.5,979.5,31.0,False,,low,8.7,NORMAL,27.2,944.5,36.0,HEALTHY,replay,14.4,0.0
2025-02-04T12:00:00+00:00,AWS-RAN-103,31.4,978.1,27.0,False,,low,16.0,NORMAL,28.2,943.4,34.0,HEALTHY,replay,26.7,0.0
2025-02-04T13:00:00+00:00,AWS-RAN-103,32.6,976.9,24.0,False,,low,10.9,NORMAL,29.1,942.3,32.0,HEALTHY,replay,18.2,0.0
2025-02-04T14:00:00+00:00,AWS-RAN-103,31.9,976.2,26.0,False,,low,1.8,NORMAL,29.2,941.6,31.0,HEALTHY,replay,3.0,0.0
2025-02-04T15:00:00+00:00,AWS-RAN-103,30.9,976.0,27.0,False,,low,0.9,NORMAL,28.6,941.3,33.0,HEALTHY,replay,1.5,0.0
2025-02-04T16:00:00+00:00,AWS-RAN-103,29.8,976.1,29.0,False,,low,0.8,NORMAL,27.2,941.2,35.0,HEALTHY,replay,1.3,0.0
2025-02-04T17:00:00+00:00,AWS-RAN-103,26.9,976.2,35.0,False,,low,0.6,NORMAL,23.6,941.0,42.0,HEALTHY,replay,1.1,0.0
2025-02-04T18:00:00+00:00,AWS-RAN-103,24.7,976.2,40.0,False,,low,0.9,NORMAL,21.7,940.9,49.0,HEALTHY,replay,1.5,0.0
2025-02-04T19:00:00+00:00,AWS-RAN-103,23.0,976.8,45.0,False,,low,1.2,NORMAL,20.6,941.3,52.0,HEALTHY,replay,2.0,0.0
2025-02-04T20:00:00+00:00,AWS-RAN-103,21.5,977.3,50.0,False,,low,0.8,NORMAL,19.9,941.5,55.0,HEALTHY,replay,1.3,0.0
2025-02-04T21:00:00+00:00,AWS-RAN-103,20.1,977.3,55.0,False,,low,0.6,NORMAL,19.3,941.5,57.0,HEALTHY,replay,0.9,0.0
2025-02-04T22:00:00+00:00,AWS-RAN-103,19.1,977.0,60.0,False,,low,0.7,NORMAL,19.5,941.3,55.0,HEALTHY,replay,1.2,0.0
2025-02-04T23:00:00+00:00,AWS-RAN-103,18.4,976.4,64.0,False,,low,0.5,NORMAL,19.1,940.6,58.0,HEALTHY,replay,0.8,0.0
2025-02-05T00:00:00+00:00,AWS-RAN-103,18.2,976.0,65.0,False,,low,0.3,NORMAL,17.9,939.9,64.0,HEALTHY,replay,0.4,0.0
2025-02-05T01:00:00+00:00,AWS-RAN-103,17.9,975.5,65.0,False,,low,0.3,NORMAL,17.4,939.4,67.0,HEALTHY,replay,0.5,0.0
2025-02-05T02:00:00+00:00,AWS-RAN-103,17.3,975.1,68.0,False,,low,0.3,NORMAL,16.9,939.1,68.0,HEALTHY,replay,0.6,0.0
2025-02-05T03:00:00+00:00,AWS-RAN-103,16.8,975.2,70.0,False,,low,0.4,NORMAL,16.8,938.9,67.0,HEALTHY,replay,0.6,0.0
2025-02-05T04:00:00+00:00,AWS-RAN-103,16.5,975.4,71.0,False,,low,0.4,NORMAL,16.9,939.1,65.0,HEALTHY,replay,0.7,0.0
2025-02-05T05:00:00+00:00,AWS-RAN-103,16.3,975.9,72.0,False,,low,0.6,NORMAL,17.1,939.8,63.0,HEALTHY,replay,0.9,0.0
2025-02-05T06:00:00+00:00,AWS-RAN-103,15.4,976.2,77.0,False,,low,0.5,NORMAL,16.8,940.1,67.0,HEALTHY,replay,0.8,0.0
2025-02-05T07:00:00+00:00,AWS-RAN-103,18.4,977.3,64.0,False,,low,1.1,NORMAL,18.9,941.2,61.0,HEALTHY,replay,1.8,0.0
2025-02-05T08:00:00+00:00,AWS-RAN-103,23.7,978.4,46.0,False,,low,19.1,NORMAL,22.6,942.7,50.0,HEALTHY,replay,31.8,0.0
2025-02-05T09:00:00+00:00,AWS-RAN-103,26.9,979.1,37.0,False,,low,16.9,NORMAL,25.7,943.8,42.0,HEALTHY,replay,28.1,0.0
2025-02-05T10:00:00+00:00,AWS-RAN-103,29.3,978.7,33.0,False,,low,8.2,NORMAL,27.7,943.7,37.0,HEALTHY,replay,13.7,0.0
2025-02-05T11:00:00+00:00,AWS-RAN-103,31.3,977.7,30.0,False,,low,8.4,NORMAL,29.1,950.02,34.0,HEALTHY,replay,14.0,0.0
2025-02-05T12:00:00+00:00,AWS-RAN-103,33.4,976.2,25.0,False,,low,33.2,NORMAL,30.0,950.08,33.0,HEALTHY,replay,55.3,0.0
2025-02-05T13:00:00+00:00,AWS-RAN-103,34.2,974.9,21.0,False,,low,21.2,NORMAL,31.2,940.9,31.0,HEALTHY,replay,35.4,0.0
2025-02-05T14:00:00+00:00,AWS-RAN-103,33.7,974.1,23.0,False,,low,7.5,NORMAL,30.6,948.56,29.0,HEALTHY,replay,12.5,0.0
2025-02-05T15:00:00+00:00,AWS-RAN-103,32.8,973.8,24.0,False,,low,3.4,NORMAL,30.8,939.4,28.0,HEALTHY,replay,5.7,0.0
2025-02-05T16:00:00+00:00,AWS-RAN-103,32.0,973.7,25.0,False,,low,2.8,NORMAL,29.4,939.4,33.0,HEALTHY,replay,4.6,0.0
2025-02-05T17:00:00+00:00,AWS-RAN-103,29.5,974.3,32.0,False,,low,3.2,NORMAL,26.3,939.6,39.0,HEALTHY,replay,5.4,0.0
2025-02-05T18:00:00+00:00,AWS-RAN-103,27.0,974.8,37.0,False,,low,1.8,NORMAL,24.1,939.9,46.0,HEALTHY,replay,2.9,0.0
2025-02-05T19:00:00+00:00,AWS-RAN-103,25.0,975.6,43.0,False,,low,2.3,NORMAL,22.8,940.4,51.0,HEALTHY,replay,3.9,0.0
2025-02-05T20:00:00+00:00,AWS-RAN-103,24.3,976.5,47.0,False,,low,1.9,NORMAL,21.1,941.2,58.0,HEALTHY,replay,3.2,0.0
2025-02-05T21:00:00+00:00,AWS-RAN-103,23.0,976.9,53.0,False,,low,2.1,NORMAL,20.1,941.5,64.0,HEALTHY,replay,3.5,0.0
2025-02-05T22:00:00+00:00,AWS-RAN-103,21.8,977.0,58.0,False,,low,1.8,NORMAL,19.6,941.3,65.0,HEALTHY,replay,3.0,0.0
2025-02-05T23:00:00+00:00,AWS-RAN-103,20.5,976.9,64.0,False,,low,1.0,NORMAL,19.3,941.2,68.0,HEALTHY,replay,1.7,0.0
2025-02-06T00:00:00+00:00,AWS-RAN-103,20.5,976.9,64.0,False,,low,0.8,NORMAL,18.8,941.2,69.0,HEALTHY,replay,1.3,0.0
2025-02-06T01:00:00+00:00,AWS-RAN-103,19.9,976.5,66.0,False,,low,0.8,NORMAL,18.5,940.6,70.0,HEALTHY,replay,1.4,0.0
2025-02-06T02:00:00+00:00,AWS-RAN-103,19.7,976.1,67.0,False,,low,0.3,NORMAL,18.1,940.2,71.0,HEALTHY,replay,0.5,0.0
2025-02-06T03:00:00+00:00,AWS-RAN-103,19.4,976.0,67.0,False,,low,0.8,NORMAL,17.8,940.1,73.0,HEALTHY,replay,1.3,0.0
2025-02-06T04:00:00+00:00,AWS-RAN-103,19.1,976.1,68.0,False,,low,0.5,NORMAL,17.5,939.9,76.0,HEALTHY,replay,0.9,0.0
2025-02-06T05:00:00+00:00,AWS-RAN-103,18.7,976.7,71.0,False,,low,0.3,NORMAL,17.1,940.5,78.0,HEALTHY,replay,0.5,0.0
2025-02-06T06:00:00+00:00,AWS-RAN-103,18.3,977.7,75.0,False,,low,0.3,NORMAL,16.8,941.4,82.0,HEALTHY,replay,0.5,0.0
2025-02-06T07:00:00+00:00,AWS-RAN-103,19.9,978.6,68.0,False,,low,0.3,NORMAL,17.9,942.3,79.0,HEALTHY,replay,0.4,0.0
2025-02-06T08:00:00+00:00,AWS-RAN-103,22.3,979.5,59.0,False,,low,0.4,NORMAL,19.9,943.3,71.0,HEALTHY,replay,0.7,0.0
2025-02-06T09:00:00+00:00,AWS-RAN-103,24.4,980.0,53.0,False,,low,0.7,NORMAL,21.9,944.1,61.0,HEALTHY,replay,1.2,0.0
2025-02-06T10:00:00+00:00,AWS-RAN-103,26.6,979.6,46.0,False,,low,1.2,NORMAL,23.9,944.1,51.0,HEALTHY,replay,2.0,0.0
2025-02-06T11:00:00+00:00,AWS-RAN-103,28.7,979.0,38.0,False,,low,1.7,NORMAL,25.8,943.9,44.0,HEALTHY,replay,2.9,0.0
2025-02-06T12:00:00+00:00,AWS-RAN-103,30.3,977.9,31.0,False,,low,5.2,NORMAL,27.0,943.0,38.0,HEALTHY,replay,8.6,0.0
2025-02-06T13:00:00+00:00,AWS-RAN-103,30.9,976.9,28.0,False,,low,2.5,NORMAL,27.5,942.1,34.0,HEALTHY,replay,4.1,0.0
2025-02-06T14:00:00+00:00,AWS-RAN-103,30.6,976.2,27.0,False,,low,0.8,NORMAL,27.6,950.09,26.0,HEALTHY,replay,1.3,0.0
2025-02-06T15:00:00+00:00,AWS-RAN-103,30.0,975.7,27.0,False,,low,0.7,NORMAL,27.6,940.9,22.0,HEALTHY,replay,1.1,0.0
2025-02-06T16:00:00+00:00,AWS-RAN-103,28.8,975.8,26.0,False,,low,0.8,NORMAL,26.6,940.7,32.0,HEALTHY,replay,1.3,0.0
2025-02-06T17:00:00+00:00,AWS-RAN-103,26.2,976.3,28.0,False,,low,0.7,NORMAL,22.7,949.57,35.0,HEALTHY,replay,1.2,0.0
2025-02-06T18:00:00+00:00,AWS-RAN-103,23.7,976.8,35.0,False,,low,1.1,NORMAL,20.6,941.2,34.0,HEALTHY,replay,1.9,0.0
2025-02-06T19:00:00+00:00,AWS-RAN-103,22.2,977.5,32.0,False,,low,2.0,NORMAL,18.8,941.7,35.0,HEALTHY,replay,3.3,0.0
2025-02-06T20:00:00+00:00,AWS-RAN-103,21.2,978.1,28.0,False,,low,1.5,NORMAL,17.6,942.2,31.0,HEALTHY,replay,2.6,0.0
2025-02-06T21:00:00+00:00,AWS-RAN-103,20.1,978.3,26.0,False,,low,1.2,NORMAL,17.0,942.2,29.0,HEALTHY,replay,2.0,0.0
2025-02-06T22:00:00+00:00,AWS-RAN-103,19.2,978.4,25.0,False,,low,1.3,NORMAL,16.6,942.3,28.0,HEALTHY,replay,2.1,0.0
2025-02-06T23:00:00+00:00,AWS-RAN-103,18.6,978.4,25.0,False,,low,1.1,NORMAL,15.8,942.1,28.0,HEALTHY,replay,1.8,0.0
2025-02-07T00:00:00+00:00,AWS-RAN-103,18.0,977.7,24.0,False,,low,0.7,NORMAL,15.1,941.4,29.0,HEALTHY,replay,1.2,0.0
2025-02-07T01:00:00+00:00,AWS-RAN-103,17.4,977.2,25.0,False,,low,0.7,NORMAL,14.6,940.9,31.0,HEALTHY,replay,1.1,0.0
2025-02-07T02:00:00+00:00,AWS-RAN-103,16.8,976.8,27.0,False,,low,0.4,NORMAL,14.2,940.3,33.0,HEALTHY,replay,0.7,0.0
2025-02-07T03:00:00+00:00,AWS-RAN-103,16.5,976.6,29.0,False,,low,0.4,NORMAL,13.7,940.1,36.0,HEALTHY,replay,0.7,0.0
2025-02-07T04:00:00+00:00,AWS-RAN-103,16.0,976.7,32.0,False,,low,0.4,NORMAL,13.3,940.1,40.0,HEALTHY,replay,0.7,0.0
2025-02-07T05:00:00+00:00,AWS-RAN-103,15.1,977.3,36.0,False,,low,0.7,NORMAL,12.9,940.6,43.0,HEALTHY,replay,1.2,0.0
2025-02-07T06:00:00+00:00,AWS-RAN-103,13.7,978.4,46.0,False,,low,8.0,NORMAL,12.2,941.5,52.0,HEALTHY,replay,13.3,0.0
2025-02-07T07:00:00+00:00,AWS-RAN-103,16.4,979.5,40.0,False,,low,3.7,NORMAL,13.4,942.6,50.0,HEALTHY,replay,6.1,0.0
2025-02-07T08:00:00+00:00,AWS-RAN-103,19.2,980.7,35.0,False,,low,11.0,NORMAL,16.1,944.1,42.0,HEALTHY,replay,18.3,0.0
2025-02-07T09:00:00+00:00,AWS-RAN-103,22.4,981.6,28.0,False,,low,20.3,NORMAL,18.7,945.3,34.0,HEALTHY,replay,33.9,0.0
2025-02-07T10:00:00+00:00,AWS-RAN-103,25.1,981.4,21.0,False,,low,16.7,NORMAL,21.2,945.6,29.0,HEALTHY,replay,27.9,0.0
2025-02-07T11:00:00+00:00,AWS-RAN-103,27.4,980.6,16.0,False,,low,18.7,NORMAL,23.3,945.1,22.0,HEALTHY,replay,31.1,0.0
2025-02-07T12:00:00+00:00,AWS-RAN-103,29.2,979.3,12.0,False,,low,17.0,NORMAL,24.9,944.1,17.0,HEALTHY,replay,28.3,0.0
2025-02-07T13:00:00+00:00,AWS-RAN-103,30.2,978.5,11.0,False,,low,4.3,NORMAL,26.0,943.4,16.0,HEALTHY,replay,7.2,0.0
2025-02-07T14:00:00+00:00,AWS-RAN-103,30.1,977.5,12.0,False,,low,2.0,NORMAL,26.4,942.4,16.0,HEALTHY,replay,3.3,0.0
2025-02-07T15:00:00+00:00,AWS-RAN-103,29.6,977.0,13.0,False,,low,0.9,NORMAL,26.0,942.0,16.0,HEALTHY,replay,1.5,0.0
2025-02-07T16:00:00+00:00,AWS-RAN-103,28.6,977.0,14.0,False,,low,0.6,NORMAL,24.6,941.8,18.0,HEALTHY,replay,1.0,0.0
2025-02-07T17:00:00+00:00,AWS-RAN-103,24.8,976.9,19.0,False,,low,1.3,NORMAL,21.3,941.3,26.0,HEALTHY,replay,2.2,0.0
2025-02-07T18:00:00+00:00,AWS-RAN-103,22.6,977.5,23.0,False,,low,1.0,NORMAL,19.4,941.7,33.0,HEALTHY,replay,1.7,0.0
2025-02-07T19:00:00+00:00,AWS-RAN-103,20.8,978.4,29.0,False,,low,1.2,NORMAL,18.4,942.4,34.0,HEALTHY,replay,2.1,0.0
2025-02-07T20:00:00+00:00,AWS-RAN-103,19.1,979.0,35.0,False,,low,0.8,NORMAL,17.0,942.8,38.0,HEALTHY,replay,1.3,0.0
2025-02-07T21:00:00+00:00,AWS-RAN-103,18.0,979.2,38.0,False,,low,0.5,NORMAL,16.3,943.0,36.0,HEALTHY,replay,0.9,0.0
2025-02-07T22:00:00+00:00,AWS-RAN-103,17.1,979.3,36.0,False,,low,0.7,NORMAL,16.5,943.0,32.0,HEALTHY,replay,1.2,0.0
2025-02-07T23:00:00+00:00,AWS-RAN-103,16.3,979.0,35.0,False,,low,0.3,NORMAL,16.4,942.8,32.0,HEALTHY,replay,0.6,0.0
2025-02-08T00:00:00+00:00,AWS-RAN-103,16.2,978.3,33.0,False,,low,0.2,NORMAL,15.7,942.0,34.0,HEALTHY,replay,0.4,0.0
2025-02-08T01:00:00+00:00,AWS-RAN-103,16.2,977.8,32.0,False,,low,0.2,NORMAL,14.9,941.3,36.0,HEALTHY,replay,0.3,0.0
2025-02-08T02:00:00+00:00,AWS-RAN-103,14.9,977.1,36.0,False,,low,0.2,NORMAL,14.1,940.5,37.0,HEALTHY,replay,0.3,0.0
2025-02-08T03:00:00+00:00,AWS-RAN-103,13.9,977.1,39.0,False,,low,0.1,NORMAL,13.4,940.4,38.0,HEALTHY,replay,0.2,0.0
2025-02-08T04:00:00+00:00,AWS-RAN-103,13.3,977.2,41.0,False,,low,0.2,NORMAL,12.8,940.4,43.0,HEALTHY,replay,0.4,0.0
2025-02-08T05:00:00+00:00,AWS-RAN-103,12.9,977.8,44.0,False,,low,0.3,NORMAL,12.4,940.9,47.0,HEALTHY,replay,0.6,0.0
2025-02-08T06:00:00+00:00,AWS-RAN-103,13.2,979.0,51.0,False,,low,1.4,NORMAL,11.7,941.8,52.0,HEALTHY,replay,2.3,0.0
2025-02-08T07:00:00+00:00,AWS-RAN-103,15.4,980.3,46.0,False,,low,3.5,NORMAL,13.3,943.1,47.0,HEALTHY,replay,5.8,0.0
2025-02-08T08:00:00+00:00,AWS-RAN-103,19.0,981.2,35.0,False,,low,4.1,NORMAL,16.6,944.4,38.0,HEALTHY,replay,6.8,0.0
2025-02-08T09:00:00+00:00,AWS-RAN-103,22.0,981.8,28.0,False,,low,4.1,NORMAL,19.3,945.5,28.0,HEALTHY,replay,6.9,0.0
2025-02-08T10:00:00+00:00,AWS-RAN-103,24.6,981.7,20.0,False,,low,4.3,NORMAL,21.3,945.6,22.0,HEALTHY,replay,7.2,0.0
2025-02-08T11:00:00+00:00,AWS-RAN-103,26.7,980.8,14.0,False,,low,5.8,NORMAL,22.9,945.1,18.0,HEALTHY,replay,9.6,0.0
2025-02-08T12:00:00+00:00,AWS-RAN-103,28.2,979.6,10.0,False,,low,9.4,NORMAL,24.2,944.2,17.0,HEALTHY,replay,15.6,0.0
2025-02-08T13:00:00+00:00,AWS-RAN-103,29.1,978.3,9.0,False,,low,4.6,NORMAL,24.9,943.1,15.0,HEALTHY,replay,7.7,0.0
2025-02-08T14:00:00+00:00,AWS-RAN-103,29.3,977.3,9.0,False,,low,3.4,NORMAL,25.3,942.1,14.0,HEALTHY,replay,5.7,0.0
2025-02-08T15:00:00+00:00,AWS-RAN-103,28.7,976.9,10.0,False,,low,1.5,NORMAL,25.3,941.8,15.0,HEALTHY,replay,2.5,0.0
2025-02-08T16:00:00+00:00,AWS-RAN-103,27.4,977.0,11.0,False,,low,1.1,NORMAL,24.4,941.6,17.0,HEALTHY,replay,1.8,0.0
2025-02-08T17:00:00+00:00,AWS-RAN-103,24.1,977.1,16.0,False,,low,1.1,NORMAL,21.1,941.4,22.0,HEALTHY,replay,1.8,0.0
2025-02-08T18:00:00+00:00,AWS-RAN-103,22.0,977.6,21.0,False,,low,0.9,NORMAL,19.2,941.7,27.0,HEALTHY,replay,1.4,0.0
2025-02-08T19:00:00+00:00,AWS-RAN-103,20.5,978.4,24.0,False,,low,0.7,NORMAL,17.8,942.3,29.0,HEALTHY,replay,1.2,0.0
2025-02-08T20:00:00+00:00,AWS-RAN-103,19.3,979.0,26.0,False,,low,0.4,NORMAL,17.1,942.7,29.0,HEALTHY,replay,0.6,0.0
2025-02-08T21:00:00+00:00,AWS-RAN-103,18.2,979.4,27.0,False,,low,0.3,NORMAL,16.4,942.9,29.0,HEALTHY,replay,0.5,0.0
2025-02-08T22:00:00+00:00,AWS-RAN-103,16.6,979.7,30.0,False,,low,0.4,NORMAL,17.0,943.1,28.0,HEALTHY,replay,0.7,0.0
2025-02-08T23:00:00+00:00,AWS-RAN-103,15.2,979.4,33.0,False,,low,0.4,NORMAL,12.5,950.91,30.0,HEALTHY,replay,0.7,0.0
2025-02-09T00:00:00+00:00,AWS-RAN-103,14.3,978.8,36.0,False,,low,0.3,NORMAL,16.2,942.1,52.57,HEALTHY,replay,0.5,0.0
2025-02-09T01:00:00+00:00,AWS-RAN-103,13.7,978.0,38.0,False,,low,0.3,NORMAL,15.6,941.4,52.06,HEALTHY,replay,0.5,0.0
2025-02-09T02:00:00+00:00,AWS-RAN-103,13.3,977.5,39.0,False,,low,0.2,NORMAL,13.9,940.7,37.0,HEALTHY,replay,0.3,0.0
2025-02-09T03:00:00+00:00,AWS-RAN-103,13.1,977.1,40.0,False,,low,0.1,NORMAL,13.3,940.2,39.0,HEALTHY,replay,0.2,0.0
2025-02-09T04:00:00+00:00,AWS-RAN-103,13.1,977.1,41.0,False,,low,0.3,NORMAL,12.8,940.2,42.0,HEALTHY,replay,0.5,0.0
2025-02-09T05:00:00+00:00,AWS-RAN-103,13.1,977.5,42.0,False,,low,0.3,NORMAL,12.5,940.6,43.0,HEALTHY,replay,0.5,0.0
2025-02-09T06:00:00+00:00,AWS-RAN-103,12.8,978.3,51.0,False,,low,1.2,NORMAL,12.3,941.4,47.0,HEALTHY,replay,2.0,0.0
2025-02-09T07:00:00+00:00,AWS-RAN-103,15.4,979.2,44.0,False,,low,0.7,NORMAL,14.5,942.6,41.0,HEALTHY,replay,1.2,0.0
2025-02-09T08:00:00+00:00,AWS-RAN-103,20.1,980.4,34.0,False,,low,3.9,NORMAL,18.3,944.2,33.0,HEALTHY,replay,6.5,0.0
2025-02-09T09:00:00+00:00,AWS-RAN-103,23.7,981.0,24.0,False,,low,7.4,NORMAL,21.0,945.0,25.0,HEALTHY,replay,12.3,0.0
2025-02-09T10:00:00+00:00,AWS-RAN-103,26.2,980.6,18.0,False,,low,5.5,NORMAL,22.9,944.9,22.0,HEALTHY,replay,9.1,0.0
2025-02-09T11:00:00+00:00,AWS-RAN-103,28.0,979.6,15.0,False,,low,4.5,NORMAL,24.5,944.3,21.0,HEALTHY,replay,7.5,0.0
2025-02-09T12:00:00+00:00,AWS-RAN-103,29.3,978.3,14.0,False,,low,8.3,NORMAL,25.8,943.2,19.0,HEALTHY,replay,13.8,0.0
2025-02-09T13:00:00+00:00,AWS-RAN-103,30.0,977.2,13.0,False,,low,6.6,NORMAL,26.9,942.2,19.0,HEALTHY,replay,11.0,0.0
2025-02-09T14:00:00+00:00,AWS-RAN-103,30.1,976.4,14.0,False,,low,3.2,NORMAL,27.3,941.5,20.0,HEALTHY,replay,5.4,0.0
2025-02-09T15:00:00+00:00,AWS-RAN-103,29.5,976.1,15.0,False,,low,1.2,NORMAL,27.1,941.1,20.0,HEALTHY,replay,2.0,0.0
2025-02-09T16:00:00+00:00,AWS-RAN-103,28.3,976.4,17.0,False,,low,1.0,NORMAL,26.0,941.3,21.0,HEALTHY,replay,1.6,0.0
2025-02-09T17:00:00+00:00,AWS-RAN-103,24.4,976.3,23.0,False,,low,1.2,NORMAL,21.8,940.9,26.0,HEALTHY,replay,1.9,0.0
2025-02-09T18:00:00+00:00,AWS-RAN-103,21.9,976.6,29.0,False,,low,1.8,NORMAL,20.6,940.9,30.0,HEALTHY,replay,3.1,0.0
2025-02-09T19:00:00+00:00,AWS-RAN-103,19.9,977.2,34.0,False,,low,2.3,NORMAL,19.1,941.4,32.0,HEALTHY,replay,3.8,0.0
2025-02-09T20:00:00+00:00,AWS-RAN-103,18.3,977.7,37.0,False,,low,1.2,NORMAL,17.9,941.7,35.0,HEALTHY,replay,1.9,0.0
2025-02-09T21:00:00+00:00,AWS-RAN-103,17.4,978.4,40.0,False,,low,0.8,NORMAL,16.7,942.0,40.0,HEALTHY,replay,1.3,0.0
2025-02-09T22:00:00+00:00,AWS-RAN-103,16.8,978.5,42.0,False,,low,0.4,NORMAL,16.1,942.1,42.0,HEALTHY,replay,0.7,0.0
2025-02-09T23:00:00+00:00,AWS-RAN-103,16.2,978.1,44.0,False,,low,0.4,NORMAL,15.7,941.6,43.0,HEALTHY,replay,0.7,0.0
2025-02-10T00:00:00+00:00,AWS-RAN-103,15.6,977.6,45.0,False,,low,0.4,NORMAL,15.5,941.0,44.0,HEALTHY,replay,0.6,0.0
2025-02-10T01:00:00+00:00,AWS-RAN-103,15.2,976.9,46.0,False,,low,0.3,NORMAL,15.4,940.3,44.0,HEALTHY,replay,0.5,0.0
2025-02-10T02:00:00+00:00,AWS-RAN-103,14.7,976.5,47.0,False,,low,0.3,NORMAL,15.0,939.7,45.0,HEALTHY,replay,0.5,0.0
2025-02-10T03:00:00+00:00,AWS-RAN-103,13.8,976.3,50.0,False,,low,0.3,NORMAL,14.2,939.5,45.0,HEALTHY,replay,0.5,0.0
2025-02-10T04:00:00+00:00,AWS-RAN-103,13.3,976.3,52.0,False,,low,0.3,NORMAL,14.0,939.6,45.0,HEALTHY,replay,0.5,0.0
2025-02-10T05:00:00+00:00,AWS-RAN-103,12.3,976.7,56.0,False,,low,0.4,NORMAL,13.9,940.3,44.0,HEALTHY,replay,0.7,0.0
2025-02-10T06:00:00+00:00,AWS-RAN-103,12.5,977.9,59.0,False,,low,0.3,NORMAL,13.5,941.3,49.0,HEALTHY,replay,0.5,0.0
2025-02-10T07:00:00+00:00,AWS-RAN-103,15.1,979.1,52.0,False,,low,1.1,NORMAL,17.0,942.7,46.0,HEALTHY,replay,1.8,0.0
2025-02-10T08:00:00+00:00,AWS-RAN-103,21.2,980.6,36.0,False,,low,20.7,NORMAL,20.8,944.6,35.0,HEALTHY,replay,34.5,0.0
2025-02-10T09:00:00+00:00,AWS-RAN-103,24.0,981.5,28.0,False,,low,15.7,NORMAL,23.6,945.6,29.0,HEALTHY,replay,26.2,0.0
2025-02-10T10:00:00+00:00,AWS-RAN-103,26.0,981.4,25.0,False,,low,2.2,NORMAL,25.3,945.7,26.0,HEALTHY,replay,3.7,0.0
2025-02-10T11:00:00+00:00,AWS-RAN-103,27.4,980.6,23.0,False,,low,3.0,NORMAL,26.8,945.2,23.0,HEALTHY,replay,5.0,0.0
2025-02-10T12:00:00+00:00,AWS-RAN-103,28.7,979.3,22.0,False,,low,4.2,NORMAL,28.1,944.1,19.0,HEALTHY,replay,6.9,0.0
2025-02-10T13:00:00+00:00,AWS-RAN-103,30.1,978.0,20.0,False,,low,3.6,NORMAL,28.6,943.0,19.0,HEALTHY,replay,6.0,0.0
2025-02-10T14:00:00+00:00,AWS-RAN-103,31.2,976.8,17.0,False,,low,5.6,NORMAL,28.7,942.1,19.0,HEALTHY,replay,9.3,0.0
2025-02-10T15:00:00+00:00,AWS-RAN-103,31.4,976.3,16.0,False,,low,2.8,NORMAL,28.5,941.7,21.0,HEALTHY,replay,4.7,0.0
2025-02-10T16:00:00+00:00,AWS-RAN-103,30.5,976.3,17.0,False,,low,1.7,NORMAL,27.3,941.5,23.0,HEALTHY,replay,2.8,0.0
2025-02-10T17:00:00+00:00,AWS-RAN-103,26.3,976.6,26.0,False,,low,2.5,NORMAL,23.7,941.2,33.0,HEALTHY,replay,4.2,0.0
2025-02-10T18:00:00+00:00,AWS-RAN-103,23.3,976.7,33.0,False,,low,2.5,NORMAL,22.0,941.2,32.0,HEALTHY,replay,4.2,0.0
2025-02-10T19:00:00+00:00,AWS-RAN-103,22.1,977.4,35.0,False,,low,1.2,NORMAL,20.3,941.8,35.0,HEALTHY,replay,2.1,0.0
2025-02-10T20:00:00+00:00,AWS-RAN-103,20.6,977.9,38.0,False,,low,0.9,NORMAL,18.9,941.9,40.0,HEALTHY,replay,1.5,0.0
2025-02-10T21:00:00+00:00,AWS-RAN-103,18.8,978.0,43.0,False,,low,0.8,NORMAL,18.2,942.0,43.0,HEALTHY,replay,1.3,0.0
2025-02-10T22:00:00+00:00,AWS-RAN-103,17.0,977.9,48.0,False,,low,1.2,NORMAL,18.1,942.0,44.0,HEALTHY,replay,2.0,0.0
2025-02-10T23:00:00+00:00,AWS-RAN-103,17.5,977.5,46.0,False,,low,0.5,NORMAL,18.1,941.7,44.0,HEALTHY,replay,0.8,0.0
2025-02-11T00:00:00+00:00,AWS-RAN-103,17.4,977.2,48.0,False,,low,0.6,NORMAL,17.8,941.5,43.0,HEALTHY,replay,1.0,0.0
2025-02-11T01:00:00+00:00,AWS-RAN-103,17.0,976.3,49.0,False,,low,0.4,NORMAL,17.4,940.5,45.0,HEALTHY,replay,0.6,0.0
2025-02-11T02:00:00+00:00,AWS-RAN-103,17.1,975.8,49.0,False,,low,0.5,NORMAL,16.9,939.8,48.0,HEALTHY,replay,0.8,0.0
2025-02-11T03:00:00+00:00,AWS-RAN-103,17.1,975.3,49.0,False,,low,1.0,NORMAL,16.2,939.2,50.0,HEALTHY,replay,1.7,0.0
2025-02-11T04:00:00+00:00,AWS-RAN-103,16.9,975.4,50.0,False,,low,0.9,NORMAL,15.9,939.1,52.0,HEALTHY,replay,1.5,0.0
2025-02-11T05:00:00+00:00,AWS-RAN-103,16.9,975.9,50.0,False,,low,1.1,NORMAL,16.1,939.8,51.0,HEALTHY,replay,1.8,0.0
2025-02-11T06:00:00+00:00,AWS-RAN-103,17.1,976.9,53.0,False,,low,0.9,NORMAL,16.2,940.5,54.0,HEALTHY,replay,1.6,0.0
2025-02-11T07:00:00+00:00,AWS-RAN-103,19.7,978.0,46.0,False,,low,1.9,NORMAL,18.9,941.8,48.0,HEALTHY,replay,3.2,0.0
2025-02-11T08:00:00+00:00,AWS-RAN-103,23.8,979.4,38.0,False,,low,5.6,NORMAL,22.2,943.7,40.0,HEALTHY,replay,9.3,0.0
2025-02-11T09:00:00+00:00,AWS-RAN-103,27.2,980.0,32.0,False,,low,8.7,NORMAL,24.5,944.7,35.0,HEALTHY,replay,14.4,0.0
2025-02-11T10:00:00+00:00,AWS-RAN-103,29.5,979.9,26.0,False,,low,3.3,NORMAL,26.3,944.8,32.0,HEALTHY,replay,5.4,0.0
2025-02-11T11:00:00+00:00,AWS-RAN-103,31.1,978.9,21.0,False,,low,5.4,NORMAL,27.7,944.1,26.0,HEALTHY,replay,9.0,0.0
2025-02-11T12:00:00+00:00,AWS-RAN-103,31.9,977.9,19.0,False,,low,2.3,NORMAL,28.6,943.2,22.0,HEALTHY,replay,3.8,0.0
2025-02-11T13:00:00+00:00,AWS-RAN-103,32.1,976.8,17.0,False,,low,1.4,NORMAL,29.2,942.2,19.0,HEALTHY,replay,2.3,0.0
2025-02-11T14:00:00+00:00,AWS-RAN-103,31.9,975.9,17.0,False,,low,0.9,NORMAL,29.1,941.4,19.0,HEALTHY,replay,1.5,0.0
2025-02-11T15:00:00+00:00,AWS-RAN-103,31.6,975.5,15.0,False,,low,1.1,NORMAL,28.8,940.8,17.0,HEALTHY,replay,1.8,0.0
2025-02-11T16:00:00+00:00,AWS-RAN-103,30.2,975.7,15.0,False,,low,0.9,NORMAL,27.7,940.8,19.0,HEALTHY,replay,1.5,0.0
2025-02-11T17:00:00+00:00,AWS-RAN-103,27.1,975.6,19.0,False,,low,1.1,NORMAL,24.4,940.3,25.0,HEALTHY,replay,1.8,0.0
2025-02-11T18:00:00+00:00,AWS-RAN-103,24.6,976.0,24.0,False,,low,1.4,NORMAL,22.7,940.6,28.0,HEALTHY,replay,2.4,0.0
2025-02-11T19:00:00+00:00,AWS-RAN-103,22.8,976.4,28.0,False,,low,0.7,NORMAL,21.3,941.0,32.0,HEALTHY,replay,1.1,0.0
2025-02-11T20:00:00+00:00,AWS-RAN-103,22.0,976.9,31.0,False,,low,0.5,NORMAL,21.0,941.5,33.0,HEALTHY,replay,0.8,0.0
2025-02-11T21:00:00+00:00,AWS-RAN-103,20.1,977.4,36.0,False,,low,0.5,NORMAL,20.1,941.5,35.0,HEALTHY,replay,0.8,0.0
2025-02-11T22:00:00+00:00,AWS-RAN-103,18.9,977.6,42.0,False,,low,0.4,NORMAL,19.0,941.7,39.0,HEALTHY,replay,0.6,0.0
2025-02-11T23:00:00+00:00,AWS-RAN-103,18.9,977.3,41.0,False,,low,0.2,NORMAL,18.0,941.3,41.0,HEALTHY,replay,0.4,0.0
2025-02-12T00:00:00+00:00,AWS-RAN-103,18.7,976.8,40.0,False,,low,0.2,NORMAL,17.9,940.8,42.0,HEALTHY,replay,0.4,0.0
2025-02-12T01:00:00+00:00,AWS-RAN-103,17.7,976.1,44.0,False,,low,0.1,NORMAL,17.4,940.1,44.0,HEALTHY,replay,0.2,0.0
2025-02-12T02:00:00+00:00,AWS-RAN-103,17.2,975.6,46.0,False,,low,0.1,NORMAL,16.6,939.4,47.0,HEALTHY,replay,0.2,0.0
2025-02-12T03:00:00+00:00,AWS-RAN-103,16.8,975.2,47.0,False,,low,0.1,NORMAL,16.7,939.1,46.0,HEALTHY,replay,0.2,0.0
2025-02-12T04:00:00+00:00,AWS-RAN-103,16.4,975.3,49.0,False,,low,0.1,NORMAL,14.4,939.1,45.0,HEALTHY,replay,0.2,0.0
2025-02-12T05:00:00+00:00,AWS-RAN-103,16.0,975.9,51.0,False,,low,0.1,NORMAL,13.8,939.6,45.0,HEALTHY,replay,0.2,0.0
2025-02-12T06:00:00+00:00,AWS-RAN-103,15.9,976.7,54.0,False,,low,0.2,NORMAL,13.5,940.2,51.0,HEALTHY,replay,0.3,0.0
2025-02-12T07:00:00+00:00,AWS-RAN-103,19.0,978.0,45.0,False,,low,0.6,NORMAL,15.8,941.6,45.0,HEALTHY,replay,1.0,0.0
2025-02-12T08:00:00+00:00,AWS-RAN-103,22.5,979.6,36.0,False,,low,5.4,NORMAL,22.6,943.6,36.0,HEALTHY,replay,8.9,0.0
2025-02-12T09:00:00+00:00,AWS-RAN-103,25.6,980.4,30.0,False,,low,6.1,NORMAL,25.3,945.0,29.0,HEALTHY,replay,10.1,0.0
2025-02-12T10:00:00+00:00,AWS-RAN-103,27.9,980.2,26.0,False,,low,2.1,NORMAL,27.1,944.9,26.0,HEALTHY,replay,3.5,0.0
2025-02-12T11:00:00+00:00,AWS-RAN-103,29.6,979.1,24.0,False,,low,1.2,NORMAL,28.1,944.0,24.0,HEALTHY,replay,2.0,0.0
2025-02-12T12:00:00+00:00,AWS-RAN-103,31.3,977.6,21.0,False,,low,1.9,NORMAL,29.1,942.9,22.0,HEALTHY,replay,3.1,0.0
2025-02-12T13:00:00+00:00,AWS-RAN-103,32.5,976.0,18.0,False,,low,3.0,NORMAL,29.5,941.8,23.0,HEALTHY,replay,4.9,0.0
2025-02-12T14:00:00+00:00,AWS-RAN-103,32.9,974.9,16.0,False,,low,4.8,NORMAL,29.6,940.8,23.0,HEALTHY,replay,8.0,0.0
2025-02-12T15:00:00+00:00,AWS-RAN-103,32.5,974.5,17.0,False,,low,1.6,NORMAL,29.1,940.2,22.0,HEALTHY,replay,2.7,0.0
2025-02-12T16:00:00+00:00,AWS-RAN-103,31.3,974.7,19.0,False,,low,1.4,NORMAL,27.9,940.2,26.0,HEALTHY,replay,2.4,0.0
2025-02-12T17:00:00+00:00,AWS-RAN-103,27.4,974.7,25.0,False,,low,1.2,NORMAL,24.6,939.9,30.0,HEALTHY,replay,2.1,0.0
2025-02-12T18:00:00+00:00,AWS-RAN-103,24.9,975.8,29.0,False,,low,1.1,NORMAL,23.2,940.5,32.0,HEALTHY,replay,1.8,0.0
2025-02-12T19:00:00+00:00,AWS-RAN-103,22.8,976.5,33.0,False,,low,1.4,NORMAL,22.1,941.2,35.0,HEALTHY,replay,2.3,0.0
2025-02-12T20:00:00+00:00,AWS-RAN-103,21.9,977.1,34.0,False,,low,0.5,NORMAL,20.0,941.5,40.0,HEALTHY,replay,0.8,0.0
2025-02-12T21:00:00+00:00,AWS-RAN-103,20.7,977.4,36.0,False,,low,0.5,NORMAL,19.0,941.6,43.0,HEALTHY,replay,0.8,0.0
2025-02-12T22:00:00+00:00,AWS-RAN-103,19.5,977.4,40.0,False,,low,0.3,NORMAL,18.3,941.5,45.0,HEALTHY,replay,0.5,0.0
2025-02-12T23:00:00+00:00,AWS-RAN-103,18.6,977.2,43.0,False,,low,0.2,NORMAL,18.0,941.0,45.0,HEALTHY,replay,0.4,0.0
2025-02-13T00:00:00+00:00,AWS-RAN-103,18.2,977.0,44.0,False,,low,0.2,NORMAL,18.1,940.7,44.0,HEALTHY,replay,0.4,0.0
2025-02-13T01:00:00+00:00,AWS-RAN-103,17.6,976.3,47.0,False,,low,0.2,NORMAL,17.6,940.4,46.0,HEALTHY,replay,0.3,0.0
2025-02-13T02:00:00+00:00,AWS-RAN-103,17.4,975.8,48.0,False,,low,0.1,NORMAL,17.5,939.8,47.0,HEALTHY,replay,0.2,0.0
2025-02-13T03:00:00+00:00,AWS-RAN-103,17.0,975.5,49.0,False,,low,0.2,NORMAL,16.8,939.3,47.0,HEALTHY,replay,0.3,0.0
2025-02-13T04:00:00+00:00,AWS-RAN-103,16.8,975.3,50.0,False,,low,0.2,NORMAL,16.7,939.2,47.0,HEALTHY,replay,0.3,0.0
2025-02-13T05:00:00+00:00,AWS-RAN-103,17.3,975.7,49.0,False,,low,0.3,NORMAL,16.6,939.7,46.0,HEALTHY,replay,0.5,0.0
2025-02-13T06:00:00+00:00,AWS-RAN-103,18.1,976.8,49.0,False,,low,0.4,NORMAL,15.9,940.5,58.0,HEALTHY,replay,0.6,0.0
2025-02-13T07:00:00+00:00,AWS-RAN-103,20.4,978.0,45.0,False,,low,0.8,NORMAL,17.2,941.7,57.0,HEALTHY,replay,1.3,0.0
2025-02-13T08:00:00+00:00,AWS-RAN-103,23.1,979.0,41.0,False,,low,0.9,NORMAL,19.6,943.0,50.0,HEALTHY,replay,1.5,0.0
2025-02-13T09:00:00+00:00,AWS-RAN-103,25.3,980.0,33.0,False,,low,2.0,NORMAL,22.2,944.1,40.0,HEALTHY,replay,3.3,0.0
2025-02-13T10:00:00+00:00,AWS-RAN-103,26.9,979.8,27.0,False,,low,1.3,NORMAL,23.7,944.2,33.0,HEALTHY,replay,2.1,0.0
2025-02-13T11:00:00+00:00,AWS-RAN-103,28.2,978.9,22.0,False,,low,0.7,NORMAL,25.1,943.6,27.0,HEALTHY,replay,1.2,0.0
2025-02-13T12:00:00+00:00,AWS-RAN-103,29.3,977.6,18.0,False,,low,1.0,NORMAL,26.7,942.5,22.0,HEALTHY,replay,1.7,0.0
2025-02-13T13:00:00+00:00,AWS-RAN-103,30.1,976.4,15.0,False,,low,2.1,NORMAL,26.8,941.5,18.0,HEALTHY,replay,3.4,0.0
2025-02-13T14:00:00+00:00,AWS-RAN-103,30.6,975.3,13.0,False,,low,4.2,NORMAL,27.0,940.6,17.0,HEALTHY,replay,6.9,0.0
2025-02-13T15:00:00+00:00,AWS-RAN-103,30.3,974.7,12.0,False,,low,1.7,NORMAL,26.5,940.0,16.0,HEALTHY,replay,2.9,0.0
2025-02-13T16:00:00+00:00,AWS-RAN-103,29.3,974.7,12.0,False,,low,1.1,NORMAL,25.2,939.9,17.0,HEALTHY,replay,1.8,0.0
2025-02-13T17:00:00+00:00,AWS-RAN-103,25.9,975.0,16.0,False,,low,1.1,NORMAL,22.3,939.7,21.0,HEALTHY,replay,1.9,0.0
2025-02-13T18:00:00+00:00,AWS-RAN-103,23.0,975.2,22.0,False,,low,1.7,NORMAL,21.7,939.7,19.0,HEALTHY,replay,2.9,0.0
2025-02-13T19:00:00+00:00,AWS-RAN-103,21.5,976.2,24.0,False,,low,1.1,NORMAL,18.6,947.15,36.0,HEALTHY,replay,1.8,0.0
2025-02-13T20:00:00+00:00,AWS-RAN-103,20.6,977.0,27.0,False,,low,0.8,NORMAL,17.3,947.78,23.0,HEALTHY,replay,1.3,0.0
2025-02-13T21:00:00+00:00,AWS-RAN-103,19.8,977.2,29.0,False,,low,0.3,NORMAL,16.5,949.25,27.0,HEALTHY,replay,0.5,0.0
2025-02-13T22:00:00+00:00,AWS-RAN-103,19.5,977.6,29.0,False,,low,0.2,NORMAL,16.0,949.33,47.0,HEALTHY,replay,0.4,0.0
2025-02-13T23:00:00+00:00,AWS-RAN-103,20.4,977.4,27.0,False,,low,0.4,NORMAL,15.2,948.45,50.0,HEALTHY,replay,0.7,0.0
2025-02-14T00:00:00+00:00,AWS-RAN-103,19.9,977.3,29.0,False,,low,0.3,NORMAL,17.6,941.3,52.0,HEALTHY,replay,0.5,0.0
2025-02-14T01:00:00+00:00,AWS-RAN-103,18.7,976.7,33.0,False,,low,0.3,NORMAL,14.4,948.88,37.0,HEALTHY,replay,0.4,0.0
2025-02-14T02:00:00+00:00,AWS-RAN-103,17.7,975.8,36.0,False,,low,0.2,NORMAL,14.9,939.6,46.0,HEALTHY,replay,0.3,0.0
2025-02-14T03:00:00+00:00,AWS-RAN-103,16.7,975.4,42.0,False,,low,0.1,NORMAL,14.4,938.9,48.0,HEALTHY,replay,0.2,0.0
2025-02-14T04:00:00+00:00,AWS-RAN-103,16.0,975.4,44.0,False,,low,0.1,NORMAL,14.2,938.8,49.0,HEALTHY,replay,0.2,0.0
2025-02-14T05:00:00+00:00,AWS-RAN-103,15.5,975.6,46.0,False,,low,0.1,NORMAL,13.8,938.9,49.0,HEALTHY,replay,0.2,0.0
2025-02-14T06:00:00+00:00,AWS-RAN-103,15.1,977.0,49.0,False,,low,0.2,NORMAL,12.6,940.0,53.0,HEALTHY,replay,0.3,0.0
2025-02-14T07:00:00+00:00,AWS-RAN-103,17.1,978.1,41.0,False,,low,1.1,NORMAL,14.5,941.3,48.0,HEALTHY,replay,1.8,0.0
2025-02-14T08:00:00+00:00,AWS-RAN-103,20.2,979.2,34.0,False,,low,2.8,NORMAL,17.5,942.8,39.0,HEALTHY,replay,4.6,0.0
2025-02-14T09:00:00+00:00,AWS-RAN-103,23.4,980.0,25.0,False,,low,6.5,NORMAL,20.8,943.8,29.0,HEALTHY,replay,10.8,0.0
2025-02-14T10:00:00+00:00,AWS-RAN-103,25.9,979.7,19.0,False,,low,3.4,NORMAL,23.4,944.0,21.0,HEALTHY,replay,5.7,0.0
2025-02-14T11:00:00+00:00,AWS-RAN-103,28.0,978.6,14.0,False,,low,1.8,NORMAL,25.0,943.2,16.0,HEALTHY,replay,3.1,0.0
2025-02-14T12:00:00+00:00,AWS-RAN-103,29.1,977.1,11.0,False,,low,2.4,NORMAL,25.9,942.0,14.0,HEALTHY,replay,3.9,0.0
2025-02-14T13:00:00+00:00,AWS-RAN-103,29.7,975.7,10.0,False,,low,2.7,NORMAL,26.6,940.8,14.0,HEALTHY,replay,4.4,0.0
2025-02-14T14:00:00+00:00,AWS-RAN-103,30.0,974.8,10.0,False,,low,2.4,NORMAL,26.8,940.0,15.0,HEALTHY,replay,4.0,0.0
2025-02-14T15:00:00+00:00,AWS-RAN-103,29.7,974.3,11.0,False,,low,1.5,NORMAL,26.5,939.5,16.0,HEALTHY,replay,2.5,0.0
2025-02-14T16:00:00+00:00,AWS-RAN-103,28.7,974.3,12.0,False,,low,1.0,NORMAL,25.3,939.4,17.0,HEALTHY,replay,1.7,0.0
2025-02-14T17:00:00+00:00,AWS-RAN-103,25.9,974.6,16.0,False,,low,1.1,NORMAL,22.6,939.3,20.0,HEALTHY,replay,1.8,0.0
2025-02-14T18:00:00+00:00,AWS-RAN-103,23.8,975.3,20.0,False,,low,1.1,NORMAL,20.5,939.6,27.0,HEALTHY,replay,1.8,0.0
2025-02-14T19:00:00+00:00,AWS-RAN-103,22.2,975.9,23.0,False,,low,0.5,NORMAL,19.2,940.0,30.0,HEALTHY,replay,0.9,0.0
2025-02-14T20:00:00+00:00,AWS-RAN-103,20.2,977.0,27.0,False,,low,0.8,NORMAL,18.1,940.8,32.0,HEALTHY,replay,1.4,0.0
2025-02-14T21:00:00+00:00,AWS-RAN-103,19.2,977.4,30.0,False,,low,0.8,NORMAL,17.5,941.1,34.0,HEALTHY,replay,1.3,0.0
2025-02-14T22:00:00+00:00,AWS-RAN-103,18.5,977.4,31.0,False,,low,0.4,NORMAL,17.0,941.1,35.0,HEALTHY,replay,0.7,0.0
2025-02-14T23:00:00+00:00,AWS-RAN-103,17.9,976.8,33.0,False,,low,0.2,NORMAL,16.4,940.5,36.0,HEALTHY,replay,0.3,0.0
2025-02-15T00:00:00+00:00,AWS-RAN-103,17.7,976.3,34.0,False,,low,0.2,NORMAL,16.3,940.0,36.0,HEALTHY,replay,0.3,0.0
2025-02-15T01:00:00+00:00,AWS-RAN-103,17.6,975.8,34.0,False,,low,0.2,NORMAL,15.9,939.5,39.0,HEALTHY,replay,0.3,0.0
2025-02-15T02:00:00+00:00,AWS-RAN-103,17.7,975.5,35.0,False,,low,0.2,NORMAL,15.8,939.2,41.0,HEALTHY,replay,0.4,0.0
2025-02-15T03:00:00+00:00,AWS-RAN-103,17.6,975.3,37.0,False,,low,0.2,NORMAL,16.0,938.9,40.0,HEALTHY,replay,0.4,0.0
2025-02-15T04:00:00+00:00,AWS-RAN-103,16.8,975.3,39.0,False,,low,0.2,NORMAL,15.2,938.7,41.0,HEALTHY,replay,0.4,0.0
2025-02-15T05:00:00+00:00,AWS-RAN-103,15.9,975.8,40.0,False,,low,0.2,NORMAL,14.4,939.0,42.0,HEALTHY,replay,0.4,0.0
2025-02-15T06:00:00+00:00,AWS-RAN-103,15.4,977.0,44.0,False,,low,0.2,NORMAL,13.5,940.0,49.0,HEALTHY,replay,0.3,0.0
2025-02-15T07:00:00+00:00,AWS-RAN-103,18.1,978.1,38.0,False,,low,0.8,NORMAL,16.5,941.4,42.0,HEALTHY,replay,1.4,0.0
2025-02-15T08:00:00+00:00,AWS-RAN-103,21.6,979.1,31.0,False,,low,2.3,NORMAL,20.1,943.0,34.0,HEALTHY,replay,3.9,0.0
2025-02-15T09:00:00+00:00,AWS-RAN-103,24.5,979.5,26.0,False,,low,1.6,NORMAL,22.6,943.8,27.0,HEALTHY,replay,2.7,0.0
2025-02-15T10:00:00+00:00,AWS-RAN-103,26.8,979.3,22.0,False,,low,1.6,NORMAL,24.8,943.8,23.0,HEALTHY,replay,2.7,0.0
2025-02-15T11:00:00+00:00,AWS-RAN-103,28.5,978.0,18.0,False,,low,0.9,NORMAL,26.0,942.8,21.0,HEALTHY,replay,1.5,0.0
2025-02-15T12:00:00+00:00,AWS-RAN-103,29.9,976.6,16.0,False,,low,2.2,NORMAL,27.0,941.8,21.0,HEALTHY,replay,3.6,0.0
2025-02-15T13:00:00+00:00,AWS-RAN-103,30.5,975.4,16.0,False,,low,2.8,NORMAL,27.6,940.6,20.0,HEALTHY,replay,4.7,0.0
2025-02-15T14:00:00+00:00,AWS-RAN-103,30.3,974.6,16.0,False,,low,1.5,NORMAL,27.7,939.8,21.0,HEALTHY,replay,2.5,0.0
2025-02-15T15:00:00+00:00,AWS-RAN-103,30.1,974.2,17.0,False,,low,1.2,NORMAL,27.8,939.3,21.0,HEALTHY,replay,2.1,0.0
2025-02-15T16:00:00+00:00,AWS-RAN-103,29.3,974.3,18.0,False,,low,0.7,NORMAL,27.1,939.4,22.0,HEALTHY,replay,1.2,0.0
2025-02-15T17:00:00+00:00,AWS-RAN-103,27.3,974.6,20.0,False,,low,0.4,NORMAL,24.2,939.5,26.0,HEALTHY,replay,0.7,0.0
2025-02-15T18:00:00+00:00,AWS-RAN-103,25.2,974.9,23.0,False,,low,0.6,NORMAL,22.5,939.6,31.0,HEALTHY,replay,0.9,0.0
2025-02-15T19:00:00+00:00,AWS-RAN-103,22.8,975.6,28.0,False,,low,1.2,NORMAL,20.2,940.2,33.0,HEALTHY,replay,2.0,0.0
2025-02-15T20:00:00+00:00,AWS-RAN-103,21.2,976.5,32.0,False,,low,0.9,NORMAL,19.7,940.9,35.0,HEALTHY,replay,1.4,0.0
2025-02-15T21:00:00+00:00,AWS-RAN-103,20.1,976.6,34.0,False,,low,0.3,NORMAL,17.8,940.9,40.0,HEALTHY,replay,0.5,0.0
2025-02-15T22:00:00+00:00,AWS-RAN-103,18.9,976.7,37.0,False,,low,0.3,NORMAL,17.3,940.9,41.0,HEALTHY,replay,0.6,0.0
2025-02-15T23:00:00+00:00,AWS-RAN-103,17.8,976.0,41.0,False,,low,0.2,NORMAL,17.0,940.5,43.0,HEALTHY,replay,0.3,0.0
2025-02-16T00:00:00+00:00,AWS-RAN-103,17.0,975.7,43.0,False,,low,0.2,NORMAL,17.0,940.3,42.0,HEALTHY,replay,0.3,0.0
2025-02-16T01:00:00+00:00,AWS-RAN-103,16.2,974.8,46.0,False,,low,0.2,NORMAL,16.6,939.4,43.0,HEALTHY,replay,0.4,0.0
2025-02-16T02:00:00+00:00,AWS-RAN-103,15.6,974.2,48.0,False,,low,0.2,NORMAL,15.8,938.7,46.0,HEALTHY,replay,0.3,0.0
2025-02-16T03:00:00+00:00,AWS-RAN-103,15.9,974.0,46.0,False,,low,0.2,NORMAL,15.4,938.0,47.0,HEALTHY,replay,0.3,0.0
2025-02-16T04:00:00+00:00,AWS-RAN-103,16.1,974.1,45.0,False,,low,0.2,NORMAL,15.1,937.8,48.0,HEALTHY,replay,0.4,0.0
2025-02-16T05:00:00+00:00,AWS-RAN-103,16.1,974.7,45.0,False,,low,0.2,NORMAL,15.2,938.1,47.0,HEALTHY,replay,0.3,0.0
2025-02-16T06:00:00+00:00,AWS-RAN-103,15.0,975.9,52.0,False,,low,0.3,NORMAL,14.8,939.2,51.0,HEALTHY,replay,0.4,0.0
2025-02-16T07:00:00+00:00,AWS-RAN-103,18.1,977.1,43.0,False,,low,0.9,NORMAL,18.3,940.7,41.0,HEALTHY,replay,1.4,0.0
2025-02-16T08:00:00+00:00,AWS-RAN-103,22.3,978.2,33.0,False,,low,4.4,NORMAL,22.0,942.2,34.0,HEALTHY,replay,7.3,0.0
2025-02-16T09:00:00+00:00,AWS-RAN-103,25.4,978.8,28.0,False,,low,2.5,NORMAL,24.7,943.3,34.0,HEALTHY,replay,4.1,0.0
2025-02-16T10:00:00+00:00,AWS-RAN-103,28.4,978.6,25.0,False,,low,2.3,NORMAL,26.7,943.5,26.0,HEALTHY,replay,3.9,0.0
2025-02-16T11:00:00+00:00,AWS-RAN-103,31.4,977.6,18.0,False,,low,9.6,NORMAL,28.6,942.9,22.0,HEALTHY,replay,16.0,0.0
2025-02-16T12:00:00+00:00,AWS-RAN-103,32.7,976.0,16.0,False,,low,9.7,NORMAL,29.7,941.6,20.0,HEALTHY,replay,16.1,0.0
2025-02-16T13:00:00+00:00,AWS-RAN-103,32.8,975.2,16.0,False,,low,2.5,NORMAL,29.9,940.8,19.0,HEALTHY,replay,4.2,0.0
2025-02-16T14:00:00+00:00,AWS-RAN-103,32.9,974.4,16.0,False,,low,2.5,NORMAL,30.3,939.9,19.0,HEALTHY,replay,4.2,0.0
2025-02-16T15:00:00+00:00,AWS-RAN-103,33.3,973.7,15.0,False,,low,2.7,NORMAL,30.2,939.4,19.0,HEALTHY,replay,4.5,0.0
2025-02-16T16:00:00+00:00,AWS-RAN-103,32.6,973.6,15.0,False,,low,1.9,NORMAL,29.0,939.3,20.0,HEALTHY,replay,3.2,0.0
2025-02-16T17:00:00+00:00,AWS-RAN-103,29.0,974.2,21.0,False,,low,1.7,NORMAL,25.7,939.3,30.0,HEALTHY,replay,2.8,0.0
2025-02-16T18:00:00+00:00,AWS-RAN-103,26.1,975.5,26.0,False,,low,1.6,NORMAL,23.9,940.3,33.0,HEALTHY,replay,2.6,0.0
2025-02-16T19:00:00+00:00,AWS-RAN-103,24.9,976.8,28.0,False,,low,2.6,NORMAL,22.0,941.2,37.0,HEALTHY,replay,4.4,0.0
2025-02-16T20:00:00+00:00,AWS-RAN-103,23.8,977.2,31.0,False,,low,1.3,NORMAL,21.2,941.8,38.0,HEALTHY,replay,2.2,0.0
2025-02-16T21:00:00+00:00,AWS-RAN-103,22.9,977.5,32.0,False,,low,1.4,NORMAL,20.6,942.1,40.0,HEALTHY,replay,2.3,0.0
2025-02-16T22:00:00+00:00,AWS-RAN-103,21.8,977.9,35.0,False,,low,1.8,NORMAL,19.2,942.2,43.0,HEALTHY,replay,3.0,0.0
2025-02-16T23:00:00+00:00,AWS-RAN-103,21.2,977.7,37.0,False,,low,1.0,NORMAL,18.8,942.0,45.0,HEALTHY,replay,1.6,0.0
2025-02-17T00:00:00+00:00,AWS-RAN-103,20.2,977.4,42.0,False,,low,0.7,NORMAL,17.9,941.4,51.0,HEALTHY,replay,1.2,0.0
2025-02-17T01:00:00+00:00,AWS-RAN-103,19.5,977.2,48.0,False,,low,1.0,NORMAL,17.0,940.9,56.0,HEALTHY,replay,1.7,0.0
2025-02-17T02:00:00+00:00,AWS-RAN-103,18.6,976.6,54.0,False,,low,0.8,NORMAL,16.8,940.3,58.0,HEALTHY,replay,1.3,0.0
2025-02-17T03:00:00+00:00,AWS-RAN-103,18.0,976.4,57.0,False,,low,0.3,NORMAL,16.3,940.0,61.0,HEALTHY,replay,0.6,0.0
2025-02-17T04:00:00+00:00,AWS-RAN-103,17.6,976.6,58.0,False,,low,0.3,NORMAL,15.8,940.1,64.0,HEALTHY,replay,0.6,0.0
2025-02-17T05:00:00+00:00,AWS-RAN-103,17.5,977.4,59.0,False,,low,0.5,NORMAL,15.7,940.7,64.0,HEALTHY,replay,0.9,0.0
2025-02-17T06:00:00+00:00,AWS-RAN-103,17.3,978.4,62.0,False,,low,0.4,NORMAL,15.3,941.8,67.0,HEALTHY,replay,0.6,0.0
2025-02-17T07:00:00+00:00,AWS-RAN-103,20.1,979.9,53.0,False,,low,3.9,NORMAL,18.0,943.5,58.0,HEALTHY,replay,6.5,0.0
2025-02-17T08:00:00+00:00,AWS-RAN-103,22.8,980.8,47.0,False,,low,5.6,NORMAL,21.6,944.7,49.0,HEALTHY,replay,9.4,0.0
2025-02-17T09:00:00+00:00,AWS-RAN-103,24.9,981.2,44.0,False,,low,3.2,NORMAL,24.2,945.5,42.0,HEALTHY,replay,5.3,0.0
2025-02-17T10:00:00+00:00,AWS-RAN-103,27.1,980.8,39.0,False,,low,2.6,NORMAL,26.1,945.3,35.0,HEALTHY,replay,4.3,0.0
2025-02-17T11:00:00+00:00,AWS-RAN-103,28.9,979.9,34.0,False,,low,2.7,NORMAL,27.3,944.7,31.0,HEALTHY,replay,4.5,0.0
2025-02-17T12:00:00+00:00,AWS-RAN-103,30.2,978.6,29.0,False,,low,4.8,NORMAL,28.5,943.5,28.0,HEALTHY,replay,8.0,0.0
2025-02-17T13:00:00+00:00,AWS-RAN-103,31.2,977.7,25.0,False,,low,3.9,NORMAL,29.4,942.7,26.0,HEALTHY,replay,6.4,0.0
2025-02-17T14:00:00+00:00,AWS-RAN-103,32.0,976.5,22.0,False,,low,5.7,NORMAL,29.7,941.9,24.0,HEALTHY,replay,9.5,0.0
2025-02-17T15:00:00+00:00,AWS-RAN-103,32.1,975.9,20.0,False,,low,4.4,NORMAL,29.1,941.4,24.0,HEALTHY,replay,7.4,0.0
2025-02-17T16:00:00+00:00,AWS-RAN-103,31.5,975.8,21.0,False,,low,2.0,NORMAL,28.6,941.4,26.0,HEALTHY,replay,3.4,0.0
2025-02-17T17:00:00+00:00,AWS-RAN-103,29.3,976.4,24.0,False,,low,0.6,NORMAL,26.1,941.4,29.0,HEALTHY,replay,1.0,0.0
2025-02-17T18:00:00+00:00,AWS-RAN-103,26.7,977.2,33.0,False,,low,1.1,NORMAL,24.1,942.0,36.0,HEALTHY,replay,1.8,0.0
2025-02-17T19:00:00+00:00,AWS-RAN-103,26.6,978.1,32.0,False,,low,0.5,NORMAL,21.7,942.9,46.0,HEALTHY,replay,0.8,0.0
2025-02-17T20:00:00+00:00,AWS-RAN-103,24.6,978.7,41.0,False,,low,0.8,NORMAL,20.5,943.2,52.0,HEALTHY,replay,1.4,0.0
2025-02-17T21:00:00+00:00,AWS-RAN-103,23.0,979.1,46.0,False,,low,0.4,NORMAL,19.5,943.4,55.0,HEALTHY,replay,0.7,0.0
2025-02-17T22:00:00+00:00,AWS-RAN-103,21.6,979.4,50.0,False,,low,0.6,NORMAL,18.8,943.4,58.0,HEALTHY,replay,1.0,0.0
2025-02-17T23:00:00+00:00,AWS-RAN-103,21.1,979.3,53.0,False,,low,0.4,NORMAL,17.8,943.1,63.0,HEALTHY,replay,0.6,0.0
2025-02-18T00:00:00+00:00,AWS-RAN-103,20.2,979.0,59.0,False,,low,0.3,NORMAL,17.2,942.6,68.0,HEALTHY,replay,0.5,0.0
2025-02-18T01:00:00+00:00,AWS-RAN-103,19.5,978.7,62.0,False,,low,0.3,NORMAL,16.9,941.9,72.0,HEALTHY,replay,0.6,0.0
2025-02-18T02:00:00+00:00,AWS-RAN-103,18.8,977.9,65.0,False,,low,0.2,NORMAL,16.6,941.2,73.0,HEALTHY,replay,0.4,0.0
2025-02-18T03:00:00+00:00,AWS-RAN-103,18.0,977.2,69.0,False,,low,0.2,NORMAL,16.2,940.7,74.0,HEALTHY,replay,0.3,0.0
2025-02-18T04:00:00+00:00,AWS-RAN-103,17.3,977.2,73.0,False,,low,0.1,NORMAL,15.9,940.6,77.0,HEALTHY,replay,0.2,0.0
2025-02-18T05:00:00+00:00,AWS-RAN-103,16.7,977.6,76.0,False,,low,0.2,NORMAL,15.6,940.9,78.0,HEALTHY,replay,0.3,0.0
2025-02-18T06:00:00+00:00,AWS-RAN-103,16.6,978.7,79.0,False,,low,0.3,NORMAL,15.7,942.0,80.0,HEALTHY,replay,0.5,0.0
2025-02-18T07:00:00+00:00,AWS-RAN-103,19.7,979.8,65.0,False,,low,1.6,NORMAL,16.38,943.4,69.0,HEALTHY,replay,2.7,0.0
2025-02-18T08:00:00+00:00,AWS-RAN-103,23.0,980.9,52.0,False,,low,2.7,NORMAL,20.0,944.8,59.0,HEALTHY,replay,4.6,0.0
2025-02-18T09:00:00+00:00,AWS-RAN-103,25.2,981.4,43.0,False,,low,3.7,NORMAL,23.0,945.6,47.0,HEALTHY,replay,6.2,0.0
2025-02-18T10:00:00+00:00,AWS-RAN-103,26.9,981.5,38.0,False,,low,1.8,NORMAL,25.1,945.8,40.0,HEALTHY,replay,3.1,0.0
2025-02-18T11:00:00+00:00,AWS-RAN-103,28.4,980.3,33.0,False,,low,1.4,NORMAL,26.6,944.9,36.0,HEALTHY,replay,2.4,0.0
2025-02-18T12:00:00+00:00,AWS-RAN-103,29.4,978.9,30.0,False,,low,2.0,NORMAL,27.5,943.7,34.0,HEALTHY,replay,3.3,0.0
2025-02-18T13:00:00+00:00,AWS-RAN-103,30.2,977.8,29.0,False,,low,2.1,NORMAL,28.4,942.6,31.0,HEALTHY,replay,3.5,0.0
2025-02-18T14:00:00+00:00,AWS-RAN-103,30.7,977.0,27.0,False,,low,1.2,NORMAL,28.8,942.0,27.0,HEALTHY,replay,2.1,0.0
2025-02-18T15:00:00+00:00,AWS-RAN-103,30.0,976.2,28.0,False,,low,1.5,NORMAL,28.7,941.3,26.0,HEALTHY,replay,2.4,0.0
2025-02-18T16:00:00+00:00,AWS-RAN-103,29.1,976.3,30.0,False,,low,0.6,NORMAL,28.1,941.3,26.0,HEALTHY,replay,1.0,0.0
2025-02-18T17:00:00+00:00,AWS-RAN-103,27.4,976.6,34.0,False,,low,0.2,NORMAL,25.2,941.5,28.0,HEALTHY,replay,0.3,0.0
2025-02-18T18:00:00+00:00,AWS-RAN-103,26.4,976.9,37.0,False,,low,0.2,NORMAL,24.4,941.4,34.0,HEALTHY,replay,0.3,0.0
2025-02-18T19:00:00+00:00,AWS-RAN-103,25.8,977.4,37.0,False,,low,0.2,NORMAL,22.7,942.0,37.0,HEALTHY,replay,0.3,0.0
2025-02-18T20:00:00+00:00,AWS-RAN-103,24.2,977.9,40.0,False,,low,0.1,NORMAL,22.1,942.5,42.0,HEALTHY,replay,0.2,0.0
2025-02-18T21:00:00+00:00,AWS-RAN-103,23.5,978.2,42.0,False,,low,0.1,NORMAL,21.0,942.7,46.0,HEALTHY,replay,0.2,0.0
2025-02-18T22:00:00+00:00,AWS-RAN-103,22.7,978.4,45.0,False,,low,0.1,NORMAL,19.7,942.5,49.0,HEALTHY,replay,0.2,0.0
2025-02-18T23:00:00+00:00,AWS-RAN-103,21.8,978.2,45.0,False,,low,0.1,NORMAL,19.5,942.0,52.0,HEALTHY,replay,0.2,0.0
2025-02-19T00:00:00+00:00,AWS-RAN-103,21.5,977.7,45.0,False,,low,0.2,NORMAL,18.5,941.5,52.0,HEALTHY,replay,0.3,0.0
2025-02-19T01:00:00+00:00,AWS-RAN-103,20.7,977.2,45.0,False,,low,0.2,NORMAL,18.3,941.1,51.0,HEALTHY,replay,0.3,0.0
2025-02-19T02:00:00+00:00,AWS-RAN-103,19.8,976.9,48.0,False,,low,0.1,NORMAL,17.5,940.5,53.0,HEALTHY,replay,0.2,0.0
2025-02-19T03:00:00+00:00,AWS-RAN-103,19.3,976.5,53.0,False,,low,0.1,NORMAL,17.3,940.3,54.0,HEALTHY,replay,0.2,0.0
2025-02-19T04:00:00+00:00,AWS-RAN-103,19.1,976.7,55.0,False,,low,0.1,NORMAL,17.3,940.3,56.0,HEALTHY,replay,0.2,0.0
2025-02-19T05:00:00+00:00,AWS-RAN-103,18.9,976.9,57.0,False,,low,0.2,NORMAL,16.4,940.4,61.0,HEALTHY,replay,0.4,0.0
2025-02-19T06:00:00+00:00,AWS-RAN-103,18.4,977.9,64.0,False,,low,0.6,NORMAL,16.4,941.4,67.0,HEALTHY,replay,1.0,0.0
2025-02-19T07:00:00+00:00,AWS-RAN-103,21.0,978.8,56.0,False,,low,0.4,NORMAL,18.6,942.6,60.0,HEALTHY,replay,0.6,0.0
2025-02-19T08:00:00+00:00,AWS-RAN-103,23.6,979.8,49.0,False,,low,0.4,NORMAL,21.7,943.8,51.0,HEALTHY,replay,0.7,0.0
2025-02-19T09:00:00+00:00,AWS-RAN-103,25.5,980.2,44.0,False,,low,0.5,NORMAL,24.1,944.5,45.0,HEALTHY,replay,0.9,0.0
2025-02-19T10:00:00+00:00,AWS-RAN-103,27.3,980.0,39.0,False,,low,0.6,NORMAL,25.9,944.4,42.0,HEALTHY,replay,1.0,0.0
2025-02-19T11:00:00+00:00,AWS-RAN-103,28.6,978.9,37.0,False,,low,0.4,NORMAL,26.8,943.6,39.0,HEALTHY,replay,0.7,0.0
2025-02-19T12:00:00+00:00,AWS-RAN-103,29.0,977.9,34.0,False,,low,0.6,NORMAL,27.3,942.8,37.0,HEALTHY,replay,1.0,0.0
2025-02-19T13:00:00+00:00,AWS-RAN-103,29.9,976.6,32.0,False,,low,1.4,NORMAL,27.9,941.5,34.0,HEALTHY,replay,2.3,0.0
2025-02-19T14:00:00+00:00,AWS-RAN-103,30.1,975.4,31.0,False,,low,1.7,NORMAL,27.7,940.6,33.0,HEALTHY,replay,2.9,0.0
2025-02-19T15:00:00+00:00,AWS-RAN-103,30.0,974.9,30.0,False,,low,1.8,NORMAL,27.8,940.0,31.0,HEALTHY,replay,3.1,0.0
2025-02-19T16:00:00+00:00,AWS-RAN-103,29.6,974.7,29.0,False,,low,1.0,NORMAL,27.5,939.8,31.0,HEALTHY,replay,1.7,0.0
2025-02-19T17:00:00+00:00,AWS-RAN-103,27.9,974.9,33.0,False,,low,0.6,NORMAL,25.6,939.8,34.0,HEALTHY,replay,1.0,0.0
2025-02-19T18:00:00+00:00,AWS-RAN-103,25.3,975.6,43.0,False,,low,1.4,NORMAL,24.2,940.3,42.0,HEALTHY,replay,2.3,0.0
2025-02-19T19:00:00+00:00,AWS-RAN-103,24.6,976.4,45.0,False,,low,0.4,NORMAL,22.5,940.9,48.0,HEALTHY,replay,0.7,0.0
2025-02-19T20:00:00+00:00,AWS-RAN-103,24.2,977.6,49.0,False,,low,0.4,NORMAL,21.2,941.6,51.0,HEALTHY,replay,0.6,0.0
2025-02-19T21:00:00+00:00,AWS-RAN-103,23.1,978.0,56.0,False,,low,0.3,NORMAL,21.2,942.5,53.0,HEALTHY,replay,0.6,0.0
2025-02-19T22:00:00+00:00,AWS-RAN-103,22.3,978.2,59.0,False,,low,0.2,NORMAL,20.7,942.5,58.0,HEALTHY,replay,0.4,0.0
2025-02-19T23:00:00+00:00,AWS-RAN-103,21.7,978.1,61.0,False,,low,0.3,NORMAL,19.6,942.1,60.0,HEALTHY,replay,0.4,0.0
2025-02-20T00:00:00+00:00,AWS-RAN-103,21.1,977.8,62.0,False,,low,0.2,NORMAL,19.4,941.6,64.0,HEALTHY,replay,0.3,0.0
2025-02-20T01:00:00+00:00,AWS-RAN-103,20.6,977.4,64.0,False,,low,0.2,NORMAL,19.0,941.3,69.0,HEALTHY,replay,0.4,0.0
2025-02-20T02:00:00+00:00,AWS-RAN-103,20.6,977.0,64.0,False,,low,0.2,NORMAL,18.6,940.8,69.0,HEALTHY,replay,0.3,0.0
2025-02-20T03:00:00+00:00,AWS-RAN-103,19.8,977.0,66.0,False,,low,0.2,NORMAL,17.9,940.9,72.0,HEALTHY,replay,0.3,0.0
2025-02-20T04:00:00+00:00,AWS-RAN-103,19.2,977.1,78.0,False,,low,2.0,NORMAL,17.5,940.6,76.0,HEALTHY,replay,3.4,0.0
2025-02-20T05:00:00+00:00,AWS-RAN-103,18.5,977.7,83.0,False,,low,1.5,NORMAL,17.3,941.5,80.0,HEALTHY,replay,2.5,0.0
2025-02-20T06:00:00+00:00,AWS-RAN-103,19.3,978.7,81.0,False,,low,0.5,NORMAL,17.2,950.33,84.0,HEALTHY,replay,0.9,0.0
2025-02-20T07:00:00+00:00,AWS-RAN-103,20.5,979.6,77.0,False,,low,0.8,NORMAL,18.7,950.44,82.0,HEALTHY,replay,1.3,0.0
2025-02-20T08:00:00+00:00,AWS-RAN-103,22.6,980.7,65.0,False,,low,2.3,NORMAL,20.7,951.69,70.0,HEALTHY,replay,3.8,0.0
2025-02-20T09:00:00+00:00,AWS-RAN-103,24.8,981.4,57.0,False,,low,1.3,NORMAL,23.1,953.64,64.0,HEALTHY,replay,2.1,0.0
2025-02-20T10:00:00+00:00,AWS-RAN-103,25.8,981.1,54.0,False,,low,1.2,NORMAL,24.6,952.76,50.0,HEALTHY,replay,2.0,0.0
2025-02-20T11:00:00+00:00,AWS-RAN-103,27.9,980.1,44.0,False,,low,2.4,NORMAL,26.4,952.11,44.0,HEALTHY,replay,4.0,0.0
2025-02-20T12:00:00+00:00,AWS-RAN-103,28.8,979.2,39.0,False,,low,1.9,NORMAL,27.1,944.0,41.0,HEALTHY,replay,3.1,0.0
2025-02-20T13:00:00+00:00,AWS-RAN-103,26.9,978.1,49.0,False,,low,1.9,NORMAL,27.5,942.4,40.0,HEALTHY,replay,3.2,0.0
2025-02-20T14:00:00+00:00,AWS-RAN-103,28.7,976.8,38.0,False,,low,7.0,NORMAL,26.5,941.7,45.0,HEALTHY,replay,11.6,0.0
2025-02-20T15:00:00+00:00,AWS-RAN-103,27.3,977.2,46.0,False,,low,1.3,NORMAL,20.2,942.2,78.0,HEALTHY,replay,2.2,0.0
2025-02-20T16:00:00+00:00,AWS-RAN-103,22.8,977.6,70.0,False,,low,44.6,NORMAL,22.0,941.3,64.0,HEALTHY,replay,74.3,0.0
2025-02-20T17:00:00+00:00,AWS-RAN-103,22.8,977.5,67.0,False,,low,21.0,NORMAL,21.8,941.7,68.0,HEALTHY,replay,35.0,0.0
2025-02-20T18:00:00+00:00,AWS-RAN-103,21.2,978.0,79.0,False,,low,26.3,NORMAL,20.6,942.0,78.0,HEALTHY,replay,43.8,0.0
2025-02-20T19:00:00+00:00,AWS-RAN-103,20.4,978.9,83.0,False,,low,6.4,NORMAL,19.6,942.7,83.0,HEALTHY,replay,10.7,0.0
2025-02-20T20:00:00+00:00,AWS-RAN-103,19.8,980.0,87.0,False,,low,20.0,NORMAL,18.6,943.4,88.0,HEALTHY,replay,33.4,0.0
2025-02-20T21:00:00+00:00,AWS-RAN-103,19.0,980.4,94.0,False,,low,10.0,NORMAL,18.2,943.9,90.0,HEALTHY,replay,16.7,0.0
2025-02-20T22:00:00+00:00,AWS-RAN-103,18.5,980.7,96.0,False,,low,5.1,NORMAL,17.5,944.2,93.0,HEALTHY,replay,8.5,0.0
2025-02-20T23:00:00+00:00,AWS-RAN-103,18.3,980.2,96.0,False,,low,2.3,NORMAL,16.9,943.7,96.0,HEALTHY,replay,3.9,0.0
2025-02-21T00:00:00+00:00,AWS-RAN-103,17.4,979.4,98.0,False,,low,2.2,NORMAL,17.0,942.8,95.0,HEALTHY,replay,3.6,0.0
2025-02-21T01:00:00+00:00,AWS-RAN-103,17.0,978.5,98.0,False,,low,2.0,NORMAL,16.5,942.0,96.0,HEALTHY,replay,3.4,0.0
2025-02-21T02:00:00+00:00,AWS-RAN-103,16.7,977.7,97.0,False,,low,1.8,NORMAL,15.9,941.5,94.0,HEALTHY,replay,3.0,0.0
2025-02-21T03:00:00+00:00,AWS-RAN-103,16.7,977.5,96.0,False,,low,1.0,NORMAL,16.2,941.3,92.0,HEALTHY,replay,1.7,0.0
2025-02-21T04:00:00+00:00,AWS-RAN-103,16.7,977.8,95.0,False,,low,0.7,NORMAL,16.2,941.5,93.0,HEALTHY,replay,1.2,0.0
2025-02-21T05:00:00+00:00,AWS-RAN-103,16.9,978.4,94.0,False,,low,0.6,NORMAL,16.3,942.3,93.0,HEALTHY,replay,1.0,0.0
2025-02-21T06:00:00+00:00,AWS-RAN-103,17.9,979.3,84.0,False,,low,0.9,NORMAL,16.1,943.0,91.0,HEALTHY,replay,1.5,0.0
2025-02-21T07:00:00+00:00,AWS-RAN-103,20.6,980.7,72.0,False,,low,2.8,NORMAL,18.7,944.7,79.0,HEALTHY,replay,4.6,0.0
2025-02-21T08:00:00+00:00,AWS-RAN-103,24.3,981.7,57.0,False,,low,24.2,NORMAL,22.3,946.1,65.0,HEALTHY,replay,40.3,0.0
2025-02-21T09:00:00+00:00,AWS-RAN-103,27.3,982.0,46.0,False,,low,29.9,NORMAL,25.0,946.7,53.0,HEALTHY,replay,49.8,0.0
2025-02-21T10:00:00+00:00,AWS-RAN-103,29.6,981.7,30.0,False,,low,51.3,NORMAL,27.2,946.6,35.0,HEALTHY,replay,85.5,0.0
2025-02-21T11:00:00+00:00,AWS-RAN-103,31.2,981.0,24.0,False,,low,30.9,NORMAL,28.2,946.1,30.0,HEALTHY,replay,51.4,0.0
2025-02-21T12:00:00+00:00,AWS-RAN-103,31.8,979.9,23.0,False,,low,14.5,NORMAL,29.0,945.1,28.0,HEALTHY,replay,24.1,0.0
2025-02-21T13:00:00+00:00,AWS-RAN-103,32.0,978.8,22.0,False,,low,23.0,NORMAL,29.4,944.0,26.0,HEALTHY,replay,38.3,0.0
2025-02-21T14:00:00+00:00,AWS-RAN-103,32.0,977.9,21.0,False,,low,7.8,NORMAL,29.3,943.1,25.0,HEALTHY,replay,13.1,0.0
2025-02-21T15:00:00+00:00,AWS-RAN-103,31.7,977.0,21.0,False,,low,10.9,NORMAL,29.2,942.3,24.0,HEALTHY,replay,18.1,0.0
2025-02-21T16:00:00+00:00,AWS-RAN-103,31.0,976.5,21.0,False,,low,22.6,NORMAL,28.6,941.8,26.0,HEALTHY,replay,37.7,0.0
2025-02-21T17:00:00+00:00,AWS-RAN-103,28.9,976.8,24.0,False,,low,5.7,NORMAL,25.7,941.6,32.0,HEALTHY,replay,9.5,0.0
2025-02-21T18:00:00+00:00,AWS-RAN-103,25.6,977.4,28.0,False,,low,17.8,NORMAL,23.3,941.8,38.0,HEALTHY,replay,29.6,0.0
2025-02-21T19:00:00+00:00,AWS-RAN-103,24.3,978.0,32.0,False,,low,14.9,NORMAL,21.9,942.5,42.0,HEALTHY,replay,24.9,0.0
2025-02-21T20:00:00+00:00,AWS-RAN-103,22.6,978.4,37.0,False,,low,9.2,NORMAL,20.6,942.7,43.0,HEALTHY,replay,15.4,0.0
2025-02-21T21:00:00+00:00,AWS-RAN-103,21.5,979.0,42.0,False,,low,7.9,NORMAL,20.9,943.3,55.0,HEALTHY,replay,13.1,0.0
2025-02-21T22:00:00+00:00,AWS-RAN-103,21.5,979.5,43.0,False,,low,3.9,NORMAL,20.4,943.4,58.0,HEALTHY,replay,6.5,0.0
2025-02-21T23:00:00+00:00,AWS-RAN-103,20.1,979.1,48.0,False,,low,3.0,NORMAL,19.6,942.9,62.0,HEALTHY,replay,5.0,0.0
2025-02-22T00:00:00+00:00,AWS-RAN-103,19.5,978.6,52.0,False,,low,3.9,NORMAL,18.7,942.4,66.0,HEALTHY,replay,6.5,0.0
2025-02-22T01:00:00+00:00,AWS-RAN-103,19.2,978.0,54.0,False,,low,3.0,NORMAL,17.0,941.8,60.0,HEALTHY,replay,5.0,0.0
2025-02-22T02:00:00+00:00,AWS-RAN-103,19.4,977.9,54.0,False,,low,3.8,NORMAL,16.4,941.5,63.0,HEALTHY,replay,6.4,0.0
2025-02-22T03:00:00+00:00,AWS-RAN-103,19.5,977.9,53.0,False,,low,3.3,NORMAL,16.5,941.4,63.0,HEALTHY,replay,5.5,0.0
2025-02-22T04:00:00+00:00,AWS-RAN-103,19.1,977.9,55.0,False,,low,3.4,NORMAL,16.7,941.5,62.0,HEALTHY,replay,5.6,0.0
2025-02-22T05:00:00+00:00,AWS-RAN-103,18.6,978.3,57.0,False,,low,1.7,NORMAL,16.6,941.8,63.0,HEALTHY,replay,2.8,0.0
2025-02-22T06:00:00+00:00,AWS-RAN-103,19.1,978.9,63.0,False,,low,0.9,NORMAL,16.7,942.7,70.0,HEALTHY,replay,1.4,0.0
2025-02-22T07:00:00+00:00,AWS-RAN-103,21.7,980.1,55.0,False,,low,0.6,NORMAL,19.1,944.0,63.0,HEALTHY,replay,1.0,0.0
2025-02-22T08:00:00+00:00,AWS-RAN-103,24.7,981.3,44.0,False,,low,2.4,NORMAL,22.5,945.5,52.0,HEALTHY,replay,4.0,0.0
2025-02-22T09:00:00+00:00,AWS-RAN-103,26.6,981.8,38.0,False,,low,1.2,NORMAL,24.9,946.2,43.0,HEALTHY,replay,2.0,0.0
2025-02-22T10:00:00+00:00,AWS-RAN-103,27.8,981.8,36.0,False,,low,1.3,NORMAL,26.4,946.3,39.0,HEALTHY,replay,2.1,0.0
2025-02-22T11:00:00+00:00,AWS-RAN-103,29.0,981.0,34.0,False,,low,1.0,NORMAL,26.6,945.6,37.0,HEALTHY,replay,1.7,0.0
2025-02-22T12:00:00+00:00,AWS-RAN-103,29.8,980.0,32.0,False,,low,0.9,NORMAL,27.3,944.7,35.0,HEALTHY,replay,1.4,0.0
2025-02-22T13:00:00+00:00,AWS-RAN-103,30.1,978.6,31.0,False,,low,1.4,NORMAL,27.4,943.4,34.0,HEALTHY,replay,2.4,0.0
2025-02-22T14:00:00+00:00,AWS-RAN-103,29.2,977.7,31.0,False,,low,3.7,NORMAL,27.2,942.8,33.0,HEALTHY,replay,6.1,0.0
2025-02-22T15:00:00+00:00,AWS-RAN-103,25.2,977.9,56.0,False,,low,35.9,NORMAL,26.8,942.4,33.0,HEALTHY,replay,59.8,0.0
2025-02-22T16:00:00+00:00,AWS-RAN-103,25.8,977.6,51.0,False,,low,7.9,NORMAL,24.9,942.2,42.0,HEALTHY,replay,13.1,0.0
2025-02-22T17:00:00+00:00,AWS-RAN-103,25.0,977.7,54.0,False,,low,1.7,NORMAL,23.7,942.2,57.0,HEALTHY,replay,2.8,0.0
2025-02-22T18:00:00+00:00,AWS-RAN-103,21.4,978.7,70.0,False,,low,19.9,NORMAL,19.9,942.3,71.0,HEALTHY,replay,33.1,0.0
2025-02-22T19:00:00+00:00,AWS-RAN-103,20.0,979.4,76.0,False,,low,21.9,NORMAL,19.0,943.0,73.0,HEALTHY,replay,36.5,0.0
2025-02-22T20:00:00+00:00,AWS-RAN-103,19.6,979.7,75.0,False,,low,2.3,NORMAL,18.5,943.2,74.0,HEALTHY,replay,3.9,0.0
2025-02-22T21:00:00+00:00,AWS-RAN-103,19.2,980.3,75.0,False,,low,0.6,NORMAL,17.9,943.8,77.0,HEALTHY,replay,1.0,0.0
2025-02-22T22:00:00+00:00,AWS-RAN-103,19.3,980.3,72.0,False,,low,0.4,NORMAL,18.1,944.2,74.0,HEALTHY,replay,0.7,0.0
2025-02-22T23:00:00+00:00,AWS-RAN-103,19.1,980.0,72.0,False,,low,0.4,NORMAL,18.1,944.1,70.0,HEALTHY,replay,0.7,0.0
2025-02-23T00:00:00+00:00,AWS-RAN-103,18.8,979.9,72.0,False,,low,0.4,NORMAL,17.8,943.5,68.0,HEALTHY,replay,0.6,0.0
2025-02-23T01:00:00+00:00,AWS-RAN-103,18.4,979.5,72.0,False,,low,0.4,NORMAL,17.3,943.0,68.0,HEALTHY,replay,0.7,0.0
2025-02-23T02:00:00+00:00,AWS-RAN-103,18.5,979.0,68.0,False,,low,0.2,NORMAL,16.9,942.7,71.0,HEALTHY,replay,0.4,0.0
2025-02-23T03:00:00+00:00,AWS-RAN-103,18.1,978.6,67.0,False,,low,0.2,NORMAL,16.4,942.4,73.0,HEALTHY,replay,0.3,0.0
2025-02-23T04:00:00+00:00,AWS-RAN-103,17.7,978.9,69.0,False,,low,0.1,NORMAL,16.1,942.4,76.0,HEALTHY,replay,0.2,0.0
2025-02-23T05:00:00+00:00,AWS-RAN-103,17.3,979.6,71.0,False,,low,0.2,NORMAL,15.6,942.9,77.0,HEALTHY,replay,0.3,0.0
2025-02-23T06:00:00+00:00,AWS-RAN-103,18.1,980.3,70.0,False,,low,0.2,NORMAL,16.7,944.0,79.0,HEALTHY,replay,0.4,0.0
2025-02-23T07:00:00+00:00,AWS-RAN-103,21.1,981.7,59.0,False,,low,0.9,NORMAL,18.7,945.6,71.0,HEALTHY,replay,1.4,0.0
2025-02-23T08:00:00+00:00,AWS-RAN-103,24.7,982.9,47.0,False,,low,5.2,NORMAL,22.2,947.1,58.0,HEALTHY,replay,8.6,0.0
2025-02-23T09:00:00+00:00,AWS-RAN-103,26.6,983.5,39.0,False,,low,3.3,NORMAL,24.1,947.8,48.0,HEALTHY,replay,5.4,0.0
2025-02-23T10:00:00+00:00,AWS-RAN-103,27.7,983.2,34.0,False,,low,0.9,NORMAL,25.1,947.7,41.0,HEALTHY,replay,1.5,0.0
2025-02-23T11:00:00+00:00,AWS-RAN-103,28.9,982.2,30.0,False,,low,0.7,NORMAL,25.9,946.8,37.0,HEALTHY,replay,1.2,0.0
2025-02-23T12:00:00+00:00,AWS-RAN-103,29.6,980.9,27.0,False,,low,1.1,NORMAL,26.6,945.7,34.0,HEALTHY,replay,1.8,0.0
2025-02-23T13:00:00+00:00,AWS-RAN-103,30.0,979.9,25.0,False,,low,1.2,NORMAL,27.4,944.8,31.0,HEALTHY,replay,2.1,0.0
2025-02-23T14:00:00+00:00,AWS-RAN-103,30.1,978.9,23.0,False,,low,1.4,NORMAL,27.5,943.8,29.0,HEALTHY,replay,2.3,0.0
2025-02-23T15:00:00+00:00,AWS-RAN-103,29.9,978.1,23.0,False,,low,5.7,NORMAL,27.7,943.1,29.0,HEALTHY,replay,9.6,0.0
2025-02-23T16:00:00+00:00,AWS-RAN-103,29.5,978.0,22.0,False,,low,2.8,NORMAL,26.8,942.9,28.0,HEALTHY,replay,4.7,0.0
2025-02-23T17:00:00+00:00,AWS-RAN-103,27.5,978.4,28.0,False,,low,0.9,NORMAL,24.6,943.0,34.0,HEALTHY,replay,1.4,0.0
2025-02-23T18:00:00+00:00,AWS-RAN-103,23.9,979.2,33.0,False,,low,4.0,NORMAL,21.3,943.4,39.0,HEALTHY,replay,6.6,0.0
2025-02-23T19:00:00+00:00,AWS-RAN-103,22.2,980.2,37.0,False,,low,3.1,NORMAL,20.6,944.5,41.0,HEALTHY,replay,5.2,0.0
2025-02-23T20:00:00+00:00,AWS-RAN-103,21.4,981.1,39.0,False,,low,1.2,NORMAL,19.3,945.3,44.0,HEALTHY,replay,1.9,0.0
2025-02-23T21:00:00+00:00,AWS-RAN-103,20.7,981.7,40.0,False,,low,1.2,NORMAL,18.6,945.7,48.0,HEALTHY,replay,2.0,0.0
2025-02-23T22:00:00+00:00,AWS-RAN-103,19.8,982.0,43.0,False,,low,0.6,NORMAL,17.7,945.7,48.0,HEALTHY,replay,1.0,0.0
2025-02-23T23:00:00+00:00,AWS-RAN-103,19.3,981.8,45.0,False,,low,0.4,NORMAL,17.2,945.3,54.0,HEALTHY,replay,0.7,0.0
2025-02-24T00:00:00+00:00,AWS-RAN-103,18.5,981.4,50.0,False,,low,0.3,NORMAL,16.5,944.9,59.0,HEALTHY,replay,0.5,0.0
2025-02-24T01:00:00+00:00,AWS-RAN-103,18.1,980.9,55.0,False,,low,0.2,NORMAL,15.8,944.4,62.0,HEALTHY,replay,0.4,0.0
2025-02-24T02:00:00+00:00,AWS-RAN-103,17.8,980.7,57.0,False,,low,0.2,NORMAL,15.2,944.0,60.0,HEALTHY,replay,0.3,0.0
2025-02-24T03:00:00+00:00,AWS-RAN-103,16.9,980.5,60.0,False,,low,0.1,NORMAL,14.7,943.8,62.0,HEALTHY,replay,0.2,0.0
2025-02-24T04:00:00+00:00,AWS-RAN-103,16.2,980.8,64.0,False,,low,0.1,NORMAL,14.2,944.0,65.0,HEALTHY,replay,0.2,0.0
2025-02-24T05:00:00+00:00,AWS-RAN-103,15.3,981.6,69.0,False,,low,0.3,NORMAL,13.9,944.7,68.0,HEALTHY,replay,0.4,0.0
2025-02-24T06:00:00+00:00,AWS-RAN-103,15.6,982.7,74.0,False,,low,0.6,NORMAL,14.3,945.7,76.0,HEALTHY,replay,1.0,0.0
2025-02-24T07:00:00+00:00,AWS-RAN-103,18.8,983.8,63.0,False,,low,2.8,NORMAL,16.9,947.3,66.0,HEALTHY,replay,4.7,0.0
2025-02-24T08:00:00+00:00,AWS-RAN-103,22.6,984.9,47.0,False,,low,18.8,NORMAL,20.4,948.7,50.0,HEALTHY,replay,31.4,0.0
2025-02-24T09:00:00+00:00,AWS-RAN-103,24.8,985.3,39.0,False,,low,7.6,NORMAL,23.0,949.3,39.0,HEALTHY,replay,12.6,0.0
2025-02-24T10:00:00+00:00,AWS-RAN-103,26.5,984.9,32.0,False,,low,4.7,NORMAL,24.5,949.1,34.0,HEALTHY,replay,7.9,0.0
2025-02-24T11:00:00+00:00,AWS-RAN-103,27.7,983.9,28.0,False,,low,3.2,NORMAL,26.0,948.3,28.0,HEALTHY,replay,5.3,0.0
2025-02-24T12:00:00+00:00,AWS-RAN-103,28.9,982.4,25.0,False,,low,6.2,NORMAL,26.8,947.0,24.0,HEALTHY,replay,10.4,0.0
2025-02-24T13:00:00+00:00,AWS-RAN-103,29.8,980.7,22.0,False,,low,6.2,NORMAL,27.4,945.7,22.0,HEALTHY,replay,10.3,0.0
2025-02-24T14:00:00+00:00,AWS-RAN-103,30.2,979.3,19.0,False,,low,14.8,NORMAL,27.6,944.4,21.0,HEALTHY,replay,24.6,0.0
2025-02-24T15:00:00+00:00,AWS-RAN-103,30.3,978.6,17.0,False,,low,8.1,NORMAL,27.6,943.6,20.0,HEALTHY,replay,13.6,0.0
2025-02-24T16:00:00+00:00,AWS-RAN-103,29.6,978.5,17.0,False,,low,2.5,NORMAL,27.2,943.5,21.0,HEALTHY,replay,4.1,0.0
2025-02-24T17:00:00+00:00,AWS-RAN-103,26.6,978.7,23.0,False,,low,1.5,NORMAL,24.6,943.4,26.0,HEALTHY,replay,2.5,0.0
2025-02-24T18:00:00+00:00,AWS-RAN-103,24.4,979.5,33.0,False,,low,2.7,NORMAL,21.8,944.0,32.0,HEALTHY,replay,4.6,0.0
2025-02-24T19:00:00+00:00,AWS-RAN-103,22.7,980.9,31.0,False,,low,1.7,NORMAL,21.0,945.1,34.0,HEALTHY,replay,2.9,0.0
2025-02-24T20:00:00+00:00,AWS-RAN-103,21.9,981.6,31.0,False,,low,1.2,NORMAL,19.6,945.8,41.0,HEALTHY,replay,1.9,0.0
2025-02-24T21:00:00+00:00,AWS-RAN-103,21.0,981.9,33.0,False,,low,0.4,NORMAL,18.8,946.0,40.0,HEALTHY,replay,0.7,0.0
2025-02-24T22:00:00+00:00,AWS-RAN-103,19.6,982.5,38.0,False,,low,0.7,NORMAL,17.9,946.1,42.0,HEALTHY,replay,1.1,0.0
2025-02-24T23:00:00+00:00,AWS-RAN-103,19.1,982.4,40.0,False,,low,0.2,NORMAL,17.3,945.8,46.0,HEALTHY,replay,0.4,0.0
2025-02-25T00:00:00+00:00,AWS-RAN-103,18.5,982.0,45.0,False,,low,0.2,NORMAL,16.8,945.4,51.0,HEALTHY,replay,0.4,0.0
2025-02-25T01:00:00+00:00,AWS-RAN-103,18.0,981.5,49.0,False,,low,0.2,NORMAL,16.1,944.8,53.0,HEALTHY,replay,0.3,0.0
2025-02-25T02:00:00+00:00,AWS-RAN-103,17.8,980.8,50.0,False,,low,0.1,NORMAL,15.7,944.1,54.0,HEALTHY,replay,0.2,0.0
2025-02-25T03:00:00+00:00,AWS-RAN-103,17.3,980.6,50.0,False,,low,0.2,NORMAL,15.3,943.9,56.0,HEALTHY,replay,0.3,0.0
2025-02-25T04:00:00+00:00,AWS-RAN-103,16.5,980.8,53.0,False,,low,0.2,NORMAL,14.8,943.9,59.0,HEALTHY,replay,0.3,0.0
2025-02-25T05:00:00+00:00,AWS-RAN-103,15.8,981.4,57.0,False,,low,0.2,NORMAL,14.2,944.3,62.0,HEALTHY,replay,0.4,0.0
2025-02-25T06:00:00+00:00,AWS-RAN-103,16.8,983.1,57.0,False,,low,1.9,NORMAL,15.3,946.0,65.0,HEALTHY,replay,3.2,0.0
2025-02-25T07:00:00+00:00,AWS-RAN-103,19.7,984.0,49.0,False,,low,1.6,NORMAL,18.1,947.3,56.0,HEALTHY,replay,2.7,0.0
2025-02-25T08:00:00+00:00,AWS-RAN-103,22.7,984.8,40.0,False,,low,2.4,NORMAL,21.3,948.5,45.0,HEALTHY,replay,4.1,0.0
2025-02-25T09:00:00+00:00,AWS-RAN-103,24.7,985.5,36.0,False,,low,2.1,NORMAL,23.3,949.5,38.0,HEALTHY,replay,3.5,0.0
2025-02-25T10:00:00+00:00,AWS-RAN-103,26.2,985.2,33.0,False,,low,1.2,NORMAL,24.8,949.4,34.0,HEALTHY,replay,2.0,0.0
2025-02-25T11:00:00+00:00,AWS-RAN-103,27.3,984.3,32.0,False,,low,0.7,NORMAL,25.9,948.6,32.0,HEALTHY,replay,1.2,0.0
2025-02-25T12:00:00+00:00,AWS-RAN-103,28.4,983.0,30.0,False,,low,1.1,NORMAL,27.1,947.5,30.0,HEALTHY,replay,1.8,0.0
2025-02-25T13:00:00+00:00,AWS-RAN-103,29.3,982.0,28.0,False,,low,1.7,NORMAL,27.7,946.7,28.0,HEALTHY,replay,2.9,0.0
2025-02-25T14:00:00+00:00,AWS-RAN-103,30.3,980.7,24.0,False,,low,3.4,NORMAL,28.1,945.8,28.0,HEALTHY,replay,5.7,0.0
2025-02-25T15:00:00+00:00,AWS-RAN-103,30.5,980.3,22.0,False,,low,1.6,NORMAL,27.7,945.6,27.0,HEALTHY,replay,2.7,0.0
2025-02-25T16:00:00+00:00,AWS-RAN-103,29.3,980.2,24.0,False,,low,0.7,NORMAL,27.0,945.1,28.0,HEALTHY,replay,1.2,0.0
2025-02-25T17:00:00+00:00,AWS-RAN-103,27.2,980.2,30.0,False,,low,0.4,NORMAL,24.5,945.0,39.0,HEALTHY,replay,0.7,0.0
2025-02-25T18:00:00+00:00,AWS-RAN-103,25.4,981.4,34.0,False,,low,0.2,NORMAL,23.1,946.0,43.0,HEALTHY,replay,0.4,0.0
2025-02-25T19:00:00+00:00,AWS-RAN-103,23.8,982.6,39.0,False,,low,0.5,NORMAL,22.0,946.8,49.0,HEALTHY,replay,0.9,0.0
2025-02-25T20:00:00+00:00,AWS-RAN-103,23.0,983.2,42.0,False,,low,0.3,NORMAL,20.2,947.5,50.0,HEALTHY,replay,0.4,0.0
2025-02-25T21:00:00+00:00,AWS-RAN-103,21.7,984.0,45.0,False,,low,0.3,NORMAL,19.0,947.7,53.0,HEALTHY,replay,0.5,0.0
2025-02-25T22:00:00+00:00,AWS-RAN-103,20.4,984.0,50.0,False,,low,0.2,NORMAL,18.1,947.5,57.0,HEALTHY,replay,0.4,0.0
2025-02-25T23:00:00+00:00,AWS-RAN-103,19.7,983.6,52.0,False,,low,0.1,NORMAL,17.5,947.0,56.0,HEALTHY,replay,0.2,0.0
2025-02-26T00:00:00+00:00,AWS-RAN-103,18.7,983.1,55.0,False,,low,0.1,NORMAL,17.0,946.4,57.0,HEALTHY,replay,0.2,0.0
2025-02-26T01:00:00+00:00,AWS-RAN-103,18.5,982.5,56.0,False,,low,0.1,NORMAL,16.8,945.8,57.0,HEALTHY,replay,0.1,0.0
2025-02-26T02:00:00+00:00,AWS-RAN-103,18.4,982.4,56.0,False,,low,0.1,NORMAL,15.6,945.4,60.0,HEALTHY,replay,0.1,0.0
2025-02-26T03:00:00+00:00,AWS-RAN-103,18.1,982.2,57.0,False,,low,0.1,NORMAL,16.2,945.2,72.0,HEALTHY,replay,0.2,0.0
2025-02-26T04:00:00+00:00,AWS-RAN-103,17.8,982.0,57.0,False,,low,0.1,NORMAL,15.8,945.1,74.0,HEALTHY,replay,0.2,0.0
2025-02-26T05:00:00+00:00,AWS-RAN-103,17.1,982.3,58.0,False,,low,0.2,NORMAL,15.8,945.5,77.0,HEALTHY,replay,0.3,0.0
2025-02-26T06:00:00+00:00,AWS-RAN-103,17.1,983.4,64.0,False,,low,0.2,NORMAL,15.8,946.5,78.0,HEALTHY,replay,0.3,0.0
2025-02-26T07:00:00+00:00,AWS-RAN-103,20.1,984.7,54.0,False,,low,0.7,NORMAL,17.9,948.1,60.0,HEALTHY,replay,1.1,0.0
2025-02-26T08:00:00+00:00,AWS-RAN-103,22.6,985.6,46.0,False,,low,0.8,NORMAL,20.8,949.2,49.0,HEALTHY,replay,1.3,0.0
2025-02-26T09:00:00+00:00,AWS-RAN-103,24.2,986.0,44.0,False,,low,0.6,NORMAL,22.9,949.7,47.0,HEALTHY,replay,0.9,0.0
2025-02-26T10:00:00+00:00,AWS-RAN-103,25.7,986.0,45.0,False,,low,0.6,NORMAL,24.3,950.0,41.0,HEALTHY,replay,1.1,0.0
2025-02-26T11:00:00+00:00,AWS-RAN-103,27.1,984.5,43.0,False,,low,0.6,NORMAL,25.4,948.8,39.0,HEALTHY,replay,0.9,0.0
2025-02-26T12:00:00+00:00,AWS-RAN-103,28.1,983.2,40.0,False,,low,1.0,NORMAL,26.3,947.6,38.0,HEALTHY,replay,1.7,0.0
2025-02-26T13:00:00+00:00,AWS-RAN-103,28.4,981.8,38.0,False,,low,1.8,NORMAL,27.0,946.4,36.0,HEALTHY,replay,3.0,0.0
2025-02-26T14:00:00+00:00,AWS-RAN-103,28.9,980.6,36.0,False,,low,3.3,NORMAL,27.3,945.3,35.0,HEALTHY,replay,5.5,0.0
2025-02-26T15:00:00+00:00,AWS-RAN-103,29.0,980.1,35.0,False,,low,1.5,NORMAL,27.3,944.8,34.0,HEALTHY,replay,2.4,0.0
2025-02-26T16:00:00+00:00,AWS-RAN-103,28.5,980.0,35.0,False,,low,0.7,NORMAL,26.9,944.7,34.0,HEALTHY,replay,1.1,0.0
2025-02-26T17:00:00+00:00,AWS-RAN-103,26.5,979.8,41.0,False,,low,0.8,NORMAL,24.8,944.2,47.0,HEALTHY,replay,1.3,0.0
2025-02-26T18:00:00+00:00,AWS-RAN-103,24.1,980.2,49.0,False,,low,1.1,NORMAL,23.1,944.6,46.0,HEALTHY,replay,1.9,0.0
2025-02-26T19:00:00+00:00,AWS-RAN-103,23.4,981.0,49.0,False,,low,0.4,NORMAL,21.2,945.0,52.0,HEALTHY,replay,0.6,0.0
2025-02-26T20:00:00+00:00,AWS-RAN-103,22.1,981.5,52.0,False,,low,0.2,NORMAL,20.0,945.5,57.0,HEALTHY,replay,0.4,0.0
2025-02-26T21:00:00+00:00,AWS-RAN-103,21.8,981.7,52.0,False,,low,0.2,NORMAL,19.6,945.8,52.0,HEALTHY,replay,0.3,0.0
2025-02-26T22:00:00+00:00,AWS-RAN-103,21.9,981.8,52.0,False,,low,0.3,NORMAL,18.8,945.8,57.0,HEALTHY,replay,0.5,0.0
2025-02-26T23:00:00+00:00,AWS-RAN-103,21.3,981.7,54.0,False,,low,0.3,NORMAL,17.9,945.5,58.0,HEALTHY,replay,0.5,0.0
2025-02-27T00:00:00+00:00,AWS-RAN-103,19.7,981.1,61.0,False,,low,0.9,NORMAL,17.8,944.9,63.0,HEALTHY,replay,1.4,0.0
2025-02-27T01:00:00+00:00,AWS-RAN-103,18.5,980.4,65.0,False,,low,0.4,NORMAL,16.7,944.0,58.0,HEALTHY,replay,0.7,0.0
2025-02-27T02:00:00+00:00,AWS-RAN-103,17.4,979.8,63.0,False,,low,0.7,NORMAL,16.4,943.3,54.0,HEALTHY,replay,1.1,0.0
2025-02-27T03:00:00+00:00,AWS-RAN-103,16.8,979.6,59.0,False,,low,0.3,NORMAL,15.2,942.9,55.0,HEALTHY,replay,0.5,0.0
2025-02-27T04:00:00+00:00,AWS-RAN-103,16.7,979.9,60.0,False,,low,0.2,NORMAL,14.5,943.2,59.0,HEALTHY,replay,0.4,0.0
2025-02-27T05:00:00+00:00,AWS-RAN-103,16.5,980.5,64.0,False,,low,0.3,NORMAL,14.1,943.7,60.0,HEALTHY,replay,0.5,0.0
2025-02-27T06:00:00+00:00,AWS-RAN-103,17.5,981.1,66.0,False,,low,0.5,NORMAL,14.2,944.3,72.0,HEALTHY,replay,0.9,0.0
2025-02-27T07:00:00+00:00,AWS-RAN-103,20.3,982.1,58.0,False,,low,0.8,NORMAL,17.5,945.6,62.68,HEALTHY,replay,1.3,0.0
2025-02-27T08:00:00+00:00,AWS-RAN-103,23.1,982.8,48.0,False,,low,1.3,NORMAL,21.0,946.8,53.35,HEALTHY,replay,2.2,0.0
2025-02-27T09:00:00+00:00,AWS-RAN-103,24.8,983.3,45.0,False,,low,1.6,NORMAL,23.7,947.5,41.0,HEALTHY,replay,2.7,0.0
2025-02-27T10:00:00+00:00,AWS-RAN-103,26.6,983.2,40.0,False,,low,1.3,NORMAL,25.9,947.6,34.71,HEALTHY,replay,2.2,0.0
2025-02-27T11:00:00+00:00,AWS-RAN-103,28.4,981.9,35.0,False,,low,2.7,NORMAL,27.1,946.5,31.38,HEALTHY,replay,4.5,0.0
2025-02-27T12:00:00+00:00,AWS-RAN-103,29.9,980.3,29.0,False,,low,7.1,NORMAL,28.1,945.3,29.0,HEALTHY,replay,11.8,0.0
2025-02-27T13:00:00+00:00,AWS-RAN-103,31.2,978.9,24.0,False,,low,8.9,NORMAL,29.2,943.9,25.74,HEALTHY,replay,14.9,0.0
2025-02-27T14:00:00+00:00,AWS-RAN-103,31.6,977.5,22.0,False,,low,13.1,NORMAL,29.5,942.7,25.41,HEALTHY,replay,21.8,0.0
2025-02-27T15:00:00+00:00,AWS-RAN-103,31.3,976.9,22.0,False,,low,4.3,NORMAL,28.9,942.2,26.09,HEALTHY,replay,7.1,0.0
2025-02-27T16:00:00+00:00,AWS-RAN-103,30.2,977.3,24.0,False,,low,2.9,NORMAL,28.0,942.4,27.77,HEALTHY,replay,4.8,0.0
2025-02-27T17:00:00+00:00,AWS-RAN-103,28.0,977.5,29.0,False,,low,1.9,NORMAL,25.6,942.5,33.0,HEALTHY,replay,3.1,0.0
2025-02-27T18:00:00+00:00,AWS-RAN-103,26.0,978.2,34.0,False,,low,2.0,NORMAL,23.1,942.9,39.0,HEALTHY,replay,3.3,0.0
2025-02-27T19:00:00+00:00,AWS-RAN-103,24.4,978.8,38.0,False,,low,1.0,NORMAL,21.6,943.4,42.0,HEALTHY,replay,1.6,0.0
2025-02-27T20:00:00+00:00,AWS-RAN-103,23.2,979.6,41.0,False,,low,0.7,NORMAL,20.3,944.0,43.47,HEALTHY,replay,1.1,0.0
2025-02-27T21:00:00+00:00,AWS-RAN-103,22.2,980.1,44.0,False,,low,0.3,NORMAL,19.9,944.3,45.15,HEALTHY,replay,0.6,0.0
2025-02-27T22:00:00+00:00,AWS-RAN-103,21.0,980.0,49.0,False,,low,0.3,NORMAL,19.1,944.2,48.83,HEALTHY,replay,0.6,0.0
2025-02-27T23:00:00+00:00,AWS-RAN-103,19.6,979.6,54.0,False,,low,0.4,NORMAL,18.0,943.4,55.0,HEALTHY,replay,0.7,0.0
2025-02-28T00:00:00+00:00,AWS-RAN-103,18.4,979.3,59.0,False,,low,0.4,NORMAL,17.2,943.0,58.0,HEALTHY,replay,0.6,0.0
2025-02-28T01:00:00+00:00,AWS-RAN-103,17.4,978.4,65.0,False,,low,0.8,NORMAL,16.7,942.4,58.86,HEALTHY,replay,1.4,0.0
2025-02-28T02:00:00+00:00,AWS-RAN-103,16.5,977.9,71.0,False,,low,0.9,NORMAL,16.4,941.9,60.53,HEALTHY,replay,1.5,0.0
2025-02-28T03:00:00+00:00,AWS-RAN-103,16.0,977.9,73.0,False,,low,0.6,NORMAL,16.7,941.9,59.21,HEALTHY,replay,1.0,0.0
2025-02-28T04:00:00+00:00,AWS-RAN-103,15.6,978.1,76.0,False,,low,0.8,NORMAL,16.4,941.9,61.0,HEALTHY,replay,1.3,0.0
2025-02-28T05:00:00+00:00,AWS-RAN-103,15.8,978.6,74.0,False,,low,0.4,NORMAL,17.0,942.3,60.0,HEALTHY,replay,0.7,0.0
2025-02-28T06:00:00+00:00,AWS-RAN-103,17.2,979.1,70.0,False,,low,0.9,NORMAL,16.6,942.9,60.24,HEALTHY,replay,1.5,0.0
2025-02-28T07:00:00+00:00,AWS-RAN-103,20.6,980.1,59.0,False,,low,1.4,NORMAL,19.1,944.2,51.92,HEALTHY,replay,2.4,0.0
2025-02-28T08:00:00+00:00,AWS-RAN-103,24.0,981.1,45.0,False,,low,8.5,NORMAL,22.7,945.3,45.0,HEALTHY,replay,14.2,0.0
2025-02-28T09:00:00+00:00,AWS-RAN-103,25.9,981.7,42.0,False,,low,1.9,NORMAL,25.6,946.2,39.0,HEALTHY,replay,3.2,0.0
2025-02-28T10:00:00+00:00,AWS-RAN-103,27.8,981.8,38.0,False,,low,1.6,NORMAL,27.6,946.4,35.0,HEALTHY,replay,2.7,0.0
2025-02-28T11:00:00+00:00,AWS-RAN-103,29.6,980.9,33.0,False,,low,1.2,NORMAL,29.1,945.7,29.0,HEALTHY,replay,2.0,0.0
2025-02-28T12:00:00+00:00,AWS-RAN-103,30.9,979.6,30.0,False,,low,0.8,NORMAL,30.2,944.5,26.0,HEALTHY,replay,1.3,0.0
2025-02-28T13:00:00+00:00,AWS-RAN-103,31.7,977.9,29.0,False,,low,1.4,NORMAL,30.6,943.1,25.0,HEALTHY,replay,2.4,0.0
2025-02-28T14:00:00+00:00,AWS-RAN-103,32.3,976.7,27.0,False,,low,3.2,NORMAL,30.9,942.1,25.0,HEALTHY,replay,5.4,0.0
2025-02-28T15:00:00+00:00,AWS-RAN-103,32.2,975.8,26.0,False,,low,2.7,NORMAL,30.3,941.3,25.0,HEALTHY,replay,4.6,0.0
2025-02-28T16:00:00+00:00,AWS-RAN-103,31.8,975.5,25.0,False,,low,2.4,NORMAL,29.8,941.1,26.0,HEALTHY,replay,4.1,0.0
2025-02-28T17:00:00+00:00,AWS-RAN-103,29.4,975.7,33.0,False,,low,2.2,NORMAL,26.8,941.1,32.0,HEALTHY,replay,3.6,0.0
2025-02-28T18:00:00+00:00,AWS-RAN-103,27.2,977.0,38.0,False,,low,1.0,NORMAL,24.7,942.0,38.0,HEALTHY,replay,1.6,0.0
2025-02-28T19:00:00+00:00,AWS-RAN-103,26.7,978.0,40.0,False,,low,1.3,NORMAL,23.5,942.7,45.0,HEALTHY,replay,2.2,0.0
2025-02-28T20:00:00+00:00,AWS-RAN-103,25.5,978.5,42.0,False,,low,0.4,NORMAL,22.7,943.4,45.0,HEALTHY,replay,0.7,0.0
2025-02-28T21:00:00+00:00,AWS-RAN-103,23.9,978.4,47.0,False,,low,0.4,NORMAL,21.4,943.0,50.0,HEALTHY,replay,0.7,0.0
2025-02-28T22:00:00+00:00,AWS-RAN-103,23.1,978.4,51.0,False,,low,0.4,NORMAL,21.1,942.8,52.0,HEALTHY,replay,0.7,0.0
2025-02-28T23:00:00+00:00,AWS-RAN-103,22.7,977.9,51.0,False,,low,0.5,NORMAL,20.2,942.0,54.0,HEALTHY,replay,0.8,0.0
2025-03-01T00:00:00+00:00,AWS-RAN-103,22.1,977.0,53.0,False,,low,0.8,NORMAL,19.5,941.1,58.0,HEALTHY,replay,1.3,0.0
2025-03-01T01:00:00+00:00,AWS-RAN-103,21.2,976.4,56.0,False,,low,0.6,NORMAL,19.7,940.6,58.0,HEALTHY,replay,0.9,0.0
2025-03-01T02:00:00+00:00,AWS-RAN-103,20.2,975.9,61.0,False,,low,0.6,NORMAL,19.7,940.3,54.0,HEALTHY,replay,1.0,0.0
2025-03-01T03:00:00+00:00,AWS-RAN-103,20.2,975.7,59.0,False,,low,0.9,NORMAL,19.7,940.2,52.0,HEALTHY,replay,1.6,0.0
2025-03-01T04:00:00+00:00,AWS-RAN-103,20.6,975.3,55.0,False,,low,3.8,NORMAL,19.3,939.9,54.0,HEALTHY,replay,6.4,0.0
2025-03-01T05:00:00+00:00,AWS-RAN-103,20.7,975.7,56.0,False,,low,2.4,NORMAL,19.2,940.2,60.0,HEALTHY,replay,4.0,0.0
2025-03-01T06:00:00+00:00,AWS-RAN-103,21.7,976.8,55.0,False,,low,2.5,NORMAL,19.1,941.1,63.0,HEALTHY,replay,4.1,0.0
2025-03-01T07:00:00+00:00,AWS-RAN-103,24.2,978.0,50.0,False,,low,2.7,NORMAL,21.3,942.6,59.0,HEALTHY,replay,4.5,0.0
2025-03-01T08:00:00+00:00,AWS-RAN-103,27.5,978.8,43.0,False,,low,3.6,NORMAL,24.5,944.0,46.0,HEALTHY,replay,6.0,0.0
2025-03-01T09:00:00+00:00,AWS-RAN-103,30.2,979.2,36.0,False,,low,5.0,NORMAL,27.1,944.5,39.0,HEALTHY,replay,8.3,0.0
2025-03-01T10:00:00+00:00,AWS-RAN-103,31.9,978.9,32.0,False,,low,3.3,NORMAL,29.2,944.4,33.0,HEALTHY,replay,5.5,0.0
2025-03-01T11:00:00+00:00,AWS-RAN-103,33.4,977.8,26.0,False,,low,3.8,NORMAL,30.7,943.6,27.0,HEALTHY,replay,6.3,0.0
2025-03-01T12:00:00+00:00,AWS-RAN-103,34.1,976.5,23.0,False,,low,3.5,NORMAL,31.4,942.2,24.0,HEALTHY,replay,5.9,0.0
2025-03-01T13:00:00+00:00,AWS-RAN-103,34.5,975.2,21.0,False,,low,8.3,NORMAL,32.1,941.1,23.0,HEALTHY,replay,13.9,0.0
2025-03-01T14:00:00+00:00,AWS-RAN-103,34.7,973.9,20.0,False,,low,6.9,NORMAL,31.8,939.9,23.0,HEALTHY,replay,11.5,0.0
2025-03-01T15:00:00+00:00,AWS-RAN-103,34.1,973.3,21.0,False,,low,2.2,NORMAL,31.5,939.2,23.0,HEALTHY,replay,3.7,0.0
2025-03-01T16:00:00+00:00,AWS-RAN-103,33.1,973.4,22.0,False,,low,1.9,NORMAL,30.7,939.2,24.0,HEALTHY,replay,3.1,0.0
2025-03-01T17:00:00+00:00,AWS-RAN-103,31.4,973.8,25.0,False,,low,0.9,NORMAL,26.9,939.4,45.0,HEALTHY,replay,1.5,0.0
2025-03-01T18:00:00+00:00,AWS-RAN-103,28.2,974.5,30.0,False,,low,1.7,NORMAL,26.0,939.8,37.0,HEALTHY,replay,2.9,0.0
2025-03-01T19:00:00+00:00,AWS-RAN-103,26.4,975.2,34.0,False,,low,1.3,NORMAL,24.2,940.3,38.0,HEALTHY,replay,2.2,0.0
2025-03-01T20:00:00+00:00,AWS-RAN-103,26.1,976.0,34.0,False,,low,0.7,NORMAL,22.8,940.9,42.0,HEALTHY,replay,1.1,0.0
2025-03-01T21:00:00+00:00,AWS-RAN-103,25.0,976.0,37.0,False,,low,0.6,NORMAL,22.0,940.7,44.0,HEALTHY,replay,1.1,0.0
2025-03-01T22:00:00+00:00,AWS-RAN-103,23.5,975.9,41.0,False,,low,0.6,NORMAL,21.2,940.4,46.0,HEALTHY,replay,1.0,0.0
2025-03-01T23:00:00+00:00,AWS-RAN-103,22.6,975.2,44.0,False,,low,0.4,NORMAL,21.2,939.8,46.0,HEALTHY,replay,0.6,0.0
2025-03-02T00:00:00+00:00,AWS-RAN-103,22.7,975.0,43.0,False,,low,0.3,NORMAL,20.7,939.6,48.0,HEALTHY,replay,0.6,0.0
2025-03-02T01:00:00+00:00,AWS-RAN-103,22.3,974.4,44.0,False,,low,0.2,NORMAL,20.0,938.9,54.0,HEALTHY,replay,0.4,0.0
2025-03-02T02:00:00+00:00,AWS-RAN-103,22.1,973.9,48.0,False,,low,0.3,NORMAL,19.4,938.5,61.0,HEALTHY,replay,0.5,0.0
2025-03-02T03:00:00+00:00,AWS-RAN-103,21.8,973.3,54.0,False,,low,0.6,NORMAL,19.5,937.8,62.0,HEALTHY,replay,1.0,0.0
2025-03-02T04:00:00+00:00,AWS-RAN-103,21.5,973.2,57.0,False,,low,0.4,NORMAL,19.6,937.7,61.0,HEALTHY,replay,0.6,0.0
2025-03-02T05:00:00+00:00,AWS-RAN-103,21.1,973.6,58.0,False,,low,0.3,NORMAL,19.8,938.1,60.0,HEALTHY,replay,0.5,0.0
2025-03-02T06:00:00+00:00,AWS-RAN-103,22.3,974.2,59.0,False,,low,1.2,NORMAL,20.3,938.7,63.0,HEALTHY,replay,1.9,0.0
2025-03-02T07:00:00+00:00,AWS-RAN-103,25.5,975.3,45.0,False,,low,6.7,NORMAL,22.5,940.2,56.0,HEALTHY,replay,11.2,0.0
2025-03-02T08:00:00+00:00,AWS-RAN-103,28.7,976.4,37.0,False,,low,6.4,NORMAL,25.6,941.6,45.0,HEALTHY,replay,10.7,0.0
2025-03-02T09:00:00+00:00,AWS-RAN-103,30.9,977.0,28.0,False,,low,4.5,NORMAL,27.7,942.3,33.0,HEALTHY,replay,7.5,0.0
2025-03-02T10:00:00+00:00,AWS-RAN-103,32.8,976.8,24.0,False,,low,4.0,NORMAL,30.1,942.3,30.0,HEALTHY,replay,6.7,0.0
2025-03-02T11:00:00+00:00,AWS-RAN-103,34.4,975.7,21.0,False,,low,3.4,NORMAL,31.6,941.5,26.0,HEALTHY,replay,5.7,0.0
2025-03-02T12:00:00+00:00,AWS-RAN-103,35.2,974.4,19.0,False,,low,3.7,NORMAL,32.3,940.3,25.0,HEALTHY,replay,6.2,0.0
2025-03-02T13:00:00+00:00,AWS-RAN-103,35.3,972.9,18.0,False,,low,4.1,NORMAL,32.6,939.0,25.0,HEALTHY,replay,6.8,0.0
2025-03-02T14:00:00+00:00,AWS-RAN-103,35.5,971.8,17.0,False,,low,6.9,NORMAL,32.3,938.0,25.0,HEALTHY,replay,11.5,0.0
2025-03-02T15:00:00+00:00,AWS-RAN-103,34.8,971.3,17.0,False,,low,3.0,NORMAL,32.0,937.5,20.0,HEALTHY,replay,5.0,0.0
2025-03-02T16:00:00+00:00,AWS-RAN-103,33.9,971.3,18.0,False,,low,2.6,NORMAL,31.0,943.82,28.0,HEALTHY,replay,4.3,0.0
2025-03-02T17:00:00+00:00,AWS-RAN-103,31.1,971.6,24.0,False,,low,2.9,NORMAL,29.1,943.99,22.0,HEALTHY,replay,4.8,0.0
2025-03-02T18:00:00+00:00,AWS-RAN-103,28.5,972.8,33.0,False,,low,3.0,NORMAL,26.4,937.8,33.0,HEALTHY,replay,4.9,0.0
2025-03-02T19:00:00+00:00,AWS-RAN-103,26.9,973.8,38.0,False,,low,1.6,NORMAL,24.7,946.17,45.0,HEALTHY,replay,2.7,0.0
2025-03-02T20:00:00+00:00,AWS-RAN-103,25.8,974.7,41.0,False,,low,1.1,NORMAL,23.3,939.4,51.0,HEALTHY,replay,1.8,0.0
2025-03-02T21:00:00+00:00,AWS-RAN-103,24.5,975.0,45.0,False,,low,0.4,NORMAL,22.1,939.7,50.0,HEALTHY,replay,0.7,0.0
2025-03-02T22:00:00+00:00,AWS-RAN-103,23.8,975.6,46.0,False,,low,0.3,NORMAL,21.3,940.2,54.0,HEALTHY,replay,0.6,0.0
2025-03-02T23:00:00+00:00,AWS-RAN-103,22.9,975.7,49.0,False,,low,0.2,NORMAL,20.5,940.0,59.0,HEALTHY,replay,0.3,0.0
2025-03-03T00:00:00+00:00,AWS-RAN-103,22.0,975.2,53.0,False,,low,0.1,NORMAL,19.7,939.4,61.0,HEALTHY,replay,0.2,0.0
2025-03-03T01:00:00+00:00,AWS-RAN-103,21.0,974.7,57.0,False,,low,0.1,NORMAL,19.3,938.9,63.0,HEALTHY,replay,0.2,0.0
2025-03-03T02:00:00+00:00,AWS-RAN-103,20.3,974.0,61.0,False,,low,0.2,NORMAL,19.3,938.2,63.0,HEALTHY,replay,0.3,0.0
2025-03-03T03:00:00+00:00,AWS-RAN-103,19.6,974.0,65.0,False,,low,0.2,NORMAL,19.0,938.3,64.0,HEALTHY,replay,0.3,0.0
2025-03-03T04:00:00+00:00,AWS-RAN-103,19.4,974.4,66.0,False,,low,0.1,NORMAL,18.5,938.6,66.0,HEALTHY,replay,0.2,0.0
2025-03-03T05:00:00+00:00,AWS-RAN-103,19.3,975.1,66.0,False,,low,0.3,NORMAL,17.9,939.2,68.0,HEALTHY,replay,0.5,0.0
2025-03-03T06:00:00+00:00,AWS-RAN-103,20.6,976.4,65.0,False,,low,0.7,NORMAL,18.2,940.6,70.0,HEALTHY,replay,1.2,0.0
2025-03-03T07:00:00+00:00,AWS-RAN-103,23.4,977.8,55.0,False,,low,3.4,NORMAL,20.7,942.1,62.0,HEALTHY,replay,5.7,0.0
2025-03-03T08:00:00+00:00,AWS-RAN-103,26.2,978.6,43.0,False,,low,20.7,NORMAL,23.9,943.1,50.0,HEALTHY,replay,34.5,0.0
2025-03-03T09:00:00+00:00,AWS-RAN-103,28.1,979.0,38.0,False,,low,8.2,NORMAL,26.1,943.7,44.0,HEALTHY,replay,13.7,0.0
2025-03-03T10:00:00+00:00,AWS-RAN-103,29.8,978.9,35.0,False,,low,7.1,NORMAL,28.0,943.9,40.0,HEALTHY,replay,11.9,0.0
2025-03-03T11:00:00+00:00,AWS-RAN-103,31.2,977.8,32.0,False,,low,3.6,NORMAL,29.5,943.1,36.0,HEALTHY,replay,6.1,0.0
2025-03-03T12:00:00+00:00,AWS-RAN-103,32.6,976.3,28.0,False,,low,7.3,NORMAL,30.7,941.7,31.0,HEALTHY,replay,12.2,0.0
2025-03-03T13:00:00+00:00,AWS-RAN-103,33.8,975.0,23.0,False,,low,6.8,NORMAL,31.5,940.7,27.0,HEALTHY,replay,11.4,0.0
2025-03-03T14:00:00+00:00,AWS-RAN-103,33.7,973.9,23.0,False,,low,7.0,NORMAL,31.6,939.7,25.0,HEALTHY,replay,11.6,0.0
2025-03-03T15:00:00+00:00,AWS-RAN-103,33.4,972.8,23.0,False,,low,5.7,NORMAL,31.2,938.6,24.0,HEALTHY,replay,9.5,0.0
2025-03-03T16:00:00+00:00,AWS-RAN-103,32.4,973.0,23.0,False,,low,3.7,NORMAL,30.0,938.7,25.0,HEALTHY,replay,6.2,0.0
2025-03-03T17:00:00+00:00,AWS-RAN-103,30.1,973.4,27.0,False,,low,0.6,NORMAL,28.0,938.8,29.0,HEALTHY,replay,1.0,0.0
2025-03-03T18:00:00+00:00,AWS-RAN-103,27.5,974.2,30.0,False,,low,0.5,NORMAL,25.7,939.2,31.0,HEALTHY,replay,0.9,0.0
2025-03-03T19:00:00+00:00,AWS-RAN-103,25.7,975.0,34.0,False,,low,0.5,NORMAL,23.7,940.0,39.0,HEALTHY,replay,0.8,0.0
2025-03-03T20:00:00+00:00,AWS-RAN-103,24.0,975.5,38.0,False,,low,0.4,NORMAL,23.0,940.3,38.0,HEALTHY,replay,0.7,0.0
2025-03-03T21:00:00+00:00,AWS-RAN-103,22.3,975.8,42.0,False,,low,0.4,NORMAL,22.0,940.6,39.0,HEALTHY,replay,0.7,0.0
2025-03-03T22:00:00+00:00,AWS-RAN-103,21.4,975.7,42.0,False,,low,0.3,NORMAL,21.0,940.4,40.0,HEALTHY,replay,0.5,0.0
2025-03-03T23:00:00+00:00,AWS-RAN-103,21.9,975.6,38.0,False,,low,0.3,NORMAL,20.5,940.4,41.0,HEALTHY,replay,0.5,0.0
2025-03-04T00:00:00+00:00,AWS-RAN-103,22.4,975.3,37.0,False,,low,0.4,NORMAL,19.8,939.9,43.0,HEALTHY,replay,0.6,0.0
2025-03-04T01:00:00+00:00,AWS-RAN-103,22.5,975.0,37.0,False,,low,0.4,NORMAL,18.7,939.5,46.0,HEALTHY,replay,0.7,0.0
2025-03-04T02:00:00+00:00,AWS-RAN-103,21.5,974.5,39.0,False,,low,0.2,NORMAL,18.1,938.8,48.0,HEALTHY,replay,0.4,0.0
2025-03-04T03:00:00+00:00,AWS-RAN-103,20.8,974.1,41.0,False,,low,0.1,NORMAL,17.8,938.3,49.0,HEALTHY,replay,0.2,0.0
2025-03-04T04:00:00+00:00,AWS-RAN-103,19.4,974.4,45.0,False,,low,0.2,NORMAL,17.4,938.5,49.0,HEALTHY,replay,0.3,0.0
2025-03-04T05:00:00+00:00,AWS-RAN-103,18.4,975.2,49.0,False,,low,0.3,NORMAL,16.9,939.2,51.0,HEALTHY,replay,0.5,0.0
2025-03-04T06:00:00+00:00,AWS-RAN-103,18.1,976.5,55.0,False,,low,0.9,NORMAL,16.2,940.2,58.0,HEALTHY,replay,1.4,0.0
2025-03-04T07:00:00+00:00,AWS-RAN-103,21.3,977.7,45.0,False,,low,2.6,NORMAL,19.0,941.6,51.0,HEALTHY,replay,4.3,0.0
2025-03-04T08:00:00+00:00,AWS-RAN-103,24.7,978.6,36.0,False,,low,4.9,NORMAL,22.4,943.0,42.0,HEALTHY,replay,8.2,0.0
2025-03-04T09:00:00+00:00,AWS-RAN-103,27.3,978.8,30.0,False,,low,3.2,NORMAL,25.0,943.5,33.0,HEALTHY,replay,5.4,0.0
2025-03-04T10:00:00+00:00,AWS-RAN-103,29.3,978.8,25.0,False,,low,2.6,NORMAL,27.5,943.8,28.0,HEALTHY,replay,4.3,0.0
2025-03-04T11:00:00+00:00,AWS-RAN-103,31.8,978.0,20.0,False,,low,5.8,NORMAL,29.6,943.1,24.0,HEALTHY,replay,9.6,0.0
2025-03-04T12:00:00+00:00,AWS-RAN-103,32.9,976.3,19.0,False,,low,3.6,NORMAL,30.8,941.7,26.0,HEALTHY,replay,6.0,0.0
2025-03-04T13:00:00+00:00,AWS-RAN-103,33.1,975.3,20.0,False,,low,1.4,NORMAL,30.7,940.8,22.0,HEALTHY,replay,2.3,0.0
2025-03-04T14:00:00+00:00,AWS-RAN-103,33.4,974.5,19.0,False,,low,0.9,NORMAL,30.9,940.1,22.0,HEALTHY,replay,1.5,0.0
2025-03-04T15:00:00+00:00,AWS-RAN-103,32.7,973.8,19.0,False,,low,1.0,NORMAL,30.6,939.4,24.0,HEALTHY,replay,1.6,0.0
2025-03-04T16:00:00+00:00,AWS-RAN-103,31.6,973.8,22.0,False,,low,0.6,NORMAL,30.2,939.1,25.0,HEALTHY,replay,0.9,0.0
2025-03-04T17:00:00+00:00,AWS-RAN-103,29.8,973.6,24.0,False,,low,0.2,NORMAL,28.0,938.8,29.0,HEALTHY,replay,0.4,0.0
2025-03-04T18:00:00+00:00,AWS-RAN-103,27.6,974.0,27.0,False,,low,0.4,NORMAL,25.5,938.9,30.0,HEALTHY,replay,0.7,0.0
2025-03-04T19:00:00+00:00,AWS-RAN-103,26.0,974.8,30.0,False,,low,0.4,NORMAL,23.3,939.6,36.0,HEALTHY,replay,0.7,0.0
2025-03-04T20:00:00+00:00,AWS-RAN-103,24.5,975.1,33.0,False,,low,0.2,NORMAL,22.5,940.0,36.0,HEALTHY,replay,0.4,0.0
2025-03-04T21:00:00+00:00,AWS-RAN-103,23.9,975.6,34.0,False,,low,0.2,NORMAL,21.4,940.3,40.0,HEALTHY,replay,0.4,0.0
2025-03-04T22:00:00+00:00,AWS-RAN-103,23.0,975.8,38.0,False,,low,0.2,NORMAL,20.7,940.3,50.0,HEALTHY,replay,0.3,0.0
2025-03-04T23:00:00+00:00,AWS-RAN-103,21.9,975.9,44.0,False,,low,0.1,NORMAL,20.4,940.4,56.0,HEALTHY,replay,0.2,0.0
2025-03-05T00:00:00+00:00,AWS-RAN-103,21.1,975.5,53.0,False,,low,0.6,NORMAL,20.3,940.0,59.0,HEALTHY,replay,1.1,0.0
2025-03-05T01:00:00+00:00,AWS-RAN-103,20.2,975.1,60.0,False,,low,0.9,NORMAL,19.8,939.5,61.0,HEALTHY,replay,1.5,0.0
2025-03-05T02:00:00+00:00,AWS-RAN-103,19.2,974.8,64.0,False,,low,0.5,NORMAL,19.1,939.0,63.0,HEALTHY,replay,0.9,0.0
2025-03-05T03:00:00+00:00,AWS-RAN-103,18.4,974.1,68.0,False,,low,0.5,NORMAL,18.3,938.3,60.0,HEALTHY,replay,0.9,0.0
2025-03-05T04:00:00+00:00,AWS-RAN-103,17.6,974.2,72.0,False,,low,0.4,NORMAL,18.0,938.4,55.0,HEALTHY,replay,0.6,0.0
2025-03-05T05:00:00+00:00,AWS-RAN-103,17.2,974.3,71.0,False,,low,0.2,NORMAL,18.0,938.6,53.0,HEALTHY,replay,0.4,0.0
2025-03-05T06:00:00+00:00,AWS-RAN-103,17.4,975.5,70.0,False,,low,0.2,NORMAL,17.6,939.5,54.0,HEALTHY,replay,0.4,0.0
2025-03-05T07:00:00+00:00,AWS-RAN-103,20.9,976.7,54.0,False,,low,1.3,NORMAL,19.5,940.8,51.0,HEALTHY,replay,2.2,0.0
2025-03-05T08:00:00+00:00,AWS-RAN-103,24.5,977.3,37.0,False,,low,10.7,NORMAL,22.2,941.7,36.54,HEALTHY,replay,17.8,0.0
2025-03-05T09:00:00+00:00,AWS-RAN-103,26.3,977.8,25.0,False,,low,9.1,NORMAL,23.7,942.3,32.07,HEALTHY,replay,15.2,0.0
2025-03-05T10:00:00+00:00,AWS-RAN-103,27.5,978.0,23.0,False,,low,3.8,NORMAL,24.9,942.6,30.61,HEALTHY,replay,6.3,0.0
2025-03-05T11:00:00+00:00,AWS-RAN-103,28.7,976.6,21.0,False,,low,1.8,NORMAL,26.2,941.6,28.0,HEALTHY,replay,3.0,0.0
2025-03-05T12:00:00+00:00,AWS-RAN-103,29.9,975.0,19.0,False,,low,4.0,NORMAL,27.2,940.2,24.0,HEALTHY,replay,6.6,0.0
2025-03-05T13:00:00+00:00,AWS-RAN-103,30.7,974.0,18.0,False,,low,2.3,NORMAL,27.5,939.3,23.0,HEALTHY,replay,3.8,0.0
2025-03-05T14:00:00+00:00,AWS-RAN-103,31.0,973.0,17.0,False,,low,2.3,NORMAL,27.8,938.5,22.0,HEALTHY,replay,3.9,0.0
2025-03-05T15:00:00+00:00,AWS-RAN-103,31.0,972.4,15.0,False,,low,1.9,NORMAL,27.7,937.9,22.0,HEALTHY,replay,3.1,0.0
2025-03-05T16:00:00+00:00,AWS-RAN-103,30.4,972.3,13.0,False,,low,2.5,NORMAL,26.9,937.7,23.0,HEALTHY,replay,4.2,0.0
2025-03-05T17:00:00+00:00,AWS-RAN-103,27.7,972.5,16.0,False,,low,1.0,NORMAL,25.1,937.8,25.0,HEALTHY,replay,1.6,0.0
2025-03-05T18:00:00+00:00,AWS-RAN-103,24.9,973.5,20.0,False,,low,1.8,NORMAL,22.5,938.5,31.0,HEALTHY,replay,3.0,0.0
2025-03-05T19:00:00+00:00,AWS-RAN-103,23.1,974.4,24.0,False,,low,1.9,NORMAL,21.1,939.0,34.0,HEALTHY,replay,3.2,0.0
2025-03-05T20:00:00+00:00,AWS-RAN-103,22.4,975.0,26.0,False,,low,0.5,NORMAL,19.6,939.5,36.97,HEALTHY,replay,0.8,0.0
2025-03-05T21:00:00+00:00,AWS-RAN-103,21.9,975.7,26.0,False,,low,0.4,NORMAL,18.4,940.0,38.51,HEALTHY,replay,0.7,0.0
2025-03-05T22:00:00+00:00,AWS-RAN-103,20.9,976.1,27.0,False,,low,0.4,NORMAL,18.1,940.2,38.05,HEALTHY,replay,0.7,0.0
2025-03-05T23:00:00+00:00,AWS-RAN-103,19.8,976.0,28.0,False,,low,0.4,NORMAL,17.2,939.8,40.58,HEALTHY,replay,0.6,0.0
2025-03-06T00:00:00+00:00,AWS-RAN-103,19.0,975.8,30.0,False,,low,0.4,NORMAL,15.9,939.5,45.12,HEALTHY,replay,0.6,0.0
2025-03-06T01:00:00+00:00,AWS-RAN-103,18.2,975.5,32.0,False,,low,0.3,NORMAL,15.0,939.1,45.0,HEALTHY,replay,0.5,0.0
2025-03-06T02:00:00+00:00,AWS-RAN-103,17.2,975.2,34.0,False,,low,0.3,NORMAL,14.4,938.6,45.0,HEALTHY,replay,0.5,0.0
2025-03-06T03:00:00+00:00,AWS-RAN-103,16.4,975.2,36.0,False,,low,0.4,NORMAL,14.0,938.4,47.0,HEALTHY,replay,0.7,0.0
2025-03-06T04:00:00+00:00,AWS-RAN-103,15.8,975.4,37.0,False,,low,0.9,NORMAL,13.7,938.6,49.0,HEALTHY,replay,1.6,0.0
2025-03-06T05:00:00+00:00,AWS-RAN-103,15.4,975.8,38.0,False,,low,0.9,NORMAL,13.2,939.0,52.0,HEALTHY,replay,1.4,0.0
2025-03-06T06:00:00+00:00,AWS-RAN-103,15.8,977.0,42.0,False,,low,1.4,NORMAL,13.3,940.1,57.0,HEALTHY,replay,2.4,0.0
2025-03-06T07:00:00+00:00,AWS-RAN-103,18.4,978.0,37.0,False,,low,1.8,NORMAL,16.0,941.4,52.0,HEALTHY,replay,3.0,0.0
2025-03-06T08:00:00+00:00,AWS-RAN-103,21.5,978.7,30.0,False,,low,3.1,NORMAL,18.9,942.6,40.0,HEALTHY,replay,5.1,0.0
2025-03-06T09:00:00+00:00,AWS-RAN-103,24.1,979.2,22.0,False,,low,5.2,NORMAL,21.2,943.3,33.0,HEALTHY,replay,8.7,0.0
2025-03-06T10:00:00+00:00,AWS-RAN-103,26.1,979.0,17.0,False,,low,5.4,NORMAL,23.2,943.3,26.0,HEALTHY,replay,8.9,0.0
2025-03-06T11:00:00+00:00,AWS-RAN-103,27.9,978.3,13.0,False,,low,3.7,NORMAL,24.7,942.9,22.0,HEALTHY,replay,6.2,0.0
2025-03-06T12:00:00+00:00,AWS-RAN-103,29.2,977.2,12.0,False,,low,4.4,NORMAL,26.0,942.1,20.0,HEALTHY,replay,7.3,0.0
2025-03-06T13:00:00+00:00,AWS-RAN-103,30.1,976.2,11.0,False,,low,2.9,NORMAL,26.9,941.4,19.0,HEALTHY,replay,4.8,0.0
2025-03-06T14:00:00+00:00,AWS-RAN-103,30.4,975.4,11.0,False,,low,1.7,NORMAL,27.3,941.08,18.0,HEALTHY,replay,2.8,0.0
2025-03-06T15:00:00+00:00,AWS-RAN-103,30.2,975.0,11.0,False,,low,2.6,NORMAL,26.9,941.14,17.0,HEALTHY,replay,4.3,0.0
2025-03-06T16:00:00+00:00,AWS-RAN-103,29.3,975.1,13.0,False,,low,2.9,NORMAL,26.2,941.19,18.0,HEALTHY,replay,4.8,0.0
2025-03-06T17:00:00+00:00,AWS-RAN-103,26.8,975.1,18.0,False,,low,1.3,NORMAL,24.2,941.18,21.0,HEALTHY,replay,2.2,0.0
2025-03-06T18:00:00+00:00,AWS-RAN-103,24.2,975.3,20.0,False,,low,1.4,NORMAL,21.6,941.18,26.0,HEALTHY,replay,2.4,0.0
2025-03-06T19:00:00+00:00,AWS-RAN-103,21.9,975.8,25.0,False,,low,1.4,NORMAL,19.7,941.21,30.0,HEALTHY,replay,2.4,0.0
2025-03-06T20:00:00+00:00,AWS-RAN-103,20.8,976.4,28.0,False,,low,0.7,NORMAL,18.8,940.5,32.0,HEALTHY,replay,1.2,0.0
2025-03-06T21:00:00+00:00,AWS-RAN-103,19.2,976.8,32.0,False,,low,0.9,NORMAL,17.9,940.7,36.0,HEALTHY,replay,1.5,0.0
2025-03-06T22:00:00+00:00,AWS-RAN-103,18.4,976.6,34.0,False,,low,0.4,NORMAL,18.0,940.5,42.0,HEALTHY,replay,0.6,0.0
2025-03-06T23:00:00+00:00,AWS-RAN-103,17.4,976.0,36.0,False,,low,0.2,NORMAL,17.1,939.8,47.0,HEALTHY,replay,0.3,0.0
2025-03-07T00:00:00+00:00,AWS-RAN-103,17.1,975.7,33.0,False,,low,0.2,NORMAL,15.6,939.5,36.0,HEALTHY,replay,0.3,0.0
2025-03-07T01:00:00+00:00,AWS-RAN-103,16.7,975.1,33.0,False,,low,0.1,NORMAL,14.9,938.8,41.0,HEALTHY,replay,0.2,0.0
2025-03-07T02:00:00+00:00,AWS-RAN-103,16.3,974.8,36.0,False,,low,0.2,NORMAL,14.3,938.2,46.0,HEALTHY,replay,0.3,0.0
2025-03-07T03:00:00+00:00,AWS-RAN-103,15.5,974.4,41.0,False,,low,0.2,NORMAL,14.49,937.8,48.0,HEALTHY,replay,0.3,0.0
2025-03-07T04:00:00+00:00,AWS-RAN-103,14.4,974.4,46.0,False,,low,0.2,NORMAL,13.7,937.6,50.0,HEALTHY,replay,0.3,0.0
2025-03-07T05:00:00+00:00,AWS-RAN-103,13.8,974.9,50.0,False,,low,0.2,NORMAL,13.2,938.1,52.0,HEALTHY,replay,0.3,0.0
2025-03-07T06:00:00+00:00,AWS-RAN-103,13.9,975.6,56.0,False,,low,0.9,NORMAL,13.5,938.8,56.0,HEALTHY,replay,1.4,0.0
2025-03-07T07:00:00+00:00,AWS-RAN-103,18.1,976.7,45.0,False,,low,1.8,NORMAL,17.1,940.3,44.0,HEALTHY,replay,3.0,0.0
2025-03-07T08:00:00+00:00,AWS-RAN-103,22.1,977.7,33.0,False,,low,7.7,NORMAL,20.4,941.6,33.0,HEALTHY,replay,12.8,0.0
2025-03-07T09:00:00+00:00,AWS-RAN-103,24.4,977.6,27.0,False,,low,2.7,NORMAL,23.1,941.9,27.0,HEALTHY,replay,4.5,0.0
2025-03-07T10:00:00+00:00,AWS-RAN-103,26.8,977.5,22.0,False,,low,2.1,NORMAL,25.6,942.1,21.0,HEALTHY,replay,3.5,0.0
2025-03-07T11:00:00+00:00,AWS-RAN-103,29.2,976.5,16.0,False,,low,10.9,NORMAL,27.6,941.5,16.0,HEALTHY,replay,18.2,0.0
2025-03-07T12:00:00+00:00,AWS-RAN-103,31.2,975.1,11.0,False,,low,18.2,NORMAL,28.9,940.4,14.0,HEALTHY,replay,30.3,0.0
2025-03-07T13:00:00+00:00,AWS-RAN-103,31.8,974.0,10.0,False,,low,9.1,NORMAL,29.4,939.4,14.0,HEALTHY,replay,15.1,0.0
2025-03-07T14:00:00+00:00,AWS-RAN-103,31.4,973.1,11.0,False,,low,6.1,NORMAL,29.6,938.5,14.0,HEALTHY,replay,10.2,0.0
2025-03-07T15:00:00+00:00,AWS-RAN-103,31.2,972.8,11.0,False,,low,4.7,NORMAL,29.2,938.1,14.0,HEALTHY,replay,7.9,0.0
2025-03-07T16:00:00+00:00,AWS-RAN-103,30.0,972.8,12.0,False,,low,4.7,NORMAL,28.3,938.1,16.0,HEALTHY,replay,7.9,0.0
2025-03-07T17:00:00+00:00,AWS-RAN-103,27.6,972.8,15.0,False,,low,2.9,NORMAL,25.4,937.8,23.0,HEALTHY,replay,4.9,0.0
2025-03-07T18:00:00+00:00,AWS-RAN-103,25.1,972.9,19.0,False,,low,3.1,NORMAL,22.7,937.5,25.0,HEALTHY,replay,5.1,0.0
2025-03-07T19:00:00+00:00,AWS-RAN-103,23.1,973.8,22.0,False,,low,1.3,NORMAL,21.0,938.4,28.0,HEALTHY,replay,2.2,0.0
2025-03-07T20:00:00+00:00,AWS-RAN-103,20.5,974.3,28.0,False,,low,1.6,NORMAL,20.6,938.9,28.0,HEALTHY,replay,2.7,0.0
2025-03-07T21:00:00+00:00,AWS-RAN-103,19.1,974.2,32.0,False,,low,0.9,NORMAL,20.1,938.8,27.0,HEALTHY,replay,1.5,0.0
2025-03-07T22:00:00+00:00,AWS-RAN-103,18.5,974.0,33.0,False,,low,0.6,NORMAL,19.3,938.3,28.0,HEALTHY,replay,1.0,0.0
2025-03-07T23:00:00+00:00,AWS-RAN-103,19.0,974.3,30.0,False,,low,0.5,NORMAL,18.8,938.3,36.0,HEALTHY,replay,0.9,0.0
2025-03-08T00:00:00+00:00,AWS-RAN-103,18.2,974.2,33.0,False,,low,0.5,NORMAL,17.1,937.9,40.0,HEALTHY,replay,0.8,0.0
2025-03-08T01:00:00+00:00,AWS-RAN-103,17.0,973.7,37.0,False,,low,0.7,NORMAL,16.2,937.2,43.0,HEALTHY,replay,1.1,0.0
2025-03-08T02:00:00+00:00,AWS-RAN-103,15.8,973.1,43.0,False,,low,0.5,NORMAL,15.9,936.7,45.0,HEALTHY,replay,0.8,0.0
2025-03-08T03:00:00+00:00,AWS-RAN-103,15.1,972.5,48.0,False,,low,0.5,NORMAL,15.4,936.1,48.0,HEALTHY,replay,0.8,0.0
2025-03-08T04:00:00+00:00,AWS-RAN-103,14.0,972.6,54.0,False,,low,0.5,NORMAL,15.1,936.1,49.0,HEALTHY,replay,0.8,0.0
2025-03-08T05:00:00+00:00,AWS-RAN-103,13.0,973.0,60.0,False,,low,0.6,NORMAL,15.2,936.7,49.0,HEALTHY,replay,1.1,0.0
2025-03-08T06:00:00+00:00,AWS-RAN-103,13.4,973.7,67.0,False,,low,3.6,NORMAL,15.1,937.5,52.0,HEALTHY,replay,6.0,0.0
2025-03-08T07:00:00+00:00,AWS-RAN-103,18.7,974.9,50.0,False,,low,5.6,NORMAL,18.6,938.9,41.0,HEALTHY,replay,9.3,0.0
2025-03-08T08:00:00+00:00,AWS-RAN-103,23.5,976.1,32.0,False,,low,26.2,NORMAL,20.9,940.3,32.0,HEALTHY,replay,43.7,0.0
2025-03-08T09:00:00+00:00,AWS-RAN-103,25.6,976.5,29.0,False,,low,7.5,NORMAL,24.9,940.9,26.0,HEALTHY,replay,12.5,0.0
2025-03-08T10:00:00+00:00,AWS-RAN-103,27.5,976.2,25.0,False,,low,4.2,NORMAL,26.8,940.9,22.0,HEALTHY,replay,7.0,0.0
2025-03-08T11:00:00+00:00,AWS-RAN-103,29.3,975.6,22.0,False,,low,5.8,NORMAL,28.3,940.5,20.0,HEALTHY,replay,9.7,0.0
2025-03-08T12:00:00+00:00,AWS-RAN-103,31.1,974.4,19.0,False,,low,7.5,NORMAL,29.6,939.7,17.0,HEALTHY,replay,12.4,0.0
2025-03-08T13:00:00+00:00,AWS-RAN-103,32.8,972.8,14.0,False,,low,17.4,NORMAL,30.3,938.5,17.0,HEALTHY,replay,29.0,0.0
2025-03-08T14:00:00+00:00,AWS-RAN-103,32.5,972.1,14.0,False,,low,4.4,NORMAL,30.4,937.8,18.0,HEALTHY,replay,7.4,0.0
2025-03-08T15:00:00+00:00,AWS-RAN-103,31.8,972.0,15.0,False,,low,2.0,NORMAL,30.2,937.4,18.0,HEALTHY,replay,3.4,0.0
2025-03-08T16:00:00+00:00,AWS-RAN-103,31.1,972.1,16.0,False,,low,1.4,NORMAL,29.3,937.4,18.0,HEALTHY,replay,2.3,0.0
2025-03-08T17:00:00+00:00,AWS-RAN-103,28.5,972.3,20.0,False,,low,1.4,NORMAL,26.2,937.5,23.0,HEALTHY,replay,2.3,0.0
2025-03-08T18:00:00+00:00,AWS-RAN-103,26.1,972.9,23.0,False,,low,1.5,NORMAL,23.3,937.7,27.0,HEALTHY,replay,2.5,0.0
2025-03-08T19:00:00+00:00,AWS-RAN-103,24.2,974.0,25.0,False,,low,1.1,NORMAL,21.8,938.6,32.0,HEALTHY,replay,1.9,0.0
2025-03-08T20:00:00+00:00,AWS-RAN-103,22.4,974.9,30.0,False,,low,1.7,NORMAL,21.5,939.5,32.0,HEALTHY,replay,2.9,0.0
2025-03-08T21:00:00+00:00,AWS-RAN-103,20.1,975.3,37.0,False,,low,2.7,NORMAL,20.2,939.9,33.0,HEALTHY,replay,4.5,0.0
2025-03-08T22:00:00+00:00,AWS-RAN-103,18.8,975.4,41.0,False,,low,1.3,NORMAL,19.5,947.49,43.0,HEALTHY,replay,2.1,0.0
2025-03-08T23:00:00+00:00,AWS-RAN-103,19.4,975.2,38.0,False,,low,0.4,NORMAL,19.0,946.02,45.0,HEALTHY,replay,0.7,0.0
2025-03-09T00:00:00+00:00,AWS-RAN-103,19.8,975.4,37.0,False,,low,0.3,NORMAL,19.0,939.4,37.0,HEALTHY,replay,0.5,0.0
2025-03-09T01:00:00+00:00,AWS-RAN-103,19.4,975.1,39.0,False,,low,0.8,NORMAL,16.2,946.13,54.0,HEALTHY,replay,1.3,0.0
2025-03-09T02:00:00+00:00,AWS-RAN-103,19.4,975.1,39.0,False,,low,1.3,NORMAL,15.5,946.83,57.0,HEALTHY,replay,2.2,0.0
2025-03-09T03:00:00+00:00,AWS-RAN-103,18.9,975.1,40.0,False,,low,2.7,NORMAL,17.5,938.7,43.0,HEALTHY,replay,4.4,0.0
2025-03-09T04:00:00+00:00,AWS-RAN-103,18.3,975.2,42.0,False,,low,3.2,NORMAL,17.1,938.9,59.0,HEALTHY,replay,5.3,0.0
2025-03-09T05:00:00+00:00,AWS-RAN-103,17.6,975.7,46.0,False,,low,4.0,NORMAL,15.9,939.5,49.0,HEALTHY,replay,6.6,0.0
2025-03-09T06:00:00+00:00,AWS-RAN-103,18.0,976.7,50.0,False,,low,4.7,NORMAL,16.2,940.4,54.0,HEALTHY,replay,7.8,0.0
2025-03-09T07:00:00+00:00,AWS-RAN-103,21.5,978.2,44.0,False,,low,3.7,NORMAL,20.1,942.0,46.0,HEALTHY,replay,6.2,0.0
2025-03-09T08:00:00+00:00,AWS-RAN-103,24.3,979.5,39.0,False,,low,20.1,NORMAL,23.2,943.6,41.0,HEALTHY,replay,33.5,0.0
2025-03-09T09:00:00+00:00,AWS-RAN-103,26.3,979.8,39.0,False,,low,7.1,NORMAL,25.5,944.3,36.0,HEALTHY,replay,11.8,0.0
2025-03-09T10:00:00+00:00,AWS-RAN-103,28.1,980.0,36.0,False,,low,6.7,NORMAL,27.3,944.7,32.0,HEALTHY,replay,11.2,0.0
2025-03-09T11:00:00+00:00,AWS-RAN-103,29.7,979.4,31.0,False,,low,6.4,NORMAL,28.5,944.3,28.0,HEALTHY,replay,10.7,0.0
2025-03-09T12:00:00+00:00,AWS-RAN-103,30.9,978.3,27.0,False,,low,5.2,NORMAL,29.4,943.4,25.0,HEALTHY,replay,8.7,0.0
2025-03-09T13:00:00+00:00,AWS-RAN-103,31.6,977.3,23.0,False,,low,6.5,NORMAL,30.2,942.4,22.0,HEALTHY,replay,10.9,0.0
2025-03-09T14:00:00+00:00,AWS-RAN-103,32.1,976.4,22.0,False,,low,5.4,NORMAL,30.6,941.7,21.0,HEALTHY,replay,9.0,0.0
2025-03-09T15:00:00+00:00,AWS-RAN-103,32.3,975.9,20.0,False,,low,5.0,NORMAL,30.2,941.4,20.0,HEALTHY,replay,8.4,0.0
2025-03-09T16:00:00+00:00,AWS-RAN-103,32.2,975.8,19.0,False,,low,6.2,NORMAL,29.5,941.4,20.0,HEALTHY,replay,10.3,0.0
2025-03-09T17:00:00+00:00,AWS-RAN-103,28.6,976.0,32.0,False,,low,8.2,NORMAL,27.1,941.3,30.0,HEALTHY,replay,13.7,0.0
2025-03-09T18:00:00+00:00,AWS-RAN-103,25.9,976.5,38.0,False,,low,2.7,NORMAL,25.2,941.5,30.0,HEALTHY,replay,4.5,0.0
2025-03-09T19:00:00+00:00,AWS-RAN-103,25.1,977.6,37.0,False,,low,1.5,NORMAL,23.7,942.1,35.0,HEALTHY,replay,2.4,0.0
2025-03-09T20:00:00+00:00,AWS-RAN-103,24.0,978.3,37.0,False,,low,1.0,NORMAL,23.0,942.8,36.0,HEALTHY,replay,1.7,0.0
2025-03-09T21:00:00+00:00,AWS-RAN-103,23.6,978.6,39.0,False,,low,1.6,NORMAL,22.2,943.2,37.0,HEALTHY,replay,2.7,0.0
2025-03-09T22:00:00+00:00,AWS-RAN-103,22.1,979.1,44.0,False,,low,2.6,NORMAL,21.1,943.4,42.0,HEALTHY,replay,4.3,0.0
2025-03-09T23:00:00+00:00,AWS-RAN-103,21.8,979.1,48.0,False,,low,1.0,NORMAL,20.2,943.2,46.0,HEALTHY,replay,1.7,0.0
2025-03-10T00:00:00+00:00,AWS-RAN-103,21.4,979.6,48.0,False,,low,0.8,NORMAL,19.7,943.3,50.0,HEALTHY,replay,1.3,0.0
2025-03-10T01:00:00+00:00,AWS-RAN-103,20.3,979.2,50.0,False,,low,1.0,NORMAL,19.1,943.0,51.0,HEALTHY,replay,1.7,0.0
2025-03-10T02:00:00+00:00,AWS-RAN-103,19.8,978.8,52.0,False,,low,0.7,NORMAL,17.8,942.3,55.0,HEALTHY,replay,1.1,0.0
2025-03-10T03:00:00+00:00,AWS-RAN-103,19.1,978.6,55.0,False,,low,0.6,NORMAL,17.5,942.0,58.0,HEALTHY,replay,1.0,0.0
2025-03-10T04:00:00+00:00,AWS-RAN-103,18.8,979.0,58.0,False,,low,0.7,NORMAL,17.3,942.6,59.0,HEALTHY,replay,1.2,0.0
2025-03-10T05:00:00+00:00,AWS-RAN-103,18.5,979.5,60.0,False,,low,0.7,NORMAL,16.8,943.1,62.0,HEALTHY,replay,1.2,0.0
2025-03-10T06:00:00+00:00,AWS-RAN-103,19.5,980.7,70.0,False,,low,9.0,NORMAL,17.6,944.4,69.0,HEALTHY,replay,15.0,0.0
2025-03-10T07:00:00+00:00,AWS-RAN-103,22.2,981.5,61.0,False,,low,2.4,NORMAL,20.8,945.5,60.0,HEALTHY,replay,4.0,0.0
2025-03-10T08:00:00+00:00,AWS-RAN-103,24.9,982.3,53.0,False,,low,2.9,NORMAL,24.0,946.7,52.0,HEALTHY,replay,4.8,0.0
2025-03-10T09:00:00+00:00,AWS-RAN-103,27.5,982.6,43.0,False,,low,6.9,NORMAL,26.7,947.3,38.0,HEALTHY,replay,11.5,0.0
2025-03-10T10:00:00+00:00,AWS-RAN-103,29.9,982.6,35.0,False,,low,7.1,NORMAL,28.7,947.5,31.0,HEALTHY,replay,11.9,0.0
2025-03-10T11:00:00+00:00,AWS-RAN-103,31.5,981.4,32.0,False,,low,4.0,NORMAL,29.9,946.6,28.0,HEALTHY,replay,6.7,0.0
2025-03-10T12:00:00+00:00,AWS-RAN-103,32.9,980.0,27.0,False,,low,9.8,NORMAL,30.7,945.5,26.0,HEALTHY,replay,16.3,0.0
2025-03-10T13:00:00+00:00,AWS-RAN-103,33.9,978.8,22.0,False,,low,14.5,NORMAL,31.1,944.5,25.0,HEALTHY,replay,24.1,0.0
2025-03-10T14:00:00+00:00,AWS-RAN-103,34.1,977.7,20.0,False,,low,9.0,NORMAL,31.3,943.6,24.0,HEALTHY,replay,15.0,0.0
2025-03-10T15:00:00+00:00,AWS-RAN-103,33.8,977.2,20.0,False,,low,5.4,NORMAL,31.2,943.0,24.0,HEALTHY,replay,8.9,0.0
2025-03-10T16:00:00+00:00,AWS-RAN-103,32.6,977.1,22.0,False,,low,4.1,NORMAL,30.1,942.7,25.0,HEALTHY,replay,6.8,0.0
2025-03-10T17:00:00+00:00,AWS-RAN-103,30.4,977.1,26.0,False,,low,1.5,NORMAL,28.5,942.4,30.0,HEALTHY,replay,2.5,0.0
2025-03-10T18:00:00+00:00,AWS-RAN-103,28.4,977.1,28.0,False,,low,1.9,NORMAL,26.4,942.5,32.0,HEALTHY,replay,3.2,0.0
2025-03-10T19:00:00+00:00,AWS-RAN-103,26.4,977.6,34.0,False,,low,1.2,NORMAL,25.0,942.9,39.0,HEALTHY,replay,2.0,0.0
2025-03-10T20:00:00+00:00,AWS-RAN-103,25.1,978.6,38.0,False,,low,0.4,NORMAL,23.6,944.0,42.0,HEALTHY,replay,0.6,0.0
2025-03-10T21:00:00+00:00,AWS-RAN-103,25.7,979.2,40.0,False,,low,0.5,NORMAL,22.6,944.0,40.0,HEALTHY,replay,0.8,0.0
2025-03-10T22:00:00+00:00,AWS-RAN-103,23.5,979.0,53.0,False,,low,1.5,NORMAL,21.6,943.7,51.0,HEALTHY,replay,2.4,0.0
2025-03-10T23:00:00+00:00,AWS-RAN-103,22.4,978.9,58.0,False,,low,0.4,NORMAL,20.5,943.0,58.0,HEALTHY,replay,0.7,0.0
2025-03-11T00:00:00+00:00,AWS-RAN-103,21.3,978.6,62.0,False,,low,0.3,NORMAL,19.8,942.8,65.0,HEALTHY,replay,0.6,0.0
2025-03-11T01:00:00+00:00,AWS-RAN-103,20.4,978.0,67.0,False,,low,0.4,NORMAL,19.1,942.2,69.0,HEALTHY,replay,0.6,0.0
2025-03-11T02:00:00+00:00,AWS-RAN-103,20.2,977.4,69.0,False,,low,0.2,NORMAL,18.5,941.6,73.0,HEALTHY,replay,0.4,0.0
2025-03-11T03:00:00+00:00,AWS-RAN-103,19.9,977.6,71.0,False,,low,0.1,NORMAL,18.2,941.5,76.0,HEALTHY,replay,0.2,0.0
2025-03-11T04:00:00+00:00,AWS-RAN-103,20.1,978.1,70.0,False,,low,0.2,NORMAL,18.0,942.0,78.0,HEALTHY,replay,0.3,0.0
2025-03-11T05:00:00+00:00,AWS-RAN-103,19.8,978.3,72.0,False,,low,0.2,NORMAL,17.5,942.1,83.0,HEALTHY,replay,0.3,0.0
2025-03-11T06:00:00+00:00,AWS-RAN-103,20.0,979.3,77.0,False,,low,0.3,NORMAL,18.3,943.1,85.0,HEALTHY,replay,0.4,0.0
2025-03-11T07:00:00+00:00,AWS-RAN-103,23.2,980.5,64.0,False,,low,1.1,NORMAL,20.7,944.7,70.0,HEALTHY,replay,1.9,0.0
2025-03-11T08:00:00+00:00,AWS-RAN-103,27.1,981.5,48.0,False,,low,14.0,NORMAL,23.9,946.2,52.0,HEALTHY,replay,23.3,0.0
2025-03-11T09:00:00+00:00,AWS-RAN-103,29.5,981.6,33.0,False,,low,17.7,NORMAL,26.7,946.5,39.0,HEALTHY,replay,29.5,0.0
2025-03-11T10:00:00+00:00,AWS-RAN-103,31.3,980.9,25.0,False,,low,4.9,NORMAL,28.7,946.2,29.0,HEALTHY,replay,8.1,0.0
2025-03-11T11:00:00+00:00,AWS-RAN-103,32.8,979.7,19.0,False,,low,8.8,NORMAL,29.9,945.3,25.0,HEALTHY,replay,14.7,0.0
2025-03-11T12:00:00+00:00,AWS-RAN-103,33.8,978.2,17.0,False,,low,11.6,NORMAL,30.8,943.9,22.0,HEALTHY,replay,19.3,0.0
2025-03-11T13:00:00+00:00,AWS-RAN-103,34.4,976.8,16.0,False,,low,10.6,NORMAL,31.5,942.7,21.0,HEALTHY,replay,17.7,0.0
2025-03-11T14:00:00+00:00,AWS-RAN-103,34.4,975.9,16.0,False,,low,8.3,NORMAL,31.9,941.8,20.0,HEALTHY,replay,13.9,0.0
2025-03-11T15:00:00+00:00,AWS-RAN-103,33.7,975.6,16.0,False,,low,4.2,NORMAL,31.6,941.3,23.0,HEALTHY,replay,6.9,0.0
2025-03-11T16:00:00+00:00,AWS-RAN-103,32.7,975.5,18.0,False,,low,1.9,NORMAL,30.1,941.2,21.0,HEALTHY,replay,3.2,0.0
2025-03-11T17:00:00+00:00,AWS-RAN-103,30.3,975.8,23.0,False,,low,0.8,NORMAL,28.0,941.2,25.0,HEALTHY,replay,1.3,0.0
2025-03-11T18:00:00+00:00,AWS-RAN-103,27.3,976.0,28.0,False,,low,1.7,NORMAL,25.4,941.3,30.0,HEALTHY,replay,2.8,0.0
2025-03-11T19:00:00+00:00,AWS-RAN-103,26.2,976.6,29.0,False,,low,0.7,NORMAL,24.2,941.7,33.0,HEALTHY,replay,1.2,0.0
2025-03-11T20:00:00+00:00,AWS-RAN-103,25.7,977.0,30.0,False,,low,0.4,NORMAL,23.4,954.13,37.0,HEALTHY,replay,0.7,0.0
2025-03-11T21:00:00+00:00,AWS-RAN-103,25.2,977.1,33.0,False,,low,0.4,NORMAL,22.7,944.3,39.0,HEALTHY,replay,0.7,0.0
2025-03-11T22:00:00+00:00,AWS-RAN-103,24.0,976.8,36.0,False,,low,0.4,NORMAL,22.4,941.89,38.0,HEALTHY,replay,0.7,0.0
2025-03-11T23:00:00+00:00,AWS-RAN-103,23.1,976.0,38.0,False,,low,0.4,NORMAL,21.8,940.7,39.0,HEALTHY,replay,0.6,0.0
2025-03-12T00:00:00+00:00,AWS-RAN-103,22.3,975.6,39.0,False,,low,0.5,NORMAL,20.7,940.1,42.0,HEALTHY,replay,0.8,0.0
2025-03-12T01:00:00+00:00,AWS-RAN-103,21.3,974.9,42.0,False,,low,0.5,NORMAL,19.8,939.4,45.0,HEALTHY,replay,0.8,0.0
2025-03-12T02:00:00+00:00,AWS-RAN-103,20.3,974.3,45.0,False,,low,1.5,NORMAL,19.3,938.7,46.0,HEALTHY,replay,2.6,0.0
2025-03-12T03:00:00+00:00,AWS-RAN-103,19.8,973.8,47.0,False,,low,1.7,NORMAL,19.3,938.1,46.0,HEALTHY,replay,2.9,0.0
2025-03-12T04:00:00+00:00,AWS-RAN-103,19.3,973.7,49.0,False,,low,1.7,NORMAL,19.4,938.2,46.0,HEALTHY,replay,2.8,0.0
2025-03-12T05:00:00+00:00,AWS-RAN-103,19.2,974.2,49.0,False,,low,1.7,NORMAL,19.2,938.5,46.0,HEALTHY,replay,2.8,0.0
2025-03-12T06:00:00+00:00,AWS-RAN-103,19.6,975.6,51.0,False,,low,7.7,NORMAL,19.3,939.6,49.0,HEALTHY,replay,12.8,0.0
2025-03-12T07:00:00+00:00,AWS-RAN-103,23.3,976.4,41.0,False,,low,12.1,NORMAL,22.6,940.9,43.0,HEALTHY,replay,20.1,0.0
2025-03-12T08:00:00+00:00,AWS-RAN-103,27.1,977.2,34.0,False,,low,15.4,NORMAL,25.8,942.0,36.0,HEALTHY,replay,25.7,0.0
2025-03-12T09:00:00+00:00,AWS-RAN-103,30.3,977.4,28.0,False,,low,17.9,NORMAL,29.0,942.7,29.0,HEALTHY,replay,29.8,0.0
2025-03-12T10:00:00+00:00,AWS-RAN-103,32.9,976.8,23.0,False,,low,9.0,NORMAL,31.4,942.6,25.0,HEALTHY,replay,14.9,0.0
2025-03-12T11:00:00+00:00,AWS-RAN-103,35.0,975.4,18.0,False,,low,22.5,NORMAL,32.3,941.5,22.0,HEALTHY,replay,37.5,0.0
2025-03-12T12:00:00+00:00,AWS-RAN-103,36.6,973.8,14.0,False,,low,46.5,NORMAL,32.9,940.3,20.0,HEALTHY,replay,77.5,0.0
2025-03-12T13:00:00+00:00,AWS-RAN-103,37.0,972.4,12.0,False,,low,29.3,NORMAL,34.2,938.8,16.0,HEALTHY,replay,48.8,0.0
2025-03-12T14:00:00+00:00,AWS-RAN-103,36.6,971.6,13.0,False,,low,22.8,NORMAL,34.1,937.8,16.0,HEALTHY,replay,38.1,0.0
2025-03-12T15:00:00+00:00,AWS-RAN-103,36.0,971.1,13.0,False,,low,14.5,NORMAL,34.3,937.1,16.0,HEALTHY,replay,24.1,0.0
2025-03-12T16:00:00+00:00,AWS-RAN-103,35.5,970.8,14.0,False,,low,19.7,NORMAL,32.9,936.8,17.0,HEALTHY,replay,32.8,0.0
2025-03-12T17:00:00+00:00,AWS-RAN-103,32.9,970.7,17.0,False,,low,11.6,NORMAL,30.6,936.7,21.0,HEALTHY,replay,19.4,0.0
2025-03-12T18:00:00+00:00,AWS-RAN-103,29.4,971.5,21.0,False,,low,16.0,NORMAL,28.6,937.2,22.0,HEALTHY,replay,26.6,0.0
2025-03-12T19:00:00+00:00,AWS-RAN-103,27.7,972.0,24.0,False,,low,16.0,NORMAL,26.2,937.4,26.0,HEALTHY,replay,26.7,0.0
2025-03-12T20:00:00+00:00,AWS-RAN-103,26.4,972.9,27.0,False,,low,6.5,NORMAL,24.9,937.9,30.0,HEALTHY,replay,10.8,0.0
2025-03-12T21:00:00+00:00,AWS-RAN-103,25.6,973.1,29.0,False,,low,6.1,NORMAL,24.1,938.4,32.0,HEALTHY,replay,10.1,0.0
2025-03-12T22:00:00+00:00,AWS-RAN-103,24.6,973.6,31.0,False,,low,6.5,NORMAL,23.2,938.5,36.0,HEALTHY,replay,10.8,0.0
2025-03-12T23:00:00+00:00,AWS-RAN-103,23.4,973.3,33.0,False,,low,4.3,NORMAL,21.5,938.3,36.0,HEALTHY,replay,7.2,0.0
2025-03-13T00:00:00+00:00,AWS-RAN-103,22.7,972.8,35.0,False,,low,2.8,NORMAL,21.9,937.8,32.0,HEALTHY,replay,4.7,0.0
2025-03-13T01:00:00+00:00,AWS-RAN-103,21.6,971.9,37.0,False,,low,3.1,NORMAL,22.0,937.56,31.0,HEALTHY,replay,5.2,0.0
2025-03-13T02:00:00+00:00,AWS-RAN-103,20.7,971.4,38.0,False,,low,1.4,NORMAL,20.7,937.54,35.0,HEALTHY,replay,2.3,0.0
2025-03-13T03:00:00+00:00,AWS-RAN-103,20.7,971.4,38.0,False,,low,1.5,NORMAL,20.2,937.47,37.0,HEALTHY,replay,2.4,0.0
2025-03-13T04:00:00+00:00,AWS-RAN-103,21.7,971.8,35.0,False,,low,3.3,NORMAL,19.8,936.2,39.0,HEALTHY,replay,5.5,0.0
2025-03-13T05:00:00+00:00,AWS-RAN-103,21.4,972.2,36.0,False,,low,3.0,NORMAL,19.6,936.7,39.0,HEALTHY,replay,5.0,0.0
2025-03-13T06:00:00+00:00,AWS-RAN-103,22.5,973.2,38.0,False,,low,8.0,NORMAL,20.5,937.9,42.0,HEALTHY,replay,13.3,0.0
2025-03-13T07:00:00+00:00,AWS-RAN-103,26.1,974.5,32.0,False,,low,16.2,NORMAL,23.6,939.5,37.0,HEALTHY,replay,27.0,0.0
2025-03-13T08:00:00+00:00,AWS-RAN-103,30.7,975.6,26.0,False,,low,41.8,NORMAL,27.4,941.1,31.0,HEALTHY,replay,69.6,0.0
2025-03-13T09:00:00+00:00,AWS-RAN-103,33.3,975.9,22.0,False,,low,17.7,NORMAL,29.7,941.5,27.0,HEALTHY,replay,29.5,0.0
2025-03-13T10:00:00+00:00,AWS-RAN-103,35.1,975.3,19.0,False,,low,7.9,NORMAL,32.0,941.2,23.0,HEALTHY,replay,13.1,0.0
2025-03-13T11:00:00+00:00,AWS-RAN-103,36.4,974.4,16.0,False,,low,8.5,NORMAL,33.6,940.5,20.0,HEALTHY,replay,14.2,0.0
2025-03-13T12:00:00+00:00,AWS-RAN-103,37.4,972.9,13.0,False,,low,6.5,NORMAL,34.3,939.3,17.0,HEALTHY,replay,10.8,0.0
2025-03-13T13:00:00+00:00,AWS-RAN-103,37.5,971.6,13.0,False,,low,8.3,NORMAL,35.1,938.0,16.0,HEALTHY,replay,13.8,0.0
2025-03-13T14:00:00+00:00,AWS-RAN-103,38.0,970.4,11.0,False,,low,18.6,NORMAL,35.2,936.9,16.0,HEALTHY,replay,30.9,0.0
2025-03-13T15:00:00+00:00,AWS-RAN-103,36.4,969.9,13.0,False,,low,10.2,NORMAL,34.6,936.2,17.0,HEALTHY,replay,16.9,0.0
2025-03-13T16:00:00+00:00,AWS-RAN-103,35.9,969.8,14.0,False,,low,6.0,NORMAL,33.5,936.1,19.0,HEALTHY,replay,10.0,0.0
2025-03-13T17:00:00+00:00,AWS-RAN-103,33.6,970.0,17.0,False,,low,3.4,NORMAL,31.4,936.2,21.0,HEALTHY,replay,5.7,0.0
2025-03-13T18:00:00+00:00,AWS-RAN-103,30.6,970.8,21.0,False,,low,6.4,NORMAL,28.2,936.5,24.0,HEALTHY,replay,10.7,0.0
2025-03-13T19:00:00+00:00,AWS-RAN-103,28.4,971.3,24.0,False,,low,4.2,NORMAL,27.0,937.0,26.0,HEALTHY,replay,7.1,0.0
2025-03-13T20:00:00+00:00,AWS-RAN-103,26.7,972.2,26.0,False,,low,2.6,NORMAL,25.9,937.5,28.0,HEALTHY,replay,4.4,0.0
2025-03-13T21:00:00+00:00,AWS-RAN-103,24.9,973.0,30.0,False,,low,3.2,NORMAL,24.5,938.1,30.0,HEALTHY,replay,5.4,0.0
2025-03-13T22:00:00+00:00,AWS-RAN-103,23.9,973.4,32.0,False,,low,2.2,NORMAL,23.5,938.3,34.0,HEALTHY,replay,3.6,0.0
2025-03-13T23:00:00+00:00,AWS-RAN-103,23.5,973.3,33.0,False,,low,0.8,NORMAL,22.4,938.1,39.0,HEALTHY,replay,1.3,0.0
2025-03-14T00:00:00+00:00,AWS-RAN-103,22.9,973.0,37.0,False,,low,0.6,NORMAL,21.8,937.8,41.0,HEALTHY,replay,1.0,0.0
2025-03-14T01:00:00+00:00,AWS-RAN-103,21.7,972.4,42.0,False,,low,0.5,NORMAL,20.5,937.3,48.0,HEALTHY,replay,0.9,0.0
2025-03-14T02:00:00+00:00,AWS-RAN-103,20.4,972.0,47.0,False,,low,0.6,NORMAL,19.8,936.8,51.0,HEALTHY,replay,1.0,0.0
2025-03-14T03:00:00+00:00,AWS-RAN-103,19.2,972.0,51.0,False,,low,0.6,NORMAL,19.3,936.7,52.0,HEALTHY,replay,1.1,0.0
2025-03-14T04:00:00+00:00,AWS-RAN-103,18.3,972.2,56.0,False,,low,1.4,NORMAL,19.3,937.1,53.0,HEALTHY,replay,2.3,0.0
2025-03-14T05:00:00+00:00,AWS-RAN-103,17.8,972.9,59.0,False,,low,2.6,NORMAL,19.3,937.9,53.0,HEALTHY,replay,4.3,0.0
2025-03-14T06:00:00+00:00,AWS-RAN-103,18.2,973.9,70.0,False,,low,17.9,NORMAL,19.2,938.7,62.0,HEALTHY,replay,29.8,0.0
2025-03-14T07:00:00+00:00,AWS-RAN-103,24.3,975.5,50.0,False,,low,23.8,NORMAL,23.3,940.5,49.0,HEALTHY,replay,39.7,0.0
2025-03-14T08:00:00+00:00,AWS-RAN-103,29.7,976.9,35.0,False,,low,52.5,NORMAL,27.6,942.1,37.0,HEALTHY,replay,87.4,0.0
2025-03-14T09:00:00+00:00,AWS-RAN-103,31.9,977.0,30.0,False,,low,50.9,NORMAL,29.9,942.4,30.0,HEALTHY,replay,84.8,0.0
2025-03-14T10:00:00+00:00,AWS-RAN-103,33.5,977.0,26.0,False,,low,26.4,NORMAL,31.9,942.6,26.0,HEALTHY,replay,44.0,0.0
2025-03-14T11:00:00+00:00,AWS-RAN-103,34.7,976.2,23.0,False,,low,24.6,NORMAL,33.2,942.0,22.0,HEALTHY,replay,41.0,0.0
2025-03-14T12:00:00+00:00,AWS-RAN-103,35.6,975.1,21.0,False,,low,22.5,NORMAL,34.3,940.9,18.0,HEALTHY,replay,37.6,0.0
2025-03-14T13:00:00+00:00,AWS-RAN-103,36.6,973.8,18.0,False,,low,11.5,NORMAL,35.3,940.2,18.0,HEALTHY,replay,19.1,0.0
2025-03-14T14:00:00+00:00,AWS-RAN-103,37.5,972.6,15.0,False,,low,18.2,NORMAL,34.3,939.1,17.0,HEALTHY,replay,30.4,0.0
2025-03-14T15:00:00+00:00,AWS-RAN-103,36.5,971.8,16.0,False,,low,8.2,NORMAL,34.0,938.3,16.0,HEALTHY,replay,13.6,0.0
2025-03-14T16:00:00+00:00,AWS-RAN-103,35.3,971.7,17.0,False,,low,4.9,NORMAL,33.3,937.8,17.0,HEALTHY,replay,8.2,0.0
2025-03-14T17:00:00+00:00,AWS-RAN-103,33.2,971.7,22.0,False,,low,2.5,NORMAL,30.7,937.5,24.0,HEALTHY,replay,4.1,0.0
2025-03-14T18:00:00+00:00,AWS-RAN-103,30.0,972.5,27.0,False,,low,4.3,NORMAL,28.0,937.9,24.0,HEALTHY,replay,7.2,0.0
2025-03-14T19:00:00+00:00,AWS-RAN-103,28.4,973.2,28.0,False,,low,2.2,NORMAL,27.3,938.7,30.0,HEALTHY,replay,3.7,0.0
2025-03-14T20:00:00+00:00,AWS-RAN-103,27.0,973.9,25.0,False,,low,2.4,NORMAL,26.5,939.3,24.0,HEALTHY,replay,4.1,0.0
2025-03-14T21:00:00+00:00,AWS-RAN-103,26.4,974.7,26.0,False,,low,1.4,NORMAL,25.0,939.7,28.0,HEALTHY,replay,2.3,0.0
2025-03-14T22:00:00+00:00,AWS-RAN-103,25.5,975.1,32.0,False,,low,1.9,NORMAL,23.5,939.7,35.0,HEALTHY,replay,3.2,0.0
2025-03-14T23:00:00+00:00,AWS-RAN-103,25.0,975.3,35.0,False,,low,1.3,NORMAL,22.5,939.8,39.0,HEALTHY,replay,2.2,0.0
2025-03-15T00:00:00+00:00,AWS-RAN-103,23.2,974.6,41.0,False,,low,0.7,NORMAL,22.2,939.4,42.0,HEALTHY,replay,1.2,0.0
2025-03-15T01:00:00+00:00,AWS-RAN-103,21.8,973.9,45.0,False,,low,0.7,NORMAL,21.5,938.7,44.0,HEALTHY,replay,1.1,0.0
2025-03-15T02:00:00+00:00,AWS-RAN-103,20.6,973.2,50.0,False,,low,0.7,NORMAL,21.2,938.1,46.0,HEALTHY,replay,1.2,0.0
2025-03-15T03:00:00+00:00,AWS-RAN-103,19.7,972.9,54.0,False,,low,0.6,NORMAL,20.7,937.7,47.0,HEALTHY,replay,0.9,0.0
2025-03-15T04:00:00+00:00,AWS-RAN-103,19.7,973.1,54.0,False,,low,0.4,NORMAL,20.4,938.0,48.0,HEALTHY,replay,0.7,0.0
2025-03-15T05:00:00+00:00,AWS-RAN-103,19.0,973.7,57.0,False,,low,0.6,NORMAL,21.1,938.6,47.0,HEALTHY,replay,1.0,0.0
2025-03-15T06:00:00+00:00,AWS-RAN-103,19.8,974.9,65.0,False,,low,4.1,NORMAL,21.4,940.0,54.0,HEALTHY,replay,6.8,0.0
2025-03-15T07:00:00+00:00,AWS-RAN-103,24.8,976.8,51.0,False,,low,13.4,NORMAL,24.7,941.8,43.0,HEALTHY,replay,22.4,0.0
2025-03-15T08:00:00+00:00,AWS-RAN-103,29.7,978.0,36.0,False,,low,49.6,NORMAL,28.7,943.2,36.0,HEALTHY,replay,82.6,0.0
2025-03-15T09:00:00+00:00,AWS-RAN-103,31.7,978.5,32.0,False,,low,19.0,NORMAL,30.9,944.0,31.0,HEALTHY,replay,31.7,0.0
2025-03-15T10:00:00+00:00,AWS-RAN-103,33.2,978.3,29.0,False,,low,9.8,NORMAL,32.3,943.9,27.0,HEALTHY,replay,16.3,0.0
2025-03-15T11:00:00+00:00,AWS-RAN-103,34.7,977.7,25.0,False,,low,9.0,NORMAL,33.6,943.4,24.0,HEALTHY,replay,15.0,0.0
2025-03-15T12:00:00+00:00,AWS-RAN-103,35.8,976.6,22.0,False,,low,12.5,NORMAL,34.9,942.4,20.0,HEALTHY,replay,20.9,0.0
2025-03-15T13:00:00+00:00,AWS-RAN-103,37.0,975.4,19.0,False,,low,6.4,NORMAL,35.4,941.6,18.0,HEALTHY,replay,10.7,0.0
2025-03-15T14:00:00+00:00,AWS-RAN-103,37.9,974.4,16.0,False,,low,11.3,NORMAL,35.3,940.6,16.0,HEALTHY,replay,18.9,0.0
2025-03-15T15:00:00+00:00,AWS-RAN-103,37.9,973.4,15.0,False,,low,11.7,NORMAL,35.4,939.8,15.0,HEALTHY,replay,19.4,0.0
2025-03-15T16:00:00+00:00,AWS-RAN-103,37.0,973.3,15.0,False,,low,6.2,NORMAL,34.6,939.5,17.0,HEALTHY,replay,10.4,0.0
2025-03-15T17:00:00+00:00,AWS-RAN-103,33.7,973.5,26.0,False,,low,10.9,NORMAL,31.9,939.5,20.0,HEALTHY,replay,18.2,0.0
2025-03-15T18:00:00+00:00,AWS-RAN-103,31.2,974.4,26.0,False,,low,4.1,NORMAL,29.4,940.2,25.0,HEALTHY,replay,6.9,0.0
2025-03-15T19:00:00+00:00,AWS-RAN-103,30.5,975.3,26.0,False,,low,4.9,NORMAL,28.5,940.7,21.0,HEALTHY,replay,8.2,0.0
2025-03-15T20:00:00+00:00,AWS-RAN-103,28.8,976.1,27.0,False,,low,3.6,NORMAL,27.1,941.6,25.0,HEALTHY,replay,5.9,0.0
2025-03-15T21:00:00+00:00,AWS-RAN-103,26.7,976.4,29.0,False,,low,2.0,NORMAL,26.1,941.5,28.0,HEALTHY,replay,3.3,0.0
2025-03-15T22:00:00+00:00,AWS-RAN-103,26.5,976.4,27.0,False,,low,2.1,NORMAL,25.8,941.8,29.0,HEALTHY,replay,3.6,0.0
2025-03-15T23:00:00+00:00,AWS-RAN-103,24.7,976.5,31.0,False,,low,1.5,NORMAL,24.5,941.6,28.0,HEALTHY,replay,2.6,0.0
2025-03-16T00:00:00+00:00,AWS-RAN-103,23.9,976.1,35.0,False,,low,0.9,NORMAL,23.5,940.9,34.0,HEALTHY,replay,1.5,0.0
2025-03-16T01:00:00+00:00,AWS-RAN-103,24.0,975.5,37.0,False,,low,0.8,NORMAL,24.0,940.5,36.0,HEALTHY,replay,1.3,0.0
2025-03-16T02:00:00+00:00,AWS-RAN-103,25.0,974.9,36.0,False,,low,2.0,NORMAL,23.9,939.7,36.0,HEALTHY,replay,3.4,0.0
2025-03-16T03:00:00+00:00,AWS-RAN-103,24.3,974.4,38.0,False,,low,1.8,NORMAL,23.0,939.1,40.0,HEALTHY,replay,3.1,0.0
2025-03-16T04:00:00+00:00,AWS-RAN-103,23.9,974.6,40.0,False,,low,1.0,NORMAL,22.4,939.1,44.0,HEALTHY,replay,1.7,0.0
2025-03-16T05:00:00+00:00,AWS-RAN-103,23.5,974.9,41.0,False,,low,1.1,NORMAL,22.2,939.5,48.0,HEALTHY,replay,1.9,0.0
2025-03-16T06:00:00+00:00,AWS-RAN-103,24.1,975.3,48.0,False,,low,1.7,NORMAL,22.5,940.1,53.0,HEALTHY,replay,2.8,0.0
2025-03-16T07:00:00+00:00,AWS-RAN-103,27.2,976.3,44.0,False,,low,2.1,NORMAL,25.8,941.5,43.0,HEALTHY,replay,3.5,0.0
2025-03-16T08:00:00+00:00,AWS-RAN-103,30.8,977.2,36.0,False,,low,2.5,NORMAL,29.6,942.6,36.0,HEALTHY,replay,4.1,0.0
2025-03-16T09:00:00+00:00,AWS-RAN-103,32.4,977.3,34.0,False,,low,1.3,NORMAL,32.2,943.1,29.0,HEALTHY,replay,2.2,0.0
2025-03-16T10:00:00+00:00,AWS-RAN-103,34.7,977.4,27.0,False,,low,2.8,NORMAL,34.1,943.3,25.0,HEALTHY,replay,4.6,0.0
2025-03-16T11:00:00+00:00,AWS-RAN-103,36.2,976.5,21.0,False,,low,6.4,NORMAL,34.9,942.6,21.0,HEALTHY,replay,10.7,0.0
2025-03-16T12:00:00+00:00,AWS-RAN-103,38.0,975.1,16.0,False,,low,9.8,NORMAL,35.1,941.7,19.0,HEALTHY,replay,16.3,0.0
2025-03-16T13:00:00+00:00,AWS-RAN-103,38.2,973.9,15.0,False,,low,5.0,NORMAL,34.9,940.4,18.0,HEALTHY,replay,8.3,0.0
2025-03-16T14:00:00+00:00,AWS-RAN-103,38.0,972.7,16.0,False,,low,9.1,NORMAL,35.1,939.1,18.0,HEALTHY,replay,15.1,0.0
2025-03-16T15:00:00+00:00,AWS-RAN-103,37.5,972.2,16.0,False,,low,3.2,NORMAL,34.8,938.5,17.0,HEALTHY,replay,5.4,0.0
2025-03-16T16:00:00+00:00,AWS-RAN-103,36.9,972.1,17.0,False,,low,2.5,NORMAL,34.2,938.4,21.0,HEALTHY,replay,4.2,0.0
2025-03-16T17:00:00+00:00,AWS-RAN-103,33.9,972.1,26.0,False,,low,3.2,NORMAL,30.2,938.9,28.0,HEALTHY,replay,5.3,0.0
2025-03-16T18:00:00+00:00,AWS-RAN-103,31.8,974.0,26.0,False,,low,1.7,NORMAL,28.2,939.6,38.0,HEALTHY,replay,2.8,0.0
2025-03-16T19:00:00+00:00,AWS-RAN-103,29.3,974.7,36.0,False,,low,4.4,NORMAL,27.5,939.8,39.0,HEALTHY,replay,7.3,0.0
2025-03-16T20:00:00+00:00,AWS-RAN-103,27.9,975.2,41.0,False,,low,1.6,NORMAL,26.3,940.2,42.0,HEALTHY,replay,2.6,0.0
2025-03-16T21:00:00+00:00,AWS-RAN-103,26.5,975.0,44.0,False,,low,0.7,NORMAL,25.1,940.0,44.0,HEALTHY,replay,1.1,0.0
2025-03-16T22:00:00+00:00,AWS-RAN-103,26.1,975.1,45.0,False,,low,0.3,NORMAL,24.0,939.9,49.0,HEALTHY,replay,0.5,0.0
2025-03-16T23:00:00+00:00,AWS-RAN-103,25.2,974.9,47.0,False,,low,0.3,NORMAL,23.6,939.6,50.0,HEALTHY,replay,0.6,0.0
2025-03-17T00:00:00+00:00,AWS-RAN-103,25.1,974.2,47.0,False,,low,0.3,NORMAL,23.0,938.9,50.0,HEALTHY,replay,0.5,0.0
2025-03-17T01:00:00+00:00,AWS-RAN-103,25.0,973.9,47.0,False,,low,0.3,NORMAL,22.5,938.5,53.0,HEALTHY,replay,0.5,0.0
2025-03-17T02:00:00+00:00,AWS-RAN-103,24.5,973.6,49.0,False,,low,0.2,NORMAL,21.9,938.1,54.0,HEALTHY,replay,0.4,0.0
2025-03-17T03:00:00+00:00,AWS-RAN-103,23.9,973.2,50.0,False,,low,0.2,NORMAL,21.5,937.8,55.0,HEALTHY,replay,0.4,0.0
2025-03-17T04:00:00+00:00,AWS-RAN-103,23.3,973.1,51.0,False,,low,0.2,NORMAL,21.4,937.6,55.0,HEALTHY,replay,0.4,0.0
2025-03-17T05:00:00+00:00,AWS-RAN-103,22.3,973.6,56.0,False,,low,0.3,NORMAL,21.0,938.2,56.0,HEALTHY,replay,0.5,0.0
2025-03-17T06:00:00+00:00,AWS-RAN-103,23.9,974.8,55.0,False,,low,0.2,NORMAL,21.7,939.2,61.0,HEALTHY,replay,0.4,0.0
2025-03-17T07:00:00+00:00,AWS-RAN-103,26.5,976.2,49.0,False,,low,1.1,NORMAL,23.8,940.8,55.0,HEALTHY,replay,1.8,0.0
2025-03-17T08:00:00+00:00,AWS-RAN-103,28.6,977.0,45.0,False,,low,2.1,NORMAL,26.6,942.0,47.0,HEALTHY,replay,3.5,0.0
2025-03-17T09:00:00+00:00,AWS-RAN-103,30.1,977.1,41.0,False,,low,1.1,NORMAL,28.6,942.2,42.0,HEALTHY,replay,1.8,0.0
2025-03-17T10:00:00+00:00,AWS-RAN-103,31.7,977.3,36.0,False,,low,1.8,NORMAL,30.4,942.9,37.0,HEALTHY,replay,3.0,0.0
2025-03-17T11:00:00+00:00,AWS-RAN-103,32.1,977.1,34.0,False,,low,1.2,NORMAL,27.1,942.4,49.0,HEALTHY,replay,2.1,0.0
2025-03-17T12:00:00+00:00,AWS-RAN-103,33.2,976.3,32.0,False,,low,1.7,NORMAL,28.7,941.9,46.0,HEALTHY,replay,2.9,0.0
2025-03-17T13:00:00+00:00,AWS-RAN-103,31.6,975.5,37.0,False,,low,2.4,NORMAL,29.1,940.8,40.0,HEALTHY,replay,4.0,0.0
2025-03-17T14:00:00+00:00,AWS-RAN-103,33.0,973.6,33.0,False,,low,4.7,NORMAL,30.7,939.6,37.0,HEALTHY,replay,7.8,0.0
2025-03-17T15:00:00+00:00,AWS-RAN-103,32.2,973.6,35.0,False,,low,1.8,NORMAL,29.8,939.2,40.0,HEALTHY,replay,3.1,0.0
2025-03-17T16:00:00+00:00,AWS-RAN-103,31.4,973.4,36.0,False,,low,3.7,NORMAL,30.2,938.8,36.0,HEALTHY,replay,6.1,0.0
2025-03-17T17:00:00+00:00,AWS-RAN-103,30.4,973.4,40.0,False,,low,1.4,NORMAL,28.6,938.8,44.0,HEALTHY,replay,2.3,0.0
2025-03-17T18:00:00+00:00,AWS-RAN-103,28.3,973.8,45.0,False,,low,1.8,NORMAL,26.5,939.1,48.0,HEALTHY,replay,2.9,0.0
2025-03-17T19:00:00+00:00,AWS-RAN-103,26.7,974.1,50.0,False,,low,1.4,NORMAL,25.8,939.4,51.0,HEALTHY,replay,2.3,0.0
2025-03-17T20:00:00+00:00,AWS-RAN-103,25.5,974.6,54.0,False,,low,0.8,NORMAL,24.5,939.8,54.0,HEALTHY,replay,1.4,0.0
2025-03-17T21:00:00+00:00,AWS-RAN-103,24.8,975.0,57.0,False,,low,0.5,NORMAL,24.3,940.4,53.0,HEALTHY,replay,0.8,0.0
2025-03-17T22:00:00+00:00,AWS-RAN-103,23.5,975.5,62.0,False,,low,0.5,NORMAL,23.7,941.0,52.0,HEALTHY,replay,0.9,0.0
2025-03-17T23:00:00+00:00,AWS-RAN-103,23.7,975.8,57.0,False,,low,0.6,NORMAL,23.0,940.7,54.21,HEALTHY,replay,0.9,0.0
2025-03-18T00:00:00+00:00,AWS-RAN-103,24.0,975.8,52.0,False,,low,0.4,NORMAL,22.5,940.6,54.82,HEALTHY,replay,0.7,0.0
2025-03-18T01:00:00+00:00,AWS-RAN-103,23.7,975.4,50.0,False,,low,0.7,NORMAL,21.8,940.2,55.5,HEALTHY,replay,1.1,0.0
2025-03-18T02:00:00+00:00,AWS-RAN-103,23.5,975.0,49.0,False,,low,0.6,NORMAL,21.1,939.7,56.23,HEALTHY,replay,0.9,0.0
2025-03-18T03:00:00+00:00,AWS-RAN-103,23.1,974.6,48.0,False,,low,0.4,NORMAL,20.6,939.1,56.02,HEALTHY,replay,0.7,0.0
2025-03-18T04:00:00+00:00,AWS-RAN-103,22.7,974.8,47.0,False,,low,0.4,NORMAL,20.3,939.3,55.86,HEALTHY,replay,0.7,0.0
2025-03-18T05:00:00+00:00,AWS-RAN-103,22.1,975.1,47.0,False,,low,0.4,NORMAL,19.7,939.6,57.74,HEALTHY,replay,0.6,0.0
2025-03-18T06:00:00+00:00,AWS-RAN-103,22.9,976.5,46.0,False,,low,0.6,NORMAL,20.1,940.8,58.66,HEALTHY,replay,1.0,0.0
2025-03-18T07:00:00+00:00,AWS-RAN-103,25.1,977.6,39.0,False,,low,1.5,NORMAL,22.5,942.0,51.62,HEALTHY,replay,2.5,0.0
2025-03-18T08:00:00+00:00,AWS-RAN-103,27.9,978.2,30.0,False,,low,3.8,NORMAL,25.3,943.0,41.0,HEALTHY,replay,6.3,0.0
2025-03-18T09:00:00+00:00,AWS-RAN-103,30.1,978.3,26.0,False,,low,2.7,NORMAL,27.6,943.4,33.0,HEALTHY,replay,4.4,0.0
2025-03-18T10:00:00+00:00,AWS-RAN-103,31.7,977.9,24.0,False,,low,1.6,NORMAL,29.2,943.3,28.0,HEALTHY,replay,2.7,0.0
2025-03-18T11:00:00+00:00,AWS-RAN-103,33.1,977.0,22.0,False,,low,1.0,NORMAL,30.5,942.6,27.0,HEALTHY,replay,1.7,0.0
2025-03-18T12:00:00+00:00,AWS-RAN-103,34.1,976.1,21.0,False,,low,1.2,NORMAL,31.4,941.8,25.0,HEALTHY,replay,2.1,0.0
2025-03-18T13:00:00+00:00,AWS-RAN-103,35.0,974.8,20.0,False,,low,3.5,NORMAL,31.8,941.0,25.0,HEALTHY,replay,5.8,0.0
2025-03-18T14:00:00+00:00,AWS-RAN-103,35.2,974.1,19.0,False,,low,1.9,NORMAL,31.6,940.2,25.0,HEALTHY,replay,3.1,0.0
2025-03-18T15:00:00+00:00,AWS-RAN-103,34.5,973.8,21.0,False,,low,1.7,NORMAL,32.1,939.7,23.0,HEALTHY,replay,2.8,0.0
2025-03-18T16:00:00+00:00,AWS-RAN-103,34.4,973.4,19.0,False,,low,2.2,NORMAL,31.5,939.2,23.0,HEALTHY,replay,3.7,0.0
2025-03-18T17:00:00+00:00,AWS-RAN-103,32.5,973.5,20.0,False,,low,1.7,NORMAL,29.0,939.5,27.0,HEALTHY,replay,2.8,0.0
2025-03-18T18:00:00+00:00,AWS-RAN-103,29.3,974.8,25.0,False,,low,3.9,NORMAL,26.7,940.1,32.0,HEALTHY,replay,6.6,0.0
2025-03-18T19:00:00+00:00,AWS-RAN-103,27.4,976.0,30.0,False,,low,4.2,NORMAL,24.7,940.9,31.0,HEALTHY,replay,6.9,0.0
2025-03-18T20:00:00+00:00,AWS-RAN-103,25.8,976.8,34.0,False,,low,2.5,NORMAL,23.9,941.5,35.0,HEALTHY,replay,4.2,0.0
2025-03-18T21:00:00+00:00,AWS-RAN-103,24.3,976.9,36.0,False,,low,1.3,NORMAL,23.2,941.6,35.0,HEALTHY,replay,2.1,0.0
2025-03-18T22:00:00+00:00,AWS-RAN-103,23.2,977.1,36.0,False,,low,3.3,NORMAL,22.4,941.8,34.0,HEALTHY,replay,5.4,0.0
2025-03-18T23:00:00+00:00,AWS-RAN-103,22.5,977.1,35.0,False,,low,1.9,NORMAL,21.9,941.7,35.0,HEALTHY,replay,3.1,0.0
2025-03-19T00:00:00+00:00,AWS-RAN-103,21.9,977.0,37.0,False,,low,0.8,NORMAL,21.1,941.4,37.0,HEALTHY,replay,1.3,0.0
2025-03-19T01:00:00+00:00,AWS-RAN-103,21.3,976.6,39.0,False,,low,0.8,NORMAL,20.6,940.9,38.0,HEALTHY,replay,1.3,0.0
2025-03-19T02:00:00+00:00,AWS-RAN-103,20.4,976.4,42.0,False,,low,0.6,NORMAL,20.1,940.4,37.0,HEALTHY,replay,1.0,0.0
2025-03-19T03:00:00+00:00,AWS-RAN-103,19.8,976.4,44.0,False,,low,0.5,NORMAL,20.0,940.3,38.0,HEALTHY,replay,0.9,0.0
2025-03-19T04:00:00+00:00,AWS-RAN-103,19.2,976.5,44.0,False,,low,0.7,NORMAL,18.9,940.7,43.0,HEALTHY,replay,1.2,0.0
2025-03-19T05:00:00+00:00,AWS-RAN-103,20.0,977.1,41.0,False,,low,1.5,NORMAL,18.5,941.1,43.0,HEALTHY,replay,2.5,0.0
2025-03-19T06:00:00+00:00,AWS-RAN-103,20.0,978.3,49.0,False,,low,1.4,NORMAL,18.2,942.7,50.0,HEALTHY,replay,2.4,0.0
2025-03-19T07:00:00+00:00,AWS-RAN-103,24.8,979.6,39.0,False,,low,6.1,NORMAL,21.6,944.1,40.0,HEALTHY,replay,10.2,0.0
2025-03-19T08:00:00+00:00,AWS-RAN-103,27.7,980.6,30.0,False,,low,23.2,NORMAL,24.6,945.2,32.0,HEALTHY,replay,38.7,0.0
2025-03-19T09:00:00+00:00,AWS-RAN-103,29.7,980.8,25.0,False,,low,7.7,NORMAL,27.6,945.6,31.0,HEALTHY,replay,12.8,0.0
2025-03-19T10:00:00+00:00,AWS-RAN-103,31.4,980.8,23.0,False,,low,11.5,NORMAL,29.3,945.9,27.0,HEALTHY,replay,19.1,0.0
2025-03-19T11:00:00+00:00,AWS-RAN-103,32.7,980.1,22.0,False,,low,4.7,NORMAL,30.8,945.4,26.0,HEALTHY,replay,7.9,0.0
2025-03-19T12:00:00+00:00,AWS-RAN-103,33.7,979.1,21.0,False,,low,3.6,NORMAL,32.2,944.5,25.0,HEALTHY,replay,6.0,0.0
2025-03-19T13:00:00+00:00,AWS-RAN-103,34.5,978.1,21.0,False,,low,4.0,NORMAL,32.8,943.5,23.0,HEALTHY,replay,6.7,0.0
2025-03-19T14:00:00+00:00,AWS-RAN-103,34.9,977.0,22.0,False,,low,4.7,NORMAL,33.4,942.7,22.0,HEALTHY,replay,7.8,0.0
2025-03-19T15:00:00+00:00,AWS-RAN-103,35.1,976.3,21.0,False,,low,2.2,NORMAL,33.2,942.3,23.0,HEALTHY,replay,3.7,0.0
2025-03-19T16:00:00+00:00,AWS-RAN-103,35.0,975.8,19.0,False,,low,3.1,NORMAL,32.4,941.9,24.0,HEALTHY,replay,5.2,0.0
2025-03-19T17:00:00+00:00,AWS-RAN-103,32.7,975.8,24.0,False,,low,1.1,NORMAL,29.8,941.5,39.0,HEALTHY,replay,1.8,0.0
2025-03-19T18:00:00+00:00,AWS-RAN-103,29.2,976.7,35.0,False,,low,2.9,NORMAL,28.1,942.2,33.0,HEALTHY,replay,4.8,0.0
2025-03-19T19:00:00+00:00,AWS-RAN-103,28.2,977.6,35.0,False,,low,0.4,NORMAL,26.6,942.8,36.0,HEALTHY,replay,0.7,0.0
2025-03-19T20:00:00+00:00,AWS-RAN-103,26.8,978.5,37.0,False,,low,0.6,NORMAL,25.5,943.3,38.0,HEALTHY,replay,0.9,0.0
2025-03-19T21:00:00+00:00,AWS-RAN-103,26.4,979.3,39.0,False,,low,0.6,NORMAL,25.2,944.0,38.0,HEALTHY,replay,1.0,0.0
2025-03-19T22:00:00+00:00,AWS-RAN-103,25.6,979.4,45.0,False,,low,0.7,NORMAL,24.2,944.1,45.0,HEALTHY,replay,1.2,0.0
2025-03-19T23:00:00+00:00,AWS-RAN-103,24.8,979.2,46.0,False,,low,0.4,NORMAL,23.0,943.7,51.0,HEALTHY,replay,0.7,0.0
2025-03-20T00:00:00+00:00,AWS-RAN-103,24.5,979.1,47.0,False,,low,0.4,NORMAL,22.1,943.5,55.0,HEALTHY,replay,0.6,0.0
2025-03-20T01:00:00+00:00,AWS-RAN-103,24.2,978.4,47.0,False,,low,0.4,NORMAL,21.7,942.7,59.0,HEALTHY,replay,0.7,0.0
2025-03-20T02:00:00+00:00,AWS-RAN-103,23.9,978.1,47.0,False,,low,0.6,NORMAL,21.6,942.5,59.0,HEALTHY,replay,0.9,0.0
2025-03-20T03:00:00+00:00,AWS-RAN-103,23.0,978.0,50.0,False,,low,0.2,NORMAL,21.1,942.5,59.0,HEALTHY,replay,0.4,0.0
2025-03-20T04:00:00+00:00,AWS-RAN-103,22.3,978.3,54.0,False,,low,0.4,NORMAL,21.0,942.6,63.0,HEALTHY,replay,0.6,0.0
2025-03-20T05:00:00+00:00,AWS-RAN-103,21.8,978.7,59.0,False,,low,0.3,NORMAL,20.8,943.0,59.0,HEALTHY,replay,0.4,0.0
2025-03-20T06:00:00+00:00,AWS-RAN-103,23.7,980.1,56.0,False,,low,0.9,NORMAL,21.4,944.4,58.0,HEALTHY,replay,1.4,0.0
2025-03-20T07:00:00+00:00,AWS-RAN-103,26.5,981.3,48.0,False,,low,1.6,NORMAL,24.2,945.7,48.0,HEALTHY,replay,2.6,0.0
2025-03-20T08:00:00+00:00,AWS-RAN-103,28.6,982.0,32.0,False,,low,10.0,NORMAL,26.5,946.7,37.0,HEALTHY,replay,16.6,0.0
2025-03-20T09:00:00+00:00,AWS-RAN-103,30.3,982.1,26.0,False,,low,2.3,NORMAL,28.1,946.9,39.0,HEALTHY,replay,3.9,0.0
2025-03-20T10:00:00+00:00,AWS-RAN-103,31.6,981.9,26.0,False,,low,1.2,NORMAL,29.3,946.8,35.0,HEALTHY,replay,2.1,0.0
2025-03-20T11:00:00+00:00,AWS-RAN-103,32.4,980.9,28.0,False,,low,0.9,NORMAL,30.5,946.1,33.0,HEALTHY,replay,1.5,0.0
2025-03-20T12:00:00+00:00,AWS-RAN-103,33.2,979.9,28.0,False,,low,0.9,NORMAL,31.3,945.3,33.0,HEALTHY,replay,1.6,0.0
2025-03-20T13:00:00+00:00,AWS-RAN-103,33.1,978.7,29.0,False,,low,2.2,NORMAL,30.8,943.7,34.0,HEALTHY,replay,3.6,0.0
2025-03-20T14:00:00+00:00,AWS-RAN-103,31.9,978.0,32.0,False,,low,1.1,NORMAL,29.7,943.2,39.0,HEALTHY,replay,1.8,0.0
2025-03-20T15:00:00+00:00,AWS-RAN-103,30.3,978.0,37.0,False,,low,2.6,NORMAL,24.9,943.1,61.0,HEALTHY,replay,4.4,0.0
2025-03-20T16:00:00+00:00,AWS-RAN-103,28.2,977.6,54.0,False,,low,33.6,NORMAL,26.2,942.8,52.0,HEALTHY,replay,56.0,0.0
2025-03-20T17:00:00+00:00,AWS-RAN-103,27.7,977.9,54.0,False,,low,3.9,NORMAL,25.7,942.7,51.0,HEALTHY,replay,6.5,0.0
2025-03-20T18:00:00+00:00,AWS-RAN-103,24.3,978.4,77.0,False,,low,48.0,NORMAL,25.4,943.1,56.0,HEALTHY,replay,80.0,0.0
2025-03-20T19:00:00+00:00,AWS-RAN-103,23.0,979.8,86.0,False,,low,45.1,NORMAL,24.3,944.4,59.0,HEALTHY,replay,75.1,0.0
2025-03-20T20:00:00+00:00,AWS-RAN-103,23.1,980.3,81.0,False,,low,12.7,NORMAL,23.7,944.7,65.0,HEALTHY,replay,21.2,0.0
2025-03-20T21:00:00+00:00,AWS-RAN-103,23.1,980.3,78.0,False,,low,3.0,NORMAL,22.9,944.9,67.0,HEALTHY,replay,5.0,0.0
2025-03-20T22:00:00+00:00,AWS-RAN-103,22.6,980.3,79.0,False,,low,1.2,NORMAL,22.1,944.6,69.0,HEALTHY,replay,2.0,0.0
2025-03-20T23:00:00+00:00,AWS-RAN-103,22.7,980.7,76.0,False,,low,1.4,NORMAL,21.5,944.9,76.0,HEALTHY,replay,2.3,0.0
2025-03-21T00:00:00+00:00,AWS-RAN-103,22.3,980.3,80.0,False,,low,1.5,NORMAL,20.9,944.5,76.0,HEALTHY,replay,2.5,0.0
2025-03-21T01:00:00+00:00,AWS-RAN-103,21.5,979.7,86.0,False,,low,1.1,NORMAL,20.2,943.6,81.0,HEALTHY,replay,1.8,0.0
2025-03-21T02:00:00+00:00,AWS-RAN-103,21.1,979.0,88.0,False,,low,1.0,NORMAL,20.0,942.9,85.0,HEALTHY,replay,1.7,0.0
2025-03-21T03:00:00+00:00,AWS-RAN-103,21.2,978.7,82.0,False,,low,0.7,NORMAL,19.8,942.8,86.0,HEALTHY,replay,1.1,0.0
2025-03-21T04:00:00+00:00,AWS-RAN-103,21.3,979.4,79.0,False,,low,0.8,NORMAL,19.3,943.2,90.0,HEALTHY,replay,1.4,0.0
2025-03-21T05:00:00+00:00,AWS-RAN-103,20.8,979.5,85.0,False,,low,0.6,NORMAL,19.1,943.4,90.0,HEALTHY,replay,1.0,0.0
2025-03-21T06:00:00+00:00,AWS-RAN-103,21.0,980.4,83.0,False,,low,1.4,NORMAL,20.0,944.4,84.0,HEALTHY,replay,2.3,0.0
2025-03-21T07:00:00+00:00,AWS-RAN-103,23.3,981.3,73.0,False,,low,3.0,NORMAL,22.1,945.6,77.0,HEALTHY,replay,4.9,0.0
2025-03-21T08:00:00+00:00,AWS-RAN-103,25.4,982.1,64.0,False,,low,2.8,NORMAL,23.9,946.4,72.0,HEALTHY,replay,4.6,0.0
2025-03-21T09:00:00+00:00,AWS-RAN-103,26.8,982.2,60.0,False,,low,2.4,NORMAL,25.5,946.5,66.0,HEALTHY,replay,4.1,0.0
2025-03-21T10:00:00+00:00,AWS-RAN-103,27.9,982.2,56.0,False,,low,2.1,NORMAL,26.3,946.7,60.0,HEALTHY,replay,3.5,0.0
2025-03-21T11:00:00+00:00,AWS-RAN-103,28.9,981.6,51.0,False,,low,2.2,NORMAL,23.5,946.5,68.0,HEALTHY,replay,3.7,0.0
2025-03-21T12:00:00+00:00,AWS-RAN-103,27.1,980.9,56.0,False,,low,2.1,NORMAL,22.3,945.5,80.0,HEALTHY,replay,3.6,0.0
2025-03-21T13:00:00+00:00,AWS-RAN-103,24.0,979.5,71.0,False,,low,19.2,NORMAL,21.9,943.9,88.0,HEALTHY,replay,32.0,0.0
2025-03-21T14:00:00+00:00,AWS-RAN-103,23.0,978.0,89.0,True,unstructured_anomaly,critical,93.4,ML_MODEL_ISOLATION,23.0,942.3,82.0,HEALTHY,replay,93.4,0.0
2025-03-21T15:00:00+00:00,AWS-RAN-103,23.5,978.3,79.0,False,,low,8.5,NORMAL,25.5,942.4,66.0,HEALTHY,replay,14.1,0.0
2025-03-21T16:00:00+00:00,AWS-RAN-103,24.5,977.5,69.0,False,,low,7.9,NORMAL,23.4,941.7,71.0,HEALTHY,replay,13.2,0.0
2025-03-21T17:00:00+00:00,AWS-RAN-103,23.6,977.6,74.0,False,,low,1.2,NORMAL,22.3,941.9,75.0,HEALTHY,replay,2.1,0.0
2025-03-21T18:00:00+00:00,AWS-RAN-103,20.9,979.7,91.0,False,,low,27.2,NORMAL,19.9,943.5,83.0,HEALTHY,replay,45.4,0.0
2025-03-21T19:00:00+00:00,AWS-RAN-103,20.7,979.7,93.0,False,,low,7.1,NORMAL,19.1,943.1,92.0,HEALTHY,replay,11.8,0.0
2025-03-21T20:00:00+00:00,AWS-RAN-103,20.3,979.8,95.0,False,,low,1.8,NORMAL,18.5,943.5,94.0,HEALTHY,replay,3.0,0.0
2025-03-21T21:00:00+00:00,AWS-RAN-103,19.6,979.6,96.0,False,,low,1.5,NORMAL,18.5,943.4,92.0,HEALTHY,replay,2.5,0.0
2025-03-21T22:00:00+00:00,AWS-RAN-103,19.9,980.3,94.0,False,,low,2.1,NORMAL,18.2,944.3,95.0,HEALTHY,replay,3.5,0.0
2025-03-21T23:00:00+00:00,AWS-RAN-103,19.6,980.2,93.0,False,,low,2.4,NORMAL,20.1,943.9,95.0,HEALTHY,replay,4.0,0.0
2025-03-22T00:00:00+00:00,AWS-RAN-103,19.5,979.6,94.0,False,,low,2.3,NORMAL,19.8,943.7,98.0,HEALTHY,replay,3.8,0.0
