timestamp,station_id,temperature_c,pressure_hpa,humidity_pct,is_anomaly,fault_type,severity,anomaly_score_pct,decision_basis,suggested_temperature_c,suggested_pressure_hpa,suggested_humidity_pct,health_status,source,model_confidence_pct,rule_confidence_pct
2026-09-22 06:45:00+00:00,AWS-MUM-007,29.0,1009.9,76.0,False,,low,0.0,NORMAL,29.6,1008.9,77.0,HEALTHY,live,,0.0
2026-09-22T07:00:00+00:00,AWS-MUM-007,29.2,1009.6,75.0,False,,low,0.0,NORMAL,29.8,1008.5,76.0,HEALTHY,live,,0.0
2025-01-01T00:00:00+00:00,AWS-MUM-007,25.8,1014.0,65.0,False,,low,0.0,NORMAL,25.1,1013.2,73.0,HEALTHY,replay,,0.0
2025-01-01T01:00:00+00:00,AWS-MUM-007,25.4,1013.5,68.0,False,,low,0.0,NORMAL,24.6,1012.7,74.0,HEALTHY,replay,,0.0
2025-01-01T02:00:00+00:00,AWS-MUM-007,25.2,1012.8,69.0,False,,low,0.0,NORMAL,24.4,1012.0,73.0,HEALTHY,replay,,0.0
2025-01-01T03:00:00+00:00,AWS-MUM-007,24.8,1012.3,70.0,False,,low,0.0,NORMAL,23.9,1011.6,74.0,HEALTHY,replay,,0.0
2025-01-01T04:00:00+00:00,AWS-MUM-007,24.2,1012.2,71.0,False,,low,0.0,NORMAL,23.0,1011.4,77.0,HEALTHY,replay,,0.0
2025-01-01T05:00:00+00:00,AWS-MUM-007,23.7,1012.4,73.0,False,,low,0.0,NORMAL,22.2,1011.7,81.0,HEALTHY,replay,,0.0
2025-01-01T06:00:00+00:00,AWS-MUM-007,22.8,1012.9,78.0,False,,low,0.0,NORMAL,21.2,1012.3,87.0,HEALTHY,replay,,0.0
2025-01-01T07:00:00+00:00,AWS-MUM-007,22.4,1013.4,78.0,False,,low,0.0,NORMAL,20.9,1012.9,86.0,HEALTHY,replay,,0.0
2025-01-01T08:00:00+00:00,AWS-MUM-007,23.5,1014.4,72.0,False,,low,0.0,NORMAL,22.2,1013.8,76.0,HEALTHY,replay,,0.0
2025-01-01T09:00:00+00:00,AWS-MUM-007,26.1,1015.1,60.0,False,,low,0.0,NORMAL,25.0,1014.4,62.0,HEALTHY,replay,,0.0
2025-01-01T10:00:00+00:00,AWS-MUM-007,28.8,1015.2,49.0,False,,low,0.0,NORMAL,28.0,1014.4,51.0,HEALTHY,replay,,0.0
2025-01-01T11:00:00+00:00,AWS-MUM-007,31.0,1014.7,41.0,False,,low,0.0,NORMAL,30.4,1013.9,43.0,HEALTHY,replay,,0.0
2025-01-01T12:00:00+00:00,AWS-MUM-007,32.0,1013.8,38.0,False,,low,0.0,NORMAL,32.2,1012.9,37.0,HEALTHY,replay,,0.0
2025-01-01T13:00:00+00:00,AWS-MUM-007,10.809808773170488,1012.4,37.0,True,spike,high,87.3,FUSED_CONSENSUS,33.3,1011.4,31.0,HEALTHY,replay,,87.3
2025-01-01T14:00:00+00:00,AWS-MUM-007,31.8,1011.3,42.0,False,,low,0.0,NORMAL,33.8,1010.3,30.0,HEALTHY,replay,,0.0
2025-01-01T15:00:00+00:00,AWS-MUM-007,30.6,1010.7,50.0,False,,low,0.0,NORMAL,33.8,1009.4,30.0,HEALTHY,replay,,0.0
2025-01-01T16:00:00+00:00,AWS-MUM-007,29.0,1010.6,56.0,False,,low,0.0,NORMAL,33.5,1009.1,32.0,HEALTHY,replay,,0.0
2025-01-01T17:00:00+00:00,AWS-MUM-007,27.6,1010.8,59.0,False,,low,0.0,NORMAL,30.9,1009.2,44.0,HEALTHY,replay,,0.0
2025-01-01T18:00:00+00:00,AWS-MUM-007,26.4,1011.4,71.0,False,,low,0.0,NORMAL,28.8,1010.0,54.0,HEALTHY,replay,,0.0
2025-01-01T19:00:00+00:00,AWS-MUM-007,26.0,1012.0,74.0,False,,low,0.0,NORMAL,28.0,1010.9,59.0,HEALTHY,replay,,0.0
2025-01-01T20:00:00+00:00,AWS-MUM-007,26.0,1012.9,69.0,False,,low,0.0,NORMAL,27.3,1012.0,60.0,HEALTHY,replay,,0.0
2025-01-01T21:00:00+00:00,AWS-MUM-007,26.3,1013.6,60.0,False,,low,0.0,NORMAL,26.7,1012.6,60.0,HEALTHY,replay,,0.0
2025-01-01T22:00:00+00:00,AWS-MUM-007,26.1,1013.9,59.0,False,,low,0.0,NORMAL,25.9,1013.0,62.0,HEALTHY,replay,,0.0
2025-01-01T23:00:00+00:00,AWS-MUM-007,34.74894795573478,1013.9472876324244,100.0,True,multivariate_inconsistency,low,51.7,FUSED_CONSENSUS,25.2,1012.9,65.0,HEALTHY,replay,,51.7
2025-01-02T00:00:00+00:00,AWS-MUM-007,34.24894795573478,1013.7439729378324,100.0,True,multivariate_inconsistency,low,51.1,FUSED_CONSENSUS,24.0,1012.6,71.0,WARNING,replay,,51.1
2025-01-02T01:00:00+00:00,AWS-MUM-007,33.44894795573478,1013.0250712753176,100.0,True,multivariate_inconsistency,low,50.3,FUSED_CONSENSUS,23.2,1012.3,76.0,OFFLINE,replay,,50.3
2025-01-02T02:00:00+00:00,AWS-MUM-007,32.64894795573478,1013.253607101336,100.0,True,multivariate_inconsistency,low,49.4,FUSED_CONSENSUS,22.5,1012.0,81.0,OFFLINE,replay,,49.4
2025-01-02T03:00:00+00:00,AWS-MUM-007,32.34894795573478,1012.3431961575652,100.0,True,multivariate_inconsistency,low,49.1,FUSED_CONSENSUS,21.7,1011.6,85.0,OFFLINE,replay,,49.1
2025-01-02T04:00:00+00:00,AWS-MUM-007,22.6,1012.0,75.0,False,,low,0.0,NORMAL,21.1,1011.4,88.0,OFFLINE,replay,,0.0
2025-01-02T05:00:00+00:00,AWS-MUM-007,22.0,1012.1,79.0,False,,low,0.0,NORMAL,20.5,1011.5,91.0,OFFLINE,replay,,0.0
2025-01-02T06:00:00+00:00,AWS-MUM-007,21.4,1012.6,81.0,False,,low,0.0,NORMAL,20.0,1012.0,92.0,HEALTHY,replay,,0.0
2025-01-02T07:00:00+00:00,AWS-MUM-007,21.3,1013.2,82.0,False,,low,0.0,NORMAL,19.8,1012.6,93.0,OFFLINE,replay,,0.0
2025-01-02T08:00:00+00:00,AWS-MUM-007,22.7,1014.1,76.0,False,,low,0.0,NORMAL,21.2,1013.5,82.0,OFFLINE,replay,,0.0
2025-01-02T09:00:00+00:00,AWS-MUM-007,25.4,1014.9,63.0,False,,low,0.0,NORMAL,24.0,1014.2,68.0,OFFLINE,replay,,0.0
2025-01-02T10:00:00+00:00,AWS-MUM-007,28.5,1015.0,49.0,False,,low,0.0,NORMAL,27.2,1014.3,54.0,HEALTHY,replay,,0.0
2025-01-02T11:00:00+00:00,AWS-MUM-007,30.9,1014.3,40.0,False,,low,12.2,NORMAL,29.9,1013.5,43.0,WARNING,replay,20.4,0.0
2025-01-02T12:00:00+00:00,AWS-MUM-007,32.3,1013.4,34.0,False,,low,17.5,NORMAL,32.1,1012.6,35.0,WARNING,replay,29.1,0.0
2025-01-02T13:00:00+00:00,AWS-MUM-007,32.8,1012.1,33.0,False,,low,10.2,NORMAL,33.5,1011.2,29.0,WARNING,replay,17.0,0.0
2025-01-02T14:00:00+00:00,AWS-MUM-007,32.5,1011.2,38.0,False,,low,12.3,NORMAL,34.3,1010.2,25.0,WARNING,replay,20.6,0.0
2025-01-02T15:00:00+00:00,AWS-MUM-007,31.6,1010.8,43.0,False,,low,5.6,NORMAL,34.5,1009.7,24.0,WARNING,replay,9.4,0.0
2025-01-02T16:00:00+00:00,AWS-MUM-007,30.3,1010.7,50.0,False,,low,4.8,NORMAL,34.0,1009.4,25.0,WARNING,replay,8.0,0.0
2025-01-02T17:00:00+00:00,AWS-MUM-007,29.0,1010.9,50.0,False,,low,2.0,NORMAL,32.8,1009.6,31.0,WARNING,replay,3.4,0.0
2025-01-02T18:00:00+00:00,AWS-MUM-007,27.3,1011.5,62.0,False,,low,7.6,NORMAL,30.3,1010.3,41.0,WARNING,replay,12.7,0.0
2025-01-02T19:00:00+00:00,AWS-MUM-007,26.9,1012.2,61.0,False,,low,0.9,NORMAL,28.3,1011.3,51.0,WARNING,replay,1.5,0.0
2025-01-02T20:00:00+00:00,AWS-MUM-007,27.2,1013.0,52.0,False,,low,1.4,NORMAL,27.5,1012.2,52.0,WARNING,replay,2.4,0.0
2025-01-02T21:00:00+00:00,AWS-MUM-007,27.0,1013.5,52.0,False,,low,0.4,NORMAL,26.7,1012.7,57.0,WARNING,replay,0.7,0.0
2025-01-02T22:00:00+00:00,AWS-MUM-007,26.6,1013.8,54.0,False,,low,0.5,NORMAL,25.9,1012.9,59.0,WARNING,replay,0.9,0.0
2025-01-02T23:00:00+00:00,AWS-MUM-007,26.1,1013.8,55.0,False,,low,0.6,NORMAL,24.5,1013.0,65.0,WARNING,replay,1.0,0.0
2025-01-03T00:00:00+00:00,AWS-MUM-007,18.919290443024536,1020.7669086690788,73.46319194792923,True,unstructured_anomaly,critical,97.8,ML_MODEL_ISOLATION,23.3,1012.9,70.0,WARNING,replay,97.8,0.0
2025-01-03T01:00:00+00:00,AWS-MUM-007,18.15867248698246,1020.2666785113136,76.54920477803351,True,unstructured_anomaly,critical,98.9,ML_MODEL_ISOLATION,22.0,1012.4,76.0,WARNING,replay,98.9,0.0
2025-01-03T02:00:00+00:00,AWS-MUM-007,16.28663299976028,1020.0589213507624,50.56320591423973,True,multivariate_inconsistency,high,75.8,MODEL_OVERRIDE,21.3,1011.9,76.0,HEALTHY,replay,94.9,47.1
2025-01-03T03:00:00+00:00,AWS-MUM-007,16.902546030995957,1020.5808298792545,80.82750174576815,True,unstructured_anomaly,critical,98.1,ML_MODEL_ISOLATION,20.6,1011.6,76.0,HEALTHY,replay,98.1,0.0
2025-01-03T04:00:00+00:00,AWS-MUM-007,15.11518015813077,1020.0140763753992,84.93822228214506,True,unstructured_anomaly,critical,98.9,ML_MODEL_ISOLATION,20.0,1011.6,76.0,HEALTHY,replay,98.9,0.0
2025-01-03T05:00:00+00:00,AWS-MUM-007,27.793610429785407,1004.5219458549722,51.03955078695863,False,,low,42.9,NORMAL,19.7,1011.8,77.0,HEALTHY,replay,71.6,0.0
2025-01-03T06:00:00+00:00,AWS-MUM-007,21.5,1013.3,67.0,False,,low,36.1,NORMAL,19.9,1012.7,76.0,HEALTHY,replay,60.1,0.0
2025-01-03T07:00:00+00:00,AWS-MUM-007,21.2,1014.1,68.0,False,,low,21.7,NORMAL,19.5,1013.5,77.0,HEALTHY,replay,36.2,0.0
2025-01-03T08:00:00+00:00,AWS-MUM-007,22.3,1014.9,63.0,False,,low,12.6,NORMAL,20.8,1014.3,72.0,HEALTHY,replay,21.1,0.0
2025-01-03T09:00:00+00:00,AWS-MUM-007,25.5,1015.4,51.0,False,,low,14.9,NORMAL,23.6,1014.9,61.0,HEALTHY,replay,24.8,0.0
2025-01-03T10:00:00+00:00,AWS-MUM-007,28.9,1015.4,38.0,False,,low,39.8,NORMAL,27.2,1014.7,48.0,HEALTHY,replay,66.4,0.0
2025-01-03T11:00:00+00:00,AWS-MUM-007,31.3,1014.6,31.0,False,,low,42.8,NORMAL,30.3,1013.9,35.0,HEALTHY,replay,71.4,0.0
2025-01-03T12:00:00+00:00,AWS-MUM-007,33.0,1013.7,26.0,False,,low,45.9,NORMAL,32.1,1012.9,29.0,HEALTHY,replay,76.4,0.0
2025-01-03T13:00:00+00:00,AWS-MUM-007,33.4,1012.2,25.0,False,,low,37.8,NORMAL,33.4,1011.3,25.0,HEALTHY,replay,62.9,0.0
2025-01-03T14:00:00+00:00,AWS-MUM-007,32.6,1011.3,33.0,False,,low,40.2,NORMAL,34.1,1010.4,22.0,HEALTHY,replay,67.0,0.0
2025-01-03T15:00:00+00:00,AWS-MUM-007,31.5,1010.8,38.0,False,,low,12.3,NORMAL,34.3,1009.7,22.0,HEALTHY,replay,20.5,0.0
2025-01-03T16:00:00+00:00,AWS-MUM-007,30.6,1010.5,41.0,False,,low,3.3,NORMAL,34.0,1009.3,21.0,HEALTHY,replay,5.5,0.0
2025-01-03T17:00:00+00:00,AWS-MUM-007,28.8,1010.6,48.0,False,,low,4.3,NORMAL,33.1,1009.2,25.0,HEALTHY,replay,7.2,0.0
2025-01-03T18:00:00+00:00,AWS-MUM-007,27.1,1011.1,62.0,False,,low,25.0,NORMAL,30.7,1009.7,27.0,HEALTHY,replay,41.7,0.0
2026-09-22T07:00:00+00:00,AWS-MUM-007,29.2,1009.6,75.0,False,multivariate_inconsistency,low,45.0,NORMAL,29.8,1008.5,76.0,HEALTHY,live,,45.0
2026-09-22T07:30:00+00:00,AWS-MUM-007,29.8,1008.7,77.0,False,,low,0.0,NORMAL,31.0,1007.5,72.0,HEALTHY,live,,0.0
2025-01-01T00:00:00+00:00,AWS-MUM-007,25.8,1014.0,65.0,False,,low,0.0,NORMAL,25.1,1013.2,73.0,HEALTHY,replay,,0.0
2025-01-01T01:00:00+00:00,AWS-MUM-007,25.4,1013.5,68.0,False,,low,0.0,NORMAL,24.6,1012.7,74.0,HEALTHY,replay,,0.0
2025-01-01T02:00:00+00:00,AWS-MUM-007,25.2,1012.8,69.0,False,,low,0.0,NORMAL,24.4,1012.0,73.0,HEALTHY,replay,,0.0
2025-01-01T03:00:00+00:00,AWS-MUM-007,24.8,1012.3,70.0,False,,low,0.0,NORMAL,23.9,1011.6,74.0,HEALTHY,replay,,0.0
2025-01-01T04:00:00+00:00,AWS-MUM-007,24.2,1012.2,71.0,False,,low,0.0,NORMAL,23.0,1011.4,77.0,HEALTHY,replay,,0.0
2025-01-01T05:00:00+00:00,AWS-MUM-007,23.7,1012.4,73.0,False,,low,0.0,NORMAL,22.2,1011.7,81.0,HEALTHY,replay,,0.0
2025-01-01T06:00:00+00:00,AWS-MUM-007,22.8,1012.9,78.0,False,,low,0.0,NORMAL,21.2,1012.3,87.0,HEALTHY,replay,,0.0
2025-01-01T07:00:00+00:00,AWS-MUM-007,22.4,1013.4,78.0,False,,low,0.0,NORMAL,20.9,1012.9,86.0,HEALTHY,replay,,0.0
2025-01-01T08:00:00+00:00,AWS-MUM-007,23.5,1014.4,72.0,False,,low,0.0,NORMAL,22.2,1013.8,76.0,HEALTHY,replay,,0.0
2025-01-01T09:00:00+00:00,AWS-MUM-007,26.1,1015.1,60.0,False,,low,0.0,NORMAL,25.0,1014.4,62.0,HEALTHY,replay,,0.0
2025-01-01T10:00:00+00:00,AWS-MUM-007,28.8,1015.2,49.0,False,,low,0.0,NORMAL,28.0,1014.4,51.0,HEALTHY,replay,,0.0
2025-01-01T11:00:00+00:00,AWS-MUM-007,31.0,1014.7,41.0,False,,low,0.0,NORMAL,30.4,1013.9,43.0,HEALTHY,replay,,0.0
2025-01-01T12:00:00+00:00,AWS-MUM-007,32.0,1013.8,38.0,False,,low,0.0,NORMAL,32.2,1012.9,37.0,HEALTHY,replay,,0.0
2025-01-01T13:00:00+00:00,AWS-MUM-007,10.809808773170488,1012.4,37.0,True,spike,high,87.3,FUSED_CONSENSUS,33.3,1011.4,31.0,HEALTHY,replay,,87.3
2025-01-01T14:00:00+00:00,AWS-MUM-007,31.8,1011.3,42.0,False,,low,0.0,NORMAL,33.8,1010.3,30.0,HEALTHY,replay,,0.0
2025-01-01T15:00:00+00:00,AWS-MUM-007,30.6,1010.7,50.0,False,,low,0.0,NORMAL,33.8,1009.4,30.0,HEALTHY,replay,,0.0
2025-01-01T16:00:00+00:00,AWS-MUM-007,29.0,1010.6,56.0,False,,low,0.0,NORMAL,33.5,1009.1,32.0,HEALTHY,replay,,0.0
2025-01-01T17:00:00+00:00,AWS-MUM-007,27.6,1010.8,59.0,False,,low,0.0,NORMAL,30.9,1009.2,44.0,HEALTHY,replay,,0.0
2025-01-01T18:00:00+00:00,AWS-MUM-007,26.4,1011.4,71.0,False,,low,0.0,NORMAL,28.8,1010.0,54.0,HEALTHY,replay,,0.0
2025-01-01T19:00:00+00:00,AWS-MUM-007,26.0,1012.0,74.0,False,,low,0.0,NORMAL,28.0,1010.9,59.0,HEALTHY,replay,,0.0
2025-01-01T20:00:00+00:00,AWS-MUM-007,26.0,1012.9,69.0,False,,low,0.0,NORMAL,27.3,1012.0,60.0,HEALTHY,replay,,0.0
2025-01-01T21:00:00+00:00,AWS-MUM-007,26.3,1013.6,60.0,False,,low,0.0,NORMAL,26.7,1012.6,60.0,HEALTHY,replay,,0.0
2025-01-01T22:00:00+00:00,AWS-MUM-007,26.1,1013.9,59.0,False,,low,0.0,NORMAL,25.9,1013.0,62.0,HEALTHY,replay,,0.0
2025-01-01T23:00:00+00:00,AWS-MUM-007,34.74894795573478,1013.9472876324244,100.0,True,multivariate_inconsistency,low,51.7,FUSED_CONSENSUS,25.2,1012.9,65.0,HEALTHY,replay,,51.7
2025-01-02T00:00:00+00:00,AWS-MUM-007,34.24894795573478,1013.7439729378324,100.0,True,multivariate_inconsistency,low,51.1,FUSED_CONSENSUS,24.0,1012.6,71.0,WARNING,replay,,51.1
2025-01-02T01:00:00+00:00,AWS-MUM-007,33.44894795573478,1013.0250712753176,100.0,True,multivariate_inconsistency,low,50.3,FUSED_CONSENSUS,23.2,1012.3,76.0,OFFLINE,replay,,50.3
2025-01-02T02:00:00+00:00,AWS-MUM-007,32.64894795573478,1013.253607101336,100.0,True,multivariate_inconsistency,low,49.4,FUSED_CONSENSUS,22.5,1012.0,81.0,OFFLINE,replay,,49.4
2025-01-02T03:00:00+00:00,AWS-MUM-007,32.34894795573478,1012.3431961575652,100.0,True,multivariate_inconsistency,low,49.1,FUSED_CONSENSUS,21.7,1011.6,85.0,OFFLINE,replay,,49.1
2025-01-02T04:00:00+00:00,AWS-MUM-007,22.6,1012.0,75.0,False,,low,0.0,NORMAL,21.1,1011.4,88.0,OFFLINE,replay,,0.0
2025-01-02T05:00:00+00:00,AWS-MUM-007,22.0,1012.1,79.0,False,,low,0.0,NORMAL,20.5,1011.5,91.0,OFFLINE,replay,,0.0
2025-01-02T06:00:00+00:00,AWS-MUM-007,21.4,1012.6,81.0,False,,low,0.0,NORMAL,20.0,1012.0,92.0,HEALTHY,replay,,0.0
2025-01-02T07:00:00+00:00,AWS-MUM-007,21.3,1013.2,82.0,False,,low,0.0,NORMAL,19.8,1012.6,93.0,OFFLINE,replay,,0.0
2025-01-02T08:00:00+00:00,AWS-MUM-007,22.7,1014.1,76.0,False,,low,0.0,NORMAL,21.2,1013.5,82.0,OFFLINE,replay,,0.0
2025-01-02T09:00:00+00:00,AWS-MUM-007,25.4,1014.9,63.0,False,,low,0.0,NORMAL,24.0,1014.2,68.0,OFFLINE,replay,,0.0
2025-01-02T10:00:00+00:00,AWS-MUM-007,28.5,1015.0,49.0,False,,low,0.0,NORMAL,27.2,1014.3,54.0,HEALTHY,replay,,0.0
2025-01-02T11:00:00+00:00,AWS-MUM-007,30.9,1014.3,40.0,False,,low,12.2,NORMAL,29.9,1013.5,43.0,WARNING,replay,20.4,0.0
2025-01-02T12:00:00+00:00,AWS-MUM-007,32.3,1013.4,34.0,False,,low,17.5,NORMAL,32.1,1012.6,35.0,WARNING,replay,29.1,0.0
2025-01-02T13:00:00+00:00,AWS-MUM-007,32.8,1012.1,33.0,False,,low,10.2,NORMAL,33.5,1011.2,29.0,WARNING,replay,17.0,0.0
2025-01-02T14:00:00+00:00,AWS-MUM-007,32.5,1011.2,38.0,False,,low,12.3,NORMAL,34.3,1010.2,25.0,WARNING,replay,20.6,0.0
2025-01-02T15:00:00+00:00,AWS-MUM-007,31.6,1010.8,43.0,False,,low,5.6,NORMAL,34.5,1009.7,24.0,WARNING,replay,9.4,0.0
2025-01-02T16:00:00+00:00,AWS-MUM-007,30.3,1010.7,50.0,False,,low,4.8,NORMAL,34.0,1009.4,25.0,WARNING,replay,8.0,0.0
2025-01-02T17:00:00+00:00,AWS-MUM-007,29.0,1010.9,50.0,False,,low,2.0,NORMAL,32.8,1009.6,31.0,WARNING,replay,3.4,0.0
2025-01-02T18:00:00+00:00,AWS-MUM-007,27.3,1011.5,62.0,False,,low,7.6,NORMAL,30.3,1010.3,41.0,WARNING,replay,12.7,0.0
2025-01-02T19:00:00+00:00,AWS-MUM-007,26.9,1012.2,61.0,False,,low,0.9,NORMAL,28.3,1011.3,51.0,WARNING,replay,1.5,0.0
2025-01-02T20:00:00+00:00,AWS-MUM-007,27.2,1013.0,52.0,False,,low,1.4,NORMAL,27.5,1012.2,52.0,WARNING,replay,2.4,0.0
2025-01-02T21:00:00+00:00,AWS-MUM-007,27.0,1013.5,52.0,False,,low,0.4,NORMAL,26.7,1012.7,57.0,WARNING,replay,0.7,0.0
2025-01-02T22:00:00+00:00,AWS-MUM-007,26.6,1013.8,54.0,False,,low,0.5,NORMAL,25.9,1012.9,59.0,WARNING,replay,0.9,0.0
2025-01-02T23:00:00+00:00,AWS-MUM-007,26.1,1013.8,55.0,False,,low,0.6,NORMAL,24.5,1013.0,65.0,WARNING,replay,1.0,0.0
2025-01-03T00:00:00+00:00,AWS-MUM-007,18.919290443024536,1020.7669086690788,73.46319194792923,True,unstructured_anomaly,critical,97.8,ML_MODEL_ISOLATION,23.3,1012.9,70.0,WARNING,replay,97.8,0.0
2025-01-03T01:00:00+00:00,AWS-MUM-007,18.15867248698246,1020.2666785113136,76.54920477803351,True,unstructured_anomaly,critical,98.9,ML_MODEL_ISOLATION,22.0,1012.4,76.0,WARNING,replay,98.9,0.0
2025-01-03T02:00:00+00:00,AWS-MUM-007,16.28663299976028,1020.0589213507624,50.56320591423973,True,multivariate_inconsistency,high,75.8,MODEL_OVERRIDE,21.3,1011.9,76.0,HEALTHY,replay,94.9,47.1
2025-01-03T03:00:00+00:00,AWS-MUM-007,16.902546030995957,1020.5808298792545,80.82750174576815,True,unstructured_anomaly,critical,98.1,ML_MODEL_ISOLATION,20.6,1011.6,76.0,HEALTHY,replay,98.1,0.0
2025-01-03T04:00:00+00:00,AWS-MUM-007,15.11518015813077,1020.0140763753992,84.93822228214506,True,unstructured_anomaly,critical,98.9,ML_MODEL_ISOLATION,20.0,1011.6,76.0,HEALTHY,replay,98.9,0.0
2025-01-03T05:00:00+00:00,AWS-MUM-007,27.793610429785407,1004.5219458549722,51.03955078695863,False,,low,42.9,NORMAL,19.7,1011.8,77.0,HEALTHY,replay,71.6,0.0
2025-01-03T06:00:00+00:00,AWS-MUM-007,21.5,1013.3,67.0,False,,low,36.1,NORMAL,19.9,1012.7,76.0,HEALTHY,replay,60.1,0.0
2025-01-03T07:00:00+00:00,AWS-MUM-007,21.2,1014.1,68.0,False,,low,21.7,NORMAL,19.5,1013.5,77.0,HEALTHY,replay,36.2,0.0
2025-01-03T08:00:00+00:00,AWS-MUM-007,22.3,1014.9,63.0,False,,low,12.6,NORMAL,20.8,1014.3,72.0,HEALTHY,replay,21.1,0.0
2025-01-03T09:00:00+00:00,AWS-MUM-007,25.5,1015.4,51.0,False,,low,14.9,NORMAL,23.6,1014.9,61.0,HEALTHY,replay,24.8,0.0
2025-01-03T10:00:00+00:00,AWS-MUM-007,28.9,1015.4,38.0,False,,low,39.8,NORMAL,27.2,1014.7,48.0,HEALTHY,replay,66.4,0.0
2025-01-03T11:00:00+00:00,AWS-MUM-007,31.3,1014.6,31.0,False,,low,42.8,NORMAL,30.3,1013.9,35.0,HEALTHY,replay,71.4,0.0
2025-01-03T12:00:00+00:00,AWS-MUM-007,33.0,1013.7,26.0,False,,low,45.9,NORMAL,32.1,1012.9,29.0,HEALTHY,replay,76.4,0.0
2025-01-03T13:00:00+00:00,AWS-MUM-007,33.4,1012.2,25.0,False,,low,37.8,NORMAL,33.4,1011.3,25.0,HEALTHY,replay,62.9,0.0
2025-01-03T14:00:00+00:00,AWS-MUM-007,32.6,1011.3,33.0,False,,low,40.2,NORMAL,34.1,1010.4,22.0,HEALTHY,replay,67.0,0.0
2025-01-03T15:00:00+00:00,AWS-MUM-007,31.5,1010.8,38.0,False,,low,12.3,NORMAL,34.3,1009.7,22.0,HEALTHY,replay,20.5,0.0
2025-01-03T16:00:00+00:00,AWS-MUM-007,30.6,1010.5,41.0,False,,low,3.3,NORMAL,34.0,1009.3,21.0,HEALTHY,replay,5.5,0.0
2025-01-03T17:00:00+00:00,AWS-MUM-007,28.8,1010.6,48.0,False,,low,4.3,NORMAL,33.1,1009.2,25.0,HEALTHY,replay,7.2,0.0
2025-01-03T18:00:00+00:00,AWS-MUM-007,27.1,1011.1,62.0,False,,low,25.0,NORMAL,30.7,1009.7,27.0,HEALTHY,replay,41.7,0.0
2025-01-03T19:00:00+00:00,AWS-MUM-007,25.7,1011.7,67.0,False,,low,8.3,NORMAL,28.4,1010.8,38.0,HEALTHY,replay,13.9,0.0
2025-01-03T20:00:00+00:00,AWS-MUM-007,26.0,1012.2,55.0,False,,low,8.3,NORMAL,26.1,1011.4,52.0,HEALTHY,replay,13.8,0.0
2025-01-03T21:00:00+00:00,AWS-MUM-007,26.2,1012.4,46.0,False,,low,3.2,NORMAL,25.4,1011.6,54.0,HEALTHY,replay,5.3,0.0
2025-01-03T22:00:00+00:00,AWS-MUM-007,25.7,1012.5,47.0,False,,low,0.7,NORMAL,24.1,1011.8,55.0,HEALTHY,replay,1.1,0.0
2025-01-03T23:00:00+00:00,AWS-MUM-007,24.8,1012.2,50.0,False,,low,0.4,NORMAL,22.7,1011.5,60.0,HEALTHY,replay,0.7,0.0
2025-01-04T00:00:00+00:00,AWS-MUM-007,23.7,1011.9,53.0,False,,low,0.7,NORMAL,21.7,1011.1,63.0,HEALTHY,replay,1.2,0.0
2025-01-04T01:00:00+00:00,AWS-MUM-007,22.9,1011.5,55.0,False,,low,0.6,NORMAL,21.0,1010.8,63.0,HEALTHY,replay,1.0,0.0
2025-01-04T02:00:00+00:00,AWS-MUM-007,22.2,1011.2,59.0,False,,low,0.6,NORMAL,20.2,1010.5,66.0,HEALTHY,replay,1.0,0.0
2025-01-04T03:00:00+00:00,AWS-MUM-007,21.4,1010.8,62.0,False,,low,0.6,NORMAL,19.5,1010.0,69.0,HEALTHY,replay,0.9,0.0
2025-01-04T04:00:00+00:00,AWS-MUM-007,20.6,1011.0,64.0,False,,low,0.8,NORMAL,18.7,1010.3,72.0,HEALTHY,replay,1.4,0.0
2025-01-04T05:00:00+00:00,AWS-MUM-007,20.1,1011.2,63.0,False,,low,0.8,NORMAL,18.0,1010.5,70.0,HEALTHY,replay,1.3,0.0
2025-01-04T06:00:00+00:00,AWS-MUM-007,19.3,1012.0,62.0,False,,low,0.1,NORMAL,17.7,1011.5,72.0,HEALTHY,replay,0.2,0.0
2025-01-04T07:00:00+00:00,AWS-MUM-007,19.3,1012.6,62.0,False,,low,0.2,NORMAL,17.4,1012.1,71.0,HEALTHY,replay,0.3,0.0
2025-01-04T08:00:00+00:00,AWS-MUM-007,21.1,1013.1,54.0,False,,low,0.4,NORMAL,18.6,1012.7,68.0,HEALTHY,replay,0.6,0.0
2025-01-04T09:00:00+00:00,AWS-MUM-007,24.4,1013.8,44.0,False,,low,1.4,NORMAL,21.7,1013.3,55.0,HEALTHY,replay,2.4,0.0
2025-01-04T10:00:00+00:00,AWS-MUM-007,28.6,1013.8,29.0,False,,low,9.6,NORMAL,25.7,1013.2,40.0,HEALTHY,replay,16.0,0.0
2025-01-04T11:00:00+00:00,AWS-MUM-007,31.5,1013.1,21.0,False,,low,22.7,NORMAL,29.4,1012.4,27.0,HEALTHY,replay,37.8,0.0
2025-01-04T12:00:00+00:00,AWS-MUM-007,32.9,1011.9,16.0,False,,low,16.6,NORMAL,31.7,1011.2,21.0,HEALTHY,replay,27.7,0.0
2025-01-04T13:00:00+00:00,AWS-MUM-007,32.9,1010.8,18.0,False,,low,7.8,NORMAL,33.2,1009.9,19.0,HEALTHY,replay,13.0,0.0
2025-01-04T14:00:00+00:00,AWS-MUM-007,31.0,1010.2,33.0,False,,low,8.5,NORMAL,34.3,1008.9,17.0,HEALTHY,replay,14.2,0.0
2025-01-04T15:00:00+00:00,AWS-MUM-007,30.0,1009.7,32.0,False,,low,1.4,NORMAL,33.9,1008.2,17.0,HEALTHY,replay,2.3,0.0
2025-01-04T16:00:00+00:00,AWS-MUM-007,29.6,1009.6,32.0,False,,low,0.4,NORMAL,32.0,1008.3,25.0,HEALTHY,replay,0.7,0.0
2025-01-04T17:00:00+00:00,AWS-MUM-007,28.4,1010.0,39.0,False,,low,0.3,NORMAL,29.8,1008.7,27.0,HEALTHY,replay,0.5,0.0
2025-01-04T18:00:00+00:00,AWS-MUM-007,26.5,1010.7,54.0,False,,low,2.0,NORMAL,28.1,1009.5,41.0,HEALTHY,replay,3.3,0.0
2025-01-04T19:00:00+00:00,AWS-MUM-007,25.7,1011.4,60.0,False,,low,0.7,NORMAL,26.5,1010.5,48.0,HEALTHY,replay,1.2,0.0
2025-01-04T20:00:00+00:00,AWS-MUM-007,24.9,1012.1,63.0,False,,low,0.2,NORMAL,24.9,1011.4,56.0,HEALTHY,replay,0.4,0.0
2025-01-04T21:00:00+00:00,AWS-MUM-007,24.3,1012.5,58.0,False,,low,0.3,NORMAL,24.0,1011.7,58.0,HEALTHY,replay,0.6,0.0
2025-01-04T22:00:00+00:00,AWS-MUM-007,23.6,1012.6,57.0,False,,low,0.1,NORMAL,23.0,1011.8,62.0,HEALTHY,replay,0.2,0.0
2025-01-04T23:00:00+00:00,AWS-MUM-007,23.4,1012.3,57.0,False,,low,0.1,NORMAL,22.5,1011.3,68.0,HEALTHY,replay,0.2,0.0
2025-01-05T00:00:00+00:00,AWS-MUM-007,22.7,1011.9,61.0,False,,low,0.1,NORMAL,21.2,1011.0,78.0,HEALTHY,replay,0.2,0.0
2025-01-05T01:00:00+00:00,AWS-MUM-007,22.3,1011.3,65.0,False,,low,0.2,NORMAL,20.4,1010.5,85.0,HEALTHY,replay,0.3,0.0
2025-01-05T02:00:00+00:00,AWS-MUM-007,22.0,1011.0,67.0,False,,low,0.1,NORMAL,19.7,1010.2,87.0,HEALTHY,replay,0.2,0.0
2025-01-05T03:00:00+00:00,AWS-MUM-007,21.6,1010.5,69.0,False,,low,0.2,NORMAL,19.0,1009.7,85.0,HEALTHY,replay,0.3,0.0
2025-01-05T04:00:00+00:00,AWS-MUM-007,21.6,1010.6,71.0,False,,low,0.1,NORMAL,18.7,1009.9,81.0,HEALTHY,replay,0.2,0.0
2025-01-05T05:00:00+00:00,AWS-MUM-007,21.3,1010.9,73.0,False,,low,0.1,NORMAL,18.4,1010.2,80.0,HEALTHY,replay,0.2,0.0
2025-01-05T06:00:00+00:00,AWS-MUM-007,21.5,1011.4,72.0,False,,low,0.5,NORMAL,19.3,1010.7,73.0,HEALTHY,replay,0.8,0.0
2025-01-05T07:00:00+00:00,AWS-MUM-007,21.3,1012.3,73.0,False,,low,0.3,NORMAL,19.2,1011.4,75.0,HEALTHY,replay,0.5,0.0
2025-01-05T08:00:00+00:00,AWS-MUM-007,22.4,1013.0,65.0,False,,low,0.6,NORMAL,20.4,1012.4,70.0,HEALTHY,replay,0.9,0.0
2025-01-05T09:00:00+00:00,AWS-MUM-007,24.4,1013.6,50.0,False,,low,3.0,NORMAL,23.0,1012.8,62.0,HEALTHY,replay,4.9,0.0
2025-01-05T10:00:00+00:00,AWS-MUM-007,26.3,1013.7,43.0,False,,low,3.4,NORMAL,25.7,1012.8,49.0,HEALTHY,replay,5.7,0.0
2025-01-05T11:00:00+00:00,AWS-MUM-007,26.9,1013.1,41.0,False,,low,2.0,NORMAL,28.1,1012.0,41.0,HEALTHY,replay,3.4,0.0
2025-01-05T12:00:00+00:00,AWS-MUM-007,28.4,1012.1,39.0,False,,low,2.9,NORMAL,29.8,1011.0,35.0,HEALTHY,replay,4.9,0.0
2025-01-05T13:00:00+00:00,AWS-MUM-007,29.1,1012.1326458922416,41.0,False,,low,2.2,NORMAL,31.6,1009.7,29.0,HEALTHY,replay,3.6,0.0
2025-01-05T14:00:00+00:00,AWS-MUM-007,29.2,1012.1103070232672,47.0,False,,low,2.3,NORMAL,31.9,1008.7,28.0,HEALTHY,replay,3.8,0.0
2025-01-05T15:00:00+00:00,AWS-MUM-007,27.8,1012.057227521816,58.0,False,,low,6.4,NORMAL,32.3,1008.2,29.0,HEALTHY,replay,10.7,0.0
2025-01-05T16:00:00+00:00,AWS-MUM-007,26.6,1012.0734155067702,65.0,False,,low,6.0,NORMAL,30.9,1008.1,36.0,HEALTHY,replay,10.0,0.0
2025-01-05T17:00:00+00:00,AWS-MUM-007,25.4,1012.1076981257966,67.0,False,,low,3.3,NORMAL,28.8,1008.5,51.0,HEALTHY,replay,5.5,0.0
2025-01-05T18:00:00+00:00,AWS-MUM-007,24.8,1012.1214162441258,72.0,False,,low,1.5,NORMAL,26.7,1009.4,61.0,HEALTHY,replay,2.5,0.0
2025-01-05T19:00:00+00:00,AWS-MUM-007,24.5,1011.5,75.0,False,,low,1.2,NORMAL,25.7,1010.6,63.0,HEALTHY,replay,2.0,0.0
2025-01-05T20:00:00+00:00,AWS-MUM-007,24.3,1012.3,76.0,False,,low,1.0,NORMAL,24.8,1011.3,67.0,HEALTHY,replay,1.6,0.0
2025-01-05T21:00:00+00:00,AWS-MUM-007,24.3,1013.0,71.0,False,,low,0.9,NORMAL,24.4,1012.0,67.0,HEALTHY,replay,1.5,0.0
2025-01-05T22:00:00+00:00,AWS-MUM-007,24.2,1013.0,65.0,False,,low,0.8,NORMAL,24.1,1012.1,65.0,HEALTHY,replay,1.3,0.0
2025-01-05T23:00:00+00:00,AWS-MUM-007,23.6,1012.7,66.0,False,,low,0.3,NORMAL,23.8,1011.7,62.0,HEALTHY,replay,0.6,0.0
2025-01-06T00:00:00+00:00,AWS-MUM-007,22.7,1012.3,72.0,False,,low,0.4,NORMAL,23.0,1011.3,64.0,HEALTHY,replay,0.7,0.0
2025-01-06T01:00:00+00:00,AWS-MUM-007,22.1,1011.9,78.0,False,,low,0.5,NORMAL,21.5,1011.0,69.0,HEALTHY,replay,0.8,0.0
2025-01-06T02:00:00+00:00,AWS-MUM-007,21.8,1011.5,82.0,False,,low,0.5,NORMAL,20.7,1010.6,73.0,HEALTHY,replay,0.9,0.0
2025-01-06T03:00:00+00:00,AWS-MUM-007,21.5,1011.1,80.0,False,,low,0.3,NORMAL,20.0,1010.3,76.0,HEALTHY,replay,0.6,0.0
2025-01-06T04:00:00+00:00,AWS-MUM-007,21.2,1011.0,76.0,False,,low,0.3,NORMAL,19.5,1010.2,78.0,HEALTHY,replay,0.6,0.0
2025-01-06T05:00:00+00:00,AWS-MUM-007,21.1,1011.2,69.0,False,,low,1.0,NORMAL,19.1,1010.4,77.0,HEALTHY,replay,1.7,0.0
2025-01-06T06:00:00+00:00,AWS-MUM-007,20.4,1011.9,65.0,False,,low,0.6,NORMAL,18.3,1011.2,80.0,HEALTHY,replay,1.0,0.0
2025-01-06T07:00:00+00:00,AWS-MUM-007,20.0,1012.6,66.0,False,,low,0.3,NORMAL,18.3,1011.8,80.0,HEALTHY,replay,0.6,0.0
2025-01-06T08:00:00+00:00,AWS-MUM-007,21.0,1013.4,63.0,False,,low,0.5,NORMAL,19.8,1012.7,74.0,HEALTHY,replay,0.8,0.0
2025-01-06T09:00:00+00:00,AWS-MUM-007,22.8,1014.1,56.0,False,,low,1.8,NORMAL,22.5,1013.4,61.0,HEALTHY,replay,3.1,0.0
2025-01-06T10:00:00+00:00,AWS-MUM-007,25.1,1014.2,48.0,False,,low,1.6,NORMAL,25.2,1013.3,51.0,HEALTHY,replay,2.7,0.0
2025-01-06T11:00:00+00:00,AWS-MUM-007,27.3,1013.5,41.0,False,,low,2.2,NORMAL,27.8,1012.6,42.0,HEALTHY,replay,3.6,0.0
2025-01-06T12:00:00+00:00,AWS-MUM-007,29.0,1012.4,35.0,False,,low,2.9,NORMAL,29.6,1011.5,35.0,HEALTHY,replay,4.8,0.0
2025-01-06T13:00:00+00:00,AWS-MUM-007,29.9,1011.2,32.0,False,,low,5.0,NORMAL,30.7,1010.2,31.0,HEALTHY,replay,8.3,0.0
2025-01-06T14:00:00+00:00,AWS-MUM-007,29.8,1010.4,34.0,False,,low,3.6,NORMAL,31.2,1009.4,29.0,WARNING,replay,6.0,0.0
2025-01-06T15:00:00+00:00,AWS-MUM-007,28.8,1009.8,41.0,False,,low,2.0,NORMAL,31.1,1008.8,28.0,WARNING,replay,3.3,0.0
2025-01-06T16:00:00+00:00,AWS-MUM-007,27.4,1009.8,51.0,False,,low,2.2,NORMAL,30.4,1008.7,29.0,HEALTHY,replay,3.6,0.0
2025-01-06T17:00:00+00:00,AWS-MUM-007,26.0,1010.1,58.0,False,,low,1.0,NORMAL,29.0,1009.0,34.0,HEALTHY,replay,1.7,0.0
2025-01-06T18:00:00+00:00,AWS-MUM-007,24.2,1010.6,67.0,False,,low,1.6,NORMAL,27.1,1009.5,41.0,HEALTHY,replay,2.7,0.0
2025-01-06T19:00:00+00:00,AWS-MUM-007,23.5,1011.5,64.0,False,,low,0.5,NORMAL,25.2,1010.5,49.0,HEALTHY,replay,0.8,0.0
2025-01-06T20:00:00+00:00,AWS-MUM-007,23.0,1012.5,61.0,False,,low,0.5,NORMAL,23.7,1011.6,54.0,HEALTHY,replay,0.9,0.0
2025-01-06T21:00:00+00:00,AWS-MUM-007,22.5,1013.0,59.0,False,,low,0.4,NORMAL,22.6,1012.1,59.0,HEALTHY,replay,0.6,0.0
2025-01-06T22:00:00+00:00,AWS-MUM-007,21.8,1013.4,60.0,False,,low,0.3,NORMAL,21.6,1012.4,62.0,HEALTHY,replay,0.4,0.0
2025-01-06T23:00:00+00:00,AWS-MUM-007,21.3,1013.1,59.0,False,,low,0.3,NORMAL,21.0,1012.1,62.0,HEALTHY,replay,0.5,0.0
2025-01-07T00:00:00+00:00,AWS-MUM-007,20.9,1012.7,56.0,False,,low,0.3,NORMAL,20.4,1011.7,60.0,HEALTHY,replay,0.5,0.0
2025-01-07T01:00:00+00:00,AWS-MUM-007,20.6,1012.3,54.0,False,,low,0.3,NORMAL,20.0,1011.4,61.0,HEALTHY,replay,0.6,0.0
2025-01-07T02:00:00+00:00,AWS-MUM-007,20.2,1011.9,54.0,False,,low,0.2,NORMAL,19.5,1011.0,64.0,HEALTHY,replay,0.4,0.0
2025-01-07T03:00:00+00:00,AWS-MUM-007,19.9,1011.8,54.0,False,,low,0.2,NORMAL,18.9,1011.0,67.0,HEALTHY,replay,0.4,0.0
2025-01-07T04:00:00+00:00,AWS-MUM-007,19.6,1011.6,56.0,False,,low,0.3,NORMAL,18.2,1010.8,66.0,HEALTHY,replay,0.4,0.0
2025-01-07T05:00:00+00:00,AWS-MUM-007,19.3,1011.9,57.0,False,,low,0.3,NORMAL,17.7,1011.1,70.0,HEALTHY,replay,0.5,0.0
2025-01-07T06:00:00+00:00,AWS-MUM-007,18.7,1012.5,64.0,False,,low,0.3,NORMAL,17.3,1011.8,76.0,HEALTHY,replay,0.5,0.0
2025-01-07T07:00:00+00:00,AWS-MUM-007,18.5,1013.1,66.0,False,,low,0.2,NORMAL,17.1,1012.4,79.0,HEALTHY,replay,0.4,0.0
2025-01-07T08:00:00+00:00,AWS-MUM-007,19.7,1013.9,62.0,False,,low,0.3,NORMAL,18.6,1013.2,75.0,HEALTHY,replay,0.6,0.0
2025-01-07T09:00:00+00:00,AWS-MUM-007,22.3,1014.3,55.0,False,,low,0.5,NORMAL,21.7,1013.6,61.0,HEALTHY,replay,0.9,0.0
2025-01-07T10:00:00+00:00,AWS-MUM-007,25.4,1014.2,48.0,False,,low,0.8,NORMAL,25.3,1013.4,50.0,HEALTHY,replay,1.3,0.0
2025-01-07T11:00:00+00:00,AWS-MUM-007,28.2,1013.5,41.0,False,,low,1.9,NORMAL,28.5,1012.6,41.0,HEALTHY,replay,3.1,0.0
2025-01-07T12:00:00+00:00,AWS-MUM-007,30.3,1012.1,35.0,False,,low,8.1,NORMAL,30.7,1011.2,34.0,HEALTHY,replay,13.5,0.0
2025-01-07T13:00:00+00:00,AWS-MUM-007,31.4,1010.6,32.0,False,,low,9.9,NORMAL,32.1,1009.6,29.0,HEALTHY,replay,16.5,0.0
2025-01-07T14:00:00+00:00,AWS-MUM-007,31.4,1009.6,34.0,False,,low,9.5,NORMAL,32.9,1008.5,26.0,HEALTHY,replay,15.8,0.0
2025-01-07T15:00:00+00:00,AWS-MUM-007,30.1,1009.1,45.0,False,,low,3.8,NORMAL,33.1,1007.9,24.0,HEALTHY,replay,6.3,0.0
2025-01-07T16:00:00+00:00,AWS-MUM-007,29.0,1008.9,53.0,False,,low,2.8,NORMAL,32.9,1007.7,23.0,HEALTHY,replay,4.6,0.0
2025-01-07T17:00:00+00:00,AWS-MUM-007,27.4,1009.0,66.0,False,,low,3.2,NORMAL,31.9,1007.8,26.0,HEALTHY,replay,5.3,0.0
2025-01-07T18:00:00+00:00,AWS-MUM-007,26.6,1009.6,73.0,False,,low,1.6,NORMAL,29.8,1008.5,32.0,HEALTHY,replay,2.7,0.0
2025-01-07T19:00:00+00:00,AWS-MUM-007,26.1,1010.3,64.0,False,,low,2.5,NORMAL,28.5,1009.3,34.0,HEALTHY,replay,4.2,0.0
2025-01-07T20:00:00+00:00,AWS-MUM-007,26.1,1011.1,53.0,False,,low,3.5,NORMAL,26.2,1010.3,43.0,HEALTHY,replay,5.9,0.0
2025-01-07T21:00:00+00:00,AWS-MUM-007,25.6,1011.4,47.0,False,,low,1.6,NORMAL,24.8,1010.8,51.0,HEALTHY,replay,2.7,0.0
2025-01-07T22:00:00+00:00,AWS-MUM-007,25.0,1011.3,49.0,False,,low,0.3,NORMAL,24.0,1010.7,54.0,HEALTHY,replay,0.6,0.0
2025-01-07T23:00:00+00:00,AWS-MUM-007,24.5,1011.2,51.0,False,,low,0.3,NORMAL,23.4,1010.6,58.0,HEALTHY,replay,0.5,0.0
2025-01-08T00:00:00+00:00,AWS-MUM-007,24.1,1011.1,53.0,False,,low,0.3,NORMAL,22.8,1010.5,61.0,HEALTHY,replay,0.5,0.0
2025-01-08T01:00:00+00:00,AWS-MUM-007,23.6,1010.8,56.0,False,,low,0.4,NORMAL,22.2,1010.2,64.0,HEALTHY,replay,0.7,0.0
2025-01-08T02:00:00+00:00,AWS-MUM-007,23.0,1010.1,58.0,False,,low,0.2,NORMAL,21.6,1009.5,66.0,HEALTHY,replay,0.4,0.0
2025-01-08T03:00:00+00:00,AWS-MUM-007,22.3,1009.8,61.0,False,,low,0.2,NORMAL,21.0,1009.2,69.0,HEALTHY,replay,0.3,0.0
2025-01-08T04:00:00+00:00,AWS-MUM-007,21.7,1009.6,63.0,False,,low,0.1,NORMAL,20.4,1009.1,71.0,HEALTHY,replay,0.2,0.0
2025-01-08T05:00:00+00:00,AWS-MUM-007,21.2,1010.0,65.0,False,,low,0.1,NORMAL,19.9,1009.5,73.0,HEALTHY,replay,0.2,0.0
2025-01-08T06:00:00+00:00,AWS-MUM-007,20.5,1011.0,68.0,False,,low,0.1,NORMAL,19.4,1010.4,75.0,HEALTHY,replay,0.2,0.0
2025-01-08T07:00:00+00:00,AWS-MUM-007,20.0,1011.9,70.0,False,,low,0.2,NORMAL,19.1,1011.3,76.0,HEALTHY,replay,0.3,0.0
2025-01-08T08:00:00+00:00,AWS-MUM-007,20.9,1013.1,67.0,False,,low,0.5,NORMAL,20.3,1012.4,70.0,HEALTHY,replay,0.8,0.0
2025-01-08T09:00:00+00:00,AWS-MUM-007,23.3,1013.8,58.0,False,,low,0.7,NORMAL,23.1,1013.1,59.0,HEALTHY,replay,1.2,0.0
2025-01-08T10:00:00+00:00,AWS-MUM-007,26.4,1013.9,47.0,False,,low,0.9,NORMAL,26.6,1013.0,47.0,HEALTHY,replay,1.4,0.0
2025-01-08T11:00:00+00:00,AWS-MUM-007,29.0,1013.2,39.0,False,,low,1.4,NORMAL,29.5,1012.2,38.0,HEALTHY,replay,2.3,0.0
2025-01-08T12:00:00+00:00,AWS-MUM-007,30.4,1012.0,36.0,False,,low,1.0,NORMAL,31.7,1010.9,31.0,HEALTHY,replay,1.7,0.0
2025-01-08T13:00:00+00:00,AWS-MUM-007,30.6,1010.9,38.0,False,,low,1.4,NORMAL,32.9,1009.7,25.0,HEALTHY,replay,2.4,0.0
2025-01-08T14:00:00+00:00,AWS-MUM-007,30.0,1010.1,43.0,False,,low,2.1,NORMAL,33.3,1008.7,24.0,HEALTHY,replay,3.4,0.0
2025-01-08T15:00:00+00:00,AWS-MUM-007,29.3,1009.6,45.0,False,,low,0.4,NORMAL,33.2,1008.1,26.0,HEALTHY,replay,0.7,0.0
2025-01-08T16:00:00+00:00,AWS-MUM-007,28.4,1009.4,46.0,False,,low,0.4,NORMAL,31.9,1007.9,31.0,HEALTHY,replay,0.6,0.0
2025-01-08T17:00:00+00:00,AWS-MUM-007,27.2,1009.6,49.0,False,,low,0.2,NORMAL,30.1,1008.2,38.0,HEALTHY,replay,0.3,0.0
2025-01-08T18:00:00+00:00,AWS-MUM-007,25.8,1009.9,61.0,False,,low,0.8,NORMAL,28.6,1008.8,46.0,HEALTHY,replay,1.3,0.0
2025-01-08T19:00:00+00:00,AWS-MUM-007,25.2,1010.7,64.0,False,,low,0.2,NORMAL,27.6,1009.7,50.0,HEALTHY,replay,0.3,0.0
2025-01-08T20:00:00+00:00,AWS-MUM-007,25.1,1011.4,60.0,False,,low,0.1,NORMAL,26.2,1010.5,53.0,HEALTHY,replay,0.2,0.0
2025-01-08T21:00:00+00:00,AWS-MUM-007,25.2,1011.7,53.0,False,,low,0.3,NORMAL,25.6,1010.8,50.0,HEALTHY,replay,0.5,0.0
2025-01-08T22:00:00+00:00,AWS-MUM-007,25.3,1011.8,47.0,False,,low,0.4,NORMAL,24.8,1011.0,47.0,HEALTHY,replay,0.7,0.0
2025-01-08T23:00:00+00:00,AWS-MUM-007,25.1,1011.6,43.0,False,,low,0.3,NORMAL,23.8,1010.9,49.0,HEALTHY,replay,0.5,0.0
2025-01-09T00:00:00+00:00,AWS-MUM-007,24.2,1011.3,44.0,False,,low,0.3,NORMAL,22.5,1010.7,54.0,HEALTHY,replay,0.5,0.0
2025-01-09T01:00:00+00:00,AWS-MUM-007,23.2,1011.0,48.0,False,,low,0.2,NORMAL,21.4,1010.4,59.0,HEALTHY,replay,0.3,0.0
2025-01-09T02:00:00+00:00,AWS-MUM-007,22.4,1010.6,52.0,False,,low,0.1,NORMAL,20.5,1010.1,63.0,HEALTHY,replay,0.2,0.0
2025-01-09T03:00:00+00:00,AWS-MUM-007,21.8,1010.3,54.0,False,,low,0.1,NORMAL,19.8,1009.8,65.0,HEALTHY,replay,0.1,0.0
2025-01-09T04:00:00+00:00,AWS-MUM-007,21.4,1010.2,55.0,False,,low,0.1,NORMAL,19.4,1009.7,68.0,HEALTHY,replay,0.1,0.0
2025-01-09T05:00:00+00:00,AWS-MUM-007,20.9,1010.5,56.0,False,,low,0.1,NORMAL,19.2,1010.0,69.0,HEALTHY,replay,0.1,0.0
2025-01-09T06:00:00+00:00,AWS-MUM-007,20.6,1011.5,58.0,False,,low,0.1,NORMAL,18.9,1011.1,69.0,HEALTHY,replay,0.1,0.0
2025-01-09T07:00:00+00:00,AWS-MUM-007,20.4,1012.2,58.0,False,,low,0.1,NORMAL,18.9,1011.7,65.0,HEALTHY,replay,0.2,0.0
2025-01-09T08:00:00+00:00,AWS-MUM-007,21.5,1013.0,54.0,False,,low,0.2,NORMAL,20.4,1012.5,59.0,HEALTHY,replay,0.3,0.0
2025-01-09T09:00:00+00:00,AWS-MUM-007,24.2,1013.7,46.0,False,,low,0.9,NORMAL,23.5,1013.0,49.0,HEALTHY,replay,1.5,0.0
2025-01-09T10:00:00+00:00,AWS-MUM-007,27.3,1013.6,35.0,False,,low,3.7,NORMAL,27.2,1013.0,37.0,HEALTHY,replay,6.1,0.0
2025-01-09T11:00:00+00:00,AWS-MUM-007,29.7,1013.0,31.0,False,,low,2.2,NORMAL,29.9,1012.2,30.0,HEALTHY,replay,3.7,0.0
2025-01-09T12:00:00+00:00,AWS-MUM-007,31.5,1011.8,27.0,False,,low,2.4,NORMAL,31.8,1010.9,26.0,HEALTHY,replay,4.0,0.0
2025-01-09T13:00:00+00:00,AWS-MUM-007,32.0,1010.8,25.0,False,,low,1.7,NORMAL,32.6,1009.8,23.0,HEALTHY,replay,2.8,0.0
2025-01-09T14:00:00+00:00,AWS-MUM-007,32.0,1009.8,26.0,False,,low,3.8,NORMAL,32.9,1008.7,23.0,HEALTHY,replay,6.3,0.0
2025-01-09T15:00:00+00:00,AWS-MUM-007,31.4,1009.2,29.0,False,,low,1.1,NORMAL,32.9,1008.1,23.0,HEALTHY,replay,1.8,0.0
2025-01-09T16:00:00+00:00,AWS-MUM-007,30.1,1009.3,35.0,False,,low,0.5,NORMAL,32.8,1008.0,23.0,HEALTHY,replay,0.8,0.0
2025-01-09T17:00:00+00:00,AWS-MUM-007,28.5,1009.8,39.0,False,,low,0.2,NORMAL,31.6,1008.5,26.0,HEALTHY,replay,0.4,0.0
2025-01-09T18:00:00+00:00,AWS-MUM-007,26.8,1011.0,51.0,False,,low,1.2,NORMAL,29.3,1009.7,34.0,HEALTHY,replay,2.0,0.0
2025-01-09T19:00:00+00:00,AWS-MUM-007,25.6,1011.9,59.0,False,,low,0.8,NORMAL,27.5,1010.6,39.0,HEALTHY,replay,1.3,0.0
2025-01-09T20:00:00+00:00,AWS-MUM-007,25.1,1012.7,59.0,False,,low,0.4,NORMAL,25.5,1011.8,51.0,HEALTHY,replay,0.7,0.0
2025-01-09T21:00:00+00:00,AWS-MUM-007,25.1,1013.5,53.0,False,,low,0.4,NORMAL,24.3,1012.8,53.0,HEALTHY,replay,0.7,0.0
2025-01-09T22:00:00+00:00,AWS-MUM-007,24.4,1014.0,54.0,False,,low,0.3,NORMAL,23.4,1013.3,55.0,HEALTHY,replay,0.5,0.0
2025-01-09T23:00:00+00:00,AWS-MUM-007,23.5,1013.8,56.0,False,,low,0.2,NORMAL,22.3,1012.9,61.0,HEALTHY,replay,0.3,0.0
2025-01-10T00:00:00+00:00,AWS-MUM-007,23.547613368590365,1013.0,56.0,False,,low,0.2,NORMAL,21.7,1012.2,64.0,HEALTHY,replay,0.3,0.0
2025-01-10T01:00:00+00:00,AWS-MUM-007,23.51287355969195,1012.4,56.0,False,,low,0.1,NORMAL,21.1,1011.7,66.0,HEALTHY,replay,0.2,0.0
2025-01-10T02:00:00+00:00,AWS-MUM-007,23.53377004684177,1011.9,57.0,False,,low,0.1,NORMAL,20.4,1011.2,68.0,HEALTHY,replay,0.2,0.0
2025-01-10T03:00:00+00:00,AWS-MUM-007,23.556195561951814,1011.4,58.0,False,,low,0.1,NORMAL,19.7,1010.8,69.0,HEALTHY,replay,0.2,0.0
2025-01-10T04:00:00+00:00,AWS-MUM-007,23.45775519043909,1011.4,61.0,False,,low,0.1,NORMAL,19.1,1010.8,72.0,HEALTHY,replay,0.2,0.0
2025-01-10T05:00:00+00:00,AWS-MUM-007,23.445573820586898,1011.6,63.0,False,,low,0.3,NORMAL,18.6,1011.0,73.0,HEALTHY,replay,0.4,0.0
2025-01-10T06:00:00+00:00,AWS-MUM-007,23.505718107167432,1012.8,56.0,False,,low,0.4,NORMAL,18.4,1012.2,73.0,OFFLINE,replay,0.7,0.0
2025-01-10T07:00:00+00:00,AWS-MUM-007,20.5,1013.4,57.0,False,multivariate_inconsistency,low,18.7,NORMAL,18.2,1012.8,72.0,OFFLINE,replay,1.1,45.0
2025-01-10T08:00:00+00:00,AWS-MUM-007,21.6,1013.391109611146,54.0,False,,low,1.2,NORMAL,19.9,1013.7,66.0,OFFLINE,replay,2.0,0.0
2025-01-10T09:00:00+00:00,AWS-MUM-007,24.3,1013.4122502553917,47.0,False,,low,6.7,NORMAL,23.3,1014.3,51.0,OFFLINE,replay,11.1,0.0
2025-01-10T10:00:00+00:00,AWS-MUM-007,27.2,1013.400151852649,38.0,False,,low,31.0,NORMAL,27.0,1014.4,39.0,HEALTHY,replay,51.7,0.0
2025-01-10T11:00:00+00:00,AWS-MUM-007,29.4,1013.3634013774218,33.0,False,,low,16.8,NORMAL,29.6,1013.9,33.0,OFFLINE,replay,28.0,0.0
2025-01-10T12:00:00+00:00,AWS-MUM-007,30.8,1013.3235936271092,29.0,False,,low,30.0,NORMAL,31.5,1012.6,30.0,OFFLINE,replay,50.1,0.0
2025-01-10T13:00:00+00:00,AWS-MUM-007,31.3,1013.3578408811312,28.0,False,,low,39.2,NORMAL,32.6,1011.4,26.0,OFFLINE,replay,65.3,0.0
2025-01-10T14:00:00+00:00,AWS-MUM-007,31.1,1013.3150318833566,29.0,False,,low,36.1,NORMAL,32.9,1010.4,25.0,OFFLINE,replay,60.2,0.0
2025-01-10T15:00:00+00:00,AWS-MUM-007,30.4,1011.5,32.0,False,,low,31.9,NORMAL,32.6,1009.9,26.0,OFFLINE,replay,53.2,0.0
2025-01-10T16:00:00+00:00,AWS-MUM-007,29.5,1011.3,34.0,False,,low,32.3,NORMAL,31.4,1009.8,28.0,OFFLINE,replay,53.8,0.0
2025-01-10T17:00:00+00:00,AWS-MUM-007,28.1,1011.5,38.0,False,,low,34.8,NORMAL,29.7,1010.2,31.0,OFFLINE,replay,58.0,0.0
2025-01-10T18:00:00+00:00,AWS-MUM-007,26.3,1011.8,54.0,False,,low,24.5,NORMAL,27.6,1010.7,41.0,OFFLINE,replay,40.8,0.0
2025-01-10T19:00:00+00:00,AWS-MUM-007,25.7,1012.6,62.0,True,multivariate_inconsistency,low,45.8,FUSED_CONSENSUS,26.4,1011.5,48.0,HEALTHY,replay,46.4,45.0
2025-01-10T20:00:00+00:00,AWS-MUM-007,25.3,1013.3,66.0,False,multivariate_inconsistency,low,44.1,NORMAL,25.4,1012.3,60.0,OFFLINE,replay,43.5,45.0
2025-01-10T21:00:00+00:00,AWS-MUM-007,24.7,1014.0,71.0,False,multivariate_inconsistency,low,39.9,NORMAL,24.7,1013.3,61.0,OFFLINE,replay,36.6,45.0
2025-01-10T22:00:00+00:00,AWS-MUM-007,24.0,1014.3,72.0,True,multivariate_inconsistency,low,46.8,FUSED_CONSENSUS,23.9,1013.7,60.0,OFFLINE,replay,48.0,45.0
2025-01-10T23:00:00+00:00,AWS-MUM-007,23.5,1014.2,69.0,False,multivariate_inconsistency,low,35.6,NORMAL,23.2,1013.4,62.0,OFFLINE,replay,29.3,45.0
2025-01-11T00:00:00+00:00,AWS-MUM-007,22.8,1013.7,70.0,False,multivariate_inconsistency,low,28.3,NORMAL,22.3,1012.9,66.0,OFFLINE,replay,17.2,45.0
2025-01-11T01:00:00+00:00,AWS-MUM-007,22.2,1013.3,70.0,False,multivariate_inconsistency,low,24.3,NORMAL,21.6,1012.6,65.0,OFFLINE,replay,10.5,45.1
2025-01-11T02:00:00+00:00,AWS-MUM-007,21.8,1012.8,69.0,False,,low,5.2,NORMAL,20.9,1012.0,69.0,OFFLINE,replay,8.6,0.0
2025-01-11T03:00:00+00:00,AWS-MUM-007,21.4,1012.3,68.0,False,,low,5.8,NORMAL,20.2,1011.5,73.0,OFFLINE,replay,9.6,0.0
2025-01-11T04:00:00+00:00,AWS-MUM-007,20.9,1012.3,69.0,False,,low,5.2,NORMAL,19.8,1011.6,76.0,WARNING,replay,8.6,0.0
2025-01-11T05:00:00+00:00,AWS-MUM-007,20.5,1012.5,70.0,False,,low,0.7,NORMAL,19.4,1011.8,75.0,OFFLINE,replay,1.2,0.0
2025-01-11T06:00:00+00:00,AWS-MUM-007,20.8,1013.4,71.0,False,,low,0.5,NORMAL,19.3,1012.6,80.0,OFFLINE,replay,0.9,0.0
2025-01-11T07:00:00+00:00,AWS-MUM-007,20.7,1013.9,72.0,False,,low,2.9,NORMAL,18.9,1013.2,85.0,OFFLINE,replay,4.9,0.0
2025-01-11T08:00:00+00:00,AWS-MUM-007,22.2,1014.9,67.0,False,,low,2.8,NORMAL,20.5,1014.2,74.0,WARNING,replay,4.7,0.0
2025-01-11T09:00:00+00:00,AWS-MUM-007,24.3,1015.5,60.0,False,,low,2.0,NORMAL,23.6,1014.7,59.0,WARNING,replay,3.3,0.0
2025-01-11T10:00:00+00:00,AWS-MUM-007,43.08200546764337,1015.6,49.0,True,spike,critical,94.2,MODEL_OVERRIDE,26.4,1014.8,49.0,WARNING,replay,98.8,87.3
2025-01-11T11:00:00+00:00,AWS-MUM-007,33.91591073110636,1014.9,43.0,True,unstructured_anomaly,critical,90.4,ML_MODEL_ISOLATION,28.4,1014.0,41.0,WARNING,replay,90.4,0.0
2025-01-11T12:00:00+00:00,AWS-MUM-007,30.782557592039208,1013.6,44.0,False,,low,24.7,NORMAL,30.0,1012.6,35.0,WARNING,replay,41.2,0.0
2025-01-11T13:00:00+00:00,AWS-MUM-007,29.091826517294734,1012.6,50.0,False,,low,2.5,NORMAL,30.9,1011.4,32.0,WARNING,replay,4.2,0.0
2025-01-11T14:00:00+00:00,AWS-MUM-007,28.287272709676955,1011.6,49.0,False,,low,5.0,NORMAL,31.4,1010.2,32.0,WARNING,replay,8.4,0.0
2025-01-11T15:00:00+00:00,AWS-MUM-007,27.6,1011.1,46.0,False,,low,2.7,NORMAL,31.1,1009.6,37.0,WARNING,replay,4.4,0.0
2025-01-11T16:00:00+00:00,AWS-MUM-007,27.1,1011.3,46.0,False,,low,2.4,NORMAL,30.0,1009.7,39.0,WARNING,replay,4.0,0.0
2025-01-11T17:00:00+00:00,AWS-MUM-007,25.9,1011.5,52.0,False,,low,2.4,NORMAL,28.5,1010.2,41.0,WARNING,replay,4.0,0.0
2025-01-11T18:00:00+00:00,AWS-MUM-007,24.4,1012.3,68.0,False,,low,20.2,NORMAL,26.6,1011.1,46.0,WARNING,replay,33.7,0.0
2025-01-11T19:00:00+00:00,AWS-MUM-007,23.7,1012.9,76.0,False,,low,11.6,NORMAL,25.4,1011.7,53.0,WARNING,replay,19.3,0.0
2025-01-11T20:00:00+00:00,AWS-MUM-007,23.4,1013.8,77.0,False,,low,4.3,NORMAL,24.5,1012.7,59.0,WARNING,replay,7.1,0.0
2025-01-11T21:00:00+00:00,AWS-MUM-007,23.1,1014.4,77.0,False,,low,2.3,NORMAL,23.8,1013.5,62.0,WARNING,replay,3.8,0.0
2025-01-11T22:00:00+00:00,AWS-MUM-007,22.9,1014.7,75.0,False,,low,1.3,NORMAL,22.9,1013.9,64.0,HEALTHY,replay,2.2,0.0
2025-01-11T23:00:00+00:00,AWS-MUM-007,41.346652037413705,1014.6,78.0,True,spike,high,85.7,FUSED_CONSENSUS,22.1,1013.9,69.0,HEALTHY,replay,82.9,89.9
2025-01-12T00:00:00+00:00,AWS-MUM-007,30.086851780468024,1014.3,80.0,True,multivariate_inconsistency,low,53.3,FUSED_CONSENSUS,21.4,1013.5,72.0,HEALTHY,replay,53.9,52.3
2025-01-12T01:00:00+00:00,AWS-MUM-007,24.85631026361063,1014.0,79.0,False,,low,2.1,NORMAL,20.6,1013.2,76.0,HEALTHY,replay,3.5,0.0
2025-01-12T02:00:00+00:00,AWS-MUM-007,20.7,1013.4,77.0,False,multivariate_inconsistency,low,22.1,NORMAL,19.7,1012.5,83.0,WARNING,replay,6.8,45.0
2025-01-12T03:00:00+00:00,AWS-MUM-007,20.6,1013.0,76.0,False,,low,0.7,NORMAL,19.2,1012.1,85.0,WARNING,replay,1.1,0.0
2025-01-12T04:00:00+00:00,AWS-MUM-007,20.8,1012.9,76.0,False,,low,0.3,NORMAL,19.2,1012.2,83.0,WARNING,replay,0.4,0.0
2025-01-12T05:00:00+00:00,AWS-MUM-007,20.9,1013.4,75.0,False,,low,0.2,NORMAL,18.9,1012.6,84.0,WARNING,replay,0.3,0.0
2025-01-12T06:00:00+00:00,AWS-MUM-007,20.8,1014.0,79.0,False,,low,0.4,NORMAL,18.6,1013.1,86.0,OFFLINE,replay,0.7,0.0
2025-01-12T07:00:00+00:00,AWS-MUM-007,20.8,1014.6,76.0,False,,low,0.5,NORMAL,18.7,1013.9,84.0,OFFLINE,replay,0.8,0.0
2025-01-12T08:00:00+00:00,AWS-MUM-007,21.6,1015.3,69.0,False,,low,1.7,NORMAL,20.3,1014.7,74.0,OFFLINE,replay,2.9,0.0
2025-01-12T09:00:00+00:00,AWS-MUM-007,23.4,1015.7,58.0,False,,low,3.0,NORMAL,22.7,1015.0,60.0,OFFLINE,replay,4.9,0.0
2025-01-12T10:00:00+00:00,AWS-MUM-007,25.7,1015.7,49.0,False,,low,6.7,NORMAL,25.3,1014.9,50.0,HEALTHY,replay,11.2,0.0
2025-01-12T11:00:00+00:00,AWS-MUM-007,28.1,1014.9,41.0,False,,low,10.8,NORMAL,28.1,1014.1,43.0,WARNING,replay,18.0,0.0
2025-01-12T12:00:00+00:00,AWS-MUM-007,29.5,1013.7,36.0,False,,low,22.1,NORMAL,30.3,1012.8,35.0,WARNING,replay,36.8,0.0
2025-01-12T13:00:00+00:00,AWS-MUM-007,30.0,1012.1,37.0,False,,low,16.3,NORMAL,31.4,1011.1,32.0,WARNING,replay,27.1,0.0
2025-01-12T14:00:00+00:00,AWS-MUM-007,29.7,1011.2,42.0,False,,low,5.3,NORMAL,32.0,1010.0,31.0,WARNING,replay,8.8,0.0
2025-01-12T15:00:00+00:00,AWS-MUM-007,29.0,1010.4,46.0,False,,low,8.4,NORMAL,32.0,1009.1,31.0,WARNING,replay,14.0,0.0
2025-01-12T16:00:00+00:00,AWS-MUM-007,28.2,1010.5,48.0,False,,low,4.3,NORMAL,31.8,1009.0,32.0,WARNING,replay,7.2,0.0
2025-01-12T17:00:00+00:00,AWS-MUM-007,26.8,1010.8,53.0,False,,low,0.5,NORMAL,30.3,1009.3,37.0,WARNING,replay,0.8,0.0
2025-01-12T18:00:00+00:00,AWS-MUM-007,25.1,1011.6,67.0,False,,low,6.5,NORMAL,27.9,1010.3,50.0,WARNING,replay,10.8,0.0
2025-01-12T19:00:00+00:00,AWS-MUM-007,24.5,1012.2,68.0,False,,low,0.6,NORMAL,26.6,1011.1,55.0,WARNING,replay,1.1,0.0
2025-01-12T20:00:00+00:00,AWS-MUM-007,24.6,1013.1,58.0,False,,low,1.2,NORMAL,25.8,1012.1,54.0,WARNING,replay,1.9,0.0
2025-01-12T21:00:00+00:00,AWS-MUM-007,24.3,1013.6,53.0,False,,low,0.8,NORMAL,25.0,1012.6,53.0,WARNING,replay,1.4,0.0
2025-01-12T22:00:00+00:00,AWS-MUM-007,24.1,1013.6,52.0,False,,low,0.3,NORMAL,24.4,1012.7,52.0,WARNING,replay,0.5,0.0
2025-01-12T23:00:00+00:00,AWS-MUM-007,23.7,1013.2,50.0,False,,low,0.2,NORMAL,23.6,1012.3,52.0,WARNING,replay,0.3,0.0
2025-01-13T00:00:00+00:00,AWS-MUM-007,23.3,1012.8,50.0,False,,low,0.2,NORMAL,23.1,1012.0,56.0,WARNING,replay,0.3,0.0
2025-01-13T01:00:00+00:00,AWS-MUM-007,23.0,1012.4,53.0,False,,low,0.3,NORMAL,22.4,1011.6,61.0,WARNING,replay,0.5,0.0
2025-01-13T02:00:00+00:00,AWS-MUM-007,22.5,1011.7,58.0,False,,low,0.3,NORMAL,22.0,1011.0,66.0,WARNING,replay,0.5,0.0
2025-01-13T03:00:00+00:00,AWS-MUM-007,22.2,1011.2,62.0,False,,low,0.4,NORMAL,21.6,1010.5,70.0,WARNING,replay,0.7,0.0
2025-01-13T04:00:00+00:00,AWS-MUM-007,22.0,1011.1,66.0,False,,low,0.3,NORMAL,21.5,1010.4,72.0,WARNING,replay,0.6,0.0
2025-01-13T05:00:00+00:00,AWS-MUM-007,22.1,1011.0,67.0,False,,low,0.4,NORMAL,21.4,1010.4,73.0,WARNING,replay,0.6,0.0
2025-01-13T06:00:00+00:00,AWS-MUM-007,22.3,1011.9,66.0,False,,low,0.2,NORMAL,21.7,1011.3,70.0,WARNING,replay,0.3,0.0
2025-01-13T07:00:00+00:00,AWS-MUM-007,22.1,1012.4,67.0,False,,low,0.1,NORMAL,21.4,1011.8,72.0,WARNING,replay,0.2,0.0
2025-01-13T08:00:00+00:00,AWS-MUM-007,23.1,1013.1,64.0,False,,low,0.3,NORMAL,23.0,1012.6,66.0,WARNING,replay,0.5,0.0
2025-01-13T09:00:00+00:00,AWS-MUM-007,25.4,1013.4,56.0,False,,low,2.1,NORMAL,25.7,1012.8,56.0,WARNING,replay,3.6,0.0
2025-01-13T10:00:00+00:00,AWS-MUM-007,28.2,1013.2,47.0,False,,low,2.3,NORMAL,28.4,1012.5,47.0,WARNING,replay,3.8,0.0
2025-01-13T11:00:00+00:00,AWS-MUM-007,30.4,1012.4,41.0,False,,low,9.5,NORMAL,30.5,1011.7,42.0,HEALTHY,replay,15.9,0.0
2025-01-13T12:00:00+00:00,AWS-MUM-007,32.0,1011.2,37.0,False,,low,8.2,NORMAL,32.2,1010.3,38.0,HEALTHY,replay,13.7,0.0
2025-01-13T13:00:00+00:00,AWS-MUM-007,32.7,1009.9,35.0,False,,low,10.2,NORMAL,33.4,1008.9,33.0,HEALTHY,replay,17.0,0.0
2025-01-13T14:00:00+00:00,AWS-MUM-007,32.4,1008.8,37.0,False,,low,13.4,NORMAL,34.1,1007.8,31.0,HEALTHY,replay,22.4,0.0
2025-01-13T15:00:00+00:00,AWS-MUM-007,30.6,1008.3,48.0,False,,low,4.6,NORMAL,34.4,1007.0,29.0,HEALTHY,replay,7.6,0.0
2025-01-13T16:00:00+00:00,AWS-MUM-007,29.3,1008.4,52.0,False,,low,1.2,NORMAL,33.7,1006.7,29.0,HEALTHY,replay,2.0,0.0
2025-01-13T17:00:00+00:00,AWS-MUM-007,28.2,1008.7,55.0,False,,low,0.7,NORMAL,31.8,1007.1,39.0,HEALTHY,replay,1.1,0.0
2025-01-13T18:00:00+00:00,AWS-MUM-007,26.5,1009.3,67.0,False,,low,1.3,NORMAL,29.6,1008.0,48.0,HEALTHY,replay,2.2,0.0
2025-01-13T19:00:00+00:00,AWS-MUM-007,25.9,1009.9,67.0,False,,low,0.3,NORMAL,28.7,1008.8,52.0,HEALTHY,replay,0.5,0.0
2025-01-13T20:00:00+00:00,AWS-MUM-007,25.7,1010.8,63.0,False,,low,0.2,NORMAL,27.6,1009.9,54.0,HEALTHY,replay,0.4,0.0
2025-01-13T21:00:00+00:00,AWS-MUM-007,25.7,1011.3,59.0,False,,low,0.3,NORMAL,26.2,1010.6,56.0,HEALTHY,replay,0.5,0.0
2025-01-13T22:00:00+00:00,AWS-MUM-007,25.7,1011.6,54.0,False,,low,0.4,NORMAL,25.1,1010.6,56.0,HEALTHY,replay,0.6,0.0
2025-01-13T23:00:00+00:00,AWS-MUM-007,24.8,1011.6,59.0,False,,low,0.1,NORMAL,24.0,1010.7,59.0,HEALTHY,replay,0.2,0.0
2025-01-14T00:00:00+00:00,AWS-MUM-007,24.0,1011.2,60.0,False,,low,0.1,NORMAL,23.2,1010.5,64.0,HEALTHY,replay,0.2,0.0
2025-01-14T01:00:00+00:00,AWS-MUM-007,23.6,1011.0,60.0,False,,low,0.2,NORMAL,22.7,1010.2,66.0,HEALTHY,replay,0.3,0.0
2025-01-14T02:00:00+00:00,AWS-MUM-007,22.9,1010.4,63.0,False,,low,0.1,NORMAL,22.4,1009.8,66.0,HEALTHY,replay,0.1,0.0
2025-01-14T03:00:00+00:00,AWS-MUM-007,31.05310347484856,1010.0818733974066,100.0,True,multivariate_inconsistency,high,74.6,MODEL_OVERRIDE,22.1,1009.4,66.0,HEALTHY,replay,92.5,47.7
2025-01-14T04:00:00+00:00,AWS-MUM-007,30.75310347484856,1010.1253480240606,100.0,True,multivariate_inconsistency,high,73.6,MODEL_OVERRIDE,21.7,1009.4,68.0,HEALTHY,replay,90.7,47.8
2025-01-14T05:00:00+00:00,AWS-MUM-007,30.25310347484856,1010.6800062300042,100.0,True,multivariate_inconsistency,medium,62.1,FUSED_CONSENSUS,21.3,1009.9,72.0,HEALTHY,replay,71.5,47.9
2025-01-14T06:00:00+00:00,AWS-MUM-007,22.3,1011.6,65.0,False,,low,0.2,NORMAL,20.7,1011.0,77.0,HEALTHY,replay,0.3,0.0
2025-01-14T07:00:00+00:00,AWS-MUM-007,22.6,1012.1,64.0,False,,low,0.1,NORMAL,20.7,1011.5,79.0,HEALTHY,replay,0.2,0.0
2025-01-14T08:00:00+00:00,AWS-MUM-007,24.1,1012.8,58.0,False,,low,0.4,NORMAL,22.2,1012.2,73.0,HEALTHY,replay,0.6,0.0
2025-01-14T09:00:00+00:00,AWS-MUM-007,26.7,1013.4,51.0,False,,low,2.6,NORMAL,25.3,1012.7,60.0,HEALTHY,replay,4.3,0.0
2025-01-14T10:00:00+00:00,AWS-MUM-007,29.3,1013.3,42.0,False,,low,9.4,NORMAL,28.9,1012.6,47.0,HEALTHY,replay,15.7,0.0
2025-01-14T11:00:00+00:00,AWS-MUM-007,31.5,1012.6,36.0,False,,low,10.9,NORMAL,31.6,1011.8,37.0,HEALTHY,replay,18.2,0.0
2025-01-14T12:00:00+00:00,AWS-MUM-007,32.6,1011.3,33.0,False,,low,14.3,NORMAL,33.3,1010.2,33.0,HEALTHY,replay,23.8,0.0
2025-01-14T13:00:00+00:00,AWS-MUM-007,32.9,1010.3,33.0,False,,low,11.3,NORMAL,34.5,1009.0,29.0,HEALTHY,replay,18.8,0.0
2025-01-14T14:00:00+00:00,AWS-MUM-007,32.1,1009.6,37.0,False,,low,1.1,NORMAL,34.7,1008.1,29.0,HEALTHY,replay,1.8,0.0
2025-01-14T15:00:00+00:00,AWS-MUM-007,30.6,1009.0,45.0,False,,low,2.1,NORMAL,33.8,1007.5,30.0,HEALTHY,replay,3.5,0.0
2025-01-14T16:00:00+00:00,AWS-MUM-007,29.2,1009.5,52.0,False,,low,1.4,NORMAL,31.6,1008.1,40.0,HEALTHY,replay,2.4,0.0
2025-01-14T17:00:00+00:00,AWS-MUM-007,28.0,1010.0,57.0,False,,low,0.8,NORMAL,29.8,1008.7,46.0,HEALTHY,replay,1.4,0.0
2025-01-14T18:00:00+00:00,AWS-MUM-007,26.3,1010.9,68.0,False,,low,4.8,NORMAL,28.1,1009.6,54.0,HEALTHY,replay,8.0,0.0
2025-01-14T19:00:00+00:00,AWS-MUM-007,25.3,1011.6,72.0,False,,low,2.3,NORMAL,26.8,1010.6,62.0,HEALTHY,replay,3.8,0.0
2025-01-14T20:00:00+00:00,AWS-MUM-007,24.7,1012.6,74.0,False,,low,1.2,NORMAL,25.9,1011.9,64.0,HEALTHY,replay,2.0,0.0
2025-01-14T21:00:00+00:00,AWS-MUM-007,24.6,1013.5,69.0,False,,low,1.2,NORMAL,25.4,1012.7,65.0,HEALTHY,replay,1.9,0.0
2025-01-14T22:00:00+00:00,AWS-MUM-007,24.6,1013.9,67.0,False,,low,0.5,NORMAL,24.9,1013.1,67.0,HEALTHY,replay,0.8,0.0
2025-01-14T23:00:00+00:00,AWS-MUM-007,24.5,1013.7,67.0,False,,low,0.2,NORMAL,24.4,1012.8,69.0,HEALTHY,replay,0.4,0.0
2025-01-15T00:00:00+00:00,AWS-MUM-007,24.0,1013.0300709917474,69.0,False,,low,0.2,NORMAL,23.8,1012.4,72.0,HEALTHY,replay,0.3,0.0
2025-01-15T01:00:00+00:00,AWS-MUM-007,23.7,1012.2601419834948,70.0,False,,low,0.2,NORMAL,23.8,1012.0,74.0,HEALTHY,replay,0.4,0.0
2025-01-15T02:00:00+00:00,AWS-MUM-007,23.3,1011.3902129752422,71.0,False,,low,0.2,NORMAL,23.5,1011.3,73.0,HEALTHY,replay,0.4,0.0
2025-01-15T03:00:00+00:00,AWS-MUM-007,23.0,1010.2202839669894,72.0,False,,low,0.5,NORMAL,23.0,1010.6,74.0,HEALTHY,replay,0.8,0.0
2025-01-15T04:00:00+00:00,AWS-MUM-007,22.7,1010.0503549587368,74.0,False,,low,0.2,NORMAL,22.7,1010.5,76.0,HEALTHY,replay,0.4,0.0
2025-01-15T05:00:00+00:00,AWS-MUM-007,22.6,1009.9804259504842,75.0,False,,low,0.2,NORMAL,22.2,1010.8,78.0,HEALTHY,replay,0.3,0.0
2025-01-15T06:00:00+00:00,AWS-MUM-007,21.9,1010.6104969422316,77.0,False,,low,0.1,NORMAL,21.8,1011.6,83.0,HEALTHY,replay,0.2,0.0
2025-01-15T07:00:00+00:00,AWS-MUM-007,22.1,1011.1405679339788,78.0,False,,low,0.2,NORMAL,21.5,1012.5,82.0,HEALTHY,replay,0.3,0.0
2025-01-15T08:00:00+00:00,AWS-MUM-007,23.4,1011.4706389257263,74.0,False,,low,0.3,NORMAL,23.2,1013.1,73.0,HEALTHY,replay,0.4,0.0
2025-01-15T09:00:00+00:00,AWS-MUM-007,-40.05333187737108,1011.9007099174736,65.0,True,spike,high,87.8,FUSED_CONSENSUS,25.9,1013.8,60.0,HEALTHY,replay,86.4,89.9
2025-01-15T10:00:00+00:00,AWS-MUM-007,-40.07430453384169,1011.7307809092212,54.0,True,spike,critical,90.3,MODEL_OVERRIDE,28.3,1013.8,51.0,HEALTHY,replay,90.6,89.9
2025-01-15T11:00:00+00:00,AWS-MUM-007,-40.08831284201554,1010.7608519009684,49.0,True,spike,high,82.7,FUSED_CONSENSUS,30.6,1012.9,44.0,WARNING,replay,77.9,89.9
2025-01-15T12:00:00+00:00,AWS-MUM-007,-40.01280019168063,1009.3909228927158,47.0,True,spike,high,88.3,FUSED_CONSENSUS,32.2,1011.6,40.0,OFFLINE,replay,87.3,89.9
2025-01-15T13:00:00+00:00,AWS-MUM-007,29.6,1008.3209938844632,52.0,False,,low,15.4,NORMAL,33.2,1010.4,38.0,OFFLINE,replay,25.6,0.0
2025-01-15T14:00:00+00:00,AWS-MUM-007,28.6,1007.3510648762106,55.0,False,,low,27.4,NORMAL,32.6,1009.6,42.0,OFFLINE,replay,45.7,0.0
2025-01-15T15:00:00+00:00,AWS-MUM-007,27.9,1006.481135867958,57.0,False,,low,43.1,NORMAL,31.5,1009.1,45.0,OFFLINE,replay,71.9,0.0
2025-01-15T16:00:00+00:00,AWS-MUM-007,27.1,1006.3112068597052,61.0,False,,low,42.5,NORMAL,30.0,1009.4,48.0,OFFLINE,replay,70.8,0.0
2025-01-15T17:00:00+00:00,AWS-MUM-007,26.1,1006.4412778514528,67.0,True,drift,high,81.8,RULE_ENGINE_BYPASS,28.8,1009.9,51.0,OFFLINE,replay,75.1,91.9
2025-01-15T18:00:00+00:00,AWS-MUM-007,24.7,1007.2713488432,75.0,False,,low,43.1,NORMAL,27.0,1011.1,59.0,OFFLINE,replay,71.9,0.0
2025-01-15T19:00:00+00:00,AWS-MUM-007,24.0,1007.7014198349476,80.0,False,,low,38.1,NORMAL,25.9,1012.2,65.0,OFFLINE,replay,63.5,0.0
2025-01-15T20:00:00+00:00,AWS-MUM-007,23.8,1008.3314908266948,78.0,False,,low,25.3,NORMAL,25.0,1013.4,67.0,OFFLINE,replay,42.2,0.0
2025-01-15T21:00:00+00:00,AWS-MUM-007,23.6,1008.7615618184424,72.0,False,,low,15.0,NORMAL,24.4,1013.8,69.0,OFFLINE,replay,25.0,0.0
2025-01-15T22:00:00+00:00,AWS-MUM-007,23.4,1008.6916328101896,71.0,False,,low,14.4,NORMAL,23.8,1014.1,71.0,OFFLINE,replay,24.1,0.0
2025-01-15T23:00:00+00:00,AWS-MUM-007,23.2,1008.4217038019368,70.0,False,,low,18.0,NORMAL,23.2,1014.0,73.0,OFFLINE,replay,30.1,0.0
2025-01-16T00:00:00+00:00,AWS-MUM-007,22.9,1007.6517747936842,70.0,False,,low,31.1,NORMAL,22.7,1013.5,75.0,OFFLINE,replay,51.8,0.0
2025-01-16T01:00:00+00:00,AWS-MUM-007,22.6,1006.9818457854316,71.0,False,,low,39.8,NORMAL,22.3,1013.1,77.0,OFFLINE,replay,66.4,0.0
2025-01-16T02:00:00+00:00,AWS-MUM-007,22.2,1006.0119167771792,74.0,True,drift,high,77.6,RULE_ENGINE_BYPASS,21.7,1012.4,78.0,OFFLINE,replay,68.1,91.9
2025-01-16T03:00:00+00:00,AWS-MUM-007,21.8,1005.0419877689264,75.0,True,drift,high,83.1,RULE_ENGINE_BYPASS,21.2,1011.9,81.0,OFFLINE,replay,77.3,91.9
2025-01-16T04:00:00+00:00,AWS-MUM-007,21.4,1004.4720587606738,75.0,True,drift,high,85.8,RULE_ENGINE_BYPASS,20.7,1011.6,83.0,OFFLINE,replay,81.8,91.9
2025-01-16T05:00:00+00:00,AWS-MUM-007,21.0,1004.3021297524213,76.0,True,drift,high,89.8,RULE_ENGINE_BYPASS,20.4,1011.6,83.0,OFFLINE,replay,88.4,91.9
2025-01-16T06:00:00+00:00,AWS-MUM-007,20.4,1004.9322007441684,79.0,True,drift,critical,91.8,RULE_ENGINE_BYPASS,19.5,1012.5,89.0,OFFLINE,replay,91.7,91.9
2025-01-16T07:00:00+00:00,AWS-MUM-007,20.2,1005.262271735916,80.0,True,drift,critical,92.5,RULE_ENGINE_BYPASS,19.4,1013.1,89.0,OFFLINE,replay,93.0,91.9
2025-01-16T08:00:00+00:00,AWS-MUM-007,21.3,1014.6,74.0,False,,low,38.6,NORMAL,20.6,1013.9,82.0,OFFLINE,replay,64.4,0.0
2025-01-16T09:00:00+00:00,AWS-MUM-007,23.5,1015.1,65.0,False,,low,24.8,NORMAL,23.2,1014.4,69.0,OFFLINE,replay,41.3,0.0
2025-01-16T10:00:00+00:00,AWS-MUM-007,26.0,1015.3,57.0,False,,low,22.2,NORMAL,26.2,1014.4,58.0,HEALTHY,replay,37.1,0.0
2025-01-16T11:00:00+00:00,AWS-MUM-007,28.3,1014.4,50.0,False,,low,15.5,NORMAL,28.9,1013.5,50.0,OFFLINE,replay,25.8,0.0
2025-01-16T12:00:00+00:00,AWS-MUM-007,29.6,1013.4,46.0,False,,low,11.2,NORMAL,30.8,1012.4,43.0,OFFLINE,replay,18.6,0.0
2025-01-16T13:00:00+00:00,AWS-MUM-007,29.7,1012.2,47.0,False,,low,15.9,NORMAL,32.1,1011.0,40.0,OFFLINE,replay,26.5,0.0
2025-01-16T14:00:00+00:00,AWS-MUM-007,29.2,1011.4,51.0,False,,low,16.9,NORMAL,32.7,1010.0,36.0,HEALTHY,replay,28.2,0.0
2025-01-16T15:00:00+00:00,AWS-MUM-007,28.6,1011.1,55.0,False,,low,6.7,NORMAL,32.8,1009.5,35.0,WARNING,replay,11.2,0.0
2025-01-16T16:00:00+00:00,AWS-MUM-007,27.7,1011.2,60.0,False,,low,15.5,NORMAL,32.1,1009.5,38.0,WARNING,replay,25.8,0.0
2025-01-16T17:00:00+00:00,AWS-MUM-007,26.5,1011.7,65.0,False,,low,11.6,NORMAL,30.5,1010.3,45.0,WARNING,replay,19.3,0.0
2025-01-16T18:00:00+00:00,AWS-MUM-007,24.9,1012.7,74.0,False,,low,19.4,NORMAL,27.9,1011.4,56.0,WARNING,replay,32.3,0.0
2025-01-16T19:00:00+00:00,AWS-MUM-007,24.3,1013.3,76.0,False,,low,10.9,NORMAL,26.7,1012.3,61.0,WARNING,replay,18.1,0.0
2025-01-16T20:00:00+00:00,AWS-MUM-007,24.3,1014.2,69.0,False,,low,10.6,NORMAL,26.0,1013.3,62.0,WARNING,replay,17.6,0.0
2025-01-16T21:00:00+00:00,AWS-MUM-007,24.4,1014.7,64.0,False,,low,4.9,NORMAL,25.4,1013.8,61.0,WARNING,replay,8.1,0.0
2025-01-16T22:00:00+00:00,AWS-MUM-007,24.3,1014.9,63.0,False,,low,2.4,NORMAL,24.9,1013.9,62.0,WARNING,replay,4.0,0.0
2025-01-16T23:00:00+00:00,AWS-MUM-007,24.1,1014.5,63.0,False,,low,1.2,NORMAL,24.6,1013.7,62.0,WARNING,replay,2.0,0.0
2025-01-17T00:00:00+00:00,AWS-MUM-007,23.8,1013.8,63.0,False,,low,1.1,NORMAL,24.1,1012.9,63.0,WARNING,replay,1.8,0.0
2025-01-17T01:00:00+00:00,AWS-MUM-007,23.6,1013.1,63.0,False,,low,0.9,NORMAL,23.6,1012.3,65.0,WARNING,replay,1.5,0.0
2025-01-17T02:00:00+00:00,AWS-MUM-007,23.3,1012.5,64.0,False,,low,1.1,NORMAL,23.2,1011.6,67.0,WARNING,replay,1.8,0.0
2025-01-17T03:00:00+00:00,AWS-MUM-007,23.1,1012.1,66.0,False,,low,0.6,NORMAL,22.9,1011.3,69.0,WARNING,replay,1.1,0.0
2025-01-17T04:00:00+00:00,AWS-MUM-007,23.1,1011.7,66.0,False,,low,0.7,NORMAL,23.1,1011.1,70.0,HEALTHY,replay,1.2,0.0
2025-01-17T05:00:00+00:00,AWS-MUM-007,23.2,1011.6,67.0,False,,low,0.8,NORMAL,23.1,1010.9,70.0,OFFLINE,replay,1.4,0.0
2025-01-17T06:00:00+00:00,AWS-MUM-007,23.0,1012.2,71.0,False,,low,1.0,NORMAL,22.6,1011.6,75.0,OFFLINE,replay,1.6,0.0
2025-01-17T07:00:00+00:00,AWS-MUM-007,22.9,1012.6,71.0,False,,low,3.0,NORMAL,22.3,1012.0,76.0,OFFLINE,replay,5.0,0.0
2025-01-17T08:00:00+00:00,AWS-MUM-007,23.9,1013.2,67.0,False,,low,3.6,NORMAL,23.6,1012.6,70.0,OFFLINE,replay,6.1,0.0
2025-01-17T09:00:00+00:00,AWS-MUM-007,26.2,1013.5,59.0,False,,low,18.7,NORMAL,26.3,1012.8,60.0,OFFLINE,replay,31.2,0.0
2025-01-17T10:00:00+00:00,AWS-MUM-007,29.1,1013.4,47.0,True,unstructured_anomaly,critical,90.5,ML_MODEL_ISOLATION,29.3,1012.6,48.0,OFFLINE,replay,90.5,0.0
2025-01-17T11:00:00+00:00,AWS-MUM-007,31.2,1012.9,40.0,True,unstructured_anomaly,critical,92.4,ML_MODEL_ISOLATION,31.3,1012.0,40.0,OFFLINE,replay,92.4,0.0
2025-01-17T12:00:00+00:00,AWS-MUM-007,32.7,1011.4,35.0,True,spike,critical,90.5,MODEL_OVERRIDE,33.0,1010.6,35.0,OFFLINE,replay,93.9,85.5
2025-01-17T13:00:00+00:00,AWS-MUM-007,33.4,1009.9,32.0,True,spike,critical,91.9,MODEL_OVERRIDE,34.2,1009.1,30.0,OFFLINE,replay,95.5,86.5
2025-01-17T14:00:00+00:00,AWS-MUM-007,32.4,1008.9,40.0,True,unstructured_anomaly,critical,97.2,ML_MODEL_ISOLATION,34.8,1007.9,28.0,OFFLINE,replay,97.2,0.0
2025-01-17T15:00:00+00:00,AWS-MUM-007,30.7,1008.4,49.0,True,unstructured_anomaly,critical,93.3,ML_MODEL_ISOLATION,34.8,1007.1,27.0,OFFLINE,replay,93.3,0.0
2025-01-17T16:00:00+00:00,AWS-MUM-007,29.3,1008.5,54.0,True,unstructured_anomaly,critical,94.1,ML_MODEL_ISOLATION,34.7,1006.9,26.0,OFFLINE,replay,94.1,0.0
2025-01-17T17:00:00+00:00,AWS-MUM-007,27.7,1009.0,57.0,False,,low,52.6,NORMAL,32.4,1007.3,32.0,OFFLINE,replay,87.6,0.0
2025-01-17T18:00:00+00:00,AWS-MUM-007,26.2,1009.7,69.0,False,,low,35.0,NORMAL,30.9,1008.2,36.0,OFFLINE,replay,58.3,0.0
2025-01-17T19:00:00+00:00,AWS-MUM-007,25.4,1010.4,75.0,False,,low,23.8,NORMAL,28.9,1009.1,51.0,OFFLINE,replay,39.7,0.0
2025-01-17T20:00:00+00:00,AWS-MUM-007,25.4,1011.3,73.0,False,,low,19.8,NORMAL,27.4,1010.4,56.0,OFFLINE,replay,33.0,0.0
2025-01-17T21:00:00+00:00,AWS-MUM-007,25.1,1011.8,72.0,False,,low,19.9,NORMAL,26.3,1011.0,60.0,OFFLINE,replay,33.1,0.0
2025-01-17T22:00:00+00:00,AWS-MUM-007,25.2,1012.0,66.0,False,,low,14.0,NORMAL,25.5,1011.2,63.0,OFFLINE,replay,23.3,0.0
2025-01-17T23:00:00+00:00,AWS-MUM-007,25.4,1011.6,62.0,False,,low,14.0,NORMAL,25.4,1010.9,58.0,OFFLINE,replay,23.3,0.0
2025-01-18T00:00:00+00:00,AWS-MUM-007,25.4,1011.2,59.0,False,,low,18.9,NORMAL,25.0,1010.5,57.0,OFFLINE,replay,31.5,0.0
2025-01-18T01:00:00+00:00,AWS-MUM-007,24.5,1010.8,60.0,False,,low,21.9,NORMAL,24.2,1010.2,58.0,OFFLINE,replay,36.4,0.0
2025-01-18T02:00:00+00:00,AWS-MUM-007,23.8,1010.6,60.0,False,,low,20.7,NORMAL,23.6,1009.9,58.0,OFFLINE,replay,34.4,0.0
2025-01-18T03:00:00+00:00,AWS-MUM-007,23.6,1010.4,58.0,False,,low,23.7,NORMAL,23.2,1009.7,59.0,OFFLINE,replay,39.4,0.0
2025-01-18T04:00:00+00:00,AWS-MUM-007,23.4,1010.3,57.0,False,,low,35.0,NORMAL,22.8,1009.5,60.0,OFFLINE,replay,58.3,0.0
2025-01-18T05:00:00+00:00,AWS-MUM-007,23.1,1010.6,57.0,True,frozen_value,high,74.7,FUSED_CONSENSUS,22.3,1009.8,61.0,OFFLINE,replay,69.2,83.0
2025-01-18T06:00:00+00:00,AWS-MUM-007,22.5,1011.3,60.0,False,,low,30.8,NORMAL,21.3,1010.7,65.0,OFFLINE,replay,51.4,0.0
2025-01-18T07:00:00+00:00,AWS-MUM-007,22.2,1012.1,59.0,False,,low,34.6,NORMAL,21.0,1011.4,66.0,OFFLINE,replay,57.7,0.0
2025-01-18T08:00:00+00:00,AWS-MUM-007,23.9,1012.9,52.0,True,frozen_value,high,79.4,FUSED_CONSENSUS,22.6,1012.2,59.0,OFFLINE,replay,73.0,89.0
2025-01-18T09:00:00+00:00,AWS-MUM-007,26.6,1013.6,42.0,True,unstructured_anomaly,critical,93.8,ML_MODEL_ISOLATION,26.0,1012.9,48.0,OFFLINE,replay,93.8,0.0
2025-01-18T10:00:00+00:00,AWS-MUM-007,29.3,1013.7,34.0,True,unstructured_anomaly,critical,97.7,ML_MODEL_ISOLATION,29.2,1013.0,36.0,OFFLINE,replay,97.7,0.0
2025-01-18T11:00:00+00:00,AWS-MUM-007,31.7,1012.9,28.0,True,drift,critical,95.0,RULE_ENGINE_BYPASS,31.4,1012.3,31.0,OFFLINE,replay,97.9,90.7
2025-01-18T12:00:00+00:00,AWS-MUM-007,40.44076925447602,1011.5071710207228,37.12430189201345,True,spike,critical,95.3,MODEL_OVERRIDE,32.9,1010.8,26.0,OFFLINE,replay,98.9,89.9
2025-01-18T13:00:00+00:00,AWS-MUM-007,41.040769254476025,1010.0603119424114,33.850966875087025,True,spike,critical,95.5,MODEL_OVERRIDE,33.9,1009.3,21.0,OFFLINE,replay,99.3,89.9
2025-01-18T14:00:00+00:00,AWS-MUM-007,40.74076925447603,1008.901211893614,33.87350739185301,True,spike,critical,95.8,MODEL_OVERRIDE,34.2,1008.1,19.0,OFFLINE,replay,99.7,89.9
2025-01-18T15:00:00+00:00,AWS-MUM-007,40.34076925447602,1008.4402332681568,37.13256374420009,True,spike,critical,95.8,MODEL_OVERRIDE,34.3,1007.5,17.0,OFFLINE,replay,99.7,89.9
2025-01-18T16:00:00+00:00,AWS-MUM-007,32.9,1008.3,25.0,True,spike,critical,95.6,MODEL_OVERRIDE,34.0,1007.4,16.0,OFFLINE,replay,99.4,89.9
2025-01-18T17:00:00+00:00,AWS-MUM-007,31.4,1008.7,32.0,True,spike,critical,95.6,MODEL_OVERRIDE,33.4,1007.7,17.0,OFFLINE,replay,99.4,89.9
2025-01-18T18:00:00+00:00,AWS-MUM-007,27.2,1009.9,63.0,True,spike,critical,91.0,MODEL_OVERRIDE,30.8,1008.7,23.0,OFFLINE,replay,92.7,88.4
2025-01-18T19:00:00+00:00,AWS-MUM-007,26.1,1010.6,61.0,True,drift,high,87.3,RULE_ENGINE_BYPASS,29.1,1009.5,34.0,OFFLINE,replay,85.0,90.7
2025-01-18T20:00:00+00:00,AWS-MUM-007,25.8,1011.3,60.0,False,,low,45.9,NORMAL,26.9,1010.3,46.0,OFFLINE,replay,76.5,0.0
2025-01-18T21:00:00+00:00,AWS-MUM-007,25.9,1011.8,51.0,True,spike,high,86.2,FUSED_CONSENSUS,25.8,1011.1,50.0,OFFLINE,replay,86.5,85.7
2025-01-18T22:00:00+00:00,AWS-MUM-007,25.2,1012.4,54.0,False,,low,0.0,NORMAL,24.5,1011.5,56.0,OFFLINE,replay,,0.0
2025-01-18T23:00:00+00:00,AWS-MUM-007,24.7,1012.1,56.0,False,,low,42.9,NORMAL,23.8,1011.3,59.0,OFFLINE,replay,71.5,0.0
2025-01-19T00:00:00+00:00,AWS-MUM-007,24.0,1011.8,57.0,False,,low,0.0,NORMAL,23.4,1011.1,57.0,OFFLINE,replay,,0.0
2025-01-19T01:00:00+00:00,AWS-MUM-007,23.6,1011.6,57.0,False,,low,0.0,NORMAL,22.8,1011.0,56.0,OFFLINE,replay,,0.0
2025-01-19T02:00:00+00:00,AWS-MUM-007,23.3,1011.1,56.0,False,,low,0.0,NORMAL,22.1,1010.5,58.0,OFFLINE,replay,,0.0
2026-09-22T08:30:00+00:00,AWS-MUM-007,29.4,1007.5,76.0,False,,low,0.0,NORMAL,29.9,1006.4,76.0,HEALTHY,live,,0.0
2025-01-01T00:00:00+00:00,AWS-MUM-007,25.8,1014.0,65.0,False,,low,0.0,NORMAL,25.1,1013.2,73.0,HEALTHY,replay,,0.0
2025-01-01T01:00:00+00:00,AWS-MUM-007,25.4,1013.5,68.0,False,,low,0.0,NORMAL,24.6,1012.7,74.0,HEALTHY,replay,,0.0
2025-01-01T02:00:00+00:00,AWS-MUM-007,25.2,1012.8,69.0,False,,low,0.0,NORMAL,24.4,1012.0,73.0,HEALTHY,replay,,0.0
2025-01-01T03:00:00+00:00,AWS-MUM-007,24.8,1012.3,70.0,False,,low,0.0,NORMAL,23.9,1011.6,74.0,HEALTHY,replay,,0.0
2025-01-01T04:00:00+00:00,AWS-MUM-007,24.2,1012.2,71.0,False,,low,0.0,NORMAL,23.0,1011.4,77.0,HEALTHY,replay,,0.0
2025-01-01T05:00:00+00:00,AWS-MUM-007,23.7,1012.4,73.0,False,,low,0.0,NORMAL,22.2,1011.7,81.0,HEALTHY,replay,,0.0
2025-01-01T06:00:00+00:00,AWS-MUM-007,22.8,1012.9,78.0,False,,low,0.0,NORMAL,21.2,1012.3,87.0,HEALTHY,replay,,0.0
2025-01-01T07:00:00+00:00,AWS-MUM-007,22.4,1013.4,78.0,False,,low,0.0,NORMAL,20.9,1012.9,86.0,HEALTHY,replay,,0.0
2025-01-01T08:00:00+00:00,AWS-MUM-007,23.5,1014.4,72.0,False,,low,0.0,NORMAL,22.2,1013.8,76.0,HEALTHY,replay,,0.0
2025-01-01T09:00:00+00:00,AWS-MUM-007,26.1,1015.1,60.0,False,,low,0.0,NORMAL,25.0,1014.4,62.0,HEALTHY,replay,,0.0
2025-01-01T10:00:00+00:00,AWS-MUM-007,28.8,1015.2,49.0,False,,low,0.0,NORMAL,28.0,1014.4,51.0,HEALTHY,replay,,0.0
2025-01-01T11:00:00+00:00,AWS-MUM-007,31.0,1014.7,41.0,False,,low,0.0,NORMAL,30.4,1013.9,43.0,HEALTHY,replay,,0.0
2025-01-01T12:00:00+00:00,AWS-MUM-007,32.0,1013.8,38.0,False,,low,0.0,NORMAL,32.2,1012.9,37.0,HEALTHY,replay,,0.0
2025-01-01T13:00:00+00:00,AWS-MUM-007,10.809808773170488,1012.4,37.0,True,spike,high,87.3,FUSED_CONSENSUS,33.3,1011.4,31.0,HEALTHY,replay,,87.3
2025-01-01T14:00:00+00:00,AWS-MUM-007,31.8,1011.3,42.0,False,,low,0.0,NORMAL,33.8,1010.3,30.0,HEALTHY,replay,,0.0
2025-01-01T15:00:00+00:00,AWS-MUM-007,30.6,1010.7,50.0,False,,low,0.0,NORMAL,33.8,1009.4,30.0,HEALTHY,replay,,0.0
2025-01-01T16:00:00+00:00,AWS-MUM-007,29.0,1010.6,56.0,False,,low,0.0,NORMAL,33.5,1009.1,32.0,HEALTHY,replay,,0.0
2025-01-01T17:00:00+00:00,AWS-MUM-007,27.6,1010.8,59.0,False,,low,0.0,NORMAL,30.9,1009.2,44.0,HEALTHY,replay,,0.0
2025-01-01T18:00:00+00:00,AWS-MUM-007,26.4,1011.4,71.0,False,,low,0.0,NORMAL,28.8,1010.0,54.0,HEALTHY,replay,,0.0
2025-01-01T19:00:00+00:00,AWS-MUM-007,26.0,1012.0,74.0,False,,low,0.0,NORMAL,28.0,1010.9,59.0,HEALTHY,replay,,0.0
2025-01-01T20:00:00+00:00,AWS-MUM-007,26.0,1012.9,69.0,False,,low,0.0,NORMAL,27.3,1012.0,60.0,HEALTHY,replay,,0.0
2025-01-01T21:00:00+00:00,AWS-MUM-007,26.3,1013.6,60.0,False,,low,0.0,NORMAL,26.7,1012.6,60.0,HEALTHY,replay,,0.0
2025-01-01T22:00:00+00:00,AWS-MUM-007,26.1,1013.9,59.0,False,,low,0.0,NORMAL,25.9,1013.0,62.0,HEALTHY,replay,,0.0
2025-01-01T23:00:00+00:00,AWS-MUM-007,34.74894795573478,1013.9472876324244,100.0,True,multivariate_inconsistency,low,51.7,FUSED_CONSENSUS,25.2,1012.9,65.0,HEALTHY,replay,,51.7
2025-01-02T00:00:00+00:00,AWS-MUM-007,34.24894795573478,1013.7439729378324,100.0,True,multivariate_inconsistency,low,51.1,FUSED_CONSENSUS,24.0,1012.6,71.0,HEALTHY,replay,,51.1
2025-01-02T01:00:00+00:00,AWS-MUM-007,33.44894795573478,1013.0250712753176,100.0,True,multivariate_inconsistency,low,50.3,FUSED_CONSENSUS,23.2,1012.3,76.0,WARNING,replay,,50.3
2025-01-02T02:00:00+00:00,AWS-MUM-007,32.64894795573478,1013.253607101336,100.0,True,multivariate_inconsistency,low,49.4,FUSED_CONSENSUS,22.5,1012.0,81.0,OFFLINE,replay,,49.4
2025-01-02T03:00:00+00:00,AWS-MUM-007,32.34894795573478,1012.3431961575652,100.0,True,multivariate_inconsistency,low,49.1,FUSED_CONSENSUS,21.7,1011.6,85.0,OFFLINE,replay,,49.1
2025-01-02T04:00:00+00:00,AWS-MUM-007,22.6,1012.0,75.0,False,,low,0.0,NORMAL,21.1,1011.4,88.0,OFFLINE,replay,,0.0
2025-01-02T05:00:00+00:00,AWS-MUM-007,22.0,1012.1,79.0,False,,low,0.0,NORMAL,20.5,1011.5,91.0,OFFLINE,replay,,0.0
2025-01-02T06:00:00+00:00,AWS-MUM-007,21.4,1012.6,81.0,False,,low,0.0,NORMAL,20.0,1012.0,92.0,HEALTHY,replay,,0.0
2025-01-02T07:00:00+00:00,AWS-MUM-007,21.3,1013.2,82.0,False,,low,0.0,NORMAL,19.8,1012.6,93.0,OFFLINE,replay,,0.0
2025-01-02T08:00:00+00:00,AWS-MUM-007,22.7,1014.1,76.0,False,,low,0.0,NORMAL,21.2,1013.5,82.0,OFFLINE,replay,,0.0
2025-01-02T09:00:00+00:00,AWS-MUM-007,25.4,1014.9,63.0,False,,low,0.0,NORMAL,24.0,1014.2,68.0,OFFLINE,replay,,0.0
2025-01-02T10:00:00+00:00,AWS-MUM-007,28.5,1015.0,49.0,False,,low,0.0,NORMAL,27.2,1014.3,54.0,HEALTHY,replay,,0.0
2025-01-02T11:00:00+00:00,AWS-MUM-007,30.9,1014.3,40.0,False,,low,12.2,NORMAL,29.9,1013.5,43.0,WARNING,replay,20.4,0.0
2025-01-02T12:00:00+00:00,AWS-MUM-007,32.3,1013.4,34.0,False,,low,17.5,NORMAL,32.1,1012.6,35.0,WARNING,replay,29.1,0.0
2025-01-02T13:00:00+00:00,AWS-MUM-007,32.8,1012.1,33.0,False,,low,10.2,NORMAL,33.5,1011.2,29.0,WARNING,replay,17.0,0.0
2025-01-02T14:00:00+00:00,AWS-MUM-007,32.5,1011.2,38.0,False,,low,12.3,NORMAL,34.3,1010.2,25.0,WARNING,replay,20.6,0.0
2025-01-02T15:00:00+00:00,AWS-MUM-007,31.6,1010.8,43.0,False,,low,5.6,NORMAL,34.5,1009.7,24.0,WARNING,replay,9.4,0.0
2025-01-02T16:00:00+00:00,AWS-MUM-007,30.3,1010.7,50.0,False,,low,4.8,NORMAL,34.0,1009.4,25.0,WARNING,replay,8.0,0.0
2025-01-02T17:00:00+00:00,AWS-MUM-007,29.0,1010.9,50.0,False,,low,2.0,NORMAL,32.8,1009.6,31.0,WARNING,replay,3.4,0.0
2025-01-02T18:00:00+00:00,AWS-MUM-007,27.3,1011.5,62.0,False,,low,7.6,NORMAL,30.3,1010.3,41.0,WARNING,replay,12.7,0.0
2025-01-02T19:00:00+00:00,AWS-MUM-007,26.9,1012.2,61.0,False,,low,0.9,NORMAL,28.3,1011.3,51.0,WARNING,replay,1.5,0.0
2025-01-02T20:00:00+00:00,AWS-MUM-007,27.2,1013.0,52.0,False,,low,1.4,NORMAL,27.5,1012.2,52.0,WARNING,replay,2.4,0.0
2025-01-02T21:00:00+00:00,AWS-MUM-007,27.0,1013.5,52.0,False,,low,0.4,NORMAL,26.7,1012.7,57.0,WARNING,replay,0.7,0.0
2025-01-02T22:00:00+00:00,AWS-MUM-007,26.6,1013.8,54.0,False,,low,0.5,NORMAL,25.9,1012.9,59.0,WARNING,replay,0.9,0.0
2025-01-02T23:00:00+00:00,AWS-MUM-007,26.1,1013.8,55.0,False,,low,0.6,NORMAL,24.5,1013.0,65.0,WARNING,replay,1.0,0.0
2025-01-03T00:00:00+00:00,AWS-MUM-007,18.919290443024536,1020.7669086690788,73.46319194792923,True,unstructured_anomaly,critical,97.8,ML_MODEL_ISOLATION,23.3,1012.9,70.0,HEALTHY,replay,97.8,0.0
2025-01-03T01:00:00+00:00,AWS-MUM-007,18.15867248698246,1020.2666785113136,76.54920477803351,True,unstructured_anomaly,critical,98.9,ML_MODEL_ISOLATION,22.0,1012.4,76.0,HEALTHY,replay,98.9,0.0
2025-01-03T02:00:00+00:00,AWS-MUM-007,16.28663299976028,1020.0589213507624,50.56320591423973,True,multivariate_inconsistency,high,75.8,MODEL_OVERRIDE,21.3,1011.9,76.0,HEALTHY,replay,94.9,47.1
2025-01-03T03:00:00+00:00,AWS-MUM-007,16.902546030995957,1020.5808298792545,80.82750174576815,True,unstructured_anomaly,critical,98.1,ML_MODEL_ISOLATION,20.6,1011.6,76.0,HEALTHY,replay,98.1,0.0
2025-01-03T04:00:00+00:00,AWS-MUM-007,15.11518015813077,1020.0140763753992,84.93822228214506,True,unstructured_anomaly,critical,98.9,ML_MODEL_ISOLATION,20.0,1011.6,76.0,HEALTHY,replay,98.9,0.0
2025-01-03T05:00:00+00:00,AWS-MUM-007,27.793610429785407,1004.5219458549722,51.03955078695863,False,,low,42.9,NORMAL,19.7,1011.8,77.0,HEALTHY,replay,71.6,0.0
2025-01-03T06:00:00+00:00,AWS-MUM-007,21.5,1013.3,67.0,False,,low,36.1,NORMAL,19.9,1012.7,76.0,HEALTHY,replay,60.1,0.0
2025-01-03T07:00:00+00:00,AWS-MUM-007,21.2,1014.1,68.0,False,,low,21.7,NORMAL,19.5,1013.5,77.0,HEALTHY,replay,36.2,0.0
2025-01-03T08:00:00+00:00,AWS-MUM-007,22.3,1014.9,63.0,False,,low,12.6,NORMAL,20.8,1014.3,72.0,HEALTHY,replay,21.1,0.0
2025-01-03T09:00:00+00:00,AWS-MUM-007,25.5,1015.4,51.0,False,,low,14.9,NORMAL,23.6,1014.9,61.0,HEALTHY,replay,24.8,0.0
2025-01-03T10:00:00+00:00,AWS-MUM-007,28.9,1015.4,38.0,False,,low,39.8,NORMAL,27.2,1014.7,48.0,HEALTHY,replay,66.4,0.0
2025-01-03T11:00:00+00:00,AWS-MUM-007,31.3,1014.6,31.0,False,,low,42.8,NORMAL,30.3,1013.9,35.0,HEALTHY,replay,71.4,0.0
2025-01-03T12:00:00+00:00,AWS-MUM-007,33.0,1013.7,26.0,False,,low,45.9,NORMAL,32.1,1012.9,29.0,HEALTHY,replay,76.4,0.0
2025-01-03T13:00:00+00:00,AWS-MUM-007,33.4,1012.2,25.0,False,,low,37.8,NORMAL,33.4,1011.3,25.0,HEALTHY,replay,62.9,0.0
2025-01-03T14:00:00+00:00,AWS-MUM-007,32.6,1011.3,33.0,False,,low,40.2,NORMAL,34.1,1010.4,22.0,HEALTHY,replay,67.0,0.0
2025-01-03T15:00:00+00:00,AWS-MUM-007,31.5,1010.8,38.0,False,,low,12.3,NORMAL,34.3,1009.7,22.0,HEALTHY,replay,20.5,0.0
2025-01-03T16:00:00+00:00,AWS-MUM-007,30.6,1010.5,41.0,False,,low,3.3,NORMAL,34.0,1009.3,21.0,HEALTHY,replay,5.5,0.0
2025-01-03T17:00:00+00:00,AWS-MUM-007,28.8,1010.6,48.0,False,,low,4.3,NORMAL,33.1,1009.2,25.0,HEALTHY,replay,7.2,0.0
2025-01-03T18:00:00+00:00,AWS-MUM-007,27.1,1011.1,62.0,False,,low,25.0,NORMAL,30.7,1009.7,27.0,HEALTHY,replay,41.7,0.0
2025-01-03T19:00:00+00:00,AWS-MUM-007,25.7,1011.7,67.0,False,,low,8.3,NORMAL,28.4,1010.8,38.0,HEALTHY,replay,13.9,0.0
2025-01-03T20:00:00+00:00,AWS-MUM-007,26.0,1012.2,55.0,False,,low,8.3,NORMAL,26.1,1011.4,52.0,HEALTHY,replay,13.8,0.0
2025-01-03T21:00:00+00:00,AWS-MUM-007,26.2,1012.4,46.0,False,,low,3.2,NORMAL,25.4,1011.6,54.0,HEALTHY,replay,5.3,0.0
2025-01-03T22:00:00+00:00,AWS-MUM-007,25.7,1012.5,47.0,False,,low,0.7,NORMAL,24.1,1011.8,55.0,HEALTHY,replay,1.1,0.0
2025-01-03T23:00:00+00:00,AWS-MUM-007,24.8,1012.2,50.0,False,,low,0.4,NORMAL,22.7,1011.5,60.0,HEALTHY,replay,0.7,0.0
2025-01-04T00:00:00+00:00,AWS-MUM-007,23.7,1011.9,53.0,False,,low,0.7,NORMAL,21.7,1011.1,63.0,HEALTHY,replay,1.2,0.0
2025-01-04T01:00:00+00:00,AWS-MUM-007,22.9,1011.5,55.0,False,,low,0.6,NORMAL,21.0,1010.8,63.0,HEALTHY,replay,1.0,0.0
2025-01-04T02:00:00+00:00,AWS-MUM-007,22.2,1011.2,59.0,False,,low,0.6,NORMAL,20.2,1010.5,66.0,HEALTHY,replay,1.0,0.0
2025-01-04T03:00:00+00:00,AWS-MUM-007,21.4,1010.8,62.0,False,,low,0.6,NORMAL,19.5,1010.0,69.0,HEALTHY,replay,0.9,0.0
2025-01-04T04:00:00+00:00,AWS-MUM-007,20.6,1011.0,64.0,False,,low,0.8,NORMAL,18.7,1010.3,72.0,HEALTHY,replay,1.4,0.0
2025-01-04T05:00:00+00:00,AWS-MUM-007,20.1,1011.2,63.0,False,,low,0.8,NORMAL,18.0,1010.5,70.0,HEALTHY,replay,1.3,0.0
2025-01-04T06:00:00+00:00,AWS-MUM-007,19.3,1012.0,62.0,False,,low,0.1,NORMAL,17.7,1011.5,72.0,HEALTHY,replay,0.2,0.0
2025-01-04T07:00:00+00:00,AWS-MUM-007,19.3,1012.6,62.0,False,,low,0.2,NORMAL,17.4,1012.1,71.0,HEALTHY,replay,0.3,0.0
2025-01-04T08:00:00+00:00,AWS-MUM-007,21.1,1013.1,54.0,False,,low,0.4,NORMAL,18.6,1012.7,68.0,HEALTHY,replay,0.6,0.0
2025-01-04T09:00:00+00:00,AWS-MUM-007,24.4,1013.8,44.0,False,,low,1.4,NORMAL,21.7,1013.3,55.0,HEALTHY,replay,2.4,0.0
2025-01-04T10:00:00+00:00,AWS-MUM-007,28.6,1013.8,29.0,False,,low,9.6,NORMAL,25.7,1013.2,40.0,HEALTHY,replay,16.0,0.0
2025-01-04T11:00:00+00:00,AWS-MUM-007,31.5,1013.1,21.0,False,,low,22.7,NORMAL,29.4,1012.4,27.0,HEALTHY,replay,37.8,0.0
2025-01-04T12:00:00+00:00,AWS-MUM-007,32.9,1011.9,16.0,False,,low,16.6,NORMAL,31.7,1011.2,21.0,HEALTHY,replay,27.7,0.0
2025-01-04T13:00:00+00:00,AWS-MUM-007,32.9,1010.8,18.0,False,,low,7.8,NORMAL,33.2,1009.9,19.0,HEALTHY,replay,13.0,0.0
2025-01-04T14:00:00+00:00,AWS-MUM-007,31.0,1010.2,33.0,False,,low,8.5,NORMAL,34.3,1008.9,17.0,HEALTHY,replay,14.2,0.0
2025-01-04T15:00:00+00:00,AWS-MUM-007,30.0,1009.7,32.0,False,,low,1.4,NORMAL,33.9,1008.2,17.0,HEALTHY,replay,2.3,0.0
2025-01-04T16:00:00+00:00,AWS-MUM-007,29.6,1009.6,32.0,False,,low,0.4,NORMAL,32.0,1008.3,25.0,HEALTHY,replay,0.7,0.0
2025-01-04T17:00:00+00:00,AWS-MUM-007,28.4,1010.0,39.0,False,,low,0.3,NORMAL,29.8,1008.7,27.0,HEALTHY,replay,0.5,0.0
2025-01-04T18:00:00+00:00,AWS-MUM-007,26.5,1010.7,54.0,False,,low,2.0,NORMAL,28.1,1009.5,41.0,HEALTHY,replay,3.3,0.0
2025-01-04T19:00:00+00:00,AWS-MUM-007,25.7,1011.4,60.0,False,,low,0.7,NORMAL,26.5,1010.5,48.0,HEALTHY,replay,1.2,0.0
2025-01-04T20:00:00+00:00,AWS-MUM-007,24.9,1012.1,63.0,False,,low,0.2,NORMAL,24.9,1011.4,56.0,HEALTHY,replay,0.4,0.0
2025-01-04T21:00:00+00:00,AWS-MUM-007,24.3,1012.5,58.0,False,,low,0.3,NORMAL,24.0,1011.7,58.0,HEALTHY,replay,0.6,0.0
2025-01-04T22:00:00+00:00,AWS-MUM-007,23.6,1012.6,57.0,False,,low,0.1,NORMAL,23.0,1011.8,62.0,HEALTHY,replay,0.2,0.0
2025-01-04T23:00:00+00:00,AWS-MUM-007,23.4,1012.3,57.0,False,,low,0.1,NORMAL,22.5,1011.3,68.0,HEALTHY,replay,0.2,0.0
2025-01-05T00:00:00+00:00,AWS-MUM-007,22.7,1011.9,61.0,False,,low,0.1,NORMAL,21.2,1011.0,78.0,HEALTHY,replay,0.2,0.0
2025-01-05T01:00:00+00:00,AWS-MUM-007,22.3,1011.3,65.0,False,,low,0.2,NORMAL,20.4,1010.5,85.0,HEALTHY,replay,0.3,0.0
2025-01-05T02:00:00+00:00,AWS-MUM-007,22.0,1011.0,67.0,False,,low,0.1,NORMAL,19.7,1010.2,87.0,HEALTHY,replay,0.2,0.0
2025-01-05T03:00:00+00:00,AWS-MUM-007,21.6,1010.5,69.0,False,,low,0.2,NORMAL,19.0,1009.7,85.0,HEALTHY,replay,0.3,0.0
2025-01-05T04:00:00+00:00,AWS-MUM-007,21.6,1010.6,71.0,False,,low,0.1,NORMAL,18.7,1009.9,81.0,HEALTHY,replay,0.2,0.0
2025-01-05T05:00:00+00:00,AWS-MUM-007,21.3,1010.9,73.0,False,,low,0.1,NORMAL,18.4,1010.2,80.0,HEALTHY,replay,0.2,0.0
2025-01-05T06:00:00+00:00,AWS-MUM-007,21.5,1011.4,72.0,False,,low,0.5,NORMAL,19.3,1010.7,73.0,HEALTHY,replay,0.8,0.0
2025-01-05T07:00:00+00:00,AWS-MUM-007,21.3,1012.3,73.0,False,,low,0.3,NORMAL,19.2,1011.4,75.0,HEALTHY,replay,0.5,0.0
2025-01-05T08:00:00+00:00,AWS-MUM-007,22.4,1013.0,65.0,False,,low,0.6,NORMAL,20.4,1012.4,70.0,HEALTHY,replay,0.9,0.0
2025-01-05T09:00:00+00:00,AWS-MUM-007,24.4,1013.6,50.0,False,,low,3.0,NORMAL,23.0,1012.8,62.0,HEALTHY,replay,4.9,0.0
2025-01-05T10:00:00+00:00,AWS-MUM-007,26.3,1013.7,43.0,False,,low,3.4,NORMAL,25.7,1012.8,49.0,HEALTHY,replay,5.7,0.0
2025-01-05T11:00:00+00:00,AWS-MUM-007,26.9,1013.1,41.0,False,,low,2.0,NORMAL,28.1,1012.0,41.0,HEALTHY,replay,3.4,0.0
2025-01-05T12:00:00+00:00,AWS-MUM-007,28.4,1012.1,39.0,False,,low,2.9,NORMAL,29.8,1011.0,35.0,HEALTHY,replay,4.9,0.0
2025-01-05T13:00:00+00:00,AWS-MUM-007,29.1,1012.1326458922416,41.0,False,,low,2.2,NORMAL,31.6,1009.7,29.0,HEALTHY,replay,3.6,0.0
2025-01-05T14:00:00+00:00,AWS-MUM-007,29.2,1012.1103070232672,47.0,False,,low,2.3,NORMAL,31.9,1008.7,28.0,HEALTHY,replay,3.8,0.0
2025-01-05T15:00:00+00:00,AWS-MUM-007,27.8,1012.057227521816,58.0,False,,low,6.4,NORMAL,32.3,1008.2,29.0,HEALTHY,replay,10.7,0.0
2025-01-05T16:00:00+00:00,AWS-MUM-007,26.6,1012.0734155067702,65.0,False,,low,6.0,NORMAL,30.9,1008.1,36.0,HEALTHY,replay,10.0,0.0
2025-01-05T17:00:00+00:00,AWS-MUM-007,25.4,1012.1076981257966,67.0,False,,low,3.3,NORMAL,28.8,1008.5,51.0,HEALTHY,replay,5.5,0.0
2025-01-05T18:00:00+00:00,AWS-MUM-007,24.8,1012.1214162441258,72.0,False,,low,1.5,NORMAL,26.7,1009.4,61.0,HEALTHY,replay,2.5,0.0
2025-01-05T19:00:00+00:00,AWS-MUM-007,24.5,1011.5,75.0,False,,low,1.2,NORMAL,25.7,1010.6,63.0,HEALTHY,replay,2.0,0.0
2025-01-05T20:00:00+00:00,AWS-MUM-007,24.3,1012.3,76.0,False,,low,1.0,NORMAL,24.8,1011.3,67.0,HEALTHY,replay,1.6,0.0
2025-01-05T21:00:00+00:00,AWS-MUM-007,24.3,1013.0,71.0,False,,low,0.9,NORMAL,24.4,1012.0,67.0,HEALTHY,replay,1.5,0.0
2025-01-05T22:00:00+00:00,AWS-MUM-007,24.2,1013.0,65.0,False,,low,0.8,NORMAL,24.1,1012.1,65.0,HEALTHY,replay,1.3,0.0
2025-01-05T23:00:00+00:00,AWS-MUM-007,23.6,1012.7,66.0,False,,low,0.3,NORMAL,23.8,1011.7,62.0,HEALTHY,replay,0.6,0.0
2025-01-06T00:00:00+00:00,AWS-MUM-007,22.7,1012.3,72.0,False,,low,0.4,NORMAL,23.0,1011.3,64.0,HEALTHY,replay,0.7,0.0
2025-01-06T01:00:00+00:00,AWS-MUM-007,22.1,1011.9,78.0,False,,low,0.5,NORMAL,21.5,1011.0,69.0,HEALTHY,replay,0.8,0.0
2025-01-06T02:00:00+00:00,AWS-MUM-007,21.8,1011.5,82.0,False,,low,0.5,NORMAL,20.7,1010.6,73.0,HEALTHY,replay,0.9,0.0
2025-01-06T03:00:00+00:00,AWS-MUM-007,21.5,1011.1,80.0,False,,low,0.3,NORMAL,20.0,1010.3,76.0,HEALTHY,replay,0.6,0.0
2025-01-06T04:00:00+00:00,AWS-MUM-007,21.2,1011.0,76.0,False,,low,0.3,NORMAL,19.5,1010.2,78.0,HEALTHY,replay,0.6,0.0
2025-01-06T05:00:00+00:00,AWS-MUM-007,21.1,1011.2,69.0,False,,low,1.0,NORMAL,19.1,1010.4,77.0,HEALTHY,replay,1.7,0.0
2025-01-06T06:00:00+00:00,AWS-MUM-007,20.4,1011.9,65.0,False,,low,0.6,NORMAL,18.3,1011.2,80.0,HEALTHY,replay,1.0,0.0
2025-01-06T07:00:00+00:00,AWS-MUM-007,20.0,1012.6,66.0,False,,low,0.3,NORMAL,18.3,1011.8,80.0,HEALTHY,replay,0.6,0.0
2025-01-06T08:00:00+00:00,AWS-MUM-007,21.0,1013.4,63.0,False,,low,0.5,NORMAL,19.8,1012.7,74.0,HEALTHY,replay,0.8,0.0
2025-01-06T09:00:00+00:00,AWS-MUM-007,22.8,1014.1,56.0,False,,low,1.8,NORMAL,22.5,1013.4,61.0,HEALTHY,replay,3.1,0.0
2025-01-06T10:00:00+00:00,AWS-MUM-007,25.1,1014.2,48.0,False,,low,1.6,NORMAL,25.2,1013.3,51.0,HEALTHY,replay,2.7,0.0
2025-01-06T11:00:00+00:00,AWS-MUM-007,27.3,1013.5,41.0,False,,low,2.2,NORMAL,27.8,1012.6,42.0,HEALTHY,replay,3.6,0.0
2025-01-06T12:00:00+00:00,AWS-MUM-007,29.0,1012.4,35.0,False,,low,2.9,NORMAL,29.6,1011.5,35.0,HEALTHY,replay,4.8,0.0
2025-01-06T13:00:00+00:00,AWS-MUM-007,29.9,1011.2,32.0,False,,low,5.0,NORMAL,30.7,1010.2,31.0,HEALTHY,replay,8.3,0.0
2025-01-06T14:00:00+00:00,AWS-MUM-007,29.8,1010.4,34.0,False,,low,3.6,NORMAL,31.2,1009.4,29.0,HEALTHY,replay,6.0,0.0
2025-01-06T15:00:00+00:00,AWS-MUM-007,28.8,1009.8,41.0,False,,low,2.0,NORMAL,31.1,1008.8,28.0,HEALTHY,replay,3.3,0.0
2025-01-06T16:00:00+00:00,AWS-MUM-007,27.4,1009.8,51.0,False,,low,2.2,NORMAL,30.4,1008.7,29.0,HEALTHY,replay,3.6,0.0
2025-01-06T17:00:00+00:00,AWS-MUM-007,26.0,1010.1,58.0,False,,low,1.0,NORMAL,29.0,1009.0,34.0,HEALTHY,replay,1.7,0.0
2025-01-06T18:00:00+00:00,AWS-MUM-007,24.2,1010.6,67.0,False,,low,1.6,NORMAL,27.1,1009.5,41.0,HEALTHY,replay,2.7,0.0
2025-01-06T19:00:00+00:00,AWS-MUM-007,23.5,1011.5,64.0,False,,low,0.5,NORMAL,25.2,1010.5,49.0,HEALTHY,replay,0.8,0.0
2025-01-06T20:00:00+00:00,AWS-MUM-007,23.0,1012.5,61.0,False,,low,0.5,NORMAL,23.7,1011.6,54.0,HEALTHY,replay,0.9,0.0
2025-01-06T21:00:00+00:00,AWS-MUM-007,22.5,1013.0,59.0,False,,low,0.4,NORMAL,22.6,1012.1,59.0,HEALTHY,replay,0.6,0.0
2025-01-06T22:00:00+00:00,AWS-MUM-007,21.8,1013.4,60.0,False,,low,0.3,NORMAL,21.6,1012.4,62.0,HEALTHY,replay,0.4,0.0
2025-01-06T23:00:00+00:00,AWS-MUM-007,21.3,1013.1,59.0,False,,low,0.3,NORMAL,21.0,1012.1,62.0,HEALTHY,replay,0.5,0.0
2025-01-07T00:00:00+00:00,AWS-MUM-007,20.9,1012.7,56.0,False,,low,0.3,NORMAL,20.4,1011.7,60.0,HEALTHY,replay,0.5,0.0
2025-01-07T01:00:00+00:00,AWS-MUM-007,20.6,1012.3,54.0,False,,low,0.3,NORMAL,20.0,1011.4,61.0,HEALTHY,replay,0.6,0.0
2025-01-07T02:00:00+00:00,AWS-MUM-007,20.2,1011.9,54.0,False,,low,0.2,NORMAL,19.5,1011.0,64.0,HEALTHY,replay,0.4,0.0
2025-01-07T03:00:00+00:00,AWS-MUM-007,19.9,1011.8,54.0,False,,low,0.2,NORMAL,18.9,1011.0,67.0,HEALTHY,replay,0.4,0.0
2025-01-07T04:00:00+00:00,AWS-MUM-007,19.6,1011.6,56.0,False,,low,0.3,NORMAL,18.2,1010.8,66.0,HEALTHY,replay,0.4,0.0
2025-01-07T05:00:00+00:00,AWS-MUM-007,19.3,1011.9,57.0,False,,low,0.3,NORMAL,17.7,1011.1,70.0,HEALTHY,replay,0.5,0.0
2025-01-07T06:00:00+00:00,AWS-MUM-007,18.7,1012.5,64.0,False,,low,0.3,NORMAL,17.3,1011.8,76.0,HEALTHY,replay,0.5,0.0
2025-01-07T07:00:00+00:00,AWS-MUM-007,18.5,1013.1,66.0,False,,low,0.2,NORMAL,17.1,1012.4,79.0,HEALTHY,replay,0.4,0.0
2025-01-07T08:00:00+00:00,AWS-MUM-007,19.7,1013.9,62.0,False,,low,0.3,NORMAL,18.6,1013.2,75.0,HEALTHY,replay,0.6,0.0
2025-01-07T09:00:00+00:00,AWS-MUM-007,22.3,1014.3,55.0,False,,low,0.5,NORMAL,21.7,1013.6,61.0,HEALTHY,replay,0.9,0.0
2025-01-07T10:00:00+00:00,AWS-MUM-007,25.4,1014.2,48.0,False,,low,0.8,NORMAL,25.3,1013.4,50.0,HEALTHY,replay,1.3,0.0
2025-01-07T11:00:00+00:00,AWS-MUM-007,28.2,1013.5,41.0,False,,low,1.9,NORMAL,28.5,1012.6,41.0,HEALTHY,replay,3.1,0.0
2025-01-07T12:00:00+00:00,AWS-MUM-007,30.3,1012.1,35.0,False,,low,8.1,NORMAL,30.7,1011.2,34.0,HEALTHY,replay,13.5,0.0
2025-01-07T13:00:00+00:00,AWS-MUM-007,31.4,1010.6,32.0,False,,low,9.9,NORMAL,32.1,1009.6,29.0,HEALTHY,replay,16.5,0.0
2025-01-07T14:00:00+00:00,AWS-MUM-007,31.4,1009.6,34.0,False,,low,9.5,NORMAL,32.9,1008.5,26.0,HEALTHY,replay,15.8,0.0
2025-01-07T15:00:00+00:00,AWS-MUM-007,30.1,1009.1,45.0,False,,low,3.8,NORMAL,33.1,1007.9,24.0,HEALTHY,replay,6.3,0.0
2025-01-07T16:00:00+00:00,AWS-MUM-007,29.0,1008.9,53.0,False,,low,2.8,NORMAL,32.9,1007.7,23.0,HEALTHY,replay,4.6,0.0
2025-01-07T17:00:00+00:00,AWS-MUM-007,27.4,1009.0,66.0,False,,low,3.2,NORMAL,31.9,1007.8,26.0,HEALTHY,replay,5.3,0.0
2025-01-07T18:00:00+00:00,AWS-MUM-007,26.6,1009.6,73.0,False,,low,1.6,NORMAL,29.8,1008.5,32.0,HEALTHY,replay,2.7,0.0
2025-01-07T19:00:00+00:00,AWS-MUM-007,26.1,1010.3,64.0,False,,low,2.5,NORMAL,28.5,1009.3,34.0,HEALTHY,replay,4.2,0.0
2025-01-07T20:00:00+00:00,AWS-MUM-007,26.1,1011.1,53.0,False,,low,3.5,NORMAL,26.2,1010.3,43.0,HEALTHY,replay,5.9,0.0
2025-01-07T21:00:00+00:00,AWS-MUM-007,25.6,1011.4,47.0,False,,low,1.6,NORMAL,24.8,1010.8,51.0,HEALTHY,replay,2.7,0.0
2025-01-07T22:00:00+00:00,AWS-MUM-007,25.0,1011.3,49.0,False,,low,0.3,NORMAL,24.0,1010.7,54.0,HEALTHY,replay,0.6,0.0
2025-01-07T23:00:00+00:00,AWS-MUM-007,24.5,1011.2,51.0,False,,low,0.3,NORMAL,23.4,1010.6,58.0,HEALTHY,replay,0.5,0.0
2025-01-08T00:00:00+00:00,AWS-MUM-007,24.1,1011.1,53.0,False,,low,0.3,NORMAL,22.8,1010.5,61.0,HEALTHY,replay,0.5,0.0
2025-01-08T01:00:00+00:00,AWS-MUM-007,23.6,1010.8,56.0,False,,low,0.4,NORMAL,22.2,1010.2,64.0,HEALTHY,replay,0.7,0.0
2025-01-08T02:00:00+00:00,AWS-MUM-007,23.0,1010.1,58.0,False,,low,0.2,NORMAL,21.6,1009.5,66.0,HEALTHY,replay,0.4,0.0
2025-01-08T03:00:00+00:00,AWS-MUM-007,22.3,1009.8,61.0,False,,low,0.2,NORMAL,21.0,1009.2,69.0,HEALTHY,replay,0.3,0.0
2025-01-08T04:00:00+00:00,AWS-MUM-007,21.7,1009.6,63.0,False,,low,0.1,NORMAL,20.4,1009.1,71.0,HEALTHY,replay,0.2,0.0
2025-01-08T05:00:00+00:00,AWS-MUM-007,21.2,1010.0,65.0,False,,low,0.1,NORMAL,19.9,1009.5,73.0,HEALTHY,replay,0.2,0.0
2025-01-08T06:00:00+00:00,AWS-MUM-007,20.5,1011.0,68.0,False,,low,0.1,NORMAL,19.4,1010.4,75.0,HEALTHY,replay,0.2,0.0
2025-01-08T07:00:00+00:00,AWS-MUM-007,20.0,1011.9,70.0,False,,low,0.2,NORMAL,19.1,1011.3,76.0,HEALTHY,replay,0.3,0.0
2025-01-08T08:00:00+00:00,AWS-MUM-007,20.9,1013.1,67.0,False,,low,0.5,NORMAL,20.3,1012.4,70.0,HEALTHY,replay,0.8,0.0
2025-01-08T09:00:00+00:00,AWS-MUM-007,23.3,1013.8,58.0,False,,low,0.7,NORMAL,23.1,1013.1,59.0,HEALTHY,replay,1.2,0.0
2025-01-08T10:00:00+00:00,AWS-MUM-007,26.4,1013.9,47.0,False,,low,0.9,NORMAL,26.6,1013.0,47.0,HEALTHY,replay,1.4,0.0
2025-01-08T11:00:00+00:00,AWS-MUM-007,29.0,1013.2,39.0,False,,low,1.4,NORMAL,29.5,1012.2,38.0,HEALTHY,replay,2.3,0.0
2025-01-08T12:00:00+00:00,AWS-MUM-007,30.4,1012.0,36.0,False,,low,1.0,NORMAL,31.7,1010.9,31.0,HEALTHY,replay,1.7,0.0
2025-01-08T13:00:00+00:00,AWS-MUM-007,30.6,1010.9,38.0,False,,low,1.4,NORMAL,32.9,1009.7,25.0,HEALTHY,replay,2.4,0.0
2025-01-08T14:00:00+00:00,AWS-MUM-007,30.0,1010.1,43.0,False,,low,2.1,NORMAL,33.3,1008.7,24.0,HEALTHY,replay,3.4,0.0
2025-01-08T15:00:00+00:00,AWS-MUM-007,29.3,1009.6,45.0,False,,low,0.4,NORMAL,33.2,1008.1,26.0,HEALTHY,replay,0.7,0.0
2025-01-08T16:00:00+00:00,AWS-MUM-007,28.4,1009.4,46.0,False,,low,0.4,NORMAL,31.9,1007.9,31.0,HEALTHY,replay,0.6,0.0
2025-01-08T17:00:00+00:00,AWS-MUM-007,27.2,1009.6,49.0,False,,low,0.2,NORMAL,30.1,1008.2,38.0,HEALTHY,replay,0.3,0.0
2025-01-08T18:00:00+00:00,AWS-MUM-007,25.8,1009.9,61.0,False,,low,0.8,NORMAL,28.6,1008.8,46.0,HEALTHY,replay,1.3,0.0
2025-01-08T19:00:00+00:00,AWS-MUM-007,25.2,1010.7,64.0,False,,low,0.2,NORMAL,27.6,1009.7,50.0,HEALTHY,replay,0.3,0.0
2025-01-08T20:00:00+00:00,AWS-MUM-007,25.1,1011.4,60.0,False,,low,0.1,NORMAL,26.2,1010.5,53.0,HEALTHY,replay,0.2,0.0
2025-01-08T21:00:00+00:00,AWS-MUM-007,25.2,1011.7,53.0,False,,low,0.3,NORMAL,25.6,1010.8,50.0,HEALTHY,replay,0.5,0.0
2025-01-08T22:00:00+00:00,AWS-MUM-007,25.3,1011.8,47.0,False,,low,0.4,NORMAL,24.8,1011.0,47.0,HEALTHY,replay,0.7,0.0
2025-01-08T23:00:00+00:00,AWS-MUM-007,25.1,1011.6,43.0,False,,low,0.3,NORMAL,23.8,1010.9,49.0,HEALTHY,replay,0.5,0.0
2025-01-09T00:00:00+00:00,AWS-MUM-007,24.2,1011.3,44.0,False,,low,0.3,NORMAL,22.5,1010.7,54.0,HEALTHY,replay,0.5,0.0
2025-01-09T01:00:00+00:00,AWS-MUM-007,23.2,1011.0,48.0,False,,low,0.2,NORMAL,21.4,1010.4,59.0,HEALTHY,replay,0.3,0.0
2025-01-09T02:00:00+00:00,AWS-MUM-007,22.4,1010.6,52.0,False,,low,0.1,NORMAL,20.5,1010.1,63.0,HEALTHY,replay,0.2,0.0
2025-01-09T03:00:00+00:00,AWS-MUM-007,21.8,1010.3,54.0,False,,low,0.1,NORMAL,19.8,1009.8,65.0,HEALTHY,replay,0.1,0.0
2025-01-09T04:00:00+00:00,AWS-MUM-007,21.4,1010.2,55.0,False,,low,0.1,NORMAL,19.4,1009.7,68.0,HEALTHY,replay,0.1,0.0
2025-01-09T05:00:00+00:00,AWS-MUM-007,20.9,1010.5,56.0,False,,low,0.1,NORMAL,19.2,1010.0,69.0,HEALTHY,replay,0.1,0.0
2025-01-09T06:00:00+00:00,AWS-MUM-007,20.6,1011.5,58.0,False,,low,0.1,NORMAL,18.9,1011.1,69.0,HEALTHY,replay,0.1,0.0
2025-01-09T07:00:00+00:00,AWS-MUM-007,20.4,1012.2,58.0,False,,low,0.1,NORMAL,18.9,1011.7,65.0,HEALTHY,replay,0.2,0.0
2025-01-09T08:00:00+00:00,AWS-MUM-007,21.5,1013.0,54.0,False,,low,0.2,NORMAL,20.4,1012.5,59.0,HEALTHY,replay,0.3,0.0
2025-01-09T09:00:00+00:00,AWS-MUM-007,24.2,1013.7,46.0,False,,low,0.9,NORMAL,23.5,1013.0,49.0,HEALTHY,replay,1.5,0.0
2025-01-09T10:00:00+00:00,AWS-MUM-007,27.3,1013.6,35.0,False,,low,3.7,NORMAL,27.2,1013.0,37.0,HEALTHY,replay,6.1,0.0
2025-01-09T11:00:00+00:00,AWS-MUM-007,29.7,1013.0,31.0,False,,low,2.2,NORMAL,29.9,1012.2,30.0,HEALTHY,replay,3.7,0.0
2025-01-09T12:00:00+00:00,AWS-MUM-007,31.5,1011.8,27.0,False,,low,2.4,NORMAL,31.8,1010.9,26.0,HEALTHY,replay,4.0,0.0
2025-01-09T13:00:00+00:00,AWS-MUM-007,32.0,1010.8,25.0,False,,low,1.7,NORMAL,32.6,1009.8,23.0,HEALTHY,replay,2.8,0.0
2025-01-09T14:00:00+00:00,AWS-MUM-007,32.0,1009.8,26.0,False,,low,3.8,NORMAL,32.9,1008.7,23.0,HEALTHY,replay,6.3,0.0
2025-01-09T15:00:00+00:00,AWS-MUM-007,31.4,1009.2,29.0,False,,low,1.1,NORMAL,32.9,1008.1,23.0,HEALTHY,replay,1.8,0.0
2025-01-09T16:00:00+00:00,AWS-MUM-007,30.1,1009.3,35.0,False,,low,0.5,NORMAL,32.8,1008.0,23.0,HEALTHY,replay,0.8,0.0
2025-01-09T17:00:00+00:00,AWS-MUM-007,28.5,1009.8,39.0,False,,low,0.2,NORMAL,31.6,1008.5,26.0,HEALTHY,replay,0.4,0.0
2025-01-09T18:00:00+00:00,AWS-MUM-007,26.8,1011.0,51.0,False,,low,1.2,NORMAL,29.3,1009.7,34.0,HEALTHY,replay,2.0,0.0
2025-01-09T19:00:00+00:00,AWS-MUM-007,25.6,1011.9,59.0,False,,low,0.8,NORMAL,27.5,1010.6,39.0,HEALTHY,replay,1.3,0.0
2025-01-09T20:00:00+00:00,AWS-MUM-007,25.1,1012.7,59.0,False,,low,0.4,NORMAL,25.5,1011.8,51.0,HEALTHY,replay,0.7,0.0
2025-01-09T21:00:00+00:00,AWS-MUM-007,25.1,1013.5,53.0,False,,low,0.4,NORMAL,24.3,1012.8,53.0,HEALTHY,replay,0.7,0.0
2025-01-09T22:00:00+00:00,AWS-MUM-007,24.4,1014.0,54.0,False,,low,0.3,NORMAL,23.4,1013.3,55.0,HEALTHY,replay,0.5,0.0
2025-01-09T23:00:00+00:00,AWS-MUM-007,23.5,1013.8,56.0,False,,low,0.2,NORMAL,22.3,1012.9,61.0,HEALTHY,replay,0.3,0.0
2025-01-10T00:00:00+00:00,AWS-MUM-007,23.547613368590365,1013.0,56.0,False,,low,0.2,NORMAL,21.7,1012.2,64.0,HEALTHY,replay,0.3,0.0
2025-01-10T01:00:00+00:00,AWS-MUM-007,23.51287355969195,1012.4,56.0,False,,low,0.1,NORMAL,21.1,1011.7,66.0,HEALTHY,replay,0.2,0.0
2025-01-10T02:00:00+00:00,AWS-MUM-007,23.53377004684177,1011.9,57.0,False,,low,0.1,NORMAL,20.4,1011.2,68.0,HEALTHY,replay,0.2,0.0
2025-01-10T03:00:00+00:00,AWS-MUM-007,23.556195561951814,1011.4,58.0,False,,low,0.1,NORMAL,19.7,1010.8,69.0,HEALTHY,replay,0.2,0.0
2025-01-10T04:00:00+00:00,AWS-MUM-007,23.45775519043909,1011.4,61.0,False,,low,0.1,NORMAL,19.1,1010.8,72.0,HEALTHY,replay,0.2,0.0
2025-01-10T05:00:00+00:00,AWS-MUM-007,23.445573820586898,1011.6,63.0,False,,low,0.3,NORMAL,18.6,1011.0,73.0,HEALTHY,replay,0.4,0.0
2025-01-10T06:00:00+00:00,AWS-MUM-007,23.505718107167432,1012.8,56.0,False,,low,0.4,NORMAL,18.4,1012.2,73.0,HEALTHY,replay,0.7,0.0
2025-01-10T07:00:00+00:00,AWS-MUM-007,20.5,1013.4,57.0,False,,low,0.4,NORMAL,18.2,1012.8,72.0,HEALTHY,replay,0.6,0.0
2025-01-10T08:00:00+00:00,AWS-MUM-007,21.6,1013.391109611146,54.0,False,,low,0.1,NORMAL,19.9,1013.7,66.0,HEALTHY,replay,0.2,0.0
2025-01-10T09:00:00+00:00,AWS-MUM-007,24.3,1013.4122502553917,47.0,False,,low,0.4,NORMAL,23.3,1014.3,51.0,HEALTHY,replay,0.6,0.0
2025-01-10T10:00:00+00:00,AWS-MUM-007,27.2,1013.400151852649,38.0,False,,low,1.0,NORMAL,27.0,1014.4,39.0,HEALTHY,replay,1.7,0.0
2025-01-10T11:00:00+00:00,AWS-MUM-007,29.4,1013.3634013774218,33.0,False,,low,2.6,NORMAL,29.6,1013.9,33.0,HEALTHY,replay,4.3,0.0
2025-01-10T12:00:00+00:00,AWS-MUM-007,30.8,1013.3235936271092,29.0,False,,low,2.2,NORMAL,31.5,1012.6,30.0,HEALTHY,replay,3.6,0.0
2025-01-10T13:00:00+00:00,AWS-MUM-007,31.3,1013.3578408811312,28.0,False,,low,2.5,NORMAL,32.6,1011.4,26.0,HEALTHY,replay,4.1,0.0
2025-01-10T14:00:00+00:00,AWS-MUM-007,31.1,1013.3150318833566,29.0,False,,low,3.4,NORMAL,32.9,1010.4,25.0,HEALTHY,replay,5.7,0.0
2025-01-10T15:00:00+00:00,AWS-MUM-007,30.4,1011.5,32.0,False,,low,1.0,NORMAL,32.6,1009.9,26.0,HEALTHY,replay,1.7,0.0
2025-01-10T16:00:00+00:00,AWS-MUM-007,29.5,1011.3,34.0,False,,low,0.6,NORMAL,31.4,1009.8,28.0,HEALTHY,replay,1.1,0.0
2025-01-10T17:00:00+00:00,AWS-MUM-007,28.1,1011.5,38.0,False,,low,0.7,NORMAL,29.7,1010.2,31.0,HEALTHY,replay,1.2,0.0
2025-01-10T18:00:00+00:00,AWS-MUM-007,26.3,1011.8,54.0,False,,low,1.8,NORMAL,27.6,1010.7,41.0,HEALTHY,replay,2.9,0.0
2025-01-10T19:00:00+00:00,AWS-MUM-007,25.7,1012.6,62.0,False,,low,1.3,NORMAL,26.4,1011.5,48.0,HEALTHY,replay,2.1,0.0
2025-01-10T20:00:00+00:00,AWS-MUM-007,25.3,1013.3,66.0,False,,low,0.5,NORMAL,25.4,1012.3,60.0,HEALTHY,replay,0.9,0.0
2025-01-10T21:00:00+00:00,AWS-MUM-007,24.7,1014.0,71.0,False,,low,1.1,NORMAL,24.7,1013.3,61.0,HEALTHY,replay,1.9,0.0
2025-01-10T22:00:00+00:00,AWS-MUM-007,24.0,1014.3,72.0,False,,low,0.4,NORMAL,23.9,1013.7,60.0,HEALTHY,replay,0.7,0.0
2025-01-10T23:00:00+00:00,AWS-MUM-007,23.5,1014.2,69.0,False,,low,0.3,NORMAL,23.2,1013.4,62.0,HEALTHY,replay,0.6,0.0
2025-01-11T00:00:00+00:00,AWS-MUM-007,22.8,1013.7,70.0,False,,low,0.3,NORMAL,22.3,1012.9,66.0,HEALTHY,replay,0.4,0.0
2025-01-11T01:00:00+00:00,AWS-MUM-007,22.2,1013.3,70.0,False,,low,0.2,NORMAL,21.6,1012.6,65.0,HEALTHY,replay,0.4,0.0
2025-01-11T02:00:00+00:00,AWS-MUM-007,21.8,1012.8,69.0,False,,low,0.2,NORMAL,20.9,1012.0,69.0,HEALTHY,replay,0.4,0.0
2025-01-11T03:00:00+00:00,AWS-MUM-007,21.4,1012.3,68.0,False,,low,0.2,NORMAL,20.2,1011.5,73.0,HEALTHY,replay,0.4,0.0
2025-01-11T04:00:00+00:00,AWS-MUM-007,20.9,1012.3,69.0,False,,low,0.2,NORMAL,19.8,1011.6,76.0,HEALTHY,replay,0.4,0.0
2025-01-11T05:00:00+00:00,AWS-MUM-007,20.5,1012.5,70.0,False,,low,0.4,NORMAL,19.4,1011.8,75.0,HEALTHY,replay,0.6,0.0
2025-01-11T06:00:00+00:00,AWS-MUM-007,20.8,1013.4,71.0,False,,low,0.4,NORMAL,19.3,1012.6,80.0,HEALTHY,replay,0.7,0.0
2025-01-11T07:00:00+00:00,AWS-MUM-007,20.7,1013.9,72.0,False,,low,0.3,NORMAL,18.9,1013.2,85.0,HEALTHY,replay,0.5,0.0
2025-01-11T08:00:00+00:00,AWS-MUM-007,22.2,1014.9,67.0,False,,low,0.4,NORMAL,20.5,1014.2,74.0,HEALTHY,replay,0.7,0.0
2025-01-11T09:00:00+00:00,AWS-MUM-007,24.3,1015.5,60.0,False,,low,0.9,NORMAL,23.6,1014.7,59.0,HEALTHY,replay,1.6,0.0
2025-01-11T10:00:00+00:00,AWS-MUM-007,43.08200546764337,1015.6,49.0,True,multivariate_inconsistency,high,78.1,MODEL_OVERRIDE,26.4,1014.8,49.0,HEALTHY,replay,96.1,51.1
2025-01-11T11:00:00+00:00,AWS-MUM-007,33.91591073110636,1014.9,43.0,False,,low,42.3,NORMAL,28.4,1014.0,41.0,HEALTHY,replay,70.4,0.0
2025-01-11T12:00:00+00:00,AWS-MUM-007,30.782557592039208,1013.6,44.0,False,,low,4.1,NORMAL,30.0,1012.6,35.0,HEALTHY,replay,6.8,0.0
2025-01-11T13:00:00+00:00,AWS-MUM-007,29.091826517294734,1012.6,50.0,False,,low,2.3,NORMAL,30.9,1011.4,32.0,HEALTHY,replay,3.8,0.0
2025-01-11T14:00:00+00:00,AWS-MUM-007,28.287272709676955,1011.6,49.0,False,,low,3.0,NORMAL,31.4,1010.2,32.0,HEALTHY,replay,5.0,0.0
2025-01-11T15:00:00+00:00,AWS-MUM-007,27.6,1011.1,46.0,False,,low,1.6,NORMAL,31.1,1009.6,37.0,HEALTHY,replay,2.7,0.0
2025-01-11T16:00:00+00:00,AWS-MUM-007,27.1,1011.3,46.0,False,,low,0.5,NORMAL,30.0,1009.7,39.0,HEALTHY,replay,0.8,0.0
2025-01-11T17:00:00+00:00,AWS-MUM-007,25.9,1011.5,52.0,False,,low,0.4,NORMAL,28.5,1010.2,41.0,HEALTHY,replay,0.6,0.0
2025-01-11T18:00:00+00:00,AWS-MUM-007,24.4,1012.3,68.0,False,,low,3.6,NORMAL,26.6,1011.1,46.0,HEALTHY,replay,6.0,0.0
2025-01-11T19:00:00+00:00,AWS-MUM-007,23.7,1012.9,76.0,False,,low,1.6,NORMAL,25.4,1011.7,53.0,HEALTHY,replay,2.7,0.0
2025-01-11T20:00:00+00:00,AWS-MUM-007,23.4,1013.8,77.0,False,,low,0.6,NORMAL,24.5,1012.7,59.0,HEALTHY,replay,0.9,0.0
2025-01-11T21:00:00+00:00,AWS-MUM-007,23.1,1014.4,77.0,False,,low,0.5,NORMAL,23.8,1013.5,62.0,HEALTHY,replay,0.8,0.0
2025-01-11T22:00:00+00:00,AWS-MUM-007,22.9,1014.7,75.0,False,,low,0.4,NORMAL,22.9,1013.9,64.0,HEALTHY,replay,0.7,0.0
2025-01-11T23:00:00+00:00,AWS-MUM-007,41.346652037413705,1014.6,78.0,True,multivariate_inconsistency,medium,62.9,FUSED_CONSENSUS,22.1,1013.9,69.0,HEALTHY,replay,68.1,55.1
2025-01-12T00:00:00+00:00,AWS-MUM-007,30.086851780468024,1014.3,80.0,False,multivariate_inconsistency,low,32.0,NORMAL,21.4,1013.5,72.0,HEALTHY,replay,23.4,45.0
2025-01-12T01:00:00+00:00,AWS-MUM-007,24.85631026361063,1014.0,79.0,False,multivariate_inconsistency,low,38.0,NORMAL,20.6,1013.2,76.0,OFFLINE,replay,4.6,88.0
2025-01-12T02:00:00+00:00,AWS-MUM-007,20.7,1013.4,77.0,False,multivariate_inconsistency,low,38.8,NORMAL,19.7,1012.5,83.0,OFFLINE,replay,6.1,88.0
2025-01-12T03:00:00+00:00,AWS-MUM-007,20.6,1013.0,76.0,False,multivariate_inconsistency,low,37.6,NORMAL,19.2,1012.1,85.0,OFFLINE,replay,3.9,88.0
2025-01-12T04:00:00+00:00,AWS-MUM-007,20.8,1012.9,76.0,False,multivariate_inconsistency,low,38.1,NORMAL,19.2,1012.2,83.0,OFFLINE,replay,4.8,88.0
2025-01-12T05:00:00+00:00,AWS-MUM-007,20.9,1013.4,75.0,False,multivariate_inconsistency,low,38.3,NORMAL,18.9,1012.6,84.0,OFFLINE,replay,5.2,88.0
2025-01-12T06:00:00+00:00,AWS-MUM-007,20.8,1014.0,79.0,False,multivariate_inconsistency,low,37.6,NORMAL,18.6,1013.1,86.0,OFFLINE,replay,4.1,88.0
2025-01-12T07:00:00+00:00,AWS-MUM-007,20.8,1014.6,76.0,False,multivariate_inconsistency,low,38.6,NORMAL,18.7,1013.9,84.0,OFFLINE,replay,5.7,88.0
2025-01-12T08:00:00+00:00,AWS-MUM-007,21.6,1015.3,69.0,False,multivariate_inconsistency,low,41.0,NORMAL,20.3,1014.7,74.0,OFFLINE,replay,9.6,88.0
2025-01-12T09:00:00+00:00,AWS-MUM-007,23.4,1015.7,58.0,False,multivariate_inconsistency,low,41.9,NORMAL,22.7,1015.0,60.0,OFFLINE,replay,11.2,88.0
2025-01-12T10:00:00+00:00,AWS-MUM-007,25.7,1015.7,49.0,True,multivariate_inconsistency,low,54.2,FUSED_CONSENSUS,25.3,1014.9,50.0,OFFLINE,replay,31.7,88.0
2025-01-12T11:00:00+00:00,AWS-MUM-007,28.1,1014.9,41.0,True,multivariate_inconsistency,low,53.9,FUSED_CONSENSUS,28.1,1014.1,43.0,OFFLINE,replay,31.1,88.0
2025-01-12T12:00:00+00:00,AWS-MUM-007,29.5,1013.7,36.0,True,multivariate_inconsistency,medium,66.4,FUSED_CONSENSUS,30.3,1012.8,35.0,OFFLINE,replay,51.9,88.0
2025-01-12T13:00:00+00:00,AWS-MUM-007,30.0,1012.1,37.0,True,multivariate_inconsistency,high,80.8,FUSED_CONSENSUS,31.4,1011.1,32.0,OFFLINE,replay,76.0,88.0
2025-01-12T14:00:00+00:00,AWS-MUM-007,29.7,1011.2,42.0,True,multivariate_inconsistency,high,80.6,FUSED_CONSENSUS,32.0,1010.0,31.0,OFFLINE,replay,75.7,88.0
2025-01-12T15:00:00+00:00,AWS-MUM-007,29.0,1010.4,46.0,True,multivariate_inconsistency,high,82.1,FUSED_CONSENSUS,32.0,1009.1,31.0,OFFLINE,replay,78.2,88.0
2025-01-12T16:00:00+00:00,AWS-MUM-007,28.2,1010.5,48.0,True,multivariate_inconsistency,high,78.7,FUSED_CONSENSUS,31.8,1009.0,32.0,OFFLINE,replay,72.5,88.0
2025-01-12T17:00:00+00:00,AWS-MUM-007,26.8,1010.8,53.0,True,multivariate_inconsistency,high,74.5,FUSED_CONSENSUS,30.3,1009.3,37.0,OFFLINE,replay,65.5,88.0
2025-01-12T18:00:00+00:00,AWS-MUM-007,25.1,1011.6,67.0,True,multivariate_inconsistency,medium,68.0,FUSED_CONSENSUS,27.9,1010.3,50.0,OFFLINE,replay,54.7,88.0
2025-01-12T19:00:00+00:00,AWS-MUM-007,24.5,1012.2,68.0,True,multivariate_inconsistency,medium,63.2,FUSED_CONSENSUS,26.6,1011.1,55.0,OFFLINE,replay,46.6,88.0
2025-01-12T20:00:00+00:00,AWS-MUM-007,24.6,1013.1,58.0,True,multivariate_inconsistency,medium,57.9,FUSED_CONSENSUS,25.8,1012.1,54.0,OFFLINE,replay,37.8,88.0
2025-01-12T21:00:00+00:00,AWS-MUM-007,24.3,1013.6,53.0,True,multivariate_inconsistency,low,53.3,FUSED_CONSENSUS,25.0,1012.6,53.0,OFFLINE,replay,30.2,88.0
2025-01-12T22:00:00+00:00,AWS-MUM-007,24.1,1013.6,52.0,True,multivariate_inconsistency,low,52.9,FUSED_CONSENSUS,24.4,1012.7,52.0,OFFLINE,replay,29.5,88.0
2025-01-12T23:00:00+00:00,AWS-MUM-007,23.7,1013.2,50.0,True,multivariate_inconsistency,medium,55.4,FUSED_CONSENSUS,23.6,1012.3,52.0,OFFLINE,replay,33.6,88.0
2025-01-13T00:00:00+00:00,AWS-MUM-007,23.3,1012.8,50.0,True,multivariate_inconsistency,medium,63.5,FUSED_CONSENSUS,23.1,1012.0,56.0,OFFLINE,replay,47.1,88.0
2025-01-13T01:00:00+00:00,AWS-MUM-007,23.0,1012.4,53.0,True,multivariate_inconsistency,medium,61.1,FUSED_CONSENSUS,22.4,1011.6,61.0,OFFLINE,replay,43.2,88.0
2025-01-13T02:00:00+00:00,AWS-MUM-007,22.5,1011.7,58.0,True,multivariate_inconsistency,medium,68.1,FUSED_CONSENSUS,22.0,1011.0,66.0,OFFLINE,replay,54.8,88.0
2025-01-13T03:00:00+00:00,AWS-MUM-007,22.2,1011.2,62.0,True,multivariate_inconsistency,high,72.1,FUSED_CONSENSUS,21.6,1010.5,70.0,OFFLINE,replay,61.5,88.0
2025-01-13T04:00:00+00:00,AWS-MUM-007,22.0,1011.1,66.0,True,multivariate_inconsistency,high,71.4,FUSED_CONSENSUS,21.5,1010.4,72.0,OFFLINE,replay,60.3,88.0
2025-01-13T05:00:00+00:00,AWS-MUM-007,22.1,1011.0,67.0,True,multivariate_inconsistency,high,71.1,FUSED_CONSENSUS,21.4,1010.4,73.0,OFFLINE,replay,59.8,88.0
2025-01-13T06:00:00+00:00,AWS-MUM-007,22.3,1011.9,66.0,True,multivariate_inconsistency,medium,64.0,FUSED_CONSENSUS,21.7,1011.3,70.0,OFFLINE,replay,48.1,88.0
2025-01-13T07:00:00+00:00,AWS-MUM-007,22.1,1012.4,67.0,True,multivariate_inconsistency,medium,57.5,FUSED_CONSENSUS,21.4,1011.8,72.0,OFFLINE,replay,37.2,88.0
2025-01-13T08:00:00+00:00,AWS-MUM-007,23.1,1013.1,64.0,True,multivariate_inconsistency,low,49.5,FUSED_CONSENSUS,23.0,1012.6,66.0,OFFLINE,replay,23.8,88.0
2025-01-13T09:00:00+00:00,AWS-MUM-007,25.4,1013.4,56.0,True,multivariate_inconsistency,low,53.4,FUSED_CONSENSUS,25.7,1012.8,56.0,OFFLINE,replay,30.4,88.0
2025-01-13T10:00:00+00:00,AWS-MUM-007,28.2,1013.2,47.0,True,multivariate_inconsistency,high,74.0,FUSED_CONSENSUS,28.4,1012.5,47.0,OFFLINE,replay,64.7,88.0
2025-01-13T11:00:00+00:00,AWS-MUM-007,30.4,1012.4,41.0,True,multivariate_inconsistency,high,85.9,FUSED_CONSENSUS,30.5,1011.7,42.0,OFFLINE,replay,84.6,88.0
2025-01-13T12:00:00+00:00,AWS-MUM-007,32.0,1011.2,37.0,True,multivariate_inconsistency,critical,90.7,MODEL_OVERRIDE,32.2,1010.3,38.0,OFFLINE,replay,92.5,88.0
2025-01-13T13:00:00+00:00,AWS-MUM-007,32.7,1009.9,35.0,True,multivariate_inconsistency,critical,91.6,MODEL_OVERRIDE,33.4,1008.9,33.0,OFFLINE,replay,94.1,88.0
2025-01-13T14:00:00+00:00,AWS-MUM-007,32.4,1008.8,37.0,True,multivariate_inconsistency,critical,93.9,MODEL_OVERRIDE,34.1,1007.8,31.0,OFFLINE,replay,97.6,88.3
2025-01-13T15:00:00+00:00,AWS-MUM-007,30.6,1008.3,48.0,True,multivariate_inconsistency,critical,93.4,MODEL_OVERRIDE,34.4,1007.0,29.0,OFFLINE,replay,97.0,88.1
2025-01-13T16:00:00+00:00,AWS-MUM-007,29.3,1008.4,52.0,True,multivariate_inconsistency,critical,94.3,RULE_ENGINE_BYPASS,33.7,1006.7,29.0,OFFLINE,replay,96.7,90.7
2025-01-13T17:00:00+00:00,AWS-MUM-007,28.2,1008.7,55.0,True,multivariate_inconsistency,critical,96.5,RULE_ENGINE_BYPASS,31.8,1007.1,39.0,OFFLINE,replay,97.5,95.0
2025-01-13T18:00:00+00:00,AWS-MUM-007,26.5,1009.3,67.0,True,multivariate_inconsistency,critical,96.5,RULE_ENGINE_BYPASS,29.6,1008.0,48.0,OFFLINE,replay,98.2,93.9
2025-01-13T19:00:00+00:00,AWS-MUM-007,25.9,1009.9,67.0,True,multivariate_inconsistency,high,88.0,FUSED_CONSENSUS,28.7,1008.8,52.0,OFFLINE,replay,,88.0
2025-01-13T20:00:00+00:00,AWS-MUM-007,25.7,1010.8,63.0,True,multivariate_inconsistency,high,88.0,FUSED_CONSENSUS,27.6,1009.9,54.0,OFFLINE,replay,,88.0
2025-01-13T21:00:00+00:00,AWS-MUM-007,25.7,1011.3,59.0,True,multivariate_inconsistency,high,88.0,FUSED_CONSENSUS,26.2,1010.6,56.0,OFFLINE,replay,,88.0
2025-01-13T22:00:00+00:00,AWS-MUM-007,25.7,1011.6,54.0,True,spike,high,89.9,FUSED_CONSENSUS,25.1,1010.6,56.0,OFFLINE,replay,,89.9
2025-01-13T23:00:00+00:00,AWS-MUM-007,24.8,1011.6,59.0,True,multivariate_inconsistency,high,88.0,FUSED_CONSENSUS,24.0,1010.7,59.0,OFFLINE,replay,,88.0
2025-01-14T00:00:00+00:00,AWS-MUM-007,24.0,1011.2,60.0,True,multivariate_inconsistency,high,88.0,FUSED_CONSENSUS,23.2,1010.5,64.0,OFFLINE,replay,,88.0
2025-01-14T01:00:00+00:00,AWS-MUM-007,23.6,1011.0,60.0,True,multivariate_inconsistency,high,88.0,FUSED_CONSENSUS,22.7,1010.2,66.0,OFFLINE,replay,,88.0
2025-01-14T02:00:00+00:00,AWS-MUM-007,22.9,1010.4,63.0,True,spike,high,88.1,FUSED_CONSENSUS,22.4,1009.8,66.0,OFFLINE,replay,,88.1
2025-01-14T03:00:00+00:00,AWS-MUM-007,31.05310347484856,1010.0818733974066,100.0,True,multivariate_inconsistency,high,88.0,FUSED_CONSENSUS,22.1,1009.4,66.0,OFFLINE,replay,,88.0
2025-01-14T04:00:00+00:00,AWS-MUM-007,30.75310347484856,1010.1253480240606,100.0,True,multivariate_inconsistency,high,88.0,FUSED_CONSENSUS,21.7,1009.4,68.0,OFFLINE,replay,,88.0
2025-01-14T05:00:00+00:00,AWS-MUM-007,30.25310347484856,1010.6800062300042,100.0,True,multivariate_inconsistency,high,88.0,FUSED_CONSENSUS,21.3,1009.9,72.0,OFFLINE,replay,,88.0
2025-01-14T06:00:00+00:00,AWS-MUM-007,22.3,1011.6,65.0,True,spike,high,89.1,FUSED_CONSENSUS,20.7,1011.0,77.0,OFFLINE,replay,,89.1
2025-01-14T07:00:00+00:00,AWS-MUM-007,22.6,1012.1,64.0,True,spike,high,88.6,FUSED_CONSENSUS,20.7,1011.5,79.0,OFFLINE,replay,,88.6
2025-01-14T08:00:00+00:00,AWS-MUM-007,24.1,1012.8,58.0,True,multivariate_inconsistency,high,88.0,FUSED_CONSENSUS,22.2,1012.2,73.0,OFFLINE,replay,,88.0
2025-01-14T09:00:00+00:00,AWS-MUM-007,26.7,1013.4,51.0,True,multivariate_inconsistency,high,88.0,FUSED_CONSENSUS,25.3,1012.7,60.0,OFFLINE,replay,,88.0
2025-01-14T10:00:00+00:00,AWS-MUM-007,29.3,1013.3,42.0,True,multivariate_inconsistency,high,88.0,FUSED_CONSENSUS,28.9,1012.6,47.0,OFFLINE,replay,,88.0
2025-01-14T11:00:00+00:00,AWS-MUM-007,31.5,1012.6,36.0,True,multivariate_inconsistency,high,88.0,FUSED_CONSENSUS,31.6,1011.8,37.0,OFFLINE,replay,,88.0
2025-01-14T12:00:00+00:00,AWS-MUM-007,32.6,1011.3,33.0,True,multivariate_inconsistency,high,88.0,FUSED_CONSENSUS,33.3,1010.2,33.0,OFFLINE,replay,,88.0
2025-01-14T13:00:00+00:00,AWS-MUM-007,32.9,1010.3,33.0,True,multivariate_inconsistency,high,88.0,FUSED_CONSENSUS,34.5,1009.0,29.0,OFFLINE,replay,,88.0
2025-01-14T14:00:00+00:00,AWS-MUM-007,32.1,1009.6,37.0,True,spike,high,89.9,FUSED_CONSENSUS,34.7,1008.1,29.0,OFFLINE,replay,,89.9
2025-01-14T15:00:00+00:00,AWS-MUM-007,30.6,1009.0,45.0,True,spike,high,89.9,FUSED_CONSENSUS,33.8,1007.5,30.0,OFFLINE,replay,,89.9
2025-01-14T16:00:00+00:00,AWS-MUM-007,29.2,1009.5,52.0,True,spike,high,89.9,FUSED_CONSENSUS,31.6,1008.1,40.0,OFFLINE,replay,,89.9
2025-01-14T17:00:00+00:00,AWS-MUM-007,28.0,1010.0,57.0,True,spike,high,89.0,FUSED_CONSENSUS,29.8,1008.7,46.0,OFFLINE,replay,,89.0
2025-01-14T18:00:00+00:00,AWS-MUM-007,26.3,1010.9,68.0,True,multivariate_inconsistency,high,88.0,FUSED_CONSENSUS,28.1,1009.6,54.0,OFFLINE,replay,,88.0
2025-01-14T19:00:00+00:00,AWS-MUM-007,25.3,1011.6,72.0,True,multivariate_inconsistency,high,88.0,FUSED_CONSENSUS,26.8,1010.6,62.0,OFFLINE,replay,,88.0
2025-01-14T20:00:00+00:00,AWS-MUM-007,24.7,1012.6,74.0,True,multivariate_inconsistency,high,88.0,FUSED_CONSENSUS,25.9,1011.9,64.0,OFFLINE,replay,,88.0
2025-01-14T21:00:00+00:00,AWS-MUM-007,24.6,1013.5,69.0,True,multivariate_inconsistency,high,88.0,FUSED_CONSENSUS,25.4,1012.7,65.0,OFFLINE,replay,,88.0
2025-01-14T22:00:00+00:00,AWS-MUM-007,24.6,1013.9,67.0,True,multivariate_inconsistency,high,88.0,FUSED_CONSENSUS,24.9,1013.1,67.0,OFFLINE,replay,,88.0
2025-01-14T23:00:00+00:00,AWS-MUM-007,24.5,1013.7,67.0,True,multivariate_inconsistency,high,88.0,FUSED_CONSENSUS,24.4,1012.8,69.0,OFFLINE,replay,,88.0
2025-01-15T00:00:00+00:00,AWS-MUM-007,24.0,1013.0300709917474,69.0,True,multivariate_inconsistency,high,88.0,FUSED_CONSENSUS,23.8,1012.4,72.0,OFFLINE,replay,,88.0
2025-01-15T01:00:00+00:00,AWS-MUM-007,23.7,1012.2601419834948,70.0,True,multivariate_inconsistency,high,88.0,FUSED_CONSENSUS,23.8,1012.0,74.0,OFFLINE,replay,,88.0
2025-01-15T02:00:00+00:00,AWS-MUM-007,23.3,1011.3902129752422,71.0,True,multivariate_inconsistency,high,88.0,FUSED_CONSENSUS,23.5,1011.3,73.0,OFFLINE,replay,,88.0
2025-01-15T03:00:00+00:00,AWS-MUM-007,23.0,1010.2202839669894,72.0,True,multivariate_inconsistency,high,88.0,FUSED_CONSENSUS,23.0,1010.6,74.0,OFFLINE,replay,,88.0
2025-01-15T04:00:00+00:00,AWS-MUM-007,22.7,1010.0503549587368,74.0,True,spike,high,88.4,FUSED_CONSENSUS,22.7,1010.5,76.0,OFFLINE,replay,,88.4
2025-01-15T05:00:00+00:00,AWS-MUM-007,22.6,1009.9804259504842,75.0,True,spike,high,88.6,FUSED_CONSENSUS,22.2,1010.8,78.0,OFFLINE,replay,,88.6
2025-01-15T06:00:00+00:00,AWS-MUM-007,21.9,1010.6104969422316,77.0,True,multivariate_inconsistency,high,88.0,FUSED_CONSENSUS,21.8,1011.6,83.0,OFFLINE,replay,,88.0
2025-01-15T07:00:00+00:00,AWS-MUM-007,22.1,1011.1405679339788,78.0,True,spike,high,89.5,FUSED_CONSENSUS,21.5,1012.5,82.0,OFFLINE,replay,,89.5
2025-01-15T08:00:00+00:00,AWS-MUM-007,23.4,1011.4706389257263,74.0,True,multivariate_inconsistency,high,88.0,FUSED_CONSENSUS,23.2,1013.1,73.0,OFFLINE,replay,,88.0
2025-01-15T09:00:00+00:00,AWS-MUM-007,-40.05333187737108,1011.9007099174736,65.0,True,spike,high,89.9,FUSED_CONSENSUS,25.9,1013.8,60.0,OFFLINE,replay,,89.9
2025-01-15T10:00:00+00:00,AWS-MUM-007,-40.07430453384169,1011.7307809092212,54.0,True,spike,high,89.9,FUSED_CONSENSUS,28.3,1013.8,51.0,OFFLINE,replay,,89.9
2025-01-15T11:00:00+00:00,AWS-MUM-007,-40.08831284201554,1010.7608519009684,49.0,True,spike,high,89.9,FUSED_CONSENSUS,30.6,1012.9,44.0,OFFLINE,replay,,89.9
2025-01-15T12:00:00+00:00,AWS-MUM-007,-40.01280019168063,1009.3909228927158,47.0,True,spike,high,89.9,FUSED_CONSENSUS,32.2,1011.6,40.0,OFFLINE,replay,,89.9
2025-01-15T13:00:00+00:00,AWS-MUM-007,29.6,1008.3209938844632,52.0,True,multivariate_inconsistency,high,88.0,FUSED_CONSENSUS,33.2,1010.4,38.0,OFFLINE,replay,,88.0
2025-01-15T14:00:00+00:00,AWS-MUM-007,28.6,1007.3510648762106,55.0,True,spike,high,89.9,FUSED_CONSENSUS,32.6,1009.6,42.0,OFFLINE,replay,,89.9
2025-01-15T15:00:00+00:00,AWS-MUM-007,27.9,1006.481135867958,57.0,True,spike,high,89.0,FUSED_CONSENSUS,31.5,1009.1,45.0,OFFLINE,replay,,89.0
2025-01-15T16:00:00+00:00,AWS-MUM-007,27.1,1006.3112068597052,61.0,True,multivariate_inconsistency,high,88.0,FUSED_CONSENSUS,30.0,1009.4,48.0,OFFLINE,replay,,88.0
2025-01-15T17:00:00+00:00,AWS-MUM-007,26.1,1006.4412778514528,67.0,True,multivariate_inconsistency,high,88.0,FUSED_CONSENSUS,28.8,1009.9,51.0,OFFLINE,replay,,88.0
2025-01-15T18:00:00+00:00,AWS-MUM-007,24.7,1007.2713488432,75.0,True,multivariate_inconsistency,high,88.0,FUSED_CONSENSUS,27.0,1011.1,59.0,OFFLINE,replay,,88.0
2025-01-15T19:00:00+00:00,AWS-MUM-007,24.0,1007.7014198349476,80.0,True,multivariate_inconsistency,high,88.0,FUSED_CONSENSUS,25.9,1012.2,65.0,OFFLINE,replay,,88.0
2025-01-15T20:00:00+00:00,AWS-MUM-007,23.8,1008.3314908266948,78.0,True,multivariate_inconsistency,high,88.0,FUSED_CONSENSUS,25.0,1013.4,67.0,OFFLINE,replay,,88.0
2025-01-15T21:00:00+00:00,AWS-MUM-007,23.6,1008.7615618184424,72.0,True,multivariate_inconsistency,high,88.0,FUSED_CONSENSUS,24.4,1013.8,69.0,OFFLINE,replay,,88.0
2025-01-15T22:00:00+00:00,AWS-MUM-007,23.4,1008.6916328101896,71.0,True,multivariate_inconsistency,high,88.0,FUSED_CONSENSUS,23.8,1014.1,71.0,OFFLINE,replay,,88.0
2025-01-15T23:00:00+00:00,AWS-MUM-007,23.2,1008.4217038019368,70.0,True,multivariate_inconsistency,high,88.0,FUSED_CONSENSUS,23.2,1014.0,73.0,OFFLINE,replay,,88.0
2025-01-16T00:00:00+00:00,AWS-MUM-007,22.9,1007.6517747936842,70.0,True,spike,high,88.1,FUSED_CONSENSUS,22.7,1013.5,75.0,OFFLINE,replay,,88.1
2025-01-16T01:00:00+00:00,AWS-MUM-007,22.6,1006.9818457854316,71.0,True,spike,high,88.6,FUSED_CONSENSUS,22.3,1013.1,77.0,OFFLINE,replay,,88.6
2025-01-16T02:00:00+00:00,AWS-MUM-007,22.2,1006.0119167771792,74.0,True,multivariate_inconsistency,high,88.0,FUSED_CONSENSUS,21.7,1012.4,78.0,OFFLINE,replay,,88.0
2025-01-16T03:00:00+00:00,AWS-MUM-007,21.8,1005.0419877689264,75.0,True,multivariate_inconsistency,high,88.0,FUSED_CONSENSUS,21.2,1011.9,81.0,OFFLINE,replay,,88.0
2025-01-16T04:00:00+00:00,AWS-MUM-007,21.4,1004.4720587606738,75.0,True,multivariate_inconsistency,high,88.0,FUSED_CONSENSUS,20.7,1011.6,83.0,OFFLINE,replay,,88.0
2025-01-16T05:00:00+00:00,AWS-MUM-007,21.0,1004.3021297524213,76.0,True,spike,high,89.9,FUSED_CONSENSUS,20.4,1011.6,83.0,OFFLINE,replay,,89.9
2025-01-16T06:00:00+00:00,AWS-MUM-007,20.4,1004.9322007441684,79.0,True,multivariate_inconsistency,high,88.0,FUSED_CONSENSUS,19.5,1012.5,89.0,OFFLINE,replay,,88.0
2025-01-16T07:00:00+00:00,AWS-MUM-007,20.2,1005.262271735916,80.0,True,spike,high,89.9,FUSED_CONSENSUS,19.4,1013.1,89.0,OFFLINE,replay,,89.9
2025-01-16T08:00:00+00:00,AWS-MUM-007,21.3,1014.6,74.0,True,spike,high,89.9,FUSED_CONSENSUS,20.6,1013.9,82.0,OFFLINE,replay,,89.9
2025-01-16T09:00:00+00:00,AWS-MUM-007,23.5,1015.1,65.0,True,multivariate_inconsistency,high,88.0,FUSED_CONSENSUS,23.2,1014.4,69.0,OFFLINE,replay,,88.0
2025-01-16T10:00:00+00:00,AWS-MUM-007,26.0,1015.3,57.0,True,multivariate_inconsistency,high,88.0,FUSED_CONSENSUS,26.2,1014.4,58.0,OFFLINE,replay,,88.0
2025-01-16T11:00:00+00:00,AWS-MUM-007,28.3,1014.4,50.0,True,multivariate_inconsistency,high,88.0,FUSED_CONSENSUS,28.9,1013.5,50.0,OFFLINE,replay,,88.0
2025-01-16T12:00:00+00:00,AWS-MUM-007,29.6,1013.4,46.0,True,multivariate_inconsistency,high,88.0,FUSED_CONSENSUS,30.8,1012.4,43.0,OFFLINE,replay,,88.0
2025-01-16T13:00:00+00:00,AWS-MUM-007,29.7,1012.2,47.0,True,multivariate_inconsistency,high,88.0,FUSED_CONSENSUS,32.1,1011.0,40.0,OFFLINE,replay,,88.0
2025-01-16T14:00:00+00:00,AWS-MUM-007,29.2,1011.4,51.0,True,multivariate_inconsistency,high,88.0,FUSED_CONSENSUS,32.7,1010.0,36.0,OFFLINE,replay,,88.0
2025-01-16T15:00:00+00:00,AWS-MUM-007,28.6,1011.1,55.0,True,spike,high,89.9,FUSED_CONSENSUS,32.8,1009.5,35.0,OFFLINE,replay,,89.9
2025-01-16T16:00:00+00:00,AWS-MUM-007,27.7,1011.2,60.0,True,multivariate_inconsistency,high,88.0,FUSED_CONSENSUS,32.1,1009.5,38.0,OFFLINE,replay,,88.0
2025-01-16T17:00:00+00:00,AWS-MUM-007,26.5,1011.7,65.0,True,multivariate_inconsistency,high,88.0,FUSED_CONSENSUS,30.5,1010.3,45.0,OFFLINE,replay,,88.0
2025-01-16T18:00:00+00:00,AWS-MUM-007,24.9,1012.7,74.0,True,multivariate_inconsistency,high,88.0,FUSED_CONSENSUS,27.9,1011.4,56.0,OFFLINE,replay,,88.0
2025-01-16T19:00:00+00:00,AWS-MUM-007,24.3,1013.3,76.0,True,multivariate_inconsistency,high,88.0,FUSED_CONSENSUS,26.7,1012.3,61.0,OFFLINE,replay,,88.0
2025-01-16T20:00:00+00:00,AWS-MUM-007,24.3,1014.2,69.0,True,multivariate_inconsistency,high,88.0,FUSED_CONSENSUS,26.0,1013.3,62.0,OFFLINE,replay,,88.0
2025-01-16T21:00:00+00:00,AWS-MUM-007,24.4,1014.7,64.0,True,multivariate_inconsistency,high,88.0,FUSED_CONSENSUS,25.4,1013.8,61.0,OFFLINE,replay,,88.0
2025-01-16T22:00:00+00:00,AWS-MUM-007,24.3,1014.9,63.0,True,multivariate_inconsistency,high,88.0,FUSED_CONSENSUS,24.9,1013.9,62.0,OFFLINE,replay,,88.0
2025-01-16T23:00:00+00:00,AWS-MUM-007,24.1,1014.5,63.0,True,multivariate_inconsistency,high,88.0,FUSED_CONSENSUS,24.6,1013.7,62.0,OFFLINE,replay,,88.0
2025-01-17T00:00:00+00:00,AWS-MUM-007,23.8,1013.8,63.0,True,multivariate_inconsistency,high,88.0,FUSED_CONSENSUS,24.1,1012.9,63.0,OFFLINE,replay,,88.0
2025-01-17T01:00:00+00:00,AWS-MUM-007,23.6,1013.1,63.0,True,multivariate_inconsistency,high,88.0,FUSED_CONSENSUS,23.6,1012.3,65.0,OFFLINE,replay,,88.0
2025-01-17T02:00:00+00:00,AWS-MUM-007,23.3,1012.5,64.0,True,multivariate_inconsistency,high,88.0,FUSED_CONSENSUS,23.2,1011.6,67.0,OFFLINE,replay,,88.0
2025-01-17T03:00:00+00:00,AWS-MUM-007,23.1,1012.1,66.0,True,multivariate_inconsistency,high,88.0,FUSED_CONSENSUS,22.9,1011.3,69.0,OFFLINE,replay,,88.0
2025-01-17T04:00:00+00:00,AWS-MUM-007,23.1,1011.7,66.0,True,multivariate_inconsistency,high,88.0,FUSED_CONSENSUS,23.1,1011.1,70.0,OFFLINE,replay,,88.0
2025-01-17T05:00:00+00:00,AWS-MUM-007,23.2,1011.6,67.0,True,multivariate_inconsistency,high,88.0,FUSED_CONSENSUS,23.1,1010.9,70.0,OFFLINE,replay,,88.0
2025-01-17T06:00:00+00:00,AWS-MUM-007,23.0,1012.2,71.0,True,multivariate_inconsistency,high,88.0,FUSED_CONSENSUS,22.6,1011.6,75.0,OFFLINE,replay,,88.0
2025-01-17T07:00:00+00:00,AWS-MUM-007,22.9,1012.6,71.0,True,spike,high,88.1,FUSED_CONSENSUS,22.3,1012.0,76.0,OFFLINE,replay,,88.1
2025-01-17T08:00:00+00:00,AWS-MUM-007,23.9,1013.2,67.0,True,multivariate_inconsistency,high,88.0,FUSED_CONSENSUS,23.6,1012.6,70.0,OFFLINE,replay,,88.0
2025-01-17T09:00:00+00:00,AWS-MUM-007,26.2,1013.5,59.0,True,multivariate_inconsistency,high,88.0,FUSED_CONSENSUS,26.3,1012.8,60.0,OFFLINE,replay,,88.0
2025-01-17T10:00:00+00:00,AWS-MUM-007,29.1,1013.4,47.0,True,multivariate_inconsistency,high,88.0,FUSED_CONSENSUS,29.3,1012.6,48.0,OFFLINE,replay,,88.0
2025-01-17T11:00:00+00:00,AWS-MUM-007,31.2,1012.9,40.0,True,multivariate_inconsistency,high,88.0,FUSED_CONSENSUS,31.3,1012.0,40.0,OFFLINE,replay,,88.0
2025-01-17T12:00:00+00:00,AWS-MUM-007,32.7,1011.4,35.0,True,multivariate_inconsistency,high,88.0,FUSED_CONSENSUS,33.0,1010.6,35.0,OFFLINE,replay,,88.0
2025-01-17T13:00:00+00:00,AWS-MUM-007,33.4,1009.9,32.0,True,multivariate_inconsistency,high,88.0,FUSED_CONSENSUS,34.2,1009.1,30.0,OFFLINE,replay,,88.0
2025-01-17T14:00:00+00:00,AWS-MUM-007,32.4,1008.9,40.0,True,multivariate_inconsistency,high,88.0,FUSED_CONSENSUS,34.8,1007.9,28.0,OFFLINE,replay,,88.0
2025-01-17T15:00:00+00:00,AWS-MUM-007,30.7,1008.4,49.0,True,multivariate_inconsistency,high,88.0,FUSED_CONSENSUS,34.8,1007.1,27.0,OFFLINE,replay,,88.0
2025-01-17T16:00:00+00:00,AWS-MUM-007,29.3,1008.5,54.0,True,spike,high,89.9,FUSED_CONSENSUS,34.7,1006.9,26.0,OFFLINE,replay,,89.9
2025-01-17T17:00:00+00:00,AWS-MUM-007,27.7,1009.0,57.0,True,spike,high,89.0,FUSED_CONSENSUS,32.4,1007.3,32.0,OFFLINE,replay,,89.0
2025-01-17T18:00:00+00:00,AWS-MUM-007,26.2,1009.7,69.0,True,multivariate_inconsistency,high,88.0,FUSED_CONSENSUS,30.9,1008.2,36.0,OFFLINE,replay,,88.0
2025-01-17T19:00:00+00:00,AWS-MUM-007,25.4,1010.4,75.0,True,multivariate_inconsistency,high,88.0,FUSED_CONSENSUS,28.9,1009.1,51.0,OFFLINE,replay,,88.0
2025-01-17T20:00:00+00:00,AWS-MUM-007,25.4,1011.3,73.0,True,multivariate_inconsistency,high,88.0,FUSED_CONSENSUS,27.4,1010.4,56.0,OFFLINE,replay,,88.0
2025-01-17T21:00:00+00:00,AWS-MUM-007,25.1,1011.8,72.0,True,multivariate_inconsistency,high,88.0,FUSED_CONSENSUS,26.3,1011.0,60.0,OFFLINE,replay,,88.0
2025-01-17T22:00:00+00:00,AWS-MUM-007,25.2,1012.0,66.0,True,multivariate_inconsistency,high,88.0,FUSED_CONSENSUS,25.5,1011.2,63.0,OFFLINE,replay,,88.0
2025-01-17T23:00:00+00:00,AWS-MUM-007,25.4,1011.6,62.0,True,multivariate_inconsistency,high,88.0,FUSED_CONSENSUS,25.4,1010.9,58.0,OFFLINE,replay,,88.0
2025-01-18T00:00:00+00:00,AWS-MUM-007,25.4,1011.2,59.0,True,multivariate_inconsistency,high,88.0,FUSED_CONSENSUS,25.0,1010.5,57.0,OFFLINE,replay,,88.0
2025-01-18T01:00:00+00:00,AWS-MUM-007,24.5,1010.8,60.0,True,multivariate_inconsistency,high,88.0,FUSED_CONSENSUS,24.2,1010.2,58.0,OFFLINE,replay,,88.0
2025-01-18T02:00:00+00:00,AWS-MUM-007,23.8,1010.6,60.0,True,multivariate_inconsistency,high,88.0,FUSED_CONSENSUS,23.6,1009.9,58.0,OFFLINE,replay,,88.0
2025-01-18T03:00:00+00:00,AWS-MUM-007,23.6,1010.4,58.0,True,spike,high,88.4,FUSED_CONSENSUS,23.2,1009.7,59.0,OFFLINE,replay,,88.4
2025-01-18T04:00:00+00:00,AWS-MUM-007,23.4,1010.3,57.0,True,spike,high,89.0,FUSED_CONSENSUS,22.8,1009.5,60.0,OFFLINE,replay,,89.0
2025-01-18T05:00:00+00:00,AWS-MUM-007,23.1,1010.6,57.0,True,spike,high,89.0,FUSED_CONSENSUS,22.3,1009.8,61.0,OFFLINE,replay,,89.0
2025-01-18T06:00:00+00:00,AWS-MUM-007,22.5,1011.3,60.0,True,multivariate_inconsistency,high,88.0,FUSED_CONSENSUS,21.3,1010.7,65.0,OFFLINE,replay,,88.0
2025-01-18T07:00:00+00:00,AWS-MUM-007,22.2,1012.1,59.0,True,spike,high,89.3,FUSED_CONSENSUS,21.0,1011.4,66.0,OFFLINE,replay,,89.3
2025-01-18T08:00:00+00:00,AWS-MUM-007,23.9,1012.9,52.0,True,multivariate_inconsistency,high,88.0,FUSED_CONSENSUS,22.6,1012.2,59.0,OFFLINE,replay,,88.0
2025-01-18T09:00:00+00:00,AWS-MUM-007,26.6,1013.6,42.0,True,multivariate_inconsistency,high,88.0,FUSED_CONSENSUS,26.0,1012.9,48.0,OFFLINE,replay,,88.0
2025-01-18T10:00:00+00:00,AWS-MUM-007,29.3,1013.7,34.0,True,multivariate_inconsistency,high,88.0,FUSED_CONSENSUS,29.2,1013.0,36.0,OFFLINE,replay,,88.0
2025-01-18T11:00:00+00:00,AWS-MUM-007,31.7,1012.9,28.0,True,multivariate_inconsistency,high,88.0,FUSED_CONSENSUS,31.4,1012.3,31.0,OFFLINE,replay,,88.0
2025-01-18T12:00:00+00:00,AWS-MUM-007,40.44076925447602,1011.5071710207228,37.12430189201345,False,spike,low,34.2,NORMAL,32.9,1010.8,26.0,OFFLINE,replay,,34.2
2025-01-18T13:00:00+00:00,AWS-MUM-007,41.040769254476025,1010.0603119424114,33.850966875087025,False,spike,low,34.2,NORMAL,33.9,1009.3,21.0,OFFLINE,replay,,34.2
2025-01-18T14:00:00+00:00,AWS-MUM-007,40.74076925447603,1008.901211893614,33.87350739185301,False,spike,low,34.2,NORMAL,34.2,1008.1,19.0,OFFLINE,replay,,34.2
2025-01-18T15:00:00+00:00,AWS-MUM-007,40.34076925447602,1008.4402332681568,37.13256374420009,True,spike,high,89.9,FUSED_CONSENSUS,34.3,1007.5,17.0,OFFLINE,replay,,89.9
2025-01-18T16:00:00+00:00,AWS-MUM-007,32.9,1008.3,25.0,True,multivariate_inconsistency,high,88.0,FUSED_CONSENSUS,34.0,1007.4,16.0,OFFLINE,replay,,88.0
2025-01-18T17:00:00+00:00,AWS-MUM-007,31.4,1008.7,32.0,True,spike,high,89.9,FUSED_CONSENSUS,33.4,1007.7,17.0,OFFLINE,replay,,89.9
2025-01-18T18:00:00+00:00,AWS-MUM-007,27.2,1009.9,63.0,True,multivariate_inconsistency,high,88.0,FUSED_CONSENSUS,30.8,1008.7,23.0,OFFLINE,replay,,88.0
2025-01-18T19:00:00+00:00,AWS-MUM-007,26.1,1010.6,61.0,True,multivariate_inconsistency,high,88.0,FUSED_CONSENSUS,29.1,1009.5,34.0,OFFLINE,replay,,88.0
2025-01-18T20:00:00+00:00,AWS-MUM-007,25.8,1011.3,60.0,True,multivariate_inconsistency,high,88.0,FUSED_CONSENSUS,26.9,1010.3,46.0,OFFLINE,replay,,88.0
2025-01-18T21:00:00+00:00,AWS-MUM-007,25.9,1011.8,51.0,True,spike,high,89.9,FUSED_CONSENSUS,25.8,1011.1,50.0,OFFLINE,replay,,89.9
2025-01-18T22:00:00+00:00,AWS-MUM-007,25.2,1012.4,54.0,True,spike,high,89.9,FUSED_CONSENSUS,24.5,1011.5,56.0,OFFLINE,replay,,89.9
2025-01-18T23:00:00+00:00,AWS-MUM-007,24.7,1012.1,56.0,True,spike,high,89.7,FUSED_CONSENSUS,23.8,1011.3,59.0,OFFLINE,replay,,89.7
2025-01-19T00:00:00+00:00,AWS-MUM-007,24.0,1011.8,57.0,True,multivariate_inconsistency,high,88.0,FUSED_CONSENSUS,23.4,1011.1,57.0,OFFLINE,replay,,88.0
2025-01-19T01:00:00+00:00,AWS-MUM-007,23.6,1011.6,57.0,True,spike,high,89.0,FUSED_CONSENSUS,22.8,1011.0,56.0,OFFLINE,replay,,89.0
2025-01-19T02:00:00+00:00,AWS-MUM-007,23.3,1011.1,56.0,True,spike,high,89.7,FUSED_CONSENSUS,22.1,1010.5,58.0,OFFLINE,replay,,89.7
2025-01-19T03:00:00+00:00,AWS-MUM-007,22.5,1010.8,57.02154618386117,True,spike,high,89.0,FUSED_CONSENSUS,21.6,1010.2,60.0,OFFLINE,replay,,89.0
2025-01-19T04:00:00+00:00,AWS-MUM-007,21.9,1010.9,58.07973076744209,True,spike,high,88.4,FUSED_CONSENSUS,21.2,1010.3,61.0,OFFLINE,replay,,88.4
2025-01-19T05:00:00+00:00,AWS-MUM-007,21.5,1011.1,58.17294102287144,True,spike,high,89.9,FUSED_CONSENSUS,20.8,1010.5,63.0,OFFLINE,replay,,89.9
2025-01-19T06:00:00+00:00,AWS-MUM-007,21.3,1012.2,59.30035313842764,True,multivariate_inconsistency,high,88.0,FUSED_CONSENSUS,19.8,1011.6,67.0,OFFLINE,replay,,88.0
2025-01-19T07:00:00+00:00,AWS-MUM-007,21.0,1012.9,60.4614038746596,True,spike,high,89.9,FUSED_CONSENSUS,19.7,1012.3,68.0,OFFLINE,replay,,89.9
2025-01-19T08:00:00+00:00,AWS-MUM-007,22.3,1013.7,55.65566542790462,True,spike,high,89.1,FUSED_CONSENSUS,21.1,1013.1,63.0,OFFLINE,replay,,89.1
2025-01-19T09:00:00+00:00,AWS-MUM-007,25.2,1014.5,46.88279335009494,True,multivariate_inconsistency,high,88.0,FUSED_CONSENSUS,24.2,1013.8,51.0,OFFLINE,replay,,88.0
2025-01-19T10:00:00+00:00,AWS-MUM-007,28.7,1014.6,37.14249969853523,True,multivariate_inconsistency,high,88.0,FUSED_CONSENSUS,28.1,1013.8,39.0,OFFLINE,replay,,88.0
2025-01-19T11:00:00+00:00,AWS-MUM-007,31.0,1014.1,32.43453734949649,True,multivariate_inconsistency,high,88.0,FUSED_CONSENSUS,30.9,1013.2,33.0,OFFLINE,replay,,88.0
2025-01-19T12:00:00+00:00,AWS-MUM-007,32.9,1013.1,27.758690033957087,True,multivariate_inconsistency,high,88.0,FUSED_CONSENSUS,32.9,1012.1,28.0,OFFLINE,replay,,88.0
2025-01-19T13:00:00+00:00,AWS-MUM-007,33.2,1011.9,27.114765613732736,True,multivariate_inconsistency,high,88.0,FUSED_CONSENSUS,33.9,1010.9,23.0,OFFLINE,replay,,88.0
2025-01-19T14:00:00+00:00,AWS-MUM-007,33.1,1010.7,28.502591331095346,True,multivariate_inconsistency,high,88.0,FUSED_CONSENSUS,34.5,1009.8,21.0,OFFLINE,replay,,88.0
2025-01-19T15:00:00+00:00,AWS-MUM-007,31.9,1010.0,34.92201032918811,True,multivariate_inconsistency,high,88.0,FUSED_CONSENSUS,34.6,1008.9,20.0,OFFLINE,replay,,88.0
2025-01-19T16:00:00+00:00,AWS-MUM-007,30.7,1009.8,38.37287902771536,True,spike,high,89.9,FUSED_CONSENSUS,34.1,1008.6,20.0,OFFLINE,replay,,89.9
2025-01-19T17:00:00+00:00,AWS-MUM-007,29.0,1010.0,45.8550650953238,True,spike,high,89.9,FUSED_CONSENSUS,32.8,1008.6,24.0,OFFLINE,replay,,89.9
2025-01-19T18:00:00+00:00,AWS-MUM-007,27.3,1010.6,57.36844585089078,True,spike,high,88.8,FUSED_CONSENSUS,30.8,1009.3,29.0,OFFLINE,replay,,88.8
2025-01-19T19:00:00+00:00,AWS-MUM-007,26.7,1011.2,59.91290698098874,True,multivariate_inconsistency,high,88.0,FUSED_CONSENSUS,28.4,1010.1,41.0,OFFLINE,replay,,88.0
2025-01-19T20:00:00+00:00,AWS-MUM-007,26.4,1011.8,54.488341495512266,True,spike,high,89.9,FUSED_CONSENSUS,27.4,1010.8,41.0,OFFLINE,replay,,89.9
2025-01-19T21:00:00+00:00,AWS-MUM-007,26.1,1012.3,52.09464886609071,True,spike,high,89.9,FUSED_CONSENSUS,26.4,1011.4,43.0,OFFLINE,replay,,89.9
2025-01-19T22:00:00+00:00,AWS-MUM-007,25.6,1012.6,52.73173430710019,True,spike,high,89.9,FUSED_CONSENSUS,25.4,1011.8,45.0,OFFLINE,replay,,89.9
2025-01-19T23:00:00+00:00,AWS-MUM-007,24.8,1012.6,53.399508169542536,True,spike,high,89.9,FUSED_CONSENSUS,24.2,1011.6,50.0,OFFLINE,replay,,89.9
2025-01-20T00:00:00+00:00,AWS-MUM-007,24.5,1012.1,54.09788542541246,True,spike,high,89.9,FUSED_CONSENSUS,23.7,1011.3,52.0,OFFLINE,replay,,89.9
2025-01-20T01:00:00+00:00,AWS-MUM-007,23.6,1011.6,58.82678522545046,True,multivariate_inconsistency,high,88.0,FUSED_CONSENSUS,22.7,1010.7,57.0,OFFLINE,replay,,88.0
2025-01-20T02:00:00+00:00,AWS-MUM-007,23.0,1011.1,60.58613051703055,True,multivariate_inconsistency,high,88.0,FUSED_CONSENSUS,21.8,1010.3,62.0,OFFLINE,replay,,88.0
2025-01-20T03:00:00+00:00,AWS-MUM-007,22.3,1010.6,64.37584771178848,True,multivariate_inconsistency,high,88.0,FUSED_CONSENSUS,21.1,1009.9,65.0,OFFLINE,replay,,88.0
2025-01-20T04:00:00+00:00,AWS-MUM-007,21.8,1010.7,67.19586639474511,True,multivariate_inconsistency,high,88.0,FUSED_CONSENSUS,20.6,1010.0,67.0,OFFLINE,replay,,88.0
2025-01-20T05:00:00+00:00,AWS-MUM-007,21.3,1010.9,70.04611906831698,True,multivariate_inconsistency,high,88.0,FUSED_CONSENSUS,20.1,1010.2,69.0,OFFLINE,replay,,88.0
2025-01-20T06:00:00+00:00,AWS-MUM-007,21.2,1011.5,72.92654092586884,True,spike,high,89.9,FUSED_CONSENSUS,20.1,1010.9,72.0,OFFLINE,replay,,89.9
2025-01-20T07:00:00+00:00,AWS-MUM-007,20.9,1012.0,62.0,True,spike,high,89.9,FUSED_CONSENSUS,19.7,1011.4,72.0,OFFLINE,replay,,89.9
2025-01-20T08:00:00+00:00,AWS-MUM-007,22.2,1013.0,58.0,True,spike,high,89.3,FUSED_CONSENSUS,21.0,1012.3,66.0,OFFLINE,replay,,89.3
2025-01-20T09:00:00+00:00,AWS-MUM-007,25.1,1013.8,49.0,True,multivariate_inconsistency,high,88.0,FUSED_CONSENSUS,24.0,1013.1,53.0,OFFLINE,replay,,88.0
2025-01-20T10:00:00+00:00,AWS-MUM-007,28.6,1013.9,38.0,True,multivariate_inconsistency,high,88.0,FUSED_CONSENSUS,27.9,1013.1,39.0,OFFLINE,replay,,88.0
2025-01-20T11:00:00+00:00,AWS-MUM-007,31.2,1013.2,29.0,True,multivariate_inconsistency,high,88.0,FUSED_CONSENSUS,31.2,1012.3,29.0,OFFLINE,replay,,88.0
2025-01-20T12:00:00+00:00,AWS-MUM-007,32.7,1012.2,26.0,True,multivariate_inconsistency,high,88.0,FUSED_CONSENSUS,33.2,1011.3,25.0,OFFLINE,replay,,88.0
2025-01-20T13:00:00+00:00,AWS-MUM-007,33.2,1011.0,25.0,True,multivariate_inconsistency,high,88.0,FUSED_CONSENSUS,34.4,1010.0,22.0,OFFLINE,replay,,88.0
2025-01-20T14:00:00+00:00,AWS-MUM-007,32.6,1009.9,30.0,True,multivariate_inconsistency,high,88.0,FUSED_CONSENSUS,35.0,1008.8,21.0,OFFLINE,replay,,88.0
2025-01-20T15:00:00+00:00,AWS-MUM-007,31.6,1009.5,33.0,True,spike,high,89.9,FUSED_CONSENSUS,35.0,1008.2,21.0,OFFLINE,replay,,89.9
2025-01-20T16:00:00+00:00,AWS-MUM-007,30.5,1009.2,-0.0445050779054318,True,spike,critical,100.0,RULE_ENGINE_BYPASS,34.1,1007.8,25.0,OFFLINE,replay,,100.0
2025-01-20T17:00:00+00:00,AWS-MUM-007,29.1,1009.4,-0.0649581592413899,True,spike,critical,100.0,RULE_ENGINE_BYPASS,32.3,1008.0,29.0,OFFLINE,replay,,100.0
2025-01-20T18:00:00+00:00,AWS-MUM-007,27.5,1009.7,0.0494730220527563,True,spike,high,89.9,FUSED_CONSENSUS,30.6,1008.5,36.0,OFFLINE,replay,,89.9
2025-01-20T19:00:00+00:00,AWS-MUM-007,26.9,1010.3,-0.0242717031601936,True,spike,critical,100.0,RULE_ENGINE_BYPASS,28.6,1009.2,41.0,OFFLINE,replay,,100.0
2025-01-20T20:00:00+00:00,AWS-MUM-007,26.4,1011.2,49.0,True,spike,high,89.9,FUSED_CONSENSUS,27.4,1010.2,43.0,OFFLINE,replay,,89.9
2025-01-20T21:00:00+00:00,AWS-MUM-007,26.0,1011.7,48.0,True,spike,high,89.9,FUSED_CONSENSUS,26.5,1010.9,45.0,OFFLINE,replay,,89.9
2025-01-20T22:00:00+00:00,AWS-MUM-007,25.7,1012.0,48.0,True,spike,high,89.9,FUSED_CONSENSUS,25.5,1011.3,48.0,OFFLINE,replay,,89.9
2025-01-20T23:00:00+00:00,AWS-MUM-007,25.3,1011.9,47.0,True,spike,high,89.9,FUSED_CONSENSUS,24.5,1011.0,52.0,OFFLINE,replay,,89.9
2025-01-21T00:00:00+00:00,AWS-MUM-007,24.5,1011.6,47.0,True,spike,high,89.9,FUSED_CONSENSUS,23.7,1010.6,56.0,OFFLINE,replay,,89.9
2025-01-21T01:00:00+00:00,AWS-MUM-007,24.2,1010.9,48.0,True,spike,high,89.9,FUSED_CONSENSUS,23.0,1010.0,59.0,OFFLINE,replay,,89.9
2025-01-21T02:00:00+00:00,AWS-MUM-007,23.3,1010.2,53.0,True,spike,high,89.9,FUSED_CONSENSUS,22.1,1009.4,63.0,OFFLINE,replay,,89.9
2025-01-21T03:00:00+00:00,AWS-MUM-007,22.4,1009.8,56.0,True,spike,high,89.7,FUSED_CONSENSUS,21.2,1009.0,68.0,OFFLINE,replay,,89.7
2025-01-21T04:00:00+00:00,AWS-MUM-007,21.9,1009.6,58.0,True,spike,high,88.4,FUSED_CONSENSUS,20.4,1008.8,71.0,OFFLINE,replay,,88.4
2025-01-21T05:00:00+00:00,AWS-MUM-007,30.404268002709472,1009.8092639734368,100.0,True,multivariate_inconsistency,high,88.0,FUSED_CONSENSUS,19.7,1009.1,75.0,OFFLINE,replay,,88.0
2025-01-21T06:00:00+00:00,AWS-MUM-007,30.404268002709472,1010.5159805641292,100.0,True,multivariate_inconsistency,high,88.0,FUSED_CONSENSUS,19.5,1009.9,80.0,OFFLINE,replay,,88.0
2025-01-21T07:00:00+00:00,AWS-MUM-007,30.00426800270947,1011.6668158704472,100.0,True,multivariate_inconsistency,high,88.0,FUSED_CONSENSUS,19.3,1010.4,81.0,OFFLINE,replay,,88.0
2025-01-21T08:00:00+00:00,AWS-MUM-007,31.30426800270947,1011.7938718965864,100.0,True,multivariate_inconsistency,high,88.0,FUSED_CONSENSUS,20.9,1011.1,70.0,OFFLINE,replay,,88.0
2025-01-21T09:00:00+00:00,AWS-MUM-007,33.70426800270947,1012.7563343058594,88.40046624836947,True,multivariate_inconsistency,high,88.0,FUSED_CONSENSUS,23.9,1011.8,55.0,OFFLINE,replay,,88.0
2025-01-21T10:00:00+00:00,AWS-MUM-007,27.8,1012.8,43.0,True,multivariate_inconsistency,high,88.0,FUSED_CONSENSUS,27.5,1011.9,43.0,OFFLINE,replay,,88.0
2025-01-21T11:00:00+00:00,AWS-MUM-007,30.1,1012.2,35.0,True,multivariate_inconsistency,high,88.0,FUSED_CONSENSUS,30.7,1011.2,34.0,OFFLINE,replay,,88.0
2025-01-21T12:00:00+00:00,AWS-MUM-007,31.4,1011.2,32.0,True,multivariate_inconsistency,high,88.0,FUSED_CONSENSUS,32.8,1010.2,27.0,OFFLINE,replay,,88.0
2025-01-21T13:00:00+00:00,AWS-MUM-007,31.3,1010.0,36.0,True,multivariate_inconsistency,high,88.0,FUSED_CONSENSUS,34.1,1008.8,25.0,OFFLINE,replay,,88.0
2025-01-21T14:00:00+00:00,AWS-MUM-007,31.0,1009.0,40.0,True,multivariate_inconsistency,high,88.0,FUSED_CONSENSUS,34.5,1007.5,24.0,OFFLINE,replay,,88.0
2025-01-21T15:00:00+00:00,AWS-MUM-007,30.7,1008.2,39.0,True,spike,high,89.9,FUSED_CONSENSUS,34.3,1006.6,26.0,OFFLINE,replay,,89.9
2025-01-21T16:00:00+00:00,AWS-MUM-007,30.0,1008.2,40.0,True,spike,high,89.9,FUSED_CONSENSUS,33.2,1006.6,31.0,OFFLINE,replay,,89.9
2025-01-21T17:00:00+00:00,AWS-MUM-007,28.6,1008.4,44.0,True,spike,high,89.9,FUSED_CONSENSUS,31.6,1006.9,35.0,OFFLINE,replay,,89.9
2025-01-21T18:00:00+00:00,AWS-MUM-007,26.6,1008.9,62.0,True,multivariate_inconsistency,high,88.0,FUSED_CONSENSUS,29.7,1007.6,40.0,OFFLINE,replay,,88.0
2025-01-21T19:00:00+00:00,AWS-MUM-007,26.0,1009.1,62.0,True,multivariate_inconsistency,high,88.0,FUSED_CONSENSUS,28.4,1008.0,44.0,OFFLINE,replay,,88.0
2025-01-21T20:00:00+00:00,AWS-MUM-007,25.7,1010.0,58.0,True,spike,high,88.4,FUSED_CONSENSUS,27.4,1009.0,46.0,OFFLINE,replay,,88.4
2025-01-21T21:00:00+00:00,AWS-MUM-007,25.3,1010.7,58.0,True,spike,high,88.4,FUSED_CONSENSUS,26.6,1009.8,48.0,OFFLINE,replay,,88.4
2025-01-21T22:00:00+00:00,AWS-MUM-007,25.0,1010.8,54.0,True,spike,high,89.9,FUSED_CONSENSUS,25.4,1010.0,51.0,OFFLINE,replay,,89.9
2025-01-21T23:00:00+00:00,AWS-MUM-007,24.4,1010.6,53.0,True,spike,high,89.9,FUSED_CONSENSUS,24.2,1009.6,55.0,OFFLINE,replay,,89.9
2025-01-22T00:00:00+00:00,AWS-MUM-007,24.3,1010.2,52.0,True,spike,high,89.9,FUSED_CONSENSUS,23.5,1009.3,59.0,OFFLINE,replay,,89.9
2025-01-22T01:00:00+00:00,AWS-MUM-007,23.8,1009.8,53.0,True,spike,high,89.9,FUSED_CONSENSUS,23.0,1009.0,61.0,OFFLINE,replay,,89.9
2025-01-22T02:00:00+00:00,AWS-MUM-007,23.3,1009.3,55.0,True,spike,high,89.9,FUSED_CONSENSUS,21.8,1008.4,67.0,OFFLINE,replay,,89.9
2025-01-22T03:00:00+00:00,AWS-MUM-007,22.8,1008.9,57.0,True,spike,high,89.0,FUSED_CONSENSUS,21.3,1008.1,71.0,OFFLINE,replay,,89.0
2025-01-22T04:00:00+00:00,AWS-MUM-007,22.2,1008.9,59.0,True,multivariate_inconsistency,high,88.0,FUSED_CONSENSUS,20.5,1008.1,74.0,OFFLINE,replay,,88.0
2025-01-22T05:00:00+00:00,AWS-MUM-007,21.3,1008.9,62.0,True,multivariate_inconsistency,high,88.0,FUSED_CONSENSUS,20.0,1008.2,77.0,OFFLINE,replay,,88.0
2025-01-22T06:00:00+00:00,AWS-MUM-007,20.6,1009.8,70.0,True,spike,high,89.9,FUSED_CONSENSUS,19.7,1009.0,82.0,OFFLINE,replay,,89.9
2025-01-22T07:00:00+00:00,AWS-MUM-007,20.4,1010.5,71.0,True,spike,high,89.9,FUSED_CONSENSUS,19.5,1009.7,83.0,OFFLINE,replay,,89.9
2025-01-22T08:00:00+00:00,AWS-MUM-007,22.3,1011.4,62.0,True,spike,high,89.1,FUSED_CONSENSUS,21.0,1010.7,73.0,OFFLINE,replay,,89.1
2025-01-22T09:00:00+00:00,AWS-MUM-007,24.9,1012.3,53.0,True,multivariate_inconsistency,high,88.0,FUSED_CONSENSUS,24.4,1011.4,57.0,OFFLINE,replay,,88.0
2025-01-22T10:00:00+00:00,AWS-MUM-007,27.7,1012.3,45.0,True,multivariate_inconsistency,high,88.0,FUSED_CONSENSUS,28.1,1011.4,45.0,OFFLINE,replay,,88.0
2025-01-22T11:00:00+00:00,AWS-MUM-007,29.8,1011.7,39.0,True,multivariate_inconsistency,high,88.0,FUSED_CONSENSUS,31.0,1010.7,36.0,OFFLINE,replay,,88.0
2025-01-22T12:00:00+00:00,AWS-MUM-007,31.1,1010.8,36.0,True,multivariate_inconsistency,high,88.0,FUSED_CONSENSUS,33.2,1009.6,28.0,OFFLINE,replay,,88.0
2025-01-22T13:00:00+00:00,AWS-MUM-007,31.4,1009.4,38.0,True,multivariate_inconsistency,high,88.0,FUSED_CONSENSUS,34.3,1008.1,25.0,OFFLINE,replay,,88.0
2025-01-22T14:00:00+00:00,AWS-MUM-007,30.9,1008.4,42.0,True,multivariate_inconsistency,high,88.0,FUSED_CONSENSUS,34.8,1006.9,25.0,OFFLINE,replay,,88.0
2025-01-22T15:00:00+00:00,AWS-MUM-007,29.7,1007.9,46.0,True,spike,high,89.9,FUSED_CONSENSUS,34.3,1006.2,26.0,OFFLINE,replay,,89.9
2025-01-22T16:00:00+00:00,AWS-MUM-007,28.5,1008.1,49.0,True,spike,high,89.9,FUSED_CONSENSUS,32.8,1006.4,33.0,OFFLINE,replay,,89.9
2025-01-22T17:00:00+00:00,AWS-MUM-007,27.3,1008.4,57.0,True,spike,high,89.0,FUSED_CONSENSUS,30.8,1007.0,41.0,OFFLINE,replay,,89.0
2025-01-22T18:00:00+00:00,AWS-MUM-007,26.1,1008.8,64.0,True,multivariate_inconsistency,high,88.0,FUSED_CONSENSUS,28.9,1007.6,46.0,OFFLINE,replay,,88.0
2025-01-22T19:00:00+00:00,AWS-MUM-007,25.8,1009.6,59.0,True,multivariate_inconsistency,high,88.0,FUSED_CONSENSUS,27.8,1008.5,49.0,OFFLINE,replay,,88.0
2025-01-22T20:00:00+00:00,AWS-MUM-007,25.7,1010.6,54.0,True,spike,high,89.9,FUSED_CONSENSUS,26.7,1009.7,49.0,OFFLINE,replay,,89.9
2025-01-22T21:00:00+00:00,AWS-MUM-007,25.3,1011.4,51.0,True,spike,high,89.9,FUSED_CONSENSUS,25.8,1010.5,51.0,OFFLINE,replay,,89.9
2025-01-22T22:00:00+00:00,AWS-MUM-007,25.0,1011.7,50.0,True,spike,high,89.9,FUSED_CONSENSUS,25.0,1010.8,52.0,OFFLINE,replay,,89.9
2025-01-22T23:00:00+00:00,AWS-MUM-007,24.6,1011.7,50.0,True,spike,high,89.9,FUSED_CONSENSUS,24.4,1010.8,55.0,OFFLINE,replay,,89.9
2025-01-23T00:00:00+00:00,AWS-MUM-007,24.2,1011.5,52.0,True,spike,high,89.9,FUSED_CONSENSUS,23.9,1010.5,57.0,OFFLINE,replay,,89.9
2025-01-23T01:00:00+00:00,AWS-MUM-007,23.9,1010.9,53.0,True,spike,high,89.9,FUSED_CONSENSUS,23.7,1010.0,57.0,OFFLINE,replay,,89.9
2025-01-23T02:00:00+00:00,AWS-MUM-007,23.7,1010.2,55.0,True,spike,high,89.9,FUSED_CONSENSUS,23.2,1009.3,58.0,OFFLINE,replay,,89.9
2025-01-23T03:00:00+00:00,AWS-MUM-007,23.4,1009.6,56.0,True,spike,high,89.7,FUSED_CONSENSUS,22.8,1008.7,60.0,OFFLINE,replay,,89.7
2025-01-23T04:00:00+00:00,AWS-MUM-007,22.9,1009.5,58.0,True,spike,high,88.4,FUSED_CONSENSUS,22.4,1008.6,61.0,OFFLINE,replay,,88.4
2025-01-23T05:00:00+00:00,AWS-MUM-007,22.6,1009.7,58.0,True,spike,high,88.6,FUSED_CONSENSUS,22.1,1008.8,61.0,OFFLINE,replay,,88.6
2025-01-23T06:00:00+00:00,AWS-MUM-007,22.1,1010.3,61.0,True,multivariate_inconsistency,high,88.0,FUSED_CONSENSUS,20.9,1009.5,69.0,OFFLINE,replay,,88.0
2025-01-23T07:00:00+00:00,AWS-MUM-007,21.7,1010.9,61.0,True,spike,high,89.9,FUSED_CONSENSUS,20.7,1010.1,69.0,OFFLINE,replay,,89.9
2025-01-23T08:00:00+00:00,AWS-MUM-007,22.6,1011.8,56.0,True,spike,high,88.6,FUSED_CONSENSUS,22.1,1010.9,63.0,OFFLINE,replay,,88.6
2025-01-23T09:00:00+00:00,AWS-MUM-007,24.6,1012.6,47.0,True,multivariate_inconsistency,high,88.0,FUSED_CONSENSUS,24.8,1011.7,50.0,OFFLINE,replay,,88.0
2025-01-23T10:00:00+00:00,AWS-MUM-007,26.9,1012.6,39.0,True,multivariate_inconsistency,high,88.0,FUSED_CONSENSUS,27.5,1011.6,42.0,OFFLINE,replay,,88.0
2025-01-23T11:00:00+00:00,AWS-MUM-007,28.9,1012.2,34.0,True,multivariate_inconsistency,high,88.0,FUSED_CONSENSUS,29.8,1011.2,37.0,OFFLINE,replay,,88.0
2025-01-23T12:00:00+00:00,AWS-MUM-007,30.1,1011.3,32.0,True,multivariate_inconsistency,high,88.0,FUSED_CONSENSUS,31.3,1010.2,33.0,OFFLINE,replay,,88.0
2025-01-23T13:00:00+00:00,AWS-MUM-007,30.5,1010.0,33.0,True,multivariate_inconsistency,high,88.0,FUSED_CONSENSUS,32.6,1008.8,30.0,OFFLINE,replay,,88.0
2025-01-23T14:00:00+00:00,AWS-MUM-007,29.9,1009.1,38.0,True,multivariate_inconsistency,high,88.0,FUSED_CONSENSUS,33.3,1007.8,28.0,OFFLINE,replay,,88.0
2025-01-23T15:00:00+00:00,AWS-MUM-007,29.0,1008.5,45.0,True,spike,high,89.9,FUSED_CONSENSUS,33.2,1007.0,29.0,OFFLINE,replay,,89.9
2025-01-23T16:00:00+00:00,AWS-MUM-007,28.2,1008.3,49.0,True,spike,high,89.9,FUSED_CONSENSUS,32.8,1006.8,29.0,OFFLINE,replay,,89.9
2025-01-23T17:00:00+00:00,AWS-MUM-007,26.6,1008.5,56.0,True,spike,high,89.7,FUSED_CONSENSUS,31.5,1007.0,33.0,OFFLINE,replay,,89.7
2025-01-23T18:00:00+00:00,AWS-MUM-007,25.1,1008.9,64.0,True,multivariate_inconsistency,high,88.0,FUSED_CONSENSUS,29.2,1007.7,42.0,OFFLINE,replay,,88.0
2025-01-23T19:00:00+00:00,AWS-MUM-007,24.7,1009.3,59.0,True,multivariate_inconsistency,high,88.0,FUSED_CONSENSUS,27.3,1008.3,49.0,OFFLINE,replay,,88.0
2025-01-23T20:00:00+00:00,AWS-MUM-007,24.7,1010.2,52.0,True,multivariate_inconsistency,high,88.0,FUSED_CONSENSUS,25.8,1009.2,47.0,OFFLINE,replay,,88.0
2025-01-23T21:00:00+00:00,AWS-MUM-007,24.5,1010.7,47.0,True,spike,high,89.9,FUSED_CONSENSUS,25.1,1009.8,47.0,OFFLINE,replay,,89.9
2025-01-23T22:00:00+00:00,AWS-MUM-007,24.2,1010.7,46.0,True,spike,high,89.9,FUSED_CONSENSUS,24.4,1009.8,47.0,OFFLINE,replay,,89.9
2025-01-23T23:00:00+00:00,AWS-MUM-007,23.9,1010.6,45.0,True,multivariate_inconsistency,high,88.0,FUSED_CONSENSUS,24.0,1009.7,45.0,OFFLINE,replay,,88.0
2025-01-24T00:00:00+00:00,AWS-MUM-007,23.6,1010.0,43.0,True,multivariate_inconsistency,high,88.0,FUSED_CONSENSUS,23.6,1009.1,43.0,OFFLINE,replay,,88.0
2025-01-24T01:00:00+00:00,AWS-MUM-007,23.2,1009.3,42.0,True,spike,high,89.9,FUSED_CONSENSUS,23.1,1008.5,43.0,OFFLINE,replay,,89.9
2025-01-24T02:00:00+00:00,AWS-MUM-007,23.0,1008.8,42.0,True,spike,high,89.9,FUSED_CONSENSUS,22.7,1007.8,45.0,OFFLINE,replay,,89.9
2025-01-24T03:00:00+00:00,AWS-MUM-007,22.6,1008.2,44.0,True,spike,high,89.9,FUSED_CONSENSUS,22.1,1007.4,48.0,OFFLINE,replay,,89.9
2025-01-24T04:00:00+00:00,AWS-MUM-007,22.2,1008.2,46.0,True,spike,high,89.9,FUSED_CONSENSUS,21.3,1007.4,52.0,OFFLINE,replay,,89.9
2025-01-24T05:00:00+00:00,AWS-MUM-007,21.8,1008.4,47.0,True,spike,high,89.9,FUSED_CONSENSUS,20.7,1007.6,55.0,OFFLINE,replay,,89.9
2025-01-24T06:00:00+00:00,AWS-MUM-007,20.7,1009.0,55.0,True,spike,high,89.9,FUSED_CONSENSUS,19.6,1008.2,64.0,OFFLINE,replay,,89.9
2025-01-24T07:00:00+00:00,AWS-MUM-007,20.4,1009.5,57.0,True,spike,high,89.9,FUSED_CONSENSUS,19.3,1008.7,68.0,OFFLINE,replay,,89.9
2025-01-24T08:00:00+00:00,AWS-MUM-007,21.6,1010.2,54.0,True,spike,high,89.9,FUSED_CONSENSUS,20.8,1009.5,64.0,OFFLINE,replay,,89.9
2025-01-24T09:00:00+00:00,AWS-MUM-007,24.3,1010.7,48.0,True,multivariate_inconsistency,high,88.0,FUSED_CONSENSUS,24.1,1009.9,54.0,OFFLINE,replay,,88.0
2025-01-24T10:00:00+00:00,AWS-MUM-007,27.4,1010.9,44.0,True,multivariate_inconsistency,high,88.0,FUSED_CONSENSUS,27.7,1010.0,46.0,OFFLINE,replay,,88.0
2025-01-24T11:00:00+00:00,AWS-MUM-007,30.1,1010.4,-0.0548812413604374,True,multivariate_inconsistency,critical,100.0,RULE_ENGINE_BYPASS,31.2,1009.4,36.0,OFFLINE,replay,,100.0
2025-01-24T12:00:00+00:00,AWS-MUM-007,31.5,1009.5,-0.0954898089538012,True,multivariate_inconsistency,critical,100.0,RULE_ENGINE_BYPASS,33.5,1008.3,31.0,OFFLINE,replay,,100.0
2025-01-24T13:00:00+00:00,AWS-MUM-007,31.7,1008.6,0.0142053073590244,True,multivariate_inconsistency,high,88.0,FUSED_CONSENSUS,34.9,1007.2,29.0,OFFLINE,replay,,88.0
2025-01-24T14:00:00+00:00,AWS-MUM-007,31.5,1007.8,0.0505578610466359,True,spike,high,89.9,FUSED_CONSENSUS,35.2,1006.2,29.0,OFFLINE,replay,,89.9
2025-01-24T15:00:00+00:00,AWS-MUM-007,31.0,1007.3,40.0,True,spike,high,89.9,FUSED_CONSENSUS,34.5,1005.7,32.0,OFFLINE,replay,,89.9
2025-01-24T16:00:00+00:00,AWS-MUM-007,30.1,1007.3,43.0,True,spike,high,89.9,FUSED_CONSENSUS,33.3,1005.9,33.0,OFFLINE,replay,,89.9
2025-01-24T17:00:00+00:00,AWS-MUM-007,28.7,1007.8,47.0,True,spike,high,89.9,FUSED_CONSENSUS,31.6,1006.5,36.0,OFFLINE,replay,,89.9
2025-01-24T18:00:00+00:00,AWS-MUM-007,27.0,1008.6,57.0,True,spike,high,89.0,FUSED_CONSENSUS,30.1,1007.5,41.0,OFFLINE,replay,,89.0
2025-01-24T19:00:00+00:00,AWS-MUM-007,34.05055755461138,1009.3480225625364,100.0,True,multivariate_inconsistency,high,88.0,FUSED_CONSENSUS,28.9,1008.3,45.0,OFFLINE,replay,,88.0
2025-01-24T20:00:00+00:00,AWS-MUM-007,33.750557554611376,1010.3205680521156,100.0,True,multivariate_inconsistency,high,88.0,FUSED_CONSENSUS,27.8,1009.2,50.0,OFFLINE,replay,,88.0
2025-01-24T21:00:00+00:00,AWS-MUM-007,33.850557554611385,1010.8658845400784,100.0,True,multivariate_inconsistency,high,88.0,FUSED_CONSENSUS,26.9,1009.8,54.0,OFFLINE,replay,,88.0
2025-01-24T22:00:00+00:00,AWS-MUM-007,33.65055755461138,1011.2853455040532,100.0,True,multivariate_inconsistency,high,88.0,FUSED_CONSENSUS,26.0,1010.0,58.0,OFFLINE,replay,,88.0
2025-01-24T23:00:00+00:00,AWS-MUM-007,33.05055755461138,1010.8218222194448,100.0,True,multivariate_inconsistency,high,88.0,FUSED_CONSENSUS,25.1,1010.1,64.0,OFFLINE,replay,,88.0
2025-01-25T00:00:00+00:00,AWS-MUM-007,24.9,1010.4,62.0,True,multivariate_inconsistency,high,88.0,FUSED_CONSENSUS,24.4,1009.5,65.0,OFFLINE,replay,,88.0
2025-01-25T01:00:00+00:00,AWS-MUM-007,24.3,1009.9,64.0,True,multivariate_inconsistency,high,88.0,FUSED_CONSENSUS,23.8,1009.1,68.0,OFFLINE,replay,,88.0
2025-01-25T02:00:00+00:00,AWS-MUM-007,23.7,1009.4,68.0,True,multivariate_inconsistency,high,88.0,FUSED_CONSENSUS,23.2,1008.6,70.0,OFFLINE,replay,,88.0
2025-01-25T03:00:00+00:00,AWS-MUM-007,23.3,1009.0,68.0,True,multivariate_inconsistency,high,88.0,FUSED_CONSENSUS,22.6,1008.2,73.0,OFFLINE,replay,,88.0
2025-01-25T04:00:00+00:00,AWS-MUM-007,23.0,1008.9,69.0,True,multivariate_inconsistency,high,88.0,FUSED_CONSENSUS,22.0,1008.2,76.0,OFFLINE,replay,,88.0
2025-01-25T05:00:00+00:00,AWS-MUM-007,22.6,1009.0,69.0,True,spike,high,88.6,FUSED_CONSENSUS,21.6,1008.3,78.0,OFFLINE,replay,,88.6
2025-01-25T06:00:00+00:00,AWS-MUM-007,22.2,1009.6,71.0,True,spike,high,89.3,FUSED_CONSENSUS,21.4,1009.0,80.0,OFFLINE,replay,,89.3
2025-01-25T07:00:00+00:00,AWS-MUM-007,22.0,1010.0,73.0,True,spike,high,89.7,FUSED_CONSENSUS,21.3,1009.3,78.0,OFFLINE,replay,,89.7
2025-01-25T08:00:00+00:00,AWS-MUM-007,23.6,1011.0,67.0,True,multivariate_inconsistency,high,88.0,FUSED_CONSENSUS,22.7,1010.3,69.0,OFFLINE,replay,,88.0
2025-01-25T09:00:00+00:00,AWS-MUM-007,26.5,1011.7,56.0,True,multivariate_inconsistency,high,88.0,FUSED_CONSENSUS,25.9,1011.0,56.0,OFFLINE,replay,,88.0
2025-01-25T10:00:00+00:00,AWS-MUM-007,,1012.1,45.0,True,spike,critical,100.0,RULE_ENGINE_BYPASS,29.8,1011.2,44.0,OFFLINE,replay,,100.0
2025-01-25T11:00:00+00:00,AWS-MUM-007,32.4,1011.7,,True,dropout,critical,100.0,RULE_ENGINE_BYPASS,33.2,1010.7,34.0,OFFLINE,replay,,100.0
2025-01-25T12:00:00+00:00,AWS-MUM-007,33.2,1010.9,33.0,True,multivariate_inconsistency,high,88.0,FUSED_CONSENSUS,35.2,1009.6,28.0,OFFLINE,replay,,88.0
2025-01-25T13:00:00+00:00,AWS-MUM-007,32.8,1009.8,37.0,True,multivariate_inconsistency,high,88.0,FUSED_CONSENSUS,36.3,1008.3,25.0,OFFLINE,replay,,88.0
2025-01-25T14:00:00+00:00,AWS-MUM-007,32.2,1009.0,39.0,True,spike,high,89.9,FUSED_CONSENSUS,35.9,1007.4,25.0,OFFLINE,replay,,89.9
2025-01-25T15:00:00+00:00,AWS-MUM-007,31.4,1008.4,42.0,True,spike,high,89.9,FUSED_CONSENSUS,35.0,1006.9,26.0,OFFLINE,replay,,89.9
2025-01-25T16:00:00+00:00,AWS-MUM-007,30.5,1008.3,44.0,True,spike,high,89.9,FUSED_CONSENSUS,33.6,1006.9,29.0,OFFLINE,replay,,89.9
2025-01-25T17:00:00+00:00,AWS-MUM-007,29.0,1008.7,49.0,True,spike,high,89.9,FUSED_CONSENSUS,32.2,1007.4,33.0,OFFLINE,replay,,89.9
2025-01-25T18:00:00+00:00,AWS-MUM-007,27.3,1009.1,60.0,True,multivariate_inconsistency,high,88.0,FUSED_CONSENSUS,30.8,1007.9,39.0,OFFLINE,replay,,88.0
2025-01-25T19:00:00+00:00,AWS-MUM-007,26.1,1009.8,70.0,True,multivariate_inconsistency,high,88.0,FUSED_CONSENSUS,29.2,1008.6,44.0,OFFLINE,replay,,88.0
2025-01-25T20:00:00+00:00,AWS-MUM-007,25.7,1010.5,68.0,True,multivariate_inconsistency,high,88.0,FUSED_CONSENSUS,28.0,1009.7,52.0,OFFLINE,replay,,88.0
2025-01-25T21:00:00+00:00,AWS-MUM-007,25.7,1011.3,62.0,True,multivariate_inconsistency,high,88.0,FUSED_CONSENSUS,27.1,1010.6,54.0,OFFLINE,replay,,88.0
2025-01-25T22:00:00+00:00,AWS-MUM-007,25.9,1011.5,58.0,True,spike,high,88.4,FUSED_CONSENSUS,26.5,1010.7,58.0,OFFLINE,replay,,88.4
2025-01-25T23:00:00+00:00,AWS-MUM-007,25.7,1011.2,58.0,True,spike,high,88.4,FUSED_CONSENSUS,25.2,1010.3,64.0,OFFLINE,replay,,88.4
2025-01-26T00:00:00+00:00,AWS-MUM-007,25.0,1010.6,60.0,True,multivariate_inconsistency,high,88.0,FUSED_CONSENSUS,24.5,1009.7,66.0,OFFLINE,replay,,88.0
2025-01-26T01:00:00+00:00,AWS-MUM-007,24.4,1010.3,62.0,True,multivariate_inconsistency,high,88.0,FUSED_CONSENSUS,24.3,1009.4,66.0,OFFLINE,replay,,88.0
2025-01-26T02:00:00+00:00,AWS-MUM-007,24.2,1009.6,63.0,True,multivariate_inconsistency,high,88.0,FUSED_CONSENSUS,23.9,1008.8,68.0,OFFLINE,replay,,88.0
2025-01-26T03:00:00+00:00,AWS-MUM-007,23.9,1009.3,64.0,True,multivariate_inconsistency,high,88.0,FUSED_CONSENSUS,23.3,1008.5,71.0,OFFLINE,replay,,88.0
2025-01-26T04:00:00+00:00,AWS-MUM-007,23.6,1009.1,66.0,True,multivariate_inconsistency,high,88.0,FUSED_CONSENSUS,22.7,1008.4,74.0,OFFLINE,replay,,88.0
2025-01-26T05:00:00+00:00,AWS-MUM-007,23.1,1009.3,69.0,True,multivariate_inconsistency,high,88.0,FUSED_CONSENSUS,22.1,1008.6,77.0,OFFLINE,replay,,88.0
2025-01-26T06:00:00+00:00,AWS-MUM-007,22.0,1010.1,77.0,True,multivariate_inconsistency,high,88.0,FUSED_CONSENSUS,21.1,1009.4,86.0,OFFLINE,replay,,88.0
2025-01-26T07:00:00+00:00,AWS-MUM-007,21.8,1010.9,78.0,True,spike,high,89.9,FUSED_CONSENSUS,20.8,1010.3,87.0,OFFLINE,replay,,89.9
2025-01-26T08:00:00+00:00,AWS-MUM-007,23.4,1011.9,71.0,True,multivariate_inconsistency,high,88.0,FUSED_CONSENSUS,22.4,1011.2,78.0,OFFLINE,replay,,88.0
2025-01-26T09:00:00+00:00,AWS-MUM-007,26.4,1012.4,59.0,True,multivariate_inconsistency,high,88.0,FUSED_CONSENSUS,25.8,1011.7,62.0,OFFLINE,replay,,88.0
2025-01-26T10:00:00+00:00,AWS-MUM-007,30.0,1012.7,47.0,True,multivariate_inconsistency,high,88.0,FUSED_CONSENSUS,29.8,1011.9,46.0,OFFLINE,replay,,88.0
2025-01-26T11:00:00+00:00,AWS-MUM-007,32.7,1011.8,38.0,True,multivariate_inconsistency,high,88.0,FUSED_CONSENSUS,33.1,1010.9,35.0,OFFLINE,replay,,88.0
2025-01-26T12:00:00+00:00,AWS-MUM-007,33.5,1010.6,35.0,True,multivariate_inconsistency,high,88.0,FUSED_CONSENSUS,35.4,1009.5,26.0,OFFLINE,replay,,88.0
2025-01-26T13:00:00+00:00,AWS-MUM-007,33.1,1009.3,41.0,True,multivariate_inconsistency,high,88.0,FUSED_CONSENSUS,36.8,1008.1,22.0,OFFLINE,replay,,88.0
2025-01-26T14:00:00+00:00,AWS-MUM-007,32.4,1008.5,43.0,True,spike,high,89.9,FUSED_CONSENSUS,37.0,1007.0,21.0,OFFLINE,replay,,89.9
2025-01-26T15:00:00+00:00,AWS-MUM-007,31.8,1007.8,41.0,True,spike,high,89.9,FUSED_CONSENSUS,36.0,1006.2,26.0,OFFLINE,replay,,89.9
2025-01-26T16:00:00+00:00,AWS-MUM-007,31.0,1007.4,42.0,True,spike,high,89.9,FUSED_CONSENSUS,34.1,1005.9,29.0,OFFLINE,replay,,89.9
2025-01-26T17:00:00+00:00,AWS-MUM-007,29.3,1007.8,51.0,True,spike,high,89.9,FUSED_CONSENSUS,32.8,1006.4,34.0,OFFLINE,replay,,89.9
2025-01-26T18:00:00+00:00,AWS-MUM-007,27.2,1008.2,67.0,True,multivariate_inconsistency,high,88.0,FUSED_CONSENSUS,31.3,1006.9,40.0,OFFLINE,replay,,88.0
2025-01-26T19:00:00+00:00,AWS-MUM-007,26.0,1008.7,76.0,True,multivariate_inconsistency,high,88.0,FUSED_CONSENSUS,29.7,1007.6,45.0,OFFLINE,replay,,88.0
2025-01-26T20:00:00+00:00,AWS-MUM-007,25.5,1009.7,78.0,True,multivariate_inconsistency,high,88.0,FUSED_CONSENSUS,28.4,1008.8,50.0,OFFLINE,replay,,88.0
2025-01-26T21:00:00+00:00,AWS-MUM-007,25.9,1010.8,65.0,True,multivariate_inconsistency,high,88.0,FUSED_CONSENSUS,27.4,1009.9,54.0,OFFLINE,replay,,88.0
2025-01-26T22:00:00+00:00,AWS-MUM-007,26.1,1011.2,58.0,True,spike,high,88.4,FUSED_CONSENSUS,26.6,1010.2,57.0,OFFLINE,replay,,88.4
2025-01-26T23:00:00+00:00,AWS-MUM-007,25.8,1011.0,58.0,True,spike,high,88.4,FUSED_CONSENSUS,25.9,1010.0,59.0,OFFLINE,replay,,88.4
2025-01-27T00:00:00+00:00,AWS-MUM-007,25.3,1010.7,59.0,True,multivariate_inconsistency,high,88.0,FUSED_CONSENSUS,25.3,1009.7,62.0,OFFLINE,replay,,88.0
2025-01-27T01:00:00+00:00,AWS-MUM-007,25.0,1010.3,59.0,True,multivariate_inconsistency,high,88.0,FUSED_CONSENSUS,24.4,1009.3,66.0,OFFLINE,replay,,88.0
2025-01-27T02:00:00+00:00,AWS-MUM-007,24.4,1009.8,62.0,True,multivariate_inconsistency,high,88.0,FUSED_CONSENSUS,23.6,1008.9,69.0,OFFLINE,replay,,88.0
2025-01-27T03:00:00+00:00,AWS-MUM-007,23.8,1009.3,65.0,True,multivariate_inconsistency,high,88.0,FUSED_CONSENSUS,22.9,1008.5,73.0,OFFLINE,replay,,88.0
2025-01-27T04:00:00+00:00,AWS-MUM-007,23.3,1009.2,66.0,True,multivariate_inconsistency,high,88.0,FUSED_CONSENSUS,22.2,1008.4,77.0,OFFLINE,replay,,88.0
2025-01-27T05:00:00+00:00,AWS-MUM-007,22.8,1009.1,68.0,True,multivariate_inconsistency,high,88.0,FUSED_CONSENSUS,21.7,1008.3,80.0,OFFLINE,replay,,88.0
2025-01-27T06:00:00+00:00,AWS-MUM-007,22.0,1009.8,75.0,True,multivariate_inconsistency,high,88.0,FUSED_CONSENSUS,21.2,1008.9,85.0,OFFLINE,replay,,88.0
2025-01-27T07:00:00+00:00,AWS-MUM-007,21.6,1010.4,77.0,True,spike,high,89.9,FUSED_CONSENSUS,21.0,1009.6,86.0,OFFLINE,replay,,89.9
2025-01-27T08:00:00+00:00,AWS-MUM-007,23.4,1011.0,69.0,True,multivariate_inconsistency,high,88.0,FUSED_CONSENSUS,22.6,1010.2,78.0,OFFLINE,replay,,88.0
2025-01-27T09:00:00+00:00,AWS-MUM-007,26.3,1011.5,58.0,True,multivariate_inconsistency,high,88.0,FUSED_CONSENSUS,25.8,1010.7,62.0,OFFLINE,replay,,88.0
2025-01-27T10:00:00+00:00,AWS-MUM-007,36.36650234575764,1011.6331165757504,80.99844769171791,True,multivariate_inconsistency,high,88.0,FUSED_CONSENSUS,29.3,1010.5,50.0,OFFLINE,replay,,88.0
2025-01-27T11:00:00+00:00,AWS-MUM-007,38.36650234575764,1010.6317061592396,72.21547353189675,True,multivariate_inconsistency,high,88.0,FUSED_CONSENSUS,32.3,1009.8,40.0,OFFLINE,replay,,88.0
2025-01-27T12:00:00+00:00,AWS-MUM-007,39.26650234575764,1009.4907377077284,70.38587012384117,True,multivariate_inconsistency,high,88.0,FUSED_CONSENSUS,34.7,1008.7,30.0,OFFLINE,replay,,88.0
2025-01-27T13:00:00+00:00,AWS-MUM-007,32.5,1008.5,44.0,True,multivariate_inconsistency,high,88.0,FUSED_CONSENSUS,36.0,1007.3,24.0,OFFLINE,replay,,88.0
2025-01-27T14:00:00+00:00,AWS-MUM-007,32.3,1007.5,45.0,True,spike,high,89.9,FUSED_CONSENSUS,36.5,1006.2,25.0,OFFLINE,replay,,89.9
2025-01-27T15:00:00+00:00,AWS-MUM-007,31.8,1006.9,42.0,True,spike,high,89.9,FUSED_CONSENSUS,36.3,1005.4,27.0,OFFLINE,replay,,89.9
2025-01-27T16:00:00+00:00,AWS-MUM-007,30.7,1006.7,41.0,True,spike,high,89.9,FUSED_CONSENSUS,35.3,1005.2,30.0,OFFLINE,replay,,89.9
2025-01-27T17:00:00+00:00,AWS-MUM-007,28.9,1006.9,49.0,True,spike,high,89.9,FUSED_CONSENSUS,33.5,1005.4,31.0,OFFLINE,replay,,89.9
2025-01-27T18:00:00+00:00,AWS-MUM-007,26.9,1007.4,62.0,True,multivariate_inconsistency,high,88.0,FUSED_CONSENSUS,31.4,1006.0,36.0,OFFLINE,replay,,88.0
2025-01-27T19:00:00+00:00,AWS-MUM-007,25.9,1007.9,67.0,True,multivariate_inconsistency,high,88.0,FUSED_CONSENSUS,29.7,1006.7,39.0,OFFLINE,replay,,88.0
2025-01-27T20:00:00+00:00,AWS-MUM-007,25.7,1008.9,60.0,True,multivariate_inconsistency,high,88.0,FUSED_CONSENSUS,28.3,1007.8,40.0,OFFLINE,replay,,88.0
2025-01-27T21:00:00+00:00,AWS-MUM-007,25.5,1009.4,52.0,True,spike,high,89.9,FUSED_CONSENSUS,27.2,1008.5,43.0,OFFLINE,replay,,89.9
2025-01-27T22:00:00+00:00,AWS-MUM-007,25.3,1009.5,46.0,True,spike,high,89.9,FUSED_CONSENSUS,26.1,1008.7,46.0,OFFLINE,replay,,89.9
2025-01-27T23:00:00+00:00,AWS-MUM-007,24.9,1009.5,45.0,True,spike,high,89.9,FUSED_CONSENSUS,25.1,1008.6,51.0,OFFLINE,replay,,89.9
2025-01-28T00:00:00+00:00,AWS-MUM-007,23.9,1009.1,47.0,True,spike,high,89.9,FUSED_CONSENSUS,23.8,1008.1,59.0,OFFLINE,replay,,89.9
2025-01-28T01:00:00+00:00,AWS-MUM-007,23.2,1008.9,49.0,True,spike,high,89.9,FUSED_CONSENSUS,23.3,1007.9,61.0,OFFLINE,replay,,89.9
2025-01-28T02:00:00+00:00,AWS-MUM-007,23.3,1008.3,48.0,True,spike,high,89.9,FUSED_CONSENSUS,22.6,1007.5,66.0,OFFLINE,replay,,89.9
2025-01-28T03:00:00+00:00,AWS-MUM-007,23.2,1007.8,52.0,True,spike,high,89.9,FUSED_CONSENSUS,22.1,1007.0,66.0,OFFLINE,replay,,89.9
2025-01-28T04:00:00+00:00,AWS-MUM-007,22.5,1007.5,56.0,True,spike,high,89.7,FUSED_CONSENSUS,21.6,1006.6,69.0,OFFLINE,replay,,89.7
2025-01-28T05:00:00+00:00,AWS-MUM-007,21.8,1007.6,59.0,True,multivariate_inconsistency,high,88.0,FUSED_CONSENSUS,20.9,1006.8,74.0,OFFLINE,replay,,88.0
2025-01-28T06:00:00+00:00,AWS-MUM-007,21.3,1008.5,66.0,True,multivariate_inconsistency,high,88.0,FUSED_CONSENSUS,20.4,1007.6,79.0,OFFLINE,replay,,88.0
2025-01-28T07:00:00+00:00,AWS-MUM-007,21.3,1009.3,68.0,True,spike,high,89.9,FUSED_CONSENSUS,20.1,1008.5,81.0,OFFLINE,replay,,89.9
2025-01-28T08:00:00+00:00,AWS-MUM-007,22.9,1010.5,62.0,True,spike,high,88.1,FUSED_CONSENSUS,21.9,1009.6,72.0,OFFLINE,replay,,88.1
2025-01-28T09:00:00+00:00,AWS-MUM-007,25.4,1011.3,52.0,True,multivariate_inconsistency,high,88.0,FUSED_CONSENSUS,24.9,1010.4,55.0,OFFLINE,replay,,88.0
2025-01-28T10:00:00+00:00,AWS-MUM-007,28.1,1011.5,44.0,True,multivariate_inconsistency,high,88.0,FUSED_CONSENSUS,28.4,1010.5,44.0,OFFLINE,replay,,88.0
2025-01-28T11:00:00+00:00,AWS-MUM-007,30.1,1011.3,40.0,True,multivariate_inconsistency,high,88.0,FUSED_CONSENSUS,31.6,1010.1,37.0,OFFLINE,replay,,88.0
2025-01-28T12:00:00+00:00,AWS-MUM-007,30.0,1010.4,44.0,True,multivariate_inconsistency,high,88.0,FUSED_CONSENSUS,33.6,1009.0,29.0,OFFLINE,replay,,88.0
2025-01-28T13:00:00+00:00,AWS-MUM-007,29.9,,47.0,True,multivariate_inconsistency,critical,100.0,RULE_ENGINE_BYPASS,34.1,1008.2,27.0,OFFLINE,replay,,100.0
2025-01-28T14:00:00+00:00,AWS-MUM-007,30.5,1008.8,41.0,True,multivariate_inconsistency,high,88.0,FUSED_CONSENSUS,34.2,1007.4,26.0,OFFLINE,replay,,88.0
2025-01-28T15:00:00+00:00,AWS-MUM-007,30.4,1008.2,40.0,True,multivariate_inconsistency,high,88.0,FUSED_CONSENSUS,34.1,1006.8,23.0,OFFLINE,replay,,88.0
2025-01-28T16:00:00+00:00,AWS-MUM-007,29.5,1008.0,43.0,True,spike,high,89.9,FUSED_CONSENSUS,33.4,1006.6,24.0,OFFLINE,replay,,89.9
2025-01-28T17:00:00+00:00,AWS-MUM-007,27.9,1008.3,51.0,True,spike,high,89.9,FUSED_CONSENSUS,31.7,1006.9,29.0,OFFLINE,replay,,89.9
2025-01-28T18:00:00+00:00,AWS-MUM-007,26.1,1009.2,63.0,True,multivariate_inconsistency,high,88.0,FUSED_CONSENSUS,28.8,1008.0,43.0,OFFLINE,replay,,88.0
2025-01-28T19:00:00+00:00,AWS-MUM-007,25.1,1009.9,71.0,True,multivariate_inconsistency,high,88.0,FUSED_CONSENSUS,27.1,1008.8,54.0,OFFLINE,replay,,88.0
2025-01-28T20:00:00+00:00,AWS-MUM-007,24.4,1011.0,80.0,True,multivariate_inconsistency,high,88.0,FUSED_CONSENSUS,25.7,1009.9,63.0,OFFLINE,replay,,88.0
2025-01-28T21:00:00+00:00,AWS-MUM-007,23.9,1011.7,81.0,True,multivariate_inconsistency,high,88.0,FUSED_CONSENSUS,24.8,1010.8,67.0,OFFLINE,replay,,88.0
2025-01-28T22:00:00+00:00,AWS-MUM-007,23.2,1011.8,81.0,True,multivariate_inconsistency,high,88.0,FUSED_CONSENSUS,23.8,1011.0,69.0,OFFLINE,replay,,88.0
2025-01-28T23:00:00+00:00,AWS-MUM-007,22.5,1011.8,80.0,True,multivariate_inconsistency,high,88.0,FUSED_CONSENSUS,23.0,1010.9,72.0,OFFLINE,replay,,88.0
2025-01-29T00:00:00+00:00,AWS-MUM-007,21.8,1011.5,82.0,False,spike,low,34.2,NORMAL,22.0,1010.7,78.0,OFFLINE,replay,,34.2
2025-01-29T01:00:00+00:00,AWS-MUM-007,21.4,1011.2,80.0,True,multivariate_inconsistency,high,88.0,FUSED_CONSENSUS,21.0,1010.3,86.0,OFFLINE,replay,,88.0
2025-01-29T02:00:00+00:00,AWS-MUM-007,21.2,1011.0,76.0,True,multivariate_inconsistency,high,88.0,FUSED_CONSENSUS,20.3,1010.2,91.0,OFFLINE,replay,,88.0
2025-01-29T03:00:00+00:00,AWS-MUM-007,21.1,1010.4,71.0,True,multivariate_inconsistency,high,88.0,FUSED_CONSENSUS,19.7,1009.6,95.0,OFFLINE,replay,,88.0
2025-01-29T04:00:00+00:00,AWS-MUM-007,21.0,1010.3,69.0,True,multivariate_inconsistency,high,88.0,FUSED_CONSENSUS,19.2,1009.5,95.0,OFFLINE,replay,,88.0
2025-01-29T05:00:00+00:00,AWS-MUM-007,20.7,1010.4,69.0,True,spike,high,89.9,FUSED_CONSENSUS,18.8,1009.6,96.0,OFFLINE,replay,,89.9
2025-01-29T06:00:00+00:00,AWS-MUM-007,20.6,1011.1,71.0,True,spike,high,89.9,FUSED_CONSENSUS,18.5,1010.4,99.0,OFFLINE,replay,,89.9
2025-01-29T07:00:00+00:00,AWS-MUM-007,20.8,1012.0,67.0,True,spike,high,89.9,FUSED_CONSENSUS,18.6,1011.2,98.0,OFFLINE,replay,,89.9
2025-01-29T08:00:00+00:00,AWS-MUM-007,22.3,1013.0,59.0,True,spike,high,89.1,FUSED_CONSENSUS,20.4,1012.2,82.0,OFFLINE,replay,,89.1
2025-01-29T09:00:00+00:00,AWS-MUM-007,6.4596305418712205,1013.8,46.0,True,spike,high,89.9,FUSED_CONSENSUS,24.3,1012.9,59.0,OFFLINE,replay,,89.9
2025-01-29T10:00:00+00:00,AWS-MUM-007,19.02308270047967,1014.1,35.0,True,spike,high,89.9,FUSED_CONSENSUS,28.0,1013.2,38.0,OFFLINE,replay,,89.9
2025-01-29T11:00:00+00:00,AWS-MUM-007,25.62251985473852,1013.8,28.0,True,multivariate_inconsistency,high,88.0,FUSED_CONSENSUS,31.0,1012.8,27.0,OFFLINE,replay,,88.0
2025-01-29T12:00:00+00:00,AWS-MUM-007,28.811677703171743,1012.7,27.0,True,multivariate_inconsistency,high,88.0,FUSED_CONSENSUS,33.0,1011.5,21.0,OFFLINE,replay,,88.0
2025-01-29T13:00:00+00:00,AWS-MUM-007,29.853633908817315,1011.5,30.0,True,multivariate_inconsistency,high,88.0,FUSED_CONSENSUS,34.3,1010.0,18.0,OFFLINE,replay,,88.0
2025-01-29T14:00:00+00:00,AWS-MUM-007,30.4,1010.6,32.0,True,multivariate_inconsistency,high,88.0,FUSED_CONSENSUS,34.5,1009.0,20.0,OFFLINE,replay,,88.0
2025-01-29T15:00:00+00:00,AWS-MUM-007,29.7,1009.7,36.0,True,multivariate_inconsistency,high,88.0,FUSED_CONSENSUS,34.0,1008.1,20.0,OFFLINE,replay,,88.0
2025-01-29T16:00:00+00:00,AWS-MUM-007,28.7,1009.5,39.0,True,multivariate_inconsistency,high,88.0,FUSED_CONSENSUS,32.9,1008.0,23.0,OFFLINE,replay,,88.0
2025-01-29T17:00:00+00:00,AWS-MUM-007,27.4,1009.7,47.0,True,multivariate_inconsistency,high,88.0,FUSED_CONSENSUS,31.2,1008.3,27.0,OFFLINE,replay,,88.0
2025-01-29T18:00:00+00:00,AWS-MUM-007,25.6,1009.8,68.0,True,multivariate_inconsistency,high,88.0,FUSED_CONSENSUS,28.9,1008.6,36.0,OFFLINE,replay,,88.0
2025-01-29T19:00:00+00:00,AWS-MUM-007,24.6,1010.4,77.0,True,multivariate_inconsistency,high,88.0,FUSED_CONSENSUS,27.2,1009.3,47.0,OFFLINE,replay,,88.0
2025-01-29T20:00:00+00:00,AWS-MUM-007,24.3,1011.2,77.0,True,multivariate_inconsistency,high,88.0,FUSED_CONSENSUS,25.9,1010.2,58.0,OFFLINE,replay,,88.0
2025-01-29T21:00:00+00:00,AWS-MUM-007,24.0,1011.6,73.0,True,multivariate_inconsistency,high,88.0,FUSED_CONSENSUS,25.0,1010.7,62.0,OFFLINE,replay,,88.0
2025-01-29T22:00:00+00:00,AWS-MUM-007,23.5,1011.7,71.0,True,multivariate_inconsistency,high,88.0,FUSED_CONSENSUS,23.7,1010.8,62.0,OFFLINE,replay,,88.0
2025-01-29T23:00:00+00:00,AWS-MUM-007,23.2,1011.7,67.0,True,multivariate_inconsistency,high,88.0,FUSED_CONSENSUS,23.1,1010.9,65.0,OFFLINE,replay,,88.0
2025-01-30T00:00:00+00:00,AWS-MUM-007,22.7,1011.5,63.0,True,multivariate_inconsistency,high,88.0,FUSED_CONSENSUS,22.0,1010.6,71.0,OFFLINE,replay,,88.0
2025-01-30T01:00:00+00:00,AWS-MUM-007,22.1,1011.0,61.0,True,multivariate_inconsistency,high,88.0,FUSED_CONSENSUS,21.4,1010.1,77.0,OFFLINE,replay,,88.0
2025-01-30T02:00:00+00:00,AWS-MUM-007,21.8,1010.3,61.0,True,multivariate_inconsistency,high,88.0,FUSED_CONSENSUS,20.8,1009.4,82.0,OFFLINE,replay,,88.0
2025-01-30T03:00:00+00:00,AWS-MUM-007,21.6,1009.5,62.0,True,multivariate_inconsistency,high,88.0,FUSED_CONSENSUS,20.1,1008.6,85.0,OFFLINE,replay,,88.0
2025-01-30T04:00:00+00:00,AWS-MUM-007,21.4,1009.2,64.0,True,multivariate_inconsistency,high,88.0,FUSED_CONSENSUS,19.6,1008.5,87.0,OFFLINE,replay,,88.0
2025-01-30T05:00:00+00:00,AWS-MUM-007,21.0,1009.3,65.0,True,spike,high,89.9,FUSED_CONSENSUS,19.1,1008.5,88.0,OFFLINE,replay,,89.9
2025-01-30T06:00:00+00:00,AWS-MUM-007,20.3,1010.3,72.0,True,spike,high,89.9,FUSED_CONSENSUS,18.8,1009.5,91.0,OFFLINE,replay,,89.9
2025-01-30T07:00:00+00:00,AWS-MUM-007,20.2,1010.9,71.0,True,spike,high,89.9,FUSED_CONSENSUS,18.6,1010.2,90.0,OFFLINE,replay,,89.9
2025-01-30T08:00:00+00:00,AWS-MUM-007,21.8,1011.6,64.0,True,spike,high,89.9,FUSED_CONSENSUS,20.2,1010.8,78.0,OFFLINE,replay,,89.9
2025-01-30T09:00:00+00:00,AWS-MUM-007,24.7,1012.4,53.0,True,multivariate_inconsistency,high,88.0,FUSED_CONSENSUS,24.0,1011.5,59.0,OFFLINE,replay,,88.0
2025-01-30T10:00:00+00:00,AWS-MUM-007,27.8,1012.7,44.0,True,multivariate_inconsistency,high,88.0,FUSED_CONSENSUS,27.8,1011.8,44.0,OFFLINE,replay,,88.0
2025-01-30T11:00:00+00:00,AWS-MUM-007,30.2,1012.4,37.0,True,multivariate_inconsistency,high,88.0,FUSED_CONSENSUS,31.1,1011.3,33.0,OFFLINE,replay,,88.0
2025-01-30T12:00:00+00:00,AWS-MUM-007,31.4,1011.6,,True,dropout,critical,100.0,RULE_ENGINE_BYPASS,33.3,1010.4,26.0,OFFLINE,replay,,100.0
2025-01-30T13:00:00+00:00,AWS-MUM-007,31.2,1010.5,40.0,True,multivariate_inconsistency,high,88.0,FUSED_CONSENSUS,34.9,1009.0,23.0,OFFLINE,replay,,88.0
2025-01-30T14:00:00+00:00,AWS-MUM-007,31.0,1009.2,40.0,True,multivariate_inconsistency,high,88.0,FUSED_CONSENSUS,34.9,1007.8,26.0,OFFLINE,replay,,88.0
2025-01-30T15:00:00+00:00,AWS-MUM-007,37.51613410088783,999.7207317117352,22.15423701847157,True,multivariate_inconsistency,high,88.0,FUSED_CONSENSUS,34.4,1007.1,26.0,OFFLINE,replay,,88.0
2025-01-30T16:00:00+00:00,AWS-MUM-007,24.22519033168972,1014.9290876332389,51.56215014732745,True,multivariate_inconsistency,high,88.0,FUSED_CONSENSUS,33.8,1006.7,26.0,OFFLINE,replay,,88.0
2025-01-30T17:00:00+00:00,AWS-MUM-007,21.797447939783364,1015.5833325795468,56.66069761915051,True,spike,high,89.9,FUSED_CONSENSUS,32.6,1006.7,28.0,OFFLINE,replay,,89.9
2025-01-30T18:00:00+00:00,AWS-MUM-007,32.35073413238489,1001.3630857606458,32.03682974845609,True,multivariate_inconsistency,high,88.0,FUSED_CONSENSUS,30.8,1007.0,33.0,OFFLINE,replay,,88.0
2025-01-30T19:00:00+00:00,AWS-MUM-007,19.623245413634947,1015.7892349772025,39.61648661869721,True,spike,high,89.9,FUSED_CONSENSUS,28.9,1007.7,37.0,OFFLINE,replay,,89.9
2025-01-30T20:00:00+00:00,AWS-MUM-007,19.64646409131745,1017.0661298245076,67.4667903587693,True,spike,high,89.9,FUSED_CONSENSUS,27.4,1008.6,40.0,OFFLINE,replay,,89.9
2025-01-30T21:00:00+00:00,AWS-MUM-007,24.8,1010.3,50.0,True,multivariate_inconsistency,high,88.0,FUSED_CONSENSUS,26.2,1009.3,42.0,OFFLINE,replay,,88.0
2025-01-30T22:00:00+00:00,AWS-MUM-007,24.3,1010.4,48.0,True,spike,high,89.9,FUSED_CONSENSUS,25.1,1009.4,45.0,OFFLINE,replay,,89.9
2025-01-30T23:00:00+00:00,AWS-MUM-007,23.9,1010.0,46.0,True,spike,high,89.9,FUSED_CONSENSUS,23.7,1009.1,50.0,OFFLINE,replay,,89.9
2025-01-31T00:00:00+00:00,AWS-MUM-007,23.5,1009.6,44.0,True,spike,high,89.9,FUSED_CONSENSUS,22.8,1008.7,56.0,OFFLINE,replay,,89.9
2025-01-31T01:00:00+00:00,AWS-MUM-007,22.9,1009.5,45.0,True,spike,high,89.9,FUSED_CONSENSUS,22.3,1008.5,58.0,OFFLINE,replay,,89.9
2025-01-31T02:00:00+00:00,AWS-MUM-007,22.2,1009.1,44.973489154375535,True,spike,high,89.9,FUSED_CONSENSUS,21.0,1008.2,58.0,OFFLINE,replay,,89.9
2025-01-31T03:00:00+00:00,AWS-MUM-007,21.6,1008.9,44.98207736603431,True,spike,high,89.9,FUSED_CONSENSUS,20.3,1007.9,59.0,OFFLINE,replay,,89.9
2025-01-31T04:00:00+00:00,AWS-MUM-007,21.2,1008.9,44.9675144287472,True,spike,high,89.9,FUSED_CONSENSUS,19.7,1008.0,66.0,OFFLINE,replay,,89.9
2025-01-31T05:00:00+00:00,AWS-MUM-007,21.0,1009.2,45.01315783252984,True,spike,high,89.9,FUSED_CONSENSUS,19.1,1008.4,72.0,OFFLINE,replay,,89.9
2025-01-31T06:00:00+00:00,AWS-MUM-007,20.6,1010.0,44.98803454774926,True,spike,high,89.9,FUSED_CONSENSUS,18.7,1009.2,82.0,OFFLINE,replay,,89.9
2025-01-31T07:00:00+00:00,AWS-MUM-007,20.5,-0.0866653249790821,44.97576879938888,True,spike,critical,100.0,RULE_ENGINE_BYPASS,18.5,1009.9,80.0,OFFLINE,replay,,100.0
2025-01-31T08:00:00+00:00,AWS-MUM-007,22.4,-0.0186561126967092,45.00400946380066,True,spike,critical,100.0,RULE_ENGINE_BYPASS,20.0,1010.7,70.0,OFFLINE,replay,,100.0
2025-01-31T09:00:00+00:00,AWS-MUM-007,25.0,-0.0046373397770895,44.97143606072291,True,spike,critical,100.0,RULE_ENGINE_BYPASS,23.5,1011.5,55.0,OFFLINE,replay,,100.0
2025-01-31T10:00:00+00:00,AWS-MUM-007,27.5,0.0234230812007827,41.0,True,spike,critical,100.0,RULE_ENGINE_BYPASS,27.1,1011.5,42.0,OFFLINE,replay,,100.0
2025-01-31T11:00:00+00:00,AWS-MUM-007,29.2,1012.0,38.0,True,multivariate_inconsistency,high,88.0,FUSED_CONSENSUS,30.1,1011.0,32.0,OFFLINE,replay,,88.0
2025-01-31T12:00:00+00:00,AWS-MUM-007,29.6,1011.0,43.0,True,multivariate_inconsistency,high,88.0,FUSED_CONSENSUS,32.2,1009.9,25.0,OFFLINE,replay,,88.0
2025-01-31T13:00:00+00:00,AWS-MUM-007,29.4,1010.1,48.0,True,multivariate_inconsistency,high,88.0,FUSED_CONSENSUS,33.3,1008.6,25.0,OFFLINE,replay,,88.0
2025-01-31T14:00:00+00:00,AWS-MUM-007,29.3,1009.0,48.0,True,multivariate_inconsistency,high,88.0,FUSED_CONSENSUS,33.3,1007.4,28.0,OFFLINE,replay,,88.0
2025-01-31T15:00:00+00:00,AWS-MUM-007,28.7,1008.4,49.0,True,multivariate_inconsistency,high,88.0,FUSED_CONSENSUS,32.7,1006.7,31.0,OFFLINE,replay,,88.0
2025-01-31T16:00:00+00:00,AWS-MUM-007,20.801637137220343,1015.299594863407,72.60914140833623,True,spike,high,89.9,FUSED_CONSENSUS,31.6,1006.5,34.0,OFFLINE,replay,,89.9
2025-01-31T17:00:00+00:00,AWS-MUM-007,32.16260523163844,1000.7465315522156,45.78574629274082,True,spike,high,89.9,FUSED_CONSENSUS,30.1,1006.8,38.0,OFFLINE,replay,,89.9
2025-01-31T18:00:00+00:00,AWS-MUM-007,18.22724567329096,1017.317549056887,53.18032252205131,True,spike,high,89.9,FUSED_CONSENSUS,27.8,1007.7,45.0,OFFLINE,replay,,89.9
2025-01-31T19:00:00+00:00,AWS-MUM-007,18.352827767096365,1016.8762100421452,93.71543475241592,False,spike,low,34.2,NORMAL,25.9,1008.6,57.0,OFFLINE,replay,,34.2
2025-01-31T20:00:00+00:00,AWS-MUM-007,17.823220305010103,1018.2446211773198,61.73924535695045,True,multivariate_inconsistency,high,88.0,FUSED_CONSENSUS,24.6,1009.7,67.0,OFFLINE,replay,,88.0
2025-01-31T21:00:00+00:00,AWS-MUM-007,23.4,1011.5,73.0,True,multivariate_inconsistency,high,88.0,FUSED_CONSENSUS,23.5,1010.7,68.0,OFFLINE,replay,,88.0
2025-01-31T22:00:00+00:00,AWS-MUM-007,22.9,1011.9,73.0,True,multivariate_inconsistency,high,88.0,FUSED_CONSENSUS,22.7,1011.1,68.0,OFFLINE,replay,,88.0
2025-01-31T23:00:00+00:00,AWS-MUM-007,22.3,1011.7,71.0,True,multivariate_inconsistency,high,88.0,FUSED_CONSENSUS,21.8,1010.9,74.0,OFFLINE,replay,,88.0
2025-02-01T00:00:00+00:00,AWS-MUM-007,21.7,1011.3,67.0,True,multivariate_inconsistency,high,88.0,FUSED_CONSENSUS,20.9,1010.5,78.0,OFFLINE,replay,,88.0
2025-02-01T01:00:00+00:00,AWS-MUM-007,21.2,1010.7,64.0,True,multivariate_inconsistency,high,88.0,FUSED_CONSENSUS,20.2,1009.9,83.0,OFFLINE,replay,,88.0
2025-02-01T02:00:00+00:00,AWS-MUM-007,20.4,1010.2,64.0,True,multivariate_inconsistency,high,88.0,FUSED_CONSENSUS,19.5,1009.3,87.0,OFFLINE,replay,,88.0
2025-02-01T03:00:00+00:00,AWS-MUM-007,20.0,1009.7,63.0,True,multivariate_inconsistency,high,88.0,FUSED_CONSENSUS,18.7,1008.9,92.0,OFFLINE,replay,,88.0
2025-02-01T04:00:00+00:00,AWS-MUM-007,20.1,1009.7,60.0,True,multivariate_inconsistency,high,88.0,FUSED_CONSENSUS,18.1,1008.9,95.0,OFFLINE,replay,,88.0
2025-02-01T05:00:00+00:00,AWS-MUM-007,19.9,1009.9,62.0,True,spike,high,89.9,FUSED_CONSENSUS,17.7,1009.1,94.0,OFFLINE,replay,,89.9
2025-02-01T06:00:00+00:00,AWS-MUM-007,19.9,1010.9,72.0,True,spike,high,89.9,FUSED_CONSENSUS,17.3,1010.2,94.0,OFFLINE,replay,,89.9
2025-02-01T07:00:00+00:00,AWS-MUM-007,20.0,1011.7,77.0,True,spike,high,89.9,FUSED_CONSENSUS,17.2,1011.0,92.0,OFFLINE,replay,,89.9
2025-02-01T08:00:00+00:00,AWS-MUM-007,21.5,1012.4,75.0,True,spike,high,89.9,FUSED_CONSENSUS,18.8,1011.8,84.0,OFFLINE,replay,,89.9
2025-02-01T09:00:00+00:00,AWS-MUM-007,23.7,1013.0,71.0,True,multivariate_inconsistency,high,88.0,FUSED_CONSENSUS,21.6,1012.4,71.0,OFFLINE,replay,,88.0
2025-02-01T10:00:00+00:00,AWS-MUM-007,25.8,1013.3,59.0,True,multivariate_inconsistency,high,88.0,FUSED_CONSENSUS,25.1,1012.6,54.0,OFFLINE,replay,,88.0
2025-02-01T11:00:00+00:00,AWS-MUM-007,28.1,1012.7,43.0,True,multivariate_inconsistency,high,88.0,FUSED_CONSENSUS,28.2,1011.8,36.0,OFFLINE,replay,,88.0
2025-02-01T12:00:00+00:00,AWS-MUM-007,22.23154056026744,1020.0867100137572,21.1055962768051,True,spike,high,89.3,FUSED_CONSENSUS,30.6,1010.6,25.0,OFFLINE,replay,,89.3
2025-02-01T13:00:00+00:00,AWS-MUM-007,21.74977952848983,1018.3537458208348,31.94551749463856,True,spike,high,89.9,FUSED_CONSENSUS,32.0,1009.5,22.0,OFFLINE,replay,,89.9
2025-02-01T14:00:00+00:00,AWS-MUM-007,21.52888183357296,1016.8214130803708,33.19211030330297,True,spike,high,89.9,FUSED_CONSENSUS,32.8,1008.3,27.0,OFFLINE,replay,,89.9
2025-02-01T15:00:00+00:00,AWS-MUM-007,21.349284374884903,1016.243551865061,33.10501431024552,True,spike,high,89.9,FUSED_CONSENSUS,31.9,1007.7,36.0,OFFLINE,replay,,89.9
2025-02-01T16:00:00+00:00,AWS-MUM-007,33.22540248700335,1002.3139373711878,64.97736786941068,False,spike,low,33.9,NORMAL,31.0,1007.5,39.0,OFFLINE,replay,,33.9
2025-02-01T17:00:00+00:00,AWS-MUM-007,20.24382035128433,1016.6940017902814,69.8926019053392,True,spike,high,89.9,FUSED_CONSENSUS,29.5,1008.1,41.0,OFFLINE,replay,,89.9
2025-02-01T18:00:00+00:00,AWS-MUM-007,24.8,1010.3,59.0,True,multivariate_inconsistency,high,88.0,FUSED_CONSENSUS,27.7,1009.0,46.0,OFFLINE,replay,,88.0
2025-02-01T19:00:00+00:00,AWS-MUM-007,24.1,1010.9,63.0,True,multivariate_inconsistency,high,88.0,FUSED_CONSENSUS,26.4,1009.8,50.0,OFFLINE,replay,,88.0
2025-02-01T20:00:00+00:00,AWS-MUM-007,23.9,1011.7,56.0,True,spike,high,89.7,FUSED_CONSENSUS,25.3,1010.7,53.0,OFFLINE,replay,,89.7
2025-02-01T21:00:00+00:00,AWS-MUM-007,23.5,1012.2,52.0,True,spike,high,89.9,FUSED_CONSENSUS,24.3,1011.3,53.0,OFFLINE,replay,,89.9
2025-02-01T22:00:00+00:00,AWS-MUM-007,23.3,1012.4,47.0,True,multivariate_inconsistency,high,88.0,FUSED_CONSENSUS,23.5,1011.5,51.0,OFFLINE,replay,,88.0
2025-02-01T23:00:00+00:00,AWS-MUM-007,23.0,1012.2,44.0,True,spike,high,89.9,FUSED_CONSENSUS,22.8,1011.3,51.0,OFFLINE,replay,,89.9
2025-02-02T00:00:00+00:00,AWS-MUM-007,22.7,1012.0,42.0,True,spike,high,89.9,FUSED_CONSENSUS,22.1,1011.2,54.0,OFFLINE,replay,,89.9
2025-02-02T01:00:00+00:00,AWS-MUM-007,22.1,1011.5,43.0,True,spike,high,89.9,FUSED_CONSENSUS,21.3,1010.6,58.0,OFFLINE,replay,,89.9
2025-02-02T02:00:00+00:00,AWS-MUM-007,21.7,1010.8,44.0,True,spike,high,89.9,FUSED_CONSENSUS,20.7,1009.8,59.0,OFFLINE,replay,,89.9
2025-02-02T03:00:00+00:00,AWS-MUM-007,21.6,1010.1,47.0,True,spike,high,89.9,FUSED_CONSENSUS,20.2,1009.3,62.0,OFFLINE,replay,,89.9
2025-02-02T04:00:00+00:00,AWS-MUM-007,21.3,1009.8,50.0,True,spike,high,89.9,FUSED_CONSENSUS,19.8,1009.1,65.0,OFFLINE,replay,,89.9
2025-02-02T05:00:00+00:00,AWS-MUM-007,21.1,1009.9,50.0,True,spike,high,89.9,FUSED_CONSENSUS,19.3,1009.2,65.0,OFFLINE,replay,,89.9
2025-02-02T06:00:00+00:00,AWS-MUM-007,20.7,1010.8,54.0,True,spike,high,89.9,FUSED_CONSENSUS,18.8,1010.1,72.0,OFFLINE,replay,,89.9
2025-02-02T07:00:00+00:00,AWS-MUM-007,20.5,1011.8,53.0,True,spike,high,89.9,FUSED_CONSENSUS,18.7,1011.1,75.0,OFFLINE,replay,,89.9
2025-02-02T08:00:00+00:00,AWS-MUM-007,21.5,1012.6,49.0,True,spike,high,89.9,FUSED_CONSENSUS,20.1,1011.8,68.0,OFFLINE,replay,,89.9
2025-02-02T09:00:00+00:00,AWS-MUM-007,24.1,1013.2,41.0,True,multivariate_inconsistency,high,88.0,FUSED_CONSENSUS,23.5,1012.4,50.0,OFFLINE,replay,,88.0
2025-02-02T10:00:00+00:00,AWS-MUM-007,27.0,1013.4,34.0,True,multivariate_inconsistency,high,88.0,FUSED_CONSENSUS,27.1,1012.5,40.0,OFFLINE,replay,,88.0
2025-02-02T11:00:00+00:00,AWS-MUM-007,29.2,1012.7,30.0,True,multivariate_inconsistency,high,88.0,FUSED_CONSENSUS,30.3,1011.7,32.0,OFFLINE,replay,,88.0
2025-02-02T12:00:00+00:00,AWS-MUM-007,30.3,1011.4,31.0,True,multivariate_inconsistency,high,88.0,FUSED_CONSENSUS,32.7,1010.2,24.0,OFFLINE,replay,,88.0
2025-02-02T13:00:00+00:00,AWS-MUM-007,30.9,1010.2,32.0,True,multivariate_inconsistency,high,88.0,FUSED_CONSENSUS,34.2,1008.9,21.0,OFFLINE,replay,,88.0
2025-02-02T14:00:00+00:00,AWS-MUM-007,30.8,1009.3,33.0,True,multivariate_inconsistency,high,88.0,FUSED_CONSENSUS,34.9,1007.8,21.0,OFFLINE,replay,,88.0
2025-02-02T15:00:00+00:00,AWS-MUM-007,30.2,1008.8,34.0,True,spike,high,89.9,FUSED_CONSENSUS,34.6,1007.1,23.0,OFFLINE,replay,,89.9
2025-02-02T16:00:00+00:00,AWS-MUM-007,29.1,1008.8,38.0,True,spike,high,89.9,FUSED_CONSENSUS,33.5,1007.1,26.0,OFFLINE,replay,,89.9
2025-02-02T17:00:00+00:00,AWS-MUM-007,27.6,1009.0,46.0,True,spike,high,89.9,FUSED_CONSENSUS,32.0,1007.5,29.0,OFFLINE,replay,,89.9
2025-02-02T18:00:00+00:00,AWS-MUM-007,25.9,1009.7,58.0,True,spike,high,88.4,FUSED_CONSENSUS,29.7,1008.3,35.0,OFFLINE,replay,,88.4
2025-02-02T19:00:00+00:00,AWS-MUM-007,25.1,1010.1,63.0,True,multivariate_inconsistency,high,88.0,FUSED_CONSENSUS,27.9,1008.9,42.0,OFFLINE,replay,,88.0
2025-02-02T20:00:00+00:00,AWS-MUM-007,25.0,1010.9,55.0,True,spike,high,89.9,FUSED_CONSENSUS,26.9,1010.0,46.0,OFFLINE,replay,,89.9
2025-02-02T21:00:00+00:00,AWS-MUM-007,24.7,1011.6,51.0,True,spike,high,89.9,FUSED_CONSENSUS,25.9,1010.6,46.0,OFFLINE,replay,,89.9
2025-02-02T22:00:00+00:00,AWS-MUM-007,41.87062528769468,1011.8,46.0,True,spike,high,89.9,FUSED_CONSENSUS,25.0,1010.8,45.0,OFFLINE,replay,,89.9
2025-02-02T23:00:00+00:00,AWS-MUM-007,31.45735532663797,1011.9,44.0,True,spike,high,89.9,FUSED_CONSENSUS,24.1,1010.9,46.0,OFFLINE,replay,,89.9
2025-02-03T00:00:00+00:00,AWS-MUM-007,26.880748494495396,1011.3,44.0,True,spike,high,89.9,FUSED_CONSENSUS,23.2,1010.3,50.0,OFFLINE,replay,,89.9
2025-02-03T01:00:00+00:00,AWS-MUM-007,24.49000311456653,1010.8,46.0,True,spike,high,89.9,FUSED_CONSENSUS,22.6,1009.9,56.0,OFFLINE,replay,,89.9
2025-02-03T02:00:00+00:00,AWS-MUM-007,22.6,1010.3,48.0,True,spike,high,89.9,FUSED_CONSENSUS,22.0,1009.4,58.0,OFFLINE,replay,,89.9
2025-02-03T03:00:00+00:00,AWS-MUM-007,22.1,1009.7,50.0,True,spike,high,89.9,FUSED_CONSENSUS,21.3,1008.8,62.0,OFFLINE,replay,,89.9
2025-02-03T04:00:00+00:00,AWS-MUM-007,21.9,1009.4,52.0,True,spike,high,89.9,FUSED_CONSENSUS,20.8,1008.5,67.0,OFFLINE,replay,,89.9
2025-02-03T05:00:00+00:00,AWS-MUM-007,21.6,1009.5,55.0,True,spike,high,89.9,FUSED_CONSENSUS,20.4,1008.7,69.0,OFFLINE,replay,,89.9
2025-02-03T06:00:00+00:00,AWS-MUM-007,21.2,1010.3,63.0,True,multivariate_inconsistency,high,88.0,FUSED_CONSENSUS,19.8,1009.5,77.0,OFFLINE,replay,,88.0
2025-02-03T07:00:00+00:00,AWS-MUM-007,20.7,1011.1,63.0,True,spike,high,89.9,FUSED_CONSENSUS,19.8,1010.2,76.0,OFFLINE,replay,,89.9
2025-02-03T08:00:00+00:00,AWS-MUM-007,22.3,1012.0,54.0,True,spike,high,89.1,FUSED_CONSENSUS,21.6,1011.0,67.0,OFFLINE,replay,,89.1
2025-02-03T09:00:00+00:00,AWS-MUM-007,25.3,1012.8,40.0,True,multivariate_inconsistency,high,88.0,FUSED_CONSENSUS,25.4,1011.7,46.0,OFFLINE,replay,,88.0
2025-02-03T10:00:00+00:00,AWS-MUM-007,27.4,1013.2,39.02468223509537,True,multivariate_inconsistency,high,88.0,FUSED_CONSENSUS,28.9,1012.1,35.0,OFFLINE,replay,,88.0
2025-02-03T11:00:00+00:00,AWS-MUM-007,28.5,1012.7,45.04936447019073,True,multivariate_inconsistency,high,88.0,FUSED_CONSENSUS,31.3,1011.5,28.0,OFFLINE,replay,,88.0
2025-02-03T12:00:00+00:00,AWS-MUM-007,28.612618621092377,1011.9,47.0740467052861,True,multivariate_inconsistency,high,88.0,FUSED_CONSENSUS,33.0,1010.3,27.0,OFFLINE,replay,,88.0
2025-02-03T13:00:00+00:00,AWS-MUM-007,28.325237242184752,1010.8,40.09872894038147,True,spike,high,89.9,FUSED_CONSENSUS,33.5,1009.1,30.0,OFFLINE,replay,,89.9
2025-02-03T14:00:00+00:00,AWS-MUM-007,27.83785586327713,1010.0,36.12341117547683,True,spike,high,89.9,FUSED_CONSENSUS,33.1,1008.2,31.0,OFFLINE,replay,,89.9
2025-02-03T15:00:00+00:00,AWS-MUM-007,26.950474484369508,1009.6,36.1480934105722,True,multivariate_inconsistency,high,88.0,FUSED_CONSENSUS,32.3,1007.8,30.0,OFFLINE,replay,,88.0
2025-02-03T16:00:00+00:00,AWS-MUM-007,25.963093105461883,1009.5,38.17277564566756,True,spike,high,89.9,FUSED_CONSENSUS,31.0,1008.0,30.0,OFFLINE,replay,,89.9
2025-02-03T17:00:00+00:00,AWS-MUM-007,24.47571172655426,1009.8,46.19745788076293,True,spike,high,89.9,FUSED_CONSENSUS,29.3,1008.5,34.0,OFFLINE,replay,,89.9
2025-02-03T18:00:00+00:00,AWS-MUM-007,23.08833034764664,1010.9,51.2221401158583,True,spike,high,89.9,FUSED_CONSENSUS,27.4,1009.7,42.0,OFFLINE,replay,,89.9
2025-02-03T19:00:00+00:00,AWS-MUM-007,22.10094896873901,1011.8,55.246822350953664,True,spike,high,89.9,FUSED_CONSENSUS,26.2,1010.7,46.0,OFFLINE,replay,,89.9
2025-02-03T20:00:00+00:00,AWS-MUM-007,21.61356758983139,1012.7,52.27150458604903,True,spike,high,89.9,FUSED_CONSENSUS,25.5,1011.9,51.0,OFFLINE,replay,,89.9
2025-02-03T21:00:00+00:00,AWS-MUM-007,20.926186210923767,1013.5,52.2961868211444,True,spike,high,89.9,FUSED_CONSENSUS,24.9,1012.5,51.0,OFFLINE,replay,,89.9
2025-02-03T22:00:00+00:00,AWS-MUM-007,20.238804832016143,1013.7,48.320869056239765,True,spike,high,89.9,FUSED_CONSENSUS,24.0,1012.8,53.0,OFFLINE,replay,,89.9
2025-02-03T23:00:00+00:00,AWS-MUM-007,19.55142345310852,1013.4,46.345551291335134,True,spike,high,89.9,FUSED_CONSENSUS,23.1,1012.6,57.0,OFFLINE,replay,,89.9
2025-02-04T00:00:00+00:00,AWS-MUM-007,18.8640420742009,1013.1,44.370233526430496,True,spike,high,89.9,FUSED_CONSENSUS,22.3,1012.2,62.0,OFFLINE,replay,,89.9
2025-02-04T01:00:00+00:00,AWS-MUM-007,18.176660695293272,1012.5,41.394915761525866,True,spike,high,89.9,FUSED_CONSENSUS,21.4,1011.7,68.0,OFFLINE,replay,,89.9
2025-02-04T02:00:00+00:00,AWS-MUM-007,17.48927931638565,1011.8,40.41959799662124,True,spike,high,89.9,FUSED_CONSENSUS,20.7,1010.9,72.0,OFFLINE,replay,,89.9
2025-02-04T03:00:00+00:00,AWS-MUM-007,16.901897937478026,1011.2,39.44428023171661,True,spike,high,89.9,FUSED_CONSENSUS,20.1,1010.4,74.0,OFFLINE,replay,,89.9
2025-02-04T04:00:00+00:00,AWS-MUM-007,15.614516558570404,1010.9,42.46896246681197,True,spike,high,89.9,FUSED_CONSENSUS,19.7,1010.1,75.0,OFFLINE,replay,,89.9
2025-02-04T05:00:00+00:00,AWS-MUM-007,14.92713517966278,1010.9,43.493644701907336,True,spike,high,89.9,FUSED_CONSENSUS,19.2,1010.1,77.0,OFFLINE,replay,,89.9
2025-02-04T06:00:00+00:00,AWS-MUM-007,15.039753800755156,1012.3,39.5183269370027,True,spike,high,89.9,FUSED_CONSENSUS,19.0,1011.4,80.0,OFFLINE,replay,,89.9
2025-02-04T07:00:00+00:00,AWS-MUM-007,15.052372421847531,1012.9,39.54300917209807,True,spike,high,89.9,FUSED_CONSENSUS,19.0,1012.1,72.0,OFFLINE,replay,,89.9
2025-02-04T08:00:00+00:00,AWS-MUM-007,16.564991042939912,1013.8,37.56769140719344,True,spike,high,89.9,FUSED_CONSENSUS,21.3,1013.0,59.0,OFFLINE,replay,,89.9
2025-02-04T09:00:00+00:00,AWS-MUM-007,18.67760966403229,1014.8,63.0,True,spike,high,89.9,FUSED_CONSENSUS,25.0,1014.1,45.0,OFFLINE,replay,,89.9
2025-02-04T10:00:00+00:00,AWS-MUM-007,20.590228285124663,1014.9,51.0,True,spike,high,89.9,FUSED_CONSENSUS,27.8,1014.1,36.0,OFFLINE,replay,,89.9
2025-02-04T11:00:00+00:00,AWS-MUM-007,21.60284690621704,1014.7,45.0,True,spike,high,89.9,FUSED_CONSENSUS,30.2,1013.7,29.0,OFFLINE,replay,,89.9
2025-02-04T12:00:00+00:00,AWS-MUM-007,21.91546552730942,1013.5,47.0,True,spike,high,89.8,FUSED_CONSENSUS,31.9,1012.4,27.0,OFFLINE,replay,,89.8
2025-02-04T13:00:00+00:00,AWS-MUM-007,22.1280841484018,1012.3,44.0,True,spike,high,89.9,FUSED_CONSENSUS,33.1,1010.9,26.0,OFFLINE,replay,,89.9
2025-02-04T14:00:00+00:00,AWS-MUM-007,21.94070276949417,1011.3,39.0,True,spike,high,89.9,FUSED_CONSENSUS,34.0,1009.7,28.0,OFFLINE,replay,,89.9
2025-02-04T15:00:00+00:00,AWS-MUM-007,21.053321390586547,1021.1840761806098,37.0,True,spike,high,89.9,FUSED_CONSENSUS,33.6,1008.8,30.0,OFFLINE,replay,,89.9
2025-02-04T16:00:00+00:00,AWS-MUM-007,19.56594001167892,1010.3,43.0,True,spike,high,89.9,FUSED_CONSENSUS,32.1,1008.6,30.0,OFFLINE,replay,,89.9
2025-02-04T17:00:00+00:00,AWS-MUM-007,17.978558632771303,1010.4,52.0,True,spike,high,89.9,FUSED_CONSENSUS,30.4,1008.8,35.0,OFFLINE,replay,,89.9
2025-02-04T18:00:00+00:00,AWS-MUM-007,25.1,1011.3,62.0,True,multivariate_inconsistency,high,88.0,FUSED_CONSENSUS,27.9,1009.9,41.0,OFFLINE,replay,,88.0
2025-02-04T19:00:00+00:00,AWS-MUM-007,24.4,1011.5,67.0,True,multivariate_inconsistency,high,88.0,FUSED_CONSENSUS,26.3,1010.4,47.0,OFFLINE,replay,,88.0
2025-02-04T20:00:00+00:00,AWS-MUM-007,24.4,1012.3,55.0,True,spike,high,89.9,FUSED_CONSENSUS,25.5,1011.4,51.0,OFFLINE,replay,,89.9
2025-02-04T21:00:00+00:00,AWS-MUM-007,24.4,1012.7,46.0,True,multivariate_inconsistency,high,88.0,FUSED_CONSENSUS,24.7,1011.8,46.0,OFFLINE,replay,,88.0
2025-02-04T22:00:00+00:00,AWS-MUM-007,24.1,1012.9,40.0,True,multivariate_inconsistency,high,88.0,FUSED_CONSENSUS,24.1,1012.0,43.0,OFFLINE,replay,,88.0
2025-02-04T23:00:00+00:00,AWS-MUM-007,23.7,1012.9,39.0,True,spike,high,89.9,FUSED_CONSENSUS,23.5,1012.0,43.0,OFFLINE,replay,,89.9
2025-02-05T00:00:00+00:00,AWS-MUM-007,23.2,1012.5,39.0,True,spike,high,89.9,FUSED_CONSENSUS,22.9,1011.6,44.0,OFFLINE,replay,,89.9
2025-02-05T01:00:00+00:00,AWS-MUM-007,22.7,1012.1,39.0,True,spike,high,89.9,FUSED_CONSENSUS,22.3,1011.2,45.0,OFFLINE,replay,,89.9
2025-02-05T02:00:00+00:00,AWS-MUM-007,22.4,1011.8,38.0,True,spike,high,89.0,FUSED_CONSENSUS,22.1,1010.9,43.0,OFFLINE,replay,,89.0
2025-02-05T03:00:00+00:00,AWS-MUM-007,22.2,1011.3,37.0,True,spike,high,89.3,FUSED_CONSENSUS,21.9,1010.4,42.0,OFFLINE,replay,,89.3
2025-02-05T04:00:00+00:00,AWS-MUM-007,21.9,1011.1,37.0,True,spike,high,89.9,FUSED_CONSENSUS,21.5,1010.2,42.0,OFFLINE,replay,,89.9
2025-02-05T05:00:00+00:00,AWS-MUM-007,21.7,1011.1,37.0,True,spike,high,89.9,FUSED_CONSENSUS,21.1,1010.3,42.0,OFFLINE,replay,,89.9
2025-02-05T06:00:00+00:00,AWS-MUM-007,21.2,1011.6,41.0,True,spike,high,89.9,FUSED_CONSENSUS,20.4,1010.8,47.0,OFFLINE,replay,,89.9
2025-02-05T07:00:00+00:00,AWS-MUM-007,20.9,1012.3,40.0,True,spike,high,89.9,FUSED_CONSENSUS,20.2,1011.5,46.0,OFFLINE,replay,,89.9
2025-02-05T08:00:00+00:00,AWS-MUM-007,22.1,1013.4,36.0,True,spike,high,89.5,FUSED_CONSENSUS,21.5,1012.5,41.0,OFFLINE,replay,,89.5
2025-02-05T09:00:00+00:00,AWS-MUM-007,24.6,1002.6388239904184,30.0,True,spike,high,88.9,FUSED_CONSENSUS,24.8,1012.6,32.0,OFFLINE,replay,,88.9
2025-02-05T10:00:00+00:00,AWS-MUM-007,27.3,1013.5,26.0,True,multivariate_inconsistency,high,88.0,FUSED_CONSENSUS,27.7,1012.7,27.0,OFFLINE,replay,,88.0
2025-02-05T11:00:00+00:00,AWS-MUM-007,29.6,1012.6,23.0,True,multivariate_inconsistency,high,88.0,FUSED_CONSENSUS,30.3,1011.7,24.0,OFFLINE,replay,,88.0
2025-02-05T12:00:00+00:00,AWS-MUM-007,31.2,1011.6,21.0,True,multivariate_inconsistency,high,88.0,FUSED_CONSENSUS,32.1,1010.7,22.0,OFFLINE,replay,,88.0
2025-02-05T13:00:00+00:00,AWS-MUM-007,31.6,1010.4,22.0,True,multivariate_inconsistency,high,88.0,FUSED_CONSENSUS,33.4,1009.3,20.0,OFFLINE,replay,,88.0
2025-02-05T14:00:00+00:00,AWS-MUM-007,30.7,1009.4,29.0,True,multivariate_inconsistency,high,88.0,FUSED_CONSENSUS,34.3,1008.1,19.0,OFFLINE,replay,,88.0
2025-02-05T15:00:00+00:00,AWS-MUM-007,29.5,1008.8,38.0,True,multivariate_inconsistency,high,88.0,FUSED_CONSENSUS,34.3,1007.2,19.0,OFFLINE,replay,,88.0
2025-02-05T16:00:00+00:00,AWS-MUM-007,27.9,1008.8,45.0,True,spike,high,89.9,FUSED_CONSENSUS,34.0,1007.1,20.0,OFFLINE,replay,,89.9
2025-02-05T17:00:00+00:00,AWS-MUM-007,32.0091049733338,1001.5351414268632,63.75484573133725,True,spike,high,89.9,FUSED_CONSENSUS,31.7,1007.3,28.0,OFFLINE,replay,,89.9
2025-02-05T18:00:00+00:00,AWS-MUM-007,31.477700686436208,1000.707607322496,38.3262057785955,True,spike,high,89.9,FUSED_CONSENSUS,28.8,1008.1,38.0,OFFLINE,replay,,89.9
2025-02-05T19:00:00+00:00,AWS-MUM-007,30.02313572966344,1001.7890551210984,38.024100617824224,True,spike,high,89.9,FUSED_CONSENSUS,27.2,1008.8,41.0,OFFLINE,replay,,89.9
2025-02-05T20:00:00+00:00,AWS-MUM-007,30.7813201509077,1002.8665843167588,64.8524317093285,True,spike,high,88.6,FUSED_CONSENSUS,25.6,1009.9,41.0,OFFLINE,replay,,88.6
2025-02-05T21:00:00+00:00,AWS-MUM-007,29.643455850301077,1003.520684880816,24.953263129571468,True,spike,high,89.9,FUSED_CONSENSUS,24.7,1010.7,38.0,OFFLINE,replay,,89.9
2025-02-05T22:00:00+00:00,AWS-MUM-007,23.5,1011.6,43.0,True,spike,high,89.9,FUSED_CONSENSUS,23.9,1010.7,40.0,OFFLINE,replay,,89.9
2025-02-05T23:00:00+00:00,AWS-MUM-007,23.2,1011.5,41.0,True,spike,high,89.9,FUSED_CONSENSUS,23.3,1010.6,41.0,OFFLINE,replay,,89.9
2025-02-06T00:00:00+00:00,AWS-MUM-007,22.9,1011.1,39.0,True,spike,high,89.9,FUSED_CONSENSUS,22.8,1010.1,41.0,OFFLINE,replay,,89.9
2025-02-06T01:00:00+00:00,AWS-MUM-007,22.6,1010.7,37.0,True,spike,high,89.9,FUSED_CONSENSUS,22.1,1009.8,41.0,OFFLINE,replay,,89.9
2025-02-06T02:00:00+00:00,AWS-MUM-007,22.2,1010.0,35.0,True,spike,high,89.9,FUSED_CONSENSUS,21.5,1009.1,43.0,OFFLINE,replay,,89.9
2025-02-06T03:00:00+00:00,AWS-MUM-007,21.7,1009.4,35.0,True,spike,high,89.9,FUSED_CONSENSUS,20.7,1008.6,47.0,OFFLINE,replay,,89.9
2025-02-06T04:00:00+00:00,AWS-MUM-007,21.0,1009.3,37.0,True,spike,high,89.9,FUSED_CONSENSUS,20.1,1008.5,48.0,OFFLINE,replay,,89.9
2025-02-06T05:00:00+00:00,AWS-MUM-007,20.5,1009.6,38.0,True,spike,high,89.9,FUSED_CONSENSUS,19.5,1008.7,50.0,OFFLINE,replay,,89.9
2025-02-06T06:00:00+00:00,AWS-MUM-007,19.5,1010.2,48.0,True,spike,high,89.9,FUSED_CONSENSUS,18.6,1009.5,59.0,OFFLINE,replay,,89.9
2025-02-06T07:00:00+00:00,AWS-MUM-007,19.3,1010.8,48.0,True,spike,high,89.9,FUSED_CONSENSUS,18.6,1010.0,63.0,OFFLINE,replay,,89.9
2025-02-06T08:00:00+00:00,AWS-MUM-007,21.2,1011.5,43.0,True,spike,high,89.9,FUSED_CONSENSUS,20.6,1010.7,55.0,OFFLINE,replay,,89.9
2025-02-06T09:00:00+00:00,AWS-MUM-007,24.2,1012.0,37.0,True,multivariate_inconsistency,high,88.0,FUSED_CONSENSUS,24.1,1011.2,44.0,OFFLINE,replay,,88.0
2025-02-06T10:00:00+00:00,AWS-MUM-007,27.3,1012.1,33.0,True,multivariate_inconsistency,high,88.0,FUSED_CONSENSUS,27.8,1011.2,36.0,OFFLINE,replay,,88.0
2025-02-06T11:00:00+00:00,AWS-MUM-007,29.9,1011.6,31.0,True,multivariate_inconsistency,high,88.0,FUSED_CONSENSUS,31.1,1010.6,31.0,OFFLINE,replay,,88.0
2025-02-06T12:00:00+00:00,AWS-MUM-007,31.4,1010.7,31.0,True,multivariate_inconsistency,high,88.0,FUSED_CONSENSUS,33.7,1009.5,26.0,OFFLINE,replay,,88.0
2025-02-06T13:00:00+00:00,AWS-MUM-007,31.8,1009.5,35.0,True,multivariate_inconsistency,high,88.0,FUSED_CONSENSUS,35.2,1008.1,23.0,OFFLINE,replay,,88.0
2025-02-06T14:00:00+00:00,AWS-MUM-007,31.6,1008.4,38.0,True,multivariate_inconsistency,high,88.0,FUSED_CONSENSUS,36.0,1007.0,22.0,OFFLINE,replay,,88.0
2025-02-06T15:00:00+00:00,AWS-MUM-007,31.0,1007.7,40.0,True,spike,high,89.9,FUSED_CONSENSUS,36.2,1006.1,22.0,OFFLINE,replay,,89.9
2025-02-06T16:00:00+00:00,AWS-MUM-007,29.9,1007.5,42.0,True,spike,high,89.9,FUSED_CONSENSUS,34.9,1005.9,27.0,OFFLINE,replay,,89.9
2025-02-06T17:00:00+00:00,AWS-MUM-007,28.7,1007.8,45.0,True,spike,high,89.9,FUSED_CONSENSUS,32.6,1006.2,33.0,OFFLINE,replay,,89.9
2025-02-06T18:00:00+00:00,AWS-MUM-007,26.9,1008.7,57.0,True,spike,high,89.0,FUSED_CONSENSUS,30.1,1007.2,42.0,OFFLINE,replay,,89.0
2025-02-06T19:00:00+00:00,AWS-MUM-007,26.3,1009.2,61.0,True,multivariate_inconsistency,high,88.0,FUSED_CONSENSUS,29.0,1008.0,45.0,OFFLINE,replay,,88.0
2025-02-06T20:00:00+00:00,AWS-MUM-007,26.1,1010.1,58.0,True,spike,high,88.4,FUSED_CONSENSUS,28.0,1009.2,50.0,OFFLINE,replay,,88.4
2025-02-06T21:00:00+00:00,AWS-MUM-007,25.7,1010.7,59.0,True,multivariate_inconsistency,high,88.0,FUSED_CONSENSUS,27.1,1009.9,51.0,OFFLINE,replay,,88.0
2025-02-06T22:00:00+00:00,AWS-MUM-007,25.6,1011.0,56.0,True,spike,high,89.7,FUSED_CONSENSUS,26.1,1010.1,54.0,OFFLINE,replay,,89.7
2025-02-06T23:00:00+00:00,AWS-MUM-007,25.2,1010.7,56.0,True,spike,high,89.7,FUSED_CONSENSUS,25.5,1009.8,56.0,OFFLINE,replay,,89.7
2025-02-07T00:00:00+00:00,AWS-MUM-007,24.8,1010.5,58.0,True,spike,high,88.4,FUSED_CONSENSUS,24.9,1009.5,59.0,OFFLINE,replay,,88.4
2025-02-07T01:00:00+00:00,AWS-MUM-007,24.2,1010.1,60.0,True,multivariate_inconsistency,high,88.0,FUSED_CONSENSUS,24.0,1009.2,62.0,OFFLINE,replay,,88.0
2025-02-07T02:00:00+00:00,AWS-MUM-007,23.7,1009.7,63.0,True,multivariate_inconsistency,high,88.0,FUSED_CONSENSUS,23.2,1008.9,65.0,OFFLINE,replay,,88.0
2025-02-07T03:00:00+00:00,AWS-MUM-007,23.0,1009.3,67.0,True,multivariate_inconsistency,high,88.0,FUSED_CONSENSUS,22.4,1008.5,68.0,OFFLINE,replay,,88.0
2025-02-07T04:00:00+00:00,AWS-MUM-007,22.4,1009.3,67.0,True,spike,high,89.0,FUSED_CONSENSUS,22.0,1008.5,70.0,OFFLINE,replay,,89.0
2025-02-07T05:00:00+00:00,AWS-MUM-007,22.3,1009.4,65.0,True,spike,high,89.1,FUSED_CONSENSUS,21.6,1008.7,72.0,OFFLINE,replay,,89.1
2025-02-07T06:00:00+00:00,AWS-MUM-007,22.6,1010.4,66.0,True,spike,high,88.6,FUSED_CONSENSUS,22.0,1009.7,71.0,OFFLINE,replay,,88.6
2025-02-07T07:00:00+00:00,AWS-MUM-007,22.5,1011.2,66.0,True,spike,high,88.8,FUSED_CONSENSUS,22.2,1010.5,70.0,OFFLINE,replay,,88.8
2025-02-07T08:00:00+00:00,AWS-MUM-007,24.0,1012.3,62.0,True,multivariate_inconsistency,high,88.0,FUSED_CONSENSUS,24.0,1011.5,63.0,OFFLINE,replay,,88.0
2025-02-07T09:00:00+00:00,AWS-MUM-007,26.6,1013.2,54.0,True,multivariate_inconsistency,high,88.0,FUSED_CONSENSUS,27.1,1012.3,52.0,OFFLINE,replay,,88.0
2025-02-07T10:00:00+00:00,AWS-MUM-007,29.8,1013.7,44.0,True,multivariate_inconsistency,high,88.0,FUSED_CONSENSUS,30.5,1012.8,42.0,OFFLINE,replay,,88.0
2025-02-07T11:00:00+00:00,AWS-MUM-007,32.4,1013.1,36.0,True,multivariate_inconsistency,high,88.0,FUSED_CONSENSUS,33.6,1012.0,32.0,OFFLINE,replay,,88.0
2025-02-07T12:00:00+00:00,AWS-MUM-007,33.9,1012.0,32.0,True,multivariate_inconsistency,high,88.0,FUSED_CONSENSUS,35.7,1010.8,25.0,OFFLINE,replay,,88.0
2025-02-07T13:00:00+00:00,AWS-MUM-007,34.3,1010.9,33.0,True,multivariate_inconsistency,high,88.0,FUSED_CONSENSUS,37.0,1009.6,22.0,OFFLINE,replay,,88.0
2025-02-07T14:00:00+00:00,AWS-MUM-007,33.7,1010.0,36.0,True,multivariate_inconsistency,high,88.0,FUSED_CONSENSUS,37.6,1008.3,20.0,OFFLINE,replay,,88.0
2025-02-07T15:00:00+00:00,AWS-MUM-007,33.1,,37.0,True,spike,critical,100.0,RULE_ENGINE_BYPASS,36.7,1007.8,23.0,OFFLINE,replay,,100.0
2025-02-07T16:00:00+00:00,AWS-MUM-007,31.6,1009.4,41.0,True,spike,high,89.9,FUSED_CONSENSUS,34.8,1008.0,28.0,OFFLINE,replay,,89.9
2025-02-07T17:00:00+00:00,AWS-MUM-007,29.7,1009.6,48.0,True,spike,high,89.9,FUSED_CONSENSUS,32.5,1008.2,34.0,OFFLINE,replay,,89.9
2025-02-07T18:00:00+00:00,AWS-MUM-007,27.8,1010.3,56.0,True,spike,high,89.7,FUSED_CONSENSUS,30.7,1009.1,42.0,OFFLINE,replay,,89.7
2025-02-07T19:00:00+00:00,AWS-MUM-007,26.9,1010.7,60.0,True,multivariate_inconsistency,high,88.0,FUSED_CONSENSUS,29.6,1009.6,44.0,OFFLINE,replay,,88.0
2025-02-07T20:00:00+00:00,AWS-MUM-007,44.66017480511639,1011.7,60.0,True,spike,high,89.9,FUSED_CONSENSUS,28.3,1010.8,50.0,OFFLINE,replay,,89.9
2025-02-07T21:00:00+00:00,AWS-MUM-007,33.761372408630585,1012.4,55.0,True,spike,high,89.9,FUSED_CONSENSUS,27.2,1011.5,53.0,OFFLINE,replay,,89.9
2025-02-07T22:00:00+00:00,AWS-MUM-007,29.119547004710277,1012.6,55.0,True,spike,high,89.9,FUSED_CONSENSUS,26.5,1011.6,53.0,OFFLINE,replay,,89.9
2025-02-07T23:00:00+00:00,AWS-MUM-007,26.573848996173467,1012.2,59.0,True,multivariate_inconsistency,high,88.0,FUSED_CONSENSUS,25.5,1011.2,59.0,OFFLINE,replay,,88.0
2025-02-08T00:00:00+00:00,AWS-MUM-007,25.1,1011.8,63.0,True,multivariate_inconsistency,high,88.0,FUSED_CONSENSUS,24.7,1010.8,61.0,OFFLINE,replay,,88.0
2025-02-08T01:00:00+00:00,AWS-MUM-007,24.5,1011.1,64.44075636148635,True,multivariate_inconsistency,high,88.0,FUSED_CONSENSUS,24.2,1010.2,63.0,OFFLINE,replay,,88.0
2025-02-08T02:00:00+00:00,AWS-MUM-007,23.9,1010.6,66.88151272297272,True,multivariate_inconsistency,high,88.0,FUSED_CONSENSUS,23.5,1009.8,66.0,OFFLINE,replay,,88.0
2025-02-08T03:00:00+00:00,AWS-MUM-007,23.3,1010.1,69.32226908445907,True,multivariate_inconsistency,high,88.0,FUSED_CONSENSUS,23.0,1009.3,68.0,OFFLINE,replay,,88.0
2025-02-08T04:00:00+00:00,AWS-MUM-007,22.6,1010.1,72.76302544594542,True,multivariate_inconsistency,high,88.0,FUSED_CONSENSUS,22.7,1009.2,71.0,OFFLINE,replay,,88.0
2025-02-08T05:00:00+00:00,AWS-MUM-007,22.1,1010.1,73.20378180743178,True,multivariate_inconsistency,high,88.0,FUSED_CONSENSUS,22.2,1009.3,74.0,OFFLINE,replay,,88.0
2025-02-08T06:00:00+00:00,AWS-MUM-007,22.1,1010.9,75.64453816891813,True,spike,high,89.5,FUSED_CONSENSUS,22.1,1010.2,75.0,OFFLINE,replay,,89.5
2025-02-08T07:00:00+00:00,AWS-MUM-007,21.9,1011.4,77.08529453040448,True,spike,high,89.9,FUSED_CONSENSUS,22.1,1010.7,75.0,OFFLINE,replay,,89.9
2025-02-08T08:00:00+00:00,AWS-MUM-007,23.9,1012.4,67.52605089189083,True,multivariate_inconsistency,high,88.0,FUSED_CONSENSUS,23.8,1011.6,67.0,OFFLINE,replay,,88.0
2025-02-08T09:00:00+00:00,AWS-MUM-007,27.3,1013.0,55.9668072533772,True,multivariate_inconsistency,high,88.0,FUSED_CONSENSUS,26.7,1012.2,55.0,OFFLINE,replay,,88.0
2025-02-08T10:00:00+00:00,AWS-MUM-007,30.6,1013.3,45.40756361486355,True,multivariate_inconsistency,high,88.0,FUSED_CONSENSUS,30.2,1012.4,43.0,OFFLINE,replay,,88.0
2025-02-08T11:00:00+00:00,AWS-MUM-007,32.7,1013.0,39.84831997634991,True,multivariate_inconsistency,high,88.0,FUSED_CONSENSUS,33.4,1012.0,33.0,OFFLINE,replay,,88.0
2025-02-08T12:00:00+00:00,AWS-MUM-007,33.3,1012.0,41.28907633783626,True,multivariate_inconsistency,high,88.0,FUSED_CONSENSUS,35.5,1010.9,26.0,OFFLINE,replay,,88.0
2025-02-08T13:00:00+00:00,AWS-MUM-007,32.9,1010.9,45.72983269932261,True,multivariate_inconsistency,high,88.0,FUSED_CONSENSUS,36.7,1009.6,23.0,OFFLINE,replay,,88.0
2025-02-08T14:00:00+00:00,AWS-MUM-007,32.8,1009.9,47.17058906080897,True,spike,high,89.9,FUSED_CONSENSUS,37.2,1008.4,24.0,OFFLINE,replay,,89.9
2025-02-08T15:00:00+00:00,AWS-MUM-007,32.5,1009.1,47.61134542229533,True,spike,high,89.9,FUSED_CONSENSUS,36.8,1007.5,25.0,OFFLINE,replay,,89.9
2025-02-08T16:00:00+00:00,AWS-MUM-007,31.6,1009.1,49.05210178378168,True,spike,high,89.9,FUSED_CONSENSUS,35.9,1007.5,27.0,OFFLINE,replay,,89.9
2025-02-08T17:00:00+00:00,AWS-MUM-007,29.9,1009.3,55.49285814526804,True,spike,high,89.9,FUSED_CONSENSUS,34.4,1007.8,31.0,OFFLINE,replay,,89.9
2025-02-08T18:00:00+00:00,AWS-MUM-007,27.8,1009.8,66.9336145067544,True,multivariate_inconsistency,high,88.0,FUSED_CONSENSUS,32.1,1008.5,36.0,OFFLINE,replay,,88.0
2025-02-08T19:00:00+00:00,AWS-MUM-007,26.8,1010.5,72.37437086824075,True,multivariate_inconsistency,high,88.0,FUSED_CONSENSUS,30.4,1009.2,41.0,OFFLINE,replay,,88.0
2025-02-08T20:00:00+00:00,AWS-MUM-007,26.5,1011.4,73.8151272297271,True,multivariate_inconsistency,high,88.0,FUSED_CONSENSUS,29.4,1010.5,44.0,OFFLINE,replay,,88.0
2025-02-08T21:00:00+00:00,AWS-MUM-007,26.7,1011.9,65.25588359121346,True,multivariate_inconsistency,high,88.0,FUSED_CONSENSUS,28.3,1011.2,45.0,OFFLINE,replay,,88.0
2025-02-08T22:00:00+00:00,AWS-MUM-007,26.8,1022.5364461521488,58.69663995269981,True,spike,high,88.0,FUSED_CONSENSUS,27.6,1011.5,47.0,OFFLINE,replay,,88.0
2025-02-08T23:00:00+00:00,AWS-MUM-007,26.5,1015.5471790789114,58.13739631418616,True,spike,high,88.3,FUSED_CONSENSUS,26.7,1011.6,50.0,OFFLINE,replay,,88.3
2025-02-09T00:00:00+00:00,AWS-MUM-007,25.8,1012.930061782556,60.57815267567252,True,multivariate_inconsistency,high,88.0,FUSED_CONSENSUS,25.6,1010.9,54.0,OFFLINE,replay,,88.0
2025-02-09T01:00:00+00:00,AWS-MUM-007,25.0,1011.5267535451844,65.01890903715888,True,multivariate_inconsistency,high,88.0,FUSED_CONSENSUS,24.7,1010.3,59.0,OFFLINE,replay,,88.0
2025-02-09T02:00:00+00:00,AWS-MUM-007,24.3,1010.6036519178738,66.45966539864523,True,multivariate_inconsistency,high,88.0,FUSED_CONSENSUS,24.0,1009.6,62.0,OFFLINE,replay,,88.0
2025-02-09T03:00:00+00:00,AWS-MUM-007,24.1,1010.0,66.9004217601316,True,multivariate_inconsistency,high,88.0,FUSED_CONSENSUS,23.3,1009.0,64.0,OFFLINE,replay,,88.0
2025-02-09T04:00:00+00:00,AWS-MUM-007,23.9,1009.8,70.34117812161794,True,multivariate_inconsistency,high,88.0,FUSED_CONSENSUS,22.6,1008.8,65.0,OFFLINE,replay,,88.0
2025-02-09T05:00:00+00:00,AWS-MUM-007,23.7,1009.8,71.7819344831043,True,multivariate_inconsistency,high,88.0,FUSED_CONSENSUS,22.6,1009.0,66.0,OFFLINE,replay,,88.0
2025-02-09T06:00:00+00:00,AWS-MUM-007,23.1,1010.5,80.22269084459066,True,multivariate_inconsistency,high,88.0,FUSED_CONSENSUS,22.0,1009.8,74.0,OFFLINE,replay,,88.0
2025-02-09T07:00:00+00:00,AWS-MUM-007,22.7,1011.2,77.66344720607701,True,spike,high,88.4,FUSED_CONSENSUS,21.8,1010.3,73.0,OFFLINE,replay,,88.4
2025-02-09T08:00:00+00:00,AWS-MUM-007,24.1,1011.9,70.10420356756336,True,multivariate_inconsistency,high,88.0,FUSED_CONSENSUS,23.5,1011.1,62.0,OFFLINE,replay,,88.0
2025-02-09T09:00:00+00:00,AWS-MUM-007,27.1,1012.5,58.54495992904972,True,multivariate_inconsistency,high,88.0,FUSED_CONSENSUS,26.9,1011.6,47.0,OFFLINE,replay,,88.0
2025-02-09T10:00:00+00:00,AWS-MUM-007,30.2,1012.8,50.98571629053607,True,multivariate_inconsistency,high,88.0,FUSED_CONSENSUS,30.5,1011.9,37.0,OFFLINE,replay,,88.0
2025-02-09T11:00:00+00:00,AWS-MUM-007,32.4,1012.4,48.426472652022426,True,multivariate_inconsistency,high,88.0,FUSED_CONSENSUS,33.5,1011.3,31.0,OFFLINE,replay,,88.0
2025-02-09T12:00:00+00:00,AWS-MUM-007,33.1,1011.2,50.867229013508776,False,spike,low,34.2,NORMAL,35.8,1010.0,24.0,OFFLINE,replay,,34.2
2025-02-09T13:00:00+00:00,AWS-MUM-007,32.8,1010.0,56.30798537499514,False,spike,low,34.0,NORMAL,37.0,1008.7,22.0,OFFLINE,replay,,34.0
2025-02-09T14:00:00+00:00,AWS-MUM-007,32.5,1008.8,56.74874173648149,True,spike,high,89.2,FUSED_CONSENSUS,37.2,1007.2,22.0,OFFLINE,replay,,89.2
2025-02-09T15:00:00+00:00,AWS-MUM-007,31.9,1008.4,56.18949809796784,True,spike,high,89.5,FUSED_CONSENSUS,36.4,1006.7,25.0,OFFLINE,replay,,89.5
2025-02-09T16:00:00+00:00,AWS-MUM-007,30.9,1008.3,59.6302544594542,True,spike,high,87.4,FUSED_CONSENSUS,35.3,1006.6,26.0,OFFLINE,replay,,87.4
2025-02-09T17:00:00+00:00,AWS-MUM-007,29.5,1008.6,67.07101082094056,False,,low,0.0,NORMAL,34.0,1007.0,27.0,OFFLINE,replay,,0.0
2025-02-09T18:00:00+00:00,AWS-MUM-007,28.3,1009.0,71.51176718242691,False,,low,0.0,NORMAL,32.3,1007.6,27.0,OFFLINE,replay,,0.0
2025-02-09T19:00:00+00:00,AWS-MUM-007,27.6,1009.5,70.95252354391326,True,multivariate_inconsistency,high,88.0,FUSED_CONSENSUS,30.7,1008.2,33.0,OFFLINE,replay,,88.0
2025-02-09T20:00:00+00:00,AWS-MUM-007,27.6,1010.7,64.39327990539962,True,multivariate_inconsistency,high,88.0,FUSED_CONSENSUS,29.9,1009.7,34.0,OFFLINE,replay,,88.0
2025-02-09T21:00:00+00:00,AWS-MUM-007,27.3,1011.4,64.83403626688597,True,multivariate_inconsistency,high,88.0,FUSED_CONSENSUS,28.8,1010.5,34.0,OFFLINE,replay,,88.0
2025-02-09T22:00:00+00:00,AWS-MUM-007,27.0,1011.5,62.27479262837233,True,multivariate_inconsistency,high,88.0,FUSED_CONSENSUS,27.8,1010.7,36.0,OFFLINE,replay,,88.0
2025-02-09T23:00:00+00:00,AWS-MUM-007,26.7,1011.7,39.0,True,spike,high,89.9,FUSED_CONSENSUS,26.7,1010.8,40.0,OFFLINE,replay,,89.9
2025-02-10T00:00:00+00:00,AWS-MUM-007,26.1,1011.5,38.0,True,spike,high,89.9,FUSED_CONSENSUS,25.5,1010.5,44.0,OFFLINE,replay,,89.9
2025-02-10T01:00:00+00:00,AWS-MUM-007,25.5,1011.2,39.0,True,spike,high,89.9,FUSED_CONSENSUS,24.9,1010.1,44.0,OFFLINE,replay,,89.9
2025-02-10T02:00:00+00:00,AWS-MUM-007,25.1,1010.9,42.0,True,spike,high,89.9,FUSED_CONSENSUS,24.3,1009.8,45.0,OFFLINE,replay,,89.9
2025-02-10T03:00:00+00:00,AWS-MUM-007,24.6,1010.5,46.0,True,spike,high,89.9,FUSED_CONSENSUS,23.6,1009.5,48.0,OFFLINE,replay,,89.9
2025-02-10T04:00:00+00:00,AWS-MUM-007,24.3,1010.5,49.0,True,spike,high,89.9,FUSED_CONSENSUS,23.0,1009.6,51.0,OFFLINE,replay,,89.9
2025-02-10T05:00:00+00:00,AWS-MUM-007,24.0,1010.7,52.0,True,spike,high,89.9,FUSED_CONSENSUS,22.3,1009.9,55.0,OFFLINE,replay,,89.9
2025-02-10T06:00:00+00:00,AWS-MUM-007,23.6,1011.5,58.0,True,spike,high,88.4,FUSED_CONSENSUS,21.8,1010.8,60.0,OFFLINE,replay,,88.4
2025-02-10T07:00:00+00:00,AWS-MUM-007,23.3,1012.2,58.0,True,spike,high,88.4,FUSED_CONSENSUS,21.7,1011.5,63.0,OFFLINE,replay,,88.4
2025-02-10T08:00:00+00:00,AWS-MUM-007,24.5,1013.3,50.0,True,multivariate_inconsistency,high,88.0,FUSED_CONSENSUS,23.3,1012.5,56.0,OFFLINE,replay,,88.0
2025-02-10T09:00:00+00:00,AWS-MUM-007,27.2,1014.0,38.0,True,multivariate_inconsistency,high,88.0,FUSED_CONSENSUS,26.9,1013.2,42.0,OFFLINE,replay,,88.0
2025-02-10T10:00:00+00:00,AWS-MUM-007,30.3,1014.5,30.0,True,multivariate_inconsistency,high,88.0,FUSED_CONSENSUS,30.4,1013.7,33.0,OFFLINE,replay,,88.0
2025-02-10T11:00:00+00:00,AWS-MUM-007,32.7,1013.9,27.0,True,multivariate_inconsistency,high,88.0,FUSED_CONSENSUS,33.3,1013.0,27.0,OFFLINE,replay,,88.0
2025-02-10T12:00:00+00:00,AWS-MUM-007,33.6,1012.9,27.0,True,multivariate_inconsistency,high,88.0,FUSED_CONSENSUS,35.4,1011.8,22.0,OFFLINE,replay,,88.0
2025-02-10T13:00:00+00:00,AWS-MUM-007,33.1,1011.7,35.0,True,multivariate_inconsistency,high,88.0,FUSED_CONSENSUS,36.7,1010.3,18.0,OFFLINE,replay,,88.0
2025-02-10T14:00:00+00:00,AWS-MUM-007,32.7,1010.7,34.0,True,spike,high,89.9,FUSED_CONSENSUS,37.1,1009.2,18.0,OFFLINE,replay,,89.9
2025-02-10T15:00:00+00:00,AWS-MUM-007,32.0,1010.1,33.0,True,spike,high,89.9,FUSED_CONSENSUS,36.6,1008.4,21.0,OFFLINE,replay,,89.9
2025-02-10T16:00:00+00:00,AWS-MUM-007,30.8,1009.9,37.0,True,spike,high,89.9,FUSED_CONSENSUS,35.0,1008.2,22.0,OFFLINE,replay,,89.9
2025-02-10T17:00:00+00:00,AWS-MUM-007,29.1,1010.2,46.0,True,spike,high,89.9,FUSED_CONSENSUS,33.1,1008.6,24.0,OFFLINE,replay,,89.9
2025-02-10T18:00:00+00:00,AWS-MUM-007,27.2,1011.0,56.0,True,spike,high,89.7,FUSED_CONSENSUS,30.8,1009.6,29.0,OFFLINE,replay,,89.7
2025-02-10T19:00:00+00:00,AWS-MUM-007,26.3,1011.6,62.0,True,multivariate_inconsistency,high,88.0,FUSED_CONSENSUS,29.1,1010.3,35.0,OFFLINE,replay,,88.0
2025-02-10T20:00:00+00:00,AWS-MUM-007,26.1,1012.5,60.0,True,multivariate_inconsistency,high,88.0,FUSED_CONSENSUS,28.4,1011.5,36.0,OFFLINE,replay,,88.0
2025-02-10T21:00:00+00:00,AWS-MUM-007,26.0,1013.1,54.0,True,spike,high,89.9,FUSED_CONSENSUS,27.7,1012.1,35.0,OFFLINE,replay,,89.9
2025-02-10T22:00:00+00:00,AWS-MUM-007,25.2,1024.0869994650357,63.0,True,multivariate_inconsistency,high,88.0,FUSED_CONSENSUS,26.5,1012.4,36.0,OFFLINE,replay,,88.0
2025-02-10T23:00:00+00:00,AWS-MUM-007,24.9,1016.1937053259684,61.0,True,multivariate_inconsistency,high,88.0,FUSED_CONSENSUS,25.8,1012.7,37.0,OFFLINE,replay,,88.0
2025-02-11T00:00:00+00:00,AWS-MUM-007,24.3,1013.8235366492454,59.0,True,multivariate_inconsistency,high,88.0,FUSED_CONSENSUS,24.6,1012.2,41.0,OFFLINE,replay,,88.0
2025-02-11T01:00:00+00:00,AWS-MUM-007,23.5,1012.8873874377284,58.0,True,spike,high,88.4,FUSED_CONSENSUS,23.4,1011.7,50.0,OFFLINE,replay,,88.4
2025-02-11T02:00:00+00:00,AWS-MUM-007,23.2,1011.9,56.0,True,spike,high,89.7,FUSED_CONSENSUS,22.5,1011.0,57.0,OFFLINE,replay,,89.7
2025-02-11T03:00:00+00:00,AWS-MUM-007,23.1,1011.5,54.0,True,spike,high,89.9,FUSED_CONSENSUS,21.8,1010.6,64.0,OFFLINE,replay,,89.9
2025-02-11T04:00:00+00:00,AWS-MUM-007,23.2,1011.3,51.0,True,spike,high,89.9,FUSED_CONSENSUS,21.5,1010.6,65.0,OFFLINE,replay,,89.9
2025-02-11T05:00:00+00:00,AWS-MUM-007,23.0,1011.6,49.0,True,spike,high,89.9,FUSED_CONSENSUS,21.1,1010.8,66.0,OFFLINE,replay,,89.9
2025-02-11T06:00:00+00:00,AWS-MUM-007,22.1,1012.3,57.0,True,spike,high,89.0,FUSED_CONSENSUS,20.1,1011.6,74.0,OFFLINE,replay,,89.0
2025-02-11T07:00:00+00:00,AWS-MUM-007,21.7,1013.1,57.0,True,spike,high,89.9,FUSED_CONSENSUS,20.0,1012.3,74.0,OFFLINE,replay,,89.9
2025-02-11T08:00:00+00:00,AWS-MUM-007,23.4,1013.9,49.0,True,multivariate_inconsistency,high,88.0,FUSED_CONSENSUS,21.8,1013.2,64.0,OFFLINE,replay,,88.0
2025-02-11T09:00:00+00:00,AWS-MUM-007,26.5,1014.7,37.0,True,multivariate_inconsistency,high,88.0,FUSED_CONSENSUS,25.9,1013.9,47.0,OFFLINE,replay,,88.0
2025-02-11T10:00:00+00:00,AWS-MUM-007,29.7,1014.9,29.0,True,multivariate_inconsistency,high,88.0,FUSED_CONSENSUS,29.7,1014.0,33.0,OFFLINE,replay,,88.0
2025-02-11T11:00:00+00:00,AWS-MUM-007,31.7,1014.5,26.0,True,multivariate_inconsistency,high,88.0,FUSED_CONSENSUS,32.7,1013.5,25.0,OFFLINE,replay,,88.0
2025-02-11T12:00:00+00:00,AWS-MUM-007,32.4,1013.7,28.0,True,multivariate_inconsistency,high,88.0,FUSED_CONSENSUS,34.9,1012.5,18.0,OFFLINE,replay,,88.0
2025-02-11T13:00:00+00:00,AWS-MUM-007,32.2,1012.5,33.0,True,multivariate_inconsistency,high,88.0,FUSED_CONSENSUS,36.0,1011.1,16.0,OFFLINE,replay,,88.0
2025-02-11T14:00:00+00:00,AWS-MUM-007,31.6,1011.7,33.0,True,spike,high,89.9,FUSED_CONSENSUS,36.7,1010.1,17.0,OFFLINE,replay,,89.9
2025-02-11T15:00:00+00:00,AWS-MUM-007,30.8,1011.1,34.0,True,spike,high,89.9,FUSED_CONSENSUS,35.7,1009.3,20.0,OFFLINE,replay,,89.9
2025-02-11T16:00:00+00:00,AWS-MUM-007,29.4,1010.9,43.0,True,spike,high,89.9,FUSED_CONSENSUS,34.2,1009.2,22.0,OFFLINE,replay,,89.9
2025-02-11T17:00:00+00:00,AWS-MUM-007,27.9,1011.0,52.0,True,spike,high,89.9,FUSED_CONSENSUS,32.2,1009.5,25.0,OFFLINE,replay,,89.9
2025-02-11T18:00:00+00:00,AWS-MUM-007,26.1,1011.5,61.0,True,multivariate_inconsistency,high,88.0,FUSED_CONSENSUS,29.9,1010.2,32.0,OFFLINE,replay,,88.0
2025-02-11T19:00:00+00:00,AWS-MUM-007,25.3,1012.3,65.0,True,multivariate_inconsistency,high,88.0,FUSED_CONSENSUS,28.2,1011.2,39.0,OFFLINE,replay,,88.0
2025-02-11T20:00:00+00:00,AWS-MUM-007,25.2,1012.9,54.0,True,spike,high,89.9,FUSED_CONSENSUS,27.1,1011.9,40.0,OFFLINE,replay,,89.9
2025-02-11T21:00:00+00:00,AWS-MUM-007,24.8,1013.4,52.0,True,spike,high,89.9,FUSED_CONSENSUS,26.2,1012.5,40.0,OFFLINE,replay,,89.9
2025-02-11T22:00:00+00:00,AWS-MUM-007,24.4,1013.6,50.0,True,spike,high,89.9,FUSED_CONSENSUS,25.1,1012.7,41.0,OFFLINE,replay,,89.9
2025-02-11T23:00:00+00:00,AWS-MUM-007,24.42115397050379,1013.7,49.0,True,spike,high,89.9,FUSED_CONSENSUS,23.9,1012.8,45.0,OFFLINE,replay,,89.9
2025-02-12T00:00:00+00:00,AWS-MUM-007,24.36905552989418,1013.3,54.0,True,spike,high,89.9,FUSED_CONSENSUS,22.7,1012.4,49.0,OFFLINE,replay,,89.9
2025-02-12T01:00:00+00:00,AWS-MUM-007,24.293521954158944,1012.9,63.0,True,multivariate_inconsistency,high,88.0,FUSED_CONSENSUS,21.7,1012.0,51.0,OFFLINE,replay,,88.0
2025-02-12T02:00:00+00:00,AWS-MUM-007,24.259742478224528,1012.4,67.0,True,multivariate_inconsistency,high,88.0,FUSED_CONSENSUS,21.0,1011.5,53.0,OFFLINE,replay,,88.0
2025-02-12T03:00:00+00:00,AWS-MUM-007,24.253005002292,1011.9,65.0,True,multivariate_inconsistency,high,88.0,FUSED_CONSENSUS,20.4,1011.0,57.0,OFFLINE,replay,,88.0
2025-02-12T04:00:00+00:00,AWS-MUM-007,24.223978472079875,1012.0,60.0,True,multivariate_inconsistency,high,88.0,FUSED_CONSENSUS,19.7,1011.1,62.0,OFFLINE,replay,,88.0
2025-02-12T05:00:00+00:00,AWS-MUM-007,24.33335981594217,1012.4,53.0,True,spike,high,89.9,FUSED_CONSENSUS,18.9,1011.6,68.0,OFFLINE,replay,,89.9
2025-02-12T06:00:00+00:00,AWS-MUM-007,20.7,1013.2,57.0,True,spike,high,89.0,FUSED_CONSENSUS,18.2,1012.5,73.0,OFFLINE,replay,,89.0
2025-02-12T07:00:00+00:00,AWS-MUM-007,20.4,1014.1,55.0,True,spike,high,89.9,FUSED_CONSENSUS,18.0,1013.4,74.0,OFFLINE,replay,,89.9
2025-02-12T08:00:00+00:00,AWS-MUM-007,21.9,1014.9,49.0,True,spike,high,89.9,FUSED_CONSENSUS,20.0,1014.1,65.0,OFFLINE,replay,,89.9
2025-02-12T09:00:00+00:00,AWS-MUM-007,25.1,1015.6,38.0,True,multivariate_inconsistency,high,88.0,FUSED_CONSENSUS,24.3,1014.9,46.0,OFFLINE,replay,,88.0
2025-02-12T10:00:00+00:00,AWS-MUM-007,28.6,1015.6,30.0,True,multivariate_inconsistency,high,88.0,FUSED_CONSENSUS,28.5,1014.9,31.0,OFFLINE,replay,,88.0
2025-02-12T11:00:00+00:00,AWS-MUM-007,31.1,1014.9,26.0,True,multivariate_inconsistency,high,88.0,FUSED_CONSENSUS,31.4,1014.1,25.0,OFFLINE,replay,,88.0
2025-02-12T12:00:00+00:00,AWS-MUM-007,32.7,1013.5,23.0,True,multivariate_inconsistency,high,88.0,FUSED_CONSENSUS,33.4,1012.6,21.0,OFFLINE,replay,,88.0
2025-02-12T13:00:00+00:00,AWS-MUM-007,33.3,1012.3,23.0,True,multivariate_inconsistency,high,88.0,FUSED_CONSENSUS,34.8,1011.3,18.0,OFFLINE,replay,,88.0
2025-02-12T14:00:00+00:00,AWS-MUM-007,32.5,1011.2,34.0,True,multivariate_inconsistency,high,88.0,FUSED_CONSENSUS,35.7,1010.0,16.0,OFFLINE,replay,,88.0
2025-02-12T15:00:00+00:00,AWS-MUM-007,31.4,1010.4,43.0,True,multivariate_inconsistency,high,88.0,FUSED_CONSENSUS,35.9,1009.1,15.0,OFFLINE,replay,,88.0
2025-02-12T16:00:00+00:00,AWS-MUM-007,30.5,1010.2,47.0,True,spike,high,89.9,FUSED_CONSENSUS,35.7,1008.8,15.0,OFFLINE,replay,,89.9
2025-02-12T17:00:00+00:00,AWS-MUM-007,29.0,1010.4,51.0,True,spike,high,89.9,FUSED_CONSENSUS,34.7,1009.0,17.0,OFFLINE,replay,,89.9
2025-02-12T18:00:00+00:00,AWS-MUM-007,26.9,1011.0,57.0,True,spike,high,89.0,FUSED_CONSENSUS,31.8,1009.7,30.0,OFFLINE,replay,,89.0
2025-02-12T19:00:00+00:00,AWS-MUM-007,26.0,1011.6,61.0,True,multivariate_inconsistency,high,88.0,FUSED_CONSENSUS,29.5,1010.4,41.0,OFFLINE,replay,,88.0
2025-02-12T20:00:00+00:00,AWS-MUM-007,26.1,1012.2,57.0,True,spike,high,89.0,FUSED_CONSENSUS,28.1,1011.2,47.0,OFFLINE,replay,,89.0
2025-02-12T21:00:00+00:00,AWS-MUM-007,25.8,1012.6,55.0,True,spike,high,89.9,FUSED_CONSENSUS,26.8,1011.7,49.0,OFFLINE,replay,,89.9
2025-02-12T22:00:00+00:00,AWS-MUM-007,25.4,1012.9,52.0,True,spike,high,89.9,FUSED_CONSENSUS,25.6,1012.0,51.0,OFFLINE,replay,,89.9
2025-02-12T23:00:00+00:00,AWS-MUM-007,25.1,1012.8,50.0,True,spike,high,89.9,FUSED_CONSENSUS,24.9,1011.9,50.0,OFFLINE,replay,,89.9
2025-02-13T00:00:00+00:00,AWS-MUM-007,24.7,1012.3,48.0,True,multivariate_inconsistency,high,88.0,FUSED_CONSENSUS,24.6,1011.4,48.0,OFFLINE,replay,,88.0
2025-02-13T01:00:00+00:00,AWS-MUM-007,24.5,1011.8,45.0,True,multivariate_inconsistency,high,88.0,FUSED_CONSENSUS,24.2,1010.9,46.0,OFFLINE,replay,,88.0
2025-02-13T02:00:00+00:00,AWS-MUM-007,24.2,1011.4,43.0,True,spike,high,89.9,FUSED_CONSENSUS,23.4,1010.6,47.0,OFFLINE,replay,,89.9
2025-02-13T03:00:00+00:00,AWS-MUM-007,23.7,1010.9,43.0,True,spike,high,89.9,FUSED_CONSENSUS,22.4,1010.2,48.0,OFFLINE,replay,,89.9
2025-02-13T04:00:00+00:00,AWS-MUM-007,23.1,1010.9,44.0,True,spike,high,89.9,FUSED_CONSENSUS,21.7,1010.2,50.0,OFFLINE,replay,,89.9
2025-02-13T05:00:00+00:00,AWS-MUM-007,22.7,1011.2,44.0,True,spike,high,89.9,FUSED_CONSENSUS,21.0,1010.5,52.0,OFFLINE,replay,,89.9
2025-02-13T06:00:00+00:00,AWS-MUM-007,30.93695908664688,1012.0020047445656,95.14139368354073,True,multivariate_inconsistency,high,88.0,FUSED_CONSENSUS,19.9,1011.3,62.0,OFFLINE,replay,,88.0
2025-02-13T07:00:00+00:00,AWS-MUM-007,30.73695908664688,1012.6512620453184,95.1917480950504,True,multivariate_inconsistency,high,88.0,FUSED_CONSENSUS,19.5,1012.1,64.0,OFFLINE,replay,,88.0
2025-02-13T08:00:00+00:00,AWS-MUM-007,32.13695908664688,1013.4477458211784,87.253498259741,False,,low,0.0,NORMAL,21.2,1013.0,57.0,OFFLINE,replay,,0.0
2025-02-13T09:00:00+00:00,AWS-MUM-007,25.8,1014.2,38.0,True,multivariate_inconsistency,high,88.0,FUSED_CONSENSUS,24.7,1013.5,43.0,OFFLINE,replay,,88.0
2025-02-13T10:00:00+00:00,AWS-MUM-007,29.2,1014.6,31.0,True,multivariate_inconsistency,high,88.0,FUSED_CONSENSUS,28.6,1013.8,34.0,OFFLINE,replay,,88.0
2025-02-13T11:00:00+00:00,AWS-MUM-007,32.2,1014.0,25.0,True,multivariate_inconsistency,high,88.0,FUSED_CONSENSUS,32.2,1013.1,25.0,OFFLINE,replay,,88.0
2025-02-13T12:00:00+00:00,AWS-MUM-007,34.1,1012.9,21.0,True,multivariate_inconsistency,high,88.0,FUSED_CONSENSUS,34.8,1011.9,18.0,OFFLINE,replay,,88.0
2025-02-13T13:00:00+00:00,AWS-MUM-007,34.8,1011.6,20.0,True,multivariate_inconsistency,high,88.0,FUSED_CONSENSUS,36.4,1010.6,13.0,OFFLINE,replay,,88.0
2025-02-13T14:00:00+00:00,AWS-MUM-007,33.9,1010.6,32.0,True,multivariate_inconsistency,high,88.0,FUSED_CONSENSUS,37.3,1009.5,14.0,OFFLINE,replay,,88.0
2025-02-13T15:00:00+00:00,AWS-MUM-007,32.8,1009.9,37.0,True,spike,high,89.9,FUSED_CONSENSUS,37.8,1008.5,14.0,OFFLINE,replay,,89.9
2025-02-13T16:00:00+00:00,AWS-MUM-007,31.4,1009.5,39.0,True,spike,high,89.9,FUSED_CONSENSUS,37.7,1008.0,13.0,OFFLINE,replay,,89.9
2025-02-13T17:00:00+00:00,AWS-MUM-007,29.7,1009.6,42.0,True,spike,high,89.9,FUSED_CONSENSUS,35.7,1008.0,20.0,OFFLINE,replay,,89.9
2025-02-13T18:00:00+00:00,AWS-MUM-007,28.4,1010.3,49.0,True,spike,high,89.9,FUSED_CONSENSUS,31.9,1008.8,33.0,OFFLINE,replay,,89.9
2025-02-13T19:00:00+00:00,AWS-MUM-007,28.2,1010.6,46.0,True,spike,high,89.9,FUSED_CONSENSUS,30.4,1009.4,38.0,OFFLINE,replay,,89.9
2025-02-13T20:00:00+00:00,AWS-MUM-007,28.0,1011.5,42.0,True,multivariate_inconsistency,high,88.0,FUSED_CONSENSUS,29.5,1010.5,36.0,OFFLINE,replay,,88.0
2025-02-13T21:00:00+00:00,AWS-MUM-007,27.7,1012.2,40.0,True,spike,high,89.9,FUSED_CONSENSUS,28.3,1011.2,37.0,OFFLINE,replay,,89.9
2025-02-13T22:00:00+00:00,AWS-MUM-007,27.4,1012.3,38.0,True,spike,high,89.9,FUSED_CONSENSUS,27.8,1011.2,37.0,OFFLINE,replay,,89.9
2025-02-13T23:00:00+00:00,AWS-MUM-007,27.2,1012.0,36.0,True,multivariate_inconsistency,high,88.0,FUSED_CONSENSUS,27.4,1011.1,35.0,OFFLINE,replay,,88.0
2025-02-14T00:00:00+00:00,AWS-MUM-007,26.6,1011.5,36.0,True,multivariate_inconsistency,high,88.0,FUSED_CONSENSUS,26.8,1010.6,34.0,OFFLINE,replay,,88.0
2025-02-14T01:00:00+00:00,AWS-MUM-007,26.3,1011.1,35.0,True,spike,high,89.9,FUSED_CONSENSUS,26.0,1010.3,35.0,OFFLINE,replay,,89.9
2025-02-14T02:00:00+00:00,AWS-MUM-007,25.8,1010.7,35.0,True,spike,high,89.9,FUSED_CONSENSUS,25.2,1009.9,38.0,OFFLINE,replay,,89.9
2025-02-14T03:00:00+00:00,AWS-MUM-007,25.2,1010.4,37.0,True,spike,high,89.9,FUSED_CONSENSUS,24.5,1009.7,41.0,OFFLINE,replay,,89.9
2025-02-14T04:00:00+00:00,AWS-MUM-007,24.6,1010.6,39.0,True,spike,high,89.9,FUSED_CONSENSUS,23.9,1009.9,44.0,OFFLINE,replay,,89.9
2025-02-14T05:00:00+00:00,AWS-MUM-007,24.2,1010.8,41.0,True,spike,high,89.9,FUSED_CONSENSUS,23.3,1010.1,46.0,OFFLINE,replay,,89.9
2025-02-14T06:00:00+00:00,AWS-MUM-007,22.8,1011.9,48.0,True,spike,high,89.9,FUSED_CONSENSUS,21.2,1011.2,59.0,OFFLINE,replay,,89.9
2025-02-14T07:00:00+00:00,AWS-MUM-007,22.6,1012.5,49.0,True,spike,high,89.9,FUSED_CONSENSUS,20.8,1011.9,61.0,OFFLINE,replay,,89.9
2025-02-14T08:00:00+00:00,AWS-MUM-007,24.2,1013.4,45.0,True,multivariate_inconsistency,high,88.0,FUSED_CONSENSUS,22.8,1012.7,53.0,OFFLINE,replay,,88.0
2025-02-14T09:00:00+00:00,AWS-MUM-007,27.3,1014.1,37.0,True,multivariate_inconsistency,high,88.0,FUSED_CONSENSUS,26.5,1013.4,40.0,OFFLINE,replay,,88.0
2025-02-14T10:00:00+00:00,AWS-MUM-007,30.7,1014.3,29.0,True,multivariate_inconsistency,high,88.0,FUSED_CONSENSUS,30.4,1013.5,29.0,OFFLINE,replay,,88.0
2025-02-14T11:00:00+00:00,AWS-MUM-007,33.4,1013.7,23.0,True,multivariate_inconsistency,high,88.0,FUSED_CONSENSUS,33.5,1012.8,22.0,OFFLINE,replay,,88.0
2025-02-14T12:00:00+00:00,AWS-MUM-007,34.7,1012.4,20.0,True,multivariate_inconsistency,high,88.0,FUSED_CONSENSUS,35.6,1011.4,17.0,OFFLINE,replay,,88.0
2025-02-14T13:00:00+00:00,AWS-MUM-007,34.6,1011.1,25.0,True,multivariate_inconsistency,high,88.0,FUSED_CONSENSUS,37.0,1010.0,14.0,OFFLINE,replay,,88.0
2025-02-14T14:00:00+00:00,AWS-MUM-007,33.7,1010.1,34.0,True,multivariate_inconsistency,high,88.0,FUSED_CONSENSUS,37.7,1008.9,14.0,OFFLINE,replay,,88.0
2025-02-14T15:00:00+00:00,AWS-MUM-007,33.0,1009.1,35.0,True,spike,high,89.9,FUSED_CONSENSUS,38.0,1007.8,14.0,OFFLINE,replay,,89.9
2025-02-14T16:00:00+00:00,AWS-MUM-007,31.9,1008.9,33.0,True,spike,high,89.9,FUSED_CONSENSUS,37.7,1007.4,14.0,OFFLINE,replay,,89.9
2025-02-14T17:00:00+00:00,AWS-MUM-007,30.6,1009.2,33.0,True,spike,high,89.9,FUSED_CONSENSUS,35.7,1007.5,19.0,OFFLINE,replay,,89.9
2025-02-14T18:00:00+00:00,AWS-MUM-007,29.2,1009.4,39.0,True,spike,high,89.9,FUSED_CONSENSUS,32.7,1007.9,29.0,OFFLINE,replay,,89.9
2025-02-14T19:00:00+00:00,AWS-MUM-007,28.8,1010.1,38.0,True,spike,high,89.9,FUSED_CONSENSUS,30.8,1009.0,31.0,OFFLINE,replay,,89.9
2025-02-14T20:00:00+00:00,AWS-MUM-007,28.9,1010.8,32.0,True,multivariate_inconsistency,high,88.0,FUSED_CONSENSUS,30.1,1010.0,29.0,OFFLINE,replay,,88.0
2025-02-14T21:00:00+00:00,AWS-MUM-007,28.7,1011.7,30.0,True,spike,high,89.9,FUSED_CONSENSUS,29.1,1010.9,29.0,OFFLINE,replay,,89.9
2025-02-14T22:00:00+00:00,AWS-MUM-007,28.3,1012.2,29.0,True,spike,high,89.9,FUSED_CONSENSUS,28.1,1011.3,32.0,OFFLINE,replay,,89.9
2025-02-14T23:00:00+00:00,AWS-MUM-007,27.9,1012.1,30.0,True,spike,high,89.9,FUSED_CONSENSUS,27.6,1011.2,33.0,OFFLINE,replay,,89.9
2025-02-15T00:00:00+00:00,AWS-MUM-007,27.5,1011.6,31.0,True,spike,high,89.9,FUSED_CONSENSUS,27.1,1010.8,33.0,OFFLINE,replay,,89.9
2025-02-15T01:00:00+00:00,AWS-MUM-007,27.0,1011.0,31.0,True,spike,high,89.9,FUSED_CONSENSUS,26.3,1010.2,34.0,OFFLINE,replay,,89.9
2025-02-15T02:00:00+00:00,AWS-MUM-007,26.4,1010.4,32.0,True,spike,high,89.9,FUSED_CONSENSUS,25.3,1009.6,36.0,OFFLINE,replay,,89.9
2025-02-15T03:00:00+00:00,AWS-MUM-007,25.6,1010.0,33.0,True,spike,high,89.9,FUSED_CONSENSUS,24.2,1009.2,40.0,OFFLINE,replay,,89.9
2025-02-15T04:00:00+00:00,AWS-MUM-007,24.6,1010.0,36.0,True,spike,high,89.9,FUSED_CONSENSUS,23.3,1009.2,43.0,OFFLINE,replay,,89.9
2025-02-15T05:00:00+00:00,AWS-MUM-007,23.9,1010.1,38.0,True,spike,high,89.9,FUSED_CONSENSUS,22.5,1009.3,47.0,OFFLINE,replay,,89.9
2025-02-15T06:00:00+00:00,AWS-MUM-007,22.1,1011.1,46.0,True,spike,high,89.9,FUSED_CONSENSUS,20.8,1010.4,57.0,OFFLINE,replay,,89.9
2025-02-15T07:00:00+00:00,AWS-MUM-007,22.3,1012.0,45.0,True,spike,high,89.9,FUSED_CONSENSUS,20.6,1011.3,59.0,OFFLINE,replay,,89.9
2025-02-15T08:00:00+00:00,AWS-MUM-007,24.2,1012.0572220461338,40.0,True,multivariate_inconsistency,high,88.0,FUSED_CONSENSUS,22.4,1012.1,52.0,OFFLINE,replay,,88.0
2025-02-15T09:00:00+00:00,AWS-MUM-007,27.6,1012.0485429597952,34.0,True,multivariate_inconsistency,high,88.0,FUSED_CONSENSUS,26.5,1012.5,40.0,OFFLINE,replay,,88.0
2025-02-15T10:00:00+00:00,AWS-MUM-007,31.2,1012.0669674275396,26.0,True,multivariate_inconsistency,high,88.0,FUSED_CONSENSUS,30.6,1012.3,29.0,OFFLINE,replay,,88.0
2025-02-15T11:00:00+00:00,AWS-MUM-007,33.6,1012.0765922755436,21.0,True,multivariate_inconsistency,high,88.0,FUSED_CONSENSUS,33.9,1011.5,21.0,OFFLINE,replay,,88.0
2025-02-15T12:00:00+00:00,AWS-MUM-007,35.0,1012.074436563649,19.0,True,multivariate_inconsistency,high,88.0,FUSED_CONSENSUS,36.1,1010.3,16.0,OFFLINE,replay,,88.0
2025-02-15T13:00:00+00:00,AWS-MUM-007,35.2,1012.0851868141888,22.0,True,multivariate_inconsistency,high,88.0,FUSED_CONSENSUS,37.5,1009.1,12.0,OFFLINE,replay,,88.0
2025-02-15T14:00:00+00:00,AWS-MUM-007,34.7,1008.9,25.0,True,multivariate_inconsistency,high,88.0,FUSED_CONSENSUS,38.2,1007.7,11.0,OFFLINE,replay,,88.0
2025-02-15T15:00:00+00:00,AWS-MUM-007,33.9,1008.2,27.0,True,spike,high,89.9,FUSED_CONSENSUS,38.2,1006.8,11.0,OFFLINE,replay,,89.9
2025-02-15T16:00:00+00:00,AWS-MUM-007,32.9,1008.2,28.0,True,spike,high,89.9,FUSED_CONSENSUS,37.6,1006.7,12.0,OFFLINE,replay,,89.9
2025-02-15T17:00:00+00:00,AWS-MUM-007,31.8,1008.4,29.0,True,spike,high,89.9,FUSED_CONSENSUS,35.9,1007.1,17.0,OFFLINE,replay,,89.9
2025-02-15T18:00:00+00:00,AWS-MUM-007,29.8,1009.1,34.0,True,spike,high,89.9,FUSED_CONSENSUS,33.6,1007.8,20.0,OFFLINE,replay,,89.9
2025-02-15T19:00:00+00:00,AWS-MUM-007,28.9,1009.6,32.0,True,spike,high,89.9,FUSED_CONSENSUS,31.6,1008.4,21.0,OFFLINE,replay,,89.9
2025-02-15T20:00:00+00:00,AWS-MUM-007,28.3,1010.5,32.0,True,spike,high,89.9,FUSED_CONSENSUS,30.0,1009.4,23.0,OFFLINE,replay,,89.9
2025-02-15T21:00:00+00:00,AWS-MUM-007,27.8,1010.9,30.0,True,spike,high,89.9,FUSED_CONSENSUS,28.4,1010.1,23.0,OFFLINE,replay,,89.9
2025-02-15T22:00:00+00:00,AWS-MUM-007,27.5,1010.8,25.0,True,spike,high,89.9,FUSED_CONSENSUS,27.0,1010.1,26.0,OFFLINE,replay,,89.9
2025-02-15T23:00:00+00:00,AWS-MUM-007,26.6,1010.9,23.0,True,spike,high,89.9,FUSED_CONSENSUS,25.8,1010.2,29.0,OFFLINE,replay,,89.9
2025-02-16T00:00:00+00:00,AWS-MUM-007,25.4,1010.6,25.0,True,spike,high,89.9,FUSED_CONSENSUS,24.6,1009.6,33.0,OFFLINE,replay,,89.9
2025-02-16T01:00:00+00:00,AWS-MUM-007,24.6,1010.3,28.0,True,spike,high,89.9,FUSED_CONSENSUS,23.2,1009.3,38.0,OFFLINE,replay,,89.9
2025-02-16T02:00:00+00:00,AWS-MUM-007,24.1,1009.8,32.0,True,spike,high,89.9,FUSED_CONSENSUS,22.4,1009.0,39.0,OFFLINE,replay,,89.9
2025-02-16T03:00:00+00:00,AWS-MUM-007,24.2,1009.5,33.0,True,spike,high,89.9,FUSED_CONSENSUS,21.5,1008.7,44.0,OFFLINE,replay,,89.9
2025-02-16T04:00:00+00:00,AWS-MUM-007,23.8,1009.7,32.0,True,spike,high,89.9,FUSED_CONSENSUS,21.1,1009.0,47.0,OFFLINE,replay,,89.9
2025-02-16T05:00:00+00:00,AWS-MUM-007,23.2,1010.0,32.0,True,spike,high,89.9,FUSED_CONSENSUS,20.7,1009.4,49.0,OFFLINE,replay,,89.9
2025-02-16T06:00:00+00:00,AWS-MUM-007,21.6,1011.1,42.0,True,spike,high,89.9,FUSED_CONSENSUS,19.8,1010.4,59.0,OFFLINE,replay,,89.9
2025-02-16T07:00:00+00:00,AWS-MUM-007,21.6,1011.8,42.0,True,spike,high,89.9,FUSED_CONSENSUS,19.7,1011.0,60.0,OFFLINE,replay,,89.9
2025-02-16T08:00:00+00:00,AWS-MUM-007,23.8,1012.8,37.0,True,multivariate_inconsistency,high,88.0,FUSED_CONSENSUS,21.8,1012.0,53.0,OFFLINE,replay,,88.0
2025-02-16T09:00:00+00:00,AWS-MUM-007,27.9,1013.5,29.0,True,multivariate_inconsistency,high,88.0,FUSED_CONSENSUS,26.8,1012.8,37.0,OFFLINE,replay,,88.0
2025-02-16T10:00:00+00:00,AWS-MUM-007,31.3,1013.7,23.0,True,multivariate_inconsistency,high,88.0,FUSED_CONSENSUS,31.1,1012.9,26.0,OFFLINE,replay,,88.0
2025-02-16T11:00:00+00:00,AWS-MUM-007,33.7,1012.9,18.0,True,multivariate_inconsistency,high,88.0,FUSED_CONSENSUS,34.0,1012.0,18.0,OFFLINE,replay,,88.0
2025-02-16T12:00:00+00:00,AWS-MUM-007,34.9,1011.9,17.0,True,multivariate_inconsistency,high,88.0,FUSED_CONSENSUS,35.7,1010.9,15.0,OFFLINE,replay,,88.0
2025-02-16T13:00:00+00:00,AWS-MUM-007,35.1,1010.7,19.0,True,multivariate_inconsistency,high,88.0,FUSED_CONSENSUS,36.8,1009.7,13.0,OFFLINE,replay,,88.0
2025-02-16T14:00:00+00:00,AWS-MUM-007,34.1,1009.7,26.0,True,spike,high,89.9,FUSED_CONSENSUS,37.3,1008.4,12.0,OFFLINE,replay,,89.9
2025-02-16T15:00:00+00:00,AWS-MUM-007,32.7,1009.4,28.0,True,spike,high,89.9,FUSED_CONSENSUS,37.3,1007.8,13.0,OFFLINE,replay,,89.9
2025-02-16T16:00:00+00:00,AWS-MUM-007,31.6,1009.5,28.0,True,spike,high,89.9,FUSED_CONSENSUS,36.0,1007.9,18.0,OFFLINE,replay,,89.9
2025-02-16T17:00:00+00:00,AWS-MUM-007,30.0,1009.9,36.0,True,spike,high,89.9,FUSED_CONSENSUS,34.0,1008.4,19.0,OFFLINE,replay,,89.9
2025-02-16T18:00:00+00:00,AWS-MUM-007,27.7,1010.6,47.0,True,spike,high,89.9,FUSED_CONSENSUS,31.6,1009.2,22.0,OFFLINE,replay,,89.9
2025-02-16T19:00:00+00:00,AWS-MUM-007,26.7,1011.0,53.0,True,spike,high,89.9,FUSED_CONSENSUS,29.7,1009.8,28.0,OFFLINE,replay,,89.9
2025-02-16T20:00:00+00:00,AWS-MUM-007,26.5,1012.0,48.0,True,spike,high,89.9,FUSED_CONSENSUS,28.6,1011.0,29.0,OFFLINE,replay,,89.9
2025-02-16T21:00:00+00:00,AWS-MUM-007,26.1,1012.5,47.0,True,spike,high,89.9,FUSED_CONSENSUS,27.5,1011.5,30.0,OFFLINE,replay,,89.9
2025-02-16T22:00:00+00:00,AWS-MUM-007,25.2,1012.6,53.0,True,spike,high,89.9,FUSED_CONSENSUS,26.1,1011.7,31.0,OFFLINE,replay,,89.9
2025-02-16T23:00:00+00:00,AWS-MUM-007,24.4,-0.002713047550124,62.0,True,spike,critical,100.0,RULE_ENGINE_BYPASS,25.2,1011.9,34.0,OFFLINE,replay,,100.0
2025-02-17T00:00:00+00:00,AWS-MUM-007,23.8,-0.0023629085472838,66.0,True,multivariate_inconsistency,critical,100.0,RULE_ENGINE_BYPASS,23.9,1011.6,39.0,OFFLINE,replay,,100.0
2025-02-17T01:00:00+00:00,AWS-MUM-007,23.6,-0.0151782453649692,61.0,True,multivariate_inconsistency,critical,100.0,RULE_ENGINE_BYPASS,22.6,1011.3,47.0,OFFLINE,replay,,100.0
2025-02-17T02:00:00+00:00,AWS-MUM-007,23.2,0.0975309072351183,58.0,True,spike,critical,100.0,RULE_ENGINE_BYPASS,21.8,1010.8,53.0,OFFLINE,replay,,100.0
2025-02-17T03:00:00+00:00,AWS-MUM-007,22.3,1011.0,58.0,True,spike,high,88.4,FUSED_CONSENSUS,21.2,1010.2,54.0,OFFLINE,replay,,88.4
2025-02-17T04:00:00+00:00,AWS-MUM-007,21.7,1010.9,57.0,True,spike,high,89.0,FUSED_CONSENSUS,20.7,1010.2,57.0,OFFLINE,replay,,89.0
2025-02-17T05:00:00+00:00,AWS-MUM-007,21.3,1010.8,56.0,True,spike,high,89.7,FUSED_CONSENSUS,20.2,1010.1,60.0,OFFLINE,replay,,89.7
2025-02-17T06:00:00+00:00,AWS-MUM-007,20.8,1011.9,62.0,True,spike,high,89.9,FUSED_CONSENSUS,20.0,1011.1,65.0,OFFLINE,replay,,89.9
2025-02-17T07:00:00+00:00,AWS-MUM-007,21.2,1012.9,59.0,True,spike,high,89.9,FUSED_CONSENSUS,20.1,1012.0,64.0,OFFLINE,replay,,89.9
2025-02-17T08:00:00+00:00,AWS-MUM-007,23.7,1013.7,52.0,True,multivariate_inconsistency,high,88.0,FUSED_CONSENSUS,22.3,1012.9,56.0,OFFLINE,replay,,88.0
2025-02-17T09:00:00+00:00,AWS-MUM-007,27.2,1014.1,39.0,True,multivariate_inconsistency,high,88.0,FUSED_CONSENSUS,27.1,1013.3,39.0,OFFLINE,replay,,88.0
2025-02-17T10:00:00+00:00,AWS-MUM-007,30.6,1014.2,26.0,True,multivariate_inconsistency,high,88.0,FUSED_CONSENSUS,31.1,1013.3,25.0,OFFLINE,replay,,88.0
2025-02-17T11:00:00+00:00,AWS-MUM-007,32.7,1013.7,23.0,True,multivariate_inconsistency,high,88.0,FUSED_CONSENSUS,33.8,1012.7,22.0,OFFLINE,replay,,88.0
2025-02-17T12:00:00+00:00,AWS-MUM-007,34.2,1012.5,22.0,True,multivariate_inconsistency,high,88.0,FUSED_CONSENSUS,35.6,1011.4,19.0,OFFLINE,replay,,88.0
2025-02-17T13:00:00+00:00,AWS-MUM-007,34.3,1011.3,26.0,True,multivariate_inconsistency,high,88.0,FUSED_CONSENSUS,37.0,1010.2,17.0,OFFLINE,replay,,88.0
2025-02-17T14:00:00+00:00,AWS-MUM-007,32.6,1010.6,36.0,True,multivariate_inconsistency,high,88.0,FUSED_CONSENSUS,37.7,1009.1,15.0,OFFLINE,replay,,88.0
2025-02-17T15:00:00+00:00,AWS-MUM-007,31.8,1010.0,33.0,True,spike,high,89.9,FUSED_CONSENSUS,37.5,1008.3,18.0,OFFLINE,replay,,89.9
2025-02-17T16:00:00+00:00,AWS-MUM-007,31.1,1009.7,0.0661120355131742,True,spike,high,89.9,FUSED_CONSENSUS,35.7,1008.0,23.0,OFFLINE,replay,,89.9
2025-02-17T17:00:00+00:00,AWS-MUM-007,29.9,1009.9,0.041334173361741,True,spike,high,89.9,FUSED_CONSENSUS,34.1,1008.3,27.0,OFFLINE,replay,,89.9
2025-02-17T18:00:00+00:00,AWS-MUM-007,28.1,1010.5,0.0251374590306533,True,spike,high,89.9,FUSED_CONSENSUS,31.8,1009.0,30.0,OFFLINE,replay,,89.9
2025-02-17T19:00:00+00:00,AWS-MUM-007,27.7,1010.9,0.0599722161907866,True,spike,high,89.9,FUSED_CONSENSUS,30.3,1009.7,34.0,OFFLINE,replay,,89.9
2025-02-17T20:00:00+00:00,AWS-MUM-007,27.7,1011.7,42.0,True,spike,high,89.9,FUSED_CONSENSUS,29.4,1010.7,35.0,OFFLINE,replay,,89.9
2025-02-17T21:00:00+00:00,AWS-MUM-007,32.73704151045378,1004.8058462086434,23.2421316034346,True,spike,high,89.9,FUSED_CONSENSUS,28.4,1011.5,36.0,OFFLINE,replay,,89.9
2025-02-17T22:00:00+00:00,AWS-MUM-007,33.45067163405466,1006.1085302400498,19.78413482487908,True,spike,high,89.9,FUSED_CONSENSUS,27.4,1012.0,38.0,OFFLINE,replay,,89.9
2025-02-17T23:00:00+00:00,AWS-MUM-007,33.162833111091274,1005.0912019362502,17.755541265449363,True,spike,high,89.9,FUSED_CONSENSUS,26.4,1012.0,38.0,OFFLINE,replay,,89.9
2025-02-18T00:00:00+00:00,AWS-MUM-007,32.29937154203198,1004.6986025386384,52.4322297253821,True,spike,high,89.9,FUSED_CONSENSUS,25.4,1011.6,40.0,OFFLINE,replay,,89.9
2025-02-18T01:00:00+00:00,AWS-MUM-007,19.041907472713135,1020.1379028117916,56.93620761988407,True,spike,high,89.1,FUSED_CONSENSUS,24.4,1011.1,43.0,OFFLINE,replay,,89.1
2025-02-18T02:00:00+00:00,AWS-MUM-007,24.8,1011.5,42.0,True,spike,high,89.9,FUSED_CONSENSUS,23.5,1010.6,47.0,OFFLINE,replay,,89.9
2025-02-18T03:00:00+00:00,AWS-MUM-007,24.3,1011.0,44.0,True,spike,high,89.9,FUSED_CONSENSUS,22.6,1010.2,52.0,OFFLINE,replay,,89.9
2025-02-18T04:00:00+00:00,AWS-MUM-007,23.9,1010.8,46.0,True,spike,high,89.9,FUSED_CONSENSUS,21.9,1010.0,56.0,OFFLINE,replay,,89.9
2025-02-18T05:00:00+00:00,AWS-MUM-007,23.5,1010.8,47.0,True,spike,high,89.9,FUSED_CONSENSUS,21.2,1010.0,60.0,OFFLINE,replay,,89.9
2025-02-18T06:00:00+00:00,AWS-MUM-007,23.4,1012.1,53.0,True,spike,high,89.9,FUSED_CONSENSUS,20.8,1011.4,63.0,OFFLINE,replay,,89.9
2025-02-18T07:00:00+00:00,AWS-MUM-007,23.4,1012.8,49.0,True,multivariate_inconsistency,high,88.0,FUSED_CONSENSUS,20.8,1012.1,63.0,OFFLINE,replay,,88.0
2025-02-18T08:00:00+00:00,AWS-MUM-007,24.9,1013.6,44.0,True,multivariate_inconsistency,high,88.0,FUSED_CONSENSUS,22.9,1012.9,55.0,OFFLINE,replay,,88.0
2025-02-18T09:00:00+00:00,AWS-MUM-007,27.9,1014.0,36.0,True,multivariate_inconsistency,high,88.0,FUSED_CONSENSUS,26.9,1013.3,42.0,OFFLINE,replay,,88.0
2025-02-18T10:00:00+00:00,AWS-MUM-007,31.2,1014.3,29.0,True,multivariate_inconsistency,high,88.0,FUSED_CONSENSUS,30.9,1013.4,30.0,OFFLINE,replay,,88.0
2025-02-18T11:00:00+00:00,AWS-MUM-007,33.6,1013.8,24.0,True,multivariate_inconsistency,high,88.0,FUSED_CONSENSUS,33.9,1012.8,24.0,OFFLINE,replay,,88.0
2025-02-18T12:00:00+00:00,AWS-MUM-007,34.8,1012.5,22.0,True,multivariate_inconsistency,high,88.0,FUSED_CONSENSUS,36.0,1011.5,19.0,OFFLINE,replay,,88.0
2025-02-18T13:00:00+00:00,AWS-MUM-007,34.6,1011.3,27.0,True,multivariate_inconsistency,high,88.0,FUSED_CONSENSUS,37.5,1010.2,15.0,OFFLINE,replay,,88.0
2025-02-18T14:00:00+00:00,AWS-MUM-007,34.1,1010.3,31.0,True,multivariate_inconsistency,high,88.0,FUSED_CONSENSUS,38.2,1008.9,12.0,OFFLINE,replay,,88.0
2025-02-18T15:00:00+00:00,AWS-MUM-007,32.1,1009.7,34.0,True,spike,high,89.9,FUSED_CONSENSUS,38.4,1007.9,14.0,OFFLINE,replay,,89.9
2025-02-18T16:00:00+00:00,AWS-MUM-007,30.6,1009.7,42.0,True,spike,high,89.9,FUSED_CONSENSUS,35.2,1008.0,25.0,OFFLINE,replay,,89.9
2025-02-18T17:00:00+00:00,AWS-MUM-007,29.7,1009.9,48.0,True,spike,high,89.9,FUSED_CONSENSUS,33.4,1008.4,29.0,OFFLINE,replay,,89.9
2025-02-18T18:00:00+00:00,AWS-MUM-007,28.6,1010.4,49.0,True,spike,high,89.9,FUSED_CONSENSUS,31.6,1009.0,32.0,OFFLINE,replay,,89.9
2025-02-18T19:00:00+00:00,AWS-MUM-007,28.5,1010.6,44.0,True,spike,high,89.9,FUSED_CONSENSUS,30.4,1009.5,34.0,OFFLINE,replay,,89.9
2025-02-18T20:00:00+00:00,AWS-MUM-007,28.4,1011.4,40.0,True,spike,high,89.9,FUSED_CONSENSUS,29.7,1010.4,35.0,OFFLINE,replay,,89.9
2025-02-18T21:00:00+00:00,AWS-MUM-007,28.3,1011.9,36.0,True,spike,high,89.9,FUSED_CONSENSUS,28.9,1011.0,36.0,OFFLINE,replay,,89.9
2025-02-18T22:00:00+00:00,AWS-MUM-007,28.3,1012.1,34.0,True,spike,high,89.9,FUSED_CONSENSUS,28.1,1011.3,36.0,OFFLINE,replay,,89.9
2025-02-18T23:00:00+00:00,AWS-MUM-007,27.9,1011.9,32.0,True,spike,high,89.9,FUSED_CONSENSUS,27.2,1011.2,37.0,OFFLINE,replay,,89.9
2025-02-19T00:00:00+00:00,AWS-MUM-007,27.1,1011.3,33.0,True,spike,high,89.9,FUSED_CONSENSUS,26.3,1010.5,40.0,OFFLINE,replay,,89.9
2025-02-19T01:00:00+00:00,AWS-MUM-007,26.2,1010.8,36.0,True,spike,high,89.9,FUSED_CONSENSUS,25.3,1009.9,43.0,OFFLINE,replay,,89.9
2025-02-19T02:00:00+00:00,AWS-MUM-007,25.5,1010.3,37.0,True,spike,high,89.9,FUSED_CONSENSUS,24.5,1009.4,44.0,OFFLINE,replay,,89.9
2025-02-19T03:00:00+00:00,AWS-MUM-007,25.1,1010.0,38.0,True,spike,high,89.9,FUSED_CONSENSUS,24.0,1009.1,44.0,OFFLINE,replay,,89.9
2025-02-19T04:00:00+00:00,AWS-MUM-007,24.9,1009.8,38.0,True,spike,high,89.9,FUSED_CONSENSUS,23.6,1008.9,44.0,OFFLINE,replay,,89.9
2025-02-19T05:00:00+00:00,AWS-MUM-007,24.7,1010.2,38.0,True,spike,high,89.9,FUSED_CONSENSUS,23.0,1009.3,46.0,OFFLINE,replay,,89.9
2025-02-19T06:00:00+00:00,AWS-MUM-007,23.4,1010.2062027049756,50.0,True,spike,high,89.9,FUSED_CONSENSUS,20.7,1010.3,64.0,OFFLINE,replay,,89.9
2025-02-19T07:00:00+00:00,AWS-MUM-007,23.3,1010.2444530599952,50.0,True,multivariate_inconsistency,high,88.0,FUSED_CONSENSUS,20.6,1010.9,66.0,OFFLINE,replay,,88.0
2025-02-19T08:00:00+00:00,AWS-MUM-007,24.9,1010.2353707513654,45.0,True,multivariate_inconsistency,high,88.0,FUSED_CONSENSUS,23.0,1011.7,58.0,OFFLINE,replay,,88.0
2025-02-19T09:00:00+00:00,AWS-MUM-007,28.0,1010.2043031300816,36.0,True,multivariate_inconsistency,high,88.0,FUSED_CONSENSUS,27.6,1012.2,41.0,OFFLINE,replay,,88.0
2025-02-19T10:00:00+00:00,AWS-MUM-007,30.78819246148203,1010.1749511477494,31.0,True,multivariate_inconsistency,high,88.0,FUSED_CONSENSUS,31.3,1012.3,29.0,OFFLINE,replay,,88.0
2025-02-19T11:00:00+00:00,AWS-MUM-007,32.55486669722473,1010.2032289143538,27.0,True,multivariate_inconsistency,high,88.0,FUSED_CONSENSUS,33.7,1011.6,23.0,OFFLINE,replay,,88.0
2025-02-19T12:00:00+00:00,AWS-MUM-007,33.300693808044464,1010.2185180423372,26.0,True,multivariate_inconsistency,high,88.0,FUSED_CONSENSUS,34.9,1010.4,20.0,OFFLINE,replay,,88.0
2025-02-19T13:00:00+00:00,AWS-MUM-007,32.726020860886145,0.0421024595909058,32.0,True,multivariate_inconsistency,critical,100.0,RULE_ENGINE_BYPASS,35.8,1009.2,18.0,OFFLINE,replay,,100.0
2025-02-19T14:00:00+00:00,AWS-MUM-007,32.23108663001088,0.0570288928836975,34.0,True,multivariate_inconsistency,critical,100.0,RULE_ENGINE_BYPASS,36.5,1008.2,17.0,OFFLINE,replay,,100.0
2025-02-19T15:00:00+00:00,AWS-MUM-007,31.516073280102948,0.0182889578271493,34.0,True,spike,critical,100.0,RULE_ENGINE_BYPASS,36.6,1007.3,19.0,OFFLINE,replay,,100.0
2025-02-19T16:00:00+00:00,AWS-MUM-007,30.78112799151368,-0.0563474228275783,34.0,True,spike,critical,100.0,RULE_ENGINE_BYPASS,35.5,1007.1,23.0,OFFLINE,replay,,100.0
2025-02-19T17:00:00+00:00,AWS-MUM-007,29.52637415231368,1009.1,38.0,True,spike,high,89.9,FUSED_CONSENSUS,33.8,1007.6,25.0,OFFLINE,replay,,89.9
2025-02-19T18:00:00+00:00,AWS-MUM-007,27.4519179169424,1009.5,48.0,True,spike,high,89.9,FUSED_CONSENSUS,31.7,1008.1,30.0,OFFLINE,replay,,89.9
2025-02-19T19:00:00+00:00,AWS-MUM-007,26.857852383023307,1010.0,47.0,True,spike,high,89.9,FUSED_CONSENSUS,30.3,1008.8,32.0,OFFLINE,replay,,89.9
2025-02-19T20:00:00+00:00,AWS-MUM-007,26.34426041607677,1010.8,44.0,True,spike,high,89.9,FUSED_CONSENSUS,29.4,1009.7,32.0,OFFLINE,replay,,89.9
2025-02-19T21:00:00+00:00,AWS-MUM-007,25.91121664902665,1011.0,41.0,True,spike,high,89.9,FUSED_CONSENSUS,28.4,1010.1,33.0,OFFLINE,replay,,89.9
2025-02-19T22:00:00+00:00,AWS-MUM-007,25.258788949340108,1011.2,36.0,True,spike,high,89.9,FUSED_CONSENSUS,27.2,1010.4,36.0,OFFLINE,replay,,89.9
2025-02-19T23:00:00+00:00,AWS-MUM-007,24.187039527275427,1011.3,36.0,True,spike,high,89.9,FUSED_CONSENSUS,26.1,1010.4,40.0,OFFLINE,replay,,89.9
2025-02-20T00:00:00+00:00,AWS-MUM-007,23.09602579336728,1011.1,42.0,True,spike,high,89.9,FUSED_CONSENSUS,24.8,1010.1,44.0,OFFLINE,replay,,89.9
2025-02-20T01:00:00+00:00,AWS-MUM-007,22.08580103541272,1010.6,48.0,True,spike,high,89.9,FUSED_CONSENSUS,23.9,1009.7,46.0,OFFLINE,replay,,89.9
2025-02-20T02:00:00+00:00,AWS-MUM-007,21.356414962229657,1010.0,53.0,True,spike,high,89.9,FUSED_CONSENSUS,23.2,1009.1,47.0,OFFLINE,replay,,89.9
2025-02-20T03:00:00+00:00,AWS-MUM-007,20.80791414694212,1009.6,52.0,True,spike,high,89.9,FUSED_CONSENSUS,22.9,1008.7,48.0,OFFLINE,replay,,89.9
2025-02-20T04:00:00+00:00,AWS-MUM-007,20.640342393069105,1009.5,47.0,True,spike,high,89.9,FUSED_CONSENSUS,22.5,1008.8,50.0,OFFLINE,replay,,89.9
2025-02-20T05:00:00+00:00,AWS-MUM-007,19.753741040326847,1009.8,45.0,True,spike,high,89.9,FUSED_CONSENSUS,21.9,1009.1,52.0,OFFLINE,replay,,89.9
2025-02-20T06:00:00+00:00,AWS-MUM-007,17.848149222668155,1011.0,57.0,True,spike,high,89.0,FUSED_CONSENSUS,20.8,1010.3,61.0,OFFLINE,replay,,89.0
2025-02-20T07:00:00+00:00,AWS-MUM-007,17.52360408799384,1012.0,55.0,True,spike,high,89.9,FUSED_CONSENSUS,20.6,1011.3,62.0,OFFLINE,replay,,89.9
2025-02-20T08:00:00+00:00,AWS-MUM-007,19.08014098675333,1012.7,48.0,True,spike,high,89.9,FUSED_CONSENSUS,22.7,1012.0,55.0,OFFLINE,replay,,89.9
2025-02-20T09:00:00+00:00,AWS-MUM-007,22.017793635031012,1013.4,38.0,True,spike,high,89.7,FUSED_CONSENSUS,27.4,1012.7,41.0,OFFLINE,replay,,89.7
2025-02-20T10:00:00+00:00,AWS-MUM-007,25.13659425651172,1013.7,28.0,True,multivariate_inconsistency,high,88.0,FUSED_CONSENSUS,31.5,1012.8,28.0,OFFLINE,replay,,88.0
2025-02-20T11:00:00+00:00,AWS-MUM-007,26.736573706813427,1013.4,22.0,True,multivariate_inconsistency,high,88.0,FUSED_CONSENSUS,33.9,1012.5,22.0,OFFLINE,replay,,88.0
2025-02-20T12:00:00+00:00,AWS-MUM-007,27.31776158298441,1012.2,20.0,True,multivariate_inconsistency,high,88.0,FUSED_CONSENSUS,35.3,1011.3,19.0,OFFLINE,replay,,88.0
2025-02-20T13:00:00+00:00,AWS-MUM-007,26.880186320429235,1011.1,24.0,True,multivariate_inconsistency,high,88.0,FUSED_CONSENSUS,36.5,1010.1,16.0,OFFLINE,replay,,88.0
2025-02-20T14:00:00+00:00,AWS-MUM-007,25.12387527911249,1010.3,34.0,True,multivariate_inconsistency,high,88.0,FUSED_CONSENSUS,37.3,1009.1,15.0,OFFLINE,replay,,88.0
2025-02-20T15:00:00+00:00,AWS-MUM-007,23.94885482056162,1009.5,35.0,True,spike,high,89.9,FUSED_CONSENSUS,37.5,1008.2,14.0,OFFLINE,replay,,89.9
2025-02-20T16:00:00+00:00,AWS-MUM-007,22.955150376930057,1009.1,34.0,True,spike,high,89.9,FUSED_CONSENSUS,37.1,1007.7,15.0,OFFLINE,replay,,89.9
2025-02-20T17:00:00+00:00,AWS-MUM-007,21.14278651317312,1009.4,39.0,True,spike,high,89.9,FUSED_CONSENSUS,36.2,1008.0,15.0,OFFLINE,replay,,89.9
2025-02-20T18:00:00+00:00,AWS-MUM-007,18.31178698322076,1009.7,43.0,True,spike,high,89.9,FUSED_CONSENSUS,32.6,1008.2,28.0,OFFLINE,replay,,89.9
2025-02-20T19:00:00+00:00,AWS-MUM-007,17.4621747808938,1010.4,41.0,True,spike,high,89.9,FUSED_CONSENSUS,30.9,1009.2,33.0,OFFLINE,replay,,89.9
2025-02-20T20:00:00+00:00,AWS-MUM-007,16.693972186198025,1011.3,36.0,True,spike,high,89.9,FUSED_CONSENSUS,30.3,1010.3,33.0,OFFLINE,replay,,89.9
2025-02-20T21:00:00+00:00,AWS-MUM-007,15.807200807537598,1011.8,32.0,True,multivariate_inconsistency,high,88.0,FUSED_CONSENSUS,29.3,1011.0,31.0,OFFLINE,replay,,88.0
2025-02-20T22:00:00+00:00,AWS-MUM-007,15.001881620312576,1012.5,29.0,True,multivariate_inconsistency,high,88.0,FUSED_CONSENSUS,28.4,1011.6,30.0,OFFLINE,replay,,88.0
2025-02-20T23:00:00+00:00,AWS-MUM-007,28.3,1012.5,28.0,True,spike,high,89.9,FUSED_CONSENSUS,28.1,1011.6,30.0,OFFLINE,replay,,89.9
2025-02-21T00:00:00+00:00,AWS-MUM-007,28.0,1012.1,28.0,True,spike,high,89.9,FUSED_CONSENSUS,27.8,1011.4,30.0,OFFLINE,replay,,89.9
2025-02-21T01:00:00+00:00,AWS-MUM-007,27.8,1011.8,29.0,True,spike,high,89.9,FUSED_CONSENSUS,27.3,1011.0,30.0,OFFLINE,replay,,89.9
2025-02-21T02:00:00+00:00,AWS-MUM-007,28.0,1011.1,27.0,True,spike,high,89.9,FUSED_CONSENSUS,26.9,1010.4,30.0,OFFLINE,replay,,89.9
2025-02-21T03:00:00+00:00,AWS-MUM-007,27.8,1010.6,27.0,True,spike,high,89.9,FUSED_CONSENSUS,26.3,1010.1,31.0,OFFLINE,replay,,89.9
2025-02-21T04:00:00+00:00,AWS-MUM-007,26.9,1010.9,28.0,True,spike,high,89.9,FUSED_CONSENSUS,25.6,1010.3,33.0,OFFLINE,replay,,89.9
2025-02-21T05:00:00+00:00,AWS-MUM-007,26.2,1011.2,29.0,True,spike,high,89.9,FUSED_CONSENSUS,24.9,1010.5,35.0,OFFLINE,replay,,89.9
2025-02-21T06:00:00+00:00,AWS-MUM-007,24.8,1012.2,36.0,True,spike,high,89.9,FUSED_CONSENSUS,23.8,1011.6,43.0,OFFLINE,replay,,89.9
2025-02-21T07:00:00+00:00,AWS-MUM-007,24.7,1012.9,37.0,True,spike,high,89.9,FUSED_CONSENSUS,23.5,1012.3,44.0,OFFLINE,replay,,89.9
2025-02-21T08:00:00+00:00,AWS-MUM-007,26.4,1014.0,34.0,True,multivariate_inconsistency,high,88.0,FUSED_CONSENSUS,25.2,1013.3,42.0,OFFLINE,replay,,88.0
2025-02-21T09:00:00+00:00,AWS-MUM-007,29.1,1014.5,30.0,True,multivariate_inconsistency,high,88.0,FUSED_CONSENSUS,28.3,1013.8,34.0,OFFLINE,replay,,88.0
2025-02-21T10:00:00+00:00,AWS-MUM-007,32.4,1014.6,24.0,True,multivariate_inconsistency,high,88.0,FUSED_CONSENSUS,32.0,1013.8,26.0,OFFLINE,replay,,88.0
2025-02-21T11:00:00+00:00,AWS-MUM-007,35.1,1014.1,20.0,True,multivariate_inconsistency,high,88.0,FUSED_CONSENSUS,35.4,1013.2,21.0,OFFLINE,replay,,88.0
2025-02-21T12:00:00+00:00,AWS-MUM-007,36.3,1013.1,18.0,True,multivariate_inconsistency,high,88.0,FUSED_CONSENSUS,37.1,1012.1,17.0,OFFLINE,replay,,88.0
2025-02-21T13:00:00+00:00,AWS-MUM-007,36.7,1012.2,18.0,True,multivariate_inconsistency,high,88.0,FUSED_CONSENSUS,38.0,1011.1,16.0,OFFLINE,replay,,88.0
2025-02-21T14:00:00+00:00,AWS-MUM-007,35.4,1011.1,27.0,True,multivariate_inconsistency,high,88.0,FUSED_CONSENSUS,38.7,1009.8,14.0,OFFLINE,replay,,88.0
2025-02-21T15:00:00+00:00,AWS-MUM-007,34.2,1010.3,32.0,True,spike,high,89.9,FUSED_CONSENSUS,38.8,1008.8,14.0,OFFLINE,replay,,89.9
2025-02-21T16:00:00+00:00,AWS-MUM-007,32.8,1010.0,37.0,True,multivariate_inconsistency,high,88.0,FUSED_CONSENSUS,38.5,1008.3,13.0,OFFLINE,replay,,88.0
2025-02-21T17:00:00+00:00,AWS-MUM-007,31.5,1010.2,38.0,True,spike,high,89.9,FUSED_CONSENSUS,36.4,1008.4,19.0,OFFLINE,replay,,89.9
2025-02-21T18:00:00+00:00,AWS-MUM-007,30.2,1010.7,42.0,True,spike,high,89.9,FUSED_CONSENSUS,33.7,1009.2,31.0,OFFLINE,replay,,89.9
2025-02-21T19:00:00+00:00,AWS-MUM-007,29.7,1011.4,43.0,True,spike,high,89.9,FUSED_CONSENSUS,32.4,1010.2,33.0,OFFLINE,replay,,89.9
2025-02-21T20:00:00+00:00,AWS-MUM-007,29.5,1012.4,38.86169576614188,True,spike,high,89.9,FUSED_CONSENSUS,31.2,1011.4,33.0,OFFLINE,replay,,89.9
2025-02-21T21:00:00+00:00,AWS-MUM-007,29.4,1013.2,35.656437038871296,True,spike,high,89.9,FUSED_CONSENSUS,30.0,1012.4,34.0,OFFLINE,replay,,89.9
2025-02-21T22:00:00+00:00,AWS-MUM-007,29.0,1013.4,34.41485269227663,True,spike,high,89.9,FUSED_CONSENSUS,29.2,1012.6,36.0,OFFLINE,replay,,89.9
2025-02-21T23:00:00+00:00,AWS-MUM-007,28.8,1013.0,33.146144785368264,True,multivariate_inconsistency,high,88.0,FUSED_CONSENSUS,28.7,1012.1,34.0,OFFLINE,replay,,88.0
2025-02-22T00:00:00+00:00,AWS-MUM-007,28.7,1012.3,29.85526565957065,True,multivariate_inconsistency,high,88.0,FUSED_CONSENSUS,28.3,1011.5,31.0,OFFLINE,replay,,88.0
2025-02-22T01:00:00+00:00,AWS-MUM-007,28.3,1011.8,27.54539490167073,True,multivariate_inconsistency,high,88.0,FUSED_CONSENSUS,27.9,1011.1,30.0,OFFLINE,replay,,88.0
2025-02-22T02:00:00+00:00,AWS-MUM-007,27.6,1011.8,28.21877844406745,True,spike,high,89.9,FUSED_CONSENSUS,27.1,1011.0,31.0,OFFLINE,replay,,89.9
2025-02-22T03:00:00+00:00,AWS-MUM-007,27.2,1011.3,27.87710224694636,True,spike,high,89.9,FUSED_CONSENSUS,26.2,1010.5,33.0,OFFLINE,replay,,89.9
2025-02-22T04:00:00+00:00,AWS-MUM-007,26.7,1011.4,28.52168675616459,True,spike,high,89.9,FUSED_CONSENSUS,25.3,1010.6,35.0,OFFLINE,replay,,89.9
2025-02-22T05:00:00+00:00,AWS-MUM-007,26.0,1011.6,29.153599083590283,True,spike,high,89.9,FUSED_CONSENSUS,24.2,1010.9,39.0,OFFLINE,replay,,89.9
2025-02-22T06:00:00+00:00,AWS-MUM-007,24.8,1012.0,33.773722693058915,True,spike,high,89.9,FUSED_CONSENSUS,23.1,1011.3,46.0,OFFLINE,replay,,89.9
2025-02-22T07:00:00+00:00,AWS-MUM-007,24.5,1012.7,34.38280318123989,True,spike,high,89.9,FUSED_CONSENSUS,22.7,1012.0,48.0,OFFLINE,replay,,89.9
2025-02-22T08:00:00+00:00,AWS-MUM-007,26.0,1013.6,31.981479704970603,True,multivariate_inconsistency,high,88.0,FUSED_CONSENSUS,24.6,1012.9,43.0,OFFLINE,replay,,88.0
2025-02-22T09:00:00+00:00,AWS-MUM-007,28.8,1014.4,27.570307334351742,True,multivariate_inconsistency,high,88.0,FUSED_CONSENSUS,28.1,1013.6,34.0,OFFLINE,replay,,88.0
2025-02-22T10:00:00+00:00,AWS-MUM-007,32.0,1014.6,22.149773423927364,True,multivariate_inconsistency,high,88.0,FUSED_CONSENSUS,32.2,1013.7,25.0,OFFLINE,replay,,88.0
2025-02-22T11:00:00+00:00,AWS-MUM-007,34.2,1014.6,17.720309901159602,True,multivariate_inconsistency,high,88.0,FUSED_CONSENSUS,35.6,1013.5,20.0,OFFLINE,replay,,88.0
2025-02-22T12:00:00+00:00,AWS-MUM-007,34.9,1013.7,18.28230268560664,True,multivariate_inconsistency,high,88.0,FUSED_CONSENSUS,37.8,1012.5,14.0,OFFLINE,replay,,88.0
2025-02-22T13:00:00+00:00,AWS-MUM-007,34.6,1012.6,20.83609904041368,True,multivariate_inconsistency,high,88.0,FUSED_CONSENSUS,38.9,1011.3,13.0,OFFLINE,replay,,88.0
2025-02-22T14:00:00+00:00,AWS-MUM-007,34.0,1011.8,20.38201340110424,True,multivariate_inconsistency,high,88.0,FUSED_CONSENSUS,39.3,1010.2,13.0,OFFLINE,replay,,88.0
2025-02-22T15:00:00+00:00,AWS-MUM-007,32.9,1011.0,19.920332061542968,True,spike,high,89.9,FUSED_CONSENSUS,38.3,1009.0,16.0,OFFLINE,replay,,89.9
2025-02-22T16:00:00+00:00,AWS-MUM-007,31.4,1010.9,31.451316987702373,True,spike,high,89.9,FUSED_CONSENSUS,36.4,1009.0,22.0,OFFLINE,replay,,89.9
2025-02-22T17:00:00+00:00,AWS-MUM-007,30.2,1011.1,35.97520895580452,True,spike,high,89.9,FUSED_CONSENSUS,34.6,1009.3,28.0,OFFLINE,replay,,89.9
2025-02-22T18:00:00+00:00,AWS-MUM-007,28.3,1011.4,45.49223016009505,True,spike,high,89.9,FUSED_CONSENSUS,31.2,1010.0,38.0,OFFLINE,replay,,89.9
2025-02-22T19:00:00+00:00,AWS-MUM-007,28.1,1012.1,46.002586399259215,True,multivariate_inconsistency,high,88.0,FUSED_CONSENSUS,29.9,1010.8,38.0,OFFLINE,replay,,88.0
2025-02-22T20:00:00+00:00,AWS-MUM-007,28.4,1013.1,36.50646892443451,True,multivariate_inconsistency,high,88.0,FUSED_CONSENSUS,29.9,1012.0,34.0,OFFLINE,replay,,88.0
2025-02-22T21:00:00+00:00,AWS-MUM-007,28.4,1013.8,30.004056012749523,True,spike,high,89.9,FUSED_CONSENSUS,29.1,1012.7,33.0,OFFLINE,replay,,89.9
2025-02-22T22:00:00+00:00,AWS-MUM-007,28.3,1014.0,25.49551431622707,True,spike,high,89.9,FUSED_CONSENSUS,28.5,1013.0,34.0,OFFLINE,replay,,89.9
2025-02-22T23:00:00+00:00,AWS-MUM-007,28.0,1013.9,22.98100002531477,True,spike,high,89.9,FUSED_CONSENSUS,27.8,1012.9,35.0,OFFLINE,replay,,89.9
2025-02-23T00:00:00+00:00,AWS-MUM-007,27.5,1013.4,22.46065987827637,True,spike,high,89.9,FUSED_CONSENSUS,27.2,1012.6,35.0,OFFLINE,replay,,89.9
2025-02-23T01:00:00+00:00,AWS-MUM-007,27.2,1012.9,20.93463204151119,True,spike,high,89.9,FUSED_CONSENSUS,26.2,1012.1,36.0,OFFLINE,replay,,89.9
2025-02-23T02:00:00+00:00,AWS-MUM-007,26.9,1012.4,19.403046881086897,True,spike,high,89.9,FUSED_CONSENSUS,25.3,1011.7,38.0,OFFLINE,replay,,89.9
2025-02-23T03:00:00+00:00,AWS-MUM-007,26.4,1012.0,18.86602764202723,True,spike,high,89.9,FUSED_CONSENSUS,24.8,1011.3,40.0,OFFLINE,replay,,89.9
2025-02-23T04:00:00+00:00,AWS-MUM-007,25.7,1011.9,19.32369104893912,True,spike,high,89.9,FUSED_CONSENSUS,24.1,1011.3,42.0,OFFLINE,replay,,89.9
2025-02-23T05:00:00+00:00,AWS-MUM-007,24.9,1012.0,20.776147839209766,True,spike,high,89.9,FUSED_CONSENSUS,23.3,1011.3,44.0,OFFLINE,replay,,89.9
2025-02-23T06:00:00+00:00,AWS-MUM-007,23.7,1012.6,29.223503238115786,True,spike,high,89.9,FUSED_CONSENSUS,22.3,1011.9,55.0,OFFLINE,replay,,89.9
2025-02-23T07:00:00+00:00,AWS-MUM-007,23.6,1013.5,30.66585738366053,True,spike,high,89.9,FUSED_CONSENSUS,22.0,1012.8,55.0,OFFLINE,replay,,89.9
2025-02-23T08:00:00+00:00,AWS-MUM-007,25.5,1014.2,42.0,True,multivariate_inconsistency,high,88.0,FUSED_CONSENSUS,24.1,1013.5,47.0,OFFLINE,replay,,88.0
2025-02-23T09:00:00+00:00,AWS-MUM-007,28.8,1015.0,34.0,True,multivariate_inconsistency,high,88.0,FUSED_CONSENSUS,28.1,1014.3,35.0,OFFLINE,replay,,88.0
2025-02-23T10:00:00+00:00,AWS-MUM-007,32.6,1015.2,26.0,True,multivariate_inconsistency,high,88.0,FUSED_CONSENSUS,32.6,1014.3,25.0,OFFLINE,replay,,88.0
2025-02-23T11:00:00+00:00,AWS-MUM-007,34.9,1014.7,21.0,True,multivariate_inconsistency,high,88.0,FUSED_CONSENSUS,35.8,1013.7,19.0,OFFLINE,replay,,88.0
2025-02-23T12:00:00+00:00,AWS-MUM-007,35.6,1013.7,22.0,True,multivariate_inconsistency,high,88.0,FUSED_CONSENSUS,37.6,1012.7,15.0,OFFLINE,replay,,88.0
2025-02-23T13:00:00+00:00,AWS-MUM-007,35.7,1012.6,26.0,True,multivariate_inconsistency,high,88.0,FUSED_CONSENSUS,38.6,1011.5,13.0,OFFLINE,replay,,88.0
2025-02-23T14:00:00+00:00,AWS-MUM-007,35.7,1011.4,23.0,True,multivariate_inconsistency,high,88.0,FUSED_CONSENSUS,39.3,1010.1,12.0,OFFLINE,replay,,88.0
2025-02-23T15:00:00+00:00,AWS-MUM-007,34.8,1010.5,24.0,True,multivariate_inconsistency,high,88.0,FUSED_CONSENSUS,39.2,1009.0,11.0,OFFLINE,replay,,88.0
2025-02-23T16:00:00+00:00,AWS-MUM-007,33.3,1010.3,29.0,True,spike,high,89.9,FUSED_CONSENSUS,38.1,1008.9,12.0,OFFLINE,replay,,89.9
2025-02-23T17:00:00+00:00,AWS-MUM-007,31.5,1010.8,40.0,True,spike,high,89.9,FUSED_CONSENSUS,36.5,1009.2,16.0,OFFLINE,replay,,89.9
2025-02-23T18:00:00+00:00,AWS-MUM-007,29.9,1011.2,45.0,True,spike,high,89.9,FUSED_CONSENSUS,33.4,1009.6,23.0,OFFLINE,replay,,89.9
2025-02-23T19:00:00+00:00,AWS-MUM-007,29.2,1011.6,48.0,True,spike,high,89.9,FUSED_CONSENSUS,31.7,1010.4,29.0,OFFLINE,replay,,89.9
2025-02-23T20:00:00+00:00,AWS-MUM-007,29.1,1012.5,42.0,True,spike,high,89.9,FUSED_CONSENSUS,31.0,1011.5,28.0,OFFLINE,replay,,89.9
2025-02-23T21:00:00+00:00,AWS-MUM-007,29.4,1013.3,33.0,True,spike,high,89.9,FUSED_CONSENSUS,29.8,1012.4,29.0,OFFLINE,replay,,89.9
2025-02-23T22:00:00+00:00,AWS-MUM-007,29.3,1013.2,30.0,True,spike,high,89.9,FUSED_CONSENSUS,29.0,1012.2,31.0,OFFLINE,replay,,89.9
2025-02-23T23:00:00+00:00,AWS-MUM-007,28.8,1013.0,31.0,True,spike,high,89.9,FUSED_CONSENSUS,28.3,1012.2,33.0,OFFLINE,replay,,89.9
2025-02-24T00:00:00+00:00,AWS-MUM-007,27.8,1012.5,34.0,True,spike,high,89.9,FUSED_CONSENSUS,26.8,1011.7,36.0,OFFLINE,replay,,89.9
2025-02-24T01:00:00+00:00,AWS-MUM-007,26.9,1012.2,35.0,True,spike,high,89.9,FUSED_CONSENSUS,25.7,1011.5,39.0,OFFLINE,replay,,89.9
2025-02-24T02:00:00+00:00,AWS-MUM-007,26.2,1011.8,35.0,True,spike,high,89.9,FUSED_CONSENSUS,24.9,1011.1,40.0,OFFLINE,replay,,89.9
2025-02-24T03:00:00+00:00,AWS-MUM-007,25.8,1011.5,34.0,True,spike,high,89.9,FUSED_CONSENSUS,24.5,1010.9,40.0,OFFLINE,replay,,89.9
2025-02-24T04:00:00+00:00,AWS-MUM-007,25.2,1011.5,33.0,True,spike,high,89.9,FUSED_CONSENSUS,23.7,1010.9,42.0,OFFLINE,replay,,89.9
2025-02-24T05:00:00+00:00,AWS-MUM-007,24.6,1011.7,34.0,True,spike,high,89.9,FUSED_CONSENSUS,23.0,1011.2,44.0,OFFLINE,replay,,89.9
2025-02-24T06:00:00+00:00,AWS-MUM-007,24.3,1012.6,40.0,True,spike,high,89.9,FUSED_CONSENSUS,22.2,1012.1,52.0,OFFLINE,replay,,89.9
2025-02-24T07:00:00+00:00,AWS-MUM-007,24.4,1013.4,39.0,True,multivariate_inconsistency,high,88.0,FUSED_CONSENSUS,22.2,1013.0,51.0,OFFLINE,replay,,88.0
2025-02-24T08:00:00+00:00,AWS-MUM-007,26.1,1014.3,36.0,True,multivariate_inconsistency,high,88.0,FUSED_CONSENSUS,24.5,1013.8,44.0,OFFLINE,replay,,88.0
2025-02-24T09:00:00+00:00,AWS-MUM-007,29.4,1014.8,30.0,True,multivariate_inconsistency,high,88.0,FUSED_CONSENSUS,28.6,1014.1,33.0,OFFLINE,replay,,88.0
2025-02-24T10:00:00+00:00,AWS-MUM-007,33.3,1015.0,23.0,True,multivariate_inconsistency,high,88.0,FUSED_CONSENSUS,32.9,1014.2,24.0,OFFLINE,replay,,88.0
2025-02-24T11:00:00+00:00,AWS-MUM-007,35.8,1014.5,17.0,True,multivariate_inconsistency,high,88.0,FUSED_CONSENSUS,36.3,1013.5,17.0,OFFLINE,replay,,88.0
2025-02-24T12:00:00+00:00,AWS-MUM-007,36.9,1013.6,15.0,True,multivariate_inconsistency,high,88.0,FUSED_CONSENSUS,37.7,1012.6,13.0,OFFLINE,replay,,88.0
2025-02-24T13:00:00+00:00,AWS-MUM-007,36.2,1012.1,21.0,True,multivariate_inconsistency,high,88.0,FUSED_CONSENSUS,38.6,1010.9,11.0,OFFLINE,replay,,88.0
2025-02-24T14:00:00+00:00,AWS-MUM-007,35.4,1010.9,25.0,True,multivariate_inconsistency,high,88.0,FUSED_CONSENSUS,39.0,1009.6,11.0,OFFLINE,replay,,88.0
2025-02-24T15:00:00+00:00,AWS-MUM-007,34.8,1010.1,25.0,True,spike,high,89.9,FUSED_CONSENSUS,38.8,1008.7,11.0,OFFLINE,replay,,89.9
2025-02-24T16:00:00+00:00,AWS-MUM-007,33.7,1010.0,28.0,True,spike,high,89.9,FUSED_CONSENSUS,37.8,1008.5,14.0,OFFLINE,replay,,89.9
2025-02-24T17:00:00+00:00,AWS-MUM-007,32.3,1010.2,34.0,True,spike,high,89.9,FUSED_CONSENSUS,35.9,1008.8,17.0,OFFLINE,replay,,89.9
2025-02-24T18:00:00+00:00,AWS-MUM-007,29.9,1011.1,49.0,True,spike,high,89.9,FUSED_CONSENSUS,33.5,1009.8,22.0,OFFLINE,replay,,89.9
2025-02-24T19:00:00+00:00,AWS-MUM-007,28.8,1011.9,56.0,True,spike,high,89.7,FUSED_CONSENSUS,31.8,1010.6,28.0,OFFLINE,replay,,89.7
2025-02-24T20:00:00+00:00,AWS-MUM-007,29.0,1013.2,44.0,True,spike,high,89.9,FUSED_CONSENSUS,31.0,1012.1,30.0,OFFLINE,replay,,89.9
2025-02-24T21:00:00+00:00,AWS-MUM-007,28.9,1014.0,39.0,True,spike,high,89.9,FUSED_CONSENSUS,30.4,1013.0,29.0,OFFLINE,replay,,89.9
2025-02-24T22:00:00+00:00,AWS-MUM-007,28.9,1014.2,32.0,True,spike,high,89.9,FUSED_CONSENSUS,29.4,1013.3,29.0,OFFLINE,replay,,89.9
2025-02-24T23:00:00+00:00,AWS-MUM-007,29.0,1014.0,28.0,True,spike,high,89.9,FUSED_CONSENSUS,28.5,1013.1,30.0,OFFLINE,replay,,89.9
2025-02-25T00:00:00+00:00,AWS-MUM-007,28.5,1013.3,28.0,True,spike,high,89.9,FUSED_CONSENSUS,27.7,1012.5,31.0,OFFLINE,replay,,89.9
2025-02-25T01:00:00+00:00,AWS-MUM-007,27.9,1012.7,28.0,True,spike,high,89.9,FUSED_CONSENSUS,27.1,1012.0,30.0,OFFLINE,replay,,89.9
2025-02-25T02:00:00+00:00,AWS-MUM-007,27.1,1011.9,29.0,True,spike,high,89.9,FUSED_CONSENSUS,25.7,1011.2,33.0,OFFLINE,replay,,89.9
2025-02-25T03:00:00+00:00,AWS-MUM-007,26.4,1011.4,29.0,True,spike,high,89.9,FUSED_CONSENSUS,25.0,1010.7,34.0,OFFLINE,replay,,89.9
2025-02-25T04:00:00+00:00,AWS-MUM-007,25.8,1011.2,30.0,True,spike,high,89.9,FUSED_CONSENSUS,24.2,1010.5,37.0,OFFLINE,replay,,89.9
2025-02-25T05:00:00+00:00,AWS-MUM-007,25.4,1011.4,31.0,True,spike,high,89.9,FUSED_CONSENSUS,23.6,1010.8,39.0,OFFLINE,replay,,89.9
2025-02-25T06:00:00+00:00,AWS-MUM-007,24.7,1012.6,36.0,True,spike,high,89.9,FUSED_CONSENSUS,23.3,1011.9,44.0,OFFLINE,replay,,89.9
2025-02-25T07:00:00+00:00,AWS-MUM-007,24.8,1013.4,36.0,True,spike,high,89.9,FUSED_CONSENSUS,23.0,1012.8,46.0,OFFLINE,replay,,89.9
2025-02-25T08:00:00+00:00,AWS-MUM-007,26.4,1014.2,33.0,True,multivariate_inconsistency,high,88.0,FUSED_CONSENSUS,24.9,1013.6,40.0,OFFLINE,replay,,88.0
2025-02-25T09:00:00+00:00,AWS-MUM-007,29.4,1014.8,29.0,True,multivariate_inconsistency,high,88.0,FUSED_CONSENSUS,28.6,1014.1,32.0,OFFLINE,replay,,88.0
2025-02-25T10:00:00+00:00,AWS-MUM-007,33.1,1015.3,22.0,True,multivariate_inconsistency,high,88.0,FUSED_CONSENSUS,32.7,1014.6,24.0,OFFLINE,replay,,88.0
2025-02-25T11:00:00+00:00,AWS-MUM-007,35.7,1014.9,17.0,True,multivariate_inconsistency,high,88.0,FUSED_CONSENSUS,35.7,1014.1,18.0,OFFLINE,replay,,88.0
2025-02-25T12:00:00+00:00,AWS-MUM-007,30.748285143526097,1021.4250858832588,15.0,True,multivariate_inconsistency,high,88.0,FUSED_CONSENSUS,37.4,1012.9,15.0,OFFLINE,replay,,88.0
2025-02-25T13:00:00+00:00,AWS-MUM-007,31.53527030642185,1019.327632731472,30.582372650623608,True,multivariate_inconsistency,high,88.0,FUSED_CONSENSUS,38.4,1011.4,13.0,OFFLINE,replay,,88.0
2025-02-25T14:00:00+00:00,AWS-MUM-007,43.080732026181465,1003.1808217102,15.0,True,multivariate_inconsistency,high,88.0,FUSED_CONSENSUS,39.2,1010.3,12.0,OFFLINE,replay,,88.0
2025-02-25T15:00:00+00:00,AWS-MUM-007,41.42020934333414,1004.1321461584624,39.23048524052604,True,spike,high,89.9,FUSED_CONSENSUS,39.3,1009.4,12.0,OFFLINE,replay,,89.9
2025-02-25T16:00:00+00:00,AWS-MUM-007,27.23248240393366,1018.8020472538224,15.0,True,spike,high,89.9,FUSED_CONSENSUS,38.1,1009.4,13.0,OFFLINE,replay,,89.9
2025-02-25T17:00:00+00:00,AWS-MUM-007,38.01578652288463,1004.238702672597,51.64360482198581,True,spike,high,89.9,FUSED_CONSENSUS,35.7,1009.9,21.0,OFFLINE,replay,,89.9
2025-02-25T18:00:00+00:00,AWS-MUM-007,22.024091025861352,1021.4981153813944,34.183468455272326,True,spike,high,89.9,FUSED_CONSENSUS,31.8,1011.6,31.0,OFFLINE,replay,,89.9
2025-02-25T19:00:00+00:00,AWS-MUM-007,28.3,1013.7,53.0,True,spike,high,89.9,FUSED_CONSENSUS,29.8,1012.5,39.0,OFFLINE,replay,,89.9
2025-02-25T20:00:00+00:00,AWS-MUM-007,27.8,1014.8,56.0,True,spike,high,89.7,FUSED_CONSENSUS,29.0,1014.0,45.0,OFFLINE,replay,,89.7
2025-02-25T21:00:00+00:00,AWS-MUM-007,27.8,1015.9,52.0,True,spike,high,89.9,FUSED_CONSENSUS,28.3,1014.9,45.0,OFFLINE,replay,,89.9
2025-02-25T22:00:00+00:00,AWS-MUM-007,27.3,1015.9,54.0,True,spike,high,89.9,FUSED_CONSENSUS,27.6,1014.9,47.0,OFFLINE,replay,,89.9
2025-02-25T23:00:00+00:00,AWS-MUM-007,26.7,1015.7,56.0,True,spike,high,89.7,FUSED_CONSENSUS,26.3,1014.7,52.0,OFFLINE,replay,,89.7
2025-02-26T00:00:00+00:00,AWS-MUM-007,26.1,1014.8,59.0,True,multivariate_inconsistency,high,88.0,FUSED_CONSENSUS,25.3,1013.9,57.0,OFFLINE,replay,,88.0
2025-02-26T01:00:00+00:00,AWS-MUM-007,25.6,1014.2,65.0,True,multivariate_inconsistency,high,88.0,FUSED_CONSENSUS,24.9,1013.3,55.0,OFFLINE,replay,,88.0
2025-02-26T02:00:00+00:00,AWS-MUM-007,25.0,1013.4,67.0,True,multivariate_inconsistency,high,88.0,FUSED_CONSENSUS,24.4,1012.6,55.0,OFFLINE,replay,,88.0
2025-02-26T03:00:00+00:00,AWS-MUM-007,24.0,1012.9,66.0,True,multivariate_inconsistency,high,88.0,FUSED_CONSENSUS,24.1,1012.1,55.0,OFFLINE,replay,,88.0
2025-02-26T04:00:00+00:00,AWS-MUM-007,23.2,1012.7,66.0,True,multivariate_inconsistency,high,88.0,FUSED_CONSENSUS,23.5,1012.0,55.0,OFFLINE,replay,,88.0
2025-02-26T05:00:00+00:00,AWS-MUM-007,23.1,1012.9,61.0,True,multivariate_inconsistency,high,88.0,FUSED_CONSENSUS,22.9,1012.2,56.0,OFFLINE,replay,,88.0
2025-02-26T06:00:00+00:00,AWS-MUM-007,22.9,1013.6,63.0,True,spike,high,88.1,FUSED_CONSENSUS,22.5,1012.9,58.0,OFFLINE,replay,,88.1
2025-02-26T07:00:00+00:00,AWS-MUM-007,,1014.4,58.0,True,spike,critical,100.0,RULE_ENGINE_BYPASS,22.6,1013.7,54.0,OFFLINE,replay,,100.0
2025-02-26T08:00:00+00:00,AWS-MUM-007,25.7,1015.4,48.0,True,multivariate_inconsistency,high,88.0,FUSED_CONSENSUS,24.7,1014.7,45.0,OFFLINE,replay,,88.0
2025-02-26T09:00:00+00:00,AWS-MUM-007,29.2,1015.9,35.0,True,multivariate_inconsistency,high,88.0,FUSED_CONSENSUS,28.5,1015.2,33.0,OFFLINE,replay,,88.0
2025-02-26T10:00:00+00:00,AWS-MUM-007,33.1,1015.9,25.0,True,multivariate_inconsistency,high,88.0,FUSED_CONSENSUS,32.8,1015.1,25.0,OFFLINE,replay,,88.0
2025-02-26T11:00:00+00:00,AWS-MUM-007,35.4,1015.8783541003868,20.0,True,multivariate_inconsistency,high,88.0,FUSED_CONSENSUS,35.8,1014.6,20.0,OFFLINE,replay,,88.0
2025-02-26T12:00:00+00:00,AWS-MUM-007,36.8,1015.8341552859248,18.0,True,multivariate_inconsistency,high,88.0,FUSED_CONSENSUS,37.6,1013.1,16.0,OFFLINE,replay,,88.0
2025-02-26T13:00:00+00:00,AWS-MUM-007,37.2,1015.8178381744826,17.0,True,multivariate_inconsistency,high,88.0,FUSED_CONSENSUS,38.7,1011.7,14.0,OFFLINE,replay,,88.0
2025-02-26T14:00:00+00:00,AWS-MUM-007,35.7,1015.8203093332708,24.0,True,spike,high,89.9,FUSED_CONSENSUS,39.5,1010.5,14.0,OFFLINE,replay,,89.9
2025-02-26T15:00:00+00:00,AWS-MUM-007,34.2,1015.8229456700803,29.0,True,spike,high,89.9,FUSED_CONSENSUS,39.6,1009.6,13.0,OFFLINE,replay,,89.9
2025-02-26T16:00:00+00:00,AWS-MUM-007,33.1,1015.7779655122612,32.0,True,spike,high,89.9,FUSED_CONSENSUS,38.0,1009.4,15.0,OFFLINE,replay,,89.9
2025-02-26T17:00:00+00:00,AWS-MUM-007,32.3,1015.7717353059476,37.0,True,spike,high,89.9,FUSED_CONSENSUS,34.0,1009.5,26.0,OFFLINE,replay,,89.9
2025-02-26T18:00:00+00:00,AWS-MUM-007,29.8,1015.7375339146656,49.0,True,spike,high,89.9,FUSED_CONSENSUS,31.5,1010.4,36.0,OFFLINE,replay,,89.9
2025-02-26T19:00:00+00:00,AWS-MUM-007,28.7,1012.3,54.0,True,spike,high,89.9,FUSED_CONSENSUS,30.0,1011.3,44.0,OFFLINE,replay,,89.9
2025-02-26T20:00:00+00:00,AWS-MUM-007,28.2,1013.3,55.0,True,spike,high,89.9,FUSED_CONSENSUS,29.4,1012.6,47.0,OFFLINE,replay,,89.9
2025-02-26T21:00:00+00:00,AWS-MUM-007,28.1,1014.2,53.0,True,spike,high,89.9,FUSED_CONSENSUS,28.9,1013.2,47.0,OFFLINE,replay,,89.9
2025-02-26T22:00:00+00:00,AWS-MUM-007,27.8,1014.4,51.0,True,spike,high,89.9,FUSED_CONSENSUS,28.3,1013.5,48.0,OFFLINE,replay,,89.9
2025-02-26T23:00:00+00:00,AWS-MUM-007,27.3,1014.0,50.0,True,spike,high,89.9,FUSED_CONSENSUS,27.6,1013.1,48.0,OFFLINE,replay,,89.9
2025-02-27T00:00:00+00:00,AWS-MUM-007,26.5,1013.5,51.0,True,spike,high,89.9,FUSED_CONSENSUS,26.7,1012.6,50.0,OFFLINE,replay,,89.9
2025-02-27T01:00:00+00:00,AWS-MUM-007,26.0,1013.1768639459136,52.0,True,spike,high,89.9,FUSED_CONSENSUS,25.8,1012.0,51.0,OFFLINE,replay,,89.9
2025-02-27T02:00:00+00:00,AWS-MUM-007,25.6,1012.7537278918272,53.0,True,spike,high,89.9,FUSED_CONSENSUS,25.2,1011.4,52.0,OFFLINE,replay,,89.9
2025-02-27T03:00:00+00:00,AWS-MUM-007,25.1,1012.6305918377408,54.0,True,spike,high,89.9,FUSED_CONSENSUS,24.5,1011.1,54.0,OFFLINE,replay,,89.9
2025-02-27T04:00:00+00:00,AWS-MUM-007,24.6,1013.0074557836546,54.0,True,multivariate_inconsistency,high,88.0,FUSED_CONSENSUS,23.7,1011.2,56.0,OFFLINE,replay,,88.0
2025-02-27T05:00:00+00:00,AWS-MUM-007,45.6150794257472,1013.3843197295682,54.0,True,spike,high,89.9,FUSED_CONSENSUS,23.2,1011.2,57.0,OFFLINE,replay,,89.9
2025-02-27T06:00:00+00:00,AWS-MUM-007,23.9,1014.4611836754818,55.0,True,spike,high,89.9,FUSED_CONSENSUS,23.0,1012.1,59.0,OFFLINE,replay,,89.9
2025-02-27T07:00:00+00:00,AWS-MUM-007,24.1,1015.2380476213954,53.0,True,multivariate_inconsistency,high,88.0,FUSED_CONSENSUS,23.2,1012.7,56.0,OFFLINE,replay,,88.0
2025-02-27T08:00:00+00:00,AWS-MUM-007,26.2,1016.4149115673092,46.0,True,multivariate_inconsistency,high,88.0,FUSED_CONSENSUS,25.2,1013.6,49.0,OFFLINE,replay,,88.0
2025-02-27T09:00:00+00:00,AWS-MUM-007,29.7,1016.9917755132228,37.0,True,multivariate_inconsistency,high,88.0,FUSED_CONSENSUS,29.0,1013.8,37.0,OFFLINE,replay,,88.0
2025-02-27T10:00:00+00:00,AWS-MUM-007,33.4,1017.5686394591364,27.0,True,multivariate_inconsistency,high,88.0,FUSED_CONSENSUS,33.3,1014.0,27.0,OFFLINE,replay,,88.0
2025-02-27T11:00:00+00:00,AWS-MUM-007,35.3,1017.34550340505,23.0,True,multivariate_inconsistency,high,88.0,FUSED_CONSENSUS,36.2,1013.2,23.0,OFFLINE,replay,,88.0
2025-02-27T12:00:00+00:00,AWS-MUM-007,35.8,1016.2223673509636,23.0,True,multivariate_inconsistency,high,88.0,FUSED_CONSENSUS,37.9,1011.5,19.0,OFFLINE,replay,,88.0
2025-02-27T13:00:00+00:00,AWS-MUM-007,35.6,1015.0992312968772,24.0,True,multivariate_inconsistency,high,88.0,FUSED_CONSENSUS,38.7,1009.8,17.0,OFFLINE,replay,,88.0
2025-02-27T14:00:00+00:00,AWS-MUM-007,35.4,1013.976095242791,25.0,True,spike,high,89.9,FUSED_CONSENSUS,38.7,1008.5,18.0,OFFLINE,replay,,89.9
2025-02-27T15:00:00+00:00,AWS-MUM-007,34.5,1013.3529591887046,27.0,True,spike,high,89.9,FUSED_CONSENSUS,37.4,1007.7,20.0,OFFLINE,replay,,89.9
2025-02-27T16:00:00+00:00,AWS-MUM-007,33.2,1013.4298231346182,32.0,True,spike,high,89.9,FUSED_CONSENSUS,35.6,1007.6,24.0,OFFLINE,replay,,89.9
2025-02-27T17:00:00+00:00,AWS-MUM-007,31.5,1013.906687080532,39.0,True,spike,high,89.9,FUSED_CONSENSUS,34.3,1007.9,28.0,OFFLINE,replay,,89.9
2025-02-27T18:00:00+00:00,AWS-MUM-007,29.8,1015.0835510264455,48.0,True,spike,high,89.9,FUSED_CONSENSUS,31.6,1009.1,37.0,OFFLINE,replay,,89.9
2025-02-27T19:00:00+00:00,AWS-MUM-007,28.9,1015.9604149723592,56.0,True,spike,high,89.7,FUSED_CONSENSUS,30.3,1009.8,42.0,OFFLINE,replay,,89.7
2025-02-27T20:00:00+00:00,AWS-MUM-007,28.6,1017.4372789182728,58.0,True,spike,high,88.4,FUSED_CONSENSUS,29.1,1011.2,49.0,OFFLINE,replay,,88.4
2025-02-27T21:00:00+00:00,AWS-MUM-007,28.4,1018.7141428641864,0.0525986456510302,True,spike,high,89.9,FUSED_CONSENSUS,28.4,1012.0,51.0,OFFLINE,replay,,89.9
2025-02-27T22:00:00+00:00,AWS-MUM-007,28.1,1018.9910068101,0.0420877121507287,True,spike,high,89.9,FUSED_CONSENSUS,28.0,1012.0,53.0,OFFLINE,replay,,89.9
2025-02-27T23:00:00+00:00,AWS-MUM-007,27.1,1018.9678707560136,0.011986276747914,True,spike,high,89.9,FUSED_CONSENSUS,27.6,1011.6,56.0,OFFLINE,replay,,89.9
2025-02-28T00:00:00+00:00,AWS-MUM-007,26.4,1018.6447347019272,-0.0232390926780002,True,spike,critical,100.0,RULE_ENGINE_BYPASS,26.7,1011.1,56.0,OFFLINE,replay,,100.0
2025-02-28T01:00:00+00:00,AWS-MUM-007,25.9,1018.4215986478408,64.0,True,multivariate_inconsistency,high,88.0,FUSED_CONSENSUS,25.9,1010.5,55.0,OFFLINE,replay,,88.0
2025-02-28T02:00:00+00:00,AWS-MUM-007,25.5,1017.9984625937544,64.0,True,multivariate_inconsistency,high,88.0,FUSED_CONSENSUS,25.5,1009.8,59.0,OFFLINE,replay,,88.0
2025-02-28T03:00:00+00:00,AWS-MUM-007,25.2,1017.5753265396684,69.0,True,multivariate_inconsistency,high,88.0,FUSED_CONSENSUS,24.8,1009.3,60.0,OFFLINE,replay,,88.0
2025-02-28T04:00:00+00:00,AWS-MUM-007,24.8,1017.5521904855818,73.0,True,multivariate_inconsistency,high,88.0,FUSED_CONSENSUS,23.9,1009.0,64.0,OFFLINE,replay,,88.0
2025-02-28T05:00:00+00:00,AWS-MUM-007,24.3,1018.1290544314955,76.0,True,multivariate_inconsistency,high,88.0,FUSED_CONSENSUS,23.3,1009.3,65.0,OFFLINE,replay,,88.0
2025-02-28T06:00:00+00:00,AWS-MUM-007,24.2,1019.7059183774091,79.0,True,multivariate_inconsistency,high,88.0,FUSED_CONSENSUS,23.3,1010.7,65.0,OFFLINE,replay,,88.0
2025-02-28T07:00:00+00:00,AWS-MUM-007,24.2,1020.7827823233227,73.0,True,multivariate_inconsistency,high,88.0,FUSED_CONSENSUS,23.8,1011.5,61.0,OFFLINE,replay,,88.0
2025-02-28T08:00:00+00:00,AWS-MUM-007,26.2,1021.8596462692364,61.0,True,multivariate_inconsistency,high,88.0,FUSED_CONSENSUS,26.0,1012.2,51.0,OFFLINE,replay,,88.0
2025-02-28T09:00:00+00:00,AWS-MUM-007,29.4,1013.7,45.0,True,multivariate_inconsistency,high,88.0,FUSED_CONSENSUS,29.4,1012.7,41.0,OFFLINE,replay,,88.0
2025-02-28T10:00:00+00:00,AWS-MUM-007,31.8,1013.9,35.0,True,multivariate_inconsistency,high,88.0,FUSED_CONSENSUS,32.4,1012.9,32.0,OFFLINE,replay,,88.0
2025-02-28T11:00:00+00:00,AWS-MUM-007,33.2,1013.3,33.0,True,multivariate_inconsistency,high,88.0,FUSED_CONSENSUS,35.1,1012.2,24.0,OFFLINE,replay,,88.0
2025-02-28T12:00:00+00:00,AWS-MUM-007,33.4,1012.1,38.0,True,multivariate_inconsistency,high,88.0,FUSED_CONSENSUS,36.9,1010.9,20.0,OFFLINE,replay,,88.0
2025-02-28T13:00:00+00:00,AWS-MUM-007,33.3,1010.8,40.0,True,multivariate_inconsistency,high,88.0,FUSED_CONSENSUS,38.0,1009.3,19.0,OFFLINE,replay,,88.0
2025-02-28T14:00:00+00:00,AWS-MUM-007,33.3,1009.7,38.0,True,spike,high,89.9,FUSED_CONSENSUS,38.2,1008.0,21.0,OFFLINE,replay,,89.9
2025-02-28T15:00:00+00:00,AWS-MUM-007,33.4,1008.6,35.0,True,spike,high,89.9,FUSED_CONSENSUS,37.7,1007.0,23.0,OFFLINE,replay,,89.9
2025-02-28T16:00:00+00:00,AWS-MUM-007,33.3,1008.1,35.0,True,spike,high,89.9,FUSED_CONSENSUS,37.3,1006.5,24.0,OFFLINE,replay,,89.9
2025-02-28T17:00:00+00:00,AWS-MUM-007,32.1,1008.1,38.0,True,spike,high,89.9,FUSED_CONSENSUS,36.4,1006.6,25.0,OFFLINE,replay,,89.9
2025-02-28T18:00:00+00:00,AWS-MUM-007,29.6,1009.2,50.0,True,spike,high,89.9,FUSED_CONSENSUS,33.8,1007.7,30.0,OFFLINE,replay,,89.9
2025-02-28T19:00:00+00:00,AWS-MUM-007,28.7,1009.8,52.0,True,spike,high,89.9,FUSED_CONSENSUS,31.9,1008.5,33.0,OFFLINE,replay,,89.9
2025-02-28T20:00:00+00:00,AWS-MUM-007,28.5,1010.3,49.0,True,spike,high,89.9,FUSED_CONSENSUS,31.0,1009.2,33.0,OFFLINE,replay,,89.9
2025-02-28T21:00:00+00:00,AWS-MUM-007,28.7,1010.7,41.0,True,multivariate_inconsistency,high,88.0,FUSED_CONSENSUS,30.5,1009.9,32.0,OFFLINE,replay,,88.0
2025-02-28T22:00:00+00:00,AWS-MUM-007,28.3,1010.8,38.0,True,spike,high,89.9,FUSED_CONSENSUS,29.8,1010.0,31.0,OFFLINE,replay,,89.9
2025-02-28T23:00:00+00:00,AWS-MUM-007,27.9,1010.8,37.0,True,spike,high,89.9,FUSED_CONSENSUS,28.6,1009.8,34.0,OFFLINE,replay,,89.9
2025-03-01T00:00:00+00:00,AWS-MUM-007,27.1,1010.7,41.0,True,spike,high,89.9,FUSED_CONSENSUS,27.6,1009.8,38.0,OFFLINE,replay,,89.9
2025-03-01T01:00:00+00:00,AWS-MUM-007,26.4,1010.6,44.0,True,spike,high,89.9,FUSED_CONSENSUS,26.7,1009.5,39.0,OFFLINE,replay,,89.9
2025-03-01T02:00:00+00:00,AWS-MUM-007,26.1,1010.0,45.0,True,spike,high,89.9,FUSED_CONSENSUS,26.1,1008.9,40.0,OFFLINE,replay,,89.9
2025-03-01T03:00:00+00:00,AWS-MUM-007,26.0,1009.3,45.0,True,spike,high,89.9,FUSED_CONSENSUS,25.6,1008.3,42.0,OFFLINE,replay,,89.9
2025-03-01T04:00:00+00:00,AWS-MUM-007,25.8,1009.3,47.0,True,multivariate_inconsistency,high,88.0,FUSED_CONSENSUS,24.9,1008.5,41.0,OFFLINE,replay,,88.0
2025-03-01T05:00:00+00:00,AWS-MUM-007,25.4,1009.5,50.0,True,spike,high,89.9,FUSED_CONSENSUS,24.3,1008.6,44.0,OFFLINE,replay,,89.9
2025-03-01T06:00:00+00:00,AWS-MUM-007,24.9,1010.6,56.0,True,spike,high,89.7,FUSED_CONSENSUS,24.2,1009.8,48.0,OFFLINE,replay,,89.7
2025-03-01T07:00:00+00:00,AWS-MUM-007,24.6,1011.2,56.0,True,spike,high,89.7,FUSED_CONSENSUS,24.1,1010.4,49.0,OFFLINE,replay,,89.7
2025-03-01T08:00:00+00:00,AWS-MUM-007,26.2,1012.1,46.0,True,multivariate_inconsistency,high,88.0,FUSED_CONSENSUS,25.7,1011.1,44.0,OFFLINE,replay,,88.0
2025-03-01T09:00:00+00:00,AWS-MUM-007,12.615441873787734,1012.6,36.0,True,spike,high,89.9,FUSED_CONSENSUS,29.1,1011.7,34.0,OFFLINE,replay,,89.9
2025-03-01T10:00:00+00:00,AWS-MUM-007,14.313199599671016,1012.9,30.0,True,spike,high,89.9,FUSED_CONSENSUS,32.9,1011.9,26.0,OFFLINE,replay,,89.9
2025-03-01T11:00:00+00:00,AWS-MUM-007,28.02161590728781,1012.4,34.0,True,multivariate_inconsistency,high,88.0,FUSED_CONSENSUS,35.6,1011.2,22.0,OFFLINE,replay,,88.0
2025-03-01T12:00:00+00:00,AWS-MUM-007,31.83356014703904,1011.2,42.0,True,multivariate_inconsistency,high,88.0,FUSED_CONSENSUS,37.4,1009.8,20.0,OFFLINE,replay,,88.0
2025-03-01T13:00:00+00:00,AWS-MUM-007,32.97654919299267,1010.1,44.0,True,spike,high,89.9,FUSED_CONSENSUS,38.2,1008.4,21.0,OFFLINE,replay,,89.9
2025-03-01T14:00:00+00:00,AWS-MUM-007,33.57772387282499,1009.1,39.0,True,spike,high,89.9,FUSED_CONSENSUS,38.0,1007.4,23.0,OFFLINE,replay,,89.9
2025-03-01T15:00:00+00:00,AWS-MUM-007,33.5,1008.5,33.0,True,spike,high,89.9,FUSED_CONSENSUS,37.6,1006.7,23.0,OFFLINE,replay,,89.9
2025-03-01T16:00:00+00:00,AWS-MUM-007,32.2,1008.2,39.0,True,spike,high,89.9,FUSED_CONSENSUS,36.9,1006.6,24.0,OFFLINE,replay,,89.9
2025-03-01T17:00:00+00:00,AWS-MUM-007,30.8,1008.2,49.0,True,spike,high,89.9,FUSED_CONSENSUS,35.1,1006.8,25.0,OFFLINE,replay,,89.9
2025-03-01T18:00:00+00:00,AWS-MUM-007,29.3,1009.2,53.0,True,spike,high,89.9,FUSED_CONSENSUS,33.1,1007.8,30.0,OFFLINE,replay,,89.9
2025-03-01T19:00:00+00:00,AWS-MUM-007,29.0,1009.8,47.0,True,spike,high,89.9,FUSED_CONSENSUS,31.6,1008.7,33.0,OFFLINE,replay,,89.9
2025-03-01T20:00:00+00:00,AWS-MUM-007,29.2,1010.6,37.0,True,spike,high,89.9,FUSED_CONSENSUS,30.6,1009.6,34.0,OFFLINE,replay,,89.9
2025-03-01T21:00:00+00:00,AWS-MUM-007,29.1,1010.8,33.0,True,multivariate_inconsistency,high,88.0,FUSED_CONSENSUS,29.8,1009.8,32.0,OFFLINE,replay,,88.0
2025-03-01T22:00:00+00:00,AWS-MUM-007,28.9,1010.5,30.0,True,spike,high,89.9,FUSED_CONSENSUS,29.0,1009.8,32.0,OFFLINE,replay,,89.9
2025-03-01T23:00:00+00:00,AWS-MUM-007,28.3,1010.3,30.0,True,spike,high,89.9,FUSED_CONSENSUS,28.0,1009.5,34.0,OFFLINE,replay,,89.9
2025-03-02T00:00:00+00:00,AWS-MUM-007,27.2,1010.0,32.0,True,spike,high,89.9,FUSED_CONSENSUS,27.2,1009.1,37.0,OFFLINE,replay,,89.9
2025-03-02T01:00:00+00:00,AWS-MUM-007,26.2,1009.5,34.0,True,spike,high,89.9,FUSED_CONSENSUS,26.1,1008.4,39.0,OFFLINE,replay,,89.9
2025-03-02T02:00:00+00:00,AWS-MUM-007,25.8,1008.9,37.0,True,spike,high,89.9,FUSED_CONSENSUS,25.3,1007.9,43.0,OFFLINE,replay,,89.9
2025-03-02T03:00:00+00:00,AWS-MUM-007,25.4,1008.5,39.0,True,spike,high,89.9,FUSED_CONSENSUS,24.7,1007.5,45.0,OFFLINE,replay,,89.9
2025-03-02T04:00:00+00:00,AWS-MUM-007,25.1,1008.5,41.0,True,spike,high,89.9,FUSED_CONSENSUS,23.9,1007.5,50.0,OFFLINE,replay,,89.9
2025-03-02T05:00:00+00:00,AWS-MUM-007,45.77465537221232,1008.7,42.0,True,spike,high,89.9,FUSED_CONSENSUS,23.2,1007.8,54.0,OFFLINE,replay,,89.9
2025-03-02T06:00:00+00:00,AWS-MUM-007,24.6,1009.8,48.0,True,spike,high,89.9,FUSED_CONSENSUS,23.0,1008.9,51.0,OFFLINE,replay,,89.9
2025-03-02T07:00:00+00:00,AWS-MUM-007,24.8,1010.5,42.0,True,multivariate_inconsistency,high,88.0,FUSED_CONSENSUS,23.1,1009.7,50.0,OFFLINE,replay,,88.0
2025-03-02T08:00:00+00:00,AWS-MUM-007,26.4,1011.1,36.0,True,multivariate_inconsistency,high,88.0,FUSED_CONSENSUS,25.8,1010.3,42.0,OFFLINE,replay,,88.0
2025-03-02T09:00:00+00:00,AWS-MUM-007,29.6,1011.7,30.0,True,multivariate_inconsistency,high,88.0,FUSED_CONSENSUS,29.9,1010.9,32.0,OFFLINE,replay,,88.0
2025-03-02T10:00:00+00:00,AWS-MUM-007,32.8,1012.2,25.0,True,multivariate_inconsistency,high,88.0,FUSED_CONSENSUS,33.2,1011.3,25.0,OFFLINE,replay,,88.0
2025-03-02T11:00:00+00:00,AWS-MUM-007,34.9,1011.6,21.0,True,multivariate_inconsistency,high,88.0,FUSED_CONSENSUS,35.6,1010.7,19.0,OFFLINE,replay,,88.0
2025-03-02T12:00:00+00:00,AWS-MUM-007,36.0,1010.5,18.0,True,multivariate_inconsistency,high,88.0,FUSED_CONSENSUS,37.2,1009.5,16.0,OFFLINE,replay,,88.0
2025-03-02T13:00:00+00:00,AWS-MUM-007,46.28307061901185,1009.391421498895,34.30706208697289,False,spike,low,34.2,NORMAL,38.3,1008.1,13.0,OFFLINE,replay,,34.2
2025-03-02T14:00:00+00:00,AWS-MUM-007,45.98307061901185,1008.1088815921472,42.50169549101479,True,spike,high,89.9,FUSED_CONSENSUS,38.7,1006.9,13.0,OFFLINE,replay,,89.9
2025-03-02T15:00:00+00:00,AWS-MUM-007,45.18307061901185,1007.543124237719,49.12159784718106,True,spike,high,89.9,FUSED_CONSENSUS,38.9,1006.1,13.0,OFFLINE,replay,,89.9
2025-03-02T16:00:00+00:00,AWS-MUM-007,43.08307061901185,1007.1262294440174,62.49328075098791,True,spike,high,89.9,FUSED_CONSENSUS,38.7,1005.9,14.0,OFFLINE,replay,,89.9
2025-03-02T17:00:00+00:00,AWS-MUM-007,41.58307061901185,1007.7336057719036,67.63961458561147,True,spike,high,89.9,FUSED_CONSENSUS,36.9,1006.2,18.0,OFFLINE,replay,,89.9
2025-03-02T18:00:00+00:00,AWS-MUM-007,29.1,1008.6,52.0,True,spike,high,89.9,FUSED_CONSENSUS,32.6,1007.1,30.0,OFFLINE,replay,,89.9
2025-03-02T19:00:00+00:00,AWS-MUM-007,28.3,1009.2,54.0,True,spike,high,89.9,FUSED_CONSENSUS,31.1,1008.0,31.0,OFFLINE,replay,,89.9
2025-03-02T20:00:00+00:00,AWS-MUM-007,28.6,1009.8,41.0,True,spike,high,89.9,FUSED_CONSENSUS,30.3,1008.8,31.0,OFFLINE,replay,,89.9
2025-03-02T21:00:00+00:00,AWS-MUM-007,28.4,1010.5,37.0,True,multivariate_inconsistency,high,88.0,FUSED_CONSENSUS,29.6,1009.5,29.0,OFFLINE,replay,,88.0
2025-03-02T22:00:00+00:00,AWS-MUM-007,27.9,1011.1,40.0,True,spike,high,89.9,FUSED_CONSENSUS,28.8,1010.2,31.0,OFFLINE,replay,,89.9
2025-03-02T23:00:00+00:00,AWS-MUM-007,27.1,1011.4,44.0,True,spike,high,89.9,FUSED_CONSENSUS,27.8,1010.5,35.0,OFFLINE,replay,,89.9
2025-03-03T00:00:00+00:00,AWS-MUM-007,26.2,1011.0,49.0,True,spike,high,89.9,FUSED_CONSENSUS,27.1,1010.1,37.0,OFFLINE,replay,,89.9
2025-03-03T01:00:00+00:00,AWS-MUM-007,25.4,1010.3,55.0,True,spike,high,89.9,FUSED_CONSENSUS,26.2,1009.5,41.0,OFFLINE,replay,,89.9
2025-03-03T02:00:00+00:00,AWS-MUM-007,24.9,1009.7,56.0,True,spike,high,89.7,FUSED_CONSENSUS,25.2,1008.9,46.0,OFFLINE,replay,,89.7
2025-03-03T03:00:00+00:00,AWS-MUM-007,24.7,1009.1,54.0,True,spike,high,89.9,FUSED_CONSENSUS,24.4,1008.4,52.0,OFFLINE,replay,,89.9
2025-03-03T04:00:00+00:00,AWS-MUM-007,24.7,1009.0,52.0,True,spike,high,89.9,FUSED_CONSENSUS,23.8,1008.3,57.0,OFFLINE,replay,,89.9
2025-03-03T05:00:00+00:00,AWS-MUM-007,24.8,1009.2,51.0,True,spike,high,89.9,FUSED_CONSENSUS,23.4,1008.5,59.0,OFFLINE,replay,,89.9
2025-03-03T06:00:00+00:00,AWS-MUM-007,24.3,1010.0,52.0,True,spike,high,89.9,FUSED_CONSENSUS,22.8,1009.2,61.0,OFFLINE,replay,,89.9
2025-03-03T07:00:00+00:00,AWS-MUM-007,24.5,1010.9,50.0,True,multivariate_inconsistency,high,88.0,FUSED_CONSENSUS,22.9,1010.1,60.0,OFFLINE,replay,,88.0
2025-03-03T08:00:00+00:00,AWS-MUM-007,26.3,1011.6,45.0,True,multivariate_inconsistency,high,88.0,FUSED_CONSENSUS,25.0,1010.8,52.0,OFFLINE,replay,,88.0
2025-03-03T09:00:00+00:00,AWS-MUM-007,29.9,1012.2,33.64378689688136,True,multivariate_inconsistency,high,88.0,FUSED_CONSENSUS,29.7,1011.4,35.0,OFFLINE,replay,,88.0
2025-03-03T10:00:00+00:00,AWS-MUM-007,33.1,1012.4,24.287573793762714,True,multivariate_inconsistency,high,88.0,FUSED_CONSENSUS,33.6,1011.5,23.0,OFFLINE,replay,,88.0
2025-03-03T11:00:00+00:00,AWS-MUM-007,35.4,1011.6,18.93136069064407,True,multivariate_inconsistency,high,88.0,FUSED_CONSENSUS,36.6,1010.7,16.0,OFFLINE,replay,,88.0
2025-03-03T12:00:00+00:00,AWS-MUM-007,36.2,1010.4,19.57514758752543,True,multivariate_inconsistency,high,88.0,FUSED_CONSENSUS,38.3,1009.5,13.0,OFFLINE,replay,,88.0
2025-03-03T13:00:00+00:00,AWS-MUM-007,35.2,1009.5,30.218934484406784,True,multivariate_inconsistency,high,88.0,FUSED_CONSENSUS,39.2,1008.3,13.0,OFFLINE,replay,,88.0
2025-03-03T14:00:00+00:00,AWS-MUM-007,34.4,1008.4,33.86272138128814,True,spike,high,89.9,FUSED_CONSENSUS,39.8,1006.9,13.0,OFFLINE,replay,,89.9
2025-03-03T15:00:00+00:00,AWS-MUM-007,33.9,1007.9,32.5065082781695,True,spike,high,89.9,FUSED_CONSENSUS,39.9,1006.2,14.0,OFFLINE,replay,,89.9
2025-03-03T16:00:00+00:00,AWS-MUM-007,33.4,1007.4,30.150295175050857,True,spike,high,89.9,FUSED_CONSENSUS,38.6,1005.8,17.0,OFFLINE,replay,,89.9
2025-03-03T17:00:00+00:00,AWS-MUM-007,32.1,1007.6,34.794082071932216,True,spike,high,89.9,FUSED_CONSENSUS,37.0,1006.2,21.0,OFFLINE,replay,,89.9
2025-03-03T18:00:00+00:00,AWS-MUM-007,30.9,1008.9,36.43786896881357,True,spike,high,89.9,FUSED_CONSENSUS,35.0,1007.6,27.0,OFFLINE,replay,,89.9
2025-03-03T19:00:00+00:00,AWS-MUM-007,30.2,1009.4,36.08165586569493,True,spike,high,89.9,FUSED_CONSENSUS,33.2,1008.2,30.0,OFFLINE,replay,,89.9
2025-03-03T20:00:00+00:00,AWS-MUM-007,29.7,1010.1,31.72544276257629,True,spike,high,89.9,FUSED_CONSENSUS,31.6,1009.0,32.0,OFFLINE,replay,,89.9
2025-03-03T21:00:00+00:00,AWS-MUM-007,29.5,1010.4,27.36922965945764,True,multivariate_inconsistency,high,88.0,FUSED_CONSENSUS,30.5,1009.5,30.0,OFFLINE,replay,,88.0
2025-03-03T22:00:00+00:00,AWS-MUM-007,29.3,1010.7,25.013016556339,True,spike,high,89.9,FUSED_CONSENSUS,29.7,1009.8,30.0,OFFLINE,replay,,89.9
2025-03-03T23:00:00+00:00,AWS-MUM-007,29.0,1010.7,23.656803453220355,True,spike,high,89.9,FUSED_CONSENSUS,29.0,1009.8,32.0,OFFLINE,replay,,89.9
2025-03-04T00:00:00+00:00,AWS-MUM-007,28.6,1010.5,25.30059035010171,True,spike,high,89.9,FUSED_CONSENSUS,28.4,1009.7,34.0,OFFLINE,replay,,89.9
2025-03-04T01:00:00+00:00,AWS-MUM-007,27.9,1010.0,26.94437724698307,True,spike,high,89.9,FUSED_CONSENSUS,27.7,1009.2,36.0,OFFLINE,replay,,89.9
2025-03-04T02:00:00+00:00,AWS-MUM-007,27.0,1009.4,28.588164143864425,True,spike,high,89.9,FUSED_CONSENSUS,27.0,1008.4,37.0,OFFLINE,replay,,89.9
2025-03-04T03:00:00+00:00,AWS-MUM-007,26.5,1009.1,30.231951040745784,True,spike,high,89.9,FUSED_CONSENSUS,26.4,1008.1,39.0,OFFLINE,replay,,89.9
2025-03-04T04:00:00+00:00,AWS-MUM-007,26.1,1009.2,31.87573793762714,True,spike,high,89.9,FUSED_CONSENSUS,25.4,1008.2,42.0,OFFLINE,replay,,89.9
2025-03-04T05:00:00+00:00,AWS-MUM-007,25.7,1009.7,33.519524834508495,True,spike,high,89.9,FUSED_CONSENSUS,24.5,1008.8,45.0,OFFLINE,replay,,89.9
2025-03-04T06:00:00+00:00,AWS-MUM-007,24.9,1010.6,39.163311731389854,True,spike,high,89.9,FUSED_CONSENSUS,23.9,1009.8,50.0,OFFLINE,replay,,89.9
2025-03-04T07:00:00+00:00,AWS-MUM-007,25.0,1011.3,35.80709862827121,True,spike,high,89.9,FUSED_CONSENSUS,23.9,1010.5,50.0,OFFLINE,replay,,89.9
2025-03-04T08:00:00+00:00,AWS-MUM-007,26.9,1012.2,30.450885525152568,True,multivariate_inconsistency,high,88.0,FUSED_CONSENSUS,27.0,1011.4,41.0,OFFLINE,replay,,88.0
2025-03-04T09:00:00+00:00,AWS-MUM-007,29.9,1012.9,24.094672422033923,True,multivariate_inconsistency,high,88.0,FUSED_CONSENSUS,30.5,1012.0,31.0,OFFLINE,replay,,88.0
2025-03-04T10:00:00+00:00,AWS-MUM-007,32.3,1013.3,17.738459318915282,True,multivariate_inconsistency,high,88.0,FUSED_CONSENSUS,32.9,1012.3,25.0,OFFLINE,replay,,88.0
2025-03-04T11:00:00+00:00,AWS-MUM-007,34.4,1012.6,12.382246215796638,True,multivariate_inconsistency,high,88.0,FUSED_CONSENSUS,35.0,1011.6,21.0,OFFLINE,replay,,88.0
2025-03-04T12:00:00+00:00,AWS-MUM-007,35.8,1011.3,9.026033112677997,True,multivariate_inconsistency,high,88.0,FUSED_CONSENSUS,36.8,1010.3,17.0,OFFLINE,replay,,88.0
2025-03-04T13:00:00+00:00,AWS-MUM-007,35.8,1010.3,11.669820009559352,True,multivariate_inconsistency,high,88.0,FUSED_CONSENSUS,37.9,1009.2,16.0,OFFLINE,replay,,88.0
2025-03-04T14:00:00+00:00,AWS-MUM-007,33.3,1009.4,34.31360690644071,True,multivariate_inconsistency,high,88.0,FUSED_CONSENSUS,38.9,1008.0,14.0,OFFLINE,replay,,88.0
2025-03-04T15:00:00+00:00,AWS-MUM-007,32.3,1008.6,40.95739380332206,True,spike,high,89.9,FUSED_CONSENSUS,38.9,1007.1,15.0,OFFLINE,replay,,89.9
2025-03-04T16:00:00+00:00,AWS-MUM-007,31.7,1008.3,38.60118070020342,True,spike,high,89.9,FUSED_CONSENSUS,38.5,1006.7,15.0,OFFLINE,replay,,89.9
2025-03-04T17:00:00+00:00,AWS-MUM-007,30.8,1008.4,37.24496759708478,True,spike,high,89.9,FUSED_CONSENSUS,37.0,1007.0,20.0,OFFLINE,replay,,89.9
2025-03-04T18:00:00+00:00,AWS-MUM-007,29.3,1009.8,38.88875449396614,True,spike,high,89.9,FUSED_CONSENSUS,34.3,1008.4,29.0,OFFLINE,replay,,89.9
2025-03-04T19:00:00+00:00,AWS-MUM-007,28.5,1010.3,40.5325413908475,True,spike,high,89.9,FUSED_CONSENSUS,32.0,1009.1,39.0,OFFLINE,replay,,89.9
2025-03-04T20:00:00+00:00,AWS-MUM-007,28.7,1010.8,33.17632828772885,True,spike,high,89.9,FUSED_CONSENSUS,30.6,1009.8,39.0,OFFLINE,replay,,89.9
2025-03-04T21:00:00+00:00,AWS-MUM-007,28.6,1011.4,28.82011518461021,True,spike,high,89.9,FUSED_CONSENSUS,29.7,1010.5,38.0,OFFLINE,replay,,89.9
2025-03-04T22:00:00+00:00,AWS-MUM-007,28.4,1011.8,25.463902081491565,True,spike,high,89.9,FUSED_CONSENSUS,29.0,1011.0,39.0,OFFLINE,replay,,89.9
2025-03-04T23:00:00+00:00,AWS-MUM-007,28.2,1011.7,24.10768897837292,True,multivariate_inconsistency,high,88.0,FUSED_CONSENSUS,28.6,1010.7,37.0,OFFLINE,replay,,88.0
2025-03-05T00:00:00+00:00,AWS-MUM-007,28.0,1011.3,21.75147587525428,True,multivariate_inconsistency,high,88.0,FUSED_CONSENSUS,28.2,1010.5,34.0,OFFLINE,replay,,88.0
2025-03-05T01:00:00+00:00,AWS-MUM-007,27.6,1010.6,19.39526277213564,True,multivariate_inconsistency,high,88.0,FUSED_CONSENSUS,27.7,1009.8,33.0,OFFLINE,replay,,88.0
2025-03-05T02:00:00+00:00,AWS-MUM-007,27.2,1009.8,18.039049669016997,True,spike,high,89.9,FUSED_CONSENSUS,27.1,1008.9,33.0,OFFLINE,replay,,89.9
2025-03-05T03:00:00+00:00,AWS-MUM-007,26.6,1009.3,17.68283656589835,True,spike,high,89.9,FUSED_CONSENSUS,26.5,1008.4,33.0,OFFLINE,replay,,89.9
2025-03-05T04:00:00+00:00,AWS-MUM-007,26.1,1009.2,17.326623462779708,True,spike,high,89.9,FUSED_CONSENSUS,25.9,1008.3,34.0,OFFLINE,replay,,89.9
2025-03-05T05:00:00+00:00,AWS-MUM-007,25.6,1009.4,33.0,True,spike,high,89.9,FUSED_CONSENSUS,25.3,1008.6,35.0,OFFLINE,replay,,89.9
2025-03-05T06:00:00+00:00,AWS-MUM-007,24.3,1010.2,38.0,True,spike,high,89.9,FUSED_CONSENSUS,23.7,1009.4,41.0,OFFLINE,replay,,89.9
2025-03-05T07:00:00+00:00,AWS-MUM-007,24.2,1011.0,38.0,True,spike,high,89.9,FUSED_CONSENSUS,23.6,1010.2,42.0,OFFLINE,replay,,89.9
2025-03-05T08:00:00+00:00,AWS-MUM-007,26.0,1011.8,34.0,True,multivariate_inconsistency,high,88.0,FUSED_CONSENSUS,25.9,1011.1,37.0,OFFLINE,replay,,88.0
2025-03-05T09:00:00+00:00,AWS-MUM-007,29.0,1012.5,28.0,True,multivariate_inconsistency,high,88.0,FUSED_CONSENSUS,29.4,1011.7,28.0,OFFLINE,replay,,88.0
2025-03-05T10:00:00+00:00,AWS-MUM-007,32.1,1012.6,23.0,True,multivariate_inconsistency,high,88.0,FUSED_CONSENSUS,32.8,1011.6,22.0,OFFLINE,replay,,88.0
2025-03-05T11:00:00+00:00,AWS-MUM-007,34.7,1011.8,19.0,True,multivariate_inconsistency,high,88.0,FUSED_CONSENSUS,35.9,1010.8,17.0,OFFLINE,replay,,88.0
2025-03-05T12:00:00+00:00,AWS-MUM-007,36.4,1010.7,16.0,True,multivariate_inconsistency,high,88.0,FUSED_CONSENSUS,37.6,1009.7,14.0,OFFLINE,replay,,88.0
2025-03-05T13:00:00+00:00,AWS-MUM-007,36.8,1009.5,17.0,True,multivariate_inconsistency,high,88.0,FUSED_CONSENSUS,38.7,1008.4,11.0,OFFLINE,replay,,88.0
2025-03-05T14:00:00+00:00,AWS-MUM-007,35.4,1008.6,28.0,True,multivariate_inconsistency,high,88.0,FUSED_CONSENSUS,39.5,1007.3,9.0,OFFLINE,replay,,88.0
2025-03-05T15:00:00+00:00,AWS-MUM-007,34.8,1008.1,29.0,True,multivariate_inconsistency,high,88.0,FUSED_CONSENSUS,39.8,1006.5,8.0,OFFLINE,replay,,88.0
2025-03-05T16:00:00+00:00,AWS-MUM-007,33.5,1007.9,28.0,True,spike,high,89.9,FUSED_CONSENSUS,39.2,1006.2,8.0,OFFLINE,replay,,89.9
2025-03-05T17:00:00+00:00,AWS-MUM-007,31.6,1008.2,32.0,True,spike,high,89.9,FUSED_CONSENSUS,36.6,1006.4,16.0,OFFLINE,replay,,89.9
2025-03-05T18:00:00+00:00,AWS-MUM-007,29.2,1009.1,46.0,True,spike,high,89.9,FUSED_CONSENSUS,33.6,1007.4,23.0,OFFLINE,replay,,89.9
2025-03-05T19:00:00+00:00,AWS-MUM-007,28.3,1009.5,47.0,True,spike,high,89.9,FUSED_CONSENSUS,31.0,1008.1,29.0,OFFLINE,replay,,89.9
2025-03-05T20:00:00+00:00,AWS-MUM-007,28.4,1010.3,41.0,True,spike,high,89.9,FUSED_CONSENSUS,30.0,1009.1,27.0,OFFLINE,replay,,89.9
2025-03-05T21:00:00+00:00,AWS-MUM-007,28.6,1011.0,32.0,True,multivariate_inconsistency,high,88.0,FUSED_CONSENSUS,29.7,1010.0,25.0,OFFLINE,replay,,88.0
2025-03-05T22:00:00+00:00,AWS-MUM-007,28.8,1011.4,22.0,True,multivariate_inconsistency,high,88.0,FUSED_CONSENSUS,29.3,1010.6,22.0,OFFLINE,replay,,88.0
2025-03-05T23:00:00+00:00,AWS-MUM-007,28.8,1011.2,18.0,True,multivariate_inconsistency,high,88.0,FUSED_CONSENSUS,28.6,1010.4,20.0,OFFLINE,replay,,88.0
2025-03-06T00:00:00+00:00,AWS-MUM-007,28.0,1011.0,18.0,True,spike,high,89.9,FUSED_CONSENSUS,27.6,1010.2,21.0,OFFLINE,replay,,89.9
2025-03-06T01:00:00+00:00,AWS-MUM-007,27.2,1010.6,20.0,True,spike,high,89.9,FUSED_CONSENSUS,26.5,1009.9,23.0,OFFLINE,replay,,89.9
2025-03-06T02:00:00+00:00,AWS-MUM-007,26.3,1010.1,21.0,True,spike,high,89.9,FUSED_CONSENSUS,25.6,1009.5,26.0,OFFLINE,replay,,89.9
2025-03-06T03:00:00+00:00,AWS-MUM-007,25.5,1010.0,23.0,True,spike,high,89.9,FUSED_CONSENSUS,24.7,1009.2,27.0,OFFLINE,replay,,89.9
2025-03-06T04:00:00+00:00,AWS-MUM-007,24.8,1010.3,24.0,True,spike,high,89.9,FUSED_CONSENSUS,23.9,1009.5,29.0,OFFLINE,replay,,89.9
2025-03-06T05:00:00+00:00,AWS-MUM-007,24.3,1010.3,25.0,True,spike,high,89.9,FUSED_CONSENSUS,23.2,1009.7,29.0,OFFLINE,replay,,89.9
2025-03-06T06:00:00+00:00,AWS-MUM-007,22.6,1011.1,33.0,True,spike,high,89.9,FUSED_CONSENSUS,21.2,1010.5,42.0,OFFLINE,replay,,89.9
2025-03-06T07:00:00+00:00,AWS-MUM-007,22.5,1011.9,33.0,True,spike,high,89.9,FUSED_CONSENSUS,21.0,1011.2,41.0,OFFLINE,replay,,89.9
2025-03-06T08:00:00+00:00,AWS-MUM-007,24.6,1012.9,28.0,True,multivariate_inconsistency,high,88.0,FUSED_CONSENSUS,23.4,1012.2,33.0,OFFLINE,replay,,88.0
2025-03-06T09:00:00+00:00,AWS-MUM-007,27.7,1013.7,22.0,True,multivariate_inconsistency,high,88.0,FUSED_CONSENSUS,27.3,1012.8,24.0,OFFLINE,replay,,88.0
2025-03-06T10:00:00+00:00,AWS-MUM-007,31.0,1013.7,18.0,True,multivariate_inconsistency,high,88.0,FUSED_CONSENSUS,31.3,1012.8,17.0,OFFLINE,replay,,88.0
2025-03-06T11:00:00+00:00,AWS-MUM-007,33.8,1013.0,15.0,True,multivariate_inconsistency,high,88.0,FUSED_CONSENSUS,34.8,1012.0,13.0,OFFLINE,replay,,88.0
2025-03-06T12:00:00+00:00,AWS-MUM-007,34.8,1012.1,16.0,True,multivariate_inconsistency,high,88.0,FUSED_CONSENSUS,37.0,1011.0,11.0,OFFLINE,replay,,88.0
2025-03-06T13:00:00+00:00,AWS-MUM-007,35.0,1011.0,19.0,True,multivariate_inconsistency,high,88.0,FUSED_CONSENSUS,38.5,1009.7,8.0,OFFLINE,replay,,88.0
2025-03-06T14:00:00+00:00,AWS-MUM-007,34.3,1010.3,21.0,True,spike,high,89.9,FUSED_CONSENSUS,39.2,1008.7,7.0,OFFLINE,replay,,89.9
2025-03-06T15:00:00+00:00,AWS-MUM-007,33.3,1009.6,19.0,True,spike,high,89.9,FUSED_CONSENSUS,38.4,1007.8,11.0,OFFLINE,replay,,89.9
2025-03-06T16:00:00+00:00,AWS-MUM-007,32.3,1009.2,24.0,True,spike,high,89.9,FUSED_CONSENSUS,36.1,1007.5,14.0,OFFLINE,replay,,89.9
2025-03-06T17:00:00+00:00,AWS-MUM-007,30.8,1008.9,38.0,True,spike,high,89.9,FUSED_CONSENSUS,35.0,1007.3,16.0,OFFLINE,replay,,89.9
2025-03-06T18:00:00+00:00,AWS-MUM-007,29.1,1009.4,40.0,True,spike,high,89.9,FUSED_CONSENSUS,32.9,1007.9,18.0,OFFLINE,replay,,89.9
2025-03-06T19:00:00+00:00,AWS-MUM-007,28.3,1009.8,38.0,True,spike,high,89.9,FUSED_CONSENSUS,30.9,1008.7,24.0,OFFLINE,replay,,89.9
2025-03-06T20:00:00+00:00,AWS-MUM-007,28.4,1010.5,32.0,True,multivariate_inconsistency,high,88.0,FUSED_CONSENSUS,30.2,1009.5,24.0,OFFLINE,replay,,88.0
2025-03-06T21:00:00+00:00,AWS-MUM-007,27.9,1010.9,30.0,True,multivariate_inconsistency,high,88.0,FUSED_CONSENSUS,29.1,1010.0,23.0,OFFLINE,replay,,88.0
2025-03-06T22:00:00+00:00,AWS-MUM-007,27.5,1010.9,25.0,True,spike,high,89.9,FUSED_CONSENSUS,27.9,1010.0,23.0,OFFLINE,replay,,89.9
2025-03-06T23:00:00+00:00,AWS-MUM-007,27.0,1010.4,23.0,True,spike,high,89.9,FUSED_CONSENSUS,27.1,1009.4,26.0,OFFLINE,replay,,89.9
2025-03-07T00:00:00+00:00,AWS-MUM-007,26.9,1009.6,24.0,True,spike,high,89.9,FUSED_CONSENSUS,26.7,1008.8,25.0,OFFLINE,replay,,89.9
2025-03-07T01:00:00+00:00,AWS-MUM-007,26.7,1009.3,23.0,True,spike,high,89.9,FUSED_CONSENSUS,25.9,1008.5,27.0,OFFLINE,replay,,89.9
2025-03-07T02:00:00+00:00,AWS-MUM-007,26.1,1008.7,23.0,True,spike,high,89.9,FUSED_CONSENSUS,25.0,1007.9,28.0,OFFLINE,replay,,89.9
2025-03-07T03:00:00+00:00,AWS-MUM-007,25.6,1008.4,23.0,True,spike,high,89.9,FUSED_CONSENSUS,24.3,1007.7,28.0,OFFLINE,replay,,89.9
2025-03-07T04:00:00+00:00,AWS-MUM-007,25.3,1008.6,22.0,True,multivariate_inconsistency,high,88.0,FUSED_CONSENSUS,23.9,1007.8,28.0,OFFLINE,replay,,88.0
2025-03-07T05:00:00+00:00,AWS-MUM-007,25.2,1009.1,20.0,True,multivariate_inconsistency,high,88.0,FUSED_CONSENSUS,23.8,1008.3,26.0,OFFLINE,replay,,88.0
2025-03-07T06:00:00+00:00,AWS-MUM-007,24.5,1010.0,22.0,True,spike,high,89.9,FUSED_CONSENSUS,22.1,1009.3,34.0,OFFLINE,replay,,89.9
2025-03-07T07:00:00+00:00,AWS-MUM-007,24.5,1010.9,22.0,True,spike,high,89.9,FUSED_CONSENSUS,22.3,1010.2,35.0,OFFLINE,replay,,89.9
2025-03-07T08:00:00+00:00,AWS-MUM-007,26.3,1011.7,20.0,True,multivariate_inconsistency,high,88.0,FUSED_CONSENSUS,24.5,1011.0,31.0,OFFLINE,replay,,88.0
2025-03-07T09:00:00+00:00,AWS-MUM-007,29.3,1012.2,17.0,True,multivariate_inconsistency,high,88.0,FUSED_CONSENSUS,28.3,1011.4,22.0,OFFLINE,replay,,88.0
2025-03-07T10:00:00+00:00,AWS-MUM-007,32.4,1011.9,15.0,True,multivariate_inconsistency,high,88.0,FUSED_CONSENSUS,32.0,1011.2,17.0,OFFLINE,replay,,88.0
2025-03-07T11:00:00+00:00,AWS-MUM-007,34.9,1011.4,13.0,True,multivariate_inconsistency,high,88.0,FUSED_CONSENSUS,35.0,1010.6,13.0,OFFLINE,replay,,88.0
2025-03-07T12:00:00+00:00,AWS-MUM-007,36.5,1010.1,11.0,True,multivariate_inconsistency,high,88.0,FUSED_CONSENSUS,37.0,1009.3,11.0,OFFLINE,replay,,88.0
2025-03-07T13:00:00+00:00,AWS-MUM-007,36.9,1008.9,12.0,True,multivariate_inconsistency,high,88.0,FUSED_CONSENSUS,38.4,1007.9,10.0,OFFLINE,replay,,88.0
2025-03-07T14:00:00+00:00,AWS-MUM-007,35.7,1007.9,23.0,True,multivariate_inconsistency,high,88.0,FUSED_CONSENSUS,39.5,1006.6,9.0,OFFLINE,replay,,88.0
2025-03-07T15:00:00+00:00,AWS-MUM-007,35.0,1006.8,24.0,True,spike,high,89.9,FUSED_CONSENSUS,39.9,1005.3,9.0,OFFLINE,replay,,89.9
2025-03-07T16:00:00+00:00,AWS-MUM-007,33.3,1006.6,27.0,True,spike,high,89.9,FUSED_CONSENSUS,39.0,1004.8,10.0,OFFLINE,replay,,89.9
2025-03-07T17:00:00+00:00,AWS-MUM-007,31.5,1006.7,34.0,True,spike,high,89.9,FUSED_CONSENSUS,35.9,1004.9,18.0,OFFLINE,replay,,89.9
2025-03-07T18:00:00+00:00,AWS-MUM-007,29.7,1007.1,42.0,True,spike,high,89.9,FUSED_CONSENSUS,33.0,1005.5,24.0,OFFLINE,replay,,89.9
2025-03-07T19:00:00+00:00,AWS-MUM-007,28.8,1007.8,45.0,True,spike,high,89.9,FUSED_CONSENSUS,31.3,1006.5,27.0,OFFLINE,replay,,89.9
2025-03-07T20:00:00+00:00,AWS-MUM-007,28.6,1008.6,40.0,True,multivariate_inconsistency,high,88.0,FUSED_CONSENSUS,30.6,1007.5,26.0,OFFLINE,replay,,88.0
2025-03-07T21:00:00+00:00,AWS-MUM-007,28.3,1009.4,39.0,True,spike,high,89.9,FUSED_CONSENSUS,29.3,1008.5,26.0,OFFLINE,replay,,89.9
2025-03-07T22:00:00+00:00,AWS-MUM-007,27.3,1009.9,36.0,True,spike,high,89.9,FUSED_CONSENSUS,28.5,1008.8,30.0,OFFLINE,replay,,89.9
2025-03-07T23:00:00+00:00,AWS-MUM-007,27.0,1009.8,32.0,True,spike,high,89.9,FUSED_CONSENSUS,27.6,1008.8,30.0,OFFLINE,replay,,89.9
2025-03-08T00:00:00+00:00,AWS-MUM-007,27.2,1009.3,29.0,True,spike,high,89.9,FUSED_CONSENSUS,26.8,1008.3,31.0,OFFLINE,replay,,89.9
2025-03-08T01:00:00+00:00,AWS-MUM-007,26.4,1008.9,32.0,True,spike,high,89.9,FUSED_CONSENSUS,25.8,1007.8,32.0,OFFLINE,replay,,89.9
2025-03-08T02:00:00+00:00,AWS-MUM-007,25.7,1008.1,35.0,True,spike,high,89.9,FUSED_CONSENSUS,25.1,1007.0,34.0,OFFLINE,replay,,89.9
2025-03-08T03:00:00+00:00,AWS-MUM-007,25.2,1007.4,38.11389954354654,True,spike,high,89.9,FUSED_CONSENSUS,23.9,1006.5,37.0,OFFLINE,replay,,89.9
2025-03-08T04:00:00+00:00,AWS-MUM-007,25.0,1007.2,35.29298924765564,True,spike,high,89.9,FUSED_CONSENSUS,22.8,1006.4,41.0,OFFLINE,replay,,89.9
2025-03-08T05:00:00+00:00,AWS-MUM-007,24.8,1007.4,32.50937146668951,True,spike,high,89.9,FUSED_CONSENSUS,22.1,1006.7,44.0,OFFLINE,replay,,89.9
2025-03-08T06:00:00+00:00,AWS-MUM-007,23.6,1008.1,36.75423368609331,True,spike,high,89.9,FUSED_CONSENSUS,20.7,1007.4,52.0,OFFLINE,replay,,89.9
2025-03-08T07:00:00+00:00,AWS-MUM-007,23.5,1008.7,36.022736696548115,True,spike,high,89.9,FUSED_CONSENSUS,21.1,1008.0,53.0,OFFLINE,replay,,89.9
2025-03-08T08:00:00+00:00,AWS-MUM-007,25.7,1009.5,31.311729754520247,True,multivariate_inconsistency,high,88.0,FUSED_CONSENSUS,23.8,1008.8,43.0,OFFLINE,replay,,88.0
2025-03-08T09:00:00+00:00,AWS-MUM-007,29.4,1010.2,25.618963005525483,True,multivariate_inconsistency,high,88.0,FUSED_CONSENSUS,28.5,1009.4,30.0,OFFLINE,replay,,88.0
2025-03-08T10:00:00+00:00,AWS-MUM-007,33.1,1010.1,19.94273243582193,True,multivariate_inconsistency,high,88.0,FUSED_CONSENSUS,33.0,1009.2,19.0,OFFLINE,replay,,88.0
2025-03-08T11:00:00+00:00,AWS-MUM-007,35.3,1009.6,17.281693326735642,True,multivariate_inconsistency,high,88.0,FUSED_CONSENSUS,36.2,1008.6,14.0,OFFLINE,replay,,88.0
2025-03-08T12:00:00+00:00,AWS-MUM-007,36.0,1008.3,18.63475177629732,True,multivariate_inconsistency,high,88.0,FUSED_CONSENSUS,38.3,1007.3,12.0,OFFLINE,replay,,88.0
2025-03-08T13:00:00+00:00,AWS-MUM-007,35.5,1007.3,23.000996849767777,True,multivariate_inconsistency,high,88.0,FUSED_CONSENSUS,39.6,1005.8,11.0,OFFLINE,replay,,88.0
2025-03-08T14:00:00+00:00,AWS-MUM-007,34.4,1006.4,28.379655736543697,True,spike,high,89.9,FUSED_CONSENSUS,39.6,1004.6,12.0,OFFLINE,replay,,89.9
2025-03-08T15:00:00+00:00,AWS-MUM-007,33.5,1005.6,33.77006280111269,True,spike,high,89.9,FUSED_CONSENSUS,38.1,1003.8,16.0,OFFLINE,replay,,89.9
2025-03-08T16:00:00+00:00,AWS-MUM-007,32.5,1005.5,39.171637463314994,True,spike,high,89.9,FUSED_CONSENSUS,36.7,1003.8,19.0,OFFLINE,replay,,89.9
2025-03-08T17:00:00+00:00,AWS-MUM-007,31.2,1005.7,43.58386792637263,True,spike,high,89.9,FUSED_CONSENSUS,35.2,1004.1,21.0,OFFLINE,replay,,89.9
2025-03-08T18:00:00+00:00,AWS-MUM-007,29.3,1006.0,53.00629891318312,True,spike,high,89.9,FUSED_CONSENSUS,32.8,1004.6,26.0,OFFLINE,replay,,89.9
2025-03-08T19:00:00+00:00,AWS-MUM-007,28.2,1006.4,61.43852223072101,True,multivariate_inconsistency,high,88.0,FUSED_CONSENSUS,31.0,1005.2,31.0,OFFLINE,replay,,88.0
2025-03-08T20:00:00+00:00,AWS-MUM-007,28.2,1007.2,56.88016937990837,True,spike,high,89.1,FUSED_CONSENSUS,30.1,1006.1,32.0,OFFLINE,replay,,89.1
2025-03-08T21:00:00+00:00,AWS-MUM-007,27.6,1007.8,58.33090567696647,True,spike,high,88.2,FUSED_CONSENSUS,28.6,1006.8,34.0,OFFLINE,replay,,88.2
2025-03-08T22:00:00+00:00,AWS-MUM-007,27.0,1008.2,63.79042551280479,True,multivariate_inconsistency,high,88.0,FUSED_CONSENSUS,27.4,1007.5,35.0,OFFLINE,replay,,88.0
2025-03-08T23:00:00+00:00,AWS-MUM-007,26.3,1008.5,63.258448483562674,True,multivariate_inconsistency,high,88.0,FUSED_CONSENSUS,26.9,1007.5,34.0,OFFLINE,replay,,88.0
2025-03-09T00:00:00+00:00,AWS-MUM-007,25.4,1008.0,62.734716197885085,True,multivariate_inconsistency,high,88.0,FUSED_CONSENSUS,25.7,1007.1,37.0,OFFLINE,replay,,88.0
2025-03-09T01:00:00+00:00,AWS-MUM-007,24.8,1007.8,64.21898961686563,True,multivariate_inconsistency,high,88.0,FUSED_CONSENSUS,24.7,1006.9,41.0,OFFLINE,replay,,88.0
2025-03-09T02:00:00+00:00,AWS-MUM-007,24.6,1007.2,61.71104681825652,True,multivariate_inconsistency,high,88.0,FUSED_CONSENSUS,23.8,1006.3,47.0,OFFLINE,replay,,88.0
2025-03-09T03:00:00+00:00,AWS-MUM-007,24.2,1006.8,64.2106811022471,True,multivariate_inconsistency,high,88.0,FUSED_CONSENSUS,23.0,1005.9,55.0,OFFLINE,replay,,88.0
2025-03-09T04:00:00+00:00,AWS-MUM-007,23.7,1006.8,64.71769937492718,True,multivariate_inconsistency,high,88.0,FUSED_CONSENSUS,22.4,1006.0,57.0,OFFLINE,replay,,88.0
2025-03-09T05:00:00+00:00,AWS-MUM-007,22.9,1007.0,68.23192075951944,True,spike,high,88.1,FUSED_CONSENSUS,22.2,1006.3,58.0,OFFLINE,replay,,88.1
2025-03-09T06:00:00+00:00,AWS-MUM-007,23.1,1007.5,67.75317539596969,True,multivariate_inconsistency,high,88.0,FUSED_CONSENSUS,22.0,1006.8,62.0,OFFLINE,replay,,88.0
2025-03-09T07:00:00+00:00,AWS-MUM-007,23.4,1008.3,64.28130339747977,True,multivariate_inconsistency,high,88.0,FUSED_CONSENSUS,22.3,1007.6,62.0,OFFLINE,replay,,88.0
2025-03-09T08:00:00+00:00,AWS-MUM-007,26.2,1009.3,56.8161539387176,True,multivariate_inconsistency,high,88.0,FUSED_CONSENSUS,24.8,1008.5,51.0,OFFLINE,replay,,88.0
2025-03-09T09:00:00+00:00,AWS-MUM-007,29.4,1009.9,48.35758445522029,True,multivariate_inconsistency,high,88.0,FUSED_CONSENSUS,28.9,1009.1,38.0,OFFLINE,replay,,88.0
2025-03-09T10:00:00+00:00,AWS-MUM-007,32.5,1009.8,41.90545993725488,True,multivariate_inconsistency,high,88.0,FUSED_CONSENSUS,33.0,1008.9,26.0,OFFLINE,replay,,88.0
2025-03-09T11:00:00+00:00,AWS-MUM-007,34.9,1009.4,37.45965230436839,True,multivariate_inconsistency,high,88.0,FUSED_CONSENSUS,36.6,1008.4,18.0,OFFLINE,replay,,88.0
2025-03-09T12:00:00+00:00,AWS-MUM-007,35.6,1008.4,42.0200398492251,False,spike,low,34.2,NORMAL,39.0,1007.3,13.0,OFFLINE,replay,,34.2
2025-03-09T13:00:00+00:00,AWS-MUM-007,35.1,1007.4,48.586506741230046,False,spike,low,34.2,NORMAL,40.2,1006.1,11.0,OFFLINE,replay,,34.2
2025-03-09T14:00:00+00:00,AWS-MUM-007,34.5,1006.6,51.1589425819768,True,spike,high,89.9,FUSED_CONSENSUS,40.4,1005.0,11.0,OFFLINE,replay,,89.9
2025-03-09T15:00:00+00:00,AWS-MUM-007,33.6,1005.8,53.73724200581088,True,spike,high,89.9,FUSED_CONSENSUS,39.7,1004.1,15.0,OFFLINE,replay,,89.9
2025-03-09T16:00:00+00:00,AWS-MUM-007,32.8,1005.7,56.32130431982746,True,spike,high,89.5,FUSED_CONSENSUS,37.5,1004.0,22.0,OFFLINE,replay,,89.5
2025-03-09T17:00:00+00:00,AWS-MUM-007,31.0,1005.8,65.91103317846905,True,spike,high,85.1,FUSED_CONSENSUS,35.7,1004.2,23.0,OFFLINE,replay,,85.1
2025-03-09T18:00:00+00:00,AWS-MUM-007,28.7,1006.7,83.50633628859109,False,,low,0.0,NORMAL,32.9,1005.2,34.0,OFFLINE,replay,,0.0
2025-03-09T19:00:00+00:00,AWS-MUM-007,27.6,1007.3,90.107125141448,False,,low,0.0,NORMAL,31.1,1006.2,40.0,HEALTHY,replay,,0.0
2025-03-09T20:00:00+00:00,AWS-MUM-007,27.5,1008.6,85.71331476854277,False,,low,0.0,NORMAL,30.7,1007.7,36.0,OFFLINE,replay,,0.0
2025-03-09T21:00:00+00:00,AWS-MUM-007,28.1,1009.9,73.32482351869453,True,spike,high,85.2,FUSED_CONSENSUS,29.8,1008.9,38.0,OFFLINE,replay,,85.2
2025-03-09T22:00:00+00:00,AWS-MUM-007,27.7,1010.3,68.94157285402734,True,spike,high,87.9,FUSED_CONSENSUS,29.0,1009.3,38.0,OFFLINE,replay,,87.9
2025-03-09T23:00:00+00:00,AWS-MUM-007,27.3,1010.0,46.0,True,spike,high,89.9,FUSED_CONSENSUS,28.3,1009.2,38.0,OFFLINE,replay,,89.9
2025-03-10T00:00:00+00:00,AWS-MUM-007,27.2,1009.8,42.0,True,spike,high,89.9,FUSED_CONSENSUS,27.7,1008.7,40.0,OFFLINE,replay,,89.9
2025-03-10T01:00:00+00:00,AWS-MUM-007,26.6,1009.0,43.0,True,spike,high,89.9,FUSED_CONSENSUS,27.0,1008.0,40.0,OFFLINE,replay,,89.9
2025-03-10T02:00:00+00:00,AWS-MUM-007,26.2,1008.3,45.0,True,spike,high,89.9,FUSED_CONSENSUS,26.6,1007.4,40.0,OFFLINE,replay,,89.9
2025-03-10T03:00:00+00:00,AWS-MUM-007,26.1,1007.7,44.0,True,spike,high,89.9,FUSED_CONSENSUS,26.1,1006.8,39.0,OFFLINE,replay,,89.9
2025-03-10T04:00:00+00:00,AWS-MUM-007,25.2,1007.8,41.0,True,spike,high,89.9,FUSED_CONSENSUS,24.9,1006.9,43.0,OFFLINE,replay,,89.9
2025-03-10T05:00:00+00:00,AWS-MUM-007,25.5,1007.9,38.0,True,spike,high,89.9,FUSED_CONSENSUS,24.1,1007.1,47.0,OFFLINE,replay,,89.9
2025-03-10T06:00:00+00:00,AWS-MUM-007,24.3,1009.0,47.0,True,spike,high,89.9,FUSED_CONSENSUS,23.3,1008.2,55.0,OFFLINE,replay,,89.9
2025-03-10T07:00:00+00:00,AWS-MUM-007,25.0,1009.9,45.0,False,multivariate_inconsistency,low,45.0,NORMAL,23.6,1009.2,52.0,OFFLINE,replay,,45.0
2025-03-10T08:00:00+00:00,AWS-MUM-007,27.5,1010.6,38.0,False,multivariate_inconsistency,low,45.0,NORMAL,26.3,1010.0,42.0,OFFLINE,replay,,45.0
2025-03-10T09:00:00+00:00,AWS-MUM-007,31.0,1011.2,30.0,False,multivariate_inconsistency,low,45.0,NORMAL,31.1,1010.4,29.0,OFFLINE,replay,,45.0
2025-03-10T10:00:00+00:00,AWS-MUM-007,34.8,1011.3,23.0,False,multivariate_inconsistency,low,45.0,NORMAL,35.5,1010.4,20.0,OFFLINE,replay,,45.0
2025-03-10T11:00:00+00:00,AWS-MUM-007,36.8,1010.8,20.0,False,multivariate_inconsistency,low,45.0,NORMAL,38.5,1009.7,17.0,OFFLINE,replay,,45.0
2025-03-10T12:00:00+00:00,AWS-MUM-007,38.6,1009.9,17.0,False,multivariate_inconsistency,low,45.0,NORMAL,40.6,1008.7,13.0,OFFLINE,replay,,45.0
2025-03-10T13:00:00+00:00,AWS-MUM-007,39.0,1008.6,18.0,False,multivariate_inconsistency,low,45.0,NORMAL,41.7,1007.3,12.0,OFFLINE,replay,,45.0
2025-03-10T14:00:00+00:00,AWS-MUM-007,38.0,1007.7,20.0,True,spike,high,89.9,FUSED_CONSENSUS,42.3,1006.1,11.0,OFFLINE,replay,,89.9
2025-03-10T15:00:00+00:00,AWS-MUM-007,36.2,1007.0,22.0,True,spike,high,89.9,FUSED_CONSENSUS,41.9,1005.4,11.0,OFFLINE,replay,,89.9
2025-03-10T16:00:00+00:00,AWS-MUM-007,34.9,1006.9,26.0,True,spike,high,89.9,FUSED_CONSENSUS,39.0,1005.8,17.0,OFFLINE,replay,,89.9
2025-03-10T17:00:00+00:00,AWS-MUM-007,33.5,1007.6,33.0,True,spike,high,89.9,FUSED_CONSENSUS,35.3,1006.2,24.0,OFFLINE,replay,,89.9
2025-03-10T18:00:00+00:00,AWS-MUM-007,32.0,1008.1,38.0,True,spike,high,89.9,FUSED_CONSENSUS,33.6,1007.0,28.0,OFFLINE,replay,,89.9
2025-03-10T19:00:00+00:00,AWS-MUM-007,30.9,1009.1,41.0,True,spike,high,89.9,FUSED_CONSENSUS,32.2,1008.2,35.0,OFFLINE,replay,,89.9
2025-03-10T20:00:00+00:00,AWS-MUM-007,30.5,1010.3,42.0,True,spike,high,89.9,FUSED_CONSENSUS,31.3,1009.2,37.0,OFFLINE,replay,,89.9
2025-03-10T21:00:00+00:00,AWS-MUM-007,30.0,1010.9,41.0,True,spike,high,89.9,FUSED_CONSENSUS,30.3,1010.0,40.0,OFFLINE,replay,,89.9
2025-03-10T22:00:00+00:00,AWS-MUM-007,29.5,1011.0,40.0,True,spike,high,89.9,FUSED_CONSENSUS,29.5,1010.1,42.0,OFFLINE,replay,,89.9
2025-03-10T23:00:00+00:00,AWS-MUM-007,29.2,1010.8,37.0,True,spike,high,89.9,FUSED_CONSENSUS,28.8,1010.0,43.0,OFFLINE,replay,,89.9
2025-03-11T00:00:00+00:00,AWS-MUM-007,28.4,1010.4,39.0,True,spike,high,89.9,FUSED_CONSENSUS,28.1,1009.5,48.0,OFFLINE,replay,,89.9
2025-03-11T01:00:00+00:00,AWS-MUM-007,27.9,1009.8,42.0,True,spike,high,89.9,FUSED_CONSENSUS,27.4,1009.0,47.0,OFFLINE,replay,,89.9
2025-03-11T02:00:00+00:00,AWS-MUM-007,27.3,999.1749528499968,43.0,True,spike,high,89.9,FUSED_CONSENSUS,26.9,1008.3,46.0,OFFLINE,replay,,89.9
2025-03-11T03:00:00+00:00,AWS-MUM-007,26.4,1006.9126318623618,46.0,True,spike,high,89.9,FUSED_CONSENSUS,26.3,1008.1,48.0,OFFLINE,replay,,89.9
2025-03-11T04:00:00+00:00,AWS-MUM-007,26.0,1008.5374410796624,46.0,True,spike,high,89.9,FUSED_CONSENSUS,25.4,1008.0,48.0,OFFLINE,replay,,89.9
2025-03-11T05:00:00+00:00,AWS-MUM-007,25.6,1009.0303532956316,48.0,False,multivariate_inconsistency,low,45.0,NORMAL,25.4,1008.3,47.0,OFFLINE,replay,,45.0
2025-03-11T06:00:00+00:00,AWS-MUM-007,25.7,1010.0866210341072,51.0,True,spike,high,89.9,FUSED_CONSENSUS,25.4,1009.4,47.0,OFFLINE,replay,,89.9
2025-03-11T07:00:00+00:00,AWS-MUM-007,26.4,1011.3,51.0,False,multivariate_inconsistency,low,45.0,NORMAL,25.9,1010.4,44.0,OFFLINE,replay,,45.0
2025-03-11T08:00:00+00:00,AWS-MUM-007,28.2,1012.4,49.0,False,multivariate_inconsistency,low,45.0,NORMAL,28.5,1011.5,38.0,OFFLINE,replay,,45.0
2025-03-11T09:00:00+00:00,AWS-MUM-007,31.3,1013.2,39.0,False,multivariate_inconsistency,low,45.0,NORMAL,32.3,1012.2,31.0,OFFLINE,replay,,45.0
2025-03-11T10:00:00+00:00,AWS-MUM-007,34.2,1004.2868298735044,30.0,False,multivariate_inconsistency,low,45.0,NORMAL,35.9,1012.0,25.0,OFFLINE,replay,,45.0
2025-03-11T11:00:00+00:00,AWS-MUM-007,36.4,1010.7248040233616,25.0,False,multivariate_inconsistency,low,45.0,NORMAL,38.5,1011.2,20.0,OFFLINE,replay,,45.0
2025-03-11T12:00:00+00:00,AWS-MUM-007,37.4,1010.9851533718846,23.0,False,multivariate_inconsistency,low,45.0,NORMAL,40.3,1009.9,16.0,OFFLINE,replay,,45.0
2025-03-11T13:00:00+00:00,AWS-MUM-007,37.2,1009.8,26.0,False,multivariate_inconsistency,low,45.0,NORMAL,40.9,1008.2,15.0,OFFLINE,replay,,45.0
2025-03-11T14:00:00+00:00,AWS-MUM-007,36.2,1008.9,30.0,True,spike,high,89.9,FUSED_CONSENSUS,41.3,1007.1,14.0,OFFLINE,replay,,89.9
2025-03-11T15:00:00+00:00,AWS-MUM-007,34.9,1008.0,34.0,True,spike,high,89.9,FUSED_CONSENSUS,40.0,1006.5,18.0,OFFLINE,replay,,89.9
2025-03-11T16:00:00+00:00,AWS-MUM-007,34.2,1007.6,38.0,True,spike,high,89.9,FUSED_CONSENSUS,36.5,1006.3,27.0,OFFLINE,replay,,89.9
2025-03-11T17:00:00+00:00,AWS-MUM-007,32.7,1007.9,45.0,True,spike,high,89.9,FUSED_CONSENSUS,35.5,1006.6,29.0,OFFLINE,replay,,89.9
2025-03-11T18:00:00+00:00,AWS-MUM-007,30.5,1008.8,55.0,True,spike,high,89.9,FUSED_CONSENSUS,32.5,1007.7,42.0,OFFLINE,replay,,89.9
2025-03-11T19:00:00+00:00,AWS-MUM-007,29.4,1009.8,63.0,True,spike,high,89.9,FUSED_CONSENSUS,31.0,1008.9,49.0,OFFLINE,replay,,89.9
2025-03-11T20:00:00+00:00,AWS-MUM-007,29.2,1010.9,62.0,True,spike,high,89.9,FUSED_CONSENSUS,30.4,1010.0,51.0,OFFLINE,replay,,89.9
2025-03-11T21:00:00+00:00,AWS-MUM-007,29.0,1011.7,60.0,True,spike,high,89.9,FUSED_CONSENSUS,29.9,1010.8,54.0,OFFLINE,replay,,89.9
2025-03-11T22:00:00+00:00,AWS-MUM-007,28.9,1011.7,57.0,True,spike,high,89.9,FUSED_CONSENSUS,29.2,1010.8,56.0,OFFLINE,replay,,89.9
2025-03-11T23:00:00+00:00,AWS-MUM-007,28.6,1011.4,55.0,False,multivariate_inconsistency,low,45.0,NORMAL,28.8,1010.5,54.0,OFFLINE,replay,,45.0
2025-03-12T00:00:00+00:00,AWS-MUM-007,28.1,1010.8,54.0,True,spike,high,89.9,FUSED_CONSENSUS,28.4,1009.7,56.0,OFFLINE,replay,,89.9
2025-03-12T01:00:00+00:00,AWS-MUM-007,27.4,1010.1,56.0,True,spike,high,89.9,FUSED_CONSENSUS,27.7,1009.1,58.0,OFFLINE,replay,,89.9
2025-03-12T02:00:00+00:00,AWS-MUM-007,26.8,1009.2,58.0,True,spike,high,89.9,FUSED_CONSENSUS,26.9,1008.3,60.0,OFFLINE,replay,,89.9
2025-03-12T03:00:00+00:00,AWS-MUM-007,26.6,1008.7,59.0,True,spike,high,89.9,FUSED_CONSENSUS,26.4,1007.9,60.0,OFFLINE,replay,,89.9
2025-03-12T04:00:00+00:00,AWS-MUM-007,26.0,1008.5,63.0,True,spike,high,89.9,FUSED_CONSENSUS,25.6,1007.6,61.0,OFFLINE,replay,,89.9
2025-03-12T05:00:00+00:00,AWS-MUM-007,25.4,1009.0,65.0,True,spike,high,89.9,FUSED_CONSENSUS,24.9,1008.1,63.0,OFFLINE,replay,,89.9
2025-03-12T06:00:00+00:00,AWS-MUM-007,25.1,1009.9,62.0,True,spike,high,89.9,FUSED_CONSENSUS,24.8,1009.1,63.0,OFFLINE,replay,,89.9
2025-03-12T07:00:00+00:00,AWS-MUM-007,25.8,1010.3,55.0,False,multivariate_inconsistency,low,45.0,NORMAL,24.8,1009.6,62.0,OFFLINE,replay,,45.0
2025-03-12T08:00:00+00:00,AWS-MUM-007,28.2,1011.0,45.0,False,multivariate_inconsistency,low,45.0,NORMAL,27.3,1010.3,52.0,OFFLINE,replay,,45.0
2025-03-12T09:00:00+00:00,AWS-MUM-007,31.5,1011.1,35.0,False,multivariate_inconsistency,low,45.0,NORMAL,30.9,1010.3,39.0,OFFLINE,replay,,45.0
2025-03-12T10:00:00+00:00,AWS-MUM-007,34.4,1011.3,28.0,False,multivariate_inconsistency,low,45.0,NORMAL,34.6,1010.3,28.0,OFFLINE,replay,,45.0
2025-03-12T11:00:00+00:00,AWS-MUM-007,34.428209521699465,1010.6,24.0,False,multivariate_inconsistency,low,45.0,NORMAL,37.2,1009.6,22.0,OFFLINE,replay,,45.0
2025-03-12T12:00:00+00:00,AWS-MUM-007,34.35665566433665,1009.5,24.0,False,multivariate_inconsistency,low,45.0,NORMAL,39.4,1008.4,18.0,OFFLINE,replay,,45.0
2025-03-12T13:00:00+00:00,AWS-MUM-007,34.31937242195082,1008.4,26.0,False,multivariate_inconsistency,low,45.0,NORMAL,40.5,1006.9,15.0,OFFLINE,replay,,45.0
2025-03-12T14:00:00+00:00,AWS-MUM-007,34.37072758766829,1007.7,26.0,True,spike,high,89.9,FUSED_CONSENSUS,40.8,1006.0,15.0,OFFLINE,replay,,89.9
2025-03-12T15:00:00+00:00,AWS-MUM-007,34.36254072577874,1006.7,30.0,True,spike,high,89.9,FUSED_CONSENSUS,39.2,1005.2,19.0,OFFLINE,replay,,89.9
2025-03-12T16:00:00+00:00,AWS-MUM-007,34.34195892363896,1006.4,36.0,True,spike,high,89.9,FUSED_CONSENSUS,37.6,1004.9,22.0,OFFLINE,replay,,89.9
2025-03-12T17:00:00+00:00,AWS-MUM-007,32.0,1006.4,47.0,True,spike,high,89.9,FUSED_CONSENSUS,36.1,1004.9,25.0,OFFLINE,replay,,89.9
2025-03-12T18:00:00+00:00,AWS-MUM-007,30.0,1007.2,63.0,True,spike,high,89.9,FUSED_CONSENSUS,32.8,1006.0,37.0,OFFLINE,replay,,89.9
2025-03-12T19:00:00+00:00,AWS-MUM-007,29.1,1007.9,67.0,True,spike,high,89.1,FUSED_CONSENSUS,31.1,1006.8,48.0,OFFLINE,replay,,89.1
2025-03-12T20:00:00+00:00,AWS-MUM-007,28.7,1008.9,71.0,True,spike,high,86.7,FUSED_CONSENSUS,30.1,1008.1,55.0,OFFLINE,replay,,86.7
2025-03-12T21:00:00+00:00,AWS-MUM-007,28.9,1010.0,66.0,True,spike,high,89.7,FUSED_CONSENSUS,29.2,1009.0,59.0,OFFLINE,replay,,89.7
2025-03-12T22:00:00+00:00,AWS-MUM-007,28.4,1010.3,66.0,True,spike,high,89.7,FUSED_CONSENSUS,28.5,1009.3,61.0,OFFLINE,replay,,89.7
2025-03-12T23:00:00+00:00,AWS-MUM-007,27.9,1010.2,69.0,True,spike,high,87.9,FUSED_CONSENSUS,27.8,1009.2,64.0,OFFLINE,replay,,87.9
2025-03-13T00:00:00+00:00,AWS-MUM-007,-39.92714812202488,1009.8,74.0,False,multivariate_inconsistency,low,45.0,NORMAL,27.2,1008.8,64.0,OFFLINE,replay,,45.0
2025-03-13T01:00:00+00:00,AWS-MUM-007,-39.89270774690042,1009.4,72.0,True,spike,high,86.1,FUSED_CONSENSUS,26.6,1008.4,62.0,OFFLINE,replay,,86.1
2025-03-13T02:00:00+00:00,AWS-MUM-007,-40.10157931588358,1008.6,77.0,False,multivariate_inconsistency,low,45.0,NORMAL,26.2,1007.6,68.0,OFFLINE,replay,,45.0
2025-03-13T03:00:00+00:00,AWS-MUM-007,-39.96409062956364,1008.3,80.0,False,multivariate_inconsistency,low,45.0,NORMAL,25.7,1007.4,70.0,OFFLINE,replay,,45.0
2025-03-13T04:00:00+00:00,AWS-MUM-007,25.4,1008.2,84.0,False,,low,0.0,NORMAL,25.3,1007.3,75.0,OFFLINE,replay,,0.0
2025-03-13T05:00:00+00:00,AWS-MUM-007,25.0,1008.2,82.0,False,,low,0.0,NORMAL,24.7,1007.5,74.0,OFFLINE,replay,,0.0
2025-03-13T06:00:00+00:00,AWS-MUM-007,24.8,1008.9,81.0,False,multivariate_inconsistency,low,45.0,NORMAL,25.0,1008.2,70.0,OFFLINE,replay,,45.0
2025-03-13T07:00:00+00:00,AWS-MUM-007,25.4,1009.5,72.0,False,multivariate_inconsistency,low,45.0,NORMAL,25.3,1008.7,67.0,OFFLINE,replay,,45.0
2025-03-13T08:00:00+00:00,AWS-MUM-007,28.0,1010.3,58.0,False,multivariate_inconsistency,low,45.0,NORMAL,27.6,1009.4,56.0,OFFLINE,replay,,45.0
2025-03-13T09:00:00+00:00,AWS-MUM-007,31.3,1010.8,43.0,False,multivariate_inconsistency,low,45.0,NORMAL,31.3,1009.9,42.0,OFFLINE,replay,,45.0
2025-03-13T10:00:00+00:00,AWS-MUM-007,33.9,1010.9,33.0,False,multivariate_inconsistency,low,45.0,NORMAL,34.9,1009.7,30.0,OFFLINE,replay,,45.0
2025-03-13T11:00:00+00:00,AWS-MUM-007,34.2,1010.5,38.0,False,multivariate_inconsistency,low,45.0,NORMAL,37.5,1009.1,22.0,OFFLINE,replay,,45.0
2025-03-13T12:00:00+00:00,AWS-MUM-007,33.8,1009.5,40.0,False,multivariate_inconsistency,low,45.0,NORMAL,39.2,1007.9,20.0,OFFLINE,replay,,45.0
2025-03-13T13:00:00+00:00,AWS-MUM-007,34.2,1008.2,38.0,True,spike,high,89.9,FUSED_CONSENSUS,38.6,1006.7,26.0,OFFLINE,replay,,89.9
2025-03-13T14:00:00+00:00,AWS-MUM-007,34.2,1007.1,40.0,True,spike,high,89.9,FUSED_CONSENSUS,38.0,1005.5,27.0,OFFLINE,replay,,89.9
2025-03-13T15:00:00+00:00,AWS-MUM-007,33.7,1006.4,43.0,True,spike,high,89.9,FUSED_CONSENSUS,37.3,1004.8,28.0,OFFLINE,replay,,89.9
2025-03-13T16:00:00+00:00,AWS-MUM-007,32.8,1006.0,48.0,True,spike,high,89.9,FUSED_CONSENSUS,36.4,1004.5,30.0,OFFLINE,replay,,89.9
2025-03-13T17:00:00+00:00,AWS-MUM-007,31.9,1006.2,51.0,True,spike,high,89.9,FUSED_CONSENSUS,35.3,1004.7,32.0,OFFLINE,replay,,89.9
2025-03-13T18:00:00+00:00,AWS-MUM-007,30.1,1006.9,61.0,True,spike,high,89.9,FUSED_CONSENSUS,32.3,1005.6,46.0,OFFLINE,replay,,89.9
2025-03-13T19:00:00+00:00,AWS-MUM-007,29.0,1007.3,69.0,True,spike,high,87.9,FUSED_CONSENSUS,30.5,1006.1,53.0,OFFLINE,replay,,87.9
2025-03-13T20:00:00+00:00,AWS-MUM-007,35.44506037108924,1001.440807292914,55.99129780299012,True,spike,high,89.9,FUSED_CONSENSUS,29.4,1007.2,58.0,OFFLINE,replay,,89.9
2025-03-13T21:00:00+00:00,AWS-MUM-007,34.96785122827614,1002.3791733925766,60.25469612763614,True,spike,high,89.9,FUSED_CONSENSUS,28.4,1007.9,65.0,OFFLINE,replay,,89.9
2025-03-13T22:00:00+00:00,AWS-MUM-007,21.68240847672897,1017.4712361675593,53.4844281241016,True,spike,high,89.9,FUSED_CONSENSUS,27.7,1008.2,71.0,OFFLINE,replay,,89.9
2025-03-13T23:00:00+00:00,AWS-MUM-007,34.73966605076824,1001.3617795902494,85.56405804342975,True,spike,high,88.0,FUSED_CONSENSUS,27.1,1008.5,76.0,OFFLINE,replay,,88.0
2025-03-14T00:00:00+00:00,AWS-MUM-007,21.58705064262749,1015.7741846258494,49.37106034804344,True,spike,high,89.9,FUSED_CONSENSUS,26.3,1008.3,81.0,OFFLINE,replay,,89.9
2025-03-14T01:00:00+00:00,AWS-MUM-007,20.02281002513345,1016.049242338784,81.89497560751455,True,spike,high,85.4,FUSED_CONSENSUS,26.0,1007.9,85.0,OFFLINE,replay,,85.4
2025-03-14T02:00:00+00:00,AWS-MUM-007,25.8,1008.3,64.0,True,spike,high,89.9,FUSED_CONSENSUS,25.3,1007.4,85.0,OFFLINE,replay,,89.9
2025-03-14T03:00:00+00:00,AWS-MUM-007,25.0,1008.1,69.0,True,spike,high,87.9,FUSED_CONSENSUS,24.5,1007.1,86.0,OFFLINE,replay,,87.9
2025-03-14T04:00:00+00:00,AWS-MUM-007,25.0,1008.2,71.0,True,spike,high,86.7,FUSED_CONSENSUS,23.9,1007.3,87.0,OFFLINE,replay,,86.7
2025-03-14T05:00:00+00:00,AWS-MUM-007,24.5,1008.4,73.0,True,spike,high,85.4,FUSED_CONSENSUS,23.5,1007.5,86.0,OFFLINE,replay,,85.4
2025-03-14T06:00:00+00:00,AWS-MUM-007,24.3,1009.6,93.0,False,,low,0.0,NORMAL,23.8,1008.7,93.0,OFFLINE,replay,,0.0
2025-03-14T07:00:00+00:00,AWS-MUM-007,24.9,1010.1,91.0,False,,low,0.0,NORMAL,24.6,1009.3,88.0,OFFLINE,replay,,0.0
2025-03-14T08:00:00+00:00,AWS-MUM-007,27.6,1011.1,72.0,False,multivariate_inconsistency,low,45.0,NORMAL,27.4,1010.2,74.0,OFFLINE,replay,,45.0
2025-03-14T09:00:00+00:00,AWS-MUM-007,30.5,1011.8,54.0,False,multivariate_inconsistency,low,45.0,NORMAL,30.4,1010.9,56.0,OFFLINE,replay,,45.0
2025-03-14T10:00:00+00:00,AWS-MUM-007,32.4,1011.7,47.0,False,multivariate_inconsistency,low,45.0,NORMAL,33.4,1010.6,42.0,OFFLINE,replay,,45.0
2025-03-14T11:00:00+00:00,AWS-MUM-007,33.3,1011.2,48.0,False,spike,low,34.2,NORMAL,36.2,1009.9,29.0,OFFLINE,replay,,34.2
2025-03-14T12:00:00+00:00,AWS-MUM-007,33.8,1010.1,47.0,False,spike,low,34.2,NORMAL,38.5,1008.7,22.0,OFFLINE,replay,,34.2
2025-03-14T13:00:00+00:00,AWS-MUM-007,34.3,1009.0,41.0,True,spike,high,89.9,FUSED_CONSENSUS,38.9,1007.4,23.0,OFFLINE,replay,,89.9
2025-03-14T14:00:00+00:00,AWS-MUM-007,,1007.9,32.0,True,spike,critical,100.0,RULE_ENGINE_BYPASS,38.8,1006.2,23.0,OFFLINE,replay,,100.0
2025-03-14T15:00:00+00:00,AWS-MUM-007,34.6,1007.1,28.0,True,spike,high,87.7,FUSED_CONSENSUS,38.4,1005.5,19.0,OFFLINE,replay,,87.7
2025-03-14T16:00:00+00:00,AWS-MUM-007,33.9,1006.9,30.0,True,spike,high,86.4,FUSED_CONSENSUS,37.9,1005.1,16.0,OFFLINE,replay,,86.4
2025-03-14T17:00:00+00:00,AWS-MUM-007,32.7,1007.0,35.0,False,multivariate_inconsistency,low,45.0,NORMAL,36.6,1005.4,16.0,OFFLINE,replay,,45.0
2025-03-14T18:00:00+00:00,AWS-MUM-007,30.5,1007.7,46.0,True,spike,high,89.9,FUSED_CONSENSUS,33.9,1006.3,23.0,OFFLINE,replay,,89.9
2025-03-14T19:00:00+00:00,AWS-MUM-007,29.4,1008.1,54.0,True,spike,high,89.9,FUSED_CONSENSUS,32.0,1006.9,28.0,OFFLINE,replay,,89.9
2025-03-14T20:00:00+00:00,AWS-MUM-007,29.1,1008.8,52.0,True,spike,high,89.9,FUSED_CONSENSUS,31.0,1007.7,31.0,OFFLINE,replay,,89.9
2025-03-14T21:00:00+00:00,AWS-MUM-007,28.5,1009.3,55.0,True,spike,high,89.9,FUSED_CONSENSUS,29.9,1008.4,33.0,OFFLINE,replay,,89.9
2025-03-14T22:00:00+00:00,AWS-MUM-007,27.8,1020.1063257972636,60.0,True,spike,high,89.9,FUSED_CONSENSUS,29.0,1008.8,36.0,OFFLINE,replay,,89.9
2025-03-14T23:00:00+00:00,AWS-MUM-007,27.3,1009.8,63.0,True,spike,high,89.9,FUSED_CONSENSUS,27.8,1009.0,36.0,OFFLINE,replay,,89.9
2025-03-15T00:00:00+00:00,AWS-MUM-007,26.9,1009.6,63.0,True,spike,high,89.9,FUSED_CONSENSUS,27.1,1008.7,37.0,OFFLINE,replay,,89.9
2025-03-15T01:00:00+00:00,AWS-MUM-007,26.4,1009.1,64.0,True,spike,high,89.9,FUSED_CONSENSUS,25.8,1008.3,45.0,OFFLINE,replay,,89.9
2025-03-15T02:00:00+00:00,AWS-MUM-007,25.9,1008.8,65.0,True,spike,high,89.9,FUSED_CONSENSUS,25.0,1008.0,50.0,OFFLINE,replay,,89.9
2025-03-15T03:00:00+00:00,AWS-MUM-007,25.3,1008.3,66.0,True,spike,high,89.7,FUSED_CONSENSUS,24.4,1007.5,51.0,OFFLINE,replay,,89.7
2025-03-15T04:00:00+00:00,AWS-MUM-007,25.2,1008.1,65.0,True,spike,high,89.9,FUSED_CONSENSUS,23.9,1007.4,55.0,OFFLINE,replay,,89.9
2025-03-15T05:00:00+00:00,AWS-MUM-007,24.8,1008.5,66.0,True,spike,high,89.7,FUSED_CONSENSUS,23.2,1007.7,60.0,OFFLINE,replay,,89.7
2025-03-15T06:00:00+00:00,AWS-MUM-007,25.0,1009.6,75.0,False,multivariate_inconsistency,low,45.0,NORMAL,23.8,1008.9,60.0,OFFLINE,replay,,45.0
2025-03-15T07:00:00+00:00,AWS-MUM-007,25.1,1010.3,71.0,False,multivariate_inconsistency,low,45.0,NORMAL,24.4,1009.5,58.0,OFFLINE,replay,,45.0
2025-03-15T08:00:00+00:00,AWS-MUM-007,27.3,1011.1,59.0,False,multivariate_inconsistency,low,45.0,NORMAL,26.8,1010.2,50.0,OFFLINE,replay,,45.0
2025-03-15T09:00:00+00:00,AWS-MUM-007,30.5,1011.6,44.0,False,multivariate_inconsistency,low,45.0,NORMAL,30.4,1010.7,40.0,OFFLINE,replay,,45.0
2025-03-15T10:00:00+00:00,AWS-MUM-007,33.3,1011.8,32.0,False,multivariate_inconsistency,low,45.0,NORMAL,33.8,1010.8,27.0,OFFLINE,replay,,45.0
2025-03-15T11:00:00+00:00,AWS-MUM-007,35.1,1011.1,27.0,False,multivariate_inconsistency,low,45.0,NORMAL,36.4,1010.0,20.0,OFFLINE,replay,,45.0
2025-03-15T12:00:00+00:00,AWS-MUM-007,35.5,1010.3,30.0,False,multivariate_inconsistency,low,45.0,NORMAL,38.4,1009.1,16.0,OFFLINE,replay,,45.0
2025-03-15T13:00:00+00:00,AWS-MUM-007,35.4,1009.5,29.0,True,spike,high,89.9,FUSED_CONSENSUS,39.3,1007.9,17.0,OFFLINE,replay,,89.9
2025-03-15T14:00:00+00:00,AWS-MUM-007,35.0,1009.0,27.0,True,spike,high,89.9,FUSED_CONSENSUS,39.2,1007.2,18.0,OFFLINE,replay,,89.9
2025-03-15T15:00:00+00:00,AWS-MUM-007,33.8,1008.5,33.0,True,spike,high,89.9,FUSED_CONSENSUS,38.2,1006.7,18.0,OFFLINE,replay,,89.9
2025-03-15T16:00:00+00:00,AWS-MUM-007,32.4,1008.3,41.0,True,spike,high,89.9,FUSED_CONSENSUS,36.9,1006.6,19.0,OFFLINE,replay,,89.9
2025-03-15T17:00:00+00:00,AWS-MUM-007,31.0,1008.6,48.0,True,spike,high,89.9,FUSED_CONSENSUS,34.7,1007.0,25.0,OFFLINE,replay,,89.9
2025-03-15T18:00:00+00:00,AWS-MUM-007,29.4,1009.0,56.0,True,spike,high,89.9,FUSED_CONSENSUS,32.1,1007.5,35.0,OFFLINE,replay,,89.9
2025-03-15T19:00:00+00:00,AWS-MUM-007,28.8,1009.4,60.0,True,spike,high,89.9,FUSED_CONSENSUS,30.8,1008.2,41.0,OFFLINE,replay,,89.9
2025-03-15T20:00:00+00:00,AWS-MUM-007,10.729415599701994,1010.1,64.0,True,spike,high,89.9,FUSED_CONSENSUS,30.1,1009.1,46.0,OFFLINE,replay,,89.9
2025-03-15T21:00:00+00:00,AWS-MUM-007,28.2,1011.2,67.0,True,spike,high,89.1,FUSED_CONSENSUS,29.9,1010.5,47.0,OFFLINE,replay,,89.1
2025-03-15T22:00:00+00:00,AWS-MUM-007,27.8,1012.1,64.0,True,spike,high,89.9,FUSED_CONSENSUS,29.0,1011.0,49.0,OFFLINE,replay,,89.9
2025-03-15T23:00:00+00:00,AWS-MUM-007,27.2,1011.8,67.0,True,spike,high,89.1,FUSED_CONSENSUS,28.2,1010.9,52.0,OFFLINE,replay,,89.1
2025-03-16T00:00:00+00:00,AWS-MUM-007,26.7,1011.6,68.0,True,spike,high,88.5,FUSED_CONSENSUS,27.3,1010.7,56.0,OFFLINE,replay,,88.5
2025-03-16T01:00:00+00:00,AWS-MUM-007,26.1,1011.2,66.0,True,spike,high,89.7,FUSED_CONSENSUS,26.6,1010.3,58.0,OFFLINE,replay,,89.7
2025-03-16T02:00:00+00:00,AWS-MUM-007,25.5,1010.6,65.0,True,spike,high,89.9,FUSED_CONSENSUS,26.0,1009.6,57.0,OFFLINE,replay,,89.9
2025-03-16T03:00:00+00:00,AWS-MUM-007,25.3,1010.0,64.0,True,spike,high,89.9,FUSED_CONSENSUS,25.1,1009.0,62.0,OFFLINE,replay,,89.9
2025-03-16T04:00:00+00:00,AWS-MUM-007,25.2,1010.0,63.0,True,spike,high,89.9,FUSED_CONSENSUS,24.3,1009.0,69.0,OFFLINE,replay,,89.9
2025-03-16T05:00:00+00:00,AWS-MUM-007,25.2,1010.1,63.0,True,spike,high,89.9,FUSED_CONSENSUS,23.7,1009.3,75.0,OFFLINE,replay,,89.9
2025-03-16T06:00:00+00:00,AWS-MUM-007,25.4,1011.0,65.0,True,spike,high,89.9,FUSED_CONSENSUS,23.6,1010.2,75.0,OFFLINE,replay,,89.9
2025-03-16T07:00:00+00:00,AWS-MUM-007,25.7,1011.7,65.0,False,multivariate_inconsistency,low,45.0,NORMAL,24.3,1011.0,70.0,OFFLINE,replay,,45.0
2025-03-16T08:00:00+00:00,AWS-MUM-007,27.4,1012.5,58.0,False,multivariate_inconsistency,low,45.0,NORMAL,26.9,1011.8,51.0,OFFLINE,replay,,45.0
2025-03-16T09:00:00+00:00,AWS-MUM-007,29.6,1013.1,49.0,False,multivariate_inconsistency,low,45.0,NORMAL,29.7,1012.2,41.0,OFFLINE,replay,,45.0
2025-03-16T10:00:00+00:00,AWS-MUM-007,31.7,1013.1,42.0,False,multivariate_inconsistency,low,45.0,NORMAL,32.3,1012.1,35.0,OFFLINE,replay,,45.0
2025-03-16T11:00:00+00:00,AWS-MUM-007,32.9,1012.3,41.0,False,multivariate_inconsistency,low,45.0,NORMAL,34.8,1011.2,29.0,OFFLINE,replay,,45.0
2025-03-16T12:00:00+00:00,AWS-MUM-007,32.9,1011.3,48.0,False,multivariate_inconsistency,low,45.0,NORMAL,36.8,1010.1,23.0,OFFLINE,replay,,45.0
2025-03-16T13:00:00+00:00,AWS-MUM-007,32.8,1010.0,48.0,False,multivariate_inconsistency,low,45.0,NORMAL,38.1,1008.4,22.0,OFFLINE,replay,,45.0
2025-03-16T14:00:00+00:00,AWS-MUM-007,33.2,1009.0,40.0,True,spike,high,89.9,FUSED_CONSENSUS,38.2,1007.2,25.0,OFFLINE,replay,,89.9
2025-03-16T15:00:00+00:00,AWS-MUM-007,33.2,1008.1,35.0,True,spike,high,89.9,FUSED_CONSENSUS,37.5,1006.2,26.0,OFFLINE,replay,,89.9
2025-03-16T16:00:00+00:00,AWS-MUM-007,32.5,1007.7,37.0,True,spike,high,89.9,FUSED_CONSENSUS,36.2,1006.0,26.0,OFFLINE,replay,,89.9
2025-03-16T17:00:00+00:00,AWS-MUM-007,31.3,1007.6,45.0,True,spike,high,89.9,FUSED_CONSENSUS,35.0,1006.0,26.0,OFFLINE,replay,,89.9
2025-03-16T18:00:00+00:00,AWS-MUM-007,29.8,1008.0,52.0,True,spike,high,89.9,FUSED_CONSENSUS,32.8,1006.5,32.0,OFFLINE,replay,,89.9
2025-03-16T19:00:00+00:00,AWS-MUM-007,29.0,1008.3,53.0,True,spike,high,89.9,FUSED_CONSENSUS,31.5,1007.0,32.0,OFFLINE,replay,,89.9
2025-03-16T20:00:00+00:00,AWS-MUM-007,29.1,1008.9,47.0,True,spike,high,89.9,FUSED_CONSENSUS,30.8,1007.8,31.0,OFFLINE,replay,,89.9
2025-03-16T21:00:00+00:00,AWS-MUM-007,29.3,1009.8,42.0,False,multivariate_inconsistency,low,45.0,NORMAL,30.4,1008.8,30.0,OFFLINE,replay,,45.0
2025-03-16T22:00:00+00:00,AWS-MUM-007,28.6,1010.2,50.0,True,spike,high,89.9,FUSED_CONSENSUS,29.4,1009.3,31.0,OFFLINE,replay,,89.9
2025-03-16T23:00:00+00:00,AWS-MUM-007,27.3,1010.5,68.0,True,spike,high,88.5,FUSED_CONSENSUS,28.4,1009.6,33.0,OFFLINE,replay,,88.5
2025-03-17T00:00:00+00:00,AWS-MUM-007,26.6,1010.6,75.0,False,multivariate_inconsistency,low,45.0,NORMAL,27.4,1009.6,35.0,OFFLINE,replay,,45.0
2025-03-17T01:00:00+00:00,AWS-MUM-007,26.2,1010.2,78.0,False,multivariate_inconsistency,low,45.0,NORMAL,26.4,1009.4,46.0,OFFLINE,replay,,45.0
2025-03-17T02:00:00+00:00,AWS-MUM-007,25.9,1009.8,76.0,False,multivariate_inconsistency,low,45.0,NORMAL,25.4,1009.0,56.0,OFFLINE,replay,,45.0
2025-03-17T03:00:00+00:00,AWS-MUM-007,25.4,1009.6,72.0,True,spike,high,86.1,FUSED_CONSENSUS,25.0,1008.8,60.0,OFFLINE,replay,,86.1
2025-03-17T04:00:00+00:00,AWS-MUM-007,25.2,1009.3,70.0,True,spike,high,87.3,FUSED_CONSENSUS,24.3,1008.5,67.0,OFFLINE,replay,,87.3
2025-03-17T05:00:00+00:00,AWS-MUM-007,24.8,1009.6,70.0,True,spike,high,87.3,FUSED_CONSENSUS,23.7,1008.8,71.0,OFFLINE,replay,,87.3
2025-03-17T06:00:00+00:00,AWS-MUM-007,25.3,1010.4,74.0,False,multivariate_inconsistency,low,45.0,NORMAL,24.2,1009.6,71.0,OFFLINE,replay,,45.0
2025-03-17T07:00:00+00:00,AWS-MUM-007,25.5,1010.9,73.0,False,multivariate_inconsistency,low,45.0,NORMAL,24.7,1010.1,68.0,OFFLINE,replay,,45.0
2025-03-17T08:00:00+00:00,AWS-MUM-007,27.2,1011.8,64.0,False,multivariate_inconsistency,low,45.0,NORMAL,27.0,1010.9,54.0,OFFLINE,replay,,45.0
2025-03-17T09:00:00+00:00,AWS-MUM-007,29.6,1012.3,53.0,False,multivariate_inconsistency,low,45.0,NORMAL,30.0,1011.4,42.0,OFFLINE,replay,,45.0
2025-03-17T10:00:00+00:00,AWS-MUM-007,32.0,1012.4,42.0,False,multivariate_inconsistency,low,45.0,NORMAL,33.0,1011.4,31.0,OFFLINE,replay,,45.0
2025-03-17T11:00:00+00:00,AWS-MUM-007,33.5,1012.3,38.0,False,multivariate_inconsistency,low,45.0,NORMAL,35.4,1011.2,25.0,OFFLINE,replay,,45.0
2025-03-17T12:00:00+00:00,AWS-MUM-007,33.4,1011.5,40.0,False,multivariate_inconsistency,low,45.0,NORMAL,37.1,1010.2,21.0,OFFLINE,replay,,45.0
2025-03-17T13:00:00+00:00,AWS-MUM-007,33.3,1010.3,38.0,False,multivariate_inconsistency,low,45.0,NORMAL,38.1,1008.6,20.0,OFFLINE,replay,,45.0
2025-03-17T14:00:00+00:00,AWS-MUM-007,32.9,1009.3,37.0,True,spike,high,89.9,FUSED_CONSENSUS,37.9,1007.4,22.0,OFFLINE,replay,,89.9
2025-03-17T15:00:00+00:00,AWS-MUM-007,32.6,1008.5,37.0,True,spike,high,89.9,FUSED_CONSENSUS,37.3,1006.7,22.0,OFFLINE,replay,,89.9
2025-03-17T16:00:00+00:00,AWS-MUM-007,32.0,1008.3,39.0,False,multivariate_inconsistency,low,45.0,NORMAL,36.7,1006.7,20.0,OFFLINE,replay,,45.0
2025-03-17T17:00:00+00:00,AWS-MUM-007,30.6,1008.5,47.0,True,spike,high,89.9,FUSED_CONSENSUS,35.3,1007.1,21.0,OFFLINE,replay,,89.9
2025-03-17T18:00:00+00:00,AWS-MUM-007,29.2,1009.3,57.0,True,spike,high,89.9,FUSED_CONSENSUS,33.0,1007.9,29.0,OFFLINE,replay,,89.9
2025-03-17T19:00:00+00:00,AWS-MUM-007,28.3,1009.8,62.0,True,spike,high,89.9,FUSED_CONSENSUS,31.3,1008.5,35.0,OFFLINE,replay,,89.9
2025-03-17T20:00:00+00:00,AWS-MUM-007,27.8,1010.3,64.0,True,spike,high,89.9,FUSED_CONSENSUS,30.0,1009.1,41.0,OFFLINE,replay,,89.9
2025-03-17T21:00:00+00:00,AWS-MUM-007,27.6,1010.9,62.0,True,spike,high,89.9,FUSED_CONSENSUS,28.9,1009.7,46.0,OFFLINE,replay,,89.9
2025-03-17T22:00:00+00:00,AWS-MUM-007,27.2,1011.2,64.0,True,spike,high,89.9,FUSED_CONSENSUS,28.0,1010.0,51.0,OFFLINE,replay,,89.9
2025-03-17T23:00:00+00:00,AWS-MUM-007,26.6,1010.8,72.0,True,spike,high,86.1,FUSED_CONSENSUS,26.7,1009.8,55.0,OFFLINE,replay,,86.1
2025-03-18T00:00:00+00:00,AWS-MUM-007,26.0,1010.5,77.0,False,multivariate_inconsistency,low,45.0,NORMAL,26.1,1009.7,54.0,OFFLINE,replay,,45.0
2025-03-18T01:00:00+00:00,AWS-MUM-007,25.5,1010.2,81.0,False,multivariate_inconsistency,low,45.0,NORMAL,25.5,1009.3,56.0,OFFLINE,replay,,45.0
2025-03-18T02:00:00+00:00,AWS-MUM-007,25.0,1009.3,84.0,False,,low,0.0,NORMAL,24.2,1008.6,64.0,OFFLINE,replay,,0.0
2025-03-18T03:00:00+00:00,AWS-MUM-007,24.1,1009.2,88.0,False,,low,0.0,NORMAL,23.5,1008.4,70.0,OFFLINE,replay,,0.0
2025-03-18T04:00:00+00:00,AWS-MUM-007,23.5,1009.1,88.0,False,,low,0.0,NORMAL,22.9,1008.1,76.0,OFFLINE,replay,,0.0
2025-03-18T05:00:00+00:00,AWS-MUM-007,23.1,1009.1,87.0,False,,low,0.0,NORMAL,22.5,1008.1,81.0,OFFLINE,replay,,0.0
2025-03-18T06:00:00+00:00,AWS-MUM-007,23.7,1009.7,87.0,False,,low,0.0,NORMAL,22.5,1008.8,87.0,OFFLINE,replay,,0.0
2025-03-18T07:00:00+00:00,AWS-MUM-007,24.1,1010.1,85.0,False,,low,0.0,NORMAL,22.8,1009.3,85.0,OFFLINE,replay,,0.0
2025-03-18T08:00:00+00:00,AWS-MUM-007,26.2,1010.7,72.0,False,multivariate_inconsistency,low,45.0,NORMAL,25.4,1009.9,74.0,OFFLINE,replay,,45.0
2025-03-18T09:00:00+00:00,AWS-MUM-007,28.8,1011.4,53.0,False,multivariate_inconsistency,low,45.0,NORMAL,28.8,1010.5,51.0,OFFLINE,replay,,45.0
2025-03-18T10:00:00+00:00,AWS-MUM-007,31.2,1011.3,40.0,False,multivariate_inconsistency,low,45.0,NORMAL,31.7,1010.3,35.0,OFFLINE,replay,,45.0
2025-03-18T11:00:00+00:00,AWS-MUM-007,32.8,1010.8,35.0,False,multivariate_inconsistency,low,45.0,NORMAL,34.2,1009.7,25.0,OFFLINE,replay,,45.0
2025-03-18T12:00:00+00:00,AWS-MUM-007,33.2,1009.8,40.0,False,multivariate_inconsistency,low,45.0,NORMAL,36.7,1008.6,19.0,OFFLINE,replay,,45.0
2025-03-18T13:00:00+00:00,AWS-MUM-007,33.0,1002.1568614537782,43.0,True,spike,high,89.9,FUSED_CONSENSUS,38.2,1007.2,19.0,OFFLINE,replay,,89.9
2025-03-18T14:00:00+00:00,AWS-MUM-007,32.5,1008.2,41.0,True,spike,high,89.9,FUSED_CONSENSUS,37.6,1006.4,24.0,OFFLINE,replay,,89.9
2025-03-18T15:00:00+00:00,AWS-MUM-007,32.1,1007.8,41.0,True,spike,high,89.9,FUSED_CONSENSUS,36.3,1006.0,28.0,OFFLINE,replay,,89.9
2025-03-18T16:00:00+00:00,AWS-MUM-007,31.5,1007.8,41.0,False,multivariate_inconsistency,low,45.0,NORMAL,35.3,1006.2,25.0,OFFLINE,replay,,45.0
2025-03-18T17:00:00+00:00,AWS-MUM-007,30.3,1007.9,48.0,True,spike,high,89.9,FUSED_CONSENSUS,33.8,1006.6,28.0,OFFLINE,replay,,89.9
2025-03-18T18:00:00+00:00,AWS-MUM-007,22.587794254518613,1016.3333416811412,76.89572885217535,False,multivariate_inconsistency,low,45.0,NORMAL,31.6,1007.4,36.0,OFFLINE,replay,,45.0
2025-03-18T19:00:00+00:00,AWS-MUM-007,21.396937327596312,1016.776325331349,49.99590338092104,True,spike,high,89.9,FUSED_CONSENSUS,30.0,1008.0,44.0,OFFLINE,replay,,89.9
2025-03-18T20:00:00+00:00,AWS-MUM-007,33.844161678447904,1002.8686663375782,58.05718250792093,True,spike,high,89.9,FUSED_CONSENSUS,28.8,1008.8,51.0,OFFLINE,replay,,89.9
2025-03-18T21:00:00+00:00,AWS-MUM-007,33.76230059339882,1003.4419150813872,56.84566855456215,True,spike,high,89.9,FUSED_CONSENSUS,27.8,1009.6,57.0,OFFLINE,replay,,89.9
2025-03-18T22:00:00+00:00,AWS-MUM-007,20.16267425335913,1018.9660554458763,57.86609113658425,True,spike,high,89.9,FUSED_CONSENSUS,27.3,1010.1,61.0,OFFLINE,replay,,89.9
2025-03-18T23:00:00+00:00,AWS-MUM-007,32.46588592433707,1002.6415331023908,95.0,False,multivariate_inconsistency,low,45.0,NORMAL,26.5,1010.0,65.0,OFFLINE,replay,,45.0
2025-03-19T00:00:00+00:00,AWS-MUM-007,25.3,1010.8,82.0,False,,low,0.0,NORMAL,25.5,1009.8,71.0,OFFLINE,replay,,0.0
2025-03-19T01:00:00+00:00,AWS-MUM-007,25.2,1010.3,84.0,False,,low,0.0,NORMAL,24.7,1009.4,77.0,OFFLINE,replay,,0.0
2025-03-19T02:00:00+00:00,AWS-MUM-007,24.9,1009.7,88.0,False,,low,0.0,NORMAL,24.2,1008.9,78.0,OFFLINE,replay,,0.0
2025-03-19T03:00:00+00:00,AWS-MUM-007,24.3,1009.3,91.0,False,,low,0.0,NORMAL,23.6,1008.6,80.0,OFFLINE,replay,,0.0
2025-03-19T04:00:00+00:00,AWS-MUM-007,23.6,1009.5,93.0,False,,low,0.0,NORMAL,23.3,1008.8,81.0,OFFLINE,replay,,0.0
2025-03-19T05:00:00+00:00,AWS-MUM-007,23.2,1009.8,89.0,False,,low,0.0,NORMAL,23.0,1009.0,79.0,OFFLINE,replay,,0.0
2025-03-19T06:00:00+00:00,AWS-MUM-007,23.2,1010.9,87.0,False,,low,0.0,NORMAL,22.7,1010.0,84.0,WARNING,replay,,0.0
2025-03-19T07:00:00+00:00,AWS-MUM-007,23.9,1011.4,82.0,False,,low,0.0,NORMAL,23.5,1010.6,79.0,WARNING,replay,,0.0
2025-03-19T08:00:00+00:00,AWS-MUM-007,26.4,1012.2,67.0,False,,low,0.0,NORMAL,25.7,1011.4,66.0,WARNING,replay,,0.0
2025-03-19T09:00:00+00:00,AWS-MUM-007,29.1,1012.7,49.0,False,spike,low,32.7,NORMAL,28.9,1011.8,50.0,WARNING,replay,,32.7
2025-03-19T10:00:00+00:00,AWS-MUM-007,31.2,1012.6,40.0,False,,low,0.0,NORMAL,32.0,1011.6,32.0,WARNING,replay,,0.0
2025-03-19T11:00:00+00:00,AWS-MUM-007,32.3,1012.4,39.0,False,,low,0.0,NORMAL,34.5,1011.2,23.0,WARNING,replay,,0.0
2025-03-19T12:00:00+00:00,AWS-MUM-007,31.8,1011.6,50.0,False,,low,0.0,NORMAL,36.5,1010.1,20.0,WARNING,replay,,0.0
2025-03-19T13:00:00+00:00,AWS-MUM-007,31.6,1010.8,49.0,False,,low,0.0,NORMAL,36.4,1009.1,27.0,WARNING,replay,,0.0
2025-03-19T14:00:00+00:00,AWS-MUM-007,31.5,1009.9,48.0,False,,low,0.0,NORMAL,35.3,1008.2,35.0,WARNING,replay,,0.0
2025-03-19T15:00:00+00:00,AWS-MUM-007,31.2,1009.1,48.0,False,,low,0.0,NORMAL,34.7,1007.3,37.0,WARNING,replay,,0.0
2025-03-19T16:00:00+00:00,AWS-MUM-007,30.5,1009.0,49.0,False,,low,6.0,NORMAL,34.3,1007.3,36.0,WARNING,replay,9.9,0.0
2025-03-19T17:00:00+00:00,AWS-MUM-007,29.8,1009.0,48.0,False,,low,7.0,NORMAL,33.0,1007.4,35.0,WARNING,replay,11.6,0.0
2025-03-19T18:00:00+00:00,AWS-MUM-007,28.5,1010.2,51.0,False,,low,3.2,NORMAL,30.9,1008.8,39.0,WARNING,replay,5.4,0.0
2025-03-19T19:00:00+00:00,AWS-MUM-007,27.7,1010.7,55.0,False,,low,0.8,NORMAL,29.5,1009.6,42.0,WARNING,replay,1.3,0.0
2025-03-19T20:00:00+00:00,AWS-MUM-007,27.6,1011.6,54.0,False,,low,1.4,NORMAL,28.5,1010.6,42.0,HEALTHY,replay,2.3,0.0
2025-03-19T21:00:00+00:00,AWS-MUM-007,27.4,1012.3,57.0,False,,low,1.4,NORMAL,27.6,1011.3,45.0,HEALTHY,replay,2.4,0.0
2025-03-19T22:00:00+00:00,AWS-MUM-007,26.9,1012.6,62.0,False,,low,1.1,NORMAL,27.0,1011.7,47.0,HEALTHY,replay,1.9,0.0
2025-03-19T23:00:00+00:00,AWS-MUM-007,26.6,1012.5,67.0,False,,low,1.1,NORMAL,26.5,1011.8,47.0,HEALTHY,replay,1.9,0.0
2025-03-20T00:00:00+00:00,AWS-MUM-007,25.9,1012.3,72.0,False,,low,1.1,NORMAL,25.6,1011.5,47.0,HEALTHY,replay,1.8,0.0
2025-03-20T01:00:00+00:00,AWS-MUM-007,25.2,1011.9,74.0,False,,low,0.8,NORMAL,25.1,1011.1,50.0,HEALTHY,replay,1.3,0.0
2025-03-20T02:00:00+00:00,AWS-MUM-007,24.6,1011.4,,True,dropout,critical,100.0,RULE_ENGINE_BYPASS,24.8,1010.7,48.0,HEALTHY,replay,,100.0
2025-03-20T03:00:00+00:00,AWS-MUM-007,24.2,1010.8,67.0,False,,low,2.5,NORMAL,24.1,1010.0,50.0,HEALTHY,replay,4.2,0.0
2025-03-20T04:00:00+00:00,AWS-MUM-007,23.7,1010.8,62.0,False,,low,1.2,NORMAL,23.3,1009.9,55.0,HEALTHY,replay,2.0,0.0
2025-03-20T05:00:00+00:00,AWS-MUM-007,23.2,1011.3,60.0,False,,low,2.1,NORMAL,22.9,1010.5,59.0,HEALTHY,replay,3.4,0.0
2025-03-20T06:00:00+00:00,AWS-MUM-007,23.6,1012.2,61.0,False,,low,2.1,NORMAL,23.2,1011.4,62.0,HEALTHY,replay,3.6,0.0
2025-03-20T07:00:00+00:00,AWS-MUM-007,24.4,1012.9,57.0,False,,low,1.0,NORMAL,23.7,1012.2,60.0,HEALTHY,replay,1.6,0.0
2025-03-20T08:00:00+00:00,AWS-MUM-007,26.9,1013.9,48.0,False,,low,10.9,NORMAL,26.2,1013.1,48.0,HEALTHY,replay,18.2,0.0
2025-03-20T09:00:00+00:00,AWS-MUM-007,30.0,1014.5,35.0,False,,low,23.7,NORMAL,30.0,1013.6,31.0,HEALTHY,replay,39.6,0.0
2025-03-20T10:00:00+00:00,AWS-MUM-007,32.7,1014.4,26.0,False,,low,23.0,NORMAL,33.0,1013.5,23.0,HEALTHY,replay,38.3,0.0
2025-03-20T11:00:00+00:00,AWS-MUM-007,44.75243435707152,1014.0254268453627,38.26835052375004,True,multivariate_inconsistency,high,76.7,MODEL_OVERRIDE,35.5,1012.9,16.0,HEALTHY,replay,94.8,49.5
2025-03-20T12:00:00+00:00,AWS-MUM-007,45.25243435707152,1012.9193597789924,40.22867407968761,True,multivariate_inconsistency,high,76.9,MODEL_OVERRIDE,37.1,1011.7,13.0,HEALTHY,replay,95.1,49.6
2025-03-20T13:00:00+00:00,AWS-MUM-007,44.55243435707152,1011.964417469418,58.44086551664991,True,multivariate_inconsistency,high,71.7,FUSED_CONSENSUS,38.0,1010.7,12.0,HEALTHY,replay,87.8,47.5
2025-03-20T14:00:00+00:00,AWS-MUM-007,44.95243435707152,1010.8840757922858,44.287025621397774,True,multivariate_inconsistency,high,72.9,MODEL_OVERRIDE,38.5,1009.5,14.0,OFFLINE,replay,89.1,48.7
2025-03-20T15:00:00+00:00,AWS-MUM-007,44.85243435707152,1010.3446707351663,34.23094472340192,True,multivariate_inconsistency,high,76.8,MODEL_OVERRIDE,38.0,1008.5,13.0,OFFLINE,replay,94.5,50.3
2025-03-20T16:00:00+00:00,AWS-MUM-007,34.2,1010.2,16.0,True,unstructured_anomaly,critical,91.3,ML_MODEL_ISOLATION,36.9,1008.5,12.0,OFFLINE,replay,91.3,0.0
2025-03-20T17:00:00+00:00,AWS-MUM-007,33.2,1010.2,19.0,False,,low,46.2,NORMAL,35.6,1008.7,10.0,OFFLINE,replay,77.1,0.0
2025-03-20T18:00:00+00:00,AWS-MUM-007,30.9,1011.4,34.0,False,,low,14.0,NORMAL,33.8,1010.1,13.0,HEALTHY,replay,23.3,0.0
2025-03-20T19:00:00+00:00,AWS-MUM-007,36.095478104171214,1004.0180428766846,29.10408921151872,True,drift,high,89.9,RULE_ENGINE_BYPASS,32.3,1010.7,16.0,OFFLINE,replay,87.6,93.2
2025-03-20T20:00:00+00:00,AWS-MUM-007,34.599912693924125,1004.9973534317588,56.87129126776665,True,drift,critical,90.2,RULE_ENGINE_BYPASS,30.9,1011.4,20.0,OFFLINE,replay,89.8,90.7
2025-03-20T21:00:00+00:00,AWS-MUM-007,21.01571692946972,1020.2708550803078,31.50999390272612,True,multivariate_inconsistency,high,76.8,MODEL_OVERRIDE,29.8,1012.3,24.0,OFFLINE,replay,98.0,45.0
2025-03-20T22:00:00+00:00,AWS-MUM-007,21.09570921267649,1021.1624960232922,52.07422028394284,True,unstructured_anomaly,critical,97.1,ML_MODEL_ISOLATION,28.5,1012.7,33.0,OFFLINE,replay,97.1,0.0
2025-03-20T23:00:00+00:00,AWS-MUM-007,26.8,1013.8,68.0,False,multivariate_inconsistency,low,44.2,NORMAL,27.0,1012.7,52.0,OFFLINE,replay,43.6,45.0
2025-03-21T00:00:00+00:00,AWS-MUM-007,26.5,1013.6,68.0,True,multivariate_inconsistency,medium,55.1,FUSED_CONSENSUS,26.3,1012.5,60.0,OFFLINE,replay,61.8,45.0
2025-03-21T01:00:00+00:00,AWS-MUM-007,26.2,1013.2,69.0,True,multivariate_inconsistency,medium,58.2,FUSED_CONSENSUS,25.3,1012.3,63.0,OFFLINE,replay,67.0,45.0
2025-03-21T02:00:00+00:00,AWS-MUM-007,25.9,1012.5,67.0,True,multivariate_inconsistency,low,47.2,FUSED_CONSENSUS,24.7,1011.7,63.0,OFFLINE,replay,48.7,45.0
2025-03-21T03:00:00+00:00,AWS-MUM-007,25.7,1012.3,66.0,True,multivariate_inconsistency,low,46.0,FUSED_CONSENSUS,24.0,1011.5,64.0,OFFLINE,replay,46.7,45.0
2025-03-21T04:00:00+00:00,AWS-MUM-007,25.5,1012.4,67.0,True,multivariate_inconsistency,low,54.3,FUSED_CONSENSUS,23.7,1011.7,65.0,OFFLINE,replay,60.5,45.0
2025-03-21T05:00:00+00:00,AWS-MUM-007,25.3,1012.8,69.0,True,multivariate_inconsistency,medium,58.9,FUSED_CONSENSUS,23.2,1012.0,67.0,OFFLINE,replay,68.1,45.0
2025-03-21T06:00:00+00:00,AWS-MUM-007,25.5,1013.6,73.0,True,multivariate_inconsistency,medium,67.0,FUSED_CONSENSUS,23.0,1012.9,71.0,OFFLINE,replay,81.7,45.0
2025-03-21T07:00:00+00:00,AWS-MUM-007,25.6,1014.0,73.0,True,multivariate_inconsistency,medium,64.9,FUSED_CONSENSUS,23.8,1013.3,66.0,OFFLINE,replay,78.2,45.0
2025-03-21T08:00:00+00:00,AWS-MUM-007,27.3,1015.0,63.0,True,multivariate_inconsistency,medium,63.2,FUSED_CONSENSUS,26.2,1014.3,55.0,OFFLINE,replay,75.3,45.0
2025-03-21T09:00:00+00:00,AWS-MUM-007,29.3,1015.5,49.0,False,,low,30.3,NORMAL,28.7,1014.8,51.0,OFFLINE,replay,50.5,0.0
2025-03-21T10:00:00+00:00,AWS-MUM-007,31.2,1015.4,41.0,False,,low,26.4,NORMAL,31.0,1014.6,45.0,OFFLINE,replay,44.1,0.0
2025-03-21T11:00:00+00:00,AWS-MUM-007,32.4,1014.8,38.0,False,,low,24.9,NORMAL,33.2,1013.8,34.0,WARNING,replay,41.5,0.0
2025-03-21T12:00:00+00:00,AWS-MUM-007,32.4,1013.7,42.0,False,,low,9.5,NORMAL,35.2,1012.5,26.0,OFFLINE,replay,15.8,0.0
2025-03-21T13:00:00+00:00,AWS-MUM-007,32.2,1012.6,41.0,False,,low,9.2,NORMAL,36.5,1010.9,23.0,OFFLINE,replay,15.3,0.0
2025-03-21T14:00:00+00:00,AWS-MUM-007,31.7,1011.7,41.0,False,,low,10.5,NORMAL,36.3,1009.8,27.0,OFFLINE,replay,17.5,0.0
2025-03-21T15:00:00+00:00,AWS-MUM-007,31.2,1010.9,42.0,False,,low,14.4,NORMAL,34.7,1009.1,33.0,WARNING,replay,24.0,0.0
2025-03-21T16:00:00+00:00,AWS-MUM-007,30.7,1010.5,41.0,False,,low,3.0,NORMAL,33.8,1008.9,31.0,WARNING,replay,5.0,0.0
2025-03-21T17:00:00+00:00,AWS-MUM-007,29.4,1010.5,49.0,False,,low,3.6,NORMAL,32.3,1008.9,33.0,WARNING,replay,6.0,0.0
2025-03-21T18:00:00+00:00,AWS-MUM-007,27.8,1011.2,61.0,False,,low,11.9,NORMAL,29.8,1009.9,43.0,WARNING,replay,19.9,0.0
2025-03-21T19:00:00+00:00,AWS-MUM-007,27.2,1011.9,65.0,False,,low,1.7,NORMAL,28.3,1010.8,52.0,WARNING,replay,2.9,0.0
2025-03-21T20:00:00+00:00,AWS-MUM-007,27.0,1012.5,64.0,False,,low,1.5,NORMAL,27.6,1011.4,57.0,WARNING,replay,2.4,0.0
2025-03-21T21:00:00+00:00,AWS-MUM-007,26.7,1012.8,66.0,False,,low,0.6,NORMAL,26.7,1011.9,62.0,WARNING,replay,1.1,0.0
2025-03-21T22:00:00+00:00,AWS-MUM-007,25.8,1013.0,70.0,False,,low,0.5,NORMAL,26.2,1012.1,64.0,WARNING,replay,0.8,0.0
2025-03-21T23:00:00+00:00,AWS-MUM-007,25.3,1013.0,73.0,False,,low,0.5,NORMAL,25.1,1012.1,69.0,WARNING,replay,0.9,0.0
