timestamp,station_id,temperature_c,pressure_hpa,humidity_pct,is_anomaly,fault_type,severity,anomaly_score_pct,decision_basis,suggested_temperature_c,suggested_pressure_hpa,suggested_humidity_pct,health_status,source,model_confidence_pct,rule_confidence_pct
2026-09-22 06:45:00+00:00,AWS-BHO-101,30.1,955.0,67.0,False,,low,0.0,NORMAL,30.4,960.3,65.0,HEALTHY,live,,0.0
2026-09-22T07:00:00+00:00,AWS-BHO-101,30.2,954.7,67.0,False,,low,0.0,NORMAL,30.5,960.1,65.0,HEALTHY,live,,0.0
2025-01-01T00:00:00+00:00,AWS-BHO-101,14.4,960.2,95.0,False,,low,0.0,NORMAL,13.0,966.2,96.0,HEALTHY,replay,,0.0
2025-01-01T01:00:00+00:00,AWS-BHO-101,13.8,959.7,96.0,False,,low,0.0,NORMAL,12.4,965.8,97.0,HEALTHY,replay,,0.0
2025-01-01T02:00:00+00:00,AWS-BHO-101,13.2,959.0,96.0,False,,low,0.0,NORMAL,11.8,965.2,98.0,HEALTHY,replay,,0.0
2025-01-01T03:00:00+00:00,AWS-BHO-101,12.7,958.5,97.0,False,,low,0.0,NORMAL,11.4,964.8,98.0,HEALTHY,replay,,0.0
2025-01-01T04:00:00+00:00,AWS-BHO-101,12.2,958.3,97.0,False,,low,0.0,NORMAL,10.9,964.6,98.0,HEALTHY,replay,,0.0
2025-01-01T05:00:00+00:00,AWS-BHO-101,11.9,958.3,97.0,False,,low,0.0,NORMAL,10.4,964.7,99.0,HEALTHY,replay,,0.0
2025-01-01T06:00:00+00:00,AWS-BHO-101,11.2,959.1,97.0,False,,low,0.0,NORMAL,9.6,965.5,100.0,HEALTHY,replay,,0.0
2025-01-01T07:00:00+00:00,AWS-BHO-101,11.2,959.8,97.0,False,,low,0.0,NORMAL,10.0,966.4,99.0,HEALTHY,replay,,0.0
2025-01-01T08:00:00+00:00,AWS-BHO-101,13.5,961.2,88.0,False,,low,0.0,NORMAL,12.4,967.5,93.0,HEALTHY,replay,,0.0
2025-01-01T09:00:00+00:00,AWS-BHO-101,16.1,962.2,82.0,False,,low,0.0,NORMAL,14.8,968.6,86.0,HEALTHY,replay,,0.0
2025-01-01T10:00:00+00:00,AWS-BHO-101,18.4,962.6,73.0,False,,low,0.0,NORMAL,17.2,968.7,78.0,HEALTHY,replay,,0.0
2025-01-01T11:00:00+00:00,AWS-BHO-101,20.0,962.1,67.0,False,,low,0.0,NORMAL,18.8,968.2,70.0,HEALTHY,replay,,0.0
2025-01-01T12:00:00+00:00,AWS-BHO-101,21.0,961.3,63.0,False,,low,0.0,NORMAL,19.8,967.3,64.0,HEALTHY,replay,,0.0
2025-01-01T13:00:00+00:00,AWS-BHO-101,21.7,960.3,59.0,False,,low,0.0,NORMAL,20.5,966.3,59.0,HEALTHY,replay,,0.0
2025-01-01T14:00:00+00:00,AWS-BHO-101,22.0,959.5,56.0,False,,low,0.0,NORMAL,20.8,965.5,56.0,HEALTHY,replay,,0.0
2025-01-01T15:00:00+00:00,AWS-BHO-101,21.9,959.0,57.0,False,,low,0.0,NORMAL,20.6,965.1,57.0,HEALTHY,replay,,0.0
2025-01-01T16:00:00+00:00,AWS-BHO-101,21.3,958.9,60.0,False,,low,0.0,NORMAL,19.6,965.0,63.0,HEALTHY,replay,,0.0
2025-01-01T17:00:00+00:00,AWS-BHO-101,18.6,958.4,76.0,False,,low,0.0,NORMAL,16.6,964.4,77.0,HEALTHY,replay,,0.0
2025-01-01T18:00:00+00:00,AWS-BHO-101,15.9,958.7,85.0,False,,low,0.0,NORMAL,14.4,964.8,84.0,HEALTHY,replay,,0.0
2025-01-01T19:00:00+00:00,AWS-BHO-101,14.9,959.1,82.0,False,,low,0.0,NORMAL,13.4,965.2,87.0,HEALTHY,replay,,0.0
2025-01-01T20:00:00+00:00,AWS-BHO-101,14.0,959.8,83.0,False,,low,0.0,NORMAL,12.5,966.0,89.0,HEALTHY,replay,,0.0
2025-01-01T21:00:00+00:00,AWS-BHO-101,13.4,960.1,85.0,False,,low,0.0,NORMAL,11.6,966.3,91.0,HEALTHY,replay,,0.0
2025-01-01T22:00:00+00:00,AWS-BHO-101,12.9,960.1,86.0,False,,low,0.0,NORMAL,11.1,966.3,93.0,HEALTHY,replay,,0.0
2025-01-01T23:00:00+00:00,AWS-BHO-101,12.4,959.8,84.0,False,,low,0.0,NORMAL,11.0,966.1,93.0,HEALTHY,replay,,0.0
2025-01-02T00:00:00+00:00,AWS-BHO-101,11.9,959.4,82.0,False,,low,0.3,NORMAL,10.9,965.5,93.0,HEALTHY,replay,0.6,0.0
2025-01-02T01:00:00+00:00,AWS-BHO-101,11.4,958.7,83.0,False,,low,0.5,NORMAL,10.3,964.8,93.0,HEALTHY,replay,0.8,0.0
2025-01-02T02:00:00+00:00,AWS-BHO-101,10.8,958.2,86.0,False,,low,0.4,NORMAL,9.4,964.2,94.0,HEALTHY,replay,0.6,0.0
2025-01-02T03:00:00+00:00,AWS-BHO-101,10.0,957.7,91.0,False,,low,0.6,NORMAL,8.8,963.8,94.0,HEALTHY,replay,0.9,0.0
2025-01-02T04:00:00+00:00,AWS-BHO-101,9.3,957.8,93.0,False,,low,0.5,NORMAL,8.6,963.9,94.0,HEALTHY,replay,0.8,0.0
2025-01-02T05:00:00+00:00,AWS-BHO-101,9.1,958.1,93.0,False,,low,0.4,NORMAL,8.1,964.2,94.0,HEALTHY,replay,0.6,0.0
2025-01-02T06:00:00+00:00,AWS-BHO-101,9.4,958.8,93.0,False,,low,0.4,NORMAL,8.4,965.2,92.0,HEALTHY,replay,0.7,0.0
2025-01-02T07:00:00+00:00,AWS-BHO-101,9.6,959.4,92.0,False,,low,0.4,NORMAL,8.8,965.9,90.0,HEALTHY,replay,0.7,0.0
2025-01-02T08:00:00+00:00,AWS-BHO-101,12.6,960.8,82.0,False,,low,2.0,NORMAL,11.6,967.3,84.0,HEALTHY,replay,3.3,0.0
2025-01-02T09:00:00+00:00,AWS-BHO-101,16.1,961.9,72.0,False,,low,13.2,NORMAL,14.9,968.2,72.0,HEALTHY,replay,22.1,0.0
2025-01-02T10:00:00+00:00,AWS-BHO-101,18.7,962.6,58.0,False,,low,26.3,NORMAL,17.6,968.7,58.0,HEALTHY,replay,43.8,0.0
2025-01-02T11:00:00+00:00,AWS-BHO-101,20.6,962.1,46.0,False,,low,16.2,NORMAL,19.6,968.3,48.0,HEALTHY,replay,27.0,0.0
2025-01-02T12:00:00+00:00,AWS-BHO-101,21.9,961.2,42.0,False,,low,15.6,NORMAL,21.0,967.3,45.0,HEALTHY,replay,25.9,0.0
2025-01-02T13:00:00+00:00,AWS-BHO-101,22.6,960.4,42.0,False,,low,5.9,NORMAL,21.9,966.3,45.0,HEALTHY,replay,9.8,0.0
2025-01-02T14:00:00+00:00,AWS-BHO-101,22.9,959.8,43.0,False,,low,1.3,NORMAL,22.2,965.8,45.0,HEALTHY,replay,2.2,0.0
2025-01-02T15:00:00+00:00,AWS-BHO-101,22.7,959.5,46.0,False,,low,0.5,NORMAL,21.9,965.6,47.0,HEALTHY,replay,0.9,0.0
2025-01-02T16:00:00+00:00,AWS-BHO-101,21.6,959.3,57.0,False,,low,1.0,NORMAL,21.0,965.4,62.0,HEALTHY,replay,1.7,0.0
2025-01-02T17:00:00+00:00,AWS-BHO-101,19.1,959.1,68.0,False,,low,1.7,NORMAL,18.3,965.3,72.0,HEALTHY,replay,2.9,0.0
2025-01-02T18:00:00+00:00,AWS-BHO-101,17.7,959.6,71.0,False,,low,1.2,NORMAL,16.5,965.7,76.0,HEALTHY,replay,2.0,0.0
2025-01-02T19:00:00+00:00,AWS-BHO-101,15.8,960.1,78.0,False,,low,1.2,NORMAL,15.5,966.3,77.0,HEALTHY,replay,2.0,0.0
2025-01-02T20:00:00+00:00,AWS-BHO-101,14.8,960.6,81.0,False,,low,0.6,NORMAL,14.3,966.9,82.0,HEALTHY,replay,1.1,0.0
2025-01-02T21:00:00+00:00,AWS-BHO-101,14.3,960.5,81.0,False,,low,0.3,NORMAL,13.3,966.6,84.0,HEALTHY,replay,0.4,0.0
2025-01-02T22:00:00+00:00,AWS-BHO-101,14.1,960.4,80.0,False,,low,0.2,NORMAL,12.6,966.5,83.0,HEALTHY,replay,0.4,0.0
2025-01-02T23:00:00+00:00,AWS-BHO-101,14.0,959.8,79.0,False,,low,0.2,NORMAL,11.9,965.8,83.0,HEALTHY,replay,0.4,0.0
2025-01-03T00:00:00+00:00,AWS-BHO-101,13.5,959.3,78.0,False,,low,0.3,NORMAL,11.3,965.2,82.0,HEALTHY,replay,0.5,0.0
2025-01-03T01:00:00+00:00,AWS-BHO-101,12.9,958.7,78.0,False,,low,0.2,NORMAL,11.3,964.8,80.0,HEALTHY,replay,0.4,0.0
2025-01-03T02:00:00+00:00,AWS-BHO-101,12.2,958.3,80.0,False,,low,0.2,NORMAL,11.1,964.5,82.0,HEALTHY,replay,0.3,0.0
2025-01-03T03:00:00+00:00,AWS-BHO-101,11.5,958.0,82.0,False,,low,0.2,NORMAL,11.0,964.4,82.0,HEALTHY,replay,0.3,0.0
2025-01-03T04:00:00+00:00,AWS-BHO-101,11.1,957.8,85.0,False,,low,0.1,NORMAL,10.9,964.3,83.0,HEALTHY,replay,0.2,0.0
2025-01-03T05:00:00+00:00,AWS-BHO-101,10.9,957.9,88.0,False,,low,0.2,NORMAL,10.3,964.4,84.0,HEALTHY,replay,0.4,0.0
2025-01-03T06:00:00+00:00,AWS-BHO-101,10.9,958.7,90.0,False,,low,0.3,NORMAL,10.1,965.3,85.0,HEALTHY,replay,0.4,0.0
2025-01-03T07:00:00+00:00,AWS-BHO-101,10.9,959.3,90.0,False,,low,0.2,NORMAL,10.3,965.9,86.0,HEALTHY,replay,0.3,0.0
2025-01-03T08:00:00+00:00,AWS-BHO-101,14.0,960.7,80.0,False,,low,1.4,NORMAL,13.1,967.2,81.0,HEALTHY,replay,2.4,0.0
2025-01-03T09:00:00+00:00,AWS-BHO-101,17.8,961.9,71.0,False,,low,8.2,NORMAL,16.7,968.3,75.0,HEALTHY,replay,13.7,0.0
2025-01-03T10:00:00+00:00,AWS-BHO-101,20.9,962.8,62.0,False,,low,19.0,NORMAL,19.5,969.0,64.0,HEALTHY,replay,31.7,0.0
2025-01-03T11:00:00+00:00,AWS-BHO-101,23.1,962.3,51.0,False,,low,14.6,NORMAL,21.5,968.4,54.0,HEALTHY,replay,24.3,0.0
2025-01-03T12:00:00+00:00,AWS-BHO-101,24.3,961.7,44.0,False,,low,8.1,NORMAL,22.7,967.6,49.0,HEALTHY,replay,13.5,0.0
2025-01-03T13:00:00+00:00,AWS-BHO-101,24.9,960.6,41.0,False,,low,5.3,NORMAL,23.5,966.5,47.0,HEALTHY,replay,8.8,0.0
2025-01-03T14:00:00+00:00,AWS-BHO-101,25.1,959.8,41.0,False,,low,1.9,NORMAL,23.8,965.8,46.0,HEALTHY,replay,3.1,0.0
2025-01-03T15:00:00+00:00,AWS-BHO-101,24.8,959.4,42.0,False,,low,0.7,NORMAL,23.6,965.4,50.0,HEALTHY,replay,1.1,0.0
2025-01-03T16:00:00+00:00,AWS-BHO-101,23.7,959.1,57.0,False,,low,2.6,NORMAL,22.5,965.1,63.0,HEALTHY,replay,4.4,0.0
2025-01-03T17:00:00+00:00,AWS-BHO-101,21.2,958.8,66.0,False,,low,2.1,NORMAL,19.3,964.7,74.0,HEALTHY,replay,3.4,0.0
2025-01-03T18:00:00+00:00,AWS-BHO-101,18.4,958.8,75.0,False,,low,3.9,NORMAL,17.1,965.0,79.0,HEALTHY,replay,6.5,0.0
2026-09-22T07:00:00+00:00,AWS-BHO-101,30.2,954.7,67.0,True,spike,high,89.9,FUSED_CONSENSUS,30.5,960.1,65.0,HEALTHY,live,,89.9
2026-09-22T07:30:00+00:00,AWS-BHO-101,30.5,953.6,60.0,False,,low,0.0,NORMAL,31.0,959.0,58.0,HEALTHY,live,,0.0
2025-01-01T00:00:00+00:00,AWS-BHO-101,14.4,960.2,95.0,False,,low,0.0,NORMAL,13.0,966.2,96.0,HEALTHY,replay,,0.0
2025-01-01T01:00:00+00:00,AWS-BHO-101,13.8,959.7,96.0,False,,low,0.0,NORMAL,12.4,965.8,97.0,HEALTHY,replay,,0.0
2025-01-01T02:00:00+00:00,AWS-BHO-101,13.2,959.0,96.0,False,,low,0.0,NORMAL,11.8,965.2,98.0,HEALTHY,replay,,0.0
2025-01-01T03:00:00+00:00,AWS-BHO-101,12.7,958.5,97.0,False,,low,0.0,NORMAL,11.4,964.8,98.0,HEALTHY,replay,,0.0
2025-01-01T04:00:00+00:00,AWS-BHO-101,12.2,958.3,97.0,False,,low,0.0,NORMAL,10.9,964.6,98.0,HEALTHY,replay,,0.0
2025-01-01T05:00:00+00:00,AWS-BHO-101,11.9,958.3,97.0,False,,low,0.0,NORMAL,10.4,964.7,99.0,HEALTHY,replay,,0.0
2025-01-01T06:00:00+00:00,AWS-BHO-101,11.2,959.1,97.0,False,,low,0.0,NORMAL,9.6,965.5,100.0,HEALTHY,replay,,0.0
2025-01-01T07:00:00+00:00,AWS-BHO-101,11.2,959.8,97.0,False,,low,0.0,NORMAL,10.0,966.4,99.0,HEALTHY,replay,,0.0
2025-01-01T08:00:00+00:00,AWS-BHO-101,13.5,961.2,88.0,False,,low,0.0,NORMAL,12.4,967.5,93.0,HEALTHY,replay,,0.0
2025-01-01T09:00:00+00:00,AWS-BHO-101,16.1,962.2,82.0,False,,low,0.0,NORMAL,14.8,968.6,86.0,HEALTHY,replay,,0.0
2025-01-01T10:00:00+00:00,AWS-BHO-101,18.4,962.6,73.0,False,,low,0.0,NORMAL,17.2,968.7,78.0,HEALTHY,replay,,0.0
2025-01-01T11:00:00+00:00,AWS-BHO-101,20.0,962.1,67.0,False,,low,0.0,NORMAL,18.8,968.2,70.0,HEALTHY,replay,,0.0
2025-01-01T12:00:00+00:00,AWS-BHO-101,21.0,961.3,63.0,False,,low,0.0,NORMAL,19.8,967.3,64.0,HEALTHY,replay,,0.0
2025-01-01T13:00:00+00:00,AWS-BHO-101,21.7,960.3,59.0,False,,low,0.0,NORMAL,20.5,966.3,59.0,HEALTHY,replay,,0.0
2025-01-01T14:00:00+00:00,AWS-BHO-101,22.0,959.5,56.0,False,,low,0.0,NORMAL,20.8,965.5,56.0,HEALTHY,replay,,0.0
2025-01-01T15:00:00+00:00,AWS-BHO-101,21.9,959.0,57.0,False,,low,0.0,NORMAL,20.6,965.1,57.0,HEALTHY,replay,,0.0
2025-01-01T16:00:00+00:00,AWS-BHO-101,21.3,958.9,60.0,False,,low,0.0,NORMAL,19.6,965.0,63.0,HEALTHY,replay,,0.0
2025-01-01T17:00:00+00:00,AWS-BHO-101,18.6,958.4,76.0,False,,low,0.0,NORMAL,16.6,964.4,77.0,HEALTHY,replay,,0.0
2025-01-01T18:00:00+00:00,AWS-BHO-101,15.9,958.7,85.0,False,,low,0.0,NORMAL,14.4,964.8,84.0,HEALTHY,replay,,0.0
2025-01-01T19:00:00+00:00,AWS-BHO-101,14.9,959.1,82.0,False,,low,0.0,NORMAL,13.4,965.2,87.0,HEALTHY,replay,,0.0
2025-01-01T20:00:00+00:00,AWS-BHO-101,14.0,959.8,83.0,False,,low,0.0,NORMAL,12.5,966.0,89.0,HEALTHY,replay,,0.0
2025-01-01T21:00:00+00:00,AWS-BHO-101,13.4,960.1,85.0,False,,low,0.0,NORMAL,11.6,966.3,91.0,HEALTHY,replay,,0.0
2025-01-01T22:00:00+00:00,AWS-BHO-101,12.9,960.1,86.0,False,,low,0.0,NORMAL,11.1,966.3,93.0,HEALTHY,replay,,0.0
2025-01-01T23:00:00+00:00,AWS-BHO-101,12.4,959.8,84.0,False,,low,0.0,NORMAL,11.0,966.1,93.0,HEALTHY,replay,,0.0
2025-01-02T00:00:00+00:00,AWS-BHO-101,11.9,959.4,82.0,False,,low,0.3,NORMAL,10.9,965.5,93.0,HEALTHY,replay,0.6,0.0
2025-01-02T01:00:00+00:00,AWS-BHO-101,11.4,958.7,83.0,False,,low,0.5,NORMAL,10.3,964.8,93.0,HEALTHY,replay,0.8,0.0
2025-01-02T02:00:00+00:00,AWS-BHO-101,10.8,958.2,86.0,False,,low,0.4,NORMAL,9.4,964.2,94.0,HEALTHY,replay,0.6,0.0
2025-01-02T03:00:00+00:00,AWS-BHO-101,10.0,957.7,91.0,False,,low,0.6,NORMAL,8.8,963.8,94.0,HEALTHY,replay,0.9,0.0
2025-01-02T04:00:00+00:00,AWS-BHO-101,9.3,957.8,93.0,False,,low,0.5,NORMAL,8.6,963.9,94.0,HEALTHY,replay,0.8,0.0
2025-01-02T05:00:00+00:00,AWS-BHO-101,9.1,958.1,93.0,False,,low,0.4,NORMAL,8.1,964.2,94.0,HEALTHY,replay,0.6,0.0
2025-01-02T06:00:00+00:00,AWS-BHO-101,9.4,958.8,93.0,False,,low,0.4,NORMAL,8.4,965.2,92.0,HEALTHY,replay,0.7,0.0
2025-01-02T07:00:00+00:00,AWS-BHO-101,9.6,959.4,92.0,False,,low,0.4,NORMAL,8.8,965.9,90.0,HEALTHY,replay,0.7,0.0
2025-01-02T08:00:00+00:00,AWS-BHO-101,12.6,960.8,82.0,False,,low,2.0,NORMAL,11.6,967.3,84.0,HEALTHY,replay,3.3,0.0
2025-01-02T09:00:00+00:00,AWS-BHO-101,16.1,961.9,72.0,False,,low,13.2,NORMAL,14.9,968.2,72.0,HEALTHY,replay,22.1,0.0
2025-01-02T10:00:00+00:00,AWS-BHO-101,18.7,962.6,58.0,False,,low,26.3,NORMAL,17.6,968.7,58.0,HEALTHY,replay,43.8,0.0
2025-01-02T11:00:00+00:00,AWS-BHO-101,20.6,962.1,46.0,False,,low,16.2,NORMAL,19.6,968.3,48.0,HEALTHY,replay,27.0,0.0
2025-01-02T12:00:00+00:00,AWS-BHO-101,21.9,961.2,42.0,False,,low,15.6,NORMAL,21.0,967.3,45.0,HEALTHY,replay,25.9,0.0
2025-01-02T13:00:00+00:00,AWS-BHO-101,22.6,960.4,42.0,False,,low,5.9,NORMAL,21.9,966.3,45.0,HEALTHY,replay,9.8,0.0
2025-01-02T14:00:00+00:00,AWS-BHO-101,22.9,959.8,43.0,False,,low,1.3,NORMAL,22.2,965.8,45.0,HEALTHY,replay,2.2,0.0
2025-01-02T15:00:00+00:00,AWS-BHO-101,22.7,959.5,46.0,False,,low,0.5,NORMAL,21.9,965.6,47.0,HEALTHY,replay,0.9,0.0
2025-01-02T16:00:00+00:00,AWS-BHO-101,21.6,959.3,57.0,False,,low,1.0,NORMAL,21.0,965.4,62.0,HEALTHY,replay,1.7,0.0
2025-01-02T17:00:00+00:00,AWS-BHO-101,19.1,959.1,68.0,False,,low,1.7,NORMAL,18.3,965.3,72.0,HEALTHY,replay,2.9,0.0
2025-01-02T18:00:00+00:00,AWS-BHO-101,17.7,959.6,71.0,False,,low,1.2,NORMAL,16.5,965.7,76.0,HEALTHY,replay,2.0,0.0
2025-01-02T19:00:00+00:00,AWS-BHO-101,15.8,960.1,78.0,False,,low,1.2,NORMAL,15.5,966.3,77.0,HEALTHY,replay,2.0,0.0
2025-01-02T20:00:00+00:00,AWS-BHO-101,14.8,960.6,81.0,False,,low,0.6,NORMAL,14.3,966.9,82.0,HEALTHY,replay,1.1,0.0
2025-01-02T21:00:00+00:00,AWS-BHO-101,14.3,960.5,81.0,False,,low,0.3,NORMAL,13.3,966.6,84.0,HEALTHY,replay,0.4,0.0
2025-01-02T22:00:00+00:00,AWS-BHO-101,14.1,960.4,80.0,False,,low,0.2,NORMAL,12.6,966.5,83.0,HEALTHY,replay,0.4,0.0
2025-01-02T23:00:00+00:00,AWS-BHO-101,14.0,959.8,79.0,False,,low,0.2,NORMAL,11.9,965.8,83.0,HEALTHY,replay,0.4,0.0
2025-01-03T00:00:00+00:00,AWS-BHO-101,13.5,959.3,78.0,False,,low,0.3,NORMAL,11.3,965.2,82.0,HEALTHY,replay,0.5,0.0
2025-01-03T01:00:00+00:00,AWS-BHO-101,12.9,958.7,78.0,False,,low,0.2,NORMAL,11.3,964.8,80.0,HEALTHY,replay,0.4,0.0
2025-01-03T02:00:00+00:00,AWS-BHO-101,12.2,958.3,80.0,False,,low,0.2,NORMAL,11.1,964.5,82.0,HEALTHY,replay,0.3,0.0
2025-01-03T03:00:00+00:00,AWS-BHO-101,11.5,958.0,82.0,False,,low,0.2,NORMAL,11.0,964.4,82.0,HEALTHY,replay,0.3,0.0
2025-01-03T04:00:00+00:00,AWS-BHO-101,11.1,957.8,85.0,False,,low,0.1,NORMAL,10.9,964.3,83.0,HEALTHY,replay,0.2,0.0
2025-01-03T05:00:00+00:00,AWS-BHO-101,10.9,957.9,88.0,False,,low,0.2,NORMAL,10.3,964.4,84.0,HEALTHY,replay,0.4,0.0
2025-01-03T06:00:00+00:00,AWS-BHO-101,10.9,958.7,90.0,False,,low,0.3,NORMAL,10.1,965.3,85.0,HEALTHY,replay,0.4,0.0
2025-01-03T07:00:00+00:00,AWS-BHO-101,10.9,959.3,90.0,False,,low,0.2,NORMAL,10.3,965.9,86.0,HEALTHY,replay,0.3,0.0
2025-01-03T08:00:00+00:00,AWS-BHO-101,14.0,960.7,80.0,False,,low,1.4,NORMAL,13.1,967.2,81.0,HEALTHY,replay,2.4,0.0
2025-01-03T09:00:00+00:00,AWS-BHO-101,17.8,961.9,71.0,False,,low,8.2,NORMAL,16.7,968.3,75.0,HEALTHY,replay,13.7,0.0
2025-01-03T10:00:00+00:00,AWS-BHO-101,20.9,962.8,62.0,False,,low,19.0,NORMAL,19.5,969.0,64.0,HEALTHY,replay,31.7,0.0
2025-01-03T11:00:00+00:00,AWS-BHO-101,23.1,962.3,51.0,False,,low,14.6,NORMAL,21.5,968.4,54.0,HEALTHY,replay,24.3,0.0
2025-01-03T12:00:00+00:00,AWS-BHO-101,24.3,961.7,44.0,False,,low,8.1,NORMAL,22.7,967.6,49.0,HEALTHY,replay,13.5,0.0
2025-01-03T13:00:00+00:00,AWS-BHO-101,24.9,960.6,41.0,False,,low,5.3,NORMAL,23.5,966.5,47.0,HEALTHY,replay,8.8,0.0
2025-01-03T14:00:00+00:00,AWS-BHO-101,25.1,959.8,41.0,False,,low,1.9,NORMAL,23.8,965.8,46.0,HEALTHY,replay,3.1,0.0
2025-01-03T15:00:00+00:00,AWS-BHO-101,24.8,959.4,42.0,False,,low,0.7,NORMAL,23.6,965.4,50.0,HEALTHY,replay,1.1,0.0
2025-01-03T16:00:00+00:00,AWS-BHO-101,23.7,959.1,57.0,False,,low,2.6,NORMAL,22.5,965.1,63.0,HEALTHY,replay,4.4,0.0
2025-01-03T17:00:00+00:00,AWS-BHO-101,21.2,958.8,66.0,False,,low,2.1,NORMAL,19.3,964.7,74.0,HEALTHY,replay,3.4,0.0
2025-01-03T18:00:00+00:00,AWS-BHO-101,18.4,958.8,75.0,False,,low,3.9,NORMAL,17.1,965.0,79.0,HEALTHY,replay,6.5,0.0
2025-01-03T19:00:00+00:00,AWS-BHO-101,17.1,959.2,81.0,False,,low,2.6,NORMAL,15.9,965.4,82.0,HEALTHY,replay,4.4,0.0
2025-01-03T20:00:00+00:00,AWS-BHO-101,16.1,959.5,81.0,False,,low,1.9,NORMAL,14.8,965.8,84.0,HEALTHY,replay,3.2,0.0
2025-01-03T21:00:00+00:00,AWS-BHO-101,15.3,959.4,80.0,False,,low,0.6,NORMAL,13.9,965.7,86.0,HEALTHY,replay,0.9,0.0
2025-01-03T22:00:00+00:00,AWS-BHO-101,14.5,959.4,81.0,False,,low,0.4,NORMAL,13.3,965.6,86.0,HEALTHY,replay,0.7,0.0
2025-01-03T23:00:00+00:00,AWS-BHO-101,14.0,958.9,81.0,False,,low,0.4,NORMAL,12.9,965.0,85.0,HEALTHY,replay,0.7,0.0
2025-01-04T00:00:00+00:00,AWS-BHO-101,13.4,958.2,83.0,False,,low,0.3,NORMAL,12.7,964.4,84.0,HEALTHY,replay,0.4,0.0
2025-01-04T01:00:00+00:00,AWS-BHO-101,12.8,957.4,86.0,False,,low,0.3,NORMAL,12.3,963.7,84.0,HEALTHY,replay,0.4,0.0
2025-01-04T02:00:00+00:00,AWS-BHO-101,12.4,956.9,86.0,False,,low,0.2,NORMAL,11.8,963.1,84.0,HEALTHY,replay,0.4,0.0
2025-01-04T03:00:00+00:00,AWS-BHO-101,12.0,956.4,86.0,False,,low,0.4,NORMAL,11.4,962.8,84.0,HEALTHY,replay,0.7,0.0
2025-01-04T04:00:00+00:00,AWS-BHO-101,11.9,956.1,86.0,False,,low,0.7,NORMAL,10.9,962.4,85.0,HEALTHY,replay,1.1,0.0
2025-01-04T05:00:00+00:00,AWS-BHO-101,12.0,956.2,85.0,False,,low,0.6,NORMAL,10.5,962.5,85.0,HEALTHY,replay,1.0,0.0
2025-01-04T06:00:00+00:00,AWS-BHO-101,11.9,957.0,87.0,False,,low,0.7,NORMAL,10.6,963.3,83.05,HEALTHY,replay,1.1,0.0
2025-01-04T07:00:00+00:00,AWS-BHO-101,12.1,957.9,85.0,False,,low,0.8,NORMAL,10.4,964.2,84.0,HEALTHY,replay,1.3,0.0
2025-01-04T08:00:00+00:00,AWS-BHO-101,15.1,959.2,75.0,False,,low,1.8,NORMAL,12.91,965.6,83.1,HEALTHY,replay,3.0,0.0
2025-01-04T09:00:00+00:00,AWS-BHO-101,18.6,960.4,67.0,False,,low,7.3,NORMAL,15.1,966.7,80.0,HEALTHY,replay,12.1,0.0
2025-01-04T10:00:00+00:00,AWS-BHO-101,21.4,961.2,57.0,False,,low,14.1,NORMAL,19.0,967.3,66.0,HEALTHY,replay,23.5,0.0
2025-01-04T11:00:00+00:00,AWS-BHO-101,23.3,960.9,45.0,False,,low,9.5,NORMAL,21.9,966.9,51.0,HEALTHY,replay,15.8,0.0
2025-01-04T12:00:00+00:00,AWS-BHO-101,24.4,959.8,39.0,False,,low,8.1,NORMAL,23.1,965.8,45.0,HEALTHY,replay,13.5,0.0
2025-01-04T13:00:00+00:00,AWS-BHO-101,25.1,958.9,36.0,False,,low,3.5,NORMAL,23.8,964.9,44.0,HEALTHY,replay,5.8,0.0
2025-01-04T14:00:00+00:00,AWS-BHO-101,25.2,957.8,35.0,False,,low,3.3,NORMAL,24.0,963.9,44.0,HEALTHY,replay,5.5,0.0
2025-01-04T15:00:00+00:00,AWS-BHO-101,24.9,957.3,37.0,False,,low,1.1,NORMAL,23.8,963.4,46.0,HEALTHY,replay,1.8,0.0
2025-01-04T16:00:00+00:00,AWS-BHO-101,23.8,956.9,48.0,False,,low,3.1,NORMAL,22.8,962.9,67.0,HEALTHY,replay,5.2,0.0
2025-01-04T17:00:00+00:00,AWS-BHO-101,20.3,956.5,64.0,False,,low,7.1,NORMAL,20.0,962.6,70.0,HEALTHY,replay,11.8,0.0
2025-01-04T18:00:00+00:00,AWS-BHO-101,18.6,957.0,76.0,False,,low,9.6,NORMAL,18.0,963.2,75.0,HEALTHY,replay,16.0,0.0
2025-01-04T19:00:00+00:00,AWS-BHO-101,17.0,957.6,80.0,False,,low,3.4,NORMAL,16.8,963.9,79.0,HEALTHY,replay,5.6,0.0
2025-01-04T20:00:00+00:00,AWS-BHO-101,16.2,958.0,81.0,False,,low,1.5,NORMAL,15.8,964.4,82.0,HEALTHY,replay,2.5,0.0
2025-01-04T21:00:00+00:00,AWS-BHO-101,15.3,957.9,82.0,False,,low,0.4,NORMAL,15.1,964.3,86.0,HEALTHY,replay,0.7,0.0
2025-01-04T22:00:00+00:00,AWS-BHO-101,14.6,957.9,84.0,False,,low,0.3,NORMAL,14.5,964.2,87.0,HEALTHY,replay,0.5,0.0
2025-01-04T23:00:00+00:00,AWS-BHO-101,14.4,957.3,81.0,False,,low,0.3,NORMAL,13.8,963.6,83.0,HEALTHY,replay,0.5,0.0
2025-01-05T00:00:00+00:00,AWS-BHO-101,14.2,956.6,78.0,False,,low,0.4,NORMAL,12.9,962.8,84.0,HEALTHY,replay,0.6,0.0
2025-01-05T01:00:00+00:00,AWS-BHO-101,13.8,956.0,77.0,False,,low,0.4,NORMAL,12.1,962.3,82.0,HEALTHY,replay,0.6,0.0
2025-01-05T02:00:00+00:00,AWS-BHO-101,13.2,955.4,78.0,False,,low,0.5,NORMAL,11.4,961.6,82.0,HEALTHY,replay,0.9,0.0
2025-01-05T03:00:00+00:00,AWS-BHO-101,12.5,955.2,81.0,False,,low,0.3,NORMAL,11.2,961.4,82.0,HEALTHY,replay,0.5,0.0
2025-01-05T04:00:00+00:00,AWS-BHO-101,12.2,955.1,81.0,False,,low,0.6,NORMAL,11.2,961.4,81.0,HEALTHY,replay,1.0,0.0
2025-01-05T05:00:00+00:00,AWS-BHO-101,12.5,955.4,78.0,False,,low,0.6,NORMAL,11.3,961.7,76.0,HEALTHY,replay,1.1,0.0
2025-01-05T06:00:00+00:00,AWS-BHO-101,13.5,956.2,74.0,False,,low,1.1,NORMAL,11.3,962.5,71.0,WARNING,replay,1.8,0.0
2025-01-05T07:00:00+00:00,AWS-BHO-101,13.6,956.8,69.0,False,,low,0.9,NORMAL,12.5,963.1,70.0,WARNING,replay,1.6,0.0
2025-01-05T08:00:00+00:00,AWS-BHO-101,15.3,958.0,62.0,False,,low,1.1,NORMAL,14.6,964.4,68.0,WARNING,replay,1.8,0.0
2025-01-05T09:00:00+00:00,AWS-BHO-101,17.7,959.0,58.0,False,,low,2.0,NORMAL,17.0,965.6,66.0,WARNING,replay,3.4,0.0
2025-01-05T10:00:00+00:00,AWS-BHO-101,21.1,959.5,50.0,False,,low,5.4,NORMAL,19.0,965.9,61.0,WARNING,replay,9.0,0.0
2025-01-05T11:00:00+00:00,AWS-BHO-101,23.4,959.3,44.0,False,,low,2.9,NORMAL,21.3,965.2,58.0,WARNING,replay,4.8,0.0
2025-01-05T12:00:00+00:00,AWS-BHO-101,23.3,958.4,45.0,False,,low,0.9,NORMAL,22.1,964.5,59.0,WARNING,replay,1.4,0.0
2025-01-05T13:00:00+00:00,AWS-BHO-101,23.6,957.4,45.0,False,,low,0.8,NORMAL,22.2,963.6,54.0,WARNING,replay,1.3,0.0
2025-01-05T14:00:00+00:00,AWS-BHO-101,22.9,956.8,49.0,False,,low,0.7,NORMAL,21.9,963.0,57.0,WARNING,replay,1.2,0.0
2025-01-05T15:00:00+00:00,AWS-BHO-101,21.9,956.0,60.0,False,,low,3.1,NORMAL,21.5,962.5,64.0,WARNING,replay,5.2,0.0
2025-01-05T16:00:00+00:00,AWS-BHO-101,21.3,955.7,67.0,False,,low,1.7,NORMAL,20.4,961.7,75.0,WARNING,replay,2.8,0.0
2025-01-05T17:00:00+00:00,AWS-BHO-101,19.7,955.5,75.0,False,,low,0.5,NORMAL,19.2,961.5,77.0,WARNING,replay,0.9,0.0
2025-01-05T18:00:00+00:00,AWS-BHO-101,18.5,956.3,80.0,False,,low,0.6,NORMAL,18.3,962.4,76.0,WARNING,replay,1.0,0.0
2025-01-05T19:00:00+00:00,AWS-BHO-101,17.5,956.4,82.0,False,,low,0.3,NORMAL,17.3,963.0,73.0,WARNING,replay,0.5,0.0
2025-01-05T20:00:00+00:00,AWS-BHO-101,16.0,956.7,85.0,False,,low,0.3,NORMAL,15.6,964.8,93.0,WARNING,replay,0.5,0.0
2025-01-05T21:00:00+00:00,AWS-BHO-101,15.1,956.7,84.0,False,,low,0.2,NORMAL,14.9,964.2,91.0,WARNING,replay,0.3,0.0
2025-01-05T22:00:00+00:00,AWS-BHO-101,14.2,956.3,85.0,False,,low,0.1,NORMAL,13.8,964.7,82.0,WARNING,replay,0.2,0.0
2025-01-05T23:00:00+00:00,AWS-BHO-101,14.0,956.0,83.0,False,,low,0.2,NORMAL,12.5,963.53,80.0,WARNING,replay,0.4,0.0
2025-01-06T00:00:00+00:00,AWS-BHO-101,14.0,955.6,79.0,False,,low,0.3,NORMAL,11.9,963.8,86.0,WARNING,replay,0.5,0.0
2025-01-06T01:00:00+00:00,AWS-BHO-101,13.5,955.0,80.0,False,,low,0.1,NORMAL,14.2,961.9,73.0,WARNING,replay,0.2,0.0
2025-01-06T02:00:00+00:00,AWS-BHO-101,12.9,954.6,84.0,False,,low,0.2,NORMAL,11.3,962.81,83.0,WARNING,replay,0.3,0.0
2025-01-06T03:00:00+00:00,AWS-BHO-101,12.2,954.2,90.0,False,,low,0.2,NORMAL,13.4,960.9,83.0,WARNING,replay,0.4,0.0
2025-01-06T04:00:00+00:00,AWS-BHO-101,11.9,954.3,90.0,False,,low,0.2,NORMAL,13.1,961.0,82.0,WARNING,replay,0.3,0.0
2025-01-06T05:00:00+00:00,AWS-BHO-101,11.7,954.6,90.0,False,,low,0.3,NORMAL,12.5,961.2,81.0,WARNING,replay,0.4,0.0
2025-01-06T06:00:00+00:00,AWS-BHO-101,11.7,955.3,91.0,False,,low,0.3,NORMAL,12.3,961.9,81.0,WARNING,replay,0.6,0.0
2025-01-06T07:00:00+00:00,AWS-BHO-101,11.9,956.0,91.0,False,,low,0.4,NORMAL,12.2,962.3,82.0,HEALTHY,replay,0.7,0.0
2025-01-06T08:00:00+00:00,AWS-BHO-101,15.2,957.5,81.0,False,,low,2.0,NORMAL,14.7,963.6,77.0,HEALTHY,replay,3.4,0.0
2025-01-06T09:00:00+00:00,AWS-BHO-101,19.2,959.1,66.0,False,,low,14.3,NORMAL,18.1,965.1,71.0,HEALTHY,replay,23.8,0.0
2025-01-06T10:00:00+00:00,AWS-BHO-101,21.6,959.6,55.0,False,,low,12.4,NORMAL,20.9,965.4,62.0,HEALTHY,replay,20.7,0.0
2025-01-06T11:00:00+00:00,AWS-BHO-101,23.2,959.1,53.0,False,,low,1.9,NORMAL,23.0,965.0,55.0,HEALTHY,replay,3.2,0.0
2025-01-06T12:00:00+00:00,AWS-BHO-101,24.4,958.2,50.0,False,,low,1.2,NORMAL,24.2,964.1,50.0,HEALTHY,replay,2.0,0.0
2025-01-06T13:00:00+00:00,AWS-BHO-101,25.0,957.4,47.0,False,,low,0.9,NORMAL,25.0,963.2,47.0,HEALTHY,replay,1.5,0.0
2025-01-06T14:00:00+00:00,AWS-BHO-101,25.2,956.9,47.0,False,,low,0.6,NORMAL,25.3,962.6,46.0,HEALTHY,replay,1.1,0.0
2025-01-06T15:00:00+00:00,AWS-BHO-101,24.9,956.6,48.0,False,,low,1.0,NORMAL,25.2,962.3,48.0,HEALTHY,replay,1.6,0.0
2025-01-06T16:00:00+00:00,AWS-BHO-101,24.1,956.4,50.0,False,,low,0.6,NORMAL,24.1,962.0,60.0,HEALTHY,replay,1.0,0.0
2025-01-06T17:00:00+00:00,AWS-BHO-101,21.9,956.2,63.0,False,,low,1.0,NORMAL,21.2,961.8,73.0,HEALTHY,replay,1.7,0.0
2025-01-06T18:00:00+00:00,AWS-BHO-101,20.0,956.7,71.0,False,,low,0.5,NORMAL,19.0,962.3,84.0,HEALTHY,replay,0.8,0.0
2025-01-06T19:00:00+00:00,AWS-BHO-101,18.7,957.2,76.0,False,,low,0.4,NORMAL,18.1,962.9,87.0,HEALTHY,replay,0.7,0.0
2025-01-06T20:00:00+00:00,AWS-BHO-101,17.8,958.0,80.0,False,,low,0.6,NORMAL,17.2,963.7,84.0,HEALTHY,replay,1.0,0.0
2025-01-06T21:00:00+00:00,AWS-BHO-101,16.7,958.6,86.0,False,,low,1.0,NORMAL,16.4,964.2,85.0,HEALTHY,replay,1.7,0.0
2025-01-06T22:00:00+00:00,AWS-BHO-101,15.6,958.9,93.0,False,,low,1.7,NORMAL,15.3,964.7,89.0,HEALTHY,replay,2.8,0.0
2025-01-06T23:00:00+00:00,AWS-BHO-101,14.7,958.8,96.0,False,,low,0.6,NORMAL,14.3,964.7,92.0,HEALTHY,replay,1.0,0.0
2025-01-07T00:00:00+00:00,AWS-BHO-101,14.0,958.7,97.0,False,,low,0.5,NORMAL,13.5,966.7,96.0,HEALTHY,replay,0.9,0.0
2025-01-07T01:00:00+00:00,AWS-BHO-101,13.4,958.6,97.0,False,,low,0.5,NORMAL,13.0,964.6,97.0,HEALTHY,replay,0.8,0.0
2025-01-07T02:00:00+00:00,AWS-BHO-101,13.0,958.5,98.0,False,,low,0.6,NORMAL,12.4,964.5,97.0,HEALTHY,replay,1.0,0.0
2025-01-07T03:00:00+00:00,AWS-BHO-101,12.6,958.4,99.0,False,,low,0.6,NORMAL,11.7,964.7,97.9,HEALTHY,replay,0.9,0.0
2025-01-07T04:00:00+00:00,AWS-BHO-101,12.2,958.4,99.0,False,,low,0.7,NORMAL,11.1,964.8,98.37,HEALTHY,replay,1.1,0.0
2025-01-07T05:00:00+00:00,AWS-BHO-101,11.6,958.7,98.0,False,,low,1.1,NORMAL,11.0,965.2,99.0,OFFLINE,replay,1.8,0.0
2025-01-07T06:00:00+00:00,AWS-BHO-101,10.5,959.6,98.0,False,,low,1.7,NORMAL,10.4,966.3,99.0,OFFLINE,replay,2.8,0.0
2025-01-07T07:00:00+00:00,AWS-BHO-101,10.2,960.4,97.0,False,,low,3.8,NORMAL,9.9,966.8,100.0,OFFLINE,replay,6.4,0.0
2025-01-07T08:00:00+00:00,AWS-BHO-101,11.7,961.7,90.0,True,REGIONAL_EVENT,low,47.2,RULE_ENGINE_BYPASS,10.7,968.1,95.58,OFFLINE,replay,18.0,91.0
2025-01-07T09:00:00+00:00,AWS-BHO-101,13.9,962.6,79.0,True,REGIONAL_EVENT,medium,63.8,RULE_ENGINE_BYPASS,12.5,968.8,86.0,OFFLINE,replay,45.6,91.0
2025-01-07T10:00:00+00:00,AWS-BHO-101,16.2,962.6,70.0,True,REGIONAL_EVENT,high,85.5,RULE_ENGINE_BYPASS,14.7,968.7,78.86,OFFLINE,replay,81.9,91.0
2025-01-07T11:00:00+00:00,AWS-BHO-101,18.2,962.0,63.0,True,REGIONAL_EVENT,high,84.4,RULE_ENGINE_BYPASS,16.6,967.9,73.0,OFFLINE,replay,80.0,91.0
2025-01-07T12:00:00+00:00,AWS-BHO-101,19.6,960.8,55.0,True,REGIONAL_EVENT,high,83.7,RULE_ENGINE_BYPASS,18.2,966.7,68.0,OFFLINE,replay,78.8,91.0
2025-01-07T13:00:00+00:00,AWS-BHO-101,20.4,959.6,50.0,False,,low,50.5,NORMAL,19.3,965.7,63.0,OFFLINE,replay,84.2,0.0
2025-01-07T14:00:00+00:00,AWS-BHO-101,20.8,958.7,49.0,False,,low,41.4,NORMAL,19.9,964.6,56.0,OFFLINE,replay,69.0,0.0
2025-01-07T15:00:00+00:00,AWS-BHO-101,20.7,958.2,45.0,False,,low,48.4,NORMAL,19.8,964.1,56.0,OFFLINE,replay,80.6,0.0
2025-01-07T16:00:00+00:00,AWS-BHO-101,19.9,957.9,48.0,False,,low,52.8,NORMAL,19.2,963.9,60.35,OFFLINE,replay,87.9,0.0
2025-01-07T17:00:00+00:00,AWS-BHO-101,17.5,957.7,62.0,False,,low,43.7,NORMAL,16.8,963.5,75.0,OFFLINE,replay,72.8,0.0
2025-01-07T18:00:00+00:00,AWS-BHO-101,15.6,958.2,74.0,False,,low,32.7,NORMAL,14.7,964.1,86.0,OFFLINE,replay,54.5,0.0
2025-01-07T19:00:00+00:00,AWS-BHO-101,14.6,958.4,77.0,False,,low,36.1,NORMAL,13.9,964.4,87.0,OFFLINE,replay,60.2,0.0
2025-01-07T20:00:00+00:00,AWS-BHO-101,13.7,958.9,77.0,False,,low,36.7,NORMAL,12.8,964.8,87.0,OFFLINE,replay,61.1,0.0
2025-01-07T21:00:00+00:00,AWS-BHO-101,12.8,959.5,80.0,False,,low,30.4,NORMAL,12.2,965.3,91.0,OFFLINE,replay,50.7,0.0
2025-01-07T22:00:00+00:00,AWS-BHO-101,11.6,959.3,85.0,False,,low,26.3,NORMAL,11.7,965.4,94.0,OFFLINE,replay,43.8,0.0
2025-01-07T23:00:00+00:00,AWS-BHO-101,10.5,958.6,90.0,False,,low,22.0,NORMAL,11.0,964.7,93.0,OFFLINE,replay,36.6,0.0
2025-01-08T00:00:00+00:00,AWS-BHO-101,9.7,958.1,93.0,False,,low,9.1,NORMAL,10.1,964.3,94.0,OFFLINE,replay,15.2,0.0
2025-01-08T01:00:00+00:00,AWS-BHO-101,9.0,957.5,95.0,False,,low,13.3,NORMAL,9.2,963.7,95.0,OFFLINE,replay,22.2,0.0
2025-01-08T02:00:00+00:00,AWS-BHO-101,8.4,956.9,97.0,False,,low,15.9,NORMAL,8.5,963.1,97.0,OFFLINE,replay,26.5,0.0
2025-01-08T03:00:00+00:00,AWS-BHO-101,8.0,956.7,98.0,False,,low,18.3,NORMAL,7.6,963.0,99.0,HEALTHY,replay,30.4,0.0
2025-01-08T04:00:00+00:00,AWS-BHO-101,7.2,956.7,99.0,False,,low,8.1,NORMAL,7.2,963.0,99.0,OFFLINE,replay,13.4,0.0
2025-01-08T05:00:00+00:00,AWS-BHO-101,6.9,956.8,100.0,False,,low,10.5,NORMAL,7.0,963.3,100.0,OFFLINE,replay,17.4,0.0
2025-01-08T06:00:00+00:00,AWS-BHO-101,6.9,957.6,100.0,False,,low,17.3,NORMAL,6.4,963.7,100.0,OFFLINE,replay,28.8,0.0
2025-01-08T07:00:00+00:00,AWS-BHO-101,7.2,958.7,99.0,False,,low,27.5,NORMAL,7.2,964.6,100.0,HEALTHY,replay,45.8,0.0
2025-01-08T08:00:00+00:00,AWS-BHO-101,8.2,960.3,96.0,False,,low,28.7,NORMAL,9.0,966.2,97.0,WARNING,replay,47.8,0.0
2025-01-08T09:00:00+00:00,AWS-BHO-101,10.4,961.6,89.0,True,drift,high,82.4,RULE_ENGINE_BYPASS,11.4,967.6,92.0,WARNING,replay,76.5,91.3
2025-01-08T10:00:00+00:00,AWS-BHO-101,13.6,961.7,76.0,True,drift,high,74.6,RULE_ENGINE_BYPASS,13.9,967.8,79.0,WARNING,replay,63.1,91.9
2025-01-08T11:00:00+00:00,AWS-BHO-101,16.3,961.0,58.0,True,drift,high,84.3,RULE_ENGINE_BYPASS,15.7,967.1,66.0,WARNING,replay,79.2,92.1
2025-01-08T12:00:00+00:00,AWS-BHO-101,18.1,960.1,47.0,False,,low,50.3,NORMAL,17.1,966.1,59.0,OFFLINE,replay,83.8,0.0
2025-01-08T13:00:00+00:00,AWS-BHO-101,19.1,959.1,42.0,False,,low,51.2,NORMAL,18.2,965.2,54.0,OFFLINE,replay,85.4,0.0
2025-01-08T14:00:00+00:00,AWS-BHO-101,19.7,958.5,40.0,True,unstructured_anomaly,critical,92.8,ML_MODEL_ISOLATION,18.7,964.5,52.0,OFFLINE,replay,92.8,0.0
2025-01-08T15:00:00+00:00,AWS-BHO-101,19.7,958.2,39.0,True,unstructured_anomaly,critical,91.5,ML_MODEL_ISOLATION,18.7,964.2,51.0,HEALTHY,replay,91.5,0.0
2025-01-08T16:00:00+00:00,AWS-BHO-101,19.0,958.1,41.0,True,unstructured_anomaly,critical,90.3,ML_MODEL_ISOLATION,17.8,964.2,55.0,OFFLINE,replay,90.3,0.0
2025-01-08T17:00:00+00:00,AWS-BHO-101,16.6,957.9,59.0,False,,low,40.6,NORMAL,15.0,963.9,70.0,OFFLINE,replay,67.6,0.0
2025-01-08T18:00:00+00:00,AWS-BHO-101,15.2,957.8,60.0,False,,low,41.5,NORMAL,13.0,965.8,79.0,OFFLINE,replay,69.1,0.0
2025-01-08T19:00:00+00:00,AWS-BHO-101,13.7,958.2,62.0,False,,low,39.6,NORMAL,12.0,964.4,82.0,HEALTHY,replay,66.0,0.0
2025-01-08T20:00:00+00:00,AWS-BHO-101,12.5,958.5,66.0,False,,low,15.1,NORMAL,11.1,964.8,86.0,WARNING,replay,25.2,0.0
2025-01-08T21:00:00+00:00,AWS-BHO-101,11.5,958.6,73.0,False,,low,16.6,NORMAL,10.5,964.8,83.0,WARNING,replay,27.6,0.0
2025-01-08T22:00:00+00:00,AWS-BHO-101,11.0,958.5,83.0,False,,low,26.1,NORMAL,10.0,964.7,89.0,WARNING,replay,43.4,0.0
2025-01-08T23:00:00+00:00,AWS-BHO-101,10.4,958.1,89.0,False,,low,22.9,NORMAL,9.6,964.3,85.0,WARNING,replay,38.1,0.0
2025-01-09T00:00:00+00:00,AWS-BHO-101,10.1,957.8,90.0,False,,low,19.7,NORMAL,9.4,964.0,83.0,WARNING,replay,32.9,0.0
2025-01-09T01:00:00+00:00,AWS-BHO-101,10.1,957.4,89.0,False,,low,16.1,NORMAL,9.0,963.7,82.0,WARNING,replay,26.9,0.0
2025-01-09T02:00:00+00:00,AWS-BHO-101,9.9,957.2,88.0,False,,low,12.3,NORMAL,8.5,963.4,81.0,WARNING,replay,20.5,0.0
2025-01-09T03:00:00+00:00,AWS-BHO-101,9.8,956.7,87.0,False,,low,13.3,NORMAL,8.1,962.9,81.0,WARNING,replay,22.2,0.0
2025-01-09T04:00:00+00:00,AWS-BHO-101,9.6,956.7,87.0,False,,low,10.7,NORMAL,8.0,963.0,84.0,WARNING,replay,17.8,0.0
2025-01-09T05:00:00+00:00,AWS-BHO-101,9.3,957.1,85.0,False,,low,6.0,NORMAL,8.0,963.5,88.0,WARNING,replay,10.0,0.0
2025-01-09T06:00:00+00:00,AWS-BHO-101,9.0,958.0,77.0,False,,low,15.2,NORMAL,7.9,964.4,92.0,WARNING,replay,25.3,0.0
2025-01-09T07:00:00+00:00,AWS-BHO-101,8.9,958.9,78.0,False,,low,7.4,NORMAL,8.3,965.3,93.0,WARNING,replay,12.4,0.0
2025-01-09T08:00:00+00:00,AWS-BHO-101,11.7,960.3,75.0,False,,low,30.7,NORMAL,11.3,966.9,84.0,WARNING,replay,51.1,0.0
2025-01-09T09:00:00+00:00,AWS-BHO-101,15.2,961.7,68.0,False,,low,51.9,NORMAL,14.4,968.2,74.0,HEALTHY,replay,86.6,0.0
2025-01-09T10:00:00+00:00,AWS-BHO-101,18.3,961.9,56.0,True,unstructured_anomaly,critical,90.7,ML_MODEL_ISOLATION,17.3,968.3,65.0,HEALTHY,replay,90.7,0.0
2025-01-09T11:00:00+00:00,AWS-BHO-101,20.4,961.3,45.0,True,spike,critical,91.5,MODEL_OVERRIDE,19.2,967.6,55.0,HEALTHY,replay,95.7,85.2
2025-01-09T12:00:00+00:00,AWS-BHO-101,21.7,960.3,39.0,True,spike,critical,91.1,MODEL_OVERRIDE,20.5,966.5,48.0,HEALTHY,replay,94.1,86.5
2025-01-09T13:00:00+00:00,AWS-BHO-101,22.6,959.5,37.0,True,spike,critical,91.1,MODEL_OVERRIDE,21.3,965.6,44.0,OFFLINE,replay,93.6,87.4
2025-01-09T14:00:00+00:00,AWS-BHO-101,22.9,958.6,35.0,True,spike,critical,90.3,MODEL_OVERRIDE,21.7,964.8,42.0,OFFLINE,replay,92.1,87.7
2025-01-09T15:00:00+00:00,AWS-BHO-101,22.8,958.3,36.0,True,spike,critical,92.4,MODEL_OVERRIDE,21.6,964.5,42.0,OFFLINE,replay,95.6,87.6
2025-01-09T16:00:00+00:00,AWS-BHO-101,22.1,958.3,37.0,True,spike,critical,92.4,MODEL_OVERRIDE,20.7,964.3,54.0,OFFLINE,replay,96.1,86.9
2025-01-09T17:00:00+00:00,AWS-BHO-101,19.0,958.1,53.0,False,,low,49.0,NORMAL,17.8,964.2,66.0,OFFLINE,replay,81.7,0.0
2025-01-09T18:00:00+00:00,AWS-BHO-101,17.2,958.8,63.0,False,,low,24.8,NORMAL,16.2,964.9,74.0,OFFLINE,replay,41.4,0.0
2025-01-09T19:00:00+00:00,AWS-BHO-101,15.9,959.3,69.0,False,,low,17.5,NORMAL,15.3,965.3,74.0,HEALTHY,replay,29.2,0.0
2025-01-09T20:00:00+00:00,AWS-BHO-101,15.2,959.9,72.0,False,,low,7.4,NORMAL,14.3,966.0,75.0,OFFLINE,replay,12.3,0.0
2025-01-09T21:00:00+00:00,AWS-BHO-101,14.4,960.4,75.0,False,,low,9.5,NORMAL,12.9,966.4,81.0,OFFLINE,replay,15.8,0.0
2025-01-09T22:00:00+00:00,AWS-BHO-101,13.8,960.6,75.0,False,,low,12.2,NORMAL,11.5,966.7,81.0,OFFLINE,replay,20.4,0.0
2025-01-09T23:00:00+00:00,AWS-BHO-101,13.2,960.3,75.0,False,,low,11.1,NORMAL,10.6,966.4,77.0,HEALTHY,replay,18.4,0.0
2025-01-10T00:00:00+00:00,AWS-BHO-101,12.7,959.9,76.0,False,,low,1.9,NORMAL,10.1,966.2,75.0,WARNING,replay,3.2,0.0
2025-01-10T01:00:00+00:00,AWS-BHO-101,12.6,959.5,71.0,False,,low,3.1,NORMAL,10.0,965.7,77.0,WARNING,replay,5.1,0.0
2025-01-10T02:00:00+00:00,AWS-BHO-101,12.5,959.1,66.0,False,,low,1.8,NORMAL,10.0,965.4,78.0,WARNING,replay,3.1,0.0
2025-01-10T03:00:00+00:00,AWS-BHO-101,12.3,958.7,66.0,False,,low,1.1,NORMAL,10.0,965.2,78.0,WARNING,replay,1.8,0.0
2025-01-10T04:00:00+00:00,AWS-BHO-101,12.0,958.5,69.0,False,,low,2.5,NORMAL,9.6,964.9,81.0,WARNING,replay,4.2,0.0
2025-01-10T05:00:00+00:00,AWS-BHO-101,11.5,958.6,72.0,False,,low,4.1,NORMAL,8.9,965.0,84.0,WARNING,replay,6.8,0.0
2025-01-10T06:00:00+00:00,AWS-BHO-101,10.8,959.4,76.0,False,,low,2.4,NORMAL,8.7,965.7,85.0,WARNING,replay,4.0,0.0
2025-01-10T07:00:00+00:00,AWS-BHO-101,10.6,960.0,78.0,False,,low,4.2,NORMAL,9.3,966.6,83.0,WARNING,replay,7.0,0.0
2025-01-10T08:00:00+00:00,AWS-BHO-101,12.9,961.4,69.0,False,,low,24.0,NORMAL,12.0,968.1,77.0,WARNING,replay,40.0,0.0
2025-01-10T09:00:00+00:00,AWS-BHO-101,16.4,962.8,58.0,True,unstructured_anomaly,critical,95.2,ML_MODEL_ISOLATION,15.0,969.3,68.0,WARNING,replay,95.2,0.0
2025-01-10T10:00:00+00:00,AWS-BHO-101,19.8,963.3,45.0,True,unstructured_anomaly,critical,98.7,ML_MODEL_ISOLATION,17.5,969.5,61.0,WARNING,replay,98.7,0.0
2025-01-10T11:00:00+00:00,AWS-BHO-101,21.9,962.8,36.0,True,unstructured_anomaly,critical,98.4,ML_MODEL_ISOLATION,19.7,968.9,55.0,WARNING,replay,98.4,0.0
2025-01-10T12:00:00+00:00,AWS-BHO-101,23.1,961.7,32.0,True,spike,critical,92.8,MODEL_OVERRIDE,21.3,967.9,51.0,WARNING,replay,97.8,85.2
2025-01-10T13:00:00+00:00,AWS-BHO-101,23.9,960.9,30.0,True,spike,critical,92.4,MODEL_OVERRIDE,22.3,967.0,45.0,WARNING,replay,96.8,85.9
2025-01-10T14:00:00+00:00,AWS-BHO-101,24.2,960.0,30.0,True,spike,critical,92.3,MODEL_OVERRIDE,22.8,966.2,43.0,WARNING,replay,96.3,86.2
2025-01-10T15:00:00+00:00,AWS-BHO-101,24.0,959.3,31.0,True,spike,critical,91.7,MODEL_OVERRIDE,22.9,965.5,43.0,OFFLINE,replay,95.6,86.0
2025-01-10T16:00:00+00:00,AWS-BHO-101,23.3,958.9,34.0,True,spike,critical,91.4,MODEL_OVERRIDE,22.2,965.2,48.0,OFFLINE,replay,95.4,85.4
2025-01-10T17:00:00+00:00,AWS-BHO-101,20.3,958.5,50.0,True,unstructured_anomaly,critical,91.1,ML_MODEL_ISOLATION,19.5,964.6,62.0,OFFLINE,replay,91.1,0.0
2025-01-10T18:00:00+00:00,AWS-BHO-101,18.0,958.3,63.0,False,,low,52.5,NORMAL,17.1,964.5,66.0,OFFLINE,replay,87.5,0.0
2025-01-10T19:00:00+00:00,AWS-BHO-101,16.8,958.5,68.0,False,,low,51.9,NORMAL,15.4,964.8,73.0,HEALTHY,replay,86.4,0.0
2025-01-10T20:00:00+00:00,AWS-BHO-101,16.3,959.0,65.0,False,,low,40.1,NORMAL,14.2,965.0,79.0,OFFLINE,replay,66.8,0.0
2025-01-10T21:00:00+00:00,AWS-BHO-101,15.6,959.6,65.0,False,,low,41.4,NORMAL,13.3,965.6,82.0,OFFLINE,replay,69.1,0.0
2025-01-10T22:00:00+00:00,AWS-BHO-101,15.4,959.8,65.0,False,,low,46.7,NORMAL,12.8,965.9,77.0,OFFLINE,replay,77.8,0.0
2025-01-10T23:00:00+00:00,AWS-BHO-101,15.1,959.4,64.0,False,,low,44.0,NORMAL,12.5,965.5,81.0,HEALTHY,replay,73.3,0.0
2025-01-11T00:00:00+00:00,AWS-BHO-101,14.4,958.9,67.0,False,,low,17.1,NORMAL,13.0,965.2,77.0,WARNING,replay,28.5,0.0
2025-01-11T01:00:00+00:00,AWS-BHO-101,14.2,958.5,67.0,False,,low,10.3,NORMAL,13.0,964.9,79.0,WARNING,replay,17.1,0.0
2025-01-11T02:00:00+00:00,AWS-BHO-101,14.2,958.1,66.0,False,,low,17.3,NORMAL,12.5,964.4,81.0,WARNING,replay,28.8,0.0
2025-01-11T03:00:00+00:00,AWS-BHO-101,13.6,957.7,69.0,False,,low,4.0,NORMAL,11.9,964.0,84.0,WARNING,replay,6.7,0.0
2025-01-11T04:00:00+00:00,AWS-BHO-101,13.0,957.6,73.0,False,,low,3.6,NORMAL,11.2,963.9,84.0,WARNING,replay,6.1,0.0
2025-01-11T05:00:00+00:00,AWS-BHO-101,12.7,957.7,75.0,False,,low,6.0,NORMAL,11.1,964.0,83.0,WARNING,replay,10.0,0.0
2025-01-11T06:00:00+00:00,AWS-BHO-101,12.3,958.3,78.0,False,,low,6.1,NORMAL,10.9,964.7,84.0,WARNING,replay,10.2,0.0
2025-01-11T07:00:00+00:00,AWS-BHO-101,12.4,958.8,78.0,False,,low,6.5,NORMAL,11.1,965.2,83.0,WARNING,replay,10.9,0.0
2025-01-11T08:00:00+00:00,AWS-BHO-101,15.1,960.1,67.0,False,,low,48.9,NORMAL,13.7,966.6,74.0,WARNING,replay,81.4,0.0
2025-01-11T09:00:00+00:00,AWS-BHO-101,18.7,961.1,56.0,True,unstructured_anomaly,critical,95.1,ML_MODEL_ISOLATION,16.7,967.4,68.0,WARNING,replay,95.1,0.0
2025-01-11T10:00:00+00:00,AWS-BHO-101,21.7,961.5,48.0,True,spike,critical,92.2,MODEL_OVERRIDE,19.3,967.8,59.0,WARNING,replay,96.1,86.4
2025-01-11T11:00:00+00:00,AWS-BHO-101,23.7,960.9,44.0,True,spike,critical,93.3,MODEL_OVERRIDE,21.8,967.2,52.0,WARNING,replay,96.1,89.2
2025-01-11T12:00:00+00:00,AWS-BHO-101,24.8,959.7,41.0,True,spike,critical,93.4,MODEL_OVERRIDE,23.4,966.0,48.0,WARNING,replay,95.7,89.9
2025-01-11T13:00:00+00:00,AWS-BHO-101,25.4,958.8,41.0,True,spike,critical,92.5,MODEL_OVERRIDE,24.2,965.0,46.0,OFFLINE,replay,94.2,89.9
2025-01-11T14:00:00+00:00,AWS-BHO-101,25.6,957.9,41.0,True,spike,critical,93.3,MODEL_OVERRIDE,24.5,964.1,45.0,OFFLINE,replay,95.6,89.9
2025-01-11T15:00:00+00:00,AWS-BHO-101,25.4,957.4,41.0,True,spike,critical,93.8,MODEL_OVERRIDE,24.5,963.6,45.0,OFFLINE,replay,96.5,89.9
2025-01-11T16:00:00+00:00,AWS-BHO-101,24.6,957.3,45.0,True,spike,critical,93.7,MODEL_OVERRIDE,23.9,963.5,50.0,OFFLINE,replay,96.3,89.9
2025-01-11T17:00:00+00:00,AWS-BHO-101,22.8,957.1,53.0,True,spike,critical,93.8,MODEL_OVERRIDE,21.1,963.0,64.0,OFFLINE,replay,97.7,87.9
2025-01-11T18:00:00+00:00,AWS-BHO-101,20.2,957.1,66.0,True,unstructured_anomaly,critical,94.6,ML_MODEL_ISOLATION,18.9,962.9,71.0,OFFLINE,replay,94.6,0.0
2025-01-11T19:00:00+00:00,AWS-BHO-101,19.0,957.5,73.0,True,multivariate_inconsistency,high,75.6,MODEL_OVERRIDE,17.6,963.5,71.0,OFFLINE,replay,91.5,51.9
2025-01-11T20:00:00+00:00,AWS-BHO-101,17.9,957.7,76.0,True,multivariate_inconsistency,high,74.5,MODEL_OVERRIDE,17.3,964.0,73.0,OFFLINE,replay,91.9,48.4
2025-01-11T21:00:00+00:00,AWS-BHO-101,17.8,958.2,75.0,True,multivariate_inconsistency,high,74.2,MODEL_OVERRIDE,16.8,964.4,73.0,OFFLINE,replay,91.8,47.8
2025-01-11T22:00:00+00:00,AWS-BHO-101,18.0,958.8,73.0,False,,low,52.6,NORMAL,16.4,964.5,73.0,OFFLINE,replay,87.6,0.0
2025-01-11T23:00:00+00:00,AWS-BHO-101,17.5,958.6,75.0,True,unstructured_anomaly,critical,91.5,ML_MODEL_ISOLATION,16.3,964.4,74.0,OFFLINE,replay,91.5,0.0
2025-01-12T00:00:00+00:00,AWS-BHO-101,16.5,958.0,81.0,True,multivariate_inconsistency,high,72.7,MODEL_OVERRIDE,16.2,964.1,76.0,OFFLINE,replay,90.1,46.5
2025-01-12T01:00:00+00:00,AWS-BHO-101,15.9,957.8,85.0,True,multivariate_inconsistency,high,73.7,MODEL_OVERRIDE,15.6,964.0,77.0,OFFLINE,replay,91.2,47.4
2025-01-12T02:00:00+00:00,AWS-BHO-101,15.1,958.3,91.0,True,multivariate_inconsistency,high,72.6,FUSED_CONSENSUS,15.2,963.7,79.0,OFFLINE,replay,86.7,51.4
2025-01-12T03:00:00+00:00,AWS-BHO-101,15.1,957.8,91.0,True,multivariate_inconsistency,high,72.0,FUSED_CONSENSUS,14.9,963.7,81.0,OFFLINE,replay,86.1,50.9
2025-01-12T04:00:00+00:00,AWS-BHO-101,14.7,958.0,92.0,True,multivariate_inconsistency,high,71.1,FUSED_CONSENSUS,13.8,965.67,90.0,OFFLINE,replay,84.3,51.4
2025-01-12T05:00:00+00:00,AWS-BHO-101,15.2,958.0,93.0,True,multivariate_inconsistency,high,71.9,FUSED_CONSENSUS,14.4,964.1,90.0,OFFLINE,replay,84.9,52.5
2025-01-12T06:00:00+00:00,AWS-BHO-101,15.2,958.8,94.0,True,multivariate_inconsistency,high,70.7,FUSED_CONSENSUS,14.5,966.9,92.0,OFFLINE,replay,84.2,50.5
2025-01-12T07:00:00+00:00,AWS-BHO-101,14.5,959.5,97.0,True,multivariate_inconsistency,medium,68.7,FUSED_CONSENSUS,15.0,965.8,91.0,OFFLINE,replay,76.7,56.6
2025-01-12T08:00:00+00:00,AWS-BHO-101,15.8,960.6,92.0,True,multivariate_inconsistency,high,79.4,MODEL_OVERRIDE,16.4,966.6,88.0,OFFLINE,replay,92.4,60.0
2025-01-12T09:00:00+00:00,AWS-BHO-101,17.9,961.5,82.0,True,multivariate_inconsistency,high,78.6,MODEL_OVERRIDE,18.5,967.8,79.0,OFFLINE,replay,96.9,51.1
2025-01-12T10:00:00+00:00,AWS-BHO-101,20.1,962.0,71.0,True,multivariate_inconsistency,high,77.0,MODEL_OVERRIDE,20.2,968.1,72.0,OFFLINE,replay,96.9,47.1
2025-01-12T11:00:00+00:00,AWS-BHO-101,21.8,961.4,62.0,True,unstructured_anomaly,critical,98.4,ML_MODEL_ISOLATION,21.5,967.4,68.0,OFFLINE,replay,98.4,0.0
2025-01-12T12:00:00+00:00,AWS-BHO-101,23.1,960.5,53.0,True,spike,critical,93.2,MODEL_OVERRIDE,22.6,966.4,63.0,WARNING,replay,98.5,85.3
2025-01-12T13:00:00+00:00,AWS-BHO-101,23.9,959.2,48.0,True,spike,critical,92.5,MODEL_OVERRIDE,23.1,965.3,62.0,OFFLINE,replay,96.7,86.1
2025-01-12T14:00:00+00:00,AWS-BHO-101,23.9,958.5,46.0,True,spike,critical,92.9,MODEL_OVERRIDE,22.9,964.5,61.0,OFFLINE,replay,97.4,86.1
2025-01-12T15:00:00+00:00,AWS-BHO-101,23.8,958.2,47.0,True,spike,critical,93.1,MODEL_OVERRIDE,22.6,964.3,60.0,OFFLINE,replay,97.9,86.0
2025-01-12T16:00:00+00:00,AWS-BHO-101,23.2,958.5,49.0,True,spike,critical,92.7,MODEL_OVERRIDE,22.4,964.5,58.0,OFFLINE,replay,97.5,85.4
2025-01-12T17:00:00+00:00,AWS-BHO-101,21.4,958.4,55.0,True,unstructured_anomaly,critical,97.0,ML_MODEL_ISOLATION,20.5,964.3,72.0,OFFLINE,replay,97.0,0.0
2025-01-12T18:00:00+00:00,AWS-BHO-101,18.4,959.4,65.0,True,unstructured_anomaly,critical,91.8,ML_MODEL_ISOLATION,17.6,965.2,87.0,OFFLINE,replay,91.8,0.0
2025-01-12T19:00:00+00:00,AWS-BHO-101,16.9,960.0,66.0,True,unstructured_anomaly,critical,95.4,ML_MODEL_ISOLATION,16.4,965.6,91.0,WARNING,replay,95.4,0.0
2025-01-12T20:00:00+00:00,AWS-BHO-101,15.6,960.6,70.0,False,,low,43.5,NORMAL,15.5,966.3,88.0,OFFLINE,replay,72.4,0.0
2025-01-12T21:00:00+00:00,AWS-BHO-101,14.5,961.0,76.0,False,,low,39.1,NORMAL,15.0,966.8,77.0,OFFLINE,replay,65.1,0.0
2025-01-12T22:00:00+00:00,AWS-BHO-101,13.5,960.9,80.0,False,,low,41.5,NORMAL,14.1,967.0,79.0,OFFLINE,replay,69.2,0.0
2025-01-12T23:00:00+00:00,AWS-BHO-101,12.4,960.4,85.0,False,,low,36.7,NORMAL,12.8,966.4,84.0,WARNING,replay,61.2,0.0
2025-01-13T00:00:00+00:00,AWS-BHO-101,11.4,960.0,90.0,False,,low,20.8,NORMAL,12.0,966.0,89.0,WARNING,replay,34.6,0.0
2025-01-13T01:00:00+00:00,AWS-BHO-101,10.9,959.7,93.0,False,,low,22.3,NORMAL,11.5,965.7,92.0,WARNING,replay,37.2,0.0
2025-01-13T02:00:00+00:00,AWS-BHO-101,10.5,959.1,94.0,False,,low,4.5,NORMAL,11.1,965.3,93.0,WARNING,replay,7.4,0.0
2025-01-13T03:00:00+00:00,AWS-BHO-101,10.2,958.9,93.0,False,,low,4.1,NORMAL,10.6,965.2,94.0,WARNING,replay,6.9,0.0
2025-01-13T04:00:00+00:00,AWS-BHO-101,9.8,959.0,94.0,False,,low,4.5,NORMAL,10.1,965.2,94.0,WARNING,replay,7.5,0.0
2025-01-13T05:00:00+00:00,AWS-BHO-101,9.5,959.2,95.0,False,,low,7.5,NORMAL,9.9,965.4,96.0,WARNING,replay,12.5,0.0
2025-01-13T06:00:00+00:00,AWS-BHO-101,8.8,959.7,97.0,False,,low,11.9,NORMAL,9.1,966.0,97.0,WARNING,replay,19.8,0.0
2025-01-13T07:00:00+00:00,AWS-BHO-101,8.9,960.3,97.0,False,,low,10.7,NORMAL,9.4,966.6,98.0,WARNING,replay,17.8,0.0
2025-01-13T08:00:00+00:00,AWS-BHO-101,11.0,961.5,90.0,False,,low,22.4,NORMAL,11.6,967.9,92.0,WARNING,replay,37.3,0.0
2025-01-13T09:00:00+00:00,AWS-BHO-101,13.7,962.3,80.0,False,,low,49.2,NORMAL,13.4,968.5,90.0,WARNING,replay,82.0,0.0
2025-01-13T10:00:00+00:00,AWS-BHO-101,16.0,962.3,72.0,False,,low,50.0,NORMAL,15.2,968.6,81.0,WARNING,replay,83.3,0.0
2025-01-13T11:00:00+00:00,AWS-BHO-101,17.6,961.9,62.0,False,,low,32.3,NORMAL,16.8,968.1,71.0,WARNING,replay,53.8,0.0
2025-01-13T12:00:00+00:00,AWS-BHO-101,18.9,960.5,55.0,False,,low,15.8,NORMAL,17.8,966.6,63.0,WARNING,replay,26.4,0.0
2025-01-13T13:00:00+00:00,AWS-BHO-101,19.7,959.2,49.0,False,,low,29.3,NORMAL,18.5,965.3,58.0,HEALTHY,replay,48.9,0.0
2025-01-13T14:00:00+00:00,AWS-BHO-101,20.1,958.6,46.0,False,,low,24.5,NORMAL,18.9,964.7,55.0,HEALTHY,replay,40.8,0.0
2025-01-13T15:00:00+00:00,AWS-BHO-101,20.0,958.2,44.0,False,,low,23.4,NORMAL,18.9,964.3,55.0,HEALTHY,replay,39.0,0.0
2025-01-13T16:00:00+00:00,AWS-BHO-101,19.4,958.2,46.0,False,,low,11.9,NORMAL,18.4,964.4,57.0,HEALTHY,replay,19.9,0.0
2025-01-13T17:00:00+00:00,AWS-BHO-101,17.3,958.1,61.0,False,,low,3.9,NORMAL,16.3,964.3,68.0,HEALTHY,replay,6.4,0.0
2025-01-13T18:00:00+00:00,AWS-BHO-101,14.8,958.6,78.0,False,,low,6.0,NORMAL,14.2,964.9,74.0,HEALTHY,replay,10.1,0.0
2025-01-13T19:00:00+00:00,AWS-BHO-101,13.7,959.0,83.0,False,,low,2.5,NORMAL,13.3,965.2,81.0,HEALTHY,replay,4.2,0.0
2025-01-13T20:00:00+00:00,AWS-BHO-101,12.6,959.5,89.0,False,,low,2.1,NORMAL,12.7,965.7,86.0,HEALTHY,replay,3.5,0.0
2025-01-13T21:00:00+00:00,AWS-BHO-101,11.8,959.6,92.0,False,,low,1.1,NORMAL,11.8,965.7,87.0,HEALTHY,replay,1.9,0.0
2025-01-13T22:00:00+00:00,AWS-BHO-101,11.2,959.6,94.0,False,,low,0.9,NORMAL,11.0,965.7,89.0,OFFLINE,replay,1.6,0.0
2025-01-13T23:00:00+00:00,AWS-BHO-101,10.5,959.1,95.0,False,,low,1.1,NORMAL,10.6,965.2,90.0,OFFLINE,replay,1.8,0.0
2025-01-14T00:00:00+00:00,AWS-BHO-101,9.8,958.6,96.0,False,,low,3.8,NORMAL,9.8,964.7,93.0,OFFLINE,replay,6.3,0.0
2025-01-14T01:00:00+00:00,AWS-BHO-101,9.4,958.4,96.0,False,,low,4.9,NORMAL,9.2,964.6,93.0,OFFLINE,replay,8.1,0.0
2025-01-14T02:00:00+00:00,AWS-BHO-101,9.4,957.9,97.0,False,,low,8.5,NORMAL,8.8,964.0,94.0,OFFLINE,replay,14.2,0.0
2025-01-14T03:00:00+00:00,AWS-BHO-101,9.2,957.7,97.0,False,,low,14.4,NORMAL,8.4,963.8,96.0,OFFLINE,replay,23.9,0.0
2025-01-14T04:00:00+00:00,AWS-BHO-101,9.1,957.6,97.0,False,,low,19.1,NORMAL,7.9,963.7,97.0,OFFLINE,replay,31.9,0.0
2025-01-14T05:00:00+00:00,AWS-BHO-101,9.0,957.9,96.0,False,,low,16.8,NORMAL,7.9,964.1,97.0,OFFLINE,replay,28.1,0.0
2025-01-14T06:00:00+00:00,AWS-BHO-101,9.0,959.5,95.0,False,,low,7.6,NORMAL,7.4,965.6,99.0,OFFLINE,replay,12.6,0.0
2025-01-14T07:00:00+00:00,AWS-BHO-101,9.6,960.0,94.0,False,,low,5.2,NORMAL,8.0,966.3,98.0,OFFLINE,replay,8.6,0.0
2025-01-14T08:00:00+00:00,AWS-BHO-101,11.8,960.9,88.0,False,,low,2.3,NORMAL,11.1,967.4,88.0,OFFLINE,replay,3.8,0.0
2025-01-14T09:00:00+00:00,AWS-BHO-101,14.7,961.9,77.0,False,,low,7.7,NORMAL,14.3,968.5,78.0,OFFLINE,replay,12.8,0.0
2025-01-14T10:00:00+00:00,AWS-BHO-101,17.4,962.5,66.0,False,,low,19.6,NORMAL,17.1,968.9,68.0,OFFLINE,replay,32.7,0.0
2025-01-14T11:00:00+00:00,AWS-BHO-101,19.4,962.1,58.0,False,,low,32.1,NORMAL,19.0,968.4,63.0,HEALTHY,replay,53.4,0.0
2025-01-14T12:00:00+00:00,AWS-BHO-101,20.8,960.9,54.0,False,,low,9.6,NORMAL,20.2,967.0,60.0,OFFLINE,replay,16.0,0.0
2025-01-14T13:00:00+00:00,AWS-BHO-101,21.7,959.9,53.0,False,,low,20.4,NORMAL,21.0,966.0,59.0,OFFLINE,replay,34.0,0.0
2025-01-14T14:00:00+00:00,AWS-BHO-101,22.2,958.8,53.0,False,,low,25.6,NORMAL,21.4,965.2,58.0,OFFLINE,replay,42.7,0.0
2025-01-14T15:00:00+00:00,AWS-BHO-101,22.3,958.5,54.0,False,,low,32.7,NORMAL,21.4,964.9,59.0,HEALTHY,replay,54.4,0.0
2025-01-14T16:00:00+00:00,AWS-BHO-101,21.9,958.8,56.0,False,,low,14.3,NORMAL,21.0,965.0,61.0,WARNING,replay,23.8,0.0
2025-01-14T17:00:00+00:00,AWS-BHO-101,20.0,958.9,67.0,False,,low,18.3,NORMAL,18.6,965.1,74.0,WARNING,replay,30.4,0.0
2025-01-14T18:00:00+00:00,AWS-BHO-101,17.8,959.2,79.0,False,,low,11.0,NORMAL,16.8,965.5,82.0,WARNING,replay,18.3,0.0
2025-01-14T19:00:00+00:00,AWS-BHO-101,16.7,959.7,83.0,False,,low,7.6,NORMAL,16.0,965.9,82.0,WARNING,replay,12.6,0.0
2025-01-14T20:00:00+00:00,AWS-BHO-101,16.1,960.1,83.0,False,,low,3.7,NORMAL,15.5,966.5,82.0,OFFLINE,replay,6.2,0.0
2025-01-14T21:00:00+00:00,AWS-BHO-101,15.6,960.2,84.0,False,,low,6.5,NORMAL,14.5,966.6,82.0,OFFLINE,replay,10.9,0.0
2025-01-14T22:00:00+00:00,AWS-BHO-101,15.2,960.6,82.0,False,,low,15.4,NORMAL,13.6,966.8,86.0,OFFLINE,replay,25.6,0.0
2025-01-14T23:00:00+00:00,AWS-BHO-101,14.9,960.5,80.0,False,,low,14.1,NORMAL,12.9,966.6,90.0,WARNING,replay,23.5,0.0
2025-01-15T00:00:00+00:00,AWS-BHO-101,14.4,960.1,81.0,False,,low,7.4,NORMAL,12.2,966.4,93.0,WARNING,replay,12.3,0.0
2025-01-15T01:00:00+00:00,AWS-BHO-101,14.1,959.8,83.0,False,,low,5.7,NORMAL,12.2,966.2,93.0,WARNING,replay,9.5,0.0
2025-01-15T02:00:00+00:00,AWS-BHO-101,13.7,959.2,86.0,False,,low,1.9,NORMAL,11.9,965.4,91.0,WARNING,replay,3.2,0.0
2025-01-15T03:00:00+00:00,AWS-BHO-101,13.6,958.7,85.0,False,,low,1.6,NORMAL,11.6,964.9,89.0,WARNING,replay,2.6,0.0
2025-01-15T04:00:00+00:00,AWS-BHO-101,13.7,958.6,82.0,False,,low,0.8,NORMAL,11.7,964.8,85.0,WARNING,replay,1.3,0.0
2025-01-15T05:00:00+00:00,AWS-BHO-101,14.6,959.0,76.0,False,,low,1.5,NORMAL,11.9,965.2,91.0,WARNING,replay,2.6,0.0
2025-01-15T06:00:00+00:00,AWS-BHO-101,14.1,959.5,77.0,False,,low,0.9,NORMAL,12.2,966.2,81.0,WARNING,replay,1.6,0.0
2025-01-15T07:00:00+00:00,AWS-BHO-101,14.9,960.0,73.0,False,,low,0.9,NORMAL,12.5,966.7,90.0,WARNING,replay,1.4,0.0
2025-01-15T08:00:00+00:00,AWS-BHO-101,16.1,961.1,72.0,False,,low,0.9,NORMAL,15.1,967.6,81.0,WARNING,replay,1.5,0.0
2025-01-15T09:00:00+00:00,AWS-BHO-101,18.1,961.9,67.0,False,,low,3.5,NORMAL,17.3,968.1,69.0,WARNING,replay,5.9,0.0
2025-01-15T10:00:00+00:00,AWS-BHO-101,20.4,962.2,64.0,False,,low,3.9,NORMAL,20.0,968.4,66.0,WARNING,replay,6.5,0.0
2025-01-15T11:00:00+00:00,AWS-BHO-101,22.7,961.8,59.0,False,,low,5.0,NORMAL,21.9,968.1,61.0,WARNING,replay,8.4,0.0
2025-01-15T12:00:00+00:00,AWS-BHO-101,24.1,960.5,55.0,False,,low,7.1,NORMAL,23.7,966.8,57.0,WARNING,replay,11.8,0.0
2025-01-15T13:00:00+00:00,AWS-BHO-101,25.3,959.6,49.0,False,,low,15.6,NORMAL,24.7,965.9,53.0,WARNING,replay,26.0,0.0
2025-01-15T14:00:00+00:00,AWS-BHO-101,25.8,958.8,45.0,False,,low,17.3,NORMAL,24.8,965.2,52.0,WARNING,replay,28.9,0.0
2025-01-15T15:00:00+00:00,AWS-BHO-101,25.7,958.3,45.0,False,,low,12.3,NORMAL,24.8,964.5,52.0,HEALTHY,replay,20.5,0.0
2025-01-15T16:00:00+00:00,AWS-BHO-101,25.1,958.0,49.0,False,,low,6.8,NORMAL,24.2,964.3,58.0,HEALTHY,replay,11.4,0.0
2025-01-15T17:00:00+00:00,AWS-BHO-101,22.5,957.6,68.0,False,,low,17.4,NORMAL,21.8,963.9,71.0,HEALTHY,replay,28.9,0.0
2025-01-15T18:00:00+00:00,AWS-BHO-101,19.6,958.6,74.0,False,,low,6.5,NORMAL,19.1,964.6,79.0,HEALTHY,replay,10.8,0.0
2025-01-15T19:00:00+00:00,AWS-BHO-101,19.0,958.8,73.0,False,,low,1.1,NORMAL,18.0,965.1,79.0,HEALTHY,replay,1.8,0.0
2025-01-15T20:00:00+00:00,AWS-BHO-101,18.7,959.3,72.0,False,,low,0.3,NORMAL,17.8,965.4,79.0,HEALTHY,replay,0.4,0.0
2025-01-15T21:00:00+00:00,AWS-BHO-101,18.3,959.4,72.0,False,,low,0.1,NORMAL,17.1,965.6,78.0,HEALTHY,replay,0.2,0.0
2025-01-15T22:00:00+00:00,AWS-BHO-101,18.0,959.6,70.0,False,,low,0.2,NORMAL,16.8,965.9,78.0,HEALTHY,replay,0.3,0.0
2025-01-15T23:00:00+00:00,AWS-BHO-101,17.7,959.2,70.0,False,,low,0.7,NORMAL,16.4,965.7,80.0,HEALTHY,replay,1.1,0.0
2025-01-16T00:00:00+00:00,AWS-BHO-101,17.5,958.8,71.0,False,,low,1.1,NORMAL,16.1,965.2,81.0,HEALTHY,replay,1.8,0.0
2025-01-16T01:00:00+00:00,AWS-BHO-101,16.4,958.9,77.0,False,,low,0.5,NORMAL,16.0,964.9,80.0,HEALTHY,replay,0.8,0.0
2025-01-16T02:00:00+00:00,AWS-BHO-101,16.4,958.5,78.0,False,,low,0.4,NORMAL,15.7,964.6,80.0,HEALTHY,replay,0.7,0.0
2025-01-16T03:00:00+00:00,AWS-BHO-101,16.5,958.0,78.0,False,,low,0.6,NORMAL,15.3,964.0,81.0,HEALTHY,replay,0.9,0.0
2025-01-16T04:00:00+00:00,AWS-BHO-101,15.8,957.8,83.0,False,,low,0.3,NORMAL,15.0,963.6,84.0,HEALTHY,replay,0.6,0.0
2025-01-16T05:00:00+00:00,AWS-BHO-101,15.8,958.1,84.0,False,,low,0.2,NORMAL,14.3,963.7,85.0,HEALTHY,replay,0.3,0.0
2025-01-16T06:00:00+00:00,AWS-BHO-101,16.5,959.5,80.0,False,,low,0.4,NORMAL,13.8,964.9,87.0,HEALTHY,replay,0.7,0.0
2025-01-16T07:00:00+00:00,AWS-BHO-101,17.0,959.9,83.0,False,,low,0.5,NORMAL,14.7,965.9,84.0,HEALTHY,replay,0.9,0.0
2025-01-16T08:00:00+00:00,AWS-BHO-101,18.1,960.7,81.0,False,,low,0.5,NORMAL,16.2,966.7,81.0,HEALTHY,replay,0.9,0.0
2025-01-16T09:00:00+00:00,AWS-BHO-101,20.2,961.6,74.0,False,,low,1.0,NORMAL,17.7,967.7,79.0,HEALTHY,replay,1.7,0.0
2025-01-16T10:00:00+00:00,AWS-BHO-101,21.9,962.3,68.0,False,,low,1.5,NORMAL,18.9,968.0,77.0,HEALTHY,replay,2.6,0.0
2025-01-16T11:00:00+00:00,AWS-BHO-101,22.1,961.9,69.0,False,,low,0.5,NORMAL,20.7,967.9,72.0,HEALTHY,replay,0.9,0.0
2025-01-16T12:00:00+00:00,AWS-BHO-101,22.5,961.1,68.0,False,,low,0.5,NORMAL,21.4,967.0,70.0,HEALTHY,replay,0.8,0.0
2025-01-16T13:00:00+00:00,AWS-BHO-101,23.3,960.3,66.0,False,,low,0.6,NORMAL,22.8,966.2,66.0,HEALTHY,replay,1.0,0.0
2025-01-16T14:00:00+00:00,AWS-BHO-101,23.3,959.7,64.0,False,,low,0.7,NORMAL,23.0,965.8,67.0,HEALTHY,replay,1.2,0.0
2025-01-16T15:00:00+00:00,AWS-BHO-101,21.8,959.6,69.0,False,,low,1.0,NORMAL,22.9,965.7,71.0,HEALTHY,replay,1.7,0.0
2025-01-16T16:00:00+00:00,AWS-BHO-101,21.1,959.7,73.0,False,,low,2.9,NORMAL,20.7,965.8,77.0,HEALTHY,replay,4.9,0.0
2025-01-16T17:00:00+00:00,AWS-BHO-101,20.5,959.9,78.0,False,,low,1.1,NORMAL,19.2,965.8,88.0,HEALTHY,replay,1.9,0.0
2025-01-16T18:00:00+00:00,AWS-BHO-101,19.2,961.0,78.0,False,,low,0.5,NORMAL,18.8,966.9,86.0,HEALTHY,replay,0.9,0.0
2025-01-16T19:00:00+00:00,AWS-BHO-101,18.4,961.6,80.0,False,,low,0.6,NORMAL,18.4,967.4,87.0,HEALTHY,replay,1.0,0.0
2025-01-16T20:00:00+00:00,AWS-BHO-101,17.6,962.1,84.0,False,,low,0.6,NORMAL,17.6,968.2,89.0,HEALTHY,replay,1.1,0.0
2025-01-16T21:00:00+00:00,AWS-BHO-101,17.0,962.5,87.0,False,,low,0.7,NORMAL,16.6,968.6,91.0,HEALTHY,replay,1.2,0.0
2025-01-16T22:00:00+00:00,AWS-BHO-101,16.1,962.9,90.0,False,,low,1.1,NORMAL,15.5,969.1,93.0,HEALTHY,replay,1.8,0.0
2025-01-16T23:00:00+00:00,AWS-BHO-101,15.4,962.5,93.0,False,,low,1.1,NORMAL,14.7,968.8,93.0,HEALTHY,replay,1.8,0.0
2025-01-17T00:00:00+00:00,AWS-BHO-101,14.9,962.1,96.0,False,,low,0.9,NORMAL,14.1,968.4,94.0,HEALTHY,replay,1.4,0.0
2025-01-17T01:00:00+00:00,AWS-BHO-101,14.2,961.8,96.0,False,,low,0.6,NORMAL,13.7,968.0,94.0,HEALTHY,replay,0.9,0.0
2025-01-17T02:00:00+00:00,AWS-BHO-101,13.6,961.2,96.0,False,,low,0.5,NORMAL,13.1,967.4,95.0,HEALTHY,replay,0.9,0.0
2025-01-17T03:00:00+00:00,AWS-BHO-101,13.3,960.8,95.0,False,,low,0.5,NORMAL,12.5,966.9,95.0,HEALTHY,replay,0.8,0.0
2025-01-17T04:00:00+00:00,AWS-BHO-101,12.7,960.8,95.0,False,,low,0.5,NORMAL,12.2,967.0,95.0,HEALTHY,replay,0.9,0.0
2025-01-17T05:00:00+00:00,AWS-BHO-101,12.3,960.7,94.0,False,,low,1.1,NORMAL,11.7,967.3,95.0,HEALTHY,replay,1.9,0.0
2025-01-17T06:00:00+00:00,AWS-BHO-101,11.9,961.5,94.0,False,,low,1.6,NORMAL,11.5,968.0,94.0,HEALTHY,replay,2.6,0.0
2025-01-17T07:00:00+00:00,AWS-BHO-101,12.0,961.8,91.0,False,,low,1.6,NORMAL,11.3,968.4,94.0,HEALTHY,replay,2.6,0.0
2025-01-17T08:00:00+00:00,AWS-BHO-101,13.3,962.4,85.0,False,,low,1.1,NORMAL,12.9,969.0,87.0,HEALTHY,replay,1.9,0.0
2025-01-17T09:00:00+00:00,AWS-BHO-101,15.4,962.8,79.0,False,,low,1.8,NORMAL,15.0,969.4,81.0,HEALTHY,replay,3.0,0.0
2025-01-17T10:00:00+00:00,AWS-BHO-101,17.6,963.4,72.0,False,,low,1.7,NORMAL,17.3,969.4,75.0,HEALTHY,replay,2.8,0.0
2025-01-17T11:00:00+00:00,AWS-BHO-101,19.5,962.6,67.0,False,,low,1.4,NORMAL,19.0,968.7,71.0,HEALTHY,replay,2.3,0.0
2025-01-17T12:00:00+00:00,AWS-BHO-101,21.1,961.4,63.0,False,,low,1.2,NORMAL,20.3,967.4,69.0,HEALTHY,replay,2.0,0.0
2025-01-17T13:00:00+00:00,AWS-BHO-101,22.0,960.2,61.0,False,,low,1.2,NORMAL,21.3,966.4,67.0,HEALTHY,replay,2.1,0.0
2025-01-17T14:00:00+00:00,AWS-BHO-101,22.4,959.3,61.0,False,,low,1.2,NORMAL,21.5,965.4,67.0,HEALTHY,replay,2.0,0.0
2025-01-17T15:00:00+00:00,AWS-BHO-101,22.3,958.9,62.0,False,,low,0.6,NORMAL,21.2,965.1,68.0,HEALTHY,replay,1.0,0.0
2025-01-17T16:00:00+00:00,AWS-BHO-101,21.7,958.7,64.0,False,,low,0.3,NORMAL,20.4,964.9,71.0,HEALTHY,replay,0.5,0.0
2025-01-17T17:00:00+00:00,AWS-BHO-101,20.1,958.7,72.0,False,,low,0.5,NORMAL,18.8,964.8,78.0,HEALTHY,replay,0.8,0.0
2025-01-17T18:00:00+00:00,AWS-BHO-101,17.7,959.4,82.0,False,,low,1.5,NORMAL,16.9,965.4,85.0,HEALTHY,replay,2.5,0.0
2025-01-17T19:00:00+00:00,AWS-BHO-101,16.8,959.7,85.0,False,,low,0.5,NORMAL,16.1,965.9,86.0,HEALTHY,replay,0.9,0.0
2025-01-17T20:00:00+00:00,AWS-BHO-101,16.1,960.3,87.0,False,,low,0.3,NORMAL,15.2,966.6,88.0,HEALTHY,replay,0.5,0.0
2025-01-17T21:00:00+00:00,AWS-BHO-101,15.3,960.6,89.0,False,,low,0.2,NORMAL,14.4,966.7,92.0,HEALTHY,replay,0.3,0.0
2025-01-17T22:00:00+00:00,AWS-BHO-101,14.7,960.5,90.0,False,,low,0.2,NORMAL,13.7,966.8,94.0,HEALTHY,replay,0.3,0.0
2025-01-17T23:00:00+00:00,AWS-BHO-101,14.2,960.0,91.0,False,,low,0.2,NORMAL,13.1,966.3,95.0,HEALTHY,replay,0.4,0.0
2025-01-18T00:00:00+00:00,AWS-BHO-101,13.8,959.6,93.0,False,,low,0.2,NORMAL,12.4,965.8,97.0,HEALTHY,replay,0.4,0.0
2025-01-18T01:00:00+00:00,AWS-BHO-101,13.5,959.3,95.0,False,,low,0.2,NORMAL,11.9,965.2,97.0,HEALTHY,replay,0.3,0.0
2025-01-18T02:00:00+00:00,AWS-BHO-101,13.1,958.9,95.0,False,,low,0.2,NORMAL,11.5,965.0,97.0,HEALTHY,replay,0.3,0.0
2025-01-18T03:00:00+00:00,AWS-BHO-101,13.0,958.4,95.0,False,,low,0.3,NORMAL,11.2,964.8,97.0,HEALTHY,replay,0.4,0.0
2025-01-18T04:00:00+00:00,AWS-BHO-101,12.8,958.3,94.0,False,,low,0.2,NORMAL,11.1,964.5,97.0,HEALTHY,replay,0.4,0.0
2025-01-18T05:00:00+00:00,AWS-BHO-101,12.5,958.6,94.0,False,,low,0.2,NORMAL,10.9,964.8,97.0,HEALTHY,replay,0.4,0.0
2025-01-18T06:00:00+00:00,AWS-BHO-101,12.4,959.6,93.0,False,,low,0.2,NORMAL,10.7,965.8,96.0,HEALTHY,replay,0.4,0.0
2025-01-18T07:00:00+00:00,AWS-BHO-101,12.5,960.2,91.0,False,,low,0.2,NORMAL,10.8,966.4,97.0,HEALTHY,replay,0.3,0.0
2025-01-18T08:00:00+00:00,AWS-BHO-101,14.5,961.2,84.0,False,,low,0.4,NORMAL,13.2,967.5,90.0,HEALTHY,replay,0.7,0.0
2025-01-18T09:00:00+00:00,AWS-BHO-101,16.9,962.1,77.0,False,,low,0.5,NORMAL,15.9,968.6,81.0,HEALTHY,replay,0.9,0.0
2025-01-18T10:00:00+00:00,AWS-BHO-101,19.5,962.3,70.0,False,,low,1.2,NORMAL,18.5,968.6,73.0,HEALTHY,replay,2.0,0.0
2025-01-18T11:00:00+00:00,AWS-BHO-101,21.6,961.9,63.0,False,,low,1.5,NORMAL,20.4,968.2,68.0,HEALTHY,replay,2.6,0.0
2025-01-18T12:00:00+00:00,AWS-BHO-101,23.0,960.7,58.0,False,,low,1.0,NORMAL,21.9,966.9,65.0,HEALTHY,replay,1.7,0.0
2025-01-18T13:00:00+00:00,AWS-BHO-101,23.7,959.7,55.0,False,,low,0.9,NORMAL,22.9,965.9,62.0,HEALTHY,replay,1.6,0.0
2025-01-18T14:00:00+00:00,AWS-BHO-101,24.1,958.8,54.0,False,,low,1.1,NORMAL,23.3,965.1,61.0,HEALTHY,replay,1.8,0.0
2025-01-18T15:00:00+00:00,AWS-BHO-101,23.9,958.2,54.0,False,,low,0.7,NORMAL,23.3,964.5,60.0,HEALTHY,replay,1.1,0.0
2025-01-18T16:00:00+00:00,AWS-BHO-101,23.2,958.0,57.0,False,,low,0.4,NORMAL,22.8,964.2,63.0,HEALTHY,replay,0.7,0.0
2025-01-18T17:00:00+00:00,AWS-BHO-101,21.2,957.7,68.0,False,,low,0.7,NORMAL,20.7,963.9,76.0,HEALTHY,replay,1.2,0.0
2025-01-18T18:00:00+00:00,AWS-BHO-101,19.6,958.3,73.0,False,,low,0.6,NORMAL,18.7,964.5,81.0,HEALTHY,replay,1.0,0.0
2025-01-18T19:00:00+00:00,AWS-BHO-101,18.2,958.7,78.0,False,,low,0.3,NORMAL,17.4,964.8,85.0,HEALTHY,replay,0.6,0.0
2025-01-18T20:00:00+00:00,AWS-BHO-101,16.8,959.3,85.0,False,,low,0.5,NORMAL,17.0,965.5,86.0,HEALTHY,replay,0.9,0.0
2025-01-18T21:00:00+00:00,AWS-BHO-101,16.0,959.5,90.0,False,,low,0.2,NORMAL,16.5,965.9,89.0,HEALTHY,replay,0.4,0.0
2025-01-18T22:00:00+00:00,AWS-BHO-101,15.6,959.7,91.0,False,,low,0.1,NORMAL,15.6,966.1,91.0,HEALTHY,replay,0.2,0.0
2025-01-18T23:00:00+00:00,AWS-BHO-101,15.3,959.1,91.0,False,,low,0.1,NORMAL,14.8,965.4,91.0,HEALTHY,replay,0.1,0.0
2025-01-19T00:00:00+00:00,AWS-BHO-101,15.2,958.9,90.0,False,,low,0.1,NORMAL,14.0,965.2,94.0,HEALTHY,replay,0.2,0.0
2025-01-19T01:00:00+00:00,AWS-BHO-101,15.1,958.6,90.0,False,,low,0.1,NORMAL,13.5,964.9,94.0,HEALTHY,replay,0.2,0.0
2026-09-22T08:30:00+00:00,AWS-BHO-101,30.6,952.7,61.0,False,,low,0.0,NORMAL,31.1,958.1,57.0,HEALTHY,live,,0.0
2025-01-01T00:00:00+00:00,AWS-BHO-101,14.4,960.2,95.0,False,,low,0.0,NORMAL,13.0,966.2,96.0,HEALTHY,replay,,0.0
2025-01-01T01:00:00+00:00,AWS-BHO-101,13.8,959.7,96.0,False,,low,0.0,NORMAL,12.4,965.8,97.0,HEALTHY,replay,,0.0
2025-01-01T02:00:00+00:00,AWS-BHO-101,13.2,959.0,96.0,False,,low,0.0,NORMAL,11.8,965.2,98.0,HEALTHY,replay,,0.0
2025-01-01T03:00:00+00:00,AWS-BHO-101,12.7,958.5,97.0,False,,low,0.0,NORMAL,11.4,964.8,98.0,HEALTHY,replay,,0.0
2025-01-01T04:00:00+00:00,AWS-BHO-101,12.2,958.3,97.0,False,,low,0.0,NORMAL,10.9,964.6,98.0,HEALTHY,replay,,0.0
2025-01-01T05:00:00+00:00,AWS-BHO-101,11.9,958.3,97.0,False,,low,0.0,NORMAL,10.4,964.7,99.0,HEALTHY,replay,,0.0
2025-01-01T06:00:00+00:00,AWS-BHO-101,11.2,959.1,97.0,False,,low,0.0,NORMAL,9.6,965.5,100.0,HEALTHY,replay,,0.0
2025-01-01T07:00:00+00:00,AWS-BHO-101,11.2,959.8,97.0,False,,low,0.0,NORMAL,10.0,966.4,99.0,HEALTHY,replay,,0.0
2025-01-01T08:00:00+00:00,AWS-BHO-101,13.5,961.2,88.0,False,,low,0.0,NORMAL,12.4,967.5,93.0,HEALTHY,replay,,0.0
2025-01-01T09:00:00+00:00,AWS-BHO-101,16.1,962.2,82.0,False,,low,0.0,NORMAL,14.8,968.6,86.0,HEALTHY,replay,,0.0
2025-01-01T10:00:00+00:00,AWS-BHO-101,18.4,962.6,73.0,False,,low,0.0,NORMAL,17.2,968.7,78.0,HEALTHY,replay,,0.0
2025-01-01T11:00:00+00:00,AWS-BHO-101,20.0,962.1,67.0,False,,low,0.0,NORMAL,18.8,968.2,70.0,HEALTHY,replay,,0.0
2025-01-01T12:00:00+00:00,AWS-BHO-101,21.0,961.3,63.0,False,,low,0.0,NORMAL,19.8,967.3,64.0,HEALTHY,replay,,0.0
2025-01-01T13:00:00+00:00,AWS-BHO-101,21.7,960.3,59.0,False,,low,0.0,NORMAL,20.5,966.3,59.0,HEALTHY,replay,,0.0
2025-01-01T14:00:00+00:00,AWS-BHO-101,22.0,959.5,56.0,False,,low,0.0,NORMAL,20.8,965.5,56.0,HEALTHY,replay,,0.0
2025-01-01T15:00:00+00:00,AWS-BHO-101,21.9,959.0,57.0,False,,low,0.0,NORMAL,20.6,965.1,57.0,HEALTHY,replay,,0.0
2025-01-01T16:00:00+00:00,AWS-BHO-101,21.3,958.9,60.0,False,,low,0.0,NORMAL,19.6,965.0,63.0,HEALTHY,replay,,0.0
2025-01-01T17:00:00+00:00,AWS-BHO-101,18.6,958.4,76.0,False,,low,0.0,NORMAL,16.6,964.4,77.0,HEALTHY,replay,,0.0
2025-01-01T18:00:00+00:00,AWS-BHO-101,15.9,958.7,85.0,False,,low,0.0,NORMAL,14.4,964.8,84.0,HEALTHY,replay,,0.0
2025-01-01T19:00:00+00:00,AWS-BHO-101,14.9,959.1,82.0,False,,low,0.0,NORMAL,13.4,965.2,87.0,HEALTHY,replay,,0.0
2025-01-01T20:00:00+00:00,AWS-BHO-101,14.0,959.8,83.0,False,,low,0.0,NORMAL,12.5,966.0,89.0,HEALTHY,replay,,0.0
2025-01-01T21:00:00+00:00,AWS-BHO-101,13.4,960.1,85.0,False,,low,0.0,NORMAL,11.6,966.3,91.0,HEALTHY,replay,,0.0
2025-01-01T22:00:00+00:00,AWS-BHO-101,12.9,960.1,86.0,False,,low,0.0,NORMAL,11.1,966.3,93.0,HEALTHY,replay,,0.0
2025-01-01T23:00:00+00:00,AWS-BHO-101,12.4,959.8,84.0,False,,low,0.0,NORMAL,11.0,966.1,93.0,HEALTHY,replay,,0.0
2025-01-02T00:00:00+00:00,AWS-BHO-101,11.9,959.4,82.0,False,,low,0.3,NORMAL,10.9,965.5,93.0,HEALTHY,replay,0.6,0.0
2025-01-02T01:00:00+00:00,AWS-BHO-101,11.4,958.7,83.0,False,,low,0.5,NORMAL,10.3,964.8,93.0,HEALTHY,replay,0.8,0.0
2025-01-02T02:00:00+00:00,AWS-BHO-101,10.8,958.2,86.0,False,,low,0.4,NORMAL,9.4,964.2,94.0,HEALTHY,replay,0.6,0.0
2025-01-02T03:00:00+00:00,AWS-BHO-101,10.0,957.7,91.0,False,,low,0.6,NORMAL,8.8,963.8,94.0,HEALTHY,replay,0.9,0.0
2025-01-02T04:00:00+00:00,AWS-BHO-101,9.3,957.8,93.0,False,,low,0.5,NORMAL,8.6,963.9,94.0,HEALTHY,replay,0.8,0.0
2025-01-02T05:00:00+00:00,AWS-BHO-101,9.1,958.1,93.0,False,,low,0.4,NORMAL,8.1,964.2,94.0,HEALTHY,replay,0.6,0.0
2025-01-02T06:00:00+00:00,AWS-BHO-101,9.4,958.8,93.0,False,,low,0.4,NORMAL,8.4,965.2,92.0,HEALTHY,replay,0.7,0.0
2025-01-02T07:00:00+00:00,AWS-BHO-101,9.6,959.4,92.0,False,,low,0.4,NORMAL,8.8,965.9,90.0,HEALTHY,replay,0.7,0.0
2025-01-02T08:00:00+00:00,AWS-BHO-101,12.6,960.8,82.0,False,,low,2.0,NORMAL,11.6,967.3,84.0,HEALTHY,replay,3.3,0.0
2025-01-02T09:00:00+00:00,AWS-BHO-101,16.1,961.9,72.0,False,,low,13.2,NORMAL,14.9,968.2,72.0,HEALTHY,replay,22.1,0.0
2025-01-02T10:00:00+00:00,AWS-BHO-101,18.7,962.6,58.0,False,,low,26.3,NORMAL,17.6,968.7,58.0,HEALTHY,replay,43.8,0.0
2025-01-02T11:00:00+00:00,AWS-BHO-101,20.6,962.1,46.0,False,,low,16.2,NORMAL,19.6,968.3,48.0,HEALTHY,replay,27.0,0.0
2025-01-02T12:00:00+00:00,AWS-BHO-101,21.9,961.2,42.0,False,,low,15.6,NORMAL,21.0,967.3,45.0,HEALTHY,replay,25.9,0.0
2025-01-02T13:00:00+00:00,AWS-BHO-101,22.6,960.4,42.0,False,,low,5.9,NORMAL,21.9,966.3,45.0,HEALTHY,replay,9.8,0.0
2025-01-02T14:00:00+00:00,AWS-BHO-101,22.9,959.8,43.0,False,,low,1.3,NORMAL,22.2,965.8,45.0,HEALTHY,replay,2.2,0.0
2025-01-02T15:00:00+00:00,AWS-BHO-101,22.7,959.5,46.0,False,,low,0.5,NORMAL,21.9,965.6,47.0,HEALTHY,replay,0.9,0.0
2025-01-02T16:00:00+00:00,AWS-BHO-101,21.6,959.3,57.0,False,,low,1.0,NORMAL,21.0,965.4,62.0,HEALTHY,replay,1.7,0.0
2025-01-02T17:00:00+00:00,AWS-BHO-101,19.1,959.1,68.0,False,,low,1.7,NORMAL,18.3,965.3,72.0,HEALTHY,replay,2.9,0.0
2025-01-02T18:00:00+00:00,AWS-BHO-101,17.7,959.6,71.0,False,,low,1.2,NORMAL,16.5,965.7,76.0,HEALTHY,replay,2.0,0.0
2025-01-02T19:00:00+00:00,AWS-BHO-101,15.8,960.1,78.0,False,,low,1.2,NORMAL,15.5,966.3,77.0,HEALTHY,replay,2.0,0.0
2025-01-02T20:00:00+00:00,AWS-BHO-101,14.8,960.6,81.0,False,,low,0.6,NORMAL,14.3,966.9,82.0,HEALTHY,replay,1.1,0.0
2025-01-02T21:00:00+00:00,AWS-BHO-101,14.3,960.5,81.0,False,,low,0.3,NORMAL,13.3,966.6,84.0,HEALTHY,replay,0.4,0.0
2025-01-02T22:00:00+00:00,AWS-BHO-101,14.1,960.4,80.0,False,,low,0.2,NORMAL,12.6,966.5,83.0,HEALTHY,replay,0.4,0.0
2025-01-02T23:00:00+00:00,AWS-BHO-101,14.0,959.8,79.0,False,,low,0.2,NORMAL,11.9,965.8,83.0,HEALTHY,replay,0.4,0.0
2025-01-03T00:00:00+00:00,AWS-BHO-101,13.5,959.3,78.0,False,,low,0.3,NORMAL,11.3,965.2,82.0,HEALTHY,replay,0.5,0.0
2025-01-03T01:00:00+00:00,AWS-BHO-101,12.9,958.7,78.0,False,,low,0.2,NORMAL,11.3,964.8,80.0,HEALTHY,replay,0.4,0.0
2025-01-03T02:00:00+00:00,AWS-BHO-101,12.2,958.3,80.0,False,,low,0.2,NORMAL,11.1,964.5,82.0,HEALTHY,replay,0.3,0.0
2025-01-03T03:00:00+00:00,AWS-BHO-101,11.5,958.0,82.0,False,,low,0.2,NORMAL,11.0,964.4,82.0,HEALTHY,replay,0.3,0.0
2025-01-03T04:00:00+00:00,AWS-BHO-101,11.1,957.8,85.0,False,,low,0.1,NORMAL,10.9,964.3,83.0,HEALTHY,replay,0.2,0.0
2025-01-03T05:00:00+00:00,AWS-BHO-101,10.9,957.9,88.0,False,,low,0.2,NORMAL,10.3,964.4,84.0,HEALTHY,replay,0.4,0.0
2025-01-03T06:00:00+00:00,AWS-BHO-101,10.9,958.7,90.0,False,,low,0.3,NORMAL,10.1,965.3,85.0,HEALTHY,replay,0.4,0.0
2025-01-03T07:00:00+00:00,AWS-BHO-101,10.9,959.3,90.0,False,,low,0.2,NORMAL,10.3,965.9,86.0,HEALTHY,replay,0.3,0.0
2025-01-03T08:00:00+00:00,AWS-BHO-101,14.0,960.7,80.0,False,,low,1.4,NORMAL,13.1,967.2,81.0,HEALTHY,replay,2.4,0.0
2025-01-03T09:00:00+00:00,AWS-BHO-101,17.8,961.9,71.0,False,,low,8.2,NORMAL,16.7,968.3,75.0,HEALTHY,replay,13.7,0.0
2025-01-03T10:00:00+00:00,AWS-BHO-101,20.9,962.8,62.0,False,,low,19.0,NORMAL,19.5,969.0,64.0,HEALTHY,replay,31.7,0.0
2025-01-03T11:00:00+00:00,AWS-BHO-101,23.1,962.3,51.0,False,,low,14.6,NORMAL,21.5,968.4,54.0,HEALTHY,replay,24.3,0.0
2025-01-03T12:00:00+00:00,AWS-BHO-101,24.3,961.7,44.0,False,,low,8.1,NORMAL,22.7,967.6,49.0,HEALTHY,replay,13.5,0.0
2025-01-03T13:00:00+00:00,AWS-BHO-101,24.9,960.6,41.0,False,,low,5.3,NORMAL,23.5,966.5,47.0,HEALTHY,replay,8.8,0.0
2025-01-03T14:00:00+00:00,AWS-BHO-101,25.1,959.8,41.0,False,,low,1.9,NORMAL,23.8,965.8,46.0,HEALTHY,replay,3.1,0.0
2025-01-03T15:00:00+00:00,AWS-BHO-101,24.8,959.4,42.0,False,,low,0.7,NORMAL,23.6,965.4,50.0,HEALTHY,replay,1.1,0.0
2025-01-03T16:00:00+00:00,AWS-BHO-101,23.7,959.1,57.0,False,,low,2.6,NORMAL,22.5,965.1,63.0,HEALTHY,replay,4.4,0.0
2025-01-03T17:00:00+00:00,AWS-BHO-101,21.2,958.8,66.0,False,,low,2.1,NORMAL,19.3,964.7,74.0,HEALTHY,replay,3.4,0.0
2025-01-03T18:00:00+00:00,AWS-BHO-101,18.4,958.8,75.0,False,,low,3.9,NORMAL,17.1,965.0,79.0,HEALTHY,replay,6.5,0.0
2025-01-03T19:00:00+00:00,AWS-BHO-101,17.1,959.2,81.0,False,,low,2.6,NORMAL,15.9,965.4,82.0,HEALTHY,replay,4.4,0.0
2025-01-03T20:00:00+00:00,AWS-BHO-101,16.1,959.5,81.0,False,,low,1.9,NORMAL,14.8,965.8,84.0,HEALTHY,replay,3.2,0.0
2025-01-03T21:00:00+00:00,AWS-BHO-101,15.3,959.4,80.0,False,,low,0.6,NORMAL,13.9,965.7,86.0,HEALTHY,replay,0.9,0.0
2025-01-03T22:00:00+00:00,AWS-BHO-101,14.5,959.4,81.0,False,,low,0.4,NORMAL,13.3,965.6,86.0,HEALTHY,replay,0.7,0.0
2025-01-03T23:00:00+00:00,AWS-BHO-101,14.0,958.9,81.0,False,,low,0.4,NORMAL,12.9,965.0,85.0,HEALTHY,replay,0.7,0.0
2025-01-04T00:00:00+00:00,AWS-BHO-101,13.4,958.2,83.0,False,,low,0.3,NORMAL,12.7,964.4,84.0,HEALTHY,replay,0.4,0.0
2025-01-04T01:00:00+00:00,AWS-BHO-101,12.8,957.4,86.0,False,,low,0.3,NORMAL,12.3,963.7,84.0,HEALTHY,replay,0.4,0.0
2025-01-04T02:00:00+00:00,AWS-BHO-101,12.4,956.9,86.0,False,,low,0.2,NORMAL,11.8,963.1,84.0,HEALTHY,replay,0.4,0.0
2025-01-04T03:00:00+00:00,AWS-BHO-101,12.0,956.4,86.0,False,,low,0.4,NORMAL,11.4,962.8,84.0,HEALTHY,replay,0.7,0.0
2025-01-04T04:00:00+00:00,AWS-BHO-101,11.9,956.1,86.0,False,,low,0.7,NORMAL,10.9,962.4,85.0,HEALTHY,replay,1.1,0.0
2025-01-04T05:00:00+00:00,AWS-BHO-101,12.0,956.2,85.0,False,,low,0.6,NORMAL,10.5,962.5,85.0,HEALTHY,replay,1.0,0.0
2025-01-04T06:00:00+00:00,AWS-BHO-101,11.9,957.0,87.0,False,,low,0.7,NORMAL,10.6,963.3,83.05,HEALTHY,replay,1.1,0.0
2025-01-04T07:00:00+00:00,AWS-BHO-101,12.1,957.9,85.0,False,,low,0.8,NORMAL,10.4,964.2,84.0,HEALTHY,replay,1.3,0.0
2025-01-04T08:00:00+00:00,AWS-BHO-101,15.1,959.2,75.0,False,,low,1.8,NORMAL,12.91,965.6,83.1,HEALTHY,replay,3.0,0.0
2025-01-04T09:00:00+00:00,AWS-BHO-101,18.6,960.4,67.0,False,,low,7.3,NORMAL,15.1,966.7,80.0,HEALTHY,replay,12.1,0.0
2025-01-04T10:00:00+00:00,AWS-BHO-101,21.4,961.2,57.0,False,,low,14.1,NORMAL,19.0,967.3,66.0,HEALTHY,replay,23.5,0.0
2025-01-04T11:00:00+00:00,AWS-BHO-101,23.3,960.9,45.0,False,,low,9.5,NORMAL,21.9,966.9,51.0,HEALTHY,replay,15.8,0.0
2025-01-04T12:00:00+00:00,AWS-BHO-101,24.4,959.8,39.0,False,,low,8.1,NORMAL,23.1,965.8,45.0,HEALTHY,replay,13.5,0.0
2025-01-04T13:00:00+00:00,AWS-BHO-101,25.1,958.9,36.0,False,,low,3.5,NORMAL,23.8,964.9,44.0,HEALTHY,replay,5.8,0.0
2025-01-04T14:00:00+00:00,AWS-BHO-101,25.2,957.8,35.0,False,,low,3.3,NORMAL,24.0,963.9,44.0,HEALTHY,replay,5.5,0.0
2025-01-04T15:00:00+00:00,AWS-BHO-101,24.9,957.3,37.0,False,,low,1.1,NORMAL,23.8,963.4,46.0,HEALTHY,replay,1.8,0.0
2025-01-04T16:00:00+00:00,AWS-BHO-101,23.8,956.9,48.0,False,,low,3.1,NORMAL,22.8,962.9,67.0,HEALTHY,replay,5.2,0.0
2025-01-04T17:00:00+00:00,AWS-BHO-101,20.3,956.5,64.0,False,,low,7.1,NORMAL,20.0,962.6,70.0,HEALTHY,replay,11.8,0.0
2025-01-04T18:00:00+00:00,AWS-BHO-101,18.6,957.0,76.0,False,,low,9.6,NORMAL,18.0,963.2,75.0,HEALTHY,replay,16.0,0.0
2025-01-04T19:00:00+00:00,AWS-BHO-101,17.0,957.6,80.0,False,,low,3.4,NORMAL,16.8,963.9,79.0,HEALTHY,replay,5.6,0.0
2025-01-04T20:00:00+00:00,AWS-BHO-101,16.2,958.0,81.0,False,,low,1.5,NORMAL,15.8,964.4,82.0,HEALTHY,replay,2.5,0.0
2025-01-04T21:00:00+00:00,AWS-BHO-101,15.3,957.9,82.0,False,,low,0.4,NORMAL,15.1,964.3,86.0,HEALTHY,replay,0.7,0.0
2025-01-04T22:00:00+00:00,AWS-BHO-101,14.6,957.9,84.0,False,,low,0.3,NORMAL,14.5,964.2,86.0,HEALTHY,replay,0.5,0.0
2025-01-04T23:00:00+00:00,AWS-BHO-101,14.4,957.3,81.0,False,,low,0.3,NORMAL,13.8,963.6,83.0,HEALTHY,replay,0.5,0.0
2025-01-05T00:00:00+00:00,AWS-BHO-101,14.2,956.6,78.0,False,,low,0.4,NORMAL,12.9,962.8,84.0,HEALTHY,replay,0.6,0.0
2025-01-05T01:00:00+00:00,AWS-BHO-101,13.8,956.0,77.0,False,,low,0.4,NORMAL,12.1,962.3,82.0,HEALTHY,replay,0.6,0.0
2025-01-05T02:00:00+00:00,AWS-BHO-101,13.2,955.4,78.0,False,,low,0.5,NORMAL,11.4,961.6,82.0,HEALTHY,replay,0.9,0.0
2025-01-05T03:00:00+00:00,AWS-BHO-101,12.5,955.2,81.0,False,,low,0.3,NORMAL,11.2,961.4,82.0,HEALTHY,replay,0.5,0.0
2025-01-05T04:00:00+00:00,AWS-BHO-101,12.2,955.1,81.0,False,,low,0.6,NORMAL,11.2,961.4,81.0,HEALTHY,replay,1.0,0.0
2025-01-05T05:00:00+00:00,AWS-BHO-101,12.5,955.4,78.0,False,,low,0.6,NORMAL,11.3,961.7,76.0,HEALTHY,replay,1.1,0.0
2025-01-05T06:00:00+00:00,AWS-BHO-101,13.5,956.2,74.0,False,,low,1.1,NORMAL,11.3,962.5,71.0,HEALTHY,replay,1.8,0.0
2025-01-05T07:00:00+00:00,AWS-BHO-101,13.6,956.8,69.0,False,,low,0.9,NORMAL,12.5,963.1,70.0,HEALTHY,replay,1.6,0.0
2025-01-05T08:00:00+00:00,AWS-BHO-101,15.3,958.0,62.0,False,,low,1.1,NORMAL,14.6,964.4,68.0,HEALTHY,replay,1.8,0.0
2025-01-05T09:00:00+00:00,AWS-BHO-101,17.7,959.0,58.0,False,,low,2.0,NORMAL,17.0,965.6,66.0,HEALTHY,replay,3.4,0.0
2025-01-05T10:00:00+00:00,AWS-BHO-101,21.1,959.5,50.0,False,,low,5.4,NORMAL,19.0,965.9,61.0,HEALTHY,replay,9.0,0.0
2025-01-05T11:00:00+00:00,AWS-BHO-101,23.4,959.3,44.0,False,,low,2.9,NORMAL,21.3,965.2,58.0,HEALTHY,replay,4.8,0.0
2025-01-05T12:00:00+00:00,AWS-BHO-101,23.3,958.4,45.0,False,,low,0.9,NORMAL,22.1,964.5,59.0,HEALTHY,replay,1.4,0.0
2025-01-05T13:00:00+00:00,AWS-BHO-101,23.6,957.4,45.0,False,,low,0.8,NORMAL,22.2,963.6,54.0,HEALTHY,replay,1.3,0.0
2025-01-05T14:00:00+00:00,AWS-BHO-101,22.9,956.8,49.0,False,,low,0.7,NORMAL,21.9,963.0,57.0,HEALTHY,replay,1.2,0.0
2025-01-05T15:00:00+00:00,AWS-BHO-101,21.9,956.0,60.0,False,,low,3.1,NORMAL,21.5,962.5,64.0,HEALTHY,replay,5.2,0.0
2025-01-05T16:00:00+00:00,AWS-BHO-101,21.3,955.7,67.0,False,,low,1.7,NORMAL,20.4,961.7,75.0,HEALTHY,replay,2.8,0.0
2025-01-05T17:00:00+00:00,AWS-BHO-101,19.7,955.5,75.0,False,,low,0.5,NORMAL,19.2,961.5,77.0,HEALTHY,replay,0.9,0.0
2025-01-05T18:00:00+00:00,AWS-BHO-101,18.5,956.3,80.0,False,,low,0.6,NORMAL,18.3,962.4,76.0,HEALTHY,replay,1.0,0.0
2025-01-05T19:00:00+00:00,AWS-BHO-101,17.5,956.4,82.0,False,,low,0.3,NORMAL,17.3,963.0,73.0,HEALTHY,replay,0.5,0.0
2025-01-05T20:00:00+00:00,AWS-BHO-101,16.0,956.7,85.0,False,,low,0.3,NORMAL,15.6,964.8,93.0,HEALTHY,replay,0.5,0.0
2025-01-05T21:00:00+00:00,AWS-BHO-101,15.1,956.7,84.0,False,,low,0.2,NORMAL,14.9,964.2,91.0,HEALTHY,replay,0.3,0.0
2025-01-05T22:00:00+00:00,AWS-BHO-101,14.2,956.3,85.0,False,,low,0.1,NORMAL,13.8,964.7,82.0,HEALTHY,replay,0.2,0.0
2025-01-05T23:00:00+00:00,AWS-BHO-101,14.0,956.0,83.0,False,,low,0.2,NORMAL,12.5,963.53,80.0,HEALTHY,replay,0.4,0.0
2025-01-06T00:00:00+00:00,AWS-BHO-101,14.0,955.6,79.0,False,,low,0.3,NORMAL,11.9,963.8,86.0,HEALTHY,replay,0.5,0.0
2025-01-06T01:00:00+00:00,AWS-BHO-101,13.5,955.0,80.0,False,,low,0.1,NORMAL,14.2,961.9,73.0,HEALTHY,replay,0.2,0.0
2025-01-06T02:00:00+00:00,AWS-BHO-101,12.9,954.6,84.0,False,,low,0.2,NORMAL,11.3,962.81,83.0,HEALTHY,replay,0.3,0.0
2025-01-06T03:00:00+00:00,AWS-BHO-101,12.2,954.2,90.0,False,,low,0.2,NORMAL,13.4,960.9,83.0,HEALTHY,replay,0.4,0.0
2025-01-06T04:00:00+00:00,AWS-BHO-101,11.9,954.3,90.0,False,,low,0.2,NORMAL,13.1,961.0,82.0,HEALTHY,replay,0.3,0.0
2025-01-06T05:00:00+00:00,AWS-BHO-101,11.7,954.6,90.0,False,,low,0.3,NORMAL,12.5,961.2,81.0,HEALTHY,replay,0.4,0.0
2025-01-06T06:00:00+00:00,AWS-BHO-101,11.7,955.3,91.0,False,,low,0.3,NORMAL,12.3,961.9,81.0,HEALTHY,replay,0.6,0.0
2025-01-06T07:00:00+00:00,AWS-BHO-101,11.9,956.0,91.0,False,,low,0.4,NORMAL,12.2,962.3,82.0,HEALTHY,replay,0.7,0.0
2025-01-06T08:00:00+00:00,AWS-BHO-101,15.2,957.5,81.0,False,,low,2.0,NORMAL,14.7,963.6,77.0,HEALTHY,replay,3.4,0.0
2025-01-06T09:00:00+00:00,AWS-BHO-101,19.2,959.1,66.0,False,,low,14.3,NORMAL,18.1,965.1,71.0,HEALTHY,replay,23.8,0.0
2025-01-06T10:00:00+00:00,AWS-BHO-101,21.6,959.6,55.0,False,,low,12.4,NORMAL,20.9,965.4,62.0,HEALTHY,replay,20.7,0.0
2025-01-06T11:00:00+00:00,AWS-BHO-101,23.2,959.1,53.0,False,,low,1.9,NORMAL,23.0,965.0,55.0,HEALTHY,replay,3.2,0.0
2025-01-06T12:00:00+00:00,AWS-BHO-101,24.4,958.2,50.0,False,,low,1.2,NORMAL,24.2,964.1,50.0,HEALTHY,replay,2.0,0.0
2025-01-06T13:00:00+00:00,AWS-BHO-101,25.0,957.4,47.0,False,,low,0.9,NORMAL,25.0,963.2,47.0,HEALTHY,replay,1.5,0.0
2025-01-06T14:00:00+00:00,AWS-BHO-101,25.2,956.9,47.0,False,,low,0.6,NORMAL,25.3,962.6,46.0,HEALTHY,replay,1.1,0.0
2025-01-06T15:00:00+00:00,AWS-BHO-101,24.9,956.6,48.0,False,,low,1.0,NORMAL,25.2,962.3,48.0,HEALTHY,replay,1.6,0.0
2025-01-06T16:00:00+00:00,AWS-BHO-101,24.1,956.4,50.0,False,,low,0.6,NORMAL,24.1,962.0,60.0,HEALTHY,replay,1.0,0.0
2025-01-06T17:00:00+00:00,AWS-BHO-101,21.9,956.2,63.0,False,,low,1.0,NORMAL,21.2,961.8,73.0,HEALTHY,replay,1.7,0.0
2025-01-06T18:00:00+00:00,AWS-BHO-101,20.0,956.7,71.0,False,,low,0.5,NORMAL,19.0,962.3,84.0,HEALTHY,replay,0.8,0.0
2025-01-06T19:00:00+00:00,AWS-BHO-101,18.7,957.2,76.0,False,,low,0.4,NORMAL,18.1,962.9,87.0,HEALTHY,replay,0.7,0.0
2025-01-06T20:00:00+00:00,AWS-BHO-101,17.8,958.0,80.0,False,,low,0.6,NORMAL,17.2,963.7,84.0,HEALTHY,replay,1.0,0.0
2025-01-06T21:00:00+00:00,AWS-BHO-101,16.7,958.6,86.0,False,,low,1.0,NORMAL,16.4,964.2,85.0,HEALTHY,replay,1.7,0.0
2025-01-06T22:00:00+00:00,AWS-BHO-101,15.6,958.9,93.0,False,,low,1.7,NORMAL,15.3,964.7,89.0,HEALTHY,replay,2.8,0.0
2025-01-06T23:00:00+00:00,AWS-BHO-101,14.7,958.8,96.0,False,,low,0.6,NORMAL,14.3,964.7,92.0,HEALTHY,replay,1.0,0.0
2025-01-07T00:00:00+00:00,AWS-BHO-101,14.0,958.7,97.0,False,,low,0.5,NORMAL,13.5,966.7,96.0,HEALTHY,replay,0.9,0.0
2025-01-07T01:00:00+00:00,AWS-BHO-101,13.4,958.6,97.0,False,,low,0.5,NORMAL,13.0,964.6,97.0,HEALTHY,replay,0.8,0.0
2025-01-07T02:00:00+00:00,AWS-BHO-101,13.0,958.5,98.0,False,,low,0.6,NORMAL,12.4,964.5,97.0,HEALTHY,replay,1.0,0.0
2025-01-07T03:00:00+00:00,AWS-BHO-101,12.6,958.4,99.0,False,,low,0.6,NORMAL,11.7,964.7,97.9,HEALTHY,replay,0.9,0.0
2025-01-07T04:00:00+00:00,AWS-BHO-101,12.2,958.4,99.0,False,,low,0.7,NORMAL,11.1,964.8,98.37,HEALTHY,replay,1.1,0.0
2025-01-07T05:00:00+00:00,AWS-BHO-101,11.6,958.7,98.0,False,,low,1.1,NORMAL,11.0,965.2,99.0,HEALTHY,replay,1.8,0.0
2025-01-07T06:00:00+00:00,AWS-BHO-101,10.5,959.6,98.0,False,,low,1.9,NORMAL,10.4,966.3,99.0,HEALTHY,replay,3.2,0.0
2025-01-07T07:00:00+00:00,AWS-BHO-101,10.2,960.4,97.0,False,,low,1.4,NORMAL,9.9,966.8,100.0,HEALTHY,replay,2.3,0.0
2025-01-07T08:00:00+00:00,AWS-BHO-101,11.7,961.7,90.0,False,,low,7.4,NORMAL,10.7,968.1,95.58,HEALTHY,replay,12.3,0.0
2025-01-07T09:00:00+00:00,AWS-BHO-101,13.9,962.6,79.0,False,,low,17.2,NORMAL,12.5,968.8,86.0,HEALTHY,replay,28.7,0.0
2025-01-07T10:00:00+00:00,AWS-BHO-101,16.2,962.6,70.0,False,,low,15.4,NORMAL,14.7,968.7,78.86,HEALTHY,replay,25.6,0.0
2025-01-07T11:00:00+00:00,AWS-BHO-101,18.2,962.0,63.0,False,,low,8.4,NORMAL,16.6,967.9,73.0,HEALTHY,replay,14.0,0.0
2025-01-07T12:00:00+00:00,AWS-BHO-101,19.6,960.8,55.0,False,,low,11.4,NORMAL,18.2,966.7,68.0,HEALTHY,replay,18.9,0.0
2025-01-07T13:00:00+00:00,AWS-BHO-101,20.4,959.6,50.0,False,,low,9.4,NORMAL,19.3,965.7,63.0,HEALTHY,replay,15.7,0.0
2025-01-07T14:00:00+00:00,AWS-BHO-101,20.8,958.7,49.0,False,,low,5.8,NORMAL,19.9,964.6,56.0,HEALTHY,replay,9.6,0.0
2025-01-07T15:00:00+00:00,AWS-BHO-101,20.7,958.2,45.0,False,,low,2.4,NORMAL,19.8,964.1,56.0,HEALTHY,replay,4.0,0.0
2025-01-07T16:00:00+00:00,AWS-BHO-101,19.9,957.9,48.0,False,,low,1.2,NORMAL,19.2,963.9,60.35,HEALTHY,replay,2.0,0.0
2025-01-07T17:00:00+00:00,AWS-BHO-101,17.5,957.7,62.0,False,,low,3.7,NORMAL,16.8,963.5,75.0,HEALTHY,replay,6.2,0.0
2025-01-07T18:00:00+00:00,AWS-BHO-101,15.6,958.2,74.0,False,,low,10.5,NORMAL,14.7,964.1,86.0,HEALTHY,replay,17.5,0.0
2025-01-07T19:00:00+00:00,AWS-BHO-101,14.6,958.4,77.0,False,,low,2.5,NORMAL,13.9,964.4,87.0,HEALTHY,replay,4.2,0.0
2025-01-07T20:00:00+00:00,AWS-BHO-101,13.7,958.9,77.0,False,,low,0.9,NORMAL,12.8,964.8,87.0,HEALTHY,replay,1.6,0.0
2025-01-07T21:00:00+00:00,AWS-BHO-101,12.8,959.5,80.0,False,,low,0.7,NORMAL,12.2,965.3,91.0,HEALTHY,replay,1.2,0.0
2025-01-07T22:00:00+00:00,AWS-BHO-101,11.6,959.3,85.0,False,,low,0.8,NORMAL,11.7,965.4,94.0,HEALTHY,replay,1.4,0.0
2025-01-07T23:00:00+00:00,AWS-BHO-101,10.5,958.6,90.0,False,,low,0.6,NORMAL,11.0,964.7,93.0,HEALTHY,replay,0.9,0.0
2025-01-08T00:00:00+00:00,AWS-BHO-101,9.7,958.1,93.0,False,,low,0.6,NORMAL,10.1,964.3,94.0,HEALTHY,replay,1.0,0.0
2025-01-08T01:00:00+00:00,AWS-BHO-101,9.0,957.5,95.0,False,,low,0.5,NORMAL,9.2,963.7,95.0,HEALTHY,replay,0.9,0.0
2025-01-08T02:00:00+00:00,AWS-BHO-101,8.4,956.9,97.0,False,,low,0.5,NORMAL,8.5,963.1,97.0,HEALTHY,replay,0.9,0.0
2025-01-08T03:00:00+00:00,AWS-BHO-101,8.0,956.7,98.0,False,,low,0.6,NORMAL,7.6,963.0,99.0,HEALTHY,replay,0.9,0.0
2025-01-08T04:00:00+00:00,AWS-BHO-101,7.2,956.7,99.0,False,,low,1.2,NORMAL,7.2,963.0,99.0,HEALTHY,replay,2.0,0.0
2025-01-08T05:00:00+00:00,AWS-BHO-101,6.9,956.8,100.0,False,,low,1.2,NORMAL,7.0,963.3,100.0,HEALTHY,replay,2.0,0.0
2025-01-08T06:00:00+00:00,AWS-BHO-101,6.9,957.6,100.0,False,,low,1.2,NORMAL,6.4,963.7,100.0,HEALTHY,replay,2.0,0.0
2025-01-08T07:00:00+00:00,AWS-BHO-101,7.2,958.7,99.0,False,,low,0.9,NORMAL,7.2,964.6,100.0,HEALTHY,replay,1.5,0.0
2025-01-08T08:00:00+00:00,AWS-BHO-101,8.2,960.3,96.0,False,,low,9.7,NORMAL,9.0,966.2,97.0,HEALTHY,replay,16.2,0.0
2025-01-08T09:00:00+00:00,AWS-BHO-101,10.4,961.6,89.0,False,,low,10.1,NORMAL,11.4,967.6,92.0,HEALTHY,replay,16.8,0.0
2025-01-08T10:00:00+00:00,AWS-BHO-101,13.6,961.7,76.0,False,,low,11.2,NORMAL,13.9,967.8,79.0,HEALTHY,replay,18.7,0.0
2025-01-08T11:00:00+00:00,AWS-BHO-101,16.3,961.0,58.0,False,,low,12.1,NORMAL,15.7,967.1,66.0,HEALTHY,replay,20.2,0.0
2025-01-08T12:00:00+00:00,AWS-BHO-101,18.1,960.1,47.0,False,,low,7.1,NORMAL,17.1,966.1,59.0,HEALTHY,replay,11.8,0.0
2025-01-08T13:00:00+00:00,AWS-BHO-101,19.1,959.1,42.0,False,,low,3.6,NORMAL,18.2,965.2,54.0,HEALTHY,replay,6.0,0.0
2025-01-08T14:00:00+00:00,AWS-BHO-101,19.7,958.5,40.0,False,,low,2.3,NORMAL,18.7,964.5,52.0,HEALTHY,replay,3.8,0.0
2025-01-08T15:00:00+00:00,AWS-BHO-101,19.7,958.2,39.0,False,,low,1.7,NORMAL,18.7,964.2,51.0,HEALTHY,replay,2.8,0.0
2025-01-08T16:00:00+00:00,AWS-BHO-101,19.0,958.1,41.0,False,,low,0.4,NORMAL,17.8,964.2,55.0,HEALTHY,replay,0.7,0.0
2025-01-08T17:00:00+00:00,AWS-BHO-101,16.6,957.9,59.0,False,,low,2.3,NORMAL,15.0,963.9,70.0,HEALTHY,replay,3.8,0.0
2025-01-08T18:00:00+00:00,AWS-BHO-101,15.2,957.8,60.0,False,,low,1.0,NORMAL,13.0,965.8,79.0,HEALTHY,replay,1.6,0.0
2025-01-08T19:00:00+00:00,AWS-BHO-101,13.7,958.2,62.0,False,,low,1.1,NORMAL,12.0,964.4,82.0,HEALTHY,replay,1.8,0.0
2025-01-08T20:00:00+00:00,AWS-BHO-101,12.5,958.5,66.0,False,,low,0.5,NORMAL,11.1,964.8,86.0,HEALTHY,replay,0.8,0.0
2025-01-08T21:00:00+00:00,AWS-BHO-101,11.5,958.6,73.0,False,,low,0.7,NORMAL,10.5,964.8,83.0,HEALTHY,replay,1.1,0.0
2025-01-08T22:00:00+00:00,AWS-BHO-101,11.0,958.5,83.0,False,,low,1.6,NORMAL,10.0,964.7,89.0,HEALTHY,replay,2.6,0.0
2025-01-08T23:00:00+00:00,AWS-BHO-101,10.4,958.1,89.0,False,,low,0.8,NORMAL,9.6,964.3,85.0,HEALTHY,replay,1.3,0.0
2025-01-09T00:00:00+00:00,AWS-BHO-101,10.1,957.8,90.0,False,,low,0.5,NORMAL,9.4,964.0,83.0,HEALTHY,replay,0.8,0.0
2025-01-09T01:00:00+00:00,AWS-BHO-101,10.1,957.4,89.0,False,,low,0.4,NORMAL,9.0,963.7,82.0,HEALTHY,replay,0.6,0.0
2025-01-09T02:00:00+00:00,AWS-BHO-101,9.9,957.2,88.0,False,,low,0.3,NORMAL,8.5,963.4,81.0,HEALTHY,replay,0.6,0.0
2025-01-09T03:00:00+00:00,AWS-BHO-101,9.8,956.7,87.0,False,,low,0.6,NORMAL,8.1,962.9,81.0,HEALTHY,replay,0.9,0.0
2025-01-09T04:00:00+00:00,AWS-BHO-101,9.6,956.7,87.0,False,,low,0.5,NORMAL,8.0,963.0,84.0,HEALTHY,replay,0.8,0.0
2025-01-09T05:00:00+00:00,AWS-BHO-101,9.3,957.1,85.0,False,,low,0.5,NORMAL,8.0,963.5,88.0,HEALTHY,replay,0.9,0.0
2025-01-09T06:00:00+00:00,AWS-BHO-101,9.0,958.0,77.0,False,,low,2.1,NORMAL,7.9,964.4,92.0,HEALTHY,replay,3.5,0.0
2025-01-09T07:00:00+00:00,AWS-BHO-101,8.9,958.9,78.0,False,,low,0.8,NORMAL,8.3,965.3,93.0,HEALTHY,replay,1.3,0.0
2025-01-09T08:00:00+00:00,AWS-BHO-101,11.7,960.3,75.0,False,,low,12.1,NORMAL,11.3,966.9,84.0,HEALTHY,replay,20.1,0.0
2025-01-09T09:00:00+00:00,AWS-BHO-101,15.2,961.7,68.0,False,,low,36.2,NORMAL,14.4,968.2,74.0,HEALTHY,replay,60.3,0.0
2025-01-09T10:00:00+00:00,AWS-BHO-101,18.3,961.9,56.0,False,,low,39.8,NORMAL,17.3,968.3,65.0,HEALTHY,replay,66.3,0.0
2025-01-09T11:00:00+00:00,AWS-BHO-101,20.4,961.3,45.0,False,,low,14.1,NORMAL,19.2,967.6,55.0,HEALTHY,replay,23.5,0.0
2025-01-09T12:00:00+00:00,AWS-BHO-101,21.7,960.3,39.0,False,,low,5.5,NORMAL,20.5,966.5,48.0,HEALTHY,replay,9.2,0.0
2025-01-09T13:00:00+00:00,AWS-BHO-101,22.6,959.5,37.0,False,,low,2.7,NORMAL,21.3,965.6,44.0,HEALTHY,replay,4.6,0.0
2025-01-09T14:00:00+00:00,AWS-BHO-101,22.9,958.6,35.0,False,,low,2.4,NORMAL,21.7,964.8,42.0,HEALTHY,replay,3.9,0.0
2025-01-09T15:00:00+00:00,AWS-BHO-101,22.8,958.3,36.0,False,,low,0.9,NORMAL,21.6,964.5,42.0,HEALTHY,replay,1.5,0.0
2025-01-09T16:00:00+00:00,AWS-BHO-101,22.1,958.3,37.0,False,,low,1.0,NORMAL,20.7,964.3,54.0,HEALTHY,replay,1.6,0.0
2025-01-09T17:00:00+00:00,AWS-BHO-101,19.0,958.1,53.0,False,,low,1.9,NORMAL,17.8,964.2,66.0,HEALTHY,replay,3.2,0.0
2025-01-09T18:00:00+00:00,AWS-BHO-101,17.2,958.8,63.0,False,,low,2.1,NORMAL,16.2,964.9,74.0,HEALTHY,replay,3.5,0.0
2025-01-09T19:00:00+00:00,AWS-BHO-101,15.9,959.3,69.0,False,,low,1.2,NORMAL,15.3,965.3,74.0,HEALTHY,replay,1.9,0.0
2025-01-09T20:00:00+00:00,AWS-BHO-101,15.2,959.9,72.0,False,,low,1.7,NORMAL,14.3,966.0,75.0,HEALTHY,replay,2.8,0.0
2025-01-09T21:00:00+00:00,AWS-BHO-101,14.4,960.4,75.0,False,,low,2.2,NORMAL,12.9,966.4,81.0,HEALTHY,replay,3.7,0.0
2025-01-09T22:00:00+00:00,AWS-BHO-101,13.8,960.6,75.0,False,,low,0.6,NORMAL,11.5,966.7,81.0,HEALTHY,replay,1.0,0.0
2025-01-09T23:00:00+00:00,AWS-BHO-101,13.2,960.3,75.0,False,,low,0.4,NORMAL,10.6,966.4,77.0,HEALTHY,replay,0.7,0.0
2025-01-10T00:00:00+00:00,AWS-BHO-101,12.7,959.9,76.0,False,,low,0.3,NORMAL,10.1,966.2,75.0,HEALTHY,replay,0.6,0.0
2025-01-10T01:00:00+00:00,AWS-BHO-101,12.6,959.5,71.0,False,,low,0.6,NORMAL,10.0,965.7,77.0,HEALTHY,replay,0.9,0.0
2025-01-10T02:00:00+00:00,AWS-BHO-101,12.5,959.1,66.0,False,,low,0.8,NORMAL,10.0,965.4,78.0,HEALTHY,replay,1.3,0.0
2025-01-10T03:00:00+00:00,AWS-BHO-101,12.3,958.7,66.0,False,,low,0.6,NORMAL,10.0,965.2,78.0,HEALTHY,replay,1.0,0.0
2025-01-10T04:00:00+00:00,AWS-BHO-101,12.0,958.5,69.0,False,,low,0.3,NORMAL,9.6,964.9,81.0,HEALTHY,replay,0.5,0.0
2025-01-10T05:00:00+00:00,AWS-BHO-101,11.5,958.6,72.0,False,,low,0.2,NORMAL,8.9,965.0,84.0,HEALTHY,replay,0.4,0.0
2025-01-10T06:00:00+00:00,AWS-BHO-101,10.8,959.4,76.0,False,,low,0.1,NORMAL,8.7,965.7,85.0,HEALTHY,replay,0.2,0.0
2025-01-10T07:00:00+00:00,AWS-BHO-101,10.6,960.0,78.0,False,,low,0.1,NORMAL,9.3,966.6,83.0,HEALTHY,replay,0.2,0.0
2025-01-10T08:00:00+00:00,AWS-BHO-101,12.9,961.4,69.0,False,,low,0.8,NORMAL,12.0,968.1,77.0,HEALTHY,replay,1.4,0.0
2025-01-10T09:00:00+00:00,AWS-BHO-101,16.4,962.8,58.0,False,,low,4.1,NORMAL,15.0,969.3,68.0,HEALTHY,replay,6.8,0.0
2025-01-10T10:00:00+00:00,AWS-BHO-101,19.8,963.3,45.0,False,,low,30.8,NORMAL,17.5,969.5,61.0,HEALTHY,replay,51.3,0.0
2025-01-10T11:00:00+00:00,AWS-BHO-101,21.9,962.8,36.0,False,,low,9.9,NORMAL,19.7,968.9,55.0,HEALTHY,replay,16.5,0.0
2025-01-10T12:00:00+00:00,AWS-BHO-101,23.1,961.7,32.0,False,,low,3.4,NORMAL,21.3,967.9,51.0,HEALTHY,replay,5.6,0.0
2025-01-10T13:00:00+00:00,AWS-BHO-101,23.9,960.9,30.0,False,,low,2.2,NORMAL,22.3,967.0,45.0,HEALTHY,replay,3.7,0.0
2025-01-10T14:00:00+00:00,AWS-BHO-101,24.2,960.0,30.0,False,,low,1.0,NORMAL,22.8,966.2,43.0,HEALTHY,replay,1.7,0.0
2025-01-10T15:00:00+00:00,AWS-BHO-101,24.0,959.3,31.0,False,,low,0.5,NORMAL,22.9,965.5,43.0,HEALTHY,replay,0.8,0.0
2025-01-10T16:00:00+00:00,AWS-BHO-101,23.3,958.9,34.0,False,,low,0.3,NORMAL,22.2,965.2,48.0,HEALTHY,replay,0.5,0.0
2025-01-10T17:00:00+00:00,AWS-BHO-101,20.3,958.5,50.0,False,,low,1.7,NORMAL,19.5,964.6,62.0,HEALTHY,replay,2.9,0.0
2025-01-10T18:00:00+00:00,AWS-BHO-101,18.0,958.3,63.0,False,,low,4.6,NORMAL,17.1,964.5,66.0,HEALTHY,replay,7.6,0.0
2025-01-10T19:00:00+00:00,AWS-BHO-101,16.8,958.5,68.0,False,,low,2.4,NORMAL,15.4,964.8,73.0,HEALTHY,replay,4.1,0.0
2025-01-10T20:00:00+00:00,AWS-BHO-101,16.3,959.0,65.0,False,,low,0.4,NORMAL,14.2,965.0,79.0,HEALTHY,replay,0.7,0.0
2025-01-10T21:00:00+00:00,AWS-BHO-101,15.6,959.6,65.0,False,,low,0.2,NORMAL,13.3,965.6,82.0,HEALTHY,replay,0.3,0.0
2025-01-10T22:00:00+00:00,AWS-BHO-101,15.4,959.8,65.0,False,,low,0.1,NORMAL,12.8,965.9,77.0,HEALTHY,replay,0.2,0.0
2025-01-10T23:00:00+00:00,AWS-BHO-101,15.1,959.4,64.0,False,,low,0.1,NORMAL,12.5,965.5,81.0,HEALTHY,replay,0.2,0.0
2025-01-11T00:00:00+00:00,AWS-BHO-101,14.4,958.9,67.0,False,,low,0.1,NORMAL,13.0,965.2,77.0,HEALTHY,replay,0.2,0.0
2025-01-11T01:00:00+00:00,AWS-BHO-101,14.2,958.5,67.0,False,,low,0.2,NORMAL,13.0,964.9,79.0,HEALTHY,replay,0.3,0.0
2025-01-11T02:00:00+00:00,AWS-BHO-101,14.2,958.1,66.0,False,,low,0.2,NORMAL,12.5,964.4,81.0,HEALTHY,replay,0.3,0.0
2025-01-11T03:00:00+00:00,AWS-BHO-101,13.6,957.7,69.0,False,,low,0.1,NORMAL,11.9,964.0,84.0,HEALTHY,replay,0.2,0.0
2025-01-11T04:00:00+00:00,AWS-BHO-101,13.0,957.6,73.0,False,,low,0.1,NORMAL,11.2,963.9,84.0,HEALTHY,replay,0.1,0.0
2025-01-11T05:00:00+00:00,AWS-BHO-101,12.7,957.7,75.0,False,,low,0.1,NORMAL,11.1,964.0,83.0,HEALTHY,replay,0.2,0.0
2025-01-11T06:00:00+00:00,AWS-BHO-101,12.3,958.3,78.0,False,,low,0.1,NORMAL,10.9,964.7,84.0,HEALTHY,replay,0.2,0.0
2025-01-11T07:00:00+00:00,AWS-BHO-101,12.4,958.8,78.0,False,,low,0.1,NORMAL,11.1,965.2,83.0,HEALTHY,replay,0.2,0.0
2025-01-11T08:00:00+00:00,AWS-BHO-101,15.1,960.1,67.0,False,,low,0.7,NORMAL,13.7,966.6,74.0,HEALTHY,replay,1.1,0.0
2025-01-11T09:00:00+00:00,AWS-BHO-101,18.7,961.1,56.0,False,,low,4.0,NORMAL,16.7,967.4,68.0,HEALTHY,replay,6.6,0.0
2025-01-11T10:00:00+00:00,AWS-BHO-101,21.7,961.5,48.0,False,,low,4.3,NORMAL,19.3,967.8,59.0,HEALTHY,replay,7.1,0.0
2025-01-11T11:00:00+00:00,AWS-BHO-101,23.7,960.9,44.0,False,,low,2.0,NORMAL,21.8,967.2,52.0,HEALTHY,replay,3.3,0.0
2025-01-11T12:00:00+00:00,AWS-BHO-101,24.8,959.7,41.0,False,,low,4.0,NORMAL,23.4,966.0,48.0,HEALTHY,replay,6.6,0.0
2025-01-11T13:00:00+00:00,AWS-BHO-101,25.4,958.8,41.0,False,,low,2.4,NORMAL,24.2,965.0,46.0,HEALTHY,replay,4.1,0.0
2025-01-11T14:00:00+00:00,AWS-BHO-101,25.6,957.9,41.0,False,,low,3.1,NORMAL,24.5,964.1,45.0,HEALTHY,replay,5.2,0.0
2025-01-11T15:00:00+00:00,AWS-BHO-101,25.4,957.4,41.0,False,,low,2.3,NORMAL,24.5,963.6,45.0,HEALTHY,replay,3.9,0.0
2025-01-11T16:00:00+00:00,AWS-BHO-101,24.6,957.3,45.0,False,,low,0.6,NORMAL,23.9,963.5,50.0,HEALTHY,replay,1.1,0.0
2025-01-11T17:00:00+00:00,AWS-BHO-101,22.8,957.1,53.0,False,,low,1.1,NORMAL,21.1,963.0,64.0,HEALTHY,replay,1.9,0.0
2025-01-11T18:00:00+00:00,AWS-BHO-101,20.2,957.1,66.0,False,,low,1.7,NORMAL,18.9,962.9,71.0,HEALTHY,replay,2.8,0.0
2025-01-11T19:00:00+00:00,AWS-BHO-101,19.0,957.5,73.0,False,,low,1.4,NORMAL,17.6,963.5,71.0,HEALTHY,replay,2.4,0.0
2025-01-11T20:00:00+00:00,AWS-BHO-101,17.9,957.7,76.0,False,,low,0.5,NORMAL,17.3,964.0,73.0,HEALTHY,replay,0.9,0.0
2025-01-11T21:00:00+00:00,AWS-BHO-101,17.8,958.2,75.0,False,,low,0.3,NORMAL,16.8,964.4,73.0,HEALTHY,replay,0.5,0.0
2025-01-11T22:00:00+00:00,AWS-BHO-101,18.0,958.8,73.0,False,,low,0.3,NORMAL,16.4,964.5,73.0,HEALTHY,replay,0.5,0.0
2025-01-11T23:00:00+00:00,AWS-BHO-101,17.5,958.6,75.0,False,,low,0.2,NORMAL,16.3,964.4,74.0,HEALTHY,replay,0.4,0.0
2025-01-12T00:00:00+00:00,AWS-BHO-101,16.5,958.0,81.0,False,,low,0.3,NORMAL,16.2,964.1,76.0,HEALTHY,replay,0.5,0.0
2025-01-12T01:00:00+00:00,AWS-BHO-101,15.9,957.8,85.0,False,,low,0.2,NORMAL,15.6,964.0,77.0,HEALTHY,replay,0.4,0.0
2025-01-12T02:00:00+00:00,AWS-BHO-101,15.1,958.3,91.0,False,,low,0.4,NORMAL,15.2,963.7,79.0,HEALTHY,replay,0.6,0.0
2025-01-12T03:00:00+00:00,AWS-BHO-101,15.1,957.8,91.0,False,,low,0.2,NORMAL,14.9,963.7,81.0,HEALTHY,replay,0.3,0.0
2025-01-12T04:00:00+00:00,AWS-BHO-101,14.7,958.0,92.0,False,,low,0.2,NORMAL,13.8,965.67,90.0,HEALTHY,replay,0.3,0.0
2025-01-12T05:00:00+00:00,AWS-BHO-101,15.2,958.0,93.0,False,,low,0.6,NORMAL,14.4,964.1,90.0,HEALTHY,replay,1.1,0.0
2025-01-12T06:00:00+00:00,AWS-BHO-101,15.2,958.8,94.0,False,,low,0.4,NORMAL,14.5,966.9,92.0,HEALTHY,replay,0.7,0.0
2025-01-12T07:00:00+00:00,AWS-BHO-101,14.5,959.5,97.0,False,,low,0.3,NORMAL,15.0,965.8,91.0,HEALTHY,replay,0.5,0.0
2025-01-12T08:00:00+00:00,AWS-BHO-101,15.8,960.6,92.0,False,,low,0.6,NORMAL,16.4,966.6,88.0,HEALTHY,replay,1.1,0.0
2025-01-12T09:00:00+00:00,AWS-BHO-101,17.9,961.5,82.0,False,,low,2.7,NORMAL,18.5,967.8,79.0,HEALTHY,replay,4.6,0.0
2025-01-12T10:00:00+00:00,AWS-BHO-101,20.1,962.0,71.0,False,,low,2.4,NORMAL,20.2,968.1,72.0,HEALTHY,replay,4.0,0.0
2025-01-12T11:00:00+00:00,AWS-BHO-101,21.8,961.4,62.0,False,,low,2.3,NORMAL,21.5,967.4,68.0,HEALTHY,replay,3.9,0.0
2025-01-12T12:00:00+00:00,AWS-BHO-101,23.1,960.5,53.0,False,,low,3.6,NORMAL,22.6,966.4,63.0,HEALTHY,replay,6.1,0.0
2025-01-12T13:00:00+00:00,AWS-BHO-101,23.9,959.2,48.0,False,,low,3.5,NORMAL,23.1,965.3,62.0,HEALTHY,replay,5.8,0.0
2025-01-12T14:00:00+00:00,AWS-BHO-101,23.9,958.5,46.0,False,,low,3.0,NORMAL,22.9,964.5,61.0,HEALTHY,replay,5.0,0.0
2025-01-12T15:00:00+00:00,AWS-BHO-101,23.8,958.2,47.0,False,,low,0.8,NORMAL,22.6,964.3,60.0,HEALTHY,replay,1.3,0.0
2025-01-12T16:00:00+00:00,AWS-BHO-101,23.2,958.5,49.0,False,,low,0.4,NORMAL,22.4,964.5,58.0,HEALTHY,replay,0.6,0.0
2025-01-12T17:00:00+00:00,AWS-BHO-101,21.4,958.4,55.0,False,,low,0.3,NORMAL,20.5,964.3,72.0,HEALTHY,replay,0.6,0.0
2025-01-12T18:00:00+00:00,AWS-BHO-101,18.4,959.4,65.0,False,,low,2.1,NORMAL,17.6,965.2,87.0,HEALTHY,replay,3.5,0.0
2025-01-12T19:00:00+00:00,AWS-BHO-101,16.9,960.0,66.0,False,,low,1.3,NORMAL,16.4,965.6,91.0,HEALTHY,replay,2.2,0.0
2025-01-12T20:00:00+00:00,AWS-BHO-101,15.6,960.6,70.0,False,,low,0.9,NORMAL,15.5,966.3,88.0,HEALTHY,replay,1.6,0.0
2025-01-12T21:00:00+00:00,AWS-BHO-101,14.5,961.0,76.0,False,,low,1.3,NORMAL,15.0,966.8,77.0,HEALTHY,replay,2.1,0.0
2025-01-12T22:00:00+00:00,AWS-BHO-101,13.5,960.9,80.0,False,,low,1.0,NORMAL,14.1,967.0,79.0,HEALTHY,replay,1.6,0.0
2025-01-12T23:00:00+00:00,AWS-BHO-101,12.4,960.4,85.0,False,,low,1.0,NORMAL,12.8,966.4,84.0,HEALTHY,replay,1.6,0.0
2025-01-13T00:00:00+00:00,AWS-BHO-101,11.4,960.0,90.0,False,,low,0.9,NORMAL,12.0,966.0,89.0,HEALTHY,replay,1.5,0.0
2025-01-13T01:00:00+00:00,AWS-BHO-101,10.9,959.7,93.0,False,,low,0.4,NORMAL,11.5,965.7,92.0,HEALTHY,replay,0.7,0.0
2025-01-13T02:00:00+00:00,AWS-BHO-101,10.5,959.1,94.0,False,,low,0.2,NORMAL,11.1,965.3,93.0,HEALTHY,replay,0.4,0.0
2025-01-13T03:00:00+00:00,AWS-BHO-101,10.2,958.9,93.0,False,,low,0.4,NORMAL,10.6,965.2,94.0,HEALTHY,replay,0.6,0.0
2025-01-13T04:00:00+00:00,AWS-BHO-101,9.8,959.0,94.0,False,,low,0.4,NORMAL,10.1,965.2,94.0,HEALTHY,replay,0.7,0.0
2025-01-13T05:00:00+00:00,AWS-BHO-101,9.5,959.2,95.0,False,,low,0.6,NORMAL,9.9,965.4,96.0,HEALTHY,replay,1.0,0.0
2025-01-13T06:00:00+00:00,AWS-BHO-101,8.8,959.7,97.0,False,,low,1.5,NORMAL,9.1,966.0,97.0,HEALTHY,replay,2.6,0.0
2025-01-13T07:00:00+00:00,AWS-BHO-101,8.9,960.3,97.0,False,,low,0.6,NORMAL,9.4,966.6,98.0,HEALTHY,replay,1.1,0.0
2025-01-13T08:00:00+00:00,AWS-BHO-101,11.0,961.5,90.0,False,,low,1.8,NORMAL,11.6,967.9,92.0,HEALTHY,replay,3.0,0.0
2025-01-13T09:00:00+00:00,AWS-BHO-101,13.7,962.3,80.0,False,,low,6.2,NORMAL,13.4,968.5,90.0,HEALTHY,replay,10.4,0.0
2025-01-13T10:00:00+00:00,AWS-BHO-101,16.0,962.3,72.0,False,,low,3.1,NORMAL,15.2,968.6,81.0,HEALTHY,replay,5.2,0.0
2025-01-13T11:00:00+00:00,AWS-BHO-101,17.6,961.9,62.0,False,,low,2.7,NORMAL,16.8,968.1,71.0,HEALTHY,replay,4.6,0.0
2025-01-13T12:00:00+00:00,AWS-BHO-101,18.9,960.5,55.0,False,,low,4.0,NORMAL,17.8,966.6,63.0,HEALTHY,replay,6.6,0.0
2025-01-13T13:00:00+00:00,AWS-BHO-101,19.7,959.2,49.0,False,,low,6.7,NORMAL,18.5,965.3,58.0,HEALTHY,replay,11.2,0.0
2025-01-13T14:00:00+00:00,AWS-BHO-101,20.1,958.6,46.0,False,,low,2.1,NORMAL,18.9,964.7,55.0,HEALTHY,replay,3.5,0.0
2025-01-13T15:00:00+00:00,AWS-BHO-101,20.0,958.2,44.0,False,,low,1.2,NORMAL,18.9,964.3,55.0,HEALTHY,replay,2.1,0.0
2025-01-13T16:00:00+00:00,AWS-BHO-101,19.4,958.2,46.0,False,,low,0.7,NORMAL,18.4,964.4,57.0,HEALTHY,replay,1.2,0.0
2025-01-13T17:00:00+00:00,AWS-BHO-101,17.3,958.1,61.0,False,,low,2.5,NORMAL,16.3,964.3,68.0,HEALTHY,replay,4.1,0.0
2025-01-13T18:00:00+00:00,AWS-BHO-101,14.8,958.6,78.0,False,,low,9.8,NORMAL,14.2,964.9,74.0,HEALTHY,replay,16.3,0.0
2025-01-13T19:00:00+00:00,AWS-BHO-101,13.7,959.0,83.0,False,,low,3.6,NORMAL,13.3,965.2,81.0,HEALTHY,replay,5.9,0.0
2025-01-13T20:00:00+00:00,AWS-BHO-101,12.6,959.5,89.0,False,,low,2.6,NORMAL,12.7,965.7,86.0,HEALTHY,replay,4.3,0.0
2025-01-13T21:00:00+00:00,AWS-BHO-101,11.8,959.6,92.0,False,,low,1.4,NORMAL,11.8,965.7,87.0,HEALTHY,replay,2.3,0.0
2025-01-13T22:00:00+00:00,AWS-BHO-101,11.2,959.6,94.0,False,,low,0.4,NORMAL,11.0,965.7,89.0,HEALTHY,replay,0.7,0.0
2025-01-13T23:00:00+00:00,AWS-BHO-101,10.5,959.1,95.0,False,,low,0.3,NORMAL,10.6,965.2,90.0,HEALTHY,replay,0.4,0.0
2025-01-14T00:00:00+00:00,AWS-BHO-101,9.8,958.6,96.0,False,,low,0.2,NORMAL,9.8,964.7,93.0,HEALTHY,replay,0.4,0.0
2025-01-14T01:00:00+00:00,AWS-BHO-101,9.4,958.4,96.0,False,,low,0.2,NORMAL,9.2,964.6,93.0,HEALTHY,replay,0.4,0.0
2025-01-14T02:00:00+00:00,AWS-BHO-101,9.4,957.9,97.0,False,,low,0.2,NORMAL,8.8,964.0,94.0,HEALTHY,replay,0.3,0.0
2025-01-14T03:00:00+00:00,AWS-BHO-101,9.2,957.7,97.0,False,,low,0.3,NORMAL,8.4,963.8,96.0,HEALTHY,replay,0.5,0.0
2025-01-14T04:00:00+00:00,AWS-BHO-101,9.1,957.6,97.0,False,,low,0.4,NORMAL,7.9,963.7,97.0,HEALTHY,replay,0.7,0.0
2025-01-14T05:00:00+00:00,AWS-BHO-101,9.0,957.9,96.0,False,,low,0.5,NORMAL,7.9,964.1,97.0,HEALTHY,replay,0.8,0.0
2025-01-14T06:00:00+00:00,AWS-BHO-101,9.0,959.5,95.0,False,,low,0.4,NORMAL,7.4,965.6,99.0,HEALTHY,replay,0.6,0.0
2025-01-14T07:00:00+00:00,AWS-BHO-101,9.6,960.0,94.0,False,,low,0.5,NORMAL,8.0,966.3,98.0,HEALTHY,replay,0.8,0.0
2025-01-14T08:00:00+00:00,AWS-BHO-101,11.8,960.9,88.0,False,,low,0.5,NORMAL,11.1,967.4,88.0,HEALTHY,replay,0.9,0.0
2025-01-14T09:00:00+00:00,AWS-BHO-101,14.7,961.9,77.0,False,,low,2.1,NORMAL,14.3,968.5,78.0,HEALTHY,replay,3.5,0.0
2025-01-14T10:00:00+00:00,AWS-BHO-101,17.4,962.5,66.0,False,,low,4.9,NORMAL,17.1,968.9,68.0,HEALTHY,replay,8.2,0.0
2025-01-14T11:00:00+00:00,AWS-BHO-101,19.4,962.1,58.0,False,,low,1.8,NORMAL,19.0,968.4,63.0,HEALTHY,replay,3.0,0.0
2025-01-14T12:00:00+00:00,AWS-BHO-101,20.8,960.9,54.0,False,,low,0.9,NORMAL,20.2,967.0,60.0,HEALTHY,replay,1.5,0.0
2025-01-14T13:00:00+00:00,AWS-BHO-101,21.7,959.9,53.0,False,,low,1.3,NORMAL,21.0,966.0,59.0,HEALTHY,replay,2.2,0.0
2025-01-14T14:00:00+00:00,AWS-BHO-101,22.2,958.8,53.0,False,,low,2.0,NORMAL,21.4,965.2,58.0,HEALTHY,replay,3.3,0.0
2025-01-14T15:00:00+00:00,AWS-BHO-101,22.3,958.5,54.0,False,,low,1.0,NORMAL,21.4,964.9,59.0,HEALTHY,replay,1.6,0.0
2025-01-14T16:00:00+00:00,AWS-BHO-101,21.9,958.8,56.0,False,,low,0.6,NORMAL,21.0,965.0,61.0,HEALTHY,replay,1.0,0.0
2025-01-14T17:00:00+00:00,AWS-BHO-101,20.0,958.9,67.0,False,,low,1.0,NORMAL,18.6,965.1,74.0,HEALTHY,replay,1.7,0.0
2025-01-14T18:00:00+00:00,AWS-BHO-101,17.8,959.2,79.0,False,,low,2.6,NORMAL,16.8,965.5,82.0,HEALTHY,replay,4.3,0.0
2025-01-14T19:00:00+00:00,AWS-BHO-101,16.7,959.7,83.0,False,,low,1.0,NORMAL,16.0,965.9,82.0,HEALTHY,replay,1.7,0.0
2025-01-14T20:00:00+00:00,AWS-BHO-101,16.1,960.1,83.0,False,,low,0.7,NORMAL,15.5,966.5,82.0,HEALTHY,replay,1.1,0.0
2025-01-14T21:00:00+00:00,AWS-BHO-101,15.6,960.2,84.0,False,,low,0.5,NORMAL,14.5,966.6,82.0,HEALTHY,replay,0.8,0.0
2025-01-14T22:00:00+00:00,AWS-BHO-101,15.2,960.6,82.0,False,,low,0.8,NORMAL,13.6,966.8,86.0,HEALTHY,replay,1.4,0.0
2025-01-14T23:00:00+00:00,AWS-BHO-101,14.9,960.5,80.0,False,,low,1.1,NORMAL,12.9,966.6,90.0,HEALTHY,replay,1.9,0.0
2025-01-15T00:00:00+00:00,AWS-BHO-101,14.4,960.1,81.0,False,,low,1.3,NORMAL,12.2,966.4,93.0,HEALTHY,replay,2.1,0.0
2025-01-15T01:00:00+00:00,AWS-BHO-101,14.1,959.8,83.0,False,,low,1.3,NORMAL,12.2,966.2,93.0,HEALTHY,replay,2.2,0.0
2025-01-15T02:00:00+00:00,AWS-BHO-101,13.7,959.2,86.0,False,,low,0.5,NORMAL,11.9,965.4,91.0,HEALTHY,replay,0.9,0.0
2025-01-15T03:00:00+00:00,AWS-BHO-101,13.6,958.7,85.0,False,,low,1.4,NORMAL,11.6,964.9,89.0,HEALTHY,replay,2.3,0.0
2025-01-15T04:00:00+00:00,AWS-BHO-101,13.7,958.6,82.0,False,,low,1.1,NORMAL,11.7,964.8,85.0,HEALTHY,replay,1.8,0.0
2025-01-15T05:00:00+00:00,AWS-BHO-101,14.6,959.0,76.0,False,,low,4.1,NORMAL,11.9,965.2,91.0,HEALTHY,replay,6.9,0.0
2025-01-15T06:00:00+00:00,AWS-BHO-101,14.1,959.5,77.0,False,,low,1.2,NORMAL,12.2,966.2,81.0,HEALTHY,replay,2.0,0.0
2025-01-15T07:00:00+00:00,AWS-BHO-101,14.9,960.0,73.0,False,,low,2.4,NORMAL,12.5,966.7,90.0,HEALTHY,replay,4.0,0.0
2025-01-15T08:00:00+00:00,AWS-BHO-101,16.1,961.1,72.0,False,,low,1.6,NORMAL,15.1,967.6,81.0,HEALTHY,replay,2.7,0.0
2025-01-15T09:00:00+00:00,AWS-BHO-101,18.1,961.9,67.0,False,,low,1.6,NORMAL,17.3,968.1,69.0,HEALTHY,replay,2.6,0.0
2025-01-15T10:00:00+00:00,AWS-BHO-101,20.4,962.2,64.0,False,,low,1.6,NORMAL,20.0,968.4,66.0,HEALTHY,replay,2.6,0.0
2025-01-15T11:00:00+00:00,AWS-BHO-101,22.7,961.8,59.0,False,,low,1.8,NORMAL,21.9,968.1,61.0,HEALTHY,replay,3.0,0.0
2025-01-15T12:00:00+00:00,AWS-BHO-101,24.1,960.5,55.0,False,,low,1.6,NORMAL,23.7,966.8,57.0,HEALTHY,replay,2.6,0.0
2025-01-15T13:00:00+00:00,AWS-BHO-101,25.3,959.6,49.0,False,,low,3.8,NORMAL,24.7,965.9,53.0,HEALTHY,replay,6.4,0.0
2025-01-15T14:00:00+00:00,AWS-BHO-101,25.8,958.8,45.0,False,,low,3.1,NORMAL,24.8,965.2,52.0,HEALTHY,replay,5.2,0.0
2025-01-15T15:00:00+00:00,AWS-BHO-101,25.7,958.3,45.0,False,,low,1.5,NORMAL,24.8,964.5,52.0,HEALTHY,replay,2.5,0.0
2025-01-15T16:00:00+00:00,AWS-BHO-101,25.1,958.0,49.0,False,,low,1.5,NORMAL,24.2,964.3,58.0,HEALTHY,replay,2.4,0.0
2025-01-15T17:00:00+00:00,AWS-BHO-101,22.5,957.6,68.0,False,,low,6.0,NORMAL,21.8,963.9,71.0,HEALTHY,replay,10.1,0.0
2025-01-15T18:00:00+00:00,AWS-BHO-101,19.6,958.6,74.0,False,,low,4.3,NORMAL,19.1,964.6,79.0,HEALTHY,replay,7.2,0.0
2025-01-15T19:00:00+00:00,AWS-BHO-101,19.0,958.8,73.0,False,,low,0.9,NORMAL,18.0,965.1,79.0,HEALTHY,replay,1.4,0.0
2025-01-15T20:00:00+00:00,AWS-BHO-101,18.7,959.3,72.0,False,,low,0.6,NORMAL,17.8,965.4,79.0,HEALTHY,replay,1.0,0.0
2025-01-15T21:00:00+00:00,AWS-BHO-101,18.3,959.4,72.0,False,,low,0.3,NORMAL,17.1,965.6,78.0,HEALTHY,replay,0.5,0.0
2025-01-15T22:00:00+00:00,AWS-BHO-101,18.0,959.6,70.0,False,,low,0.5,NORMAL,16.8,965.9,78.0,HEALTHY,replay,0.8,0.0
2025-01-15T23:00:00+00:00,AWS-BHO-101,17.7,959.2,70.0,False,,low,0.5,NORMAL,16.4,965.7,80.0,HEALTHY,replay,0.9,0.0
2025-01-16T00:00:00+00:00,AWS-BHO-101,17.5,958.8,71.0,False,,low,0.8,NORMAL,16.1,965.2,81.0,HEALTHY,replay,1.4,0.0
2025-01-16T01:00:00+00:00,AWS-BHO-101,16.4,958.9,77.0,False,,low,0.3,NORMAL,16.0,964.9,80.0,HEALTHY,replay,0.5,0.0
2025-01-16T02:00:00+00:00,AWS-BHO-101,16.4,958.5,78.0,False,,low,0.5,NORMAL,15.7,964.6,80.0,HEALTHY,replay,0.9,0.0
2025-01-16T03:00:00+00:00,AWS-BHO-101,16.5,958.0,78.0,False,,low,0.5,NORMAL,15.3,964.0,81.0,HEALTHY,replay,0.8,0.0
2025-01-16T04:00:00+00:00,AWS-BHO-101,15.8,957.8,83.0,False,,low,0.3,NORMAL,15.0,963.6,84.0,HEALTHY,replay,0.4,0.0
2025-01-16T05:00:00+00:00,AWS-BHO-101,15.8,958.1,84.0,False,,low,0.3,NORMAL,14.3,963.7,85.0,HEALTHY,replay,0.5,0.0
2025-01-16T06:00:00+00:00,AWS-BHO-101,16.5,959.5,80.0,False,,low,0.5,NORMAL,13.8,964.9,87.0,HEALTHY,replay,0.8,0.0
2025-01-16T07:00:00+00:00,AWS-BHO-101,17.0,959.9,83.0,False,,low,0.7,NORMAL,14.7,965.9,84.0,HEALTHY,replay,1.2,0.0
2025-01-16T08:00:00+00:00,AWS-BHO-101,18.1,960.7,81.0,False,,low,0.9,NORMAL,16.2,966.7,81.0,HEALTHY,replay,1.5,0.0
2025-01-16T09:00:00+00:00,AWS-BHO-101,20.2,961.6,74.0,False,,low,1.8,NORMAL,17.7,967.7,79.0,HEALTHY,replay,3.0,0.0
2025-01-16T10:00:00+00:00,AWS-BHO-101,21.9,962.3,68.0,False,,low,2.9,NORMAL,18.9,968.0,77.0,HEALTHY,replay,4.9,0.0
2025-01-16T11:00:00+00:00,AWS-BHO-101,22.1,961.9,69.0,False,,low,1.1,NORMAL,20.7,967.9,72.0,HEALTHY,replay,1.9,0.0
2025-01-16T12:00:00+00:00,AWS-BHO-101,22.5,961.1,68.0,False,,low,1.0,NORMAL,21.4,967.0,70.0,HEALTHY,replay,1.7,0.0
2025-01-16T13:00:00+00:00,AWS-BHO-101,23.3,960.3,66.0,False,,low,1.2,NORMAL,22.8,966.2,66.0,HEALTHY,replay,1.9,0.0
2025-01-16T14:00:00+00:00,AWS-BHO-101,23.3,959.7,64.0,False,,low,1.5,NORMAL,23.0,965.8,67.0,HEALTHY,replay,2.4,0.0
2025-01-16T15:00:00+00:00,AWS-BHO-101,21.8,959.6,69.0,False,,low,1.5,NORMAL,22.9,965.7,71.0,HEALTHY,replay,2.5,0.0
2025-01-16T16:00:00+00:00,AWS-BHO-101,21.1,959.7,73.0,False,,low,3.8,NORMAL,20.7,965.8,77.0,HEALTHY,replay,6.4,0.0
2025-01-16T17:00:00+00:00,AWS-BHO-101,20.5,959.9,78.0,False,,low,1.4,NORMAL,19.2,965.8,88.0,HEALTHY,replay,2.3,0.0
2025-01-16T18:00:00+00:00,AWS-BHO-101,19.2,961.0,78.0,False,,low,0.8,NORMAL,18.8,966.9,86.0,HEALTHY,replay,1.4,0.0
2025-01-16T19:00:00+00:00,AWS-BHO-101,18.4,961.6,80.0,False,,low,0.7,NORMAL,18.4,967.4,87.0,HEALTHY,replay,1.1,0.0
2025-01-16T20:00:00+00:00,AWS-BHO-101,17.6,962.1,84.0,False,,low,1.0,NORMAL,17.6,968.2,89.0,HEALTHY,replay,1.7,0.0
2025-01-16T21:00:00+00:00,AWS-BHO-101,17.0,962.5,87.0,False,,low,1.5,NORMAL,16.6,968.6,91.0,HEALTHY,replay,2.4,0.0
2025-01-16T22:00:00+00:00,AWS-BHO-101,16.1,962.9,90.0,False,,low,1.6,NORMAL,15.5,969.1,93.0,HEALTHY,replay,2.7,0.0
2025-01-16T23:00:00+00:00,AWS-BHO-101,15.4,962.5,93.0,False,,low,1.8,NORMAL,14.7,968.8,93.0,HEALTHY,replay,3.0,0.0
2025-01-17T00:00:00+00:00,AWS-BHO-101,14.9,962.1,96.0,False,,low,1.3,NORMAL,14.1,968.4,94.0,HEALTHY,replay,2.2,0.0
2025-01-17T01:00:00+00:00,AWS-BHO-101,14.2,961.8,96.0,False,,low,0.8,NORMAL,13.7,968.0,94.0,HEALTHY,replay,1.3,0.0
2025-01-17T02:00:00+00:00,AWS-BHO-101,13.6,961.2,96.0,False,,low,0.8,NORMAL,13.1,967.4,95.0,HEALTHY,replay,1.4,0.0
2025-01-17T03:00:00+00:00,AWS-BHO-101,13.3,960.8,95.0,False,,low,0.7,NORMAL,12.5,966.9,95.0,HEALTHY,replay,1.2,0.0
2025-01-17T04:00:00+00:00,AWS-BHO-101,12.7,960.8,95.0,False,,low,0.9,NORMAL,12.2,967.0,95.0,HEALTHY,replay,1.4,0.0
2025-01-17T05:00:00+00:00,AWS-BHO-101,12.3,960.7,94.0,False,,low,1.6,NORMAL,11.7,967.3,95.0,HEALTHY,replay,2.7,0.0
2025-01-17T06:00:00+00:00,AWS-BHO-101,11.9,961.5,94.0,False,,low,1.9,NORMAL,11.5,968.0,94.0,HEALTHY,replay,3.2,0.0
2025-01-17T07:00:00+00:00,AWS-BHO-101,12.0,961.8,91.0,False,,low,2.0,NORMAL,11.3,968.4,94.0,HEALTHY,replay,3.3,0.0
2025-01-17T08:00:00+00:00,AWS-BHO-101,13.3,962.4,85.0,False,,low,1.7,NORMAL,12.9,969.0,87.0,HEALTHY,replay,2.8,0.0
2025-01-17T09:00:00+00:00,AWS-BHO-101,15.4,962.8,79.0,False,,low,2.5,NORMAL,15.0,969.4,81.0,HEALTHY,replay,4.2,0.0
2025-01-17T10:00:00+00:00,AWS-BHO-101,17.6,963.4,72.0,False,,low,2.1,NORMAL,17.3,969.4,75.0,HEALTHY,replay,3.5,0.0
2025-01-17T11:00:00+00:00,AWS-BHO-101,19.5,962.6,67.0,False,,low,1.8,NORMAL,19.0,968.7,71.0,HEALTHY,replay,3.0,0.0
2025-01-17T12:00:00+00:00,AWS-BHO-101,21.1,961.4,63.0,False,,low,1.8,NORMAL,20.3,967.4,69.0,HEALTHY,replay,3.1,0.0
2025-01-17T13:00:00+00:00,AWS-BHO-101,22.0,960.2,61.0,False,,low,1.8,NORMAL,21.3,966.4,67.0,HEALTHY,replay,3.0,0.0
2025-01-17T14:00:00+00:00,AWS-BHO-101,22.4,959.3,61.0,False,,low,1.6,NORMAL,21.5,965.4,67.0,HEALTHY,replay,2.6,0.0
2025-01-17T15:00:00+00:00,AWS-BHO-101,22.3,958.9,62.0,False,,low,1.1,NORMAL,21.2,965.1,68.0,HEALTHY,replay,1.8,0.0
2025-01-17T16:00:00+00:00,AWS-BHO-101,21.7,958.7,64.0,False,,low,0.6,NORMAL,20.4,964.9,71.0,HEALTHY,replay,1.0,0.0
2025-01-17T17:00:00+00:00,AWS-BHO-101,20.1,958.7,72.0,False,,low,0.9,NORMAL,18.8,964.8,78.0,HEALTHY,replay,1.4,0.0
2025-01-17T18:00:00+00:00,AWS-BHO-101,17.7,959.4,82.0,False,,low,2.4,NORMAL,16.9,965.4,85.0,HEALTHY,replay,4.0,0.0
2025-01-17T19:00:00+00:00,AWS-BHO-101,16.8,959.7,85.0,False,,low,0.9,NORMAL,16.1,965.9,86.0,HEALTHY,replay,1.4,0.0
2025-01-17T20:00:00+00:00,AWS-BHO-101,16.1,960.3,87.0,False,,low,0.6,NORMAL,15.2,966.6,88.0,HEALTHY,replay,1.0,0.0
2025-01-17T21:00:00+00:00,AWS-BHO-101,15.3,960.6,89.0,False,,low,0.3,NORMAL,14.4,966.7,92.0,HEALTHY,replay,0.5,0.0
2025-01-17T22:00:00+00:00,AWS-BHO-101,14.7,960.5,90.0,False,,low,0.3,NORMAL,13.7,966.8,94.0,HEALTHY,replay,0.6,0.0
2025-01-17T23:00:00+00:00,AWS-BHO-101,14.2,960.0,91.0,False,,low,0.3,NORMAL,13.1,966.3,95.0,HEALTHY,replay,0.6,0.0
2025-01-18T00:00:00+00:00,AWS-BHO-101,13.8,959.6,93.0,False,,low,0.3,NORMAL,12.4,965.8,97.0,HEALTHY,replay,0.5,0.0
2025-01-18T01:00:00+00:00,AWS-BHO-101,13.5,959.3,95.0,False,,low,0.3,NORMAL,11.9,965.2,97.0,HEALTHY,replay,0.5,0.0
2025-01-18T02:00:00+00:00,AWS-BHO-101,13.1,958.9,95.0,False,,low,0.3,NORMAL,11.5,965.0,97.0,HEALTHY,replay,0.5,0.0
2025-01-18T03:00:00+00:00,AWS-BHO-101,13.0,958.4,95.0,False,,low,0.5,NORMAL,11.2,964.8,97.0,HEALTHY,replay,0.8,0.0
2025-01-18T04:00:00+00:00,AWS-BHO-101,12.8,958.3,94.0,False,,low,0.4,NORMAL,11.1,964.5,97.0,HEALTHY,replay,0.6,0.0
2025-01-18T05:00:00+00:00,AWS-BHO-101,12.5,958.6,94.0,False,,low,0.4,NORMAL,10.9,964.8,97.0,HEALTHY,replay,0.6,0.0
2025-01-18T06:00:00+00:00,AWS-BHO-101,12.4,959.6,93.0,False,,low,0.3,NORMAL,10.7,965.8,96.0,HEALTHY,replay,0.5,0.0
2025-01-18T07:00:00+00:00,AWS-BHO-101,12.5,960.2,91.0,False,,low,0.2,NORMAL,10.8,966.4,97.0,HEALTHY,replay,0.4,0.0
2025-01-18T08:00:00+00:00,AWS-BHO-101,14.5,961.2,84.0,False,,low,0.6,NORMAL,13.2,967.5,90.0,HEALTHY,replay,0.9,0.0
2025-01-18T09:00:00+00:00,AWS-BHO-101,16.9,962.1,77.0,False,,low,0.8,NORMAL,15.9,968.6,81.0,HEALTHY,replay,1.3,0.0
2025-01-18T10:00:00+00:00,AWS-BHO-101,19.5,962.3,70.0,False,,low,1.8,NORMAL,18.5,968.6,73.0,HEALTHY,replay,3.0,0.0
2025-01-18T11:00:00+00:00,AWS-BHO-101,21.6,961.9,63.0,False,,low,2.9,NORMAL,20.4,968.2,68.0,HEALTHY,replay,4.8,0.0
2025-01-18T12:00:00+00:00,AWS-BHO-101,23.0,960.7,58.0,False,,low,1.7,NORMAL,21.9,966.9,65.0,HEALTHY,replay,2.8,0.0
2025-01-18T13:00:00+00:00,AWS-BHO-101,23.7,959.7,55.0,False,,low,1.8,NORMAL,22.9,965.9,62.0,HEALTHY,replay,3.0,0.0
2025-01-18T14:00:00+00:00,AWS-BHO-101,24.1,958.8,54.0,False,,low,1.7,NORMAL,23.3,965.1,61.0,HEALTHY,replay,2.9,0.0
2025-01-18T15:00:00+00:00,AWS-BHO-101,23.9,958.2,54.0,False,,low,1.0,NORMAL,23.3,964.5,60.0,HEALTHY,replay,1.7,0.0
2025-01-18T16:00:00+00:00,AWS-BHO-101,23.2,958.0,57.0,False,,low,0.6,NORMAL,22.8,964.2,63.0,HEALTHY,replay,0.9,0.0
2025-01-18T17:00:00+00:00,AWS-BHO-101,21.2,957.7,68.0,False,,low,0.8,NORMAL,20.7,963.9,76.0,HEALTHY,replay,1.4,0.0
2025-01-18T18:00:00+00:00,AWS-BHO-101,19.6,958.3,73.0,False,,low,0.6,NORMAL,18.7,964.5,81.0,HEALTHY,replay,1.1,0.0
2025-01-18T19:00:00+00:00,AWS-BHO-101,18.2,958.7,78.0,False,,low,0.4,NORMAL,17.4,964.8,85.0,HEALTHY,replay,0.7,0.0
2025-01-18T20:00:00+00:00,AWS-BHO-101,16.8,959.3,85.0,False,,low,0.6,NORMAL,17.0,965.5,86.0,HEALTHY,replay,1.1,0.0
2025-01-18T21:00:00+00:00,AWS-BHO-101,16.0,959.5,90.0,False,,low,0.3,NORMAL,16.5,965.9,89.0,HEALTHY,replay,0.4,0.0
2025-01-18T22:00:00+00:00,AWS-BHO-101,15.6,959.7,91.0,False,,low,0.1,NORMAL,15.6,966.1,91.0,HEALTHY,replay,0.2,0.0
2025-01-18T23:00:00+00:00,AWS-BHO-101,15.3,959.1,91.0,False,,low,0.1,NORMAL,14.8,965.4,91.0,HEALTHY,replay,0.2,0.0
2025-01-19T00:00:00+00:00,AWS-BHO-101,15.2,958.9,90.0,False,,low,0.1,NORMAL,14.0,965.2,94.0,HEALTHY,replay,0.2,0.0
2025-01-19T01:00:00+00:00,AWS-BHO-101,15.1,958.6,90.0,False,,low,0.2,NORMAL,13.5,964.9,94.0,HEALTHY,replay,0.3,0.0
2025-01-19T02:00:00+00:00,AWS-BHO-101,15.0,958.3,89.0,False,,low,0.2,NORMAL,13.3,964.3,92.0,HEALTHY,replay,0.3,0.0
2025-01-19T03:00:00+00:00,AWS-BHO-101,14.5,958.2,90.0,False,,low,0.2,NORMAL,12.8,964.2,94.0,HEALTHY,replay,0.4,0.0
2025-01-19T04:00:00+00:00,AWS-BHO-101,14.1,957.9,90.0,False,,low,0.2,NORMAL,11.7,963.9,98.0,HEALTHY,replay,0.3,0.0
2025-01-19T05:00:00+00:00,AWS-BHO-101,13.9,957.8,89.0,False,,low,0.3,NORMAL,10.9,964.0,99.0,HEALTHY,replay,0.4,0.0
2025-01-19T06:00:00+00:00,AWS-BHO-101,13.8,958.8,89.0,False,,low,0.2,NORMAL,10.7,965.1,100.0,HEALTHY,replay,0.4,0.0
2025-01-19T07:00:00+00:00,AWS-BHO-101,14.1,959.4,87.0,False,,low,0.2,NORMAL,10.9,965.5,100.0,HEALTHY,replay,0.3,0.0
2025-01-19T08:00:00+00:00,AWS-BHO-101,16.3,960.5,81.0,False,,low,0.7,NORMAL,14.1,966.6,92.0,HEALTHY,replay,1.1,0.0
2025-01-19T09:00:00+00:00,AWS-BHO-101,19.2,961.9,73.0,False,,low,4.6,NORMAL,17.8,968.1,79.0,HEALTHY,replay,7.7,0.0
2025-01-19T10:00:00+00:00,AWS-BHO-101,21.8,962.5,62.0,False,,low,11.9,NORMAL,20.2,968.7,70.0,HEALTHY,replay,19.9,0.0
2025-01-19T11:00:00+00:00,AWS-BHO-101,23.5,962.1,53.0,False,,low,7.7,NORMAL,22.0,968.2,63.0,HEALTHY,replay,12.9,0.0
2025-01-19T12:00:00+00:00,AWS-BHO-101,24.5,961.2,48.0,False,,low,3.5,NORMAL,23.3,967.2,57.0,HEALTHY,replay,5.9,0.0
2025-01-19T13:00:00+00:00,AWS-BHO-101,25.1,960.4,45.0,False,,low,1.9,NORMAL,24.1,966.4,52.0,HEALTHY,replay,3.2,0.0
2025-01-19T14:00:00+00:00,AWS-BHO-101,25.2,959.6,42.0,False,,low,1.4,NORMAL,24.4,965.6,49.0,HEALTHY,replay,2.3,0.0
2025-01-19T15:00:00+00:00,AWS-BHO-101,25.0,958.9,42.0,False,,low,0.6,NORMAL,24.1,965.0,49.0,HEALTHY,replay,0.9,0.0
2025-01-19T16:00:00+00:00,AWS-BHO-101,24.5,958.5,44.0,False,,low,0.4,NORMAL,23.2,964.6,55.0,HEALTHY,replay,0.6,0.0
2025-01-19T17:00:00+00:00,AWS-BHO-101,22.8,958.1,58.0,False,,low,0.9,NORMAL,20.6,964.1,69.0,HEALTHY,replay,1.5,0.0
2025-01-19T18:00:00+00:00,AWS-BHO-101,20.4,958.1,66.0,False,,low,0.6,NORMAL,19.0,964.1,67.0,HEALTHY,replay,1.0,0.0
2025-01-19T19:00:00+00:00,AWS-BHO-101,18.6,958.5,70.0,False,,low,0.5,NORMAL,17.6,964.5,73.0,HEALTHY,replay,0.8,0.0
2025-01-19T20:00:00+00:00,AWS-BHO-101,17.7,958.9,71.0,False,,low,0.3,NORMAL,16.6,964.8,73.0,HEALTHY,replay,0.4,0.0
2025-01-19T21:00:00+00:00,AWS-BHO-101,17.0,958.8,73.0,False,,low,0.2,NORMAL,15.9,964.8,78.0,HEALTHY,replay,0.3,0.0
2025-01-19T22:00:00+00:00,AWS-BHO-101,16.1,958.8,76.0,False,,low,0.2,NORMAL,14.9,964.7,82.0,HEALTHY,replay,0.4,0.0
2025-01-19T23:00:00+00:00,AWS-BHO-101,15.5,958.4,78.0,False,,low,0.1,NORMAL,13.8,964.4,85.0,HEALTHY,replay,0.2,0.0
2025-01-20T00:00:00+00:00,AWS-BHO-101,15.4,958.0,75.0,False,,low,0.2,NORMAL,13.6,964.0,84.0,HEALTHY,replay,0.4,0.0
2025-01-20T01:00:00+00:00,AWS-BHO-101,15.0,957.3,74.0,False,,low,0.2,NORMAL,13.6,963.4,83.0,HEALTHY,replay,0.4,0.0
2025-01-20T02:00:00+00:00,AWS-BHO-101,14.5,956.9,75.0,False,,low,0.4,NORMAL,13.4,963.1,85.0,HEALTHY,replay,0.7,0.0
2025-01-20T03:00:00+00:00,AWS-BHO-101,14.0,956.6,78.0,False,,low,0.5,NORMAL,13.1,962.8,86.0,HEALTHY,replay,0.8,0.0
2025-01-20T04:00:00+00:00,AWS-BHO-101,13.4,956.3,82.0,False,,low,0.4,NORMAL,12.9,962.6,87.0,HEALTHY,replay,0.7,0.0
2025-01-20T05:00:00+00:00,AWS-BHO-101,12.8,956.3,85.0,False,,low,0.4,NORMAL,12.8,962.8,87.0,HEALTHY,replay,0.6,0.0
2025-01-20T06:00:00+00:00,AWS-BHO-101,12.8,957.4,88.0,False,,low,0.4,NORMAL,12.6,963.9,88.0,HEALTHY,replay,0.7,0.0
2025-01-20T07:00:00+00:00,AWS-BHO-101,13.3,958.0,87.0,False,,low,0.4,NORMAL,12.7,964.4,89.0,HEALTHY,replay,0.7,0.0
2025-01-20T08:00:00+00:00,AWS-BHO-101,16.3,959.4,78.0,False,,low,1.0,NORMAL,15.5,965.7,84.0,HEALTHY,replay,1.7,0.0
2025-01-20T09:00:00+00:00,AWS-BHO-101,20.0,960.7,68.0,False,,low,6.9,NORMAL,18.5,966.8,77.0,HEALTHY,replay,11.4,0.0
2025-01-20T10:00:00+00:00,AWS-BHO-101,22.9,961.2,53.0,False,,low,20.4,NORMAL,21.1,967.2,67.0,HEALTHY,replay,33.9,0.0
2025-01-20T11:00:00+00:00,AWS-BHO-101,24.2,960.8,47.0,False,,low,1.7,NORMAL,22.8,966.8,57.0,HEALTHY,replay,2.9,0.0
2025-01-20T12:00:00+00:00,AWS-BHO-101,25.0,960.1,44.0,False,,low,0.7,NORMAL,23.9,966.0,53.0,HEALTHY,replay,1.2,0.0
2025-01-20T13:00:00+00:00,AWS-BHO-101,25.4,959.1,43.0,False,,low,0.8,NORMAL,24.4,965.0,50.0,HEALTHY,replay,1.3,0.0
2025-01-20T14:00:00+00:00,AWS-BHO-101,25.6,958.1,43.0,False,,low,0.7,NORMAL,24.6,964.1,50.0,HEALTHY,replay,1.2,0.0
2025-01-20T15:00:00+00:00,AWS-BHO-101,25.5,957.7,43.0,False,,low,0.7,NORMAL,24.3,963.6,52.0,HEALTHY,replay,1.1,0.0
2025-01-20T16:00:00+00:00,AWS-BHO-101,25.0,957.5,45.0,False,,low,0.3,NORMAL,23.5,963.4,56.0,HEALTHY,replay,0.4,0.0
2025-01-20T17:00:00+00:00,AWS-BHO-101,22.6,957.1,60.0,False,,low,0.9,NORMAL,21.0,963.0,72.0,HEALTHY,replay,1.5,0.0
2025-01-20T18:00:00+00:00,AWS-BHO-101,20.3,957.0,67.0,False,,low,0.9,NORMAL,19.4,962.9,72.0,HEALTHY,replay,1.5,0.0
2025-01-20T19:00:00+00:00,AWS-BHO-101,19.2,957.3,67.0,False,,low,0.3,NORMAL,18.7,963.2,73.0,HEALTHY,replay,0.5,0.0
2025-01-20T20:00:00+00:00,AWS-BHO-101,18.0,957.7,71.0,False,,low,0.2,NORMAL,17.9,963.6,75.0,HEALTHY,replay,0.3,0.0
2025-01-20T21:00:00+00:00,AWS-BHO-101,16.9,957.8,76.0,False,,low,0.2,NORMAL,16.9,963.7,79.0,HEALTHY,replay,0.3,0.0
2025-01-20T22:00:00+00:00,AWS-BHO-101,16.6,957.8,77.0,False,,low,0.2,NORMAL,16.2,963.8,82.0,HEALTHY,replay,0.3,0.0
2025-01-20T23:00:00+00:00,AWS-BHO-101,16.0,957.4,79.0,False,,low,0.1,NORMAL,15.6,963.4,83.0,HEALTHY,replay,0.2,0.0
2025-01-21T00:00:00+00:00,AWS-BHO-101,15.5,956.8,80.0,False,,low,0.1,NORMAL,14.6,962.9,86.0,HEALTHY,replay,0.1,0.0
2025-01-21T01:00:00+00:00,AWS-BHO-101,15.1,956.1,81.0,False,,low,0.1,NORMAL,14.4,962.2,86.0,HEALTHY,replay,0.2,0.0
2025-01-21T02:00:00+00:00,AWS-BHO-101,14.7,955.5,83.0,False,,low,0.4,NORMAL,14.2,961.6,85.0,HEALTHY,replay,0.6,0.0
2025-01-21T03:00:00+00:00,AWS-BHO-101,14.0,955.2,85.0,False,,low,0.3,NORMAL,14.1,961.4,85.0,HEALTHY,replay,0.5,0.0
2025-01-21T04:00:00+00:00,AWS-BHO-101,13.5,955.0,87.0,False,,low,0.3,NORMAL,13.7,961.4,86.0,HEALTHY,replay,0.4,0.0
2025-01-21T05:00:00+00:00,AWS-BHO-101,13.0,955.0,88.0,False,,low,0.3,NORMAL,12.9,961.3,88.0,HEALTHY,replay,0.5,0.0
2025-01-21T06:00:00+00:00,AWS-BHO-101,12.6,956.0,91.0,False,,low,0.2,NORMAL,12.4,962.3,90.0,HEALTHY,replay,0.3,0.0
2025-01-21T07:00:00+00:00,AWS-BHO-101,12.9,956.8,91.0,False,,low,0.3,NORMAL,12.1,963.0,93.0,HEALTHY,replay,0.5,0.0
2025-01-21T08:00:00+00:00,AWS-BHO-101,16.3,958.1,80.0,False,,low,1.6,NORMAL,15.1,964.4,87.0,HEALTHY,replay,2.6,0.0
2025-01-21T09:00:00+00:00,AWS-BHO-101,20.1,959.3,68.0,False,,low,8.2,NORMAL,18.7,965.4,77.0,HEALTHY,replay,13.7,0.0
2025-01-21T10:00:00+00:00,AWS-BHO-101,22.8,959.8,58.0,False,,low,6.4,NORMAL,21.2,965.9,68.0,HEALTHY,replay,10.7,0.0
2025-01-21T11:00:00+00:00,AWS-BHO-101,24.3,959.3,48.0,False,,low,2.8,NORMAL,23.0,965.4,58.0,HEALTHY,replay,4.7,0.0
2025-01-21T12:00:00+00:00,AWS-BHO-101,25.3,958.6,42.0,False,,low,1.8,NORMAL,24.2,964.5,53.0,HEALTHY,replay,3.0,0.0
2025-01-21T13:00:00+00:00,AWS-BHO-101,25.8,957.7,40.0,False,,low,0.8,NORMAL,24.9,963.6,50.0,HEALTHY,replay,1.3,0.0
2025-01-21T14:00:00+00:00,AWS-BHO-101,26.0,956.6,39.0,False,,low,0.7,NORMAL,25.1,962.5,48.0,HEALTHY,replay,1.1,0.0
2025-01-21T15:00:00+00:00,AWS-BHO-101,25.8,956.1,39.0,False,,low,0.3,NORMAL,24.9,962.0,48.0,HEALTHY,replay,0.5,0.0
2025-01-21T16:00:00+00:00,AWS-BHO-101,25.3,956.0,40.0,False,,low,0.3,NORMAL,24.2,961.9,50.0,HEALTHY,replay,0.5,0.0
2025-01-21T17:00:00+00:00,AWS-BHO-101,23.5,955.7,56.0,False,,low,1.4,NORMAL,21.6,961.6,68.0,HEALTHY,replay,2.4,0.0
2025-01-21T18:00:00+00:00,AWS-BHO-101,21.5,955.8,58.0,False,,low,0.3,NORMAL,19.8,961.6,73.0,HEALTHY,replay,0.6,0.0
2025-01-21T19:00:00+00:00,AWS-BHO-101,19.8,956.2,66.0,False,,low,0.4,NORMAL,18.3,962.0,78.0,HEALTHY,replay,0.6,0.0
2025-01-21T20:00:00+00:00,AWS-BHO-101,18.9,956.7,64.0,False,,low,0.1,NORMAL,17.6,962.6,79.0,HEALTHY,replay,0.2,0.0
2025-01-21T21:00:00+00:00,AWS-BHO-101,18.0,956.7,66.0,False,,low,0.1,NORMAL,16.8,962.8,80.0,HEALTHY,replay,0.1,0.0
2025-01-21T22:00:00+00:00,AWS-BHO-101,17.1,956.6,71.0,False,,low,0.1,NORMAL,15.9,962.6,81.0,HEALTHY,replay,0.2,0.0
2025-01-21T23:00:00+00:00,AWS-BHO-101,16.4,956.0,75.0,False,,low,0.1,NORMAL,15.3,961.9,80.0,HEALTHY,replay,0.1,0.0
2025-01-22T00:00:00+00:00,AWS-BHO-101,16.1,955.4,75.0,False,,low,0.1,NORMAL,14.9,961.6,81.0,HEALTHY,replay,0.1,0.0
2025-01-22T01:00:00+00:00,AWS-BHO-101,15.9,955.1,75.0,False,,low,0.1,NORMAL,14.4,961.1,84.0,HEALTHY,replay,0.1,0.0
2025-01-22T02:00:00+00:00,AWS-BHO-101,15.6,954.7,77.0,False,,low,0.1,NORMAL,14.1,960.8,87.0,HEALTHY,replay,0.2,0.0
2025-01-22T03:00:00+00:00,AWS-BHO-101,14.7,954.3,82.0,False,,low,0.2,NORMAL,13.9,960.5,85.0,HEALTHY,replay,0.3,0.0
2025-01-22T04:00:00+00:00,AWS-BHO-101,13.8,954.1,86.0,False,,low,0.2,NORMAL,13.8,960.4,85.0,HEALTHY,replay,0.3,0.0
2025-01-22T05:00:00+00:00,AWS-BHO-101,13.5,954.2,87.0,False,,low,0.2,NORMAL,13.4,960.4,87.0,HEALTHY,replay,0.3,0.0
2025-01-22T06:00:00+00:00,AWS-BHO-101,13.4,955.2,90.0,False,,low,0.2,NORMAL,13.4,961.6,89.0,HEALTHY,replay,0.3,0.0
2025-01-22T07:00:00+00:00,AWS-BHO-101,13.8,955.7,88.0,False,,low,0.2,NORMAL,13.6,962.3,91.0,HEALTHY,replay,0.3,0.0
2025-01-22T08:00:00+00:00,AWS-BHO-101,16.9,957.2,76.0,False,,low,0.9,NORMAL,16.4,963.7,86.0,HEALTHY,replay,1.4,0.0
2025-01-22T09:00:00+00:00,AWS-BHO-101,20.3,958.6,65.0,False,,low,4.9,NORMAL,18.6,966.7,78.0,HEALTHY,replay,8.2,0.0
2025-01-22T10:00:00+00:00,AWS-BHO-101,23.1,959.0,55.0,False,,low,4.7,NORMAL,21.7,965.1,70.0,HEALTHY,replay,7.8,0.0
2025-01-22T11:00:00+00:00,AWS-BHO-101,24.9,958.6,47.0,False,,low,1.4,NORMAL,23.6,966.4,61.0,HEALTHY,replay,2.4,0.0
2025-01-22T12:00:00+00:00,AWS-BHO-101,25.9,957.6,42.0,False,,low,1.7,NORMAL,25.5,963.6,54.0,HEALTHY,replay,2.8,0.0
2025-01-22T13:00:00+00:00,AWS-BHO-101,26.7,956.5,39.0,False,,low,1.3,NORMAL,26.3,962.5,49.0,HEALTHY,replay,2.2,0.0
2025-01-22T14:00:00+00:00,AWS-BHO-101,27.0,955.7,37.0,False,,low,0.5,NORMAL,26.3,963.4,45.0,HEALTHY,replay,0.8,0.0
2025-01-22T15:00:00+00:00,AWS-BHO-101,26.8,955.1,38.0,False,,low,0.3,NORMAL,26.4,961.0,45.0,HEALTHY,replay,0.5,0.0
2025-01-22T16:00:00+00:00,AWS-BHO-101,26.1,955.1,40.0,False,,low,0.2,NORMAL,26.0,961.0,46.0,HEALTHY,replay,0.4,0.0
2025-01-22T17:00:00+00:00,AWS-BHO-101,23.7,954.9,57.0,False,,low,1.2,NORMAL,24.1,960.7,61.0,HEALTHY,replay,2.0,0.0
2025-01-22T18:00:00+00:00,AWS-BHO-101,21.6,955.0,56.0,False,,low,0.7,NORMAL,21.3,961.1,67.0,HEALTHY,replay,1.2,0.0
2025-01-22T19:00:00+00:00,AWS-BHO-101,20.8,955.5,57.0,False,,low,0.3,NORMAL,19.3,961.6,75.0,HEALTHY,replay,0.5,0.0
2025-01-22T20:00:00+00:00,AWS-BHO-101,20.1,956.0,60.0,False,,low,0.1,NORMAL,18.4,962.2,77.0,HEALTHY,replay,0.1,0.0
2025-01-22T21:00:00+00:00,AWS-BHO-101,17.9,956.2,70.0,False,,low,0.3,NORMAL,18.0,962.4,80.0,HEALTHY,replay,0.4,0.0
2025-01-22T22:00:00+00:00,AWS-BHO-101,16.7,956.3,81.0,False,,low,1.0,NORMAL,17.5,962.5,84.0,HEALTHY,replay,1.6,0.0
2025-01-22T23:00:00+00:00,AWS-BHO-101,16.4,956.1,83.0,False,,low,0.2,NORMAL,16.4,962.2,87.0,HEALTHY,replay,0.3,0.0
2025-01-23T00:00:00+00:00,AWS-BHO-101,16.2,955.7,83.0,False,,low,0.2,NORMAL,15.9,961.9,87.0,HEALTHY,replay,0.4,0.0
2025-01-23T01:00:00+00:00,AWS-BHO-101,15.8,955.2,84.0,False,,low,0.1,NORMAL,14.9,961.6,88.0,HEALTHY,replay,0.2,0.0
2025-01-23T02:00:00+00:00,AWS-BHO-101,15.3,954.4,86.0,False,,low,0.2,NORMAL,14.5,960.6,88.0,HEALTHY,replay,0.3,0.0
2025-01-23T03:00:00+00:00,AWS-BHO-101,15.3,953.9,87.0,False,,low,0.2,NORMAL,14.2,960.1,88.0,HEALTHY,replay,0.4,0.0
2025-01-23T04:00:00+00:00,AWS-BHO-101,15.4,953.9,87.0,False,,low,0.1,NORMAL,14.2,960.1,88.0,HEALTHY,replay,0.2,0.0
2025-01-23T05:00:00+00:00,AWS-BHO-101,15.0,954.1,88.0,False,,low,0.2,NORMAL,14.2,960.3,88.0,HEALTHY,replay,0.3,0.0
2025-01-23T06:00:00+00:00,AWS-BHO-101,15.4,955.1,88.0,False,,low,0.2,NORMAL,14.5,961.4,90.0,HEALTHY,replay,0.3,0.0
2025-01-23T07:00:00+00:00,AWS-BHO-101,15.5,955.8,87.0,False,,low,0.1,NORMAL,14.7,962.0,90.0,HEALTHY,replay,0.2,0.0
2025-01-23T08:00:00+00:00,AWS-BHO-101,17.8,957.3,79.0,False,,low,1.1,NORMAL,17.4,963.2,81.0,HEALTHY,replay,1.9,0.0
2025-01-23T09:00:00+00:00,AWS-BHO-101,20.6,958.6,69.0,False,,low,3.4,NORMAL,20.3,964.5,73.0,HEALTHY,replay,5.6,0.0
2025-01-23T10:00:00+00:00,AWS-BHO-101,23.0,959.2,61.0,False,,low,4.1,NORMAL,22.9,965.0,64.0,HEALTHY,replay,6.8,0.0
2025-01-23T11:00:00+00:00,AWS-BHO-101,25.1,958.7,52.0,False,,low,2.1,NORMAL,25.2,964.6,55.0,HEALTHY,replay,3.4,0.0
2025-01-23T12:00:00+00:00,AWS-BHO-101,26.3,957.7,46.0,False,,low,0.9,NORMAL,26.7,963.6,46.0,HEALTHY,replay,1.6,0.0
2025-01-23T13:00:00+00:00,AWS-BHO-101,27.0,956.8,44.0,False,,low,0.7,NORMAL,27.3,962.5,43.0,HEALTHY,replay,1.2,0.0
2025-01-23T14:00:00+00:00,AWS-BHO-101,27.3,956.0,43.0,False,,low,0.5,NORMAL,27.5,961.7,43.0,HEALTHY,replay,0.9,0.0
2025-01-23T15:00:00+00:00,AWS-BHO-101,27.4,955.6,42.0,False,,low,0.3,NORMAL,27.5,961.4,42.0,HEALTHY,replay,0.5,0.0
2025-01-23T16:00:00+00:00,AWS-BHO-101,26.9,955.4,43.0,False,,low,0.3,NORMAL,27.1,961.2,45.0,HEALTHY,replay,0.4,0.0
2025-01-23T17:00:00+00:00,AWS-BHO-101,25.0,955.4,52.0,False,,low,0.3,NORMAL,25.4,960.8,58.0,HEALTHY,replay,0.6,0.0
2025-01-23T18:00:00+00:00,AWS-BHO-101,22.9,955.4,59.0,False,,low,0.4,NORMAL,22.2,961.0,59.0,HEALTHY,replay,0.6,0.0
2025-01-23T19:00:00+00:00,AWS-BHO-101,21.9,956.1,62.0,False,,low,0.3,NORMAL,20.8,961.5,68.0,HEALTHY,replay,0.6,0.0
2025-01-23T20:00:00+00:00,AWS-BHO-101,21.0,957.0,62.0,False,,low,0.2,NORMAL,19.7,962.1,76.0,HEALTHY,replay,0.3,0.0
2025-01-23T21:00:00+00:00,AWS-BHO-101,19.6,957.7,69.0,False,,low,0.4,NORMAL,19.8,962.9,73.0,HEALTHY,replay,0.6,0.0
2025-01-23T22:00:00+00:00,AWS-BHO-101,18.3,957.6,80.0,False,,low,1.1,NORMAL,18.9,963.2,76.0,HEALTHY,replay,1.8,0.0
2025-01-23T23:00:00+00:00,AWS-BHO-101,17.5,957.6,85.0,False,,low,0.4,NORMAL,17.9,963.4,80.0,HEALTHY,replay,0.6,0.0
2025-01-24T00:00:00+00:00,AWS-BHO-101,16.7,957.0,89.0,False,,low,0.3,NORMAL,17.0,963.0,84.0,HEALTHY,replay,0.4,0.0
2025-01-24T01:00:00+00:00,AWS-BHO-101,15.9,956.5,93.0,False,,low,0.3,NORMAL,16.1,962.6,90.0,HEALTHY,replay,0.4,0.0
2025-01-24T02:00:00+00:00,AWS-BHO-101,15.4,956.1,94.0,False,,low,0.2,NORMAL,15.4,962.2,95.0,HEALTHY,replay,0.3,0.0
2025-01-24T03:00:00+00:00,AWS-BHO-101,15.1,955.9,95.0,False,,low,0.1,NORMAL,15.0,962.2,96.0,HEALTHY,replay,0.2,0.0
2025-01-24T04:00:00+00:00,AWS-BHO-101,14.8,956.0,96.0,False,,low,0.2,NORMAL,14.6,962.1,96.0,HEALTHY,replay,0.3,0.0
2025-01-24T05:00:00+00:00,AWS-BHO-101,14.4,956.4,96.0,False,,low,0.3,NORMAL,14.2,962.5,96.0,HEALTHY,replay,0.5,0.0
2025-01-24T06:00:00+00:00,AWS-BHO-101,14.2,957.1,96.0,False,,low,0.3,NORMAL,14.0,963.2,95.0,HEALTHY,replay,0.5,0.0
2025-01-24T07:00:00+00:00,AWS-BHO-101,14.1,957.6,94.0,False,,low,0.3,NORMAL,13.9,963.8,93.0,HEALTHY,replay,0.5,0.0
2025-01-24T08:00:00+00:00,AWS-BHO-101,15.7,958.7,83.0,False,,low,0.9,NORMAL,15.4,964.8,85.0,HEALTHY,replay,1.5,0.0
2025-01-24T09:00:00+00:00,AWS-BHO-101,18.0,959.7,73.0,False,,low,2.5,NORMAL,17.4,965.7,77.0,HEALTHY,replay,4.2,0.0
2025-01-24T10:00:00+00:00,AWS-BHO-101,20.3,960.1,64.0,False,,low,2.4,NORMAL,19.5,966.1,70.0,HEALTHY,replay,4.1,0.0
2025-01-24T11:00:00+00:00,AWS-BHO-101,22.1,959.7,58.0,False,,low,1.9,NORMAL,21.2,965.6,65.0,HEALTHY,replay,3.1,0.0
2025-01-24T12:00:00+00:00,AWS-BHO-101,23.4,958.8,54.0,False,,low,1.6,NORMAL,22.4,964.7,62.0,HEALTHY,replay,2.6,0.0
2025-01-24T13:00:00+00:00,AWS-BHO-101,24.2,957.7,52.0,False,,low,1.4,NORMAL,23.1,963.7,59.0,HEALTHY,replay,2.3,0.0
2025-01-24T14:00:00+00:00,AWS-BHO-101,24.6,956.9,51.0,False,,low,0.7,NORMAL,23.5,962.9,58.0,HEALTHY,replay,1.1,0.0
2025-01-24T15:00:00+00:00,AWS-BHO-101,24.6,956.5,50.0,False,,low,0.6,NORMAL,23.4,962.5,57.0,HEALTHY,replay,0.9,0.0
2025-01-24T16:00:00+00:00,AWS-BHO-101,24.1,956.4,51.0,False,,low,0.3,NORMAL,22.9,962.4,56.0,HEALTHY,replay,0.5,0.0
2025-01-24T17:00:00+00:00,AWS-BHO-101,22.7,956.7,55.0,False,,low,0.3,NORMAL,21.5,962.7,60.0,HEALTHY,replay,0.4,0.0
2025-01-24T18:00:00+00:00,AWS-BHO-101,20.7,957.3,64.0,False,,low,0.4,NORMAL,19.5,963.4,68.0,HEALTHY,replay,0.6,0.0
2025-01-24T19:00:00+00:00,AWS-BHO-101,19.2,958.0,66.0,False,,low,0.4,NORMAL,18.5,964.0,67.0,HEALTHY,replay,0.7,0.0
2025-01-24T20:00:00+00:00,AWS-BHO-101,17.9,958.5,71.0,False,,low,0.4,NORMAL,17.4,964.3,68.0,HEALTHY,replay,0.6,0.0
2025-01-24T21:00:00+00:00,AWS-BHO-101,16.9,958.6,73.0,False,,low,0.2,NORMAL,16.5,964.5,71.0,HEALTHY,replay,0.3,0.0
2025-01-24T22:00:00+00:00,AWS-BHO-101,15.9,958.7,72.0,False,,low,0.2,NORMAL,15.5,964.6,75.0,HEALTHY,replay,0.4,0.0
2025-01-24T23:00:00+00:00,AWS-BHO-101,15.0,958.3,70.0,False,,low,0.2,NORMAL,14.5,964.2,79.0,HEALTHY,replay,0.4,0.0
2025-01-25T00:00:00+00:00,AWS-BHO-101,14.2,957.8,69.0,False,,low,0.2,NORMAL,13.4,963.7,83.0,HEALTHY,replay,0.3,0.0
2025-01-25T01:00:00+00:00,AWS-BHO-101,13.4,957.5,72.0,False,,low,0.1,NORMAL,12.7,963.4,87.0,HEALTHY,replay,0.2,0.0
2025-01-25T02:00:00+00:00,AWS-BHO-101,12.9,956.9,74.0,False,,low,0.1,NORMAL,12.3,962.8,89.0,HEALTHY,replay,0.2,0.0
2025-01-25T03:00:00+00:00,AWS-BHO-101,12.5,956.4,75.0,False,,low,0.1,NORMAL,11.9,962.6,90.0,HEALTHY,replay,0.2,0.0
2025-01-25T04:00:00+00:00,AWS-BHO-101,12.0,956.2,77.0,False,,low,0.1,NORMAL,11.3,962.4,91.0,HEALTHY,replay,0.2,0.0
2025-01-25T05:00:00+00:00,AWS-BHO-101,11.7,956.3,79.0,False,,low,0.2,NORMAL,10.8,962.4,92.0,HEALTHY,replay,0.3,0.0
2025-01-25T06:00:00+00:00,AWS-BHO-101,11.6,957.1,84.0,False,,low,0.4,NORMAL,10.7,963.2,94.0,HEALTHY,replay,0.7,0.0
2025-01-25T07:00:00+00:00,AWS-BHO-101,11.8,957.6,83.0,False,,low,0.3,NORMAL,11.1,963.9,92.0,HEALTHY,replay,0.5,0.0
2025-01-25T08:00:00+00:00,AWS-BHO-101,14.2,958.7,73.0,False,,low,0.6,NORMAL,13.8,965.1,81.0,HEALTHY,replay,1.0,0.0
2025-01-25T09:00:00+00:00,AWS-BHO-101,17.5,959.8,61.0,False,,low,4.8,NORMAL,16.9,966.1,68.0,HEALTHY,replay,7.9,0.0
2025-01-25T10:00:00+00:00,AWS-BHO-101,20.6,960.4,50.0,False,,low,11.7,NORMAL,19.6,966.5,56.0,HEALTHY,replay,19.4,0.0
2025-01-25T11:00:00+00:00,AWS-BHO-101,22.6,960.1,44.0,False,,low,4.0,NORMAL,21.3,966.1,49.0,HEALTHY,replay,6.7,0.0
2025-01-25T12:00:00+00:00,AWS-BHO-101,23.8,959.2,43.0,False,,low,1.9,NORMAL,22.5,965.2,47.0,HEALTHY,replay,3.2,0.0
2025-01-25T13:00:00+00:00,AWS-BHO-101,24.6,958.3,42.0,False,,low,0.7,NORMAL,23.3,964.3,46.0,HEALTHY,replay,1.1,0.0
2025-01-25T14:00:00+00:00,AWS-BHO-101,25.0,957.5,42.0,False,,low,0.4,NORMAL,23.6,963.5,47.0,HEALTHY,replay,0.7,0.0
2025-01-25T15:00:00+00:00,AWS-BHO-101,24.9,957.2,43.0,False,,low,0.3,NORMAL,23.4,963.2,48.0,HEALTHY,replay,0.5,0.0
2025-01-25T16:00:00+00:00,AWS-BHO-101,24.5,957.0,44.0,False,,low,0.2,NORMAL,22.7,963.1,50.0,HEALTHY,replay,0.3,0.0
2025-01-25T17:00:00+00:00,AWS-BHO-101,22.8,957.0,53.0,False,,low,0.3,NORMAL,21.0,963.1,59.0,HEALTHY,replay,0.6,0.0
2025-01-25T18:00:00+00:00,AWS-BHO-101,20.5,956.9,61.0,False,,low,0.5,NORMAL,19.4,963.2,63.0,HEALTHY,replay,0.9,0.0
2025-01-25T19:00:00+00:00,AWS-BHO-101,19.2,957.5,64.0,False,,low,0.4,NORMAL,17.6,963.4,69.0,HEALTHY,replay,0.6,0.0
2025-01-25T20:00:00+00:00,AWS-BHO-101,17.6,957.9,69.0,False,,low,0.3,NORMAL,16.7,963.8,72.0,HEALTHY,replay,0.5,0.0
2025-01-25T21:00:00+00:00,AWS-BHO-101,16.7,958.1,74.0,False,,low,0.2,NORMAL,15.5,964.0,75.0,HEALTHY,replay,0.4,0.0
2025-01-25T22:00:00+00:00,AWS-BHO-101,16.0,958.1,78.0,False,,low,0.2,NORMAL,15.2,964.0,77.0,HEALTHY,replay,0.3,0.0
2025-01-25T23:00:00+00:00,AWS-BHO-101,15.2,957.8,81.0,False,,low,0.1,NORMAL,14.4,963.6,79.0,HEALTHY,replay,0.2,0.0
2025-01-26T00:00:00+00:00,AWS-BHO-101,14.6,957.1,84.0,False,,low,0.1,NORMAL,13.8,965.1,83.0,HEALTHY,replay,0.2,0.0
2025-01-26T01:00:00+00:00,AWS-BHO-101,14.0,956.7,85.0,False,,low,0.1,NORMAL,13.1,962.7,85.0,HEALTHY,replay,0.2,0.0
2025-01-26T02:00:00+00:00,AWS-BHO-101,13.5,956.2,86.0,False,,low,0.1,NORMAL,12.5,962.1,86.0,HEALTHY,replay,0.1,0.0
2025-01-26T03:00:00+00:00,AWS-BHO-101,13.0,955.8,85.0,False,,low,0.1,NORMAL,11.7,961.7,89.0,HEALTHY,replay,0.2,0.0
2025-01-26T04:00:00+00:00,AWS-BHO-101,12.7,955.6,80.0,False,,low,0.3,NORMAL,11.0,961.6,89.0,HEALTHY,replay,0.5,0.0
2025-01-26T05:00:00+00:00,AWS-BHO-101,12.5,955.8,73.0,False,,low,0.5,NORMAL,10.6,961.8,88.0,HEALTHY,replay,0.9,0.0
2025-01-26T06:00:00+00:00,AWS-BHO-101,12.2,956.6,75.0,False,,low,0.2,NORMAL,10.6,962.8,91.0,HEALTHY,replay,0.3,0.0
2025-01-26T07:00:00+00:00,AWS-BHO-101,12.2,957.3,73.0,False,,low,0.2,NORMAL,11.0,963.5,87.0,HEALTHY,replay,0.3,0.0
2025-01-26T08:00:00+00:00,AWS-BHO-101,14.8,958.7,66.0,False,,low,0.6,NORMAL,13.9,964.9,75.0,HEALTHY,replay,1.0,0.0
2025-01-26T09:00:00+00:00,AWS-BHO-101,18.5,960.0,57.0,False,,low,7.7,NORMAL,17.0,966.1,65.0,HEALTHY,replay,12.8,0.0
2025-01-26T10:00:00+00:00,AWS-BHO-101,21.4,960.8,48.0,False,,low,9.3,NORMAL,19.9,966.8,55.0,HEALTHY,replay,15.6,0.0
2025-01-26T11:00:00+00:00,AWS-BHO-101,23.3,960.1,43.0,False,,low,1.4,NORMAL,21.7,966.2,50.0,HEALTHY,replay,2.4,0.0
2025-01-26T12:00:00+00:00,AWS-BHO-101,24.5,959.2,42.0,False,,low,0.6,NORMAL,22.9,965.1,45.0,HEALTHY,replay,0.9,0.0
2025-01-26T13:00:00+00:00,AWS-BHO-101,25.3,957.9,39.0,False,,low,0.9,NORMAL,23.7,963.9,43.0,HEALTHY,replay,1.4,0.0
2025-01-26T14:00:00+00:00,AWS-BHO-101,25.6,957.0,38.0,False,,low,0.7,NORMAL,24.0,963.0,43.0,HEALTHY,replay,1.1,0.0
2025-01-26T15:00:00+00:00,AWS-BHO-101,25.5,956.3,37.0,False,,low,0.6,NORMAL,23.7,962.4,46.0,HEALTHY,replay,0.9,0.0
2025-01-26T16:00:00+00:00,AWS-BHO-101,25.1,956.0,38.0,False,,low,0.4,NORMAL,22.9,962.1,48.0,HEALTHY,replay,0.7,0.0
2025-01-26T17:00:00+00:00,AWS-BHO-101,23.1,955.7,53.0,False,,low,1.3,NORMAL,20.8,961.8,57.0,HEALTHY,replay,2.2,0.0
2025-01-26T18:00:00+00:00,AWS-BHO-101,20.1,955.4,57.0,False,,low,0.8,NORMAL,18.4,961.7,63.0,HEALTHY,replay,1.4,0.0
2025-01-26T19:00:00+00:00,AWS-BHO-101,18.9,956.2,55.0,False,,low,0.4,NORMAL,17.0,962.1,65.0,HEALTHY,replay,0.6,0.0
2025-01-26T20:00:00+00:00,AWS-BHO-101,17.4,956.7,56.0,False,,low,0.2,NORMAL,15.8,962.5,68.0,HEALTHY,replay,0.3,0.0
2025-01-26T21:00:00+00:00,AWS-BHO-101,16.3,957.0,63.0,False,,low,0.2,NORMAL,14.7,962.7,72.0,HEALTHY,replay,0.3,0.0
2025-01-26T22:00:00+00:00,AWS-BHO-101,15.2,956.8,73.0,False,,low,0.5,NORMAL,14.0,962.5,71.0,HEALTHY,replay,0.9,0.0
2025-01-26T23:00:00+00:00,AWS-BHO-101,13.9,956.2,81.0,False,,low,0.5,NORMAL,12.8,962.1,73.0,HEALTHY,replay,0.9,0.0
2025-01-27T00:00:00+00:00,AWS-BHO-101,13.6,955.8,82.0,False,,low,0.2,NORMAL,12.3,961.6,75.0,HEALTHY,replay,0.3,0.0
2025-01-27T01:00:00+00:00,AWS-BHO-101,13.3,955.4,81.0,False,,low,0.1,NORMAL,12.0,961.2,76.0,HEALTHY,replay,0.2,0.0
2025-01-27T02:00:00+00:00,AWS-BHO-101,12.8,955.0,81.0,False,,low,0.1,NORMAL,11.9,960.9,75.0,HEALTHY,replay,0.2,0.0
2025-01-27T03:00:00+00:00,AWS-BHO-101,12.1,954.7,82.0,False,,low,0.1,NORMAL,11.3,960.7,79.0,HEALTHY,replay,0.2,0.0
2025-01-27T04:00:00+00:00,AWS-BHO-101,11.6,954.6,82.0,False,,low,0.2,NORMAL,10.8,960.8,80.0,HEALTHY,replay,0.3,0.0
2025-01-27T05:00:00+00:00,AWS-BHO-101,11.3,954.5,80.0,False,,low,0.3,NORMAL,9.7,960.7,86.0,HEALTHY,replay,0.5,0.0
2025-01-27T06:00:00+00:00,AWS-BHO-101,11.1,955.1,78.0,False,,low,0.2,NORMAL,9.2,961.2,93.0,HEALTHY,replay,0.3,0.0
2025-01-27T07:00:00+00:00,AWS-BHO-101,11.2,955.9,78.0,False,,low,0.2,NORMAL,9.3,962.0,93.0,HEALTHY,replay,0.3,0.0
2025-01-27T08:00:00+00:00,AWS-BHO-101,14.1,957.0,68.0,False,,low,0.6,NORMAL,12.3,963.2,82.0,HEALTHY,replay,1.0,0.0
2025-01-27T09:00:00+00:00,AWS-BHO-101,18.3,958.4,58.0,False,,low,6.2,NORMAL,16.3,964.5,71.0,HEALTHY,replay,10.4,0.0
2025-01-27T10:00:00+00:00,AWS-BHO-101,21.5,958.8,43.0,False,,low,19.7,NORMAL,19.5,964.8,60.0,HEALTHY,replay,32.8,0.0
2025-01-27T11:00:00+00:00,AWS-BHO-101,23.3,958.4,39.0,False,,low,2.4,NORMAL,21.6,964.3,51.0,HEALTHY,replay,3.9,0.0
2025-01-27T12:00:00+00:00,AWS-BHO-101,24.4,957.2,39.0,False,,low,2.0,NORMAL,22.8,963.2,44.0,HEALTHY,replay,3.3,0.0
2025-01-27T13:00:00+00:00,AWS-BHO-101,25.2,956.0,39.0,False,,low,2.1,NORMAL,23.5,962.1,40.0,HEALTHY,replay,3.4,0.0
2025-01-27T14:00:00+00:00,AWS-BHO-101,25.6,955.2,37.0,False,,low,1.3,NORMAL,23.7,961.2,39.0,HEALTHY,replay,2.2,0.0
2025-01-27T15:00:00+00:00,AWS-BHO-101,25.6,954.7,37.0,False,,low,0.6,NORMAL,23.6,960.8,39.0,HEALTHY,replay,1.1,0.0
2025-01-27T16:00:00+00:00,AWS-BHO-101,25.1,954.6,38.0,False,,low,0.6,NORMAL,22.8,960.6,40.0,HEALTHY,replay,0.9,0.0
2025-01-27T17:00:00+00:00,AWS-BHO-101,22.9,954.5,54.0,False,,low,1.4,NORMAL,20.2,960.5,60.0,HEALTHY,replay,2.3,0.0
2025-01-27T18:00:00+00:00,AWS-BHO-101,20.8,954.3,53.0,False,,low,0.5,NORMAL,18.6,960.3,58.0,HEALTHY,replay,0.9,0.0
2025-01-27T19:00:00+00:00,AWS-BHO-101,18.8,954.7,56.0,False,,low,0.3,NORMAL,17.7,960.5,59.0,HEALTHY,replay,0.5,0.0
2025-01-27T20:00:00+00:00,AWS-BHO-101,17.5,955.3,62.0,False,,low,0.1,NORMAL,17.0,961.0,60.0,HEALTHY,replay,0.2,0.0
2025-01-27T21:00:00+00:00,AWS-BHO-101,16.1,955.5,71.0,False,,low,1.2,NORMAL,16.0,961.4,63.0,HEALTHY,replay,2.0,0.0
2025-01-27T22:00:00+00:00,AWS-BHO-101,15.2,955.3,75.0,False,,low,0.5,NORMAL,14.6,961.2,69.0,HEALTHY,replay,0.8,0.0
2025-01-27T23:00:00+00:00,AWS-BHO-101,14.8,955.0,75.0,False,,low,0.2,NORMAL,12.9,960.7,77.0,HEALTHY,replay,0.3,0.0
2025-01-28T00:00:00+00:00,AWS-BHO-101,14.2,954.2,77.0,False,,low,0.1,NORMAL,12.4,960.1,77.0,HEALTHY,replay,0.2,0.0
2025-01-28T01:00:00+00:00,AWS-BHO-101,13.6,953.8,79.0,False,,low,0.1,NORMAL,12.2,959.8,75.0,HEALTHY,replay,0.1,0.0
2025-01-28T02:00:00+00:00,AWS-BHO-101,12.7,953.5,79.0,False,,low,0.1,NORMAL,11.9,959.3,75.0,HEALTHY,replay,0.2,0.0
2025-01-28T03:00:00+00:00,AWS-BHO-101,12.2,953.1,77.0,False,,low,0.1,NORMAL,11.6,959.1,75.0,HEALTHY,replay,0.2,0.0
2025-01-28T04:00:00+00:00,AWS-BHO-101,11.6,952.9,78.0,False,,low,0.2,NORMAL,11.1,959.1,77.0,HEALTHY,replay,0.4,0.0
2025-01-28T05:00:00+00:00,AWS-BHO-101,11.0,953.2,81.0,False,,low,0.2,NORMAL,9.6,959.4,86.0,HEALTHY,replay,0.4,0.0
2025-01-28T06:00:00+00:00,AWS-BHO-101,11.1,954.3,80.0,False,,low,0.3,NORMAL,9.3,960.5,88.0,HEALTHY,replay,0.4,0.0
2025-01-28T07:00:00+00:00,AWS-BHO-101,11.8,955.0,76.0,False,,low,0.3,NORMAL,10.6,961.2,82.0,HEALTHY,replay,0.6,0.0
2025-01-28T08:00:00+00:00,AWS-BHO-101,15.1,956.5,64.0,False,,low,2.7,NORMAL,13.7,962.7,77.0,HEALTHY,replay,4.4,0.0
2025-01-28T09:00:00+00:00,AWS-BHO-101,18.9,957.7,55.0,False,,low,9.6,NORMAL,17.7,964.1,65.0,HEALTHY,replay,15.9,0.0
2025-01-28T10:00:00+00:00,AWS-BHO-101,22.2,958.5,46.0,False,,low,18.5,NORMAL,20.2,964.5,55.0,HEALTHY,replay,30.8,0.0
2025-01-28T11:00:00+00:00,AWS-BHO-101,24.2,958.2,36.0,False,,low,11.6,NORMAL,22.1,964.1,48.0,HEALTHY,replay,19.3,0.0
2025-01-28T12:00:00+00:00,AWS-BHO-101,25.3,957.2,33.0,False,,low,2.3,NORMAL,23.3,963.3,45.0,HEALTHY,replay,3.9,0.0
2025-01-28T13:00:00+00:00,AWS-BHO-101,26.1,956.6,30.0,False,,low,0.9,NORMAL,24.1,962.6,41.0,HEALTHY,replay,1.6,0.0
2025-01-28T14:00:00+00:00,AWS-BHO-101,26.4,955.8,29.0,False,,low,0.5,NORMAL,24.6,961.9,38.0,HEALTHY,replay,0.8,0.0
2025-01-28T15:00:00+00:00,AWS-BHO-101,26.3,955.4,30.0,False,,low,0.3,NORMAL,24.5,961.4,39.0,HEALTHY,replay,0.5,0.0
2025-01-28T16:00:00+00:00,AWS-BHO-101,25.8,955.2,31.0,False,,low,0.4,NORMAL,23.9,961.1,42.0,HEALTHY,replay,0.7,0.0
2025-01-28T17:00:00+00:00,AWS-BHO-101,24.3,955.1,47.0,False,,low,1.9,NORMAL,21.2,960.9,59.0,HEALTHY,replay,3.2,0.0
2025-01-28T18:00:00+00:00,AWS-BHO-101,21.4,955.1,51.0,False,,low,0.8,NORMAL,19.1,960.9,61.0,HEALTHY,replay,1.3,0.0
2025-01-28T19:00:00+00:00,AWS-BHO-101,19.3,955.6,60.0,False,,low,1.7,NORMAL,17.5,961.5,67.0,HEALTHY,replay,2.8,0.0
2025-01-28T20:00:00+00:00,AWS-BHO-101,18.2,956.1,60.0,False,,low,0.3,NORMAL,16.6,962.2,70.0,HEALTHY,replay,0.5,0.0
2025-01-28T21:00:00+00:00,AWS-BHO-101,17.7,956.6,58.0,False,,low,0.3,NORMAL,15.5,962.6,74.0,HEALTHY,replay,0.5,0.0
2025-01-28T22:00:00+00:00,AWS-BHO-101,17.1,956.6,60.0,False,,low,0.4,NORMAL,14.6,962.6,77.0,HEALTHY,replay,0.6,0.0
2025-01-28T23:00:00+00:00,AWS-BHO-101,16.6,956.3,62.0,False,,low,0.3,NORMAL,14.4,962.3,76.0,HEALTHY,replay,0.6,0.0
2025-01-29T00:00:00+00:00,AWS-BHO-101,16.2,955.9,64.0,False,,low,0.3,NORMAL,14.1,962.0,77.0,HEALTHY,replay,0.6,0.0
2025-01-29T01:00:00+00:00,AWS-BHO-101,15.7,955.5,67.0,False,,low,0.3,NORMAL,13.6,961.5,77.0,HEALTHY,replay,0.5,0.0
2025-01-29T02:00:00+00:00,AWS-BHO-101,15.3,955.2,68.0,False,,low,0.4,NORMAL,13.3,961.1,70.0,HEALTHY,replay,0.6,0.0
2025-01-29T03:00:00+00:00,AWS-BHO-101,15.1,954.7,68.0,False,,low,0.9,NORMAL,12.9,960.6,69.0,HEALTHY,replay,1.4,0.0
2025-01-29T04:00:00+00:00,AWS-BHO-101,15.0,954.5,67.0,False,,low,0.7,NORMAL,12.5,960.7,69.0,HEALTHY,replay,1.2,0.0
2025-01-29T05:00:00+00:00,AWS-BHO-101,14.7,954.6,66.0,False,,low,1.0,NORMAL,12.4,960.8,64.0,HEALTHY,replay,1.6,0.0
2025-01-29T06:00:00+00:00,AWS-BHO-101,14.2,955.3,68.0,False,,low,0.4,NORMAL,12.1,961.8,58.0,HEALTHY,replay,0.7,0.0
2025-01-29T07:00:00+00:00,AWS-BHO-101,14.1,956.3,67.0,False,,low,0.3,NORMAL,11.6,962.7,64.0,HEALTHY,replay,0.6,0.0
2025-01-29T08:00:00+00:00,AWS-BHO-101,16.6,957.6,57.0,False,,low,1.0,NORMAL,14.9,963.9,58.0,HEALTHY,replay,1.6,0.0
2025-01-29T09:00:00+00:00,AWS-BHO-101,20.3,959.0,49.0,False,,low,6.5,NORMAL,18.7,965.2,53.0,HEALTHY,replay,10.9,0.0
2025-01-29T10:00:00+00:00,AWS-BHO-101,23.9,959.9,39.0,False,,low,13.1,NORMAL,21.3,965.9,46.0,HEALTHY,replay,21.8,0.0
2025-01-29T11:00:00+00:00,AWS-BHO-101,26.3,959.7,32.0,False,,low,11.0,NORMAL,23.6,965.7,43.0,HEALTHY,replay,18.4,0.0
2025-01-29T12:00:00+00:00,AWS-BHO-101,27.6,958.7,29.0,False,,low,3.4,NORMAL,25.3,964.6,41.0,HEALTHY,replay,5.7,0.0
2025-01-29T13:00:00+00:00,AWS-BHO-101,28.4,957.4,30.0,False,,low,2.2,NORMAL,26.4,963.3,40.0,HEALTHY,replay,3.7,0.0
2025-01-29T14:00:00+00:00,AWS-BHO-101,28.7,956.5,31.0,False,,low,1.5,NORMAL,26.9,962.4,39.0,HEALTHY,replay,2.5,0.0
2025-01-29T15:00:00+00:00,AWS-BHO-101,28.7,956.0,31.0,False,,low,0.7,NORMAL,26.9,961.9,40.0,HEALTHY,replay,1.2,0.0
2025-01-29T16:00:00+00:00,AWS-BHO-101,28.3,955.5,33.0,False,,low,1.0,NORMAL,26.4,961.4,43.0,HEALTHY,replay,1.7,0.0
2025-01-29T17:00:00+00:00,AWS-BHO-101,26.4,955.3,49.0,False,,low,2.6,NORMAL,23.4,961.0,63.0,HEALTHY,replay,4.4,0.0
2025-01-29T18:00:00+00:00,AWS-BHO-101,24.5,955.0,44.0,False,,low,2.2,NORMAL,21.0,960.6,64.0,HEALTHY,replay,3.7,0.0
2025-01-29T19:00:00+00:00,AWS-BHO-101,22.3,955.3,50.0,False,,low,0.9,NORMAL,20.0,961.0,64.0,HEALTHY,replay,1.5,0.0
2025-01-29T20:00:00+00:00,AWS-BHO-101,20.9,955.8,66.0,False,,low,3.8,NORMAL,19.3,961.7,66.0,HEALTHY,replay,6.3,0.0
2025-01-29T21:00:00+00:00,AWS-BHO-101,20.0,955.9,74.0,False,,low,5.5,NORMAL,18.5,961.8,73.0,HEALTHY,replay,9.1,0.0
2025-01-29T22:00:00+00:00,AWS-BHO-101,19.7,955.8,76.0,False,,low,1.2,NORMAL,17.9,961.7,77.0,HEALTHY,replay,2.0,0.0
2025-01-29T23:00:00+00:00,AWS-BHO-101,19.6,955.5,75.0,False,,low,0.8,NORMAL,17.4,961.3,78.0,HEALTHY,replay,1.4,0.0
2025-01-30T00:00:00+00:00,AWS-BHO-101,19.1,955.2,76.0,False,,low,1.0,NORMAL,16.6,960.9,81.0,HEALTHY,replay,1.6,0.0
2025-01-30T01:00:00+00:00,AWS-BHO-101,18.3,954.7,78.0,False,,low,0.4,NORMAL,15.7,960.5,85.0,HEALTHY,replay,0.7,0.0
2025-01-30T02:00:00+00:00,AWS-BHO-101,17.6,954.1,80.0,False,,low,0.4,NORMAL,15.0,959.6,90.0,HEALTHY,replay,0.6,0.0
2025-01-30T03:00:00+00:00,AWS-BHO-101,16.8,953.5,80.0,False,,low,0.5,NORMAL,14.7,959.1,91.0,HEALTHY,replay,0.9,0.0
2025-01-30T04:00:00+00:00,AWS-BHO-101,16.2,953.2,77.0,False,,low,0.7,NORMAL,14.5,958.9,92.0,HEALTHY,replay,1.1,0.0
2025-01-30T05:00:00+00:00,AWS-BHO-101,15.4,953.2,76.0,False,,low,0.5,NORMAL,14.4,958.9,91.0,HEALTHY,replay,0.9,0.0
2025-01-30T06:00:00+00:00,AWS-BHO-101,14.7,954.4,80.0,False,,low,0.2,NORMAL,13.9,960.1,93.0,HEALTHY,replay,0.3,0.0
2025-01-30T07:00:00+00:00,AWS-BHO-101,14.5,955.3,78.0,False,,low,0.3,NORMAL,14.8,961.1,92.0,HEALTHY,replay,0.5,0.0
2025-01-30T08:00:00+00:00,AWS-BHO-101,17.0,956.4,68.0,False,,low,1.2,NORMAL,17.6,962.3,82.0,HEALTHY,replay,2.0,0.0
2025-01-30T09:00:00+00:00,AWS-BHO-101,20.4,957.3,56.0,False,,low,3.8,NORMAL,20.4,963.2,69.0,HEALTHY,replay,6.3,0.0
2025-01-30T10:00:00+00:00,AWS-BHO-101,23.7,958.0,43.0,False,,low,13.1,NORMAL,22.9,963.7,58.0,HEALTHY,replay,21.9,0.0
2025-01-30T11:00:00+00:00,AWS-BHO-101,26.0,957.6,28.0,False,,low,18.0,NORMAL,25.0,963.3,49.0,HEALTHY,replay,29.9,0.0
2025-01-30T12:00:00+00:00,AWS-BHO-101,27.3,956.7,23.0,False,,low,8.9,NORMAL,26.6,962.4,39.0,HEALTHY,replay,14.8,0.0
2025-01-30T13:00:00+00:00,AWS-BHO-101,28.0,955.6,22.0,False,,low,4.2,NORMAL,27.5,961.3,31.0,HEALTHY,replay,7.1,0.0
2025-01-30T14:00:00+00:00,AWS-BHO-101,28.2,954.6,23.0,False,,low,3.7,NORMAL,27.9,960.2,28.0,HEALTHY,replay,6.2,0.0
2025-01-30T15:00:00+00:00,AWS-BHO-101,28.0,954.1,24.0,False,,low,0.7,NORMAL,27.9,959.6,26.0,HEALTHY,replay,1.1,0.0
2025-01-30T16:00:00+00:00,AWS-BHO-101,27.3,953.8,26.0,False,,low,0.5,NORMAL,27.2,959.2,32.0,HEALTHY,replay,0.9,0.0
2025-01-30T17:00:00+00:00,AWS-BHO-101,25.2,953.5,34.0,False,,low,0.6,NORMAL,25.0,958.9,49.0,HEALTHY,replay,1.0,0.0
2025-01-30T18:00:00+00:00,AWS-BHO-101,22.2,953.3,40.0,False,,low,1.0,NORMAL,21.8,958.8,44.0,HEALTHY,replay,1.7,0.0
2025-01-30T19:00:00+00:00,AWS-BHO-101,21.4,953.4,42.0,False,,low,0.5,NORMAL,19.1,958.9,47.0,HEALTHY,replay,0.9,0.0
2025-01-30T20:00:00+00:00,AWS-BHO-101,20.0,954.1,47.0,False,,low,0.6,NORMAL,17.9,959.5,60.0,HEALTHY,replay,1.1,0.0
2025-01-30T21:00:00+00:00,AWS-BHO-101,18.7,954.5,54.0,False,,low,0.5,NORMAL,17.0,960.0,57.0,HEALTHY,replay,0.9,0.0
2025-01-30T22:00:00+00:00,AWS-BHO-101,18.0,954.4,60.0,False,,low,0.7,NORMAL,16.9,960.2,59.0,HEALTHY,replay,1.2,0.0
2025-01-30T23:00:00+00:00,AWS-BHO-101,17.3,953.9,63.0,False,,low,0.4,NORMAL,16.2,959.8,68.0,HEALTHY,replay,0.6,0.0
2025-01-31T00:00:00+00:00,AWS-BHO-101,16.3,953.3,66.0,False,,low,0.4,NORMAL,15.4,959.0,71.0,HEALTHY,replay,0.6,0.0
2025-01-31T01:00:00+00:00,AWS-BHO-101,16.5,953.0,59.0,False,,low,0.7,NORMAL,14.7,958.5,73.0,HEALTHY,replay,1.1,0.0
2025-01-31T02:00:00+00:00,AWS-BHO-101,16.0,952.6,56.0,False,,low,0.5,NORMAL,13.8,958.0,73.0,HEALTHY,replay,0.9,0.0
2025-01-31T03:00:00+00:00,AWS-BHO-101,15.6,952.4,54.0,False,,low,0.6,NORMAL,13.0,957.7,75.0,HEALTHY,replay,0.9,0.0
2025-01-31T04:00:00+00:00,AWS-BHO-101,14.9,952.2,55.0,False,,low,0.5,NORMAL,12.8,957.7,75.0,HEALTHY,replay,0.8,0.0
2025-01-31T05:00:00+00:00,AWS-BHO-101,13.8,952.3,59.0,False,,low,0.5,NORMAL,12.6,958.0,74.0,HEALTHY,replay,0.8,0.0
2025-01-31T06:00:00+00:00,AWS-BHO-101,13.3,953.3,66.0,False,,low,0.9,NORMAL,12.6,959.0,78.0,HEALTHY,replay,1.4,0.0
2025-01-31T07:00:00+00:00,AWS-BHO-101,13.5,954.0,69.0,False,,low,0.4,NORMAL,12.9,959.9,78.0,HEALTHY,replay,0.7,0.0
2025-01-31T08:00:00+00:00,AWS-BHO-101,16.3,955.5,60.0,False,,low,1.7,NORMAL,15.9,961.5,71.0,HEALTHY,replay,2.9,0.0
2025-01-31T09:00:00+00:00,AWS-BHO-101,19.8,957.1,50.0,False,,low,7.6,NORMAL,19.4,963.0,63.0,HEALTHY,replay,12.7,0.0
2025-01-31T10:00:00+00:00,AWS-BHO-101,22.7,957.5,43.0,False,,low,5.1,NORMAL,22.3,963.5,53.0,HEALTHY,replay,8.6,0.0
2025-01-31T11:00:00+00:00,AWS-BHO-101,24.8,957.2,37.0,False,,low,2.7,NORMAL,24.2,963.0,46.0,HEALTHY,replay,4.5,0.0
2025-01-31T12:00:00+00:00,AWS-BHO-101,26.3,956.5,32.0,False,,low,1.7,NORMAL,25.6,962.3,40.0,HEALTHY,replay,2.9,0.0
2025-01-31T13:00:00+00:00,AWS-BHO-101,27.1,955.4,30.0,False,,low,0.8,NORMAL,26.5,961.2,36.0,HEALTHY,replay,1.3,0.0
2025-01-31T14:00:00+00:00,AWS-BHO-101,27.6,954.6,31.0,False,,low,0.4,NORMAL,27.0,960.6,36.0,HEALTHY,replay,0.7,0.0
2025-01-31T15:00:00+00:00,AWS-BHO-101,27.6,954.1,32.0,False,,low,0.3,NORMAL,27.2,960.0,35.0,HEALTHY,replay,0.4,0.0
2025-01-31T16:00:00+00:00,AWS-BHO-101,27.1,953.9,34.0,False,,low,0.3,NORMAL,26.6,959.7,39.0,HEALTHY,replay,0.5,0.0
2025-01-31T17:00:00+00:00,AWS-BHO-101,25.1,953.6,48.0,False,,low,0.8,NORMAL,24.0,959.4,56.0,HEALTHY,replay,1.3,0.0
2025-01-31T18:00:00+00:00,AWS-BHO-101,22.8,953.8,49.0,False,,low,0.3,NORMAL,21.7,959.3,55.0,HEALTHY,replay,0.5,0.0
2025-01-31T19:00:00+00:00,AWS-BHO-101,21.2,954.2,54.0,False,,low,0.3,NORMAL,20.4,959.8,53.0,HEALTHY,replay,0.4,0.0
2025-01-31T20:00:00+00:00,AWS-BHO-101,19.8,954.7,62.0,False,,low,0.3,NORMAL,19.3,960.4,55.0,HEALTHY,replay,0.5,0.0
2025-01-31T21:00:00+00:00,AWS-BHO-101,18.6,955.0,68.0,False,,low,0.2,NORMAL,17.6,960.7,62.0,HEALTHY,replay,0.4,0.0
2025-01-31T22:00:00+00:00,AWS-BHO-101,18.4,955.1,66.0,False,,low,0.1,NORMAL,16.7,960.7,69.0,HEALTHY,replay,0.2,0.0
2025-01-31T23:00:00+00:00,AWS-BHO-101,18.6,954.6,60.0,False,,low,0.1,NORMAL,16.1,960.2,73.0,HEALTHY,replay,0.1,0.0
2025-02-01T00:00:00+00:00,AWS-BHO-101,18.2,954.3,57.0,False,,low,0.2,NORMAL,15.9,959.8,73.0,HEALTHY,replay,0.3,0.0
2025-02-01T01:00:00+00:00,AWS-BHO-101,17.6,953.8,58.0,False,,low,0.1,NORMAL,15.3,959.3,74.0,HEALTHY,replay,0.1,0.0
2025-02-01T02:00:00+00:00,AWS-BHO-101,16.7,953.5,61.0,False,,low,0.1,NORMAL,14.8,958.9,75.0,HEALTHY,replay,0.1,0.0
2025-02-01T03:00:00+00:00,AWS-BHO-101,15.6,953.3,67.0,False,,low,0.1,NORMAL,14.2,958.6,79.0,HEALTHY,replay,0.2,0.0
2025-02-01T04:00:00+00:00,AWS-BHO-101,14.7,953.1,73.0,False,,low,0.2,NORMAL,13.8,958.8,79.0,HEALTHY,replay,0.4,0.0
2025-02-01T05:00:00+00:00,AWS-BHO-101,13.9,953.1,78.0,False,,low,0.2,NORMAL,13.3,959.1,80.0,HEALTHY,replay,0.4,0.0
2025-02-01T06:00:00+00:00,AWS-BHO-101,13.5,954.1,82.0,False,,low,0.3,NORMAL,12.9,960.1,85.0,HEALTHY,replay,0.5,0.0
2025-02-01T07:00:00+00:00,AWS-BHO-101,13.7,954.9,82.0,False,,low,0.3,NORMAL,13.5,960.9,83.0,HEALTHY,replay,0.4,0.0
2025-02-01T08:00:00+00:00,AWS-BHO-101,16.6,956.3,70.0,False,,low,1.7,NORMAL,16.37,962.4,76.0,HEALTHY,replay,2.9,0.0
2025-02-01T09:00:00+00:00,AWS-BHO-101,20.2,957.7,56.0,False,,low,8.2,NORMAL,19.58,963.6,67.0,HEALTHY,replay,13.7,0.0
2025-02-01T10:00:00+00:00,AWS-BHO-101,23.0,958.3,44.0,False,,low,14.8,NORMAL,22.4,964.2,52.0,HEALTHY,replay,24.6,0.0
2025-02-01T11:00:00+00:00,AWS-BHO-101,24.9,958.1,37.0,False,,low,3.8,NORMAL,24.2,964.0,45.0,HEALTHY,replay,6.3,0.0
2025-02-01T12:00:00+00:00,AWS-BHO-101,26.1,957.6,33.0,False,,low,2.5,NORMAL,25.3,963.3,42.0,HEALTHY,replay,4.2,0.0
2025-02-01T13:00:00+00:00,AWS-BHO-101,27.0,956.8,31.0,False,,low,0.8,NORMAL,26.1,962.5,42.0,HEALTHY,replay,1.4,0.0
2025-02-01T14:00:00+00:00,AWS-BHO-101,27.3,955.8,30.0,False,,low,0.7,NORMAL,26.4,961.6,42.0,HEALTHY,replay,1.2,0.0
2025-02-01T15:00:00+00:00,AWS-BHO-101,27.2,955.4,31.0,False,,low,0.4,NORMAL,26.3,961.2,40.0,HEALTHY,replay,0.6,0.0
2025-02-01T16:00:00+00:00,AWS-BHO-101,26.5,955.4,33.0,False,,low,0.3,NORMAL,25.7,961.1,38.0,HEALTHY,replay,0.5,0.0
2025-02-01T17:00:00+00:00,AWS-BHO-101,24.8,955.5,40.0,False,,low,0.4,NORMAL,24.0,961.2,51.0,HEALTHY,replay,0.6,0.0
2025-02-01T18:00:00+00:00,AWS-BHO-101,22.4,955.4,45.0,False,,low,0.3,NORMAL,21.6,961.2,58.0,HEALTHY,replay,0.4,0.0
2025-02-01T19:00:00+00:00,AWS-BHO-101,21.8,956.0,45.0,False,,low,0.3,NORMAL,20.1,961.6,65.0,HEALTHY,replay,0.5,0.0
2025-02-01T20:00:00+00:00,AWS-BHO-101,20.0,956.4,47.0,False,,low,0.3,NORMAL,18.8,962.2,65.0,HEALTHY,replay,0.4,0.0
2025-02-01T21:00:00+00:00,AWS-BHO-101,19.4,957.0,50.0,False,,low,0.2,NORMAL,18.3,962.6,68.0,HEALTHY,replay,0.3,0.0
2025-02-01T22:00:00+00:00,AWS-BHO-101,18.2,956.9,53.0,False,,low,0.1,NORMAL,16.7,962.5,68.0,HEALTHY,replay,0.2,0.0
2025-02-01T23:00:00+00:00,AWS-BHO-101,17.5,956.4,55.0,False,,low,0.1,NORMAL,15.8,962.2,64.0,HEALTHY,replay,0.2,0.0
2025-02-02T00:00:00+00:00,AWS-BHO-101,16.7,955.8,57.0,False,,low,0.1,NORMAL,15.1,961.8,65.0,HEALTHY,replay,0.2,0.0
2025-02-02T01:00:00+00:00,AWS-BHO-101,15.7,955.5,59.0,False,,low,0.1,NORMAL,14.4,961.6,67.0,HEALTHY,replay,0.2,0.0
2025-02-02T02:00:00+00:00,AWS-BHO-101,15.2,954.9,61.0,False,,low,0.1,NORMAL,13.7,960.9,68.0,HEALTHY,replay,0.1,0.0
2025-02-02T03:00:00+00:00,AWS-BHO-101,14.9,954.6,62.0,False,,low,0.1,NORMAL,13.2,960.6,72.0,HEALTHY,replay,0.1,0.0
2025-02-02T04:00:00+00:00,AWS-BHO-101,14.7,954.7,63.0,False,,low,0.1,NORMAL,13.0,960.5,74.0,HEALTHY,replay,0.2,0.0
2025-02-02T05:00:00+00:00,AWS-BHO-101,13.8,954.9,67.0,False,,low,0.1,NORMAL,13.4,960.6,74.0,HEALTHY,replay,0.2,0.0
2025-02-02T06:00:00+00:00,AWS-BHO-101,13.3,955.8,74.0,False,,low,0.4,NORMAL,13.3,961.8,79.0,HEALTHY,replay,0.7,0.0
2025-02-02T07:00:00+00:00,AWS-BHO-101,13.5,956.5,73.0,False,,low,0.3,NORMAL,13.8,962.5,78.0,HEALTHY,replay,0.5,0.0
2025-02-02T08:00:00+00:00,AWS-BHO-101,16.4,958.1,63.0,False,,low,1.9,NORMAL,16.7,964.1,69.0,HEALTHY,replay,3.1,0.0
2025-02-02T09:00:00+00:00,AWS-BHO-101,20.1,959.6,50.0,False,,low,10.8,NORMAL,20.0,965.5,60.0,HEALTHY,replay,17.9,0.0
2025-02-02T10:00:00+00:00,AWS-BHO-101,23.3,960.3,40.0,False,,low,14.3,NORMAL,22.6,966.2,51.0,HEALTHY,replay,23.8,0.0
2025-02-02T11:00:00+00:00,AWS-BHO-101,25.2,959.8,35.0,False,,low,3.7,NORMAL,24.4,965.6,43.0,HEALTHY,replay,6.2,0.0
2025-02-02T12:00:00+00:00,AWS-BHO-101,26.4,958.8,33.0,False,,low,1.7,NORMAL,25.4,964.7,38.0,HEALTHY,replay,2.9,0.0
2025-02-02T13:00:00+00:00,AWS-BHO-101,27.1,957.9,32.0,False,,low,0.6,NORMAL,26.1,963.7,37.0,HEALTHY,replay,0.9,0.0
2025-02-02T14:00:00+00:00,AWS-BHO-101,27.5,957.1,32.0,False,,low,0.4,NORMAL,26.3,962.9,37.0,HEALTHY,replay,0.7,0.0
2025-02-02T15:00:00+00:00,AWS-BHO-101,27.5,956.6,32.0,False,,low,0.5,NORMAL,26.2,962.5,38.0,HEALTHY,replay,0.8,0.0
2025-02-02T16:00:00+00:00,AWS-BHO-101,27.0,956.5,33.0,False,,low,0.3,NORMAL,25.6,962.4,40.0,HEALTHY,replay,0.5,0.0
2025-02-02T17:00:00+00:00,AWS-BHO-101,25.5,956.4,43.0,False,,low,0.5,NORMAL,23.8,962.3,49.0,HEALTHY,replay,0.9,0.0
2025-02-02T18:00:00+00:00,AWS-BHO-101,23.2,956.4,45.0,False,,low,0.3,NORMAL,21.9,962.3,50.0,HEALTHY,replay,0.6,0.0
2025-02-02T19:00:00+00:00,AWS-BHO-101,23.1,956.7,44.0,False,,low,0.2,NORMAL,21.0,962.6,53.0,HEALTHY,replay,0.4,0.0
2025-02-02T20:00:00+00:00,AWS-BHO-101,21.0,957.0,50.0,False,,low,0.1,NORMAL,20.4,962.8,53.0,HEALTHY,replay,0.2,0.0
2025-02-02T21:00:00+00:00,AWS-BHO-101,20.0,957.1,55.0,False,,low,0.1,NORMAL,19.6,962.9,56.0,HEALTHY,replay,0.2,0.0
2025-02-02T22:00:00+00:00,AWS-BHO-101,19.2,957.3,58.0,False,,low,0.1,NORMAL,18.5,963.1,62.0,HEALTHY,replay,0.1,0.0
2025-02-02T23:00:00+00:00,AWS-BHO-101,18.7,957.0,60.0,False,,low,0.1,NORMAL,17.4,962.8,67.0,HEALTHY,replay,0.1,0.0
2025-02-03T00:00:00+00:00,AWS-BHO-101,18.6,956.4,60.0,False,,low,0.1,NORMAL,16.5,962.2,70.0,HEALTHY,replay,0.2,0.0
2025-02-03T01:00:00+00:00,AWS-BHO-101,18.0,955.8,62.0,False,,low,0.1,NORMAL,16.2,961.6,69.0,HEALTHY,replay,0.2,0.0
2025-02-03T02:00:00+00:00,AWS-BHO-101,17.7,955.0,61.0,False,,low,0.3,NORMAL,15.7,960.9,72.0,HEALTHY,replay,0.5,0.0
2025-02-03T03:00:00+00:00,AWS-BHO-101,17.5,954.6,61.0,False,,low,0.3,NORMAL,15.5,960.6,72.0,HEALTHY,replay,0.5,0.0
2025-02-03T04:00:00+00:00,AWS-BHO-101,17.2,954.3,61.0,False,,low,0.3,NORMAL,15.6,960.4,72.0,HEALTHY,replay,0.5,0.0
2025-02-03T05:00:00+00:00,AWS-BHO-101,17.1,954.5,60.0,False,,low,0.4,NORMAL,15.1,960.6,74.0,HEALTHY,replay,0.7,0.0
2025-02-03T06:00:00+00:00,AWS-BHO-101,17.3,955.4,61.0,False,,low,0.9,NORMAL,15.2,961.7,77.0,HEALTHY,replay,1.4,0.0
2025-02-03T07:00:00+00:00,AWS-BHO-101,17.4,956.1,62.0,False,,low,0.7,NORMAL,15.3,962.5,80.0,HEALTHY,replay,1.1,0.0
2025-02-03T08:00:00+00:00,AWS-BHO-101,19.6,957.3,59.0,False,,low,1.7,NORMAL,18.1,963.6,71.0,HEALTHY,replay,2.8,0.0
2025-02-03T09:00:00+00:00,AWS-BHO-101,23.0,958.6,51.0,False,,low,5.6,NORMAL,21.0,964.9,62.0,HEALTHY,replay,9.3,0.0
2025-02-03T10:00:00+00:00,AWS-BHO-101,26.1,959.2,45.0,False,,low,10.6,NORMAL,23.3,965.4,54.0,HEALTHY,replay,17.7,0.0
2025-02-03T11:00:00+00:00,AWS-BHO-101,28.4,958.7,39.0,False,,low,3.2,NORMAL,25.3,966.15,54.0,HEALTHY,replay,5.3,0.0
2025-02-03T12:00:00+00:00,AWS-BHO-101,29.9,957.7,36.0,False,,low,3.6,NORMAL,27.2,963.7,51.0,HEALTHY,replay,6.1,0.0
2025-02-03T13:00:00+00:00,AWS-BHO-101,30.8,956.6,34.0,False,,low,4.2,NORMAL,28.5,962.5,45.0,HEALTHY,replay,7.0,0.0
2025-02-03T14:00:00+00:00,AWS-BHO-101,31.0,955.7,33.0,False,,low,3.7,NORMAL,29.2,961.7,49.0,HEALTHY,replay,6.2,0.0
2025-02-03T15:00:00+00:00,AWS-BHO-101,30.7,955.4,34.0,False,,low,1.4,NORMAL,28.9,963.0,44.0,HEALTHY,replay,2.3,0.0
2025-02-03T16:00:00+00:00,AWS-BHO-101,30.1,955.3,36.0,False,,low,1.5,NORMAL,29.2,961.3,52.12,HEALTHY,replay,2.4,0.0
2025-02-03T17:00:00+00:00,AWS-BHO-101,28.3,955.4,42.0,False,,low,0.9,NORMAL,27.2,961.1,57.0,HEALTHY,replay,1.5,0.0
2025-02-03T18:00:00+00:00,AWS-BHO-101,26.1,956.1,50.0,False,,low,1.4,NORMAL,24.5,963.6,57.0,HEALTHY,replay,2.4,0.0
2025-02-03T19:00:00+00:00,AWS-BHO-101,24.9,956.4,54.0,False,,low,0.3,NORMAL,23.2,962.1,63.0,HEALTHY,replay,0.5,0.0
2025-02-03T20:00:00+00:00,AWS-BHO-101,23.7,956.9,59.0,False,,low,0.5,NORMAL,21.6,962.6,69.0,HEALTHY,replay,0.9,0.0
2025-02-03T21:00:00+00:00,AWS-BHO-101,23.1,957.1,60.0,False,,low,0.4,NORMAL,20.8,963.0,71.0,HEALTHY,replay,0.6,0.0
2025-02-03T22:00:00+00:00,AWS-BHO-101,22.7,957.2,59.0,False,,low,0.4,NORMAL,20.3,963.1,73.0,HEALTHY,replay,0.7,0.0
2025-02-03T23:00:00+00:00,AWS-BHO-101,22.1,956.8,61.0,False,,low,0.4,NORMAL,18.6,963.0,83.0,HEALTHY,replay,0.7,0.0
2025-02-04T00:00:00+00:00,AWS-BHO-101,21.0,956.4,66.0,False,,low,0.4,NORMAL,18.1,962.6,87.0,HEALTHY,replay,0.7,0.0
2025-02-04T01:00:00+00:00,AWS-BHO-101,19.6,956.0,73.0,False,,low,0.5,NORMAL,18.4,962.2,87.0,HEALTHY,replay,0.9,0.0
2025-02-04T02:00:00+00:00,AWS-BHO-101,19.0,955.4,76.0,False,,low,0.2,NORMAL,18.2,961.5,85.0,HEALTHY,replay,0.4,0.0
2025-02-04T03:00:00+00:00,AWS-BHO-101,18.2,955.9,79.0,False,,low,0.2,NORMAL,17.7,961.3,85.0,HEALTHY,replay,0.4,0.0
2025-02-04T04:00:00+00:00,AWS-BHO-101,17.3,955.1,83.0,False,,low,0.2,NORMAL,17.1,961.1,83.0,HEALTHY,replay,0.4,0.0
2025-02-04T05:00:00+00:00,AWS-BHO-101,16.9,954.6,85.0,False,,low,0.3,NORMAL,16.9,961.2,86.0,HEALTHY,replay,0.5,0.0
2025-02-04T06:00:00+00:00,AWS-BHO-101,17.1,955.8,87.0,False,,low,0.3,NORMAL,17.0,962.0,86.0,HEALTHY,replay,0.5,0.0
2025-02-04T07:00:00+00:00,AWS-BHO-101,17.4,956.6,88.0,False,,low,0.3,NORMAL,17.2,962.7,86.0,HEALTHY,replay,0.6,0.0
2025-02-04T08:00:00+00:00,AWS-BHO-101,20.0,957.8,75.0,False,,low,1.0,NORMAL,20.1,964.0,77.0,HEALTHY,replay,1.7,0.0
2025-02-04T09:00:00+00:00,AWS-BHO-101,23.7,959.3,61.0,False,,low,8.7,NORMAL,22.8,965.2,68.0,HEALTHY,replay,14.5,0.0
2025-02-04T10:00:00+00:00,AWS-BHO-101,26.3,960.3,53.0,False,,low,10.1,NORMAL,25.7,965.7,62.0,HEALTHY,replay,16.8,0.0
2025-02-04T11:00:00+00:00,AWS-BHO-101,28.1,959.8,48.0,False,,low,2.3,NORMAL,27.9,965.5,51.0,HEALTHY,replay,3.8,0.0
2025-02-04T12:00:00+00:00,AWS-BHO-101,29.3,958.6,45.0,False,,low,1.5,NORMAL,29.3,964.3,48.0,HEALTHY,replay,2.5,0.0
2025-02-04T13:00:00+00:00,AWS-BHO-101,30.3,957.5,39.0,False,,low,2.0,NORMAL,29.9,963.1,46.0,HEALTHY,replay,3.3,0.0
2025-02-04T14:00:00+00:00,AWS-BHO-101,30.2,956.5,37.0,False,,low,1.2,NORMAL,30.1,962.1,43.0,HEALTHY,replay,2.0,0.0
2025-02-04T15:00:00+00:00,AWS-BHO-101,29.8,956.0,37.0,False,,low,0.5,NORMAL,30.2,961.5,36.0,HEALTHY,replay,0.8,0.0
2025-02-04T16:00:00+00:00,AWS-BHO-101,29.4,955.5,36.0,False,,low,0.7,NORMAL,29.8,961.0,38.0,HEALTHY,replay,1.1,0.0
2025-02-04T17:00:00+00:00,AWS-BHO-101,28.0,955.2,41.0,False,,low,0.3,NORMAL,27.5,960.9,50.0,HEALTHY,replay,0.4,0.0
2025-02-04T18:00:00+00:00,AWS-BHO-101,25.3,955.3,47.0,False,,low,0.5,NORMAL,24.9,961.1,59.0,HEALTHY,replay,0.8,0.0
2025-02-04T19:00:00+00:00,AWS-BHO-101,24.7,955.9,51.0,False,,low,0.2,NORMAL,23.0,961.4,65.0,HEALTHY,replay,0.4,0.0
2025-02-04T20:00:00+00:00,AWS-BHO-101,23.6,956.4,55.0,False,,low,0.1,NORMAL,21.8,962.0,69.0,HEALTHY,replay,0.2,0.0
2025-02-04T21:00:00+00:00,AWS-BHO-101,22.8,956.7,57.0,False,,low,0.1,NORMAL,21.5,962.2,77.0,HEALTHY,replay,0.2,0.0
2025-02-04T22:00:00+00:00,AWS-BHO-101,22.1,956.8,56.0,False,,low,0.1,NORMAL,21.1,962.1,74.0,HEALTHY,replay,0.2,0.0
2025-02-04T23:00:00+00:00,AWS-BHO-101,21.2,956.7,56.0,False,,low,0.1,NORMAL,20.8,961.8,66.0,HEALTHY,replay,0.2,0.0
2025-02-05T00:00:00+00:00,AWS-BHO-101,20.0,956.4,56.0,False,,low,0.2,NORMAL,20.2,961.5,67.0,HEALTHY,replay,0.4,0.0
2025-02-05T01:00:00+00:00,AWS-BHO-101,19.1,956.0,56.0,False,,low,0.3,NORMAL,19.4,961.2,71.0,HEALTHY,replay,0.5,0.0
2025-02-05T02:00:00+00:00,AWS-BHO-101,18.3,955.9,58.0,False,,low,0.2,NORMAL,18.2,963.0,72.0,HEALTHY,replay,0.3,0.0
2025-02-05T03:00:00+00:00,AWS-BHO-101,17.7,955.5,63.0,False,,low,0.2,NORMAL,17.7,961.0,77.0,HEALTHY,replay,0.3,0.0
2025-02-05T04:00:00+00:00,AWS-BHO-101,17.0,955.4,70.0,False,,low,0.2,NORMAL,16.9,962.9,81.0,HEALTHY,replay,0.3,0.0
2025-02-05T05:00:00+00:00,AWS-BHO-101,16.4,955.7,76.0,False,,low,0.3,NORMAL,16.5,961.3,85.0,HEALTHY,replay,0.6,0.0
2025-02-05T06:00:00+00:00,AWS-BHO-101,15.6,956.7,93.0,False,,low,10.2,NORMAL,15.8,962.5,92.0,HEALTHY,replay,17.0,0.0
2025-02-05T07:00:00+00:00,AWS-BHO-101,15.5,957.5,94.0,False,,low,4.1,NORMAL,16.0,963.3,93.0,HEALTHY,replay,6.9,0.0
2025-02-05T08:00:00+00:00,AWS-BHO-101,17.5,958.9,83.0,False,,low,6.2,NORMAL,18.1,964.7,83.0,HEALTHY,replay,10.4,0.0
2025-02-05T09:00:00+00:00,AWS-BHO-101,19.7,959.8,72.0,False,,low,7.9,NORMAL,20.2,965.5,73.0,HEALTHY,replay,13.1,0.0
2025-02-05T10:00:00+00:00,AWS-BHO-101,22.0,960.3,61.0,False,,low,8.6,NORMAL,22.2,965.9,65.0,HEALTHY,replay,14.3,0.0
2025-02-05T11:00:00+00:00,AWS-BHO-101,23.8,959.9,50.0,False,,low,8.2,NORMAL,23.9,965.5,57.0,HEALTHY,replay,13.7,0.0
2025-02-05T12:00:00+00:00,AWS-BHO-101,25.2,958.8,43.0,False,,low,5.7,NORMAL,25.1,964.5,51.0,HEALTHY,replay,9.5,0.0
2025-02-05T13:00:00+00:00,AWS-BHO-101,26.0,957.8,39.0,False,,low,3.3,NORMAL,25.9,963.5,47.0,HEALTHY,replay,5.5,0.0
2025-02-05T14:00:00+00:00,AWS-BHO-101,26.5,957.0,36.0,False,,low,1.8,NORMAL,26.3,962.6,44.0,HEALTHY,replay,3.0,0.0
2025-02-05T15:00:00+00:00,AWS-BHO-101,26.6,956.4,35.0,False,,low,0.8,NORMAL,26.2,962.1,43.0,HEALTHY,replay,1.3,0.0
2025-02-05T16:00:00+00:00,AWS-BHO-101,26.1,956.5,35.0,False,,low,0.5,NORMAL,25.7,962.3,43.0,HEALTHY,replay,0.9,0.0
2025-02-05T17:00:00+00:00,AWS-BHO-101,24.6,956.5,39.0,False,,low,0.6,NORMAL,24.2,962.1,49.0,HEALTHY,replay,1.0,0.0
2025-02-05T18:00:00+00:00,AWS-BHO-101,22.3,956.8,46.0,False,,low,0.8,NORMAL,21.5,962.4,62.0,HEALTHY,replay,1.3,0.0
2025-02-05T19:00:00+00:00,AWS-BHO-101,21.1,957.4,48.0,False,,low,0.6,NORMAL,20.6,963.0,58.0,HEALTHY,replay,0.9,0.0
2025-02-05T20:00:00+00:00,AWS-BHO-101,19.8,958.0,50.0,False,,low,0.4,NORMAL,20.1,963.8,52.0,HEALTHY,replay,0.7,0.0
2025-02-05T21:00:00+00:00,AWS-BHO-101,18.7,958.7,52.0,False,,low,0.7,NORMAL,18.6,964.5,54.0,HEALTHY,replay,1.1,0.0
2025-02-05T22:00:00+00:00,AWS-BHO-101,17.9,958.7,50.0,False,,low,0.5,NORMAL,17.7,964.5,59.0,HEALTHY,replay,0.8,0.0
2025-02-05T23:00:00+00:00,AWS-BHO-101,17.1,958.6,44.0,False,,low,1.8,NORMAL,16.8,964.4,65.0,HEALTHY,replay,3.0,0.0
2025-02-06T00:00:00+00:00,AWS-BHO-101,16.3,958.3,42.0,False,,low,0.7,NORMAL,16.1,964.2,66.0,HEALTHY,replay,1.2,0.0
2025-02-06T01:00:00+00:00,AWS-BHO-101,15.4,958.0,44.0,False,,low,0.6,NORMAL,15.5,964.2,63.0,HEALTHY,replay,1.0,0.0
2025-02-06T02:00:00+00:00,AWS-BHO-101,15.0,957.3,50.0,False,,low,0.2,NORMAL,14.9,963.6,58.0,HEALTHY,replay,0.3,0.0
2025-02-06T03:00:00+00:00,AWS-BHO-101,14.7,957.0,54.0,False,,low,0.2,NORMAL,14.3,963.3,55.0,HEALTHY,replay,0.3,0.0
2025-02-06T04:00:00+00:00,AWS-BHO-101,14.3,957.1,52.0,False,,low,0.2,NORMAL,13.8,963.3,53.0,HEALTHY,replay,0.4,0.0
2025-02-06T05:00:00+00:00,AWS-BHO-101,13.9,957.3,49.0,False,,low,0.5,NORMAL,13.3,963.7,51.0,HEALTHY,replay,0.8,0.0
2025-02-06T06:00:00+00:00,AWS-BHO-101,13.0,958.4,56.0,False,,low,1.3,NORMAL,12.5,964.7,58.0,HEALTHY,replay,2.2,0.0
2025-02-06T07:00:00+00:00,AWS-BHO-101,12.9,959.2,55.0,False,,low,1.2,NORMAL,12.4,965.5,58.0,HEALTHY,replay,2.0,0.0
2025-02-06T08:00:00+00:00,AWS-BHO-101,14.8,960.3,49.0,False,,low,2.3,NORMAL,14.1,966.7,55.0,HEALTHY,replay,3.8,0.0
2025-02-06T09:00:00+00:00,AWS-BHO-101,17.3,961.1,41.0,False,,low,6.4,NORMAL,16.5,967.4,46.0,HEALTHY,replay,10.7,0.0
2025-02-06T10:00:00+00:00,AWS-BHO-101,19.9,961.8,32.0,False,,low,17.6,NORMAL,18.8,968.0,39.0,HEALTHY,replay,29.3,0.0
2025-02-06T11:00:00+00:00,AWS-BHO-101,21.8,961.6,26.0,False,,low,13.1,NORMAL,20.7,967.6,35.0,HEALTHY,replay,21.8,0.0
2025-02-06T12:00:00+00:00,AWS-BHO-101,23.0,960.9,24.0,False,,low,5.2,NORMAL,21.9,966.9,31.0,HEALTHY,replay,8.7,0.0
2025-02-06T13:00:00+00:00,AWS-BHO-101,23.8,959.9,23.0,False,,low,3.6,NORMAL,22.7,965.9,29.0,HEALTHY,replay,6.0,0.0
2025-02-06T14:00:00+00:00,AWS-BHO-101,24.2,958.7,23.0,False,,low,2.2,NORMAL,23.1,964.8,28.0,HEALTHY,replay,3.6,0.0
2025-02-06T15:00:00+00:00,AWS-BHO-101,24.1,957.9,23.0,False,,low,2.1,NORMAL,23.1,964.0,28.0,HEALTHY,replay,3.5,0.0
2025-02-06T16:00:00+00:00,AWS-BHO-101,23.5,957.7,25.0,False,,low,0.9,NORMAL,22.5,963.6,29.0,HEALTHY,replay,1.6,0.0
2025-02-06T17:00:00+00:00,AWS-BHO-101,22.1,957.6,28.0,False,,low,0.6,NORMAL,21.0,963.5,35.0,HEALTHY,replay,1.0,0.0
2025-02-06T18:00:00+00:00,AWS-BHO-101,19.7,958.3,34.0,False,,low,1.1,NORMAL,18.7,964.2,41.0,HEALTHY,replay,1.8,0.0
2025-02-06T19:00:00+00:00,AWS-BHO-101,18.6,958.9,37.0,False,,low,0.9,NORMAL,17.9,964.6,43.0,HEALTHY,replay,1.5,0.0
2025-02-06T20:00:00+00:00,AWS-BHO-101,17.9,959.5,40.0,False,,low,0.4,NORMAL,17.0,965.4,43.0,HEALTHY,replay,0.7,0.0
2025-02-06T21:00:00+00:00,AWS-BHO-101,17.1,959.6,42.0,False,,low,0.3,NORMAL,16.0,965.7,47.0,HEALTHY,replay,0.5,0.0
2025-02-06T22:00:00+00:00,AWS-BHO-101,16.7,959.5,43.0,False,,low,0.3,NORMAL,15.1,965.6,51.0,HEALTHY,replay,0.4,0.0
2025-02-06T23:00:00+00:00,AWS-BHO-101,16.1,959.4,44.0,False,,low,0.2,NORMAL,14.1,967.4,56.0,HEALTHY,replay,0.3,0.0
2025-02-07T00:00:00+00:00,AWS-BHO-101,15.4,959.0,46.0,False,,low,0.3,NORMAL,13.5,967.1,58.0,HEALTHY,replay,0.6,0.0
2025-02-07T01:00:00+00:00,AWS-BHO-101,14.9,958.4,48.0,False,,low,0.1,NORMAL,13.1,966.5,62.0,HEALTHY,replay,0.2,0.0
2025-02-07T02:00:00+00:00,AWS-BHO-101,14.5,957.8,50.0,False,,low,0.1,NORMAL,12.7,966.0,55.0,HEALTHY,replay,0.2,0.0
2025-02-07T03:00:00+00:00,AWS-BHO-101,14.1,957.7,51.0,False,,low,0.1,NORMAL,13.2,963.7,55.0,HEALTHY,replay,0.2,0.0
2025-02-07T04:00:00+00:00,AWS-BHO-101,13.7,957.7,52.0,False,,low,0.1,NORMAL,12.8,963.9,56.0,HEALTHY,replay,0.2,0.0
2025-02-07T05:00:00+00:00,AWS-BHO-101,13.4,958.1,54.0,False,,low,0.1,NORMAL,12.4,964.3,55.0,HEALTHY,replay,0.2,0.0
2025-02-07T06:00:00+00:00,AWS-BHO-101,13.2,959.3,59.0,False,,low,0.2,NORMAL,12.3,965.6,60.0,HEALTHY,replay,0.3,0.0
2025-02-07T07:00:00+00:00,AWS-BHO-101,13.3,960.2,55.0,False,,low,0.3,NORMAL,12.1,966.6,62.0,HEALTHY,replay,0.5,0.0
2025-02-07T08:00:00+00:00,AWS-BHO-101,15.1,961.5,48.0,False,,low,2.4,NORMAL,13.8,967.8,60.0,HEALTHY,replay,4.0,0.0
2025-02-07T09:00:00+00:00,AWS-BHO-101,17.5,962.6,40.0,False,,low,3.2,NORMAL,16.2,968.7,52.0,HEALTHY,replay,5.3,0.0
2025-02-07T10:00:00+00:00,AWS-BHO-101,20.1,963.1,31.0,False,,low,7.8,NORMAL,18.6,969.2,43.0,HEALTHY,replay,13.0,0.0
2025-02-07T11:00:00+00:00,AWS-BHO-101,22.2,962.9,24.0,False,,low,4.9,NORMAL,20.6,968.8,34.0,HEALTHY,replay,8.2,0.0
2025-02-07T12:00:00+00:00,AWS-BHO-101,23.7,961.9,21.0,False,,low,2.6,NORMAL,21.9,967.9,30.0,HEALTHY,replay,4.3,0.0
2025-02-07T13:00:00+00:00,AWS-BHO-101,24.7,960.7,21.0,False,,low,1.7,NORMAL,22.9,966.7,28.0,HEALTHY,replay,2.8,0.0
2025-02-07T14:00:00+00:00,AWS-BHO-101,25.2,959.6,21.0,False,,low,2.6,NORMAL,23.4,965.5,27.0,HEALTHY,replay,4.4,0.0
2025-02-07T15:00:00+00:00,AWS-BHO-101,25.4,959.1,22.0,False,,low,0.9,NORMAL,23.4,965.1,27.0,HEALTHY,replay,1.5,0.0
2025-02-07T16:00:00+00:00,AWS-BHO-101,24.9,958.9,23.0,False,,low,0.7,NORMAL,22.9,964.9,28.0,HEALTHY,replay,1.1,0.0
2025-02-07T17:00:00+00:00,AWS-BHO-101,23.5,958.5,27.0,False,,low,0.5,NORMAL,21.2,964.4,44.0,HEALTHY,replay,0.9,0.0
2025-02-07T18:00:00+00:00,AWS-BHO-101,20.3,958.5,36.0,False,,low,0.9,NORMAL,18.9,964.5,45.0,HEALTHY,replay,1.5,0.0
2025-02-07T19:00:00+00:00,AWS-BHO-101,19.2,958.8,36.0,False,,low,0.4,NORMAL,17.8,964.8,47.0,HEALTHY,replay,0.7,0.0
2025-02-07T20:00:00+00:00,AWS-BHO-101,17.8,959.4,39.0,False,,low,0.4,NORMAL,16.8,965.4,48.0,HEALTHY,replay,0.6,0.0
2025-02-07T21:00:00+00:00,AWS-BHO-101,17.1,959.5,41.0,False,,low,0.2,NORMAL,16.1,965.4,49.0,HEALTHY,replay,0.3,0.0
2025-02-07T22:00:00+00:00,AWS-BHO-101,16.5,959.4,43.0,False,,low,0.3,NORMAL,15.1,965.3,51.0,HEALTHY,replay,0.4,0.0
2025-02-07T23:00:00+00:00,AWS-BHO-101,15.9,959.0,45.0,False,,low,0.2,NORMAL,14.3,964.9,55.0,HEALTHY,replay,0.3,0.0
2025-02-08T00:00:00+00:00,AWS-BHO-101,15.2,958.4,47.0,False,,low,0.2,NORMAL,13.6,964.2,58.0,HEALTHY,replay,0.3,0.0
2025-02-08T01:00:00+00:00,AWS-BHO-101,14.3,957.8,50.0,False,,low,0.2,NORMAL,12.9,963.6,60.0,HEALTHY,replay,0.3,0.0
2025-02-08T02:00:00+00:00,AWS-BHO-101,13.6,957.0,52.0,False,,low,0.3,NORMAL,12.0,963.0,62.0,HEALTHY,replay,0.5,0.0
2025-02-08T03:00:00+00:00,AWS-BHO-101,13.2,956.7,52.0,False,,low,0.2,NORMAL,11.7,962.7,63.0,HEALTHY,replay,0.4,0.0
2025-02-08T04:00:00+00:00,AWS-BHO-101,12.9,956.5,52.0,False,,low,0.4,NORMAL,11.2,962.5,64.0,HEALTHY,replay,0.6,0.0
2025-02-08T05:00:00+00:00,AWS-BHO-101,12.6,956.6,52.0,False,,low,0.5,NORMAL,10.9,962.8,64.0,HEALTHY,replay,0.8,0.0
2025-02-08T06:00:00+00:00,AWS-BHO-101,12.4,957.5,56.0,False,,low,0.4,NORMAL,10.4,963.5,69.0,HEALTHY,replay,0.6,0.0
2025-02-08T07:00:00+00:00,AWS-BHO-101,12.7,958.3,55.0,False,,low,0.4,NORMAL,10.7,964.5,70.0,HEALTHY,replay,0.7,0.0
2025-02-08T08:00:00+00:00,AWS-BHO-101,15.5,959.7,50.0,False,,low,1.1,NORMAL,12.2,965.9,63.0,HEALTHY,replay,1.9,0.0
2025-02-08T09:00:00+00:00,AWS-BHO-101,19.0,961.2,40.0,False,,low,7.2,NORMAL,15.7,967.2,52.0,HEALTHY,replay,12.0,0.0
2025-02-08T10:00:00+00:00,AWS-BHO-101,22.1,961.8,30.0,False,,low,14.9,NORMAL,19.1,967.9,43.0,HEALTHY,replay,24.9,0.0
2025-02-08T11:00:00+00:00,AWS-BHO-101,24.2,961.4,25.0,False,,low,2.6,NORMAL,22.0,967.4,34.0,HEALTHY,replay,4.4,0.0
2025-02-08T12:00:00+00:00,AWS-BHO-101,25.7,960.5,25.0,False,,low,1.0,NORMAL,23.8,966.5,29.0,HEALTHY,replay,1.6,0.0
2025-02-08T13:00:00+00:00,AWS-BHO-101,26.6,959.5,26.0,False,,low,0.9,NORMAL,24.8,965.4,26.0,HEALTHY,replay,1.4,0.0
2025-02-08T14:00:00+00:00,AWS-BHO-101,27.0,958.5,27.0,False,,low,1.1,NORMAL,25.3,964.4,26.0,HEALTHY,replay,1.9,0.0
2025-02-08T15:00:00+00:00,AWS-BHO-101,27.1,957.7,28.0,False,,low,1.1,NORMAL,25.2,963.8,25.0,HEALTHY,replay,1.8,0.0
2025-02-08T16:00:00+00:00,AWS-BHO-101,26.7,957.7,29.0,False,,low,0.5,NORMAL,24.5,963.7,27.0,HEALTHY,replay,0.9,0.0
2025-02-08T17:00:00+00:00,AWS-BHO-101,24.9,957.5,44.0,False,,low,3.0,NORMAL,22.2,963.6,41.0,HEALTHY,replay,5.1,0.0
2025-02-08T18:00:00+00:00,AWS-BHO-101,22.4,957.4,41.0,False,,low,1.2,NORMAL,19.5,963.4,47.0,HEALTHY,replay,2.0,0.0
2025-02-08T19:00:00+00:00,AWS-BHO-101,20.9,958.1,38.0,False,,low,0.8,NORMAL,18.5,963.9,52.0,HEALTHY,replay,1.3,0.0
2025-02-08T20:00:00+00:00,AWS-BHO-101,19.5,958.5,38.0,False,,low,0.3,NORMAL,17.5,964.3,55.0,HEALTHY,replay,0.4,0.0
2025-02-08T21:00:00+00:00,AWS-BHO-101,18.7,958.7,39.0,False,,low,0.2,NORMAL,16.2,964.4,56.0,HEALTHY,replay,0.4,0.0
2025-02-08T22:00:00+00:00,AWS-BHO-101,18.0,958.5,40.0,False,,low,0.2,NORMAL,15.0,964.3,56.0,HEALTHY,replay,0.4,0.0
2025-02-08T23:00:00+00:00,AWS-BHO-101,17.4,958.2,40.0,False,,low,0.2,NORMAL,14.4,964.0,56.0,HEALTHY,replay,0.3,0.0
2025-02-09T00:00:00+00:00,AWS-BHO-101,17.0,957.4,40.0,False,,low,0.4,NORMAL,14.2,963.3,57.0,HEALTHY,replay,0.7,0.0
2025-02-09T01:00:00+00:00,AWS-BHO-101,16.8,956.9,40.0,False,,low,0.6,NORMAL,13.8,962.7,61.0,HEALTHY,replay,1.0,0.0
2025-02-09T02:00:00+00:00,AWS-BHO-101,16.4,956.2,41.0,False,,low,0.8,NORMAL,13.5,962.2,63.0,HEALTHY,replay,1.4,0.0
2025-02-09T03:00:00+00:00,AWS-BHO-101,16.0,955.8,43.0,False,,low,1.4,NORMAL,13.3,961.9,70.0,HEALTHY,replay,2.4,0.0
2025-02-09T04:00:00+00:00,AWS-BHO-101,15.6,955.6,47.0,False,,low,1.4,NORMAL,13.2,961.8,74.0,HEALTHY,replay,2.3,0.0
2025-02-09T05:00:00+00:00,AWS-BHO-101,15.4,955.6,50.0,False,,low,2.0,NORMAL,13.1,961.9,78.0,HEALTHY,replay,3.3,0.0
2025-02-09T06:00:00+00:00,AWS-BHO-101,15.2,956.4,54.0,False,,low,0.8,NORMAL,12.8,962.6,81.0,HEALTHY,replay,1.4,0.0
2025-02-09T07:00:00+00:00,AWS-BHO-101,15.4,957.1,55.0,False,,low,1.0,NORMAL,11.3,963.4,70.0,HEALTHY,replay,1.7,0.0
2025-02-09T08:00:00+00:00,AWS-BHO-101,18.1,958.4,51.0,False,,low,1.8,NORMAL,14.6,964.7,62.0,HEALTHY,replay,3.0,0.0
2025-02-09T09:00:00+00:00,AWS-BHO-101,22.0,959.7,44.0,False,,low,14.4,NORMAL,18.9,965.9,54.0,HEALTHY,replay,24.0,0.0
2025-02-09T10:00:00+00:00,AWS-BHO-101,25.5,960.5,36.0,False,,low,12.1,NORMAL,22.7,966.4,44.0,HEALTHY,replay,20.2,0.0
2025-02-09T11:00:00+00:00,AWS-BHO-101,27.5,960.0,34.0,False,,low,2.6,NORMAL,25.6,965.9,36.0,HEALTHY,replay,4.3,0.0
2025-02-09T12:00:00+00:00,AWS-BHO-101,28.6,958.9,33.0,False,,low,1.6,NORMAL,27.3,964.9,33.0,HEALTHY,replay,2.7,0.0
2025-02-09T13:00:00+00:00,AWS-BHO-101,29.4,957.8,33.0,False,,low,3.4,NORMAL,28.3,963.8,32.0,HEALTHY,replay,5.6,0.0
2025-02-09T14:00:00+00:00,AWS-BHO-101,29.9,956.5,32.0,False,,low,6.2,NORMAL,28.7,962.7,32.0,HEALTHY,replay,10.4,0.0
2025-02-09T15:00:00+00:00,AWS-BHO-101,30.0,956.0,32.0,False,,low,2.3,NORMAL,28.6,962.2,33.0,HEALTHY,replay,3.9,0.0
2025-02-09T16:00:00+00:00,AWS-BHO-101,29.4,955.8,34.0,False,,low,2.7,NORMAL,28.1,962.0,35.0,HEALTHY,replay,4.5,0.0
2025-02-09T17:00:00+00:00,AWS-BHO-101,27.6,955.9,43.0,False,,low,3.2,NORMAL,26.0,961.8,52.0,HEALTHY,replay,5.4,0.0
2025-02-09T18:00:00+00:00,AWS-BHO-101,24.7,955.7,49.0,False,,low,2.6,NORMAL,22.7,961.6,54.0,HEALTHY,replay,4.4,0.0
2025-02-09T19:00:00+00:00,AWS-BHO-101,23.8,956.0,53.0,False,,low,5.3,NORMAL,21.4,962.1,58.0,HEALTHY,replay,8.8,0.0
2025-02-09T20:00:00+00:00,AWS-BHO-101,22.9,956.8,59.0,False,,low,2.1,NORMAL,20.3,962.6,62.0,HEALTHY,replay,3.5,0.0
2025-02-09T21:00:00+00:00,AWS-BHO-101,21.3,957.0,67.0,False,,low,4.2,NORMAL,19.9,963.0,64.0,HEALTHY,replay,6.9,0.0
2025-02-09T22:00:00+00:00,AWS-BHO-101,20.9,957.2,68.0,False,,low,2.3,NORMAL,18.6,962.9,71.0,HEALTHY,replay,3.9,0.0
2025-02-09T23:00:00+00:00,AWS-BHO-101,19.5,956.4,73.0,False,,low,1.2,NORMAL,18.2,962.2,76.0,HEALTHY,replay,2.1,0.0
2025-02-10T00:00:00+00:00,AWS-BHO-101,18.9,955.9,75.0,False,,low,0.6,NORMAL,18.2,962.0,74.0,HEALTHY,replay,1.1,0.0
2025-02-10T01:00:00+00:00,AWS-BHO-101,18.7,955.4,75.0,False,,low,0.4,NORMAL,17.6,961.5,75.0,HEALTHY,replay,0.6,0.0
2025-02-10T02:00:00+00:00,AWS-BHO-101,19.1,955.2,70.0,False,,low,1.1,NORMAL,17.1,960.9,76.0,HEALTHY,replay,1.8,0.0
2025-02-10T03:00:00+00:00,AWS-BHO-101,18.8,954.8,72.0,False,,low,0.8,NORMAL,16.5,960.6,77.0,HEALTHY,replay,1.3,0.0
2025-02-10T04:00:00+00:00,AWS-BHO-101,17.7,954.6,78.0,False,,low,0.7,NORMAL,16.0,960.5,79.0,HEALTHY,replay,1.1,0.0
2025-02-10T05:00:00+00:00,AWS-BHO-101,16.9,954.9,82.0,False,,low,0.6,NORMAL,15.7,960.7,80.0,HEALTHY,replay,1.1,0.0
2025-02-10T06:00:00+00:00,AWS-BHO-101,16.0,956.0,89.0,False,,low,1.6,NORMAL,15.2,961.8,83.0,HEALTHY,replay,2.7,0.0
2025-02-10T07:00:00+00:00,AWS-BHO-101,16.6,956.9,87.0,False,,low,0.6,NORMAL,15.7,962.8,83.0,HEALTHY,replay,0.9,0.0
2025-02-10T08:00:00+00:00,AWS-BHO-101,19.7,958.4,74.0,False,,low,5.4,NORMAL,19.3,964.2,73.0,HEALTHY,replay,9.0,0.0
2025-02-10T09:00:00+00:00,AWS-BHO-101,23.5,959.9,59.0,False,,low,10.5,NORMAL,23.0,965.7,62.0,HEALTHY,replay,17.5,0.0
2025-02-10T10:00:00+00:00,AWS-BHO-101,26.6,960.8,41.0,False,,low,37.8,NORMAL,25.9,966.6,54.0,HEALTHY,replay,62.9,0.0
2025-02-10T11:00:00+00:00,AWS-BHO-101,28.3,960.3,38.0,False,,low,6.7,NORMAL,28.1,966.0,46.0,HEALTHY,replay,11.2,0.0
2025-02-10T12:00:00+00:00,AWS-BHO-101,29.4,959.4,37.0,False,,low,3.1,NORMAL,29.1,965.1,43.0,HEALTHY,replay,5.2,0.0
2025-02-10T13:00:00+00:00,AWS-BHO-101,30.4,958.1,31.0,False,,low,4.0,NORMAL,30.1,964.0,37.0,HEALTHY,replay,6.7,0.0
2025-02-10T14:00:00+00:00,AWS-BHO-101,30.5,957.2,29.0,False,,low,1.6,NORMAL,30.4,962.8,30.0,HEALTHY,replay,2.7,0.0
2025-02-10T15:00:00+00:00,AWS-BHO-101,30.4,956.6,28.0,False,,low,0.4,NORMAL,30.6,962.3,28.0,HEALTHY,replay,0.7,0.0
2025-02-10T16:00:00+00:00,AWS-BHO-101,30.2,956.5,25.0,False,,low,0.7,NORMAL,30.0,962.0,28.0,HEALTHY,replay,1.2,0.0
2025-02-10T17:00:00+00:00,AWS-BHO-101,27.5,956.2,33.0,False,,low,0.5,NORMAL,27.2,961.7,40.0,HEALTHY,replay,0.8,0.0
2025-02-10T18:00:00+00:00,AWS-BHO-101,24.5,956.4,32.0,False,,low,2.3,NORMAL,23.7,961.9,43.0,HEALTHY,replay,3.8,0.0
2025-02-10T19:00:00+00:00,AWS-BHO-101,23.8,957.0,29.0,False,,low,1.3,NORMAL,22.6,962.3,39.0,HEALTHY,replay,2.2,0.0
2025-02-10T20:00:00+00:00,AWS-BHO-101,22.9,957.6,29.0,False,,low,1.0,NORMAL,21.1,963.1,36.0,HEALTHY,replay,1.7,0.0
2025-02-10T21:00:00+00:00,AWS-BHO-101,21.2,957.7,33.0,False,,low,0.7,NORMAL,19.2,963.4,41.0,HEALTHY,replay,1.1,0.0
2025-02-10T22:00:00+00:00,AWS-BHO-101,19.5,957.9,39.0,False,,low,1.1,NORMAL,18.1,963.8,46.0,HEALTHY,replay,1.8,0.0
2025-02-10T23:00:00+00:00,AWS-BHO-101,18.3,957.5,44.0,False,,low,0.7,NORMAL,17.7,963.4,49.0,HEALTHY,replay,1.2,0.0
2025-02-11T00:00:00+00:00,AWS-BHO-101,17.9,956.8,47.0,False,,low,0.5,NORMAL,17.3,962.8,53.0,HEALTHY,replay,0.9,0.0
2025-02-11T01:00:00+00:00,AWS-BHO-101,16.9,956.1,49.0,False,,low,0.3,NORMAL,16.2,962.2,55.0,HEALTHY,replay,0.5,0.0
2025-02-11T02:00:00+00:00,AWS-BHO-101,16.3,955.4,52.0,False,,low,0.3,NORMAL,15.6,963.7,57.0,HEALTHY,replay,0.6,0.0
2025-02-11T03:00:00+00:00,AWS-BHO-101,16.0,955.0,54.0,False,,low,0.3,NORMAL,15.8,961.2,55.0,HEALTHY,replay,0.4,0.0
2025-02-11T04:00:00+00:00,AWS-BHO-101,15.6,955.1,56.0,False,,low,0.3,NORMAL,14.5,962.63,55.0,HEALTHY,replay,0.5,0.0
2025-02-11T05:00:00+00:00,AWS-BHO-101,15.2,955.4,58.0,False,,low,0.3,NORMAL,13.6,963.0,58.0,HEALTHY,replay,0.5,0.0
2025-02-11T06:00:00+00:00,AWS-BHO-101,14.5,956.2,65.0,False,,low,0.7,NORMAL,13.2,963.64,71.16,HEALTHY,replay,1.2,0.0
2025-02-11T07:00:00+00:00,AWS-BHO-101,14.5,956.6,70.0,False,,low,0.6,NORMAL,15.0,962.5,66.0,HEALTHY,replay,1.0,0.0
2025-02-11T08:00:00+00:00,AWS-BHO-101,17.8,958.0,60.0,False,,low,0.9,NORMAL,18.0,963.8,64.0,HEALTHY,replay,1.4,0.0
2025-02-11T09:00:00+00:00,AWS-BHO-101,22.2,959.4,47.0,False,,low,9.3,NORMAL,21.6,965.1,55.0,HEALTHY,replay,15.5,0.0
2025-02-11T10:00:00+00:00,AWS-BHO-101,25.5,960.1,38.0,False,,low,14.1,NORMAL,24.7,966.0,47.0,HEALTHY,replay,23.5,0.0
2025-02-11T11:00:00+00:00,AWS-BHO-101,27.7,959.8,30.0,False,,low,4.9,NORMAL,27.0,965.6,38.0,HEALTHY,replay,8.2,0.0
2025-02-11T12:00:00+00:00,AWS-BHO-101,29.0,959.1,25.0,False,,low,5.3,NORMAL,28.6,964.9,30.0,HEALTHY,replay,8.9,0.0
2025-02-11T13:00:00+00:00,AWS-BHO-101,29.7,958.0,22.0,False,,low,2.3,NORMAL,29.3,963.8,26.0,HEALTHY,replay,3.8,0.0
2025-02-11T14:00:00+00:00,AWS-BHO-101,30.0,957.2,21.0,False,,low,0.9,NORMAL,29.4,962.9,28.0,HEALTHY,replay,1.5,0.0
2025-02-11T15:00:00+00:00,AWS-BHO-101,29.7,956.5,22.0,False,,low,0.5,NORMAL,29.6,962.1,27.0,HEALTHY,replay,0.8,0.0
2025-02-11T16:00:00+00:00,AWS-BHO-101,29.1,956.1,23.0,False,,low,0.6,NORMAL,29.7,961.6,24.0,HEALTHY,replay,1.0,0.0
2025-02-11T17:00:00+00:00,AWS-BHO-101,26.7,955.8,33.0,False,,low,1.0,NORMAL,28.1,961.4,40.0,HEALTHY,replay,1.7,0.0
2025-02-11T18:00:00+00:00,AWS-BHO-101,23.8,955.5,33.0,False,,low,1.3,NORMAL,24.9,961.2,39.0,HEALTHY,replay,2.2,0.0
2025-02-11T19:00:00+00:00,AWS-BHO-101,22.5,956.2,37.0,False,,low,0.9,NORMAL,22.6,961.7,48.0,HEALTHY,replay,1.5,0.0
2025-02-11T20:00:00+00:00,AWS-BHO-101,20.3,956.7,42.0,False,,low,0.6,NORMAL,20.9,962.3,54.0,HEALTHY,replay,1.0,0.0
2025-02-11T21:00:00+00:00,AWS-BHO-101,20.0,957.0,49.0,False,,low,0.3,NORMAL,18.9,962.8,58.0,HEALTHY,replay,0.6,0.0
2025-02-11T22:00:00+00:00,AWS-BHO-101,18.8,957.0,53.0,False,,low,0.3,NORMAL,18.7,963.1,53.0,HEALTHY,replay,0.4,0.0
2025-02-11T23:00:00+00:00,AWS-BHO-101,18.6,956.9,50.0,False,,low,0.1,NORMAL,17.7,962.6,52.0,HEALTHY,replay,0.2,0.0
2025-02-12T00:00:00+00:00,AWS-BHO-101,18.3,956.6,44.0,False,,low,0.2,NORMAL,17.1,961.9,58.0,HEALTHY,replay,0.4,0.0
2025-02-12T01:00:00+00:00,AWS-BHO-101,17.6,956.3,42.0,False,,low,0.3,NORMAL,17.0,961.5,58.0,HEALTHY,replay,0.6,0.0
2025-02-12T02:00:00+00:00,AWS-BHO-101,16.7,955.8,42.0,False,,low,0.1,NORMAL,17.0,961.2,52.0,HEALTHY,replay,0.2,0.0
2025-02-12T03:00:00+00:00,AWS-BHO-101,16.1,955.4,43.0,False,,low,0.1,NORMAL,16.5,960.9,50.0,HEALTHY,replay,0.2,0.0
2025-02-12T04:00:00+00:00,AWS-BHO-101,15.6,955.7,46.0,False,,low,0.1,NORMAL,15.9,961.4,51.0,HEALTHY,replay,0.2,0.0
2025-02-12T05:00:00+00:00,AWS-BHO-101,15.1,956.0,51.0,False,,low,0.1,NORMAL,15.5,961.8,52.0,HEALTHY,replay,0.2,0.0
2025-02-12T06:00:00+00:00,AWS-BHO-101,14.1,956.8,61.0,False,,low,0.8,NORMAL,14.8,962.8,61.0,HEALTHY,replay,1.4,0.0
2025-02-12T07:00:00+00:00,AWS-BHO-101,14.3,957.5,65.0,False,,low,0.8,NORMAL,14.8,963.4,65.0,HEALTHY,replay,1.4,0.0
2025-02-12T08:00:00+00:00,AWS-BHO-101,17.3,958.9,59.0,False,,low,1.7,NORMAL,17.3,964.7,61.0,HEALTHY,replay,2.8,0.0
2025-02-12T09:00:00+00:00,AWS-BHO-101,20.5,960.3,51.0,False,,low,8.5,NORMAL,20.2,966.2,53.0,HEALTHY,replay,14.2,0.0
2025-02-12T10:00:00+00:00,AWS-BHO-101,23.3,960.9,44.0,False,,low,6.0,NORMAL,23.1,966.7,48.0,HEALTHY,replay,10.0,0.0
2025-02-12T11:00:00+00:00,AWS-BHO-101,25.5,960.5,38.0,False,,low,2.2,NORMAL,25.3,966.3,45.0,HEALTHY,replay,3.6,0.0
2025-02-12T12:00:00+00:00,AWS-BHO-101,27.1,959.7,33.0,False,,low,1.8,NORMAL,26.6,965.4,42.0,HEALTHY,replay,3.1,0.0
2025-02-12T13:00:00+00:00,AWS-BHO-101,28.0,958.9,30.0,False,,low,0.9,NORMAL,27.5,964.5,39.0,HEALTHY,replay,1.4,0.0
2025-02-12T14:00:00+00:00,AWS-BHO-101,28.5,957.9,28.0,False,,low,1.1,NORMAL,28.0,963.6,37.0,HEALTHY,replay,1.8,0.0
2025-02-12T15:00:00+00:00,AWS-BHO-101,28.6,957.4,25.0,False,,low,0.5,NORMAL,28.2,963.2,34.0,HEALTHY,replay,0.9,0.0
2025-02-12T16:00:00+00:00,AWS-BHO-101,28.1,957.3,25.0,False,,low,0.6,NORMAL,28.0,963.1,29.0,HEALTHY,replay,1.0,0.0
2025-02-12T17:00:00+00:00,AWS-BHO-101,25.8,957.1,38.0,False,,low,0.9,NORMAL,25.6,962.9,39.0,HEALTHY,replay,1.5,0.0
2025-02-12T18:00:00+00:00,AWS-BHO-101,23.4,957.0,40.0,False,,low,0.4,NORMAL,23.1,963.0,45.0,HEALTHY,replay,0.7,0.0
2025-02-12T19:00:00+00:00,AWS-BHO-101,22.0,958.0,35.0,False,,low,1.4,NORMAL,22.1,963.4,37.0,HEALTHY,replay,2.3,0.0
2025-02-12T20:00:00+00:00,AWS-BHO-101,20.7,958.7,38.0,False,,low,0.3,NORMAL,21.1,964.0,34.0,HEALTHY,replay,0.5,0.0
2025-02-12T21:00:00+00:00,AWS-BHO-101,19.8,959.1,40.0,False,,low,0.2,NORMAL,20.0,964.6,36.0,HEALTHY,replay,0.4,0.0
2025-02-12T22:00:00+00:00,AWS-BHO-101,18.9,959.3,41.0,False,,low,0.3,NORMAL,18.7,965.0,40.0,HEALTHY,replay,0.5,0.0
2025-02-12T23:00:00+00:00,AWS-BHO-101,18.1,958.8,42.0,False,,low,0.2,NORMAL,17.4,964.6,45.0,HEALTHY,replay,0.4,0.0
2025-02-13T00:00:00+00:00,AWS-BHO-101,17.1,958.3,45.0,False,,low,0.2,NORMAL,16.0,964.2,49.0,HEALTHY,replay,0.3,0.0
2025-02-13T01:00:00+00:00,AWS-BHO-101,16.5,958.0,47.0,False,,low,0.2,NORMAL,15.0,963.9,54.0,HEALTHY,replay,0.3,0.0
2025-02-13T02:00:00+00:00,AWS-BHO-101,15.9,957.4,49.0,False,,low,0.1,NORMAL,14.5,963.4,55.0,HEALTHY,replay,0.2,0.0
2025-02-13T03:00:00+00:00,AWS-BHO-101,15.5,956.9,48.0,False,,low,0.2,NORMAL,14.4,963.0,53.0,HEALTHY,replay,0.3,0.0
2025-02-13T04:00:00+00:00,AWS-BHO-101,14.8,957.0,49.0,False,,low,0.1,NORMAL,13.7,962.9,55.0,HEALTHY,replay,0.2,0.0
2025-02-13T05:00:00+00:00,AWS-BHO-101,13.9,957.2,51.0,False,,low,0.2,NORMAL,12.7,963.1,57.0,HEALTHY,replay,0.3,0.0
2025-02-13T06:00:00+00:00,AWS-BHO-101,12.6,957.9,61.0,False,,low,0.7,NORMAL,11.1,963.9,71.0,HEALTHY,replay,1.1,0.0
2025-02-13T07:00:00+00:00,AWS-BHO-101,13.3,958.6,59.0,False,,low,0.3,NORMAL,11.8,964.5,73.0,HEALTHY,replay,0.6,0.0
2025-02-13T08:00:00+00:00,AWS-BHO-101,16.8,960.1,50.0,False,,low,1.5,NORMAL,15.4,966.1,61.0,HEALTHY,replay,2.4,0.0
2025-02-13T09:00:00+00:00,AWS-BHO-101,20.6,961.6,41.0,False,,low,13.1,NORMAL,19.0,967.5,50.0,HEALTHY,replay,21.8,0.0
2025-02-13T10:00:00+00:00,AWS-BHO-101,23.4,962.3,30.0,False,,low,18.3,NORMAL,21.7,968.1,40.0,HEALTHY,replay,30.5,0.0
2025-02-13T11:00:00+00:00,AWS-BHO-101,24.6,961.8,26.0,False,,low,3.5,NORMAL,23.4,967.8,33.0,HEALTHY,replay,5.9,0.0
2025-02-13T12:00:00+00:00,AWS-BHO-101,25.5,961.0,25.0,False,,low,1.8,NORMAL,24.4,966.8,30.0,HEALTHY,replay,3.1,0.0
2025-02-13T13:00:00+00:00,AWS-BHO-101,26.0,959.6,25.0,False,,low,1.3,NORMAL,25.1,965.5,31.0,HEALTHY,replay,2.2,0.0
2025-02-13T14:00:00+00:00,AWS-BHO-101,26.4,958.8,25.0,False,,low,2.1,NORMAL,25.5,964.6,31.0,HEALTHY,replay,3.6,0.0
2025-02-13T15:00:00+00:00,AWS-BHO-101,26.5,957.8,25.0,False,,low,2.3,NORMAL,25.5,963.8,31.0,HEALTHY,replay,3.8,0.0
2025-02-13T16:00:00+00:00,AWS-BHO-101,26.1,957.6,25.0,False,,low,0.9,NORMAL,25.3,963.5,31.0,HEALTHY,replay,1.5,0.0
2025-02-13T17:00:00+00:00,AWS-BHO-101,24.1,957.3,39.0,False,,low,2.7,NORMAL,23.7,963.3,50.0,HEALTHY,replay,4.4,0.0
2025-02-13T18:00:00+00:00,AWS-BHO-101,21.3,957.5,41.0,False,,low,0.9,NORMAL,21.5,963.6,46.0,HEALTHY,replay,1.5,0.0
2025-02-13T19:00:00+00:00,AWS-BHO-101,19.7,958.0,43.0,False,,low,0.4,NORMAL,19.6,964.0,46.0,HEALTHY,replay,0.6,0.0
2025-02-13T20:00:00+00:00,AWS-BHO-101,18.7,958.7,46.0,False,,low,0.3,NORMAL,18.7,964.6,42.0,HEALTHY,replay,0.5,0.0
2025-02-13T21:00:00+00:00,AWS-BHO-101,17.5,958.9,47.0,False,,low,0.2,NORMAL,17.7,964.6,44.0,HEALTHY,replay,0.4,0.0
2025-02-13T22:00:00+00:00,AWS-BHO-101,16.9,959.1,48.0,False,,low,0.2,NORMAL,16.8,964.7,52.0,HEALTHY,replay,0.3,0.0
2025-02-13T23:00:00+00:00,AWS-BHO-101,16.0,958.8,53.0,False,,low,0.2,NORMAL,15.8,964.5,54.0,HEALTHY,replay,0.4,0.0
2025-02-14T00:00:00+00:00,AWS-BHO-101,15.3,958.2,55.0,False,,low,0.1,NORMAL,14.6,964.0,57.0,HEALTHY,replay,0.2,0.0
2025-02-14T01:00:00+00:00,AWS-BHO-101,14.5,957.5,58.0,False,,low,0.2,NORMAL,14.1,963.3,56.0,HEALTHY,replay,0.3,0.0
2025-02-14T02:00:00+00:00,AWS-BHO-101,14.2,956.8,59.0,False,,low,0.2,NORMAL,13.5,962.6,58.0,HEALTHY,replay,0.4,0.0
2025-02-14T03:00:00+00:00,AWS-BHO-101,14.0,956.2,58.0,False,,low,0.4,NORMAL,13.0,962.1,61.0,HEALTHY,replay,0.6,0.0
2025-02-14T04:00:00+00:00,AWS-BHO-101,13.8,955.9,58.0,False,,low,0.5,NORMAL,12.7,961.9,60.0,HEALTHY,replay,0.9,0.0
2025-02-14T05:00:00+00:00,AWS-BHO-101,13.5,956.0,58.0,False,,low,0.5,NORMAL,12.4,962.0,61.0,HEALTHY,replay,0.8,0.0
2025-02-14T06:00:00+00:00,AWS-BHO-101,12.4,957.2,66.0,False,,low,0.6,NORMAL,11.2,963.4,70.0,HEALTHY,replay,1.0,0.0
2025-02-14T07:00:00+00:00,AWS-BHO-101,13.0,958.0,67.0,False,,low,0.6,NORMAL,12.4,964.3,69.0,HEALTHY,replay,0.9,0.0
2025-02-14T08:00:00+00:00,AWS-BHO-101,16.9,959.4,57.0,False,,low,2.1,NORMAL,15.8,965.3,65.0,HEALTHY,replay,3.6,0.0
2025-02-14T09:00:00+00:00,AWS-BHO-101,21.3,960.7,42.0,False,,low,17.4,NORMAL,19.6,966.6,51.0,HEALTHY,replay,29.0,0.0
2025-02-14T10:00:00+00:00,AWS-BHO-101,24.2,961.2,29.0,False,,low,31.6,NORMAL,22.3,967.1,40.0,HEALTHY,replay,52.7,0.0
2025-02-14T11:00:00+00:00,AWS-BHO-101,26.0,960.8,23.0,False,,low,5.9,NORMAL,24.7,966.6,31.0,HEALTHY,replay,9.8,0.0
2025-02-14T12:00:00+00:00,AWS-BHO-101,27.0,959.6,22.0,False,,low,3.4,NORMAL,26.2,965.5,26.0,HEALTHY,replay,5.7,0.0
2025-02-14T13:00:00+00:00,AWS-BHO-101,27.8,958.5,22.0,False,,low,1.5,NORMAL,26.9,964.4,27.0,HEALTHY,replay,2.5,0.0
2025-02-14T14:00:00+00:00,AWS-BHO-101,28.4,957.5,21.0,False,,low,1.9,NORMAL,27.5,963.5,26.0,HEALTHY,replay,3.2,0.0
2025-02-14T15:00:00+00:00,AWS-BHO-101,28.4,956.8,22.0,False,,low,0.7,NORMAL,27.8,962.8,23.0,HEALTHY,replay,1.1,0.0
2025-02-14T16:00:00+00:00,AWS-BHO-101,27.7,956.5,24.0,False,,low,0.6,NORMAL,27.4,962.4,25.0,HEALTHY,replay,1.0,0.0
2025-02-14T17:00:00+00:00,AWS-BHO-101,25.6,956.2,45.0,False,,low,4.9,NORMAL,25.6,962.0,47.0,HEALTHY,replay,8.1,0.0
2025-02-14T18:00:00+00:00,AWS-BHO-101,23.4,955.9,37.0,False,,low,4.2,NORMAL,23.0,961.9,41.0,HEALTHY,replay,7.0,0.0
2025-02-14T19:00:00+00:00,AWS-BHO-101,21.7,956.6,40.0,False,,low,0.4,NORMAL,22.1,962.3,46.0,HEALTHY,replay,0.7,0.0
2025-02-14T20:00:00+00:00,AWS-BHO-101,20.1,956.8,45.0,False,,low,0.3,NORMAL,19.6,962.7,48.0,HEALTHY,replay,0.4,0.0
2025-02-14T21:00:00+00:00,AWS-BHO-101,19.0,957.1,48.0,False,,low,0.2,NORMAL,17.8,962.8,55.0,HEALTHY,replay,0.3,0.0
2025-02-14T22:00:00+00:00,AWS-BHO-101,18.8,957.5,47.0,False,,low,0.1,NORMAL,16.8,963.1,61.0,HEALTHY,replay,0.2,0.0
2025-02-14T23:00:00+00:00,AWS-BHO-101,18.4,956.8,48.0,False,,low,0.2,NORMAL,16.5,962.7,63.0,HEALTHY,replay,0.3,0.0
2025-02-15T00:00:00+00:00,AWS-BHO-101,18.5,956.3,45.0,False,,low,0.6,NORMAL,16.3,962.0,62.0,HEALTHY,replay,1.0,0.0
2025-02-15T01:00:00+00:00,AWS-BHO-101,18.2,955.5,45.0,False,,low,0.8,NORMAL,16.3,961.3,62.0,HEALTHY,replay,1.4,0.0
2025-02-15T02:00:00+00:00,AWS-BHO-101,17.6,954.8,47.0,False,,low,1.1,NORMAL,16.0,960.5,62.0,HEALTHY,replay,1.8,0.0
2025-02-15T03:00:00+00:00,AWS-BHO-101,17.0,954.4,51.0,False,,low,1.6,NORMAL,15.4,960.0,62.0,HEALTHY,replay,2.7,0.0
2025-02-15T04:00:00+00:00,AWS-BHO-101,16.4,954.1,54.0,False,,low,1.2,NORMAL,15.3,959.8,61.0,HEALTHY,replay,1.9,0.0
2025-02-15T05:00:00+00:00,AWS-BHO-101,16.1,954.0,53.0,False,,low,0.9,NORMAL,15.2,959.9,60.0,HEALTHY,replay,1.6,0.0
2025-02-15T06:00:00+00:00,AWS-BHO-101,15.2,955.3,60.0,False,,low,1.3,NORMAL,14.9,961.3,64.0,HEALTHY,replay,2.2,0.0
2025-02-15T07:00:00+00:00,AWS-BHO-101,15.6,956.2,60.0,False,,low,2.4,NORMAL,15.5,962.2,63.0,HEALTHY,replay,4.0,0.0
2025-02-15T08:00:00+00:00,AWS-BHO-101,19.0,957.6,52.0,False,,low,4.7,NORMAL,18.3,963.5,61.72,HEALTHY,replay,7.8,0.0
2025-02-15T09:00:00+00:00,AWS-BHO-101,22.8,958.7,44.0,False,,low,8.8,NORMAL,21.6,964.4,50.0,HEALTHY,replay,14.6,0.0
2025-02-15T10:00:00+00:00,AWS-BHO-101,25.8,958.8,35.0,False,,low,7.5,NORMAL,24.4,966.1,42.0,HEALTHY,replay,12.5,0.0
2025-02-15T11:00:00+00:00,AWS-BHO-101,27.8,958.4,30.0,False,,low,3.0,NORMAL,26.5,965.7,37.0,HEALTHY,replay,5.0,0.0
2025-02-15T12:00:00+00:00,AWS-BHO-101,29.3,957.6,26.0,False,,low,1.8,NORMAL,28.9,963.3,33.8,HEALTHY,replay,3.0,0.0
2025-02-15T13:00:00+00:00,AWS-BHO-101,30.2,956.5,25.0,False,,low,1.2,NORMAL,29.1,964.0,26.0,HEALTHY,replay,2.0,0.0
2025-02-15T14:00:00+00:00,AWS-BHO-101,30.9,955.4,23.0,False,,low,2.0,NORMAL,30.5,961.2,23.0,HEALTHY,replay,3.3,0.0
2025-02-15T15:00:00+00:00,AWS-BHO-101,31.0,954.5,21.0,False,,low,2.7,NORMAL,30.3,960.3,23.0,HEALTHY,replay,4.5,0.0
2025-02-15T16:00:00+00:00,AWS-BHO-101,30.1,954.2,23.0,False,,low,1.5,NORMAL,29.8,960.0,25.0,HEALTHY,replay,2.4,0.0
2025-02-15T17:00:00+00:00,AWS-BHO-101,27.7,954.1,28.0,False,,low,1.5,NORMAL,28.2,959.7,43.0,HEALTHY,replay,2.5,0.0
2025-02-15T18:00:00+00:00,AWS-BHO-101,25.4,953.8,26.0,False,,low,2.8,NORMAL,24.3,959.6,42.0,HEALTHY,replay,4.6,0.0
2025-02-15T19:00:00+00:00,AWS-BHO-101,23.5,954.5,40.0,False,,low,3.7,NORMAL,22.9,960.0,50.0,HEALTHY,replay,6.2,0.0
2025-02-15T20:00:00+00:00,AWS-BHO-101,22.9,954.9,39.0,False,,low,1.0,NORMAL,21.9,960.6,51.0,HEALTHY,replay,1.6,0.0
2025-02-15T21:00:00+00:00,AWS-BHO-101,21.5,955.2,44.0,False,,low,0.6,NORMAL,20.9,961.0,53.0,HEALTHY,replay,0.9,0.0
2025-02-15T22:00:00+00:00,AWS-BHO-101,20.9,955.3,43.0,False,,low,0.5,NORMAL,21.1,961.1,48.0,HEALTHY,replay,0.8,0.0
2025-02-15T23:00:00+00:00,AWS-BHO-101,20.5,955.1,41.0,False,,low,0.4,NORMAL,20.3,960.7,47.0,HEALTHY,replay,0.7,0.0
2025-02-16T00:00:00+00:00,AWS-BHO-101,20.0,954.7,38.0,False,,low,0.7,NORMAL,19.4,960.3,48.0,HEALTHY,replay,1.2,0.0
2025-02-16T01:00:00+00:00,AWS-BHO-101,18.7,954.0,40.0,False,,low,0.2,NORMAL,18.7,959.6,49.0,HEALTHY,replay,0.4,0.0
2025-02-16T02:00:00+00:00,AWS-BHO-101,17.9,953.7,42.0,False,,low,0.2,NORMAL,18.0,959.2,50.0,HEALTHY,replay,0.3,0.0
2025-02-16T03:00:00+00:00,AWS-BHO-101,17.5,953.4,44.0,False,,low,0.2,NORMAL,17.0,959.0,52.0,HEALTHY,replay,0.4,0.0
2025-02-16T04:00:00+00:00,AWS-BHO-101,17.4,953.5,47.0,False,,low,0.2,NORMAL,16.4,959.2,54.0,HEALTHY,replay,0.4,0.0
2025-02-16T05:00:00+00:00,AWS-BHO-101,17.3,954.0,51.0,False,,low,0.2,NORMAL,15.8,959.7,57.0,HEALTHY,replay,0.3,0.0
2025-02-16T06:00:00+00:00,AWS-BHO-101,16.6,955.3,59.0,False,,low,1.1,NORMAL,15.2,961.1,62.0,HEALTHY,replay,1.8,0.0
2025-02-16T07:00:00+00:00,AWS-BHO-101,16.9,956.0,62.0,False,,low,0.8,NORMAL,16.0,961.7,64.0,HEALTHY,replay,1.3,0.0
2025-02-16T08:00:00+00:00,AWS-BHO-101,19.7,957.3,59.0,False,,low,1.7,NORMAL,19.1,963.1,60.0,HEALTHY,replay,2.8,0.0
2025-02-16T09:00:00+00:00,AWS-BHO-101,22.8,958.4,51.0,False,,low,3.6,NORMAL,21.9,964.1,54.0,HEALTHY,replay,6.1,0.0
2025-02-16T10:00:00+00:00,AWS-BHO-101,25.5,958.7,43.0,False,,low,2.3,NORMAL,24.3,964.5,49.0,HEALTHY,replay,3.8,0.0
2025-02-16T11:00:00+00:00,AWS-BHO-101,27.5,958.2,36.0,False,,low,1.5,NORMAL,26.4,964.0,44.0,HEALTHY,replay,2.4,0.0
2025-02-16T12:00:00+00:00,AWS-BHO-101,28.8,957.4,31.0,False,,low,0.7,NORMAL,28.0,963.2,39.0,HEALTHY,replay,1.2,0.0
2025-02-16T13:00:00+00:00,AWS-BHO-101,29.5,956.3,29.0,False,,low,0.6,NORMAL,29.0,962.1,35.0,HEALTHY,replay,1.1,0.0
2025-02-16T14:00:00+00:00,AWS-BHO-101,30.1,955.5,27.0,False,,low,0.5,NORMAL,29.6,961.4,32.0,HEALTHY,replay,0.9,0.0
2025-02-16T15:00:00+00:00,AWS-BHO-101,30.2,955.0,27.0,False,,low,0.5,NORMAL,30.0,960.9,26.0,HEALTHY,replay,0.8,0.0
2025-02-16T16:00:00+00:00,AWS-BHO-101,29.7,954.8,29.0,False,,low,0.6,NORMAL,29.3,960.8,27.0,HEALTHY,replay,1.0,0.0
2025-02-16T17:00:00+00:00,AWS-BHO-101,27.6,954.8,46.0,False,,low,2.8,NORMAL,27.2,960.7,35.0,HEALTHY,replay,4.7,0.0
2025-02-16T18:00:00+00:00,AWS-BHO-101,25.5,954.9,41.0,False,,low,1.6,NORMAL,24.6,960.9,42.0,HEALTHY,replay,2.7,0.0
2025-02-16T19:00:00+00:00,AWS-BHO-101,24.1,955.5,43.0,False,,low,0.4,NORMAL,23.4,961.2,49.0,HEALTHY,replay,0.6,0.0
2025-02-16T20:00:00+00:00,AWS-BHO-101,22.9,956.4,42.0,False,,low,0.3,NORMAL,21.6,962.0,53.0,HEALTHY,replay,0.4,0.0
2025-02-16T21:00:00+00:00,AWS-BHO-101,21.9,956.6,49.0,False,,low,0.2,NORMAL,20.3,962.5,56.0,HEALTHY,replay,0.3,0.0
2025-02-16T22:00:00+00:00,AWS-BHO-101,21.6,956.5,50.0,False,,low,0.2,NORMAL,19.6,962.2,62.0,HEALTHY,replay,0.3,0.0
2025-02-16T23:00:00+00:00,AWS-BHO-101,20.9,956.4,50.0,False,,low,0.2,NORMAL,18.8,962.2,69.0,HEALTHY,replay,0.3,0.0
2025-02-17T00:00:00+00:00,AWS-BHO-101,20.2,956.1,51.0,False,,low,0.2,NORMAL,18.5,961.6,71.0,HEALTHY,replay,0.3,0.0
2025-02-17T01:00:00+00:00,AWS-BHO-101,19.5,956.1,53.0,False,,low,0.2,NORMAL,18.3,961.4,71.0,HEALTHY,replay,0.4,0.0
2025-02-17T02:00:00+00:00,AWS-BHO-101,19.2,955.9,50.0,False,,low,0.3,NORMAL,17.6,961.1,74.0,HEALTHY,replay,0.5,0.0
2025-02-17T03:00:00+00:00,AWS-BHO-101,19.3,955.6,48.0,False,,low,0.3,NORMAL,16.5,960.9,76.0,HEALTHY,replay,0.4,0.0
2025-02-17T04:00:00+00:00,AWS-BHO-101,18.9,955.5,50.0,False,,low,0.2,NORMAL,16.0,961.0,76.0,HEALTHY,replay,0.3,0.0
2025-02-17T05:00:00+00:00,AWS-BHO-101,18.1,955.4,54.0,False,,low,0.2,NORMAL,15.7,961.0,75.0,HEALTHY,replay,0.4,0.0
2025-02-17T06:00:00+00:00,AWS-BHO-101,16.6,956.4,65.0,False,,low,0.8,NORMAL,15.7,962.1,80.0,HEALTHY,replay,1.3,0.0
2025-02-17T07:00:00+00:00,AWS-BHO-101,17.2,957.2,69.0,False,,low,0.8,NORMAL,15.9,963.1,82.0,HEALTHY,replay,1.3,0.0
2025-02-17T08:00:00+00:00,AWS-BHO-101,20.1,958.5,58.0,False,,low,2.0,NORMAL,18.9,964.5,73.0,HEALTHY,replay,3.3,0.0
2025-02-17T09:00:00+00:00,AWS-BHO-101,23.0,959.5,51.0,False,,low,2.2,NORMAL,22.1,965.6,62.0,HEALTHY,replay,3.6,0.0
2025-02-17T10:00:00+00:00,AWS-BHO-101,25.8,959.8,45.0,False,,low,1.7,NORMAL,25.2,965.8,49.0,HEALTHY,replay,2.8,0.0
2025-02-17T11:00:00+00:00,AWS-BHO-101,27.8,959.5,38.0,False,,low,1.5,NORMAL,27.5,965.4,42.0,HEALTHY,replay,2.4,0.0
2025-02-17T12:00:00+00:00,AWS-BHO-101,29.1,958.9,33.0,False,,low,0.9,NORMAL,28.9,964.8,38.0,HEALTHY,replay,1.5,0.0
2025-02-17T13:00:00+00:00,AWS-BHO-101,29.8,958.0,30.0,False,,low,0.7,NORMAL,29.6,964.0,36.0,HEALTHY,replay,1.1,0.0
2025-02-17T14:00:00+00:00,AWS-BHO-101,30.1,957.2,30.0,False,,low,0.5,NORMAL,29.9,963.2,34.0,HEALTHY,replay,0.8,0.0
2025-02-17T15:00:00+00:00,AWS-BHO-101,30.3,956.5,29.0,False,,low,0.4,NORMAL,29.9,962.6,33.0,HEALTHY,replay,0.7,0.0
2025-02-17T16:00:00+00:00,AWS-BHO-101,30.3,956.2,29.0,False,,low,0.6,NORMAL,29.5,962.4,32.0,HEALTHY,replay,1.0,0.0
2025-02-17T17:00:00+00:00,AWS-BHO-101,29.1,956.3,40.0,False,,low,0.9,NORMAL,27.9,962.2,38.0,HEALTHY,replay,1.5,0.0
2025-02-17T18:00:00+00:00,AWS-BHO-101,25.5,956.2,43.0,False,,low,0.6,NORMAL,25.7,962.1,44.0,HEALTHY,replay,1.0,0.0
2025-02-17T19:00:00+00:00,AWS-BHO-101,24.4,956.8,47.0,False,,low,0.3,NORMAL,23.9,962.4,50.0,HEALTHY,replay,0.5,0.0
2025-02-17T20:00:00+00:00,AWS-BHO-101,22.6,957.6,47.0,False,,low,0.4,NORMAL,22.8,963.2,54.0,HEALTHY,replay,0.6,0.0
2025-02-17T21:00:00+00:00,AWS-BHO-101,22.2,957.9,51.0,False,,low,0.2,NORMAL,21.2,963.3,60.0,HEALTHY,replay,0.3,0.0
2025-02-17T22:00:00+00:00,AWS-BHO-101,21.3,957.9,55.0,False,,low,0.2,NORMAL,19.9,963.6,64.0,HEALTHY,replay,0.3,0.0
2025-02-17T23:00:00+00:00,AWS-BHO-101,20.6,957.7,58.0,False,,low,0.2,NORMAL,19.6,963.7,65.0,HEALTHY,replay,0.3,0.0
2025-02-18T00:00:00+00:00,AWS-BHO-101,19.3,956.6,64.0,False,,low,0.3,NORMAL,19.2,962.9,63.0,HEALTHY,replay,0.5,0.0
2025-02-18T01:00:00+00:00,AWS-BHO-101,19.7,956.0,60.0,False,,low,0.1,NORMAL,18.6,962.4,64.0,HEALTHY,replay,0.2,0.0
2025-02-18T02:00:00+00:00,AWS-BHO-101,18.4,955.4,64.0,False,,low,0.3,NORMAL,17.5,961.8,67.0,HEALTHY,replay,0.4,0.0
2025-02-18T03:00:00+00:00,AWS-BHO-101,18.2,955.4,68.0,False,,low,0.2,NORMAL,17.0,961.6,69.0,HEALTHY,replay,0.4,0.0
2025-02-18T04:00:00+00:00,AWS-BHO-101,17.2,955.0,73.0,False,,low,0.4,NORMAL,16.9,961.3,70.0,HEALTHY,replay,0.7,0.0
2025-02-18T05:00:00+00:00,AWS-BHO-101,16.9,955.2,76.0,False,,low,0.4,NORMAL,16.8,961.4,70.0,HEALTHY,replay,0.7,0.0
2025-02-18T06:00:00+00:00,AWS-BHO-101,16.6,956.5,80.0,False,,low,0.3,NORMAL,16.5,962.8,73.0,HEALTHY,replay,0.5,0.0
2025-02-18T07:00:00+00:00,AWS-BHO-101,17.4,957.1,78.0,False,,low,0.3,NORMAL,17.4,963.4,71.0,HEALTHY,replay,0.6,0.0
2025-02-18T08:00:00+00:00,AWS-BHO-101,21.1,958.2,64.0,False,,low,1.2,NORMAL,20.3,964.4,61.0,HEALTHY,replay,2.0,0.0
2025-02-18T09:00:00+00:00,AWS-BHO-101,24.9,959.2,51.0,False,,low,8.1,NORMAL,23.4,965.2,52.0,HEALTHY,replay,13.5,0.0
2025-02-18T10:00:00+00:00,AWS-BHO-101,27.2,959.8,41.0,False,,low,15.5,NORMAL,26.4,965.9,44.0,HEALTHY,replay,25.8,0.0
2025-02-18T11:00:00+00:00,AWS-BHO-101,28.7,959.6,35.0,False,,low,2.0,NORMAL,28.4,965.6,37.0,HEALTHY,replay,3.4,0.0
2025-02-18T12:00:00+00:00,AWS-BHO-101,29.7,958.6,33.0,False,,low,1.0,NORMAL,29.6,964.6,34.0,HEALTHY,replay,1.6,0.0
2025-02-18T13:00:00+00:00,AWS-BHO-101,30.4,957.6,31.0,False,,low,0.8,NORMAL,30.1,963.6,32.0,HEALTHY,replay,1.4,0.0
2025-02-18T14:00:00+00:00,AWS-BHO-101,30.7,956.6,29.0,False,,low,0.7,NORMAL,30.0,962.6,32.0,HEALTHY,replay,1.1,0.0
2025-02-18T15:00:00+00:00,AWS-BHO-101,30.4,955.8,29.0,False,,low,0.4,NORMAL,29.8,961.9,32.0,HEALTHY,replay,0.7,0.0
2025-02-18T16:00:00+00:00,AWS-BHO-101,29.8,955.5,30.0,False,,low,0.5,NORMAL,29.0,961.6,34.0,HEALTHY,replay,0.9,0.0
2025-02-18T17:00:00+00:00,AWS-BHO-101,28.0,955.5,46.0,False,,low,1.6,NORMAL,28.1,961.7,50.0,HEALTHY,replay,2.7,0.0
2025-02-18T18:00:00+00:00,AWS-BHO-101,25.4,955.6,43.0,False,,low,1.1,NORMAL,25.1,961.8,47.0,HEALTHY,replay,1.9,0.0
2025-02-18T19:00:00+00:00,AWS-BHO-101,25.5,956.1,38.0,False,,low,0.4,NORMAL,24.9,962.0,47.0,HEALTHY,replay,0.7,0.0
2025-02-18T20:00:00+00:00,AWS-BHO-101,23.7,956.8,46.0,False,,low,0.2,NORMAL,23.5,962.5,50.0,HEALTHY,replay,0.4,0.0
2025-02-18T21:00:00+00:00,AWS-BHO-101,21.7,957.0,49.0,False,,low,0.2,NORMAL,21.9,963.0,59.0,HEALTHY,replay,0.3,0.0
2025-02-18T22:00:00+00:00,AWS-BHO-101,22.4,957.1,48.0,False,,low,0.1,NORMAL,20.4,963.5,62.0,HEALTHY,replay,0.2,0.0
2025-02-18T23:00:00+00:00,AWS-BHO-101,21.0,956.5,55.0,False,,low,0.1,NORMAL,20.0,962.9,69.0,HEALTHY,replay,0.2,0.0
2025-02-19T00:00:00+00:00,AWS-BHO-101,20.4,956.5,59.0,False,,low,0.1,NORMAL,19.2,962.4,72.0,HEALTHY,replay,0.2,0.0
2025-02-19T01:00:00+00:00,AWS-BHO-101,20.0,956.0,62.0,False,,low,0.1,NORMAL,18.5,962.1,75.0,HEALTHY,replay,0.2,0.0
2025-02-19T02:00:00+00:00,AWS-BHO-101,19.2,955.1,68.0,False,,low,0.2,NORMAL,17.8,961.2,78.0,HEALTHY,replay,0.3,0.0
2025-02-19T03:00:00+00:00,AWS-BHO-101,18.6,954.9,71.0,False,,low,0.1,NORMAL,17.2,960.9,81.0,HEALTHY,replay,0.2,0.0
2025-02-19T04:00:00+00:00,AWS-BHO-101,18.2,954.6,74.0,False,,low,0.1,NORMAL,16.8,960.7,82.0,HEALTHY,replay,0.2,0.0
2025-02-19T05:00:00+00:00,AWS-BHO-101,17.6,955.0,77.0,False,,low,0.1,NORMAL,16.5,960.9,81.0,HEALTHY,replay,0.1,0.0
2025-02-19T06:00:00+00:00,AWS-BHO-101,17.1,956.0,83.0,False,,low,0.2,NORMAL,16.4,962.0,87.0,HEALTHY,replay,0.3,0.0
2025-02-19T07:00:00+00:00,AWS-BHO-101,17.7,956.8,81.0,False,,low,0.2,NORMAL,16.9,962.9,84.0,HEALTHY,replay,0.3,0.0
2025-02-19T08:00:00+00:00,AWS-BHO-101,19.9,958.0,72.0,False,,low,0.6,NORMAL,19.4,964.0,74.0,HEALTHY,replay,0.9,0.0
2025-02-19T09:00:00+00:00,AWS-BHO-101,22.7,958.9,60.0,False,,low,1.5,NORMAL,22.0,965.0,63.0,HEALTHY,replay,2.6,0.0
2025-02-19T10:00:00+00:00,AWS-BHO-101,25.3,959.0,50.0,False,,low,2.2,NORMAL,24.7,965.1,54.0,HEALTHY,replay,3.7,0.0
2025-02-19T11:00:00+00:00,AWS-BHO-101,27.3,958.5,42.0,False,,low,1.8,NORMAL,26.9,964.6,46.0,HEALTHY,replay,3.1,0.0
2025-02-19T12:00:00+00:00,AWS-BHO-101,28.5,957.5,38.0,False,,low,0.8,NORMAL,28.3,963.4,40.0,HEALTHY,replay,1.4,0.0
2025-02-19T13:00:00+00:00,AWS-BHO-101,28.9,956.2,35.0,False,,low,2.3,NORMAL,28.8,962.3,36.0,HEALTHY,replay,3.9,0.0
2025-02-19T14:00:00+00:00,AWS-BHO-101,29.3,955.0,33.0,False,,low,3.6,NORMAL,28.9,961.0,34.0,HEALTHY,replay,6.0,0.0
2025-02-19T15:00:00+00:00,AWS-BHO-101,29.4,954.4,32.0,False,,low,1.0,NORMAL,28.5,960.5,36.0,HEALTHY,replay,1.7,0.0
2025-02-19T16:00:00+00:00,AWS-BHO-101,29.4,953.8,31.0,False,,low,1.9,NORMAL,27.9,960.1,37.0,HEALTHY,replay,3.1,0.0
2025-02-19T17:00:00+00:00,AWS-BHO-101,27.9,953.9,34.0,False,,low,0.3,NORMAL,26.8,960.1,42.0,HEALTHY,replay,0.5,0.0
2025-02-19T18:00:00+00:00,AWS-BHO-101,25.5,954.0,43.0,False,,low,0.6,NORMAL,24.6,960.1,47.0,HEALTHY,replay,1.0,0.0
2025-02-19T19:00:00+00:00,AWS-BHO-101,24.2,954.6,42.0,False,,low,0.3,NORMAL,23.3,960.4,50.0,HEALTHY,replay,0.5,0.0
2025-02-19T20:00:00+00:00,AWS-BHO-101,24.0,955.8,45.0,False,,low,0.1,NORMAL,22.3,961.3,55.0,HEALTHY,replay,0.2,0.0
2025-02-19T21:00:00+00:00,AWS-BHO-101,22.9,956.0,53.0,False,,low,0.1,NORMAL,21.8,961.6,57.0,HEALTHY,replay,0.2,0.0
2025-02-19T22:00:00+00:00,AWS-BHO-101,22.0,956.1,53.0,False,,low,0.1,NORMAL,20.7,962.1,61.0,HEALTHY,replay,0.2,0.0
2025-02-19T23:00:00+00:00,AWS-BHO-101,20.8,955.6,57.0,False,,low,0.1,NORMAL,20.0,961.7,63.0,HEALTHY,replay,0.1,0.0
2025-02-20T00:00:00+00:00,AWS-BHO-101,19.7,955.2,63.0,False,,low,0.1,NORMAL,19.4,961.0,66.0,HEALTHY,replay,0.2,0.0
2025-02-20T01:00:00+00:00,AWS-BHO-101,18.7,954.8,68.0,False,,low,0.2,NORMAL,18.4,960.6,71.0,HEALTHY,replay,0.3,0.0
2025-02-20T02:00:00+00:00,AWS-BHO-101,18.0,954.4,71.0,False,,low,0.1,NORMAL,17.8,960.3,75.0,HEALTHY,replay,0.1,0.0
2025-02-20T03:00:00+00:00,AWS-BHO-101,17.3,954.1,73.0,False,,low,0.1,NORMAL,17.4,960.0,75.0,HEALTHY,replay,0.1,0.0
2025-02-20T04:00:00+00:00,AWS-BHO-101,16.8,954.0,74.0,False,,low,0.1,NORMAL,17.1,960.2,76.0,HEALTHY,replay,0.1,0.0
2025-02-20T05:00:00+00:00,AWS-BHO-101,16.3,954.1,78.0,False,,low,0.1,NORMAL,16.7,960.5,78.0,HEALTHY,replay,0.2,0.0
2025-02-20T06:00:00+00:00,AWS-BHO-101,15.8,955.4,85.0,False,,low,0.3,NORMAL,16.2,961.9,81.0,HEALTHY,replay,0.5,0.0
2025-02-20T07:00:00+00:00,AWS-BHO-101,16.5,956.3,82.0,False,,low,0.4,NORMAL,17.5,962.8,78.0,HEALTHY,replay,0.6,0.0
2025-02-20T08:00:00+00:00,AWS-BHO-101,20.5,957.9,68.0,False,,low,2.8,NORMAL,20.5,964.1,67.0,HEALTHY,replay,4.7,0.0
2025-02-20T09:00:00+00:00,AWS-BHO-101,24.3,959.3,53.0,False,,low,20.9,NORMAL,23.8,965.2,56.0,HEALTHY,replay,34.9,0.0
2025-02-20T10:00:00+00:00,AWS-BHO-101,26.6,959.7,41.0,False,,low,11.6,NORMAL,26.6,965.6,45.0,HEALTHY,replay,19.3,0.0
2025-02-20T11:00:00+00:00,AWS-BHO-101,28.4,959.7,32.0,False,,low,9.4,NORMAL,28.3,965.5,37.0,HEALTHY,replay,15.6,0.0
2025-02-20T12:00:00+00:00,AWS-BHO-101,29.6,958.7,26.0,False,,low,6.9,NORMAL,29.0,964.6,32.0,HEALTHY,replay,11.5,0.0
2025-02-20T13:00:00+00:00,AWS-BHO-101,30.3,957.7,24.0,False,,low,2.7,NORMAL,29.3,963.7,30.0,HEALTHY,replay,4.6,0.0
2025-02-20T14:00:00+00:00,AWS-BHO-101,30.6,956.8,23.0,False,,low,1.3,NORMAL,29.8,962.8,27.0,HEALTHY,replay,2.2,0.0
2025-02-20T15:00:00+00:00,AWS-BHO-101,30.4,956.2,22.0,False,,low,0.4,NORMAL,30.0,962.2,26.0,HEALTHY,replay,0.7,0.0
2025-02-20T16:00:00+00:00,AWS-BHO-101,29.8,955.9,22.0,False,,low,0.7,NORMAL,29.9,961.8,25.0,HEALTHY,replay,1.2,0.0
2025-02-20T17:00:00+00:00,AWS-BHO-101,28.4,955.9,22.0,False,,low,1.1,NORMAL,28.1,961.7,42.0,HEALTHY,replay,1.8,0.0
2025-02-20T18:00:00+00:00,AWS-BHO-101,25.7,956.5,20.0,False,,low,3.9,NORMAL,26.1,961.8,33.0,HEALTHY,replay,6.6,0.0
2025-02-20T19:00:00+00:00,AWS-BHO-101,23.4,956.7,22.0,False,,low,2.9,NORMAL,24.0,962.5,39.0,HEALTHY,replay,4.8,0.0
2025-02-20T20:00:00+00:00,AWS-BHO-101,22.4,957.4,28.0,False,,low,1.7,NORMAL,21.6,963.4,46.0,HEALTHY,replay,2.8,0.0
2025-02-20T21:00:00+00:00,AWS-BHO-101,20.8,957.5,33.0,False,,low,1.1,NORMAL,21.3,963.6,50.0,HEALTHY,replay,1.9,0.0
2025-02-20T22:00:00+00:00,AWS-BHO-101,20.6,958.0,31.0,False,,low,0.8,NORMAL,20.4,963.8,55.0,HEALTHY,replay,1.3,0.0
2025-02-20T23:00:00+00:00,AWS-BHO-101,19.7,957.6,38.0,False,,low,0.9,NORMAL,18.9,963.5,55.0,HEALTHY,replay,1.4,0.0
2025-02-21T00:00:00+00:00,AWS-BHO-101,18.6,957.5,41.0,False,,low,0.4,NORMAL,18.3,963.0,53.0,HEALTHY,replay,0.6,0.0
2025-02-21T01:00:00+00:00,AWS-BHO-101,18.0,956.7,40.0,False,,low,0.5,NORMAL,18.2,962.3,56.0,HEALTHY,replay,0.8,0.0
2025-02-21T02:00:00+00:00,AWS-BHO-101,17.9,956.4,39.0,False,,low,0.4,NORMAL,17.5,961.9,56.0,HEALTHY,replay,0.7,0.0
2025-02-21T03:00:00+00:00,AWS-BHO-101,17.2,956.1,43.0,False,,low,0.4,NORMAL,16.4,961.8,48.0,HEALTHY,replay,0.6,0.0
2025-02-21T04:00:00+00:00,AWS-BHO-101,16.8,956.4,45.0,False,,low,0.3,NORMAL,15.8,962.1,45.0,HEALTHY,replay,0.5,0.0
2025-02-21T05:00:00+00:00,AWS-BHO-101,16.4,956.7,48.0,False,,low,0.3,NORMAL,15.1,962.6,49.0,HEALTHY,replay,0.5,0.0
2025-02-21T06:00:00+00:00,AWS-BHO-101,15.3,957.7,56.0,False,,low,1.2,NORMAL,14.9,963.6,54.0,HEALTHY,replay,1.9,0.0
2025-02-21T07:00:00+00:00,AWS-BHO-101,16.3,958.7,57.0,False,,low,1.2,NORMAL,15.8,964.6,55.0,HEALTHY,replay,2.0,0.0
2025-02-21T08:00:00+00:00,AWS-BHO-101,19.8,960.2,51.0,False,,low,10.3,NORMAL,19.5,966.1,51.0,HEALTHY,replay,17.1,0.0
2025-02-21T09:00:00+00:00,AWS-BHO-101,23.0,961.4,44.0,False,,low,11.6,NORMAL,23.1,967.1,44.0,HEALTHY,replay,19.3,0.0
2025-02-21T10:00:00+00:00,AWS-BHO-101,25.4,961.5,38.0,False,,low,2.2,NORMAL,26.0,967.3,38.0,HEALTHY,replay,3.7,0.0
2025-02-21T11:00:00+00:00,AWS-BHO-101,27.5,961.3,33.0,False,,low,2.7,NORMAL,28.0,967.1,34.0,HEALTHY,replay,4.5,0.0
2025-02-21T12:00:00+00:00,AWS-BHO-101,28.9,960.4,26.0,False,,low,3.0,NORMAL,29.3,966.2,24.0,HEALTHY,replay,4.9,0.0
2025-02-21T13:00:00+00:00,AWS-BHO-101,29.4,959.7,25.0,False,,low,1.1,NORMAL,29.8,965.3,22.0,HEALTHY,replay,1.8,0.0
2025-02-21T14:00:00+00:00,AWS-BHO-101,29.6,958.6,24.0,False,,low,1.5,NORMAL,29.8,964.4,28.0,HEALTHY,replay,2.5,0.0
2025-02-21T15:00:00+00:00,AWS-BHO-101,29.6,957.7,24.0,False,,low,1.2,NORMAL,29.6,963.6,30.0,HEALTHY,replay,2.0,0.0
2025-02-21T16:00:00+00:00,AWS-BHO-101,29.2,957.4,24.0,False,,low,1.2,NORMAL,29.5,963.3,35.0,HEALTHY,replay,2.0,0.0
2025-02-21T17:00:00+00:00,AWS-BHO-101,27.6,957.3,28.0,False,,low,0.7,NORMAL,28.1,963.0,38.73,HEALTHY,replay,1.1,0.0
2025-02-21T18:00:00+00:00,AWS-BHO-101,25.2,957.6,31.0,False,,low,1.1,NORMAL,24.4,963.2,39.0,HEALTHY,replay,1.8,0.0
2025-02-21T19:00:00+00:00,AWS-BHO-101,24.4,958.2,32.0,False,,low,0.5,NORMAL,23.0,963.7,37.0,HEALTHY,replay,0.9,0.0
2025-02-21T20:00:00+00:00,AWS-BHO-101,24.2,959.4,33.0,False,,low,0.5,NORMAL,22.4,964.6,38.0,HEALTHY,replay,0.8,0.0
2025-02-21T21:00:00+00:00,AWS-BHO-101,22.6,959.7,36.0,False,,low,0.5,NORMAL,21.4,964.8,42.0,HEALTHY,replay,0.9,0.0
2025-02-21T22:00:00+00:00,AWS-BHO-101,21.6,960.0,39.0,False,,low,0.4,NORMAL,20.3,965.5,46.0,HEALTHY,replay,0.7,0.0
2025-02-21T23:00:00+00:00,AWS-BHO-101,20.6,959.3,42.0,False,,low,0.2,NORMAL,20.0,965.4,47.0,HEALTHY,replay,0.4,0.0
2025-02-22T00:00:00+00:00,AWS-BHO-101,19.4,958.6,46.0,False,,low,0.2,NORMAL,19.3,964.6,48.0,HEALTHY,replay,0.4,0.0
2025-02-22T01:00:00+00:00,AWS-BHO-101,18.7,958.4,48.0,False,,low,0.1,NORMAL,18.2,964.1,53.0,HEALTHY,replay,0.2,0.0
2025-02-22T02:00:00+00:00,AWS-BHO-101,17.5,958.0,53.0,False,,low,0.2,NORMAL,17.5,963.6,56.0,HEALTHY,replay,0.3,0.0
2025-02-22T03:00:00+00:00,AWS-BHO-101,17.0,957.7,54.0,False,,low,0.2,NORMAL,16.6,963.4,59.0,HEALTHY,replay,0.3,0.0
2025-02-22T04:00:00+00:00,AWS-BHO-101,16.5,957.6,56.0,False,,low,0.1,NORMAL,16.3,963.3,60.0,HEALTHY,replay,0.2,0.0
2025-02-22T05:00:00+00:00,AWS-BHO-101,15.9,957.7,58.0,False,,low,0.2,NORMAL,15.9,963.7,63.0,HEALTHY,replay,0.3,0.0
2025-02-22T06:00:00+00:00,AWS-BHO-101,15.2,958.2,67.0,False,,low,0.5,NORMAL,15.5,964.3,67.0,HEALTHY,replay,0.9,0.0
2025-02-22T07:00:00+00:00,AWS-BHO-101,16.2,959.3,63.0,False,,low,0.2,NORMAL,16.5,965.4,65.0,HEALTHY,replay,0.4,0.0
2025-02-22T08:00:00+00:00,AWS-BHO-101,19.4,961.0,55.0,False,,low,1.9,NORMAL,19.1,966.9,57.0,HEALTHY,replay,3.2,0.0
2025-02-22T09:00:00+00:00,AWS-BHO-101,22.6,962.3,44.0,False,,low,5.1,NORMAL,21.7,968.2,53.0,HEALTHY,replay,8.5,0.0
2025-02-22T10:00:00+00:00,AWS-BHO-101,25.1,962.6,34.0,False,,low,7.2,NORMAL,24.1,968.5,47.0,HEALTHY,replay,12.0,0.0
2025-02-22T11:00:00+00:00,AWS-BHO-101,26.8,962.4,29.0,False,,low,2.8,NORMAL,26.1,968.2,36.0,HEALTHY,replay,4.6,0.0
2025-02-22T12:00:00+00:00,AWS-BHO-101,28.0,961.6,25.0,False,,low,1.8,NORMAL,27.2,967.5,31.0,HEALTHY,replay,3.0,0.0
2025-02-22T13:00:00+00:00,AWS-BHO-101,28.7,960.8,24.0,False,,low,1.0,NORMAL,28.0,966.6,29.0,HEALTHY,replay,1.6,0.0
2025-02-22T14:00:00+00:00,AWS-BHO-101,29.0,960.0,24.0,False,,low,0.8,NORMAL,28.3,965.8,28.0,HEALTHY,replay,1.3,0.0
2025-02-22T15:00:00+00:00,AWS-BHO-101,29.0,959.0,24.0,False,,low,0.9,NORMAL,28.3,965.1,28.0,HEALTHY,replay,1.6,0.0
2025-02-22T16:00:00+00:00,AWS-BHO-101,28.8,959.0,25.0,False,,low,0.6,NORMAL,28.0,965.1,28.0,HEALTHY,replay,1.0,0.0
2025-02-22T17:00:00+00:00,AWS-BHO-101,26.9,958.8,34.0,False,,low,0.8,NORMAL,26.5,964.8,41.0,HEALTHY,replay,1.4,0.0
2025-02-22T18:00:00+00:00,AWS-BHO-101,23.8,959.0,39.0,False,,low,0.9,NORMAL,24.2,965.1,40.0,HEALTHY,replay,1.5,0.0
2025-02-22T19:00:00+00:00,AWS-BHO-101,22.0,959.3,41.0,False,,low,0.6,NORMAL,22.9,965.4,44.0,HEALTHY,replay,1.0,0.0
2025-02-22T20:00:00+00:00,AWS-BHO-101,20.9,959.8,43.0,False,,low,0.4,NORMAL,21.7,965.9,48.0,HEALTHY,replay,0.7,0.0
2025-02-22T21:00:00+00:00,AWS-BHO-101,20.2,960.2,45.0,False,,low,0.2,NORMAL,20.5,966.2,51.0,HEALTHY,replay,0.3,0.0
2025-02-22T22:00:00+00:00,AWS-BHO-101,18.8,960.3,49.0,False,,low,0.2,NORMAL,19.3,966.1,54.0,HEALTHY,replay,0.3,0.0
2025-02-22T23:00:00+00:00,AWS-BHO-101,18.1,959.8,51.0,False,,low,0.2,NORMAL,18.3,965.7,56.0,HEALTHY,replay,0.3,0.0
2025-02-23T00:00:00+00:00,AWS-BHO-101,18.5,959.1,50.0,False,,low,0.2,NORMAL,17.5,965.1,58.0,HEALTHY,replay,0.3,0.0
2025-02-23T01:00:00+00:00,AWS-BHO-101,17.4,958.6,55.0,False,,low,0.1,NORMAL,16.9,964.9,60.0,HEALTHY,replay,0.2,0.0
2025-02-23T02:00:00+00:00,AWS-BHO-101,16.7,958.3,60.0,False,,low,0.1,NORMAL,16.6,964.3,64.0,HEALTHY,replay,0.2,0.0
2025-02-23T03:00:00+00:00,AWS-BHO-101,16.5,957.7,63.0,False,,low,0.2,NORMAL,15.7,963.9,66.0,HEALTHY,replay,0.3,0.0
2025-02-23T04:00:00+00:00,AWS-BHO-101,16.1,957.7,63.0,False,,low,0.1,NORMAL,14.9,964.0,67.0,HEALTHY,replay,0.2,0.0
2025-02-23T05:00:00+00:00,AWS-BHO-101,15.1,957.9,67.0,False,,low,0.2,NORMAL,14.8,964.6,68.0,HEALTHY,replay,0.3,0.0
2025-02-23T06:00:00+00:00,AWS-BHO-101,14.7,958.8,71.0,False,,low,0.2,NORMAL,14.8,965.4,71.0,HEALTHY,replay,0.3,0.0
2025-02-23T07:00:00+00:00,AWS-BHO-101,15.8,960.0,68.0,False,,low,0.3,NORMAL,15.3,966.5,73.0,HEALTHY,replay,0.5,0.0
2025-02-23T08:00:00+00:00,AWS-BHO-101,19.5,961.7,57.0,False,,low,2.9,NORMAL,18.8,968.1,64.0,HEALTHY,replay,4.8,0.0
2025-02-23T09:00:00+00:00,AWS-BHO-101,23.1,962.8,46.0,False,,low,9.1,NORMAL,22.1,969.1,50.0,HEALTHY,replay,15.2,0.0
2025-02-23T10:00:00+00:00,AWS-BHO-101,26.0,963.3,36.0,False,,low,10.9,NORMAL,24.9,969.5,40.0,HEALTHY,replay,18.2,0.0
2025-02-23T11:00:00+00:00,AWS-BHO-101,27.6,962.8,31.0,False,,low,2.8,NORMAL,26.9,968.8,36.0,HEALTHY,replay,4.6,0.0
2025-02-23T12:00:00+00:00,AWS-BHO-101,28.6,961.7,27.0,False,,low,1.7,NORMAL,28.2,967.8,34.0,HEALTHY,replay,2.8,0.0
2025-02-23T13:00:00+00:00,AWS-BHO-101,29.2,960.8,25.0,False,,low,1.0,NORMAL,28.9,966.9,26.0,HEALTHY,replay,1.7,0.0
2025-02-23T14:00:00+00:00,AWS-BHO-101,29.5,959.6,23.0,False,,low,1.5,NORMAL,29.1,965.7,26.0,HEALTHY,replay,2.6,0.0
2025-02-23T15:00:00+00:00,AWS-BHO-101,29.4,958.6,23.0,False,,low,1.6,NORMAL,28.9,964.9,25.0,HEALTHY,replay,2.7,0.0
2025-02-23T16:00:00+00:00,AWS-BHO-101,29.2,958.4,23.0,False,,low,1.0,NORMAL,28.2,964.6,26.0,HEALTHY,replay,1.7,0.0
2025-02-23T17:00:00+00:00,AWS-BHO-101,27.4,958.4,29.0,False,,low,0.4,NORMAL,26.9,964.5,35.0,HEALTHY,replay,0.7,0.0
2025-02-23T18:00:00+00:00,AWS-BHO-101,24.1,958.1,33.0,False,,low,0.8,NORMAL,23.7,964.1,39.0,HEALTHY,replay,1.3,0.0
2025-02-23T19:00:00+00:00,AWS-BHO-101,24.1,958.5,33.0,False,,low,0.3,NORMAL,22.8,964.9,40.0,HEALTHY,replay,0.6,0.0
2025-02-23T20:00:00+00:00,AWS-BHO-101,22.1,959.4,34.0,False,,low,0.4,NORMAL,21.7,965.7,44.0,HEALTHY,replay,0.7,0.0
2025-02-23T21:00:00+00:00,AWS-BHO-101,20.1,959.8,44.0,False,,low,0.5,NORMAL,19.7,966.0,47.0,HEALTHY,replay,0.8,0.0
2025-02-23T22:00:00+00:00,AWS-BHO-101,19.2,959.8,53.0,False,,low,0.6,NORMAL,19.4,965.8,49.0,HEALTHY,replay,1.1,0.0
2025-02-23T23:00:00+00:00,AWS-BHO-101,18.7,959.4,55.0,False,,low,0.1,NORMAL,18.2,965.4,52.0,HEALTHY,replay,0.2,0.0
2025-02-24T00:00:00+00:00,AWS-BHO-101,18.7,958.9,53.0,False,,low,0.1,NORMAL,17.6,965.3,52.0,HEALTHY,replay,0.2,0.0
2025-02-24T01:00:00+00:00,AWS-BHO-101,18.9,958.7,50.0,False,,low,0.1,NORMAL,17.0,964.8,55.0,HEALTHY,replay,0.2,0.0
2025-02-24T02:00:00+00:00,AWS-BHO-101,18.4,958.6,49.0,False,,low,0.1,NORMAL,16.5,964.7,60.0,HEALTHY,replay,0.2,0.0
2025-02-24T03:00:00+00:00,AWS-BHO-101,17.8,958.4,50.0,False,,low,0.1,NORMAL,15.9,964.5,63.0,HEALTHY,replay,0.2,0.0
2025-02-24T04:00:00+00:00,AWS-BHO-101,17.5,958.2,51.0,False,,low,0.1,NORMAL,15.2,964.3,65.0,HEALTHY,replay,0.2,0.0
2025-02-24T05:00:00+00:00,AWS-BHO-101,17.2,958.8,53.0,False,,low,0.3,NORMAL,14.7,965.1,66.0,HEALTHY,replay,0.5,0.0
2025-02-24T06:00:00+00:00,AWS-BHO-101,16.7,960.2,59.0,False,,low,0.3,NORMAL,14.6,966.2,74.0,HEALTHY,replay,0.5,0.0
2025-02-24T07:00:00+00:00,AWS-BHO-101,17.0,961.3,60.0,False,,low,0.6,NORMAL,15.6,967.4,71.0,HEALTHY,replay,0.9,0.0
2025-02-24T08:00:00+00:00,AWS-BHO-101,19.6,962.6,55.0,False,,low,2.5,NORMAL,19.3,969.0,61.0,HEALTHY,replay,4.2,0.0
2025-02-24T09:00:00+00:00,AWS-BHO-101,22.9,963.5,47.0,False,,low,3.0,NORMAL,22.2,969.8,50.0,HEALTHY,replay,5.1,0.0
2025-02-24T10:00:00+00:00,AWS-BHO-101,25.9,963.9,37.0,False,,low,4.7,NORMAL,25.1,969.9,42.0,HEALTHY,replay,7.8,0.0
2025-02-24T11:00:00+00:00,AWS-BHO-101,27.9,963.5,30.0,False,,low,3.1,NORMAL,27.4,969.5,34.0,HEALTHY,replay,5.2,0.0
2025-02-24T12:00:00+00:00,AWS-BHO-101,28.9,962.5,26.0,False,,low,0.9,NORMAL,28.9,968.4,33.0,HEALTHY,replay,1.4,0.0
2025-02-24T13:00:00+00:00,AWS-BHO-101,29.3,961.2,25.0,False,,low,0.7,NORMAL,29.5,967.2,30.0,HEALTHY,replay,1.1,0.0
2025-02-24T14:00:00+00:00,AWS-BHO-101,29.4,959.9,25.0,False,,low,1.3,NORMAL,29.5,965.8,29.0,HEALTHY,replay,2.2,0.0
2025-02-24T15:00:00+00:00,AWS-BHO-101,29.4,959.2,24.0,False,,low,0.9,NORMAL,29.2,965.2,29.0,HEALTHY,replay,1.6,0.0
2025-02-24T16:00:00+00:00,AWS-BHO-101,29.1,959.0,25.0,False,,low,0.6,NORMAL,28.6,965.0,25.0,HEALTHY,replay,1.1,0.0
2025-02-24T17:00:00+00:00,AWS-BHO-101,27.5,959.0,42.0,False,,low,3.0,NORMAL,27.2,965.0,39.0,HEALTHY,replay,4.9,0.0
2025-02-24T18:00:00+00:00,AWS-BHO-101,24.4,959.3,37.0,False,,low,1.2,NORMAL,23.9,965.3,37.0,HEALTHY,replay,2.0,0.0
2025-02-24T19:00:00+00:00,AWS-BHO-101,23.2,960.3,36.0,False,,low,0.4,NORMAL,22.5,965.9,35.0,HEALTHY,replay,0.6,0.0
2025-02-24T20:00:00+00:00,AWS-BHO-101,22.1,961.0,38.0,False,,low,0.3,NORMAL,20.2,966.7,37.0,HEALTHY,replay,0.4,0.0
2025-02-24T21:00:00+00:00,AWS-BHO-101,21.5,961.5,39.0,False,,low,0.2,NORMAL,19.0,967.1,38.0,HEALTHY,replay,0.3,0.0
2025-02-24T22:00:00+00:00,AWS-BHO-101,21.0,961.5,40.0,False,,low,0.1,NORMAL,18.7,967.5,43.0,HEALTHY,replay,0.2,0.0
2025-02-24T23:00:00+00:00,AWS-BHO-101,20.3,961.3,42.0,False,,low,0.2,NORMAL,18.3,967.4,48.0,HEALTHY,replay,0.3,0.0
2025-02-25T00:00:00+00:00,AWS-BHO-101,19.5,960.8,44.0,False,,low,0.1,NORMAL,17.8,966.6,51.0,HEALTHY,replay,0.2,0.0
2025-02-25T01:00:00+00:00,AWS-BHO-101,18.5,960.1,46.0,False,,low,0.1,NORMAL,17.4,966.2,50.0,HEALTHY,replay,0.2,0.0
2025-02-25T02:00:00+00:00,AWS-BHO-101,17.4,959.6,48.0,False,,low,0.1,NORMAL,16.0,965.7,57.0,HEALTHY,replay,0.2,0.0
2025-02-25T03:00:00+00:00,AWS-BHO-101,16.8,959.3,51.0,False,,low,0.1,NORMAL,15.9,965.4,58.0,HEALTHY,replay,0.1,0.0
2025-02-25T04:00:00+00:00,AWS-BHO-101,16.6,959.1,53.0,False,,low,0.1,NORMAL,15.6,965.3,59.0,HEALTHY,replay,0.1,0.0
2025-02-25T05:00:00+00:00,AWS-BHO-101,16.3,959.3,54.0,False,,low,0.1,NORMAL,14.8,965.4,62.0,HEALTHY,replay,0.2,0.0
2025-02-25T06:00:00+00:00,AWS-BHO-101,16.3,960.5,58.0,False,,low,0.1,NORMAL,14.5,966.6,69.0,HEALTHY,replay,0.2,0.0
2025-02-25T07:00:00+00:00,AWS-BHO-101,17.0,961.2,58.0,False,,low,0.1,NORMAL,15.6,967.3,65.0,HEALTHY,replay,0.2,0.0
2025-02-25T08:00:00+00:00,AWS-BHO-101,20.0,962.8,51.0,False,,low,1.4,NORMAL,19.1,969.0,54.0,HEALTHY,replay,2.4,0.0
2025-02-25T09:00:00+00:00,AWS-BHO-101,23.4,964.0,41.0,False,,low,6.3,NORMAL,22.3,970.1,44.0,HEALTHY,replay,10.6,0.0
2025-02-25T10:00:00+00:00,AWS-BHO-101,25.9,964.6,32.0,False,,low,5.5,NORMAL,25.0,970.7,35.0,HEALTHY,replay,9.1,0.0
2025-02-25T11:00:00+00:00,AWS-BHO-101,27.7,964.4,28.0,False,,low,1.6,NORMAL,27.0,970.4,29.0,HEALTHY,replay,2.6,0.0
2025-02-25T12:00:00+00:00,AWS-BHO-101,28.8,963.5,26.0,False,,low,0.6,NORMAL,28.3,969.5,26.0,HEALTHY,replay,1.0,0.0
2025-02-25T13:00:00+00:00,AWS-BHO-101,29.5,962.1,24.0,False,,low,0.9,NORMAL,29.1,968.3,24.0,HEALTHY,replay,1.5,0.0
2025-02-25T14:00:00+00:00,AWS-BHO-101,29.8,961.3,23.0,False,,low,1.0,NORMAL,29.5,967.3,23.0,HEALTHY,replay,1.6,0.0
2025-02-25T15:00:00+00:00,AWS-BHO-101,29.9,960.7,21.0,False,,low,0.6,NORMAL,29.5,966.7,23.03,HEALTHY,replay,1.0,0.0
2025-02-25T16:00:00+00:00,AWS-BHO-101,29.6,960.6,21.0,False,,low,0.6,NORMAL,29.2,966.5,22.99,HEALTHY,replay,1.0,0.0
2025-02-25T17:00:00+00:00,AWS-BHO-101,28.4,960.5,39.0,False,,low,3.9,NORMAL,27.6,966.4,26.0,HEALTHY,replay,6.5,0.0
2025-02-25T18:00:00+00:00,AWS-BHO-101,25.1,961.1,33.0,False,,low,2.7,NORMAL,24.7,966.9,32.0,HEALTHY,replay,4.5,0.0
2025-02-25T19:00:00+00:00,AWS-BHO-101,23.4,961.9,31.0,False,,low,0.9,NORMAL,22.8,967.6,36.0,HEALTHY,replay,1.5,0.0
2025-02-25T20:00:00+00:00,AWS-BHO-101,22.1,962.4,32.0,False,,low,0.5,NORMAL,21.9,968.3,38.0,HEALTHY,replay,0.8,0.0
2025-02-25T21:00:00+00:00,AWS-BHO-101,21.7,962.8,32.0,False,,low,0.4,NORMAL,20.7,968.7,41.0,HEALTHY,replay,0.6,0.0
2025-02-25T22:00:00+00:00,AWS-BHO-101,21.0,962.8,35.0,False,,low,0.3,NORMAL,20.0,968.9,43.0,HEALTHY,replay,0.5,0.0
2025-02-25T23:00:00+00:00,AWS-BHO-101,20.5,962.4,37.0,False,,low,0.2,NORMAL,19.1,968.2,48.0,HEALTHY,replay,0.3,0.0
2025-02-26T00:00:00+00:00,AWS-BHO-101,20.4,962.1,37.0,False,,low,0.2,NORMAL,18.3,967.8,52.0,HEALTHY,replay,0.4,0.0
2025-02-26T01:00:00+00:00,AWS-BHO-101,19.7,961.2,41.0,False,,low,0.2,NORMAL,17.9,967.0,54.0,HEALTHY,replay,0.3,0.0
2025-02-26T02:00:00+00:00,AWS-BHO-101,18.8,960.7,45.0,False,,low,0.1,NORMAL,17.3,966.5,57.0,HEALTHY,replay,0.2,0.0
2025-02-26T03:00:00+00:00,AWS-BHO-101,18.2,960.0,48.0,False,,low,0.2,NORMAL,16.7,966.1,57.0,HEALTHY,replay,0.3,0.0
2025-02-26T04:00:00+00:00,AWS-BHO-101,17.8,959.6,50.0,False,,low,0.1,NORMAL,15.9,966.0,60.0,HEALTHY,replay,0.2,0.0
2025-02-26T05:00:00+00:00,AWS-BHO-101,17.4,959.9,52.0,False,,low,0.1,NORMAL,15.8,966.2,65.0,HEALTHY,replay,0.2,0.0
2025-02-26T06:00:00+00:00,AWS-BHO-101,17.5,961.1,55.0,False,,low,0.1,NORMAL,15.4,967.3,70.0,HEALTHY,replay,0.2,0.0
2025-02-26T07:00:00+00:00,AWS-BHO-101,17.9,962.3,56.0,False,,low,0.4,NORMAL,16.9,968.5,64.0,HEALTHY,replay,0.7,0.0
2025-02-26T08:00:00+00:00,AWS-BHO-101,20.5,963.8,53.0,False,,low,2.1,NORMAL,19.5,970.1,58.0,HEALTHY,replay,3.6,0.0
2025-02-26T09:00:00+00:00,AWS-BHO-101,23.9,964.8,44.0,False,,low,4.7,NORMAL,22.6,971.0,49.0,HEALTHY,replay,7.8,0.0
2025-02-26T10:00:00+00:00,AWS-BHO-101,26.6,965.3,34.0,False,,low,5.5,NORMAL,25.6,971.5,40.0,HEALTHY,replay,9.2,0.0
2025-02-26T11:00:00+00:00,AWS-BHO-101,28.6,964.9,29.0,False,,low,2.7,NORMAL,27.8,970.8,32.0,HEALTHY,replay,4.4,0.0
2025-02-26T12:00:00+00:00,AWS-BHO-101,29.9,963.7,26.0,False,,low,0.7,NORMAL,29.2,969.6,28.0,HEALTHY,replay,1.2,0.0
2025-02-26T13:00:00+00:00,AWS-BHO-101,30.6,962.4,25.0,False,,low,0.8,NORMAL,30.1,968.3,25.0,HEALTHY,replay,1.3,0.0
2025-02-26T14:00:00+00:00,AWS-BHO-101,30.9,961.4,24.0,False,,low,1.0,NORMAL,30.5,967.3,25.0,HEALTHY,replay,1.7,0.0
2025-02-26T15:00:00+00:00,AWS-BHO-101,30.9,960.4,24.0,False,,low,1.1,NORMAL,30.5,966.4,24.0,HEALTHY,replay,1.8,0.0
2025-02-26T16:00:00+00:00,AWS-BHO-101,30.5,960.0,25.0,False,,low,1.2,NORMAL,30.1,967.8,25.0,HEALTHY,replay,2.0,0.0
2025-02-26T17:00:00+00:00,AWS-BHO-101,28.9,959.8,30.0,False,,low,0.6,NORMAL,28.8,965.6,29.0,HEALTHY,replay,1.1,0.0
2025-02-26T18:00:00+00:00,AWS-BHO-101,25.4,959.8,36.0,False,,low,0.9,NORMAL,26.1,965.7,45.0,HEALTHY,replay,1.4,0.0
2025-02-26T19:00:00+00:00,AWS-BHO-101,23.7,960.2,40.0,False,,low,0.5,NORMAL,24.0,966.3,48.0,HEALTHY,replay,0.9,0.0
2025-02-26T20:00:00+00:00,AWS-BHO-101,22.5,960.7,43.0,False,,low,0.3,NORMAL,23.0,966.9,50.0,HEALTHY,replay,0.5,0.0
2025-02-26T21:00:00+00:00,AWS-BHO-101,21.8,961.2,47.0,False,,low,0.2,NORMAL,21.5,967.1,52.0,HEALTHY,replay,0.3,0.0
2025-02-26T22:00:00+00:00,AWS-BHO-101,22.0,961.3,44.0,False,,low,0.2,NORMAL,20.3,967.2,54.0,HEALTHY,replay,0.3,0.0
2025-02-26T23:00:00+00:00,AWS-BHO-101,21.6,960.6,43.0,False,,low,0.2,NORMAL,19.9,966.6,52.0,HEALTHY,replay,0.3,0.0
2025-02-27T00:00:00+00:00,AWS-BHO-101,20.5,959.9,47.0,False,,low,0.2,NORMAL,18.6,965.9,54.0,HEALTHY,replay,0.4,0.0
2025-02-27T01:00:00+00:00,AWS-BHO-101,19.7,959.3,51.0,False,,low,0.2,NORMAL,17.8,965.4,57.0,HEALTHY,replay,0.4,0.0
2025-02-27T02:00:00+00:00,AWS-BHO-101,19.2,958.7,55.0,False,,low,0.4,NORMAL,17.5,964.7,57.0,HEALTHY,replay,0.7,0.0
2025-02-27T03:00:00+00:00,AWS-BHO-101,19.2,958.2,53.0,False,,low,0.5,NORMAL,17.2,964.3,59.0,HEALTHY,replay,0.8,0.0
2025-02-27T04:00:00+00:00,AWS-BHO-101,18.7,958.4,53.0,False,,low,0.2,NORMAL,16.9,964.1,60.0,HEALTHY,replay,0.4,0.0
2025-02-27T05:00:00+00:00,AWS-BHO-101,18.5,958.6,52.0,False,,low,0.4,NORMAL,16.5,964.4,61.0,HEALTHY,replay,0.6,0.0
2025-02-27T06:00:00+00:00,AWS-BHO-101,18.8,959.3,53.0,False,,low,0.5,NORMAL,16.5,965.5,66.0,HEALTHY,replay,0.8,0.0
2025-02-27T07:00:00+00:00,AWS-BHO-101,19.5,959.9,52.0,False,,low,0.7,NORMAL,17.8,966.4,61.0,HEALTHY,replay,1.2,0.0
2025-02-27T08:00:00+00:00,AWS-BHO-101,22.6,961.3,47.0,False,,low,2.1,NORMAL,21.2,967.7,53.0,HEALTHY,replay,3.5,0.0
2025-02-27T09:00:00+00:00,AWS-BHO-101,26.1,962.2,39.0,False,,low,7.1,NORMAL,24.0,968.4,44.0,HEALTHY,replay,11.9,0.0
2025-02-27T10:00:00+00:00,AWS-BHO-101,28.9,962.3,31.0,False,,low,6.3,NORMAL,27.1,968.4,34.0,HEALTHY,replay,10.6,0.0
2025-02-27T11:00:00+00:00,AWS-BHO-101,30.8,961.7,25.0,False,,low,3.5,NORMAL,29.4,967.8,28.0,HEALTHY,replay,5.8,0.0
2025-02-27T12:00:00+00:00,AWS-BHO-101,32.0,960.5,23.0,False,,low,2.5,NORMAL,30.8,966.5,25.0,HEALTHY,replay,4.1,0.0
2025-02-27T13:00:00+00:00,AWS-BHO-101,32.7,959.2,21.0,False,,low,3.8,NORMAL,31.8,965.2,24.0,HEALTHY,replay,6.3,0.0
2025-02-27T14:00:00+00:00,AWS-BHO-101,33.0,957.9,20.0,False,,low,8.8,NORMAL,32.6,963.9,23.0,HEALTHY,replay,14.6,0.0
2025-02-27T15:00:00+00:00,AWS-BHO-101,33.0,956.9,19.0,False,,low,10.4,NORMAL,32.6,963.0,22.0,HEALTHY,replay,17.3,0.0
2025-02-27T16:00:00+00:00,AWS-BHO-101,32.4,956.5,20.0,False,,low,3.3,NORMAL,32.2,962.6,22.0,HEALTHY,replay,5.5,0.0
2025-02-27T17:00:00+00:00,AWS-BHO-101,30.3,956.2,30.0,False,,low,7.9,NORMAL,30.6,962.3,42.0,HEALTHY,replay,13.1,0.0
2025-02-27T18:00:00+00:00,AWS-BHO-101,28.3,956.6,27.0,False,,low,6.7,NORMAL,27.9,962.4,29.0,HEALTHY,replay,11.1,0.0
2025-02-27T19:00:00+00:00,AWS-BHO-101,27.2,957.1,30.0,False,,low,2.9,NORMAL,25.6,962.8,35.0,HEALTHY,replay,4.8,0.0
2025-02-27T20:00:00+00:00,AWS-BHO-101,26.2,957.7,31.0,False,,low,2.6,NORMAL,24.8,963.1,37.0,HEALTHY,replay,4.4,0.0
2025-02-27T21:00:00+00:00,AWS-BHO-101,25.5,958.0,32.0,False,,low,2.0,NORMAL,23.3,963.2,42.0,HEALTHY,replay,3.3,0.0
2025-02-27T22:00:00+00:00,AWS-BHO-101,24.8,958.0,34.0,False,,low,1.4,NORMAL,22.4,963.3,44.0,HEALTHY,replay,2.4,0.0
2025-02-27T23:00:00+00:00,AWS-BHO-101,24.3,957.4,35.0,False,,low,1.0,NORMAL,21.9,962.8,45.0,HEALTHY,replay,1.7,0.0
2025-02-28T00:00:00+00:00,AWS-BHO-101,23.0,956.7,39.0,False,,low,1.5,NORMAL,21.2,962.4,45.0,HEALTHY,replay,2.4,0.0
2025-02-28T01:00:00+00:00,AWS-BHO-101,21.4,956.3,44.0,False,,low,0.7,NORMAL,20.8,961.8,45.0,HEALTHY,replay,1.1,0.0
2025-02-28T02:00:00+00:00,AWS-BHO-101,21.0,955.3,44.0,False,,low,2.3,NORMAL,19.6,961.1,49.0,HEALTHY,replay,3.9,0.0
2025-02-28T03:00:00+00:00,AWS-BHO-101,20.4,954.6,46.0,False,,low,4.3,NORMAL,19.4,960.6,50.0,HEALTHY,replay,7.2,0.0
2025-02-28T04:00:00+00:00,AWS-BHO-101,20.5,954.6,45.0,False,,low,2.8,NORMAL,18.7,960.2,54.0,HEALTHY,replay,4.7,0.0
2025-02-28T05:00:00+00:00,AWS-BHO-101,20.6,954.7,45.0,False,,low,3.4,NORMAL,18.8,960.3,55.0,HEALTHY,replay,5.7,0.0
2025-02-28T06:00:00+00:00,AWS-BHO-101,20.8,955.8,47.0,False,,low,3.1,NORMAL,18.8,961.3,59.0,HEALTHY,replay,5.2,0.0
2025-02-28T07:00:00+00:00,AWS-BHO-101,21.5,956.7,48.0,False,,low,6.6,NORMAL,20.2,962.4,55.0,HEALTHY,replay,11.0,0.0
2025-02-28T08:00:00+00:00,AWS-BHO-101,24.9,958.5,44.0,False,,low,27.1,NORMAL,23.7,964.1,49.0,HEALTHY,replay,45.2,0.0
2025-02-28T09:00:00+00:00,AWS-BHO-101,28.5,959.6,36.0,False,,low,40.6,NORMAL,27.5,965.4,41.0,HEALTHY,replay,67.7,0.0
2025-02-28T10:00:00+00:00,AWS-BHO-101,31.2,960.1,26.0,False,,low,31.5,NORMAL,30.3,966.0,34.0,HEALTHY,replay,52.5,0.0
2025-02-28T11:00:00+00:00,AWS-BHO-101,32.4,959.7,22.0,False,,low,7.8,NORMAL,31.9,965.6,27.0,HEALTHY,replay,13.0,0.0
2025-02-28T12:00:00+00:00,AWS-BHO-101,33.0,958.6,23.0,False,,low,3.1,NORMAL,32.7,964.5,22.0,HEALTHY,replay,5.2,0.0
2025-02-28T13:00:00+00:00,AWS-BHO-101,33.5,957.3,23.0,False,,low,3.1,NORMAL,33.3,963.2,22.0,HEALTHY,replay,5.1,0.0
2025-02-28T14:00:00+00:00,AWS-BHO-101,34.0,955.8,23.0,False,,low,8.0,NORMAL,33.4,961.9,22.0,HEALTHY,replay,13.3,0.0
2025-02-28T15:00:00+00:00,AWS-BHO-101,33.9,955.0,22.0,False,,low,7.7,NORMAL,33.4,961.0,23.0,HEALTHY,replay,12.9,0.0
2025-02-28T16:00:00+00:00,AWS-BHO-101,32.9,954.9,23.0,False,,low,3.4,NORMAL,32.7,960.8,25.0,HEALTHY,replay,5.7,0.0
2025-02-28T17:00:00+00:00,AWS-BHO-101,31.1,954.7,28.0,False,,low,2.1,NORMAL,30.9,960.5,31.0,HEALTHY,replay,3.6,0.0
2025-02-28T18:00:00+00:00,AWS-BHO-101,28.7,955.2,29.0,False,,low,1.6,NORMAL,28.3,961.2,34.0,HEALTHY,replay,2.7,0.0
2025-02-28T19:00:00+00:00,AWS-BHO-101,27.9,955.8,30.0,False,,low,1.3,NORMAL,26.8,961.5,36.0,HEALTHY,replay,2.2,0.0
2025-02-28T20:00:00+00:00,AWS-BHO-101,27.0,956.7,32.0,False,,low,0.8,NORMAL,26.1,962.3,36.0,HEALTHY,replay,1.4,0.0
2025-02-28T21:00:00+00:00,AWS-BHO-101,25.9,957.0,35.0,False,,low,0.6,NORMAL,25.7,962.6,37.0,HEALTHY,replay,1.0,0.0
2025-02-28T22:00:00+00:00,AWS-BHO-101,25.0,957.0,37.0,False,,low,0.6,NORMAL,25.0,962.6,38.0,HEALTHY,replay,1.0,0.0
2025-02-28T23:00:00+00:00,AWS-BHO-101,24.6,956.6,39.0,False,,low,0.4,NORMAL,24.5,962.0,40.0,HEALTHY,replay,0.7,0.0
2025-03-01T00:00:00+00:00,AWS-BHO-101,24.1,956.1,40.0,False,,low,0.4,NORMAL,24.3,961.6,42.0,HEALTHY,replay,0.7,0.0
2025-03-01T01:00:00+00:00,AWS-BHO-101,23.0,955.7,42.0,False,,low,0.3,NORMAL,23.2,961.3,45.0,HEALTHY,replay,0.5,0.0
2025-03-01T02:00:00+00:00,AWS-BHO-101,21.9,954.7,44.0,False,,low,0.4,NORMAL,22.0,960.6,47.0,HEALTHY,replay,0.7,0.0
2025-03-01T03:00:00+00:00,AWS-BHO-101,21.0,954.3,46.0,False,,low,0.3,NORMAL,20.8,959.9,51.0,HEALTHY,replay,0.5,0.0
2025-03-01T04:00:00+00:00,AWS-BHO-101,20.5,954.1,47.0,False,,low,0.3,NORMAL,19.7,959.8,54.0,HEALTHY,replay,0.5,0.0
2025-03-01T05:00:00+00:00,AWS-BHO-101,19.9,954.4,47.0,False,,low,0.4,NORMAL,19.3,960.0,54.0,HEALTHY,replay,0.6,0.0
2025-03-01T06:00:00+00:00,AWS-BHO-101,19.3,955.7,52.0,False,,low,0.5,NORMAL,19.1,961.3,58.0,HEALTHY,replay,0.8,0.0
2025-03-01T07:00:00+00:00,AWS-BHO-101,20.0,956.6,51.0,False,,low,0.8,NORMAL,20.1,962.4,54.0,HEALTHY,replay,1.3,0.0
2025-03-01T08:00:00+00:00,AWS-BHO-101,23.1,958.1,44.0,False,,low,5.8,NORMAL,23.1,963.8,47.0,HEALTHY,replay,9.6,0.0
2025-03-01T09:00:00+00:00,AWS-BHO-101,25.9,959.1,38.0,False,,low,7.7,NORMAL,26.2,964.9,39.0,HEALTHY,replay,12.9,0.0
2025-03-01T10:00:00+00:00,AWS-BHO-101,28.7,959.5,33.0,False,,low,5.5,NORMAL,28.7,965.3,34.0,HEALTHY,replay,9.1,0.0
2025-03-01T11:00:00+00:00,AWS-BHO-101,30.5,959.2,27.0,False,,low,2.4,NORMAL,30.5,964.9,29.0,HEALTHY,replay,4.0,0.0
2025-03-01T12:00:00+00:00,AWS-BHO-101,31.7,957.9,25.0,False,,low,1.2,NORMAL,31.6,963.7,25.0,HEALTHY,replay,1.9,0.0
2025-03-01T13:00:00+00:00,AWS-BHO-101,32.2,956.8,23.0,False,,low,1.9,NORMAL,32.3,962.4,24.0,HEALTHY,replay,3.1,0.0
2025-03-01T14:00:00+00:00,AWS-BHO-101,32.3,955.7,23.0,False,,low,1.7,NORMAL,31.9,961.4,24.0,HEALTHY,replay,2.8,0.0
2025-03-01T15:00:00+00:00,AWS-BHO-101,32.0,955.2,24.0,False,,low,1.0,NORMAL,32.3,960.6,23.0,HEALTHY,replay,1.6,0.0
2025-03-01T16:00:00+00:00,AWS-BHO-101,31.6,954.9,23.0,False,,low,0.9,NORMAL,31.6,960.6,24.0,HEALTHY,replay,1.6,0.0
2025-03-01T17:00:00+00:00,AWS-BHO-101,30.7,954.9,25.0,False,,low,0.6,NORMAL,30.5,960.4,26.0,HEALTHY,replay,1.0,0.0
2025-03-01T18:00:00+00:00,AWS-BHO-101,27.3,955.1,32.0,False,,low,1.1,NORMAL,27.4,960.9,34.0,HEALTHY,replay,1.8,0.0
2025-03-01T19:00:00+00:00,AWS-BHO-101,27.0,955.6,31.0,False,,low,0.7,NORMAL,26.5,961.1,35.0,HEALTHY,replay,1.2,0.0
2025-03-01T20:00:00+00:00,AWS-BHO-101,27.0,956.1,30.0,False,,low,0.3,NORMAL,24.5,961.6,41.0,HEALTHY,replay,0.6,0.0
2025-03-01T21:00:00+00:00,AWS-BHO-101,24.8,956.2,35.0,False,,low,0.3,NORMAL,23.3,961.9,45.0,HEALTHY,replay,0.5,0.0
2025-03-01T22:00:00+00:00,AWS-BHO-101,23.3,956.3,39.0,False,,low,0.4,NORMAL,22.2,961.7,50.0,HEALTHY,replay,0.7,0.0
2025-03-01T23:00:00+00:00,AWS-BHO-101,22.2,955.8,43.0,False,,low,0.3,NORMAL,21.5,961.2,51.0,HEALTHY,replay,0.5,0.0
2025-03-02T00:00:00+00:00,AWS-BHO-101,22.0,955.2,43.0,False,,low,0.2,NORMAL,21.6,960.7,49.0,HEALTHY,replay,0.3,0.0
2025-03-02T01:00:00+00:00,AWS-BHO-101,21.4,954.7,43.0,False,,low,0.2,NORMAL,21.5,960.0,47.0,HEALTHY,replay,0.3,0.0
2025-03-02T02:00:00+00:00,AWS-BHO-101,20.3,954.1,45.0,False,,low,0.2,NORMAL,21.2,959.6,45.0,HEALTHY,replay,0.3,0.0
2025-03-02T03:00:00+00:00,AWS-BHO-101,19.9,953.6,45.0,False,,low,0.2,NORMAL,19.6,959.0,49.0,HEALTHY,replay,0.3,0.0
2025-03-02T04:00:00+00:00,AWS-BHO-101,19.7,953.4,43.0,False,,low,0.3,NORMAL,18.6,958.6,53.0,HEALTHY,replay,0.5,0.0
2025-03-02T05:00:00+00:00,AWS-BHO-101,19.2,953.7,44.0,False,,low,0.2,NORMAL,17.6,959.0,56.0,HEALTHY,replay,0.3,0.0
2025-03-02T06:00:00+00:00,AWS-BHO-101,18.8,954.7,49.0,False,,low,0.3,NORMAL,17.9,960.2,59.0,HEALTHY,replay,0.5,0.0
2025-03-02T07:00:00+00:00,AWS-BHO-101,19.5,955.5,50.0,False,,low,0.4,NORMAL,19.1,961.1,56.0,HEALTHY,replay,0.6,0.0
2025-03-02T08:00:00+00:00,AWS-BHO-101,22.6,956.7,44.0,False,,low,0.8,NORMAL,22.2,962.2,49.0,HEALTHY,replay,1.4,0.0
2025-03-02T09:00:00+00:00,AWS-BHO-101,25.5,957.8,38.0,False,,low,4.4,NORMAL,25.4,963.4,40.0,HEALTHY,replay,7.3,0.0
2025-03-02T10:00:00+00:00,AWS-BHO-101,28.2,958.2,32.0,False,,low,2.2,NORMAL,28.4,963.8,34.0,HEALTHY,replay,3.7,0.0
2025-03-02T11:00:00+00:00,AWS-BHO-101,29.8,958.0,27.0,False,,low,1.7,NORMAL,30.0,963.6,27.0,HEALTHY,replay,2.8,0.0
2025-03-02T12:00:00+00:00,AWS-BHO-101,30.9,957.0,24.0,False,,low,0.8,NORMAL,31.0,962.7,24.0,HEALTHY,replay,1.4,0.0
2025-03-02T13:00:00+00:00,AWS-BHO-101,31.6,955.7,22.0,False,,low,1.6,NORMAL,31.7,961.3,22.0,HEALTHY,replay,2.6,0.0
2025-03-02T14:00:00+00:00,AWS-BHO-101,32.0,954.6,21.0,False,,low,2.7,NORMAL,32.0,960.2,22.0,HEALTHY,replay,4.5,0.0
2025-03-02T15:00:00+00:00,AWS-BHO-101,31.6,953.8,22.0,False,,low,1.3,NORMAL,32.2,959.3,21.0,HEALTHY,replay,2.2,0.0
2025-03-02T16:00:00+00:00,AWS-BHO-101,31.2,953.7,22.0,False,,low,1.1,NORMAL,31.7,959.1,20.0,HEALTHY,replay,1.8,0.0
2025-03-02T17:00:00+00:00,AWS-BHO-101,30.1,953.5,24.0,False,,low,0.8,NORMAL,30.4,958.8,24.0,HEALTHY,replay,1.3,0.0
2025-03-02T18:00:00+00:00,AWS-BHO-101,26.7,953.7,31.0,False,,low,1.1,NORMAL,26.9,959.1,31.0,HEALTHY,replay,1.9,0.0
2025-03-02T19:00:00+00:00,AWS-BHO-101,24.9,954.1,31.0,False,,low,1.1,NORMAL,25.3,959.7,32.0,HEALTHY,replay,1.8,0.0
2025-03-02T20:00:00+00:00,AWS-BHO-101,24.2,954.9,31.0,False,,low,0.9,NORMAL,24.1,960.3,44.0,HEALTHY,replay,1.5,0.0
2025-03-02T21:00:00+00:00,AWS-BHO-101,23.0,955.2,34.0,False,,low,0.3,NORMAL,23.2,961.1,47.0,HEALTHY,replay,0.5,0.0
2025-03-02T22:00:00+00:00,AWS-BHO-101,21.6,955.8,39.0,False,,low,0.4,NORMAL,22.2,961.3,50.0,HEALTHY,replay,0.7,0.0
2025-03-02T23:00:00+00:00,AWS-BHO-101,20.9,955.6,42.0,False,,low,0.1,NORMAL,20.6,961.3,45.0,HEALTHY,replay,0.2,0.0
2025-03-03T00:00:00+00:00,AWS-BHO-101,20.2,954.7,40.0,False,,low,0.3,NORMAL,19.4,960.7,49.0,HEALTHY,replay,0.4,0.0
2025-03-03T01:00:00+00:00,AWS-BHO-101,19.8,954.5,41.0,False,,low,0.1,NORMAL,19.7,960.3,47.0,HEALTHY,replay,0.2,0.0
2025-03-03T02:00:00+00:00,AWS-BHO-101,18.4,954.1,49.0,False,,low,0.3,NORMAL,19.7,959.9,47.0,HEALTHY,replay,0.5,0.0
2025-03-03T03:00:00+00:00,AWS-BHO-101,17.7,953.8,53.0,False,,low,0.2,NORMAL,18.7,959.7,52.0,HEALTHY,replay,0.3,0.0
2025-03-03T04:00:00+00:00,AWS-BHO-101,17.1,954.1,56.0,False,,low,0.2,NORMAL,17.8,959.9,57.0,HEALTHY,replay,0.4,0.0
2025-03-03T05:00:00+00:00,AWS-BHO-101,16.8,954.4,58.0,False,,low,0.3,NORMAL,17.2,960.4,65.0,HEALTHY,replay,0.5,0.0
2025-03-03T06:00:00+00:00,AWS-BHO-101,16.8,955.0,70.0,False,,low,4.4,NORMAL,16.6,960.8,84.0,HEALTHY,replay,7.4,0.0
2025-03-03T07:00:00+00:00,AWS-BHO-101,18.2,956.2,68.0,False,,low,0.7,NORMAL,17.8,962.5,81.0,HEALTHY,replay,1.2,0.0
2025-03-03T08:00:00+00:00,AWS-BHO-101,21.6,957.7,60.0,False,,low,4.2,NORMAL,20.8,963.8,70.0,HEALTHY,replay,7.1,0.0
2025-03-03T09:00:00+00:00,AWS-BHO-101,25.2,959.2,50.0,False,,low,14.6,NORMAL,24.0,965.1,60.0,HEALTHY,replay,24.4,0.0
2025-03-03T10:00:00+00:00,AWS-BHO-101,27.9,959.7,36.0,False,,low,19.7,NORMAL,26.8,965.5,48.0,HEALTHY,replay,32.8,0.0
2025-03-03T11:00:00+00:00,AWS-BHO-101,29.4,959.3,29.0,False,,low,7.6,NORMAL,28.8,965.1,36.0,HEALTHY,replay,12.7,0.0
2025-03-03T12:00:00+00:00,AWS-BHO-101,30.5,958.2,26.0,False,,low,2.2,NORMAL,30.2,964.0,30.0,HEALTHY,replay,3.6,0.0
2025-03-03T13:00:00+00:00,AWS-BHO-101,31.5,956.8,24.0,False,,low,2.2,NORMAL,31.0,962.8,29.0,HEALTHY,replay,3.6,0.0
2025-03-03T14:00:00+00:00,AWS-BHO-101,32.3,955.8,22.0,False,,low,2.5,NORMAL,31.3,961.9,29.0,HEALTHY,replay,4.2,0.0
2025-03-03T15:00:00+00:00,AWS-BHO-101,32.5,954.9,21.0,False,,low,1.4,NORMAL,31.3,961.0,28.0,HEALTHY,replay,2.4,0.0
2025-03-03T16:00:00+00:00,AWS-BHO-101,32.0,954.7,21.0,False,,low,1.0,NORMAL,31.5,960.8,26.0,HEALTHY,replay,1.7,0.0
2025-03-03T17:00:00+00:00,AWS-BHO-101,30.8,954.8,24.0,False,,low,0.6,NORMAL,30.6,960.6,41.0,HEALTHY,replay,1.1,0.0
2025-03-03T18:00:00+00:00,AWS-BHO-101,27.5,955.2,32.0,False,,low,1.1,NORMAL,26.7,961.0,44.0,HEALTHY,replay,1.8,0.0
2025-03-03T19:00:00+00:00,AWS-BHO-101,26.0,955.4,35.0,False,,low,0.5,NORMAL,25.4,961.2,40.0,HEALTHY,replay,0.9,0.0
2025-03-03T20:00:00+00:00,AWS-BHO-101,25.2,955.8,35.0,False,,low,0.3,NORMAL,25.1,961.8,46.0,HEALTHY,replay,0.4,0.0
2025-03-03T21:00:00+00:00,AWS-BHO-101,23.6,956.3,36.0,False,,low,0.2,NORMAL,24.4,962.1,49.0,HEALTHY,replay,0.4,0.0
2025-03-03T22:00:00+00:00,AWS-BHO-101,23.5,956.2,39.0,False,,low,0.2,NORMAL,23.4,961.8,52.0,HEALTHY,replay,0.3,0.0
2025-03-03T23:00:00+00:00,AWS-BHO-101,22.6,955.8,43.0,False,,low,0.1,NORMAL,22.3,961.5,55.0,HEALTHY,replay,0.2,0.0
2025-03-04T00:00:00+00:00,AWS-BHO-101,21.7,955.3,47.0,False,,low,0.1,NORMAL,22.2,960.8,53.0,HEALTHY,replay,0.2,0.0
2025-03-04T01:00:00+00:00,AWS-BHO-101,20.9,955.0,50.0,False,,low,0.1,NORMAL,21.7,960.4,55.0,HEALTHY,replay,0.1,0.0
2025-03-04T02:00:00+00:00,AWS-BHO-101,20.7,954.3,46.0,False,,low,0.1,NORMAL,21.3,959.5,56.0,HEALTHY,replay,0.2,0.0
2025-03-04T03:00:00+00:00,AWS-BHO-101,20.5,954.3,44.0,False,,low,0.2,NORMAL,21.0,959.5,55.0,HEALTHY,replay,0.3,0.0
2025-03-04T04:00:00+00:00,AWS-BHO-101,20.2,954.4,45.0,False,,low,0.3,NORMAL,20.6,959.7,53.0,HEALTHY,replay,0.5,0.0
2025-03-04T05:00:00+00:00,AWS-BHO-101,20.0,954.8,47.0,False,,low,0.3,NORMAL,20.6,960.2,48.0,HEALTHY,replay,0.5,0.0
2025-03-04T06:00:00+00:00,AWS-BHO-101,19.4,956.1,51.0,False,,low,0.4,NORMAL,20.2,961.7,50.0,HEALTHY,replay,0.7,0.0
2025-03-04T07:00:00+00:00,AWS-BHO-101,20.0,957.2,50.0,False,,low,0.8,NORMAL,20.9,962.7,49.0,HEALTHY,replay,1.3,0.0
2025-03-04T08:00:00+00:00,AWS-BHO-101,22.8,958.6,43.0,False,,low,4.5,NORMAL,23.3,964.1,44.0,HEALTHY,replay,7.6,0.0
2025-03-04T09:00:00+00:00,AWS-BHO-101,25.3,959.6,34.0,False,,low,5.6,NORMAL,25.5,965.1,38.0,HEALTHY,replay,9.3,0.0
2025-03-04T10:00:00+00:00,AWS-BHO-101,27.4,960.0,29.0,False,,low,1.9,NORMAL,27.3,965.5,31.0,HEALTHY,replay,3.2,0.0
2025-03-04T11:00:00+00:00,AWS-BHO-101,28.9,959.8,26.0,False,,low,1.3,NORMAL,28.9,965.4,26.0,HEALTHY,replay,2.1,0.0
2025-03-04T12:00:00+00:00,AWS-BHO-101,30.0,958.8,24.0,False,,low,0.7,NORMAL,30.1,964.4,23.0,HEALTHY,replay,1.2,0.0
2025-03-04T13:00:00+00:00,AWS-BHO-101,30.8,958.0,22.0,False,,low,0.5,NORMAL,30.8,963.6,22.0,HEALTHY,replay,0.8,0.0
2025-03-04T14:00:00+00:00,AWS-BHO-101,30.9,957.3,21.0,False,,low,0.6,NORMAL,31.0,962.8,21.0,HEALTHY,replay,1.0,0.0
2025-03-04T15:00:00+00:00,AWS-BHO-101,30.8,956.5,20.0,False,,low,0.8,NORMAL,31.0,962.1,20.0,HEALTHY,replay,1.4,0.0
2025-03-04T16:00:00+00:00,AWS-BHO-101,30.1,956.5,19.0,False,,low,0.8,NORMAL,30.0,962.1,21.0,HEALTHY,replay,1.4,0.0
2025-03-04T17:00:00+00:00,AWS-BHO-101,28.7,956.7,22.0,False,,low,0.7,NORMAL,28.6,962.1,23.0,HEALTHY,replay,1.2,0.0
2025-03-04T18:00:00+00:00,AWS-BHO-101,26.3,957.8,24.0,False,,low,0.9,NORMAL,25.8,963.2,26.0,HEALTHY,replay,1.5,0.0
2025-03-04T19:00:00+00:00,AWS-BHO-101,24.4,958.2,26.0,False,,low,1.1,NORMAL,24.2,963.6,28.0,HEALTHY,replay,1.8,0.0
2025-03-04T20:00:00+00:00,AWS-BHO-101,22.9,958.8,28.0,False,,low,1.6,NORMAL,23.1,964.4,29.0,HEALTHY,replay,2.7,0.0
2025-03-04T21:00:00+00:00,AWS-BHO-101,22.0,959.4,29.0,False,,low,1.5,NORMAL,22.1,964.9,30.0,HEALTHY,replay,2.5,0.0
2025-03-04T22:00:00+00:00,AWS-BHO-101,21.0,959.5,28.0,False,,low,1.3,NORMAL,21.0,965.1,30.0,HEALTHY,replay,2.2,0.0
2025-03-04T23:00:00+00:00,AWS-BHO-101,19.8,959.2,26.0,False,,low,2.5,NORMAL,20.0,964.9,28.0,HEALTHY,replay,4.2,0.0
2025-03-05T00:00:00+00:00,AWS-BHO-101,18.5,958.7,25.0,False,,low,2.2,NORMAL,18.8,964.4,27.0,HEALTHY,replay,3.6,0.0
2025-03-05T01:00:00+00:00,AWS-BHO-101,17.6,958.2,25.0,False,,low,1.2,NORMAL,17.8,963.9,27.0,HEALTHY,replay,2.1,0.0
2025-03-05T02:00:00+00:00,AWS-BHO-101,16.6,957.5,25.0,False,,low,2.5,NORMAL,16.9,963.2,26.0,HEALTHY,replay,4.1,0.0
2025-03-05T03:00:00+00:00,AWS-BHO-101,15.8,957.3,25.0,False,,low,1.6,NORMAL,16.3,962.9,26.0,HEALTHY,replay,2.6,0.0
2025-03-05T04:00:00+00:00,AWS-BHO-101,15.3,957.4,24.0,False,,low,2.1,NORMAL,15.8,963.1,26.0,HEALTHY,replay,3.5,0.0
2025-03-05T05:00:00+00:00,AWS-BHO-101,14.9,957.9,24.0,False,,low,2.9,NORMAL,15.4,963.5,25.0,HEALTHY,replay,4.8,0.0
2025-03-05T06:00:00+00:00,AWS-BHO-101,14.4,959.1,38.0,False,,low,16.6,NORMAL,14.6,964.7,37.0,HEALTHY,replay,27.7,0.0
2025-03-05T07:00:00+00:00,AWS-BHO-101,14.8,959.9,40.0,False,,low,5.9,NORMAL,15.3,965.5,42.0,HEALTHY,replay,9.8,0.0
2025-03-05T08:00:00+00:00,AWS-BHO-101,16.9,960.7,38.0,False,,low,5.2,NORMAL,17.0,966.3,42.0,HEALTHY,replay,8.7,0.0
2025-03-05T09:00:00+00:00,AWS-BHO-101,19.5,961.3,33.0,False,,low,3.3,NORMAL,19.5,966.8,34.0,HEALTHY,replay,5.4,0.0
2025-03-05T10:00:00+00:00,AWS-BHO-101,21.8,961.6,26.0,False,,low,5.0,NORMAL,21.6,967.2,27.0,HEALTHY,replay,8.3,0.0
2025-03-05T11:00:00+00:00,AWS-BHO-101,24.0,961.2,21.0,False,,low,6.7,NORMAL,23.9,966.7,21.0,HEALTHY,replay,11.2,0.0
2025-03-05T12:00:00+00:00,AWS-BHO-101,25.9,960.1,16.0,False,,low,6.7,NORMAL,25.7,965.7,17.0,HEALTHY,replay,11.1,0.0
2025-03-05T13:00:00+00:00,AWS-BHO-101,27.2,958.8,13.0,False,,low,8.0,NORMAL,26.9,964.3,15.0,HEALTHY,replay,13.3,0.0
2025-03-05T14:00:00+00:00,AWS-BHO-101,27.6,957.9,13.0,False,,low,7.3,NORMAL,27.3,963.5,13.0,HEALTHY,replay,12.1,0.0
2025-03-05T15:00:00+00:00,AWS-BHO-101,27.5,957.3,12.0,False,,low,3.1,NORMAL,27.4,962.8,11.0,HEALTHY,replay,5.1,0.0
2025-03-05T16:00:00+00:00,AWS-BHO-101,27.0,957.1,11.0,False,,low,1.9,NORMAL,26.8,962.6,11.0,HEALTHY,replay,3.1,0.0
2025-03-05T17:00:00+00:00,AWS-BHO-101,25.8,956.9,12.0,False,,low,1.1,NORMAL,25.6,962.4,12.0,HEALTHY,replay,1.8,0.0
2025-03-05T18:00:00+00:00,AWS-BHO-101,22.9,957.0,15.0,False,,low,2.9,NORMAL,23.0,962.4,16.0,HEALTHY,replay,4.8,0.0
2025-03-05T19:00:00+00:00,AWS-BHO-101,21.2,957.3,15.0,False,,low,1.8,NORMAL,21.0,962.8,17.0,HEALTHY,replay,3.0,0.0
2025-03-05T20:00:00+00:00,AWS-BHO-101,20.1,958.1,16.0,False,,low,0.9,NORMAL,19.6,963.5,18.0,HEALTHY,replay,1.5,0.0
2025-03-05T21:00:00+00:00,AWS-BHO-101,19.2,958.7,17.0,False,,low,0.7,NORMAL,18.6,964.2,20.0,HEALTHY,replay,1.1,0.0
2025-03-05T22:00:00+00:00,AWS-BHO-101,17.9,958.9,20.0,False,,low,0.7,NORMAL,17.9,964.6,22.0,HEALTHY,replay,1.1,0.0
2025-03-05T23:00:00+00:00,AWS-BHO-101,16.5,958.3,24.0,False,,low,0.5,NORMAL,17.0,964.1,26.0,HEALTHY,replay,0.9,0.0
2025-03-06T00:00:00+00:00,AWS-BHO-101,16.0,957.9,27.0,False,,low,0.2,NORMAL,16.3,963.7,29.0,HEALTHY,replay,0.4,0.0
2025-03-06T01:00:00+00:00,AWS-BHO-101,15.2,957.3,33.0,False,,low,0.4,NORMAL,15.6,963.3,32.0,HEALTHY,replay,0.7,0.0
2025-03-06T02:00:00+00:00,AWS-BHO-101,14.8,956.8,36.0,False,,low,0.4,NORMAL,14.5,962.6,35.0,HEALTHY,replay,0.6,0.0
2025-03-06T03:00:00+00:00,AWS-BHO-101,14.5,956.3,38.0,False,,low,0.3,NORMAL,13.8,962.1,38.0,HEALTHY,replay,0.6,0.0
2025-03-06T04:00:00+00:00,AWS-BHO-101,14.1,956.2,39.0,False,,low,0.4,NORMAL,13.3,962.0,40.0,HEALTHY,replay,0.6,0.0
2025-03-06T05:00:00+00:00,AWS-BHO-101,13.8,956.1,41.0,False,,low,0.8,NORMAL,12.7,962.0,45.0,HEALTHY,replay,1.3,0.0
2025-03-06T06:00:00+00:00,AWS-BHO-101,13.6,956.8,46.0,False,,low,0.9,NORMAL,12.1,962.6,53.0,HEALTHY,replay,1.5,0.0
2025-03-06T07:00:00+00:00,AWS-BHO-101,14.9,957.8,46.0,False,,low,0.9,NORMAL,13.8,963.8,52.0,HEALTHY,replay,1.5,0.0
2025-03-06T08:00:00+00:00,AWS-BHO-101,19.0,959.6,37.0,False,,low,7.4,NORMAL,17.7,965.6,43.0,HEALTHY,replay,12.3,0.0
2025-03-06T09:00:00+00:00,AWS-BHO-101,22.7,960.5,28.0,False,,low,23.5,NORMAL,21.9,966.4,31.0,HEALTHY,replay,39.1,0.0
2025-03-06T10:00:00+00:00,AWS-BHO-101,25.1,960.8,20.0,False,,low,12.0,NORMAL,24.2,966.7,21.0,HEALTHY,replay,19.9,0.0
2025-03-06T11:00:00+00:00,AWS-BHO-101,26.9,960.3,16.0,False,,low,5.0,NORMAL,25.8,966.2,18.0,HEALTHY,replay,8.3,0.0
2025-03-06T12:00:00+00:00,AWS-BHO-101,28.4,959.7,14.0,False,,low,2.2,NORMAL,27.1,965.5,15.0,HEALTHY,replay,3.7,0.0
2025-03-06T13:00:00+00:00,AWS-BHO-101,29.5,958.9,11.0,False,,low,2.5,NORMAL,29.2,964.8,13.0,HEALTHY,replay,4.2,0.0
2025-03-06T14:00:00+00:00,AWS-BHO-101,30.0,958.3,10.0,False,,low,1.7,NORMAL,29.9,964.2,11.0,HEALTHY,replay,2.8,0.0
2025-03-06T15:00:00+00:00,AWS-BHO-101,30.0,957.5,10.0,False,,low,1.3,NORMAL,29.8,963.5,10.0,HEALTHY,replay,2.2,0.0
2025-03-06T16:00:00+00:00,AWS-BHO-101,29.8,956.8,10.0,False,,low,2.8,NORMAL,29.4,962.7,10.0,HEALTHY,replay,4.7,0.0
2025-03-06T17:00:00+00:00,AWS-BHO-101,27.8,956.5,30.0,False,multivariate_inconsistency,low,26.8,NORMAL,28.0,962.2,13.58,HEALTHY,replay,14.7,45.0
2025-03-06T18:00:00+00:00,AWS-BHO-101,24.7,956.7,15.0,True,multivariate_inconsistency,low,48.2,FUSED_CONSENSUS,24.0,962.5,24.0,OFFLINE,replay,21.6,88.0
2025-03-06T19:00:00+00:00,AWS-BHO-101,23.0,956.7,15.0,True,multivariate_inconsistency,low,47.6,FUSED_CONSENSUS,22.6,962.6,24.0,OFFLINE,replay,20.7,88.0
2025-03-06T20:00:00+00:00,AWS-BHO-101,21.8,957.0,17.0,False,multivariate_inconsistency,low,44.4,NORMAL,21.5,962.8,25.0,OFFLINE,replay,15.3,88.0
2025-03-06T21:00:00+00:00,AWS-BHO-101,20.8,957.0,19.0,True,multivariate_inconsistency,low,45.1,FUSED_CONSENSUS,20.9,962.7,25.0,OFFLINE,replay,16.5,88.0
2025-03-06T22:00:00+00:00,AWS-BHO-101,20.2,956.6,20.0,True,multivariate_inconsistency,low,47.9,FUSED_CONSENSUS,19.7,962.4,24.0,OFFLINE,replay,21.2,88.0
2025-03-06T23:00:00+00:00,AWS-BHO-101,18.7,955.8,20.0,True,multivariate_inconsistency,low,50.7,FUSED_CONSENSUS,18.8,962.0,28.0,OFFLINE,replay,25.8,88.0
2025-03-07T00:00:00+00:00,AWS-BHO-101,17.5,955.3,25.0,True,multivariate_inconsistency,medium,64.1,FUSED_CONSENSUS,17.1,961.5,31.0,OFFLINE,replay,48.2,88.0
2025-03-07T01:00:00+00:00,AWS-BHO-101,17.0,954.9,32.0,True,multivariate_inconsistency,medium,69.9,FUSED_CONSENSUS,16.2,961.0,34.0,OFFLINE,replay,57.8,88.0
2025-03-07T02:00:00+00:00,AWS-BHO-101,16.9,954.6,34.0,True,multivariate_inconsistency,high,77.7,FUSED_CONSENSUS,15.5,960.5,33.0,OFFLINE,replay,70.8,88.0
2025-03-07T03:00:00+00:00,AWS-BHO-101,16.5,954.5,35.0,True,multivariate_inconsistency,high,78.9,FUSED_CONSENSUS,15.2,960.2,34.0,OFFLINE,replay,72.9,88.0
2025-03-07T04:00:00+00:00,AWS-BHO-101,16.0,954.2,36.0,True,multivariate_inconsistency,high,84.0,FUSED_CONSENSUS,15.1,959.8,34.0,OFFLINE,replay,81.3,88.0
2025-03-07T05:00:00+00:00,AWS-BHO-101,15.6,954.3,36.0,True,multivariate_inconsistency,high,81.7,FUSED_CONSENSUS,14.8,960.0,33.0,OFFLINE,replay,77.5,88.0
2025-03-07T06:00:00+00:00,AWS-BHO-101,14.7,954.8,45.0,True,multivariate_inconsistency,high,81.7,FUSED_CONSENSUS,14.1,960.6,36.0,OFFLINE,replay,77.6,88.0
2025-03-07T07:00:00+00:00,AWS-BHO-101,16.1,956.0,49.0,False,,low,41.3,NORMAL,15.9,961.8,47.0,OFFLINE,replay,68.8,0.0
2025-03-07T08:00:00+00:00,AWS-BHO-101,20.8,957.8,37.0,False,,low,16.2,NORMAL,19.8,963.6,35.0,OFFLINE,replay,27.1,0.0
2025-03-07T09:00:00+00:00,AWS-BHO-101,25.7,959.0,22.0,False,,low,21.0,NORMAL,24.3,964.7,28.0,HEALTHY,replay,35.1,0.0
2025-03-07T10:00:00+00:00,AWS-BHO-101,28.6,959.1,15.0,False,,low,22.4,NORMAL,27.5,964.7,21.0,OFFLINE,replay,37.3,0.0
2025-03-07T11:00:00+00:00,AWS-BHO-101,30.0,958.6,14.0,False,,low,29.2,NORMAL,29.5,964.3,17.0,OFFLINE,replay,48.6,0.0
2025-03-07T12:00:00+00:00,AWS-BHO-101,31.0,957.4,13.0,False,,low,36.8,NORMAL,30.7,963.1,16.0,OFFLINE,replay,61.3,0.0
2025-03-07T13:00:00+00:00,AWS-BHO-101,31.8,956.2,13.0,False,,low,31.3,NORMAL,31.6,962.0,16.0,HEALTHY,replay,52.1,0.0
2025-03-07T14:00:00+00:00,AWS-BHO-101,32.4,955.2,12.0,False,,low,32.6,NORMAL,32.2,961.0,16.0,WARNING,replay,54.4,0.0
2025-03-07T15:00:00+00:00,AWS-BHO-101,32.6,954.3,12.0,False,,low,41.4,NORMAL,32.3,960.1,16.0,WARNING,replay,69.0,0.0
2025-03-07T16:00:00+00:00,AWS-BHO-101,32.2,954.1,12.0,False,,low,35.6,NORMAL,31.9,959.8,19.0,WARNING,replay,59.4,0.0
2025-03-07T17:00:00+00:00,AWS-BHO-101,30.5,953.6,18.0,False,,low,35.7,NORMAL,30.1,959.4,35.48,WARNING,replay,59.4,0.0
2025-03-07T18:00:00+00:00,AWS-BHO-101,27.0,953.6,21.0,False,,low,26.0,NORMAL,27.1,959.2,25.0,WARNING,replay,43.3,0.0
2025-03-07T19:00:00+00:00,AWS-BHO-101,24.9,953.8,23.0,False,,low,20.3,NORMAL,25.3,959.6,31.0,WARNING,replay,33.8,0.0
2025-03-07T20:00:00+00:00,AWS-BHO-101,24.4,954.1,23.0,False,,low,13.9,NORMAL,23.7,960.0,33.0,WARNING,replay,23.1,0.0
2025-03-07T21:00:00+00:00,AWS-BHO-101,22.6,954.2,24.0,False,,low,19.2,NORMAL,21.9,960.1,32.0,WARNING,replay,32.0,0.0
2025-03-07T22:00:00+00:00,AWS-BHO-101,22.5,954.4,26.0,False,,low,18.5,NORMAL,20.8,960.1,34.0,WARNING,replay,30.9,0.0
2025-03-07T23:00:00+00:00,AWS-BHO-101,22.0,953.9,29.0,False,,low,16.0,NORMAL,20.0,959.6,35.0,WARNING,replay,26.6,0.0
2025-03-08T00:00:00+00:00,AWS-BHO-101,21.3,953.7,29.0,False,,low,16.9,NORMAL,19.2,959.3,36.0,WARNING,replay,28.1,0.0
2025-03-08T01:00:00+00:00,AWS-BHO-101,20.4,953.2,29.0,False,,low,18.4,NORMAL,19.1,958.8,37.0,WARNING,replay,30.7,0.0
2025-03-08T02:00:00+00:00,AWS-BHO-101,19.4,952.7,29.0,False,,low,11.2,NORMAL,18.9,958.1,38.0,WARNING,replay,18.7,0.0
2025-03-08T03:00:00+00:00,AWS-BHO-101,18.6,951.8,30.0,False,,low,24.4,NORMAL,17.8,957.2,42.0,HEALTHY,replay,40.7,0.0
2025-03-08T04:00:00+00:00,AWS-BHO-101,18.5,951.4,30.0,False,,low,36.9,NORMAL,16.9,956.8,44.0,HEALTHY,replay,61.4,0.0
2025-03-08T05:00:00+00:00,AWS-BHO-101,17.9,951.5,32.0,False,,low,35.5,NORMAL,16.1,957.0,45.0,HEALTHY,replay,59.1,0.0
2025-03-08T06:00:00+00:00,AWS-BHO-101,16.5,952.2,39.0,False,,low,38.8,NORMAL,15.3,957.9,53.0,HEALTHY,replay,64.7,0.0
2025-03-08T07:00:00+00:00,AWS-BHO-101,18.3,953.1,37.0,False,,low,39.6,NORMAL,17.4,958.8,48.0,HEALTHY,replay,66.0,0.0
2025-03-08T08:00:00+00:00,AWS-BHO-101,22.6,954.9,32.0,False,,low,47.4,NORMAL,21.7,960.4,37.0,HEALTHY,replay,78.9,0.0
2025-03-08T09:00:00+00:00,AWS-BHO-101,26.6,956.0,25.0,False,,low,43.6,NORMAL,26.4,961.6,27.0,HEALTHY,replay,72.6,0.0
2025-03-08T10:00:00+00:00,AWS-BHO-101,29.4,956.2,21.0,False,,low,13.1,NORMAL,29.5,961.9,21.0,HEALTHY,replay,21.8,0.0
2025-03-08T11:00:00+00:00,AWS-BHO-101,31.4,956.1,17.0,False,,low,15.7,NORMAL,31.3,961.7,17.0,HEALTHY,replay,26.1,0.0
2025-03-08T12:00:00+00:00,AWS-BHO-101,32.4,955.3,16.0,False,,low,28.1,NORMAL,32.2,960.8,15.0,HEALTHY,replay,46.8,0.0
2025-03-08T13:00:00+00:00,AWS-BHO-101,32.9,954.2,15.0,False,,low,2.9,NORMAL,32.7,959.8,15.0,HEALTHY,replay,4.9,0.0
2025-03-08T14:00:00+00:00,AWS-BHO-101,32.9,953.2,15.0,False,,low,2.4,NORMAL,32.0,958.9,15.0,HEALTHY,replay,4.0,0.0
2025-03-08T15:00:00+00:00,AWS-BHO-101,32.7,952.7,15.0,False,,low,2.1,NORMAL,31.8,958.4,15.0,HEALTHY,replay,3.4,0.0
2025-03-08T16:00:00+00:00,AWS-BHO-101,32.1,952.5,16.0,False,,low,2.2,NORMAL,31.62,958.3,16.0,HEALTHY,replay,3.6,0.0
2025-03-08T17:00:00+00:00,AWS-BHO-101,30.6,952.4,23.0,False,,low,4.2,NORMAL,30.9,958.1,18.0,HEALTHY,replay,7.0,0.0
2025-03-08T18:00:00+00:00,AWS-BHO-101,27.4,952.5,20.0,False,,low,6.0,NORMAL,27.39,958.2,28.0,HEALTHY,replay,10.0,0.0
2025-03-08T19:00:00+00:00,AWS-BHO-101,25.6,953.0,19.0,False,,low,2.0,NORMAL,25.9,958.6,27.0,HEALTHY,replay,3.4,0.0
2025-03-08T20:00:00+00:00,AWS-BHO-101,23.4,953.6,23.0,False,,low,1.7,NORMAL,24.4,959.2,27.0,HEALTHY,replay,2.9,0.0
2025-03-08T21:00:00+00:00,AWS-BHO-101,22.6,953.8,23.0,False,,low,0.5,NORMAL,23.3,959.4,27.0,HEALTHY,replay,0.9,0.0
2025-03-08T22:00:00+00:00,AWS-BHO-101,22.0,954.0,24.0,False,,low,0.6,NORMAL,22.2,960.2,28.0,HEALTHY,replay,1.0,0.0
2025-03-08T23:00:00+00:00,AWS-BHO-101,21.7,953.8,24.0,False,,low,0.6,NORMAL,20.4,959.9,34.0,HEALTHY,replay,0.9,0.0
2025-03-09T00:00:00+00:00,AWS-BHO-101,21.4,953.8,24.0,False,,low,0.6,NORMAL,19.1,959.6,40.0,HEALTHY,replay,1.0,0.0
2025-03-09T01:00:00+00:00,AWS-BHO-101,20.2,953.7,30.0,False,,low,0.7,NORMAL,18.6,959.5,44.0,HEALTHY,replay,1.1,0.0
2025-03-09T02:00:00+00:00,AWS-BHO-101,19.5,953.1,35.0,False,,low,0.9,NORMAL,17.3,958.9,49.0,HEALTHY,replay,1.5,0.0
2025-03-09T03:00:00+00:00,AWS-BHO-101,19.2,952.4,37.0,False,,low,0.6,NORMAL,17.4,958.8,49.0,HEALTHY,replay,1.0,0.0
2025-03-09T04:00:00+00:00,AWS-BHO-101,19.3,952.4,37.0,False,,low,0.7,NORMAL,17.3,958.8,50.0,HEALTHY,replay,1.2,0.0
2025-03-09T05:00:00+00:00,AWS-BHO-101,19.3,953.2,38.0,False,,low,0.7,NORMAL,16.7,959.3,51.0,HEALTHY,replay,1.2,0.0
2025-03-09T06:00:00+00:00,AWS-BHO-101,19.8,953.9,41.0,False,,low,1.4,NORMAL,16.7,960.1,56.0,HEALTHY,replay,2.3,0.0
2025-03-09T07:00:00+00:00,AWS-BHO-101,20.6,955.1,41.0,False,,low,1.6,NORMAL,18.7,961.4,50.0,HEALTHY,replay,2.7,0.0
2025-03-09T08:00:00+00:00,AWS-BHO-101,23.5,956.5,37.0,False,,low,7.4,NORMAL,22.6,962.9,44.0,HEALTHY,replay,12.3,0.0
2025-03-09T09:00:00+00:00,AWS-BHO-101,27.3,957.9,30.0,False,,low,19.4,NORMAL,26.4,964.1,36.0,HEALTHY,replay,32.4,0.0
2025-03-09T10:00:00+00:00,AWS-BHO-101,30.4,958.3,22.0,False,,low,20.6,NORMAL,29.0,964.4,28.0,HEALTHY,replay,34.4,0.0
2025-03-09T11:00:00+00:00,AWS-BHO-101,32.2,958.3,18.0,False,,low,9.8,NORMAL,31.0,964.5,21.0,HEALTHY,replay,16.3,0.0
2025-03-09T12:00:00+00:00,AWS-BHO-101,33.2,957.3,17.0,False,,low,3.7,NORMAL,32.2,963.6,18.0,HEALTHY,replay,6.2,0.0
2025-03-09T13:00:00+00:00,AWS-BHO-101,33.7,956.4,16.0,False,,low,2.1,NORMAL,32.9,962.6,17.0,HEALTHY,replay,3.4,0.0
2025-03-09T14:00:00+00:00,AWS-BHO-101,33.9,955.5,16.0,False,,low,1.4,NORMAL,33.1,961.8,17.0,HEALTHY,replay,2.3,0.0
2025-03-09T15:00:00+00:00,AWS-BHO-101,33.6,955.0,16.0,False,,low,1.8,NORMAL,32.9,961.1,17.0,HEALTHY,replay,2.9,0.0
2025-03-09T16:00:00+00:00,AWS-BHO-101,33.1,954.8,17.0,False,,low,1.7,NORMAL,32.3,960.9,17.0,HEALTHY,replay,2.8,0.0
2025-03-09T17:00:00+00:00,AWS-BHO-101,31.7,955.0,21.0,False,,low,1.9,NORMAL,31.1,960.9,20.0,HEALTHY,replay,3.1,0.0
2025-03-09T18:00:00+00:00,AWS-BHO-101,28.7,955.5,22.0,False,,low,2.1,NORMAL,28.4,961.4,25.0,HEALTHY,replay,3.5,0.0
2025-03-09T19:00:00+00:00,AWS-BHO-101,27.5,955.8,23.0,False,,low,1.9,NORMAL,26.3,962.0,31.0,HEALTHY,replay,3.2,0.0
2025-03-09T20:00:00+00:00,AWS-BHO-101,26.3,957.0,24.0,False,,low,3.2,NORMAL,24.6,962.8,33.0,HEALTHY,replay,5.3,0.0
2025-03-09T21:00:00+00:00,AWS-BHO-101,25.2,957.5,26.0,False,,low,1.9,NORMAL,24.6,963.4,31.0,HEALTHY,replay,3.2,0.0
2025-03-09T22:00:00+00:00,AWS-BHO-101,24.7,957.6,27.0,False,,low,2.7,NORMAL,23.7,963.9,28.0,HEALTHY,replay,4.6,0.0
2025-03-09T23:00:00+00:00,AWS-BHO-101,24.6,957.6,26.0,False,,low,3.3,NORMAL,23.1,963.7,28.0,HEALTHY,replay,5.5,0.0
2025-03-10T00:00:00+00:00,AWS-BHO-101,23.6,957.5,26.0,False,,low,2.0,NORMAL,22.2,963.2,31.0,HEALTHY,replay,3.3,0.0
2025-03-10T01:00:00+00:00,AWS-BHO-101,22.7,957.0,27.0,False,,low,2.2,NORMAL,20.9,962.8,33.0,HEALTHY,replay,3.6,0.0
2025-03-10T02:00:00+00:00,AWS-BHO-101,22.2,956.5,28.0,False,,low,1.5,NORMAL,20.5,962.5,33.0,HEALTHY,replay,2.4,0.0
2025-03-10T03:00:00+00:00,AWS-BHO-101,22.0,956.0,28.0,False,,low,2.1,NORMAL,19.5,962.1,35.0,HEALTHY,replay,3.4,0.0
2025-03-10T04:00:00+00:00,AWS-BHO-101,21.6,956.1,29.0,False,,low,1.1,NORMAL,19.0,962.3,38.0,HEALTHY,replay,1.9,0.0
2025-03-10T05:00:00+00:00,AWS-BHO-101,21.0,956.6,31.0,False,,low,0.9,NORMAL,18.4,962.8,40.0,HEALTHY,replay,1.5,0.0
2025-03-10T06:00:00+00:00,AWS-BHO-101,21.1,958.1,33.0,False,,low,2.8,NORMAL,18.9,964.2,41.0,HEALTHY,replay,4.7,0.0
2025-03-10T07:00:00+00:00,AWS-BHO-101,22.0,959.0,32.0,False,,low,2.5,NORMAL,20.6,965.0,40.0,HEALTHY,replay,4.1,0.0
2025-03-10T08:00:00+00:00,AWS-BHO-101,24.8,960.3,29.0,False,,low,14.0,NORMAL,23.6,966.4,35.0,HEALTHY,replay,23.3,0.0
2025-03-10T09:00:00+00:00,AWS-BHO-101,28.1,961.3,25.0,False,,low,23.0,NORMAL,26.7,967.3,30.0,HEALTHY,replay,38.3,0.0
2025-03-10T10:00:00+00:00,AWS-BHO-101,31.4,961.7,19.0,False,,low,33.9,NORMAL,29.6,967.7,25.0,HEALTHY,replay,56.5,0.0
2025-03-10T11:00:00+00:00,AWS-BHO-101,33.4,961.1,16.0,False,,low,20.5,NORMAL,31.8,967.2,19.0,HEALTHY,replay,34.2,0.0
2025-03-10T12:00:00+00:00,AWS-BHO-101,34.5,960.2,16.0,False,,low,11.1,NORMAL,33.5,966.2,17.0,HEALTHY,replay,18.6,0.0
2025-03-10T13:00:00+00:00,AWS-BHO-101,35.0,959.1,15.0,False,,low,11.9,NORMAL,34.3,965.1,16.0,HEALTHY,replay,19.8,0.0
2025-03-10T14:00:00+00:00,AWS-BHO-101,35.2,958.1,15.0,False,,low,15.2,NORMAL,34.5,964.1,15.0,HEALTHY,replay,25.3,0.0
2025-03-10T15:00:00+00:00,AWS-BHO-101,35.0,957.4,15.0,False,,low,11.5,NORMAL,34.5,963.5,14.0,HEALTHY,replay,19.2,0.0
2025-03-10T16:00:00+00:00,AWS-BHO-101,34.5,957.2,15.0,False,,low,10.0,NORMAL,34.0,963.2,15.0,HEALTHY,replay,16.6,0.0
2025-03-10T17:00:00+00:00,AWS-BHO-101,32.8,957.2,29.0,False,,low,18.5,NORMAL,32.8,963.0,16.0,HEALTHY,replay,30.8,0.0
2025-03-10T18:00:00+00:00,AWS-BHO-101,30.0,957.5,21.0,False,,low,13.4,NORMAL,29.6,963.2,21.0,HEALTHY,replay,22.3,0.0
2025-03-10T19:00:00+00:00,AWS-BHO-101,28.5,957.8,22.0,False,,low,2.9,NORMAL,27.7,963.6,29.0,HEALTHY,replay,4.9,0.0
2025-03-10T20:00:00+00:00,AWS-BHO-101,26.4,958.5,25.0,False,,low,2.1,NORMAL,26.9,964.5,29.0,HEALTHY,replay,3.5,0.0
2025-03-10T21:00:00+00:00,AWS-BHO-101,25.2,958.6,28.0,False,,low,1.6,NORMAL,25.0,964.7,30.0,HEALTHY,replay,2.7,0.0
2025-03-10T22:00:00+00:00,AWS-BHO-101,24.3,958.5,30.0,False,,low,2.0,NORMAL,24.1,964.6,31.0,HEALTHY,replay,3.3,0.0
2025-03-10T23:00:00+00:00,AWS-BHO-101,22.9,958.0,33.0,False,,low,1.7,NORMAL,22.5,964.1,32.0,HEALTHY,replay,2.9,0.0
2025-03-11T00:00:00+00:00,AWS-BHO-101,23.1,957.9,32.0,False,,low,1.2,NORMAL,21.8,963.6,34.0,HEALTHY,replay,2.0,0.0
2025-03-11T01:00:00+00:00,AWS-BHO-101,23.5,957.6,30.0,False,,low,0.9,NORMAL,21.2,963.3,36.0,HEALTHY,replay,1.5,0.0
2025-03-11T02:00:00+00:00,AWS-BHO-101,22.9,956.8,30.0,False,,low,0.7,NORMAL,20.7,962.8,37.0,HEALTHY,replay,1.1,0.0
2025-03-11T03:00:00+00:00,AWS-BHO-101,22.4,956.4,31.0,False,,low,0.4,NORMAL,20.4,962.4,39.0,HEALTHY,replay,0.7,0.0
2025-03-11T04:00:00+00:00,AWS-BHO-101,21.8,956.5,32.0,False,,low,0.4,NORMAL,19.6,962.4,41.0,HEALTHY,replay,0.6,0.0
2025-03-11T05:00:00+00:00,AWS-BHO-101,21.4,956.8,33.0,False,,low,0.4,NORMAL,18.9,962.7,43.0,HEALTHY,replay,0.7,0.0
2025-03-11T06:00:00+00:00,AWS-BHO-101,21.1,957.8,37.0,False,,low,0.4,NORMAL,18.7,963.7,48.0,HEALTHY,replay,0.7,0.0
2025-03-11T07:00:00+00:00,AWS-BHO-101,22.2,959.0,36.0,False,,low,1.2,NORMAL,20.4,965.1,45.0,HEALTHY,replay,2.1,0.0
2025-03-11T08:00:00+00:00,AWS-BHO-101,25.7,960.4,32.0,False,,low,7.5,NORMAL,24.1,966.6,38.9,HEALTHY,replay,12.5,0.0
2025-03-11T09:00:00+00:00,AWS-BHO-101,29.9,961.6,25.0,False,,low,22.1,NORMAL,27.9,967.5,32.0,HEALTHY,replay,36.9,0.0
2025-03-11T10:00:00+00:00,AWS-BHO-101,33.0,961.4,19.0,False,,low,18.4,NORMAL,30.9,967.3,26.0,HEALTHY,replay,30.6,0.0
2025-03-11T11:00:00+00:00,AWS-BHO-101,34.7,960.8,16.0,False,,low,5.9,NORMAL,33.2,966.6,21.0,HEALTHY,replay,9.9,0.0
2025-03-11T12:00:00+00:00,AWS-BHO-101,35.5,959.8,15.0,False,,low,2.3,NORMAL,34.5,965.7,19.0,HEALTHY,replay,3.8,0.0
2025-03-11T13:00:00+00:00,AWS-BHO-101,36.1,958.4,15.0,False,,low,2.7,NORMAL,35.2,964.4,18.0,HEALTHY,replay,4.6,0.0
2025-03-11T14:00:00+00:00,AWS-BHO-101,36.4,957.4,14.0,False,,low,3.7,NORMAL,35.7,963.4,17.0,HEALTHY,replay,6.1,0.0
2025-03-11T15:00:00+00:00,AWS-BHO-101,36.4,956.5,13.0,False,,low,6.6,NORMAL,35.8,962.6,16.0,HEALTHY,replay,10.9,0.0
2025-03-11T16:00:00+00:00,AWS-BHO-101,36.1,956.1,13.0,False,,low,4.2,NORMAL,35.5,962.2,17.0,HEALTHY,replay,7.1,0.0
2025-03-11T17:00:00+00:00,AWS-BHO-101,34.3,956.0,18.0,False,,low,1.6,NORMAL,34.0,962.0,23.72,HEALTHY,replay,2.7,0.0
2025-03-11T18:00:00+00:00,AWS-BHO-101,30.7,955.9,19.0,False,,low,3.0,NORMAL,30.0,962.0,28.0,HEALTHY,replay,5.0,0.0
2025-03-11T19:00:00+00:00,AWS-BHO-101,29.4,956.3,21.0,False,,low,1.7,NORMAL,28.6,962.1,26.0,HEALTHY,replay,2.9,0.0
2025-03-11T20:00:00+00:00,AWS-BHO-101,26.5,957.0,23.0,False,,low,2.6,NORMAL,27.3,962.5,27.0,HEALTHY,replay,4.3,0.0
2025-03-11T21:00:00+00:00,AWS-BHO-101,25.7,956.9,28.0,False,,low,1.4,NORMAL,25.9,962.5,28.0,HEALTHY,replay,2.3,0.0
2025-03-11T22:00:00+00:00,AWS-BHO-101,25.8,956.7,28.0,False,,low,0.8,NORMAL,25.0,962.3,31.0,HEALTHY,replay,1.3,0.0
2025-03-11T23:00:00+00:00,AWS-BHO-101,25.2,955.9,28.0,False,,low,1.2,NORMAL,23.0,961.4,38.0,HEALTHY,replay,1.9,0.0
2025-03-12T00:00:00+00:00,AWS-BHO-101,24.4,955.4,29.0,False,,low,0.7,NORMAL,22.1,960.9,39.0,HEALTHY,replay,1.2,0.0
2025-03-12T01:00:00+00:00,AWS-BHO-101,24.3,955.1,31.0,False,,low,1.0,NORMAL,21.8,960.3,41.0,HEALTHY,replay,1.7,0.0
2025-03-12T02:00:00+00:00,AWS-BHO-101,23.3,954.3,33.0,False,,low,4.0,NORMAL,21.3,959.8,44.0,HEALTHY,replay,6.6,0.0
2025-03-12T03:00:00+00:00,AWS-BHO-101,22.1,953.7,37.0,False,,low,4.6,NORMAL,21.0,959.5,44.0,HEALTHY,replay,7.6,0.0
2025-03-12T04:00:00+00:00,AWS-BHO-101,22.1,953.5,36.0,False,,low,2.1,NORMAL,20.0,959.2,46.0,HEALTHY,replay,3.5,0.0
2025-03-12T05:00:00+00:00,AWS-BHO-101,22.3,953.8,36.0,False,,low,4.3,NORMAL,19.1,959.2,46.0,HEALTHY,replay,7.2,0.0
2025-03-12T06:00:00+00:00,AWS-BHO-101,22.0,954.7,39.0,False,,low,2.7,NORMAL,19.9,960.2,48.0,HEALTHY,replay,4.4,0.0
2025-03-12T07:00:00+00:00,AWS-BHO-101,23.5,955.5,38.0,False,,low,4.4,NORMAL,21.8,961.0,43.0,HEALTHY,replay,7.3,0.0
2025-03-12T08:00:00+00:00,AWS-BHO-101,27.4,957.1,32.0,False,,low,12.5,NORMAL,25.9,962.8,38.0,HEALTHY,replay,20.8,0.0
2025-03-12T09:00:00+00:00,AWS-BHO-101,31.2,957.9,25.0,False,,low,34.5,NORMAL,30.0,963.6,31.0,HEALTHY,replay,57.5,0.0
2025-03-12T10:00:00+00:00,AWS-BHO-101,33.8,958.2,19.0,False,,low,18.1,NORMAL,33.2,963.9,25.0,HEALTHY,replay,30.1,0.0
2025-03-12T11:00:00+00:00,AWS-BHO-101,35.5,957.4,15.0,False,,low,6.8,NORMAL,34.9,963.2,21.0,HEALTHY,replay,11.3,0.0
2025-03-12T12:00:00+00:00,AWS-BHO-101,36.6,956.4,13.0,False,,low,7.3,NORMAL,36.2,962.1,18.0,HEALTHY,replay,12.1,0.0
2025-03-12T13:00:00+00:00,AWS-BHO-101,37.3,955.1,12.0,False,,low,5.6,NORMAL,36.9,960.7,16.0,HEALTHY,replay,9.4,0.0
2025-03-12T14:00:00+00:00,AWS-BHO-101,37.7,953.9,11.0,False,,low,13.7,NORMAL,37.1,959.5,14.0,HEALTHY,replay,22.9,0.0
2025-03-12T15:00:00+00:00,AWS-BHO-101,37.2,953.2,10.0,False,,low,9.8,NORMAL,37.5,958.7,13.0,HEALTHY,replay,16.3,0.0
2025-03-12T16:00:00+00:00,AWS-BHO-101,36.4,952.7,11.0,False,,low,9.5,NORMAL,36.9,958.1,14.0,HEALTHY,replay,15.8,0.0
2025-03-12T17:00:00+00:00,AWS-BHO-101,35.2,952.5,12.0,False,,low,6.7,NORMAL,35.2,957.6,30.0,HEALTHY,replay,11.2,0.0
2025-03-12T18:00:00+00:00,AWS-BHO-101,32.0,952.2,13.0,False,,low,8.2,NORMAL,31.3,957.4,16.0,HEALTHY,replay,13.7,0.0
2025-03-12T19:00:00+00:00,AWS-BHO-101,29.7,952.5,15.0,False,,low,8.1,NORMAL,29.1,957.8,17.0,HEALTHY,replay,13.5,0.0
2025-03-12T20:00:00+00:00,AWS-BHO-101,28.1,953.3,17.0,False,,low,4.3,NORMAL,27.5,958.4,20.0,HEALTHY,replay,7.1,0.0
2025-03-12T21:00:00+00:00,AWS-BHO-101,27.4,953.8,17.0,False,,low,2.4,NORMAL,25.9,958.9,22.0,HEALTHY,replay,4.0,0.0
2025-03-12T22:00:00+00:00,AWS-BHO-101,27.6,954.3,16.0,False,,low,3.6,NORMAL,25.2,959.4,24.0,HEALTHY,replay,6.0,0.0
2025-03-12T23:00:00+00:00,AWS-BHO-101,25.2,953.9,19.0,False,,low,1.4,NORMAL,22.7,959.4,28.0,HEALTHY,replay,2.4,0.0
2025-03-13T00:00:00+00:00,AWS-BHO-101,23.9,953.6,23.0,False,,low,2.0,NORMAL,22.0,958.9,30.0,HEALTHY,replay,3.3,0.0
2025-03-13T01:00:00+00:00,AWS-BHO-101,23.7,953.3,24.0,False,,low,1.9,NORMAL,21.0,958.5,30.0,HEALTHY,replay,3.2,0.0
2025-03-13T02:00:00+00:00,AWS-BHO-101,24.4,952.8,24.0,False,,low,1.6,NORMAL,21.1,958.0,27.0,HEALTHY,replay,2.6,0.0
2025-03-13T03:00:00+00:00,AWS-BHO-101,24.3,952.6,24.0,False,,low,3.0,NORMAL,21.6,957.8,27.0,HEALTHY,replay,5.0,0.0
2025-03-13T04:00:00+00:00,AWS-BHO-101,23.9,952.5,25.0,False,,low,2.7,NORMAL,21.3,957.7,29.0,HEALTHY,replay,4.6,0.0
2025-03-13T05:00:00+00:00,AWS-BHO-101,23.6,953.0,25.0,False,,low,1.6,NORMAL,20.2,958.95,32.0,HEALTHY,replay,2.7,0.0
2025-03-13T06:00:00+00:00,AWS-BHO-101,22.6,953.8,30.0,False,,low,2.3,NORMAL,20.3,959.1,37.0,HEALTHY,replay,3.8,0.0
2025-03-13T07:00:00+00:00,AWS-BHO-101,23.6,954.6,30.0,False,,low,2.3,NORMAL,22.5,960.2,34.0,HEALTHY,replay,3.9,0.0
2025-03-13T08:00:00+00:00,AWS-BHO-101,27.4,955.9,26.0,False,,low,6.2,NORMAL,26.3,961.5,28.0,HEALTHY,replay,10.3,0.0
2025-03-13T09:00:00+00:00,AWS-BHO-101,31.3,957.1,21.0,False,,low,21.2,NORMAL,30.5,962.5,22.0,HEALTHY,replay,35.3,0.0
2025-03-13T10:00:00+00:00,AWS-BHO-101,34.0,957.0,15.0,False,,low,18.9,NORMAL,33.6,962.6,16.0,HEALTHY,replay,31.5,0.0
2025-03-13T11:00:00+00:00,AWS-BHO-101,35.4,956.4,12.0,False,,low,7.3,NORMAL,35.1,962.0,13.0,HEALTHY,replay,12.1,0.0
2025-03-13T12:00:00+00:00,AWS-BHO-101,36.3,955.4,11.0,False,,low,3.9,NORMAL,36.2,961.0,11.0,HEALTHY,replay,6.6,0.0
2025-03-13T13:00:00+00:00,AWS-BHO-101,36.8,953.8,10.0,False,,low,5.3,NORMAL,36.7,959.3,10.0,HEALTHY,replay,8.8,0.0
2025-03-13T14:00:00+00:00,AWS-BHO-101,37.1,952.5,9.0,False,,low,11.0,NORMAL,37.1,957.9,9.0,HEALTHY,replay,18.4,0.0
2025-03-13T15:00:00+00:00,AWS-BHO-101,37.0,951.6,8.0,False,,low,19.7,NORMAL,36.9,957.0,8.0,HEALTHY,replay,32.8,0.0
2025-03-13T16:00:00+00:00,AWS-BHO-101,36.3,951.2,8.0,False,,low,8.2,NORMAL,36.6,956.7,8.0,HEALTHY,replay,13.7,0.0
2025-03-13T17:00:00+00:00,AWS-BHO-101,35.0,951.3,9.0,False,,low,3.5,NORMAL,35.1,956.6,13.0,HEALTHY,replay,5.9,0.0
2025-03-13T18:00:00+00:00,AWS-BHO-101,31.8,951.2,10.0,False,,low,5.5,NORMAL,31.3,956.6,13.0,HEALTHY,replay,9.2,0.0
2025-03-13T19:00:00+00:00,AWS-BHO-101,29.7,951.6,12.0,False,,low,2.9,NORMAL,29.8,957.1,18.0,HEALTHY,replay,4.9,0.0
2025-03-13T20:00:00+00:00,AWS-BHO-101,28.5,952.7,12.0,False,,low,2.0,NORMAL,27.7,957.8,16.0,HEALTHY,replay,3.3,0.0
2025-03-13T21:00:00+00:00,AWS-BHO-101,27.4,953.3,12.0,False,,low,1.2,NORMAL,27.1,958.4,14.0,HEALTHY,replay,1.9,0.0
2025-03-13T22:00:00+00:00,AWS-BHO-101,26.8,953.5,13.0,False,,low,0.9,NORMAL,26.4,958.7,15.0,HEALTHY,replay,1.5,0.0
2025-03-13T23:00:00+00:00,AWS-BHO-101,26.3,953.4,14.0,False,,low,0.5,NORMAL,25.6,958.7,15.0,HEALTHY,replay,0.9,0.0
2025-03-14T00:00:00+00:00,AWS-BHO-101,25.9,953.1,15.0,False,,low,0.6,NORMAL,25.4,958.4,16.0,HEALTHY,replay,1.1,0.0
2025-03-14T01:00:00+00:00,AWS-BHO-101,25.7,952.8,17.0,False,,low,1.1,NORMAL,25.1,958.0,17.0,HEALTHY,replay,1.8,0.0
2025-03-14T02:00:00+00:00,AWS-BHO-101,25.4,952.2,18.0,False,,low,0.7,NORMAL,25.0,957.5,19.0,HEALTHY,replay,1.2,0.0
2025-03-14T03:00:00+00:00,AWS-BHO-101,25.4,951.9,20.0,False,,low,1.0,NORMAL,25.3,957.3,20.0,HEALTHY,replay,1.7,0.0
2025-03-14T04:00:00+00:00,AWS-BHO-101,25.1,952.1,22.0,False,,low,1.2,NORMAL,25.3,957.6,22.0,HEALTHY,replay,2.0,0.0
2025-03-14T05:00:00+00:00,AWS-BHO-101,24.2,952.6,24.0,False,,low,0.9,NORMAL,24.1,958.3,25.0,HEALTHY,replay,1.4,0.0
2025-03-14T06:00:00+00:00,AWS-BHO-101,22.5,953.6,30.0,False,,low,1.2,NORMAL,21.0,959.4,36.0,HEALTHY,replay,2.0,0.0
2025-03-14T07:00:00+00:00,AWS-BHO-101,23.7,954.9,31.0,False,,low,2.5,NORMAL,23.1,960.6,34.0,HEALTHY,replay,4.1,0.0
2025-03-14T08:00:00+00:00,AWS-BHO-101,27.1,956.4,27.0,False,,low,22.0,NORMAL,26.5,962.3,30.0,HEALTHY,replay,36.6,0.0
2025-03-14T09:00:00+00:00,AWS-BHO-101,30.1,957.4,24.0,False,,low,21.2,NORMAL,29.6,963.4,25.0,HEALTHY,replay,35.3,0.0
2025-03-14T10:00:00+00:00,AWS-BHO-101,32.8,957.4,22.0,False,,low,15.3,NORMAL,31.9,963.4,23.0,HEALTHY,replay,25.4,0.0
2025-03-14T11:00:00+00:00,AWS-BHO-101,35.0,957.0,18.0,False,,low,5.6,NORMAL,33.9,963.1,21.0,HEALTHY,replay,9.3,0.0
2025-03-14T12:00:00+00:00,AWS-BHO-101,36.0,956.0,16.0,False,,low,2.6,NORMAL,35.3,962.0,18.0,HEALTHY,replay,4.3,0.0
2025-03-14T13:00:00+00:00,AWS-BHO-101,36.6,954.9,15.0,False,,low,1.7,NORMAL,36.2,960.8,17.0,HEALTHY,replay,2.8,0.0
2025-03-14T14:00:00+00:00,AWS-BHO-101,36.7,953.7,15.0,False,,low,2.6,NORMAL,36.9,959.4,16.0,HEALTHY,replay,4.3,0.0
2025-03-14T15:00:00+00:00,AWS-BHO-101,36.6,952.9,14.0,False,,low,3.4,NORMAL,36.9,958.2,14.0,HEALTHY,replay,5.6,0.0
2025-03-14T16:00:00+00:00,AWS-BHO-101,36.1,952.6,14.0,False,,low,2.6,NORMAL,36.2,958.0,14.0,HEALTHY,replay,4.3,0.0
2025-03-14T17:00:00+00:00,AWS-BHO-101,35.0,952.5,15.0,False,,low,2.1,NORMAL,35.0,957.8,15.0,HEALTHY,replay,3.5,0.0
2025-03-14T18:00:00+00:00,AWS-BHO-101,31.4,952.7,17.0,False,,low,2.9,NORMAL,31.8,958.3,20.0,HEALTHY,replay,4.8,0.0
2025-03-14T19:00:00+00:00,AWS-BHO-101,29.3,953.1,19.0,False,,low,1.6,NORMAL,29.3,958.6,23.0,HEALTHY,replay,2.7,0.0
2025-03-14T20:00:00+00:00,AWS-BHO-101,28.3,953.9,20.0,False,,low,1.2,NORMAL,27.9,959.4,26.0,HEALTHY,replay,2.1,0.0
2025-03-14T21:00:00+00:00,AWS-BHO-101,26.9,954.2,22.0,False,,low,1.0,NORMAL,26.7,959.8,28.0,HEALTHY,replay,1.7,0.0
2025-03-14T22:00:00+00:00,AWS-BHO-101,24.6,954.5,26.0,False,,low,1.9,NORMAL,26.9,960.2,26.0,HEALTHY,replay,3.2,0.0
2025-03-14T23:00:00+00:00,AWS-BHO-101,24.4,954.5,25.0,False,,low,1.8,NORMAL,25.7,960.1,26.0,HEALTHY,replay,3.0,0.0
2025-03-15T00:00:00+00:00,AWS-BHO-101,23.7,954.1,25.0,False,,low,1.5,NORMAL,25.0,959.6,27.0,HEALTHY,replay,2.4,0.0
2025-03-15T01:00:00+00:00,AWS-BHO-101,23.7,953.6,25.0,False,,low,1.3,NORMAL,24.5,959.3,27.0,HEALTHY,replay,2.2,0.0
2025-03-15T02:00:00+00:00,AWS-BHO-101,22.8,953.3,27.0,False,,low,0.7,NORMAL,23.6,958.9,30.0,HEALTHY,replay,1.2,0.0
2025-03-15T03:00:00+00:00,AWS-BHO-101,22.2,952.9,28.0,False,,low,0.9,NORMAL,22.4,958.6,29.0,HEALTHY,replay,1.6,0.0
2025-03-15T04:00:00+00:00,AWS-BHO-101,21.8,952.7,29.0,False,,low,0.8,NORMAL,21.2,958.6,31.0,HEALTHY,replay,1.4,0.0
2025-03-15T05:00:00+00:00,AWS-BHO-101,21.6,953.2,30.0,False,,low,1.0,NORMAL,20.7,958.9,33.0,HEALTHY,replay,1.7,0.0
2025-03-15T06:00:00+00:00,AWS-BHO-101,21.0,954.2,38.0,False,,low,1.8,NORMAL,20.6,960.0,38.0,HEALTHY,replay,2.9,0.0
2025-03-15T07:00:00+00:00,AWS-BHO-101,22.9,955.5,36.0,False,,low,2.8,NORMAL,22.9,961.2,35.0,HEALTHY,replay,4.6,0.0
2025-03-15T08:00:00+00:00,AWS-BHO-101,26.9,956.9,29.0,False,,low,11.0,NORMAL,26.6,962.8,31.0,HEALTHY,replay,18.3,0.0
2025-03-15T09:00:00+00:00,AWS-BHO-101,30.4,957.8,24.0,False,,low,17.8,NORMAL,30.1,963.7,25.0,HEALTHY,replay,29.6,0.0
2025-03-15T10:00:00+00:00,AWS-BHO-101,33.0,958.0,19.0,False,,low,10.0,NORMAL,33.1,963.8,21.0,HEALTHY,replay,16.7,0.0
2025-03-15T11:00:00+00:00,AWS-BHO-101,34.5,957.6,16.0,False,,low,3.3,NORMAL,34.5,963.3,16.0,HEALTHY,replay,5.6,0.0
2025-03-15T12:00:00+00:00,AWS-BHO-101,35.8,956.9,14.0,False,,low,3.4,NORMAL,35.7,962.7,15.0,HEALTHY,replay,5.6,0.0
2025-03-15T13:00:00+00:00,AWS-BHO-101,36.6,956.0,14.0,False,,low,1.9,NORMAL,36.6,961.8,15.0,HEALTHY,replay,3.2,0.0
2025-03-15T14:00:00+00:00,AWS-BHO-101,36.9,955.2,14.0,False,,low,2.5,NORMAL,37.4,961.0,13.0,HEALTHY,replay,4.1,0.0
2025-03-15T15:00:00+00:00,AWS-BHO-101,37.1,954.1,12.0,False,,low,3.4,NORMAL,36.6,960.1,14.0,HEALTHY,replay,5.7,0.0
2025-03-15T16:00:00+00:00,AWS-BHO-101,35.5,953.9,15.0,False,,low,1.8,NORMAL,35.4,959.9,15.0,HEALTHY,replay,3.0,0.0
2025-03-15T17:00:00+00:00,AWS-BHO-101,34.9,953.9,15.0,False,,low,1.3,NORMAL,34.6,960.0,17.0,HEALTHY,replay,2.1,0.0
2025-03-15T18:00:00+00:00,AWS-BHO-101,33.0,954.7,17.0,False,,low,0.9,NORMAL,32.9,960.5,19.0,HEALTHY,replay,1.5,0.0
2025-03-15T19:00:00+00:00,AWS-BHO-101,31.6,955.3,19.0,False,,low,1.0,NORMAL,31.3,960.7,20.0,HEALTHY,replay,1.7,0.0
2025-03-15T20:00:00+00:00,AWS-BHO-101,29.8,955.9,22.0,False,,low,0.9,NORMAL,30.2,961.5,22.0,HEALTHY,replay,1.4,0.0
2025-03-15T21:00:00+00:00,AWS-BHO-101,28.5,956.3,24.0,False,,low,0.8,NORMAL,29.2,962.0,23.0,HEALTHY,replay,1.3,0.0
2025-03-15T22:00:00+00:00,AWS-BHO-101,27.3,956.5,26.0,False,,low,1.0,NORMAL,28.4,962.0,24.0,HEALTHY,replay,1.6,0.0
2025-03-15T23:00:00+00:00,AWS-BHO-101,26.9,956.2,26.0,False,,low,0.6,NORMAL,28.6,961.6,24.0,HEALTHY,replay,1.0,0.0
2025-03-16T00:00:00+00:00,AWS-BHO-101,26.3,955.8,28.0,False,,low,0.6,NORMAL,28.4,961.3,24.0,HEALTHY,replay,1.0,0.0
2025-03-16T01:00:00+00:00,AWS-BHO-101,26.8,955.7,26.0,False,,low,1.5,NORMAL,28.3,961.1,24.0,HEALTHY,replay,2.5,0.0
2025-03-16T02:00:00+00:00,AWS-BHO-101,25.2,954.9,29.0,False,,low,0.5,NORMAL,27.0,960.9,28.0,HEALTHY,replay,0.8,0.0
2025-03-16T03:00:00+00:00,AWS-BHO-101,24.5,954.6,33.0,False,,low,0.5,NORMAL,25.8,960.4,32.0,HEALTHY,replay,0.8,0.0
2025-03-16T04:00:00+00:00,AWS-BHO-101,23.6,954.8,37.0,False,,low,0.7,NORMAL,24.6,960.4,36.0,HEALTHY,replay,1.2,0.0
2025-03-16T05:00:00+00:00,AWS-BHO-101,23.2,955.3,39.0,False,,low,0.5,NORMAL,23.9,960.5,37.0,HEALTHY,replay,0.8,0.0
2025-03-16T06:00:00+00:00,AWS-BHO-101,23.4,955.9,39.0,False,,low,0.8,NORMAL,23.4,961.5,38.0,HEALTHY,replay,1.3,0.0
2025-03-16T07:00:00+00:00,AWS-BHO-101,24.2,956.9,36.0,False,,low,1.0,NORMAL,25.0,962.5,36.0,HEALTHY,replay,1.6,0.0
2025-03-16T08:00:00+00:00,AWS-BHO-101,26.8,958.1,30.0,False,,low,1.3,NORMAL,27.2,963.6,31.0,HEALTHY,replay,2.2,0.0
2025-03-16T09:00:00+00:00,AWS-BHO-101,29.5,958.7,25.0,False,,low,2.8,NORMAL,29.9,964.3,25.0,HEALTHY,replay,4.7,0.0
2025-03-16T10:00:00+00:00,AWS-BHO-101,31.6,958.8,21.0,False,,low,2.5,NORMAL,31.7,964.5,22.0,HEALTHY,replay,4.1,0.0
2025-03-16T11:00:00+00:00,AWS-BHO-101,33.1,958.4,18.0,False,,low,1.7,NORMAL,33.2,964.2,19.0,HEALTHY,replay,2.8,0.0
2025-03-16T12:00:00+00:00,AWS-BHO-101,33.5,957.5,17.0,False,,low,1.1,NORMAL,33.9,963.1,17.0,HEALTHY,replay,1.8,0.0
2025-03-16T13:00:00+00:00,AWS-BHO-101,34.4,956.4,16.0,False,,low,1.3,NORMAL,34.5,961.7,17.0,HEALTHY,replay,2.2,0.0
2025-03-16T14:00:00+00:00,AWS-BHO-101,34.3,955.2,16.0,False,,low,3.2,NORMAL,34.5,960.59,16.0,HEALTHY,replay,5.3,0.0
2025-03-16T15:00:00+00:00,AWS-BHO-101,34.1,954.3,16.0,False,,low,4.5,NORMAL,34.6,960.08,16.0,HEALTHY,replay,7.4,0.0
2025-03-16T16:00:00+00:00,AWS-BHO-101,34.0,954.0,15.0,False,,low,2.5,NORMAL,33.9,959.96,16.0,HEALTHY,replay,4.1,0.0
2025-03-16T17:00:00+00:00,AWS-BHO-101,33.0,953.8,16.0,False,,low,1.2,NORMAL,33.1,959.85,17.0,HEALTHY,replay,2.0,0.0
2025-03-16T18:00:00+00:00,AWS-BHO-101,30.5,953.8,19.0,False,,low,2.0,NORMAL,29.7,960.04,24.0,HEALTHY,replay,3.3,0.0
2025-03-16T19:00:00+00:00,AWS-BHO-101,28.6,954.0,22.0,False,,low,3.0,NORMAL,28.9,960.73,24.0,HEALTHY,replay,4.9,0.0
2025-03-16T20:00:00+00:00,AWS-BHO-101,27.7,954.5,26.0,False,,low,1.6,NORMAL,27.9,961.42,25.0,HEALTHY,replay,2.6,0.0
2025-03-16T21:00:00+00:00,AWS-BHO-101,27.0,954.9,27.0,False,,low,0.6,NORMAL,26.0,961.71,29.0,HEALTHY,replay,0.9,0.0
2025-03-16T22:00:00+00:00,AWS-BHO-101,25.6,954.9,28.0,False,,low,0.9,NORMAL,25.8,961.7,29.0,HEALTHY,replay,1.4,0.0
2025-03-16T23:00:00+00:00,AWS-BHO-101,26.1,955.0,28.0,False,,low,0.7,NORMAL,26.5,961.8,28.0,HEALTHY,replay,1.1,0.0
2025-03-17T00:00:00+00:00,AWS-BHO-101,26.0,955.1,26.0,False,,low,0.7,NORMAL,25.9,962.1,29.0,HEALTHY,replay,1.2,0.0
2025-03-17T01:00:00+00:00,AWS-BHO-101,24.2,954.9,30.0,False,,low,0.9,NORMAL,24.9,961.9,31.0,HEALTHY,replay,1.5,0.0
2025-03-17T02:00:00+00:00,AWS-BHO-101,22.8,954.2,36.0,False,,low,1.1,NORMAL,23.4,961.3,34.0,HEALTHY,replay,1.8,0.0
2025-03-17T03:00:00+00:00,AWS-BHO-101,21.9,953.9,41.0,False,,low,0.9,NORMAL,22.5,961.3,38.0,HEALTHY,replay,1.5,0.0
2025-03-17T04:00:00+00:00,AWS-BHO-101,20.8,953.9,45.0,False,,low,0.4,NORMAL,21.7,961.5,41.0,HEALTHY,replay,0.7,0.0
2025-03-17T05:00:00+00:00,AWS-BHO-101,20.3,954.5,46.0,False,,low,0.4,NORMAL,21.1,962.2,46.0,HEALTHY,replay,0.7,0.0
2025-03-17T06:00:00+00:00,AWS-BHO-101,20.4,955.5,55.0,False,,low,2.0,NORMAL,21.4,963.3,58.0,HEALTHY,replay,3.4,0.0
2025-03-17T07:00:00+00:00,AWS-BHO-101,21.6,956.6,53.0,False,,low,0.9,NORMAL,22.1,962.5,56.0,HEALTHY,replay,1.4,0.0
2025-03-17T08:00:00+00:00,AWS-BHO-101,24.5,957.8,46.0,False,,low,4.6,NORMAL,24.2,963.7,51.0,HEALTHY,replay,7.6,0.0
2025-03-17T09:00:00+00:00,AWS-BHO-101,27.1,958.6,40.0,False,,low,5.8,NORMAL,26.6,964.5,44.0,HEALTHY,replay,9.6,0.0
2025-03-17T10:00:00+00:00,AWS-BHO-101,29.3,958.9,32.0,False,,low,3.3,NORMAL,28.9,964.7,36.0,HEALTHY,replay,5.5,0.0
2025-03-17T11:00:00+00:00,AWS-BHO-101,30.9,958.7,27.0,False,,low,1.9,NORMAL,30.5,964.3,30.0,HEALTHY,replay,3.2,0.0
2025-03-17T12:00:00+00:00,AWS-BHO-101,32.0,957.8,24.0,False,,low,1.0,NORMAL,31.7,963.3,26.0,HEALTHY,replay,1.7,0.0
2025-03-17T13:00:00+00:00,AWS-BHO-101,32.9,956.5,21.0,False,,low,0.9,NORMAL,32.2,962.2,25.0,HEALTHY,replay,1.6,0.0
2025-03-17T14:00:00+00:00,AWS-BHO-101,33.4,955.4,18.0,False,,low,1.7,NORMAL,33.0,961.2,23.0,HEALTHY,replay,2.9,0.0
2025-03-17T15:00:00+00:00,AWS-BHO-101,33.1,954.7,18.0,False,,low,1.0,NORMAL,33.3,960.4,21.0,HEALTHY,replay,1.6,0.0
2025-03-17T16:00:00+00:00,AWS-BHO-101,32.6,954.6,17.0,False,,low,1.0,NORMAL,32.9,960.2,17.0,HEALTHY,replay,1.7,0.0
2025-03-17T17:00:00+00:00,AWS-BHO-101,31.3,954.8,19.0,False,,low,0.6,NORMAL,31.9,960.2,18.0,HEALTHY,replay,1.1,0.0
2025-03-17T18:00:00+00:00,AWS-BHO-101,28.9,955.4,21.0,False,,low,1.0,NORMAL,29.4,960.7,26.0,HEALTHY,replay,1.7,0.0
2025-03-17T19:00:00+00:00,AWS-BHO-101,27.8,956.0,22.0,False,,low,1.0,NORMAL,27.9,961.4,25.0,HEALTHY,replay,1.7,0.0
2025-03-17T20:00:00+00:00,AWS-BHO-101,26.8,956.4,23.0,False,,low,0.7,NORMAL,27.0,962.1,26.0,HEALTHY,replay,1.2,0.0
2025-03-17T21:00:00+00:00,AWS-BHO-101,25.2,956.7,26.0,False,,low,0.8,NORMAL,26.0,962.4,29.0,HEALTHY,replay,1.3,0.0
2025-03-17T22:00:00+00:00,AWS-BHO-101,24.4,956.9,30.0,False,,low,0.7,NORMAL,25.1,962.4,32.0,HEALTHY,replay,1.2,0.0
2025-03-17T23:00:00+00:00,AWS-BHO-101,23.8,956.8,30.0,False,,low,0.8,NORMAL,24.6,962.5,30.0,HEALTHY,replay,1.3,0.0
2025-03-18T00:00:00+00:00,AWS-BHO-101,23.2,956.6,30.0,False,,low,0.6,NORMAL,23.5,962.4,32.0,HEALTHY,replay,1.1,0.0
2025-03-18T01:00:00+00:00,AWS-BHO-101,22.5,956.3,32.0,False,,low,0.5,NORMAL,22.1,962.1,38.0,HEALTHY,replay,0.8,0.0
2025-03-18T02:00:00+00:00,AWS-BHO-101,21.8,955.5,33.0,False,,low,0.3,NORMAL,21.4,961.4,42.0,HEALTHY,replay,0.6,0.0
2025-03-18T03:00:00+00:00,AWS-BHO-101,21.2,955.1,35.0,False,,low,0.3,NORMAL,20.9,961.2,44.0,HEALTHY,replay,0.6,0.0
2025-03-18T04:00:00+00:00,AWS-BHO-101,20.8,955.1,37.0,False,,low,0.3,NORMAL,20.1,961.1,47.0,HEALTHY,replay,0.5,0.0
2025-03-18T05:00:00+00:00,AWS-BHO-101,20.5,955.3,40.0,False,,low,0.3,NORMAL,19.4,961.4,49.0,HEALTHY,replay,0.5,0.0
2025-03-18T06:00:00+00:00,AWS-BHO-101,20.3,956.1,46.0,False,,low,0.4,NORMAL,19.6,962.2,53.0,HEALTHY,replay,0.7,0.0
2025-03-18T07:00:00+00:00,AWS-BHO-101,21.4,957.0,45.0,False,,low,0.5,NORMAL,21.0,963.2,50.0,HEALTHY,replay,0.8,0.0
2025-03-18T08:00:00+00:00,AWS-BHO-101,24.0,958.0,40.0,False,,low,0.9,NORMAL,23.7,964.2,41.0,HEALTHY,replay,1.5,0.0
2025-03-18T09:00:00+00:00,AWS-BHO-101,26.9,958.8,33.0,False,,low,2.3,NORMAL,26.8,964.7,34.0,HEALTHY,replay,3.9,0.0
2025-03-18T10:00:00+00:00,AWS-BHO-101,29.1,958.9,27.0,False,,low,1.3,NORMAL,29.3,964.6,28.0,HEALTHY,replay,2.2,0.0
2025-03-18T11:00:00+00:00,AWS-BHO-101,30.9,958.4,24.0,False,,low,0.9,NORMAL,31.0,964.1,25.0,HEALTHY,replay,1.5,0.0
2025-03-18T12:00:00+00:00,AWS-BHO-101,32.2,957.5,21.0,False,,low,1.1,NORMAL,32.1,963.2,22.0,HEALTHY,replay,1.8,0.0
2025-03-18T13:00:00+00:00,AWS-BHO-101,33.0,956.3,19.0,False,,low,1.1,NORMAL,32.9,962.0,20.0,HEALTHY,replay,1.8,0.0
2025-03-18T14:00:00+00:00,AWS-BHO-101,33.5,955.4,18.0,False,,low,1.5,NORMAL,33.3,961.2,19.0,HEALTHY,replay,2.6,0.0
2025-03-18T15:00:00+00:00,AWS-BHO-101,33.6,954.8,18.0,False,,low,0.9,NORMAL,33.1,960.6,19.0,HEALTHY,replay,1.5,0.0
2025-03-18T16:00:00+00:00,AWS-BHO-101,33.4,954.7,18.0,False,,low,1.7,NORMAL,32.9,960.7,19.0,HEALTHY,replay,2.8,0.0
2025-03-18T17:00:00+00:00,AWS-BHO-101,32.6,954.7,18.0,False,,low,1.3,NORMAL,32.4,960.7,19.0,HEALTHY,replay,2.1,0.0
2025-03-18T18:00:00+00:00,AWS-BHO-101,29.6,954.8,24.0,False,,low,1.8,NORMAL,29.7,960.9,24.0,HEALTHY,replay,3.0,0.0
2025-03-18T19:00:00+00:00,AWS-BHO-101,27.8,955.1,25.0,False,,low,1.2,NORMAL,27.8,961.0,27.0,HEALTHY,replay,2.0,0.0
2025-03-18T20:00:00+00:00,AWS-BHO-101,27.1,956.0,24.0,False,,low,0.7,NORMAL,26.1,961.5,26.0,HEALTHY,replay,1.2,0.0
2025-03-18T21:00:00+00:00,AWS-BHO-101,26.1,956.2,27.0,False,,low,0.5,NORMAL,25.5,961.9,28.0,HEALTHY,replay,0.8,0.0
2025-03-18T22:00:00+00:00,AWS-BHO-101,25.3,956.3,29.0,False,,low,0.3,NORMAL,24.1,962.3,30.0,HEALTHY,replay,0.5,0.0
2025-03-18T23:00:00+00:00,AWS-BHO-101,24.2,955.9,30.0,False,,low,0.4,NORMAL,23.3,962.0,28.0,HEALTHY,replay,0.6,0.0
2025-03-19T00:00:00+00:00,AWS-BHO-101,23.2,955.4,30.0,False,,low,0.3,NORMAL,22.1,961.3,32.0,HEALTHY,replay,0.5,0.0
2025-03-19T01:00:00+00:00,AWS-BHO-101,22.5,955.0,30.0,False,,low,0.3,NORMAL,21.4,961.1,36.0,HEALTHY,replay,0.6,0.0
2025-03-19T02:00:00+00:00,AWS-BHO-101,21.9,954.5,30.0,False,,low,0.3,NORMAL,20.3,960.3,40.0,HEALTHY,replay,0.5,0.0
2025-03-19T03:00:00+00:00,AWS-BHO-101,21.5,954.4,33.0,False,,low,0.3,NORMAL,20.0,960.4,40.0,HEALTHY,replay,0.5,0.0
2025-03-19T04:00:00+00:00,AWS-BHO-101,20.8,954.4,36.0,False,,low,0.3,NORMAL,19.7,960.4,40.0,HEALTHY,replay,0.5,0.0
2025-03-19T05:00:00+00:00,AWS-BHO-101,20.4,954.8,38.0,False,,low,0.4,NORMAL,19.2,960.8,40.0,HEALTHY,replay,0.6,0.0
2025-03-19T06:00:00+00:00,AWS-BHO-101,20.3,956.0,42.0,False,,low,0.5,NORMAL,19.0,962.0,45.0,HEALTHY,replay,0.8,0.0
2025-03-19T07:00:00+00:00,AWS-BHO-101,21.9,957.1,39.0,False,,low,1.7,NORMAL,21.1,963.2,42.0,HEALTHY,replay,2.8,0.0
2025-03-19T08:00:00+00:00,AWS-BHO-101,25.0,958.1,33.0,False,,low,3.6,NORMAL,24.2,964.4,34.0,HEALTHY,replay,6.0,0.0
2025-03-19T09:00:00+00:00,AWS-BHO-101,28.2,958.8,27.0,False,,low,5.3,NORMAL,27.7,964.9,28.0,HEALTHY,replay,8.8,0.0
2025-03-19T10:00:00+00:00,AWS-BHO-101,31.1,959.0,23.0,False,,low,9.0,NORMAL,30.8,965.0,24.0,HEALTHY,replay,15.1,0.0
2025-03-19T11:00:00+00:00,AWS-BHO-101,33.4,958.5,21.0,False,,low,5.1,NORMAL,32.8,964.5,22.0,HEALTHY,replay,8.5,0.0
2025-03-19T12:00:00+00:00,AWS-BHO-101,35.0,957.7,19.0,False,,low,5.2,NORMAL,34.2,963.6,20.0,HEALTHY,replay,8.7,0.0
2025-03-19T13:00:00+00:00,AWS-BHO-101,35.6,956.6,17.0,False,,low,1.9,NORMAL,35.1,962.6,20.0,HEALTHY,replay,3.2,0.0
2025-03-19T14:00:00+00:00,AWS-BHO-101,36.1,955.3,16.0,False,,low,5.0,NORMAL,35.3,961.4,18.0,HEALTHY,replay,8.3,0.0
2025-03-19T15:00:00+00:00,AWS-BHO-101,36.2,954.5,15.0,False,,low,4.0,NORMAL,35.9,960.6,17.0,HEALTHY,replay,6.6,0.0
2025-03-19T16:00:00+00:00,AWS-BHO-101,35.4,954.3,17.0,False,,low,1.4,NORMAL,35.5,960.3,18.0,HEALTHY,replay,2.3,0.0
2025-03-19T17:00:00+00:00,AWS-BHO-101,34.9,953.9,16.0,False,,low,2.0,NORMAL,34.5,959.9,20.0,HEALTHY,replay,3.4,0.0
2025-03-19T18:00:00+00:00,AWS-BHO-101,31.9,954.4,19.0,False,,low,1.1,NORMAL,32.2,960.2,21.0,HEALTHY,replay,1.9,0.0
2025-03-19T19:00:00+00:00,AWS-BHO-101,30.0,955.1,21.0,False,,low,1.1,NORMAL,31.1,960.7,23.0,HEALTHY,replay,1.8,0.0
2025-03-19T20:00:00+00:00,AWS-BHO-101,29.7,955.9,21.0,False,,low,0.6,NORMAL,29.0,961.3,25.0,HEALTHY,replay,1.0,0.0
2025-03-19T21:00:00+00:00,AWS-BHO-101,28.6,956.5,21.0,False,,low,0.9,NORMAL,27.9,962.6,29.0,HEALTHY,replay,1.5,0.0
2025-03-19T22:00:00+00:00,AWS-BHO-101,27.0,956.8,27.0,False,,low,0.6,NORMAL,26.8,963.0,31.0,HEALTHY,replay,1.1,0.0
2025-03-19T23:00:00+00:00,AWS-BHO-101,26.3,956.9,31.0,False,,low,0.7,NORMAL,25.7,963.2,34.0,HEALTHY,replay,1.2,0.0
2025-03-20T00:00:00+00:00,AWS-BHO-101,25.2,956.8,33.0,False,,low,0.4,NORMAL,24.8,963.0,35.0,HEALTHY,replay,0.7,0.0
2025-03-20T01:00:00+00:00,AWS-BHO-101,24.6,956.5,34.0,False,,low,0.3,NORMAL,24.2,962.3,36.0,HEALTHY,replay,0.5,0.0
2025-03-20T02:00:00+00:00,AWS-BHO-101,23.9,956.0,35.0,False,,low,0.3,NORMAL,23.3,961.9,37.0,HEALTHY,replay,0.5,0.0
2025-03-20T03:00:00+00:00,AWS-BHO-101,23.4,955.8,36.0,False,,low,0.3,NORMAL,23.0,962.1,36.0,HEALTHY,replay,0.5,0.0
2025-03-20T04:00:00+00:00,AWS-BHO-101,22.6,955.8,36.0,False,,low,0.4,NORMAL,22.6,961.9,36.0,HEALTHY,replay,0.6,0.0
2025-03-20T05:00:00+00:00,AWS-BHO-101,22.4,956.3,36.0,False,,low,0.5,NORMAL,22.2,962.3,39.0,HEALTHY,replay,0.8,0.0
2025-03-20T06:00:00+00:00,AWS-BHO-101,21.9,957.0,40.0,False,,low,0.5,NORMAL,22.1,963.1,42.0,HEALTHY,replay,0.8,0.0
2025-03-20T07:00:00+00:00,AWS-BHO-101,23.0,958.1,39.0,False,,low,0.9,NORMAL,23.4,964.1,40.0,HEALTHY,replay,1.5,0.0
2025-03-20T08:00:00+00:00,AWS-BHO-101,25.1,959.1,36.0,False,,low,1.0,NORMAL,25.6,965.0,35.0,HEALTHY,replay,1.6,0.0
2025-03-20T09:00:00+00:00,AWS-BHO-101,27.4,959.6,32.0,False,,low,1.6,NORMAL,27.8,965.4,32.0,HEALTHY,replay,2.7,0.0
2025-03-20T10:00:00+00:00,AWS-BHO-101,30.1,959.8,28.0,False,,low,2.8,NORMAL,30.3,965.7,29.0,HEALTHY,replay,4.6,0.0
2025-03-20T11:00:00+00:00,AWS-BHO-101,31.5,959.4,25.0,False,,low,2.0,NORMAL,32.3,965.1,26.0,HEALTHY,replay,3.3,0.0
2025-03-20T12:00:00+00:00,AWS-BHO-101,33.2,958.5,21.0,False,,low,1.6,NORMAL,33.6,964.1,22.0,HEALTHY,replay,2.7,0.0
2025-03-20T13:00:00+00:00,AWS-BHO-101,34.1,957.5,18.0,False,,low,1.2,NORMAL,34.4,962.9,19.0,HEALTHY,replay,2.0,0.0
2025-03-20T14:00:00+00:00,AWS-BHO-101,34.6,956.3,17.0,False,,low,2.4,NORMAL,35.1,961.8,19.0,HEALTHY,replay,4.0,0.0
2025-03-20T15:00:00+00:00,AWS-BHO-101,33.7,955.3,17.0,False,,low,3.8,NORMAL,35.1,960.8,17.0,HEALTHY,replay,6.3,0.0
2025-03-20T16:00:00+00:00,AWS-BHO-101,33.2,954.9,18.0,False,,low,1.5,NORMAL,34.0,960.6,20.0,HEALTHY,replay,2.5,0.0
2025-03-20T17:00:00+00:00,AWS-BHO-101,33.1,954.7,17.0,False,,low,1.2,NORMAL,32.6,960.4,21.0,HEALTHY,replay,2.1,0.0
2025-03-20T18:00:00+00:00,AWS-BHO-101,30.5,955.2,18.0,False,,low,0.8,NORMAL,30.5,961.1,24.0,HEALTHY,replay,1.4,0.0
2025-03-20T19:00:00+00:00,AWS-BHO-101,29.4,955.8,17.0,False,,low,1.0,NORMAL,29.1,961.7,30.0,HEALTHY,replay,1.6,0.0
2025-03-20T20:00:00+00:00,AWS-BHO-101,27.3,956.3,20.0,False,,low,0.8,NORMAL,27.6,962.6,34.0,HEALTHY,replay,1.3,0.0
2025-03-20T21:00:00+00:00,AWS-BHO-101,26.7,956.9,22.0,False,,low,0.6,NORMAL,26.6,963.1,33.0,HEALTHY,replay,0.9,0.0
2025-03-20T22:00:00+00:00,AWS-BHO-101,27.5,957.3,17.0,False,,low,0.9,NORMAL,25.5,963.5,40.0,HEALTHY,replay,1.5,0.0
2025-03-20T23:00:00+00:00,AWS-BHO-101,26.3,957.3,18.0,False,,low,0.5,NORMAL,24.2,962.7,47.0,HEALTHY,replay,0.9,0.0
2025-03-21T00:00:00+00:00,AWS-BHO-101,23.6,956.8,31.0,False,,low,3.7,NORMAL,23.4,962.4,53.0,HEALTHY,replay,6.2,0.0
2025-03-21T01:00:00+00:00,AWS-BHO-101,23.1,956.6,29.0,False,,low,0.8,NORMAL,22.6,962.1,53.0,HEALTHY,replay,1.3,0.0
2025-03-21T02:00:00+00:00,AWS-BHO-101,23.0,956.2,28.0,False,,low,0.5,NORMAL,22.1,961.5,56.0,HEALTHY,replay,0.9,0.0
2025-03-21T03:00:00+00:00,AWS-BHO-101,23.2,955.9,25.0,False,,low,0.6,NORMAL,21.3,961.1,60.0,HEALTHY,replay,0.9,0.0
2025-03-21T04:00:00+00:00,AWS-BHO-101,22.9,956.0,23.0,False,,low,0.5,NORMAL,20.5,961.1,61.0,HEALTHY,replay,0.8,0.0
2025-03-21T05:00:00+00:00,AWS-BHO-101,22.4,956.3,24.0,False,,low,0.7,NORMAL,19.9,961.8,57.0,HEALTHY,replay,1.1,0.0
2025-03-21T06:00:00+00:00,AWS-BHO-101,21.1,957.1,34.0,False,,low,1.6,NORMAL,20.2,962.8,73.0,HEALTHY,replay,2.6,0.0
2025-03-21T07:00:00+00:00,AWS-BHO-101,22.7,958.1,31.0,False,,low,1.3,NORMAL,21.8,963.7,68.0,HEALTHY,replay,2.2,0.0
2025-03-21T08:00:00+00:00,AWS-BHO-101,25.6,959.4,27.0,False,,low,5.6,NORMAL,25.0,965.0,50.0,HEALTHY,replay,9.3,0.0
2025-03-21T09:00:00+00:00,AWS-BHO-101,28.2,960.0,23.0,False,,low,6.0,NORMAL,27.6,965.6,42.0,HEALTHY,replay,9.9,0.0
2025-03-21T10:00:00+00:00,AWS-BHO-101,30.2,960.3,20.0,False,,low,6.4,NORMAL,29.8,965.9,36.0,HEALTHY,replay,10.7,0.0
2025-03-21T11:00:00+00:00,AWS-BHO-101,31.6,959.7,18.0,False,,low,3.1,NORMAL,32.0,965.3,28.0,HEALTHY,replay,5.2,0.0
2025-03-21T12:00:00+00:00,AWS-BHO-101,32.8,958.7,15.0,False,,low,2.3,NORMAL,33.2,964.2,22.0,HEALTHY,replay,3.8,0.0
2025-03-21T13:00:00+00:00,AWS-BHO-101,33.6,957.5,14.0,False,,low,3.1,NORMAL,33.4,963.0,21.0,HEALTHY,replay,5.2,0.0
2025-03-21T14:00:00+00:00,AWS-BHO-101,33.9,956.2,13.0,False,,low,5.2,NORMAL,33.6,961.8,16.0,HEALTHY,replay,8.6,0.0
2025-03-21T15:00:00+00:00,AWS-BHO-101,33.6,955.5,12.0,False,,low,5.3,NORMAL,33.7,960.8,13.0,HEALTHY,replay,8.8,0.0
2025-03-21T16:00:00+00:00,AWS-BHO-101,33.1,955.0,12.0,False,,low,4.3,NORMAL,33.2,960.4,11.0,HEALTHY,replay,7.1,0.0
2025-03-21T17:00:00+00:00,AWS-BHO-101,32.2,954.9,14.0,False,,low,1.9,NORMAL,32.0,960.4,13.0,HEALTHY,replay,3.1,0.0
2025-03-21T18:00:00+00:00,AWS-BHO-101,28.9,955.3,23.0,False,,low,7.1,NORMAL,30.1,961.0,21.0,HEALTHY,replay,11.9,0.0
2025-03-21T19:00:00+00:00,AWS-BHO-101,27.1,955.9,26.0,False,,low,2.7,NORMAL,28.1,961.7,23.0,HEALTHY,replay,4.4,0.0
2025-03-21T20:00:00+00:00,AWS-BHO-101,26.4,956.8,26.0,False,,low,1.4,NORMAL,27.6,962.7,25.0,HEALTHY,replay,2.3,0.0
2025-03-21T21:00:00+00:00,AWS-BHO-101,26.6,957.3,25.0,False,,low,1.0,NORMAL,26.1,963.2,28.0,HEALTHY,replay,1.6,0.0
2025-03-21T22:00:00+00:00,AWS-BHO-101,24.9,957.3,28.0,False,,low,0.9,NORMAL,24.9,963.3,30.0,HEALTHY,replay,1.4,0.0
2025-03-21T23:00:00+00:00,AWS-BHO-101,23.7,957.0,31.0,False,,low,0.7,NORMAL,24.0,962.9,32.0,HEALTHY,replay,1.1,0.0
