timestamp,station_id,temperature_c,pressure_hpa,humidity_pct,is_anomaly,fault_type,severity,anomaly_score_pct,decision_basis,suggested_temperature_c,suggested_pressure_hpa,suggested_humidity_pct,health_status,source,model_confidence_pct,rule_confidence_pct
2026-09-22 06:45:00+00:00,AWS-DEL-102,33.0,984.4,50.0,False,,low,0.0,NORMAL,33.4,985.9,50.0,HEALTHY,live,,0.0
2026-09-22T07:00:00+00:00,AWS-DEL-102,33.1,984.1,49.0,False,,low,0.0,NORMAL,33.5,985.6,49.0,HEALTHY,live,,0.0
2025-01-01T00:00:00+00:00,AWS-DEL-102,7.2,992.5,100.0,False,,low,0.0,NORMAL,8.0,994.3,98.0,HEALTHY,replay,,0.0
2025-01-01T01:00:00+00:00,AWS-DEL-102,7.1,992.0,100.0,False,,low,0.0,NORMAL,7.5,993.7,100.0,HEALTHY,replay,,0.0
2025-01-01T02:00:00+00:00,AWS-DEL-102,6.6,991.6,100.0,False,,low,0.0,NORMAL,7.0,993.3,100.0,HEALTHY,replay,,0.0
2025-01-01T03:00:00+00:00,AWS-DEL-102,6.4,991.4,100.0,False,,low,0.0,NORMAL,7.4,993.1,99.0,HEALTHY,replay,,0.0
2025-01-01T04:00:00+00:00,AWS-DEL-102,6.2,991.1,100.0,False,,low,0.0,NORMAL,7.7,992.9,99.0,HEALTHY,replay,,0.0
2025-01-01T05:00:00+00:00,AWS-DEL-102,6.3,991.2,100.0,False,,low,0.0,NORMAL,7.8,993.0,99.0,HEALTHY,replay,,0.0
2025-01-01T06:00:00+00:00,AWS-DEL-102,7.1,992.1,99.0,False,,low,0.0,NORMAL,8.3,993.7,98.0,HEALTHY,replay,,0.0
2025-01-01T07:00:00+00:00,AWS-DEL-102,7.4,992.6,100.0,False,,low,0.0,NORMAL,8.3,994.2,99.0,HEALTHY,replay,,0.0
2025-01-01T08:00:00+00:00,AWS-DEL-102,8.0,993.2,100.0,False,,low,0.0,NORMAL,8.8,994.7,98.0,HEALTHY,replay,,0.0
2025-01-01T09:00:00+00:00,AWS-DEL-102,9.1,993.6,97.0,False,,low,0.0,NORMAL,9.9,995.2,94.0,HEALTHY,replay,,0.0
2025-01-01T10:00:00+00:00,AWS-DEL-102,10.5,993.7,91.0,False,,low,0.0,NORMAL,12.6,995.4,81.0,HEALTHY,replay,,0.0
2025-01-01T11:00:00+00:00,AWS-DEL-102,12.6,993.4,83.0,False,,low,0.0,NORMAL,14.1,994.9,76.0,HEALTHY,replay,,0.0
2025-01-01T12:00:00+00:00,AWS-DEL-102,14.3,992.2,77.0,False,,low,0.0,NORMAL,15.4,993.8,71.0,HEALTHY,replay,,0.0
2025-01-01T13:00:00+00:00,AWS-DEL-102,15.7,991.1,73.0,False,,low,0.0,NORMAL,16.4,992.5,68.0,HEALTHY,replay,,0.0
2025-01-01T14:00:00+00:00,AWS-DEL-102,16.4,990.2,71.0,False,,low,0.0,NORMAL,17.0,991.7,67.0,HEALTHY,replay,,0.0
2025-01-01T15:00:00+00:00,AWS-DEL-102,16.5,989.9,70.0,False,,low,0.0,NORMAL,17.1,991.3,67.0,HEALTHY,replay,,0.0
2025-01-01T16:00:00+00:00,AWS-DEL-102,15.9,989.7,73.0,False,,low,0.0,NORMAL,16.6,991.3,71.0,HEALTHY,replay,,0.0
2025-01-01T17:00:00+00:00,AWS-DEL-102,14.2,989.7,80.0,False,,low,0.0,NORMAL,14.1,991.4,81.0,HEALTHY,replay,,0.0
2025-01-01T18:00:00+00:00,AWS-DEL-102,11.5,991.3,90.0,False,,low,0.0,NORMAL,11.7,993.0,87.0,HEALTHY,replay,,0.0
2025-01-01T19:00:00+00:00,AWS-DEL-102,10.9,991.6,91.0,False,,low,0.0,NORMAL,11.0,993.3,90.0,HEALTHY,replay,,0.0
2025-01-01T20:00:00+00:00,AWS-DEL-102,10.2,991.9,93.0,False,,low,0.0,NORMAL,10.3,993.7,92.0,HEALTHY,replay,,0.0
2025-01-01T21:00:00+00:00,AWS-DEL-102,9.5,992.1,95.0,False,,low,0.0,NORMAL,9.9,993.8,93.0,HEALTHY,replay,,0.0
2025-01-01T22:00:00+00:00,AWS-DEL-102,9.0,991.7,96.0,False,,low,0.0,NORMAL,9.7,993.6,94.0,HEALTHY,replay,,0.0
2025-01-01T23:00:00+00:00,AWS-DEL-102,8.7,991.5,98.0,False,,low,0.0,NORMAL,9.4,993.2,95.0,HEALTHY,replay,,0.0
2025-01-02T00:00:00+00:00,AWS-DEL-102,7.7,990.8,99.0,False,,low,0.6,NORMAL,9.1,992.5,95.0,HEALTHY,replay,1.0,0.0
2025-01-02T01:00:00+00:00,AWS-DEL-102,7.0,990.2,100.0,False,,low,0.7,NORMAL,8.6,991.8,96.0,HEALTHY,replay,1.2,0.0
2025-01-02T02:00:00+00:00,AWS-DEL-102,7.1,989.9,100.0,False,,low,1.0,NORMAL,8.3,991.5,97.0,HEALTHY,replay,1.6,0.0
2025-01-02T03:00:00+00:00,AWS-DEL-102,7.2,989.8,100.0,False,,low,1.6,NORMAL,8.4,991.4,97.0,HEALTHY,replay,2.6,0.0
2025-01-02T04:00:00+00:00,AWS-DEL-102,7.6,989.7,100.0,False,,low,1.8,NORMAL,8.3,991.3,97.0,HEALTHY,replay,3.0,0.0
2025-01-02T05:00:00+00:00,AWS-DEL-102,7.8,989.8,100.0,False,,low,2.5,NORMAL,8.8,991.5,97.0,HEALTHY,replay,4.2,0.0
2025-01-02T06:00:00+00:00,AWS-DEL-102,7.9,990.5,100.0,False,,low,2.1,NORMAL,8.8,992.4,97.0,HEALTHY,replay,3.4,0.0
2025-01-02T07:00:00+00:00,AWS-DEL-102,7.6,991.0,100.0,False,,low,1.2,NORMAL,8.7,992.7,96.0,OFFLINE,replay,2.0,0.0
2025-01-02T08:00:00+00:00,AWS-DEL-102,8.5,992.1,99.0,False,,low,1.0,NORMAL,10.1,993.7,93.0,OFFLINE,replay,1.6,0.0
2025-01-02T09:00:00+00:00,AWS-DEL-102,10.6,992.9,94.0,False,,low,4.9,NORMAL,12.0,994.5,86.0,OFFLINE,replay,8.1,0.0
2025-01-02T10:00:00+00:00,AWS-DEL-102,13.1,993.2,85.0,False,,low,45.5,NORMAL,14.0,994.8,77.0,HEALTHY,replay,75.9,0.0
2025-01-02T11:00:00+00:00,AWS-DEL-102,15.1,992.8,76.0,False,,low,23.8,NORMAL,15.7,994.3,70.0,OFFLINE,replay,39.7,0.0
2025-01-02T12:00:00+00:00,AWS-DEL-102,16.6,991.9,69.0,True,REGIONAL_EVENT,high,79.3,FUSED_CONSENSUS,17.1,993.5,65.0,OFFLINE,replay,73.0,88.9
2025-01-02T13:00:00+00:00,AWS-DEL-102,17.6,991.1,63.0,False,,low,45.5,NORMAL,18.2,992.6,62.0,OFFLINE,replay,75.9,0.0
2025-01-02T14:00:00+00:00,AWS-DEL-102,18.0,990.3,60.0,False,,low,47.5,NORMAL,18.9,992.56,61.0,OFFLINE,replay,79.2,0.0
2025-01-02T15:00:00+00:00,AWS-DEL-102,18.0,990.1,61.0,False,,low,47.7,NORMAL,18.9,992.53,63.0,OFFLINE,replay,79.4,0.0
2025-01-02T16:00:00+00:00,AWS-DEL-102,17.2,990.1,68.0,True,unstructured_anomaly,high,89.1,ML_MODEL_ISOLATION,18.0,992.58,68.0,OFFLINE,replay,89.1,0.0
2025-01-02T17:00:00+00:00,AWS-DEL-102,15.5,989.9,76.0,False,,low,49.6,NORMAL,15.4,992.6,78.0,OFFLINE,replay,82.7,0.0
2025-01-02T18:00:00+00:00,AWS-DEL-102,13.5,990.9,80.0,False,,low,46.1,NORMAL,13.0,992.61,83.0,OFFLINE,replay,76.9,0.0
2025-01-02T19:00:00+00:00,AWS-DEL-102,12.8,990.9,82.0,False,,low,38.4,NORMAL,12.5,992.61,85.0,OFFLINE,replay,64.0,0.0
2025-01-02T20:00:00+00:00,AWS-DEL-102,11.7,991.3,85.0,False,,low,36.3,NORMAL,11.9,992.57,85.0,OFFLINE,replay,60.5,0.0
2025-01-02T21:00:00+00:00,AWS-DEL-102,11.3,991.5,87.0,False,,low,32.0,NORMAL,11.5,993.2,87.0,HEALTHY,replay,53.4,0.0
2025-01-02T22:00:00+00:00,AWS-DEL-102,10.0,991.6,91.0,False,,low,2.3,NORMAL,10.6,993.3,90.0,OFFLINE,replay,3.8,0.0
2025-01-02T23:00:00+00:00,AWS-DEL-102,9.4,991.1,93.0,False,,low,2.7,NORMAL,9.7,992.8,92.0,OFFLINE,replay,4.4,0.0
2025-01-03T00:00:00+00:00,AWS-DEL-102,8.5,990.5,94.0,False,,low,8.2,NORMAL,9.1,992.4,94.0,OFFLINE,replay,13.7,0.0
2025-01-03T01:00:00+00:00,AWS-DEL-102,8.0,990.1,95.0,False,,low,6.3,NORMAL,8.7,992.0,95.0,HEALTHY,replay,10.5,0.0
2025-01-03T02:00:00+00:00,AWS-DEL-102,7.5,989.8,97.0,False,,low,5.6,NORMAL,9.0,991.6,95.0,WARNING,replay,9.3,0.0
2025-01-03T03:00:00+00:00,AWS-DEL-102,7.4,989.9,97.0,False,,low,9.0,NORMAL,9.2,991.6,95.0,WARNING,replay,15.1,0.0
2025-01-03T04:00:00+00:00,AWS-DEL-102,7.0,989.8,97.0,False,,low,8.2,NORMAL,8.8,991.6,96.0,WARNING,replay,13.6,0.0
2025-01-03T05:00:00+00:00,AWS-DEL-102,6.7,990.0,98.0,False,,low,7.7,NORMAL,8.5,991.8,97.0,WARNING,replay,12.8,0.0
2025-01-03T06:00:00+00:00,AWS-DEL-102,6.6,990.7,100.0,False,,low,4.2,NORMAL,9.2,992.5,99.0,WARNING,replay,7.0,0.0
2025-01-03T07:00:00+00:00,AWS-DEL-102,6.4,991.3,100.0,False,,low,5.6,NORMAL,8.9,993.1,100.0,WARNING,replay,9.4,0.0
2025-01-03T08:00:00+00:00,AWS-DEL-102,7.5,992.3,100.0,False,,low,9.5,NORMAL,9.8,994.1,98.0,WARNING,replay,15.9,0.0
2025-01-03T09:00:00+00:00,AWS-DEL-102,10.1,993.1,97.0,False,,low,19.2,NORMAL,11.0,994.9,95.0,WARNING,replay,32.0,0.0
2025-01-03T10:00:00+00:00,AWS-DEL-102,13.8,993.4,82.0,False,,low,28.8,NORMAL,13.2,995.3,88.0,WARNING,replay,48.0,0.0
2025-01-03T11:00:00+00:00,AWS-DEL-102,16.2,993.1,72.0,False,,low,42.8,NORMAL,15.8,994.8,77.0,WARNING,replay,71.3,0.0
2025-01-03T12:00:00+00:00,AWS-DEL-102,18.0,992.1,64.0,False,,low,26.1,NORMAL,17.9,993.6,68.0,WARNING,replay,43.5,0.0
2025-01-03T13:00:00+00:00,AWS-DEL-102,19.1,991.1,59.0,False,,low,22.6,NORMAL,19.4,992.7,59.0,WARNING,replay,37.7,0.0
2025-01-03T14:00:00+00:00,AWS-DEL-102,19.6,990.3,59.0,False,,low,20.2,NORMAL,20.1,991.9,58.0,WARNING,replay,33.7,0.0
2025-01-03T15:00:00+00:00,AWS-DEL-102,19.6,989.8,60.0,False,,low,16.6,NORMAL,20.0,991.4,60.0,HEALTHY,replay,27.6,0.0
2025-01-03T16:00:00+00:00,AWS-DEL-102,18.6,989.3,73.0,False,,low,20.9,NORMAL,19.0,990.9,70.0,HEALTHY,replay,34.9,0.0
2025-01-03T17:00:00+00:00,AWS-DEL-102,16.3,989.1,80.0,False,,low,12.1,NORMAL,16.2,990.8,78.0,HEALTHY,replay,20.2,0.0
2025-01-03T18:00:00+00:00,AWS-DEL-102,14.0,990.0,82.0,False,,low,10.0,NORMAL,13.8,991.7,82.0,HEALTHY,replay,16.7,0.0
2026-09-22T07:00:00+00:00,AWS-DEL-102,33.1,984.1,49.0,True,spike,high,89.9,FUSED_CONSENSUS,33.5,985.6,49.0,HEALTHY,live,,89.9
2026-09-22T07:30:00+00:00,AWS-DEL-102,33.5,983.1,48.0,False,,low,0.0,NORMAL,34.3,984.4,45.0,HEALTHY,live,,0.0
2025-01-01T00:00:00+00:00,AWS-DEL-102,7.2,992.5,100.0,False,,low,0.0,NORMAL,8.0,994.3,98.0,HEALTHY,replay,,0.0
2025-01-01T01:00:00+00:00,AWS-DEL-102,7.1,992.0,100.0,False,,low,0.0,NORMAL,7.5,993.7,100.0,HEALTHY,replay,,0.0
2025-01-01T02:00:00+00:00,AWS-DEL-102,6.6,991.6,100.0,False,,low,0.0,NORMAL,7.0,993.3,100.0,HEALTHY,replay,,0.0
2025-01-01T03:00:00+00:00,AWS-DEL-102,6.4,991.4,100.0,False,,low,0.0,NORMAL,7.4,993.1,99.0,HEALTHY,replay,,0.0
2025-01-01T04:00:00+00:00,AWS-DEL-102,6.2,991.1,100.0,False,,low,0.0,NORMAL,7.7,992.9,99.0,HEALTHY,replay,,0.0
2025-01-01T05:00:00+00:00,AWS-DEL-102,6.3,991.2,100.0,False,,low,0.0,NORMAL,7.8,993.0,99.0,HEALTHY,replay,,0.0
2025-01-01T06:00:00+00:00,AWS-DEL-102,7.1,992.1,99.0,False,,low,0.0,NORMAL,8.3,993.7,98.0,HEALTHY,replay,,0.0
2025-01-01T07:00:00+00:00,AWS-DEL-102,7.4,992.6,100.0,False,,low,0.0,NORMAL,8.3,994.2,99.0,HEALTHY,replay,,0.0
2025-01-01T08:00:00+00:00,AWS-DEL-102,8.0,993.2,100.0,False,,low,0.0,NORMAL,8.8,994.7,98.0,HEALTHY,replay,,0.0
2025-01-01T09:00:00+00:00,AWS-DEL-102,9.1,993.6,97.0,False,,low,0.0,NORMAL,9.9,995.2,94.0,HEALTHY,replay,,0.0
2025-01-01T10:00:00+00:00,AWS-DEL-102,10.5,993.7,91.0,False,,low,0.0,NORMAL,12.6,995.4,81.0,HEALTHY,replay,,0.0
2025-01-01T11:00:00+00:00,AWS-DEL-102,12.6,993.4,83.0,False,,low,0.0,NORMAL,14.1,994.9,76.0,HEALTHY,replay,,0.0
2025-01-01T12:00:00+00:00,AWS-DEL-102,14.3,992.2,77.0,False,,low,0.0,NORMAL,15.4,993.8,71.0,HEALTHY,replay,,0.0
2025-01-01T13:00:00+00:00,AWS-DEL-102,15.7,991.1,73.0,False,,low,0.0,NORMAL,16.4,992.5,68.0,HEALTHY,replay,,0.0
2025-01-01T14:00:00+00:00,AWS-DEL-102,16.4,990.2,71.0,False,,low,0.0,NORMAL,17.0,991.7,67.0,HEALTHY,replay,,0.0
2025-01-01T15:00:00+00:00,AWS-DEL-102,16.5,989.9,70.0,False,,low,0.0,NORMAL,17.1,991.3,67.0,HEALTHY,replay,,0.0
2025-01-01T16:00:00+00:00,AWS-DEL-102,15.9,989.7,73.0,False,,low,0.0,NORMAL,16.6,991.3,71.0,HEALTHY,replay,,0.0
2025-01-01T17:00:00+00:00,AWS-DEL-102,14.2,989.7,80.0,False,,low,0.0,NORMAL,14.1,991.4,81.0,HEALTHY,replay,,0.0
2025-01-01T18:00:00+00:00,AWS-DEL-102,11.5,991.3,90.0,False,,low,0.0,NORMAL,11.7,993.0,87.0,HEALTHY,replay,,0.0
2025-01-01T19:00:00+00:00,AWS-DEL-102,10.9,991.6,91.0,False,,low,0.0,NORMAL,11.0,993.3,90.0,HEALTHY,replay,,0.0
2025-01-01T20:00:00+00:00,AWS-DEL-102,10.2,991.9,93.0,False,,low,0.0,NORMAL,10.3,993.7,92.0,HEALTHY,replay,,0.0
2025-01-01T21:00:00+00:00,AWS-DEL-102,9.5,992.1,95.0,False,,low,0.0,NORMAL,9.9,993.8,93.0,HEALTHY,replay,,0.0
2025-01-01T22:00:00+00:00,AWS-DEL-102,9.0,991.7,96.0,False,,low,0.0,NORMAL,9.7,993.6,94.0,HEALTHY,replay,,0.0
2025-01-01T23:00:00+00:00,AWS-DEL-102,8.7,991.5,98.0,False,,low,0.0,NORMAL,9.4,993.2,95.0,HEALTHY,replay,,0.0
2025-01-02T00:00:00+00:00,AWS-DEL-102,7.7,990.8,99.0,False,,low,0.6,NORMAL,9.1,992.5,95.0,HEALTHY,replay,1.0,0.0
2025-01-02T01:00:00+00:00,AWS-DEL-102,7.0,990.2,100.0,False,,low,0.7,NORMAL,8.6,991.8,96.0,HEALTHY,replay,1.2,0.0
2025-01-02T02:00:00+00:00,AWS-DEL-102,7.1,989.9,100.0,False,,low,1.0,NORMAL,8.3,991.5,97.0,HEALTHY,replay,1.6,0.0
2025-01-02T03:00:00+00:00,AWS-DEL-102,7.2,989.8,100.0,False,,low,1.6,NORMAL,8.4,991.4,97.0,HEALTHY,replay,2.6,0.0
2025-01-02T04:00:00+00:00,AWS-DEL-102,7.6,989.7,100.0,False,,low,1.8,NORMAL,8.3,991.3,97.0,HEALTHY,replay,3.0,0.0
2025-01-02T05:00:00+00:00,AWS-DEL-102,7.8,989.8,100.0,False,,low,2.5,NORMAL,8.8,991.5,97.0,HEALTHY,replay,4.2,0.0
2025-01-02T06:00:00+00:00,AWS-DEL-102,7.9,990.5,100.0,False,,low,2.1,NORMAL,8.8,992.4,97.0,HEALTHY,replay,3.4,0.0
2025-01-02T07:00:00+00:00,AWS-DEL-102,7.6,991.0,100.0,False,,low,1.2,NORMAL,8.7,992.7,96.0,OFFLINE,replay,2.0,0.0
2025-01-02T08:00:00+00:00,AWS-DEL-102,8.5,992.1,99.0,False,,low,1.0,NORMAL,10.1,993.7,93.0,OFFLINE,replay,1.6,0.0
2025-01-02T09:00:00+00:00,AWS-DEL-102,10.6,992.9,94.0,False,,low,4.9,NORMAL,12.0,994.5,86.0,OFFLINE,replay,8.1,0.0
2025-01-02T10:00:00+00:00,AWS-DEL-102,13.1,993.2,85.0,False,,low,45.5,NORMAL,14.0,994.8,77.0,HEALTHY,replay,75.9,0.0
2025-01-02T11:00:00+00:00,AWS-DEL-102,15.1,992.8,76.0,False,,low,23.8,NORMAL,15.7,994.3,70.0,OFFLINE,replay,39.7,0.0
2025-01-02T12:00:00+00:00,AWS-DEL-102,16.6,991.9,69.0,True,REGIONAL_EVENT,high,79.3,FUSED_CONSENSUS,17.1,993.5,65.0,OFFLINE,replay,73.0,88.9
2025-01-02T13:00:00+00:00,AWS-DEL-102,17.6,991.1,63.0,False,,low,45.5,NORMAL,18.2,992.6,62.0,OFFLINE,replay,75.9,0.0
2025-01-02T14:00:00+00:00,AWS-DEL-102,18.0,990.3,60.0,False,,low,47.5,NORMAL,18.9,992.56,61.0,OFFLINE,replay,79.2,0.0
2025-01-02T15:00:00+00:00,AWS-DEL-102,18.0,990.1,61.0,False,,low,47.7,NORMAL,18.9,992.53,63.0,OFFLINE,replay,79.4,0.0
2025-01-02T16:00:00+00:00,AWS-DEL-102,17.2,990.1,68.0,True,unstructured_anomaly,high,89.1,ML_MODEL_ISOLATION,18.0,992.58,68.0,OFFLINE,replay,89.1,0.0
2025-01-02T17:00:00+00:00,AWS-DEL-102,15.5,989.9,76.0,False,,low,49.6,NORMAL,15.4,992.6,78.0,OFFLINE,replay,82.7,0.0
2025-01-02T18:00:00+00:00,AWS-DEL-102,13.5,990.9,80.0,False,,low,46.1,NORMAL,13.0,992.61,83.0,OFFLINE,replay,76.9,0.0
2025-01-02T19:00:00+00:00,AWS-DEL-102,12.8,990.9,82.0,False,,low,38.4,NORMAL,12.5,992.61,85.0,OFFLINE,replay,64.0,0.0
2025-01-02T20:00:00+00:00,AWS-DEL-102,11.7,991.3,85.0,False,,low,36.3,NORMAL,11.9,992.57,85.0,OFFLINE,replay,60.5,0.0
2025-01-02T21:00:00+00:00,AWS-DEL-102,11.3,991.5,87.0,False,,low,32.0,NORMAL,11.5,993.2,87.0,HEALTHY,replay,53.4,0.0
2025-01-02T22:00:00+00:00,AWS-DEL-102,10.0,991.6,91.0,False,,low,2.3,NORMAL,10.6,993.3,90.0,OFFLINE,replay,3.8,0.0
2025-01-02T23:00:00+00:00,AWS-DEL-102,9.4,991.1,93.0,False,,low,2.7,NORMAL,9.7,992.8,92.0,OFFLINE,replay,4.4,0.0
2025-01-03T00:00:00+00:00,AWS-DEL-102,8.5,990.5,94.0,False,,low,8.2,NORMAL,9.1,992.4,94.0,OFFLINE,replay,13.7,0.0
2025-01-03T01:00:00+00:00,AWS-DEL-102,8.0,990.1,95.0,False,,low,6.3,NORMAL,8.7,992.0,95.0,HEALTHY,replay,10.5,0.0
2025-01-03T02:00:00+00:00,AWS-DEL-102,7.5,989.8,97.0,False,,low,5.6,NORMAL,9.0,991.6,95.0,WARNING,replay,9.3,0.0
2025-01-03T03:00:00+00:00,AWS-DEL-102,7.4,989.9,97.0,False,,low,9.0,NORMAL,9.2,991.6,95.0,WARNING,replay,15.1,0.0
2025-01-03T04:00:00+00:00,AWS-DEL-102,7.0,989.8,97.0,False,,low,8.2,NORMAL,8.8,991.6,96.0,WARNING,replay,13.6,0.0
2025-01-03T05:00:00+00:00,AWS-DEL-102,6.7,990.0,98.0,False,,low,7.7,NORMAL,8.5,991.8,97.0,WARNING,replay,12.8,0.0
2025-01-03T06:00:00+00:00,AWS-DEL-102,6.6,990.7,100.0,False,,low,4.2,NORMAL,9.2,992.5,99.0,WARNING,replay,7.0,0.0
2025-01-03T07:00:00+00:00,AWS-DEL-102,6.4,991.3,100.0,False,,low,5.6,NORMAL,8.9,993.1,100.0,WARNING,replay,9.4,0.0
2025-01-03T08:00:00+00:00,AWS-DEL-102,7.5,992.3,100.0,False,,low,9.5,NORMAL,9.8,994.1,98.0,WARNING,replay,15.9,0.0
2025-01-03T09:00:00+00:00,AWS-DEL-102,10.1,993.1,97.0,False,,low,19.2,NORMAL,11.0,994.9,95.0,WARNING,replay,32.0,0.0
2025-01-03T10:00:00+00:00,AWS-DEL-102,13.8,993.4,82.0,False,,low,28.8,NORMAL,13.2,995.3,88.0,WARNING,replay,48.0,0.0
2025-01-03T11:00:00+00:00,AWS-DEL-102,16.2,993.1,72.0,False,,low,42.8,NORMAL,15.8,994.8,77.0,WARNING,replay,71.3,0.0
2025-01-03T12:00:00+00:00,AWS-DEL-102,18.0,992.1,64.0,False,,low,26.1,NORMAL,17.9,993.6,68.0,WARNING,replay,43.5,0.0
2025-01-03T13:00:00+00:00,AWS-DEL-102,19.1,991.1,59.0,False,,low,22.6,NORMAL,19.4,992.7,59.0,WARNING,replay,37.7,0.0
2025-01-03T14:00:00+00:00,AWS-DEL-102,19.6,990.3,59.0,False,,low,20.2,NORMAL,20.1,991.9,58.0,WARNING,replay,33.7,0.0
2025-01-03T15:00:00+00:00,AWS-DEL-102,19.6,989.8,60.0,False,,low,16.6,NORMAL,20.0,991.4,60.0,HEALTHY,replay,27.6,0.0
2025-01-03T16:00:00+00:00,AWS-DEL-102,18.6,989.3,73.0,False,,low,20.9,NORMAL,19.0,990.9,70.0,HEALTHY,replay,34.9,0.0
2025-01-03T17:00:00+00:00,AWS-DEL-102,16.3,989.1,80.0,False,,low,12.1,NORMAL,16.2,990.8,78.0,HEALTHY,replay,20.2,0.0
2025-01-03T18:00:00+00:00,AWS-DEL-102,14.0,990.0,82.0,False,,low,10.0,NORMAL,13.8,991.7,82.0,HEALTHY,replay,16.7,0.0
2025-01-03T19:00:00+00:00,AWS-DEL-102,13.1,990.2,86.0,False,,low,2.7,NORMAL,13.0,991.8,86.0,HEALTHY,replay,4.4,0.0
2025-01-03T20:00:00+00:00,AWS-DEL-102,12.3,990.2,88.0,False,,low,2.3,NORMAL,12.1,991.9,89.0,HEALTHY,replay,3.8,0.0
2025-01-03T21:00:00+00:00,AWS-DEL-102,11.6,990.0,90.0,False,,low,1.3,NORMAL,11.5,991.8,90.0,HEALTHY,replay,2.1,0.0
2025-01-03T22:00:00+00:00,AWS-DEL-102,10.9,989.7,89.0,False,,low,0.7,NORMAL,10.9,991.4,92.0,HEALTHY,replay,1.2,0.0
2025-01-03T23:00:00+00:00,AWS-DEL-102,10.6,989.2,88.0,False,,low,2.6,NORMAL,10.2,991.0,94.0,HEALTHY,replay,4.3,0.0
2025-01-04T00:00:00+00:00,AWS-DEL-102,10.1,988.8,88.0,False,,low,1.1,NORMAL,9.6,990.5,95.0,HEALTHY,replay,1.8,0.0
2025-01-04T01:00:00+00:00,AWS-DEL-102,9.4,988.4,89.0,False,,low,0.7,NORMAL,9.3,990.1,95.0,HEALTHY,replay,1.2,0.0
2025-01-04T02:00:00+00:00,AWS-DEL-102,8.7,987.9,91.0,False,,low,0.7,NORMAL,9.0,989.6,96.0,HEALTHY,replay,1.2,0.0
2025-01-04T03:00:00+00:00,AWS-DEL-102,8.0,987.2,95.0,False,REGIONAL_EVENT,low,36.3,NORMAL,8.6,989.1,96.0,HEALTHY,replay,1.8,88.0
2025-01-04T04:00:00+00:00,AWS-DEL-102,7.1,986.9,100.0,False,REGIONAL_EVENT,low,37.1,NORMAL,8.3,988.8,98.0,HEALTHY,replay,3.0,88.3
2025-01-04T05:00:00+00:00,AWS-DEL-102,7.1,987.1,100.0,False,,low,1.3,NORMAL,8.1,989.0,99.0,HEALTHY,replay,2.1,0.0
2025-01-04T06:00:00+00:00,AWS-DEL-102,7.9,988.3,100.0,False,,low,1.1,NORMAL,8.2,990.2,99.0,HEALTHY,replay,1.9,0.0
2025-01-04T07:00:00+00:00,AWS-DEL-102,8.2,989.1,99.0,False,,low,1.2,NORMAL,8.2,990.9,99.0,HEALTHY,replay,2.0,0.0
2025-01-04T08:00:00+00:00,AWS-DEL-102,9.1,989.9,100.0,False,,low,1.1,NORMAL,9.5,991.7,98.0,HEALTHY,replay,1.8,0.0
2025-01-04T09:00:00+00:00,AWS-DEL-102,11.1,990.6,99.0,False,,low,2.8,NORMAL,10.9,992.5,96.0,HEALTHY,replay,4.7,0.0
2025-01-04T10:00:00+00:00,AWS-DEL-102,15.2,990.9,85.0,False,,low,9.4,NORMAL,11.8,992.7,92.0,HEALTHY,replay,15.6,0.0
2025-01-04T11:00:00+00:00,AWS-DEL-102,18.2,990.6,78.0,False,,low,8.5,NORMAL,14.5,992.3,88.0,HEALTHY,replay,14.2,0.0
2025-01-04T12:00:00+00:00,AWS-DEL-102,20.2,989.4,72.0,False,,low,8.7,NORMAL,17.3,991.2,75.0,HEALTHY,replay,14.5,0.0
2025-01-04T13:00:00+00:00,AWS-DEL-102,21.3,988.5,68.0,False,,low,3.9,NORMAL,19.3,990.2,67.0,HEALTHY,replay,6.5,0.0
2025-01-04T14:00:00+00:00,AWS-DEL-102,21.8,987.6,65.0,False,,low,5.6,NORMAL,20.3,989.3,64.0,HEALTHY,replay,9.3,0.0
2025-01-04T15:00:00+00:00,AWS-DEL-102,21.4,987.1,65.0,False,,low,3.4,NORMAL,20.5,988.9,66.0,HEALTHY,replay,5.7,0.0
2025-01-04T16:00:00+00:00,AWS-DEL-102,20.1,986.9,74.0,False,,low,2.8,NORMAL,19.6,988.6,74.0,HEALTHY,replay,4.7,0.0
2025-01-04T17:00:00+00:00,AWS-DEL-102,17.5,986.9,86.0,False,,low,5.5,NORMAL,16.5,988.6,84.0,HEALTHY,replay,9.1,0.0
2025-01-04T18:00:00+00:00,AWS-DEL-102,14.5,987.9,94.0,False,,low,5.7,NORMAL,13.1,989.8,90.0,HEALTHY,replay,9.6,0.0
2025-01-04T19:00:00+00:00,AWS-DEL-102,13.7,988.6,95.0,False,,low,1.1,NORMAL,12.3,990.4,92.0,HEALTHY,replay,1.8,0.0
2025-01-04T20:00:00+00:00,AWS-DEL-102,12.9,989.0,96.0,False,,low,0.5,NORMAL,11.6,990.8,94.0,HEALTHY,replay,0.8,0.0
2025-01-04T21:00:00+00:00,AWS-DEL-102,12.5,989.1,98.0,False,,low,0.2,NORMAL,10.7,991.0,95.0,HEALTHY,replay,0.4,0.0
2025-01-04T22:00:00+00:00,AWS-DEL-102,12.1,988.9,99.0,False,,low,0.3,NORMAL,10.1,990.7,95.0,HEALTHY,replay,0.4,0.0
2025-01-04T23:00:00+00:00,AWS-DEL-102,11.7,988.5,100.0,False,,low,0.3,NORMAL,9.6,990.3,96.0,HEALTHY,replay,0.6,0.0
2025-01-05T00:00:00+00:00,AWS-DEL-102,11.3,988.0,100.0,False,,low,0.4,NORMAL,9.0,989.8,96.0,HEALTHY,replay,0.7,0.0
2025-01-05T01:00:00+00:00,AWS-DEL-102,10.9,987.8,100.0,False,,low,0.3,NORMAL,8.2,989.4,97.0,HEALTHY,replay,0.6,0.0
2025-01-05T02:00:00+00:00,AWS-DEL-102,11.0,987.9,100.0,False,,low,0.6,NORMAL,7.7,989.3,98.0,HEALTHY,replay,0.9,0.0
2025-01-05T03:00:00+00:00,AWS-DEL-102,11.0,987.9,100.0,False,,low,0.8,NORMAL,7.3,989.4,100.0,HEALTHY,replay,1.3,0.0
2025-01-05T04:00:00+00:00,AWS-DEL-102,10.8,987.7,100.0,False,,low,1.5,NORMAL,7.0,989.4,100.0,HEALTHY,replay,2.5,0.0
2025-01-05T05:00:00+00:00,AWS-DEL-102,10.8,987.9,100.0,False,,low,1.5,NORMAL,7.2,989.7,100.0,HEALTHY,replay,2.5,0.0
2025-01-05T06:00:00+00:00,AWS-DEL-102,10.6,988.8,100.0,False,,low,0.7,NORMAL,8.1,990.6,99.0,OFFLINE,replay,1.2,0.0
2025-01-05T07:00:00+00:00,AWS-DEL-102,10.4,989.1,100.0,False,,low,0.5,NORMAL,8.5,991.1,99.0,OFFLINE,replay,0.8,0.0
2025-01-05T08:00:00+00:00,AWS-DEL-102,10.5,990.0,98.0,False,,low,1.2,NORMAL,9.1,991.9,98.0,OFFLINE,replay,2.0,0.0
2025-01-05T09:00:00+00:00,AWS-DEL-102,10.9,990.8,97.0,False,,low,1.7,NORMAL,10.1,992.7,97.0,OFFLINE,replay,2.9,0.0
2025-01-05T10:00:00+00:00,AWS-DEL-102,12.4,991.1,90.0,False,,low,4.8,NORMAL,11.9,993.0,89.0,HEALTHY,replay,8.0,0.0
2025-01-05T11:00:00+00:00,AWS-DEL-102,14.8,990.5,82.0,False,,low,8.7,NORMAL,14.2,992.4,81.0,OFFLINE,replay,14.5,0.0
2025-01-05T12:00:00+00:00,AWS-DEL-102,16.4,989.5,76.0,False,,low,17.7,NORMAL,16.1,991.3,75.0,OFFLINE,replay,29.5,0.0
2025-01-05T13:00:00+00:00,AWS-DEL-102,17.7,988.4,71.0,False,,low,14.8,NORMAL,17.5,990.3,71.0,OFFLINE,replay,24.7,0.0
2025-01-05T14:00:00+00:00,AWS-DEL-102,18.5,987.8,68.0,False,,low,26.1,NORMAL,18.4,989.7,68.0,HEALTHY,replay,43.5,0.0
2025-01-05T15:00:00+00:00,AWS-DEL-102,18.6,987.5,68.0,False,,low,20.2,NORMAL,18.6,989.3,67.0,WARNING,replay,33.6,0.0
2025-01-05T16:00:00+00:00,AWS-DEL-102,17.9,987.0,73.0,False,,low,18.4,NORMAL,17.9,988.9,72.0,WARNING,replay,30.7,0.0
2025-01-05T17:00:00+00:00,AWS-DEL-102,15.9,986.7,82.0,False,,low,3.5,NORMAL,15.5,988.6,84.0,WARNING,replay,5.8,0.0
2025-01-05T18:00:00+00:00,AWS-DEL-102,13.4,987.7,90.0,False,,low,10.7,NORMAL,13.2,989.4,91.0,WARNING,replay,17.8,0.0
2025-01-05T19:00:00+00:00,AWS-DEL-102,12.8,988.1,93.0,False,,low,2.7,NORMAL,12.2,989.7,93.0,WARNING,replay,4.5,0.0
2025-01-05T20:00:00+00:00,AWS-DEL-102,12.3,988.9,93.0,False,,low,1.1,NORMAL,11.5,990.5,94.0,WARNING,replay,1.8,0.0
2025-01-05T21:00:00+00:00,AWS-DEL-102,11.8,989.3,95.0,False,,low,1.0,NORMAL,11.1,990.81,94.0,WARNING,replay,1.6,0.0
2025-01-05T22:00:00+00:00,AWS-DEL-102,11.4,989.4,95.0,False,,low,0.8,NORMAL,10.6,991.2,95.0,WARNING,replay,1.3,0.0
2025-01-05T23:00:00+00:00,AWS-DEL-102,11.0,989.3,96.0,False,,low,1.1,NORMAL,9.5,992.6,96.0,WARNING,replay,1.8,0.0
2025-01-06T00:00:00+00:00,AWS-DEL-102,10.3,988.8,97.0,False,,low,1.1,NORMAL,9.2,992.2,97.0,WARNING,replay,1.8,0.0
2025-01-06T01:00:00+00:00,AWS-DEL-102,10.0,988.5,98.0,False,,low,0.6,NORMAL,8.9,992.0,99.0,WARNING,replay,1.0,0.0
2025-01-06T02:00:00+00:00,AWS-DEL-102,9.8,988.2,99.0,False,,low,0.5,NORMAL,8.3,989.9,100.0,WARNING,replay,0.8,0.0
2025-01-06T03:00:00+00:00,AWS-DEL-102,9.6,987.6,99.0,False,,low,0.8,NORMAL,7.7,991.0,99.0,WARNING,replay,1.3,0.0
2025-01-06T04:00:00+00:00,AWS-DEL-102,8.9,988.0,100.0,False,,low,0.5,NORMAL,8.5,988.9,100.0,HEALTHY,replay,0.8,0.0
2025-01-06T05:00:00+00:00,AWS-DEL-102,8.7,988.5,100.0,False,,low,0.7,NORMAL,8.6,989.9,100.0,HEALTHY,replay,1.1,0.0
2025-01-06T06:00:00+00:00,AWS-DEL-102,10.1,989.9,99.0,False,,low,1.8,NORMAL,9.7,991.1,100.0,HEALTHY,replay,3.1,0.0
2025-01-06T07:00:00+00:00,AWS-DEL-102,10.1,989.0,99.0,False,,low,0.8,NORMAL,10.2,992.1,98.0,HEALTHY,replay,1.4,0.0
2025-01-06T08:00:00+00:00,AWS-DEL-102,10.5,990.7,99.0,False,,low,2.0,NORMAL,10.6,992.3,98.0,HEALTHY,replay,3.3,0.0
2025-01-06T09:00:00+00:00,AWS-DEL-102,11.8,992.1,94.0,False,,low,7.7,NORMAL,11.7,993.7,95.0,HEALTHY,replay,12.9,0.0
2025-01-06T10:00:00+00:00,AWS-DEL-102,13.9,992.2,88.0,False,,low,9.1,NORMAL,13.4,993.9,89.0,HEALTHY,replay,15.2,0.0
2025-01-06T11:00:00+00:00,AWS-DEL-102,15.7,991.6,80.0,False,,low,16.9,NORMAL,15.0,993.2,81.0,HEALTHY,replay,28.2,0.0
2025-01-06T12:00:00+00:00,AWS-DEL-102,16.9,990.6,75.0,False,,low,18.1,NORMAL,16.7,992.2,73.0,HEALTHY,replay,30.2,0.0
2025-01-06T13:00:00+00:00,AWS-DEL-102,17.6,989.8,74.0,False,,low,13.4,NORMAL,17.7,991.3,68.0,HEALTHY,replay,22.3,0.0
2025-01-06T14:00:00+00:00,AWS-DEL-102,17.8,989.3,73.0,False,,low,1.5,NORMAL,18.3,990.7,65.0,HEALTHY,replay,2.5,0.0
2025-01-06T15:00:00+00:00,AWS-DEL-102,17.8,989.1,73.0,False,,low,1.5,NORMAL,18.4,990.4,66.0,HEALTHY,replay,2.5,0.0
2025-01-06T16:00:00+00:00,AWS-DEL-102,17.1,988.9,74.0,False,,low,1.2,NORMAL,17.8,990.08,70.0,HEALTHY,replay,2.1,0.0
2025-01-06T17:00:00+00:00,AWS-DEL-102,15.7,988.9,82.0,False,,low,1.0,NORMAL,16.0,990.5,80.0,HEALTHY,replay,1.7,0.0
2025-01-06T18:00:00+00:00,AWS-DEL-102,13.7,989.8,87.0,False,,low,0.7,NORMAL,14.1,991.5,86.0,HEALTHY,replay,1.2,0.0
2025-01-06T19:00:00+00:00,AWS-DEL-102,13.1,990.1,89.0,False,,low,0.3,NORMAL,13.2,991.7,89.0,HEALTHY,replay,0.5,0.0
2025-01-06T20:00:00+00:00,AWS-DEL-102,12.4,990.6,92.0,False,,low,0.2,NORMAL,12.7,992.1,90.0,HEALTHY,replay,0.4,0.0
2025-01-06T21:00:00+00:00,AWS-DEL-102,11.7,990.8,95.0,False,,low,0.2,NORMAL,12.4,992.5,91.0,HEALTHY,replay,0.3,0.0
2025-01-06T22:00:00+00:00,AWS-DEL-102,11.3,991.1,96.0,False,,low,0.2,NORMAL,12.1,992.6,91.0,HEALTHY,replay,0.3,0.0
2025-01-06T23:00:00+00:00,AWS-DEL-102,10.8,990.9,97.0,False,,low,0.2,NORMAL,11.9,992.5,94.0,HEALTHY,replay,0.4,0.0
2025-01-07T00:00:00+00:00,AWS-DEL-102,10.4,990.6,98.0,False,,low,0.3,NORMAL,11.5,992.2,95.0,HEALTHY,replay,0.5,0.0
2025-01-07T01:00:00+00:00,AWS-DEL-102,10.1,990.4,98.0,False,,low,0.5,NORMAL,11.3,991.8,95.0,HEALTHY,replay,0.9,0.0
2025-01-07T02:00:00+00:00,AWS-DEL-102,10.0,990.2,98.0,False,,low,0.4,NORMAL,11.1,991.7,95.0,HEALTHY,replay,0.7,0.0
2025-01-07T03:00:00+00:00,AWS-DEL-102,9.7,990.0,99.0,False,,low,0.5,NORMAL,10.8,991.6,96.0,HEALTHY,replay,0.8,0.0
2025-01-07T04:00:00+00:00,AWS-DEL-102,9.5,990.0,99.0,False,,low,0.6,NORMAL,10.5,991.5,97.0,HEALTHY,replay,0.9,0.0
2025-01-07T05:00:00+00:00,AWS-DEL-102,9.5,990.0,99.0,False,,low,1.3,NORMAL,10.2,991.5,97.0,HEALTHY,replay,2.2,0.0
2025-01-07T06:00:00+00:00,AWS-DEL-102,10.6,991.3,99.0,False,,low,1.6,NORMAL,11.3,992.8,99.0,HEALTHY,replay,2.7,0.0
2025-01-07T07:00:00+00:00,AWS-DEL-102,10.3,992.0,100.0,False,,low,1.2,NORMAL,11.3,993.6,98.0,HEALTHY,replay,1.9,0.0
2025-01-07T08:00:00+00:00,AWS-DEL-102,10.6,992.9,99.0,False,,low,1.1,NORMAL,11.6,994.5,97.0,HEALTHY,replay,1.8,0.0
2025-01-07T09:00:00+00:00,AWS-DEL-102,11.1,993.5,98.0,False,,low,1.3,NORMAL,12.3,995.0,93.0,HEALTHY,replay,2.2,0.0
2025-01-07T10:00:00+00:00,AWS-DEL-102,12.4,993.4,93.0,False,,low,2.1,NORMAL,13.7,994.8,87.0,HEALTHY,replay,3.5,0.0
2025-01-07T11:00:00+00:00,AWS-DEL-102,14.0,992.9,87.0,False,,low,2.5,NORMAL,14.9,994.3,81.0,HEALTHY,replay,4.1,0.0
2025-01-07T12:00:00+00:00,AWS-DEL-102,15.2,991.8,80.0,False,,low,2.5,NORMAL,16.2,993.3,75.0,HEALTHY,replay,4.2,0.0
2025-01-07T13:00:00+00:00,AWS-DEL-102,16.6,990.6,71.0,False,,low,10.3,NORMAL,18.0,992.14,65.0,HEALTHY,replay,17.2,0.0
2025-01-07T14:00:00+00:00,AWS-DEL-102,17.2,989.5,68.0,False,,low,8.6,NORMAL,18.4,991.39,65.0,HEALTHY,replay,14.4,0.0
2025-01-07T15:00:00+00:00,AWS-DEL-102,17.2,988.8,69.0,False,,low,4.3,NORMAL,18.3,990.16,64.0,HEALTHY,replay,7.2,0.0
2025-01-07T16:00:00+00:00,AWS-DEL-102,16.5,988.6,74.0,False,,low,1.8,NORMAL,17.6,990.2,69.0,HEALTHY,replay,3.0,0.0
2025-01-07T17:00:00+00:00,AWS-DEL-102,14.9,988.6,80.0,False,,low,0.9,NORMAL,15.6,989.74,78.0,HEALTHY,replay,1.4,0.0
2025-01-07T18:00:00+00:00,AWS-DEL-102,13.2,990.0,89.0,False,,low,0.8,NORMAL,13.5,991.5,86.0,HEALTHY,replay,1.3,0.0
2025-01-07T19:00:00+00:00,AWS-DEL-102,12.4,989.9,91.0,False,,low,0.3,NORMAL,12.8,991.5,89.0,HEALTHY,replay,0.5,0.0
2025-01-07T20:00:00+00:00,AWS-DEL-102,11.9,990.2,92.0,False,,low,0.2,NORMAL,12.3,991.9,91.0,HEALTHY,replay,0.3,0.0
2025-01-07T21:00:00+00:00,AWS-DEL-102,11.4,990.3,93.0,False,,low,0.1,NORMAL,11.9,991.9,93.0,HEALTHY,replay,0.2,0.0
2025-01-07T22:00:00+00:00,AWS-DEL-102,10.7,990.0,94.0,False,,low,0.2,NORMAL,11.6,991.6,93.0,HEALTHY,replay,0.3,0.0
2025-01-07T23:00:00+00:00,AWS-DEL-102,10.0,989.3,94.0,False,,low,0.3,NORMAL,11.1,990.9,94.0,HEALTHY,replay,0.4,0.0
2025-01-08T00:00:00+00:00,AWS-DEL-102,9.5,988.7,94.0,False,,low,0.4,NORMAL,10.6,990.3,92.0,HEALTHY,replay,0.6,0.0
2025-01-08T01:00:00+00:00,AWS-DEL-102,9.0,987.9,93.0,False,,low,0.6,NORMAL,10.0,989.6,91.0,HEALTHY,replay,0.9,0.0
2025-01-08T02:00:00+00:00,AWS-DEL-102,8.5,987.5,94.0,False,,low,0.6,NORMAL,9.6,989.1,90.0,HEALTHY,replay,1.0,0.0
2025-01-08T03:00:00+00:00,AWS-DEL-102,8.2,987.2,93.0,False,,low,0.9,NORMAL,9.2,988.8,90.0,HEALTHY,replay,1.5,0.0
2025-01-08T04:00:00+00:00,AWS-DEL-102,7.9,987.0,92.0,False,,low,0.9,NORMAL,9.1,988.5,89.0,HEALTHY,replay,1.5,0.0
2025-01-08T05:00:00+00:00,AWS-DEL-102,7.8,987.1,91.0,False,,low,1.0,NORMAL,8.9,988.7,88.0,HEALTHY,replay,1.7,0.0
2025-01-08T06:00:00+00:00,AWS-DEL-102,7.6,987.8,93.0,False,,low,2.4,NORMAL,8.8,989.2,90.0,HEALTHY,replay,4.1,0.0
2025-01-08T07:00:00+00:00,AWS-DEL-102,7.3,988.5,93.0,False,,low,1.9,NORMAL,8.7,990.0,89.0,HEALTHY,replay,3.2,0.0
2025-01-08T08:00:00+00:00,AWS-DEL-102,8.6,989.6,89.0,False,,low,2.0,NORMAL,9.9,991.0,84.0,HEALTHY,replay,3.3,0.0
2025-01-08T09:00:00+00:00,AWS-DEL-102,10.7,990.8,82.0,False,,low,7.8,NORMAL,12.0,992.3,78.0,HEALTHY,replay,13.0,0.0
2025-01-08T10:00:00+00:00,AWS-DEL-102,13.0,991.2,72.0,False,,low,5.6,NORMAL,14.1,992.7,68.0,HEALTHY,replay,9.3,0.0
2025-01-08T11:00:00+00:00,AWS-DEL-102,15.1,990.5,65.0,False,,low,6.5,NORMAL,16.0,992.1,61.0,HEALTHY,replay,10.8,0.0
2025-01-08T12:00:00+00:00,AWS-DEL-102,16.7,989.9,59.0,False,,low,5.7,NORMAL,17.5,991.3,56.0,HEALTHY,replay,9.4,0.0
2025-01-08T13:00:00+00:00,AWS-DEL-102,17.7,989.0,55.0,False,,low,4.2,NORMAL,18.5,990.5,51.0,HEALTHY,replay,7.0,0.0
2025-01-08T14:00:00+00:00,AWS-DEL-102,18.2,988.5,52.0,False,,low,4.0,NORMAL,19.0,990.0,48.0,HEALTHY,replay,6.6,0.0
2025-01-08T15:00:00+00:00,AWS-DEL-102,18.0,988.4,52.0,False,,low,1.8,NORMAL,18.9,989.9,48.0,HEALTHY,replay,3.0,0.0
2025-01-08T16:00:00+00:00,AWS-DEL-102,17.1,988.2,60.0,False,,low,1.5,NORMAL,17.8,989.7,54.0,HEALTHY,replay,2.5,0.0
2025-01-08T17:00:00+00:00,AWS-DEL-102,15.1,988.0,67.0,False,,low,0.6,NORMAL,15.4,989.6,66.0,HEALTHY,replay,1.0,0.0
2025-01-08T18:00:00+00:00,AWS-DEL-102,14.4,988.2,71.0,False,,low,0.6,NORMAL,13.9,989.9,71.0,HEALTHY,replay,1.1,0.0
2025-01-08T19:00:00+00:00,AWS-DEL-102,13.5,988.7,72.0,False,,low,0.4,NORMAL,13.0,990.3,75.0,HEALTHY,replay,0.6,0.0
2025-01-08T20:00:00+00:00,AWS-DEL-102,12.3,989.1,75.0,False,,low,0.2,NORMAL,12.2,990.8,76.0,HEALTHY,replay,0.3,0.0
2025-01-08T21:00:00+00:00,AWS-DEL-102,11.1,989.5,78.0,False,,low,0.1,NORMAL,11.7,991.2,77.0,HEALTHY,replay,0.2,0.0
2025-01-08T22:00:00+00:00,AWS-DEL-102,10.5,989.5,78.0,False,,low,0.1,NORMAL,11.1,991.2,79.0,HEALTHY,replay,0.2,0.0
2025-01-08T23:00:00+00:00,AWS-DEL-102,9.8,989.3,80.0,False,,low,0.2,NORMAL,10.6,990.9,81.0,HEALTHY,replay,0.3,0.0
2025-01-09T00:00:00+00:00,AWS-DEL-102,9.0,988.9,85.0,False,,low,0.2,NORMAL,10.0,990.6,83.0,HEALTHY,replay,0.3,0.0
2025-01-09T01:00:00+00:00,AWS-DEL-102,8.4,988.7,88.0,False,,low,0.2,NORMAL,9.3,990.5,86.0,HEALTHY,replay,0.3,0.0
2025-01-09T02:00:00+00:00,AWS-DEL-102,7.9,988.9,89.0,False,,low,0.2,NORMAL,8.7,990.7,87.0,HEALTHY,replay,0.4,0.0
2025-01-09T03:00:00+00:00,AWS-DEL-102,7.3,988.7,91.0,False,,low,0.2,NORMAL,8.1,990.5,89.0,HEALTHY,replay,0.3,0.0
2025-01-09T04:00:00+00:00,AWS-DEL-102,7.1,988.6,91.0,False,,low,0.3,NORMAL,7.6,990.5,91.0,HEALTHY,replay,0.4,0.0
2025-01-09T05:00:00+00:00,AWS-DEL-102,7.1,988.6,90.0,False,,low,0.8,NORMAL,7.0,990.6,92.0,HEALTHY,replay,1.4,0.0
2025-01-09T06:00:00+00:00,AWS-DEL-102,7.3,989.5,93.0,False,,low,0.4,NORMAL,6.4,991.4,99.0,HEALTHY,replay,0.7,0.0
2025-01-09T07:00:00+00:00,AWS-DEL-102,7.2,990.2,93.0,False,,low,0.3,NORMAL,6.0,992.1,100.0,HEALTHY,replay,0.6,0.0
2025-01-09T08:00:00+00:00,AWS-DEL-102,8.8,991.5,89.0,False,,low,0.5,NORMAL,7.7,993.3,98.0,HEALTHY,replay,0.9,0.0
2025-01-09T09:00:00+00:00,AWS-DEL-102,12.1,992.8,82.0,False,,low,10.3,NORMAL,10.3,994.5,94.0,HEALTHY,replay,17.2,0.0
2025-01-09T10:00:00+00:00,AWS-DEL-102,15.1,993.5,71.0,False,,low,14.3,NORMAL,13.8,995.2,82.0,HEALTHY,replay,23.8,0.0
2025-01-09T11:00:00+00:00,AWS-DEL-102,17.1,993.0,63.0,False,,low,2.9,NORMAL,16.2,994.7,68.0,HEALTHY,replay,4.9,0.0
2025-01-09T12:00:00+00:00,AWS-DEL-102,18.4,991.9,57.0,False,,low,1.5,NORMAL,17.5,993.7,62.0,HEALTHY,replay,2.5,0.0
2025-01-09T13:00:00+00:00,AWS-DEL-102,19.2,991.1,54.0,False,,low,0.9,NORMAL,18.3,992.8,58.0,HEALTHY,replay,1.4,0.0
2025-01-09T14:00:00+00:00,AWS-DEL-102,19.5,990.5,52.0,False,,low,0.7,NORMAL,18.7,992.3,54.0,HEALTHY,replay,1.1,0.0
2025-01-09T15:00:00+00:00,AWS-DEL-102,19.3,990.2,53.0,False,,low,0.3,NORMAL,18.7,992.0,53.0,HEALTHY,replay,0.6,0.0
2025-01-09T16:00:00+00:00,AWS-DEL-102,18.6,990.3,63.0,False,,low,0.6,NORMAL,17.9,992.0,63.0,HEALTHY,replay,1.0,0.0
2025-01-09T17:00:00+00:00,AWS-DEL-102,15.9,990.2,74.0,False,,low,1.0,NORMAL,15.4,992.0,66.0,HEALTHY,replay,1.6,0.0
2025-01-09T18:00:00+00:00,AWS-DEL-102,14.1,991.0,80.0,False,,low,1.0,NORMAL,14.3,992.9,75.0,HEALTHY,replay,1.7,0.0
2025-01-09T19:00:00+00:00,AWS-DEL-102,13.4,991.3,82.0,False,,low,0.3,NORMAL,12.6,992.7,81.0,HEALTHY,replay,0.6,0.0
2025-01-09T20:00:00+00:00,AWS-DEL-102,12.7,992.0,81.0,False,,low,0.3,NORMAL,11.3,993.5,85.0,HEALTHY,replay,0.5,0.0
2025-01-09T21:00:00+00:00,AWS-DEL-102,12.0,992.4,82.0,False,,low,0.2,NORMAL,10.6,993.9,87.0,HEALTHY,replay,0.3,0.0
2025-01-09T22:00:00+00:00,AWS-DEL-102,11.3,992.4,84.0,False,,low,0.2,NORMAL,9.7,994.0,91.0,HEALTHY,replay,0.3,0.0
2025-01-09T23:00:00+00:00,AWS-DEL-102,10.6,992.2,87.0,False,,low,0.2,NORMAL,8.9,993.7,92.0,HEALTHY,replay,0.3,0.0
2025-01-10T00:00:00+00:00,AWS-DEL-102,9.9,991.8,89.0,False,,low,0.2,NORMAL,8.1,993.4,94.0,HEALTHY,replay,0.3,0.0
2025-01-10T01:00:00+00:00,AWS-DEL-102,9.1,991.5,92.0,False,,low,0.2,NORMAL,7.4,993.0,95.0,HEALTHY,replay,0.3,0.0
2025-01-10T02:00:00+00:00,AWS-DEL-102,8.4,991.3,94.0,False,,low,0.1,NORMAL,7.0,992.9,97.0,HEALTHY,replay,0.2,0.0
2025-01-10T03:00:00+00:00,AWS-DEL-102,7.9,991.2,96.0,False,,low,0.1,NORMAL,6.6,992.6,98.0,HEALTHY,replay,0.2,0.0
2025-01-10T04:00:00+00:00,AWS-DEL-102,7.5,991.1,97.0,False,,low,0.2,NORMAL,6.4,992.5,99.0,HEALTHY,replay,0.4,0.0
2025-01-10T05:00:00+00:00,AWS-DEL-102,7.8,991.4,96.0,False,,low,0.4,NORMAL,6.1,992.8,100.0,HEALTHY,replay,0.7,0.0
2025-01-10T06:00:00+00:00,AWS-DEL-102,8.1,992.5,99.0,False,,low,0.6,NORMAL,6.0,994.0,99.0,HEALTHY,replay,1.0,0.0
2025-01-10T07:00:00+00:00,AWS-DEL-102,7.7,993.3,100.0,False,,low,0.5,NORMAL,6.5,995.0,99.0,HEALTHY,replay,0.9,0.0
2025-01-10T08:00:00+00:00,AWS-DEL-102,8.4,994.3,99.0,False,,low,1.2,NORMAL,7.2,996.1,98.0,HEALTHY,replay,1.9,0.0
2025-01-10T09:00:00+00:00,AWS-DEL-102,10.7,995.3,95.0,False,,low,2.8,NORMAL,9.0,997.0,95.0,HEALTHY,replay,4.7,0.0
2025-01-10T10:00:00+00:00,AWS-DEL-102,12.5,995.7,94.0,False,,low,4.0,NORMAL,11.4,997.6,91.0,HEALTHY,replay,6.7,0.0
2025-01-10T11:00:00+00:00,AWS-DEL-102,15.3,995.0,80.0,False,,low,4.7,NORMAL,14.4,996.9,81.0,HEALTHY,replay,7.9,0.0
2025-01-10T12:00:00+00:00,AWS-DEL-102,17.1,993.9,68.0,False,,low,5.5,NORMAL,16.5,995.8,71.0,HEALTHY,replay,9.1,0.0
2025-01-10T13:00:00+00:00,AWS-DEL-102,18.0,992.7,60.0,False,,low,5.8,NORMAL,17.5,994.6,64.0,HEALTHY,replay,9.7,0.0
2025-01-10T14:00:00+00:00,AWS-DEL-102,18.4,992.0,57.0,False,,low,2.4,NORMAL,17.9,993.8,61.0,HEALTHY,replay,3.9,0.0
2025-01-10T15:00:00+00:00,AWS-DEL-102,18.2,991.5,57.0,False,,low,2.3,NORMAL,17.9,993.2,60.0,HEALTHY,replay,3.8,0.0
2025-01-10T16:00:00+00:00,AWS-DEL-102,17.4,991.2,64.0,False,,low,0.6,NORMAL,17.2,993.0,63.0,HEALTHY,replay,1.0,0.0
2025-01-10T17:00:00+00:00,AWS-DEL-102,15.4,991.0,75.0,False,,low,0.9,NORMAL,14.3,992.5,75.0,HEALTHY,replay,1.5,0.0
2025-01-10T18:00:00+00:00,AWS-DEL-102,13.5,991.1,83.0,False,,low,0.9,NORMAL,12.4,992.7,84.0,HEALTHY,replay,1.5,0.0
2025-01-10T19:00:00+00:00,AWS-DEL-102,12.4,991.5,86.0,False,,low,0.4,NORMAL,11.4,993.1,88.0,HEALTHY,replay,0.7,0.0
2025-01-10T20:00:00+00:00,AWS-DEL-102,11.6,991.9,89.0,False,,low,0.2,NORMAL,10.7,993.5,92.0,HEALTHY,replay,0.4,0.0
2025-01-10T21:00:00+00:00,AWS-DEL-102,11.1,992.1,90.0,False,,low,0.1,NORMAL,9.5,993.6,94.0,HEALTHY,replay,0.2,0.0
2025-01-10T22:00:00+00:00,AWS-DEL-102,10.7,992.1,92.0,False,,low,0.1,NORMAL,8.9,993.6,95.0,HEALTHY,replay,0.2,0.0
2025-01-10T23:00:00+00:00,AWS-DEL-102,10.3,991.8,93.0,False,,low,0.1,NORMAL,8.6,993.3,96.0,HEALTHY,replay,0.2,0.0
2025-01-11T00:00:00+00:00,AWS-DEL-102,10.0,991.2,94.0,False,,low,0.2,NORMAL,8.3,992.7,96.0,HEALTHY,replay,0.3,0.0
2025-01-11T01:00:00+00:00,AWS-DEL-102,9.7,991.0,94.0,False,,low,0.2,NORMAL,8.1,992.6,96.0,HEALTHY,replay,0.3,0.0
2025-01-11T02:00:00+00:00,AWS-DEL-102,9.3,990.9,95.0,False,,low,0.3,NORMAL,8.0,992.7,96.0,HEALTHY,replay,0.5,0.0
2025-01-11T03:00:00+00:00,AWS-DEL-102,9.0,990.8,95.0,False,,low,0.3,NORMAL,7.8,992.6,96.0,HEALTHY,replay,0.5,0.0
2025-01-11T04:00:00+00:00,AWS-DEL-102,8.7,990.6,95.0,False,,low,0.3,NORMAL,7.5,992.5,97.0,HEALTHY,replay,0.5,0.0
2025-01-11T05:00:00+00:00,AWS-DEL-102,8.6,991.0,95.0,False,,low,0.4,NORMAL,7.5,992.9,97.0,HEALTHY,replay,0.7,0.0
2025-01-11T06:00:00+00:00,AWS-DEL-102,9.4,991.4,97.0,False,,low,0.5,NORMAL,8.6,993.4,98.0,HEALTHY,replay,0.9,0.0
2025-01-11T07:00:00+00:00,AWS-DEL-102,9.5,992.0,97.0,False,,low,0.3,NORMAL,8.8,994.0,97.0,HEALTHY,replay,0.5,0.0
2025-01-11T08:00:00+00:00,AWS-DEL-102,10.4,992.9,95.0,False,,low,0.5,NORMAL,9.5,994.8,97.0,HEALTHY,replay,0.9,0.0
2025-01-11T09:00:00+00:00,AWS-DEL-102,12.1,993.4,91.0,False,,low,0.5,NORMAL,11.0,995.5,94.0,HEALTHY,replay,0.8,0.0
2025-01-11T10:00:00+00:00,AWS-DEL-102,14.1,993.3,83.0,False,,low,1.6,NORMAL,13.9,995.3,84.0,HEALTHY,replay,2.7,0.0
2025-01-11T11:00:00+00:00,AWS-DEL-102,15.7,993.1,76.0,False,,low,1.2,NORMAL,16.0,994.8,75.0,HEALTHY,replay,2.0,0.0
2025-01-11T12:00:00+00:00,AWS-DEL-102,16.1,992.1,74.0,False,,low,1.1,NORMAL,16.8,993.6,70.0,HEALTHY,replay,1.9,0.0
2025-01-11T13:00:00+00:00,AWS-DEL-102,16.2,990.9,73.0,False,,low,3.0,NORMAL,17.8,992.6,67.0,HEALTHY,replay,5.0,0.0
2025-01-11T14:00:00+00:00,AWS-DEL-102,15.8,989.9,75.0,False,,low,6.8,NORMAL,17.4,991.5,68.0,HEALTHY,replay,11.4,0.0
2025-01-11T15:00:00+00:00,AWS-DEL-102,15.4,989.2,81.0,False,,low,6.8,NORMAL,17.3,991.2,69.0,HEALTHY,replay,11.3,0.0
2025-01-11T16:00:00+00:00,AWS-DEL-102,15.2,989.1,84.0,False,,low,5.0,NORMAL,16.9,990.7,71.0,HEALTHY,replay,8.4,0.0
2025-01-11T17:00:00+00:00,AWS-DEL-102,14.2,988.8,89.0,False,,low,3.5,NORMAL,14.9,990.7,84.0,HEALTHY,replay,5.8,0.0
2025-01-11T18:00:00+00:00,AWS-DEL-102,12.9,989.9,97.0,False,,low,2.4,NORMAL,13.9,992.1,92.0,HEALTHY,replay,4.0,0.0
2025-01-11T19:00:00+00:00,AWS-DEL-102,12.9,989.6,94.0,False,,low,1.3,NORMAL,13.2,992.5,90.0,HEALTHY,replay,2.2,0.0
2025-01-11T20:00:00+00:00,AWS-DEL-102,12.6,990.3,93.0,False,,low,0.4,NORMAL,12.7,992.0,88.0,HEALTHY,replay,0.6,0.0
2025-01-11T21:00:00+00:00,AWS-DEL-102,12.0,990.5,93.0,False,,low,0.2,NORMAL,12.3,992.5,89.0,HEALTHY,replay,0.4,0.0
2025-01-11T22:00:00+00:00,AWS-DEL-102,11.3,990.8,92.0,False,,low,0.3,NORMAL,12.1,992.6,89.0,HEALTHY,replay,0.4,0.0
2025-01-11T23:00:00+00:00,AWS-DEL-102,11.4,991.1,92.0,False,,low,0.3,NORMAL,11.8,992.8,89.0,HEALTHY,replay,0.5,0.0
2025-01-12T00:00:00+00:00,AWS-DEL-102,10.3,990.6,95.0,False,,low,0.4,NORMAL,11.7,992.4,90.0,HEALTHY,replay,0.6,0.0
2025-01-12T01:00:00+00:00,AWS-DEL-102,10.1,990.4,96.0,False,,low,0.4,NORMAL,11.0,992.2,93.0,HEALTHY,replay,0.6,0.0
2025-01-12T02:00:00+00:00,AWS-DEL-102,10.1,990.2,96.0,False,,low,0.3,NORMAL,11.0,992.0,94.0,HEALTHY,replay,0.5,0.0
2025-01-12T03:00:00+00:00,AWS-DEL-102,9.8,990.1,96.0,False,,low,0.4,NORMAL,10.7,991.8,94.0,HEALTHY,replay,0.7,0.0
2025-01-12T04:00:00+00:00,AWS-DEL-102,9.9,989.9,96.0,False,,low,0.3,NORMAL,10.9,991.7,92.0,HEALTHY,replay,0.5,0.0
2025-01-12T05:00:00+00:00,AWS-DEL-102,10.2,990.1,95.0,False,,low,0.6,NORMAL,11.0,992.0,90.0,HEALTHY,replay,1.0,0.0
2025-01-12T06:00:00+00:00,AWS-DEL-102,9.8,991.2,99.0,False,,low,0.4,NORMAL,11.4,992.9,91.0,HEALTHY,replay,0.6,0.0
2025-01-12T07:00:00+00:00,AWS-DEL-102,9.8,991.6,99.0,False,,low,0.3,NORMAL,10.9,993.5,92.0,HEALTHY,replay,0.5,0.0
2025-01-12T08:00:00+00:00,AWS-DEL-102,11.1,992.6,100.0,False,,low,0.7,NORMAL,12.4,994.3,85.0,HEALTHY,replay,1.2,0.0
2025-01-12T09:00:00+00:00,AWS-DEL-102,13.5,993.8,93.0,False,,low,2.1,NORMAL,13.5,997.4,93.0,HEALTHY,replay,3.6,0.0
2025-01-12T10:00:00+00:00,AWS-DEL-102,15.0,994.2,88.0,False,,low,2.0,NORMAL,15.5,997.7,83.0,HEALTHY,replay,3.3,0.0
2025-01-12T11:00:00+00:00,AWS-DEL-102,16.2,993.6,78.0,False,,low,2.7,NORMAL,17.3,996.8,74.0,HEALTHY,replay,4.5,0.0
2025-01-12T12:00:00+00:00,AWS-DEL-102,17.0,992.5,73.0,False,,low,2.1,NORMAL,18.3,993.9,67.0,HEALTHY,replay,3.5,0.0
2025-01-12T13:00:00+00:00,AWS-DEL-102,17.5,991.4,69.0,False,,low,3.8,NORMAL,18.8,993.0,67.0,HEALTHY,replay,6.4,0.0
2025-01-12T14:00:00+00:00,AWS-DEL-102,17.7,990.7,67.0,False,,low,3.3,NORMAL,18.7,992.3,63.0,HEALTHY,replay,5.5,0.0
2025-01-12T15:00:00+00:00,AWS-DEL-102,17.5,990.5,67.0,False,,low,4.2,NORMAL,18.4,992.1,62.0,HEALTHY,replay,6.9,0.0
2025-01-12T16:00:00+00:00,AWS-DEL-102,16.8,990.8,71.0,False,,low,1.2,NORMAL,18.0,992.4,65.0,HEALTHY,replay,2.0,0.0
2025-01-12T17:00:00+00:00,AWS-DEL-102,15.1,990.9,83.0,False,,low,1.7,NORMAL,16.2,992.6,74.0,HEALTHY,replay,2.9,0.0
2025-01-12T18:00:00+00:00,AWS-DEL-102,12.9,992.1,93.0,False,,low,2.5,NORMAL,13.0,993.6,93.0,HEALTHY,replay,4.1,0.0
2025-01-12T19:00:00+00:00,AWS-DEL-102,12.3,992.5,95.0,False,,low,0.8,NORMAL,12.7,994.2,93.0,HEALTHY,replay,1.4,0.0
2025-01-12T20:00:00+00:00,AWS-DEL-102,11.9,993.2,95.0,False,,low,0.5,NORMAL,12.5,994.9,93.0,HEALTHY,replay,0.9,0.0
2025-01-12T21:00:00+00:00,AWS-DEL-102,11.3,993.7,96.0,False,,low,0.4,NORMAL,12.0,995.4,94.0,HEALTHY,replay,0.7,0.0
2025-01-12T22:00:00+00:00,AWS-DEL-102,10.8,993.5,96.0,False,,low,0.3,NORMAL,11.4,995.3,95.0,HEALTHY,replay,0.5,0.0
2025-01-12T23:00:00+00:00,AWS-DEL-102,10.2,993.2,98.0,False,,low,0.4,NORMAL,10.9,994.8,95.0,HEALTHY,replay,0.7,0.0
2025-01-13T00:00:00+00:00,AWS-DEL-102,9.7,992.7,99.0,False,,low,0.5,NORMAL,10.6,994.1,96.0,HEALTHY,replay,0.9,0.0
2025-01-13T01:00:00+00:00,AWS-DEL-102,9.1,992.3,100.0,False,,low,0.3,NORMAL,9.8,993.9,96.0,HEALTHY,replay,0.5,0.0
2025-01-13T02:00:00+00:00,AWS-DEL-102,8.8,991.7,100.0,False,,low,0.3,NORMAL,9.5,993.4,97.0,HEALTHY,replay,0.6,0.0
2025-01-13T03:00:00+00:00,AWS-DEL-102,8.8,991.6,100.0,False,,low,0.4,NORMAL,9.4,993.2,97.0,HEALTHY,replay,0.7,0.0
2025-01-13T04:00:00+00:00,AWS-DEL-102,8.6,991.6,100.0,False,,low,0.5,NORMAL,9.2,993.1,97.0,HEALTHY,replay,0.8,0.0
2025-01-13T05:00:00+00:00,AWS-DEL-102,8.7,991.7,100.0,False,,low,0.9,NORMAL,9.0,993.3,98.0,HEALTHY,replay,1.4,0.0
2025-01-13T06:00:00+00:00,AWS-DEL-102,9.5,992.1,100.0,False,,low,0.8,NORMAL,9.9,995.2,98.0,HEALTHY,replay,1.3,0.0
2025-01-13T07:00:00+00:00,AWS-DEL-102,9.4,992.6,100.0,False,,low,0.4,NORMAL,9.8,995.5,97.0,HEALTHY,replay,0.7,0.0
2025-01-13T08:00:00+00:00,AWS-DEL-102,9.7,993.4,98.0,False,,low,0.4,NORMAL,10.8,996.3,95.0,HEALTHY,replay,0.7,0.0
2025-01-13T09:00:00+00:00,AWS-DEL-102,10.8,993.9,95.0,False,,low,0.4,NORMAL,12.6,995.4,90.0,HEALTHY,replay,0.7,0.0
2025-01-13T10:00:00+00:00,AWS-DEL-102,13.1,994.1,88.0,False,,low,0.9,NORMAL,14.7,995.5,81.0,HEALTHY,replay,1.5,0.0
2025-01-13T11:00:00+00:00,AWS-DEL-102,15.1,993.3,80.0,False,,low,2.8,NORMAL,16.6,994.8,73.0,HEALTHY,replay,4.6,0.0
2025-01-13T12:00:00+00:00,AWS-DEL-102,16.6,992.0,75.0,False,,low,4.0,NORMAL,18.1,993.5,67.0,HEALTHY,replay,6.7,0.0
2025-01-13T13:00:00+00:00,AWS-DEL-102,17.7,991.0,72.0,False,,low,4.8,NORMAL,19.2,992.4,63.0,HEALTHY,replay,8.1,0.0
2025-01-13T14:00:00+00:00,AWS-DEL-102,18.3,990.2,69.0,False,,low,4.1,NORMAL,19.8,991.8,59.0,HEALTHY,replay,6.9,0.0
2025-01-13T15:00:00+00:00,AWS-DEL-102,18.4,990.0,68.0,False,,low,2.4,NORMAL,19.8,991.5,58.0,HEALTHY,replay,3.9,0.0
2025-01-13T16:00:00+00:00,AWS-DEL-102,17.9,989.7,70.0,False,,low,1.0,NORMAL,19.0,992.7,64.0,HEALTHY,replay,1.6,0.0
2025-01-13T17:00:00+00:00,AWS-DEL-102,16.1,989.9,80.0,False,,low,0.9,NORMAL,16.8,990.8,77.0,HEALTHY,replay,1.5,0.0
2025-01-13T18:00:00+00:00,AWS-DEL-102,14.4,990.5,86.0,False,,low,0.7,NORMAL,15.4,991.5,83.0,HEALTHY,replay,1.1,0.0
2025-01-13T19:00:00+00:00,AWS-DEL-102,13.3,990.8,90.0,False,,low,0.3,NORMAL,14.6,991.9,87.0,HEALTHY,replay,0.5,0.0
2025-01-13T20:00:00+00:00,AWS-DEL-102,12.5,991.0,91.0,False,,low,0.2,NORMAL,13.6,993.9,88.0,HEALTHY,replay,0.4,0.0
2025-01-13T21:00:00+00:00,AWS-DEL-102,11.9,991.4,92.0,False,,low,0.2,NORMAL,13.4,993.0,89.0,HEALTHY,replay,0.3,0.0
2025-01-13T22:00:00+00:00,AWS-DEL-102,11.3,991.3,93.0,False,,low,0.1,NORMAL,12.7,992.8,90.0,HEALTHY,replay,0.2,0.0
2025-01-13T23:00:00+00:00,AWS-DEL-102,10.8,990.9,94.0,False,,low,0.2,NORMAL,12.1,992.5,91.0,HEALTHY,replay,0.3,0.0
2025-01-14T00:00:00+00:00,AWS-DEL-102,10.3,990.5,95.0,False,,low,0.2,NORMAL,11.6,992.2,93.0,HEALTHY,replay,0.4,0.0
2025-01-14T01:00:00+00:00,AWS-DEL-102,9.7,990.3,96.0,False,,low,0.2,NORMAL,11.1,991.9,94.0,HEALTHY,replay,0.3,0.0
2025-01-14T02:00:00+00:00,AWS-DEL-102,9.2,989.9,97.0,False,,low,0.2,NORMAL,10.7,991.5,95.0,HEALTHY,replay,0.3,0.0
2025-01-14T03:00:00+00:00,AWS-DEL-102,8.7,989.7,98.0,False,,low,0.2,NORMAL,9.9,991.3,95.0,HEALTHY,replay,0.4,0.0
2025-01-14T04:00:00+00:00,AWS-DEL-102,8.3,989.5,98.0,False,,low,0.3,NORMAL,9.5,991.2,96.0,HEALTHY,replay,0.5,0.0
2025-01-14T05:00:00+00:00,AWS-DEL-102,7.9,989.8,98.0,False,,low,0.4,NORMAL,9.0,991.4,96.0,HEALTHY,replay,0.7,0.0
2025-01-14T06:00:00+00:00,AWS-DEL-102,7.9,991.3,99.0,False,,low,0.4,NORMAL,9.1,992.9,97.0,HEALTHY,replay,0.7,0.0
2025-01-14T07:00:00+00:00,AWS-DEL-102,8.0,991.9,100.0,False,,low,0.4,NORMAL,8.7,993.6,97.0,HEALTHY,replay,0.7,0.0
2025-01-14T08:00:00+00:00,AWS-DEL-102,9.0,992.9,99.0,False,,low,0.4,NORMAL,10.3,994.5,95.0,HEALTHY,replay,0.7,0.0
2025-01-14T09:00:00+00:00,AWS-DEL-102,11.1,993.9,93.0,False,,low,0.7,NORMAL,12.2,995.5,88.0,HEALTHY,replay,1.1,0.0
2025-01-14T10:00:00+00:00,AWS-DEL-102,13.2,994.5,87.0,False,,low,1.3,NORMAL,14.3,996.0,80.0,HEALTHY,replay,2.2,0.0
2025-01-14T11:00:00+00:00,AWS-DEL-102,15.2,994.1,77.0,False,,low,1.4,NORMAL,16.1,995.7,72.0,HEALTHY,replay,2.4,0.0
2025-01-14T12:00:00+00:00,AWS-DEL-102,16.6,993.2,71.0,False,,low,1.0,NORMAL,17.5,994.8,68.0,HEALTHY,replay,1.6,0.0
2025-01-14T13:00:00+00:00,AWS-DEL-102,17.6,992.3,67.0,False,,low,1.2,NORMAL,18.4,994.0,64.0,HEALTHY,replay,2.1,0.0
2025-01-14T14:00:00+00:00,AWS-DEL-102,18.1,991.7,64.0,False,,low,1.0,NORMAL,18.9,993.3,62.0,HEALTHY,replay,1.7,0.0
2025-01-14T15:00:00+00:00,AWS-DEL-102,18.2,991.4,63.0,False,,low,1.0,NORMAL,18.9,993.0,61.0,HEALTHY,replay,1.6,0.0
2025-01-14T16:00:00+00:00,AWS-DEL-102,17.6,991.3,65.0,False,,low,0.7,NORMAL,18.2,993.0,64.0,HEALTHY,replay,1.1,0.0
2025-01-14T17:00:00+00:00,AWS-DEL-102,15.6,991.3,77.0,False,,low,0.9,NORMAL,15.8,993.0,75.0,HEALTHY,replay,1.5,0.0
2025-01-14T18:00:00+00:00,AWS-DEL-102,14.1,991.8,83.0,False,,low,0.4,NORMAL,14.8,993.7,78.0,HEALTHY,replay,0.7,0.0
2025-01-14T19:00:00+00:00,AWS-DEL-102,13.4,992.1,83.0,False,,low,0.3,NORMAL,14.0,994.0,80.0,HEALTHY,replay,0.6,0.0
2025-01-14T20:00:00+00:00,AWS-DEL-102,12.3,992.5,87.0,False,,low,0.1,NORMAL,12.7,994.3,86.0,HEALTHY,replay,0.2,0.0
2025-01-14T21:00:00+00:00,AWS-DEL-102,11.6,992.5,91.0,False,,low,0.1,NORMAL,11.8,994.4,91.0,HEALTHY,replay,0.2,0.0
2025-01-14T22:00:00+00:00,AWS-DEL-102,11.1,992.9,92.0,False,,low,0.1,NORMAL,11.1,994.7,93.0,HEALTHY,replay,0.2,0.0
2025-01-14T23:00:00+00:00,AWS-DEL-102,10.7,992.8,94.0,False,,low,0.1,NORMAL,10.4,994.6,96.0,HEALTHY,replay,0.1,0.0
2025-01-15T00:00:00+00:00,AWS-DEL-102,10.1,992.5,96.0,False,,low,0.2,NORMAL,9.8,995.8,99.0,HEALTHY,replay,0.3,0.0
2025-01-15T01:00:00+00:00,AWS-DEL-102,9.7,992.5,97.0,False,,low,0.2,NORMAL,9.4,994.3,100.0,HEALTHY,replay,0.3,0.0
2025-01-15T02:00:00+00:00,AWS-DEL-102,9.3,992.1,99.0,False,,low,0.2,NORMAL,9.0,993.8,100.0,HEALTHY,replay,0.4,0.0
2025-01-15T03:00:00+00:00,AWS-DEL-102,8.6,992.1,100.0,False,,low,0.2,NORMAL,8.3,993.8,100.0,HEALTHY,replay,0.4,0.0
2025-01-15T04:00:00+00:00,AWS-DEL-102,7.6,992.2,100.0,False,,low,0.5,NORMAL,8.0,994.0,99.0,HEALTHY,replay,0.8,0.0
2025-01-15T05:00:00+00:00,AWS-DEL-102,7.0,992.4,100.0,False,,low,0.7,NORMAL,8.3,994.3,99.0,OFFLINE,replay,1.1,0.0
2025-01-15T06:00:00+00:00,AWS-DEL-102,7.5,993.2,100.0,False,,low,0.5,NORMAL,8.0,995.0,99.0,OFFLINE,replay,0.9,0.0
2025-01-15T07:00:00+00:00,AWS-DEL-102,7.6,993.8,100.0,False,,low,1.6,NORMAL,8.2,995.7,98.0,OFFLINE,replay,2.7,0.0
2025-01-15T08:00:00+00:00,AWS-DEL-102,8.8,994.5,98.0,False,,low,2.0,NORMAL,8.5,996.5,97.0,HEALTHY,replay,3.3,0.0
2025-01-15T09:00:00+00:00,AWS-DEL-102,10.8,995.2,95.0,False,,low,2.7,NORMAL,10.6,997.2,96.0,OFFLINE,replay,4.5,0.0
2025-01-15T10:00:00+00:00,AWS-DEL-102,13.1,995.6,94.0,False,,low,23.0,NORMAL,12.3,997.5,94.0,OFFLINE,replay,38.3,0.0
2025-01-15T11:00:00+00:00,AWS-DEL-102,16.5,995.0,82.0,False,,low,40.4,NORMAL,15.2,996.9,87.0,OFFLINE,replay,67.4,0.0
2025-01-15T12:00:00+00:00,AWS-DEL-102,17.9,993.5,69.0,False,,low,36.6,NORMAL,17.4,995.4,74.0,OFFLINE,replay,61.0,0.0
2025-01-15T13:00:00+00:00,AWS-DEL-102,18.3,992.0,66.0,False,,low,38.0,NORMAL,18.4,993.9,66.0,OFFLINE,replay,63.3,0.0
2025-01-15T14:00:00+00:00,AWS-DEL-102,18.5,991.2,64.0,False,,low,46.5,NORMAL,18.9,992.8,62.0,HEALTHY,replay,77.6,0.0
2025-01-15T15:00:00+00:00,AWS-DEL-102,18.1,990.7,65.0,False,,low,22.1,NORMAL,18.9,992.6,62.0,WARNING,replay,36.9,0.0
2025-01-15T16:00:00+00:00,AWS-DEL-102,17.5,990.7,68.0,False,,low,25.4,NORMAL,18.3,992.3,66.0,WARNING,replay,42.3,0.0
2025-01-15T17:00:00+00:00,AWS-DEL-102,15.8,990.3,78.0,False,,low,7.7,NORMAL,16.1,992.0,78.0,WARNING,replay,12.8,0.0
2025-01-15T18:00:00+00:00,AWS-DEL-102,13.5,991.7,85.0,False,,low,1.5,NORMAL,13.4,993.4,86.0,WARNING,replay,2.5,0.0
2025-01-15T19:00:00+00:00,AWS-DEL-102,13.3,991.7,86.0,False,,low,0.8,NORMAL,13.0,993.8,89.0,WARNING,replay,1.4,0.0
2025-01-15T20:00:00+00:00,AWS-DEL-102,13.0,992.8,89.0,False,,low,0.6,NORMAL,12.9,994.1,90.0,WARNING,replay,1.0,0.0
2025-01-15T21:00:00+00:00,AWS-DEL-102,12.4,992.6,94.0,False,,low,0.7,NORMAL,12.7,994.6,90.0,WARNING,replay,1.1,0.0
2025-01-15T22:00:00+00:00,AWS-DEL-102,11.9,992.6,95.0,False,,low,0.6,NORMAL,12.4,994.5,90.0,WARNING,replay,1.0,0.0
2025-01-15T23:00:00+00:00,AWS-DEL-102,12.5,992.3,93.0,False,,low,0.8,NORMAL,11.6,993.9,93.0,WARNING,replay,1.3,0.0
2025-01-16T00:00:00+00:00,AWS-DEL-102,11.5,991.9,95.0,False,,low,0.6,NORMAL,11.6,993.8,93.0,WARNING,replay,0.9,0.0
2025-01-16T01:00:00+00:00,AWS-DEL-102,11.1,991.8,95.0,False,,low,0.4,NORMAL,11.2,993.7,93.0,WARNING,replay,0.7,0.0
2025-01-16T02:00:00+00:00,AWS-DEL-102,10.6,991.3,97.0,False,,low,0.4,NORMAL,10.7,993.3,96.0,WARNING,replay,0.7,0.0
2025-01-16T03:00:00+00:00,AWS-DEL-102,11.4,991.4,95.0,False,,low,0.3,NORMAL,11.2,993.1,95.0,WARNING,replay,0.5,0.0
2025-01-16T04:00:00+00:00,AWS-DEL-102,11.6,991.4,95.0,False,,low,0.4,NORMAL,10.9,993.1,95.0,HEALTHY,replay,0.7,0.0
2025-01-16T05:00:00+00:00,AWS-DEL-102,11.6,991.5,96.0,False,,low,0.8,NORMAL,11.0,993.3,94.0,HEALTHY,replay,1.4,0.0
2025-01-16T06:00:00+00:00,AWS-DEL-102,12.0,992.5,97.0,False,,low,0.4,NORMAL,11.9,994.5,95.0,HEALTHY,replay,0.7,0.0
2025-01-16T07:00:00+00:00,AWS-DEL-102,12.0,993.5,98.0,False,,low,0.5,NORMAL,12.1,995.3,94.0,HEALTHY,replay,0.8,0.0
2025-01-16T08:00:00+00:00,AWS-DEL-102,12.2,994.0,96.0,False,,low,0.9,NORMAL,12.6,995.9,93.0,HEALTHY,replay,1.5,0.0
2025-01-16T09:00:00+00:00,AWS-DEL-102,13.3,995.2,92.0,False,,low,7.9,NORMAL,13.4,996.9,91.0,HEALTHY,replay,13.1,0.0
2025-01-16T10:00:00+00:00,AWS-DEL-102,15.1,995.6,84.0,False,,low,17.8,NORMAL,14.5,997.5,80.0,HEALTHY,replay,29.7,0.0
2025-01-16T11:00:00+00:00,AWS-DEL-102,16.8,995.3,71.0,False,,low,33.7,NORMAL,16.3,997.1,69.0,HEALTHY,replay,56.1,0.0
2025-01-16T12:00:00+00:00,AWS-DEL-102,17.3,994.5,68.0,False,,low,19.6,NORMAL,17.6,996.3,62.0,HEALTHY,replay,32.7,0.0
2025-01-16T13:00:00+00:00,AWS-DEL-102,17.7,993.6,65.0,False,,low,13.8,NORMAL,18.3,995.4,61.0,HEALTHY,replay,23.0,0.0
2025-01-16T14:00:00+00:00,AWS-DEL-102,18.2,993.1,63.0,False,,low,1.5,NORMAL,18.7,994.8,59.0,HEALTHY,replay,2.4,0.0
2025-01-16T15:00:00+00:00,AWS-DEL-102,18.2,993.0,62.0,False,,low,1.2,NORMAL,18.9,994.8,57.0,HEALTHY,replay,1.9,0.0
2025-01-16T16:00:00+00:00,AWS-DEL-102,17.8,992.9,64.0,False,,low,1.3,NORMAL,18.1,994.7,59.0,HEALTHY,replay,2.2,0.0
2025-01-16T17:00:00+00:00,AWS-DEL-102,16.4,993.0,76.0,False,,low,1.8,NORMAL,16.7,994.8,70.0,HEALTHY,replay,2.9,0.0
2025-01-16T18:00:00+00:00,AWS-DEL-102,14.3,994.3,83.0,False,,low,2.2,NORMAL,14.7,995.8,80.0,HEALTHY,replay,3.7,0.0
2025-01-16T19:00:00+00:00,AWS-DEL-102,13.2,994.7,86.0,False,,low,0.7,NORMAL,13.8,996.4,83.0,HEALTHY,replay,1.2,0.0
2025-01-16T20:00:00+00:00,AWS-DEL-102,12.3,995.2,88.0,False,,low,0.6,NORMAL,13.1,997.1,85.0,HEALTHY,replay,1.0,0.0
2025-01-16T21:00:00+00:00,AWS-DEL-102,11.5,995.6,91.0,False,,low,0.5,NORMAL,12.2,997.5,86.0,HEALTHY,replay,0.8,0.0
2025-01-16T22:00:00+00:00,AWS-DEL-102,11.0,995.8,93.0,False,,low,0.3,NORMAL,11.6,997.5,88.0,HEALTHY,replay,0.5,0.0
2025-01-16T23:00:00+00:00,AWS-DEL-102,10.3,995.5,94.0,False,,low,0.3,NORMAL,11.1,997.2,89.0,HEALTHY,replay,0.5,0.0
2025-01-17T00:00:00+00:00,AWS-DEL-102,10.3,995.0,94.0,False,,low,0.3,NORMAL,10.8,996.7,91.0,HEALTHY,replay,0.4,0.0
2025-01-17T01:00:00+00:00,AWS-DEL-102,9.6,994.5,96.0,False,,low,0.3,NORMAL,10.6,996.2,92.0,HEALTHY,replay,0.5,0.0
2025-01-17T02:00:00+00:00,AWS-DEL-102,9.2,994.2,97.0,False,,low,0.2,NORMAL,10.4,995.8,92.0,HEALTHY,replay,0.4,0.0
2025-01-17T03:00:00+00:00,AWS-DEL-102,8.7,993.7,97.0,False,,low,0.4,NORMAL,10.2,995.5,93.0,HEALTHY,replay,0.7,0.0
2025-01-17T04:00:00+00:00,AWS-DEL-102,8.5,993.5,97.0,False,,low,0.5,NORMAL,9.9,995.2,93.0,HEALTHY,replay,0.8,0.0
2025-01-17T05:00:00+00:00,AWS-DEL-102,8.2,993.7,97.0,False,,low,0.9,NORMAL,9.5,995.4,93.0,HEALTHY,replay,1.5,0.0
2025-01-17T06:00:00+00:00,AWS-DEL-102,8.6,994.4,98.0,False,,low,0.9,NORMAL,9.4,995.9,95.0,HEALTHY,replay,1.5,0.0
2025-01-17T07:00:00+00:00,AWS-DEL-102,8.2,994.7,98.0,False,,low,1.4,NORMAL,9.3,996.3,95.0,HEALTHY,replay,2.4,0.0
2025-01-17T08:00:00+00:00,AWS-DEL-102,9.4,995.2,97.0,False,,low,0.7,NORMAL,10.8,996.9,91.0,HEALTHY,replay,1.2,0.0
2025-01-17T09:00:00+00:00,AWS-DEL-102,11.6,996.1,91.0,False,,low,0.7,NORMAL,12.7,997.6,86.0,HEALTHY,replay,1.1,0.0
2025-01-17T10:00:00+00:00,AWS-DEL-102,13.7,996.2,83.0,False,,low,1.6,NORMAL,14.8,997.7,78.0,HEALTHY,replay,2.7,0.0
2025-01-17T11:00:00+00:00,AWS-DEL-102,15.7,995.2,76.0,False,,low,3.7,NORMAL,16.8,996.7,70.0,HEALTHY,replay,6.2,0.0
2025-01-17T12:00:00+00:00,AWS-DEL-102,17.2,993.7,68.0,False,,low,9.7,NORMAL,18.4,995.2,61.0,HEALTHY,replay,16.2,0.0
2025-01-17T13:00:00+00:00,AWS-DEL-102,18.1,992.4,60.0,False,,low,12.0,NORMAL,19.2,993.8,56.0,HEALTHY,replay,20.1,0.0
2025-01-17T14:00:00+00:00,AWS-DEL-102,18.4,991.3,58.0,False,,low,13.9,NORMAL,19.6,992.8,53.0,HEALTHY,replay,23.2,0.0
2025-01-17T15:00:00+00:00,AWS-DEL-102,18.2,990.9,59.0,False,,low,3.3,NORMAL,19.4,992.4,53.0,HEALTHY,replay,5.4,0.0
2025-01-17T16:00:00+00:00,AWS-DEL-102,17.5,990.8,64.0,False,,low,1.4,NORMAL,18.5,992.2,59.0,HEALTHY,replay,2.3,0.0
2025-01-17T17:00:00+00:00,AWS-DEL-102,15.4,990.5,74.0,False,,low,0.9,NORMAL,16.2,992.61,69.0,HEALTHY,replay,1.5,0.0
2025-01-17T18:00:00+00:00,AWS-DEL-102,13.0,991.2,82.0,False,,low,1.7,NORMAL,14.2,994.01,77.0,HEALTHY,replay,2.9,0.0
2025-01-17T19:00:00+00:00,AWS-DEL-102,12.0,991.4,84.0,False,,low,0.7,NORMAL,13.3,994.6,81.0,HEALTHY,replay,1.2,0.0
2025-01-17T20:00:00+00:00,AWS-DEL-102,11.1,991.8,87.0,False,,low,0.7,NORMAL,12.3,995.0,86.0,HEALTHY,replay,1.2,0.0
2025-01-17T21:00:00+00:00,AWS-DEL-102,10.5,992.0,90.0,False,,low,0.3,NORMAL,11.6,995.1,88.0,HEALTHY,replay,0.5,0.0
2025-01-17T22:00:00+00:00,AWS-DEL-102,9.9,992.0,91.0,False,,low,0.3,NORMAL,10.6,995.2,89.0,HEALTHY,replay,0.5,0.0
2025-01-17T23:00:00+00:00,AWS-DEL-102,9.2,992.2,94.0,False,,low,0.3,NORMAL,9.9,995.2,92.0,HEALTHY,replay,0.5,0.0
2025-01-18T00:00:00+00:00,AWS-DEL-102,8.4,991.9,97.0,False,,low,0.6,NORMAL,9.6,995.1,94.0,HEALTHY,replay,1.0,0.0
2025-01-18T01:00:00+00:00,AWS-DEL-102,7.2,991.1,100.0,False,,low,0.7,NORMAL,8.7,994.4,96.0,HEALTHY,replay,1.1,0.0
2025-01-18T02:00:00+00:00,AWS-DEL-102,7.1,990.6,100.0,False,,low,0.5,NORMAL,8.1,993.8,97.0,HEALTHY,replay,0.9,0.0
2025-01-18T03:00:00+00:00,AWS-DEL-102,6.3,990.6,100.0,False,,low,0.5,NORMAL,7.8,993.7,98.0,HEALTHY,replay,0.9,0.0
2025-01-18T04:00:00+00:00,AWS-DEL-102,6.3,990.8,100.0,False,,low,0.5,NORMAL,7.7,993.8,99.0,HEALTHY,replay,0.9,0.0
2025-01-18T05:00:00+00:00,AWS-DEL-102,6.1,990.8,100.0,False,,low,0.9,NORMAL,7.8,994.1,99.0,HEALTHY,replay,1.5,0.0
2025-01-18T06:00:00+00:00,AWS-DEL-102,8.0,991.5,100.0,False,,low,3.4,NORMAL,9.5,995.0,99.0,HEALTHY,replay,5.6,0.0
2025-01-18T07:00:00+00:00,AWS-DEL-102,7.9,992.7,100.0,False,,low,0.9,NORMAL,9.7,996.0,99.0,HEALTHY,replay,1.5,0.0
2025-01-18T08:00:00+00:00,AWS-DEL-102,8.6,993.7,100.0,False,,low,1.3,NORMAL,10.0,997.1,98.0,OFFLINE,replay,2.1,0.0
2025-01-18T09:00:00+00:00,AWS-DEL-102,9.7,994.6,97.0,False,,low,1.7,NORMAL,10.8,998.0,96.0,OFFLINE,replay,2.8,0.0
2025-01-18T10:00:00+00:00,AWS-DEL-102,11.8,994.4,91.0,False,,low,4.3,NORMAL,12.8,998.0,86.0,OFFLINE,replay,7.2,0.0
2025-01-18T11:00:00+00:00,AWS-DEL-102,13.0,993.7,86.0,False,,low,13.7,NORMAL,14.6,996.9,81.0,HEALTHY,replay,22.9,0.0
2025-01-18T12:00:00+00:00,AWS-DEL-102,14.8,992.4,78.0,False,,low,7.5,NORMAL,16.0,995.5,76.0,OFFLINE,replay,12.6,0.0
2025-01-18T13:00:00+00:00,AWS-DEL-102,16.6,991.3,69.0,False,,low,50.4,NORMAL,17.5,994.5,67.0,OFFLINE,replay,83.9,0.0
2025-01-18T14:00:00+00:00,AWS-DEL-102,17.2,990.7,64.0,False,,low,46.1,NORMAL,18.3,993.9,61.0,OFFLINE,replay,76.8,0.0
2025-01-18T15:00:00+00:00,AWS-DEL-102,17.2,989.9,61.0,False,,low,52.3,NORMAL,18.3,993.2,60.0,HEALTHY,replay,87.2,0.0
2025-01-18T16:00:00+00:00,AWS-DEL-102,17.0,989.4,63.0,False,,low,32.1,NORMAL,17.7,992.7,62.0,WARNING,replay,53.5,0.0
2025-01-18T17:00:00+00:00,AWS-DEL-102,14.8,989.2,76.0,False,,low,23.2,NORMAL,15.4,992.5,74.32,WARNING,replay,38.7,0.0
2025-01-18T18:00:00+00:00,AWS-DEL-102,13.7,989.9,85.0,False,,low,15.1,NORMAL,14.2,993.3,81.71,WARNING,replay,25.2,0.0
2025-01-18T19:00:00+00:00,AWS-DEL-102,12.4,990.0,89.0,False,,low,9.7,NORMAL,14.0,993.3,84.1,WARNING,replay,16.2,0.0
2025-01-18T20:00:00+00:00,AWS-DEL-102,11.6,990.1,92.0,False,,low,4.2,NORMAL,12.5,991.9,87.48,WARNING,replay,6.9,0.0
2025-01-18T21:00:00+00:00,AWS-DEL-102,10.8,990.1,95.0,False,,low,2.6,NORMAL,11.5,991.9,90.87,WARNING,replay,4.4,0.0
2025-01-18T22:00:00+00:00,AWS-DEL-102,10.0,990.3,99.0,False,,low,3.4,NORMAL,10.5,992.0,96.26,WARNING,replay,5.7,0.0
2025-01-18T23:00:00+00:00,AWS-DEL-102,9.4,990.2,100.0,False,,low,2.0,NORMAL,9.9,992.0,96.0,WARNING,replay,3.3,0.0
2025-01-19T00:00:00+00:00,AWS-DEL-102,8.3,990.1,100.0,False,,low,1.8,NORMAL,9.3,991.9,97.0,WARNING,replay,2.9,0.0
2025-01-19T01:00:00+00:00,AWS-DEL-102,7.5,989.9,99.0,False,,low,1.4,NORMAL,8.8,991.8,99.0,WARNING,replay,2.3,0.0
2025-01-19T02:00:00+00:00,AWS-DEL-102,6.9,989.5,100.0,False,,low,1.9,NORMAL,8.4,991.4,100.0,WARNING,replay,3.2,0.0
2026-09-22T08:30:00+00:00,AWS-DEL-102,33.9,982.0,47.0,False,,low,0.0,NORMAL,34.8,983.3,43.0,HEALTHY,live,,0.0
2025-01-01T00:00:00+00:00,AWS-DEL-102,7.2,992.5,100.0,False,,low,0.0,NORMAL,8.0,994.3,98.0,HEALTHY,replay,,0.0
2025-01-01T01:00:00+00:00,AWS-DEL-102,7.1,992.0,100.0,False,,low,0.0,NORMAL,7.5,993.7,100.0,HEALTHY,replay,,0.0
2025-01-01T02:00:00+00:00,AWS-DEL-102,6.6,991.6,100.0,False,,low,0.0,NORMAL,7.0,993.3,100.0,HEALTHY,replay,,0.0
2025-01-01T03:00:00+00:00,AWS-DEL-102,6.4,991.4,100.0,False,,low,0.0,NORMAL,7.4,993.1,99.0,HEALTHY,replay,,0.0
2025-01-01T04:00:00+00:00,AWS-DEL-102,6.2,991.1,100.0,False,,low,0.0,NORMAL,7.7,992.9,99.0,HEALTHY,replay,,0.0
2025-01-01T05:00:00+00:00,AWS-DEL-102,6.3,991.2,100.0,False,,low,0.0,NORMAL,7.8,993.0,99.0,HEALTHY,replay,,0.0
2025-01-01T06:00:00+00:00,AWS-DEL-102,7.1,992.1,99.0,False,,low,0.0,NORMAL,8.3,993.7,98.0,HEALTHY,replay,,0.0
2025-01-01T07:00:00+00:00,AWS-DEL-102,7.4,992.6,100.0,False,,low,0.0,NORMAL,8.3,994.2,99.0,HEALTHY,replay,,0.0
2025-01-01T08:00:00+00:00,AWS-DEL-102,8.0,993.2,100.0,False,,low,0.0,NORMAL,8.8,994.7,98.0,HEALTHY,replay,,0.0
2025-01-01T09:00:00+00:00,AWS-DEL-102,9.1,993.6,97.0,False,,low,0.0,NORMAL,9.9,995.2,94.0,HEALTHY,replay,,0.0
2025-01-01T10:00:00+00:00,AWS-DEL-102,10.5,993.7,91.0,False,,low,0.0,NORMAL,12.6,995.4,81.0,HEALTHY,replay,,0.0
2025-01-01T11:00:00+00:00,AWS-DEL-102,12.6,993.4,83.0,False,,low,0.0,NORMAL,14.1,994.9,76.0,HEALTHY,replay,,0.0
2025-01-01T12:00:00+00:00,AWS-DEL-102,14.3,992.2,77.0,False,,low,0.0,NORMAL,15.4,993.8,71.0,HEALTHY,replay,,0.0
2025-01-01T13:00:00+00:00,AWS-DEL-102,15.7,991.1,73.0,False,,low,0.0,NORMAL,16.4,992.5,68.0,HEALTHY,replay,,0.0
2025-01-01T14:00:00+00:00,AWS-DEL-102,16.4,990.2,71.0,False,,low,0.0,NORMAL,17.0,991.7,67.0,HEALTHY,replay,,0.0
2025-01-01T15:00:00+00:00,AWS-DEL-102,16.5,989.9,70.0,False,,low,0.0,NORMAL,17.1,991.3,67.0,HEALTHY,replay,,0.0
2025-01-01T16:00:00+00:00,AWS-DEL-102,15.9,989.7,73.0,False,,low,0.0,NORMAL,16.6,991.3,71.0,HEALTHY,replay,,0.0
2025-01-01T17:00:00+00:00,AWS-DEL-102,14.2,989.7,80.0,False,,low,0.0,NORMAL,14.1,991.4,81.0,HEALTHY,replay,,0.0
2025-01-01T18:00:00+00:00,AWS-DEL-102,11.5,991.3,90.0,False,,low,0.0,NORMAL,11.7,993.0,87.0,HEALTHY,replay,,0.0
2025-01-01T19:00:00+00:00,AWS-DEL-102,10.9,991.6,91.0,False,,low,0.0,NORMAL,11.0,993.3,90.0,HEALTHY,replay,,0.0
2025-01-01T20:00:00+00:00,AWS-DEL-102,10.2,991.9,93.0,False,,low,0.0,NORMAL,10.3,993.7,92.0,HEALTHY,replay,,0.0
2025-01-01T21:00:00+00:00,AWS-DEL-102,9.5,992.1,95.0,False,,low,0.0,NORMAL,9.9,993.8,93.0,HEALTHY,replay,,0.0
2025-01-01T22:00:00+00:00,AWS-DEL-102,9.0,991.7,96.0,False,,low,0.0,NORMAL,9.7,993.6,94.0,HEALTHY,replay,,0.0
2025-01-01T23:00:00+00:00,AWS-DEL-102,8.7,991.5,98.0,False,,low,0.0,NORMAL,9.4,993.2,95.0,HEALTHY,replay,,0.0
2025-01-02T00:00:00+00:00,AWS-DEL-102,7.7,990.8,99.0,False,,low,0.6,NORMAL,9.1,992.5,95.0,HEALTHY,replay,1.0,0.0
2025-01-02T01:00:00+00:00,AWS-DEL-102,7.0,990.2,100.0,False,,low,0.7,NORMAL,8.6,991.8,96.0,HEALTHY,replay,1.2,0.0
2025-01-02T02:00:00+00:00,AWS-DEL-102,7.1,989.9,100.0,False,,low,1.0,NORMAL,8.3,991.5,97.0,HEALTHY,replay,1.6,0.0
2025-01-02T03:00:00+00:00,AWS-DEL-102,7.2,989.8,100.0,False,,low,1.6,NORMAL,8.4,991.4,97.0,HEALTHY,replay,2.6,0.0
2025-01-02T04:00:00+00:00,AWS-DEL-102,7.6,989.7,100.0,False,,low,1.8,NORMAL,8.3,991.3,97.0,HEALTHY,replay,3.0,0.0
2025-01-02T05:00:00+00:00,AWS-DEL-102,7.8,989.8,100.0,False,,low,2.5,NORMAL,8.8,991.5,97.0,HEALTHY,replay,4.2,0.0
2025-01-02T06:00:00+00:00,AWS-DEL-102,7.9,990.5,100.0,False,,low,2.1,NORMAL,8.8,992.4,97.0,HEALTHY,replay,3.4,0.0
2025-01-02T07:00:00+00:00,AWS-DEL-102,7.6,991.0,100.0,False,,low,1.2,NORMAL,8.7,992.7,96.0,HEALTHY,replay,2.0,0.0
2025-01-02T08:00:00+00:00,AWS-DEL-102,8.5,992.1,99.0,False,,low,1.1,NORMAL,10.1,993.7,93.0,HEALTHY,replay,1.8,0.0
2025-01-02T09:00:00+00:00,AWS-DEL-102,10.6,992.9,94.0,False,,low,2.3,NORMAL,12.0,994.5,86.0,HEALTHY,replay,3.9,0.0
2025-01-02T10:00:00+00:00,AWS-DEL-102,13.1,993.2,85.0,False,,low,10.8,NORMAL,14.0,994.8,77.0,HEALTHY,replay,18.0,0.0
2025-01-02T11:00:00+00:00,AWS-DEL-102,15.1,992.8,76.0,False,,low,10.5,NORMAL,15.7,994.3,70.0,HEALTHY,replay,17.4,0.0
2025-01-02T12:00:00+00:00,AWS-DEL-102,16.6,991.9,69.0,False,,low,8.6,NORMAL,17.1,993.5,65.0,HEALTHY,replay,14.4,0.0
2025-01-02T13:00:00+00:00,AWS-DEL-102,17.6,991.1,63.0,False,,low,6.5,NORMAL,18.2,992.6,62.0,HEALTHY,replay,10.8,0.0
2025-01-02T14:00:00+00:00,AWS-DEL-102,18.0,990.3,60.0,False,,low,6.6,NORMAL,18.9,992.56,61.0,HEALTHY,replay,11.0,0.0
2025-01-02T15:00:00+00:00,AWS-DEL-102,18.0,990.1,61.0,False,,low,2.0,NORMAL,18.9,992.53,63.0,HEALTHY,replay,3.4,0.0
2025-01-02T16:00:00+00:00,AWS-DEL-102,17.2,990.1,68.0,False,,low,2.4,NORMAL,18.0,992.58,68.0,HEALTHY,replay,4.0,0.0
2025-01-02T17:00:00+00:00,AWS-DEL-102,15.5,989.9,76.0,False,,low,1.9,NORMAL,15.4,992.6,78.0,HEALTHY,replay,3.2,0.0
2025-01-02T18:00:00+00:00,AWS-DEL-102,13.5,990.9,80.0,False,,low,2.0,NORMAL,13.0,992.61,83.0,HEALTHY,replay,3.3,0.0
2025-01-02T19:00:00+00:00,AWS-DEL-102,12.8,990.9,82.0,False,,low,0.3,NORMAL,12.5,992.61,85.0,HEALTHY,replay,0.5,0.0
2025-01-02T20:00:00+00:00,AWS-DEL-102,11.7,991.3,85.0,False,,low,0.3,NORMAL,11.9,992.57,85.0,HEALTHY,replay,0.5,0.0
2025-01-02T21:00:00+00:00,AWS-DEL-102,11.3,991.5,87.0,False,,low,0.2,NORMAL,11.5,993.2,87.0,HEALTHY,replay,0.3,0.0
2025-01-02T22:00:00+00:00,AWS-DEL-102,10.0,991.6,91.0,False,,low,0.2,NORMAL,10.6,993.3,90.0,HEALTHY,replay,0.3,0.0
2025-01-02T23:00:00+00:00,AWS-DEL-102,9.4,991.1,93.0,False,,low,0.3,NORMAL,9.7,992.8,92.0,HEALTHY,replay,0.5,0.0
2025-01-03T00:00:00+00:00,AWS-DEL-102,8.5,990.5,94.0,False,,low,0.3,NORMAL,9.1,992.4,94.0,HEALTHY,replay,0.5,0.0
2025-01-03T01:00:00+00:00,AWS-DEL-102,8.0,990.1,95.0,False,,low,0.2,NORMAL,8.7,992.0,95.0,HEALTHY,replay,0.3,0.0
2025-01-03T02:00:00+00:00,AWS-DEL-102,7.5,989.8,97.0,False,,low,0.2,NORMAL,9.0,991.6,95.0,HEALTHY,replay,0.3,0.0
2025-01-03T03:00:00+00:00,AWS-DEL-102,7.4,989.9,97.0,False,,low,0.2,NORMAL,9.2,991.6,95.0,HEALTHY,replay,0.3,0.0
2025-01-03T04:00:00+00:00,AWS-DEL-102,7.0,989.8,97.0,False,,low,0.5,NORMAL,8.8,991.6,96.0,HEALTHY,replay,0.8,0.0
2025-01-03T05:00:00+00:00,AWS-DEL-102,6.7,990.0,98.0,False,,low,0.7,NORMAL,8.5,991.8,97.0,HEALTHY,replay,1.2,0.0
2025-01-03T06:00:00+00:00,AWS-DEL-102,6.6,990.7,100.0,False,,low,0.5,NORMAL,9.2,992.5,99.0,HEALTHY,replay,0.8,0.0
2025-01-03T07:00:00+00:00,AWS-DEL-102,6.4,991.3,100.0,False,,low,0.4,NORMAL,8.9,993.1,100.0,HEALTHY,replay,0.7,0.0
2025-01-03T08:00:00+00:00,AWS-DEL-102,7.5,992.3,100.0,False,,low,0.8,NORMAL,9.8,994.1,98.0,HEALTHY,replay,1.3,0.0
2025-01-03T09:00:00+00:00,AWS-DEL-102,10.1,993.1,97.0,False,,low,2.4,NORMAL,11.0,994.9,95.0,HEALTHY,replay,4.0,0.0
2025-01-03T10:00:00+00:00,AWS-DEL-102,13.8,993.4,82.0,False,,low,5.8,NORMAL,13.2,995.3,88.0,HEALTHY,replay,9.7,0.0
2025-01-03T11:00:00+00:00,AWS-DEL-102,16.2,993.1,72.0,False,,low,7.2,NORMAL,15.8,994.8,77.0,HEALTHY,replay,12.0,0.0
2025-01-03T12:00:00+00:00,AWS-DEL-102,18.0,992.1,64.0,False,,low,3.5,NORMAL,17.9,993.6,68.0,HEALTHY,replay,5.8,0.0
2025-01-03T13:00:00+00:00,AWS-DEL-102,19.1,991.1,59.0,False,,low,3.3,NORMAL,19.4,992.7,59.0,HEALTHY,replay,5.5,0.0
2025-01-03T14:00:00+00:00,AWS-DEL-102,19.6,990.3,59.0,False,,low,3.3,NORMAL,20.1,991.9,58.0,HEALTHY,replay,5.6,0.0
2025-01-03T15:00:00+00:00,AWS-DEL-102,19.6,989.8,60.0,False,,low,1.9,NORMAL,20.0,991.4,60.0,HEALTHY,replay,3.1,0.0
2025-01-03T16:00:00+00:00,AWS-DEL-102,18.6,989.3,73.0,False,,low,2.5,NORMAL,19.0,990.9,70.0,HEALTHY,replay,4.1,0.0
2025-01-03T17:00:00+00:00,AWS-DEL-102,16.3,989.1,80.0,False,,low,0.9,NORMAL,16.2,990.8,78.0,HEALTHY,replay,1.5,0.0
2025-01-03T18:00:00+00:00,AWS-DEL-102,14.0,990.0,82.0,False,,low,1.7,NORMAL,13.8,991.7,82.0,HEALTHY,replay,2.8,0.0
2025-01-03T19:00:00+00:00,AWS-DEL-102,13.1,990.2,86.0,False,,low,0.2,NORMAL,13.0,991.8,86.0,HEALTHY,replay,0.4,0.0
2025-01-03T20:00:00+00:00,AWS-DEL-102,12.3,990.2,88.0,False,,low,0.2,NORMAL,12.1,991.9,89.0,HEALTHY,replay,0.4,0.0
2025-01-03T21:00:00+00:00,AWS-DEL-102,11.6,990.0,90.0,False,,low,0.2,NORMAL,11.5,991.8,90.0,HEALTHY,replay,0.4,0.0
2025-01-03T22:00:00+00:00,AWS-DEL-102,10.9,989.7,89.0,False,,low,0.3,NORMAL,10.9,991.4,92.0,HEALTHY,replay,0.4,0.0
2025-01-03T23:00:00+00:00,AWS-DEL-102,10.6,989.2,88.0,False,,low,0.4,NORMAL,10.2,991.0,94.0,HEALTHY,replay,0.7,0.0
2025-01-04T00:00:00+00:00,AWS-DEL-102,10.1,988.8,88.0,False,,low,0.5,NORMAL,9.6,990.5,95.0,HEALTHY,replay,0.9,0.0
2025-01-04T01:00:00+00:00,AWS-DEL-102,9.4,988.4,89.0,False,,low,0.6,NORMAL,9.3,990.1,95.0,HEALTHY,replay,1.0,0.0
2025-01-04T02:00:00+00:00,AWS-DEL-102,8.7,987.9,91.0,False,,low,0.6,NORMAL,9.0,989.6,96.0,HEALTHY,replay,1.1,0.0
2025-01-04T03:00:00+00:00,AWS-DEL-102,8.0,987.2,95.0,False,,low,0.9,NORMAL,8.6,989.1,96.0,HEALTHY,replay,1.5,0.0
2025-01-04T04:00:00+00:00,AWS-DEL-102,7.1,986.9,100.0,False,,low,1.3,NORMAL,8.3,988.8,98.0,HEALTHY,replay,2.2,0.0
2025-01-04T05:00:00+00:00,AWS-DEL-102,7.1,987.1,100.0,False,,low,1.2,NORMAL,8.1,989.0,99.0,HEALTHY,replay,1.9,0.0
2025-01-04T06:00:00+00:00,AWS-DEL-102,7.9,988.3,100.0,False,,low,1.6,NORMAL,8.2,990.2,99.0,HEALTHY,replay,2.7,0.0
2025-01-04T07:00:00+00:00,AWS-DEL-102,8.2,989.1,99.0,False,,low,1.5,NORMAL,8.2,990.9,99.0,HEALTHY,replay,2.5,0.0
2025-01-04T08:00:00+00:00,AWS-DEL-102,9.1,989.9,100.0,False,,low,1.2,NORMAL,9.5,991.7,98.0,HEALTHY,replay,2.0,0.0
2025-01-04T09:00:00+00:00,AWS-DEL-102,11.1,990.6,99.0,False,,low,3.1,NORMAL,10.9,992.5,96.0,HEALTHY,replay,5.1,0.0
2025-01-04T10:00:00+00:00,AWS-DEL-102,15.2,990.9,85.0,False,,low,8.7,NORMAL,11.8,992.7,92.0,HEALTHY,replay,14.5,0.0
2025-01-04T11:00:00+00:00,AWS-DEL-102,18.2,990.6,78.0,False,,low,6.3,NORMAL,14.5,992.3,88.0,HEALTHY,replay,10.6,0.0
2025-01-04T12:00:00+00:00,AWS-DEL-102,20.2,989.4,72.0,False,,low,7.3,NORMAL,17.3,991.2,75.0,HEALTHY,replay,12.1,0.0
2025-01-04T13:00:00+00:00,AWS-DEL-102,21.3,988.5,68.0,False,,low,3.6,NORMAL,19.3,990.2,67.0,HEALTHY,replay,6.0,0.0
2025-01-04T14:00:00+00:00,AWS-DEL-102,21.8,987.6,65.0,False,,low,5.9,NORMAL,20.3,989.3,64.0,HEALTHY,replay,9.8,0.0
2025-01-04T15:00:00+00:00,AWS-DEL-102,21.4,987.1,65.0,False,,low,3.2,NORMAL,20.5,988.9,66.0,HEALTHY,replay,5.3,0.0
2025-01-04T16:00:00+00:00,AWS-DEL-102,20.1,986.9,74.0,False,,low,1.9,NORMAL,19.6,988.6,74.0,HEALTHY,replay,3.1,0.0
2025-01-04T17:00:00+00:00,AWS-DEL-102,17.5,986.9,86.0,False,,low,5.4,NORMAL,16.5,988.6,84.0,HEALTHY,replay,8.9,0.0
2025-01-04T18:00:00+00:00,AWS-DEL-102,14.5,987.9,94.0,False,,low,6.4,NORMAL,13.1,989.8,90.0,HEALTHY,replay,10.6,0.0
2025-01-04T19:00:00+00:00,AWS-DEL-102,13.7,988.6,95.0,False,,low,1.2,NORMAL,12.3,990.4,92.0,HEALTHY,replay,2.0,0.0
2025-01-04T20:00:00+00:00,AWS-DEL-102,12.9,989.0,96.0,False,,low,0.6,NORMAL,11.6,990.8,94.0,HEALTHY,replay,0.9,0.0
2025-01-04T21:00:00+00:00,AWS-DEL-102,12.5,989.1,98.0,False,,low,0.3,NORMAL,10.7,991.0,95.0,HEALTHY,replay,0.4,0.0
2025-01-04T22:00:00+00:00,AWS-DEL-102,12.1,988.9,99.0,False,,low,0.3,NORMAL,10.1,990.7,95.0,HEALTHY,replay,0.5,0.0
2025-01-04T23:00:00+00:00,AWS-DEL-102,11.7,988.5,100.0,False,,low,0.4,NORMAL,9.6,990.3,96.0,HEALTHY,replay,0.7,0.0
2025-01-05T00:00:00+00:00,AWS-DEL-102,11.3,988.0,100.0,False,,low,0.5,NORMAL,9.0,989.8,96.0,HEALTHY,replay,0.8,0.0
2025-01-05T01:00:00+00:00,AWS-DEL-102,10.9,987.8,100.0,False,,low,0.4,NORMAL,8.2,989.4,97.0,HEALTHY,replay,0.7,0.0
2025-01-05T02:00:00+00:00,AWS-DEL-102,11.0,987.9,100.0,False,,low,0.7,NORMAL,7.7,989.3,98.0,HEALTHY,replay,1.2,0.0
2025-01-05T03:00:00+00:00,AWS-DEL-102,11.0,987.9,100.0,False,,low,1.0,NORMAL,7.3,989.4,100.0,HEALTHY,replay,1.7,0.0
2025-01-05T04:00:00+00:00,AWS-DEL-102,10.8,987.7,100.0,False,,low,1.7,NORMAL,7.0,989.4,100.0,HEALTHY,replay,2.9,0.0
2025-01-05T05:00:00+00:00,AWS-DEL-102,10.8,987.9,100.0,False,,low,1.8,NORMAL,7.2,989.7,100.0,HEALTHY,replay,3.0,0.0
2025-01-05T06:00:00+00:00,AWS-DEL-102,10.6,988.8,100.0,False,,low,0.8,NORMAL,8.1,990.6,99.0,HEALTHY,replay,1.3,0.0
2025-01-05T07:00:00+00:00,AWS-DEL-102,10.4,989.1,100.0,False,,low,0.5,NORMAL,8.5,991.1,99.0,HEALTHY,replay,0.9,0.0
2025-01-05T08:00:00+00:00,AWS-DEL-102,10.5,990.0,98.0,False,,low,0.3,NORMAL,9.1,991.9,98.0,HEALTHY,replay,0.5,0.0
2025-01-05T09:00:00+00:00,AWS-DEL-102,10.9,990.8,97.0,False,,low,0.3,NORMAL,10.1,992.7,97.0,HEALTHY,replay,0.5,0.0
2025-01-05T10:00:00+00:00,AWS-DEL-102,12.4,991.1,90.0,False,,low,0.9,NORMAL,11.9,993.0,89.0,HEALTHY,replay,1.4,0.0
2025-01-05T11:00:00+00:00,AWS-DEL-102,14.8,990.5,82.0,False,,low,1.1,NORMAL,14.2,992.4,81.0,HEALTHY,replay,1.8,0.0
2025-01-05T12:00:00+00:00,AWS-DEL-102,16.4,989.5,76.0,False,,low,1.9,NORMAL,16.1,991.3,75.0,HEALTHY,replay,3.2,0.0
2025-01-05T13:00:00+00:00,AWS-DEL-102,17.7,988.4,71.0,False,,low,1.6,NORMAL,17.5,990.3,71.0,HEALTHY,replay,2.6,0.0
2025-01-05T14:00:00+00:00,AWS-DEL-102,18.5,987.8,68.0,False,,low,1.6,NORMAL,18.4,989.7,68.0,HEALTHY,replay,2.6,0.0
2025-01-05T15:00:00+00:00,AWS-DEL-102,18.6,987.5,68.0,False,,low,1.1,NORMAL,18.6,989.3,67.0,HEALTHY,replay,1.9,0.0
2025-01-05T16:00:00+00:00,AWS-DEL-102,17.9,987.0,73.0,False,,low,0.5,NORMAL,17.9,988.9,72.0,HEALTHY,replay,0.9,0.0
2025-01-05T17:00:00+00:00,AWS-DEL-102,15.9,986.7,82.0,False,,low,0.8,NORMAL,15.5,988.6,84.0,HEALTHY,replay,1.3,0.0
2025-01-05T18:00:00+00:00,AWS-DEL-102,13.4,987.7,90.0,False,,low,1.6,NORMAL,13.2,989.4,91.0,HEALTHY,replay,2.7,0.0
2025-01-05T19:00:00+00:00,AWS-DEL-102,12.8,988.1,93.0,False,,low,0.4,NORMAL,12.2,989.7,93.0,HEALTHY,replay,0.7,0.0
2025-01-05T20:00:00+00:00,AWS-DEL-102,12.3,988.9,93.0,False,,low,0.3,NORMAL,11.5,990.5,94.0,HEALTHY,replay,0.5,0.0
2025-01-05T21:00:00+00:00,AWS-DEL-102,11.8,989.3,95.0,False,,low,0.2,NORMAL,11.1,990.81,94.0,HEALTHY,replay,0.3,0.0
2025-01-05T22:00:00+00:00,AWS-DEL-102,11.4,989.4,95.0,False,,low,0.2,NORMAL,10.6,991.2,95.0,HEALTHY,replay,0.3,0.0
2025-01-05T23:00:00+00:00,AWS-DEL-102,11.0,989.3,96.0,False,,low,0.3,NORMAL,9.5,992.6,96.0,HEALTHY,replay,0.5,0.0
2025-01-06T00:00:00+00:00,AWS-DEL-102,10.3,988.8,97.0,False,,low,0.4,NORMAL,9.2,992.2,97.0,HEALTHY,replay,0.7,0.0
2025-01-06T01:00:00+00:00,AWS-DEL-102,10.0,988.5,98.0,False,,low,0.4,NORMAL,8.9,992.0,99.0,HEALTHY,replay,0.6,0.0
2025-01-06T02:00:00+00:00,AWS-DEL-102,9.8,988.2,99.0,False,,low,0.3,NORMAL,8.3,989.9,100.0,HEALTHY,replay,0.5,0.0
2025-01-06T03:00:00+00:00,AWS-DEL-102,9.6,987.6,99.0,False,,low,0.4,NORMAL,7.7,991.0,99.0,HEALTHY,replay,0.6,0.0
2025-01-06T04:00:00+00:00,AWS-DEL-102,8.9,988.0,100.0,False,,low,0.2,NORMAL,8.5,988.9,100.0,HEALTHY,replay,0.4,0.0
2025-01-06T05:00:00+00:00,AWS-DEL-102,8.7,988.5,100.0,False,,low,0.4,NORMAL,8.6,989.9,100.0,HEALTHY,replay,0.7,0.0
2025-01-06T06:00:00+00:00,AWS-DEL-102,10.1,989.9,99.0,False,,low,1.4,NORMAL,9.7,991.1,100.0,HEALTHY,replay,2.3,0.0
2025-01-06T07:00:00+00:00,AWS-DEL-102,10.1,989.0,99.0,False,,low,0.6,NORMAL,10.2,992.1,98.0,HEALTHY,replay,1.0,0.0
2025-01-06T08:00:00+00:00,AWS-DEL-102,10.5,990.7,99.0,False,,low,0.8,NORMAL,10.6,992.3,98.0,HEALTHY,replay,1.4,0.0
2025-01-06T09:00:00+00:00,AWS-DEL-102,11.8,992.1,94.0,False,,low,3.8,NORMAL,11.7,993.7,95.0,HEALTHY,replay,6.3,0.0
2025-01-06T10:00:00+00:00,AWS-DEL-102,13.9,992.2,88.0,False,,low,2.9,NORMAL,13.4,993.9,89.0,HEALTHY,replay,4.8,0.0
2025-01-06T11:00:00+00:00,AWS-DEL-102,15.7,991.6,80.0,False,,low,2.5,NORMAL,15.0,993.2,81.0,HEALTHY,replay,4.2,0.0
2025-01-06T12:00:00+00:00,AWS-DEL-102,16.9,990.6,75.0,False,,low,1.6,NORMAL,16.7,992.2,73.0,HEALTHY,replay,2.7,0.0
2025-01-06T13:00:00+00:00,AWS-DEL-102,17.6,989.8,74.0,False,,low,1.8,NORMAL,17.7,991.3,68.0,HEALTHY,replay,3.1,0.0
2025-01-06T14:00:00+00:00,AWS-DEL-102,17.8,989.3,73.0,False,,low,1.6,NORMAL,18.3,990.7,65.0,HEALTHY,replay,2.7,0.0
2025-01-06T15:00:00+00:00,AWS-DEL-102,17.8,989.1,73.0,False,,low,1.5,NORMAL,18.4,990.4,66.0,HEALTHY,replay,2.6,0.0
2025-01-06T16:00:00+00:00,AWS-DEL-102,17.1,988.9,74.0,False,,low,1.2,NORMAL,17.8,990.08,70.0,HEALTHY,replay,1.9,0.0
2025-01-06T17:00:00+00:00,AWS-DEL-102,15.7,988.9,82.0,False,,low,0.8,NORMAL,16.0,990.5,80.0,HEALTHY,replay,1.3,0.0
2025-01-06T18:00:00+00:00,AWS-DEL-102,13.7,989.8,87.0,False,,low,0.7,NORMAL,14.1,991.5,86.0,HEALTHY,replay,1.2,0.0
2025-01-06T19:00:00+00:00,AWS-DEL-102,13.1,990.1,89.0,False,,low,0.3,NORMAL,13.2,991.7,89.0,HEALTHY,replay,0.6,0.0
2025-01-06T20:00:00+00:00,AWS-DEL-102,12.4,990.6,92.0,False,,low,0.3,NORMAL,12.7,992.1,90.0,HEALTHY,replay,0.5,0.0
2025-01-06T21:00:00+00:00,AWS-DEL-102,11.7,990.8,95.0,False,,low,0.2,NORMAL,12.4,992.5,91.0,HEALTHY,replay,0.4,0.0
2025-01-06T22:00:00+00:00,AWS-DEL-102,11.3,991.1,96.0,False,,low,0.2,NORMAL,12.1,992.6,91.0,HEALTHY,replay,0.4,0.0
2025-01-06T23:00:00+00:00,AWS-DEL-102,10.8,990.9,97.0,False,,low,0.3,NORMAL,11.9,992.5,94.0,HEALTHY,replay,0.5,0.0
2025-01-07T00:00:00+00:00,AWS-DEL-102,10.4,990.6,98.0,False,,low,0.3,NORMAL,11.5,992.2,95.0,HEALTHY,replay,0.6,0.0
2025-01-07T01:00:00+00:00,AWS-DEL-102,10.1,990.4,98.0,False,,low,0.6,NORMAL,11.3,991.8,95.0,HEALTHY,replay,0.9,0.0
2025-01-07T02:00:00+00:00,AWS-DEL-102,10.0,990.2,98.0,False,,low,0.5,NORMAL,11.1,991.7,95.0,HEALTHY,replay,0.8,0.0
2025-01-07T03:00:00+00:00,AWS-DEL-102,9.7,990.0,99.0,False,,low,0.5,NORMAL,10.8,991.6,96.0,HEALTHY,replay,0.8,0.0
2025-01-07T04:00:00+00:00,AWS-DEL-102,9.5,990.0,99.0,False,,low,0.6,NORMAL,10.5,991.5,97.0,HEALTHY,replay,1.0,0.0
2025-01-07T05:00:00+00:00,AWS-DEL-102,9.5,990.0,99.0,False,,low,1.4,NORMAL,10.2,991.5,97.0,HEALTHY,replay,2.3,0.0
2025-01-07T06:00:00+00:00,AWS-DEL-102,10.6,991.3,99.0,False,,low,1.9,NORMAL,11.3,992.8,99.0,HEALTHY,replay,3.2,0.0
2025-01-07T07:00:00+00:00,AWS-DEL-102,10.3,992.0,100.0,False,,low,1.3,NORMAL,11.3,993.6,98.0,HEALTHY,replay,2.2,0.0
2025-01-07T08:00:00+00:00,AWS-DEL-102,10.6,992.9,99.0,False,,low,1.3,NORMAL,11.6,994.5,97.0,HEALTHY,replay,2.2,0.0
2025-01-07T09:00:00+00:00,AWS-DEL-102,11.1,993.5,98.0,False,,low,1.7,NORMAL,12.3,995.0,93.0,HEALTHY,replay,2.8,0.0
2025-01-07T10:00:00+00:00,AWS-DEL-102,12.4,993.4,93.0,False,,low,2.6,NORMAL,13.7,994.8,87.0,HEALTHY,replay,4.3,0.0
2025-01-07T11:00:00+00:00,AWS-DEL-102,14.0,992.9,87.0,False,,low,2.7,NORMAL,14.9,994.3,81.0,HEALTHY,replay,4.6,0.0
2025-01-07T12:00:00+00:00,AWS-DEL-102,15.2,991.8,80.0,False,,low,2.3,NORMAL,16.2,993.3,75.0,HEALTHY,replay,3.8,0.0
2025-01-07T13:00:00+00:00,AWS-DEL-102,16.6,990.6,71.0,False,,low,9.9,NORMAL,18.0,992.14,65.0,HEALTHY,replay,16.5,0.0
2025-01-07T14:00:00+00:00,AWS-DEL-102,17.2,989.5,68.0,False,,low,9.6,NORMAL,18.4,991.39,65.0,HEALTHY,replay,16.0,0.0
2025-01-07T15:00:00+00:00,AWS-DEL-102,17.2,988.8,69.0,False,,low,5.0,NORMAL,18.3,990.16,64.0,HEALTHY,replay,8.4,0.0
2025-01-07T16:00:00+00:00,AWS-DEL-102,16.5,988.6,74.0,False,,low,1.9,NORMAL,17.6,990.2,69.0,HEALTHY,replay,3.2,0.0
2025-01-07T17:00:00+00:00,AWS-DEL-102,14.9,988.6,80.0,False,,low,1.0,NORMAL,15.6,989.74,78.0,HEALTHY,replay,1.7,0.0
2025-01-07T18:00:00+00:00,AWS-DEL-102,13.2,990.0,89.0,False,,low,1.0,NORMAL,13.5,991.5,86.0,HEALTHY,replay,1.6,0.0
2025-01-07T19:00:00+00:00,AWS-DEL-102,12.4,989.9,91.0,False,,low,0.4,NORMAL,12.8,991.5,89.0,HEALTHY,replay,0.6,0.0
2025-01-07T20:00:00+00:00,AWS-DEL-102,11.9,990.2,92.0,False,,low,0.2,NORMAL,12.3,991.9,91.0,HEALTHY,replay,0.4,0.0
2025-01-07T21:00:00+00:00,AWS-DEL-102,11.4,990.3,93.0,False,,low,0.1,NORMAL,11.9,991.9,93.0,HEALTHY,replay,0.2,0.0
2025-01-07T22:00:00+00:00,AWS-DEL-102,10.7,990.0,94.0,False,,low,0.2,NORMAL,11.6,991.6,93.0,HEALTHY,replay,0.3,0.0
2025-01-07T23:00:00+00:00,AWS-DEL-102,10.0,989.3,94.0,False,,low,0.3,NORMAL,11.1,990.9,94.0,HEALTHY,replay,0.5,0.0
2025-01-08T00:00:00+00:00,AWS-DEL-102,9.5,988.7,94.0,False,,low,0.5,NORMAL,10.6,990.3,92.0,HEALTHY,replay,0.8,0.0
2025-01-08T01:00:00+00:00,AWS-DEL-102,9.0,987.9,93.0,False,,low,0.7,NORMAL,10.0,989.6,91.0,HEALTHY,replay,1.1,0.0
2025-01-08T02:00:00+00:00,AWS-DEL-102,8.5,987.5,94.0,False,,low,0.7,NORMAL,9.6,989.1,90.0,HEALTHY,replay,1.1,0.0
2025-01-08T03:00:00+00:00,AWS-DEL-102,8.2,987.2,93.0,False,,low,0.9,NORMAL,9.2,988.8,90.0,HEALTHY,replay,1.6,0.0
2025-01-08T04:00:00+00:00,AWS-DEL-102,7.9,987.0,92.0,False,,low,1.0,NORMAL,9.1,988.5,89.0,HEALTHY,replay,1.7,0.0
2025-01-08T05:00:00+00:00,AWS-DEL-102,7.8,987.1,91.0,False,,low,1.2,NORMAL,8.9,988.7,88.0,HEALTHY,replay,2.1,0.0
2025-01-08T06:00:00+00:00,AWS-DEL-102,7.6,987.8,93.0,False,,low,2.9,NORMAL,8.8,989.2,90.0,HEALTHY,replay,4.8,0.0
2025-01-08T07:00:00+00:00,AWS-DEL-102,7.3,988.5,93.0,False,,low,2.6,NORMAL,8.7,990.0,89.0,HEALTHY,replay,4.4,0.0
2025-01-08T08:00:00+00:00,AWS-DEL-102,8.6,989.6,89.0,False,,low,2.9,NORMAL,9.9,991.0,84.0,HEALTHY,replay,4.8,0.0
2025-01-08T09:00:00+00:00,AWS-DEL-102,10.7,990.8,82.0,False,,low,10.2,NORMAL,12.0,992.3,78.0,HEALTHY,replay,17.0,0.0
2025-01-08T10:00:00+00:00,AWS-DEL-102,13.0,991.2,72.0,False,,low,6.7,NORMAL,14.1,992.7,68.0,HEALTHY,replay,11.2,0.0
2025-01-08T11:00:00+00:00,AWS-DEL-102,15.1,990.5,65.0,False,,low,6.8,NORMAL,16.0,992.1,61.0,HEALTHY,replay,11.3,0.0
2025-01-08T12:00:00+00:00,AWS-DEL-102,16.7,989.9,59.0,False,,low,6.0,NORMAL,17.5,991.3,56.0,HEALTHY,replay,10.1,0.0
2025-01-08T13:00:00+00:00,AWS-DEL-102,17.7,989.0,55.0,False,,low,4.7,NORMAL,18.5,990.5,51.0,HEALTHY,replay,7.8,0.0
2025-01-08T14:00:00+00:00,AWS-DEL-102,18.2,988.5,52.0,False,,low,3.8,NORMAL,19.0,990.0,48.0,HEALTHY,replay,6.4,0.0
2025-01-08T15:00:00+00:00,AWS-DEL-102,18.0,988.4,52.0,False,,low,2.2,NORMAL,18.9,989.9,48.0,HEALTHY,replay,3.7,0.0
2025-01-08T16:00:00+00:00,AWS-DEL-102,17.1,988.2,60.0,False,,low,2.0,NORMAL,17.8,989.7,54.0,HEALTHY,replay,3.3,0.0
2025-01-08T17:00:00+00:00,AWS-DEL-102,15.1,988.0,67.0,False,,low,0.7,NORMAL,15.4,989.6,66.0,HEALTHY,replay,1.2,0.0
2025-01-08T18:00:00+00:00,AWS-DEL-102,14.4,988.2,71.0,False,,low,0.8,NORMAL,13.9,989.9,71.0,HEALTHY,replay,1.3,0.0
2025-01-08T19:00:00+00:00,AWS-DEL-102,13.5,988.7,72.0,False,,low,0.6,NORMAL,13.0,990.3,75.0,HEALTHY,replay,0.9,0.0
2025-01-08T20:00:00+00:00,AWS-DEL-102,12.3,989.1,75.0,False,,low,0.3,NORMAL,12.2,990.8,76.0,HEALTHY,replay,0.4,0.0
2025-01-08T21:00:00+00:00,AWS-DEL-102,11.1,989.5,78.0,False,,low,0.2,NORMAL,11.7,991.2,77.0,HEALTHY,replay,0.3,0.0
2025-01-08T22:00:00+00:00,AWS-DEL-102,10.5,989.5,78.0,False,,low,0.2,NORMAL,11.1,991.2,79.0,HEALTHY,replay,0.3,0.0
2025-01-08T23:00:00+00:00,AWS-DEL-102,9.8,989.3,80.0,False,,low,0.2,NORMAL,10.6,990.9,81.0,HEALTHY,replay,0.3,0.0
2025-01-09T00:00:00+00:00,AWS-DEL-102,9.0,988.9,85.0,False,,low,0.2,NORMAL,10.0,990.6,83.0,HEALTHY,replay,0.3,0.0
2025-01-09T01:00:00+00:00,AWS-DEL-102,8.4,988.7,88.0,False,,low,0.2,NORMAL,9.3,990.5,86.0,HEALTHY,replay,0.3,0.0
2025-01-09T02:00:00+00:00,AWS-DEL-102,7.9,988.9,89.0,False,,low,0.3,NORMAL,8.7,990.7,87.0,HEALTHY,replay,0.5,0.0
2025-01-09T03:00:00+00:00,AWS-DEL-102,7.3,988.7,91.0,False,,low,0.2,NORMAL,8.1,990.5,89.0,HEALTHY,replay,0.3,0.0
2025-01-09T04:00:00+00:00,AWS-DEL-102,7.1,988.6,91.0,False,,low,0.3,NORMAL,7.6,990.5,91.0,HEALTHY,replay,0.5,0.0
2025-01-09T05:00:00+00:00,AWS-DEL-102,7.1,988.6,90.0,False,,low,0.9,NORMAL,7.0,990.6,92.0,HEALTHY,replay,1.5,0.0
2025-01-09T06:00:00+00:00,AWS-DEL-102,7.3,989.5,93.0,False,,low,0.4,NORMAL,6.4,991.4,99.0,HEALTHY,replay,0.7,0.0
2025-01-09T07:00:00+00:00,AWS-DEL-102,7.2,990.2,93.0,False,,low,0.4,NORMAL,6.0,992.1,100.0,HEALTHY,replay,0.6,0.0
2025-01-09T08:00:00+00:00,AWS-DEL-102,8.8,991.5,89.0,False,,low,0.5,NORMAL,7.7,993.3,98.0,HEALTHY,replay,0.9,0.0
2025-01-09T09:00:00+00:00,AWS-DEL-102,12.1,992.8,82.0,False,,low,9.7,NORMAL,10.3,994.5,94.0,HEALTHY,replay,16.1,0.0
2025-01-09T10:00:00+00:00,AWS-DEL-102,15.1,993.5,71.0,False,,low,13.8,NORMAL,13.8,995.2,82.0,HEALTHY,replay,23.0,0.0
2025-01-09T11:00:00+00:00,AWS-DEL-102,17.1,993.0,63.0,False,,low,2.8,NORMAL,16.2,994.7,68.0,HEALTHY,replay,4.7,0.0
2025-01-09T12:00:00+00:00,AWS-DEL-102,18.4,991.9,57.0,False,,low,1.4,NORMAL,17.5,993.7,62.0,HEALTHY,replay,2.4,0.0
2025-01-09T13:00:00+00:00,AWS-DEL-102,19.2,991.1,54.0,False,,low,0.9,NORMAL,18.3,992.8,58.0,HEALTHY,replay,1.4,0.0
2025-01-09T14:00:00+00:00,AWS-DEL-102,19.5,990.5,52.0,False,,low,0.7,NORMAL,18.7,992.3,54.0,HEALTHY,replay,1.1,0.0
2025-01-09T15:00:00+00:00,AWS-DEL-102,19.3,990.2,53.0,False,,low,0.3,NORMAL,18.7,992.0,53.0,HEALTHY,replay,0.5,0.0
2025-01-09T16:00:00+00:00,AWS-DEL-102,18.6,990.3,63.0,False,,low,0.5,NORMAL,17.9,992.0,63.0,HEALTHY,replay,0.9,0.0
2025-01-09T17:00:00+00:00,AWS-DEL-102,15.9,990.2,74.0,False,,low,1.0,NORMAL,15.4,992.0,66.0,HEALTHY,replay,1.6,0.0
2025-01-09T18:00:00+00:00,AWS-DEL-102,14.1,991.0,80.0,False,,low,1.0,NORMAL,14.3,992.9,75.0,HEALTHY,replay,1.7,0.0
2025-01-09T19:00:00+00:00,AWS-DEL-102,13.4,991.3,82.0,False,,low,0.3,NORMAL,12.6,992.7,81.0,HEALTHY,replay,0.5,0.0
2025-01-09T20:00:00+00:00,AWS-DEL-102,12.7,992.0,81.0,False,,low,0.3,NORMAL,11.3,993.5,85.0,HEALTHY,replay,0.5,0.0
2025-01-09T21:00:00+00:00,AWS-DEL-102,12.0,992.4,82.0,False,,low,0.2,NORMAL,10.6,993.9,87.0,HEALTHY,replay,0.3,0.0
2025-01-09T22:00:00+00:00,AWS-DEL-102,11.3,992.4,84.0,False,,low,0.2,NORMAL,9.7,994.0,91.0,HEALTHY,replay,0.3,0.0
2025-01-09T23:00:00+00:00,AWS-DEL-102,10.6,992.2,87.0,False,,low,0.2,NORMAL,8.9,993.7,92.0,HEALTHY,replay,0.3,0.0
2025-01-10T00:00:00+00:00,AWS-DEL-102,9.9,991.8,89.0,False,,low,0.3,NORMAL,8.1,993.4,94.0,HEALTHY,replay,0.4,0.0
2025-01-10T01:00:00+00:00,AWS-DEL-102,9.1,991.5,92.0,False,,low,0.2,NORMAL,7.4,993.0,95.0,HEALTHY,replay,0.3,0.0
2025-01-10T02:00:00+00:00,AWS-DEL-102,8.4,991.3,94.0,False,,low,0.2,NORMAL,7.0,992.9,97.0,HEALTHY,replay,0.3,0.0
2025-01-10T03:00:00+00:00,AWS-DEL-102,7.9,991.2,96.0,False,,low,0.1,NORMAL,6.6,992.6,98.0,HEALTHY,replay,0.2,0.0
2025-01-10T04:00:00+00:00,AWS-DEL-102,7.5,991.1,97.0,False,,low,0.2,NORMAL,6.4,992.5,99.0,HEALTHY,replay,0.3,0.0
2025-01-10T05:00:00+00:00,AWS-DEL-102,7.8,991.4,96.0,False,,low,0.4,NORMAL,6.1,992.8,100.0,HEALTHY,replay,0.7,0.0
2025-01-10T06:00:00+00:00,AWS-DEL-102,8.1,992.5,99.0,False,,low,0.6,NORMAL,6.0,994.0,99.0,HEALTHY,replay,1.0,0.0
2025-01-10T07:00:00+00:00,AWS-DEL-102,7.7,993.3,100.0,False,,low,0.5,NORMAL,6.5,995.0,99.0,HEALTHY,replay,0.9,0.0
2025-01-10T08:00:00+00:00,AWS-DEL-102,8.4,994.3,99.0,False,,low,1.1,NORMAL,7.2,996.1,98.0,HEALTHY,replay,1.8,0.0
2025-01-10T09:00:00+00:00,AWS-DEL-102,10.7,995.3,95.0,False,,low,2.8,NORMAL,9.0,997.0,95.0,HEALTHY,replay,4.7,0.0
2025-01-10T10:00:00+00:00,AWS-DEL-102,12.5,995.7,94.0,False,,low,4.7,NORMAL,11.4,997.6,91.0,HEALTHY,replay,7.9,0.0
2025-01-10T11:00:00+00:00,AWS-DEL-102,15.3,995.0,80.0,False,,low,4.9,NORMAL,14.4,996.9,81.0,HEALTHY,replay,8.2,0.0
2025-01-10T12:00:00+00:00,AWS-DEL-102,17.1,993.9,68.0,False,,low,5.7,NORMAL,16.5,995.8,71.0,HEALTHY,replay,9.4,0.0
2025-01-10T13:00:00+00:00,AWS-DEL-102,18.0,992.7,60.0,False,,low,6.0,NORMAL,17.5,994.6,64.0,HEALTHY,replay,10.0,0.0
2025-01-10T14:00:00+00:00,AWS-DEL-102,18.4,992.0,57.0,False,,low,2.4,NORMAL,17.9,993.8,61.0,HEALTHY,replay,4.1,0.0
2025-01-10T15:00:00+00:00,AWS-DEL-102,18.2,991.5,57.0,False,,low,2.3,NORMAL,17.9,993.2,60.0,HEALTHY,replay,3.9,0.0
2025-01-10T16:00:00+00:00,AWS-DEL-102,17.4,991.2,64.0,False,,low,0.7,NORMAL,17.2,993.0,63.0,HEALTHY,replay,1.2,0.0
2025-01-10T17:00:00+00:00,AWS-DEL-102,15.4,991.0,75.0,False,,low,0.9,NORMAL,14.3,992.5,75.0,HEALTHY,replay,1.5,0.0
2025-01-10T18:00:00+00:00,AWS-DEL-102,13.5,991.1,83.0,False,,low,1.0,NORMAL,12.4,992.7,84.0,HEALTHY,replay,1.6,0.0
2025-01-10T19:00:00+00:00,AWS-DEL-102,12.4,991.5,86.0,False,,low,0.4,NORMAL,11.4,993.1,88.0,HEALTHY,replay,0.7,0.0
2025-01-10T20:00:00+00:00,AWS-DEL-102,11.6,991.9,89.0,False,,low,0.3,NORMAL,10.7,993.5,92.0,HEALTHY,replay,0.4,0.0
2025-01-10T21:00:00+00:00,AWS-DEL-102,11.1,992.1,90.0,False,,low,0.1,NORMAL,9.5,993.6,94.0,HEALTHY,replay,0.2,0.0
2025-01-10T22:00:00+00:00,AWS-DEL-102,10.7,992.1,92.0,False,,low,0.1,NORMAL,8.9,993.6,95.0,HEALTHY,replay,0.2,0.0
2025-01-10T23:00:00+00:00,AWS-DEL-102,10.3,991.8,93.0,False,,low,0.1,NORMAL,8.6,993.3,96.0,HEALTHY,replay,0.2,0.0
2025-01-11T00:00:00+00:00,AWS-DEL-102,10.0,991.2,94.0,False,,low,0.2,NORMAL,8.3,992.7,96.0,HEALTHY,replay,0.3,0.0
2025-01-11T01:00:00+00:00,AWS-DEL-102,9.7,991.0,94.0,False,,low,0.2,NORMAL,8.1,992.6,96.0,HEALTHY,replay,0.3,0.0
2025-01-11T02:00:00+00:00,AWS-DEL-102,9.3,990.9,95.0,False,,low,0.3,NORMAL,8.0,992.7,96.0,HEALTHY,replay,0.5,0.0
2025-01-11T03:00:00+00:00,AWS-DEL-102,9.0,990.8,95.0,False,,low,0.3,NORMAL,7.8,992.6,96.0,HEALTHY,replay,0.5,0.0
2025-01-11T04:00:00+00:00,AWS-DEL-102,8.7,990.6,95.0,False,,low,0.3,NORMAL,7.5,992.5,97.0,HEALTHY,replay,0.5,0.0
2025-01-11T05:00:00+00:00,AWS-DEL-102,8.6,991.0,95.0,False,,low,0.4,NORMAL,7.5,992.9,97.0,HEALTHY,replay,0.7,0.0
2025-01-11T06:00:00+00:00,AWS-DEL-102,9.4,991.4,97.0,False,,low,0.5,NORMAL,8.6,993.4,98.0,HEALTHY,replay,0.9,0.0
2025-01-11T07:00:00+00:00,AWS-DEL-102,9.5,992.0,97.0,False,,low,0.3,NORMAL,8.8,994.0,97.0,HEALTHY,replay,0.5,0.0
2025-01-11T08:00:00+00:00,AWS-DEL-102,10.4,992.9,95.0,False,,low,0.5,NORMAL,9.5,994.8,97.0,HEALTHY,replay,0.9,0.0
2025-01-11T09:00:00+00:00,AWS-DEL-102,12.1,993.4,91.0,False,,low,0.5,NORMAL,11.0,995.5,94.0,HEALTHY,replay,0.8,0.0
2025-01-11T10:00:00+00:00,AWS-DEL-102,14.1,993.3,83.0,False,,low,1.6,NORMAL,13.9,995.3,84.0,HEALTHY,replay,2.7,0.0
2025-01-11T11:00:00+00:00,AWS-DEL-102,15.7,993.1,76.0,False,,low,1.2,NORMAL,16.0,994.8,75.0,HEALTHY,replay,2.0,0.0
2025-01-11T12:00:00+00:00,AWS-DEL-102,16.1,992.1,74.0,False,,low,1.1,NORMAL,16.8,993.6,70.0,HEALTHY,replay,1.9,0.0
2025-01-11T13:00:00+00:00,AWS-DEL-102,16.2,990.9,73.0,False,,low,3.0,NORMAL,17.8,992.6,67.0,HEALTHY,replay,5.0,0.0
2025-01-11T14:00:00+00:00,AWS-DEL-102,15.8,989.9,75.0,False,,low,6.8,NORMAL,17.4,991.5,68.0,HEALTHY,replay,11.4,0.0
2025-01-11T15:00:00+00:00,AWS-DEL-102,15.4,989.2,81.0,False,,low,6.8,NORMAL,17.3,991.2,69.0,HEALTHY,replay,11.3,0.0
2025-01-11T16:00:00+00:00,AWS-DEL-102,15.2,989.1,84.0,False,,low,5.1,NORMAL,16.9,990.7,71.0,HEALTHY,replay,8.5,0.0
2025-01-11T17:00:00+00:00,AWS-DEL-102,14.2,988.8,89.0,False,,low,3.7,NORMAL,14.9,990.7,84.0,HEALTHY,replay,6.2,0.0
2025-01-11T18:00:00+00:00,AWS-DEL-102,12.9,989.9,97.0,False,,low,2.4,NORMAL,13.9,992.1,92.0,HEALTHY,replay,3.9,0.0
2025-01-11T19:00:00+00:00,AWS-DEL-102,12.9,989.6,94.0,False,,low,1.3,NORMAL,13.2,992.5,90.0,HEALTHY,replay,2.2,0.0
2025-01-11T20:00:00+00:00,AWS-DEL-102,12.6,990.3,93.0,False,,low,0.4,NORMAL,12.7,992.0,88.0,HEALTHY,replay,0.6,0.0
2025-01-11T21:00:00+00:00,AWS-DEL-102,12.0,990.5,93.0,False,,low,0.2,NORMAL,12.3,992.5,89.0,HEALTHY,replay,0.4,0.0
2025-01-11T22:00:00+00:00,AWS-DEL-102,11.3,990.8,92.0,False,,low,0.3,NORMAL,12.1,992.6,89.0,HEALTHY,replay,0.4,0.0
2025-01-11T23:00:00+00:00,AWS-DEL-102,11.4,991.1,92.0,False,,low,0.3,NORMAL,11.8,992.8,89.0,HEALTHY,replay,0.5,0.0
2025-01-12T00:00:00+00:00,AWS-DEL-102,10.3,990.6,95.0,False,,low,0.4,NORMAL,11.7,992.4,90.0,HEALTHY,replay,0.6,0.0
2025-01-12T01:00:00+00:00,AWS-DEL-102,10.1,990.4,96.0,False,,low,0.4,NORMAL,11.0,992.2,93.0,HEALTHY,replay,0.6,0.0
2025-01-12T02:00:00+00:00,AWS-DEL-102,10.1,990.2,96.0,False,,low,0.3,NORMAL,11.0,992.0,94.0,HEALTHY,replay,0.5,0.0
2025-01-12T03:00:00+00:00,AWS-DEL-102,9.8,990.1,96.0,False,,low,0.4,NORMAL,10.7,991.8,94.0,HEALTHY,replay,0.7,0.0
2025-01-12T04:00:00+00:00,AWS-DEL-102,9.9,989.9,96.0,False,,low,0.3,NORMAL,10.9,991.7,92.0,HEALTHY,replay,0.6,0.0
2025-01-12T05:00:00+00:00,AWS-DEL-102,10.2,990.1,95.0,False,,low,0.7,NORMAL,11.0,992.0,90.0,HEALTHY,replay,1.1,0.0
2025-01-12T06:00:00+00:00,AWS-DEL-102,9.8,991.2,99.0,False,,low,0.4,NORMAL,11.4,992.9,91.0,HEALTHY,replay,0.6,0.0
2025-01-12T07:00:00+00:00,AWS-DEL-102,9.8,991.6,99.0,False,,low,0.3,NORMAL,10.9,993.5,92.0,HEALTHY,replay,0.6,0.0
2025-01-12T08:00:00+00:00,AWS-DEL-102,11.1,992.6,100.0,False,,low,0.7,NORMAL,12.4,994.3,85.0,HEALTHY,replay,1.1,0.0
2025-01-12T09:00:00+00:00,AWS-DEL-102,13.5,993.8,93.0,False,,low,2.6,NORMAL,13.5,997.4,93.0,HEALTHY,replay,4.3,0.0
2025-01-12T10:00:00+00:00,AWS-DEL-102,15.0,994.2,88.0,False,,low,2.3,NORMAL,15.5,997.7,83.0,HEALTHY,replay,3.8,0.0
2025-01-12T11:00:00+00:00,AWS-DEL-102,16.2,993.6,78.0,False,,low,2.7,NORMAL,17.3,996.8,74.0,HEALTHY,replay,4.5,0.0
2025-01-12T12:00:00+00:00,AWS-DEL-102,17.0,992.5,73.0,False,,low,2.3,NORMAL,18.3,993.9,67.0,HEALTHY,replay,3.9,0.0
2025-01-12T13:00:00+00:00,AWS-DEL-102,17.5,991.4,69.0,False,,low,4.0,NORMAL,18.8,993.0,67.0,HEALTHY,replay,6.6,0.0
2025-01-12T14:00:00+00:00,AWS-DEL-102,17.7,990.7,67.0,False,,low,2.9,NORMAL,18.7,992.3,63.0,HEALTHY,replay,4.8,0.0
2025-01-12T15:00:00+00:00,AWS-DEL-102,17.5,990.5,67.0,False,,low,4.5,NORMAL,18.4,992.1,62.0,HEALTHY,replay,7.5,0.0
2025-01-12T16:00:00+00:00,AWS-DEL-102,16.8,990.8,71.0,False,,low,1.5,NORMAL,18.0,992.4,65.0,HEALTHY,replay,2.6,0.0
2025-01-12T17:00:00+00:00,AWS-DEL-102,15.1,990.9,83.0,False,,low,2.3,NORMAL,16.2,992.6,74.0,HEALTHY,replay,3.8,0.0
2025-01-12T18:00:00+00:00,AWS-DEL-102,12.9,992.1,93.0,False,,low,2.9,NORMAL,13.0,993.6,93.0,HEALTHY,replay,4.9,0.0
2025-01-12T19:00:00+00:00,AWS-DEL-102,12.3,992.5,95.0,False,,low,0.8,NORMAL,12.7,994.2,93.0,HEALTHY,replay,1.4,0.0
2025-01-12T20:00:00+00:00,AWS-DEL-102,11.9,993.2,95.0,False,,low,0.7,NORMAL,12.5,994.9,93.0,HEALTHY,replay,1.1,0.0
2025-01-12T21:00:00+00:00,AWS-DEL-102,11.3,993.7,96.0,False,,low,0.6,NORMAL,12.0,995.4,94.0,HEALTHY,replay,1.0,0.0
2025-01-12T22:00:00+00:00,AWS-DEL-102,10.8,993.5,96.0,False,,low,0.4,NORMAL,11.4,995.3,95.0,HEALTHY,replay,0.6,0.0
2025-01-12T23:00:00+00:00,AWS-DEL-102,10.2,993.2,98.0,False,,low,0.5,NORMAL,10.9,994.8,95.0,HEALTHY,replay,0.9,0.0
2025-01-13T00:00:00+00:00,AWS-DEL-102,9.7,992.7,99.0,False,,low,0.7,NORMAL,10.6,994.1,96.0,HEALTHY,replay,1.2,0.0
2025-01-13T01:00:00+00:00,AWS-DEL-102,9.1,992.3,100.0,False,,low,0.4,NORMAL,9.8,993.9,96.0,HEALTHY,replay,0.6,0.0
2025-01-13T02:00:00+00:00,AWS-DEL-102,8.8,991.7,100.0,False,,low,0.5,NORMAL,9.5,993.4,97.0,HEALTHY,replay,0.8,0.0
2025-01-13T03:00:00+00:00,AWS-DEL-102,8.8,991.6,100.0,False,,low,0.6,NORMAL,9.4,993.2,97.0,HEALTHY,replay,1.0,0.0
2025-01-13T04:00:00+00:00,AWS-DEL-102,8.6,991.6,100.0,False,,low,0.6,NORMAL,9.2,993.1,97.0,HEALTHY,replay,0.9,0.0
2025-01-13T05:00:00+00:00,AWS-DEL-102,8.7,991.7,100.0,False,,low,0.9,NORMAL,9.0,993.3,98.0,HEALTHY,replay,1.5,0.0
2025-01-13T06:00:00+00:00,AWS-DEL-102,9.5,992.1,100.0,False,,low,1.0,NORMAL,9.9,995.2,98.0,HEALTHY,replay,1.7,0.0
2025-01-13T07:00:00+00:00,AWS-DEL-102,9.4,992.6,100.0,False,,low,0.5,NORMAL,9.8,995.5,97.0,HEALTHY,replay,0.8,0.0
2025-01-13T08:00:00+00:00,AWS-DEL-102,9.7,993.4,98.0,False,,low,0.5,NORMAL,10.8,996.3,95.0,HEALTHY,replay,0.9,0.0
2025-01-13T09:00:00+00:00,AWS-DEL-102,10.8,993.9,95.0,False,,low,0.5,NORMAL,12.6,995.4,90.0,HEALTHY,replay,0.8,0.0
2025-01-13T10:00:00+00:00,AWS-DEL-102,13.1,994.1,88.0,False,,low,1.1,NORMAL,14.7,995.5,81.0,HEALTHY,replay,1.8,0.0
2025-01-13T11:00:00+00:00,AWS-DEL-102,15.1,993.3,80.0,False,,low,3.3,NORMAL,16.6,994.8,73.0,HEALTHY,replay,5.6,0.0
2025-01-13T12:00:00+00:00,AWS-DEL-102,16.6,992.0,75.0,False,,low,4.7,NORMAL,18.1,993.5,67.0,HEALTHY,replay,7.8,0.0
2025-01-13T13:00:00+00:00,AWS-DEL-102,17.7,991.0,72.0,False,,low,5.4,NORMAL,19.2,992.4,63.0,HEALTHY,replay,9.0,0.0
2025-01-13T14:00:00+00:00,AWS-DEL-102,18.3,990.2,69.0,False,,low,4.8,NORMAL,19.8,991.8,59.0,HEALTHY,replay,7.9,0.0
2025-01-13T15:00:00+00:00,AWS-DEL-102,18.4,990.0,68.0,False,,low,2.5,NORMAL,19.8,991.5,58.0,HEALTHY,replay,4.2,0.0
2025-01-13T16:00:00+00:00,AWS-DEL-102,17.9,989.7,70.0,False,,low,1.0,NORMAL,19.0,992.7,64.0,HEALTHY,replay,1.7,0.0
2025-01-13T17:00:00+00:00,AWS-DEL-102,16.1,989.9,80.0,False,,low,1.0,NORMAL,16.8,990.8,77.0,HEALTHY,replay,1.6,0.0
2025-01-13T18:00:00+00:00,AWS-DEL-102,14.4,990.5,86.0,False,,low,0.7,NORMAL,15.4,991.5,83.0,HEALTHY,replay,1.2,0.0
2025-01-13T19:00:00+00:00,AWS-DEL-102,13.3,990.8,90.0,False,,low,0.3,NORMAL,14.6,991.9,87.0,HEALTHY,replay,0.5,0.0
2025-01-13T20:00:00+00:00,AWS-DEL-102,12.5,991.0,91.0,False,,low,0.2,NORMAL,13.6,993.9,88.0,HEALTHY,replay,0.4,0.0
2025-01-13T21:00:00+00:00,AWS-DEL-102,11.9,991.4,92.0,False,,low,0.2,NORMAL,13.4,993.0,89.0,HEALTHY,replay,0.3,0.0
2025-01-13T22:00:00+00:00,AWS-DEL-102,11.3,991.3,93.0,False,,low,0.1,NORMAL,12.7,992.8,90.0,HEALTHY,replay,0.2,0.0
2025-01-13T23:00:00+00:00,AWS-DEL-102,10.8,990.9,94.0,False,,low,0.2,NORMAL,12.1,992.5,91.0,HEALTHY,replay,0.3,0.0
2025-01-14T00:00:00+00:00,AWS-DEL-102,10.3,990.5,95.0,False,,low,0.2,NORMAL,11.6,992.2,93.0,HEALTHY,replay,0.4,0.0
2025-01-14T01:00:00+00:00,AWS-DEL-102,9.7,990.3,96.0,False,,low,0.2,NORMAL,11.1,991.9,94.0,HEALTHY,replay,0.3,0.0
2025-01-14T02:00:00+00:00,AWS-DEL-102,9.2,989.9,97.0,False,,low,0.2,NORMAL,10.7,991.5,95.0,HEALTHY,replay,0.3,0.0
2025-01-14T03:00:00+00:00,AWS-DEL-102,8.7,989.7,98.0,False,,low,0.2,NORMAL,9.9,991.3,95.0,HEALTHY,replay,0.4,0.0
2025-01-14T04:00:00+00:00,AWS-DEL-102,8.3,989.5,98.0,False,,low,0.3,NORMAL,9.5,991.2,96.0,HEALTHY,replay,0.5,0.0
2025-01-14T05:00:00+00:00,AWS-DEL-102,7.9,989.8,98.0,False,,low,0.5,NORMAL,9.0,991.4,96.0,HEALTHY,replay,0.8,0.0
2025-01-14T06:00:00+00:00,AWS-DEL-102,7.9,991.3,99.0,False,,low,0.4,NORMAL,9.1,992.9,97.0,HEALTHY,replay,0.7,0.0
2025-01-14T07:00:00+00:00,AWS-DEL-102,8.0,991.9,100.0,False,,low,0.4,NORMAL,8.7,993.6,97.0,HEALTHY,replay,0.7,0.0
2025-01-14T08:00:00+00:00,AWS-DEL-102,9.0,992.9,99.0,False,,low,0.5,NORMAL,10.3,994.5,95.0,HEALTHY,replay,0.8,0.0
2025-01-14T09:00:00+00:00,AWS-DEL-102,11.1,993.9,93.0,False,,low,0.7,NORMAL,12.2,995.5,88.0,HEALTHY,replay,1.1,0.0
2025-01-14T10:00:00+00:00,AWS-DEL-102,13.2,994.5,87.0,False,,low,1.3,NORMAL,14.3,996.0,80.0,HEALTHY,replay,2.2,0.0
2025-01-14T11:00:00+00:00,AWS-DEL-102,15.2,994.1,77.0,False,,low,1.4,NORMAL,16.1,995.7,72.0,HEALTHY,replay,2.4,0.0
2025-01-14T12:00:00+00:00,AWS-DEL-102,16.6,993.2,71.0,False,,low,1.0,NORMAL,17.5,994.8,68.0,HEALTHY,replay,1.6,0.0
2025-01-14T13:00:00+00:00,AWS-DEL-102,17.6,992.3,67.0,False,,low,1.2,NORMAL,18.4,994.0,64.0,HEALTHY,replay,2.1,0.0
2025-01-14T14:00:00+00:00,AWS-DEL-102,18.1,991.7,64.0,False,,low,1.0,NORMAL,18.9,993.3,62.0,HEALTHY,replay,1.7,0.0
2025-01-14T15:00:00+00:00,AWS-DEL-102,18.2,991.4,63.0,False,,low,1.0,NORMAL,18.9,993.0,61.0,HEALTHY,replay,1.6,0.0
2025-01-14T16:00:00+00:00,AWS-DEL-102,17.6,991.3,65.0,False,,low,0.7,NORMAL,18.2,993.0,64.0,HEALTHY,replay,1.1,0.0
2025-01-14T17:00:00+00:00,AWS-DEL-102,15.6,991.3,77.0,False,,low,0.9,NORMAL,15.8,993.0,75.0,HEALTHY,replay,1.5,0.0
2025-01-14T18:00:00+00:00,AWS-DEL-102,14.1,991.8,83.0,False,,low,0.4,NORMAL,14.8,993.7,78.0,HEALTHY,replay,0.7,0.0
2025-01-14T19:00:00+00:00,AWS-DEL-102,13.4,992.1,83.0,False,,low,0.3,NORMAL,14.0,994.0,80.0,HEALTHY,replay,0.6,0.0
2025-01-14T20:00:00+00:00,AWS-DEL-102,12.3,992.5,87.0,False,,low,0.1,NORMAL,12.7,994.3,86.0,HEALTHY,replay,0.2,0.0
2025-01-14T21:00:00+00:00,AWS-DEL-102,11.6,992.5,91.0,False,,low,0.1,NORMAL,11.8,994.4,91.0,HEALTHY,replay,0.2,0.0
2025-01-14T22:00:00+00:00,AWS-DEL-102,11.1,992.9,92.0,False,,low,0.1,NORMAL,11.1,994.7,93.0,HEALTHY,replay,0.2,0.0
2025-01-14T23:00:00+00:00,AWS-DEL-102,10.7,992.8,94.0,False,,low,0.1,NORMAL,10.4,994.6,96.0,HEALTHY,replay,0.1,0.0
2025-01-15T00:00:00+00:00,AWS-DEL-102,10.1,992.5,96.0,False,,low,0.2,NORMAL,9.8,995.8,99.0,HEALTHY,replay,0.3,0.0
2025-01-15T01:00:00+00:00,AWS-DEL-102,9.7,992.5,97.0,False,,low,0.2,NORMAL,9.4,994.3,100.0,HEALTHY,replay,0.3,0.0
2025-01-15T02:00:00+00:00,AWS-DEL-102,9.3,992.1,99.0,False,,low,0.2,NORMAL,9.0,993.8,100.0,HEALTHY,replay,0.4,0.0
2025-01-15T03:00:00+00:00,AWS-DEL-102,8.6,992.1,100.0,False,,low,0.2,NORMAL,8.3,993.8,100.0,HEALTHY,replay,0.4,0.0
2025-01-15T04:00:00+00:00,AWS-DEL-102,7.6,992.2,100.0,False,,low,0.5,NORMAL,8.0,994.0,99.0,HEALTHY,replay,0.8,0.0
2025-01-15T05:00:00+00:00,AWS-DEL-102,7.0,992.4,100.0,False,,low,0.7,NORMAL,8.3,994.3,99.0,HEALTHY,replay,1.1,0.0
2025-01-15T06:00:00+00:00,AWS-DEL-102,7.5,993.2,100.0,False,,low,0.3,NORMAL,8.0,995.0,99.0,HEALTHY,replay,0.6,0.0
2025-01-15T07:00:00+00:00,AWS-DEL-102,7.6,993.8,100.0,False,,low,0.4,NORMAL,8.2,995.7,98.0,HEALTHY,replay,0.7,0.0
2025-01-15T08:00:00+00:00,AWS-DEL-102,8.8,994.5,98.0,False,,low,0.6,NORMAL,8.5,996.5,97.0,HEALTHY,replay,1.1,0.0
2025-01-15T09:00:00+00:00,AWS-DEL-102,10.8,995.2,95.0,False,,low,0.8,NORMAL,10.6,997.2,96.0,HEALTHY,replay,1.4,0.0
2025-01-15T10:00:00+00:00,AWS-DEL-102,13.1,995.6,94.0,False,,low,1.5,NORMAL,12.3,997.5,94.0,HEALTHY,replay,2.5,0.0
2025-01-15T11:00:00+00:00,AWS-DEL-102,16.5,995.0,82.0,False,,low,3.4,NORMAL,15.2,996.9,87.0,HEALTHY,replay,5.7,0.0
2025-01-15T12:00:00+00:00,AWS-DEL-102,17.9,993.5,69.0,False,,low,5.4,NORMAL,17.4,995.4,74.0,HEALTHY,replay,9.1,0.0
2025-01-15T13:00:00+00:00,AWS-DEL-102,18.3,992.0,66.0,False,,low,2.6,NORMAL,18.4,993.9,66.0,HEALTHY,replay,4.3,0.0
2025-01-15T14:00:00+00:00,AWS-DEL-102,18.5,991.2,64.0,False,,low,2.4,NORMAL,18.9,992.8,62.0,HEALTHY,replay,4.0,0.0
2025-01-15T15:00:00+00:00,AWS-DEL-102,18.1,990.7,65.0,False,,low,0.7,NORMAL,18.9,992.6,62.0,HEALTHY,replay,1.2,0.0
2025-01-15T16:00:00+00:00,AWS-DEL-102,17.5,990.7,68.0,False,,low,0.4,NORMAL,18.3,992.3,66.0,HEALTHY,replay,0.7,0.0
2025-01-15T17:00:00+00:00,AWS-DEL-102,15.8,990.3,78.0,False,,low,0.7,NORMAL,16.1,992.0,78.0,HEALTHY,replay,1.2,0.0
2025-01-15T18:00:00+00:00,AWS-DEL-102,13.5,991.7,85.0,False,,low,0.5,NORMAL,13.4,993.4,86.0,HEALTHY,replay,0.8,0.0
2025-01-15T19:00:00+00:00,AWS-DEL-102,13.3,991.7,86.0,False,,low,0.2,NORMAL,13.0,993.8,89.0,HEALTHY,replay,0.3,0.0
2025-01-15T20:00:00+00:00,AWS-DEL-102,13.0,992.8,89.0,False,,low,0.1,NORMAL,12.9,994.1,90.0,HEALTHY,replay,0.2,0.0
2025-01-15T21:00:00+00:00,AWS-DEL-102,12.4,992.6,94.0,False,,low,0.1,NORMAL,12.7,994.6,90.0,HEALTHY,replay,0.2,0.0
2025-01-15T22:00:00+00:00,AWS-DEL-102,11.9,992.6,95.0,False,,low,0.1,NORMAL,12.4,994.5,90.0,HEALTHY,replay,0.1,0.0
2025-01-15T23:00:00+00:00,AWS-DEL-102,12.5,992.3,93.0,False,,low,0.2,NORMAL,11.6,993.9,93.0,HEALTHY,replay,0.3,0.0
2025-01-16T00:00:00+00:00,AWS-DEL-102,11.5,991.9,95.0,False,,low,0.1,NORMAL,11.6,993.8,93.0,HEALTHY,replay,0.2,0.0
2025-01-16T01:00:00+00:00,AWS-DEL-102,11.1,991.8,95.0,False,,low,0.1,NORMAL,11.2,993.7,93.0,HEALTHY,replay,0.2,0.0
2025-01-16T02:00:00+00:00,AWS-DEL-102,10.6,991.3,97.0,False,,low,0.2,NORMAL,10.7,993.3,96.0,HEALTHY,replay,0.3,0.0
2025-01-16T03:00:00+00:00,AWS-DEL-102,11.4,991.4,95.0,False,,low,0.5,NORMAL,11.2,993.1,95.0,HEALTHY,replay,0.8,0.0
2025-01-16T04:00:00+00:00,AWS-DEL-102,11.6,991.4,95.0,False,,low,1.0,NORMAL,10.9,993.1,95.0,HEALTHY,replay,1.7,0.0
2025-01-16T05:00:00+00:00,AWS-DEL-102,11.6,991.5,96.0,False,,low,2.5,NORMAL,11.0,993.3,94.0,HEALTHY,replay,4.2,0.0
2025-01-16T06:00:00+00:00,AWS-DEL-102,12.0,992.5,97.0,False,,low,1.4,NORMAL,11.9,994.5,95.0,HEALTHY,replay,2.3,0.0
2025-01-16T07:00:00+00:00,AWS-DEL-102,12.0,993.5,98.0,False,,low,1.9,NORMAL,12.1,995.3,94.0,HEALTHY,replay,3.2,0.0
2025-01-16T08:00:00+00:00,AWS-DEL-102,12.2,994.0,96.0,False,,low,0.9,NORMAL,12.6,995.9,93.0,HEALTHY,replay,1.6,0.0
2025-01-16T09:00:00+00:00,AWS-DEL-102,13.3,995.2,92.0,False,,low,1.4,NORMAL,13.4,996.9,91.0,HEALTHY,replay,2.3,0.0
2025-01-16T10:00:00+00:00,AWS-DEL-102,15.1,995.6,84.0,False,,low,2.3,NORMAL,14.5,997.5,80.0,HEALTHY,replay,3.9,0.0
2025-01-16T11:00:00+00:00,AWS-DEL-102,16.8,995.3,71.0,False,,low,3.7,NORMAL,16.3,997.1,69.0,HEALTHY,replay,6.2,0.0
2025-01-16T12:00:00+00:00,AWS-DEL-102,17.3,994.5,68.0,False,,low,1.1,NORMAL,17.6,996.3,62.0,HEALTHY,replay,1.8,0.0
2025-01-16T13:00:00+00:00,AWS-DEL-102,17.7,993.6,65.0,False,,low,0.6,NORMAL,18.3,995.4,61.0,HEALTHY,replay,1.0,0.0
2025-01-16T14:00:00+00:00,AWS-DEL-102,18.2,993.1,63.0,False,,low,1.0,NORMAL,18.7,994.8,59.0,HEALTHY,replay,1.7,0.0
2025-01-16T15:00:00+00:00,AWS-DEL-102,18.2,993.0,62.0,False,,low,0.9,NORMAL,18.9,994.8,57.0,HEALTHY,replay,1.5,0.0
2025-01-16T16:00:00+00:00,AWS-DEL-102,17.8,992.9,64.0,False,,low,0.8,NORMAL,18.1,994.7,59.0,HEALTHY,replay,1.4,0.0
2025-01-16T17:00:00+00:00,AWS-DEL-102,16.4,993.0,76.0,False,,low,1.4,NORMAL,16.7,994.8,70.0,HEALTHY,replay,2.3,0.0
2025-01-16T18:00:00+00:00,AWS-DEL-102,14.3,994.3,83.0,False,,low,1.9,NORMAL,14.7,995.8,80.0,HEALTHY,replay,3.1,0.0
2025-01-16T19:00:00+00:00,AWS-DEL-102,13.2,994.7,86.0,False,,low,0.5,NORMAL,13.8,996.4,83.0,HEALTHY,replay,0.8,0.0
2025-01-16T20:00:00+00:00,AWS-DEL-102,12.3,995.2,88.0,False,,low,0.3,NORMAL,13.1,997.1,85.0,HEALTHY,replay,0.5,0.0
2025-01-16T21:00:00+00:00,AWS-DEL-102,11.5,995.6,91.0,False,,low,0.3,NORMAL,12.2,997.5,86.0,HEALTHY,replay,0.6,0.0
2025-01-16T22:00:00+00:00,AWS-DEL-102,11.0,995.8,93.0,False,,low,0.2,NORMAL,11.6,997.5,88.0,HEALTHY,replay,0.4,0.0
2025-01-16T23:00:00+00:00,AWS-DEL-102,10.3,995.5,94.0,False,,low,0.3,NORMAL,11.1,997.2,89.0,HEALTHY,replay,0.5,0.0
2025-01-17T00:00:00+00:00,AWS-DEL-102,10.3,995.0,94.0,False,,low,0.3,NORMAL,10.8,996.7,91.0,HEALTHY,replay,0.4,0.0
2025-01-17T01:00:00+00:00,AWS-DEL-102,9.6,994.5,96.0,False,,low,0.2,NORMAL,10.6,996.2,92.0,HEALTHY,replay,0.4,0.0
2025-01-17T02:00:00+00:00,AWS-DEL-102,9.2,994.2,97.0,False,,low,0.2,NORMAL,10.4,995.8,92.0,HEALTHY,replay,0.4,0.0
2025-01-17T03:00:00+00:00,AWS-DEL-102,8.7,993.7,97.0,False,,low,0.3,NORMAL,10.2,995.5,93.0,HEALTHY,replay,0.6,0.0
2025-01-17T04:00:00+00:00,AWS-DEL-102,8.5,993.5,97.0,False,,low,0.3,NORMAL,9.9,995.2,93.0,HEALTHY,replay,0.5,0.0
2025-01-17T05:00:00+00:00,AWS-DEL-102,8.2,993.7,97.0,False,,low,0.8,NORMAL,9.5,995.4,93.0,HEALTHY,replay,1.3,0.0
2025-01-17T06:00:00+00:00,AWS-DEL-102,8.6,994.4,98.0,False,,low,0.8,NORMAL,9.4,995.9,95.0,HEALTHY,replay,1.4,0.0
2025-01-17T07:00:00+00:00,AWS-DEL-102,8.2,994.7,98.0,False,,low,1.0,NORMAL,9.3,996.3,95.0,HEALTHY,replay,1.7,0.0
2025-01-17T08:00:00+00:00,AWS-DEL-102,9.4,995.2,97.0,False,,low,0.8,NORMAL,10.8,996.9,91.0,HEALTHY,replay,1.4,0.0
2025-01-17T09:00:00+00:00,AWS-DEL-102,11.6,996.1,91.0,False,,low,1.0,NORMAL,12.7,997.6,86.0,HEALTHY,replay,1.7,0.0
2025-01-17T10:00:00+00:00,AWS-DEL-102,13.7,996.2,83.0,False,,low,1.5,NORMAL,14.8,997.7,78.0,HEALTHY,replay,2.4,0.0
2025-01-17T11:00:00+00:00,AWS-DEL-102,15.7,995.2,76.0,False,,low,3.2,NORMAL,16.8,996.7,70.0,HEALTHY,replay,5.3,0.0
2025-01-17T12:00:00+00:00,AWS-DEL-102,17.2,993.7,68.0,False,,low,6.0,NORMAL,18.4,995.2,61.0,HEALTHY,replay,10.0,0.0
2025-01-17T13:00:00+00:00,AWS-DEL-102,18.1,992.4,60.0,False,,low,10.6,NORMAL,19.2,993.8,56.0,HEALTHY,replay,17.7,0.0
2025-01-17T14:00:00+00:00,AWS-DEL-102,18.4,991.3,58.0,False,,low,12.8,NORMAL,19.6,992.8,53.0,HEALTHY,replay,21.3,0.0
2025-01-17T15:00:00+00:00,AWS-DEL-102,18.2,990.9,59.0,False,,low,3.4,NORMAL,19.4,992.4,53.0,HEALTHY,replay,5.6,0.0
2025-01-17T16:00:00+00:00,AWS-DEL-102,17.5,990.8,64.0,False,,low,1.5,NORMAL,18.5,992.2,59.0,HEALTHY,replay,2.4,0.0
2025-01-17T17:00:00+00:00,AWS-DEL-102,15.4,990.5,74.0,False,,low,1.0,NORMAL,16.2,992.61,69.0,HEALTHY,replay,1.7,0.0
2025-01-17T18:00:00+00:00,AWS-DEL-102,13.0,991.2,82.0,False,,low,1.9,NORMAL,14.2,994.01,77.0,HEALTHY,replay,3.1,0.0
2025-01-17T19:00:00+00:00,AWS-DEL-102,12.0,991.4,84.0,False,,low,0.7,NORMAL,13.3,994.6,81.0,HEALTHY,replay,1.2,0.0
2025-01-17T20:00:00+00:00,AWS-DEL-102,11.1,991.8,87.0,False,,low,0.7,NORMAL,12.3,995.0,86.0,HEALTHY,replay,1.2,0.0
2025-01-17T21:00:00+00:00,AWS-DEL-102,10.5,992.0,90.0,False,,low,0.3,NORMAL,11.6,995.1,88.0,HEALTHY,replay,0.5,0.0
2025-01-17T22:00:00+00:00,AWS-DEL-102,9.9,992.0,91.0,False,,low,0.3,NORMAL,10.6,995.2,89.0,HEALTHY,replay,0.6,0.0
2025-01-17T23:00:00+00:00,AWS-DEL-102,9.2,992.2,94.0,False,,low,0.3,NORMAL,9.9,995.2,92.0,HEALTHY,replay,0.5,0.0
2025-01-18T00:00:00+00:00,AWS-DEL-102,8.4,991.9,97.0,False,,low,0.6,NORMAL,9.6,995.1,94.0,HEALTHY,replay,1.0,0.0
2025-01-18T01:00:00+00:00,AWS-DEL-102,7.2,991.1,100.0,False,,low,0.7,NORMAL,8.7,994.4,96.0,HEALTHY,replay,1.1,0.0
2025-01-18T02:00:00+00:00,AWS-DEL-102,7.1,990.6,100.0,False,,low,0.5,NORMAL,8.1,993.8,97.0,HEALTHY,replay,0.9,0.0
2025-01-18T03:00:00+00:00,AWS-DEL-102,6.3,990.6,100.0,False,,low,0.6,NORMAL,7.8,993.7,98.0,HEALTHY,replay,1.0,0.0
2025-01-18T04:00:00+00:00,AWS-DEL-102,6.3,990.8,100.0,False,,low,0.5,NORMAL,7.7,993.8,99.0,HEALTHY,replay,0.9,0.0
2025-01-18T05:00:00+00:00,AWS-DEL-102,6.1,990.8,100.0,False,,low,1.1,NORMAL,7.8,994.1,99.0,HEALTHY,replay,1.8,0.0
2025-01-18T06:00:00+00:00,AWS-DEL-102,8.0,991.5,100.0,False,,low,3.4,NORMAL,9.5,995.0,99.0,HEALTHY,replay,5.6,0.0
2025-01-18T07:00:00+00:00,AWS-DEL-102,7.9,992.7,100.0,False,,low,0.9,NORMAL,9.7,996.0,99.0,HEALTHY,replay,1.5,0.0
2025-01-18T08:00:00+00:00,AWS-DEL-102,8.6,993.7,100.0,False,,low,1.2,NORMAL,10.0,997.1,98.0,HEALTHY,replay,2.1,0.0
2025-01-18T09:00:00+00:00,AWS-DEL-102,9.7,994.6,97.0,False,,low,1.3,NORMAL,10.8,998.0,96.0,HEALTHY,replay,2.2,0.0
2025-01-18T10:00:00+00:00,AWS-DEL-102,11.8,994.4,91.0,False,,low,1.4,NORMAL,12.8,998.0,86.0,HEALTHY,replay,2.3,0.0
2025-01-18T11:00:00+00:00,AWS-DEL-102,13.0,993.7,86.0,False,,low,1.0,NORMAL,14.6,996.9,81.0,HEALTHY,replay,1.6,0.0
2025-01-18T12:00:00+00:00,AWS-DEL-102,14.8,992.4,78.0,False,,low,2.3,NORMAL,16.0,995.5,76.0,HEALTHY,replay,3.8,0.0
2025-01-18T13:00:00+00:00,AWS-DEL-102,16.6,991.3,69.0,False,,low,3.7,NORMAL,17.5,994.5,67.0,HEALTHY,replay,6.2,0.0
2025-01-18T14:00:00+00:00,AWS-DEL-102,17.2,990.7,64.0,False,,low,3.0,NORMAL,18.3,993.9,61.0,HEALTHY,replay,4.9,0.0
2025-01-18T15:00:00+00:00,AWS-DEL-102,17.2,989.9,61.0,False,,low,2.2,NORMAL,18.3,993.2,60.0,HEALTHY,replay,3.7,0.0
2025-01-18T16:00:00+00:00,AWS-DEL-102,17.0,989.4,63.0,False,,low,1.2,NORMAL,17.7,992.7,62.0,HEALTHY,replay,2.1,0.0
2025-01-18T17:00:00+00:00,AWS-DEL-102,14.8,989.2,76.0,False,,low,1.7,NORMAL,15.4,992.5,74.32,HEALTHY,replay,2.8,0.0
2025-01-18T18:00:00+00:00,AWS-DEL-102,13.7,989.9,85.0,False,,low,1.4,NORMAL,14.2,993.3,81.71,HEALTHY,replay,2.3,0.0
2025-01-18T19:00:00+00:00,AWS-DEL-102,12.4,990.0,89.0,False,,low,1.0,NORMAL,14.0,993.3,84.1,HEALTHY,replay,1.6,0.0
2025-01-18T20:00:00+00:00,AWS-DEL-102,11.6,990.1,92.0,False,,low,0.5,NORMAL,12.5,991.9,87.48,HEALTHY,replay,0.8,0.0
2025-01-18T21:00:00+00:00,AWS-DEL-102,10.8,990.1,95.0,False,,low,0.5,NORMAL,11.5,991.9,90.87,HEALTHY,replay,0.9,0.0
2025-01-18T22:00:00+00:00,AWS-DEL-102,10.0,990.3,99.0,False,,low,0.7,NORMAL,10.5,992.0,96.26,HEALTHY,replay,1.2,0.0
2025-01-18T23:00:00+00:00,AWS-DEL-102,9.4,990.2,100.0,False,,low,0.5,NORMAL,9.9,992.0,96.0,HEALTHY,replay,0.8,0.0
2025-01-19T00:00:00+00:00,AWS-DEL-102,8.3,990.1,100.0,False,,low,0.6,NORMAL,9.3,991.9,97.0,HEALTHY,replay,1.1,0.0
2025-01-19T01:00:00+00:00,AWS-DEL-102,7.5,989.9,99.0,False,,low,0.4,NORMAL,8.8,991.8,99.0,HEALTHY,replay,0.7,0.0
2025-01-19T02:00:00+00:00,AWS-DEL-102,6.9,989.5,100.0,False,,low,0.4,NORMAL,8.4,991.4,100.0,HEALTHY,replay,0.6,0.0
2025-01-19T03:00:00+00:00,AWS-DEL-102,6.7,989.2,100.0,False,,low,0.3,NORMAL,8.6,991.2,100.0,HEALTHY,replay,0.5,0.0
2025-01-19T04:00:00+00:00,AWS-DEL-102,6.9,989.2,100.0,False,,low,0.5,NORMAL,8.3,991.2,100.0,HEALTHY,replay,0.8,0.0
2025-01-19T05:00:00+00:00,AWS-DEL-102,6.9,989.4,100.0,False,,low,0.7,NORMAL,8.2,991.3,99.0,HEALTHY,replay,1.1,0.0
2025-01-19T06:00:00+00:00,AWS-DEL-102,7.6,989.9,100.0,False,,low,1.0,NORMAL,9.3,992.0,100.0,HEALTHY,replay,1.7,0.0
2025-01-19T07:00:00+00:00,AWS-DEL-102,7.4,990.7,100.0,False,,low,0.6,NORMAL,9.4,992.7,99.0,HEALTHY,replay,1.0,0.0
2025-01-19T08:00:00+00:00,AWS-DEL-102,9.1,991.3,98.0,False,,low,0.7,NORMAL,10.3,993.3,97.0,HEALTHY,replay,1.2,0.0
2025-01-19T09:00:00+00:00,AWS-DEL-102,12.3,992.3,95.0,False,,low,2.4,NORMAL,11.8,994.2,98.0,HEALTHY,replay,4.0,0.0
2025-01-19T10:00:00+00:00,AWS-DEL-102,15.9,992.8,82.0,False,,low,7.9,NORMAL,14.0,994.6,97.0,HEALTHY,replay,13.2,0.0
2025-01-19T11:00:00+00:00,AWS-DEL-102,18.6,992.5,71.0,False,,low,23.4,NORMAL,16.5,994.3,87.0,HEALTHY,replay,38.9,0.0
2025-01-19T12:00:00+00:00,AWS-DEL-102,20.3,991.6,65.0,False,,low,13.2,NORMAL,19.0,993.4,71.0,HEALTHY,replay,21.9,0.0
2025-01-19T13:00:00+00:00,AWS-DEL-102,21.4,990.3,62.0,False,,low,7.8,NORMAL,20.8,992.1,63.0,HEALTHY,replay,13.0,0.0
2025-01-19T14:00:00+00:00,AWS-DEL-102,21.9,989.5,61.0,False,,low,9.1,NORMAL,21.6,991.2,62.0,HEALTHY,replay,15.1,0.0
2025-01-19T15:00:00+00:00,AWS-DEL-102,21.7,988.8,63.0,False,,low,7.0,NORMAL,21.8,990.6,61.0,HEALTHY,replay,11.7,0.0
2025-01-19T16:00:00+00:00,AWS-DEL-102,20.8,988.5,69.0,False,,low,2.8,NORMAL,21.1,990.2,68.0,HEALTHY,replay,4.7,0.0
2025-01-19T17:00:00+00:00,AWS-DEL-102,18.9,988.3,81.0,False,,low,8.3,NORMAL,18.3,989.9,78.0,HEALTHY,replay,13.8,0.0
2025-01-19T18:00:00+00:00,AWS-DEL-102,17.8,988.7,84.0,False,,low,1.4,NORMAL,17.4,990.4,83.0,HEALTHY,replay,2.3,0.0
2025-01-19T19:00:00+00:00,AWS-DEL-102,17.0,988.7,87.0,False,,low,1.4,NORMAL,16.9,990.4,84.0,HEALTHY,replay,2.4,0.0
2025-01-19T20:00:00+00:00,AWS-DEL-102,16.3,989.1,89.0,False,,low,0.9,NORMAL,16.1,990.8,87.0,HEALTHY,replay,1.5,0.0
2025-01-19T21:00:00+00:00,AWS-DEL-102,15.3,989.2,92.0,False,,low,0.8,NORMAL,15.3,990.9,88.0,HEALTHY,replay,1.3,0.0
2025-01-19T22:00:00+00:00,AWS-DEL-102,14.4,989.1,96.0,False,,low,1.1,NORMAL,14.5,990.8,90.0,HEALTHY,replay,1.8,0.0
2025-01-19T23:00:00+00:00,AWS-DEL-102,13.1,988.8,100.0,False,,low,1.3,NORMAL,14.0,990.5,90.0,HEALTHY,replay,2.2,0.0
2025-01-20T00:00:00+00:00,AWS-DEL-102,12.4,988.3,100.0,False,,low,1.5,NORMAL,13.8,990.1,91.0,HEALTHY,replay,2.5,0.0
2025-01-20T01:00:00+00:00,AWS-DEL-102,12.0,987.9,100.0,False,,low,1.9,NORMAL,13.5,989.6,91.0,HEALTHY,replay,3.2,0.0
2025-01-20T02:00:00+00:00,AWS-DEL-102,11.4,987.6,100.0,False,,low,1.4,NORMAL,13.1,989.3,92.0,HEALTHY,replay,2.3,0.0
2025-01-20T03:00:00+00:00,AWS-DEL-102,11.2,987.4,100.0,False,,low,2.3,NORMAL,12.7,989.2,92.0,HEALTHY,replay,3.9,0.0
2025-01-20T04:00:00+00:00,AWS-DEL-102,10.9,987.2,100.0,False,,low,3.4,NORMAL,12.4,988.9,93.0,HEALTHY,replay,5.7,0.0
2025-01-20T05:00:00+00:00,AWS-DEL-102,10.7,987.3,100.0,False,,low,2.3,NORMAL,12.2,989.0,94.0,HEALTHY,replay,3.8,0.0
2025-01-20T06:00:00+00:00,AWS-DEL-102,10.0,988.3,100.0,False,,low,0.7,NORMAL,12.3,990.0,93.0,HEALTHY,replay,1.1,0.0
2025-01-20T07:00:00+00:00,AWS-DEL-102,10.0,988.9,100.0,False,,low,0.8,NORMAL,12.1,990.6,94.0,HEALTHY,replay,1.3,0.0
2025-01-20T08:00:00+00:00,AWS-DEL-102,10.7,989.5,98.0,False,,low,0.5,NORMAL,13.4,991.2,90.0,HEALTHY,replay,0.8,0.0
2025-01-20T09:00:00+00:00,AWS-DEL-102,12.4,990.6,97.0,False,,low,0.7,NORMAL,15.4,992.0,86.0,HEALTHY,replay,1.1,0.0
2025-01-20T10:00:00+00:00,AWS-DEL-102,14.8,991.1,92.0,False,,low,1.1,NORMAL,17.7,992.4,79.0,HEALTHY,replay,1.9,0.0
2025-01-20T11:00:00+00:00,AWS-DEL-102,17.5,990.8,82.0,False,,low,2.1,NORMAL,19.8,992.3,72.0,HEALTHY,replay,3.6,0.0
2025-01-20T12:00:00+00:00,AWS-DEL-102,19.4,990.1,75.0,False,,low,2.4,NORMAL,21.3,991.5,66.0,HEALTHY,replay,4.0,0.0
2025-01-20T13:00:00+00:00,AWS-DEL-102,20.8,989.0,71.0,False,,low,2.3,NORMAL,22.2,990.5,63.0,HEALTHY,replay,3.8,0.0
2025-01-20T14:00:00+00:00,AWS-DEL-102,21.6,988.1,68.0,False,,low,4.0,NORMAL,22.6,989.6,61.0,HEALTHY,replay,6.7,0.0
2025-01-20T15:00:00+00:00,AWS-DEL-102,21.7,987.5,67.0,False,,low,3.0,NORMAL,22.5,989.0,61.0,HEALTHY,replay,5.0,0.0
2025-01-20T16:00:00+00:00,AWS-DEL-102,20.9,987.4,72.0,False,,low,1.5,NORMAL,21.6,988.8,65.0,HEALTHY,replay,2.4,0.0
2025-01-20T17:00:00+00:00,AWS-DEL-102,19.0,987.0,81.0,False,,low,1.5,NORMAL,19.5,988.7,75.0,HEALTHY,replay,2.4,0.0
2025-01-20T18:00:00+00:00,AWS-DEL-102,17.8,987.3,84.0,False,,low,0.4,NORMAL,18.3,988.9,81.0,HEALTHY,replay,0.7,0.0
2025-01-20T19:00:00+00:00,AWS-DEL-102,16.6,987.6,87.0,False,,low,0.2,NORMAL,17.4,989.2,84.0,HEALTHY,replay,0.4,0.0
2025-01-20T20:00:00+00:00,AWS-DEL-102,15.7,987.8,88.0,False,,low,0.3,NORMAL,16.8,989.39,89.0,HEALTHY,replay,0.5,0.0
2025-01-20T21:00:00+00:00,AWS-DEL-102,14.8,988.1,90.0,False,,low,0.1,NORMAL,16.2,989.71,91.0,HEALTHY,replay,0.2,0.0
2025-01-20T22:00:00+00:00,AWS-DEL-102,14.0,988.1,93.0,False,,low,0.1,NORMAL,15.7,990.03,91.0,HEALTHY,replay,0.2,0.0
2025-01-20T23:00:00+00:00,AWS-DEL-102,13.5,988.0,95.0,False,,low,0.2,NORMAL,15.1,989.7,90.0,HEALTHY,replay,0.3,0.0
2025-01-21T00:00:00+00:00,AWS-DEL-102,12.9,987.4,96.0,False,,low,0.3,NORMAL,14.4,989.1,91.0,HEALTHY,replay,0.4,0.0
2025-01-21T01:00:00+00:00,AWS-DEL-102,12.4,987.3,96.0,False,,low,0.2,NORMAL,14.0,989.0,91.0,HEALTHY,replay,0.3,0.0
2025-01-21T02:00:00+00:00,AWS-DEL-102,11.9,986.8,97.0,False,,low,0.1,NORMAL,13.5,988.5,91.0,HEALTHY,replay,0.2,0.0
2025-01-21T03:00:00+00:00,AWS-DEL-102,11.6,986.7,97.0,False,,low,0.1,NORMAL,13.1,988.4,91.0,HEALTHY,replay,0.2,0.0
2025-01-21T04:00:00+00:00,AWS-DEL-102,11.0,986.5,98.0,False,,low,0.1,NORMAL,12.7,988.0,91.0,HEALTHY,replay,0.2,0.0
2025-01-21T05:00:00+00:00,AWS-DEL-102,10.6,986.3,98.0,False,,low,0.2,NORMAL,11.9,987.9,92.0,HEALTHY,replay,0.4,0.0
2025-01-21T06:00:00+00:00,AWS-DEL-102,10.0,986.9,97.0,False,,low,0.2,NORMAL,11.4,988.5,90.0,HEALTHY,replay,0.3,0.0
2025-01-21T07:00:00+00:00,AWS-DEL-102,9.7,987.5,97.0,False,,low,0.2,NORMAL,11.1,989.1,91.0,HEALTHY,replay,0.3,0.0
2025-01-21T08:00:00+00:00,AWS-DEL-102,11.0,988.4,94.0,False,,low,0.2,NORMAL,12.9,990.1,85.0,HEALTHY,replay,0.3,0.0
2025-01-21T09:00:00+00:00,AWS-DEL-102,13.4,989.2,89.0,False,,low,0.5,NORMAL,14.9,990.6,81.0,HEALTHY,replay,0.9,0.0
2025-01-21T10:00:00+00:00,AWS-DEL-102,16.0,989.7,80.0,False,,low,0.8,NORMAL,17.3,991.2,73.0,HEALTHY,replay,1.4,0.0
2025-01-21T11:00:00+00:00,AWS-DEL-102,18.4,989.6,70.0,False,,low,1.7,NORMAL,19.3,991.0,64.0,HEALTHY,replay,2.8,0.0
2025-01-21T12:00:00+00:00,AWS-DEL-102,20.2,988.4,62.0,False,,low,2.3,NORMAL,20.9,989.9,56.0,HEALTHY,replay,3.9,0.0
2025-01-21T13:00:00+00:00,AWS-DEL-102,21.2,987.4,56.0,False,,low,3.4,NORMAL,21.9,988.9,53.0,HEALTHY,replay,5.6,0.0
2025-01-21T14:00:00+00:00,AWS-DEL-102,21.6,986.7,54.0,False,,low,3.0,NORMAL,22.3,988.3,51.0,HEALTHY,replay,4.9,0.0
2025-01-21T15:00:00+00:00,AWS-DEL-102,21.4,986.1,54.0,False,,low,1.5,NORMAL,22.1,987.7,53.0,HEALTHY,replay,2.6,0.0
2025-01-21T16:00:00+00:00,AWS-DEL-102,20.4,985.9,63.0,False,,low,0.7,NORMAL,21.1,987.4,58.0,HEALTHY,replay,1.2,0.0
2025-01-21T17:00:00+00:00,AWS-DEL-102,18.3,985.6,73.0,False,,low,1.2,NORMAL,19.0,987.2,69.0,HEALTHY,replay,2.1,0.0
2025-01-21T18:00:00+00:00,AWS-DEL-102,17.0,985.8,78.0,False,,low,0.3,NORMAL,17.6,987.4,74.0,HEALTHY,replay,0.5,0.0
2025-01-21T19:00:00+00:00,AWS-DEL-102,15.7,986.4,83.0,False,,low,0.3,NORMAL,16.6,987.5,79.0,HEALTHY,replay,0.5,0.0
2025-01-21T20:00:00+00:00,AWS-DEL-102,14.6,986.9,85.0,False,,low,0.2,NORMAL,15.8,988.6,82.0,HEALTHY,replay,0.3,0.0
2025-01-21T21:00:00+00:00,AWS-DEL-102,13.9,987.3,86.0,False,,low,0.1,NORMAL,15.1,989.0,83.0,HEALTHY,replay,0.2,0.0
2025-01-21T22:00:00+00:00,AWS-DEL-102,13.2,987.2,87.0,False,,low,0.1,NORMAL,14.4,988.8,85.0,HEALTHY,replay,0.2,0.0
2025-01-21T23:00:00+00:00,AWS-DEL-102,12.7,986.9,88.0,False,,low,0.1,NORMAL,13.7,988.6,85.0,HEALTHY,replay,0.2,0.0
2025-01-22T00:00:00+00:00,AWS-DEL-102,12.1,986.6,89.0,False,,low,0.2,NORMAL,13.1,988.3,86.0,HEALTHY,replay,0.3,0.0
2025-01-22T01:00:00+00:00,AWS-DEL-102,11.6,986.5,90.0,False,,low,0.2,NORMAL,12.6,988.3,89.0,HEALTHY,replay,0.4,0.0
2025-01-22T02:00:00+00:00,AWS-DEL-102,11.3,986.2,92.0,False,,low,0.1,NORMAL,12.2,987.9,91.0,HEALTHY,replay,0.2,0.0
2025-01-22T03:00:00+00:00,AWS-DEL-102,11.0,985.9,94.0,False,,low,0.1,NORMAL,11.9,987.6,93.0,HEALTHY,replay,0.2,0.0
2025-01-22T04:00:00+00:00,AWS-DEL-102,9.5,985.5,97.0,False,,low,0.1,NORMAL,11.3,987.3,93.0,HEALTHY,replay,0.2,0.0
2025-01-22T05:00:00+00:00,AWS-DEL-102,8.9,985.7,98.0,False,,low,0.2,NORMAL,10.7,987.4,93.0,HEALTHY,replay,0.4,0.0
2025-01-22T06:00:00+00:00,AWS-DEL-102,8.2,986.4,100.0,False,,low,0.2,NORMAL,10.5,988.2,94.0,HEALTHY,replay,0.3,0.0
2025-01-22T07:00:00+00:00,AWS-DEL-102,8.0,986.9,100.0,False,,low,0.2,NORMAL,10.3,988.7,94.0,HEALTHY,replay,0.4,0.0
2025-01-22T08:00:00+00:00,AWS-DEL-102,10.2,987.7,99.0,False,,low,0.8,NORMAL,12.1,989.5,91.0,HEALTHY,replay,1.3,0.0
2025-01-22T09:00:00+00:00,AWS-DEL-102,13.4,988.5,92.0,False,,low,1.4,NORMAL,14.6,990.2,85.0,HEALTHY,replay,2.4,0.0
2025-01-22T10:00:00+00:00,AWS-DEL-102,16.5,989.0,79.0,False,,low,3.7,NORMAL,17.3,990.6,75.0,HEALTHY,replay,6.2,0.0
2025-01-22T11:00:00+00:00,AWS-DEL-102,19.1,988.7,69.0,False,,low,4.5,NORMAL,19.9,990.3,67.0,HEALTHY,replay,7.5,0.0
2025-01-22T12:00:00+00:00,AWS-DEL-102,20.9,987.8,63.0,False,,low,1.8,NORMAL,21.8,989.4,57.0,HEALTHY,replay,3.1,0.0
2025-01-22T13:00:00+00:00,AWS-DEL-102,22.0,986.7,56.0,False,,low,2.9,NORMAL,22.9,988.3,49.0,HEALTHY,replay,4.8,0.0
2025-01-22T14:00:00+00:00,AWS-DEL-102,22.5,985.9,52.0,False,,low,4.2,NORMAL,23.3,987.6,45.0,HEALTHY,replay,7.0,0.0
2025-01-22T15:00:00+00:00,AWS-DEL-102,22.4,985.5,52.0,False,,low,1.7,NORMAL,23.2,987.1,45.0,HEALTHY,replay,2.8,0.0
2025-01-22T16:00:00+00:00,AWS-DEL-102,21.5,985.3,60.0,False,,low,1.2,NORMAL,22.3,986.9,55.0,HEALTHY,replay,1.9,0.0
2025-01-22T17:00:00+00:00,AWS-DEL-102,19.4,985.2,71.0,False,,low,1.5,NORMAL,20.0,986.8,65.0,HEALTHY,replay,2.5,0.0
2025-01-22T18:00:00+00:00,AWS-DEL-102,17.5,985.9,78.0,False,,low,0.7,NORMAL,18.6,987.6,66.0,HEALTHY,replay,1.1,0.0
2025-01-22T19:00:00+00:00,AWS-DEL-102,16.8,986.5,78.0,False,,low,0.2,NORMAL,17.8,988.1,73.0,HEALTHY,replay,0.4,0.0
2025-01-22T20:00:00+00:00,AWS-DEL-102,16.4,987.1,78.0,False,,low,0.2,NORMAL,16.8,988.7,76.0,HEALTHY,replay,0.3,0.0
2025-01-22T21:00:00+00:00,AWS-DEL-102,15.4,987.3,83.0,False,,low,0.1,NORMAL,16.0,989.0,77.0,HEALTHY,replay,0.2,0.0
2025-01-22T22:00:00+00:00,AWS-DEL-102,15.1,987.3,83.0,False,,low,0.2,NORMAL,15.4,989.0,79.0,HEALTHY,replay,0.3,0.0
2025-01-22T23:00:00+00:00,AWS-DEL-102,14.7,987.3,86.0,False,,low,0.2,NORMAL,14.5,989.1,83.0,HEALTHY,replay,0.3,0.0
2025-01-23T00:00:00+00:00,AWS-DEL-102,14.4,987.7,86.0,False,,low,0.5,NORMAL,14.1,989.4,84.0,HEALTHY,replay,0.9,0.0
2025-01-23T01:00:00+00:00,AWS-DEL-102,13.8,987.4,87.0,False,,low,0.7,NORMAL,14.9,989.4,86.0,HEALTHY,replay,1.2,0.0
2025-01-23T02:00:00+00:00,AWS-DEL-102,13.4,987.5,88.0,False,,low,0.6,NORMAL,13.9,988.7,88.0,HEALTHY,replay,1.0,0.0
2025-01-23T03:00:00+00:00,AWS-DEL-102,13.0,986.7,95.0,False,,low,0.5,NORMAL,13.5,988.7,88.0,HEALTHY,replay,0.8,0.0
2025-01-23T04:00:00+00:00,AWS-DEL-102,12.5,986.5,96.0,False,,low,0.7,NORMAL,13.5,988.0,90.0,HEALTHY,replay,1.1,0.0
2025-01-23T05:00:00+00:00,AWS-DEL-102,11.8,986.4,97.0,False,,low,0.6,NORMAL,12.7,988.1,91.0,HEALTHY,replay,1.0,0.0
2025-01-23T06:00:00+00:00,AWS-DEL-102,11.4,987.3,98.0,False,,low,0.5,NORMAL,13.0,989.0,96.0,HEALTHY,replay,0.9,0.0
2025-01-23T07:00:00+00:00,AWS-DEL-102,10.7,988.0,99.0,False,,low,0.6,NORMAL,11.9,989.5,95.0,HEALTHY,replay,1.0,0.0
2025-01-23T08:00:00+00:00,AWS-DEL-102,12.5,988.9,97.0,False,,low,0.9,NORMAL,13.5,990.5,91.0,HEALTHY,replay,1.4,0.0
2025-01-23T09:00:00+00:00,AWS-DEL-102,14.6,989.9,92.0,False,,low,0.7,NORMAL,15.3,991.5,87.0,HEALTHY,replay,1.1,0.0
2025-01-23T10:00:00+00:00,AWS-DEL-102,17.1,990.7,79.0,False,,low,2.9,NORMAL,17.7,992.3,77.0,HEALTHY,replay,4.9,0.0
2025-01-23T11:00:00+00:00,AWS-DEL-102,19.0,990.5,69.0,False,,low,1.6,NORMAL,19.8,992.0,66.0,HEALTHY,replay,2.7,0.0
2025-01-23T12:00:00+00:00,AWS-DEL-102,20.4,989.6,61.0,False,,low,1.4,NORMAL,21.3,992.5,55.0,HEALTHY,replay,2.3,0.0
2025-01-23T13:00:00+00:00,AWS-DEL-102,21.3,988.9,53.0,False,,low,1.7,NORMAL,22.3,990.4,45.0,HEALTHY,replay,2.8,0.0
2025-01-23T14:00:00+00:00,AWS-DEL-102,21.5,988.3,47.0,False,,low,2.2,NORMAL,22.6,989.8,37.0,HEALTHY,replay,3.6,0.0
2025-01-23T15:00:00+00:00,AWS-DEL-102,21.3,988.0,43.0,False,,low,2.4,NORMAL,22.2,989.5,36.0,HEALTHY,replay,4.0,0.0
2025-01-23T16:00:00+00:00,AWS-DEL-102,20.3,987.8,53.0,False,,low,1.0,NORMAL,20.8,989.4,47.0,HEALTHY,replay,1.6,0.0
2025-01-23T17:00:00+00:00,AWS-DEL-102,18.1,987.9,63.0,False,,low,0.7,NORMAL,18.6,989.5,56.0,HEALTHY,replay,1.1,0.0
2025-01-23T18:00:00+00:00,AWS-DEL-102,16.4,988.1,68.0,False,,low,0.5,NORMAL,16.2,991.0,62.0,HEALTHY,replay,0.9,0.0
2025-01-23T19:00:00+00:00,AWS-DEL-102,15.2,988.9,70.0,False,,low,0.6,NORMAL,16.1,990.0,66.0,HEALTHY,replay,1.1,0.0
2025-01-23T20:00:00+00:00,AWS-DEL-102,14.3,989.2,73.0,False,,low,0.4,NORMAL,15.1,990.4,67.0,HEALTHY,replay,0.7,0.0
2025-01-23T21:00:00+00:00,AWS-DEL-102,13.7,989.4,74.0,False,,low,0.2,NORMAL,14.0,992.6,68.0,HEALTHY,replay,0.4,0.0
2025-01-23T22:00:00+00:00,AWS-DEL-102,13.1,989.5,76.0,False,,low,0.2,NORMAL,13.6,992.5,71.0,HEALTHY,replay,0.3,0.0
2025-01-23T23:00:00+00:00,AWS-DEL-102,12.6,989.3,77.0,False,,low,0.2,NORMAL,13.4,991.0,72.0,HEALTHY,replay,0.3,0.0
2025-01-24T00:00:00+00:00,AWS-DEL-102,12.2,988.8,77.0,False,,low,0.3,NORMAL,12.8,990.4,74.0,HEALTHY,replay,0.5,0.0
2025-01-24T01:00:00+00:00,AWS-DEL-102,11.5,988.4,79.0,False,,low,0.1,NORMAL,12.1,990.0,76.0,HEALTHY,replay,0.2,0.0
2025-01-24T02:00:00+00:00,AWS-DEL-102,10.9,987.7,81.0,False,,low,0.1,NORMAL,11.6,989.4,77.0,HEALTHY,replay,0.2,0.0
2025-01-24T03:00:00+00:00,AWS-DEL-102,10.3,987.6,84.0,False,,low,0.1,NORMAL,11.2,989.1,78.0,HEALTHY,replay,0.2,0.0
2025-01-24T04:00:00+00:00,AWS-DEL-102,9.6,987.5,87.0,False,,low,0.2,NORMAL,10.8,989.0,79.0,HEALTHY,replay,0.3,0.0
2025-01-24T05:00:00+00:00,AWS-DEL-102,9.1,987.6,89.0,False,,low,0.2,NORMAL,10.6,989.2,80.0,HEALTHY,replay,0.4,0.0
2025-01-24T06:00:00+00:00,AWS-DEL-102,9.3,988.2,92.0,False,,low,0.5,NORMAL,10.8,989.7,85.0,HEALTHY,replay,0.8,0.0
2025-01-24T07:00:00+00:00,AWS-DEL-102,9.0,989.1,92.0,False,,low,0.4,NORMAL,10.7,990.6,84.0,HEALTHY,replay,0.7,0.0
2025-01-24T08:00:00+00:00,AWS-DEL-102,10.3,989.8,88.0,False,,low,0.5,NORMAL,12.0,991.3,79.0,HEALTHY,replay,0.9,0.0
2025-01-24T09:00:00+00:00,AWS-DEL-102,12.8,990.6,80.0,False,,low,1.2,NORMAL,14.0,992.2,73.0,HEALTHY,replay,1.9,0.0
2025-01-24T10:00:00+00:00,AWS-DEL-102,15.4,991.0,72.0,False,,low,1.4,NORMAL,16.3,992.4,66.0,HEALTHY,replay,2.4,0.0
2025-01-24T11:00:00+00:00,AWS-DEL-102,17.6,990.8,65.0,False,,low,1.3,NORMAL,18.4,992.1,58.0,HEALTHY,replay,2.1,0.0
2025-01-24T12:00:00+00:00,AWS-DEL-102,19.2,989.9,57.0,False,,low,0.9,NORMAL,20.1,991.4,50.0,HEALTHY,replay,1.5,0.0
2025-01-24T13:00:00+00:00,AWS-DEL-102,20.1,988.9,49.0,False,,low,1.5,NORMAL,21.2,990.4,42.0,HEALTHY,replay,2.5,0.0
2025-01-24T14:00:00+00:00,AWS-DEL-102,20.4,988.4,44.0,False,,low,1.4,NORMAL,21.5,989.8,38.0,HEALTHY,replay,2.3,0.0
2025-01-24T15:00:00+00:00,AWS-DEL-102,20.1,988.0,44.0,False,,low,0.4,NORMAL,21.2,989.4,38.0,HEALTHY,replay,0.7,0.0
2025-01-24T16:00:00+00:00,AWS-DEL-102,19.2,987.7,53.0,False,,low,0.4,NORMAL,20.1,989.2,44.0,HEALTHY,replay,0.6,0.0
2025-01-24T17:00:00+00:00,AWS-DEL-102,17.1,987.7,62.0,False,,low,0.5,NORMAL,18.0,989.2,53.0,HEALTHY,replay,0.8,0.0
2025-01-24T18:00:00+00:00,AWS-DEL-102,15.8,988.0,63.0,False,,low,0.2,NORMAL,17.0,989.6,59.0,HEALTHY,replay,0.4,0.0
2025-01-24T19:00:00+00:00,AWS-DEL-102,14.6,988.4,66.0,False,,low,0.3,NORMAL,15.9,989.9,65.0,HEALTHY,replay,0.6,0.0
2025-01-24T20:00:00+00:00,AWS-DEL-102,13.6,988.6,69.0,False,,low,0.1,NORMAL,15.1,990.2,69.0,HEALTHY,replay,0.2,0.0
2025-01-24T21:00:00+00:00,AWS-DEL-102,12.8,988.8,71.0,False,,low,0.1,NORMAL,14.2,990.4,71.0,HEALTHY,replay,0.2,0.0
2025-01-24T22:00:00+00:00,AWS-DEL-102,12.0,988.8,73.0,False,,low,0.1,NORMAL,13.6,990.3,73.0,HEALTHY,replay,0.2,0.0
2025-01-24T23:00:00+00:00,AWS-DEL-102,11.3,988.3,75.0,False,,low,0.2,NORMAL,12.9,989.9,73.0,HEALTHY,replay,0.3,0.0
2025-01-25T00:00:00+00:00,AWS-DEL-102,10.6,988.0,75.0,False,,low,0.2,NORMAL,12.3,989.6,72.0,HEALTHY,replay,0.4,0.0
2025-01-25T01:00:00+00:00,AWS-DEL-102,10.0,987.7,76.0,False,,low,0.2,NORMAL,11.8,989.3,72.0,HEALTHY,replay,0.3,0.0
2025-01-25T02:00:00+00:00,AWS-DEL-102,9.6,987.3,77.0,False,,low,0.1,NORMAL,11.3,988.8,73.0,HEALTHY,replay,0.2,0.0
2025-01-25T03:00:00+00:00,AWS-DEL-102,9.0,987.1,78.0,False,,low,0.1,NORMAL,11.0,988.7,73.0,HEALTHY,replay,0.2,0.0
2025-01-25T04:00:00+00:00,AWS-DEL-102,8.5,987.1,78.0,False,,low,0.2,NORMAL,10.5,988.5,74.0,HEALTHY,replay,0.4,0.0
2025-01-25T05:00:00+00:00,AWS-DEL-102,8.1,987.3,78.0,False,,low,0.4,NORMAL,10.1,988.8,73.0,HEALTHY,replay,0.6,0.0
2025-01-25T06:00:00+00:00,AWS-DEL-102,8.0,987.8,82.0,False,,low,0.7,NORMAL,9.9,989.2,78.0,HEALTHY,replay,1.1,0.0
2025-01-25T07:00:00+00:00,AWS-DEL-102,7.6,988.5,81.0,False,,low,0.3,NORMAL,9.7,990.0,77.0,HEALTHY,replay,0.5,0.0
2025-01-25T08:00:00+00:00,AWS-DEL-102,9.0,989.2,75.0,False,,low,0.5,NORMAL,11.0,990.7,71.0,HEALTHY,replay,0.9,0.0
2025-01-25T09:00:00+00:00,AWS-DEL-102,11.5,990.2,68.0,False,,low,1.6,NORMAL,13.0,991.6,65.0,HEALTHY,replay,2.6,0.0
2025-01-25T10:00:00+00:00,AWS-DEL-102,14.0,990.9,61.0,False,,low,5.3,NORMAL,15.3,992.4,58.0,HEALTHY,replay,8.8,0.0
2025-01-25T11:00:00+00:00,AWS-DEL-102,16.4,990.4,55.0,False,,low,2.2,NORMAL,17.5,992.38,52.0,HEALTHY,replay,3.6,0.0
2025-01-25T12:00:00+00:00,AWS-DEL-102,18.3,989.5,51.0,False,,low,1.3,NORMAL,19.4,992.36,45.0,HEALTHY,replay,2.1,0.0
2025-01-25T13:00:00+00:00,AWS-DEL-102,19.5,988.4,46.0,False,,low,1.5,NORMAL,20.6,991.4,40.0,HEALTHY,replay,2.5,0.0
2025-01-25T14:00:00+00:00,AWS-DEL-102,20.0,987.7,44.0,False,,low,1.1,NORMAL,21.2,990.6,37.0,HEALTHY,replay,1.8,0.0
2025-01-25T15:00:00+00:00,AWS-DEL-102,19.9,987.4,46.0,False,,low,0.9,NORMAL,21.1,990.3,37.0,HEALTHY,replay,1.6,0.0
2025-01-25T16:00:00+00:00,AWS-DEL-102,19.0,987.2,54.0,False,,low,0.6,NORMAL,20.1,990.1,43.0,HEALTHY,replay,1.0,0.0
2025-01-25T17:00:00+00:00,AWS-DEL-102,16.9,987.1,64.0,False,,low,0.7,NORMAL,17.1,988.7,56.0,HEALTHY,replay,1.2,0.0
2025-01-25T18:00:00+00:00,AWS-DEL-102,15.9,987.4,69.0,False,,low,0.3,NORMAL,15.9,989.0,59.0,HEALTHY,replay,0.6,0.0
2025-01-25T19:00:00+00:00,AWS-DEL-102,14.6,988.0,70.0,False,,low,0.2,NORMAL,15.1,989.6,61.0,HEALTHY,replay,0.3,0.0
2025-01-25T20:00:00+00:00,AWS-DEL-102,13.3,988.2,71.0,False,,low,0.1,NORMAL,14.5,989.9,63.0,HEALTHY,replay,0.2,0.0
2025-01-25T21:00:00+00:00,AWS-DEL-102,12.3,988.4,71.0,False,,low,0.1,NORMAL,13.7,990.1,65.0,HEALTHY,replay,0.2,0.0
2025-01-25T22:00:00+00:00,AWS-DEL-102,11.4,988.4,72.0,False,,low,0.1,NORMAL,13.0,990.1,68.0,HEALTHY,replay,0.2,0.0
2025-01-25T23:00:00+00:00,AWS-DEL-102,10.6,988.2,72.0,False,,low,0.1,NORMAL,12.1,989.9,70.0,HEALTHY,replay,0.2,0.0
2025-01-26T00:00:00+00:00,AWS-DEL-102,9.9,987.5,73.0,False,,low,0.2,NORMAL,11.6,989.2,71.0,HEALTHY,replay,0.3,0.0
2025-01-26T01:00:00+00:00,AWS-DEL-102,9.3,987.3,74.0,False,,low,0.1,NORMAL,10.9,989.0,73.0,HEALTHY,replay,0.2,0.0
2025-01-26T02:00:00+00:00,AWS-DEL-102,8.7,986.9,75.0,False,,low,0.1,NORMAL,10.4,988.6,73.0,HEALTHY,replay,0.2,0.0
2025-01-26T03:00:00+00:00,AWS-DEL-102,8.2,986.7,77.0,False,,low,0.1,NORMAL,10.0,988.4,74.0,HEALTHY,replay,0.2,0.0
2025-01-26T04:00:00+00:00,AWS-DEL-102,7.7,986.7,78.0,False,,low,0.2,NORMAL,9.6,988.4,76.0,HEALTHY,replay,0.3,0.0
2025-01-26T05:00:00+00:00,AWS-DEL-102,7.2,987.0,79.0,False,,low,0.4,NORMAL,9.1,988.5,79.0,HEALTHY,replay,0.6,0.0
2025-01-26T06:00:00+00:00,AWS-DEL-102,6.8,987.8,84.0,False,,low,0.2,NORMAL,8.5,989.4,84.0,HEALTHY,replay,0.4,0.0
2025-01-26T07:00:00+00:00,AWS-DEL-102,6.4,988.2,82.0,False,,low,0.3,NORMAL,8.2,990.0,84.0,HEALTHY,replay,0.5,0.0
2025-01-26T08:00:00+00:00,AWS-DEL-102,8.0,989.4,75.0,False,,low,0.4,NORMAL,10.4,991.0,76.0,HEALTHY,replay,0.7,0.0
2025-01-26T09:00:00+00:00,AWS-DEL-102,10.9,990.3,67.0,False,,low,1.5,NORMAL,12.7,991.9,68.0,HEALTHY,replay,2.5,0.0
2025-01-26T10:00:00+00:00,AWS-DEL-102,13.9,991.0,59.0,False,,low,4.1,NORMAL,15.4,992.5,57.0,HEALTHY,replay,6.8,0.0
2025-01-26T11:00:00+00:00,AWS-DEL-102,16.5,990.5,54.0,False,,low,2.2,NORMAL,17.7,992.0,49.0,HEALTHY,replay,3.7,0.0
2025-01-26T12:00:00+00:00,AWS-DEL-102,18.3,989.2,48.0,False,,low,2.0,NORMAL,19.4,990.8,41.0,HEALTHY,replay,3.4,0.0
2025-01-26T13:00:00+00:00,AWS-DEL-102,19.4,988.1,46.0,False,,low,1.8,NORMAL,20.6,989.6,36.0,HEALTHY,replay,3.0,0.0
2025-01-26T14:00:00+00:00,AWS-DEL-102,19.9,987.4,44.0,False,,low,1.3,NORMAL,21.2,988.9,34.0,HEALTHY,replay,2.2,0.0
2025-01-26T15:00:00+00:00,AWS-DEL-102,19.8,987.0,46.0,False,,low,0.9,NORMAL,21.2,988.5,34.0,HEALTHY,replay,1.6,0.0
2025-01-26T16:00:00+00:00,AWS-DEL-102,19.1,986.8,52.0,False,,low,0.5,NORMAL,20.3,988.3,42.0,HEALTHY,replay,0.9,0.0
2025-01-26T17:00:00+00:00,AWS-DEL-102,17.0,986.4,65.0,False,,low,1.1,NORMAL,17.4,988.0,56.0,HEALTHY,replay,1.8,0.0
2025-01-26T18:00:00+00:00,AWS-DEL-102,15.8,986.6,70.0,False,,low,0.4,NORMAL,15.7,988.2,60.0,HEALTHY,replay,0.6,0.0
2025-01-26T19:00:00+00:00,AWS-DEL-102,14.4,987.0,72.0,False,,low,0.3,NORMAL,14.7,988.6,62.0,HEALTHY,replay,0.5,0.0
2025-01-26T20:00:00+00:00,AWS-DEL-102,12.7,987.1,77.0,False,,low,0.4,NORMAL,13.8,988.9,67.0,HEALTHY,replay,0.6,0.0
2025-01-26T21:00:00+00:00,AWS-DEL-102,11.4,987.3,79.0,False,,low,0.4,NORMAL,12.9,989.0,70.0,HEALTHY,replay,0.7,0.0
2025-01-26T22:00:00+00:00,AWS-DEL-102,10.4,987.6,81.0,False,,low,0.3,NORMAL,12.3,989.2,71.0,HEALTHY,replay,0.5,0.0
2025-01-26T23:00:00+00:00,AWS-DEL-102,9.5,987.3,83.0,False,,low,0.2,NORMAL,11.7,989.1,71.0,HEALTHY,replay,0.3,0.0
2025-01-27T00:00:00+00:00,AWS-DEL-102,9.1,987.0,84.0,False,,low,0.2,NORMAL,11.1,988.7,73.0,HEALTHY,replay,0.4,0.0
2025-01-27T01:00:00+00:00,AWS-DEL-102,8.4,986.6,85.0,False,,low,0.2,NORMAL,10.5,988.4,74.0,HEALTHY,replay,0.4,0.0
2025-01-27T02:00:00+00:00,AWS-DEL-102,7.6,986.2,85.0,False,,low,0.2,NORMAL,9.9,988.0,76.0,HEALTHY,replay,0.4,0.0
2025-01-27T03:00:00+00:00,AWS-DEL-102,7.2,985.9,84.0,False,,low,0.2,NORMAL,9.2,987.7,78.0,HEALTHY,replay,0.3,0.0
2025-01-27T04:00:00+00:00,AWS-DEL-102,6.9,985.8,83.0,False,,low,0.3,NORMAL,8.8,987.5,80.0,HEALTHY,replay,0.5,0.0
2025-01-27T05:00:00+00:00,AWS-DEL-102,6.4,985.7,84.0,False,,low,0.3,NORMAL,8.4,987.5,80.0,HEALTHY,replay,0.5,0.0
2025-01-27T06:00:00+00:00,AWS-DEL-102,6.1,986.6,95.0,False,,low,1.5,NORMAL,8.1,988.2,90.0,HEALTHY,replay,2.5,0.0
2025-01-27T07:00:00+00:00,AWS-DEL-102,5.7,987.3,94.0,False,,low,0.5,NORMAL,7.8,989.0,90.0,HEALTHY,replay,0.9,0.0
2025-01-27T08:00:00+00:00,AWS-DEL-102,7.4,988.2,88.0,False,,low,0.6,NORMAL,9.8,989.8,82.0,HEALTHY,replay,0.9,0.0
2025-01-27T09:00:00+00:00,AWS-DEL-102,10.8,989.1,77.0,False,,low,1.5,NORMAL,12.4,990.8,73.0,HEALTHY,replay,2.5,0.0
2025-01-27T10:00:00+00:00,AWS-DEL-102,14.1,989.8,64.0,False,,low,4.4,NORMAL,15.4,991.3,62.0,HEALTHY,replay,7.4,0.0
2025-01-27T11:00:00+00:00,AWS-DEL-102,16.7,989.3,56.0,False,,low,3.0,NORMAL,17.9,990.9,52.0,HEALTHY,replay,5.0,0.0
2025-01-27T12:00:00+00:00,AWS-DEL-102,18.4,988.1,49.0,False,,low,2.3,NORMAL,19.7,989.6,42.0,HEALTHY,replay,3.9,0.0
2025-01-27T13:00:00+00:00,AWS-DEL-102,19.5,987.0,44.0,False,,low,3.8,NORMAL,20.9,988.6,34.0,HEALTHY,replay,6.3,0.0
2025-01-27T14:00:00+00:00,AWS-DEL-102,20.0,985.9,43.0,False,,low,2.9,NORMAL,21.5,987.5,31.0,HEALTHY,replay,4.9,0.0
2025-01-27T15:00:00+00:00,AWS-DEL-102,19.9,985.3,44.0,False,,low,1.0,NORMAL,21.4,986.9,32.0,HEALTHY,replay,1.6,0.0
2025-01-27T16:00:00+00:00,AWS-DEL-102,19.1,985.1,48.0,False,,low,0.7,NORMAL,20.7,986.6,37.0,HEALTHY,replay,1.2,0.0
2025-01-27T17:00:00+00:00,AWS-DEL-102,17.0,984.9,63.0,False,,low,1.8,NORMAL,18.2,986.6,46.0,HEALTHY,replay,3.1,0.0
2025-01-27T18:00:00+00:00,AWS-DEL-102,15.7,984.9,71.0,False,,low,1.2,NORMAL,16.7,986.5,53.0,HEALTHY,replay,2.0,0.0
2025-01-27T19:00:00+00:00,AWS-DEL-102,14.2,985.2,76.0,False,,low,0.6,NORMAL,15.3,987.0,59.0,HEALTHY,replay,0.9,0.0
2025-01-27T20:00:00+00:00,AWS-DEL-102,13.1,985.7,77.0,False,,low,0.2,NORMAL,14.3,987.3,66.0,HEALTHY,replay,0.4,0.0
2025-01-27T21:00:00+00:00,AWS-DEL-102,12.5,985.7,75.0,False,,low,0.2,NORMAL,13.4,987.5,71.0,HEALTHY,replay,0.4,0.0
2025-01-27T22:00:00+00:00,AWS-DEL-102,11.7,985.7,76.0,False,,low,0.2,NORMAL,12.7,987.5,72.0,HEALTHY,replay,0.3,0.0
2025-01-27T23:00:00+00:00,AWS-DEL-102,10.8,985.4,79.0,False,,low,0.2,NORMAL,12.6,987.2,71.0,HEALTHY,replay,0.3,0.0
2025-01-28T00:00:00+00:00,AWS-DEL-102,10.1,984.7,81.0,False,,low,0.1,NORMAL,12.5,986.4,70.0,HEALTHY,replay,0.2,0.0
2025-01-28T01:00:00+00:00,AWS-DEL-102,9.4,984.7,82.0,False,,low,0.1,NORMAL,11.7,986.4,70.0,HEALTHY,replay,0.2,0.0
2025-01-28T02:00:00+00:00,AWS-DEL-102,8.8,984.2,82.0,False,,low,0.2,NORMAL,10.9,985.9,71.0,HEALTHY,replay,0.3,0.0
2025-01-28T03:00:00+00:00,AWS-DEL-102,8.3,984.0,82.0,False,,low,0.2,NORMAL,10.2,985.7,73.0,HEALTHY,replay,0.3,0.0
2025-01-28T04:00:00+00:00,AWS-DEL-102,7.8,983.7,81.0,False,,low,0.2,NORMAL,9.4,985.6,73.0,HEALTHY,replay,0.3,0.0
2025-01-28T05:00:00+00:00,AWS-DEL-102,7.4,984.1,81.0,False,,low,0.3,NORMAL,8.8,985.9,75.0,HEALTHY,replay,0.5,0.0
2025-01-28T06:00:00+00:00,AWS-DEL-102,6.7,985.6,86.0,False,,low,0.4,NORMAL,8.1,987.4,82.0,HEALTHY,replay,0.6,0.0
2025-01-28T07:00:00+00:00,AWS-DEL-102,6.3,986.4,86.0,False,,low,0.7,NORMAL,7.8,988.3,84.0,HEALTHY,replay,1.1,0.0
2025-01-28T08:00:00+00:00,AWS-DEL-102,7.8,987.5,81.0,False,,low,0.6,NORMAL,9.9,989.3,77.0,HEALTHY,replay,1.0,0.0
2025-01-28T09:00:00+00:00,AWS-DEL-102,11.1,988.5,71.0,False,,low,2.4,NORMAL,12.9,990.3,69.0,HEALTHY,replay,4.0,0.0
2025-01-28T10:00:00+00:00,AWS-DEL-102,14.4,989.0,61.0,False,,low,3.9,NORMAL,15.9,990.7,60.0,HEALTHY,replay,6.4,0.0
2025-01-28T11:00:00+00:00,AWS-DEL-102,17.2,988.6,54.0,False,,low,1.8,NORMAL,18.5,990.1,51.0,HEALTHY,replay,3.0,0.0
2025-01-28T12:00:00+00:00,AWS-DEL-102,19.1,987.7,46.0,False,,low,2.6,NORMAL,20.6,989.2,42.0,HEALTHY,replay,4.4,0.0
2025-01-28T13:00:00+00:00,AWS-DEL-102,20.3,986.7,42.0,False,,low,1.8,NORMAL,22.0,988.3,35.0,HEALTHY,replay,2.9,0.0
2025-01-28T14:00:00+00:00,AWS-DEL-102,20.8,986.2,41.0,False,,low,0.7,NORMAL,22.8,987.7,30.0,HEALTHY,replay,1.1,0.0
2025-01-28T15:00:00+00:00,AWS-DEL-102,20.8,985.7,40.0,False,,low,0.4,NORMAL,22.8,987.2,28.0,HEALTHY,replay,0.7,0.0
2025-01-28T16:00:00+00:00,AWS-DEL-102,20.1,985.4,45.0,False,,low,0.5,NORMAL,22.0,987.0,32.0,HEALTHY,replay,0.8,0.0
2025-01-28T17:00:00+00:00,AWS-DEL-102,17.7,985.1,67.0,False,,low,4.0,NORMAL,20.0,986.9,42.0,HEALTHY,replay,6.7,0.0
2025-01-28T18:00:00+00:00,AWS-DEL-102,16.4,985.2,69.0,False,,low,0.6,NORMAL,18.5,987.0,53.0,HEALTHY,replay,1.0,0.0
2025-01-28T19:00:00+00:00,AWS-DEL-102,14.9,985.8,74.0,False,,low,0.3,NORMAL,16.8,987.7,61.0,HEALTHY,replay,0.5,0.0
2025-01-28T20:00:00+00:00,AWS-DEL-102,13.8,986.2,77.0,False,,low,0.3,NORMAL,15.2,988.2,67.0,HEALTHY,replay,0.4,0.0
2025-01-28T21:00:00+00:00,AWS-DEL-102,14.0,986.6,73.0,False,,low,0.2,NORMAL,13.6,988.5,72.0,HEALTHY,replay,0.3,0.0
2025-01-28T22:00:00+00:00,AWS-DEL-102,12.8,986.7,77.0,False,,low,0.1,NORMAL,11.8,988.7,78.0,HEALTHY,replay,0.2,0.0
2025-01-28T23:00:00+00:00,AWS-DEL-102,11.8,986.8,78.0,False,,low,0.1,NORMAL,10.4,988.8,86.0,HEALTHY,replay,0.2,0.0
2025-01-29T00:00:00+00:00,AWS-DEL-102,11.5,986.6,80.0,False,,low,0.1,NORMAL,9.7,988.7,88.0,HEALTHY,replay,0.2,0.0
2025-01-29T01:00:00+00:00,AWS-DEL-102,11.0,986.6,84.0,False,,low,0.2,NORMAL,9.1,988.6,91.0,HEALTHY,replay,0.3,0.0
2025-01-29T02:00:00+00:00,AWS-DEL-102,10.6,986.3,86.0,False,,low,0.2,NORMAL,8.9,988.2,93.0,HEALTHY,replay,0.3,0.0
2025-01-29T03:00:00+00:00,AWS-DEL-102,10.3,986.3,87.0,False,,low,0.4,NORMAL,9.1,988.2,92.0,HEALTHY,replay,0.7,0.0
2025-01-29T04:00:00+00:00,AWS-DEL-102,10.1,986.3,87.0,False,,low,0.8,NORMAL,8.8,988.2,92.0,HEALTHY,replay,1.4,0.0
2025-01-29T05:00:00+00:00,AWS-DEL-102,9.8,986.4,88.0,False,,low,0.8,NORMAL,8.6,988.4,92.0,HEALTHY,replay,1.4,0.0
2025-01-29T06:00:00+00:00,AWS-DEL-102,9.5,987.6,92.0,False,,low,0.5,NORMAL,8.3,989.5,95.0,HEALTHY,replay,0.8,0.0
2025-01-29T07:00:00+00:00,AWS-DEL-102,9.4,988.3,92.0,False,,low,0.5,NORMAL,8.2,990.3,96.0,HEALTHY,replay,0.8,0.0
2025-01-29T08:00:00+00:00,AWS-DEL-102,11.3,989.2,85.0,False,,low,1.5,NORMAL,10.4,991.1,91.0,HEALTHY,replay,2.5,0.0
2025-01-29T09:00:00+00:00,AWS-DEL-102,14.5,990.2,75.0,False,,low,3.1,NORMAL,13.7,992.0,82.0,HEALTHY,replay,5.2,0.0
2025-01-29T10:00:00+00:00,AWS-DEL-102,17.5,990.7,65.0,False,,low,5.5,NORMAL,17.2,992.5,71.0,HEALTHY,replay,9.2,0.0
2025-01-29T11:00:00+00:00,AWS-DEL-102,19.6,990.3,54.0,False,,low,3.0,NORMAL,19.6,993.9,58.0,HEALTHY,replay,5.0,0.0
2025-01-29T12:00:00+00:00,AWS-DEL-102,21.0,989.3,47.0,False,,low,1.9,NORMAL,21.2,992.9,47.0,HEALTHY,replay,3.1,0.0
2025-01-29T13:00:00+00:00,AWS-DEL-102,21.9,987.9,45.0,False,,low,2.1,NORMAL,22.5,989.7,44.0,HEALTHY,replay,3.6,0.0
2025-01-29T14:00:00+00:00,AWS-DEL-102,22.3,987.1,44.0,False,,low,1.7,NORMAL,22.1,990.6,44.0,HEALTHY,replay,2.8,0.0
2025-01-29T15:00:00+00:00,AWS-DEL-102,22.1,986.3,45.0,False,,low,0.7,NORMAL,22.5,988.1,46.0,HEALTHY,replay,1.1,0.0
2025-01-29T16:00:00+00:00,AWS-DEL-102,21.3,986.0,48.0,False,,low,0.3,NORMAL,21.0,989.5,49.0,HEALTHY,replay,0.6,0.0
2025-01-29T17:00:00+00:00,AWS-DEL-102,19.2,985.7,60.0,False,,low,0.8,NORMAL,19.0,987.5,62.0,HEALTHY,replay,1.4,0.0
2025-01-29T18:00:00+00:00,AWS-DEL-102,17.4,985.8,70.0,False,,low,1.0,NORMAL,16.7,987.5,72.0,HEALTHY,replay,1.6,0.0
2025-01-29T19:00:00+00:00,AWS-DEL-102,16.5,986.1,75.0,False,,low,0.3,NORMAL,15.4,988.1,79.0,HEALTHY,replay,0.4,0.0
2025-01-29T20:00:00+00:00,AWS-DEL-102,15.8,986.6,78.0,False,,low,0.2,NORMAL,14.5,988.6,81.0,HEALTHY,replay,0.3,0.0
2025-01-29T21:00:00+00:00,AWS-DEL-102,15.2,986.7,80.0,False,,low,0.1,NORMAL,13.8,988.3,83.0,HEALTHY,replay,0.2,0.0
2025-01-29T22:00:00+00:00,AWS-DEL-102,14.7,986.7,79.0,False,,low,0.1,NORMAL,12.6,990.1,85.0,HEALTHY,replay,0.2,0.0
2025-01-29T23:00:00+00:00,AWS-DEL-102,14.2,986.5,79.0,False,,low,0.2,NORMAL,12.6,988.1,88.0,HEALTHY,replay,0.3,0.0
2025-01-30T00:00:00+00:00,AWS-DEL-102,13.6,985.9,80.0,False,,low,0.3,NORMAL,11.2,989.4,90.0,HEALTHY,replay,0.5,0.0
2025-01-30T01:00:00+00:00,AWS-DEL-102,13.0,985.5,83.0,False,,low,0.2,NORMAL,11.3,987.5,91.0,HEALTHY,replay,0.3,0.0
2025-01-30T02:00:00+00:00,AWS-DEL-102,12.4,984.9,85.0,False,,low,0.2,NORMAL,10.9,986.9,93.0,HEALTHY,replay,0.3,0.0
2025-01-30T03:00:00+00:00,AWS-DEL-102,11.9,984.3,87.0,False,,low,0.5,NORMAL,10.6,986.3,93.0,HEALTHY,replay,0.8,0.0
2025-01-30T04:00:00+00:00,AWS-DEL-102,11.5,984.1,89.0,False,,low,0.4,NORMAL,10.3,986.0,94.0,HEALTHY,replay,0.7,0.0
2025-01-30T05:00:00+00:00,AWS-DEL-102,11.1,983.8,91.0,False,,low,0.6,NORMAL,10.0,985.7,94.0,HEALTHY,replay,0.9,0.0
2025-01-30T06:00:00+00:00,AWS-DEL-102,10.7,984.5,93.0,False,,low,0.5,NORMAL,9.6,986.5,95.0,HEALTHY,replay,0.8,0.0
2025-01-30T07:00:00+00:00,AWS-DEL-102,10.6,985.3,94.0,False,,low,0.5,NORMAL,9.5,987.1,95.0,HEALTHY,replay,0.8,0.0
2025-01-30T08:00:00+00:00,AWS-DEL-102,12.3,985.9,87.0,False,,low,1.1,NORMAL,12.0,987.8,88.0,HEALTHY,replay,1.9,0.0
2025-01-30T09:00:00+00:00,AWS-DEL-102,15.1,986.5,77.0,False,,low,1.7,NORMAL,15.0,988.4,79.0,HEALTHY,replay,2.8,0.0
2025-01-30T10:00:00+00:00,AWS-DEL-102,17.9,987.0,66.0,False,,low,2.6,NORMAL,18.2,988.8,68.0,HEALTHY,replay,4.3,0.0
2025-01-30T11:00:00+00:00,AWS-DEL-102,19.9,986.6,58.0,False,,low,1.8,NORMAL,20.8,988.4,57.0,HEALTHY,replay,3.0,0.0
2025-01-30T12:00:00+00:00,AWS-DEL-102,21.3,985.5,53.0,False,,low,2.2,NORMAL,22.3,987.3,51.0,HEALTHY,replay,3.7,0.0
2025-01-30T13:00:00+00:00,AWS-DEL-102,22.2,984.4,51.0,False,,low,6.1,NORMAL,23.2,986.0,48.0,HEALTHY,replay,10.2,0.0
2025-01-30T14:00:00+00:00,AWS-DEL-102,22.7,983.5,49.0,False,,low,4.5,NORMAL,23.7,985.1,46.0,HEALTHY,replay,7.5,0.0
2025-01-30T15:00:00+00:00,AWS-DEL-102,22.6,983.1,51.0,False,,low,1.7,NORMAL,23.6,984.7,46.0,HEALTHY,replay,2.8,0.0
2025-01-30T16:00:00+00:00,AWS-DEL-102,22.0,982.8,55.0,False,,low,1.6,NORMAL,23.0,984.4,48.0,HEALTHY,replay,2.6,0.0
2025-01-30T17:00:00+00:00,AWS-DEL-102,20.2,982.6,66.0,False,,low,2.3,NORMAL,20.6,984.3,62.0,HEALTHY,replay,3.8,0.0
2025-01-30T18:00:00+00:00,AWS-DEL-102,18.5,982.6,79.0,False,,low,7.3,NORMAL,18.7,984.4,72.0,HEALTHY,replay,12.1,0.0
2025-01-30T19:00:00+00:00,AWS-DEL-102,17.4,982.8,84.0,False,,low,4.2,NORMAL,17.2,984.6,80.0,HEALTHY,replay,7.0,0.0
2025-01-30T20:00:00+00:00,AWS-DEL-102,16.7,983.2,86.0,False,,low,1.5,NORMAL,16.2,985.0,84.0,HEALTHY,replay,2.5,0.0
2025-01-30T21:00:00+00:00,AWS-DEL-102,16.2,983.6,87.0,False,,low,0.6,NORMAL,15.3,985.4,88.0,HEALTHY,replay,1.0,0.0
2025-01-30T22:00:00+00:00,AWS-DEL-102,15.7,983.8,89.0,False,,low,0.5,NORMAL,14.6,985.6,90.0,HEALTHY,replay,0.8,0.0
2025-01-30T23:00:00+00:00,AWS-DEL-102,15.1,983.7,91.0,False,,low,0.4,NORMAL,13.7,985.6,92.0,HEALTHY,replay,0.7,0.0
2025-01-31T00:00:00+00:00,AWS-DEL-102,14.8,983.1,91.0,False,,low,0.4,NORMAL,12.7,985.0,96.0,HEALTHY,replay,0.7,0.0
2025-01-31T01:00:00+00:00,AWS-DEL-102,14.4,982.9,91.0,False,,low,0.5,NORMAL,11.5,984.9,99.0,HEALTHY,replay,0.9,0.0
2025-01-31T02:00:00+00:00,AWS-DEL-102,13.3,982.7,94.0,False,,low,0.3,NORMAL,11.1,984.6,98.0,HEALTHY,replay,0.6,0.0
2025-01-31T03:00:00+00:00,AWS-DEL-102,12.6,982.4,96.0,False,,low,0.3,NORMAL,10.9,984.2,98.0,HEALTHY,replay,0.4,0.0
2025-01-31T04:00:00+00:00,AWS-DEL-102,12.3,982.1,96.0,False,,low,0.3,NORMAL,10.6,984.45,98.0,HEALTHY,replay,0.5,0.0
2025-01-31T05:00:00+00:00,AWS-DEL-102,11.7,982.2,98.0,False,,low,0.6,NORMAL,10.2,984.56,98.0,HEALTHY,replay,1.0,0.0
2025-01-31T06:00:00+00:00,AWS-DEL-102,11.2,983.0,100.0,False,,low,0.8,NORMAL,10.3,984.99,100.0,HEALTHY,replay,1.3,0.0
2025-01-31T07:00:00+00:00,AWS-DEL-102,10.6,983.7,100.0,False,,low,0.8,NORMAL,10.5,985.3,100.0,HEALTHY,replay,1.3,0.0
2025-01-31T08:00:00+00:00,AWS-DEL-102,12.2,984.8,98.0,False,,low,1.6,NORMAL,11.6,986.5,97.0,HEALTHY,replay,2.7,0.0
2025-01-31T09:00:00+00:00,AWS-DEL-102,14.1,985.9,96.0,False,,low,4.1,NORMAL,14.7,987.6,90.0,HEALTHY,replay,6.9,0.0
2025-01-31T10:00:00+00:00,AWS-DEL-102,16.5,986.5,88.0,False,,low,3.9,NORMAL,18.2,988.2,76.0,HEALTHY,replay,6.5,0.0
2025-01-31T11:00:00+00:00,AWS-DEL-102,19.6,986.1,75.0,False,,low,6.4,NORMAL,21.4,987.8,64.0,HEALTHY,replay,10.7,0.0
2025-01-31T12:00:00+00:00,AWS-DEL-102,22.1,985.4,64.0,False,,low,5.8,NORMAL,23.4,987.0,55.0,HEALTHY,replay,9.6,0.0
2025-01-31T13:00:00+00:00,AWS-DEL-102,23.5,984.6,54.0,False,,low,2.2,NORMAL,24.7,986.0,40.0,HEALTHY,replay,3.7,0.0
2025-01-31T14:00:00+00:00,AWS-DEL-102,24.4,984.1,44.0,False,,low,4.3,NORMAL,25.3,985.5,32.0,HEALTHY,replay,7.2,0.0
2025-01-31T15:00:00+00:00,AWS-DEL-102,24.5,983.5,38.0,False,,low,6.4,NORMAL,25.2,985.0,31.0,HEALTHY,replay,10.6,0.0
2025-01-31T16:00:00+00:00,AWS-DEL-102,23.6,983.3,40.0,False,,low,3.3,NORMAL,24.4,984.8,35.0,HEALTHY,replay,5.4,0.0
2025-01-31T17:00:00+00:00,AWS-DEL-102,21.4,983.2,56.0,False,,low,1.2,NORMAL,22.0,984.9,50.0,HEALTHY,replay,2.0,0.0
2025-01-31T18:00:00+00:00,AWS-DEL-102,19.3,983.6,78.0,False,,low,12.9,NORMAL,20.2,985.5,56.0,HEALTHY,replay,21.5,0.0
2025-01-31T19:00:00+00:00,AWS-DEL-102,18.1,984.1,85.0,False,,low,2.3,NORMAL,17.9,985.5,73.0,HEALTHY,replay,3.8,0.0
2025-01-31T20:00:00+00:00,AWS-DEL-102,17.3,984.5,89.0,False,,low,1.1,NORMAL,17.3,986.1,81.0,HEALTHY,replay,1.9,0.0
2025-01-31T21:00:00+00:00,AWS-DEL-102,16.5,984.9,90.0,False,,low,0.5,NORMAL,15.8,986.5,87.0,HEALTHY,replay,0.8,0.0
2025-01-31T22:00:00+00:00,AWS-DEL-102,16.3,985.4,88.0,False,,low,0.3,NORMAL,14.9,986.8,90.0,HEALTHY,replay,0.4,0.0
2025-01-31T23:00:00+00:00,AWS-DEL-102,16.2,985.2,85.0,False,,low,0.2,NORMAL,14.8,986.6,88.0,HEALTHY,replay,0.3,0.0
2025-02-01T00:00:00+00:00,AWS-DEL-102,15.8,984.8,86.0,False,,low,0.2,NORMAL,14.6,986.3,84.0,HEALTHY,replay,0.3,0.0
2025-02-01T01:00:00+00:00,AWS-DEL-102,15.3,984.3,87.0,False,,low,0.2,NORMAL,14.0,985.9,82.0,HEALTHY,replay,0.3,0.0
2025-02-01T02:00:00+00:00,AWS-DEL-102,14.8,984.1,85.0,False,,low,0.3,NORMAL,13.5,985.8,83.0,HEALTHY,replay,0.5,0.0
2025-02-01T03:00:00+00:00,AWS-DEL-102,14.3,983.7,83.0,False,,low,0.3,NORMAL,13.2,985.8,85.0,HEALTHY,replay,0.5,0.0
2025-02-01T04:00:00+00:00,AWS-DEL-102,13.8,983.9,83.0,False,,low,0.3,NORMAL,12.7,985.8,88.0,HEALTHY,replay,0.4,0.0
2025-02-01T05:00:00+00:00,AWS-DEL-102,13.4,983.8,83.0,False,,low,0.4,NORMAL,12.6,985.7,88.0,HEALTHY,replay,0.6,0.0
2025-02-01T06:00:00+00:00,AWS-DEL-102,12.3,985.1,95.0,False,,low,1.1,NORMAL,10.7,986.9,96.0,HEALTHY,replay,1.8,0.0
2025-02-01T07:00:00+00:00,AWS-DEL-102,12.1,986.0,95.0,False,,low,0.9,NORMAL,10.8,987.8,96.0,HEALTHY,replay,1.4,0.0
2025-02-01T08:00:00+00:00,AWS-DEL-102,13.8,986.9,89.0,False,,low,1.0,NORMAL,13.4,988.6,89.0,HEALTHY,replay,1.7,0.0
2025-02-01T09:00:00+00:00,AWS-DEL-102,16.7,987.8,79.0,False,,low,7.1,NORMAL,16.7,989.6,77.0,HEALTHY,replay,11.8,0.0
2025-02-01T10:00:00+00:00,AWS-DEL-102,19.6,988.5,68.0,False,,low,16.3,NORMAL,19.9,990.3,65.0,HEALTHY,replay,27.2,0.0
2025-02-01T11:00:00+00:00,AWS-DEL-102,21.7,988.4,59.0,False,,low,7.8,NORMAL,22.5,990.1,54.0,HEALTHY,replay,13.0,0.0
2025-02-01T12:00:00+00:00,AWS-DEL-102,23.0,987.9,51.0,False,,low,3.7,NORMAL,24.1,989.5,43.0,HEALTHY,replay,6.2,0.0
2025-02-01T13:00:00+00:00,AWS-DEL-102,23.7,986.9,45.0,False,,low,3.7,NORMAL,25.0,988.5,38.0,HEALTHY,replay,6.2,0.0
2025-02-01T14:00:00+00:00,AWS-DEL-102,24.0,986.1,42.0,False,,low,1.6,NORMAL,25.1,987.7,36.0,HEALTHY,replay,2.7,0.0
2025-02-01T15:00:00+00:00,AWS-DEL-102,23.8,985.7,42.0,False,,low,0.8,NORMAL,24.9,987.2,36.0,HEALTHY,replay,1.4,0.0
2025-02-01T16:00:00+00:00,AWS-DEL-102,23.2,985.5,45.0,False,,low,0.6,NORMAL,24.4,987.2,38.0,HEALTHY,replay,1.0,0.0
2025-02-01T17:00:00+00:00,AWS-DEL-102,21.5,985.7,57.0,False,,low,0.8,NORMAL,22.3,987.3,47.0,HEALTHY,replay,1.4,0.0
2025-02-01T18:00:00+00:00,AWS-DEL-102,19.5,986.0,74.0,False,,low,3.5,NORMAL,20.2,987.7,60.0,HEALTHY,replay,5.9,0.0
2025-02-01T19:00:00+00:00,AWS-DEL-102,18.3,986.3,79.0,False,,low,2.1,NORMAL,19.2,988.2,63.0,HEALTHY,replay,3.5,0.0
2025-02-01T20:00:00+00:00,AWS-DEL-102,16.7,987.6,84.0,False,,low,2.0,NORMAL,17.9,988.7,71.0,HEALTHY,replay,3.4,0.0
2025-02-01T21:00:00+00:00,AWS-DEL-102,16.1,988.3,87.0,False,,low,1.5,NORMAL,17.7,990.3,75.0,HEALTHY,replay,2.6,0.0
2025-02-01T22:00:00+00:00,AWS-DEL-102,16.4,987.9,85.0,False,,low,0.4,NORMAL,17.3,989.9,80.15,HEALTHY,replay,0.6,0.0
2025-02-01T23:00:00+00:00,AWS-DEL-102,15.4,988.0,89.0,False,,low,0.3,NORMAL,17.1,989.8,79.25,HEALTHY,replay,0.5,0.0
2025-02-02T00:00:00+00:00,AWS-DEL-102,15.0,987.9,91.0,False,,low,0.3,NORMAL,16.1,989.7,82.0,HEALTHY,replay,0.5,0.0
2025-02-02T01:00:00+00:00,AWS-DEL-102,14.6,987.8,91.0,False,,low,0.7,NORMAL,14.9,989.5,86.0,HEALTHY,replay,1.2,0.0
2025-02-02T02:00:00+00:00,AWS-DEL-102,14.4,987.4,91.0,False,,low,0.5,NORMAL,14.0,988.9,89.0,HEALTHY,replay,0.9,0.0
2025-02-02T03:00:00+00:00,AWS-DEL-102,14.5,987.1,88.0,False,,low,0.7,NORMAL,13.4,988.9,90.0,HEALTHY,replay,1.2,0.0
2025-02-02T04:00:00+00:00,AWS-DEL-102,14.5,987.1,86.0,False,,low,0.3,NORMAL,13.1,988.7,90.0,HEALTHY,replay,0.6,0.0
2025-02-02T05:00:00+00:00,AWS-DEL-102,14.0,987.2,88.0,False,,low,0.8,NORMAL,13.0,988.9,89.0,HEALTHY,replay,1.3,0.0
2025-02-02T06:00:00+00:00,AWS-DEL-102,12.7,988.0,96.0,False,,low,1.6,NORMAL,12.7,989.6,92.52,HEALTHY,replay,2.7,0.0
2025-02-02T07:00:00+00:00,AWS-DEL-102,12.4,988.6,97.0,False,,low,1.0,NORMAL,12.7,990.3,92.77,HEALTHY,replay,1.7,0.0
2025-02-02T08:00:00+00:00,AWS-DEL-102,13.6,989.8,93.0,False,,low,0.7,NORMAL,14.9,991.4,87.0,HEALTHY,replay,1.2,0.0
2025-02-02T09:00:00+00:00,AWS-DEL-102,15.7,990.7,86.0,False,,low,2.8,NORMAL,17.1,992.3,77.0,HEALTHY,replay,4.6,0.0
2025-02-02T10:00:00+00:00,AWS-DEL-102,18.2,991.3,76.0,False,,low,5.1,NORMAL,19.6,992.9,66.64,HEALTHY,replay,8.5,0.0
2025-02-02T11:00:00+00:00,AWS-DEL-102,20.3,990.9,66.0,False,,low,5.5,NORMAL,21.7,992.4,53.96,HEALTHY,replay,9.2,0.0
2025-02-02T12:00:00+00:00,AWS-DEL-102,21.6,990.1,57.0,False,,low,6.3,NORMAL,22.8,991.7,48.3,HEALTHY,replay,10.5,0.0
2025-02-02T13:00:00+00:00,AWS-DEL-102,22.3,989.1,53.0,False,,low,4.8,NORMAL,23.5,990.6,43.0,HEALTHY,replay,8.0,0.0
2025-02-02T14:00:00+00:00,AWS-DEL-102,22.6,988.3,50.0,False,,low,5.9,NORMAL,23.6,989.9,42.0,HEALTHY,replay,9.8,0.0
2025-02-02T15:00:00+00:00,AWS-DEL-102,22.4,987.9,48.0,False,,low,5.1,NORMAL,23.3,989.5,41.0,HEALTHY,replay,8.6,0.0
2025-02-02T16:00:00+00:00,AWS-DEL-102,21.6,987.8,51.0,False,,low,1.4,NORMAL,22.6,989.4,43.0,HEALTHY,replay,2.4,0.0
2025-02-02T17:00:00+00:00,AWS-DEL-102,19.8,987.8,63.0,False,,low,1.3,NORMAL,21.2,989.4,53.0,HEALTHY,replay,2.1,0.0
2025-02-02T18:00:00+00:00,AWS-DEL-102,17.7,987.9,76.0,False,,low,2.7,NORMAL,18.7,989.6,69.0,HEALTHY,replay,4.5,0.0
2025-02-02T19:00:00+00:00,AWS-DEL-102,16.6,988.3,82.0,False,,low,1.3,NORMAL,17.5,990.1,76.0,HEALTHY,replay,2.1,0.0
2025-02-02T20:00:00+00:00,AWS-DEL-102,15.7,988.9,86.0,False,,low,0.6,NORMAL,16.7,990.6,80.0,HEALTHY,replay,1.0,0.0
2025-02-02T21:00:00+00:00,AWS-DEL-102,14.7,989.1,88.0,False,,low,0.5,NORMAL,16.0,990.7,84.0,HEALTHY,replay,0.8,0.0
2025-02-02T22:00:00+00:00,AWS-DEL-102,14.1,989.2,88.0,False,,low,0.4,NORMAL,15.2,990.9,86.0,HEALTHY,replay,0.6,0.0
2025-02-02T23:00:00+00:00,AWS-DEL-102,13.5,988.8,88.0,False,,low,0.2,NORMAL,14.3,990.6,90.0,HEALTHY,replay,0.4,0.0
2025-02-03T00:00:00+00:00,AWS-DEL-102,12.6,988.2,89.0,False,,low,0.2,NORMAL,13.6,989.8,90.59,HEALTHY,replay,0.3,0.0
2025-02-03T01:00:00+00:00,AWS-DEL-102,11.9,987.5,90.0,False,,low,0.2,NORMAL,12.8,989.2,91.0,HEALTHY,replay,0.3,0.0
2025-02-03T02:00:00+00:00,AWS-DEL-102,11.3,987.1,90.0,False,,low,0.2,NORMAL,12.0,988.7,91.0,HEALTHY,replay,0.3,0.0
2025-02-03T03:00:00+00:00,AWS-DEL-102,10.8,986.7,91.0,False,,low,0.3,NORMAL,11.3,988.5,92.0,HEALTHY,replay,0.4,0.0
2025-02-03T04:00:00+00:00,AWS-DEL-102,10.3,986.6,92.0,False,,low,0.2,NORMAL,10.8,988.2,93.0,HEALTHY,replay,0.3,0.0
2025-02-03T05:00:00+00:00,AWS-DEL-102,9.4,986.6,94.0,False,,low,0.4,NORMAL,10.3,988.2,93.0,HEALTHY,replay,0.6,0.0
2025-02-03T06:00:00+00:00,AWS-DEL-102,9.6,987.4,99.0,False,,low,0.5,NORMAL,10.6,989.1,95.0,HEALTHY,replay,0.8,0.0
2025-02-03T07:00:00+00:00,AWS-DEL-102,9.4,988.1,99.0,False,,low,0.4,NORMAL,10.5,989.8,94.0,HEALTHY,replay,0.6,0.0
2025-02-03T08:00:00+00:00,AWS-DEL-102,10.8,989.0,95.0,False,,low,0.4,NORMAL,12.7,990.6,87.0,HEALTHY,replay,0.6,0.0
2025-02-03T09:00:00+00:00,AWS-DEL-102,13.6,989.8,85.0,False,,low,1.0,NORMAL,15.1,991.5,76.0,HEALTHY,replay,1.7,0.0
2025-02-03T10:00:00+00:00,AWS-DEL-102,16.4,990.2,73.0,False,,low,3.1,NORMAL,17.8,991.7,61.0,HEALTHY,replay,5.2,0.0
2025-02-03T11:00:00+00:00,AWS-DEL-102,19.0,989.5,57.0,False,,low,10.1,NORMAL,20.0,991.1,46.0,HEALTHY,replay,16.8,0.0
2025-02-03T12:00:00+00:00,AWS-DEL-102,20.5,988.3,47.0,False,,low,7.9,NORMAL,21.4,989.9,37.0,HEALTHY,replay,13.2,0.0
2025-02-03T13:00:00+00:00,AWS-DEL-102,21.4,987.4,44.0,False,,low,4.6,NORMAL,22.4,989.0,35.0,HEALTHY,replay,7.7,0.0
2025-02-03T14:00:00+00:00,AWS-DEL-102,21.8,986.7,43.0,False,,low,3.3,NORMAL,22.7,988.3,34.0,HEALTHY,replay,5.6,0.0
2025-02-03T15:00:00+00:00,AWS-DEL-102,21.8,986.5,43.0,False,,low,0.9,NORMAL,22.8,988.0,35.0,HEALTHY,replay,1.5,0.0
2025-02-03T16:00:00+00:00,AWS-DEL-102,21.3,986.4,46.0,False,,low,0.7,NORMAL,22.3,988.1,37.0,HEALTHY,replay,1.2,0.0
2025-02-03T17:00:00+00:00,AWS-DEL-102,19.7,986.5,66.0,False,,low,3.3,NORMAL,20.7,988.1,54.0,HEALTHY,replay,5.4,0.0
2025-02-03T18:00:00+00:00,AWS-DEL-102,17.5,987.2,67.0,False,,low,1.1,NORMAL,17.7,989.0,59.0,HEALTHY,replay,1.9,0.0
2025-02-03T19:00:00+00:00,AWS-DEL-102,16.9,987.8,66.0,False,,low,0.3,NORMAL,16.5,989.6,64.0,HEALTHY,replay,0.5,0.0
2025-02-03T20:00:00+00:00,AWS-DEL-102,16.3,988.3,68.0,False,,low,0.2,NORMAL,15.9,990.1,68.0,HEALTHY,replay,0.3,0.0
2025-02-03T21:00:00+00:00,AWS-DEL-102,15.9,988.4,70.0,False,,low,0.1,NORMAL,15.7,990.2,70.0,HEALTHY,replay,0.2,0.0
2025-02-03T22:00:00+00:00,AWS-DEL-102,15.5,988.3,71.0,False,,low,0.2,NORMAL,15.3,990.4,69.0,HEALTHY,replay,0.3,0.0
2025-02-03T23:00:00+00:00,AWS-DEL-102,14.7,988.5,72.0,False,,low,0.2,NORMAL,14.8,990.1,72.0,HEALTHY,replay,0.3,0.0
2025-02-04T00:00:00+00:00,AWS-DEL-102,14.1,987.9,75.0,False,,low,0.2,NORMAL,14.3,989.7,73.0,HEALTHY,replay,0.4,0.0
2025-02-04T01:00:00+00:00,AWS-DEL-102,14.2,987.6,75.0,False,,low,0.2,NORMAL,14.0,989.3,75.0,HEALTHY,replay,0.4,0.0
2025-02-04T02:00:00+00:00,AWS-DEL-102,13.4,987.4,79.0,False,,low,0.2,NORMAL,13.3,989.1,79.0,HEALTHY,replay,0.3,0.0
2025-02-04T03:00:00+00:00,AWS-DEL-102,13.2,987.0,80.0,False,,low,0.2,NORMAL,13.1,988.8,79.0,HEALTHY,replay,0.3,0.0
2025-02-04T04:00:00+00:00,AWS-DEL-102,13.4,986.7,79.0,False,,low,0.4,NORMAL,12.7,988.5,79.0,HEALTHY,replay,0.7,0.0
2025-02-04T05:00:00+00:00,AWS-DEL-102,13.0,987.2,78.0,False,,low,0.5,NORMAL,12.4,989.0,82.0,HEALTHY,replay,0.9,0.0
2025-02-04T06:00:00+00:00,AWS-DEL-102,14.4,988.3,77.0,False,,low,2.7,NORMAL,14.5,990.2,78.0,HEALTHY,replay,4.6,0.0
2025-02-04T07:00:00+00:00,AWS-DEL-102,14.4,988.8,76.0,False,,low,1.7,NORMAL,14.3,990.7,78.0,HEALTHY,replay,2.8,0.0
2025-02-04T08:00:00+00:00,AWS-DEL-102,15.3,989.3,72.0,False,,low,1.7,NORMAL,15.0,991.3,75.0,HEALTHY,replay,2.9,0.0
2025-02-04T09:00:00+00:00,AWS-DEL-102,16.3,990.3,70.0,False,,low,1.0,NORMAL,16.4,992.0,72.0,HEALTHY,replay,1.6,0.0
2025-02-04T10:00:00+00:00,AWS-DEL-102,18.5,990.7,61.0,False,,low,0.9,NORMAL,18.1,992.2,65.0,HEALTHY,replay,1.5,0.0
2025-02-04T11:00:00+00:00,AWS-DEL-102,20.1,990.1,57.0,False,,low,0.5,NORMAL,19.7,991.9,61.0,HEALTHY,replay,0.8,0.0
2025-02-04T12:00:00+00:00,AWS-DEL-102,21.3,989.1,58.0,False,,low,0.6,NORMAL,21.6,990.8,56.0,HEALTHY,replay,1.0,0.0
2025-02-04T13:00:00+00:00,AWS-DEL-102,22.0,987.8,58.0,False,,low,1.3,NORMAL,22.1,989.6,55.0,HEALTHY,replay,2.2,0.0
2025-02-04T14:00:00+00:00,AWS-DEL-102,22.6,987.0,57.0,False,,low,1.3,NORMAL,22.5,988.7,56.0,HEALTHY,replay,2.2,0.0
2025-02-04T15:00:00+00:00,AWS-DEL-102,22.0,986.8,62.0,False,,low,0.5,NORMAL,22.5,988.3,58.0,HEALTHY,replay,0.9,0.0
2025-02-04T16:00:00+00:00,AWS-DEL-102,21.8,986.4,64.0,False,,low,0.5,NORMAL,22.4,988.0,59.0,HEALTHY,replay,0.8,0.0
2025-02-04T17:00:00+00:00,AWS-DEL-102,20.7,986.1,72.0,False,,low,0.5,NORMAL,21.0,987.7,71.0,HEALTHY,replay,0.8,0.0
2025-02-04T18:00:00+00:00,AWS-DEL-102,18.7,986.4,82.0,False,,low,0.7,NORMAL,18.8,988.1,82.0,HEALTHY,replay,1.2,0.0
2025-02-04T19:00:00+00:00,AWS-DEL-102,17.9,986.8,86.0,False,,low,0.3,NORMAL,17.7,988.6,87.0,HEALTHY,replay,0.6,0.0
2025-02-04T20:00:00+00:00,AWS-DEL-102,17.4,986.9,90.0,False,,low,0.4,NORMAL,16.9,988.8,90.0,HEALTHY,replay,0.6,0.0
2025-02-04T21:00:00+00:00,AWS-DEL-102,16.8,987.0,92.0,False,,low,0.2,NORMAL,16.2,988.8,93.0,HEALTHY,replay,0.3,0.0
2025-02-04T22:00:00+00:00,AWS-DEL-102,16.4,986.8,92.0,False,,low,0.2,NORMAL,15.5,988.6,95.0,HEALTHY,replay,0.3,0.0
2025-02-04T23:00:00+00:00,AWS-DEL-102,15.2,987.3,94.0,False,,low,0.2,NORMAL,15.1,989.0,97.0,HEALTHY,replay,0.3,0.0
2025-02-05T00:00:00+00:00,AWS-DEL-102,14.5,987.0,96.0,False,,low,0.3,NORMAL,15.0,988.6,96.0,HEALTHY,replay,0.5,0.0
2025-02-05T01:00:00+00:00,AWS-DEL-102,14.0,986.9,96.0,False,,low,0.3,NORMAL,14.9,988.6,91.0,HEALTHY,replay,0.5,0.0
2025-02-05T02:00:00+00:00,AWS-DEL-102,13.7,986.5,96.0,False,,low,0.3,NORMAL,14.3,988.3,92.0,HEALTHY,replay,0.6,0.0
2025-02-05T03:00:00+00:00,AWS-DEL-102,13.2,986.4,99.0,False,,low,0.2,NORMAL,13.8,988.0,95.0,HEALTHY,replay,0.3,0.0
2025-02-05T04:00:00+00:00,AWS-DEL-102,12.4,986.7,100.0,False,,low,0.3,NORMAL,13.4,988.4,96.0,HEALTHY,replay,0.5,0.0
2025-02-05T05:00:00+00:00,AWS-DEL-102,11.8,987.1,100.0,False,,low,0.4,NORMAL,12.8,988.7,96.0,HEALTHY,replay,0.6,0.0
2025-02-05T06:00:00+00:00,AWS-DEL-102,10.8,987.7,99.0,False,,low,0.5,NORMAL,12.2,989.3,95.0,HEALTHY,replay,0.8,0.0
2025-02-05T07:00:00+00:00,AWS-DEL-102,10.5,988.4,99.0,False,,low,0.5,NORMAL,11.9,990.0,95.0,HEALTHY,replay,0.8,0.0
2025-02-05T08:00:00+00:00,AWS-DEL-102,11.9,989.4,93.0,False,,low,0.6,NORMAL,13.1,990.9,88.0,HEALTHY,replay,1.0,0.0
2025-02-05T09:00:00+00:00,AWS-DEL-102,14.0,990.5,85.0,False,,low,2.7,NORMAL,15.3,992.1,78.0,HEALTHY,replay,4.4,0.0
2025-02-05T10:00:00+00:00,AWS-DEL-102,16.4,991.1,73.0,False,,low,3.0,NORMAL,17.7,992.7,65.0,HEALTHY,replay,5.0,0.0
2025-02-05T11:00:00+00:00,AWS-DEL-102,18.5,991.0,62.0,False,,low,3.6,NORMAL,19.7,992.6,54.0,HEALTHY,replay,6.0,0.0
2025-02-05T12:00:00+00:00,AWS-DEL-102,20.0,990.1,49.0,False,,low,5.8,NORMAL,20.9,991.7,42.0,HEALTHY,replay,9.7,0.0
2025-02-05T13:00:00+00:00,AWS-DEL-102,20.6,989.4,41.0,False,,low,5.3,NORMAL,21.4,990.9,37.0,HEALTHY,replay,8.9,0.0
2025-02-05T14:00:00+00:00,AWS-DEL-102,20.8,988.7,37.0,False,,low,6.6,NORMAL,21.4,990.2,34.0,HEALTHY,replay,10.9,0.0
2025-02-05T15:00:00+00:00,AWS-DEL-102,20.5,988.4,38.0,False,,low,2.3,NORMAL,21.1,989.9,33.0,HEALTHY,replay,3.8,0.0
2025-02-05T16:00:00+00:00,AWS-DEL-102,19.9,988.4,40.0,False,,low,1.1,NORMAL,20.3,989.9,36.0,HEALTHY,replay,1.9,0.0
2025-02-05T17:00:00+00:00,AWS-DEL-102,18.0,988.4,55.0,False,,low,1.9,NORMAL,19.0,990.0,43.0,HEALTHY,replay,3.2,0.0
2025-02-05T18:00:00+00:00,AWS-DEL-102,16.4,988.8,62.0,False,,low,0.9,NORMAL,17.1,990.5,50.0,HEALTHY,replay,1.6,0.0
2025-02-05T19:00:00+00:00,AWS-DEL-102,15.1,989.4,66.0,False,,low,1.1,NORMAL,16.2,991.1,55.0,HEALTHY,replay,1.8,0.0
2025-02-05T20:00:00+00:00,AWS-DEL-102,13.9,989.7,72.0,False,,low,1.1,NORMAL,15.4,991.5,60.0,HEALTHY,replay,1.8,0.0
2025-02-05T21:00:00+00:00,AWS-DEL-102,12.6,990.2,78.0,False,,low,3.3,NORMAL,14.5,992.0,65.0,HEALTHY,replay,5.5,0.0
2025-02-05T22:00:00+00:00,AWS-DEL-102,11.7,990.6,79.0,False,,low,0.9,NORMAL,13.8,992.4,69.0,HEALTHY,replay,1.4,0.0
2025-02-05T23:00:00+00:00,AWS-DEL-102,11.6,990.3,77.0,False,,low,0.5,NORMAL,13.2,992.1,68.0,HEALTHY,replay,0.9,0.0
2025-02-06T00:00:00+00:00,AWS-DEL-102,11.2,990.0,76.0,False,,low,0.4,NORMAL,12.7,991.8,66.0,HEALTHY,replay,0.6,0.0
2025-02-06T01:00:00+00:00,AWS-DEL-102,11.6,989.8,67.0,False,,low,1.9,NORMAL,12.3,991.7,66.0,HEALTHY,replay,3.2,0.0
2025-02-06T02:00:00+00:00,AWS-DEL-102,11.5,989.3,66.0,False,,low,0.7,NORMAL,12.5,991.1,60.0,HEALTHY,replay,1.1,0.0
2025-02-06T03:00:00+00:00,AWS-DEL-102,11.3,989.0,66.0,False,,low,0.7,NORMAL,12.5,990.8,58.0,HEALTHY,replay,1.2,0.0
2025-02-06T04:00:00+00:00,AWS-DEL-102,11.3,988.9,65.0,False,,low,0.8,NORMAL,12.6,990.6,56.0,HEALTHY,replay,1.3,0.0
2025-02-06T05:00:00+00:00,AWS-DEL-102,11.1,989.0,66.0,False,,low,0.8,NORMAL,12.6,990.8,55.0,HEALTHY,replay,1.4,0.0
2025-02-06T06:00:00+00:00,AWS-DEL-102,10.3,990.2,81.0,False,,low,5.7,NORMAL,11.7,992.0,72.0,HEALTHY,replay,9.5,0.0
2025-02-06T07:00:00+00:00,AWS-DEL-102,10.0,990.8,82.0,False,,low,1.1,NORMAL,11.4,992.6,75.0,HEALTHY,replay,1.8,0.0
2025-02-06T08:00:00+00:00,AWS-DEL-102,11.6,991.6,76.0,False,,low,0.8,NORMAL,12.8,993.2,69.0,HEALTHY,replay,1.4,0.0
2025-02-06T09:00:00+00:00,AWS-DEL-102,14.2,992.3,69.0,False,,low,1.1,NORMAL,15.2,993.8,62.0,HEALTHY,replay,1.8,0.0
2025-02-06T10:00:00+00:00,AWS-DEL-102,17.1,992.8,62.0,False,,low,1.2,NORMAL,17.7,994.3,52.0,HEALTHY,replay,2.1,0.0
2025-02-06T11:00:00+00:00,AWS-DEL-102,19.1,992.4,48.0,False,,low,5.1,NORMAL,19.8,993.8,39.0,HEALTHY,replay,8.5,0.0
2025-02-06T12:00:00+00:00,AWS-DEL-102,20.2,991.4,35.0,False,,low,8.7,NORMAL,20.9,992.8,29.0,HEALTHY,replay,14.6,0.0
2025-02-06T13:00:00+00:00,AWS-DEL-102,20.6,990.4,31.0,False,,low,3.3,NORMAL,21.3,992.0,27.0,HEALTHY,replay,5.5,0.0
2025-02-06T14:00:00+00:00,AWS-DEL-102,20.5,989.7,33.0,False,,low,1.7,NORMAL,21.1,991.2,29.0,HEALTHY,replay,2.9,0.0
2025-02-06T15:00:00+00:00,AWS-DEL-102,20.1,989.2,35.0,False,,low,1.0,NORMAL,20.6,990.7,31.0,HEALTHY,replay,1.7,0.0
2025-02-06T16:00:00+00:00,AWS-DEL-102,19.2,989.0,40.0,False,,low,0.6,NORMAL,19.8,990.5,36.0,HEALTHY,replay,1.1,0.0
2025-02-06T17:00:00+00:00,AWS-DEL-102,17.4,988.9,52.0,False,,low,1.5,NORMAL,18.6,990.4,43.0,HEALTHY,replay,2.5,0.0
2025-02-06T18:00:00+00:00,AWS-DEL-102,15.8,989.1,59.0,False,,low,0.6,NORMAL,17.3,990.8,47.0,HEALTHY,replay,1.0,0.0
2025-02-06T19:00:00+00:00,AWS-DEL-102,14.6,989.8,60.0,False,,low,0.6,NORMAL,15.9,991.3,51.0,HEALTHY,replay,1.1,0.0
2025-02-06T20:00:00+00:00,AWS-DEL-102,13.7,990.3,61.0,False,,low,0.3,NORMAL,15.6,991.9,52.0,HEALTHY,replay,0.6,0.0
2025-02-06T21:00:00+00:00,AWS-DEL-102,12.9,990.7,63.0,False,,low,0.2,NORMAL,14.8,992.4,54.0,HEALTHY,replay,0.4,0.0
2025-02-06T22:00:00+00:00,AWS-DEL-102,12.3,990.7,63.0,False,,low,0.3,NORMAL,14.2,992.4,55.0,HEALTHY,replay,0.4,0.0
2025-02-06T23:00:00+00:00,AWS-DEL-102,11.8,990.8,63.0,False,,low,0.3,NORMAL,13.5,992.5,57.0,HEALTHY,replay,0.5,0.0
2025-02-07T00:00:00+00:00,AWS-DEL-102,11.5,990.8,64.0,False,,low,0.3,NORMAL,13.1,992.3,59.0,HEALTHY,replay,0.5,0.0
2025-02-07T01:00:00+00:00,AWS-DEL-102,11.0,990.3,66.0,False,,low,0.3,NORMAL,12.6,992.0,60.0,HEALTHY,replay,0.5,0.0
2025-02-07T02:00:00+00:00,AWS-DEL-102,10.6,989.9,68.0,False,,low,0.2,NORMAL,12.2,991.5,60.0,HEALTHY,replay,0.3,0.0
2025-02-07T03:00:00+00:00,AWS-DEL-102,10.0,989.5,70.0,False,,low,0.1,NORMAL,11.7,991.1,61.0,HEALTHY,replay,0.2,0.0
2025-02-07T04:00:00+00:00,AWS-DEL-102,9.5,989.5,72.0,False,,low,0.2,NORMAL,11.2,991.1,62.0,HEALTHY,replay,0.3,0.0
2025-02-07T05:00:00+00:00,AWS-DEL-102,9.0,989.6,74.0,False,,low,0.3,NORMAL,10.8,991.1,62.0,HEALTHY,replay,0.4,0.0
2025-02-07T06:00:00+00:00,AWS-DEL-102,9.3,990.1,79.0,False,,low,0.3,NORMAL,10.7,991.5,72.0,HEALTHY,replay,0.5,0.0
2025-02-07T07:00:00+00:00,AWS-DEL-102,9.2,990.5,77.0,False,,low,0.2,NORMAL,10.9,991.63,71.0,HEALTHY,replay,0.4,0.0
2025-02-07T08:00:00+00:00,AWS-DEL-102,10.8,991.2,72.0,False,,low,0.3,NORMAL,12.6,992.04,65.0,HEALTHY,replay,0.5,0.0
2025-02-07T09:00:00+00:00,AWS-DEL-102,13.3,991.9,65.0,False,,low,0.6,NORMAL,14.4,993.87,58.0,HEALTHY,replay,1.1,0.0
2025-02-07T10:00:00+00:00,AWS-DEL-102,15.7,992.1,58.0,False,,low,1.0,NORMAL,16.4,993.4,50.0,HEALTHY,replay,1.7,0.0
2025-02-07T11:00:00+00:00,AWS-DEL-102,17.7,991.8,51.0,False,,low,3.3,NORMAL,18.4,993.2,42.0,HEALTHY,replay,5.5,0.0
2025-02-07T12:00:00+00:00,AWS-DEL-102,19.1,991.3,46.0,False,,low,1.8,NORMAL,20.1,992.6,37.0,HEALTHY,replay,3.0,0.0
2025-02-07T13:00:00+00:00,AWS-DEL-102,20.0,990.5,39.0,False,,low,1.6,NORMAL,21.0,991.9,31.0,HEALTHY,replay,2.7,0.0
2025-02-07T14:00:00+00:00,AWS-DEL-102,20.2,989.7,36.0,False,,low,1.1,NORMAL,21.2,991.1,29.0,HEALTHY,replay,1.9,0.0
2025-02-07T15:00:00+00:00,AWS-DEL-102,20.0,989.3,37.0,False,,low,0.9,NORMAL,20.9,990.6,30.0,HEALTHY,replay,1.5,0.0
2025-02-07T16:00:00+00:00,AWS-DEL-102,19.4,989.0,39.0,False,,low,0.7,NORMAL,20.0,990.3,34.0,HEALTHY,replay,1.1,0.0
2025-02-07T17:00:00+00:00,AWS-DEL-102,17.6,988.8,48.0,False,,low,0.6,NORMAL,18.6,990.2,41.0,HEALTHY,replay,1.0,0.0
2025-02-07T18:00:00+00:00,AWS-DEL-102,16.1,988.9,53.0,False,,low,0.4,NORMAL,17.6,990.6,45.0,HEALTHY,replay,0.7,0.0
2025-02-07T19:00:00+00:00,AWS-DEL-102,15.0,989.6,55.0,False,,low,0.4,NORMAL,16.6,991.2,50.0,HEALTHY,replay,0.6,0.0
2025-02-07T20:00:00+00:00,AWS-DEL-102,14.2,989.9,55.0,False,,low,0.2,NORMAL,15.9,991.6,52.0,HEALTHY,replay,0.3,0.0
2025-02-07T21:00:00+00:00,AWS-DEL-102,13.5,989.9,56.0,False,,low,0.2,NORMAL,15.1,991.5,53.0,HEALTHY,replay,0.3,0.0
2025-02-07T22:00:00+00:00,AWS-DEL-102,12.9,989.8,58.0,False,,low,0.2,NORMAL,14.3,991.4,54.0,HEALTHY,replay,0.3,0.0
2025-02-07T23:00:00+00:00,AWS-DEL-102,12.3,989.6,60.0,False,,low,0.1,NORMAL,13.8,991.2,55.0,HEALTHY,replay,0.2,0.0
2025-02-08T00:00:00+00:00,AWS-DEL-102,12.1,988.5,61.0,False,,low,0.3,NORMAL,13.2,990.2,56.0,HEALTHY,replay,0.5,0.0
2025-02-08T01:00:00+00:00,AWS-DEL-102,11.5,988.2,63.0,False,,low,0.1,NORMAL,12.7,989.8,57.0,HEALTHY,replay,0.2,0.0
2025-02-08T02:00:00+00:00,AWS-DEL-102,11.4,987.5,63.0,False,,low,0.3,NORMAL,12.3,989.1,57.0,HEALTHY,replay,0.5,0.0
2025-02-08T03:00:00+00:00,AWS-DEL-102,11.0,987.4,65.0,False,,low,0.2,NORMAL,12.4,989.0,56.0,HEALTHY,replay,0.3,0.0
2025-02-08T04:00:00+00:00,AWS-DEL-102,10.8,987.2,65.0,False,,low,0.2,NORMAL,11.9,988.8,57.0,HEALTHY,replay,0.4,0.0
2025-02-08T05:00:00+00:00,AWS-DEL-102,10.2,987.4,67.0,False,,low,0.3,NORMAL,11.8,989.0,57.0,HEALTHY,replay,0.5,0.0
2025-02-08T06:00:00+00:00,AWS-DEL-102,9.8,988.5,73.0,False,,low,0.3,NORMAL,11.2,990.1,65.0,HEALTHY,replay,0.5,0.0
2025-02-08T07:00:00+00:00,AWS-DEL-102,9.7,989.2,73.0,False,,low,0.2,NORMAL,11.1,990.8,66.0,HEALTHY,replay,0.4,0.0
2025-02-08T08:00:00+00:00,AWS-DEL-102,11.1,990.2,68.0,False,,low,0.2,NORMAL,12.8,991.6,62.0,HEALTHY,replay,0.3,0.0
2025-02-08T09:00:00+00:00,AWS-DEL-102,13.6,991.0,62.0,False,,low,0.3,NORMAL,15.1,992.5,54.0,HEALTHY,replay,0.5,0.0
2025-02-08T10:00:00+00:00,AWS-DEL-102,16.4,991.6,55.0,False,,low,0.7,NORMAL,17.6,993.1,47.0,HEALTHY,replay,1.1,0.0
2025-02-08T11:00:00+00:00,AWS-DEL-102,18.9,991.3,49.0,False,,low,0.8,NORMAL,19.8,992.8,42.0,HEALTHY,replay,1.3,0.0
2025-02-08T12:00:00+00:00,AWS-DEL-102,20.7,990.3,44.0,False,,low,0.9,NORMAL,21.7,991.7,36.0,HEALTHY,replay,1.6,0.0
2025-02-08T13:00:00+00:00,AWS-DEL-102,21.8,989.1,39.0,False,,low,2.1,NORMAL,22.8,990.6,32.0,HEALTHY,replay,3.4,0.0
2025-02-08T14:00:00+00:00,AWS-DEL-102,22.2,988.2,38.0,False,,low,1.9,NORMAL,23.3,989.6,30.0,HEALTHY,replay,3.2,0.0
2025-02-08T15:00:00+00:00,AWS-DEL-102,22.0,987.7,40.0,False,,low,0.8,NORMAL,23.2,989.1,31.0,HEALTHY,replay,1.3,0.0
2025-02-08T16:00:00+00:00,AWS-DEL-102,21.3,987.4,43.0,False,,low,0.5,NORMAL,22.4,988.8,35.0,HEALTHY,replay,0.9,0.0
2025-02-08T17:00:00+00:00,AWS-DEL-102,19.6,987.3,57.0,False,,low,1.2,NORMAL,20.3,989.0,46.0,HEALTHY,replay,1.9,0.0
2025-02-08T18:00:00+00:00,AWS-DEL-102,18.1,987.5,64.0,False,,low,0.8,NORMAL,19.1,989.2,47.0,HEALTHY,replay,1.3,0.0
2025-02-08T19:00:00+00:00,AWS-DEL-102,16.4,988.4,74.0,False,,low,2.8,NORMAL,17.6,990.2,54.0,HEALTHY,replay,4.7,0.0
2025-02-08T20:00:00+00:00,AWS-DEL-102,15.3,988.8,76.0,False,,low,0.7,NORMAL,16.4,990.5,61.0,HEALTHY,replay,1.2,0.0
2025-02-08T21:00:00+00:00,AWS-DEL-102,14.8,989.1,72.0,False,,low,0.3,NORMAL,16.0,990.9,66.0,HEALTHY,replay,0.4,0.0
2025-02-08T22:00:00+00:00,AWS-DEL-102,14.2,989.4,73.0,False,,low,0.1,NORMAL,15.7,991.1,68.0,HEALTHY,replay,0.1,0.0
2025-02-08T23:00:00+00:00,AWS-DEL-102,13.6,989.2,74.0,False,,low,0.1,NORMAL,15.3,990.9,71.0,HEALTHY,replay,0.2,0.0
2025-02-09T00:00:00+00:00,AWS-DEL-102,13.0,988.8,75.0,False,,low,0.1,NORMAL,14.8,990.6,72.0,HEALTHY,replay,0.2,0.0
2025-02-09T01:00:00+00:00,AWS-DEL-102,12.5,988.2,76.0,False,,low,0.1,NORMAL,14.3,990.2,72.0,HEALTHY,replay,0.2,0.0
2025-02-09T02:00:00+00:00,AWS-DEL-102,11.9,987.6,79.0,False,,low,0.1,NORMAL,13.8,989.5,73.0,HEALTHY,replay,0.2,0.0
2025-02-09T03:00:00+00:00,AWS-DEL-102,10.9,987.2,83.0,False,,low,0.1,NORMAL,13.1,989.0,76.0,HEALTHY,replay,0.1,0.0
2025-02-09T04:00:00+00:00,AWS-DEL-102,10.1,987.0,85.0,False,,low,0.1,NORMAL,12.3,988.6,78.0,HEALTHY,replay,0.2,0.0
2025-02-09T05:00:00+00:00,AWS-DEL-102,9.5,986.8,86.0,False,,low,0.1,NORMAL,11.4,988.6,80.0,HEALTHY,replay,0.2,0.0
2025-02-09T06:00:00+00:00,AWS-DEL-102,8.8,987.5,91.0,False,,low,0.2,NORMAL,10.5,989.3,86.0,HEALTHY,replay,0.3,0.0
2025-02-09T07:00:00+00:00,AWS-DEL-102,8.6,988.0,92.0,False,,low,0.3,NORMAL,10.5,989.7,86.0,HEALTHY,replay,0.5,0.0
2025-02-09T08:00:00+00:00,AWS-DEL-102,10.8,989.0,84.0,False,,low,0.5,NORMAL,12.9,990.7,76.0,HEALTHY,replay,0.8,0.0
2025-02-09T09:00:00+00:00,AWS-DEL-102,14.4,990.1,70.0,False,,low,2.3,NORMAL,15.9,991.8,66.0,HEALTHY,replay,3.8,0.0
2025-02-09T10:00:00+00:00,AWS-DEL-102,17.9,990.5,58.0,False,,low,4.0,NORMAL,18.6,992.0,55.0,HEALTHY,replay,6.6,0.0
2025-02-09T11:00:00+00:00,AWS-DEL-102,20.5,990.1,47.0,False,,low,5.5,NORMAL,21.6,991.7,44.0,HEALTHY,replay,9.2,0.0
2025-02-09T12:00:00+00:00,AWS-DEL-102,22.3,989.2,40.0,False,,low,2.8,NORMAL,23.7,990.8,33.0,HEALTHY,replay,4.6,0.0
2025-02-09T13:00:00+00:00,AWS-DEL-102,23.3,988.2,36.0,False,,low,1.4,NORMAL,24.8,989.6,27.0,HEALTHY,replay,2.3,0.0
2025-02-09T14:00:00+00:00,AWS-DEL-102,23.7,987.3,35.0,False,,low,1.5,NORMAL,25.2,988.8,26.0,HEALTHY,replay,2.6,0.0
2025-02-09T15:00:00+00:00,AWS-DEL-102,23.5,986.8,37.0,False,,low,0.4,NORMAL,24.9,988.2,26.0,HEALTHY,replay,0.7,0.0
2025-02-09T16:00:00+00:00,AWS-DEL-102,22.8,986.6,40.0,False,,low,0.3,NORMAL,24.1,988.0,31.0,HEALTHY,replay,0.5,0.0
2025-02-09T17:00:00+00:00,AWS-DEL-102,21.0,986.2,51.0,False,,low,0.6,NORMAL,21.4,987.8,43.0,HEALTHY,replay,1.1,0.0
2025-02-09T18:00:00+00:00,AWS-DEL-102,18.8,986.3,67.0,False,,low,3.2,NORMAL,19.1,988.0,50.0,HEALTHY,replay,5.3,0.0
2025-02-09T19:00:00+00:00,AWS-DEL-102,17.3,986.6,73.0,False,,low,1.4,NORMAL,17.9,988.5,59.0,HEALTHY,replay,2.4,0.0
2025-02-09T20:00:00+00:00,AWS-DEL-102,16.2,987.0,76.0,False,,low,0.9,NORMAL,16.8,988.9,65.0,HEALTHY,replay,1.5,0.0
2025-02-09T21:00:00+00:00,AWS-DEL-102,15.5,987.4,78.0,False,,low,0.4,NORMAL,16.8,989.2,68.0,HEALTHY,replay,0.7,0.0
2025-02-09T22:00:00+00:00,AWS-DEL-102,14.3,987.2,83.0,False,,low,0.6,NORMAL,16.0,989.1,71.0,HEALTHY,replay,0.9,0.0
2025-02-09T23:00:00+00:00,AWS-DEL-102,13.6,986.8,85.0,False,,low,0.2,NORMAL,15.2,988.7,73.0,HEALTHY,replay,0.4,0.0
2025-02-10T00:00:00+00:00,AWS-DEL-102,13.2,986.5,85.0,False,,low,0.2,NORMAL,14.3,988.2,76.0,HEALTHY,replay,0.3,0.0
2025-02-10T01:00:00+00:00,AWS-DEL-102,12.4,986.1,88.0,False,,low,0.2,NORMAL,13.6,987.9,81.0,HEALTHY,replay,0.3,0.0
2025-02-10T02:00:00+00:00,AWS-DEL-102,11.1,985.7,93.0,False,,low,0.2,NORMAL,12.9,987.5,84.0,HEALTHY,replay,0.4,0.0
2025-02-10T03:00:00+00:00,AWS-DEL-102,10.4,985.4,96.0,False,,low,0.3,NORMAL,12.4,987.3,86.0,HEALTHY,replay,0.4,0.0
2025-02-10T04:00:00+00:00,AWS-DEL-102,9.8,985.0,98.0,False,,low,0.3,NORMAL,11.8,986.9,88.0,HEALTHY,replay,0.5,0.0
2025-02-10T05:00:00+00:00,AWS-DEL-102,9.2,985.0,100.0,False,,low,0.3,NORMAL,11.3,987.0,89.0,HEALTHY,replay,0.6,0.0
2025-02-10T06:00:00+00:00,AWS-DEL-102,9.2,986.5,99.0,False,,low,0.4,NORMAL,11.1,988.3,93.0,HEALTHY,replay,0.6,0.0
2025-02-10T07:00:00+00:00,AWS-DEL-102,9.2,986.9,98.0,False,,low,0.4,NORMAL,11.3,988.7,93.0,HEALTHY,replay,0.6,0.0
2025-02-10T08:00:00+00:00,AWS-DEL-102,11.9,988.1,87.0,False,,low,1.0,NORMAL,13.9,989.8,84.0,HEALTHY,replay,1.7,0.0
2025-02-10T09:00:00+00:00,AWS-DEL-102,16.1,989.4,71.0,False,,low,15.8,NORMAL,17.4,992.5,73.0,HEALTHY,replay,26.3,0.0
2025-02-10T10:00:00+00:00,AWS-DEL-102,19.8,990.0,56.0,False,,low,24.6,NORMAL,21.1,993.2,57.0,HEALTHY,replay,41.1,0.0
2025-02-10T11:00:00+00:00,AWS-DEL-102,22.7,989.9,43.0,False,,low,21.1,NORMAL,24.0,992.9,40.0,HEALTHY,replay,35.2,0.0
2025-02-10T12:00:00+00:00,AWS-DEL-102,24.3,989.1,37.0,False,,low,6.6,NORMAL,25.8,992.09,31.0,HEALTHY,replay,11.0,0.0
2025-02-10T13:00:00+00:00,AWS-DEL-102,25.0,988.1,36.0,False,,low,1.8,NORMAL,26.2,989.5,26.0,HEALTHY,replay,3.1,0.0
2025-02-10T14:00:00+00:00,AWS-DEL-102,25.1,987.3,36.0,False,,low,0.9,NORMAL,26.6,988.8,24.0,HEALTHY,replay,1.5,0.0
2025-02-10T15:00:00+00:00,AWS-DEL-102,25.2,986.8,36.0,False,,low,0.4,NORMAL,27.0,988.2,24.0,HEALTHY,replay,0.7,0.0
2025-02-10T16:00:00+00:00,AWS-DEL-102,24.6,986.6,37.0,False,,low,0.5,NORMAL,26.6,988.1,28.0,HEALTHY,replay,0.8,0.0
2025-02-10T17:00:00+00:00,AWS-DEL-102,22.8,986.4,47.0,False,,low,0.5,NORMAL,24.5,987.9,37.0,HEALTHY,replay,0.8,0.0
2025-02-10T18:00:00+00:00,AWS-DEL-102,20.1,986.3,66.0,False,,low,7.4,NORMAL,22.2,988.1,47.0,HEALTHY,replay,12.3,0.0
2025-02-10T19:00:00+00:00,AWS-DEL-102,18.9,986.8,68.0,False,,low,1.1,NORMAL,20.9,988.8,57.0,HEALTHY,replay,1.8,0.0
2025-02-10T20:00:00+00:00,AWS-DEL-102,18.4,987.2,64.0,False,,low,0.6,NORMAL,19.2,989.2,60.0,HEALTHY,replay,1.0,0.0
2025-02-10T21:00:00+00:00,AWS-DEL-102,17.5,987.4,68.0,False,,low,0.2,NORMAL,17.5,989.3,64.0,HEALTHY,replay,0.4,0.0
2025-02-10T22:00:00+00:00,AWS-DEL-102,16.6,987.8,75.0,False,,low,0.5,NORMAL,16.1,989.7,78.0,HEALTHY,replay,0.9,0.0
2025-02-10T23:00:00+00:00,AWS-DEL-102,15.9,987.6,78.0,False,,low,0.3,NORMAL,15.3,989.4,83.0,HEALTHY,replay,0.6,0.0
2025-02-11T00:00:00+00:00,AWS-DEL-102,14.8,987.0,83.0,False,,low,0.3,NORMAL,14.8,988.9,86.0,HEALTHY,replay,0.6,0.0
2025-02-11T01:00:00+00:00,AWS-DEL-102,14.3,986.4,85.0,False,,low,0.3,NORMAL,14.0,988.2,88.0,HEALTHY,replay,0.5,0.0
2025-02-11T02:00:00+00:00,AWS-DEL-102,13.5,985.7,88.0,False,,low,0.7,NORMAL,13.1,987.5,92.0,HEALTHY,replay,1.1,0.0
2025-02-11T03:00:00+00:00,AWS-DEL-102,13.0,985.6,90.0,False,,low,0.6,NORMAL,12.8,987.4,93.0,HEALTHY,replay,1.0,0.0
2025-02-11T04:00:00+00:00,AWS-DEL-102,12.4,985.5,90.0,False,,low,0.5,NORMAL,12.9,987.2,92.0,HEALTHY,replay,0.9,0.0
2025-02-11T05:00:00+00:00,AWS-DEL-102,12.0,985.7,89.0,False,,low,0.9,NORMAL,12.7,987.5,91.0,HEALTHY,replay,1.5,0.0
2025-02-11T06:00:00+00:00,AWS-DEL-102,11.5,986.3,88.0,False,,low,0.6,NORMAL,12.6,988.2,90.0,HEALTHY,replay,1.0,0.0
2025-02-11T07:00:00+00:00,AWS-DEL-102,11.2,986.7,90.0,False,,low,0.4,NORMAL,12.3,988.5,93.0,HEALTHY,replay,0.7,0.0
2025-02-11T08:00:00+00:00,AWS-DEL-102,13.5,987.7,80.0,False,,low,0.7,NORMAL,14.3,989.4,83.0,HEALTHY,replay,1.2,0.0
2025-02-11T09:00:00+00:00,AWS-DEL-102,17.7,988.7,65.0,False,,low,7.5,NORMAL,18.4,990.5,68.0,HEALTHY,replay,12.4,0.0
2025-02-11T10:00:00+00:00,AWS-DEL-102,21.5,989.5,52.0,False,,low,18.1,NORMAL,22.0,991.1,51.0,HEALTHY,replay,30.1,0.0
2025-02-11T11:00:00+00:00,AWS-DEL-102,24.0,989.1,46.0,False,,low,8.8,NORMAL,24.6,990.6,38.0,HEALTHY,replay,14.6,0.0
2025-02-11T12:00:00+00:00,AWS-DEL-102,25.6,988.3,42.0,False,,low,3.4,NORMAL,26.2,989.8,36.0,HEALTHY,replay,5.7,0.0
2025-02-11T13:00:00+00:00,AWS-DEL-102,26.4,987.3,39.0,False,,low,2.4,NORMAL,27.3,988.8,32.0,HEALTHY,replay,3.9,0.0
2025-02-11T14:00:00+00:00,AWS-DEL-102,26.6,986.3,39.0,False,,low,2.1,NORMAL,27.9,987.9,26.0,HEALTHY,replay,3.5,0.0
2025-02-11T15:00:00+00:00,AWS-DEL-102,26.3,985.7,40.0,False,,low,1.1,NORMAL,27.7,987.2,25.0,HEALTHY,replay,1.8,0.0
2025-02-11T16:00:00+00:00,AWS-DEL-102,25.4,985.5,43.0,False,,low,0.9,NORMAL,26.5,987.0,32.0,HEALTHY,replay,1.6,0.0
2025-02-11T17:00:00+00:00,AWS-DEL-102,23.3,985.4,56.0,False,,low,2.5,NORMAL,24.9,987.0,40.0,HEALTHY,replay,4.2,0.0
2025-02-11T18:00:00+00:00,AWS-DEL-102,21.5,985.2,57.0,False,,low,0.7,NORMAL,23.5,987.0,44.0,HEALTHY,replay,1.1,0.0
2025-02-11T19:00:00+00:00,AWS-DEL-102,19.9,985.5,65.0,False,,low,0.6,NORMAL,21.9,987.5,52.0,HEALTHY,replay,1.0,0.0
2025-02-11T20:00:00+00:00,AWS-DEL-102,19.6,985.9,63.0,False,,low,0.3,NORMAL,19.9,987.8,56.0,HEALTHY,replay,0.4,0.0
2025-02-11T21:00:00+00:00,AWS-DEL-102,19.2,986.2,64.0,False,,low,0.2,NORMAL,17.9,988.1,69.0,HEALTHY,replay,0.3,0.0
2025-02-11T22:00:00+00:00,AWS-DEL-102,17.9,986.8,68.0,False,,low,0.3,NORMAL,17.3,988.6,75.0,HEALTHY,replay,0.6,0.0
2025-02-11T23:00:00+00:00,AWS-DEL-102,16.8,986.7,74.0,False,,low,0.2,NORMAL,15.9,988.4,82.0,HEALTHY,replay,0.4,0.0
2025-02-12T00:00:00+00:00,AWS-DEL-102,16.3,986.4,77.0,False,,low,0.3,NORMAL,15.6,988.3,81.0,HEALTHY,replay,0.4,0.0
2025-02-12T01:00:00+00:00,AWS-DEL-102,15.6,986.0,80.0,False,,low,0.3,NORMAL,14.9,988.0,83.0,HEALTHY,replay,0.5,0.0
2025-02-12T02:00:00+00:00,AWS-DEL-102,15.2,985.8,79.0,False,,low,0.2,NORMAL,14.1,987.5,84.0,HEALTHY,replay,0.4,0.0
2025-02-12T03:00:00+00:00,AWS-DEL-102,14.1,985.4,82.0,False,,low,0.1,NORMAL,13.7,987.1,79.0,HEALTHY,replay,0.2,0.0
2025-02-12T04:00:00+00:00,AWS-DEL-102,12.9,985.5,85.0,False,,low,0.1,NORMAL,13.3,987.2,78.0,HEALTHY,replay,0.2,0.0
2025-02-12T05:00:00+00:00,AWS-DEL-102,12.1,986.0,85.0,False,,low,0.1,NORMAL,12.9,987.6,75.0,HEALTHY,replay,0.2,0.0
2025-02-12T06:00:00+00:00,AWS-DEL-102,12.0,986.7,95.0,False,,low,0.9,NORMAL,13.2,988.3,84.0,HEALTHY,replay,1.5,0.0
2025-02-12T07:00:00+00:00,AWS-DEL-102,11.8,987.4,92.0,False,,low,0.2,NORMAL,13.6,989.0,81.0,HEALTHY,replay,0.3,0.0
2025-02-12T08:00:00+00:00,AWS-DEL-102,13.5,988.6,83.0,False,,low,0.5,NORMAL,15.2,990.1,70.0,HEALTHY,replay,0.8,0.0
2025-02-12T09:00:00+00:00,AWS-DEL-102,16.2,989.9,71.0,False,,low,3.9,NORMAL,17.8,991.3,59.0,HEALTHY,replay,6.5,0.0
2025-02-12T10:00:00+00:00,AWS-DEL-102,19.0,990.1,61.0,False,,low,4.1,NORMAL,20.6,991.6,47.0,HEALTHY,replay,6.8,0.0
2025-02-12T11:00:00+00:00,AWS-DEL-102,21.5,990.0,52.0,False,,low,2.2,NORMAL,23.3,991.4,36.0,HEALTHY,replay,3.7,0.0
2025-02-12T12:00:00+00:00,AWS-DEL-102,23.4,989.4,40.0,False,,low,4.2,NORMAL,24.9,990.8,27.0,HEALTHY,replay,7.0,0.0
2025-02-12T13:00:00+00:00,AWS-DEL-102,24.0,988.4,31.0,False,,low,3.8,NORMAL,25.3,989.7,25.0,HEALTHY,replay,6.4,0.0
2025-02-12T14:00:00+00:00,AWS-DEL-102,24.0,987.4,30.0,False,,low,2.2,NORMAL,25.6,988.7,24.0,HEALTHY,replay,3.6,0.0
2025-02-12T15:00:00+00:00,AWS-DEL-102,23.6,987.5,33.0,False,,low,0.6,NORMAL,25.41,988.9,24.0,HEALTHY,replay,1.1,0.0
2025-02-12T16:00:00+00:00,AWS-DEL-102,22.8,987.5,36.0,False,,low,0.5,NORMAL,24.6,988.9,29.0,HEALTHY,replay,0.9,0.0
2025-02-12T17:00:00+00:00,AWS-DEL-102,20.9,987.5,48.0,False,,low,1.0,NORMAL,22.9,988.9,36.0,HEALTHY,replay,1.6,0.0
2025-02-12T18:00:00+00:00,AWS-DEL-102,19.2,988.0,55.0,False,,low,0.5,NORMAL,21.2,989.5,44.0,HEALTHY,replay,0.8,0.0
2025-02-12T19:00:00+00:00,AWS-DEL-102,18.3,988.5,53.0,False,,low,0.4,NORMAL,20.3,990.1,47.0,HEALTHY,replay,0.6,0.0
2025-02-12T20:00:00+00:00,AWS-DEL-102,18.0,988.9,50.0,False,,low,0.3,NORMAL,19.6,990.4,46.0,HEALTHY,replay,0.5,0.0
2025-02-12T21:00:00+00:00,AWS-DEL-102,17.7,989.0,47.0,False,,low,0.4,NORMAL,19.0,990.8,46.0,HEALTHY,replay,0.6,0.0
2025-02-12T22:00:00+00:00,AWS-DEL-102,17.0,989.3,46.0,False,,low,0.5,NORMAL,18.2,990.6,45.0,HEALTHY,replay,0.8,0.0
2025-02-12T23:00:00+00:00,AWS-DEL-102,16.2,989.0,46.0,False,,low,0.5,NORMAL,17.4,990.4,44.0,HEALTHY,replay,0.8,0.0
2025-02-13T00:00:00+00:00,AWS-DEL-102,15.6,988.6,47.0,False,,low,0.7,NORMAL,16.7,990.1,45.0,HEALTHY,replay,1.1,0.0
2025-02-13T01:00:00+00:00,AWS-DEL-102,14.9,988.5,50.0,False,,low,0.5,NORMAL,16.0,990.2,46.0,HEALTHY,replay,0.8,0.0
2025-02-13T02:00:00+00:00,AWS-DEL-102,13.9,988.2,55.0,False,,low,0.4,NORMAL,15.3,989.8,49.0,HEALTHY,replay,0.6,0.0
2025-02-13T03:00:00+00:00,AWS-DEL-102,13.2,987.6,58.0,False,,low,0.2,NORMAL,14.7,989.4,54.0,HEALTHY,replay,0.4,0.0
2025-02-13T04:00:00+00:00,AWS-DEL-102,12.6,987.3,60.0,False,,low,0.2,NORMAL,13.9,988.9,59.0,HEALTHY,replay,0.3,0.0
2025-02-13T05:00:00+00:00,AWS-DEL-102,11.7,987.6,64.0,False,,low,0.2,NORMAL,13.5,989.0,62.0,HEALTHY,replay,0.4,0.0
2025-02-13T06:00:00+00:00,AWS-DEL-102,11.6,987.7,77.0,False,,low,3.9,NORMAL,14.1,989.2,65.0,HEALTHY,replay,6.6,0.0
2025-02-13T07:00:00+00:00,AWS-DEL-102,11.3,988.6,79.0,False,,low,0.9,NORMAL,14.3,990.0,65.0,HEALTHY,replay,1.5,0.0
2025-02-13T08:00:00+00:00,AWS-DEL-102,12.7,989.7,76.0,False,,low,0.7,NORMAL,15.9,991.1,63.0,HEALTHY,replay,1.1,0.0
2025-02-13T09:00:00+00:00,AWS-DEL-102,15.3,990.6,68.0,False,,low,0.8,NORMAL,17.6,991.8,56.0,HEALTHY,replay,1.4,0.0
2025-02-13T10:00:00+00:00,AWS-DEL-102,17.9,990.8,60.0,False,,low,0.6,NORMAL,20.0,991.8,47.0,HEALTHY,replay,1.1,0.0
2025-02-13T11:00:00+00:00,AWS-DEL-102,20.1,990.6,48.0,False,,low,2.0,NORMAL,22.2,991.9,39.0,HEALTHY,replay,3.3,0.0
2025-02-13T12:00:00+00:00,AWS-DEL-102,21.5,989.6,42.0,False,,low,1.2,NORMAL,23.8,990.9,35.0,HEALTHY,replay,2.0,0.0
2025-02-13T13:00:00+00:00,AWS-DEL-102,22.2,988.5,37.0,False,,low,1.6,NORMAL,24.5,989.8,30.0,HEALTHY,replay,2.7,0.0
2025-02-13T14:00:00+00:00,AWS-DEL-102,22.5,987.8,37.0,False,,low,0.8,NORMAL,24.8,989.1,28.0,HEALTHY,replay,1.3,0.0
2025-02-13T15:00:00+00:00,AWS-DEL-102,22.3,987.1,37.0,False,,low,0.5,NORMAL,24.5,988.4,28.0,HEALTHY,replay,0.8,0.0
2025-02-13T16:00:00+00:00,AWS-DEL-102,21.6,987.0,39.0,False,,low,0.3,NORMAL,22.6,988.3,32.0,HEALTHY,replay,0.5,0.0
2025-02-13T17:00:00+00:00,AWS-DEL-102,19.9,987.0,49.0,False,,low,0.3,NORMAL,21.3,988.4,39.0,HEALTHY,replay,0.6,0.0
2025-02-13T18:00:00+00:00,AWS-DEL-102,18.2,987.4,59.0,False,,low,0.4,NORMAL,20.4,988.9,46.0,HEALTHY,replay,0.7,0.0
2025-02-13T19:00:00+00:00,AWS-DEL-102,17.0,987.8,59.0,False,,low,0.2,NORMAL,19.4,989.4,49.0,HEALTHY,replay,0.3,0.0
2025-02-13T20:00:00+00:00,AWS-DEL-102,16.4,988.2,56.0,False,,low,0.1,NORMAL,18.6,989.8,48.0,HEALTHY,replay,0.2,0.0
2025-02-13T21:00:00+00:00,AWS-DEL-102,15.9,988.1,52.0,False,,low,0.2,NORMAL,17.9,989.8,46.0,HEALTHY,replay,0.3,0.0
2025-02-13T22:00:00+00:00,AWS-DEL-102,15.4,988.1,49.0,False,,low,0.2,NORMAL,17.2,989.8,45.0,HEALTHY,replay,0.3,0.0
2025-02-13T23:00:00+00:00,AWS-DEL-102,14.7,987.8,49.0,False,,low,0.2,NORMAL,16.3,989.4,44.0,HEALTHY,replay,0.4,0.0
2025-02-14T00:00:00+00:00,AWS-DEL-102,13.7,987.2,52.0,False,,low,0.2,NORMAL,15.2,988.8,45.0,HEALTHY,replay,0.3,0.0
2025-02-14T01:00:00+00:00,AWS-DEL-102,13.0,986.9,54.0,False,,low,0.2,NORMAL,14.4,988.4,46.0,HEALTHY,replay,0.3,0.0
2025-02-14T02:00:00+00:00,AWS-DEL-102,12.2,986.6,57.0,False,,low,0.1,NORMAL,13.9,988.2,47.0,HEALTHY,replay,0.2,0.0
2025-02-14T03:00:00+00:00,AWS-DEL-102,11.5,986.3,59.0,False,,low,0.1,NORMAL,13.8,988.0,47.0,HEALTHY,replay,0.2,0.0
2025-02-14T04:00:00+00:00,AWS-DEL-102,10.9,986.0,62.0,False,,low,0.2,NORMAL,13.2,987.5,50.0,HEALTHY,replay,0.3,0.0
2025-02-14T05:00:00+00:00,AWS-DEL-102,10.4,985.8,65.0,False,,low,0.3,NORMAL,12.8,987.4,52.0,HEALTHY,replay,0.5,0.0
2025-02-14T06:00:00+00:00,AWS-DEL-102,9.9,986.8,72.0,False,,low,0.5,NORMAL,12.0,988.3,62.0,HEALTHY,replay,0.9,0.0
2025-02-14T07:00:00+00:00,AWS-DEL-102,10.0,987.2,72.0,False,,low,0.4,NORMAL,12.3,988.7,60.0,HEALTHY,replay,0.7,0.0
2025-02-14T08:00:00+00:00,AWS-DEL-102,12.0,988.1,66.0,False,,low,0.4,NORMAL,13.9,989.5,55.0,HEALTHY,replay,0.6,0.0
2025-02-14T09:00:00+00:00,AWS-DEL-102,15.1,989.2,58.0,False,,low,1.1,NORMAL,16.4,990.5,48.0,HEALTHY,replay,1.9,0.0
2025-02-14T10:00:00+00:00,AWS-DEL-102,17.9,989.5,50.0,False,,low,1.0,NORMAL,19.0,990.9,41.0,HEALTHY,replay,1.6,0.0
2025-02-14T11:00:00+00:00,AWS-DEL-102,20.2,989.0,45.0,False,,low,1.1,NORMAL,21.4,990.3,34.0,HEALTHY,replay,1.9,0.0
2025-02-14T12:00:00+00:00,AWS-DEL-102,21.8,987.9,39.0,False,,low,1.3,NORMAL,23.2,989.3,27.0,HEALTHY,replay,2.1,0.0
2025-02-14T13:00:00+00:00,AWS-DEL-102,22.8,986.7,36.0,False,,low,2.2,NORMAL,24.2,988.1,25.0,HEALTHY,replay,3.6,0.0
2025-02-14T14:00:00+00:00,AWS-DEL-102,23.2,985.9,38.0,False,,low,2.0,NORMAL,24.6,987.2,26.0,HEALTHY,replay,3.3,0.0
2025-02-14T15:00:00+00:00,AWS-DEL-102,23.1,985.1,39.0,False,,low,1.4,NORMAL,24.5,986.5,27.0,HEALTHY,replay,2.3,0.0
2025-02-14T16:00:00+00:00,AWS-DEL-102,22.6,984.7,43.0,False,,low,1.3,NORMAL,24.0,986.2,30.0,HEALTHY,replay,2.2,0.0
2025-02-14T17:00:00+00:00,AWS-DEL-102,21.1,984.6,52.0,False,,low,2.2,NORMAL,22.7,986.1,36.0,HEALTHY,replay,3.7,0.0
2025-02-14T18:00:00+00:00,AWS-DEL-102,19.8,984.5,60.0,False,,low,1.3,NORMAL,20.8,986.3,39.0,HEALTHY,replay,2.1,0.0
2025-02-14T19:00:00+00:00,AWS-DEL-102,18.6,985.1,64.0,False,,low,0.5,NORMAL,19.9,986.9,43.0,HEALTHY,replay,0.8,0.0
2025-02-14T20:00:00+00:00,AWS-DEL-102,17.4,985.5,67.0,False,,low,0.3,NORMAL,19.0,987.2,44.0,HEALTHY,replay,0.5,0.0
2025-02-14T21:00:00+00:00,AWS-DEL-102,16.1,985.7,71.0,False,,low,0.3,NORMAL,18.3,987.3,47.0,HEALTHY,replay,0.5,0.0
2025-02-14T22:00:00+00:00,AWS-DEL-102,16.2,985.8,67.0,False,,low,0.3,NORMAL,17.6,987.2,46.0,HEALTHY,replay,0.4,0.0
2025-02-14T23:00:00+00:00,AWS-DEL-102,15.3,985.2,69.0,False,,low,0.2,NORMAL,16.8,986.8,48.0,HEALTHY,replay,0.3,0.0
2025-02-15T00:00:00+00:00,AWS-DEL-102,14.4,984.2,72.0,False,,low,0.4,NORMAL,16.2,986.0,52.0,HEALTHY,replay,0.7,0.0
2025-02-15T01:00:00+00:00,AWS-DEL-102,13.4,983.7,77.0,False,,low,0.6,NORMAL,15.7,985.5,56.0,HEALTHY,replay,1.0,0.0
2025-02-15T02:00:00+00:00,AWS-DEL-102,13.3,983.0,75.0,False,,low,1.0,NORMAL,15.4,984.6,60.0,HEALTHY,replay,1.7,0.0
2025-02-15T03:00:00+00:00,AWS-DEL-102,12.9,982.5,77.0,False,,low,1.2,NORMAL,14.7,984.3,60.0,HEALTHY,replay,1.9,0.0
2025-02-15T04:00:00+00:00,AWS-DEL-102,12.4,982.1,78.0,False,,low,1.5,NORMAL,12.7,984.1,66.0,HEALTHY,replay,2.5,0.0
2025-02-15T05:00:00+00:00,AWS-DEL-102,12.1,982.0,77.0,False,,low,1.4,NORMAL,12.7,983.9,68.0,HEALTHY,replay,2.3,0.0
2025-02-15T06:00:00+00:00,AWS-DEL-102,11.7,983.3,80.0,False,,low,1.1,NORMAL,12.2,985.0,74.0,HEALTHY,replay,1.9,0.0
2025-02-15T07:00:00+00:00,AWS-DEL-102,11.9,984.1,78.0,False,,low,3.3,NORMAL,12.5,986.0,73.0,HEALTHY,replay,5.5,0.0
2025-02-15T08:00:00+00:00,AWS-DEL-102,14.6,984.9,67.0,False,,low,3.7,NORMAL,15.8,986.7,61.0,HEALTHY,replay,6.1,0.0
2025-02-15T09:00:00+00:00,AWS-DEL-102,18.9,985.9,49.0,False,,low,38.4,NORMAL,19.5,987.7,48.0,HEALTHY,replay,64.0,0.0
2025-02-15T10:00:00+00:00,AWS-DEL-102,22.1,986.2,38.0,False,,low,38.0,NORMAL,22.8,988.0,36.0,HEALTHY,replay,63.4,0.0
2025-02-15T11:00:00+00:00,AWS-DEL-102,24.4,985.8,31.0,False,,low,15.5,NORMAL,25.1,987.6,29.0,HEALTHY,replay,25.8,0.0
2025-02-15T12:00:00+00:00,AWS-DEL-102,25.8,985.1,28.0,False,,low,10.4,NORMAL,25.6,986.8,28.0,HEALTHY,replay,17.3,0.0
2025-02-15T13:00:00+00:00,AWS-DEL-102,26.3,984.2,27.0,False,,low,3.3,NORMAL,25.6,986.1,28.0,HEALTHY,replay,5.5,0.0
2025-02-15T14:00:00+00:00,AWS-DEL-102,26.2,983.4,26.0,False,,low,1.4,NORMAL,25.6,985.4,26.0,HEALTHY,replay,2.4,0.0
2025-02-15T15:00:00+00:00,AWS-DEL-102,25.9,982.9,27.0,False,,low,0.9,NORMAL,25.6,984.9,27.0,HEALTHY,replay,1.4,0.0
2025-02-15T16:00:00+00:00,AWS-DEL-102,25.2,983.1,28.0,False,,low,0.7,NORMAL,24.9,984.9,28.0,HEALTHY,replay,1.1,0.0
2025-02-15T17:00:00+00:00,AWS-DEL-102,23.8,983.4,31.0,False,,low,0.7,NORMAL,23.7,985.4,31.0,HEALTHY,replay,1.2,0.0
2025-02-15T18:00:00+00:00,AWS-DEL-102,21.5,983.5,51.0,False,,low,3.9,NORMAL,21.5,985.3,44.0,HEALTHY,replay,6.5,0.0
2025-02-15T19:00:00+00:00,AWS-DEL-102,19.8,984.3,56.0,False,,low,1.0,NORMAL,19.9,986.2,53.0,HEALTHY,replay,1.6,0.0
2025-02-15T20:00:00+00:00,AWS-DEL-102,19.1,985.0,53.0,False,,low,0.5,NORMAL,18.5,986.8,57.0,HEALTHY,replay,0.8,0.0
2025-02-15T21:00:00+00:00,AWS-DEL-102,18.7,985.1,53.0,False,,low,0.3,NORMAL,17.0,987.1,59.0,HEALTHY,replay,0.5,0.0
2025-02-15T22:00:00+00:00,AWS-DEL-102,18.1,985.0,54.0,False,,low,0.3,NORMAL,15.9,986.9,64.0,HEALTHY,replay,0.5,0.0
2025-02-15T23:00:00+00:00,AWS-DEL-102,17.0,984.9,59.0,False,,low,0.1,NORMAL,15.5,986.7,66.0,HEALTHY,replay,0.2,0.0
2025-02-16T00:00:00+00:00,AWS-DEL-102,16.2,984.5,64.0,False,,low,0.3,NORMAL,14.9,986.2,69.0,HEALTHY,replay,0.4,0.0
2025-02-16T01:00:00+00:00,AWS-DEL-102,15.1,984.5,71.0,False,,low,0.3,NORMAL,14.3,986.2,72.0,HEALTHY,replay,0.4,0.0
2025-02-16T02:00:00+00:00,AWS-DEL-102,13.7,984.0,78.0,False,,low,0.4,NORMAL,13.4,985.9,75.0,HEALTHY,replay,0.7,0.0
2025-02-16T03:00:00+00:00,AWS-DEL-102,12.7,983.7,83.0,False,,low,0.3,NORMAL,12.5,985.8,77.0,HEALTHY,replay,0.5,0.0
2025-02-16T04:00:00+00:00,AWS-DEL-102,12.5,983.8,81.0,False,,low,0.2,NORMAL,12.2,985.7,78.0,HEALTHY,replay,0.3,0.0
2025-02-16T05:00:00+00:00,AWS-DEL-102,12.8,983.7,78.0,False,,low,0.5,NORMAL,11.6,985.6,81.0,HEALTHY,replay,0.8,0.0
2025-02-16T06:00:00+00:00,AWS-DEL-102,12.9,985.3,81.0,False,,low,0.4,NORMAL,11.1,987.1,89.0,HEALTHY,replay,0.6,0.0
2025-02-16T07:00:00+00:00,AWS-DEL-102,12.9,985.8,81.0,False,,low,0.3,NORMAL,11.3,987.6,90.0,HEALTHY,replay,0.5,0.0
2025-02-16T08:00:00+00:00,AWS-DEL-102,14.9,986.7,76.0,False,,low,0.3,NORMAL,14.4,988.5,77.0,HEALTHY,replay,0.5,0.0
2025-02-16T09:00:00+00:00,AWS-DEL-102,18.4,987.8,64.0,False,,low,2.3,NORMAL,18.8,989.4,61.0,HEALTHY,replay,3.8,0.0
2025-02-16T10:00:00+00:00,AWS-DEL-102,21.3,988.0,54.0,False,,low,3.1,NORMAL,21.8,989.6,47.0,HEALTHY,replay,5.2,0.0
2025-02-16T11:00:00+00:00,AWS-DEL-102,23.3,987.7,45.0,False,,low,2.0,NORMAL,23.9,989.2,36.0,HEALTHY,replay,3.3,0.0
2025-02-16T12:00:00+00:00,AWS-DEL-102,24.3,987.2,41.0,False,,low,1.2,NORMAL,25.1,988.6,31.0,HEALTHY,replay,2.0,0.0
2025-02-16T13:00:00+00:00,AWS-DEL-102,24.7,985.9,40.0,False,,low,0.8,NORMAL,25.8,987.4,30.0,HEALTHY,replay,1.4,0.0
2025-02-16T14:00:00+00:00,AWS-DEL-102,24.9,985.1,40.0,False,,low,0.7,NORMAL,26.6,986.5,31.0,HEALTHY,replay,1.2,0.0
2025-02-16T15:00:00+00:00,AWS-DEL-102,25.0,984.6,40.0,False,,low,0.4,NORMAL,26.5,986.0,31.0,HEALTHY,replay,0.6,0.0
2025-02-16T16:00:00+00:00,AWS-DEL-102,24.6,984.7,41.0,False,,low,0.3,NORMAL,26.0,986.2,32.0,HEALTHY,replay,0.4,0.0
2025-02-16T17:00:00+00:00,AWS-DEL-102,23.5,985.1,46.0,False,,low,0.2,NORMAL,24.9,986.7,38.0,HEALTHY,replay,0.3,0.0
2025-02-16T18:00:00+00:00,AWS-DEL-102,21.3,985.5,50.0,False,,low,0.2,NORMAL,23.1,987.0,47.0,HEALTHY,replay,0.3,0.0
2025-02-16T19:00:00+00:00,AWS-DEL-102,20.2,986.4,56.0,False,,low,0.2,NORMAL,21.0,988.34,56.0,HEALTHY,replay,0.4,0.0
2025-02-16T20:00:00+00:00,AWS-DEL-102,20.5,986.9,58.0,False,,low,0.2,NORMAL,19.5,988.64,64.0,HEALTHY,replay,0.3,0.0
2025-02-16T21:00:00+00:00,AWS-DEL-102,19.5,987.4,62.0,False,,low,0.2,NORMAL,18.8,989.57,70.0,HEALTHY,replay,0.3,0.0
2025-02-16T22:00:00+00:00,AWS-DEL-102,18.9,987.7,65.0,False,,low,0.2,NORMAL,16.9,989.76,78.0,HEALTHY,replay,0.3,0.0
2025-02-16T23:00:00+00:00,AWS-DEL-102,18.0,987.7,68.0,False,,low,0.2,NORMAL,16.3,989.5,75.0,HEALTHY,replay,0.3,0.0
2025-02-17T00:00:00+00:00,AWS-DEL-102,17.3,987.6,71.0,False,,low,0.2,NORMAL,15.7,989.4,79.0,HEALTHY,replay,0.4,0.0
2025-02-17T01:00:00+00:00,AWS-DEL-102,16.7,987.3,74.0,False,,low,0.2,NORMAL,15.0,989.0,82.0,HEALTHY,replay,0.3,0.0
2025-02-17T02:00:00+00:00,AWS-DEL-102,15.7,987.0,79.0,False,,low,0.2,NORMAL,14.6,988.7,82.0,HEALTHY,replay,0.4,0.0
2025-02-17T03:00:00+00:00,AWS-DEL-102,16.2,986.8,76.0,False,,low,0.4,NORMAL,15.0,988.4,82.0,HEALTHY,replay,0.7,0.0
2025-02-17T04:00:00+00:00,AWS-DEL-102,15.7,986.8,79.0,False,,low,0.3,NORMAL,15.5,988.6,80.0,HEALTHY,replay,0.5,0.0
2025-02-17T05:00:00+00:00,AWS-DEL-102,15.3,986.7,84.0,False,,low,0.4,NORMAL,15.9,988.4,78.0,HEALTHY,replay,0.7,0.0
2025-02-17T06:00:00+00:00,AWS-DEL-102,14.7,987.9,86.0,False,,low,0.4,NORMAL,14.9,989.6,84.0,HEALTHY,replay,0.6,0.0
2025-02-17T07:00:00+00:00,AWS-DEL-102,14.6,988.6,88.0,False,,low,0.4,NORMAL,15.3,990.3,83.0,HEALTHY,replay,0.6,0.0
2025-02-17T08:00:00+00:00,AWS-DEL-102,16.2,989.6,81.0,False,,low,0.6,NORMAL,17.4,991.4,72.0,HEALTHY,replay,1.0,0.0
2025-02-17T09:00:00+00:00,AWS-DEL-102,19.7,990.6,63.0,False,,low,3.7,NORMAL,20.4,992.5,59.0,HEALTHY,replay,6.1,0.0
2025-02-17T10:00:00+00:00,AWS-DEL-102,22.6,990.9,49.0,False,,low,7.3,NORMAL,23.2,992.6,43.0,HEALTHY,replay,12.1,0.0
2025-02-17T11:00:00+00:00,AWS-DEL-102,24.6,990.8,39.0,False,,low,10.8,NORMAL,25.2,992.4,35.0,HEALTHY,replay,18.0,0.0
2025-02-17T12:00:00+00:00,AWS-DEL-102,25.9,990.3,34.0,False,,low,5.5,NORMAL,26.7,991.9,29.0,HEALTHY,replay,9.2,0.0
2025-02-17T13:00:00+00:00,AWS-DEL-102,26.4,989.3,32.0,False,,low,4.9,NORMAL,27.8,990.8,25.0,HEALTHY,replay,8.1,0.0
2025-02-17T14:00:00+00:00,AWS-DEL-102,26.9,988.4,30.0,False,,low,2.6,NORMAL,28.3,989.8,22.0,HEALTHY,replay,4.4,0.0
2025-02-17T15:00:00+00:00,AWS-DEL-102,26.7,988.1,30.0,False,,low,1.1,NORMAL,28.4,989.4,21.0,HEALTHY,replay,1.9,0.0
2025-02-17T16:00:00+00:00,AWS-DEL-102,25.9,987.9,33.0,False,,low,1.0,NORMAL,28.0,989.2,23.0,HEALTHY,replay,1.7,0.0
2025-02-17T17:00:00+00:00,AWS-DEL-102,24.6,987.6,38.0,False,,low,0.5,NORMAL,26.4,989.1,30.0,HEALTHY,replay,0.8,0.0
2025-02-17T18:00:00+00:00,AWS-DEL-102,22.4,988.1,47.0,False,,low,0.8,NORMAL,23.7,989.7,31.0,HEALTHY,replay,1.3,0.0
2025-02-17T19:00:00+00:00,AWS-DEL-102,20.7,988.6,55.0,False,,low,0.7,NORMAL,21.9,990.3,43.0,HEALTHY,replay,1.2,0.0
2025-02-17T20:00:00+00:00,AWS-DEL-102,19.6,988.8,62.0,False,,low,0.6,NORMAL,21.3,990.6,49.0,HEALTHY,replay,1.0,0.0
2025-02-17T21:00:00+00:00,AWS-DEL-102,18.2,989.0,70.0,False,,low,1.7,NORMAL,20.3,990.9,52.0,HEALTHY,replay,2.8,0.0
2025-02-17T22:00:00+00:00,AWS-DEL-102,17.2,989.1,75.0,False,,low,1.4,NORMAL,19.1,991.0,59.0,HEALTHY,replay,2.3,0.0
2025-02-17T23:00:00+00:00,AWS-DEL-102,17.3,989.3,76.0,False,,low,0.4,NORMAL,18.1,991.1,67.0,HEALTHY,replay,0.7,0.0
2025-02-18T00:00:00+00:00,AWS-DEL-102,17.7,988.7,73.0,False,,low,0.3,NORMAL,18.7,990.6,69.0,HEALTHY,replay,0.5,0.0
2025-02-18T01:00:00+00:00,AWS-DEL-102,17.5,988.0,73.0,False,,low,0.1,NORMAL,18.1,989.8,71.0,HEALTHY,replay,0.2,0.0
2025-02-18T02:00:00+00:00,AWS-DEL-102,17.0,987.2,75.0,False,,low,0.2,NORMAL,16.3,989.1,78.0,HEALTHY,replay,0.3,0.0
2025-02-18T03:00:00+00:00,AWS-DEL-102,17.2,986.9,71.0,False,,low,0.1,NORMAL,16.2,988.6,77.0,HEALTHY,replay,0.2,0.0
2025-02-18T04:00:00+00:00,AWS-DEL-102,16.9,986.8,70.0,False,,low,0.1,NORMAL,16.1,988.4,75.0,HEALTHY,replay,0.2,0.0
2025-02-18T05:00:00+00:00,AWS-DEL-102,16.4,986.6,71.0,False,,low,0.2,NORMAL,16.4,988.3,73.0,HEALTHY,replay,0.3,0.0
2025-02-18T06:00:00+00:00,AWS-DEL-102,15.4,987.6,81.0,False,,low,0.2,NORMAL,15.4,989.3,80.0,HEALTHY,replay,0.3,0.0
2025-02-18T07:00:00+00:00,AWS-DEL-102,14.9,988.2,84.0,False,,low,0.2,NORMAL,15.4,989.9,81.0,HEALTHY,replay,0.3,0.0
2025-02-18T08:00:00+00:00,AWS-DEL-102,16.6,988.8,75.0,False,,low,0.1,NORMAL,18.3,990.5,68.0,HEALTHY,replay,0.2,0.0
2025-02-18T09:00:00+00:00,AWS-DEL-102,17.8,990.0,71.0,False,,low,0.3,NORMAL,20.0,991.4,62.0,HEALTHY,replay,0.4,0.0
2025-02-18T10:00:00+00:00,AWS-DEL-102,19.8,990.9,62.0,False,,low,1.3,NORMAL,21.4,992.3,57.0,HEALTHY,replay,2.2,0.0
2025-02-18T11:00:00+00:00,AWS-DEL-102,22.1,990.8,53.0,False,,low,1.2,NORMAL,23.8,992.4,47.0,HEALTHY,replay,2.0,0.0
2025-02-18T12:00:00+00:00,AWS-DEL-102,24.1,989.7,45.0,False,,low,1.6,NORMAL,23.9,991.5,42.0,HEALTHY,replay,2.7,0.0
2025-02-18T13:00:00+00:00,AWS-DEL-102,24.5,988.5,41.0,False,,low,1.2,NORMAL,24.8,990.2,35.0,HEALTHY,replay,2.0,0.0
2025-02-18T14:00:00+00:00,AWS-DEL-102,25.8,987.5,35.0,False,,low,1.8,NORMAL,26.3,989.1,29.0,HEALTHY,replay,2.9,0.0
2025-02-18T15:00:00+00:00,AWS-DEL-102,25.7,987.0,36.0,False,,low,0.4,NORMAL,26.4,988.6,27.0,HEALTHY,replay,0.7,0.0
2025-02-18T16:00:00+00:00,AWS-DEL-102,25.1,986.8,40.0,False,,low,0.3,NORMAL,25.9,988.4,26.0,HEALTHY,replay,0.6,0.0
2025-02-18T17:00:00+00:00,AWS-DEL-102,23.5,986.8,47.0,False,,low,0.3,NORMAL,24.8,988.5,30.0,HEALTHY,replay,0.5,0.0
2025-02-18T18:00:00+00:00,AWS-DEL-102,22.1,987.2,49.0,False,,low,0.1,NORMAL,22.4,989.0,36.0,HEALTHY,replay,0.2,0.0
2025-02-18T19:00:00+00:00,AWS-DEL-102,21.0,987.7,51.0,False,,low,0.1,NORMAL,21.5,989.3,46.0,HEALTHY,replay,0.1,0.0
2025-02-18T20:00:00+00:00,AWS-DEL-102,19.5,987.8,61.0,False,,low,0.2,NORMAL,20.8,989.7,52.0,HEALTHY,replay,0.3,0.0
2025-02-18T21:00:00+00:00,AWS-DEL-102,18.6,988.0,65.0,False,,low,0.1,NORMAL,20.0,989.8,55.0,HEALTHY,replay,0.2,0.0
2025-02-18T22:00:00+00:00,AWS-DEL-102,17.8,988.3,68.0,False,,low,0.1,NORMAL,19.2,990.0,56.0,HEALTHY,replay,0.1,0.0
2025-02-18T23:00:00+00:00,AWS-DEL-102,16.7,987.9,72.0,False,,low,0.1,NORMAL,18.3,989.6,59.0,HEALTHY,replay,0.1,0.0
2025-02-19T00:00:00+00:00,AWS-DEL-102,15.8,987.4,74.0,False,,low,0.1,NORMAL,17.5,989.1,63.0,HEALTHY,replay,0.2,0.0
2025-02-19T01:00:00+00:00,AWS-DEL-102,14.8,987.0,80.0,False,,low,0.2,NORMAL,16.6,988.7,64.0,HEALTHY,replay,0.3,0.0
2025-02-19T02:00:00+00:00,AWS-DEL-102,14.1,986.5,83.0,False,,low,0.2,NORMAL,15.9,988.3,66.0,HEALTHY,replay,0.3,0.0
2025-02-19T03:00:00+00:00,AWS-DEL-102,13.4,986.0,87.0,False,,low,0.3,NORMAL,15.3,987.8,68.0,HEALTHY,replay,0.5,0.0
2025-02-19T04:00:00+00:00,AWS-DEL-102,12.8,985.8,89.0,False,,low,0.3,NORMAL,14.6,987.5,69.0,HEALTHY,replay,0.5,0.0
2025-02-19T05:00:00+00:00,AWS-DEL-102,12.3,985.9,91.0,False,,low,0.4,NORMAL,14.1,987.7,70.0,HEALTHY,replay,0.6,0.0
2025-02-19T06:00:00+00:00,AWS-DEL-102,12.5,986.9,92.0,False,,low,0.4,NORMAL,13.7,988.6,76.0,HEALTHY,replay,0.7,0.0
2025-02-19T07:00:00+00:00,AWS-DEL-102,12.4,987.5,92.0,False,,low,0.3,NORMAL,13.9,989.2,76.0,HEALTHY,replay,0.4,0.0
2025-02-19T08:00:00+00:00,AWS-DEL-102,14.6,988.2,80.0,False,,low,0.5,NORMAL,16.1,989.8,68.0,HEALTHY,replay,0.9,0.0
2025-02-19T09:00:00+00:00,AWS-DEL-102,18.1,989.1,65.0,False,,low,1.8,NORMAL,19.2,990.7,56.0,HEALTHY,replay,3.0,0.0
2025-02-19T10:00:00+00:00,AWS-DEL-102,21.0,989.2,52.0,False,,low,4.8,NORMAL,21.9,990.7,45.0,HEALTHY,replay,8.0,0.0
2025-02-19T11:00:00+00:00,AWS-DEL-102,23.5,988.8,41.0,False,,low,5.2,NORMAL,24.3,990.3,36.0,HEALTHY,replay,8.6,0.0
2025-02-19T12:00:00+00:00,AWS-DEL-102,24.6,987.4,35.0,False,,low,5.1,NORMAL,25.7,988.9,29.0,HEALTHY,replay,8.5,0.0
2025-02-19T13:00:00+00:00,AWS-DEL-102,25.4,985.8,32.0,False,,low,7.6,NORMAL,26.6,987.3,26.0,HEALTHY,replay,12.7,0.0
2025-02-19T14:00:00+00:00,AWS-DEL-102,26.0,984.5,30.0,False,,low,6.1,NORMAL,27.1,985.9,24.0,HEALTHY,replay,10.2,0.0
2025-02-19T15:00:00+00:00,AWS-DEL-102,26.1,984.1,31.0,False,,low,1.3,NORMAL,27.4,985.7,24.0,HEALTHY,replay,2.1,0.0
2025-02-19T16:00:00+00:00,AWS-DEL-102,25.3,984.0,33.0,False,,low,0.9,NORMAL,27.0,985.5,26.0,HEALTHY,replay,1.5,0.0
2025-02-19T17:00:00+00:00,AWS-DEL-102,24.0,984.0,41.0,False,,low,0.6,NORMAL,25.5,985.7,31.0,HEALTHY,replay,1.0,0.0
2025-02-19T18:00:00+00:00,AWS-DEL-102,21.8,984.9,53.0,False,,low,1.2,NORMAL,24.0,986.8,38.0,HEALTHY,replay,2.1,0.0
2025-02-19T19:00:00+00:00,AWS-DEL-102,21.2,985.6,53.0,False,,low,0.3,NORMAL,22.8,987.4,42.0,HEALTHY,replay,0.4,0.0
2025-02-19T20:00:00+00:00,AWS-DEL-102,20.3,986.3,56.0,False,,low,0.1,NORMAL,21.5,987.8,49.0,HEALTHY,replay,0.2,0.0
2025-02-19T21:00:00+00:00,AWS-DEL-102,18.8,987.3,64.0,False,,low,0.3,NORMAL,20.1,989.2,55.0,HEALTHY,replay,0.5,0.0
2025-02-19T22:00:00+00:00,AWS-DEL-102,17.3,986.5,78.0,False,,low,5.0,NORMAL,20.0,988.6,61.0,HEALTHY,replay,8.4,0.0
2025-02-19T23:00:00+00:00,AWS-DEL-102,16.6,986.2,83.0,False,,low,0.5,NORMAL,18.8,987.9,66.0,HEALTHY,replay,0.9,0.0
2025-02-20T00:00:00+00:00,AWS-DEL-102,15.8,986.3,88.0,False,,low,0.4,NORMAL,18.2,987.8,67.0,HEALTHY,replay,0.7,0.0
2025-02-20T01:00:00+00:00,AWS-DEL-102,15.4,984.9,90.0,False,,low,0.5,NORMAL,17.7,987.4,69.0,HEALTHY,replay,0.9,0.0
2025-02-20T02:00:00+00:00,AWS-DEL-102,15.2,984.7,90.0,False,,low,0.3,NORMAL,17.1,986.7,75.0,HEALTHY,replay,0.4,0.0
2025-02-20T03:00:00+00:00,AWS-DEL-102,14.5,985.6,91.0,False,,low,0.1,NORMAL,16.4,987.1,79.0,HEALTHY,replay,0.2,0.0
2025-02-20T04:00:00+00:00,AWS-DEL-102,14.8,984.9,90.0,False,,low,0.2,NORMAL,15.3,989.4,84.0,HEALTHY,replay,0.3,0.0
2025-02-20T05:00:00+00:00,AWS-DEL-102,14.5,985.2,90.0,False,,low,0.2,NORMAL,14.8,988.8,81.0,HEALTHY,replay,0.3,0.0
2025-02-20T06:00:00+00:00,AWS-DEL-102,15.7,985.6,88.0,False,,low,0.7,NORMAL,15.5,989.6,88.0,HEALTHY,replay,1.2,0.0
2025-02-20T07:00:00+00:00,AWS-DEL-102,15.7,986.6,82.0,False,,low,0.8,NORMAL,15.4,990.3,85.0,HEALTHY,replay,1.4,0.0
2025-02-20T08:00:00+00:00,AWS-DEL-102,17.1,987.7,78.0,False,,low,0.6,NORMAL,17.3,989.5,81.0,HEALTHY,replay,1.0,0.0
2025-02-20T09:00:00+00:00,AWS-DEL-102,18.6,988.3,70.0,False,,low,0.2,NORMAL,19.1,990.9,74.0,HEALTHY,replay,0.4,0.0
2025-02-20T10:00:00+00:00,AWS-DEL-102,20.4,989.5,65.0,False,,low,0.9,NORMAL,20.1,991.3,67.0,HEALTHY,replay,1.5,0.0
2025-02-20T11:00:00+00:00,AWS-DEL-102,20.1,989.4,63.0,False,,low,1.1,NORMAL,20.8,991.4,60.0,HEALTHY,replay,1.8,0.0
2025-02-20T12:00:00+00:00,AWS-DEL-102,22.3,988.9,55.0,False,,low,1.2,NORMAL,21.6,991.5,57.0,HEALTHY,replay,2.0,0.0
2025-02-20T13:00:00+00:00,AWS-DEL-102,23.4,987.7,49.0,False,,low,0.7,NORMAL,22.7,989.7,54.0,HEALTHY,replay,1.2,0.0
2025-02-20T14:00:00+00:00,AWS-DEL-102,23.3,986.7,50.0,False,,low,1.1,NORMAL,23.5,988.8,48.0,HEALTHY,replay,1.8,0.0
2025-02-20T15:00:00+00:00,AWS-DEL-102,22.9,986.4,53.0,False,,low,0.6,NORMAL,23.7,988.2,46.0,HEALTHY,replay,1.0,0.0
2025-02-20T16:00:00+00:00,AWS-DEL-102,22.4,986.4,55.0,False,,low,0.4,NORMAL,23.0,988.3,49.0,HEALTHY,replay,0.6,0.0
2025-02-20T17:00:00+00:00,AWS-DEL-102,21.6,986.3,59.0,False,,low,0.3,NORMAL,21.6,988.4,54.0,HEALTHY,replay,0.5,0.0
2025-02-20T18:00:00+00:00,AWS-DEL-102,20.1,986.1,71.0,False,,low,0.6,NORMAL,20.5,988.3,65.0,HEALTHY,replay,0.9,0.0
2025-02-20T19:00:00+00:00,AWS-DEL-102,19.1,986.3,75.0,False,,low,0.3,NORMAL,19.3,988.7,73.0,HEALTHY,replay,0.5,0.0
2025-02-20T20:00:00+00:00,AWS-DEL-102,18.4,987.2,75.0,False,,low,0.2,NORMAL,18.6,989.1,74.0,HEALTHY,replay,0.4,0.0
2025-02-20T21:00:00+00:00,AWS-DEL-102,16.8,988.7,82.0,False,,low,1.1,NORMAL,15.9,991.0,89.0,HEALTHY,replay,1.9,0.0
2025-02-20T22:00:00+00:00,AWS-DEL-102,16.0,989.0,88.0,False,,low,0.6,NORMAL,16.2,990.8,88.0,HEALTHY,replay,1.0,0.0
2025-02-20T23:00:00+00:00,AWS-DEL-102,15.6,989.0,88.0,False,,low,0.3,NORMAL,15.8,991.4,87.0,HEALTHY,replay,0.4,0.0
2025-02-21T00:00:00+00:00,AWS-DEL-102,15.2,989.4,89.0,False,,low,0.3,NORMAL,15.3,991.3,91.0,HEALTHY,replay,0.6,0.0
2025-02-21T01:00:00+00:00,AWS-DEL-102,14.7,989.3,93.0,False,,low,0.2,NORMAL,14.9,991.3,93.0,HEALTHY,replay,0.4,0.0
2025-02-21T02:00:00+00:00,AWS-DEL-102,14.2,989.3,95.0,False,,low,0.5,NORMAL,14.6,991.1,94.0,HEALTHY,replay,0.8,0.0
2025-02-21T03:00:00+00:00,AWS-DEL-102,14.0,989.1,94.0,False,,low,0.7,NORMAL,14.4,990.9,93.0,HEALTHY,replay,1.1,0.0
2025-02-21T04:00:00+00:00,AWS-DEL-102,13.8,989.0,95.0,False,,low,0.5,NORMAL,14.1,990.7,93.0,HEALTHY,replay,0.9,0.0
2025-02-21T05:00:00+00:00,AWS-DEL-102,13.6,989.0,94.0,False,,low,0.6,NORMAL,13.6,990.9,93.0,HEALTHY,replay,1.0,0.0
2025-02-21T06:00:00+00:00,AWS-DEL-102,13.8,989.8,93.0,False,,low,1.2,NORMAL,13.2,991.5,93.0,HEALTHY,replay,1.9,0.0
2025-02-21T07:00:00+00:00,AWS-DEL-102,13.6,990.6,94.0,False,,low,1.0,NORMAL,13.6,992.4,92.0,HEALTHY,replay,1.7,0.0
2025-02-21T08:00:00+00:00,AWS-DEL-102,15.4,991.4,86.0,False,,low,1.5,NORMAL,15.7,993.1,83.0,HEALTHY,replay,2.5,0.0
2025-02-21T09:00:00+00:00,AWS-DEL-102,17.9,992.3,74.0,False,,low,2.6,NORMAL,18.1,993.9,72.0,HEALTHY,replay,4.4,0.0
2025-02-21T10:00:00+00:00,AWS-DEL-102,20.2,992.6,64.0,False,,low,3.9,NORMAL,20.5,994.2,63.0,HEALTHY,replay,6.4,0.0
2025-02-21T11:00:00+00:00,AWS-DEL-102,22.1,992.3,57.0,False,,low,2.9,NORMAL,22.6,994.0,55.0,HEALTHY,replay,4.8,0.0
2025-02-21T12:00:00+00:00,AWS-DEL-102,23.1,991.5,54.0,False,,low,2.2,NORMAL,23.9,993.0,50.0,HEALTHY,replay,3.6,0.0
2025-02-21T13:00:00+00:00,AWS-DEL-102,23.9,990.3,51.0,False,,low,2.6,NORMAL,24.7,991.8,49.0,HEALTHY,replay,4.3,0.0
2025-02-21T14:00:00+00:00,AWS-DEL-102,24.0,989.5,50.0,False,,low,1.5,NORMAL,25.19,991.0,46.0,HEALTHY,replay,2.5,0.0
2025-02-21T15:00:00+00:00,AWS-DEL-102,23.6,989.0,51.0,False,,low,1.1,NORMAL,24.9,990.4,44.0,HEALTHY,replay,1.8,0.0
2025-02-21T16:00:00+00:00,AWS-DEL-102,23.0,988.8,49.0,False,,low,0.9,NORMAL,24.1,990.3,46.0,HEALTHY,replay,1.4,0.0
2025-02-21T17:00:00+00:00,AWS-DEL-102,21.8,988.9,56.0,False,,low,0.9,NORMAL,22.7,990.4,52.0,HEALTHY,replay,1.5,0.0
2025-02-21T18:00:00+00:00,AWS-DEL-102,20.0,989.3,67.0,False,,low,2.6,NORMAL,21.5,991.1,60.0,HEALTHY,replay,4.3,0.0
2025-02-21T19:00:00+00:00,AWS-DEL-102,18.9,989.8,74.0,False,,low,1.7,NORMAL,20.4,991.5,67.0,HEALTHY,replay,2.9,0.0
2025-02-21T20:00:00+00:00,AWS-DEL-102,18.1,990.3,79.0,False,,low,0.8,NORMAL,19.6,992.1,72.0,HEALTHY,replay,1.3,0.0
2025-02-21T21:00:00+00:00,AWS-DEL-102,17.0,990.5,84.0,False,,low,0.6,NORMAL,18.2,992.2,81.0,HEALTHY,replay,1.0,0.0
2025-02-21T22:00:00+00:00,AWS-DEL-102,16.1,990.6,89.0,False,,low,0.8,NORMAL,17.3,992.3,85.0,HEALTHY,replay,1.3,0.0
2025-02-21T23:00:00+00:00,AWS-DEL-102,15.3,990.2,90.0,False,,low,0.4,NORMAL,16.6,991.9,88.0,HEALTHY,replay,0.7,0.0
2025-02-22T00:00:00+00:00,AWS-DEL-102,14.7,989.5,92.0,False,,low,0.4,NORMAL,16.2,991.2,89.0,HEALTHY,replay,0.6,0.0
2025-02-22T01:00:00+00:00,AWS-DEL-102,14.1,989.3,92.0,False,,low,0.3,NORMAL,15.7,990.74,91.0,HEALTHY,replay,0.4,0.0
2025-02-22T02:00:00+00:00,AWS-DEL-102,13.4,988.6,94.0,False,,low,0.2,NORMAL,15.0,989.82,91.0,HEALTHY,replay,0.3,0.0
2025-02-22T03:00:00+00:00,AWS-DEL-102,12.9,988.6,95.0,False,,low,0.2,NORMAL,14.4,990.4,92.0,HEALTHY,replay,0.3,0.0
2025-02-22T04:00:00+00:00,AWS-DEL-102,12.4,988.6,96.0,False,,low,0.1,NORMAL,14.1,990.1,90.0,HEALTHY,replay,0.2,0.0
2025-02-22T05:00:00+00:00,AWS-DEL-102,12.0,988.7,96.0,False,,low,0.3,NORMAL,13.6,990.2,91.0,HEALTHY,replay,0.5,0.0
2025-02-22T06:00:00+00:00,AWS-DEL-102,12.1,989.2,98.0,False,,low,0.6,NORMAL,13.5,990.7,92.0,HEALTHY,replay,1.0,0.0
2025-02-22T07:00:00+00:00,AWS-DEL-102,12.1,990.1,97.0,False,,low,0.4,NORMAL,13.5,991.6,91.0,HEALTHY,replay,0.7,0.0
2025-02-22T08:00:00+00:00,AWS-DEL-102,13.9,990.9,88.0,False,,low,0.9,NORMAL,15.2,992.4,81.0,HEALTHY,replay,1.4,0.0
2025-02-22T09:00:00+00:00,AWS-DEL-102,16.5,991.9,75.0,False,,low,3.0,NORMAL,17.3,993.4,70.0,HEALTHY,replay,4.9,0.0
2025-02-22T10:00:00+00:00,AWS-DEL-102,19.1,992.0,64.0,False,,low,4.7,NORMAL,19.7,993.4,59.0,HEALTHY,replay,7.8,0.0
2025-02-22T11:00:00+00:00,AWS-DEL-102,20.9,991.8,55.0,False,,low,2.9,NORMAL,21.7,993.2,48.0,HEALTHY,replay,4.9,0.0
2025-02-22T12:00:00+00:00,AWS-DEL-102,22.3,991.3,48.0,False,,low,2.3,NORMAL,23.0,992.7,43.0,HEALTHY,replay,3.8,0.0
2025-02-22T13:00:00+00:00,AWS-DEL-102,22.9,990.5,44.0,False,,low,1.5,NORMAL,23.6,991.9,40.0,HEALTHY,replay,2.5,0.0
2025-02-22T14:00:00+00:00,AWS-DEL-102,23.2,989.8,41.0,False,,low,0.9,NORMAL,23.9,991.3,36.0,HEALTHY,replay,1.6,0.0
2025-02-22T15:00:00+00:00,AWS-DEL-102,23.0,989.2,42.0,False,,low,0.4,NORMAL,23.8,990.7,37.0,HEALTHY,replay,0.6,0.0
2025-02-22T16:00:00+00:00,AWS-DEL-102,22.4,989.1,45.0,False,,low,0.3,NORMAL,23.2,990.5,38.0,HEALTHY,replay,0.5,0.0
2025-02-22T17:00:00+00:00,AWS-DEL-102,21.3,989.0,49.0,False,,low,0.3,NORMAL,22.1,991.9,42.0,HEALTHY,replay,0.5,0.0
2025-02-22T18:00:00+00:00,AWS-DEL-102,19.4,989.6,63.0,False,,low,1.1,NORMAL,19.9,992.6,53.0,HEALTHY,replay,1.8,0.0
2025-02-22T19:00:00+00:00,AWS-DEL-102,18.4,990.3,68.0,False,,low,0.4,NORMAL,18.2,993.4,62.0,HEALTHY,replay,0.7,0.0
2025-02-22T20:00:00+00:00,AWS-DEL-102,17.6,990.9,70.0,False,,low,0.3,NORMAL,17.4,994.0,67.0,HEALTHY,replay,0.5,0.0
2025-02-22T21:00:00+00:00,AWS-DEL-102,17.0,991.1,71.0,False,,low,0.2,NORMAL,16.7,993.7,72.0,HEALTHY,replay,0.3,0.0
2025-02-22T22:00:00+00:00,AWS-DEL-102,16.4,991.2,75.0,False,,low,0.3,NORMAL,16.1,992.9,76.0,HEALTHY,replay,0.4,0.0
2025-02-22T23:00:00+00:00,AWS-DEL-102,15.7,990.8,79.0,False,,low,0.2,NORMAL,15.6,992.4,80.0,HEALTHY,replay,0.3,0.0
2025-02-23T00:00:00+00:00,AWS-DEL-102,14.9,990.2,82.0,False,,low,0.2,NORMAL,15.0,991.9,81.0,HEALTHY,replay,0.3,0.0
2025-02-23T01:00:00+00:00,AWS-DEL-102,14.5,990.2,83.0,False,,low,0.2,NORMAL,14.5,991.8,82.0,HEALTHY,replay,0.3,0.0
2025-02-23T02:00:00+00:00,AWS-DEL-102,13.7,989.8,86.0,False,,low,0.1,NORMAL,14.1,991.5,82.0,HEALTHY,replay,0.2,0.0
2025-02-23T03:00:00+00:00,AWS-DEL-102,13.1,989.4,87.0,False,,low,0.1,NORMAL,13.7,991.1,83.0,HEALTHY,replay,0.2,0.0
2025-02-23T04:00:00+00:00,AWS-DEL-102,12.8,989.4,87.0,False,,low,0.2,NORMAL,13.3,991.2,84.0,HEALTHY,replay,0.3,0.0
2025-02-23T05:00:00+00:00,AWS-DEL-102,11.9,989.9,91.0,False,,low,0.3,NORMAL,13.1,991.5,86.0,HEALTHY,replay,0.5,0.0
2025-02-23T06:00:00+00:00,AWS-DEL-102,11.7,990.3,93.0,False,,low,0.2,NORMAL,12.8,992.0,87.0,HEALTHY,replay,0.4,0.0
2025-02-23T07:00:00+00:00,AWS-DEL-102,11.5,991.2,95.0,False,,low,0.3,NORMAL,13.4,992.8,87.0,HEALTHY,replay,0.6,0.0
2025-02-23T08:00:00+00:00,AWS-DEL-102,14.1,992.2,84.0,False,,low,1.0,NORMAL,15.5,993.8,77.0,HEALTHY,replay,1.7,0.0
2025-02-23T09:00:00+00:00,AWS-DEL-102,17.4,993.1,71.0,False,,low,3.3,NORMAL,18.0,994.6,66.0,HEALTHY,replay,5.5,0.0
2025-02-23T10:00:00+00:00,AWS-DEL-102,20.0,993.7,60.0,False,,low,4.3,NORMAL,20.5,995.3,56.0,HEALTHY,replay,7.2,0.0
2025-02-23T11:00:00+00:00,AWS-DEL-102,21.8,993.3,52.0,False,,low,1.4,NORMAL,22.2,994.9,47.0,HEALTHY,replay,2.4,0.0
2025-02-23T12:00:00+00:00,AWS-DEL-102,23.0,992.3,45.0,False,,low,1.2,NORMAL,23.3,993.9,41.0,HEALTHY,replay,2.0,0.0
2025-02-23T13:00:00+00:00,AWS-DEL-102,23.7,991.2,42.0,False,,low,1.0,NORMAL,24.0,992.7,39.0,HEALTHY,replay,1.7,0.0
2025-02-23T14:00:00+00:00,AWS-DEL-102,24.0,990.3,41.0,False,,low,0.5,NORMAL,24.2,991.7,37.0,HEALTHY,replay,0.9,0.0
2025-02-23T15:00:00+00:00,AWS-DEL-102,23.9,989.7,40.0,False,,low,0.2,NORMAL,24.1,991.0,37.0,HEALTHY,replay,0.3,0.0
2025-02-23T16:00:00+00:00,AWS-DEL-102,23.4,989.4,43.0,False,,low,0.3,NORMAL,23.5,990.9,37.0,HEALTHY,replay,0.4,0.0
2025-02-23T17:00:00+00:00,AWS-DEL-102,22.1,989.6,48.0,False,,low,0.2,NORMAL,23.3,990.7,41.0,HEALTHY,replay,0.3,0.0
2025-02-23T18:00:00+00:00,AWS-DEL-102,20.2,989.7,58.0,False,,low,0.4,NORMAL,20.8,990.9,50.0,HEALTHY,replay,0.7,0.0
2025-02-23T19:00:00+00:00,AWS-DEL-102,18.7,990.1,65.0,False,,low,0.4,NORMAL,19.7,991.5,56.0,HEALTHY,replay,0.6,0.0
2025-02-23T20:00:00+00:00,AWS-DEL-102,18.0,991.1,67.0,False,,low,0.2,NORMAL,18.6,992.53,61.0,HEALTHY,replay,0.3,0.0
2025-02-23T21:00:00+00:00,AWS-DEL-102,16.8,991.6,74.0,False,,low,0.3,NORMAL,17.7,993.4,67.0,HEALTHY,replay,0.4,0.0
2025-02-23T22:00:00+00:00,AWS-DEL-102,16.0,991.7,79.0,False,,low,0.2,NORMAL,16.7,993.5,73.0,HEALTHY,replay,0.3,0.0
2025-02-23T23:00:00+00:00,AWS-DEL-102,15.2,991.3,82.0,False,,low,0.2,NORMAL,16.1,993.3,76.0,HEALTHY,replay,0.3,0.0
2025-02-24T00:00:00+00:00,AWS-DEL-102,14.7,990.9,82.0,False,,low,0.1,NORMAL,15.4,992.7,79.0,HEALTHY,replay,0.1,0.0
2025-02-24T01:00:00+00:00,AWS-DEL-102,14.1,990.4,84.0,False,,low,0.1,NORMAL,14.3,992.3,83.0,HEALTHY,replay,0.1,0.0
2025-02-24T02:00:00+00:00,AWS-DEL-102,13.4,990.0,85.0,False,,low,0.1,NORMAL,13.6,991.8,86.0,HEALTHY,replay,0.1,0.0
2025-02-24T03:00:00+00:00,AWS-DEL-102,12.6,989.9,87.0,False,,low,0.1,NORMAL,13.2,991.7,87.0,HEALTHY,replay,0.1,0.0
2025-02-24T04:00:00+00:00,AWS-DEL-102,11.7,989.8,91.0,False,,low,0.1,NORMAL,13.1,991.6,85.0,HEALTHY,replay,0.2,0.0
2025-02-24T05:00:00+00:00,AWS-DEL-102,11.2,990.3,93.0,False,,low,0.2,NORMAL,12.8,992.0,85.0,HEALTHY,replay,0.3,0.0
2025-02-24T06:00:00+00:00,AWS-DEL-102,11.6,991.5,95.0,False,,low,0.3,NORMAL,13.0,993.3,89.0,HEALTHY,replay,0.5,0.0
2025-02-24T07:00:00+00:00,AWS-DEL-102,11.4,992.1,97.0,False,,low,0.3,NORMAL,13.5,994.0,88.0,HEALTHY,replay,0.5,0.0
2025-02-24T08:00:00+00:00,AWS-DEL-102,14.3,993.2,83.0,False,,low,2.1,NORMAL,16.1,994.9,77.0,HEALTHY,replay,3.5,0.0
2025-02-24T09:00:00+00:00,AWS-DEL-102,18.2,994.4,67.0,False,,low,16.1,NORMAL,19.4,996.1,65.0,HEALTHY,replay,26.8,0.0
2025-02-24T10:00:00+00:00,AWS-DEL-102,21.5,994.6,53.0,False,,low,23.9,NORMAL,22.2,996.2,54.0,HEALTHY,replay,39.8,0.0
2025-02-24T11:00:00+00:00,AWS-DEL-102,23.5,994.2,43.0,False,,low,10.9,NORMAL,24.3,995.9,42.0,HEALTHY,replay,18.2,0.0
2025-02-24T12:00:00+00:00,AWS-DEL-102,24.7,993.4,36.0,False,,low,6.0,NORMAL,25.5,994.9,35.0,HEALTHY,replay,9.9,0.0
2025-02-24T13:00:00+00:00,AWS-DEL-102,25.3,992.2,34.0,False,,low,1.9,NORMAL,26.4,993.7,30.0,HEALTHY,replay,3.1,0.0
2025-02-24T14:00:00+00:00,AWS-DEL-102,25.7,990.8,32.0,False,,low,1.6,NORMAL,26.9,992.3,25.0,HEALTHY,replay,2.7,0.0
2025-02-24T15:00:00+00:00,AWS-DEL-102,25.5,990.3,33.0,False,,low,0.3,NORMAL,26.8,991.8,24.0,HEALTHY,replay,0.5,0.0
2025-02-24T16:00:00+00:00,AWS-DEL-102,24.7,990.2,36.0,False,,low,0.3,NORMAL,26.1,991.7,24.0,HEALTHY,replay,0.5,0.0
2025-02-24T17:00:00+00:00,AWS-DEL-102,23.4,990.4,41.0,False,,low,0.2,NORMAL,24.5,992.0,33.0,HEALTHY,replay,0.3,0.0
2025-02-24T18:00:00+00:00,AWS-DEL-102,21.5,991.1,58.0,False,,low,2.3,NORMAL,21.2,992.9,54.0,HEALTHY,replay,3.8,0.0
2025-02-24T19:00:00+00:00,AWS-DEL-102,20.1,991.9,66.0,False,,low,1.0,NORMAL,19.9,993.6,60.0,HEALTHY,replay,1.7,0.0
2025-02-24T20:00:00+00:00,AWS-DEL-102,19.4,992.4,67.0,False,,low,0.3,NORMAL,18.9,994.2,64.0,HEALTHY,replay,0.4,0.0
2025-02-24T21:00:00+00:00,AWS-DEL-102,19.2,992.5,66.0,False,,low,0.2,NORMAL,18.6,994.3,65.0,HEALTHY,replay,0.4,0.0
2025-02-24T22:00:00+00:00,AWS-DEL-102,18.6,992.3,69.0,False,,low,0.2,NORMAL,17.9,994.0,69.0,HEALTHY,replay,0.3,0.0
2025-02-24T23:00:00+00:00,AWS-DEL-102,17.5,992.1,75.0,False,,low,0.2,NORMAL,17.4,993.9,72.0,HEALTHY,replay,0.3,0.0
2025-02-25T00:00:00+00:00,AWS-DEL-102,16.5,991.4,78.0,False,,low,0.2,NORMAL,16.4,993.1,75.0,HEALTHY,replay,0.3,0.0
2025-02-25T01:00:00+00:00,AWS-DEL-102,15.7,991.1,80.0,False,,low,0.1,NORMAL,15.7,992.1,87.0,HEALTHY,replay,0.1,0.0
2025-02-25T02:00:00+00:00,AWS-DEL-102,14.7,990.3,84.0,False,,low,0.1,NORMAL,15.2,992.0,89.0,HEALTHY,replay,0.2,0.0
2025-02-25T03:00:00+00:00,AWS-DEL-102,13.6,989.9,89.0,False,,low,0.1,NORMAL,14.7,991.9,91.0,HEALTHY,replay,0.2,0.0
2025-02-25T04:00:00+00:00,AWS-DEL-102,13.2,989.6,89.0,False,,low,0.1,NORMAL,14.3,992.01,91.0,HEALTHY,replay,0.2,0.0
2025-02-25T05:00:00+00:00,AWS-DEL-102,13.3,989.7,89.0,False,,low,0.2,NORMAL,13.9,991.13,89.0,HEALTHY,replay,0.3,0.0
2025-02-25T06:00:00+00:00,AWS-DEL-102,13.4,990.5,90.0,False,,low,0.2,NORMAL,14.0,992.1,89.0,HEALTHY,replay,0.3,0.0
2025-02-25T07:00:00+00:00,AWS-DEL-102,14.0,991.1,88.0,False,,low,0.4,NORMAL,14.3,992.9,88.0,HEALTHY,replay,0.7,0.0
2025-02-25T08:00:00+00:00,AWS-DEL-102,16.6,992.3,79.0,False,,low,0.5,NORMAL,17.2,994.0,77.0,HEALTHY,replay,0.9,0.0
2025-02-25T09:00:00+00:00,AWS-DEL-102,20.6,993.7,62.0,False,,low,8.2,NORMAL,20.7,995.4,64.0,HEALTHY,replay,13.7,0.0
2025-02-25T10:00:00+00:00,AWS-DEL-102,23.2,994.1,48.0,False,,low,6.8,NORMAL,23.6,995.7,50.0,HEALTHY,replay,11.4,0.0
2025-02-25T11:00:00+00:00,AWS-DEL-102,25.0,993.9,39.0,False,,low,2.1,NORMAL,25.5,995.6,38.0,HEALTHY,replay,3.4,0.0
2025-02-25T12:00:00+00:00,AWS-DEL-102,26.2,993.7,34.0,False,,low,2.5,NORMAL,26.8,995.2,32.0,HEALTHY,replay,4.2,0.0
2025-02-25T13:00:00+00:00,AWS-DEL-102,26.8,992.5,32.0,False,,low,1.4,NORMAL,27.5,994.2,30.0,HEALTHY,replay,2.3,0.0
2025-02-25T14:00:00+00:00,AWS-DEL-102,26.7,992.0,32.0,False,,low,0.5,NORMAL,27.9,993.5,29.0,HEALTHY,replay,0.8,0.0
2025-02-25T15:00:00+00:00,AWS-DEL-102,25.9,991.4,34.0,False,,low,0.3,NORMAL,27.4,993.0,30.0,HEALTHY,replay,0.6,0.0
2025-02-25T16:00:00+00:00,AWS-DEL-102,25.9,991.7,35.0,False,,low,0.3,NORMAL,26.6,993.3,33.0,HEALTHY,replay,0.5,0.0
2025-02-25T17:00:00+00:00,AWS-DEL-102,24.6,991.4,42.0,False,,low,0.2,NORMAL,25.0,993.1,39.0,HEALTHY,replay,0.4,0.0
2025-02-25T18:00:00+00:00,AWS-DEL-102,21.8,991.6,59.0,False,,low,3.0,NORMAL,22.4,993.4,48.0,HEALTHY,replay,5.0,0.0
2025-02-25T19:00:00+00:00,AWS-DEL-102,20.7,992.3,61.0,False,,low,0.6,NORMAL,21.0,994.2,55.0,HEALTHY,replay,1.1,0.0
2025-02-25T20:00:00+00:00,AWS-DEL-102,20.0,992.6,68.0,False,,low,0.3,NORMAL,20.0,994.5,59.0,HEALTHY,replay,0.6,0.0
2025-02-25T21:00:00+00:00,AWS-DEL-102,19.4,992.7,69.0,False,,low,0.1,NORMAL,18.9,994.4,65.0,HEALTHY,replay,0.2,0.0
2025-02-25T22:00:00+00:00,AWS-DEL-102,18.9,992.8,65.0,False,,low,0.3,NORMAL,17.8,994.6,73.0,HEALTHY,replay,0.5,0.0
2025-02-25T23:00:00+00:00,AWS-DEL-102,17.6,992.2,69.0,False,,low,0.1,NORMAL,17.5,994.0,76.0,HEALTHY,replay,0.2,0.0
2025-02-26T00:00:00+00:00,AWS-DEL-102,17.7,991.8,68.0,False,,low,0.2,NORMAL,17.5,993.7,78.0,HEALTHY,replay,0.3,0.0
2025-02-26T01:00:00+00:00,AWS-DEL-102,18.0,991.2,68.0,False,,low,0.4,NORMAL,17.4,993.0,73.0,HEALTHY,replay,0.6,0.0
2025-02-26T02:00:00+00:00,AWS-DEL-102,17.4,990.8,72.0,False,,low,0.4,NORMAL,17.6,992.5,69.0,HEALTHY,replay,0.6,0.0
2025-02-26T03:00:00+00:00,AWS-DEL-102,17.3,990.6,73.0,False,,low,0.5,NORMAL,17.3,992.3,71.0,HEALTHY,replay,0.8,0.0
2025-02-26T04:00:00+00:00,AWS-DEL-102,16.6,991.2,77.0,False,,low,0.3,NORMAL,16.7,993.0,73.0,HEALTHY,replay,0.6,0.0
2025-02-26T05:00:00+00:00,AWS-DEL-102,16.5,990.5,78.0,False,,low,0.5,NORMAL,17.2,992.4,71.0,HEALTHY,replay,0.8,0.0
2025-02-26T06:00:00+00:00,AWS-DEL-102,17.5,992.0,79.0,False,,low,1.4,NORMAL,16.5,993.8,82.0,HEALTHY,replay,2.3,0.0
2025-02-26T07:00:00+00:00,AWS-DEL-102,17.5,992.6,80.0,False,,low,0.9,NORMAL,17.2,994.7,81.0,HEALTHY,replay,1.6,0.0
2025-02-26T08:00:00+00:00,AWS-DEL-102,19.6,993.5,72.0,False,,low,0.8,NORMAL,18.0,995.2,77.0,HEALTHY,replay,1.3,0.0
2025-02-26T09:00:00+00:00,AWS-DEL-102,22.9,994.1,62.0,False,,low,1.6,NORMAL,21.3,995.9,66.0,HEALTHY,replay,2.6,0.0
2025-02-26T10:00:00+00:00,AWS-DEL-102,25.0,994.7,55.0,False,,low,1.4,NORMAL,24.6,996.5,54.0,HEALTHY,replay,2.4,0.0
2025-02-26T11:00:00+00:00,AWS-DEL-102,26.7,994.6,48.0,False,,low,1.3,NORMAL,26.4,996.3,48.0,HEALTHY,replay,2.1,0.0
2025-02-26T12:00:00+00:00,AWS-DEL-102,27.6,993.6,44.0,False,,low,0.5,NORMAL,27.9,995.2,43.0,HEALTHY,replay,0.9,0.0
2025-02-26T13:00:00+00:00,AWS-DEL-102,28.2,992.3,42.0,False,,low,0.9,NORMAL,28.8,993.9,40.0,HEALTHY,replay,1.4,0.0
2025-02-26T14:00:00+00:00,AWS-DEL-102,28.2,991.1,42.0,False,,low,1.6,NORMAL,29.1,992.5,39.0,HEALTHY,replay,2.6,0.0
2025-02-26T15:00:00+00:00,AWS-DEL-102,28.1,990.2,43.0,False,,low,1.1,NORMAL,28.8,991.9,39.0,HEALTHY,replay,1.8,0.0
2025-02-26T16:00:00+00:00,AWS-DEL-102,27.6,990.2,45.0,False,,low,0.4,NORMAL,28.5,991.6,40.0,HEALTHY,replay,0.7,0.0
2025-02-26T17:00:00+00:00,AWS-DEL-102,26.4,990.0,51.0,False,,low,0.3,NORMAL,26.9,991.5,48.0,HEALTHY,replay,0.5,0.0
2025-02-26T18:00:00+00:00,AWS-DEL-102,25.1,990.4,59.0,False,,low,0.4,NORMAL,24.6,992.0,55.0,HEALTHY,replay,0.7,0.0
2025-02-26T19:00:00+00:00,AWS-DEL-102,23.2,990.7,66.0,False,,low,0.4,NORMAL,23.6,992.6,62.0,HEALTHY,replay,0.7,0.0
2025-02-26T20:00:00+00:00,AWS-DEL-102,22.4,990.9,67.0,False,,low,0.2,NORMAL,23.1,992.8,66.0,HEALTHY,replay,0.4,0.0
2025-02-26T21:00:00+00:00,AWS-DEL-102,22.1,991.0,68.0,False,,low,0.2,NORMAL,22.8,992.9,68.0,HEALTHY,replay,0.4,0.0
2025-02-26T22:00:00+00:00,AWS-DEL-102,21.0,990.6,74.0,False,,low,0.2,NORMAL,21.2,992.4,75.0,HEALTHY,replay,0.4,0.0
2025-02-26T23:00:00+00:00,AWS-DEL-102,20.7,990.1,75.0,False,,low,0.3,NORMAL,20.2,991.9,81.0,HEALTHY,replay,0.4,0.0
2025-02-27T00:00:00+00:00,AWS-DEL-102,20.3,989.6,74.0,False,,low,0.3,NORMAL,20.1,991.4,80.0,HEALTHY,replay,0.5,0.0
2025-02-27T01:00:00+00:00,AWS-DEL-102,19.8,989.1,75.0,False,,low,0.2,NORMAL,20.0,991.0,77.0,HEALTHY,replay,0.3,0.0
2025-02-27T02:00:00+00:00,AWS-DEL-102,19.9,988.5,73.0,False,,low,0.3,NORMAL,19.3,990.5,83.0,HEALTHY,replay,0.5,0.0
2025-02-27T03:00:00+00:00,AWS-DEL-102,19.1,988.1,78.0,False,,low,0.4,NORMAL,18.7,990.1,86.0,HEALTHY,replay,0.7,0.0
2025-02-27T04:00:00+00:00,AWS-DEL-102,18.3,988.5,83.0,False,,low,0.3,NORMAL,18.0,990.3,88.0,HEALTHY,replay,0.5,0.0
2025-02-27T05:00:00+00:00,AWS-DEL-102,19.0,988.8,78.0,False,,low,0.5,NORMAL,18.6,990.5,82.0,HEALTHY,replay,0.8,0.0
2025-02-27T06:00:00+00:00,AWS-DEL-102,19.8,988.4,76.0,False,,low,1.2,NORMAL,18.5,990.2,91.0,HEALTHY,replay,2.0,0.0
2025-02-27T07:00:00+00:00,AWS-DEL-102,19.7,990.9,77.0,False,,low,2.0,NORMAL,18.9,992.5,90.0,HEALTHY,replay,3.3,0.0
2025-02-27T08:00:00+00:00,AWS-DEL-102,18.3,991.0,77.0,False,,low,1.0,NORMAL,19.1,993.4,75.0,HEALTHY,replay,1.7,0.0
2025-02-27T09:00:00+00:00,AWS-DEL-102,19.6,991.0,72.0,False,,low,1.1,NORMAL,19.7,993.6,79.0,HEALTHY,replay,1.9,0.0
2025-02-27T10:00:00+00:00,AWS-DEL-102,20.4,991.1,73.0,False,,low,2.5,NORMAL,20.4,993.7,83.0,HEALTHY,replay,4.1,0.0
2025-02-27T11:00:00+00:00,AWS-DEL-102,21.4,991.0,74.0,False,,low,2.9,NORMAL,20.2,993.2,84.0,HEALTHY,replay,4.9,0.0
2025-02-27T12:00:00+00:00,AWS-DEL-102,22.0,990.5,71.0,False,,low,2.3,NORMAL,20.7,992.4,76.0,HEALTHY,replay,3.8,0.0
2025-02-27T13:00:00+00:00,AWS-DEL-102,22.9,989.1,61.0,False,,low,4.3,NORMAL,22.1,991.0,69.0,HEALTHY,replay,7.1,0.0
2025-02-27T14:00:00+00:00,AWS-DEL-102,24.3,987.9,55.0,False,,low,16.6,NORMAL,23.4,989.7,62.0,HEALTHY,replay,27.7,0.0
2025-02-27T15:00:00+00:00,AWS-DEL-102,23.7,987.4,58.0,False,,low,6.5,NORMAL,23.0,989.0,63.0,HEALTHY,replay,10.8,0.0
2025-02-27T16:00:00+00:00,AWS-DEL-102,22.8,987.0,61.0,False,,low,4.0,NORMAL,22.4,989.0,64.0,HEALTHY,replay,6.7,0.0
2025-02-27T17:00:00+00:00,AWS-DEL-102,22.2,986.7,65.0,False,,low,4.2,NORMAL,22.1,988.7,60.0,HEALTHY,replay,6.9,0.0
2025-02-27T18:00:00+00:00,AWS-DEL-102,21.7,987.7,64.0,False,,low,1.1,NORMAL,21.3,989.4,63.0,HEALTHY,replay,1.9,0.0
2025-02-27T19:00:00+00:00,AWS-DEL-102,21.2,987.7,63.0,False,,low,1.0,NORMAL,20.8,989.7,65.0,HEALTHY,replay,1.6,0.0
2025-02-27T20:00:00+00:00,AWS-DEL-102,20.1,988.1,66.0,False,,low,1.1,NORMAL,19.9,989.9,70.0,HEALTHY,replay,1.8,0.0
2025-02-27T21:00:00+00:00,AWS-DEL-102,19.9,988.0,67.0,False,,low,0.9,NORMAL,19.4,990.1,71.0,HEALTHY,replay,1.5,0.0
2025-02-27T22:00:00+00:00,AWS-DEL-102,19.7,987.5,69.0,False,,low,0.9,NORMAL,19.6,989.5,69.0,HEALTHY,replay,1.5,0.0
2025-02-27T23:00:00+00:00,AWS-DEL-102,19.8,987.0,64.0,False,,low,2.4,NORMAL,19.2,989.0,65.0,HEALTHY,replay,4.0,0.0
2025-02-28T00:00:00+00:00,AWS-DEL-102,19.5,986.2,61.0,False,,low,3.0,NORMAL,19.1,988.2,63.0,HEALTHY,replay,5.0,0.0
2025-02-28T01:00:00+00:00,AWS-DEL-102,19.2,985.8,61.0,False,,low,2.7,NORMAL,19.1,987.6,63.0,HEALTHY,replay,4.4,0.0
2025-02-28T02:00:00+00:00,AWS-DEL-102,19.0,984.9,63.0,False,,low,4.8,NORMAL,19.0,986.8,66.0,HEALTHY,replay,7.9,0.0
2025-02-28T03:00:00+00:00,AWS-DEL-102,18.9,984.4,66.0,False,,low,10.6,NORMAL,19.0,986.3,69.0,HEALTHY,replay,17.6,0.0
2025-02-28T04:00:00+00:00,AWS-DEL-102,19.0,983.8,66.0,False,,low,15.8,NORMAL,18.9,985.7,71.0,HEALTHY,replay,26.4,0.0
2025-02-28T05:00:00+00:00,AWS-DEL-102,19.0,983.9,66.0,False,,low,17.1,NORMAL,18.7,985.7,70.0,HEALTHY,replay,28.5,0.0
2025-02-28T06:00:00+00:00,AWS-DEL-102,19.3,984.5,71.0,False,,low,15.4,NORMAL,19.0,986.4,69.0,HEALTHY,replay,25.7,0.0
2025-02-28T07:00:00+00:00,AWS-DEL-102,19.2,985.3,72.0,False,,low,23.6,NORMAL,18.8,987.4,70.0,HEALTHY,replay,39.4,0.0
2025-02-28T08:00:00+00:00,AWS-DEL-102,19.4,986.7,70.0,False,,low,27.2,NORMAL,18.8,988.8,70.0,HEALTHY,replay,45.4,0.0
2025-02-28T09:00:00+00:00,AWS-DEL-102,19.5,988.0,67.0,False,,low,38.6,NORMAL,18.2,990.0,76.0,HEALTHY,replay,64.3,0.0
2025-02-28T10:00:00+00:00,AWS-DEL-102,18.9,988.1,75.0,False,,low,30.3,NORMAL,18.3,990.3,82.0,HEALTHY,replay,50.5,0.0
2025-02-28T11:00:00+00:00,AWS-DEL-102,20.3,988.1,73.0,False,,low,14.5,NORMAL,19.6,989.8,77.0,HEALTHY,replay,24.1,0.0
2025-02-28T12:00:00+00:00,AWS-DEL-102,21.1,987.0,69.0,False,,low,7.3,NORMAL,20.0,989.0,74.0,HEALTHY,replay,12.1,0.0
2025-02-28T13:00:00+00:00,AWS-DEL-102,22.2,985.9,68.0,False,,low,10.7,NORMAL,21.1,987.7,71.0,HEALTHY,replay,17.8,0.0
2025-02-28T14:00:00+00:00,AWS-DEL-102,22.0,984.4,72.0,False,,low,29.5,NORMAL,21.9,986.6,69.0,HEALTHY,replay,49.1,0.0
2025-02-28T15:00:00+00:00,AWS-DEL-102,24.0,983.7,62.0,False,,low,34.8,NORMAL,23.3,985.6,67.0,HEALTHY,replay,58.1,0.0
2025-02-28T16:00:00+00:00,AWS-DEL-102,23.7,983.4,63.0,False,,low,23.3,NORMAL,23.4,985.2,66.0,HEALTHY,replay,38.9,0.0
2025-02-28T17:00:00+00:00,AWS-DEL-102,23.0,983.3,67.0,False,,low,12.6,NORMAL,22.4,985.2,73.0,HEALTHY,replay,20.9,0.0
2025-02-28T18:00:00+00:00,AWS-DEL-102,22.3,984.2,72.0,False,,low,11.2,NORMAL,21.7,986.0,83.0,HEALTHY,replay,18.7,0.0
2025-02-28T19:00:00+00:00,AWS-DEL-102,21.2,984.6,82.0,False,,low,14.2,NORMAL,20.1,986.3,87.0,HEALTHY,replay,23.7,0.0
2025-02-28T20:00:00+00:00,AWS-DEL-102,20.3,985.3,90.0,False,,low,15.5,NORMAL,19.2,987.3,88.0,HEALTHY,replay,25.9,0.0
2025-02-28T21:00:00+00:00,AWS-DEL-102,18.6,986.3,95.0,False,,low,17.7,NORMAL,18.5,988.4,89.0,HEALTHY,replay,29.5,0.0
2025-02-28T22:00:00+00:00,AWS-DEL-102,18.2,986.3,90.0,False,,low,8.1,NORMAL,17.7,988.2,91.0,HEALTHY,replay,13.5,0.0
2025-02-28T23:00:00+00:00,AWS-DEL-102,18.2,986.1,91.0,False,,low,6.6,NORMAL,17.6,988.3,89.0,HEALTHY,replay,10.9,0.0
2025-03-01T00:00:00+00:00,AWS-DEL-102,17.7,986.2,94.0,False,,low,4.3,NORMAL,16.7,988.1,87.0,HEALTHY,replay,7.1,0.0
2025-03-01T01:00:00+00:00,AWS-DEL-102,16.7,985.9,93.0,False,,low,6.4,NORMAL,16.0,988.0,89.0,HEALTHY,replay,10.6,0.0
2025-03-01T02:00:00+00:00,AWS-DEL-102,16.0,985.6,91.0,False,,low,8.1,NORMAL,15.7,987.4,90.0,HEALTHY,replay,13.4,0.0
2025-03-01T03:00:00+00:00,AWS-DEL-102,15.7,985.4,90.0,False,,low,4.0,NORMAL,15.4,987.5,90.0,HEALTHY,replay,6.7,0.0
2025-03-01T04:00:00+00:00,AWS-DEL-102,15.4,985.2,91.0,False,,low,5.0,NORMAL,15.4,987.2,90.0,HEALTHY,replay,8.3,0.0
2025-03-01T05:00:00+00:00,AWS-DEL-102,15.2,985.5,90.0,False,,low,6.1,NORMAL,15.0,987.5,89.0,HEALTHY,replay,10.2,0.0
2025-03-01T06:00:00+00:00,AWS-DEL-102,16.5,986.5,94.0,False,,low,6.7,NORMAL,16.7,988.2,93.0,HEALTHY,replay,11.2,0.0
2025-03-01T07:00:00+00:00,AWS-DEL-102,16.4,986.8,93.0,False,,low,3.0,NORMAL,16.6,989.3,91.0,HEALTHY,replay,5.0,0.0
2025-03-01T08:00:00+00:00,AWS-DEL-102,17.3,987.9,88.0,False,,low,2.1,NORMAL,17.4,989.7,89.0,HEALTHY,replay,3.5,0.0
2025-03-01T09:00:00+00:00,AWS-DEL-102,18.3,988.8,84.0,False,,low,1.7,NORMAL,18.9,990.6,81.0,HEALTHY,replay,2.8,0.0
2025-03-01T10:00:00+00:00,AWS-DEL-102,20.0,988.9,78.0,False,,low,1.2,NORMAL,19.5,990.7,79.0,HEALTHY,replay,2.0,0.0
2025-03-01T11:00:00+00:00,AWS-DEL-102,21.7,988.8,71.0,False,,low,1.2,NORMAL,21.5,990.6,72.0,HEALTHY,replay,2.0,0.0
2025-03-01T12:00:00+00:00,AWS-DEL-102,23.2,987.8,65.0,False,,low,2.9,NORMAL,23.4,989.6,67.0,HEALTHY,replay,4.8,0.0
2025-03-01T13:00:00+00:00,AWS-DEL-102,24.5,986.5,59.0,False,,low,6.6,NORMAL,24.2,988.3,63.0,HEALTHY,replay,11.0,0.0
2025-03-01T14:00:00+00:00,AWS-DEL-102,24.8,985.6,59.0,False,,low,6.0,NORMAL,24.4,987.4,62.0,HEALTHY,replay,10.0,0.0
2025-03-01T15:00:00+00:00,AWS-DEL-102,24.6,985.1,60.0,False,,low,2.0,NORMAL,24.2,986.8,62.0,HEALTHY,replay,3.3,0.0
2025-03-01T16:00:00+00:00,AWS-DEL-102,23.3,985.1,66.0,False,,low,0.7,NORMAL,24.0,986.8,63.0,HEALTHY,replay,1.2,0.0
2025-03-01T17:00:00+00:00,AWS-DEL-102,23.1,985.0,68.0,False,,low,1.0,NORMAL,23.5,986.7,70.0,HEALTHY,replay,1.7,0.0
2025-03-01T18:00:00+00:00,AWS-DEL-102,21.8,985.9,76.0,False,,low,0.6,NORMAL,21.5,987.7,77.0,HEALTHY,replay,1.1,0.0
2025-03-01T19:00:00+00:00,AWS-DEL-102,20.8,986.5,79.0,False,,low,0.6,NORMAL,20.2,988.3,84.0,HEALTHY,replay,0.9,0.0
2025-03-01T20:00:00+00:00,AWS-DEL-102,20.0,987.4,85.0,False,,low,1.0,NORMAL,19.4,989.1,87.0,HEALTHY,replay,1.7,0.0
2025-03-01T21:00:00+00:00,AWS-DEL-102,19.4,987.6,88.0,False,,low,0.8,NORMAL,18.9,989.4,87.0,HEALTHY,replay,1.3,0.0
2025-03-01T22:00:00+00:00,AWS-DEL-102,18.8,987.5,90.0,False,,low,0.4,NORMAL,18.6,989.2,85.0,HEALTHY,replay,0.7,0.0
2025-03-01T23:00:00+00:00,AWS-DEL-102,18.1,987.3,92.0,False,,low,0.3,NORMAL,18.0,989.0,86.0,HEALTHY,replay,0.5,0.0
2025-03-02T00:00:00+00:00,AWS-DEL-102,17.4,986.7,93.0,False,,low,0.3,NORMAL,16.8,988.4,90.0,HEALTHY,replay,0.5,0.0
2025-03-02T01:00:00+00:00,AWS-DEL-102,16.8,986.2,94.0,False,,low,0.2,NORMAL,16.1,987.9,92.0,HEALTHY,replay,0.4,0.0
2025-03-02T02:00:00+00:00,AWS-DEL-102,16.3,985.5,95.0,False,,low,0.2,NORMAL,15.8,987.2,93.0,HEALTHY,replay,0.4,0.0
2025-03-02T03:00:00+00:00,AWS-DEL-102,15.8,985.2,95.0,False,,low,0.2,NORMAL,15.6,986.8,92.0,HEALTHY,replay,0.4,0.0
2025-03-02T04:00:00+00:00,AWS-DEL-102,15.2,984.8,95.0,False,,low,0.2,NORMAL,15.1,986.4,93.0,HEALTHY,replay,0.4,0.0
2025-03-02T05:00:00+00:00,AWS-DEL-102,14.6,985.2,95.0,False,,low,0.2,NORMAL,14.5,986.7,93.0,HEALTHY,replay,0.4,0.0
2025-03-02T06:00:00+00:00,AWS-DEL-102,15.2,986.2,95.0,False,,low,0.4,NORMAL,15.5,987.8,92.0,HEALTHY,replay,0.6,0.0
2025-03-02T07:00:00+00:00,AWS-DEL-102,15.0,987.0,95.0,False,,low,0.3,NORMAL,15.9,988.6,88.0,HEALTHY,replay,0.4,0.0
2025-03-02T08:00:00+00:00,AWS-DEL-102,16.5,987.8,88.0,False,,low,0.6,NORMAL,17.5,989.4,80.0,HEALTHY,replay,1.1,0.0
2025-03-02T09:00:00+00:00,AWS-DEL-102,18.7,988.5,76.0,False,,low,1.9,NORMAL,19.6,990.1,72.0,HEALTHY,replay,3.1,0.0
2025-03-02T10:00:00+00:00,AWS-DEL-102,21.1,988.6,64.0,False,,low,10.2,NORMAL,21.9,990.2,62.0,HEALTHY,replay,16.9,0.0
2025-03-02T11:00:00+00:00,AWS-DEL-102,23.1,988.3,48.0,False,,low,34.5,NORMAL,23.9,989.8,43.0,HEALTHY,replay,57.4,0.0
2025-03-02T12:00:00+00:00,AWS-DEL-102,24.1,987.3,36.0,False,,low,33.8,NORMAL,24.8,988.8,32.0,HEALTHY,replay,56.4,0.0
2025-03-02T13:00:00+00:00,AWS-DEL-102,24.4,986.3,35.0,False,,low,14.5,NORMAL,25.0,987.7,32.0,HEALTHY,replay,24.1,0.0
2025-03-02T14:00:00+00:00,AWS-DEL-102,24.4,985.3,37.0,False,,low,14.7,NORMAL,24.9,986.7,34.0,HEALTHY,replay,24.5,0.0
2025-03-02T15:00:00+00:00,AWS-DEL-102,24.0,984.5,36.0,False,,low,5.5,NORMAL,24.4,986.0,36.0,HEALTHY,replay,9.1,0.0
2025-03-02T16:00:00+00:00,AWS-DEL-102,23.2,984.3,40.0,False,,low,1.3,NORMAL,23.5,985.8,41.0,HEALTHY,replay,2.1,0.0
2025-03-02T17:00:00+00:00,AWS-DEL-102,21.6,984.3,51.0,False,,low,1.2,NORMAL,21.9,985.8,48.0,HEALTHY,replay,2.0,0.0
2025-03-02T18:00:00+00:00,AWS-DEL-102,19.3,984.8,62.0,False,,low,2.0,NORMAL,19.6,986.3,59.0,HEALTHY,replay,3.4,0.0
2025-03-02T19:00:00+00:00,AWS-DEL-102,17.9,985.1,69.0,False,,low,1.7,NORMAL,18.3,986.6,65.0,HEALTHY,replay,2.9,0.0
2025-03-02T20:00:00+00:00,AWS-DEL-102,16.9,985.2,73.0,False,,low,1.8,NORMAL,17.1,986.9,71.0,HEALTHY,replay,2.9,0.0
2025-03-02T21:00:00+00:00,AWS-DEL-102,15.8,985.8,76.0,False,,low,0.6,NORMAL,16.2,987.4,72.0,HEALTHY,replay,1.0,0.0
2025-03-02T22:00:00+00:00,AWS-DEL-102,14.7,985.9,79.0,False,,low,0.7,NORMAL,15.6,987.6,71.0,HEALTHY,replay,1.1,0.0
2025-03-02T23:00:00+00:00,AWS-DEL-102,14.0,985.8,81.0,False,,low,0.5,NORMAL,15.0,987.5,70.0,HEALTHY,replay,0.8,0.0
2025-03-03T00:00:00+00:00,AWS-DEL-102,13.6,985.6,79.0,False,,low,0.6,NORMAL,14.3,987.5,70.0,HEALTHY,replay,0.9,0.0
2025-03-03T01:00:00+00:00,AWS-DEL-102,13.7,985.3,75.0,False,,low,0.6,NORMAL,13.3,987.0,73.0,HEALTHY,replay,1.0,0.0
2025-03-03T02:00:00+00:00,AWS-DEL-102,13.3,984.7,73.0,False,,low,0.5,NORMAL,13.0,986.4,77.0,HEALTHY,replay,0.8,0.0
2025-03-03T03:00:00+00:00,AWS-DEL-102,12.2,984.3,79.0,False,,low,0.4,NORMAL,12.9,986.0,75.0,HEALTHY,replay,0.6,0.0
2025-03-03T04:00:00+00:00,AWS-DEL-102,12.0,984.5,78.0,False,,low,0.3,NORMAL,12.3,986.1,78.0,HEALTHY,replay,0.5,0.0
2025-03-03T05:00:00+00:00,AWS-DEL-102,11.7,984.9,79.0,False,,low,0.2,NORMAL,11.8,986.6,79.0,HEALTHY,replay,0.4,0.0
2025-03-03T06:00:00+00:00,AWS-DEL-102,12.0,985.5,82.0,False,,low,0.4,NORMAL,11.8,987.2,83.0,HEALTHY,replay,0.6,0.0
2025-03-03T07:00:00+00:00,AWS-DEL-102,12.9,986.1,80.0,False,,low,0.3,NORMAL,12.8,987.9,81.0,HEALTHY,replay,0.4,0.0
2025-03-03T08:00:00+00:00,AWS-DEL-102,15.7,987.0,70.0,False,,low,0.6,NORMAL,16.0,988.7,69.0,HEALTHY,replay,1.1,0.0
2025-03-03T09:00:00+00:00,AWS-DEL-102,19.2,987.9,59.0,False,,low,3.5,NORMAL,19.4,989.5,60.0,HEALTHY,replay,5.9,0.0
2025-03-03T10:00:00+00:00,AWS-DEL-102,22.1,988.0,45.0,False,,low,15.7,NORMAL,22.1,989.6,44.0,HEALTHY,replay,26.2,0.0
2025-03-03T11:00:00+00:00,AWS-DEL-102,24.1,987.4,39.0,False,,low,2.2,NORMAL,24.4,989.0,34.0,HEALTHY,replay,3.7,0.0
2025-03-03T12:00:00+00:00,AWS-DEL-102,25.1,986.6,38.0,False,,low,0.7,NORMAL,25.9,988.1,29.0,HEALTHY,replay,1.2,0.0
2025-03-03T13:00:00+00:00,AWS-DEL-102,25.5,985.5,38.0,False,,low,0.4,NORMAL,26.8,987.0,28.0,HEALTHY,replay,0.7,0.0
2025-03-03T14:00:00+00:00,AWS-DEL-102,25.8,984.4,41.0,False,,low,1.0,NORMAL,27.2,985.8,30.0,HEALTHY,replay,1.6,0.0
2025-03-03T15:00:00+00:00,AWS-DEL-102,25.6,983.4,44.0,False,,low,1.0,NORMAL,26.9,985.0,34.0,HEALTHY,replay,1.6,0.0
2025-03-03T16:00:00+00:00,AWS-DEL-102,25.2,982.9,47.0,False,,low,0.8,NORMAL,26.5,984.7,38.0,HEALTHY,replay,1.4,0.0
2025-03-03T17:00:00+00:00,AWS-DEL-102,23.9,982.5,56.0,False,,low,1.7,NORMAL,24.6,984.4,50.0,HEALTHY,replay,2.8,0.0
2025-03-03T18:00:00+00:00,AWS-DEL-102,22.6,983.0,61.0,False,,low,0.7,NORMAL,23.0,984.9,55.0,HEALTHY,replay,1.2,0.0
2025-03-03T19:00:00+00:00,AWS-DEL-102,21.6,982.9,65.0,False,,low,0.5,NORMAL,21.6,984.8,62.0,HEALTHY,replay,0.8,0.0
2025-03-03T20:00:00+00:00,AWS-DEL-102,21.1,983.4,66.0,False,,low,0.6,NORMAL,21.0,985.2,64.0,HEALTHY,replay,1.0,0.0
2025-03-03T21:00:00+00:00,AWS-DEL-102,20.9,983.6,64.0,False,,low,1.2,NORMAL,20.5,985.3,64.0,HEALTHY,replay,2.0,0.0
2025-03-03T22:00:00+00:00,AWS-DEL-102,20.1,983.6,65.0,False,,low,1.5,NORMAL,19.3,985.2,68.0,HEALTHY,replay,2.4,0.0
2025-03-03T23:00:00+00:00,AWS-DEL-102,19.3,983.4,69.0,False,,low,1.6,NORMAL,19.3,985.0,68.0,HEALTHY,replay,2.7,0.0
2025-03-04T00:00:00+00:00,AWS-DEL-102,18.7,983.2,72.0,False,,low,1.2,NORMAL,18.7,984.78,71.0,HEALTHY,replay,2.0,0.0
2025-03-04T01:00:00+00:00,AWS-DEL-102,18.3,982.7,73.0,False,,low,0.8,NORMAL,17.5,984.8,73.0,HEALTHY,replay,1.3,0.0
2025-03-04T02:00:00+00:00,AWS-DEL-102,17.5,982.6,69.0,False,,low,0.6,NORMAL,16.9,984.78,76.0,HEALTHY,replay,1.0,0.0
2025-03-04T03:00:00+00:00,AWS-DEL-102,15.7,982.9,71.0,False,,low,0.5,NORMAL,16.5,984.4,79.0,HEALTHY,replay,0.8,0.0
2025-03-04T04:00:00+00:00,AWS-DEL-102,14.5,982.9,78.0,False,,low,0.4,NORMAL,15.7,984.4,83.0,HEALTHY,replay,0.7,0.0
2025-03-04T05:00:00+00:00,AWS-DEL-102,14.1,983.2,82.0,False,,low,0.3,NORMAL,15.1,986.3,84.0,HEALTHY,replay,0.6,0.0
2025-03-04T06:00:00+00:00,AWS-DEL-102,15.4,984.3,86.0,False,,low,0.7,NORMAL,15.7,986.0,85.0,HEALTHY,replay,1.2,0.0
2025-03-04T07:00:00+00:00,AWS-DEL-102,15.5,985.3,86.0,False,,low,0.3,NORMAL,16.7,986.9,81.0,HEALTHY,replay,0.6,0.0
2025-03-04T08:00:00+00:00,AWS-DEL-102,17.6,986.9,76.0,False,,low,2.2,NORMAL,18.7,988.3,75.0,HEALTHY,replay,3.6,0.0
2025-03-04T09:00:00+00:00,AWS-DEL-102,19.4,987.9,61.0,False,,low,3.2,NORMAL,21.0,989.5,62.0,HEALTHY,replay,5.3,0.0
2025-03-04T10:00:00+00:00,AWS-DEL-102,21.0,988.5,49.0,False,,low,3.9,NORMAL,22.8,989.9,53.0,HEALTHY,replay,6.4,0.0
2025-03-04T11:00:00+00:00,AWS-DEL-102,22.3,988.8,49.0,False,,low,2.3,NORMAL,24.1,990.1,50.0,HEALTHY,replay,3.8,0.0
2025-03-04T12:00:00+00:00,AWS-DEL-102,23.6,988.3,48.0,False,,low,1.5,NORMAL,24.5,989.7,45.0,HEALTHY,replay,2.5,0.0
2025-03-04T13:00:00+00:00,AWS-DEL-102,24.0,987.6,44.0,False,,low,0.7,NORMAL,24.9,989.1,41.0,HEALTHY,replay,1.2,0.0
2025-03-04T14:00:00+00:00,AWS-DEL-102,24.1,987.1,42.0,False,,low,0.6,NORMAL,25.0,988.5,39.0,HEALTHY,replay,1.0,0.0
2025-03-04T15:00:00+00:00,AWS-DEL-102,23.7,986.8,41.0,False,,low,0.9,NORMAL,24.8,988.3,37.0,HEALTHY,replay,1.5,0.0
2025-03-04T16:00:00+00:00,AWS-DEL-102,23.1,987.0,42.0,False,,low,1.6,NORMAL,24.1,988.4,37.0,HEALTHY,replay,2.6,0.0
2025-03-04T17:00:00+00:00,AWS-DEL-102,21.6,987.2,51.0,False,,low,2.0,NORMAL,22.8,988.6,41.0,HEALTHY,replay,3.3,0.0
2025-03-04T18:00:00+00:00,AWS-DEL-102,20.1,988.1,55.0,False,,low,1.4,NORMAL,21.0,989.7,51.0,HEALTHY,replay,2.3,0.0
2025-03-04T19:00:00+00:00,AWS-DEL-102,19.1,988.6,56.0,False,,low,0.9,NORMAL,20.1,990.1,52.0,HEALTHY,replay,1.5,0.0
2025-03-04T20:00:00+00:00,AWS-DEL-102,18.1,989.0,55.0,False,,low,1.3,NORMAL,19.2,990.6,50.0,HEALTHY,replay,2.1,0.0
2025-03-04T21:00:00+00:00,AWS-DEL-102,16.9,989.4,55.0,False,,low,2.4,NORMAL,18.2,990.9,50.0,HEALTHY,replay,3.9,0.0
2025-03-04T22:00:00+00:00,AWS-DEL-102,16.0,989.8,57.0,False,,low,2.9,NORMAL,17.3,991.3,52.0,HEALTHY,replay,4.8,0.0
2025-03-04T23:00:00+00:00,AWS-DEL-102,15.3,989.6,59.0,False,,low,3.3,NORMAL,16.6,991.0,55.0,HEALTHY,replay,5.4,0.0
2025-03-05T00:00:00+00:00,AWS-DEL-102,14.6,989.2,63.0,False,,low,3.0,NORMAL,15.8,990.6,57.0,HEALTHY,replay,5.0,0.0
2025-03-05T01:00:00+00:00,AWS-DEL-102,14.0,989.1,66.0,False,,low,4.6,NORMAL,15.2,990.4,60.0,HEALTHY,replay,7.7,0.0
2025-03-05T02:00:00+00:00,AWS-DEL-102,13.4,988.6,67.0,False,,low,2.9,NORMAL,14.6,989.9,62.0,HEALTHY,replay,4.8,0.0
2025-03-05T03:00:00+00:00,AWS-DEL-102,12.7,988.3,68.0,False,,low,2.0,NORMAL,13.9,989.6,63.0,HEALTHY,replay,3.4,0.0
2025-03-05T04:00:00+00:00,AWS-DEL-102,12.2,987.9,65.0,False,,low,2.4,NORMAL,13.3,989.3,61.0,HEALTHY,replay,4.0,0.0
2025-03-05T05:00:00+00:00,AWS-DEL-102,11.9,988.1,60.0,False,,low,2.5,NORMAL,13.0,989.4,56.0,HEALTHY,replay,4.1,0.0
2025-03-05T06:00:00+00:00,AWS-DEL-102,11.5,988.6,71.0,False,,low,8.8,NORMAL,12.6,989.9,63.0,HEALTHY,replay,14.7,0.0
2025-03-05T07:00:00+00:00,AWS-DEL-102,11.7,988.9,69.0,False,,low,5.5,NORMAL,12.8,990.1,60.0,HEALTHY,replay,9.1,0.0
2025-03-05T08:00:00+00:00,AWS-DEL-102,13.3,989.1,64.0,False,,low,5.1,NORMAL,14.3,990.4,58.0,HEALTHY,replay,8.5,0.0
2025-03-05T09:00:00+00:00,AWS-DEL-102,15.5,989.9,56.0,False,,low,5.0,NORMAL,16.1,991.3,53.0,HEALTHY,replay,8.3,0.0
2025-03-05T10:00:00+00:00,AWS-DEL-102,17.7,989.9,50.0,False,,low,5.1,NORMAL,18.1,991.2,46.0,HEALTHY,replay,8.5,0.0
2025-03-05T11:00:00+00:00,AWS-DEL-102,19.5,989.6,42.0,False,,low,10.4,NORMAL,19.8,990.8,40.0,HEALTHY,replay,17.3,0.0
2025-03-05T12:00:00+00:00,AWS-DEL-102,20.8,988.6,36.0,False,,low,8.1,NORMAL,21.3,989.8,34.0,HEALTHY,replay,13.5,0.0
2025-03-05T13:00:00+00:00,AWS-DEL-102,21.7,987.7,32.0,False,,low,4.5,NORMAL,22.2,988.9,30.0,HEALTHY,replay,7.4,0.0
2025-03-05T14:00:00+00:00,AWS-DEL-102,22.2,986.9,30.0,False,,low,3.3,NORMAL,22.8,988.0,27.0,HEALTHY,replay,5.5,0.0
2025-03-05T15:00:00+00:00,AWS-DEL-102,22.4,986.0,29.0,False,,low,2.2,NORMAL,22.8,987.3,28.0,HEALTHY,replay,3.7,0.0
2025-03-05T16:00:00+00:00,AWS-DEL-102,22.2,985.6,30.0,False,,low,1.8,NORMAL,22.3,986.9,31.0,HEALTHY,replay,2.9,0.0
2025-03-05T17:00:00+00:00,AWS-DEL-102,21.2,985.5,33.0,False,,low,0.9,NORMAL,21.6,987.0,31.0,HEALTHY,replay,1.6,0.0
2025-03-05T18:00:00+00:00,AWS-DEL-102,19.8,986.2,38.0,False,,low,0.9,NORMAL,20.9,987.7,34.0,HEALTHY,replay,1.6,0.0
2025-03-05T19:00:00+00:00,AWS-DEL-102,19.0,986.4,36.0,False,,low,0.7,NORMAL,20.2,987.8,35.0,HEALTHY,replay,1.2,0.0
2025-03-05T20:00:00+00:00,AWS-DEL-102,18.7,986.7,31.0,False,,low,1.2,NORMAL,19.3,988.1,36.0,HEALTHY,replay,2.0,0.0
2025-03-05T21:00:00+00:00,AWS-DEL-102,17.8,987.1,31.0,False,,low,0.6,NORMAL,18.6,988.7,37.0,HEALTHY,replay,1.1,0.0
2025-03-05T22:00:00+00:00,AWS-DEL-102,16.6,987.2,37.0,False,,low,0.5,NORMAL,18.3,988.6,37.0,HEALTHY,replay,0.8,0.0
2025-03-05T23:00:00+00:00,AWS-DEL-102,15.6,986.9,43.0,False,,low,0.6,NORMAL,17.8,988.3,37.0,HEALTHY,replay,1.0,0.0
2025-03-06T00:00:00+00:00,AWS-DEL-102,14.6,986.5,46.0,False,,low,0.5,NORMAL,16.9,987.8,41.0,HEALTHY,replay,0.8,0.0
2025-03-06T01:00:00+00:00,AWS-DEL-102,13.9,986.2,46.0,False,,low,0.3,NORMAL,15.9,987.8,45.0,HEALTHY,replay,0.5,0.0
2025-03-06T02:00:00+00:00,AWS-DEL-102,13.4,985.5,46.0,False,,low,0.3,NORMAL,15.1,987.0,46.0,HEALTHY,replay,0.5,0.0
2025-03-06T03:00:00+00:00,AWS-DEL-102,13.0,984.7,46.0,False,,low,0.4,NORMAL,14.7,986.3,46.0,HEALTHY,replay,0.7,0.0
2025-03-06T04:00:00+00:00,AWS-DEL-102,12.7,984.6,47.0,False,,low,0.2,NORMAL,14.3,986.1,47.0,HEALTHY,replay,0.4,0.0
2025-03-06T05:00:00+00:00,AWS-DEL-102,12.3,984.3,49.0,False,,low,0.3,NORMAL,13.8,985.9,48.0,HEALTHY,replay,0.5,0.0
2025-03-06T06:00:00+00:00,AWS-DEL-102,11.5,984.7,58.0,False,,low,1.0,NORMAL,13.1,985.91,56.0,HEALTHY,replay,1.7,0.0
2025-03-06T07:00:00+00:00,AWS-DEL-102,11.9,985.3,57.0,False,,low,0.4,NORMAL,13.5,985.93,56.0,HEALTHY,replay,0.6,0.0
2025-03-06T08:00:00+00:00,AWS-DEL-102,14.1,987.0,55.0,False,,low,1.3,NORMAL,15.4,987.6,54.0,HEALTHY,replay,2.2,0.0
2025-03-06T09:00:00+00:00,AWS-DEL-102,16.9,987.5,48.0,False,,low,1.1,NORMAL,17.7,988.2,47.0,HEALTHY,replay,1.9,0.0
2025-03-06T10:00:00+00:00,AWS-DEL-102,19.7,987.4,43.0,False,,low,1.0,NORMAL,20.2,988.2,41.0,HEALTHY,replay,1.7,0.0
2025-03-06T11:00:00+00:00,AWS-DEL-102,22.1,987.2,37.0,False,,low,2.5,NORMAL,22.5,988.1,34.0,HEALTHY,replay,4.2,0.0
2025-03-06T12:00:00+00:00,AWS-DEL-102,23.8,986.5,32.0,False,,low,2.6,NORMAL,24.2,987.4,29.0,HEALTHY,replay,4.3,0.0
2025-03-06T13:00:00+00:00,AWS-DEL-102,24.8,985.9,30.0,False,,low,2.1,NORMAL,25.5,986.7,25.0,HEALTHY,replay,3.5,0.0
2025-03-06T14:00:00+00:00,AWS-DEL-102,25.6,985.4,29.0,False,,low,1.9,NORMAL,26.3,986.9,24.0,HEALTHY,replay,3.2,0.0
2025-03-06T15:00:00+00:00,AWS-DEL-102,25.9,985.1,28.0,False,,low,1.5,NORMAL,26.6,986.6,23.0,HEALTHY,replay,2.6,0.0
2025-03-06T16:00:00+00:00,AWS-DEL-102,25.6,984.9,28.0,False,,low,1.7,NORMAL,26.2,986.3,23.0,HEALTHY,replay,2.9,0.0
2025-03-06T17:00:00+00:00,AWS-DEL-102,24.0,984.6,53.0,False,multivariate_inconsistency,low,36.3,NORMAL,24.9,986.3,30.0,HEALTHY,replay,30.6,45.0
2025-03-06T18:00:00+00:00,AWS-DEL-102,21.6,984.9,50.0,False,,low,5.5,NORMAL,22.1,986.7,34.0,HEALTHY,replay,9.2,0.0
2025-03-06T19:00:00+00:00,AWS-DEL-102,20.6,985.1,50.0,False,,low,0.8,NORMAL,21.1,986.8,40.0,HEALTHY,replay,1.3,0.0
2025-03-06T20:00:00+00:00,AWS-DEL-102,19.2,985.7,53.0,False,,low,0.6,NORMAL,18.3,988.9,44.0,HEALTHY,replay,1.0,0.0
2025-03-06T21:00:00+00:00,AWS-DEL-102,18.6,985.9,52.0,False,,low,0.4,NORMAL,18.6,987.1,52.0,HEALTHY,replay,0.7,0.0
2025-03-06T22:00:00+00:00,AWS-DEL-102,18.3,985.7,49.0,False,,low,0.4,NORMAL,16.3,988.9,57.0,HEALTHY,replay,0.7,0.0
2025-03-06T23:00:00+00:00,AWS-DEL-102,17.1,985.7,52.0,False,,low,0.2,NORMAL,16.0,988.7,50.0,HEALTHY,replay,0.4,0.0
2025-03-07T00:00:00+00:00,AWS-DEL-102,15.4,985.2,60.0,False,,low,0.7,NORMAL,16.4,986.8,51.0,HEALTHY,replay,1.1,0.0
2025-03-07T01:00:00+00:00,AWS-DEL-102,14.7,984.7,61.0,False,,low,0.2,NORMAL,14.0,986.6,63.0,HEALTHY,replay,0.4,0.0
2025-03-07T02:00:00+00:00,AWS-DEL-102,13.8,984.1,64.0,False,,low,0.2,NORMAL,13.4,986.2,69.0,HEALTHY,replay,0.4,0.0
2025-03-07T03:00:00+00:00,AWS-DEL-102,13.0,983.6,70.0,False,,low,0.3,NORMAL,13.2,985.5,70.0,HEALTHY,replay,0.6,0.0
2025-03-07T04:00:00+00:00,AWS-DEL-102,12.9,983.5,70.0,False,,low,0.2,NORMAL,12.9,985.2,70.0,HEALTHY,replay,0.3,0.0
2025-03-07T05:00:00+00:00,AWS-DEL-102,12.2,983.6,70.0,False,,low,0.3,NORMAL,12.0,985.2,74.0,HEALTHY,replay,0.5,0.0
2025-03-07T06:00:00+00:00,AWS-DEL-102,10.8,984.6,86.0,False,,low,4.7,NORMAL,11.7,986.2,78.0,HEALTHY,replay,7.9,0.0
2025-03-07T07:00:00+00:00,AWS-DEL-102,11.2,985.0,84.0,False,,low,1.1,NORMAL,12.9,986.8,73.0,HEALTHY,replay,1.8,0.0
2025-03-07T08:00:00+00:00,AWS-DEL-102,14.9,985.8,69.0,False,,low,2.4,NORMAL,16.0,987.5,61.0,HEALTHY,replay,4.0,0.0
2025-03-07T09:00:00+00:00,AWS-DEL-102,19.0,986.3,56.0,False,,low,8.3,NORMAL,19.8,987.9,47.0,HEALTHY,replay,13.8,0.0
2025-03-07T10:00:00+00:00,AWS-DEL-102,22.3,986.2,42.0,False,,low,18.2,NORMAL,23.4,987.8,33.0,HEALTHY,replay,30.3,0.0
2025-03-07T11:00:00+00:00,AWS-DEL-102,24.6,985.9,33.0,False,,low,12.4,NORMAL,25.7,987.5,24.0,HEALTHY,replay,20.6,0.0
2025-03-07T12:00:00+00:00,AWS-DEL-102,25.9,985.0,28.0,False,,low,11.8,NORMAL,27.2,986.4,20.0,HEALTHY,replay,19.7,0.0
2025-03-07T13:00:00+00:00,AWS-DEL-102,26.6,984.0,26.0,False,,low,5.0,NORMAL,28.1,985.3,19.0,HEALTHY,replay,8.3,0.0
2025-03-07T14:00:00+00:00,AWS-DEL-102,27.0,983.3,24.0,False,,low,2.7,NORMAL,28.4,984.8,21.0,HEALTHY,replay,4.5,0.0
2025-03-07T15:00:00+00:00,AWS-DEL-102,26.8,982.8,24.0,False,,low,1.5,NORMAL,28.3,984.3,22.0,HEALTHY,replay,2.5,0.0
2025-03-07T16:00:00+00:00,AWS-DEL-102,26.2,982.8,26.0,False,,low,1.7,NORMAL,27.8,984.2,23.0,HEALTHY,replay,2.8,0.0
2025-03-07T17:00:00+00:00,AWS-DEL-102,24.6,982.3,35.0,False,,low,3.1,NORMAL,26.6,984.1,25.0,HEALTHY,replay,5.1,0.0
2025-03-07T18:00:00+00:00,AWS-DEL-102,22.4,982.8,46.0,False,,low,2.2,NORMAL,23.2,984.6,33.0,HEALTHY,replay,3.7,0.0
2025-03-07T19:00:00+00:00,AWS-DEL-102,20.8,982.6,55.0,False,,low,1.9,NORMAL,22.3,984.3,39.0,HEALTHY,replay,3.1,0.0
2025-03-07T20:00:00+00:00,AWS-DEL-102,20.1,983.0,56.0,False,,low,0.6,NORMAL,21.3,984.7,38.0,HEALTHY,replay,1.0,0.0
2025-03-07T21:00:00+00:00,AWS-DEL-102,19.0,983.2,57.0,False,,low,0.4,NORMAL,20.6,984.8,45.0,HEALTHY,replay,0.6,0.0
2025-03-07T22:00:00+00:00,AWS-DEL-102,17.7,983.1,60.0,False,,low,0.5,NORMAL,19.6,984.7,46.0,HEALTHY,replay,0.8,0.0
2025-03-07T23:00:00+00:00,AWS-DEL-102,17.2,983.0,58.0,False,,low,0.4,NORMAL,16.1,986.2,65.09,HEALTHY,replay,0.7,0.0
2025-03-08T00:00:00+00:00,AWS-DEL-102,16.0,983.3,64.0,False,,low,0.6,NORMAL,16.0,986.5,52.0,HEALTHY,replay,0.9,0.0
2025-03-08T01:00:00+00:00,AWS-DEL-102,15.1,983.1,69.0,False,,low,0.5,NORMAL,15.6,986.2,61.0,HEALTHY,replay,0.8,0.0
2025-03-08T02:00:00+00:00,AWS-DEL-102,14.5,982.3,70.0,False,,low,0.3,NORMAL,15.7,983.3,58.0,HEALTHY,replay,0.4,0.0
2025-03-08T03:00:00+00:00,AWS-DEL-102,13.8,981.3,73.0,False,,low,0.2,NORMAL,15.1,982.3,59.0,HEALTHY,replay,0.4,0.0
2025-03-08T04:00:00+00:00,AWS-DEL-102,13.2,981.0,74.0,False,,low,0.2,NORMAL,14.6,982.7,61.0,HEALTHY,replay,0.4,0.0
2025-03-08T05:00:00+00:00,AWS-DEL-102,12.9,981.3,73.0,False,,low,0.3,NORMAL,14.1,983.0,62.0,HEALTHY,replay,0.5,0.0
2025-03-08T06:00:00+00:00,AWS-DEL-102,12.9,981.9,78.0,False,,low,0.5,NORMAL,14.0,983.6,71.0,HEALTHY,replay,0.9,0.0
2025-03-08T07:00:00+00:00,AWS-DEL-102,13.4,982.8,76.0,False,,low,0.7,NORMAL,15.5,984.5,63.0,HEALTHY,replay,1.2,0.0
2025-03-08T08:00:00+00:00,AWS-DEL-102,16.4,983.6,65.0,False,,low,1.2,NORMAL,18.0,985.2,54.0,HEALTHY,replay,2.0,0.0
2025-03-08T09:00:00+00:00,AWS-DEL-102,19.9,984.4,53.0,False,,low,2.0,NORMAL,21.4,986.0,43.0,HEALTHY,replay,3.4,0.0
2025-03-08T10:00:00+00:00,AWS-DEL-102,23.2,984.6,44.0,False,,low,4.7,NORMAL,24.6,986.2,36.0,HEALTHY,replay,7.8,0.0
2025-03-08T11:00:00+00:00,AWS-DEL-102,25.8,984.1,37.0,False,,low,3.9,NORMAL,27.4,985.5,27.0,HEALTHY,replay,6.6,0.0
2025-03-08T12:00:00+00:00,AWS-DEL-102,27.5,983.6,31.0,False,,low,3.9,NORMAL,29.1,985.0,21.0,HEALTHY,replay,6.5,0.0
2025-03-08T13:00:00+00:00,AWS-DEL-102,28.4,982.7,25.0,False,,low,2.9,NORMAL,29.8,984.1,20.0,HEALTHY,replay,4.8,0.0
2025-03-08T14:00:00+00:00,AWS-DEL-102,28.6,982.0,26.0,False,,low,1.0,NORMAL,30.1,983.4,20.0,HEALTHY,replay,1.7,0.0
2025-03-08T15:00:00+00:00,AWS-DEL-102,28.4,981.6,27.0,False,,low,0.6,NORMAL,29.9,983.0,21.0,HEALTHY,replay,1.1,0.0
2025-03-08T16:00:00+00:00,AWS-DEL-102,27.7,981.5,30.0,False,,low,0.5,NORMAL,29.3,983.2,23.0,HEALTHY,replay,0.9,0.0
2025-03-08T17:00:00+00:00,AWS-DEL-102,26.2,981.5,37.0,False,,low,1.2,NORMAL,28.3,983.5,25.0,HEALTHY,replay,2.0,0.0
2025-03-08T18:00:00+00:00,AWS-DEL-102,23.5,981.9,54.0,False,,low,4.1,NORMAL,24.8,984.5,35.0,HEALTHY,replay,6.8,0.0
2025-03-08T19:00:00+00:00,AWS-DEL-102,22.4,982.2,51.0,False,,low,1.1,NORMAL,23.7,985.1,42.0,HEALTHY,replay,1.9,0.0
2025-03-08T20:00:00+00:00,AWS-DEL-102,20.7,982.8,60.0,False,,low,0.9,NORMAL,22.5,986.1,50.0,HEALTHY,replay,1.6,0.0
2025-03-08T21:00:00+00:00,AWS-DEL-102,20.7,983.2,55.0,False,,low,0.2,NORMAL,20.8,986.5,51.0,HEALTHY,replay,0.4,0.0
2025-03-08T22:00:00+00:00,AWS-DEL-102,19.6,983.7,59.0,False,,low,0.2,NORMAL,19.7,987.1,51.0,HEALTHY,replay,0.3,0.0
2025-03-08T23:00:00+00:00,AWS-DEL-102,18.7,983.6,59.0,False,,low,0.1,NORMAL,17.6,986.6,61.0,HEALTHY,replay,0.2,0.0
2025-03-09T00:00:00+00:00,AWS-DEL-102,18.2,983.3,61.0,False,,low,0.2,NORMAL,16.7,986.6,66.0,HEALTHY,replay,0.4,0.0
2025-03-09T01:00:00+00:00,AWS-DEL-102,17.4,983.4,62.0,False,,low,0.2,NORMAL,16.0,986.6,69.0,HEALTHY,replay,0.4,0.0
2025-03-09T02:00:00+00:00,AWS-DEL-102,16.4,983.3,63.0,False,,low,0.5,NORMAL,14.9,986.8,75.0,HEALTHY,replay,0.9,0.0
2025-03-09T03:00:00+00:00,AWS-DEL-102,15.7,982.8,66.0,False,,low,0.3,NORMAL,14.5,986.2,77.0,HEALTHY,replay,0.4,0.0
2025-03-09T04:00:00+00:00,AWS-DEL-102,15.7,982.8,67.0,False,,low,0.7,NORMAL,13.7,986.1,82.0,HEALTHY,replay,1.2,0.0
2025-03-09T05:00:00+00:00,AWS-DEL-102,15.7,983.1,67.0,False,,low,1.5,NORMAL,13.5,986.6,83.0,HEALTHY,replay,2.5,0.0
2025-03-09T06:00:00+00:00,AWS-DEL-102,16.2,984.2,72.0,False,,low,4.3,NORMAL,13.8,987.3,89.0,HEALTHY,replay,7.2,0.0
2025-03-09T07:00:00+00:00,AWS-DEL-102,16.4,985.2,72.0,False,,low,2.3,NORMAL,15.6,988.5,82.0,HEALTHY,replay,3.8,0.0
2025-03-09T08:00:00+00:00,AWS-DEL-102,19.8,986.5,61.0,False,,low,10.8,NORMAL,19.8,990.0,67.0,HEALTHY,replay,17.9,0.0
2025-03-09T09:00:00+00:00,AWS-DEL-102,23.5,987.5,51.0,False,,low,25.0,NORMAL,23.7,990.9,52.0,HEALTHY,replay,41.7,0.0
2025-03-09T10:00:00+00:00,AWS-DEL-102,26.0,987.9,42.0,False,,low,10.2,NORMAL,27.2,991.1,39.0,HEALTHY,replay,17.0,0.0
2025-03-09T11:00:00+00:00,AWS-DEL-102,27.8,987.8,35.0,False,,low,5.4,NORMAL,29.3,991.0,31.0,HEALTHY,replay,9.0,0.0
2025-03-09T12:00:00+00:00,AWS-DEL-102,29.1,987.4,30.0,False,,low,5.3,NORMAL,30.5,990.5,27.0,HEALTHY,replay,8.9,0.0
2025-03-09T13:00:00+00:00,AWS-DEL-102,30.0,986.3,28.0,False,,low,4.4,NORMAL,31.1,989.5,26.0,HEALTHY,replay,7.3,0.0
2025-03-09T14:00:00+00:00,AWS-DEL-102,30.4,985.6,27.0,False,,low,1.7,NORMAL,31.4,988.8,26.0,HEALTHY,replay,2.8,0.0
2025-03-09T15:00:00+00:00,AWS-DEL-102,30.4,985.4,27.0,False,,low,1.3,NORMAL,31.2,988.5,26.0,HEALTHY,replay,2.1,0.0
2025-03-09T16:00:00+00:00,AWS-DEL-102,29.9,985.3,28.0,False,,low,1.6,NORMAL,30.6,988.5,28.0,HEALTHY,replay,2.7,0.0
2025-03-09T17:00:00+00:00,AWS-DEL-102,28.5,985.4,33.0,False,,low,1.6,NORMAL,29.3,988.6,31.0,HEALTHY,replay,2.6,0.0
2025-03-09T18:00:00+00:00,AWS-DEL-102,25.7,986.1,43.0,False,,low,2.8,NORMAL,25.4,989.5,44.0,HEALTHY,replay,4.6,0.0
2025-03-09T19:00:00+00:00,AWS-DEL-102,24.3,986.6,45.0,False,,low,0.9,NORMAL,23.4,989.9,50.0,HEALTHY,replay,1.4,0.0
2025-03-09T20:00:00+00:00,AWS-DEL-102,23.5,987.4,46.0,False,,low,1.0,NORMAL,22.4,990.7,51.0,HEALTHY,replay,1.7,0.0
2025-03-09T21:00:00+00:00,AWS-DEL-102,23.2,987.5,50.0,False,,low,0.4,NORMAL,21.2,990.9,56.0,HEALTHY,replay,0.7,0.0
2025-03-09T22:00:00+00:00,AWS-DEL-102,22.0,987.6,55.0,False,,low,0.4,NORMAL,20.6,991.0,59.0,HEALTHY,replay,0.7,0.0
2025-03-09T23:00:00+00:00,AWS-DEL-102,20.9,987.8,60.0,False,,low,0.4,NORMAL,20.0,991.1,60.0,HEALTHY,replay,0.7,0.0
2025-03-10T00:00:00+00:00,AWS-DEL-102,20.0,987.8,62.0,False,,low,0.5,NORMAL,19.0,991.1,66.0,HEALTHY,replay,0.8,0.0
2025-03-10T01:00:00+00:00,AWS-DEL-102,19.7,987.5,62.0,False,,low,0.5,NORMAL,18.6,991.0,69.0,HEALTHY,replay,0.8,0.0
2025-03-10T02:00:00+00:00,AWS-DEL-102,19.2,987.2,64.0,False,,low,0.6,NORMAL,18.2,990.6,70.0,HEALTHY,replay,1.0,0.0
2025-03-10T03:00:00+00:00,AWS-DEL-102,18.7,986.8,66.0,False,,low,0.7,NORMAL,17.8,990.1,71.0,HEALTHY,replay,1.1,0.0
2025-03-10T04:00:00+00:00,AWS-DEL-102,18.3,986.9,67.0,False,,low,0.9,NORMAL,17.4,990.5,71.0,HEALTHY,replay,1.5,0.0
2025-03-10T05:00:00+00:00,AWS-DEL-102,18.0,987.6,68.0,False,,low,0.7,NORMAL,16.9,991.0,71.0,HEALTHY,replay,1.2,0.0
2025-03-10T06:00:00+00:00,AWS-DEL-102,18.2,989.0,69.0,False,,low,1.2,NORMAL,17.1,992.4,74.0,HEALTHY,replay,1.9,0.0
2025-03-10T07:00:00+00:00,AWS-DEL-102,18.7,989.8,67.0,False,,low,2.2,NORMAL,18.1,993.4,71.0,HEALTHY,replay,3.6,0.0
2025-03-10T08:00:00+00:00,AWS-DEL-102,20.9,990.9,61.0,False,,low,2.2,NORMAL,20.8,992.9,64.0,HEALTHY,replay,3.7,0.0
2025-03-10T09:00:00+00:00,AWS-DEL-102,23.6,991.9,53.0,False,,low,5.6,NORMAL,23.9,993.8,54.0,HEALTHY,replay,9.3,0.0
2025-03-10T10:00:00+00:00,AWS-DEL-102,26.0,992.2,46.0,False,,low,4.8,NORMAL,26.7,994.0,47.0,HEALTHY,replay,8.0,0.0
2025-03-10T11:00:00+00:00,AWS-DEL-102,28.0,991.8,40.0,False,,low,6.3,NORMAL,28.9,993.6,39.0,HEALTHY,replay,10.5,0.0
2025-03-10T12:00:00+00:00,AWS-DEL-102,29.3,990.9,35.0,False,,low,3.2,NORMAL,30.0,992.6,35.0,HEALTHY,replay,5.3,0.0
2025-03-10T13:00:00+00:00,AWS-DEL-102,30.2,990.0,32.0,False,,low,2.7,NORMAL,30.8,991.7,33.0,HEALTHY,replay,4.5,0.0
2025-03-10T14:00:00+00:00,AWS-DEL-102,30.8,988.8,30.0,False,,low,6.9,NORMAL,31.2,990.5,32.0,HEALTHY,replay,11.5,0.0
2025-03-10T15:00:00+00:00,AWS-DEL-102,30.8,988.1,29.0,False,,low,4.0,NORMAL,31.1,989.8,31.0,HEALTHY,replay,6.6,0.0
2025-03-10T16:00:00+00:00,AWS-DEL-102,30.3,987.4,30.0,False,,low,1.8,NORMAL,30.6,989.1,32.0,HEALTHY,replay,3.0,0.0
2025-03-10T17:00:00+00:00,AWS-DEL-102,29.1,987.5,34.0,False,,low,0.7,NORMAL,29.6,989.1,35.0,HEALTHY,replay,1.2,0.0
2025-03-10T18:00:00+00:00,AWS-DEL-102,27.1,987.9,40.0,False,,low,0.6,NORMAL,26.3,989.7,47.0,HEALTHY,replay,1.0,0.0
2025-03-10T19:00:00+00:00,AWS-DEL-102,25.6,988.2,44.0,False,,low,0.4,NORMAL,24.9,990.0,49.0,HEALTHY,replay,0.7,0.0
2025-03-10T20:00:00+00:00,AWS-DEL-102,25.0,988.8,45.0,False,,low,0.4,NORMAL,23.4,990.8,53.0,HEALTHY,replay,0.6,0.0
2025-03-10T21:00:00+00:00,AWS-DEL-102,23.8,988.8,48.0,False,,low,0.2,NORMAL,21.9,990.8,59.0,HEALTHY,replay,0.3,0.0
2025-03-10T22:00:00+00:00,AWS-DEL-102,22.9,988.8,54.0,False,,low,0.4,NORMAL,21.1,990.7,64.0,HEALTHY,replay,0.6,0.0
2025-03-10T23:00:00+00:00,AWS-DEL-102,22.5,988.3,56.0,False,,low,0.2,NORMAL,20.8,990.4,67.0,HEALTHY,replay,0.4,0.0
2025-03-11T00:00:00+00:00,AWS-DEL-102,21.6,987.8,59.0,False,,low,0.2,NORMAL,19.8,989.1,72.0,HEALTHY,replay,0.3,0.0
2025-03-11T01:00:00+00:00,AWS-DEL-102,20.7,987.3,62.0,False,,low,0.1,NORMAL,18.6,989.09,78.0,HEALTHY,replay,0.2,0.0
2025-03-11T02:00:00+00:00,AWS-DEL-102,19.7,986.8,66.0,False,,low,0.1,NORMAL,17.9,988.6,81.0,HEALTHY,replay,0.2,0.0
2025-03-11T03:00:00+00:00,AWS-DEL-102,19.3,986.2,68.0,False,,low,0.2,NORMAL,17.6,988.2,81.0,HEALTHY,replay,0.3,0.0
2025-03-11T04:00:00+00:00,AWS-DEL-102,18.9,986.2,69.0,False,,low,0.1,NORMAL,17.1,988.2,83.0,HEALTHY,replay,0.2,0.0
2025-03-11T05:00:00+00:00,AWS-DEL-102,18.2,986.5,72.0,False,,low,0.1,NORMAL,16.6,988.5,85.0,HEALTHY,replay,0.2,0.0
2025-03-11T06:00:00+00:00,AWS-DEL-102,18.3,987.1,75.0,False,,low,0.2,NORMAL,17.0,989.1,87.0,HEALTHY,replay,0.3,0.0
2025-03-11T07:00:00+00:00,AWS-DEL-102,18.7,987.9,72.0,False,,low,0.2,NORMAL,18.0,989.7,83.0,HEALTHY,replay,0.3,0.0
2025-03-11T08:00:00+00:00,AWS-DEL-102,22.0,989.0,59.0,False,,low,1.1,NORMAL,21.8,990.8,68.0,HEALTHY,replay,1.8,0.0
2025-03-11T09:00:00+00:00,AWS-DEL-102,25.9,989.5,46.0,False,,low,9.5,NORMAL,25.7,991.3,53.0,HEALTHY,replay,15.9,0.0
2025-03-11T10:00:00+00:00,AWS-DEL-102,28.9,989.6,38.0,False,,low,9.3,NORMAL,28.9,991.3,41.0,HEALTHY,replay,15.5,0.0
2025-03-11T11:00:00+00:00,AWS-DEL-102,30.7,989.5,34.0,False,,low,2.5,NORMAL,31.3,990.9,33.0,HEALTHY,replay,4.1,0.0
2025-03-11T12:00:00+00:00,AWS-DEL-102,32.1,988.4,29.0,False,,low,4.3,NORMAL,32.8,989.9,29.0,HEALTHY,replay,7.1,0.0
2025-03-11T13:00:00+00:00,AWS-DEL-102,32.8,987.2,26.0,False,,low,3.0,NORMAL,33.5,988.6,27.0,HEALTHY,replay,4.9,0.0
2025-03-11T14:00:00+00:00,AWS-DEL-102,32.9,986.1,24.0,False,,low,3.3,NORMAL,33.8,987.5,25.0,HEALTHY,replay,5.4,0.0
2025-03-11T15:00:00+00:00,AWS-DEL-102,33.1,985.5,23.0,False,,low,1.2,NORMAL,33.7,986.9,25.0,HEALTHY,replay,2.1,0.0
2025-03-11T16:00:00+00:00,AWS-DEL-102,31.9,985.0,27.0,False,,low,1.1,NORMAL,33.6,986.3,25.0,HEALTHY,replay,1.8,0.0
2025-03-11T17:00:00+00:00,AWS-DEL-102,30.5,984.9,31.0,False,,low,0.6,NORMAL,31.9,986.5,29.0,HEALTHY,replay,0.9,0.0
2025-03-11T18:00:00+00:00,AWS-DEL-102,28.1,985.5,46.0,False,,low,3.1,NORMAL,27.8,987.2,48.0,HEALTHY,replay,5.1,0.0
2025-03-11T19:00:00+00:00,AWS-DEL-102,26.9,985.3,47.0,False,,low,0.7,NORMAL,26.2,987.2,52.0,HEALTHY,replay,1.1,0.0
2025-03-11T20:00:00+00:00,AWS-DEL-102,26.2,985.8,49.0,False,,low,0.3,NORMAL,25.8,987.5,56.0,HEALTHY,replay,0.6,0.0
2025-03-11T21:00:00+00:00,AWS-DEL-102,24.9,986.0,57.0,False,,low,0.5,NORMAL,24.3,987.5,64.0,HEALTHY,replay,0.8,0.0
2025-03-11T22:00:00+00:00,AWS-DEL-102,23.8,985.9,62.0,False,,low,0.5,NORMAL,23.8,987.4,67.0,HEALTHY,replay,0.8,0.0
2025-03-11T23:00:00+00:00,AWS-DEL-102,21.9,985.0,72.0,False,,low,3.8,NORMAL,23.0,986.7,69.0,HEALTHY,replay,6.3,0.0
2025-03-12T00:00:00+00:00,AWS-DEL-102,20.8,984.9,77.0,False,,low,1.3,NORMAL,22.4,986.5,70.0,HEALTHY,replay,2.2,0.0
2025-03-12T01:00:00+00:00,AWS-DEL-102,19.8,984.4,82.0,False,,low,1.3,NORMAL,21.6,986.1,70.0,HEALTHY,replay,2.2,0.0
2025-03-12T02:00:00+00:00,AWS-DEL-102,19.1,983.5,86.0,False,,low,1.7,NORMAL,20.9,985.2,72.0,HEALTHY,replay,2.8,0.0
2025-03-12T03:00:00+00:00,AWS-DEL-102,18.6,983.0,87.0,False,,low,2.4,NORMAL,20.3,984.7,74.0,HEALTHY,replay,4.0,0.0
2025-03-12T04:00:00+00:00,AWS-DEL-102,18.1,982.5,88.0,False,,low,2.2,NORMAL,19.8,984.4,75.0,HEALTHY,replay,3.7,0.0
2025-03-12T05:00:00+00:00,AWS-DEL-102,18.0,982.5,87.0,False,,low,1.7,NORMAL,19.6,984.2,74.0,HEALTHY,replay,2.9,0.0
2025-03-12T06:00:00+00:00,AWS-DEL-102,17.4,983.4,95.0,False,,low,5.1,NORMAL,18.6,985.2,84.0,HEALTHY,replay,8.5,0.0
2025-03-12T07:00:00+00:00,AWS-DEL-102,17.9,984.0,94.0,False,,low,4.8,NORMAL,20.7,985.5,75.0,HEALTHY,replay,8.0,0.0
2025-03-12T08:00:00+00:00,AWS-DEL-102,20.7,984.7,81.0,False,,low,14.9,NORMAL,22.9,986.3,66.0,HEALTHY,replay,24.8,0.0
2025-03-12T09:00:00+00:00,AWS-DEL-102,24.1,985.1,65.0,False,,low,19.2,NORMAL,26.0,986.7,52.0,HEALTHY,replay,32.1,0.0
2025-03-12T10:00:00+00:00,AWS-DEL-102,27.2,985.3,50.0,False,,low,39.0,NORMAL,28.8,986.8,39.0,HEALTHY,replay,65.0,0.0
2025-03-12T11:00:00+00:00,AWS-DEL-102,29.1,985.1,41.0,False,,low,16.0,NORMAL,30.5,986.5,32.0,HEALTHY,replay,26.7,0.0
2025-03-12T12:00:00+00:00,AWS-DEL-102,30.3,984.4,35.0,False,,low,16.4,NORMAL,31.8,985.6,28.0,HEALTHY,replay,27.3,0.0
2025-03-12T13:00:00+00:00,AWS-DEL-102,31.1,983.5,32.0,False,,low,10.2,NORMAL,32.8,984.6,25.0,HEALTHY,replay,17.0,0.0
2025-03-12T14:00:00+00:00,AWS-DEL-102,31.4,982.3,30.0,False,,low,14.6,NORMAL,32.9,983.7,25.0,HEALTHY,replay,24.4,0.0
2025-03-12T15:00:00+00:00,AWS-DEL-102,31.2,981.9,30.0,False,,low,2.9,NORMAL,32.7,982.89,25.0,HEALTHY,replay,4.8,0.0
2025-03-12T16:00:00+00:00,AWS-DEL-102,30.4,981.4,33.0,False,,low,2.8,NORMAL,31.8,982.2,27.0,HEALTHY,replay,4.6,0.0
2025-03-12T17:00:00+00:00,AWS-DEL-102,29.0,980.9,38.0,False,,low,3.3,NORMAL,30.7,982.0,30.0,HEALTHY,replay,5.5,0.0
2025-03-12T18:00:00+00:00,AWS-DEL-102,27.5,981.1,46.0,False,,low,2.6,NORMAL,28.9,982.4,37.0,HEALTHY,replay,4.3,0.0
2025-03-12T19:00:00+00:00,AWS-DEL-102,26.5,981.5,51.0,False,,low,1.4,NORMAL,27.2,982.8,42.0,HEALTHY,replay,2.4,0.0
2025-03-12T20:00:00+00:00,AWS-DEL-102,25.3,982.1,56.0,False,,low,0.9,NORMAL,26.1,983.1,47.0,HEALTHY,replay,1.5,0.0
2025-03-12T21:00:00+00:00,AWS-DEL-102,24.0,982.4,61.0,False,,low,0.7,NORMAL,25.5,983.5,50.0,HEALTHY,replay,1.1,0.0
2025-03-12T22:00:00+00:00,AWS-DEL-102,23.2,982.5,63.0,False,,low,0.4,NORMAL,24.9,983.7,52.0,HEALTHY,replay,0.7,0.0
2025-03-12T23:00:00+00:00,AWS-DEL-102,22.5,982.3,64.0,False,,low,0.3,NORMAL,23.7,983.5,56.0,HEALTHY,replay,0.5,0.0
2025-03-13T00:00:00+00:00,AWS-DEL-102,22.3,981.9,62.0,False,,low,0.6,NORMAL,23.1,983.2,58.0,HEALTHY,replay,1.1,0.0
2025-03-13T01:00:00+00:00,AWS-DEL-102,22.0,981.2,61.0,False,,low,0.8,NORMAL,21.6,982.5,64.0,HEALTHY,replay,1.3,0.0
2025-03-13T02:00:00+00:00,AWS-DEL-102,21.8,980.5,59.0,False,,low,1.1,NORMAL,21.1,981.7,65.0,HEALTHY,replay,1.9,0.0
2025-03-13T03:00:00+00:00,AWS-DEL-102,20.7,980.3,63.0,False,,low,0.7,NORMAL,21.0,981.1,63.0,HEALTHY,replay,1.2,0.0
2025-03-13T04:00:00+00:00,AWS-DEL-102,19.9,980.3,66.0,False,,low,0.8,NORMAL,20.6,981.3,64.0,HEALTHY,replay,1.3,0.0
2025-03-13T05:00:00+00:00,AWS-DEL-102,19.2,980.2,70.0,False,,low,0.8,NORMAL,20.7,981.5,63.0,HEALTHY,replay,1.3,0.0
2025-03-13T06:00:00+00:00,AWS-DEL-102,18.2,981.6,87.0,False,,low,11.6,NORMAL,21.0,982.7,71.0,HEALTHY,replay,19.3,0.0
2025-03-13T07:00:00+00:00,AWS-DEL-102,19.0,982.2,84.0,False,,low,2.9,NORMAL,21.4,983.5,69.0,HEALTHY,replay,4.8,0.0
2025-03-13T08:00:00+00:00,AWS-DEL-102,22.1,983.2,71.0,False,,low,1.3,NORMAL,23.4,984.6,63.0,HEALTHY,replay,2.2,0.0
2025-03-13T09:00:00+00:00,AWS-DEL-102,25.5,984.1,56.0,False,,low,4.5,NORMAL,26.2,985.4,53.0,HEALTHY,replay,7.5,0.0
2025-03-13T10:00:00+00:00,AWS-DEL-102,27.3,984.1,49.0,False,,low,2.2,NORMAL,28.3,985.5,44.0,HEALTHY,replay,3.7,0.0
2025-03-13T11:00:00+00:00,AWS-DEL-102,27.9,984.0,49.0,False,,low,1.1,NORMAL,26.4,985.9,51.0,HEALTHY,replay,1.8,0.0
2025-03-13T12:00:00+00:00,AWS-DEL-102,29.4,982.7,40.0,False,,low,1.7,NORMAL,29.6,984.3,38.0,HEALTHY,replay,2.9,0.0
2025-03-13T13:00:00+00:00,AWS-DEL-102,30.8,981.6,37.0,False,,low,1.8,NORMAL,31.2,982.8,32.0,HEALTHY,replay,3.0,0.0
2025-03-13T14:00:00+00:00,AWS-DEL-102,30.5,980.5,39.0,False,,low,1.7,NORMAL,32.0,981.7,31.0,HEALTHY,replay,2.9,0.0
2025-03-13T15:00:00+00:00,AWS-DEL-102,29.8,980.1,38.0,False,,low,1.0,NORMAL,31.3,981.1,32.0,HEALTHY,replay,1.7,0.0
2025-03-13T16:00:00+00:00,AWS-DEL-102,28.1,980.3,43.0,False,,low,0.7,NORMAL,30.5,981.7,33.0,HEALTHY,replay,1.2,0.0
2025-03-13T17:00:00+00:00,AWS-DEL-102,23.9,980.3,63.0,False,,low,19.4,NORMAL,28.0,981.4,45.0,HEALTHY,replay,32.4,0.0
2025-03-13T18:00:00+00:00,AWS-DEL-102,27.2,979.5,38.0,False,,low,9.7,NORMAL,26.3,980.8,50.0,HEALTHY,replay,16.1,0.0
2025-03-13T19:00:00+00:00,AWS-DEL-102,25.9,980.0,40.0,False,,low,0.5,NORMAL,24.6,981.5,54.0,HEALTHY,replay,0.8,0.0
2025-03-13T20:00:00+00:00,AWS-DEL-102,25.0,980.8,45.0,False,,low,0.4,NORMAL,23.9,982.0,58.0,HEALTHY,replay,0.7,0.0
2025-03-13T21:00:00+00:00,AWS-DEL-102,23.9,981.5,52.0,False,,low,0.2,NORMAL,22.6,982.6,58.0,HEALTHY,replay,0.4,0.0
2025-03-13T22:00:00+00:00,AWS-DEL-102,23.1,981.3,54.0,False,,low,0.1,NORMAL,21.9,982.6,62.0,HEALTHY,replay,0.1,0.0
2025-03-13T23:00:00+00:00,AWS-DEL-102,22.7,981.0,54.0,False,,low,0.1,NORMAL,21.0,982.3,63.0,HEALTHY,replay,0.2,0.0
2025-03-14T00:00:00+00:00,AWS-DEL-102,21.9,980.8,57.0,False,,low,0.1,NORMAL,20.3,982.1,66.0,HEALTHY,replay,0.1,0.0
2025-03-14T01:00:00+00:00,AWS-DEL-102,21.4,980.8,60.0,False,,low,0.1,NORMAL,19.4,982.0,70.0,HEALTHY,replay,0.2,0.0
2025-03-14T02:00:00+00:00,AWS-DEL-102,20.6,980.5,63.0,False,,low,0.1,NORMAL,18.8,981.8,72.0,HEALTHY,replay,0.2,0.0
2025-03-14T03:00:00+00:00,AWS-DEL-102,19.9,980.4,67.0,False,,low,0.1,NORMAL,18.7,981.3,72.0,HEALTHY,replay,0.2,0.0
2025-03-14T04:00:00+00:00,AWS-DEL-102,18.6,980.5,71.0,False,,low,0.2,NORMAL,17.5,982.1,79.0,HEALTHY,replay,0.3,0.0
2025-03-14T05:00:00+00:00,AWS-DEL-102,18.0,980.8,73.0,False,,low,0.2,NORMAL,17.4,982.7,79.0,HEALTHY,replay,0.3,0.0
2025-03-14T06:00:00+00:00,AWS-DEL-102,18.2,982.1,86.0,False,,low,2.1,NORMAL,18.6,983.8,84.0,HEALTHY,replay,3.6,0.0
2025-03-14T07:00:00+00:00,AWS-DEL-102,18.8,982.9,84.0,False,,low,0.5,NORMAL,20.3,984.6,79.0,HEALTHY,replay,0.8,0.0
2025-03-14T08:00:00+00:00,AWS-DEL-102,22.3,984.1,71.0,False,,low,1.9,NORMAL,23.3,985.7,70.0,HEALTHY,replay,3.2,0.0
2025-03-14T09:00:00+00:00,AWS-DEL-102,26.0,985.1,55.0,False,,low,9.6,NORMAL,26.5,986.8,55.0,HEALTHY,replay,16.0,0.0
2025-03-14T10:00:00+00:00,AWS-DEL-102,28.5,985.0,47.0,False,,low,3.3,NORMAL,29.0,986.6,44.0,HEALTHY,replay,5.6,0.0
2025-03-14T11:00:00+00:00,AWS-DEL-102,30.4,984.8,40.0,False,,low,2.5,NORMAL,31.0,986.4,36.0,HEALTHY,replay,4.2,0.0
2025-03-14T12:00:00+00:00,AWS-DEL-102,32.1,983.9,26.0,False,,low,29.4,NORMAL,32.5,985.6,24.0,HEALTHY,replay,49.0,0.0
2025-03-14T13:00:00+00:00,AWS-DEL-102,32.7,982.9,21.0,False,,low,11.5,NORMAL,33.0,984.4,20.0,HEALTHY,replay,19.2,0.0
2025-03-14T14:00:00+00:00,AWS-DEL-102,32.8,981.9,20.0,False,,low,9.1,NORMAL,33.4,983.4,19.0,HEALTHY,replay,15.2,0.0
2025-03-14T15:00:00+00:00,AWS-DEL-102,31.7,981.7,22.0,False,,low,0.9,NORMAL,33.2,982.7,19.0,HEALTHY,replay,1.4,0.0
2025-03-14T16:00:00+00:00,AWS-DEL-102,31.4,981.3,22.0,False,,low,1.8,NORMAL,32.5,982.7,21.0,HEALTHY,replay,3.0,0.0
2025-03-14T17:00:00+00:00,AWS-DEL-102,30.1,981.2,25.0,False,,low,2.1,NORMAL,30.4,982.9,26.0,HEALTHY,replay,3.4,0.0
2025-03-14T18:00:00+00:00,AWS-DEL-102,26.3,982.1,49.0,False,,low,11.3,NORMAL,28.0,983.9,40.0,HEALTHY,replay,18.9,0.0
2025-03-14T19:00:00+00:00,AWS-DEL-102,25.0,982.6,50.0,False,,low,1.1,NORMAL,27.3,984.6,49.0,HEALTHY,replay,1.8,0.0
2025-03-14T20:00:00+00:00,AWS-DEL-102,25.0,982.7,47.0,False,,low,0.4,NORMAL,25.9,985.1,61.0,HEALTHY,replay,0.7,0.0
2025-03-14T21:00:00+00:00,AWS-DEL-102,22.6,983.8,58.0,False,,low,2.0,NORMAL,24.0,985.83,59.0,HEALTHY,replay,3.3,0.0
2025-03-14T22:00:00+00:00,AWS-DEL-102,22.3,983.4,64.0,False,,low,1.1,NORMAL,22.6,985.4,66.0,HEALTHY,replay,1.8,0.0
2025-03-14T23:00:00+00:00,AWS-DEL-102,21.7,982.9,63.0,False,,low,0.3,NORMAL,22.2,984.72,71.0,HEALTHY,replay,0.5,0.0
2025-03-15T00:00:00+00:00,AWS-DEL-102,21.3,983.4,63.0,False,,low,0.2,NORMAL,21.3,984.9,64.0,HEALTHY,replay,0.3,0.0
2025-03-15T01:00:00+00:00,AWS-DEL-102,20.5,982.3,67.0,False,,low,0.2,NORMAL,20.8,984.7,66.0,HEALTHY,replay,0.3,0.0
2025-03-15T02:00:00+00:00,AWS-DEL-102,19.9,982.0,69.0,False,,low,0.1,NORMAL,20.1,983.6,66.0,HEALTHY,replay,0.2,0.0
2025-03-15T03:00:00+00:00,AWS-DEL-102,19.4,982.0,70.0,False,,low,0.2,NORMAL,19.5,983.8,65.0,HEALTHY,replay,0.3,0.0
2025-03-15T04:00:00+00:00,AWS-DEL-102,18.7,982.2,72.0,False,,low,0.1,NORMAL,18.9,984.0,65.0,HEALTHY,replay,0.2,0.0
2025-03-15T05:00:00+00:00,AWS-DEL-102,18.4,982.8,72.0,False,,low,0.2,NORMAL,18.1,984.5,67.0,HEALTHY,replay,0.3,0.0
2025-03-15T06:00:00+00:00,AWS-DEL-102,18.8,984.1,70.0,False,,low,0.9,NORMAL,19.1,986.0,71.0,HEALTHY,replay,1.6,0.0
2025-03-15T07:00:00+00:00,AWS-DEL-102,19.2,984.9,69.0,False,,low,0.6,NORMAL,19.5,986.8,69.0,HEALTHY,replay,1.0,0.0
2025-03-15T08:00:00+00:00,AWS-DEL-102,20.9,985.6,62.0,False,,low,0.3,NORMAL,21.1,987.4,63.0,HEALTHY,replay,0.5,0.0
2025-03-15T09:00:00+00:00,AWS-DEL-102,23.1,985.9,54.0,False,,low,0.6,NORMAL,23.1,987.8,55.0,HEALTHY,replay,1.0,0.0
2025-03-15T10:00:00+00:00,AWS-DEL-102,25.4,986.0,46.0,False,,low,1.2,NORMAL,25.4,987.7,47.0,HEALTHY,replay,2.0,0.0
2025-03-15T11:00:00+00:00,AWS-DEL-102,27.4,985.7,40.0,False,,low,1.0,NORMAL,27.2,987.3,42.0,HEALTHY,replay,1.7,0.0
2025-03-15T12:00:00+00:00,AWS-DEL-102,28.9,985.0,38.0,False,,low,1.3,NORMAL,28.8,986.7,40.0,HEALTHY,replay,2.2,0.0
2025-03-15T13:00:00+00:00,AWS-DEL-102,30.0,984.2,36.0,False,,low,0.5,NORMAL,30.2,985.9,37.0,HEALTHY,replay,0.8,0.0
2025-03-15T14:00:00+00:00,AWS-DEL-102,30.4,983.6,37.0,False,,low,0.5,NORMAL,30.8,985.2,36.0,HEALTHY,replay,0.8,0.0
2025-03-15T15:00:00+00:00,AWS-DEL-102,30.4,983.3,36.0,False,,low,0.4,NORMAL,30.6,984.6,36.0,HEALTHY,replay,0.7,0.0
2025-03-15T16:00:00+00:00,AWS-DEL-102,28.7,983.1,37.0,False,,low,0.6,NORMAL,30.3,984.7,36.0,HEALTHY,replay,1.0,0.0
2025-03-15T17:00:00+00:00,AWS-DEL-102,28.5,982.8,37.0,False,,low,0.4,NORMAL,28.9,984.3,37.0,HEALTHY,replay,0.7,0.0
2025-03-15T18:00:00+00:00,AWS-DEL-102,26.4,983.5,56.0,False,,low,1.7,NORMAL,25.9,985.1,46.0,HEALTHY,replay,2.8,0.0
2025-03-15T19:00:00+00:00,AWS-DEL-102,25.1,984.3,61.0,False,,low,0.5,NORMAL,24.6,986.1,51.0,HEALTHY,replay,0.8,0.0
2025-03-15T20:00:00+00:00,AWS-DEL-102,23.3,984.9,62.0,False,,low,0.6,NORMAL,24.3,986.7,57.0,HEALTHY,replay,1.0,0.0
2025-03-15T21:00:00+00:00,AWS-DEL-102,22.4,985.5,65.0,False,,low,0.2,NORMAL,23.2,987.3,62.0,HEALTHY,replay,0.4,0.0
2025-03-15T22:00:00+00:00,AWS-DEL-102,21.2,985.7,67.0,False,,low,0.4,NORMAL,22.0,987.5,67.0,HEALTHY,replay,0.7,0.0
2025-03-15T23:00:00+00:00,AWS-DEL-102,20.4,985.7,69.0,False,,low,0.4,NORMAL,21.1,987.4,69.0,HEALTHY,replay,0.7,0.0
2025-03-16T00:00:00+00:00,AWS-DEL-102,19.6,985.6,71.0,False,,low,0.3,NORMAL,20.3,987.3,70.0,HEALTHY,replay,0.6,0.0
2025-03-16T01:00:00+00:00,AWS-DEL-102,18.9,985.4,74.0,False,,low,0.5,NORMAL,19.5,987.0,71.0,HEALTHY,replay,0.8,0.0
2025-03-16T02:00:00+00:00,AWS-DEL-102,18.1,985.1,76.0,False,,low,0.4,NORMAL,18.9,986.8,73.0,HEALTHY,replay,0.7,0.0
2025-03-16T03:00:00+00:00,AWS-DEL-102,17.6,985.0,77.0,False,,low,0.4,NORMAL,18.3,986.5,75.0,HEALTHY,replay,0.7,0.0
2025-03-16T04:00:00+00:00,AWS-DEL-102,17.1,985.3,79.0,False,,low,0.6,NORMAL,18.0,986.8,76.0,HEALTHY,replay,1.0,0.0
2025-03-16T05:00:00+00:00,AWS-DEL-102,16.8,985.7,79.0,False,,low,0.9,NORMAL,17.5,987.4,77.0,HEALTHY,replay,1.5,0.0
2025-03-16T06:00:00+00:00,AWS-DEL-102,17.6,985.6,82.0,False,,low,1.2,NORMAL,18.7,987.19,78.0,HEALTHY,replay,2.1,0.0
2025-03-16T07:00:00+00:00,AWS-DEL-102,18.0,986.3,80.0,False,,low,0.5,NORMAL,19.8,988.13,77.0,HEALTHY,replay,0.8,0.0
2025-03-16T08:00:00+00:00,AWS-DEL-102,20.1,987.1,70.0,False,,low,0.6,NORMAL,21.4,988.5,69.0,HEALTHY,replay,0.9,0.0
2025-03-16T09:00:00+00:00,AWS-DEL-102,22.9,987.8,59.0,False,,low,0.7,NORMAL,23.5,989.66,63.0,HEALTHY,replay,1.2,0.0
2025-03-16T10:00:00+00:00,AWS-DEL-102,25.3,988.0,48.0,False,,low,1.4,NORMAL,25.5,989.6,51.0,HEALTHY,replay,2.4,0.0
2025-03-16T11:00:00+00:00,AWS-DEL-102,27.4,987.7,39.0,False,,low,1.9,NORMAL,27.4,989.3,45.0,HEALTHY,replay,3.1,0.0
2025-03-16T12:00:00+00:00,AWS-DEL-102,28.6,986.8,33.0,False,,low,1.5,NORMAL,29.0,988.2,36.0,HEALTHY,replay,2.4,0.0
2025-03-16T13:00:00+00:00,AWS-DEL-102,29.0,986.2,29.0,False,,low,1.9,NORMAL,29.9,987.4,29.0,HEALTHY,replay,3.1,0.0
2025-03-16T14:00:00+00:00,AWS-DEL-102,28.5,985.2,28.0,False,,low,0.7,NORMAL,29.7,986.4,23.0,HEALTHY,replay,1.1,0.0
2025-03-16T15:00:00+00:00,AWS-DEL-102,27.9,984.5,31.0,False,,low,0.5,NORMAL,29.4,985.6,24.0,HEALTHY,replay,0.9,0.0
2025-03-16T16:00:00+00:00,AWS-DEL-102,27.2,984.0,33.0,False,,low,0.4,NORMAL,28.5,985.4,25.0,HEALTHY,replay,0.6,0.0
2025-03-16T17:00:00+00:00,AWS-DEL-102,26.0,983.9,36.0,False,,low,0.2,NORMAL,27.3,985.4,28.0,HEALTHY,replay,0.3,0.0
2025-03-16T18:00:00+00:00,AWS-DEL-102,24.3,984.2,45.0,False,,low,0.6,NORMAL,26.0,985.7,30.0,HEALTHY,replay,0.9,0.0
2025-03-16T19:00:00+00:00,AWS-DEL-102,23.0,984.6,48.0,False,,low,0.2,NORMAL,23.7,986.4,36.0,HEALTHY,replay,0.4,0.0
2025-03-16T20:00:00+00:00,AWS-DEL-102,22.1,985.1,48.0,False,,low,0.2,NORMAL,22.6,987.0,41.0,HEALTHY,replay,0.3,0.0
2025-03-16T21:00:00+00:00,AWS-DEL-102,21.5,985.6,47.0,False,,low,0.2,NORMAL,21.6,987.3,47.0,HEALTHY,replay,0.3,0.0
2025-03-16T22:00:00+00:00,AWS-DEL-102,20.8,985.8,47.0,False,,low,0.2,NORMAL,20.5,987.5,51.0,HEALTHY,replay,0.3,0.0
2025-03-16T23:00:00+00:00,AWS-DEL-102,19.7,985.5,51.0,False,,low,0.2,NORMAL,19.4,987.2,54.0,HEALTHY,replay,0.3,0.0
2025-03-17T00:00:00+00:00,AWS-DEL-102,18.9,985.3,53.0,False,,low,0.2,NORMAL,18.6,987.1,55.0,HEALTHY,replay,0.3,0.0
2025-03-17T01:00:00+00:00,AWS-DEL-102,18.2,985.3,54.0,False,,low,0.4,NORMAL,18.2,987.0,55.0,HEALTHY,replay,0.7,0.0
2025-03-17T02:00:00+00:00,AWS-DEL-102,17.5,985.0,56.0,False,,low,0.4,NORMAL,17.4,986.8,56.0,HEALTHY,replay,0.7,0.0
2025-03-17T03:00:00+00:00,AWS-DEL-102,16.7,984.7,59.0,False,,low,0.2,NORMAL,16.7,986.5,59.0,HEALTHY,replay,0.3,0.0
2025-03-17T04:00:00+00:00,AWS-DEL-102,16.0,984.9,62.0,False,,low,0.4,NORMAL,16.2,986.5,61.0,HEALTHY,replay,0.7,0.0
2025-03-17T05:00:00+00:00,AWS-DEL-102,15.1,985.3,67.0,False,,low,0.8,NORMAL,16.0,986.8,61.0,HEALTHY,replay,1.3,0.0
2025-03-17T06:00:00+00:00,AWS-DEL-102,16.7,985.9,84.0,False,multivariate_inconsistency,low,27.0,NORMAL,17.7,987.5,81.0,HEALTHY,replay,14.9,45.0
2025-03-17T07:00:00+00:00,AWS-DEL-102,16.9,986.7,82.0,False,,low,2.0,NORMAL,19.3,988.3,73.0,HEALTHY,replay,3.4,0.0
2025-03-17T08:00:00+00:00,AWS-DEL-102,19.6,987.6,70.0,False,,low,1.3,NORMAL,21.0,989.2,64.0,HEALTHY,replay,2.1,0.0
2025-03-17T09:00:00+00:00,AWS-DEL-102,22.3,988.3,60.0,False,,low,2.2,NORMAL,23.5,989.8,54.0,HEALTHY,replay,3.7,0.0
2025-03-17T10:00:00+00:00,AWS-DEL-102,24.6,988.5,50.0,False,,low,2.0,NORMAL,26.3,989.5,48.0,HEALTHY,replay,3.3,0.0
2025-03-17T11:00:00+00:00,AWS-DEL-102,26.3,988.4,39.0,False,,low,2.9,NORMAL,27.7,989.4,33.0,HEALTHY,replay,4.9,0.0
2025-03-17T12:00:00+00:00,AWS-DEL-102,26.9,987.7,34.0,False,,low,2.8,NORMAL,28.6,988.8,34.0,HEALTHY,replay,4.7,0.0
2025-03-17T13:00:00+00:00,AWS-DEL-102,26.8,986.8,35.0,False,,low,1.2,NORMAL,29.1,987.7,32.0,HEALTHY,replay,2.0,0.0
2025-03-17T14:00:00+00:00,AWS-DEL-102,26.9,986.1,33.0,False,,low,0.5,NORMAL,27.3,988.5,33.0,HEALTHY,replay,0.8,0.0
2025-03-17T15:00:00+00:00,AWS-DEL-102,26.8,985.4,33.0,False,,low,0.4,NORMAL,27.0,987.9,28.0,HEALTHY,replay,0.7,0.0
2025-03-17T16:00:00+00:00,AWS-DEL-102,26.3,985.3,34.0,False,,low,0.4,NORMAL,27.8,986.4,30.0,HEALTHY,replay,0.7,0.0
2025-03-17T17:00:00+00:00,AWS-DEL-102,25.4,985.4,36.0,False,,low,0.5,NORMAL,26.4,986.9,32.0,HEALTHY,replay,0.8,0.0
2025-03-17T18:00:00+00:00,AWS-DEL-102,23.7,986.1,43.0,False,,low,0.5,NORMAL,25.1,987.8,34.0,HEALTHY,replay,0.8,0.0
2025-03-17T19:00:00+00:00,AWS-DEL-102,22.6,986.9,47.0,False,,low,0.3,NORMAL,22.9,988.7,41.0,HEALTHY,replay,0.5,0.0
2025-03-17T20:00:00+00:00,AWS-DEL-102,21.9,987.5,48.0,False,,low,0.2,NORMAL,22.4,989.2,44.0,HEALTHY,replay,0.3,0.0
2025-03-17T21:00:00+00:00,AWS-DEL-102,21.1,987.9,49.0,False,,low,0.4,NORMAL,21.7,989.5,47.0,HEALTHY,replay,0.7,0.0
2025-03-17T22:00:00+00:00,AWS-DEL-102,20.2,987.9,52.0,False,,low,0.4,NORMAL,21.1,989.6,48.0,HEALTHY,replay,0.6,0.0
2025-03-17T23:00:00+00:00,AWS-DEL-102,19.4,987.3,55.0,False,,low,0.1,NORMAL,20.6,989.1,50.0,HEALTHY,replay,0.2,0.0
2025-03-18T00:00:00+00:00,AWS-DEL-102,18.7,987.1,57.0,False,,low,0.1,NORMAL,19.5,988.7,52.0,HEALTHY,replay,0.2,0.0
2025-03-18T01:00:00+00:00,AWS-DEL-102,16.9,986.7,64.0,False,,low,0.3,NORMAL,18.3,988.5,56.0,HEALTHY,replay,0.5,0.0
2025-03-18T02:00:00+00:00,AWS-DEL-102,16.0,985.9,68.0,False,,low,0.3,NORMAL,17.6,987.6,59.0,HEALTHY,replay,0.5,0.0
2025-03-18T03:00:00+00:00,AWS-DEL-102,15.3,985.3,72.0,False,,low,0.3,NORMAL,17.2,987.0,60.0,HEALTHY,replay,0.6,0.0
2025-03-18T04:00:00+00:00,AWS-DEL-102,14.9,985.2,74.0,False,,low,0.3,NORMAL,16.9,986.9,60.0,HEALTHY,replay,0.4,0.0
2025-03-18T05:00:00+00:00,AWS-DEL-102,14.7,985.1,74.0,False,,low,0.3,NORMAL,16.1,986.9,63.0,HEALTHY,replay,0.5,0.0
2025-03-18T06:00:00+00:00,AWS-DEL-102,15.1,986.3,88.0,False,,low,5.0,NORMAL,16.7,987.8,78.0,HEALTHY,replay,8.4,0.0
2025-03-18T07:00:00+00:00,AWS-DEL-102,15.8,987.2,84.0,False,,low,0.8,NORMAL,18.6,988.8,69.0,HEALTHY,replay,1.4,0.0
2025-03-18T08:00:00+00:00,AWS-DEL-102,18.8,987.8,69.0,False,,low,1.0,NORMAL,20.8,989.3,63.0,HEALTHY,replay,1.7,0.0
2025-03-18T09:00:00+00:00,AWS-DEL-102,21.8,988.3,57.0,False,,low,2.3,NORMAL,23.5,989.8,47.0,HEALTHY,replay,3.8,0.0
2025-03-18T10:00:00+00:00,AWS-DEL-102,24.5,988.5,46.0,False,,low,4.2,NORMAL,26.2,989.9,35.0,HEALTHY,replay,7.0,0.0
2025-03-18T11:00:00+00:00,AWS-DEL-102,26.5,988.0,35.0,False,,low,2.3,NORMAL,27.8,989.3,29.0,HEALTHY,replay,3.8,0.0
2025-03-18T12:00:00+00:00,AWS-DEL-102,27.6,987.3,32.0,False,,low,1.8,NORMAL,28.9,988.5,26.0,HEALTHY,replay,3.0,0.0
2025-03-18T13:00:00+00:00,AWS-DEL-102,28.3,986.4,30.0,False,,low,1.2,NORMAL,29.6,987.7,24.0,HEALTHY,replay,2.0,0.0
2025-03-18T14:00:00+00:00,AWS-DEL-102,28.5,985.6,29.0,False,,low,0.7,NORMAL,29.9,986.9,23.0,HEALTHY,replay,1.1,0.0
2025-03-18T15:00:00+00:00,AWS-DEL-102,28.3,985.3,29.0,False,,low,0.4,NORMAL,29.7,986.5,23.0,HEALTHY,replay,0.6,0.0
2025-03-18T16:00:00+00:00,AWS-DEL-102,27.7,985.1,30.0,False,,low,0.4,NORMAL,29.0,986.4,25.0,HEALTHY,replay,0.7,0.0
2025-03-18T17:00:00+00:00,AWS-DEL-102,26.6,985.1,32.0,False,,low,0.3,NORMAL,27.9,986.4,28.0,HEALTHY,replay,0.5,0.0
2025-03-18T18:00:00+00:00,AWS-DEL-102,24.5,985.7,44.0,False,,low,1.0,NORMAL,25.1,987.2,34.0,HEALTHY,replay,1.7,0.0
2025-03-18T19:00:00+00:00,AWS-DEL-102,22.8,985.9,51.0,False,,low,0.7,NORMAL,23.7,987.6,40.0,HEALTHY,replay,1.2,0.0
2025-03-18T20:00:00+00:00,AWS-DEL-102,22.1,986.0,51.0,False,,low,0.3,NORMAL,23.1,987.8,45.0,HEALTHY,replay,0.5,0.0
2025-03-18T21:00:00+00:00,AWS-DEL-102,21.5,986.5,48.0,False,,low,0.2,NORMAL,22.4,988.2,48.0,HEALTHY,replay,0.4,0.0
2025-03-18T22:00:00+00:00,AWS-DEL-102,21.1,986.5,46.0,False,,low,0.2,NORMAL,21.2,988.2,50.0,HEALTHY,replay,0.4,0.0
2025-03-18T23:00:00+00:00,AWS-DEL-102,21.0,986.7,45.0,False,,low,0.4,NORMAL,21.0,988.3,49.0,HEALTHY,replay,0.6,0.0
2025-03-19T00:00:00+00:00,AWS-DEL-102,19.7,986.6,49.0,False,,low,0.3,NORMAL,20.7,988.2,48.0,HEALTHY,replay,0.6,0.0
2025-03-19T01:00:00+00:00,AWS-DEL-102,17.8,986.4,58.0,False,,low,0.8,NORMAL,20.1,988.1,48.0,HEALTHY,replay,1.4,0.0
2025-03-19T02:00:00+00:00,AWS-DEL-102,16.7,985.7,65.0,False,,low,0.6,NORMAL,19.2,987.4,52.0,HEALTHY,replay,0.9,0.0
2025-03-19T03:00:00+00:00,AWS-DEL-102,16.1,985.4,68.0,False,,low,0.2,NORMAL,18.5,987.0,55.0,HEALTHY,replay,0.4,0.0
2025-03-19T04:00:00+00:00,AWS-DEL-102,15.9,985.1,70.0,False,,low,0.2,NORMAL,18.1,986.9,58.0,HEALTHY,replay,0.3,0.0
2025-03-19T05:00:00+00:00,AWS-DEL-102,15.3,985.2,72.0,False,,low,0.2,NORMAL,17.6,987.0,61.0,HEALTHY,replay,0.3,0.0
2025-03-19T06:00:00+00:00,AWS-DEL-102,16.2,986.2,75.0,False,,low,0.5,NORMAL,17.3,987.7,69.0,HEALTHY,replay,0.8,0.0
2025-03-19T07:00:00+00:00,AWS-DEL-102,17.2,987.0,69.0,False,,low,0.7,NORMAL,19.0,988.7,63.0,HEALTHY,replay,1.1,0.0
2025-03-19T08:00:00+00:00,AWS-DEL-102,21.0,987.7,54.0,False,,low,2.9,NORMAL,22.1,989.3,52.0,HEALTHY,replay,4.8,0.0
2025-03-19T09:00:00+00:00,AWS-DEL-102,24.8,988.7,42.0,False,,low,25.4,NORMAL,25.7,990.2,39.0,HEALTHY,replay,42.4,0.0
2025-03-19T10:00:00+00:00,AWS-DEL-102,27.5,989.0,32.0,False,,low,24.8,NORMAL,28.4,990.5,28.0,HEALTHY,replay,41.3,0.0
2025-03-19T11:00:00+00:00,AWS-DEL-102,29.1,988.8,27.0,False,,low,5.0,NORMAL,30.2,990.2,22.0,HEALTHY,replay,8.4,0.0
2025-03-19T12:00:00+00:00,AWS-DEL-102,30.1,988.4,24.0,False,,low,3.0,NORMAL,31.5,989.8,19.0,HEALTHY,replay,5.0,0.0
2025-03-19T13:00:00+00:00,AWS-DEL-102,30.6,987.5,24.0,False,,low,1.8,NORMAL,32.1,988.8,18.0,HEALTHY,replay,3.0,0.0
2025-03-19T14:00:00+00:00,AWS-DEL-102,30.6,986.8,25.0,False,,low,0.7,NORMAL,32.3,988.1,17.0,HEALTHY,replay,1.1,0.0
2025-03-19T15:00:00+00:00,AWS-DEL-102,30.1,986.4,26.0,False,,low,0.5,NORMAL,31.8,987.7,18.0,HEALTHY,replay,0.9,0.0
2025-03-19T16:00:00+00:00,AWS-DEL-102,29.4,986.2,29.0,False,,low,0.4,NORMAL,30.8,987.6,22.0,HEALTHY,replay,0.7,0.0
2025-03-19T17:00:00+00:00,AWS-DEL-102,28.0,986.4,34.0,False,,low,0.7,NORMAL,29.6,987.8,26.0,HEALTHY,replay,1.1,0.0
2025-03-19T18:00:00+00:00,AWS-DEL-102,26.9,986.6,37.0,False,,low,0.5,NORMAL,28.1,988.3,26.0,HEALTHY,replay,0.8,0.0
2025-03-19T19:00:00+00:00,AWS-DEL-102,25.6,987.3,37.0,False,,low,0.9,NORMAL,25.8,989.1,33.0,HEALTHY,replay,1.5,0.0
2025-03-19T20:00:00+00:00,AWS-DEL-102,24.7,987.7,37.0,False,,low,0.5,NORMAL,23.6,989.4,39.0,HEALTHY,replay,0.9,0.0
2025-03-19T21:00:00+00:00,AWS-DEL-102,23.5,988.4,40.0,False,,low,0.2,NORMAL,22.8,990.1,40.0,HEALTHY,replay,0.4,0.0
2025-03-19T22:00:00+00:00,AWS-DEL-102,23.5,988.5,39.0,False,,low,0.4,NORMAL,22.1,990.2,42.0,HEALTHY,replay,0.7,0.0
2025-03-19T23:00:00+00:00,AWS-DEL-102,22.0,988.5,41.0,False,,low,0.3,NORMAL,21.0,990.4,46.0,HEALTHY,replay,0.6,0.0
2025-03-20T00:00:00+00:00,AWS-DEL-102,20.7,988.3,44.0,False,,low,0.2,NORMAL,19.9,990.1,50.0,HEALTHY,replay,0.4,0.0
2025-03-20T01:00:00+00:00,AWS-DEL-102,19.9,988.0,46.0,False,,low,0.4,NORMAL,18.9,989.9,51.0,HEALTHY,replay,0.6,0.0
2025-03-20T02:00:00+00:00,AWS-DEL-102,19.8,987.5,46.0,False,,low,0.4,NORMAL,18.2,989.4,50.0,HEALTHY,replay,0.6,0.0
2025-03-20T03:00:00+00:00,AWS-DEL-102,19.4,987.0,46.0,False,,low,0.5,NORMAL,17.6,988.9,52.0,HEALTHY,replay,0.8,0.0
2025-03-20T04:00:00+00:00,AWS-DEL-102,18.9,986.9,47.0,False,,low,0.3,NORMAL,17.0,988.7,53.0,HEALTHY,replay,0.6,0.0
2025-03-20T05:00:00+00:00,AWS-DEL-102,17.6,987.3,51.0,False,,low,0.4,NORMAL,16.3,989.0,56.0,HEALTHY,replay,0.7,0.0
2025-03-20T06:00:00+00:00,AWS-DEL-102,18.2,988.1,70.0,False,multivariate_inconsistency,low,25.6,NORMAL,17.1,989.8,76.0,HEALTHY,replay,12.6,45.0
2025-03-20T07:00:00+00:00,AWS-DEL-102,18.7,988.8,65.0,False,,low,1.2,NORMAL,18.9,990.7,68.0,HEALTHY,replay,2.0,0.0
2025-03-20T08:00:00+00:00,AWS-DEL-102,21.9,989.7,54.0,False,,low,1.0,NORMAL,22.7,991.5,55.0,HEALTHY,replay,1.6,0.0
2025-03-20T09:00:00+00:00,AWS-DEL-102,25.7,990.3,41.0,False,,low,7.9,NORMAL,26.9,992.0,40.0,HEALTHY,replay,13.1,0.0
2025-03-20T10:00:00+00:00,AWS-DEL-102,28.6,990.9,31.0,False,,low,8.2,NORMAL,30.3,992.4,23.0,HEALTHY,replay,13.7,0.0
2025-03-20T11:00:00+00:00,AWS-DEL-102,30.2,990.7,25.0,False,,low,2.3,NORMAL,31.8,992.1,16.0,HEALTHY,replay,3.8,0.0
2025-03-20T12:00:00+00:00,AWS-DEL-102,31.1,989.9,22.0,False,,low,1.5,NORMAL,32.9,991.2,13.0,HEALTHY,replay,2.6,0.0
2025-03-20T13:00:00+00:00,AWS-DEL-102,31.3,988.8,22.0,False,,low,0.9,NORMAL,33.0,990.1,13.0,HEALTHY,replay,1.5,0.0
2025-03-20T14:00:00+00:00,AWS-DEL-102,31.1,987.9,25.0,False,,low,0.8,NORMAL,32.6,989.3,13.0,HEALTHY,replay,1.3,0.0
2025-03-20T15:00:00+00:00,AWS-DEL-102,30.7,987.1,27.0,False,,low,0.6,NORMAL,32.1,988.5,15.0,HEALTHY,replay,1.0,0.0
2025-03-20T16:00:00+00:00,AWS-DEL-102,29.8,986.9,28.0,False,,low,0.3,NORMAL,31.4,988.1,16.0,HEALTHY,replay,0.5,0.0
2025-03-20T17:00:00+00:00,AWS-DEL-102,28.5,986.7,30.0,False,,low,0.2,NORMAL,30.1,988.1,19.0,HEALTHY,replay,0.4,0.0
2025-03-20T18:00:00+00:00,AWS-DEL-102,26.6,986.7,37.0,False,,low,0.4,NORMAL,28.1,988.3,22.0,HEALTHY,replay,0.7,0.0
2025-03-20T19:00:00+00:00,AWS-DEL-102,24.0,987.0,53.0,False,,low,11.8,NORMAL,25.7,988.6,26.0,HEALTHY,replay,19.6,0.0
2025-03-20T20:00:00+00:00,AWS-DEL-102,23.1,987.8,57.0,False,,low,1.9,NORMAL,25.4,989.5,26.0,HEALTHY,replay,3.2,0.0
2025-03-20T21:00:00+00:00,AWS-DEL-102,22.6,988.5,54.0,False,,low,0.4,NORMAL,24.2,990.2,31.39,HEALTHY,replay,0.7,0.0
2025-03-20T22:00:00+00:00,AWS-DEL-102,21.5,988.6,54.0,False,,low,0.2,NORMAL,23.2,990.3,35.0,HEALTHY,replay,0.3,0.0
2025-03-20T23:00:00+00:00,AWS-DEL-102,21.2,988.7,48.0,False,,low,0.3,NORMAL,22.7,990.5,40.0,HEALTHY,replay,0.4,0.0
2025-03-21T00:00:00+00:00,AWS-DEL-102,20.5,988.3,42.0,False,,low,0.4,NORMAL,21.2,990.0,42.0,HEALTHY,replay,0.6,0.0
2025-03-21T01:00:00+00:00,AWS-DEL-102,19.9,987.9,41.0,False,,low,0.2,NORMAL,19.9,989.6,44.0,HEALTHY,replay,0.3,0.0
2025-03-21T02:00:00+00:00,AWS-DEL-102,19.6,987.3,41.0,False,,low,0.2,NORMAL,19.2,989.1,44.0,HEALTHY,replay,0.3,0.0
2025-03-21T03:00:00+00:00,AWS-DEL-102,19.2,986.8,42.0,False,,low,0.2,NORMAL,18.8,988.5,45.0,HEALTHY,replay,0.3,0.0
2025-03-21T04:00:00+00:00,AWS-DEL-102,18.7,986.8,44.0,False,,low,0.1,NORMAL,18.5,988.5,45.0,HEALTHY,replay,0.2,0.0
2025-03-21T05:00:00+00:00,AWS-DEL-102,18.0,987.1,46.0,False,,low,0.2,NORMAL,18.1,988.7,47.0,HEALTHY,replay,0.3,0.0
2025-03-21T06:00:00+00:00,AWS-DEL-102,16.4,987.9,71.0,False,multivariate_inconsistency,low,24.6,NORMAL,18.1,989.7,66.0,HEALTHY,replay,11.0,45.0
2025-03-21T07:00:00+00:00,AWS-DEL-102,17.1,988.7,69.0,False,,low,1.3,NORMAL,20.4,990.3,56.0,HEALTHY,replay,2.1,0.0
2025-03-21T08:00:00+00:00,AWS-DEL-102,20.2,989.6,59.0,False,,low,1.3,NORMAL,22.5,991.2,47.0,HEALTHY,replay,2.2,0.0
2025-03-21T09:00:00+00:00,AWS-DEL-102,23.3,990.6,50.0,False,,low,5.0,NORMAL,25.1,992.0,38.0,HEALTHY,replay,8.4,0.0
2025-03-21T10:00:00+00:00,AWS-DEL-102,26.1,990.6,42.0,False,,low,4.5,NORMAL,27.7,992.1,29.0,HEALTHY,replay,7.4,0.0
2025-03-21T11:00:00+00:00,AWS-DEL-102,28.3,990.3,36.0,False,,low,1.9,NORMAL,30.0,991.7,21.0,HEALTHY,replay,3.2,0.0
2025-03-21T12:00:00+00:00,AWS-DEL-102,29.8,989.4,28.0,False,,low,2.9,NORMAL,31.5,990.8,17.0,HEALTHY,replay,4.8,0.0
2025-03-21T13:00:00+00:00,AWS-DEL-102,30.6,988.4,24.0,False,,low,1.0,NORMAL,31.9,989.7,15.0,HEALTHY,replay,1.6,0.0
2025-03-21T14:00:00+00:00,AWS-DEL-102,30.7,987.2,21.0,False,,low,1.6,NORMAL,32.0,988.5,14.0,HEALTHY,replay,2.7,0.0
2025-03-21T15:00:00+00:00,AWS-DEL-102,30.4,986.5,20.0,False,,low,0.7,NORMAL,31.6,987.8,14.0,HEALTHY,replay,1.1,0.0
2025-03-21T16:00:00+00:00,AWS-DEL-102,29.4,986.0,22.0,False,,low,0.6,NORMAL,30.9,986.9,15.0,HEALTHY,replay,1.1,0.0
2025-03-21T17:00:00+00:00,AWS-DEL-102,28.2,985.8,25.0,False,,low,0.4,NORMAL,29.7,986.8,18.0,HEALTHY,replay,0.7,0.0
2025-03-21T18:00:00+00:00,AWS-DEL-102,25.8,986.4,36.0,False,,low,1.3,NORMAL,28.0,987.5,20.0,HEALTHY,replay,2.1,0.0
2025-03-21T19:00:00+00:00,AWS-DEL-102,24.1,986.8,40.0,False,,low,0.5,NORMAL,25.7,987.8,25.0,HEALTHY,replay,0.8,0.0
2025-03-21T20:00:00+00:00,AWS-DEL-102,23.0,987.2,38.0,False,,low,0.6,NORMAL,25.4,988.9,29.0,HEALTHY,replay,1.0,0.0
2025-03-21T21:00:00+00:00,AWS-DEL-102,22.1,987.4,35.0,False,,low,0.4,NORMAL,24.3,989.1,32.0,HEALTHY,replay,0.6,0.0
2025-03-21T22:00:00+00:00,AWS-DEL-102,21.3,987.2,35.0,False,,low,0.3,NORMAL,23.0,989.0,34.0,HEALTHY,replay,0.5,0.0
2025-03-21T23:00:00+00:00,AWS-DEL-102,20.5,987.1,38.0,False,,low,0.2,NORMAL,21.9,988.8,36.0,HEALTHY,replay,0.4,0.0
