timestamp,station_id,temperature_c,pressure_hpa,humidity_pct,is_anomaly,fault_type,severity,anomaly_score_pct,decision_basis,suggested_temperature_c,suggested_pressure_hpa,suggested_humidity_pct,health_status,source,model_confidence_pct,rule_confidence_pct
2026-09-22 06:45:00+00:00,AWS-DEL-103,33.4,985.5,50.0,False,,low,0.0,NORMAL,33.4,985.9,50.0,HEALTHY,live,,0.0
2026-09-22T07:00:00+00:00,AWS-DEL-103,33.5,985.4,49.0,False,,low,0.0,NORMAL,33.5,985.6,49.0,HEALTHY,live,,0.0
2025-01-01T00:00:00+00:00,AWS-DEL-103,7.6,993.9,97.0,False,,low,0.0,NORMAL,8.0,994.3,100.0,HEALTHY,replay,,0.0
2025-01-01T01:00:00+00:00,AWS-DEL-103,7.1,993.2,98.0,False,,low,0.0,NORMAL,7.5,993.7,100.0,HEALTHY,replay,,0.0
2025-01-01T02:00:00+00:00,AWS-DEL-103,7.0,992.8,100.0,False,,low,0.0,NORMAL,7.0,993.3,100.0,HEALTHY,replay,,0.0
2025-01-01T03:00:00+00:00,AWS-DEL-103,7.4,992.6,100.0,False,,low,0.0,NORMAL,7.3,993.1,99.0,HEALTHY,replay,,0.0
2025-01-01T04:00:00+00:00,AWS-DEL-103,7.7,992.4,100.0,False,,low,0.0,NORMAL,7.3,992.9,99.0,HEALTHY,replay,,0.0
2025-01-01T05:00:00+00:00,AWS-DEL-103,7.8,992.4,99.0,False,,low,0.0,NORMAL,7.5,993.0,99.0,HEALTHY,replay,,0.0
2025-01-01T06:00:00+00:00,AWS-DEL-103,8.3,993.4,100.0,False,,low,0.0,NORMAL,8.3,993.7,98.0,HEALTHY,replay,,0.0
2025-01-01T07:00:00+00:00,AWS-DEL-103,8.3,993.7,99.0,False,,low,0.0,NORMAL,8.3,994.2,99.0,HEALTHY,replay,,0.0
2025-01-01T08:00:00+00:00,AWS-DEL-103,8.7,994.2,98.0,False,,low,0.0,NORMAL,8.8,994.7,99.0,HEALTHY,replay,,0.0
2025-01-01T09:00:00+00:00,AWS-DEL-103,9.9,994.9,94.0,False,,low,0.0,NORMAL,9.5,995.2,97.0,HEALTHY,replay,,0.0
2025-01-01T10:00:00+00:00,AWS-DEL-103,12.6,995.0,81.0,False,,low,0.0,NORMAL,11.3,995.4,89.0,HEALTHY,replay,,0.0
2025-01-01T11:00:00+00:00,AWS-DEL-103,14.1,994.5,75.0,False,,low,0.0,NORMAL,13.2,994.9,82.0,HEALTHY,replay,,0.0
2025-01-01T12:00:00+00:00,AWS-DEL-103,15.4,993.3,71.0,False,,low,0.0,NORMAL,14.6,993.8,77.0,HEALTHY,replay,,0.0
2025-01-01T13:00:00+00:00,AWS-DEL-103,16.4,992.1,68.0,False,,low,0.0,NORMAL,15.8,992.5,73.0,HEALTHY,replay,,0.0
2025-01-01T14:00:00+00:00,AWS-DEL-103,17.0,991.3,67.0,False,,low,0.0,NORMAL,16.6,991.7,71.0,HEALTHY,replay,,0.0
2025-01-01T15:00:00+00:00,AWS-DEL-103,17.1,990.9,67.0,False,,low,0.0,NORMAL,16.8,991.3,70.0,HEALTHY,replay,,0.0
2025-01-01T16:00:00+00:00,AWS-DEL-103,16.6,990.9,71.0,False,,low,0.0,NORMAL,16.3,991.3,73.0,HEALTHY,replay,,0.0
2025-01-01T17:00:00+00:00,AWS-DEL-103,13.8,990.9,85.0,False,,low,0.0,NORMAL,14.2,991.4,80.0,HEALTHY,replay,,0.0
2025-01-01T18:00:00+00:00,AWS-DEL-103,11.1,992.7,90.0,False,,low,0.0,NORMAL,11.7,993.0,87.0,HEALTHY,replay,,0.0
2025-01-01T19:00:00+00:00,AWS-DEL-103,10.5,992.9,91.0,False,,low,0.0,NORMAL,11.0,993.3,90.0,HEALTHY,replay,,0.0
2025-01-01T20:00:00+00:00,AWS-DEL-103,10.2,993.4,92.0,False,,low,0.0,NORMAL,10.3,993.7,92.0,HEALTHY,replay,,0.0
2025-01-01T21:00:00+00:00,AWS-DEL-103,9.9,993.4,93.0,False,,low,0.0,NORMAL,9.6,993.8,94.0,HEALTHY,replay,,0.0
2025-01-01T22:00:00+00:00,AWS-DEL-103,9.7,993.2,94.0,False,,low,0.0,NORMAL,9.0,993.6,96.0,HEALTHY,replay,,0.0
2025-01-01T23:00:00+00:00,AWS-DEL-103,9.4,992.8,95.0,False,,low,0.0,NORMAL,8.7,993.2,97.0,HEALTHY,replay,,0.0
2025-01-02T00:00:00+00:00,AWS-DEL-103,9.1,992.0,95.0,False,,low,1.0,NORMAL,8.3,992.5,97.0,HEALTHY,replay,1.7,0.0
2025-01-02T01:00:00+00:00,AWS-DEL-103,8.6,991.4,96.0,False,,low,1.4,NORMAL,8.1,991.8,97.0,HEALTHY,replay,2.4,0.0
2025-01-02T02:00:00+00:00,AWS-DEL-103,8.3,991.0,97.0,False,,low,0.7,NORMAL,7.6,991.5,98.0,HEALTHY,replay,1.2,0.0
2025-01-02T03:00:00+00:00,AWS-DEL-103,8.4,991.0,97.0,False,,low,0.6,NORMAL,7.8,991.4,98.0,HEALTHY,replay,1.0,0.0
2025-01-02T04:00:00+00:00,AWS-DEL-103,8.3,990.7,97.0,False,,low,1.1,NORMAL,7.9,991.3,98.0,HEALTHY,replay,1.9,0.0
2025-01-02T05:00:00+00:00,AWS-DEL-103,8.8,991.0,97.0,False,,low,1.7,NORMAL,8.5,991.5,97.0,HEALTHY,replay,2.8,0.0
2025-01-02T06:00:00+00:00,AWS-DEL-103,8.8,992.0,98.0,False,,low,0.8,NORMAL,8.7,992.4,97.0,HEALTHY,replay,1.3,0.0
2025-01-02T07:00:00+00:00,AWS-DEL-103,8.7,992.4,97.0,False,,low,1.3,NORMAL,8.7,992.7,96.0,HEALTHY,replay,2.1,0.0
2025-01-02T08:00:00+00:00,AWS-DEL-103,10.1,993.2,94.0,False,,low,1.0,NORMAL,9.9,993.7,93.0,HEALTHY,replay,1.7,0.0
2025-01-02T09:00:00+00:00,AWS-DEL-103,12.1,994.2,86.0,False,,low,4.4,NORMAL,11.7,994.5,90.0,HEALTHY,replay,7.3,0.0
2025-01-02T10:00:00+00:00,AWS-DEL-103,14.0,994.5,77.0,False,,low,8.8,NORMAL,13.6,994.8,82.0,HEALTHY,replay,14.7,0.0
2025-01-02T11:00:00+00:00,AWS-DEL-103,15.7,993.9,70.0,False,,low,9.0,NORMAL,15.2,994.3,76.0,HEALTHY,replay,15.0,0.0
2025-01-02T12:00:00+00:00,AWS-DEL-103,17.1,993.0,65.0,False,,low,4.7,NORMAL,16.6,993.5,69.0,HEALTHY,replay,7.9,0.0
2025-01-02T13:00:00+00:00,AWS-DEL-103,18.2,992.1,62.0,False,,low,4.5,NORMAL,17.6,992.6,63.0,HEALTHY,replay,7.6,0.0
2025-01-02T14:00:00+00:00,AWS-DEL-103,18.9,991.4,61.0,False,,low,3.6,NORMAL,18.2,992.56,60.0,HEALTHY,replay,6.0,0.0
2025-01-02T15:00:00+00:00,AWS-DEL-103,18.9,991.3,63.0,False,,low,2.1,NORMAL,18.2,992.53,61.0,HEALTHY,replay,3.6,0.0
2025-01-02T16:00:00+00:00,AWS-DEL-103,18.2,991.4,68.0,False,,low,1.8,NORMAL,17.6,992.58,68.0,HEALTHY,replay,3.1,0.0
2025-01-02T17:00:00+00:00,AWS-DEL-103,15.4,991.2,82.0,False,,low,1.9,NORMAL,15.5,992.6,77.0,HEALTHY,replay,3.2,0.0
2025-01-02T18:00:00+00:00,AWS-DEL-103,12.9,992.3,86.0,False,,low,2.9,NORMAL,13.5,992.61,81.0,HEALTHY,replay,4.8,0.0
2025-01-02T19:00:00+00:00,AWS-DEL-103,12.5,992.3,87.0,False,,low,0.6,NORMAL,12.8,992.61,83.0,HEALTHY,replay,0.9,0.0
2025-01-02T20:00:00+00:00,AWS-DEL-103,11.7,992.5,89.0,False,,low,0.3,NORMAL,11.9,992.57,85.0,HEALTHY,replay,0.5,0.0
2025-01-02T21:00:00+00:00,AWS-DEL-103,10.6,992.6,92.0,False,,low,0.2,NORMAL,11.5,993.2,87.0,HEALTHY,replay,0.3,0.0
2025-01-02T22:00:00+00:00,AWS-DEL-103,9.9,992.9,93.0,False,,low,0.1,NORMAL,10.6,993.3,90.0,HEALTHY,replay,0.2,0.0
2025-01-02T23:00:00+00:00,AWS-DEL-103,9.5,992.6,94.0,False,,low,0.3,NORMAL,9.7,992.8,92.0,HEALTHY,replay,0.5,0.0
2025-01-03T00:00:00+00:00,AWS-DEL-103,9.0,992.1,95.0,False,,low,0.3,NORMAL,9.1,992.4,94.0,HEALTHY,replay,0.5,0.0
2025-01-03T01:00:00+00:00,AWS-DEL-103,8.7,991.8,96.0,False,,low,0.3,NORMAL,8.7,992.0,95.0,HEALTHY,replay,0.4,0.0
2025-01-03T02:00:00+00:00,AWS-DEL-103,9.4,991.4,95.0,False,,low,0.3,NORMAL,8.2,991.6,97.0,HEALTHY,replay,0.5,0.0
2025-01-03T03:00:00+00:00,AWS-DEL-103,9.3,991.1,95.0,False,,low,0.2,NORMAL,8.3,991.6,97.0,HEALTHY,replay,0.3,0.0
2025-01-03T04:00:00+00:00,AWS-DEL-103,8.8,991.3,96.0,False,,low,0.3,NORMAL,8.1,991.6,97.0,HEALTHY,replay,0.6,0.0
2025-01-03T05:00:00+00:00,AWS-DEL-103,8.5,991.4,97.0,False,,low,0.4,NORMAL,7.9,991.8,98.0,HEALTHY,replay,0.7,0.0
2025-01-03T06:00:00+00:00,AWS-DEL-103,9.2,992.2,100.0,False,,low,0.7,NORMAL,8.7,992.5,99.0,HEALTHY,replay,1.1,0.0
2025-01-03T07:00:00+00:00,AWS-DEL-103,8.9,992.6,100.0,False,,low,0.4,NORMAL,8.2,993.1,100.0,HEALTHY,replay,0.7,0.0
2025-01-03T08:00:00+00:00,AWS-DEL-103,9.7,993.9,98.0,False,,low,0.7,NORMAL,9.8,994.1,98.0,HEALTHY,replay,1.2,0.0
2025-01-03T09:00:00+00:00,AWS-DEL-103,10.8,994.9,97.0,False,,low,3.3,NORMAL,11.0,994.9,95.0,HEALTHY,replay,5.5,0.0
2025-01-03T10:00:00+00:00,AWS-DEL-103,13.2,995.2,88.0,False,,low,2.1,NORMAL,13.8,995.3,86.0,HEALTHY,replay,3.5,0.0
2025-01-03T11:00:00+00:00,AWS-DEL-103,15.8,994.5,77.0,False,,low,3.2,NORMAL,16.2,994.8,74.0,HEALTHY,replay,5.3,0.0
2025-01-03T12:00:00+00:00,AWS-DEL-103,17.9,993.3,68.0,False,,low,4.4,NORMAL,18.0,993.6,66.0,HEALTHY,replay,7.4,0.0
2025-01-03T13:00:00+00:00,AWS-DEL-103,19.4,992.3,59.0,False,,low,8.0,NORMAL,19.1,992.7,59.0,HEALTHY,replay,13.3,0.0
2025-01-03T14:00:00+00:00,AWS-DEL-103,20.1,991.5,58.0,False,,low,5.1,NORMAL,19.6,991.9,59.0,HEALTHY,replay,8.5,0.0
2025-01-03T15:00:00+00:00,AWS-DEL-103,20.0,991.0,60.0,False,,low,3.0,NORMAL,19.6,991.4,60.0,HEALTHY,replay,5.0,0.0
2025-01-03T16:00:00+00:00,AWS-DEL-103,19.0,990.6,68.0,False,,low,1.4,NORMAL,19.0,990.9,70.0,HEALTHY,replay,2.3,0.0
2025-01-03T17:00:00+00:00,AWS-DEL-103,15.9,990.4,84.0,False,,low,5.5,NORMAL,16.3,990.8,78.0,HEALTHY,replay,9.1,0.0
2025-01-03T18:00:00+00:00,AWS-DEL-103,13.5,991.3,86.0,False,,low,3.1,NORMAL,14.0,991.7,82.0,HEALTHY,replay,5.2,0.0
2026-09-22T07:00:00+00:00,AWS-DEL-103,33.5,985.4,49.0,True,spike,high,89.9,FUSED_CONSENSUS,33.5,985.6,49.0,HEALTHY,live,,89.9
2026-09-22T07:30:00+00:00,AWS-DEL-103,34.1,984.1,45.0,False,,low,0.0,NORMAL,34.3,984.4,45.0,HEALTHY,live,,0.0
2025-01-01T00:00:00+00:00,AWS-DEL-103,7.6,993.9,97.0,False,,low,0.0,NORMAL,8.0,994.3,100.0,HEALTHY,replay,,0.0
2025-01-01T01:00:00+00:00,AWS-DEL-103,7.1,993.2,98.0,False,,low,0.0,NORMAL,7.5,993.7,100.0,HEALTHY,replay,,0.0
2025-01-01T02:00:00+00:00,AWS-DEL-103,7.0,992.8,100.0,False,,low,0.0,NORMAL,7.0,993.3,100.0,HEALTHY,replay,,0.0
2025-01-01T03:00:00+00:00,AWS-DEL-103,7.4,992.6,100.0,False,,low,0.0,NORMAL,7.3,993.1,99.0,HEALTHY,replay,,0.0
2025-01-01T04:00:00+00:00,AWS-DEL-103,7.7,992.4,100.0,False,,low,0.0,NORMAL,7.3,992.9,99.0,HEALTHY,replay,,0.0
2025-01-01T05:00:00+00:00,AWS-DEL-103,7.8,992.4,99.0,False,,low,0.0,NORMAL,7.5,993.0,99.0,HEALTHY,replay,,0.0
2025-01-01T06:00:00+00:00,AWS-DEL-103,8.3,993.4,100.0,False,,low,0.0,NORMAL,8.3,993.7,98.0,HEALTHY,replay,,0.0
2025-01-01T07:00:00+00:00,AWS-DEL-103,8.3,993.7,99.0,False,,low,0.0,NORMAL,8.3,994.2,99.0,HEALTHY,replay,,0.0
2025-01-01T08:00:00+00:00,AWS-DEL-103,8.7,994.2,98.0,False,,low,0.0,NORMAL,8.8,994.7,99.0,HEALTHY,replay,,0.0
2025-01-01T09:00:00+00:00,AWS-DEL-103,9.9,994.9,94.0,False,,low,0.0,NORMAL,9.5,995.2,97.0,HEALTHY,replay,,0.0
2025-01-01T10:00:00+00:00,AWS-DEL-103,12.6,995.0,81.0,False,,low,0.0,NORMAL,11.3,995.4,89.0,HEALTHY,replay,,0.0
2025-01-01T11:00:00+00:00,AWS-DEL-103,14.1,994.5,75.0,False,,low,0.0,NORMAL,13.2,994.9,82.0,HEALTHY,replay,,0.0
2025-01-01T12:00:00+00:00,AWS-DEL-103,15.4,993.3,71.0,False,,low,0.0,NORMAL,14.6,993.8,77.0,HEALTHY,replay,,0.0
2025-01-01T13:00:00+00:00,AWS-DEL-103,16.4,992.1,68.0,False,,low,0.0,NORMAL,15.8,992.5,73.0,HEALTHY,replay,,0.0
2025-01-01T14:00:00+00:00,AWS-DEL-103,17.0,991.3,67.0,False,,low,0.0,NORMAL,16.6,991.7,71.0,HEALTHY,replay,,0.0
2025-01-01T15:00:00+00:00,AWS-DEL-103,17.1,990.9,67.0,False,,low,0.0,NORMAL,16.8,991.3,70.0,HEALTHY,replay,,0.0
2025-01-01T16:00:00+00:00,AWS-DEL-103,16.6,990.9,71.0,False,,low,0.0,NORMAL,16.3,991.3,73.0,HEALTHY,replay,,0.0
2025-01-01T17:00:00+00:00,AWS-DEL-103,13.8,990.9,85.0,False,,low,0.0,NORMAL,14.2,991.4,80.0,HEALTHY,replay,,0.0
2025-01-01T18:00:00+00:00,AWS-DEL-103,11.1,992.7,90.0,False,,low,0.0,NORMAL,11.7,993.0,87.0,HEALTHY,replay,,0.0
2025-01-01T19:00:00+00:00,AWS-DEL-103,10.5,992.9,91.0,False,,low,0.0,NORMAL,11.0,993.3,90.0,HEALTHY,replay,,0.0
2025-01-01T20:00:00+00:00,AWS-DEL-103,10.2,993.4,92.0,False,,low,0.0,NORMAL,10.3,993.7,92.0,HEALTHY,replay,,0.0
2025-01-01T21:00:00+00:00,AWS-DEL-103,9.9,993.4,93.0,False,,low,0.0,NORMAL,9.6,993.8,94.0,HEALTHY,replay,,0.0
2025-01-01T22:00:00+00:00,AWS-DEL-103,9.7,993.2,94.0,False,,low,0.0,NORMAL,9.0,993.6,96.0,HEALTHY,replay,,0.0
2025-01-01T23:00:00+00:00,AWS-DEL-103,9.4,992.8,95.0,False,,low,0.0,NORMAL,8.7,993.2,97.0,HEALTHY,replay,,0.0
2025-01-02T00:00:00+00:00,AWS-DEL-103,9.1,992.0,95.0,False,,low,1.0,NORMAL,8.3,992.5,97.0,HEALTHY,replay,1.7,0.0
2025-01-02T01:00:00+00:00,AWS-DEL-103,8.6,991.4,96.0,False,,low,1.4,NORMAL,8.1,991.8,97.0,HEALTHY,replay,2.4,0.0
2025-01-02T02:00:00+00:00,AWS-DEL-103,8.3,991.0,97.0,False,,low,0.7,NORMAL,7.6,991.5,98.0,HEALTHY,replay,1.2,0.0
2025-01-02T03:00:00+00:00,AWS-DEL-103,8.4,991.0,97.0,False,,low,0.6,NORMAL,7.8,991.4,98.0,HEALTHY,replay,1.0,0.0
2025-01-02T04:00:00+00:00,AWS-DEL-103,8.3,990.7,97.0,False,,low,1.1,NORMAL,7.9,991.3,98.0,HEALTHY,replay,1.9,0.0
2025-01-02T05:00:00+00:00,AWS-DEL-103,8.8,991.0,97.0,False,,low,1.7,NORMAL,8.5,991.5,97.0,HEALTHY,replay,2.8,0.0
2025-01-02T06:00:00+00:00,AWS-DEL-103,8.8,992.0,98.0,False,,low,0.8,NORMAL,8.7,992.4,97.0,HEALTHY,replay,1.3,0.0
2025-01-02T07:00:00+00:00,AWS-DEL-103,8.7,992.4,97.0,False,,low,1.3,NORMAL,8.7,992.7,96.0,HEALTHY,replay,2.1,0.0
2025-01-02T08:00:00+00:00,AWS-DEL-103,10.1,993.2,94.0,False,,low,1.0,NORMAL,9.9,993.7,93.0,HEALTHY,replay,1.7,0.0
2025-01-02T09:00:00+00:00,AWS-DEL-103,12.1,994.2,86.0,False,,low,4.4,NORMAL,11.7,994.5,90.0,HEALTHY,replay,7.3,0.0
2025-01-02T10:00:00+00:00,AWS-DEL-103,14.0,994.5,77.0,False,,low,8.8,NORMAL,13.6,994.8,82.0,HEALTHY,replay,14.7,0.0
2025-01-02T11:00:00+00:00,AWS-DEL-103,15.7,993.9,70.0,False,,low,9.0,NORMAL,15.2,994.3,76.0,HEALTHY,replay,15.0,0.0
2025-01-02T12:00:00+00:00,AWS-DEL-103,17.1,993.0,65.0,False,,low,4.7,NORMAL,16.6,993.5,69.0,HEALTHY,replay,7.9,0.0
2025-01-02T13:00:00+00:00,AWS-DEL-103,18.2,992.1,62.0,False,,low,4.5,NORMAL,17.6,992.6,63.0,HEALTHY,replay,7.6,0.0
2025-01-02T14:00:00+00:00,AWS-DEL-103,18.9,991.4,61.0,False,,low,3.6,NORMAL,18.2,992.56,60.0,HEALTHY,replay,6.0,0.0
2025-01-02T15:00:00+00:00,AWS-DEL-103,18.9,991.3,63.0,False,,low,2.1,NORMAL,18.2,992.53,61.0,HEALTHY,replay,3.6,0.0
2025-01-02T16:00:00+00:00,AWS-DEL-103,18.2,991.4,68.0,False,,low,1.8,NORMAL,17.6,992.58,68.0,HEALTHY,replay,3.1,0.0
2025-01-02T17:00:00+00:00,AWS-DEL-103,15.4,991.2,82.0,False,,low,1.9,NORMAL,15.5,992.6,77.0,HEALTHY,replay,3.2,0.0
2025-01-02T18:00:00+00:00,AWS-DEL-103,12.9,992.3,86.0,False,,low,2.9,NORMAL,13.5,992.61,81.0,HEALTHY,replay,4.8,0.0
2025-01-02T19:00:00+00:00,AWS-DEL-103,12.5,992.3,87.0,False,,low,0.6,NORMAL,12.8,992.61,83.0,HEALTHY,replay,0.9,0.0
2025-01-02T20:00:00+00:00,AWS-DEL-103,11.7,992.5,89.0,False,,low,0.3,NORMAL,11.9,992.57,85.0,HEALTHY,replay,0.5,0.0
2025-01-02T21:00:00+00:00,AWS-DEL-103,10.6,992.6,92.0,False,,low,0.2,NORMAL,11.5,993.2,87.0,HEALTHY,replay,0.3,0.0
2025-01-02T22:00:00+00:00,AWS-DEL-103,9.9,992.9,93.0,False,,low,0.1,NORMAL,10.6,993.3,90.0,HEALTHY,replay,0.2,0.0
2025-01-02T23:00:00+00:00,AWS-DEL-103,9.5,992.6,94.0,False,,low,0.3,NORMAL,9.7,992.8,92.0,HEALTHY,replay,0.5,0.0
2025-01-03T00:00:00+00:00,AWS-DEL-103,9.0,992.1,95.0,False,,low,0.3,NORMAL,9.1,992.4,94.0,HEALTHY,replay,0.5,0.0
2025-01-03T01:00:00+00:00,AWS-DEL-103,8.7,991.8,96.0,False,,low,0.3,NORMAL,8.7,992.0,95.0,HEALTHY,replay,0.4,0.0
2025-01-03T02:00:00+00:00,AWS-DEL-103,9.4,991.4,95.0,False,,low,0.3,NORMAL,8.2,991.6,97.0,HEALTHY,replay,0.5,0.0
2025-01-03T03:00:00+00:00,AWS-DEL-103,9.3,991.1,95.0,False,,low,0.2,NORMAL,8.3,991.6,97.0,HEALTHY,replay,0.3,0.0
2025-01-03T04:00:00+00:00,AWS-DEL-103,8.8,991.3,96.0,False,,low,0.3,NORMAL,8.1,991.6,97.0,HEALTHY,replay,0.6,0.0
2025-01-03T05:00:00+00:00,AWS-DEL-103,8.5,991.4,97.0,False,,low,0.4,NORMAL,7.9,991.8,98.0,HEALTHY,replay,0.7,0.0
2025-01-03T06:00:00+00:00,AWS-DEL-103,9.2,992.2,100.0,False,,low,0.7,NORMAL,8.7,992.5,99.0,HEALTHY,replay,1.1,0.0
2025-01-03T07:00:00+00:00,AWS-DEL-103,8.9,992.6,100.0,False,,low,0.4,NORMAL,8.2,993.1,100.0,HEALTHY,replay,0.7,0.0
2025-01-03T08:00:00+00:00,AWS-DEL-103,9.7,993.9,98.0,False,,low,0.7,NORMAL,9.8,994.1,98.0,HEALTHY,replay,1.2,0.0
2025-01-03T09:00:00+00:00,AWS-DEL-103,10.8,994.9,97.0,False,,low,3.3,NORMAL,11.0,994.9,95.0,HEALTHY,replay,5.5,0.0
2025-01-03T10:00:00+00:00,AWS-DEL-103,13.2,995.2,88.0,False,,low,2.1,NORMAL,13.8,995.3,86.0,HEALTHY,replay,3.5,0.0
2025-01-03T11:00:00+00:00,AWS-DEL-103,15.8,994.5,77.0,False,,low,3.2,NORMAL,16.2,994.8,74.0,HEALTHY,replay,5.3,0.0
2025-01-03T12:00:00+00:00,AWS-DEL-103,17.9,993.3,68.0,False,,low,4.4,NORMAL,18.0,993.6,66.0,HEALTHY,replay,7.4,0.0
2025-01-03T13:00:00+00:00,AWS-DEL-103,19.4,992.3,59.0,False,,low,8.0,NORMAL,19.1,992.7,59.0,HEALTHY,replay,13.3,0.0
2025-01-03T14:00:00+00:00,AWS-DEL-103,20.1,991.5,58.0,False,,low,5.1,NORMAL,19.6,991.9,59.0,HEALTHY,replay,8.5,0.0
2025-01-03T15:00:00+00:00,AWS-DEL-103,20.0,991.0,60.0,False,,low,3.0,NORMAL,19.6,991.4,60.0,HEALTHY,replay,5.0,0.0
2025-01-03T16:00:00+00:00,AWS-DEL-103,19.0,990.6,68.0,False,,low,1.4,NORMAL,19.0,990.9,70.0,HEALTHY,replay,2.3,0.0
2025-01-03T17:00:00+00:00,AWS-DEL-103,15.9,990.4,84.0,False,,low,5.5,NORMAL,16.3,990.8,78.0,HEALTHY,replay,9.1,0.0
2025-01-03T18:00:00+00:00,AWS-DEL-103,13.5,991.3,86.0,False,,low,3.1,NORMAL,14.0,991.7,82.0,HEALTHY,replay,5.2,0.0
2025-01-03T19:00:00+00:00,AWS-DEL-103,12.5,991.3,88.0,False,,low,0.5,NORMAL,13.1,991.8,86.0,HEALTHY,replay,0.8,0.0
2025-01-03T20:00:00+00:00,AWS-DEL-103,11.7,991.4,89.0,False,,low,0.4,NORMAL,12.3,991.9,88.0,HEALTHY,replay,0.7,0.0
2025-01-03T21:00:00+00:00,AWS-DEL-103,11.1,991.4,90.0,False,,low,0.3,NORMAL,11.6,991.8,90.0,HEALTHY,replay,0.5,0.0
2025-01-03T22:00:00+00:00,AWS-DEL-103,10.5,991.0,92.0,False,,low,0.2,NORMAL,10.9,991.4,91.0,HEALTHY,replay,0.4,0.0
2025-01-03T23:00:00+00:00,AWS-DEL-103,9.8,990.7,95.0,False,,low,0.3,NORMAL,10.6,991.0,91.0,HEALTHY,replay,0.5,0.0
2025-01-04T00:00:00+00:00,AWS-DEL-103,9.1,990.1,97.0,False,,low,0.3,NORMAL,10.1,990.5,92.0,HEALTHY,replay,0.6,0.0
2025-01-04T01:00:00+00:00,AWS-DEL-103,9.1,989.8,96.0,False,,low,0.5,NORMAL,9.4,990.1,94.0,HEALTHY,replay,0.9,0.0
2025-01-04T02:00:00+00:00,AWS-DEL-103,8.7,989.3,96.0,False,,low,1.5,NORMAL,9.0,989.6,93.0,HEALTHY,replay,2.4,0.0
2025-01-04T03:00:00+00:00,AWS-DEL-103,8.6,988.8,97.0,False,,low,2.0,NORMAL,8.3,989.1,96.0,HEALTHY,replay,3.3,0.0
2025-01-04T04:00:00+00:00,AWS-DEL-103,8.3,988.5,98.0,False,,low,3.2,NORMAL,7.7,988.8,99.0,HEALTHY,replay,5.3,0.0
2025-01-04T05:00:00+00:00,AWS-DEL-103,8.1,988.7,98.0,False,,low,4.5,NORMAL,7.2,989.0,100.0,HEALTHY,replay,7.5,0.0
2025-01-04T06:00:00+00:00,AWS-DEL-103,8.2,989.9,100.0,False,,low,2.2,NORMAL,7.9,990.2,99.0,HEALTHY,replay,3.7,0.0
2025-01-04T07:00:00+00:00,AWS-DEL-103,8.2,990.5,99.0,False,,low,1.5,NORMAL,8.2,990.9,99.0,HEALTHY,replay,2.5,0.0
2025-01-04T08:00:00+00:00,AWS-DEL-103,9.5,991.6,98.0,False,,low,1.4,NORMAL,9.1,991.7,98.0,HEALTHY,replay,2.3,0.0
2025-01-04T09:00:00+00:00,AWS-DEL-103,10.9,992.3,96.0,False,,low,1.7,NORMAL,11.1,992.5,97.0,HEALTHY,replay,2.9,0.0
2025-01-04T10:00:00+00:00,AWS-DEL-103,11.8,992.5,92.0,False,,low,1.1,NORMAL,14.4,992.7,91.0,HEALTHY,replay,1.8,0.0
2025-01-04T11:00:00+00:00,AWS-DEL-103,13.8,992.3,90.0,False,,low,1.4,NORMAL,17.0,992.2,82.0,HEALTHY,replay,2.3,0.0
2025-01-04T12:00:00+00:00,AWS-DEL-103,16.8,991.2,78.0,False,,low,6.1,NORMAL,19.3,991.2,74.0,HEALTHY,replay,10.1,0.0
2025-01-04T13:00:00+00:00,AWS-DEL-103,19.1,990.1,66.0,False,,low,15.8,NORMAL,20.4,990.2,68.0,HEALTHY,replay,26.3,0.0
2025-01-04T14:00:00+00:00,AWS-DEL-103,20.3,989.2,60.0,False,,low,18.0,NORMAL,21.0,989.3,65.0,HEALTHY,replay,30.1,0.0
2025-01-04T15:00:00+00:00,AWS-DEL-103,20.5,988.8,58.0,False,,low,9.2,NORMAL,21.1,988.9,66.0,HEALTHY,replay,15.4,0.0
2025-01-04T16:00:00+00:00,AWS-DEL-103,19.5,988.5,71.0,False,,low,9.4,NORMAL,20.1,988.6,74.0,HEALTHY,replay,15.7,0.0
2025-01-04T17:00:00+00:00,AWS-DEL-103,16.1,988.4,79.0,False,,low,13.7,NORMAL,17.5,988.6,84.0,HEALTHY,replay,22.8,0.0
2025-01-04T18:00:00+00:00,AWS-DEL-103,13.1,989.6,90.0,False,,low,6.0,NORMAL,14.5,989.8,90.0,HEALTHY,replay,10.0,0.0
2025-01-04T19:00:00+00:00,AWS-DEL-103,12.3,990.1,92.0,False,,low,0.9,NORMAL,13.7,990.4,93.0,HEALTHY,replay,1.5,0.0
2025-01-04T20:00:00+00:00,AWS-DEL-103,11.6,990.7,94.0,False,,low,0.7,NORMAL,12.9,990.8,95.0,HEALTHY,replay,1.1,0.0
2025-01-04T21:00:00+00:00,AWS-DEL-103,10.7,990.7,95.0,False,,low,0.3,NORMAL,12.5,991.0,97.0,HEALTHY,replay,0.5,0.0
2025-01-04T22:00:00+00:00,AWS-DEL-103,10.1,990.4,94.0,False,,low,0.3,NORMAL,12.0,990.7,98.0,HEALTHY,replay,0.4,0.0
2025-01-04T23:00:00+00:00,AWS-DEL-103,9.6,990.0,94.0,False,,low,0.2,NORMAL,11.1,990.3,98.0,HEALTHY,replay,0.3,0.0
2025-01-05T00:00:00+00:00,AWS-DEL-103,9.0,989.5,96.0,False,,low,0.2,NORMAL,10.4,989.8,98.0,HEALTHY,replay,0.4,0.0
2025-01-05T01:00:00+00:00,AWS-DEL-103,8.2,989.2,97.0,False,,low,0.2,NORMAL,9.3,989.4,98.0,HEALTHY,replay,0.3,0.0
2025-01-05T02:00:00+00:00,AWS-DEL-103,7.7,988.9,98.0,False,,low,0.3,NORMAL,9.3,989.3,100.0,HEALTHY,replay,0.5,0.0
2025-01-05T03:00:00+00:00,AWS-DEL-103,7.3,989.0,100.0,False,,low,0.4,NORMAL,9.2,989.4,100.0,HEALTHY,replay,0.7,0.0
2025-01-05T04:00:00+00:00,AWS-DEL-103,7.0,989.0,100.0,False,,low,0.6,NORMAL,9.3,989.4,100.0,HEALTHY,replay,0.9,0.0
2025-01-05T05:00:00+00:00,AWS-DEL-103,7.2,989.3,100.0,False,,low,1.1,NORMAL,9.9,989.7,100.0,HEALTHY,replay,1.8,0.0
2025-01-05T06:00:00+00:00,AWS-DEL-103,8.1,990.2,99.0,False,,low,0.6,NORMAL,9.9,990.6,99.0,HEALTHY,replay,1.0,0.0
2025-01-05T07:00:00+00:00,AWS-DEL-103,8.5,991.0,100.0,False,,low,0.4,NORMAL,9.7,991.1,99.0,HEALTHY,replay,0.7,0.0
2025-01-05T08:00:00+00:00,AWS-DEL-103,9.1,991.8,100.0,False,,low,0.4,NORMAL,9.7,991.9,98.0,HEALTHY,replay,0.7,0.0
2025-01-05T09:00:00+00:00,AWS-DEL-103,10.1,992.7,98.0,False,,low,0.7,NORMAL,10.1,992.7,97.0,HEALTHY,replay,1.2,0.0
2025-01-05T10:00:00+00:00,AWS-DEL-103,11.9,992.9,89.0,False,,low,0.6,NORMAL,11.9,993.0,90.0,HEALTHY,replay,1.1,0.0
2025-01-05T11:00:00+00:00,AWS-DEL-103,14.5,992.4,80.0,False,,low,0.8,NORMAL,14.2,992.4,82.0,HEALTHY,replay,1.3,0.0
2025-01-05T12:00:00+00:00,AWS-DEL-103,16.5,991.3,74.0,False,,low,1.1,NORMAL,16.1,991.3,76.0,HEALTHY,replay,1.8,0.0
2025-01-05T13:00:00+00:00,AWS-DEL-103,17.9,990.2,69.0,False,,low,2.1,NORMAL,17.5,990.3,71.0,HEALTHY,replay,3.5,0.0
2025-01-05T14:00:00+00:00,AWS-DEL-103,18.7,989.6,65.0,False,,low,3.3,NORMAL,18.4,989.7,68.0,HEALTHY,replay,5.5,0.0
2025-01-05T15:00:00+00:00,AWS-DEL-103,18.8,989.2,66.0,False,,low,1.9,NORMAL,18.6,989.3,68.0,HEALTHY,replay,3.2,0.0
2025-01-05T16:00:00+00:00,AWS-DEL-103,18.0,988.9,71.0,False,,low,1.0,NORMAL,17.9,988.9,73.0,HEALTHY,replay,1.6,0.0
2025-01-05T17:00:00+00:00,AWS-DEL-103,15.5,988.6,84.0,False,,low,1.0,NORMAL,15.9,986.7,82.0,HEALTHY,replay,1.6,0.0
2025-01-05T18:00:00+00:00,AWS-DEL-103,13.2,989.4,91.0,False,,low,1.2,NORMAL,13.4,987.7,90.0,HEALTHY,replay,2.0,0.0
2025-01-05T19:00:00+00:00,AWS-DEL-103,12.2,989.7,93.0,False,,low,0.3,NORMAL,12.8,988.27,93.0,HEALTHY,replay,0.5,0.0
2025-01-05T20:00:00+00:00,AWS-DEL-103,11.5,990.5,94.0,False,,low,0.3,NORMAL,12.3,990.12,93.0,HEALTHY,replay,0.4,0.0
2025-01-05T21:00:00+00:00,AWS-DEL-103,11.1,990.8,94.0,False,,low,0.1,NORMAL,11.8,990.81,95.0,HEALTHY,replay,0.2,0.0
2025-01-05T22:00:00+00:00,AWS-DEL-103,10.6,990.9,95.0,False,,low,0.1,NORMAL,11.4,991.2,95.0,HEALTHY,replay,0.2,0.0
2025-01-05T23:00:00+00:00,AWS-DEL-103,9.7,990.7,96.0,False,,low,0.1,NORMAL,9.5,992.6,96.0,HEALTHY,replay,0.2,0.0
2025-01-06T00:00:00+00:00,AWS-DEL-103,9.3,990.4,97.0,False,,low,0.2,NORMAL,9.2,992.2,97.0,HEALTHY,replay,0.3,0.0
2025-01-06T01:00:00+00:00,AWS-DEL-103,9.0,990.1,99.0,False,,low,0.3,NORMAL,8.9,992.0,98.0,HEALTHY,replay,0.5,0.0
2025-01-06T02:00:00+00:00,AWS-DEL-103,8.3,989.9,100.0,False,,low,0.2,NORMAL,9.8,988.2,99.0,HEALTHY,replay,0.3,0.0
2025-01-06T03:00:00+00:00,AWS-DEL-103,8.9,989.1,99.0,False,,low,0.5,NORMAL,7.7,991.0,99.0,HEALTHY,replay,0.8,0.0
2025-01-06T04:00:00+00:00,AWS-DEL-103,8.5,988.9,100.0,False,,low,0.3,NORMAL,8.9,988.0,100.0,HEALTHY,replay,0.5,0.0
2025-01-06T05:00:00+00:00,AWS-DEL-103,8.6,989.9,100.0,False,,low,0.2,NORMAL,8.7,988.5,100.0,HEALTHY,replay,0.4,0.0
2025-01-06T06:00:00+00:00,AWS-DEL-103,9.6,990.7,100.0,False,,low,0.6,NORMAL,9.9,991.1,99.0,HEALTHY,replay,1.0,0.0
2025-01-06T07:00:00+00:00,AWS-DEL-103,10.0,992.1,99.0,False,,low,1.3,NORMAL,10.2,991.4,98.0,HEALTHY,replay,2.1,0.0
2025-01-06T08:00:00+00:00,AWS-DEL-103,10.5,991.3,97.0,False,,low,0.5,NORMAL,10.6,992.3,98.0,HEALTHY,replay,0.8,0.0
2025-01-06T09:00:00+00:00,AWS-DEL-103,11.5,993.6,96.0,False,,low,2.6,NORMAL,11.8,993.7,94.0,HEALTHY,replay,4.3,0.0
2025-01-06T10:00:00+00:00,AWS-DEL-103,12.9,993.6,91.0,False,,low,2.1,NORMAL,13.9,993.9,88.0,HEALTHY,replay,3.5,0.0
2025-01-06T11:00:00+00:00,AWS-DEL-103,14.9,993.1,81.0,False,,low,1.6,NORMAL,15.7,993.2,80.0,HEALTHY,replay,2.7,0.0
2025-01-06T12:00:00+00:00,AWS-DEL-103,16.7,992.2,72.0,False,,low,1.0,NORMAL,16.8,990.6,75.0,HEALTHY,replay,1.7,0.0
2025-01-06T13:00:00+00:00,AWS-DEL-103,17.7,991.3,66.0,False,,low,1.5,NORMAL,17.6,989.8,74.0,HEALTHY,replay,2.5,0.0
2025-01-06T14:00:00+00:00,AWS-DEL-103,18.4,990.7,65.0,False,,low,1.4,NORMAL,17.9,989.3,71.0,HEALTHY,replay,2.3,0.0
2025-01-06T15:00:00+00:00,AWS-DEL-103,18.7,990.4,66.0,False,,low,0.9,NORMAL,18.0,989.76,73.0,HEALTHY,replay,1.5,0.0
2025-01-06T16:00:00+00:00,AWS-DEL-103,18.0,990.0,69.0,False,,low,0.7,NORMAL,17.4,990.08,74.0,HEALTHY,replay,1.1,0.0
2025-01-06T17:00:00+00:00,AWS-DEL-103,16.0,990.0,79.0,False,,low,0.9,NORMAL,15.7,990.5,82.0,HEALTHY,replay,1.5,0.0
2025-01-06T18:00:00+00:00,AWS-DEL-103,14.1,991.1,86.0,False,,low,0.9,NORMAL,13.7,991.5,87.0,HEALTHY,replay,1.6,0.0
2025-01-06T19:00:00+00:00,AWS-DEL-103,13.2,991.2,89.0,False,,low,0.3,NORMAL,13.1,991.7,89.0,HEALTHY,replay,0.5,0.0
2025-01-06T20:00:00+00:00,AWS-DEL-103,12.7,991.7,90.0,False,,low,0.2,NORMAL,12.4,992.1,91.0,HEALTHY,replay,0.3,0.0
2025-01-06T21:00:00+00:00,AWS-DEL-103,12.4,991.9,92.0,False,,low,0.1,NORMAL,11.8,992.5,91.0,HEALTHY,replay,0.2,0.0
2025-01-06T22:00:00+00:00,AWS-DEL-103,12.0,992.1,94.0,False,,low,0.1,NORMAL,12.1,992.6,91.0,HEALTHY,replay,0.2,0.0
2025-01-06T23:00:00+00:00,AWS-DEL-103,11.7,991.8,95.0,False,,low,0.2,NORMAL,11.9,992.5,94.0,HEALTHY,replay,0.4,0.0
2025-01-07T00:00:00+00:00,AWS-DEL-103,11.5,991.6,96.0,False,,low,0.3,NORMAL,11.5,992.2,95.0,HEALTHY,replay,0.6,0.0
2025-01-07T01:00:00+00:00,AWS-DEL-103,11.3,991.2,96.0,False,,low,0.4,NORMAL,11.3,991.8,95.0,HEALTHY,replay,0.6,0.0
2025-01-07T02:00:00+00:00,AWS-DEL-103,11.1,991.1,97.0,False,,low,0.5,NORMAL,11.0,991.7,95.0,HEALTHY,replay,0.8,0.0
2025-01-07T03:00:00+00:00,AWS-DEL-103,10.8,991.0,97.0,False,,low,0.3,NORMAL,10.7,991.6,96.0,HEALTHY,replay,0.5,0.0
2025-01-07T04:00:00+00:00,AWS-DEL-103,10.5,990.9,97.0,False,,low,0.6,NORMAL,10.4,991.5,97.0,HEALTHY,replay,0.9,0.0
2025-01-07T05:00:00+00:00,AWS-DEL-103,10.2,990.8,98.0,False,,low,0.7,NORMAL,10.2,991.5,97.0,HEALTHY,replay,1.2,0.0
2025-01-07T06:00:00+00:00,AWS-DEL-103,11.4,992.3,100.0,False,,low,0.9,NORMAL,11.3,992.8,99.0,HEALTHY,replay,1.5,0.0
2025-01-07T07:00:00+00:00,AWS-DEL-103,11.3,993.1,100.0,False,,low,0.7,NORMAL,11.1,993.6,98.0,HEALTHY,replay,1.2,0.0
2025-01-07T08:00:00+00:00,AWS-DEL-103,11.6,994.0,97.0,False,,low,1.8,NORMAL,11.2,994.5,97.0,HEALTHY,replay,3.0,0.0
2025-01-07T09:00:00+00:00,AWS-DEL-103,12.3,994.5,93.0,False,,low,0.9,NORMAL,11.7,995.0,97.0,HEALTHY,replay,1.5,0.0
2025-01-07T10:00:00+00:00,AWS-DEL-103,13.7,994.4,86.0,False,,low,1.4,NORMAL,12.9,994.8,92.0,HEALTHY,replay,2.3,0.0
2025-01-07T11:00:00+00:00,AWS-DEL-103,14.9,993.8,81.0,False,,low,0.9,NORMAL,14.2,994.3,86.0,HEALTHY,replay,1.5,0.0
2025-01-07T12:00:00+00:00,AWS-DEL-103,16.2,992.7,75.0,False,,low,0.8,NORMAL,15.6,993.3,79.0,HEALTHY,replay,1.4,0.0
2025-01-07T13:00:00+00:00,AWS-DEL-103,18.0,991.6,65.0,False,,low,6.9,NORMAL,17.7,992.14,71.0,HEALTHY,replay,11.5,0.0
2025-01-07T14:00:00+00:00,AWS-DEL-103,18.4,990.5,63.0,False,,low,6.9,NORMAL,18.1,991.39,68.0,HEALTHY,replay,11.6,0.0
2025-01-07T15:00:00+00:00,AWS-DEL-103,18.3,989.9,64.0,False,,low,2.0,NORMAL,18.1,990.16,69.0,HEALTHY,replay,3.3,0.0
2025-01-07T16:00:00+00:00,AWS-DEL-103,17.6,989.6,69.0,False,,low,1.3,NORMAL,17.4,990.2,74.0,HEALTHY,replay,2.2,0.0
2025-01-07T17:00:00+00:00,AWS-DEL-103,15.6,989.5,78.0,False,,low,0.9,NORMAL,15.2,989.74,80.0,HEALTHY,replay,1.5,0.0
2025-01-07T18:00:00+00:00,AWS-DEL-103,13.5,991.0,86.0,False,,low,0.9,NORMAL,13.2,991.5,87.0,HEALTHY,replay,1.5,0.0
2025-01-07T19:00:00+00:00,AWS-DEL-103,12.8,991.0,90.0,False,,low,0.4,NORMAL,12.4,991.5,89.0,HEALTHY,replay,0.6,0.0
2025-01-07T20:00:00+00:00,AWS-DEL-103,12.3,991.3,92.0,False,,low,0.2,NORMAL,11.9,991.9,91.0,HEALTHY,replay,0.3,0.0
2025-01-07T21:00:00+00:00,AWS-DEL-103,11.9,991.4,94.0,False,,low,0.2,NORMAL,11.4,991.9,93.0,HEALTHY,replay,0.3,0.0
2025-01-07T22:00:00+00:00,AWS-DEL-103,11.6,991.0,94.0,False,,low,0.2,NORMAL,10.8,991.6,93.0,HEALTHY,replay,0.3,0.0
2025-01-07T23:00:00+00:00,AWS-DEL-103,11.1,990.4,94.0,False,,low,0.3,NORMAL,10.6,990.9,94.0,HEALTHY,replay,0.4,0.0
2025-01-08T00:00:00+00:00,AWS-DEL-103,10.6,989.8,93.0,False,,low,0.4,NORMAL,10.4,990.3,92.0,HEALTHY,replay,0.6,0.0
2025-01-08T01:00:00+00:00,AWS-DEL-103,10.0,989.1,93.0,False,,low,0.4,NORMAL,9.7,989.6,91.0,HEALTHY,replay,0.6,0.0
2025-01-08T02:00:00+00:00,AWS-DEL-103,9.6,988.5,92.0,False,,low,1.0,NORMAL,9.3,989.1,90.0,HEALTHY,replay,1.7,0.0
2025-01-08T03:00:00+00:00,AWS-DEL-103,9.2,988.2,92.0,False,,low,1.2,NORMAL,9.2,988.8,90.0,HEALTHY,replay,2.0,0.0
2025-01-08T04:00:00+00:00,AWS-DEL-103,9.0,988.0,91.0,False,,low,1.8,NORMAL,9.1,988.5,89.0,HEALTHY,replay,3.0,0.0
2025-01-08T05:00:00+00:00,AWS-DEL-103,8.9,988.1,90.0,False,,low,2.1,NORMAL,8.9,988.7,88.0,HEALTHY,replay,3.6,0.0
2025-01-08T06:00:00+00:00,AWS-DEL-103,8.8,988.6,92.0,False,,low,6.9,NORMAL,8.8,989.2,90.0,HEALTHY,replay,11.5,0.0
2025-01-08T07:00:00+00:00,AWS-DEL-103,8.7,989.4,92.0,False,,low,4.9,NORMAL,8.6,990.0,89.0,HEALTHY,replay,8.1,0.0
2025-01-08T08:00:00+00:00,AWS-DEL-103,9.9,990.5,86.0,False,,low,3.9,NORMAL,9.6,991.0,84.0,HEALTHY,replay,6.4,0.0
2025-01-08T09:00:00+00:00,AWS-DEL-103,12.0,991.8,78.0,False,,low,10.1,NORMAL,11.3,992.3,80.0,HEALTHY,replay,16.9,0.0
2025-01-08T10:00:00+00:00,AWS-DEL-103,14.1,992.1,68.0,False,,low,8.3,NORMAL,13.2,992.7,72.0,HEALTHY,replay,13.9,0.0
2025-01-08T11:00:00+00:00,AWS-DEL-103,16.0,991.5,61.0,False,,low,5.3,NORMAL,15.1,992.1,65.0,HEALTHY,replay,8.8,0.0
2025-01-08T12:00:00+00:00,AWS-DEL-103,17.5,990.8,56.0,False,,low,8.6,NORMAL,16.7,991.3,59.0,HEALTHY,replay,14.3,0.0
2025-01-08T13:00:00+00:00,AWS-DEL-103,18.5,990.0,51.0,False,,low,7.8,NORMAL,17.8,990.5,55.0,HEALTHY,replay,13.1,0.0
2025-01-08T14:00:00+00:00,AWS-DEL-103,19.0,989.5,48.0,False,,low,3.6,NORMAL,18.4,990.0,52.0,HEALTHY,replay,5.9,0.0
2025-01-08T15:00:00+00:00,AWS-DEL-103,18.9,989.4,47.0,False,,low,2.8,NORMAL,18.3,989.9,52.0,HEALTHY,replay,4.6,0.0
2025-01-08T16:00:00+00:00,AWS-DEL-103,17.9,989.3,53.0,False,,low,2.1,NORMAL,17.6,989.7,57.0,HEALTHY,replay,3.5,0.0
2025-01-08T17:00:00+00:00,AWS-DEL-103,15.4,989.1,64.0,False,,low,2.8,NORMAL,15.1,989.6,67.0,HEALTHY,replay,4.6,0.0
2025-01-08T18:00:00+00:00,AWS-DEL-103,13.9,989.5,75.0,False,,low,2.1,NORMAL,14.4,989.9,71.0,HEALTHY,replay,3.5,0.0
2025-01-08T19:00:00+00:00,AWS-DEL-103,13.0,989.9,79.0,False,,low,1.1,NORMAL,13.5,990.3,73.0,HEALTHY,replay,1.8,0.0
2025-01-08T20:00:00+00:00,AWS-DEL-103,11.9,990.5,82.0,False,,low,0.4,NORMAL,12.3,990.8,75.0,HEALTHY,replay,0.6,0.0
2025-01-08T21:00:00+00:00,AWS-DEL-103,11.0,990.9,84.0,False,,low,0.3,NORMAL,11.7,991.2,77.0,HEALTHY,replay,0.5,0.0
2025-01-08T22:00:00+00:00,AWS-DEL-103,10.2,990.9,86.0,False,,low,0.2,NORMAL,11.1,991.2,78.0,HEALTHY,replay,0.4,0.0
2025-01-08T23:00:00+00:00,AWS-DEL-103,9.4,990.7,88.0,False,,low,0.2,NORMAL,10.6,990.9,80.0,HEALTHY,replay,0.3,0.0
2025-01-09T00:00:00+00:00,AWS-DEL-103,8.6,990.3,90.0,False,,low,0.2,NORMAL,10.0,990.6,83.0,HEALTHY,replay,0.3,0.0
2025-01-09T01:00:00+00:00,AWS-DEL-103,8.0,990.1,93.0,False,,low,0.3,NORMAL,9.3,990.5,86.0,HEALTHY,replay,0.5,0.0
2025-01-09T02:00:00+00:00,AWS-DEL-103,7.5,990.4,94.0,False,,low,0.4,NORMAL,8.7,990.7,87.0,HEALTHY,replay,0.6,0.0
2025-01-09T03:00:00+00:00,AWS-DEL-103,7.0,990.2,95.0,False,,low,0.5,NORMAL,8.1,990.5,89.0,HEALTHY,replay,0.8,0.0
2025-01-09T04:00:00+00:00,AWS-DEL-103,7.0,990.2,94.0,False,,low,0.5,NORMAL,7.6,990.5,91.0,HEALTHY,replay,0.8,0.0
2025-01-09T05:00:00+00:00,AWS-DEL-103,6.9,990.3,94.0,False,,low,0.7,NORMAL,7.1,990.6,90.0,HEALTHY,replay,1.1,0.0
2025-01-09T06:00:00+00:00,AWS-DEL-103,6.3,991.1,99.0,False,,low,0.9,NORMAL,7.3,991.4,93.0,HEALTHY,replay,1.5,0.0
2025-01-09T07:00:00+00:00,AWS-DEL-103,6.0,991.7,100.0,False,,low,0.7,NORMAL,7.2,992.1,93.0,HEALTHY,replay,1.2,0.0
2025-01-09T08:00:00+00:00,AWS-DEL-103,7.7,993.0,99.0,False,,low,1.7,NORMAL,8.8,993.3,90.0,HEALTHY,replay,2.8,0.0
2025-01-09T09:00:00+00:00,AWS-DEL-103,9.9,994.2,96.0,False,,low,5.4,NORMAL,11.8,994.5,87.0,HEALTHY,replay,9.1,0.0
2025-01-09T10:00:00+00:00,AWS-DEL-103,12.7,995.0,88.0,False,,low,12.1,NORMAL,14.8,995.2,77.0,HEALTHY,replay,20.2,0.0
2025-01-09T11:00:00+00:00,AWS-DEL-103,15.3,994.7,75.0,False,,low,6.5,NORMAL,16.5,994.7,67.0,HEALTHY,replay,10.9,0.0
2025-01-09T12:00:00+00:00,AWS-DEL-103,17.0,993.6,65.0,False,,low,5.2,NORMAL,17.6,993.7,60.0,HEALTHY,replay,8.6,0.0
2025-01-09T13:00:00+00:00,AWS-DEL-103,18.1,992.7,59.0,False,,low,3.4,NORMAL,18.5,992.8,54.0,HEALTHY,replay,5.7,0.0
2025-01-09T14:00:00+00:00,AWS-DEL-103,18.6,992.1,54.0,False,,low,4.1,NORMAL,18.9,992.3,52.0,HEALTHY,replay,6.8,0.0
2025-01-09T15:00:00+00:00,AWS-DEL-103,18.7,991.8,53.0,False,,low,3.2,NORMAL,18.9,992.0,53.0,HEALTHY,replay,5.3,0.0
2025-01-09T16:00:00+00:00,AWS-DEL-103,17.9,991.7,63.0,False,,low,1.3,NORMAL,18.2,992.0,63.0,HEALTHY,replay,2.1,0.0
2025-01-09T17:00:00+00:00,AWS-DEL-103,15.4,991.7,69.0,False,,low,0.9,NORMAL,15.9,992.0,66.0,HEALTHY,replay,1.5,0.0
2025-01-09T18:00:00+00:00,AWS-DEL-103,14.3,992.5,77.0,False,,low,0.7,NORMAL,14.1,992.9,75.0,HEALTHY,replay,1.1,0.0
2025-01-09T19:00:00+00:00,AWS-DEL-103,12.6,992.7,83.0,False,,low,0.6,NORMAL,13.4,992.64,81.0,HEALTHY,replay,1.0,0.0
2025-01-09T20:00:00+00:00,AWS-DEL-103,11.3,993.5,88.0,False,,low,1.3,NORMAL,12.7,992.97,81.0,HEALTHY,replay,2.2,0.0
2025-01-09T21:00:00+00:00,AWS-DEL-103,10.4,993.9,90.0,False,,low,0.4,NORMAL,12.0,993.11,82.0,HEALTHY,replay,0.6,0.0
2025-01-09T22:00:00+00:00,AWS-DEL-103,9.7,994.0,91.0,False,,low,0.4,NORMAL,11.3,992.84,84.0,HEALTHY,replay,0.6,0.0
2025-01-09T23:00:00+00:00,AWS-DEL-103,8.9,993.7,92.0,False,,low,0.3,NORMAL,10.6,992.28,87.0,HEALTHY,replay,0.6,0.0
2025-01-10T00:00:00+00:00,AWS-DEL-103,8.1,993.4,94.0,False,,low,0.6,NORMAL,9.9,991.8,90.0,HEALTHY,replay,1.0,0.0
2025-01-10T01:00:00+00:00,AWS-DEL-103,7.4,993.0,95.0,False,,low,0.5,NORMAL,9.1,991.5,92.0,HEALTHY,replay,0.8,0.0
2025-01-10T02:00:00+00:00,AWS-DEL-103,6.9,992.9,97.0,False,,low,0.3,NORMAL,8.4,991.3,94.0,HEALTHY,replay,0.5,0.0
2025-01-10T03:00:00+00:00,AWS-DEL-103,6.6,992.6,98.0,False,,low,0.3,NORMAL,7.9,991.2,96.0,HEALTHY,replay,0.5,0.0
2025-01-10T04:00:00+00:00,AWS-DEL-103,6.2,992.5,99.0,False,,low,0.4,NORMAL,7.5,991.1,97.0,HEALTHY,replay,0.6,0.0
2025-01-10T05:00:00+00:00,AWS-DEL-103,5.9,992.8,100.0,False,,low,0.4,NORMAL,7.8,991.4,96.0,HEALTHY,replay,0.7,0.0
2025-01-10T06:00:00+00:00,AWS-DEL-103,5.8,994.0,99.0,False,,low,0.7,NORMAL,8.1,992.5,99.0,HEALTHY,replay,1.2,0.0
2025-01-10T07:00:00+00:00,AWS-DEL-103,6.5,995.0,99.0,False,,low,1.2,NORMAL,7.7,993.3,100.0,HEALTHY,replay,2.0,0.0
2025-01-10T08:00:00+00:00,AWS-DEL-103,7.2,996.1,98.0,False,,low,2.5,NORMAL,8.4,994.3,99.0,HEALTHY,replay,4.2,0.0
2025-01-10T09:00:00+00:00,AWS-DEL-103,9.0,997.0,95.0,False,,low,2.7,NORMAL,10.7,995.3,95.0,HEALTHY,replay,4.5,0.0
2025-01-10T10:00:00+00:00,AWS-DEL-103,10.5,997.6,94.0,False,,low,3.1,NORMAL,12.5,995.7,91.0,HEALTHY,replay,5.2,0.0
2025-01-10T11:00:00+00:00,AWS-DEL-103,14.0,996.9,82.0,False,,low,7.4,NORMAL,15.1,995.0,80.0,HEALTHY,replay,12.3,0.0
2025-01-10T12:00:00+00:00,AWS-DEL-103,16.2,995.8,71.0,False,,low,6.6,NORMAL,16.6,993.9,71.0,HEALTHY,replay,11.0,0.0
2025-01-10T13:00:00+00:00,AWS-DEL-103,17.4,994.6,64.0,False,,low,5.9,NORMAL,17.6,992.7,64.0,HEALTHY,replay,9.8,0.0
2025-01-10T14:00:00+00:00,AWS-DEL-103,17.9,993.8,61.0,False,,low,4.8,NORMAL,18.1,992.0,59.0,HEALTHY,replay,8.0,0.0
2025-01-10T15:00:00+00:00,AWS-DEL-103,17.8,993.2,62.0,False,,low,1.9,NORMAL,18.1,991.5,57.0,HEALTHY,replay,3.2,0.0
2025-01-10T16:00:00+00:00,AWS-DEL-103,17.2,993.0,65.0,False,,low,0.8,NORMAL,17.3,991.2,63.0,HEALTHY,replay,1.3,0.0
2025-01-10T17:00:00+00:00,AWS-DEL-103,14.1,992.5,82.0,False,,low,3.6,NORMAL,15.2,991.0,75.0,HEALTHY,replay,6.1,0.0
2025-01-10T18:00:00+00:00,AWS-DEL-103,12.4,992.7,88.0,False,,low,2.1,NORMAL,13.4,991.1,83.0,HEALTHY,replay,3.5,0.0
2025-01-10T19:00:00+00:00,AWS-DEL-103,11.4,993.1,90.0,False,,low,0.6,NORMAL,12.4,991.5,86.0,HEALTHY,replay,1.1,0.0
2025-01-10T20:00:00+00:00,AWS-DEL-103,10.7,993.5,92.0,False,,low,0.2,NORMAL,11.6,991.9,89.0,HEALTHY,replay,0.3,0.0
2025-01-10T21:00:00+00:00,AWS-DEL-103,9.5,993.6,94.0,False,,low,0.3,NORMAL,11.1,992.1,91.0,HEALTHY,replay,0.4,0.0
2025-01-10T22:00:00+00:00,AWS-DEL-103,8.9,993.6,95.0,False,,low,0.2,NORMAL,10.7,992.1,92.0,HEALTHY,replay,0.3,0.0
2025-01-10T23:00:00+00:00,AWS-DEL-103,8.6,993.3,96.0,False,,low,0.1,NORMAL,10.3,991.8,93.0,HEALTHY,replay,0.2,0.0
2025-01-11T00:00:00+00:00,AWS-DEL-103,8.3,992.7,96.0,False,,low,0.2,NORMAL,9.8,991.2,94.0,HEALTHY,replay,0.3,0.0
2025-01-11T01:00:00+00:00,AWS-DEL-103,8.1,992.6,96.0,False,,low,0.3,NORMAL,9.5,991.0,94.0,HEALTHY,replay,0.4,0.0
2025-01-11T02:00:00+00:00,AWS-DEL-103,8.0,992.5,96.0,False,,low,0.4,NORMAL,8.6,992.7,95.0,HEALTHY,replay,0.7,0.0
2025-01-11T03:00:00+00:00,AWS-DEL-103,7.8,992.5,96.0,False,,low,0.5,NORMAL,8.3,992.6,96.0,HEALTHY,replay,0.9,0.0
2025-01-11T04:00:00+00:00,AWS-DEL-103,7.5,992.3,97.0,False,,low,0.5,NORMAL,8.0,992.5,96.0,HEALTHY,replay,0.8,0.0
2025-01-11T05:00:00+00:00,AWS-DEL-103,7.5,992.7,97.0,False,,low,0.6,NORMAL,8.0,992.9,96.0,HEALTHY,replay,1.0,0.0
2025-01-11T06:00:00+00:00,AWS-DEL-103,8.6,993.4,100.0,False,,low,1.2,NORMAL,9.1,993.4,97.0,HEALTHY,replay,2.0,0.0
2025-01-11T07:00:00+00:00,AWS-DEL-103,8.5,993.9,100.0,False,,low,0.5,NORMAL,9.1,994.0,97.0,HEALTHY,replay,0.8,0.0
2025-01-11T08:00:00+00:00,AWS-DEL-103,9.0,994.5,98.0,False,,low,0.4,NORMAL,10.1,994.8,96.0,HEALTHY,replay,0.7,0.0
2025-01-11T09:00:00+00:00,AWS-DEL-103,10.4,995.4,96.0,False,,low,0.9,NORMAL,11.6,995.5,92.0,HEALTHY,replay,1.5,0.0
2025-01-11T10:00:00+00:00,AWS-DEL-103,13.5,995.3,85.0,False,,low,4.3,NORMAL,14.1,995.3,84.0,HEALTHY,replay,7.2,0.0
2025-01-11T11:00:00+00:00,AWS-DEL-103,16.0,994.6,74.0,False,,low,5.2,NORMAL,15.7,994.8,76.0,HEALTHY,replay,8.7,0.0
2025-01-11T12:00:00+00:00,AWS-DEL-103,16.9,993.4,69.0,False,,low,4.0,NORMAL,16.2,993.6,74.0,HEALTHY,replay,6.6,0.0
2025-01-11T13:00:00+00:00,AWS-DEL-103,17.9,992.4,64.0,False,,low,8.2,NORMAL,16.8,992.6,73.0,HEALTHY,replay,13.6,0.0
2025-01-11T14:00:00+00:00,AWS-DEL-103,18.1,991.3,61.0,False,,low,14.1,NORMAL,16.8,991.5,71.0,HEALTHY,replay,23.6,0.0
2025-01-11T15:00:00+00:00,AWS-DEL-103,17.7,990.9,63.0,False,,low,5.0,NORMAL,16.5,991.2,73.0,HEALTHY,replay,8.3,0.0
2025-01-11T16:00:00+00:00,AWS-DEL-103,17.5,990.6,64.0,False,,low,2.0,NORMAL,16.2,990.7,76.0,HEALTHY,replay,3.4,0.0
2025-01-11T17:00:00+00:00,AWS-DEL-103,15.2,990.6,82.0,False,,low,7.7,NORMAL,14.9,990.7,84.0,HEALTHY,replay,12.9,0.0
2025-01-11T18:00:00+00:00,AWS-DEL-103,13.9,992.1,90.0,False,,low,2.0,NORMAL,13.6,992.0,93.0,HEALTHY,replay,3.4,0.0
2025-01-11T19:00:00+00:00,AWS-DEL-103,13.4,992.5,88.0,False,,low,1.0,NORMAL,13.0,991.8,93.0,HEALTHY,replay,1.7,0.0
2025-01-11T20:00:00+00:00,AWS-DEL-103,12.5,991.9,92.0,False,,low,0.3,NORMAL,12.7,992.0,88.0,HEALTHY,replay,0.5,0.0
2025-01-11T21:00:00+00:00,AWS-DEL-103,12.0,992.2,89.0,False,,low,0.6,NORMAL,12.3,992.5,89.0,HEALTHY,replay,0.9,0.0
2025-01-11T22:00:00+00:00,AWS-DEL-103,12.1,992.5,89.0,False,,low,0.5,NORMAL,11.6,992.6,90.0,HEALTHY,replay,0.8,0.0
2025-01-11T23:00:00+00:00,AWS-DEL-103,12.0,992.6,89.0,False,,low,1.2,NORMAL,11.4,992.8,91.0,HEALTHY,replay,2.0,0.0
2025-01-12T00:00:00+00:00,AWS-DEL-103,12.0,992.3,89.0,False,,low,1.8,NORMAL,11.29,992.4,92.0,HEALTHY,replay,3.0,0.0
2025-01-12T01:00:00+00:00,AWS-DEL-103,11.0,992.1,92.0,False,,low,0.9,NORMAL,10.7,992.2,94.0,HEALTHY,replay,1.4,0.0
2025-01-12T02:00:00+00:00,AWS-DEL-103,11.0,991.8,94.0,False,,low,1.1,NORMAL,10.8,992.0,94.0,HEALTHY,replay,1.8,0.0
2025-01-12T03:00:00+00:00,AWS-DEL-103,10.7,991.5,94.0,False,,low,0.8,NORMAL,10.7,991.8,95.0,HEALTHY,replay,1.3,0.0
2025-01-12T04:00:00+00:00,AWS-DEL-103,10.9,991.5,92.0,False,,low,1.0,NORMAL,10.9,991.7,93.0,HEALTHY,replay,1.6,0.0
2025-01-12T05:00:00+00:00,AWS-DEL-103,10.4,992.0,90.0,False,,low,1.0,NORMAL,11.0,991.9,93.0,HEALTHY,replay,1.7,0.0
2025-01-12T06:00:00+00:00,AWS-DEL-103,11.5,992.9,91.0,False,,low,0.8,NORMAL,11.15,992.8,96.0,HEALTHY,replay,1.3,0.0
2025-01-12T07:00:00+00:00,AWS-DEL-103,11.0,993.4,89.0,False,,low,0.4,NORMAL,10.2,993.5,96.0,HEALTHY,replay,0.6,0.0
2025-01-12T08:00:00+00:00,AWS-DEL-103,12.4,994.3,85.0,False,,low,1.2,NORMAL,11.7,992.6,90.0,HEALTHY,replay,2.1,0.0
2025-01-12T09:00:00+00:00,AWS-DEL-103,14.1,995.7,87.0,False,,low,8.5,NORMAL,13.5,997.4,93.0,HEALTHY,replay,14.1,0.0
2025-01-12T10:00:00+00:00,AWS-DEL-103,15.5,995.8,81.0,False,,low,1.6,NORMAL,15.0,997.7,88.0,HEALTHY,replay,2.6,0.0
2025-01-12T11:00:00+00:00,AWS-DEL-103,17.5,995.0,71.0,False,,low,2.3,NORMAL,16.2,996.8,78.0,HEALTHY,replay,3.8,0.0
2025-01-12T12:00:00+00:00,AWS-DEL-103,18.3,993.9,67.0,False,,low,1.1,NORMAL,18.2,992.5,73.0,HEALTHY,replay,1.9,0.0
2025-01-12T13:00:00+00:00,AWS-DEL-103,18.5,993.0,67.0,False,,low,0.8,NORMAL,18.8,991.4,69.0,HEALTHY,replay,1.4,0.0
2025-01-12T14:00:00+00:00,AWS-DEL-103,18.7,992.2,63.0,False,,low,1.1,NORMAL,18.0,992.3,67.0,HEALTHY,replay,1.9,0.0
2025-01-12T15:00:00+00:00,AWS-DEL-103,18.6,991.9,62.0,False,,low,0.8,NORMAL,18.0,992.1,67.0,HEALTHY,replay,1.3,0.0
2025-01-12T16:00:00+00:00,AWS-DEL-103,18.1,992.1,65.0,False,,low,0.5,NORMAL,17.9,992.4,67.0,HEALTHY,replay,0.8,0.0
2025-01-12T17:00:00+00:00,AWS-DEL-103,16.2,992.2,74.0,False,,low,0.8,NORMAL,16.2,992.6,77.0,HEALTHY,replay,1.3,0.0
2025-01-12T18:00:00+00:00,AWS-DEL-103,13.0,993.4,94.0,False,,low,8.8,NORMAL,13.0,993.6,93.0,HEALTHY,replay,14.7,0.0
2025-01-12T19:00:00+00:00,AWS-DEL-103,12.7,993.9,94.0,False,,low,1.2,NORMAL,12.4,994.2,93.0,HEALTHY,replay,2.1,0.0
2025-01-12T20:00:00+00:00,AWS-DEL-103,12.5,994.4,93.0,False,,low,0.5,NORMAL,12.5,994.9,93.0,HEALTHY,replay,0.9,0.0
2025-01-12T21:00:00+00:00,AWS-DEL-103,12.0,995.0,94.0,False,,low,0.5,NORMAL,11.8,995.4,94.0,HEALTHY,replay,0.8,0.0
2025-01-12T22:00:00+00:00,AWS-DEL-103,11.4,994.8,94.0,False,,low,0.3,NORMAL,11.3,995.3,95.0,HEALTHY,replay,0.5,0.0
2025-01-12T23:00:00+00:00,AWS-DEL-103,11.0,994.4,95.0,False,,low,0.2,NORMAL,10.6,994.8,96.0,HEALTHY,replay,0.4,0.0
2025-01-13T00:00:00+00:00,AWS-DEL-103,10.6,993.6,95.0,False,,low,0.4,NORMAL,10.0,994.1,96.0,HEALTHY,replay,0.6,0.0
2025-01-13T01:00:00+00:00,AWS-DEL-103,10.0,993.4,96.0,False,,low,0.3,NORMAL,9.6,993.9,96.0,HEALTHY,replay,0.4,0.0
2025-01-13T02:00:00+00:00,AWS-DEL-103,9.5,992.9,97.0,False,,low,0.3,NORMAL,9.3,993.4,97.0,HEALTHY,replay,0.4,0.0
2025-01-13T03:00:00+00:00,AWS-DEL-103,9.4,992.7,97.0,False,,low,0.2,NORMAL,9.1,993.2,97.0,HEALTHY,replay,0.3,0.0
2025-01-13T04:00:00+00:00,AWS-DEL-103,9.2,992.6,97.0,False,,low,0.3,NORMAL,9.2,993.1,98.0,HEALTHY,replay,0.5,0.0
2025-01-13T05:00:00+00:00,AWS-DEL-103,9.0,992.8,98.0,False,,low,0.3,NORMAL,9.0,993.3,99.0,HEALTHY,replay,0.5,0.0
2025-01-13T06:00:00+00:00,AWS-DEL-103,9.9,993.2,98.0,False,,low,0.6,NORMAL,9.9,995.2,98.0,HEALTHY,replay,1.0,0.0
2025-01-13T07:00:00+00:00,AWS-DEL-103,9.7,993.5,98.0,False,,low,0.4,NORMAL,9.8,995.5,97.0,HEALTHY,replay,0.7,0.0
2025-01-13T08:00:00+00:00,AWS-DEL-103,10.8,994.4,95.0,False,,low,0.4,NORMAL,10.8,996.3,95.0,HEALTHY,replay,0.7,0.0
2025-01-13T09:00:00+00:00,AWS-DEL-103,12.6,995.0,88.0,False,,low,0.9,NORMAL,12.2,995.4,92.0,HEALTHY,replay,1.5,0.0
2025-01-13T10:00:00+00:00,AWS-DEL-103,14.7,995.0,78.0,False,,low,2.6,NORMAL,14.1,995.5,83.0,HEALTHY,replay,4.3,0.0
2025-01-13T11:00:00+00:00,AWS-DEL-103,16.7,994.3,71.0,False,,low,3.5,NORMAL,15.7,994.8,77.0,HEALTHY,replay,5.8,0.0
2025-01-13T12:00:00+00:00,AWS-DEL-103,18.4,993.1,65.0,False,,low,3.5,NORMAL,17.2,993.5,73.0,HEALTHY,replay,5.9,0.0
2025-01-13T13:00:00+00:00,AWS-DEL-103,19.6,991.9,60.0,False,,low,8.5,NORMAL,18.3,992.4,68.0,HEALTHY,replay,14.1,0.0
2025-01-13T14:00:00+00:00,AWS-DEL-103,20.1,991.3,57.0,False,,low,2.9,NORMAL,18.9,991.8,65.0,HEALTHY,replay,4.9,0.0
2025-01-13T15:00:00+00:00,AWS-DEL-103,20.0,991.1,57.0,False,,low,1.2,NORMAL,19.0,991.5,65.0,HEALTHY,replay,2.0,0.0
2025-01-13T16:00:00+00:00,AWS-DEL-103,19.1,990.8,64.0,False,,low,1.1,NORMAL,17.9,992.7,64.0,HEALTHY,replay,1.9,0.0
2025-01-13T17:00:00+00:00,AWS-DEL-103,16.8,990.8,77.0,False,,low,1.8,NORMAL,16.2,989.9,80.0,HEALTHY,replay,3.0,0.0
2025-01-13T18:00:00+00:00,AWS-DEL-103,15.4,991.5,83.0,False,,low,1.1,NORMAL,14.4,990.5,86.0,HEALTHY,replay,1.9,0.0
2025-01-13T19:00:00+00:00,AWS-DEL-103,14.6,991.9,87.0,False,,low,0.5,NORMAL,13.6,990.8,90.0,HEALTHY,replay,0.9,0.0
2025-01-13T20:00:00+00:00,AWS-DEL-103,14.0,992.0,89.0,False,,low,0.3,NORMAL,12.5,993.9,88.0,HEALTHY,replay,0.5,0.0
2025-01-13T21:00:00+00:00,AWS-DEL-103,13.4,992.5,90.0,False,,low,0.2,NORMAL,13.2,993.0,89.0,HEALTHY,replay,0.4,0.0
2025-01-13T22:00:00+00:00,AWS-DEL-103,12.7,992.3,91.0,False,,low,0.1,NORMAL,12.6,992.8,90.0,HEALTHY,replay,0.2,0.0
2025-01-13T23:00:00+00:00,AWS-DEL-103,12.1,992.0,93.0,False,,low,0.1,NORMAL,11.9,992.5,91.0,HEALTHY,replay,0.2,0.0
2025-01-14T00:00:00+00:00,AWS-DEL-103,11.6,991.6,93.0,False,,low,0.2,NORMAL,11.2,992.2,93.0,HEALTHY,replay,0.3,0.0
2025-01-14T01:00:00+00:00,AWS-DEL-103,11.1,991.4,94.0,False,,low,0.2,NORMAL,10.7,991.9,94.0,HEALTHY,replay,0.3,0.0
2025-01-14T02:00:00+00:00,AWS-DEL-103,10.7,991.1,95.0,False,,low,0.1,NORMAL,10.1,991.5,95.0,HEALTHY,replay,0.2,0.0
2025-01-14T03:00:00+00:00,AWS-DEL-103,10.2,990.8,95.0,False,,low,0.2,NORMAL,9.3,991.3,96.0,HEALTHY,replay,0.3,0.0
2025-01-14T04:00:00+00:00,AWS-DEL-103,9.8,990.8,96.0,False,,low,0.2,NORMAL,8.8,991.2,96.0,HEALTHY,replay,0.3,0.0
2025-01-14T05:00:00+00:00,AWS-DEL-103,9.3,991.0,96.0,False,,low,0.3,NORMAL,8.4,991.4,96.0,HEALTHY,replay,0.5,0.0
2025-01-14T06:00:00+00:00,AWS-DEL-103,9.4,992.5,97.0,False,,low,0.2,NORMAL,8.6,992.9,97.0,HEALTHY,replay,0.3,0.0
2025-01-14T07:00:00+00:00,AWS-DEL-103,8.7,993.1,97.0,False,,low,0.2,NORMAL,8.4,993.6,97.0,HEALTHY,replay,0.4,0.0
2025-01-14T08:00:00+00:00,AWS-DEL-103,10.3,994.0,95.0,False,,low,0.4,NORMAL,10.0,994.5,95.0,HEALTHY,replay,0.7,0.0
2025-01-14T09:00:00+00:00,AWS-DEL-103,12.2,995.2,88.0,False,,low,0.9,NORMAL,11.9,995.5,90.0,HEALTHY,replay,1.5,0.0
2025-01-14T10:00:00+00:00,AWS-DEL-103,14.3,995.8,78.0,False,,low,2.2,NORMAL,13.7,996.0,83.0,HEALTHY,replay,3.6,0.0
2025-01-14T11:00:00+00:00,AWS-DEL-103,16.2,995.4,70.0,False,,low,1.2,NORMAL,15.4,995.7,75.0,HEALTHY,replay,2.1,0.0
2025-01-14T12:00:00+00:00,AWS-DEL-103,17.5,994.6,66.0,False,,low,1.0,NORMAL,16.7,994.8,70.0,HEALTHY,replay,1.6,0.0
2025-01-14T13:00:00+00:00,AWS-DEL-103,18.4,993.7,63.0,False,,low,1.1,NORMAL,17.6,994.0,67.0,HEALTHY,replay,1.9,0.0
2025-01-14T14:00:00+00:00,AWS-DEL-103,18.9,993.0,60.0,False,,low,1.2,NORMAL,18.1,993.3,64.0,HEALTHY,replay,2.1,0.0
2025-01-14T15:00:00+00:00,AWS-DEL-103,18.9,992.8,60.0,False,,low,0.8,NORMAL,18.2,993.0,63.0,HEALTHY,replay,1.3,0.0
2025-01-14T16:00:00+00:00,AWS-DEL-103,18.4,992.7,63.0,False,,low,0.7,NORMAL,17.8,993.0,65.0,HEALTHY,replay,1.2,0.0
2025-01-14T17:00:00+00:00,AWS-DEL-103,15.7,992.6,78.0,False,,low,1.2,NORMAL,15.8,993.0,75.0,HEALTHY,replay,2.0,0.0
2025-01-14T18:00:00+00:00,AWS-DEL-103,14.3,993.3,84.0,False,,low,0.5,NORMAL,14.8,993.7,78.0,HEALTHY,replay,0.8,0.0
2025-01-14T19:00:00+00:00,AWS-DEL-103,13.1,993.5,88.0,False,,low,0.5,NORMAL,14.0,994.0,80.0,HEALTHY,replay,0.8,0.0
2025-01-14T20:00:00+00:00,AWS-DEL-103,12.0,993.9,92.0,False,,low,0.3,NORMAL,12.7,994.3,86.0,HEALTHY,replay,0.6,0.0
2025-01-14T21:00:00+00:00,AWS-DEL-103,11.4,994.0,95.0,False,,low,0.2,NORMAL,11.8,994.4,91.0,HEALTHY,replay,0.4,0.0
2025-01-14T22:00:00+00:00,AWS-DEL-103,10.5,994.4,96.0,False,,low,0.3,NORMAL,11.1,994.7,92.0,HEALTHY,replay,0.5,0.0
2025-01-14T23:00:00+00:00,AWS-DEL-103,9.9,994.1,99.0,False,,low,0.2,NORMAL,10.7,994.6,94.0,HEALTHY,replay,0.4,0.0
2025-01-15T00:00:00+00:00,AWS-DEL-103,9.4,993.9,100.0,False,,low,0.3,NORMAL,10.1,995.8,96.0,HEALTHY,replay,0.5,0.0
2025-01-15T01:00:00+00:00,AWS-DEL-103,9.1,993.8,100.0,False,,low,0.4,NORMAL,9.7,994.3,97.0,HEALTHY,replay,0.6,0.0
2025-01-15T02:00:00+00:00,AWS-DEL-103,8.9,993.5,100.0,False,,low,0.4,NORMAL,9.3,993.8,99.0,HEALTHY,replay,0.6,0.0
2025-01-15T03:00:00+00:00,AWS-DEL-103,8.2,993.6,100.0,False,,low,0.3,NORMAL,8.6,993.8,100.0,HEALTHY,replay,0.5,0.0
2025-01-15T04:00:00+00:00,AWS-DEL-103,7.5,993.6,99.0,False,,low,0.6,NORMAL,8.0,994.0,100.0,HEALTHY,replay,1.0,0.0
2025-01-15T05:00:00+00:00,AWS-DEL-103,8.1,993.9,98.0,False,,low,0.7,NORMAL,8.3,994.3,100.0,HEALTHY,replay,1.2,0.0
2025-01-15T06:00:00+00:00,AWS-DEL-103,8.0,994.8,99.0,False,,low,0.5,NORMAL,7.8,995.0,99.0,HEALTHY,replay,0.8,0.0
2025-01-15T07:00:00+00:00,AWS-DEL-103,8.1,995.6,98.0,False,,low,0.5,NORMAL,8.2,995.7,98.0,HEALTHY,replay,0.8,0.0
2025-01-15T08:00:00+00:00,AWS-DEL-103,8.5,996.3,97.0,False,,low,0.4,NORMAL,8.8,996.5,98.0,HEALTHY,replay,0.6,0.0
2025-01-15T09:00:00+00:00,AWS-DEL-103,10.6,997.0,96.0,False,,low,1.2,NORMAL,10.8,997.2,95.0,HEALTHY,replay,2.0,0.0
2025-01-15T10:00:00+00:00,AWS-DEL-103,12.3,997.4,94.0,False,,low,1.1,NORMAL,12.6,997.5,94.0,HEALTHY,replay,1.8,0.0
2025-01-15T11:00:00+00:00,AWS-DEL-103,14.7,996.7,87.0,False,,low,1.7,NORMAL,15.8,996.9,83.0,HEALTHY,replay,2.9,0.0
2025-01-15T12:00:00+00:00,AWS-DEL-103,17.4,995.3,74.0,False,,low,4.0,NORMAL,17.8,995.4,73.0,HEALTHY,replay,6.7,0.0
2025-01-15T13:00:00+00:00,AWS-DEL-103,18.4,993.8,66.0,False,,low,6.5,NORMAL,18.3,993.9,66.0,HEALTHY,replay,10.8,0.0
2025-01-15T14:00:00+00:00,AWS-DEL-103,18.9,992.7,62.0,False,,low,6.4,NORMAL,18.5,992.8,64.0,HEALTHY,replay,10.7,0.0
2025-01-15T15:00:00+00:00,AWS-DEL-103,18.9,992.4,62.0,False,,low,1.8,NORMAL,18.4,992.6,65.0,HEALTHY,replay,3.1,0.0
2025-01-15T16:00:00+00:00,AWS-DEL-103,18.4,992.0,65.0,False,,low,0.9,NORMAL,18.0,992.3,67.0,HEALTHY,replay,1.4,0.0
2025-01-15T17:00:00+00:00,AWS-DEL-103,16.0,991.8,79.0,False,,low,1.3,NORMAL,16.1,992.0,78.0,HEALTHY,replay,2.1,0.0
2025-01-15T18:00:00+00:00,AWS-DEL-103,13.4,992.9,86.0,False,,low,1.0,NORMAL,13.5,993.4,85.0,HEALTHY,replay,1.6,0.0
2025-01-15T19:00:00+00:00,AWS-DEL-103,13.0,993.8,89.0,False,,low,0.5,NORMAL,13.3,993.8,86.0,HEALTHY,replay,0.8,0.0
2025-01-15T20:00:00+00:00,AWS-DEL-103,12.9,993.8,90.0,False,,low,0.1,NORMAL,12.9,994.1,89.0,HEALTHY,replay,0.2,0.0
2025-01-15T21:00:00+00:00,AWS-DEL-103,12.7,994.6,91.0,False,,low,0.1,NORMAL,12.5,994.4,90.0,HEALTHY,replay,0.2,0.0
2025-01-15T22:00:00+00:00,AWS-DEL-103,12.4,994.5,90.0,False,,low,0.1,NORMAL,12.4,994.5,91.0,HEALTHY,replay,0.2,0.0
2025-01-15T23:00:00+00:00,AWS-DEL-103,11.6,993.4,93.0,False,,low,0.2,NORMAL,12.2,993.9,93.0,HEALTHY,replay,0.3,0.0
2025-01-16T00:00:00+00:00,AWS-DEL-103,11.6,993.8,93.0,False,,low,0.2,NORMAL,11.5,993.8,94.0,HEALTHY,replay,0.4,0.0
2025-01-16T01:00:00+00:00,AWS-DEL-103,11.2,993.6,93.0,False,,low,0.2,NORMAL,11.1,993.7,95.0,HEALTHY,replay,0.3,0.0
2025-01-16T02:00:00+00:00,AWS-DEL-103,10.7,993.2,96.0,False,,low,0.1,NORMAL,10.6,993.3,97.0,HEALTHY,replay,0.2,0.0
2025-01-16T03:00:00+00:00,AWS-DEL-103,10.7,992.9,96.0,False,,low,0.3,NORMAL,11.4,993.1,95.0,HEALTHY,replay,0.5,0.0
2025-01-16T04:00:00+00:00,AWS-DEL-103,10.7,992.9,97.0,False,,low,0.6,NORMAL,11.6,993.1,95.0,HEALTHY,replay,0.9,0.0
2025-01-16T05:00:00+00:00,AWS-DEL-103,10.6,993.2,97.0,False,,low,0.4,NORMAL,11.6,993.3,94.0,HEALTHY,replay,0.7,0.0
2025-01-16T06:00:00+00:00,AWS-DEL-103,11.9,994.3,96.0,False,,low,1.5,NORMAL,12.0,994.5,95.0,HEALTHY,replay,2.5,0.0
2025-01-16T07:00:00+00:00,AWS-DEL-103,12.1,995.2,95.0,False,,low,1.6,NORMAL,12.1,995.3,94.0,HEALTHY,replay,2.7,0.0
2025-01-16T08:00:00+00:00,AWS-DEL-103,12.6,995.7,95.0,False,,low,1.2,NORMAL,12.6,995.9,93.0,HEALTHY,replay,2.1,0.0
2025-01-16T09:00:00+00:00,AWS-DEL-103,13.7,996.9,88.0,False,,low,3.3,NORMAL,13.3,996.9,92.0,HEALTHY,replay,5.5,0.0
2025-01-16T10:00:00+00:00,AWS-DEL-103,14.4,997.1,77.0,False,,low,4.4,NORMAL,15.1,997.5,84.0,HEALTHY,replay,7.3,0.0
2025-01-16T11:00:00+00:00,AWS-DEL-103,16.3,997.0,66.0,False,,low,8.1,NORMAL,16.7,997.1,71.0,HEALTHY,replay,13.5,0.0
2025-01-16T12:00:00+00:00,AWS-DEL-103,17.6,996.2,61.0,False,,low,2.2,NORMAL,17.3,996.3,68.0,HEALTHY,replay,3.6,0.0
2025-01-16T13:00:00+00:00,AWS-DEL-103,18.4,995.1,59.0,False,,low,2.0,NORMAL,17.7,995.4,65.0,HEALTHY,replay,3.4,0.0
2025-01-16T14:00:00+00:00,AWS-DEL-103,18.9,994.5,57.0,False,,low,1.2,NORMAL,18.2,994.8,63.0,HEALTHY,replay,1.9,0.0
2025-01-16T15:00:00+00:00,AWS-DEL-103,18.9,994.3,57.0,False,,low,0.8,NORMAL,18.2,994.8,62.0,HEALTHY,replay,1.3,0.0
2025-01-16T16:00:00+00:00,AWS-DEL-103,18.1,994.3,59.0,False,,low,1.2,NORMAL,17.8,994.7,63.0,HEALTHY,replay,2.0,0.0
2025-01-16T17:00:00+00:00,AWS-DEL-103,16.1,994.5,68.0,False,,low,1.0,NORMAL,16.7,994.8,73.0,HEALTHY,replay,1.6,0.0
2025-01-16T18:00:00+00:00,AWS-DEL-103,14.8,995.6,84.0,False,,low,7.1,NORMAL,14.5,995.8,80.0,HEALTHY,replay,11.9,0.0
2025-01-16T19:00:00+00:00,AWS-DEL-103,14.2,996.2,87.0,False,,low,1.0,NORMAL,13.8,996.4,83.0,HEALTHY,replay,1.7,0.0
2025-01-16T20:00:00+00:00,AWS-DEL-103,13.1,996.8,89.0,False,,low,0.5,NORMAL,13.0,997.1,85.0,HEALTHY,replay,0.9,0.0
2025-01-16T21:00:00+00:00,AWS-DEL-103,12.0,997.1,90.0,False,,low,0.5,NORMAL,12.2,997.5,86.0,HEALTHY,replay,0.8,0.0
2025-01-16T22:00:00+00:00,AWS-DEL-103,11.6,997.0,89.0,False,,low,0.3,NORMAL,11.5,997.5,88.0,HEALTHY,replay,0.5,0.0
2025-01-16T23:00:00+00:00,AWS-DEL-103,11.1,996.7,91.0,False,,low,0.2,NORMAL,10.7,997.2,89.0,HEALTHY,replay,0.3,0.0
2025-01-17T00:00:00+00:00,AWS-DEL-103,10.8,996.3,92.0,False,,low,0.2,NORMAL,10.3,996.7,91.0,HEALTHY,replay,0.3,0.0
2025-01-17T01:00:00+00:00,AWS-DEL-103,10.6,995.7,92.0,False,,low,0.2,NORMAL,10.2,996.2,92.0,HEALTHY,replay,0.3,0.0
2025-01-17T02:00:00+00:00,AWS-DEL-103,10.4,995.3,92.0,False,,low,0.2,NORMAL,9.8,995.8,93.0,HEALTHY,replay,0.3,0.0
2025-01-17T03:00:00+00:00,AWS-DEL-103,10.2,995.1,93.0,False,,low,0.2,NORMAL,9.8,995.5,93.0,HEALTHY,replay,0.3,0.0
2025-01-17T04:00:00+00:00,AWS-DEL-103,9.9,994.8,93.0,False,,low,0.2,NORMAL,9.3,995.2,94.0,HEALTHY,replay,0.3,0.0
2025-01-17T05:00:00+00:00,AWS-DEL-103,9.5,994.9,93.0,False,,low,0.4,NORMAL,9.2,995.4,93.0,HEALTHY,replay,0.7,0.0
2025-01-17T06:00:00+00:00,AWS-DEL-103,9.8,995.6,95.0,False,,low,0.5,NORMAL,9.3,995.9,96.0,HEALTHY,replay,0.9,0.0
2025-01-17T07:00:00+00:00,AWS-DEL-103,9.5,995.8,95.0,False,,low,0.5,NORMAL,9.2,996.3,95.0,HEALTHY,replay,0.8,0.0
2025-01-17T08:00:00+00:00,AWS-DEL-103,10.8,996.3,91.0,False,,low,0.4,NORMAL,10.7,996.9,92.0,HEALTHY,replay,0.7,0.0
2025-01-17T09:00:00+00:00,AWS-DEL-103,12.9,997.2,84.0,False,,low,0.9,NORMAL,12.4,997.6,87.0,HEALTHY,replay,1.4,0.0
2025-01-17T10:00:00+00:00,AWS-DEL-103,15.1,997.2,75.0,False,,low,1.9,NORMAL,14.3,997.7,81.0,HEALTHY,replay,3.1,0.0
2025-01-17T11:00:00+00:00,AWS-DEL-103,17.2,996.1,68.0,False,,low,3.8,NORMAL,16.2,996.7,74.0,HEALTHY,replay,6.3,0.0
2025-01-17T12:00:00+00:00,AWS-DEL-103,18.7,994.7,61.0,False,,low,7.0,NORMAL,17.6,995.2,67.0,HEALTHY,replay,11.7,0.0
2025-01-17T13:00:00+00:00,AWS-DEL-103,19.5,993.3,56.0,False,,low,11.6,NORMAL,18.5,993.8,60.0,HEALTHY,replay,19.3,0.0
2025-01-17T14:00:00+00:00,AWS-DEL-103,19.8,992.2,53.0,False,,low,13.0,NORMAL,18.9,992.8,58.0,HEALTHY,replay,21.6,0.0
2025-01-17T15:00:00+00:00,AWS-DEL-103,19.4,991.9,53.0,False,,low,2.5,NORMAL,18.8,992.4,58.0,HEALTHY,replay,4.2,0.0
2025-01-17T16:00:00+00:00,AWS-DEL-103,18.5,991.7,58.0,False,,low,1.2,NORMAL,18.0,992.2,61.0,HEALTHY,replay,1.9,0.0
2025-01-17T17:00:00+00:00,AWS-DEL-103,16.3,991.7,69.0,False,,low,1.6,NORMAL,15.8,992.61,71.0,HEALTHY,replay,2.6,0.0
2025-01-17T18:00:00+00:00,AWS-DEL-103,14.3,992.6,77.0,False,,low,1.4,NORMAL,13.2,994.01,81.0,HEALTHY,replay,2.3,0.0
2025-01-17T19:00:00+00:00,AWS-DEL-103,13.3,992.9,81.0,False,,low,0.7,NORMAL,12.5,994.6,83.0,HEALTHY,replay,1.2,0.0
2025-01-17T20:00:00+00:00,AWS-DEL-103,12.3,993.2,86.0,False,,low,0.8,NORMAL,11.7,995.0,86.0,HEALTHY,replay,1.4,0.0
2025-01-17T21:00:00+00:00,AWS-DEL-103,11.6,993.2,89.0,False,,low,0.5,NORMAL,10.8,995.1,88.0,HEALTHY,replay,0.8,0.0
2025-01-17T22:00:00+00:00,AWS-DEL-103,10.6,993.2,92.0,False,,low,0.6,NORMAL,10.1,995.2,89.0,HEALTHY,replay,1.1,0.0
2025-01-17T23:00:00+00:00,AWS-DEL-103,9.9,993.2,94.0,False,,low,0.5,NORMAL,9.5,995.2,92.0,HEALTHY,replay,0.9,0.0
2025-01-18T00:00:00+00:00,AWS-DEL-103,9.6,993.1,96.0,False,,low,0.6,NORMAL,8.9,995.1,94.0,HEALTHY,replay,1.0,0.0
2025-01-18T01:00:00+00:00,AWS-DEL-103,8.7,992.4,97.0,False,,low,0.8,NORMAL,8.6,994.4,96.0,HEALTHY,replay,1.3,0.0
2025-01-18T02:00:00+00:00,AWS-DEL-103,7.7,991.8,98.0,False,,low,0.9,NORMAL,8.1,993.8,97.0,HEALTHY,replay,1.5,0.0
2025-01-18T03:00:00+00:00,AWS-DEL-103,7.8,991.7,98.0,False,,low,0.7,NORMAL,7.4,993.7,99.0,HEALTHY,replay,1.2,0.0
2025-01-18T04:00:00+00:00,AWS-DEL-103,7.7,992.0,99.0,False,,low,0.7,NORMAL,7.0,993.8,100.0,HEALTHY,replay,1.2,0.0
2025-01-18T05:00:00+00:00,AWS-DEL-103,8.0,992.3,99.0,False,,low,1.0,NORMAL,7.1,994.1,99.0,HEALTHY,replay,1.7,0.0
2025-01-18T06:00:00+00:00,AWS-DEL-103,9.9,993.2,100.0,False,,low,1.9,NORMAL,9.4,995.0,99.0,HEALTHY,replay,3.1,0.0
2025-01-18T07:00:00+00:00,AWS-DEL-103,9.9,994.1,99.0,False,,low,0.5,NORMAL,9.6,996.0,99.0,HEALTHY,replay,0.9,0.0
2025-01-18T08:00:00+00:00,AWS-DEL-103,10.2,995.2,98.0,False,,low,0.9,NORMAL,9.9,997.1,99.0,HEALTHY,replay,1.5,0.0
2025-01-18T09:00:00+00:00,AWS-DEL-103,10.8,996.0,96.0,False,,low,1.1,NORMAL,10.7,998.0,97.0,HEALTHY,replay,1.8,0.0
2025-01-18T10:00:00+00:00,AWS-DEL-103,12.8,996.1,86.0,False,,low,1.8,NORMAL,12.7,998.0,89.0,HEALTHY,replay,3.0,0.0
2025-01-18T11:00:00+00:00,AWS-DEL-103,14.6,995.0,80.0,False,,low,1.4,NORMAL,14.0,996.9,84.0,HEALTHY,replay,2.4,0.0
2025-01-18T12:00:00+00:00,AWS-DEL-103,16.0,993.7,76.0,False,,low,3.3,NORMAL,15.6,995.5,77.39,HEALTHY,replay,5.5,0.0
2025-01-18T13:00:00+00:00,AWS-DEL-103,17.7,992.6,67.0,False,,low,2.6,NORMAL,17.1,994.5,69.0,HEALTHY,replay,4.4,0.0
2025-01-18T14:00:00+00:00,AWS-DEL-103,18.6,991.9,61.0,False,,low,2.9,NORMAL,17.8,993.9,64.0,HEALTHY,replay,4.8,0.0
2025-01-18T15:00:00+00:00,AWS-DEL-103,18.6,991.4,60.0,False,,low,2.3,NORMAL,17.8,993.2,61.0,HEALTHY,replay,3.9,0.0
2025-01-18T16:00:00+00:00,AWS-DEL-103,18.0,990.7,62.0,False,,low,1.0,NORMAL,17.6,992.7,63.0,HEALTHY,replay,1.7,0.0
2025-01-18T17:00:00+00:00,AWS-DEL-103,15.2,990.5,77.0,False,,low,2.5,NORMAL,15.4,992.5,74.32,HEALTHY,replay,4.2,0.0
2025-01-18T18:00:00+00:00,AWS-DEL-103,13.7,991.2,86.0,False,,low,3.3,NORMAL,14.2,993.3,81.71,HEALTHY,replay,5.5,0.0
2025-01-18T19:00:00+00:00,AWS-DEL-103,12.9,991.4,89.0,False,,low,0.9,NORMAL,14.0,993.3,84.1,HEALTHY,replay,1.5,0.0
2025-01-18T20:00:00+00:00,AWS-DEL-103,11.2,991.3,93.0,False,,low,1.5,NORMAL,12.5,991.9,87.48,HEALTHY,replay,2.5,0.0
2025-01-18T21:00:00+00:00,AWS-DEL-103,10.3,991.4,96.0,False,,low,1.0,NORMAL,11.5,991.9,90.87,HEALTHY,replay,1.7,0.0
2025-01-18T22:00:00+00:00,AWS-DEL-103,9.8,991.7,97.0,False,,low,0.5,NORMAL,10.5,992.0,96.26,HEALTHY,replay,0.9,0.0
2025-01-18T23:00:00+00:00,AWS-DEL-103,9.4,991.7,96.0,False,,low,0.5,NORMAL,9.9,992.0,100.0,HEALTHY,replay,0.8,0.0
2025-01-19T00:00:00+00:00,AWS-DEL-103,9.0,991.5,97.0,False,,low,0.5,NORMAL,9.3,991.9,100.0,HEALTHY,replay,0.8,0.0
2025-01-19T01:00:00+00:00,AWS-DEL-103,8.8,991.5,99.0,False,,low,0.6,NORMAL,8.8,991.8,99.0,HEALTHY,replay,1.0,0.0
2025-01-19T02:00:00+00:00,AWS-DEL-103,8.4,991.1,100.0,False,,low,0.6,NORMAL,8.4,991.4,100.0,HEALTHY,replay,1.0,0.0
2026-09-22T08:30:00+00:00,AWS-DEL-103,34.3,983.1,44.0,False,,low,0.0,NORMAL,34.8,983.3,43.0,HEALTHY,live,,0.0
2025-01-01T00:00:00+00:00,AWS-DEL-103,7.6,993.9,97.0,False,,low,0.0,NORMAL,8.0,994.3,100.0,HEALTHY,replay,,0.0
2025-01-01T01:00:00+00:00,AWS-DEL-103,7.1,993.2,98.0,False,,low,0.0,NORMAL,7.5,993.7,100.0,HEALTHY,replay,,0.0
2025-01-01T02:00:00+00:00,AWS-DEL-103,7.0,992.8,100.0,False,,low,0.0,NORMAL,7.0,993.3,100.0,HEALTHY,replay,,0.0
2025-01-01T03:00:00+00:00,AWS-DEL-103,7.4,992.6,100.0,False,,low,0.0,NORMAL,7.3,993.1,99.0,HEALTHY,replay,,0.0
2025-01-01T04:00:00+00:00,AWS-DEL-103,7.7,992.4,100.0,False,,low,0.0,NORMAL,7.3,992.9,99.0,HEALTHY,replay,,0.0
2025-01-01T05:00:00+00:00,AWS-DEL-103,7.8,992.4,99.0,False,,low,0.0,NORMAL,7.5,993.0,99.0,HEALTHY,replay,,0.0
2025-01-01T06:00:00+00:00,AWS-DEL-103,8.3,993.4,100.0,False,,low,0.0,NORMAL,8.3,993.7,98.0,HEALTHY,replay,,0.0
2025-01-01T07:00:00+00:00,AWS-DEL-103,8.3,993.7,99.0,False,,low,0.0,NORMAL,8.3,994.2,99.0,HEALTHY,replay,,0.0
2025-01-01T08:00:00+00:00,AWS-DEL-103,8.7,994.2,98.0,False,,low,0.0,NORMAL,8.8,994.7,99.0,HEALTHY,replay,,0.0
2025-01-01T09:00:00+00:00,AWS-DEL-103,9.9,994.9,94.0,False,,low,0.0,NORMAL,9.5,995.2,97.0,HEALTHY,replay,,0.0
2025-01-01T10:00:00+00:00,AWS-DEL-103,12.6,995.0,81.0,False,,low,0.0,NORMAL,11.3,995.4,89.0,HEALTHY,replay,,0.0
2025-01-01T11:00:00+00:00,AWS-DEL-103,14.1,994.5,75.0,False,,low,0.0,NORMAL,13.2,994.9,82.0,HEALTHY,replay,,0.0
2025-01-01T12:00:00+00:00,AWS-DEL-103,15.4,993.3,71.0,False,,low,0.0,NORMAL,14.6,993.8,77.0,HEALTHY,replay,,0.0
2025-01-01T13:00:00+00:00,AWS-DEL-103,16.4,992.1,68.0,False,,low,0.0,NORMAL,15.8,992.5,73.0,HEALTHY,replay,,0.0
2025-01-01T14:00:00+00:00,AWS-DEL-103,17.0,991.3,67.0,False,,low,0.0,NORMAL,16.6,991.7,71.0,HEALTHY,replay,,0.0
2025-01-01T15:00:00+00:00,AWS-DEL-103,17.1,990.9,67.0,False,,low,0.0,NORMAL,16.8,991.3,70.0,HEALTHY,replay,,0.0
2025-01-01T16:00:00+00:00,AWS-DEL-103,16.6,990.9,71.0,False,,low,0.0,NORMAL,16.3,991.3,73.0,HEALTHY,replay,,0.0
2025-01-01T17:00:00+00:00,AWS-DEL-103,13.8,990.9,85.0,False,,low,0.0,NORMAL,14.2,991.4,80.0,HEALTHY,replay,,0.0
2025-01-01T18:00:00+00:00,AWS-DEL-103,11.1,992.7,90.0,False,,low,0.0,NORMAL,11.7,993.0,87.0,HEALTHY,replay,,0.0
2025-01-01T19:00:00+00:00,AWS-DEL-103,10.5,992.9,91.0,False,,low,0.0,NORMAL,11.0,993.3,90.0,HEALTHY,replay,,0.0
2025-01-01T20:00:00+00:00,AWS-DEL-103,10.2,993.4,92.0,False,,low,0.0,NORMAL,10.3,993.7,92.0,HEALTHY,replay,,0.0
2025-01-01T21:00:00+00:00,AWS-DEL-103,9.9,993.4,93.0,False,,low,0.0,NORMAL,9.6,993.8,94.0,HEALTHY,replay,,0.0
2025-01-01T22:00:00+00:00,AWS-DEL-103,9.7,993.2,94.0,False,,low,0.0,NORMAL,9.0,993.6,96.0,HEALTHY,replay,,0.0
2025-01-01T23:00:00+00:00,AWS-DEL-103,9.4,992.8,95.0,False,,low,0.0,NORMAL,8.7,993.2,97.0,HEALTHY,replay,,0.0
2025-01-02T00:00:00+00:00,AWS-DEL-103,9.1,992.0,95.0,False,,low,1.0,NORMAL,8.3,992.5,97.0,HEALTHY,replay,1.7,0.0
2025-01-02T01:00:00+00:00,AWS-DEL-103,8.6,991.4,96.0,False,,low,1.4,NORMAL,8.1,991.8,97.0,HEALTHY,replay,2.4,0.0
2025-01-02T02:00:00+00:00,AWS-DEL-103,8.3,991.0,97.0,False,,low,0.7,NORMAL,7.6,991.5,98.0,HEALTHY,replay,1.2,0.0
2025-01-02T03:00:00+00:00,AWS-DEL-103,8.4,991.0,97.0,False,,low,0.6,NORMAL,7.8,991.4,98.0,HEALTHY,replay,1.0,0.0
2025-01-02T04:00:00+00:00,AWS-DEL-103,8.3,990.7,97.0,False,,low,1.1,NORMAL,7.9,991.3,98.0,HEALTHY,replay,1.9,0.0
2025-01-02T05:00:00+00:00,AWS-DEL-103,8.8,991.0,97.0,False,,low,1.7,NORMAL,8.5,991.5,97.0,HEALTHY,replay,2.8,0.0
2025-01-02T06:00:00+00:00,AWS-DEL-103,8.8,992.0,98.0,False,,low,0.8,NORMAL,8.7,992.4,97.0,HEALTHY,replay,1.3,0.0
2025-01-02T07:00:00+00:00,AWS-DEL-103,8.7,992.4,97.0,False,,low,1.3,NORMAL,8.7,992.7,96.0,HEALTHY,replay,2.1,0.0
2025-01-02T08:00:00+00:00,AWS-DEL-103,10.1,993.2,94.0,False,,low,1.0,NORMAL,9.9,993.7,93.0,HEALTHY,replay,1.7,0.0
2025-01-02T09:00:00+00:00,AWS-DEL-103,12.1,994.2,86.0,False,,low,4.4,NORMAL,11.7,994.5,90.0,HEALTHY,replay,7.3,0.0
2025-01-02T10:00:00+00:00,AWS-DEL-103,14.0,994.5,77.0,False,,low,8.8,NORMAL,13.6,994.8,82.0,HEALTHY,replay,14.7,0.0
2025-01-02T11:00:00+00:00,AWS-DEL-103,15.7,993.9,70.0,False,,low,9.0,NORMAL,15.2,994.3,76.0,HEALTHY,replay,15.0,0.0
2025-01-02T12:00:00+00:00,AWS-DEL-103,17.1,993.0,65.0,False,,low,4.7,NORMAL,16.6,993.5,69.0,HEALTHY,replay,7.9,0.0
2025-01-02T13:00:00+00:00,AWS-DEL-103,18.2,992.1,62.0,False,,low,4.5,NORMAL,17.6,992.6,63.0,HEALTHY,replay,7.6,0.0
2025-01-02T14:00:00+00:00,AWS-DEL-103,18.9,991.4,61.0,False,,low,3.6,NORMAL,18.2,992.56,60.0,HEALTHY,replay,6.0,0.0
2025-01-02T15:00:00+00:00,AWS-DEL-103,18.9,991.3,63.0,False,,low,2.1,NORMAL,18.2,992.53,61.0,HEALTHY,replay,3.6,0.0
2025-01-02T16:00:00+00:00,AWS-DEL-103,18.2,991.4,68.0,False,,low,1.8,NORMAL,17.6,992.58,68.0,HEALTHY,replay,3.1,0.0
2025-01-02T17:00:00+00:00,AWS-DEL-103,15.4,991.2,82.0,False,,low,1.9,NORMAL,15.5,992.6,77.0,HEALTHY,replay,3.2,0.0
2025-01-02T18:00:00+00:00,AWS-DEL-103,12.9,992.3,86.0,False,,low,2.9,NORMAL,13.5,992.61,81.0,HEALTHY,replay,4.8,0.0
2025-01-02T19:00:00+00:00,AWS-DEL-103,12.5,992.3,87.0,False,,low,0.6,NORMAL,12.8,992.61,83.0,HEALTHY,replay,0.9,0.0
2025-01-02T20:00:00+00:00,AWS-DEL-103,11.7,992.5,89.0,False,,low,0.3,NORMAL,11.9,992.57,85.0,HEALTHY,replay,0.5,0.0
2025-01-02T21:00:00+00:00,AWS-DEL-103,10.6,992.6,92.0,False,,low,0.2,NORMAL,11.5,993.2,87.0,HEALTHY,replay,0.3,0.0
2025-01-02T22:00:00+00:00,AWS-DEL-103,9.9,992.9,93.0,False,,low,0.1,NORMAL,10.6,993.3,90.0,HEALTHY,replay,0.2,0.0
2025-01-02T23:00:00+00:00,AWS-DEL-103,9.5,992.6,94.0,False,,low,0.3,NORMAL,9.7,992.8,92.0,HEALTHY,replay,0.5,0.0
2025-01-03T00:00:00+00:00,AWS-DEL-103,9.0,992.1,95.0,False,,low,0.3,NORMAL,9.1,992.4,94.0,HEALTHY,replay,0.5,0.0
2025-01-03T01:00:00+00:00,AWS-DEL-103,8.7,991.8,96.0,False,,low,0.3,NORMAL,8.7,992.0,95.0,HEALTHY,replay,0.4,0.0
2025-01-03T02:00:00+00:00,AWS-DEL-103,9.4,991.4,95.0,False,,low,0.3,NORMAL,8.2,991.6,97.0,HEALTHY,replay,0.5,0.0
2025-01-03T03:00:00+00:00,AWS-DEL-103,9.3,991.1,95.0,False,,low,0.2,NORMAL,8.3,991.6,97.0,HEALTHY,replay,0.3,0.0
2025-01-03T04:00:00+00:00,AWS-DEL-103,8.8,991.3,96.0,False,,low,0.3,NORMAL,8.1,991.6,97.0,HEALTHY,replay,0.6,0.0
2025-01-03T05:00:00+00:00,AWS-DEL-103,8.5,991.4,97.0,False,,low,0.4,NORMAL,7.9,991.8,98.0,HEALTHY,replay,0.7,0.0
2025-01-03T06:00:00+00:00,AWS-DEL-103,9.2,992.2,100.0,False,,low,0.7,NORMAL,8.7,992.5,99.0,HEALTHY,replay,1.1,0.0
2025-01-03T07:00:00+00:00,AWS-DEL-103,8.9,992.6,100.0,False,,low,0.4,NORMAL,8.2,993.1,100.0,HEALTHY,replay,0.7,0.0
2025-01-03T08:00:00+00:00,AWS-DEL-103,9.7,993.9,98.0,False,,low,0.7,NORMAL,9.8,994.1,98.0,HEALTHY,replay,1.2,0.0
2025-01-03T09:00:00+00:00,AWS-DEL-103,10.8,994.9,97.0,False,,low,3.3,NORMAL,11.0,994.9,95.0,HEALTHY,replay,5.5,0.0
2025-01-03T10:00:00+00:00,AWS-DEL-103,13.2,995.2,88.0,False,,low,2.1,NORMAL,13.8,995.3,86.0,HEALTHY,replay,3.5,0.0
2025-01-03T11:00:00+00:00,AWS-DEL-103,15.8,994.5,77.0,False,,low,3.2,NORMAL,16.2,994.8,74.0,HEALTHY,replay,5.3,0.0
2025-01-03T12:00:00+00:00,AWS-DEL-103,17.9,993.3,68.0,False,,low,4.4,NORMAL,18.0,993.6,66.0,HEALTHY,replay,7.4,0.0
2025-01-03T13:00:00+00:00,AWS-DEL-103,19.4,992.3,59.0,False,,low,8.0,NORMAL,19.1,992.7,59.0,HEALTHY,replay,13.3,0.0
2025-01-03T14:00:00+00:00,AWS-DEL-103,20.1,991.5,58.0,False,,low,5.1,NORMAL,19.6,991.9,59.0,HEALTHY,replay,8.5,0.0
2025-01-03T15:00:00+00:00,AWS-DEL-103,20.0,991.0,60.0,False,,low,3.0,NORMAL,19.6,991.4,60.0,HEALTHY,replay,5.0,0.0
2025-01-03T16:00:00+00:00,AWS-DEL-103,19.0,990.6,68.0,False,,low,1.4,NORMAL,19.0,990.9,70.0,HEALTHY,replay,2.3,0.0
2025-01-03T17:00:00+00:00,AWS-DEL-103,15.9,990.4,84.0,False,,low,5.5,NORMAL,16.3,990.8,78.0,HEALTHY,replay,9.1,0.0
2025-01-03T18:00:00+00:00,AWS-DEL-103,13.5,991.3,86.0,False,,low,3.1,NORMAL,14.0,991.7,82.0,HEALTHY,replay,5.2,0.0
2025-01-03T19:00:00+00:00,AWS-DEL-103,12.5,991.3,88.0,False,,low,0.5,NORMAL,13.1,991.8,86.0,HEALTHY,replay,0.8,0.0
2025-01-03T20:00:00+00:00,AWS-DEL-103,11.7,991.4,89.0,False,,low,0.4,NORMAL,12.3,991.9,88.0,HEALTHY,replay,0.7,0.0
2025-01-03T21:00:00+00:00,AWS-DEL-103,11.1,991.4,90.0,False,,low,0.3,NORMAL,11.6,991.8,90.0,HEALTHY,replay,0.5,0.0
2025-01-03T22:00:00+00:00,AWS-DEL-103,10.5,991.0,92.0,False,,low,0.2,NORMAL,10.9,991.4,91.0,HEALTHY,replay,0.4,0.0
2025-01-03T23:00:00+00:00,AWS-DEL-103,9.8,990.7,95.0,False,,low,0.3,NORMAL,10.6,991.0,91.0,HEALTHY,replay,0.5,0.0
2025-01-04T00:00:00+00:00,AWS-DEL-103,9.1,990.1,97.0,False,,low,0.3,NORMAL,10.1,990.5,92.0,HEALTHY,replay,0.6,0.0
2025-01-04T01:00:00+00:00,AWS-DEL-103,9.1,989.8,96.0,False,,low,0.5,NORMAL,9.4,990.1,94.0,HEALTHY,replay,0.9,0.0
2025-01-04T02:00:00+00:00,AWS-DEL-103,8.7,989.3,96.0,False,,low,1.5,NORMAL,9.0,989.6,93.0,HEALTHY,replay,2.4,0.0
2025-01-04T03:00:00+00:00,AWS-DEL-103,8.6,988.8,97.0,False,,low,2.0,NORMAL,8.3,989.1,96.0,HEALTHY,replay,3.3,0.0
2025-01-04T04:00:00+00:00,AWS-DEL-103,8.3,988.5,98.0,False,,low,3.2,NORMAL,7.7,988.8,99.0,HEALTHY,replay,5.3,0.0
2025-01-04T05:00:00+00:00,AWS-DEL-103,8.1,988.7,98.0,False,,low,4.5,NORMAL,7.2,989.0,100.0,HEALTHY,replay,7.5,0.0
2025-01-04T06:00:00+00:00,AWS-DEL-103,8.2,989.9,100.0,False,,low,2.2,NORMAL,7.9,990.2,99.0,HEALTHY,replay,3.7,0.0
2025-01-04T07:00:00+00:00,AWS-DEL-103,8.2,990.5,99.0,False,,low,1.5,NORMAL,8.2,990.9,99.0,HEALTHY,replay,2.5,0.0
2025-01-04T08:00:00+00:00,AWS-DEL-103,9.5,991.6,98.0,False,,low,1.4,NORMAL,9.1,991.7,98.0,HEALTHY,replay,2.3,0.0
2025-01-04T09:00:00+00:00,AWS-DEL-103,10.9,992.3,96.0,False,,low,1.7,NORMAL,11.1,992.5,97.0,HEALTHY,replay,2.9,0.0
2025-01-04T10:00:00+00:00,AWS-DEL-103,11.8,992.5,92.0,False,,low,1.1,NORMAL,14.4,992.7,91.0,HEALTHY,replay,1.8,0.0
2025-01-04T11:00:00+00:00,AWS-DEL-103,13.8,992.3,90.0,False,,low,1.4,NORMAL,17.0,992.2,82.0,HEALTHY,replay,2.3,0.0
2025-01-04T12:00:00+00:00,AWS-DEL-103,16.8,991.2,78.0,False,,low,6.1,NORMAL,19.3,991.2,74.0,HEALTHY,replay,10.1,0.0
2025-01-04T13:00:00+00:00,AWS-DEL-103,19.1,990.1,66.0,False,,low,15.8,NORMAL,20.4,990.2,68.0,HEALTHY,replay,26.3,0.0
2025-01-04T14:00:00+00:00,AWS-DEL-103,20.3,989.2,60.0,False,,low,18.0,NORMAL,21.0,989.3,65.0,HEALTHY,replay,30.1,0.0
2025-01-04T15:00:00+00:00,AWS-DEL-103,20.5,988.8,58.0,False,,low,9.2,NORMAL,21.1,988.9,66.0,HEALTHY,replay,15.4,0.0
2025-01-04T16:00:00+00:00,AWS-DEL-103,19.5,988.5,71.0,False,,low,9.4,NORMAL,20.1,988.6,74.0,HEALTHY,replay,15.7,0.0
2025-01-04T17:00:00+00:00,AWS-DEL-103,16.1,988.4,79.0,False,,low,13.7,NORMAL,17.5,988.6,84.0,HEALTHY,replay,22.8,0.0
2025-01-04T18:00:00+00:00,AWS-DEL-103,13.1,989.6,90.0,False,,low,6.0,NORMAL,14.5,989.8,90.0,HEALTHY,replay,10.0,0.0
2025-01-04T19:00:00+00:00,AWS-DEL-103,12.3,990.1,92.0,False,,low,0.9,NORMAL,13.7,990.4,93.0,HEALTHY,replay,1.5,0.0
2025-01-04T20:00:00+00:00,AWS-DEL-103,11.6,990.7,94.0,False,,low,0.7,NORMAL,12.9,990.8,95.0,HEALTHY,replay,1.1,0.0
2025-01-04T21:00:00+00:00,AWS-DEL-103,10.7,990.7,95.0,False,,low,0.3,NORMAL,12.5,991.0,97.0,HEALTHY,replay,0.5,0.0
2025-01-04T22:00:00+00:00,AWS-DEL-103,10.1,990.4,94.0,False,,low,0.3,NORMAL,12.0,990.7,98.0,HEALTHY,replay,0.4,0.0
2025-01-04T23:00:00+00:00,AWS-DEL-103,9.6,990.0,94.0,False,,low,0.2,NORMAL,11.1,990.3,98.0,HEALTHY,replay,0.3,0.0
2025-01-05T00:00:00+00:00,AWS-DEL-103,9.0,989.5,96.0,False,,low,0.2,NORMAL,10.4,989.8,98.0,HEALTHY,replay,0.4,0.0
2025-01-05T01:00:00+00:00,AWS-DEL-103,8.2,989.2,97.0,False,,low,0.2,NORMAL,9.3,989.4,98.0,HEALTHY,replay,0.3,0.0
2025-01-05T02:00:00+00:00,AWS-DEL-103,7.7,988.9,98.0,False,,low,0.3,NORMAL,9.3,989.3,100.0,HEALTHY,replay,0.5,0.0
2025-01-05T03:00:00+00:00,AWS-DEL-103,7.3,989.0,100.0,False,,low,0.4,NORMAL,9.2,989.4,100.0,HEALTHY,replay,0.7,0.0
2025-01-05T04:00:00+00:00,AWS-DEL-103,7.0,989.0,100.0,False,,low,0.6,NORMAL,9.3,989.4,100.0,HEALTHY,replay,0.9,0.0
2025-01-05T05:00:00+00:00,AWS-DEL-103,7.2,989.3,100.0,False,,low,1.1,NORMAL,9.9,989.7,100.0,HEALTHY,replay,1.8,0.0
2025-01-05T06:00:00+00:00,AWS-DEL-103,8.1,990.2,99.0,False,,low,0.6,NORMAL,9.9,990.6,99.0,HEALTHY,replay,1.0,0.0
2025-01-05T07:00:00+00:00,AWS-DEL-103,8.5,991.0,100.0,False,,low,0.4,NORMAL,9.7,991.1,99.0,HEALTHY,replay,0.7,0.0
2025-01-05T08:00:00+00:00,AWS-DEL-103,9.1,991.8,100.0,False,,low,0.4,NORMAL,9.7,991.9,98.0,HEALTHY,replay,0.7,0.0
2025-01-05T09:00:00+00:00,AWS-DEL-103,10.1,992.7,98.0,False,,low,0.7,NORMAL,10.1,992.7,97.0,HEALTHY,replay,1.2,0.0
2025-01-05T10:00:00+00:00,AWS-DEL-103,11.9,992.9,89.0,False,,low,0.6,NORMAL,11.9,993.0,90.0,HEALTHY,replay,1.1,0.0
2025-01-05T11:00:00+00:00,AWS-DEL-103,14.5,992.4,80.0,False,,low,0.8,NORMAL,14.2,992.4,82.0,HEALTHY,replay,1.3,0.0
2025-01-05T12:00:00+00:00,AWS-DEL-103,16.5,991.3,74.0,False,,low,1.1,NORMAL,16.1,991.3,76.0,HEALTHY,replay,1.8,0.0
2025-01-05T13:00:00+00:00,AWS-DEL-103,17.9,990.2,69.0,False,,low,2.1,NORMAL,17.5,990.3,71.0,HEALTHY,replay,3.5,0.0
2025-01-05T14:00:00+00:00,AWS-DEL-103,18.7,989.6,65.0,False,,low,3.3,NORMAL,18.4,989.7,68.0,HEALTHY,replay,5.5,0.0
2025-01-05T15:00:00+00:00,AWS-DEL-103,18.8,989.2,66.0,False,,low,1.9,NORMAL,18.6,989.3,68.0,HEALTHY,replay,3.2,0.0
2025-01-05T16:00:00+00:00,AWS-DEL-103,18.0,988.9,71.0,False,,low,1.0,NORMAL,17.9,988.9,73.0,HEALTHY,replay,1.6,0.0
2025-01-05T17:00:00+00:00,AWS-DEL-103,15.5,988.6,84.0,False,,low,1.0,NORMAL,15.9,986.7,82.0,HEALTHY,replay,1.6,0.0
2025-01-05T18:00:00+00:00,AWS-DEL-103,13.2,989.4,91.0,False,,low,1.2,NORMAL,13.4,987.7,90.0,HEALTHY,replay,2.0,0.0
2025-01-05T19:00:00+00:00,AWS-DEL-103,12.2,989.7,93.0,False,,low,0.3,NORMAL,12.8,988.27,93.0,HEALTHY,replay,0.5,0.0
2025-01-05T20:00:00+00:00,AWS-DEL-103,11.5,990.5,94.0,False,,low,0.3,NORMAL,12.3,990.12,93.0,HEALTHY,replay,0.4,0.0
2025-01-05T21:00:00+00:00,AWS-DEL-103,11.1,990.8,94.0,False,,low,0.1,NORMAL,11.8,990.81,95.0,HEALTHY,replay,0.2,0.0
2025-01-05T22:00:00+00:00,AWS-DEL-103,10.6,990.9,95.0,False,,low,0.1,NORMAL,11.4,991.2,95.0,HEALTHY,replay,0.2,0.0
2025-01-05T23:00:00+00:00,AWS-DEL-103,9.7,990.7,96.0,False,,low,0.1,NORMAL,9.5,992.6,96.0,HEALTHY,replay,0.2,0.0
2025-01-06T00:00:00+00:00,AWS-DEL-103,9.3,990.4,97.0,False,,low,0.2,NORMAL,9.2,992.2,97.0,HEALTHY,replay,0.3,0.0
2025-01-06T01:00:00+00:00,AWS-DEL-103,9.0,990.1,99.0,False,,low,0.3,NORMAL,8.9,992.0,98.0,HEALTHY,replay,0.5,0.0
2025-01-06T02:00:00+00:00,AWS-DEL-103,8.3,989.9,100.0,False,,low,0.2,NORMAL,9.8,988.2,99.0,HEALTHY,replay,0.3,0.0
2025-01-06T03:00:00+00:00,AWS-DEL-103,8.9,989.1,99.0,False,,low,0.5,NORMAL,7.7,991.0,99.0,HEALTHY,replay,0.8,0.0
2025-01-06T04:00:00+00:00,AWS-DEL-103,8.5,988.9,100.0,False,,low,0.3,NORMAL,8.9,988.0,100.0,HEALTHY,replay,0.5,0.0
2025-01-06T05:00:00+00:00,AWS-DEL-103,8.6,989.9,100.0,False,,low,0.2,NORMAL,8.7,988.5,100.0,HEALTHY,replay,0.4,0.0
2025-01-06T06:00:00+00:00,AWS-DEL-103,9.6,990.7,100.0,False,,low,0.6,NORMAL,9.9,991.1,99.0,HEALTHY,replay,1.0,0.0
2025-01-06T07:00:00+00:00,AWS-DEL-103,10.0,992.1,99.0,False,,low,1.3,NORMAL,10.2,991.4,98.0,HEALTHY,replay,2.1,0.0
2025-01-06T08:00:00+00:00,AWS-DEL-103,10.5,991.3,97.0,False,,low,0.5,NORMAL,10.6,992.3,98.0,HEALTHY,replay,0.8,0.0
2025-01-06T09:00:00+00:00,AWS-DEL-103,11.5,993.6,96.0,False,,low,2.6,NORMAL,11.8,993.7,94.0,HEALTHY,replay,4.3,0.0
2025-01-06T10:00:00+00:00,AWS-DEL-103,12.9,993.6,91.0,False,,low,2.1,NORMAL,13.9,993.9,88.0,HEALTHY,replay,3.5,0.0
2025-01-06T11:00:00+00:00,AWS-DEL-103,14.9,993.1,81.0,False,,low,1.6,NORMAL,15.7,993.2,80.0,HEALTHY,replay,2.7,0.0
2025-01-06T12:00:00+00:00,AWS-DEL-103,16.7,992.2,72.0,False,,low,1.0,NORMAL,16.8,990.6,75.0,HEALTHY,replay,1.7,0.0
2025-01-06T13:00:00+00:00,AWS-DEL-103,17.7,991.3,66.0,False,,low,1.5,NORMAL,17.6,989.8,74.0,HEALTHY,replay,2.5,0.0
2025-01-06T14:00:00+00:00,AWS-DEL-103,18.4,990.7,65.0,False,,low,1.4,NORMAL,17.9,989.3,71.0,HEALTHY,replay,2.3,0.0
2025-01-06T15:00:00+00:00,AWS-DEL-103,18.7,990.4,66.0,False,,low,0.9,NORMAL,18.0,989.76,73.0,HEALTHY,replay,1.5,0.0
2025-01-06T16:00:00+00:00,AWS-DEL-103,18.0,990.0,69.0,False,,low,0.7,NORMAL,17.4,990.08,74.0,HEALTHY,replay,1.1,0.0
2025-01-06T17:00:00+00:00,AWS-DEL-103,16.0,990.0,79.0,False,,low,0.9,NORMAL,15.7,990.5,82.0,HEALTHY,replay,1.5,0.0
2025-01-06T18:00:00+00:00,AWS-DEL-103,14.1,991.1,86.0,False,,low,0.9,NORMAL,13.7,991.5,87.0,HEALTHY,replay,1.6,0.0
2025-01-06T19:00:00+00:00,AWS-DEL-103,13.2,991.2,89.0,False,,low,0.3,NORMAL,13.1,991.7,89.0,HEALTHY,replay,0.5,0.0
2025-01-06T20:00:00+00:00,AWS-DEL-103,12.7,991.7,90.0,False,,low,0.2,NORMAL,12.4,992.1,91.0,HEALTHY,replay,0.3,0.0
2025-01-06T21:00:00+00:00,AWS-DEL-103,12.4,991.9,92.0,False,,low,0.1,NORMAL,11.8,992.5,91.0,HEALTHY,replay,0.2,0.0
2025-01-06T22:00:00+00:00,AWS-DEL-103,12.0,992.1,94.0,False,,low,0.1,NORMAL,12.1,992.6,91.0,HEALTHY,replay,0.2,0.0
2025-01-06T23:00:00+00:00,AWS-DEL-103,11.7,991.8,95.0,False,,low,0.2,NORMAL,11.9,992.5,94.0,HEALTHY,replay,0.4,0.0
2025-01-07T00:00:00+00:00,AWS-DEL-103,11.5,991.6,96.0,False,,low,0.3,NORMAL,11.5,992.2,95.0,HEALTHY,replay,0.6,0.0
2025-01-07T01:00:00+00:00,AWS-DEL-103,11.3,991.2,96.0,False,,low,0.4,NORMAL,11.3,991.8,95.0,HEALTHY,replay,0.6,0.0
2025-01-07T02:00:00+00:00,AWS-DEL-103,11.1,991.1,97.0,False,,low,0.5,NORMAL,11.0,991.7,95.0,HEALTHY,replay,0.8,0.0
2025-01-07T03:00:00+00:00,AWS-DEL-103,10.8,991.0,97.0,False,,low,0.3,NORMAL,10.7,991.6,96.0,HEALTHY,replay,0.5,0.0
2025-01-07T04:00:00+00:00,AWS-DEL-103,10.5,990.9,97.0,False,,low,0.6,NORMAL,10.4,991.5,97.0,HEALTHY,replay,0.9,0.0
2025-01-07T05:00:00+00:00,AWS-DEL-103,10.2,990.8,98.0,False,,low,0.7,NORMAL,10.2,991.5,97.0,HEALTHY,replay,1.2,0.0
2025-01-07T06:00:00+00:00,AWS-DEL-103,11.4,992.3,100.0,False,,low,0.9,NORMAL,11.3,992.8,99.0,HEALTHY,replay,1.5,0.0
2025-01-07T07:00:00+00:00,AWS-DEL-103,11.3,993.1,100.0,False,,low,0.7,NORMAL,11.1,993.6,98.0,HEALTHY,replay,1.2,0.0
2025-01-07T08:00:00+00:00,AWS-DEL-103,11.6,994.0,97.0,False,,low,1.8,NORMAL,11.2,994.5,97.0,HEALTHY,replay,3.0,0.0
2025-01-07T09:00:00+00:00,AWS-DEL-103,12.3,994.5,93.0,False,,low,0.9,NORMAL,11.7,995.0,97.0,HEALTHY,replay,1.5,0.0
2025-01-07T10:00:00+00:00,AWS-DEL-103,13.7,994.4,86.0,False,,low,1.4,NORMAL,12.9,994.8,92.0,HEALTHY,replay,2.3,0.0
2025-01-07T11:00:00+00:00,AWS-DEL-103,14.9,993.8,81.0,False,,low,0.9,NORMAL,14.2,994.3,86.0,HEALTHY,replay,1.5,0.0
2025-01-07T12:00:00+00:00,AWS-DEL-103,16.2,992.7,75.0,False,,low,0.8,NORMAL,15.6,993.3,79.0,HEALTHY,replay,1.4,0.0
2025-01-07T13:00:00+00:00,AWS-DEL-103,18.0,991.6,65.0,False,,low,6.9,NORMAL,17.7,992.14,71.0,HEALTHY,replay,11.5,0.0
2025-01-07T14:00:00+00:00,AWS-DEL-103,18.4,990.5,63.0,False,,low,6.9,NORMAL,18.1,991.39,68.0,HEALTHY,replay,11.6,0.0
2025-01-07T15:00:00+00:00,AWS-DEL-103,18.3,989.9,64.0,False,,low,2.0,NORMAL,18.1,990.16,69.0,HEALTHY,replay,3.3,0.0
2025-01-07T16:00:00+00:00,AWS-DEL-103,17.6,989.6,69.0,False,,low,1.3,NORMAL,17.4,990.2,74.0,HEALTHY,replay,2.2,0.0
2025-01-07T17:00:00+00:00,AWS-DEL-103,15.6,989.5,78.0,False,,low,0.9,NORMAL,15.2,989.74,80.0,HEALTHY,replay,1.5,0.0
2025-01-07T18:00:00+00:00,AWS-DEL-103,13.5,991.0,86.0,False,,low,0.9,NORMAL,13.2,991.5,87.0,HEALTHY,replay,1.5,0.0
2025-01-07T19:00:00+00:00,AWS-DEL-103,12.8,991.0,90.0,False,,low,0.4,NORMAL,12.4,991.5,89.0,HEALTHY,replay,0.6,0.0
2025-01-07T20:00:00+00:00,AWS-DEL-103,12.3,991.3,92.0,False,,low,0.2,NORMAL,11.9,991.9,91.0,HEALTHY,replay,0.3,0.0
2025-01-07T21:00:00+00:00,AWS-DEL-103,11.9,991.4,94.0,False,,low,0.2,NORMAL,11.4,991.9,93.0,HEALTHY,replay,0.3,0.0
2025-01-07T22:00:00+00:00,AWS-DEL-103,11.6,991.0,94.0,False,,low,0.2,NORMAL,10.8,991.6,93.0,HEALTHY,replay,0.3,0.0
2025-01-07T23:00:00+00:00,AWS-DEL-103,11.1,990.4,94.0,False,,low,0.3,NORMAL,10.6,990.9,94.0,HEALTHY,replay,0.4,0.0
2025-01-08T00:00:00+00:00,AWS-DEL-103,10.6,989.8,93.0,False,,low,0.4,NORMAL,10.4,990.3,92.0,HEALTHY,replay,0.6,0.0
2025-01-08T01:00:00+00:00,AWS-DEL-103,10.0,989.1,93.0,False,,low,0.4,NORMAL,9.7,989.6,91.0,HEALTHY,replay,0.6,0.0
2025-01-08T02:00:00+00:00,AWS-DEL-103,9.6,988.5,92.0,False,,low,1.0,NORMAL,9.3,989.1,90.0,HEALTHY,replay,1.7,0.0
2025-01-08T03:00:00+00:00,AWS-DEL-103,9.2,988.2,92.0,False,,low,1.2,NORMAL,9.2,988.8,90.0,HEALTHY,replay,2.0,0.0
2025-01-08T04:00:00+00:00,AWS-DEL-103,9.0,988.0,91.0,False,,low,1.8,NORMAL,9.1,988.5,89.0,HEALTHY,replay,3.0,0.0
2025-01-08T05:00:00+00:00,AWS-DEL-103,8.9,988.1,90.0,False,,low,2.1,NORMAL,8.9,988.7,88.0,HEALTHY,replay,3.6,0.0
2025-01-08T06:00:00+00:00,AWS-DEL-103,8.8,988.6,92.0,False,,low,6.9,NORMAL,8.8,989.2,90.0,HEALTHY,replay,11.5,0.0
2025-01-08T07:00:00+00:00,AWS-DEL-103,8.7,989.4,92.0,False,,low,4.9,NORMAL,8.6,990.0,89.0,HEALTHY,replay,8.1,0.0
2025-01-08T08:00:00+00:00,AWS-DEL-103,9.9,990.5,86.0,False,,low,3.9,NORMAL,9.6,991.0,84.0,HEALTHY,replay,6.4,0.0
2025-01-08T09:00:00+00:00,AWS-DEL-103,12.0,991.8,78.0,False,,low,10.1,NORMAL,11.3,992.3,80.0,HEALTHY,replay,16.9,0.0
2025-01-08T10:00:00+00:00,AWS-DEL-103,14.1,992.1,68.0,False,,low,8.3,NORMAL,13.2,992.7,72.0,HEALTHY,replay,13.9,0.0
2025-01-08T11:00:00+00:00,AWS-DEL-103,16.0,991.5,61.0,False,,low,5.3,NORMAL,15.1,992.1,65.0,HEALTHY,replay,8.8,0.0
2025-01-08T12:00:00+00:00,AWS-DEL-103,17.5,990.8,56.0,False,,low,8.6,NORMAL,16.7,991.3,59.0,HEALTHY,replay,14.3,0.0
2025-01-08T13:00:00+00:00,AWS-DEL-103,18.5,990.0,51.0,False,,low,7.8,NORMAL,17.8,990.5,55.0,HEALTHY,replay,13.1,0.0
2025-01-08T14:00:00+00:00,AWS-DEL-103,19.0,989.5,48.0,False,,low,3.6,NORMAL,18.4,990.0,52.0,HEALTHY,replay,5.9,0.0
2025-01-08T15:00:00+00:00,AWS-DEL-103,18.9,989.4,47.0,False,,low,2.8,NORMAL,18.3,989.9,52.0,HEALTHY,replay,4.6,0.0
2025-01-08T16:00:00+00:00,AWS-DEL-103,17.9,989.3,53.0,False,,low,2.1,NORMAL,17.6,989.7,57.0,HEALTHY,replay,3.5,0.0
2025-01-08T17:00:00+00:00,AWS-DEL-103,15.4,989.1,64.0,False,,low,2.8,NORMAL,15.1,989.6,67.0,HEALTHY,replay,4.6,0.0
2025-01-08T18:00:00+00:00,AWS-DEL-103,13.9,989.5,75.0,False,,low,2.1,NORMAL,14.4,989.9,71.0,HEALTHY,replay,3.5,0.0
2025-01-08T19:00:00+00:00,AWS-DEL-103,13.0,989.9,79.0,False,,low,1.1,NORMAL,13.5,990.3,73.0,HEALTHY,replay,1.8,0.0
2025-01-08T20:00:00+00:00,AWS-DEL-103,11.9,990.5,82.0,False,,low,0.4,NORMAL,12.3,990.8,75.0,HEALTHY,replay,0.6,0.0
2025-01-08T21:00:00+00:00,AWS-DEL-103,11.0,990.9,84.0,False,,low,0.3,NORMAL,11.7,991.2,77.0,HEALTHY,replay,0.5,0.0
2025-01-08T22:00:00+00:00,AWS-DEL-103,10.2,990.9,86.0,False,,low,0.2,NORMAL,11.1,991.2,78.0,HEALTHY,replay,0.4,0.0
2025-01-08T23:00:00+00:00,AWS-DEL-103,9.4,990.7,88.0,False,,low,0.2,NORMAL,10.6,990.9,80.0,HEALTHY,replay,0.3,0.0
2025-01-09T00:00:00+00:00,AWS-DEL-103,8.6,990.3,90.0,False,,low,0.2,NORMAL,10.0,990.6,83.0,HEALTHY,replay,0.3,0.0
2025-01-09T01:00:00+00:00,AWS-DEL-103,8.0,990.1,93.0,False,,low,0.3,NORMAL,9.3,990.5,86.0,HEALTHY,replay,0.5,0.0
2025-01-09T02:00:00+00:00,AWS-DEL-103,7.5,990.4,94.0,False,,low,0.4,NORMAL,8.7,990.7,87.0,HEALTHY,replay,0.6,0.0
2025-01-09T03:00:00+00:00,AWS-DEL-103,7.0,990.2,95.0,False,,low,0.5,NORMAL,8.1,990.5,89.0,HEALTHY,replay,0.8,0.0
2025-01-09T04:00:00+00:00,AWS-DEL-103,7.0,990.2,94.0,False,,low,0.5,NORMAL,7.6,990.5,91.0,HEALTHY,replay,0.8,0.0
2025-01-09T05:00:00+00:00,AWS-DEL-103,6.9,990.3,94.0,False,,low,0.7,NORMAL,7.1,990.6,90.0,HEALTHY,replay,1.1,0.0
2025-01-09T06:00:00+00:00,AWS-DEL-103,6.3,991.1,99.0,False,,low,0.9,NORMAL,7.3,991.4,93.0,HEALTHY,replay,1.5,0.0
2025-01-09T07:00:00+00:00,AWS-DEL-103,6.0,991.7,100.0,False,,low,0.7,NORMAL,7.2,992.1,93.0,HEALTHY,replay,1.2,0.0
2025-01-09T08:00:00+00:00,AWS-DEL-103,7.7,993.0,99.0,False,,low,1.7,NORMAL,8.8,993.3,90.0,HEALTHY,replay,2.8,0.0
2025-01-09T09:00:00+00:00,AWS-DEL-103,9.9,994.2,96.0,False,,low,5.4,NORMAL,11.8,994.5,87.0,HEALTHY,replay,9.1,0.0
2025-01-09T10:00:00+00:00,AWS-DEL-103,12.7,995.0,88.0,False,,low,12.1,NORMAL,14.8,995.2,77.0,HEALTHY,replay,20.2,0.0
2025-01-09T11:00:00+00:00,AWS-DEL-103,15.3,994.7,75.0,False,,low,6.5,NORMAL,16.5,994.7,67.0,HEALTHY,replay,10.9,0.0
2025-01-09T12:00:00+00:00,AWS-DEL-103,17.0,993.6,65.0,False,,low,5.2,NORMAL,17.6,993.7,60.0,HEALTHY,replay,8.6,0.0
2025-01-09T13:00:00+00:00,AWS-DEL-103,18.1,992.7,59.0,False,,low,3.4,NORMAL,18.5,992.8,54.0,HEALTHY,replay,5.7,0.0
2025-01-09T14:00:00+00:00,AWS-DEL-103,18.6,992.1,54.0,False,,low,4.1,NORMAL,18.9,992.3,52.0,HEALTHY,replay,6.8,0.0
2025-01-09T15:00:00+00:00,AWS-DEL-103,18.7,991.8,53.0,False,,low,3.2,NORMAL,18.9,992.0,53.0,HEALTHY,replay,5.3,0.0
2025-01-09T16:00:00+00:00,AWS-DEL-103,17.9,991.7,63.0,False,,low,1.3,NORMAL,18.2,992.0,63.0,HEALTHY,replay,2.1,0.0
2025-01-09T17:00:00+00:00,AWS-DEL-103,15.4,991.7,69.0,False,,low,0.9,NORMAL,15.9,992.0,66.0,HEALTHY,replay,1.5,0.0
2025-01-09T18:00:00+00:00,AWS-DEL-103,14.3,992.5,77.0,False,,low,0.7,NORMAL,14.1,992.9,75.0,HEALTHY,replay,1.1,0.0
2025-01-09T19:00:00+00:00,AWS-DEL-103,12.6,992.7,83.0,False,,low,0.6,NORMAL,13.4,992.64,81.0,HEALTHY,replay,1.0,0.0
2025-01-09T20:00:00+00:00,AWS-DEL-103,11.3,993.5,88.0,False,,low,1.3,NORMAL,12.7,992.97,81.0,HEALTHY,replay,2.2,0.0
2025-01-09T21:00:00+00:00,AWS-DEL-103,10.4,993.9,90.0,False,,low,0.4,NORMAL,12.0,993.11,82.0,HEALTHY,replay,0.6,0.0
2025-01-09T22:00:00+00:00,AWS-DEL-103,9.7,994.0,91.0,False,,low,0.4,NORMAL,11.3,992.84,84.0,HEALTHY,replay,0.6,0.0
2025-01-09T23:00:00+00:00,AWS-DEL-103,8.9,993.7,92.0,False,,low,0.3,NORMAL,10.6,992.28,87.0,HEALTHY,replay,0.6,0.0
2025-01-10T00:00:00+00:00,AWS-DEL-103,8.1,993.4,94.0,False,,low,0.6,NORMAL,9.9,991.8,90.0,HEALTHY,replay,1.0,0.0
2025-01-10T01:00:00+00:00,AWS-DEL-103,7.4,993.0,95.0,False,,low,0.5,NORMAL,9.1,991.5,92.0,HEALTHY,replay,0.8,0.0
2025-01-10T02:00:00+00:00,AWS-DEL-103,6.9,992.9,97.0,False,,low,0.3,NORMAL,8.4,991.3,94.0,HEALTHY,replay,0.5,0.0
2025-01-10T03:00:00+00:00,AWS-DEL-103,6.6,992.6,98.0,False,,low,0.3,NORMAL,7.9,991.2,96.0,HEALTHY,replay,0.5,0.0
2025-01-10T04:00:00+00:00,AWS-DEL-103,6.2,992.5,99.0,False,,low,0.4,NORMAL,7.5,991.1,97.0,HEALTHY,replay,0.6,0.0
2025-01-10T05:00:00+00:00,AWS-DEL-103,5.9,992.8,100.0,False,,low,0.4,NORMAL,7.8,991.4,96.0,HEALTHY,replay,0.7,0.0
2025-01-10T06:00:00+00:00,AWS-DEL-103,5.8,994.0,99.0,False,,low,0.7,NORMAL,8.1,992.5,99.0,HEALTHY,replay,1.2,0.0
2025-01-10T07:00:00+00:00,AWS-DEL-103,6.5,995.0,99.0,False,,low,1.2,NORMAL,7.7,993.3,100.0,HEALTHY,replay,2.0,0.0
2025-01-10T08:00:00+00:00,AWS-DEL-103,7.2,996.1,98.0,False,,low,2.5,NORMAL,8.4,994.3,99.0,HEALTHY,replay,4.2,0.0
2025-01-10T09:00:00+00:00,AWS-DEL-103,9.0,997.0,95.0,False,,low,2.7,NORMAL,10.7,995.3,95.0,HEALTHY,replay,4.5,0.0
2025-01-10T10:00:00+00:00,AWS-DEL-103,10.5,997.6,94.0,False,,low,3.1,NORMAL,12.5,995.7,91.0,HEALTHY,replay,5.2,0.0
2025-01-10T11:00:00+00:00,AWS-DEL-103,14.0,996.9,82.0,False,,low,7.4,NORMAL,15.1,995.0,80.0,HEALTHY,replay,12.3,0.0
2025-01-10T12:00:00+00:00,AWS-DEL-103,16.2,995.8,71.0,False,,low,6.6,NORMAL,16.6,993.9,71.0,HEALTHY,replay,11.0,0.0
2025-01-10T13:00:00+00:00,AWS-DEL-103,17.4,994.6,64.0,False,,low,5.9,NORMAL,17.6,992.7,64.0,HEALTHY,replay,9.8,0.0
2025-01-10T14:00:00+00:00,AWS-DEL-103,17.9,993.8,61.0,False,,low,4.8,NORMAL,18.1,992.0,59.0,HEALTHY,replay,8.0,0.0
2025-01-10T15:00:00+00:00,AWS-DEL-103,17.8,993.2,62.0,False,,low,1.9,NORMAL,18.1,991.5,57.0,HEALTHY,replay,3.2,0.0
2025-01-10T16:00:00+00:00,AWS-DEL-103,17.2,993.0,65.0,False,,low,0.8,NORMAL,17.3,991.2,63.0,HEALTHY,replay,1.3,0.0
2025-01-10T17:00:00+00:00,AWS-DEL-103,14.1,992.5,82.0,False,,low,3.6,NORMAL,15.2,991.0,75.0,HEALTHY,replay,6.1,0.0
2025-01-10T18:00:00+00:00,AWS-DEL-103,12.4,992.7,88.0,False,,low,2.1,NORMAL,13.4,991.1,83.0,HEALTHY,replay,3.5,0.0
2025-01-10T19:00:00+00:00,AWS-DEL-103,11.4,993.1,90.0,False,,low,0.6,NORMAL,12.4,991.5,86.0,HEALTHY,replay,1.1,0.0
2025-01-10T20:00:00+00:00,AWS-DEL-103,10.7,993.5,92.0,False,,low,0.2,NORMAL,11.6,991.9,89.0,HEALTHY,replay,0.3,0.0
2025-01-10T21:00:00+00:00,AWS-DEL-103,9.5,993.6,94.0,False,,low,0.3,NORMAL,11.1,992.1,91.0,HEALTHY,replay,0.4,0.0
2025-01-10T22:00:00+00:00,AWS-DEL-103,8.9,993.6,95.0,False,,low,0.2,NORMAL,10.7,992.1,92.0,HEALTHY,replay,0.3,0.0
2025-01-10T23:00:00+00:00,AWS-DEL-103,8.6,993.3,96.0,False,,low,0.1,NORMAL,10.3,991.8,93.0,HEALTHY,replay,0.2,0.0
2025-01-11T00:00:00+00:00,AWS-DEL-103,8.3,992.7,96.0,False,,low,0.2,NORMAL,9.8,991.2,94.0,HEALTHY,replay,0.3,0.0
2025-01-11T01:00:00+00:00,AWS-DEL-103,8.1,992.6,96.0,False,,low,0.3,NORMAL,9.5,991.0,94.0,HEALTHY,replay,0.4,0.0
2025-01-11T02:00:00+00:00,AWS-DEL-103,8.0,992.5,96.0,False,,low,0.4,NORMAL,8.6,992.7,95.0,HEALTHY,replay,0.7,0.0
2025-01-11T03:00:00+00:00,AWS-DEL-103,7.8,992.5,96.0,False,,low,0.5,NORMAL,8.3,992.6,96.0,HEALTHY,replay,0.9,0.0
2025-01-11T04:00:00+00:00,AWS-DEL-103,7.5,992.3,97.0,False,,low,0.5,NORMAL,8.0,992.5,96.0,HEALTHY,replay,0.8,0.0
2025-01-11T05:00:00+00:00,AWS-DEL-103,7.5,992.7,97.0,False,,low,0.6,NORMAL,8.0,992.9,96.0,HEALTHY,replay,1.0,0.0
2025-01-11T06:00:00+00:00,AWS-DEL-103,8.6,993.4,100.0,False,,low,1.2,NORMAL,9.1,993.4,97.0,HEALTHY,replay,2.0,0.0
2025-01-11T07:00:00+00:00,AWS-DEL-103,8.5,993.9,100.0,False,,low,0.5,NORMAL,9.1,994.0,97.0,HEALTHY,replay,0.8,0.0
2025-01-11T08:00:00+00:00,AWS-DEL-103,9.0,994.5,98.0,False,,low,0.4,NORMAL,10.1,994.8,96.0,HEALTHY,replay,0.7,0.0
2025-01-11T09:00:00+00:00,AWS-DEL-103,10.4,995.4,96.0,False,,low,0.9,NORMAL,11.6,995.5,92.0,HEALTHY,replay,1.5,0.0
2025-01-11T10:00:00+00:00,AWS-DEL-103,13.5,995.3,85.0,False,,low,4.3,NORMAL,14.1,995.3,84.0,HEALTHY,replay,7.2,0.0
2025-01-11T11:00:00+00:00,AWS-DEL-103,16.0,994.6,74.0,False,,low,5.2,NORMAL,15.7,994.8,76.0,HEALTHY,replay,8.7,0.0
2025-01-11T12:00:00+00:00,AWS-DEL-103,16.9,993.4,69.0,False,,low,4.0,NORMAL,16.2,993.6,74.0,HEALTHY,replay,6.6,0.0
2025-01-11T13:00:00+00:00,AWS-DEL-103,17.9,992.4,64.0,False,,low,8.2,NORMAL,16.8,992.6,73.0,HEALTHY,replay,13.6,0.0
2025-01-11T14:00:00+00:00,AWS-DEL-103,18.1,991.3,61.0,False,,low,14.1,NORMAL,16.8,991.5,71.0,HEALTHY,replay,23.6,0.0
2025-01-11T15:00:00+00:00,AWS-DEL-103,17.7,990.9,63.0,False,,low,5.0,NORMAL,16.5,991.2,73.0,HEALTHY,replay,8.3,0.0
2025-01-11T16:00:00+00:00,AWS-DEL-103,17.5,990.6,64.0,False,,low,2.0,NORMAL,16.2,990.7,76.0,HEALTHY,replay,3.4,0.0
2025-01-11T17:00:00+00:00,AWS-DEL-103,15.2,990.6,82.0,False,,low,7.7,NORMAL,14.9,990.7,84.0,HEALTHY,replay,12.9,0.0
2025-01-11T18:00:00+00:00,AWS-DEL-103,13.9,992.1,90.0,False,,low,2.0,NORMAL,13.6,992.0,93.0,HEALTHY,replay,3.4,0.0
2025-01-11T19:00:00+00:00,AWS-DEL-103,13.4,992.5,88.0,False,,low,1.0,NORMAL,13.0,991.8,93.0,HEALTHY,replay,1.7,0.0
2025-01-11T20:00:00+00:00,AWS-DEL-103,12.5,991.9,92.0,False,,low,0.3,NORMAL,12.7,992.0,88.0,HEALTHY,replay,0.5,0.0
2025-01-11T21:00:00+00:00,AWS-DEL-103,12.0,992.2,89.0,False,,low,0.6,NORMAL,12.3,992.5,89.0,HEALTHY,replay,0.9,0.0
2025-01-11T22:00:00+00:00,AWS-DEL-103,12.1,992.5,89.0,False,,low,0.5,NORMAL,11.6,992.6,90.0,HEALTHY,replay,0.8,0.0
2025-01-11T23:00:00+00:00,AWS-DEL-103,12.0,992.6,89.0,False,,low,1.2,NORMAL,11.4,992.8,91.0,HEALTHY,replay,2.0,0.0
2025-01-12T00:00:00+00:00,AWS-DEL-103,12.0,992.3,89.0,False,,low,1.8,NORMAL,11.29,992.4,92.0,HEALTHY,replay,3.0,0.0
2025-01-12T01:00:00+00:00,AWS-DEL-103,11.0,992.1,92.0,False,,low,0.9,NORMAL,10.7,992.2,94.0,HEALTHY,replay,1.4,0.0
2025-01-12T02:00:00+00:00,AWS-DEL-103,11.0,991.8,94.0,False,,low,1.1,NORMAL,10.8,992.0,94.0,HEALTHY,replay,1.8,0.0
2025-01-12T03:00:00+00:00,AWS-DEL-103,10.7,991.5,94.0,False,,low,0.8,NORMAL,10.7,991.8,95.0,HEALTHY,replay,1.3,0.0
2025-01-12T04:00:00+00:00,AWS-DEL-103,10.9,991.5,92.0,False,,low,1.0,NORMAL,10.9,991.7,93.0,HEALTHY,replay,1.6,0.0
2025-01-12T05:00:00+00:00,AWS-DEL-103,10.4,992.0,90.0,False,,low,1.0,NORMAL,11.0,991.9,93.0,HEALTHY,replay,1.7,0.0
2025-01-12T06:00:00+00:00,AWS-DEL-103,11.5,992.9,91.0,False,,low,0.8,NORMAL,11.15,992.8,96.0,HEALTHY,replay,1.3,0.0
2025-01-12T07:00:00+00:00,AWS-DEL-103,11.0,993.4,89.0,False,,low,0.4,NORMAL,10.2,993.5,96.0,HEALTHY,replay,0.6,0.0
2025-01-12T08:00:00+00:00,AWS-DEL-103,12.4,994.3,85.0,False,,low,1.2,NORMAL,11.7,992.6,90.0,HEALTHY,replay,2.1,0.0
2025-01-12T09:00:00+00:00,AWS-DEL-103,14.1,995.7,87.0,False,,low,8.5,NORMAL,13.5,997.4,93.0,HEALTHY,replay,14.1,0.0
2025-01-12T10:00:00+00:00,AWS-DEL-103,15.5,995.8,81.0,False,,low,1.6,NORMAL,15.0,997.7,88.0,HEALTHY,replay,2.6,0.0
2025-01-12T11:00:00+00:00,AWS-DEL-103,17.5,995.0,71.0,False,,low,2.3,NORMAL,16.2,996.8,78.0,HEALTHY,replay,3.8,0.0
2025-01-12T12:00:00+00:00,AWS-DEL-103,18.3,993.9,67.0,False,,low,1.1,NORMAL,18.2,992.5,73.0,HEALTHY,replay,1.9,0.0
2025-01-12T13:00:00+00:00,AWS-DEL-103,18.5,993.0,67.0,False,,low,0.8,NORMAL,18.8,991.4,69.0,HEALTHY,replay,1.4,0.0
2025-01-12T14:00:00+00:00,AWS-DEL-103,18.7,992.2,63.0,False,,low,1.1,NORMAL,18.0,992.3,67.0,HEALTHY,replay,1.9,0.0
2025-01-12T15:00:00+00:00,AWS-DEL-103,18.6,991.9,62.0,False,,low,0.8,NORMAL,18.0,992.1,67.0,HEALTHY,replay,1.3,0.0
2025-01-12T16:00:00+00:00,AWS-DEL-103,18.1,992.1,65.0,False,,low,0.5,NORMAL,17.9,992.4,67.0,HEALTHY,replay,0.8,0.0
2025-01-12T17:00:00+00:00,AWS-DEL-103,16.2,992.2,74.0,False,,low,0.8,NORMAL,16.2,992.6,77.0,HEALTHY,replay,1.3,0.0
2025-01-12T18:00:00+00:00,AWS-DEL-103,13.0,993.4,94.0,False,,low,8.8,NORMAL,13.0,993.6,93.0,HEALTHY,replay,14.7,0.0
2025-01-12T19:00:00+00:00,AWS-DEL-103,12.7,993.9,94.0,False,,low,1.2,NORMAL,12.4,994.2,93.0,HEALTHY,replay,2.1,0.0
2025-01-12T20:00:00+00:00,AWS-DEL-103,12.5,994.4,93.0,False,,low,0.5,NORMAL,12.5,994.9,93.0,HEALTHY,replay,0.9,0.0
2025-01-12T21:00:00+00:00,AWS-DEL-103,12.0,995.0,94.0,False,,low,0.5,NORMAL,11.8,995.4,94.0,HEALTHY,replay,0.8,0.0
2025-01-12T22:00:00+00:00,AWS-DEL-103,11.4,994.8,94.0,False,,low,0.3,NORMAL,11.3,995.3,95.0,HEALTHY,replay,0.5,0.0
2025-01-12T23:00:00+00:00,AWS-DEL-103,11.0,994.4,95.0,False,,low,0.2,NORMAL,10.6,994.8,96.0,HEALTHY,replay,0.4,0.0
2025-01-13T00:00:00+00:00,AWS-DEL-103,10.6,993.6,95.0,False,,low,0.4,NORMAL,10.0,994.1,96.0,HEALTHY,replay,0.6,0.0
2025-01-13T01:00:00+00:00,AWS-DEL-103,10.0,993.4,96.0,False,,low,0.3,NORMAL,9.6,993.9,96.0,HEALTHY,replay,0.4,0.0
2025-01-13T02:00:00+00:00,AWS-DEL-103,9.5,992.9,97.0,False,,low,0.3,NORMAL,9.3,993.4,97.0,HEALTHY,replay,0.4,0.0
2025-01-13T03:00:00+00:00,AWS-DEL-103,9.4,992.7,97.0,False,,low,0.2,NORMAL,9.1,993.2,97.0,HEALTHY,replay,0.3,0.0
2025-01-13T04:00:00+00:00,AWS-DEL-103,9.2,992.6,97.0,False,,low,0.3,NORMAL,9.2,993.1,98.0,HEALTHY,replay,0.5,0.0
2025-01-13T05:00:00+00:00,AWS-DEL-103,9.0,992.8,98.0,False,,low,0.3,NORMAL,9.0,993.3,99.0,HEALTHY,replay,0.5,0.0
2025-01-13T06:00:00+00:00,AWS-DEL-103,9.9,993.2,98.0,False,,low,0.6,NORMAL,9.9,995.2,98.0,HEALTHY,replay,1.0,0.0
2025-01-13T07:00:00+00:00,AWS-DEL-103,9.7,993.5,98.0,False,,low,0.4,NORMAL,9.8,995.5,97.0,HEALTHY,replay,0.7,0.0
2025-01-13T08:00:00+00:00,AWS-DEL-103,10.8,994.4,95.0,False,,low,0.4,NORMAL,10.8,996.3,95.0,HEALTHY,replay,0.7,0.0
2025-01-13T09:00:00+00:00,AWS-DEL-103,12.6,995.0,88.0,False,,low,0.9,NORMAL,12.2,995.4,92.0,HEALTHY,replay,1.5,0.0
2025-01-13T10:00:00+00:00,AWS-DEL-103,14.7,995.0,78.0,False,,low,2.6,NORMAL,14.1,995.5,83.0,HEALTHY,replay,4.3,0.0
2025-01-13T11:00:00+00:00,AWS-DEL-103,16.7,994.3,71.0,False,,low,3.5,NORMAL,15.7,994.8,77.0,HEALTHY,replay,5.8,0.0
2025-01-13T12:00:00+00:00,AWS-DEL-103,18.4,993.1,65.0,False,,low,3.5,NORMAL,17.2,993.5,73.0,HEALTHY,replay,5.9,0.0
2025-01-13T13:00:00+00:00,AWS-DEL-103,19.6,991.9,60.0,False,,low,8.5,NORMAL,18.3,992.4,68.0,HEALTHY,replay,14.1,0.0
2025-01-13T14:00:00+00:00,AWS-DEL-103,20.1,991.3,57.0,False,,low,2.9,NORMAL,18.9,991.8,65.0,HEALTHY,replay,4.9,0.0
2025-01-13T15:00:00+00:00,AWS-DEL-103,20.0,991.1,57.0,False,,low,1.2,NORMAL,19.0,991.5,65.0,HEALTHY,replay,2.0,0.0
2025-01-13T16:00:00+00:00,AWS-DEL-103,19.1,990.8,64.0,False,,low,1.1,NORMAL,17.9,992.7,64.0,HEALTHY,replay,1.9,0.0
2025-01-13T17:00:00+00:00,AWS-DEL-103,16.8,990.8,77.0,False,,low,1.8,NORMAL,16.2,989.9,80.0,HEALTHY,replay,3.0,0.0
2025-01-13T18:00:00+00:00,AWS-DEL-103,15.4,991.5,83.0,False,,low,1.1,NORMAL,14.4,990.5,86.0,HEALTHY,replay,1.9,0.0
2025-01-13T19:00:00+00:00,AWS-DEL-103,14.6,991.9,87.0,False,,low,0.5,NORMAL,13.6,990.8,90.0,HEALTHY,replay,0.9,0.0
2025-01-13T20:00:00+00:00,AWS-DEL-103,14.0,992.0,89.0,False,,low,0.3,NORMAL,12.5,993.9,88.0,HEALTHY,replay,0.5,0.0
2025-01-13T21:00:00+00:00,AWS-DEL-103,13.4,992.5,90.0,False,,low,0.2,NORMAL,13.2,993.0,89.0,HEALTHY,replay,0.4,0.0
2025-01-13T22:00:00+00:00,AWS-DEL-103,12.7,992.3,91.0,False,,low,0.1,NORMAL,12.6,992.8,90.0,HEALTHY,replay,0.2,0.0
2025-01-13T23:00:00+00:00,AWS-DEL-103,12.1,992.0,93.0,False,,low,0.1,NORMAL,11.9,992.5,91.0,HEALTHY,replay,0.2,0.0
2025-01-14T00:00:00+00:00,AWS-DEL-103,11.6,991.6,93.0,False,,low,0.2,NORMAL,11.2,992.2,93.0,HEALTHY,replay,0.3,0.0
2025-01-14T01:00:00+00:00,AWS-DEL-103,11.1,991.4,94.0,False,,low,0.2,NORMAL,10.7,991.9,94.0,HEALTHY,replay,0.3,0.0
2025-01-14T02:00:00+00:00,AWS-DEL-103,10.7,991.1,95.0,False,,low,0.1,NORMAL,10.1,991.5,95.0,HEALTHY,replay,0.2,0.0
2025-01-14T03:00:00+00:00,AWS-DEL-103,10.2,990.8,95.0,False,,low,0.2,NORMAL,9.3,991.3,96.0,HEALTHY,replay,0.3,0.0
2025-01-14T04:00:00+00:00,AWS-DEL-103,9.8,990.8,96.0,False,,low,0.2,NORMAL,8.8,991.2,96.0,HEALTHY,replay,0.3,0.0
2025-01-14T05:00:00+00:00,AWS-DEL-103,9.3,991.0,96.0,False,,low,0.3,NORMAL,8.4,991.4,96.0,HEALTHY,replay,0.5,0.0
2025-01-14T06:00:00+00:00,AWS-DEL-103,9.4,992.5,97.0,False,,low,0.2,NORMAL,8.6,992.9,97.0,HEALTHY,replay,0.3,0.0
2025-01-14T07:00:00+00:00,AWS-DEL-103,8.7,993.1,97.0,False,,low,0.2,NORMAL,8.4,993.6,97.0,HEALTHY,replay,0.4,0.0
2025-01-14T08:00:00+00:00,AWS-DEL-103,10.3,994.0,95.0,False,,low,0.4,NORMAL,10.0,994.5,95.0,HEALTHY,replay,0.7,0.0
2025-01-14T09:00:00+00:00,AWS-DEL-103,12.2,995.2,88.0,False,,low,0.9,NORMAL,11.9,995.5,90.0,HEALTHY,replay,1.5,0.0
2025-01-14T10:00:00+00:00,AWS-DEL-103,14.3,995.8,78.0,False,,low,2.2,NORMAL,13.7,996.0,83.0,HEALTHY,replay,3.6,0.0
2025-01-14T11:00:00+00:00,AWS-DEL-103,16.2,995.4,70.0,False,,low,1.2,NORMAL,15.4,995.7,75.0,HEALTHY,replay,2.1,0.0
2025-01-14T12:00:00+00:00,AWS-DEL-103,17.5,994.6,66.0,False,,low,1.0,NORMAL,16.7,994.8,70.0,HEALTHY,replay,1.6,0.0
2025-01-14T13:00:00+00:00,AWS-DEL-103,18.4,993.7,63.0,False,,low,1.1,NORMAL,17.6,994.0,67.0,HEALTHY,replay,1.9,0.0
2025-01-14T14:00:00+00:00,AWS-DEL-103,18.9,993.0,60.0,False,,low,1.2,NORMAL,18.1,993.3,64.0,HEALTHY,replay,2.1,0.0
2025-01-14T15:00:00+00:00,AWS-DEL-103,18.9,992.8,60.0,False,,low,0.8,NORMAL,18.2,993.0,63.0,HEALTHY,replay,1.3,0.0
2025-01-14T16:00:00+00:00,AWS-DEL-103,18.4,992.7,63.0,False,,low,0.7,NORMAL,17.8,993.0,65.0,HEALTHY,replay,1.2,0.0
2025-01-14T17:00:00+00:00,AWS-DEL-103,15.7,992.6,78.0,False,,low,1.2,NORMAL,15.8,993.0,75.0,HEALTHY,replay,2.0,0.0
2025-01-14T18:00:00+00:00,AWS-DEL-103,14.3,993.3,84.0,False,,low,0.5,NORMAL,14.8,993.7,78.0,HEALTHY,replay,0.8,0.0
2025-01-14T19:00:00+00:00,AWS-DEL-103,13.1,993.5,88.0,False,,low,0.5,NORMAL,14.0,994.0,80.0,HEALTHY,replay,0.8,0.0
2025-01-14T20:00:00+00:00,AWS-DEL-103,12.0,993.9,92.0,False,,low,0.3,NORMAL,12.7,994.3,86.0,HEALTHY,replay,0.6,0.0
2025-01-14T21:00:00+00:00,AWS-DEL-103,11.4,994.0,95.0,False,,low,0.2,NORMAL,11.8,994.4,91.0,HEALTHY,replay,0.4,0.0
2025-01-14T22:00:00+00:00,AWS-DEL-103,10.5,994.4,96.0,False,,low,0.3,NORMAL,11.1,994.7,92.0,HEALTHY,replay,0.5,0.0
2025-01-14T23:00:00+00:00,AWS-DEL-103,9.9,994.1,99.0,False,,low,0.2,NORMAL,10.7,994.6,94.0,HEALTHY,replay,0.4,0.0
2025-01-15T00:00:00+00:00,AWS-DEL-103,9.4,993.9,100.0,False,,low,0.3,NORMAL,10.1,995.8,96.0,HEALTHY,replay,0.5,0.0
2025-01-15T01:00:00+00:00,AWS-DEL-103,9.1,993.8,100.0,False,,low,0.4,NORMAL,9.7,994.3,97.0,HEALTHY,replay,0.6,0.0
2025-01-15T02:00:00+00:00,AWS-DEL-103,8.9,993.5,100.0,False,,low,0.4,NORMAL,9.3,993.8,99.0,HEALTHY,replay,0.6,0.0
2025-01-15T03:00:00+00:00,AWS-DEL-103,8.2,993.6,100.0,False,,low,0.3,NORMAL,8.6,993.8,100.0,HEALTHY,replay,0.5,0.0
2025-01-15T04:00:00+00:00,AWS-DEL-103,7.5,993.6,99.0,False,,low,0.6,NORMAL,8.0,994.0,100.0,HEALTHY,replay,1.0,0.0
2025-01-15T05:00:00+00:00,AWS-DEL-103,8.1,993.9,98.0,False,,low,0.7,NORMAL,8.3,994.3,100.0,HEALTHY,replay,1.2,0.0
2025-01-15T06:00:00+00:00,AWS-DEL-103,8.0,994.8,99.0,False,,low,0.5,NORMAL,7.8,995.0,99.0,HEALTHY,replay,0.8,0.0
2025-01-15T07:00:00+00:00,AWS-DEL-103,8.1,995.6,98.0,False,,low,0.5,NORMAL,8.2,995.7,98.0,HEALTHY,replay,0.8,0.0
2025-01-15T08:00:00+00:00,AWS-DEL-103,8.5,996.3,97.0,False,,low,0.4,NORMAL,8.8,996.5,98.0,HEALTHY,replay,0.6,0.0
2025-01-15T09:00:00+00:00,AWS-DEL-103,10.6,997.0,96.0,False,,low,1.2,NORMAL,10.8,997.2,95.0,HEALTHY,replay,2.0,0.0
2025-01-15T10:00:00+00:00,AWS-DEL-103,12.3,997.4,94.0,False,,low,1.1,NORMAL,12.6,997.5,94.0,HEALTHY,replay,1.8,0.0
2025-01-15T11:00:00+00:00,AWS-DEL-103,14.7,996.7,87.0,False,,low,1.7,NORMAL,15.8,996.9,83.0,HEALTHY,replay,2.9,0.0
2025-01-15T12:00:00+00:00,AWS-DEL-103,17.4,995.3,74.0,False,,low,4.0,NORMAL,17.8,995.4,73.0,HEALTHY,replay,6.7,0.0
2025-01-15T13:00:00+00:00,AWS-DEL-103,18.4,993.8,66.0,False,,low,6.5,NORMAL,18.3,993.9,66.0,HEALTHY,replay,10.8,0.0
2025-01-15T14:00:00+00:00,AWS-DEL-103,18.9,992.7,62.0,False,,low,6.4,NORMAL,18.5,992.8,64.0,HEALTHY,replay,10.7,0.0
2025-01-15T15:00:00+00:00,AWS-DEL-103,18.9,992.4,62.0,False,,low,1.8,NORMAL,18.4,992.6,65.0,HEALTHY,replay,3.1,0.0
2025-01-15T16:00:00+00:00,AWS-DEL-103,18.4,992.0,65.0,False,,low,0.9,NORMAL,18.0,992.3,67.0,HEALTHY,replay,1.4,0.0
2025-01-15T17:00:00+00:00,AWS-DEL-103,16.0,991.8,79.0,False,,low,1.3,NORMAL,16.1,992.0,78.0,HEALTHY,replay,2.1,0.0
2025-01-15T18:00:00+00:00,AWS-DEL-103,13.4,992.9,86.0,False,,low,1.0,NORMAL,13.5,993.4,85.0,HEALTHY,replay,1.6,0.0
2025-01-15T19:00:00+00:00,AWS-DEL-103,13.0,993.8,89.0,False,,low,0.5,NORMAL,13.3,993.8,86.0,HEALTHY,replay,0.8,0.0
2025-01-15T20:00:00+00:00,AWS-DEL-103,12.9,993.8,90.0,False,,low,0.1,NORMAL,12.9,994.1,89.0,HEALTHY,replay,0.2,0.0
2025-01-15T21:00:00+00:00,AWS-DEL-103,12.7,994.6,91.0,False,,low,0.1,NORMAL,12.5,994.4,90.0,HEALTHY,replay,0.2,0.0
2025-01-15T22:00:00+00:00,AWS-DEL-103,12.4,994.5,90.0,False,,low,0.1,NORMAL,12.4,994.5,91.0,HEALTHY,replay,0.2,0.0
2025-01-15T23:00:00+00:00,AWS-DEL-103,11.6,993.4,93.0,False,,low,0.2,NORMAL,12.2,993.9,93.0,HEALTHY,replay,0.3,0.0
2025-01-16T00:00:00+00:00,AWS-DEL-103,11.6,993.8,93.0,False,,low,0.2,NORMAL,11.5,993.8,94.0,HEALTHY,replay,0.4,0.0
2025-01-16T01:00:00+00:00,AWS-DEL-103,11.2,993.6,93.0,False,,low,0.2,NORMAL,11.1,993.7,95.0,HEALTHY,replay,0.3,0.0
2025-01-16T02:00:00+00:00,AWS-DEL-103,10.7,993.2,96.0,False,,low,0.1,NORMAL,10.6,993.3,97.0,HEALTHY,replay,0.2,0.0
2025-01-16T03:00:00+00:00,AWS-DEL-103,10.7,992.9,96.0,False,,low,0.3,NORMAL,11.4,993.1,95.0,HEALTHY,replay,0.5,0.0
2025-01-16T04:00:00+00:00,AWS-DEL-103,10.7,992.9,97.0,False,,low,0.6,NORMAL,11.6,993.1,95.0,HEALTHY,replay,0.9,0.0
2025-01-16T05:00:00+00:00,AWS-DEL-103,10.6,993.2,97.0,False,,low,0.4,NORMAL,11.6,993.3,94.0,HEALTHY,replay,0.7,0.0
2025-01-16T06:00:00+00:00,AWS-DEL-103,11.9,994.3,96.0,False,,low,1.5,NORMAL,12.0,994.5,95.0,HEALTHY,replay,2.5,0.0
2025-01-16T07:00:00+00:00,AWS-DEL-103,12.1,995.2,95.0,False,,low,1.6,NORMAL,12.1,995.3,94.0,HEALTHY,replay,2.7,0.0
2025-01-16T08:00:00+00:00,AWS-DEL-103,12.6,995.7,95.0,False,,low,1.2,NORMAL,12.6,995.9,93.0,HEALTHY,replay,2.1,0.0
2025-01-16T09:00:00+00:00,AWS-DEL-103,13.7,996.9,88.0,False,,low,3.3,NORMAL,13.3,996.9,92.0,HEALTHY,replay,5.5,0.0
2025-01-16T10:00:00+00:00,AWS-DEL-103,14.4,997.1,77.0,False,,low,4.4,NORMAL,15.1,997.5,84.0,HEALTHY,replay,7.3,0.0
2025-01-16T11:00:00+00:00,AWS-DEL-103,16.3,997.0,66.0,False,,low,8.1,NORMAL,16.7,997.1,71.0,HEALTHY,replay,13.5,0.0
2025-01-16T12:00:00+00:00,AWS-DEL-103,17.6,996.2,61.0,False,,low,2.2,NORMAL,17.3,996.3,68.0,HEALTHY,replay,3.6,0.0
2025-01-16T13:00:00+00:00,AWS-DEL-103,18.4,995.1,59.0,False,,low,2.0,NORMAL,17.7,995.4,65.0,HEALTHY,replay,3.4,0.0
2025-01-16T14:00:00+00:00,AWS-DEL-103,18.9,994.5,57.0,False,,low,1.2,NORMAL,18.2,994.8,63.0,HEALTHY,replay,1.9,0.0
2025-01-16T15:00:00+00:00,AWS-DEL-103,18.9,994.3,57.0,False,,low,0.8,NORMAL,18.2,994.8,62.0,HEALTHY,replay,1.3,0.0
2025-01-16T16:00:00+00:00,AWS-DEL-103,18.1,994.3,59.0,False,,low,1.2,NORMAL,17.8,994.7,63.0,HEALTHY,replay,2.0,0.0
2025-01-16T17:00:00+00:00,AWS-DEL-103,16.1,994.5,68.0,False,,low,1.0,NORMAL,16.7,994.8,73.0,HEALTHY,replay,1.6,0.0
2025-01-16T18:00:00+00:00,AWS-DEL-103,14.8,995.6,84.0,False,,low,7.1,NORMAL,14.5,995.8,80.0,HEALTHY,replay,11.9,0.0
2025-01-16T19:00:00+00:00,AWS-DEL-103,14.2,996.2,87.0,False,,low,1.0,NORMAL,13.8,996.4,83.0,HEALTHY,replay,1.7,0.0
2025-01-16T20:00:00+00:00,AWS-DEL-103,13.1,996.8,89.0,False,,low,0.5,NORMAL,13.0,997.1,85.0,HEALTHY,replay,0.9,0.0
2025-01-16T21:00:00+00:00,AWS-DEL-103,12.0,997.1,90.0,False,,low,0.5,NORMAL,12.2,997.5,86.0,HEALTHY,replay,0.8,0.0
2025-01-16T22:00:00+00:00,AWS-DEL-103,11.6,997.0,89.0,False,,low,0.3,NORMAL,11.5,997.5,88.0,HEALTHY,replay,0.5,0.0
2025-01-16T23:00:00+00:00,AWS-DEL-103,11.1,996.7,91.0,False,,low,0.2,NORMAL,10.7,997.2,89.0,HEALTHY,replay,0.3,0.0
2025-01-17T00:00:00+00:00,AWS-DEL-103,10.8,996.3,92.0,False,,low,0.2,NORMAL,10.3,996.7,91.0,HEALTHY,replay,0.3,0.0
2025-01-17T01:00:00+00:00,AWS-DEL-103,10.6,995.7,92.0,False,,low,0.2,NORMAL,10.2,996.2,92.0,HEALTHY,replay,0.3,0.0
2025-01-17T02:00:00+00:00,AWS-DEL-103,10.4,995.3,92.0,False,,low,0.2,NORMAL,9.8,995.8,93.0,HEALTHY,replay,0.3,0.0
2025-01-17T03:00:00+00:00,AWS-DEL-103,10.2,995.1,93.0,False,,low,0.2,NORMAL,9.8,995.5,93.0,HEALTHY,replay,0.3,0.0
2025-01-17T04:00:00+00:00,AWS-DEL-103,9.9,994.8,93.0,False,,low,0.2,NORMAL,9.3,995.2,94.0,HEALTHY,replay,0.3,0.0
2025-01-17T05:00:00+00:00,AWS-DEL-103,9.5,994.9,93.0,False,,low,0.4,NORMAL,9.2,995.4,93.0,HEALTHY,replay,0.7,0.0
2025-01-17T06:00:00+00:00,AWS-DEL-103,9.8,995.6,95.0,False,,low,0.5,NORMAL,9.3,995.9,96.0,HEALTHY,replay,0.9,0.0
2025-01-17T07:00:00+00:00,AWS-DEL-103,9.5,995.8,95.0,False,,low,0.5,NORMAL,9.2,996.3,95.0,HEALTHY,replay,0.8,0.0
2025-01-17T08:00:00+00:00,AWS-DEL-103,10.8,996.3,91.0,False,,low,0.4,NORMAL,10.7,996.9,92.0,HEALTHY,replay,0.7,0.0
2025-01-17T09:00:00+00:00,AWS-DEL-103,12.9,997.2,84.0,False,,low,0.9,NORMAL,12.4,997.6,87.0,HEALTHY,replay,1.4,0.0
2025-01-17T10:00:00+00:00,AWS-DEL-103,15.1,997.2,75.0,False,,low,1.9,NORMAL,14.3,997.7,81.0,HEALTHY,replay,3.1,0.0
2025-01-17T11:00:00+00:00,AWS-DEL-103,17.2,996.1,68.0,False,,low,3.8,NORMAL,16.2,996.7,74.0,HEALTHY,replay,6.3,0.0
2025-01-17T12:00:00+00:00,AWS-DEL-103,18.7,994.7,61.0,False,,low,7.0,NORMAL,17.6,995.2,67.0,HEALTHY,replay,11.7,0.0
2025-01-17T13:00:00+00:00,AWS-DEL-103,19.5,993.3,56.0,False,,low,11.6,NORMAL,18.5,993.8,60.0,HEALTHY,replay,19.3,0.0
2025-01-17T14:00:00+00:00,AWS-DEL-103,19.8,992.2,53.0,False,,low,13.0,NORMAL,18.9,992.8,58.0,HEALTHY,replay,21.6,0.0
2025-01-17T15:00:00+00:00,AWS-DEL-103,19.4,991.9,53.0,False,,low,2.5,NORMAL,18.8,992.4,58.0,HEALTHY,replay,4.2,0.0
2025-01-17T16:00:00+00:00,AWS-DEL-103,18.5,991.7,58.0,False,,low,1.2,NORMAL,18.0,992.2,61.0,HEALTHY,replay,1.9,0.0
2025-01-17T17:00:00+00:00,AWS-DEL-103,16.3,991.7,69.0,False,,low,1.6,NORMAL,15.8,992.61,71.0,HEALTHY,replay,2.6,0.0
2025-01-17T18:00:00+00:00,AWS-DEL-103,14.3,992.6,77.0,False,,low,1.4,NORMAL,13.2,994.01,81.0,HEALTHY,replay,2.3,0.0
2025-01-17T19:00:00+00:00,AWS-DEL-103,13.3,992.9,81.0,False,,low,0.7,NORMAL,12.5,994.6,83.0,HEALTHY,replay,1.2,0.0
2025-01-17T20:00:00+00:00,AWS-DEL-103,12.3,993.2,86.0,False,,low,0.8,NORMAL,11.7,995.0,86.0,HEALTHY,replay,1.4,0.0
2025-01-17T21:00:00+00:00,AWS-DEL-103,11.6,993.2,89.0,False,,low,0.5,NORMAL,10.8,995.1,88.0,HEALTHY,replay,0.8,0.0
2025-01-17T22:00:00+00:00,AWS-DEL-103,10.6,993.2,92.0,False,,low,0.6,NORMAL,10.1,995.2,89.0,HEALTHY,replay,1.1,0.0
2025-01-17T23:00:00+00:00,AWS-DEL-103,9.9,993.2,94.0,False,,low,0.5,NORMAL,9.5,995.2,92.0,HEALTHY,replay,0.9,0.0
2025-01-18T00:00:00+00:00,AWS-DEL-103,9.6,993.1,96.0,False,,low,0.6,NORMAL,8.9,995.1,94.0,HEALTHY,replay,1.0,0.0
2025-01-18T01:00:00+00:00,AWS-DEL-103,8.7,992.4,97.0,False,,low,0.8,NORMAL,8.6,994.4,96.0,HEALTHY,replay,1.3,0.0
2025-01-18T02:00:00+00:00,AWS-DEL-103,7.7,991.8,98.0,False,,low,0.9,NORMAL,8.1,993.8,97.0,HEALTHY,replay,1.5,0.0
2025-01-18T03:00:00+00:00,AWS-DEL-103,7.8,991.7,98.0,False,,low,0.7,NORMAL,7.4,993.7,99.0,HEALTHY,replay,1.2,0.0
2025-01-18T04:00:00+00:00,AWS-DEL-103,7.7,992.0,99.0,False,,low,0.7,NORMAL,7.0,993.8,100.0,HEALTHY,replay,1.2,0.0
2025-01-18T05:00:00+00:00,AWS-DEL-103,8.0,992.3,99.0,False,,low,1.0,NORMAL,7.1,994.1,99.0,HEALTHY,replay,1.7,0.0
2025-01-18T06:00:00+00:00,AWS-DEL-103,9.9,993.2,100.0,False,,low,1.9,NORMAL,9.4,995.0,99.0,HEALTHY,replay,3.1,0.0
2025-01-18T07:00:00+00:00,AWS-DEL-103,9.9,994.1,99.0,False,,low,0.5,NORMAL,9.6,996.0,99.0,HEALTHY,replay,0.9,0.0
2025-01-18T08:00:00+00:00,AWS-DEL-103,10.2,995.2,98.0,False,,low,0.9,NORMAL,9.9,997.1,99.0,HEALTHY,replay,1.5,0.0
2025-01-18T09:00:00+00:00,AWS-DEL-103,10.8,996.0,96.0,False,,low,1.1,NORMAL,10.7,998.0,97.0,HEALTHY,replay,1.8,0.0
2025-01-18T10:00:00+00:00,AWS-DEL-103,12.8,996.1,86.0,False,,low,1.8,NORMAL,12.7,998.0,89.0,HEALTHY,replay,3.0,0.0
2025-01-18T11:00:00+00:00,AWS-DEL-103,14.6,995.0,80.0,False,,low,1.4,NORMAL,14.0,996.9,84.0,HEALTHY,replay,2.4,0.0
2025-01-18T12:00:00+00:00,AWS-DEL-103,16.0,993.7,76.0,False,,low,3.3,NORMAL,15.6,995.5,77.39,HEALTHY,replay,5.5,0.0
2025-01-18T13:00:00+00:00,AWS-DEL-103,17.7,992.6,67.0,False,,low,2.6,NORMAL,17.1,994.5,69.0,HEALTHY,replay,4.4,0.0
2025-01-18T14:00:00+00:00,AWS-DEL-103,18.6,991.9,61.0,False,,low,2.9,NORMAL,17.8,993.9,64.0,HEALTHY,replay,4.8,0.0
2025-01-18T15:00:00+00:00,AWS-DEL-103,18.6,991.4,60.0,False,,low,2.3,NORMAL,17.8,993.2,61.0,HEALTHY,replay,3.9,0.0
2025-01-18T16:00:00+00:00,AWS-DEL-103,18.0,990.7,62.0,False,,low,1.0,NORMAL,17.6,992.7,63.0,HEALTHY,replay,1.7,0.0
2025-01-18T17:00:00+00:00,AWS-DEL-103,15.2,990.5,77.0,False,,low,2.5,NORMAL,15.4,992.5,74.32,HEALTHY,replay,4.2,0.0
2025-01-18T18:00:00+00:00,AWS-DEL-103,13.7,991.2,86.0,False,,low,3.3,NORMAL,14.2,993.3,81.71,HEALTHY,replay,5.5,0.0
2025-01-18T19:00:00+00:00,AWS-DEL-103,12.9,991.4,89.0,False,,low,0.9,NORMAL,14.0,993.3,84.1,HEALTHY,replay,1.5,0.0
2025-01-18T20:00:00+00:00,AWS-DEL-103,11.2,991.3,93.0,False,,low,1.5,NORMAL,12.5,991.9,87.48,HEALTHY,replay,2.5,0.0
2025-01-18T21:00:00+00:00,AWS-DEL-103,10.3,991.4,96.0,False,,low,1.0,NORMAL,11.5,991.9,90.87,HEALTHY,replay,1.7,0.0
2025-01-18T22:00:00+00:00,AWS-DEL-103,9.8,991.7,97.0,False,,low,0.5,NORMAL,10.5,992.0,96.26,HEALTHY,replay,0.9,0.0
2025-01-18T23:00:00+00:00,AWS-DEL-103,9.4,991.7,96.0,False,,low,0.5,NORMAL,9.9,992.0,100.0,HEALTHY,replay,0.8,0.0
2025-01-19T00:00:00+00:00,AWS-DEL-103,9.0,991.5,97.0,False,,low,0.5,NORMAL,9.3,991.9,100.0,HEALTHY,replay,0.8,0.0
2025-01-19T01:00:00+00:00,AWS-DEL-103,8.8,991.5,99.0,False,,low,0.6,NORMAL,8.8,991.8,99.0,HEALTHY,replay,1.0,0.0
2025-01-19T02:00:00+00:00,AWS-DEL-103,8.4,991.1,100.0,False,,low,0.6,NORMAL,8.4,991.4,100.0,HEALTHY,replay,1.0,0.0
2025-01-19T03:00:00+00:00,AWS-DEL-103,8.6,991.1,100.0,False,,low,0.4,NORMAL,8.2,991.2,100.0,HEALTHY,replay,0.7,0.0
2025-01-19T04:00:00+00:00,AWS-DEL-103,8.2,990.8,100.0,False,,low,0.4,NORMAL,8.3,991.2,100.0,HEALTHY,replay,0.6,0.0
2025-01-19T05:00:00+00:00,AWS-DEL-103,8.2,991.1,99.0,False,,low,0.4,NORMAL,8.2,991.3,100.0,HEALTHY,replay,0.7,0.0
2025-01-19T06:00:00+00:00,AWS-DEL-103,9.1,991.6,100.0,False,,low,0.8,NORMAL,9.3,992.0,100.0,HEALTHY,replay,1.4,0.0
2025-01-19T07:00:00+00:00,AWS-DEL-103,9.3,992.5,99.0,False,,low,0.3,NORMAL,9.4,992.7,100.0,HEALTHY,replay,0.6,0.0
2025-01-19T08:00:00+00:00,AWS-DEL-103,10.2,993.2,97.0,False,,low,0.3,NORMAL,10.3,993.3,98.0,HEALTHY,replay,0.5,0.0
2025-01-19T09:00:00+00:00,AWS-DEL-103,10.8,994.0,98.0,False,,low,0.4,NORMAL,12.3,994.2,95.0,HEALTHY,replay,0.7,0.0
2025-01-19T10:00:00+00:00,AWS-DEL-103,13.1,994.5,97.0,False,,low,0.7,NORMAL,14.3,994.6,91.0,HEALTHY,replay,1.1,0.0
2025-01-19T11:00:00+00:00,AWS-DEL-103,15.8,994.1,87.0,False,,low,1.6,NORMAL,16.7,994.3,81.0,HEALTHY,replay,2.7,0.0
2025-01-19T12:00:00+00:00,AWS-DEL-103,19.0,993.2,71.0,False,,low,16.3,NORMAL,19.2,993.4,70.0,HEALTHY,replay,27.2,0.0
2025-01-19T13:00:00+00:00,AWS-DEL-103,20.8,991.9,62.0,False,,low,11.0,NORMAL,20.8,992.1,63.0,HEALTHY,replay,18.4,0.0
2025-01-19T14:00:00+00:00,AWS-DEL-103,21.8,991.0,59.0,False,,low,9.2,NORMAL,21.6,991.2,62.0,HEALTHY,replay,15.4,0.0
2025-01-19T15:00:00+00:00,AWS-DEL-103,22.0,990.2,59.0,False,,low,9.7,NORMAL,21.7,990.6,63.0,HEALTHY,replay,16.2,0.0
2025-01-19T16:00:00+00:00,AWS-DEL-103,21.2,989.9,65.0,False,,low,3.9,NORMAL,20.8,990.2,69.0,HEALTHY,replay,6.4,0.0
2025-01-19T17:00:00+00:00,AWS-DEL-103,18.3,989.5,78.0,False,,low,7.9,NORMAL,18.7,989.9,81.0,HEALTHY,replay,13.2,0.0
2025-01-19T18:00:00+00:00,AWS-DEL-103,17.4,990.0,83.0,False,,low,1.9,NORMAL,17.7,990.4,84.0,HEALTHY,replay,3.2,0.0
2025-01-19T19:00:00+00:00,AWS-DEL-103,16.5,989.9,84.0,False,,low,1.1,NORMAL,17.0,990.4,87.0,HEALTHY,replay,1.8,0.0
2025-01-19T20:00:00+00:00,AWS-DEL-103,15.5,990.3,87.0,False,,low,0.8,NORMAL,16.3,990.8,89.0,HEALTHY,replay,1.3,0.0
2025-01-19T21:00:00+00:00,AWS-DEL-103,14.6,990.3,88.0,False,,low,0.8,NORMAL,15.3,990.9,92.0,HEALTHY,replay,1.4,0.0
2025-01-19T22:00:00+00:00,AWS-DEL-103,13.9,990.2,90.0,False,,low,1.2,NORMAL,14.5,990.8,96.0,HEALTHY,replay,1.9,0.0
2025-01-19T23:00:00+00:00,AWS-DEL-103,14.0,990.0,90.0,False,,low,1.5,NORMAL,13.9,990.5,100.0,HEALTHY,replay,2.5,0.0
2025-01-20T00:00:00+00:00,AWS-DEL-103,13.8,989.7,91.0,False,,low,1.9,NORMAL,13.5,990.1,100.0,HEALTHY,replay,3.2,0.0
2025-01-20T01:00:00+00:00,AWS-DEL-103,13.5,989.2,91.0,False,,low,1.6,NORMAL,13.1,989.6,100.0,HEALTHY,replay,2.7,0.0
2025-01-20T02:00:00+00:00,AWS-DEL-103,13.1,988.8,92.0,False,,low,1.1,NORMAL,12.7,989.3,100.0,HEALTHY,replay,1.8,0.0
2025-01-20T03:00:00+00:00,AWS-DEL-103,12.7,988.7,92.0,False,,low,1.0,NORMAL,12.4,989.2,100.0,HEALTHY,replay,1.6,0.0
2025-01-20T04:00:00+00:00,AWS-DEL-103,12.4,988.4,93.0,False,,low,1.1,NORMAL,12.0,988.9,100.0,HEALTHY,replay,1.8,0.0
2025-01-20T05:00:00+00:00,AWS-DEL-103,12.2,988.5,94.0,False,,low,0.9,NORMAL,12.2,989.0,100.0,HEALTHY,replay,1.4,0.0
2025-01-20T06:00:00+00:00,AWS-DEL-103,12.3,989.4,93.0,False,,low,0.9,NORMAL,12.0,990.0,100.0,HEALTHY,replay,1.5,0.0
2025-01-20T07:00:00+00:00,AWS-DEL-103,12.1,990.1,94.0,False,,low,0.6,NORMAL,11.7,990.6,100.0,HEALTHY,replay,1.1,0.0
2025-01-20T08:00:00+00:00,AWS-DEL-103,13.4,990.7,90.0,False,,low,1.2,NORMAL,12.6,991.2,98.0,HEALTHY,replay,2.0,0.0
2025-01-20T09:00:00+00:00,AWS-DEL-103,15.4,991.6,84.0,False,,low,3.7,NORMAL,14.4,992.0,97.0,HEALTHY,replay,6.2,0.0
2025-01-20T10:00:00+00:00,AWS-DEL-103,17.7,992.0,77.0,False,,low,4.7,NORMAL,16.5,992.4,92.0,HEALTHY,replay,7.8,0.0
2025-01-20T11:00:00+00:00,AWS-DEL-103,19.9,991.7,69.0,False,,low,5.3,NORMAL,18.5,992.3,77.0,HEALTHY,replay,8.8,0.0
2025-01-20T12:00:00+00:00,AWS-DEL-103,21.4,991.0,65.0,False,,low,2.1,NORMAL,20.1,991.5,72.0,HEALTHY,replay,3.4,0.0
2025-01-20T13:00:00+00:00,AWS-DEL-103,22.3,989.9,63.0,False,,low,1.9,NORMAL,21.2,990.5,70.0,HEALTHY,replay,3.1,0.0
2025-01-20T14:00:00+00:00,AWS-DEL-103,22.7,989.2,60.0,False,,low,1.3,NORMAL,21.9,989.6,66.0,HEALTHY,replay,2.2,0.0
2025-01-20T15:00:00+00:00,AWS-DEL-103,22.5,988.6,58.0,False,,low,1.6,NORMAL,21.9,989.0,65.0,HEALTHY,replay,2.6,0.0
2025-01-20T16:00:00+00:00,AWS-DEL-103,21.6,988.4,64.0,False,,low,0.6,NORMAL,21.4,988.8,68.0,HEALTHY,replay,1.0,0.0
2025-01-20T17:00:00+00:00,AWS-DEL-103,19.5,988.1,74.0,False,,low,1.7,NORMAL,19.0,988.7,77.0,HEALTHY,replay,2.9,0.0
2025-01-20T18:00:00+00:00,AWS-DEL-103,18.3,988.3,82.0,False,,low,1.1,NORMAL,17.8,988.9,81.0,HEALTHY,replay,1.8,0.0
2025-01-20T19:00:00+00:00,AWS-DEL-103,17.4,988.6,87.0,False,,low,0.4,NORMAL,16.6,989.2,84.0,HEALTHY,replay,0.6,0.0
2025-01-20T20:00:00+00:00,AWS-DEL-103,16.8,989.0,89.0,False,,low,0.2,NORMAL,16.0,989.39,88.0,HEALTHY,replay,0.4,0.0
2025-01-20T21:00:00+00:00,AWS-DEL-103,16.2,989.2,91.0,False,,low,0.2,NORMAL,15.6,989.71,90.0,HEALTHY,replay,0.3,0.0
2025-01-20T22:00:00+00:00,AWS-DEL-103,15.7,989.4,91.0,False,,low,0.2,NORMAL,15.4,990.03,93.0,HEALTHY,replay,0.3,0.0
2025-01-20T23:00:00+00:00,AWS-DEL-103,15.1,989.2,91.0,False,,low,0.2,NORMAL,15.0,989.7,90.0,HEALTHY,replay,0.3,0.0
2025-01-21T00:00:00+00:00,AWS-DEL-103,14.4,988.6,92.0,False,,low,0.3,NORMAL,14.2,989.1,91.0,HEALTHY,replay,0.4,0.0
2025-01-21T01:00:00+00:00,AWS-DEL-103,13.9,988.5,92.0,False,,low,0.2,NORMAL,14.0,989.0,91.0,HEALTHY,replay,0.3,0.0
2025-01-21T02:00:00+00:00,AWS-DEL-103,13.5,988.1,92.0,False,,low,0.2,NORMAL,13.5,988.5,91.0,HEALTHY,replay,0.3,0.0
2025-01-21T03:00:00+00:00,AWS-DEL-103,13.1,987.9,92.0,False,,low,0.2,NORMAL,12.7,988.4,91.0,HEALTHY,replay,0.3,0.0
2025-01-21T04:00:00+00:00,AWS-DEL-103,12.7,987.5,92.0,False,,low,0.2,NORMAL,12.3,988.0,91.0,HEALTHY,replay,0.3,0.0
2025-01-21T05:00:00+00:00,AWS-DEL-103,12.2,987.5,92.0,False,,low,0.2,NORMAL,11.8,987.9,92.0,HEALTHY,replay,0.4,0.0
2025-01-21T06:00:00+00:00,AWS-DEL-103,11.7,988.0,91.0,False,,low,0.3,NORMAL,11.3,988.5,90.0,HEALTHY,replay,0.5,0.0
2025-01-21T07:00:00+00:00,AWS-DEL-103,11.4,988.6,91.0,False,,low,0.2,NORMAL,11.0,989.1,91.0,HEALTHY,replay,0.4,0.0
2025-01-21T08:00:00+00:00,AWS-DEL-103,12.9,989.5,85.0,False,,low,0.3,NORMAL,12.4,990.1,87.0,HEALTHY,replay,0.4,0.0
2025-01-21T09:00:00+00:00,AWS-DEL-103,15.0,990.3,79.0,False,,low,0.6,NORMAL,14.2,990.6,84.0,HEALTHY,replay,1.0,0.0
2025-01-21T10:00:00+00:00,AWS-DEL-103,17.3,990.8,70.0,False,,low,1.2,NORMAL,16.6,991.2,75.0,HEALTHY,replay,2.0,0.0
2025-01-21T11:00:00+00:00,AWS-DEL-103,19.3,990.5,63.0,False,,low,1.9,NORMAL,18.7,991.0,68.0,HEALTHY,replay,3.2,0.0
2025-01-21T12:00:00+00:00,AWS-DEL-103,20.9,989.5,56.0,False,,low,2.9,NORMAL,20.3,989.9,62.0,HEALTHY,replay,4.8,0.0
2025-01-21T13:00:00+00:00,AWS-DEL-103,21.9,988.5,53.0,False,,low,3.4,NORMAL,21.4,988.9,56.0,HEALTHY,replay,5.6,0.0
2025-01-21T14:00:00+00:00,AWS-DEL-103,22.3,987.8,51.0,False,,low,2.8,NORMAL,21.9,988.3,54.0,HEALTHY,replay,4.6,0.0
2025-01-21T15:00:00+00:00,AWS-DEL-103,22.1,987.2,53.0,False,,low,1.5,NORMAL,21.7,987.7,54.0,HEALTHY,replay,2.5,0.0
2025-01-21T16:00:00+00:00,AWS-DEL-103,21.1,986.9,58.0,False,,low,1.2,NORMAL,20.9,987.4,60.0,HEALTHY,replay,2.0,0.0
2025-01-21T17:00:00+00:00,AWS-DEL-103,19.1,986.7,66.0,False,,low,1.1,NORMAL,18.3,987.2,70.0,HEALTHY,replay,1.9,0.0
2025-01-21T18:00:00+00:00,AWS-DEL-103,17.6,987.0,73.0,False,,low,0.7,NORMAL,17.0,987.4,75.0,HEALTHY,replay,1.1,0.0
2025-01-21T19:00:00+00:00,AWS-DEL-103,16.6,987.5,79.0,False,,low,0.3,NORMAL,15.7,987.4,80.0,HEALTHY,replay,0.5,0.0
2025-01-21T20:00:00+00:00,AWS-DEL-103,15.8,988.1,82.0,False,,low,0.2,NORMAL,15.1,988.6,82.0,HEALTHY,replay,0.3,0.0
2025-01-21T21:00:00+00:00,AWS-DEL-103,15.1,988.4,84.0,False,,low,0.1,NORMAL,14.5,989.0,83.0,HEALTHY,replay,0.2,0.0
2025-01-21T22:00:00+00:00,AWS-DEL-103,14.4,988.4,86.0,False,,low,0.1,NORMAL,13.8,988.8,85.0,HEALTHY,replay,0.2,0.0
2025-01-21T23:00:00+00:00,AWS-DEL-103,13.7,988.2,88.0,False,,low,0.1,NORMAL,13.2,988.6,85.0,HEALTHY,replay,0.2,0.0
2025-01-22T00:00:00+00:00,AWS-DEL-103,13.1,988.1,90.0,False,,low,0.1,NORMAL,12.6,988.3,86.0,HEALTHY,replay,0.2,0.0
2025-01-22T01:00:00+00:00,AWS-DEL-103,12.6,987.9,92.0,False,,low,0.2,NORMAL,12.0,988.3,89.0,HEALTHY,replay,0.3,0.0
2025-01-22T02:00:00+00:00,AWS-DEL-103,12.2,987.6,93.0,False,,low,0.2,NORMAL,11.7,987.9,91.0,HEALTHY,replay,0.3,0.0
2025-01-22T03:00:00+00:00,AWS-DEL-103,11.9,987.3,93.0,False,,low,0.2,NORMAL,11.2,987.6,93.0,HEALTHY,replay,0.3,0.0
2025-01-22T04:00:00+00:00,AWS-DEL-103,11.4,986.9,93.0,False,,low,0.2,NORMAL,10.7,987.3,93.0,HEALTHY,replay,0.4,0.0
2025-01-22T05:00:00+00:00,AWS-DEL-103,10.7,987.1,94.0,False,,low,0.2,NORMAL,10.4,987.4,93.0,HEALTHY,replay,0.3,0.0
2025-01-22T06:00:00+00:00,AWS-DEL-103,10.5,987.7,95.0,False,,low,0.1,NORMAL,10.0,988.2,94.0,HEALTHY,replay,0.2,0.0
2025-01-22T07:00:00+00:00,AWS-DEL-103,10.3,988.4,95.0,False,,low,0.1,NORMAL,10.0,988.7,94.0,HEALTHY,replay,0.2,0.0
2025-01-22T08:00:00+00:00,AWS-DEL-103,12.1,989.1,91.0,False,,low,0.3,NORMAL,11.9,989.5,91.0,HEALTHY,replay,0.5,0.0
2025-01-22T09:00:00+00:00,AWS-DEL-103,14.6,989.9,85.0,False,,low,0.4,NORMAL,14.3,990.2,85.0,HEALTHY,replay,0.6,0.0
2025-01-22T10:00:00+00:00,AWS-DEL-103,17.3,990.3,74.0,False,,low,1.3,NORMAL,16.9,990.6,76.0,HEALTHY,replay,2.2,0.0
2025-01-22T11:00:00+00:00,AWS-DEL-103,19.9,990.0,66.0,False,,low,1.7,NORMAL,19.3,990.3,68.0,HEALTHY,replay,2.8,0.0
2025-01-22T12:00:00+00:00,AWS-DEL-103,21.8,989.1,57.0,False,,low,3.7,NORMAL,21.2,989.4,58.0,HEALTHY,replay,6.2,0.0
2025-01-22T13:00:00+00:00,AWS-DEL-103,22.9,987.9,49.0,False,,low,7.5,NORMAL,22.3,988.3,49.0,HEALTHY,replay,12.5,0.0
2025-01-22T14:00:00+00:00,AWS-DEL-103,23.3,987.2,45.0,False,,low,3.9,NORMAL,22.8,987.6,45.0,HEALTHY,replay,6.4,0.0
2025-01-22T15:00:00+00:00,AWS-DEL-103,23.2,986.8,45.0,False,,low,1.7,NORMAL,22.8,987.1,45.0,HEALTHY,replay,2.9,0.0
2025-01-22T16:00:00+00:00,AWS-DEL-103,22.3,986.5,55.0,False,,low,1.8,NORMAL,22.0,986.9,60.0,HEALTHY,replay,2.9,0.0
2025-01-22T17:00:00+00:00,AWS-DEL-103,19.6,986.4,66.0,False,,low,1.3,NORMAL,20.0,986.8,65.0,HEALTHY,replay,2.1,0.0
2025-01-22T18:00:00+00:00,AWS-DEL-103,17.8,987.2,66.0,False,,low,1.0,NORMAL,18.6,987.6,67.0,HEALTHY,replay,1.6,0.0
2025-01-22T19:00:00+00:00,AWS-DEL-103,16.4,987.6,73.0,False,,low,0.4,NORMAL,17.8,988.1,73.0,HEALTHY,replay,0.6,0.0
2025-01-22T20:00:00+00:00,AWS-DEL-103,15.5,988.4,79.0,False,,low,0.4,NORMAL,16.8,988.7,76.0,HEALTHY,replay,0.6,0.0
2025-01-22T21:00:00+00:00,AWS-DEL-103,14.9,988.6,81.0,False,,low,0.2,NORMAL,16.0,989.0,77.0,HEALTHY,replay,0.3,0.0
2025-01-22T22:00:00+00:00,AWS-DEL-103,14.3,988.6,83.0,False,,low,0.1,NORMAL,15.4,989.0,79.0,HEALTHY,replay,0.2,0.0
2025-01-22T23:00:00+00:00,AWS-DEL-103,14.2,988.6,84.0,False,,low,0.2,NORMAL,14.7,989.1,83.0,HEALTHY,replay,0.3,0.0
2025-01-23T00:00:00+00:00,AWS-DEL-103,14.1,988.7,84.0,False,,low,0.2,NORMAL,14.4,989.4,85.0,HEALTHY,replay,0.4,0.0
2025-01-23T01:00:00+00:00,AWS-DEL-103,14.1,989.3,89.0,False,,low,0.4,NORMAL,14.9,989.4,86.0,HEALTHY,replay,0.6,0.0
2025-01-23T02:00:00+00:00,AWS-DEL-103,13.4,988.3,88.0,False,,low,0.3,NORMAL,13.9,988.7,88.0,HEALTHY,replay,0.5,0.0
2025-01-23T03:00:00+00:00,AWS-DEL-103,13.4,988.7,88.0,False,,low,0.2,NORMAL,13.5,988.7,89.0,HEALTHY,replay,0.4,0.0
2025-01-23T04:00:00+00:00,AWS-DEL-103,13.5,987.7,90.0,False,,low,0.3,NORMAL,12.9,988.0,92.0,HEALTHY,replay,0.5,0.0
2025-01-23T05:00:00+00:00,AWS-DEL-103,12.8,987.8,91.0,False,,low,0.2,NORMAL,12.4,988.1,94.0,HEALTHY,replay,0.3,0.0
2025-01-23T06:00:00+00:00,AWS-DEL-103,13.3,988.6,96.0,False,,low,0.6,NORMAL,12.6,989.0,96.0,HEALTHY,replay,1.0,0.0
2025-01-23T07:00:00+00:00,AWS-DEL-103,12.4,989.2,96.0,False,,low,0.4,NORMAL,11.7,989.5,95.0,HEALTHY,replay,0.6,0.0
2025-01-23T08:00:00+00:00,AWS-DEL-103,13.4,990.0,95.0,False,,low,0.3,NORMAL,13.5,990.5,91.0,HEALTHY,replay,0.5,0.0
2025-01-23T09:00:00+00:00,AWS-DEL-103,15.3,991.1,89.0,False,,low,0.6,NORMAL,15.3,991.5,87.0,HEALTHY,replay,1.1,0.0
2025-01-23T10:00:00+00:00,AWS-DEL-103,17.7,991.9,77.0,False,,low,1.5,NORMAL,17.4,992.3,77.0,HEALTHY,replay,2.6,0.0
2025-01-23T11:00:00+00:00,AWS-DEL-103,19.8,991.7,66.0,False,,low,1.7,NORMAL,19.3,992.0,67.0,HEALTHY,replay,2.9,0.0
2025-01-23T12:00:00+00:00,AWS-DEL-103,21.3,990.6,55.0,False,,low,2.0,NORMAL,20.8,992.5,55.0,HEALTHY,replay,3.4,0.0
2025-01-23T13:00:00+00:00,AWS-DEL-103,22.3,989.8,46.0,False,,low,1.9,NORMAL,21.7,990.4,45.0,HEALTHY,replay,3.2,0.0
2025-01-23T14:00:00+00:00,AWS-DEL-103,22.6,989.3,36.0,False,,low,8.9,NORMAL,21.9,989.8,40.0,HEALTHY,replay,14.8,0.0
2025-01-23T15:00:00+00:00,AWS-DEL-103,22.2,989.0,36.0,False,,low,3.3,NORMAL,21.6,989.5,40.0,HEALTHY,replay,5.6,0.0
2025-01-23T16:00:00+00:00,AWS-DEL-103,20.8,988.9,48.0,False,,low,2.6,NORMAL,20.7,989.4,47.0,HEALTHY,replay,4.3,0.0
2025-01-23T17:00:00+00:00,AWS-DEL-103,18.6,989.0,56.0,False,,low,1.3,NORMAL,18.4,989.5,57.0,HEALTHY,replay,2.1,0.0
2025-01-23T18:00:00+00:00,AWS-DEL-103,17.0,989.2,62.0,False,,low,0.8,NORMAL,16.2,991.0,68.0,HEALTHY,replay,1.4,0.0
2025-01-23T19:00:00+00:00,AWS-DEL-103,16.1,990.0,67.0,False,,low,1.1,NORMAL,15.6,988.9,66.0,HEALTHY,replay,1.8,0.0
2025-01-23T20:00:00+00:00,AWS-DEL-103,15.1,990.4,69.0,False,,low,0.6,NORMAL,14.8,989.2,67.0,HEALTHY,replay,1.0,0.0
2025-01-23T21:00:00+00:00,AWS-DEL-103,14.6,990.6,68.0,False,,low,0.4,NORMAL,13.7,992.6,74.0,HEALTHY,replay,0.7,0.0
2025-01-23T22:00:00+00:00,AWS-DEL-103,14.0,990.7,70.0,False,,low,0.2,NORMAL,13.1,992.5,76.0,HEALTHY,replay,0.4,0.0
2025-01-23T23:00:00+00:00,AWS-DEL-103,13.4,990.5,72.0,False,,low,0.2,NORMAL,12.9,991.0,74.0,HEALTHY,replay,0.3,0.0
2025-01-24T00:00:00+00:00,AWS-DEL-103,12.8,990.0,74.0,False,,low,0.3,NORMAL,12.2,990.4,77.0,HEALTHY,replay,0.5,0.0
2025-01-24T01:00:00+00:00,AWS-DEL-103,12.1,989.5,76.0,False,,low,0.2,NORMAL,11.5,990.0,79.0,HEALTHY,replay,0.3,0.0
2025-01-24T02:00:00+00:00,AWS-DEL-103,11.6,988.9,77.0,False,,low,0.1,NORMAL,10.9,989.4,81.0,HEALTHY,replay,0.2,0.0
2025-01-24T03:00:00+00:00,AWS-DEL-103,11.2,988.7,78.0,False,,low,0.1,NORMAL,10.6,989.1,81.0,HEALTHY,replay,0.2,0.0
2025-01-24T04:00:00+00:00,AWS-DEL-103,10.8,988.4,79.0,False,,low,0.2,NORMAL,10.3,989.0,81.0,HEALTHY,replay,0.3,0.0
2025-01-24T05:00:00+00:00,AWS-DEL-103,10.7,988.6,79.0,False,,low,0.2,NORMAL,10.3,989.2,81.0,HEALTHY,replay,0.3,0.0
2025-01-24T06:00:00+00:00,AWS-DEL-103,10.8,989.1,84.0,False,,low,0.3,NORMAL,10.7,989.7,85.0,HEALTHY,replay,0.5,0.0
2025-01-24T07:00:00+00:00,AWS-DEL-103,10.7,990.0,84.0,False,,low,0.3,NORMAL,10.4,990.6,85.0,HEALTHY,replay,0.5,0.0
2025-01-24T08:00:00+00:00,AWS-DEL-103,12.0,990.8,79.0,False,,low,0.5,NORMAL,11.3,991.3,83.0,HEALTHY,replay,0.9,0.0
2025-01-24T09:00:00+00:00,AWS-DEL-103,14.1,991.7,72.0,False,,low,1.4,NORMAL,13.2,992.2,77.0,HEALTHY,replay,2.3,0.0
2025-01-24T10:00:00+00:00,AWS-DEL-103,16.3,991.8,64.0,False,,low,0.5,NORMAL,15.5,992.4,69.0,HEALTHY,replay,0.8,0.0
2025-01-24T11:00:00+00:00,AWS-DEL-103,18.5,991.5,57.0,False,,low,0.7,NORMAL,17.8,992.1,61.0,HEALTHY,replay,1.1,0.0
2025-01-24T12:00:00+00:00,AWS-DEL-103,20.1,990.8,50.0,False,,low,0.7,NORMAL,19.6,991.4,53.0,HEALTHY,replay,1.2,0.0
2025-01-24T13:00:00+00:00,AWS-DEL-103,21.2,989.8,42.0,False,,low,1.2,NORMAL,20.6,990.4,45.0,HEALTHY,replay,1.9,0.0
2025-01-24T14:00:00+00:00,AWS-DEL-103,21.5,989.3,37.0,False,,low,1.4,NORMAL,20.9,989.8,42.0,HEALTHY,replay,2.3,0.0
2025-01-24T15:00:00+00:00,AWS-DEL-103,21.2,988.9,37.0,False,,low,0.5,NORMAL,20.7,989.4,42.0,HEALTHY,replay,0.8,0.0
2025-01-24T16:00:00+00:00,AWS-DEL-103,20.1,988.6,44.0,False,,low,0.3,NORMAL,19.9,989.2,45.0,HEALTHY,replay,0.6,0.0
2025-01-24T17:00:00+00:00,AWS-DEL-103,18.0,988.7,53.0,False,,low,0.5,NORMAL,17.7,989.2,56.0,HEALTHY,replay,0.8,0.0
2025-01-24T18:00:00+00:00,AWS-DEL-103,17.0,989.2,57.0,False,,low,0.3,NORMAL,15.9,989.6,61.0,HEALTHY,replay,0.5,0.0
2025-01-24T19:00:00+00:00,AWS-DEL-103,15.9,989.4,64.0,False,,low,0.4,NORMAL,15.3,989.9,65.0,HEALTHY,replay,0.7,0.0
2025-01-24T20:00:00+00:00,AWS-DEL-103,15.1,989.7,69.0,False,,low,0.3,NORMAL,14.4,990.2,69.0,HEALTHY,replay,0.5,0.0
2025-01-24T21:00:00+00:00,AWS-DEL-103,14.2,989.8,71.0,False,,low,0.2,NORMAL,13.7,990.4,71.0,HEALTHY,replay,0.4,0.0
2025-01-24T22:00:00+00:00,AWS-DEL-103,13.6,989.8,73.0,False,,low,0.2,NORMAL,13.1,990.3,73.0,HEALTHY,replay,0.3,0.0
2025-01-24T23:00:00+00:00,AWS-DEL-103,13.0,989.4,73.0,False,,low,0.3,NORMAL,12.5,989.9,74.0,HEALTHY,replay,0.4,0.0
2025-01-25T00:00:00+00:00,AWS-DEL-103,12.5,989.0,72.0,False,,low,0.4,NORMAL,12.3,989.6,73.0,HEALTHY,replay,0.7,0.0
2025-01-25T01:00:00+00:00,AWS-DEL-103,12.0,988.7,72.0,False,,low,0.2,NORMAL,11.6,989.3,73.0,HEALTHY,replay,0.3,0.0
2025-01-25T02:00:00+00:00,AWS-DEL-103,11.4,988.1,73.0,False,,low,0.1,NORMAL,11.1,988.8,74.0,HEALTHY,replay,0.2,0.0
2025-01-25T03:00:00+00:00,AWS-DEL-103,11.0,988.0,73.0,False,,low,0.2,NORMAL,10.9,988.7,74.0,HEALTHY,replay,0.3,0.0
2025-01-25T04:00:00+00:00,AWS-DEL-103,10.5,987.8,74.0,False,,low,0.2,NORMAL,10.2,988.5,74.0,HEALTHY,replay,0.3,0.0
2025-01-25T05:00:00+00:00,AWS-DEL-103,10.1,988.2,74.0,False,,low,0.2,NORMAL,9.7,988.8,73.0,HEALTHY,replay,0.4,0.0
2025-01-25T06:00:00+00:00,AWS-DEL-103,10.0,988.7,78.0,False,,low,0.2,NORMAL,9.4,989.2,78.0,HEALTHY,replay,0.4,0.0
2025-01-25T07:00:00+00:00,AWS-DEL-103,9.7,989.3,77.0,False,,low,0.2,NORMAL,9.0,990.0,78.0,HEALTHY,replay,0.3,0.0
2025-01-25T08:00:00+00:00,AWS-DEL-103,11.0,990.1,71.0,False,,low,0.3,NORMAL,10.1,990.7,74.0,HEALTHY,replay,0.5,0.0
2025-01-25T09:00:00+00:00,AWS-DEL-103,13.1,991.0,64.0,False,,low,0.6,NORMAL,12.1,991.6,68.0,HEALTHY,replay,1.0,0.0
2025-01-25T10:00:00+00:00,AWS-DEL-103,15.3,991.9,57.0,False,,low,1.8,NORMAL,14.6,992.4,60.0,HEALTHY,replay,3.1,0.0
2025-01-25T11:00:00+00:00,AWS-DEL-103,17.5,991.4,50.0,False,,low,1.1,NORMAL,16.8,992.38,54.0,HEALTHY,replay,1.9,0.0
2025-01-25T12:00:00+00:00,AWS-DEL-103,19.4,990.6,43.0,False,,low,1.4,NORMAL,18.7,992.36,48.0,HEALTHY,replay,2.3,0.0
2025-01-25T13:00:00+00:00,AWS-DEL-103,20.6,989.5,38.0,False,,low,1.5,NORMAL,20.1,991.4,43.0,HEALTHY,replay,2.5,0.0
2025-01-25T14:00:00+00:00,AWS-DEL-103,21.2,988.8,35.0,False,,low,1.4,NORMAL,20.8,990.6,40.0,HEALTHY,replay,2.3,0.0
2025-01-25T15:00:00+00:00,AWS-DEL-103,21.1,988.4,36.0,False,,low,0.8,NORMAL,20.7,990.3,40.0,HEALTHY,replay,1.3,0.0
2025-01-25T16:00:00+00:00,AWS-DEL-103,20.1,988.2,43.0,False,,low,0.5,NORMAL,19.8,990.1,46.0,HEALTHY,replay,0.9,0.0
2025-01-25T17:00:00+00:00,AWS-DEL-103,17.1,988.1,54.0,False,,low,1.1,NORMAL,16.9,988.7,58.0,HEALTHY,replay,1.9,0.0
2025-01-25T18:00:00+00:00,AWS-DEL-103,15.9,988.5,56.0,False,,low,0.3,NORMAL,15.9,989.0,59.0,HEALTHY,replay,0.5,0.0
2025-01-25T19:00:00+00:00,AWS-DEL-103,15.1,989.1,60.0,False,,low,0.2,NORMAL,14.6,989.6,63.0,HEALTHY,replay,0.3,0.0
2025-01-25T20:00:00+00:00,AWS-DEL-103,14.5,989.4,63.0,False,,low,0.1,NORMAL,13.4,989.9,65.0,HEALTHY,replay,0.1,0.0
2025-01-25T21:00:00+00:00,AWS-DEL-103,13.9,989.6,65.0,False,,low,0.1,NORMAL,12.5,990.1,67.0,HEALTHY,replay,0.1,0.0
2025-01-25T22:00:00+00:00,AWS-DEL-103,13.0,989.6,68.0,False,,low,0.1,NORMAL,11.8,990.1,69.0,HEALTHY,replay,0.1,0.0
2025-01-25T23:00:00+00:00,AWS-DEL-103,12.1,989.4,71.0,False,,low,0.1,NORMAL,11.2,989.9,70.0,HEALTHY,replay,0.2,0.0
2025-01-26T00:00:00+00:00,AWS-DEL-103,11.6,988.9,72.0,False,,low,0.2,NORMAL,10.6,989.2,71.0,HEALTHY,replay,0.3,0.0
2025-01-26T01:00:00+00:00,AWS-DEL-103,11.3,988.6,73.0,False,,low,0.1,NORMAL,10.0,989.0,73.0,HEALTHY,replay,0.2,0.0
2025-01-26T02:00:00+00:00,AWS-DEL-103,10.8,988.2,73.0,False,,low,0.1,NORMAL,9.6,988.6,74.0,HEALTHY,replay,0.2,0.0
2025-01-26T03:00:00+00:00,AWS-DEL-103,10.4,987.9,75.0,False,,low,0.1,NORMAL,9.5,988.4,74.0,HEALTHY,replay,0.2,0.0
2025-01-26T04:00:00+00:00,AWS-DEL-103,10.0,987.9,76.0,False,,low,0.1,NORMAL,9.0,988.4,77.0,HEALTHY,replay,0.2,0.0
2025-01-26T05:00:00+00:00,AWS-DEL-103,9.3,988.0,79.0,False,,low,0.2,NORMAL,8.4,988.5,79.0,HEALTHY,replay,0.4,0.0
2025-01-26T06:00:00+00:00,AWS-DEL-103,8.7,988.9,87.0,False,,low,0.6,NORMAL,7.9,989.4,84.0,HEALTHY,replay,1.0,0.0
2025-01-26T07:00:00+00:00,AWS-DEL-103,8.4,989.5,87.0,False,,low,0.4,NORMAL,7.6,990.0,82.0,HEALTHY,replay,0.6,0.0
2025-01-26T08:00:00+00:00,AWS-DEL-103,10.4,990.6,78.0,False,,low,0.7,NORMAL,9.5,991.0,75.0,HEALTHY,replay,1.1,0.0
2025-01-26T09:00:00+00:00,AWS-DEL-103,12.9,991.5,68.0,False,,low,1.5,NORMAL,11.9,991.9,67.0,HEALTHY,replay,2.4,0.0
2025-01-26T10:00:00+00:00,AWS-DEL-103,15.5,992.2,57.0,False,,low,3.3,NORMAL,14.8,992.5,59.0,HEALTHY,replay,5.5,0.0
2025-01-26T11:00:00+00:00,AWS-DEL-103,17.7,991.6,49.0,False,,low,1.6,NORMAL,17.3,992.0,49.0,HEALTHY,replay,2.7,0.0
2025-01-26T12:00:00+00:00,AWS-DEL-103,19.4,990.3,42.0,False,,low,1.7,NORMAL,19.1,990.8,41.0,HEALTHY,replay,2.8,0.0
2025-01-26T13:00:00+00:00,AWS-DEL-103,20.6,989.2,38.0,False,,low,2.0,NORMAL,20.4,989.6,36.0,HEALTHY,replay,3.3,0.0
2025-01-26T14:00:00+00:00,AWS-DEL-103,21.2,988.5,35.0,False,,low,1.0,NORMAL,21.0,988.9,34.0,HEALTHY,replay,1.7,0.0
2025-01-26T15:00:00+00:00,AWS-DEL-103,21.2,988.0,34.0,False,,low,0.7,NORMAL,21.0,988.5,34.0,HEALTHY,replay,1.2,0.0
2025-01-26T16:00:00+00:00,AWS-DEL-103,20.3,987.8,42.0,False,,low,0.5,NORMAL,20.2,988.3,42.0,HEALTHY,replay,0.8,0.0
2025-01-26T17:00:00+00:00,AWS-DEL-103,17.0,987.4,56.0,False,,low,1.4,NORMAL,17.4,988.0,56.0,HEALTHY,replay,2.4,0.0
2025-01-26T18:00:00+00:00,AWS-DEL-103,15.3,987.7,60.0,False,,low,0.6,NORMAL,15.8,988.2,60.0,HEALTHY,replay,1.0,0.0
2025-01-26T19:00:00+00:00,AWS-DEL-103,14.4,988.2,62.0,False,,low,0.3,NORMAL,14.7,988.6,66.0,HEALTHY,replay,0.5,0.0
2025-01-26T20:00:00+00:00,AWS-DEL-103,13.6,988.5,67.0,False,,low,0.2,NORMAL,13.8,988.9,69.0,HEALTHY,replay,0.3,0.0
2025-01-26T21:00:00+00:00,AWS-DEL-103,12.8,988.6,72.0,False,,low,0.3,NORMAL,12.9,989.0,70.0,HEALTHY,replay,0.5,0.0
2025-01-26T22:00:00+00:00,AWS-DEL-103,11.8,988.8,77.0,False,,low,0.2,NORMAL,12.3,989.2,71.0,HEALTHY,replay,0.3,0.0
2025-01-26T23:00:00+00:00,AWS-DEL-103,11.1,988.6,80.0,False,,low,0.1,NORMAL,11.7,989.1,71.0,HEALTHY,replay,0.2,0.0
2025-01-27T00:00:00+00:00,AWS-DEL-103,10.7,988.3,82.0,False,,low,0.2,NORMAL,11.1,988.7,73.0,HEALTHY,replay,0.4,0.0
2025-01-27T01:00:00+00:00,AWS-DEL-103,10.3,988.0,83.0,False,,low,0.2,NORMAL,10.5,988.4,74.0,HEALTHY,replay,0.3,0.0
2025-01-27T02:00:00+00:00,AWS-DEL-103,9.8,987.7,84.0,False,,low,0.1,NORMAL,9.9,988.0,76.0,HEALTHY,replay,0.2,0.0
2025-01-27T03:00:00+00:00,AWS-DEL-103,9.2,987.2,86.0,False,,low,0.2,NORMAL,9.2,987.7,78.0,HEALTHY,replay,0.3,0.0
2025-01-27T04:00:00+00:00,AWS-DEL-103,8.8,987.0,86.0,False,,low,0.2,NORMAL,8.6,987.5,80.0,HEALTHY,replay,0.4,0.0
2025-01-27T05:00:00+00:00,AWS-DEL-103,8.5,987.0,86.0,False,,low,0.4,NORMAL,8.0,987.5,80.0,HEALTHY,replay,0.6,0.0
2025-01-27T06:00:00+00:00,AWS-DEL-103,8.1,987.8,93.0,False,,low,0.3,NORMAL,7.7,988.2,90.0,HEALTHY,replay,0.5,0.0
2025-01-27T07:00:00+00:00,AWS-DEL-103,7.8,988.6,93.0,False,,low,0.2,NORMAL,7.6,989.0,90.0,HEALTHY,replay,0.4,0.0
2025-01-27T08:00:00+00:00,AWS-DEL-103,9.8,989.4,87.0,False,,low,0.8,NORMAL,9.4,989.8,82.0,HEALTHY,replay,1.3,0.0
2025-01-27T09:00:00+00:00,AWS-DEL-103,12.4,990.3,77.0,False,,low,1.7,NORMAL,12.3,990.8,73.0,HEALTHY,replay,2.9,0.0
2025-01-27T10:00:00+00:00,AWS-DEL-103,15.4,991.0,63.0,False,,low,4.5,NORMAL,15.4,991.3,62.0,HEALTHY,replay,7.5,0.0
2025-01-27T11:00:00+00:00,AWS-DEL-103,17.7,990.4,54.0,False,,low,4.0,NORMAL,17.9,990.9,52.0,HEALTHY,replay,6.6,0.0
2025-01-27T12:00:00+00:00,AWS-DEL-103,19.4,989.3,45.0,False,,low,3.6,NORMAL,19.7,989.6,42.0,HEALTHY,replay,5.9,0.0
2025-01-27T13:00:00+00:00,AWS-DEL-103,20.6,988.2,39.0,False,,low,6.3,NORMAL,20.9,988.6,34.0,HEALTHY,replay,10.4,0.0
2025-01-27T14:00:00+00:00,AWS-DEL-103,21.2,987.1,36.0,False,,low,5.6,NORMAL,21.5,987.5,31.0,HEALTHY,replay,9.3,0.0
2025-01-27T15:00:00+00:00,AWS-DEL-103,21.0,986.5,37.0,False,,low,1.5,NORMAL,21.4,986.9,32.0,HEALTHY,replay,2.6,0.0
2025-01-27T16:00:00+00:00,AWS-DEL-103,20.0,986.1,44.0,False,,low,1.4,NORMAL,20.7,986.6,37.0,HEALTHY,replay,2.3,0.0
2025-01-27T17:00:00+00:00,AWS-DEL-103,17.5,986.0,56.0,False,,low,2.5,NORMAL,18.2,986.6,46.0,HEALTHY,replay,4.1,0.0
2025-01-27T18:00:00+00:00,AWS-DEL-103,15.3,985.9,69.0,False,,low,6.4,NORMAL,16.7,986.5,53.0,HEALTHY,replay,10.7,0.0
2025-01-27T19:00:00+00:00,AWS-DEL-103,14.3,986.3,70.0,False,,low,0.7,NORMAL,15.3,987.0,59.0,HEALTHY,replay,1.2,0.0
2025-01-27T20:00:00+00:00,AWS-DEL-103,13.7,986.7,70.0,False,,low,0.3,NORMAL,14.3,987.3,66.0,HEALTHY,replay,0.5,0.0
2025-01-27T21:00:00+00:00,AWS-DEL-103,13.2,987.0,72.0,False,,low,0.1,NORMAL,13.4,987.5,71.0,HEALTHY,replay,0.2,0.0
2025-01-27T22:00:00+00:00,AWS-DEL-103,12.6,986.9,75.0,False,,low,0.1,NORMAL,12.7,987.5,72.0,HEALTHY,replay,0.2,0.0
2025-01-27T23:00:00+00:00,AWS-DEL-103,12.6,986.6,75.0,False,,low,0.1,NORMAL,12.1,987.2,71.0,HEALTHY,replay,0.2,0.0
2025-01-28T00:00:00+00:00,AWS-DEL-103,12.5,986.1,73.0,False,,low,0.3,NORMAL,11.5,986.4,70.0,HEALTHY,replay,0.5,0.0
2025-01-28T01:00:00+00:00,AWS-DEL-103,11.7,985.9,73.0,False,,low,0.2,NORMAL,11.0,986.4,70.0,HEALTHY,replay,0.3,0.0
2025-01-28T02:00:00+00:00,AWS-DEL-103,10.9,985.5,75.0,False,,low,0.2,NORMAL,10.3,985.9,71.0,HEALTHY,replay,0.3,0.0
2025-01-28T03:00:00+00:00,AWS-DEL-103,10.2,985.4,77.0,False,,low,0.2,NORMAL,9.8,985.7,73.0,HEALTHY,replay,0.3,0.0
2025-01-28T04:00:00+00:00,AWS-DEL-103,9.4,985.3,80.0,False,,low,0.1,NORMAL,9.3,985.6,73.0,HEALTHY,replay,0.2,0.0
2025-01-28T05:00:00+00:00,AWS-DEL-103,8.6,985.5,84.0,False,,low,0.2,NORMAL,8.8,985.9,75.0,HEALTHY,replay,0.3,0.0
2025-01-28T06:00:00+00:00,AWS-DEL-103,7.4,987.1,90.0,False,,low,0.4,NORMAL,8.1,987.4,82.0,HEALTHY,replay,0.6,0.0
2025-01-28T07:00:00+00:00,AWS-DEL-103,7.1,987.9,90.0,False,,low,0.7,NORMAL,7.8,988.3,84.0,HEALTHY,replay,1.2,0.0
2025-01-28T08:00:00+00:00,AWS-DEL-103,9.9,988.9,82.0,False,,low,0.9,NORMAL,9.9,989.3,77.0,HEALTHY,replay,1.5,0.0
2025-01-28T09:00:00+00:00,AWS-DEL-103,12.8,990.0,70.0,False,,low,2.9,NORMAL,12.9,990.3,69.0,HEALTHY,replay,4.8,0.0
2025-01-28T10:00:00+00:00,AWS-DEL-103,15.7,990.3,60.0,False,,low,2.6,NORMAL,15.9,990.7,60.0,HEALTHY,replay,4.4,0.0
2025-01-28T11:00:00+00:00,AWS-DEL-103,18.0,989.9,52.0,False,,low,1.8,NORMAL,18.5,990.1,51.0,HEALTHY,replay,2.9,0.0
2025-01-28T12:00:00+00:00,AWS-DEL-103,19.8,988.9,44.0,False,,low,2.4,NORMAL,20.6,989.2,42.0,HEALTHY,replay,4.0,0.0
2025-01-28T13:00:00+00:00,AWS-DEL-103,21.1,988.0,38.0,False,,low,1.7,NORMAL,22.0,988.3,35.0,HEALTHY,replay,2.8,0.0
2025-01-28T14:00:00+00:00,AWS-DEL-103,21.7,987.3,36.0,False,,low,0.7,NORMAL,22.8,987.7,30.0,HEALTHY,replay,1.2,0.0
2025-01-28T15:00:00+00:00,AWS-DEL-103,21.8,986.9,36.0,False,,low,0.4,NORMAL,22.8,987.2,28.0,HEALTHY,replay,0.6,0.0
2025-01-28T16:00:00+00:00,AWS-DEL-103,21.2,986.6,40.0,False,,low,0.3,NORMAL,22.0,987.0,32.0,HEALTHY,replay,0.4,0.0
2025-01-28T17:00:00+00:00,AWS-DEL-103,18.4,986.4,60.0,False,,low,2.6,NORMAL,20.0,986.9,42.0,HEALTHY,replay,4.3,0.0
2025-01-28T18:00:00+00:00,AWS-DEL-103,15.6,986.4,76.0,False,,low,10.0,NORMAL,18.5,987.0,53.0,HEALTHY,replay,16.6,0.0
2025-01-28T19:00:00+00:00,AWS-DEL-103,14.3,987.1,80.0,False,,low,2.5,NORMAL,16.8,987.7,61.0,HEALTHY,replay,4.1,0.0
2025-01-28T20:00:00+00:00,AWS-DEL-103,13.4,987.8,83.0,False,,low,1.3,NORMAL,15.2,988.2,67.0,HEALTHY,replay,2.2,0.0
2025-01-28T21:00:00+00:00,AWS-DEL-103,11.6,988.1,91.0,False,,low,4.8,NORMAL,14.0,988.5,72.0,HEALTHY,replay,7.9,0.0
2025-01-28T22:00:00+00:00,AWS-DEL-103,10.1,988.3,96.0,False,,low,4.2,NORMAL,12.8,988.7,77.0,HEALTHY,replay,7.0,0.0
2025-01-28T23:00:00+00:00,AWS-DEL-103,9.9,988.4,95.0,False,,low,0.8,NORMAL,11.8,988.8,78.0,HEALTHY,replay,1.3,0.0
2025-01-29T00:00:00+00:00,AWS-DEL-103,9.3,988.2,93.0,False,,low,1.2,NORMAL,11.5,988.7,80.0,HEALTHY,replay,1.9,0.0
2025-01-29T01:00:00+00:00,AWS-DEL-103,8.9,988.3,93.0,False,,low,1.3,NORMAL,11.0,988.6,84.0,HEALTHY,replay,2.1,0.0
2025-01-29T02:00:00+00:00,AWS-DEL-103,8.9,988.1,93.0,False,,low,1.5,NORMAL,10.6,988.2,86.0,HEALTHY,replay,2.6,0.0
2025-01-29T03:00:00+00:00,AWS-DEL-103,9.1,988.0,92.0,False,,low,2.1,NORMAL,10.3,988.2,87.0,HEALTHY,replay,3.4,0.0
2025-01-29T04:00:00+00:00,AWS-DEL-103,8.8,988.0,92.0,False,,low,1.6,NORMAL,10.1,988.2,87.0,HEALTHY,replay,2.6,0.0
2025-01-29T05:00:00+00:00,AWS-DEL-103,8.6,988.0,92.0,False,,low,1.4,NORMAL,9.8,988.4,88.0,HEALTHY,replay,2.4,0.0
2025-01-29T06:00:00+00:00,AWS-DEL-103,8.3,989.2,95.0,False,,low,0.7,NORMAL,9.5,989.5,92.0,HEALTHY,replay,1.2,0.0
2025-01-29T07:00:00+00:00,AWS-DEL-103,8.2,990.1,96.0,False,,low,0.9,NORMAL,9.4,990.3,92.0,HEALTHY,replay,1.5,0.0
2025-01-29T08:00:00+00:00,AWS-DEL-103,10.4,990.8,92.0,False,,low,1.3,NORMAL,11.3,991.1,85.0,HEALTHY,replay,2.1,0.0
2025-01-29T09:00:00+00:00,AWS-DEL-103,13.7,992.0,83.0,False,,low,6.8,NORMAL,14.5,992.0,75.0,HEALTHY,replay,11.4,0.0
2025-01-29T10:00:00+00:00,AWS-DEL-103,16.9,992.5,73.0,False,,low,9.3,NORMAL,17.5,992.5,65.0,HEALTHY,replay,15.5,0.0
2025-01-29T11:00:00+00:00,AWS-DEL-103,19.6,992.1,63.0,False,,low,7.4,NORMAL,19.6,993.9,54.0,HEALTHY,replay,12.3,0.0
2025-01-29T12:00:00+00:00,AWS-DEL-103,21.2,991.1,52.0,False,,low,9.6,NORMAL,21.0,992.9,47.0,HEALTHY,replay,16.0,0.0
2025-01-29T13:00:00+00:00,AWS-DEL-103,21.9,989.7,47.0,False,,low,6.2,NORMAL,22.5,987.9,44.0,HEALTHY,replay,10.3,0.0
2025-01-29T14:00:00+00:00,AWS-DEL-103,22.1,988.8,47.0,False,,low,3.7,NORMAL,22.3,990.6,44.0,HEALTHY,replay,6.2,0.0
2025-01-29T15:00:00+00:00,AWS-DEL-103,21.8,988.1,49.0,False,,low,1.3,NORMAL,22.5,986.3,45.0,HEALTHY,replay,2.2,0.0
2025-01-29T16:00:00+00:00,AWS-DEL-103,21.0,987.8,53.0,False,,low,0.7,NORMAL,21.3,989.5,48.0,HEALTHY,replay,1.2,0.0
2025-01-29T17:00:00+00:00,AWS-DEL-103,18.8,987.5,65.0,False,,low,1.2,NORMAL,19.2,985.7,60.0,HEALTHY,replay,2.0,0.0
2025-01-29T18:00:00+00:00,AWS-DEL-103,16.6,987.5,76.0,False,,low,1.8,NORMAL,17.4,985.8,70.0,HEALTHY,replay,3.0,0.0
2025-01-29T19:00:00+00:00,AWS-DEL-103,15.4,987.8,80.0,False,,low,0.6,NORMAL,16.5,988.1,75.0,HEALTHY,replay,1.0,0.0
2025-01-29T20:00:00+00:00,AWS-DEL-103,14.5,988.2,81.0,False,,low,0.4,NORMAL,15.8,988.6,78.0,HEALTHY,replay,0.7,0.0
2025-01-29T21:00:00+00:00,AWS-DEL-103,13.8,988.3,83.0,False,,low,0.7,NORMAL,15.2,986.7,80.0,HEALTHY,replay,1.2,0.0
2025-01-29T22:00:00+00:00,AWS-DEL-103,13.2,988.4,85.0,False,,low,0.6,NORMAL,12.6,990.1,84.23,HEALTHY,replay,1.0,0.0
2025-01-29T23:00:00+00:00,AWS-DEL-103,12.6,988.1,88.0,False,,low,0.4,NORMAL,14.2,986.5,79.0,HEALTHY,replay,0.6,0.0
2025-01-30T00:00:00+00:00,AWS-DEL-103,11.9,987.7,91.0,False,,low,0.6,NORMAL,11.2,989.4,80.0,HEALTHY,replay,1.0,0.0
2025-01-30T01:00:00+00:00,AWS-DEL-103,11.3,987.2,92.0,False,,low,0.3,NORMAL,13.0,987.5,83.0,HEALTHY,replay,0.5,0.0
2025-01-30T02:00:00+00:00,AWS-DEL-103,10.9,986.6,93.0,False,,low,0.3,NORMAL,12.4,986.9,85.0,HEALTHY,replay,0.5,0.0
2025-01-30T03:00:00+00:00,AWS-DEL-103,10.6,986.1,94.0,False,,low,0.4,NORMAL,11.9,986.3,87.0,HEALTHY,replay,0.6,0.0
2025-01-30T04:00:00+00:00,AWS-DEL-103,10.3,985.8,94.0,False,,low,0.5,NORMAL,11.5,986.0,89.0,HEALTHY,replay,0.8,0.0
2025-01-30T05:00:00+00:00,AWS-DEL-103,10.0,985.4,94.0,False,,low,1.3,NORMAL,11.1,985.7,91.0,HEALTHY,replay,2.1,0.0
2025-01-30T06:00:00+00:00,AWS-DEL-103,9.6,986.1,95.0,False,,low,0.6,NORMAL,10.7,986.5,93.0,HEALTHY,replay,1.0,0.0
2025-01-30T07:00:00+00:00,AWS-DEL-103,9.5,986.8,96.0,False,,low,0.9,NORMAL,10.6,987.1,94.0,HEALTHY,replay,1.5,0.0
2025-01-30T08:00:00+00:00,AWS-DEL-103,11.8,987.6,90.0,False,,low,1.6,NORMAL,12.3,987.8,87.0,HEALTHY,replay,2.7,0.0
2025-01-30T09:00:00+00:00,AWS-DEL-103,14.9,988.3,80.0,False,,low,4.5,NORMAL,15.1,988.4,77.0,HEALTHY,replay,7.5,0.0
2025-01-30T10:00:00+00:00,AWS-DEL-103,17.9,988.7,70.0,False,,low,5.2,NORMAL,18.2,988.8,66.0,HEALTHY,replay,8.7,0.0
2025-01-30T11:00:00+00:00,AWS-DEL-103,20.4,988.3,59.0,False,,low,7.0,NORMAL,20.8,988.4,57.0,HEALTHY,replay,11.7,0.0
2025-01-30T12:00:00+00:00,AWS-DEL-103,22.0,987.2,52.0,False,,low,7.5,NORMAL,22.3,987.3,51.0,HEALTHY,replay,12.5,0.0
2025-01-30T13:00:00+00:00,AWS-DEL-103,23.0,985.9,48.0,False,,low,9.1,NORMAL,23.2,986.0,48.0,HEALTHY,replay,15.1,0.0
2025-01-30T14:00:00+00:00,AWS-DEL-103,23.5,985.0,46.0,False,,low,6.0,NORMAL,23.7,985.1,48.0,HEALTHY,replay,10.0,0.0
2025-01-30T15:00:00+00:00,AWS-DEL-103,23.6,984.6,46.0,False,,low,1.4,NORMAL,23.6,984.7,48.0,HEALTHY,replay,2.3,0.0
2025-01-30T16:00:00+00:00,AWS-DEL-103,23.0,984.2,48.0,False,,low,1.0,NORMAL,23.0,984.4,51.0,HEALTHY,replay,1.6,0.0
2025-01-30T17:00:00+00:00,AWS-DEL-103,20.6,983.9,62.0,False,,low,4.6,NORMAL,20.5,984.3,66.0,HEALTHY,replay,7.6,0.0
2025-01-30T18:00:00+00:00,AWS-DEL-103,18.7,984.1,72.0,False,REGIONAL_EVENT,low,42.1,NORMAL,18.5,984.4,74.0,HEALTHY,replay,11.4,88.1
2025-01-30T19:00:00+00:00,AWS-DEL-103,16.8,984.2,82.0,False,REGIONAL_EVENT,low,45.0,NORMAL,17.4,984.6,80.0,HEALTHY,replay,16.0,88.5
2025-01-30T20:00:00+00:00,AWS-DEL-103,15.5,984.6,89.0,False,,low,9.6,NORMAL,16.7,985.0,84.0,HEALTHY,replay,16.0,0.0
2025-01-30T21:00:00+00:00,AWS-DEL-103,14.5,985.0,93.0,False,,low,4.1,NORMAL,16.2,985.4,87.0,HEALTHY,replay,6.8,0.0
2025-01-30T22:00:00+00:00,AWS-DEL-103,13.8,985.2,95.0,False,,low,1.6,NORMAL,15.7,985.6,89.0,HEALTHY,replay,2.6,0.0
2025-01-30T23:00:00+00:00,AWS-DEL-103,12.9,985.1,98.0,False,,low,0.9,NORMAL,15.1,985.6,91.0,HEALTHY,replay,1.6,0.0
2025-01-31T00:00:00+00:00,AWS-DEL-103,12.0,984.7,100.0,False,,low,0.6,NORMAL,14.8,985.0,91.0,HEALTHY,replay,1.0,0.0
2025-01-31T01:00:00+00:00,AWS-DEL-103,11.5,984.5,99.0,False,,low,1.1,NORMAL,14.4,984.9,91.0,HEALTHY,replay,1.8,0.0
2025-01-31T02:00:00+00:00,AWS-DEL-103,11.1,984.2,98.0,False,,low,0.6,NORMAL,13.3,984.6,94.0,HEALTHY,replay,1.1,0.0
2025-01-31T03:00:00+00:00,AWS-DEL-103,10.7,983.8,98.0,False,,low,0.5,NORMAL,12.6,984.2,96.0,HEALTHY,replay,0.8,0.0
2025-01-31T04:00:00+00:00,AWS-DEL-103,10.4,983.5,97.0,False,,low,0.5,NORMAL,12.3,984.45,98.0,HEALTHY,replay,0.9,0.0
2025-01-31T05:00:00+00:00,AWS-DEL-103,10.1,983.7,97.0,False,,low,1.1,NORMAL,11.7,984.56,98.0,HEALTHY,replay,1.8,0.0
2025-01-31T06:00:00+00:00,AWS-DEL-103,9.9,984.5,100.0,False,,low,2.1,NORMAL,11.2,984.99,100.0,HEALTHY,replay,3.4,0.0
2025-01-31T07:00:00+00:00,AWS-DEL-103,10.1,985.3,100.0,False,,low,1.4,NORMAL,10.6,985.06,100.0,HEALTHY,replay,2.3,0.0
2025-01-31T08:00:00+00:00,AWS-DEL-103,11.4,986.3,97.0,False,,low,1.4,NORMAL,12.2,986.5,98.0,HEALTHY,replay,2.4,0.0
2025-01-31T09:00:00+00:00,AWS-DEL-103,14.7,987.4,89.0,False,,low,5.2,NORMAL,14.1,987.6,93.0,HEALTHY,replay,8.7,0.0
2025-01-31T10:00:00+00:00,AWS-DEL-103,18.2,987.9,76.0,False,,low,5.9,NORMAL,17.7,988.2,78.0,HEALTHY,replay,9.9,0.0
2025-01-31T11:00:00+00:00,AWS-DEL-103,21.4,987.6,64.0,False,,low,10.8,NORMAL,21.2,987.8,65.0,HEALTHY,replay,18.0,0.0
2025-01-31T12:00:00+00:00,AWS-DEL-103,23.4,986.9,55.0,False,,low,6.4,NORMAL,23.3,987.0,57.0,HEALTHY,replay,10.7,0.0
2025-01-31T13:00:00+00:00,AWS-DEL-103,24.7,985.9,40.0,False,,low,21.5,NORMAL,24.6,986.0,44.0,HEALTHY,replay,35.8,0.0
2025-01-31T14:00:00+00:00,AWS-DEL-103,25.3,985.5,32.0,False,,low,18.5,NORMAL,25.2,985.5,37.0,HEALTHY,replay,30.9,0.0
2025-01-31T15:00:00+00:00,AWS-DEL-103,25.2,984.9,31.0,False,,low,7.8,NORMAL,25.1,985.0,35.0,HEALTHY,replay,13.0,0.0
2025-01-31T16:00:00+00:00,AWS-DEL-103,24.4,984.7,35.0,False,,low,2.6,NORMAL,24.4,984.8,39.0,HEALTHY,replay,4.3,0.0
2025-01-31T17:00:00+00:00,AWS-DEL-103,22.0,984.6,50.0,False,,low,3.9,NORMAL,21.5,984.9,56.0,HEALTHY,replay,6.5,0.0
2025-01-31T18:00:00+00:00,AWS-DEL-103,20.2,985.2,56.0,False,,low,3.8,NORMAL,19.3,985.5,66.0,HEALTHY,replay,6.3,0.0
2025-01-31T19:00:00+00:00,AWS-DEL-103,17.8,985.5,73.0,False,,low,10.1,NORMAL,18.1,985.5,78.0,HEALTHY,replay,16.9,0.0
2025-01-31T20:00:00+00:00,AWS-DEL-103,16.7,986.1,81.0,False,,low,12.0,NORMAL,17.3,985.53,81.0,HEALTHY,replay,20.1,0.0
2025-01-31T21:00:00+00:00,AWS-DEL-103,15.2,986.5,88.0,False,,low,6.2,NORMAL,16.5,985.57,87.0,HEALTHY,replay,10.4,0.0
2025-01-31T22:00:00+00:00,AWS-DEL-103,14.9,986.8,90.0,False,,low,2.6,NORMAL,16.3,985.6,88.0,HEALTHY,replay,4.4,0.0
2025-01-31T23:00:00+00:00,AWS-DEL-103,14.8,986.6,88.0,False,,low,0.9,NORMAL,16.2,985.61,85.0,HEALTHY,replay,1.4,0.0
2025-02-01T00:00:00+00:00,AWS-DEL-103,14.6,986.3,84.0,False,,low,1.1,NORMAL,15.8,985.61,86.0,HEALTHY,replay,1.8,0.0
2025-02-01T01:00:00+00:00,AWS-DEL-103,14.0,985.9,82.0,False,,low,1.4,NORMAL,15.3,985.58,87.0,HEALTHY,replay,2.4,0.0
2025-02-01T02:00:00+00:00,AWS-DEL-103,13.5,985.8,83.0,False,,low,1.1,NORMAL,14.8,985.54,85.0,HEALTHY,replay,1.9,0.0
2025-02-01T03:00:00+00:00,AWS-DEL-103,13.2,985.3,85.0,False,,low,0.7,NORMAL,14.3,985.8,83.0,HEALTHY,replay,1.1,0.0
2025-02-01T04:00:00+00:00,AWS-DEL-103,12.7,985.5,89.0,False,,low,0.7,NORMAL,13.8,985.8,83.0,HEALTHY,replay,1.2,0.0
2025-02-01T05:00:00+00:00,AWS-DEL-103,12.6,985.4,88.0,False,,low,1.0,NORMAL,13.4,985.7,83.0,HEALTHY,replay,1.7,0.0
2025-02-01T06:00:00+00:00,AWS-DEL-103,10.7,986.5,96.0,False,,low,1.5,NORMAL,12.3,986.9,95.0,HEALTHY,replay,2.5,0.0
2025-02-01T07:00:00+00:00,AWS-DEL-103,10.8,987.4,96.0,False,,low,0.8,NORMAL,12.1,987.8,95.0,HEALTHY,replay,1.4,0.0
2025-02-01T08:00:00+00:00,AWS-DEL-103,13.3,988.4,89.0,False,,low,2.1,NORMAL,13.8,988.6,89.0,HEALTHY,replay,3.5,0.0
2025-02-01T09:00:00+00:00,AWS-DEL-103,16.6,989.3,77.0,False,,low,7.4,NORMAL,16.7,989.6,77.0,HEALTHY,replay,12.3,0.0
2025-02-01T10:00:00+00:00,AWS-DEL-103,19.7,990.1,65.0,False,,low,17.8,NORMAL,19.9,990.3,66.0,HEALTHY,replay,29.6,0.0
2025-02-01T11:00:00+00:00,AWS-DEL-103,22.2,989.9,55.0,False,,low,7.8,NORMAL,22.5,990.1,54.0,HEALTHY,replay,13.0,0.0
2025-02-01T12:00:00+00:00,AWS-DEL-103,23.9,989.5,45.0,False,,low,11.0,NORMAL,24.1,989.5,43.0,HEALTHY,replay,18.4,0.0
2025-02-01T13:00:00+00:00,AWS-DEL-103,24.6,988.5,39.0,False,,low,6.1,NORMAL,25.0,988.5,38.0,HEALTHY,replay,10.1,0.0
2025-02-01T14:00:00+00:00,AWS-DEL-103,24.7,987.6,37.0,False,,low,2.6,NORMAL,25.1,987.7,36.0,HEALTHY,replay,4.4,0.0
2025-02-01T15:00:00+00:00,AWS-DEL-103,24.6,987.2,37.0,False,,low,1.1,NORMAL,24.9,987.2,36.0,HEALTHY,replay,1.9,0.0
2025-02-01T16:00:00+00:00,AWS-DEL-103,23.9,987.1,38.0,False,,low,0.9,NORMAL,24.4,987.2,38.0,HEALTHY,replay,1.4,0.0
2025-02-01T17:00:00+00:00,AWS-DEL-103,22.1,987.2,47.0,False,,low,0.7,NORMAL,22.3,987.3,48.0,HEALTHY,replay,1.2,0.0
2025-02-01T18:00:00+00:00,AWS-DEL-103,19.4,987.3,70.0,False,,low,13.5,NORMAL,20.2,987.7,60.0,HEALTHY,replay,22.5,0.0
2025-02-01T19:00:00+00:00,AWS-DEL-103,17.4,987.7,78.0,False,,low,10.1,NORMAL,19.2,988.2,63.0,HEALTHY,replay,16.8,0.0
2025-02-01T20:00:00+00:00,AWS-DEL-103,16.4,988.1,79.0,False,,low,2.4,NORMAL,17.9,988.7,71.0,HEALTHY,replay,3.9,0.0
2025-02-01T21:00:00+00:00,AWS-DEL-103,16.5,988.9,75.0,False,,low,1.4,NORMAL,17.7,990.3,77.07,HEALTHY,replay,2.4,0.0
2025-02-01T22:00:00+00:00,AWS-DEL-103,15.8,989.8,83.0,False,,low,3.3,NORMAL,17.3,989.9,80.15,HEALTHY,replay,5.5,0.0
2025-02-01T23:00:00+00:00,AWS-DEL-103,15.2,989.6,88.0,False,,low,0.9,NORMAL,17.1,989.8,79.25,HEALTHY,replay,1.5,0.0
2025-02-02T00:00:00+00:00,AWS-DEL-103,14.6,989.4,88.0,False,,low,0.4,NORMAL,16.1,989.7,82.0,HEALTHY,replay,0.7,0.0
2025-02-02T01:00:00+00:00,AWS-DEL-103,13.8,989.1,92.0,False,,low,0.5,NORMAL,14.9,989.5,86.0,HEALTHY,replay,0.8,0.0
2025-02-02T02:00:00+00:00,AWS-DEL-103,13.2,988.5,93.0,False,,low,0.4,NORMAL,14.4,988.9,89.0,HEALTHY,replay,0.6,0.0
2025-02-02T03:00:00+00:00,AWS-DEL-103,13.1,988.3,93.0,False,,low,0.4,NORMAL,14.5,988.9,88.0,HEALTHY,replay,0.6,0.0
2025-02-02T04:00:00+00:00,AWS-DEL-103,13.1,988.3,91.0,False,,low,0.6,NORMAL,14.5,988.7,86.0,HEALTHY,replay,1.0,0.0
2025-02-02T05:00:00+00:00,AWS-DEL-103,12.8,988.4,91.0,False,,low,0.5,NORMAL,14.0,988.9,88.0,HEALTHY,replay,0.9,0.0
2025-02-02T06:00:00+00:00,AWS-DEL-103,12.6,989.1,94.0,False,,low,0.9,NORMAL,12.7,989.6,92.52,HEALTHY,replay,1.5,0.0
2025-02-02T07:00:00+00:00,AWS-DEL-103,12.5,989.7,94.0,False,,low,0.5,NORMAL,12.7,990.3,92.77,HEALTHY,replay,0.9,0.0
2025-02-02T08:00:00+00:00,AWS-DEL-103,14.3,991.0,87.0,False,,low,1.3,NORMAL,14.9,991.4,88.04,HEALTHY,replay,2.2,0.0
2025-02-02T09:00:00+00:00,AWS-DEL-103,16.7,991.9,77.0,False,,low,2.7,NORMAL,17.1,992.3,77.33,HEALTHY,replay,4.4,0.0
2025-02-02T10:00:00+00:00,AWS-DEL-103,19.2,992.5,68.0,False,,low,2.5,NORMAL,19.6,992.9,66.64,HEALTHY,replay,4.2,0.0
2025-02-02T11:00:00+00:00,AWS-DEL-103,21.4,992.1,57.0,False,,low,4.0,NORMAL,21.7,992.4,53.96,HEALTHY,replay,6.6,0.0
2025-02-02T12:00:00+00:00,AWS-DEL-103,22.8,991.2,49.0,False,,low,4.3,NORMAL,22.8,991.7,48.3,HEALTHY,replay,7.1,0.0
2025-02-02T13:00:00+00:00,AWS-DEL-103,23.4,990.2,43.0,False,,low,3.1,NORMAL,23.5,990.6,43.66,HEALTHY,replay,5.2,0.0
2025-02-02T14:00:00+00:00,AWS-DEL-103,23.4,989.5,42.0,False,,low,2.2,NORMAL,23.6,989.9,42.03,HEALTHY,replay,3.7,0.0
2025-02-02T15:00:00+00:00,AWS-DEL-103,23.0,989.1,41.0,False,,low,1.5,NORMAL,23.3,989.5,43.42,HEALTHY,replay,2.5,0.0
2025-02-02T16:00:00+00:00,AWS-DEL-103,22.2,989.0,43.0,False,,low,0.7,NORMAL,22.6,989.4,46.82,HEALTHY,replay,1.1,0.0
2025-02-02T17:00:00+00:00,AWS-DEL-103,20.5,989.0,53.0,False,,low,0.7,NORMAL,21.2,989.4,53.24,HEALTHY,replay,1.1,0.0
2025-02-02T18:00:00+00:00,AWS-DEL-103,18.7,989.1,69.0,False,,low,2.2,NORMAL,18.5,989.6,73.67,HEALTHY,replay,3.7,0.0
2025-02-02T19:00:00+00:00,AWS-DEL-103,17.5,989.5,76.0,False,,low,1.0,NORMAL,17.1,990.1,80.12,HEALTHY,replay,1.6,0.0
2025-02-02T20:00:00+00:00,AWS-DEL-103,16.7,990.1,80.0,False,,low,0.6,NORMAL,16.5,990.6,85.58,HEALTHY,replay,1.0,0.0
2025-02-02T21:00:00+00:00,AWS-DEL-103,16.0,990.2,83.0,False,,low,0.3,NORMAL,15.5,990.7,88.0,HEALTHY,replay,0.5,0.0
2025-02-02T22:00:00+00:00,AWS-DEL-103,15.2,990.4,86.0,False,,low,0.2,NORMAL,14.8,990.9,88.0,HEALTHY,replay,0.3,0.0
2025-02-02T23:00:00+00:00,AWS-DEL-103,14.3,990.2,90.0,False,,low,0.2,NORMAL,14.2,990.6,88.0,HEALTHY,replay,0.3,0.0
2025-02-03T00:00:00+00:00,AWS-DEL-103,13.6,989.5,91.0,False,,low,0.2,NORMAL,13.6,989.8,89.0,HEALTHY,replay,0.3,0.0
2025-02-03T01:00:00+00:00,AWS-DEL-103,12.8,988.7,91.0,False,,low,0.2,NORMAL,12.8,989.2,90.0,HEALTHY,replay,0.3,0.0
2025-02-03T02:00:00+00:00,AWS-DEL-103,12.0,988.3,91.0,False,,low,0.2,NORMAL,12.0,988.7,90.0,HEALTHY,replay,0.3,0.0
2025-02-03T03:00:00+00:00,AWS-DEL-103,11.3,988.1,92.0,False,,low,0.2,NORMAL,11.3,988.5,91.0,HEALTHY,replay,0.3,0.0
2025-02-03T04:00:00+00:00,AWS-DEL-103,10.8,987.9,93.0,False,,low,0.2,NORMAL,10.7,988.2,92.0,HEALTHY,replay,0.3,0.0
2025-02-03T05:00:00+00:00,AWS-DEL-103,10.3,987.8,93.0,False,,low,0.3,NORMAL,10.2,988.2,94.0,HEALTHY,replay,0.4,0.0
2025-02-03T06:00:00+00:00,AWS-DEL-103,10.6,988.7,95.0,False,,low,0.3,NORMAL,10.6,989.1,99.0,HEALTHY,replay,0.5,0.0
2025-02-03T07:00:00+00:00,AWS-DEL-103,10.4,989.3,94.0,False,,low,0.3,NORMAL,10.5,989.8,99.0,HEALTHY,replay,0.5,0.0
2025-02-03T08:00:00+00:00,AWS-DEL-103,12.2,990.2,87.0,False,,low,0.6,NORMAL,12.7,990.6,95.0,HEALTHY,replay,0.9,0.0
2025-02-03T09:00:00+00:00,AWS-DEL-103,14.7,991.1,76.0,False,,low,0.9,NORMAL,15.1,991.5,85.0,HEALTHY,replay,1.6,0.0
2025-02-03T10:00:00+00:00,AWS-DEL-103,17.5,991.5,65.0,False,,low,3.2,NORMAL,17.8,991.7,61.0,HEALTHY,replay,5.3,0.0
2025-02-03T11:00:00+00:00,AWS-DEL-103,19.8,990.9,49.0,False,,low,10.3,NORMAL,20.0,991.1,46.0,HEALTHY,replay,17.2,0.0
2025-02-03T12:00:00+00:00,AWS-DEL-103,21.3,989.6,39.0,False,,low,6.0,NORMAL,21.4,989.9,37.0,HEALTHY,replay,10.0,0.0
2025-02-03T13:00:00+00:00,AWS-DEL-103,22.1,988.6,37.0,False,,low,3.6,NORMAL,22.4,989.0,35.0,HEALTHY,replay,6.0,0.0
2025-02-03T14:00:00+00:00,AWS-DEL-103,22.5,988.1,35.0,False,,low,2.2,NORMAL,22.7,988.3,34.0,HEALTHY,replay,3.6,0.0
2025-02-03T15:00:00+00:00,AWS-DEL-103,22.5,987.8,36.0,False,,low,0.6,NORMAL,22.8,988.0,35.0,HEALTHY,replay,1.0,0.0
2025-02-03T16:00:00+00:00,AWS-DEL-103,21.8,987.8,39.0,False,,low,0.6,NORMAL,22.3,988.1,37.0,HEALTHY,replay,1.1,0.0
2025-02-03T17:00:00+00:00,AWS-DEL-103,19.5,987.9,54.0,False,,low,1.1,NORMAL,20.7,988.1,57.0,HEALTHY,replay,1.9,0.0
2025-02-03T18:00:00+00:00,AWS-DEL-103,17.3,988.7,62.0,False,,low,0.8,NORMAL,17.7,989.0,59.0,HEALTHY,replay,1.3,0.0
2025-02-03T19:00:00+00:00,AWS-DEL-103,16.3,989.2,66.0,False,,low,0.5,NORMAL,16.9,989.6,64.0,HEALTHY,replay,0.8,0.0
2025-02-03T20:00:00+00:00,AWS-DEL-103,15.1,989.7,71.0,False,,low,0.5,NORMAL,16.3,990.1,68.0,HEALTHY,replay,0.8,0.0
2025-02-03T21:00:00+00:00,AWS-DEL-103,14.0,989.9,75.0,False,,low,0.5,NORMAL,15.9,990.2,70.0,HEALTHY,replay,0.8,0.0
2025-02-03T22:00:00+00:00,AWS-DEL-103,14.6,989.9,69.0,False,,low,0.3,NORMAL,15.5,990.4,69.0,HEALTHY,replay,0.4,0.0
2025-02-03T23:00:00+00:00,AWS-DEL-103,14.3,989.6,75.0,False,,low,0.2,NORMAL,14.8,990.1,72.0,HEALTHY,replay,0.3,0.0
2025-02-04T00:00:00+00:00,AWS-DEL-103,13.3,989.4,80.0,False,,low,0.3,NORMAL,14.3,989.7,73.0,HEALTHY,replay,0.4,0.0
2025-02-04T01:00:00+00:00,AWS-DEL-103,13.0,989.1,83.0,False,,low,0.3,NORMAL,14.2,989.3,75.0,HEALTHY,replay,0.6,0.0
2025-02-04T02:00:00+00:00,AWS-DEL-103,12.8,988.8,86.0,False,,low,0.2,NORMAL,13.4,989.1,79.0,HEALTHY,replay,0.3,0.0
2025-02-04T03:00:00+00:00,AWS-DEL-103,11.9,988.3,88.0,False,,low,0.2,NORMAL,13.2,988.8,79.0,HEALTHY,replay,0.3,0.0
2025-02-04T04:00:00+00:00,AWS-DEL-103,11.2,988.2,89.0,False,,low,0.1,NORMAL,13.2,988.5,79.0,HEALTHY,replay,0.2,0.0
2025-02-04T05:00:00+00:00,AWS-DEL-103,11.2,988.5,89.0,False,,low,0.2,NORMAL,13.0,989.0,78.0,HEALTHY,replay,0.3,0.0
2025-02-04T06:00:00+00:00,AWS-DEL-103,13.0,989.8,84.0,False,,low,0.6,NORMAL,14.5,990.2,77.0,HEALTHY,replay,1.1,0.0
2025-02-04T07:00:00+00:00,AWS-DEL-103,13.4,990.4,83.0,False,,low,0.5,NORMAL,14.4,990.7,76.0,HEALTHY,replay,0.9,0.0
2025-02-04T08:00:00+00:00,AWS-DEL-103,14.1,990.9,82.0,False,,low,0.2,NORMAL,15.3,991.3,72.0,HEALTHY,replay,0.4,0.0
2025-02-04T09:00:00+00:00,AWS-DEL-103,16.1,991.7,74.0,False,,low,0.4,NORMAL,16.4,992.0,70.0,HEALTHY,replay,0.7,0.0
2025-02-04T10:00:00+00:00,AWS-DEL-103,18.1,992.1,65.0,False,,low,0.6,NORMAL,18.2,992.2,63.0,HEALTHY,replay,1.0,0.0
2025-02-04T11:00:00+00:00,AWS-DEL-103,19.7,991.8,61.0,False,,low,0.7,NORMAL,20.1,991.9,57.0,HEALTHY,replay,1.1,0.0
2025-02-04T12:00:00+00:00,AWS-DEL-103,21.3,990.6,56.0,False,,low,1.0,NORMAL,21.6,990.8,57.0,HEALTHY,replay,1.7,0.0
2025-02-04T13:00:00+00:00,AWS-DEL-103,22.1,989.4,55.0,False,,low,1.0,NORMAL,22.0,989.6,58.0,HEALTHY,replay,1.6,0.0
2025-02-04T14:00:00+00:00,AWS-DEL-103,22.5,988.7,56.0,False,,low,0.8,NORMAL,22.6,988.7,57.0,HEALTHY,replay,1.4,0.0
2025-02-04T15:00:00+00:00,AWS-DEL-103,22.3,988.3,59.0,False,,low,0.6,NORMAL,22.5,988.3,58.0,HEALTHY,replay,1.0,0.0
2025-02-04T16:00:00+00:00,AWS-DEL-103,21.7,987.9,63.0,False,,low,0.3,NORMAL,22.4,988.0,59.0,HEALTHY,replay,0.4,0.0
2025-02-04T17:00:00+00:00,AWS-DEL-103,20.5,987.7,71.0,False,,low,0.4,NORMAL,21.0,987.7,71.0,HEALTHY,replay,0.6,0.0
2025-02-04T18:00:00+00:00,AWS-DEL-103,18.5,987.9,85.0,False,,low,1.5,NORMAL,18.8,988.1,82.0,HEALTHY,replay,2.6,0.0
2025-02-04T19:00:00+00:00,AWS-DEL-103,17.2,988.3,91.0,False,,low,1.0,NORMAL,17.9,988.6,86.0,HEALTHY,replay,1.7,0.0
2025-02-04T20:00:00+00:00,AWS-DEL-103,16.7,988.5,92.0,False,,low,0.6,NORMAL,17.4,988.8,90.0,HEALTHY,replay,1.0,0.0
2025-02-04T21:00:00+00:00,AWS-DEL-103,16.1,988.5,93.0,False,,low,0.5,NORMAL,16.8,988.8,92.0,HEALTHY,replay,0.8,0.0
2025-02-04T22:00:00+00:00,AWS-DEL-103,15.4,988.3,95.0,False,,low,0.3,NORMAL,16.4,988.6,92.0,HEALTHY,replay,0.5,0.0
2025-02-04T23:00:00+00:00,AWS-DEL-103,14.8,988.2,97.0,False,,low,0.2,NORMAL,15.2,989.0,94.0,HEALTHY,replay,0.3,0.0
2025-02-05T00:00:00+00:00,AWS-DEL-103,14.9,988.3,96.0,False,,low,0.6,NORMAL,15.0,988.6,96.0,HEALTHY,replay,1.0,0.0
2025-02-05T01:00:00+00:00,AWS-DEL-103,14.6,988.3,94.0,False,,low,0.5,NORMAL,14.9,988.6,91.0,HEALTHY,replay,0.8,0.0
2025-02-05T02:00:00+00:00,AWS-DEL-103,14.3,987.9,95.0,False,,low,0.3,NORMAL,14.2,988.3,92.0,HEALTHY,replay,0.6,0.0
2025-02-05T03:00:00+00:00,AWS-DEL-103,13.8,987.7,95.0,False,,low,0.4,NORMAL,13.6,988.0,95.0,HEALTHY,replay,0.7,0.0
2025-02-05T04:00:00+00:00,AWS-DEL-103,13.2,987.9,95.0,False,,low,0.4,NORMAL,13.4,988.4,96.0,HEALTHY,replay,0.6,0.0
2025-02-05T05:00:00+00:00,AWS-DEL-103,12.5,988.2,96.0,False,,low,0.4,NORMAL,12.8,988.7,96.0,HEALTHY,replay,0.6,0.0
2025-02-05T06:00:00+00:00,AWS-DEL-103,11.9,988.7,96.0,False,,low,0.3,NORMAL,12.2,989.3,95.0,HEALTHY,replay,0.4,0.0
2025-02-05T07:00:00+00:00,AWS-DEL-103,11.8,989.5,96.0,False,,low,0.3,NORMAL,11.9,990.0,95.0,HEALTHY,replay,0.5,0.0
2025-02-05T08:00:00+00:00,AWS-DEL-103,13.1,990.4,92.0,False,,low,0.3,NORMAL,13.0,990.9,88.0,HEALTHY,replay,0.5,0.0
2025-02-05T09:00:00+00:00,AWS-DEL-103,15.3,991.7,82.0,False,,low,2.3,NORMAL,15.1,992.1,78.0,HEALTHY,replay,3.9,0.0
2025-02-05T10:00:00+00:00,AWS-DEL-103,17.7,992.2,68.0,False,,low,3.8,NORMAL,17.4,992.7,65.0,HEALTHY,replay,6.3,0.0
2025-02-05T11:00:00+00:00,AWS-DEL-103,19.7,992.1,54.0,False,,low,4.4,NORMAL,19.2,992.6,54.0,HEALTHY,replay,7.3,0.0
2025-02-05T12:00:00+00:00,AWS-DEL-103,20.9,991.2,42.0,False,,low,5.9,NORMAL,20.5,991.7,42.0,HEALTHY,replay,9.9,0.0
2025-02-05T13:00:00+00:00,AWS-DEL-103,21.4,990.4,38.0,False,,low,4.9,NORMAL,21.2,990.9,37.0,HEALTHY,replay,8.2,0.0
2025-02-05T14:00:00+00:00,AWS-DEL-103,21.4,989.8,35.0,False,,low,5.4,NORMAL,21.2,990.2,34.0,HEALTHY,replay,9.0,0.0
2025-02-05T15:00:00+00:00,AWS-DEL-103,21.1,989.4,33.0,False,,low,3.9,NORMAL,21.1,989.9,33.0,HEALTHY,replay,6.5,0.0
2025-02-05T16:00:00+00:00,AWS-DEL-103,20.3,989.5,37.0,False,,low,1.0,NORMAL,20.3,989.9,36.0,HEALTHY,replay,1.7,0.0
2025-02-05T17:00:00+00:00,AWS-DEL-103,18.6,989.5,46.0,False,,low,0.7,NORMAL,19.0,990.0,43.0,HEALTHY,replay,1.2,0.0
2025-02-05T18:00:00+00:00,AWS-DEL-103,17.1,990.0,50.0,False,,low,0.7,NORMAL,16.4,990.5,50.0,HEALTHY,replay,1.2,0.0
2025-02-05T19:00:00+00:00,AWS-DEL-103,16.2,990.7,55.0,False,,low,0.9,NORMAL,15.5,991.1,58.0,HEALTHY,replay,1.5,0.0
2025-02-05T20:00:00+00:00,AWS-DEL-103,15.4,991.2,60.0,False,,low,0.4,NORMAL,14.8,991.5,65.0,HEALTHY,replay,0.7,0.0
2025-02-05T21:00:00+00:00,AWS-DEL-103,14.7,991.7,65.0,False,,low,0.6,NORMAL,14.1,992.0,69.0,HEALTHY,replay,0.9,0.0
2025-02-05T22:00:00+00:00,AWS-DEL-103,14.1,992.0,69.0,False,,low,0.6,NORMAL,13.5,992.4,70.0,HEALTHY,replay,1.0,0.0
2025-02-05T23:00:00+00:00,AWS-DEL-103,13.5,991.8,68.0,False,,low,0.4,NORMAL,12.7,992.1,71.0,HEALTHY,replay,0.7,0.0
2025-02-06T00:00:00+00:00,AWS-DEL-103,12.7,991.5,66.0,False,,low,0.5,NORMAL,11.8,991.8,71.0,HEALTHY,replay,0.8,0.0
2025-02-06T01:00:00+00:00,AWS-DEL-103,12.3,991.3,66.0,False,,low,0.6,NORMAL,11.9,991.7,66.0,HEALTHY,replay,1.0,0.0
2025-02-06T02:00:00+00:00,AWS-DEL-103,12.5,990.5,60.0,False,,low,0.9,NORMAL,12.2,991.1,63.0,HEALTHY,replay,1.5,0.0
2025-02-06T03:00:00+00:00,AWS-DEL-103,12.5,990.2,58.0,False,,low,0.7,NORMAL,11.9,990.8,62.0,HEALTHY,replay,1.2,0.0
2025-02-06T04:00:00+00:00,AWS-DEL-103,12.6,990.1,56.0,False,,low,1.1,NORMAL,12.1,990.6,59.0,HEALTHY,replay,1.9,0.0
2025-02-06T05:00:00+00:00,AWS-DEL-103,12.6,990.3,54.0,False,,low,1.1,NORMAL,12.6,990.8,56.0,HEALTHY,replay,1.8,0.0
2025-02-06T06:00:00+00:00,AWS-DEL-103,11.6,991.4,72.0,False,,low,8.9,NORMAL,11.7,992.0,75.0,HEALTHY,replay,14.9,0.0
2025-02-06T07:00:00+00:00,AWS-DEL-103,11.0,992.0,76.0,False,,low,1.9,NORMAL,11.4,992.6,75.0,HEALTHY,replay,3.1,0.0
2025-02-06T08:00:00+00:00,AWS-DEL-103,12.6,992.6,72.0,False,,low,1.2,NORMAL,12.8,993.2,69.0,HEALTHY,replay,1.9,0.0
2025-02-06T09:00:00+00:00,AWS-DEL-103,15.1,993.2,64.0,False,,low,1.1,NORMAL,15.2,993.8,62.0,HEALTHY,replay,1.8,0.0
2025-02-06T10:00:00+00:00,AWS-DEL-103,17.7,993.6,52.0,False,,low,1.9,NORMAL,17.7,994.3,53.0,HEALTHY,replay,3.2,0.0
2025-02-06T11:00:00+00:00,AWS-DEL-103,19.8,993.3,39.0,False,,low,5.4,NORMAL,19.6,993.8,39.0,HEALTHY,replay,9.0,0.0
2025-02-06T12:00:00+00:00,AWS-DEL-103,20.9,992.3,29.0,False,,low,4.1,NORMAL,20.7,992.8,31.0,HEALTHY,replay,6.8,0.0
2025-02-06T13:00:00+00:00,AWS-DEL-103,21.3,991.4,27.0,False,,low,1.5,NORMAL,21.1,992.0,28.0,HEALTHY,replay,2.6,0.0
2025-02-06T14:00:00+00:00,AWS-DEL-103,21.1,990.6,29.0,False,,low,1.9,NORMAL,21.1,991.2,29.0,HEALTHY,replay,3.2,0.0
2025-02-06T15:00:00+00:00,AWS-DEL-103,20.6,990.1,31.0,False,,low,1.0,NORMAL,20.6,990.7,33.0,HEALTHY,replay,1.7,0.0
2025-02-06T16:00:00+00:00,AWS-DEL-103,19.7,989.9,36.0,False,,low,1.3,NORMAL,19.8,990.5,38.0,HEALTHY,replay,2.2,0.0
2025-02-06T17:00:00+00:00,AWS-DEL-103,18.2,989.9,43.0,False,,low,1.0,NORMAL,18.6,990.4,43.0,HEALTHY,replay,1.6,0.0
2025-02-06T18:00:00+00:00,AWS-DEL-103,17.1,990.2,49.0,False,,low,0.8,NORMAL,17.3,990.8,47.0,HEALTHY,replay,1.4,0.0
2025-02-06T19:00:00+00:00,AWS-DEL-103,15.8,990.6,56.0,False,,low,1.0,NORMAL,15.9,991.3,51.0,HEALTHY,replay,1.7,0.0
2025-02-06T20:00:00+00:00,AWS-DEL-103,15.0,991.3,59.0,False,,low,0.4,NORMAL,15.6,991.9,52.0,HEALTHY,replay,0.7,0.0
2025-02-06T21:00:00+00:00,AWS-DEL-103,14.3,991.9,58.0,False,,low,0.3,NORMAL,14.8,992.4,54.0,HEALTHY,replay,0.5,0.0
2025-02-06T22:00:00+00:00,AWS-DEL-103,13.7,991.7,59.0,False,,low,0.1,NORMAL,14.2,992.4,55.0,HEALTHY,replay,0.2,0.0
2025-02-06T23:00:00+00:00,AWS-DEL-103,13.2,991.8,61.0,False,,low,0.2,NORMAL,13.5,992.5,57.0,HEALTHY,replay,0.3,0.0
2025-02-07T00:00:00+00:00,AWS-DEL-103,13.0,991.6,60.0,False,,low,0.2,NORMAL,13.1,992.3,59.0,HEALTHY,replay,0.4,0.0
2025-02-07T01:00:00+00:00,AWS-DEL-103,12.6,991.2,60.0,False,,low,0.2,NORMAL,12.6,992.0,60.0,HEALTHY,replay,0.4,0.0
2025-02-07T02:00:00+00:00,AWS-DEL-103,12.1,990.9,60.0,False,,low,0.1,NORMAL,12.2,991.5,60.0,HEALTHY,replay,0.2,0.0
2025-02-07T03:00:00+00:00,AWS-DEL-103,11.5,990.4,61.0,False,,low,0.1,NORMAL,11.7,991.1,61.0,HEALTHY,replay,0.2,0.0
2025-02-07T04:00:00+00:00,AWS-DEL-103,10.9,990.3,62.0,False,,low,0.1,NORMAL,11.2,991.1,62.0,HEALTHY,replay,0.2,0.0
2025-02-07T05:00:00+00:00,AWS-DEL-103,10.7,990.4,62.0,False,,low,0.3,NORMAL,10.8,991.1,64.0,HEALTHY,replay,0.5,0.0
2025-02-07T06:00:00+00:00,AWS-DEL-103,10.7,990.8,72.0,False,,low,0.5,NORMAL,10.7,991.5,73.0,HEALTHY,replay,0.8,0.0
2025-02-07T07:00:00+00:00,AWS-DEL-103,10.7,991.4,71.0,False,,low,0.3,NORMAL,10.9,991.63,77.0,HEALTHY,replay,0.4,0.0
2025-02-07T08:00:00+00:00,AWS-DEL-103,12.3,992.0,65.0,False,,low,0.3,NORMAL,12.6,992.04,72.0,HEALTHY,replay,0.5,0.0
2025-02-07T09:00:00+00:00,AWS-DEL-103,14.3,992.8,58.0,False,,low,0.5,NORMAL,14.4,993.87,65.0,HEALTHY,replay,0.8,0.0
2025-02-07T10:00:00+00:00,AWS-DEL-103,16.4,992.9,50.0,False,,low,0.8,NORMAL,16.2,993.4,51.0,HEALTHY,replay,1.3,0.0
2025-02-07T11:00:00+00:00,AWS-DEL-103,18.4,992.6,42.0,False,,low,3.3,NORMAL,18.2,993.2,45.0,HEALTHY,replay,5.4,0.0
2025-02-07T12:00:00+00:00,AWS-DEL-103,20.1,991.9,37.0,False,,low,1.8,NORMAL,19.7,992.6,39.0,HEALTHY,replay,2.9,0.0
2025-02-07T13:00:00+00:00,AWS-DEL-103,21.0,991.1,31.0,False,,low,1.5,NORMAL,20.6,991.9,35.0,HEALTHY,replay,2.4,0.0
2025-02-07T14:00:00+00:00,AWS-DEL-103,21.2,990.4,29.0,False,,low,0.9,NORMAL,20.8,991.1,32.0,HEALTHY,replay,1.5,0.0
2025-02-07T15:00:00+00:00,AWS-DEL-103,20.9,989.9,30.0,False,,low,0.9,NORMAL,20.7,990.6,31.0,HEALTHY,replay,1.4,0.0
2025-02-07T16:00:00+00:00,AWS-DEL-103,20.0,989.7,34.0,False,,low,0.9,NORMAL,20.0,990.3,36.0,HEALTHY,replay,1.5,0.0
2025-02-07T17:00:00+00:00,AWS-DEL-103,18.4,989.7,42.0,False,,low,0.7,NORMAL,18.6,990.2,41.0,HEALTHY,replay,1.2,0.0
2025-02-07T18:00:00+00:00,AWS-DEL-103,17.6,990.0,45.0,False,,low,0.2,NORMAL,17.3,990.6,45.0,HEALTHY,replay,0.4,0.0
2025-02-07T19:00:00+00:00,AWS-DEL-103,16.6,990.6,50.0,False,,low,0.2,NORMAL,16.4,991.2,50.0,HEALTHY,replay,0.4,0.0
2025-02-07T20:00:00+00:00,AWS-DEL-103,15.8,990.9,53.0,False,,low,0.1,NORMAL,15.9,991.6,52.0,HEALTHY,replay,0.2,0.0
2025-02-07T21:00:00+00:00,AWS-DEL-103,15.0,990.9,54.0,False,,low,0.2,NORMAL,15.1,991.5,53.0,HEALTHY,replay,0.3,0.0
2025-02-07T22:00:00+00:00,AWS-DEL-103,14.2,990.8,56.0,False,,low,0.2,NORMAL,14.3,991.4,54.0,HEALTHY,replay,0.3,0.0
2025-02-07T23:00:00+00:00,AWS-DEL-103,13.7,990.6,56.0,False,,low,0.2,NORMAL,13.8,991.2,55.0,HEALTHY,replay,0.3,0.0
2025-02-08T00:00:00+00:00,AWS-DEL-103,13.2,989.7,57.0,False,,low,0.4,NORMAL,13.2,990.2,56.0,HEALTHY,replay,0.6,0.0
2025-02-08T01:00:00+00:00,AWS-DEL-103,12.7,989.2,57.0,False,,low,0.3,NORMAL,12.6,989.8,57.0,HEALTHY,replay,0.5,0.0
2025-02-08T02:00:00+00:00,AWS-DEL-103,12.3,988.6,58.0,False,,low,0.3,NORMAL,12.3,989.1,57.0,HEALTHY,replay,0.6,0.0
2025-02-08T03:00:00+00:00,AWS-DEL-103,12.2,988.4,57.0,False,,low,0.3,NORMAL,12.4,989.0,56.0,HEALTHY,replay,0.5,0.0
2025-02-08T04:00:00+00:00,AWS-DEL-103,11.9,988.2,58.0,False,,low,0.4,NORMAL,11.8,988.8,57.0,HEALTHY,replay,0.6,0.0
2025-02-08T05:00:00+00:00,AWS-DEL-103,11.8,988.3,57.0,False,,low,0.3,NORMAL,11.5,989.0,58.0,HEALTHY,replay,0.5,0.0
2025-02-08T06:00:00+00:00,AWS-DEL-103,11.2,989.3,65.0,False,,low,0.4,NORMAL,11.2,990.1,66.0,HEALTHY,replay,0.7,0.0
2025-02-08T07:00:00+00:00,AWS-DEL-103,11.1,990.1,66.0,False,,low,0.3,NORMAL,11.1,990.8,66.0,HEALTHY,replay,0.4,0.0
2025-02-08T08:00:00+00:00,AWS-DEL-103,12.8,991.1,62.0,False,,low,0.3,NORMAL,12.3,991.6,63.0,HEALTHY,replay,0.5,0.0
2025-02-08T09:00:00+00:00,AWS-DEL-103,15.1,991.9,54.0,False,,low,0.4,NORMAL,14.5,992.5,56.0,HEALTHY,replay,0.7,0.0
2025-02-08T10:00:00+00:00,AWS-DEL-103,17.6,992.4,47.0,False,,low,0.5,NORMAL,17.2,993.1,48.0,HEALTHY,replay,0.8,0.0
2025-02-08T11:00:00+00:00,AWS-DEL-103,19.8,992.2,42.0,False,,low,1.3,NORMAL,19.6,992.8,42.0,HEALTHY,replay,2.1,0.0
2025-02-08T12:00:00+00:00,AWS-DEL-103,21.7,991.1,36.0,False,,low,1.2,NORMAL,21.5,991.7,36.0,HEALTHY,replay,1.9,0.0
2025-02-08T13:00:00+00:00,AWS-DEL-103,22.8,990.1,32.0,False,,low,1.7,NORMAL,22.8,990.6,32.0,HEALTHY,replay,2.8,0.0
2025-02-08T14:00:00+00:00,AWS-DEL-103,23.1,989.1,31.0,False,,low,3.4,NORMAL,23.3,989.6,30.0,HEALTHY,replay,5.7,0.0
2025-02-08T15:00:00+00:00,AWS-DEL-103,22.8,988.6,35.0,False,,low,2.1,NORMAL,23.2,989.1,31.0,HEALTHY,replay,3.5,0.0
2025-02-08T16:00:00+00:00,AWS-DEL-103,21.9,988.3,39.0,False,,low,0.9,NORMAL,22.4,988.8,35.0,HEALTHY,replay,1.6,0.0
2025-02-08T17:00:00+00:00,AWS-DEL-103,20.1,988.4,48.0,False,,low,0.7,NORMAL,20.3,989.0,46.0,HEALTHY,replay,1.1,0.0
2025-02-08T18:00:00+00:00,AWS-DEL-103,18.5,988.6,53.0,False,,low,0.3,NORMAL,19.1,989.2,47.0,HEALTHY,replay,0.5,0.0
2025-02-08T19:00:00+00:00,AWS-DEL-103,17.4,989.5,59.0,False,,low,0.3,NORMAL,17.6,990.2,54.0,HEALTHY,replay,0.5,0.0
2025-02-08T20:00:00+00:00,AWS-DEL-103,16.4,989.9,64.0,False,,low,0.2,NORMAL,16.3,990.5,61.0,HEALTHY,replay,0.3,0.0
2025-02-08T21:00:00+00:00,AWS-DEL-103,16.0,990.4,66.0,False,,low,0.1,NORMAL,15.2,990.9,69.0,HEALTHY,replay,0.2,0.0
2025-02-08T22:00:00+00:00,AWS-DEL-103,15.7,990.6,68.0,False,,low,0.1,NORMAL,14.4,991.1,73.0,HEALTHY,replay,0.2,0.0
2025-02-08T23:00:00+00:00,AWS-DEL-103,15.3,990.5,71.0,False,,low,0.2,NORMAL,13.8,990.9,74.0,HEALTHY,replay,0.3,0.0
2025-02-09T00:00:00+00:00,AWS-DEL-103,14.8,990.2,72.0,False,,low,0.2,NORMAL,13.2,990.6,75.0,HEALTHY,replay,0.4,0.0
2025-02-09T01:00:00+00:00,AWS-DEL-103,14.3,989.7,72.0,False,,low,0.2,NORMAL,12.9,990.2,74.0,HEALTHY,replay,0.4,0.0
2025-02-09T02:00:00+00:00,AWS-DEL-103,13.8,989.2,73.0,False,,low,0.2,NORMAL,12.5,989.5,75.0,HEALTHY,replay,0.3,0.0
2025-02-09T03:00:00+00:00,AWS-DEL-103,13.1,988.6,76.0,False,,low,0.2,NORMAL,12.2,989.0,77.0,HEALTHY,replay,0.3,0.0
2025-02-09T04:00:00+00:00,AWS-DEL-103,12.3,988.2,79.0,False,,low,0.1,NORMAL,11.9,988.6,78.0,HEALTHY,replay,0.2,0.0
2025-02-09T05:00:00+00:00,AWS-DEL-103,11.4,988.2,82.0,False,,low,0.1,NORMAL,11.4,988.6,80.0,HEALTHY,replay,0.2,0.0
2025-02-09T06:00:00+00:00,AWS-DEL-103,10.1,988.9,90.0,False,,low,0.5,NORMAL,10.5,989.3,86.0,HEALTHY,replay,0.8,0.0
2025-02-09T07:00:00+00:00,AWS-DEL-103,9.8,989.4,90.0,False,,low,0.3,NORMAL,10.5,989.7,86.0,HEALTHY,replay,0.6,0.0
2025-02-09T08:00:00+00:00,AWS-DEL-103,12.3,990.3,78.0,False,,low,0.8,NORMAL,12.9,990.7,76.0,HEALTHY,replay,1.3,0.0
2025-02-09T09:00:00+00:00,AWS-DEL-103,15.3,991.4,67.0,False,,low,1.5,NORMAL,15.9,991.8,66.0,HEALTHY,replay,2.5,0.0
2025-02-09T10:00:00+00:00,AWS-DEL-103,18.4,991.6,55.0,False,,low,3.2,NORMAL,18.6,992.0,56.0,HEALTHY,replay,5.4,0.0
2025-02-09T11:00:00+00:00,AWS-DEL-103,21.0,991.3,44.0,False,,low,4.3,NORMAL,21.6,991.7,44.0,HEALTHY,replay,7.2,0.0
2025-02-09T12:00:00+00:00,AWS-DEL-103,23.0,990.4,35.0,False,,low,7.3,NORMAL,23.7,990.8,33.0,HEALTHY,replay,12.1,0.0
2025-02-09T13:00:00+00:00,AWS-DEL-103,24.2,989.2,29.0,False,,low,5.8,NORMAL,24.8,989.6,27.0,HEALTHY,replay,9.7,0.0
2025-02-09T14:00:00+00:00,AWS-DEL-103,24.8,988.4,26.0,False,,low,2.9,NORMAL,25.2,988.8,26.0,HEALTHY,replay,4.8,0.0
2025-02-09T15:00:00+00:00,AWS-DEL-103,24.8,987.9,26.0,False,,low,1.0,NORMAL,24.9,988.2,28.0,HEALTHY,replay,1.6,0.0
2025-02-09T16:00:00+00:00,AWS-DEL-103,23.9,987.6,31.0,False,,low,0.4,NORMAL,24.1,988.0,32.0,HEALTHY,replay,0.7,0.0
2025-02-09T17:00:00+00:00,AWS-DEL-103,21.4,987.3,46.0,False,,low,1.4,NORMAL,21.0,987.8,43.0,HEALTHY,replay,2.4,0.0
2025-02-09T18:00:00+00:00,AWS-DEL-103,19.1,987.5,60.0,False,,low,3.9,NORMAL,18.8,988.0,50.0,HEALTHY,replay,6.5,0.0
2025-02-09T19:00:00+00:00,AWS-DEL-103,17.9,988.0,66.0,False,,low,1.1,NORMAL,17.3,988.5,59.0,HEALTHY,replay,1.9,0.0
2025-02-09T20:00:00+00:00,AWS-DEL-103,16.8,988.4,72.0,False,,low,1.2,NORMAL,16.2,988.9,65.0,HEALTHY,replay,2.0,0.0
2025-02-09T21:00:00+00:00,AWS-DEL-103,15.4,988.8,79.0,False,,low,2.1,NORMAL,16.8,989.2,68.0,HEALTHY,replay,3.6,0.0
2025-02-09T22:00:00+00:00,AWS-DEL-103,14.2,988.6,85.0,False,,low,2.4,NORMAL,16.0,989.1,71.0,HEALTHY,replay,4.0,0.0
2025-02-09T23:00:00+00:00,AWS-DEL-103,13.2,988.1,87.0,False,,low,0.9,NORMAL,15.2,988.7,73.0,HEALTHY,replay,1.4,0.0
2025-02-10T00:00:00+00:00,AWS-DEL-103,12.4,987.6,90.0,False,,low,0.5,NORMAL,14.3,988.2,76.0,HEALTHY,replay,0.8,0.0
2025-02-10T01:00:00+00:00,AWS-DEL-103,11.9,987.4,91.0,False,,low,0.3,NORMAL,13.6,987.9,81.0,HEALTHY,replay,0.5,0.0
2025-02-10T02:00:00+00:00,AWS-DEL-103,11.7,987.0,92.0,False,,low,0.3,NORMAL,12.9,987.5,84.0,HEALTHY,replay,0.5,0.0
2025-02-10T03:00:00+00:00,AWS-DEL-103,11.6,986.9,93.0,False,,low,0.3,NORMAL,12.4,987.3,86.0,HEALTHY,replay,0.5,0.0
2025-02-10T04:00:00+00:00,AWS-DEL-103,11.2,986.5,93.0,False,,low,0.3,NORMAL,11.8,986.9,88.0,HEALTHY,replay,0.4,0.0
2025-02-10T05:00:00+00:00,AWS-DEL-103,10.8,986.6,94.0,False,,low,0.3,NORMAL,11.3,987.0,89.0,HEALTHY,replay,0.5,0.0
2025-02-10T06:00:00+00:00,AWS-DEL-103,10.6,987.8,96.0,False,,low,0.4,NORMAL,11.1,988.3,93.0,HEALTHY,replay,0.7,0.0
2025-02-10T07:00:00+00:00,AWS-DEL-103,10.6,988.2,96.0,False,,low,0.5,NORMAL,11.3,988.7,93.0,HEALTHY,replay,0.9,0.0
2025-02-10T08:00:00+00:00,AWS-DEL-103,13.4,989.4,88.0,False,,low,1.2,NORMAL,13.9,989.8,84.0,HEALTHY,replay,2.0,0.0
2025-02-10T09:00:00+00:00,AWS-DEL-103,17.1,990.6,74.0,False,,low,8.8,NORMAL,17.4,992.5,71.0,HEALTHY,replay,14.6,0.0
2025-02-10T10:00:00+00:00,AWS-DEL-103,20.5,991.3,58.0,False,,low,17.7,NORMAL,21.1,993.2,56.0,HEALTHY,replay,29.5,0.0
2025-02-10T11:00:00+00:00,AWS-DEL-103,23.4,991.1,42.0,False,,low,27.3,NORMAL,24.0,992.9,40.0,HEALTHY,replay,45.4,0.0
2025-02-10T12:00:00+00:00,AWS-DEL-103,25.2,990.4,31.0,False,,low,19.8,NORMAL,25.8,992.09,31.0,HEALTHY,replay,33.0,0.0
2025-02-10T13:00:00+00:00,AWS-DEL-103,26.2,989.3,26.0,False,,low,8.4,NORMAL,26.2,989.5,28.0,HEALTHY,replay,13.9,0.0
2025-02-10T14:00:00+00:00,AWS-DEL-103,26.6,988.4,24.0,False,,low,2.4,NORMAL,26.4,988.8,27.0,HEALTHY,replay,4.0,0.0
2025-02-10T15:00:00+00:00,AWS-DEL-103,26.4,987.9,26.0,False,,low,1.7,NORMAL,27.0,988.2,24.0,HEALTHY,replay,2.9,0.0
2025-02-10T16:00:00+00:00,AWS-DEL-103,25.0,987.8,36.0,False,,low,1.4,NORMAL,26.6,988.1,28.0,HEALTHY,replay,2.4,0.0
2025-02-10T17:00:00+00:00,AWS-DEL-103,22.5,987.6,47.0,False,,low,3.3,NORMAL,24.5,987.9,37.0,HEALTHY,replay,5.4,0.0
2025-02-10T18:00:00+00:00,AWS-DEL-103,20.5,987.7,58.0,False,,low,4.2,NORMAL,22.2,988.1,47.0,HEALTHY,replay,7.0,0.0
2025-02-10T19:00:00+00:00,AWS-DEL-103,18.8,988.4,65.0,False,,low,3.9,NORMAL,20.9,988.8,57.0,HEALTHY,replay,6.5,0.0
2025-02-10T20:00:00+00:00,AWS-DEL-103,17.6,988.8,73.0,False,,low,5.6,NORMAL,19.2,989.2,60.0,HEALTHY,replay,9.3,0.0
2025-02-10T21:00:00+00:00,AWS-DEL-103,16.7,989.0,80.0,False,,low,3.9,NORMAL,17.5,989.3,64.0,HEALTHY,replay,6.5,0.0
2025-02-10T22:00:00+00:00,AWS-DEL-103,15.4,989.1,88.0,False,,low,5.7,NORMAL,16.6,989.7,75.0,HEALTHY,replay,9.5,0.0
2025-02-10T23:00:00+00:00,AWS-DEL-103,14.4,988.9,91.0,False,,low,1.7,NORMAL,15.9,989.4,78.0,HEALTHY,replay,2.8,0.0
2025-02-11T00:00:00+00:00,AWS-DEL-103,13.9,988.4,92.0,False,,low,1.2,NORMAL,14.8,988.9,83.0,HEALTHY,replay,2.0,0.0
2025-02-11T01:00:00+00:00,AWS-DEL-103,13.4,987.8,94.0,False,,low,0.7,NORMAL,14.3,988.2,85.0,HEALTHY,replay,1.1,0.0
2025-02-11T02:00:00+00:00,AWS-DEL-103,12.9,986.9,94.0,False,,low,0.8,NORMAL,13.5,987.5,88.0,HEALTHY,replay,1.4,0.0
2025-02-11T03:00:00+00:00,AWS-DEL-103,12.4,986.7,95.0,False,,low,0.7,NORMAL,13.0,987.4,90.0,HEALTHY,replay,1.1,0.0
2025-02-11T04:00:00+00:00,AWS-DEL-103,12.0,986.7,96.0,False,,low,0.8,NORMAL,12.9,987.2,90.0,HEALTHY,replay,1.3,0.0
2025-02-11T05:00:00+00:00,AWS-DEL-103,12.0,986.9,95.0,False,,low,0.7,NORMAL,12.7,987.5,89.0,HEALTHY,replay,1.2,0.0
2025-02-11T06:00:00+00:00,AWS-DEL-103,11.2,987.9,99.0,False,,low,1.9,NORMAL,12.6,988.2,89.0,HEALTHY,replay,3.1,0.0
2025-02-11T07:00:00+00:00,AWS-DEL-103,11.9,988.2,98.0,False,,low,1.6,NORMAL,12.3,988.5,91.0,HEALTHY,replay,2.7,0.0
2025-02-11T08:00:00+00:00,AWS-DEL-103,14.2,989.1,92.0,False,,low,2.2,NORMAL,14.3,989.4,83.0,HEALTHY,replay,3.7,0.0
2025-02-11T09:00:00+00:00,AWS-DEL-103,18.4,990.2,75.0,False,,low,17.3,NORMAL,18.2,990.5,68.0,HEALTHY,replay,28.8,0.0
2025-02-11T10:00:00+00:00,AWS-DEL-103,21.8,990.8,56.0,False,,low,33.6,NORMAL,22.0,991.1,51.0,HEALTHY,replay,56.0,0.0
2025-02-11T11:00:00+00:00,AWS-DEL-103,24.4,990.4,38.0,False,,low,34.4,NORMAL,24.6,990.6,41.0,HEALTHY,replay,57.4,0.0
2025-02-11T12:00:00+00:00,AWS-DEL-103,25.9,989.5,32.0,False,,low,22.9,NORMAL,26.2,989.8,37.0,HEALTHY,replay,38.2,0.0
2025-02-11T13:00:00+00:00,AWS-DEL-103,26.9,988.6,31.0,False,,low,7.2,NORMAL,27.3,988.8,33.0,HEALTHY,replay,12.0,0.0
2025-02-11T14:00:00+00:00,AWS-DEL-103,27.3,987.6,30.0,False,,low,7.0,NORMAL,27.9,987.9,26.0,HEALTHY,replay,11.7,0.0
2025-02-11T15:00:00+00:00,AWS-DEL-103,26.9,987.0,30.0,False,,low,2.8,NORMAL,27.7,987.2,25.0,HEALTHY,replay,4.7,0.0
2025-02-11T16:00:00+00:00,AWS-DEL-103,25.2,986.7,40.0,False,,low,1.5,NORMAL,26.5,987.0,32.0,HEALTHY,replay,2.5,0.0
2025-02-11T17:00:00+00:00,AWS-DEL-103,23.2,986.8,49.0,False,,low,3.3,NORMAL,24.9,987.0,40.0,HEALTHY,replay,5.5,0.0
2025-02-11T18:00:00+00:00,AWS-DEL-103,21.1,986.7,57.0,False,,low,3.3,NORMAL,23.5,987.0,44.0,HEALTHY,replay,5.5,0.0
2025-02-11T19:00:00+00:00,AWS-DEL-103,19.7,987.2,64.0,False,,low,1.6,NORMAL,21.9,987.5,52.0,HEALTHY,replay,2.7,0.0
2025-02-11T20:00:00+00:00,AWS-DEL-103,18.2,987.4,71.0,False,,low,5.0,NORMAL,19.9,987.8,56.0,HEALTHY,replay,8.4,0.0
2025-02-11T21:00:00+00:00,AWS-DEL-103,16.6,987.8,79.0,False,,low,4.9,NORMAL,19.2,988.1,64.0,HEALTHY,replay,8.2,0.0
2025-02-11T22:00:00+00:00,AWS-DEL-103,16.1,988.2,82.0,False,,low,1.1,NORMAL,17.9,988.6,68.0,HEALTHY,replay,1.8,0.0
2025-02-11T23:00:00+00:00,AWS-DEL-103,15.4,987.7,83.0,False,,low,0.6,NORMAL,16.8,988.4,74.0,HEALTHY,replay,1.1,0.0
2025-02-12T00:00:00+00:00,AWS-DEL-103,14.8,987.5,84.0,False,,low,0.5,NORMAL,16.3,988.3,77.0,HEALTHY,replay,0.8,0.0
2025-02-12T01:00:00+00:00,AWS-DEL-103,13.9,987.5,86.0,False,,low,0.6,NORMAL,15.6,988.0,80.0,HEALTHY,replay,1.0,0.0
2025-02-12T02:00:00+00:00,AWS-DEL-103,13.6,987.1,86.0,False,,low,0.4,NORMAL,15.2,987.5,79.0,HEALTHY,replay,0.7,0.0
2025-02-12T03:00:00+00:00,AWS-DEL-103,13.7,986.6,79.0,False,,low,1.0,NORMAL,14.1,987.1,82.0,HEALTHY,replay,1.7,0.0
2025-02-12T04:00:00+00:00,AWS-DEL-103,13.2,986.5,78.0,False,,low,0.5,NORMAL,13.3,987.2,80.0,HEALTHY,replay,0.8,0.0
2025-02-12T05:00:00+00:00,AWS-DEL-103,12.9,987.0,75.0,False,,low,0.5,NORMAL,12.9,987.6,78.0,HEALTHY,replay,0.9,0.0
2025-02-12T06:00:00+00:00,AWS-DEL-103,13.2,987.7,84.0,False,,low,1.2,NORMAL,13.2,988.3,84.0,HEALTHY,replay,2.1,0.0
2025-02-12T07:00:00+00:00,AWS-DEL-103,13.2,988.4,82.0,False,,low,0.5,NORMAL,13.6,989.0,81.0,HEALTHY,replay,0.8,0.0
2025-02-12T08:00:00+00:00,AWS-DEL-103,15.1,989.5,74.0,False,,low,0.6,NORMAL,15.2,990.1,70.0,HEALTHY,replay,1.0,0.0
2025-02-12T09:00:00+00:00,AWS-DEL-103,17.6,990.8,63.0,False,,low,3.6,NORMAL,17.8,991.3,59.0,HEALTHY,replay,6.0,0.0
2025-02-12T10:00:00+00:00,AWS-DEL-103,20.1,991.1,53.0,False,,low,2.5,NORMAL,20.6,991.6,47.0,HEALTHY,replay,4.1,0.0
2025-02-12T11:00:00+00:00,AWS-DEL-103,22.6,990.7,44.0,False,,low,2.4,NORMAL,23.3,991.4,36.0,HEALTHY,replay,4.0,0.0
2025-02-12T12:00:00+00:00,AWS-DEL-103,24.3,990.2,32.0,False,,low,4.5,NORMAL,24.9,990.8,27.0,HEALTHY,replay,7.5,0.0
2025-02-12T13:00:00+00:00,AWS-DEL-103,24.6,989.1,30.0,False,,low,1.9,NORMAL,25.3,989.7,25.0,HEALTHY,replay,3.1,0.0
2025-02-12T14:00:00+00:00,AWS-DEL-103,24.5,988.3,30.0,False,,low,0.9,NORMAL,25.6,988.7,24.0,HEALTHY,replay,1.4,0.0
2025-02-12T15:00:00+00:00,AWS-DEL-103,24.2,988.3,29.0,False,,low,0.6,NORMAL,25.41,988.9,24.0,HEALTHY,replay,0.9,0.0
2025-02-12T16:00:00+00:00,AWS-DEL-103,23.2,988.3,33.0,False,,low,0.6,NORMAL,24.6,988.9,29.0,HEALTHY,replay,1.0,0.0
2025-02-12T17:00:00+00:00,AWS-DEL-103,21.6,988.3,42.0,False,,low,0.7,NORMAL,22.9,988.9,36.0,HEALTHY,replay,1.1,0.0
2025-02-12T18:00:00+00:00,AWS-DEL-103,20.6,988.8,44.0,False,,low,0.4,NORMAL,21.2,989.5,44.0,HEALTHY,replay,0.7,0.0
2025-02-12T19:00:00+00:00,AWS-DEL-103,20.0,989.4,47.0,False,,low,0.5,NORMAL,20.3,990.1,49.0,HEALTHY,replay,0.8,0.0
2025-02-12T20:00:00+00:00,AWS-DEL-103,19.3,990.0,48.0,False,,low,0.7,NORMAL,19.6,990.4,46.0,HEALTHY,replay,1.1,0.0
2025-02-12T21:00:00+00:00,AWS-DEL-103,18.3,990.3,48.0,False,,low,0.5,NORMAL,19.0,990.8,46.0,HEALTHY,replay,0.8,0.0
2025-02-12T22:00:00+00:00,AWS-DEL-103,17.4,990.6,49.0,False,,low,0.6,NORMAL,18.2,989.3,45.0,HEALTHY,replay,1.0,0.0
2025-02-12T23:00:00+00:00,AWS-DEL-103,16.5,990.4,50.0,False,,low,0.7,NORMAL,17.4,989.0,44.0,HEALTHY,replay,1.2,0.0
2025-02-13T00:00:00+00:00,AWS-DEL-103,15.9,990.1,52.0,False,,low,0.5,NORMAL,16.7,988.6,45.0,HEALTHY,replay,0.8,0.0
2025-02-13T01:00:00+00:00,AWS-DEL-103,15.3,989.7,53.0,False,,low,0.5,NORMAL,16.0,990.2,46.0,HEALTHY,replay,0.8,0.0
2025-02-13T02:00:00+00:00,AWS-DEL-103,14.8,989.4,57.0,False,,low,0.3,NORMAL,15.3,989.8,49.0,HEALTHY,replay,0.4,0.0
2025-02-13T03:00:00+00:00,AWS-DEL-103,14.4,988.8,60.0,False,,low,0.2,NORMAL,14.7,989.4,54.0,HEALTHY,replay,0.3,0.0
2025-02-13T04:00:00+00:00,AWS-DEL-103,13.9,988.3,62.0,False,,low,0.2,NORMAL,13.9,988.9,59.0,HEALTHY,replay,0.3,0.0
2025-02-13T05:00:00+00:00,AWS-DEL-103,13.5,988.3,62.0,False,,low,0.2,NORMAL,13.2,989.0,62.0,HEALTHY,replay,0.3,0.0
2025-02-13T06:00:00+00:00,AWS-DEL-103,13.8,988.5,65.0,False,,low,0.4,NORMAL,14.1,989.2,66.0,HEALTHY,replay,0.6,0.0
2025-02-13T07:00:00+00:00,AWS-DEL-103,13.6,989.3,65.0,False,,low,0.3,NORMAL,14.3,990.0,66.0,HEALTHY,replay,0.6,0.0
2025-02-13T08:00:00+00:00,AWS-DEL-103,15.0,990.2,63.0,False,,low,0.2,NORMAL,15.9,991.1,66.0,HEALTHY,replay,0.4,0.0
2025-02-13T09:00:00+00:00,AWS-DEL-103,17.0,991.1,56.0,False,,low,0.2,NORMAL,17.6,991.8,60.0,HEALTHY,replay,0.4,0.0
2025-02-13T10:00:00+00:00,AWS-DEL-103,19.2,991.4,47.0,False,,low,0.4,NORMAL,20.0,991.8,52.0,HEALTHY,replay,0.7,0.0
2025-02-13T11:00:00+00:00,AWS-DEL-103,21.1,991.3,39.0,False,,low,1.2,NORMAL,22.2,991.9,42.0,HEALTHY,replay,2.0,0.0
2025-02-13T12:00:00+00:00,AWS-DEL-103,22.4,990.2,35.0,False,,low,0.6,NORMAL,23.8,990.9,37.0,HEALTHY,replay,1.0,0.0
2025-02-13T13:00:00+00:00,AWS-DEL-103,23.1,989.2,30.0,False,,low,1.0,NORMAL,24.5,989.8,32.0,HEALTHY,replay,1.6,0.0
2025-02-13T14:00:00+00:00,AWS-DEL-103,23.3,988.4,28.0,False,,low,0.6,NORMAL,24.8,989.1,28.0,HEALTHY,replay,1.0,0.0
2025-02-13T15:00:00+00:00,AWS-DEL-103,23.0,987.8,28.0,False,,low,0.4,NORMAL,24.5,988.4,28.0,HEALTHY,replay,0.7,0.0
2025-02-13T16:00:00+00:00,AWS-DEL-103,22.2,987.7,32.0,False,,low,0.4,NORMAL,22.6,988.3,33.0,HEALTHY,replay,0.7,0.0
2025-02-13T17:00:00+00:00,AWS-DEL-103,20.8,987.8,40.0,False,,low,0.4,NORMAL,21.3,988.4,39.0,HEALTHY,replay,0.6,0.0
2025-02-13T18:00:00+00:00,AWS-DEL-103,19.9,988.3,46.0,False,,low,0.2,NORMAL,20.4,988.9,46.0,HEALTHY,replay,0.3,0.0
2025-02-13T19:00:00+00:00,AWS-DEL-103,19.1,988.7,50.0,False,,low,0.1,NORMAL,19.4,989.4,49.0,HEALTHY,replay,0.2,0.0
2025-02-13T20:00:00+00:00,AWS-DEL-103,18.4,989.2,50.0,False,,low,0.1,NORMAL,18.6,989.8,48.0,HEALTHY,replay,0.2,0.0
2025-02-13T21:00:00+00:00,AWS-DEL-103,17.6,989.1,50.0,False,,low,0.1,NORMAL,17.9,989.8,46.0,HEALTHY,replay,0.2,0.0
2025-02-13T22:00:00+00:00,AWS-DEL-103,16.8,989.3,49.0,False,,low,0.1,NORMAL,17.2,989.8,45.0,HEALTHY,replay,0.2,0.0
2025-02-13T23:00:00+00:00,AWS-DEL-103,16.0,988.9,48.0,False,,low,0.1,NORMAL,16.3,989.4,44.0,HEALTHY,replay,0.2,0.0
2025-02-14T00:00:00+00:00,AWS-DEL-103,15.1,988.3,49.0,False,,low,0.1,NORMAL,15.2,988.8,45.0,HEALTHY,replay,0.2,0.0
2025-02-14T01:00:00+00:00,AWS-DEL-103,14.4,987.9,50.0,False,,low,0.1,NORMAL,14.4,988.4,46.0,HEALTHY,replay,0.2,0.0
2025-02-14T02:00:00+00:00,AWS-DEL-103,13.8,987.6,52.0,False,,low,0.1,NORMAL,13.9,988.2,47.0,HEALTHY,replay,0.2,0.0
2025-02-14T03:00:00+00:00,AWS-DEL-103,13.4,987.4,52.0,False,,low,0.1,NORMAL,13.8,988.0,47.0,HEALTHY,replay,0.2,0.0
2025-02-14T04:00:00+00:00,AWS-DEL-103,13.1,987.0,53.0,False,,low,0.2,NORMAL,13.2,987.5,50.0,HEALTHY,replay,0.3,0.0
2025-02-14T05:00:00+00:00,AWS-DEL-103,12.8,986.8,54.0,False,,low,0.3,NORMAL,12.7,987.4,52.0,HEALTHY,replay,0.5,0.0
2025-02-14T06:00:00+00:00,AWS-DEL-103,12.0,987.6,64.0,False,,low,0.8,NORMAL,12.0,988.3,62.0,HEALTHY,replay,1.3,0.0
2025-02-14T07:00:00+00:00,AWS-DEL-103,12.1,988.1,63.0,False,,low,0.3,NORMAL,12.3,988.7,60.0,HEALTHY,replay,0.5,0.0
2025-02-14T08:00:00+00:00,AWS-DEL-103,13.9,988.9,59.0,False,,low,0.3,NORMAL,13.8,989.5,55.0,HEALTHY,replay,0.5,0.0
2025-02-14T09:00:00+00:00,AWS-DEL-103,16.4,989.8,51.0,False,,low,0.4,NORMAL,16.3,990.5,48.0,HEALTHY,replay,0.6,0.0
2025-02-14T10:00:00+00:00,AWS-DEL-103,18.7,990.1,44.0,False,,low,0.5,NORMAL,19.0,990.9,41.0,HEALTHY,replay,0.8,0.0
2025-02-14T11:00:00+00:00,AWS-DEL-103,21.0,989.6,36.0,False,,low,1.7,NORMAL,21.4,990.3,34.0,HEALTHY,replay,2.8,0.0
2025-02-14T12:00:00+00:00,AWS-DEL-103,22.9,988.5,29.0,False,,low,3.7,NORMAL,23.2,989.3,27.0,HEALTHY,replay,6.1,0.0
2025-02-14T13:00:00+00:00,AWS-DEL-103,23.9,987.4,25.0,False,,low,3.1,NORMAL,24.2,988.1,27.0,HEALTHY,replay,5.2,0.0
2025-02-14T14:00:00+00:00,AWS-DEL-103,24.1,986.7,26.0,False,,low,1.9,NORMAL,24.6,987.2,27.0,HEALTHY,replay,3.2,0.0
2025-02-14T15:00:00+00:00,AWS-DEL-103,24.1,986.0,27.0,False,,low,1.3,NORMAL,24.5,986.5,28.0,HEALTHY,replay,2.2,0.0
2025-02-14T16:00:00+00:00,AWS-DEL-103,23.2,985.6,32.0,False,,low,1.0,NORMAL,24.0,986.2,30.0,HEALTHY,replay,1.6,0.0
2025-02-14T17:00:00+00:00,AWS-DEL-103,21.5,985.5,39.0,False,,low,0.7,NORMAL,22.7,986.1,36.0,HEALTHY,replay,1.1,0.0
2025-02-14T18:00:00+00:00,AWS-DEL-103,20.8,985.7,39.0,False,,low,0.3,NORMAL,20.8,986.3,41.0,HEALTHY,replay,0.4,0.0
2025-02-14T19:00:00+00:00,AWS-DEL-103,19.9,986.3,43.0,False,,low,0.2,NORMAL,19.3,986.9,44.0,HEALTHY,replay,0.3,0.0
2025-02-14T20:00:00+00:00,AWS-DEL-103,19.0,986.7,47.0,False,,low,0.1,NORMAL,18.8,987.2,44.0,HEALTHY,replay,0.2,0.0
2025-02-14T21:00:00+00:00,AWS-DEL-103,18.3,986.9,49.0,False,,low,0.1,NORMAL,17.8,987.3,47.0,HEALTHY,replay,0.1,0.0
2025-02-14T22:00:00+00:00,AWS-DEL-103,17.6,986.9,51.0,False,,low,0.1,NORMAL,17.5,987.2,46.0,HEALTHY,replay,0.2,0.0
2025-02-14T23:00:00+00:00,AWS-DEL-103,16.6,986.3,55.0,False,,low,0.1,NORMAL,16.8,986.8,48.0,HEALTHY,replay,0.2,0.0
2025-02-15T00:00:00+00:00,AWS-DEL-103,15.5,985.5,60.0,False,,low,0.3,NORMAL,16.2,986.0,52.0,HEALTHY,replay,0.5,0.0
2025-02-15T01:00:00+00:00,AWS-DEL-103,14.4,985.1,65.0,False,,low,0.3,NORMAL,15.7,985.5,56.0,HEALTHY,replay,0.4,0.0
2025-02-15T02:00:00+00:00,AWS-DEL-103,13.6,984.2,70.0,False,,low,1.2,NORMAL,15.4,984.6,60.0,HEALTHY,replay,1.9,0.0
2025-02-15T03:00:00+00:00,AWS-DEL-103,13.3,983.7,70.0,False,,low,0.7,NORMAL,14.7,984.3,60.0,HEALTHY,replay,1.1,0.0
2025-02-15T04:00:00+00:00,AWS-DEL-103,12.7,983.7,72.0,False,,low,0.5,NORMAL,12.4,984.1,66.0,HEALTHY,replay,0.8,0.0
2025-02-15T05:00:00+00:00,AWS-DEL-103,12.7,983.5,71.0,False,,low,0.9,NORMAL,12.1,983.9,68.0,HEALTHY,replay,1.6,0.0
2025-02-15T06:00:00+00:00,AWS-DEL-103,12.2,984.7,76.0,False,,low,0.6,NORMAL,11.7,985.0,74.0,HEALTHY,replay,1.1,0.0
2025-02-15T07:00:00+00:00,AWS-DEL-103,12.5,985.7,77.0,False,,low,1.9,NORMAL,11.9,986.0,73.0,HEALTHY,replay,3.1,0.0
2025-02-15T08:00:00+00:00,AWS-DEL-103,15.4,986.5,65.0,False,,low,1.7,NORMAL,15.8,986.7,61.0,HEALTHY,replay,2.9,0.0
2025-02-15T09:00:00+00:00,AWS-DEL-103,18.8,987.4,55.0,False,,low,3.4,NORMAL,19.5,987.7,48.0,HEALTHY,replay,5.7,0.0
2025-02-15T10:00:00+00:00,AWS-DEL-103,21.7,987.7,44.0,False,,low,7.2,NORMAL,22.8,988.0,36.0,HEALTHY,replay,12.0,0.0
2025-02-15T11:00:00+00:00,AWS-DEL-103,22.8,987.5,41.0,False,,low,0.6,NORMAL,25.1,987.6,29.0,HEALTHY,replay,0.9,0.0
2025-02-15T12:00:00+00:00,AWS-DEL-103,23.9,986.7,37.0,False,,low,0.6,NORMAL,25.8,986.8,28.0,HEALTHY,replay,1.1,0.0
2025-02-15T13:00:00+00:00,AWS-DEL-103,24.6,986.1,31.0,False,,low,0.7,NORMAL,25.9,986.1,27.0,HEALTHY,replay,1.1,0.0
2025-02-15T14:00:00+00:00,AWS-DEL-103,24.7,985.3,31.0,False,,low,0.3,NORMAL,26.0,985.4,26.0,HEALTHY,replay,0.5,0.0
2025-02-15T15:00:00+00:00,AWS-DEL-103,24.4,984.8,31.0,False,,low,0.5,NORMAL,25.7,984.9,27.0,HEALTHY,replay,0.9,0.0
2025-02-15T16:00:00+00:00,AWS-DEL-103,23.8,984.9,33.0,False,,low,0.2,NORMAL,24.9,984.9,28.0,HEALTHY,replay,0.4,0.0
2025-02-15T17:00:00+00:00,AWS-DEL-103,22.1,985.2,40.0,False,,low,0.3,NORMAL,23.7,985.4,31.0,HEALTHY,replay,0.5,0.0
2025-02-15T18:00:00+00:00,AWS-DEL-103,19.9,984.9,54.0,False,,low,2.6,NORMAL,21.5,985.3,44.0,HEALTHY,replay,4.3,0.0
2025-02-15T19:00:00+00:00,AWS-DEL-103,18.8,985.7,55.0,False,,low,0.4,NORMAL,19.9,986.2,53.0,HEALTHY,replay,0.7,0.0
2025-02-15T20:00:00+00:00,AWS-DEL-103,17.3,986.5,58.0,False,,low,0.4,NORMAL,19.1,986.8,53.0,HEALTHY,replay,0.6,0.0
2025-02-15T21:00:00+00:00,AWS-DEL-103,16.1,986.7,62.0,False,,low,0.2,NORMAL,18.7,987.1,53.0,HEALTHY,replay,0.3,0.0
2025-02-15T22:00:00+00:00,AWS-DEL-103,15.2,986.3,65.0,False,,low,0.2,NORMAL,18.1,986.9,54.0,HEALTHY,replay,0.4,0.0
2025-02-15T23:00:00+00:00,AWS-DEL-103,14.8,986.1,67.0,False,,low,0.1,NORMAL,17.0,986.7,59.0,HEALTHY,replay,0.2,0.0
2025-02-16T00:00:00+00:00,AWS-DEL-103,13.8,985.7,71.0,False,,low,0.1,NORMAL,16.2,986.2,64.0,HEALTHY,replay,0.2,0.0
2025-02-16T01:00:00+00:00,AWS-DEL-103,12.8,985.6,76.0,False,,low,0.1,NORMAL,15.1,986.2,71.0,HEALTHY,replay,0.2,0.0
2025-02-16T02:00:00+00:00,AWS-DEL-103,11.5,985.6,83.0,False,,low,0.3,NORMAL,13.7,985.9,75.0,HEALTHY,replay,0.5,0.0
2025-02-16T03:00:00+00:00,AWS-DEL-103,11.3,985.2,84.0,False,,low,0.2,NORMAL,12.7,985.8,77.0,HEALTHY,replay,0.4,0.0
2025-02-16T04:00:00+00:00,AWS-DEL-103,11.0,985.1,87.0,False,,low,0.2,NORMAL,12.5,985.7,78.0,HEALTHY,replay,0.4,0.0
2025-02-16T05:00:00+00:00,AWS-DEL-103,10.5,985.1,90.0,False,,low,0.7,NORMAL,12.8,985.6,78.0,HEALTHY,replay,1.2,0.0
2025-02-16T06:00:00+00:00,AWS-DEL-103,10.6,986.6,92.0,False,,low,0.7,NORMAL,12.9,987.1,81.0,HEALTHY,replay,1.2,0.0
2025-02-16T07:00:00+00:00,AWS-DEL-103,11.0,987.1,93.0,False,,low,0.8,NORMAL,12.9,987.6,81.0,HEALTHY,replay,1.3,0.0
2025-02-16T08:00:00+00:00,AWS-DEL-103,14.4,988.1,81.0,False,,low,3.3,NORMAL,14.9,988.5,76.0,HEALTHY,replay,5.5,0.0
2025-02-16T09:00:00+00:00,AWS-DEL-103,18.8,989.0,66.0,False,,low,10.4,NORMAL,18.6,989.4,61.0,HEALTHY,replay,17.3,0.0
2025-02-16T10:00:00+00:00,AWS-DEL-103,21.8,989.3,55.0,False,,low,9.9,NORMAL,21.3,989.6,47.0,HEALTHY,replay,16.5,0.0
2025-02-16T11:00:00+00:00,AWS-DEL-103,23.9,989.0,43.0,False,,low,6.0,NORMAL,23.3,989.2,36.0,HEALTHY,replay,10.0,0.0
2025-02-16T12:00:00+00:00,AWS-DEL-103,25.1,988.3,37.0,False,,low,4.1,NORMAL,24.3,988.6,31.0,HEALTHY,replay,6.8,0.0
2025-02-16T13:00:00+00:00,AWS-DEL-103,25.8,987.1,33.0,False,,low,1.5,NORMAL,24.7,987.4,30.0,HEALTHY,replay,2.4,0.0
2025-02-16T14:00:00+00:00,AWS-DEL-103,26.3,986.2,31.0,False,,low,1.2,NORMAL,26.6,986.5,31.0,HEALTHY,replay,2.0,0.0
2025-02-16T15:00:00+00:00,AWS-DEL-103,26.2,985.7,31.0,False,,low,0.3,NORMAL,26.5,986.0,31.0,HEALTHY,replay,0.5,0.0
2025-02-16T16:00:00+00:00,AWS-DEL-103,25.6,985.8,32.0,False,,low,0.4,NORMAL,26.0,986.2,32.0,HEALTHY,replay,0.7,0.0
2025-02-16T17:00:00+00:00,AWS-DEL-103,23.3,986.3,46.0,False,,low,0.7,NORMAL,24.9,986.7,38.0,HEALTHY,replay,1.2,0.0
2025-02-16T18:00:00+00:00,AWS-DEL-103,21.5,987.0,47.0,False,,low,0.7,NORMAL,23.1,986.52,50.0,HEALTHY,replay,1.2,0.0
2025-02-16T19:00:00+00:00,AWS-DEL-103,19.9,987.9,56.0,False,,low,0.9,NORMAL,21.0,988.34,56.0,HEALTHY,replay,1.4,0.0
2025-02-16T20:00:00+00:00,AWS-DEL-103,18.4,988.3,64.0,False,,low,1.2,NORMAL,20.5,988.64,58.0,HEALTHY,replay,2.0,0.0
2025-02-16T21:00:00+00:00,AWS-DEL-103,17.4,988.8,70.0,False,,low,2.0,NORMAL,19.5,989.57,62.0,HEALTHY,replay,3.3,0.0
2025-02-16T22:00:00+00:00,AWS-DEL-103,16.0,989.1,78.0,False,,low,4.1,NORMAL,18.9,989.76,71.0,HEALTHY,replay,6.8,0.0
2025-02-16T23:00:00+00:00,AWS-DEL-103,15.0,988.9,83.0,False,,low,1.7,NORMAL,18.0,989.5,69.0,HEALTHY,replay,2.9,0.0
2025-02-17T00:00:00+00:00,AWS-DEL-103,14.5,988.9,85.0,False,,low,0.9,NORMAL,17.3,989.4,71.0,HEALTHY,replay,1.5,0.0
2025-02-17T01:00:00+00:00,AWS-DEL-103,13.8,988.4,88.0,False,,low,0.7,NORMAL,16.7,989.0,74.0,HEALTHY,replay,1.2,0.0
2025-02-17T02:00:00+00:00,AWS-DEL-103,13.4,988.0,87.0,False,,low,0.3,NORMAL,15.7,988.7,79.0,HEALTHY,replay,0.5,0.0
2025-02-17T03:00:00+00:00,AWS-DEL-103,12.9,987.6,89.0,False,,low,0.2,NORMAL,16.2,988.4,76.0,HEALTHY,replay,0.3,0.0
2025-02-17T04:00:00+00:00,AWS-DEL-103,13.6,988.0,87.0,False,,low,0.5,NORMAL,15.7,988.6,79.0,HEALTHY,replay,0.9,0.0
2025-02-17T05:00:00+00:00,AWS-DEL-103,13.9,988.0,87.0,False,,low,0.8,NORMAL,15.9,988.4,78.0,HEALTHY,replay,1.3,0.0
2025-02-17T06:00:00+00:00,AWS-DEL-103,13.1,989.0,91.0,False,,low,0.6,NORMAL,14.9,989.6,84.0,HEALTHY,replay,0.9,0.0
2025-02-17T07:00:00+00:00,AWS-DEL-103,13.2,989.9,93.0,False,,low,0.5,NORMAL,15.3,990.3,83.0,HEALTHY,replay,0.8,0.0
2025-02-17T08:00:00+00:00,AWS-DEL-103,15.3,991.0,82.0,False,,low,2.7,NORMAL,17.4,991.4,72.0,HEALTHY,replay,4.5,0.0
2025-02-17T09:00:00+00:00,AWS-DEL-103,18.9,992.2,67.0,False,,low,12.7,NORMAL,20.4,992.5,59.0,HEALTHY,replay,21.2,0.0
2025-02-17T10:00:00+00:00,AWS-DEL-103,21.8,992.4,52.0,False,,low,15.6,NORMAL,23.2,992.6,43.0,HEALTHY,replay,26.0,0.0
2025-02-17T11:00:00+00:00,AWS-DEL-103,24.0,992.1,41.0,False,,low,11.2,NORMAL,25.2,992.4,35.0,HEALTHY,replay,18.7,0.0
2025-02-17T12:00:00+00:00,AWS-DEL-103,25.4,991.6,35.0,False,,low,8.8,NORMAL,26.7,991.9,29.0,HEALTHY,replay,14.7,0.0
2025-02-17T13:00:00+00:00,AWS-DEL-103,26.5,990.7,29.0,False,,low,7.1,NORMAL,27.8,990.8,25.0,HEALTHY,replay,11.8,0.0
2025-02-17T14:00:00+00:00,AWS-DEL-103,27.1,989.6,27.0,False,,low,5.9,NORMAL,28.3,989.8,22.0,HEALTHY,replay,9.8,0.0
2025-02-17T15:00:00+00:00,AWS-DEL-103,27.1,989.2,26.0,False,,low,2.3,NORMAL,28.4,989.4,21.0,HEALTHY,replay,3.8,0.0
2025-02-17T16:00:00+00:00,AWS-DEL-103,26.4,989.0,29.0,False,,low,2.3,NORMAL,28.0,989.2,23.0,HEALTHY,replay,3.8,0.0
2025-02-17T17:00:00+00:00,AWS-DEL-103,24.3,988.7,42.0,False,,low,3.2,NORMAL,26.4,989.1,30.0,HEALTHY,replay,5.3,0.0
2025-02-17T18:00:00+00:00,AWS-DEL-103,21.9,989.3,48.0,False,,low,1.3,NORMAL,23.7,989.7,31.0,HEALTHY,replay,2.1,0.0
2025-02-17T19:00:00+00:00,AWS-DEL-103,20.0,989.7,60.0,False,,low,2.6,NORMAL,21.9,990.3,43.0,HEALTHY,replay,4.4,0.0
2025-02-17T20:00:00+00:00,AWS-DEL-103,19.4,990.3,63.0,False,,low,1.1,NORMAL,21.3,990.6,49.0,HEALTHY,replay,1.9,0.0
2025-02-17T21:00:00+00:00,AWS-DEL-103,18.0,990.3,70.0,False,,low,1.3,NORMAL,20.3,990.9,52.0,HEALTHY,replay,2.1,0.0
2025-02-17T22:00:00+00:00,AWS-DEL-103,16.5,990.3,82.0,False,,low,7.2,NORMAL,19.1,991.0,59.0,HEALTHY,replay,11.9,0.0
2025-02-17T23:00:00+00:00,AWS-DEL-103,16.5,990.5,83.0,False,,low,1.5,NORMAL,18.1,991.1,67.0,HEALTHY,replay,2.5,0.0
2025-02-18T00:00:00+00:00,AWS-DEL-103,17.2,990.2,78.0,False,,low,1.4,NORMAL,18.7,990.6,69.0,HEALTHY,replay,2.3,0.0
2025-02-18T01:00:00+00:00,AWS-DEL-103,17.1,989.5,77.0,False,,low,0.8,NORMAL,18.1,989.8,71.0,HEALTHY,replay,1.3,0.0
2025-02-18T02:00:00+00:00,AWS-DEL-103,15.9,988.8,79.0,False,,low,0.3,NORMAL,17.0,989.1,75.0,HEALTHY,replay,0.5,0.0
2025-02-18T03:00:00+00:00,AWS-DEL-103,15.3,988.3,80.0,False,,low,0.2,NORMAL,17.2,988.6,71.0,HEALTHY,replay,0.3,0.0
2025-02-18T04:00:00+00:00,AWS-DEL-103,15.4,987.8,78.0,False,,low,0.2,NORMAL,16.9,988.4,70.0,HEALTHY,replay,0.4,0.0
2025-02-18T05:00:00+00:00,AWS-DEL-103,15.0,987.6,80.0,False,,low,0.2,NORMAL,16.4,988.3,71.0,HEALTHY,replay,0.3,0.0
2025-02-18T06:00:00+00:00,AWS-DEL-103,15.0,988.6,85.0,False,,low,0.2,NORMAL,15.4,989.3,80.0,HEALTHY,replay,0.3,0.0
2025-02-18T07:00:00+00:00,AWS-DEL-103,14.9,989.3,85.0,False,,low,0.2,NORMAL,15.4,989.9,81.0,HEALTHY,replay,0.3,0.0
2025-02-18T08:00:00+00:00,AWS-DEL-103,17.6,990.1,73.0,False,,low,0.7,NORMAL,18.3,990.5,68.0,HEALTHY,replay,1.1,0.0
2025-02-18T09:00:00+00:00,AWS-DEL-103,20.0,991.1,64.0,False,,low,0.4,NORMAL,19.8,991.4,62.0,HEALTHY,replay,0.7,0.0
2025-02-18T10:00:00+00:00,AWS-DEL-103,22.5,991.9,53.0,False,,low,1.0,NORMAL,21.0,992.3,58.0,HEALTHY,replay,1.7,0.0
2025-02-18T11:00:00+00:00,AWS-DEL-103,24.3,991.8,44.0,False,,low,1.1,NORMAL,22.1,992.4,53.0,HEALTHY,replay,1.8,0.0
2025-02-18T12:00:00+00:00,AWS-DEL-103,23.9,991.0,42.0,False,,low,0.9,NORMAL,24.1,991.5,45.0,HEALTHY,replay,1.5,0.0
2025-02-18T13:00:00+00:00,AWS-DEL-103,24.8,989.7,38.0,False,,low,1.7,NORMAL,24.8,990.2,35.0,HEALTHY,replay,2.8,0.0
2025-02-18T14:00:00+00:00,AWS-DEL-103,26.0,988.7,32.0,False,,low,1.4,NORMAL,26.3,989.1,29.0,HEALTHY,replay,2.4,0.0
2025-02-18T15:00:00+00:00,AWS-DEL-103,26.1,988.2,29.0,False,,low,0.5,NORMAL,26.4,988.6,27.0,HEALTHY,replay,0.8,0.0
2025-02-18T16:00:00+00:00,AWS-DEL-103,25.7,988.0,29.0,False,,low,0.4,NORMAL,25.9,988.4,26.0,HEALTHY,replay,0.7,0.0
2025-02-18T17:00:00+00:00,AWS-DEL-103,23.9,988.0,36.0,False,,low,0.3,NORMAL,24.8,988.5,30.0,HEALTHY,replay,0.5,0.0
2025-02-18T18:00:00+00:00,AWS-DEL-103,21.9,988.5,47.0,False,,low,0.6,NORMAL,22.4,989.0,36.0,HEALTHY,replay,1.0,0.0
2025-02-18T19:00:00+00:00,AWS-DEL-103,20.7,989.0,51.0,False,,low,0.2,NORMAL,21.5,989.3,46.0,HEALTHY,replay,0.3,0.0
2025-02-18T20:00:00+00:00,AWS-DEL-103,18.8,989.1,61.0,False,,low,0.5,NORMAL,20.8,989.7,52.0,HEALTHY,replay,0.8,0.0
2025-02-18T21:00:00+00:00,AWS-DEL-103,17.9,989.4,66.0,False,,low,0.3,NORMAL,20.0,989.8,55.0,HEALTHY,replay,0.5,0.0
2025-02-18T22:00:00+00:00,AWS-DEL-103,17.1,989.4,71.0,False,,low,0.5,NORMAL,19.2,990.0,56.0,HEALTHY,replay,0.8,0.0
2025-02-18T23:00:00+00:00,AWS-DEL-103,16.6,988.9,74.0,False,,low,0.2,NORMAL,18.3,989.6,59.0,HEALTHY,replay,0.4,0.0
2025-02-19T00:00:00+00:00,AWS-DEL-103,16.0,988.5,74.0,False,,low,0.2,NORMAL,17.5,989.1,63.0,HEALTHY,replay,0.3,0.0
2025-02-19T01:00:00+00:00,AWS-DEL-103,15.4,988.3,71.0,False,,low,0.1,NORMAL,16.6,988.7,64.0,HEALTHY,replay,0.2,0.0
2025-02-19T02:00:00+00:00,AWS-DEL-103,14.7,987.8,71.0,False,,low,0.1,NORMAL,15.9,988.3,66.0,HEALTHY,replay,0.2,0.0
2025-02-19T03:00:00+00:00,AWS-DEL-103,14.0,987.3,72.0,False,,low,0.1,NORMAL,15.3,987.8,68.0,HEALTHY,replay,0.2,0.0
2025-02-19T04:00:00+00:00,AWS-DEL-103,14.0,987.0,70.0,False,,low,0.1,NORMAL,14.6,987.5,69.0,HEALTHY,replay,0.2,0.0
2025-02-19T05:00:00+00:00,AWS-DEL-103,13.6,987.1,70.0,False,,low,0.2,NORMAL,14.1,987.7,70.0,HEALTHY,replay,0.3,0.0
2025-02-19T06:00:00+00:00,AWS-DEL-103,13.1,988.1,78.0,False,,low,0.3,NORMAL,13.7,988.6,76.0,HEALTHY,replay,0.5,0.0
2025-02-19T07:00:00+00:00,AWS-DEL-103,13.5,988.7,77.0,False,,low,0.1,NORMAL,13.9,989.2,76.0,HEALTHY,replay,0.2,0.0
2025-02-19T08:00:00+00:00,AWS-DEL-103,15.9,989.5,68.0,False,,low,0.2,NORMAL,16.1,989.8,68.0,HEALTHY,replay,0.3,0.0
2025-02-19T09:00:00+00:00,AWS-DEL-103,18.8,990.3,58.0,False,,low,0.5,NORMAL,19.2,990.7,56.0,HEALTHY,replay,0.8,0.0
2025-02-19T10:00:00+00:00,AWS-DEL-103,21.3,990.3,48.0,False,,low,0.6,NORMAL,21.9,990.7,45.0,HEALTHY,replay,1.0,0.0
2025-02-19T11:00:00+00:00,AWS-DEL-103,23.8,989.9,38.0,False,,low,2.1,NORMAL,24.3,990.3,36.0,HEALTHY,replay,3.5,0.0
2025-02-19T12:00:00+00:00,AWS-DEL-103,25.5,988.6,29.0,False,,low,6.8,NORMAL,25.7,988.9,29.0,HEALTHY,replay,11.4,0.0
2025-02-19T13:00:00+00:00,AWS-DEL-103,26.3,987.0,26.0,False,,low,5.1,NORMAL,26.6,987.3,26.0,HEALTHY,replay,8.5,0.0
2025-02-19T14:00:00+00:00,AWS-DEL-103,27.1,985.6,24.0,False,,low,3.7,NORMAL,27.0,985.9,25.0,HEALTHY,replay,6.2,0.0
2025-02-19T15:00:00+00:00,AWS-DEL-103,27.4,985.2,23.0,False,,low,1.4,NORMAL,27.0,985.7,26.0,HEALTHY,replay,2.4,0.0
2025-02-19T16:00:00+00:00,AWS-DEL-103,27.1,985.0,24.0,False,,low,0.9,NORMAL,26.5,985.5,28.0,HEALTHY,replay,1.6,0.0
2025-02-19T17:00:00+00:00,AWS-DEL-103,24.7,985.1,37.0,False,,low,1.5,NORMAL,25.5,985.7,31.0,HEALTHY,replay,2.4,0.0
2025-02-19T18:00:00+00:00,AWS-DEL-103,22.1,986.5,50.0,False,,low,1.9,NORMAL,24.0,986.8,38.0,HEALTHY,replay,3.1,0.0
2025-02-19T19:00:00+00:00,AWS-DEL-103,20.9,987.3,55.0,False,,low,1.0,NORMAL,22.8,987.4,42.0,HEALTHY,replay,1.7,0.0
2025-02-19T20:00:00+00:00,AWS-DEL-103,20.0,987.5,58.0,False,,low,0.3,NORMAL,21.5,987.8,49.0,HEALTHY,replay,0.4,0.0
2025-02-19T21:00:00+00:00,AWS-DEL-103,19.1,988.6,64.0,False,,low,0.5,NORMAL,20.1,989.2,55.0,HEALTHY,replay,0.8,0.0
2025-02-19T22:00:00+00:00,AWS-DEL-103,19.0,988.5,63.0,False,,low,0.2,NORMAL,20.0,988.6,61.0,HEALTHY,replay,0.3,0.0
2025-02-19T23:00:00+00:00,AWS-DEL-103,18.8,987.8,66.0,False,,low,0.1,NORMAL,18.2,987.9,72.0,HEALTHY,replay,0.2,0.0
2025-02-20T00:00:00+00:00,AWS-DEL-103,18.0,987.0,67.0,False,,low,0.2,NORMAL,18.2,987.8,73.0,HEALTHY,replay,0.3,0.0
2025-02-20T01:00:00+00:00,AWS-DEL-103,17.7,987.4,67.0,False,,low,0.1,NORMAL,17.0,987.4,78.0,HEALTHY,replay,0.2,0.0
2025-02-20T02:00:00+00:00,AWS-DEL-103,17.1,986.7,75.0,False,,low,0.2,NORMAL,16.9,986.7,75.0,HEALTHY,replay,0.3,0.0
2025-02-20T03:00:00+00:00,AWS-DEL-103,15.6,986.3,86.0,False,,low,0.7,NORMAL,16.4,987.1,79.0,HEALTHY,replay,1.1,0.0
2025-02-20T04:00:00+00:00,AWS-DEL-103,15.3,987.7,84.0,False,,low,0.3,NORMAL,14.8,989.4,90.0,HEALTHY,replay,0.4,0.0
2025-02-20T05:00:00+00:00,AWS-DEL-103,14.8,987.1,82.0,False,,low,0.2,NORMAL,14.5,988.8,81.0,HEALTHY,replay,0.3,0.0
2025-02-20T06:00:00+00:00,AWS-DEL-103,15.5,987.8,89.0,False,,low,0.4,NORMAL,15.7,989.6,88.0,HEALTHY,replay,0.7,0.0
2025-02-20T07:00:00+00:00,AWS-DEL-103,15.4,988.7,89.0,False,,low,0.2,NORMAL,15.7,990.3,82.0,HEALTHY,replay,0.3,0.0
2025-02-20T08:00:00+00:00,AWS-DEL-103,16.9,989.5,85.0,False,,low,0.4,NORMAL,17.3,989.4,78.0,HEALTHY,replay,0.6,0.0
2025-02-20T09:00:00+00:00,AWS-DEL-103,18.1,990.9,80.0,False,,low,2.3,NORMAL,19.1,990.6,70.0,HEALTHY,replay,3.8,0.0
2025-02-20T10:00:00+00:00,AWS-DEL-103,20.0,991.2,67.0,False,,low,1.0,NORMAL,20.3,991.3,65.0,HEALTHY,replay,1.7,0.0
2025-02-20T11:00:00+00:00,AWS-DEL-103,20.7,991.3,62.0,False,,low,1.9,NORMAL,20.8,991.4,60.0,HEALTHY,replay,3.1,0.0
2025-02-20T12:00:00+00:00,AWS-DEL-103,20.9,991.5,61.0,False,,low,3.1,NORMAL,22.3,991.1,56.0,HEALTHY,replay,5.1,0.0
2025-02-20T13:00:00+00:00,AWS-DEL-103,21.7,989.7,56.0,False,,low,1.6,NORMAL,22.9,989.5,53.0,HEALTHY,replay,2.7,0.0
2025-02-20T14:00:00+00:00,AWS-DEL-103,23.0,988.8,51.0,False,,low,3.9,NORMAL,23.5,988.7,48.0,HEALTHY,replay,6.6,0.0
2025-02-20T15:00:00+00:00,AWS-DEL-103,23.1,988.2,49.0,False,,low,2.2,NORMAL,23.7,988.1,46.0,HEALTHY,replay,3.7,0.0
2025-02-20T16:00:00+00:00,AWS-DEL-103,22.6,988.2,48.0,False,,low,1.4,NORMAL,23.0,988.3,50.0,HEALTHY,replay,2.3,0.0
2025-02-20T17:00:00+00:00,AWS-DEL-103,21.1,988.4,54.0,False,,low,0.4,NORMAL,21.6,986.3,55.0,HEALTHY,replay,0.6,0.0
2025-02-20T18:00:00+00:00,AWS-DEL-103,20.3,988.3,68.0,False,,low,1.2,NORMAL,20.5,986.1,65.0,HEALTHY,replay,2.0,0.0
2025-02-20T19:00:00+00:00,AWS-DEL-103,19.2,988.7,73.0,False,,low,0.3,NORMAL,19.3,986.3,73.0,HEALTHY,replay,0.4,0.0
2025-02-20T20:00:00+00:00,AWS-DEL-103,18.6,989.1,74.0,False,,low,0.1,NORMAL,18.5,987.2,75.0,HEALTHY,replay,0.2,0.0
2025-02-20T21:00:00+00:00,AWS-DEL-103,15.2,991.0,96.0,False,,low,45.8,NORMAL,16.7,990.5,83.0,HEALTHY,replay,76.4,0.0
2025-02-20T22:00:00+00:00,AWS-DEL-103,16.1,990.7,89.0,False,,low,4.7,NORMAL,16.2,990.8,88.0,HEALTHY,replay,7.9,0.0
2025-02-20T23:00:00+00:00,AWS-DEL-103,15.7,991.4,84.0,False,,low,2.3,NORMAL,15.8,991.0,88.0,HEALTHY,replay,3.8,0.0
2025-02-21T00:00:00+00:00,AWS-DEL-103,15.3,990.9,92.0,False,,low,1.0,NORMAL,15.3,991.3,89.0,HEALTHY,replay,1.6,0.0
2025-02-21T01:00:00+00:00,AWS-DEL-103,14.9,990.9,93.0,False,,low,0.4,NORMAL,14.8,991.3,93.0,HEALTHY,replay,0.7,0.0
2025-02-21T02:00:00+00:00,AWS-DEL-103,14.6,990.9,95.0,False,,low,0.8,NORMAL,14.5,991.1,94.0,HEALTHY,replay,1.4,0.0
2025-02-21T03:00:00+00:00,AWS-DEL-103,14.4,990.7,93.0,False,,low,0.9,NORMAL,14.2,990.9,94.0,HEALTHY,replay,1.5,0.0
2025-02-21T04:00:00+00:00,AWS-DEL-103,14.1,990.5,92.0,False,,low,0.4,NORMAL,13.8,990.7,94.0,HEALTHY,replay,0.7,0.0
2025-02-21T05:00:00+00:00,AWS-DEL-103,13.6,990.6,92.0,False,,low,0.9,NORMAL,13.6,990.9,94.0,HEALTHY,replay,1.5,0.0
2025-02-21T06:00:00+00:00,AWS-DEL-103,13.2,991.2,94.0,False,,low,1.3,NORMAL,13.8,991.5,93.0,HEALTHY,replay,2.2,0.0
2025-02-21T07:00:00+00:00,AWS-DEL-103,13.4,992.0,94.0,False,,low,0.6,NORMAL,13.6,992.4,92.0,HEALTHY,replay,1.0,0.0
2025-02-21T08:00:00+00:00,AWS-DEL-103,15.5,992.9,87.0,False,,low,1.5,NORMAL,15.7,993.1,83.0,HEALTHY,replay,2.6,0.0
2025-02-21T09:00:00+00:00,AWS-DEL-103,17.8,993.5,78.0,False,,low,1.0,NORMAL,18.1,993.9,72.0,HEALTHY,replay,1.7,0.0
2025-02-21T10:00:00+00:00,AWS-DEL-103,20.0,993.8,69.0,False,,low,1.9,NORMAL,20.5,994.2,63.0,HEALTHY,replay,3.1,0.0
2025-02-21T11:00:00+00:00,AWS-DEL-103,21.9,993.7,62.0,False,,low,1.7,NORMAL,22.6,994.0,55.0,HEALTHY,replay,2.8,0.0
2025-02-21T12:00:00+00:00,AWS-DEL-103,23.3,992.7,56.0,False,,low,2.7,NORMAL,23.9,993.0,50.0,HEALTHY,replay,4.5,0.0
2025-02-21T13:00:00+00:00,AWS-DEL-103,24.0,991.5,53.0,False,,low,2.7,NORMAL,24.7,991.8,49.0,HEALTHY,replay,4.4,0.0
2025-02-21T14:00:00+00:00,AWS-DEL-103,24.4,990.7,52.0,False,,low,1.5,NORMAL,25.19,991.0,46.0,HEALTHY,replay,2.5,0.0
2025-02-21T15:00:00+00:00,AWS-DEL-103,24.5,990.1,49.0,False,,low,0.8,NORMAL,24.9,990.4,44.0,HEALTHY,replay,1.3,0.0
2025-02-21T16:00:00+00:00,AWS-DEL-103,23.9,989.8,49.0,False,,low,0.6,NORMAL,24.1,990.3,46.0,HEALTHY,replay,0.9,0.0
2025-02-21T17:00:00+00:00,AWS-DEL-103,22.0,989.9,62.0,False,,low,1.7,NORMAL,22.7,990.4,52.0,HEALTHY,replay,2.8,0.0
2025-02-21T18:00:00+00:00,AWS-DEL-103,20.5,990.5,69.0,False,,low,0.9,NORMAL,21.5,991.1,60.0,HEALTHY,replay,1.5,0.0
2025-02-21T19:00:00+00:00,AWS-DEL-103,19.6,991.0,74.0,False,,low,0.6,NORMAL,20.4,991.5,67.0,HEALTHY,replay,1.0,0.0
2025-02-21T20:00:00+00:00,AWS-DEL-103,18.7,991.6,78.0,False,,low,0.6,NORMAL,19.6,992.1,72.0,HEALTHY,replay,1.0,0.0
2025-02-21T21:00:00+00:00,AWS-DEL-103,17.7,991.7,84.0,False,,low,0.8,NORMAL,18.2,992.2,81.0,HEALTHY,replay,1.4,0.0
2025-02-21T22:00:00+00:00,AWS-DEL-103,16.7,991.6,89.0,False,,low,0.7,NORMAL,17.3,992.3,85.0,HEALTHY,replay,1.2,0.0
2025-02-21T23:00:00+00:00,AWS-DEL-103,16.1,991.2,91.0,False,,low,0.3,NORMAL,16.6,991.9,88.0,HEALTHY,replay,0.5,0.0
2025-02-22T00:00:00+00:00,AWS-DEL-103,15.6,990.5,92.0,False,,low,0.3,NORMAL,16.2,991.2,89.0,HEALTHY,replay,0.5,0.0
2025-02-22T01:00:00+00:00,AWS-DEL-103,15.2,990.3,91.0,False,,low,0.2,NORMAL,15.7,990.74,92.0,HEALTHY,replay,0.3,0.0
2025-02-22T02:00:00+00:00,AWS-DEL-103,14.6,989.8,91.0,False,,low,0.2,NORMAL,15.0,989.82,94.0,HEALTHY,replay,0.3,0.0
2025-02-22T03:00:00+00:00,AWS-DEL-103,14.1,989.5,92.0,False,,low,0.1,NORMAL,14.4,990.4,95.0,HEALTHY,replay,0.2,0.0
2025-02-22T04:00:00+00:00,AWS-DEL-103,13.7,989.6,92.0,False,,low,0.2,NORMAL,14.1,990.1,90.0,HEALTHY,replay,0.3,0.0
2025-02-22T05:00:00+00:00,AWS-DEL-103,13.3,989.7,92.0,False,,low,0.3,NORMAL,13.6,990.2,91.0,HEALTHY,replay,0.4,0.0
2025-02-22T06:00:00+00:00,AWS-DEL-103,13.4,990.1,94.0,False,,low,0.3,NORMAL,13.5,990.7,92.0,HEALTHY,replay,0.4,0.0
2025-02-22T07:00:00+00:00,AWS-DEL-103,13.5,991.1,92.0,False,,low,0.2,NORMAL,13.5,991.6,91.0,HEALTHY,replay,0.3,0.0
2025-02-22T08:00:00+00:00,AWS-DEL-103,15.2,991.9,84.0,False,,low,0.3,NORMAL,15.1,992.4,81.0,HEALTHY,replay,0.5,0.0
2025-02-22T09:00:00+00:00,AWS-DEL-103,17.2,992.9,74.0,False,,low,1.0,NORMAL,17.3,993.4,70.0,HEALTHY,replay,1.6,0.0
2025-02-22T10:00:00+00:00,AWS-DEL-103,19.3,993.0,66.0,False,,low,0.9,NORMAL,19.7,993.4,59.0,HEALTHY,replay,1.5,0.0
2025-02-22T11:00:00+00:00,AWS-DEL-103,21.2,992.8,56.0,False,,low,1.7,NORMAL,21.7,993.2,48.0,HEALTHY,replay,2.8,0.0
2025-02-22T12:00:00+00:00,AWS-DEL-103,22.4,992.3,48.0,False,,low,1.9,NORMAL,23.0,992.7,43.0,HEALTHY,replay,3.2,0.0
2025-02-22T13:00:00+00:00,AWS-DEL-103,23.1,991.6,44.0,False,,low,1.4,NORMAL,23.6,991.9,40.0,HEALTHY,replay,2.4,0.0
2025-02-22T14:00:00+00:00,AWS-DEL-103,23.1,990.9,43.0,False,,low,0.6,NORMAL,23.9,991.3,36.0,HEALTHY,replay,0.9,0.0
2025-02-22T15:00:00+00:00,AWS-DEL-103,23.0,990.3,44.0,False,,low,0.3,NORMAL,23.8,990.7,37.0,HEALTHY,replay,0.5,0.0
2025-02-22T16:00:00+00:00,AWS-DEL-103,22.5,990.0,45.0,False,,low,0.4,NORMAL,23.2,990.5,38.0,HEALTHY,replay,0.6,0.0
2025-02-22T17:00:00+00:00,AWS-DEL-103,21.0,990.0,53.0,False,,low,0.4,NORMAL,22.1,991.9,42.0,HEALTHY,replay,0.6,0.0
2025-02-22T18:00:00+00:00,AWS-DEL-103,18.7,990.7,65.0,False,,low,1.8,NORMAL,19.9,992.6,53.0,HEALTHY,replay,3.0,0.0
2025-02-22T19:00:00+00:00,AWS-DEL-103,17.6,991.5,70.0,False,,low,0.7,NORMAL,18.4,993.4,62.0,HEALTHY,replay,1.2,0.0
2025-02-22T20:00:00+00:00,AWS-DEL-103,16.6,992.1,75.0,False,,low,0.5,NORMAL,17.6,994.0,67.0,HEALTHY,replay,0.9,0.0
2025-02-22T21:00:00+00:00,AWS-DEL-103,15.8,992.4,80.0,False,,low,0.4,NORMAL,17.0,993.7,71.0,HEALTHY,replay,0.7,0.0
2025-02-22T22:00:00+00:00,AWS-DEL-103,15.4,992.5,84.0,False,,low,0.3,NORMAL,16.4,992.9,75.0,HEALTHY,replay,0.5,0.0
2025-02-22T23:00:00+00:00,AWS-DEL-103,15.1,991.9,85.0,False,,low,0.2,NORMAL,15.7,992.4,79.0,HEALTHY,replay,0.4,0.0
2025-02-23T00:00:00+00:00,AWS-DEL-103,14.7,991.5,85.0,False,,low,0.2,NORMAL,15.0,991.9,81.0,HEALTHY,replay,0.4,0.0
2025-02-23T01:00:00+00:00,AWS-DEL-103,14.4,991.3,84.0,False,,low,0.2,NORMAL,14.5,991.8,82.0,HEALTHY,replay,0.4,0.0
2025-02-23T02:00:00+00:00,AWS-DEL-103,14.1,990.9,84.0,False,,low,0.2,NORMAL,14.0,991.5,82.0,HEALTHY,replay,0.3,0.0
2025-02-23T03:00:00+00:00,AWS-DEL-103,13.6,990.6,86.0,False,,low,0.2,NORMAL,13.7,991.1,83.0,HEALTHY,replay,0.3,0.0
2025-02-23T04:00:00+00:00,AWS-DEL-103,13.2,990.8,87.0,False,,low,0.3,NORMAL,13.3,991.2,84.0,HEALTHY,replay,0.4,0.0
2025-02-23T05:00:00+00:00,AWS-DEL-103,13.1,991.2,87.0,False,,low,0.3,NORMAL,13.0,991.5,86.0,HEALTHY,replay,0.4,0.0
2025-02-23T06:00:00+00:00,AWS-DEL-103,12.6,991.6,91.0,False,,low,0.3,NORMAL,12.8,992.0,87.0,HEALTHY,replay,0.4,0.0
2025-02-23T07:00:00+00:00,AWS-DEL-103,13.0,992.4,91.0,False,,low,0.3,NORMAL,13.4,992.8,87.0,HEALTHY,replay,0.6,0.0
2025-02-23T08:00:00+00:00,AWS-DEL-103,15.3,993.3,84.0,False,,low,0.7,NORMAL,15.5,993.8,77.0,HEALTHY,replay,1.2,0.0
2025-02-23T09:00:00+00:00,AWS-DEL-103,17.9,994.1,73.0,False,,low,0.9,NORMAL,18.0,994.6,66.0,HEALTHY,replay,1.4,0.0
2025-02-23T10:00:00+00:00,AWS-DEL-103,20.4,994.7,62.0,False,,low,1.7,NORMAL,20.5,995.3,56.0,HEALTHY,replay,2.9,0.0
2025-02-23T11:00:00+00:00,AWS-DEL-103,22.2,994.5,52.0,False,,low,1.6,NORMAL,21.8,994.9,47.0,HEALTHY,replay,2.7,0.0
2025-02-23T12:00:00+00:00,AWS-DEL-103,23.3,993.5,46.0,False,,low,1.1,NORMAL,23.0,993.9,41.0,HEALTHY,replay,1.8,0.0
2025-02-23T13:00:00+00:00,AWS-DEL-103,24.0,992.4,44.0,False,,low,0.9,NORMAL,23.7,992.7,39.0,HEALTHY,replay,1.5,0.0
2025-02-23T14:00:00+00:00,AWS-DEL-103,24.2,991.3,44.0,False,,low,0.9,NORMAL,24.0,991.7,37.0,HEALTHY,replay,1.6,0.0
2025-02-23T15:00:00+00:00,AWS-DEL-103,24.1,990.8,44.0,False,,low,0.2,NORMAL,23.9,991.0,37.0,HEALTHY,replay,0.4,0.0
2025-02-23T16:00:00+00:00,AWS-DEL-103,23.5,990.6,45.0,False,,low,0.2,NORMAL,23.4,990.9,37.0,HEALTHY,replay,0.4,0.0
2025-02-23T17:00:00+00:00,AWS-DEL-103,21.8,990.7,56.0,False,,low,0.5,NORMAL,23.3,989.6,41.0,HEALTHY,replay,0.9,0.0
2025-02-23T18:00:00+00:00,AWS-DEL-103,20.0,990.9,64.0,False,,low,0.4,NORMAL,20.8,989.7,50.0,HEALTHY,replay,0.7,0.0
2025-02-23T19:00:00+00:00,AWS-DEL-103,18.7,991.5,70.0,False,,low,0.3,NORMAL,19.7,990.63,56.0,HEALTHY,replay,0.5,0.0
2025-02-23T20:00:00+00:00,AWS-DEL-103,17.6,992.5,75.0,False,,low,0.3,NORMAL,18.6,992.53,61.0,HEALTHY,replay,0.5,0.0
2025-02-23T21:00:00+00:00,AWS-DEL-103,16.1,992.9,82.0,False,,low,0.7,NORMAL,17.7,993.4,67.0,HEALTHY,replay,1.1,0.0
2025-02-23T22:00:00+00:00,AWS-DEL-103,14.8,993.0,87.0,False,,low,0.4,NORMAL,16.7,993.5,73.0,HEALTHY,replay,0.6,0.0
2025-02-23T23:00:00+00:00,AWS-DEL-103,13.9,992.7,89.0,False,,low,0.2,NORMAL,16.1,993.3,76.0,HEALTHY,replay,0.3,0.0
2025-02-24T00:00:00+00:00,AWS-DEL-103,13.1,992.2,92.0,False,,low,0.1,NORMAL,15.4,992.7,79.0,HEALTHY,replay,0.2,0.0
2025-02-24T01:00:00+00:00,AWS-DEL-103,12.5,991.7,93.0,False,,low,0.1,NORMAL,14.3,992.3,83.0,HEALTHY,replay,0.2,0.0
2025-02-24T02:00:00+00:00,AWS-DEL-103,12.2,991.2,93.0,False,,low,0.1,NORMAL,13.6,991.8,85.0,HEALTHY,replay,0.2,0.0
2025-02-24T03:00:00+00:00,AWS-DEL-103,12.2,991.1,92.0,False,,low,0.1,NORMAL,13.2,991.7,87.0,HEALTHY,replay,0.2,0.0
2025-02-24T04:00:00+00:00,AWS-DEL-103,12.2,991.2,92.0,False,,low,0.2,NORMAL,13.1,991.6,85.0,HEALTHY,replay,0.3,0.0
2025-02-24T05:00:00+00:00,AWS-DEL-103,11.8,991.5,92.0,False,,low,0.3,NORMAL,12.8,992.0,85.0,HEALTHY,replay,0.5,0.0
2025-02-24T06:00:00+00:00,AWS-DEL-103,12.5,992.9,94.0,False,,low,0.4,NORMAL,13.0,993.3,89.0,HEALTHY,replay,0.6,0.0
2025-02-24T07:00:00+00:00,AWS-DEL-103,12.8,993.6,93.0,False,,low,0.4,NORMAL,13.5,994.0,88.0,HEALTHY,replay,0.6,0.0
2025-02-24T08:00:00+00:00,AWS-DEL-103,15.3,994.6,85.0,False,,low,1.4,NORMAL,16.1,994.9,77.0,HEALTHY,replay,2.4,0.0
2025-02-24T09:00:00+00:00,AWS-DEL-103,18.2,995.6,75.0,False,,low,2.8,NORMAL,19.4,996.1,65.0,HEALTHY,replay,4.7,0.0
2025-02-24T10:00:00+00:00,AWS-DEL-103,21.1,995.9,63.0,False,,low,4.6,NORMAL,22.2,996.2,53.0,HEALTHY,replay,7.7,0.0
2025-02-24T11:00:00+00:00,AWS-DEL-103,23.1,995.5,51.0,False,,low,3.3,NORMAL,24.3,995.9,42.0,HEALTHY,replay,5.5,0.0
2025-02-24T12:00:00+00:00,AWS-DEL-103,24.2,994.6,42.0,False,,low,2.2,NORMAL,25.5,994.9,35.0,HEALTHY,replay,3.6,0.0
2025-02-24T13:00:00+00:00,AWS-DEL-103,25.0,993.5,38.0,False,,low,1.5,NORMAL,26.4,993.7,30.0,HEALTHY,replay,2.5,0.0
2025-02-24T14:00:00+00:00,AWS-DEL-103,25.4,992.1,34.0,False,,low,2.4,NORMAL,26.9,992.3,25.0,HEALTHY,replay,4.0,0.0
2025-02-24T15:00:00+00:00,AWS-DEL-103,25.2,991.5,34.0,False,,low,0.6,NORMAL,26.8,991.8,24.0,HEALTHY,replay,1.0,0.0
2025-02-24T16:00:00+00:00,AWS-DEL-103,24.3,991.5,38.0,False,,low,0.3,NORMAL,26.1,991.7,24.0,HEALTHY,replay,0.5,0.0
2025-02-24T17:00:00+00:00,AWS-DEL-103,22.3,991.6,50.0,False,,low,0.6,NORMAL,24.5,992.0,33.0,HEALTHY,replay,1.0,0.0
2025-02-24T18:00:00+00:00,AWS-DEL-103,20.1,992.4,62.0,False,,low,1.4,NORMAL,21.5,992.9,54.0,HEALTHY,replay,2.4,0.0
2025-02-24T19:00:00+00:00,AWS-DEL-103,19.0,993.1,66.0,False,,low,0.5,NORMAL,20.1,993.6,60.0,HEALTHY,replay,0.8,0.0
2025-02-24T20:00:00+00:00,AWS-DEL-103,18.2,993.7,70.0,False,,low,0.4,NORMAL,19.4,994.2,64.0,HEALTHY,replay,0.6,0.0
2025-02-24T21:00:00+00:00,AWS-DEL-103,16.7,993.7,77.0,False,,low,0.5,NORMAL,19.2,994.3,65.0,HEALTHY,replay,0.9,0.0
2025-02-24T22:00:00+00:00,AWS-DEL-103,15.6,993.4,82.0,False,,low,0.4,NORMAL,18.6,994.0,69.0,HEALTHY,replay,0.6,0.0
2025-02-24T23:00:00+00:00,AWS-DEL-103,14.8,993.3,84.0,False,,low,0.1,NORMAL,17.5,993.9,72.0,HEALTHY,replay,0.2,0.0
2025-02-25T00:00:00+00:00,AWS-DEL-103,14.3,992.7,84.0,False,,low,0.1,NORMAL,16.5,993.1,75.0,HEALTHY,replay,0.2,0.0
2025-02-25T01:00:00+00:00,AWS-DEL-103,13.3,992.1,87.0,False,,low,0.1,NORMAL,15.7,991.77,80.0,HEALTHY,replay,0.2,0.0
2025-02-25T02:00:00+00:00,AWS-DEL-103,12.7,991.2,89.0,False,,low,0.2,NORMAL,15.2,992.0,84.0,HEALTHY,replay,0.3,0.0
2025-02-25T03:00:00+00:00,AWS-DEL-103,12.5,991.1,91.0,False,,low,0.1,NORMAL,14.7,991.9,89.0,HEALTHY,replay,0.1,0.0
2025-02-25T04:00:00+00:00,AWS-DEL-103,12.2,990.8,91.0,False,,low,0.1,NORMAL,14.3,992.01,89.0,HEALTHY,replay,0.2,0.0
2025-02-25T05:00:00+00:00,AWS-DEL-103,12.9,991.0,89.0,False,,low,0.2,NORMAL,13.9,991.13,89.0,HEALTHY,replay,0.4,0.0
2025-02-25T06:00:00+00:00,AWS-DEL-103,12.7,991.7,93.0,False,,low,0.2,NORMAL,14.0,992.1,89.0,HEALTHY,replay,0.3,0.0
2025-02-25T07:00:00+00:00,AWS-DEL-103,13.0,992.3,94.0,False,,low,0.2,NORMAL,14.3,992.9,88.0,HEALTHY,replay,0.3,0.0
2025-02-25T08:00:00+00:00,AWS-DEL-103,16.2,993.7,84.0,False,,low,0.9,NORMAL,17.2,994.0,77.0,HEALTHY,replay,1.4,0.0
2025-02-25T09:00:00+00:00,AWS-DEL-103,19.5,995.1,71.0,False,,low,5.3,NORMAL,20.7,995.4,62.0,HEALTHY,replay,8.9,0.0
2025-02-25T10:00:00+00:00,AWS-DEL-103,22.5,995.5,56.0,False,,low,10.5,NORMAL,23.6,995.7,48.0,HEALTHY,replay,17.5,0.0
2025-02-25T11:00:00+00:00,AWS-DEL-103,24.3,995.5,45.0,False,,low,2.7,NORMAL,25.5,995.6,38.0,HEALTHY,replay,4.5,0.0
2025-02-25T12:00:00+00:00,AWS-DEL-103,25.4,995.1,38.0,False,,low,3.6,NORMAL,26.8,995.2,32.0,HEALTHY,replay,6.1,0.0
2025-02-25T13:00:00+00:00,AWS-DEL-103,26.0,994.1,35.0,False,,low,1.1,NORMAL,27.5,994.2,30.0,HEALTHY,replay,1.8,0.0
2025-02-25T14:00:00+00:00,AWS-DEL-103,26.0,993.4,35.0,False,,low,0.7,NORMAL,27.9,993.5,29.0,HEALTHY,replay,1.2,0.0
2025-02-25T15:00:00+00:00,AWS-DEL-103,25.4,993.0,37.0,False,,low,0.2,NORMAL,27.4,993.0,30.0,HEALTHY,replay,0.4,0.0
2025-02-25T16:00:00+00:00,AWS-DEL-103,24.4,993.1,43.0,False,,low,0.3,NORMAL,26.6,993.3,33.0,HEALTHY,replay,0.5,0.0
2025-02-25T17:00:00+00:00,AWS-DEL-103,22.9,992.7,53.0,False,,low,0.5,NORMAL,25.0,993.1,39.0,HEALTHY,replay,0.9,0.0
2025-02-25T18:00:00+00:00,AWS-DEL-103,21.0,993.0,56.0,False,,low,0.3,NORMAL,22.4,993.4,48.0,HEALTHY,replay,0.5,0.0
2025-02-25T19:00:00+00:00,AWS-DEL-103,20.1,993.7,58.0,False,,low,0.2,NORMAL,21.0,994.2,55.0,HEALTHY,replay,0.4,0.0
2025-02-25T20:00:00+00:00,AWS-DEL-103,18.6,994.0,67.0,False,,low,0.3,NORMAL,20.0,994.5,59.0,HEALTHY,replay,0.4,0.0
2025-02-25T21:00:00+00:00,AWS-DEL-103,17.8,993.8,70.0,False,,low,0.2,NORMAL,19.4,994.4,65.0,HEALTHY,replay,0.3,0.0
2025-02-25T22:00:00+00:00,AWS-DEL-103,17.2,994.0,74.0,False,,low,0.2,NORMAL,18.9,994.6,65.0,HEALTHY,replay,0.3,0.0
2025-02-25T23:00:00+00:00,AWS-DEL-103,16.4,993.5,76.0,False,,low,0.1,NORMAL,17.6,994.0,69.0,HEALTHY,replay,0.2,0.0
2025-02-26T00:00:00+00:00,AWS-DEL-103,15.9,993.0,82.0,False,,low,0.2,NORMAL,17.7,993.7,68.0,HEALTHY,replay,0.3,0.0
2025-02-26T01:00:00+00:00,AWS-DEL-103,15.7,992.6,85.0,False,,low,0.1,NORMAL,18.0,993.0,68.0,HEALTHY,replay,0.2,0.0
2025-02-26T02:00:00+00:00,AWS-DEL-103,16.2,992.2,81.0,False,,low,0.7,NORMAL,17.6,992.5,69.0,HEALTHY,replay,1.1,0.0
2025-02-26T03:00:00+00:00,AWS-DEL-103,16.2,991.9,79.0,False,,low,0.5,NORMAL,17.3,992.3,71.0,HEALTHY,replay,0.8,0.0
2025-02-26T04:00:00+00:00,AWS-DEL-103,15.8,992.5,81.0,False,,low,0.3,NORMAL,16.7,993.0,73.0,HEALTHY,replay,0.5,0.0
2025-02-26T05:00:00+00:00,AWS-DEL-103,16.7,992.4,75.0,False,,low,1.3,NORMAL,17.2,992.2,71.0,HEALTHY,replay,2.2,0.0
2025-02-26T06:00:00+00:00,AWS-DEL-103,15.5,992.9,87.0,False,,low,1.0,NORMAL,17.5,993.8,79.0,HEALTHY,replay,1.7,0.0
2025-02-26T07:00:00+00:00,AWS-DEL-103,15.8,994.5,88.0,False,,low,1.5,NORMAL,17.5,994.7,80.0,HEALTHY,replay,2.6,0.0
2025-02-26T08:00:00+00:00,AWS-DEL-103,16.8,994.9,87.0,False,,low,0.3,NORMAL,19.6,995.2,72.0,HEALTHY,replay,0.5,0.0
2025-02-26T09:00:00+00:00,AWS-DEL-103,19.9,995.9,75.0,False,,low,1.2,NORMAL,22.8,995.9,62.0,HEALTHY,replay,2.0,0.0
2025-02-26T10:00:00+00:00,AWS-DEL-103,23.2,996.5,60.0,False,,low,3.1,NORMAL,25.0,996.5,54.0,HEALTHY,replay,5.2,0.0
2025-02-26T11:00:00+00:00,AWS-DEL-103,25.4,996.1,53.0,False,,low,1.1,NORMAL,26.7,996.3,48.0,HEALTHY,replay,1.8,0.0
2025-02-26T12:00:00+00:00,AWS-DEL-103,26.8,995.1,50.0,False,,low,1.0,NORMAL,27.9,995.2,43.0,HEALTHY,replay,1.7,0.0
2025-02-26T13:00:00+00:00,AWS-DEL-103,27.8,993.9,46.0,False,,low,0.8,NORMAL,28.8,993.9,40.0,HEALTHY,replay,1.4,0.0
2025-02-26T14:00:00+00:00,AWS-DEL-103,28.2,992.5,43.0,False,,low,2.4,NORMAL,29.1,992.5,39.0,HEALTHY,replay,4.0,0.0
2025-02-26T15:00:00+00:00,AWS-DEL-103,28.1,991.9,42.0,False,,low,1.6,NORMAL,28.8,991.7,39.0,HEALTHY,replay,2.6,0.0
2025-02-26T16:00:00+00:00,AWS-DEL-103,27.5,991.4,44.0,False,,low,1.1,NORMAL,28.5,991.6,40.0,HEALTHY,replay,1.9,0.0
2025-02-26T17:00:00+00:00,AWS-DEL-103,25.7,991.2,60.0,False,,low,3.8,NORMAL,26.9,991.5,48.0,HEALTHY,replay,6.4,0.0
2025-02-26T18:00:00+00:00,AWS-DEL-103,23.2,991.6,70.0,False,,low,2.5,NORMAL,25.1,992.0,55.0,HEALTHY,replay,4.2,0.0
2025-02-26T19:00:00+00:00,AWS-DEL-103,22.1,992.2,74.0,False,,low,0.8,NORMAL,23.6,992.6,62.0,HEALTHY,replay,1.3,0.0
2025-02-26T20:00:00+00:00,AWS-DEL-103,21.5,992.4,75.0,False,,low,0.5,NORMAL,23.1,992.8,66.0,HEALTHY,replay,0.8,0.0
2025-02-26T21:00:00+00:00,AWS-DEL-103,20.8,992.3,78.0,False,,low,0.3,NORMAL,22.8,992.9,68.0,HEALTHY,replay,0.6,0.0
2025-02-26T22:00:00+00:00,AWS-DEL-103,19.8,992.0,81.0,False,,low,0.3,NORMAL,21.2,992.4,74.0,HEALTHY,replay,0.5,0.0
2025-02-26T23:00:00+00:00,AWS-DEL-103,19.8,991.4,81.0,False,,low,0.4,NORMAL,20.7,991.9,75.0,HEALTHY,replay,0.6,0.0
2025-02-27T00:00:00+00:00,AWS-DEL-103,18.9,991.0,87.0,False,,low,0.3,NORMAL,20.3,991.4,74.0,HEALTHY,replay,0.5,0.0
2025-02-27T01:00:00+00:00,AWS-DEL-103,18.5,990.7,87.0,False,,low,0.2,NORMAL,20.0,991.0,75.0,HEALTHY,replay,0.3,0.0
2025-02-27T02:00:00+00:00,AWS-DEL-103,17.7,990.1,92.0,False,,low,0.2,NORMAL,19.9,990.5,73.0,HEALTHY,replay,0.4,0.0
2025-02-27T03:00:00+00:00,AWS-DEL-103,17.8,989.4,88.0,False,,low,0.8,NORMAL,19.1,990.1,78.0,HEALTHY,replay,1.4,0.0
2025-02-27T04:00:00+00:00,AWS-DEL-103,16.9,989.6,89.0,False,,low,0.2,NORMAL,18.3,990.3,83.0,HEALTHY,replay,0.4,0.0
2025-02-27T05:00:00+00:00,AWS-DEL-103,17.9,990.4,82.0,False,,low,0.7,NORMAL,19.0,990.5,78.0,HEALTHY,replay,1.2,0.0
2025-02-27T06:00:00+00:00,AWS-DEL-103,18.1,989.9,92.0,False,,low,1.9,NORMAL,19.8,990.2,76.0,HEALTHY,replay,3.2,0.0
2025-02-27T07:00:00+00:00,AWS-DEL-103,18.5,990.8,91.0,False,,low,1.3,NORMAL,19.7,992.5,77.0,HEALTHY,replay,2.1,0.0
2025-02-27T08:00:00+00:00,AWS-DEL-103,18.4,993.4,92.0,False,,low,1.9,NORMAL,19.1,993.3,75.0,HEALTHY,replay,3.1,0.0
2025-02-27T09:00:00+00:00,AWS-DEL-103,19.3,993.6,90.0,False,,low,4.1,NORMAL,19.7,993.4,78.0,HEALTHY,replay,6.9,0.0
2025-02-27T10:00:00+00:00,AWS-DEL-103,19.8,993.7,94.0,False,,low,4.7,NORMAL,20.4,993.3,82.0,HEALTHY,replay,7.9,0.0
2025-02-27T11:00:00+00:00,AWS-DEL-103,19.4,993.2,87.0,False,,low,6.2,NORMAL,20.4,992.9,81.0,HEALTHY,replay,10.4,0.0
2025-02-27T12:00:00+00:00,AWS-DEL-103,19.9,992.1,84.0,False,,low,3.2,NORMAL,21.1,992.4,73.0,HEALTHY,replay,5.3,0.0
2025-02-27T13:00:00+00:00,AWS-DEL-103,21.8,991.0,73.0,False,,low,8.3,NORMAL,22.4,991.0,67.0,HEALTHY,replay,13.8,0.0
2025-02-27T14:00:00+00:00,AWS-DEL-103,22.8,989.6,64.0,False,,low,17.2,NORMAL,24.0,989.7,61.0,HEALTHY,replay,28.6,0.0
2025-02-27T15:00:00+00:00,AWS-DEL-103,22.1,988.8,63.0,False,,low,15.0,NORMAL,23.5,989.0,58.0,HEALTHY,replay,25.0,0.0
2025-02-27T16:00:00+00:00,AWS-DEL-103,21.6,988.7,66.0,False,,low,8.3,NORMAL,22.7,989.0,61.0,HEALTHY,replay,13.8,0.0
2025-02-27T17:00:00+00:00,AWS-DEL-103,21.1,988.6,66.0,False,,low,2.9,NORMAL,22.2,988.7,60.0,HEALTHY,replay,4.8,0.0
2025-02-27T18:00:00+00:00,AWS-DEL-103,20.4,989.0,68.0,False,,low,0.9,NORMAL,21.7,989.4,63.0,HEALTHY,replay,1.5,0.0
2025-02-27T19:00:00+00:00,AWS-DEL-103,19.9,989.5,70.0,False,,low,0.9,NORMAL,21.2,989.7,64.0,HEALTHY,replay,1.5,0.0
2025-02-27T20:00:00+00:00,AWS-DEL-103,19.2,989.7,73.0,False,,low,0.7,NORMAL,20.1,989.9,69.0,HEALTHY,replay,1.1,0.0
2025-02-27T21:00:00+00:00,AWS-DEL-103,19.1,990.0,73.0,False,,low,0.6,NORMAL,19.9,990.1,70.0,HEALTHY,replay,1.0,0.0
2025-02-27T22:00:00+00:00,AWS-DEL-103,19.1,989.3,70.0,False,,low,1.3,NORMAL,19.7,989.5,69.0,HEALTHY,replay,2.1,0.0
2025-02-27T23:00:00+00:00,AWS-DEL-103,18.8,988.8,66.0,False,,low,2.3,NORMAL,19.8,989.0,65.0,HEALTHY,replay,3.9,0.0
2025-02-28T00:00:00+00:00,AWS-DEL-103,19.0,988.1,63.0,False,,low,4.1,NORMAL,19.5,988.2,62.0,HEALTHY,replay,6.8,0.0
2025-02-28T01:00:00+00:00,AWS-DEL-103,19.1,987.3,64.0,False,,low,3.7,NORMAL,19.2,987.6,62.0,HEALTHY,replay,6.1,0.0
2025-02-28T02:00:00+00:00,AWS-DEL-103,18.9,986.6,67.0,False,,low,6.6,NORMAL,19.0,986.8,64.0,HEALTHY,replay,10.9,0.0
2025-02-28T03:00:00+00:00,AWS-DEL-103,18.5,986.1,71.0,False,,low,8.1,NORMAL,19.0,986.3,66.0,HEALTHY,replay,13.5,0.0
2025-02-28T04:00:00+00:00,AWS-DEL-103,18.4,985.6,71.0,False,,low,7.9,NORMAL,19.0,985.7,69.0,HEALTHY,replay,13.2,0.0
2025-02-28T05:00:00+00:00,AWS-DEL-103,18.3,985.7,70.0,False,,low,16.8,NORMAL,18.9,985.7,70.0,HEALTHY,replay,28.0,0.0
2025-02-28T06:00:00+00:00,AWS-DEL-103,18.4,986.4,76.0,False,,low,10.3,NORMAL,19.3,986.4,69.0,HEALTHY,replay,17.1,0.0
2025-02-28T07:00:00+00:00,AWS-DEL-103,18.2,987.4,78.0,False,,low,14.6,NORMAL,19.1,987.3,70.0,HEALTHY,replay,24.4,0.0
2025-02-28T08:00:00+00:00,AWS-DEL-103,17.9,988.7,79.0,False,,low,28.1,NORMAL,19.0,988.8,70.0,HEALTHY,replay,46.8,0.0
2025-02-28T09:00:00+00:00,AWS-DEL-103,17.6,989.8,83.0,False,,low,44.4,NORMAL,19.2,990.0,73.0,HEALTHY,replay,74.0,0.0
2025-02-28T10:00:00+00:00,AWS-DEL-103,17.9,990.3,86.0,False,,low,37.3,NORMAL,18.7,990.1,78.0,HEALTHY,replay,62.2,0.0
2025-02-28T11:00:00+00:00,AWS-DEL-103,18.6,989.6,84.0,False,,low,9.1,NORMAL,19.6,989.8,76.0,HEALTHY,replay,15.2,0.0
2025-02-28T12:00:00+00:00,AWS-DEL-103,19.3,989.0,79.0,False,,low,5.2,NORMAL,20.3,989.0,73.0,HEALTHY,replay,8.7,0.0
2025-02-28T13:00:00+00:00,AWS-DEL-103,19.9,987.6,74.0,False,,low,8.6,NORMAL,21.3,987.7,69.0,HEALTHY,replay,14.4,0.0
2025-02-28T14:00:00+00:00,AWS-DEL-103,21.9,986.6,68.0,False,,low,15.6,NORMAL,22.0,986.3,71.0,HEALTHY,replay,26.1,0.0
2025-02-28T15:00:00+00:00,AWS-DEL-103,22.1,985.6,69.0,False,,low,18.1,NORMAL,23.3,985.6,65.0,HEALTHY,replay,30.1,0.0
2025-02-28T16:00:00+00:00,AWS-DEL-103,22.2,985.1,71.0,False,,low,20.4,NORMAL,23.4,985.2,65.0,HEALTHY,replay,34.0,0.0
2025-02-28T17:00:00+00:00,AWS-DEL-103,21.1,985.2,76.0,False,,low,15.6,NORMAL,22.9,985.0,69.0,HEALTHY,replay,25.9,0.0
2025-02-28T18:00:00+00:00,AWS-DEL-103,20.3,986.0,87.0,False,,low,14.5,NORMAL,22.3,986.0,74.0,HEALTHY,replay,24.2,0.0
2025-02-28T19:00:00+00:00,AWS-DEL-103,19.8,986.0,87.0,False,,low,6.0,NORMAL,21.2,986.3,83.0,HEALTHY,replay,10.0,0.0
2025-02-28T20:00:00+00:00,AWS-DEL-103,19.0,987.1,88.0,False,,low,5.2,NORMAL,20.3,987.3,89.0,HEALTHY,replay,8.6,0.0
2025-02-28T21:00:00+00:00,AWS-DEL-103,18.2,987.9,89.0,False,,low,5.9,NORMAL,18.6,988.4,90.0,HEALTHY,replay,9.9,0.0
2025-02-28T22:00:00+00:00,AWS-DEL-103,17.2,988.2,91.0,False,,low,4.7,NORMAL,18.2,988.1,90.0,HEALTHY,replay,7.8,0.0
2025-02-28T23:00:00+00:00,AWS-DEL-103,16.5,988.3,89.0,False,,low,5.7,NORMAL,18.2,988.3,91.0,HEALTHY,replay,9.6,0.0
2025-03-01T00:00:00+00:00,AWS-DEL-103,16.2,987.8,89.0,False,,low,3.5,NORMAL,17.4,988.1,87.0,HEALTHY,replay,5.9,0.0
2025-03-01T01:00:00+00:00,AWS-DEL-103,16.0,988.0,89.0,False,,low,3.8,NORMAL,16.7,987.9,89.0,HEALTHY,replay,6.3,0.0
2025-03-01T02:00:00+00:00,AWS-DEL-103,15.7,987.2,90.0,False,,low,3.8,NORMAL,16.0,987.4,90.0,HEALTHY,replay,6.3,0.0
2025-03-01T03:00:00+00:00,AWS-DEL-103,15.4,987.3,91.0,False,,low,4.7,NORMAL,15.7,987.5,90.0,HEALTHY,replay,7.8,0.0
2025-03-01T04:00:00+00:00,AWS-DEL-103,15.4,986.9,90.0,False,,low,5.8,NORMAL,15.4,987.2,90.0,HEALTHY,replay,9.7,0.0
2025-03-01T05:00:00+00:00,AWS-DEL-103,15.0,987.5,89.0,False,,low,6.3,NORMAL,15.2,987.5,90.0,HEALTHY,replay,10.5,0.0
2025-03-01T06:00:00+00:00,AWS-DEL-103,16.2,988.2,95.0,False,,low,9.2,NORMAL,16.7,988.2,93.0,HEALTHY,replay,15.3,0.0
2025-03-01T07:00:00+00:00,AWS-DEL-103,16.2,989.3,95.0,False,,low,5.4,NORMAL,16.6,988.9,91.0,HEALTHY,replay,8.9,0.0
2025-03-01T08:00:00+00:00,AWS-DEL-103,17.4,989.5,87.0,False,,low,2.2,NORMAL,17.4,989.7,89.0,HEALTHY,replay,3.6,0.0
2025-03-01T09:00:00+00:00,AWS-DEL-103,19.1,990.2,79.0,False,,low,2.3,NORMAL,18.5,990.6,83.0,HEALTHY,replay,3.8,0.0
2025-03-01T10:00:00+00:00,AWS-DEL-103,19.3,990.5,79.0,False,,low,1.2,NORMAL,19.7,990.7,78.0,HEALTHY,replay,1.9,0.0
2025-03-01T11:00:00+00:00,AWS-DEL-103,21.5,990.3,72.0,False,,low,5.6,NORMAL,21.7,990.6,71.0,HEALTHY,replay,9.3,0.0
2025-03-01T12:00:00+00:00,AWS-DEL-103,23.4,989.5,67.0,False,,low,15.1,NORMAL,23.2,989.6,65.0,HEALTHY,replay,25.2,0.0
2025-03-01T13:00:00+00:00,AWS-DEL-103,24.3,988.2,63.0,False,,low,8.6,NORMAL,24.2,988.3,63.0,HEALTHY,replay,14.3,0.0
2025-03-01T14:00:00+00:00,AWS-DEL-103,24.4,987.2,62.0,False,,low,5.3,NORMAL,24.7,987.4,60.0,HEALTHY,replay,8.8,0.0
2025-03-01T15:00:00+00:00,AWS-DEL-103,24.2,986.6,62.0,False,,low,1.7,NORMAL,24.6,986.8,60.0,HEALTHY,replay,2.9,0.0
2025-03-01T16:00:00+00:00,AWS-DEL-103,24.0,986.5,63.0,False,,low,1.7,NORMAL,23.3,986.8,66.0,HEALTHY,replay,2.9,0.0
2025-03-01T17:00:00+00:00,AWS-DEL-103,23.5,986.4,74.0,False,,low,4.0,NORMAL,23.1,986.7,68.0,HEALTHY,replay,6.7,0.0
2025-03-01T18:00:00+00:00,AWS-DEL-103,21.0,987.4,81.0,False,,low,2.2,NORMAL,21.8,987.7,77.0,HEALTHY,replay,3.6,0.0
2025-03-01T19:00:00+00:00,AWS-DEL-103,19.7,987.9,88.0,False,,low,2.0,NORMAL,20.8,988.3,81.0,HEALTHY,replay,3.3,0.0
2025-03-01T20:00:00+00:00,AWS-DEL-103,18.8,988.7,91.0,False,,low,1.7,NORMAL,20.0,989.1,85.0,HEALTHY,replay,2.8,0.0
2025-03-01T21:00:00+00:00,AWS-DEL-103,18.7,989.0,88.0,False,,low,0.6,NORMAL,19.4,989.4,87.0,HEALTHY,replay,1.0,0.0
2025-03-01T22:00:00+00:00,AWS-DEL-103,18.1,988.9,85.0,False,,low,0.6,NORMAL,18.8,989.2,88.0,HEALTHY,replay,1.0,0.0
2025-03-01T23:00:00+00:00,AWS-DEL-103,17.4,988.5,88.0,False,,low,0.3,NORMAL,18.1,989.0,86.0,HEALTHY,replay,0.5,0.0
2025-03-02T00:00:00+00:00,AWS-DEL-103,16.8,987.9,90.0,False,,low,0.3,NORMAL,17.4,988.4,91.0,HEALTHY,replay,0.5,0.0
2025-03-02T01:00:00+00:00,AWS-DEL-103,16.1,987.4,93.0,False,,low,0.3,NORMAL,16.8,987.9,92.0,HEALTHY,replay,0.5,0.0
2025-03-02T02:00:00+00:00,AWS-DEL-103,15.7,986.7,93.0,False,,low,0.3,NORMAL,16.3,987.2,93.0,HEALTHY,replay,0.5,0.0
2025-03-02T03:00:00+00:00,AWS-DEL-103,15.4,986.3,92.0,False,,low,0.3,NORMAL,15.8,986.8,93.0,HEALTHY,replay,0.5,0.0
2025-03-02T04:00:00+00:00,AWS-DEL-103,15.0,985.9,93.0,False,,low,0.3,NORMAL,15.2,986.4,93.0,HEALTHY,replay,0.5,0.0
2025-03-02T05:00:00+00:00,AWS-DEL-103,14.5,986.2,93.0,False,,low,0.4,NORMAL,14.6,986.7,93.0,HEALTHY,replay,0.7,0.0
2025-03-02T06:00:00+00:00,AWS-DEL-103,15.1,987.2,92.0,False,,low,0.4,NORMAL,15.5,987.8,92.0,HEALTHY,replay,0.7,0.0
2025-03-02T07:00:00+00:00,AWS-DEL-103,15.3,988.0,88.0,False,,low,0.6,NORMAL,15.9,988.6,88.0,HEALTHY,replay,1.0,0.0
2025-03-02T08:00:00+00:00,AWS-DEL-103,17.3,988.7,80.0,False,,low,1.0,NORMAL,17.5,989.4,82.0,HEALTHY,replay,1.7,0.0
2025-03-02T09:00:00+00:00,AWS-DEL-103,19.6,989.6,72.0,False,,low,2.3,NORMAL,19.3,990.1,74.0,HEALTHY,replay,3.8,0.0
2025-03-02T10:00:00+00:00,AWS-DEL-103,21.9,989.7,62.0,False,,low,14.3,NORMAL,21.3,990.2,63.0,HEALTHY,replay,23.8,0.0
2025-03-02T11:00:00+00:00,AWS-DEL-103,23.9,989.4,43.0,False,,low,46.3,NORMAL,23.3,989.8,44.0,HEALTHY,replay,77.2,0.0
2025-03-02T12:00:00+00:00,AWS-DEL-103,24.8,988.4,32.0,False,,low,38.3,NORMAL,24.2,988.8,36.0,HEALTHY,replay,63.8,0.0
2025-03-02T13:00:00+00:00,AWS-DEL-103,25.0,987.3,32.0,False,,low,15.4,NORMAL,24.6,987.7,35.0,HEALTHY,replay,25.7,0.0
2025-03-02T14:00:00+00:00,AWS-DEL-103,24.9,986.3,34.0,False,,low,16.4,NORMAL,24.5,986.7,35.0,HEALTHY,replay,27.4,0.0
2025-03-02T15:00:00+00:00,AWS-DEL-103,24.4,985.6,36.0,False,,low,3.4,NORMAL,24.0,986.0,36.0,HEALTHY,replay,5.6,0.0
2025-03-02T16:00:00+00:00,AWS-DEL-103,23.5,985.4,41.0,False,,low,1.1,NORMAL,23.2,985.8,40.0,HEALTHY,replay,1.8,0.0
2025-03-02T17:00:00+00:00,AWS-DEL-103,21.8,985.4,50.0,False,,low,2.5,NORMAL,21.9,985.8,48.0,HEALTHY,replay,4.1,0.0
2025-03-02T18:00:00+00:00,AWS-DEL-103,19.3,985.9,60.0,False,,low,2.3,NORMAL,19.6,986.3,59.0,HEALTHY,replay,3.9,0.0
2025-03-02T19:00:00+00:00,AWS-DEL-103,17.9,986.2,67.0,False,,low,2.4,NORMAL,18.3,986.6,65.0,HEALTHY,replay,4.0,0.0
2025-03-02T20:00:00+00:00,AWS-DEL-103,16.8,986.6,72.0,False,,low,2.2,NORMAL,17.1,986.9,71.0,HEALTHY,replay,3.7,0.0
2025-03-02T21:00:00+00:00,AWS-DEL-103,16.2,987.2,72.0,False,,low,0.5,NORMAL,16.2,987.4,73.0,HEALTHY,replay,0.8,0.0
2025-03-02T22:00:00+00:00,AWS-DEL-103,15.3,987.2,73.0,False,,low,0.3,NORMAL,15.6,987.6,71.0,HEALTHY,replay,0.4,0.0
2025-03-02T23:00:00+00:00,AWS-DEL-103,14.3,987.1,75.0,False,,low,0.3,NORMAL,15.0,987.5,70.0,HEALTHY,replay,0.5,0.0
2025-03-03T00:00:00+00:00,AWS-DEL-103,13.6,987.0,77.0,False,,low,0.2,NORMAL,14.3,987.5,70.0,HEALTHY,replay,0.3,0.0
2025-03-03T01:00:00+00:00,AWS-DEL-103,13.3,986.7,77.0,False,,low,0.4,NORMAL,13.7,987.0,73.0,HEALTHY,replay,0.7,0.0
2025-03-03T02:00:00+00:00,AWS-DEL-103,13.0,986.1,77.0,False,,low,0.2,NORMAL,13.3,986.4,73.0,HEALTHY,replay,0.4,0.0
2025-03-03T03:00:00+00:00,AWS-DEL-103,12.9,985.6,75.0,False,,low,0.3,NORMAL,12.2,986.0,79.0,HEALTHY,replay,0.5,0.0
2025-03-03T04:00:00+00:00,AWS-DEL-103,12.3,985.7,78.0,False,,low,0.2,NORMAL,12.0,986.1,78.0,HEALTHY,replay,0.3,0.0
2025-03-03T05:00:00+00:00,AWS-DEL-103,11.0,986.1,86.0,False,,low,0.4,NORMAL,11.8,986.6,79.0,HEALTHY,replay,0.6,0.0
2025-03-03T06:00:00+00:00,AWS-DEL-103,11.8,986.8,86.0,False,,low,0.4,NORMAL,12.0,987.2,82.0,HEALTHY,replay,0.6,0.0
2025-03-03T07:00:00+00:00,AWS-DEL-103,12.6,987.4,83.0,False,,low,0.2,NORMAL,12.9,987.9,80.0,HEALTHY,replay,0.3,0.0
2025-03-03T08:00:00+00:00,AWS-DEL-103,15.6,988.3,74.0,False,,low,0.5,NORMAL,16.0,988.7,69.0,HEALTHY,replay,0.9,0.0
2025-03-03T09:00:00+00:00,AWS-DEL-103,19.1,989.2,63.0,False,,low,1.7,NORMAL,19.4,989.5,59.0,HEALTHY,replay,2.8,0.0
2025-03-03T10:00:00+00:00,AWS-DEL-103,22.1,989.4,48.0,False,,low,11.2,NORMAL,22.1,989.6,44.0,HEALTHY,replay,18.6,0.0
2025-03-03T11:00:00+00:00,AWS-DEL-103,24.4,988.7,36.0,False,,low,5.1,NORMAL,24.2,989.0,34.0,HEALTHY,replay,8.5,0.0
2025-03-03T12:00:00+00:00,AWS-DEL-103,25.9,987.8,29.0,False,,low,3.0,NORMAL,25.7,988.1,31.0,HEALTHY,replay,5.1,0.0
2025-03-03T13:00:00+00:00,AWS-DEL-103,26.8,986.9,28.0,False,,low,1.1,NORMAL,26.6,987.0,34.0,HEALTHY,replay,1.9,0.0
2025-03-03T14:00:00+00:00,AWS-DEL-103,27.2,985.6,30.0,False,,low,2.4,NORMAL,26.9,985.8,37.0,HEALTHY,replay,4.0,0.0
2025-03-03T15:00:00+00:00,AWS-DEL-103,26.9,984.7,34.0,False,,low,1.1,NORMAL,26.3,985.0,40.0,HEALTHY,replay,1.8,0.0
2025-03-03T16:00:00+00:00,AWS-DEL-103,26.5,984.6,38.0,False,,low,0.6,NORMAL,25.6,984.7,45.0,HEALTHY,replay,1.1,0.0
2025-03-03T17:00:00+00:00,AWS-DEL-103,24.6,984.4,50.0,False,,low,1.5,NORMAL,24.3,984.4,54.0,HEALTHY,replay,2.5,0.0
2025-03-03T18:00:00+00:00,AWS-DEL-103,22.9,984.8,55.0,False,,low,1.2,NORMAL,23.0,984.9,57.0,HEALTHY,replay,2.1,0.0
2025-03-03T19:00:00+00:00,AWS-DEL-103,21.1,984.8,63.0,False,,low,2.3,NORMAL,21.6,984.8,62.0,HEALTHY,replay,3.8,0.0
2025-03-03T20:00:00+00:00,AWS-DEL-103,20.2,985.2,67.0,False,,low,0.9,NORMAL,21.1,984.73,64.0,HEALTHY,replay,1.5,0.0
2025-03-03T21:00:00+00:00,AWS-DEL-103,19.8,985.3,68.0,False,,low,0.7,NORMAL,20.9,984.67,64.0,HEALTHY,replay,1.1,0.0
2025-03-03T22:00:00+00:00,AWS-DEL-103,19.3,985.2,68.0,False,,low,0.7,NORMAL,20.1,984.72,67.0,HEALTHY,replay,1.1,0.0
2025-03-03T23:00:00+00:00,AWS-DEL-103,19.3,985.0,65.0,False,,low,1.9,NORMAL,19.3,984.75,69.0,HEALTHY,replay,3.2,0.0
2025-03-04T00:00:00+00:00,AWS-DEL-103,18.7,984.6,65.0,False,,low,2.3,NORMAL,18.7,984.78,72.0,HEALTHY,replay,3.9,0.0
2025-03-04T01:00:00+00:00,AWS-DEL-103,17.5,984.3,74.0,False,,low,1.0,NORMAL,18.3,984.8,73.0,HEALTHY,replay,1.6,0.0
2025-03-04T02:00:00+00:00,AWS-DEL-103,16.4,983.9,80.0,False,,low,0.5,NORMAL,17.5,984.78,72.0,HEALTHY,replay,0.9,0.0
2025-03-04T03:00:00+00:00,AWS-DEL-103,15.9,983.6,81.0,False,,low,0.3,NORMAL,16.5,984.4,78.0,HEALTHY,replay,0.5,0.0
2025-03-04T04:00:00+00:00,AWS-DEL-103,14.7,984.1,86.0,False,,low,0.2,NORMAL,15.7,984.4,82.0,HEALTHY,replay,0.4,0.0
2025-03-04T05:00:00+00:00,AWS-DEL-103,13.9,984.3,89.0,False,,low,0.5,NORMAL,15.1,986.3,83.0,HEALTHY,replay,0.9,0.0
2025-03-04T06:00:00+00:00,AWS-DEL-103,14.1,985.4,92.0,False,,low,0.5,NORMAL,15.7,986.0,85.0,HEALTHY,replay,0.8,0.0
2025-03-04T07:00:00+00:00,AWS-DEL-103,15.0,986.3,90.0,False,,low,0.5,NORMAL,16.7,986.9,81.0,HEALTHY,replay,0.8,0.0
2025-03-04T08:00:00+00:00,AWS-DEL-103,18.7,987.9,75.0,False,,low,11.2,NORMAL,18.2,988.3,76.0,HEALTHY,replay,18.6,0.0
2025-03-04T09:00:00+00:00,AWS-DEL-103,21.0,989.0,62.0,False,,low,4.7,NORMAL,19.8,989.5,61.0,HEALTHY,replay,7.8,0.0
2025-03-04T10:00:00+00:00,AWS-DEL-103,22.8,989.4,53.0,False,,low,3.3,NORMAL,21.5,989.9,49.0,HEALTHY,replay,5.5,0.0
2025-03-04T11:00:00+00:00,AWS-DEL-103,24.1,989.6,50.0,False,,low,2.4,NORMAL,22.9,990.1,49.0,HEALTHY,replay,4.0,0.0
2025-03-04T12:00:00+00:00,AWS-DEL-103,24.5,989.2,45.0,False,,low,3.4,NORMAL,24.0,989.7,47.0,HEALTHY,replay,5.7,0.0
2025-03-04T13:00:00+00:00,AWS-DEL-103,24.9,988.7,41.0,False,,low,1.7,NORMAL,24.4,989.1,42.0,HEALTHY,replay,2.8,0.0
2025-03-04T14:00:00+00:00,AWS-DEL-103,25.0,987.9,39.0,False,,low,1.1,NORMAL,24.4,988.5,40.0,HEALTHY,replay,1.8,0.0
2025-03-04T15:00:00+00:00,AWS-DEL-103,24.8,987.7,37.0,False,,low,0.8,NORMAL,24.4,988.3,41.0,HEALTHY,replay,1.4,0.0
2025-03-04T16:00:00+00:00,AWS-DEL-103,24.1,987.8,37.0,False,,low,1.3,NORMAL,23.8,988.4,41.0,HEALTHY,replay,2.1,0.0
2025-03-04T17:00:00+00:00,AWS-DEL-103,22.8,988.1,41.0,False,,low,1.0,NORMAL,22.5,988.6,45.0,HEALTHY,replay,1.7,0.0
2025-03-04T18:00:00+00:00,AWS-DEL-103,20.8,989.1,54.0,False,,low,3.2,NORMAL,21.0,989.7,51.0,HEALTHY,replay,5.3,0.0
2025-03-04T19:00:00+00:00,AWS-DEL-103,19.9,989.4,55.0,False,,low,0.5,NORMAL,20.1,990.1,52.0,HEALTHY,replay,0.9,0.0
2025-03-04T20:00:00+00:00,AWS-DEL-103,19.2,990.0,53.0,False,,low,0.9,NORMAL,19.2,990.6,50.0,HEALTHY,replay,1.5,0.0
2025-03-04T21:00:00+00:00,AWS-DEL-103,18.2,990.4,50.0,False,,low,1.7,NORMAL,18.1,990.9,51.0,HEALTHY,replay,2.9,0.0
2025-03-04T22:00:00+00:00,AWS-DEL-103,17.1,990.7,52.0,False,,low,2.1,NORMAL,17.3,991.3,53.0,HEALTHY,replay,3.4,0.0
2025-03-04T23:00:00+00:00,AWS-DEL-103,16.2,990.5,56.0,False,,low,1.5,NORMAL,16.6,991.0,55.0,HEALTHY,replay,2.5,0.0
2025-03-05T00:00:00+00:00,AWS-DEL-103,15.5,989.9,58.0,False,,low,1.7,NORMAL,15.8,990.6,57.0,HEALTHY,replay,2.8,0.0
2025-03-05T01:00:00+00:00,AWS-DEL-103,14.9,989.8,60.0,False,,low,1.4,NORMAL,15.2,990.4,60.0,HEALTHY,replay,2.3,0.0
2025-03-05T02:00:00+00:00,AWS-DEL-103,14.3,989.1,62.0,False,,low,1.2,NORMAL,14.6,989.9,62.0,HEALTHY,replay,2.0,0.0
2025-03-05T03:00:00+00:00,AWS-DEL-103,13.7,988.8,63.0,False,,low,1.3,NORMAL,13.9,989.6,63.0,HEALTHY,replay,2.2,0.0
2025-03-05T04:00:00+00:00,AWS-DEL-103,13.3,988.5,62.0,False,,low,1.2,NORMAL,13.3,989.3,61.0,HEALTHY,replay,2.0,0.0
2025-03-05T05:00:00+00:00,AWS-DEL-103,12.9,988.5,58.0,False,,low,1.9,NORMAL,13.0,989.4,56.0,HEALTHY,replay,3.2,0.0
2025-03-05T06:00:00+00:00,AWS-DEL-103,12.6,989.0,63.0,False,,low,1.4,NORMAL,12.6,989.9,63.0,HEALTHY,replay,2.3,0.0
2025-03-05T07:00:00+00:00,AWS-DEL-103,12.8,989.2,60.0,False,,low,2.7,NORMAL,12.7,990.1,63.0,HEALTHY,replay,4.5,0.0
2025-03-05T08:00:00+00:00,AWS-DEL-103,14.3,989.6,58.0,False,,low,2.9,NORMAL,13.9,990.4,60.0,HEALTHY,replay,4.8,0.0
2025-03-05T09:00:00+00:00,AWS-DEL-103,16.1,990.5,53.0,False,,low,1.7,NORMAL,15.9,991.3,53.0,HEALTHY,replay,2.9,0.0
2025-03-05T10:00:00+00:00,AWS-DEL-103,18.0,990.4,47.0,False,,low,2.6,NORMAL,18.1,991.2,46.0,HEALTHY,replay,4.3,0.0
2025-03-05T11:00:00+00:00,AWS-DEL-103,19.8,989.9,42.0,False,,low,3.3,NORMAL,19.8,990.8,40.0,HEALTHY,replay,5.5,0.0
2025-03-05T12:00:00+00:00,AWS-DEL-103,21.2,989.0,36.0,False,,low,3.2,NORMAL,21.3,989.8,34.0,HEALTHY,replay,5.4,0.0
2025-03-05T13:00:00+00:00,AWS-DEL-103,22.1,988.1,31.0,False,,low,3.0,NORMAL,22.2,988.9,30.0,HEALTHY,replay,5.0,0.0
2025-03-05T14:00:00+00:00,AWS-DEL-103,22.5,987.2,29.0,False,,low,1.4,NORMAL,22.8,988.0,27.0,HEALTHY,replay,2.4,0.0
2025-03-05T15:00:00+00:00,AWS-DEL-103,22.5,986.4,31.0,False,,low,1.9,NORMAL,22.8,987.3,28.0,HEALTHY,replay,3.2,0.0
2025-03-05T16:00:00+00:00,AWS-DEL-103,22.0,986.2,33.0,False,,low,1.1,NORMAL,22.3,986.9,30.0,HEALTHY,replay,1.8,0.0
2025-03-05T17:00:00+00:00,AWS-DEL-103,20.9,986.3,36.0,False,,low,0.8,NORMAL,21.6,987.0,31.0,HEALTHY,replay,1.4,0.0
2025-03-05T18:00:00+00:00,AWS-DEL-103,20.3,987.1,34.0,False,,low,1.0,NORMAL,20.9,987.7,34.0,HEALTHY,replay,1.7,0.0
2025-03-05T19:00:00+00:00,AWS-DEL-103,19.6,987.2,35.0,False,,low,0.5,NORMAL,20.2,987.8,35.0,HEALTHY,replay,0.9,0.0
2025-03-05T20:00:00+00:00,AWS-DEL-103,19.0,987.4,37.0,False,,low,0.6,NORMAL,19.3,988.1,35.0,HEALTHY,replay,1.0,0.0
2025-03-05T21:00:00+00:00,AWS-DEL-103,18.6,988.0,37.0,False,,low,0.4,NORMAL,18.6,988.7,37.0,HEALTHY,replay,0.6,0.0
2025-03-05T22:00:00+00:00,AWS-DEL-103,18.3,987.9,37.0,False,,low,0.6,NORMAL,18.3,988.6,37.0,HEALTHY,replay,1.0,0.0
2025-03-05T23:00:00+00:00,AWS-DEL-103,17.8,987.6,37.0,False,,low,0.8,NORMAL,17.7,988.3,39.0,HEALTHY,replay,1.3,0.0
2025-03-06T00:00:00+00:00,AWS-DEL-103,16.9,987.2,41.0,False,,low,0.8,NORMAL,16.9,987.8,42.0,HEALTHY,replay,1.3,0.0
2025-03-06T01:00:00+00:00,AWS-DEL-103,15.9,987.0,45.0,False,,low,0.2,NORMAL,15.8,987.8,45.0,HEALTHY,replay,0.4,0.0
2025-03-06T02:00:00+00:00,AWS-DEL-103,15.1,986.3,48.0,False,,low,0.2,NORMAL,15.1,987.0,46.0,HEALTHY,replay,0.3,0.0
2025-03-06T03:00:00+00:00,AWS-DEL-103,14.5,985.7,50.0,False,,low,0.1,NORMAL,14.7,986.3,46.0,HEALTHY,replay,0.2,0.0
2025-03-06T04:00:00+00:00,AWS-DEL-103,14.1,985.3,49.0,False,,low,0.2,NORMAL,14.3,986.1,47.0,HEALTHY,replay,0.3,0.0
2025-03-06T05:00:00+00:00,AWS-DEL-103,13.8,985.2,49.0,False,,low,0.2,NORMAL,13.8,985.9,48.0,HEALTHY,replay,0.3,0.0
2025-03-06T06:00:00+00:00,AWS-DEL-103,13.1,985.3,56.0,False,,low,0.4,NORMAL,12.8,985.91,58.0,HEALTHY,replay,0.7,0.0
2025-03-06T07:00:00+00:00,AWS-DEL-103,13.5,985.9,56.0,False,,low,0.3,NORMAL,13.2,985.93,56.0,HEALTHY,replay,0.5,0.0
2025-03-06T08:00:00+00:00,AWS-DEL-103,15.4,987.6,54.0,False,,low,1.2,NORMAL,15.0,987.0,54.0,HEALTHY,replay,2.0,0.0
2025-03-06T09:00:00+00:00,AWS-DEL-103,17.7,988.2,48.0,False,,low,1.0,NORMAL,17.5,987.5,47.0,HEALTHY,replay,1.7,0.0
2025-03-06T10:00:00+00:00,AWS-DEL-103,20.2,988.2,42.0,False,,low,0.9,NORMAL,20.2,987.4,41.0,HEALTHY,replay,1.5,0.0
2025-03-06T11:00:00+00:00,AWS-DEL-103,22.3,988.1,37.0,False,,low,2.5,NORMAL,22.5,987.2,34.0,HEALTHY,replay,4.1,0.0
2025-03-06T12:00:00+00:00,AWS-DEL-103,23.9,987.4,32.0,False,,low,3.3,NORMAL,24.2,986.5,29.0,HEALTHY,replay,5.5,0.0
2025-03-06T13:00:00+00:00,AWS-DEL-103,25.0,986.7,29.0,False,,low,2.0,NORMAL,25.5,985.97,25.0,HEALTHY,replay,3.3,0.0
2025-03-06T14:00:00+00:00,AWS-DEL-103,25.7,986.3,27.0,False,,low,2.2,NORMAL,26.3,986.9,24.0,HEALTHY,replay,3.6,0.0
2025-03-06T15:00:00+00:00,AWS-DEL-103,26.0,986.1,26.0,False,,low,1.6,NORMAL,26.6,986.6,23.0,HEALTHY,replay,2.7,0.0
2025-03-06T16:00:00+00:00,AWS-DEL-103,25.7,985.7,27.0,False,,low,2.3,NORMAL,26.2,986.3,23.0,HEALTHY,replay,3.9,0.0
2025-03-06T17:00:00+00:00,AWS-DEL-103,23.7,985.7,35.0,False,,low,2.2,NORMAL,24.9,986.3,30.0,HEALTHY,replay,3.6,0.0
2025-03-06T18:00:00+00:00,AWS-DEL-103,21.2,986.2,34.0,False,,low,1.7,NORMAL,22.1,986.7,42.0,HEALTHY,replay,2.8,0.0
2025-03-06T19:00:00+00:00,AWS-DEL-103,19.7,986.4,40.0,False,,low,0.7,NORMAL,21.1,986.8,43.0,HEALTHY,replay,1.2,0.0
2025-03-06T20:00:00+00:00,AWS-DEL-103,18.3,986.9,44.0,False,,low,0.5,NORMAL,19.2,988.9,53.0,HEALTHY,replay,0.8,0.0
2025-03-06T21:00:00+00:00,AWS-DEL-103,17.3,987.1,52.0,False,,low,0.8,NORMAL,18.6,985.9,52.0,HEALTHY,replay,1.4,0.0
2025-03-06T22:00:00+00:00,AWS-DEL-103,16.3,986.9,57.0,False,,low,0.7,NORMAL,17.9,988.9,49.0,HEALTHY,replay,1.1,0.0
2025-03-06T23:00:00+00:00,AWS-DEL-103,16.0,986.9,58.0,False,,low,0.5,NORMAL,16.8,988.7,50.0,HEALTHY,replay,0.8,0.0
2025-03-07T00:00:00+00:00,AWS-DEL-103,14.4,986.8,67.0,False,,low,2.2,NORMAL,16.4,985.2,51.0,HEALTHY,replay,3.7,0.0
2025-03-07T01:00:00+00:00,AWS-DEL-103,12.9,986.3,74.0,False,,low,4.8,NORMAL,14.7,986.6,61.0,HEALTHY,replay,8.0,0.0
2025-03-07T02:00:00+00:00,AWS-DEL-103,12.0,985.5,77.0,False,,low,1.8,NORMAL,13.8,986.2,64.0,HEALTHY,replay,3.0,0.0
2025-03-07T03:00:00+00:00,AWS-DEL-103,11.5,984.8,78.0,False,,low,0.8,NORMAL,13.2,985.5,70.0,HEALTHY,replay,1.4,0.0
2025-03-07T04:00:00+00:00,AWS-DEL-103,11.3,984.6,79.0,False,,low,0.7,NORMAL,12.9,985.2,70.0,HEALTHY,replay,1.1,0.0
2025-03-07T05:00:00+00:00,AWS-DEL-103,10.7,984.6,81.0,False,,low,0.7,NORMAL,12.2,985.2,70.0,HEALTHY,replay,1.1,0.0
2025-03-07T06:00:00+00:00,AWS-DEL-103,10.6,985.7,85.0,False,,low,1.2,NORMAL,11.7,986.2,78.0,HEALTHY,replay,2.0,0.0
2025-03-07T07:00:00+00:00,AWS-DEL-103,12.4,986.4,80.0,False,,low,1.0,NORMAL,12.9,986.8,73.0,HEALTHY,replay,1.7,0.0
2025-03-07T08:00:00+00:00,AWS-DEL-103,15.8,987.1,68.0,False,,low,3.7,NORMAL,16.0,987.5,61.0,HEALTHY,replay,6.1,0.0
2025-03-07T09:00:00+00:00,AWS-DEL-103,19.2,987.5,57.0,False,,low,4.6,NORMAL,19.8,987.9,47.0,HEALTHY,replay,7.7,0.0
2025-03-07T10:00:00+00:00,AWS-DEL-103,22.1,987.6,46.0,False,,low,8.2,NORMAL,23.4,987.8,33.0,HEALTHY,replay,13.7,0.0
2025-03-07T11:00:00+00:00,AWS-DEL-103,24.0,987.2,38.0,False,,low,5.1,NORMAL,25.7,987.5,24.0,HEALTHY,replay,8.5,0.0
2025-03-07T12:00:00+00:00,AWS-DEL-103,25.5,986.2,32.0,False,,low,8.5,NORMAL,27.2,986.4,20.0,HEALTHY,replay,14.2,0.0
2025-03-07T13:00:00+00:00,AWS-DEL-103,26.7,985.0,27.0,False,,low,10.4,NORMAL,28.1,985.3,19.0,HEALTHY,replay,17.3,0.0
2025-03-07T14:00:00+00:00,AWS-DEL-103,27.3,984.4,25.0,False,,low,3.0,NORMAL,28.4,984.8,21.0,HEALTHY,replay,4.9,0.0
2025-03-07T15:00:00+00:00,AWS-DEL-103,27.2,983.9,26.0,False,,low,1.8,NORMAL,28.3,984.3,22.0,HEALTHY,replay,3.0,0.0
2025-03-07T16:00:00+00:00,AWS-DEL-103,26.4,983.7,29.0,False,,low,1.6,NORMAL,27.8,984.2,23.0,HEALTHY,replay,2.7,0.0
2025-03-07T17:00:00+00:00,AWS-DEL-103,24.4,983.6,40.0,False,,low,2.7,NORMAL,26.6,984.1,25.0,HEALTHY,replay,4.5,0.0
2025-03-07T18:00:00+00:00,AWS-DEL-103,21.6,984.0,48.0,False,,low,1.5,NORMAL,23.2,984.6,33.0,HEALTHY,replay,2.5,0.0
2025-03-07T19:00:00+00:00,AWS-DEL-103,20.3,983.9,51.0,False,,low,0.7,NORMAL,22.3,984.3,39.0,HEALTHY,replay,1.2,0.0
2025-03-07T20:00:00+00:00,AWS-DEL-103,19.1,984.2,52.0,False,,low,0.6,NORMAL,21.3,984.7,38.0,HEALTHY,replay,0.9,0.0
2025-03-07T21:00:00+00:00,AWS-DEL-103,18.2,984.2,58.0,False,,low,0.6,NORMAL,20.6,984.8,45.0,HEALTHY,replay,1.0,0.0
2025-03-07T22:00:00+00:00,AWS-DEL-103,17.5,984.2,61.0,False,,low,0.6,NORMAL,19.6,984.7,46.0,HEALTHY,replay,1.0,0.0
2025-03-07T23:00:00+00:00,AWS-DEL-103,16.1,984.2,68.0,False,,low,1.0,NORMAL,17.2,986.2,58.0,HEALTHY,replay,1.7,0.0
2025-03-08T00:00:00+00:00,AWS-DEL-103,16.0,984.6,65.0,False,,low,0.4,NORMAL,16.0,986.5,52.0,HEALTHY,replay,0.7,0.0
2025-03-08T01:00:00+00:00,AWS-DEL-103,15.6,984.2,61.0,False,,low,1.1,NORMAL,15.1,986.2,69.0,HEALTHY,replay,1.8,0.0
2025-03-08T02:00:00+00:00,AWS-DEL-103,15.4,983.3,60.0,False,,low,1.1,NORMAL,15.7,982.3,58.0,HEALTHY,replay,1.8,0.0
2025-03-08T03:00:00+00:00,AWS-DEL-103,14.9,982.3,61.0,False,,low,1.5,NORMAL,15.1,981.3,59.0,HEALTHY,replay,2.5,0.0
2025-03-08T04:00:00+00:00,AWS-DEL-103,14.6,982.2,61.0,False,,low,0.6,NORMAL,14.5,982.7,61.0,HEALTHY,replay,0.9,0.0
2025-03-08T05:00:00+00:00,AWS-DEL-103,14.0,982.5,63.0,False,,low,0.5,NORMAL,14.1,983.0,62.0,HEALTHY,replay,0.8,0.0
2025-03-08T06:00:00+00:00,AWS-DEL-103,14.0,983.3,72.0,False,,low,2.9,NORMAL,13.6,983.6,71.0,HEALTHY,replay,4.9,0.0
2025-03-08T07:00:00+00:00,AWS-DEL-103,14.9,984.0,69.0,False,,low,0.5,NORMAL,15.5,984.5,63.0,HEALTHY,replay,0.9,0.0
2025-03-08T08:00:00+00:00,AWS-DEL-103,17.7,984.7,63.0,False,,low,0.6,NORMAL,18.0,985.2,54.0,HEALTHY,replay,0.9,0.0
2025-03-08T09:00:00+00:00,AWS-DEL-103,20.9,985.4,52.0,False,,low,2.1,NORMAL,21.4,986.0,43.0,HEALTHY,replay,3.5,0.0
2025-03-08T10:00:00+00:00,AWS-DEL-103,24.0,985.7,43.0,False,,low,3.2,NORMAL,24.6,986.2,36.0,HEALTHY,replay,5.4,0.0
2025-03-08T11:00:00+00:00,AWS-DEL-103,26.3,985.2,35.0,False,,low,5.2,NORMAL,27.4,985.5,27.0,HEALTHY,replay,8.7,0.0
2025-03-08T12:00:00+00:00,AWS-DEL-103,27.7,984.5,28.0,False,,low,3.7,NORMAL,29.1,985.0,21.0,HEALTHY,replay,6.1,0.0
2025-03-08T13:00:00+00:00,AWS-DEL-103,28.3,983.7,26.0,False,,low,1.0,NORMAL,29.8,984.1,20.0,HEALTHY,replay,1.7,0.0
2025-03-08T14:00:00+00:00,AWS-DEL-103,28.4,983.0,26.0,False,,low,0.8,NORMAL,30.1,983.4,20.0,HEALTHY,replay,1.3,0.0
2025-03-08T15:00:00+00:00,AWS-DEL-103,28.1,982.6,28.0,False,,low,0.7,NORMAL,29.9,983.0,21.0,HEALTHY,replay,1.1,0.0
2025-03-08T16:00:00+00:00,AWS-DEL-103,27.4,982.5,29.0,False,,low,0.5,NORMAL,29.3,983.2,23.0,HEALTHY,replay,0.9,0.0
2025-03-08T17:00:00+00:00,AWS-DEL-103,25.5,982.6,38.0,False,,low,1.0,NORMAL,28.3,983.5,25.0,HEALTHY,replay,1.7,0.0
2025-03-08T18:00:00+00:00,AWS-DEL-103,23.3,983.2,46.0,False,,low,1.0,NORMAL,24.8,984.5,35.0,HEALTHY,replay,1.7,0.0
2025-03-08T19:00:00+00:00,AWS-DEL-103,21.1,983.4,55.0,False,,low,1.2,NORMAL,23.7,985.1,42.0,HEALTHY,replay,1.9,0.0
2025-03-08T20:00:00+00:00,AWS-DEL-103,20.5,984.1,58.0,False,,low,0.4,NORMAL,22.5,986.1,50.0,HEALTHY,replay,0.6,0.0
2025-03-08T21:00:00+00:00,AWS-DEL-103,19.6,984.6,63.0,False,,low,0.3,NORMAL,20.8,986.5,51.0,HEALTHY,replay,0.4,0.0
2025-03-08T22:00:00+00:00,AWS-DEL-103,18.0,985.3,67.0,False,,low,0.7,NORMAL,19.7,987.1,51.0,HEALTHY,replay,1.1,0.0
2025-03-08T23:00:00+00:00,AWS-DEL-103,16.5,984.8,74.0,False,,low,0.7,NORMAL,18.7,986.6,59.0,HEALTHY,replay,1.1,0.0
2025-03-09T00:00:00+00:00,AWS-DEL-103,15.5,984.6,79.0,False,,low,0.4,NORMAL,18.2,986.6,61.0,HEALTHY,replay,0.6,0.0
2025-03-09T01:00:00+00:00,AWS-DEL-103,14.8,984.6,83.0,False,,low,0.5,NORMAL,17.4,986.6,62.0,HEALTHY,replay,0.9,0.0
2025-03-09T02:00:00+00:00,AWS-DEL-103,14.0,984.8,86.0,False,,low,0.7,NORMAL,16.4,986.8,63.0,HEALTHY,replay,1.2,0.0
2025-03-09T03:00:00+00:00,AWS-DEL-103,13.6,984.4,87.0,False,,low,0.8,NORMAL,15.7,986.2,66.0,HEALTHY,replay,1.3,0.0
2025-03-09T04:00:00+00:00,AWS-DEL-103,13.3,984.2,87.0,False,,low,0.9,NORMAL,15.7,986.1,67.0,HEALTHY,replay,1.5,0.0
2025-03-09T05:00:00+00:00,AWS-DEL-103,12.7,984.6,89.0,False,,low,1.4,NORMAL,15.7,986.6,67.0,HEALTHY,replay,2.4,0.0
2025-03-09T06:00:00+00:00,AWS-DEL-103,13.7,985.5,90.0,False,,low,2.4,NORMAL,16.2,987.3,73.0,HEALTHY,replay,4.0,0.0
2025-03-09T07:00:00+00:00,AWS-DEL-103,15.5,986.5,82.0,False,,low,2.9,NORMAL,16.4,988.5,72.0,HEALTHY,replay,4.9,0.0
2025-03-09T08:00:00+00:00,AWS-DEL-103,19.8,988.1,67.0,False,,low,26.8,NORMAL,19.8,990.0,61.0,HEALTHY,replay,44.7,0.0
2025-03-09T09:00:00+00:00,AWS-DEL-103,23.7,989.1,55.0,False,,low,40.9,NORMAL,23.6,990.9,51.0,HEALTHY,replay,68.2,0.0
2025-03-09T10:00:00+00:00,AWS-DEL-103,26.6,989.3,43.0,False,,low,47.0,NORMAL,27.2,991.1,39.0,HEALTHY,replay,78.4,0.0
2025-03-09T11:00:00+00:00,AWS-DEL-103,28.4,989.3,35.0,False,,low,34.7,NORMAL,29.3,991.0,31.0,HEALTHY,replay,57.9,0.0
2025-03-09T12:00:00+00:00,AWS-DEL-103,29.5,988.7,30.0,False,,low,34.2,NORMAL,30.5,990.5,27.0,HEALTHY,replay,57.0,0.0
2025-03-09T13:00:00+00:00,AWS-DEL-103,30.0,987.7,29.0,True,REGIONAL_EVENT,low,52.3,FUSED_CONSENSUS,31.1,989.5,26.0,HEALTHY,replay,28.5,88.1
2025-03-09T14:00:00+00:00,AWS-DEL-103,30.3,987.2,29.0,False,,low,15.2,NORMAL,31.4,988.8,26.0,HEALTHY,replay,25.4,0.0
2025-03-09T15:00:00+00:00,AWS-DEL-103,30.1,986.8,29.0,False,,low,9.1,NORMAL,31.2,988.5,26.0,HEALTHY,replay,15.1,0.0
2025-03-09T16:00:00+00:00,AWS-DEL-103,29.6,986.7,30.0,False,,low,6.3,NORMAL,30.6,988.5,28.0,HEALTHY,replay,10.4,0.0
2025-03-09T17:00:00+00:00,AWS-DEL-103,28.1,986.9,35.0,False,,low,2.8,NORMAL,29.3,988.6,31.0,HEALTHY,replay,4.7,0.0
2025-03-09T18:00:00+00:00,AWS-DEL-103,25.4,987.8,44.0,False,,low,4.3,NORMAL,25.7,989.5,43.0,HEALTHY,replay,7.2,0.0
2025-03-09T19:00:00+00:00,AWS-DEL-103,23.4,988.3,50.0,False,,low,2.0,NORMAL,24.3,989.9,45.0,HEALTHY,replay,3.4,0.0
2025-03-09T20:00:00+00:00,AWS-DEL-103,22.4,989.1,51.0,False,,low,2.0,NORMAL,23.5,990.7,46.0,HEALTHY,replay,3.3,0.0
2025-03-09T21:00:00+00:00,AWS-DEL-103,21.2,989.3,56.0,False,,low,2.0,NORMAL,23.2,990.9,50.0,HEALTHY,replay,3.4,0.0
2025-03-09T22:00:00+00:00,AWS-DEL-103,20.6,989.3,59.0,False,,low,1.3,NORMAL,22.0,991.0,55.0,HEALTHY,replay,2.2,0.0
2025-03-09T23:00:00+00:00,AWS-DEL-103,20.0,989.3,60.0,False,,low,1.6,NORMAL,20.9,991.1,60.0,HEALTHY,replay,2.7,0.0
2025-03-10T00:00:00+00:00,AWS-DEL-103,19.0,989.5,66.0,False,,low,1.3,NORMAL,20.0,991.1,62.0,HEALTHY,replay,2.1,0.0
2025-03-10T01:00:00+00:00,AWS-DEL-103,18.6,989.2,69.0,False,,low,1.8,NORMAL,19.7,991.0,62.0,HEALTHY,replay,2.9,0.0
2025-03-10T02:00:00+00:00,AWS-DEL-103,18.2,988.7,70.0,False,,low,2.4,NORMAL,19.2,990.6,64.0,HEALTHY,replay,4.0,0.0
2025-03-10T03:00:00+00:00,AWS-DEL-103,17.8,988.5,71.0,False,,low,2.9,NORMAL,18.7,990.1,66.0,HEALTHY,replay,4.9,0.0
2025-03-10T04:00:00+00:00,AWS-DEL-103,17.4,988.6,71.0,False,,low,3.5,NORMAL,18.3,990.5,67.0,HEALTHY,replay,5.9,0.0
2025-03-10T05:00:00+00:00,AWS-DEL-103,16.9,989.3,71.0,False,,low,4.8,NORMAL,18.0,991.0,68.0,HEALTHY,replay,8.1,0.0
2025-03-10T06:00:00+00:00,AWS-DEL-103,17.1,990.8,74.0,False,,low,17.7,NORMAL,18.2,992.4,69.0,HEALTHY,replay,29.6,0.0
2025-03-10T07:00:00+00:00,AWS-DEL-103,18.0,991.5,71.0,False,,low,12.3,NORMAL,18.7,993.4,67.0,HEALTHY,replay,20.6,0.0
2025-03-10T08:00:00+00:00,AWS-DEL-103,20.6,992.7,65.0,False,,low,17.2,NORMAL,20.9,992.9,61.0,HEALTHY,replay,28.7,0.0
2025-03-10T09:00:00+00:00,AWS-DEL-103,23.4,993.7,57.0,False,,low,17.9,NORMAL,23.9,993.8,53.0,HEALTHY,replay,29.9,0.0
2025-03-10T10:00:00+00:00,AWS-DEL-103,25.9,993.9,51.0,False,,low,6.8,NORMAL,26.7,994.0,46.0,HEALTHY,replay,11.4,0.0
2025-03-10T11:00:00+00:00,AWS-DEL-103,27.9,993.6,44.0,False,,low,7.8,NORMAL,28.9,993.6,39.0,HEALTHY,replay,13.0,0.0
2025-03-10T12:00:00+00:00,AWS-DEL-103,29.1,992.6,38.0,False,,low,5.5,NORMAL,30.0,992.6,35.0,HEALTHY,replay,9.1,0.0
2025-03-10T13:00:00+00:00,AWS-DEL-103,29.8,991.7,36.0,False,,low,4.8,NORMAL,30.8,991.7,32.0,HEALTHY,replay,8.1,0.0
2025-03-10T14:00:00+00:00,AWS-DEL-103,30.1,990.5,35.0,False,,low,6.9,NORMAL,31.2,990.5,30.0,HEALTHY,replay,11.6,0.0
2025-03-10T15:00:00+00:00,AWS-DEL-103,30.1,989.8,35.0,False,,low,6.6,NORMAL,31.1,989.7,29.0,HEALTHY,replay,11.0,0.0
2025-03-10T16:00:00+00:00,AWS-DEL-103,29.5,989.0,37.0,False,,low,3.4,NORMAL,30.6,989.1,30.0,HEALTHY,replay,5.7,0.0
2025-03-10T17:00:00+00:00,AWS-DEL-103,28.1,989.0,41.0,False,,low,0.9,NORMAL,29.6,989.1,34.0,HEALTHY,replay,1.6,0.0
2025-03-10T18:00:00+00:00,AWS-DEL-103,26.3,989.6,47.0,False,,low,1.1,NORMAL,27.1,989.7,40.0,HEALTHY,replay,1.8,0.0
2025-03-10T19:00:00+00:00,AWS-DEL-103,24.9,989.7,49.0,False,,low,0.4,NORMAL,25.6,990.0,44.0,HEALTHY,replay,0.6,0.0
2025-03-10T20:00:00+00:00,AWS-DEL-103,23.4,990.3,53.0,False,,low,0.5,NORMAL,25.0,990.8,45.0,HEALTHY,replay,0.8,0.0
2025-03-10T21:00:00+00:00,AWS-DEL-103,21.9,990.3,59.0,False,,low,0.3,NORMAL,23.8,990.8,48.0,HEALTHY,replay,0.6,0.0
2025-03-10T22:00:00+00:00,AWS-DEL-103,21.1,990.1,64.0,False,,low,0.4,NORMAL,22.9,990.7,54.0,HEALTHY,replay,0.6,0.0
2025-03-10T23:00:00+00:00,AWS-DEL-103,20.2,989.5,67.0,False,,low,0.2,NORMAL,22.5,990.4,66.0,HEALTHY,replay,0.4,0.0
2025-03-11T00:00:00+00:00,AWS-DEL-103,18.8,989.1,72.0,False,,low,0.3,NORMAL,21.6,989.08,71.0,HEALTHY,replay,0.4,0.0
2025-03-11T01:00:00+00:00,AWS-DEL-103,17.6,988.6,78.0,False,,low,0.4,NORMAL,20.7,989.09,78.0,HEALTHY,replay,0.6,0.0
2025-03-11T02:00:00+00:00,AWS-DEL-103,17.0,987.9,81.0,False,,low,0.3,NORMAL,19.7,988.6,66.0,HEALTHY,replay,0.5,0.0
2025-03-11T03:00:00+00:00,AWS-DEL-103,16.5,987.7,83.0,False,,low,0.3,NORMAL,19.3,988.2,68.0,HEALTHY,replay,0.5,0.0
2025-03-11T04:00:00+00:00,AWS-DEL-103,16.1,987.7,86.0,False,,low,0.3,NORMAL,18.9,988.2,69.0,HEALTHY,replay,0.5,0.0
2025-03-11T05:00:00+00:00,AWS-DEL-103,15.8,988.0,87.0,False,,low,0.4,NORMAL,18.2,988.5,72.0,HEALTHY,replay,0.6,0.0
2025-03-11T06:00:00+00:00,AWS-DEL-103,15.7,988.7,94.0,False,,low,1.4,NORMAL,18.3,989.1,75.0,HEALTHY,replay,2.3,0.0
2025-03-11T07:00:00+00:00,AWS-DEL-103,16.9,989.1,90.0,False,,low,0.7,NORMAL,18.7,989.7,72.0,HEALTHY,replay,1.1,0.0
2025-03-11T08:00:00+00:00,AWS-DEL-103,21.1,990.4,73.0,False,,low,5.3,NORMAL,22.0,990.8,59.0,HEALTHY,replay,8.9,0.0
2025-03-11T09:00:00+00:00,AWS-DEL-103,24.9,991.2,57.0,False,,low,16.9,NORMAL,25.9,991.3,46.0,HEALTHY,replay,28.2,0.0
2025-03-11T10:00:00+00:00,AWS-DEL-103,27.6,991.0,47.0,False,,low,7.7,NORMAL,28.9,991.3,38.0,HEALTHY,replay,12.8,0.0
2025-03-11T11:00:00+00:00,AWS-DEL-103,29.5,990.8,41.0,False,,low,2.3,NORMAL,31.3,990.9,33.0,HEALTHY,replay,3.8,0.0
2025-03-11T12:00:00+00:00,AWS-DEL-103,30.8,989.8,37.0,False,,low,4.0,NORMAL,32.8,989.9,29.0,HEALTHY,replay,6.7,0.0
2025-03-11T13:00:00+00:00,AWS-DEL-103,31.7,988.5,34.0,False,,low,4.6,NORMAL,33.5,988.6,26.0,HEALTHY,replay,7.7,0.0
2025-03-11T14:00:00+00:00,AWS-DEL-103,32.0,987.5,33.0,False,,low,2.8,NORMAL,33.8,987.5,24.0,HEALTHY,replay,4.7,0.0
2025-03-11T15:00:00+00:00,AWS-DEL-103,31.5,986.9,35.0,False,,low,0.9,NORMAL,33.7,986.8,23.0,HEALTHY,replay,1.4,0.0
2025-03-11T16:00:00+00:00,AWS-DEL-103,30.2,986.3,38.0,False,,low,1.1,NORMAL,33.6,986.3,25.0,HEALTHY,replay,1.8,0.0
2025-03-11T17:00:00+00:00,AWS-DEL-103,28.5,986.4,45.0,False,,low,0.8,NORMAL,31.9,986.5,29.0,HEALTHY,replay,1.4,0.0
2025-03-11T18:00:00+00:00,AWS-DEL-103,26.5,986.8,56.0,False,,low,1.6,NORMAL,28.1,987.2,46.0,HEALTHY,replay,2.7,0.0
2025-03-11T19:00:00+00:00,AWS-DEL-103,25.2,986.7,62.0,False,,low,0.9,NORMAL,26.9,987.2,47.0,HEALTHY,replay,1.5,0.0
2025-03-11T20:00:00+00:00,AWS-DEL-103,24.3,987.0,66.0,False,,low,0.7,NORMAL,26.2,987.5,49.0,HEALTHY,replay,1.2,0.0
2025-03-11T21:00:00+00:00,AWS-DEL-103,22.9,986.8,73.0,False,,low,2.0,NORMAL,24.9,987.5,57.0,HEALTHY,replay,3.3,0.0
2025-03-11T22:00:00+00:00,AWS-DEL-103,22.2,986.7,76.0,False,,low,1.1,NORMAL,23.8,987.4,62.0,HEALTHY,replay,1.8,0.0
2025-03-11T23:00:00+00:00,AWS-DEL-103,21.1,986.0,80.0,False,,low,0.7,NORMAL,23.0,986.7,69.0,HEALTHY,replay,1.2,0.0
2025-03-12T00:00:00+00:00,AWS-DEL-103,21.4,985.8,76.0,False,,low,0.6,NORMAL,22.4,986.5,70.0,HEALTHY,replay,1.1,0.0
2025-03-12T01:00:00+00:00,AWS-DEL-103,21.2,985.3,75.0,False,,low,0.9,NORMAL,21.6,986.1,70.0,HEALTHY,replay,1.5,0.0
2025-03-12T02:00:00+00:00,AWS-DEL-103,20.8,984.8,75.0,False,,low,1.2,NORMAL,20.9,985.2,72.0,HEALTHY,replay,2.0,0.0
2025-03-12T03:00:00+00:00,AWS-DEL-103,20.3,984.2,75.0,False,,low,3.6,NORMAL,20.1,984.7,74.0,HEALTHY,replay,6.0,0.0
2025-03-12T04:00:00+00:00,AWS-DEL-103,19.8,983.8,75.0,False,,low,3.8,NORMAL,19.3,984.4,78.0,HEALTHY,replay,6.4,0.0
2025-03-12T05:00:00+00:00,AWS-DEL-103,19.6,983.6,74.0,False,,low,5.4,NORMAL,18.9,984.2,79.0,HEALTHY,replay,9.0,0.0
2025-03-12T06:00:00+00:00,AWS-DEL-103,18.6,984.5,84.0,False,,low,5.4,NORMAL,18.5,985.2,85.0,HEALTHY,replay,9.0,0.0
2025-03-12T07:00:00+00:00,AWS-DEL-103,19.4,985.0,80.0,False,,low,2.8,NORMAL,20.7,985.5,75.0,HEALTHY,replay,4.7,0.0
2025-03-12T08:00:00+00:00,AWS-DEL-103,21.7,985.8,71.0,False,,low,3.4,NORMAL,22.9,986.3,66.0,HEALTHY,replay,5.7,0.0
2025-03-12T09:00:00+00:00,AWS-DEL-103,24.4,986.3,63.0,False,,low,3.6,NORMAL,26.0,986.7,52.0,HEALTHY,replay,6.0,0.0
2025-03-12T10:00:00+00:00,AWS-DEL-103,27.2,986.3,50.0,False,,low,4.9,NORMAL,28.8,986.8,39.0,HEALTHY,replay,8.2,0.0
2025-03-12T11:00:00+00:00,AWS-DEL-103,29.0,986.1,41.0,False,,low,3.5,NORMAL,30.5,986.5,32.0,HEALTHY,replay,5.8,0.0
2025-03-12T12:00:00+00:00,AWS-DEL-103,30.3,985.2,35.0,False,,low,5.6,NORMAL,31.8,985.6,28.0,HEALTHY,replay,9.3,0.0
2025-03-12T13:00:00+00:00,AWS-DEL-103,31.6,984.1,31.0,False,,low,6.5,NORMAL,32.8,984.6,25.0,HEALTHY,replay,10.8,0.0
2025-03-12T14:00:00+00:00,AWS-DEL-103,32.2,983.1,28.0,False,,low,7.1,NORMAL,32.9,983.7,25.0,HEALTHY,replay,11.8,0.0
2025-03-12T15:00:00+00:00,AWS-DEL-103,32.0,982.6,29.0,False,,low,2.0,NORMAL,32.7,982.89,25.0,HEALTHY,replay,3.3,0.0
2025-03-12T16:00:00+00:00,AWS-DEL-103,30.9,982.2,32.0,False,,low,1.7,NORMAL,31.8,982.08,27.0,HEALTHY,replay,2.8,0.0
2025-03-12T17:00:00+00:00,AWS-DEL-103,29.4,982.0,39.0,False,,low,2.0,NORMAL,30.7,981.57,30.0,HEALTHY,replay,3.3,0.0
2025-03-12T18:00:00+00:00,AWS-DEL-103,27.6,982.4,45.0,False,,low,2.0,NORMAL,28.9,981.66,37.0,HEALTHY,replay,3.3,0.0
2025-03-12T19:00:00+00:00,AWS-DEL-103,26.5,982.8,49.0,False,,low,1.5,NORMAL,27.2,981.66,42.0,HEALTHY,replay,2.5,0.0
2025-03-12T20:00:00+00:00,AWS-DEL-103,25.3,983.1,54.0,False,,low,1.1,NORMAL,26.1,982.1,47.0,HEALTHY,replay,1.8,0.0
2025-03-12T21:00:00+00:00,AWS-DEL-103,24.5,983.5,57.0,False,,low,0.7,NORMAL,25.5,982.4,50.0,HEALTHY,replay,1.2,0.0
2025-03-12T22:00:00+00:00,AWS-DEL-103,23.6,983.7,60.0,False,,low,0.8,NORMAL,24.9,982.5,52.0,HEALTHY,replay,1.3,0.0
2025-03-12T23:00:00+00:00,AWS-DEL-103,23.0,983.5,63.0,False,,low,0.5,NORMAL,23.7,982.3,56.0,HEALTHY,replay,0.9,0.0
2025-03-13T00:00:00+00:00,AWS-DEL-103,21.9,983.2,67.0,False,,low,0.4,NORMAL,23.1,981.9,58.0,HEALTHY,replay,0.7,0.0
2025-03-13T01:00:00+00:00,AWS-DEL-103,21.1,982.5,68.0,False,,low,0.4,NORMAL,22.0,981.2,61.0,HEALTHY,replay,0.6,0.0
2025-03-13T02:00:00+00:00,AWS-DEL-103,20.5,981.7,68.0,False,,low,0.4,NORMAL,21.8,980.5,59.0,HEALTHY,replay,0.6,0.0
2025-03-13T03:00:00+00:00,AWS-DEL-103,19.9,981.1,68.0,False,,low,0.6,NORMAL,21.0,980.3,63.0,HEALTHY,replay,1.1,0.0
2025-03-13T04:00:00+00:00,AWS-DEL-103,18.9,981.3,73.0,False,,low,0.5,NORMAL,20.6,980.3,64.0,HEALTHY,replay,0.8,0.0
2025-03-13T05:00:00+00:00,AWS-DEL-103,18.9,981.5,73.0,False,,low,0.6,NORMAL,20.7,980.2,63.0,HEALTHY,replay,0.9,0.0
2025-03-13T06:00:00+00:00,AWS-DEL-103,18.8,982.7,81.0,False,,low,1.3,NORMAL,21.0,981.6,71.0,HEALTHY,replay,2.2,0.0
2025-03-13T07:00:00+00:00,AWS-DEL-103,20.3,983.5,76.0,False,,low,1.0,NORMAL,21.4,982.2,69.0,HEALTHY,replay,1.6,0.0
2025-03-13T08:00:00+00:00,AWS-DEL-103,22.9,984.6,68.0,False,,low,1.1,NORMAL,23.4,983.2,63.0,HEALTHY,replay,1.8,0.0
2025-03-13T09:00:00+00:00,AWS-DEL-103,25.5,985.4,60.0,False,,low,1.2,NORMAL,26.2,984.1,53.0,HEALTHY,replay,2.0,0.0
2025-03-13T10:00:00+00:00,AWS-DEL-103,27.7,985.5,52.0,False,,low,0.7,NORMAL,28.3,984.1,44.0,HEALTHY,replay,1.2,0.0
2025-03-13T11:00:00+00:00,AWS-DEL-103,24.7,985.9,62.0,False,,low,3.3,NORMAL,27.9,984.0,49.0,HEALTHY,replay,5.4,0.0
2025-03-13T12:00:00+00:00,AWS-DEL-103,28.2,984.3,45.0,False,,low,3.0,NORMAL,29.6,982.7,38.0,HEALTHY,replay,5.0,0.0
2025-03-13T13:00:00+00:00,AWS-DEL-103,30.6,982.8,35.0,False,,low,4.4,NORMAL,31.2,981.6,32.0,HEALTHY,replay,7.4,0.0
2025-03-13T14:00:00+00:00,AWS-DEL-103,31.2,981.7,33.0,False,,low,2.5,NORMAL,32.0,980.5,31.0,HEALTHY,replay,4.1,0.0
2025-03-13T15:00:00+00:00,AWS-DEL-103,31.3,981.1,32.0,False,,low,1.0,NORMAL,31.0,980.1,33.0,HEALTHY,replay,1.7,0.0
2025-03-13T16:00:00+00:00,AWS-DEL-103,28.2,981.7,39.0,False,,low,1.4,NORMAL,30.5,980.3,33.0,HEALTHY,replay,2.3,0.0
2025-03-13T17:00:00+00:00,AWS-DEL-103,28.0,981.4,45.0,False,,low,0.4,NORMAL,23.9,980.3,63.0,HEALTHY,replay,0.7,0.0
2025-03-13T18:00:00+00:00,AWS-DEL-103,25.6,980.8,50.0,False,,low,0.4,NORMAL,26.8,979.5,43.0,HEALTHY,replay,0.7,0.0
2025-03-13T19:00:00+00:00,AWS-DEL-103,23.8,981.5,54.0,False,,low,0.6,NORMAL,25.5,980.0,49.0,HEALTHY,replay,1.0,0.0
2025-03-13T20:00:00+00:00,AWS-DEL-103,22.6,982.0,58.0,False,,low,0.3,NORMAL,24.4,980.8,52.0,HEALTHY,replay,0.6,0.0
2025-03-13T21:00:00+00:00,AWS-DEL-103,21.9,982.6,60.0,False,,low,0.2,NORMAL,23.9,981.5,56.0,HEALTHY,replay,0.3,0.0
2025-03-13T22:00:00+00:00,AWS-DEL-103,20.6,982.6,67.0,False,,low,0.2,NORMAL,23.1,981.3,59.0,HEALTHY,replay,0.3,0.0
2025-03-13T23:00:00+00:00,AWS-DEL-103,20.1,982.3,70.0,False,,low,0.2,NORMAL,22.7,981.0,62.0,HEALTHY,replay,0.3,0.0
2025-03-14T00:00:00+00:00,AWS-DEL-103,19.6,982.1,71.0,False,,low,0.2,NORMAL,21.9,980.8,65.0,HEALTHY,replay,0.3,0.0
2025-03-14T01:00:00+00:00,AWS-DEL-103,19.1,982.0,72.0,False,,low,0.3,NORMAL,21.4,980.8,64.0,HEALTHY,replay,0.4,0.0
2025-03-14T02:00:00+00:00,AWS-DEL-103,18.4,981.8,75.0,False,,low,0.2,NORMAL,20.6,980.5,66.0,HEALTHY,replay,0.3,0.0
2025-03-14T03:00:00+00:00,AWS-DEL-103,17.7,981.3,79.0,False,,low,0.2,NORMAL,19.9,980.4,68.0,HEALTHY,replay,0.3,0.0
2025-03-14T04:00:00+00:00,AWS-DEL-103,17.3,981.6,81.0,False,,low,0.1,NORMAL,18.6,982.1,71.0,HEALTHY,replay,0.2,0.0
2025-03-14T05:00:00+00:00,AWS-DEL-103,17.0,982.4,82.0,False,,low,0.2,NORMAL,18.0,982.7,75.0,HEALTHY,replay,0.4,0.0
2025-03-14T06:00:00+00:00,AWS-DEL-103,17.0,983.3,96.0,False,,low,5.6,NORMAL,18.6,983.8,84.0,HEALTHY,replay,9.3,0.0
2025-03-14T07:00:00+00:00,AWS-DEL-103,19.0,984.4,88.0,False,,low,2.5,NORMAL,20.3,984.6,79.0,HEALTHY,replay,4.1,0.0
2025-03-14T08:00:00+00:00,AWS-DEL-103,22.6,985.5,74.0,False,,low,6.1,NORMAL,23.3,985.7,70.0,HEALTHY,replay,10.1,0.0
2025-03-14T09:00:00+00:00,AWS-DEL-103,26.4,986.6,58.0,False,,low,23.0,NORMAL,26.5,986.8,55.0,HEALTHY,replay,38.4,0.0
2025-03-14T10:00:00+00:00,AWS-DEL-103,29.0,986.6,44.0,False,,low,21.1,NORMAL,28.9,986.6,44.0,HEALTHY,replay,35.1,0.0
2025-03-14T11:00:00+00:00,AWS-DEL-103,31.0,986.2,36.0,False,,low,28.6,NORMAL,30.7,986.4,37.0,HEALTHY,replay,47.6,0.0
2025-03-14T12:00:00+00:00,AWS-DEL-103,32.5,985.5,24.0,False,,low,40.8,NORMAL,32.1,985.6,26.0,HEALTHY,replay,68.0,0.0
2025-03-14T13:00:00+00:00,AWS-DEL-103,33.0,984.3,20.0,False,,low,16.7,NORMAL,32.8,984.4,21.0,HEALTHY,replay,27.9,0.0
2025-03-14T14:00:00+00:00,AWS-DEL-103,33.4,983.2,19.0,False,,low,15.0,NORMAL,33.0,983.4,20.0,HEALTHY,replay,25.0,0.0
2025-03-14T15:00:00+00:00,AWS-DEL-103,33.2,982.4,20.0,False,,low,1.9,NORMAL,33.2,982.7,19.0,HEALTHY,replay,3.1,0.0
2025-03-14T16:00:00+00:00,AWS-DEL-103,32.5,982.3,22.0,False,,low,3.5,NORMAL,31.7,982.7,21.0,HEALTHY,replay,5.8,0.0
2025-03-14T17:00:00+00:00,AWS-DEL-103,30.4,982.5,32.0,False,,low,1.8,NORMAL,30.4,982.9,25.0,HEALTHY,replay,3.0,0.0
2025-03-14T18:00:00+00:00,AWS-DEL-103,27.3,983.6,40.0,False,,low,4.3,NORMAL,28.0,983.9,41.0,HEALTHY,replay,7.2,0.0
2025-03-14T19:00:00+00:00,AWS-DEL-103,24.9,984.0,51.0,False,,low,5.5,NORMAL,27.3,984.6,49.0,HEALTHY,replay,9.2,0.0
2025-03-14T20:00:00+00:00,AWS-DEL-103,23.4,985.1,61.0,False,,low,12.3,NORMAL,25.9,984.93,47.0,HEALTHY,replay,20.6,0.0
2025-03-14T21:00:00+00:00,AWS-DEL-103,22.7,985.0,59.0,False,,low,2.0,NORMAL,24.0,985.83,58.0,HEALTHY,replay,3.3,0.0
2025-03-14T22:00:00+00:00,AWS-DEL-103,21.6,985.4,66.0,False,,low,1.9,NORMAL,22.6,985.17,64.0,HEALTHY,replay,3.2,0.0
2025-03-14T23:00:00+00:00,AWS-DEL-103,20.7,984.7,71.0,False,,low,0.7,NORMAL,22.2,984.72,63.0,HEALTHY,replay,1.1,0.0
2025-03-15T00:00:00+00:00,AWS-DEL-103,20.5,984.3,68.0,False,,low,0.4,NORMAL,21.3,984.9,64.0,HEALTHY,replay,0.7,0.0
2025-03-15T01:00:00+00:00,AWS-DEL-103,19.7,984.7,71.0,False,,low,0.3,NORMAL,20.8,984.6,66.0,HEALTHY,replay,0.5,0.0
2025-03-15T02:00:00+00:00,AWS-DEL-103,19.7,983.3,67.0,False,,low,0.3,NORMAL,20.1,983.6,66.0,HEALTHY,replay,0.6,0.0
2025-03-15T03:00:00+00:00,AWS-DEL-103,19.5,983.3,62.0,False,,low,0.6,NORMAL,19.5,983.8,66.0,HEALTHY,replay,1.1,0.0
2025-03-15T04:00:00+00:00,AWS-DEL-103,18.6,983.7,65.0,False,,low,0.7,NORMAL,18.9,984.0,66.0,HEALTHY,replay,1.2,0.0
2025-03-15T05:00:00+00:00,AWS-DEL-103,17.8,984.1,68.0,False,,low,0.4,NORMAL,18.4,984.5,67.0,HEALTHY,replay,0.7,0.0
2025-03-15T06:00:00+00:00,AWS-DEL-103,19.1,985.7,72.0,False,,low,4.5,NORMAL,19.1,986.0,71.0,HEALTHY,replay,7.5,0.0
2025-03-15T07:00:00+00:00,AWS-DEL-103,19.3,986.5,72.0,False,,low,1.2,NORMAL,19.5,986.8,69.0,HEALTHY,replay,2.0,0.0
2025-03-15T08:00:00+00:00,AWS-DEL-103,21.1,987.1,65.0,False,,low,0.5,NORMAL,20.9,987.4,63.0,HEALTHY,replay,0.8,0.0
2025-03-15T09:00:00+00:00,AWS-DEL-103,23.1,987.6,58.0,False,,low,0.8,NORMAL,23.1,987.8,55.0,HEALTHY,replay,1.3,0.0
2025-03-15T10:00:00+00:00,AWS-DEL-103,25.2,987.6,52.0,False,,low,1.1,NORMAL,25.4,987.7,46.0,HEALTHY,replay,1.8,0.0
2025-03-15T11:00:00+00:00,AWS-DEL-103,27.2,987.3,47.0,False,,low,1.6,NORMAL,27.4,987.3,40.0,HEALTHY,replay,2.7,0.0
2025-03-15T12:00:00+00:00,AWS-DEL-103,28.8,986.6,42.0,False,,low,3.2,NORMAL,28.9,986.7,38.0,HEALTHY,replay,5.4,0.0
2025-03-15T13:00:00+00:00,AWS-DEL-103,30.2,985.8,38.0,False,,low,1.4,NORMAL,30.2,985.9,36.0,HEALTHY,replay,2.4,0.0
2025-03-15T14:00:00+00:00,AWS-DEL-103,30.8,985.0,36.0,False,,low,1.4,NORMAL,30.4,985.2,37.0,HEALTHY,replay,2.3,0.0
2025-03-15T15:00:00+00:00,AWS-DEL-103,30.6,984.4,36.0,False,,low,1.0,NORMAL,30.4,984.6,36.0,HEALTHY,replay,1.7,0.0
2025-03-15T16:00:00+00:00,AWS-DEL-103,30.3,984.6,37.0,False,,low,0.8,NORMAL,29.6,984.7,36.0,HEALTHY,replay,1.4,0.0
2025-03-15T17:00:00+00:00,AWS-DEL-103,28.8,984.2,37.0,False,,low,0.5,NORMAL,28.9,984.3,37.0,HEALTHY,replay,0.9,0.0
2025-03-15T18:00:00+00:00,AWS-DEL-103,25.6,984.9,46.0,False,,low,1.0,NORMAL,26.4,985.1,52.0,HEALTHY,replay,1.7,0.0
2025-03-15T19:00:00+00:00,AWS-DEL-103,23.8,985.5,55.0,False,,low,1.0,NORMAL,25.1,986.1,51.0,HEALTHY,replay,1.7,0.0
2025-03-15T20:00:00+00:00,AWS-DEL-103,22.8,986.0,59.0,False,,low,0.3,NORMAL,24.3,986.7,57.0,HEALTHY,replay,0.5,0.0
2025-03-15T21:00:00+00:00,AWS-DEL-103,21.8,987.0,67.0,False,,low,0.8,NORMAL,23.2,987.3,62.0,HEALTHY,replay,1.3,0.0
2025-03-15T22:00:00+00:00,AWS-DEL-103,20.8,987.2,71.0,False,,low,0.4,NORMAL,22.0,987.5,67.0,HEALTHY,replay,0.7,0.0
2025-03-15T23:00:00+00:00,AWS-DEL-103,20.1,986.8,72.0,False,,low,0.3,NORMAL,21.1,987.4,69.0,HEALTHY,replay,0.6,0.0
2025-03-16T00:00:00+00:00,AWS-DEL-103,19.4,986.8,73.0,False,,low,0.3,NORMAL,20.3,987.3,70.0,HEALTHY,replay,0.4,0.0
2025-03-16T01:00:00+00:00,AWS-DEL-103,18.8,986.6,75.0,False,,low,0.2,NORMAL,19.5,987.0,71.0,HEALTHY,replay,0.3,0.0
2025-03-16T02:00:00+00:00,AWS-DEL-103,18.3,986.3,77.0,False,,low,0.3,NORMAL,18.9,986.8,73.0,HEALTHY,replay,0.4,0.0
2025-03-16T03:00:00+00:00,AWS-DEL-103,17.7,985.9,78.0,False,,low,0.5,NORMAL,18.3,986.5,75.0,HEALTHY,replay,0.8,0.0
2025-03-16T04:00:00+00:00,AWS-DEL-103,17.1,986.4,81.0,False,,low,0.5,NORMAL,18.0,986.8,76.0,HEALTHY,replay,0.8,0.0
2025-03-16T05:00:00+00:00,AWS-DEL-103,17.1,986.7,77.0,False,,low,0.6,NORMAL,17.5,987.4,78.0,HEALTHY,replay,0.9,0.0
2025-03-16T06:00:00+00:00,AWS-DEL-103,17.8,986.5,78.0,False,,low,0.8,NORMAL,18.7,987.19,82.0,HEALTHY,replay,1.3,0.0
2025-03-16T07:00:00+00:00,AWS-DEL-103,18.6,987.6,77.0,False,,low,0.5,NORMAL,19.8,988.13,80.0,HEALTHY,replay,0.9,0.0
2025-03-16T08:00:00+00:00,AWS-DEL-103,20.3,988.5,69.0,False,,low,0.4,NORMAL,21.4,988.44,70.0,HEALTHY,replay,0.7,0.0
2025-03-16T09:00:00+00:00,AWS-DEL-103,22.4,989.3,63.0,False,,low,0.4,NORMAL,23.5,989.66,59.0,HEALTHY,replay,0.6,0.0
2025-03-16T10:00:00+00:00,AWS-DEL-103,24.8,989.4,58.0,False,,low,0.5,NORMAL,25.5,989.6,49.0,HEALTHY,replay,0.9,0.0
2025-03-16T11:00:00+00:00,AWS-DEL-103,27.1,988.9,52.0,False,,low,0.5,NORMAL,27.4,989.3,42.0,HEALTHY,replay,0.8,0.0
2025-03-16T12:00:00+00:00,AWS-DEL-103,28.5,987.9,45.0,False,,low,0.5,NORMAL,29.0,988.2,33.0,HEALTHY,replay,0.9,0.0
2025-03-16T13:00:00+00:00,AWS-DEL-103,29.3,987.1,36.0,False,,low,1.4,NORMAL,29.9,987.4,29.0,HEALTHY,replay,2.3,0.0
2025-03-16T14:00:00+00:00,AWS-DEL-103,29.4,985.9,28.0,False,,low,3.5,NORMAL,29.7,986.4,23.0,HEALTHY,replay,5.8,0.0
2025-03-16T15:00:00+00:00,AWS-DEL-103,29.1,985.2,29.0,False,,low,0.7,NORMAL,29.4,985.6,24.0,HEALTHY,replay,1.1,0.0
2025-03-16T16:00:00+00:00,AWS-DEL-103,28.1,984.8,33.0,False,,low,0.7,NORMAL,28.5,985.4,25.0,HEALTHY,replay,1.2,0.0
2025-03-16T17:00:00+00:00,AWS-DEL-103,26.1,984.8,43.0,False,,low,1.1,NORMAL,27.3,985.4,28.0,HEALTHY,replay,1.8,0.0
2025-03-16T18:00:00+00:00,AWS-DEL-103,24.5,985.2,41.0,False,,low,0.3,NORMAL,26.0,985.7,30.0,HEALTHY,replay,0.6,0.0
2025-03-16T19:00:00+00:00,AWS-DEL-103,23.3,985.9,43.0,False,,low,0.3,NORMAL,23.7,986.4,36.0,HEALTHY,replay,0.6,0.0
2025-03-16T20:00:00+00:00,AWS-DEL-103,22.5,986.6,46.0,False,,low,0.2,NORMAL,22.6,987.0,41.0,HEALTHY,replay,0.3,0.0
2025-03-16T21:00:00+00:00,AWS-DEL-103,21.2,986.9,53.0,False,,low,0.2,NORMAL,21.6,987.3,47.0,HEALTHY,replay,0.3,0.0
2025-03-16T22:00:00+00:00,AWS-DEL-103,20.0,987.1,56.0,False,,low,0.1,NORMAL,20.8,987.5,47.0,HEALTHY,replay,0.2,0.0
2025-03-16T23:00:00+00:00,AWS-DEL-103,19.3,986.7,57.0,False,,low,0.2,NORMAL,19.7,987.2,51.0,HEALTHY,replay,0.3,0.0
2025-03-17T00:00:00+00:00,AWS-DEL-103,18.6,986.6,56.0,False,,low,0.2,NORMAL,18.9,987.1,53.0,HEALTHY,replay,0.3,0.0
2025-03-17T01:00:00+00:00,AWS-DEL-103,18.1,986.5,55.0,False,,low,0.5,NORMAL,18.2,987.0,54.0,HEALTHY,replay,0.9,0.0
2025-03-17T02:00:00+00:00,AWS-DEL-103,17.3,986.2,58.0,False,,low,0.3,NORMAL,17.5,986.8,56.0,HEALTHY,replay,0.5,0.0
2025-03-17T03:00:00+00:00,AWS-DEL-103,16.7,985.9,60.0,False,,low,0.3,NORMAL,16.7,986.5,59.0,HEALTHY,replay,0.4,0.0
2025-03-17T04:00:00+00:00,AWS-DEL-103,16.2,985.9,62.0,False,,low,0.6,NORMAL,16.2,986.5,61.0,HEALTHY,replay,1.0,0.0
2025-03-17T05:00:00+00:00,AWS-DEL-103,15.7,986.0,64.0,False,,low,0.7,NORMAL,16.0,986.8,61.0,HEALTHY,replay,1.2,0.0
2025-03-17T06:00:00+00:00,AWS-DEL-103,16.5,986.9,87.0,False,multivariate_inconsistency,low,30.4,NORMAL,17.7,987.5,81.0,HEALTHY,replay,20.6,45.0
2025-03-17T07:00:00+00:00,AWS-DEL-103,17.9,987.7,81.0,False,,low,2.2,NORMAL,19.3,988.3,73.0,HEALTHY,replay,3.7,0.0
2025-03-17T08:00:00+00:00,AWS-DEL-103,20.5,988.7,70.0,False,,low,1.1,NORMAL,21.0,989.2,64.0,HEALTHY,replay,1.8,0.0
2025-03-17T09:00:00+00:00,AWS-DEL-103,23.2,989.3,59.0,False,,low,2.5,NORMAL,23.5,989.8,54.0,HEALTHY,replay,4.2,0.0
2025-03-17T10:00:00+00:00,AWS-DEL-103,25.3,989.5,48.0,False,,low,3.4,NORMAL,26.3,988.5,50.0,HEALTHY,replay,5.7,0.0
2025-03-17T11:00:00+00:00,AWS-DEL-103,26.5,989.4,39.0,False,,low,2.7,NORMAL,27.7,988.4,33.0,HEALTHY,replay,4.6,0.0
2025-03-17T12:00:00+00:00,AWS-DEL-103,27.1,988.8,34.0,False,,low,3.7,NORMAL,28.6,987.7,34.0,HEALTHY,replay,6.1,0.0
2025-03-17T13:00:00+00:00,AWS-DEL-103,27.5,987.7,32.0,False,,low,1.7,NORMAL,29.1,986.8,35.0,HEALTHY,replay,2.9,0.0
2025-03-17T14:00:00+00:00,AWS-DEL-103,27.3,987.0,33.0,False,,low,0.7,NORMAL,26.9,988.5,33.0,HEALTHY,replay,1.2,0.0
2025-03-17T15:00:00+00:00,AWS-DEL-103,27.0,986.4,33.0,False,,low,0.4,NORMAL,26.8,987.9,28.0,HEALTHY,replay,0.7,0.0
2025-03-17T16:00:00+00:00,AWS-DEL-103,26.3,986.4,35.0,False,,low,0.4,NORMAL,27.8,985.3,30.0,HEALTHY,replay,0.7,0.0
2025-03-17T17:00:00+00:00,AWS-DEL-103,25.4,986.6,37.0,False,,low,0.4,NORMAL,26.4,986.9,32.0,HEALTHY,replay,0.6,0.0
2025-03-17T18:00:00+00:00,AWS-DEL-103,23.7,987.4,43.0,False,,low,0.4,NORMAL,25.1,987.8,34.0,HEALTHY,replay,0.7,0.0
2025-03-17T19:00:00+00:00,AWS-DEL-103,22.8,988.1,45.0,False,,low,0.3,NORMAL,22.9,988.7,41.0,HEALTHY,replay,0.5,0.0
2025-03-17T20:00:00+00:00,AWS-DEL-103,22.4,988.7,47.0,False,,low,0.3,NORMAL,22.3,989.2,44.0,HEALTHY,replay,0.5,0.0
2025-03-17T21:00:00+00:00,AWS-DEL-103,21.7,989.0,49.0,False,,low,0.2,NORMAL,21.5,989.5,47.0,HEALTHY,replay,0.4,0.0
2025-03-17T22:00:00+00:00,AWS-DEL-103,21.1,989.0,50.0,False,,low,0.2,NORMAL,20.6,989.6,48.0,HEALTHY,replay,0.3,0.0
2025-03-17T23:00:00+00:00,AWS-DEL-103,20.6,988.6,50.0,False,,low,0.2,NORMAL,20.0,989.1,50.0,HEALTHY,replay,0.4,0.0
2025-03-18T00:00:00+00:00,AWS-DEL-103,19.5,988.4,55.0,False,,low,0.2,NORMAL,19.2,988.7,52.0,HEALTHY,replay,0.3,0.0
2025-03-18T01:00:00+00:00,AWS-DEL-103,18.3,988.0,60.0,False,,low,0.2,NORMAL,18.2,988.5,56.0,HEALTHY,replay,0.3,0.0
2025-03-18T02:00:00+00:00,AWS-DEL-103,17.6,987.0,61.0,False,,low,0.2,NORMAL,17.6,987.6,59.0,HEALTHY,replay,0.3,0.0
2025-03-18T03:00:00+00:00,AWS-DEL-103,17.2,986.3,61.0,False,,low,0.2,NORMAL,17.1,987.0,60.0,HEALTHY,replay,0.3,0.0
2025-03-18T04:00:00+00:00,AWS-DEL-103,16.7,986.3,62.0,False,,low,0.2,NORMAL,16.9,986.9,60.0,HEALTHY,replay,0.3,0.0
2025-03-18T05:00:00+00:00,AWS-DEL-103,16.1,986.4,64.0,False,,low,0.2,NORMAL,16.1,986.9,63.0,HEALTHY,replay,0.3,0.0
2025-03-18T06:00:00+00:00,AWS-DEL-103,16.4,987.3,80.0,False,,low,5.0,NORMAL,16.7,987.8,78.0,HEALTHY,replay,8.3,0.0
2025-03-18T07:00:00+00:00,AWS-DEL-103,17.6,988.3,75.0,False,,low,1.2,NORMAL,18.6,988.8,69.0,HEALTHY,replay,2.0,0.0
2025-03-18T08:00:00+00:00,AWS-DEL-103,20.4,988.9,63.0,False,,low,1.0,NORMAL,20.8,989.3,68.0,HEALTHY,replay,1.7,0.0
2025-03-18T09:00:00+00:00,AWS-DEL-103,23.2,989.2,52.0,False,,low,2.3,NORMAL,23.5,989.8,47.0,HEALTHY,replay,3.8,0.0
2025-03-18T10:00:00+00:00,AWS-DEL-103,25.5,989.4,42.0,False,,low,4.0,NORMAL,26.2,989.9,35.0,HEALTHY,replay,6.7,0.0
2025-03-18T11:00:00+00:00,AWS-DEL-103,27.0,988.9,36.0,False,,low,1.4,NORMAL,27.8,989.3,29.0,HEALTHY,replay,2.3,0.0
2025-03-18T12:00:00+00:00,AWS-DEL-103,28.0,988.1,33.0,False,,low,1.2,NORMAL,28.9,988.5,26.0,HEALTHY,replay,1.9,0.0
2025-03-18T13:00:00+00:00,AWS-DEL-103,28.5,987.3,31.0,False,,low,0.8,NORMAL,29.6,987.7,24.0,HEALTHY,replay,1.3,0.0
2025-03-18T14:00:00+00:00,AWS-DEL-103,28.7,986.5,29.0,False,,low,0.6,NORMAL,29.9,986.9,23.0,HEALTHY,replay,1.0,0.0
2025-03-18T15:00:00+00:00,AWS-DEL-103,28.7,986.2,28.0,False,,low,0.6,NORMAL,29.7,986.5,23.0,HEALTHY,replay,1.0,0.0
2025-03-18T16:00:00+00:00,AWS-DEL-103,28.2,986.0,29.0,False,,low,0.6,NORMAL,29.0,986.4,25.0,HEALTHY,replay,1.1,0.0
2025-03-18T17:00:00+00:00,AWS-DEL-103,27.0,985.9,33.0,False,,low,0.4,NORMAL,27.9,986.4,28.0,HEALTHY,replay,0.7,0.0
2025-03-18T18:00:00+00:00,AWS-DEL-103,24.6,986.7,43.0,False,,low,1.1,NORMAL,25.1,987.2,34.0,HEALTHY,replay,1.8,0.0
2025-03-18T19:00:00+00:00,AWS-DEL-103,23.7,987.0,46.0,False,,low,0.3,NORMAL,23.5,987.6,40.0,HEALTHY,replay,0.5,0.0
2025-03-18T20:00:00+00:00,AWS-DEL-103,23.1,987.3,47.0,False,,low,0.2,NORMAL,22.5,987.8,45.0,HEALTHY,replay,0.3,0.0
2025-03-18T21:00:00+00:00,AWS-DEL-103,22.4,987.7,49.0,False,,low,0.1,NORMAL,21.8,988.2,48.0,HEALTHY,replay,0.2,0.0
2025-03-18T22:00:00+00:00,AWS-DEL-103,21.2,987.8,53.0,False,,low,0.1,NORMAL,21.2,988.2,46.0,HEALTHY,replay,0.2,0.0
2025-03-18T23:00:00+00:00,AWS-DEL-103,20.3,987.8,56.0,False,,low,0.2,NORMAL,21.0,988.3,45.0,HEALTHY,replay,0.3,0.0
2025-03-19T00:00:00+00:00,AWS-DEL-103,20.7,987.8,53.0,False,,low,0.5,NORMAL,20.6,988.2,48.0,HEALTHY,replay,0.9,0.0
2025-03-19T01:00:00+00:00,AWS-DEL-103,19.3,987.6,57.0,False,,low,0.4,NORMAL,20.1,988.1,48.0,HEALTHY,replay,0.6,0.0
2025-03-19T02:00:00+00:00,AWS-DEL-103,18.1,987.0,62.0,False,,low,0.3,NORMAL,19.2,987.4,52.0,HEALTHY,replay,0.5,0.0
2025-03-19T03:00:00+00:00,AWS-DEL-103,17.0,986.6,66.0,False,,low,0.2,NORMAL,18.5,987.0,55.0,HEALTHY,replay,0.3,0.0
2025-03-19T04:00:00+00:00,AWS-DEL-103,16.2,986.4,71.0,False,,low,0.3,NORMAL,18.1,986.9,58.0,HEALTHY,replay,0.4,0.0
2025-03-19T05:00:00+00:00,AWS-DEL-103,15.6,986.4,74.0,False,,low,0.4,NORMAL,17.6,987.0,61.0,HEALTHY,replay,0.6,0.0
2025-03-19T06:00:00+00:00,AWS-DEL-103,16.2,987.3,79.0,False,,low,0.4,NORMAL,17.3,987.7,69.0,HEALTHY,replay,0.7,0.0
2025-03-19T07:00:00+00:00,AWS-DEL-103,18.4,988.2,69.0,False,,low,1.1,NORMAL,19.0,988.7,63.0,HEALTHY,replay,1.8,0.0
2025-03-19T08:00:00+00:00,AWS-DEL-103,21.9,988.8,57.0,False,,low,3.0,NORMAL,22.1,989.3,52.0,HEALTHY,replay,5.0,0.0
2025-03-19T09:00:00+00:00,AWS-DEL-103,25.4,989.8,44.0,False,,low,12.3,NORMAL,25.7,990.2,39.0,HEALTHY,replay,20.6,0.0
2025-03-19T10:00:00+00:00,AWS-DEL-103,28.0,990.0,31.0,False,,low,18.7,NORMAL,28.4,990.5,28.0,HEALTHY,replay,31.1,0.0
2025-03-19T11:00:00+00:00,AWS-DEL-103,29.3,989.9,27.0,False,,low,4.0,NORMAL,30.2,990.2,22.0,HEALTHY,replay,6.6,0.0
2025-03-19T12:00:00+00:00,AWS-DEL-103,30.3,989.6,24.0,False,,low,3.9,NORMAL,31.5,989.8,19.0,HEALTHY,replay,6.5,0.0
2025-03-19T13:00:00+00:00,AWS-DEL-103,30.8,988.7,23.0,False,,low,2.0,NORMAL,32.1,988.8,18.0,HEALTHY,replay,3.4,0.0
2025-03-19T14:00:00+00:00,AWS-DEL-103,30.8,988.0,24.0,False,,low,0.5,NORMAL,32.3,988.1,17.0,HEALTHY,replay,0.8,0.0
2025-03-19T15:00:00+00:00,AWS-DEL-103,30.4,987.5,26.0,False,,low,0.6,NORMAL,31.8,987.7,18.0,HEALTHY,replay,0.9,0.0
2025-03-19T16:00:00+00:00,AWS-DEL-103,29.4,987.3,29.0,False,,low,0.4,NORMAL,30.8,987.6,22.0,HEALTHY,replay,0.6,0.0
2025-03-19T17:00:00+00:00,AWS-DEL-103,28.2,987.5,33.0,False,,low,0.4,NORMAL,29.6,987.8,26.0,HEALTHY,replay,0.7,0.0
2025-03-19T18:00:00+00:00,AWS-DEL-103,26.5,987.9,36.0,False,,low,0.3,NORMAL,28.1,988.3,26.0,HEALTHY,replay,0.5,0.0
2025-03-19T19:00:00+00:00,AWS-DEL-103,24.5,988.6,40.0,False,,low,0.5,NORMAL,25.8,989.1,33.0,HEALTHY,replay,0.9,0.0
2025-03-19T20:00:00+00:00,AWS-DEL-103,23.1,989.0,43.0,False,,low,0.4,NORMAL,24.7,989.4,37.0,HEALTHY,replay,0.6,0.0
2025-03-19T21:00:00+00:00,AWS-DEL-103,21.9,989.5,47.0,False,,low,0.3,NORMAL,23.5,990.1,40.0,HEALTHY,replay,0.5,0.0
2025-03-19T22:00:00+00:00,AWS-DEL-103,20.2,989.5,52.0,False,,low,0.5,NORMAL,23.5,990.2,39.0,HEALTHY,replay,0.8,0.0
2025-03-19T23:00:00+00:00,AWS-DEL-103,19.8,989.8,53.0,False,,low,0.4,NORMAL,22.0,990.4,41.0,HEALTHY,replay,0.6,0.0
2025-03-20T00:00:00+00:00,AWS-DEL-103,18.9,989.7,54.0,False,,low,0.4,NORMAL,20.7,990.1,44.0,HEALTHY,replay,0.6,0.0
2025-03-20T01:00:00+00:00,AWS-DEL-103,18.4,989.4,51.0,False,,low,0.7,NORMAL,19.9,989.9,46.0,HEALTHY,replay,1.2,0.0
2025-03-20T02:00:00+00:00,AWS-DEL-103,18.0,988.8,50.0,False,,low,0.3,NORMAL,19.8,989.4,46.0,HEALTHY,replay,0.5,0.0
2025-03-20T03:00:00+00:00,AWS-DEL-103,16.7,988.3,55.0,False,,low,0.2,NORMAL,19.4,988.9,46.0,HEALTHY,replay,0.3,0.0
2025-03-20T04:00:00+00:00,AWS-DEL-103,15.8,988.1,59.0,False,,low,0.2,NORMAL,18.9,988.7,47.0,HEALTHY,replay,0.3,0.0
2025-03-20T05:00:00+00:00,AWS-DEL-103,15.5,988.4,60.0,False,,low,0.4,NORMAL,17.6,989.0,51.0,HEALTHY,replay,0.7,0.0
2025-03-20T06:00:00+00:00,AWS-DEL-103,15.5,989.1,83.0,False,multivariate_inconsistency,low,28.2,NORMAL,18.2,989.8,70.0,HEALTHY,replay,17.0,45.0
2025-03-20T07:00:00+00:00,AWS-DEL-103,17.5,990.0,74.0,False,,low,4.7,NORMAL,18.9,990.7,65.0,HEALTHY,replay,7.8,0.0
2025-03-20T08:00:00+00:00,AWS-DEL-103,21.7,990.9,58.0,False,,low,5.3,NORMAL,22.7,991.5,54.0,HEALTHY,replay,8.9,0.0
2025-03-20T09:00:00+00:00,AWS-DEL-103,25.7,991.6,45.0,False,,low,15.5,NORMAL,26.9,992.0,40.0,HEALTHY,replay,25.8,0.0
2025-03-20T10:00:00+00:00,AWS-DEL-103,28.9,992.0,33.0,False,,low,21.4,NORMAL,30.3,992.4,23.0,HEALTHY,replay,35.6,0.0
2025-03-20T11:00:00+00:00,AWS-DEL-103,30.8,991.8,23.0,False,,low,15.9,NORMAL,31.8,992.1,16.0,HEALTHY,replay,26.5,0.0
2025-03-20T12:00:00+00:00,AWS-DEL-103,31.6,991.0,20.0,False,,low,10.0,NORMAL,32.9,991.2,13.0,HEALTHY,replay,16.6,0.0
2025-03-20T13:00:00+00:00,AWS-DEL-103,31.7,990.0,20.0,False,,low,3.3,NORMAL,33.0,990.1,13.0,HEALTHY,replay,5.5,0.0
2025-03-20T14:00:00+00:00,AWS-DEL-103,31.4,989.0,20.0,False,,low,2.3,NORMAL,32.6,989.3,13.0,HEALTHY,replay,3.8,0.0
2025-03-20T15:00:00+00:00,AWS-DEL-103,30.9,988.2,21.0,False,,low,0.9,NORMAL,32.1,988.5,15.0,HEALTHY,replay,1.5,0.0
2025-03-20T16:00:00+00:00,AWS-DEL-103,30.2,987.8,23.0,False,,low,0.6,NORMAL,31.4,988.1,16.0,HEALTHY,replay,0.9,0.0
2025-03-20T17:00:00+00:00,AWS-DEL-103,28.6,987.7,30.0,False,,low,0.6,NORMAL,30.1,988.1,19.0,HEALTHY,replay,1.0,0.0
2025-03-20T18:00:00+00:00,AWS-DEL-103,26.7,987.7,33.0,False,,low,0.7,NORMAL,28.1,988.3,22.0,HEALTHY,replay,1.1,0.0
2025-03-20T19:00:00+00:00,AWS-DEL-103,24.3,988.0,40.0,False,,low,0.8,NORMAL,25.7,988.6,26.0,HEALTHY,replay,1.3,0.0
2025-03-20T20:00:00+00:00,AWS-DEL-103,23.0,988.7,43.0,False,,low,0.5,NORMAL,25.4,989.5,26.0,HEALTHY,replay,0.8,0.0
2025-03-20T21:00:00+00:00,AWS-DEL-103,23.0,989.5,36.0,False,,low,0.8,NORMAL,24.2,990.2,31.39,HEALTHY,replay,1.3,0.0
2025-03-20T22:00:00+00:00,AWS-DEL-103,23.2,989.8,35.0,False,,low,0.6,NORMAL,22.9,990.3,38.0,HEALTHY,replay,1.1,0.0
2025-03-20T23:00:00+00:00,AWS-DEL-103,21.9,989.9,43.0,False,,low,0.4,NORMAL,22.7,990.5,40.0,HEALTHY,replay,0.6,0.0
2025-03-21T00:00:00+00:00,AWS-DEL-103,20.5,989.5,47.0,False,,low,0.2,NORMAL,21.2,990.0,42.0,HEALTHY,replay,0.4,0.0
2025-03-21T01:00:00+00:00,AWS-DEL-103,19.8,989.0,46.0,False,,low,0.2,NORMAL,19.9,989.6,41.0,HEALTHY,replay,0.3,0.0
2025-03-21T02:00:00+00:00,AWS-DEL-103,19.1,988.5,47.0,False,,low,0.1,NORMAL,19.6,989.1,41.0,HEALTHY,replay,0.2,0.0
2025-03-21T03:00:00+00:00,AWS-DEL-103,18.6,988.0,48.0,False,,low,0.1,NORMAL,19.2,988.5,42.0,HEALTHY,replay,0.2,0.0
2025-03-21T04:00:00+00:00,AWS-DEL-103,18.2,987.9,48.0,False,,low,0.2,NORMAL,18.7,988.5,44.0,HEALTHY,replay,0.4,0.0
2025-03-21T05:00:00+00:00,AWS-DEL-103,18.1,988.1,47.0,False,,low,0.6,NORMAL,18.0,988.7,46.0,HEALTHY,replay,1.0,0.0
2025-03-21T06:00:00+00:00,AWS-DEL-103,18.0,989.0,67.0,False,multivariate_inconsistency,low,25.7,NORMAL,18.1,989.7,66.0,HEALTHY,replay,12.9,45.0
2025-03-21T07:00:00+00:00,AWS-DEL-103,19.3,989.7,63.0,False,,low,1.1,NORMAL,20.4,990.3,56.0,HEALTHY,replay,1.9,0.0
2025-03-21T08:00:00+00:00,AWS-DEL-103,21.8,990.7,54.0,False,,low,0.7,NORMAL,22.5,991.2,47.0,HEALTHY,replay,1.1,0.0
2025-03-21T09:00:00+00:00,AWS-DEL-103,24.7,991.6,44.0,False,,low,3.8,NORMAL,25.1,992.0,38.0,HEALTHY,replay,6.3,0.0
2025-03-21T10:00:00+00:00,AWS-DEL-103,27.2,991.6,37.0,False,,low,2.3,NORMAL,27.7,992.1,29.0,HEALTHY,replay,3.9,0.0
2025-03-21T11:00:00+00:00,AWS-DEL-103,29.3,991.3,30.0,False,,low,2.5,NORMAL,30.0,991.7,21.0,HEALTHY,replay,4.2,0.0
2025-03-21T12:00:00+00:00,AWS-DEL-103,30.5,990.4,24.0,False,,low,1.8,NORMAL,31.5,990.8,17.0,HEALTHY,replay,3.0,0.0
2025-03-21T13:00:00+00:00,AWS-DEL-103,31.1,989.5,20.0,False,,low,1.5,NORMAL,31.9,989.7,15.0,HEALTHY,replay,2.4,0.0
2025-03-21T14:00:00+00:00,AWS-DEL-103,31.1,988.2,19.0,False,,low,1.6,NORMAL,32.0,988.5,14.0,HEALTHY,replay,2.7,0.0
2025-03-21T15:00:00+00:00,AWS-DEL-103,30.7,987.5,19.0,False,,low,1.1,NORMAL,31.6,987.8,14.0,HEALTHY,replay,1.8,0.0
2025-03-21T16:00:00+00:00,AWS-DEL-103,29.8,986.9,20.0,False,,low,0.9,NORMAL,30.9,986.0,15.0,HEALTHY,replay,1.5,0.0
2025-03-21T17:00:00+00:00,AWS-DEL-103,28.5,986.8,23.0,False,,low,0.5,NORMAL,29.7,985.8,18.0,HEALTHY,replay,0.9,0.0
2025-03-21T18:00:00+00:00,AWS-DEL-103,26.4,987.5,26.0,False,,low,0.4,NORMAL,28.0,986.4,20.0,HEALTHY,replay,0.6,0.0
2025-03-21T19:00:00+00:00,AWS-DEL-103,25.7,987.8,26.0,False,,low,0.3,NORMAL,25.7,986.8,25.0,HEALTHY,replay,0.5,0.0
2025-03-21T20:00:00+00:00,AWS-DEL-103,25.4,988.3,29.0,False,,low,0.6,NORMAL,24.4,988.9,30.0,HEALTHY,replay,0.9,0.0
2025-03-21T21:00:00+00:00,AWS-DEL-103,24.3,988.5,32.0,False,,low,0.1,NORMAL,23.3,989.1,33.0,HEALTHY,replay,0.2,0.0
2025-03-21T22:00:00+00:00,AWS-DEL-103,23.0,988.4,36.0,False,,low,0.2,NORMAL,22.8,989.0,34.0,HEALTHY,replay,0.3,0.0
2025-03-21T23:00:00+00:00,AWS-DEL-103,21.9,988.3,38.0,False,,low,0.2,NORMAL,21.8,988.8,36.0,HEALTHY,replay,0.3,0.0
