timestamp,station_id,temperature_c,pressure_hpa,humidity_pct,is_anomaly,fault_type,severity,anomaly_score_pct,decision_basis,suggested_temperature_c,suggested_pressure_hpa,suggested_humidity_pct,health_status,source,model_confidence_pct,rule_confidence_pct
2026-09-22 06:45:00+00:00,AWS-VAR-102,31.5,998.4,76.0,False,,low,0.0,NORMAL,32.5,998.2,68.0,HEALTHY,live,,0.0
2026-09-22T07:00:00+00:00,AWS-VAR-102,31.6,998.0,76.0,False,,low,0.0,NORMAL,32.6,997.8,67.0,HEALTHY,live,,0.0
2025-01-01T00:00:00+00:00,AWS-VAR-102,10.9,1009.1,95.0,False,,low,0.0,NORMAL,11.0,1008.9,95.0,HEALTHY,replay,,0.0
2025-01-01T01:00:00+00:00,AWS-VAR-102,10.2,1008.4,96.0,False,,low,0.0,NORMAL,10.1,1008.4,96.0,HEALTHY,replay,,0.0
2025-01-01T02:00:00+00:00,AWS-VAR-102,10.1,1008.1,97.0,False,,low,0.0,NORMAL,10.0,1008.1,96.0,HEALTHY,replay,,0.0
2025-01-01T03:00:00+00:00,AWS-VAR-102,9.8,1007.7,97.0,False,,low,0.0,NORMAL,9.4,1007.6,97.0,HEALTHY,replay,,0.0
2025-01-01T04:00:00+00:00,AWS-VAR-102,9.6,1007.6,97.0,False,,low,0.0,NORMAL,9.4,1007.6,98.0,HEALTHY,replay,,0.0
2025-01-01T05:00:00+00:00,AWS-VAR-102,9.5,1007.7,98.0,False,,low,0.0,NORMAL,9.4,1007.6,98.0,HEALTHY,replay,,0.0
2025-01-01T06:00:00+00:00,AWS-VAR-102,9.9,1009.3,98.0,False,,low,0.0,NORMAL,9.9,1009.3,99.0,HEALTHY,replay,,0.0
2025-01-01T07:00:00+00:00,AWS-VAR-102,10.5,1009.9,98.0,False,,low,0.0,NORMAL,10.3,1009.9,98.0,HEALTHY,replay,,0.0
2025-01-01T08:00:00+00:00,AWS-VAR-102,12.3,1010.7,90.0,False,,low,0.0,NORMAL,12.0,1010.6,91.0,HEALTHY,replay,,0.0
2025-01-01T09:00:00+00:00,AWS-VAR-102,14.3,1011.1,75.0,False,,low,0.0,NORMAL,13.9,1010.9,81.0,HEALTHY,replay,,0.0
2025-01-01T10:00:00+00:00,AWS-VAR-102,16.0,1010.6,63.0,True,spike,high,87.8,FUSED_CONSENSUS,15.5,1010.6,69.0,HEALTHY,replay,,87.8
2025-01-01T11:00:00+00:00,AWS-VAR-102,17.0,1009.9,60.0,True,spike,high,89.0,FUSED_CONSENSUS,16.5,1009.8,63.0,HEALTHY,replay,,89.0
2025-01-01T12:00:00+00:00,AWS-VAR-102,17.7,1008.7,58.0,True,spike,high,89.9,FUSED_CONSENSUS,17.3,1008.7,61.0,HEALTHY,replay,,89.9
2025-01-01T13:00:00+00:00,AWS-VAR-102,18.3,1007.2,57.0,True,spike,high,89.9,FUSED_CONSENSUS,17.9,1007.3,60.0,OFFLINE,replay,,89.9
2025-01-01T14:00:00+00:00,AWS-VAR-102,18.6,1006.3,57.0,True,spike,high,89.9,FUSED_CONSENSUS,18.2,1006.3,60.0,OFFLINE,replay,,89.9
2025-01-01T15:00:00+00:00,AWS-VAR-102,18.3,1006.0,58.0,True,spike,high,89.9,FUSED_CONSENSUS,18.0,1006.1,61.0,OFFLINE,replay,,89.9
2025-01-01T16:00:00+00:00,AWS-VAR-102,17.4,1006.0,63.0,True,spike,high,87.8,FUSED_CONSENSUS,17.1,1006.0,67.0,OFFLINE,replay,,87.8
2025-01-01T17:00:00+00:00,AWS-VAR-102,14.5,1006.1,76.0,False,,low,0.0,NORMAL,14.8,1006.1,77.0,OFFLINE,replay,,0.0
2025-01-01T18:00:00+00:00,AWS-VAR-102,12.4,1007.9,84.0,False,,low,0.0,NORMAL,12.9,1007.8,84.0,OFFLINE,replay,,0.0
2025-01-01T19:00:00+00:00,AWS-VAR-102,11.6,1008.1,90.0,False,,low,0.0,NORMAL,12.4,1008.0,87.0,HEALTHY,replay,,0.0
2025-01-01T20:00:00+00:00,AWS-VAR-102,11.4,1008.7,91.0,False,,low,0.0,NORMAL,11.9,1008.7,89.0,OFFLINE,replay,,0.0
2025-01-01T21:00:00+00:00,AWS-VAR-102,10.7,1008.7,93.0,False,,low,0.0,NORMAL,11.1,1008.5,92.0,OFFLINE,replay,,0.0
2025-01-01T22:00:00+00:00,AWS-VAR-102,10.2,1008.5,93.0,False,,low,0.0,NORMAL,10.4,1008.4,93.0,OFFLINE,replay,,0.0
2025-01-01T23:00:00+00:00,AWS-VAR-102,9.7,1008.3,94.0,False,,low,0.0,NORMAL,10.1,1008.2,94.0,HEALTHY,replay,,0.0
2025-01-02T00:00:00+00:00,AWS-VAR-102,9.5,1008.0,95.0,False,,low,0.0,NORMAL,9.9,1007.9,95.0,WARNING,replay,,0.0
2025-01-02T01:00:00+00:00,AWS-VAR-102,9.4,1007.5,95.0,False,,low,0.0,NORMAL,9.7,1007.4,96.0,WARNING,replay,,0.0
2025-01-02T02:00:00+00:00,AWS-VAR-102,9.3,1006.9,96.0,False,,low,0.0,NORMAL,9.8,1006.9,97.0,WARNING,replay,,0.0
2025-01-02T03:00:00+00:00,AWS-VAR-102,9.3,1006.5,96.0,False,,low,0.0,NORMAL,9.6,1006.4,97.0,WARNING,replay,,0.0
2025-01-02T04:00:00+00:00,AWS-VAR-102,9.2,1006.6,96.0,False,,low,0.0,NORMAL,9.4,1006.6,97.0,WARNING,replay,,0.0
2025-01-02T05:00:00+00:00,AWS-VAR-102,9.0,1007.0,97.0,False,,low,0.0,NORMAL,9.3,1006.9,97.0,WARNING,replay,,0.0
2025-01-02T06:00:00+00:00,AWS-VAR-102,9.1,1008.8,97.0,False,,low,0.0,NORMAL,9.4,1008.6,99.0,OFFLINE,replay,,0.0
2025-01-02T07:00:00+00:00,AWS-VAR-102,9.8,1009.6,97.0,False,,low,0.0,NORMAL,9.6,1009.4,99.0,OFFLINE,replay,,0.0
2025-01-02T08:00:00+00:00,AWS-VAR-102,11.6,1010.3,90.0,False,,low,0.0,NORMAL,11.1,1010.1,93.0,OFFLINE,replay,,0.0
2025-01-02T09:00:00+00:00,AWS-VAR-102,13.8,1010.5,80.0,False,,low,0.0,NORMAL,13.2,1010.5,86.0,OFFLINE,replay,,0.0
2025-01-02T10:00:00+00:00,AWS-VAR-102,16.1,1010.2,68.0,True,spike,high,89.9,FUSED_CONSENSUS,15.3,1010.2,77.0,OFFLINE,replay,,89.9
2025-01-02T11:00:00+00:00,AWS-VAR-102,17.8,1009.6,58.0,True,spike,high,89.9,FUSED_CONSENSUS,17.2,1009.5,63.0,OFFLINE,replay,,89.9
2025-01-02T12:00:00+00:00,AWS-VAR-102,18.4,1008.6,55.0,True,spike,high,89.9,FUSED_CONSENSUS,17.9,1008.6,62.0,OFFLINE,replay,,89.9
2025-01-02T13:00:00+00:00,AWS-VAR-102,18.7,1007.5,56.0,True,spike,high,89.9,FUSED_CONSENSUS,18.7,1007.5,60.0,OFFLINE,replay,,89.9
2025-01-02T14:00:00+00:00,AWS-VAR-102,18.9,1006.7,57.0,True,spike,high,89.9,FUSED_CONSENSUS,18.9,1006.7,61.0,OFFLINE,replay,,89.9
2025-01-02T15:00:00+00:00,AWS-VAR-102,18.8,1006.2,58.0,True,spike,high,89.9,FUSED_CONSENSUS,18.7,1006.2,63.0,OFFLINE,replay,,89.9
2025-01-02T16:00:00+00:00,AWS-VAR-102,18.0,1006.5,62.0,True,spike,high,89.9,FUSED_CONSENSUS,17.7,1006.5,69.0,OFFLINE,replay,,89.9
2025-01-02T17:00:00+00:00,AWS-VAR-102,15.7,1006.7,73.0,True,spike,high,89.9,FUSED_CONSENSUS,15.7,1006.7,77.0,OFFLINE,replay,,89.9
2025-01-02T18:00:00+00:00,AWS-VAR-102,14.0,1007.9,80.0,True,spike,high,85.3,FUSED_CONSENSUS,14.8,1007.9,80.0,OFFLINE,replay,,85.3
2025-01-02T19:00:00+00:00,AWS-VAR-102,13.5,1008.4,84.0,False,,low,0.0,NORMAL,14.1,1008.3,83.0,OFFLINE,replay,,0.0
2025-01-02T20:00:00+00:00,AWS-VAR-102,12.9,1008.8,88.0,False,,low,0.0,NORMAL,13.2,1008.8,87.0,OFFLINE,replay,,0.0
2025-01-02T21:00:00+00:00,AWS-VAR-102,12.1,1009.0,91.0,False,,low,0.0,NORMAL,12.6,1008.9,90.0,OFFLINE,replay,,0.0
2025-01-02T22:00:00+00:00,AWS-VAR-102,11.3,1008.9,93.0,False,,low,0.0,NORMAL,11.9,1008.8,93.0,OFFLINE,replay,,0.0
2025-01-02T23:00:00+00:00,AWS-VAR-102,10.7,1008.5,94.0,False,,low,0.0,NORMAL,11.2,1008.2,95.0,OFFLINE,replay,,0.0
2025-01-03T00:00:00+00:00,AWS-VAR-102,10.2,1007.8,95.0,False,,low,0.0,NORMAL,10.5,1007.7,96.0,OFFLINE,replay,,0.0
2025-01-03T01:00:00+00:00,AWS-VAR-102,9.9,1007.6,96.0,False,,low,0.0,NORMAL,10.1,1007.5,97.0,OFFLINE,replay,,0.0
2025-01-03T02:00:00+00:00,AWS-VAR-102,9.7,1007.3,97.0,False,,low,0.0,NORMAL,9.7,1007.2,98.0,OFFLINE,replay,,0.0
2025-01-03T03:00:00+00:00,AWS-VAR-102,9.3,1007.0,98.0,False,,low,0.0,NORMAL,9.4,1006.9,99.0,OFFLINE,replay,,0.0
2025-01-03T04:00:00+00:00,AWS-VAR-102,8.9,1007.1,99.0,False,,low,0.0,NORMAL,8.9,1007.1,100.0,OFFLINE,replay,,0.0
2025-01-03T05:00:00+00:00,AWS-VAR-102,9.1,1007.5,99.0,False,,low,0.0,NORMAL,9.2,1007.5,100.0,OFFLINE,replay,,0.0
2025-01-03T06:00:00+00:00,AWS-VAR-102,8.9,1008.9,100.0,False,,low,0.0,NORMAL,9.1,1008.9,100.0,OFFLINE,replay,,0.0
2025-01-03T07:00:00+00:00,AWS-VAR-102,9.3,1009.5,99.0,False,,low,0.0,NORMAL,9.4,1009.4,100.0,OFFLINE,replay,,0.0
2025-01-03T08:00:00+00:00,AWS-VAR-102,11.2,1010.4,97.0,False,,low,0.0,NORMAL,10.9,1010.2,98.0,OFFLINE,replay,,0.0
2025-01-03T09:00:00+00:00,AWS-VAR-102,13.7,1010.5,86.0,True,spike,high,89.9,FUSED_CONSENSUS,13.3,1010.4,90.0,OFFLINE,replay,,89.9
2025-01-03T10:00:00+00:00,AWS-VAR-102,16.4,1010.1,74.0,True,spike,high,89.9,FUSED_CONSENSUS,15.9,1010.1,80.0,OFFLINE,replay,,89.9
2025-01-03T11:00:00+00:00,AWS-VAR-102,18.1,1009.1,66.0,True,spike,high,89.9,FUSED_CONSENSUS,17.8,1009.1,71.0,OFFLINE,replay,,89.9
2025-01-03T12:00:00+00:00,AWS-VAR-102,19.2,1007.8,62.0,True,spike,high,89.9,FUSED_CONSENSUS,18.9,1007.8,67.0,OFFLINE,replay,,89.9
2025-01-03T13:00:00+00:00,AWS-VAR-102,20.0,1006.8,60.0,True,spike,high,89.9,FUSED_CONSENSUS,19.7,1006.7,65.0,OFFLINE,replay,,89.9
2025-01-03T14:00:00+00:00,AWS-VAR-102,20.3,1006.0,60.0,True,spike,high,89.9,FUSED_CONSENSUS,20.0,1006.0,64.0,OFFLINE,replay,,89.9
2025-01-03T15:00:00+00:00,AWS-VAR-102,20.0,1005.7,62.0,True,spike,high,89.9,FUSED_CONSENSUS,19.9,1005.7,65.0,OFFLINE,replay,,89.9
2025-01-03T16:00:00+00:00,AWS-VAR-102,18.8,1005.7,72.0,True,spike,high,89.9,FUSED_CONSENSUS,18.9,1005.6,75.0,OFFLINE,replay,,89.9
2025-01-03T17:00:00+00:00,AWS-VAR-102,16.1,1005.7,81.0,True,spike,high,89.9,FUSED_CONSENSUS,16.5,1005.5,82.0,OFFLINE,replay,,89.9
2025-01-03T18:00:00+00:00,AWS-VAR-102,13.9,1007.1,89.0,True,spike,high,89.9,FUSED_CONSENSUS,14.3,1006.9,88.0,OFFLINE,replay,,89.9
2026-09-22T07:00:00+00:00,AWS-VAR-102,31.6,998.0,76.0,True,spike,high,89.9,FUSED_CONSENSUS,32.6,997.8,67.0,HEALTHY,live,,89.9
2026-09-22T07:30:00+00:00,AWS-VAR-102,32.1,997.0,73.0,False,,low,0.0,NORMAL,32.8,996.8,68.0,HEALTHY,live,,0.0
2025-01-01T00:00:00+00:00,AWS-VAR-102,10.9,1009.1,95.0,False,,low,0.0,NORMAL,11.0,1008.9,95.0,HEALTHY,replay,,0.0
2025-01-01T01:00:00+00:00,AWS-VAR-102,10.2,1008.4,96.0,False,,low,0.0,NORMAL,10.1,1008.4,96.0,HEALTHY,replay,,0.0
2025-01-01T02:00:00+00:00,AWS-VAR-102,10.1,1008.1,97.0,False,,low,0.0,NORMAL,10.0,1008.1,96.0,HEALTHY,replay,,0.0
2025-01-01T03:00:00+00:00,AWS-VAR-102,9.8,1007.7,97.0,False,,low,0.0,NORMAL,9.4,1007.6,97.0,HEALTHY,replay,,0.0
2025-01-01T04:00:00+00:00,AWS-VAR-102,9.6,1007.6,97.0,False,,low,0.0,NORMAL,9.4,1007.6,98.0,HEALTHY,replay,,0.0
2025-01-01T05:00:00+00:00,AWS-VAR-102,9.5,1007.7,98.0,False,,low,0.0,NORMAL,9.4,1007.6,98.0,HEALTHY,replay,,0.0
2025-01-01T06:00:00+00:00,AWS-VAR-102,9.9,1009.3,98.0,False,,low,0.0,NORMAL,9.9,1009.3,99.0,HEALTHY,replay,,0.0
2025-01-01T07:00:00+00:00,AWS-VAR-102,10.5,1009.9,98.0,False,,low,0.0,NORMAL,10.3,1009.9,98.0,HEALTHY,replay,,0.0
2025-01-01T08:00:00+00:00,AWS-VAR-102,12.3,1010.7,90.0,False,,low,0.0,NORMAL,12.0,1010.6,91.0,HEALTHY,replay,,0.0
2025-01-01T09:00:00+00:00,AWS-VAR-102,14.3,1011.1,75.0,False,,low,0.0,NORMAL,13.9,1010.9,81.0,HEALTHY,replay,,0.0
2025-01-01T10:00:00+00:00,AWS-VAR-102,16.0,1010.6,63.0,True,spike,high,87.8,FUSED_CONSENSUS,15.5,1010.6,69.0,HEALTHY,replay,,87.8
2025-01-01T11:00:00+00:00,AWS-VAR-102,17.0,1009.9,60.0,True,spike,high,89.0,FUSED_CONSENSUS,16.5,1009.8,63.0,HEALTHY,replay,,89.0
2025-01-01T12:00:00+00:00,AWS-VAR-102,17.7,1008.7,58.0,True,spike,high,89.9,FUSED_CONSENSUS,17.3,1008.7,61.0,HEALTHY,replay,,89.9
2025-01-01T13:00:00+00:00,AWS-VAR-102,18.3,1007.2,57.0,True,spike,high,89.9,FUSED_CONSENSUS,17.9,1007.3,60.0,OFFLINE,replay,,89.9
2025-01-01T14:00:00+00:00,AWS-VAR-102,18.6,1006.3,57.0,True,spike,high,89.9,FUSED_CONSENSUS,18.2,1006.3,60.0,OFFLINE,replay,,89.9
2025-01-01T15:00:00+00:00,AWS-VAR-102,18.3,1006.0,58.0,True,spike,high,89.9,FUSED_CONSENSUS,18.0,1006.1,61.0,OFFLINE,replay,,89.9
2025-01-01T16:00:00+00:00,AWS-VAR-102,17.4,1006.0,63.0,True,spike,high,87.8,FUSED_CONSENSUS,17.1,1006.0,67.0,OFFLINE,replay,,87.8
2025-01-01T17:00:00+00:00,AWS-VAR-102,14.5,1006.1,76.0,False,,low,0.0,NORMAL,14.8,1006.1,77.0,OFFLINE,replay,,0.0
2025-01-01T18:00:00+00:00,AWS-VAR-102,12.4,1007.9,84.0,False,,low,0.0,NORMAL,12.9,1007.8,84.0,OFFLINE,replay,,0.0
2025-01-01T19:00:00+00:00,AWS-VAR-102,11.6,1008.1,90.0,False,,low,0.0,NORMAL,12.4,1008.0,87.0,HEALTHY,replay,,0.0
2025-01-01T20:00:00+00:00,AWS-VAR-102,11.4,1008.7,91.0,False,,low,0.0,NORMAL,11.9,1008.7,89.0,OFFLINE,replay,,0.0
2025-01-01T21:00:00+00:00,AWS-VAR-102,10.7,1008.7,93.0,False,,low,0.0,NORMAL,11.1,1008.5,92.0,OFFLINE,replay,,0.0
2025-01-01T22:00:00+00:00,AWS-VAR-102,10.2,1008.5,93.0,False,,low,0.0,NORMAL,10.4,1008.4,93.0,OFFLINE,replay,,0.0
2025-01-01T23:00:00+00:00,AWS-VAR-102,9.7,1008.3,94.0,False,,low,0.0,NORMAL,10.1,1008.2,94.0,HEALTHY,replay,,0.0
2025-01-02T00:00:00+00:00,AWS-VAR-102,9.5,1008.0,95.0,False,,low,0.0,NORMAL,9.9,1007.9,95.0,WARNING,replay,,0.0
2025-01-02T01:00:00+00:00,AWS-VAR-102,9.4,1007.5,95.0,False,,low,0.0,NORMAL,9.7,1007.4,96.0,WARNING,replay,,0.0
2025-01-02T02:00:00+00:00,AWS-VAR-102,9.3,1006.9,96.0,False,,low,0.0,NORMAL,9.8,1006.9,97.0,WARNING,replay,,0.0
2025-01-02T03:00:00+00:00,AWS-VAR-102,9.3,1006.5,96.0,False,,low,0.0,NORMAL,9.6,1006.4,97.0,WARNING,replay,,0.0
2025-01-02T04:00:00+00:00,AWS-VAR-102,9.2,1006.6,96.0,False,,low,0.0,NORMAL,9.4,1006.6,97.0,WARNING,replay,,0.0
2025-01-02T05:00:00+00:00,AWS-VAR-102,9.0,1007.0,97.0,False,,low,0.0,NORMAL,9.3,1006.9,97.0,WARNING,replay,,0.0
2025-01-02T06:00:00+00:00,AWS-VAR-102,9.1,1008.8,97.0,False,,low,0.0,NORMAL,9.4,1008.6,99.0,OFFLINE,replay,,0.0
2025-01-02T07:00:00+00:00,AWS-VAR-102,9.8,1009.6,97.0,False,,low,0.0,NORMAL,9.6,1009.4,99.0,OFFLINE,replay,,0.0
2025-01-02T08:00:00+00:00,AWS-VAR-102,11.6,1010.3,90.0,False,,low,0.0,NORMAL,11.1,1010.1,93.0,OFFLINE,replay,,0.0
2025-01-02T09:00:00+00:00,AWS-VAR-102,13.8,1010.5,80.0,False,,low,0.0,NORMAL,13.2,1010.5,86.0,OFFLINE,replay,,0.0
2025-01-02T10:00:00+00:00,AWS-VAR-102,16.1,1010.2,68.0,True,spike,high,89.9,FUSED_CONSENSUS,15.3,1010.2,77.0,OFFLINE,replay,,89.9
2025-01-02T11:00:00+00:00,AWS-VAR-102,17.8,1009.6,58.0,True,spike,high,89.9,FUSED_CONSENSUS,17.2,1009.5,63.0,OFFLINE,replay,,89.9
2025-01-02T12:00:00+00:00,AWS-VAR-102,18.4,1008.6,55.0,True,spike,high,89.9,FUSED_CONSENSUS,17.9,1008.6,62.0,OFFLINE,replay,,89.9
2025-01-02T13:00:00+00:00,AWS-VAR-102,18.7,1007.5,56.0,True,spike,high,89.9,FUSED_CONSENSUS,18.7,1007.5,60.0,OFFLINE,replay,,89.9
2025-01-02T14:00:00+00:00,AWS-VAR-102,18.9,1006.7,57.0,True,spike,high,89.9,FUSED_CONSENSUS,18.9,1006.7,61.0,OFFLINE,replay,,89.9
2025-01-02T15:00:00+00:00,AWS-VAR-102,18.8,1006.2,58.0,True,spike,high,89.9,FUSED_CONSENSUS,18.7,1006.2,63.0,OFFLINE,replay,,89.9
2025-01-02T16:00:00+00:00,AWS-VAR-102,18.0,1006.5,62.0,True,spike,high,89.9,FUSED_CONSENSUS,17.7,1006.5,69.0,OFFLINE,replay,,89.9
2025-01-02T17:00:00+00:00,AWS-VAR-102,15.7,1006.7,73.0,True,spike,high,89.9,FUSED_CONSENSUS,15.7,1006.7,77.0,OFFLINE,replay,,89.9
2025-01-02T18:00:00+00:00,AWS-VAR-102,14.0,1007.9,80.0,True,spike,high,85.3,FUSED_CONSENSUS,14.8,1007.9,80.0,OFFLINE,replay,,85.3
2025-01-02T19:00:00+00:00,AWS-VAR-102,13.5,1008.4,84.0,False,,low,0.0,NORMAL,14.1,1008.3,83.0,OFFLINE,replay,,0.0
2025-01-02T20:00:00+00:00,AWS-VAR-102,12.9,1008.8,88.0,False,,low,0.0,NORMAL,13.2,1008.8,87.0,OFFLINE,replay,,0.0
2025-01-02T21:00:00+00:00,AWS-VAR-102,12.1,1009.0,91.0,False,,low,0.0,NORMAL,12.6,1008.9,90.0,OFFLINE,replay,,0.0
2025-01-02T22:00:00+00:00,AWS-VAR-102,11.3,1008.9,93.0,False,,low,0.0,NORMAL,11.9,1008.8,93.0,OFFLINE,replay,,0.0
2025-01-02T23:00:00+00:00,AWS-VAR-102,10.7,1008.5,94.0,False,,low,0.0,NORMAL,11.2,1008.2,95.0,OFFLINE,replay,,0.0
2025-01-03T00:00:00+00:00,AWS-VAR-102,10.2,1007.8,95.0,False,,low,0.0,NORMAL,10.5,1007.7,96.0,OFFLINE,replay,,0.0
2025-01-03T01:00:00+00:00,AWS-VAR-102,9.9,1007.6,96.0,False,,low,0.0,NORMAL,10.1,1007.5,97.0,OFFLINE,replay,,0.0
2025-01-03T02:00:00+00:00,AWS-VAR-102,9.7,1007.3,97.0,False,,low,0.0,NORMAL,9.7,1007.2,98.0,OFFLINE,replay,,0.0
2025-01-03T03:00:00+00:00,AWS-VAR-102,9.3,1007.0,98.0,False,,low,0.0,NORMAL,9.4,1006.9,99.0,OFFLINE,replay,,0.0
2025-01-03T04:00:00+00:00,AWS-VAR-102,8.9,1007.1,99.0,False,,low,0.0,NORMAL,8.9,1007.1,100.0,OFFLINE,replay,,0.0
2025-01-03T05:00:00+00:00,AWS-VAR-102,9.1,1007.5,99.0,False,,low,0.0,NORMAL,9.2,1007.5,100.0,OFFLINE,replay,,0.0
2025-01-03T06:00:00+00:00,AWS-VAR-102,8.9,1008.9,100.0,False,,low,0.0,NORMAL,9.1,1008.9,100.0,OFFLINE,replay,,0.0
2025-01-03T07:00:00+00:00,AWS-VAR-102,9.3,1009.5,99.0,False,,low,0.0,NORMAL,9.4,1009.4,100.0,OFFLINE,replay,,0.0
2025-01-03T08:00:00+00:00,AWS-VAR-102,11.2,1010.4,97.0,False,,low,0.0,NORMAL,10.9,1010.2,98.0,OFFLINE,replay,,0.0
2025-01-03T09:00:00+00:00,AWS-VAR-102,13.7,1010.5,86.0,True,spike,high,89.9,FUSED_CONSENSUS,13.3,1010.4,90.0,OFFLINE,replay,,89.9
2025-01-03T10:00:00+00:00,AWS-VAR-102,16.4,1010.1,74.0,True,spike,high,89.9,FUSED_CONSENSUS,15.9,1010.1,80.0,OFFLINE,replay,,89.9
2025-01-03T11:00:00+00:00,AWS-VAR-102,18.1,1009.1,66.0,True,spike,high,89.9,FUSED_CONSENSUS,17.8,1009.1,71.0,OFFLINE,replay,,89.9
2025-01-03T12:00:00+00:00,AWS-VAR-102,19.2,1007.8,62.0,True,spike,high,89.9,FUSED_CONSENSUS,18.9,1007.8,67.0,OFFLINE,replay,,89.9
2025-01-03T13:00:00+00:00,AWS-VAR-102,20.0,1006.8,60.0,True,spike,high,89.9,FUSED_CONSENSUS,19.7,1006.7,65.0,OFFLINE,replay,,89.9
2025-01-03T14:00:00+00:00,AWS-VAR-102,20.3,1006.0,60.0,True,spike,high,89.9,FUSED_CONSENSUS,20.0,1006.0,64.0,OFFLINE,replay,,89.9
2025-01-03T15:00:00+00:00,AWS-VAR-102,20.0,1005.7,62.0,True,spike,high,89.9,FUSED_CONSENSUS,19.9,1005.7,65.0,OFFLINE,replay,,89.9
2025-01-03T16:00:00+00:00,AWS-VAR-102,18.8,1005.7,72.0,True,spike,high,89.9,FUSED_CONSENSUS,18.9,1005.6,75.0,OFFLINE,replay,,89.9
2025-01-03T17:00:00+00:00,AWS-VAR-102,16.1,1005.7,81.0,True,spike,high,89.9,FUSED_CONSENSUS,16.5,1005.5,82.0,OFFLINE,replay,,89.9
2025-01-03T18:00:00+00:00,AWS-VAR-102,13.9,1007.1,89.0,True,spike,high,89.9,FUSED_CONSENSUS,14.3,1006.9,88.0,OFFLINE,replay,,89.9
2025-01-03T19:00:00+00:00,AWS-VAR-102,13.2,1007.3,91.0,True,spike,high,89.9,FUSED_CONSENSUS,13.4,1007.2,91.0,OFFLINE,replay,,89.9
2025-01-03T20:00:00+00:00,AWS-VAR-102,12.9,1007.4,91.0,True,spike,high,89.9,FUSED_CONSENSUS,12.7,1007.3,92.0,OFFLINE,replay,,89.9
2025-01-03T21:00:00+00:00,AWS-VAR-102,12.4,1007.3,93.0,False,,low,0.0,NORMAL,12.4,1007.2,94.0,OFFLINE,replay,,0.0
2025-01-03T22:00:00+00:00,AWS-VAR-102,11.4,1007.4,97.0,True,multivariate_inconsistency,medium,60.0,FUSED_CONSENSUS,11.7,1007.3,96.0,OFFLINE,replay,,60.0
2025-01-03T23:00:00+00:00,AWS-VAR-102,10.3,1007.3,100.0,True,multivariate_inconsistency,medium,60.0,FUSED_CONSENSUS,10.7,1007.0,98.0,OFFLINE,replay,,60.0
2025-01-04T00:00:00+00:00,AWS-VAR-102,9.9,1006.8,100.0,True,multivariate_inconsistency,medium,60.0,FUSED_CONSENSUS,10.5,1006.7,100.0,OFFLINE,replay,,60.0
2025-01-04T01:00:00+00:00,AWS-VAR-102,9.7,1006.3,100.0,False,,low,0.0,NORMAL,10.0,1006.2,100.0,OFFLINE,replay,,0.0
2025-01-04T02:00:00+00:00,AWS-VAR-102,9.3,1005.8,100.0,False,,low,0.0,NORMAL,9.5,1004.7,100.0,OFFLINE,replay,,0.0
2025-01-04T03:00:00+00:00,AWS-VAR-102,8.9,1005.5,100.0,False,,low,0.0,NORMAL,9.4,1004.4,100.0,OFFLINE,replay,,0.0
2025-01-04T04:00:00+00:00,AWS-VAR-102,8.9,1005.6,99.0,False,,low,0.0,NORMAL,9.7,1004.5,100.0,OFFLINE,replay,,0.0
2025-01-04T05:00:00+00:00,AWS-VAR-102,9.3,1006.1,99.0,False,,low,0.0,NORMAL,9.4,1004.9,100.0,OFFLINE,replay,,0.0
2025-01-04T06:00:00+00:00,AWS-VAR-102,10.0,1007.3,98.0,False,,low,0.0,NORMAL,10.1,1007.1,98.0,OFFLINE,replay,,0.0
2025-01-04T07:00:00+00:00,AWS-VAR-102,10.2,1008.0,98.0,False,,low,0.0,NORMAL,10.1,1007.9,99.0,OFFLINE,replay,,0.0
2025-01-04T08:00:00+00:00,AWS-VAR-102,11.4,1009.1,98.0,False,,low,0.0,NORMAL,11.1,1008.8,98.0,WARNING,replay,,0.0
2025-01-04T09:00:00+00:00,AWS-VAR-102,12.7,1009.4,97.0,False,,low,0.0,NORMAL,12.7,1009.3,97.0,OFFLINE,replay,,0.0
2025-01-04T10:00:00+00:00,AWS-VAR-102,15.9,1009.1,82.0,False,,low,0.0,NORMAL,14.0,1009.1,89.0,OFFLINE,replay,,0.0
2025-01-04T11:00:00+00:00,AWS-VAR-102,18.4,1008.1,68.0,True,spike,high,89.9,FUSED_CONSENSUS,16.3,1008.2,82.0,OFFLINE,replay,,89.9
2025-01-04T12:00:00+00:00,AWS-VAR-102,19.1,1006.9,66.0,True,spike,high,89.9,FUSED_CONSENSUS,17.8,1007.0,71.0,OFFLINE,replay,,89.9
2025-01-04T13:00:00+00:00,AWS-VAR-102,19.8,1005.7,64.0,True,spike,high,89.9,FUSED_CONSENSUS,18.5,1005.7,70.0,OFFLINE,replay,,89.9
2025-01-04T14:00:00+00:00,AWS-VAR-102,20.0,1004.8,65.0,True,spike,high,89.9,FUSED_CONSENSUS,18.9,1004.8,70.0,OFFLINE,replay,,89.9
2025-01-04T15:00:00+00:00,AWS-VAR-102,19.7,1004.4,66.0,True,spike,high,89.9,FUSED_CONSENSUS,18.8,1004.4,69.0,OFFLINE,replay,,89.9
2025-01-04T16:00:00+00:00,AWS-VAR-102,18.5,1004.4,71.0,True,spike,high,89.9,FUSED_CONSENSUS,18.2,1004.3,76.0,OFFLINE,replay,,89.9
2025-01-04T17:00:00+00:00,AWS-VAR-102,15.2,1004.6,85.0,False,,low,0.0,NORMAL,15.8,1004.5,82.0,OFFLINE,replay,,0.0
2025-01-04T18:00:00+00:00,AWS-VAR-102,12.8,1006.2,91.0,False,,low,0.0,NORMAL,13.0,1006.1,90.0,OFFLINE,replay,,0.0
2025-01-04T19:00:00+00:00,AWS-VAR-102,11.8,1006.7,92.0,False,,low,0.0,NORMAL,12.1,1006.6,92.0,HEALTHY,replay,,0.0
2025-01-04T20:00:00+00:00,AWS-VAR-102,11.5,1007.2,92.0,False,,low,0.0,NORMAL,11.5,1007.1,93.0,OFFLINE,replay,,0.0
2025-01-04T21:00:00+00:00,AWS-VAR-102,10.9,1007.4,95.0,False,,low,0.0,NORMAL,11.1,1007.3,93.0,OFFLINE,replay,,0.0
2025-01-04T22:00:00+00:00,AWS-VAR-102,10.1,1007.4,99.0,False,,low,0.0,NORMAL,10.7,1007.3,95.0,OFFLINE,replay,,0.0
2025-01-04T23:00:00+00:00,AWS-VAR-102,9.4,1007.2,100.0,False,,low,0.0,NORMAL,10.2,1007.0,97.0,HEALTHY,replay,,0.0
2025-01-05T00:00:00+00:00,AWS-VAR-102,8.6,1006.6,100.0,False,,low,0.0,NORMAL,9.8,1006.5,100.0,WARNING,replay,,0.0
2025-01-05T01:00:00+00:00,AWS-VAR-102,8.9,1006.4,100.0,False,,low,0.0,NORMAL,9.5,1006.2,100.0,WARNING,replay,,0.0
2025-01-05T02:00:00+00:00,AWS-VAR-102,9.1,1005.8,100.0,False,,low,0.0,NORMAL,9.2,1005.7,100.0,WARNING,replay,,0.0
2025-01-05T03:00:00+00:00,AWS-VAR-102,8.9,1005.7,100.0,False,,low,0.0,NORMAL,9.4,1005.6,100.0,WARNING,replay,,0.0
2025-01-05T04:00:00+00:00,AWS-VAR-102,8.9,1005.5,100.0,False,,low,0.0,NORMAL,9.6,1005.4,100.0,WARNING,replay,,0.0
2025-01-05T05:00:00+00:00,AWS-VAR-102,9.0,1005.9,100.0,False,,low,0.0,NORMAL,9.5,1005.8,100.0,WARNING,replay,,0.0
2025-01-05T06:00:00+00:00,AWS-VAR-102,8.5,1007.5,99.0,False,,low,0.0,NORMAL,9.7,1007.3,98.0,WARNING,replay,,0.0
2025-01-05T07:00:00+00:00,AWS-VAR-102,8.9,1008.2,99.0,False,,low,0.0,NORMAL,10.0,1008.1,99.0,WARNING,replay,,0.0
2025-01-05T08:00:00+00:00,AWS-VAR-102,10.0,1009.1,97.0,False,,low,0.0,NORMAL,10.5,1009.0,98.0,WARNING,replay,,0.0
2025-01-05T09:00:00+00:00,AWS-VAR-102,11.2,1009.9,97.0,False,,low,0.0,NORMAL,11.5,1009.6,97.0,WARNING,replay,,0.0
2025-01-05T10:00:00+00:00,AWS-VAR-102,14.6,1009.5,83.0,True,spike,high,72.1,FUSED_CONSENSUS,13.9,1009.3,87.0,OFFLINE,replay,61.6,87.8
2025-01-05T11:00:00+00:00,AWS-VAR-102,17.3,1008.5,74.0,True,spike,high,85.4,FUSED_CONSENSUS,16.4,1008.4,81.0,OFFLINE,replay,82.4,89.9
2025-01-05T12:00:00+00:00,AWS-VAR-102,19.1,1007.1,68.0,True,spike,high,83.0,FUSED_CONSENSUS,17.7,1007.1,77.0,OFFLINE,replay,78.4,89.9
2025-01-05T13:00:00+00:00,AWS-VAR-102,20.4,1006.1,64.0,True,spike,high,86.3,FUSED_CONSENSUS,18.8,1005.9,74.0,OFFLINE,replay,83.8,89.9
2025-01-05T14:00:00+00:00,AWS-VAR-102,20.8,1005.3,63.0,True,spike,critical,90.9,MODEL_OVERRIDE,19.1,1005.3,72.0,OFFLINE,replay,91.5,89.9
2025-01-05T15:00:00+00:00,AWS-VAR-102,20.3,1005.0,65.0,True,spike,critical,90.9,MODEL_OVERRIDE,19.1,1004.9,73.0,OFFLINE,replay,91.5,89.9
2025-01-05T16:00:00+00:00,AWS-VAR-102,19.3,1004.7,71.0,True,spike,critical,92.3,MODEL_OVERRIDE,18.3,1004.6,77.0,OFFLINE,replay,93.9,89.9
2025-01-05T17:00:00+00:00,AWS-VAR-102,16.4,1005.0,85.0,True,spike,critical,91.2,MODEL_OVERRIDE,16.7,1004.9,84.0,OFFLINE,replay,92.0,89.9
2025-01-05T18:00:00+00:00,AWS-VAR-102,14.5,1006.1,93.0,False,,low,42.7,NORMAL,14.9,1006.1,93.0,OFFLINE,replay,71.2,0.0
2025-01-05T19:00:00+00:00,AWS-VAR-102,14.0,1006.5,95.0,False,,low,42.6,NORMAL,14.4,1006.5,94.0,OFFLINE,replay,71.1,0.0
2025-01-05T20:00:00+00:00,AWS-VAR-102,13.7,1007.0,96.0,False,,low,43.2,NORMAL,14.0,1007.0,95.0,HEALTHY,replay,71.9,0.0
2025-01-05T21:00:00+00:00,AWS-VAR-102,12.9,1007.1,97.0,False,,low,7.5,NORMAL,13.5,1007.0,96.0,OFFLINE,replay,12.6,0.0
2025-01-05T22:00:00+00:00,AWS-VAR-102,12.4,1006.8,98.0,False,,low,6.2,NORMAL,13.4,1006.5,96.0,OFFLINE,replay,10.3,0.0
2025-01-05T23:00:00+00:00,AWS-VAR-102,12.3,1006.0,99.0,False,,low,15.3,NORMAL,13.0,1006.0,96.0,OFFLINE,replay,25.5,0.0
2025-01-06T00:00:00+00:00,AWS-VAR-102,12.0,1005.5,99.0,False,,low,17.9,NORMAL,13.1,1005.3,97.0,HEALTHY,replay,29.8,0.0
2025-01-06T01:00:00+00:00,AWS-VAR-102,12.2,1005.6,99.0,False,,low,22.9,NORMAL,12.2,1005.6,98.0,WARNING,replay,38.1,0.0
2025-01-06T02:00:00+00:00,AWS-VAR-102,12.4,1005.3,98.0,False,,low,5.4,NORMAL,12.5,1005.2,98.0,WARNING,replay,9.0,0.0
2025-01-06T03:00:00+00:00,AWS-VAR-102,12.3,1004.8,98.0,False,,low,12.8,NORMAL,12.7,1004.6,98.0,WARNING,replay,21.3,0.0
2025-01-06T04:00:00+00:00,AWS-VAR-102,12.1,1004.8,99.0,False,,low,8.3,NORMAL,12.5,1004.7,98.0,WARNING,replay,13.8,0.0
2025-01-06T05:00:00+00:00,AWS-VAR-102,12.2,1005.2,98.0,False,,low,5.9,NORMAL,12.4,1005.0,97.0,WARNING,replay,9.9,0.0
2025-01-06T06:00:00+00:00,AWS-VAR-102,11.9,1005.9,99.0,False,,low,1.8,NORMAL,12.0,1005.9,99.0,WARNING,replay,3.0,0.0
2025-01-06T07:00:00+00:00,AWS-VAR-102,12.5,1006.7,99.0,False,,low,4.4,NORMAL,12.5,1006.6,99.0,WARNING,replay,7.4,0.0
2025-01-06T08:00:00+00:00,AWS-VAR-102,13.5,1007.5,97.0,False,,low,9.4,NORMAL,13.4,1007.1,96.0,WARNING,replay,15.6,0.0
2025-01-06T09:00:00+00:00,AWS-VAR-102,15.8,1007.9,89.0,False,,low,25.3,NORMAL,15.7,1007.9,90.0,WARNING,replay,42.2,0.0
2025-01-06T10:00:00+00:00,AWS-VAR-102,18.2,1007.7,81.0,False,,low,38.3,NORMAL,17.6,1007.6,83.0,WARNING,replay,63.8,0.0
2025-01-06T11:00:00+00:00,AWS-VAR-102,20.2,1006.9,74.0,False,,low,30.0,NORMAL,19.8,1006.8,76.0,WARNING,replay,50.0,0.0
2025-01-06T12:00:00+00:00,AWS-VAR-102,21.7,1005.5,70.0,False,,low,36.1,NORMAL,20.8,1005.5,73.0,WARNING,replay,60.2,0.0
2025-01-06T13:00:00+00:00,AWS-VAR-102,22.6,1004.3,67.0,False,,low,38.2,NORMAL,21.8,1004.2,72.0,WARNING,replay,63.6,0.0
2025-01-06T14:00:00+00:00,AWS-VAR-102,23.0,1003.4,66.0,False,,low,37.0,NORMAL,22.4,1003.4,71.0,WARNING,replay,61.7,0.0
2025-01-06T15:00:00+00:00,AWS-VAR-102,22.9,1003.1,66.0,False,,low,32.3,NORMAL,22.4,1003.1,71.0,WARNING,replay,53.8,0.0
2025-01-06T16:00:00+00:00,AWS-VAR-102,21.5,1002.9,78.0,False,,low,45.1,NORMAL,21.4,1002.8,81.0,HEALTHY,replay,75.1,0.0
2025-01-06T17:00:00+00:00,AWS-VAR-102,18.6,1002.8,85.0,False,,low,28.5,NORMAL,18.6,1002.8,88.0,HEALTHY,replay,47.4,0.0
2025-01-06T18:00:00+00:00,AWS-VAR-102,16.7,1003.4,91.0,False,,low,16.8,NORMAL,16.5,1003.5,93.0,HEALTHY,replay,27.9,0.0
2025-01-06T19:00:00+00:00,AWS-VAR-102,15.7,1004.1,93.0,False,,low,11.0,NORMAL,16.1,1004.2,94.0,HEALTHY,replay,18.4,0.0
2025-01-06T20:00:00+00:00,AWS-VAR-102,14.8,1004.7,96.0,False,,low,10.7,NORMAL,15.4,1004.7,95.0,HEALTHY,replay,17.8,0.0
2025-01-06T21:00:00+00:00,AWS-VAR-102,14.3,1005.2,96.0,False,,low,3.0,NORMAL,15.1,1005.2,94.0,HEALTHY,replay,5.0,0.0
2025-01-06T22:00:00+00:00,AWS-VAR-102,14.1,1005.4,96.0,False,,low,2.6,NORMAL,14.8,1005.4,95.0,HEALTHY,replay,4.3,0.0
2025-01-06T23:00:00+00:00,AWS-VAR-102,13.8,1005.3,96.0,False,,low,0.4,NORMAL,14.2,1005.4,95.0,HEALTHY,replay,0.6,0.0
2025-01-07T00:00:00+00:00,AWS-VAR-102,13.2,1005.1,97.0,False,,low,0.5,NORMAL,13.6,1005.1,96.0,HEALTHY,replay,0.8,0.0
2025-01-07T01:00:00+00:00,AWS-VAR-102,12.7,1004.9,98.0,False,,low,0.7,NORMAL,13.1,1004.9,98.0,HEALTHY,replay,1.2,0.0
2025-01-07T02:00:00+00:00,AWS-VAR-102,12.7,1005.0,98.0,False,,low,1.0,NORMAL,12.7,1005.0,98.0,HEALTHY,replay,1.7,0.0
2025-01-07T03:00:00+00:00,AWS-VAR-102,12.5,1004.9,99.0,False,,low,1.3,NORMAL,12.4,1004.9,99.0,HEALTHY,replay,2.1,0.0
2025-01-07T04:00:00+00:00,AWS-VAR-102,12.3,1005.0,99.0,False,,low,1.4,NORMAL,12.2,1005.0,99.0,HEALTHY,replay,2.3,0.0
2025-01-07T05:00:00+00:00,AWS-VAR-102,12.2,1005.5,99.0,False,,low,1.3,NORMAL,11.9,1005.6,99.0,HEALTHY,replay,2.1,0.0
2025-01-07T06:00:00+00:00,AWS-VAR-102,13.1,1006.8,99.0,False,,low,2.4,NORMAL,12.6,1006.9,100.0,HEALTHY,replay,3.9,0.0
2025-01-07T07:00:00+00:00,AWS-VAR-102,13.3,1007.5,98.0,False,,low,2.3,NORMAL,12.9,1007.6,99.0,HEALTHY,replay,3.9,0.0
2025-01-07T08:00:00+00:00,AWS-VAR-102,13.6,1008.5,97.0,False,,low,2.4,NORMAL,13.2,1008.4,96.0,HEALTHY,replay,4.0,0.0
2025-01-07T09:00:00+00:00,AWS-VAR-102,14.6,1009.0,93.0,False,,low,3.1,NORMAL,14.2,1009.0,93.0,HEALTHY,replay,5.2,0.0
2025-01-07T10:00:00+00:00,AWS-VAR-102,15.8,1008.5,85.0,False,,low,4.9,NORMAL,15.6,1008.6,85.0,HEALTHY,replay,8.2,0.0
2025-01-07T11:00:00+00:00,AWS-VAR-102,17.1,1007.8,79.0,False,,low,3.5,NORMAL,16.6,1007.8,81.0,HEALTHY,replay,5.9,0.0
2025-01-07T12:00:00+00:00,AWS-VAR-102,18.1,1006.5,72.0,False,,low,8.6,NORMAL,17.9,1006.5,74.0,OFFLINE,replay,14.3,0.0
2025-01-07T13:00:00+00:00,AWS-VAR-102,18.9,1005.4,65.0,False,,low,20.2,NORMAL,18.8,1005.3,68.0,OFFLINE,replay,33.7,0.0
2025-01-07T14:00:00+00:00,AWS-VAR-102,19.8,1004.3,60.0,False,,low,33.2,NORMAL,19.2,1004.4,65.0,OFFLINE,replay,55.4,0.0
2025-01-07T15:00:00+00:00,AWS-VAR-102,19.4,1003.8,62.0,False,,low,40.3,NORMAL,18.8,1003.8,66.0,HEALTHY,replay,67.2,0.0
2025-01-07T16:00:00+00:00,AWS-VAR-102,18.4,1003.7,67.0,False,,low,14.0,NORMAL,17.9,1003.7,72.0,WARNING,replay,23.3,0.0
2025-01-07T17:00:00+00:00,AWS-VAR-102,16.3,1003.8,76.0,False,,low,11.8,NORMAL,16.2,1003.8,80.0,WARNING,replay,19.7,0.0
2025-01-07T18:00:00+00:00,AWS-VAR-102,14.0,1005.9,85.0,False,,low,18.4,NORMAL,15.1,1005.9,80.0,WARNING,replay,30.6,0.0
2025-01-07T19:00:00+00:00,AWS-VAR-102,14.5,1006.5,82.0,False,,low,6.6,NORMAL,15.0,1006.5,80.0,WARNING,replay,10.9,0.0
2025-01-07T20:00:00+00:00,AWS-VAR-102,14.8,1006.7,79.0,False,,low,1.4,NORMAL,14.3,1006.6,82.0,WARNING,replay,2.4,0.0
2025-01-07T21:00:00+00:00,AWS-VAR-102,13.3,1006.8,87.0,False,,low,1.0,NORMAL,13.1,1006.6,89.0,WARNING,replay,1.7,0.0
2025-01-07T22:00:00+00:00,AWS-VAR-102,12.5,1006.4,91.0,False,,low,0.4,NORMAL,12.7,1006.4,91.0,WARNING,replay,0.7,0.0
2025-01-07T23:00:00+00:00,AWS-VAR-102,11.8,1005.9,93.0,False,,low,0.3,NORMAL,12.0,1005.8,94.0,WARNING,replay,0.5,0.0
2025-01-08T00:00:00+00:00,AWS-VAR-102,11.4,1005.5,95.0,False,,low,0.2,NORMAL,11.5,1004.5,96.0,WARNING,replay,0.3,0.0
2025-01-08T01:00:00+00:00,AWS-VAR-102,11.1,1005.1,96.0,False,,low,0.2,NORMAL,11.1,1005.1,97.0,WARNING,replay,0.3,0.0
2025-01-08T02:00:00+00:00,AWS-VAR-102,10.8,1004.6,97.0,False,,low,0.2,NORMAL,10.8,1004.6,97.0,WARNING,replay,0.4,0.0
2025-01-08T03:00:00+00:00,AWS-VAR-102,10.8,1004.7,97.0,False,,low,0.2,NORMAL,10.7,1004.7,97.0,WARNING,replay,0.4,0.0
2025-01-08T04:00:00+00:00,AWS-VAR-102,11.4,1004.9,96.0,False,,low,0.2,NORMAL,11.2,1004.9,96.0,WARNING,replay,0.4,0.0
2025-01-08T05:00:00+00:00,AWS-VAR-102,11.8,1005.2,94.0,False,,low,0.3,NORMAL,11.7,1005.2,95.0,HEALTHY,replay,0.5,0.0
2025-01-08T06:00:00+00:00,AWS-VAR-102,11.9,1006.7,87.0,False,,low,1.2,NORMAL,11.8,1006.6,89.0,HEALTHY,replay,2.1,0.0
2025-01-08T07:00:00+00:00,AWS-VAR-102,11.9,1007.5,83.0,False,,low,1.8,NORMAL,11.6,1007.4,86.0,HEALTHY,replay,2.9,0.0
2025-01-08T08:00:00+00:00,AWS-VAR-102,13.0,1008.6,73.0,False,,low,12.4,NORMAL,12.8,1008.6,75.0,HEALTHY,replay,20.6,0.0
2025-01-08T09:00:00+00:00,AWS-VAR-102,14.2,1009.5,63.0,False,,low,22.5,NORMAL,14.1,1009.4,69.0,HEALTHY,replay,37.5,0.0
2025-01-08T10:00:00+00:00,AWS-VAR-102,15.4,1009.3,59.0,False,,low,8.5,NORMAL,15.2,1009.3,64.0,HEALTHY,replay,14.1,0.0
2025-01-08T11:00:00+00:00,AWS-VAR-102,16.4,1008.7,58.0,False,,low,5.2,NORMAL,16.1,1008.7,63.0,HEALTHY,replay,8.6,0.0
2025-01-08T12:00:00+00:00,AWS-VAR-102,17.1,1007.7,60.0,False,,low,3.8,NORMAL,16.8,1007.5,63.0,HEALTHY,replay,6.3,0.0
2025-01-08T13:00:00+00:00,AWS-VAR-102,17.6,1006.4,61.0,False,,low,4.8,NORMAL,17.3,1006.4,63.0,HEALTHY,replay,7.9,0.0
2025-01-08T14:00:00+00:00,AWS-VAR-102,17.8,1005.6,61.0,False,,low,1.8,NORMAL,17.4,1005.6,62.0,OFFLINE,replay,3.1,0.0
2025-01-08T15:00:00+00:00,AWS-VAR-102,17.5,1005.3,61.0,False,,low,3.7,NORMAL,17.2,1005.3,60.0,OFFLINE,replay,6.2,0.0
2025-01-08T16:00:00+00:00,AWS-VAR-102,16.7,1005.4,63.0,False,,low,5.0,NORMAL,16.4,1005.4,65.0,OFFLINE,replay,8.4,0.0
2025-01-08T17:00:00+00:00,AWS-VAR-102,14.1,1005.7,71.0,False,,low,2.8,NORMAL,14.2,1005.7,72.0,OFFLINE,replay,4.6,0.0
2025-01-08T18:00:00+00:00,AWS-VAR-102,12.4,1006.8,82.0,False,,low,7.6,NORMAL,13.4,1006.7,78.0,OFFLINE,replay,12.7,0.0
2025-01-08T19:00:00+00:00,AWS-VAR-102,11.6,1007.4,85.0,False,,low,14.0,NORMAL,12.8,1007.3,79.0,OFFLINE,replay,23.4,0.0
2025-01-08T20:00:00+00:00,AWS-VAR-102,11.2,1007.9,85.0,False,,low,24.1,NORMAL,12.2,1007.7,82.0,OFFLINE,replay,40.2,0.0
2025-01-08T21:00:00+00:00,AWS-VAR-102,10.7,1008.2,85.0,False,,low,34.0,NORMAL,11.3,1008.1,86.0,OFFLINE,replay,56.7,0.0
2025-01-08T22:00:00+00:00,AWS-VAR-102,10.2,1008.3,87.0,False,,low,40.8,NORMAL,11.2,1008.1,86.0,OFFLINE,replay,67.9,0.0
2025-01-08T23:00:00+00:00,AWS-VAR-102,9.5,1008.0,90.0,False,,low,34.2,NORMAL,10.1,1007.8,90.0,OFFLINE,replay,57.0,0.0
2025-01-09T00:00:00+00:00,AWS-VAR-102,8.9,1007.7,93.0,False,,low,25.5,NORMAL,9.6,1007.5,94.0,OFFLINE,replay,42.5,0.0
2025-01-09T01:00:00+00:00,AWS-VAR-102,8.3,1007.5,94.0,False,,low,24.6,NORMAL,9.0,1007.3,95.0,OFFLINE,replay,41.1,0.0
2025-01-09T02:00:00+00:00,AWS-VAR-102,8.0,1007.5,95.0,False,,low,28.1,NORMAL,8.8,1007.2,96.0,OFFLINE,replay,46.8,0.0
2025-01-09T03:00:00+00:00,AWS-VAR-102,7.9,1007.4,96.0,False,,low,28.3,NORMAL,8.8,1007.1,97.0,OFFLINE,replay,47.2,0.0
2025-01-09T04:00:00+00:00,AWS-VAR-102,7.8,1007.4,95.0,False,,low,27.6,NORMAL,8.5,1007.2,97.0,OFFLINE,replay,46.0,0.0
2025-01-09T05:00:00+00:00,AWS-VAR-102,7.6,1007.8,96.0,False,,low,39.6,NORMAL,8.4,1007.6,96.0,OFFLINE,replay,66.0,0.0
2025-01-09T06:00:00+00:00,AWS-VAR-102,7.9,1008.8,96.0,False,,low,42.8,NORMAL,8.6,1008.7,97.0,OFFLINE,replay,71.4,0.0
2025-01-09T07:00:00+00:00,AWS-VAR-102,9.0,1009.8,94.0,False,,low,35.4,NORMAL,9.6,1009.7,96.0,OFFLINE,replay,59.0,0.0
2025-01-09T08:00:00+00:00,AWS-VAR-102,12.0,1011.1,84.0,False,,low,23.8,NORMAL,12.0,1010.66,87.0,OFFLINE,replay,39.6,0.0
2025-01-09T09:00:00+00:00,AWS-VAR-102,15.1,1011.7,73.0,False,,low,18.0,NORMAL,15.0,1011.16,79.0,OFFLINE,replay,29.9,0.0
2025-01-09T10:00:00+00:00,AWS-VAR-102,17.0,1011.3,63.0,False,,low,15.5,NORMAL,17.0,1011.12,68.0,OFFLINE,replay,25.8,0.0
2025-01-09T11:00:00+00:00,AWS-VAR-102,18.4,1010.3,58.0,False,,low,18.0,NORMAL,18.2,1009.46,63.0,OFFLINE,replay,30.0,0.0
2025-01-09T12:00:00+00:00,AWS-VAR-102,19.1,1008.9,54.0,False,,low,19.3,NORMAL,19.2,1008.85,58.0,OFFLINE,replay,32.1,0.0
2025-01-09T13:00:00+00:00,AWS-VAR-102,19.5,1008.1,53.0,False,,low,19.7,NORMAL,19.3,1007.9,57.0,OFFLINE,replay,32.8,0.0
2025-01-09T14:00:00+00:00,AWS-VAR-102,19.7,1007.5,54.0,False,,low,21.1,NORMAL,19.4,1007.3,57.0,HEALTHY,replay,35.1,0.0
2025-01-09T15:00:00+00:00,AWS-VAR-102,19.3,1007.1,55.0,False,,low,3.5,NORMAL,19.3,1006.9,57.0,OFFLINE,replay,5.9,0.0
2025-01-09T16:00:00+00:00,AWS-VAR-102,18.1,1007.1,65.0,False,,low,8.2,NORMAL,18.3,1006.9,73.0,OFFLINE,replay,13.7,0.0
2025-01-09T17:00:00+00:00,AWS-VAR-102,15.4,1007.1,73.0,False,,low,9.0,NORMAL,16.2,1007.0,73.0,OFFLINE,replay,15.0,0.0
2025-01-09T18:00:00+00:00,AWS-VAR-102,14.1,1008.1,78.0,False,,low,14.2,NORMAL,14.7,1008.0,81.0,HEALTHY,replay,23.7,0.0
2025-01-09T19:00:00+00:00,AWS-VAR-102,13.3,1008.8,81.0,False,,low,3.3,NORMAL,13.9,1008.7,82.0,WARNING,replay,5.5,0.0
2025-01-09T20:00:00+00:00,AWS-VAR-102,12.4,1009.8,86.0,False,,low,4.9,NORMAL,13.4,1009.7,85.0,WARNING,replay,8.1,0.0
2025-01-09T21:00:00+00:00,AWS-VAR-102,11.8,1010.4,88.0,False,,low,1.4,NORMAL,12.8,1010.3,85.0,WARNING,replay,2.3,0.0
2025-01-09T22:00:00+00:00,AWS-VAR-102,11.5,1010.5,88.0,False,,low,1.6,NORMAL,12.5,1010.4,84.0,WARNING,replay,2.6,0.0
2025-01-09T23:00:00+00:00,AWS-VAR-102,10.4,1010.4,92.0,False,,low,5.0,NORMAL,12.0,1010.2,87.0,WARNING,replay,8.3,0.0
2025-01-10T00:00:00+00:00,AWS-VAR-102,10.0,1010.1,94.0,False,,low,2.6,NORMAL,10.9,1009.9,92.0,WARNING,replay,4.4,0.0
2025-01-10T01:00:00+00:00,AWS-VAR-102,9.6,1009.8,94.0,False,,low,2.5,NORMAL,10.2,1009.7,95.0,WARNING,replay,4.2,0.0
2025-01-10T02:00:00+00:00,AWS-VAR-102,9.4,1009.6,94.0,False,,low,1.1,NORMAL,9.7,1009.5,97.0,WARNING,replay,1.8,0.0
2025-01-10T03:00:00+00:00,AWS-VAR-102,9.1,1009.4,94.0,False,,low,1.2,NORMAL,9.2,1009.3,97.0,WARNING,replay,2.1,0.0
2025-01-10T04:00:00+00:00,AWS-VAR-102,8.7,1009.6,96.0,False,,low,0.6,NORMAL,8.7,1009.4,97.0,WARNING,replay,1.0,0.0
2025-01-10T05:00:00+00:00,AWS-VAR-102,8.4,1009.9,96.0,False,,low,1.3,NORMAL,8.5,1009.6,97.0,WARNING,replay,2.1,0.0
2025-01-10T06:00:00+00:00,AWS-VAR-102,8.5,1011.0,93.0,False,,low,1.7,NORMAL,8.6,1010.7,98.0,WARNING,replay,2.9,0.0
2025-01-10T07:00:00+00:00,AWS-VAR-102,9.1,1011.8,93.0,False,,low,1.5,NORMAL,9.4,1011.7,98.0,WARNING,replay,2.5,0.0
2025-01-10T08:00:00+00:00,AWS-VAR-102,11.7,1012.5,89.0,False,,low,2.2,NORMAL,11.6,1012.4,91.0,WARNING,replay,3.7,0.0
2025-01-10T09:00:00+00:00,AWS-VAR-102,15.1,1013.2,76.0,False,,low,12.2,NORMAL,14.8,1013.0,80.0,HEALTHY,replay,20.3,0.0
2025-01-10T10:00:00+00:00,AWS-VAR-102,17.5,1012.8,66.0,False,,low,25.9,NORMAL,17.3,1012.7,69.0,HEALTHY,replay,43.1,0.0
2025-01-10T11:00:00+00:00,AWS-VAR-102,18.8,1011.9,60.0,False,,low,11.0,NORMAL,18.5,1011.9,62.0,HEALTHY,replay,18.3,0.0
2025-01-10T12:00:00+00:00,AWS-VAR-102,19.5,1010.8,58.0,False,,low,4.6,NORMAL,19.1,1010.8,59.0,HEALTHY,replay,7.7,0.0
2025-01-10T13:00:00+00:00,AWS-VAR-102,19.8,1009.7,57.0,False,,low,8.2,NORMAL,19.5,1009.7,59.0,HEALTHY,replay,13.7,0.0
2025-01-10T14:00:00+00:00,AWS-VAR-102,19.9,1009.1,57.0,False,,low,2.2,NORMAL,19.6,1008.9,60.0,HEALTHY,replay,3.6,0.0
2025-01-10T15:00:00+00:00,AWS-VAR-102,19.6,1008.6,58.0,False,,low,1.2,NORMAL,19.4,1008.5,61.0,HEALTHY,replay,2.0,0.0
2025-01-10T16:00:00+00:00,AWS-VAR-102,18.4,1008.6,68.0,False,,low,0.7,NORMAL,18.5,1008.5,71.0,HEALTHY,replay,1.1,0.0
2025-01-10T17:00:00+00:00,AWS-VAR-102,15.3,1008.5,79.0,False,,low,3.1,NORMAL,15.9,1008.4,78.0,HEALTHY,replay,5.2,0.0
2025-01-10T18:00:00+00:00,AWS-VAR-102,14.1,1008.6,85.0,False,,low,0.4,NORMAL,14.8,1008.5,84.0,HEALTHY,replay,0.7,0.0
2025-01-10T19:00:00+00:00,AWS-VAR-102,13.5,1009.0,84.0,False,,low,0.2,NORMAL,14.1,1008.9,86.0,HEALTHY,replay,0.4,0.0
2025-01-10T20:00:00+00:00,AWS-VAR-102,12.6,1009.5,87.0,False,,low,0.1,NORMAL,13.6,1009.4,85.0,HEALTHY,replay,0.2,0.0
2025-01-10T21:00:00+00:00,AWS-VAR-102,11.7,1010.1,91.0,False,,low,0.1,NORMAL,12.7,1009.9,88.0,HEALTHY,replay,0.2,0.0
2025-01-10T22:00:00+00:00,AWS-VAR-102,11.3,1010.2,91.0,False,,low,0.1,NORMAL,12.1,1010.0,90.0,HEALTHY,replay,0.1,0.0
2025-01-10T23:00:00+00:00,AWS-VAR-102,10.5,1009.9,94.0,False,,low,0.1,NORMAL,11.4,1009.8,93.0,HEALTHY,replay,0.1,0.0
2025-01-11T00:00:00+00:00,AWS-VAR-102,9.6,1009.6,97.0,False,,low,0.1,NORMAL,10.2,1009.5,96.0,HEALTHY,replay,0.2,0.0
2025-01-11T01:00:00+00:00,AWS-VAR-102,9.3,1009.4,98.0,False,,low,0.2,NORMAL,10.0,1009.3,98.0,HEALTHY,replay,0.3,0.0
2025-01-11T02:00:00+00:00,AWS-VAR-102,9.1,1009.0,99.0,False,,low,0.3,NORMAL,9.5,1008.9,98.0,HEALTHY,replay,0.4,0.0
2025-01-11T03:00:00+00:00,AWS-VAR-102,8.7,1009.0,100.0,False,,low,0.2,NORMAL,9.1,1008.9,100.0,HEALTHY,replay,0.4,0.0
2025-01-11T04:00:00+00:00,AWS-VAR-102,8.5,1009.1,100.0,False,,low,0.3,NORMAL,8.7,1009.0,100.0,HEALTHY,replay,0.5,0.0
2025-01-11T05:00:00+00:00,AWS-VAR-102,8.3,1009.7,100.0,False,,low,0.3,NORMAL,8.0,1009.5,100.0,HEALTHY,replay,0.6,0.0
2025-01-11T06:00:00+00:00,AWS-VAR-102,7.7,1010.4,100.0,False,,low,0.3,NORMAL,7.7,1010.3,100.0,HEALTHY,replay,0.5,0.0
2025-01-11T07:00:00+00:00,AWS-VAR-102,7.2,1011.1,98.0,False,,low,0.5,NORMAL,8.7,1010.9,100.0,HEALTHY,replay,0.8,0.0
2025-01-11T08:00:00+00:00,AWS-VAR-102,10.2,1012.2,98.0,False,multivariate_inconsistency,low,21.6,NORMAL,10.5,1012.1,98.0,HEALTHY,replay,6.1,45.0
2025-01-11T09:00:00+00:00,AWS-VAR-102,12.8,1012.9,94.0,False,,low,4.9,NORMAL,12.7,1012.6,96.0,HEALTHY,replay,8.2,0.0
2025-01-11T10:00:00+00:00,AWS-VAR-102,15.8,1012.5,83.0,False,,low,6.4,NORMAL,15.6,1012.3,84.0,HEALTHY,replay,10.6,0.0
2025-01-11T11:00:00+00:00,AWS-VAR-102,18.5,1011.1,69.0,False,,low,6.7,NORMAL,17.9,1010.9,74.0,HEALTHY,replay,11.2,0.0
2025-01-11T12:00:00+00:00,AWS-VAR-102,19.9,1009.8,59.0,False,,low,10.4,NORMAL,19.3,1009.7,64.0,HEALTHY,replay,17.4,0.0
2025-01-11T13:00:00+00:00,AWS-VAR-102,20.9,1008.5,50.0,False,,low,17.7,NORMAL,20.2,1008.4,60.0,HEALTHY,replay,29.6,0.0
2025-01-11T14:00:00+00:00,AWS-VAR-102,21.4,1007.5,47.0,False,,low,15.7,NORMAL,21.0,1006.5,51.0,HEALTHY,replay,26.1,0.0
2025-01-11T15:00:00+00:00,AWS-VAR-102,21.1,1007.0,50.0,False,,low,6.9,NORMAL,20.2,1006.9,60.0,HEALTHY,replay,11.5,0.0
2025-01-11T16:00:00+00:00,AWS-VAR-102,19.4,1006.8,66.0,False,,low,5.3,NORMAL,19.6,1005.7,68.0,HEALTHY,replay,8.8,0.0
2025-01-11T17:00:00+00:00,AWS-VAR-102,16.0,1006.7,80.0,False,,low,12.8,NORMAL,16.1,1005.5,79.0,HEALTHY,replay,21.3,0.0
2025-01-11T18:00:00+00:00,AWS-VAR-102,15.7,1006.8,79.0,False,,low,2.7,NORMAL,15.0,1006.6,84.0,HEALTHY,replay,4.5,0.0
2025-01-11T19:00:00+00:00,AWS-VAR-102,14.8,1007.2,81.0,False,,low,1.0,NORMAL,14.0,1007.0,86.0,HEALTHY,replay,1.7,0.0
2025-01-11T20:00:00+00:00,AWS-VAR-102,14.1,1007.8,83.0,False,,low,0.3,NORMAL,15.0,1006.5,88.0,HEALTHY,replay,0.5,0.0
2025-01-11T21:00:00+00:00,AWS-VAR-102,13.3,1008.2,87.0,False,,low,0.2,NORMAL,14.2,1007.1,91.0,HEALTHY,replay,0.3,0.0
2025-01-11T22:00:00+00:00,AWS-VAR-102,12.5,1008.6,91.0,False,,low,0.1,NORMAL,12.7,1008.6,90.0,HEALTHY,replay,0.2,0.0
2025-01-11T23:00:00+00:00,AWS-VAR-102,11.7,1008.7,93.0,False,,low,0.1,NORMAL,12.5,1007.4,91.0,HEALTHY,replay,0.2,0.0
2025-01-12T00:00:00+00:00,AWS-VAR-102,11.5,1008.4,94.0,False,,low,0.1,NORMAL,11.7,1008.2,94.0,HEALTHY,replay,0.2,0.0
2025-01-12T01:00:00+00:00,AWS-VAR-102,11.5,1008.2,93.0,False,,low,0.3,NORMAL,12.4,1007.1,92.0,HEALTHY,replay,0.5,0.0
2025-01-12T02:00:00+00:00,AWS-VAR-102,11.3,1008.1,93.0,False,,low,0.4,NORMAL,12.1,1006.9,95.0,HEALTHY,replay,0.7,0.0
2025-01-12T03:00:00+00:00,AWS-VAR-102,11.1,1007.6,93.0,False,,low,0.3,NORMAL,11.6,1007.5,94.0,HEALTHY,replay,0.5,0.0
2025-01-12T04:00:00+00:00,AWS-VAR-102,11.2,1007.6,94.0,False,,low,0.3,NORMAL,11.8,1007.4,93.0,HEALTHY,replay,0.5,0.0
2025-01-12T05:00:00+00:00,AWS-VAR-102,11.5,1007.7,95.0,False,,low,1.4,NORMAL,12.0,1007.3,92.0,WARNING,replay,2.4,0.0
2025-01-12T06:00:00+00:00,AWS-VAR-102,11.9,1008.4,95.0,False,,low,1.9,NORMAL,12.1,1008.1,93.0,OFFLINE,replay,3.1,0.0
2025-01-12T07:00:00+00:00,AWS-VAR-102,12.5,1009.0,95.0,False,,low,1.3,NORMAL,12.6,1008.7,92.0,OFFLINE,replay,2.1,0.0
2025-01-12T08:00:00+00:00,AWS-VAR-102,14.6,1009.6,89.0,False,,low,3.8,NORMAL,14.6,1009.4,88.0,OFFLINE,replay,6.3,0.0
2025-01-12T09:00:00+00:00,AWS-VAR-102,17.3,1010.0,80.0,False,,low,16.9,NORMAL,17.1,1009.8,82.0,HEALTHY,replay,28.2,0.0
2025-01-12T10:00:00+00:00,AWS-VAR-102,20.0,1009.8,71.0,False,,low,5.4,NORMAL,19.6,1009.5,75.0,OFFLINE,replay,9.0,0.0
2025-01-12T11:00:00+00:00,AWS-VAR-102,22.3,1008.3,60.0,False,,low,37.8,NORMAL,21.7,1008.3,67.0,OFFLINE,replay,63.0,0.0
2025-01-12T12:00:00+00:00,AWS-VAR-102,24.0,1007.1,53.0,False,,low,47.3,NORMAL,23.2,1007.2,62.0,OFFLINE,replay,78.9,0.0
2025-01-12T13:00:00+00:00,AWS-VAR-102,25.0,1006.0,48.0,False,,low,52.4,NORMAL,23.8,1006.2,61.0,OFFLINE,replay,87.3,0.0
2025-01-12T14:00:00+00:00,AWS-VAR-102,25.0,1005.4,51.0,False,,low,51.8,NORMAL,23.5,1005.5,64.0,OFFLINE,replay,86.4,0.0
2025-01-12T15:00:00+00:00,AWS-VAR-102,23.6,1005.4,60.0,True,unstructured_anomaly,high,89.7,ML_MODEL_ISOLATION,22.7,1005.4,67.0,OFFLINE,replay,89.7,0.0
2025-01-12T16:00:00+00:00,AWS-VAR-102,22.4,1005.7,68.0,False,,low,52.8,NORMAL,21.1,1005.9,77.0,OFFLINE,replay,87.9,0.0
2025-01-12T17:00:00+00:00,AWS-VAR-102,20.7,1006.5,76.0,False,,low,50.0,NORMAL,19.4,1006.7,84.0,OFFLINE,replay,83.4,0.0
2025-01-12T18:00:00+00:00,AWS-VAR-102,18.2,1007.3,86.0,False,,low,41.9,NORMAL,17.7,1007.1,89.0,OFFLINE,replay,69.8,0.0
2025-01-12T19:00:00+00:00,AWS-VAR-102,17.6,1007.6,89.0,False,,low,40.5,NORMAL,17.3,1007.2,90.0,OFFLINE,replay,67.5,0.0
2025-01-12T20:00:00+00:00,AWS-VAR-102,17.4,1007.9,91.0,False,,low,35.5,NORMAL,16.7,1007.9,94.0,OFFLINE,replay,59.2,0.0
2025-01-12T21:00:00+00:00,AWS-VAR-102,16.9,1008.2,93.0,False,,low,29.3,NORMAL,16.9,1007.9,94.0,OFFLINE,replay,48.8,0.0
2025-01-12T22:00:00+00:00,AWS-VAR-102,16.5,1008.1,95.0,False,,low,31.7,NORMAL,15.8,1008.1,96.0,OFFLINE,replay,52.9,0.0
2025-01-12T23:00:00+00:00,AWS-VAR-102,15.3,1007.8,98.0,False,,low,34.3,NORMAL,15.1,1007.9,98.0,OFFLINE,replay,57.2,0.0
2025-01-13T00:00:00+00:00,AWS-VAR-102,14.5,1007.4,98.0,False,,low,37.2,NORMAL,14.3,1007.4,98.0,HEALTHY,replay,62.0,0.0
2025-01-13T01:00:00+00:00,AWS-VAR-102,14.1,1007.1,98.0,False,,low,19.6,NORMAL,13.9,1007.1,98.0,OFFLINE,replay,32.7,0.0
2025-01-13T02:00:00+00:00,AWS-VAR-102,13.7,1006.8,100.0,False,,low,13.7,NORMAL,13.3,1006.7,99.0,OFFLINE,replay,22.8,0.0
2025-01-13T03:00:00+00:00,AWS-VAR-102,13.4,1006.7,100.0,False,,low,12.8,NORMAL,12.9,1006.6,100.0,OFFLINE,replay,21.3,0.0
2025-01-13T04:00:00+00:00,AWS-VAR-102,12.8,1006.8,100.0,False,,low,10.3,NORMAL,12.5,1006.8,100.0,HEALTHY,replay,17.1,0.0
2025-01-13T05:00:00+00:00,AWS-VAR-102,12.8,1007.3,100.0,False,,low,9.8,NORMAL,12.3,1007.2,100.0,WARNING,replay,16.3,0.0
2025-01-13T06:00:00+00:00,AWS-VAR-102,13.8,1008.2,99.0,False,,low,5.3,NORMAL,13.1,1008.2,99.0,WARNING,replay,8.8,0.0
2025-01-13T07:00:00+00:00,AWS-VAR-102,13.7,1008.9,98.0,False,,low,3.8,NORMAL,13.2,1008.9,98.0,WARNING,replay,6.3,0.0
2025-01-13T08:00:00+00:00,AWS-VAR-102,14.0,1009.6,98.0,False,,low,3.5,NORMAL,13.4,1009.5,97.0,WARNING,replay,5.8,0.0
2025-01-13T09:00:00+00:00,AWS-VAR-102,15.2,1010.0,91.0,False,,low,5.8,NORMAL,14.7,1010.0,91.0,WARNING,replay,9.6,0.0
2025-01-13T10:00:00+00:00,AWS-VAR-102,17.4,1009.6,80.0,False,,low,9.0,NORMAL,17.0,1009.5,79.0,WARNING,replay,15.1,0.0
2025-01-13T11:00:00+00:00,AWS-VAR-102,19.2,1008.6,72.0,False,,low,4.4,NORMAL,18.8,1008.6,73.0,WARNING,replay,7.4,0.0
2025-01-13T12:00:00+00:00,AWS-VAR-102,20.5,1007.3,66.0,False,,low,3.8,NORMAL,19.9,1007.3,68.0,WARNING,replay,6.4,0.0
2025-01-13T13:00:00+00:00,AWS-VAR-102,21.3,1006.0,63.0,False,,low,29.4,NORMAL,20.6,1006.0,67.0,WARNING,replay,49.1,0.0
2025-01-13T14:00:00+00:00,AWS-VAR-102,21.5,1005.2,62.0,False,,low,28.5,NORMAL,20.9,1005.3,67.0,WARNING,replay,47.5,0.0
2025-01-13T15:00:00+00:00,AWS-VAR-102,21.3,1005.0,63.0,False,,low,21.9,NORMAL,20.7,1005.1,69.0,WARNING,replay,36.6,0.0
2025-01-13T16:00:00+00:00,AWS-VAR-102,20.3,1005.2,68.0,False,,low,4.7,NORMAL,19.9,1005.2,74.0,WARNING,replay,7.9,0.0
2025-01-13T17:00:00+00:00,AWS-VAR-102,17.8,1005.6,80.0,False,,low,5.1,NORMAL,17.9,1005.6,81.0,WARNING,replay,8.5,0.0
2025-01-13T18:00:00+00:00,AWS-VAR-102,16.7,1006.4,87.0,False,,low,3.7,NORMAL,17.1,1006.4,86.0,WARNING,replay,6.1,0.0
2025-01-13T19:00:00+00:00,AWS-VAR-102,16.2,1007.1,89.0,False,,low,1.4,NORMAL,16.4,1006.9,88.0,WARNING,replay,2.4,0.0
2025-01-13T20:00:00+00:00,AWS-VAR-102,15.9,1007.4,89.0,False,,low,0.8,NORMAL,16.1,1007.3,88.0,HEALTHY,replay,1.4,0.0
2025-01-13T21:00:00+00:00,AWS-VAR-102,15.5,1007.7,90.0,False,,low,0.4,NORMAL,15.6,1007.7,90.0,HEALTHY,replay,0.7,0.0
2025-01-13T22:00:00+00:00,AWS-VAR-102,14.7,1007.9,93.0,False,,low,0.3,NORMAL,14.7,1007.8,92.0,HEALTHY,replay,0.4,0.0
2025-01-13T23:00:00+00:00,AWS-VAR-102,13.5,1007.8,95.0,False,,low,0.3,NORMAL,13.4,1007.7,94.0,HEALTHY,replay,0.5,0.0
2025-01-14T00:00:00+00:00,AWS-VAR-102,12.9,1007.6,96.0,False,,low,0.3,NORMAL,13.2,1007.5,96.0,HEALTHY,replay,0.5,0.0
2025-01-14T01:00:00+00:00,AWS-VAR-102,12.8,1007.6,97.0,False,,low,0.2,NORMAL,12.4,1007.6,97.0,HEALTHY,replay,0.4,0.0
2025-01-14T02:00:00+00:00,AWS-VAR-102,12.2,1007.4,97.0,False,,low,1.2,NORMAL,12.0,1007.3,98.0,WARNING,replay,1.9,0.0
2025-01-14T03:00:00+00:00,AWS-VAR-102,11.7,1007.2,98.0,False,,low,0.4,NORMAL,11.6,1007.1,98.0,WARNING,replay,0.6,0.0
2025-01-14T04:00:00+00:00,AWS-VAR-102,11.3,1007.4,98.0,False,,low,0.4,NORMAL,11.4,1007.3,98.0,WARNING,replay,0.7,0.0
2025-01-14T05:00:00+00:00,AWS-VAR-102,11.1,1008.1,99.0,False,,low,0.3,NORMAL,11.1,1008.0,97.0,WARNING,replay,0.4,0.0
2025-01-14T06:00:00+00:00,AWS-VAR-102,12.3,1009.2,99.0,False,,low,1.3,NORMAL,12.0,1009.1,100.0,WARNING,replay,2.2,0.0
2025-01-14T07:00:00+00:00,AWS-VAR-102,12.5,1010.1,99.0,False,,low,1.4,NORMAL,12.0,1010.1,99.0,WARNING,replay,2.3,0.0
2025-01-14T08:00:00+00:00,AWS-VAR-102,13.5,1011.3,97.0,False,,low,4.1,NORMAL,12.9,1011.2,98.0,WARNING,replay,6.8,0.0
2025-01-14T09:00:00+00:00,AWS-VAR-102,15.5,1012.2,88.0,False,,low,6.5,NORMAL,14.9,1012.1,90.0,WARNING,replay,10.9,0.0
2025-01-14T10:00:00+00:00,AWS-VAR-102,18.1,1012.5,77.0,False,,low,8.3,NORMAL,17.3,1012.4,82.61,WARNING,replay,13.8,0.0
2025-01-14T11:00:00+00:00,AWS-VAR-102,20.0,1011.6,67.0,False,,low,9.8,NORMAL,19.3,1011.5,73.22,WARNING,replay,16.4,0.0
2025-01-14T12:00:00+00:00,AWS-VAR-102,21.0,1010.2,60.0,False,,low,11.0,NORMAL,20.4,1010.1,61.0,WARNING,replay,18.4,0.0
2025-01-14T13:00:00+00:00,AWS-VAR-102,21.5,1008.9,56.0,False,,low,8.5,NORMAL,21.0,1008.9,57.0,HEALTHY,replay,14.1,0.0
2025-01-14T14:00:00+00:00,AWS-VAR-102,21.6,1008.0,55.0,False,,low,10.3,NORMAL,21.2,1008.0,55.04,HEALTHY,replay,17.1,0.0
2025-01-14T15:00:00+00:00,AWS-VAR-102,21.3,1007.8,55.0,False,,low,2.5,NORMAL,21.0,1007.7,54.65,HEALTHY,replay,4.2,0.0
2025-01-14T16:00:00+00:00,AWS-VAR-102,20.3,1007.8,62.0,False,,low,0.6,NORMAL,20.3,1007.7,62.0,HEALTHY,replay,1.1,0.0
2025-01-14T17:00:00+00:00,AWS-VAR-102,17.3,1008.3,74.0,False,,low,1.2,NORMAL,17.9,1008.2,70.87,HEALTHY,replay,1.9,0.0
2025-01-14T18:00:00+00:00,AWS-VAR-102,15.0,1009.2,79.0,False,,low,2.1,NORMAL,15.7,1009.2,79.0,HEALTHY,replay,3.5,0.0
2025-01-14T19:00:00+00:00,AWS-VAR-102,14.5,1009.8,79.0,False,,low,0.6,NORMAL,15.1,1009.7,81.0,HEALTHY,replay,1.0,0.0
2025-01-14T20:00:00+00:00,AWS-VAR-102,14.2,1010.2,79.0,False,,low,0.3,NORMAL,14.4,1010.0,80.0,HEALTHY,replay,0.5,0.0
2025-01-14T21:00:00+00:00,AWS-VAR-102,14.2,1010.6,79.0,False,,low,0.2,NORMAL,13.5,1010.5,82.3,HEALTHY,replay,0.4,0.0
2025-01-14T22:00:00+00:00,AWS-VAR-102,13.4,1010.7,82.0,False,,low,0.2,NORMAL,12.7,1010.5,85.91,HEALTHY,replay,0.3,0.0
2025-01-14T23:00:00+00:00,AWS-VAR-102,12.1,1010.6,87.0,False,,low,0.3,NORMAL,11.7,1010.3,88.52,HEALTHY,replay,0.5,0.0
2025-01-15T00:00:00+00:00,AWS-VAR-102,11.3,1010.2,91.0,False,,low,0.4,NORMAL,11.1,1010.0,91.13,HEALTHY,replay,0.6,0.0
2025-01-15T01:00:00+00:00,AWS-VAR-102,10.8,1010.0,93.0,False,,low,0.3,NORMAL,10.7,1010.0,91.73,HEALTHY,replay,0.4,0.0
2025-01-15T02:00:00+00:00,AWS-VAR-102,10.4,1009.6,95.0,False,,low,0.2,NORMAL,10.2,1009.4,93.34,HEALTHY,replay,0.3,0.0
2025-01-15T03:00:00+00:00,AWS-VAR-102,9.9,1009.4,96.0,False,,low,0.2,NORMAL,10.0,1009.4,94.0,HEALTHY,replay,0.3,0.0
2025-01-15T04:00:00+00:00,AWS-VAR-102,9.7,1009.7,97.0,False,,low,0.2,NORMAL,9.6,1009.6,96.0,HEALTHY,replay,0.3,0.0
2025-01-15T05:00:00+00:00,AWS-VAR-102,9.4,1010.3,99.0,False,,low,0.3,NORMAL,8.7,1010.1,99.0,HEALTHY,replay,0.4,0.0
2025-01-15T06:00:00+00:00,AWS-VAR-102,10.3,1011.5,98.0,False,,low,0.5,NORMAL,10.1,1011.5,100.0,HEALTHY,replay,0.9,0.0
2025-01-15T07:00:00+00:00,AWS-VAR-102,10.7,1012.3,99.0,False,,low,0.6,NORMAL,10.5,1012.2,99.0,HEALTHY,replay,1.1,0.0
2025-01-15T08:00:00+00:00,AWS-VAR-102,13.3,1013.3,92.0,False,,low,1.4,NORMAL,12.2,1013.1,98.0,HEALTHY,replay,2.3,0.0
2025-01-15T09:00:00+00:00,AWS-VAR-102,16.4,1013.8,80.0,False,,low,5.0,NORMAL,14.4,1013.6,92.0,HEALTHY,replay,8.3,0.0
2025-01-15T10:00:00+00:00,AWS-VAR-102,18.7,1013.2,70.0,False,,low,2.7,NORMAL,17.0,1013.1,81.0,HEALTHY,replay,4.6,0.0
2025-01-15T11:00:00+00:00,AWS-VAR-102,20.2,1011.7,62.0,False,,low,2.9,NORMAL,19.2,1011.7,68.0,HEALTHY,replay,4.9,0.0
2025-01-15T12:00:00+00:00,AWS-VAR-102,21.1,1010.1,57.0,False,,low,4.4,NORMAL,20.3,1010.1,59.0,HEALTHY,replay,7.3,0.0
2025-01-15T13:00:00+00:00,AWS-VAR-102,21.6,1009.0,55.0,False,,low,6.4,NORMAL,20.9,1009.0,55.0,HEALTHY,replay,10.6,0.0
2025-01-15T14:00:00+00:00,AWS-VAR-102,21.7,1008.4,55.0,False,,low,2.1,NORMAL,21.1,1008.4,53.0,HEALTHY,replay,3.4,0.0
2025-01-15T15:00:00+00:00,AWS-VAR-102,21.3,1007.9,55.0,False,,low,1.6,NORMAL,20.9,1007.8,53.0,HEALTHY,replay,2.7,0.0
2025-01-15T16:00:00+00:00,AWS-VAR-102,20.0,1007.7,62.0,False,,low,0.5,NORMAL,19.9,1007.6,66.0,HEALTHY,replay,0.8,0.0
2025-01-15T17:00:00+00:00,AWS-VAR-102,17.2,1007.8,69.0,False,,low,0.7,NORMAL,16.9,1007.6,77.0,HEALTHY,replay,1.1,0.0
2025-01-15T18:00:00+00:00,AWS-VAR-102,14.3,1009.7,72.0,False,,low,2.4,NORMAL,14.1,1009.5,86.0,HEALTHY,replay,4.1,0.0
2025-01-15T19:00:00+00:00,AWS-VAR-102,13.2,1009.7,77.0,False,,low,0.7,NORMAL,13.8,1009.6,82.0,HEALTHY,replay,1.2,0.0
2025-01-15T20:00:00+00:00,AWS-VAR-102,12.4,1010.0,84.0,False,,low,1.0,NORMAL,13.1,1009.9,78.0,HEALTHY,replay,1.6,0.0
2025-01-15T21:00:00+00:00,AWS-VAR-102,11.6,1010.0,90.0,False,,low,0.6,NORMAL,12.4,1009.8,82.0,HEALTHY,replay,1.1,0.0
2025-01-15T22:00:00+00:00,AWS-VAR-102,10.7,1010.0,92.0,False,,low,0.4,NORMAL,11.6,1009.9,85.0,HEALTHY,replay,0.7,0.0
2025-01-15T23:00:00+00:00,AWS-VAR-102,10.4,1009.5,94.0,False,,low,0.2,NORMAL,11.0,1009.5,88.0,HEALTHY,replay,0.4,0.0
2025-01-16T00:00:00+00:00,AWS-VAR-102,10.0,1009.2,95.0,False,,low,0.2,NORMAL,10.7,1009.1,91.0,HEALTHY,replay,0.3,0.0
2025-01-16T01:00:00+00:00,AWS-VAR-102,9.6,1009.2,97.0,False,,low,0.2,NORMAL,10.1,1009.1,94.0,HEALTHY,replay,0.3,0.0
2025-01-16T02:00:00+00:00,AWS-VAR-102,9.3,1008.8,98.0,False,,low,0.2,NORMAL,9.6,1008.7,97.0,HEALTHY,replay,0.3,0.0
2025-01-16T03:00:00+00:00,AWS-VAR-102,9.0,1008.4,98.0,False,,low,0.2,NORMAL,9.4,1008.4,99.0,HEALTHY,replay,0.3,0.0
2025-01-16T04:00:00+00:00,AWS-VAR-102,8.7,1008.3,99.0,False,,low,0.2,NORMAL,9.2,1008.2,99.0,HEALTHY,replay,0.4,0.0
2025-01-16T05:00:00+00:00,AWS-VAR-102,8.3,1008.7,100.0,False,,low,0.3,NORMAL,8.5,1008.5,100.0,HEALTHY,replay,0.5,0.0
2025-01-16T06:00:00+00:00,AWS-VAR-102,9.6,1009.9,99.0,False,,low,0.5,NORMAL,9.6,1009.8,100.0,HEALTHY,replay,0.8,0.0
2025-01-16T07:00:00+00:00,AWS-VAR-102,10.2,1010.6,98.0,False,,low,0.5,NORMAL,10.0,1010.6,100.0,HEALTHY,replay,0.8,0.0
2025-01-16T08:00:00+00:00,AWS-VAR-102,12.4,1011.5,90.0,False,,low,0.5,NORMAL,10.3,1011.3,98.0,HEALTHY,replay,0.9,0.0
2025-01-16T09:00:00+00:00,AWS-VAR-102,15.0,1012.4,80.0,False,,low,2.1,NORMAL,12.4,1012.2,94.0,HEALTHY,replay,3.5,0.0
2025-01-16T10:00:00+00:00,AWS-VAR-102,17.3,1012.0,72.0,False,,low,1.2,NORMAL,16.2,1012.0,81.0,HEALTHY,replay,2.0,0.0
2025-01-16T11:00:00+00:00,AWS-VAR-102,18.5,1010.9,66.0,False,,low,0.9,NORMAL,17.8,1010.9,71.0,HEALTHY,replay,1.4,0.0
2025-01-16T12:00:00+00:00,AWS-VAR-102,19.5,1009.6,63.0,False,,low,0.9,NORMAL,19.0,1009.5,64.0,HEALTHY,replay,1.5,0.0
2025-01-16T13:00:00+00:00,AWS-VAR-102,20.4,1008.7,59.0,False,,low,1.2,NORMAL,19.8,1008.5,62.0,HEALTHY,replay,2.0,0.0
2025-01-16T14:00:00+00:00,AWS-VAR-102,20.7,1008.0,58.0,False,,low,0.4,NORMAL,20.2,1007.9,61.0,HEALTHY,replay,0.7,0.0
2025-01-16T15:00:00+00:00,AWS-VAR-102,20.5,1007.8,59.0,False,,low,0.3,NORMAL,20.1,1007.8,61.0,HEALTHY,replay,0.5,0.0
2025-01-16T16:00:00+00:00,AWS-VAR-102,19.4,1007.9,70.0,False,,low,0.4,NORMAL,19.3,1008.0,68.0,HEALTHY,replay,0.7,0.0
2025-01-16T17:00:00+00:00,AWS-VAR-102,16.2,1008.3,77.0,False,,low,0.9,NORMAL,16.8,1008.3,78.0,HEALTHY,replay,1.6,0.0
2025-01-16T18:00:00+00:00,AWS-VAR-102,15.1,1009.8,78.0,False,,low,0.5,NORMAL,15.7,1009.8,82.0,HEALTHY,replay,0.8,0.0
2025-01-16T19:00:00+00:00,AWS-VAR-102,14.6,1010.3,80.0,False,,low,0.3,NORMAL,14.6,1010.2,86.0,HEALTHY,replay,0.5,0.0
2025-01-16T20:00:00+00:00,AWS-VAR-102,13.2,1010.4,87.0,False,,low,0.2,NORMAL,13.6,1010.3,88.0,HEALTHY,replay,0.3,0.0
2025-01-16T21:00:00+00:00,AWS-VAR-102,12.6,1010.4,90.0,False,,low,0.1,NORMAL,13.1,1010.4,90.0,HEALTHY,replay,0.2,0.0
2025-01-16T22:00:00+00:00,AWS-VAR-102,12.2,1010.6,91.0,False,,low,0.1,NORMAL,12.9,1010.7,92.0,HEALTHY,replay,0.1,0.0
2025-01-16T23:00:00+00:00,AWS-VAR-102,11.5,1010.4,94.0,False,,low,0.1,NORMAL,12.2,1010.4,94.0,HEALTHY,replay,0.2,0.0
2025-01-17T00:00:00+00:00,AWS-VAR-102,11.0,1010.1,96.0,False,,low,0.2,NORMAL,11.5,1010.0,95.0,HEALTHY,replay,0.3,0.0
2025-01-17T01:00:00+00:00,AWS-VAR-102,10.8,1009.7,97.0,False,,low,0.2,NORMAL,11.4,1009.7,97.0,HEALTHY,replay,0.3,0.0
2025-01-17T02:00:00+00:00,AWS-VAR-102,10.7,1009.2,97.0,False,,low,0.1,NORMAL,11.2,1009.2,98.0,HEALTHY,replay,0.2,0.0
2025-01-17T03:00:00+00:00,AWS-VAR-102,10.5,1008.6,98.0,False,,low,0.2,NORMAL,11.0,1008.6,98.0,HEALTHY,replay,0.3,0.0
2025-01-17T04:00:00+00:00,AWS-VAR-102,10.3,1008.5,98.0,False,,low,0.2,NORMAL,11.0,1008.5,98.0,HEALTHY,replay,0.3,0.0
2025-01-17T05:00:00+00:00,AWS-VAR-102,10.6,1008.9,98.0,False,,low,0.3,NORMAL,11.0,1009.0,98.0,HEALTHY,replay,0.4,0.0
2025-01-17T06:00:00+00:00,AWS-VAR-102,11.8,1010.1,98.0,False,,low,0.5,NORMAL,11.3,1010.1,99.0,HEALTHY,replay,0.9,0.0
2025-01-17T07:00:00+00:00,AWS-VAR-102,12.1,1011.0,97.0,False,,low,0.3,NORMAL,11.7,1011.0,98.0,HEALTHY,replay,0.5,0.0
2025-01-17T08:00:00+00:00,AWS-VAR-102,13.5,1011.0,92.0,False,,low,0.2,NORMAL,13.2,1011.0,93.0,HEALTHY,replay,0.3,0.0
2025-01-17T09:00:00+00:00,AWS-VAR-102,15.6,1011.4,85.0,False,,low,0.5,NORMAL,15.0,1011.3,87.0,HEALTHY,replay,0.9,0.0
2025-01-17T10:00:00+00:00,AWS-VAR-102,17.5,1011.2,77.0,False,,low,0.8,NORMAL,16.8,1011.2,81.0,HEALTHY,replay,1.3,0.0
2025-01-17T11:00:00+00:00,AWS-VAR-102,19.2,1010.0,69.0,False,,low,1.3,NORMAL,18.5,1010.1,74.0,HEALTHY,replay,2.2,0.0
2025-01-17T12:00:00+00:00,AWS-VAR-102,20.5,1008.9,62.0,False,,low,2.1,NORMAL,19.8,1008.9,66.0,HEALTHY,replay,3.5,0.0
2025-01-17T13:00:00+00:00,AWS-VAR-102,21.2,1007.5,59.0,False,,low,2.1,NORMAL,20.6,1007.7,61.0,HEALTHY,replay,3.6,0.0
2025-01-17T14:00:00+00:00,AWS-VAR-102,21.4,1006.7,57.0,False,,low,2.5,NORMAL,21.0,1006.7,59.0,HEALTHY,replay,4.1,0.0
2025-01-17T15:00:00+00:00,AWS-VAR-102,21.3,1006.3,57.0,False,,low,1.8,NORMAL,20.9,1006.3,59.0,HEALTHY,replay,2.9,0.0
2025-01-17T16:00:00+00:00,AWS-VAR-102,20.1,1006.4,66.0,False,,low,0.8,NORMAL,19.8,1006.4,68.0,HEALTHY,replay,1.3,0.0
2025-01-17T17:00:00+00:00,AWS-VAR-102,17.7,1006.6,75.0,False,,low,1.6,NORMAL,17.8,1006.5,77.0,HEALTHY,replay,2.6,0.0
2025-01-17T18:00:00+00:00,AWS-VAR-102,16.8,1007.1,74.0,False,,low,0.4,NORMAL,16.9,1007.1,78.0,HEALTHY,replay,0.6,0.0
2025-01-17T19:00:00+00:00,AWS-VAR-102,15.9,1007.6,77.0,False,,low,0.2,NORMAL,16.2,1007.5,80.0,HEALTHY,replay,0.3,0.0
2025-01-17T20:00:00+00:00,AWS-VAR-102,15.0,1008.1,82.0,False,,low,0.2,NORMAL,15.3,1008.1,83.0,HEALTHY,replay,0.3,0.0
2025-01-17T21:00:00+00:00,AWS-VAR-102,14.4,1008.5,86.0,False,,low,0.1,NORMAL,14.6,1008.5,85.0,HEALTHY,replay,0.2,0.0
2025-01-17T22:00:00+00:00,AWS-VAR-102,14.1,1009.0,87.0,False,,low,0.1,NORMAL,13.9,1008.9,88.0,HEALTHY,replay,0.2,0.0
2025-01-17T23:00:00+00:00,AWS-VAR-102,13.5,1008.7,89.0,False,,low,0.1,NORMAL,13.4,1008.7,90.0,HEALTHY,replay,0.2,0.0
2025-01-18T00:00:00+00:00,AWS-VAR-102,12.8,1008.3,91.0,False,,low,0.1,NORMAL,12.9,1008.3,91.0,HEALTHY,replay,0.2,0.0
2025-01-18T01:00:00+00:00,AWS-VAR-102,12.3,1008.0,92.0,False,,low,0.1,NORMAL,12.4,1008.0,92.0,HEALTHY,replay,0.2,0.0
2025-01-18T02:00:00+00:00,AWS-VAR-102,12.0,1007.6,93.0,False,,low,0.1,NORMAL,12.0,1007.6,93.0,HEALTHY,replay,0.2,0.0
2025-01-18T03:00:00+00:00,AWS-VAR-102,11.6,1007.4,94.0,False,,low,0.1,NORMAL,11.7,1007.4,94.0,HEALTHY,replay,0.1,0.0
2025-01-18T04:00:00+00:00,AWS-VAR-102,11.3,1007.5,94.0,False,,low,0.1,NORMAL,11.3,1007.5,95.0,HEALTHY,replay,0.2,0.0
2025-01-18T05:00:00+00:00,AWS-VAR-102,10.9,1007.6,95.0,False,,low,0.2,NORMAL,10.9,1007.5,96.0,HEALTHY,replay,0.3,0.0
2025-01-18T06:00:00+00:00,AWS-VAR-102,10.9,1008.5,96.0,False,,low,0.2,NORMAL,11.0,1008.3,98.0,HEALTHY,replay,0.3,0.0
2025-01-18T07:00:00+00:00,AWS-VAR-102,11.2,1009.4,97.0,False,,low,0.2,NORMAL,11.3,1009.2,97.0,HEALTHY,replay,0.3,0.0
2025-01-18T08:00:00+00:00,AWS-VAR-102,13.3,1010.3,91.0,False,,low,0.3,NORMAL,13.1,1010.2,93.0,HEALTHY,replay,0.5,0.0
2025-01-18T09:00:00+00:00,AWS-VAR-102,15.8,1011.0,83.0,False,,low,0.5,NORMAL,15.5,1011.0,85.0,HEALTHY,replay,0.8,0.0
2025-01-18T10:00:00+00:00,AWS-VAR-102,18.2,1011.1,73.0,False,,low,0.6,NORMAL,17.7,1011.0,76.0,HEALTHY,replay,1.0,0.0
2025-01-18T11:00:00+00:00,AWS-VAR-102,19.8,1010.1,64.0,False,,low,0.7,NORMAL,19.3,1010.1,66.0,HEALTHY,replay,1.1,0.0
2025-01-18T12:00:00+00:00,AWS-VAR-102,20.7,1008.9,59.0,False,,low,1.0,NORMAL,20.2,1008.8,62.0,HEALTHY,replay,1.7,0.0
2025-01-18T13:00:00+00:00,AWS-VAR-102,21.3,1007.4,57.0,False,,low,1.0,NORMAL,20.8,1007.4,60.0,HEALTHY,replay,1.6,0.0
2025-01-18T14:00:00+00:00,AWS-VAR-102,21.4,1006.3,56.0,False,,low,2.0,NORMAL,20.9,1006.4,59.0,HEALTHY,replay,3.3,0.0
2025-01-18T15:00:00+00:00,AWS-VAR-102,21.0,1005.9,57.0,False,,low,0.6,NORMAL,20.6,1005.9,60.0,HEALTHY,replay,1.0,0.0
2025-01-18T16:00:00+00:00,AWS-VAR-102,19.8,1005.9,63.0,False,,low,0.3,NORMAL,19.6,1005.9,67.0,HEALTHY,replay,0.5,0.0
2025-01-18T17:00:00+00:00,AWS-VAR-102,17.0,1005.9,73.0,False,,low,0.8,NORMAL,16.6,1005.8,77.0,HEALTHY,replay,1.3,0.0
2025-01-18T18:00:00+00:00,AWS-VAR-102,16.3,1006.7,77.0,False,,low,0.4,NORMAL,16.7,1006.6,77.0,HEALTHY,replay,0.7,0.0
2025-01-18T19:00:00+00:00,AWS-VAR-102,15.8,1007.1,77.0,False,,low,0.1,NORMAL,15.6,1007.0,79.0,HEALTHY,replay,0.2,0.0
2025-01-18T20:00:00+00:00,AWS-VAR-102,14.8,1007.4,80.0,False,,low,0.1,NORMAL,14.1,1007.3,85.0,HEALTHY,replay,0.1,0.0
2025-01-18T21:00:00+00:00,AWS-VAR-102,13.4,1007.4,86.0,False,,low,0.1,NORMAL,13.0,1007.3,88.0,HEALTHY,replay,0.2,0.0
2025-01-18T22:00:00+00:00,AWS-VAR-102,12.6,1007.4,88.0,False,,low,0.1,NORMAL,12.7,1007.4,89.0,HEALTHY,replay,0.2,0.0
2025-01-18T23:00:00+00:00,AWS-VAR-102,12.1,1007.4,90.0,False,,low,0.1,NORMAL,12.5,1007.4,91.0,HEALTHY,replay,0.2,0.0
2025-01-19T00:00:00+00:00,AWS-VAR-102,11.6,1007.1,92.0,False,,low,0.1,NORMAL,11.9,1007.0,92.0,HEALTHY,replay,0.2,0.0
2025-01-19T01:00:00+00:00,AWS-VAR-102,11.2,1007.0,94.0,False,,low,0.1,NORMAL,11.4,1006.9,93.0,HEALTHY,replay,0.2,0.0
2026-09-22T08:30:00+00:00,AWS-VAR-102,32.2,995.6,70.0,False,,low,0.0,NORMAL,31.6,995.5,73.0,HEALTHY,live,,0.0
2025-01-01T00:00:00+00:00,AWS-VAR-102,10.9,1009.1,95.0,False,,low,0.0,NORMAL,11.0,1008.9,95.0,HEALTHY,replay,,0.0
2025-01-01T01:00:00+00:00,AWS-VAR-102,10.2,1008.4,96.0,False,,low,0.0,NORMAL,10.1,1008.4,96.0,HEALTHY,replay,,0.0
2025-01-01T02:00:00+00:00,AWS-VAR-102,10.1,1008.1,97.0,False,,low,0.0,NORMAL,10.0,1008.1,96.0,HEALTHY,replay,,0.0
2025-01-01T03:00:00+00:00,AWS-VAR-102,9.8,1007.7,97.0,False,,low,0.0,NORMAL,9.4,1007.6,97.0,HEALTHY,replay,,0.0
2025-01-01T04:00:00+00:00,AWS-VAR-102,9.6,1007.6,97.0,False,,low,0.0,NORMAL,9.4,1007.6,98.0,HEALTHY,replay,,0.0
2025-01-01T05:00:00+00:00,AWS-VAR-102,9.5,1007.7,98.0,False,,low,0.0,NORMAL,9.4,1007.6,98.0,HEALTHY,replay,,0.0
2025-01-01T06:00:00+00:00,AWS-VAR-102,9.9,1009.3,98.0,False,,low,0.0,NORMAL,9.9,1009.3,99.0,HEALTHY,replay,,0.0
2025-01-01T07:00:00+00:00,AWS-VAR-102,10.5,1009.9,98.0,False,,low,0.0,NORMAL,10.3,1009.9,98.0,HEALTHY,replay,,0.0
2025-01-01T08:00:00+00:00,AWS-VAR-102,12.3,1010.7,90.0,False,,low,0.0,NORMAL,12.0,1010.6,91.0,HEALTHY,replay,,0.0
2025-01-01T09:00:00+00:00,AWS-VAR-102,14.3,1011.1,75.0,False,,low,0.0,NORMAL,13.9,1010.9,81.0,HEALTHY,replay,,0.0
2025-01-01T10:00:00+00:00,AWS-VAR-102,16.0,1010.6,63.0,False,spike,low,33.4,NORMAL,15.5,1010.6,69.0,HEALTHY,replay,,33.4
2025-01-01T11:00:00+00:00,AWS-VAR-102,17.0,1009.9,60.0,False,,low,0.0,NORMAL,16.5,1009.8,63.0,HEALTHY,replay,,0.0
2025-01-01T12:00:00+00:00,AWS-VAR-102,17.7,1008.7,58.0,False,,low,0.0,NORMAL,17.3,1008.7,61.0,HEALTHY,replay,,0.0
2025-01-01T13:00:00+00:00,AWS-VAR-102,18.3,1007.2,57.0,False,,low,0.0,NORMAL,17.9,1007.3,60.0,HEALTHY,replay,,0.0
2025-01-01T14:00:00+00:00,AWS-VAR-102,18.6,1006.3,57.0,False,,low,0.0,NORMAL,18.2,1006.3,60.0,HEALTHY,replay,,0.0
2025-01-01T15:00:00+00:00,AWS-VAR-102,18.3,1006.0,58.0,False,,low,0.0,NORMAL,18.0,1006.1,61.0,HEALTHY,replay,,0.0
2025-01-01T16:00:00+00:00,AWS-VAR-102,17.4,1006.0,63.0,False,,low,0.0,NORMAL,17.1,1006.0,67.0,HEALTHY,replay,,0.0
2025-01-01T17:00:00+00:00,AWS-VAR-102,14.5,1006.1,76.0,False,,low,0.0,NORMAL,14.8,1006.1,77.0,HEALTHY,replay,,0.0
2025-01-01T18:00:00+00:00,AWS-VAR-102,12.4,1007.9,84.0,False,,low,0.0,NORMAL,12.9,1007.8,84.0,HEALTHY,replay,,0.0
2025-01-01T19:00:00+00:00,AWS-VAR-102,11.6,1008.1,90.0,False,,low,0.0,NORMAL,12.4,1008.0,87.0,HEALTHY,replay,,0.0
2025-01-01T20:00:00+00:00,AWS-VAR-102,11.4,1008.7,91.0,False,,low,0.0,NORMAL,11.9,1008.7,89.0,HEALTHY,replay,,0.0
2025-01-01T21:00:00+00:00,AWS-VAR-102,10.7,1008.7,93.0,False,,low,0.0,NORMAL,11.1,1008.5,92.0,HEALTHY,replay,,0.0
2025-01-01T22:00:00+00:00,AWS-VAR-102,10.2,1008.5,93.0,False,,low,0.0,NORMAL,10.4,1008.4,93.0,HEALTHY,replay,,0.0
2025-01-01T23:00:00+00:00,AWS-VAR-102,9.7,1008.3,94.0,False,,low,0.0,NORMAL,10.1,1008.2,94.0,HEALTHY,replay,,0.0
2025-01-02T00:00:00+00:00,AWS-VAR-102,9.5,1008.0,95.0,False,,low,0.4,NORMAL,9.9,1007.9,95.0,HEALTHY,replay,0.7,0.0
2025-01-02T01:00:00+00:00,AWS-VAR-102,9.4,1007.5,95.0,False,,low,0.4,NORMAL,9.7,1007.4,96.0,HEALTHY,replay,0.7,0.0
2025-01-02T02:00:00+00:00,AWS-VAR-102,9.3,1006.9,96.0,False,,low,0.6,NORMAL,9.8,1006.9,97.0,HEALTHY,replay,1.0,0.0
2025-01-02T03:00:00+00:00,AWS-VAR-102,9.3,1006.5,96.0,False,,low,1.1,NORMAL,9.6,1006.4,97.0,HEALTHY,replay,1.8,0.0
2025-01-02T04:00:00+00:00,AWS-VAR-102,9.2,1006.6,96.0,False,,low,0.9,NORMAL,9.4,1006.6,97.0,HEALTHY,replay,1.5,0.0
2025-01-02T05:00:00+00:00,AWS-VAR-102,9.0,1007.0,97.0,False,,low,0.7,NORMAL,9.3,1006.9,97.0,HEALTHY,replay,1.1,0.0
2025-01-02T06:00:00+00:00,AWS-VAR-102,9.1,1008.8,97.0,False,,low,1.4,NORMAL,9.4,1008.6,99.0,HEALTHY,replay,2.3,0.0
2025-01-02T07:00:00+00:00,AWS-VAR-102,9.8,1009.6,97.0,False,,low,1.9,NORMAL,9.6,1009.4,99.0,HEALTHY,replay,3.1,0.0
2025-01-02T08:00:00+00:00,AWS-VAR-102,11.6,1010.3,90.0,False,,low,1.6,NORMAL,11.1,1010.1,93.0,HEALTHY,replay,2.7,0.0
2025-01-02T09:00:00+00:00,AWS-VAR-102,13.8,1010.5,80.0,False,,low,2.8,NORMAL,13.2,1010.5,86.0,HEALTHY,replay,4.7,0.0
2025-01-02T10:00:00+00:00,AWS-VAR-102,16.1,1010.2,68.0,False,,low,6.9,NORMAL,15.3,1010.2,77.0,HEALTHY,replay,11.5,0.0
2025-01-02T11:00:00+00:00,AWS-VAR-102,17.8,1009.6,58.0,False,,low,7.4,NORMAL,17.2,1009.5,63.0,HEALTHY,replay,12.4,0.0
2025-01-02T12:00:00+00:00,AWS-VAR-102,18.4,1008.6,55.0,False,,low,4.3,NORMAL,17.9,1008.6,62.0,HEALTHY,replay,7.1,0.0
2025-01-02T13:00:00+00:00,AWS-VAR-102,18.7,1007.5,56.0,False,,low,3.6,NORMAL,18.7,1007.5,60.0,HEALTHY,replay,6.0,0.0
2025-01-02T14:00:00+00:00,AWS-VAR-102,18.9,1006.7,57.0,False,,low,2.8,NORMAL,18.9,1006.7,61.0,HEALTHY,replay,4.7,0.0
2025-01-02T15:00:00+00:00,AWS-VAR-102,18.8,1006.2,58.0,False,,low,1.4,NORMAL,18.7,1006.2,63.0,HEALTHY,replay,2.4,0.0
2025-01-02T16:00:00+00:00,AWS-VAR-102,18.0,1006.5,62.0,False,,low,0.4,NORMAL,17.7,1006.5,69.0,HEALTHY,replay,0.7,0.0
2025-01-02T17:00:00+00:00,AWS-VAR-102,15.7,1006.7,73.0,False,,low,0.5,NORMAL,15.7,1006.7,77.0,HEALTHY,replay,0.9,0.0
2025-01-02T18:00:00+00:00,AWS-VAR-102,14.0,1007.9,80.0,False,,low,1.0,NORMAL,14.8,1007.9,80.0,HEALTHY,replay,1.7,0.0
2025-01-02T19:00:00+00:00,AWS-VAR-102,13.5,1008.4,84.0,False,,low,0.4,NORMAL,14.1,1008.3,83.0,HEALTHY,replay,0.6,0.0
2025-01-02T20:00:00+00:00,AWS-VAR-102,12.9,1008.8,88.0,False,,low,0.3,NORMAL,13.2,1008.8,87.0,HEALTHY,replay,0.5,0.0
2025-01-02T21:00:00+00:00,AWS-VAR-102,12.1,1009.0,91.0,False,,low,0.2,NORMAL,12.6,1008.9,90.0,HEALTHY,replay,0.4,0.0
2025-01-02T22:00:00+00:00,AWS-VAR-102,11.3,1008.9,93.0,False,,low,0.2,NORMAL,11.9,1008.8,93.0,HEALTHY,replay,0.3,0.0
2025-01-02T23:00:00+00:00,AWS-VAR-102,10.7,1008.5,94.0,False,,low,0.1,NORMAL,11.2,1008.2,95.0,HEALTHY,replay,0.2,0.0
2025-01-03T00:00:00+00:00,AWS-VAR-102,10.2,1007.8,95.0,False,,low,0.2,NORMAL,10.5,1007.7,96.0,HEALTHY,replay,0.3,0.0
2025-01-03T01:00:00+00:00,AWS-VAR-102,9.9,1007.6,96.0,False,,low,0.1,NORMAL,10.1,1007.5,97.0,HEALTHY,replay,0.2,0.0
2025-01-03T02:00:00+00:00,AWS-VAR-102,9.7,1007.3,97.0,False,,low,0.2,NORMAL,9.7,1007.2,98.0,HEALTHY,replay,0.3,0.0
2025-01-03T03:00:00+00:00,AWS-VAR-102,9.3,1007.0,98.0,False,,low,0.2,NORMAL,9.4,1006.9,99.0,HEALTHY,replay,0.4,0.0
2025-01-03T04:00:00+00:00,AWS-VAR-102,8.9,1007.1,99.0,False,,low,0.2,NORMAL,8.9,1007.1,100.0,HEALTHY,replay,0.4,0.0
2025-01-03T05:00:00+00:00,AWS-VAR-102,9.1,1007.5,99.0,False,,low,0.4,NORMAL,9.2,1007.5,100.0,HEALTHY,replay,0.6,0.0
2025-01-03T06:00:00+00:00,AWS-VAR-102,8.9,1008.9,100.0,False,,low,0.3,NORMAL,9.1,1008.9,100.0,HEALTHY,replay,0.5,0.0
2025-01-03T07:00:00+00:00,AWS-VAR-102,9.3,1009.5,99.0,False,,low,0.5,NORMAL,9.4,1009.4,100.0,HEALTHY,replay,0.8,0.0
2025-01-03T08:00:00+00:00,AWS-VAR-102,11.2,1010.4,97.0,False,,low,0.9,NORMAL,10.9,1010.2,98.0,HEALTHY,replay,1.5,0.0
2025-01-03T09:00:00+00:00,AWS-VAR-102,13.7,1010.5,86.0,False,,low,1.6,NORMAL,13.3,1010.4,90.0,HEALTHY,replay,2.7,0.0
2025-01-03T10:00:00+00:00,AWS-VAR-102,16.4,1010.1,74.0,False,,low,2.9,NORMAL,15.9,1010.1,80.0,HEALTHY,replay,4.9,0.0
2025-01-03T11:00:00+00:00,AWS-VAR-102,18.1,1009.1,66.0,False,,low,1.8,NORMAL,17.8,1009.1,71.0,HEALTHY,replay,3.0,0.0
2025-01-03T12:00:00+00:00,AWS-VAR-102,19.2,1007.8,62.0,False,,low,3.6,NORMAL,18.9,1007.8,67.0,HEALTHY,replay,6.1,0.0
2025-01-03T13:00:00+00:00,AWS-VAR-102,20.0,1006.8,60.0,False,,low,5.5,NORMAL,19.7,1006.7,65.0,HEALTHY,replay,9.2,0.0
2025-01-03T14:00:00+00:00,AWS-VAR-102,20.3,1006.0,60.0,False,,low,3.0,NORMAL,20.0,1006.0,64.0,HEALTHY,replay,5.0,0.0
2025-01-03T15:00:00+00:00,AWS-VAR-102,20.0,1005.7,62.0,False,,low,1.4,NORMAL,19.9,1005.7,65.0,HEALTHY,replay,2.3,0.0
2025-01-03T16:00:00+00:00,AWS-VAR-102,18.8,1005.7,72.0,False,,low,1.4,NORMAL,18.9,1005.6,75.0,HEALTHY,replay,2.4,0.0
2025-01-03T17:00:00+00:00,AWS-VAR-102,16.1,1005.7,81.0,False,,low,2.4,NORMAL,16.5,1005.5,82.0,HEALTHY,replay,3.9,0.0
2025-01-03T18:00:00+00:00,AWS-VAR-102,13.9,1007.1,89.0,False,,low,2.3,NORMAL,14.3,1006.9,88.0,HEALTHY,replay,3.9,0.0
2025-01-03T19:00:00+00:00,AWS-VAR-102,13.2,1007.3,91.0,False,,low,0.5,NORMAL,13.4,1007.2,91.0,HEALTHY,replay,0.9,0.0
2025-01-03T20:00:00+00:00,AWS-VAR-102,12.9,1007.4,91.0,False,,low,0.2,NORMAL,12.7,1007.3,92.0,HEALTHY,replay,0.4,0.0
2025-01-03T21:00:00+00:00,AWS-VAR-102,12.4,1007.3,93.0,False,,low,0.2,NORMAL,12.4,1007.2,94.0,HEALTHY,replay,0.3,0.0
2025-01-03T22:00:00+00:00,AWS-VAR-102,11.4,1007.4,97.0,False,,low,0.2,NORMAL,11.7,1007.3,96.0,HEALTHY,replay,0.3,0.0
2025-01-03T23:00:00+00:00,AWS-VAR-102,10.3,1007.3,100.0,False,,low,0.4,NORMAL,10.7,1007.0,98.0,HEALTHY,replay,0.7,0.0
2025-01-04T00:00:00+00:00,AWS-VAR-102,9.9,1006.8,100.0,False,,low,0.3,NORMAL,10.5,1006.7,100.0,HEALTHY,replay,0.5,0.0
2025-01-04T01:00:00+00:00,AWS-VAR-102,9.7,1006.3,100.0,False,,low,0.2,NORMAL,10.0,1006.2,100.0,HEALTHY,replay,0.3,0.0
2025-01-04T02:00:00+00:00,AWS-VAR-102,9.3,1005.8,100.0,False,,low,0.2,NORMAL,9.5,1004.7,100.0,HEALTHY,replay,0.3,0.0
2025-01-04T03:00:00+00:00,AWS-VAR-102,8.9,1005.5,100.0,False,,low,0.2,NORMAL,9.4,1004.4,100.0,HEALTHY,replay,0.3,0.0
2025-01-04T04:00:00+00:00,AWS-VAR-102,8.9,1005.6,99.0,False,,low,0.2,NORMAL,9.7,1004.5,100.0,HEALTHY,replay,0.4,0.0
2025-01-04T05:00:00+00:00,AWS-VAR-102,9.3,1006.1,99.0,False,,low,0.3,NORMAL,9.4,1004.9,100.0,HEALTHY,replay,0.4,0.0
2025-01-04T06:00:00+00:00,AWS-VAR-102,10.0,1007.3,98.0,False,,low,0.5,NORMAL,10.1,1007.1,98.0,HEALTHY,replay,0.8,0.0
2025-01-04T07:00:00+00:00,AWS-VAR-102,10.2,1008.0,98.0,False,,low,0.4,NORMAL,10.1,1007.9,99.0,HEALTHY,replay,0.6,0.0
2025-01-04T08:00:00+00:00,AWS-VAR-102,11.4,1009.1,98.0,False,,low,0.5,NORMAL,11.1,1008.8,98.0,HEALTHY,replay,0.9,0.0
2025-01-04T09:00:00+00:00,AWS-VAR-102,12.7,1009.4,97.0,False,,low,0.6,NORMAL,12.7,1009.3,97.0,HEALTHY,replay,1.0,0.0
2025-01-04T10:00:00+00:00,AWS-VAR-102,15.9,1009.1,82.0,False,,low,1.9,NORMAL,14.0,1009.1,89.0,HEALTHY,replay,3.2,0.0
2025-01-04T11:00:00+00:00,AWS-VAR-102,18.4,1008.1,68.0,False,,low,3.9,NORMAL,16.3,1008.2,82.0,HEALTHY,replay,6.4,0.0
2025-01-04T12:00:00+00:00,AWS-VAR-102,19.1,1006.9,66.0,False,,low,1.2,NORMAL,17.8,1007.0,71.0,HEALTHY,replay,2.0,0.0
2025-01-04T13:00:00+00:00,AWS-VAR-102,19.8,1005.7,64.0,False,,low,1.9,NORMAL,18.5,1005.7,70.0,HEALTHY,replay,3.2,0.0
2025-01-04T14:00:00+00:00,AWS-VAR-102,20.0,1004.8,65.0,False,,low,1.6,NORMAL,18.9,1004.8,70.0,HEALTHY,replay,2.7,0.0
2025-01-04T15:00:00+00:00,AWS-VAR-102,19.7,1004.4,66.0,False,,low,0.7,NORMAL,18.8,1004.4,69.0,HEALTHY,replay,1.2,0.0
2025-01-04T16:00:00+00:00,AWS-VAR-102,18.5,1004.4,71.0,False,,low,0.3,NORMAL,18.2,1004.3,76.0,HEALTHY,replay,0.5,0.0
2025-01-04T17:00:00+00:00,AWS-VAR-102,15.2,1004.6,85.0,False,,low,1.4,NORMAL,15.8,1004.5,82.0,HEALTHY,replay,2.3,0.0
2025-01-04T18:00:00+00:00,AWS-VAR-102,12.8,1006.2,91.0,False,,low,3.0,NORMAL,13.0,1006.1,90.0,HEALTHY,replay,5.0,0.0
2025-01-04T19:00:00+00:00,AWS-VAR-102,11.8,1006.7,92.0,False,,low,0.7,NORMAL,12.1,1006.6,92.0,HEALTHY,replay,1.2,0.0
2025-01-04T20:00:00+00:00,AWS-VAR-102,11.5,1007.2,92.0,False,,low,0.2,NORMAL,11.5,1007.1,93.0,HEALTHY,replay,0.4,0.0
2025-01-04T21:00:00+00:00,AWS-VAR-102,10.9,1007.4,95.0,False,,low,0.2,NORMAL,11.1,1007.3,93.0,HEALTHY,replay,0.3,0.0
2025-01-04T22:00:00+00:00,AWS-VAR-102,10.1,1007.4,99.0,False,,low,0.2,NORMAL,10.7,1007.3,95.0,HEALTHY,replay,0.4,0.0
2025-01-04T23:00:00+00:00,AWS-VAR-102,9.4,1007.2,100.0,False,,low,0.2,NORMAL,10.2,1007.0,97.0,HEALTHY,replay,0.3,0.0
2025-01-05T00:00:00+00:00,AWS-VAR-102,8.6,1006.6,100.0,False,,low,0.3,NORMAL,9.8,1006.5,100.0,HEALTHY,replay,0.5,0.0
2025-01-05T01:00:00+00:00,AWS-VAR-102,8.9,1006.4,100.0,False,,low,0.2,NORMAL,9.5,1006.2,100.0,HEALTHY,replay,0.3,0.0
2025-01-05T02:00:00+00:00,AWS-VAR-102,9.1,1005.8,100.0,False,,low,0.2,NORMAL,9.2,1005.7,100.0,HEALTHY,replay,0.4,0.0
2025-01-05T03:00:00+00:00,AWS-VAR-102,8.9,1005.7,100.0,False,,low,0.2,NORMAL,9.4,1005.6,100.0,HEALTHY,replay,0.4,0.0
2025-01-05T04:00:00+00:00,AWS-VAR-102,8.9,1005.5,100.0,False,,low,0.3,NORMAL,9.6,1005.4,100.0,HEALTHY,replay,0.5,0.0
2025-01-05T05:00:00+00:00,AWS-VAR-102,9.0,1005.9,100.0,False,,low,0.4,NORMAL,9.5,1005.8,100.0,HEALTHY,replay,0.7,0.0
2025-01-05T06:00:00+00:00,AWS-VAR-102,8.5,1007.5,99.0,False,,low,0.5,NORMAL,9.7,1007.3,98.0,HEALTHY,replay,0.8,0.0
2025-01-05T07:00:00+00:00,AWS-VAR-102,8.9,1008.2,99.0,False,,low,0.5,NORMAL,10.0,1008.1,99.0,HEALTHY,replay,0.8,0.0
2025-01-05T08:00:00+00:00,AWS-VAR-102,10.0,1009.1,97.0,False,,low,0.7,NORMAL,10.5,1009.0,98.0,HEALTHY,replay,1.2,0.0
2025-01-05T09:00:00+00:00,AWS-VAR-102,11.2,1009.9,97.0,False,,low,1.3,NORMAL,11.5,1009.6,97.0,HEALTHY,replay,2.1,0.0
2025-01-05T10:00:00+00:00,AWS-VAR-102,14.6,1009.5,83.0,False,,low,3.6,NORMAL,13.9,1009.3,87.0,HEALTHY,replay,6.1,0.0
2025-01-05T11:00:00+00:00,AWS-VAR-102,17.3,1008.5,74.0,False,,low,4.2,NORMAL,16.4,1008.4,81.0,HEALTHY,replay,7.0,0.0
2025-01-05T12:00:00+00:00,AWS-VAR-102,19.1,1007.1,68.0,False,,low,4.1,NORMAL,17.7,1007.1,77.0,HEALTHY,replay,6.9,0.0
2025-01-05T13:00:00+00:00,AWS-VAR-102,20.4,1006.1,64.0,False,,low,3.4,NORMAL,18.8,1005.9,74.0,HEALTHY,replay,5.7,0.0
2025-01-05T14:00:00+00:00,AWS-VAR-102,20.8,1005.3,63.0,False,,low,4.8,NORMAL,19.1,1005.3,72.0,HEALTHY,replay,8.0,0.0
2025-01-05T15:00:00+00:00,AWS-VAR-102,20.3,1005.0,65.0,False,,low,2.0,NORMAL,19.1,1004.9,73.0,HEALTHY,replay,3.3,0.0
2025-01-05T16:00:00+00:00,AWS-VAR-102,19.3,1004.7,71.0,False,,low,0.7,NORMAL,18.3,1004.6,77.0,HEALTHY,replay,1.1,0.0
2025-01-05T17:00:00+00:00,AWS-VAR-102,16.4,1005.0,85.0,False,,low,1.5,NORMAL,16.7,1004.9,84.0,HEALTHY,replay,2.5,0.0
2025-01-05T18:00:00+00:00,AWS-VAR-102,14.5,1006.1,93.0,False,,low,1.7,NORMAL,14.9,1006.1,93.0,HEALTHY,replay,2.8,0.0
2025-01-05T19:00:00+00:00,AWS-VAR-102,14.0,1006.5,95.0,False,,low,0.8,NORMAL,14.4,1006.5,94.0,HEALTHY,replay,1.3,0.0
2025-01-05T20:00:00+00:00,AWS-VAR-102,13.7,1007.0,96.0,False,,low,0.4,NORMAL,14.0,1007.0,95.0,HEALTHY,replay,0.6,0.0
2025-01-05T21:00:00+00:00,AWS-VAR-102,12.9,1007.1,97.0,False,,low,0.2,NORMAL,13.5,1007.0,96.0,HEALTHY,replay,0.3,0.0
2025-01-05T22:00:00+00:00,AWS-VAR-102,12.4,1006.8,98.0,False,,low,0.3,NORMAL,13.4,1006.5,96.0,HEALTHY,replay,0.5,0.0
2025-01-05T23:00:00+00:00,AWS-VAR-102,12.3,1006.0,99.0,False,,low,1.0,NORMAL,13.0,1006.0,96.0,HEALTHY,replay,1.6,0.0
2025-01-06T00:00:00+00:00,AWS-VAR-102,12.0,1005.5,99.0,False,,low,1.3,NORMAL,13.1,1005.3,97.0,HEALTHY,replay,2.1,0.0
2025-01-06T01:00:00+00:00,AWS-VAR-102,12.2,1005.6,99.0,False,,low,0.7,NORMAL,12.2,1005.6,98.0,HEALTHY,replay,1.2,0.0
2025-01-06T02:00:00+00:00,AWS-VAR-102,12.4,1005.3,98.0,False,,low,0.9,NORMAL,12.5,1005.2,98.0,HEALTHY,replay,1.5,0.0
2025-01-06T03:00:00+00:00,AWS-VAR-102,12.3,1004.8,98.0,False,,low,1.1,NORMAL,12.7,1004.6,98.0,HEALTHY,replay,1.8,0.0
2025-01-06T04:00:00+00:00,AWS-VAR-102,12.1,1004.8,99.0,False,,low,1.2,NORMAL,12.5,1004.7,98.0,HEALTHY,replay,1.9,0.0
2025-01-06T05:00:00+00:00,AWS-VAR-102,12.2,1005.2,98.0,False,,low,1.5,NORMAL,12.4,1005.0,97.0,HEALTHY,replay,2.5,0.0
2025-01-06T06:00:00+00:00,AWS-VAR-102,11.9,1005.9,99.0,False,,low,1.0,NORMAL,12.0,1005.9,99.0,HEALTHY,replay,1.7,0.0
2025-01-06T07:00:00+00:00,AWS-VAR-102,12.5,1006.7,99.0,False,,low,1.1,NORMAL,12.5,1006.6,99.0,HEALTHY,replay,1.9,0.0
2025-01-06T08:00:00+00:00,AWS-VAR-102,13.5,1007.5,97.0,False,,low,1.5,NORMAL,13.4,1007.1,96.0,HEALTHY,replay,2.5,0.0
2025-01-06T09:00:00+00:00,AWS-VAR-102,15.8,1007.9,89.0,False,,low,2.8,NORMAL,15.7,1007.9,90.0,HEALTHY,replay,4.7,0.0
2025-01-06T10:00:00+00:00,AWS-VAR-102,18.2,1007.7,81.0,False,,low,4.8,NORMAL,17.6,1007.6,83.0,HEALTHY,replay,8.0,0.0
2025-01-06T11:00:00+00:00,AWS-VAR-102,20.2,1006.9,74.0,False,,low,9.1,NORMAL,19.8,1006.8,76.0,HEALTHY,replay,15.2,0.0
2025-01-06T12:00:00+00:00,AWS-VAR-102,21.7,1005.5,70.0,False,,low,10.5,NORMAL,20.8,1005.5,73.0,HEALTHY,replay,17.5,0.0
2025-01-06T13:00:00+00:00,AWS-VAR-102,22.6,1004.3,67.0,False,,low,12.1,NORMAL,21.8,1004.2,72.0,HEALTHY,replay,20.1,0.0
2025-01-06T14:00:00+00:00,AWS-VAR-102,23.0,1003.4,66.0,False,,low,10.6,NORMAL,22.4,1003.4,71.0,HEALTHY,replay,17.7,0.0
2025-01-06T15:00:00+00:00,AWS-VAR-102,22.9,1003.1,66.0,False,,low,5.9,NORMAL,22.4,1003.1,71.0,HEALTHY,replay,9.9,0.0
2025-01-06T16:00:00+00:00,AWS-VAR-102,21.5,1002.9,78.0,False,,low,4.9,NORMAL,21.4,1002.8,81.0,HEALTHY,replay,8.2,0.0
2025-01-06T17:00:00+00:00,AWS-VAR-102,18.6,1002.8,85.0,False,,low,10.1,NORMAL,18.6,1002.8,88.0,HEALTHY,replay,16.8,0.0
2025-01-06T18:00:00+00:00,AWS-VAR-102,16.7,1003.4,91.0,False,,low,3.4,NORMAL,16.5,1003.5,93.0,HEALTHY,replay,5.7,0.0
2025-01-06T19:00:00+00:00,AWS-VAR-102,15.7,1004.1,93.0,False,,low,1.1,NORMAL,16.1,1004.2,94.0,HEALTHY,replay,1.8,0.0
2025-01-06T20:00:00+00:00,AWS-VAR-102,14.8,1004.7,96.0,False,,low,0.7,NORMAL,15.4,1004.7,95.0,HEALTHY,replay,1.2,0.0
2025-01-06T21:00:00+00:00,AWS-VAR-102,14.3,1005.2,96.0,False,,low,0.4,NORMAL,15.1,1005.2,94.0,HEALTHY,replay,0.7,0.0
2025-01-06T22:00:00+00:00,AWS-VAR-102,14.1,1005.4,96.0,False,,low,0.2,NORMAL,14.8,1005.4,95.0,HEALTHY,replay,0.4,0.0
2025-01-06T23:00:00+00:00,AWS-VAR-102,13.8,1005.3,96.0,False,,low,0.3,NORMAL,14.2,1005.4,95.0,HEALTHY,replay,0.5,0.0
2025-01-07T00:00:00+00:00,AWS-VAR-102,13.2,1005.1,97.0,False,,low,0.3,NORMAL,13.6,1005.1,96.0,HEALTHY,replay,0.5,0.0
2025-01-07T01:00:00+00:00,AWS-VAR-102,12.7,1004.9,98.0,False,,low,0.4,NORMAL,13.1,1004.9,98.0,HEALTHY,replay,0.7,0.0
2025-01-07T02:00:00+00:00,AWS-VAR-102,12.7,1005.0,98.0,False,,low,0.6,NORMAL,12.7,1005.0,98.0,HEALTHY,replay,1.0,0.0
2025-01-07T03:00:00+00:00,AWS-VAR-102,12.5,1004.9,99.0,False,,low,1.0,NORMAL,12.4,1004.9,99.0,HEALTHY,replay,1.6,0.0
2025-01-07T04:00:00+00:00,AWS-VAR-102,12.3,1005.0,99.0,False,,low,1.0,NORMAL,12.2,1005.0,99.0,HEALTHY,replay,1.6,0.0
2025-01-07T05:00:00+00:00,AWS-VAR-102,12.2,1005.5,99.0,False,,low,1.0,NORMAL,11.9,1005.6,99.0,HEALTHY,replay,1.6,0.0
2025-01-07T06:00:00+00:00,AWS-VAR-102,13.1,1006.8,99.0,False,,low,1.3,NORMAL,12.6,1006.9,100.0,HEALTHY,replay,2.1,0.0
2025-01-07T07:00:00+00:00,AWS-VAR-102,13.3,1007.5,98.0,False,,low,0.9,NORMAL,12.9,1007.6,99.0,HEALTHY,replay,1.5,0.0
2025-01-07T08:00:00+00:00,AWS-VAR-102,13.6,1008.5,97.0,False,,low,1.4,NORMAL,13.2,1008.4,96.0,HEALTHY,replay,2.3,0.0
2025-01-07T09:00:00+00:00,AWS-VAR-102,14.6,1009.0,93.0,False,,low,2.2,NORMAL,14.2,1009.0,93.0,HEALTHY,replay,3.7,0.0
2025-01-07T10:00:00+00:00,AWS-VAR-102,15.8,1008.5,85.0,False,,low,2.8,NORMAL,15.6,1008.6,85.0,HEALTHY,replay,4.6,0.0
2025-01-07T11:00:00+00:00,AWS-VAR-102,17.1,1007.8,79.0,False,,low,2.4,NORMAL,16.6,1007.8,81.0,HEALTHY,replay,4.0,0.0
2025-01-07T12:00:00+00:00,AWS-VAR-102,18.1,1006.5,72.0,False,,low,6.8,NORMAL,17.9,1006.5,74.0,HEALTHY,replay,11.3,0.0
2025-01-07T13:00:00+00:00,AWS-VAR-102,18.9,1005.4,65.0,False,,low,6.7,NORMAL,18.8,1005.3,68.0,HEALTHY,replay,11.2,0.0
2025-01-07T14:00:00+00:00,AWS-VAR-102,19.8,1004.3,60.0,False,,low,15.3,NORMAL,19.2,1004.4,65.0,HEALTHY,replay,25.5,0.0
2025-01-07T15:00:00+00:00,AWS-VAR-102,19.4,1003.8,62.0,False,,low,4.9,NORMAL,18.8,1003.8,66.0,HEALTHY,replay,8.2,0.0
2025-01-07T16:00:00+00:00,AWS-VAR-102,18.4,1003.7,67.0,False,,low,1.6,NORMAL,17.9,1003.7,72.0,HEALTHY,replay,2.7,0.0
2025-01-07T17:00:00+00:00,AWS-VAR-102,16.3,1003.8,76.0,False,,low,1.8,NORMAL,16.2,1003.8,80.0,HEALTHY,replay,3.0,0.0
2025-01-07T18:00:00+00:00,AWS-VAR-102,14.0,1005.9,85.0,False,,low,4.9,NORMAL,15.1,1005.9,80.0,HEALTHY,replay,8.2,0.0
2025-01-07T19:00:00+00:00,AWS-VAR-102,14.5,1006.5,82.0,False,,low,2.0,NORMAL,15.0,1006.5,80.0,HEALTHY,replay,3.4,0.0
2025-01-07T20:00:00+00:00,AWS-VAR-102,14.8,1006.7,79.0,False,,low,0.8,NORMAL,14.3,1006.6,82.0,HEALTHY,replay,1.3,0.0
2025-01-07T21:00:00+00:00,AWS-VAR-102,13.3,1006.8,87.0,False,,low,0.4,NORMAL,13.1,1006.6,89.0,HEALTHY,replay,0.7,0.0
2025-01-07T22:00:00+00:00,AWS-VAR-102,12.5,1006.4,91.0,False,,low,0.3,NORMAL,12.7,1006.4,91.0,HEALTHY,replay,0.5,0.0
2025-01-07T23:00:00+00:00,AWS-VAR-102,11.8,1005.9,93.0,False,,low,0.2,NORMAL,12.0,1005.8,94.0,HEALTHY,replay,0.3,0.0
2025-01-08T00:00:00+00:00,AWS-VAR-102,11.4,1005.5,95.0,False,,low,0.1,NORMAL,11.5,1004.5,96.0,HEALTHY,replay,0.2,0.0
2025-01-08T01:00:00+00:00,AWS-VAR-102,11.1,1005.1,96.0,False,,low,0.1,NORMAL,11.1,1005.1,97.0,HEALTHY,replay,0.2,0.0
2025-01-08T02:00:00+00:00,AWS-VAR-102,10.8,1004.6,97.0,False,,low,0.2,NORMAL,10.8,1004.6,97.0,HEALTHY,replay,0.4,0.0
2025-01-08T03:00:00+00:00,AWS-VAR-102,10.8,1004.7,97.0,False,,low,0.2,NORMAL,10.7,1004.7,97.0,HEALTHY,replay,0.3,0.0
2025-01-08T04:00:00+00:00,AWS-VAR-102,11.4,1004.9,96.0,False,,low,0.2,NORMAL,11.2,1004.9,96.0,HEALTHY,replay,0.3,0.0
2025-01-08T05:00:00+00:00,AWS-VAR-102,11.8,1005.2,94.0,False,,low,0.4,NORMAL,11.7,1005.2,95.0,HEALTHY,replay,0.6,0.0
2025-01-08T06:00:00+00:00,AWS-VAR-102,11.9,1006.7,87.0,False,,low,0.9,NORMAL,11.8,1006.6,89.0,HEALTHY,replay,1.5,0.0
2025-01-08T07:00:00+00:00,AWS-VAR-102,11.9,1007.5,83.0,False,,low,1.6,NORMAL,11.6,1007.4,86.0,HEALTHY,replay,2.7,0.0
2025-01-08T08:00:00+00:00,AWS-VAR-102,13.0,1008.6,73.0,False,,low,6.5,NORMAL,12.8,1008.6,75.0,HEALTHY,replay,10.8,0.0
2025-01-08T09:00:00+00:00,AWS-VAR-102,14.2,1009.5,63.0,False,,low,19.3,NORMAL,14.1,1009.4,69.0,HEALTHY,replay,32.1,0.0
2025-01-08T10:00:00+00:00,AWS-VAR-102,15.4,1009.3,59.0,False,,low,4.8,NORMAL,15.2,1009.3,64.0,HEALTHY,replay,8.0,0.0
2025-01-08T11:00:00+00:00,AWS-VAR-102,16.4,1008.7,58.0,False,,low,2.1,NORMAL,16.1,1008.7,63.0,HEALTHY,replay,3.4,0.0
2025-01-08T12:00:00+00:00,AWS-VAR-102,17.1,1007.7,60.0,False,,low,0.8,NORMAL,16.8,1007.5,63.0,HEALTHY,replay,1.4,0.0
2025-01-08T13:00:00+00:00,AWS-VAR-102,17.6,1006.4,61.0,False,,low,1.7,NORMAL,17.3,1006.4,63.0,HEALTHY,replay,2.9,0.0
2025-01-08T14:00:00+00:00,AWS-VAR-102,17.8,1005.6,61.0,False,,low,1.2,NORMAL,17.4,1005.6,62.0,HEALTHY,replay,2.1,0.0
2025-01-08T15:00:00+00:00,AWS-VAR-102,17.5,1005.3,61.0,False,,low,1.0,NORMAL,17.2,1005.3,60.0,HEALTHY,replay,1.6,0.0
2025-01-08T16:00:00+00:00,AWS-VAR-102,16.7,1005.4,63.0,False,,low,0.5,NORMAL,16.4,1005.4,65.0,HEALTHY,replay,0.9,0.0
2025-01-08T17:00:00+00:00,AWS-VAR-102,14.1,1005.7,71.0,False,,low,0.8,NORMAL,14.2,1005.7,72.0,HEALTHY,replay,1.3,0.0
2025-01-08T18:00:00+00:00,AWS-VAR-102,12.4,1006.8,82.0,False,,low,2.3,NORMAL,13.4,1006.7,78.0,HEALTHY,replay,3.8,0.0
2025-01-08T19:00:00+00:00,AWS-VAR-102,11.6,1007.4,85.0,False,,low,0.8,NORMAL,12.8,1007.3,79.0,HEALTHY,replay,1.4,0.0
2025-01-08T20:00:00+00:00,AWS-VAR-102,11.2,1007.9,85.0,False,,low,0.5,NORMAL,12.2,1007.7,82.0,HEALTHY,replay,0.9,0.0
2025-01-08T21:00:00+00:00,AWS-VAR-102,10.7,1008.2,85.0,False,,low,0.4,NORMAL,11.3,1008.1,86.0,HEALTHY,replay,0.6,0.0
2025-01-08T22:00:00+00:00,AWS-VAR-102,10.2,1008.3,87.0,False,,low,0.5,NORMAL,11.2,1008.1,86.0,HEALTHY,replay,0.9,0.0
2025-01-08T23:00:00+00:00,AWS-VAR-102,9.5,1008.0,90.0,False,,low,0.4,NORMAL,10.1,1007.8,90.0,HEALTHY,replay,0.7,0.0
2025-01-09T00:00:00+00:00,AWS-VAR-102,8.9,1007.7,93.0,False,,low,0.4,NORMAL,9.6,1007.5,94.0,HEALTHY,replay,0.6,0.0
2025-01-09T01:00:00+00:00,AWS-VAR-102,8.3,1007.5,94.0,False,,low,0.5,NORMAL,9.0,1007.3,95.0,HEALTHY,replay,0.8,0.0
2025-01-09T02:00:00+00:00,AWS-VAR-102,8.0,1007.5,95.0,False,,low,0.5,NORMAL,8.8,1007.2,96.0,HEALTHY,replay,0.8,0.0
2025-01-09T03:00:00+00:00,AWS-VAR-102,7.9,1007.4,96.0,False,,low,0.7,NORMAL,8.8,1007.1,97.0,HEALTHY,replay,1.1,0.0
2025-01-09T04:00:00+00:00,AWS-VAR-102,7.8,1007.4,95.0,False,,low,1.0,NORMAL,8.5,1007.2,97.0,HEALTHY,replay,1.7,0.0
2025-01-09T05:00:00+00:00,AWS-VAR-102,7.6,1007.8,96.0,False,,low,1.0,NORMAL,8.4,1007.6,96.0,HEALTHY,replay,1.7,0.0
2025-01-09T06:00:00+00:00,AWS-VAR-102,7.9,1008.8,96.0,False,,low,1.0,NORMAL,8.6,1008.7,97.0,HEALTHY,replay,1.7,0.0
2025-01-09T07:00:00+00:00,AWS-VAR-102,9.0,1009.8,94.0,False,,low,0.8,NORMAL,9.6,1009.7,96.0,HEALTHY,replay,1.3,0.0
2025-01-09T08:00:00+00:00,AWS-VAR-102,12.0,1011.1,84.0,False,,low,5.2,NORMAL,12.0,1010.66,87.0,HEALTHY,replay,8.7,0.0
2025-01-09T09:00:00+00:00,AWS-VAR-102,15.1,1011.7,73.0,False,,low,6.8,NORMAL,15.0,1011.16,79.0,HEALTHY,replay,11.4,0.0
2025-01-09T10:00:00+00:00,AWS-VAR-102,17.0,1011.3,63.0,False,,low,4.9,NORMAL,17.0,1011.12,68.0,HEALTHY,replay,8.1,0.0
2025-01-09T11:00:00+00:00,AWS-VAR-102,18.4,1010.3,58.0,False,,low,2.3,NORMAL,18.2,1009.46,63.0,HEALTHY,replay,3.8,0.0
2025-01-09T12:00:00+00:00,AWS-VAR-102,19.1,1008.9,54.0,False,,low,2.2,NORMAL,19.2,1008.85,58.0,HEALTHY,replay,3.7,0.0
2025-01-09T13:00:00+00:00,AWS-VAR-102,19.5,1008.1,53.0,False,,low,1.7,NORMAL,19.3,1007.9,57.0,HEALTHY,replay,2.8,0.0
2025-01-09T14:00:00+00:00,AWS-VAR-102,19.7,1007.5,54.0,False,,low,1.0,NORMAL,19.4,1007.3,57.0,HEALTHY,replay,1.7,0.0
2025-01-09T15:00:00+00:00,AWS-VAR-102,19.3,1007.1,55.0,False,,low,0.7,NORMAL,19.3,1006.9,57.0,HEALTHY,replay,1.1,0.0
2025-01-09T16:00:00+00:00,AWS-VAR-102,18.1,1007.1,65.0,False,,low,0.6,NORMAL,18.3,1006.9,73.0,HEALTHY,replay,1.0,0.0
2025-01-09T17:00:00+00:00,AWS-VAR-102,15.4,1007.1,73.0,False,,low,0.7,NORMAL,16.2,1007.0,73.0,HEALTHY,replay,1.2,0.0
2025-01-09T18:00:00+00:00,AWS-VAR-102,14.1,1008.1,78.0,False,,low,0.3,NORMAL,14.7,1008.0,81.0,HEALTHY,replay,0.5,0.0
2025-01-09T19:00:00+00:00,AWS-VAR-102,13.3,1008.8,81.0,False,,low,0.3,NORMAL,13.9,1008.7,82.0,HEALTHY,replay,0.5,0.0
2025-01-09T20:00:00+00:00,AWS-VAR-102,12.4,1009.8,86.0,False,,low,0.4,NORMAL,13.4,1009.7,85.0,HEALTHY,replay,0.6,0.0
2025-01-09T21:00:00+00:00,AWS-VAR-102,11.8,1010.4,88.0,False,,low,0.4,NORMAL,12.8,1010.3,85.0,HEALTHY,replay,0.6,0.0
2025-01-09T22:00:00+00:00,AWS-VAR-102,11.5,1010.5,88.0,False,,low,0.2,NORMAL,12.5,1010.4,84.0,HEALTHY,replay,0.4,0.0
2025-01-09T23:00:00+00:00,AWS-VAR-102,10.4,1010.4,92.0,False,,low,0.3,NORMAL,12.0,1010.2,87.0,HEALTHY,replay,0.5,0.0
2025-01-10T00:00:00+00:00,AWS-VAR-102,10.0,1010.1,94.0,False,,low,0.2,NORMAL,10.9,1009.9,92.0,HEALTHY,replay,0.4,0.0
2025-01-10T01:00:00+00:00,AWS-VAR-102,9.6,1009.8,94.0,False,,low,0.4,NORMAL,10.2,1009.7,95.0,HEALTHY,replay,0.6,0.0
2025-01-10T02:00:00+00:00,AWS-VAR-102,9.4,1009.6,94.0,False,,low,0.3,NORMAL,9.7,1009.5,97.0,HEALTHY,replay,0.5,0.0
2025-01-10T03:00:00+00:00,AWS-VAR-102,9.1,1009.4,94.0,False,,low,0.2,NORMAL,9.2,1009.3,97.0,HEALTHY,replay,0.3,0.0
2025-01-10T04:00:00+00:00,AWS-VAR-102,8.7,1009.6,96.0,False,,low,0.2,NORMAL,8.7,1009.4,97.0,HEALTHY,replay,0.3,0.0
2025-01-10T05:00:00+00:00,AWS-VAR-102,8.4,1009.9,96.0,False,,low,0.4,NORMAL,8.5,1009.6,97.0,HEALTHY,replay,0.6,0.0
2025-01-10T06:00:00+00:00,AWS-VAR-102,8.5,1011.0,93.0,False,,low,0.2,NORMAL,8.6,1010.7,98.0,HEALTHY,replay,0.3,0.0
2025-01-10T07:00:00+00:00,AWS-VAR-102,9.1,1011.8,93.0,False,,low,0.3,NORMAL,9.4,1011.7,98.0,HEALTHY,replay,0.4,0.0
2025-01-10T08:00:00+00:00,AWS-VAR-102,11.7,1012.5,89.0,False,,low,0.5,NORMAL,11.6,1012.4,91.0,HEALTHY,replay,0.8,0.0
2025-01-10T09:00:00+00:00,AWS-VAR-102,15.1,1013.2,76.0,False,,low,2.7,NORMAL,14.8,1013.0,80.0,HEALTHY,replay,4.5,0.0
2025-01-10T10:00:00+00:00,AWS-VAR-102,17.5,1012.8,66.0,False,,low,3.9,NORMAL,17.3,1012.7,69.0,HEALTHY,replay,6.5,0.0
2025-01-10T11:00:00+00:00,AWS-VAR-102,18.8,1011.9,60.0,False,,low,1.7,NORMAL,18.5,1011.9,62.0,HEALTHY,replay,2.9,0.0
2025-01-10T12:00:00+00:00,AWS-VAR-102,19.5,1010.8,58.0,False,,low,1.2,NORMAL,19.1,1010.8,59.0,HEALTHY,replay,2.1,0.0
2025-01-10T13:00:00+00:00,AWS-VAR-102,19.8,1009.7,57.0,False,,low,2.0,NORMAL,19.5,1009.7,59.0,HEALTHY,replay,3.3,0.0
2025-01-10T14:00:00+00:00,AWS-VAR-102,19.9,1009.1,57.0,False,,low,0.7,NORMAL,19.6,1008.9,60.0,HEALTHY,replay,1.1,0.0
2025-01-10T15:00:00+00:00,AWS-VAR-102,19.6,1008.6,58.0,False,,low,0.7,NORMAL,19.4,1008.5,61.0,HEALTHY,replay,1.1,0.0
2025-01-10T16:00:00+00:00,AWS-VAR-102,18.4,1008.6,68.0,False,,low,0.7,NORMAL,18.5,1008.5,71.0,HEALTHY,replay,1.2,0.0
2025-01-10T17:00:00+00:00,AWS-VAR-102,15.3,1008.5,79.0,False,,low,1.3,NORMAL,15.9,1008.4,78.0,HEALTHY,replay,2.2,0.0
2025-01-10T18:00:00+00:00,AWS-VAR-102,14.1,1008.6,85.0,False,,low,0.6,NORMAL,14.8,1008.5,84.0,HEALTHY,replay,1.0,0.0
2025-01-10T19:00:00+00:00,AWS-VAR-102,13.5,1009.0,84.0,False,,low,0.2,NORMAL,14.1,1008.9,86.0,HEALTHY,replay,0.4,0.0
2025-01-10T20:00:00+00:00,AWS-VAR-102,12.6,1009.5,87.0,False,,low,0.1,NORMAL,13.6,1009.4,85.0,HEALTHY,replay,0.2,0.0
2025-01-10T21:00:00+00:00,AWS-VAR-102,11.7,1010.1,91.0,False,,low,0.1,NORMAL,12.7,1009.9,88.0,HEALTHY,replay,0.2,0.0
2025-01-10T22:00:00+00:00,AWS-VAR-102,11.3,1010.2,91.0,False,,low,0.1,NORMAL,12.1,1010.0,90.0,HEALTHY,replay,0.1,0.0
2025-01-10T23:00:00+00:00,AWS-VAR-102,10.5,1009.9,94.0,False,,low,0.1,NORMAL,11.4,1009.8,93.0,HEALTHY,replay,0.1,0.0
2025-01-11T00:00:00+00:00,AWS-VAR-102,9.6,1009.6,97.0,False,,low,0.1,NORMAL,10.2,1009.5,96.0,HEALTHY,replay,0.2,0.0
2025-01-11T01:00:00+00:00,AWS-VAR-102,9.3,1009.4,98.0,False,,low,0.2,NORMAL,10.0,1009.3,98.0,HEALTHY,replay,0.3,0.0
2025-01-11T02:00:00+00:00,AWS-VAR-102,9.1,1009.0,99.0,False,,low,0.1,NORMAL,9.5,1008.9,98.0,HEALTHY,replay,0.2,0.0
2025-01-11T03:00:00+00:00,AWS-VAR-102,8.7,1009.0,100.0,False,,low,0.1,NORMAL,9.1,1008.9,100.0,HEALTHY,replay,0.2,0.0
2025-01-11T04:00:00+00:00,AWS-VAR-102,8.5,1009.1,100.0,False,,low,0.3,NORMAL,8.7,1009.0,100.0,HEALTHY,replay,0.5,0.0
2025-01-11T05:00:00+00:00,AWS-VAR-102,8.3,1009.7,100.0,False,,low,0.3,NORMAL,8.0,1009.5,100.0,HEALTHY,replay,0.5,0.0
2025-01-11T06:00:00+00:00,AWS-VAR-102,7.7,1010.4,100.0,False,,low,0.3,NORMAL,7.7,1010.3,100.0,HEALTHY,replay,0.4,0.0
2025-01-11T07:00:00+00:00,AWS-VAR-102,7.2,1011.1,98.0,False,,low,0.4,NORMAL,8.7,1010.9,100.0,HEALTHY,replay,0.7,0.0
2025-01-11T08:00:00+00:00,AWS-VAR-102,10.2,1012.2,98.0,False,multivariate_inconsistency,low,20.8,NORMAL,10.5,1012.1,98.0,HEALTHY,replay,4.6,45.0
2025-01-11T09:00:00+00:00,AWS-VAR-102,12.8,1012.9,94.0,False,,low,4.0,NORMAL,12.7,1012.6,96.0,HEALTHY,replay,6.6,0.0
2025-01-11T10:00:00+00:00,AWS-VAR-102,15.8,1012.5,83.0,False,,low,6.3,NORMAL,15.6,1012.3,84.0,HEALTHY,replay,10.5,0.0
2025-01-11T11:00:00+00:00,AWS-VAR-102,18.5,1011.1,69.0,False,,low,6.3,NORMAL,17.9,1010.9,74.0,HEALTHY,replay,10.5,0.0
2025-01-11T12:00:00+00:00,AWS-VAR-102,19.9,1009.8,59.0,False,,low,6.1,NORMAL,19.3,1009.7,64.0,HEALTHY,replay,10.2,0.0
2025-01-11T13:00:00+00:00,AWS-VAR-102,20.9,1008.5,50.0,False,,low,10.1,NORMAL,20.2,1008.4,60.0,HEALTHY,replay,16.8,0.0
2025-01-11T14:00:00+00:00,AWS-VAR-102,21.4,1007.5,47.0,False,,low,12.1,NORMAL,21.0,1006.5,51.0,HEALTHY,replay,20.2,0.0
2025-01-11T15:00:00+00:00,AWS-VAR-102,21.1,1007.0,50.0,False,,low,6.2,NORMAL,20.2,1006.9,60.0,HEALTHY,replay,10.4,0.0
2025-01-11T16:00:00+00:00,AWS-VAR-102,19.4,1006.8,66.0,False,,low,5.3,NORMAL,19.6,1005.7,68.0,HEALTHY,replay,8.8,0.0
2025-01-11T17:00:00+00:00,AWS-VAR-102,16.0,1006.7,80.0,False,,low,13.4,NORMAL,16.1,1005.5,79.0,HEALTHY,replay,22.4,0.0
2025-01-11T18:00:00+00:00,AWS-VAR-102,15.7,1006.8,79.0,False,,low,3.1,NORMAL,15.0,1006.6,84.0,HEALTHY,replay,5.1,0.0
2025-01-11T19:00:00+00:00,AWS-VAR-102,14.8,1007.2,81.0,False,,low,1.1,NORMAL,14.0,1007.0,86.0,HEALTHY,replay,1.8,0.0
2025-01-11T20:00:00+00:00,AWS-VAR-102,14.1,1007.8,83.0,False,,low,0.3,NORMAL,15.0,1006.5,88.0,HEALTHY,replay,0.6,0.0
2025-01-11T21:00:00+00:00,AWS-VAR-102,13.3,1008.2,87.0,False,,low,0.2,NORMAL,14.2,1007.1,91.0,HEALTHY,replay,0.3,0.0
2025-01-11T22:00:00+00:00,AWS-VAR-102,12.5,1008.6,91.0,False,,low,0.1,NORMAL,12.7,1008.6,90.0,HEALTHY,replay,0.2,0.0
2025-01-11T23:00:00+00:00,AWS-VAR-102,11.7,1008.7,93.0,False,,low,0.1,NORMAL,12.5,1007.4,91.0,HEALTHY,replay,0.2,0.0
2025-01-12T00:00:00+00:00,AWS-VAR-102,11.5,1008.4,94.0,False,,low,0.1,NORMAL,11.7,1008.2,94.0,HEALTHY,replay,0.2,0.0
2025-01-12T01:00:00+00:00,AWS-VAR-102,11.5,1008.2,93.0,False,,low,0.3,NORMAL,12.4,1007.1,92.0,HEALTHY,replay,0.5,0.0
2025-01-12T02:00:00+00:00,AWS-VAR-102,11.3,1008.1,93.0,False,,low,0.5,NORMAL,12.1,1006.9,95.0,HEALTHY,replay,0.8,0.0
2025-01-12T03:00:00+00:00,AWS-VAR-102,11.1,1007.6,93.0,False,,low,0.3,NORMAL,11.6,1007.5,94.0,HEALTHY,replay,0.5,0.0
2025-01-12T04:00:00+00:00,AWS-VAR-102,11.2,1007.6,94.0,False,,low,0.3,NORMAL,11.8,1007.4,93.0,HEALTHY,replay,0.5,0.0
2025-01-12T05:00:00+00:00,AWS-VAR-102,11.5,1007.7,95.0,False,,low,1.4,NORMAL,12.0,1007.3,92.0,HEALTHY,replay,2.4,0.0
2025-01-12T06:00:00+00:00,AWS-VAR-102,11.9,1008.4,95.0,False,,low,2.0,NORMAL,12.1,1008.1,93.0,HEALTHY,replay,3.3,0.0
2025-01-12T07:00:00+00:00,AWS-VAR-102,12.5,1009.0,95.0,False,,low,1.7,NORMAL,12.6,1008.7,92.0,HEALTHY,replay,2.9,0.0
2025-01-12T08:00:00+00:00,AWS-VAR-102,14.6,1009.6,89.0,False,,low,1.9,NORMAL,14.6,1009.4,88.0,HEALTHY,replay,3.2,0.0
2025-01-12T09:00:00+00:00,AWS-VAR-102,17.3,1010.0,80.0,False,,low,4.1,NORMAL,17.1,1009.8,82.0,HEALTHY,replay,6.8,0.0
2025-01-12T10:00:00+00:00,AWS-VAR-102,20.0,1009.8,71.0,False,,low,4.8,NORMAL,19.6,1009.5,75.0,HEALTHY,replay,8.0,0.0
2025-01-12T11:00:00+00:00,AWS-VAR-102,22.3,1008.3,60.0,False,,low,14.0,NORMAL,21.7,1008.3,67.0,HEALTHY,replay,23.4,0.0
2025-01-12T12:00:00+00:00,AWS-VAR-102,24.0,1007.1,53.0,False,,low,20.5,NORMAL,23.2,1007.2,62.0,HEALTHY,replay,34.2,0.0
2025-01-12T13:00:00+00:00,AWS-VAR-102,25.0,1006.0,48.0,False,,low,25.5,NORMAL,23.8,1006.2,61.0,HEALTHY,replay,42.5,0.0
2025-01-12T14:00:00+00:00,AWS-VAR-102,25.0,1005.4,51.0,False,,low,9.0,NORMAL,23.5,1005.5,64.0,HEALTHY,replay,14.9,0.0
2025-01-12T15:00:00+00:00,AWS-VAR-102,23.6,1005.4,60.0,False,,low,3.7,NORMAL,22.7,1005.4,67.0,HEALTHY,replay,6.1,0.0
2025-01-12T16:00:00+00:00,AWS-VAR-102,22.4,1005.7,68.0,False,,low,2.7,NORMAL,21.1,1005.9,77.0,HEALTHY,replay,4.4,0.0
2025-01-12T17:00:00+00:00,AWS-VAR-102,20.7,1006.5,76.0,False,,low,7.1,NORMAL,19.4,1006.7,84.0,HEALTHY,replay,11.9,0.0
2025-01-12T18:00:00+00:00,AWS-VAR-102,18.2,1007.3,86.0,False,,low,5.8,NORMAL,17.7,1007.1,89.0,HEALTHY,replay,9.7,0.0
2025-01-12T19:00:00+00:00,AWS-VAR-102,17.6,1007.6,89.0,False,,low,2.3,NORMAL,17.3,1007.2,90.0,HEALTHY,replay,3.8,0.0
2025-01-12T20:00:00+00:00,AWS-VAR-102,17.4,1007.9,91.0,False,,low,0.7,NORMAL,16.7,1007.9,94.0,HEALTHY,replay,1.1,0.0
2025-01-12T21:00:00+00:00,AWS-VAR-102,16.9,1008.2,93.0,False,,low,0.4,NORMAL,16.9,1007.9,94.0,HEALTHY,replay,0.6,0.0
2025-01-12T22:00:00+00:00,AWS-VAR-102,16.5,1008.1,95.0,False,,low,0.5,NORMAL,15.8,1008.1,96.0,HEALTHY,replay,0.8,0.0
2025-01-12T23:00:00+00:00,AWS-VAR-102,15.3,1007.8,98.0,False,,low,0.9,NORMAL,15.1,1007.9,98.0,HEALTHY,replay,1.4,0.0
2025-01-13T00:00:00+00:00,AWS-VAR-102,14.5,1007.4,98.0,False,,low,1.2,NORMAL,14.3,1007.4,98.0,HEALTHY,replay,2.0,0.0
2025-01-13T01:00:00+00:00,AWS-VAR-102,14.1,1007.1,98.0,False,,low,0.4,NORMAL,13.9,1007.1,98.0,HEALTHY,replay,0.7,0.0
2025-01-13T02:00:00+00:00,AWS-VAR-102,13.7,1006.8,100.0,False,,low,0.3,NORMAL,13.3,1006.7,99.0,HEALTHY,replay,0.4,0.0
2025-01-13T03:00:00+00:00,AWS-VAR-102,13.4,1006.7,100.0,False,,low,0.3,NORMAL,12.9,1006.6,100.0,HEALTHY,replay,0.4,0.0
2025-01-13T04:00:00+00:00,AWS-VAR-102,12.8,1006.8,100.0,False,,low,0.2,NORMAL,12.5,1006.8,100.0,HEALTHY,replay,0.4,0.0
2025-01-13T05:00:00+00:00,AWS-VAR-102,12.8,1007.3,100.0,False,,low,0.4,NORMAL,12.3,1007.2,100.0,HEALTHY,replay,0.6,0.0
2025-01-13T06:00:00+00:00,AWS-VAR-102,13.8,1008.2,99.0,False,,low,0.4,NORMAL,13.1,1008.2,99.0,HEALTHY,replay,0.6,0.0
2025-01-13T07:00:00+00:00,AWS-VAR-102,13.7,1008.9,98.0,False,,low,0.2,NORMAL,13.2,1008.9,98.0,HEALTHY,replay,0.3,0.0
2025-01-13T08:00:00+00:00,AWS-VAR-102,14.0,1009.6,98.0,False,,low,0.3,NORMAL,13.4,1009.5,97.0,HEALTHY,replay,0.6,0.0
2025-01-13T09:00:00+00:00,AWS-VAR-102,15.2,1010.0,91.0,False,,low,0.5,NORMAL,14.7,1010.0,91.0,HEALTHY,replay,0.8,0.0
2025-01-13T10:00:00+00:00,AWS-VAR-102,17.4,1009.6,80.0,False,,low,0.9,NORMAL,17.0,1009.5,79.0,HEALTHY,replay,1.6,0.0
2025-01-13T11:00:00+00:00,AWS-VAR-102,19.2,1008.6,72.0,False,,low,1.7,NORMAL,18.8,1008.6,73.0,HEALTHY,replay,2.8,0.0
2025-01-13T12:00:00+00:00,AWS-VAR-102,20.5,1007.3,66.0,False,,low,2.5,NORMAL,19.9,1007.3,68.0,HEALTHY,replay,4.1,0.0
2025-01-13T13:00:00+00:00,AWS-VAR-102,21.3,1006.0,63.0,False,,low,5.1,NORMAL,20.6,1006.0,67.0,HEALTHY,replay,8.5,0.0
2025-01-13T14:00:00+00:00,AWS-VAR-102,21.5,1005.2,62.0,False,,low,5.3,NORMAL,20.9,1005.3,67.0,HEALTHY,replay,8.9,0.0
2025-01-13T15:00:00+00:00,AWS-VAR-102,21.3,1005.0,63.0,False,,low,1.7,NORMAL,20.7,1005.1,69.0,HEALTHY,replay,2.8,0.0
2025-01-13T16:00:00+00:00,AWS-VAR-102,20.3,1005.2,68.0,False,,low,0.4,NORMAL,19.9,1005.2,74.0,HEALTHY,replay,0.7,0.0
2025-01-13T17:00:00+00:00,AWS-VAR-102,17.8,1005.6,80.0,False,,low,1.3,NORMAL,17.9,1005.6,81.0,HEALTHY,replay,2.2,0.0
2025-01-13T18:00:00+00:00,AWS-VAR-102,16.7,1006.4,87.0,False,,low,0.7,NORMAL,17.1,1006.4,86.0,HEALTHY,replay,1.1,0.0
2025-01-13T19:00:00+00:00,AWS-VAR-102,16.2,1007.1,89.0,False,,low,0.2,NORMAL,16.4,1006.9,88.0,HEALTHY,replay,0.4,0.0
2025-01-13T20:00:00+00:00,AWS-VAR-102,15.9,1007.4,89.0,False,,low,0.1,NORMAL,16.1,1007.3,88.0,HEALTHY,replay,0.2,0.0
2025-01-13T21:00:00+00:00,AWS-VAR-102,15.5,1007.7,90.0,False,,low,0.1,NORMAL,15.6,1007.7,90.0,HEALTHY,replay,0.2,0.0
2025-01-13T22:00:00+00:00,AWS-VAR-102,14.7,1007.9,93.0,False,,low,0.1,NORMAL,14.7,1007.8,92.0,HEALTHY,replay,0.2,0.0
2025-01-13T23:00:00+00:00,AWS-VAR-102,13.5,1007.8,95.0,False,,low,0.2,NORMAL,13.4,1007.7,94.0,HEALTHY,replay,0.3,0.0
2025-01-14T00:00:00+00:00,AWS-VAR-102,12.9,1007.6,96.0,False,,low,0.2,NORMAL,13.2,1007.5,96.0,HEALTHY,replay,0.3,0.0
2025-01-14T01:00:00+00:00,AWS-VAR-102,12.8,1007.6,97.0,False,,low,0.2,NORMAL,12.4,1007.6,97.0,HEALTHY,replay,0.3,0.0
2025-01-14T02:00:00+00:00,AWS-VAR-102,12.2,1007.4,97.0,False,,low,0.2,NORMAL,12.0,1007.3,98.0,HEALTHY,replay,0.3,0.0
2025-01-14T03:00:00+00:00,AWS-VAR-102,11.7,1007.2,98.0,False,,low,0.2,NORMAL,11.6,1007.1,98.0,HEALTHY,replay,0.4,0.0
2025-01-14T04:00:00+00:00,AWS-VAR-102,11.3,1007.4,98.0,False,,low,0.4,NORMAL,11.4,1007.3,98.0,HEALTHY,replay,0.6,0.0
2025-01-14T05:00:00+00:00,AWS-VAR-102,11.1,1008.1,99.0,False,,low,0.2,NORMAL,11.1,1008.0,97.0,HEALTHY,replay,0.3,0.0
2025-01-14T06:00:00+00:00,AWS-VAR-102,12.3,1009.2,99.0,False,,low,0.6,NORMAL,12.0,1009.1,100.0,HEALTHY,replay,1.1,0.0
2025-01-14T07:00:00+00:00,AWS-VAR-102,12.5,1010.1,99.0,False,,low,0.9,NORMAL,12.0,1010.1,99.0,HEALTHY,replay,1.5,0.0
2025-01-14T08:00:00+00:00,AWS-VAR-102,13.5,1011.3,97.0,False,,low,2.8,NORMAL,12.9,1011.2,98.0,HEALTHY,replay,4.6,0.0
2025-01-14T09:00:00+00:00,AWS-VAR-102,15.5,1012.2,88.0,False,,low,7.2,NORMAL,14.9,1012.1,90.0,HEALTHY,replay,11.9,0.0
2025-01-14T10:00:00+00:00,AWS-VAR-102,18.1,1012.5,77.0,False,,low,8.1,NORMAL,17.3,1012.4,82.61,HEALTHY,replay,13.6,0.0
2025-01-14T11:00:00+00:00,AWS-VAR-102,20.0,1011.6,67.0,False,,low,8.0,NORMAL,19.3,1011.5,73.22,HEALTHY,replay,13.4,0.0
2025-01-14T12:00:00+00:00,AWS-VAR-102,21.0,1010.2,60.0,False,,low,11.9,NORMAL,20.4,1010.1,61.0,HEALTHY,replay,19.8,0.0
2025-01-14T13:00:00+00:00,AWS-VAR-102,21.5,1008.9,56.0,False,,low,11.2,NORMAL,21.0,1008.9,57.0,HEALTHY,replay,18.7,0.0
2025-01-14T14:00:00+00:00,AWS-VAR-102,21.6,1008.0,55.0,False,,low,9.4,NORMAL,21.2,1008.0,55.04,HEALTHY,replay,15.7,0.0
2025-01-14T15:00:00+00:00,AWS-VAR-102,21.3,1007.8,55.0,False,,low,3.3,NORMAL,21.0,1007.7,54.65,HEALTHY,replay,5.5,0.0
2025-01-14T16:00:00+00:00,AWS-VAR-102,20.3,1007.8,62.0,False,,low,1.0,NORMAL,20.3,1007.7,62.0,HEALTHY,replay,1.7,0.0
2025-01-14T17:00:00+00:00,AWS-VAR-102,17.3,1008.3,74.0,False,,low,2.1,NORMAL,17.9,1008.2,70.87,HEALTHY,replay,3.6,0.0
2025-01-14T18:00:00+00:00,AWS-VAR-102,15.0,1009.2,79.0,False,,low,4.0,NORMAL,15.7,1009.2,79.0,HEALTHY,replay,6.7,0.0
2025-01-14T19:00:00+00:00,AWS-VAR-102,14.5,1009.8,79.0,False,,low,1.4,NORMAL,15.1,1009.7,81.0,HEALTHY,replay,2.3,0.0
2025-01-14T20:00:00+00:00,AWS-VAR-102,14.2,1010.2,79.0,False,,low,0.5,NORMAL,14.4,1010.0,80.0,HEALTHY,replay,0.8,0.0
2025-01-14T21:00:00+00:00,AWS-VAR-102,14.2,1010.6,79.0,False,,low,0.3,NORMAL,13.5,1010.5,82.3,HEALTHY,replay,0.6,0.0
2025-01-14T22:00:00+00:00,AWS-VAR-102,13.4,1010.7,82.0,False,,low,0.3,NORMAL,12.7,1010.5,85.91,HEALTHY,replay,0.5,0.0
2025-01-14T23:00:00+00:00,AWS-VAR-102,12.1,1010.6,87.0,False,,low,0.4,NORMAL,11.7,1010.3,88.52,HEALTHY,replay,0.7,0.0
2025-01-15T00:00:00+00:00,AWS-VAR-102,11.3,1010.2,91.0,False,,low,0.5,NORMAL,11.1,1010.0,91.13,HEALTHY,replay,0.9,0.0
2025-01-15T01:00:00+00:00,AWS-VAR-102,10.8,1010.0,93.0,False,,low,0.3,NORMAL,10.7,1010.0,91.73,HEALTHY,replay,0.6,0.0
2025-01-15T02:00:00+00:00,AWS-VAR-102,10.4,1009.6,95.0,False,,low,0.2,NORMAL,10.2,1009.4,93.34,HEALTHY,replay,0.3,0.0
2025-01-15T03:00:00+00:00,AWS-VAR-102,9.9,1009.4,96.0,False,,low,0.2,NORMAL,10.0,1009.4,94.0,HEALTHY,replay,0.4,0.0
2025-01-15T04:00:00+00:00,AWS-VAR-102,9.7,1009.7,97.0,False,,low,0.2,NORMAL,9.6,1009.6,96.0,HEALTHY,replay,0.4,0.0
2025-01-15T05:00:00+00:00,AWS-VAR-102,9.4,1010.3,99.0,False,,low,0.3,NORMAL,8.7,1010.1,99.0,HEALTHY,replay,0.5,0.0
2025-01-15T06:00:00+00:00,AWS-VAR-102,10.3,1011.5,98.0,False,,low,0.6,NORMAL,10.1,1011.5,100.0,HEALTHY,replay,1.0,0.0
2025-01-15T07:00:00+00:00,AWS-VAR-102,10.7,1012.3,99.0,False,,low,0.8,NORMAL,10.5,1012.2,99.0,HEALTHY,replay,1.3,0.0
2025-01-15T08:00:00+00:00,AWS-VAR-102,13.3,1013.3,92.0,False,,low,1.9,NORMAL,12.2,1013.1,98.0,HEALTHY,replay,3.1,0.0
2025-01-15T09:00:00+00:00,AWS-VAR-102,16.4,1013.8,80.0,False,,low,6.0,NORMAL,14.4,1013.6,92.0,HEALTHY,replay,10.0,0.0
2025-01-15T10:00:00+00:00,AWS-VAR-102,18.7,1013.2,70.0,False,,low,3.5,NORMAL,17.0,1013.1,81.0,HEALTHY,replay,5.8,0.0
2025-01-15T11:00:00+00:00,AWS-VAR-102,20.2,1011.7,62.0,False,,low,3.4,NORMAL,19.2,1011.7,68.0,HEALTHY,replay,5.7,0.0
2025-01-15T12:00:00+00:00,AWS-VAR-102,21.1,1010.1,57.0,False,,low,5.0,NORMAL,20.3,1010.1,59.0,HEALTHY,replay,8.4,0.0
2025-01-15T13:00:00+00:00,AWS-VAR-102,21.6,1009.0,55.0,False,,low,6.2,NORMAL,20.9,1009.0,55.0,HEALTHY,replay,10.3,0.0
2025-01-15T14:00:00+00:00,AWS-VAR-102,21.7,1008.4,55.0,False,,low,2.7,NORMAL,21.1,1008.4,53.0,HEALTHY,replay,4.5,0.0
2025-01-15T15:00:00+00:00,AWS-VAR-102,21.3,1007.9,55.0,False,,low,1.9,NORMAL,20.9,1007.8,53.0,HEALTHY,replay,3.2,0.0
2025-01-15T16:00:00+00:00,AWS-VAR-102,20.0,1007.7,62.0,False,,low,0.5,NORMAL,19.9,1007.6,66.0,HEALTHY,replay,0.9,0.0
2025-01-15T17:00:00+00:00,AWS-VAR-102,17.2,1007.8,69.0,False,,low,0.9,NORMAL,16.9,1007.6,77.0,HEALTHY,replay,1.4,0.0
2025-01-15T18:00:00+00:00,AWS-VAR-102,14.3,1009.7,72.0,False,,low,2.7,NORMAL,14.1,1009.5,86.0,HEALTHY,replay,4.5,0.0
2025-01-15T19:00:00+00:00,AWS-VAR-102,13.2,1009.7,77.0,False,,low,0.8,NORMAL,13.8,1009.6,82.0,HEALTHY,replay,1.3,0.0
2025-01-15T20:00:00+00:00,AWS-VAR-102,12.4,1010.0,84.0,False,,low,1.0,NORMAL,13.1,1009.9,78.0,HEALTHY,replay,1.6,0.0
2025-01-15T21:00:00+00:00,AWS-VAR-102,11.6,1010.0,90.0,False,,low,0.6,NORMAL,12.4,1009.8,82.0,HEALTHY,replay,1.0,0.0
2025-01-15T22:00:00+00:00,AWS-VAR-102,10.7,1010.0,92.0,False,,low,0.4,NORMAL,11.6,1009.9,85.0,HEALTHY,replay,0.7,0.0
2025-01-15T23:00:00+00:00,AWS-VAR-102,10.4,1009.5,94.0,False,,low,0.2,NORMAL,11.0,1009.5,88.0,HEALTHY,replay,0.4,0.0
2025-01-16T00:00:00+00:00,AWS-VAR-102,10.0,1009.2,95.0,False,,low,0.2,NORMAL,10.7,1009.1,91.0,HEALTHY,replay,0.3,0.0
2025-01-16T01:00:00+00:00,AWS-VAR-102,9.6,1009.2,97.0,False,,low,0.2,NORMAL,10.1,1009.1,94.0,HEALTHY,replay,0.3,0.0
2025-01-16T02:00:00+00:00,AWS-VAR-102,9.3,1008.8,98.0,False,,low,0.2,NORMAL,9.6,1008.7,97.0,HEALTHY,replay,0.3,0.0
2025-01-16T03:00:00+00:00,AWS-VAR-102,9.0,1008.4,98.0,False,,low,0.2,NORMAL,9.4,1008.4,99.0,HEALTHY,replay,0.3,0.0
2025-01-16T04:00:00+00:00,AWS-VAR-102,8.7,1008.3,99.0,False,,low,0.2,NORMAL,9.2,1008.2,99.0,HEALTHY,replay,0.4,0.0
2025-01-16T05:00:00+00:00,AWS-VAR-102,8.3,1008.7,100.0,False,,low,0.3,NORMAL,8.5,1008.5,100.0,HEALTHY,replay,0.5,0.0
2025-01-16T06:00:00+00:00,AWS-VAR-102,9.6,1009.9,99.0,False,,low,0.5,NORMAL,9.6,1009.8,100.0,HEALTHY,replay,0.8,0.0
2025-01-16T07:00:00+00:00,AWS-VAR-102,10.2,1010.6,98.0,False,,low,0.5,NORMAL,10.0,1010.6,100.0,HEALTHY,replay,0.8,0.0
2025-01-16T08:00:00+00:00,AWS-VAR-102,12.4,1011.5,90.0,False,,low,0.5,NORMAL,10.3,1011.3,98.0,HEALTHY,replay,0.9,0.0
2025-01-16T09:00:00+00:00,AWS-VAR-102,15.0,1012.4,80.0,False,,low,2.1,NORMAL,12.4,1012.2,94.0,HEALTHY,replay,3.5,0.0
2025-01-16T10:00:00+00:00,AWS-VAR-102,17.3,1012.0,72.0,False,,low,1.2,NORMAL,16.2,1012.0,81.0,HEALTHY,replay,2.0,0.0
2025-01-16T11:00:00+00:00,AWS-VAR-102,18.5,1010.9,66.0,False,,low,0.9,NORMAL,17.8,1010.9,71.0,HEALTHY,replay,1.4,0.0
2025-01-16T12:00:00+00:00,AWS-VAR-102,19.5,1009.6,63.0,False,,low,0.9,NORMAL,19.0,1009.5,64.0,HEALTHY,replay,1.5,0.0
2025-01-16T13:00:00+00:00,AWS-VAR-102,20.4,1008.7,59.0,False,,low,1.1,NORMAL,19.8,1008.5,62.0,HEALTHY,replay,1.8,0.0
2025-01-16T14:00:00+00:00,AWS-VAR-102,20.7,1008.0,58.0,False,,low,0.4,NORMAL,20.2,1007.9,61.0,HEALTHY,replay,0.7,0.0
2025-01-16T15:00:00+00:00,AWS-VAR-102,20.5,1007.8,59.0,False,,low,0.3,NORMAL,20.1,1007.8,61.0,HEALTHY,replay,0.5,0.0
2025-01-16T16:00:00+00:00,AWS-VAR-102,19.4,1007.9,70.0,False,,low,0.4,NORMAL,19.3,1008.0,68.0,HEALTHY,replay,0.7,0.0
2025-01-16T17:00:00+00:00,AWS-VAR-102,16.2,1008.3,77.0,False,,low,0.9,NORMAL,16.8,1008.3,78.0,HEALTHY,replay,1.5,0.0
2025-01-16T18:00:00+00:00,AWS-VAR-102,15.1,1009.8,78.0,False,,low,0.5,NORMAL,15.7,1009.8,82.0,HEALTHY,replay,0.8,0.0
2025-01-16T19:00:00+00:00,AWS-VAR-102,14.6,1010.3,80.0,False,,low,0.3,NORMAL,14.6,1010.2,86.0,HEALTHY,replay,0.5,0.0
2025-01-16T20:00:00+00:00,AWS-VAR-102,13.2,1010.4,87.0,False,,low,0.2,NORMAL,13.6,1010.3,88.0,HEALTHY,replay,0.3,0.0
2025-01-16T21:00:00+00:00,AWS-VAR-102,12.6,1010.4,90.0,False,,low,0.1,NORMAL,13.1,1010.4,90.0,HEALTHY,replay,0.2,0.0
2025-01-16T22:00:00+00:00,AWS-VAR-102,12.2,1010.6,91.0,False,,low,0.1,NORMAL,12.9,1010.7,92.0,HEALTHY,replay,0.1,0.0
2025-01-16T23:00:00+00:00,AWS-VAR-102,11.5,1010.4,94.0,False,,low,0.1,NORMAL,12.2,1010.4,94.0,HEALTHY,replay,0.2,0.0
2025-01-17T00:00:00+00:00,AWS-VAR-102,11.0,1010.1,96.0,False,,low,0.2,NORMAL,11.5,1010.0,95.0,HEALTHY,replay,0.3,0.0
2025-01-17T01:00:00+00:00,AWS-VAR-102,10.8,1009.7,97.0,False,,low,0.1,NORMAL,11.4,1009.7,97.0,HEALTHY,replay,0.2,0.0
2025-01-17T02:00:00+00:00,AWS-VAR-102,10.7,1009.2,97.0,False,,low,0.1,NORMAL,11.2,1009.2,98.0,HEALTHY,replay,0.2,0.0
2025-01-17T03:00:00+00:00,AWS-VAR-102,10.5,1008.6,98.0,False,,low,0.2,NORMAL,11.0,1008.6,98.0,HEALTHY,replay,0.3,0.0
2025-01-17T04:00:00+00:00,AWS-VAR-102,10.3,1008.5,98.0,False,,low,0.2,NORMAL,11.0,1008.5,98.0,HEALTHY,replay,0.3,0.0
2025-01-17T05:00:00+00:00,AWS-VAR-102,10.6,1008.9,98.0,False,,low,0.3,NORMAL,11.0,1009.0,98.0,HEALTHY,replay,0.4,0.0
2025-01-17T06:00:00+00:00,AWS-VAR-102,11.8,1010.1,98.0,False,,low,0.5,NORMAL,11.3,1010.1,99.0,HEALTHY,replay,0.9,0.0
2025-01-17T07:00:00+00:00,AWS-VAR-102,12.1,1011.0,97.0,False,,low,0.3,NORMAL,11.7,1011.0,98.0,HEALTHY,replay,0.5,0.0
2025-01-17T08:00:00+00:00,AWS-VAR-102,13.5,1011.0,92.0,False,,low,0.2,NORMAL,13.2,1011.0,93.0,HEALTHY,replay,0.3,0.0
2025-01-17T09:00:00+00:00,AWS-VAR-102,15.6,1011.4,85.0,False,,low,0.5,NORMAL,15.0,1011.3,87.0,HEALTHY,replay,0.9,0.0
2025-01-17T10:00:00+00:00,AWS-VAR-102,17.5,1011.2,77.0,False,,low,0.8,NORMAL,16.8,1011.2,81.0,HEALTHY,replay,1.3,0.0
2025-01-17T11:00:00+00:00,AWS-VAR-102,19.2,1010.0,69.0,False,,low,1.3,NORMAL,18.5,1010.1,74.0,HEALTHY,replay,2.1,0.0
2025-01-17T12:00:00+00:00,AWS-VAR-102,20.5,1008.9,62.0,False,,low,2.1,NORMAL,19.8,1008.9,66.0,HEALTHY,replay,3.4,0.0
2025-01-17T13:00:00+00:00,AWS-VAR-102,21.2,1007.5,59.0,False,,low,2.2,NORMAL,20.6,1007.7,61.0,HEALTHY,replay,3.6,0.0
2025-01-17T14:00:00+00:00,AWS-VAR-102,21.4,1006.7,57.0,False,,low,2.5,NORMAL,21.0,1006.7,59.0,HEALTHY,replay,4.1,0.0
2025-01-17T15:00:00+00:00,AWS-VAR-102,21.3,1006.3,57.0,False,,low,2.0,NORMAL,20.9,1006.3,59.0,HEALTHY,replay,3.3,0.0
2025-01-17T16:00:00+00:00,AWS-VAR-102,20.1,1006.4,66.0,False,,low,0.9,NORMAL,19.8,1006.4,68.0,HEALTHY,replay,1.5,0.0
2025-01-17T17:00:00+00:00,AWS-VAR-102,17.7,1006.6,75.0,False,,low,1.6,NORMAL,17.8,1006.5,77.0,HEALTHY,replay,2.7,0.0
2025-01-17T18:00:00+00:00,AWS-VAR-102,16.8,1007.1,74.0,False,,low,0.4,NORMAL,16.9,1007.1,78.0,HEALTHY,replay,0.6,0.0
2025-01-17T19:00:00+00:00,AWS-VAR-102,15.9,1007.6,77.0,False,,low,0.2,NORMAL,16.2,1007.5,80.0,HEALTHY,replay,0.3,0.0
2025-01-17T20:00:00+00:00,AWS-VAR-102,15.0,1008.1,82.0,False,,low,0.2,NORMAL,15.3,1008.1,83.0,HEALTHY,replay,0.3,0.0
2025-01-17T21:00:00+00:00,AWS-VAR-102,14.4,1008.5,86.0,False,,low,0.1,NORMAL,14.6,1008.5,85.0,HEALTHY,replay,0.2,0.0
2025-01-17T22:00:00+00:00,AWS-VAR-102,14.1,1009.0,87.0,False,,low,0.1,NORMAL,13.9,1008.9,88.0,HEALTHY,replay,0.2,0.0
2025-01-17T23:00:00+00:00,AWS-VAR-102,13.5,1008.7,89.0,False,,low,0.1,NORMAL,13.4,1008.7,90.0,HEALTHY,replay,0.2,0.0
2025-01-18T00:00:00+00:00,AWS-VAR-102,12.8,1008.3,91.0,False,,low,0.1,NORMAL,12.9,1008.3,91.0,HEALTHY,replay,0.2,0.0
2025-01-18T01:00:00+00:00,AWS-VAR-102,12.3,1008.0,92.0,False,,low,0.1,NORMAL,12.4,1008.0,92.0,HEALTHY,replay,0.2,0.0
2025-01-18T02:00:00+00:00,AWS-VAR-102,12.0,1007.6,93.0,False,,low,0.1,NORMAL,12.0,1007.6,93.0,HEALTHY,replay,0.2,0.0
2025-01-18T03:00:00+00:00,AWS-VAR-102,11.6,1007.4,94.0,False,,low,0.1,NORMAL,11.7,1007.4,94.0,HEALTHY,replay,0.1,0.0
2025-01-18T04:00:00+00:00,AWS-VAR-102,11.3,1007.5,94.0,False,,low,0.1,NORMAL,11.3,1007.5,95.0,HEALTHY,replay,0.2,0.0
2025-01-18T05:00:00+00:00,AWS-VAR-102,10.9,1007.6,95.0,False,,low,0.2,NORMAL,10.9,1007.5,96.0,HEALTHY,replay,0.3,0.0
2025-01-18T06:00:00+00:00,AWS-VAR-102,10.9,1008.5,96.0,False,,low,0.2,NORMAL,11.0,1008.3,98.0,HEALTHY,replay,0.3,0.0
2025-01-18T07:00:00+00:00,AWS-VAR-102,11.2,1009.4,97.0,False,,low,0.2,NORMAL,11.3,1009.2,97.0,HEALTHY,replay,0.4,0.0
2025-01-18T08:00:00+00:00,AWS-VAR-102,13.3,1010.3,91.0,False,,low,0.3,NORMAL,13.1,1010.2,93.0,HEALTHY,replay,0.5,0.0
2025-01-18T09:00:00+00:00,AWS-VAR-102,15.8,1011.0,83.0,False,,low,0.5,NORMAL,15.5,1011.0,85.0,HEALTHY,replay,0.9,0.0
2025-01-18T10:00:00+00:00,AWS-VAR-102,18.2,1011.1,73.0,False,,low,0.6,NORMAL,17.7,1011.0,76.0,HEALTHY,replay,1.0,0.0
2025-01-18T11:00:00+00:00,AWS-VAR-102,19.8,1010.1,64.0,False,,low,0.7,NORMAL,19.3,1010.1,66.0,HEALTHY,replay,1.2,0.0
2025-01-18T12:00:00+00:00,AWS-VAR-102,20.7,1008.9,59.0,False,,low,1.1,NORMAL,20.2,1008.8,62.0,HEALTHY,replay,1.9,0.0
2025-01-18T13:00:00+00:00,AWS-VAR-102,21.3,1007.4,57.0,False,,low,1.0,NORMAL,20.8,1007.4,60.0,HEALTHY,replay,1.7,0.0
2025-01-18T14:00:00+00:00,AWS-VAR-102,21.4,1006.3,56.0,False,,low,2.1,NORMAL,20.9,1006.4,59.0,HEALTHY,replay,3.6,0.0
2025-01-18T15:00:00+00:00,AWS-VAR-102,21.0,1005.9,57.0,False,,low,0.7,NORMAL,20.6,1005.9,60.0,HEALTHY,replay,1.1,0.0
2025-01-18T16:00:00+00:00,AWS-VAR-102,19.8,1005.9,63.0,False,,low,0.3,NORMAL,19.6,1005.9,67.0,HEALTHY,replay,0.5,0.0
2025-01-18T17:00:00+00:00,AWS-VAR-102,17.0,1005.9,73.0,False,,low,0.7,NORMAL,16.6,1005.8,77.0,HEALTHY,replay,1.2,0.0
2025-01-18T18:00:00+00:00,AWS-VAR-102,16.3,1006.7,77.0,False,,low,0.4,NORMAL,16.7,1006.6,77.0,HEALTHY,replay,0.7,0.0
2025-01-18T19:00:00+00:00,AWS-VAR-102,15.8,1007.1,77.0,False,,low,0.1,NORMAL,15.6,1007.0,79.0,HEALTHY,replay,0.2,0.0
2025-01-18T20:00:00+00:00,AWS-VAR-102,14.8,1007.4,80.0,False,,low,0.1,NORMAL,14.1,1007.3,85.0,HEALTHY,replay,0.1,0.0
2025-01-18T21:00:00+00:00,AWS-VAR-102,13.4,1007.4,86.0,False,,low,0.1,NORMAL,13.0,1007.3,88.0,HEALTHY,replay,0.2,0.0
2025-01-18T22:00:00+00:00,AWS-VAR-102,12.6,1007.4,88.0,False,,low,0.1,NORMAL,12.7,1007.4,89.0,HEALTHY,replay,0.2,0.0
2025-01-18T23:00:00+00:00,AWS-VAR-102,12.1,1007.4,90.0,False,,low,0.1,NORMAL,12.5,1007.4,91.0,HEALTHY,replay,0.2,0.0
2025-01-19T00:00:00+00:00,AWS-VAR-102,11.6,1007.1,92.0,False,,low,0.1,NORMAL,11.9,1007.0,92.0,HEALTHY,replay,0.2,0.0
2025-01-19T01:00:00+00:00,AWS-VAR-102,11.2,1007.0,94.0,False,,low,0.1,NORMAL,11.4,1006.9,93.0,HEALTHY,replay,0.2,0.0
2025-01-19T02:00:00+00:00,AWS-VAR-102,10.7,1006.4,94.0,False,,low,0.1,NORMAL,10.8,1006.4,94.0,HEALTHY,replay,0.2,0.0
2025-01-19T03:00:00+00:00,AWS-VAR-102,10.4,1006.3,95.0,False,,low,0.1,NORMAL,10.4,1006.2,95.0,HEALTHY,replay,0.2,0.0
2025-01-19T04:00:00+00:00,AWS-VAR-102,10.3,1006.4,94.0,False,,low,0.2,NORMAL,10.2,1006.3,96.0,HEALTHY,replay,0.3,0.0
2025-01-19T05:00:00+00:00,AWS-VAR-102,10.0,1006.9,95.0,False,,low,0.2,NORMAL,10.0,1006.8,96.0,HEALTHY,replay,0.3,0.0
2025-01-19T06:00:00+00:00,AWS-VAR-102,9.6,1008.0,97.0,False,,low,0.1,NORMAL,9.6,1007.9,97.0,HEALTHY,replay,0.2,0.0
2025-01-19T07:00:00+00:00,AWS-VAR-102,10.2,1008.8,97.0,False,,low,0.2,NORMAL,10.0,1008.7,97.0,HEALTHY,replay,0.3,0.0
2025-01-19T08:00:00+00:00,AWS-VAR-102,12.1,1009.5,92.0,False,,low,0.3,NORMAL,11.9,1009.4,94.0,HEALTHY,replay,0.5,0.0
2025-01-19T09:00:00+00:00,AWS-VAR-102,14.7,1009.7,84.0,False,,low,0.6,NORMAL,14.2,1009.6,86.0,HEALTHY,replay,1.1,0.0
2025-01-19T10:00:00+00:00,AWS-VAR-102,17.2,1009.5,73.0,False,,low,0.8,NORMAL,16.5,1009.4,77.0,HEALTHY,replay,1.4,0.0
2025-01-19T11:00:00+00:00,AWS-VAR-102,18.9,1008.5,65.0,False,,low,1.3,NORMAL,18.3,1008.6,70.0,HEALTHY,replay,2.2,0.0
2025-01-19T12:00:00+00:00,AWS-VAR-102,20.1,1007.4,59.0,False,,low,1.6,NORMAL,19.5,1007.4,64.0,HEALTHY,replay,2.7,0.0
2025-01-19T13:00:00+00:00,AWS-VAR-102,20.8,1006.1,55.0,False,,low,1.9,NORMAL,20.4,1006.2,59.0,HEALTHY,replay,3.1,0.0
2025-01-19T14:00:00+00:00,AWS-VAR-102,21.1,1005.1,51.0,False,,low,2.7,NORMAL,20.7,1005.2,56.0,HEALTHY,replay,4.5,0.0
2025-01-19T15:00:00+00:00,AWS-VAR-102,20.9,1004.5,49.0,False,,low,1.4,NORMAL,20.6,1004.6,55.0,HEALTHY,replay,2.3,0.0
2025-01-19T16:00:00+00:00,AWS-VAR-102,19.7,1004.2,57.0,False,,low,1.2,NORMAL,19.5,1004.3,62.0,HEALTHY,replay,1.9,0.0
2025-01-19T17:00:00+00:00,AWS-VAR-102,17.3,1004.0,66.0,False,,low,0.9,NORMAL,17.6,1004.0,69.0,HEALTHY,replay,1.6,0.0
2025-01-19T18:00:00+00:00,AWS-VAR-102,16.0,1004.7,69.0,False,,low,0.4,NORMAL,16.3,1004.7,72.0,HEALTHY,replay,0.7,0.0
2025-01-19T19:00:00+00:00,AWS-VAR-102,15.3,1005.1,68.0,False,,low,0.2,NORMAL,15.5,1005.1,73.0,HEALTHY,replay,0.3,0.0
2025-01-19T20:00:00+00:00,AWS-VAR-102,14.5,1005.5,72.0,False,,low,0.1,NORMAL,14.9,1005.4,74.0,HEALTHY,replay,0.2,0.0
2025-01-19T21:00:00+00:00,AWS-VAR-102,14.0,1005.7,76.0,False,,low,0.1,NORMAL,14.4,1005.6,77.0,HEALTHY,replay,0.2,0.0
2025-01-19T22:00:00+00:00,AWS-VAR-102,13.6,1005.6,78.0,False,,low,0.1,NORMAL,14.1,1005.5,79.0,HEALTHY,replay,0.2,0.0
2025-01-19T23:00:00+00:00,AWS-VAR-102,13.4,1005.2,80.0,False,,low,0.2,NORMAL,13.8,1005.1,81.0,HEALTHY,replay,0.3,0.0
2025-01-20T00:00:00+00:00,AWS-VAR-102,13.2,1004.6,81.0,False,,low,0.2,NORMAL,13.5,1004.6,82.0,HEALTHY,replay,0.3,0.0
2025-01-20T01:00:00+00:00,AWS-VAR-102,13.1,1004.3,82.0,False,,low,0.3,NORMAL,13.2,1004.2,84.0,HEALTHY,replay,0.4,0.0
2025-01-20T02:00:00+00:00,AWS-VAR-102,12.8,1003.8,84.0,False,,low,0.4,NORMAL,13.0,1003.8,86.0,HEALTHY,replay,0.7,0.0
2025-01-20T03:00:00+00:00,AWS-VAR-102,12.7,1003.5,86.0,False,,low,0.6,NORMAL,12.8,1003.5,88.0,HEALTHY,replay,1.0,0.0
2025-01-20T04:00:00+00:00,AWS-VAR-102,12.6,1003.2,87.0,False,,low,0.6,NORMAL,12.7,1003.1,89.0,HEALTHY,replay,1.0,0.0
2025-01-20T05:00:00+00:00,AWS-VAR-102,12.6,1003.5,88.0,False,,low,0.8,NORMAL,12.7,1003.4,89.0,HEALTHY,replay,1.3,0.0
2025-01-20T06:00:00+00:00,AWS-VAR-102,12.0,1004.5,91.0,False,,low,0.7,NORMAL,12.2,1004.5,92.0,HEALTHY,replay,1.2,0.0
2025-01-20T07:00:00+00:00,AWS-VAR-102,12.9,1005.5,89.0,False,,low,2.5,NORMAL,13.0,1005.3,90.0,HEALTHY,replay,4.1,0.0
2025-01-20T08:00:00+00:00,AWS-VAR-102,15.2,1006.0,83.0,False,,low,2.4,NORMAL,15.1,1005.9,86.0,HEALTHY,replay,4.0,0.0
2025-01-20T09:00:00+00:00,AWS-VAR-102,17.8,1006.7,76.0,False,,low,3.4,NORMAL,17.7,1006.6,80.0,HEALTHY,replay,5.7,0.0
2025-01-20T10:00:00+00:00,AWS-VAR-102,20.1,1006.6,71.0,False,,low,2.3,NORMAL,20.1,1006.5,75.0,HEALTHY,replay,3.8,0.0
2025-01-20T11:00:00+00:00,AWS-VAR-102,21.9,1005.8,67.0,False,,low,1.8,NORMAL,22.0,1005.7,71.0,HEALTHY,replay,3.0,0.0
2025-01-20T12:00:00+00:00,AWS-VAR-102,23.2,1004.7,63.0,False,,low,2.7,NORMAL,23.3,1003.8,66.0,HEALTHY,replay,4.6,0.0
2025-01-20T13:00:00+00:00,AWS-VAR-102,23.9,1003.7,61.0,False,,low,3.6,NORMAL,24.1,1003.7,63.0,HEALTHY,replay,6.0,0.0
2025-01-20T14:00:00+00:00,AWS-VAR-102,24.2,1002.8,61.0,False,,low,2.4,NORMAL,24.4,1002.8,61.0,HEALTHY,replay,3.9,0.0
2025-01-20T15:00:00+00:00,AWS-VAR-102,24.0,1002.2,62.0,False,,low,2.6,NORMAL,24.1,1002.2,62.0,HEALTHY,replay,4.4,0.0
2025-01-20T16:00:00+00:00,AWS-VAR-102,22.9,1002.1,68.0,False,,low,1.4,NORMAL,23.0,1002.1,68.0,HEALTHY,replay,2.3,0.0
2025-01-20T17:00:00+00:00,AWS-VAR-102,20.8,1002.1,75.0,False,,low,3.2,NORMAL,21.0,1002.1,75.0,HEALTHY,replay,5.4,0.0
2025-01-20T18:00:00+00:00,AWS-VAR-102,20.4,1002.5,74.0,False,,low,2.2,NORMAL,20.2,1002.6,78.0,HEALTHY,replay,3.7,0.0
2025-01-20T19:00:00+00:00,AWS-VAR-102,19.3,1003.1,79.0,False,,low,2.0,NORMAL,19.4,1003.1,80.0,HEALTHY,replay,3.4,0.0
2025-01-20T20:00:00+00:00,AWS-VAR-102,18.6,1003.5,81.0,False,,low,1.0,NORMAL,18.8,1003.5,80.0,HEALTHY,replay,1.7,0.0
2025-01-20T21:00:00+00:00,AWS-VAR-102,18.0,1003.7,82.0,False,,low,1.0,NORMAL,18.2,1003.7,79.0,HEALTHY,replay,1.7,0.0
2025-01-20T22:00:00+00:00,AWS-VAR-102,17.4,1003.7,83.0,False,,low,1.1,NORMAL,17.7,1003.7,79.0,HEALTHY,replay,1.8,0.0
2025-01-20T23:00:00+00:00,AWS-VAR-102,16.9,1003.3,84.0,False,,low,1.1,NORMAL,17.2,1003.3,80.0,HEALTHY,replay,1.8,0.0
2025-01-21T00:00:00+00:00,AWS-VAR-102,16.3,1002.9,85.0,False,,low,1.2,NORMAL,16.6,1002.9,82.0,HEALTHY,replay,2.1,0.0
2025-01-21T01:00:00+00:00,AWS-VAR-102,15.7,1002.6,88.0,False,,low,0.5,NORMAL,15.9,1002.6,87.0,HEALTHY,replay,0.8,0.0
2025-01-21T02:00:00+00:00,AWS-VAR-102,15.4,1002.2,90.0,False,,low,0.5,NORMAL,15.5,1002.2,91.0,HEALTHY,replay,0.8,0.0
2025-01-21T03:00:00+00:00,AWS-VAR-102,15.2,1002.2,92.0,False,,low,0.4,NORMAL,15.2,1002.1,93.0,HEALTHY,replay,0.7,0.0
2025-01-21T04:00:00+00:00,AWS-VAR-102,15.0,1002.2,94.0,False,,low,0.4,NORMAL,15.1,1002.1,94.0,HEALTHY,replay,0.7,0.0
2025-01-21T05:00:00+00:00,AWS-VAR-102,14.8,1002.3,95.0,False,,low,0.7,NORMAL,14.9,1002.2,95.0,HEALTHY,replay,1.2,0.0
2025-01-21T06:00:00+00:00,AWS-VAR-102,14.2,1003.5,96.0,False,,low,0.5,NORMAL,14.1,1003.5,96.0,HEALTHY,replay,0.8,0.0
2025-01-21T07:00:00+00:00,AWS-VAR-102,14.5,1004.2,96.0,False,,low,0.5,NORMAL,14.3,1004.1,96.0,HEALTHY,replay,0.8,0.0
2025-01-21T08:00:00+00:00,AWS-VAR-102,16.3,1005.0,90.0,False,,low,0.5,NORMAL,16.0,1004.9,93.0,HEALTHY,replay,0.9,0.0
2025-01-21T09:00:00+00:00,AWS-VAR-102,18.4,1005.8,83.0,False,,low,0.4,NORMAL,18.1,1005.7,85.0,HEALTHY,replay,0.7,0.0
2025-01-21T10:00:00+00:00,AWS-VAR-102,20.3,1005.6,75.0,False,,low,0.6,NORMAL,20.2,1005.6,75.0,HEALTHY,replay,0.9,0.0
2025-01-21T11:00:00+00:00,AWS-VAR-102,22.0,1004.9,66.0,False,,low,0.8,NORMAL,21.8,1004.8,67.0,HEALTHY,replay,1.3,0.0
2025-01-21T12:00:00+00:00,AWS-VAR-102,23.1,1003.5,61.0,False,,low,1.4,NORMAL,23.0,1003.5,62.0,HEALTHY,replay,2.3,0.0
2025-01-21T13:00:00+00:00,AWS-VAR-102,23.9,1002.4,58.0,False,,low,2.1,NORMAL,23.7,1002.4,59.0,HEALTHY,replay,3.4,0.0
2025-01-21T14:00:00+00:00,AWS-VAR-102,24.1,1001.9,55.0,False,,low,1.6,NORMAL,24.0,1001.8,57.0,HEALTHY,replay,2.7,0.0
2025-01-21T15:00:00+00:00,AWS-VAR-102,23.8,1001.5,55.0,False,,low,0.6,NORMAL,23.7,1001.5,58.0,HEALTHY,replay,1.1,0.0
2025-01-21T16:00:00+00:00,AWS-VAR-102,22.5,1001.5,62.0,False,,low,0.3,NORMAL,22.6,1001.5,65.0,HEALTHY,replay,0.6,0.0
2025-01-21T17:00:00+00:00,AWS-VAR-102,20.5,1001.4,66.0,False,,low,0.2,NORMAL,20.8,1001.3,69.0,HEALTHY,replay,0.4,0.0
2025-01-21T18:00:00+00:00,AWS-VAR-102,19.9,1002.1,66.0,False,,low,0.2,NORMAL,19.9,1002.1,72.0,HEALTHY,replay,0.3,0.0
2025-01-21T19:00:00+00:00,AWS-VAR-102,18.7,1002.8,72.0,False,,low,0.2,NORMAL,18.6,1002.7,75.0,HEALTHY,replay,0.3,0.0
2025-01-21T20:00:00+00:00,AWS-VAR-102,17.4,1003.4,77.0,False,,low,0.1,NORMAL,17.6,1003.4,79.0,HEALTHY,replay,0.2,0.0
2025-01-21T21:00:00+00:00,AWS-VAR-102,16.6,1003.8,81.0,False,,low,0.1,NORMAL,16.9,1003.7,84.0,HEALTHY,replay,0.2,0.0
2025-01-21T22:00:00+00:00,AWS-VAR-102,16.0,1003.8,86.0,False,,low,0.2,NORMAL,16.5,1003.8,87.0,HEALTHY,replay,0.3,0.0
2025-01-21T23:00:00+00:00,AWS-VAR-102,15.5,1003.6,90.0,False,,low,0.2,NORMAL,16.1,1003.5,89.0,HEALTHY,replay,0.3,0.0
2025-01-22T00:00:00+00:00,AWS-VAR-102,15.2,1003.2,91.0,False,,low,0.2,NORMAL,15.7,1003.2,91.0,HEALTHY,replay,0.3,0.0
2025-01-22T01:00:00+00:00,AWS-VAR-102,14.9,1002.9,92.0,False,,low,0.1,NORMAL,15.2,1002.9,92.0,HEALTHY,replay,0.2,0.0
2025-01-22T02:00:00+00:00,AWS-VAR-102,14.4,1002.6,93.0,False,,low,0.1,NORMAL,14.6,1002.5,94.0,HEALTHY,replay,0.2,0.0
2025-01-22T03:00:00+00:00,AWS-VAR-102,14.0,1002.5,94.0,False,,low,0.1,NORMAL,14.2,1002.5,95.0,HEALTHY,replay,0.2,0.0
2025-01-22T04:00:00+00:00,AWS-VAR-102,13.5,1002.6,96.0,False,,low,0.2,NORMAL,13.7,1002.5,95.0,HEALTHY,replay,0.3,0.0
2025-01-22T05:00:00+00:00,AWS-VAR-102,13.1,1003.1,96.0,False,,low,0.3,NORMAL,13.3,1003.0,96.0,HEALTHY,replay,0.5,0.0
2025-01-22T06:00:00+00:00,AWS-VAR-102,13.2,1004.2,97.0,False,,low,0.2,NORMAL,13.2,1004.1,97.0,HEALTHY,replay,0.3,0.0
2025-01-22T07:00:00+00:00,AWS-VAR-102,13.6,1004.7,98.0,False,,low,0.2,NORMAL,13.5,1003.6,97.0,HEALTHY,replay,0.4,0.0
2025-01-22T08:00:00+00:00,AWS-VAR-102,15.7,1005.7,92.0,False,,low,0.6,NORMAL,15.3,1004.7,93.0,HEALTHY,replay,1.0,0.0
2025-01-22T09:00:00+00:00,AWS-VAR-102,18.2,1006.4,83.0,False,,low,1.7,NORMAL,17.7,1005.3,85.0,HEALTHY,replay,2.9,0.0
2025-01-22T10:00:00+00:00,AWS-VAR-102,20.5,1006.2,75.0,False,,low,1.0,NORMAL,20.1,1005.31,76.0,HEALTHY,replay,1.7,0.0
2025-01-22T11:00:00+00:00,AWS-VAR-102,22.3,1005.5,65.0,False,,low,1.0,NORMAL,22.0,1005.4,67.0,HEALTHY,replay,1.7,0.0
2025-01-22T12:00:00+00:00,AWS-VAR-102,23.6,1004.3,58.0,False,,low,1.3,NORMAL,23.3,1004.2,59.0,HEALTHY,replay,2.2,0.0
2025-01-22T13:00:00+00:00,AWS-VAR-102,24.4,1003.2,53.0,False,,low,1.4,NORMAL,24.1,1003.1,54.0,HEALTHY,replay,2.3,0.0
2025-01-22T14:00:00+00:00,AWS-VAR-102,24.7,1002.5,51.0,False,,low,0.8,NORMAL,24.4,1002.4,52.0,HEALTHY,replay,1.3,0.0
2025-01-22T15:00:00+00:00,AWS-VAR-102,24.4,1002.0,51.0,False,,low,0.5,NORMAL,24.2,1001.9,55.0,HEALTHY,replay,0.9,0.0
2025-01-22T16:00:00+00:00,AWS-VAR-102,22.9,1001.8,65.0,False,,low,0.5,NORMAL,22.9,1001.8,67.0,HEALTHY,replay,0.9,0.0
2025-01-22T17:00:00+00:00,AWS-VAR-102,20.0,1001.8,73.0,False,,low,0.9,NORMAL,20.3,1001.7,73.0,HEALTHY,replay,1.5,0.0
2025-01-22T18:00:00+00:00,AWS-VAR-102,18.3,1002.8,83.0,False,,low,3.6,NORMAL,18.6,1002.7,79.0,HEALTHY,replay,6.0,0.0
2025-01-22T19:00:00+00:00,AWS-VAR-102,17.3,1003.4,86.0,False,,low,0.8,NORMAL,17.3,1003.3,84.0,HEALTHY,replay,1.3,0.0
2025-01-22T20:00:00+00:00,AWS-VAR-102,16.5,1004.1,87.0,False,,low,0.4,NORMAL,16.6,1003.9,86.0,HEALTHY,replay,0.6,0.0
2025-01-22T21:00:00+00:00,AWS-VAR-102,15.8,1004.4,89.0,False,,low,0.2,NORMAL,16.2,1004.3,86.0,HEALTHY,replay,0.3,0.0
2025-01-22T22:00:00+00:00,AWS-VAR-102,15.0,1004.5,93.0,False,,low,0.1,NORMAL,15.4,1004.4,89.0,HEALTHY,replay,0.2,0.0
2025-01-22T23:00:00+00:00,AWS-VAR-102,14.3,1004.4,95.0,False,,low,0.2,NORMAL,14.6,1004.3,92.0,HEALTHY,replay,0.3,0.0
2025-01-23T00:00:00+00:00,AWS-VAR-102,13.7,1004.3,97.0,False,,low,0.1,NORMAL,14.0,1004.1,93.0,HEALTHY,replay,0.2,0.0
2025-01-23T01:00:00+00:00,AWS-VAR-102,12.5,1004.1,100.0,False,,low,0.4,NORMAL,13.7,1003.9,95.0,HEALTHY,replay,0.6,0.0
2025-01-23T02:00:00+00:00,AWS-VAR-102,11.9,1003.4,100.0,False,,low,0.2,NORMAL,13.0,1003.2,98.0,HEALTHY,replay,0.3,0.0
2025-01-23T03:00:00+00:00,AWS-VAR-102,11.5,1003.0,100.0,False,,low,0.1,NORMAL,12.0,1002.9,99.0,HEALTHY,replay,0.2,0.0
2025-01-23T04:00:00+00:00,AWS-VAR-102,11.2,1003.0,100.0,False,,low,0.1,NORMAL,12.0,1002.9,100.0,HEALTHY,replay,0.2,0.0
2025-01-23T05:00:00+00:00,AWS-VAR-102,10.6,1003.5,100.0,False,,low,0.1,NORMAL,11.8,1003.4,100.0,HEALTHY,replay,0.2,0.0
2025-01-23T06:00:00+00:00,AWS-VAR-102,10.6,1004.6,100.0,False,,low,0.3,NORMAL,11.2,1004.4,100.0,HEALTHY,replay,0.5,0.0
2025-01-23T07:00:00+00:00,AWS-VAR-102,11.6,1005.2,98.0,False,,low,0.3,NORMAL,11.5,1005.1,99.0,HEALTHY,replay,0.5,0.0
2025-01-23T08:00:00+00:00,AWS-VAR-102,13.9,1006.2,98.0,False,,low,1.0,NORMAL,14.1,1006.1,99.0,HEALTHY,replay,1.7,0.0
2025-01-23T09:00:00+00:00,AWS-VAR-102,17.7,1006.7,91.0,False,,low,3.3,NORMAL,17.3,1006.6,91.0,HEALTHY,replay,5.5,0.0
2025-01-23T10:00:00+00:00,AWS-VAR-102,21.4,1006.7,72.0,False,,low,7.3,NORMAL,20.9,1006.6,74.0,HEALTHY,replay,12.2,0.0
2025-01-23T11:00:00+00:00,AWS-VAR-102,23.2,1005.8,61.0,False,,low,3.1,NORMAL,22.7,1005.8,63.0,HEALTHY,replay,5.2,0.0
2025-01-23T12:00:00+00:00,AWS-VAR-102,24.2,1004.4,55.0,False,,low,2.0,NORMAL,23.9,1004.4,57.0,HEALTHY,replay,3.4,0.0
2025-01-23T13:00:00+00:00,AWS-VAR-102,24.8,1003.5,54.0,False,,low,0.7,NORMAL,24.6,1003.3,55.0,HEALTHY,replay,1.2,0.0
2025-01-23T14:00:00+00:00,AWS-VAR-102,25.1,1002.6,54.0,False,,low,0.8,NORMAL,24.9,1002.5,55.0,HEALTHY,replay,1.4,0.0
2025-01-23T15:00:00+00:00,AWS-VAR-102,24.8,1002.2,55.0,False,,low,0.4,NORMAL,24.6,1002.2,57.0,HEALTHY,replay,0.6,0.0
2025-01-23T16:00:00+00:00,AWS-VAR-102,23.5,1002.1,66.0,False,,low,0.3,NORMAL,23.6,1002.0,67.0,HEALTHY,replay,0.5,0.0
2025-01-23T17:00:00+00:00,AWS-VAR-102,20.4,1002.3,78.0,False,,low,1.2,NORMAL,21.0,1002.2,76.0,HEALTHY,replay,1.9,0.0
2025-01-23T18:00:00+00:00,AWS-VAR-102,18.1,1003.2,86.0,False,,low,1.9,NORMAL,18.8,1003.1,86.0,HEALTHY,replay,3.2,0.0
2025-01-23T19:00:00+00:00,AWS-VAR-102,17.0,1004.0,90.0,False,,low,1.2,NORMAL,18.1,1003.9,88.0,HEALTHY,replay,2.0,0.0
2025-01-23T20:00:00+00:00,AWS-VAR-102,16.2,1004.4,92.0,False,,low,0.5,NORMAL,17.1,1004.2,88.0,HEALTHY,replay,0.8,0.0
2025-01-23T21:00:00+00:00,AWS-VAR-102,15.3,1004.5,93.0,False,,low,0.2,NORMAL,16.5,1004.4,90.0,HEALTHY,replay,0.3,0.0
2025-01-23T22:00:00+00:00,AWS-VAR-102,14.9,1004.5,94.0,False,,low,0.1,NORMAL,15.7,1004.3,92.0,HEALTHY,replay,0.2,0.0
2025-01-23T23:00:00+00:00,AWS-VAR-102,14.2,1004.0,96.0,False,,low,0.1,NORMAL,15.2,1003.9,93.0,HEALTHY,replay,0.2,0.0
2025-01-24T00:00:00+00:00,AWS-VAR-102,13.8,1003.9,97.0,False,,low,0.2,NORMAL,14.7,1003.7,93.0,HEALTHY,replay,0.3,0.0
2025-01-24T01:00:00+00:00,AWS-VAR-102,13.4,1003.6,98.0,False,,low,0.2,NORMAL,13.8,1003.6,94.0,HEALTHY,replay,0.3,0.0
2025-01-24T02:00:00+00:00,AWS-VAR-102,13.8,1003.3,98.0,False,,low,0.2,NORMAL,14.0,1003.2,97.0,HEALTHY,replay,0.4,0.0
2025-01-24T03:00:00+00:00,AWS-VAR-102,13.3,1003.1,98.0,False,,low,0.3,NORMAL,13.4,1003.1,98.0,HEALTHY,replay,0.5,0.0
2025-01-24T04:00:00+00:00,AWS-VAR-102,13.1,1002.9,98.0,False,,low,0.4,NORMAL,13.8,1003.0,97.0,HEALTHY,replay,0.6,0.0
2025-01-24T05:00:00+00:00,AWS-VAR-102,13.7,1003.3,97.0,False,,low,0.9,NORMAL,14.0,1003.4,96.0,HEALTHY,replay,1.4,0.0
2025-01-24T06:00:00+00:00,AWS-VAR-102,14.5,1004.0,97.0,False,,low,1.0,NORMAL,14.5,1004.0,97.0,HEALTHY,replay,1.7,0.0
2025-01-24T07:00:00+00:00,AWS-VAR-102,15.0,1004.7,96.0,False,,low,0.7,NORMAL,14.9,1004.7,95.0,HEALTHY,replay,1.2,0.0
2025-01-24T08:00:00+00:00,AWS-VAR-102,16.9,1005.5,90.0,False,,low,1.0,NORMAL,16.6,1005.5,91.0,HEALTHY,replay,1.7,0.0
2025-01-24T09:00:00+00:00,AWS-VAR-102,19.0,1006.2,81.0,False,,low,1.0,NORMAL,18.7,1006.2,80.0,HEALTHY,replay,1.6,0.0
2025-01-24T10:00:00+00:00,AWS-VAR-102,20.9,1006.1,72.0,False,,low,1.3,NORMAL,20.6,1006.2,71.0,HEALTHY,replay,2.1,0.0
2025-01-24T11:00:00+00:00,AWS-VAR-102,22.2,1005.4,65.0,False,,low,1.0,NORMAL,22.1,1005.4,65.0,HEALTHY,replay,1.7,0.0
2025-01-24T12:00:00+00:00,AWS-VAR-102,23.0,1004.3,59.0,False,,low,1.6,NORMAL,23.1,1004.3,61.0,HEALTHY,replay,2.7,0.0
2025-01-24T13:00:00+00:00,AWS-VAR-102,23.7,1003.2,57.0,False,,low,2.7,NORMAL,23.8,1003.2,58.0,HEALTHY,replay,4.5,0.0
2025-01-24T14:00:00+00:00,AWS-VAR-102,23.9,1002.6,59.0,False,,low,0.9,NORMAL,24.0,1002.7,59.0,HEALTHY,replay,1.4,0.0
2025-01-24T15:00:00+00:00,AWS-VAR-102,23.6,1002.3,61.0,False,,low,0.5,NORMAL,23.8,1002.3,59.0,HEALTHY,replay,0.9,0.0
2025-01-24T16:00:00+00:00,AWS-VAR-102,22.8,1002.3,65.0,False,,low,0.3,NORMAL,22.9,1002.3,62.0,HEALTHY,replay,0.5,0.0
2025-01-24T17:00:00+00:00,AWS-VAR-102,20.7,1002.5,72.0,False,,low,0.3,NORMAL,20.9,1002.5,69.0,HEALTHY,replay,0.6,0.0
2025-01-24T18:00:00+00:00,AWS-VAR-102,19.1,1003.7,79.0,False,,low,0.7,NORMAL,19.7,1003.7,74.0,HEALTHY,replay,1.1,0.0
2025-01-24T19:00:00+00:00,AWS-VAR-102,18.5,1004.5,79.0,False,,low,0.4,NORMAL,18.9,1004.5,69.0,HEALTHY,replay,0.6,0.0
2025-01-24T20:00:00+00:00,AWS-VAR-102,18.0,1005.0,74.0,False,,low,0.6,NORMAL,18.1,1005.0,64.0,HEALTHY,replay,1.1,0.0
2025-01-24T21:00:00+00:00,AWS-VAR-102,16.9,1005.2,73.0,False,,low,0.5,NORMAL,17.1,1005.1,64.0,HEALTHY,replay,0.9,0.0
2025-01-24T22:00:00+00:00,AWS-VAR-102,16.0,1005.2,70.0,False,,low,0.8,NORMAL,16.2,1005.2,66.0,HEALTHY,replay,1.3,0.0
2025-01-24T23:00:00+00:00,AWS-VAR-102,15.1,1004.8,69.0,False,,low,0.3,NORMAL,15.4,1004.8,68.0,HEALTHY,replay,0.5,0.0
2025-01-25T00:00:00+00:00,AWS-VAR-102,14.0,1004.6,72.0,False,,low,0.3,NORMAL,14.6,1004.6,71.0,HEALTHY,replay,0.5,0.0
2025-01-25T01:00:00+00:00,AWS-VAR-102,13.3,1004.5,75.0,False,,low,0.3,NORMAL,13.8,1004.4,76.0,HEALTHY,replay,0.4,0.0
2025-01-25T02:00:00+00:00,AWS-VAR-102,12.7,1004.1,76.0,False,,low,0.2,NORMAL,12.9,1003.79,78.0,HEALTHY,replay,0.3,0.0
2025-01-25T03:00:00+00:00,AWS-VAR-102,12.1,1003.9,79.0,False,,low,0.1,NORMAL,12.3,1003.9,81.0,HEALTHY,replay,0.2,0.0
2025-01-25T04:00:00+00:00,AWS-VAR-102,11.7,1004.0,82.0,False,,low,0.2,NORMAL,11.9,1003.98,83.0,HEALTHY,replay,0.3,0.0
2025-01-25T05:00:00+00:00,AWS-VAR-102,11.2,1004.4,84.0,False,,low,0.3,NORMAL,11.4,1004.3,82.0,HEALTHY,replay,0.6,0.0
2025-01-25T06:00:00+00:00,AWS-VAR-102,11.1,1005.5,88.0,False,,low,0.5,NORMAL,11.3,1005.4,86.0,HEALTHY,replay,0.8,0.0
2025-01-25T07:00:00+00:00,AWS-VAR-102,11.8,1006.3,84.0,False,,low,0.5,NORMAL,11.8,1006.1,84.0,HEALTHY,replay,0.8,0.0
2025-01-25T08:00:00+00:00,AWS-VAR-102,14.0,1006.9,79.0,False,,low,0.6,NORMAL,13.9,1006.8,80.0,HEALTHY,replay,1.1,0.0
2025-01-25T09:00:00+00:00,AWS-VAR-102,16.6,1007.6,70.0,False,,low,1.1,NORMAL,16.3,1007.4,71.0,HEALTHY,replay,1.9,0.0
2025-01-25T10:00:00+00:00,AWS-VAR-102,18.8,1007.6,62.0,False,,low,1.3,NORMAL,18.5,1007.5,62.0,HEALTHY,replay,2.2,0.0
2025-01-25T11:00:00+00:00,AWS-VAR-102,20.3,1006.9,55.0,False,,low,1.0,NORMAL,20.2,1006.9,55.0,HEALTHY,replay,1.7,0.0
2025-01-25T12:00:00+00:00,AWS-VAR-102,21.4,1005.7,50.0,False,,low,0.7,NORMAL,21.3,1005.7,50.0,HEALTHY,replay,1.2,0.0
2025-01-25T13:00:00+00:00,AWS-VAR-102,22.0,1004.9,46.0,False,,low,0.8,NORMAL,22.0,1004.7,47.0,HEALTHY,replay,1.4,0.0
2025-01-25T14:00:00+00:00,AWS-VAR-102,22.1,1004.0,44.0,False,,low,0.7,NORMAL,22.2,1004.0,44.0,HEALTHY,replay,1.2,0.0
2025-01-25T15:00:00+00:00,AWS-VAR-102,21.7,1003.7,44.0,False,,low,0.4,NORMAL,22.0,1003.6,44.0,HEALTHY,replay,0.7,0.0
2025-01-25T16:00:00+00:00,AWS-VAR-102,20.3,1003.7,55.0,False,,low,0.5,NORMAL,20.7,1003.6,54.0,HEALTHY,replay,0.8,0.0
2025-01-25T17:00:00+00:00,AWS-VAR-102,17.8,1003.7,58.0,False,,low,0.8,NORMAL,18.6,1003.6,58.0,HEALTHY,replay,1.3,0.0
2025-01-25T18:00:00+00:00,AWS-VAR-102,17.9,1004.2,49.0,False,,low,1.0,NORMAL,18.2,1004.1,53.0,HEALTHY,replay,1.7,0.0
2025-01-25T19:00:00+00:00,AWS-VAR-102,16.9,1004.7,52.0,False,,low,0.3,NORMAL,17.1,1004.7,57.0,HEALTHY,replay,0.5,0.0
2025-01-25T20:00:00+00:00,AWS-VAR-102,15.7,1005.1,56.0,False,,low,0.2,NORMAL,15.9,1005.0,62.0,HEALTHY,replay,0.3,0.0
2025-01-25T21:00:00+00:00,AWS-VAR-102,14.5,1005.4,63.0,False,,low,0.2,NORMAL,15.3,1005.3,63.0,HEALTHY,replay,0.3,0.0
2025-01-25T22:00:00+00:00,AWS-VAR-102,13.8,1005.6,67.0,False,,low,0.2,NORMAL,14.4,1005.5,64.0,HEALTHY,replay,0.3,0.0
2025-01-25T23:00:00+00:00,AWS-VAR-102,13.0,1005.4,70.0,False,,low,0.1,NORMAL,13.4,1005.3,65.0,HEALTHY,replay,0.2,0.0
2025-01-26T00:00:00+00:00,AWS-VAR-102,12.2,1005.0,72.0,False,,low,0.1,NORMAL,12.7,1004.9,68.0,HEALTHY,replay,0.2,0.0
2025-01-26T01:00:00+00:00,AWS-VAR-102,11.6,1004.7,74.0,False,,low,0.1,NORMAL,12.0,1004.6,75.0,HEALTHY,replay,0.1,0.0
2025-01-26T02:00:00+00:00,AWS-VAR-102,10.8,1004.7,77.0,False,,low,0.1,NORMAL,11.1,1004.6,79.0,HEALTHY,replay,0.2,0.0
2025-01-26T03:00:00+00:00,AWS-VAR-102,10.3,1004.5,80.0,False,,low,0.1,NORMAL,10.4,1004.4,82.0,HEALTHY,replay,0.2,0.0
2025-01-26T04:00:00+00:00,AWS-VAR-102,10.2,1004.3,80.0,False,,low,0.2,NORMAL,9.9,1004.2,84.0,HEALTHY,replay,0.3,0.0
2025-01-26T05:00:00+00:00,AWS-VAR-102,9.7,1004.9,82.0,False,,low,0.4,NORMAL,9.5,1004.8,86.0,HEALTHY,replay,0.7,0.0
2025-01-26T06:00:00+00:00,AWS-VAR-102,9.6,1006.1,89.0,False,,low,1.2,NORMAL,9.8,1006.0,91.0,HEALTHY,replay,2.0,0.0
2025-01-26T07:00:00+00:00,AWS-VAR-102,10.4,1006.8,87.0,False,,low,0.7,NORMAL,10.6,1006.6,90.0,HEALTHY,replay,1.2,0.0
2025-01-26T08:00:00+00:00,AWS-VAR-102,13.1,1007.7,81.0,False,,low,1.4,NORMAL,12.9,1007.7,83.0,HEALTHY,replay,2.4,0.0
2025-01-26T09:00:00+00:00,AWS-VAR-102,15.9,1008.4,72.0,False,,low,1.8,NORMAL,15.6,1008.3,72.0,HEALTHY,replay,3.0,0.0
2025-01-26T10:00:00+00:00,AWS-VAR-102,18.3,1008.4,63.0,False,,low,1.4,NORMAL,18.0,1008.4,63.0,HEALTHY,replay,2.4,0.0
2025-01-26T11:00:00+00:00,AWS-VAR-102,19.9,1007.5,57.0,False,,low,0.8,NORMAL,19.8,1007.4,57.0,HEALTHY,replay,1.4,0.0
2025-01-26T12:00:00+00:00,AWS-VAR-102,21.0,1006.1,51.0,False,,low,1.4,NORMAL,21.0,1006.1,50.0,HEALTHY,replay,2.4,0.0
2025-01-26T13:00:00+00:00,AWS-VAR-102,21.6,1005.1,45.0,False,,low,0.9,NORMAL,21.7,1005.0,46.0,HEALTHY,replay,1.5,0.0
2025-01-26T14:00:00+00:00,AWS-VAR-102,21.7,1004.2,45.0,False,,low,0.6,NORMAL,21.9,1004.1,44.0,HEALTHY,replay,1.1,0.0
2025-01-26T15:00:00+00:00,AWS-VAR-102,21.4,1003.7,46.0,False,,low,0.4,NORMAL,21.4,1003.5,44.0,HEALTHY,replay,0.7,0.0
2025-01-26T16:00:00+00:00,AWS-VAR-102,20.2,1003.3,58.0,False,,low,1.1,NORMAL,20.6,1002.5,52.0,HEALTHY,replay,1.8,0.0
2025-01-26T17:00:00+00:00,AWS-VAR-102,17.1,1003.2,68.0,False,,low,1.5,NORMAL,17.6,1002.2,59.0,HEALTHY,replay,2.4,0.0
2025-01-26T18:00:00+00:00,AWS-VAR-102,16.3,1003.2,67.0,False,,low,0.9,NORMAL,17.5,1002.2,56.0,HEALTHY,replay,1.5,0.0
2025-01-26T19:00:00+00:00,AWS-VAR-102,15.4,1003.9,64.0,False,,low,0.4,NORMAL,17.2,1003.0,57.0,HEALTHY,replay,0.7,0.0
2025-01-26T20:00:00+00:00,AWS-VAR-102,14.8,1003.9,67.0,False,,low,0.2,NORMAL,13.5,1003.9,78.0,HEALTHY,replay,0.3,0.0
2025-01-26T21:00:00+00:00,AWS-VAR-102,14.0,1004.4,71.0,False,,low,0.1,NORMAL,12.6,1004.4,76.0,HEALTHY,replay,0.1,0.0
2025-01-26T22:00:00+00:00,AWS-VAR-102,13.2,1004.4,76.0,False,,low,0.1,NORMAL,12.6,1004.3,82.0,HEALTHY,replay,0.1,0.0
2025-01-26T23:00:00+00:00,AWS-VAR-102,12.1,1004.1,82.0,False,,low,0.1,NORMAL,11.9,1004.1,85.0,HEALTHY,replay,0.2,0.0
2025-01-27T00:00:00+00:00,AWS-VAR-102,11.4,1003.7,86.0,False,,low,0.3,NORMAL,11.4,1003.7,87.0,HEALTHY,replay,0.4,0.0
2025-01-27T01:00:00+00:00,AWS-VAR-102,10.8,1003.5,87.0,False,,low,0.2,NORMAL,10.7,1003.4,89.0,HEALTHY,replay,0.3,0.0
2025-01-27T02:00:00+00:00,AWS-VAR-102,10.4,1003.0,89.0,False,,low,0.1,NORMAL,10.3,1003.0,90.0,HEALTHY,replay,0.2,0.0
2025-01-27T03:00:00+00:00,AWS-VAR-102,10.1,1002.8,89.0,False,,low,0.1,NORMAL,10.1,1002.8,91.0,HEALTHY,replay,0.2,0.0
2025-01-27T04:00:00+00:00,AWS-VAR-102,9.8,1002.8,90.0,False,,low,0.1,NORMAL,9.9,1002.8,91.0,HEALTHY,replay,0.2,0.0
2025-01-27T05:00:00+00:00,AWS-VAR-102,9.5,1003.1,91.0,False,,low,0.2,NORMAL,9.5,1003.0,92.0,HEALTHY,replay,0.3,0.0
2025-01-27T06:00:00+00:00,AWS-VAR-102,9.8,1003.8,94.0,False,,low,0.3,NORMAL,9.9,1003.7,95.0,HEALTHY,replay,0.4,0.0
2025-01-27T07:00:00+00:00,AWS-VAR-102,10.4,1004.7,92.0,False,,low,0.3,NORMAL,10.4,1004.7,93.0,HEALTHY,replay,0.5,0.0
2025-01-27T08:00:00+00:00,AWS-VAR-102,12.7,1005.4,86.0,False,,low,0.4,NORMAL,12.6,1005.3,86.0,HEALTHY,replay,0.7,0.0
2025-01-27T09:00:00+00:00,AWS-VAR-102,15.6,1006.1,78.0,False,,low,1.1,NORMAL,15.5,1006.1,77.0,HEALTHY,replay,1.8,0.0
2025-01-27T10:00:00+00:00,AWS-VAR-102,18.1,1006.3,68.0,False,,low,1.2,NORMAL,18.2,1006.3,67.0,HEALTHY,replay,2.0,0.0
2025-01-27T11:00:00+00:00,AWS-VAR-102,19.8,1005.4,60.0,False,,low,0.8,NORMAL,20.0,1005.4,59.0,HEALTHY,replay,1.3,0.0
2025-01-27T12:00:00+00:00,AWS-VAR-102,20.8,1004.0,54.0,False,,low,1.8,NORMAL,21.0,1003.9,52.0,HEALTHY,replay,3.0,0.0
2025-01-27T13:00:00+00:00,AWS-VAR-102,21.4,1003.0,50.0,False,,low,2.3,NORMAL,21.7,1002.8,49.0,HEALTHY,replay,3.9,0.0
2025-01-27T14:00:00+00:00,AWS-VAR-102,21.5,1001.8,50.0,False,,low,4.9,NORMAL,21.8,1001.7,48.0,HEALTHY,replay,8.2,0.0
2025-01-27T15:00:00+00:00,AWS-VAR-102,21.3,1001.3,50.0,False,,low,2.1,NORMAL,21.5,1001.2,50.0,HEALTHY,replay,3.6,0.0
2025-01-27T16:00:00+00:00,AWS-VAR-102,20.2,1001.1,58.0,False,,low,0.9,NORMAL,20.7,1001.0,56.0,HEALTHY,replay,1.5,0.0
2025-01-27T17:00:00+00:00,AWS-VAR-102,17.4,1001.2,70.0,False,,low,1.5,NORMAL,17.8,1001.1,69.0,HEALTHY,replay,2.4,0.0
2025-01-27T18:00:00+00:00,AWS-VAR-102,16.3,1001.1,74.0,False,,low,0.5,NORMAL,16.6,1001.0,73.0,HEALTHY,replay,0.8,0.0
2025-01-27T19:00:00+00:00,AWS-VAR-102,15.3,1001.7,78.0,False,,low,0.5,NORMAL,15.5,1001.7,75.0,HEALTHY,replay,0.8,0.0
2025-01-27T20:00:00+00:00,AWS-VAR-102,14.4,1002.2,84.0,False,,low,0.3,NORMAL,15.5,1002.3,73.0,HEALTHY,replay,0.6,0.0
2025-01-27T21:00:00+00:00,AWS-VAR-102,13.8,1002.9,85.0,False,,low,0.1,NORMAL,14.8,1002.8,73.0,HEALTHY,replay,0.2,0.0
2025-01-27T22:00:00+00:00,AWS-VAR-102,12.9,1003.0,84.0,False,,low,0.1,NORMAL,13.4,1002.9,78.0,HEALTHY,replay,0.2,0.0
2025-01-27T23:00:00+00:00,AWS-VAR-102,11.9,1002.6,86.0,False,,low,0.1,NORMAL,12.3,1002.5,83.0,HEALTHY,replay,0.2,0.0
2025-01-28T00:00:00+00:00,AWS-VAR-102,11.3,1002.3,87.0,False,,low,0.1,NORMAL,11.7,1002.2,86.0,HEALTHY,replay,0.2,0.0
2025-01-28T01:00:00+00:00,AWS-VAR-102,10.9,1002.2,88.0,False,,low,0.1,NORMAL,11.1,1002.1,88.0,HEALTHY,replay,0.2,0.0
2025-01-28T02:00:00+00:00,AWS-VAR-102,10.6,1001.9,90.0,False,,low,0.1,NORMAL,10.6,1001.8,90.0,HEALTHY,replay,0.2,0.0
2025-01-28T03:00:00+00:00,AWS-VAR-102,10.1,1001.5,91.0,False,,low,0.1,NORMAL,10.2,1001.5,91.0,HEALTHY,replay,0.2,0.0
2025-01-28T04:00:00+00:00,AWS-VAR-102,9.8,1001.4,92.0,False,,low,0.1,NORMAL,10.2,1001.4,92.0,HEALTHY,replay,0.2,0.0
2025-01-28T05:00:00+00:00,AWS-VAR-102,9.6,1002.0,93.0,False,,low,0.2,NORMAL,10.0,1001.9,93.0,HEALTHY,replay,0.4,0.0
2025-01-28T06:00:00+00:00,AWS-VAR-102,9.5,1003.3,94.0,False,,low,0.2,NORMAL,9.8,1003.2,95.0,HEALTHY,replay,0.3,0.0
2025-01-28T07:00:00+00:00,AWS-VAR-102,10.3,1004.5,93.0,False,,low,0.6,NORMAL,10.4,1004.4,94.0,HEALTHY,replay,1.0,0.0
2025-01-28T08:00:00+00:00,AWS-VAR-102,12.9,1005.7,86.0,False,,low,1.7,NORMAL,12.7,1005.5,86.0,HEALTHY,replay,2.8,0.0
2025-01-28T09:00:00+00:00,AWS-VAR-102,15.7,1006.6,77.0,False,,low,2.7,NORMAL,15.6,1006.5,76.0,HEALTHY,replay,4.6,0.0
2025-01-28T10:00:00+00:00,AWS-VAR-102,18.2,1006.8,68.0,False,,low,1.5,NORMAL,18.2,1006.7,66.0,HEALTHY,replay,2.6,0.0
2025-01-28T11:00:00+00:00,AWS-VAR-102,19.8,1005.9,60.0,False,,low,0.6,NORMAL,20.0,1005.8,57.0,HEALTHY,replay,1.1,0.0
2025-01-28T12:00:00+00:00,AWS-VAR-102,20.7,1004.6,55.0,False,,low,0.8,NORMAL,21.0,1004.5,51.0,HEALTHY,replay,1.3,0.0
2025-01-28T13:00:00+00:00,AWS-VAR-102,21.3,1003.6,52.0,False,,low,0.8,NORMAL,21.7,1003.5,49.0,HEALTHY,replay,1.4,0.0
2025-01-28T14:00:00+00:00,AWS-VAR-102,21.5,1003.0,52.0,False,,low,0.3,NORMAL,22.0,1002.9,48.0,HEALTHY,replay,0.5,0.0
2025-01-28T15:00:00+00:00,AWS-VAR-102,21.3,1002.5,52.0,False,,low,0.4,NORMAL,22.0,1002.4,48.0,HEALTHY,replay,0.6,0.0
2025-01-28T16:00:00+00:00,AWS-VAR-102,20.3,1002.5,62.0,False,,low,0.3,NORMAL,21.4,1002.4,54.0,HEALTHY,replay,0.4,0.0
2025-01-28T17:00:00+00:00,AWS-VAR-102,17.4,1002.7,72.0,False,,low,0.5,NORMAL,18.9,1002.5,66.0,HEALTHY,replay,0.8,0.0
2025-01-28T18:00:00+00:00,AWS-VAR-102,16.3,1003.1,73.0,False,,low,0.2,NORMAL,17.8,1002.9,69.0,HEALTHY,replay,0.3,0.0
2025-01-28T19:00:00+00:00,AWS-VAR-102,15.9,1003.9,70.0,False,,low,0.2,NORMAL,17.3,1003.8,69.0,HEALTHY,replay,0.3,0.0
2025-01-28T20:00:00+00:00,AWS-VAR-102,15.1,1004.7,74.0,False,,low,0.1,NORMAL,15.9,1004.6,74.0,HEALTHY,replay,0.2,0.0
2025-01-28T21:00:00+00:00,AWS-VAR-102,14.1,1005.4,81.0,False,,low,0.3,NORMAL,14.4,1005.3,80.0,HEALTHY,replay,0.4,0.0
2025-01-28T22:00:00+00:00,AWS-VAR-102,13.1,1005.9,85.0,False,,low,0.2,NORMAL,13.8,1005.8,83.0,HEALTHY,replay,0.4,0.0
2025-01-28T23:00:00+00:00,AWS-VAR-102,12.6,1005.8,84.0,False,,low,0.1,NORMAL,13.5,1005.8,83.0,HEALTHY,replay,0.2,0.0
2025-01-29T00:00:00+00:00,AWS-VAR-102,11.5,1005.7,88.0,False,,low,0.2,NORMAL,12.6,1005.5,86.0,HEALTHY,replay,0.4,0.0
2025-01-29T01:00:00+00:00,AWS-VAR-102,10.7,1005.6,92.0,False,,low,0.2,NORMAL,11.1,1005.4,92.0,HEALTHY,replay,0.4,0.0
2025-01-29T02:00:00+00:00,AWS-VAR-102,10.0,1005.2,93.0,False,,low,0.3,NORMAL,10.4,1005.1,92.0,HEALTHY,replay,0.5,0.0
2025-01-29T03:00:00+00:00,AWS-VAR-102,9.8,1005.0,93.0,False,,low,0.1,NORMAL,10.0,1004.7,93.0,HEALTHY,replay,0.2,0.0
2025-01-29T04:00:00+00:00,AWS-VAR-102,9.7,1004.7,91.0,False,,low,0.2,NORMAL,10.0,1004.5,94.0,HEALTHY,replay,0.3,0.0
2025-01-29T05:00:00+00:00,AWS-VAR-102,9.7,1005.1,89.0,False,,low,0.3,NORMAL,9.7,1004.9,93.0,HEALTHY,replay,0.6,0.0
2025-01-29T06:00:00+00:00,AWS-VAR-102,10.3,1006.1,90.0,False,,low,0.4,NORMAL,10.5,1005.9,91.0,HEALTHY,replay,0.6,0.0
2025-01-29T07:00:00+00:00,AWS-VAR-102,11.8,1007.2,86.0,False,,low,0.8,NORMAL,11.6,1007.0,90.0,HEALTHY,replay,1.4,0.0
2025-01-29T08:00:00+00:00,AWS-VAR-102,14.0,1008.3,82.0,False,,low,1.4,NORMAL,13.9,1008.2,82.0,HEALTHY,replay,2.4,0.0
2025-01-29T09:00:00+00:00,AWS-VAR-102,17.2,1009.3,74.0,False,,low,6.1,NORMAL,17.0,1008.9,74.0,HEALTHY,replay,10.1,0.0
2025-01-29T10:00:00+00:00,AWS-VAR-102,17.9,1009.3,72.0,False,,low,0.9,NORMAL,17.5,1009.2,73.0,HEALTHY,replay,1.4,0.0
2025-01-29T11:00:00+00:00,AWS-VAR-102,18.3,1008.3,72.0,False,,low,1.0,NORMAL,19.1,1008.2,65.0,HEALTHY,replay,1.6,0.0
2025-01-29T12:00:00+00:00,AWS-VAR-102,21.0,1006.9,61.0,False,,low,3.5,NORMAL,21.5,1006.8,55.0,HEALTHY,replay,5.8,0.0
2025-01-29T13:00:00+00:00,AWS-VAR-102,21.9,1005.5,56.0,False,,low,4.2,NORMAL,22.3,1005.4,51.0,HEALTHY,replay,6.9,0.0
2025-01-29T14:00:00+00:00,AWS-VAR-102,22.2,1004.5,51.0,False,,low,6.4,NORMAL,22.7,1004.3,48.0,HEALTHY,replay,10.6,0.0
2025-01-29T15:00:00+00:00,AWS-VAR-102,21.9,1003.8,51.0,False,,low,3.4,NORMAL,22.5,1003.7,48.0,HEALTHY,replay,5.6,0.0
2025-01-29T16:00:00+00:00,AWS-VAR-102,20.8,1003.2,63.0,False,,low,3.0,NORMAL,21.6,1003.1,55.0,HEALTHY,replay,5.1,0.0
2025-01-29T17:00:00+00:00,AWS-VAR-102,17.6,1003.2,73.0,False,,low,2.4,NORMAL,18.9,1003.1,69.0,HEALTHY,replay,4.0,0.0
2025-01-29T18:00:00+00:00,AWS-VAR-102,16.5,1003.2,74.0,False,,low,0.7,NORMAL,17.4,1003.1,76.0,HEALTHY,replay,1.1,0.0
2025-01-29T19:00:00+00:00,AWS-VAR-102,15.9,1003.7,75.0,False,,low,0.3,NORMAL,16.4,1003.6,81.0,HEALTHY,replay,0.4,0.0
2025-01-29T20:00:00+00:00,AWS-VAR-102,14.9,1004.1,79.0,False,,low,0.1,NORMAL,15.3,1004.0,85.0,HEALTHY,replay,0.2,0.0
2025-01-29T21:00:00+00:00,AWS-VAR-102,13.8,1004.4,83.0,False,,low,0.2,NORMAL,14.3,1004.2,88.0,HEALTHY,replay,0.3,0.0
2025-01-29T22:00:00+00:00,AWS-VAR-102,12.9,1004.3,87.0,False,,low,0.2,NORMAL,13.5,1004.2,91.0,HEALTHY,replay,0.4,0.0
2025-01-29T23:00:00+00:00,AWS-VAR-102,12.3,1003.8,91.0,False,,low,0.3,NORMAL,12.7,1003.6,93.0,HEALTHY,replay,0.5,0.0
2025-01-30T00:00:00+00:00,AWS-VAR-102,11.6,1003.3,94.0,False,,low,0.3,NORMAL,12.0,1003.2,94.0,HEALTHY,replay,0.5,0.0
2025-01-30T01:00:00+00:00,AWS-VAR-102,11.0,1002.9,96.0,False,,low,0.2,NORMAL,11.5,1002.8,95.0,HEALTHY,replay,0.3,0.0
2025-01-30T02:00:00+00:00,AWS-VAR-102,10.5,1002.1,97.0,False,,low,0.3,NORMAL,11.0,1002.0,96.0,HEALTHY,replay,0.6,0.0
2025-01-30T03:00:00+00:00,AWS-VAR-102,10.2,1001.8,99.0,False,,low,0.4,NORMAL,10.6,1001.7,98.0,HEALTHY,replay,0.7,0.0
2025-01-30T04:00:00+00:00,AWS-VAR-102,9.7,1001.4,100.0,False,,low,0.6,NORMAL,10.3,1001.3,100.0,HEALTHY,replay,1.0,0.0
2025-01-30T05:00:00+00:00,AWS-VAR-102,9.3,1001.4,100.0,False,,low,1.0,NORMAL,9.7,1001.3,100.0,HEALTHY,replay,1.6,0.0
2025-01-30T06:00:00+00:00,AWS-VAR-102,8.2,1002.4,100.0,False,,low,1.0,NORMAL,8.6,1002.3,100.0,HEALTHY,replay,1.7,0.0
2025-01-30T07:00:00+00:00,AWS-VAR-102,8.2,1003.4,99.0,False,,low,3.4,NORMAL,9.0,1003.3,99.0,HEALTHY,replay,5.6,0.0
2025-01-30T08:00:00+00:00,AWS-VAR-102,11.7,1004.3,98.0,False,multivariate_inconsistency,low,25.7,NORMAL,11.4,1004.2,97.0,HEALTHY,replay,12.8,45.0
2025-01-30T09:00:00+00:00,AWS-VAR-102,15.4,1004.7,91.0,False,,low,13.4,NORMAL,14.7,1004.6,96.0,HEALTHY,replay,22.4,0.0
2025-01-30T10:00:00+00:00,AWS-VAR-102,19.0,1004.7,76.0,False,,low,10.7,NORMAL,18.4,1004.5,78.0,HEALTHY,replay,17.9,0.0
2025-01-30T11:00:00+00:00,AWS-VAR-102,21.1,1003.9,67.0,False,,low,6.8,NORMAL,21.1,1003.8,65.0,HEALTHY,replay,11.3,0.0
2025-01-30T12:00:00+00:00,AWS-VAR-102,22.6,1002.7,59.0,False,,low,8.1,NORMAL,22.9,1002.6,56.0,HEALTHY,replay,13.5,0.0
2025-01-30T13:00:00+00:00,AWS-VAR-102,23.5,1001.2,55.0,False,,low,6.8,NORMAL,24.1,1001.1,49.0,HEALTHY,replay,11.3,0.0
2025-01-30T14:00:00+00:00,AWS-VAR-102,23.9,1000.3,54.0,False,,low,4.6,NORMAL,24.6,1000.2,45.0,HEALTHY,replay,7.7,0.0
2025-01-30T15:00:00+00:00,AWS-VAR-102,23.8,999.6,54.0,False,,low,3.6,NORMAL,24.4,999.5,46.0,HEALTHY,replay,6.0,0.0
2025-01-30T16:00:00+00:00,AWS-VAR-102,22.6,999.5,66.0,False,,low,4.9,NORMAL,23.6,999.3,58.0,HEALTHY,replay,8.1,0.0
2025-01-30T17:00:00+00:00,AWS-VAR-102,19.7,999.5,72.0,False,,low,6.7,NORMAL,21.5,999.4,63.0,HEALTHY,replay,11.2,0.0
2025-01-30T18:00:00+00:00,AWS-VAR-102,17.6,999.9,80.0,False,,low,3.4,NORMAL,19.0,999.7,71.0,HEALTHY,replay,5.6,0.0
2025-01-30T19:00:00+00:00,AWS-VAR-102,16.3,1000.2,84.0,False,,low,1.8,NORMAL,17.2,1000.0,79.0,HEALTHY,replay,3.1,0.0
2025-01-30T20:00:00+00:00,AWS-VAR-102,15.3,1000.7,83.0,False,,low,1.3,NORMAL,16.3,1000.5,80.0,HEALTHY,replay,2.2,0.0
2025-01-30T21:00:00+00:00,AWS-VAR-102,14.8,1001.1,82.0,False,,low,0.5,NORMAL,15.6,1000.9,81.0,HEALTHY,replay,0.8,0.0
2025-01-30T22:00:00+00:00,AWS-VAR-102,14.3,1001.1,84.0,False,,low,0.5,NORMAL,14.7,1001.0,84.0,HEALTHY,replay,0.8,0.0
2025-01-30T23:00:00+00:00,AWS-VAR-102,13.7,1000.7,86.0,False,,low,0.6,NORMAL,14.1,1000.6,87.0,HEALTHY,replay,0.9,0.0
2025-01-31T00:00:00+00:00,AWS-VAR-102,13.3,1000.3,88.0,False,,low,0.6,NORMAL,13.7,1000.2,89.0,HEALTHY,replay,0.9,0.0
2025-01-31T01:00:00+00:00,AWS-VAR-102,12.7,1000.2,90.0,False,,low,0.6,NORMAL,12.7,1000.0,91.0,HEALTHY,replay,1.0,0.0
2025-01-31T02:00:00+00:00,AWS-VAR-102,12.0,1000.0,93.0,False,,low,0.5,NORMAL,11.9,999.8,94.0,HEALTHY,replay,0.8,0.0
2025-01-31T03:00:00+00:00,AWS-VAR-102,12.0,999.9,92.0,False,,low,0.7,NORMAL,12.1,999.9,95.0,HEALTHY,replay,1.1,0.0
2025-01-31T04:00:00+00:00,AWS-VAR-102,12.1,999.9,91.0,False,,low,1.5,NORMAL,12.4,999.8,94.0,HEALTHY,replay,2.5,0.0
2025-01-31T05:00:00+00:00,AWS-VAR-102,11.9,1000.1,92.0,False,,low,2.4,NORMAL,12.4,1000.0,94.0,HEALTHY,replay,4.0,0.0
2025-01-31T06:00:00+00:00,AWS-VAR-102,10.8,1001.2,96.0,False,,low,1.4,NORMAL,11.4,1001.0,96.0,HEALTHY,replay,2.3,0.0
2025-01-31T07:00:00+00:00,AWS-VAR-102,11.9,1002.2,95.0,False,,low,1.8,NORMAL,12.2,1002.0,96.0,HEALTHY,replay,3.0,0.0
2025-01-31T08:00:00+00:00,AWS-VAR-102,15.2,1003.2,86.0,False,,low,8.3,NORMAL,15.2,1003.0,86.0,HEALTHY,replay,13.8,0.0
2025-01-31T09:00:00+00:00,AWS-VAR-102,19.2,1004.2,76.0,False,,low,20.7,NORMAL,19.2,1004.1,73.0,HEALTHY,replay,34.5,0.0
2025-01-31T10:00:00+00:00,AWS-VAR-102,21.8,1004.4,63.0,False,,low,10.2,NORMAL,21.9,1004.2,62.0,HEALTHY,replay,17.1,0.0
2025-01-31T11:00:00+00:00,AWS-VAR-102,23.6,1003.5,54.0,False,,low,7.1,NORMAL,23.8,1003.4,54.0,HEALTHY,replay,11.8,0.0
2025-01-31T12:00:00+00:00,AWS-VAR-102,25.0,1002.8,45.0,False,,low,7.5,NORMAL,25.3,1002.7,48.0,HEALTHY,replay,12.5,0.0
2025-01-31T13:00:00+00:00,AWS-VAR-102,25.9,1001.7,42.0,False,,low,3.0,NORMAL,26.3,1001.6,40.0,HEALTHY,replay,5.0,0.0
2025-01-31T14:00:00+00:00,AWS-VAR-102,26.1,1001.0,43.0,False,,low,1.3,NORMAL,26.8,1000.8,38.0,HEALTHY,replay,2.1,0.0
2025-01-31T15:00:00+00:00,AWS-VAR-102,25.8,1000.5,48.0,False,,low,0.6,NORMAL,26.6,1000.3,38.0,HEALTHY,replay,1.0,0.0
2025-01-31T16:00:00+00:00,AWS-VAR-102,24.1,1000.5,61.0,False,,low,1.7,NORMAL,25.5,1000.3,49.0,HEALTHY,replay,2.9,0.0
2025-01-31T17:00:00+00:00,AWS-VAR-102,20.8,1000.8,71.0,False,,low,3.2,NORMAL,22.8,1000.5,60.0,HEALTHY,replay,5.4,0.0
2025-01-31T18:00:00+00:00,AWS-VAR-102,19.7,1000.9,72.0,False,,low,0.5,NORMAL,21.4,1000.9,63.0,HEALTHY,replay,0.8,0.0
2025-01-31T19:00:00+00:00,AWS-VAR-102,18.5,1001.7,78.0,False,,low,0.9,NORMAL,20.3,1001.4,68.0,HEALTHY,replay,1.5,0.0
2025-01-31T20:00:00+00:00,AWS-VAR-102,17.3,1002.4,83.0,False,,low,0.6,NORMAL,18.5,1002.2,77.0,HEALTHY,replay,1.1,0.0
2025-01-31T21:00:00+00:00,AWS-VAR-102,16.4,1003.0,89.0,False,,low,0.6,NORMAL,17.3,1002.8,84.0,HEALTHY,replay,1.0,0.0
2025-01-31T22:00:00+00:00,AWS-VAR-102,15.6,1003.1,91.0,False,,low,0.2,NORMAL,16.3,1003.0,87.0,HEALTHY,replay,0.3,0.0
2025-01-31T23:00:00+00:00,AWS-VAR-102,15.2,1002.8,91.0,False,,low,0.2,NORMAL,16.0,1002.7,88.0,HEALTHY,replay,0.3,0.0
2025-02-01T00:00:00+00:00,AWS-VAR-102,14.4,1002.4,92.0,False,,low,0.1,NORMAL,15.4,1002.4,90.0,HEALTHY,replay,0.2,0.0
2025-02-01T01:00:00+00:00,AWS-VAR-102,14.2,1002.2,93.0,False,,low,0.2,NORMAL,15.1,1002.0,91.0,HEALTHY,replay,0.3,0.0
2025-02-01T02:00:00+00:00,AWS-VAR-102,13.8,1001.7,93.0,False,,low,0.1,NORMAL,14.4,1001.7,92.0,HEALTHY,replay,0.2,0.0
2025-02-01T03:00:00+00:00,AWS-VAR-102,13.6,1001.6,92.0,False,,low,0.1,NORMAL,13.9,1001.5,93.0,HEALTHY,replay,0.2,0.0
2025-02-01T04:00:00+00:00,AWS-VAR-102,13.5,1001.4,93.0,False,,low,0.1,NORMAL,14.2,1001.3,93.0,HEALTHY,replay,0.2,0.0
2025-02-01T05:00:00+00:00,AWS-VAR-102,13.4,1001.6,93.0,False,,low,0.3,NORMAL,14.1,1001.5,93.0,HEALTHY,replay,0.4,0.0
2025-02-01T06:00:00+00:00,AWS-VAR-102,12.9,1002.7,96.0,False,,low,0.2,NORMAL,13.4,1002.6,94.0,HEALTHY,replay,0.3,0.0
2025-02-01T07:00:00+00:00,AWS-VAR-102,14.1,1003.6,93.0,False,,low,0.6,NORMAL,14.5,1003.5,93.0,HEALTHY,replay,0.9,0.0
2025-02-01T08:00:00+00:00,AWS-VAR-102,17.2,1004.4,83.0,False,,low,1.0,NORMAL,17.2,1004.3,83.0,HEALTHY,replay,1.6,0.0
2025-02-01T09:00:00+00:00,AWS-VAR-102,20.4,1005.6,74.0,False,,low,2.7,NORMAL,20.6,1005.4,73.0,HEALTHY,replay,4.5,0.0
2025-02-01T10:00:00+00:00,AWS-VAR-102,22.9,1005.6,62.0,False,,low,1.7,NORMAL,23.1,1005.4,61.0,HEALTHY,replay,2.8,0.0
2025-02-01T11:00:00+00:00,AWS-VAR-102,24.6,1004.7,54.0,False,,low,1.0,NORMAL,25.1,1004.6,52.0,HEALTHY,replay,1.6,0.0
2025-02-01T12:00:00+00:00,AWS-VAR-102,25.8,1003.8,50.0,False,,low,0.8,NORMAL,26.4,1003.6,47.0,HEALTHY,replay,1.3,0.0
2025-02-01T13:00:00+00:00,AWS-VAR-102,26.5,1002.7,49.0,False,,low,1.2,NORMAL,27.2,1001.7,45.0,HEALTHY,replay,2.0,0.0
2025-02-01T14:00:00+00:00,AWS-VAR-102,26.7,1002.0,49.0,False,,low,0.4,NORMAL,27.4,1000.9,46.0,HEALTHY,replay,0.7,0.0
2025-02-01T15:00:00+00:00,AWS-VAR-102,26.2,1001.8,51.0,False,,low,0.2,NORMAL,27.0,1001.11,46.0,HEALTHY,replay,0.3,0.0
2025-02-01T16:00:00+00:00,AWS-VAR-102,24.8,1002.0,59.0,False,,low,0.4,NORMAL,25.8,1001.68,52.0,HEALTHY,replay,0.7,0.0
2025-02-01T17:00:00+00:00,AWS-VAR-102,21.9,1002.1,71.0,False,,low,0.9,NORMAL,23.4,1001.8,61.0,HEALTHY,replay,1.4,0.0
2025-02-01T18:00:00+00:00,AWS-VAR-102,20.7,1002.1,72.0,False,,low,0.2,NORMAL,22.0,1002.1,66.0,HEALTHY,replay,0.4,0.0
2025-02-01T19:00:00+00:00,AWS-VAR-102,19.7,1002.7,75.0,False,,low,0.2,NORMAL,20.7,1002.6,70.0,HEALTHY,replay,0.4,0.0
2025-02-01T20:00:00+00:00,AWS-VAR-102,18.9,1003.1,78.0,False,,low,0.1,NORMAL,19.6,1003.0,76.0,HEALTHY,replay,0.2,0.0
2025-02-01T21:00:00+00:00,AWS-VAR-102,18.1,1003.4,82.0,False,,low,0.1,NORMAL,18.5,1003.3,79.0,HEALTHY,replay,0.2,0.0
2025-02-01T22:00:00+00:00,AWS-VAR-102,17.5,1003.3,83.0,False,,low,0.1,NORMAL,17.8,1003.2,83.0,HEALTHY,replay,0.2,0.0
2025-02-01T23:00:00+00:00,AWS-VAR-102,16.7,1003.1,88.0,False,,low,0.1,NORMAL,17.0,1003.0,87.0,HEALTHY,replay,0.2,0.0
2025-02-02T00:00:00+00:00,AWS-VAR-102,16.1,1003.0,90.0,False,,low,0.1,NORMAL,16.1,1002.9,90.0,HEALTHY,replay,0.2,0.0
2025-02-02T01:00:00+00:00,AWS-VAR-102,16.0,1002.6,90.0,False,,low,0.2,NORMAL,16.2,1002.5,89.0,HEALTHY,replay,0.3,0.0
2025-02-02T02:00:00+00:00,AWS-VAR-102,15.5,1002.1,91.0,False,,low,0.2,NORMAL,15.8,1002.1,90.0,HEALTHY,replay,0.3,0.0
2025-02-02T03:00:00+00:00,AWS-VAR-102,15.2,1002.2,91.0,False,,low,0.1,NORMAL,15.4,1002.1,92.0,HEALTHY,replay,0.2,0.0
2025-02-02T04:00:00+00:00,AWS-VAR-102,14.6,1002.0,93.0,False,,low,0.2,NORMAL,15.2,1001.9,93.0,HEALTHY,replay,0.3,0.0
2025-02-02T05:00:00+00:00,AWS-VAR-102,14.2,1002.4,94.0,False,,low,0.2,NORMAL,14.8,1002.2,93.0,HEALTHY,replay,0.3,0.0
2025-02-02T06:00:00+00:00,AWS-VAR-102,14.0,1003.6,97.0,False,,low,0.3,NORMAL,14.3,1003.5,92.0,HEALTHY,replay,0.5,0.0
2025-02-02T07:00:00+00:00,AWS-VAR-102,14.9,1004.8,97.0,False,,low,1.1,NORMAL,15.1,1004.6,91.0,HEALTHY,replay,1.8,0.0
2025-02-02T08:00:00+00:00,AWS-VAR-102,17.7,1005.6,88.0,False,,low,3.5,NORMAL,17.7,1005.5,83.0,HEALTHY,replay,5.9,0.0
2025-02-02T09:00:00+00:00,AWS-VAR-102,20.6,1006.4,75.0,False,,low,3.6,NORMAL,21.0,1006.3,71.0,HEALTHY,replay,5.9,0.0
2025-02-02T10:00:00+00:00,AWS-VAR-102,23.1,1006.5,65.0,False,,low,2.8,NORMAL,23.6,1006.4,58.0,HEALTHY,replay,4.6,0.0
2025-02-02T11:00:00+00:00,AWS-VAR-102,24.9,1005.6,55.0,False,,low,1.8,NORMAL,25.5,1005.6,47.0,HEALTHY,replay,2.9,0.0
2025-02-02T12:00:00+00:00,AWS-VAR-102,26.1,1004.5,48.0,False,,low,1.6,NORMAL,26.8,1004.4,41.0,HEALTHY,replay,2.7,0.0
2025-02-02T13:00:00+00:00,AWS-VAR-102,26.7,1003.4,44.0,False,,low,1.1,NORMAL,27.5,1003.3,39.0,HEALTHY,replay,1.8,0.0
2025-02-02T14:00:00+00:00,AWS-VAR-102,26.9,1002.5,43.0,False,,low,0.7,NORMAL,27.7,1002.4,39.0,HEALTHY,replay,1.2,0.0
2025-02-02T15:00:00+00:00,AWS-VAR-102,26.7,1002.1,42.0,False,,low,0.6,NORMAL,27.5,1002.0,40.0,HEALTHY,replay,0.9,0.0
2025-02-02T16:00:00+00:00,AWS-VAR-102,25.5,1002.1,56.0,False,,low,1.3,NORMAL,26.6,1002.0,52.0,HEALTHY,replay,2.1,0.0
2025-02-02T17:00:00+00:00,AWS-VAR-102,22.2,1002.2,66.0,False,,low,1.5,NORMAL,23.7,1002.1,63.0,HEALTHY,replay,2.5,0.0
2025-02-02T18:00:00+00:00,AWS-VAR-102,21.8,1002.3,63.0,False,,low,0.6,NORMAL,22.8,1002.2,58.0,HEALTHY,replay,1.0,0.0
2025-02-02T19:00:00+00:00,AWS-VAR-102,20.8,1002.6,62.0,False,,low,0.6,NORMAL,22.4,1002.7,55.0,HEALTHY,replay,1.0,0.0
2025-02-02T20:00:00+00:00,AWS-VAR-102,20.1,1003.2,63.0,False,,low,0.3,NORMAL,21.1,1003.2,61.0,HEALTHY,replay,0.5,0.0
2025-02-02T21:00:00+00:00,AWS-VAR-102,19.0,1003.6,69.0,False,,low,0.2,NORMAL,19.2,1003.5,66.0,HEALTHY,replay,0.4,0.0
2025-02-02T22:00:00+00:00,AWS-VAR-102,18.1,1003.7,74.0,False,,low,0.2,NORMAL,18.7,1003.7,69.0,HEALTHY,replay,0.3,0.0
2025-02-02T23:00:00+00:00,AWS-VAR-102,17.3,1003.5,77.0,False,,low,0.1,NORMAL,17.7,1003.5,70.0,HEALTHY,replay,0.2,0.0
2025-02-03T00:00:00+00:00,AWS-VAR-102,16.5,1003.2,77.0,False,,low,0.1,NORMAL,16.9,1003.2,71.0,HEALTHY,replay,0.2,0.0
2025-02-03T01:00:00+00:00,AWS-VAR-102,15.7,1002.9,79.0,False,,low,0.1,NORMAL,16.1,1002.8,75.0,HEALTHY,replay,0.2,0.0
2025-02-03T02:00:00+00:00,AWS-VAR-102,15.1,1002.6,81.0,False,,low,0.1,NORMAL,15.3,1002.4,80.0,HEALTHY,replay,0.1,0.0
2025-02-03T03:00:00+00:00,AWS-VAR-102,14.5,1002.4,84.0,False,,low,0.1,NORMAL,14.8,1002.4,83.0,HEALTHY,replay,0.2,0.0
2025-02-03T04:00:00+00:00,AWS-VAR-102,14.0,1002.3,86.0,False,,low,0.1,NORMAL,14.3,1002.2,84.0,HEALTHY,replay,0.2,0.0
2025-02-03T05:00:00+00:00,AWS-VAR-102,13.7,1002.6,88.0,False,,low,0.2,NORMAL,13.9,1002.5,85.0,HEALTHY,replay,0.3,0.0
2025-02-03T06:00:00+00:00,AWS-VAR-102,13.7,1003.8,92.0,False,,low,0.2,NORMAL,14.1,1003.7,90.0,HEALTHY,replay,0.4,0.0
2025-02-03T07:00:00+00:00,AWS-VAR-102,14.5,1004.7,90.0,False,,low,0.4,NORMAL,14.8,1003.5,88.0,HEALTHY,replay,0.7,0.0
2025-02-03T08:00:00+00:00,AWS-VAR-102,17.0,1005.7,83.0,False,,low,0.7,NORMAL,17.2,1004.6,78.0,HEALTHY,replay,1.1,0.0
2025-02-03T09:00:00+00:00,AWS-VAR-102,19.7,1006.9,72.0,False,,low,4.2,NORMAL,19.8,1005.7,68.0,HEALTHY,replay,6.9,0.0
2025-02-03T10:00:00+00:00,AWS-VAR-102,21.9,1007.1,64.0,False,,low,1.5,NORMAL,22.1,1006.1,60.0,HEALTHY,replay,2.5,0.0
2025-02-03T11:00:00+00:00,AWS-VAR-102,23.5,1006.3,56.0,False,,low,1.1,NORMAL,23.9,1006.3,52.0,HEALTHY,replay,1.8,0.0
2025-02-03T12:00:00+00:00,AWS-VAR-102,24.6,1005.1,50.0,False,,low,0.9,NORMAL,25.1,1005.0,45.0,HEALTHY,replay,1.6,0.0
2025-02-03T13:00:00+00:00,AWS-VAR-102,25.2,1003.9,46.0,False,,low,1.4,NORMAL,25.9,1003.8,43.0,HEALTHY,replay,2.3,0.0
2025-02-03T14:00:00+00:00,AWS-VAR-102,25.5,1003.0,45.0,False,,low,1.1,NORMAL,26.3,1002.9,40.0,HEALTHY,replay,1.8,0.0
2025-02-03T15:00:00+00:00,AWS-VAR-102,25.4,1002.7,45.0,False,,low,0.3,NORMAL,26.1,1002.6,41.0,HEALTHY,replay,0.5,0.0
2025-02-03T16:00:00+00:00,AWS-VAR-102,24.4,1002.7,54.0,False,,low,0.3,NORMAL,25.6,1002.6,43.0,HEALTHY,replay,0.6,0.0
2025-02-03T17:00:00+00:00,AWS-VAR-102,21.4,1002.9,67.0,False,,low,0.9,NORMAL,22.9,1002.7,61.0,HEALTHY,replay,1.6,0.0
2025-02-03T18:00:00+00:00,AWS-VAR-102,20.4,1003.7,67.0,False,,low,0.3,NORMAL,21.5,1003.6,67.0,HEALTHY,replay,0.5,0.0
2025-02-03T19:00:00+00:00,AWS-VAR-102,19.3,1004.4,70.0,False,,low,0.3,NORMAL,20.3,1004.2,70.0,HEALTHY,replay,0.5,0.0
2025-02-03T20:00:00+00:00,AWS-VAR-102,18.6,1005.2,73.0,False,,low,0.5,NORMAL,19.1,1005.1,67.0,HEALTHY,replay,0.8,0.0
2025-02-03T21:00:00+00:00,AWS-VAR-102,18.0,1005.7,75.0,False,,low,0.1,NORMAL,18.2,1005.6,60.0,HEALTHY,replay,0.2,0.0
2025-02-03T22:00:00+00:00,AWS-VAR-102,17.3,1005.6,76.0,False,,low,0.1,NORMAL,18.1,1005.4,61.0,HEALTHY,replay,0.1,0.0
2025-02-03T23:00:00+00:00,AWS-VAR-102,16.6,1005.6,75.0,False,,low,0.1,NORMAL,17.6,1005.4,63.0,HEALTHY,replay,0.2,0.0
2025-02-04T00:00:00+00:00,AWS-VAR-102,16.1,1005.2,76.0,False,,low,0.1,NORMAL,17.1,1005.1,67.0,HEALTHY,replay,0.1,0.0
2025-02-04T01:00:00+00:00,AWS-VAR-102,15.3,1004.7,78.0,False,,low,0.1,NORMAL,16.1,1004.7,72.0,HEALTHY,replay,0.1,0.0
2025-02-04T02:00:00+00:00,AWS-VAR-102,14.5,1004.0,80.0,False,,low,0.1,NORMAL,15.7,1003.9,75.85,HEALTHY,replay,0.1,0.0
2025-02-04T03:00:00+00:00,AWS-VAR-102,13.7,1003.7,83.0,False,,low,0.1,NORMAL,15.2,1003.6,79.33,HEALTHY,replay,0.1,0.0
2025-02-04T04:00:00+00:00,AWS-VAR-102,12.8,1003.4,88.0,False,,low,0.1,NORMAL,14.5,1003.4,84.81,HEALTHY,replay,0.1,0.0
2025-02-04T05:00:00+00:00,AWS-VAR-102,12.3,1003.7,91.0,False,,low,0.1,NORMAL,13.6,1003.6,88.28,HEALTHY,replay,0.2,0.0
2025-02-04T06:00:00+00:00,AWS-VAR-102,12.6,1004.7,90.0,False,,low,0.1,NORMAL,12.7,1004.6,88.76,HEALTHY,replay,0.2,0.0
2025-02-04T07:00:00+00:00,AWS-VAR-102,14.3,1005.6,83.0,False,,low,0.2,NORMAL,13.9,1005.6,85.0,HEALTHY,replay,0.3,0.0
2025-02-04T08:00:00+00:00,AWS-VAR-102,17.5,1006.5,72.0,False,,low,0.6,NORMAL,17.4,1006.5,72.0,HEALTHY,replay,1.0,0.0
2025-02-04T09:00:00+00:00,AWS-VAR-102,20.5,1007.2,63.0,False,,low,1.0,NORMAL,20.5,1007.2,62.0,HEALTHY,replay,1.7,0.0
2025-02-04T10:00:00+00:00,AWS-VAR-102,22.7,1007.4,55.0,False,,low,1.2,NORMAL,22.9,1007.3,53.0,HEALTHY,replay,1.9,0.0
2025-02-04T11:00:00+00:00,AWS-VAR-102,24.2,1006.5,51.0,False,,low,0.5,NORMAL,24.6,1006.4,49.0,HEALTHY,replay,0.9,0.0
2025-02-04T12:00:00+00:00,AWS-VAR-102,25.5,1005.3,46.0,False,,low,0.7,NORMAL,25.9,1005.2,44.61,HEALTHY,replay,1.1,0.0
2025-02-04T13:00:00+00:00,AWS-VAR-102,26.3,1003.9,42.0,False,,low,0.6,NORMAL,26.8,1003.8,39.09,HEALTHY,replay,1.0,0.0
2025-02-04T14:00:00+00:00,AWS-VAR-102,26.8,1002.9,39.0,False,,low,0.8,NORMAL,27.9,1002.8,36.0,HEALTHY,replay,1.4,0.0
2025-02-04T15:00:00+00:00,AWS-VAR-102,26.6,1002.3,38.0,False,,low,0.3,NORMAL,27.8,1002.2,36.0,HEALTHY,replay,0.6,0.0
2025-02-04T16:00:00+00:00,AWS-VAR-102,25.4,1002.2,51.0,False,,low,0.6,NORMAL,26.8,1002.1,46.0,HEALTHY,replay,1.1,0.0
2025-02-04T17:00:00+00:00,AWS-VAR-102,22.7,1002.2,59.0,False,,low,0.6,NORMAL,24.0,1002.0,54.99,HEALTHY,replay,1.0,0.0
2025-02-04T18:00:00+00:00,AWS-VAR-102,21.5,1002.2,63.0,False,,low,0.2,NORMAL,23.3,1002.0,70.0,HEALTHY,replay,0.4,0.0
2025-02-04T19:00:00+00:00,AWS-VAR-102,20.3,1002.6,68.0,False,,low,0.2,NORMAL,21.6,1002.5,72.0,HEALTHY,replay,0.4,0.0
2025-02-04T20:00:00+00:00,AWS-VAR-102,19.7,1002.9,67.0,False,,low,0.2,NORMAL,20.7,1002.8,73.0,HEALTHY,replay,0.3,0.0
2025-02-04T21:00:00+00:00,AWS-VAR-102,19.4,1003.1,65.0,False,,low,0.1,NORMAL,19.7,1002.9,71.0,HEALTHY,replay,0.2,0.0
2025-02-04T22:00:00+00:00,AWS-VAR-102,18.7,1002.9,65.0,False,,low,0.1,NORMAL,19.5,1002.8,68.0,HEALTHY,replay,0.2,0.0
2025-02-04T23:00:00+00:00,AWS-VAR-102,18.2,1002.4,68.0,False,,low,0.1,NORMAL,19.3,1002.3,66.0,HEALTHY,replay,0.2,0.0
2025-02-05T00:00:00+00:00,AWS-VAR-102,17.7,1001.9,71.0,False,,low,0.1,NORMAL,19.0,1001.8,70.0,HEALTHY,replay,0.2,0.0
2025-02-05T01:00:00+00:00,AWS-VAR-102,16.5,1001.7,76.0,False,,low,0.1,NORMAL,17.6,1001.8,75.0,HEALTHY,replay,0.2,0.0
2025-02-05T02:00:00+00:00,AWS-VAR-102,16.1,1001.6,80.0,False,,low,0.1,NORMAL,16.7,1001.6,81.0,HEALTHY,replay,0.2,0.0
2025-02-05T03:00:00+00:00,AWS-VAR-102,16.4,1001.4,77.0,False,,low,0.5,NORMAL,16.5,1001.4,82.0,HEALTHY,replay,0.8,0.0
2025-02-05T04:00:00+00:00,AWS-VAR-102,16.3,1001.3,78.0,False,,low,0.6,NORMAL,16.4,1001.2,82.0,HEALTHY,replay,0.9,0.0
2025-02-05T05:00:00+00:00,AWS-VAR-102,16.0,1001.6,80.0,False,,low,1.0,NORMAL,16.5,1001.6,80.0,HEALTHY,replay,1.7,0.0
2025-02-05T06:00:00+00:00,AWS-VAR-102,16.0,1002.4,83.0,False,,low,0.9,NORMAL,16.3,1002.4,83.0,HEALTHY,replay,1.5,0.0
2025-02-05T07:00:00+00:00,AWS-VAR-102,17.0,1003.1,80.0,False,,low,0.7,NORMAL,17.0,1003.1,80.0,HEALTHY,replay,1.1,0.0
2025-02-05T08:00:00+00:00,AWS-VAR-102,19.4,1003.9,74.0,False,,low,0.6,NORMAL,19.6,1003.9,73.0,HEALTHY,replay,1.0,0.0
2025-02-05T09:00:00+00:00,AWS-VAR-102,22.1,1004.7,66.0,False,,low,1.0,NORMAL,22.6,1004.6,64.0,HEALTHY,replay,1.6,0.0
2025-02-05T10:00:00+00:00,AWS-VAR-102,24.6,1004.6,59.0,False,,low,1.1,NORMAL,25.4,1004.6,53.0,HEALTHY,replay,1.8,0.0
2025-02-05T11:00:00+00:00,AWS-VAR-102,26.4,1003.9,54.0,False,,low,1.4,NORMAL,27.7,1003.9,51.0,HEALTHY,replay,2.4,0.0
2025-02-05T12:00:00+00:00,AWS-VAR-102,27.9,1002.7,47.0,False,,low,1.4,NORMAL,29.0,1002.79,46.0,HEALTHY,replay,2.3,0.0
2025-02-05T13:00:00+00:00,AWS-VAR-102,28.7,1001.7,43.0,False,,low,2.0,NORMAL,29.6,1001.47,41.0,HEALTHY,replay,3.4,0.0
2025-02-05T14:00:00+00:00,AWS-VAR-102,28.8,1000.9,43.0,False,,low,0.9,NORMAL,29.5,1000.9,40.0,HEALTHY,replay,1.4,0.0
2025-02-05T15:00:00+00:00,AWS-VAR-102,28.3,1000.6,45.0,False,,low,0.5,NORMAL,29.0,1000.5,40.0,HEALTHY,replay,0.8,0.0
2025-02-05T16:00:00+00:00,AWS-VAR-102,27.1,1000.6,51.0,False,,low,0.3,NORMAL,28.1,1000.5,43.0,HEALTHY,replay,0.6,0.0
2025-02-05T17:00:00+00:00,AWS-VAR-102,24.9,1000.9,57.0,False,,low,0.5,NORMAL,26.2,1000.9,48.0,HEALTHY,replay,0.8,0.0
2025-02-05T18:00:00+00:00,AWS-VAR-102,23.3,1001.6,58.0,False,,low,0.3,NORMAL,24.5,1001.7,53.0,HEALTHY,replay,0.5,0.0
2025-02-05T19:00:00+00:00,AWS-VAR-102,22.5,1002.4,61.0,False,,low,0.2,NORMAL,23.5,1001.8,58.0,HEALTHY,replay,0.4,0.0
2025-02-05T20:00:00+00:00,AWS-VAR-102,21.6,1003.2,65.0,False,,low,0.1,NORMAL,22.6,1003.3,61.0,HEALTHY,replay,0.2,0.0
2025-02-05T21:00:00+00:00,AWS-VAR-102,21.4,1003.8,66.0,False,,low,0.1,NORMAL,21.9,1003.8,66.0,HEALTHY,replay,0.2,0.0
2025-02-05T22:00:00+00:00,AWS-VAR-102,21.1,1004.1,68.0,False,,low,0.2,NORMAL,21.3,1004.2,68.0,HEALTHY,replay,0.3,0.0
2025-02-05T23:00:00+00:00,AWS-VAR-102,20.4,1003.9,71.0,False,,low,0.1,NORMAL,20.5,1004.0,70.0,HEALTHY,replay,0.2,0.0
2025-02-06T00:00:00+00:00,AWS-VAR-102,19.5,1003.8,71.0,False,,low,0.1,NORMAL,19.6,1003.9,69.0,HEALTHY,replay,0.1,0.0
2025-02-06T01:00:00+00:00,AWS-VAR-102,18.3,1003.8,71.0,False,,low,0.2,NORMAL,18.4,1003.9,69.0,HEALTHY,replay,0.3,0.0
2025-02-06T02:00:00+00:00,AWS-VAR-102,17.0,1003.5,71.0,False,,low,0.2,NORMAL,17.1,1002.8,59.0,HEALTHY,replay,0.4,0.0
2025-02-06T03:00:00+00:00,AWS-VAR-102,15.9,1003.5,69.0,False,,low,0.2,NORMAL,16.1,1002.8,56.0,HEALTHY,replay,0.4,0.0
2025-02-06T04:00:00+00:00,AWS-VAR-102,15.1,1003.5,64.0,False,,low,0.8,NORMAL,15.1,1002.9,56.0,HEALTHY,replay,1.4,0.0
2025-02-06T05:00:00+00:00,AWS-VAR-102,14.2,1004.1,63.0,False,,low,0.6,NORMAL,14.3,1004.1,58.0,HEALTHY,replay,1.0,0.0
2025-02-06T06:00:00+00:00,AWS-VAR-102,13.4,1005.2,72.0,False,,low,0.9,NORMAL,13.4,1005.2,70.0,HEALTHY,replay,1.4,0.0
2025-02-06T07:00:00+00:00,AWS-VAR-102,13.6,1006.0,72.0,False,,low,0.6,NORMAL,13.6,1006.0,70.0,HEALTHY,replay,1.0,0.0
2025-02-06T08:00:00+00:00,AWS-VAR-102,15.4,1006.8,68.0,False,,low,2.3,NORMAL,15.2,1006.8,63.0,HEALTHY,replay,3.9,0.0
2025-02-06T09:00:00+00:00,AWS-VAR-102,17.2,1007.5,60.0,False,,low,2.8,NORMAL,17.2,1007.5,55.0,HEALTHY,replay,4.7,0.0
2025-02-06T10:00:00+00:00,AWS-VAR-102,18.9,1007.4,53.0,False,,low,3.2,NORMAL,19.1,1007.4,48.0,HEALTHY,replay,5.4,0.0
2025-02-06T11:00:00+00:00,AWS-VAR-102,20.5,1006.7,48.0,False,,low,3.0,NORMAL,20.7,1006.8,42.0,HEALTHY,replay,5.0,0.0
2025-02-06T12:00:00+00:00,AWS-VAR-102,21.9,1005.5,44.0,False,,low,3.5,NORMAL,23.0,1005.5,37.0,HEALTHY,replay,5.8,0.0
2025-02-06T13:00:00+00:00,AWS-VAR-102,22.8,1004.4,42.0,False,,low,4.4,NORMAL,24.4,1004.3,29.0,HEALTHY,replay,7.3,0.0
2025-02-06T14:00:00+00:00,AWS-VAR-102,23.5,1003.5,39.0,False,,low,3.2,NORMAL,25.1,1003.5,23.0,HEALTHY,replay,5.3,0.0
2025-02-06T15:00:00+00:00,AWS-VAR-102,23.6,1002.8,34.0,False,,low,3.5,NORMAL,24.9,1002.8,24.0,HEALTHY,replay,5.8,0.0
2025-02-06T16:00:00+00:00,AWS-VAR-102,22.5,1002.6,39.0,False,,low,1.2,NORMAL,24.1,1002.5,26.0,HEALTHY,replay,2.0,0.0
2025-02-06T17:00:00+00:00,AWS-VAR-102,20.1,1002.8,41.0,False,,low,1.1,NORMAL,21.5,1002.8,31.0,HEALTHY,replay,1.8,0.0
2025-02-06T18:00:00+00:00,AWS-VAR-102,19.6,1003.6,38.0,False,,low,1.1,NORMAL,20.0,1003.7,36.0,HEALTHY,replay,1.8,0.0
2025-02-06T19:00:00+00:00,AWS-VAR-102,19.0,1004.4,37.0,False,,low,1.4,NORMAL,19.0,1004.4,35.0,HEALTHY,replay,2.3,0.0
2025-02-06T20:00:00+00:00,AWS-VAR-102,17.6,1005.2,40.0,False,,low,1.3,NORMAL,17.8,1005.1,37.0,HEALTHY,replay,2.1,0.0
2025-02-06T21:00:00+00:00,AWS-VAR-102,16.1,1005.8,46.0,False,,low,1.3,NORMAL,16.2,1005.7,41.0,HEALTHY,replay,2.2,0.0
2025-02-06T22:00:00+00:00,AWS-VAR-102,15.2,1005.9,49.0,False,,low,0.8,NORMAL,15.5,1005.9,42.0,HEALTHY,replay,1.3,0.0
2025-02-06T23:00:00+00:00,AWS-VAR-102,14.7,1005.9,51.0,False,,low,0.6,NORMAL,15.0,1006.0,44.0,HEALTHY,replay,1.0,0.0
2025-02-07T00:00:00+00:00,AWS-VAR-102,14.3,1005.5,53.0,False,,low,0.4,NORMAL,14.5,1005.6,47.0,HEALTHY,replay,0.6,0.0
2025-02-07T01:00:00+00:00,AWS-VAR-102,14.0,1005.3,55.0,False,,low,0.4,NORMAL,14.1,1005.3,50.0,HEALTHY,replay,0.6,0.0
2025-02-07T02:00:00+00:00,AWS-VAR-102,13.5,1004.7,56.0,False,,low,0.2,NORMAL,13.7,1004.7,51.0,HEALTHY,replay,0.3,0.0
2025-02-07T03:00:00+00:00,AWS-VAR-102,13.1,1004.5,57.0,False,,low,0.1,NORMAL,13.3,1004.5,52.0,HEALTHY,replay,0.2,0.0
2025-02-07T04:00:00+00:00,AWS-VAR-102,12.6,1004.5,58.0,False,,low,0.1,NORMAL,12.7,1004.4,53.0,HEALTHY,replay,0.2,0.0
2025-02-07T05:00:00+00:00,AWS-VAR-102,12.2,1004.8,59.0,False,,low,0.2,NORMAL,12.4,1004.9,56.0,HEALTHY,replay,0.3,0.0
2025-02-07T06:00:00+00:00,AWS-VAR-102,11.8,1006.2,70.0,False,,low,0.9,NORMAL,12.0,1006.1,69.0,HEALTHY,replay,1.5,0.0
2025-02-07T07:00:00+00:00,AWS-VAR-102,12.3,1006.6,71.0,False,,low,0.4,NORMAL,12.4,1006.6,69.0,HEALTHY,replay,0.6,0.0
2025-02-07T08:00:00+00:00,AWS-VAR-102,14.3,1007.6,67.0,False,,low,0.4,NORMAL,14.5,1007.6,62.0,HEALTHY,replay,0.7,0.0
2025-02-07T09:00:00+00:00,AWS-VAR-102,16.5,1008.3,59.0,False,,low,0.6,NORMAL,16.9,1008.3,54.0,HEALTHY,replay,1.1,0.0
2025-02-07T10:00:00+00:00,AWS-VAR-102,18.5,1008.3,52.0,False,,low,0.6,NORMAL,19.2,1008.3,47.0,HEALTHY,replay,1.1,0.0
2025-02-07T11:00:00+00:00,AWS-VAR-102,20.4,1007.7,47.0,False,,low,0.7,NORMAL,21.2,1007.6,41.0,HEALTHY,replay,1.1,0.0
2025-02-07T12:00:00+00:00,AWS-VAR-102,21.9,1006.3,40.0,False,,low,1.5,NORMAL,22.6,1006.2,36.0,HEALTHY,replay,2.5,0.0
2025-02-07T13:00:00+00:00,AWS-VAR-102,22.8,1005.2,37.0,False,,low,1.0,NORMAL,23.9,1005.1,31.0,HEALTHY,replay,1.6,0.0
2025-02-07T14:00:00+00:00,AWS-VAR-102,23.1,1004.2,36.0,False,,low,0.8,NORMAL,24.5,1004.1,27.0,HEALTHY,replay,1.3,0.0
2025-02-07T15:00:00+00:00,AWS-VAR-102,23.0,1003.8,35.0,False,,low,0.4,NORMAL,24.6,1003.7,25.0,HEALTHY,replay,0.7,0.0
2025-02-07T16:00:00+00:00,AWS-VAR-102,22.0,1003.7,39.0,False,,low,0.3,NORMAL,23.8,1003.6,28.0,HEALTHY,replay,0.4,0.0
2025-02-07T17:00:00+00:00,AWS-VAR-102,20.1,1003.7,38.0,False,,low,0.3,NORMAL,20.9,1003.7,37.0,HEALTHY,replay,0.5,0.0
2025-02-07T18:00:00+00:00,AWS-VAR-102,19.6,1004.3,35.0,False,,low,0.3,NORMAL,20.0,1004.2,37.0,HEALTHY,replay,0.5,0.0
2025-02-07T19:00:00+00:00,AWS-VAR-102,19.1,1005.0,36.0,False,,low,0.3,NORMAL,19.2,1005.0,39.0,HEALTHY,replay,0.4,0.0
2025-02-07T20:00:00+00:00,AWS-VAR-102,17.7,1005.7,41.0,False,,low,0.3,NORMAL,18.3,1005.6,43.0,HEALTHY,replay,0.6,0.0
2025-02-07T21:00:00+00:00,AWS-VAR-102,16.9,1006.2,45.0,False,,low,0.2,NORMAL,17.4,1006.2,46.0,HEALTHY,replay,0.3,0.0
2025-02-07T22:00:00+00:00,AWS-VAR-102,16.1,1006.5,49.0,False,,low,0.2,NORMAL,16.3,1006.3,50.0,HEALTHY,replay,0.3,0.0
2025-02-07T23:00:00+00:00,AWS-VAR-102,14.9,1006.0,54.0,False,,low,0.1,NORMAL,15.3,1006.0,53.0,HEALTHY,replay,0.2,0.0
2025-02-08T00:00:00+00:00,AWS-VAR-102,14.1,1005.3,58.0,False,,low,0.2,NORMAL,14.6,1005.3,55.0,HEALTHY,replay,0.3,0.0
2025-02-08T01:00:00+00:00,AWS-VAR-102,13.6,1004.8,59.0,False,,low,0.1,NORMAL,13.9,1004.8,57.0,HEALTHY,replay,0.2,0.0
2025-02-08T02:00:00+00:00,AWS-VAR-102,13.1,1004.1,60.0,False,,low,0.1,NORMAL,13.4,1004.1,58.0,HEALTHY,replay,0.2,0.0
2025-02-08T03:00:00+00:00,AWS-VAR-102,12.6,1003.8,62.0,False,,low,0.1,NORMAL,12.9,1003.8,61.0,HEALTHY,replay,0.2,0.0
2025-02-08T04:00:00+00:00,AWS-VAR-102,12.1,1003.6,64.0,False,,low,0.1,NORMAL,12.4,1003.6,62.0,HEALTHY,replay,0.2,0.0
2025-02-08T05:00:00+00:00,AWS-VAR-102,11.5,1004.3,66.0,False,,low,0.1,NORMAL,12.0,1004.2,64.0,HEALTHY,replay,0.2,0.0
2025-02-08T06:00:00+00:00,AWS-VAR-102,11.2,1005.7,74.0,False,,low,0.5,NORMAL,11.6,1005.6,74.0,HEALTHY,replay,0.9,0.0
2025-02-08T07:00:00+00:00,AWS-VAR-102,12.0,1006.5,73.0,False,,low,0.3,NORMAL,12.1,1006.4,72.0,HEALTHY,replay,0.5,0.0
2025-02-08T08:00:00+00:00,AWS-VAR-102,14.3,1007.5,67.0,False,,low,0.6,NORMAL,14.5,1007.4,64.0,HEALTHY,replay,1.0,0.0
2025-02-08T09:00:00+00:00,AWS-VAR-102,16.7,1008.4,59.0,False,,low,1.2,NORMAL,17.2,1008.2,54.0,HEALTHY,replay,2.1,0.0
2025-02-08T10:00:00+00:00,AWS-VAR-102,18.8,1008.7,52.0,False,,low,1.2,NORMAL,19.6,1008.5,46.0,HEALTHY,replay,2.1,0.0
2025-02-08T11:00:00+00:00,AWS-VAR-102,20.5,1007.9,47.0,False,,low,0.6,NORMAL,21.5,1007.8,40.0,HEALTHY,replay,0.9,0.0
2025-02-08T12:00:00+00:00,AWS-VAR-102,21.7,1006.6,44.0,False,,low,0.4,NORMAL,23.0,1006.5,36.0,HEALTHY,replay,0.7,0.0
2025-02-08T13:00:00+00:00,AWS-VAR-102,22.5,1005.5,42.0,False,,low,0.6,NORMAL,23.9,1005.3,32.0,HEALTHY,replay,1.0,0.0
2025-02-08T14:00:00+00:00,AWS-VAR-102,22.9,1004.5,41.0,False,,low,0.5,NORMAL,24.2,1004.3,32.0,HEALTHY,replay,0.8,0.0
2025-02-08T15:00:00+00:00,AWS-VAR-102,22.8,1004.0,41.0,False,,low,0.3,NORMAL,24.1,1003.7,33.0,HEALTHY,replay,0.5,0.0
2025-02-08T16:00:00+00:00,AWS-VAR-102,21.8,1004.0,47.0,False,,low,0.2,NORMAL,23.5,1003.7,34.0,HEALTHY,replay,0.3,0.0
2025-02-08T17:00:00+00:00,AWS-VAR-102,19.7,1004.1,52.0,False,,low,0.3,NORMAL,20.8,1003.9,41.0,HEALTHY,replay,0.6,0.0
2025-02-08T18:00:00+00:00,AWS-VAR-102,19.0,1004.4,51.0,False,,low,0.3,NORMAL,19.7,1004.2,44.0,HEALTHY,replay,0.4,0.0
2025-02-08T19:00:00+00:00,AWS-VAR-102,17.9,1004.8,53.0,False,,low,0.2,NORMAL,18.2,1004.7,46.0,HEALTHY,replay,0.4,0.0
2025-02-08T20:00:00+00:00,AWS-VAR-102,16.3,1005.3,60.0,False,,low,0.2,NORMAL,16.9,1005.2,50.0,HEALTHY,replay,0.3,0.0
2025-02-08T21:00:00+00:00,AWS-VAR-102,15.3,1005.8,65.0,False,,low,0.3,NORMAL,16.4,1005.7,51.0,HEALTHY,replay,0.4,0.0
2025-02-08T22:00:00+00:00,AWS-VAR-102,14.7,1006.0,68.0,False,,low,0.2,NORMAL,16.5,1005.9,52.0,HEALTHY,replay,0.3,0.0
2025-02-08T23:00:00+00:00,AWS-VAR-102,14.0,1005.8,70.0,False,,low,0.2,NORMAL,16.0,1005.7,55.0,HEALTHY,replay,0.3,0.0
2025-02-09T00:00:00+00:00,AWS-VAR-102,13.2,1005.4,71.0,False,,low,0.2,NORMAL,14.6,1005.3,61.0,HEALTHY,replay,0.3,0.0
2025-02-09T01:00:00+00:00,AWS-VAR-102,12.6,1004.8,71.0,False,,low,0.1,NORMAL,13.4,1004.7,65.0,HEALTHY,replay,0.2,0.0
2025-02-09T02:00:00+00:00,AWS-VAR-102,12.4,1004.2,69.0,False,,low,0.1,NORMAL,13.1,1004.1,67.0,HEALTHY,replay,0.2,0.0
2025-02-09T03:00:00+00:00,AWS-VAR-102,12.0,1003.8,71.0,False,,low,0.1,NORMAL,12.9,1003.8,69.0,HEALTHY,replay,0.2,0.0
2025-02-09T04:00:00+00:00,AWS-VAR-102,11.6,1003.7,73.0,False,,low,0.1,NORMAL,12.7,1003.6,71.0,HEALTHY,replay,0.2,0.0
2025-02-09T05:00:00+00:00,AWS-VAR-102,11.4,1003.9,75.0,False,,low,0.2,NORMAL,12.3,1003.9,73.0,HEALTHY,replay,0.3,0.0
2025-02-09T06:00:00+00:00,AWS-VAR-102,11.3,1005.0,80.0,False,,low,0.2,NORMAL,12.2,1004.9,77.0,HEALTHY,replay,0.3,0.0
2025-02-09T07:00:00+00:00,AWS-VAR-102,12.5,1005.6,76.0,False,,low,0.2,NORMAL,12.8,1005.5,74.0,HEALTHY,replay,0.3,0.0
2025-02-09T08:00:00+00:00,AWS-VAR-102,15.3,1006.6,68.0,False,,low,0.3,NORMAL,15.4,1006.5,67.0,HEALTHY,replay,0.6,0.0
2025-02-09T09:00:00+00:00,AWS-VAR-102,18.1,1007.3,60.0,False,,low,0.5,NORMAL,18.5,1007.2,57.0,HEALTHY,replay,0.8,0.0
2025-02-09T10:00:00+00:00,AWS-VAR-102,20.5,1007.1,53.0,False,,low,0.7,NORMAL,21.2,1006.9,49.0,HEALTHY,replay,1.2,0.0
2025-02-09T11:00:00+00:00,AWS-VAR-102,22.5,1006.3,48.0,False,,low,0.8,NORMAL,23.4,1006.3,43.0,HEALTHY,replay,1.4,0.0
2025-02-09T12:00:00+00:00,AWS-VAR-102,23.9,1005.1,44.0,False,,low,0.9,NORMAL,25.1,1005.0,37.0,HEALTHY,replay,1.5,0.0
2025-02-09T13:00:00+00:00,AWS-VAR-102,24.8,1003.8,42.0,False,,low,1.3,NORMAL,26.1,1003.7,33.0,HEALTHY,replay,2.2,0.0
2025-02-09T14:00:00+00:00,AWS-VAR-102,25.2,1002.8,40.0,False,,low,1.2,NORMAL,26.6,1002.7,30.0,HEALTHY,replay,2.0,0.0
2025-02-09T15:00:00+00:00,AWS-VAR-102,25.1,1002.2,40.0,False,,low,0.7,NORMAL,26.6,1002.1,30.0,HEALTHY,replay,1.2,0.0
2025-02-09T16:00:00+00:00,AWS-VAR-102,23.8,1002.1,48.0,False,,low,0.6,NORMAL,25.9,1002.0,30.0,HEALTHY,replay,1.0,0.0
2025-02-09T17:00:00+00:00,AWS-VAR-102,21.3,1002.3,54.0,False,,low,0.6,NORMAL,22.8,1001.2,47.0,HEALTHY,replay,0.9,0.0
2025-02-09T18:00:00+00:00,AWS-VAR-102,20.4,1002.7,54.0,False,,low,0.2,NORMAL,21.9,1001.7,47.0,HEALTHY,replay,0.3,0.0
2025-02-09T19:00:00+00:00,AWS-VAR-102,19.5,1003.2,53.0,False,,low,0.1,NORMAL,20.1,1003.1,49.0,HEALTHY,replay,0.2,0.0
2025-02-09T20:00:00+00:00,AWS-VAR-102,18.2,1003.8,57.0,False,,low,0.1,NORMAL,19.5,1002.7,46.0,HEALTHY,replay,0.2,0.0
2025-02-09T21:00:00+00:00,AWS-VAR-102,16.6,1004.4,64.0,False,,low,0.3,NORMAL,18.1,1004.4,52.0,HEALTHY,replay,0.5,0.0
2025-02-09T22:00:00+00:00,AWS-VAR-102,15.5,1004.5,67.0,False,,low,0.1,NORMAL,17.3,1004.3,57.0,HEALTHY,replay,0.2,0.0
2025-02-09T23:00:00+00:00,AWS-VAR-102,14.8,1003.9,71.0,False,,low,0.1,NORMAL,16.2,1003.8,61.0,HEALTHY,replay,0.2,0.0
2025-02-10T00:00:00+00:00,AWS-VAR-102,13.8,1003.4,75.0,False,,low,0.2,NORMAL,14.5,1003.3,68.0,HEALTHY,replay,0.3,0.0
2025-02-10T01:00:00+00:00,AWS-VAR-102,12.9,1002.8,78.0,False,,low,0.2,NORMAL,13.7,1002.8,73.0,HEALTHY,replay,0.3,0.0
2025-02-10T02:00:00+00:00,AWS-VAR-102,12.6,1002.4,79.0,False,,low,0.1,NORMAL,13.1,1002.4,76.0,HEALTHY,replay,0.2,0.0
2025-02-10T03:00:00+00:00,AWS-VAR-102,12.7,1002.4,78.0,False,,low,0.1,NORMAL,13.1,1002.3,80.0,HEALTHY,replay,0.2,0.0
2025-02-10T04:00:00+00:00,AWS-VAR-102,12.6,1002.6,77.0,False,,low,0.2,NORMAL,13.0,1002.5,79.0,HEALTHY,replay,0.3,0.0
2025-02-10T05:00:00+00:00,AWS-VAR-102,12.3,1003.2,77.0,False,,low,0.1,NORMAL,12.7,1003.0,80.0,HEALTHY,replay,0.2,0.0
2025-02-10T06:00:00+00:00,AWS-VAR-102,11.6,1004.4,87.0,False,,low,0.3,NORMAL,12.0,1004.3,88.0,HEALTHY,replay,0.6,0.0
2025-02-10T07:00:00+00:00,AWS-VAR-102,12.8,1005.2,81.0,False,,low,0.2,NORMAL,13.5,1005.0,82.0,HEALTHY,replay,0.3,0.0
2025-02-10T08:00:00+00:00,AWS-VAR-102,16.4,1006.1,71.0,False,,low,0.6,NORMAL,16.5,1006.0,70.0,HEALTHY,replay,1.0,0.0
2025-02-10T09:00:00+00:00,AWS-VAR-102,20.0,1007.1,62.0,False,,low,2.0,NORMAL,20.2,1007.0,58.0,HEALTHY,replay,3.3,0.0
2025-02-10T10:00:00+00:00,AWS-VAR-102,22.8,1007.3,54.0,False,,low,1.9,NORMAL,23.4,1007.2,49.0,HEALTHY,replay,3.2,0.0
2025-02-10T11:00:00+00:00,AWS-VAR-102,24.7,1006.6,47.0,False,,low,1.0,NORMAL,25.6,1006.5,40.0,HEALTHY,replay,1.6,0.0
2025-02-10T12:00:00+00:00,AWS-VAR-102,26.0,1005.5,41.0,False,,low,1.4,NORMAL,27.1,1005.4,34.0,HEALTHY,replay,2.4,0.0
2025-02-10T13:00:00+00:00,AWS-VAR-102,26.7,1004.3,38.0,False,,low,0.7,NORMAL,28.0,1004.1,32.0,HEALTHY,replay,1.1,0.0
2025-02-10T14:00:00+00:00,AWS-VAR-102,27.1,1003.0,36.0,False,,low,0.9,NORMAL,28.4,1002.9,30.0,HEALTHY,replay,1.5,0.0
2025-02-10T15:00:00+00:00,AWS-VAR-102,27.0,1002.5,36.0,False,,low,0.3,NORMAL,28.5,1002.4,28.0,HEALTHY,replay,0.5,0.0
2025-02-10T16:00:00+00:00,AWS-VAR-102,25.8,1002.3,51.0,False,,low,1.0,NORMAL,27.3,1002.2,36.0,HEALTHY,replay,1.7,0.0
2025-02-10T17:00:00+00:00,AWS-VAR-102,23.0,1002.3,60.0,False,,low,1.2,NORMAL,24.6,1002.1,44.0,HEALTHY,replay,2.1,0.0
2025-02-10T18:00:00+00:00,AWS-VAR-102,20.8,1002.6,65.0,False,,low,0.7,NORMAL,22.0,1002.4,52.0,HEALTHY,replay,1.1,0.0
2025-02-10T19:00:00+00:00,AWS-VAR-102,19.8,1003.2,68.0,False,,low,0.4,NORMAL,20.4,1003.0,56.0,HEALTHY,replay,0.7,0.0
2025-02-10T20:00:00+00:00,AWS-VAR-102,19.2,1003.8,67.0,False,,low,0.2,NORMAL,19.7,1003.7,58.0,HEALTHY,replay,0.3,0.0
2025-02-10T21:00:00+00:00,AWS-VAR-102,18.8,1004.1,63.0,False,,low,0.1,NORMAL,19.3,1004.0,63.0,HEALTHY,replay,0.2,0.0
2025-02-10T22:00:00+00:00,AWS-VAR-102,18.1,1004.1,63.0,False,,low,0.2,NORMAL,18.2,1004.1,66.0,HEALTHY,replay,0.3,0.0
2025-02-10T23:00:00+00:00,AWS-VAR-102,16.5,1003.7,68.0,False,,low,0.2,NORMAL,16.8,1003.7,61.0,HEALTHY,replay,0.3,0.0
2025-02-11T00:00:00+00:00,AWS-VAR-102,15.1,1003.2,76.0,False,,low,0.5,NORMAL,16.1,1003.2,64.0,HEALTHY,replay,0.8,0.0
2025-02-11T01:00:00+00:00,AWS-VAR-102,14.3,1002.5,80.0,False,,low,0.3,NORMAL,15.3,1002.4,68.0,HEALTHY,replay,0.5,0.0
2025-02-11T02:00:00+00:00,AWS-VAR-102,14.2,1002.1,79.0,False,,low,0.1,NORMAL,15.2,1002.1,70.0,HEALTHY,replay,0.2,0.0
2025-02-11T03:00:00+00:00,AWS-VAR-102,14.3,1001.8,76.0,False,,low,0.1,NORMAL,15.0,1001.8,70.0,HEALTHY,replay,0.2,0.0
2025-02-11T04:00:00+00:00,AWS-VAR-102,13.9,1002.0,76.0,False,,low,0.1,NORMAL,14.6,1002.0,72.0,HEALTHY,replay,0.2,0.0
2025-02-11T05:00:00+00:00,AWS-VAR-102,13.6,1002.5,76.0,False,,low,0.1,NORMAL,14.4,1002.5,73.0,HEALTHY,replay,0.2,0.0
2025-02-11T06:00:00+00:00,AWS-VAR-102,13.5,1003.6,82.0,False,,low,0.2,NORMAL,14.3,1003.26,79.0,HEALTHY,replay,0.3,0.0
2025-02-11T07:00:00+00:00,AWS-VAR-102,14.8,1004.1,76.0,False,,low,0.2,NORMAL,15.1,1003.24,76.0,HEALTHY,replay,0.3,0.0
2025-02-11T08:00:00+00:00,AWS-VAR-102,17.8,1005.1,70.0,False,,low,0.3,NORMAL,18.0,1005.0,69.0,HEALTHY,replay,0.5,0.0
2025-02-11T09:00:00+00:00,AWS-VAR-102,20.7,1005.5,62.0,False,,low,0.4,NORMAL,21.4,1005.4,59.0,HEALTHY,replay,0.7,0.0
2025-02-11T10:00:00+00:00,AWS-VAR-102,23.3,1005.6,55.0,False,,low,0.6,NORMAL,24.4,1005.5,47.0,HEALTHY,replay,1.0,0.0
2025-02-11T11:00:00+00:00,AWS-VAR-102,25.3,1004.8,46.0,False,,low,1.4,NORMAL,26.5,1004.7,39.0,HEALTHY,replay,2.3,0.0
2025-02-11T12:00:00+00:00,AWS-VAR-102,26.6,1003.9,41.0,False,,low,0.9,NORMAL,28.1,1003.8,32.0,HEALTHY,replay,1.4,0.0
2025-02-11T13:00:00+00:00,AWS-VAR-102,27.4,1002.8,37.0,False,,low,0.8,NORMAL,29.0,1002.8,27.0,HEALTHY,replay,1.4,0.0
2025-02-11T14:00:00+00:00,AWS-VAR-102,27.8,1002.0,35.0,False,,low,0.5,NORMAL,29.4,1001.9,26.0,HEALTHY,replay,0.9,0.0
2025-02-11T15:00:00+00:00,AWS-VAR-102,27.6,1001.4,35.0,False,,low,0.3,NORMAL,29.2,1001.2,25.0,HEALTHY,replay,0.6,0.0
2025-02-11T16:00:00+00:00,AWS-VAR-102,26.1,1001.1,47.0,False,,low,0.6,NORMAL,28.1,1001.1,29.0,HEALTHY,replay,1.0,0.0
2025-02-11T17:00:00+00:00,AWS-VAR-102,23.2,1001.0,57.0,False,,low,1.3,NORMAL,25.3,1001.1,39.0,HEALTHY,replay,2.1,0.0
2025-02-11T18:00:00+00:00,AWS-VAR-102,22.4,1001.7,48.0,False,,low,1.7,NORMAL,23.8,1001.7,41.0,HEALTHY,replay,2.8,0.0
2025-02-11T19:00:00+00:00,AWS-VAR-102,21.7,1002.2,45.0,False,,low,0.6,NORMAL,22.8,1002.2,41.0,HEALTHY,replay,0.9,0.0
2025-02-11T20:00:00+00:00,AWS-VAR-102,20.6,1002.7,48.0,False,,low,0.2,NORMAL,22.1,1002.7,41.0,HEALTHY,replay,0.3,0.0
2025-02-11T21:00:00+00:00,AWS-VAR-102,19.3,1003.0,51.0,False,,low,0.1,NORMAL,20.6,1002.9,46.0,HEALTHY,replay,0.2,0.0
2025-02-11T22:00:00+00:00,AWS-VAR-102,18.3,1003.3,54.0,False,,low,0.1,NORMAL,19.3,1003.2,51.0,HEALTHY,replay,0.2,0.0
2025-02-11T23:00:00+00:00,AWS-VAR-102,17.9,1003.0,55.0,False,,low,0.2,NORMAL,18.8,1003.0,52.0,HEALTHY,replay,0.3,0.0
2025-02-12T00:00:00+00:00,AWS-VAR-102,17.6,1002.5,55.0,False,,low,0.5,NORMAL,18.5,1002.26,59.0,HEALTHY,replay,0.8,0.0
2025-02-12T01:00:00+00:00,AWS-VAR-102,16.9,1002.0,57.0,False,,low,0.4,NORMAL,17.3,1002.0,63.0,HEALTHY,replay,0.6,0.0
2025-02-12T02:00:00+00:00,AWS-VAR-102,16.2,1001.5,59.0,False,,low,0.2,NORMAL,16.1,1001.4,67.0,HEALTHY,replay,0.3,0.0
2025-02-12T03:00:00+00:00,AWS-VAR-102,15.4,1001.2,63.0,False,,low,0.1,NORMAL,15.7,1001.2,73.0,HEALTHY,replay,0.1,0.0
2025-02-12T04:00:00+00:00,AWS-VAR-102,14.6,1001.5,69.0,False,,low,0.1,NORMAL,15.4,1001.23,78.0,HEALTHY,replay,0.2,0.0
2025-02-12T05:00:00+00:00,AWS-VAR-102,14.1,1002.1,74.0,False,,low,0.2,NORMAL,15.0,1002.0,77.0,HEALTHY,replay,0.3,0.0
2025-02-12T06:00:00+00:00,AWS-VAR-102,14.3,1003.0,88.0,False,,low,2.2,NORMAL,14.9,1002.9,88.0,HEALTHY,replay,3.7,0.0
2025-02-12T07:00:00+00:00,AWS-VAR-102,15.4,1003.6,84.0,False,,low,0.3,NORMAL,15.8,1003.4,84.0,HEALTHY,replay,0.4,0.0
2025-02-12T08:00:00+00:00,AWS-VAR-102,18.3,1004.6,77.0,False,,low,0.5,NORMAL,18.8,1004.5,73.0,HEALTHY,replay,0.8,0.0
2025-02-12T09:00:00+00:00,AWS-VAR-102,21.3,1005.3,66.0,False,,low,0.6,NORMAL,22.0,1005.2,62.0,HEALTHY,replay,0.9,0.0
2025-02-12T10:00:00+00:00,AWS-VAR-102,24.0,1005.5,58.0,False,,low,0.6,NORMAL,25.0,1005.4,52.0,HEALTHY,replay,1.0,0.0
2025-02-12T11:00:00+00:00,AWS-VAR-102,25.9,1004.8,51.0,False,,low,0.4,NORMAL,27.2,1004.6,45.0,HEALTHY,replay,0.7,0.0
2025-02-12T12:00:00+00:00,AWS-VAR-102,27.4,1003.5,46.0,False,,low,0.7,NORMAL,28.7,1003.4,38.0,HEALTHY,replay,1.2,0.0
2025-02-12T13:00:00+00:00,AWS-VAR-102,28.3,1002.3,41.0,False,,low,1.2,NORMAL,29.5,1002.2,34.0,HEALTHY,replay,2.0,0.0
2025-02-12T14:00:00+00:00,AWS-VAR-102,28.6,1001.5,37.0,False,,low,0.8,NORMAL,30.1,1001.3,28.0,HEALTHY,replay,1.3,0.0
2025-02-12T15:00:00+00:00,AWS-VAR-102,28.3,1000.9,36.0,False,,low,0.4,NORMAL,29.8,1000.8,27.0,HEALTHY,replay,0.6,0.0
2025-02-12T16:00:00+00:00,AWS-VAR-102,26.9,1000.9,41.0,False,,low,0.3,NORMAL,28.8,1000.6,28.0,HEALTHY,replay,0.5,0.0
2025-02-12T17:00:00+00:00,AWS-VAR-102,25.4,1000.7,37.0,False,,low,1.0,NORMAL,26.6,1000.6,36.0,HEALTHY,replay,1.7,0.0
2025-02-12T18:00:00+00:00,AWS-VAR-102,24.3,1001.3,36.0,False,,low,0.3,NORMAL,24.7,1001.3,41.0,HEALTHY,replay,0.6,0.0
2025-02-12T19:00:00+00:00,AWS-VAR-102,22.6,1001.8,40.0,False,,low,0.2,NORMAL,23.0,1001.8,44.0,HEALTHY,replay,0.3,0.0
2025-02-12T20:00:00+00:00,AWS-VAR-102,21.0,1002.3,48.0,False,,low,0.2,NORMAL,22.3,1002.3,41.0,HEALTHY,replay,0.3,0.0
2025-02-12T21:00:00+00:00,AWS-VAR-102,20.3,1002.8,49.0,False,,low,0.1,NORMAL,22.3,1002.8,40.0,HEALTHY,replay,0.1,0.0
2025-02-12T22:00:00+00:00,AWS-VAR-102,20.4,1003.4,45.0,False,,low,0.3,NORMAL,21.8,1003.4,46.0,HEALTHY,replay,0.5,0.0
2025-02-12T23:00:00+00:00,AWS-VAR-102,19.8,1003.3,49.0,False,,low,0.1,NORMAL,20.7,1003.2,50.0,HEALTHY,replay,0.2,0.0
2025-02-13T00:00:00+00:00,AWS-VAR-102,18.9,1002.9,55.0,False,,low,0.1,NORMAL,19.4,1002.8,51.0,HEALTHY,replay,0.2,0.0
2025-02-13T01:00:00+00:00,AWS-VAR-102,18.1,1002.7,59.0,False,,low,0.1,NORMAL,18.6,1002.7,52.0,HEALTHY,replay,0.1,0.0
2025-02-13T02:00:00+00:00,AWS-VAR-102,17.3,1002.5,61.0,False,,low,0.1,NORMAL,17.9,1002.5,51.0,HEALTHY,replay,0.1,0.0
2025-02-13T03:00:00+00:00,AWS-VAR-102,16.6,1002.1,61.0,False,,low,0.1,NORMAL,17.0,1002.1,53.0,HEALTHY,replay,0.1,0.0
2025-02-13T04:00:00+00:00,AWS-VAR-102,15.9,1002.5,61.0,False,,low,0.1,NORMAL,16.2,1002.5,55.0,HEALTHY,replay,0.1,0.0
2025-02-13T05:00:00+00:00,AWS-VAR-102,15.3,1002.9,60.0,False,,low,0.2,NORMAL,15.5,1002.58,56.0,HEALTHY,replay,0.3,0.0
2025-02-13T06:00:00+00:00,AWS-VAR-102,14.4,1004.1,74.0,False,,low,1.5,NORMAL,14.5,1003.1,70.0,HEALTHY,replay,2.5,0.0
2025-02-13T07:00:00+00:00,AWS-VAR-102,14.8,1004.7,72.0,False,,low,0.3,NORMAL,15.0,1003.9,66.0,HEALTHY,replay,0.5,0.0
2025-02-13T08:00:00+00:00,AWS-VAR-102,16.8,1005.5,66.0,False,,low,0.3,NORMAL,17.2,1004.6,59.0,HEALTHY,replay,0.6,0.0
2025-02-13T09:00:00+00:00,AWS-VAR-102,19.2,1006.4,57.0,False,,low,0.9,NORMAL,19.7,1005.4,50.0,HEALTHY,replay,1.5,0.0
2025-02-13T10:00:00+00:00,AWS-VAR-102,21.2,1006.0,47.0,False,,low,1.2,NORMAL,21.7,1005.2,42.0,HEALTHY,replay,2.0,0.0
2025-02-13T11:00:00+00:00,AWS-VAR-102,22.7,1005.5,39.0,False,,low,1.3,NORMAL,23.4,1004.7,35.0,HEALTHY,replay,2.2,0.0
2025-02-13T12:00:00+00:00,AWS-VAR-102,23.5,1004.3,37.0,False,,low,1.2,NORMAL,24.7,1003.4,29.0,HEALTHY,replay,2.1,0.0
2025-02-13T13:00:00+00:00,AWS-VAR-102,24.2,1003.1,37.0,False,,low,1.4,NORMAL,25.6,1003.1,26.0,HEALTHY,replay,2.3,0.0
2025-02-13T14:00:00+00:00,AWS-VAR-102,24.7,1002.0,32.0,False,,low,2.7,NORMAL,26.0,1001.9,25.0,HEALTHY,replay,4.5,0.0
2025-02-13T15:00:00+00:00,AWS-VAR-102,24.5,1001.3,32.0,False,,low,0.8,NORMAL,25.8,1001.2,25.0,HEALTHY,replay,1.4,0.0
2025-02-13T16:00:00+00:00,AWS-VAR-102,23.5,1000.9,37.0,False,,low,0.6,NORMAL,25.2,1000.9,27.0,HEALTHY,replay,1.0,0.0
2025-02-13T17:00:00+00:00,AWS-VAR-102,21.4,1001.2,42.0,False,,low,0.3,NORMAL,23.3,1001.2,30.0,HEALTHY,replay,0.6,0.0
2025-02-13T18:00:00+00:00,AWS-VAR-102,20.2,1002.2,47.0,False,,low,0.3,NORMAL,21.1,1002.3,39.0,HEALTHY,replay,0.6,0.0
2025-02-13T19:00:00+00:00,AWS-VAR-102,19.2,1003.0,50.0,False,,low,0.2,NORMAL,20.1,1002.9,43.0,HEALTHY,replay,0.4,0.0
2025-02-13T20:00:00+00:00,AWS-VAR-102,18.4,1003.6,53.0,False,,low,0.2,NORMAL,19.6,1003.5,49.0,HEALTHY,replay,0.3,0.0
2025-02-13T21:00:00+00:00,AWS-VAR-102,18.1,1004.0,53.0,False,,low,0.1,NORMAL,19.1,1004.0,49.0,HEALTHY,replay,0.2,0.0
2025-02-13T22:00:00+00:00,AWS-VAR-102,17.7,1004.2,53.0,False,,low,0.1,NORMAL,18.5,1004.2,49.0,HEALTHY,replay,0.2,0.0
2025-02-13T23:00:00+00:00,AWS-VAR-102,17.2,1003.8,55.0,False,,low,0.1,NORMAL,17.7,1003.7,51.0,HEALTHY,replay,0.2,0.0
2025-02-14T00:00:00+00:00,AWS-VAR-102,16.4,1003.2,57.0,False,,low,0.1,NORMAL,16.9,1003.1,54.0,HEALTHY,replay,0.1,0.0
2025-02-14T01:00:00+00:00,AWS-VAR-102,15.9,1002.7,58.0,False,,low,0.1,NORMAL,16.5,1002.7,55.0,HEALTHY,replay,0.2,0.0
2025-02-14T02:00:00+00:00,AWS-VAR-102,15.7,1002.2,58.0,False,,low,0.1,NORMAL,16.1,1002.2,56.0,HEALTHY,replay,0.2,0.0
2025-02-14T03:00:00+00:00,AWS-VAR-102,15.4,1002.0,57.0,False,,low,0.1,NORMAL,15.7,1002.0,55.0,HEALTHY,replay,0.1,0.0
2025-02-14T04:00:00+00:00,AWS-VAR-102,14.9,1001.9,58.0,False,,low,0.1,NORMAL,15.2,1001.9,55.0,HEALTHY,replay,0.2,0.0
2025-02-14T05:00:00+00:00,AWS-VAR-102,14.5,1002.2,58.0,False,,low,0.1,NORMAL,14.7,1002.2,55.0,HEALTHY,replay,0.2,0.0
2025-02-14T06:00:00+00:00,AWS-VAR-102,13.1,1003.6,70.0,False,,low,0.5,NORMAL,13.4,1003.6,67.0,HEALTHY,replay,0.9,0.0
2025-02-14T07:00:00+00:00,AWS-VAR-102,13.9,1004.5,66.0,False,,low,0.4,NORMAL,14.2,1004.5,63.0,HEALTHY,replay,0.7,0.0
2025-02-14T08:00:00+00:00,AWS-VAR-102,16.2,1005.2,62.0,False,,low,0.3,NORMAL,16.4,1005.2,56.0,HEALTHY,replay,0.5,0.0
2025-02-14T09:00:00+00:00,AWS-VAR-102,18.8,1005.5,53.0,False,,low,0.4,NORMAL,19.3,1005.4,46.0,HEALTHY,replay,0.6,0.0
2025-02-14T10:00:00+00:00,AWS-VAR-102,21.1,1005.0,43.0,False,,low,0.8,NORMAL,21.7,1005.0,38.0,HEALTHY,replay,1.4,0.0
2025-02-14T11:00:00+00:00,AWS-VAR-102,22.8,1004.2,36.0,False,,low,0.9,NORMAL,23.7,1004.2,31.0,HEALTHY,replay,1.4,0.0
2025-02-14T12:00:00+00:00,AWS-VAR-102,24.1,1002.9,32.0,False,,low,0.8,NORMAL,25.2,1003.0,28.0,HEALTHY,replay,1.3,0.0
2025-02-14T13:00:00+00:00,AWS-VAR-102,24.8,1001.9,33.0,False,,low,0.8,NORMAL,26.6,1001.7,22.0,HEALTHY,replay,1.4,0.0
2025-02-14T14:00:00+00:00,AWS-VAR-102,25.8,1000.9,26.0,False,,low,2.4,NORMAL,27.0,1000.7,21.0,HEALTHY,replay,3.9,0.0
2025-02-14T15:00:00+00:00,AWS-VAR-102,25.7,1000.2,26.0,False,,low,0.9,NORMAL,26.6,1000.2,22.0,HEALTHY,replay,1.4,0.0
2025-02-14T16:00:00+00:00,AWS-VAR-102,24.4,1000.0,32.0,False,,low,0.5,NORMAL,26.0,1000.0,24.0,HEALTHY,replay,0.9,0.0
2025-02-14T17:00:00+00:00,AWS-VAR-102,22.0,1000.3,36.0,False,,low,0.6,NORMAL,24.3,1000.3,26.0,HEALTHY,replay,0.9,0.0
2025-02-14T18:00:00+00:00,AWS-VAR-102,20.5,1000.9,43.0,False,,low,0.4,NORMAL,21.7,1000.9,32.0,HEALTHY,replay,0.7,0.0
2025-02-14T19:00:00+00:00,AWS-VAR-102,19.6,1001.4,46.0,False,,low,0.2,NORMAL,20.7,1001.4,39.0,HEALTHY,replay,0.3,0.0
2025-02-14T20:00:00+00:00,AWS-VAR-102,19.1,1002.2,46.0,False,,low,0.3,NORMAL,20.3,1002.1,42.0,HEALTHY,replay,0.4,0.0
2025-02-14T21:00:00+00:00,AWS-VAR-102,18.7,1002.5,46.0,False,,low,0.2,NORMAL,19.8,1002.4,41.0,HEALTHY,replay,0.3,0.0
2025-02-14T22:00:00+00:00,AWS-VAR-102,18.3,1002.7,48.0,False,,low,0.1,NORMAL,19.1,1002.6,43.0,HEALTHY,replay,0.2,0.0
2025-02-14T23:00:00+00:00,AWS-VAR-102,17.8,1002.5,50.0,False,,low,0.2,NORMAL,18.6,1002.5,45.0,HEALTHY,replay,0.3,0.0
2025-02-15T00:00:00+00:00,AWS-VAR-102,17.3,1002.0,50.0,False,,low,0.2,NORMAL,17.8,1002.0,48.0,HEALTHY,replay,0.4,0.0
2025-02-15T01:00:00+00:00,AWS-VAR-102,16.7,1001.5,51.0,False,,low,0.2,NORMAL,17.2,1001.5,49.0,HEALTHY,replay,0.3,0.0
2025-02-15T02:00:00+00:00,AWS-VAR-102,16.3,1001.0,52.0,False,,low,0.2,NORMAL,16.7,1000.9,52.0,HEALTHY,replay,0.3,0.0
2025-02-15T03:00:00+00:00,AWS-VAR-102,15.6,1000.7,54.0,False,,low,0.1,NORMAL,16.1,1000.6,54.0,HEALTHY,replay,0.2,0.0
2025-02-15T04:00:00+00:00,AWS-VAR-102,15.1,1000.9,55.0,False,,low,0.2,NORMAL,15.6,1000.8,56.0,HEALTHY,replay,0.3,0.0
2025-02-15T05:00:00+00:00,AWS-VAR-102,14.6,1001.2,57.0,False,,low,0.1,NORMAL,15.1,1001.0,58.0,HEALTHY,replay,0.2,0.0
2025-02-15T06:00:00+00:00,AWS-VAR-102,13.7,1002.5,67.0,False,,low,0.4,NORMAL,14.3,1002.4,67.0,HEALTHY,replay,0.7,0.0
2025-02-15T07:00:00+00:00,AWS-VAR-102,14.9,1003.4,64.0,False,,low,0.4,NORMAL,15.3,1003.4,64.0,HEALTHY,replay,0.7,0.0
2025-02-15T08:00:00+00:00,AWS-VAR-102,17.9,1004.2,60.0,False,,low,0.8,NORMAL,18.1,1004.1,58.0,HEALTHY,replay,1.3,0.0
2025-02-15T09:00:00+00:00,AWS-VAR-102,21.0,1005.0,52.0,False,,low,1.5,NORMAL,21.6,1004.8,49.0,HEALTHY,replay,2.5,0.0
2025-02-15T10:00:00+00:00,AWS-VAR-102,23.5,1004.6,45.0,False,,low,1.3,NORMAL,24.6,1004.4,39.0,HEALTHY,replay,2.2,0.0
2025-02-15T11:00:00+00:00,AWS-VAR-102,25.3,1003.8,38.0,False,,low,1.3,NORMAL,26.5,1003.6,31.0,HEALTHY,replay,2.1,0.0
2025-02-15T12:00:00+00:00,AWS-VAR-102,26.6,1002.8,33.0,False,,low,1.4,NORMAL,27.6,1002.6,28.0,HEALTHY,replay,2.3,0.0
2025-02-15T13:00:00+00:00,AWS-VAR-102,27.4,1001.8,29.0,False,,low,1.6,NORMAL,28.3,1001.6,26.0,HEALTHY,replay,2.7,0.0
2025-02-15T14:00:00+00:00,AWS-VAR-102,27.7,1000.8,28.0,False,,low,1.2,NORMAL,28.5,1000.6,27.0,HEALTHY,replay,1.9,0.0
2025-02-15T15:00:00+00:00,AWS-VAR-102,27.6,1000.0,29.0,False,,low,0.9,NORMAL,28.5,999.8,27.0,HEALTHY,replay,1.5,0.0
2025-02-15T16:00:00+00:00,AWS-VAR-102,26.5,1000.0,39.0,False,,low,0.9,NORMAL,27.8,999.9,30.0,HEALTHY,replay,1.5,0.0
2025-02-15T17:00:00+00:00,AWS-VAR-102,23.8,1000.1,52.0,False,,low,3.0,NORMAL,25.3,999.8,40.0,HEALTHY,replay,5.0,0.0
2025-02-15T18:00:00+00:00,AWS-VAR-102,21.3,1000.7,54.0,False,,low,0.7,NORMAL,23.3,1000.4,40.0,HEALTHY,replay,1.1,0.0
2025-02-15T19:00:00+00:00,AWS-VAR-102,20.0,1000.9,56.0,False,,low,0.3,NORMAL,22.6,1000.6,47.0,HEALTHY,replay,0.5,0.0
2025-02-15T20:00:00+00:00,AWS-VAR-102,18.4,1001.6,66.0,False,,low,2.1,NORMAL,20.8,1001.3,53.0,HEALTHY,replay,3.6,0.0
2025-02-15T21:00:00+00:00,AWS-VAR-102,17.3,1002.1,72.0,False,,low,1.5,NORMAL,19.1,1002.0,60.0,HEALTHY,replay,2.5,0.0
2025-02-15T22:00:00+00:00,AWS-VAR-102,16.1,1002.4,78.0,False,,low,1.0,NORMAL,17.9,1002.2,66.0,HEALTHY,replay,1.7,0.0
2025-02-15T23:00:00+00:00,AWS-VAR-102,16.5,1001.6,76.0,False,,low,0.3,NORMAL,17.9,1001.4,67.0,HEALTHY,replay,0.4,0.0
2025-02-16T00:00:00+00:00,AWS-VAR-102,16.0,1001.2,77.0,False,,low,0.2,NORMAL,17.5,1001.0,69.0,HEALTHY,replay,0.3,0.0
2025-02-16T01:00:00+00:00,AWS-VAR-102,15.3,1000.5,81.0,False,,low,0.2,NORMAL,16.6,1000.3,73.0,HEALTHY,replay,0.3,0.0
2025-02-16T02:00:00+00:00,AWS-VAR-102,15.0,1000.1,81.0,False,,low,0.2,NORMAL,16.0,999.9,75.0,HEALTHY,replay,0.3,0.0
2025-02-16T03:00:00+00:00,AWS-VAR-102,14.9,999.9,79.0,False,,low,0.2,NORMAL,15.9,999.8,77.0,HEALTHY,replay,0.3,0.0
2025-02-16T04:00:00+00:00,AWS-VAR-102,14.3,1000.3,81.0,False,,low,0.2,NORMAL,15.5,1000.1,78.0,HEALTHY,replay,0.3,0.0
2025-02-16T05:00:00+00:00,AWS-VAR-102,14.0,1000.8,82.0,False,,low,0.2,NORMAL,15.0,1000.7,80.0,HEALTHY,replay,0.3,0.0
2025-02-16T06:00:00+00:00,AWS-VAR-102,13.7,1002.1,86.0,False,,low,0.2,NORMAL,15.3,1001.9,79.0,HEALTHY,replay,0.4,0.0
2025-02-16T07:00:00+00:00,AWS-VAR-102,15.4,1002.7,78.0,False,,low,0.3,NORMAL,16.3,1002.5,74.0,HEALTHY,replay,0.5,0.0
2025-02-16T08:00:00+00:00,AWS-VAR-102,18.5,1003.5,69.0,False,,low,0.5,NORMAL,19.0,1003.3,66.0,HEALTHY,replay,0.9,0.0
2025-02-16T09:00:00+00:00,AWS-VAR-102,21.6,1004.3,58.0,False,,low,0.7,NORMAL,22.0,1004.1,56.0,HEALTHY,replay,1.2,0.0
2025-02-16T10:00:00+00:00,AWS-VAR-102,24.4,1004.1,48.0,False,,low,2.1,NORMAL,24.7,1003.9,47.0,HEALTHY,replay,3.6,0.0
2025-02-16T11:00:00+00:00,AWS-VAR-102,26.3,1003.4,42.0,False,,low,0.7,NORMAL,26.6,1003.3,40.0,HEALTHY,replay,1.2,0.0
2025-02-16T12:00:00+00:00,AWS-VAR-102,27.5,1002.3,39.0,False,,low,0.7,NORMAL,27.9,1002.1,36.0,HEALTHY,replay,1.2,0.0
2025-02-16T13:00:00+00:00,AWS-VAR-102,28.2,1001.1,39.0,False,,low,1.1,NORMAL,28.8,1000.9,35.0,HEALTHY,replay,1.8,0.0
2025-02-16T14:00:00+00:00,AWS-VAR-102,28.3,1000.2,39.0,False,,low,0.8,NORMAL,29.1,1000.0,35.0,HEALTHY,replay,1.3,0.0
2025-02-16T15:00:00+00:00,AWS-VAR-102,28.1,1000.0,39.0,False,,low,0.3,NORMAL,29.1,999.8,36.0,HEALTHY,replay,0.5,0.0
2025-02-16T16:00:00+00:00,AWS-VAR-102,27.2,1000.3,41.0,False,,low,0.2,NORMAL,28.3,1000.1,38.0,HEALTHY,replay,0.3,0.0
2025-02-16T17:00:00+00:00,AWS-VAR-102,24.6,1000.7,53.0,False,,low,0.4,NORMAL,26.3,1000.5,43.0,HEALTHY,replay,0.6,0.0
2025-02-16T18:00:00+00:00,AWS-VAR-102,22.3,1001.6,63.0,False,,low,1.0,NORMAL,24.6,1001.3,48.0,HEALTHY,replay,1.6,0.0
2025-02-16T19:00:00+00:00,AWS-VAR-102,21.3,1002.3,64.0,False,,low,0.3,NORMAL,23.5,1002.2,54.0,HEALTHY,replay,0.5,0.0
2025-02-16T20:00:00+00:00,AWS-VAR-102,20.1,1003.2,68.0,False,,low,0.4,NORMAL,22.1,1003.1,61.0,HEALTHY,replay,0.6,0.0
2025-02-16T21:00:00+00:00,AWS-VAR-102,19.4,1003.9,71.0,False,,low,0.5,NORMAL,20.9,1003.7,65.0,HEALTHY,replay,0.8,0.0
2025-02-16T22:00:00+00:00,AWS-VAR-102,18.8,1004.3,74.0,False,,low,0.4,NORMAL,20.0,1004.0,69.0,HEALTHY,replay,0.7,0.0
2025-02-16T23:00:00+00:00,AWS-VAR-102,18.3,1004.0,75.0,False,,low,0.2,NORMAL,19.4,1004.0,72.0,HEALTHY,replay,0.3,0.0
2025-02-17T00:00:00+00:00,AWS-VAR-102,17.6,1004.3,77.0,False,,low,0.2,NORMAL,18.9,1004.1,72.0,HEALTHY,replay,0.3,0.0
2025-02-17T01:00:00+00:00,AWS-VAR-102,16.6,1004.7,82.0,False,,low,0.2,NORMAL,17.8,1004.5,77.0,HEALTHY,replay,0.3,0.0
2025-02-17T02:00:00+00:00,AWS-VAR-102,16.3,1004.0,83.0,False,,low,0.3,NORMAL,17.4,1003.8,79.0,HEALTHY,replay,0.5,0.0
2025-02-17T03:00:00+00:00,AWS-VAR-102,16.0,1003.8,83.0,False,,low,0.2,NORMAL,17.3,1003.7,79.0,HEALTHY,replay,0.3,0.0
2025-02-17T04:00:00+00:00,AWS-VAR-102,15.6,1003.8,85.0,False,,low,0.2,NORMAL,17.0,1003.6,79.0,HEALTHY,replay,0.4,0.0
2025-02-17T05:00:00+00:00,AWS-VAR-102,15.1,1003.9,86.0,False,,low,0.4,NORMAL,16.5,1003.9,81.0,HEALTHY,replay,0.6,0.0
2025-02-17T06:00:00+00:00,AWS-VAR-102,15.4,1004.8,88.0,False,,low,0.4,NORMAL,16.8,1004.7,81.0,HEALTHY,replay,0.7,0.0
2025-02-17T07:00:00+00:00,AWS-VAR-102,16.8,1006.0,82.0,False,,low,1.3,NORMAL,17.9,1005.8,78.0,HEALTHY,replay,2.1,0.0
2025-02-17T08:00:00+00:00,AWS-VAR-102,20.0,1006.7,70.0,False,,low,1.3,NORMAL,20.7,1006.5,68.0,HEALTHY,replay,2.2,0.0
2025-02-17T09:00:00+00:00,AWS-VAR-102,22.8,1007.4,59.0,False,,low,5.0,NORMAL,23.4,1007.2,58.0,HEALTHY,replay,8.4,0.0
2025-02-17T10:00:00+00:00,AWS-VAR-102,25.1,1007.1,51.0,False,,low,3.2,NORMAL,25.9,1006.9,48.0,HEALTHY,replay,5.4,0.0
2025-02-17T11:00:00+00:00,AWS-VAR-102,26.8,1006.5,45.0,False,,low,3.3,NORMAL,27.6,1006.4,40.0,HEALTHY,replay,5.5,0.0
2025-02-17T12:00:00+00:00,AWS-VAR-102,27.7,1005.6,41.0,False,,low,3.6,NORMAL,28.5,1005.4,37.0,HEALTHY,replay,6.0,0.0
2025-02-17T13:00:00+00:00,AWS-VAR-102,28.2,1004.8,39.0,False,,low,3.7,NORMAL,29.0,1004.6,35.0,HEALTHY,replay,6.1,0.0
2025-02-17T14:00:00+00:00,AWS-VAR-102,28.3,1004.0,37.0,False,,low,1.5,NORMAL,29.1,1003.7,34.0,HEALTHY,replay,2.5,0.0
2025-02-17T15:00:00+00:00,AWS-VAR-102,27.9,1003.5,37.0,False,,low,1.2,NORMAL,28.9,1003.1,34.0,HEALTHY,replay,2.0,0.0
2025-02-17T16:00:00+00:00,AWS-VAR-102,27.1,1003.3,40.0,False,,low,0.5,NORMAL,28.4,1003.1,35.0,HEALTHY,replay,0.9,0.0
2025-02-17T17:00:00+00:00,AWS-VAR-102,24.5,1003.5,51.0,False,,low,0.9,NORMAL,26.5,1003.2,46.0,HEALTHY,replay,1.6,0.0
2025-02-17T18:00:00+00:00,AWS-VAR-102,22.3,1003.8,56.0,False,,low,0.4,NORMAL,24.0,1003.6,50.0,HEALTHY,replay,0.7,0.0
2025-02-17T19:00:00+00:00,AWS-VAR-102,21.4,1004.6,61.0,False,,low,0.3,NORMAL,23.1,1003.8,50.0,HEALTHY,replay,0.6,0.0
2025-02-17T20:00:00+00:00,AWS-VAR-102,20.0,1005.3,68.0,False,,low,0.5,NORMAL,22.7,1005.2,54.0,HEALTHY,replay,0.8,0.0
2025-02-17T21:00:00+00:00,AWS-VAR-102,19.7,1005.7,69.0,False,,low,0.2,NORMAL,21.9,1005.6,57.0,HEALTHY,replay,0.3,0.0
2025-02-17T22:00:00+00:00,AWS-VAR-102,19.3,1005.8,69.0,False,,low,0.2,NORMAL,21.1,1005.6,59.0,HEALTHY,replay,0.3,0.0
2025-02-17T23:00:00+00:00,AWS-VAR-102,17.9,1005.4,76.0,False,,low,0.2,NORMAL,20.0,1005.3,64.0,HEALTHY,replay,0.3,0.0
2025-02-18T00:00:00+00:00,AWS-VAR-102,17.1,1004.8,80.0,False,,low,0.2,NORMAL,18.4,1004.5,72.0,HEALTHY,replay,0.3,0.0
2025-02-18T01:00:00+00:00,AWS-VAR-102,16.5,1004.1,82.0,False,,low,0.1,NORMAL,17.7,1003.9,76.0,HEALTHY,replay,0.2,0.0
2025-02-18T02:00:00+00:00,AWS-VAR-102,16.1,1003.4,85.0,False,,low,0.1,NORMAL,17.0,1003.3,79.0,HEALTHY,replay,0.2,0.0
2025-02-18T03:00:00+00:00,AWS-VAR-102,15.7,1003.0,85.0,False,,low,0.1,NORMAL,16.5,1003.0,81.0,HEALTHY,replay,0.1,0.0
2025-02-18T04:00:00+00:00,AWS-VAR-102,15.2,1003.3,87.0,False,,low,0.1,NORMAL,16.0,1003.2,83.0,HEALTHY,replay,0.2,0.0
2025-02-18T05:00:00+00:00,AWS-VAR-102,15.0,1003.6,86.0,False,,low,0.1,NORMAL,16.1,1003.5,82.0,HEALTHY,replay,0.2,0.0
2025-02-18T06:00:00+00:00,AWS-VAR-102,14.4,1005.1,93.0,False,,low,0.3,NORMAL,16.0,1005.0,85.0,HEALTHY,replay,0.5,0.0
2025-02-18T07:00:00+00:00,AWS-VAR-102,16.0,1006.0,87.0,False,,low,0.8,NORMAL,17.2,1006.0,80.0,HEALTHY,replay,1.4,0.0
2025-02-18T08:00:00+00:00,AWS-VAR-102,19.5,1006.8,74.0,False,,low,1.2,NORMAL,20.0,1006.6,71.0,HEALTHY,replay,1.9,0.0
2025-02-18T09:00:00+00:00,AWS-VAR-102,22.6,1007.2,62.0,False,,low,3.2,NORMAL,23.0,1007.0,60.0,HEALTHY,replay,5.3,0.0
2025-02-18T10:00:00+00:00,AWS-VAR-102,25.1,1007.3,52.0,False,,low,2.6,NORMAL,25.6,1007.2,49.0,HEALTHY,replay,4.3,0.0
2025-02-18T11:00:00+00:00,AWS-VAR-102,26.6,1006.3,45.0,False,,low,1.2,NORMAL,27.0,1006.2,43.0,HEALTHY,replay,2.0,0.0
2025-02-18T12:00:00+00:00,AWS-VAR-102,27.5,1005.2,42.0,False,,low,1.0,NORMAL,28.1,1005.0,39.0,HEALTHY,replay,1.7,0.0
2025-02-18T13:00:00+00:00,AWS-VAR-102,28.1,1004.0,39.0,False,,low,1.3,NORMAL,28.7,1003.9,36.0,HEALTHY,replay,2.2,0.0
2025-02-18T14:00:00+00:00,AWS-VAR-102,28.2,1003.0,38.0,False,,low,1.1,NORMAL,29.0,1002.8,32.0,HEALTHY,replay,1.9,0.0
2025-02-18T15:00:00+00:00,AWS-VAR-102,28.0,1002.5,37.0,False,,low,0.3,NORMAL,29.0,1002.3,31.0,HEALTHY,replay,0.6,0.0
2025-02-18T16:00:00+00:00,AWS-VAR-102,27.3,1002.4,38.0,False,,low,0.3,NORMAL,28.3,1002.3,33.0,HEALTHY,replay,0.4,0.0
2025-02-18T17:00:00+00:00,AWS-VAR-102,25.0,1002.6,53.0,False,,low,0.4,NORMAL,26.6,1002.4,44.0,HEALTHY,replay,0.7,0.0
2025-02-18T18:00:00+00:00,AWS-VAR-102,23.5,1002.6,53.0,False,,low,0.2,NORMAL,25.3,1002.5,47.0,HEALTHY,replay,0.3,0.0
2025-02-18T19:00:00+00:00,AWS-VAR-102,22.3,1003.0,59.0,False,,low,0.3,NORMAL,24.2,1002.9,51.0,HEALTHY,replay,0.5,0.0
2025-02-18T20:00:00+00:00,AWS-VAR-102,21.6,1003.3,60.0,False,,low,0.1,NORMAL,22.7,1003.2,55.0,HEALTHY,replay,0.2,0.0
2025-02-18T21:00:00+00:00,AWS-VAR-102,20.5,1004.1,63.0,False,,low,0.1,NORMAL,22.8,1004.0,51.0,HEALTHY,replay,0.2,0.0
2025-02-18T22:00:00+00:00,AWS-VAR-102,19.7,1004.6,64.0,False,,low,0.1,NORMAL,22.6,1004.6,51.0,HEALTHY,replay,0.1,0.0
2025-02-18T23:00:00+00:00,AWS-VAR-102,19.3,1004.6,65.0,False,,low,0.1,NORMAL,21.3,1004.5,58.0,HEALTHY,replay,0.1,0.0
2025-02-19T00:00:00+00:00,AWS-VAR-102,18.0,1003.8,71.0,False,,low,0.1,NORMAL,20.4,1003.8,62.0,HEALTHY,replay,0.2,0.0
2025-02-19T01:00:00+00:00,AWS-VAR-102,17.0,1003.5,76.0,False,,low,0.1,NORMAL,19.4,1003.3,67.0,HEALTHY,replay,0.2,0.0
2025-02-19T02:00:00+00:00,AWS-VAR-102,16.3,1002.9,83.0,False,,low,0.2,NORMAL,18.2,1002.9,71.0,HEALTHY,replay,0.3,0.0
2025-02-19T03:00:00+00:00,AWS-VAR-102,16.3,1002.5,82.0,False,,low,0.1,NORMAL,17.2,1002.5,76.0,HEALTHY,replay,0.2,0.0
2025-02-19T04:00:00+00:00,AWS-VAR-102,15.8,1002.5,85.0,False,,low,0.1,NORMAL,16.5,1002.5,80.0,HEALTHY,replay,0.1,0.0
2025-02-19T05:00:00+00:00,AWS-VAR-102,15.0,1002.9,88.0,False,,low,0.1,NORMAL,16.0,1002.8,82.0,HEALTHY,replay,0.2,0.0
2025-02-19T06:00:00+00:00,AWS-VAR-102,15.3,1004.1,91.0,False,,low,0.2,NORMAL,16.3,1004.1,87.0,HEALTHY,replay,0.3,0.0
2025-02-19T07:00:00+00:00,AWS-VAR-102,17.0,1004.7,84.0,False,,low,0.3,NORMAL,18.0,1004.6,79.0,HEALTHY,replay,0.5,0.0
2025-02-19T08:00:00+00:00,AWS-VAR-102,20.6,1005.8,72.0,False,,low,0.9,NORMAL,21.0,1005.6,67.0,HEALTHY,replay,1.5,0.0
2025-02-19T09:00:00+00:00,AWS-VAR-102,23.6,1006.3,59.0,False,,low,1.3,NORMAL,23.9,1006.2,55.0,HEALTHY,replay,2.2,0.0
2025-02-19T10:00:00+00:00,AWS-VAR-102,25.7,1005.9,48.0,False,,low,1.6,NORMAL,26.0,1005.8,42.0,HEALTHY,replay,2.7,0.0
2025-02-19T11:00:00+00:00,AWS-VAR-102,26.9,1005.2,41.0,False,,low,1.0,NORMAL,27.3,1005.1,36.0,HEALTHY,replay,1.7,0.0
2025-02-19T12:00:00+00:00,AWS-VAR-102,27.7,1004.1,37.0,False,,low,1.0,NORMAL,28.3,1004.0,33.0,HEALTHY,replay,1.7,0.0
2025-02-19T13:00:00+00:00,AWS-VAR-102,28.0,1002.6,37.0,False,,low,2.0,NORMAL,28.6,1002.4,33.0,HEALTHY,replay,3.3,0.0
2025-02-19T14:00:00+00:00,AWS-VAR-102,28.1,1001.4,36.0,False,,low,2.5,NORMAL,28.8,1001.2,32.0,HEALTHY,replay,4.2,0.0
2025-02-19T15:00:00+00:00,AWS-VAR-102,27.9,1000.9,35.0,False,,low,1.4,NORMAL,28.7,1000.6,31.0,HEALTHY,replay,2.4,0.0
2025-02-19T16:00:00+00:00,AWS-VAR-102,27.2,1000.8,37.0,False,,low,0.7,NORMAL,28.2,1000.5,32.0,HEALTHY,replay,1.1,0.0
2025-02-19T17:00:00+00:00,AWS-VAR-102,24.3,1001.0,50.0,False,,low,1.1,NORMAL,26.6,1000.8,45.0,HEALTHY,replay,1.9,0.0
2025-02-19T18:00:00+00:00,AWS-VAR-102,22.8,1001.9,51.0,False,,low,0.3,NORMAL,24.8,1001.8,41.0,HEALTHY,replay,0.6,0.0
2025-02-19T19:00:00+00:00,AWS-VAR-102,22.1,1002.6,50.0,False,,low,0.2,NORMAL,24.6,1002.4,41.0,HEALTHY,replay,0.3,0.0
2025-02-19T20:00:00+00:00,AWS-VAR-102,22.4,1003.1,48.0,False,,low,0.1,NORMAL,24.2,1002.9,43.0,HEALTHY,replay,0.2,0.0
2025-02-19T21:00:00+00:00,AWS-VAR-102,21.1,1003.2,54.0,False,,low,0.1,NORMAL,23.4,1003.1,46.0,HEALTHY,replay,0.2,0.0
2025-02-19T22:00:00+00:00,AWS-VAR-102,19.1,1003.7,63.0,False,,low,0.3,NORMAL,21.5,1003.4,51.0,HEALTHY,replay,0.5,0.0
2025-02-19T23:00:00+00:00,AWS-VAR-102,18.3,1003.7,66.0,False,,low,0.2,NORMAL,20.4,1003.5,55.0,HEALTHY,replay,0.3,0.0
2025-02-20T00:00:00+00:00,AWS-VAR-102,17.4,1003.4,70.0,False,,low,0.2,NORMAL,19.2,1003.4,59.0,HEALTHY,replay,0.3,0.0
2025-02-20T01:00:00+00:00,AWS-VAR-102,17.2,1003.1,69.0,False,,low,0.2,NORMAL,18.8,1003.1,60.0,HEALTHY,replay,0.3,0.0
2025-02-20T02:00:00+00:00,AWS-VAR-102,17.0,1002.6,69.0,False,,low,0.1,NORMAL,18.3,1002.5,64.0,HEALTHY,replay,0.2,0.0
2025-02-20T03:00:00+00:00,AWS-VAR-102,16.6,1002.6,71.0,False,,low,0.1,NORMAL,17.9,1002.5,67.0,HEALTHY,replay,0.2,0.0
2025-02-20T04:00:00+00:00,AWS-VAR-102,16.3,1002.9,73.0,False,,low,0.1,NORMAL,17.5,1002.6,69.0,HEALTHY,replay,0.2,0.0
2025-02-20T05:00:00+00:00,AWS-VAR-102,16.5,1003.2,72.0,False,,low,0.3,NORMAL,17.3,1003.2,69.0,HEALTHY,replay,0.5,0.0
2025-02-20T06:00:00+00:00,AWS-VAR-102,16.7,1004.4,74.0,False,,low,0.2,NORMAL,17.5,1004.2,72.0,HEALTHY,replay,0.4,0.0
2025-02-20T07:00:00+00:00,AWS-VAR-102,18.4,1005.1,67.0,False,,low,0.4,NORMAL,18.6,1005.1,68.0,HEALTHY,replay,0.7,0.0
2025-02-20T08:00:00+00:00,AWS-VAR-102,21.2,1006.4,60.0,False,,low,1.3,NORMAL,21.3,1006.2,59.0,HEALTHY,replay,2.2,0.0
2025-02-20T09:00:00+00:00,AWS-VAR-102,23.7,1007.0,52.0,False,,low,1.4,NORMAL,24.4,1006.9,49.0,HEALTHY,replay,2.3,0.0
2025-02-20T10:00:00+00:00,AWS-VAR-102,26.0,1006.7,45.0,False,,low,1.2,NORMAL,26.6,1006.5,42.0,HEALTHY,replay,2.0,0.0
2025-02-20T11:00:00+00:00,AWS-VAR-102,27.8,1006.0,39.0,False,,low,0.7,NORMAL,28.3,1005.9,36.0,HEALTHY,replay,1.2,0.0
2025-02-20T12:00:00+00:00,AWS-VAR-102,28.8,1005.1,37.0,False,,low,0.5,NORMAL,29.3,1004.9,32.0,HEALTHY,replay,0.8,0.0
2025-02-20T13:00:00+00:00,AWS-VAR-102,29.3,1003.8,37.0,False,,low,0.6,NORMAL,29.8,1003.6,31.0,HEALTHY,replay,1.0,0.0
2025-02-20T14:00:00+00:00,AWS-VAR-102,29.4,1002.8,38.0,False,,low,1.5,NORMAL,29.9,1002.6,31.0,HEALTHY,replay,2.5,0.0
2025-02-20T15:00:00+00:00,AWS-VAR-102,29.1,1002.4,38.0,False,,low,0.5,NORMAL,29.7,1002.3,32.0,HEALTHY,replay,0.8,0.0
2025-02-20T16:00:00+00:00,AWS-VAR-102,28.4,1002.5,39.0,False,,low,0.3,NORMAL,28.8,1002.4,34.0,HEALTHY,replay,0.6,0.0
2025-02-20T17:00:00+00:00,AWS-VAR-102,26.1,1002.8,48.0,False,,low,0.2,NORMAL,27.4,1002.7,38.0,HEALTHY,replay,0.4,0.0
2025-02-20T18:00:00+00:00,AWS-VAR-102,24.0,1003.9,54.0,False,,low,0.3,NORMAL,25.9,1003.8,44.0,HEALTHY,replay,0.5,0.0
2025-02-20T19:00:00+00:00,AWS-VAR-102,22.8,1004.7,57.0,False,,low,0.3,NORMAL,24.7,1004.6,49.0,HEALTHY,replay,0.5,0.0
2025-02-20T20:00:00+00:00,AWS-VAR-102,21.8,1005.3,61.0,False,,low,0.2,NORMAL,23.7,1005.2,53.0,HEALTHY,replay,0.3,0.0
2025-02-20T21:00:00+00:00,AWS-VAR-102,20.8,1005.7,66.0,False,,low,0.2,NORMAL,22.8,1005.6,56.0,HEALTHY,replay,0.3,0.0
2025-02-20T22:00:00+00:00,AWS-VAR-102,20.0,1006.1,69.0,False,,low,0.2,NORMAL,21.7,1005.9,59.0,HEALTHY,replay,0.3,0.0
2025-02-20T23:00:00+00:00,AWS-VAR-102,19.4,1005.9,69.0,False,,low,0.1,NORMAL,20.7,1005.7,62.0,HEALTHY,replay,0.1,0.0
2025-02-21T00:00:00+00:00,AWS-VAR-102,18.5,1005.2,71.0,False,,low,0.1,NORMAL,19.9,1005.2,68.0,HEALTHY,replay,0.1,0.0
2025-02-21T01:00:00+00:00,AWS-VAR-102,17.7,1004.8,75.0,False,,low,0.1,NORMAL,18.2,1004.6,71.0,HEALTHY,replay,0.1,0.0
2025-02-21T02:00:00+00:00,AWS-VAR-102,16.7,1004.5,81.0,False,,low,0.1,NORMAL,17.4,1004.4,77.0,HEALTHY,replay,0.2,0.0
2025-02-21T03:00:00+00:00,AWS-VAR-102,16.2,1004.5,84.0,False,,low,0.2,NORMAL,17.4,1003.4,80.0,HEALTHY,replay,0.3,0.0
2025-02-21T04:00:00+00:00,AWS-VAR-102,15.9,1004.6,86.0,False,,low,0.2,NORMAL,17.0,1003.4,80.0,HEALTHY,replay,0.3,0.0
2025-02-21T05:00:00+00:00,AWS-VAR-102,15.6,1005.1,87.0,False,,low,0.4,NORMAL,16.8,1005.0,81.0,HEALTHY,replay,0.7,0.0
2025-02-21T06:00:00+00:00,AWS-VAR-102,16.0,1006.0,92.0,False,,low,0.4,NORMAL,17.0,1005.9,86.0,HEALTHY,replay,0.7,0.0
2025-02-21T07:00:00+00:00,AWS-VAR-102,17.8,1006.9,84.0,False,,low,0.7,NORMAL,18.4,1006.8,79.0,HEALTHY,replay,1.2,0.0
2025-02-21T08:00:00+00:00,AWS-VAR-102,21.2,1007.7,72.0,False,,low,1.3,NORMAL,21.4,1007.6,68.0,HEALTHY,replay,2.1,0.0
2025-02-21T09:00:00+00:00,AWS-VAR-102,24.2,1008.2,64.0,False,,low,2.0,NORMAL,24.5,1008.2,58.0,HEALTHY,replay,3.3,0.0
2025-02-21T10:00:00+00:00,AWS-VAR-102,26.5,1007.9,56.0,False,,low,1.9,NORMAL,27.0,1007.8,51.0,HEALTHY,replay,3.1,0.0
2025-02-21T11:00:00+00:00,AWS-VAR-102,28.2,1007.2,49.0,False,,low,1.4,NORMAL,28.7,1007.1,45.0,HEALTHY,replay,2.4,0.0
2025-02-21T12:00:00+00:00,AWS-VAR-102,29.3,1006.0,40.0,False,,low,2.6,NORMAL,29.9,1005.9,37.0,HEALTHY,replay,4.3,0.0
2025-02-21T13:00:00+00:00,AWS-VAR-102,29.6,1004.8,36.0,False,,low,2.2,NORMAL,30.2,1004.5,33.0,HEALTHY,replay,3.6,0.0
2025-02-21T14:00:00+00:00,AWS-VAR-102,29.7,1003.7,35.0,False,,low,2.6,NORMAL,30.2,1003.5,33.0,HEALTHY,replay,4.3,0.0
2025-02-21T15:00:00+00:00,AWS-VAR-102,29.8,1003.0,34.0,False,,low,0.7,NORMAL,30.2,1002.8,32.0,HEALTHY,replay,1.2,0.0
2025-02-21T16:00:00+00:00,AWS-VAR-102,29.4,1002.6,34.0,False,,low,0.4,NORMAL,29.7,1002.6,33.0,HEALTHY,replay,0.7,0.0
2025-02-21T17:00:00+00:00,AWS-VAR-102,26.5,1002.9,52.0,False,,low,1.8,NORMAL,27.9,1002.8,41.0,HEALTHY,replay,3.0,0.0
2025-02-21T18:00:00+00:00,AWS-VAR-102,24.1,1003.3,51.0,False,,low,1.0,NORMAL,25.9,1003.2,46.0,HEALTHY,replay,1.7,0.0
2025-02-21T19:00:00+00:00,AWS-VAR-102,23.0,1004.0,52.0,False,,low,0.2,NORMAL,25.4,1004.0,45.0,HEALTHY,replay,0.4,0.0
2025-02-21T20:00:00+00:00,AWS-VAR-102,22.2,1004.6,53.0,False,,low,0.1,NORMAL,25.1,1004.5,41.0,HEALTHY,replay,0.2,0.0
2025-02-21T21:00:00+00:00,AWS-VAR-102,21.7,1004.8,53.0,False,,low,0.1,NORMAL,24.1,1004.8,43.0,HEALTHY,replay,0.2,0.0
2025-02-21T22:00:00+00:00,AWS-VAR-102,20.2,1004.9,61.0,False,,low,0.2,NORMAL,22.5,1004.8,51.0,HEALTHY,replay,0.3,0.0
2025-02-21T23:00:00+00:00,AWS-VAR-102,19.6,1004.6,64.0,False,,low,0.1,NORMAL,21.2,1004.3,56.0,HEALTHY,replay,0.1,0.0
2025-02-22T00:00:00+00:00,AWS-VAR-102,19.0,1004.3,66.0,False,,low,0.1,NORMAL,19.8,1004.2,62.0,HEALTHY,replay,0.1,0.0
2025-02-22T01:00:00+00:00,AWS-VAR-102,18.6,1004.0,67.0,False,,low,0.1,NORMAL,19.3,1004.0,64.0,HEALTHY,replay,0.2,0.0
2025-02-22T02:00:00+00:00,AWS-VAR-102,17.9,1003.6,70.0,False,,low,0.1,NORMAL,18.8,1003.7,67.0,HEALTHY,replay,0.1,0.0
2025-02-22T03:00:00+00:00,AWS-VAR-102,17.1,1003.5,74.0,False,,low,0.1,NORMAL,18.1,1003.3,70.0,HEALTHY,replay,0.1,0.0
2025-02-22T04:00:00+00:00,AWS-VAR-102,16.9,1003.7,74.0,False,,low,0.1,NORMAL,17.2,1003.5,74.0,HEALTHY,replay,0.2,0.0
2025-02-22T05:00:00+00:00,AWS-VAR-102,16.8,1004.0,74.0,False,,low,0.3,NORMAL,16.7,1004.0,78.0,HEALTHY,replay,0.5,0.0
2025-02-22T06:00:00+00:00,AWS-VAR-102,16.2,1005.0,87.0,False,,low,0.7,NORMAL,16.8,1005.0,87.0,HEALTHY,replay,1.2,0.0
2025-02-22T07:00:00+00:00,AWS-VAR-102,18.0,1006.0,79.0,False,,low,0.4,NORMAL,18.5,1005.8,79.0,HEALTHY,replay,0.6,0.0
2025-02-22T08:00:00+00:00,AWS-VAR-102,21.7,1006.9,67.0,False,,low,0.9,NORMAL,22.2,1006.8,65.0,HEALTHY,replay,1.6,0.0
2025-02-22T09:00:00+00:00,AWS-VAR-102,24.7,1007.6,55.0,False,,low,1.9,NORMAL,25.1,1007.4,53.0,HEALTHY,replay,3.2,0.0
2025-02-22T10:00:00+00:00,AWS-VAR-102,26.9,1007.6,47.0,False,,low,1.1,NORMAL,27.1,1007.5,46.0,HEALTHY,replay,1.9,0.0
2025-02-22T11:00:00+00:00,AWS-VAR-102,28.3,1007.0,41.0,False,,low,0.7,NORMAL,28.4,1006.9,41.0,HEALTHY,replay,1.2,0.0
2025-02-22T12:00:00+00:00,AWS-VAR-102,29.1,1006.0,37.0,False,,low,0.7,NORMAL,29.2,1005.9,37.0,HEALTHY,replay,1.2,0.0
2025-02-22T13:00:00+00:00,AWS-VAR-102,29.4,1004.9,36.0,False,,low,0.6,NORMAL,29.2,1004.9,35.0,HEALTHY,replay,1.0,0.0
2025-02-22T14:00:00+00:00,AWS-VAR-102,29.3,1004.0,35.0,False,,low,0.3,NORMAL,29.4,1003.9,35.0,HEALTHY,replay,0.5,0.0
2025-02-22T15:00:00+00:00,AWS-VAR-102,29.1,1003.4,35.0,False,,low,0.4,NORMAL,29.5,1003.4,33.0,HEALTHY,replay,0.6,0.0
2025-02-22T16:00:00+00:00,AWS-VAR-102,28.4,1003.4,36.0,False,,low,0.4,NORMAL,29.2,1003.2,32.0,HEALTHY,replay,0.6,0.0
2025-02-22T17:00:00+00:00,AWS-VAR-102,26.0,1003.5,52.0,False,,low,0.8,NORMAL,27.3,1003.2,38.0,HEALTHY,replay,1.3,0.0
2025-02-22T18:00:00+00:00,AWS-VAR-102,23.5,1004.4,62.0,False,,low,1.0,NORMAL,25.1,1004.1,41.0,HEALTHY,replay,1.7,0.0
2025-02-22T19:00:00+00:00,AWS-VAR-102,22.4,1005.1,65.0,False,,low,0.4,NORMAL,24.2,1005.2,45.0,HEALTHY,replay,0.7,0.0
2025-02-22T20:00:00+00:00,AWS-VAR-102,21.2,1006.0,70.0,False,,low,0.6,NORMAL,22.6,1005.9,49.0,HEALTHY,replay,1.0,0.0
2025-02-22T21:00:00+00:00,AWS-VAR-102,19.8,1006.6,76.0,False,,low,2.3,NORMAL,21.6,1006.4,51.0,HEALTHY,replay,3.8,0.0
2025-02-22T22:00:00+00:00,AWS-VAR-102,19.2,1006.9,79.0,False,,low,0.9,NORMAL,20.7,1006.8,53.0,HEALTHY,replay,1.6,0.0
2025-02-22T23:00:00+00:00,AWS-VAR-102,18.6,1006.7,81.0,False,,low,0.3,NORMAL,20.2,1006.9,56.0,HEALTHY,replay,0.5,0.0
2025-02-23T00:00:00+00:00,AWS-VAR-102,18.5,1006.6,76.0,False,,low,0.2,NORMAL,19.5,1006.6,59.0,HEALTHY,replay,0.3,0.0
2025-02-23T01:00:00+00:00,AWS-VAR-102,18.4,1006.3,71.0,False,,low,0.2,NORMAL,18.6,1006.4,63.0,HEALTHY,replay,0.3,0.0
2025-02-23T02:00:00+00:00,AWS-VAR-102,17.7,1006.0,70.0,False,,low,0.2,NORMAL,17.7,1005.9,67.0,HEALTHY,replay,0.3,0.0
2025-02-23T03:00:00+00:00,AWS-VAR-102,16.6,1005.7,74.0,False,,low,0.1,NORMAL,16.9,1005.6,72.0,HEALTHY,replay,0.2,0.0
2025-02-23T04:00:00+00:00,AWS-VAR-102,15.9,1005.9,75.0,False,,low,0.2,NORMAL,16.6,1005.8,73.0,HEALTHY,replay,0.3,0.0
2025-02-23T05:00:00+00:00,AWS-VAR-102,15.4,1006.3,77.0,False,,low,0.2,NORMAL,16.3,1006.2,74.0,HEALTHY,replay,0.3,0.0
2025-02-23T06:00:00+00:00,AWS-VAR-102,16.1,1007.3,80.0,False,,low,0.2,NORMAL,16.8,1007.2,78.0,HEALTHY,replay,0.4,0.0
2025-02-23T07:00:00+00:00,AWS-VAR-102,17.5,1008.5,75.0,False,,low,0.5,NORMAL,17.6,1008.4,74.0,HEALTHY,replay,0.8,0.0
2025-02-23T08:00:00+00:00,AWS-VAR-102,20.2,1009.3,66.0,False,,low,0.9,NORMAL,20.1,1009.2,65.0,HEALTHY,replay,1.4,0.0
2025-02-23T09:00:00+00:00,AWS-VAR-102,22.8,1009.7,56.0,False,,low,1.1,NORMAL,22.8,1009.6,54.0,HEALTHY,replay,1.8,0.0
2025-02-23T10:00:00+00:00,AWS-VAR-102,24.8,1009.6,48.0,False,,low,1.1,NORMAL,24.9,1009.5,46.0,HEALTHY,replay,1.9,0.0
2025-02-23T11:00:00+00:00,AWS-VAR-102,26.1,1008.8,41.0,False,,low,1.0,NORMAL,26.3,1008.7,37.0,HEALTHY,replay,1.6,0.0
2025-02-23T12:00:00+00:00,AWS-VAR-102,27.1,1007.6,35.0,False,,low,1.6,NORMAL,27.2,1007.5,34.0,HEALTHY,replay,2.7,0.0
2025-02-23T13:00:00+00:00,AWS-VAR-102,27.6,1006.5,32.0,False,,low,1.1,NORMAL,27.9,1006.4,30.0,HEALTHY,replay,1.9,0.0
2025-02-23T14:00:00+00:00,AWS-VAR-102,27.7,1005.4,32.0,False,,low,1.1,NORMAL,28.1,1005.3,29.0,HEALTHY,replay,1.8,0.0
2025-02-23T15:00:00+00:00,AWS-VAR-102,27.4,1004.8,32.0,False,,low,0.6,NORMAL,28.0,1004.6,28.0,HEALTHY,replay,1.0,0.0
2025-02-23T16:00:00+00:00,AWS-VAR-102,26.8,1004.6,33.0,False,,low,0.4,NORMAL,27.3,1004.3,29.0,HEALTHY,replay,0.6,0.0
2025-02-23T17:00:00+00:00,AWS-VAR-102,24.7,1004.9,42.0,False,,low,0.3,NORMAL,25.9,1004.8,35.0,HEALTHY,replay,0.4,0.0
2025-02-23T18:00:00+00:00,AWS-VAR-102,22.2,1005.8,50.0,False,,low,0.7,NORMAL,24.3,1005.7,37.0,HEALTHY,replay,1.1,0.0
2025-02-23T19:00:00+00:00,AWS-VAR-102,20.6,1006.9,53.0,False,,low,0.5,NORMAL,23.4,1006.8,39.0,HEALTHY,replay,0.9,0.0
2025-02-23T20:00:00+00:00,AWS-VAR-102,19.3,1007.5,58.0,False,,low,0.3,NORMAL,21.8,1007.4,41.0,HEALTHY,replay,0.5,0.0
2025-02-23T21:00:00+00:00,AWS-VAR-102,18.8,1007.9,60.0,False,,low,0.2,NORMAL,20.7,1007.9,43.0,HEALTHY,replay,0.3,0.0
2025-02-23T22:00:00+00:00,AWS-VAR-102,18.2,1008.3,63.0,False,,low,0.2,NORMAL,19.8,1008.2,51.0,HEALTHY,replay,0.4,0.0
2025-02-23T23:00:00+00:00,AWS-VAR-102,17.0,1008.1,67.0,False,,low,0.2,NORMAL,18.1,1008.1,53.0,HEALTHY,replay,0.3,0.0
2025-02-24T00:00:00+00:00,AWS-VAR-102,15.8,1007.9,70.0,False,,low,0.1,NORMAL,17.2,1007.9,55.0,HEALTHY,replay,0.2,0.0
2025-02-24T01:00:00+00:00,AWS-VAR-102,15.5,1007.6,69.0,False,,low,0.2,NORMAL,16.7,1007.5,58.0,HEALTHY,replay,0.4,0.0
2025-02-24T02:00:00+00:00,AWS-VAR-102,15.1,1007.2,69.0,False,,low,0.1,NORMAL,16.0,1007.1,62.0,HEALTHY,replay,0.2,0.0
2025-02-24T03:00:00+00:00,AWS-VAR-102,14.6,1006.9,71.0,False,,low,0.1,NORMAL,15.5,1006.8,66.0,HEALTHY,replay,0.1,0.0
2025-02-24T04:00:00+00:00,AWS-VAR-102,13.8,1006.9,75.0,False,,low,0.1,NORMAL,14.8,1006.8,70.0,HEALTHY,replay,0.2,0.0
2025-02-24T05:00:00+00:00,AWS-VAR-102,13.3,1007.4,78.0,False,,low,0.2,NORMAL,14.7,1007.4,77.0,HEALTHY,replay,0.3,0.0
2025-02-24T06:00:00+00:00,AWS-VAR-102,13.5,1008.6,86.0,False,,low,1.4,NORMAL,14.6,1008.6,86.0,HEALTHY,replay,2.3,0.0
2025-02-24T07:00:00+00:00,AWS-VAR-102,15.6,1009.5,78.0,False,,low,1.1,NORMAL,16.5,1009.3,77.0,HEALTHY,replay,1.9,0.0
2025-02-24T08:00:00+00:00,AWS-VAR-102,19.5,1010.4,64.0,False,,low,2.9,NORMAL,20.2,1010.3,62.0,HEALTHY,replay,4.8,0.0
2025-02-24T09:00:00+00:00,AWS-VAR-102,23.0,1011.1,52.0,False,,low,7.1,NORMAL,23.7,1011.0,49.0,HEALTHY,replay,11.8,0.0
2025-02-24T10:00:00+00:00,AWS-VAR-102,25.2,1010.8,44.0,False,,low,3.2,NORMAL,25.7,1010.7,41.0,HEALTHY,replay,5.4,0.0
2025-02-24T11:00:00+00:00,AWS-VAR-102,26.3,1010.2,40.0,False,,low,1.1,NORMAL,26.6,1010.1,36.0,HEALTHY,replay,1.9,0.0
2025-02-24T12:00:00+00:00,AWS-VAR-102,27.1,1009.0,37.0,False,,low,1.1,NORMAL,27.6,1008.8,32.0,HEALTHY,replay,1.9,0.0
2025-02-24T13:00:00+00:00,AWS-VAR-102,27.7,1007.5,33.0,False,,low,1.4,NORMAL,28.1,1007.4,31.0,HEALTHY,replay,2.4,0.0
2025-02-24T14:00:00+00:00,AWS-VAR-102,27.9,1006.1,31.0,False,,low,1.9,NORMAL,28.3,1006.1,29.0,HEALTHY,replay,3.2,0.0
2025-02-24T15:00:00+00:00,AWS-VAR-102,27.8,1005.4,30.0,False,,low,1.3,NORMAL,28.4,1005.3,28.0,HEALTHY,replay,2.1,0.0
2025-02-24T16:00:00+00:00,AWS-VAR-102,27.0,1005.3,31.0,False,,low,0.6,NORMAL,27.9,1005.2,29.0,HEALTHY,replay,1.0,0.0
2025-02-24T17:00:00+00:00,AWS-VAR-102,24.2,1005.7,51.0,False,,low,2.1,NORMAL,25.8,1005.6,33.0,HEALTHY,replay,3.5,0.0
2025-02-24T18:00:00+00:00,AWS-VAR-102,21.6,1006.6,52.0,False,,low,0.8,NORMAL,24.2,1006.4,40.0,HEALTHY,replay,1.4,0.0
2025-02-24T19:00:00+00:00,AWS-VAR-102,20.4,1007.4,51.0,False,,low,0.3,NORMAL,23.0,1007.2,40.0,HEALTHY,replay,0.5,0.0
2025-02-24T20:00:00+00:00,AWS-VAR-102,19.7,1008.1,53.0,False,,low,0.1,NORMAL,21.7,1007.9,42.0,HEALTHY,replay,0.2,0.0
2025-02-24T21:00:00+00:00,AWS-VAR-102,19.1,1008.5,56.0,False,,low,0.1,NORMAL,20.9,1008.5,47.0,HEALTHY,replay,0.2,0.0
2025-02-24T22:00:00+00:00,AWS-VAR-102,18.3,1009.1,59.0,False,,low,0.2,NORMAL,20.3,1008.9,47.0,HEALTHY,replay,0.3,0.0
2025-02-24T23:00:00+00:00,AWS-VAR-102,18.1,1008.8,60.0,False,,low,0.1,NORMAL,18.9,1008.6,52.0,HEALTHY,replay,0.2,0.0
2025-02-25T00:00:00+00:00,AWS-VAR-102,16.3,1008.0,67.0,False,,low,0.1,NORMAL,17.5,1008.0,56.0,HEALTHY,replay,0.2,0.0
2025-02-25T01:00:00+00:00,AWS-VAR-102,15.0,1007.4,73.0,False,,low,0.2,NORMAL,16.7,1007.5,59.0,HEALTHY,replay,0.3,0.0
2025-02-25T02:00:00+00:00,AWS-VAR-102,14.4,1007.0,75.0,False,,low,0.1,NORMAL,15.6,1006.9,64.0,HEALTHY,replay,0.2,0.0
2025-02-25T03:00:00+00:00,AWS-VAR-102,14.2,1006.8,77.0,False,,low,0.1,NORMAL,15.2,1006.7,67.0,HEALTHY,replay,0.1,0.0
2025-02-25T04:00:00+00:00,AWS-VAR-102,13.8,1006.7,79.0,False,,low,0.1,NORMAL,14.9,1006.6,74.0,HEALTHY,replay,0.2,0.0
2025-02-25T05:00:00+00:00,AWS-VAR-102,13.6,1007.3,80.0,False,,low,0.1,NORMAL,15.0,1007.3,79.0,HEALTHY,replay,0.2,0.0
2025-02-25T06:00:00+00:00,AWS-VAR-102,13.8,1008.6,87.0,False,,low,0.5,NORMAL,14.8,1008.5,85.0,HEALTHY,replay,0.9,0.0
2025-02-25T07:00:00+00:00,AWS-VAR-102,15.9,1009.3,76.0,False,,low,0.6,NORMAL,16.7,1009.3,76.0,HEALTHY,replay,1.0,0.0
2025-02-25T08:00:00+00:00,AWS-VAR-102,19.9,1010.3,62.0,False,,low,2.6,NORMAL,19.7,1010.2,63.0,HEALTHY,replay,4.3,0.0
2025-02-25T09:00:00+00:00,AWS-VAR-102,22.9,1011.1,51.0,False,,low,7.4,NORMAL,22.4,1010.55,55.0,HEALTHY,replay,12.4,0.0
2025-02-25T10:00:00+00:00,AWS-VAR-102,25.3,1011.1,40.0,False,,low,4.1,NORMAL,25.3,1011.0,42.0,HEALTHY,replay,6.9,0.0
2025-02-25T11:00:00+00:00,AWS-VAR-102,26.9,1010.8,34.0,False,,low,4.3,NORMAL,26.9,1010.31,34.0,HEALTHY,replay,7.2,0.0
2025-02-25T12:00:00+00:00,AWS-VAR-102,27.5,1009.8,31.0,False,,low,1.7,NORMAL,27.2,1009.29,32.0,HEALTHY,replay,2.8,0.0
2025-02-25T13:00:00+00:00,AWS-VAR-102,27.7,1008.6,30.0,False,,low,1.3,NORMAL,27.8,1008.33,30.0,HEALTHY,replay,2.1,0.0
2025-02-25T14:00:00+00:00,AWS-VAR-102,28.1,1007.4,28.0,False,,low,1.4,NORMAL,28.2,1007.4,26.0,HEALTHY,replay,2.3,0.0
2025-02-25T15:00:00+00:00,AWS-VAR-102,28.0,1007.2,28.0,False,,low,0.5,NORMAL,28.0,1007.2,28.0,HEALTHY,replay,0.8,0.0
2025-02-25T16:00:00+00:00,AWS-VAR-102,27.2,1007.2,30.0,False,,low,0.4,NORMAL,27.5,1007.2,30.0,HEALTHY,replay,0.7,0.0
2025-02-25T17:00:00+00:00,AWS-VAR-102,24.7,1007.4,46.0,False,,low,1.0,NORMAL,25.7,1007.3,34.0,HEALTHY,replay,1.7,0.0
2025-02-25T18:00:00+00:00,AWS-VAR-102,21.8,1008.6,54.0,False,,low,2.0,NORMAL,23.6,1008.6,40.0,HEALTHY,replay,3.3,0.0
2025-02-25T19:00:00+00:00,AWS-VAR-102,20.5,1009.5,57.0,False,,low,1.0,NORMAL,22.5,1009.4,43.0,HEALTHY,replay,1.6,0.0
2025-02-25T20:00:00+00:00,AWS-VAR-102,19.5,1010.2,58.0,False,,low,0.5,NORMAL,22.2,1010.1,45.0,HEALTHY,replay,0.8,0.0
2025-02-25T21:00:00+00:00,AWS-VAR-102,18.3,1010.4,61.0,False,,low,0.3,NORMAL,20.8,1010.3,49.0,HEALTHY,replay,0.5,0.0
2025-02-25T22:00:00+00:00,AWS-VAR-102,17.5,1010.5,64.0,False,,low,0.2,NORMAL,19.8,1010.4,52.0,HEALTHY,replay,0.4,0.0
2025-02-25T23:00:00+00:00,AWS-VAR-102,16.9,1009.9,68.0,False,,low,0.1,NORMAL,18.7,1009.9,58.0,HEALTHY,replay,0.2,0.0
2025-02-26T00:00:00+00:00,AWS-VAR-102,15.9,1009.7,74.0,False,,low,0.1,NORMAL,17.3,1009.6,60.0,HEALTHY,replay,0.2,0.0
2025-02-26T01:00:00+00:00,AWS-VAR-102,15.0,1009.0,78.0,False,,low,0.2,NORMAL,16.5,1008.9,65.0,HEALTHY,replay,0.3,0.0
2025-02-26T02:00:00+00:00,AWS-VAR-102,14.4,1008.2,79.0,False,,low,0.1,NORMAL,15.0,1008.1,71.0,HEALTHY,replay,0.2,0.0
2025-02-26T03:00:00+00:00,AWS-VAR-102,13.8,1008.0,82.0,False,,low,0.1,NORMAL,14.9,1007.0,80.0,HEALTHY,replay,0.2,0.0
2025-02-26T04:00:00+00:00,AWS-VAR-102,13.3,1007.9,83.0,False,,low,0.2,NORMAL,15.0,1006.9,80.0,HEALTHY,replay,0.3,0.0
2025-02-26T05:00:00+00:00,AWS-VAR-102,13.3,1008.4,81.0,False,,low,0.2,NORMAL,14.9,1007.4,83.0,HEALTHY,replay,0.4,0.0
2025-02-26T06:00:00+00:00,AWS-VAR-102,13.5,1010.1,87.0,False,,low,1.1,NORMAL,13.2,1010.0,85.0,HEALTHY,replay,1.9,0.0
2025-02-26T07:00:00+00:00,AWS-VAR-102,15.4,1011.1,80.0,False,,low,3.1,NORMAL,15.9,1010.0,79.0,HEALTHY,replay,5.1,0.0
2025-02-26T08:00:00+00:00,AWS-VAR-102,19.2,1012.0,67.0,False,,low,2.5,NORMAL,19.2,1011.0,66.0,HEALTHY,replay,4.1,0.0
2025-02-26T09:00:00+00:00,AWS-VAR-102,22.7,1012.5,54.0,False,,low,10.8,NORMAL,22.4,1011.4,53.0,HEALTHY,replay,18.0,0.0
2025-02-26T10:00:00+00:00,AWS-VAR-102,24.4,1012.5,45.0,False,,low,4.5,NORMAL,24.7,1011.3,43.0,HEALTHY,replay,7.5,0.0
2025-02-26T11:00:00+00:00,AWS-VAR-102,25.8,1011.0,40.0,False,,low,2.1,NORMAL,26.3,1010.9,36.0,HEALTHY,replay,3.6,0.0
2025-02-26T12:00:00+00:00,AWS-VAR-102,26.7,1010.0,37.0,False,,low,1.9,NORMAL,27.3,1009.8,32.0,HEALTHY,replay,3.2,0.0
2025-02-26T13:00:00+00:00,AWS-VAR-102,27.4,1008.2,35.0,False,,low,2.5,NORMAL,28.0,1007.9,31.0,HEALTHY,replay,4.1,0.0
2025-02-26T14:00:00+00:00,AWS-VAR-102,27.9,1006.8,32.0,False,,low,4.1,NORMAL,28.0,1006.7,30.0,HEALTHY,replay,6.8,0.0
2025-02-26T15:00:00+00:00,AWS-VAR-102,27.6,1006.4,31.0,False,,low,2.4,NORMAL,28.0,1005.2,29.0,HEALTHY,replay,4.1,0.0
2025-02-26T16:00:00+00:00,AWS-VAR-102,26.9,1006.0,33.0,False,,low,1.2,NORMAL,27.6,1005.9,28.0,HEALTHY,replay,2.0,0.0
2025-02-26T17:00:00+00:00,AWS-VAR-102,24.4,1005.9,45.0,False,,low,1.5,NORMAL,25.9,1005.8,34.0,HEALTHY,replay,2.5,0.0
2025-02-26T18:00:00+00:00,AWS-VAR-102,21.9,1006.3,53.0,False,,low,1.4,NORMAL,23.9,1006.3,37.0,HEALTHY,replay,2.3,0.0
2025-02-26T19:00:00+00:00,AWS-VAR-102,20.5,1007.3,57.0,False,,low,1.1,NORMAL,23.1,1007.2,38.0,HEALTHY,replay,1.9,0.0
2025-02-26T20:00:00+00:00,AWS-VAR-102,19.8,1008.0,59.0,False,,low,0.5,NORMAL,22.6,1007.9,45.0,HEALTHY,replay,0.8,0.0
2025-02-26T21:00:00+00:00,AWS-VAR-102,19.5,1008.5,59.0,False,,low,0.3,NORMAL,21.9,1008.4,51.0,HEALTHY,replay,0.5,0.0
2025-02-26T22:00:00+00:00,AWS-VAR-102,18.9,1009.1,61.0,False,,low,0.2,NORMAL,20.5,1008.9,54.0,HEALTHY,replay,0.4,0.0
2025-02-26T23:00:00+00:00,AWS-VAR-102,17.7,1008.5,66.0,False,,low,0.2,NORMAL,19.4,1008.4,60.0,HEALTHY,replay,0.3,0.0
2025-02-27T00:00:00+00:00,AWS-VAR-102,16.7,1007.9,72.0,False,,low,0.2,NORMAL,17.7,1007.8,62.0,HEALTHY,replay,0.4,0.0
2025-02-27T01:00:00+00:00,AWS-VAR-102,16.1,1007.1,74.0,False,,low,0.3,NORMAL,17.0,1007.1,66.0,HEALTHY,replay,0.4,0.0
2025-02-27T02:00:00+00:00,AWS-VAR-102,16.0,1006.4,72.0,False,,low,0.4,NORMAL,16.7,1006.3,70.0,HEALTHY,replay,0.7,0.0
2025-02-27T03:00:00+00:00,AWS-VAR-102,15.7,1005.9,71.0,False,,low,0.3,NORMAL,16.5,1005.8,73.0,HEALTHY,replay,0.5,0.0
2025-02-27T04:00:00+00:00,AWS-VAR-102,15.3,1005.7,72.0,False,,low,0.4,NORMAL,16.1,1005.6,74.0,HEALTHY,replay,0.6,0.0
2025-02-27T05:00:00+00:00,AWS-VAR-102,14.6,1006.0,74.0,False,,low,0.3,NORMAL,16.0,1005.9,75.0,HEALTHY,replay,0.6,0.0
2025-02-27T06:00:00+00:00,AWS-VAR-102,15.1,1007.0,78.0,False,,low,0.5,NORMAL,15.8,1006.8,74.0,HEALTHY,replay,0.8,0.0
2025-02-27T07:00:00+00:00,AWS-VAR-102,17.0,1007.8,71.0,False,,low,0.8,NORMAL,17.9,1007.6,69.0,HEALTHY,replay,1.3,0.0
2025-02-27T08:00:00+00:00,AWS-VAR-102,20.6,1008.7,61.0,False,,low,2.1,NORMAL,21.9,1008.4,57.0,HEALTHY,replay,3.5,0.0
2025-02-27T09:00:00+00:00,AWS-VAR-102,24.4,1009.3,48.0,False,,low,10.7,NORMAL,25.4,1009.1,46.0,HEALTHY,replay,17.8,0.0
2025-02-27T10:00:00+00:00,AWS-VAR-102,26.9,1008.9,40.0,False,,low,5.3,NORMAL,27.8,1008.7,39.0,HEALTHY,replay,8.8,0.0
2025-02-27T11:00:00+00:00,AWS-VAR-102,28.3,1007.9,38.0,False,,low,2.4,NORMAL,29.2,1007.6,35.0,HEALTHY,replay,4.0,0.0
2025-02-27T12:00:00+00:00,AWS-VAR-102,29.2,1006.6,37.0,False,,low,2.8,NORMAL,29.9,1006.4,33.0,HEALTHY,replay,4.7,0.0
2025-02-27T13:00:00+00:00,AWS-VAR-102,29.3,1005.2,36.0,False,,low,2.2,NORMAL,30.4,1004.9,32.0,HEALTHY,replay,3.7,0.0
2025-02-27T14:00:00+00:00,AWS-VAR-102,29.4,1003.9,36.0,False,,low,3.4,NORMAL,30.7,1003.6,31.0,HEALTHY,replay,5.6,0.0
2025-02-27T15:00:00+00:00,AWS-VAR-102,29.3,1003.1,36.0,False,,low,4.4,NORMAL,30.6,1002.8,31.0,HEALTHY,replay,7.4,0.0
2025-02-27T16:00:00+00:00,AWS-VAR-102,28.9,1003.3,38.0,False,,low,2.0,NORMAL,30.2,1003.0,32.0,HEALTHY,replay,3.3,0.0
2025-02-27T17:00:00+00:00,AWS-VAR-102,26.6,1003.5,53.0,False,,low,2.8,NORMAL,28.2,1003.3,42.0,HEALTHY,replay,4.7,0.0
2025-02-27T18:00:00+00:00,AWS-VAR-102,24.8,1004.2,55.0,False,,low,2.0,NORMAL,26.8,1003.9,45.0,HEALTHY,replay,3.3,0.0
2025-02-27T19:00:00+00:00,AWS-VAR-102,23.7,1004.8,59.0,False,,low,1.2,NORMAL,25.4,1004.7,49.0,HEALTHY,replay,2.1,0.0
2025-02-27T20:00:00+00:00,AWS-VAR-102,22.6,1005.5,62.0,False,,low,0.9,NORMAL,24.3,1005.3,51.0,HEALTHY,replay,1.5,0.0
2025-02-27T21:00:00+00:00,AWS-VAR-102,21.7,1005.7,65.0,False,,low,0.5,NORMAL,23.2,1005.6,55.0,HEALTHY,replay,0.8,0.0
2025-02-27T22:00:00+00:00,AWS-VAR-102,19.8,1005.6,73.0,False,,low,1.6,NORMAL,22.7,1005.5,58.0,HEALTHY,replay,2.7,0.0
2025-02-27T23:00:00+00:00,AWS-VAR-102,18.7,1005.1,79.0,False,,low,1.7,NORMAL,21.6,1005.0,61.0,HEALTHY,replay,2.8,0.0
2025-02-28T00:00:00+00:00,AWS-VAR-102,18.5,1004.5,79.0,False,,low,0.9,NORMAL,20.0,1004.5,69.0,HEALTHY,replay,1.5,0.0
2025-02-28T01:00:00+00:00,AWS-VAR-102,18.2,1003.8,78.0,False,,low,0.7,NORMAL,19.5,1003.7,72.0,HEALTHY,replay,1.1,0.0
2025-02-28T02:00:00+00:00,AWS-VAR-102,17.8,1003.0,77.0,False,,low,0.9,NORMAL,18.8,1002.8,74.0,HEALTHY,replay,1.4,0.0
2025-02-28T03:00:00+00:00,AWS-VAR-102,17.5,1002.3,75.0,False,,low,1.5,NORMAL,18.6,1002.1,72.0,HEALTHY,replay,2.5,0.0
2025-02-28T04:00:00+00:00,AWS-VAR-102,16.6,1002.2,78.0,False,,low,1.3,NORMAL,18.0,1002.0,73.0,HEALTHY,replay,2.1,0.0
2025-02-28T05:00:00+00:00,AWS-VAR-102,16.3,1002.5,80.0,False,,low,1.3,NORMAL,17.7,1002.3,72.0,HEALTHY,replay,2.2,0.0
2025-02-28T06:00:00+00:00,AWS-VAR-102,16.8,1003.5,81.0,False,,low,1.8,NORMAL,18.2,1003.3,73.0,HEALTHY,replay,3.0,0.0
2025-02-28T07:00:00+00:00,AWS-VAR-102,18.3,1004.3,75.0,False,,low,2.6,NORMAL,19.7,1004.3,67.0,HEALTHY,replay,4.4,0.0
2025-02-28T08:00:00+00:00,AWS-VAR-102,21.9,1005.6,62.0,False,,low,6.2,NORMAL,22.1,1005.4,60.0,HEALTHY,replay,10.4,0.0
2025-02-28T09:00:00+00:00,AWS-VAR-102,24.8,1006.2,52.0,False,,low,3.5,NORMAL,25.1,1005.9,50.0,HEALTHY,replay,5.8,0.0
2025-02-28T10:00:00+00:00,AWS-VAR-102,27.5,1006.2,44.0,False,,low,4.5,NORMAL,26.7,1006.0,47.0,HEALTHY,replay,7.5,0.0
2025-02-28T11:00:00+00:00,AWS-VAR-102,28.6,1005.6,40.0,False,,low,1.5,NORMAL,29.1,1005.1,40.0,HEALTHY,replay,2.4,0.0
2025-02-28T12:00:00+00:00,AWS-VAR-102,29.5,1004.2,37.0,False,,low,1.9,NORMAL,30.8,1003.9,33.0,HEALTHY,replay,3.1,0.0
2025-02-28T13:00:00+00:00,AWS-VAR-102,30.6,1002.4,35.0,False,,low,3.7,NORMAL,31.8,1002.1,30.0,HEALTHY,replay,6.1,0.0
2025-02-28T14:00:00+00:00,AWS-VAR-102,31.2,1001.2,35.0,False,,low,3.5,NORMAL,32.3,1000.8,30.0,HEALTHY,replay,5.9,0.0
2025-02-28T15:00:00+00:00,AWS-VAR-102,30.9,1000.4,36.0,False,,low,3.4,NORMAL,32.1,1000.0,31.0,HEALTHY,replay,5.7,0.0
2025-02-28T16:00:00+00:00,AWS-VAR-102,29.8,1000.3,39.0,False,,low,1.9,NORMAL,31.1,1000.0,34.0,HEALTHY,replay,3.1,0.0
2025-02-28T17:00:00+00:00,AWS-VAR-102,27.6,1000.6,46.0,False,,low,1.3,NORMAL,29.4,1000.3,40.0,HEALTHY,replay,2.2,0.0
2025-02-28T18:00:00+00:00,AWS-VAR-102,25.5,1002.3,56.0,False,,low,2.2,NORMAL,27.5,1002.2,48.0,HEALTHY,replay,3.7,0.0
2025-02-28T19:00:00+00:00,AWS-VAR-102,24.5,1002.9,60.0,False,,low,1.5,NORMAL,26.2,1002.7,53.0,HEALTHY,replay,2.5,0.0
2025-02-28T20:00:00+00:00,AWS-VAR-102,24.0,1003.6,61.0,False,,low,0.6,NORMAL,25.2,1003.5,57.0,HEALTHY,replay,1.0,0.0
2025-02-28T21:00:00+00:00,AWS-VAR-102,23.2,1004.1,64.0,False,,low,0.3,NORMAL,24.0,1003.9,61.0,HEALTHY,replay,0.4,0.0
2025-02-28T22:00:00+00:00,AWS-VAR-102,22.6,1004.1,67.0,False,,low,0.5,NORMAL,23.6,1003.8,63.0,HEALTHY,replay,0.8,0.0
2025-02-28T23:00:00+00:00,AWS-VAR-102,22.4,1003.2,68.0,False,,low,0.8,NORMAL,23.3,1002.9,64.0,HEALTHY,replay,1.3,0.0
2025-03-01T00:00:00+00:00,AWS-VAR-102,21.6,1002.5,73.0,False,,low,0.8,NORMAL,22.6,1002.2,67.0,HEALTHY,replay,1.3,0.0
2025-03-01T01:00:00+00:00,AWS-VAR-102,21.2,1001.8,75.0,False,,low,0.6,NORMAL,22.2,1001.5,68.0,HEALTHY,replay,1.0,0.0
2025-03-01T02:00:00+00:00,AWS-VAR-102,20.9,1000.8,76.0,False,,low,1.0,NORMAL,21.8,1000.6,71.0,HEALTHY,replay,1.7,0.0
2025-03-01T03:00:00+00:00,AWS-VAR-102,20.4,1000.1,78.0,False,,low,1.3,NORMAL,21.2,1000.0,73.0,HEALTHY,replay,2.2,0.0
2025-03-01T04:00:00+00:00,AWS-VAR-102,19.0,1001.1,83.0,False,,low,0.4,NORMAL,20.1,1001.0,79.0,HEALTHY,replay,0.7,0.0
2025-03-01T05:00:00+00:00,AWS-VAR-102,19.6,1001.5,84.0,False,,low,0.8,NORMAL,20.0,1000.3,82.0,HEALTHY,replay,1.4,0.0
2025-03-01T06:00:00+00:00,AWS-VAR-102,19.3,1002.1,90.0,False,,low,0.8,NORMAL,19.8,1002.0,88.0,HEALTHY,replay,1.4,0.0
2025-03-01T07:00:00+00:00,AWS-VAR-102,20.3,1003.2,87.0,False,,low,0.6,NORMAL,20.6,1003.0,85.0,HEALTHY,replay,1.0,0.0
2025-03-01T08:00:00+00:00,AWS-VAR-102,21.9,1004.8,82.0,False,,low,4.3,NORMAL,21.7,1003.9,78.0,HEALTHY,replay,7.2,0.0
2025-03-01T09:00:00+00:00,AWS-VAR-102,24.5,1004.0,70.0,False,,low,1.6,NORMAL,24.9,1003.6,67.0,HEALTHY,replay,2.7,0.0
2025-03-01T10:00:00+00:00,AWS-VAR-102,26.8,1003.7,60.0,False,,low,2.0,NORMAL,27.5,1003.6,56.0,HEALTHY,replay,3.3,0.0
2025-03-01T11:00:00+00:00,AWS-VAR-102,28.8,1003.4,52.0,False,,low,1.1,NORMAL,29.2,1003.1,49.0,HEALTHY,replay,1.9,0.0
2025-03-01T12:00:00+00:00,AWS-VAR-102,29.0,1001.9,50.0,False,,low,1.1,NORMAL,29.6,1001.8,46.0,HEALTHY,replay,1.8,0.0
2025-03-01T13:00:00+00:00,AWS-VAR-102,29.7,1001.1,47.0,False,,low,0.8,NORMAL,30.4,1000.8,45.0,HEALTHY,replay,1.4,0.0
2025-03-01T14:00:00+00:00,AWS-VAR-102,29.3,999.8,45.0,False,,low,2.3,NORMAL,30.0,999.6,45.0,HEALTHY,replay,3.9,0.0
2025-03-01T15:00:00+00:00,AWS-VAR-102,29.6,999.6,44.0,False,,low,0.6,NORMAL,30.0,999.5,44.0,HEALTHY,replay,1.0,0.0
2025-03-01T16:00:00+00:00,AWS-VAR-102,29.0,999.6,46.0,False,,low,0.4,NORMAL,29.4,999.6,45.0,HEALTHY,replay,0.7,0.0
2025-03-01T17:00:00+00:00,AWS-VAR-102,26.7,1000.2,56.0,False,,low,0.3,NORMAL,28.0,1000.2,49.0,HEALTHY,replay,0.6,0.0
2025-03-01T18:00:00+00:00,AWS-VAR-102,25.6,1000.7,61.0,False,,low,0.2,NORMAL,26.8,1000.8,54.0,HEALTHY,replay,0.3,0.0
2025-03-01T19:00:00+00:00,AWS-VAR-102,24.3,1001.7,63.0,False,,low,0.2,NORMAL,25.3,1000.9,57.0,HEALTHY,replay,0.3,0.0
2025-03-01T20:00:00+00:00,AWS-VAR-102,22.9,1002.3,67.0,False,,low,0.1,NORMAL,24.2,1002.3,61.0,HEALTHY,replay,0.2,0.0
2025-03-01T21:00:00+00:00,AWS-VAR-102,21.6,1002.6,71.0,False,,low,0.2,NORMAL,23.2,1002.5,64.0,HEALTHY,replay,0.3,0.0
2025-03-01T22:00:00+00:00,AWS-VAR-102,20.4,1002.2,75.0,False,,low,0.3,NORMAL,22.0,1002.3,71.0,HEALTHY,replay,0.4,0.0
2025-03-01T23:00:00+00:00,AWS-VAR-102,19.9,1001.6,77.0,False,,low,0.1,NORMAL,20.4,1001.6,75.0,HEALTHY,replay,0.2,0.0
2025-03-02T00:00:00+00:00,AWS-VAR-102,19.0,1001.1,82.0,False,,low,0.2,NORMAL,19.8,1001.0,78.0,HEALTHY,replay,0.3,0.0
2025-03-02T01:00:00+00:00,AWS-VAR-102,18.2,1000.5,86.0,False,,low,0.3,NORMAL,18.6,1000.5,82.0,HEALTHY,replay,0.4,0.0
2025-03-02T02:00:00+00:00,AWS-VAR-102,18.0,999.9,87.0,False,,low,0.2,NORMAL,17.9,999.9,84.0,HEALTHY,replay,0.3,0.0
2025-03-02T03:00:00+00:00,AWS-VAR-102,17.9,999.5,88.0,False,,low,0.2,NORMAL,18.5,999.4,87.0,HEALTHY,replay,0.4,0.0
2025-03-02T04:00:00+00:00,AWS-VAR-102,17.5,999.4,90.0,False,,low,0.2,NORMAL,18.1,999.3,90.0,HEALTHY,replay,0.3,0.0
2025-03-02T05:00:00+00:00,AWS-VAR-102,17.4,999.8,91.0,False,,low,0.3,NORMAL,18.1,999.62,94.0,HEALTHY,replay,0.5,0.0
2025-03-02T06:00:00+00:00,AWS-VAR-102,18.2,1000.8,92.0,False,,low,0.3,NORMAL,18.6,1000.8,94.0,HEALTHY,replay,0.5,0.0
2025-03-02T07:00:00+00:00,AWS-VAR-102,19.7,1001.5,85.0,False,,low,0.5,NORMAL,19.7,1001.38,86.0,HEALTHY,replay,0.8,0.0
2025-03-02T08:00:00+00:00,AWS-VAR-102,22.2,1002.3,74.0,False,,low,0.6,NORMAL,22.6,1002.2,75.0,HEALTHY,replay,1.1,0.0
2025-03-02T09:00:00+00:00,AWS-VAR-102,24.9,1002.8,64.0,False,,low,1.2,NORMAL,25.5,1002.7,61.0,HEALTHY,replay,2.0,0.0
2025-03-02T10:00:00+00:00,AWS-VAR-102,27.2,1002.6,55.0,False,,low,1.0,NORMAL,27.8,1002.5,50.0,HEALTHY,replay,1.6,0.0
2025-03-02T11:00:00+00:00,AWS-VAR-102,28.9,1001.8,48.0,False,,low,1.0,NORMAL,29.5,1001.8,44.0,HEALTHY,replay,1.6,0.0
2025-03-02T12:00:00+00:00,AWS-VAR-102,30.1,1000.5,42.0,False,,low,2.2,NORMAL,30.9,1000.4,37.0,HEALTHY,replay,3.6,0.0
2025-03-02T13:00:00+00:00,AWS-VAR-102,31.2,999.1,34.0,False,,low,6.2,NORMAL,31.8,999.1,31.0,HEALTHY,replay,10.3,0.0
2025-03-02T14:00:00+00:00,AWS-VAR-102,31.4,998.0,32.0,False,,low,7.2,NORMAL,32.1,998.0,28.0,HEALTHY,replay,12.0,0.0
2025-03-02T15:00:00+00:00,AWS-VAR-102,31.3,997.6,32.0,False,,low,1.5,NORMAL,31.9,997.5,29.0,HEALTHY,replay,2.4,0.0
2025-03-02T16:00:00+00:00,AWS-VAR-102,30.6,997.6,33.0,False,,low,1.1,NORMAL,31.4,997.4,29.0,HEALTHY,replay,1.9,0.0
2025-03-02T17:00:00+00:00,AWS-VAR-102,28.0,997.7,42.0,False,,low,1.3,NORMAL,29.9,997.7,33.0,HEALTHY,replay,2.2,0.0
2025-03-02T18:00:00+00:00,AWS-VAR-102,25.9,998.6,46.0,False,,low,0.8,NORMAL,27.8,998.6,40.0,HEALTHY,replay,1.3,0.0
2025-03-02T19:00:00+00:00,AWS-VAR-102,25.1,999.4,46.0,False,,low,0.4,NORMAL,26.6,999.3,42.0,HEALTHY,replay,0.7,0.0
2025-03-02T20:00:00+00:00,AWS-VAR-102,24.3,1000.2,47.0,False,,low,0.3,NORMAL,25.8,1000.0,44.0,HEALTHY,replay,0.6,0.0
2025-03-02T21:00:00+00:00,AWS-VAR-102,23.5,1000.5,49.0,False,,low,0.3,NORMAL,25.1,1000.4,45.0,HEALTHY,replay,0.5,0.0
2025-03-02T22:00:00+00:00,AWS-VAR-102,22.6,1000.8,51.0,False,,low,0.2,NORMAL,24.2,1000.8,47.0,HEALTHY,replay,0.4,0.0
2025-03-02T23:00:00+00:00,AWS-VAR-102,21.7,1000.6,55.0,False,,low,0.2,NORMAL,23.2,1000.6,50.0,HEALTHY,replay,0.3,0.0
2025-03-03T00:00:00+00:00,AWS-VAR-102,21.0,1000.6,58.0,False,,low,0.2,NORMAL,22.1,1000.34,56.0,HEALTHY,replay,0.4,0.0
2025-03-03T01:00:00+00:00,AWS-VAR-102,20.1,1000.5,62.0,False,,low,0.3,NORMAL,20.9,1000.5,61.0,HEALTHY,replay,0.5,0.0
2025-03-03T02:00:00+00:00,AWS-VAR-102,19.7,999.9,63.0,False,,low,0.1,NORMAL,20.6,999.9,64.0,HEALTHY,replay,0.2,0.0
2025-03-03T03:00:00+00:00,AWS-VAR-102,18.6,1000.4,68.0,False,,low,0.1,NORMAL,19.8,1000.18,63.0,HEALTHY,replay,0.2,0.0
2025-03-03T04:00:00+00:00,AWS-VAR-102,17.8,1000.9,71.0,False,,low,0.1,NORMAL,18.6,1000.8,65.0,HEALTHY,replay,0.2,0.0
2025-03-03T05:00:00+00:00,AWS-VAR-102,17.3,1001.6,74.0,False,,low,0.2,NORMAL,17.8,1001.6,69.0,HEALTHY,replay,0.3,0.0
2025-03-03T06:00:00+00:00,AWS-VAR-102,17.2,1002.6,83.0,False,,low,0.9,NORMAL,17.9,1002.5,79.0,HEALTHY,replay,1.5,0.0
2025-03-03T07:00:00+00:00,AWS-VAR-102,18.9,1003.7,78.0,False,,low,0.8,NORMAL,19.2,1003.6,73.0,HEALTHY,replay,1.3,0.0
2025-03-03T08:00:00+00:00,AWS-VAR-102,21.6,1004.4,69.0,False,,low,1.4,NORMAL,21.9,1004.3,60.0,HEALTHY,replay,2.3,0.0
2025-03-03T09:00:00+00:00,AWS-VAR-102,23.9,1004.8,55.0,False,,low,2.9,NORMAL,24.3,1004.8,49.0,HEALTHY,replay,4.9,0.0
2025-03-03T10:00:00+00:00,AWS-VAR-102,25.9,1004.9,47.0,False,,low,4.5,NORMAL,26.4,1004.8,41.0,HEALTHY,replay,7.4,0.0
2025-03-03T11:00:00+00:00,AWS-VAR-102,27.5,1004.1,40.0,False,,low,2.5,NORMAL,28.2,1004.1,34.0,HEALTHY,replay,4.1,0.0
2025-03-03T12:00:00+00:00,AWS-VAR-102,28.6,1002.5,35.0,False,,low,5.1,NORMAL,29.6,1002.5,30.0,HEALTHY,replay,8.4,0.0
2025-03-03T13:00:00+00:00,AWS-VAR-102,29.2,1001.4,33.0,False,,low,2.2,NORMAL,30.4,1001.3,26.0,HEALTHY,replay,3.6,0.0
2025-03-03T14:00:00+00:00,AWS-VAR-102,29.4,1000.3,31.0,False,,low,5.2,NORMAL,30.8,1000.2,21.0,HEALTHY,replay,8.6,0.0
2025-03-03T15:00:00+00:00,AWS-VAR-102,29.7,999.2,25.0,False,,low,5.8,NORMAL,30.3,999.2,22.0,HEALTHY,replay,9.7,0.0
2025-03-03T16:00:00+00:00,AWS-VAR-102,28.6,999.4,29.0,False,,low,0.9,NORMAL,29.9,999.4,21.0,HEALTHY,replay,1.6,0.0
2025-03-03T17:00:00+00:00,AWS-VAR-102,26.3,999.5,31.0,False,,low,0.5,NORMAL,27.9,999.6,27.0,HEALTHY,replay,0.8,0.0
2025-03-03T18:00:00+00:00,AWS-VAR-102,24.5,1000.3,36.0,False,,low,0.4,NORMAL,26.2,1000.3,33.0,HEALTHY,replay,0.7,0.0
2025-03-03T19:00:00+00:00,AWS-VAR-102,24.2,1000.7,36.0,False,,low,0.2,NORMAL,25.5,1000.7,34.0,HEALTHY,replay,0.3,0.0
2025-03-03T20:00:00+00:00,AWS-VAR-102,23.3,1001.2,39.0,False,,low,0.2,NORMAL,23.2,1001.3,39.0,HEALTHY,replay,0.3,0.0
2025-03-03T21:00:00+00:00,AWS-VAR-102,21.7,1001.8,46.0,False,,low,0.2,NORMAL,22.4,1001.7,41.0,HEALTHY,replay,0.4,0.0
2025-03-03T22:00:00+00:00,AWS-VAR-102,20.7,1001.9,52.0,False,,low,0.2,NORMAL,22.0,1001.9,45.0,HEALTHY,replay,0.3,0.0
2025-03-03T23:00:00+00:00,AWS-VAR-102,19.9,1001.6,56.0,False,,low,0.1,NORMAL,21.4,1001.5,50.0,HEALTHY,replay,0.2,0.0
2025-03-04T00:00:00+00:00,AWS-VAR-102,19.3,1001.3,59.0,False,,low,0.1,NORMAL,20.8,1001.2,54.0,HEALTHY,replay,0.2,0.0
2025-03-04T01:00:00+00:00,AWS-VAR-102,18.9,1000.8,61.0,False,,low,0.1,NORMAL,20.1,1000.7,58.0,HEALTHY,replay,0.1,0.0
2025-03-04T02:00:00+00:00,AWS-VAR-102,18.5,1000.1,64.0,False,,low,0.1,NORMAL,19.5,999.9,61.0,HEALTHY,replay,0.2,0.0
2025-03-04T03:00:00+00:00,AWS-VAR-102,17.9,999.7,67.0,False,,low,0.1,NORMAL,18.8,999.5,64.0,HEALTHY,replay,0.1,0.0
2025-03-04T04:00:00+00:00,AWS-VAR-102,17.2,999.7,70.0,False,,low,0.1,NORMAL,17.8,999.6,70.0,HEALTHY,replay,0.2,0.0
2025-03-04T05:00:00+00:00,AWS-VAR-102,16.7,1000.0,73.0,False,,low,0.1,NORMAL,17.4,1000.0,72.0,HEALTHY,replay,0.2,0.0
2025-03-04T06:00:00+00:00,AWS-VAR-102,16.7,1001.2,78.0,False,,low,0.3,NORMAL,17.2,1001.0,78.0,HEALTHY,replay,0.6,0.0
2025-03-04T07:00:00+00:00,AWS-VAR-102,18.6,1002.2,73.0,False,,low,0.4,NORMAL,19.2,1002.0,70.0,HEALTHY,replay,0.7,0.0
2025-03-04T08:00:00+00:00,AWS-VAR-102,21.8,1002.7,65.0,False,,low,0.5,NORMAL,22.2,1002.6,59.0,HEALTHY,replay,0.9,0.0
2025-03-04T09:00:00+00:00,AWS-VAR-102,24.5,1003.3,55.0,False,,low,0.8,NORMAL,25.1,1003.2,49.0,HEALTHY,replay,1.4,0.0
2025-03-04T10:00:00+00:00,AWS-VAR-102,26.9,1003.6,49.0,False,,low,0.6,NORMAL,27.7,1003.5,43.0,HEALTHY,replay,1.0,0.0
2025-03-04T11:00:00+00:00,AWS-VAR-102,28.7,1003.1,44.0,False,,low,0.4,NORMAL,29.5,1003.0,38.0,HEALTHY,replay,0.7,0.0
2025-03-04T12:00:00+00:00,AWS-VAR-102,30.0,1001.8,40.0,False,,low,0.5,NORMAL,30.8,1001.7,33.0,HEALTHY,replay,0.8,0.0
2025-03-04T13:00:00+00:00,AWS-VAR-102,30.9,1000.8,35.0,False,,low,0.6,NORMAL,31.6,1000.7,32.0,HEALTHY,replay,0.9,0.0
2025-03-04T14:00:00+00:00,AWS-VAR-102,31.1,999.9,34.0,False,,low,0.4,NORMAL,31.6,1000.0,32.0,HEALTHY,replay,0.6,0.0
2025-03-04T15:00:00+00:00,AWS-VAR-102,30.4,999.4,37.0,False,,low,0.2,NORMAL,31.7,999.1,31.0,HEALTHY,replay,0.4,0.0
2025-03-04T16:00:00+00:00,AWS-VAR-102,29.9,999.1,40.0,False,,low,0.3,NORMAL,30.8,999.0,30.0,HEALTHY,replay,0.4,0.0
2025-03-04T17:00:00+00:00,AWS-VAR-102,27.7,999.0,45.0,False,,low,0.2,NORMAL,29.7,999.0,31.0,HEALTHY,replay,0.3,0.0
2025-03-04T18:00:00+00:00,AWS-VAR-102,26.3,1000.0,41.0,False,,low,0.5,NORMAL,27.7,1000.3,34.0,HEALTHY,replay,0.9,0.0
2025-03-04T19:00:00+00:00,AWS-VAR-102,26.1,1001.1,36.0,False,,low,0.5,NORMAL,26.8,1001.3,32.0,HEALTHY,replay,0.8,0.0
2025-03-04T20:00:00+00:00,AWS-VAR-102,25.2,1001.9,35.0,False,,low,0.4,NORMAL,25.8,1001.9,33.0,HEALTHY,replay,0.7,0.0
2025-03-04T21:00:00+00:00,AWS-VAR-102,23.9,1002.2,38.0,False,,low,0.2,NORMAL,24.4,1002.3,37.0,HEALTHY,replay,0.3,0.0
2025-03-04T22:00:00+00:00,AWS-VAR-102,22.4,1002.2,43.0,False,,low,0.2,NORMAL,23.1,1002.3,41.0,HEALTHY,replay,0.3,0.0
2025-03-04T23:00:00+00:00,AWS-VAR-102,21.3,1002.0,47.0,False,,low,0.1,NORMAL,22.1,1002.1,44.0,HEALTHY,replay,0.2,0.0
2025-03-05T00:00:00+00:00,AWS-VAR-102,20.8,1001.6,47.0,False,,low,0.1,NORMAL,21.4,1001.6,45.0,HEALTHY,replay,0.2,0.0
2025-03-05T01:00:00+00:00,AWS-VAR-102,20.3,1001.1,44.0,False,,low,0.1,NORMAL,20.4,1001.2,38.0,HEALTHY,replay,0.2,0.0
2025-03-05T02:00:00+00:00,AWS-VAR-102,19.3,1000.7,43.0,False,,low,0.2,NORMAL,19.7,1000.7,35.0,HEALTHY,replay,0.3,0.0
2025-03-05T03:00:00+00:00,AWS-VAR-102,18.6,1000.4,42.0,False,,low,0.2,NORMAL,19.2,1000.5,33.0,HEALTHY,replay,0.3,0.0
2025-03-05T04:00:00+00:00,AWS-VAR-102,18.3,1000.8,38.0,False,,low,0.4,NORMAL,18.7,1000.8,35.0,HEALTHY,replay,0.6,0.0
2025-03-05T05:00:00+00:00,AWS-VAR-102,17.7,1001.1,39.0,False,,low,0.3,NORMAL,17.9,1001.1,40.0,HEALTHY,replay,0.5,0.0
2025-03-05T06:00:00+00:00,AWS-VAR-102,16.9,1002.2,58.0,False,,low,3.8,NORMAL,17.3,1002.3,59.0,HEALTHY,replay,6.3,0.0
2025-03-05T07:00:00+00:00,AWS-VAR-102,17.8,1003.0,61.0,False,,low,1.4,NORMAL,18.2,1003.0,60.0,HEALTHY,replay,2.3,0.0
2025-03-05T08:00:00+00:00,AWS-VAR-102,19.6,1003.6,58.0,False,,low,0.7,NORMAL,19.8,1003.6,56.0,HEALTHY,replay,1.2,0.0
2025-03-05T09:00:00+00:00,AWS-VAR-102,21.2,1003.7,53.0,False,,low,0.4,NORMAL,21.4,1003.8,50.0,HEALTHY,replay,0.6,0.0
2025-03-05T10:00:00+00:00,AWS-VAR-102,22.7,1003.7,44.0,False,,low,0.8,NORMAL,22.9,1003.7,39.0,HEALTHY,replay,1.3,0.0
2025-03-05T11:00:00+00:00,AWS-VAR-102,23.9,1002.7,37.0,False,,low,1.4,NORMAL,24.3,1002.7,32.0,HEALTHY,replay,2.4,0.0
2025-03-05T12:00:00+00:00,AWS-VAR-102,24.8,1001.6,32.0,False,,low,2.0,NORMAL,25.4,1001.6,28.0,HEALTHY,replay,3.3,0.0
2025-03-05T13:00:00+00:00,AWS-VAR-102,25.6,1000.3,28.0,False,,low,2.7,NORMAL,26.06,1000.4,24.0,HEALTHY,replay,4.5,0.0
2025-03-05T14:00:00+00:00,AWS-VAR-102,25.9,999.6,26.0,False,,low,2.5,NORMAL,26.23,999.6,21.0,HEALTHY,replay,4.2,0.0
2025-03-05T15:00:00+00:00,AWS-VAR-102,25.8,998.9,24.0,False,,low,1.8,NORMAL,25.7,999.0,22.0,HEALTHY,replay,3.0,0.0
2025-03-05T16:00:00+00:00,AWS-VAR-102,24.9,999.0,27.0,False,,low,0.9,NORMAL,25.0,999.1,22.0,HEALTHY,replay,1.5,0.0
2025-03-05T17:00:00+00:00,AWS-VAR-102,23.4,999.2,28.0,False,,low,1.0,NORMAL,23.5,999.2,25.0,HEALTHY,replay,1.7,0.0
2025-03-05T18:00:00+00:00,AWS-VAR-102,22.1,1000.3,31.0,False,,low,0.8,NORMAL,22.2,1000.3,30.0,HEALTHY,replay,1.4,0.0
2025-03-05T19:00:00+00:00,AWS-VAR-102,20.7,1001.0,36.0,False,,low,0.8,NORMAL,20.9,1001.0,31.0,HEALTHY,replay,1.3,0.0
2025-03-05T20:00:00+00:00,AWS-VAR-102,19.3,1001.7,41.0,False,,low,0.7,NORMAL,19.5,1001.7,35.0,HEALTHY,replay,1.2,0.0
2025-03-05T21:00:00+00:00,AWS-VAR-102,18.4,1002.2,44.0,False,,low,0.4,NORMAL,18.4,1002.1,40.0,HEALTHY,replay,0.7,0.0
2025-03-05T22:00:00+00:00,AWS-VAR-102,17.9,1002.3,46.0,False,,low,0.4,NORMAL,18.0,1002.2,43.0,HEALTHY,replay,0.7,0.0
2025-03-05T23:00:00+00:00,AWS-VAR-102,17.4,1002.0,47.0,False,,low,0.3,NORMAL,17.5,1002.0,44.0,HEALTHY,replay,0.4,0.0
2025-03-06T00:00:00+00:00,AWS-VAR-102,17.0,1001.8,47.0,False,,low,0.2,NORMAL,16.9,1001.9,45.0,HEALTHY,replay,0.3,0.0
2025-03-06T01:00:00+00:00,AWS-VAR-102,16.4,1001.7,49.0,False,,low,0.3,NORMAL,16.4,1001.7,46.0,HEALTHY,replay,0.5,0.0
2025-03-06T02:00:00+00:00,AWS-VAR-102,16.0,1001.2,50.0,False,,low,0.2,NORMAL,16.0,1001.2,46.0,HEALTHY,replay,0.4,0.0
2025-03-06T03:00:00+00:00,AWS-VAR-102,15.5,1001.0,50.0,False,,low,0.2,NORMAL,15.6,1001.0,45.0,HEALTHY,replay,0.4,0.0
2025-03-06T04:00:00+00:00,AWS-VAR-102,15.2,1001.2,50.0,False,,low,0.3,NORMAL,15.2,1001.2,45.0,HEALTHY,replay,0.5,0.0
2025-03-06T05:00:00+00:00,AWS-VAR-102,14.8,1001.5,50.0,False,,low,0.4,NORMAL,14.6,1001.4,47.0,HEALTHY,replay,0.7,0.0
2025-03-06T06:00:00+00:00,AWS-VAR-102,14.1,1002.4,59.0,False,,low,0.6,NORMAL,13.6,1002.3,59.0,HEALTHY,replay,1.1,0.0
2025-03-06T07:00:00+00:00,AWS-VAR-102,15.4,1003.4,59.0,False,,low,0.9,NORMAL,15.0,1003.2,58.0,HEALTHY,replay,1.5,0.0
2025-03-06T08:00:00+00:00,AWS-VAR-102,17.8,1004.2,53.0,False,,low,0.6,NORMAL,17.6,1004.0,49.0,HEALTHY,replay,1.0,0.0
2025-03-06T09:00:00+00:00,AWS-VAR-102,20.0,1004.9,45.0,False,,low,1.6,NORMAL,20.0,1004.7,40.0,HEALTHY,replay,2.7,0.0
2025-03-06T10:00:00+00:00,AWS-VAR-102,21.8,1005.0,38.0,False,,low,1.5,NORMAL,22.0,1005.0,32.0,HEALTHY,replay,2.4,0.0
2025-03-06T11:00:00+00:00,AWS-VAR-102,23.2,1004.6,35.0,False,,low,0.9,NORMAL,23.6,1004.5,29.0,HEALTHY,replay,1.5,0.0
2025-03-06T12:00:00+00:00,AWS-VAR-102,24.3,1003.7,33.0,False,,low,0.4,NORMAL,24.8,1003.6,28.0,HEALTHY,replay,0.7,0.0
2025-03-06T13:00:00+00:00,AWS-VAR-102,25.0,1003.0,32.0,False,,low,0.6,NORMAL,25.9,1002.9,26.0,HEALTHY,replay,1.0,0.0
2025-03-06T14:00:00+00:00,AWS-VAR-102,25.5,1002.4,31.0,False,,low,0.6,NORMAL,26.5,1002.3,24.0,HEALTHY,replay,1.0,0.0
2025-03-06T15:00:00+00:00,AWS-VAR-102,25.6,1001.8,29.0,False,,low,1.0,NORMAL,26.5,1001.5,23.0,HEALTHY,replay,1.6,0.0
2025-03-06T16:00:00+00:00,AWS-VAR-102,25.0,1001.3,31.0,False,,low,1.0,NORMAL,26.1,1001.2,22.0,HEALTHY,replay,1.7,0.0
2025-03-06T17:00:00+00:00,AWS-VAR-102,22.9,1001.4,36.0,False,,low,0.6,NORMAL,24.8,1001.4,26.0,HEALTHY,replay,1.0,0.0
2025-03-06T18:00:00+00:00,AWS-VAR-102,21.7,1002.0,33.0,False,,low,1.2,NORMAL,23.6,1001.9,30.0,HEALTHY,replay,1.9,0.0
2025-03-06T19:00:00+00:00,AWS-VAR-102,20.2,1002.6,38.0,False,,low,0.8,NORMAL,22.0,1002.6,36.0,HEALTHY,replay,1.3,0.0
2025-03-06T20:00:00+00:00,AWS-VAR-102,18.1,1003.3,49.0,False,,low,3.8,NORMAL,20.3,1003.3,42.0,HEALTHY,replay,6.4,0.0
2025-03-06T21:00:00+00:00,AWS-VAR-102,17.3,1003.6,53.0,False,,low,1.5,NORMAL,19.2,1003.6,44.0,HEALTHY,replay,2.5,0.0
2025-03-06T22:00:00+00:00,AWS-VAR-102,16.6,1003.2,57.0,False,,low,0.9,NORMAL,18.0,1003.1,47.0,HEALTHY,replay,1.6,0.0
2025-03-06T23:00:00+00:00,AWS-VAR-102,16.0,1002.7,60.0,False,,low,0.5,NORMAL,17.2,1002.5,51.0,HEALTHY,replay,0.9,0.0
2025-03-07T00:00:00+00:00,AWS-VAR-102,15.0,1002.2,62.0,False,,low,0.4,NORMAL,16.5,1002.1,54.0,HEALTHY,replay,0.7,0.0
2025-03-07T01:00:00+00:00,AWS-VAR-102,13.9,1001.6,65.0,False,,low,0.5,NORMAL,15.3,1001.6,59.0,HEALTHY,replay,0.8,0.0
2025-03-07T02:00:00+00:00,AWS-VAR-102,13.5,1001.0,65.0,False,,low,0.4,NORMAL,14.6,1001.0,62.0,HEALTHY,replay,0.6,0.0
2025-03-07T03:00:00+00:00,AWS-VAR-102,13.3,1000.8,65.0,False,,low,0.3,NORMAL,14.7,1000.7,60.0,HEALTHY,replay,0.5,0.0
2025-03-07T04:00:00+00:00,AWS-VAR-102,13.1,1000.9,66.0,False,,low,0.3,NORMAL,14.4,1000.9,63.0,HEALTHY,replay,0.6,0.0
2025-03-07T05:00:00+00:00,AWS-VAR-102,12.9,1001.0,66.0,False,,low,0.3,NORMAL,14.1,1000.9,66.0,HEALTHY,replay,0.5,0.0
2025-03-07T06:00:00+00:00,AWS-VAR-102,13.1,1001.3,72.0,False,,low,1.1,NORMAL,14.0,1001.2,73.0,HEALTHY,replay,1.9,0.0
2025-03-07T07:00:00+00:00,AWS-VAR-102,15.2,1002.0,67.0,False,,low,0.4,NORMAL,15.6,1001.9,67.0,HEALTHY,replay,0.7,0.0
2025-03-07T08:00:00+00:00,AWS-VAR-102,18.5,1003.0,61.0,False,,low,0.9,NORMAL,19.0,1002.9,54.0,HEALTHY,replay,1.5,0.0
2025-03-07T09:00:00+00:00,AWS-VAR-102,21.9,1003.4,50.0,False,,low,1.6,NORMAL,22.6,1003.2,43.0,HEALTHY,replay,2.6,0.0
2025-03-07T10:00:00+00:00,AWS-VAR-102,24.5,1003.2,42.0,False,,low,2.1,NORMAL,25.4,1003.1,34.0,HEALTHY,replay,3.5,0.0
2025-03-07T11:00:00+00:00,AWS-VAR-102,26.3,1002.6,35.0,False,,low,3.3,NORMAL,27.4,1002.3,27.0,HEALTHY,replay,5.5,0.0
2025-03-07T12:00:00+00:00,AWS-VAR-102,27.4,1001.5,31.0,False,,low,2.2,NORMAL,28.6,1001.3,23.0,HEALTHY,replay,3.7,0.0
2025-03-07T13:00:00+00:00,AWS-VAR-102,28.2,1000.2,28.0,False,,low,3.3,NORMAL,29.4,1000.0,21.0,HEALTHY,replay,5.5,0.0
2025-03-07T14:00:00+00:00,AWS-VAR-102,28.5,999.3,27.0,False,,low,3.4,NORMAL,29.7,999.2,20.0,HEALTHY,replay,5.7,0.0
2025-03-07T15:00:00+00:00,AWS-VAR-102,28.4,998.8,26.0,False,,low,1.4,NORMAL,29.6,998.6,19.0,HEALTHY,replay,2.4,0.0
2025-03-07T16:00:00+00:00,AWS-VAR-102,27.4,998.4,35.0,False,,low,1.7,NORMAL,29.0,998.2,19.0,HEALTHY,replay,2.9,0.0
2025-03-07T17:00:00+00:00,AWS-VAR-102,24.5,998.4,52.0,False,,low,13.3,NORMAL,27.7,998.3,22.0,HEALTHY,replay,22.2,0.0
2025-03-07T18:00:00+00:00,AWS-VAR-102,21.4,998.6,51.0,False,,low,5.2,NORMAL,24.8,998.5,30.0,HEALTHY,replay,8.7,0.0
2025-03-07T19:00:00+00:00,AWS-VAR-102,20.4,999.3,49.0,False,,low,0.8,NORMAL,23.6,999.2,34.0,HEALTHY,replay,1.3,0.0
2025-03-07T20:00:00+00:00,AWS-VAR-102,19.8,1000.0,47.0,False,,low,0.6,NORMAL,22.3,999.9,42.0,HEALTHY,replay,0.9,0.0
2025-03-07T21:00:00+00:00,AWS-VAR-102,18.8,1000.3,53.0,False,,low,0.3,NORMAL,20.4,1000.3,46.0,HEALTHY,replay,0.5,0.0
2025-03-07T22:00:00+00:00,AWS-VAR-102,17.2,1000.2,59.0,False,,low,0.3,NORMAL,19.5,1000.1,48.0,HEALTHY,replay,0.6,0.0
2025-03-07T23:00:00+00:00,AWS-VAR-102,16.6,999.9,62.0,False,,low,0.2,NORMAL,18.9,999.8,52.0,HEALTHY,replay,0.3,0.0
2025-03-08T00:00:00+00:00,AWS-VAR-102,15.8,999.6,65.0,False,,low,0.2,NORMAL,17.8,999.5,55.0,HEALTHY,replay,0.3,0.0
2025-03-08T01:00:00+00:00,AWS-VAR-102,14.9,999.1,66.0,False,,low,0.2,NORMAL,16.5,999.0,61.0,HEALTHY,replay,0.3,0.0
2025-03-08T02:00:00+00:00,AWS-VAR-102,14.3,998.6,67.0,False,,low,0.1,NORMAL,16.0,998.4,63.0,HEALTHY,replay,0.2,0.0
2025-03-08T03:00:00+00:00,AWS-VAR-102,14.1,998.1,66.0,False,,low,0.2,NORMAL,16.0,997.9,64.0,HEALTHY,replay,0.3,0.0
2025-03-08T04:00:00+00:00,AWS-VAR-102,13.9,998.1,68.0,False,,low,0.2,NORMAL,15.9,997.9,67.0,HEALTHY,replay,0.3,0.0
2025-03-08T05:00:00+00:00,AWS-VAR-102,13.5,998.3,68.0,False,,low,0.3,NORMAL,15.4,997.3,71.0,HEALTHY,replay,0.4,0.0
2025-03-08T06:00:00+00:00,AWS-VAR-102,13.6,998.9,74.0,False,,low,0.6,NORMAL,15.2,997.9,77.0,HEALTHY,replay,1.0,0.0
2025-03-08T07:00:00+00:00,AWS-VAR-102,16.1,999.7,68.0,False,,low,0.9,NORMAL,17.2,998.7,67.0,HEALTHY,replay,1.4,0.0
2025-03-08T08:00:00+00:00,AWS-VAR-102,20.5,1000.7,59.0,False,,low,3.8,NORMAL,20.8,999.7,54.0,HEALTHY,replay,6.3,0.0
2025-03-08T09:00:00+00:00,AWS-VAR-102,24.1,1001.2,47.0,False,,low,9.7,NORMAL,24.5,1001.1,43.0,HEALTHY,replay,16.2,0.0
2025-03-08T10:00:00+00:00,AWS-VAR-102,26.8,1001.1,38.0,False,,low,6.6,NORMAL,27.3,1001.0,34.0,HEALTHY,replay,11.0,0.0
2025-03-08T11:00:00+00:00,AWS-VAR-102,28.6,1000.6,30.0,False,,low,5.9,NORMAL,29.2,1000.5,27.0,HEALTHY,replay,9.9,0.0
2025-03-08T12:00:00+00:00,AWS-VAR-102,29.7,999.7,26.0,False,,low,7.3,NORMAL,30.2,999.7,23.0,HEALTHY,replay,12.2,0.0
2025-03-08T13:00:00+00:00,AWS-VAR-102,30.2,998.8,25.0,False,,low,1.7,NORMAL,30.8,998.7,23.0,HEALTHY,replay,2.8,0.0
2025-03-08T14:00:00+00:00,AWS-VAR-102,30.4,997.8,24.0,False,,low,1.0,NORMAL,31.0,997.8,22.0,HEALTHY,replay,1.7,0.0
2025-03-08T15:00:00+00:00,AWS-VAR-102,30.1,997.4,25.0,False,,low,1.1,NORMAL,30.8,997.2,21.0,HEALTHY,replay,1.8,0.0
2025-03-08T16:00:00+00:00,AWS-VAR-102,29.0,997.3,30.0,False,,low,1.1,NORMAL,30.4,997.1,22.0,HEALTHY,replay,1.9,0.0
2025-03-08T17:00:00+00:00,AWS-VAR-102,26.4,997.6,39.0,False,,low,3.2,NORMAL,28.6,997.4,29.0,HEALTHY,replay,5.3,0.0
2025-03-08T18:00:00+00:00,AWS-VAR-102,24.6,998.5,40.0,False,,low,1.2,NORMAL,25.9,998.4,29.0,HEALTHY,replay,2.0,0.0
2025-03-08T19:00:00+00:00,AWS-VAR-102,21.6,999.3,52.0,False,,low,3.7,NORMAL,24.6,999.2,34.0,HEALTHY,replay,6.2,0.0
2025-03-08T20:00:00+00:00,AWS-VAR-102,20.4,1000.3,56.0,False,,low,1.4,NORMAL,23.7,999.0,43.0,HEALTHY,replay,2.3,0.0
2025-03-08T21:00:00+00:00,AWS-VAR-102,18.9,1000.9,62.0,False,,low,1.8,NORMAL,20.0,1000.9,36.0,HEALTHY,replay,3.1,0.0
2025-03-08T22:00:00+00:00,AWS-VAR-102,18.5,1001.3,63.0,False,,low,0.7,NORMAL,18.5,1001.2,41.0,HEALTHY,replay,1.1,0.0
2025-03-08T23:00:00+00:00,AWS-VAR-102,17.1,1001.4,67.0,False,,low,0.6,NORMAL,19.7,1000.3,47.0,HEALTHY,replay,1.0,0.0
2025-03-09T00:00:00+00:00,AWS-VAR-102,16.6,1001.3,69.0,False,,low,0.5,NORMAL,17.7,1001.3,54.0,HEALTHY,replay,0.8,0.0
2025-03-09T01:00:00+00:00,AWS-VAR-102,16.3,1000.9,69.0,False,,low,0.3,NORMAL,18.0,999.9,59.0,HEALTHY,replay,0.4,0.0
2025-03-09T02:00:00+00:00,AWS-VAR-102,15.9,1000.8,70.0,False,,low,0.4,NORMAL,17.4,999.8,62.0,HEALTHY,replay,0.7,0.0
2025-03-09T03:00:00+00:00,AWS-VAR-102,14.9,1001.0,74.0,False,,low,0.6,NORMAL,15.5,1000.8,68.0,HEALTHY,replay,1.0,0.0
2025-03-09T04:00:00+00:00,AWS-VAR-102,14.7,1000.8,74.0,False,,low,0.6,NORMAL,15.9,1000.8,68.0,HEALTHY,replay,1.1,0.0
2025-03-09T05:00:00+00:00,AWS-VAR-102,14.7,1001.8,73.0,False,,low,0.7,NORMAL,15.4,1001.5,68.0,HEALTHY,replay,1.2,0.0
2025-03-09T06:00:00+00:00,AWS-VAR-102,14.6,1002.2,78.0,False,,low,0.5,NORMAL,15.8,1002.0,75.0,HEALTHY,replay,0.9,0.0
2025-03-09T07:00:00+00:00,AWS-VAR-102,17.5,1003.4,68.0,False,,low,1.7,NORMAL,18.2,1003.2,63.0,HEALTHY,replay,2.9,0.0
2025-03-09T08:00:00+00:00,AWS-VAR-102,21.8,1004.6,57.0,False,,low,14.8,NORMAL,22.3,1004.3,50.0,HEALTHY,replay,24.7,0.0
2025-03-09T09:00:00+00:00,AWS-VAR-102,25.8,1005.0,46.0,False,,low,20.4,NORMAL,26.1,1004.9,40.0,HEALTHY,replay,34.1,0.0
2025-03-09T10:00:00+00:00,AWS-VAR-102,28.6,1005.5,32.0,True,unstructured_anomaly,high,89.7,ML_MODEL_ISOLATION,29.2,1005.4,28.0,HEALTHY,replay,89.7,0.0
2025-03-09T11:00:00+00:00,AWS-VAR-102,29.7,1005.2,26.0,True,unstructured_anomaly,critical,92.6,ML_MODEL_ISOLATION,30.5,1005.0,22.0,HEALTHY,replay,92.6,0.0
2025-03-09T12:00:00+00:00,AWS-VAR-102,30.4,1004.3,25.0,True,unstructured_anomaly,critical,91.6,ML_MODEL_ISOLATION,31.4,1004.0,21.0,HEALTHY,replay,91.6,0.0
2025-03-09T13:00:00+00:00,AWS-VAR-102,30.6,1003.4,24.0,False,,low,52.1,NORMAL,31.9,1003.1,20.0,HEALTHY,replay,86.9,0.0
2025-03-09T14:00:00+00:00,AWS-VAR-102,30.3,1002.8,24.0,False,,low,9.6,NORMAL,31.9,1002.3,20.0,HEALTHY,replay,16.1,0.0
2025-03-09T15:00:00+00:00,AWS-VAR-102,29.8,1002.3,24.0,False,,low,17.8,NORMAL,31.5,1001.9,21.0,HEALTHY,replay,29.7,0.0
2025-03-09T16:00:00+00:00,AWS-VAR-102,29.0,1002.3,28.0,False,,low,12.8,NORMAL,30.6,1001.8,22.0,HEALTHY,replay,21.4,0.0
2025-03-09T17:00:00+00:00,AWS-VAR-102,26.1,1002.4,43.0,False,,low,23.6,NORMAL,29.0,1002.2,37.0,HEALTHY,replay,39.3,0.0
2025-03-09T18:00:00+00:00,AWS-VAR-102,23.4,1003.2,46.0,False,,low,12.7,NORMAL,27.4,1002.99,38.0,HEALTHY,replay,21.2,0.0
2025-03-09T19:00:00+00:00,AWS-VAR-102,23.4,1004.1,44.0,False,,low,3.6,NORMAL,26.2,1003.9,40.0,HEALTHY,replay,6.0,0.0
2025-03-09T20:00:00+00:00,AWS-VAR-102,22.5,1004.9,44.0,False,,low,2.4,NORMAL,24.3,1004.7,46.0,HEALTHY,replay,4.0,0.0
2025-03-09T21:00:00+00:00,AWS-VAR-102,21.1,1005.4,48.0,False,,low,1.9,NORMAL,23.6,1005.26,50.0,HEALTHY,replay,3.2,0.0
2025-03-09T22:00:00+00:00,AWS-VAR-102,20.0,1006.0,53.0,False,,low,4.1,NORMAL,22.8,1006.0,43.0,HEALTHY,replay,6.9,0.0
2025-03-09T23:00:00+00:00,AWS-VAR-102,18.5,1006.0,59.0,False,,low,2.2,NORMAL,20.8,1005.9,51.0,HEALTHY,replay,3.7,0.0
2025-03-10T00:00:00+00:00,AWS-VAR-102,17.8,1006.1,63.0,False,,low,1.4,NORMAL,19.5,1006.1,55.0,HEALTHY,replay,2.3,0.0
2025-03-10T01:00:00+00:00,AWS-VAR-102,17.0,1005.8,65.0,False,,low,1.2,NORMAL,18.8,1005.5,59.0,HEALTHY,replay,2.0,0.0
2025-03-10T02:00:00+00:00,AWS-VAR-102,16.3,1005.2,67.0,False,,low,1.3,NORMAL,18.0,1005.1,61.0,HEALTHY,replay,2.1,0.0
2025-03-10T03:00:00+00:00,AWS-VAR-102,15.9,1004.8,70.0,False,,low,1.1,NORMAL,17.3,1004.7,63.0,HEALTHY,replay,1.8,0.0
2025-03-10T04:00:00+00:00,AWS-VAR-102,15.6,1005.0,71.0,False,,low,1.2,NORMAL,17.0,1004.8,65.0,HEALTHY,replay,1.9,0.0
2025-03-10T05:00:00+00:00,AWS-VAR-102,15.3,1005.1,72.0,False,,low,2.0,NORMAL,16.6,1005.1,67.0,HEALTHY,replay,3.4,0.0
2025-03-10T06:00:00+00:00,AWS-VAR-102,16.1,1006.7,74.0,False,,low,3.5,NORMAL,17.2,1006.5,71.0,HEALTHY,replay,5.8,0.0
2025-03-10T07:00:00+00:00,AWS-VAR-102,18.6,1007.3,67.0,False,,low,11.0,NORMAL,19.1,1007.3,63.0,HEALTHY,replay,18.4,0.0
2025-03-10T08:00:00+00:00,AWS-VAR-102,21.9,1008.4,58.0,False,,low,22.1,NORMAL,22.3,1008.2,52.0,HEALTHY,replay,36.8,0.0
2025-03-10T09:00:00+00:00,AWS-VAR-102,25.1,1008.6,49.0,False,,low,26.1,NORMAL,25.5,1008.6,43.0,HEALTHY,replay,43.5,0.0
2025-03-10T10:00:00+00:00,AWS-VAR-102,27.8,1008.7,41.0,False,,low,31.3,NORMAL,28.4,1008.7,34.0,HEALTHY,replay,52.1,0.0
2025-03-10T11:00:00+00:00,AWS-VAR-102,29.6,1008.0,33.0,False,,low,37.2,NORMAL,30.4,1008.0,27.0,HEALTHY,replay,62.0,0.0
2025-03-10T12:00:00+00:00,AWS-VAR-102,30.6,1006.6,30.0,False,,low,14.8,NORMAL,31.3,1006.5,25.0,HEALTHY,replay,24.6,0.0
2025-03-10T13:00:00+00:00,AWS-VAR-102,30.8,1005.4,29.0,False,,low,7.7,NORMAL,31.9,1005.3,24.0,HEALTHY,replay,12.8,0.0
2025-03-10T14:00:00+00:00,AWS-VAR-102,30.6,1004.4,29.0,False,,low,5.8,NORMAL,32.0,1004.2,24.0,HEALTHY,replay,9.7,0.0
2025-03-10T15:00:00+00:00,AWS-VAR-102,30.1,1003.8,29.0,False,,low,2.5,NORMAL,31.5,1003.6,24.0,HEALTHY,replay,4.2,0.0
2025-03-10T16:00:00+00:00,AWS-VAR-102,29.2,1003.7,31.0,False,,low,1.4,NORMAL,31.0,1003.3,25.0,HEALTHY,replay,2.3,0.0
2025-03-10T17:00:00+00:00,AWS-VAR-102,26.5,1003.9,49.0,False,,low,13.3,NORMAL,29.4,1003.8,29.0,HEALTHY,replay,22.2,0.0
2025-03-10T18:00:00+00:00,AWS-VAR-102,24.5,1004.3,44.0,False,,low,3.1,NORMAL,27.3,1004.4,34.0,HEALTHY,replay,5.1,0.0
2025-03-10T19:00:00+00:00,AWS-VAR-102,23.4,1004.7,49.0,False,,low,0.6,NORMAL,26.2,1004.7,36.0,HEALTHY,replay,0.9,0.0
2025-03-10T20:00:00+00:00,AWS-VAR-102,21.9,1005.6,57.0,False,,low,0.8,NORMAL,24.99,1005.4,41.0,HEALTHY,replay,1.3,0.0
2025-03-10T21:00:00+00:00,AWS-VAR-102,20.5,1005.6,63.0,False,,low,1.0,NORMAL,23.85,1005.5,48.0,HEALTHY,replay,1.6,0.0
2025-03-10T22:00:00+00:00,AWS-VAR-102,20.4,1005.4,63.0,False,,low,0.3,NORMAL,22.46,1005.4,54.0,HEALTHY,replay,0.4,0.0
2025-03-10T23:00:00+00:00,AWS-VAR-102,19.8,1005.2,65.0,False,,low,0.2,NORMAL,21.33,1005.2,58.0,HEALTHY,replay,0.3,0.0
2025-03-11T00:00:00+00:00,AWS-VAR-102,18.9,1005.2,69.0,False,,low,0.2,NORMAL,20.38,1005.0,60.0,HEALTHY,replay,0.3,0.0
2025-03-11T01:00:00+00:00,AWS-VAR-102,17.7,1004.6,74.0,False,,low,0.2,NORMAL,18.99,1004.6,68.0,HEALTHY,replay,0.4,0.0
2025-03-11T02:00:00+00:00,AWS-VAR-102,16.8,1003.9,78.0,False,,low,0.2,NORMAL,17.78,1003.8,71.0,HEALTHY,replay,0.3,0.0
2025-03-11T03:00:00+00:00,AWS-VAR-102,16.6,1003.3,76.0,False,,low,0.1,NORMAL,16.94,1003.3,71.0,HEALTHY,replay,0.2,0.0
2025-03-11T04:00:00+00:00,AWS-VAR-102,16.3,1003.4,76.0,False,,low,0.1,NORMAL,16.7,1003.4,72.0,HEALTHY,replay,0.2,0.0
2025-03-11T05:00:00+00:00,AWS-VAR-102,16.3,1003.9,74.0,False,,low,0.2,NORMAL,16.5,1003.8,73.0,HEALTHY,replay,0.3,0.0
2025-03-11T06:00:00+00:00,AWS-VAR-102,16.8,1005.1,79.0,False,,low,0.4,NORMAL,16.7,1005.0,78.0,HEALTHY,replay,0.7,0.0
2025-03-11T07:00:00+00:00,AWS-VAR-102,19.1,1005.9,72.0,False,,low,0.5,NORMAL,19.3,1005.7,69.0,HEALTHY,replay,0.8,0.0
2025-03-11T08:00:00+00:00,AWS-VAR-102,23.2,1006.8,62.0,False,,low,1.8,NORMAL,23.2,1006.6,56.0,HEALTHY,replay,3.0,0.0
2025-03-11T09:00:00+00:00,AWS-VAR-102,27.0,1007.2,48.0,False,,low,9.6,NORMAL,26.7,1007.1,43.0,HEALTHY,replay,16.0,0.0
2025-03-11T10:00:00+00:00,AWS-VAR-102,29.2,1006.8,38.0,False,,low,5.4,NORMAL,29.2,1006.6,35.0,HEALTHY,replay,9.0,0.0
2025-03-11T11:00:00+00:00,AWS-VAR-102,30.4,1005.8,34.0,False,,low,2.0,NORMAL,30.6,1005.6,30.0,HEALTHY,replay,3.3,0.0
2025-03-11T12:00:00+00:00,AWS-VAR-102,31.3,1004.3,32.0,False,,low,3.1,NORMAL,31.6,1004.2,27.0,HEALTHY,replay,5.2,0.0
2025-03-11T13:00:00+00:00,AWS-VAR-102,31.9,1002.9,30.0,False,,low,4.5,NORMAL,32.3,1002.8,27.0,HEALTHY,replay,7.6,0.0
2025-03-11T14:00:00+00:00,AWS-VAR-102,32.3,1001.9,29.0,False,,low,4.1,NORMAL,32.9,1001.8,26.0,HEALTHY,replay,6.8,0.0
2025-03-11T15:00:00+00:00,AWS-VAR-102,32.2,1001.1,28.0,False,,low,3.8,NORMAL,32.6,1001.0,26.0,HEALTHY,replay,6.3,0.0
2025-03-11T16:00:00+00:00,AWS-VAR-102,31.5,1000.8,31.0,False,,low,2.8,NORMAL,32.3,1000.6,27.0,HEALTHY,replay,4.6,0.0
2025-03-11T17:00:00+00:00,AWS-VAR-102,28.7,1000.9,49.0,False,,low,12.9,NORMAL,29.8,1000.7,30.0,HEALTHY,replay,21.4,0.0
2025-03-11T18:00:00+00:00,AWS-VAR-102,27.0,1001.2,50.0,False,,low,1.9,NORMAL,29.1,1000.9,36.0,HEALTHY,replay,3.2,0.0
2025-03-11T19:00:00+00:00,AWS-VAR-102,25.9,1001.5,50.0,False,,low,1.4,NORMAL,27.4,1001.4,40.0,HEALTHY,replay,2.4,0.0
2025-03-11T20:00:00+00:00,AWS-VAR-102,25.0,1001.8,56.0,False,,low,1.4,NORMAL,25.8,1001.7,45.0,HEALTHY,replay,2.3,0.0
2025-03-11T21:00:00+00:00,AWS-VAR-102,22.9,1002.0,57.0,False,,low,1.0,NORMAL,24.9,1002.0,48.0,HEALTHY,replay,1.7,0.0
2025-03-11T22:00:00+00:00,AWS-VAR-102,22.2,1001.9,57.0,False,,low,0.7,NORMAL,24.2,1001.8,50.0,HEALTHY,replay,1.2,0.0
2025-03-11T23:00:00+00:00,AWS-VAR-102,21.7,1001.1,58.0,False,,low,1.3,NORMAL,23.5,1001.0,50.0,HEALTHY,replay,2.1,0.0
2025-03-12T00:00:00+00:00,AWS-VAR-102,21.3,1000.6,58.0,False,,low,2.3,NORMAL,23.0,1000.5,50.0,HEALTHY,replay,3.9,0.0
2025-03-12T01:00:00+00:00,AWS-VAR-102,20.9,999.7,56.0,False,,low,6.8,NORMAL,22.6,999.5,51.0,HEALTHY,replay,11.4,0.0
2025-03-12T02:00:00+00:00,AWS-VAR-102,20.8,999.0,55.0,False,,low,9.2,NORMAL,22.1,998.9,53.0,HEALTHY,replay,15.3,0.0
2025-03-12T03:00:00+00:00,AWS-VAR-102,20.6,998.4,55.0,False,,low,10.6,NORMAL,21.9,998.3,54.0,HEALTHY,replay,17.7,0.0
2025-03-12T04:00:00+00:00,AWS-VAR-102,20.5,998.3,55.0,False,,low,7.9,NORMAL,21.7,998.2,54.0,HEALTHY,replay,13.2,0.0
2025-03-12T05:00:00+00:00,AWS-VAR-102,20.2,998.7,56.0,False,,low,7.1,NORMAL,21.4,998.7,54.0,HEALTHY,replay,11.8,0.0
2025-03-12T06:00:00+00:00,AWS-VAR-102,19.8,999.9,62.0,False,,low,12.4,NORMAL,20.8,999.9,60.0,HEALTHY,replay,20.6,0.0
2025-03-12T07:00:00+00:00,AWS-VAR-102,22.0,1000.5,56.0,False,,low,13.0,NORMAL,22.3,1000.4,55.0,HEALTHY,replay,21.7,0.0
2025-03-12T08:00:00+00:00,AWS-VAR-102,25.1,1001.2,51.0,False,,low,12.7,NORMAL,25.3,1001.2,48.0,HEALTHY,replay,21.1,0.0
2025-03-12T09:00:00+00:00,AWS-VAR-102,28.4,1001.6,43.0,False,,low,16.4,NORMAL,28.5,1000.8,40.0,HEALTHY,replay,27.4,0.0
2025-03-12T10:00:00+00:00,AWS-VAR-102,31.0,1001.4,36.0,False,,low,17.2,NORMAL,31.2,1001.3,33.0,HEALTHY,replay,28.6,0.0
2025-03-12T11:00:00+00:00,AWS-VAR-102,32.8,1000.4,31.0,False,,low,10.9,NORMAL,33.0,1000.3,30.0,HEALTHY,replay,18.1,0.0
2025-03-12T12:00:00+00:00,AWS-VAR-102,33.8,999.0,29.0,False,,low,8.7,NORMAL,34.2,998.9,27.0,HEALTHY,replay,14.5,0.0
2025-03-12T13:00:00+00:00,AWS-VAR-102,34.6,997.7,27.0,False,,low,20.4,NORMAL,35.2,997.6,25.0,HEALTHY,replay,34.0,0.0
2025-03-12T14:00:00+00:00,AWS-VAR-102,34.8,996.5,26.0,False,,low,17.0,NORMAL,35.7,996.4,22.0,HEALTHY,replay,28.4,0.0
2025-03-12T15:00:00+00:00,AWS-VAR-102,34.5,995.7,26.0,False,,low,14.9,NORMAL,35.6,995.5,21.0,HEALTHY,replay,24.8,0.0
2025-03-12T16:00:00+00:00,AWS-VAR-102,33.9,995.2,28.0,False,,low,17.6,NORMAL,35.4,995.0,20.0,HEALTHY,replay,29.3,0.0
2025-03-12T17:00:00+00:00,AWS-VAR-102,30.5,995.4,40.0,False,,low,33.2,NORMAL,33.1,995.4,26.0,HEALTHY,replay,55.4,0.0
2025-03-12T18:00:00+00:00,AWS-VAR-102,28.8,996.0,33.0,False,,low,25.6,NORMAL,30.7,996.0,28.0,HEALTHY,replay,42.7,0.0
2025-03-12T19:00:00+00:00,AWS-VAR-102,27.8,996.4,35.0,False,,low,10.5,NORMAL,29.6,996.4,32.0,HEALTHY,replay,17.5,0.0
2025-03-12T20:00:00+00:00,AWS-VAR-102,26.8,997.3,38.0,False,,low,11.4,NORMAL,28.7,997.2,33.0,HEALTHY,replay,18.9,0.0
2025-03-12T21:00:00+00:00,AWS-VAR-102,25.6,997.6,41.0,False,,low,7.9,NORMAL,27.4,997.6,37.0,HEALTHY,replay,13.2,0.0
2025-03-12T22:00:00+00:00,AWS-VAR-102,25.1,997.9,42.0,False,,low,7.0,NORMAL,26.8,997.9,38.0,HEALTHY,replay,11.7,0.0
2025-03-12T23:00:00+00:00,AWS-VAR-102,24.0,997.5,46.0,False,,low,2.0,NORMAL,26.3,997.4,39.0,HEALTHY,replay,3.3,0.0
2025-03-13T00:00:00+00:00,AWS-VAR-102,22.9,997.3,50.0,False,,low,1.5,NORMAL,24.5,997.2,44.0,HEALTHY,replay,2.5,0.0
2025-03-13T01:00:00+00:00,AWS-VAR-102,22.1,997.0,52.0,False,,low,1.6,NORMAL,23.5,997.0,48.0,HEALTHY,replay,2.7,0.0
2025-03-13T02:00:00+00:00,AWS-VAR-102,21.7,996.8,54.0,False,,low,1.0,NORMAL,22.7,996.8,52.0,HEALTHY,replay,1.7,0.0
2025-03-13T03:00:00+00:00,AWS-VAR-102,21.2,996.6,56.0,False,,low,1.1,NORMAL,22.1,996.6,54.0,HEALTHY,replay,1.9,0.0
2025-03-13T04:00:00+00:00,AWS-VAR-102,21.0,996.8,56.0,False,,low,0.9,NORMAL,21.9,996.7,54.0,HEALTHY,replay,1.6,0.0
2025-03-13T05:00:00+00:00,AWS-VAR-102,20.7,997.3,57.0,False,,low,1.6,NORMAL,21.5,997.2,55.0,HEALTHY,replay,2.7,0.0
2025-03-13T06:00:00+00:00,AWS-VAR-102,20.4,998.5,68.0,False,,low,4.7,NORMAL,21.1,998.4,66.0,HEALTHY,replay,7.8,0.0
2025-03-13T07:00:00+00:00,AWS-VAR-102,22.6,999.3,62.0,False,,low,2.6,NORMAL,22.9,999.2,60.0,HEALTHY,replay,4.4,0.0
2025-03-13T08:00:00+00:00,AWS-VAR-102,25.9,1000.2,54.0,False,,low,2.5,NORMAL,26.0,1000.1,51.0,HEALTHY,replay,4.2,0.0
2025-03-13T09:00:00+00:00,AWS-VAR-102,29.0,1000.7,45.0,False,,low,6.3,NORMAL,29.1,1000.6,43.0,HEALTHY,replay,10.5,0.0
2025-03-13T10:00:00+00:00,AWS-VAR-102,31.3,1000.4,39.0,False,,low,2.8,NORMAL,31.4,1000.4,37.0,HEALTHY,replay,4.7,0.0
2025-03-13T11:00:00+00:00,AWS-VAR-102,32.9,999.6,33.0,False,,low,3.1,NORMAL,33.1,999.6,32.0,HEALTHY,replay,5.2,0.0
2025-03-13T12:00:00+00:00,AWS-VAR-102,34.0,998.4,30.0,False,,low,2.0,NORMAL,34.2,998.4,30.0,HEALTHY,replay,3.3,0.0
2025-03-13T13:00:00+00:00,AWS-VAR-102,34.7,997.0,28.0,False,,low,3.1,NORMAL,34.8,996.9,28.0,HEALTHY,replay,5.2,0.0
2025-03-13T14:00:00+00:00,AWS-VAR-102,34.9,996.0,27.0,False,,low,2.3,NORMAL,35.1,995.9,22.0,HEALTHY,replay,3.9,0.0
2025-03-13T15:00:00+00:00,AWS-VAR-102,34.0,995.8,24.0,False,,low,1.5,NORMAL,34.4,995.8,22.0,HEALTHY,replay,2.4,0.0
2025-03-13T16:00:00+00:00,AWS-VAR-102,32.0,995.6,31.0,False,,low,3.2,NORMAL,33.6,995.5,25.0,HEALTHY,replay,5.3,0.0
2025-03-13T17:00:00+00:00,AWS-VAR-102,30.3,995.6,34.0,False,,low,0.8,NORMAL,32.1,995.4,27.0,HEALTHY,replay,1.3,0.0
2025-03-13T18:00:00+00:00,AWS-VAR-102,28.5,995.7,36.0,False,,low,1.0,NORMAL,30.7,995.6,29.0,HEALTHY,replay,1.7,0.0
2025-03-13T19:00:00+00:00,AWS-VAR-102,27.1,996.6,38.0,False,,low,0.6,NORMAL,29.5,996.6,31.0,HEALTHY,replay,1.0,0.0
2025-03-13T20:00:00+00:00,AWS-VAR-102,26.3,997.5,41.0,False,,low,0.3,NORMAL,27.9,997.5,36.0,HEALTHY,replay,0.5,0.0
2025-03-13T21:00:00+00:00,AWS-VAR-102,25.9,997.8,43.0,False,,low,0.2,NORMAL,26.9,997.8,40.0,HEALTHY,replay,0.3,0.0
2025-03-13T22:00:00+00:00,AWS-VAR-102,24.1,997.8,50.0,False,,low,0.2,NORMAL,26.4,997.7,42.0,HEALTHY,replay,0.4,0.0
2025-03-13T23:00:00+00:00,AWS-VAR-102,23.5,997.7,52.0,False,,low,0.2,NORMAL,25.6,997.6,45.0,HEALTHY,replay,0.3,0.0
2025-03-14T00:00:00+00:00,AWS-VAR-102,22.6,997.4,53.0,False,,low,0.2,NORMAL,23.8,997.3,49.0,HEALTHY,replay,0.3,0.0
2025-03-14T01:00:00+00:00,AWS-VAR-102,21.5,997.2,57.0,False,,low,0.2,NORMAL,22.8,997.0,53.0,HEALTHY,replay,0.3,0.0
2025-03-14T02:00:00+00:00,AWS-VAR-102,21.6,996.7,56.0,False,,low,0.1,NORMAL,22.3,996.6,61.0,HEALTHY,replay,0.2,0.0
2025-03-14T03:00:00+00:00,AWS-VAR-102,21.2,996.4,57.0,False,,low,0.1,NORMAL,21.5,996.2,58.0,HEALTHY,replay,0.2,0.0
2025-03-14T04:00:00+00:00,AWS-VAR-102,20.4,996.9,58.0,False,,low,0.1,NORMAL,21.1,996.7,59.0,HEALTHY,replay,0.2,0.0
2025-03-14T05:00:00+00:00,AWS-VAR-102,20.2,997.7,57.0,False,,low,0.1,NORMAL,20.6,997.7,60.0,HEALTHY,replay,0.2,0.0
2025-03-14T06:00:00+00:00,AWS-VAR-102,20.2,998.7,72.0,False,,low,1.8,NORMAL,21.3,998.6,68.0,HEALTHY,replay,3.0,0.0
2025-03-14T07:00:00+00:00,AWS-VAR-102,22.8,1000.0,64.0,False,,low,1.4,NORMAL,23.1,999.9,62.0,HEALTHY,replay,2.4,0.0
2025-03-14T08:00:00+00:00,AWS-VAR-102,26.9,1001.1,54.0,False,,low,8.2,NORMAL,26.9,1001.0,51.0,HEALTHY,replay,13.7,0.0
2025-03-14T09:00:00+00:00,AWS-VAR-102,30.6,1001.5,44.0,False,,low,16.7,NORMAL,30.7,1001.4,41.0,HEALTHY,replay,27.9,0.0
2025-03-14T10:00:00+00:00,AWS-VAR-102,32.9,1001.3,34.0,False,,low,13.2,NORMAL,33.3,1001.2,32.0,HEALTHY,replay,22.0,0.0
2025-03-14T11:00:00+00:00,AWS-VAR-102,34.1,1001.1,30.0,False,,low,3.4,NORMAL,34.7,1000.9,27.0,HEALTHY,replay,5.7,0.0
2025-03-14T12:00:00+00:00,AWS-VAR-102,34.9,1000.0,28.0,False,,low,2.2,NORMAL,35.6,999.8,25.0,HEALTHY,replay,3.6,0.0
2025-03-14T13:00:00+00:00,AWS-VAR-102,35.4,999.0,26.0,False,,low,1.5,NORMAL,35.9,998.8,24.0,HEALTHY,replay,2.6,0.0
2025-03-14T14:00:00+00:00,AWS-VAR-102,35.7,998.0,24.0,False,,low,1.5,NORMAL,36.0,997.8,21.0,HEALTHY,replay,2.5,0.0
2025-03-14T15:00:00+00:00,AWS-VAR-102,35.0,997.1,23.0,False,,low,0.8,NORMAL,35.7,997.0,21.0,HEALTHY,replay,1.3,0.0
2025-03-14T16:00:00+00:00,AWS-VAR-102,33.8,997.1,27.0,False,,low,0.6,NORMAL,35.0,996.8,23.0,HEALTHY,replay,1.1,0.0
2025-03-14T17:00:00+00:00,AWS-VAR-102,31.3,997.1,35.0,False,,low,1.2,NORMAL,33.7,996.9,26.0,HEALTHY,replay,1.9,0.0
2025-03-14T18:00:00+00:00,AWS-VAR-102,29.4,998.0,39.0,False,,low,0.5,NORMAL,31.4,997.8,31.0,HEALTHY,replay,0.8,0.0
2025-03-14T19:00:00+00:00,AWS-VAR-102,28.8,998.4,37.0,False,,low,0.3,NORMAL,30.3,998.4,34.0,HEALTHY,replay,0.5,0.0
2025-03-14T20:00:00+00:00,AWS-VAR-102,27.5,998.9,39.0,False,,low,0.3,NORMAL,28.6,998.8,37.0,HEALTHY,replay,0.5,0.0
2025-03-14T21:00:00+00:00,AWS-VAR-102,25.6,999.5,45.0,False,,low,0.3,NORMAL,27.6,999.5,44.0,HEALTHY,replay,0.6,0.0
2025-03-14T22:00:00+00:00,AWS-VAR-102,24.4,999.9,52.0,False,,low,0.7,NORMAL,27.1,999.8,48.0,HEALTHY,replay,1.2,0.0
2025-03-14T23:00:00+00:00,AWS-VAR-102,23.9,999.6,55.0,False,,low,0.2,NORMAL,25.9,999.41,51.0,HEALTHY,replay,0.3,0.0
2025-03-15T00:00:00+00:00,AWS-VAR-102,22.6,999.3,58.0,False,,low,0.2,NORMAL,23.8,999.3,54.0,HEALTHY,replay,0.3,0.0
2025-03-15T01:00:00+00:00,AWS-VAR-102,21.8,998.9,61.0,False,,low,0.2,NORMAL,22.9,998.8,59.0,HEALTHY,replay,0.3,0.0
2025-03-15T02:00:00+00:00,AWS-VAR-102,21.3,998.4,61.0,False,,low,0.1,NORMAL,22.2,998.2,57.0,HEALTHY,replay,0.2,0.0
2025-03-15T03:00:00+00:00,AWS-VAR-102,21.1,998.3,61.0,False,,low,0.1,NORMAL,22.1,998.2,59.0,HEALTHY,replay,0.2,0.0
2025-03-15T04:00:00+00:00,AWS-VAR-102,20.6,998.5,65.0,False,,low,0.2,NORMAL,21.5,998.3,62.0,HEALTHY,replay,0.3,0.0
2025-03-15T05:00:00+00:00,AWS-VAR-102,19.8,999.1,69.0,False,,low,0.4,NORMAL,21.0,999.1,64.0,HEALTHY,replay,0.6,0.0
2025-03-15T06:00:00+00:00,AWS-VAR-102,20.1,1000.1,79.0,False,,low,1.8,NORMAL,21.1,999.9,76.0,HEALTHY,replay,3.0,0.0
2025-03-15T07:00:00+00:00,AWS-VAR-102,22.7,1001.1,69.0,False,,low,0.8,NORMAL,23.3,1000.9,64.0,HEALTHY,replay,1.4,0.0
2025-03-15T08:00:00+00:00,AWS-VAR-102,27.1,1001.9,57.0,False,,low,3.7,NORMAL,27.1,1001.7,51.0,HEALTHY,replay,6.2,0.0
2025-03-15T09:00:00+00:00,AWS-VAR-102,30.7,1002.5,43.0,False,,low,15.7,NORMAL,31.0,1002.3,41.0,HEALTHY,replay,26.2,0.0
2025-03-15T10:00:00+00:00,AWS-VAR-102,33.2,1002.3,33.0,False,,low,14.7,NORMAL,33.7,1002.0,31.0,HEALTHY,replay,24.6,0.0
2025-03-15T11:00:00+00:00,AWS-VAR-102,34.7,1001.8,29.0,False,,low,4.6,NORMAL,35.5,1001.5,28.0,HEALTHY,replay,7.7,0.0
2025-03-15T12:00:00+00:00,AWS-VAR-102,35.8,1000.6,28.0,False,,low,3.2,NORMAL,36.9,1000.3,25.0,HEALTHY,replay,5.4,0.0
2025-03-15T13:00:00+00:00,AWS-VAR-102,36.5,999.6,27.0,False,,low,1.8,NORMAL,38.0,999.3,20.0,HEALTHY,replay,3.1,0.0
2025-03-15T14:00:00+00:00,AWS-VAR-102,37.4,998.9,20.0,False,,low,4.9,NORMAL,38.2,998.5,16.0,HEALTHY,replay,8.2,0.0
2025-03-15T15:00:00+00:00,AWS-VAR-102,37.5,997.9,17.0,False,,low,5.5,NORMAL,38.2,997.9,16.0,HEALTHY,replay,9.1,0.0
2025-03-15T16:00:00+00:00,AWS-VAR-102,36.0,998.0,22.0,False,,low,2.6,NORMAL,37.4,997.9,14.0,HEALTHY,replay,4.3,0.0
2025-03-15T17:00:00+00:00,AWS-VAR-102,32.7,998.2,37.0,False,,low,8.9,NORMAL,35.4,998.1,20.0,HEALTHY,replay,14.9,0.0
2025-03-15T18:00:00+00:00,AWS-VAR-102,30.0,999.4,45.0,False,,low,4.1,NORMAL,32.0,999.2,30.0,HEALTHY,replay,6.9,0.0
2025-03-15T19:00:00+00:00,AWS-VAR-102,29.3,1000.0,46.0,False,,low,0.7,NORMAL,31.3,999.9,37.0,HEALTHY,replay,1.2,0.0
2025-03-15T20:00:00+00:00,AWS-VAR-102,28.5,1000.9,47.0,False,,low,1.4,NORMAL,29.9,1000.9,42.0,HEALTHY,replay,2.3,0.0
2025-03-15T21:00:00+00:00,AWS-VAR-102,27.5,1001.6,48.0,False,,low,1.4,NORMAL,29.3,1001.5,43.0,HEALTHY,replay,2.3,0.0
2025-03-15T22:00:00+00:00,AWS-VAR-102,25.4,1001.6,56.0,False,,low,1.6,NORMAL,27.9,1001.4,45.0,HEALTHY,replay,2.7,0.0
2025-03-15T23:00:00+00:00,AWS-VAR-102,24.5,1000.9,59.0,False,,low,0.3,NORMAL,26.8,1000.8,49.0,HEALTHY,replay,0.5,0.0
2025-03-16T00:00:00+00:00,AWS-VAR-102,24.3,1000.6,61.0,False,,low,0.2,NORMAL,25.7,1000.4,54.0,HEALTHY,replay,0.4,0.0
2025-03-16T01:00:00+00:00,AWS-VAR-102,23.8,1000.2,61.0,False,,low,0.3,NORMAL,25.2,1000.0,56.0,HEALTHY,replay,0.4,0.0
2025-03-16T02:00:00+00:00,AWS-VAR-102,23.5,999.6,62.0,False,,low,0.2,NORMAL,24.8,999.5,59.0,HEALTHY,replay,0.3,0.0
2025-03-16T03:00:00+00:00,AWS-VAR-102,23.0,999.2,65.0,False,,low,0.3,NORMAL,24.7,999.2,60.0,HEALTHY,replay,0.5,0.0
2025-03-16T04:00:00+00:00,AWS-VAR-102,22.7,999.5,66.0,False,,low,0.3,NORMAL,24.1,999.4,62.0,HEALTHY,replay,0.5,0.0
2025-03-16T05:00:00+00:00,AWS-VAR-102,22.7,999.8,66.0,False,,low,0.4,NORMAL,23.7,999.7,63.0,HEALTHY,replay,0.7,0.0
2025-03-16T06:00:00+00:00,AWS-VAR-102,22.1,1000.4,81.0,False,,low,1.3,NORMAL,23.8,1000.1,71.0,HEALTHY,replay,2.1,0.0
2025-03-16T07:00:00+00:00,AWS-VAR-102,24.4,1001.4,71.0,False,,low,0.8,NORMAL,25.7,1001.4,64.0,HEALTHY,replay,1.3,0.0
2025-03-16T08:00:00+00:00,AWS-VAR-102,27.6,1002.0,59.0,False,,low,0.7,NORMAL,28.8,1001.8,53.0,HEALTHY,replay,1.1,0.0
2025-03-16T09:00:00+00:00,AWS-VAR-102,31.4,1002.2,48.0,False,,low,5.5,NORMAL,32.5,1002.1,42.0,HEALTHY,replay,9.1,0.0
2025-03-16T10:00:00+00:00,AWS-VAR-102,33.9,1002.2,39.0,False,,low,4.6,NORMAL,33.8,1002.2,37.0,HEALTHY,replay,7.7,0.0
2025-03-16T11:00:00+00:00,AWS-VAR-102,34.3,1002.1,35.0,False,,low,2.3,NORMAL,34.8,1002.0,28.0,HEALTHY,replay,3.8,0.0
2025-03-16T12:00:00+00:00,AWS-VAR-102,33.6,1001.7,34.0,False,,low,4.2,NORMAL,33.2,1001.7,30.0,HEALTHY,replay,6.9,0.0
2025-03-16T13:00:00+00:00,AWS-VAR-102,33.3,1001.3,28.0,False,,low,3.5,NORMAL,33.3,1001.2,27.0,HEALTHY,replay,5.9,0.0
2025-03-16T14:00:00+00:00,AWS-VAR-102,32.9,999.9,29.0,False,,low,1.6,NORMAL,33.9,999.6,28.0,HEALTHY,replay,2.7,0.0
2025-03-16T15:00:00+00:00,AWS-VAR-102,32.2,999.0,33.0,False,,low,4.4,NORMAL,33.4,998.6,30.0,HEALTHY,replay,7.4,0.0
2025-03-16T16:00:00+00:00,AWS-VAR-102,31.2,998.9,36.0,False,,low,1.0,NORMAL,32.8,998.4,31.0,HEALTHY,replay,1.7,0.0
2025-03-16T17:00:00+00:00,AWS-VAR-102,29.5,998.6,41.0,False,,low,0.5,NORMAL,31.7,998.4,33.0,HEALTHY,replay,0.8,0.0
2025-03-16T18:00:00+00:00,AWS-VAR-102,29.5,998.4,39.0,False,,low,0.3,NORMAL,31.3,998.3,32.0,HEALTHY,replay,0.4,0.0
2025-03-16T19:00:00+00:00,AWS-VAR-102,28.7,998.5,37.0,False,,low,0.4,NORMAL,30.3,998.5,33.0,HEALTHY,replay,0.6,0.0
2025-03-16T20:00:00+00:00,AWS-VAR-102,28.2,998.9,36.0,False,,low,0.7,NORMAL,29.0,998.9,36.0,HEALTHY,replay,1.2,0.0
2025-03-16T21:00:00+00:00,AWS-VAR-102,27.4,999.1,39.0,False,,low,0.5,NORMAL,29.1,999.0,36.0,HEALTHY,replay,0.9,0.0
2025-03-16T22:00:00+00:00,AWS-VAR-102,26.0,999.3,44.0,False,,low,0.4,NORMAL,28.7,999.3,37.0,HEALTHY,replay,0.6,0.0
2025-03-16T23:00:00+00:00,AWS-VAR-102,25.8,999.0,45.0,False,,low,0.3,NORMAL,27.7,999.1,39.0,HEALTHY,replay,0.5,0.0
2025-03-17T00:00:00+00:00,AWS-VAR-102,24.7,998.9,48.0,False,,low,0.3,NORMAL,26.2,998.8,42.0,HEALTHY,replay,0.5,0.0
2025-03-17T01:00:00+00:00,AWS-VAR-102,24.1,998.9,50.0,False,,low,0.2,NORMAL,25.2,998.8,45.0,HEALTHY,replay,0.4,0.0
2025-03-17T02:00:00+00:00,AWS-VAR-102,23.4,999.2,53.0,False,,low,0.2,NORMAL,23.9,999.0,50.0,HEALTHY,replay,0.3,0.0
2025-03-17T03:00:00+00:00,AWS-VAR-102,23.0,998.9,54.0,False,,low,0.3,NORMAL,23.1,998.8,54.0,HEALTHY,replay,0.5,0.0
2025-03-17T04:00:00+00:00,AWS-VAR-102,22.4,998.5,56.0,False,,low,0.2,NORMAL,22.3,998.6,55.0,HEALTHY,replay,0.4,0.0
2025-03-17T05:00:00+00:00,AWS-VAR-102,22.0,998.8,58.0,False,,low,0.4,NORMAL,22.1,999.0,58.0,HEALTHY,replay,0.6,0.0
2025-03-17T06:00:00+00:00,AWS-VAR-102,22.8,999.2,69.0,False,,low,2.3,NORMAL,23.0,999.1,67.0,HEALTHY,replay,3.9,0.0
2025-03-17T07:00:00+00:00,AWS-VAR-102,24.6,1000.3,64.0,False,,low,0.4,NORMAL,24.9,1000.4,60.0,HEALTHY,replay,0.7,0.0
2025-03-17T08:00:00+00:00,AWS-VAR-102,27.4,1001.8,54.0,False,,low,1.2,NORMAL,27.7,1001.9,48.0,HEALTHY,replay,1.9,0.0
2025-03-17T09:00:00+00:00,AWS-VAR-102,29.1,1002.5,44.0,False,,low,2.9,NORMAL,29.3,1002.6,41.0,HEALTHY,replay,4.9,0.0
2025-03-17T10:00:00+00:00,AWS-VAR-102,30.6,1002.8,36.0,False,,low,2.7,NORMAL,30.8,1002.8,36.0,HEALTHY,replay,4.5,0.0
2025-03-17T11:00:00+00:00,AWS-VAR-102,31.6,1002.4,31.0,False,,low,1.0,NORMAL,32.0,1002.4,31.0,HEALTHY,replay,1.7,0.0
2025-03-17T12:00:00+00:00,AWS-VAR-102,32.3,1001.3,29.0,False,,low,0.9,NORMAL,32.8,1001.2,28.0,HEALTHY,replay,1.6,0.0
2025-03-17T13:00:00+00:00,AWS-VAR-102,32.9,1000.1,28.0,False,,low,1.0,NORMAL,33.4,1000.0,27.0,HEALTHY,replay,1.7,0.0
2025-03-17T14:00:00+00:00,AWS-VAR-102,33.1,998.9,28.0,False,,low,1.5,NORMAL,33.6,998.8,26.0,HEALTHY,replay,2.4,0.0
2025-03-17T15:00:00+00:00,AWS-VAR-102,32.9,998.4,29.0,False,,low,1.3,NORMAL,33.2,998.2,26.0,HEALTHY,replay,2.1,0.0
2025-03-17T16:00:00+00:00,AWS-VAR-102,32.4,998.1,28.0,False,,low,1.2,NORMAL,32.8,998.1,26.0,HEALTHY,replay,2.0,0.0
2025-03-17T17:00:00+00:00,AWS-VAR-102,30.1,998.6,38.0,False,,low,0.6,NORMAL,31.7,998.6,28.0,HEALTHY,replay,1.1,0.0
2025-03-17T18:00:00+00:00,AWS-VAR-102,28.4,999.6,38.0,False,,low,0.9,NORMAL,30.4,999.7,29.0,HEALTHY,replay,1.5,0.0
2025-03-17T19:00:00+00:00,AWS-VAR-102,27.4,1000.5,35.0,False,,low,1.1,NORMAL,29.2,1000.4,29.0,HEALTHY,replay,1.9,0.0
2025-03-17T20:00:00+00:00,AWS-VAR-102,26.7,1001.3,35.0,False,,low,1.2,NORMAL,28.3,1001.4,30.0,HEALTHY,replay,2.0,0.0
2025-03-17T21:00:00+00:00,AWS-VAR-102,26.5,1001.9,33.0,False,,low,2.1,NORMAL,27.3,1001.9,30.0,HEALTHY,replay,3.6,0.0
2025-03-17T22:00:00+00:00,AWS-VAR-102,25.3,1002.5,34.0,False,,low,2.5,NORMAL,26.5,1002.4,30.0,HEALTHY,replay,4.2,0.0
2025-03-17T23:00:00+00:00,AWS-VAR-102,24.4,1002.2,35.0,False,,low,1.4,NORMAL,25.6,1002.3,31.0,HEALTHY,replay,2.3,0.0
2025-03-18T00:00:00+00:00,AWS-VAR-102,24.0,1001.9,34.0,False,,low,1.4,NORMAL,24.3,1001.1,38.0,HEALTHY,replay,2.3,0.0
2025-03-18T01:00:00+00:00,AWS-VAR-102,22.8,1001.3,37.0,False,,low,0.5,NORMAL,21.6,1001.3,37.0,HEALTHY,replay,0.9,0.0
2025-03-18T02:00:00+00:00,AWS-VAR-102,21.7,1000.7,40.0,False,,low,0.4,NORMAL,22.4,999.9,42.0,HEALTHY,replay,0.7,0.0
2025-03-18T03:00:00+00:00,AWS-VAR-102,20.8,1000.6,43.0,False,,low,0.3,NORMAL,21.4,999.7,42.0,HEALTHY,replay,0.5,0.0
2025-03-18T04:00:00+00:00,AWS-VAR-102,19.7,1000.9,46.0,False,,low,0.5,NORMAL,20.3,1000.0,46.0,HEALTHY,replay,0.8,0.0
2025-03-18T05:00:00+00:00,AWS-VAR-102,19.0,1001.3,48.0,False,,low,0.5,NORMAL,19.6,1001.2,46.0,HEALTHY,replay,0.8,0.0
2025-03-18T06:00:00+00:00,AWS-VAR-102,19.0,1002.2,57.0,False,,low,4.0,NORMAL,19.5,1002.1,58.0,HEALTHY,replay,6.7,0.0
2025-03-18T07:00:00+00:00,AWS-VAR-102,20.8,1002.8,57.0,False,,low,3.4,NORMAL,21.3,1002.8,54.0,HEALTHY,replay,5.7,0.0
2025-03-18T08:00:00+00:00,AWS-VAR-102,23.7,1003.5,49.0,False,,low,1.7,NORMAL,24.3,1003.5,45.0,HEALTHY,replay,2.8,0.0
2025-03-18T09:00:00+00:00,AWS-VAR-102,26.4,1003.8,42.0,False,,low,2.5,NORMAL,27.0,1003.7,38.0,HEALTHY,replay,4.2,0.0
2025-03-18T10:00:00+00:00,AWS-VAR-102,28.7,1003.6,34.0,False,,low,2.3,NORMAL,29.3,1003.5,30.0,HEALTHY,replay,3.8,0.0
2025-03-18T11:00:00+00:00,AWS-VAR-102,30.4,1002.8,28.0,False,,low,2.7,NORMAL,30.7,1002.9,25.0,HEALTHY,replay,4.5,0.0
2025-03-18T12:00:00+00:00,AWS-VAR-102,31.5,1001.9,25.0,False,,low,1.6,NORMAL,31.7,1001.9,22.0,HEALTHY,replay,2.7,0.0
2025-03-18T13:00:00+00:00,AWS-VAR-102,32.0,1000.7,23.0,False,,low,2.6,NORMAL,32.4,1000.7,19.0,HEALTHY,replay,4.4,0.0
2025-03-18T14:00:00+00:00,AWS-VAR-102,32.2,999.8,21.0,False,,low,2.6,NORMAL,32.6,999.7,19.0,HEALTHY,replay,4.4,0.0
2025-03-18T15:00:00+00:00,AWS-VAR-102,32.0,999.5,20.0,False,,low,2.1,NORMAL,32.6,999.4,17.0,HEALTHY,replay,3.5,0.0
2025-03-18T16:00:00+00:00,AWS-VAR-102,31.2,999.6,21.0,False,,low,1.3,NORMAL,31.9,999.5,18.0,HEALTHY,replay,2.1,0.0
2025-03-18T17:00:00+00:00,AWS-VAR-102,28.2,1000.0,31.0,False,,low,2.5,NORMAL,30.6,1000.0,20.0,HEALTHY,replay,4.1,0.0
2025-03-18T18:00:00+00:00,AWS-VAR-102,26.8,1000.7,27.0,False,,low,2.5,NORMAL,28.7,1000.7,24.0,HEALTHY,replay,4.2,0.0
2025-03-18T19:00:00+00:00,AWS-VAR-102,25.3,1001.4,29.0,False,,low,1.1,NORMAL,27.2,1001.3,27.0,HEALTHY,replay,1.9,0.0
2025-03-18T20:00:00+00:00,AWS-VAR-102,24.2,1002.2,33.0,False,,low,1.3,NORMAL,26.4,1002.1,28.0,HEALTHY,replay,2.1,0.0
2025-03-18T21:00:00+00:00,AWS-VAR-102,23.9,1002.5,34.0,False,,low,0.7,NORMAL,25.3,1002.6,30.0,HEALTHY,replay,1.2,0.0
2025-03-18T22:00:00+00:00,AWS-VAR-102,23.3,1003.1,35.0,False,,low,0.8,NORMAL,24.5,1003.2,32.0,HEALTHY,replay,1.4,0.0
2025-03-18T23:00:00+00:00,AWS-VAR-102,22.4,1003.0,36.0,False,,low,0.4,NORMAL,23.7,1003.0,33.0,HEALTHY,replay,0.7,0.0
2025-03-19T00:00:00+00:00,AWS-VAR-102,21.2,1002.9,39.0,False,,low,0.4,NORMAL,22.6,1002.8,34.0,HEALTHY,replay,0.7,0.0
2025-03-19T01:00:00+00:00,AWS-VAR-102,20.2,1002.2,42.0,False,,low,0.3,NORMAL,21.7,1002.2,37.0,HEALTHY,replay,0.5,0.0
2025-03-19T02:00:00+00:00,AWS-VAR-102,18.9,1001.8,47.0,False,,low,0.3,NORMAL,20.5,1001.6,42.0,HEALTHY,replay,0.4,0.0
2025-03-19T03:00:00+00:00,AWS-VAR-102,18.3,1001.7,51.0,False,,low,0.2,NORMAL,19.2,1001.5,46.0,HEALTHY,replay,0.4,0.0
2025-03-19T04:00:00+00:00,AWS-VAR-102,17.2,1001.9,53.0,False,,low,0.4,NORMAL,18.5,1001.9,51.0,HEALTHY,replay,0.6,0.0
2025-03-19T05:00:00+00:00,AWS-VAR-102,16.4,1002.6,57.0,False,,low,0.4,NORMAL,17.9,1002.5,57.0,HEALTHY,replay,0.6,0.0
2025-03-19T06:00:00+00:00,AWS-VAR-102,16.7,1003.9,65.0,False,,low,3.5,NORMAL,18.3,1002.6,64.0,HEALTHY,replay,5.9,0.0
2025-03-19T07:00:00+00:00,AWS-VAR-102,19.7,1004.7,57.0,False,,low,1.4,NORMAL,20.6,1003.6,55.0,HEALTHY,replay,2.3,0.0
2025-03-19T08:00:00+00:00,AWS-VAR-102,23.7,1005.3,50.0,False,,low,4.3,NORMAL,24.5,1004.86,43.0,HEALTHY,replay,7.1,0.0
2025-03-19T09:00:00+00:00,AWS-VAR-102,26.9,1005.7,39.0,False,,low,8.5,NORMAL,27.7,1005.45,33.0,HEALTHY,replay,14.2,0.0
2025-03-19T10:00:00+00:00,AWS-VAR-102,29.0,1005.9,30.0,False,,low,8.0,NORMAL,29.8,1005.69,26.0,HEALTHY,replay,13.3,0.0
2025-03-19T11:00:00+00:00,AWS-VAR-102,30.3,1005.1,27.0,False,,low,1.5,NORMAL,31.2,1004.9,23.0,HEALTHY,replay,2.5,0.0
2025-03-19T12:00:00+00:00,AWS-VAR-102,31.2,1004.2,26.0,False,,low,1.4,NORMAL,32.2,1004.1,21.0,HEALTHY,replay,2.3,0.0
2025-03-19T13:00:00+00:00,AWS-VAR-102,32.1,1003.2,24.0,False,,low,0.9,NORMAL,32.8,1003.1,20.0,HEALTHY,replay,1.5,0.0
2025-03-19T14:00:00+00:00,AWS-VAR-102,32.7,1002.5,22.0,False,,low,0.9,NORMAL,33.1,1002.4,19.0,HEALTHY,replay,1.6,0.0
2025-03-19T15:00:00+00:00,AWS-VAR-102,32.7,1001.9,22.0,False,,low,0.7,NORMAL,33.3,1001.8,19.0,HEALTHY,replay,1.2,0.0
2025-03-19T16:00:00+00:00,AWS-VAR-102,32.0,1001.4,24.0,False,,low,0.8,NORMAL,33.0,1001.3,20.0,HEALTHY,replay,1.4,0.0
2025-03-19T17:00:00+00:00,AWS-VAR-102,29.2,1001.4,46.0,False,,low,7.6,NORMAL,31.6,1001.3,24.0,HEALTHY,replay,12.6,0.0
2025-03-19T18:00:00+00:00,AWS-VAR-102,26.3,1002.1,43.0,False,,low,4.1,NORMAL,30.2,1001.9,28.0,HEALTHY,replay,6.8,0.0
2025-03-19T19:00:00+00:00,AWS-VAR-102,25.5,1003.0,43.0,False,,low,0.5,NORMAL,28.5,1002.8,31.0,HEALTHY,replay,0.8,0.0
2025-03-19T20:00:00+00:00,AWS-VAR-102,24.6,1003.5,42.0,False,,low,0.4,NORMAL,27.2,1003.4,32.0,HEALTHY,replay,0.6,0.0
2025-03-19T21:00:00+00:00,AWS-VAR-102,23.8,1004.1,47.0,False,,low,0.3,NORMAL,26.5,1004.1,35.0,HEALTHY,replay,0.5,0.0
2025-03-19T22:00:00+00:00,AWS-VAR-102,22.9,1004.0,51.0,False,,low,0.2,NORMAL,26.1,1003.9,35.0,HEALTHY,replay,0.3,0.0
2025-03-19T23:00:00+00:00,AWS-VAR-102,22.4,1004.2,54.0,False,,low,0.3,NORMAL,25.3,1004.1,41.0,HEALTHY,replay,0.4,0.0
2025-03-20T00:00:00+00:00,AWS-VAR-102,21.8,1004.4,60.0,False,,low,0.4,NORMAL,24.2,1004.2,41.0,HEALTHY,replay,0.7,0.0
2025-03-20T01:00:00+00:00,AWS-VAR-102,21.1,1004.1,58.0,False,,low,0.3,NORMAL,23.2,1003.9,43.0,HEALTHY,replay,0.5,0.0
2025-03-20T02:00:00+00:00,AWS-VAR-102,20.5,1003.7,60.0,False,,low,0.2,NORMAL,21.9,1003.8,48.0,HEALTHY,replay,0.4,0.0
2025-03-20T03:00:00+00:00,AWS-VAR-102,20.0,1003.9,62.0,False,,low,0.3,NORMAL,21.5,1003.6,51.0,HEALTHY,replay,0.6,0.0
2025-03-20T04:00:00+00:00,AWS-VAR-102,19.8,1003.8,62.0,False,,low,0.6,NORMAL,20.8,1003.7,56.0,HEALTHY,replay,1.0,0.0
2025-03-20T05:00:00+00:00,AWS-VAR-102,19.4,1004.4,63.0,False,,low,0.6,NORMAL,20.5,1004.0,55.0,HEALTHY,replay,0.9,0.0
2025-03-20T06:00:00+00:00,AWS-VAR-102,20.5,1005.3,65.0,False,,low,0.6,NORMAL,21.2,1005.2,64.0,HEALTHY,replay,1.0,0.0
2025-03-20T07:00:00+00:00,AWS-VAR-102,22.9,1005.8,59.0,False,,low,0.3,NORMAL,23.2,1005.7,57.0,HEALTHY,replay,0.5,0.0
2025-03-20T08:00:00+00:00,AWS-VAR-102,25.5,1006.4,53.0,False,,low,0.4,NORMAL,25.9,1006.2,49.0,HEALTHY,replay,0.7,0.0
2025-03-20T09:00:00+00:00,AWS-VAR-102,28.1,1006.5,47.0,False,,low,0.6,NORMAL,29.2,1006.7,39.0,HEALTHY,replay,0.9,0.0
2025-03-20T10:00:00+00:00,AWS-VAR-102,30.1,1007.5,38.0,False,,low,1.9,NORMAL,30.2,1007.3,35.0,HEALTHY,replay,3.1,0.0
2025-03-20T11:00:00+00:00,AWS-VAR-102,31.8,1006.2,33.0,False,,low,1.0,NORMAL,32.5,1006.2,29.0,HEALTHY,replay,1.7,0.0
2025-03-20T12:00:00+00:00,AWS-VAR-102,32.9,1005.2,31.0,False,,low,0.9,NORMAL,33.3,1005.0,29.0,HEALTHY,replay,1.4,0.0
2025-03-20T13:00:00+00:00,AWS-VAR-102,33.2,1003.8,31.0,False,,low,1.0,NORMAL,33.8,1003.6,29.0,HEALTHY,replay,1.7,0.0
2025-03-20T14:00:00+00:00,AWS-VAR-102,32.7,1002.6,32.0,False,,low,1.9,NORMAL,34.0,1002.2,29.0,HEALTHY,replay,3.2,0.0
2025-03-20T15:00:00+00:00,AWS-VAR-102,31.6,1001.8,35.0,False,,low,1.0,NORMAL,33.2,1001.4,31.0,HEALTHY,replay,1.7,0.0
2025-03-20T16:00:00+00:00,AWS-VAR-102,28.5,1001.8,45.0,False,,low,5.4,NORMAL,30.0,1001.4,42.0,HEALTHY,replay,9.0,0.0
2025-03-20T17:00:00+00:00,AWS-VAR-102,27.4,1001.6,50.0,False,,low,0.6,NORMAL,29.1,1001.3,44.0,HEALTHY,replay,1.0,0.0
2025-03-20T18:00:00+00:00,AWS-VAR-102,26.4,1002.1,55.0,False,,low,0.3,NORMAL,27.9,1001.9,48.0,HEALTHY,replay,0.5,0.0
2025-03-20T19:00:00+00:00,AWS-VAR-102,26.3,1003.0,54.0,False,,low,0.2,NORMAL,27.6,1002.9,48.0,HEALTHY,replay,0.3,0.0
2025-03-20T20:00:00+00:00,AWS-VAR-102,25.6,1003.9,56.0,False,,low,0.2,NORMAL,26.9,1003.7,53.0,HEALTHY,replay,0.3,0.0
2025-03-20T21:00:00+00:00,AWS-VAR-102,25.1,1004.7,59.0,False,,low,0.2,NORMAL,26.1,1004.4,56.0,HEALTHY,replay,0.3,0.0
2025-03-20T22:00:00+00:00,AWS-VAR-102,24.6,1004.4,62.0,False,,low,0.2,NORMAL,25.4,1004.5,62.0,HEALTHY,replay,0.3,0.0
2025-03-20T23:00:00+00:00,AWS-VAR-102,23.2,1004.4,74.0,False,,low,1.0,NORMAL,24.3,1003.9,69.0,HEALTHY,replay,1.6,0.0
2025-03-21T00:00:00+00:00,AWS-VAR-102,23.0,1003.8,75.0,False,,low,0.3,NORMAL,24.1,1003.7,69.0,HEALTHY,replay,0.5,0.0
2025-03-21T01:00:00+00:00,AWS-VAR-102,22.4,1003.2,75.0,False,,low,0.2,NORMAL,23.9,1003.1,69.0,HEALTHY,replay,0.4,0.0
2025-03-21T02:00:00+00:00,AWS-VAR-102,22.3,1003.0,75.0,False,,low,0.2,NORMAL,23.4,1002.8,71.0,HEALTHY,replay,0.3,0.0
2025-03-21T03:00:00+00:00,AWS-VAR-102,22.2,1003.3,75.0,False,,low,0.2,NORMAL,22.8,1002.9,73.0,HEALTHY,replay,0.4,0.0
2025-03-21T04:00:00+00:00,AWS-VAR-102,22.2,1003.7,74.0,False,,low,0.3,NORMAL,22.9,1003.5,72.0,HEALTHY,replay,0.5,0.0
2025-03-21T05:00:00+00:00,AWS-VAR-102,22.2,1003.7,74.0,False,,low,0.9,NORMAL,22.8,1003.5,71.0,HEALTHY,replay,1.5,0.0
2025-03-21T06:00:00+00:00,AWS-VAR-102,22.6,1004.6,79.0,False,,low,0.4,NORMAL,22.7,1004.6,79.0,HEALTHY,replay,0.7,0.0
2025-03-21T07:00:00+00:00,AWS-VAR-102,23.3,1005.5,77.0,False,,low,0.3,NORMAL,24.1,1005.3,72.0,HEALTHY,replay,0.5,0.0
2025-03-21T08:00:00+00:00,AWS-VAR-102,25.6,1006.6,65.0,False,,low,1.5,NORMAL,26.3,1006.3,61.0,HEALTHY,replay,2.4,0.0
2025-03-21T09:00:00+00:00,AWS-VAR-102,26.7,1006.7,62.0,False,,low,0.3,NORMAL,27.1,1006.4,57.0,HEALTHY,replay,0.4,0.0
2025-03-21T10:00:00+00:00,AWS-VAR-102,29.7,1006.3,49.0,False,,low,2.1,NORMAL,30.6,1006.1,44.0,HEALTHY,replay,3.4,0.0
2025-03-21T11:00:00+00:00,AWS-VAR-102,31.6,1005.0,41.0,False,,low,2.1,NORMAL,31.5,1004.8,38.0,HEALTHY,replay,3.4,0.0
2025-03-21T12:00:00+00:00,AWS-VAR-102,32.5,1003.8,36.0,False,,low,2.7,NORMAL,33.1,1003.6,32.0,HEALTHY,replay,4.6,0.0
2025-03-21T13:00:00+00:00,AWS-VAR-102,31.3,1002.8,38.0,False,,low,1.8,NORMAL,32.0,1002.7,32.0,HEALTHY,replay,3.0,0.0
2025-03-21T14:00:00+00:00,AWS-VAR-102,31.2,1001.7,38.0,False,,low,1.7,NORMAL,31.8,1001.5,33.0,HEALTHY,replay,2.9,0.0
2025-03-21T15:00:00+00:00,AWS-VAR-102,27.4,1001.9,55.0,False,,low,12.0,NORMAL,30.3,1001.3,36.0,HEALTHY,replay,20.0,0.0
2025-03-21T16:00:00+00:00,AWS-VAR-102,27.9,1001.0,54.0,False,,low,1.8,NORMAL,30.2,1000.2,35.0,HEALTHY,replay,2.9,0.0
2025-03-21T17:00:00+00:00,AWS-VAR-102,27.5,1001.2,56.0,False,,low,0.6,NORMAL,28.9,1000.9,48.0,HEALTHY,replay,1.0,0.0
2025-03-21T18:00:00+00:00,AWS-VAR-102,28.1,1001.0,40.0,False,,low,12.2,NORMAL,29.4,1000.8,37.0,HEALTHY,replay,20.3,0.0
2025-03-21T19:00:00+00:00,AWS-VAR-102,26.8,1001.4,45.0,False,,low,0.9,NORMAL,27.8,1001.4,43.0,HEALTHY,replay,1.4,0.0
2025-03-21T20:00:00+00:00,AWS-VAR-102,26.5,1002.6,45.0,False,,low,0.7,NORMAL,27.2,1002.4,46.0,HEALTHY,replay,1.1,0.0
2025-03-21T21:00:00+00:00,AWS-VAR-102,25.1,1002.8,50.0,False,,low,0.3,NORMAL,26.1,1002.7,51.0,HEALTHY,replay,0.5,0.0
2025-03-21T22:00:00+00:00,AWS-VAR-102,24.5,1003.0,61.0,False,,low,0.7,NORMAL,24.6,1002.7,60.0,HEALTHY,replay,1.2,0.0
2025-03-21T23:00:00+00:00,AWS-VAR-102,23.2,1002.6,68.0,False,,low,0.5,NORMAL,23.3,1001.6,68.0,HEALTHY,replay,0.9,0.0
2025-03-22T00:00:00+00:00,AWS-VAR-102,22.1,1002.3,73.0,False,,low,0.5,NORMAL,21.4,1002.3,72.0,HEALTHY,replay,0.8,0.0
