timestamp,station_id,temperature_c,pressure_hpa,humidity_pct,is_anomaly,fault_type,severity,anomaly_score_pct,decision_basis,suggested_temperature_c,suggested_pressure_hpa,suggested_humidity_pct,health_status,source,model_confidence_pct,rule_confidence_pct
2026-09-22 06:45:00+00:00,AWS-DEL-011,33.9,985.9,45.0,False,,low,0.0,NORMAL,33.4,985.5,50.0,HEALTHY,live,,0.0
2026-09-22T07:00:00+00:00,AWS-DEL-011,34.1,985.6,44.0,False,,low,0.0,NORMAL,33.5,985.4,49.0,HEALTHY,live,,0.0
2025-01-01T00:00:00+00:00,AWS-DEL-011,8.3,994.3,100.0,False,,low,0.0,NORMAL,7.6,993.9,98.0,HEALTHY,replay,,0.0
2025-01-01T01:00:00+00:00,AWS-DEL-011,8.0,993.7,100.0,False,,low,0.0,NORMAL,7.1,993.2,100.0,HEALTHY,replay,,0.0
2025-01-01T02:00:00+00:00,AWS-DEL-011,7.8,993.3,100.0,False,,low,0.0,NORMAL,7.0,992.8,100.0,HEALTHY,replay,,0.0
2025-01-01T03:00:00+00:00,AWS-DEL-011,8.0,993.1,99.0,False,,low,0.0,NORMAL,7.3,992.6,100.0,HEALTHY,replay,,0.0
2025-01-01T04:00:00+00:00,AWS-DEL-011,7.7,992.9,98.0,False,,low,0.0,NORMAL,7.3,992.4,100.0,HEALTHY,replay,,0.0
2025-01-01T05:00:00+00:00,AWS-DEL-011,7.8,993.0,97.0,False,,low,0.0,NORMAL,7.5,992.4,99.0,HEALTHY,replay,,0.0
2025-01-01T06:00:00+00:00,AWS-DEL-011,8.4,993.7,96.0,False,,low,0.0,NORMAL,8.3,993.4,99.0,HEALTHY,replay,,0.0
2025-01-01T07:00:00+00:00,AWS-DEL-011,8.5,994.2,95.0,False,,low,0.0,NORMAL,8.3,993.7,99.0,HEALTHY,replay,,0.0
2025-01-01T08:00:00+00:00,AWS-DEL-011,8.9,994.7,93.0,False,,low,0.0,NORMAL,8.7,994.2,99.0,HEALTHY,replay,,0.0
2025-01-01T09:00:00+00:00,AWS-DEL-011,9.5,995.2,97.0,False,,low,0.0,NORMAL,9.9,994.9,94.0,HEALTHY,replay,,0.0
2025-01-01T10:00:00+00:00,AWS-DEL-011,11.3,995.4,89.0,False,,low,0.0,NORMAL,12.6,995.0,81.0,HEALTHY,replay,,0.0
2025-01-01T11:00:00+00:00,AWS-DEL-011,13.2,994.9,82.0,False,,low,0.0,NORMAL,14.1,994.5,76.0,HEALTHY,replay,,0.0
2025-01-01T12:00:00+00:00,AWS-DEL-011,14.6,993.8,78.0,False,,low,0.0,NORMAL,15.4,993.3,71.0,HEALTHY,replay,,0.0
2025-01-01T13:00:00+00:00,AWS-DEL-011,15.8,992.5,73.0,False,,low,0.0,NORMAL,16.4,992.1,68.0,HEALTHY,replay,,0.0
2025-01-01T14:00:00+00:00,AWS-DEL-011,16.6,991.7,71.0,False,,low,0.0,NORMAL,17.0,991.3,67.0,HEALTHY,replay,,0.0
2025-01-01T15:00:00+00:00,AWS-DEL-011,16.8,991.3,70.0,False,,low,0.0,NORMAL,17.1,990.9,67.0,HEALTHY,replay,,0.0
2025-01-01T16:00:00+00:00,AWS-DEL-011,16.3,991.3,73.0,False,,low,0.0,NORMAL,16.6,990.9,71.0,HEALTHY,replay,,0.0
2025-01-01T17:00:00+00:00,AWS-DEL-011,14.7,991.4,80.0,False,,low,0.0,NORMAL,14.1,990.9,81.0,HEALTHY,replay,,0.0
2025-01-01T18:00:00+00:00,AWS-DEL-011,12.2,993.0,86.0,False,,low,0.0,NORMAL,11.5,992.7,90.0,HEALTHY,replay,,0.0
2025-01-01T19:00:00+00:00,AWS-DEL-011,12.120238069363904,993.3,88.0,False,,low,0.0,NORMAL,10.9,992.9,91.0,HEALTHY,replay,,0.0
2025-01-01T20:00:00+00:00,AWS-DEL-011,12.038945824535809,993.7,90.0,False,,low,0.0,NORMAL,10.2,993.4,92.0,HEALTHY,replay,,0.0
2025-01-01T21:00:00+00:00,AWS-DEL-011,12.012826773260953,993.8,91.0,False,,low,0.0,NORMAL,9.6,993.4,94.0,HEALTHY,replay,,0.0
2025-01-01T22:00:00+00:00,AWS-DEL-011,12.006764228917756,993.6,93.0,False,,low,0.0,NORMAL,9.0,993.2,96.0,HEALTHY,replay,,0.0
2025-01-01T23:00:00+00:00,AWS-DEL-011,11.961255995694748,993.2,94.0,False,,low,0.0,NORMAL,8.7,992.8,97.0,HEALTHY,replay,,0.0
2025-01-02T00:00:00+00:00,AWS-DEL-011,11.987785836886244,992.5,95.0,False,,low,2.0,NORMAL,8.3,992.0,97.0,HEALTHY,replay,3.4,0.0
2025-01-02T01:00:00+00:00,AWS-DEL-011,12.05086205537269,991.8,96.0,False,,low,3.6,NORMAL,8.1,991.4,97.0,HEALTHY,replay,6.0,0.0
2025-01-02T02:00:00+00:00,AWS-DEL-011,12.004434384933903,991.5,96.0,False,,low,2.0,NORMAL,7.6,991.0,98.0,HEALTHY,replay,3.3,0.0
2025-01-02T03:00:00+00:00,AWS-DEL-011,8.5,991.4,97.0,False,,low,1.0,NORMAL,7.8,991.0,98.0,HEALTHY,replay,1.7,0.0
2025-01-02T04:00:00+00:00,AWS-DEL-011,8.5,991.3,97.0,False,,low,1.1,NORMAL,7.9,990.7,98.0,HEALTHY,replay,1.9,0.0
2025-01-02T05:00:00+00:00,AWS-DEL-011,8.8,991.5,97.0,False,,low,1.2,NORMAL,8.5,991.0,97.0,HEALTHY,replay,2.1,0.0
2025-01-02T06:00:00+00:00,AWS-DEL-011,8.7,992.4,97.0,False,,low,0.7,NORMAL,8.8,992.0,98.0,HEALTHY,replay,1.2,0.0
2025-01-02T07:00:00+00:00,AWS-DEL-011,8.7,992.7,96.0,False,,low,0.8,NORMAL,8.7,992.4,97.0,HEALTHY,replay,1.4,0.0
2025-01-02T08:00:00+00:00,AWS-DEL-011,9.9,993.7,93.0,False,,low,1.0,NORMAL,10.1,993.2,94.0,HEALTHY,replay,1.6,0.0
2025-01-02T09:00:00+00:00,AWS-DEL-011,11.7,994.5,90.0,False,,low,1.8,NORMAL,12.0,994.2,86.0,HEALTHY,replay,2.9,0.0
2025-01-02T10:00:00+00:00,AWS-DEL-011,13.6,994.8,82.0,False,,low,4.7,NORMAL,14.0,994.5,77.0,HEALTHY,replay,7.9,0.0
2025-01-02T11:00:00+00:00,AWS-DEL-011,15.2,994.3,76.0,False,,low,3.6,NORMAL,15.7,993.9,70.0,HEALTHY,replay,6.0,0.0
2025-01-02T12:00:00+00:00,AWS-DEL-011,16.5,993.5,71.0,False,,low,3.1,NORMAL,17.1,993.0,65.0,HEALTHY,replay,5.2,0.0
2025-01-02T13:00:00+00:00,AWS-DEL-011,17.6,992.6,66.0,False,,low,3.1,NORMAL,18.2,992.1,62.0,HEALTHY,replay,5.1,0.0
2025-01-02T14:00:00+00:00,AWS-DEL-011,18.2,992.5635316602544,65.0,False,,low,2.3,NORMAL,18.9,991.4,60.0,HEALTHY,replay,3.9,0.0
2025-01-02T15:00:00+00:00,AWS-DEL-011,18.2,992.534404105319,65.0,False,,low,3.1,NORMAL,18.9,991.3,61.0,HEALTHY,replay,5.1,0.0
2025-01-02T16:00:00+00:00,AWS-DEL-011,17.6,992.5784884806232,69.0,False,,low,2.0,NORMAL,18.0,991.4,68.0,HEALTHY,replay,3.4,0.0
2025-01-02T17:00:00+00:00,AWS-DEL-011,15.7,992.6024819137652,78.0,False,,low,1.9,NORMAL,15.4,991.2,77.0,HEALTHY,replay,3.2,0.0
2025-01-02T18:00:00+00:00,AWS-DEL-011,13.6,992.6145672356698,81.0,False,,low,2.1,NORMAL,13.0,992.3,83.0,HEALTHY,replay,3.4,0.0
2025-01-02T19:00:00+00:00,AWS-DEL-011,13.1,992.6136950475736,83.0,False,,low,0.5,NORMAL,12.5,992.3,85.0,HEALTHY,replay,0.9,0.0
2025-01-02T20:00:00+00:00,AWS-DEL-011,12.6,992.571742914178,84.0,False,,low,0.4,NORMAL,11.7,992.5,85.0,HEALTHY,replay,0.7,0.0
2025-01-02T21:00:00+00:00,AWS-DEL-011,11.8,993.2,87.0,False,,low,0.3,NORMAL,11.3,992.6,87.0,HEALTHY,replay,0.6,0.0
2025-01-02T22:00:00+00:00,AWS-DEL-011,11.0,993.3,90.0,False,,low,0.3,NORMAL,10.0,992.9,91.0,HEALTHY,replay,0.5,0.0
2025-01-02T23:00:00+00:00,AWS-DEL-011,10.2,992.8,92.0,False,,low,0.4,NORMAL,9.5,992.6,93.0,HEALTHY,replay,0.7,0.0
2025-01-03T00:00:00+00:00,AWS-DEL-011,9.7,992.4,93.0,False,,low,0.4,NORMAL,9.0,992.1,94.0,HEALTHY,replay,0.7,0.0
2025-01-03T01:00:00+00:00,AWS-DEL-011,9.4,992.0,93.0,False,,low,0.3,NORMAL,8.7,991.8,95.0,HEALTHY,replay,0.6,0.0
2025-01-03T02:00:00+00:00,AWS-DEL-011,9.0,991.6,94.0,False,,low,0.3,NORMAL,8.2,991.4,97.0,HEALTHY,replay,0.5,0.0
2025-01-03T03:00:00+00:00,AWS-DEL-011,9.2,991.6,94.0,False,,low,0.3,NORMAL,8.3,991.1,97.0,HEALTHY,replay,0.5,0.0
2025-01-03T04:00:00+00:00,AWS-DEL-011,8.9,991.6,96.0,False,,low,0.5,NORMAL,8.1,991.3,97.0,HEALTHY,replay,0.8,0.0
2025-01-03T05:00:00+00:00,AWS-DEL-011,8.6,991.8,98.0,False,,low,1.0,NORMAL,7.9,991.4,97.0,HEALTHY,replay,1.7,0.0
2025-01-03T06:00:00+00:00,AWS-DEL-011,9.3,992.5,99.0,False,,low,0.7,NORMAL,8.7,992.2,100.0,HEALTHY,replay,1.2,0.0
2025-01-03T07:00:00+00:00,AWS-DEL-011,9.2,993.1,96.0,False,,low,0.5,NORMAL,8.2,992.6,100.0,HEALTHY,replay,0.8,0.0
2025-01-03T08:00:00+00:00,AWS-DEL-011,9.8,994.1,96.0,False,,low,0.7,NORMAL,9.7,993.9,98.0,HEALTHY,replay,1.2,0.0
2025-01-03T09:00:00+00:00,AWS-DEL-011,11.0,994.9,95.0,False,,low,1.2,NORMAL,10.8,994.9,97.0,HEALTHY,replay,2.0,0.0
2025-01-03T10:00:00+00:00,AWS-DEL-011,12.8,995.3,92.0,False,,low,1.2,NORMAL,13.8,995.2,86.0,HEALTHY,replay,2.1,0.0
2025-01-03T11:00:00+00:00,AWS-DEL-011,15.2,994.8,82.0,False,,low,2.5,NORMAL,16.2,994.5,74.0,HEALTHY,replay,4.1,0.0
2025-01-03T12:00:00+00:00,AWS-DEL-011,17.3,993.6,72.0,False,,low,2.9,NORMAL,18.0,993.3,66.0,HEALTHY,replay,4.9,0.0
2025-01-03T13:00:00+00:00,AWS-DEL-011,18.7,992.7,64.0,False,,low,3.9,NORMAL,19.4,992.3,59.0,HEALTHY,replay,6.5,0.0
2025-01-03T14:00:00+00:00,AWS-DEL-011,19.4,991.9,62.0,False,,low,3.2,NORMAL,20.1,991.5,58.0,HEALTHY,replay,5.3,0.0
2025-01-03T15:00:00+00:00,AWS-DEL-011,19.6,991.4,61.0,False,,low,2.4,NORMAL,20.0,991.0,60.0,HEALTHY,replay,4.0,0.0
2025-01-03T16:00:00+00:00,AWS-DEL-011,19.0,990.9,70.0,False,,low,2.3,NORMAL,19.0,990.6,70.0,HEALTHY,replay,3.8,0.0
2025-01-03T17:00:00+00:00,AWS-DEL-011,16.7,990.8,78.0,False,,low,1.4,NORMAL,16.2,990.4,80.0,HEALTHY,replay,2.3,0.0
2025-01-03T18:00:00+00:00,AWS-DEL-011,14.7,991.7,82.0,False,,low,1.0,NORMAL,13.8,991.3,82.0,HEALTHY,replay,1.6,0.0
2026-09-22T07:00:00+00:00,AWS-DEL-011,34.1,985.6,44.0,True,spike,high,89.9,FUSED_CONSENSUS,33.5,985.4,49.0,HEALTHY,live,,89.9
2026-09-22T07:30:00+00:00,AWS-DEL-011,35.7,984.4,37.0,False,,low,0.0,NORMAL,34.1,984.1,45.0,HEALTHY,live,,0.0
2025-01-01T00:00:00+00:00,AWS-DEL-011,8.3,994.3,100.0,False,,low,0.0,NORMAL,7.6,993.9,98.0,HEALTHY,replay,,0.0
2025-01-01T01:00:00+00:00,AWS-DEL-011,8.0,993.7,100.0,False,,low,0.0,NORMAL,7.1,993.2,100.0,HEALTHY,replay,,0.0
2025-01-01T02:00:00+00:00,AWS-DEL-011,7.8,993.3,100.0,False,,low,0.0,NORMAL,7.0,992.8,100.0,HEALTHY,replay,,0.0
2025-01-01T03:00:00+00:00,AWS-DEL-011,8.0,993.1,99.0,False,,low,0.0,NORMAL,7.3,992.6,100.0,HEALTHY,replay,,0.0
2025-01-01T04:00:00+00:00,AWS-DEL-011,7.7,992.9,98.0,False,,low,0.0,NORMAL,7.3,992.4,100.0,HEALTHY,replay,,0.0
2025-01-01T05:00:00+00:00,AWS-DEL-011,7.8,993.0,97.0,False,,low,0.0,NORMAL,7.5,992.4,99.0,HEALTHY,replay,,0.0
2025-01-01T06:00:00+00:00,AWS-DEL-011,8.4,993.7,96.0,False,,low,0.0,NORMAL,8.3,993.4,99.0,HEALTHY,replay,,0.0
2025-01-01T07:00:00+00:00,AWS-DEL-011,8.5,994.2,95.0,False,,low,0.0,NORMAL,8.3,993.7,99.0,HEALTHY,replay,,0.0
2025-01-01T08:00:00+00:00,AWS-DEL-011,8.9,994.7,93.0,False,,low,0.0,NORMAL,8.7,994.2,99.0,HEALTHY,replay,,0.0
2025-01-01T09:00:00+00:00,AWS-DEL-011,9.5,995.2,97.0,False,,low,0.0,NORMAL,9.9,994.9,94.0,HEALTHY,replay,,0.0
2025-01-01T10:00:00+00:00,AWS-DEL-011,11.3,995.4,89.0,False,,low,0.0,NORMAL,12.6,995.0,81.0,HEALTHY,replay,,0.0
2025-01-01T11:00:00+00:00,AWS-DEL-011,13.2,994.9,82.0,False,,low,0.0,NORMAL,14.1,994.5,76.0,HEALTHY,replay,,0.0
2025-01-01T12:00:00+00:00,AWS-DEL-011,14.6,993.8,78.0,False,,low,0.0,NORMAL,15.4,993.3,71.0,HEALTHY,replay,,0.0
2025-01-01T13:00:00+00:00,AWS-DEL-011,15.8,992.5,73.0,False,,low,0.0,NORMAL,16.4,992.1,68.0,HEALTHY,replay,,0.0
2025-01-01T14:00:00+00:00,AWS-DEL-011,16.6,991.7,71.0,False,,low,0.0,NORMAL,17.0,991.3,67.0,HEALTHY,replay,,0.0
2025-01-01T15:00:00+00:00,AWS-DEL-011,16.8,991.3,70.0,False,,low,0.0,NORMAL,17.1,990.9,67.0,HEALTHY,replay,,0.0
2025-01-01T16:00:00+00:00,AWS-DEL-011,16.3,991.3,73.0,False,,low,0.0,NORMAL,16.6,990.9,71.0,HEALTHY,replay,,0.0
2025-01-01T17:00:00+00:00,AWS-DEL-011,14.7,991.4,80.0,False,,low,0.0,NORMAL,14.1,990.9,81.0,HEALTHY,replay,,0.0
2025-01-01T18:00:00+00:00,AWS-DEL-011,12.2,993.0,86.0,False,,low,0.0,NORMAL,11.5,992.7,90.0,HEALTHY,replay,,0.0
2025-01-01T19:00:00+00:00,AWS-DEL-011,12.120238069363904,993.3,88.0,False,,low,0.0,NORMAL,10.9,992.9,91.0,HEALTHY,replay,,0.0
2025-01-01T20:00:00+00:00,AWS-DEL-011,12.038945824535809,993.7,90.0,False,,low,0.0,NORMAL,10.2,993.4,92.0,HEALTHY,replay,,0.0
2025-01-01T21:00:00+00:00,AWS-DEL-011,12.012826773260953,993.8,91.0,False,,low,0.0,NORMAL,9.6,993.4,94.0,HEALTHY,replay,,0.0
2025-01-01T22:00:00+00:00,AWS-DEL-011,12.006764228917756,993.6,93.0,False,,low,0.0,NORMAL,9.0,993.2,96.0,HEALTHY,replay,,0.0
2025-01-01T23:00:00+00:00,AWS-DEL-011,11.961255995694748,993.2,94.0,False,,low,0.0,NORMAL,8.7,992.8,97.0,HEALTHY,replay,,0.0
2025-01-02T00:00:00+00:00,AWS-DEL-011,11.987785836886244,992.5,95.0,False,,low,2.0,NORMAL,8.3,992.0,97.0,HEALTHY,replay,3.4,0.0
2025-01-02T01:00:00+00:00,AWS-DEL-011,12.05086205537269,991.8,96.0,False,,low,3.6,NORMAL,8.1,991.4,97.0,HEALTHY,replay,6.0,0.0
2025-01-02T02:00:00+00:00,AWS-DEL-011,12.004434384933903,991.5,96.0,False,,low,2.0,NORMAL,7.6,991.0,98.0,HEALTHY,replay,3.3,0.0
2025-01-02T03:00:00+00:00,AWS-DEL-011,8.5,991.4,97.0,False,,low,1.0,NORMAL,7.8,991.0,98.0,HEALTHY,replay,1.7,0.0
2025-01-02T04:00:00+00:00,AWS-DEL-011,8.5,991.3,97.0,False,,low,1.1,NORMAL,7.9,990.7,98.0,HEALTHY,replay,1.9,0.0
2025-01-02T05:00:00+00:00,AWS-DEL-011,8.8,991.5,97.0,False,,low,1.2,NORMAL,8.5,991.0,97.0,HEALTHY,replay,2.1,0.0
2025-01-02T06:00:00+00:00,AWS-DEL-011,8.7,992.4,97.0,False,,low,0.7,NORMAL,8.8,992.0,98.0,HEALTHY,replay,1.2,0.0
2025-01-02T07:00:00+00:00,AWS-DEL-011,8.7,992.7,96.0,False,,low,0.8,NORMAL,8.7,992.4,97.0,HEALTHY,replay,1.4,0.0
2025-01-02T08:00:00+00:00,AWS-DEL-011,9.9,993.7,93.0,False,,low,1.0,NORMAL,10.1,993.2,94.0,HEALTHY,replay,1.6,0.0
2025-01-02T09:00:00+00:00,AWS-DEL-011,11.7,994.5,90.0,False,,low,1.8,NORMAL,12.0,994.2,86.0,HEALTHY,replay,2.9,0.0
2025-01-02T10:00:00+00:00,AWS-DEL-011,13.6,994.8,82.0,False,,low,4.7,NORMAL,14.0,994.5,77.0,HEALTHY,replay,7.9,0.0
2025-01-02T11:00:00+00:00,AWS-DEL-011,15.2,994.3,76.0,False,,low,3.6,NORMAL,15.7,993.9,70.0,HEALTHY,replay,6.0,0.0
2025-01-02T12:00:00+00:00,AWS-DEL-011,16.5,993.5,71.0,False,,low,3.1,NORMAL,17.1,993.0,65.0,HEALTHY,replay,5.2,0.0
2025-01-02T13:00:00+00:00,AWS-DEL-011,17.6,992.6,66.0,False,,low,3.1,NORMAL,18.2,992.1,62.0,HEALTHY,replay,5.1,0.0
2025-01-02T14:00:00+00:00,AWS-DEL-011,18.2,992.5635316602544,65.0,False,,low,2.3,NORMAL,18.9,991.4,60.0,HEALTHY,replay,3.9,0.0
2025-01-02T15:00:00+00:00,AWS-DEL-011,18.2,992.534404105319,65.0,False,,low,3.1,NORMAL,18.9,991.3,61.0,HEALTHY,replay,5.1,0.0
2025-01-02T16:00:00+00:00,AWS-DEL-011,17.6,992.5784884806232,69.0,False,,low,2.0,NORMAL,18.0,991.4,68.0,HEALTHY,replay,3.4,0.0
2025-01-02T17:00:00+00:00,AWS-DEL-011,15.7,992.6024819137652,78.0,False,,low,1.9,NORMAL,15.4,991.2,77.0,HEALTHY,replay,3.2,0.0
2025-01-02T18:00:00+00:00,AWS-DEL-011,13.6,992.6145672356698,81.0,False,,low,2.1,NORMAL,13.0,992.3,83.0,HEALTHY,replay,3.4,0.0
2025-01-02T19:00:00+00:00,AWS-DEL-011,13.1,992.6136950475736,83.0,False,,low,0.5,NORMAL,12.5,992.3,85.0,HEALTHY,replay,0.9,0.0
2025-01-02T20:00:00+00:00,AWS-DEL-011,12.6,992.571742914178,84.0,False,,low,0.4,NORMAL,11.7,992.5,85.0,HEALTHY,replay,0.7,0.0
2025-01-02T21:00:00+00:00,AWS-DEL-011,11.8,993.2,87.0,False,,low,0.3,NORMAL,11.3,992.6,87.0,HEALTHY,replay,0.6,0.0
2025-01-02T22:00:00+00:00,AWS-DEL-011,11.0,993.3,90.0,False,,low,0.3,NORMAL,10.0,992.9,91.0,HEALTHY,replay,0.5,0.0
2025-01-02T23:00:00+00:00,AWS-DEL-011,10.2,992.8,92.0,False,,low,0.4,NORMAL,9.5,992.6,93.0,HEALTHY,replay,0.7,0.0
2025-01-03T00:00:00+00:00,AWS-DEL-011,9.7,992.4,93.0,False,,low,0.4,NORMAL,9.0,992.1,94.0,HEALTHY,replay,0.7,0.0
2025-01-03T01:00:00+00:00,AWS-DEL-011,9.4,992.0,93.0,False,,low,0.3,NORMAL,8.7,991.8,95.0,HEALTHY,replay,0.6,0.0
2025-01-03T02:00:00+00:00,AWS-DEL-011,9.0,991.6,94.0,False,,low,0.3,NORMAL,8.2,991.4,97.0,HEALTHY,replay,0.5,0.0
2025-01-03T03:00:00+00:00,AWS-DEL-011,9.2,991.6,94.0,False,,low,0.3,NORMAL,8.3,991.1,97.0,HEALTHY,replay,0.5,0.0
2025-01-03T04:00:00+00:00,AWS-DEL-011,8.9,991.6,96.0,False,,low,0.5,NORMAL,8.1,991.3,97.0,HEALTHY,replay,0.8,0.0
2025-01-03T05:00:00+00:00,AWS-DEL-011,8.6,991.8,98.0,False,,low,1.0,NORMAL,7.9,991.4,97.0,HEALTHY,replay,1.7,0.0
2025-01-03T06:00:00+00:00,AWS-DEL-011,9.3,992.5,99.0,False,,low,0.7,NORMAL,8.7,992.2,100.0,HEALTHY,replay,1.2,0.0
2025-01-03T07:00:00+00:00,AWS-DEL-011,9.2,993.1,96.0,False,,low,0.5,NORMAL,8.2,992.6,100.0,HEALTHY,replay,0.8,0.0
2025-01-03T08:00:00+00:00,AWS-DEL-011,9.8,994.1,96.0,False,,low,0.7,NORMAL,9.7,993.9,98.0,HEALTHY,replay,1.2,0.0
2025-01-03T09:00:00+00:00,AWS-DEL-011,11.0,994.9,95.0,False,,low,1.2,NORMAL,10.8,994.9,97.0,HEALTHY,replay,2.0,0.0
2025-01-03T10:00:00+00:00,AWS-DEL-011,12.8,995.3,92.0,False,,low,1.2,NORMAL,13.8,995.2,86.0,HEALTHY,replay,2.1,0.0
2025-01-03T11:00:00+00:00,AWS-DEL-011,15.2,994.8,82.0,False,,low,2.5,NORMAL,16.2,994.5,74.0,HEALTHY,replay,4.1,0.0
2025-01-03T12:00:00+00:00,AWS-DEL-011,17.3,993.6,72.0,False,,low,2.9,NORMAL,18.0,993.3,66.0,HEALTHY,replay,4.9,0.0
2025-01-03T13:00:00+00:00,AWS-DEL-011,18.7,992.7,64.0,False,,low,3.9,NORMAL,19.4,992.3,59.0,HEALTHY,replay,6.5,0.0
2025-01-03T14:00:00+00:00,AWS-DEL-011,19.4,991.9,62.0,False,,low,3.2,NORMAL,20.1,991.5,58.0,HEALTHY,replay,5.3,0.0
2025-01-03T15:00:00+00:00,AWS-DEL-011,19.6,991.4,61.0,False,,low,2.4,NORMAL,20.0,991.0,60.0,HEALTHY,replay,4.0,0.0
2025-01-03T16:00:00+00:00,AWS-DEL-011,19.0,990.9,70.0,False,,low,2.3,NORMAL,19.0,990.6,70.0,HEALTHY,replay,3.8,0.0
2025-01-03T17:00:00+00:00,AWS-DEL-011,16.7,990.8,78.0,False,,low,1.4,NORMAL,16.2,990.4,80.0,HEALTHY,replay,2.3,0.0
2025-01-03T18:00:00+00:00,AWS-DEL-011,14.7,991.7,82.0,False,,low,1.0,NORMAL,13.8,991.3,82.0,HEALTHY,replay,1.6,0.0
2025-01-03T19:00:00+00:00,AWS-DEL-011,13.7,991.8,86.0,False,,low,0.3,NORMAL,13.0,991.3,86.0,HEALTHY,replay,0.6,0.0
2025-01-03T20:00:00+00:00,AWS-DEL-011,12.8,991.9,89.0,False,,low,0.2,NORMAL,12.1,991.4,88.0,HEALTHY,replay,0.4,0.0
2025-01-03T21:00:00+00:00,AWS-DEL-011,12.0,991.8,90.0,False,,low,0.3,NORMAL,11.5,991.4,90.0,HEALTHY,replay,0.5,0.0
2025-01-03T22:00:00+00:00,AWS-DEL-011,11.4,991.4,91.0,False,,low,0.2,NORMAL,10.9,991.0,92.0,HEALTHY,replay,0.4,0.0
2025-01-03T23:00:00+00:00,AWS-DEL-011,10.9,991.0,91.0,False,,low,0.2,NORMAL,10.2,990.7,94.0,HEALTHY,replay,0.4,0.0
2025-01-04T00:00:00+00:00,AWS-DEL-011,10.3,990.5,92.0,False,,low,0.2,NORMAL,9.6,990.1,95.0,HEALTHY,replay,0.3,0.0
2025-01-04T01:00:00+00:00,AWS-DEL-011,9.7,990.1,95.0,False,,low,0.2,NORMAL,9.3,989.8,94.0,HEALTHY,replay,0.4,0.0
2025-01-04T02:00:00+00:00,AWS-DEL-011,9.3,989.6,97.0,False,,low,0.3,NORMAL,8.7,989.3,93.0,HEALTHY,replay,0.6,0.0
2025-01-04T03:00:00+00:00,AWS-DEL-011,9.0,989.1,96.0,False,,low,0.8,NORMAL,8.3,988.8,96.0,HEALTHY,replay,1.4,0.0
2025-01-04T04:00:00+00:00,AWS-DEL-011,8.4,988.8,97.0,False,,low,1.1,NORMAL,7.7,988.5,99.0,HEALTHY,replay,1.8,0.0
2025-01-04T05:00:00+00:00,AWS-DEL-011,8.6,989.0,99.0,False,,low,2.3,NORMAL,7.2,988.7,100.0,HEALTHY,replay,3.9,0.0
2025-01-04T06:00:00+00:00,AWS-DEL-011,9.0,990.2,98.0,False,,low,1.1,NORMAL,7.9,989.9,100.0,HEALTHY,replay,1.9,0.0
2025-01-04T07:00:00+00:00,AWS-DEL-011,9.2,990.9,98.0,False,,low,1.1,NORMAL,8.2,990.5,99.0,HEALTHY,replay,1.8,0.0
2025-01-04T08:00:00+00:00,AWS-DEL-011,10.0,991.7,98.0,False,,low,1.3,NORMAL,9.1,991.6,98.0,HEALTHY,replay,2.1,0.0
2025-01-04T09:00:00+00:00,AWS-DEL-011,11.9,992.5,97.0,False,,low,2.1,NORMAL,10.9,992.3,96.0,HEALTHY,replay,3.6,0.0
2025-01-04T10:00:00+00:00,AWS-DEL-011,14.4,992.7,91.0,False,,low,2.1,NORMAL,11.8,992.5,92.0,HEALTHY,replay,3.5,0.0
2025-01-04T11:00:00+00:00,AWS-DEL-011,17.0,992.2,82.0,False,,low,2.6,NORMAL,14.5,992.3,88.0,HEALTHY,replay,4.4,0.0
2025-01-04T12:00:00+00:00,AWS-DEL-011,19.3,991.2,74.0,False,,low,7.1,NORMAL,17.3,991.2,75.0,HEALTHY,replay,11.8,0.0
2025-01-04T13:00:00+00:00,AWS-DEL-011,20.4,990.2,70.0,False,,low,5.8,NORMAL,19.3,990.1,67.0,HEALTHY,replay,9.6,0.0
2025-01-04T14:00:00+00:00,AWS-DEL-011,21.0,989.3,69.0,False,,low,7.4,NORMAL,20.3,989.2,64.0,HEALTHY,replay,12.4,0.0
2025-01-04T15:00:00+00:00,AWS-DEL-011,21.1,988.9,69.0,False,,low,4.9,NORMAL,20.5,988.8,65.0,HEALTHY,replay,8.2,0.0
2025-01-04T16:00:00+00:00,AWS-DEL-011,20.3,988.6,74.0,False,,low,2.2,NORMAL,19.6,988.5,74.0,HEALTHY,replay,3.7,0.0
2025-01-04T17:00:00+00:00,AWS-DEL-011,17.7,988.6,84.0,False,,low,3.4,NORMAL,16.5,988.4,84.0,HEALTHY,replay,5.6,0.0
2025-01-04T18:00:00+00:00,AWS-DEL-011,14.5,989.8,86.0,False,,low,3.2,NORMAL,13.1,989.6,90.0,HEALTHY,replay,5.4,0.0
2025-01-04T19:00:00+00:00,AWS-DEL-011,13.9,990.4,89.0,False,,low,0.7,NORMAL,12.3,990.1,93.0,HEALTHY,replay,1.2,0.0
2025-01-04T20:00:00+00:00,AWS-DEL-011,13.2,990.8,92.0,False,,low,0.2,NORMAL,11.6,990.7,95.0,HEALTHY,replay,0.4,0.0
2025-01-04T21:00:00+00:00,AWS-DEL-011,12.6,991.0,94.0,False,,low,0.1,NORMAL,10.7,990.7,97.0,HEALTHY,replay,0.2,0.0
2025-01-04T22:00:00+00:00,AWS-DEL-011,12.0,990.7,95.0,False,,low,0.2,NORMAL,10.1,990.4,98.0,HEALTHY,replay,0.3,0.0
2025-01-04T23:00:00+00:00,AWS-DEL-011,11.1,990.3,96.0,False,,low,0.2,NORMAL,9.6,990.0,98.0,HEALTHY,replay,0.4,0.0
2025-01-05T00:00:00+00:00,AWS-DEL-011,10.4,989.8,96.0,False,,low,0.2,NORMAL,9.0,989.5,98.0,HEALTHY,replay,0.4,0.0
2025-01-05T01:00:00+00:00,AWS-DEL-011,9.3,989.4,97.0,False,,low,0.2,NORMAL,8.2,989.2,98.0,HEALTHY,replay,0.3,0.0
2025-01-05T02:00:00+00:00,AWS-DEL-011,9.3,989.3,98.0,False,,low,0.2,NORMAL,7.7,988.9,100.0,HEALTHY,replay,0.4,0.0
2025-01-05T03:00:00+00:00,AWS-DEL-011,9.2,989.4,98.0,False,,low,0.4,NORMAL,7.3,989.0,100.0,HEALTHY,replay,0.6,0.0
2025-01-05T04:00:00+00:00,AWS-DEL-011,9.3,989.4,99.0,False,,low,0.5,NORMAL,7.0,989.0,100.0,HEALTHY,replay,0.8,0.0
2025-01-05T05:00:00+00:00,AWS-DEL-011,9.9,989.7,100.0,False,,low,0.9,NORMAL,7.2,989.3,100.0,HEALTHY,replay,1.4,0.0
2025-01-05T06:00:00+00:00,AWS-DEL-011,9.9,990.6,98.0,False,,low,0.4,NORMAL,8.1,990.2,99.0,HEALTHY,replay,0.7,0.0
2025-01-05T07:00:00+00:00,AWS-DEL-011,9.7,991.1,98.0,False,,low,0.4,NORMAL,8.5,991.0,100.0,HEALTHY,replay,0.6,0.0
2025-01-05T08:00:00+00:00,AWS-DEL-011,9.7,991.9,97.0,False,,low,0.3,NORMAL,9.1,991.8,98.0,OFFLINE,replay,0.4,0.0
2025-01-05T09:00:00+00:00,AWS-DEL-011,10.1,992.7,97.0,False,,low,0.6,NORMAL,10.1,992.7,97.0,OFFLINE,replay,0.9,0.0
2025-01-05T10:00:00+00:00,AWS-DEL-011,11.7,993.0,91.0,False,,low,1.4,NORMAL,11.9,992.9,89.0,OFFLINE,replay,2.4,0.0
2025-01-05T11:00:00+00:00,AWS-DEL-011,14.0,992.4,84.0,False,,low,9.5,NORMAL,14.5,992.4,81.0,HEALTHY,replay,15.8,0.0
2025-01-05T12:00:00+00:00,AWS-DEL-011,15.7,991.3,79.0,False,,low,2.5,NORMAL,16.4,991.3,75.0,OFFLINE,replay,4.2,0.0
2025-01-05T13:00:00+00:00,AWS-DEL-011,17.1,990.3,75.0,False,,low,26.6,NORMAL,17.7,990.2,71.0,OFFLINE,replay,44.4,0.0
2025-01-05T14:00:00+00:00,AWS-DEL-011,17.9,989.7,71.0,False,,low,31.0,NORMAL,18.5,989.6,68.0,OFFLINE,replay,51.7,0.0
2025-01-05T15:00:00+00:00,AWS-DEL-011,18.1,989.3,71.0,False,,low,36.2,NORMAL,18.6,989.2,67.0,HEALTHY,replay,60.4,0.0
2025-01-05T16:00:00+00:00,AWS-DEL-011,17.6,988.9,74.0,False,,low,9.5,NORMAL,17.9,988.9,72.0,WARNING,replay,15.9,0.0
2025-01-05T17:00:00+00:00,AWS-DEL-011,16.0,973.1903784303872,81.0,True,spike,high,81.3,FUSED_CONSENSUS,15.5,988.6,84.0,WARNING,replay,75.9,89.5
2025-01-05T18:00:00+00:00,AWS-DEL-011,13.8,984.4395007998852,87.0,True,drift,high,87.2,RULE_ENGINE_BYPASS,13.2,989.4,91.0,WARNING,replay,84.9,90.8
2025-01-05T19:00:00+00:00,AWS-DEL-011,13.2,988.2718101236892,90.0,False,,low,11.1,NORMAL,12.2,989.7,93.0,WARNING,replay,18.5,0.0
2025-01-05T20:00:00+00:00,AWS-DEL-011,12.6,990.1212497410102,91.0,False,,low,2.9,NORMAL,11.5,990.5,94.0,WARNING,replay,4.8,0.0
2025-01-05T21:00:00+00:00,AWS-DEL-011,12.2,990.8061834137138,92.0,False,,low,3.5,NORMAL,11.1,990.8,95.0,WARNING,replay,5.8,0.0
2025-01-05T22:00:00+00:00,AWS-DEL-011,11.5,991.2,94.0,False,,low,1.3,NORMAL,10.6,990.9,95.0,WARNING,replay,2.1,0.0
2025-01-05T23:00:00+00:00,AWS-DEL-011,5.0,999.4090007120112,95.0,True,drift,critical,95.0,RULE_ENGINE_BYPASS,9.7,990.7,96.0,OFFLINE,replay,97.4,91.3
2025-01-06T00:00:00+00:00,AWS-DEL-011,5.0,997.5290676308248,82.06332889666407,True,drift,critical,95.7,RULE_ENGINE_BYPASS,9.3,990.4,97.0,OFFLINE,replay,98.7,91.3
2025-01-06T01:00:00+00:00,AWS-DEL-011,5.0,997.5848717181992,95.0,True,drift,critical,91.5,RULE_ENGINE_BYPASS,9.0,990.1,99.0,OFFLINE,replay,91.6,91.3
2025-01-06T02:00:00+00:00,AWS-DEL-011,16.164079601998516,982.8712966100773,95.0,True,unstructured_anomaly,critical,90.7,ML_MODEL_ISOLATION,8.3,989.9,100.0,OFFLINE,replay,90.7,0.0
2025-01-06T03:00:00+00:00,AWS-DEL-011,5.0,997.0239109164504,82.79493753484604,True,drift,critical,95.3,RULE_ENGINE_BYPASS,8.9,989.1,99.0,OFFLINE,replay,97.9,91.3
2025-01-06T04:00:00+00:00,AWS-DEL-011,16.074778531661185,981.3523620488452,95.0,True,unstructured_anomaly,critical,91.1,ML_MODEL_ISOLATION,8.5,988.9,100.0,OFFLINE,replay,91.1,0.0
2025-01-06T05:00:00+00:00,AWS-DEL-011,15.445312296463191,981.560703083408,95.0,True,unstructured_anomaly,critical,92.0,ML_MODEL_ISOLATION,8.6,989.9,100.0,OFFLINE,replay,92.0,0.0
2025-01-06T06:00:00+00:00,AWS-DEL-011,9.9,991.1,100.0,False,,low,6.6,NORMAL,9.7,990.7,99.0,WARNING,replay,11.0,0.0
2025-01-06T07:00:00+00:00,AWS-DEL-011,10.6,991.4,98.0,False,,low,4.4,NORMAL,10.1,992.1,99.0,OFFLINE,replay,7.4,0.0
2025-01-06T08:00:00+00:00,AWS-DEL-011,10.9,992.3,98.0,False,,low,5.7,NORMAL,10.5,991.3,98.0,OFFLINE,replay,9.5,0.0
2025-01-06T09:00:00+00:00,AWS-DEL-011,12.5,993.7,92.0,False,,low,14.6,NORMAL,11.7,993.6,95.0,OFFLINE,replay,24.3,0.0
2025-01-06T10:00:00+00:00,AWS-DEL-011,49.98755699651475,993.9,88.0,True,spike,critical,92.0,MODEL_OVERRIDE,13.4,993.6,89.0,OFFLINE,replay,93.5,89.8
2025-01-06T11:00:00+00:00,AWS-DEL-011,15.7,993.2,81.0,False,,low,30.6,NORMAL,15.0,993.1,80.0,OFFLINE,replay,51.0,0.0
2025-01-06T12:00:00+00:00,AWS-DEL-011,16.8,976.9259048572998,77.0,True,spike,critical,93.8,MODEL_OVERRIDE,16.7,992.2,73.0,OFFLINE,replay,96.5,89.9
2025-01-06T13:00:00+00:00,AWS-DEL-011,17.5,985.2311497597352,74.0,False,,low,52.1,NORMAL,17.7,991.3,68.0,WARNING,replay,86.8,0.0
2025-01-06T14:00:00+00:00,AWS-DEL-011,17.9,988.4438506481126,71.0,False,,low,3.5,NORMAL,18.3,990.7,65.0,WARNING,replay,5.8,0.0
2025-01-06T15:00:00+00:00,AWS-DEL-011,18.0,989.7577196361804,73.0,False,,low,6.5,NORMAL,18.4,990.4,66.0,WARNING,replay,10.9,0.0
2025-01-06T16:00:00+00:00,AWS-DEL-011,17.4,990.0750059142664,75.0,False,,low,2.8,NORMAL,17.8,990.0,70.0,WARNING,replay,4.7,0.0
2025-01-06T17:00:00+00:00,AWS-DEL-011,16.1,990.5,80.0,False,,low,1.5,NORMAL,15.7,990.0,82.0,WARNING,replay,2.6,0.0
2025-01-06T18:00:00+00:00,AWS-DEL-011,14.2,991.5,86.0,False,,low,1.8,NORMAL,13.7,991.1,87.0,OFFLINE,replay,2.9,0.0
2025-01-06T19:00:00+00:00,AWS-DEL-011,13.6,991.7,87.0,False,,low,1.6,NORMAL,13.1,991.2,89.0,OFFLINE,replay,2.7,0.0
2025-01-06T20:00:00+00:00,AWS-DEL-011,13.5,992.1,87.0,False,,low,4.3,NORMAL,12.4,991.7,91.0,OFFLINE,replay,7.2,0.0
2025-01-06T21:00:00+00:00,AWS-DEL-011,13.0,992.5,88.0,False,,low,11.2,NORMAL,11.8,991.9,92.0,OFFLINE,replay,18.6,0.0
2025-01-06T22:00:00+00:00,AWS-DEL-011,12.4,992.6,91.0,False,,low,15.9,NORMAL,12.0,992.1,94.0,OFFLINE,replay,26.5,0.0
2025-01-06T23:00:00+00:00,AWS-DEL-011,11.9,992.5,94.0,False,,low,26.4,NORMAL,11.7,991.8,95.0,OFFLINE,replay,44.0,0.0
2025-01-07T00:00:00+00:00,AWS-DEL-011,11.5,992.2,95.0,False,,low,22.0,NORMAL,11.5,991.6,96.0,OFFLINE,replay,36.7,0.0
2025-01-07T01:00:00+00:00,AWS-DEL-011,11.3,991.8,95.0,False,,low,8.7,NORMAL,11.3,991.2,96.0,OFFLINE,replay,14.5,0.0
2025-01-07T02:00:00+00:00,AWS-DEL-011,11.0,991.7,95.0,False,,low,9.4,NORMAL,11.1,991.1,97.0,OFFLINE,replay,15.6,0.0
2025-01-07T03:00:00+00:00,AWS-DEL-011,10.7,991.6,96.0,False,,low,9.0,NORMAL,10.8,991.0,97.0,OFFLINE,replay,15.0,0.0
2025-01-07T04:00:00+00:00,AWS-DEL-011,10.4,991.5,97.0,False,,low,9.3,NORMAL,10.5,990.9,97.0,OFFLINE,replay,15.5,0.0
2025-01-07T05:00:00+00:00,AWS-DEL-011,10.2,991.5,0.0510274898882168,True,unstructured_anomaly,critical,91.7,ML_MODEL_ISOLATION,10.2,990.8,98.0,OFFLINE,replay,91.7,0.0
2025-01-07T06:00:00+00:00,AWS-DEL-011,11.3,992.8,0.009165426796121,True,unstructured_anomaly,critical,95.6,ML_MODEL_ISOLATION,11.3,992.3,99.0,OFFLINE,replay,95.6,0.0
2025-01-07T07:00:00+00:00,AWS-DEL-011,11.1,993.6,0.0474098045645912,True,unstructured_anomaly,critical,98.2,ML_MODEL_ISOLATION,11.3,993.1,100.0,OFFLINE,replay,98.2,0.0
2025-01-07T08:00:00+00:00,AWS-DEL-011,11.2,994.5,0.0181506742701829,True,drift,critical,96.7,RULE_ENGINE_BYPASS,11.6,994.0,97.0,OFFLINE,replay,98.5,94.0
2025-01-07T09:00:00+00:00,AWS-DEL-011,11.7,995.0,97.0,True,drift,high,78.1,RULE_ENGINE_BYPASS,12.3,994.5,93.0,OFFLINE,replay,67.5,94.0
2025-01-07T10:00:00+00:00,AWS-DEL-011,12.9,994.8,92.0,True,drift,high,76.8,RULE_ENGINE_BYPASS,13.7,994.4,87.0,OFFLINE,replay,65.3,94.0
2025-01-07T11:00:00+00:00,AWS-DEL-011,14.2,994.3,86.0,True,drift,high,71.1,RULE_ENGINE_BYPASS,14.9,993.8,81.0,OFFLINE,replay,55.9,94.0
2025-01-07T12:00:00+00:00,AWS-DEL-011,15.6,993.3,79.0,False,,low,37.4,NORMAL,16.2,992.7,75.0,OFFLINE,replay,62.4,0.0
2025-01-07T13:00:00+00:00,AWS-DEL-011,26.07837883571313,992.1414653505352,100.0,False,,low,45.6,NORMAL,17.7,991.6,65.0,OFFLINE,replay,76.1,0.0
2025-01-07T14:00:00+00:00,AWS-DEL-011,26.678378835713136,991.393112777278,100.0,False,,low,46.9,NORMAL,18.1,990.5,65.0,OFFLINE,replay,78.2,0.0
2025-01-07T15:00:00+00:00,AWS-DEL-011,26.678378835713136,990.1614948577602,100.0,True,drift,high,88.7,RULE_ENGINE_BYPASS,18.1,989.9,64.0,OFFLINE,replay,86.5,92.0
2025-01-07T16:00:00+00:00,AWS-DEL-011,25.978378835713137,990.1998463055844,100.0,False,,low,50.3,NORMAL,17.4,989.6,69.0,OFFLINE,replay,83.8,0.0
2025-01-07T17:00:00+00:00,AWS-DEL-011,24.678378835713136,989.7412519082446,100.0,True,unstructured_anomaly,high,89.8,ML_MODEL_ISOLATION,15.2,989.5,78.0,OFFLINE,replay,89.8,0.0
2025-01-07T18:00:00+00:00,AWS-DEL-011,13.8,991.5,86.0,False,,low,7.3,NORMAL,13.2,991.0,87.0,OFFLINE,replay,12.2,0.0
2025-01-07T19:00:00+00:00,AWS-DEL-011,13.3,991.5,87.0,False,,low,20.4,NORMAL,12.4,991.0,90.0,OFFLINE,replay,34.0,0.0
2025-01-07T20:00:00+00:00,AWS-DEL-011,12.8,991.9,89.0,False,,low,37.1,NORMAL,11.9,991.3,92.0,OFFLINE,replay,61.9,0.0
2025-01-07T21:00:00+00:00,AWS-DEL-011,12.2,991.9,91.0,False,,low,47.0,NORMAL,11.4,991.4,93.0,OFFLINE,replay,78.4,0.0
2025-01-07T22:00:00+00:00,AWS-DEL-011,11.7,991.6,91.0,False,,low,42.5,NORMAL,10.8,991.0,94.0,OFFLINE,replay,70.9,0.0
2025-01-07T23:00:00+00:00,AWS-DEL-011,11.2,990.9,90.0,False,,low,39.7,NORMAL,10.6,990.4,94.0,OFFLINE,replay,66.2,0.0
2025-01-08T00:00:00+00:00,AWS-DEL-011,10.7,990.3,89.0,False,,low,40.8,NORMAL,10.4,989.8,93.0,OFFLINE,replay,68.1,0.0
2025-01-08T01:00:00+00:00,AWS-DEL-011,10.2,989.6,88.0,True,spike,high,78.2,FUSED_CONSENSUS,9.7,989.1,93.0,OFFLINE,replay,73.2,85.8
2025-01-08T02:00:00+00:00,AWS-DEL-011,9.8,989.1,88.0,True,spike,high,81.5,FUSED_CONSENSUS,9.3,988.5,92.0,OFFLINE,replay,78.1,86.6
2025-01-08T03:00:00+00:00,AWS-DEL-011,35.647244191626605,988.8,88.0,True,spike,critical,93.5,MODEL_OVERRIDE,9.2,988.2,92.0,WARNING,replay,95.9,89.9
2025-01-08T04:00:00+00:00,AWS-DEL-011,17.620794032401697,988.5,87.0,True,unstructured_anomaly,high,89.5,ML_MODEL_ISOLATION,9.0,988.0,91.0,OFFLINE,replay,89.5,0.0
2025-01-08T05:00:00+00:00,AWS-DEL-011,11.7119405630839,988.7,86.0,False,,low,44.8,NORMAL,8.9,988.1,90.0,OFFLINE,replay,74.7,0.0
2025-01-08T06:00:00+00:00,AWS-DEL-011,8.9,989.2,88.0,True,spike,high,87.2,FUSED_CONSENSUS,8.8,988.6,92.0,OFFLINE,replay,85.4,89.9
2025-01-08T07:00:00+00:00,AWS-DEL-011,8.7,990.0,88.0,True,spike,high,87.9,FUSED_CONSENSUS,8.6,989.4,92.0,OFFLINE,replay,86.6,89.9
2025-01-08T08:00:00+00:00,AWS-DEL-011,9.6,991.0,84.0,True,spike,high,83.1,FUSED_CONSENSUS,9.9,990.5,86.0,OFFLINE,replay,78.6,89.9
2025-01-08T09:00:00+00:00,AWS-DEL-011,11.3,992.3,80.0,True,drift,critical,90.8,RULE_ENGINE_BYPASS,12.0,991.8,78.0,OFFLINE,replay,89.1,93.2
2025-01-08T10:00:00+00:00,AWS-DEL-011,13.2,992.7,73.0,True,unstructured_anomaly,critical,93.5,ML_MODEL_ISOLATION,14.1,992.1,68.0,OFFLINE,replay,93.5,0.0
2025-01-08T11:00:00+00:00,AWS-DEL-011,15.0,992.1,67.0,True,unstructured_anomaly,critical,93.0,ML_MODEL_ISOLATION,16.0,991.5,61.0,OFFLINE,replay,93.0,0.0
2025-01-08T12:00:00+00:00,AWS-DEL-011,16.7,991.3,62.0,True,unstructured_anomaly,high,89.0,ML_MODEL_ISOLATION,17.5,990.8,56.0,OFFLINE,replay,89.0,0.0
2025-01-08T13:00:00+00:00,AWS-DEL-011,17.8,990.5,56.0,True,spike,high,89.7,FUSED_CONSENSUS,18.5,990.0,51.0,OFFLINE,replay,,89.7
2025-01-08T14:00:00+00:00,AWS-DEL-011,18.4,990.0,52.0,True,spike,high,89.9,FUSED_CONSENSUS,19.0,989.5,48.0,OFFLINE,replay,,89.9
2025-01-08T15:00:00+00:00,AWS-DEL-011,18.3,989.9,52.0,True,spike,high,89.9,FUSED_CONSENSUS,18.9,989.4,48.0,OFFLINE,replay,,89.9
2025-01-08T16:00:00+00:00,AWS-DEL-011,17.6,989.7,57.0,True,spike,high,89.0,FUSED_CONSENSUS,17.8,989.3,54.0,OFFLINE,replay,,89.0
2025-01-08T17:00:00+00:00,AWS-DEL-011,15.4,989.6,67.0,False,,low,0.0,NORMAL,15.1,989.1,66.0,OFFLINE,replay,,0.0
2025-01-08T18:00:00+00:00,AWS-DEL-011,14.7,989.9,71.0,False,,low,0.0,NORMAL,13.9,989.5,71.0,OFFLINE,replay,,0.0
2025-01-08T19:00:00+00:00,AWS-DEL-011,13.8,990.3,73.0,False,multivariate_inconsistency,low,45.0,NORMAL,13.0,989.9,75.0,OFFLINE,replay,,45.0
2025-01-08T20:00:00+00:00,AWS-DEL-011,13.0,990.8,75.0,False,multivariate_inconsistency,low,45.0,NORMAL,12.2,990.5,76.0,OFFLINE,replay,,45.0
2025-01-08T21:00:00+00:00,AWS-DEL-011,12.3,991.2,76.0,False,multivariate_inconsistency,low,45.0,NORMAL,11.1,990.9,78.0,OFFLINE,replay,,45.0
2025-01-08T22:00:00+00:00,AWS-DEL-011,11.7,991.2,76.0,False,multivariate_inconsistency,low,45.0,NORMAL,10.5,990.9,79.0,OFFLINE,replay,,45.0
2025-01-08T23:00:00+00:00,AWS-DEL-011,10.9,990.9,79.0,False,multivariate_inconsistency,low,45.0,NORMAL,9.8,990.7,81.0,OFFLINE,replay,,45.0
2025-01-09T00:00:00+00:00,AWS-DEL-011,10.1,990.6,82.0,True,spike,high,85.9,FUSED_CONSENSUS,9.0,990.3,85.0,OFFLINE,replay,,85.9
2025-01-09T01:00:00+00:00,AWS-DEL-011,9.3,990.5,85.0,True,spike,high,87.4,FUSED_CONSENSUS,8.4,990.1,88.0,OFFLINE,replay,,87.4
2025-01-09T02:00:00+00:00,AWS-DEL-011,8.9,990.7,85.0,True,spike,high,88.1,FUSED_CONSENSUS,7.9,990.4,89.0,OFFLINE,replay,,88.1
2025-01-09T03:00:00+00:00,AWS-DEL-011,8.5,990.5,85.0,True,spike,high,88.8,FUSED_CONSENSUS,7.3,990.2,91.0,OFFLINE,replay,,88.8
2025-01-09T04:00:00+00:00,AWS-DEL-011,8.2,990.5,86.0,True,spike,high,89.3,FUSED_CONSENSUS,7.1,990.2,91.0,OFFLINE,replay,,89.3
2025-01-09T05:00:00+00:00,AWS-DEL-011,8.0,990.6,86.0,True,spike,high,89.7,FUSED_CONSENSUS,7.0,990.3,92.0,OFFLINE,replay,,89.7
2025-01-09T06:00:00+00:00,AWS-DEL-011,8.3,991.4,87.0,True,spike,high,89.2,FUSED_CONSENSUS,6.4,991.1,99.0,OFFLINE,replay,,89.2
2025-01-09T07:00:00+00:00,AWS-DEL-011,8.3,992.1,87.0,True,spike,high,89.2,FUSED_CONSENSUS,6.0,991.7,100.0,OFFLINE,replay,,89.2
2025-01-09T08:00:00+00:00,AWS-DEL-011,9.1,993.3,90.0,True,spike,high,87.7,FUSED_CONSENSUS,7.7,993.0,98.0,OFFLINE,replay,,87.7
2025-01-09T09:00:00+00:00,AWS-DEL-011,11.8,994.5,87.0,False,,low,0.0,NORMAL,10.3,994.2,94.0,OFFLINE,replay,,0.0
2025-01-09T10:00:00+00:00,AWS-DEL-011,14.8,995.2,77.0,False,,low,0.0,NORMAL,13.8,995.0,82.0,OFFLINE,replay,,0.0
2025-01-09T11:00:00+00:00,AWS-DEL-011,16.5,994.7,67.0,False,,low,0.0,NORMAL,16.2,994.7,68.0,OFFLINE,replay,,0.0
2025-01-09T12:00:00+00:00,AWS-DEL-011,17.5,993.7,62.0,True,spike,high,86.0,FUSED_CONSENSUS,17.6,993.6,60.0,OFFLINE,replay,,86.0
2025-01-09T13:00:00+00:00,AWS-DEL-011,18.3,992.8,58.0,True,spike,high,88.4,FUSED_CONSENSUS,18.5,992.7,54.0,OFFLINE,replay,,88.4
2025-01-09T14:00:00+00:00,AWS-DEL-011,18.7,992.3,56.0,True,spike,high,89.7,FUSED_CONSENSUS,18.9,992.1,52.0,OFFLINE,replay,,89.7
2025-01-09T15:00:00+00:00,AWS-DEL-011,18.7,992.0,55.0,True,spike,high,89.9,FUSED_CONSENSUS,18.9,991.8,53.0,OFFLINE,replay,,89.9
2025-01-09T16:00:00+00:00,AWS-DEL-011,18.2,992.0,61.0,True,spike,high,86.6,FUSED_CONSENSUS,17.9,991.7,63.0,OFFLINE,replay,,86.6
2025-01-09T17:00:00+00:00,AWS-DEL-011,16.4,992.0,66.0,False,,low,0.0,NORMAL,15.4,991.7,69.0,OFFLINE,replay,,0.0
2025-01-09T18:00:00+00:00,AWS-DEL-011,15.1,992.9,72.0,False,,low,0.0,NORMAL,14.1,992.5,77.0,OFFLINE,replay,,0.0
2025-01-09T19:00:00+00:00,AWS-DEL-011,13.8,992.6355907803496,77.0,False,,low,0.0,NORMAL,12.6,992.7,82.0,OFFLINE,replay,,0.0
2025-01-09T20:00:00+00:00,AWS-DEL-011,12.9,992.971181560699,81.0,False,,low,0.0,NORMAL,11.3,993.5,85.0,OFFLINE,replay,,0.0
2025-01-09T21:00:00+00:00,AWS-DEL-011,12.6,993.1067723410486,81.0,False,multivariate_inconsistency,low,45.0,NORMAL,10.6,993.9,87.0,OFFLINE,replay,,45.0
2025-01-09T22:00:00+00:00,AWS-DEL-011,12.1,992.842363121398,82.0,False,,low,0.0,NORMAL,9.7,994.0,91.0,OFFLINE,replay,,0.0
2025-01-09T23:00:00+00:00,AWS-DEL-011,11.1,992.2779539017477,86.0,False,,low,0.0,NORMAL,8.9,993.7,92.0,OFFLINE,replay,,0.0
2025-01-10T00:00:00+00:00,AWS-DEL-011,10.3,991.5135446820972,90.0,True,spike,high,85.5,FUSED_CONSENSUS,8.1,993.4,94.0,OFFLINE,replay,,85.5
2025-01-10T01:00:00+00:00,AWS-DEL-011,9.7,990.8491354624464,92.0,True,spike,high,86.6,FUSED_CONSENSUS,7.4,993.0,95.0,OFFLINE,replay,,86.6
2025-01-10T02:00:00+00:00,AWS-DEL-011,9.2,990.284726242796,93.0,True,spike,high,87.5,FUSED_CONSENSUS,7.0,992.9,97.0,OFFLINE,replay,,87.5
2025-01-10T03:00:00+00:00,AWS-DEL-011,8.8,989.8203170231454,94.0,True,spike,high,88.3,FUSED_CONSENSUS,6.6,992.6,98.0,OFFLINE,replay,,88.3
2025-01-10T04:00:00+00:00,AWS-DEL-011,8.6,989.2559078034948,94.0,True,spike,high,88.6,FUSED_CONSENSUS,6.4,992.5,99.0,OFFLINE,replay,,88.6
2025-01-10T05:00:00+00:00,AWS-DEL-011,8.4,989.0914985838444,93.0,True,spike,high,89.0,FUSED_CONSENSUS,6.1,992.8,100.0,OFFLINE,replay,,89.0
2025-01-10T06:00:00+00:00,AWS-DEL-011,8.5,989.927089364194,96.0,True,spike,high,88.8,FUSED_CONSENSUS,6.0,994.0,99.0,OFFLINE,replay,,88.8
2025-01-10T07:00:00+00:00,AWS-DEL-011,7.9,990.3626801445434,99.0,True,spike,high,89.9,FUSED_CONSENSUS,6.5,995.0,100.0,OFFLINE,replay,,89.9
2025-01-10T08:00:00+00:00,AWS-DEL-011,8.8,991.098270924893,98.0,True,spike,high,88.3,FUSED_CONSENSUS,7.2,996.1,99.0,OFFLINE,replay,,88.3
2025-01-10T09:00:00+00:00,AWS-DEL-011,10.9,991.7338617052424,94.0,False,,low,0.0,NORMAL,9.0,997.0,95.0,OFFLINE,replay,,0.0
2025-01-10T10:00:00+00:00,AWS-DEL-011,12.7,991.769452485592,91.0,False,,low,0.0,NORMAL,11.4,997.6,94.0,OFFLINE,replay,,0.0
2025-01-10T11:00:00+00:00,AWS-DEL-011,15.1,990.7050432659414,81.0,False,,low,0.0,NORMAL,14.4,996.9,80.0,OFFLINE,replay,,0.0
2025-01-10T12:00:00+00:00,AWS-DEL-011,16.6,989.2406340462908,72.0,False,,low,0.0,NORMAL,16.5,995.8,71.0,OFFLINE,replay,,0.0
2025-01-10T13:00:00+00:00,AWS-DEL-011,17.5,987.6762248266404,66.0,False,,low,0.0,NORMAL,17.6,994.6,64.0,OFFLINE,replay,,0.0
2025-01-10T14:00:00+00:00,AWS-DEL-011,17.9,986.61181560699,62.0,True,spike,high,86.0,FUSED_CONSENSUS,18.1,993.8,59.0,OFFLINE,replay,,86.0
2025-01-10T15:00:00+00:00,AWS-DEL-011,17.9,985.7474063873394,60.0,True,spike,high,87.2,FUSED_CONSENSUS,18.1,993.2,57.0,OFFLINE,replay,,87.2
2025-01-10T16:00:00+00:00,AWS-DEL-011,17.2,984.982997167689,63.0,True,spike,high,85.4,FUSED_CONSENSUS,17.3,993.0,64.0,OFFLINE,replay,,85.4
2025-01-10T17:00:00+00:00,AWS-DEL-011,15.2,984.4185879480384,75.0,False,,low,0.0,NORMAL,14.3,992.5,75.0,OFFLINE,replay,,0.0
2025-01-10T18:00:00+00:00,AWS-DEL-011,13.4,984.154178728388,82.0,False,,low,0.0,NORMAL,12.4,992.7,84.0,OFFLINE,replay,,0.0
2025-01-10T19:00:00+00:00,AWS-DEL-011,12.8,984.1897695087374,84.0,False,,low,0.0,NORMAL,11.4,993.1,88.0,OFFLINE,replay,,0.0
2025-01-10T20:00:00+00:00,AWS-DEL-011,11.8,984.2253602890868,88.0,False,,low,0.0,NORMAL,10.7,993.5,92.0,OFFLINE,replay,,0.0
2025-01-10T21:00:00+00:00,AWS-DEL-011,11.3,984.1609510694364,91.0,False,,low,0.0,NORMAL,9.5,993.6,94.0,OFFLINE,replay,,0.0
2025-01-10T22:00:00+00:00,AWS-DEL-011,10.7,983.6965418497858,92.0,False,,low,0.0,NORMAL,8.9,993.6,95.0,OFFLINE,replay,,0.0
2025-01-10T23:00:00+00:00,AWS-DEL-011,10.4,983.0321326301354,92.0,True,spike,high,85.4,FUSED_CONSENSUS,8.6,993.3,96.0,OFFLINE,replay,,85.4
2025-01-11T00:00:00+00:00,AWS-DEL-011,9.8,982.0677234104847,93.0,True,spike,high,86.4,FUSED_CONSENSUS,8.3,992.7,96.0,OFFLINE,replay,,86.4
2025-01-11T01:00:00+00:00,AWS-DEL-011,9.5,981.5033141908344,93.0,True,spike,high,87.0,FUSED_CONSENSUS,8.1,992.6,96.0,OFFLINE,replay,,87.0
2025-01-11T02:00:00+00:00,AWS-DEL-011,8.6,992.7,95.0,True,spike,high,88.6,FUSED_CONSENSUS,8.0,992.5,96.0,OFFLINE,replay,,88.6
2025-01-11T03:00:00+00:00,AWS-DEL-011,8.3,992.6,96.0,True,spike,high,89.2,FUSED_CONSENSUS,7.8,992.5,96.0,OFFLINE,replay,,89.2
2025-01-11T04:00:00+00:00,AWS-DEL-011,8.0,992.5,96.0,True,spike,high,89.7,FUSED_CONSENSUS,7.5,992.3,97.0,OFFLINE,replay,,89.7
2025-01-11T05:00:00+00:00,AWS-DEL-011,8.0,992.9,96.0,True,spike,high,89.7,FUSED_CONSENSUS,7.5,992.7,97.0,OFFLINE,replay,,89.7
2025-01-11T06:00:00+00:00,AWS-DEL-011,9.1,993.4,97.0,True,spike,high,87.7,FUSED_CONSENSUS,8.6,993.4,98.0,OFFLINE,replay,,87.7
2025-01-11T07:00:00+00:00,AWS-DEL-011,9.1,994.0,97.0,True,spike,high,87.7,FUSED_CONSENSUS,8.8,993.9,97.0,OFFLINE,replay,,87.7
2025-01-11T08:00:00+00:00,AWS-DEL-011,10.1,994.8,97.0,True,spike,high,85.9,FUSED_CONSENSUS,9.5,994.5,96.0,OFFLINE,replay,,85.9
2025-01-11T09:00:00+00:00,AWS-DEL-011,11.6,995.5,92.0,False,,low,0.0,NORMAL,11.0,995.4,94.0,OFFLINE,replay,,0.0
2025-01-11T10:00:00+00:00,AWS-DEL-011,44.32153622602986,995.3,84.0,True,spike,high,89.9,FUSED_CONSENSUS,13.9,995.3,84.0,OFFLINE,replay,,89.9
2025-01-11T11:00:00+00:00,AWS-DEL-011,15.3,994.8,79.0,False,,low,0.0,NORMAL,16.0,994.6,75.0,OFFLINE,replay,,0.0
2025-01-11T12:00:00+00:00,AWS-DEL-011,16.2,993.6,75.0,False,,low,0.0,NORMAL,16.8,993.4,70.0,OFFLINE,replay,,0.0
2025-01-11T13:00:00+00:00,AWS-DEL-011,16.8,992.6,73.0,False,,low,0.0,NORMAL,17.8,992.4,67.0,OFFLINE,replay,,0.0
2025-01-11T14:00:00+00:00,AWS-DEL-011,16.8,991.5,71.0,False,,low,0.0,NORMAL,17.4,991.3,68.0,OFFLINE,replay,,0.0
2025-01-11T15:00:00+00:00,AWS-DEL-011,16.5,991.2,73.0,False,,low,0.0,NORMAL,17.3,990.9,69.0,OFFLINE,replay,,0.0
2025-01-11T16:00:00+00:00,AWS-DEL-011,16.2,990.7,76.0,False,,low,0.0,NORMAL,16.9,990.6,71.0,OFFLINE,replay,,0.0
2025-01-11T17:00:00+00:00,AWS-DEL-011,14.9,990.7,84.0,False,,low,0.0,NORMAL,14.9,990.6,84.0,OFFLINE,replay,,0.0
2025-01-11T18:00:00+00:00,AWS-DEL-011,13.6,992.0,93.0,False,,low,0.0,NORMAL,13.9,992.1,92.0,OFFLINE,replay,,0.0
2025-01-11T19:00:00+00:00,AWS-DEL-011,13.0,991.8,93.0,False,,low,0.0,NORMAL,13.2,992.5,90.0,OFFLINE,replay,,0.0
2025-01-11T20:00:00+00:00,AWS-DEL-011,12.7,992.0,86.0,False,,low,0.0,NORMAL,12.6,991.9,92.0,OFFLINE,replay,,0.0
2025-01-11T21:00:00+00:00,AWS-DEL-011,12.3,992.5,85.0,False,,low,0.0,NORMAL,12.0,992.2,89.0,OFFLINE,replay,,0.0
2025-01-11T22:00:00+00:00,AWS-DEL-011,11.6,992.6,89.0,False,,low,0.0,NORMAL,12.1,992.5,90.0,OFFLINE,replay,,0.0
2025-01-11T23:00:00+00:00,AWS-DEL-011,11.3,992.8,91.0,False,,low,0.0,NORMAL,11.8,992.6,89.0,OFFLINE,replay,,0.0
2025-01-12T00:00:00+00:00,AWS-DEL-011,11.28716502451228,992.4,90.0,False,,low,0.0,NORMAL,11.7,992.3,92.0,OFFLINE,replay,,0.0
2025-01-12T01:00:00+00:00,AWS-DEL-011,11.278244041169648,992.2,93.0,False,,low,0.0,NORMAL,10.7,992.1,94.0,OFFLINE,replay,,0.0
2025-01-12T02:00:00+00:00,AWS-DEL-011,11.23907276915532,992.0,94.0,False,,low,0.0,NORMAL,10.8,991.8,94.0,OFFLINE,replay,,0.0
2025-01-12T03:00:00+00:00,AWS-DEL-011,11.250867972475826,991.8,95.0,False,,low,0.0,NORMAL,10.7,991.5,94.0,OFFLINE,replay,,0.0
2025-01-12T04:00:00+00:00,AWS-DEL-011,11.203295995181152,991.7,93.0,False,,low,0.0,NORMAL,10.9,991.5,92.0,OFFLINE,replay,,0.0
2025-01-12T05:00:00+00:00,AWS-DEL-011,11.18813183300917,991.9,93.0,False,,low,0.0,NORMAL,10.4,992.0,90.0,OFFLINE,replay,,0.0
2025-01-12T06:00:00+00:00,AWS-DEL-011,11.148480871635742,992.8,96.0,False,,low,0.0,NORMAL,11.4,992.9,91.0,OFFLINE,replay,,0.0
2025-01-12T07:00:00+00:00,AWS-DEL-011,10.2,993.5,96.0,True,spike,high,85.7,FUSED_CONSENSUS,10.9,993.4,92.0,OFFLINE,replay,,85.7
2025-01-12T08:00:00+00:00,AWS-DEL-011,18.64266764449202,987.666719387624,78.85325651929521,False,,low,0.0,NORMAL,11.7,994.3,90.0,OFFLINE,replay,,0.0
2025-01-12T09:00:00+00:00,AWS-DEL-011,7.962548712716108,1002.438912868195,95.0,True,spike,high,89.8,FUSED_CONSENSUS,13.5,995.7,93.0,OFFLINE,replay,,89.8
2025-01-12T10:00:00+00:00,AWS-DEL-011,8.199210949499351,1003.8317945424884,95.0,True,spike,high,89.9,FUSED_CONSENSUS,15.5,995.8,83.0,OFFLINE,replay,,89.9
2025-01-12T11:00:00+00:00,AWS-DEL-011,9.71582451972509,1001.997300831404,95.0,True,spike,high,88.7,FUSED_CONSENSUS,17.3,995.0,74.0,OFFLINE,replay,,88.7
2025-01-12T12:00:00+00:00,AWS-DEL-011,24.57558594878209,987.5073549999726,95.0,True,spike,high,89.9,FUSED_CONSENSUS,18.2,993.9,67.0,OFFLINE,replay,,89.9
2025-01-12T13:00:00+00:00,AWS-DEL-011,23.712633639917826,986.1964317917748,89.86527631454919,True,spike,high,88.8,FUSED_CONSENSUS,18.5,993.0,67.0,OFFLINE,replay,,88.8
2025-01-12T14:00:00+00:00,AWS-DEL-011,18.0,992.3,70.0,False,,low,0.0,NORMAL,18.7,992.2,63.0,OFFLINE,replay,,0.0
2025-01-12T15:00:00+00:00,AWS-DEL-011,18.0,992.1,67.0,False,,low,0.0,NORMAL,18.4,991.9,62.0,OFFLINE,replay,,0.0
2025-01-12T16:00:00+00:00,AWS-DEL-011,17.9,992.4,67.0,False,,low,0.0,NORMAL,18.0,992.1,65.0,OFFLINE,replay,,0.0
2025-01-12T17:00:00+00:00,AWS-DEL-011,16.3,992.6,77.0,False,,low,0.0,NORMAL,16.2,992.2,74.0,OFFLINE,replay,,0.0
2025-01-12T18:00:00+00:00,AWS-DEL-011,13.4,993.6,91.0,False,,low,0.0,NORMAL,13.0,993.4,93.0,OFFLINE,replay,,0.0
2025-01-12T19:00:00+00:00,AWS-DEL-011,12.9,994.2,92.0,False,,low,0.0,NORMAL,12.4,993.9,94.0,OFFLINE,replay,,0.0
2025-01-12T20:00:00+00:00,AWS-DEL-011,12.8,994.9,93.0,False,,low,0.0,NORMAL,12.5,994.4,93.0,OFFLINE,replay,,0.0
2025-01-12T21:00:00+00:00,AWS-DEL-011,12.3,995.4,94.0,False,,low,0.0,NORMAL,11.8,995.0,94.0,OFFLINE,replay,,0.0
2025-01-12T22:00:00+00:00,AWS-DEL-011,11.7,995.3,95.0,False,,low,0.0,NORMAL,11.3,994.8,95.0,OFFLINE,replay,,0.0
2025-01-12T23:00:00+00:00,AWS-DEL-011,10.6,994.8,96.0,False,,low,0.0,NORMAL,10.9,994.4,95.0,OFFLINE,replay,,0.0
2025-01-13T00:00:00+00:00,AWS-DEL-011,43.17962873554315,994.1,96.0,True,spike,high,89.9,FUSED_CONSENSUS,10.0,993.6,96.0,OFFLINE,replay,,89.9
2025-01-13T01:00:00+00:00,AWS-DEL-011,9.8,993.9,96.0,True,spike,high,86.4,FUSED_CONSENSUS,9.6,993.4,96.0,OFFLINE,replay,,86.4
2025-01-13T02:00:00+00:00,AWS-DEL-011,9.7,993.4,97.0,True,spike,high,86.6,FUSED_CONSENSUS,9.3,992.9,97.0,OFFLINE,replay,,86.6
2025-01-13T03:00:00+00:00,AWS-DEL-011,9.5,993.2,97.0,True,spike,high,87.0,FUSED_CONSENSUS,9.1,992.7,97.0,OFFLINE,replay,,87.0
2025-01-13T04:00:00+00:00,AWS-DEL-011,9.4,993.1,98.0,True,spike,high,87.2,FUSED_CONSENSUS,9.2,992.6,97.0,OFFLINE,replay,,87.2
2025-01-13T05:00:00+00:00,AWS-DEL-011,9.2,993.3,99.0,True,spike,high,87.5,FUSED_CONSENSUS,9.0,992.8,98.0,OFFLINE,replay,,87.5
2025-01-13T06:00:00+00:00,AWS-DEL-011,9.9,1006.921878021676,98.0,True,spike,high,89.9,FUSED_CONSENSUS,9.9,993.2,98.0,OFFLINE,replay,,89.9
2025-01-13T07:00:00+00:00,AWS-DEL-011,9.8,1000.5521540123664,97.0,True,spike,high,87.0,FUSED_CONSENSUS,9.7,993.5,98.0,OFFLINE,replay,,87.0
2025-01-13T08:00:00+00:00,AWS-DEL-011,10.8,998.0469458674016,94.0,False,,low,0.0,NORMAL,10.8,994.4,95.0,OFFLINE,replay,,0.0
2025-01-13T09:00:00+00:00,AWS-DEL-011,12.2,995.4,92.0,False,,low,0.0,NORMAL,12.6,995.0,90.0,OFFLINE,replay,,0.0
2025-01-13T10:00:00+00:00,AWS-DEL-011,14.1,995.5,83.0,False,,low,0.0,NORMAL,14.7,995.0,81.0,OFFLINE,replay,,0.0
2025-01-13T11:00:00+00:00,AWS-DEL-011,15.7,994.8,77.0,False,,low,0.0,NORMAL,16.6,994.3,73.0,OFFLINE,replay,,0.0
2025-01-13T12:00:00+00:00,AWS-DEL-011,17.2,993.5,73.0,False,,low,0.0,NORMAL,18.1,993.1,67.0,OFFLINE,replay,,0.0
2025-01-13T13:00:00+00:00,AWS-DEL-011,18.3,992.4,68.0,False,,low,0.0,NORMAL,19.2,991.9,63.0,OFFLINE,replay,,0.0
2025-01-13T14:00:00+00:00,AWS-DEL-011,18.9,991.8,65.0,False,,low,0.0,NORMAL,19.8,991.3,59.0,OFFLINE,replay,,0.0
2025-01-13T15:00:00+00:00,AWS-DEL-011,19.0,991.5,65.0,False,,low,0.0,NORMAL,19.8,991.1,58.0,OFFLINE,replay,,0.0
2025-01-13T16:00:00+00:00,AWS-DEL-011,11.907357643861534,999.1903158587468,49.91848676692908,True,spike,high,89.9,FUSED_CONSENSUS,19.0,990.8,64.0,OFFLINE,replay,,89.9
2025-01-13T17:00:00+00:00,AWS-DEL-011,23.322240878297432,983.8611716086198,95.0,True,spike,high,88.1,FUSED_CONSENSUS,16.2,990.8,77.0,OFFLINE,replay,,88.1
2025-01-13T18:00:00+00:00,AWS-DEL-011,22.6656748972227,985.1463466777508,95.0,True,spike,high,86.9,FUSED_CONSENSUS,14.4,991.5,83.0,OFFLINE,replay,,86.9
2025-01-13T19:00:00+00:00,AWS-DEL-011,20.263863055879355,984.7534628763711,95.0,False,multivariate_inconsistency,low,45.0,NORMAL,13.6,991.9,87.0,OFFLINE,replay,,45.0
2025-01-13T20:00:00+00:00,AWS-DEL-011,8.023889120720069,999.7913389157704,69.04841319910562,True,spike,high,89.7,FUSED_CONSENSUS,13.6,992.0,89.0,OFFLINE,replay,,89.7
2025-01-13T21:00:00+00:00,AWS-DEL-011,13.4,993.0,86.0,False,,low,0.0,NORMAL,13.2,992.5,90.0,OFFLINE,replay,,0.0
2025-01-13T22:00:00+00:00,AWS-DEL-011,12.8,992.8,88.0,False,,low,0.0,NORMAL,12.6,992.3,91.0,OFFLINE,replay,,0.0
2025-01-13T23:00:00+00:00,AWS-DEL-011,12.2,992.5,90.0,False,,low,0.0,NORMAL,11.9,992.0,93.0,OFFLINE,replay,,0.0
2025-01-14T00:00:00+00:00,AWS-DEL-011,11.6,992.2,91.0,False,,low,0.0,NORMAL,11.2,991.6,93.0,OFFLINE,replay,,0.0
2025-01-14T01:00:00+00:00,AWS-DEL-011,11.1,991.9,93.0,False,,low,0.0,NORMAL,10.7,991.4,94.0,OFFLINE,replay,,0.0
2025-01-14T02:00:00+00:00,AWS-DEL-011,10.7,991.5,-0.0599916118338664,True,spike,critical,100.0,RULE_ENGINE_BYPASS,10.1,991.1,95.0,OFFLINE,replay,,100.0
2025-01-14T03:00:00+00:00,AWS-DEL-011,9.9,991.3,-0.0036260941582562,True,spike,critical,100.0,RULE_ENGINE_BYPASS,9.3,990.8,96.0,OFFLINE,replay,,100.0
2025-01-14T04:00:00+00:00,AWS-DEL-011,9.5,991.2,0.0192528493862864,True,spike,high,89.9,FUSED_CONSENSUS,8.8,990.8,96.0,OFFLINE,replay,,89.9
2025-01-14T05:00:00+00:00,AWS-DEL-011,9.0,991.4,0.0108974696177521,True,spike,high,89.9,FUSED_CONSENSUS,8.4,991.0,96.0,OFFLINE,replay,,89.9
2025-01-14T06:00:00+00:00,AWS-DEL-011,9.1,992.9,96.0,True,spike,high,87.7,FUSED_CONSENSUS,8.6,992.5,97.0,OFFLINE,replay,,87.7
2025-01-14T07:00:00+00:00,AWS-DEL-011,8.7,993.6,97.0,True,spike,high,88.4,FUSED_CONSENSUS,8.4,993.1,97.0,OFFLINE,replay,,88.4
2025-01-14T08:00:00+00:00,AWS-DEL-011,10.0,994.5,95.0,True,spike,high,86.1,FUSED_CONSENSUS,10.3,994.0,95.0,OFFLINE,replay,,86.1
2025-01-14T09:00:00+00:00,AWS-DEL-011,11.9,995.5,90.0,False,,low,0.0,NORMAL,12.2,995.2,88.0,OFFLINE,replay,,0.0
2025-01-14T10:00:00+00:00,AWS-DEL-011,13.7,996.0,83.0,False,,low,0.0,NORMAL,14.3,995.8,80.0,OFFLINE,replay,,0.0
2025-01-14T11:00:00+00:00,AWS-DEL-011,15.4,995.7,75.0,False,,low,0.0,NORMAL,16.1,995.4,72.0,OFFLINE,replay,,0.0
2025-01-14T12:00:00+00:00,AWS-DEL-011,16.7,994.8,70.0,False,,low,0.0,NORMAL,17.5,994.6,68.0,OFFLINE,replay,,0.0
2025-01-14T13:00:00+00:00,AWS-DEL-011,17.6,994.0,67.0,False,,low,0.0,NORMAL,18.4,993.7,64.0,OFFLINE,replay,,0.0
2025-01-14T14:00:00+00:00,AWS-DEL-011,18.1,993.3,64.0,False,,low,0.0,NORMAL,18.9,993.0,62.0,OFFLINE,replay,,0.0
2025-01-14T15:00:00+00:00,AWS-DEL-011,18.2,993.0,64.0,False,,low,0.0,NORMAL,18.9,992.8,61.0,OFFLINE,replay,,0.0
2025-01-14T16:00:00+00:00,AWS-DEL-011,17.8,993.0,66.0,False,,low,0.0,NORMAL,18.2,992.7,64.0,OFFLINE,replay,,0.0
2025-01-14T17:00:00+00:00,AWS-DEL-011,16.2,993.0,74.0,False,,low,0.0,NORMAL,15.7,992.6,77.0,OFFLINE,replay,,0.0
2025-01-14T18:00:00+00:00,AWS-DEL-011,15.4,993.7,76.0,False,,low,0.0,NORMAL,14.3,993.3,83.0,OFFLINE,replay,,0.0
2025-01-14T19:00:00+00:00,AWS-DEL-011,14.4,994.0,80.0,False,,low,0.0,NORMAL,13.4,993.5,83.0,OFFLINE,replay,,0.0
2025-01-14T20:00:00+00:00,AWS-DEL-011,14.1,994.3,80.0,False,,low,0.0,NORMAL,12.3,993.9,87.0,OFFLINE,replay,,0.0
2025-01-14T21:00:00+00:00,AWS-DEL-011,13.3,994.4,82.0,False,,low,0.0,NORMAL,11.6,994.0,91.0,OFFLINE,replay,,0.0
2025-01-14T22:00:00+00:00,AWS-DEL-011,13.3,994.7,82.0,False,,low,0.0,NORMAL,11.1,994.4,93.0,OFFLINE,replay,,0.0
2025-01-14T23:00:00+00:00,AWS-DEL-011,12.4,994.6,85.0,False,,low,0.0,NORMAL,10.4,994.1,96.0,OFFLINE,replay,,0.0
2025-01-15T00:00:00+00:00,AWS-DEL-011,11.9,1004.3790776840935,88.0,True,spike,high,89.9,FUSED_CONSENSUS,9.8,993.9,99.0,OFFLINE,replay,,89.9
2025-01-15T01:00:00+00:00,AWS-DEL-011,11.4,994.3,90.0,False,,low,0.0,NORMAL,9.4,993.8,100.0,OFFLINE,replay,,0.0
2025-01-15T02:00:00+00:00,AWS-DEL-011,10.6,993.8,93.0,False,,low,0.0,NORMAL,9.0,993.5,100.0,OFFLINE,replay,,0.0
2025-01-15T03:00:00+00:00,AWS-DEL-011,9.5,993.8,99.0,True,spike,high,87.0,FUSED_CONSENSUS,8.3,993.6,100.0,OFFLINE,replay,,87.0
2025-01-15T04:00:00+00:00,AWS-DEL-011,9.3,994.0,99.0,True,spike,high,87.4,FUSED_CONSENSUS,7.6,993.6,100.0,OFFLINE,replay,,87.4
2025-01-15T05:00:00+00:00,AWS-DEL-011,9.1,994.3,99.0,True,spike,high,87.7,FUSED_CONSENSUS,8.1,993.9,100.0,OFFLINE,replay,,87.7
2025-01-15T06:00:00+00:00,AWS-DEL-011,9.1,995.0,99.0,True,spike,high,87.7,FUSED_CONSENSUS,7.8,994.8,99.0,OFFLINE,replay,,87.7
2025-01-15T07:00:00+00:00,AWS-DEL-011,9.2,995.7,98.0,True,spike,high,87.5,FUSED_CONSENSUS,8.1,995.6,98.0,OFFLINE,replay,,87.5
2025-01-15T08:00:00+00:00,AWS-DEL-011,9.7,996.5,98.0,True,spike,high,86.6,FUSED_CONSENSUS,8.5,996.3,97.0,OFFLINE,replay,,86.6
2025-01-15T09:00:00+00:00,AWS-DEL-011,11.0,997.2,93.0,False,,low,0.0,NORMAL,10.6,997.0,96.0,OFFLINE,replay,,0.0
2025-01-15T10:00:00+00:00,AWS-DEL-011,12.6,997.5,94.0,False,,low,0.0,NORMAL,12.3,997.4,94.0,OFFLINE,replay,,0.0
2025-01-15T11:00:00+00:00,AWS-DEL-011,15.2,996.9,87.0,False,,low,0.0,NORMAL,15.8,996.7,83.0,OFFLINE,replay,,0.0
2025-01-15T12:00:00+00:00,AWS-DEL-011,17.1,995.4,79.0,False,,low,0.0,NORMAL,17.8,995.3,73.0,OFFLINE,replay,,0.0
2025-01-15T13:00:00+00:00,AWS-DEL-011,18.0,993.9,69.0,False,,low,0.0,NORMAL,18.4,993.8,66.0,OFFLINE,replay,,0.0
2025-01-15T14:00:00+00:00,AWS-DEL-011,18.3,992.8,67.0,False,,low,0.0,NORMAL,18.9,992.7,62.0,OFFLINE,replay,,0.0
2025-01-15T15:00:00+00:00,AWS-DEL-011,18.4,992.6,66.0,False,,low,0.0,NORMAL,18.9,992.4,62.0,OFFLINE,replay,,0.0
2025-01-15T16:00:00+00:00,AWS-DEL-011,18.0,992.3,67.0,False,,low,0.0,NORMAL,18.3,992.0,66.0,OFFLINE,replay,,0.0
2025-01-15T17:00:00+00:00,AWS-DEL-011,16.3,992.0,78.0,False,,low,0.0,NORMAL,16.0,991.8,78.0,OFFLINE,replay,,0.0
2025-01-15T18:00:00+00:00,AWS-DEL-011,14.2,993.4,82.0,False,,low,0.0,NORMAL,13.4,992.9,86.0,OFFLINE,replay,,0.0
2025-01-15T19:00:00+00:00,AWS-DEL-011,13.6,993.8,86.0,False,,low,0.0,NORMAL,13.0,993.8,89.0,OFFLINE,replay,,0.0
2025-01-15T20:00:00+00:00,AWS-DEL-011,12.9,994.1,89.0,False,,low,0.0,NORMAL,12.9,993.8,90.0,OFFLINE,replay,,0.0
2025-01-15T21:00:00+00:00,AWS-DEL-011,13.0,994.4,89.0,False,,low,0.0,NORMAL,12.5,994.6,91.0,OFFLINE,replay,,0.0
2025-01-15T22:00:00+00:00,AWS-DEL-011,12.9,994.5,90.0,False,,low,0.0,NORMAL,12.4,994.5,91.0,OFFLINE,replay,,0.0
2025-01-15T23:00:00+00:00,AWS-DEL-011,12.2,993.9,93.0,False,,low,0.0,NORMAL,11.6,993.4,93.0,OFFLINE,replay,,0.0
2025-01-16T00:00:00+00:00,AWS-DEL-011,12.0,993.8,92.0,False,,low,0.0,NORMAL,11.5,993.8,94.0,OFFLINE,replay,,0.0
2025-01-16T01:00:00+00:00,AWS-DEL-011,11.6,993.7,93.0,False,,low,0.0,NORMAL,11.1,993.6,95.0,OFFLINE,replay,,0.0
2025-01-16T02:00:00+00:00,AWS-DEL-011,11.1,993.3,95.0,False,,low,0.0,NORMAL,10.6,993.2,97.0,OFFLINE,replay,,0.0
2025-01-16T03:00:00+00:00,AWS-DEL-011,11.7,993.1,95.0,False,,low,0.0,NORMAL,11.2,992.9,95.0,OFFLINE,replay,,0.0
2025-01-16T04:00:00+00:00,AWS-DEL-011,11.6,993.1,95.0,False,,low,0.0,NORMAL,10.9,992.9,95.0,OFFLINE,replay,,0.0
2025-01-16T05:00:00+00:00,AWS-DEL-011,11.8,993.3,94.0,False,,low,0.0,NORMAL,11.0,993.2,96.0,OFFLINE,replay,,0.0
2025-01-16T06:00:00+00:00,AWS-DEL-011,12.2,994.5,94.0,False,,low,0.0,NORMAL,11.9,994.3,96.0,OFFLINE,replay,,0.0
2025-01-16T07:00:00+00:00,AWS-DEL-011,12.3,995.3,94.0,False,,low,0.0,NORMAL,12.1,995.2,95.0,OFFLINE,replay,,0.0
2025-01-16T08:00:00+00:00,AWS-DEL-011,12.6,995.9,93.0,False,,low,0.0,NORMAL,12.6,995.7,95.0,OFFLINE,replay,,0.0
2025-01-16T09:00:00+00:00,AWS-DEL-011,13.1,996.9,93.0,False,,low,0.0,NORMAL,13.4,996.9,91.0,OFFLINE,replay,,0.0
2025-01-16T10:00:00+00:00,AWS-DEL-011,14.5,997.5,87.0,False,,low,0.0,NORMAL,15.1,997.1,80.0,OFFLINE,replay,,0.0
2025-01-16T11:00:00+00:00,AWS-DEL-011,16.2,997.1,75.0,False,,low,0.0,NORMAL,16.7,997.0,69.0,OFFLINE,replay,,0.0
2025-01-16T12:00:00+00:00,AWS-DEL-011,17.0,996.3,70.0,False,,low,0.0,NORMAL,17.6,996.2,62.0,OFFLINE,replay,,0.0
2025-01-16T13:00:00+00:00,AWS-DEL-011,17.4,995.4,67.0,False,,low,0.0,NORMAL,18.3,995.1,61.0,OFFLINE,replay,,0.0
2025-01-16T14:00:00+00:00,AWS-DEL-011,18.0,994.8,63.0,True,spike,high,85.4,FUSED_CONSENSUS,18.7,994.5,59.0,OFFLINE,replay,,85.4
2025-01-16T15:00:00+00:00,AWS-DEL-011,18.0,994.8,62.0,True,spike,high,86.0,FUSED_CONSENSUS,18.9,994.3,57.0,OFFLINE,replay,,86.0
2025-01-16T16:00:00+00:00,AWS-DEL-011,17.8,994.7,63.0,True,spike,high,85.4,FUSED_CONSENSUS,18.1,994.3,59.0,OFFLINE,replay,,85.4
2025-01-16T17:00:00+00:00,AWS-DEL-011,17.0,994.8,73.0,False,,low,0.0,NORMAL,16.4,994.5,70.0,OFFLINE,replay,,0.0
2025-01-16T18:00:00+00:00,AWS-DEL-011,14.7,995.8,80.0,False,,low,0.0,NORMAL,14.5,995.6,83.0,OFFLINE,replay,,0.0
2025-01-16T19:00:00+00:00,AWS-DEL-011,13.8,996.4,83.0,False,,low,0.0,NORMAL,13.8,996.2,86.0,OFFLINE,replay,,0.0
2025-01-16T20:00:00+00:00,AWS-DEL-011,13.3,997.1,85.0,False,,low,0.0,NORMAL,13.0,996.8,88.0,OFFLINE,replay,,0.0
2025-01-16T21:00:00+00:00,AWS-DEL-011,12.6,997.5,86.0,False,,low,0.0,NORMAL,12.0,997.1,90.0,OFFLINE,replay,,0.0
2025-01-16T22:00:00+00:00,AWS-DEL-011,12.1,997.5,88.0,False,,low,0.0,NORMAL,11.5,997.0,89.0,OFFLINE,replay,,0.0
2025-01-16T23:00:00+00:00,AWS-DEL-011,11.5,997.2,89.0,False,,low,0.0,NORMAL,10.7,996.7,91.0,OFFLINE,replay,,0.0
2025-01-17T00:00:00+00:00,AWS-DEL-011,11.1,996.7,91.0,False,,low,0.0,NORMAL,10.3,996.3,92.0,OFFLINE,replay,,0.0
2025-01-17T01:00:00+00:00,AWS-DEL-011,11.0,996.2,90.0,False,,low,0.0,NORMAL,10.2,995.7,92.0,OFFLINE,replay,,0.0
2025-01-17T02:00:00+00:00,AWS-DEL-011,11.0,995.8,89.0,False,,low,0.0,NORMAL,9.8,995.3,93.0,OFFLINE,replay,,0.0
2025-01-17T03:00:00+00:00,AWS-DEL-011,10.7,995.5,90.0,False,,low,0.0,NORMAL,9.8,995.1,93.0,OFFLINE,replay,,0.0
2025-01-17T04:00:00+00:00,AWS-DEL-011,10.3,995.2,89.0,True,spike,high,85.5,FUSED_CONSENSUS,9.3,994.8,94.0,OFFLINE,replay,,85.5
2025-01-17T05:00:00+00:00,AWS-DEL-011,9.8,995.4,89.0,True,spike,high,86.4,FUSED_CONSENSUS,9.2,994.9,93.0,OFFLINE,replay,,86.4
2025-01-17T06:00:00+00:00,AWS-DEL-011,9.3,995.9,94.0,True,spike,high,87.4,FUSED_CONSENSUS,9.4,995.6,96.0,OFFLINE,replay,,87.4
2025-01-17T07:00:00+00:00,AWS-DEL-011,9.2,996.3,94.0,True,spike,high,87.5,FUSED_CONSENSUS,9.3,995.8,95.0,OFFLINE,replay,,87.5
2025-01-17T08:00:00+00:00,AWS-DEL-011,10.7,996.9,91.0,False,,low,0.0,NORMAL,10.8,996.3,92.0,OFFLINE,replay,,0.0
2025-01-17T09:00:00+00:00,AWS-DEL-011,12.4,997.6,87.0,False,,low,0.0,NORMAL,12.7,997.2,86.0,OFFLINE,replay,,0.0
2025-01-17T10:00:00+00:00,AWS-DEL-011,14.3,997.7,81.0,False,,low,0.0,NORMAL,14.8,997.2,78.0,OFFLINE,replay,,0.0
2025-01-17T11:00:00+00:00,AWS-DEL-011,16.2,996.7,74.0,False,,low,0.0,NORMAL,16.8,996.1,70.0,OFFLINE,replay,,0.0
2025-01-17T12:00:00+00:00,AWS-DEL-011,17.6,995.2,67.0,False,,low,0.0,NORMAL,18.4,994.7,61.0,OFFLINE,replay,,0.0
2025-01-17T13:00:00+00:00,AWS-DEL-011,18.5,993.8,62.0,True,spike,high,86.0,FUSED_CONSENSUS,19.2,993.3,56.0,OFFLINE,replay,,86.0
2025-01-17T14:00:00+00:00,AWS-DEL-011,18.9,992.8,58.0,True,spike,high,88.4,FUSED_CONSENSUS,19.6,992.2,53.0,OFFLINE,replay,,88.4
2025-01-17T15:00:00+00:00,AWS-DEL-011,18.8,992.4,58.0,True,spike,high,88.4,FUSED_CONSENSUS,19.4,991.9,53.0,OFFLINE,replay,,88.4
2025-01-17T16:00:00+00:00,AWS-DEL-011,18.0,992.2,61.0,True,spike,high,86.6,FUSED_CONSENSUS,18.5,991.7,59.0,OFFLINE,replay,,86.6
2025-01-17T17:00:00+00:00,AWS-DEL-011,16.2,992.6072378897544,69.0,False,,low,0.0,NORMAL,15.8,991.7,71.0,OFFLINE,replay,,0.0
2025-01-17T18:00:00+00:00,AWS-DEL-011,14.2,994.014475779509,76.0,False,,low,0.0,NORMAL,13.2,992.6,81.0,OFFLINE,replay,,0.0
2025-01-17T19:00:00+00:00,AWS-DEL-011,13.3,994.7217136692636,79.0,False,,low,0.0,NORMAL,12.5,992.9,83.0,OFFLINE,replay,,0.0
2025-01-17T20:00:00+00:00,AWS-DEL-011,12.6,995.628951559018,82.0,False,,low,0.0,NORMAL,11.7,993.2,86.0,OFFLINE,replay,,0.0
2025-01-17T21:00:00+00:00,AWS-DEL-011,11.8,996.2361894487724,85.0,False,,low,0.0,NORMAL,10.8,993.2,89.0,OFFLINE,replay,,0.0
2025-01-17T22:00:00+00:00,AWS-DEL-011,10.7,996.643427338527,89.0,False,,low,0.0,NORMAL,10.1,993.2,91.0,OFFLINE,replay,,0.0
2025-01-17T23:00:00+00:00,AWS-DEL-011,10.2,997.3506652282812,91.0,True,spike,high,85.7,FUSED_CONSENSUS,9.5,993.2,94.0,OFFLINE,replay,,85.7
2025-01-18T00:00:00+00:00,AWS-DEL-011,9.7,997.6579031180358,93.0,True,spike,high,86.6,FUSED_CONSENSUS,8.9,993.1,96.0,OFFLINE,replay,,86.6
2025-01-18T01:00:00+00:00,AWS-DEL-011,8.8,997.3651410077904,96.0,True,spike,high,88.3,FUSED_CONSENSUS,8.6,992.4,97.0,OFFLINE,replay,,88.3
2025-01-18T02:00:00+00:00,AWS-DEL-011,8.4,997.3723788975448,97.0,True,spike,high,89.0,FUSED_CONSENSUS,7.7,991.8,98.0,OFFLINE,replay,,89.0
2025-01-18T03:00:00+00:00,AWS-DEL-011,8.2,997.7796167872992,99.0,True,spike,high,89.3,FUSED_CONSENSUS,7.4,991.7,98.0,OFFLINE,replay,,89.3
2025-01-18T04:00:00+00:00,AWS-DEL-011,7.9,998.5868546770538,100.0,True,spike,high,89.9,FUSED_CONSENSUS,7.0,992.0,99.0,OFFLINE,replay,,89.9
2025-01-18T05:00:00+00:00,AWS-DEL-011,7.8,999.0940925668084,99.0,True,spike,high,89.9,FUSED_CONSENSUS,7.1,992.3,99.0,OFFLINE,replay,,89.9
2025-01-18T06:00:00+00:00,AWS-DEL-011,9.5,1000.4013304565628,99.0,True,spike,high,87.0,FUSED_CONSENSUS,9.4,993.2,100.0,OFFLINE,replay,,87.0
2025-01-18T07:00:00+00:00,AWS-DEL-011,9.7,1002.0085683463172,97.0,True,spike,high,88.7,FUSED_CONSENSUS,9.6,994.1,99.0,OFFLINE,replay,,88.7
2025-01-18T08:00:00+00:00,AWS-DEL-011,10.0,1003.6158062360718,98.0,True,spike,high,89.9,FUSED_CONSENSUS,9.9,995.2,99.0,OFFLINE,replay,,89.9
2025-01-18T09:00:00+00:00,AWS-DEL-011,10.7,1005.1230441258264,96.0,True,spike,high,89.9,FUSED_CONSENSUS,10.8,996.0,97.0,OFFLINE,replay,,89.9
2025-01-18T10:00:00+00:00,AWS-DEL-011,12.7,1005.4302820155808,89.0,True,spike,high,89.9,FUSED_CONSENSUS,12.8,996.1,86.0,OFFLINE,replay,,89.9
2025-01-18T11:00:00+00:00,AWS-DEL-011,14.0,1004.9375199053352,84.0,True,spike,high,89.9,FUSED_CONSENSUS,14.6,995.0,81.0,OFFLINE,replay,,89.9
2025-01-18T12:00:00+00:00,AWS-DEL-011,15.6,1004.0447577950896,77.38714487921166,True,spike,high,89.9,FUSED_CONSENSUS,16.0,993.7,76.0,OFFLINE,replay,,89.9
2025-01-18T13:00:00+00:00,AWS-DEL-011,17.1,1003.551995684844,69.77428975842332,True,spike,high,89.9,FUSED_CONSENSUS,17.5,992.6,67.0,OFFLINE,replay,,89.9
2025-01-18T14:00:00+00:00,AWS-DEL-011,17.8,1003.5592335745986,66.16143463763498,True,spike,high,89.9,FUSED_CONSENSUS,18.3,991.9,61.0,OFFLINE,replay,,89.9
2025-01-18T15:00:00+00:00,AWS-DEL-011,17.8,1003.1664714643532,63.54857951684664,True,spike,high,89.9,FUSED_CONSENSUS,18.3,991.4,60.0,OFFLINE,replay,,89.9
2025-01-18T16:00:00+00:00,AWS-DEL-011,17.6,1003.1737093541076,64.93572439605829,True,spike,high,89.9,FUSED_CONSENSUS,17.7,990.7,62.0,OFFLINE,replay,,89.9
2025-01-18T17:00:00+00:00,AWS-DEL-011,16.0,1003.680947243862,74.32286927526995,True,spike,high,89.9,FUSED_CONSENSUS,15.2,990.5,76.0,OFFLINE,replay,,89.9
2025-01-18T18:00:00+00:00,AWS-DEL-011,15.1,1004.8881851336166,81.71001415448161,True,spike,high,89.9,FUSED_CONSENSUS,13.7,991.2,85.0,OFFLINE,replay,,89.9
2025-01-18T19:00:00+00:00,AWS-DEL-011,14.1,1005.495423023371,84.09715903369327,True,spike,high,89.9,FUSED_CONSENSUS,12.9,991.4,89.0,OFFLINE,replay,,89.9
2025-01-18T20:00:00+00:00,AWS-DEL-011,13.2,991.9,87.48430391290493,False,,low,0.0,NORMAL,11.6,991.3,92.0,OFFLINE,replay,,0.0
2025-01-18T21:00:00+00:00,AWS-DEL-011,12.3,991.9,90.8714487921166,False,,low,0.0,NORMAL,10.8,991.4,95.0,OFFLINE,replay,,0.0
2025-01-18T22:00:00+00:00,AWS-DEL-011,11.1,992.0,96.25859367132824,False,,low,0.0,NORMAL,10.0,991.7,97.0,OFFLINE,replay,,0.0
2025-01-18T23:00:00+00:00,AWS-DEL-011,10.1,992.0,100.0,True,spike,high,87.2,FUSED_CONSENSUS,9.4,991.7,96.0,OFFLINE,replay,,87.2
2025-01-19T00:00:00+00:00,AWS-DEL-011,9.7,991.9,100.0,True,spike,high,87.2,FUSED_CONSENSUS,9.0,991.5,97.0,OFFLINE,replay,,87.2
2025-01-19T01:00:00+00:00,AWS-DEL-011,9.4,991.8,100.0,True,spike,high,87.2,FUSED_CONSENSUS,8.8,991.5,99.0,OFFLINE,replay,,87.2
2025-01-19T02:00:00+00:00,AWS-DEL-011,9.2,991.4,100.0,True,spike,high,87.5,FUSED_CONSENSUS,8.4,991.1,100.0,OFFLINE,replay,,87.5
2026-09-22T08:30:00+00:00,AWS-DEL-011,36.1,983.3,36.0,False,,low,0.0,NORMAL,34.3,983.1,44.0,HEALTHY,live,,0.0
2025-01-01T00:00:00+00:00,AWS-DEL-011,8.3,994.3,100.0,False,,low,0.0,NORMAL,7.6,993.9,98.0,HEALTHY,replay,,0.0
2025-01-01T01:00:00+00:00,AWS-DEL-011,8.0,993.7,100.0,False,,low,0.0,NORMAL,7.1,993.2,100.0,HEALTHY,replay,,0.0
2025-01-01T02:00:00+00:00,AWS-DEL-011,7.8,993.3,100.0,False,,low,0.0,NORMAL,7.0,992.8,100.0,HEALTHY,replay,,0.0
2025-01-01T03:00:00+00:00,AWS-DEL-011,8.0,993.1,99.0,False,,low,0.0,NORMAL,7.3,992.6,100.0,HEALTHY,replay,,0.0
2025-01-01T04:00:00+00:00,AWS-DEL-011,7.7,992.9,98.0,False,,low,0.0,NORMAL,7.3,992.4,100.0,HEALTHY,replay,,0.0
2025-01-01T05:00:00+00:00,AWS-DEL-011,7.8,993.0,97.0,False,,low,0.0,NORMAL,7.5,992.4,99.0,HEALTHY,replay,,0.0
2025-01-01T06:00:00+00:00,AWS-DEL-011,8.4,993.7,96.0,False,,low,0.0,NORMAL,8.3,993.4,99.0,HEALTHY,replay,,0.0
2025-01-01T07:00:00+00:00,AWS-DEL-011,8.5,994.2,95.0,False,,low,0.0,NORMAL,8.3,993.7,99.0,HEALTHY,replay,,0.0
2025-01-01T08:00:00+00:00,AWS-DEL-011,8.9,994.7,93.0,False,,low,0.0,NORMAL,8.7,994.2,99.0,HEALTHY,replay,,0.0
2025-01-01T09:00:00+00:00,AWS-DEL-011,9.5,995.2,97.0,False,,low,0.0,NORMAL,9.9,994.9,94.0,HEALTHY,replay,,0.0
2025-01-01T10:00:00+00:00,AWS-DEL-011,11.3,995.4,89.0,False,,low,0.0,NORMAL,12.6,995.0,81.0,HEALTHY,replay,,0.0
2025-01-01T11:00:00+00:00,AWS-DEL-011,13.2,994.9,82.0,False,,low,0.0,NORMAL,14.1,994.5,76.0,HEALTHY,replay,,0.0
2025-01-01T12:00:00+00:00,AWS-DEL-011,14.6,993.8,78.0,False,,low,0.0,NORMAL,15.4,993.3,71.0,HEALTHY,replay,,0.0
2025-01-01T13:00:00+00:00,AWS-DEL-011,15.8,992.5,73.0,False,,low,0.0,NORMAL,16.4,992.1,68.0,HEALTHY,replay,,0.0
2025-01-01T14:00:00+00:00,AWS-DEL-011,16.6,991.7,71.0,False,,low,0.0,NORMAL,17.0,991.3,67.0,HEALTHY,replay,,0.0
2025-01-01T15:00:00+00:00,AWS-DEL-011,16.8,991.3,70.0,False,,low,0.0,NORMAL,17.1,990.9,67.0,HEALTHY,replay,,0.0
2025-01-01T16:00:00+00:00,AWS-DEL-011,16.3,991.3,73.0,False,,low,0.0,NORMAL,16.6,990.9,71.0,HEALTHY,replay,,0.0
2025-01-01T17:00:00+00:00,AWS-DEL-011,14.7,991.4,80.0,False,,low,0.0,NORMAL,14.1,990.9,81.0,HEALTHY,replay,,0.0
2025-01-01T18:00:00+00:00,AWS-DEL-011,12.2,993.0,86.0,False,,low,0.0,NORMAL,11.5,992.7,90.0,HEALTHY,replay,,0.0
2025-01-01T19:00:00+00:00,AWS-DEL-011,12.120238069363904,993.3,88.0,False,,low,0.0,NORMAL,10.9,992.9,91.0,HEALTHY,replay,,0.0
2025-01-01T20:00:00+00:00,AWS-DEL-011,12.038945824535809,993.7,90.0,False,,low,0.0,NORMAL,10.2,993.4,92.0,HEALTHY,replay,,0.0
2025-01-01T21:00:00+00:00,AWS-DEL-011,12.012826773260953,993.8,91.0,False,,low,0.0,NORMAL,9.6,993.4,94.0,HEALTHY,replay,,0.0
2025-01-01T22:00:00+00:00,AWS-DEL-011,12.006764228917756,993.6,93.0,False,,low,0.0,NORMAL,9.0,993.2,96.0,HEALTHY,replay,,0.0
2025-01-01T23:00:00+00:00,AWS-DEL-011,11.961255995694748,993.2,94.0,False,,low,0.0,NORMAL,8.7,992.8,97.0,HEALTHY,replay,,0.0
2025-01-02T00:00:00+00:00,AWS-DEL-011,11.987785836886244,992.5,95.0,False,,low,2.0,NORMAL,8.3,992.0,97.0,HEALTHY,replay,3.4,0.0
2025-01-02T01:00:00+00:00,AWS-DEL-011,12.05086205537269,991.8,96.0,False,,low,3.6,NORMAL,8.1,991.4,97.0,HEALTHY,replay,6.0,0.0
2025-01-02T02:00:00+00:00,AWS-DEL-011,12.004434384933903,991.5,96.0,False,,low,2.0,NORMAL,7.6,991.0,98.0,HEALTHY,replay,3.3,0.0
2025-01-02T03:00:00+00:00,AWS-DEL-011,8.5,991.4,97.0,False,,low,1.0,NORMAL,7.8,991.0,98.0,HEALTHY,replay,1.7,0.0
2025-01-02T04:00:00+00:00,AWS-DEL-011,8.5,991.3,97.0,False,,low,1.1,NORMAL,7.9,990.7,98.0,HEALTHY,replay,1.9,0.0
2025-01-02T05:00:00+00:00,AWS-DEL-011,8.8,991.5,97.0,False,,low,1.2,NORMAL,8.5,991.0,97.0,HEALTHY,replay,2.1,0.0
2025-01-02T06:00:00+00:00,AWS-DEL-011,8.7,992.4,97.0,False,,low,0.7,NORMAL,8.8,992.0,98.0,HEALTHY,replay,1.2,0.0
2025-01-02T07:00:00+00:00,AWS-DEL-011,8.7,992.7,96.0,False,,low,0.8,NORMAL,8.7,992.4,97.0,HEALTHY,replay,1.4,0.0
2025-01-02T08:00:00+00:00,AWS-DEL-011,9.9,993.7,93.0,False,,low,1.0,NORMAL,10.1,993.2,94.0,HEALTHY,replay,1.6,0.0
2025-01-02T09:00:00+00:00,AWS-DEL-011,11.7,994.5,90.0,False,,low,1.8,NORMAL,12.0,994.2,86.0,HEALTHY,replay,2.9,0.0
2025-01-02T10:00:00+00:00,AWS-DEL-011,13.6,994.8,82.0,False,,low,4.7,NORMAL,14.0,994.5,77.0,HEALTHY,replay,7.9,0.0
2025-01-02T11:00:00+00:00,AWS-DEL-011,15.2,994.3,76.0,False,,low,3.6,NORMAL,15.7,993.9,70.0,HEALTHY,replay,6.0,0.0
2025-01-02T12:00:00+00:00,AWS-DEL-011,16.5,993.5,71.0,False,,low,3.1,NORMAL,17.1,993.0,65.0,HEALTHY,replay,5.2,0.0
2025-01-02T13:00:00+00:00,AWS-DEL-011,17.6,992.6,66.0,False,,low,3.1,NORMAL,18.2,992.1,62.0,HEALTHY,replay,5.1,0.0
2025-01-02T14:00:00+00:00,AWS-DEL-011,18.2,992.5635316602544,65.0,False,,low,2.3,NORMAL,18.9,991.4,60.0,HEALTHY,replay,3.9,0.0
2025-01-02T15:00:00+00:00,AWS-DEL-011,18.2,992.534404105319,65.0,False,,low,3.1,NORMAL,18.9,991.3,61.0,HEALTHY,replay,5.1,0.0
2025-01-02T16:00:00+00:00,AWS-DEL-011,17.6,992.5784884806232,69.0,False,,low,2.0,NORMAL,18.0,991.4,68.0,HEALTHY,replay,3.4,0.0
2025-01-02T17:00:00+00:00,AWS-DEL-011,15.7,992.6024819137652,78.0,False,,low,1.9,NORMAL,15.4,991.2,77.0,HEALTHY,replay,3.2,0.0
2025-01-02T18:00:00+00:00,AWS-DEL-011,13.6,992.6145672356698,81.0,False,,low,2.1,NORMAL,13.0,992.3,83.0,HEALTHY,replay,3.4,0.0
2025-01-02T19:00:00+00:00,AWS-DEL-011,13.1,992.6136950475736,83.0,False,,low,0.5,NORMAL,12.5,992.3,85.0,HEALTHY,replay,0.9,0.0
2025-01-02T20:00:00+00:00,AWS-DEL-011,12.6,992.571742914178,84.0,False,,low,0.4,NORMAL,11.7,992.5,85.0,HEALTHY,replay,0.7,0.0
2025-01-02T21:00:00+00:00,AWS-DEL-011,11.8,993.2,87.0,False,,low,0.3,NORMAL,11.3,992.6,87.0,HEALTHY,replay,0.6,0.0
2025-01-02T22:00:00+00:00,AWS-DEL-011,11.0,993.3,90.0,False,,low,0.3,NORMAL,10.0,992.9,91.0,HEALTHY,replay,0.5,0.0
2025-01-02T23:00:00+00:00,AWS-DEL-011,10.2,992.8,92.0,False,,low,0.4,NORMAL,9.5,992.6,93.0,HEALTHY,replay,0.7,0.0
2025-01-03T00:00:00+00:00,AWS-DEL-011,9.7,992.4,93.0,False,,low,0.4,NORMAL,9.0,992.1,94.0,HEALTHY,replay,0.7,0.0
2025-01-03T01:00:00+00:00,AWS-DEL-011,9.4,992.0,93.0,False,,low,0.3,NORMAL,8.7,991.8,95.0,HEALTHY,replay,0.6,0.0
2025-01-03T02:00:00+00:00,AWS-DEL-011,9.0,991.6,94.0,False,,low,0.3,NORMAL,8.2,991.4,97.0,HEALTHY,replay,0.5,0.0
2025-01-03T03:00:00+00:00,AWS-DEL-011,9.2,991.6,94.0,False,,low,0.3,NORMAL,8.3,991.1,97.0,HEALTHY,replay,0.5,0.0
2025-01-03T04:00:00+00:00,AWS-DEL-011,8.9,991.6,96.0,False,,low,0.5,NORMAL,8.1,991.3,97.0,HEALTHY,replay,0.8,0.0
2025-01-03T05:00:00+00:00,AWS-DEL-011,8.6,991.8,98.0,False,,low,1.0,NORMAL,7.9,991.4,97.0,HEALTHY,replay,1.7,0.0
2025-01-03T06:00:00+00:00,AWS-DEL-011,9.3,992.5,99.0,False,,low,0.7,NORMAL,8.7,992.2,100.0,HEALTHY,replay,1.2,0.0
2025-01-03T07:00:00+00:00,AWS-DEL-011,9.2,993.1,96.0,False,,low,0.5,NORMAL,8.2,992.6,100.0,HEALTHY,replay,0.8,0.0
2025-01-03T08:00:00+00:00,AWS-DEL-011,9.8,994.1,96.0,False,,low,0.7,NORMAL,9.7,993.9,98.0,HEALTHY,replay,1.2,0.0
2025-01-03T09:00:00+00:00,AWS-DEL-011,11.0,994.9,95.0,False,,low,1.2,NORMAL,10.8,994.9,97.0,HEALTHY,replay,2.0,0.0
2025-01-03T10:00:00+00:00,AWS-DEL-011,12.8,995.3,92.0,False,,low,1.2,NORMAL,13.8,995.2,86.0,HEALTHY,replay,2.1,0.0
2025-01-03T11:00:00+00:00,AWS-DEL-011,15.2,994.8,82.0,False,,low,2.5,NORMAL,16.2,994.5,74.0,HEALTHY,replay,4.1,0.0
2025-01-03T12:00:00+00:00,AWS-DEL-011,17.3,993.6,72.0,False,,low,2.9,NORMAL,18.0,993.3,66.0,HEALTHY,replay,4.9,0.0
2025-01-03T13:00:00+00:00,AWS-DEL-011,18.7,992.7,64.0,False,,low,3.9,NORMAL,19.4,992.3,59.0,HEALTHY,replay,6.5,0.0
2025-01-03T14:00:00+00:00,AWS-DEL-011,19.4,991.9,62.0,False,,low,3.2,NORMAL,20.1,991.5,58.0,HEALTHY,replay,5.3,0.0
2025-01-03T15:00:00+00:00,AWS-DEL-011,19.6,991.4,61.0,False,,low,2.4,NORMAL,20.0,991.0,60.0,HEALTHY,replay,4.0,0.0
2025-01-03T16:00:00+00:00,AWS-DEL-011,19.0,990.9,70.0,False,,low,2.3,NORMAL,19.0,990.6,70.0,HEALTHY,replay,3.8,0.0
2025-01-03T17:00:00+00:00,AWS-DEL-011,16.7,990.8,78.0,False,,low,1.4,NORMAL,16.2,990.4,80.0,HEALTHY,replay,2.3,0.0
2025-01-03T18:00:00+00:00,AWS-DEL-011,14.7,991.7,82.0,False,,low,1.0,NORMAL,13.8,991.3,82.0,HEALTHY,replay,1.6,0.0
2025-01-03T19:00:00+00:00,AWS-DEL-011,13.7,991.8,86.0,False,,low,0.3,NORMAL,13.0,991.3,86.0,HEALTHY,replay,0.6,0.0
2025-01-03T20:00:00+00:00,AWS-DEL-011,12.8,991.9,89.0,False,,low,0.2,NORMAL,12.1,991.4,88.0,HEALTHY,replay,0.4,0.0
2025-01-03T21:00:00+00:00,AWS-DEL-011,12.0,991.8,90.0,False,,low,0.3,NORMAL,11.5,991.4,90.0,HEALTHY,replay,0.5,0.0
2025-01-03T22:00:00+00:00,AWS-DEL-011,11.4,991.4,91.0,False,,low,0.2,NORMAL,10.9,991.0,92.0,HEALTHY,replay,0.4,0.0
2025-01-03T23:00:00+00:00,AWS-DEL-011,10.9,991.0,91.0,False,,low,0.2,NORMAL,10.2,990.7,94.0,HEALTHY,replay,0.4,0.0
2025-01-04T00:00:00+00:00,AWS-DEL-011,10.3,990.5,92.0,False,,low,0.2,NORMAL,9.6,990.1,95.0,HEALTHY,replay,0.3,0.0
2025-01-04T01:00:00+00:00,AWS-DEL-011,9.7,990.1,95.0,False,,low,0.2,NORMAL,9.3,989.8,94.0,HEALTHY,replay,0.4,0.0
2025-01-04T02:00:00+00:00,AWS-DEL-011,9.3,989.6,97.0,False,,low,0.3,NORMAL,8.7,989.3,93.0,HEALTHY,replay,0.6,0.0
2025-01-04T03:00:00+00:00,AWS-DEL-011,9.0,989.1,96.0,False,,low,0.8,NORMAL,8.3,988.8,96.0,HEALTHY,replay,1.4,0.0
2025-01-04T04:00:00+00:00,AWS-DEL-011,8.4,988.8,97.0,False,,low,1.1,NORMAL,7.7,988.5,99.0,HEALTHY,replay,1.8,0.0
2025-01-04T05:00:00+00:00,AWS-DEL-011,8.6,989.0,99.0,False,,low,2.3,NORMAL,7.2,988.7,100.0,HEALTHY,replay,3.9,0.0
2025-01-04T06:00:00+00:00,AWS-DEL-011,9.0,990.2,98.0,False,,low,1.1,NORMAL,7.9,989.9,100.0,HEALTHY,replay,1.9,0.0
2025-01-04T07:00:00+00:00,AWS-DEL-011,9.2,990.9,98.0,False,,low,1.1,NORMAL,8.2,990.5,99.0,HEALTHY,replay,1.8,0.0
2025-01-04T08:00:00+00:00,AWS-DEL-011,10.0,991.7,98.0,False,,low,1.3,NORMAL,9.1,991.6,98.0,HEALTHY,replay,2.1,0.0
2025-01-04T09:00:00+00:00,AWS-DEL-011,11.9,992.5,97.0,False,,low,2.1,NORMAL,10.9,992.3,96.0,HEALTHY,replay,3.6,0.0
2025-01-04T10:00:00+00:00,AWS-DEL-011,14.4,992.7,91.0,False,,low,2.1,NORMAL,11.8,992.5,92.0,HEALTHY,replay,3.5,0.0
2025-01-04T11:00:00+00:00,AWS-DEL-011,17.0,992.2,82.0,False,,low,2.6,NORMAL,14.5,992.3,88.0,HEALTHY,replay,4.4,0.0
2025-01-04T12:00:00+00:00,AWS-DEL-011,19.3,991.2,74.0,False,,low,7.1,NORMAL,17.3,991.2,75.0,HEALTHY,replay,11.8,0.0
2025-01-04T13:00:00+00:00,AWS-DEL-011,20.4,990.2,70.0,False,,low,5.8,NORMAL,19.3,990.1,67.0,HEALTHY,replay,9.6,0.0
2025-01-04T14:00:00+00:00,AWS-DEL-011,21.0,989.3,69.0,False,,low,7.4,NORMAL,20.3,989.2,64.0,HEALTHY,replay,12.4,0.0
2025-01-04T15:00:00+00:00,AWS-DEL-011,21.1,988.9,69.0,False,,low,4.9,NORMAL,20.5,988.8,65.0,HEALTHY,replay,8.2,0.0
2025-01-04T16:00:00+00:00,AWS-DEL-011,20.3,988.6,74.0,False,,low,2.2,NORMAL,19.6,988.5,74.0,HEALTHY,replay,3.7,0.0
2025-01-04T17:00:00+00:00,AWS-DEL-011,17.7,988.6,84.0,False,,low,3.4,NORMAL,16.5,988.4,84.0,HEALTHY,replay,5.6,0.0
2025-01-04T18:00:00+00:00,AWS-DEL-011,14.5,989.8,86.0,False,,low,3.2,NORMAL,13.1,989.6,90.0,HEALTHY,replay,5.4,0.0
2025-01-04T19:00:00+00:00,AWS-DEL-011,13.9,990.4,89.0,False,,low,0.7,NORMAL,12.3,990.1,93.0,HEALTHY,replay,1.2,0.0
2025-01-04T20:00:00+00:00,AWS-DEL-011,13.2,990.8,92.0,False,,low,0.2,NORMAL,11.6,990.7,95.0,HEALTHY,replay,0.4,0.0
2025-01-04T21:00:00+00:00,AWS-DEL-011,12.6,991.0,94.0,False,,low,0.1,NORMAL,10.7,990.7,97.0,HEALTHY,replay,0.2,0.0
2025-01-04T22:00:00+00:00,AWS-DEL-011,12.0,990.7,95.0,False,,low,0.2,NORMAL,10.1,990.4,98.0,HEALTHY,replay,0.3,0.0
2025-01-04T23:00:00+00:00,AWS-DEL-011,11.1,990.3,96.0,False,,low,0.2,NORMAL,9.6,990.0,98.0,HEALTHY,replay,0.4,0.0
2025-01-05T00:00:00+00:00,AWS-DEL-011,10.4,989.8,96.0,False,,low,0.2,NORMAL,9.0,989.5,98.0,HEALTHY,replay,0.4,0.0
2025-01-05T01:00:00+00:00,AWS-DEL-011,9.3,989.4,97.0,False,,low,0.2,NORMAL,8.2,989.2,98.0,HEALTHY,replay,0.3,0.0
2025-01-05T02:00:00+00:00,AWS-DEL-011,9.3,989.3,98.0,False,,low,0.2,NORMAL,7.7,988.9,100.0,HEALTHY,replay,0.4,0.0
2025-01-05T03:00:00+00:00,AWS-DEL-011,9.2,989.4,98.0,False,,low,0.4,NORMAL,7.3,989.0,100.0,HEALTHY,replay,0.6,0.0
2025-01-05T04:00:00+00:00,AWS-DEL-011,9.3,989.4,99.0,False,,low,0.5,NORMAL,7.0,989.0,100.0,HEALTHY,replay,0.8,0.0
2025-01-05T05:00:00+00:00,AWS-DEL-011,9.9,989.7,100.0,False,,low,0.9,NORMAL,7.2,989.3,100.0,HEALTHY,replay,1.4,0.0
2025-01-05T06:00:00+00:00,AWS-DEL-011,9.9,990.6,98.0,False,,low,0.4,NORMAL,8.1,990.2,99.0,HEALTHY,replay,0.7,0.0
2025-01-05T07:00:00+00:00,AWS-DEL-011,9.7,991.1,98.0,False,,low,0.4,NORMAL,8.5,991.0,100.0,HEALTHY,replay,0.6,0.0
2025-01-05T08:00:00+00:00,AWS-DEL-011,9.7,991.9,97.0,False,,low,0.3,NORMAL,9.1,991.8,98.0,HEALTHY,replay,0.4,0.0
2025-01-05T09:00:00+00:00,AWS-DEL-011,10.1,992.7,97.0,False,,low,0.7,NORMAL,10.1,992.7,97.0,HEALTHY,replay,1.1,0.0
2025-01-05T10:00:00+00:00,AWS-DEL-011,11.7,993.0,91.0,False,,low,0.6,NORMAL,11.9,992.9,89.0,HEALTHY,replay,1.1,0.0
2025-01-05T11:00:00+00:00,AWS-DEL-011,14.0,992.4,84.0,False,,low,1.0,NORMAL,14.5,992.4,81.0,HEALTHY,replay,1.7,0.0
2025-01-05T12:00:00+00:00,AWS-DEL-011,15.7,991.3,79.0,False,,low,1.9,NORMAL,16.4,991.3,75.0,HEALTHY,replay,3.1,0.0
2025-01-05T13:00:00+00:00,AWS-DEL-011,17.1,990.3,75.0,False,,low,1.4,NORMAL,17.7,990.2,71.0,HEALTHY,replay,2.4,0.0
2025-01-05T14:00:00+00:00,AWS-DEL-011,17.9,989.7,71.0,False,,low,1.3,NORMAL,18.5,989.6,68.0,HEALTHY,replay,2.1,0.0
2025-01-05T15:00:00+00:00,AWS-DEL-011,18.1,989.3,71.0,False,,low,1.0,NORMAL,18.6,989.2,67.0,HEALTHY,replay,1.6,0.0
2025-01-05T16:00:00+00:00,AWS-DEL-011,17.6,988.9,74.0,False,,low,0.5,NORMAL,17.9,988.9,72.0,HEALTHY,replay,0.8,0.0
2025-01-05T17:00:00+00:00,AWS-DEL-011,16.0,973.1903784303872,81.0,True,spike,high,79.5,FUSED_CONSENSUS,15.5,988.6,84.0,HEALTHY,replay,73.7,88.3
2025-01-05T18:00:00+00:00,AWS-DEL-011,13.8,984.4395007998852,87.0,False,,low,51.6,NORMAL,13.2,989.4,91.0,HEALTHY,replay,85.9,0.0
2025-01-05T19:00:00+00:00,AWS-DEL-011,13.2,988.2718101236892,90.0,False,,low,4.0,NORMAL,12.2,989.7,93.0,HEALTHY,replay,6.7,0.0
2025-01-05T20:00:00+00:00,AWS-DEL-011,12.6,990.1212497410102,91.0,False,,low,2.5,NORMAL,11.5,990.5,94.0,HEALTHY,replay,4.2,0.0
2025-01-05T21:00:00+00:00,AWS-DEL-011,12.2,990.8061834137138,92.0,False,,low,1.8,NORMAL,11.1,990.8,95.0,HEALTHY,replay,3.0,0.0
2025-01-05T22:00:00+00:00,AWS-DEL-011,11.5,991.2,94.0,False,,low,0.6,NORMAL,10.6,990.9,95.0,HEALTHY,replay,1.1,0.0
2025-01-05T23:00:00+00:00,AWS-DEL-011,5.0,999.4090007120112,95.0,True,drift,critical,94.6,RULE_ENGINE_BYPASS,9.7,990.7,96.0,HEALTHY,replay,95.3,93.6
2025-01-06T00:00:00+00:00,AWS-DEL-011,5.0,997.5290676308248,82.06332889666407,True,drift,critical,96.7,RULE_ENGINE_BYPASS,9.3,990.4,97.0,HEALTHY,replay,98.8,93.6
2025-01-06T01:00:00+00:00,AWS-DEL-011,5.0,997.5848717181992,95.0,True,drift,high,88.5,RULE_ENGINE_BYPASS,9.0,990.1,99.0,OFFLINE,replay,85.1,93.6
2025-01-06T02:00:00+00:00,AWS-DEL-011,16.164079601998516,982.8712966100773,95.0,True,multivariate_inconsistency,medium,69.8,FUSED_CONSENSUS,8.3,989.9,100.0,OFFLINE,replay,86.3,45.0
2025-01-06T03:00:00+00:00,AWS-DEL-011,5.0,997.0239109164504,82.79493753484604,True,drift,critical,95.4,RULE_ENGINE_BYPASS,8.9,989.1,99.0,OFFLINE,replay,96.6,93.6
2025-01-06T04:00:00+00:00,AWS-DEL-011,16.074778531661185,981.3523620488452,95.0,True,multivariate_inconsistency,high,72.1,MODEL_OVERRIDE,8.5,988.9,100.0,OFFLINE,replay,90.2,45.0
2025-01-06T05:00:00+00:00,AWS-DEL-011,15.445312296463191,981.560703083408,95.0,True,multivariate_inconsistency,medium,68.9,FUSED_CONSENSUS,8.6,989.9,100.0,OFFLINE,replay,84.9,45.0
2025-01-06T06:00:00+00:00,AWS-DEL-011,9.9,991.1,100.0,False,,low,2.2,NORMAL,9.7,990.7,99.0,HEALTHY,replay,3.6,0.0
2025-01-06T07:00:00+00:00,AWS-DEL-011,10.6,991.4,98.0,False,,low,1.8,NORMAL,10.1,992.1,99.0,OFFLINE,replay,2.9,0.0
2025-01-06T08:00:00+00:00,AWS-DEL-011,10.9,992.3,98.0,False,,low,1.5,NORMAL,10.5,991.3,98.0,OFFLINE,replay,2.6,0.0
2025-01-06T09:00:00+00:00,AWS-DEL-011,12.5,993.7,92.0,False,,low,8.9,NORMAL,11.7,993.6,95.0,OFFLINE,replay,14.9,0.0
2025-01-06T10:00:00+00:00,AWS-DEL-011,49.98755699651475,993.9,88.0,True,multivariate_inconsistency,high,81.9,MODEL_OVERRIDE,13.4,993.6,89.0,OFFLINE,replay,96.4,60.0
2025-01-06T11:00:00+00:00,AWS-DEL-011,15.7,993.2,81.0,False,,low,45.0,NORMAL,15.0,993.1,80.0,OFFLINE,replay,75.0,0.0
2025-01-06T12:00:00+00:00,AWS-DEL-011,16.8,976.9259048572998,77.0,True,spike,high,70.7,MODEL_OVERRIDE,16.7,992.2,73.0,OFFLINE,replay,95.9,33.0
2025-01-06T13:00:00+00:00,AWS-DEL-011,17.5,985.2311497597352,74.0,True,unstructured_anomaly,critical,93.3,ML_MODEL_ISOLATION,17.7,991.3,68.0,WARNING,replay,93.3,0.0
2025-01-06T14:00:00+00:00,AWS-DEL-011,17.9,988.4438506481126,71.0,False,,low,47.4,NORMAL,18.3,990.7,65.0,WARNING,replay,78.9,0.0
2025-01-06T15:00:00+00:00,AWS-DEL-011,18.0,989.7577196361804,73.0,False,,low,14.5,NORMAL,18.4,990.4,66.0,WARNING,replay,24.2,0.0
2025-01-06T16:00:00+00:00,AWS-DEL-011,17.4,990.0750059142664,75.0,False,,low,9.5,NORMAL,17.8,990.0,70.0,WARNING,replay,15.8,0.0
2025-01-06T17:00:00+00:00,AWS-DEL-011,16.1,990.5,80.0,False,,low,4.7,NORMAL,15.7,990.0,82.0,WARNING,replay,7.8,0.0
2025-01-06T18:00:00+00:00,AWS-DEL-011,14.2,991.5,86.0,False,,low,13.8,NORMAL,13.7,991.1,87.0,WARNING,replay,23.1,0.0
2025-01-06T19:00:00+00:00,AWS-DEL-011,13.6,991.7,87.0,False,,low,5.2,NORMAL,13.1,991.2,89.0,WARNING,replay,8.7,0.0
2025-01-06T20:00:00+00:00,AWS-DEL-011,13.5,992.1,87.0,False,,low,1.5,NORMAL,12.4,991.7,91.0,WARNING,replay,2.5,0.0
2025-01-06T21:00:00+00:00,AWS-DEL-011,13.0,992.5,88.0,False,,low,0.6,NORMAL,11.8,991.9,92.0,WARNING,replay,1.1,0.0
2025-01-06T22:00:00+00:00,AWS-DEL-011,12.4,992.6,91.0,False,,low,0.5,NORMAL,12.0,992.1,94.0,WARNING,replay,0.9,0.0
2025-01-06T23:00:00+00:00,AWS-DEL-011,11.9,992.5,94.0,False,,low,0.5,NORMAL,11.7,991.8,95.0,WARNING,replay,0.9,0.0
2025-01-07T00:00:00+00:00,AWS-DEL-011,11.5,992.2,95.0,False,,low,0.5,NORMAL,11.5,991.6,96.0,WARNING,replay,0.8,0.0
2025-01-07T01:00:00+00:00,AWS-DEL-011,11.3,991.8,95.0,False,,low,0.4,NORMAL,11.3,991.2,96.0,WARNING,replay,0.6,0.0
2025-01-07T02:00:00+00:00,AWS-DEL-011,11.0,991.7,95.0,False,,low,0.4,NORMAL,11.1,991.1,97.0,HEALTHY,replay,0.7,0.0
2025-01-07T03:00:00+00:00,AWS-DEL-011,10.7,991.6,96.0,False,,low,0.7,NORMAL,10.8,991.0,97.0,HEALTHY,replay,1.2,0.0
2025-01-07T04:00:00+00:00,AWS-DEL-011,10.4,991.5,97.0,False,,low,1.4,NORMAL,10.5,990.9,97.0,HEALTHY,replay,2.4,0.0
2025-01-07T05:00:00+00:00,AWS-DEL-011,10.2,991.5,0.0510274898882168,True,unstructured_anomaly,critical,97.9,ML_MODEL_ISOLATION,10.2,990.8,98.0,HEALTHY,replay,97.9,0.0
2025-01-07T06:00:00+00:00,AWS-DEL-011,11.3,992.8,0.009165426796121,True,unstructured_anomaly,critical,98.4,ML_MODEL_ISOLATION,11.3,992.3,99.0,HEALTHY,replay,98.4,0.0
2025-01-07T07:00:00+00:00,AWS-DEL-011,11.1,993.6,0.0474098045645912,True,unstructured_anomaly,critical,97.6,ML_MODEL_ISOLATION,11.3,993.1,100.0,HEALTHY,replay,97.6,0.0
2025-01-07T08:00:00+00:00,AWS-DEL-011,11.2,994.5,0.0181506742701829,True,unstructured_anomaly,critical,98.6,ML_MODEL_ISOLATION,11.6,994.0,97.0,HEALTHY,replay,98.6,0.0
2025-01-07T09:00:00+00:00,AWS-DEL-011,11.7,995.0,97.0,False,,low,21.1,NORMAL,12.3,994.5,93.0,HEALTHY,replay,35.1,0.0
2025-01-07T10:00:00+00:00,AWS-DEL-011,12.9,994.8,92.0,False,,low,18.7,NORMAL,13.7,994.4,87.0,HEALTHY,replay,31.2,0.0
2025-01-07T11:00:00+00:00,AWS-DEL-011,14.2,994.3,86.0,False,,low,15.1,NORMAL,14.9,993.8,81.0,HEALTHY,replay,25.1,0.0
2025-01-07T12:00:00+00:00,AWS-DEL-011,15.6,993.3,79.0,False,,low,4.8,NORMAL,16.2,992.7,75.0,HEALTHY,replay,8.0,0.0
2025-01-07T13:00:00+00:00,AWS-DEL-011,26.07837883571313,992.1414653505352,100.0,True,multivariate_inconsistency,high,78.9,MODEL_OVERRIDE,17.7,991.6,65.0,HEALTHY,replay,96.4,52.5
2025-01-07T14:00:00+00:00,AWS-DEL-011,26.678378835713136,991.393112777278,100.0,True,multivariate_inconsistency,high,80.7,MODEL_OVERRIDE,18.1,990.5,65.0,HEALTHY,replay,97.7,55.3
2025-01-07T15:00:00+00:00,AWS-DEL-011,26.678378835713136,990.1614948577602,100.0,True,spike,critical,90.3,MODEL_OVERRIDE,18.1,989.9,64.0,HEALTHY,replay,93.4,85.7
2025-01-07T16:00:00+00:00,AWS-DEL-011,25.978378835713137,990.1998463055844,100.0,True,spike,critical,90.0,MODEL_OVERRIDE,17.4,989.6,69.0,OFFLINE,replay,92.4,86.4
2025-01-07T17:00:00+00:00,AWS-DEL-011,24.678378835713136,989.7412519082446,100.0,True,spike,high,89.4,MODEL_OVERRIDE,15.2,989.5,78.0,OFFLINE,replay,92.2,85.2
2025-01-07T18:00:00+00:00,AWS-DEL-011,13.8,991.5,86.0,False,,low,26.1,NORMAL,13.2,991.0,87.0,OFFLINE,replay,43.4,0.0
2025-01-07T19:00:00+00:00,AWS-DEL-011,13.3,991.5,87.0,False,,low,17.6,NORMAL,12.4,991.0,90.0,OFFLINE,replay,29.4,0.0
2025-01-07T20:00:00+00:00,AWS-DEL-011,12.8,991.9,89.0,False,,low,16.2,NORMAL,11.9,991.3,92.0,HEALTHY,replay,27.0,0.0
2025-01-07T21:00:00+00:00,AWS-DEL-011,12.2,991.9,91.0,False,,low,2.8,NORMAL,11.4,991.4,93.0,OFFLINE,replay,4.6,0.0
2025-01-07T22:00:00+00:00,AWS-DEL-011,11.7,991.6,91.0,False,,low,2.7,NORMAL,10.8,991.0,94.0,OFFLINE,replay,4.5,0.0
2025-01-07T23:00:00+00:00,AWS-DEL-011,11.2,990.9,90.0,False,,low,17.4,NORMAL,10.6,990.4,94.0,OFFLINE,replay,29.0,0.0
2025-01-08T00:00:00+00:00,AWS-DEL-011,10.7,990.3,89.0,False,,low,14.8,NORMAL,10.4,989.8,93.0,HEALTHY,replay,24.6,0.0
2025-01-08T01:00:00+00:00,AWS-DEL-011,10.2,989.6,88.0,False,,low,4.4,NORMAL,9.7,989.1,93.0,WARNING,replay,7.4,0.0
2025-01-08T02:00:00+00:00,AWS-DEL-011,9.8,989.1,88.0,False,,low,5.8,NORMAL,9.3,988.5,92.0,WARNING,replay,9.7,0.0
2025-01-08T03:00:00+00:00,AWS-DEL-011,35.647244191626605,988.8,88.0,True,spike,critical,93.0,MODEL_OVERRIDE,9.2,988.2,92.0,WARNING,replay,95.0,89.9
2025-01-08T04:00:00+00:00,AWS-DEL-011,17.620794032401697,988.5,87.0,True,unstructured_anomaly,high,89.3,ML_MODEL_ISOLATION,9.0,988.0,91.0,WARNING,replay,89.3,0.0
2025-01-08T05:00:00+00:00,AWS-DEL-011,11.7119405630839,988.7,86.0,False,,low,25.9,NORMAL,8.9,988.1,90.0,WARNING,replay,43.1,0.0
2025-01-08T06:00:00+00:00,AWS-DEL-011,8.9,989.2,88.0,False,,low,12.2,NORMAL,8.8,988.6,92.0,WARNING,replay,20.3,0.0
2025-01-08T07:00:00+00:00,AWS-DEL-011,8.7,990.0,88.0,False,,low,9.0,NORMAL,8.6,989.4,92.0,WARNING,replay,15.1,0.0
2025-01-08T08:00:00+00:00,AWS-DEL-011,9.6,991.0,84.0,False,,low,3.4,NORMAL,9.9,990.5,86.0,WARNING,replay,5.7,0.0
2025-01-08T09:00:00+00:00,AWS-DEL-011,11.3,992.3,80.0,False,,low,9.8,NORMAL,12.0,991.8,78.0,WARNING,replay,16.4,0.0
2025-01-08T10:00:00+00:00,AWS-DEL-011,13.2,992.7,73.0,False,,low,4.9,NORMAL,14.1,992.1,68.0,WARNING,replay,8.1,0.0
2025-01-08T11:00:00+00:00,AWS-DEL-011,15.0,992.1,67.0,False,,low,5.0,NORMAL,16.0,991.5,61.0,WARNING,replay,8.4,0.0
2025-01-08T12:00:00+00:00,AWS-DEL-011,16.7,991.3,62.0,False,,low,11.4,NORMAL,17.5,990.8,56.0,WARNING,replay,19.1,0.0
2025-01-08T13:00:00+00:00,AWS-DEL-011,17.8,990.5,56.0,False,,low,23.3,NORMAL,18.5,990.0,51.0,WARNING,replay,38.9,0.0
2025-01-08T14:00:00+00:00,AWS-DEL-011,18.4,990.0,52.0,False,,low,28.5,NORMAL,19.0,989.5,48.0,WARNING,replay,47.6,0.0
2025-01-08T15:00:00+00:00,AWS-DEL-011,18.3,989.9,52.0,False,,low,17.9,NORMAL,18.9,989.4,48.0,HEALTHY,replay,29.8,0.0
2025-01-08T16:00:00+00:00,AWS-DEL-011,17.6,989.7,57.0,False,,low,14.0,NORMAL,17.8,989.3,54.0,HEALTHY,replay,23.3,0.0
2025-01-08T17:00:00+00:00,AWS-DEL-011,15.4,989.6,67.0,False,,low,3.6,NORMAL,15.1,989.1,66.0,HEALTHY,replay,6.0,0.0
2025-01-08T18:00:00+00:00,AWS-DEL-011,14.7,989.9,71.0,False,,low,2.0,NORMAL,13.9,989.5,71.0,HEALTHY,replay,3.3,0.0
2025-01-08T19:00:00+00:00,AWS-DEL-011,13.8,990.3,73.0,False,,low,1.1,NORMAL,13.0,989.9,75.0,HEALTHY,replay,1.8,0.0
2025-01-08T20:00:00+00:00,AWS-DEL-011,13.0,990.8,75.0,False,,low,0.4,NORMAL,12.2,990.5,76.0,HEALTHY,replay,0.6,0.0
2025-01-08T21:00:00+00:00,AWS-DEL-011,12.3,991.2,76.0,False,,low,0.4,NORMAL,11.1,990.9,78.0,HEALTHY,replay,0.6,0.0
2025-01-08T22:00:00+00:00,AWS-DEL-011,11.7,991.2,76.0,False,,low,0.4,NORMAL,10.5,990.9,79.0,HEALTHY,replay,0.7,0.0
2025-01-08T23:00:00+00:00,AWS-DEL-011,10.9,990.9,79.0,False,,low,0.3,NORMAL,9.8,990.7,81.0,HEALTHY,replay,0.5,0.0
2025-01-09T00:00:00+00:00,AWS-DEL-011,10.1,990.6,82.0,False,,low,0.5,NORMAL,9.0,990.3,85.0,HEALTHY,replay,0.8,0.0
2025-01-09T01:00:00+00:00,AWS-DEL-011,9.3,990.5,85.0,False,,low,0.3,NORMAL,8.4,990.1,88.0,HEALTHY,replay,0.4,0.0
2025-01-09T02:00:00+00:00,AWS-DEL-011,8.9,990.7,85.0,False,,low,0.2,NORMAL,7.9,990.4,89.0,HEALTHY,replay,0.4,0.0
2025-01-09T03:00:00+00:00,AWS-DEL-011,8.5,990.5,85.0,False,,low,0.3,NORMAL,7.3,990.2,91.0,HEALTHY,replay,0.5,0.0
2025-01-09T04:00:00+00:00,AWS-DEL-011,8.2,990.5,86.0,False,,low,0.4,NORMAL,7.1,990.2,91.0,HEALTHY,replay,0.6,0.0
2025-01-09T05:00:00+00:00,AWS-DEL-011,8.0,990.6,86.0,False,,low,1.0,NORMAL,7.0,990.3,92.0,HEALTHY,replay,1.7,0.0
2025-01-09T06:00:00+00:00,AWS-DEL-011,8.3,991.4,87.0,False,,low,0.9,NORMAL,6.4,991.1,99.0,HEALTHY,replay,1.5,0.0
2025-01-09T07:00:00+00:00,AWS-DEL-011,8.3,992.1,87.0,False,,low,0.6,NORMAL,6.0,991.7,100.0,HEALTHY,replay,1.0,0.0
2025-01-09T08:00:00+00:00,AWS-DEL-011,9.1,993.3,90.0,False,,low,0.9,NORMAL,7.7,993.0,98.0,HEALTHY,replay,1.5,0.0
2025-01-09T09:00:00+00:00,AWS-DEL-011,11.8,994.5,87.0,False,,low,6.6,NORMAL,10.3,994.2,94.0,HEALTHY,replay,11.1,0.0
2025-01-09T10:00:00+00:00,AWS-DEL-011,14.8,995.2,77.0,False,,low,8.4,NORMAL,13.8,995.0,82.0,HEALTHY,replay,14.0,0.0
2025-01-09T11:00:00+00:00,AWS-DEL-011,16.5,994.7,67.0,False,,low,5.2,NORMAL,16.2,994.7,68.0,HEALTHY,replay,8.7,0.0
2025-01-09T12:00:00+00:00,AWS-DEL-011,17.5,993.7,62.0,False,,low,1.7,NORMAL,17.6,993.6,60.0,HEALTHY,replay,2.8,0.0
2025-01-09T13:00:00+00:00,AWS-DEL-011,18.3,992.8,58.0,False,,low,0.9,NORMAL,18.5,992.7,54.0,HEALTHY,replay,1.5,0.0
2025-01-09T14:00:00+00:00,AWS-DEL-011,18.7,992.3,56.0,False,,low,0.7,NORMAL,18.9,992.1,52.0,HEALTHY,replay,1.1,0.0
2025-01-09T15:00:00+00:00,AWS-DEL-011,18.7,992.0,55.0,False,,low,0.4,NORMAL,18.9,991.8,53.0,HEALTHY,replay,0.6,0.0
2025-01-09T16:00:00+00:00,AWS-DEL-011,18.2,992.0,61.0,False,,low,0.3,NORMAL,17.9,991.7,63.0,HEALTHY,replay,0.6,0.0
2025-01-09T17:00:00+00:00,AWS-DEL-011,16.4,992.0,66.0,False,,low,0.2,NORMAL,15.4,991.7,69.0,HEALTHY,replay,0.4,0.0
2025-01-09T18:00:00+00:00,AWS-DEL-011,15.1,992.9,72.0,False,,low,0.3,NORMAL,14.1,992.5,77.0,HEALTHY,replay,0.5,0.0
2025-01-09T19:00:00+00:00,AWS-DEL-011,13.8,992.6355907803496,77.0,False,,low,0.2,NORMAL,12.6,992.7,82.0,HEALTHY,replay,0.3,0.0
2025-01-09T20:00:00+00:00,AWS-DEL-011,12.9,992.971181560699,81.0,False,,low,0.2,NORMAL,11.3,993.5,85.0,HEALTHY,replay,0.3,0.0
2025-01-09T21:00:00+00:00,AWS-DEL-011,12.6,993.1067723410486,81.0,False,,low,0.1,NORMAL,10.6,993.9,87.0,HEALTHY,replay,0.2,0.0
2025-01-09T22:00:00+00:00,AWS-DEL-011,12.1,992.842363121398,82.0,False,,low,0.1,NORMAL,9.7,994.0,91.0,HEALTHY,replay,0.2,0.0
2025-01-09T23:00:00+00:00,AWS-DEL-011,11.1,992.2779539017477,86.0,False,,low,0.1,NORMAL,8.9,993.7,92.0,HEALTHY,replay,0.2,0.0
2025-01-10T00:00:00+00:00,AWS-DEL-011,10.3,991.5135446820972,90.0,False,,low,0.2,NORMAL,8.1,993.4,94.0,HEALTHY,replay,0.3,0.0
2025-01-10T01:00:00+00:00,AWS-DEL-011,9.7,990.8491354624464,92.0,False,,low,0.1,NORMAL,7.4,993.0,95.0,HEALTHY,replay,0.2,0.0
2025-01-10T02:00:00+00:00,AWS-DEL-011,9.2,990.284726242796,93.0,False,,low,0.1,NORMAL,7.0,992.9,97.0,HEALTHY,replay,0.2,0.0
2025-01-10T03:00:00+00:00,AWS-DEL-011,8.8,989.8203170231454,94.0,False,,low,0.1,NORMAL,6.6,992.6,98.0,HEALTHY,replay,0.1,0.0
2025-01-10T04:00:00+00:00,AWS-DEL-011,8.6,989.2559078034948,94.0,False,,low,0.2,NORMAL,6.4,992.5,99.0,HEALTHY,replay,0.3,0.0
2025-01-10T05:00:00+00:00,AWS-DEL-011,8.4,989.0914985838444,93.0,False,,low,0.2,NORMAL,6.1,992.8,100.0,HEALTHY,replay,0.4,0.0
2025-01-10T06:00:00+00:00,AWS-DEL-011,8.5,989.927089364194,96.0,False,,low,0.3,NORMAL,6.0,994.0,99.0,HEALTHY,replay,0.5,0.0
2025-01-10T07:00:00+00:00,AWS-DEL-011,7.9,990.3626801445434,99.0,False,,low,0.6,NORMAL,6.5,995.0,100.0,HEALTHY,replay,1.0,0.0
2025-01-10T08:00:00+00:00,AWS-DEL-011,8.8,991.098270924893,98.0,False,,low,0.6,NORMAL,7.2,996.1,99.0,HEALTHY,replay,1.0,0.0
2025-01-10T09:00:00+00:00,AWS-DEL-011,10.9,991.7338617052424,94.0,False,,low,0.9,NORMAL,9.0,997.0,95.0,HEALTHY,replay,1.6,0.0
2025-01-10T10:00:00+00:00,AWS-DEL-011,12.7,991.769452485592,91.0,False,,low,1.0,NORMAL,11.4,997.6,94.0,HEALTHY,replay,1.7,0.0
2025-01-10T11:00:00+00:00,AWS-DEL-011,15.1,990.7050432659414,81.0,False,,low,2.8,NORMAL,14.4,996.9,80.0,HEALTHY,replay,4.6,0.0
2025-01-10T12:00:00+00:00,AWS-DEL-011,16.6,989.2406340462908,72.0,False,,low,9.4,NORMAL,16.5,995.8,71.0,HEALTHY,replay,15.7,0.0
2025-01-10T13:00:00+00:00,AWS-DEL-011,17.5,987.6762248266404,66.0,False,,low,13.4,NORMAL,17.6,994.6,64.0,HEALTHY,replay,22.4,0.0
2025-01-10T14:00:00+00:00,AWS-DEL-011,17.9,986.61181560699,62.0,True,drift,medium,57.2,RULE_ENGINE_BYPASS,18.1,993.8,59.0,HEALTHY,replay,32.9,93.7
2025-01-10T15:00:00+00:00,AWS-DEL-011,17.9,985.7474063873394,60.0,True,drift,high,71.8,RULE_ENGINE_BYPASS,18.1,993.2,57.0,HEALTHY,replay,57.0,94.0
2025-01-10T16:00:00+00:00,AWS-DEL-011,17.2,984.982997167689,63.0,True,drift,high,74.9,RULE_ENGINE_BYPASS,17.3,993.0,64.0,HEALTHY,replay,62.2,94.0
2025-01-10T17:00:00+00:00,AWS-DEL-011,15.2,984.4185879480384,75.0,True,drift,high,73.9,RULE_ENGINE_BYPASS,14.3,992.5,75.0,OFFLINE,replay,60.6,94.0
2025-01-10T18:00:00+00:00,AWS-DEL-011,13.4,984.154178728388,82.0,True,drift,high,78.4,RULE_ENGINE_BYPASS,12.4,992.7,84.0,OFFLINE,replay,68.0,94.0
2025-01-10T19:00:00+00:00,AWS-DEL-011,12.8,984.1897695087374,84.0,True,drift,high,88.3,RULE_ENGINE_BYPASS,11.4,993.1,88.0,OFFLINE,replay,84.6,94.0
2025-01-10T20:00:00+00:00,AWS-DEL-011,11.8,984.2253602890868,88.0,True,drift,critical,92.2,RULE_ENGINE_BYPASS,10.7,993.5,92.0,OFFLINE,replay,91.0,94.0
2025-01-10T21:00:00+00:00,AWS-DEL-011,11.3,984.1609510694364,91.0,True,drift,critical,92.6,RULE_ENGINE_BYPASS,9.5,993.6,94.0,OFFLINE,replay,91.6,94.0
2025-01-10T22:00:00+00:00,AWS-DEL-011,10.7,983.6965418497858,92.0,True,drift,critical,93.6,RULE_ENGINE_BYPASS,8.9,993.6,95.0,OFFLINE,replay,93.4,94.0
2025-01-10T23:00:00+00:00,AWS-DEL-011,10.4,983.0321326301354,92.0,True,drift,critical,93.6,RULE_ENGINE_BYPASS,8.6,993.3,96.0,OFFLINE,replay,93.3,94.0
2025-01-11T00:00:00+00:00,AWS-DEL-011,9.8,982.0677234104847,93.0,True,drift,critical,93.6,RULE_ENGINE_BYPASS,8.3,992.7,96.0,OFFLINE,replay,93.3,94.0
2025-01-11T01:00:00+00:00,AWS-DEL-011,9.5,981.5033141908344,93.0,True,drift,critical,93.0,RULE_ENGINE_BYPASS,8.1,992.6,96.0,OFFLINE,replay,92.4,94.0
2025-01-11T02:00:00+00:00,AWS-DEL-011,8.6,992.7,95.0,False,,low,13.5,NORMAL,8.0,992.5,96.0,OFFLINE,replay,22.5,0.0
2025-01-11T03:00:00+00:00,AWS-DEL-011,8.3,992.6,96.0,False,,low,12.2,NORMAL,7.8,992.5,96.0,OFFLINE,replay,20.3,0.0
2025-01-11T04:00:00+00:00,AWS-DEL-011,8.0,992.5,96.0,False,,low,13.1,NORMAL,7.5,992.3,97.0,HEALTHY,replay,21.8,0.0
2025-01-11T05:00:00+00:00,AWS-DEL-011,8.0,992.9,96.0,False,,low,6.2,NORMAL,7.5,992.7,97.0,OFFLINE,replay,10.4,0.0
2025-01-11T06:00:00+00:00,AWS-DEL-011,9.1,993.4,97.0,False,,low,7.1,NORMAL,8.6,993.4,98.0,OFFLINE,replay,11.9,0.0
2025-01-11T07:00:00+00:00,AWS-DEL-011,9.1,994.0,97.0,False,,low,17.5,NORMAL,8.8,993.9,97.0,OFFLINE,replay,29.2,0.0
2025-01-11T08:00:00+00:00,AWS-DEL-011,10.1,994.8,97.0,False,,low,26.8,NORMAL,9.5,994.5,96.0,HEALTHY,replay,44.7,0.0
2025-01-11T09:00:00+00:00,AWS-DEL-011,11.6,995.5,92.0,False,,low,13.6,NORMAL,11.0,995.4,94.0,WARNING,replay,22.6,0.0
2025-01-11T10:00:00+00:00,AWS-DEL-011,44.32153622602986,995.3,84.0,True,drift,critical,94.7,RULE_ENGINE_BYPASS,13.9,995.3,84.0,WARNING,replay,97.0,91.2
2025-01-11T11:00:00+00:00,AWS-DEL-011,15.3,994.8,79.0,False,,low,13.3,NORMAL,16.0,994.6,75.0,WARNING,replay,22.1,0.0
2025-01-11T12:00:00+00:00,AWS-DEL-011,16.2,993.6,75.0,False,,low,1.1,NORMAL,16.8,993.4,70.0,WARNING,replay,1.9,0.0
2025-01-11T13:00:00+00:00,AWS-DEL-011,16.8,992.6,73.0,False,,low,4.1,NORMAL,17.8,992.4,67.0,WARNING,replay,6.8,0.0
2025-01-11T14:00:00+00:00,AWS-DEL-011,16.8,991.5,71.0,False,,low,4.5,NORMAL,17.4,991.3,68.0,WARNING,replay,7.4,0.0
2025-01-11T15:00:00+00:00,AWS-DEL-011,16.5,991.2,73.0,False,,low,1.4,NORMAL,17.3,990.9,69.0,WARNING,replay,2.4,0.0
2025-01-11T16:00:00+00:00,AWS-DEL-011,16.2,990.7,76.0,False,,low,1.7,NORMAL,16.9,990.6,71.0,WARNING,replay,2.8,0.0
2025-01-11T17:00:00+00:00,AWS-DEL-011,14.9,990.7,84.0,False,,low,1.5,NORMAL,14.9,990.6,84.0,WARNING,replay,2.6,0.0
2025-01-11T18:00:00+00:00,AWS-DEL-011,13.6,992.0,93.0,False,,low,1.6,NORMAL,13.9,992.1,92.0,WARNING,replay,2.6,0.0
2025-01-11T19:00:00+00:00,AWS-DEL-011,13.0,991.8,93.0,False,,low,0.7,NORMAL,13.2,992.5,90.0,WARNING,replay,1.1,0.0
2025-01-11T20:00:00+00:00,AWS-DEL-011,12.7,992.0,86.0,False,,low,1.9,NORMAL,12.6,991.9,92.0,WARNING,replay,3.2,0.0
2025-01-11T21:00:00+00:00,AWS-DEL-011,12.3,992.5,85.0,False,,low,0.7,NORMAL,12.0,992.2,89.0,WARNING,replay,1.1,0.0
2025-01-11T22:00:00+00:00,AWS-DEL-011,11.6,992.6,89.0,False,,low,0.4,NORMAL,12.1,992.5,90.0,HEALTHY,replay,0.6,0.0
2025-01-11T23:00:00+00:00,AWS-DEL-011,11.3,992.8,91.0,False,,low,0.5,NORMAL,11.8,992.6,89.0,HEALTHY,replay,0.8,0.0
2025-01-12T00:00:00+00:00,AWS-DEL-011,11.28716502451228,992.4,90.0,False,,low,0.8,NORMAL,11.7,992.3,92.0,HEALTHY,replay,1.3,0.0
2025-01-12T01:00:00+00:00,AWS-DEL-011,11.278244041169648,992.2,93.0,False,,low,0.7,NORMAL,10.7,992.1,94.0,HEALTHY,replay,1.2,0.0
2025-01-12T02:00:00+00:00,AWS-DEL-011,11.23907276915532,992.0,94.0,False,,low,0.3,NORMAL,10.8,991.8,94.0,HEALTHY,replay,0.4,0.0
2025-01-12T03:00:00+00:00,AWS-DEL-011,11.250867972475826,991.8,95.0,False,,low,0.1,NORMAL,10.7,991.5,94.0,HEALTHY,replay,0.2,0.0
2025-01-12T04:00:00+00:00,AWS-DEL-011,11.203295995181152,991.7,93.0,False,,low,0.4,NORMAL,10.9,991.5,92.0,HEALTHY,replay,0.6,0.0
2025-01-12T05:00:00+00:00,AWS-DEL-011,11.18813183300917,991.9,93.0,False,,low,1.0,NORMAL,10.4,992.0,90.0,HEALTHY,replay,1.6,0.0
2025-01-12T06:00:00+00:00,AWS-DEL-011,11.148480871635742,992.8,96.0,False,,low,2.0,NORMAL,11.4,992.9,91.0,HEALTHY,replay,3.3,0.0
2025-01-12T07:00:00+00:00,AWS-DEL-011,10.2,993.5,96.0,False,,low,4.3,NORMAL,10.9,993.4,92.0,HEALTHY,replay,7.2,0.0
2025-01-12T08:00:00+00:00,AWS-DEL-011,18.64266764449202,987.666719387624,78.85325651929521,True,multivariate_inconsistency,high,77.7,MODEL_OVERRIDE,11.7,994.3,90.0,HEALTHY,replay,99.5,45.0
2025-01-12T09:00:00+00:00,AWS-DEL-011,7.962548712716108,1002.438912868195,95.0,True,spike,low,48.1,FUSED_CONSENSUS,13.5,995.7,93.0,HEALTHY,replay,57.6,33.7
2025-01-12T10:00:00+00:00,AWS-DEL-011,8.199210949499351,1003.8317945424884,95.0,True,spike,low,48.7,FUSED_CONSENSUS,15.5,995.8,83.0,HEALTHY,replay,58.4,34.2
2025-01-12T11:00:00+00:00,AWS-DEL-011,9.71582451972509,1001.997300831404,95.0,True,spike,medium,68.0,FUSED_CONSENSUS,17.3,995.0,74.0,HEALTHY,replay,54.5,88.2
2025-01-12T12:00:00+00:00,AWS-DEL-011,24.57558594878209,987.5073549999726,95.0,True,multivariate_inconsistency,high,81.0,MODEL_OVERRIDE,18.2,993.9,67.0,HEALTHY,replay,97.6,56.2
2025-01-12T13:00:00+00:00,AWS-DEL-011,23.712633639917826,986.1964317917748,89.86527631454919,True,multivariate_inconsistency,high,80.4,MODEL_OVERRIDE,18.5,993.0,67.0,HEALTHY,replay,98.5,53.3
2025-01-12T14:00:00+00:00,AWS-DEL-011,18.0,992.3,70.0,False,,low,51.3,NORMAL,18.7,992.2,63.0,HEALTHY,replay,85.5,0.0
2025-01-12T15:00:00+00:00,AWS-DEL-011,18.0,992.1,67.0,False,,low,43.4,NORMAL,18.4,991.9,62.0,HEALTHY,replay,72.3,0.0
2025-01-12T16:00:00+00:00,AWS-DEL-011,17.9,992.4,67.0,False,,low,36.7,NORMAL,18.0,992.1,65.0,HEALTHY,replay,61.1,0.0
2025-01-12T17:00:00+00:00,AWS-DEL-011,16.3,992.6,77.0,False,,low,2.0,NORMAL,16.2,992.2,74.0,HEALTHY,replay,3.3,0.0
2025-01-12T18:00:00+00:00,AWS-DEL-011,13.4,993.6,91.0,False,,low,9.8,NORMAL,13.0,993.4,93.0,HEALTHY,replay,16.3,0.0
2025-01-12T19:00:00+00:00,AWS-DEL-011,12.9,994.2,92.0,False,,low,7.0,NORMAL,12.4,993.9,94.0,HEALTHY,replay,11.7,0.0
2025-01-12T20:00:00+00:00,AWS-DEL-011,12.8,994.9,93.0,False,,low,6.4,NORMAL,12.5,994.4,93.0,HEALTHY,replay,10.7,0.0
2025-01-12T21:00:00+00:00,AWS-DEL-011,12.3,995.4,94.0,False,,low,3.6,NORMAL,11.8,995.0,94.0,HEALTHY,replay,6.0,0.0
2025-01-12T22:00:00+00:00,AWS-DEL-011,11.7,995.3,95.0,False,,low,3.6,NORMAL,11.3,994.8,95.0,HEALTHY,replay,6.0,0.0
2025-01-12T23:00:00+00:00,AWS-DEL-011,10.6,994.8,96.0,False,,low,2.3,NORMAL,10.9,994.4,95.0,HEALTHY,replay,3.9,0.0
2025-01-13T00:00:00+00:00,AWS-DEL-011,43.17962873554315,994.1,96.0,True,spike,critical,90.9,MODEL_OVERRIDE,10.0,993.6,96.0,WARNING,replay,91.6,89.9
2025-01-13T01:00:00+00:00,AWS-DEL-011,9.8,993.9,96.0,False,,low,1.0,NORMAL,9.6,993.4,96.0,WARNING,replay,1.6,0.0
2025-01-13T02:00:00+00:00,AWS-DEL-011,9.7,993.4,97.0,False,,low,0.9,NORMAL,9.3,992.9,97.0,WARNING,replay,1.5,0.0
2025-01-13T03:00:00+00:00,AWS-DEL-011,9.5,993.2,97.0,False,,low,0.8,NORMAL,9.1,992.7,97.0,WARNING,replay,1.3,0.0
2025-01-13T04:00:00+00:00,AWS-DEL-011,9.4,993.1,98.0,False,,low,1.1,NORMAL,9.2,992.6,97.0,WARNING,replay,1.8,0.0
2025-01-13T05:00:00+00:00,AWS-DEL-011,9.2,993.3,99.0,False,,low,2.3,NORMAL,9.0,992.8,98.0,WARNING,replay,3.9,0.0
2025-01-13T06:00:00+00:00,AWS-DEL-011,9.9,1006.921878021676,98.0,False,spike,low,43.0,NORMAL,9.9,993.2,98.0,WARNING,replay,49.2,33.8
2025-01-13T07:00:00+00:00,AWS-DEL-011,9.8,1000.5521540123664,97.0,False,,low,36.8,NORMAL,9.7,993.5,98.0,WARNING,replay,61.4,0.0
2025-01-13T08:00:00+00:00,AWS-DEL-011,10.8,998.0469458674016,94.0,False,,low,28.0,NORMAL,10.8,994.4,95.0,WARNING,replay,46.6,0.0
2025-01-13T09:00:00+00:00,AWS-DEL-011,12.2,995.4,92.0,False,,low,6.8,NORMAL,12.6,995.0,90.0,WARNING,replay,11.4,0.0
2025-01-13T10:00:00+00:00,AWS-DEL-011,14.1,995.5,83.0,False,,low,20.2,NORMAL,14.7,995.0,81.0,HEALTHY,replay,33.7,0.0
2025-01-13T11:00:00+00:00,AWS-DEL-011,15.7,994.8,77.0,False,,low,24.6,NORMAL,16.6,994.3,73.0,HEALTHY,replay,41.0,0.0
2025-01-13T12:00:00+00:00,AWS-DEL-011,17.2,993.5,73.0,False,,low,32.2,NORMAL,18.1,993.1,67.0,HEALTHY,replay,53.7,0.0
2025-01-13T13:00:00+00:00,AWS-DEL-011,18.3,992.4,68.0,False,,low,49.3,NORMAL,19.2,991.9,63.0,HEALTHY,replay,82.1,0.0
2025-01-13T14:00:00+00:00,AWS-DEL-011,18.9,991.8,65.0,False,,low,36.6,NORMAL,19.8,991.3,59.0,HEALTHY,replay,61.0,0.0
2025-01-13T15:00:00+00:00,AWS-DEL-011,19.0,991.5,65.0,False,,low,29.1,NORMAL,19.8,991.1,58.0,HEALTHY,replay,48.5,0.0
2025-01-13T16:00:00+00:00,AWS-DEL-011,11.907357643861534,999.1903158587468,49.91848676692908,True,multivariate_inconsistency,high,82.3,MODEL_OVERRIDE,19.0,990.8,64.0,HEALTHY,replay,97.2,60.0
2025-01-13T17:00:00+00:00,AWS-DEL-011,23.322240878297432,983.8611716086198,95.0,True,multivariate_inconsistency,high,81.0,MODEL_OVERRIDE,16.2,990.8,77.0,HEALTHY,replay,99.4,53.5
2025-01-13T18:00:00+00:00,AWS-DEL-011,22.6656748972227,985.1463466777508,95.0,True,multivariate_inconsistency,high,79.8,MODEL_OVERRIDE,14.4,991.5,83.0,HEALTHY,replay,98.1,52.3
2025-01-13T19:00:00+00:00,AWS-DEL-011,20.263863055879355,984.7534628763711,95.0,True,multivariate_inconsistency,high,74.8,MODEL_OVERRIDE,13.6,991.9,87.0,WARNING,replay,92.3,48.7
2025-01-13T20:00:00+00:00,AWS-DEL-011,8.023889120720069,999.7913389157704,69.04841319910562,True,multivariate_inconsistency,high,77.4,MODEL_OVERRIDE,13.6,992.0,89.0,OFFLINE,replay,96.2,49.2
2025-01-13T21:00:00+00:00,AWS-DEL-011,13.4,993.0,86.0,False,,low,23.6,NORMAL,13.2,992.5,90.0,OFFLINE,replay,39.4,0.0
2025-01-13T22:00:00+00:00,AWS-DEL-011,12.8,992.8,88.0,False,,low,33.4,NORMAL,12.6,992.3,91.0,OFFLINE,replay,55.7,0.0
2025-01-13T23:00:00+00:00,AWS-DEL-011,12.2,992.5,90.0,False,,low,37.8,NORMAL,11.9,992.0,93.0,HEALTHY,replay,63.0,0.0
2025-01-14T00:00:00+00:00,AWS-DEL-011,11.6,992.2,91.0,False,,low,5.3,NORMAL,11.2,991.6,93.0,OFFLINE,replay,8.8,0.0
2025-01-14T01:00:00+00:00,AWS-DEL-011,11.1,991.9,93.0,False,,low,6.3,NORMAL,10.7,991.4,94.0,OFFLINE,replay,10.6,0.0
2025-01-14T02:00:00+00:00,AWS-DEL-011,10.7,991.5,-0.0599916118338664,True,spike,critical,99.0,RULE_ENGINE_BYPASS,10.1,991.1,95.0,OFFLINE,replay,98.4,100.0
2025-01-14T03:00:00+00:00,AWS-DEL-011,9.9,991.3,-0.0036260941582562,True,spike,critical,99.3,RULE_ENGINE_BYPASS,9.3,990.8,96.0,WARNING,replay,98.8,100.0
2025-01-14T04:00:00+00:00,AWS-DEL-011,9.5,991.2,0.0192528493862864,True,multivariate_inconsistency,high,83.2,MODEL_OVERRIDE,8.8,990.8,96.0,OFFLINE,replay,98.7,60.0
2025-01-14T05:00:00+00:00,AWS-DEL-011,9.0,991.4,0.0108974696177521,True,multivariate_inconsistency,high,82.4,MODEL_OVERRIDE,8.4,991.0,96.0,OFFLINE,replay,97.3,60.0
2025-01-14T06:00:00+00:00,AWS-DEL-011,9.1,992.9,96.0,False,,low,20.4,NORMAL,8.6,992.5,97.0,OFFLINE,replay,34.0,0.0
2025-01-14T07:00:00+00:00,AWS-DEL-011,8.7,993.6,97.0,False,,low,18.6,NORMAL,8.4,993.1,97.0,OFFLINE,replay,31.1,0.0
2025-01-14T08:00:00+00:00,AWS-DEL-011,10.0,994.5,95.0,False,,low,9.9,NORMAL,10.3,994.0,95.0,WARNING,replay,16.5,0.0
2025-01-14T09:00:00+00:00,AWS-DEL-011,11.9,995.5,90.0,False,,low,5.7,NORMAL,12.2,995.2,88.0,OFFLINE,replay,9.6,0.0
2025-01-14T10:00:00+00:00,AWS-DEL-011,13.7,996.0,83.0,False,,low,10.9,NORMAL,14.3,995.8,80.0,OFFLINE,replay,18.2,0.0
2025-01-14T11:00:00+00:00,AWS-DEL-011,15.4,995.7,75.0,False,,low,13.8,NORMAL,16.1,995.4,72.0,OFFLINE,replay,23.0,0.0
2025-01-14T12:00:00+00:00,AWS-DEL-011,16.7,994.8,70.0,False,,low,13.7,NORMAL,17.5,994.6,68.0,WARNING,replay,22.8,0.0
2025-01-14T13:00:00+00:00,AWS-DEL-011,17.6,994.0,67.0,False,,low,3.2,NORMAL,18.4,993.7,64.0,WARNING,replay,5.4,0.0
2025-01-14T14:00:00+00:00,AWS-DEL-011,18.1,993.3,64.0,False,,low,6.1,NORMAL,18.9,993.0,62.0,WARNING,replay,10.1,0.0
2025-01-14T15:00:00+00:00,AWS-DEL-011,18.2,993.0,64.0,False,,low,5.9,NORMAL,18.9,992.8,61.0,WARNING,replay,9.8,0.0
2025-01-14T16:00:00+00:00,AWS-DEL-011,17.8,993.0,66.0,False,,low,8.9,NORMAL,18.2,992.7,64.0,WARNING,replay,14.9,0.0
2025-01-14T17:00:00+00:00,AWS-DEL-011,16.2,993.0,74.0,False,,low,6.0,NORMAL,15.7,992.6,77.0,WARNING,replay,10.1,0.0
2025-01-14T18:00:00+00:00,AWS-DEL-011,15.4,993.7,76.0,False,,low,1.4,NORMAL,14.3,993.3,83.0,WARNING,replay,2.4,0.0
2025-01-14T19:00:00+00:00,AWS-DEL-011,14.4,994.0,80.0,False,,low,0.8,NORMAL,13.4,993.5,83.0,WARNING,replay,1.3,0.0
2025-01-14T20:00:00+00:00,AWS-DEL-011,14.1,994.3,80.0,False,,low,0.8,NORMAL,12.3,993.9,87.0,WARNING,replay,1.3,0.0
2025-01-14T21:00:00+00:00,AWS-DEL-011,13.3,994.4,82.0,False,,low,0.7,NORMAL,11.6,994.0,91.0,WARNING,replay,1.2,0.0
2025-01-14T22:00:00+00:00,AWS-DEL-011,13.3,994.7,82.0,False,,low,1.0,NORMAL,11.1,994.4,93.0,WARNING,replay,1.7,0.0
2025-01-14T23:00:00+00:00,AWS-DEL-011,12.4,994.6,85.0,False,,low,0.7,NORMAL,10.4,994.1,96.0,WARNING,replay,1.2,0.0
2025-01-15T00:00:00+00:00,AWS-DEL-011,11.9,1004.3790776840935,88.0,True,drift,high,72.5,RULE_ENGINE_BYPASS,9.8,993.9,99.0,WARNING,replay,58.1,94.0
2025-01-15T01:00:00+00:00,AWS-DEL-011,11.4,994.3,90.0,False,,low,0.6,NORMAL,9.4,993.8,100.0,WARNING,replay,1.0,0.0
2025-01-15T02:00:00+00:00,AWS-DEL-011,10.6,993.8,93.0,False,,low,1.2,NORMAL,9.0,993.5,100.0,HEALTHY,replay,2.1,0.0
2025-01-15T03:00:00+00:00,AWS-DEL-011,9.5,993.8,99.0,False,,low,1.1,NORMAL,8.3,993.6,100.0,HEALTHY,replay,1.9,0.0
2025-01-15T04:00:00+00:00,AWS-DEL-011,9.3,994.0,99.0,False,,low,0.7,NORMAL,7.6,993.6,100.0,HEALTHY,replay,1.1,0.0
2025-01-15T05:00:00+00:00,AWS-DEL-011,9.1,994.3,99.0,False,,low,1.9,NORMAL,8.1,993.9,100.0,HEALTHY,replay,3.2,0.0
2025-01-15T06:00:00+00:00,AWS-DEL-011,9.1,995.0,99.0,False,,low,2.0,NORMAL,7.8,994.8,99.0,HEALTHY,replay,3.3,0.0
2025-01-15T07:00:00+00:00,AWS-DEL-011,9.2,995.7,98.0,False,,low,2.9,NORMAL,8.1,995.6,98.0,HEALTHY,replay,4.8,0.0
2025-01-15T08:00:00+00:00,AWS-DEL-011,9.7,996.5,98.0,False,,low,8.1,NORMAL,8.5,996.3,97.0,HEALTHY,replay,13.5,0.0
2025-01-15T09:00:00+00:00,AWS-DEL-011,11.0,997.2,93.0,False,,low,7.9,NORMAL,10.6,997.0,96.0,HEALTHY,replay,13.1,0.0
2025-01-15T10:00:00+00:00,AWS-DEL-011,12.6,997.5,94.0,False,,low,15.4,NORMAL,12.3,997.4,94.0,HEALTHY,replay,25.6,0.0
2025-01-15T11:00:00+00:00,AWS-DEL-011,15.2,996.9,87.0,False,,low,3.8,NORMAL,15.8,996.7,83.0,HEALTHY,replay,6.4,0.0
2025-01-15T12:00:00+00:00,AWS-DEL-011,17.1,995.4,79.0,False,,low,11.6,NORMAL,17.8,995.3,73.0,HEALTHY,replay,19.3,0.0
2025-01-15T13:00:00+00:00,AWS-DEL-011,18.0,993.9,69.0,False,,low,8.3,NORMAL,18.4,993.8,66.0,HEALTHY,replay,13.9,0.0
2025-01-15T14:00:00+00:00,AWS-DEL-011,18.3,992.8,67.0,False,,low,3.8,NORMAL,18.9,992.7,62.0,HEALTHY,replay,6.3,0.0
2025-01-15T15:00:00+00:00,AWS-DEL-011,18.4,992.6,66.0,False,,low,1.3,NORMAL,18.9,992.4,62.0,HEALTHY,replay,2.1,0.0
2025-01-15T16:00:00+00:00,AWS-DEL-011,18.0,992.3,67.0,False,,low,0.8,NORMAL,18.3,992.0,66.0,HEALTHY,replay,1.3,0.0
2025-01-15T17:00:00+00:00,AWS-DEL-011,16.3,992.0,78.0,False,,low,1.1,NORMAL,16.0,991.8,78.0,HEALTHY,replay,1.8,0.0
2025-01-15T18:00:00+00:00,AWS-DEL-011,14.2,993.4,82.0,False,,low,0.7,NORMAL,13.4,992.9,86.0,HEALTHY,replay,1.2,0.0
2025-01-15T19:00:00+00:00,AWS-DEL-011,13.6,993.8,86.0,False,,low,0.5,NORMAL,13.0,993.8,89.0,HEALTHY,replay,0.9,0.0
2025-01-15T20:00:00+00:00,AWS-DEL-011,12.9,994.1,89.0,False,,low,0.2,NORMAL,12.9,993.8,90.0,HEALTHY,replay,0.3,0.0
2025-01-15T21:00:00+00:00,AWS-DEL-011,13.0,994.4,89.0,False,,low,0.2,NORMAL,12.5,994.6,91.0,HEALTHY,replay,0.3,0.0
2025-01-15T22:00:00+00:00,AWS-DEL-011,12.9,994.5,90.0,False,,low,0.1,NORMAL,12.4,994.5,91.0,HEALTHY,replay,0.2,0.0
2025-01-15T23:00:00+00:00,AWS-DEL-011,12.2,993.9,93.0,False,,low,0.2,NORMAL,11.6,993.4,93.0,HEALTHY,replay,0.3,0.0
2025-01-16T00:00:00+00:00,AWS-DEL-011,12.0,993.8,92.0,False,,low,0.3,NORMAL,11.5,993.8,94.0,HEALTHY,replay,0.5,0.0
2025-01-16T01:00:00+00:00,AWS-DEL-011,11.6,993.7,93.0,False,,low,0.3,NORMAL,11.1,993.6,95.0,HEALTHY,replay,0.4,0.0
2025-01-16T02:00:00+00:00,AWS-DEL-011,11.1,993.3,95.0,False,,low,0.2,NORMAL,10.6,993.2,97.0,HEALTHY,replay,0.3,0.0
2025-01-16T03:00:00+00:00,AWS-DEL-011,11.7,993.1,95.0,False,,low,0.3,NORMAL,11.2,992.9,95.0,HEALTHY,replay,0.6,0.0
2025-01-16T04:00:00+00:00,AWS-DEL-011,11.6,993.1,95.0,False,,low,0.7,NORMAL,10.9,992.9,95.0,HEALTHY,replay,1.2,0.0
2025-01-16T05:00:00+00:00,AWS-DEL-011,11.8,993.3,94.0,False,,low,1.1,NORMAL,11.0,993.2,96.0,HEALTHY,replay,1.9,0.0
2025-01-16T06:00:00+00:00,AWS-DEL-011,12.2,994.5,94.0,False,,low,0.9,NORMAL,11.9,994.3,96.0,HEALTHY,replay,1.4,0.0
2025-01-16T07:00:00+00:00,AWS-DEL-011,12.3,995.3,94.0,False,,low,1.1,NORMAL,12.1,995.2,95.0,HEALTHY,replay,1.9,0.0
2025-01-16T08:00:00+00:00,AWS-DEL-011,12.6,995.9,93.0,False,,low,1.1,NORMAL,12.6,995.7,95.0,HEALTHY,replay,1.8,0.0
2025-01-16T09:00:00+00:00,AWS-DEL-011,13.1,996.9,93.0,False,,low,1.8,NORMAL,13.4,996.9,91.0,HEALTHY,replay,3.0,0.0
2025-01-16T10:00:00+00:00,AWS-DEL-011,14.5,997.5,87.0,False,,low,2.3,NORMAL,15.1,997.1,80.0,HEALTHY,replay,3.9,0.0
2025-01-16T11:00:00+00:00,AWS-DEL-011,16.2,997.1,75.0,False,,low,3.8,NORMAL,16.7,997.0,69.0,HEALTHY,replay,6.4,0.0
2025-01-16T12:00:00+00:00,AWS-DEL-011,17.0,996.3,70.0,False,,low,1.7,NORMAL,17.6,996.2,62.0,HEALTHY,replay,2.8,0.0
2025-01-16T13:00:00+00:00,AWS-DEL-011,17.4,995.4,67.0,False,,low,0.9,NORMAL,18.3,995.1,61.0,HEALTHY,replay,1.5,0.0
2025-01-16T14:00:00+00:00,AWS-DEL-011,18.0,994.8,63.0,False,,low,0.8,NORMAL,18.7,994.5,59.0,HEALTHY,replay,1.4,0.0
2025-01-16T15:00:00+00:00,AWS-DEL-011,18.0,994.8,62.0,False,,low,0.7,NORMAL,18.9,994.3,57.0,HEALTHY,replay,1.2,0.0
2025-01-16T16:00:00+00:00,AWS-DEL-011,17.8,994.7,63.0,False,,low,0.8,NORMAL,18.1,994.3,59.0,HEALTHY,replay,1.4,0.0
2025-01-16T17:00:00+00:00,AWS-DEL-011,17.0,994.8,73.0,False,,low,1.1,NORMAL,16.4,994.5,70.0,HEALTHY,replay,1.8,0.0
2025-01-16T18:00:00+00:00,AWS-DEL-011,14.7,995.8,80.0,False,,low,1.2,NORMAL,14.5,995.6,83.0,HEALTHY,replay,2.0,0.0
2025-01-16T19:00:00+00:00,AWS-DEL-011,13.8,996.4,83.0,False,,low,0.7,NORMAL,13.8,996.2,86.0,HEALTHY,replay,1.1,0.0
2025-01-16T20:00:00+00:00,AWS-DEL-011,13.3,997.1,85.0,False,,low,0.5,NORMAL,13.0,996.8,88.0,HEALTHY,replay,0.8,0.0
2025-01-16T21:00:00+00:00,AWS-DEL-011,12.6,997.5,86.0,False,,low,0.3,NORMAL,12.0,997.1,90.0,HEALTHY,replay,0.5,0.0
2025-01-16T22:00:00+00:00,AWS-DEL-011,12.1,997.5,88.0,False,,low,0.2,NORMAL,11.5,997.0,89.0,HEALTHY,replay,0.4,0.0
2025-01-16T23:00:00+00:00,AWS-DEL-011,11.5,997.2,89.0,False,,low,0.3,NORMAL,10.7,996.7,91.0,HEALTHY,replay,0.5,0.0
2025-01-17T00:00:00+00:00,AWS-DEL-011,11.1,996.7,91.0,False,,low,0.2,NORMAL,10.3,996.3,92.0,HEALTHY,replay,0.4,0.0
2025-01-17T01:00:00+00:00,AWS-DEL-011,11.0,996.2,90.0,False,,low,0.2,NORMAL,10.2,995.7,92.0,HEALTHY,replay,0.4,0.0
2025-01-17T02:00:00+00:00,AWS-DEL-011,11.0,995.8,89.0,False,,low,0.2,NORMAL,9.8,995.3,93.0,HEALTHY,replay,0.3,0.0
2025-01-17T03:00:00+00:00,AWS-DEL-011,10.7,995.5,90.0,False,,low,0.2,NORMAL,9.8,995.1,93.0,HEALTHY,replay,0.3,0.0
2025-01-17T04:00:00+00:00,AWS-DEL-011,10.3,995.2,89.0,False,,low,0.2,NORMAL,9.3,994.8,94.0,HEALTHY,replay,0.4,0.0
2025-01-17T05:00:00+00:00,AWS-DEL-011,9.8,995.4,89.0,False,,low,0.5,NORMAL,9.2,994.9,93.0,HEALTHY,replay,0.8,0.0
2025-01-17T06:00:00+00:00,AWS-DEL-011,9.3,995.9,94.0,False,,low,0.6,NORMAL,9.4,995.6,96.0,HEALTHY,replay,0.9,0.0
2025-01-17T07:00:00+00:00,AWS-DEL-011,9.2,996.3,94.0,False,,low,0.5,NORMAL,9.3,995.8,95.0,HEALTHY,replay,0.8,0.0
2025-01-17T08:00:00+00:00,AWS-DEL-011,10.7,996.9,91.0,False,,low,0.8,NORMAL,10.8,996.3,92.0,HEALTHY,replay,1.3,0.0
2025-01-17T09:00:00+00:00,AWS-DEL-011,12.4,997.6,87.0,False,,low,0.8,NORMAL,12.7,997.2,86.0,HEALTHY,replay,1.3,0.0
2025-01-17T10:00:00+00:00,AWS-DEL-011,14.3,997.7,81.0,False,,low,1.1,NORMAL,14.8,997.2,78.0,HEALTHY,replay,1.8,0.0
2025-01-17T11:00:00+00:00,AWS-DEL-011,16.2,996.7,74.0,False,,low,3.7,NORMAL,16.8,996.1,70.0,HEALTHY,replay,6.1,0.0
2025-01-17T12:00:00+00:00,AWS-DEL-011,17.6,995.2,67.0,False,,low,5.9,NORMAL,18.4,994.7,61.0,HEALTHY,replay,9.8,0.0
2025-01-17T13:00:00+00:00,AWS-DEL-011,18.5,993.8,62.0,False,,low,8.8,NORMAL,19.2,993.3,56.0,HEALTHY,replay,14.6,0.0
2025-01-17T14:00:00+00:00,AWS-DEL-011,18.9,992.8,58.0,False,,low,9.2,NORMAL,19.6,992.2,53.0,HEALTHY,replay,15.3,0.0
2025-01-17T15:00:00+00:00,AWS-DEL-011,18.8,992.4,58.0,False,,low,3.5,NORMAL,19.4,991.9,53.0,HEALTHY,replay,5.8,0.0
2025-01-17T16:00:00+00:00,AWS-DEL-011,18.0,992.2,61.0,False,,low,1.2,NORMAL,18.5,991.7,59.0,HEALTHY,replay,2.0,0.0
2025-01-17T17:00:00+00:00,AWS-DEL-011,16.2,992.6072378897544,69.0,False,,low,1.0,NORMAL,15.8,991.7,71.0,HEALTHY,replay,1.7,0.0
2025-01-17T18:00:00+00:00,AWS-DEL-011,14.2,994.014475779509,76.0,False,,low,1.1,NORMAL,13.2,992.6,81.0,HEALTHY,replay,1.9,0.0
2025-01-17T19:00:00+00:00,AWS-DEL-011,13.3,994.7217136692636,79.0,False,,low,0.7,NORMAL,12.5,992.9,83.0,HEALTHY,replay,1.2,0.0
2025-01-17T20:00:00+00:00,AWS-DEL-011,12.6,995.628951559018,82.0,False,,low,0.2,NORMAL,11.7,993.2,86.0,HEALTHY,replay,0.4,0.0
2025-01-17T21:00:00+00:00,AWS-DEL-011,11.8,996.2361894487724,85.0,False,,low,0.2,NORMAL,10.8,993.2,89.0,HEALTHY,replay,0.4,0.0
2025-01-17T22:00:00+00:00,AWS-DEL-011,10.7,996.643427338527,89.0,False,,low,0.3,NORMAL,10.1,993.2,91.0,HEALTHY,replay,0.5,0.0
2025-01-17T23:00:00+00:00,AWS-DEL-011,10.2,997.3506652282812,91.0,False,,low,0.3,NORMAL,9.5,993.2,94.0,HEALTHY,replay,0.6,0.0
2025-01-18T00:00:00+00:00,AWS-DEL-011,9.7,997.6579031180358,93.0,False,,low,0.2,NORMAL,8.9,993.1,96.0,HEALTHY,replay,0.3,0.0
2025-01-18T01:00:00+00:00,AWS-DEL-011,8.8,997.3651410077904,96.0,False,,low,0.2,NORMAL,8.6,992.4,97.0,HEALTHY,replay,0.4,0.0
2025-01-18T02:00:00+00:00,AWS-DEL-011,8.4,997.3723788975448,97.0,False,,low,0.3,NORMAL,7.7,991.8,98.0,HEALTHY,replay,0.4,0.0
2025-01-18T03:00:00+00:00,AWS-DEL-011,8.2,997.7796167872992,99.0,False,,low,0.6,NORMAL,7.4,991.7,98.0,HEALTHY,replay,0.9,0.0
2025-01-18T04:00:00+00:00,AWS-DEL-011,7.9,998.5868546770538,100.0,False,,low,1.6,NORMAL,7.0,992.0,99.0,HEALTHY,replay,2.6,0.0
2025-01-18T05:00:00+00:00,AWS-DEL-011,7.8,999.0940925668084,99.0,False,,low,1.0,NORMAL,7.1,992.3,99.0,HEALTHY,replay,1.6,0.0
2025-01-18T06:00:00+00:00,AWS-DEL-011,9.5,1000.4013304565628,99.0,False,,low,5.1,NORMAL,9.4,993.2,100.0,HEALTHY,replay,8.4,0.0
2025-01-18T07:00:00+00:00,AWS-DEL-011,9.7,1002.0085683463172,97.0,True,drift,low,54.7,RULE_ENGINE_BYPASS,9.6,994.1,99.0,HEALTHY,replay,28.4,94.0
2025-01-18T08:00:00+00:00,AWS-DEL-011,10.0,1003.6158062360718,98.0,True,drift,low,53.4,RULE_ENGINE_BYPASS,9.9,995.2,99.0,HEALTHY,replay,26.4,94.0
2025-01-18T09:00:00+00:00,AWS-DEL-011,10.7,1005.1230441258264,96.0,True,drift,low,46.5,RULE_ENGINE_BYPASS,10.8,996.0,97.0,HEALTHY,replay,14.8,94.0
2025-01-18T10:00:00+00:00,AWS-DEL-011,12.7,1005.4302820155808,89.0,True,drift,high,70.4,RULE_ENGINE_BYPASS,12.8,996.1,86.0,OFFLINE,replay,54.7,94.0
2025-01-18T11:00:00+00:00,AWS-DEL-011,14.0,1004.9375199053352,84.0,True,drift,high,79.5,RULE_ENGINE_BYPASS,14.6,995.0,81.0,OFFLINE,replay,69.8,94.0
2025-01-18T12:00:00+00:00,AWS-DEL-011,15.6,1004.0447577950896,77.38714487921166,True,drift,high,89.7,RULE_ENGINE_BYPASS,16.0,993.7,76.0,OFFLINE,replay,86.8,94.0
2025-01-18T13:00:00+00:00,AWS-DEL-011,17.1,1003.551995684844,69.77428975842332,True,drift,critical,91.9,RULE_ENGINE_BYPASS,17.5,992.6,67.0,OFFLINE,replay,90.5,94.0
2025-01-18T14:00:00+00:00,AWS-DEL-011,17.8,1003.5592335745986,66.16143463763498,True,drift,critical,92.9,RULE_ENGINE_BYPASS,18.3,991.9,61.0,OFFLINE,replay,92.1,94.0
2025-01-18T15:00:00+00:00,AWS-DEL-011,17.8,1003.1664714643532,63.54857951684664,True,drift,critical,93.5,RULE_ENGINE_BYPASS,18.3,991.4,60.0,OFFLINE,replay,93.2,94.0
2025-01-18T16:00:00+00:00,AWS-DEL-011,17.6,1003.1737093541076,64.93572439605829,True,drift,critical,94.4,RULE_ENGINE_BYPASS,17.7,990.7,62.0,OFFLINE,replay,94.6,94.0
2025-01-18T17:00:00+00:00,AWS-DEL-011,16.0,1003.680947243862,74.32286927526995,True,drift,critical,94.1,RULE_ENGINE_BYPASS,15.2,990.5,76.0,OFFLINE,replay,94.2,94.0
2025-01-18T18:00:00+00:00,AWS-DEL-011,15.1,1004.8881851336166,81.71001415448161,True,drift,critical,94.6,RULE_ENGINE_BYPASS,13.7,991.2,85.0,OFFLINE,replay,95.0,94.0
2025-01-18T19:00:00+00:00,AWS-DEL-011,14.1,1005.495423023371,84.09715903369327,True,drift,critical,94.5,RULE_ENGINE_BYPASS,12.9,991.4,89.0,OFFLINE,replay,94.8,94.0
2025-01-18T20:00:00+00:00,AWS-DEL-011,13.2,991.9,87.48430391290493,True,unstructured_anomaly,critical,94.8,ML_MODEL_ISOLATION,11.6,991.3,92.0,OFFLINE,replay,94.8,0.0
2025-01-18T21:00:00+00:00,AWS-DEL-011,12.3,991.9,90.8714487921166,True,unstructured_anomaly,critical,91.7,ML_MODEL_ISOLATION,10.8,991.4,95.0,OFFLINE,replay,91.7,0.0
2025-01-18T22:00:00+00:00,AWS-DEL-011,11.1,992.0,96.25859367132824,False,,low,30.9,NORMAL,10.0,991.7,97.0,HEALTHY,replay,51.5,0.0
2025-01-18T23:00:00+00:00,AWS-DEL-011,10.1,992.0,100.0,False,,low,26.9,NORMAL,9.4,991.7,96.0,OFFLINE,replay,44.8,0.0
2025-01-19T00:00:00+00:00,AWS-DEL-011,9.7,991.9,100.0,False,,low,29.2,NORMAL,9.0,991.5,97.0,OFFLINE,replay,48.7,0.0
2025-01-19T01:00:00+00:00,AWS-DEL-011,9.4,991.8,100.0,False,,low,31.7,NORMAL,8.8,991.5,99.0,OFFLINE,replay,52.9,0.0
2025-01-19T02:00:00+00:00,AWS-DEL-011,9.2,991.4,100.0,False,,low,35.9,NORMAL,8.4,991.1,100.0,HEALTHY,replay,59.8,0.0
2025-01-19T03:00:00+00:00,AWS-DEL-011,8.9,991.2,100.0,False,,low,38.8,NORMAL,8.2,991.1,100.0,WARNING,replay,64.7,0.0
2025-01-19T04:00:00+00:00,AWS-DEL-011,9.1,991.2,100.0,False,,low,33.8,NORMAL,8.2,990.8,100.0,WARNING,replay,56.4,0.0
2025-01-19T05:00:00+00:00,AWS-DEL-011,9.0,991.3,100.0,False,,low,44.5,NORMAL,8.2,991.1,99.0,WARNING,replay,74.2,0.0
2025-01-19T06:00:00+00:00,AWS-DEL-011,10.4,992.0,100.0,True,frozen_value,high,77.0,FUSED_CONSENSUS,9.1,991.6,100.0,WARNING,replay,75.0,80.0
2025-01-19T07:00:00+00:00,AWS-DEL-011,10.4,992.7,100.0,True,frozen_value,high,77.0,FUSED_CONSENSUS,9.3,992.5,99.0,WARNING,replay,75.1,80.0
2025-01-19T08:00:00+00:00,AWS-DEL-011,10.9,993.3,100.0,True,frozen_value,high,78.8,FUSED_CONSENSUS,10.2,993.2,97.0,WARNING,replay,78.0,80.0
2025-01-19T09:00:00+00:00,AWS-DEL-011,12.3,994.2,100.0,True,frozen_value,high,82.9,FUSED_CONSENSUS,11.8,994.0,95.0,OFFLINE,replay,84.8,80.0
2025-01-19T10:00:00+00:00,AWS-DEL-011,14.3,994.6,98.90433222186816,False,,low,50.7,NORMAL,14.0,994.5,91.0,OFFLINE,replay,84.6,0.0
2025-01-19T11:00:00+00:00,AWS-DEL-011,16.5,994.3,93.29147710107982,True,unstructured_anomaly,high,89.8,ML_MODEL_ISOLATION,16.7,994.1,81.0,OFFLINE,replay,89.8,0.0
2025-01-19T12:00:00+00:00,AWS-DEL-011,18.7,993.4,82.67862198029147,True,unstructured_anomaly,critical,94.4,ML_MODEL_ISOLATION,19.2,993.2,70.0,WARNING,replay,94.4,0.0
2025-01-19T13:00:00+00:00,AWS-DEL-011,20.2,992.1,77.06576685950313,True,unstructured_anomaly,critical,95.3,ML_MODEL_ISOLATION,20.8,991.9,62.0,OFFLINE,replay,95.3,0.0
2025-01-19T14:00:00+00:00,AWS-DEL-011,21.1,991.2,75.45291173871479,True,unstructured_anomaly,critical,96.8,ML_MODEL_ISOLATION,21.8,991.0,61.0,OFFLINE,replay,96.8,0.0
2025-01-19T15:00:00+00:00,AWS-DEL-011,-39.97718170461866,990.6,75.84005661792645,True,spike,critical,95.4,MODEL_OVERRIDE,21.8,990.2,61.0,OFFLINE,replay,99.0,89.9
2025-01-19T16:00:00+00:00,AWS-DEL-011,-40.08404941906575,990.2,79.22720149713811,True,multivariate_inconsistency,high,83.3,MODEL_OVERRIDE,21.1,989.9,68.0,HEALTHY,replay,98.8,60.0
2025-01-19T17:00:00+00:00,AWS-DEL-011,-39.96462103534385,989.9,89.61434637634977,True,spike,high,73.2,MODEL_OVERRIDE,18.7,989.5,78.0,WARNING,replay,99.2,34.2
2025-01-19T18:00:00+00:00,AWS-DEL-011,-39.99343189750498,990.4,93.00149125556143,True,spike,high,72.9,MODEL_OVERRIDE,17.7,990.0,83.0,OFFLINE,replay,98.7,34.2
2025-01-19T19:00:00+00:00,AWS-DEL-011,17.7,990.4,92.3886361347731,True,drift,critical,94.8,RULE_ENGINE_BYPASS,16.9,989.9,84.0,OFFLINE,replay,97.7,90.5
2025-01-19T20:00:00+00:00,AWS-DEL-011,17.2,990.8,92.77578101398474,True,spike,critical,93.3,MODEL_OVERRIDE,16.1,990.3,87.0,OFFLINE,replay,98.1,86.0
2025-01-19T21:00:00+00:00,AWS-DEL-011,16.6,990.9,93.1629258931964,True,spike,critical,93.8,MODEL_OVERRIDE,15.3,990.3,88.0,OFFLINE,replay,97.9,87.7
2025-01-19T22:00:00+00:00,AWS-DEL-011,15.6,990.8,97.55007077240806,True,spike,critical,93.7,MODEL_OVERRIDE,14.4,990.2,90.0,OFFLINE,replay,98.2,87.1
2025-01-19T23:00:00+00:00,AWS-DEL-011,14.7,990.5,100.0,True,spike,critical,93.6,MODEL_OVERRIDE,13.9,990.0,90.0,OFFLINE,replay,98.3,86.5
2025-01-20T00:00:00+00:00,AWS-DEL-011,14.3,990.1,100.0,True,spike,critical,94.2,MODEL_OVERRIDE,13.5,989.7,91.0,OFFLINE,replay,99.1,86.9
2025-01-20T01:00:00+00:00,AWS-DEL-011,13.7,989.6,100.0,True,spike,critical,94.4,MODEL_OVERRIDE,13.1,989.2,91.0,OFFLINE,replay,99.4,86.8
2025-01-20T02:00:00+00:00,AWS-DEL-011,13.3,989.3,100.0,True,drift,critical,95.8,RULE_ENGINE_BYPASS,12.7,988.8,92.0,OFFLINE,replay,99.4,90.5
2025-01-20T03:00:00+00:00,AWS-DEL-011,13.0,989.2,100.0,True,multivariate_inconsistency,low,54.3,FUSED_CONSENSUS,12.4,988.7,92.0,OFFLINE,replay,,54.3
2025-01-20T04:00:00+00:00,AWS-DEL-011,12.8,988.9,100.0,True,spike,high,89.9,FUSED_CONSENSUS,12.0,988.4,93.0,OFFLINE,replay,,89.9
2025-01-20T05:00:00+00:00,AWS-DEL-011,12.5,989.0,100.0,True,multivariate_inconsistency,medium,60.0,FUSED_CONSENSUS,12.2,988.5,94.0,OFFLINE,replay,,60.0
2025-01-20T06:00:00+00:00,AWS-DEL-011,12.0,990.0,100.0,True,multivariate_inconsistency,medium,60.0,FUSED_CONSENSUS,12.3,989.4,93.0,OFFLINE,replay,,60.0
2025-01-20T07:00:00+00:00,AWS-DEL-011,11.7,990.6,100.0,False,,low,0.0,NORMAL,12.1,990.1,94.0,OFFLINE,replay,,0.0
2025-01-20T08:00:00+00:00,AWS-DEL-011,12.6,991.2,100.0,True,multivariate_inconsistency,medium,60.0,FUSED_CONSENSUS,13.4,990.7,90.0,OFFLINE,replay,,60.0
2025-01-20T09:00:00+00:00,AWS-DEL-011,14.4,992.0,100.0,True,multivariate_inconsistency,medium,60.0,FUSED_CONSENSUS,15.4,991.6,86.0,OFFLINE,replay,,60.0
2025-01-20T10:00:00+00:00,AWS-DEL-011,16.5,992.4,100.0,True,multivariate_inconsistency,medium,60.0,FUSED_CONSENSUS,17.7,992.0,79.0,OFFLINE,replay,,60.0
2025-01-20T11:00:00+00:00,AWS-DEL-011,18.5,992.3,77.0,True,multivariate_inconsistency,medium,60.0,FUSED_CONSENSUS,19.8,991.7,72.0,OFFLINE,replay,,60.0
2025-01-20T12:00:00+00:00,AWS-DEL-011,20.1,991.5,72.0,True,multivariate_inconsistency,medium,60.0,FUSED_CONSENSUS,21.3,991.0,66.0,OFFLINE,replay,,60.0
2025-01-20T13:00:00+00:00,AWS-DEL-011,21.2,990.5,70.0,True,multivariate_inconsistency,medium,60.0,FUSED_CONSENSUS,22.2,989.9,63.0,OFFLINE,replay,,60.0
2025-01-20T14:00:00+00:00,AWS-DEL-011,21.9,989.6,66.0,True,spike,high,89.9,FUSED_CONSENSUS,22.6,989.2,61.0,OFFLINE,replay,,89.9
2025-01-20T15:00:00+00:00,AWS-DEL-011,21.9,989.0,65.0,True,spike,high,89.9,FUSED_CONSENSUS,22.5,988.6,61.0,OFFLINE,replay,,89.9
2025-01-20T16:00:00+00:00,AWS-DEL-011,21.4,988.8,68.0,True,spike,high,89.9,FUSED_CONSENSUS,21.6,988.4,65.0,OFFLINE,replay,,89.9
2025-01-20T17:00:00+00:00,AWS-DEL-011,19.6,988.7,75.0,True,spike,high,89.9,FUSED_CONSENSUS,19.0,988.1,77.0,OFFLINE,replay,,89.9
2025-01-20T18:00:00+00:00,AWS-DEL-011,18.5,988.9,79.0,True,spike,high,89.9,FUSED_CONSENSUS,17.8,988.3,82.0,OFFLINE,replay,,89.9
2025-01-20T19:00:00+00:00,AWS-DEL-011,17.9,989.2,81.0,True,spike,high,89.9,FUSED_CONSENSUS,16.6,988.6,87.0,OFFLINE,replay,,89.9
2025-01-20T20:00:00+00:00,AWS-DEL-011,23.910145415222303,989.389743699514,100.0,True,spike,high,89.9,FUSED_CONSENSUS,16.0,989.0,88.0,OFFLINE,replay,,89.9
2025-01-20T21:00:00+00:00,AWS-DEL-011,23.210145415222303,989.7114793383286,100.0,True,spike,high,89.9,FUSED_CONSENSUS,15.6,989.2,90.0,OFFLINE,replay,,89.9
2025-01-20T22:00:00+00:00,AWS-DEL-011,22.710145415222307,990.0253047335962,100.0,True,spike,high,89.9,FUSED_CONSENSUS,15.4,989.4,91.0,OFFLINE,replay,,89.9
2025-01-20T23:00:00+00:00,AWS-DEL-011,15.3,989.7,88.0,True,spike,high,86.4,FUSED_CONSENSUS,15.0,989.2,91.0,OFFLINE,replay,,86.4
2025-01-21T00:00:00+00:00,AWS-DEL-011,14.6,989.1,88.0,True,spike,high,85.2,FUSED_CONSENSUS,14.2,988.6,92.0,OFFLINE,replay,,85.2
2025-01-21T01:00:00+00:00,AWS-DEL-011,14.1,989.0,89.0,False,,low,0.0,NORMAL,13.9,988.5,92.0,OFFLINE,replay,,0.0
2025-01-21T02:00:00+00:00,AWS-DEL-011,13.6,988.5,90.0,False,,low,0.0,NORMAL,13.5,988.1,92.0,OFFLINE,replay,,0.0
2025-01-21T03:00:00+00:00,AWS-DEL-011,12.7,988.4,91.0,False,,low,0.0,NORMAL,13.1,987.9,92.0,WARNING,replay,,0.0
2025-01-21T04:00:00+00:00,AWS-DEL-011,12.3,988.0,91.0,False,,low,0.0,NORMAL,12.7,987.5,92.0,OFFLINE,replay,,0.0
2025-01-21T05:00:00+00:00,AWS-DEL-011,11.8,987.9,92.0,False,,low,0.0,NORMAL,11.9,987.5,92.0,OFFLINE,replay,,0.0
2025-01-21T06:00:00+00:00,AWS-DEL-011,11.3,988.5,90.0,False,,low,0.0,NORMAL,11.4,988.0,91.0,OFFLINE,replay,,0.0
2025-01-21T07:00:00+00:00,AWS-DEL-011,11.1,989.1,91.0,False,,low,0.0,NORMAL,11.0,988.6,91.0,WARNING,replay,,0.0
2025-01-21T08:00:00+00:00,AWS-DEL-011,12.4,990.1,87.0,False,,low,0.0,NORMAL,12.9,989.5,85.0,WARNING,replay,,0.0
2025-01-21T09:00:00+00:00,AWS-DEL-011,14.2,990.6,84.0,False,,low,0.0,NORMAL,14.9,990.3,81.0,WARNING,replay,,0.0
2025-01-21T10:00:00+00:00,AWS-DEL-011,16.6,991.2,75.0,False,,low,0.0,NORMAL,17.3,990.8,73.0,WARNING,replay,,0.0
2025-01-21T11:00:00+00:00,AWS-DEL-011,18.7,991.0,68.0,False,,low,25.1,NORMAL,19.3,990.5,64.0,WARNING,replay,41.8,0.0
2025-01-21T12:00:00+00:00,AWS-DEL-011,20.3,989.9,62.0,False,,low,32.7,NORMAL,20.9,989.5,56.0,WARNING,replay,54.4,0.0
2025-01-21T13:00:00+00:00,AWS-DEL-011,21.4,988.9,58.0,False,,low,32.0,NORMAL,21.9,988.5,53.0,WARNING,replay,53.3,0.0
2025-01-21T14:00:00+00:00,AWS-DEL-011,21.9,988.3,55.0,False,,low,27.1,NORMAL,22.3,987.8,51.0,WARNING,replay,45.2,0.0
2025-01-21T15:00:00+00:00,AWS-DEL-011,21.7,987.7,55.0,False,,low,14.8,NORMAL,22.1,987.2,53.0,WARNING,replay,24.7,0.0
2025-01-21T16:00:00+00:00,AWS-DEL-011,20.9,987.4,60.0,False,,low,11.6,NORMAL,21.1,986.9,58.0,WARNING,replay,19.4,0.0
2025-01-21T17:00:00+00:00,AWS-DEL-011,19.0,987.2,69.0,False,,low,14.6,NORMAL,18.3,986.7,70.0,WARNING,replay,24.3,0.0
2025-01-21T18:00:00+00:00,AWS-DEL-011,17.7,987.4,74.0,False,,low,12.0,NORMAL,17.0,987.0,75.0,WARNING,replay,20.0,0.0
2025-01-21T19:00:00+00:00,AWS-DEL-011,17.0,,77.0,True,dropout,critical,100.0,RULE_ENGINE_BYPASS,15.7,987.5,80.0,WARNING,replay,,100.0
2025-01-21T20:00:00+00:00,AWS-DEL-011,16.1,988.6,79.0,False,,low,11.4,NORMAL,15.1,988.1,82.0,WARNING,replay,19.0,0.0
2025-01-21T21:00:00+00:00,AWS-DEL-011,15.4,989.0,81.0,False,,low,3.5,NORMAL,14.5,988.4,84.0,HEALTHY,replay,5.8,0.0
2025-01-21T22:00:00+00:00,AWS-DEL-011,14.7,988.8,82.0,False,,low,2.9,NORMAL,13.8,988.4,86.0,HEALTHY,replay,4.9,0.0
2025-01-21T23:00:00+00:00,AWS-DEL-011,14.2,988.6,83.0,False,,low,3.1,NORMAL,13.2,988.2,88.0,HEALTHY,replay,5.2,0.0
2025-01-22T00:00:00+00:00,AWS-DEL-011,13.6,988.3,84.0,False,,low,8.1,NORMAL,12.6,988.1,89.0,HEALTHY,replay,13.4,0.0
2025-01-22T01:00:00+00:00,AWS-DEL-011,13.1,988.3,86.0,False,,low,3.2,NORMAL,12.0,987.9,90.0,HEALTHY,replay,5.3,0.0
2025-01-22T02:00:00+00:00,AWS-DEL-011,12.4,987.9,89.0,False,,low,0.5,NORMAL,11.7,987.6,92.0,HEALTHY,replay,0.9,0.0
2025-01-22T03:00:00+00:00,AWS-DEL-011,11.9,987.6,90.0,False,,low,1.1,NORMAL,11.2,987.3,93.0,HEALTHY,replay,1.9,0.0
2025-01-22T04:00:00+00:00,AWS-DEL-011,11.3,987.3,91.0,False,,low,0.6,NORMAL,10.7,986.9,93.0,HEALTHY,replay,0.9,0.0
2025-01-22T05:00:00+00:00,AWS-DEL-011,10.8,987.4,,True,dropout,critical,100.0,RULE_ENGINE_BYPASS,10.4,987.1,94.0,HEALTHY,replay,,100.0
2025-01-22T06:00:00+00:00,AWS-DEL-011,10.5,988.2,94.0,False,,low,0.3,NORMAL,10.0,987.7,95.0,HEALTHY,replay,0.5,0.0
2025-01-22T07:00:00+00:00,AWS-DEL-011,10.4,988.7,94.0,False,,low,0.4,NORMAL,10.0,988.4,95.0,HEALTHY,replay,0.7,0.0
2025-01-22T08:00:00+00:00,AWS-DEL-011,11.9,989.5,91.0,False,,low,0.4,NORMAL,12.1,989.1,91.0,HEALTHY,replay,0.7,0.0
2025-01-22T09:00:00+00:00,AWS-DEL-011,14.3,990.2,85.0,False,,low,1.5,NORMAL,14.6,989.9,85.0,HEALTHY,replay,2.4,0.0
2025-01-22T10:00:00+00:00,AWS-DEL-011,16.9,990.6,76.0,False,,low,3.0,NORMAL,17.3,990.3,75.0,HEALTHY,replay,5.0,0.0
2025-01-22T11:00:00+00:00,AWS-DEL-011,19.3,990.3,68.0,False,,low,7.3,NORMAL,19.9,990.0,67.0,HEALTHY,replay,12.1,0.0
2025-01-22T12:00:00+00:00,AWS-DEL-011,21.2,989.4,58.0,False,,low,9.9,NORMAL,21.8,989.1,57.0,HEALTHY,replay,16.4,0.0
2025-01-22T13:00:00+00:00,AWS-DEL-011,22.3,988.3,49.0,False,,low,15.8,NORMAL,22.9,987.9,49.0,HEALTHY,replay,26.3,0.0
2025-01-22T14:00:00+00:00,AWS-DEL-011,22.8,987.6,45.0,False,,low,8.8,NORMAL,23.3,987.2,45.0,HEALTHY,replay,14.7,0.0
2025-01-22T15:00:00+00:00,AWS-DEL-011,22.8,987.1,45.0,False,,low,1.3,NORMAL,23.2,986.8,45.0,HEALTHY,replay,2.2,0.0
2025-01-22T16:00:00+00:00,AWS-DEL-011,22.0,986.9,53.0,False,,low,0.9,NORMAL,22.3,986.5,60.0,HEALTHY,replay,1.5,0.0
2025-01-22T17:00:00+00:00,AWS-DEL-011,20.0,986.8,65.0,False,,low,2.6,NORMAL,19.6,986.4,66.0,HEALTHY,replay,4.4,0.0
2025-01-22T18:00:00+00:00,AWS-DEL-011,18.6,987.6,67.0,False,,low,0.7,NORMAL,17.8,987.2,66.0,HEALTHY,replay,1.2,0.0
2025-01-22T19:00:00+00:00,AWS-DEL-011,17.8,988.1,73.0,False,,low,0.3,NORMAL,16.8,987.6,73.0,HEALTHY,replay,0.6,0.0
2025-01-22T20:00:00+00:00,AWS-DEL-011,17.0,988.7,76.0,False,,low,0.2,NORMAL,16.4,988.4,78.0,HEALTHY,replay,0.4,0.0
2025-01-22T21:00:00+00:00,AWS-DEL-011,16.6,989.0,77.0,False,,low,0.1,NORMAL,15.4,988.6,81.0,HEALTHY,replay,0.2,0.0
2025-01-22T22:00:00+00:00,AWS-DEL-011,15.9,989.0,78.0,False,,low,0.1,NORMAL,15.1,988.6,83.0,HEALTHY,replay,0.2,0.0
2025-01-22T23:00:00+00:00,AWS-DEL-011,15.1,989.1,80.0,False,,low,0.1,NORMAL,14.5,988.6,84.0,HEALTHY,replay,0.2,0.0
2025-01-23T00:00:00+00:00,AWS-DEL-011,14.8,989.4,81.0,False,,low,0.2,NORMAL,14.1,988.7,85.0,HEALTHY,replay,0.3,0.0
2025-01-23T01:00:00+00:00,AWS-DEL-011,14.9,989.4,81.0,False,,low,0.3,NORMAL,14.1,989.3,87.0,HEALTHY,replay,0.5,0.0
2025-01-23T02:00:00+00:00,AWS-DEL-011,14.2,988.7,80.0,False,,low,0.3,NORMAL,13.4,988.3,88.0,HEALTHY,replay,0.5,0.0
2025-01-23T03:00:00+00:00,AWS-DEL-011,13.5,988.7,89.0,False,,low,0.5,NORMAL,13.4,988.7,88.0,HEALTHY,replay,0.8,0.0
2025-01-23T04:00:00+00:00,AWS-DEL-011,13.5,988.0,89.0,False,,low,0.2,NORMAL,12.9,987.7,92.0,HEALTHY,replay,0.4,0.0
2025-01-23T05:00:00+00:00,AWS-DEL-011,12.7,988.1,91.0,False,,low,0.2,NORMAL,12.4,987.8,94.0,HEALTHY,replay,0.4,0.0
2025-01-23T06:00:00+00:00,AWS-DEL-011,13.0,989.0,90.0,False,,low,0.2,NORMAL,12.6,988.6,96.0,HEALTHY,replay,0.4,0.0
2025-01-23T07:00:00+00:00,AWS-DEL-011,11.7,989.5,93.0,False,,low,0.2,NORMAL,11.9,989.2,96.0,HEALTHY,replay,0.4,0.0
2025-01-23T08:00:00+00:00,AWS-DEL-011,13.5,990.5,91.0,False,,low,0.6,NORMAL,13.4,990.0,95.0,HEALTHY,replay,1.1,0.0
2025-01-23T09:00:00+00:00,AWS-DEL-011,15.3,991.5,87.0,False,,low,0.9,NORMAL,15.3,991.1,89.0,HEALTHY,replay,1.5,0.0
2025-01-23T10:00:00+00:00,AWS-DEL-011,17.4,992.3,77.0,False,REGIONAL_EVENT,low,37.8,NORMAL,17.7,991.9,77.0,HEALTHY,replay,4.2,88.3
2025-01-23T11:00:00+00:00,AWS-DEL-011,19.3,992.0,67.0,False,,low,1.3,NORMAL,19.8,991.7,66.0,HEALTHY,replay,2.2,0.0
2025-01-23T12:00:00+00:00,AWS-DEL-011,20.8,1002.108253233173,55.0,True,spike,medium,67.7,FUSED_CONSENSUS,21.3,990.6,55.0,HEALTHY,replay,53.0,89.9
2025-01-23T13:00:00+00:00,AWS-DEL-011,21.7,990.4,45.0,False,,low,9.1,NORMAL,22.3,989.8,46.0,HEALTHY,replay,15.1,0.0
2025-01-23T14:00:00+00:00,AWS-DEL-011,21.9,989.8,40.0,False,,low,3.8,NORMAL,22.6,989.3,37.0,HEALTHY,replay,6.3,0.0
2025-01-23T15:00:00+00:00,AWS-DEL-011,21.6,989.5,40.0,False,,low,2.1,NORMAL,22.2,989.0,36.0,HEALTHY,replay,3.5,0.0
2025-01-23T16:00:00+00:00,AWS-DEL-011,20.7,989.4,47.0,False,,low,1.6,NORMAL,20.8,988.9,48.0,HEALTHY,replay,2.7,0.0
2025-01-23T17:00:00+00:00,AWS-DEL-011,18.8,989.5,57.0,False,,low,2.4,NORMAL,18.4,989.0,56.0,HEALTHY,replay,4.0,0.0
2025-01-23T18:00:00+00:00,AWS-DEL-011,11.441811343007808,997.3124395300906,78.80057767783765,True,drift,critical,96.1,RULE_ENGINE_BYPASS,16.4,989.2,62.0,HEALTHY,replay,98.7,92.1
2025-01-23T19:00:00+00:00,AWS-DEL-011,23.06032864079989,982.0895882428308,43.17912757953685,True,unstructured_anomaly,high,89.6,ML_MODEL_ISOLATION,15.6,990.0,67.0,HEALTHY,replay,89.6,0.0
2025-01-23T20:00:00+00:00,AWS-DEL-011,21.63373485721276,983.205194954181,46.909345863254416,False,,low,30.1,NORMAL,14.8,990.4,69.0,HEALTHY,replay,50.1,0.0
2025-01-23T21:00:00+00:00,AWS-DEL-011,9.378941462418132,998.5217093408744,83.93941545631812,True,spike,critical,94.4,MODEL_OVERRIDE,14.0,990.6,68.0,WARNING,replay,99.4,86.9
2025-01-23T22:00:00+00:00,AWS-DEL-011,8.723645776983943,999.1811698935757,86.40412257515268,True,spike,critical,94.5,MODEL_OVERRIDE,13.6,990.7,71.0,WARNING,replay,99.6,86.8
2025-01-23T23:00:00+00:00,AWS-DEL-011,13.8,991.0,71.0,False,,low,38.3,NORMAL,12.9,990.5,74.0,WARNING,replay,63.8,0.0
2025-01-24T00:00:00+00:00,AWS-DEL-011,13.1,990.4,73.0,False,,low,4.2,NORMAL,12.2,990.0,77.0,WARNING,replay,7.1,0.0
2025-01-24T01:00:00+00:00,AWS-DEL-011,12.5,990.0,74.0,False,,low,10.1,NORMAL,11.5,989.5,79.0,WARNING,replay,16.8,0.0
2025-01-24T02:00:00+00:00,AWS-DEL-011,11.9,989.4,75.0,False,,low,0.6,NORMAL,10.9,988.9,81.0,WARNING,replay,0.9,0.0
2025-01-24T03:00:00+00:00,AWS-DEL-011,11.4,989.1,77.0,False,,low,0.3,NORMAL,10.6,988.7,81.0,WARNING,replay,0.5,0.0
2025-01-24T04:00:00+00:00,AWS-DEL-011,11.1,989.0,78.0,False,,low,0.6,NORMAL,10.3,988.4,81.0,WARNING,replay,0.9,0.0
2025-01-24T05:00:00+00:00,AWS-DEL-011,10.6,989.2,80.0,False,,low,0.5,NORMAL,10.3,988.6,81.0,WARNING,replay,0.8,0.0
2025-01-24T06:00:00+00:00,AWS-DEL-011,10.8,989.7,85.0,False,,low,0.7,NORMAL,10.7,989.1,85.0,WARNING,replay,1.2,0.0
2025-01-24T07:00:00+00:00,AWS-DEL-011,10.4,990.6,85.0,False,,low,1.3,NORMAL,10.7,990.0,84.0,WARNING,replay,2.1,0.0
2025-01-24T08:00:00+00:00,AWS-DEL-011,11.3,991.3,83.0,False,,low,1.9,NORMAL,12.0,990.8,79.0,WARNING,replay,3.2,0.0
2025-01-24T09:00:00+00:00,AWS-DEL-011,13.2,992.2,77.0,False,,low,2.1,NORMAL,14.0,991.7,73.0,WARNING,replay,3.6,0.0
2025-01-24T10:00:00+00:00,AWS-DEL-011,15.5,992.4,69.0,False,,low,3.8,NORMAL,16.3,991.8,66.0,WARNING,replay,6.4,0.0
2025-01-24T11:00:00+00:00,AWS-DEL-011,17.8,992.1,61.0,False,,low,9.1,NORMAL,18.4,991.5,58.0,WARNING,replay,15.1,0.0
2025-01-24T12:00:00+00:00,AWS-DEL-011,19.6,991.4,53.0,False,,low,16.1,NORMAL,20.1,990.8,50.0,HEALTHY,replay,26.8,0.0
2025-01-24T13:00:00+00:00,AWS-DEL-011,20.6,990.4,45.0,False,,low,18.0,NORMAL,21.2,989.8,42.0,HEALTHY,replay,30.0,0.0
2025-01-24T14:00:00+00:00,AWS-DEL-011,20.9,989.8,42.0,False,,low,25.3,NORMAL,21.5,989.3,38.0,HEALTHY,replay,42.1,0.0
2025-01-24T15:00:00+00:00,AWS-DEL-011,20.7,989.4,42.0,False,,low,9.3,NORMAL,21.2,988.9,38.0,HEALTHY,replay,15.5,0.0
2025-01-24T16:00:00+00:00,AWS-DEL-011,19.9,989.2,,True,dropout,critical,100.0,RULE_ENGINE_BYPASS,20.1,988.6,45.0,HEALTHY,replay,,100.0
2025-01-24T17:00:00+00:00,AWS-DEL-011,18.1,989.2,56.0,False,,low,1.4,NORMAL,17.7,988.7,53.0,HEALTHY,replay,2.3,0.0
2025-01-24T18:00:00+00:00,AWS-DEL-011,17.1,989.6,61.0,False,,low,2.0,NORMAL,15.9,989.2,59.0,HEALTHY,replay,3.3,0.0
2025-01-24T19:00:00+00:00,AWS-DEL-011,16.1,989.9,65.0,False,,low,2.5,NORMAL,15.3,989.4,65.0,HEALTHY,replay,4.2,0.0
2025-01-24T20:00:00+00:00,AWS-DEL-011,15.2,990.2,68.0,False,,low,1.2,NORMAL,14.4,989.7,69.0,HEALTHY,replay,1.9,0.0
2025-01-24T21:00:00+00:00,AWS-DEL-011,14.4,990.4,70.0,False,,low,0.9,NORMAL,13.7,989.8,71.0,HEALTHY,replay,1.5,0.0
2025-01-24T22:00:00+00:00,AWS-DEL-011,13.6,990.3,71.0,False,,low,0.5,NORMAL,13.1,989.8,73.0,HEALTHY,replay,0.9,0.0
2025-01-24T23:00:00+00:00,AWS-DEL-011,12.9,989.9,72.0,False,,low,1.4,NORMAL,12.5,989.4,74.0,HEALTHY,replay,2.3,0.0
2025-01-25T00:00:00+00:00,AWS-DEL-011,12.3,989.6,73.0,False,,low,0.2,NORMAL,12.3,989.0,72.0,HEALTHY,replay,0.4,0.0
2025-01-25T01:00:00+00:00,AWS-DEL-011,11.6,989.3,73.0,False,,low,0.2,NORMAL,11.8,988.7,72.0,HEALTHY,replay,0.3,0.0
2025-01-25T02:00:00+00:00,AWS-DEL-011,11.1,988.8,74.0,False,,low,0.1,NORMAL,11.3,988.1,73.0,HEALTHY,replay,0.2,0.0
2025-01-25T03:00:00+00:00,AWS-DEL-011,,988.7,74.0,True,dropout,critical,100.0,RULE_ENGINE_BYPASS,10.9,988.0,73.0,HEALTHY,replay,,100.0
2025-01-25T04:00:00+00:00,AWS-DEL-011,10.2,988.5,74.0,False,,low,0.2,NORMAL,10.5,987.8,74.0,HEALTHY,replay,0.4,0.0
2025-01-25T05:00:00+00:00,AWS-DEL-011,9.7,988.8,73.0,False,,low,0.3,NORMAL,10.1,988.2,74.0,HEALTHY,replay,0.5,0.0
2025-01-25T06:00:00+00:00,AWS-DEL-011,9.4,989.2,78.0,False,,low,0.3,NORMAL,9.9,988.7,78.0,HEALTHY,replay,0.6,0.0
2025-01-25T07:00:00+00:00,AWS-DEL-011,9.0,990.0,78.0,False,,low,0.2,NORMAL,9.7,989.3,77.0,HEALTHY,replay,0.4,0.0
2025-01-25T08:00:00+00:00,AWS-DEL-011,10.1,990.7,74.0,False,,low,0.3,NORMAL,11.0,990.1,71.0,HEALTHY,replay,0.5,0.0
2025-01-25T09:00:00+00:00,AWS-DEL-011,12.1,991.6,68.0,False,,low,1.1,NORMAL,13.0,991.0,65.0,HEALTHY,replay,1.9,0.0
2025-01-25T10:00:00+00:00,AWS-DEL-011,14.6,992.4,60.0,False,,low,7.6,NORMAL,15.3,991.9,58.0,HEALTHY,replay,12.6,0.0
2025-01-25T11:00:00+00:00,AWS-DEL-011,16.8,992.3782558006244,54.0,False,,low,8.5,NORMAL,17.5,991.4,52.0,HEALTHY,replay,14.2,0.0
2025-01-25T12:00:00+00:00,AWS-DEL-011,18.7,992.362794718848,48.0,False,,low,10.2,NORMAL,19.4,990.6,45.0,HEALTHY,replay,17.1,0.0
2025-01-25T13:00:00+00:00,AWS-DEL-011,20.1,992.3748284128608,43.0,False,,low,4.9,NORMAL,20.6,989.5,40.0,HEALTHY,replay,8.2,0.0
2025-01-25T14:00:00+00:00,AWS-DEL-011,20.8,992.3549976491644,40.0,False,,low,2.2,NORMAL,21.2,988.8,37.0,HEALTHY,replay,3.6,0.0
2025-01-25T15:00:00+00:00,AWS-DEL-011,20.7,992.3263563893923,40.0,False,,low,1.1,NORMAL,21.1,988.4,37.0,HEALTHY,replay,1.8,0.0
2025-01-25T16:00:00+00:00,AWS-DEL-011,19.8,992.3454795480562,46.0,False,,low,0.8,NORMAL,20.1,988.2,43.0,HEALTHY,replay,1.3,0.0
2025-01-25T17:00:00+00:00,AWS-DEL-011,17.7,988.7,56.0,False,,low,4.4,NORMAL,16.9,988.1,58.0,HEALTHY,replay,7.4,0.0
2025-01-25T18:00:00+00:00,AWS-DEL-011,16.6,989.0,59.0,False,,low,1.2,NORMAL,15.9,988.5,59.0,HEALTHY,replay,2.0,0.0
2025-01-25T19:00:00+00:00,AWS-DEL-011,15.6,989.6,61.0,False,,low,0.2,NORMAL,14.6,989.1,63.0,HEALTHY,replay,0.4,0.0
2025-01-25T20:00:00+00:00,AWS-DEL-011,48.25360104617667,989.9,63.0,True,spike,high,82.8,FUSED_CONSENSUS,13.4,989.4,65.0,HEALTHY,replay,78.9,88.7
2025-01-25T21:00:00+00:00,AWS-DEL-011,13.7,990.1,64.0,False,,low,0.2,NORMAL,12.5,989.6,67.0,HEALTHY,replay,0.3,0.0
2025-01-25T22:00:00+00:00,AWS-DEL-011,13.0,990.1,65.0,False,,low,0.2,NORMAL,11.8,989.6,69.0,HEALTHY,replay,0.3,0.0
2025-01-25T23:00:00+00:00,AWS-DEL-011,12.3,989.9,66.0,False,,low,0.1,NORMAL,11.2,989.4,71.0,HEALTHY,replay,0.2,0.0
2025-01-26T00:00:00+00:00,AWS-DEL-011,11.6,989.2,67.0,False,,low,0.1,NORMAL,10.6,988.9,72.0,HEALTHY,replay,0.2,0.0
2025-01-26T01:00:00+00:00,AWS-DEL-011,10.9,989.0,69.0,False,,low,0.1,NORMAL,10.0,988.6,73.0,HEALTHY,replay,0.2,0.0
2025-01-26T02:00:00+00:00,AWS-DEL-011,10.4,988.6,70.0,False,,low,0.1,NORMAL,9.6,988.2,74.0,HEALTHY,replay,0.2,0.0
2025-01-26T03:00:00+00:00,AWS-DEL-011,10.0,988.4,72.0,False,,low,0.1,NORMAL,9.5,987.9,75.0,HEALTHY,replay,0.2,0.0
2025-01-26T04:00:00+00:00,AWS-DEL-011,9.6,988.4,74.0,False,,low,0.1,NORMAL,9.0,987.9,77.0,HEALTHY,replay,0.2,0.0
2025-01-26T05:00:00+00:00,AWS-DEL-011,9.1,988.5,76.0,False,,low,0.2,NORMAL,8.4,988.0,79.0,HEALTHY,replay,0.4,0.0
2025-01-26T06:00:00+00:00,AWS-DEL-011,8.5,989.4,82.0,False,,low,0.2,NORMAL,7.9,988.9,84.0,HEALTHY,replay,0.3,0.0
2025-01-26T07:00:00+00:00,AWS-DEL-011,8.2,990.0,82.0,False,,low,0.1,NORMAL,7.6,989.5,84.0,HEALTHY,replay,0.2,0.0
2025-01-26T08:00:00+00:00,AWS-DEL-011,9.5,991.0,76.0,False,,low,0.2,NORMAL,10.4,990.6,75.0,HEALTHY,replay,0.3,0.0
2025-01-26T09:00:00+00:00,AWS-DEL-011,11.9,991.9,67.0,False,,low,0.7,NORMAL,12.7,991.5,68.0,HEALTHY,replay,1.1,0.0
2025-01-26T10:00:00+00:00,AWS-DEL-011,14.8,992.5,56.0,False,,low,2.4,NORMAL,15.4,992.2,59.0,HEALTHY,replay,4.0,0.0
2025-01-26T11:00:00+00:00,AWS-DEL-011,17.3,992.0,49.0,False,,low,2.4,NORMAL,17.7,991.6,49.0,HEALTHY,replay,4.0,0.0
2025-01-26T12:00:00+00:00,AWS-DEL-011,19.1,990.8,-0.0720758943865982,True,multivariate_inconsistency,critical,94.8,RULE_ENGINE_BYPASS,19.4,990.3,42.0,HEALTHY,replay,91.4,100.0
2025-01-26T13:00:00+00:00,AWS-DEL-011,20.4,989.6,0.1137507224052165,True,multivariate_inconsistency,high,80.5,MODEL_OVERRIDE,20.6,989.2,38.0,HEALTHY,replay,95.5,58.0
2025-01-26T14:00:00+00:00,AWS-DEL-011,21.0,988.9,-0.0056265330799273,True,multivariate_inconsistency,critical,97.1,RULE_ENGINE_BYPASS,21.2,988.5,35.0,HEALTHY,replay,95.2,100.0
2025-01-26T15:00:00+00:00,AWS-DEL-011,21.0,988.5,0.0425749090767237,True,multivariate_inconsistency,high,80.3,MODEL_OVERRIDE,21.2,988.0,34.0,OFFLINE,replay,93.9,60.0
2025-01-26T16:00:00+00:00,AWS-DEL-011,20.2,988.3,42.0,False,,low,31.4,NORMAL,20.3,987.8,42.0,OFFLINE,replay,52.4,0.0
2025-01-26T17:00:00+00:00,AWS-DEL-011,18.0,988.0,56.0,False,,low,25.0,NORMAL,17.0,987.4,56.0,OFFLINE,replay,41.6,0.0
2025-01-26T18:00:00+00:00,AWS-DEL-011,16.9,988.2,60.0,False,,low,13.3,NORMAL,15.7,987.7,60.0,HEALTHY,replay,22.2,0.0
2025-01-26T19:00:00+00:00,AWS-DEL-011,15.9,988.6,62.0,False,,low,3.4,NORMAL,14.4,988.2,66.0,OFFLINE,replay,5.6,0.0
2025-01-26T20:00:00+00:00,AWS-DEL-011,14.8,988.9,64.0,False,,low,2.6,NORMAL,13.6,988.5,69.0,OFFLINE,replay,4.3,0.0
2025-01-26T21:00:00+00:00,AWS-DEL-011,13.7,989.0,68.0,False,,low,5.0,NORMAL,12.8,988.6,72.0,OFFLINE,replay,8.4,0.0
2025-01-26T22:00:00+00:00,AWS-DEL-011,12.9,989.2,70.0,False,,low,7.3,NORMAL,11.8,988.8,77.0,HEALTHY,replay,12.2,0.0
2025-01-26T23:00:00+00:00,AWS-DEL-011,,989.1,71.0,True,dropout,critical,100.0,RULE_ENGINE_BYPASS,11.1,988.6,80.0,WARNING,replay,,100.0
2025-01-27T00:00:00+00:00,AWS-DEL-011,11.4,988.7,73.0,False,,low,7.7,NORMAL,10.7,988.3,82.0,WARNING,replay,12.9,0.0
2025-01-27T01:00:00+00:00,AWS-DEL-011,10.7,988.4,74.0,False,,low,3.0,NORMAL,10.3,988.0,83.0,WARNING,replay,5.0,0.0
2025-01-27T02:00:00+00:00,AWS-DEL-011,10.0,988.0,76.0,False,,low,1.4,NORMAL,9.8,987.7,84.0,WARNING,replay,2.4,0.0
2025-01-27T03:00:00+00:00,AWS-DEL-011,9.4,987.7,78.0,False,,low,1.6,NORMAL,9.2,987.2,84.0,WARNING,replay,2.7,0.0
2025-01-27T04:00:00+00:00,AWS-DEL-011,8.8,987.5,80.0,False,,low,0.6,NORMAL,8.6,987.0,83.0,WARNING,replay,1.0,0.0
2025-01-27T05:00:00+00:00,AWS-DEL-011,8.4,987.5,80.0,False,,low,0.7,NORMAL,8.0,987.0,84.0,WARNING,replay,1.1,0.0
2025-01-27T06:00:00+00:00,AWS-DEL-011,8.1,988.2,90.0,False,,low,3.4,NORMAL,7.7,987.8,93.0,WARNING,replay,5.7,0.0
2025-01-27T07:00:00+00:00,AWS-DEL-011,7.8,989.0,90.0,False,,low,1.0,NORMAL,7.6,988.6,93.0,WARNING,replay,1.7,0.0
2025-01-27T08:00:00+00:00,AWS-DEL-011,9.4,989.8,82.0,False,,low,0.5,NORMAL,9.8,989.4,87.0,WARNING,replay,0.9,0.0
2025-01-27T09:00:00+00:00,AWS-DEL-011,12.3,990.8,69.0,False,,low,0.6,NORMAL,12.4,990.3,77.0,WARNING,replay,1.1,0.0
2025-01-27T10:00:00+00:00,AWS-DEL-011,15.4,991.3,56.0,False,,low,4.8,NORMAL,15.4,991.0,63.0,WARNING,replay,8.0,0.0
2025-01-27T11:00:00+00:00,AWS-DEL-011,17.9,990.9,47.0,False,,low,13.7,NORMAL,17.7,990.4,54.0,WARNING,replay,22.8,0.0
2025-01-27T12:00:00+00:00,AWS-DEL-011,19.7,989.6,38.0,False,,low,23.2,NORMAL,19.4,989.3,45.0,HEALTHY,replay,38.7,0.0
2025-01-27T13:00:00+00:00,AWS-DEL-011,20.9,988.6,34.0,False,,low,25.5,NORMAL,20.6,988.2,39.0,HEALTHY,replay,42.6,0.0
2025-01-27T14:00:00+00:00,AWS-DEL-011,21.5,987.5,31.0,False,,low,41.7,NORMAL,21.2,987.1,36.0,HEALTHY,replay,69.5,0.0
2025-01-27T15:00:00+00:00,AWS-DEL-011,21.4,986.9,32.0,False,,low,20.7,NORMAL,21.0,986.5,37.0,HEALTHY,replay,34.5,0.0
2025-01-27T16:00:00+00:00,AWS-DEL-011,20.7,986.6,37.0,False,,low,11.3,NORMAL,20.0,986.1,44.0,HEALTHY,replay,18.8,0.0
2025-01-27T17:00:00+00:00,AWS-DEL-011,19.0,986.6,46.0,False,,low,11.9,NORMAL,17.5,986.0,56.0,HEALTHY,replay,19.9,0.0
2025-01-27T18:00:00+00:00,AWS-DEL-011,17.8,986.5,53.0,False,,low,5.3,NORMAL,15.7,985.9,69.0,HEALTHY,replay,8.8,0.0
2025-01-27T19:00:00+00:00,AWS-DEL-011,16.7,987.0,59.0,False,,low,3.4,NORMAL,14.3,986.3,70.0,HEALTHY,replay,5.6,0.0
2025-01-27T20:00:00+00:00,AWS-DEL-011,15.7,987.3,64.0,False,,low,0.4,NORMAL,13.7,986.7,70.0,HEALTHY,replay,0.7,0.0
2025-01-27T21:00:00+00:00,AWS-DEL-011,14.7,987.5,68.0,False,,low,0.7,NORMAL,13.2,987.0,72.0,HEALTHY,replay,1.2,0.0
2025-01-27T22:00:00+00:00,AWS-DEL-011,14.1,987.5,67.0,False,,low,0.1,NORMAL,12.6,986.9,75.0,HEALTHY,replay,0.2,0.0
2025-01-27T23:00:00+00:00,AWS-DEL-011,13.6,987.2,64.0,False,,low,0.1,NORMAL,12.1,986.6,75.0,HEALTHY,replay,0.2,0.0
2025-01-28T00:00:00+00:00,AWS-DEL-011,12.9,986.4,64.0,False,,low,0.2,NORMAL,11.5,986.1,73.0,HEALTHY,replay,0.3,0.0
2025-01-28T01:00:00+00:00,AWS-DEL-011,12.2,986.4,66.0,False,,low,0.2,NORMAL,11.0,985.9,73.0,HEALTHY,replay,0.3,0.0
2025-01-28T02:00:00+00:00,AWS-DEL-011,11.5,985.9,69.0,False,,low,0.1,NORMAL,10.3,985.5,75.0,HEALTHY,replay,0.2,0.0
2025-01-28T03:00:00+00:00,AWS-DEL-011,10.8,985.7,71.0,False,,low,0.1,NORMAL,9.8,985.4,77.0,HEALTHY,replay,0.2,0.0
2025-01-28T04:00:00+00:00,AWS-DEL-011,10.1,985.6,72.0,False,,low,0.1,NORMAL,9.3,985.3,80.0,HEALTHY,replay,0.2,0.0
2025-01-28T05:00:00+00:00,AWS-DEL-011,9.4,985.9,74.0,False,,low,0.2,NORMAL,8.6,985.5,81.0,HEALTHY,replay,0.3,0.0
2025-01-28T06:00:00+00:00,AWS-DEL-011,8.5,987.4,82.0,False,,low,0.6,NORMAL,7.4,987.1,86.0,HEALTHY,replay,1.0,0.0
2025-01-28T07:00:00+00:00,AWS-DEL-011,8.0,988.3,84.0,False,,low,0.7,NORMAL,7.1,987.9,86.0,HEALTHY,replay,1.2,0.0
2025-01-28T08:00:00+00:00,AWS-DEL-011,9.9,989.3,74.0,False,,low,0.3,NORMAL,9.9,988.9,81.0,HEALTHY,replay,0.5,0.0
2025-01-28T09:00:00+00:00,AWS-DEL-011,12.9,990.3,61.0,False,,low,1.5,NORMAL,12.8,990.0,70.0,HEALTHY,replay,2.5,0.0
2025-01-28T10:00:00+00:00,AWS-DEL-011,16.0,990.7,51.0,False,,low,3.0,NORMAL,15.7,990.3,60.0,HEALTHY,replay,5.0,0.0
2025-01-28T11:00:00+00:00,AWS-DEL-011,18.7,990.1,42.0,False,,low,2.2,NORMAL,18.0,989.9,52.0,HEALTHY,replay,3.7,0.0
2025-01-28T12:00:00+00:00,AWS-DEL-011,45.046843988876255,989.2,34.0,True,multivariate_inconsistency,high,80.7,MODEL_OVERRIDE,19.8,988.9,44.0,HEALTHY,replay,95.7,58.2
2025-01-28T13:00:00+00:00,AWS-DEL-011,22.2,988.3,28.0,False,,low,20.9,NORMAL,21.1,988.0,38.0,HEALTHY,replay,34.8,0.0
2025-01-28T14:00:00+00:00,AWS-DEL-011,22.9,987.7,26.0,False,,low,3.7,NORMAL,21.7,987.3,36.0,HEALTHY,replay,6.2,0.0
2025-01-28T15:00:00+00:00,AWS-DEL-011,22.8,987.2,26.0,False,,low,1.1,NORMAL,21.8,986.9,36.0,HEALTHY,replay,1.8,0.0
2025-01-28T16:00:00+00:00,AWS-DEL-011,22.0,987.0,31.0,False,,low,0.6,NORMAL,21.2,986.6,40.0,HEALTHY,replay,1.0,0.0
2025-01-28T17:00:00+00:00,AWS-DEL-011,20.3,986.9,42.0,False,,low,1.2,NORMAL,18.4,986.4,60.0,HEALTHY,replay,2.0,0.0
2025-01-28T18:00:00+00:00,AWS-DEL-011,19.0,987.0,53.0,False,,low,2.0,NORMAL,16.4,986.4,69.0,HEALTHY,replay,3.3,0.0
2025-01-28T19:00:00+00:00,AWS-DEL-011,17.5,987.7,61.0,False,,low,1.7,NORMAL,14.9,987.1,74.0,HEALTHY,replay,2.8,0.0
2025-01-28T20:00:00+00:00,AWS-DEL-011,16.3,988.2,67.0,False,,low,1.4,NORMAL,13.8,987.8,77.0,HEALTHY,replay,2.3,0.0
2025-01-28T21:00:00+00:00,AWS-DEL-011,15.1,988.5,72.0,False,,low,1.2,NORMAL,13.6,988.1,73.0,HEALTHY,replay,2.1,0.0
2025-01-28T22:00:00+00:00,AWS-DEL-011,14.1,988.7,75.0,False,,low,0.5,NORMAL,11.8,988.3,78.0,HEALTHY,replay,0.9,0.0
2025-01-28T23:00:00+00:00,AWS-DEL-011,13.4,988.8,74.0,False,,low,0.3,NORMAL,10.4,988.4,86.0,HEALTHY,replay,0.5,0.0
2025-01-29T00:00:00+00:00,AWS-DEL-011,12.7,988.7,75.0,False,,low,0.3,NORMAL,9.7,988.2,88.0,HEALTHY,replay,0.6,0.0
2025-01-29T01:00:00+00:00,AWS-DEL-011,11.9,988.6,79.0,False,,low,0.7,NORMAL,9.1,988.3,91.0,HEALTHY,replay,1.1,0.0
2025-01-29T02:00:00+00:00,AWS-DEL-011,11.5,988.2,82.0,False,,low,0.5,NORMAL,8.9,988.1,93.0,HEALTHY,replay,0.9,0.0
2025-01-29T03:00:00+00:00,AWS-DEL-011,11.2,988.2,84.0,False,,low,0.4,NORMAL,9.1,988.0,92.0,HEALTHY,replay,0.7,0.0
2025-01-29T04:00:00+00:00,AWS-DEL-011,11.2,988.2,85.0,False,,low,0.7,NORMAL,8.8,988.0,92.0,HEALTHY,replay,1.2,0.0
2025-01-29T05:00:00+00:00,AWS-DEL-011,10.7,988.4,87.0,False,,low,0.8,NORMAL,8.6,988.0,92.0,HEALTHY,replay,1.3,0.0
2025-01-29T06:00:00+00:00,AWS-DEL-011,10.4,989.5,87.0,False,,low,1.0,NORMAL,8.3,989.2,95.0,HEALTHY,replay,1.7,0.0
2025-01-29T07:00:00+00:00,AWS-DEL-011,10.2,990.3,89.0,False,,low,0.6,NORMAL,8.2,990.1,96.0,HEALTHY,replay,1.0,0.0
2025-01-29T08:00:00+00:00,AWS-DEL-011,11.9,991.1,83.0,False,,low,3.9,NORMAL,10.4,990.8,91.0,HEALTHY,replay,6.5,0.0
2025-01-29T09:00:00+00:00,AWS-DEL-011,14.8,992.0,70.0,False,,low,9.3,NORMAL,13.7,992.0,82.0,HEALTHY,replay,15.5,0.0
2025-01-29T10:00:00+00:00,AWS-DEL-011,18.1,992.5,56.0,False,,low,20.5,NORMAL,17.2,992.5,71.0,HEALTHY,replay,34.1,0.0
2025-01-29T11:00:00+00:00,AWS-DEL-011,14.23247938242578,999.38066094608,26.807670660119108,True,drift,critical,94.5,RULE_ENGINE_BYPASS,19.6,992.1,58.0,HEALTHY,replay,97.2,90.4
2025-01-29T12:00:00+00:00,AWS-DEL-011,15.47981333898682,999.8960897328284,19.456159906110923,True,drift,critical,95.0,RULE_ENGINE_BYPASS,21.2,991.1,47.0,HEALTHY,replay,98.1,90.4
2025-01-29T13:00:00+00:00,AWS-DEL-011,29.725041391533026,981.0947971053772,17.228274988842024,True,unstructured_anomaly,critical,99.6,ML_MODEL_ISOLATION,21.9,989.7,45.0,HEALTHY,replay,99.6,0.0
2025-01-29T14:00:00+00:00,AWS-DEL-011,17.67846288896142,996.8730912545058,16.17170470731155,True,drift,critical,94.6,RULE_ENGINE_BYPASS,22.3,988.8,44.0,HEALTHY,replay,97.3,90.4
2025-01-29T15:00:00+00:00,AWS-DEL-011,30.25036571168333,981.2755419528288,15.0,True,unstructured_anomaly,critical,99.2,ML_MODEL_ISOLATION,22.1,988.1,46.0,HEALTHY,replay,99.2,0.0
2025-01-29T16:00:00+00:00,AWS-DEL-011,16.86998914118682,994.8770917357158,20.701007556206527,True,drift,critical,94.1,RULE_ENGINE_BYPASS,21.3,987.8,49.0,OFFLINE,replay,96.6,90.4
2025-01-29T17:00:00+00:00,AWS-DEL-011,27.21802111752031,978.9741485822442,24.494395773216212,True,unstructured_anomaly,critical,98.7,ML_MODEL_ISOLATION,19.0,987.5,62.0,OFFLINE,replay,98.7,0.0
2025-01-29T18:00:00+00:00,AWS-DEL-011,25.748329276119915,981.0271258771191,66.97114183548693,True,multivariate_inconsistency,high,75.7,MODEL_OVERRIDE,16.7,987.5,72.0,OFFLINE,replay,96.2,45.0
2025-01-29T19:00:00+00:00,AWS-DEL-011,18.9,988.1,59.0,False,,low,12.4,NORMAL,15.4,987.8,79.0,HEALTHY,replay,20.6,0.0
2025-01-29T20:00:00+00:00,AWS-DEL-011,18.0,988.6,64.0,False,,low,1.4,NORMAL,14.5,988.2,81.0,OFFLINE,replay,2.4,0.0
2025-01-29T21:00:00+00:00,AWS-DEL-011,23.714341887352237,981.9311701533112,48.6347813552806,True,unstructured_anomaly,critical,96.4,ML_MODEL_ISOLATION,13.8,988.3,83.0,OFFLINE,replay,96.4,0.0
2025-01-29T22:00:00+00:00,AWS-DEL-011,9.252080738675748,995.1408662053996,84.22691165719421,True,unstructured_anomaly,critical,90.3,ML_MODEL_ISOLATION,13.2,988.4,85.0,OFFLINE,replay,90.3,0.0
2025-01-29T23:00:00+00:00,AWS-DEL-011,21.87662605891988,980.7846430726934,53.75535182533383,True,unstructured_anomaly,critical,91.9,ML_MODEL_ISOLATION,12.6,988.1,88.0,HEALTHY,replay,91.9,0.0
2025-01-30T00:00:00+00:00,AWS-DEL-011,9.36595215031123,995.15034531117,54.91815624459491,True,multivariate_inconsistency,high,72.4,MODEL_OVERRIDE,11.9,987.7,90.0,WARNING,replay,90.6,45.0
2025-01-30T01:00:00+00:00,AWS-DEL-011,14.1,987.5,78.0,False,,low,10.7,NORMAL,11.3,987.2,91.0,WARNING,replay,17.8,0.0
2025-01-30T02:00:00+00:00,AWS-DEL-011,13.4,986.9,82.0,False,,low,7.6,NORMAL,10.9,986.6,93.0,WARNING,replay,12.7,0.0
2025-01-30T03:00:00+00:00,AWS-DEL-011,12.7,986.3,85.0,False,,low,4.2,NORMAL,10.6,986.1,93.0,WARNING,replay,7.0,0.0
2025-01-30T04:00:00+00:00,AWS-DEL-011,12.1,986.0,88.0,False,,low,2.5,NORMAL,10.3,985.8,94.0,WARNING,replay,4.1,0.0
2025-01-30T05:00:00+00:00,AWS-DEL-011,11.7,985.7,90.0,False,,low,2.3,NORMAL,10.0,985.4,94.0,WARNING,replay,3.9,0.0
2025-01-30T06:00:00+00:00,AWS-DEL-011,11.4,986.5,92.0,False,,low,1.5,NORMAL,9.6,986.1,95.0,WARNING,replay,2.6,0.0
2025-01-30T07:00:00+00:00,AWS-DEL-011,11.3,987.1,91.0,False,,low,1.6,NORMAL,9.5,986.8,95.0,WARNING,replay,2.7,0.0
2025-01-30T08:00:00+00:00,AWS-DEL-011,13.0,987.8,83.0,False,,low,1.9,NORMAL,12.0,987.6,88.0,WARNING,replay,3.2,0.0
2025-01-30T09:00:00+00:00,AWS-DEL-011,15.8,988.4,70.0,False,,low,1.0,NORMAL,15.0,988.3,79.0,WARNING,replay,1.7,0.0
2025-01-30T10:00:00+00:00,AWS-DEL-011,19.0,988.8,57.0,False,,low,16.1,NORMAL,17.9,988.7,68.0,WARNING,replay,26.9,0.0
2025-01-30T11:00:00+00:00,AWS-DEL-011,21.4,988.4,46.0,False,,low,35.5,NORMAL,20.4,988.3,58.0,HEALTHY,replay,59.2,0.0
2025-01-30T12:00:00+00:00,AWS-DEL-011,23.0,987.3,40.0,False,,low,32.4,NORMAL,22.0,987.2,52.0,HEALTHY,replay,54.1,0.0
2025-01-30T13:00:00+00:00,AWS-DEL-011,24.1,986.0,37.0,False,,low,42.3,NORMAL,23.0,985.9,48.0,HEALTHY,replay,70.6,0.0
2025-01-30T14:00:00+00:00,AWS-DEL-011,24.7,985.1,35.0,True,REGIONAL_EVENT,high,76.1,FUSED_CONSENSUS,23.5,985.0,48.0,HEALTHY,replay,67.9,88.4
2025-01-30T15:00:00+00:00,AWS-DEL-011,24.8,984.7,36.0,True,REGIONAL_EVENT,high,74.1,FUSED_CONSENSUS,23.6,984.6,48.0,HEALTHY,replay,63.8,89.6
2025-01-30T16:00:00+00:00,AWS-DEL-011,24.2,984.4,38.0,True,REGIONAL_EVENT,high,79.2,RULE_ENGINE_BYPASS,23.0,984.2,51.0,HEALTHY,replay,71.6,90.6
2025-01-30T17:00:00+00:00,AWS-DEL-011,22.9,984.3,43.0,True,REGIONAL_EVENT,high,78.1,RULE_ENGINE_BYPASS,20.5,983.9,66.0,OFFLINE,replay,69.8,90.7
2025-01-30T18:00:00+00:00,AWS-DEL-011,21.3,984.4,54.0,True,REGIONAL_EVENT,high,80.2,RULE_ENGINE_BYPASS,18.5,984.1,74.0,OFFLINE,replay,73.3,90.7
2025-01-30T19:00:00+00:00,AWS-DEL-011,19.9,984.6,63.0,True,REGIONAL_EVENT,critical,90.2,RULE_ENGINE_BYPASS,17.2,984.2,82.0,OFFLINE,replay,89.8,90.7
2025-01-30T20:00:00+00:00,AWS-DEL-011,18.7,985.0,71.0,True,drift,critical,90.3,RULE_ENGINE_BYPASS,16.2,984.6,86.0,OFFLINE,replay,88.7,92.7
2025-01-30T21:00:00+00:00,AWS-DEL-011,17.8,985.4,77.0,True,drift,high,72.9,FUSED_CONSENSUS,15.3,985.0,88.0,OFFLINE,replay,83.0,57.9
2025-01-30T22:00:00+00:00,AWS-DEL-011,17.2,985.6,80.0,False,,low,52.2,NORMAL,14.6,985.2,90.0,OFFLINE,replay,87.0,0.0
2025-01-30T23:00:00+00:00,AWS-DEL-011,16.6,985.6,82.0,False,,low,45.8,NORMAL,13.7,985.1,92.0,OFFLINE,replay,76.4,0.0
2025-01-31T00:00:00+00:00,AWS-DEL-011,16.1,985.0,83.0,False,,low,48.9,NORMAL,12.7,984.7,96.0,HEALTHY,replay,81.4,0.0
2025-01-31T01:00:00+00:00,AWS-DEL-011,15.5,984.9,85.0,False,,low,9.1,NORMAL,11.5,984.5,99.0,OFFLINE,replay,15.2,0.0
2025-01-31T02:00:00+00:00,AWS-DEL-011,14.6,984.6,89.0,False,,low,11.7,NORMAL,11.1,984.2,98.0,OFFLINE,replay,19.5,0.0
2025-01-31T03:00:00+00:00,AWS-DEL-011,14.1,984.2,91.0,False,,low,19.1,NORMAL,10.9,983.8,98.0,OFFLINE,replay,31.8,0.0
2025-01-31T04:00:00+00:00,AWS-DEL-011,23.159768635973528,984.4548837832914,100.0,True,multivariate_inconsistency,high,88.0,FUSED_CONSENSUS,10.6,983.5,97.0,OFFLINE,replay,87.5,88.6
2025-01-31T05:00:00+00:00,AWS-DEL-011,22.55976863597353,984.5634260035112,100.0,True,multivariate_inconsistency,high,88.6,MODEL_OVERRIDE,10.2,983.7,98.0,OFFLINE,replay,89.0,88.0
2025-01-31T06:00:00+00:00,AWS-DEL-011,22.159768635973528,984.9904407404888,100.0,True,multivariate_inconsistency,high,89.3,MODEL_OVERRIDE,10.3,984.5,100.0,OFFLINE,replay,90.1,88.0
2025-01-31T07:00:00+00:00,AWS-DEL-011,21.75976863597353,985.0608463898296,100.0,True,multivariate_inconsistency,critical,90.2,MODEL_OVERRIDE,10.5,985.3,100.0,OFFLINE,replay,91.7,88.0
2025-01-31T08:00:00+00:00,AWS-DEL-011,13.0,986.5,97.0,False,,low,10.0,NORMAL,11.6,986.3,98.0,OFFLINE,replay,16.7,0.0
2025-01-31T09:00:00+00:00,AWS-DEL-011,14.8,987.6,90.0,False,,low,8.7,NORMAL,14.1,987.4,93.0,OFFLINE,replay,14.5,0.0
2025-01-31T10:00:00+00:00,AWS-DEL-011,18.4,988.2,72.0,False,,low,15.8,NORMAL,17.7,987.9,78.0,HEALTHY,replay,26.3,0.0
2025-01-31T11:00:00+00:00,AWS-DEL-011,22.1,987.8,57.0,False,,low,20.1,NORMAL,21.2,987.6,65.0,OFFLINE,replay,33.6,0.0
2025-01-31T12:00:00+00:00,AWS-DEL-011,24.4,987.0,43.0,False,,low,48.8,NORMAL,23.3,986.9,57.0,OFFLINE,replay,81.3,0.0
2025-01-31T13:00:00+00:00,AWS-DEL-011,25.8,986.0,29.0,True,unstructured_anomaly,high,88.3,ML_MODEL_ISOLATION,24.6,985.9,44.0,OFFLINE,replay,88.3,0.0
2025-01-31T14:00:00+00:00,AWS-DEL-011,26.3,985.5,25.0,True,multivariate_inconsistency,high,72.3,MODEL_OVERRIDE,25.2,985.5,37.0,OFFLINE,replay,90.3,45.2
2025-01-31T15:00:00+00:00,AWS-DEL-011,26.1,985.0,25.0,True,multivariate_inconsistency,high,72.2,MODEL_OVERRIDE,25.1,984.9,35.0,OFFLINE,replay,90.3,45.1
2025-01-31T16:00:00+00:00,AWS-DEL-011,25.5,984.8,26.0,True,multivariate_inconsistency,high,72.4,MODEL_OVERRIDE,24.4,984.7,39.0,OFFLINE,replay,90.6,45.0
2025-01-31T17:00:00+00:00,AWS-DEL-011,24.2,984.9,30.0,True,multivariate_inconsistency,high,70.3,FUSED_CONSENSUS,21.5,984.6,56.0,OFFLINE,replay,87.2,45.0
2025-01-31T18:00:00+00:00,AWS-DEL-011,22.2,985.5,46.0,False,,low,44.5,NORMAL,19.3,985.2,66.0,OFFLINE,replay,74.1,0.0
2025-01-31T19:00:00+00:00,AWS-DEL-011,21.0,985.498727252277,57.0,False,,low,42.0,NORMAL,17.9,985.5,78.0,OFFLINE,replay,70.0,0.0
2025-01-31T20:00:00+00:00,AWS-DEL-011,20.2,985.5301541918892,58.0,False,,low,44.3,NORMAL,17.3,986.1,81.0,WARNING,replay,73.8,0.0
2025-01-31T21:00:00+00:00,AWS-DEL-011,19.3,985.5704403266808,58.0,False,,low,32.8,NORMAL,15.8,986.5,88.0,OFFLINE,replay,54.6,0.0
2025-01-31T22:00:00+00:00,AWS-DEL-011,18.7,985.6005894989916,59.0,False,,low,29.7,NORMAL,14.9,986.8,90.0,OFFLINE,replay,49.5,0.0
2025-01-31T23:00:00+00:00,AWS-DEL-011,17.6,985.6083445593767,64.0,False,,low,20.0,NORMAL,14.8,986.6,88.0,OFFLINE,replay,33.3,0.0
2025-02-01T00:00:00+00:00,AWS-DEL-011,16.8,985.60913925461,72.0,False,,low,30.9,NORMAL,14.6,986.3,86.0,WARNING,replay,51.5,0.0
2025-02-01T01:00:00+00:00,AWS-DEL-011,16.5,985.5804520829458,75.0,False,,low,16.0,NORMAL,14.0,985.9,87.0,WARNING,replay,26.6,0.0
2025-02-01T02:00:00+00:00,AWS-DEL-011,16.0,985.5359808349432,75.0,False,,low,25.0,NORMAL,13.5,985.8,85.0,WARNING,replay,41.7,0.0
2025-02-01T03:00:00+00:00,AWS-DEL-011,15.4,985.8,74.0,False,,low,22.8,NORMAL,13.2,985.3,85.0,WARNING,replay,38.1,0.0
2025-02-01T04:00:00+00:00,AWS-DEL-011,14.8,985.8,76.0,False,,low,8.9,NORMAL,12.7,985.5,88.0,WARNING,replay,14.8,0.0
2025-02-01T05:00:00+00:00,AWS-DEL-011,14.5,985.7,77.0,False,,low,3.7,NORMAL,12.6,985.4,88.0,WARNING,replay,6.2,0.0
2025-02-01T06:00:00+00:00,AWS-DEL-011,12.7,986.9,91.0,False,,low,24.8,NORMAL,10.7,986.5,96.0,WARNING,replay,41.3,0.0
2025-02-01T07:00:00+00:00,AWS-DEL-011,12.9,987.8,91.0,False,,low,3.3,NORMAL,10.8,987.4,96.0,WARNING,replay,5.5,0.0
2025-02-01T08:00:00+00:00,AWS-DEL-011,14.7,988.6,82.0,False,,low,0.7,NORMAL,13.4,988.4,89.0,WARNING,replay,1.2,0.0
2025-02-01T09:00:00+00:00,AWS-DEL-011,17.6,989.6,70.0,False,,low,13.0,NORMAL,16.7,989.3,77.0,WARNING,replay,21.7,0.0
2025-02-01T10:00:00+00:00,AWS-DEL-011,20.6,990.3,58.0,False,,low,37.4,NORMAL,19.7,990.1,66.0,WARNING,replay,62.3,0.0
2025-02-01T11:00:00+00:00,AWS-DEL-011,23.0,990.1,46.0,False,,low,38.1,NORMAL,22.2,989.9,55.0,WARNING,replay,63.5,0.0
2025-02-01T12:00:00+00:00,AWS-DEL-011,24.4,989.5,38.0,False,,low,38.5,NORMAL,23.9,989.5,45.0,WARNING,replay,64.2,0.0
2025-02-01T13:00:00+00:00,AWS-DEL-011,25.3,988.5,34.0,False,,low,26.4,NORMAL,24.6,988.5,39.0,WARNING,replay,44.0,0.0
2025-02-01T14:00:00+00:00,AWS-DEL-011,25.5,987.7,32.0,False,,low,26.4,NORMAL,24.7,987.6,37.0,HEALTHY,replay,44.0,0.0
2025-02-01T15:00:00+00:00,AWS-DEL-011,25.5,987.2,32.0,False,,low,8.8,NORMAL,24.6,987.2,37.0,HEALTHY,replay,14.6,0.0
2025-02-01T16:00:00+00:00,AWS-DEL-011,25.1,987.2,33.0,False,,low,9.0,NORMAL,23.9,987.1,38.0,HEALTHY,replay,15.0,0.0
2025-02-01T17:00:00+00:00,AWS-DEL-011,24.1,987.3,36.0,False,,low,5.3,NORMAL,22.1,987.2,48.0,HEALTHY,replay,8.8,0.0
2025-02-01T18:00:00+00:00,AWS-DEL-011,21.3,987.7,60.0,False,,low,6.1,NORMAL,19.5,987.3,70.0,HEALTHY,replay,10.1,0.0
2025-02-01T19:00:00+00:00,AWS-DEL-011,20.8,988.2,61.0,False,,low,1.0,NORMAL,18.3,987.7,78.0,HEALTHY,replay,1.7,0.0
2025-02-01T20:00:00+00:00,AWS-DEL-011,19.6,988.7,64.02234873965801,False,,low,1.9,NORMAL,16.7,988.1,79.0,HEALTHY,replay,3.1,0.0
2025-02-01T21:00:00+00:00,AWS-DEL-011,17.7,990.3,77.074209082283,False,,low,12.6,NORMAL,16.5,988.9,75.0,HEALTHY,replay,20.9,0.0
2025-02-01T22:00:00+00:00,AWS-DEL-011,17.3,989.9,80.15113574809004,False,,low,2.3,NORMAL,16.4,989.8,83.0,HEALTHY,replay,3.9,0.0
2025-02-01T23:00:00+00:00,AWS-DEL-011,17.1,989.8,79.25109404230787,False,,low,1.8,NORMAL,15.4,989.6,88.0,HEALTHY,replay,3.0,0.0
2025-02-02T00:00:00+00:00,AWS-DEL-011,16.4,989.7,81.37276619566404,False,,low,0.4,NORMAL,15.0,989.4,88.0,HEALTHY,replay,0.7,0.0
2025-02-02T01:00:00+00:00,AWS-DEL-011,15.5,989.5,84.51518899690184,False,,low,0.3,NORMAL,14.6,989.1,91.0,HEALTHY,replay,0.6,0.0
2025-02-02T02:00:00+00:00,AWS-DEL-011,15.0,988.9,85.67760983135452,False,,low,0.5,NORMAL,14.0,988.5,91.0,HEALTHY,replay,0.8,0.0
2025-02-02T03:00:00+00:00,AWS-DEL-011,14.7,988.9,86.85941489746807,False,,low,0.4,NORMAL,13.4,988.3,90.0,HEALTHY,replay,0.7,0.0
2025-02-02T04:00:00+00:00,AWS-DEL-011,14.8,988.7,85.06008836546435,False,,low,0.3,NORMAL,13.1,988.3,90.0,HEALTHY,replay,0.5,0.0
2025-02-02T05:00:00+00:00,AWS-DEL-011,14.2,988.9,86.27918700095279,False,,low,0.4,NORMAL,13.0,988.4,89.0,HEALTHY,replay,0.7,0.0
2025-02-02T06:00:00+00:00,AWS-DEL-011,13.7,989.6,92.51632336327876,False,,low,0.6,NORMAL,12.7,989.1,94.0,HEALTHY,replay,1.1,0.0
2025-02-02T07:00:00+00:00,AWS-DEL-011,13.7,990.3,92.77115413184217,False,,low,0.4,NORMAL,12.5,989.7,94.0,HEALTHY,replay,0.7,0.0
2025-02-02T08:00:00+00:00,AWS-DEL-011,14.9,991.4,88.04337168186997,False,,low,0.9,NORMAL,14.3,991.0,87.0,HEALTHY,replay,1.4,0.0
2025-02-02T09:00:00+00:00,AWS-DEL-011,17.1,992.3,77.33269781591792,False,,low,1.8,NORMAL,16.7,991.9,77.0,HEALTHY,replay,3.0,0.0
2025-02-02T10:00:00+00:00,AWS-DEL-011,19.6,992.9,66.63887897986774,False,,low,2.7,NORMAL,19.2,992.5,68.0,HEALTHY,replay,4.5,0.0
2025-02-02T11:00:00+00:00,AWS-DEL-011,21.7,992.4,53.96168253335132,False,,low,6.4,NORMAL,21.4,992.1,57.0,HEALTHY,replay,10.6,0.0
2025-02-02T12:00:00+00:00,AWS-DEL-011,22.8,991.7,48.30089378897189,False,,low,4.1,NORMAL,22.8,991.2,49.0,HEALTHY,replay,6.9,0.0
2025-02-02T13:00:00+00:00,AWS-DEL-011,23.5,990.6,43.65631362475705,False,,low,3.9,NORMAL,23.4,990.2,43.0,HEALTHY,replay,6.5,0.0
2025-02-02T14:00:00+00:00,AWS-DEL-011,23.6,989.9,42.0277565323949,False,,low,1.9,NORMAL,23.4,989.5,42.0,HEALTHY,replay,3.2,0.0
2025-02-02T15:00:00+00:00,AWS-DEL-011,23.3,989.5,43.4150490024299,False,,low,1.1,NORMAL,23.0,989.1,41.0,HEALTHY,replay,1.9,0.0
2025-02-02T16:00:00+00:00,AWS-DEL-011,22.6,989.4,46.81802817393441,False,,low,0.7,NORMAL,22.2,989.0,43.0,HEALTHY,replay,1.2,0.0
2025-02-02T17:00:00+00:00,AWS-DEL-011,21.3,989.4,53.236540694545766,False,,low,0.5,NORMAL,20.5,989.0,53.0,HEALTHY,replay,0.8,0.0
2025-02-02T18:00:00+00:00,AWS-DEL-011,19.0,989.6,73.67044174983424,False,,low,7.1,NORMAL,18.5,989.1,69.0,HEALTHY,replay,11.9,0.0
2025-02-02T19:00:00+00:00,AWS-DEL-011,18.1,990.1,80.11959423044144,False,,low,4.2,NORMAL,17.1,989.5,76.0,HEALTHY,replay,6.9,0.0
2025-02-02T20:00:00+00:00,AWS-DEL-011,17.2,990.6,85.58386801240513,False,,low,2.1,NORMAL,16.5,990.1,80.0,HEALTHY,replay,3.5,0.0
2025-02-02T21:00:00+00:00,AWS-DEL-011,16.3,990.7,88.06313933129769,False,,low,0.9,NORMAL,15.5,990.2,84.0,HEALTHY,replay,1.5,0.0
2025-02-02T22:00:00+00:00,AWS-DEL-011,15.5,990.9,90.55729023475158,False,,low,1.2,NORMAL,14.8,990.4,86.0,HEALTHY,replay,1.9,0.0
2025-02-02T23:00:00+00:00,AWS-DEL-011,14.8,990.6,91.06620810096828,False,,low,0.5,NORMAL,14.2,990.2,88.0,HEALTHY,replay,0.9,0.0
2025-02-03T00:00:00+00:00,AWS-DEL-011,14.1,989.8,90.58978521314944,False,,low,0.3,NORMAL,13.6,989.5,89.0,HEALTHY,replay,0.6,0.0
2025-02-03T01:00:00+00:00,AWS-DEL-011,13.3,989.2,91.12791838162266,False,,low,0.2,NORMAL,12.8,988.7,90.0,HEALTHY,replay,0.3,0.0
2025-02-03T02:00:00+00:00,AWS-DEL-011,12.6,988.7,92.680508606882,False,,low,0.2,NORMAL,12.0,988.3,90.0,HEALTHY,replay,0.4,0.0
2025-02-03T03:00:00+00:00,AWS-DEL-011,11.9,988.5,96.24746077791832,False,,low,0.2,NORMAL,11.3,988.1,91.0,HEALTHY,replay,0.4,0.0
2025-02-03T04:00:00+00:00,AWS-DEL-011,11.3,988.2,96.82868340114176,False,,low,0.3,NORMAL,10.7,987.9,92.0,HEALTHY,replay,0.5,0.0
2025-02-03T05:00:00+00:00,AWS-DEL-011,10.8,988.2,98.42408835594836,False,,low,0.5,NORMAL,10.2,987.8,93.0,HEALTHY,replay,0.9,0.0
2025-02-03T06:00:00+00:00,AWS-DEL-011,11.0,989.1,100.0,False,,low,0.7,NORMAL,10.6,988.7,95.0,HEALTHY,replay,1.2,0.0
2025-02-03T07:00:00+00:00,AWS-DEL-011,10.9,989.8,100.0,False,,low,0.7,NORMAL,10.4,989.3,94.0,HEALTHY,replay,1.2,0.0
2025-02-03T08:00:00+00:00,AWS-DEL-011,12.7,990.6,97.29456209593604,False,,low,1.5,NORMAL,12.2,990.2,87.0,HEALTHY,replay,2.4,0.0
2025-02-03T09:00:00+00:00,AWS-DEL-011,15.1,991.5,86.94587530483777,False,,low,2.7,NORMAL,14.7,991.1,76.0,HEALTHY,replay,4.5,0.0
2025-02-03T10:00:00+00:00,AWS-DEL-011,17.8,991.7,60.0,False,,low,24.2,NORMAL,17.5,991.5,65.0,HEALTHY,replay,40.3,0.0
2025-02-03T11:00:00+00:00,AWS-DEL-011,20.0,991.1,46.0,False,,low,23.4,NORMAL,19.8,990.9,49.0,HEALTHY,replay,39.0,0.0
2025-02-03T12:00:00+00:00,AWS-DEL-011,21.4,989.9,37.0,False,,low,12.6,NORMAL,21.3,989.6,39.0,HEALTHY,replay,21.1,0.0
2025-02-03T13:00:00+00:00,AWS-DEL-011,22.4,989.0,34.0,False,,low,5.5,NORMAL,22.1,988.6,37.0,HEALTHY,replay,9.2,0.0
2025-02-03T14:00:00+00:00,AWS-DEL-011,22.7,988.3,34.0,False,,low,4.2,NORMAL,22.5,988.1,35.0,HEALTHY,replay,7.0,0.0
2025-02-03T15:00:00+00:00,AWS-DEL-011,22.8,988.0,35.0,False,,low,1.9,NORMAL,22.5,987.8,36.0,HEALTHY,replay,3.2,0.0
2025-02-03T16:00:00+00:00,AWS-DEL-011,22.3,988.1,37.0,False,,low,0.5,NORMAL,21.8,987.8,39.0,HEALTHY,replay,0.9,0.0
2025-02-03T17:00:00+00:00,AWS-DEL-011,20.7,,57.0,True,dropout,critical,100.0,RULE_ENGINE_BYPASS,19.7,987.9,54.0,HEALTHY,replay,,100.0
2025-02-03T18:00:00+00:00,AWS-DEL-011,18.8,989.0,59.0,False,,low,9.0,NORMAL,17.5,988.7,62.0,HEALTHY,replay,14.9,0.0
2025-02-03T19:00:00+00:00,AWS-DEL-011,17.5,989.6,64.0,False,,low,0.7,NORMAL,16.5,989.2,66.0,HEALTHY,replay,1.1,0.0
2025-02-03T20:00:00+00:00,AWS-DEL-011,16.5,990.1,68.0,False,,low,0.7,NORMAL,15.9,989.7,68.0,HEALTHY,replay,1.2,0.0
2025-02-03T21:00:00+00:00,AWS-DEL-011,16.2,990.2,70.0,False,,low,0.3,NORMAL,15.7,989.9,70.0,HEALTHY,replay,0.4,0.0
2025-02-03T22:00:00+00:00,AWS-DEL-011,15.6,990.4,69.0,False,,low,0.3,NORMAL,15.3,989.9,69.0,HEALTHY,replay,0.5,0.0
2025-02-03T23:00:00+00:00,AWS-DEL-011,14.8,990.1,72.0,False,,low,0.3,NORMAL,14.7,989.6,72.0,HEALTHY,replay,0.4,0.0
2025-02-04T00:00:00+00:00,AWS-DEL-011,14.3,989.7,73.0,False,,low,0.3,NORMAL,14.1,989.4,75.0,HEALTHY,replay,0.5,0.0
2025-02-04T01:00:00+00:00,AWS-DEL-011,14.3,989.3,73.0,False,,low,0.3,NORMAL,14.0,989.1,75.0,HEALTHY,replay,0.5,0.0
2025-02-04T02:00:00+00:00,AWS-DEL-011,13.9,989.1,73.0,False,,low,0.5,NORMAL,13.3,988.8,79.0,HEALTHY,replay,0.8,0.0
2025-02-04T03:00:00+00:00,AWS-DEL-011,13.6,988.8,74.0,False,,low,0.4,NORMAL,13.1,988.3,80.0,HEALTHY,replay,0.7,0.0
2025-02-04T04:00:00+00:00,AWS-DEL-011,13.2,988.5,75.0,False,,low,0.5,NORMAL,12.7,988.2,79.0,HEALTHY,replay,0.8,0.0
2025-02-04T05:00:00+00:00,AWS-DEL-011,13.0,989.0,76.0,False,,low,0.6,NORMAL,12.4,988.5,82.0,HEALTHY,replay,1.0,0.0
2025-02-04T06:00:00+00:00,AWS-DEL-011,15.1,990.2,75.0,False,,low,6.7,NORMAL,14.4,989.8,78.0,HEALTHY,replay,11.2,0.0
2025-02-04T07:00:00+00:00,AWS-DEL-011,14.9,990.7,71.0,False,,low,2.3,NORMAL,14.3,990.4,78.0,HEALTHY,replay,3.8,0.0
2025-02-04T08:00:00+00:00,AWS-DEL-011,43.86707025368342,991.3,70.0,True,multivariate_inconsistency,high,71.9,FUSED_CONSENSUS,15.0,990.9,75.0,HEALTHY,replay,81.2,58.0
2025-02-04T09:00:00+00:00,AWS-DEL-011,16.4,992.0,68.0,False,,low,12.0,NORMAL,16.3,991.7,72.0,HEALTHY,replay,20.0,0.0
2025-02-04T10:00:00+00:00,AWS-DEL-011,18.0,992.2,63.0,False,,low,7.9,NORMAL,18.2,992.1,65.0,HEALTHY,replay,13.2,0.0
2025-02-04T11:00:00+00:00,AWS-DEL-011,20.2,991.9,53.0,False,,low,12.1,NORMAL,19.7,991.8,61.0,HEALTHY,replay,20.1,0.0
2025-02-04T12:00:00+00:00,AWS-DEL-011,21.8,990.8,51.0,False,,low,2.0,NORMAL,21.3,990.6,57.0,HEALTHY,replay,3.3,0.0
2025-02-04T13:00:00+00:00,AWS-DEL-011,22.4,989.6,52.0,False,,low,2.0,NORMAL,22.0,989.4,58.0,HEALTHY,replay,3.3,0.0
2025-02-04T14:00:00+00:00,AWS-DEL-011,22.9,988.7,51.0,False,,low,3.2,NORMAL,22.5,988.7,57.0,HEALTHY,replay,5.3,0.0
2025-02-04T15:00:00+00:00,AWS-DEL-011,22.8,988.3,51.0,False,,low,1.1,NORMAL,22.3,988.3,59.0,HEALTHY,replay,1.8,0.0
2025-02-04T16:00:00+00:00,AWS-DEL-011,22.7,988.0,52.0,False,,low,1.2,NORMAL,21.8,987.9,63.0,HEALTHY,replay,1.9,0.0
2025-02-04T17:00:00+00:00,AWS-DEL-011,21.5,987.7,67.0,False,,low,3.1,NORMAL,20.7,987.7,71.0,HEALTHY,replay,5.2,0.0
2025-02-04T18:00:00+00:00,AWS-DEL-011,19.2,988.1,79.0,False,,low,4.7,NORMAL,18.7,987.9,82.0,HEALTHY,replay,7.9,0.0
2025-02-04T19:00:00+00:00,AWS-DEL-011,18.4,988.6,84.0,False,,low,0.8,NORMAL,17.7,988.3,87.0,HEALTHY,replay,1.3,0.0
2025-02-04T20:00:00+00:00,AWS-DEL-011,17.8,988.8,86.0,False,,low,0.3,NORMAL,16.9,988.5,90.0,HEALTHY,replay,0.5,0.0
2025-02-04T21:00:00+00:00,AWS-DEL-011,17.1,988.8,88.0,False,,low,0.3,NORMAL,16.2,988.5,93.0,HEALTHY,replay,0.5,0.0
2025-02-04T22:00:00+00:00,AWS-DEL-011,16.7,988.6,90.0,False,,low,0.2,NORMAL,15.5,988.3,95.0,HEALTHY,replay,0.4,0.0
2025-02-04T23:00:00+00:00,AWS-DEL-011,16.9,989.0,86.0,False,,low,0.3,NORMAL,15.1,988.2,97.0,HEALTHY,replay,0.5,0.0
2025-02-05T00:00:00+00:00,AWS-DEL-011,15.7,988.6,87.0,False,,low,0.4,NORMAL,14.9,988.3,96.0,HEALTHY,replay,0.7,0.0
2025-02-05T01:00:00+00:00,AWS-DEL-011,14.9,988.6,89.0,False,,low,0.3,NORMAL,14.6,988.3,94.0,HEALTHY,replay,0.4,0.0
2025-02-05T02:00:00+00:00,AWS-DEL-011,14.4,988.3,91.0,False,,low,0.2,NORMAL,14.2,987.9,95.0,HEALTHY,replay,0.4,0.0
2025-02-05T03:00:00+00:00,AWS-DEL-011,13.6,988.0,95.0,False,,low,0.2,NORMAL,13.8,987.7,95.0,HEALTHY,replay,0.3,0.0
2025-02-05T04:00:00+00:00,AWS-DEL-011,13.4,988.4,96.0,False,,low,0.3,NORMAL,13.2,987.9,96.0,HEALTHY,replay,0.4,0.0
2025-02-05T05:00:00+00:00,AWS-DEL-011,12.8,988.7,96.0,False,,low,0.4,NORMAL,12.5,988.2,96.0,HEALTHY,replay,0.7,0.0
2025-02-05T06:00:00+00:00,AWS-DEL-011,12.2,989.3,95.0,False,,low,0.3,NORMAL,11.9,988.7,96.0,HEALTHY,replay,0.5,0.0
2025-02-05T07:00:00+00:00,AWS-DEL-011,11.9,990.0,95.0,False,,low,0.5,NORMAL,11.8,989.5,96.0,HEALTHY,replay,0.8,0.0
2025-02-05T08:00:00+00:00,AWS-DEL-011,13.0,990.9,88.0,False,,low,1.0,NORMAL,13.1,990.4,92.0,HEALTHY,replay,1.7,0.0
2025-02-05T09:00:00+00:00,AWS-DEL-011,15.1,992.1,78.0,False,,low,4.4,NORMAL,15.3,991.7,82.0,HEALTHY,replay,7.3,0.0
2025-02-05T10:00:00+00:00,AWS-DEL-011,17.4,992.7,65.0,False,,low,4.0,NORMAL,17.7,992.2,68.0,HEALTHY,replay,6.7,0.0
2025-02-05T11:00:00+00:00,AWS-DEL-011,19.2,992.6,54.0,False,,low,4.2,NORMAL,19.7,992.1,54.0,HEALTHY,replay,7.0,0.0
2025-02-05T12:00:00+00:00,AWS-DEL-011,20.5,991.7,42.0,False,,low,6.7,NORMAL,20.9,991.2,42.0,HEALTHY,replay,11.2,0.0
2025-02-05T13:00:00+00:00,AWS-DEL-011,21.2,990.9,37.0,False,,low,4.4,NORMAL,21.4,990.4,38.0,HEALTHY,replay,7.4,0.0
2025-02-05T14:00:00+00:00,AWS-DEL-011,,990.2,34.0,True,dropout,critical,100.0,RULE_ENGINE_BYPASS,21.4,989.8,35.0,HEALTHY,replay,,100.0
2025-02-05T15:00:00+00:00,AWS-DEL-011,21.1,989.9,33.0,False,,low,3.5,NORMAL,21.1,989.4,33.0,HEALTHY,replay,5.8,0.0
2025-02-05T16:00:00+00:00,AWS-DEL-011,20.3,989.9,36.0,False,,low,1.5,NORMAL,20.3,989.5,37.0,HEALTHY,replay,2.5,0.0
2025-02-05T17:00:00+00:00,AWS-DEL-011,19.1,990.0,43.0,False,,low,0.5,NORMAL,18.6,989.5,46.0,HEALTHY,replay,0.9,0.0
2025-02-05T18:00:00+00:00,AWS-DEL-011,17.8,990.5,50.0,False,,low,1.0,NORMAL,16.4,990.0,50.0,HEALTHY,replay,1.6,0.0
2025-02-05T19:00:00+00:00,AWS-DEL-011,16.8,991.1,58.0,False,,low,1.0,NORMAL,15.5,990.7,55.0,HEALTHY,replay,1.7,0.0
2025-02-05T20:00:00+00:00,AWS-DEL-011,15.5,991.5,65.0,False,,low,1.1,NORMAL,14.8,991.2,60.0,HEALTHY,replay,1.9,0.0
2025-02-05T21:00:00+00:00,AWS-DEL-011,14.5,992.0,69.0,False,,low,0.9,NORMAL,14.1,991.7,65.0,HEALTHY,replay,1.5,0.0
2025-02-05T22:00:00+00:00,AWS-DEL-011,13.8,992.4,70.0,False,,low,0.5,NORMAL,13.5,992.0,69.0,HEALTHY,replay,0.9,0.0
2025-02-05T23:00:00+00:00,AWS-DEL-011,13.2,992.1,68.0,False,,low,0.5,NORMAL,12.7,991.8,71.0,HEALTHY,replay,0.9,0.0
2025-02-06T00:00:00+00:00,AWS-DEL-011,13.0,991.8,62.0,False,,low,0.7,NORMAL,11.8,991.5,71.0,HEALTHY,replay,1.2,0.0
2025-02-06T01:00:00+00:00,AWS-DEL-011,13.4,991.7,56.0,False,,low,1.1,NORMAL,11.9,991.3,66.0,HEALTHY,replay,1.8,0.0
2025-02-06T02:00:00+00:00,AWS-DEL-011,13.1,991.1,57.0,False,,low,0.5,NORMAL,12.2,990.5,63.0,HEALTHY,replay,0.8,0.0
2025-02-06T03:00:00+00:00,AWS-DEL-011,13.0,990.8,56.0,False,,low,0.6,NORMAL,11.9,990.2,62.0,HEALTHY,replay,1.0,0.0
2025-02-06T04:00:00+00:00,AWS-DEL-011,13.0,990.6,56.0,False,,low,0.6,NORMAL,12.1,990.1,59.0,HEALTHY,replay,1.0,0.0
2025-02-06T05:00:00+00:00,AWS-DEL-011,12.8,990.8,56.0,False,,low,1.0,NORMAL,12.6,990.3,55.0,HEALTHY,replay,1.7,0.0
2025-02-06T06:00:00+00:00,AWS-DEL-011,11.7,992.0,75.0,False,,low,9.9,NORMAL,11.6,991.4,72.0,HEALTHY,replay,16.6,0.0
2025-02-06T07:00:00+00:00,AWS-DEL-011,11.4,992.6,75.0,False,,low,1.5,NORMAL,11.0,992.0,76.0,HEALTHY,replay,2.5,0.0
2025-02-06T08:00:00+00:00,AWS-DEL-011,12.8,993.2,69.0,False,,low,1.7,NORMAL,12.6,992.6,72.0,HEALTHY,replay,2.8,0.0
2025-02-06T09:00:00+00:00,AWS-DEL-011,15.2,993.8,62.0,False,,low,2.8,NORMAL,15.1,993.2,64.0,HEALTHY,replay,4.7,0.0
2025-02-06T10:00:00+00:00,AWS-DEL-011,17.7,994.3,53.0,False,,low,3.7,NORMAL,17.7,993.6,52.0,HEALTHY,replay,6.1,0.0
2025-02-06T11:00:00+00:00,AWS-DEL-011,19.6,993.8,39.0,False,,low,12.0,NORMAL,19.8,993.3,39.0,HEALTHY,replay,19.9,0.0
2025-02-06T12:00:00+00:00,AWS-DEL-011,20.7,992.8,31.0,False,,low,6.9,NORMAL,20.9,992.3,29.0,HEALTHY,replay,11.4,0.0
2025-02-06T13:00:00+00:00,AWS-DEL-011,21.1,992.0,28.0,False,,low,1.8,NORMAL,21.3,991.4,27.0,HEALTHY,replay,3.0,0.0
2025-02-06T14:00:00+00:00,AWS-DEL-011,21.1,991.2,29.0,False,,low,0.9,NORMAL,21.1,990.6,29.0,HEALTHY,replay,1.6,0.0
2025-02-06T15:00:00+00:00,AWS-DEL-011,20.6,990.7,33.0,False,,low,0.6,NORMAL,20.6,990.1,31.0,HEALTHY,replay,0.9,0.0
2025-02-06T16:00:00+00:00,AWS-DEL-011,19.8,990.5,38.0,False,,low,0.8,NORMAL,19.7,989.9,36.0,HEALTHY,replay,1.3,0.0
2025-02-06T17:00:00+00:00,AWS-DEL-011,18.6,990.4,43.0,False,,low,0.5,NORMAL,18.2,989.9,43.0,HEALTHY,replay,0.8,0.0
2025-02-06T18:00:00+00:00,AWS-DEL-011,17.8,990.8,47.0,False,,low,0.3,NORMAL,17.1,990.2,49.0,HEALTHY,replay,0.5,0.0
2025-02-06T19:00:00+00:00,AWS-DEL-011,16.6,991.3,51.0,False,,low,0.2,NORMAL,15.8,990.6,56.0,HEALTHY,replay,0.4,0.0
2025-02-06T20:00:00+00:00,AWS-DEL-011,15.6,991.9,52.0,False,,low,0.2,NORMAL,15.0,991.3,59.0,HEALTHY,replay,0.3,0.0
2025-02-06T21:00:00+00:00,AWS-DEL-011,14.8,992.4,54.0,False,,low,0.2,NORMAL,14.3,991.9,58.0,HEALTHY,replay,0.3,0.0
2025-02-06T22:00:00+00:00,AWS-DEL-011,14.2,992.4,55.0,False,,low,0.1,NORMAL,13.7,991.7,59.0,HEALTHY,replay,0.2,0.0
2025-02-06T23:00:00+00:00,AWS-DEL-011,13.5,992.5,57.0,False,,low,0.1,NORMAL,13.2,991.8,61.0,HEALTHY,replay,0.2,0.0
2025-02-07T00:00:00+00:00,AWS-DEL-011,13.1,992.3,59.0,False,,low,0.1,NORMAL,13.0,991.6,60.0,HEALTHY,replay,0.2,0.0
2025-02-07T01:00:00+00:00,AWS-DEL-011,12.6,992.0,60.0,False,,low,0.2,NORMAL,12.6,991.2,60.0,HEALTHY,replay,0.4,0.0
2025-02-07T02:00:00+00:00,AWS-DEL-011,12.2,991.5,60.0,False,,low,0.1,NORMAL,12.1,990.9,60.0,HEALTHY,replay,0.2,0.0
2025-02-07T03:00:00+00:00,AWS-DEL-011,11.7,991.1,61.0,False,,low,0.1,NORMAL,11.5,990.4,61.0,HEALTHY,replay,0.2,0.0
2025-02-07T04:00:00+00:00,AWS-DEL-011,11.2,991.1,62.0,False,,low,0.2,NORMAL,10.9,990.3,62.0,HEALTHY,replay,0.3,0.0
2025-02-07T05:00:00+00:00,AWS-DEL-011,10.8,991.1,64.0,False,,low,0.3,NORMAL,10.7,990.4,62.0,HEALTHY,replay,0.5,0.0
2025-02-07T06:00:00+00:00,AWS-DEL-011,10.7,991.5,73.0,False,,low,0.9,NORMAL,10.7,990.8,72.0,HEALTHY,replay,1.4,0.0
2025-02-07T07:00:00+00:00,AWS-DEL-011,20.70843200354934,991.6323986475738,100.0,True,multivariate_inconsistency,high,75.9,MODEL_OVERRIDE,10.7,991.4,71.0,HEALTHY,replay,95.9,45.9
2025-02-07T08:00:00+00:00,AWS-DEL-011,22.008432003549345,992.0392141471788,100.0,True,multivariate_inconsistency,high,75.7,MODEL_OVERRIDE,12.3,992.0,65.0,HEALTHY,replay,95.0,46.8
2025-02-07T09:00:00+00:00,AWS-DEL-011,24.20843200354934,993.8665235136082,100.0,True,multivariate_inconsistency,high,76.0,MODEL_OVERRIDE,14.3,992.8,58.0,HEALTHY,replay,94.6,48.2
2025-02-07T10:00:00+00:00,AWS-DEL-011,16.2,993.4,51.0,False,,low,10.2,NORMAL,16.4,992.9,50.0,HEALTHY,replay,17.0,0.0
2025-02-07T11:00:00+00:00,AWS-DEL-011,18.2,993.2,45.0,False,,low,7.9,NORMAL,18.4,992.6,42.0,HEALTHY,replay,13.2,0.0
2025-02-07T12:00:00+00:00,AWS-DEL-011,19.7,992.6,39.0,False,,low,11.8,NORMAL,20.1,991.9,37.0,HEALTHY,replay,19.6,0.0
2025-02-07T13:00:00+00:00,AWS-DEL-011,20.6,991.9,35.0,False,,low,2.5,NORMAL,21.0,991.1,31.0,HEALTHY,replay,4.2,0.0
2025-02-07T14:00:00+00:00,AWS-DEL-011,20.8,991.1,32.0,False,,low,2.5,NORMAL,21.2,990.4,29.0,HEALTHY,replay,4.1,0.0
2025-02-07T15:00:00+00:00,AWS-DEL-011,20.7,990.6,31.0,False,,low,2.0,NORMAL,20.9,989.9,30.0,HEALTHY,replay,3.3,0.0
2025-02-07T16:00:00+00:00,AWS-DEL-011,20.0,990.3,36.0,False,,low,2.0,NORMAL,20.0,989.7,34.0,HEALTHY,replay,3.4,0.0
2025-02-07T17:00:00+00:00,AWS-DEL-011,18.7,990.2,41.0,False,,low,0.4,NORMAL,18.4,989.7,42.0,HEALTHY,replay,0.7,0.0
2025-02-07T18:00:00+00:00,AWS-DEL-011,17.9,990.6,45.0,False,,low,0.3,NORMAL,17.3,990.0,45.0,HEALTHY,replay,0.5,0.0
2025-02-07T19:00:00+00:00,AWS-DEL-011,16.8,991.2,50.0,False,,low,0.3,NORMAL,16.4,990.6,50.0,HEALTHY,replay,0.5,0.0
2025-02-07T20:00:00+00:00,AWS-DEL-011,15.9,991.6,52.0,False,,low,0.2,NORMAL,15.8,990.9,53.0,HEALTHY,replay,0.4,0.0
2025-02-07T21:00:00+00:00,AWS-DEL-011,15.1,991.5,53.0,False,,low,0.2,NORMAL,15.0,990.9,54.0,HEALTHY,replay,0.4,0.0
2025-02-07T22:00:00+00:00,AWS-DEL-011,14.5,991.4,54.0,False,,low,0.2,NORMAL,14.2,990.8,56.0,HEALTHY,replay,0.3,0.0
2025-02-07T23:00:00+00:00,AWS-DEL-011,13.9,991.2,54.0,False,,low,0.2,NORMAL,13.7,990.6,56.0,HEALTHY,replay,0.3,0.0
2025-02-08T00:00:00+00:00,AWS-DEL-011,13.5,990.2,54.0,False,,low,0.4,NORMAL,13.2,989.7,57.0,HEALTHY,replay,0.7,0.0
2025-02-08T01:00:00+00:00,AWS-DEL-011,13.1,989.8,55.0,False,,low,0.3,NORMAL,12.6,989.2,57.0,HEALTHY,replay,0.6,0.0
2025-02-08T02:00:00+00:00,AWS-DEL-011,12.8,989.1,55.0,False,,low,0.7,NORMAL,12.3,988.6,58.0,HEALTHY,replay,1.2,0.0
2025-02-08T03:00:00+00:00,AWS-DEL-011,12.5,989.0,55.0,False,,low,0.5,NORMAL,12.2,988.4,57.0,HEALTHY,replay,0.8,0.0
2025-02-08T04:00:00+00:00,AWS-DEL-011,12.3,988.8,55.0,False,,low,0.5,NORMAL,11.8,988.2,58.0,HEALTHY,replay,0.8,0.0
2025-02-08T05:00:00+00:00,AWS-DEL-011,12.0,989.0,56.0,False,,low,0.3,NORMAL,11.5,988.3,58.0,HEALTHY,replay,0.6,0.0
2025-02-08T06:00:00+00:00,AWS-DEL-011,11.2,990.1,66.0,False,,low,0.5,NORMAL,11.2,989.3,65.0,HEALTHY,replay,0.9,0.0
2025-02-08T07:00:00+00:00,AWS-DEL-011,11.1,990.8,66.0,False,,low,0.2,NORMAL,11.1,990.1,66.0,HEALTHY,replay,0.3,0.0
2025-02-08T08:00:00+00:00,AWS-DEL-011,12.3,991.6,63.0,False,,low,0.2,NORMAL,12.8,991.1,62.0,HEALTHY,replay,0.4,0.0
2025-02-08T09:00:00+00:00,AWS-DEL-011,14.5,992.5,56.0,False,,low,1.8,NORMAL,15.1,991.9,54.0,HEALTHY,replay,3.1,0.0
2025-02-08T10:00:00+00:00,AWS-DEL-011,17.2,993.1,48.0,False,,low,0.7,NORMAL,17.6,992.4,47.0,HEALTHY,replay,1.1,0.0
2025-02-08T11:00:00+00:00,AWS-DEL-011,19.6,992.8,42.0,False,,low,1.3,NORMAL,19.8,992.2,42.0,HEALTHY,replay,2.2,0.0
2025-02-08T12:00:00+00:00,AWS-DEL-011,21.5,991.7,36.0,False,,low,1.4,NORMAL,21.7,991.1,36.0,HEALTHY,replay,2.3,0.0
2025-02-08T13:00:00+00:00,AWS-DEL-011,22.8,990.6,32.0,False,,low,2.1,NORMAL,22.8,990.1,32.0,HEALTHY,replay,3.6,0.0
2025-02-08T14:00:00+00:00,AWS-DEL-011,23.3,989.6,30.0,False,,low,5.0,NORMAL,23.1,989.1,31.0,HEALTHY,replay,8.3,0.0
2025-02-08T15:00:00+00:00,AWS-DEL-011,23.2,989.1,31.0,False,,low,2.2,NORMAL,22.8,988.6,35.0,HEALTHY,replay,3.7,0.0
2025-02-08T16:00:00+00:00,AWS-DEL-011,22.4,988.8,35.0,False,,low,1.2,NORMAL,21.9,988.3,39.0,HEALTHY,replay,2.0,0.0
2025-02-08T17:00:00+00:00,AWS-DEL-011,20.8,989.0,45.0,False,,low,0.7,NORMAL,20.1,988.4,48.0,HEALTHY,replay,1.2,0.0
2025-02-08T18:00:00+00:00,AWS-DEL-011,19.8,989.2,47.0,False,,low,0.2,NORMAL,18.5,988.6,53.0,HEALTHY,replay,0.3,0.0
2025-02-08T19:00:00+00:00,AWS-DEL-011,18.8,990.2,54.0,False,,low,0.2,NORMAL,17.4,989.5,59.0,HEALTHY,replay,0.4,0.0
2025-02-08T20:00:00+00:00,AWS-DEL-011,17.7,990.5,61.0,False,,low,0.3,NORMAL,16.3,989.9,64.0,HEALTHY,replay,0.5,0.0
2025-02-08T21:00:00+00:00,AWS-DEL-011,16.7,990.9,65.0,False,,low,0.2,NORMAL,15.2,990.4,69.0,HEALTHY,replay,0.3,0.0
2025-02-08T22:00:00+00:00,AWS-DEL-011,16.2,991.1,66.0,False,,low,0.2,NORMAL,14.4,990.6,73.0,HEALTHY,replay,0.3,0.0
2025-02-08T23:00:00+00:00,AWS-DEL-011,15.5,990.9,67.0,False,,low,0.2,NORMAL,13.8,990.5,74.0,HEALTHY,replay,0.3,0.0
2025-02-09T00:00:00+00:00,AWS-DEL-011,14.9,990.6,68.0,False,,low,0.2,NORMAL,13.2,990.2,75.0,HEALTHY,replay,0.3,0.0
2025-02-09T01:00:00+00:00,AWS-DEL-011,14.5,990.2,69.0,False,,low,0.2,NORMAL,12.9,989.7,74.0,HEALTHY,replay,0.4,0.0
2025-02-09T02:00:00+00:00,AWS-DEL-011,14.0,989.5,71.0,False,,low,0.2,NORMAL,12.5,989.2,75.0,HEALTHY,replay,0.4,0.0
2025-02-09T03:00:00+00:00,AWS-DEL-011,13.2,989.0,75.0,False,,low,0.2,NORMAL,12.2,988.6,77.0,HEALTHY,replay,0.3,0.0
2025-02-09T04:00:00+00:00,AWS-DEL-011,12.5,988.6,78.0,False,,low,0.1,NORMAL,11.9,988.2,79.0,HEALTHY,replay,0.2,0.0
2025-02-09T05:00:00+00:00,AWS-DEL-011,11.9,988.6,80.0,False,,low,0.1,NORMAL,11.4,988.2,82.0,HEALTHY,replay,0.2,0.0
2025-02-09T06:00:00+00:00,AWS-DEL-011,10.9,989.3,86.0,False,,low,0.2,NORMAL,10.1,988.9,90.0,HEALTHY,replay,0.3,0.0
2025-02-09T07:00:00+00:00,AWS-DEL-011,10.8,989.7,86.0,False,,low,0.2,NORMAL,9.8,989.4,90.0,HEALTHY,replay,0.3,0.0
2025-02-09T08:00:00+00:00,AWS-DEL-011,12.9,990.7,76.0,False,,low,0.4,NORMAL,12.3,990.3,78.0,HEALTHY,replay,0.7,0.0
2025-02-09T09:00:00+00:00,AWS-DEL-011,15.9,991.8,63.0,False,,low,0.9,NORMAL,15.3,991.4,67.0,HEALTHY,replay,1.5,0.0
2025-02-09T10:00:00+00:00,AWS-DEL-011,19.0,992.0,50.0,False,,low,3.7,NORMAL,18.4,991.6,56.0,HEALTHY,replay,6.1,0.0
2025-02-09T11:00:00+00:00,AWS-DEL-011,21.8,991.7,38.0,False,,low,6.4,NORMAL,21.0,991.3,44.0,HEALTHY,replay,10.6,0.0
2025-02-09T12:00:00+00:00,AWS-DEL-011,23.8,990.8,29.0,False,,low,10.7,NORMAL,23.0,990.4,35.0,HEALTHY,replay,17.9,0.0
2025-02-09T13:00:00+00:00,AWS-DEL-011,24.8,989.6,25.0,False,,low,5.5,NORMAL,24.2,989.2,29.0,HEALTHY,replay,9.2,0.0
2025-02-09T14:00:00+00:00,AWS-DEL-011,25.2,988.8,26.0,False,,low,2.9,NORMAL,24.8,988.4,26.0,HEALTHY,replay,4.9,0.0
2025-02-09T15:00:00+00:00,AWS-DEL-011,24.9,988.2,28.0,False,,low,0.7,NORMAL,24.8,987.9,26.0,HEALTHY,replay,1.2,0.0
2025-02-09T16:00:00+00:00,AWS-DEL-011,24.1,988.0,32.0,False,,low,0.5,NORMAL,23.9,987.6,31.0,HEALTHY,replay,0.9,0.0
2025-02-09T17:00:00+00:00,AWS-DEL-011,-40.002233137301815,987.8,41.0,True,multivariate_inconsistency,medium,68.7,FUSED_CONSENSUS,21.4,987.3,46.0,HEALTHY,replay,74.5,60.0
2025-02-09T18:00:00+00:00,AWS-DEL-011,-40.136649036333935,988.0,50.0,True,multivariate_inconsistency,high,76.6,FUSED_CONSENSUS,19.1,987.5,60.0,HEALTHY,replay,87.7,60.0
2025-02-09T19:00:00+00:00,AWS-DEL-011,-39.934174583747904,988.5,59.0,True,multivariate_inconsistency,medium,69.6,FUSED_CONSENSUS,17.9,988.0,66.0,HEALTHY,replay,75.9,60.0
2025-02-09T20:00:00+00:00,AWS-DEL-011,-40.02892183258854,988.9,65.0,True,multivariate_inconsistency,high,77.8,MODEL_OVERRIDE,16.8,988.4,72.0,OFFLINE,replay,89.6,60.0
2025-02-09T21:00:00+00:00,AWS-DEL-011,17.9,989.2,68.0,True,multivariate_inconsistency,low,45.1,FUSED_CONSENSUS,15.5,988.8,78.0,OFFLINE,replay,45.1,45.0
2025-02-09T22:00:00+00:00,AWS-DEL-011,17.3,989.1,71.0,True,multivariate_inconsistency,low,54.3,FUSED_CONSENSUS,14.3,988.6,83.0,OFFLINE,replay,60.6,45.0
2025-02-09T23:00:00+00:00,AWS-DEL-011,16.8,988.7,73.0,True,multivariate_inconsistency,medium,58.6,FUSED_CONSENSUS,13.6,988.1,85.0,HEALTHY,replay,67.7,45.0
2025-02-10T00:00:00+00:00,AWS-DEL-011,15.9,988.2,76.0,True,multivariate_inconsistency,low,54.2,FUSED_CONSENSUS,13.2,987.6,85.0,OFFLINE,replay,60.3,45.0
2025-02-10T01:00:00+00:00,AWS-DEL-011,14.7,987.9,81.0,True,multivariate_inconsistency,medium,61.4,FUSED_CONSENSUS,12.4,987.4,88.0,OFFLINE,replay,72.4,45.0
2025-02-10T02:00:00+00:00,AWS-DEL-011,13.7,987.5,84.0,True,multivariate_inconsistency,medium,66.4,FUSED_CONSENSUS,11.7,987.0,92.0,OFFLINE,replay,80.7,45.0
2025-02-10T03:00:00+00:00,AWS-DEL-011,12.9,987.3,86.0,True,multivariate_inconsistency,medium,67.0,FUSED_CONSENSUS,11.6,986.9,93.0,OFFLINE,replay,81.7,45.0
2025-02-10T04:00:00+00:00,AWS-DEL-011,12.3,986.9,87.0,True,multivariate_inconsistency,medium,70.0,FUSED_CONSENSUS,11.2,986.5,93.0,OFFLINE,replay,86.6,45.0
2025-02-10T05:00:00+00:00,AWS-DEL-011,11.8,987.0,89.0,True,multivariate_inconsistency,high,71.2,MODEL_OVERRIDE,10.8,986.6,94.0,OFFLINE,replay,88.6,45.0
2025-02-10T06:00:00+00:00,AWS-DEL-011,11.7,988.3,92.0,True,multivariate_inconsistency,medium,68.5,FUSED_CONSENSUS,10.6,987.8,96.0,OFFLINE,replay,84.2,45.0
2025-02-10T07:00:00+00:00,AWS-DEL-011,11.8,988.7,91.0,True,multivariate_inconsistency,medium,68.1,FUSED_CONSENSUS,10.6,988.2,96.0,OFFLINE,replay,83.4,45.0
2025-02-10T08:00:00+00:00,AWS-DEL-011,13.9,989.8,81.0,True,multivariate_inconsistency,medium,65.3,FUSED_CONSENSUS,13.4,989.4,87.0,OFFLINE,replay,78.8,45.0
2025-02-10T09:00:00+00:00,AWS-DEL-011,17.5,1004.509083739474,65.0,True,spike,medium,65.3,FUSED_CONSENSUS,17.1,990.6,73.0,OFFLINE,replay,87.1,32.6
2025-02-10T10:00:00+00:00,AWS-DEL-011,21.4,998.0330929648698,48.0,False,,low,40.5,NORMAL,20.5,991.3,57.0,OFFLINE,replay,67.5,0.0
2025-02-10T11:00:00+00:00,AWS-DEL-011,24.4,994.3689701592778,31.0,False,,low,40.7,NORMAL,23.4,991.1,42.0,HEALTHY,replay,67.9,0.0
2025-02-10T12:00:00+00:00,AWS-DEL-011,26.2,992.091860794651,24.0,False,,low,40.7,NORMAL,25.2,990.4,31.0,OFFLINE,replay,67.8,0.0
2025-02-10T13:00:00+00:00,AWS-DEL-011,26.8,989.5,22.0,False,,low,33.3,NORMAL,26.2,989.3,28.0,OFFLINE,replay,55.6,0.0
2025-02-10T14:00:00+00:00,AWS-DEL-011,27.2,988.8,21.0,False,,low,31.2,NORMAL,26.4,988.4,27.0,OFFLINE,replay,52.0,0.0
2025-02-10T15:00:00+00:00,AWS-DEL-011,27.2,988.2,22.0,False,,low,31.5,NORMAL,26.4,987.9,26.0,HEALTHY,replay,52.4,0.0
2025-02-10T16:00:00+00:00,AWS-DEL-011,26.6,988.1,23.0,False,,low,23.0,NORMAL,25.0,987.8,36.0,WARNING,replay,38.3,0.0
2025-02-10T17:00:00+00:00,AWS-DEL-011,25.1,987.9,29.0,False,,low,28.3,NORMAL,22.8,987.6,47.0,WARNING,replay,47.2,0.0
2025-02-10T18:00:00+00:00,AWS-DEL-011,22.3,988.1,47.0,False,,low,41.1,NORMAL,20.5,987.7,58.0,WARNING,replay,68.4,0.0
2025-02-10T19:00:00+00:00,AWS-DEL-011,21.1,988.8,57.0,False,,low,27.8,NORMAL,18.9,988.4,65.0,WARNING,replay,46.4,0.0
2025-02-10T20:00:00+00:00,AWS-DEL-011,20.5,989.2,60.0,False,,low,10.9,NORMAL,18.4,988.8,64.0,WARNING,replay,18.2,0.0
2025-02-10T21:00:00+00:00,AWS-DEL-011,19.6,989.3,64.0,False,,low,2.8,NORMAL,17.5,989.0,68.0,WARNING,replay,4.7,0.0
2025-02-10T22:00:00+00:00,AWS-DEL-011,18.7,989.7,69.0,False,,low,2.7,NORMAL,16.1,989.1,78.0,WARNING,replay,4.4,0.0
2025-02-10T23:00:00+00:00,AWS-DEL-011,17.9,989.4,74.0,False,,low,1.3,NORMAL,15.3,988.9,83.0,WARNING,replay,2.2,0.0
2025-02-11T00:00:00+00:00,AWS-DEL-011,17.3,988.9,77.0,False,,low,1.0,NORMAL,14.8,988.4,86.0,WARNING,replay,1.6,0.0
2025-02-11T01:00:00+00:00,AWS-DEL-011,16.6,988.2,79.0,False,,low,1.4,NORMAL,14.0,987.8,88.0,WARNING,replay,2.3,0.0
2025-02-11T02:00:00+00:00,AWS-DEL-011,16.4,987.5,80.0,False,,low,3.2,NORMAL,13.1,986.9,92.0,WARNING,replay,5.3,0.0
2025-02-11T03:00:00+00:00,AWS-DEL-011,16.4,987.4,78.0,False,,low,2.6,NORMAL,12.8,986.7,93.0,WARNING,replay,4.3,0.0
2025-02-11T04:00:00+00:00,AWS-DEL-011,15.3,987.2,82.0,False,,low,1.4,NORMAL,12.4,986.7,92.0,WARNING,replay,2.4,0.0
2025-02-11T05:00:00+00:00,AWS-DEL-011,14.4,987.5,86.0,False,,low,0.6,NORMAL,12.0,986.9,91.0,HEALTHY,replay,1.0,0.0
2025-02-11T06:00:00+00:00,AWS-DEL-011,12.8,988.2,90.0,False,,low,4.5,NORMAL,11.5,987.9,89.0,HEALTHY,replay,7.6,0.0
2025-02-11T07:00:00+00:00,AWS-DEL-011,12.3,988.5,93.0,False,,low,7.1,NORMAL,11.9,988.2,91.0,HEALTHY,replay,11.8,0.0
2025-02-11T08:00:00+00:00,AWS-DEL-011,14.3,989.4,83.0,False,,low,8.4,NORMAL,14.2,989.1,83.0,HEALTHY,replay,14.0,0.0
2025-02-11T09:00:00+00:00,AWS-DEL-011,18.2,990.5,68.0,False,,low,36.3,NORMAL,18.4,990.2,68.0,HEALTHY,replay,60.5,0.0
2025-02-11T10:00:00+00:00,AWS-DEL-011,22.0,991.1,51.0,False,,low,48.7,NORMAL,21.8,990.8,52.0,HEALTHY,replay,81.1,0.0
2025-02-11T11:00:00+00:00,AWS-DEL-011,24.6,990.6,41.0,False,,low,24.8,NORMAL,24.4,990.4,38.0,HEALTHY,replay,41.3,0.0
2025-02-11T12:00:00+00:00,AWS-DEL-011,26.2,989.8,37.0,False,,low,9.7,NORMAL,25.9,989.5,36.0,HEALTHY,replay,16.2,0.0
2025-02-11T13:00:00+00:00,AWS-DEL-011,27.3,988.8,32.0,False,,low,12.5,NORMAL,26.9,988.6,33.0,HEALTHY,replay,20.8,0.0
2025-02-11T14:00:00+00:00,AWS-DEL-011,27.9,987.9,25.0,False,,low,25.0,NORMAL,27.3,987.6,30.0,HEALTHY,replay,41.7,0.0
2025-02-11T15:00:00+00:00,AWS-DEL-011,27.7,987.2,25.0,False,,low,2.9,NORMAL,26.9,987.0,30.0,HEALTHY,replay,4.8,0.0
2025-02-11T16:00:00+00:00,AWS-DEL-011,26.5,987.0,32.0,False,,low,1.5,NORMAL,25.4,986.7,40.0,HEALTHY,replay,2.4,0.0
2025-02-11T17:00:00+00:00,AWS-DEL-011,24.9,987.0,40.0,False,,low,1.4,NORMAL,23.3,986.8,49.0,HEALTHY,replay,2.4,0.0
2025-02-11T18:00:00+00:00,AWS-DEL-011,23.5,987.0,44.0,False,,low,0.9,NORMAL,21.5,986.7,57.0,HEALTHY,replay,1.5,0.0
2025-02-11T19:00:00+00:00,AWS-DEL-011,22.5,987.5,52.0,False,,low,1.1,NORMAL,19.9,987.2,64.0,HEALTHY,replay,1.9,0.0
2025-02-11T20:00:00+00:00,AWS-DEL-011,21.4,987.8,56.0,False,,low,0.5,NORMAL,19.6,987.4,63.0,HEALTHY,replay,0.9,0.0
2025-02-11T21:00:00+00:00,AWS-DEL-011,20.5,988.1,58.0,False,,low,0.2,NORMAL,17.9,987.8,69.0,HEALTHY,replay,0.4,0.0
2025-02-11T22:00:00+00:00,AWS-DEL-011,19.3,988.6,66.0,False,,low,0.4,NORMAL,17.3,988.2,75.0,HEALTHY,replay,0.7,0.0
2025-02-11T23:00:00+00:00,AWS-DEL-011,18.4,988.4,69.0,False,,low,0.2,NORMAL,15.9,987.7,82.0,HEALTHY,replay,0.4,0.0
2025-02-12T00:00:00+00:00,AWS-DEL-011,18.3,988.3,67.0,False,,low,0.3,NORMAL,15.6,987.5,81.0,HEALTHY,replay,0.5,0.0
2025-02-12T01:00:00+00:00,AWS-DEL-011,17.1,988.0,70.0,False,,low,0.3,NORMAL,14.9,987.5,83.0,HEALTHY,replay,0.4,0.0
2025-02-12T02:00:00+00:00,AWS-DEL-011,15.9,987.5,71.0,False,,low,0.2,NORMAL,14.1,987.1,84.0,HEALTHY,replay,0.3,0.0
2025-02-12T03:00:00+00:00,AWS-DEL-011,15.3,987.1,72.0,False,,low,0.2,NORMAL,13.7,986.6,82.0,HEALTHY,replay,0.3,0.0
2025-02-12T04:00:00+00:00,AWS-DEL-011,14.6,987.2,72.0,False,,low,0.2,NORMAL,13.2,986.5,80.0,HEALTHY,replay,0.4,0.0
2025-02-12T05:00:00+00:00,AWS-DEL-011,14.1,987.6,71.0,False,,low,0.3,NORMAL,12.9,987.0,78.0,HEALTHY,replay,0.5,0.0
2025-02-12T06:00:00+00:00,AWS-DEL-011,13.8,988.3,81.0,False,,low,0.8,NORMAL,13.2,987.7,84.0,HEALTHY,replay,1.4,0.0
2025-02-12T07:00:00+00:00,AWS-DEL-011,13.6,989.0,79.0,False,,low,0.4,NORMAL,13.2,988.4,82.0,HEALTHY,replay,0.6,0.0
2025-02-12T08:00:00+00:00,AWS-DEL-011,15.2,990.1,70.0,False,,low,0.6,NORMAL,15.1,989.5,74.0,HEALTHY,replay,1.1,0.0
2025-02-12T09:00:00+00:00,AWS-DEL-011,17.8,991.3,59.0,False,,low,4.0,NORMAL,17.6,990.8,63.0,HEALTHY,replay,6.7,0.0
2025-02-12T10:00:00+00:00,AWS-DEL-011,20.6,991.6,47.0,False,,low,5.6,NORMAL,20.1,991.1,53.0,HEALTHY,replay,9.3,0.0
2025-02-12T11:00:00+00:00,AWS-DEL-011,23.3,991.4,36.0,False,,low,6.2,NORMAL,22.6,990.7,44.0,HEALTHY,replay,10.3,0.0
2025-02-12T12:00:00+00:00,AWS-DEL-011,24.9,990.8,27.0,False,,low,4.1,NORMAL,24.3,990.2,32.0,HEALTHY,replay,6.8,0.0
2025-02-12T13:00:00+00:00,AWS-DEL-011,25.3,989.7,25.0,False,,low,1.6,NORMAL,24.6,989.1,30.0,HEALTHY,replay,2.7,0.0
2025-02-12T14:00:00+00:00,AWS-DEL-011,25.603297648008382,988.7,24.0,False,,low,1.7,NORMAL,24.5,988.3,30.0,HEALTHY,replay,2.8,0.0
2025-02-12T15:00:00+00:00,AWS-DEL-011,25.406595296016768,988.9,24.0,False,,low,0.5,NORMAL,24.2,988.3,29.0,HEALTHY,replay,0.8,0.0
2025-02-12T16:00:00+00:00,AWS-DEL-011,24.709892944025157,988.9,29.0,False,,low,0.6,NORMAL,23.2,988.3,33.0,HEALTHY,replay,0.9,0.0
2025-02-12T17:00:00+00:00,AWS-DEL-011,23.713190592033538,988.9,36.0,False,,low,0.4,NORMAL,21.6,988.3,42.0,HEALTHY,replay,0.7,0.0
2025-02-12T18:00:00+00:00,AWS-DEL-011,22.816488240041924,989.5,44.0,False,,low,0.7,NORMAL,20.6,988.8,44.0,HEALTHY,replay,1.1,0.0
2025-02-12T19:00:00+00:00,AWS-DEL-011,22.11978588805031,990.1,49.0,False,,low,0.3,NORMAL,20.0,989.4,47.0,HEALTHY,replay,0.5,0.0
2025-02-12T20:00:00+00:00,AWS-DEL-011,21.82308353605869,990.4,46.0,False,,low,0.2,NORMAL,19.3,990.0,48.0,HEALTHY,replay,0.4,0.0
2025-02-12T21:00:00+00:00,AWS-DEL-011,21.426381184067075,990.8,46.0,False,,low,0.2,NORMAL,18.3,990.3,47.0,HEALTHY,replay,0.3,0.0
2025-02-12T22:00:00+00:00,AWS-DEL-011,21.02967883207546,977.9632133606414,45.0,False,,low,22.6,NORMAL,17.4,990.6,46.0,HEALTHY,replay,37.7,0.0
2025-02-12T23:00:00+00:00,AWS-DEL-011,20.832976480083843,984.9115470928828,43.0,False,,low,24.2,NORMAL,16.5,990.4,46.0,HEALTHY,replay,40.4,0.0
2025-02-13T00:00:00+00:00,AWS-DEL-011,20.536274128092227,987.8494381329506,43.0,False,,low,6.4,NORMAL,15.9,990.1,47.0,HEALTHY,replay,10.6,0.0
2025-02-13T01:00:00+00:00,AWS-DEL-011,20.23957177610061,990.2,45.0,False,,low,14.9,NORMAL,15.3,989.7,50.0,HEALTHY,replay,24.9,0.0
2025-02-13T02:00:00+00:00,AWS-DEL-011,19.942869424109,989.8,46.0,False,,low,11.3,NORMAL,14.8,989.4,55.0,HEALTHY,replay,18.9,0.0
2025-02-13T03:00:00+00:00,AWS-DEL-011,19.546167072117385,989.4,51.0,False,,low,4.1,NORMAL,14.4,988.8,58.0,HEALTHY,replay,6.8,0.0
2025-02-13T04:00:00+00:00,AWS-DEL-011,19.249464720125765,988.9,55.0,False,,low,2.7,NORMAL,13.9,988.3,60.0,HEALTHY,replay,4.6,0.0
2025-02-13T05:00:00+00:00,AWS-DEL-011,19.15276236813415,989.0,57.0,False,,low,1.7,NORMAL,13.2,988.3,62.0,HEALTHY,replay,2.8,0.0
2025-02-13T06:00:00+00:00,AWS-DEL-011,19.05606001614253,989.2,66.0,False,,low,5.4,NORMAL,13.8,988.5,65.0,HEALTHY,replay,9.0,0.0
2025-02-13T07:00:00+00:00,AWS-DEL-011,19.15935766415092,990.0,66.0,False,,low,2.0,NORMAL,13.6,989.3,65.0,HEALTHY,replay,3.3,0.0
2025-02-13T08:00:00+00:00,AWS-DEL-011,20.362655312159305,991.1,66.0,False,,low,4.2,NORMAL,15.0,990.2,63.0,HEALTHY,replay,7.0,0.0
2025-02-13T09:00:00+00:00,AWS-DEL-011,22.66595296016769,991.8,60.0,False,,low,2.3,NORMAL,17.0,991.1,56.0,HEALTHY,replay,3.8,0.0
2025-02-13T10:00:00+00:00,AWS-DEL-011,25.369250608176078,,52.0,True,dropout,critical,100.0,RULE_ENGINE_BYPASS,19.2,991.4,47.0,HEALTHY,replay,,100.0
2025-02-13T11:00:00+00:00,AWS-DEL-011,27.672548256184456,991.9,42.0,False,,low,24.2,NORMAL,21.1,991.3,39.0,HEALTHY,replay,40.4,0.0
2025-02-13T12:00:00+00:00,AWS-DEL-011,29.27584590419284,990.9,37.0,False,,low,13.3,NORMAL,22.4,990.2,35.0,HEALTHY,replay,22.1,0.0
2025-02-13T13:00:00+00:00,AWS-DEL-011,30.479143552201226,989.8,32.0,False,,low,17.3,NORMAL,23.1,989.2,30.0,HEALTHY,replay,28.8,0.0
2025-02-13T14:00:00+00:00,AWS-DEL-011,31.182441200209613,989.1,28.0,False,,low,9.3,NORMAL,23.3,988.4,28.0,HEALTHY,replay,15.4,0.0
2025-02-13T15:00:00+00:00,AWS-DEL-011,31.285738848218,988.4,28.0,False,,low,9.5,NORMAL,23.0,987.8,28.0,HEALTHY,replay,15.8,0.0
2025-02-13T16:00:00+00:00,AWS-DEL-011,22.6,988.3,33.0,False,,low,21.9,NORMAL,22.2,987.7,32.0,HEALTHY,replay,36.4,0.0
2025-02-13T17:00:00+00:00,AWS-DEL-011,21.3,988.4,39.0,False,,low,5.2,NORMAL,20.8,987.8,40.0,HEALTHY,replay,8.6,0.0
2025-02-13T18:00:00+00:00,AWS-DEL-011,20.5,988.9,46.0,False,,low,1.9,NORMAL,19.9,988.3,46.0,HEALTHY,replay,3.2,0.0
2025-02-13T19:00:00+00:00,AWS-DEL-011,19.4,989.4,49.0,False,,low,0.7,NORMAL,19.1,988.7,50.0,HEALTHY,replay,1.1,0.0
2025-02-13T20:00:00+00:00,AWS-DEL-011,18.6,989.8,48.0,False,,low,0.9,NORMAL,18.4,989.2,50.0,HEALTHY,replay,1.5,0.0
2025-02-13T21:00:00+00:00,AWS-DEL-011,17.9,989.8,46.0,False,,low,1.1,NORMAL,17.6,989.1,50.0,HEALTHY,replay,1.8,0.0
2025-02-13T22:00:00+00:00,AWS-DEL-011,17.3,989.8,45.0,False,,low,1.0,NORMAL,16.8,989.3,49.0,HEALTHY,replay,1.6,0.0
2025-02-13T23:00:00+00:00,AWS-DEL-011,16.8,989.4,43.0,False,,low,1.0,NORMAL,16.0,988.9,48.0,HEALTHY,replay,1.6,0.0
2025-02-14T00:00:00+00:00,AWS-DEL-011,16.2,988.8,42.0,False,,low,1.5,NORMAL,15.1,988.3,49.0,HEALTHY,replay,2.5,0.0
2025-02-14T01:00:00+00:00,AWS-DEL-011,15.5,988.4,43.0,False,,low,0.5,NORMAL,14.4,987.9,50.0,HEALTHY,replay,0.9,0.0
2025-02-14T02:00:00+00:00,AWS-DEL-011,14.8,988.2,45.0,False,,low,0.7,NORMAL,13.8,987.6,52.0,HEALTHY,replay,1.1,0.0
2025-02-14T03:00:00+00:00,AWS-DEL-011,14.1,988.0,47.0,False,,low,1.5,NORMAL,13.4,987.4,52.0,HEALTHY,replay,2.5,0.0
2025-02-14T04:00:00+00:00,AWS-DEL-011,13.4,987.5,50.0,False,,low,1.8,NORMAL,13.1,987.0,53.0,HEALTHY,replay,3.1,0.0
2025-02-14T05:00:00+00:00,AWS-DEL-011,12.9,987.4,52.0,False,,low,1.9,NORMAL,12.7,986.8,54.0,HEALTHY,replay,3.2,0.0
2025-02-14T06:00:00+00:00,AWS-DEL-011,12.4,988.3,61.0,False,,low,8.4,NORMAL,12.0,987.6,64.0,HEALTHY,replay,14.0,0.0
2025-02-14T07:00:00+00:00,AWS-DEL-011,12.3,988.7,60.0,False,,low,2.7,NORMAL,12.1,988.1,63.0,HEALTHY,replay,4.5,0.0
2025-02-14T08:00:00+00:00,AWS-DEL-011,13.8,989.5,55.0,False,,low,4.5,NORMAL,13.9,988.9,59.0,HEALTHY,replay,7.4,0.0
2025-02-14T09:00:00+00:00,AWS-DEL-011,16.3,990.5,48.0,False,,low,3.9,NORMAL,16.4,989.8,51.0,HEALTHY,replay,6.5,0.0
2025-02-14T10:00:00+00:00,AWS-DEL-011,19.0,990.9,41.0,False,,low,6.4,NORMAL,18.7,990.1,44.0,HEALTHY,replay,10.7,0.0
2025-02-14T11:00:00+00:00,AWS-DEL-011,21.4,990.3,34.0,False,,low,11.1,NORMAL,21.0,989.6,36.0,HEALTHY,replay,18.5,0.0
2025-02-14T12:00:00+00:00,AWS-DEL-011,23.2,989.3,27.0,False,,low,13.7,NORMAL,22.9,988.5,29.0,HEALTHY,replay,22.9,0.0
2025-02-14T13:00:00+00:00,AWS-DEL-011,24.2,988.1,27.0,False,,low,19.2,NORMAL,23.9,987.4,25.0,HEALTHY,replay,32.0,0.0
2025-02-14T14:00:00+00:00,AWS-DEL-011,24.6,987.2,27.0,False,,low,17.6,NORMAL,24.1,986.7,26.0,HEALTHY,replay,29.4,0.0
2025-02-14T15:00:00+00:00,AWS-DEL-011,24.5,986.5,28.0,False,,low,6.2,NORMAL,24.1,986.0,27.0,HEALTHY,replay,10.4,0.0
2025-02-14T16:00:00+00:00,AWS-DEL-011,24.0,986.2,30.0,False,,low,1.4,NORMAL,23.2,985.6,32.0,HEALTHY,replay,2.3,0.0
2025-02-14T17:00:00+00:00,AWS-DEL-011,22.7,986.1,36.0,False,,low,0.8,NORMAL,21.5,985.5,39.0,HEALTHY,replay,1.3,0.0
2025-02-14T18:00:00+00:00,AWS-DEL-011,21.7,986.3,41.0,False,,low,0.4,NORMAL,20.8,985.7,39.0,HEALTHY,replay,0.7,0.0
2025-02-14T19:00:00+00:00,AWS-DEL-011,20.9,986.9,44.0,False,,low,0.3,NORMAL,19.3,986.3,43.0,HEALTHY,replay,0.4,0.0
2025-02-14T20:00:00+00:00,AWS-DEL-011,20.2,987.2,44.0,False,,low,0.2,NORMAL,18.8,986.7,47.0,HEALTHY,replay,0.4,0.0
2025-02-14T21:00:00+00:00,AWS-DEL-011,19.6,987.3,43.0,False,,low,0.3,NORMAL,17.8,986.9,49.0,HEALTHY,replay,0.5,0.0
2025-02-14T22:00:00+00:00,AWS-DEL-011,18.8,987.2,44.0,False,,low,0.4,NORMAL,17.5,986.9,51.0,HEALTHY,replay,0.7,0.0
2025-02-14T23:00:00+00:00,AWS-DEL-011,17.8,986.8,48.0,False,,low,0.2,NORMAL,16.6,986.3,55.0,HEALTHY,replay,0.3,0.0
2025-02-15T00:00:00+00:00,AWS-DEL-011,16.9,986.0,52.0,False,,low,0.4,NORMAL,15.5,985.5,60.0,HEALTHY,replay,0.6,0.0
2025-02-15T01:00:00+00:00,AWS-DEL-011,16.1,985.5,56.0,False,,low,0.5,NORMAL,14.4,985.1,65.0,HEALTHY,replay,0.8,0.0
2025-02-15T02:00:00+00:00,AWS-DEL-011,15.6,984.6,60.0,False,,low,1.3,NORMAL,13.6,984.2,70.0,HEALTHY,replay,2.1,0.0
2025-02-15T03:00:00+00:00,AWS-DEL-011,15.0,984.3,60.0,False,,low,0.9,NORMAL,13.3,983.7,70.0,HEALTHY,replay,1.5,0.0
2025-02-15T04:00:00+00:00,AWS-DEL-011,-40.01588104802482,984.1,66.0,True,multivariate_inconsistency,high,74.4,FUSED_CONSENSUS,12.7,983.7,72.0,HEALTHY,replay,84.1,60.0
2025-02-15T05:00:00+00:00,AWS-DEL-011,-40.00383096637253,983.9,68.0,True,spike,critical,92.0,MODEL_OVERRIDE,12.7,983.5,71.0,HEALTHY,replay,93.3,89.9
2025-02-15T06:00:00+00:00,AWS-DEL-011,-39.8806563879069,985.0,74.0,True,spike,high,88.6,FUSED_CONSENSUS,12.2,984.7,76.0,HEALTHY,replay,87.8,89.9
2025-02-15T07:00:00+00:00,AWS-DEL-011,-40.05542628582366,986.0,73.0,True,spike,critical,90.8,MODEL_OVERRIDE,12.5,985.7,77.0,OFFLINE,replay,91.4,89.9
2025-02-15T08:00:00+00:00,AWS-DEL-011,15.8,986.7,61.0,False,,low,1.7,NORMAL,15.4,986.5,65.0,OFFLINE,replay,2.8,0.0
2025-02-15T09:00:00+00:00,AWS-DEL-011,19.6,987.7,46.0,False,,low,27.5,NORMAL,18.9,987.4,49.0,OFFLINE,replay,45.9,0.0
2025-02-15T10:00:00+00:00,AWS-DEL-011,22.9,988.0,35.0,False,,low,36.6,NORMAL,22.1,987.7,38.0,HEALTHY,replay,60.9,0.0
2025-02-15T11:00:00+00:00,AWS-DEL-011,25.1,987.6,27.0,False,,low,13.3,NORMAL,24.4,987.5,31.0,OFFLINE,replay,22.2,0.0
2025-02-15T12:00:00+00:00,AWS-DEL-011,25.6,986.8,27.0,False,,low,13.5,NORMAL,25.8,986.7,28.0,OFFLINE,replay,22.6,0.0
2025-02-15T13:00:00+00:00,AWS-DEL-011,25.6,986.1,27.0,False,,low,27.0,NORMAL,25.9,986.1,28.0,OFFLINE,replay,45.0,0.0
2025-02-15T14:00:00+00:00,AWS-DEL-011,25.6,985.4,26.0,False,,low,27.4,NORMAL,26.0,985.3,26.0,HEALTHY,replay,45.7,0.0
2025-02-15T15:00:00+00:00,AWS-DEL-011,25.6,984.9,26.0,False,,low,19.7,NORMAL,25.7,984.8,27.0,WARNING,replay,32.9,0.0
2025-02-15T16:00:00+00:00,AWS-DEL-011,24.9,984.9,28.0,False,,low,18.3,NORMAL,24.9,984.9,28.0,WARNING,replay,30.5,0.0
2025-02-15T17:00:00+00:00,AWS-DEL-011,23.7,985.4,31.0,False,,low,8.8,NORMAL,23.7,985.2,31.0,WARNING,replay,14.6,0.0
2025-02-15T18:00:00+00:00,AWS-DEL-011,24.1,985.3,31.0,False,,low,11.1,NORMAL,21.5,984.9,51.0,WARNING,replay,18.4,0.0
2025-02-15T19:00:00+00:00,AWS-DEL-011,22.6,986.2,36.0,False,,low,2.9,NORMAL,19.8,985.7,55.0,WARNING,replay,4.9,0.0
2025-02-15T20:00:00+00:00,AWS-DEL-011,21.3,986.8,43.0,False,,low,0.4,NORMAL,18.5,986.5,57.0,WARNING,replay,0.6,0.0
2025-02-15T21:00:00+00:00,AWS-DEL-011,20.2,987.1,49.0,False,,low,0.6,NORMAL,17.0,986.7,59.0,WARNING,replay,1.0,0.0
2025-02-15T22:00:00+00:00,AWS-DEL-011,19.1,986.9,50.0,False,,low,0.5,NORMAL,15.9,986.3,64.0,WARNING,replay,0.8,0.0
2025-02-15T23:00:00+00:00,AWS-DEL-011,18.1,986.7,53.0,False,,low,0.7,NORMAL,15.5,986.1,66.0,WARNING,replay,1.1,0.0
2025-02-16T00:00:00+00:00,AWS-DEL-011,17.5,986.2,57.0,False,,low,0.7,NORMAL,14.9,985.7,69.0,WARNING,replay,1.2,0.0
2025-02-16T01:00:00+00:00,AWS-DEL-011,17.2,986.2,59.0,False,,low,0.5,NORMAL,14.3,985.6,72.0,WARNING,replay,0.8,0.0
2025-02-16T02:00:00+00:00,AWS-DEL-011,17.3,985.9,59.0,False,,low,0.3,NORMAL,13.4,985.6,78.0,WARNING,replay,0.6,0.0
2025-02-16T03:00:00+00:00,AWS-DEL-011,15.8,985.8,63.0,False,,low,0.7,NORMAL,12.5,985.2,83.0,WARNING,replay,1.1,0.0
2025-02-16T04:00:00+00:00,AWS-DEL-011,15.4,985.7,65.0,False,,low,0.6,NORMAL,12.2,985.1,81.0,HEALTHY,replay,0.9,0.0
2025-02-16T05:00:00+00:00,AWS-DEL-011,14.8,985.6,68.0,False,,low,1.0,NORMAL,11.6,985.1,81.0,HEALTHY,replay,1.7,0.0
2025-02-16T06:00:00+00:00,AWS-DEL-011,13.5,987.1,79.0,False,,low,5.3,NORMAL,11.1,986.6,89.0,HEALTHY,replay,8.8,0.0
2025-02-16T07:00:00+00:00,AWS-DEL-011,13.6,987.6,81.0,False,,low,3.8,NORMAL,11.3,987.1,90.0,HEALTHY,replay,6.3,0.0
2025-02-16T08:00:00+00:00,AWS-DEL-011,16.1,988.5,-0.1037732053924237,True,multivariate_inconsistency,critical,94.2,RULE_ENGINE_BYPASS,14.4,988.1,77.0,HEALTHY,replay,90.4,100.0
2025-02-16T09:00:00+00:00,AWS-DEL-011,19.5,989.4,-0.0479266935243399,True,multivariate_inconsistency,critical,97.4,RULE_ENGINE_BYPASS,18.6,989.0,64.0,HEALTHY,replay,95.6,100.0
2025-02-16T10:00:00+00:00,AWS-DEL-011,-39.95404066883743,989.6,-0.0454950297845088,True,spike,critical,99.1,RULE_ENGINE_BYPASS,21.8,989.3,54.0,HEALTHY,replay,98.5,100.0
2025-02-16T11:00:00+00:00,AWS-DEL-011,-40.05273318690444,989.2,-0.0159264339466799,True,spike,critical,99.1,RULE_ENGINE_BYPASS,23.9,989.0,43.0,OFFLINE,replay,98.5,100.0
2025-02-16T12:00:00+00:00,AWS-DEL-011,-40.00300556331829,988.6,30.0,True,spike,critical,92.0,MODEL_OVERRIDE,25.1,988.3,37.0,OFFLINE,replay,93.5,89.9
2025-02-16T13:00:00+00:00,AWS-DEL-011,-40.054013422455625,987.4,29.0,True,spike,high,85.3,FUSED_CONSENSUS,25.8,987.1,33.0,OFFLINE,replay,82.3,89.9
2025-02-16T14:00:00+00:00,AWS-DEL-011,26.6,986.5,30.0,False,,low,47.3,NORMAL,26.3,986.2,31.0,OFFLINE,replay,78.9,0.0
2025-02-16T15:00:00+00:00,AWS-DEL-011,26.5,986.0,30.0,False,,low,48.9,NORMAL,26.2,985.7,31.0,OFFLINE,replay,81.5,0.0
2025-02-16T16:00:00+00:00,AWS-DEL-011,26.0,986.2,32.0,False,,low,48.5,NORMAL,25.6,985.8,32.0,OFFLINE,replay,80.8,0.0
2025-02-16T17:00:00+00:00,AWS-DEL-011,24.9,986.7,36.0,False,,low,46.2,NORMAL,23.5,986.3,46.0,OFFLINE,replay,77.0,0.0
2025-02-16T18:00:00+00:00,AWS-DEL-011,31.15779183231367,986.5171191983104,71.39168887096127,True,multivariate_inconsistency,medium,69.4,FUSED_CONSENSUS,21.5,987.0,47.0,OFFLINE,replay,85.7,45.0
2025-02-16T19:00:00+00:00,AWS-DEL-011,29.85779183231367,988.3433376246268,85.96066136840665,True,multivariate_inconsistency,medium,68.3,FUSED_CONSENSUS,20.2,987.9,56.0,OFFLINE,replay,83.1,46.1
2025-02-16T20:00:00+00:00,AWS-DEL-011,28.85779183231367,988.6446517735816,95.16400172795896,True,unstructured_anomaly,critical,91.0,ML_MODEL_ISOLATION,19.5,988.3,58.0,OFFLINE,replay,91.0,0.0
2025-02-16T21:00:00+00:00,AWS-DEL-011,27.55779183231367,989.5735797214912,100.0,True,unstructured_anomaly,critical,96.5,ML_MODEL_ISOLATION,18.8,988.8,62.0,OFFLINE,replay,96.5,0.0
2025-02-16T22:00:00+00:00,AWS-DEL-011,26.35779183231367,989.7621407234316,100.0,True,unstructured_anomaly,critical,96.4,ML_MODEL_ISOLATION,16.9,989.1,71.0,WARNING,replay,96.4,0.0
2025-02-16T23:00:00+00:00,AWS-DEL-011,18.1,989.5,69.0,False,,low,28.9,NORMAL,16.3,988.9,75.0,WARNING,replay,48.1,0.0
2025-02-17T00:00:00+00:00,AWS-DEL-011,17.4,989.4,71.0,False,,low,5.4,NORMAL,15.7,988.9,79.0,WARNING,replay,9.0,0.0
2025-02-17T01:00:00+00:00,AWS-DEL-011,17.0,989.0,73.0,False,,low,2.9,NORMAL,15.0,988.4,82.0,WARNING,replay,4.8,0.0
2025-02-17T02:00:00+00:00,AWS-DEL-011,16.7,988.7,75.0,False,,low,1.5,NORMAL,14.6,988.0,82.0,WARNING,replay,2.6,0.0
2025-02-17T03:00:00+00:00,AWS-DEL-011,16.9,988.4,74.0,False,,low,1.4,NORMAL,15.0,987.6,82.0,WARNING,replay,2.3,0.0
2025-02-17T04:00:00+00:00,AWS-DEL-011,16.5,988.6,76.0,False,,low,2.2,NORMAL,15.5,988.0,80.0,WARNING,replay,3.6,0.0
2025-02-17T05:00:00+00:00,AWS-DEL-011,16.7,988.4,76.0,False,,low,6.0,NORMAL,15.3,988.0,84.0,WARNING,replay,9.9,0.0
2025-02-17T06:00:00+00:00,AWS-DEL-011,16.4,989.6,79.0,False,,low,9.3,NORMAL,14.7,989.0,86.0,WARNING,replay,15.5,0.0
2025-02-17T07:00:00+00:00,AWS-DEL-011,16.2,990.3,81.0,False,,low,9.3,NORMAL,14.6,989.9,88.0,WARNING,replay,15.6,0.0
2025-02-17T08:00:00+00:00,AWS-DEL-011,18.1,991.4,70.0,False,,low,13.8,NORMAL,16.2,991.0,81.0,WARNING,replay,22.9,0.0
2025-02-17T09:00:00+00:00,AWS-DEL-011,20.6,992.5,57.0,False,,low,22.5,NORMAL,19.7,992.2,63.0,WARNING,replay,37.4,0.0
2025-02-17T10:00:00+00:00,AWS-DEL-011,23.4,992.6,41.0,False,,low,34.1,NORMAL,22.6,992.4,49.0,WARNING,replay,56.8,0.0
2025-02-17T11:00:00+00:00,AWS-DEL-011,25.6,992.4,31.0,False,,low,36.4,NORMAL,24.6,992.1,39.0,WARNING,replay,60.6,0.0
2025-02-17T12:00:00+00:00,AWS-DEL-011,27.0,991.9,26.0,False,,low,36.3,NORMAL,25.9,991.6,34.0,HEALTHY,replay,60.5,0.0
2025-02-17T13:00:00+00:00,AWS-DEL-011,28.1,990.8,21.0,False,,low,33.1,NORMAL,26.5,990.7,29.0,HEALTHY,replay,55.1,0.0
2025-02-17T14:00:00+00:00,AWS-DEL-011,28.7,989.8,19.0,False,,low,32.2,NORMAL,27.1,989.6,27.0,HEALTHY,replay,53.7,0.0
2025-02-17T15:00:00+00:00,AWS-DEL-011,28.8,989.4,19.0,False,,low,16.4,NORMAL,27.1,989.2,26.0,HEALTHY,replay,27.4,0.0
2025-02-17T16:00:00+00:00,AWS-DEL-011,28.0,989.2,23.0,False,,low,19.9,NORMAL,26.4,989.0,29.0,HEALTHY,replay,33.2,0.0
2025-02-17T17:00:00+00:00,AWS-DEL-011,26.4,989.1,29.0,False,,low,13.6,NORMAL,24.6,988.7,38.0,HEALTHY,replay,22.7,0.0
2025-02-17T18:00:00+00:00,AWS-DEL-011,24.5,989.7,31.0,False,,low,8.4,NORMAL,22.4,989.3,47.0,HEALTHY,replay,14.0,0.0
2025-02-17T19:00:00+00:00,AWS-DEL-011,23.3,990.3,42.0,False,,low,21.9,NORMAL,20.7,989.7,55.0,HEALTHY,replay,36.5,0.0
2025-02-17T20:00:00+00:00,AWS-DEL-011,22.4,990.6,49.0,False,,low,7.7,NORMAL,19.6,990.3,62.0,HEALTHY,replay,12.8,0.0
2025-02-17T21:00:00+00:00,AWS-DEL-011,21.4,990.9,52.0,False,,low,2.7,NORMAL,18.2,990.3,70.0,HEALTHY,replay,4.4,0.0
2025-02-17T22:00:00+00:00,AWS-DEL-011,20.6,991.0,59.0,False,,low,4.1,NORMAL,17.2,990.3,75.0,HEALTHY,replay,6.8,0.0
2025-02-17T23:00:00+00:00,AWS-DEL-011,19.4,991.1,65.0,False,,low,0.4,NORMAL,17.3,990.5,76.0,HEALTHY,replay,0.6,0.0
2025-02-18T00:00:00+00:00,AWS-DEL-011,19.8,990.6,64.0,False,,low,0.6,NORMAL,17.7,990.2,73.0,HEALTHY,replay,0.9,0.0
2025-02-18T01:00:00+00:00,AWS-DEL-011,19.3,989.8,65.0,False,,low,0.2,NORMAL,17.5,989.5,73.0,HEALTHY,replay,0.3,0.0
2025-02-18T02:00:00+00:00,AWS-DEL-011,18.1,989.1,67.0,False,,low,0.1,NORMAL,16.3,988.8,78.0,HEALTHY,replay,0.2,0.0
2025-02-18T03:00:00+00:00,AWS-DEL-011,18.2,988.6,63.0,False,,low,0.2,NORMAL,16.2,988.3,77.0,HEALTHY,replay,0.3,0.0
2025-02-18T04:00:00+00:00,AWS-DEL-011,17.1,988.4,69.0,False,,low,0.1,NORMAL,16.1,987.8,75.0,HEALTHY,replay,0.2,0.0
2025-02-18T05:00:00+00:00,AWS-DEL-011,17.3,988.3,70.0,False,,low,0.1,NORMAL,16.4,987.6,73.0,HEALTHY,replay,0.2,0.0
2025-02-18T06:00:00+00:00,AWS-DEL-011,17.0,989.3,74.0,False,,low,0.1,NORMAL,15.4,988.6,81.0,HEALTHY,replay,0.2,0.0
2025-02-18T07:00:00+00:00,AWS-DEL-011,16.8,989.9,75.0,False,,low,0.1,NORMAL,14.9,989.3,84.0,HEALTHY,replay,0.2,0.0
2025-02-18T08:00:00+00:00,AWS-DEL-011,18.9,990.5,65.0,False,,low,0.2,NORMAL,17.6,990.1,73.0,HEALTHY,replay,0.3,0.0
2025-02-18T09:00:00+00:00,AWS-DEL-011,19.8,991.4,62.0,False,,low,0.2,NORMAL,20.0,991.1,64.0,HEALTHY,replay,0.3,0.0
2025-02-18T10:00:00+00:00,AWS-DEL-011,21.0,992.3,58.0,False,,low,0.5,NORMAL,21.4,991.9,57.0,HEALTHY,replay,0.8,0.0
2025-02-18T11:00:00+00:00,AWS-DEL-011,22.0,992.4,,True,dropout,critical,100.0,RULE_ENGINE_BYPASS,23.8,991.8,47.0,HEALTHY,replay,,100.0
2025-02-18T12:00:00+00:00,AWS-DEL-011,23.3,991.5,45.0,False,,low,1.4,NORMAL,24.1,991.0,42.0,HEALTHY,replay,2.4,0.0
2025-02-18T13:00:00+00:00,AWS-DEL-011,24.8,990.2,35.0,False,,low,1.9,NORMAL,24.8,989.7,38.0,HEALTHY,replay,3.2,0.0
2025-02-18T14:00:00+00:00,AWS-DEL-011,26.3,989.1,29.0,False,,low,5.8,NORMAL,26.0,988.7,32.0,HEALTHY,replay,9.6,0.0
2025-02-18T15:00:00+00:00,AWS-DEL-011,26.4,988.6,27.0,False,,low,1.0,NORMAL,26.1,988.2,29.0,HEALTHY,replay,1.7,0.0
2025-02-18T16:00:00+00:00,AWS-DEL-011,25.9,988.4,26.0,False,,low,0.7,NORMAL,25.7,988.0,29.0,HEALTHY,replay,1.2,0.0
2025-02-18T17:00:00+00:00,AWS-DEL-011,24.8,988.5,30.0,False,,low,0.7,NORMAL,23.9,988.0,36.0,HEALTHY,replay,1.1,0.0
2025-02-18T18:00:00+00:00,AWS-DEL-011,23.4,989.0,36.0,False,,low,0.3,NORMAL,22.1,988.5,47.0,HEALTHY,replay,0.6,0.0
2025-02-18T19:00:00+00:00,AWS-DEL-011,22.0,989.3,46.0,False,,low,0.6,NORMAL,21.0,989.0,51.0,HEALTHY,replay,1.0,0.0
2025-02-18T20:00:00+00:00,AWS-DEL-011,21.3,989.7,52.0,False,,low,0.2,NORMAL,19.5,989.1,61.0,HEALTHY,replay,0.4,0.0
2025-02-18T21:00:00+00:00,AWS-DEL-011,20.8,989.8,55.0,False,,low,0.1,NORMAL,18.6,989.4,65.0,HEALTHY,replay,0.2,0.0
2025-02-18T22:00:00+00:00,AWS-DEL-011,19.9,990.0,56.0,False,,low,0.1,NORMAL,17.8,989.4,68.0,HEALTHY,replay,0.2,0.0
2025-02-18T23:00:00+00:00,AWS-DEL-011,18.9,989.6,59.0,False,,low,0.1,NORMAL,16.7,988.9,72.0,HEALTHY,replay,0.2,0.0
2025-02-19T00:00:00+00:00,AWS-DEL-011,17.9,989.1,61.0,False,,low,0.2,NORMAL,16.0,988.5,74.0,HEALTHY,replay,0.3,0.0
2025-02-19T01:00:00+00:00,AWS-DEL-011,17.0,988.7,63.0,False,,low,0.1,NORMAL,15.4,988.3,71.0,HEALTHY,replay,0.2,0.0
2025-02-19T02:00:00+00:00,AWS-DEL-011,16.2,988.3,66.0,False,,low,0.1,NORMAL,14.7,987.8,71.0,HEALTHY,replay,0.2,0.0
2025-02-19T03:00:00+00:00,AWS-DEL-011,15.6,987.8,68.0,False,,low,0.1,NORMAL,14.0,987.3,72.0,HEALTHY,replay,0.2,0.0
2025-02-19T04:00:00+00:00,AWS-DEL-011,15.1,987.5,69.0,False,,low,0.1,NORMAL,14.0,987.0,70.0,HEALTHY,replay,0.2,0.0
2025-02-19T05:00:00+00:00,AWS-DEL-011,14.7,987.7,69.0,False,,low,0.1,NORMAL,13.6,987.1,70.0,HEALTHY,replay,0.2,0.0
2025-02-19T06:00:00+00:00,AWS-DEL-011,14.2,988.6,76.0,False,,low,0.2,NORMAL,13.1,988.1,78.0,HEALTHY,replay,0.4,0.0
2025-02-19T07:00:00+00:00,AWS-DEL-011,14.3,989.2,75.0,False,,low,0.1,NORMAL,13.5,988.7,77.0,HEALTHY,replay,0.2,0.0
2025-02-19T08:00:00+00:00,AWS-DEL-011,16.1,989.8,68.0,False,,low,0.2,NORMAL,15.9,989.5,68.0,HEALTHY,replay,0.3,0.0
2025-02-19T09:00:00+00:00,AWS-DEL-011,19.2,990.7,56.0,False,,low,0.5,NORMAL,18.8,990.3,58.0,HEALTHY,replay,0.8,0.0
2025-02-19T10:00:00+00:00,AWS-DEL-011,21.9,990.7,45.0,False,,low,3.8,NORMAL,21.3,990.3,48.0,HEALTHY,replay,6.3,0.0
2025-02-19T11:00:00+00:00,AWS-DEL-011,24.3,990.3,36.0,False,,low,5.6,NORMAL,23.8,989.9,38.0,HEALTHY,replay,9.3,0.0
2025-02-19T12:00:00+00:00,AWS-DEL-011,25.7,988.9,29.0,False,,low,6.5,NORMAL,25.5,988.6,29.0,HEALTHY,replay,10.8,0.0
2025-02-19T13:00:00+00:00,AWS-DEL-011,26.6,987.3,26.0,False,,low,3.9,NORMAL,26.3,987.0,26.0,HEALTHY,replay,6.5,0.0
2025-02-19T14:00:00+00:00,AWS-DEL-011,27.0,985.9,25.0,False,,low,4.6,NORMAL,27.1,985.6,24.0,HEALTHY,replay,7.6,0.0
2025-02-19T15:00:00+00:00,AWS-DEL-011,27.0,985.7,26.0,False,,low,1.6,NORMAL,27.4,985.2,24.0,HEALTHY,replay,2.6,0.0
2025-02-19T16:00:00+00:00,AWS-DEL-011,26.5,985.5,28.0,False,,low,1.1,NORMAL,27.0,985.0,26.0,HEALTHY,replay,1.9,0.0
2025-02-19T17:00:00+00:00,AWS-DEL-011,25.5,985.7,31.0,False,,low,0.6,NORMAL,24.7,985.1,37.0,HEALTHY,replay,1.0,0.0
2025-02-19T18:00:00+00:00,AWS-DEL-011,24.1,986.8,38.0,False,,low,0.5,NORMAL,22.1,986.5,50.0,HEALTHY,replay,0.9,0.0
2025-02-19T19:00:00+00:00,AWS-DEL-011,23.7,987.4,42.0,False,,low,0.3,NORMAL,21.2,987.3,53.0,HEALTHY,replay,0.5,0.0
2025-02-19T20:00:00+00:00,AWS-DEL-011,22.8,987.8,49.0,False,,low,0.2,NORMAL,20.3,987.5,56.0,HEALTHY,replay,0.3,0.0
2025-02-19T21:00:00+00:00,AWS-DEL-011,21.8,989.2,49.0,False,,low,0.1,NORMAL,19.1,988.6,64.0,HEALTHY,replay,0.2,0.0
2025-02-19T22:00:00+00:00,AWS-DEL-011,20.0,988.6,61.0,False,,low,0.6,NORMAL,19.0,988.5,63.0,HEALTHY,replay,1.0,0.0
2025-02-19T23:00:00+00:00,AWS-DEL-011,18.2,987.9,72.0,False,,low,1.7,NORMAL,18.8,987.8,66.0,HEALTHY,replay,2.8,0.0
2025-02-20T00:00:00+00:00,AWS-DEL-011,18.2,987.8,73.0,False,,low,0.2,NORMAL,18.0,987.0,67.0,HEALTHY,replay,0.4,0.0
2025-02-20T01:00:00+00:00,AWS-DEL-011,17.0,987.4,78.0,False,,low,0.2,NORMAL,17.7,987.4,69.0,HEALTHY,replay,0.3,0.0
2025-02-20T02:00:00+00:00,AWS-DEL-011,16.9,986.7,75.0,False,,low,0.2,NORMAL,17.1,986.7,75.0,HEALTHY,replay,0.3,0.0
2025-02-20T03:00:00+00:00,AWS-DEL-011,16.4,987.1,79.0,False,,low,0.1,NORMAL,15.6,986.3,86.0,HEALTHY,replay,0.1,0.0
2025-02-20T04:00:00+00:00,AWS-DEL-011,9.917011996371082,995.0932822968352,95.0,True,unstructured_anomaly,critical,93.6,ML_MODEL_ISOLATION,15.3,987.7,84.0,HEALTHY,replay,93.6,0.0
2025-02-20T05:00:00+00:00,AWS-DEL-011,8.751190263234609,994.2083899488416,65.28124791907094,True,multivariate_inconsistency,high,77.1,MODEL_OVERRIDE,14.8,987.1,82.0,HEALTHY,replay,98.5,45.0
2025-02-20T06:00:00+00:00,AWS-DEL-011,9.662432171487398,994.4372123867346,69.22195692204616,True,multivariate_inconsistency,high,74.0,MODEL_OVERRIDE,15.7,987.8,88.0,HEALTHY,replay,93.3,45.0
2025-02-20T07:00:00+00:00,AWS-DEL-011,10.131324072678831,995.8877132825058,64.42108736492285,True,multivariate_inconsistency,high,74.7,MODEL_OVERRIDE,15.7,988.7,85.0,HEALTHY,replay,94.5,45.0
2025-02-20T08:00:00+00:00,AWS-DEL-011,17.9,989.4,73.0,False,,low,0.9,NORMAL,17.1,989.5,81.0,HEALTHY,replay,1.5,0.0
2025-02-20T09:00:00+00:00,AWS-DEL-011,19.8,990.6,64.0,False,,low,5.1,NORMAL,18.6,990.9,74.0,HEALTHY,replay,8.5,0.0
2025-02-20T10:00:00+00:00,AWS-DEL-011,20.3,991.3,62.0,False,,low,3.5,NORMAL,20.1,991.2,67.0,HEALTHY,replay,5.9,0.0
2025-02-20T11:00:00+00:00,AWS-DEL-011,20.8,991.4,59.0,False,,low,1.6,NORMAL,20.7,991.3,62.0,HEALTHY,replay,2.7,0.0
2025-02-20T12:00:00+00:00,AWS-DEL-011,21.6,991.1,57.0,False,,low,1.2,NORMAL,22.3,991.5,56.0,HEALTHY,replay,2.0,0.0
2025-02-20T13:00:00+00:00,AWS-DEL-011,22.9,989.5,53.0,False,,low,0.4,NORMAL,22.7,989.7,54.0,HEALTHY,replay,0.7,0.0
2025-02-20T14:00:00+00:00,AWS-DEL-011,23.5,988.7,48.0,False,,low,0.6,NORMAL,23.3,988.8,50.0,HEALTHY,replay,1.0,0.0
2025-02-20T15:00:00+00:00,AWS-DEL-011,23.7,988.1,46.0,False,,low,0.3,NORMAL,23.1,988.2,49.0,HEALTHY,replay,0.6,0.0
2025-02-20T16:00:00+00:00,AWS-DEL-011,23.1,988.3,49.0,False,,low,0.2,NORMAL,22.6,988.2,50.0,HEALTHY,replay,0.3,0.0
2025-02-20T17:00:00+00:00,AWS-DEL-011,21.9,-0.0322861640931588,54.0,True,spike,high,76.0,RULE_ENGINE_BYPASS,21.6,988.4,55.0,HEALTHY,replay,60.0,100.0
2025-02-20T18:00:00+00:00,AWS-DEL-011,21.0,0.0082778338390748,61.0,True,spike,high,88.9,RULE_ENGINE_BYPASS,20.3,988.3,68.0,HEALTHY,replay,81.5,100.0
2025-02-20T19:00:00+00:00,AWS-DEL-011,20.0,0.0148290825228668,67.0,True,spike,critical,93.7,RULE_ENGINE_BYPASS,19.2,988.7,73.0,HEALTHY,replay,89.6,100.0
2025-02-20T20:00:00+00:00,AWS-DEL-011,19.6,0.0817157651759171,67.0,True,spike,critical,94.2,RULE_ENGINE_BYPASS,18.5,989.1,75.0,OFFLINE,replay,90.3,100.0
2025-02-20T21:00:00+00:00,AWS-DEL-011,15.9,990.5,89.0,False,,low,40.8,NORMAL,16.7,991.0,83.0,OFFLINE,replay,68.1,0.0
2025-02-20T22:00:00+00:00,AWS-DEL-011,16.2,990.8,87.0,False,,low,42.3,NORMAL,16.1,990.7,88.0,OFFLINE,replay,70.5,0.0
2025-02-20T23:00:00+00:00,AWS-DEL-011,16.1,991.0,87.0,False,,low,38.5,NORMAL,15.7,991.4,88.0,HEALTHY,replay,64.2,0.0
2025-02-21T00:00:00+00:00,AWS-DEL-011,15.6,991.3,88.0,False,,low,9.2,NORMAL,15.3,990.9,91.0,OFFLINE,replay,15.4,0.0
2025-02-21T01:00:00+00:00,AWS-DEL-011,15.3,991.3,90.0,False,,low,10.7,NORMAL,14.8,990.9,93.0,OFFLINE,replay,17.9,0.0
2025-02-21T02:00:00+00:00,AWS-DEL-011,14.8,991.1,91.0,False,,low,14.6,NORMAL,14.5,990.9,95.0,OFFLINE,replay,24.3,0.0
2025-02-21T03:00:00+00:00,AWS-DEL-011,14.4,990.9,93.0,False,,low,15.8,NORMAL,14.2,990.7,94.0,HEALTHY,replay,26.4,0.0
2025-02-21T04:00:00+00:00,AWS-DEL-011,14.2,990.7,93.0,False,,low,13.1,NORMAL,13.8,990.5,94.0,WARNING,replay,21.9,0.0
2025-02-21T05:00:00+00:00,AWS-DEL-011,13.7,990.9,93.0,False,,low,8.3,NORMAL,13.6,990.6,94.0,WARNING,replay,13.8,0.0
2025-02-21T06:00:00+00:00,AWS-DEL-011,14.3,991.5,90.0,False,,low,11.7,NORMAL,13.2,991.2,93.0,WARNING,replay,19.4,0.0
2025-02-21T07:00:00+00:00,AWS-DEL-011,14.5,992.4,89.0,False,,low,6.7,NORMAL,13.6,992.0,94.0,WARNING,replay,11.2,0.0
2025-02-21T08:00:00+00:00,AWS-DEL-011,16.1,993.1,82.0,False,,low,4.6,NORMAL,15.5,992.9,86.0,WARNING,replay,7.7,0.0
2025-02-21T09:00:00+00:00,AWS-DEL-011,18.2,993.9,71.0,False,,low,6.9,NORMAL,17.9,993.5,74.0,WARNING,replay,11.4,0.0
2025-02-21T10:00:00+00:00,AWS-DEL-011,20.5,994.2,62.0,False,,low,5.9,NORMAL,20.2,993.8,64.0,WARNING,replay,9.8,0.0
2025-02-21T11:00:00+00:00,AWS-DEL-011,48.83965132740289,994.0,53.0,True,multivariate_inconsistency,high,79.9,MODEL_OVERRIDE,22.1,993.7,57.0,WARNING,replay,96.8,54.5
2025-02-21T12:00:00+00:00,AWS-DEL-011,27.63710831311609,993.0,49.0,False,,low,44.7,NORMAL,23.3,992.7,54.0,WARNING,replay,74.4,0.0
2025-02-21T13:00:00+00:00,AWS-DEL-011,25.18849761056181,991.8,47.0,False,,low,24.7,NORMAL,24.0,991.5,51.0,WARNING,replay,41.2,0.0
2025-02-21T14:00:00+00:00,AWS-DEL-011,25.187965433026875,991.0,44.0,False,,low,16.0,NORMAL,24.4,990.7,50.0,WARNING,replay,26.6,0.0
2025-02-21T15:00:00+00:00,AWS-DEL-011,24.9,990.4,44.0,False,,low,6.9,NORMAL,24.5,990.1,49.0,WARNING,replay,11.4,0.0
2025-02-21T16:00:00+00:00,AWS-DEL-011,24.1,990.3,46.0,False,,low,4.7,NORMAL,23.9,989.8,49.0,WARNING,replay,7.9,0.0
2025-02-21T17:00:00+00:00,AWS-DEL-011,22.7,990.4,52.0,False,,low,4.4,NORMAL,22.0,989.9,56.0,HEALTHY,replay,7.3,0.0
2025-02-21T18:00:00+00:00,AWS-DEL-011,21.7,991.1,58.0,False,,low,0.6,NORMAL,20.5,990.5,67.0,HEALTHY,replay,1.0,0.0
2025-02-21T19:00:00+00:00,AWS-DEL-011,20.8,991.5,65.0,False,,low,0.2,NORMAL,19.6,991.0,74.0,HEALTHY,replay,0.3,0.0
2025-02-21T20:00:00+00:00,AWS-DEL-011,19.9,992.1,70.0,False,,low,0.1,NORMAL,18.7,991.6,78.0,HEALTHY,replay,0.2,0.0
2025-02-21T21:00:00+00:00,AWS-DEL-011,18.9,992.2,75.0,False,,low,0.3,NORMAL,17.7,991.7,84.0,HEALTHY,replay,0.5,0.0
2025-02-21T22:00:00+00:00,AWS-DEL-011,18.0,992.3,80.0,False,,low,0.6,NORMAL,16.7,991.6,89.0,HEALTHY,replay,1.1,0.0
2025-02-21T23:00:00+00:00,AWS-DEL-011,17.1,991.9,84.0,False,,low,0.9,NORMAL,16.1,991.2,90.0,HEALTHY,replay,1.6,0.0
2025-02-22T00:00:00+00:00,AWS-DEL-011,16.3,991.2,86.0,False,,low,1.0,NORMAL,15.6,990.5,92.0,HEALTHY,replay,1.6,0.0
2025-02-22T01:00:00+00:00,AWS-DEL-011,24.012894938870797,990.737185353179,100.0,False,,low,28.2,NORMAL,15.2,990.3,91.0,HEALTHY,replay,47.0,0.0
2025-02-22T02:00:00+00:00,AWS-DEL-011,23.31289493887079,989.816703084937,100.0,False,,low,4.8,NORMAL,14.6,989.8,91.0,HEALTHY,replay,8.1,0.0
2025-02-22T03:00:00+00:00,AWS-DEL-011,22.81289493887079,990.4005013894975,100.0,False,,low,4.1,NORMAL,14.1,989.5,92.0,HEALTHY,replay,6.9,0.0
2025-02-22T04:00:00+00:00,AWS-DEL-011,14.1,990.1,89.0,False,,low,12.6,NORMAL,13.7,989.6,92.0,HEALTHY,replay,21.0,0.0
2025-02-22T05:00:00+00:00,AWS-DEL-011,13.6,990.2,89.0,False,,low,2.3,NORMAL,13.3,989.7,92.0,HEALTHY,replay,3.9,0.0
2025-02-22T06:00:00+00:00,AWS-DEL-011,13.5,990.7,92.0,False,,low,0.6,NORMAL,13.4,990.1,94.0,HEALTHY,replay,1.0,0.0
2025-02-22T07:00:00+00:00,AWS-DEL-011,13.5,991.6,90.0,False,,low,0.5,NORMAL,13.5,991.1,92.0,HEALTHY,replay,0.8,0.0
2025-02-22T08:00:00+00:00,AWS-DEL-011,15.1,992.4,81.0,False,,low,0.9,NORMAL,15.2,991.9,84.0,HEALTHY,replay,1.6,0.0
2025-02-22T09:00:00+00:00,AWS-DEL-011,17.3,993.4,69.0,False,,low,2.0,NORMAL,17.2,992.9,74.0,HEALTHY,replay,3.3,0.0
2025-02-22T10:00:00+00:00,AWS-DEL-011,19.7,993.4,58.0,False,,low,2.7,NORMAL,19.3,993.0,64.0,HEALTHY,replay,4.4,0.0
2025-02-22T11:00:00+00:00,AWS-DEL-011,21.7,993.2,48.0,False,,low,2.8,NORMAL,21.2,992.8,55.0,HEALTHY,replay,4.7,0.0
2025-02-22T12:00:00+00:00,AWS-DEL-011,23.0,992.7,43.0,False,,low,3.6,NORMAL,22.4,992.3,48.0,HEALTHY,replay,6.0,0.0
2025-02-22T13:00:00+00:00,AWS-DEL-011,23.6,991.9,40.0,False,,low,1.3,NORMAL,23.1,991.6,44.0,HEALTHY,replay,2.2,0.0
2025-02-22T14:00:00+00:00,AWS-DEL-011,23.9,991.3,36.0,False,,low,0.8,NORMAL,23.2,990.9,41.0,HEALTHY,replay,1.4,0.0
2025-02-22T15:00:00+00:00,AWS-DEL-011,23.8,990.7,37.0,False,,low,0.3,NORMAL,23.0,990.3,42.0,HEALTHY,replay,0.5,0.0
2025-02-22T16:00:00+00:00,AWS-DEL-011,23.2,990.5,38.0,False,,low,0.4,NORMAL,22.5,990.0,45.0,HEALTHY,replay,0.6,0.0
2025-02-22T17:00:00+00:00,AWS-DEL-011,22.1,1005.930688424146,42.0,True,spike,medium,57.3,FUSED_CONSENSUS,21.3,990.0,49.0,HEALTHY,replay,36.9,87.9
2025-02-22T18:00:00+00:00,AWS-DEL-011,20.4,998.8843064035968,53.0,False,,low,42.8,NORMAL,19.4,990.7,63.0,HEALTHY,replay,71.4,0.0
2025-02-22T19:00:00+00:00,AWS-DEL-011,19.4,995.727747074047,60.0,False,,low,17.7,NORMAL,18.2,991.5,68.0,HEALTHY,replay,29.5,0.0
2025-02-22T20:00:00+00:00,AWS-DEL-011,18.7,994.4322174116642,64.0,False,,low,5.4,NORMAL,17.4,992.1,70.0,HEALTHY,replay,9.0,0.0
2025-02-22T21:00:00+00:00,AWS-DEL-011,18.0,993.7005494677944,68.0,False,,low,1.4,NORMAL,16.7,992.4,72.0,HEALTHY,replay,2.3,0.0
2025-02-22T22:00:00+00:00,AWS-DEL-011,17.2,992.9,73.0,False,,low,0.5,NORMAL,16.1,992.5,76.0,HEALTHY,replay,0.8,0.0
2025-02-22T23:00:00+00:00,AWS-DEL-011,16.5,992.4,76.0,False,,low,0.5,NORMAL,15.6,991.9,80.0,HEALTHY,replay,0.9,0.0
2025-02-23T00:00:00+00:00,AWS-DEL-011,15.9,991.9,78.0,False,,low,0.3,NORMAL,14.9,991.5,82.0,HEALTHY,replay,0.5,0.0
2025-02-23T01:00:00+00:00,AWS-DEL-011,15.3,991.8,78.0,False,,low,0.2,NORMAL,14.5,991.3,83.0,HEALTHY,replay,0.3,0.0
2025-02-23T02:00:00+00:00,AWS-DEL-011,14.9,991.5,78.0,False,,low,0.7,NORMAL,14.0,990.9,84.0,HEALTHY,replay,1.2,0.0
2025-02-23T03:00:00+00:00,AWS-DEL-011,14.5,991.1,80.0,False,,low,0.9,NORMAL,13.6,990.6,86.0,HEALTHY,replay,1.6,0.0
2025-02-23T04:00:00+00:00,AWS-DEL-011,14.0,991.2,81.0,False,,low,1.1,NORMAL,13.2,990.8,87.0,HEALTHY,replay,1.8,0.0
2025-02-23T05:00:00+00:00,AWS-DEL-011,13.6,991.5,83.0,False,,low,0.4,NORMAL,13.0,991.2,87.0,HEALTHY,replay,0.7,0.0
2025-02-23T06:00:00+00:00,AWS-DEL-011,13.3,992.0,87.0,False,,low,0.3,NORMAL,12.6,991.6,91.0,HEALTHY,replay,0.5,0.0
2025-02-23T07:00:00+00:00,AWS-DEL-011,13.8,992.8,84.0,False,,low,0.4,NORMAL,13.0,992.4,91.0,HEALTHY,replay,0.6,0.0
2025-02-23T08:00:00+00:00,AWS-DEL-011,15.5,993.8,77.0,False,,low,0.7,NORMAL,15.3,993.3,84.0,HEALTHY,replay,1.2,0.0
2025-02-23T09:00:00+00:00,AWS-DEL-011,18.0,994.6,66.0,False,,low,3.3,NORMAL,17.9,994.1,71.0,HEALTHY,replay,5.6,0.0
2025-02-23T10:00:00+00:00,AWS-DEL-011,20.5,995.3,56.0,False,,low,4.6,NORMAL,20.4,994.7,60.0,HEALTHY,replay,7.7,0.0
2025-02-23T11:00:00+00:00,AWS-DEL-011,20.39363375583314,994.9,47.0,False,,low,4.7,NORMAL,22.2,994.5,52.0,HEALTHY,replay,7.9,0.0
2025-02-23T12:00:00+00:00,AWS-DEL-011,20.39682134916791,993.9,41.0,False,,low,3.1,NORMAL,23.3,993.5,45.0,HEALTHY,replay,5.1,0.0
2025-02-23T13:00:00+00:00,AWS-DEL-011,20.4211131970288,992.7,39.0,False,,low,3.8,NORMAL,24.0,992.4,42.0,HEALTHY,replay,6.4,0.0
2025-02-23T14:00:00+00:00,AWS-DEL-011,20.37516732319728,991.7,37.0,False,,low,4.9,NORMAL,24.2,991.3,41.0,HEALTHY,replay,8.1,0.0
2025-02-23T15:00:00+00:00,AWS-DEL-011,20.32702931548041,991.0,37.0,False,,low,1.6,NORMAL,24.1,990.8,40.0,HEALTHY,replay,2.6,0.0
2025-02-23T16:00:00+00:00,AWS-DEL-011,20.30960592180634,990.9,37.0,False,,low,0.7,NORMAL,23.5,990.6,43.0,HEALTHY,replay,1.2,0.0
2025-02-23T17:00:00+00:00,AWS-DEL-011,23.3,976.3659234457872,40.0,True,spike,medium,59.4,FUSED_CONSENSUS,22.1,990.7,48.0,HEALTHY,replay,39.5,89.2
2025-02-23T18:00:00+00:00,AWS-DEL-011,21.9,987.0728110547084,47.0,False,,low,24.6,NORMAL,20.2,990.9,58.0,HEALTHY,replay,41.1,0.0
2025-02-23T19:00:00+00:00,AWS-DEL-011,20.5,990.629166086564,54.0,False,,low,9.5,NORMAL,18.7,991.5,65.0,HEALTHY,replay,15.9,0.0
2025-02-23T20:00:00+00:00,AWS-DEL-011,19.5,992.5267741353664,59.0,False,,low,2.8,NORMAL,18.0,992.5,67.0,HEALTHY,replay,4.7,0.0
2025-02-23T21:00:00+00:00,AWS-DEL-011,18.9,993.4,63.0,False,,low,1.6,NORMAL,16.8,992.9,74.0,HEALTHY,replay,2.7,0.0
2025-02-23T22:00:00+00:00,AWS-DEL-011,18.3,993.5,65.0,False,,low,0.3,NORMAL,16.0,993.0,79.0,HEALTHY,replay,0.5,0.0
2025-02-23T23:00:00+00:00,AWS-DEL-011,17.8,993.3,66.0,False,,low,0.4,NORMAL,15.2,992.7,82.0,HEALTHY,replay,0.7,0.0
2025-02-24T00:00:00+00:00,AWS-DEL-011,17.1,992.7,68.0,False,,low,0.3,NORMAL,14.7,992.2,82.0,HEALTHY,replay,0.5,0.0
2025-02-24T01:00:00+00:00,AWS-DEL-011,16.5,992.3,70.0,False,,low,0.2,NORMAL,14.1,991.7,84.0,HEALTHY,replay,0.3,0.0
2025-02-24T02:00:00+00:00,AWS-DEL-011,15.9,991.8,73.0,False,,low,0.1,NORMAL,13.4,991.2,86.0,HEALTHY,replay,0.2,0.0
2025-02-24T03:00:00+00:00,AWS-DEL-011,15.3,991.7,75.0,False,,low,0.1,NORMAL,12.6,991.1,87.0,HEALTHY,replay,0.2,0.0
2025-02-24T04:00:00+00:00,AWS-DEL-011,14.2,991.6,80.0,False,,low,0.2,NORMAL,12.2,991.2,91.0,HEALTHY,replay,0.3,0.0
2025-02-24T05:00:00+00:00,AWS-DEL-011,13.3,992.0,83.0,False,,low,0.3,NORMAL,11.8,991.5,92.0,HEALTHY,replay,0.5,0.0
2025-02-24T06:00:00+00:00,AWS-DEL-011,13.5,993.3,89.0,False,,low,0.9,NORMAL,12.5,992.9,94.0,HEALTHY,replay,1.6,0.0
2025-02-24T07:00:00+00:00,AWS-DEL-011,13.7,994.0,87.0,False,,low,0.8,NORMAL,12.8,993.6,93.0,HEALTHY,replay,1.3,0.0
2025-02-24T08:00:00+00:00,AWS-DEL-011,16.1,994.9,75.0,False,,low,1.9,NORMAL,15.3,994.6,83.0,HEALTHY,replay,3.1,0.0
2025-02-24T09:00:00+00:00,AWS-DEL-011,19.4,996.1,59.0,False,,low,40.6,NORMAL,18.2,995.6,67.0,HEALTHY,replay,67.6,0.0
2025-02-24T10:00:00+00:00,AWS-DEL-011,22.2,996.2,49.0,False,,low,35.2,NORMAL,21.5,995.9,54.0,HEALTHY,replay,58.7,0.0
2025-02-24T11:00:00+00:00,AWS-DEL-011,24.3,995.9,38.0,False,,low,35.2,NORMAL,23.5,995.5,43.0,HEALTHY,replay,58.6,0.0
2025-02-24T12:00:00+00:00,AWS-DEL-011,25.7,994.9,30.0,False,,low,42.9,NORMAL,24.7,994.6,36.0,HEALTHY,replay,71.6,0.0
2025-02-24T13:00:00+00:00,AWS-DEL-011,26.5,993.7,27.0,False,,low,25.0,NORMAL,25.3,993.5,34.0,HEALTHY,replay,41.6,0.0
2025-02-24T14:00:00+00:00,AWS-DEL-011,26.9,992.3,24.0,False,,low,25.7,NORMAL,25.7,992.1,32.0,HEALTHY,replay,42.9,0.0
2025-02-24T15:00:00+00:00,AWS-DEL-011,26.8,991.8,23.0,False,,low,10.4,NORMAL,25.5,991.5,33.0,HEALTHY,replay,17.4,0.0
2025-02-24T16:00:00+00:00,AWS-DEL-011,26.1,991.7,24.0,False,,low,4.8,NORMAL,24.7,991.5,36.0,HEALTHY,replay,8.0,0.0
2025-02-24T17:00:00+00:00,AWS-DEL-011,24.9,992.0,30.0,False,,low,2.4,NORMAL,23.4,991.6,41.0,HEALTHY,replay,3.9,0.0
2025-02-24T18:00:00+00:00,AWS-DEL-011,23.0,992.9,44.0,False,,low,2.8,NORMAL,21.2,992.4,58.0,HEALTHY,replay,4.6,0.0
2025-02-24T19:00:00+00:00,AWS-DEL-011,21.6,993.6,54.0,False,,low,1.2,NORMAL,19.9,993.1,66.0,HEALTHY,replay,2.0,0.0
2025-02-24T20:00:00+00:00,AWS-DEL-011,20.7,994.2,60.0,False,,low,0.5,NORMAL,18.9,993.7,67.0,HEALTHY,replay,0.8,0.0
2025-02-24T21:00:00+00:00,AWS-DEL-011,20.1,994.3,65.0,False,,low,0.4,NORMAL,18.6,993.7,66.0,HEALTHY,replay,0.6,0.0
2025-02-24T22:00:00+00:00,AWS-DEL-011,19.6,994.0,65.0,False,,low,0.1,NORMAL,17.9,993.4,69.0,HEALTHY,replay,0.2,0.0
2025-02-24T23:00:00+00:00,AWS-DEL-011,19.0,993.9,67.0,False,,low,0.1,NORMAL,17.4,993.3,75.0,HEALTHY,replay,0.1,0.0
2025-02-25T00:00:00+00:00,AWS-DEL-011,18.3,993.1,68.0,False,,low,0.1,NORMAL,16.4,992.7,78.0,HEALTHY,replay,0.1,0.0
2025-02-25T01:00:00+00:00,AWS-DEL-011,28.021903044162624,991.7695483013192,100.0,True,multivariate_inconsistency,high,76.6,MODEL_OVERRIDE,15.7,992.1,80.0,HEALTHY,replay,97.7,45.0
2025-02-25T02:00:00+00:00,AWS-DEL-011,26.821903044162624,991.998602961308,100.0,True,multivariate_inconsistency,high,75.1,MODEL_OVERRIDE,14.7,991.2,84.0,HEALTHY,replay,95.1,45.0
2025-02-25T03:00:00+00:00,AWS-DEL-011,25.921903044162622,991.9027658418428,100.0,True,multivariate_inconsistency,medium,69.4,FUSED_CONSENSUS,13.6,991.1,89.0,HEALTHY,replay,85.7,45.0
2025-02-25T04:00:00+00:00,AWS-DEL-011,25.021903044162624,992.0050713892232,100.0,True,multivariate_inconsistency,medium,67.8,FUSED_CONSENSUS,13.2,990.8,89.0,OFFLINE,replay,83.1,45.0
2025-02-25T05:00:00+00:00,AWS-DEL-011,24.521903044162624,991.131708992924,100.0,True,multivariate_inconsistency,medium,67.4,FUSED_CONSENSUS,13.3,991.0,89.0,OFFLINE,replay,82.4,45.0
2025-02-25T06:00:00+00:00,AWS-DEL-011,14.4,992.1,89.0,False,,low,9.0,NORMAL,13.4,991.7,90.0,OFFLINE,replay,14.9,0.0
2025-02-25T07:00:00+00:00,AWS-DEL-011,15.1,992.9,85.0,False,,low,3.7,NORMAL,14.0,992.3,88.0,OFFLINE,replay,6.2,0.0
2025-02-25T08:00:00+00:00,AWS-DEL-011,17.6,994.0,73.0,False,,low,0.4,NORMAL,16.6,993.7,79.0,HEALTHY,replay,0.6,0.0
2025-02-25T09:00:00+00:00,AWS-DEL-011,21.0,995.4,58.0,False,,low,7.0,NORMAL,20.6,995.1,64.0,OFFLINE,replay,11.6,0.0
2025-02-25T10:00:00+00:00,AWS-DEL-011,23.9,995.7,43.0,False,,low,43.0,NORMAL,23.2,995.5,50.0,OFFLINE,replay,71.7,0.0
2025-02-25T11:00:00+00:00,AWS-DEL-011,25.7,995.6,32.0,False,,low,52.6,NORMAL,25.0,995.5,39.0,OFFLINE,replay,87.7,0.0
2025-02-25T12:00:00+00:00,AWS-DEL-011,27.1,995.2,27.0,True,unstructured_anomaly,high,89.9,ML_MODEL_ISOLATION,26.2,995.1,34.0,HEALTHY,replay,89.9,0.0
2025-02-25T13:00:00+00:00,AWS-DEL-011,27.9,994.2,25.0,False,,low,52.4,NORMAL,26.8,994.1,32.0,WARNING,replay,87.3,0.0
2025-02-25T14:00:00+00:00,AWS-DEL-011,28.1,993.5,25.0,False,,low,27.8,NORMAL,26.7,993.4,32.0,WARNING,replay,46.4,0.0
2025-02-25T15:00:00+00:00,AWS-DEL-011,27.6,993.0,26.0,False,,low,14.1,NORMAL,25.9,993.0,34.0,WARNING,replay,23.5,0.0
2025-02-25T16:00:00+00:00,AWS-DEL-011,27.1,993.3,28.0,False,,low,8.7,NORMAL,25.9,993.1,35.0,WARNING,replay,14.6,0.0
2025-02-25T17:00:00+00:00,AWS-DEL-011,26.0,993.1,30.0,False,,low,7.1,NORMAL,24.6,992.7,42.0,WARNING,replay,11.9,0.0
2025-02-25T18:00:00+00:00,AWS-DEL-011,24.2,993.4,43.0,False,,low,16.5,NORMAL,21.8,993.0,56.0,WARNING,replay,27.4,0.0
2025-02-25T19:00:00+00:00,AWS-DEL-011,23.3,994.2,48.0,False,,low,6.2,NORMAL,20.7,993.7,58.0,WARNING,replay,10.4,0.0
2025-02-25T20:00:00+00:00,AWS-DEL-011,22.3,994.5,48.0,False,,low,0.6,NORMAL,20.0,994.0,67.0,WARNING,replay,1.0,0.0
2025-02-25T21:00:00+00:00,AWS-DEL-011,21.7,994.4,51.0,False,,low,0.2,NORMAL,18.9,993.8,69.0,WARNING,replay,0.3,0.0
2025-02-25T22:00:00+00:00,AWS-DEL-011,20.8,994.6,51.0,False,,low,1.1,NORMAL,17.8,994.0,73.0,WARNING,replay,1.9,0.0
2025-02-25T23:00:00+00:00,AWS-DEL-011,20.7,994.0,51.0,False,,low,1.0,NORMAL,17.5,993.5,76.0,WARNING,replay,1.7,0.0
2025-02-26T00:00:00+00:00,AWS-DEL-011,19.9,993.7,58.0,False,,low,2.5,NORMAL,17.5,993.0,78.0,WARNING,replay,4.2,0.0
2025-02-26T01:00:00+00:00,AWS-DEL-011,18.7,993.0,64.0,False,,low,2.4,NORMAL,17.4,992.6,73.0,WARNING,replay,3.9,0.0
2025-02-26T02:00:00+00:00,AWS-DEL-011,18.3,992.5,68.0,False,,low,2.3,NORMAL,17.4,992.2,72.0,HEALTHY,replay,3.8,0.0
2025-02-26T03:00:00+00:00,AWS-DEL-011,18.2,992.3,69.0,False,,low,1.5,NORMAL,17.3,991.9,73.0,HEALTHY,replay,2.6,0.0
2025-02-26T04:00:00+00:00,AWS-DEL-011,17.9,993.0,70.0,False,,low,1.1,NORMAL,16.6,992.5,77.0,HEALTHY,replay,1.8,0.0
2025-02-26T05:00:00+00:00,AWS-DEL-011,18.2,992.2,67.0,False,,low,1.4,NORMAL,16.7,992.4,75.0,HEALTHY,replay,2.3,0.0
2025-02-26T06:00:00+00:00,AWS-DEL-011,18.7,993.8,73.0,False,,low,2.0,NORMAL,16.5,992.9,82.0,HEALTHY,replay,3.3,0.0
2025-02-26T07:00:00+00:00,AWS-DEL-011,19.0,994.7,75.0,False,,low,1.2,NORMAL,17.2,994.5,81.0,HEALTHY,replay,2.0,0.0
2025-02-26T08:00:00+00:00,AWS-DEL-011,19.9,995.2,67.0,False,,low,0.5,NORMAL,18.0,994.9,77.0,HEALTHY,replay,0.8,0.0
2025-02-26T09:00:00+00:00,AWS-DEL-011,22.8,995.9,56.0,False,,low,5.3,NORMAL,21.3,995.9,66.0,HEALTHY,replay,8.8,0.0
2025-02-26T10:00:00+00:00,AWS-DEL-011,26.0,996.5,46.0,False,,low,39.6,NORMAL,24.6,996.5,55.0,HEALTHY,replay,65.9,0.0
2025-02-26T11:00:00+00:00,AWS-DEL-011,27.8,996.3,40.0,False,,low,21.5,NORMAL,26.4,996.1,48.0,HEALTHY,replay,35.9,0.0
2025-02-26T12:00:00+00:00,AWS-DEL-011,29.0,995.2,36.0,False,,low,13.6,NORMAL,27.6,995.1,44.0,HEALTHY,replay,22.7,0.0
2025-02-26T13:00:00+00:00,AWS-DEL-011,29.8,993.9,33.0,False,,low,1.9,NORMAL,28.2,993.9,42.0,HEALTHY,replay,3.1,0.0
2025-02-26T14:00:00+00:00,AWS-DEL-011,30.1,992.5,32.0,False,,low,2.4,NORMAL,28.2,992.5,42.0,HEALTHY,replay,4.0,0.0
2025-02-26T15:00:00+00:00,AWS-DEL-011,29.8,991.7,31.0,False,,low,3.5,NORMAL,28.1,991.9,42.0,HEALTHY,replay,5.9,0.0
2025-02-26T16:00:00+00:00,AWS-DEL-011,29.4,991.6,33.0,False,,low,2.1,NORMAL,27.6,991.4,44.0,HEALTHY,replay,3.6,0.0
2025-02-26T17:00:00+00:00,AWS-DEL-011,28.2,991.5,39.0,False,,low,1.1,NORMAL,26.4,991.2,51.0,HEALTHY,replay,1.8,0.0
2025-02-26T18:00:00+00:00,AWS-DEL-011,26.6,992.0,48.0,False,,low,0.7,NORMAL,24.6,991.6,59.0,HEALTHY,replay,1.2,0.0
2025-02-26T19:00:00+00:00,AWS-DEL-011,25.7,992.6,58.0,False,,low,1.5,NORMAL,23.2,992.2,66.0,HEALTHY,replay,2.6,0.0
2025-02-26T20:00:00+00:00,AWS-DEL-011,25.3,992.8,60.0,False,,low,0.8,NORMAL,22.4,992.4,67.0,HEALTHY,replay,1.3,0.0
2025-02-26T21:00:00+00:00,AWS-DEL-011,24.5,992.9,62.0,False,,low,0.6,NORMAL,22.1,992.3,68.0,HEALTHY,replay,1.0,0.0
2025-02-26T22:00:00+00:00,AWS-DEL-011,23.5,992.4,62.0,False,,low,0.7,NORMAL,21.0,992.0,75.0,HEALTHY,replay,1.1,0.0
2025-02-26T23:00:00+00:00,AWS-DEL-011,22.6,991.9,66.0,False,,low,0.2,NORMAL,20.2,991.4,81.0,HEALTHY,replay,0.4,0.0
2025-02-27T00:00:00+00:00,AWS-DEL-011,21.9,991.4,69.0,False,,low,0.2,NORMAL,20.1,991.0,80.0,HEALTHY,replay,0.3,0.0
2025-02-27T01:00:00+00:00,AWS-DEL-011,21.7,991.0,70.0,False,,low,0.3,NORMAL,19.8,990.7,77.0,HEALTHY,replay,0.5,0.0
2025-02-27T02:00:00+00:00,AWS-DEL-011,22.2,990.5,68.0,False,,low,0.9,NORMAL,19.3,990.1,83.0,HEALTHY,replay,1.5,0.0
2025-02-27T03:00:00+00:00,AWS-DEL-011,21.6,990.1,70.0,False,,low,0.7,NORMAL,18.7,989.4,86.0,HEALTHY,replay,1.2,0.0
2025-02-27T04:00:00+00:00,AWS-DEL-011,20.6,990.3,72.0,False,,low,0.6,NORMAL,18.0,989.6,88.0,HEALTHY,replay,1.1,0.0
2025-02-27T05:00:00+00:00,AWS-DEL-011,20.6,990.5,69.0,False,,low,0.4,NORMAL,18.6,990.4,82.0,HEALTHY,replay,0.6,0.0
2025-02-27T06:00:00+00:00,AWS-DEL-011,21.1,990.2,75.0,False,,low,1.2,NORMAL,18.5,989.9,91.0,HEALTHY,replay,2.0,0.0
2025-02-27T07:00:00+00:00,AWS-DEL-011,21.0,992.5,72.0,False,,low,1.0,NORMAL,18.9,990.9,90.0,HEALTHY,replay,1.6,0.0
2025-02-27T08:00:00+00:00,AWS-DEL-011,19.1,993.3,73.0,False,,low,0.8,NORMAL,18.4,993.4,77.0,HEALTHY,replay,1.4,0.0
2025-02-27T09:00:00+00:00,AWS-DEL-011,19.7,993.4,78.0,False,,low,2.0,NORMAL,19.6,993.6,79.0,HEALTHY,replay,3.3,0.0
2025-02-27T10:00:00+00:00,AWS-DEL-011,20.4,993.3,82.0,False,,low,4.5,NORMAL,20.4,993.7,83.0,HEALTHY,replay,7.6,0.0
2025-02-27T11:00:00+00:00,AWS-DEL-011,20.2,992.9,84.0,False,,low,2.7,NORMAL,20.4,993.2,81.0,HEALTHY,replay,4.5,0.0
2025-02-27T12:00:00+00:00,AWS-DEL-011,20.7,992.4,76.0,False,,low,2.8,NORMAL,21.1,992.1,73.0,HEALTHY,replay,4.7,0.0
2025-02-27T13:00:00+00:00,AWS-DEL-011,22.1,991.0,67.0,False,,low,5.6,NORMAL,22.4,991.0,69.0,HEALTHY,replay,9.3,0.0
2025-02-27T14:00:00+00:00,AWS-DEL-011,23.4,989.7,62.0,False,,low,17.3,NORMAL,24.0,989.6,61.0,HEALTHY,replay,28.8,0.0
2025-02-27T15:00:00+00:00,AWS-DEL-011,23.0,989.0,63.0,False,,low,8.0,NORMAL,23.5,988.8,58.0,HEALTHY,replay,13.3,0.0
2025-02-27T16:00:00+00:00,AWS-DEL-011,22.4,989.0,64.0,False,,low,4.8,NORMAL,22.7,988.7,61.0,HEALTHY,replay,8.0,0.0
2025-02-27T17:00:00+00:00,AWS-DEL-011,22.1,988.7,60.0,False,,low,4.3,NORMAL,22.2,988.6,65.0,HEALTHY,replay,7.1,0.0
2025-02-27T18:00:00+00:00,AWS-DEL-011,21.7,989.4,62.0,False,,low,1.1,NORMAL,21.3,989.0,64.0,HEALTHY,replay,1.8,0.0
2025-02-27T19:00:00+00:00,AWS-DEL-011,21.2,989.7,64.0,False,,low,1.2,NORMAL,20.8,989.5,65.0,HEALTHY,replay,2.0,0.0
2025-02-27T20:00:00+00:00,AWS-DEL-011,20.2,989.9,69.0,False,,low,1.3,NORMAL,19.9,989.7,70.0,HEALTHY,replay,2.2,0.0
2025-02-27T21:00:00+00:00,AWS-DEL-011,20.1,990.1,70.0,False,,low,1.1,NORMAL,19.4,990.0,71.0,HEALTHY,replay,1.8,0.0
2025-02-27T22:00:00+00:00,AWS-DEL-011,20.0,989.5,68.0,False,,low,1.0,NORMAL,19.6,989.3,69.0,HEALTHY,replay,1.7,0.0
2025-02-27T23:00:00+00:00,AWS-DEL-011,19.8,989.0,65.0,False,,low,1.1,NORMAL,19.2,988.8,65.0,HEALTHY,replay,1.8,0.0
2025-02-28T00:00:00+00:00,AWS-DEL-011,19.5,988.2,63.0,False,,low,1.7,NORMAL,19.1,988.1,62.0,HEALTHY,replay,2.8,0.0
2025-02-28T01:00:00+00:00,AWS-DEL-011,19.3,987.6,62.0,False,,low,1.9,NORMAL,19.1,987.3,63.0,HEALTHY,replay,3.2,0.0
2025-02-28T02:00:00+00:00,AWS-DEL-011,19.3,986.8,64.0,False,,low,7.6,NORMAL,19.0,986.6,66.0,HEALTHY,replay,12.7,0.0
2025-02-28T03:00:00+00:00,AWS-DEL-011,19.2,986.3,66.0,False,,low,7.9,NORMAL,18.9,986.1,69.0,HEALTHY,replay,13.1,0.0
2025-02-28T04:00:00+00:00,AWS-DEL-011,19.1,985.7,69.0,False,,low,12.2,NORMAL,18.9,985.6,71.0,HEALTHY,replay,20.4,0.0
2025-02-28T05:00:00+00:00,AWS-DEL-011,18.9,985.7,70.0,False,,low,10.0,NORMAL,18.7,985.7,70.0,HEALTHY,replay,16.7,0.0
2025-02-28T06:00:00+00:00,AWS-DEL-011,19.4,986.4,68.0,False,,low,8.1,NORMAL,19.0,986.4,71.0,HEALTHY,replay,13.5,0.0
2025-02-28T07:00:00+00:00,AWS-DEL-011,19.1,987.3,69.0,False,,low,16.5,NORMAL,18.8,987.4,72.0,HEALTHY,replay,27.5,0.0
2025-02-28T08:00:00+00:00,AWS-DEL-011,18.8,988.8,70.0,False,,low,25.9,NORMAL,19.0,988.7,70.0,HEALTHY,replay,43.2,0.0
2025-02-28T09:00:00+00:00,AWS-DEL-011,18.2,990.0,76.0,False,,low,36.5,NORMAL,19.2,989.8,73.0,HEALTHY,replay,60.8,0.0
2025-02-28T10:00:00+00:00,AWS-DEL-011,18.3,990.1,82.0,False,,low,21.3,NORMAL,18.7,990.3,78.0,HEALTHY,replay,35.6,0.0
2025-02-28T11:00:00+00:00,AWS-DEL-011,19.6,989.8,77.0,False,,low,7.2,NORMAL,19.6,989.6,76.0,HEALTHY,replay,12.1,0.0
2025-02-28T12:00:00+00:00,AWS-DEL-011,20.0,989.0,74.0,False,,low,2.6,NORMAL,20.3,989.0,73.0,HEALTHY,replay,4.4,0.0
2025-02-28T13:00:00+00:00,AWS-DEL-011,21.1,987.7,71.0,False,,low,3.5,NORMAL,21.3,987.6,69.0,HEALTHY,replay,5.8,0.0
2025-02-28T14:00:00+00:00,AWS-DEL-011,22.1,986.3,69.0,False,,low,12.1,NORMAL,21.9,986.6,71.0,HEALTHY,replay,20.1,0.0
2025-02-28T15:00:00+00:00,AWS-DEL-011,23.3,985.6,65.0,False,,low,8.2,NORMAL,23.3,985.6,67.0,HEALTHY,replay,13.7,0.0
2025-02-28T16:00:00+00:00,AWS-DEL-011,23.4,985.2,65.0,False,,low,13.8,NORMAL,23.4,985.1,66.0,HEALTHY,replay,23.0,0.0
2025-02-28T17:00:00+00:00,AWS-DEL-011,22.9,985.0,69.0,False,,low,10.6,NORMAL,22.4,985.2,73.0,HEALTHY,replay,17.7,0.0
2025-02-28T18:00:00+00:00,AWS-DEL-011,22.3,986.0,74.0,False,,low,6.6,NORMAL,21.7,986.0,83.0,HEALTHY,replay,11.1,0.0
2025-02-28T19:00:00+00:00,AWS-DEL-011,21.4,986.3,83.0,False,,low,17.3,NORMAL,20.1,986.0,87.0,HEALTHY,replay,28.8,0.0
2025-02-28T20:00:00+00:00,AWS-DEL-011,20.9,987.3,85.0,False,,low,14.0,NORMAL,19.2,987.1,89.0,HEALTHY,replay,23.3,0.0
2025-02-28T21:00:00+00:00,AWS-DEL-011,18.5,988.4,90.0,False,,low,24.4,NORMAL,18.6,987.9,89.0,HEALTHY,replay,40.6,0.0
2025-02-28T22:00:00+00:00,AWS-DEL-011,18.5,988.1,90.0,False,,low,3.8,NORMAL,17.7,988.2,91.0,HEALTHY,replay,6.4,0.0
2025-02-28T23:00:00+00:00,AWS-DEL-011,18.4,988.3,91.0,False,,low,4.7,NORMAL,17.6,988.3,89.0,HEALTHY,replay,7.8,0.0
2025-03-01T00:00:00+00:00,AWS-DEL-011,17.4,988.1,87.0,False,,low,7.9,NORMAL,16.7,987.8,89.0,HEALTHY,replay,13.2,0.0
2025-03-01T01:00:00+00:00,AWS-DEL-011,16.8,987.9,87.0,False,,low,2.8,NORMAL,16.0,988.0,89.0,HEALTHY,replay,4.6,0.0
2025-03-01T02:00:00+00:00,AWS-DEL-011,16.3,987.4,89.0,False,,low,4.6,NORMAL,15.7,987.2,90.0,HEALTHY,replay,7.7,0.0
2025-03-01T03:00:00+00:00,AWS-DEL-011,15.9,987.5,90.0,False,,low,5.9,NORMAL,15.4,987.3,90.0,HEALTHY,replay,9.9,0.0
2025-03-01T04:00:00+00:00,AWS-DEL-011,15.7,987.2,90.0,False,,low,6.3,NORMAL,15.4,986.9,90.0,HEALTHY,replay,10.5,0.0
2025-03-01T05:00:00+00:00,AWS-DEL-011,15.5,987.5,89.0,False,,low,5.1,NORMAL,15.0,987.5,90.0,HEALTHY,replay,8.6,0.0
2025-03-01T06:00:00+00:00,AWS-DEL-011,16.8,988.2,93.0,False,,low,7.3,NORMAL,16.5,988.2,94.0,HEALTHY,replay,12.1,0.0
2025-03-01T07:00:00+00:00,AWS-DEL-011,16.6,988.9,91.0,False,,low,4.6,NORMAL,16.4,989.3,93.0,HEALTHY,replay,7.7,0.0
2025-03-01T08:00:00+00:00,AWS-DEL-011,17.4,989.7,90.0,False,,low,2.1,NORMAL,17.4,989.5,88.0,HEALTHY,replay,3.4,0.0
2025-03-01T09:00:00+00:00,AWS-DEL-011,18.5,990.6,83.0,False,,low,1.6,NORMAL,18.9,990.2,81.0,HEALTHY,replay,2.6,0.0
2025-03-01T10:00:00+00:00,AWS-DEL-011,19.5,990.7,79.0,False,,low,1.0,NORMAL,19.7,990.5,78.0,HEALTHY,replay,1.7,0.0
2025-03-01T11:00:00+00:00,AWS-DEL-011,21.1,990.6,75.0,False,,low,1.0,NORMAL,21.7,990.3,71.0,HEALTHY,replay,1.7,0.0
2025-03-01T12:00:00+00:00,AWS-DEL-011,22.6,989.6,71.0,False,,low,1.9,NORMAL,23.4,989.5,65.0,HEALTHY,replay,3.2,0.0
2025-03-01T13:00:00+00:00,AWS-DEL-011,23.7,988.3,67.0,False,,low,5.3,NORMAL,24.3,988.2,63.0,HEALTHY,replay,8.9,0.0
2025-03-01T14:00:00+00:00,AWS-DEL-011,24.0,987.4,65.0,False,,low,3.5,NORMAL,24.7,987.2,60.0,HEALTHY,replay,5.9,0.0
2025-03-01T15:00:00+00:00,AWS-DEL-011,24.1,986.8,66.0,False,,low,1.3,NORMAL,24.6,986.6,60.0,HEALTHY,replay,2.2,0.0
2025-03-01T16:00:00+00:00,AWS-DEL-011,23.3,986.8,67.0,False,,low,1.5,NORMAL,24.0,986.5,63.0,HEALTHY,replay,2.6,0.0
2025-03-01T17:00:00+00:00,AWS-DEL-011,22.6,986.7,70.0,False,,low,1.1,NORMAL,23.5,986.4,68.0,HEALTHY,replay,1.8,0.0
2025-03-01T18:00:00+00:00,AWS-DEL-011,21.9,987.7,77.0,False,,low,0.8,NORMAL,21.5,987.4,77.0,HEALTHY,replay,1.4,0.0
2025-03-01T19:00:00+00:00,AWS-DEL-011,21.0,988.3,81.0,False,,low,0.7,NORMAL,20.2,987.9,84.0,HEALTHY,replay,1.1,0.0
2025-03-01T20:00:00+00:00,AWS-DEL-011,20.3,989.1,83.0,False,,low,0.6,NORMAL,19.4,988.7,87.0,HEALTHY,replay,0.9,0.0
2025-03-01T21:00:00+00:00,AWS-DEL-011,20.0,989.4,84.0,False,,low,0.5,NORMAL,18.9,989.0,88.0,HEALTHY,replay,0.8,0.0
2025-03-01T22:00:00+00:00,AWS-DEL-011,19.2,989.2,85.0,False,,low,0.3,NORMAL,18.6,988.9,88.0,HEALTHY,replay,0.5,0.0
2025-03-01T23:00:00+00:00,AWS-DEL-011,18.4,989.0,86.0,False,,low,0.3,NORMAL,18.0,988.5,88.0,HEALTHY,replay,0.5,0.0
2025-03-02T00:00:00+00:00,AWS-DEL-011,17.7,988.4,88.0,False,,low,0.2,NORMAL,16.8,987.9,91.0,HEALTHY,replay,0.4,0.0
2025-03-02T01:00:00+00:00,AWS-DEL-011,17.2,987.9,89.0,False,,low,0.3,NORMAL,16.1,987.4,93.0,HEALTHY,replay,0.5,0.0
2025-03-02T02:00:00+00:00,AWS-DEL-011,16.8,987.2,89.0,False,,low,0.4,NORMAL,15.8,986.7,93.0,HEALTHY,replay,0.6,0.0
2025-03-02T03:00:00+00:00,AWS-DEL-011,16.5,986.8,88.0,False,,low,0.4,NORMAL,15.6,986.3,93.0,HEALTHY,replay,0.6,0.0
2025-03-02T04:00:00+00:00,AWS-DEL-011,16.0,986.4,88.0,False,,low,0.3,NORMAL,15.1,985.9,93.0,HEALTHY,replay,0.5,0.0
2025-03-02T05:00:00+00:00,AWS-DEL-011,15.4,986.7,89.0,False,,low,0.4,NORMAL,14.5,986.2,93.0,HEALTHY,replay,0.7,0.0
2025-03-02T06:00:00+00:00,AWS-DEL-011,16.0,987.8,88.0,False,,low,0.5,NORMAL,15.2,987.2,92.0,HEALTHY,replay,0.9,0.0
2025-03-02T07:00:00+00:00,AWS-DEL-011,16.1,988.6,87.0,False,,low,0.6,NORMAL,15.3,988.0,88.0,HEALTHY,replay,0.9,0.0
2025-03-02T08:00:00+00:00,AWS-DEL-011,17.5,989.4,82.0,False,,low,1.0,NORMAL,17.3,988.7,80.0,HEALTHY,replay,1.7,0.0
2025-03-02T09:00:00+00:00,AWS-DEL-011,19.3,990.1,74.0,False,,low,1.9,NORMAL,19.6,989.6,72.0,HEALTHY,replay,3.1,0.0
2025-03-02T10:00:00+00:00,AWS-DEL-011,21.3,990.2,63.0,False,,low,7.2,NORMAL,21.9,989.7,62.0,HEALTHY,replay,12.0,0.0
2025-03-02T11:00:00+00:00,AWS-DEL-011,23.3,989.8,44.0,False,,low,43.8,NORMAL,23.9,989.4,43.0,HEALTHY,replay,73.0,0.0
2025-03-02T12:00:00+00:00,AWS-DEL-011,24.2,988.8,37.0,False,,low,22.9,NORMAL,24.8,988.4,32.0,HEALTHY,replay,38.1,0.0
2025-03-02T13:00:00+00:00,AWS-DEL-011,24.6,987.7,35.0,False,,low,16.6,NORMAL,25.0,987.3,32.0,HEALTHY,replay,27.7,0.0
2025-03-02T14:00:00+00:00,AWS-DEL-011,24.5,986.7,35.0,False,,low,14.8,NORMAL,24.9,986.3,34.0,HEALTHY,replay,24.7,0.0
2025-03-02T15:00:00+00:00,AWS-DEL-011,24.0,986.0,37.0,False,,low,5.7,NORMAL,24.4,985.6,36.0,HEALTHY,replay,9.4,0.0
2025-03-02T16:00:00+00:00,AWS-DEL-011,23.2,985.8,41.0,False,,low,1.2,NORMAL,23.5,985.4,40.0,HEALTHY,replay,1.9,0.0
2025-03-02T17:00:00+00:00,AWS-DEL-011,21.9,985.8,48.0,False,,low,0.9,NORMAL,21.8,985.4,50.0,HEALTHY,replay,1.6,0.0
2025-03-02T18:00:00+00:00,AWS-DEL-011,19.6,986.3,59.0,False,,low,2.2,NORMAL,19.3,985.9,60.0,HEALTHY,replay,3.6,0.0
2025-03-02T19:00:00+00:00,AWS-DEL-011,18.3,986.6,65.0,False,,low,1.3,NORMAL,17.9,986.2,67.0,HEALTHY,replay,2.2,0.0
2025-03-02T20:00:00+00:00,AWS-DEL-011,17.1,986.9,71.0,False,,low,1.6,NORMAL,16.9,986.6,72.0,HEALTHY,replay,2.7,0.0
2025-03-02T21:00:00+00:00,AWS-DEL-011,16.4,987.4,73.0,False,,low,0.4,NORMAL,16.2,987.2,72.0,HEALTHY,replay,0.7,0.0
2025-03-02T22:00:00+00:00,AWS-DEL-011,15.9,987.6,71.0,False,,low,0.3,NORMAL,15.3,987.2,73.0,HEALTHY,replay,0.6,0.0
2025-03-02T23:00:00+00:00,AWS-DEL-011,15.5,987.5,69.0,False,,low,0.4,NORMAL,14.3,987.1,75.0,HEALTHY,replay,0.6,0.0
2025-03-03T00:00:00+00:00,AWS-DEL-011,14.9,987.5,69.0,False,,low,0.4,NORMAL,13.6,987.0,77.0,HEALTHY,replay,0.6,0.0
2025-03-03T01:00:00+00:00,AWS-DEL-011,14.3,987.0,70.0,False,,low,0.4,NORMAL,13.3,986.7,75.0,HEALTHY,replay,0.7,0.0
2025-03-03T02:00:00+00:00,AWS-DEL-011,13.6,986.4,73.0,False,,low,0.2,NORMAL,13.0,986.1,77.0,HEALTHY,replay,0.3,0.0
2025-03-03T03:00:00+00:00,AWS-DEL-011,13.3,986.0,73.0,False,,low,0.2,NORMAL,12.2,985.6,79.0,HEALTHY,replay,0.3,0.0
2025-03-03T04:00:00+00:00,AWS-DEL-011,13.0,986.1,74.0,False,,low,0.2,NORMAL,12.0,985.7,78.0,HEALTHY,replay,0.4,0.0
2025-03-03T05:00:00+00:00,AWS-DEL-011,12.8,986.6,75.0,False,,low,0.2,NORMAL,11.7,986.1,79.0,HEALTHY,replay,0.3,0.0
2025-03-03T06:00:00+00:00,AWS-DEL-011,13.1,987.2,77.0,False,,low,0.3,NORMAL,11.8,986.8,83.0,HEALTHY,replay,0.5,0.0
2025-03-03T07:00:00+00:00,AWS-DEL-011,13.8,987.9,78.0,False,,low,0.3,NORMAL,12.8,987.4,81.0,HEALTHY,replay,0.5,0.0
2025-03-03T08:00:00+00:00,AWS-DEL-011,16.4,988.7,69.0,False,,low,0.3,NORMAL,15.7,988.3,70.0,HEALTHY,replay,0.5,0.0
2025-03-03T09:00:00+00:00,AWS-DEL-011,19.4,989.5,60.0,False,,low,1.1,NORMAL,19.2,989.2,59.0,HEALTHY,replay,1.8,0.0
2025-03-03T10:00:00+00:00,AWS-DEL-011,22.1,989.6,44.0,False,,low,10.6,NORMAL,22.1,989.4,45.0,HEALTHY,replay,17.7,0.0
2025-03-03T11:00:00+00:00,AWS-DEL-011,24.2,989.0,34.0,False,,low,4.8,NORMAL,24.4,988.7,36.0,HEALTHY,replay,8.0,0.0
2025-03-03T12:00:00+00:00,AWS-DEL-011,25.7,988.1,31.0,False,,low,2.5,NORMAL,25.9,987.8,29.0,HEALTHY,replay,4.2,0.0
2025-03-03T13:00:00+00:00,AWS-DEL-011,26.6,987.0,34.0,False,,low,1.4,NORMAL,26.8,986.9,28.0,HEALTHY,replay,2.3,0.0
2025-03-03T14:00:00+00:00,AWS-DEL-011,26.9,985.8,37.0,False,,low,2.6,NORMAL,27.2,985.6,30.0,HEALTHY,replay,4.3,0.0
2025-03-03T15:00:00+00:00,AWS-DEL-011,26.3,985.0,40.0,False,,low,1.0,NORMAL,26.9,984.7,34.0,HEALTHY,replay,1.6,0.0
2025-03-03T16:00:00+00:00,AWS-DEL-011,25.6,984.7,45.0,False,,low,0.5,NORMAL,26.5,984.6,38.0,HEALTHY,replay,0.8,0.0
2025-03-03T17:00:00+00:00,AWS-DEL-011,24.3,984.4,54.0,False,,low,1.0,NORMAL,24.6,984.4,50.0,HEALTHY,replay,1.6,0.0
2025-03-03T18:00:00+00:00,AWS-DEL-011,23.2,984.9,57.0,False,,low,0.6,NORMAL,22.9,984.8,55.0,HEALTHY,replay,1.0,0.0
2025-03-03T19:00:00+00:00,AWS-DEL-011,22.2,984.8,60.0,False,,low,0.4,NORMAL,21.6,984.8,63.0,HEALTHY,replay,0.7,0.0
2025-03-03T20:00:00+00:00,AWS-DEL-011,21.5,984.7303223468896,64.0,False,,low,1.1,NORMAL,21.0,985.2,66.0,HEALTHY,replay,1.8,0.0
2025-03-03T21:00:00+00:00,AWS-DEL-011,21.3,984.671069105246,63.0,False,,low,2.2,NORMAL,20.5,985.3,64.0,HEALTHY,replay,3.6,0.0
2025-03-03T22:00:00+00:00,AWS-DEL-011,20.4,984.7211710159376,67.0,False,,low,0.8,NORMAL,19.3,985.2,68.0,HEALTHY,replay,1.3,0.0
2025-03-03T23:00:00+00:00,AWS-DEL-011,19.7,984.754584707014,69.0,False,,low,0.9,NORMAL,19.3,985.0,68.0,HEALTHY,replay,1.5,0.0
2025-03-04T00:00:00+00:00,AWS-DEL-011,19.0,984.778750761842,71.0,False,,low,0.9,NORMAL,18.7,984.6,72.0,HEALTHY,replay,1.4,0.0
2025-03-04T01:00:00+00:00,AWS-DEL-011,18.6,984.7998166352507,72.0,False,,low,0.8,NORMAL,17.5,984.3,73.0,HEALTHY,replay,1.4,0.0
2025-03-04T02:00:00+00:00,AWS-DEL-011,18.3,984.7810388305164,72.0,False,,low,0.8,NORMAL,16.9,983.9,76.0,HEALTHY,replay,1.3,0.0
2025-03-04T03:00:00+00:00,AWS-DEL-011,17.1,984.4,78.0,False,,low,0.6,NORMAL,15.9,983.6,79.0,HEALTHY,replay,1.0,0.0
2025-03-04T04:00:00+00:00,AWS-DEL-011,15.9,984.4,83.0,False,,low,0.7,NORMAL,14.7,984.1,82.0,HEALTHY,replay,1.1,0.0
2025-03-04T05:00:00+00:00,AWS-DEL-011,15.6,1001.9654117609326,83.0,False,,low,27.3,NORMAL,14.1,984.3,84.0,HEALTHY,replay,45.5,0.0
2025-03-04T06:00:00+00:00,AWS-DEL-011,16.5,986.0,82.0,False,,low,8.1,NORMAL,15.4,985.4,86.0,HEALTHY,replay,13.4,0.0
2025-03-04T07:00:00+00:00,AWS-DEL-011,16.9,986.9,80.0,False,,low,9.4,NORMAL,15.5,986.3,86.0,HEALTHY,replay,15.7,0.0
2025-03-04T08:00:00+00:00,AWS-DEL-011,18.2,988.3,76.0,False,,low,7.3,NORMAL,18.7,987.9,75.0,HEALTHY,replay,12.2,0.0
2025-03-04T09:00:00+00:00,AWS-DEL-011,19.8,989.5,67.0,False,,low,6.5,NORMAL,21.0,989.0,61.0,HEALTHY,replay,10.9,0.0
2025-03-04T10:00:00+00:00,AWS-DEL-011,21.5,989.9,57.0,False,,low,4.2,NORMAL,22.8,989.4,49.0,HEALTHY,replay,6.9,0.0
2025-03-04T11:00:00+00:00,AWS-DEL-011,22.9,990.1,53.0,False,,low,3.8,NORMAL,24.1,989.6,49.0,HEALTHY,replay,6.4,0.0
2025-03-04T12:00:00+00:00,AWS-DEL-011,24.0,989.7,47.0,False,,low,5.5,NORMAL,24.5,989.2,45.0,HEALTHY,replay,9.2,0.0
2025-03-04T13:00:00+00:00,AWS-DEL-011,24.4,989.1,42.0,False,,low,3.0,NORMAL,24.9,988.7,41.0,HEALTHY,replay,5.0,0.0
2025-03-04T14:00:00+00:00,AWS-DEL-011,24.4,988.5,40.0,False,,low,3.1,NORMAL,25.0,987.9,39.0,HEALTHY,replay,5.2,0.0
2025-03-04T15:00:00+00:00,AWS-DEL-011,24.4,988.3,41.0,False,,low,2.7,NORMAL,24.8,987.7,37.0,HEALTHY,replay,4.5,0.0
2025-03-04T16:00:00+00:00,AWS-DEL-011,23.8,988.4,41.0,False,,low,4.7,NORMAL,24.1,987.8,37.0,HEALTHY,replay,7.9,0.0
2025-03-04T17:00:00+00:00,AWS-DEL-011,22.5,988.6,45.0,False,,low,3.9,NORMAL,22.8,988.1,41.0,HEALTHY,replay,6.5,0.0
2025-03-04T18:00:00+00:00,AWS-DEL-011,21.0,989.7,51.0,False,,low,2.6,NORMAL,20.8,989.1,54.0,HEALTHY,replay,4.3,0.0
2025-03-04T19:00:00+00:00,AWS-DEL-011,20.1,990.1,52.0,False,,low,2.6,NORMAL,19.9,989.4,55.0,HEALTHY,replay,4.3,0.0
2025-03-04T20:00:00+00:00,AWS-DEL-011,19.2,990.6,50.0,False,,low,5.0,NORMAL,19.2,990.0,53.0,HEALTHY,replay,8.4,0.0
2025-03-04T21:00:00+00:00,AWS-DEL-011,18.1,990.9,51.0,False,,low,3.5,NORMAL,18.2,990.4,50.0,HEALTHY,replay,5.8,0.0
2025-03-04T22:00:00+00:00,AWS-DEL-011,17.3,991.3,53.0,False,,low,4.1,NORMAL,17.1,990.7,52.0,HEALTHY,replay,6.9,0.0
2025-03-04T23:00:00+00:00,AWS-DEL-011,16.6,991.0,55.0,False,,low,4.1,NORMAL,16.2,990.5,56.0,HEALTHY,replay,6.8,0.0
2025-03-05T00:00:00+00:00,AWS-DEL-011,15.8,990.6,57.0,False,,low,5.0,NORMAL,15.5,989.9,58.0,HEALTHY,replay,8.3,0.0
2025-03-05T01:00:00+00:00,AWS-DEL-011,15.2,990.4,60.0,False,,low,3.3,NORMAL,14.9,989.8,60.0,HEALTHY,replay,5.5,0.0
2025-03-05T02:00:00+00:00,AWS-DEL-011,14.6,989.9,62.0,False,,low,2.8,NORMAL,14.3,989.1,62.0,HEALTHY,replay,4.7,0.0
2025-03-05T03:00:00+00:00,AWS-DEL-011,13.9,989.6,63.0,False,,low,2.9,NORMAL,13.7,988.8,63.0,HEALTHY,replay,4.8,0.0
2025-03-05T04:00:00+00:00,AWS-DEL-011,13.3,989.3,61.0,False,,low,3.8,NORMAL,13.3,988.5,62.0,HEALTHY,replay,6.3,0.0
2025-03-05T05:00:00+00:00,AWS-DEL-011,13.0,989.4,56.0,False,,low,4.5,NORMAL,12.9,988.5,58.0,HEALTHY,replay,7.5,0.0
2025-03-05T06:00:00+00:00,AWS-DEL-011,12.6,989.9,63.0,False,,low,2.8,NORMAL,12.6,989.0,63.0,HEALTHY,replay,4.7,0.0
2025-03-05T07:00:00+00:00,AWS-DEL-011,12.7,990.1,63.0,False,,low,3.6,NORMAL,12.8,989.2,60.0,HEALTHY,replay,6.0,0.0
2025-03-05T08:00:00+00:00,AWS-DEL-011,13.9,990.4,60.0,False,,low,5.1,NORMAL,14.3,989.6,58.0,HEALTHY,replay,8.5,0.0
2025-03-05T09:00:00+00:00,AWS-DEL-011,15.9,991.3,53.0,False,,low,3.8,NORMAL,16.1,990.5,53.0,HEALTHY,replay,6.4,0.0
2025-03-05T10:00:00+00:00,AWS-DEL-011,18.1,991.2,46.0,False,,low,5.3,NORMAL,18.0,990.4,47.0,HEALTHY,replay,8.8,0.0
2025-03-05T11:00:00+00:00,AWS-DEL-011,19.8,990.8,40.0,False,,low,6.2,NORMAL,19.8,989.9,42.0,HEALTHY,replay,10.3,0.0
2025-03-05T12:00:00+00:00,AWS-DEL-011,21.3,989.8,34.0,False,,low,4.8,NORMAL,21.2,989.0,36.0,HEALTHY,replay,8.0,0.0
2025-03-05T13:00:00+00:00,AWS-DEL-011,22.2,988.9,30.0,False,,low,3.3,NORMAL,22.1,988.1,31.0,HEALTHY,replay,5.5,0.0
2025-03-05T14:00:00+00:00,AWS-DEL-011,22.8,988.0,27.0,False,,low,2.8,NORMAL,22.5,987.2,29.0,HEALTHY,replay,4.6,0.0
2025-03-05T15:00:00+00:00,AWS-DEL-011,22.8,987.3,28.0,False,,low,1.4,NORMAL,22.5,986.4,29.0,HEALTHY,replay,2.4,0.0
2025-03-05T16:00:00+00:00,AWS-DEL-011,22.3,986.9,31.0,False,,low,1.8,NORMAL,22.2,986.2,30.0,HEALTHY,replay,2.9,0.0
2025-03-05T17:00:00+00:00,AWS-DEL-011,21.6,987.0,30.0,False,,low,0.7,NORMAL,21.2,986.3,33.0,HEALTHY,replay,1.1,0.0
2025-03-05T18:00:00+00:00,AWS-DEL-011,20.9,987.7,34.0,False,,low,1.0,NORMAL,20.3,987.1,34.0,HEALTHY,replay,1.6,0.0
2025-03-05T19:00:00+00:00,AWS-DEL-011,20.2,987.8,35.0,False,,low,0.5,NORMAL,19.6,987.2,35.0,HEALTHY,replay,0.8,0.0
2025-03-05T20:00:00+00:00,AWS-DEL-011,19.3,988.1,36.0,False,,low,0.6,NORMAL,19.0,987.4,35.0,HEALTHY,replay,1.0,0.0
2025-03-05T21:00:00+00:00,AWS-DEL-011,18.6,988.7,38.0,False,,low,0.4,NORMAL,18.6,988.0,37.0,HEALTHY,replay,0.7,0.0
2025-03-05T22:00:00+00:00,AWS-DEL-011,18.3,988.6,38.0,False,,low,0.5,NORMAL,18.3,987.9,37.0,HEALTHY,replay,0.8,0.0
2025-03-05T23:00:00+00:00,AWS-DEL-011,17.7,988.3,39.0,False,,low,0.5,NORMAL,17.8,987.6,37.0,HEALTHY,replay,0.8,0.0
2025-03-06T00:00:00+00:00,AWS-DEL-011,16.9,987.8,42.0,False,,low,0.4,NORMAL,16.9,987.2,41.0,HEALTHY,replay,0.7,0.0
2025-03-06T01:00:00+00:00,AWS-DEL-011,15.8,987.8,45.0,False,,low,0.3,NORMAL,15.9,987.0,45.0,HEALTHY,replay,0.4,0.0
2025-03-06T02:00:00+00:00,AWS-DEL-011,15.1,987.0,46.0,False,,low,0.4,NORMAL,15.1,986.3,46.0,HEALTHY,replay,0.6,0.0
2025-03-06T03:00:00+00:00,AWS-DEL-011,14.7,986.3,46.0,False,,low,0.4,NORMAL,14.5,985.7,46.0,HEALTHY,replay,0.7,0.0
2025-03-06T04:00:00+00:00,AWS-DEL-011,14.3,986.1,47.0,False,,low,0.4,NORMAL,14.1,985.3,47.0,HEALTHY,replay,0.6,0.0
2025-03-06T05:00:00+00:00,AWS-DEL-011,13.8,985.9,48.0,False,,low,0.4,NORMAL,13.8,985.2,49.0,HEALTHY,replay,0.6,0.0
2025-03-06T06:00:00+00:00,AWS-DEL-011,12.8,985.910976748755,58.0,False,,low,0.8,NORMAL,13.1,985.3,56.0,HEALTHY,replay,1.3,0.0
2025-03-06T07:00:00+00:00,AWS-DEL-011,13.2,985.9262958293574,56.0,False,,low,0.7,NORMAL,13.5,985.9,56.0,HEALTHY,replay,1.1,0.0
2025-03-06T08:00:00+00:00,AWS-DEL-011,15.0,985.906844612908,54.0,False,,low,2.2,NORMAL,15.4,987.6,54.0,HEALTHY,replay,3.7,0.0
2025-03-06T09:00:00+00:00,AWS-DEL-011,17.5,985.9163679192748,47.0,False,,low,3.6,NORMAL,17.7,988.2,48.0,HEALTHY,replay,6.0,0.0
2025-03-06T10:00:00+00:00,AWS-DEL-011,20.2,985.9372577172796,41.0,False,,low,4.9,NORMAL,20.2,988.2,42.0,HEALTHY,replay,8.2,0.0
2025-03-06T11:00:00+00:00,AWS-DEL-011,22.5,985.9636780613156,34.0,False,,low,18.0,NORMAL,22.3,988.1,37.0,HEALTHY,replay,30.0,0.0
2025-03-06T12:00:00+00:00,AWS-DEL-011,24.2,985.9240465777532,29.0,False,,low,13.0,NORMAL,23.9,987.4,32.0,HEALTHY,replay,21.7,0.0
2025-03-06T13:00:00+00:00,AWS-DEL-011,25.5,985.9685532839744,25.0,False,,low,7.5,NORMAL,25.0,986.7,29.0,HEALTHY,replay,12.5,0.0
2025-03-06T14:00:00+00:00,AWS-DEL-011,26.3,986.9,24.0,False,,low,5.7,NORMAL,25.7,986.3,27.0,HEALTHY,replay,9.5,0.0
2025-03-06T15:00:00+00:00,AWS-DEL-011,26.6,986.6,23.0,False,,low,4.2,NORMAL,26.0,986.1,26.0,HEALTHY,replay,7.1,0.0
2025-03-06T16:00:00+00:00,AWS-DEL-011,26.2,986.3,23.0,False,,low,2.6,NORMAL,25.7,985.7,27.0,HEALTHY,replay,4.3,0.0
2025-03-06T17:00:00+00:00,AWS-DEL-011,24.9,986.3,30.0,False,,low,3.5,NORMAL,24.0,985.7,35.0,HEALTHY,replay,5.8,0.0
2025-03-06T18:00:00+00:00,AWS-DEL-011,22.8,986.7,42.0,False,,low,3.6,NORMAL,21.6,986.2,34.0,HEALTHY,replay,6.0,0.0
2025-03-06T19:00:00+00:00,AWS-DEL-011,22.2,986.8,43.0,False,,low,0.6,NORMAL,20.6,986.4,40.0,HEALTHY,replay,1.0,0.0
2025-03-06T20:00:00+00:00,AWS-DEL-011,16.117033274895363,994.0701056051198,58.82384444758865,True,unstructured_anomaly,critical,94.5,ML_MODEL_ISOLATION,19.2,986.9,44.0,HEALTHY,replay,94.5,0.0
2025-03-06T21:00:00+00:00,AWS-DEL-011,26.05800592346341,980.6160817917026,63.04334250500471,True,multivariate_inconsistency,high,77.0,MODEL_OVERRIDE,18.6,987.1,52.0,HEALTHY,replay,98.3,45.0
2025-03-06T22:00:00+00:00,AWS-DEL-011,14.05539235865988,994.6142560416604,67.05933209701166,True,unstructured_anomaly,critical,95.9,ML_MODEL_ISOLATION,17.9,986.9,49.0,HEALTHY,replay,95.9,0.0
2025-03-06T23:00:00+00:00,AWS-DEL-011,12.120386754092465,993.784443706534,34.641728025830595,True,multivariate_inconsistency,high,73.1,MODEL_OVERRIDE,16.8,986.9,52.0,HEALTHY,replay,91.8,45.0
2025-03-07T00:00:00+00:00,AWS-DEL-011,24.88097710819354,980.367405410608,36.73174620851012,False,,low,42.6,NORMAL,15.4,986.8,60.0,HEALTHY,replay,71.0,0.0
2025-03-07T01:00:00+00:00,AWS-DEL-011,16.7,986.6,59.0,False,,low,34.6,NORMAL,14.0,986.3,63.0,HEALTHY,replay,57.6,0.0
2025-03-07T02:00:00+00:00,AWS-DEL-011,15.5,986.2,62.0,False,,low,22.9,NORMAL,13.4,985.5,69.0,HEALTHY,replay,38.1,0.0
2025-03-07T03:00:00+00:00,AWS-DEL-011,15.2,985.5,61.0,False,,low,5.5,NORMAL,13.0,984.8,70.0,HEALTHY,replay,9.2,0.0
2025-03-07T04:00:00+00:00,AWS-DEL-011,15.1,985.2,60.0,False,,low,1.0,NORMAL,12.9,984.6,70.0,HEALTHY,replay,1.6,0.0
2025-03-07T05:00:00+00:00,AWS-DEL-011,13.8,985.2,66.0,False,,low,1.9,NORMAL,12.0,984.6,74.0,HEALTHY,replay,3.2,0.0
2025-03-07T06:00:00+00:00,AWS-DEL-011,12.5,986.2,75.0,False,,low,4.7,NORMAL,10.8,985.7,85.0,HEALTHY,replay,7.9,0.0
2025-03-07T07:00:00+00:00,AWS-DEL-011,13.2,986.8,72.0,False,,low,0.5,NORMAL,12.4,986.4,80.0,HEALTHY,replay,0.8,0.0
2025-03-07T08:00:00+00:00,AWS-DEL-011,16.0,987.5,61.0,False,,low,0.8,NORMAL,15.8,987.1,68.0,HEALTHY,replay,1.3,0.0
2025-03-07T09:00:00+00:00,AWS-DEL-011,19.8,987.9,47.0,False,,low,23.5,NORMAL,19.2,987.5,56.0,HEALTHY,replay,39.2,0.0
2025-03-07T10:00:00+00:00,AWS-DEL-011,23.4,987.8,33.0,False,,low,46.2,NORMAL,22.3,987.6,42.0,HEALTHY,replay,76.9,0.0
2025-03-07T11:00:00+00:00,AWS-DEL-011,25.7,987.5,24.0,False,,low,41.9,NORMAL,24.6,987.2,33.0,HEALTHY,replay,69.8,0.0
2025-03-07T12:00:00+00:00,AWS-DEL-011,27.2,986.4,20.0,False,,low,37.7,NORMAL,25.9,986.2,28.0,HEALTHY,replay,62.8,0.0
2025-03-07T13:00:00+00:00,AWS-DEL-011,28.1,985.3,19.0,False,,low,29.1,NORMAL,26.7,985.0,26.0,HEALTHY,replay,48.5,0.0
2025-03-07T14:00:00+00:00,AWS-DEL-011,28.4,984.8,21.0,False,,low,14.5,NORMAL,27.3,984.4,24.0,HEALTHY,replay,24.2,0.0
2025-03-07T15:00:00+00:00,AWS-DEL-011,28.3,984.3,22.0,False,,low,11.2,NORMAL,27.2,983.9,24.0,HEALTHY,replay,18.7,0.0
2025-03-07T16:00:00+00:00,AWS-DEL-011,27.8,984.2,23.0,False,,low,5.9,NORMAL,26.4,983.7,26.0,HEALTHY,replay,9.8,0.0
2025-03-07T17:00:00+00:00,AWS-DEL-011,26.6,984.1,25.0,False,,low,2.3,NORMAL,24.6,983.6,35.0,HEALTHY,replay,3.8,0.0
2025-03-07T18:00:00+00:00,AWS-DEL-011,24.2,984.6,33.0,False,,low,2.4,NORMAL,22.4,984.0,46.0,HEALTHY,replay,3.9,0.0
2025-03-07T19:00:00+00:00,AWS-DEL-011,22.9,984.3,39.0,False,,low,4.1,NORMAL,20.8,983.9,51.0,HEALTHY,replay,6.8,0.0
2025-03-07T20:00:00+00:00,AWS-DEL-011,22.3,984.7,38.0,False,,low,2.9,NORMAL,20.1,984.2,52.0,HEALTHY,replay,4.8,0.0
2025-03-07T21:00:00+00:00,AWS-DEL-011,21.4,984.8,45.0,False,,low,2.4,NORMAL,19.0,984.2,57.0,HEALTHY,replay,4.0,0.0
2025-03-07T22:00:00+00:00,AWS-DEL-011,20.2,984.7,46.0,False,,low,1.5,NORMAL,17.7,984.2,60.0,HEALTHY,replay,2.4,0.0
2025-03-07T23:00:00+00:00,AWS-DEL-011,13.418766331167255,992.528008176676,65.09373635920228,True,unstructured_anomaly,critical,97.4,ML_MODEL_ISOLATION,17.2,984.2,58.0,HEALTHY,replay,97.4,0.0
2025-03-08T00:00:00+00:00,AWS-DEL-011,12.153319747748355,991.8030938447772,33.39126085735981,True,multivariate_inconsistency,high,76.6,MODEL_OVERRIDE,16.0,984.6,64.0,HEALTHY,replay,97.7,45.0
2025-03-08T01:00:00+00:00,AWS-DEL-011,11.67631176845514,992.6003080413772,69.08711386618675,True,unstructured_anomaly,critical,98.5,ML_MODEL_ISOLATION,15.6,984.2,61.0,HEALTHY,replay,98.5,0.0
2025-03-08T02:00:00+00:00,AWS-DEL-011,22.18496848310112,976.8986381469394,39.25986203707089,True,drift,high,71.2,RULE_ENGINE_BYPASS,15.4,983.3,60.0,HEALTHY,replay,57.9,91.1
2025-03-08T03:00:00+00:00,AWS-DEL-011,21.4006485500273,975.6610146940336,43.28451700490315,True,drift,high,75.5,RULE_ENGINE_BYPASS,14.9,982.3,61.0,HEALTHY,replay,65.1,91.1
2025-03-08T04:00:00+00:00,AWS-DEL-011,15.2,982.7,61.0,False,,low,36.7,NORMAL,14.5,982.2,61.0,HEALTHY,replay,61.2,0.0
2025-03-08T05:00:00+00:00,AWS-DEL-011,14.6,983.0,62.0,False,,low,10.6,NORMAL,14.0,982.5,63.0,HEALTHY,replay,17.6,0.0
2025-03-08T06:00:00+00:00,AWS-DEL-011,14.7,983.6,66.0,False,,low,2.4,NORMAL,13.6,983.3,72.0,HEALTHY,replay,3.9,0.0
2025-03-08T07:00:00+00:00,AWS-DEL-011,15.5,984.5,62.0,False,,low,0.4,NORMAL,14.9,984.0,69.0,HEALTHY,replay,0.7,0.0
2025-03-08T08:00:00+00:00,AWS-DEL-011,18.0,985.2,54.0,False,,low,0.6,NORMAL,17.7,984.7,63.0,HEALTHY,replay,0.9,0.0
2025-03-08T09:00:00+00:00,AWS-DEL-011,21.4,986.0,43.0,False,,low,6.3,NORMAL,20.9,985.4,52.0,HEALTHY,replay,10.6,0.0
2025-03-08T10:00:00+00:00,AWS-DEL-011,24.6,986.2,36.0,False,,low,12.2,NORMAL,24.0,985.7,43.0,HEALTHY,replay,20.3,0.0
2025-03-08T11:00:00+00:00,AWS-DEL-011,27.4,985.5,27.0,False,,low,18.8,NORMAL,26.3,985.2,35.0,HEALTHY,replay,31.3,0.0
2025-03-08T12:00:00+00:00,AWS-DEL-011,29.1,985.0,21.0,False,,low,22.9,NORMAL,27.7,984.5,28.0,HEALTHY,replay,38.2,0.0
2025-03-08T13:00:00+00:00,AWS-DEL-011,29.8,984.1,20.0,False,,low,10.3,NORMAL,28.4,983.7,25.0,HEALTHY,replay,17.2,0.0
2025-03-08T14:00:00+00:00,AWS-DEL-011,30.1,983.4,20.0,False,,low,8.9,NORMAL,28.6,983.0,26.0,HEALTHY,replay,14.8,0.0
2025-03-08T15:00:00+00:00,AWS-DEL-011,29.9,983.0,21.0,False,,low,4.3,NORMAL,28.4,982.6,27.0,HEALTHY,replay,7.1,0.0
2025-03-08T16:00:00+00:00,AWS-DEL-011,29.3,983.1990914115486,23.0,False,,low,2.7,NORMAL,27.7,982.5,29.0,HEALTHY,replay,4.5,0.0
2025-03-08T17:00:00+00:00,AWS-DEL-011,28.3,983.4981828230972,25.0,False,,low,0.9,NORMAL,26.2,982.6,37.0,HEALTHY,replay,1.5,0.0
2025-03-08T18:00:00+00:00,AWS-DEL-011,26.2,984.497274234646,35.0,False,,low,2.1,NORMAL,23.5,983.2,46.0,HEALTHY,replay,3.4,0.0
2025-03-08T19:00:00+00:00,AWS-DEL-011,24.7,985.0963656461944,42.0,False,,low,2.8,NORMAL,22.4,983.4,51.0,HEALTHY,replay,4.7,0.0
2025-03-08T20:00:00+00:00,AWS-DEL-011,23.3,986.0954570577431,50.0,False,,low,6.4,NORMAL,20.7,984.1,58.0,HEALTHY,replay,10.7,0.0
2025-03-08T21:00:00+00:00,AWS-DEL-011,22.6,986.9945484692918,51.0,False,,low,4.1,NORMAL,20.7,984.6,55.0,HEALTHY,replay,6.9,0.0
2025-03-08T22:00:00+00:00,AWS-DEL-011,22.5,987.6936398808404,50.0,False,,low,3.5,NORMAL,19.6,985.3,59.0,HEALTHY,replay,5.8,0.0
2025-03-08T23:00:00+00:00,AWS-DEL-011,21.9,987.692731292389,51.0,False,,low,1.2,NORMAL,17.6,984.8,61.0,HEALTHY,replay,2.1,0.0
2025-03-09T00:00:00+00:00,AWS-DEL-011,20.9,988.0918227039376,53.0,False,,low,0.7,NORMAL,16.7,984.6,66.0,HEALTHY,replay,1.1,0.0
2025-03-09T01:00:00+00:00,AWS-DEL-011,21.3,988.2909141154862,54.0,False,,low,1.1,NORMAL,16.0,984.6,69.0,HEALTHY,replay,1.9,0.0
2025-03-09T02:00:00+00:00,AWS-DEL-011,20.5,988.6900055270348,55.0,False,,low,0.6,NORMAL,14.9,984.8,75.0,HEALTHY,replay,1.0,0.0
2025-03-09T03:00:00+00:00,AWS-DEL-011,18.8,988.4890969385835,60.0,False,,low,0.6,NORMAL,14.5,984.4,77.0,HEALTHY,replay,0.9,0.0
2025-03-09T04:00:00+00:00,AWS-DEL-011,17.6,988.4881883501322,65.0,False,,low,0.4,NORMAL,13.7,984.2,82.0,HEALTHY,replay,0.6,0.0
2025-03-09T05:00:00+00:00,AWS-DEL-011,17.2,989.1872797616808,64.0,False,,low,0.7,NORMAL,13.5,984.6,83.0,HEALTHY,replay,1.2,0.0
2025-03-09T06:00:00+00:00,AWS-DEL-011,16.8,990.3863711732292,73.0,False,,low,5.1,NORMAL,13.8,985.5,89.0,HEALTHY,replay,8.5,0.0
2025-03-09T07:00:00+00:00,AWS-DEL-011,18.2,991.785462584778,66.0,False,,low,14.4,NORMAL,15.6,986.5,82.0,HEALTHY,replay,24.0,0.0
2025-03-09T08:00:00+00:00,AWS-DEL-011,21.1,993.4845539963268,56.0,True,REGIONAL_EVENT,medium,64.8,RULE_ENGINE_BYPASS,19.8,988.1,67.0,HEALTHY,replay,46.7,92.0
2025-03-09T09:00:00+00:00,AWS-DEL-011,24.6,994.6836454078752,45.0,True,REGIONAL_EVENT,high,88.1,RULE_ENGINE_BYPASS,23.6,989.1,52.0,HEALTHY,replay,85.5,92.0
2025-03-09T10:00:00+00:00,AWS-DEL-011,27.5,995.182736819424,33.0,True,REGIONAL_EVENT,critical,93.5,RULE_ENGINE_BYPASS,26.6,989.3,42.0,HEALTHY,replay,94.5,92.0
2025-03-09T11:00:00+00:00,AWS-DEL-011,29.3,995.3818282309724,27.0,True,REGIONAL_EVENT,critical,95.0,RULE_ENGINE_BYPASS,28.4,989.3,35.0,OFFLINE,replay,96.9,92.0
2025-03-09T12:00:00+00:00,AWS-DEL-011,30.6,995.2809196425212,24.0,True,REGIONAL_EVENT,critical,94.5,RULE_ENGINE_BYPASS,29.5,988.7,30.0,OFFLINE,replay,96.2,92.0
2025-03-09T13:00:00+00:00,AWS-DEL-011,31.4,994.4800110540698,22.0,True,REGIONAL_EVENT,critical,95.4,RULE_ENGINE_BYPASS,30.0,987.7,28.0,OFFLINE,replay,97.7,92.0
2025-03-09T14:00:00+00:00,AWS-DEL-011,31.8,994.0791024656183,21.0,True,drift,critical,96.2,RULE_ENGINE_BYPASS,30.4,987.2,27.0,OFFLINE,replay,97.7,94.0
2025-03-09T15:00:00+00:00,AWS-DEL-011,31.8,993.978193877167,22.0,True,drift,critical,96.2,RULE_ENGINE_BYPASS,30.4,986.8,27.0,OFFLINE,replay,97.7,94.0
2025-03-09T16:00:00+00:00,AWS-DEL-011,31.3,994.1772852887156,23.0,True,drift,critical,96.1,RULE_ENGINE_BYPASS,29.9,986.7,28.0,OFFLINE,replay,97.5,94.0
2025-03-09T17:00:00+00:00,AWS-DEL-011,30.2,994.6763767002644,26.0,True,drift,critical,95.9,RULE_ENGINE_BYPASS,28.5,986.9,33.0,OFFLINE,replay,97.2,94.0
2025-03-09T18:00:00+00:00,AWS-DEL-011,28.5,996.0754681118128,31.0,True,drift,critical,95.3,RULE_ENGINE_BYPASS,25.4,987.8,44.0,OFFLINE,replay,96.2,94.0
2025-03-09T19:00:00+00:00,AWS-DEL-011,26.8,997.0745595233616,36.0,True,drift,critical,94.6,RULE_ENGINE_BYPASS,23.4,988.3,50.0,OFFLINE,replay,95.1,94.0
2025-03-09T20:00:00+00:00,AWS-DEL-011,25.8,998.07365093491,40.0,True,drift,critical,95.3,RULE_ENGINE_BYPASS,22.4,989.1,51.0,OFFLINE,replay,96.2,94.0
2025-03-09T21:00:00+00:00,AWS-DEL-011,25.1,998.5727423464588,43.0,True,drift,critical,93.8,RULE_ENGINE_BYPASS,21.2,989.3,56.0,OFFLINE,replay,93.6,94.0
2025-03-09T22:00:00+00:00,AWS-DEL-011,24.0,998.8718337580076,47.0,True,drift,critical,90.7,RULE_ENGINE_BYPASS,20.6,989.3,59.0,OFFLINE,replay,88.5,94.0
2025-03-09T23:00:00+00:00,AWS-DEL-011,22.7,999.370925169556,51.0,True,drift,critical,90.2,RULE_ENGINE_BYPASS,20.0,989.3,60.0,OFFLINE,replay,87.7,94.0
2025-03-10T00:00:00+00:00,AWS-DEL-011,21.9,999.5700165811048,53.0,True,drift,high,89.2,RULE_ENGINE_BYPASS,19.0,989.5,66.0,OFFLINE,replay,85.9,94.0
2025-03-10T01:00:00+00:00,AWS-DEL-011,21.0,999.6691079926532,55.0,True,drift,high,88.5,RULE_ENGINE_BYPASS,18.6,989.2,69.0,OFFLINE,replay,84.8,94.0
2025-03-10T02:00:00+00:00,AWS-DEL-011,20.4,999.468199404202,58.0,True,drift,high,81.0,RULE_ENGINE_BYPASS,18.2,988.7,70.0,OFFLINE,replay,72.4,94.0
2025-03-10T03:00:00+00:00,AWS-DEL-011,19.9,999.4672908157506,61.0,True,drift,high,78.3,RULE_ENGINE_BYPASS,17.8,988.5,71.0,OFFLINE,replay,67.9,94.0
2025-03-10T04:00:00+00:00,AWS-DEL-011,19.4,999.9663822272992,62.0,True,drift,high,77.5,RULE_ENGINE_BYPASS,17.4,988.6,71.0,OFFLINE,replay,66.5,94.0
2025-03-10T05:00:00+00:00,AWS-DEL-011,19.0,1000.8654736388478,64.0,True,drift,high,80.5,RULE_ENGINE_BYPASS,16.9,989.3,71.0,OFFLINE,replay,71.5,94.0
2025-03-10T06:00:00+00:00,AWS-DEL-011,19.3,1002.5645650503964,66.0,True,drift,high,80.5,RULE_ENGINE_BYPASS,17.1,990.8,74.0,OFFLINE,replay,71.4,94.0
2025-03-10T07:00:00+00:00,AWS-DEL-011,19.7,1003.7636564619452,64.0,True,drift,high,74.1,RULE_ENGINE_BYPASS,18.1,991.5,71.0,OFFLINE,replay,60.9,94.0
2025-03-10T08:00:00+00:00,AWS-DEL-011,21.4,992.9,58.0,False,,low,38.3,NORMAL,20.8,992.7,64.0,OFFLINE,replay,63.9,0.0
2025-03-10T09:00:00+00:00,AWS-DEL-011,24.1,993.8,50.0,True,unstructured_anomaly,critical,92.1,ML_MODEL_ISOLATION,23.6,993.7,54.0,OFFLINE,replay,92.1,0.0
2025-03-10T10:00:00+00:00,AWS-DEL-011,26.8,994.0,42.0,True,unstructured_anomaly,critical,95.7,ML_MODEL_ISOLATION,26.0,993.9,47.0,HEALTHY,replay,95.7,0.0
2025-03-10T11:00:00+00:00,AWS-DEL-011,29.0,993.6,35.0,True,unstructured_anomaly,critical,96.7,ML_MODEL_ISOLATION,28.0,993.6,40.0,OFFLINE,replay,96.7,0.0
2025-03-10T12:00:00+00:00,AWS-DEL-011,30.3,992.6,31.0,True,unstructured_anomaly,critical,95.5,ML_MODEL_ISOLATION,29.3,992.6,35.0,OFFLINE,replay,95.5,0.0
2025-03-10T13:00:00+00:00,AWS-DEL-011,31.1,991.7,29.0,True,unstructured_anomaly,critical,93.7,ML_MODEL_ISOLATION,30.2,991.7,33.0,OFFLINE,replay,93.7,0.0
2025-03-10T14:00:00+00:00,AWS-DEL-011,31.6,990.5,28.0,True,unstructured_anomaly,critical,94.3,ML_MODEL_ISOLATION,30.8,990.5,32.0,HEALTHY,replay,94.3,0.0
2025-03-10T15:00:00+00:00,AWS-DEL-011,31.7,989.7,27.0,True,unstructured_anomaly,critical,96.6,ML_MODEL_ISOLATION,30.8,989.8,31.0,WARNING,replay,96.6,0.0
2025-03-10T16:00:00+00:00,AWS-DEL-011,31.2,989.1,28.0,True,unstructured_anomaly,critical,95.8,ML_MODEL_ISOLATION,30.3,989.0,32.0,WARNING,replay,95.8,0.0
2025-03-10T17:00:00+00:00,AWS-DEL-011,30.3,989.1,30.0,True,unstructured_anomaly,critical,97.0,ML_MODEL_ISOLATION,29.1,989.0,35.0,WARNING,replay,97.0,0.0
2025-03-10T18:00:00+00:00,AWS-DEL-011,29.3,989.7,31.0,True,unstructured_anomaly,critical,98.3,ML_MODEL_ISOLATION,26.3,989.6,47.0,WARNING,replay,98.3,0.0
2025-03-10T19:00:00+00:00,AWS-DEL-011,27.4,990.0,39.0,True,unstructured_anomaly,critical,97.6,ML_MODEL_ISOLATION,24.9,989.7,49.0,WARNING,replay,97.6,0.0
2025-03-10T20:00:00+00:00,AWS-DEL-011,26.2,990.8,44.0,True,unstructured_anomaly,critical,97.6,ML_MODEL_ISOLATION,23.4,990.3,53.0,WARNING,replay,97.6,0.0
2025-03-10T21:00:00+00:00,AWS-DEL-011,25.3,990.8,46.0,True,unstructured_anomaly,critical,96.2,ML_MODEL_ISOLATION,21.9,990.3,59.0,WARNING,replay,96.2,0.0
2025-03-10T22:00:00+00:00,AWS-DEL-011,24.9,990.7,47.0,True,unstructured_anomaly,critical,96.0,ML_MODEL_ISOLATION,21.1,990.1,64.0,WARNING,replay,96.0,0.0
2025-03-10T23:00:00+00:00,AWS-DEL-011,32.87754482012075,990.4028082240628,97.30676837393,True,multivariate_inconsistency,high,83.2,MODEL_OVERRIDE,20.8,989.5,66.0,WARNING,replay,98.7,60.0
2025-03-11T00:00:00+00:00,AWS-DEL-011,31.977544820120748,989.0822165055416,100.0,True,spike,critical,93.3,MODEL_OVERRIDE,19.8,989.1,71.0,WARNING,replay,98.4,85.7
2025-03-11T01:00:00+00:00,AWS-DEL-011,30.977544820120748,989.0936590963248,100.0,True,spike,critical,95.2,MODEL_OVERRIDE,18.6,988.6,78.0,WARNING,replay,98.7,89.9
2025-03-11T02:00:00+00:00,AWS-DEL-011,21.3,988.6,62.0,False,,low,49.0,NORMAL,17.9,987.9,81.0,WARNING,replay,81.6,0.0
2025-03-11T03:00:00+00:00,AWS-DEL-011,20.6,988.2,64.0,False,,low,28.0,NORMAL,17.6,987.7,81.0,WARNING,replay,46.6,0.0
2025-03-11T04:00:00+00:00,AWS-DEL-011,19.9,988.2,67.0,False,,low,33.0,NORMAL,17.1,987.7,83.0,HEALTHY,replay,55.0,0.0
2025-03-11T05:00:00+00:00,AWS-DEL-011,19.5,988.5,70.0,False,,low,24.9,NORMAL,16.6,988.0,85.0,HEALTHY,replay,41.5,0.0
2025-03-11T06:00:00+00:00,AWS-DEL-011,19.7,989.1,75.0,False,,low,26.2,NORMAL,17.0,988.7,87.0,HEALTHY,replay,43.6,0.0
2025-03-11T07:00:00+00:00,AWS-DEL-011,20.8,989.7,70.0,False,,low,30.3,NORMAL,18.0,989.1,83.0,HEALTHY,replay,50.4,0.0
2025-03-11T08:00:00+00:00,AWS-DEL-011,23.7,990.8,56.0,False,,low,51.4,NORMAL,21.8,990.4,68.0,HEALTHY,replay,85.7,0.0
2025-03-11T09:00:00+00:00,AWS-DEL-011,27.2,991.3,42.0,True,drift,critical,91.1,RULE_ENGINE_BYPASS,25.7,991.2,53.0,WARNING,replay,91.6,90.4
2025-03-11T10:00:00+00:00,AWS-DEL-011,30.1,991.3,32.0,True,drift,critical,95.2,RULE_ENGINE_BYPASS,28.9,991.0,41.0,WARNING,replay,97.4,91.8
2025-03-11T11:00:00+00:00,AWS-DEL-011,32.2,990.9,26.0,True,drift,critical,94.0,RULE_ENGINE_BYPASS,30.7,990.8,34.0,WARNING,replay,95.5,91.8
2025-03-11T12:00:00+00:00,AWS-DEL-011,33.6,989.9,23.0,True,drift,critical,95.6,RULE_ENGINE_BYPASS,32.1,989.8,29.0,OFFLINE,replay,98.1,91.8
2025-03-11T13:00:00+00:00,AWS-DEL-011,34.3,988.6,22.0,True,drift,critical,94.8,RULE_ENGINE_BYPASS,32.8,988.5,27.0,OFFLINE,replay,96.9,91.8
2025-03-11T14:00:00+00:00,AWS-DEL-011,34.3,987.5,22.0,True,spike,critical,94.8,MODEL_OVERRIDE,32.9,987.5,25.0,OFFLINE,replay,98.1,89.9
2025-03-11T15:00:00+00:00,AWS-DEL-011,34.4,986.8,21.0,True,spike,critical,95.2,MODEL_OVERRIDE,33.1,986.9,25.0,OFFLINE,replay,98.7,89.9
2025-03-11T16:00:00+00:00,AWS-DEL-011,34.0,986.3,21.0,True,spike,critical,95.0,MODEL_OVERRIDE,31.9,986.3,27.0,OFFLINE,replay,98.4,89.9
2025-03-11T17:00:00+00:00,AWS-DEL-011,32.6,986.5,24.0,True,spike,critical,94.8,MODEL_OVERRIDE,30.5,986.4,31.0,OFFLINE,replay,98.0,89.9
2025-03-11T18:00:00+00:00,AWS-DEL-011,29.8,987.2,35.0,True,spike,critical,94.2,MODEL_OVERRIDE,27.8,986.8,48.0,OFFLINE,replay,97.1,89.9
2025-03-11T19:00:00+00:00,AWS-DEL-011,28.8,987.2,39.0,True,spike,critical,94.6,MODEL_OVERRIDE,26.2,986.7,52.0,OFFLINE,replay,97.7,89.9
2025-03-11T20:00:00+00:00,AWS-DEL-011,27.5,987.5,49.0,True,spike,critical,92.4,MODEL_OVERRIDE,25.8,987.0,56.0,OFFLINE,replay,95.1,88.3
2025-03-11T21:00:00+00:00,AWS-DEL-011,26.3,987.5,54.0,True,drift,critical,93.7,RULE_ENGINE_BYPASS,24.3,986.8,64.0,OFFLINE,replay,95.0,91.8
2025-03-11T22:00:00+00:00,AWS-DEL-011,25.3,987.4,59.0,True,drift,critical,91.5,RULE_ENGINE_BYPASS,23.8,986.7,67.0,OFFLINE,replay,91.7,91.3
2025-03-11T23:00:00+00:00,AWS-DEL-011,24.4,986.7,60.0,True,drift,high,88.5,RULE_ENGINE_BYPASS,21.9,986.0,72.0,OFFLINE,replay,87.0,90.6
2025-03-12T00:00:00+00:00,AWS-DEL-011,23.7,986.5,62.0,False,,low,50.8,NORMAL,21.4,985.8,76.0,OFFLINE,replay,84.7,0.0
2025-03-12T01:00:00+00:00,AWS-DEL-011,22.9,986.1,64.0,False,,low,52.0,NORMAL,21.2,985.3,75.0,OFFLINE,replay,86.7,0.0
2025-03-12T02:00:00+00:00,AWS-DEL-011,22.0,985.2,68.0,True,unstructured_anomaly,critical,93.7,ML_MODEL_ISOLATION,20.8,984.8,75.0,OFFLINE,replay,93.7,0.0
2025-03-12T03:00:00+00:00,AWS-DEL-011,21.3,984.7,72.0,True,unstructured_anomaly,critical,92.8,ML_MODEL_ISOLATION,20.1,984.2,75.0,OFFLINE,replay,92.8,0.0
2025-03-12T04:00:00+00:00,AWS-DEL-011,20.7,984.4,74.0,True,unstructured_anomaly,critical,95.3,ML_MODEL_ISOLATION,19.3,983.8,78.0,OFFLINE,replay,95.3,0.0
2025-03-12T05:00:00+00:00,AWS-DEL-011,20.4,984.2,73.0,True,unstructured_anomaly,critical,95.4,ML_MODEL_ISOLATION,18.9,983.6,79.0,OFFLINE,replay,95.4,0.0
2025-03-12T06:00:00+00:00,AWS-DEL-011,19.8,985.2,79.0,True,unstructured_anomaly,critical,95.0,ML_MODEL_ISOLATION,18.5,984.5,85.0,WARNING,replay,95.0,0.0
2025-03-12T07:00:00+00:00,AWS-DEL-011,20.7,985.5,75.0,True,unstructured_anomaly,critical,95.6,ML_MODEL_ISOLATION,19.4,985.0,80.0,WARNING,replay,95.6,0.0
2025-03-12T08:00:00+00:00,AWS-DEL-011,22.9,986.3,66.0,True,unstructured_anomaly,critical,92.4,ML_MODEL_ISOLATION,21.7,985.8,71.0,WARNING,replay,92.4,0.0
2025-03-12T09:00:00+00:00,AWS-DEL-011,26.0,986.7,52.0,True,unstructured_anomaly,critical,96.6,ML_MODEL_ISOLATION,24.4,986.3,63.0,WARNING,replay,96.6,0.0
2025-03-12T10:00:00+00:00,AWS-DEL-011,28.8,986.8,39.0,True,drift,critical,95.5,RULE_ENGINE_BYPASS,27.2,986.3,50.0,WARNING,replay,98.1,91.6
2025-03-12T11:00:00+00:00,AWS-DEL-011,30.5,986.5,32.0,True,drift,critical,95.8,RULE_ENGINE_BYPASS,29.1,986.1,41.0,WARNING,replay,98.5,91.8
2025-03-12T12:00:00+00:00,AWS-DEL-011,31.8,985.6,28.0,True,drift,critical,95.8,RULE_ENGINE_BYPASS,30.3,985.2,35.0,WARNING,replay,98.4,91.8
2025-03-12T13:00:00+00:00,AWS-DEL-011,32.8,984.6,25.0,True,drift,critical,95.7,RULE_ENGINE_BYPASS,31.6,984.1,31.0,OFFLINE,replay,98.3,91.8
2025-03-12T14:00:00+00:00,AWS-DEL-011,32.9,983.7,25.0,True,spike,critical,94.8,MODEL_OVERRIDE,32.2,983.1,28.0,OFFLINE,replay,98.0,89.9
2025-03-12T15:00:00+00:00,AWS-DEL-011,32.7,982.8910141901118,25.0,True,spike,critical,94.9,MODEL_OVERRIDE,32.0,982.6,29.0,OFFLINE,replay,98.2,89.9
2025-03-12T16:00:00+00:00,AWS-DEL-011,31.8,982.0820283802236,27.0,True,spike,critical,95.0,MODEL_OVERRIDE,30.9,982.2,32.0,OFFLINE,replay,98.4,89.9
2025-03-12T17:00:00+00:00,AWS-DEL-011,30.7,981.5730425703352,30.0,True,spike,critical,95.1,MODEL_OVERRIDE,29.4,982.0,38.0,OFFLINE,replay,98.6,89.9
2025-03-12T18:00:00+00:00,AWS-DEL-011,29.3,981.6640567604468,37.0,True,spike,critical,94.6,MODEL_OVERRIDE,27.6,982.4,45.0,OFFLINE,replay,97.7,89.9
2025-03-12T19:00:00+00:00,AWS-DEL-011,28.4,981.6550709505588,42.0,True,spike,critical,95.1,MODEL_OVERRIDE,26.5,982.8,49.0,OFFLINE,replay,98.5,89.9
2025-03-12T20:00:00+00:00,AWS-DEL-011,27.1,981.7460851406704,47.0,True,drift,critical,95.7,RULE_ENGINE_BYPASS,25.3,983.1,54.0,OFFLINE,replay,98.3,91.8
2025-03-12T21:00:00+00:00,AWS-DEL-011,26.2,981.8370993307822,50.0,True,drift,critical,95.5,RULE_ENGINE_BYPASS,24.5,983.5,57.0,OFFLINE,replay,97.9,91.8
2025-03-12T22:00:00+00:00,AWS-DEL-011,25.5,981.8281135208938,51.0,True,drift,critical,94.5,RULE_ENGINE_BYPASS,23.6,983.7,60.0,OFFLINE,replay,96.6,91.4
2025-03-12T23:00:00+00:00,AWS-DEL-011,25.0,981.3191277110056,52.0,True,drift,critical,94.5,RULE_ENGINE_BYPASS,23.0,983.5,63.0,OFFLINE,replay,96.7,91.1
2025-03-13T00:00:00+00:00,AWS-DEL-011,23.9,980.6101419011172,54.0,True,spike,critical,91.7,MODEL_OVERRIDE,22.3,983.2,62.0,OFFLINE,replay,95.6,85.8
2025-03-13T01:00:00+00:00,AWS-DEL-011,23.1,979.6011560912292,56.0,True,spike,medium,69.7,MODEL_OVERRIDE,21.6,982.5,64.0,OFFLINE,replay,94.0,33.1
2025-03-13T02:00:00+00:00,AWS-DEL-011,22.6,978.4921702813408,57.0,True,spike,high,71.7,MODEL_OVERRIDE,21.1,981.7,65.0,OFFLINE,replay,96.7,34.2
2025-03-13T03:00:00+00:00,AWS-DEL-011,22.5,977.7831844714524,58.0,True,spike,critical,94.0,MODEL_OVERRIDE,20.7,981.1,63.0,OFFLINE,replay,96.8,89.9
2025-03-13T04:00:00+00:00,AWS-DEL-011,21.8,977.5741986615644,58.0,True,spike,high,89.9,FUSED_CONSENSUS,19.9,981.3,66.0,OFFLINE,replay,,89.9
2025-03-13T05:00:00+00:00,AWS-DEL-011,21.5,977.365212851676,58.0,True,spike,high,89.9,FUSED_CONSENSUS,19.2,981.5,70.0,OFFLINE,replay,,89.9
2025-03-13T06:00:00+00:00,AWS-DEL-011,21.0,978.2562270417878,71.0,True,spike,high,89.9,FUSED_CONSENSUS,18.8,982.7,81.0,OFFLINE,replay,,89.9
2025-03-13T07:00:00+00:00,AWS-DEL-011,21.4,978.6472412318994,69.0,True,spike,high,89.5,FUSED_CONSENSUS,20.3,983.5,76.0,OFFLINE,replay,,89.5
2025-03-13T08:00:00+00:00,AWS-DEL-011,23.4,979.3382554220112,63.0,True,spike,high,88.6,FUSED_CONSENSUS,22.9,984.6,68.0,OFFLINE,replay,,88.6
2025-03-13T09:00:00+00:00,AWS-DEL-011,26.2,979.829269612123,53.0,True,spike,high,88.1,FUSED_CONSENSUS,25.5,985.4,56.0,OFFLINE,replay,,88.1
2025-03-13T10:00:00+00:00,AWS-DEL-011,28.3,979.6202838022348,44.0,True,spike,high,88.3,FUSED_CONSENSUS,27.7,985.5,49.0,OFFLINE,replay,,88.3
2025-03-13T11:00:00+00:00,AWS-DEL-011,26.4,979.4112979923464,51.0,True,spike,high,88.6,FUSED_CONSENSUS,27.9,985.9,49.0,OFFLINE,replay,,88.6
2025-03-13T12:00:00+00:00,AWS-DEL-011,29.6,977.7023121824582,36.0,False,spike,low,34.2,NORMAL,29.4,984.3,40.0,OFFLINE,replay,,34.2
2025-03-13T13:00:00+00:00,AWS-DEL-011,31.2,976.09332637257,32.0,False,spike,low,34.2,NORMAL,30.8,982.8,35.0,OFFLINE,replay,,34.2
2025-03-13T14:00:00+00:00,AWS-DEL-011,32.0,974.4843405626816,31.0,False,spike,low,34.2,NORMAL,31.2,981.7,33.0,OFFLINE,replay,,34.2
2025-03-13T15:00:00+00:00,AWS-DEL-011,31.0,973.9753547527936,33.0,True,spike,high,88.3,FUSED_CONSENSUS,31.3,981.1,32.0,OFFLINE,replay,,88.3
2025-03-13T16:00:00+00:00,AWS-DEL-011,30.5,973.5663689429052,33.0,True,spike,high,89.9,FUSED_CONSENSUS,28.2,981.7,39.0,OFFLINE,replay,,89.9
2025-03-13T17:00:00+00:00,AWS-DEL-011,22.5,974.9573831330168,72.0,True,spike,high,89.9,FUSED_CONSENSUS,28.0,981.4,45.0,OFFLINE,replay,,89.9
2025-03-13T18:00:00+00:00,AWS-DEL-011,26.3,972.5483973231286,54.0,False,spike,low,34.2,NORMAL,26.8,980.8,43.0,OFFLINE,replay,,34.2
2025-03-13T19:00:00+00:00,AWS-DEL-011,25.5,972.7394115132404,54.0,True,spike,high,89.9,FUSED_CONSENSUS,24.6,981.5,49.0,OFFLINE,replay,,89.9
2025-03-13T20:00:00+00:00,AWS-DEL-011,24.4,973.130425703352,58.0,True,spike,high,89.9,FUSED_CONSENSUS,23.9,982.0,52.0,OFFLINE,replay,,89.9
2025-03-13T21:00:00+00:00,AWS-DEL-011,23.9,973.5214398934638,58.0,True,spike,high,89.9,FUSED_CONSENSUS,22.6,982.6,56.0,OFFLINE,replay,,89.9
2025-03-13T22:00:00+00:00,AWS-DEL-011,23.3,973.1124540835756,62.0,True,spike,high,89.9,FUSED_CONSENSUS,21.9,982.6,59.0,OFFLINE,replay,,89.9
2025-03-13T23:00:00+00:00,AWS-DEL-011,22.8,972.6034682736872,62.0,False,spike,low,34.2,NORMAL,21.0,982.3,63.0,OFFLINE,replay,,34.2
2025-03-14T00:00:00+00:00,AWS-DEL-011,22.1,971.994482463799,65.0,True,spike,high,89.9,FUSED_CONSENSUS,20.3,982.1,66.0,OFFLINE,replay,,89.9
2025-03-14T01:00:00+00:00,AWS-DEL-011,21.9,971.6854966539108,64.0,True,spike,high,89.9,FUSED_CONSENSUS,19.4,982.0,70.0,OFFLINE,replay,,89.9
2025-03-14T02:00:00+00:00,AWS-DEL-011,21.1,971.0765108440226,66.0,True,spike,high,89.9,FUSED_CONSENSUS,18.8,981.8,72.0,OFFLINE,replay,,89.9
2025-03-14T03:00:00+00:00,AWS-DEL-011,20.5,970.4675250341342,68.0,True,spike,high,89.9,FUSED_CONSENSUS,18.7,981.3,72.0,OFFLINE,replay,,89.9
2025-03-14T04:00:00+00:00,AWS-DEL-011,19.6,982.1,71.0,True,spike,high,85.4,FUSED_CONSENSUS,17.5,981.6,79.0,OFFLINE,replay,,85.4
2025-03-14T05:00:00+00:00,AWS-DEL-011,19.0,982.7,75.0,False,spike,low,32.9,NORMAL,17.4,982.4,79.0,OFFLINE,replay,,32.9
2025-03-14T06:00:00+00:00,AWS-DEL-011,19.5,983.8,83.0,False,spike,low,34.2,NORMAL,18.2,983.3,86.0,OFFLINE,replay,,34.2
2025-03-14T07:00:00+00:00,AWS-DEL-011,20.4,984.6,79.0,True,spike,high,89.0,FUSED_CONSENSUS,19.0,984.4,84.0,WARNING,replay,,89.0
2025-03-14T08:00:00+00:00,AWS-DEL-011,23.3,985.7,70.0,False,,low,0.0,NORMAL,22.6,985.5,71.0,OFFLINE,replay,,0.0
2025-03-14T09:00:00+00:00,AWS-DEL-011,26.5,986.8,55.0,False,,low,0.0,NORMAL,26.4,986.6,55.0,OFFLINE,replay,,0.0
2025-03-14T10:00:00+00:00,AWS-DEL-011,28.9,986.6,44.0,False,,low,0.0,NORMAL,29.0,986.6,44.0,OFFLINE,replay,,0.0
2025-03-14T11:00:00+00:00,AWS-DEL-011,30.7,986.4,37.0,False,spike,low,33.3,NORMAL,31.0,986.2,36.0,OFFLINE,replay,,33.3
2025-03-14T12:00:00+00:00,AWS-DEL-011,32.1,985.6,26.0,False,spike,low,34.2,NORMAL,32.5,985.5,24.0,OFFLINE,replay,,34.2
2025-03-14T13:00:00+00:00,AWS-DEL-011,32.8,984.4,22.0,False,spike,low,34.2,NORMAL,33.0,984.3,20.0,OFFLINE,replay,,34.2
2025-03-14T14:00:00+00:00,AWS-DEL-011,33.0,983.4,20.0,True,spike,high,89.9,FUSED_CONSENSUS,33.4,983.2,19.0,OFFLINE,replay,,89.9
2025-03-14T15:00:00+00:00,AWS-DEL-011,33.2,982.7,19.0,True,spike,high,89.9,FUSED_CONSENSUS,33.2,982.4,20.0,OFFLINE,replay,,89.9
2025-03-14T16:00:00+00:00,AWS-DEL-011,31.7,982.7,21.0,True,spike,high,89.9,FUSED_CONSENSUS,32.5,982.3,22.0,OFFLINE,replay,,89.9
2025-03-14T17:00:00+00:00,AWS-DEL-011,30.4,982.9,26.0,True,spike,high,89.9,FUSED_CONSENSUS,30.4,982.5,25.0,OFFLINE,replay,,89.9
2025-03-14T18:00:00+00:00,AWS-DEL-011,28.0,983.9,41.0,False,,low,0.0,NORMAL,27.3,983.6,40.0,OFFLINE,replay,,0.0
2025-03-14T19:00:00+00:00,AWS-DEL-011,27.3,984.6,49.0,False,,low,0.0,NORMAL,25.0,984.0,50.0,OFFLINE,replay,,0.0
2025-03-14T20:00:00+00:00,AWS-DEL-011,35.904928602242435,984.934010208,75.45936478278367,True,spike,high,89.9,FUSED_CONSENSUS,25.0,985.1,47.0,OFFLINE,replay,,89.9
2025-03-14T21:00:00+00:00,AWS-DEL-011,33.804928602242434,985.8278327126624,100.0,True,spike,high,89.9,FUSED_CONSENSUS,22.7,985.0,58.0,OFFLINE,replay,,89.9
2025-03-14T22:00:00+00:00,AWS-DEL-011,32.50492860224244,985.1702868920796,100.0,True,spike,high,89.9,FUSED_CONSENSUS,22.3,985.4,64.0,OFFLINE,replay,,89.9
2025-03-14T23:00:00+00:00,AWS-DEL-011,32.20492860224244,984.716437715806,100.0,True,spike,high,89.9,FUSED_CONSENSUS,21.7,984.7,63.0,OFFLINE,replay,,89.9
2025-03-15T00:00:00+00:00,AWS-DEL-011,21.7,984.9,64.0,False,,low,0.0,NORMAL,21.3,984.3,64.0,OFFLINE,replay,,0.0
2025-03-15T01:00:00+00:00,AWS-DEL-011,20.9,984.6,66.0,False,,low,0.0,NORMAL,20.5,984.7,67.0,OFFLINE,replay,,0.0
2025-03-15T02:00:00+00:00,AWS-DEL-011,20.3,983.6,66.0,False,,low,0.0,NORMAL,19.9,983.3,67.0,HEALTHY,replay,,0.0
2025-03-15T03:00:00+00:00,AWS-DEL-011,19.9,983.8,66.0,False,,low,0.0,NORMAL,19.5,983.3,65.0,OFFLINE,replay,,0.0
2025-03-15T04:00:00+00:00,AWS-DEL-011,19.6,984.0,65.0,False,,low,0.0,NORMAL,18.7,983.7,66.0,OFFLINE,replay,,0.0
2025-03-15T05:00:00+00:00,AWS-DEL-011,19.0,984.5,66.0,False,,low,0.0,NORMAL,18.1,984.1,68.0,OFFLINE,replay,,0.0
2025-03-15T06:00:00+00:00,AWS-DEL-011,19.1,986.0,71.0,False,,low,0.0,NORMAL,19.1,985.7,71.0,HEALTHY,replay,,0.0
2025-03-15T07:00:00+00:00,AWS-DEL-011,19.5,986.8,68.0,False,,low,0.0,NORMAL,19.3,986.5,69.0,WARNING,replay,,0.0
2025-03-15T08:00:00+00:00,AWS-DEL-011,20.9,987.4,63.0,False,,low,0.0,NORMAL,21.1,987.1,63.0,WARNING,replay,,0.0
2025-03-15T09:00:00+00:00,AWS-DEL-011,23.0,987.8,55.0,False,,low,0.0,NORMAL,23.1,987.6,55.0,WARNING,replay,,0.0
2025-03-15T10:00:00+00:00,AWS-DEL-011,25.4,987.7,46.0,False,,low,14.8,NORMAL,25.4,987.6,47.0,WARNING,replay,24.6,0.0
2025-03-15T11:00:00+00:00,AWS-DEL-011,27.2,987.3,42.0,False,,low,9.9,NORMAL,27.4,987.3,40.0,WARNING,replay,16.5,0.0
2025-03-15T12:00:00+00:00,AWS-DEL-011,28.8,986.7,40.0,False,,low,13.9,NORMAL,28.9,986.6,38.0,WARNING,replay,23.2,0.0
2025-03-15T13:00:00+00:00,AWS-DEL-011,30.2,985.9,36.0,False,,low,9.2,NORMAL,30.2,985.8,37.0,WARNING,replay,15.4,0.0
2025-03-15T14:00:00+00:00,AWS-DEL-011,30.3,985.2,38.0,False,,low,5.6,NORMAL,30.8,985.0,36.0,WARNING,replay,9.3,0.0
2025-03-15T15:00:00+00:00,AWS-DEL-011,30.3,984.6,38.0,False,,low,3.5,NORMAL,30.6,984.4,36.0,WARNING,replay,5.9,0.0
2025-03-15T16:00:00+00:00,AWS-DEL-011,29.6,984.7,36.0,False,,low,3.8,NORMAL,30.3,984.6,37.0,WARNING,replay,6.4,0.0
2025-03-15T17:00:00+00:00,AWS-DEL-011,28.9,984.3,38.0,False,,low,2.5,NORMAL,28.8,984.2,37.0,WARNING,replay,4.1,0.0
2025-03-15T18:00:00+00:00,AWS-DEL-011,26.6,985.1,52.0,False,,low,8.0,NORMAL,25.9,984.9,46.0,WARNING,replay,13.3,0.0
2025-03-15T19:00:00+00:00,AWS-DEL-011,25.9,986.1,51.0,False,,low,3.5,NORMAL,24.6,985.5,55.0,WARNING,replay,5.9,0.0
2025-03-15T20:00:00+00:00,AWS-DEL-011,24.6,986.7,57.0,False,,low,3.0,NORMAL,23.3,986.0,59.0,HEALTHY,replay,5.0,0.0
2025-03-15T21:00:00+00:00,AWS-DEL-011,23.2,987.3,62.0,False,,low,1.9,NORMAL,22.4,987.0,65.0,HEALTHY,replay,3.2,0.0
2025-03-15T22:00:00+00:00,AWS-DEL-011,22.4,987.5,63.0,False,,low,0.2,NORMAL,21.2,987.2,67.0,HEALTHY,replay,0.3,0.0
2025-03-15T23:00:00+00:00,AWS-DEL-011,21.6,987.4,64.0,False,,low,0.2,NORMAL,20.4,986.8,69.0,HEALTHY,replay,0.3,0.0
2025-03-16T00:00:00+00:00,AWS-DEL-011,20.8,987.3,66.0,False,,low,0.2,NORMAL,19.6,986.8,71.0,HEALTHY,replay,0.3,0.0
2025-03-16T01:00:00+00:00,AWS-DEL-011,20.2,987.0,67.0,False,,low,0.2,NORMAL,18.9,986.6,74.0,HEALTHY,replay,0.4,0.0
2025-03-16T02:00:00+00:00,AWS-DEL-011,19.4,986.8,70.0,False,,low,0.3,NORMAL,18.3,986.3,76.0,HEALTHY,replay,0.6,0.0
2025-03-16T03:00:00+00:00,AWS-DEL-011,18.9,986.5,72.0,False,,low,0.5,NORMAL,17.7,985.9,77.0,HEALTHY,replay,0.8,0.0
2025-03-16T04:00:00+00:00,AWS-DEL-011,18.3,986.8,74.0,False,,low,2.7,NORMAL,17.1,986.4,79.0,HEALTHY,replay,4.5,0.0
2025-03-16T05:00:00+00:00,AWS-DEL-011,18.0,987.4,73.0,False,,low,1.0,NORMAL,17.1,986.7,78.0,HEALTHY,replay,1.6,0.0
2025-03-16T06:00:00+00:00,AWS-DEL-011,26.33195258682701,987.1944847844286,100.0,True,multivariate_inconsistency,high,74.4,MODEL_OVERRIDE,17.8,986.5,78.0,HEALTHY,replay,94.0,45.0
2025-03-16T07:00:00+00:00,AWS-DEL-011,26.83195258682701,988.1255268043508,100.0,True,unstructured_anomaly,critical,91.8,ML_MODEL_ISOLATION,18.6,987.6,77.0,HEALTHY,replay,91.8,0.0
2025-03-16T08:00:00+00:00,AWS-DEL-011,28.63195258682701,988.442344550892,100.0,True,unstructured_anomaly,high,89.9,ML_MODEL_ISOLATION,20.3,988.5,69.0,HEALTHY,replay,89.9,0.0
2025-03-16T09:00:00+00:00,AWS-DEL-011,30.13195258682701,989.657090106766,100.0,True,drift,critical,94.2,RULE_ENGINE_BYPASS,22.9,989.3,59.0,HEALTHY,replay,94.3,94.0
2025-03-16T10:00:00+00:00,AWS-DEL-011,25.5,989.6,49.0,True,drift,high,79.5,RULE_ENGINE_BYPASS,25.3,989.4,51.0,HEALTHY,replay,69.9,94.0
2025-03-16T11:00:00+00:00,AWS-DEL-011,27.4,989.3,42.0,True,unstructured_anomaly,critical,91.3,ML_MODEL_ISOLATION,27.4,988.9,45.0,HEALTHY,replay,91.3,0.0
2025-03-16T12:00:00+00:00,AWS-DEL-011,29.0,988.2,32.0,False,,low,51.9,NORMAL,28.6,987.9,36.0,HEALTHY,replay,86.5,0.0
2025-03-16T13:00:00+00:00,AWS-DEL-011,29.9,987.4,24.0,False,,low,35.8,NORMAL,29.3,987.1,29.0,HEALTHY,replay,59.7,0.0
2025-03-16T14:00:00+00:00,AWS-DEL-011,29.7,986.4,23.0,False,,low,22.9,NORMAL,29.4,985.9,28.0,HEALTHY,replay,38.1,0.0
2025-03-16T15:00:00+00:00,AWS-DEL-011,29.4,985.6,24.0,False,,low,24.8,NORMAL,29.1,985.2,29.0,HEALTHY,replay,41.3,0.0
2025-03-16T16:00:00+00:00,AWS-DEL-011,28.5,985.4,25.0,False,,low,9.8,NORMAL,28.1,984.8,33.0,HEALTHY,replay,16.4,0.0
2025-03-16T17:00:00+00:00,AWS-DEL-011,27.3,985.4,28.0,False,,low,2.1,NORMAL,26.1,984.8,36.0,HEALTHY,replay,3.4,0.0
2025-03-16T18:00:00+00:00,AWS-DEL-011,26.5,985.7,30.0,False,,low,0.6,NORMAL,24.5,985.2,41.0,HEALTHY,replay,1.1,0.0
2025-03-16T19:00:00+00:00,AWS-DEL-011,25.3,986.4,35.0,False,,low,1.3,NORMAL,23.3,985.9,43.0,HEALTHY,replay,2.2,0.0
2025-03-16T20:00:00+00:00,AWS-DEL-011,24.2,987.0,38.0,False,,low,1.0,NORMAL,22.5,986.6,46.0,HEALTHY,replay,1.7,0.0
2025-03-16T21:00:00+00:00,AWS-DEL-011,23.4,987.3,40.0,False,,low,2.3,NORMAL,21.5,986.9,47.0,HEALTHY,replay,3.8,0.0
2025-03-16T22:00:00+00:00,AWS-DEL-011,22.5,987.5,41.0,False,,low,2.0,NORMAL,20.5,987.1,51.0,HEALTHY,replay,3.3,0.0
2025-03-16T23:00:00+00:00,AWS-DEL-011,21.4,987.2,43.0,False,,low,1.7,NORMAL,19.4,986.7,54.0,HEALTHY,replay,2.8,0.0
2025-03-17T00:00:00+00:00,AWS-DEL-011,20.8,987.1,44.0,False,,low,1.7,NORMAL,18.6,986.6,55.0,HEALTHY,replay,2.8,0.0
2025-03-17T01:00:00+00:00,AWS-DEL-011,20.0,987.0,46.0,False,,low,1.7,NORMAL,18.2,986.5,55.0,HEALTHY,replay,2.9,0.0
2025-03-17T02:00:00+00:00,AWS-DEL-011,19.2,986.8,49.0,False,,low,1.2,NORMAL,17.4,986.2,56.0,HEALTHY,replay,2.0,0.0
2025-03-17T03:00:00+00:00,AWS-DEL-011,18.6,986.5,51.0,False,,low,0.6,NORMAL,16.7,985.9,59.0,HEALTHY,replay,1.0,0.0
2025-03-17T04:00:00+00:00,AWS-DEL-011,17.7,986.5,57.0,False,,low,1.7,NORMAL,16.2,985.9,62.0,HEALTHY,replay,2.8,0.0
2025-03-17T05:00:00+00:00,AWS-DEL-011,17.6,986.8,56.0,False,,low,1.0,NORMAL,15.7,986.0,64.0,HEALTHY,replay,1.6,0.0
2025-03-17T06:00:00+00:00,AWS-DEL-011,18.6,987.5,76.0,False,multivariate_inconsistency,low,36.1,NORMAL,16.7,986.9,84.0,HEALTHY,replay,30.2,45.0
2025-03-17T07:00:00+00:00,AWS-DEL-011,19.3,988.3,72.0,False,,low,2.4,NORMAL,17.9,987.7,81.0,HEALTHY,replay,4.0,0.0
2025-03-17T08:00:00+00:00,AWS-DEL-011,21.0,989.2,64.0,False,,low,1.3,NORMAL,20.5,988.7,70.0,HEALTHY,replay,2.1,0.0
2025-03-17T09:00:00+00:00,AWS-DEL-011,23.5,989.8,54.0,False,,low,7.2,NORMAL,23.2,989.3,59.0,HEALTHY,replay,12.0,0.0
2025-03-17T10:00:00+00:00,AWS-DEL-011,32.88339665458114,983.4198688453678,58.67842901367673,True,multivariate_inconsistency,high,72.8,MODEL_OVERRIDE,25.3,989.5,48.0,HEALTHY,replay,91.4,45.0
2025-03-17T11:00:00+00:00,AWS-DEL-011,33.530947862375015,983.353837176685,16.17846126755235,True,unstructured_anomaly,critical,99.2,ML_MODEL_ISOLATION,26.5,989.4,39.0,HEALTHY,replay,99.2,0.0
2025-03-17T12:00:00+00:00,AWS-DEL-011,33.86120900406407,981.5783785820717,42.770640005293394,True,unstructured_anomaly,critical,97.7,ML_MODEL_ISOLATION,27.1,988.8,34.0,HEALTHY,replay,97.7,0.0
2025-03-17T13:00:00+00:00,AWS-DEL-011,35.38419001320266,980.497866344696,44.78658395519111,True,unstructured_anomaly,critical,97.7,ML_MODEL_ISOLATION,27.5,987.7,32.0,HEALTHY,replay,97.7,0.0
2025-03-17T14:00:00+00:00,AWS-DEL-011,22.33563631296576,993.8997959085452,47.9479475542982,False,,low,45.8,NORMAL,27.3,987.0,33.0,HEALTHY,replay,76.3,0.0
2025-03-17T15:00:00+00:00,AWS-DEL-011,20.864167247732013,993.7568132670071,15.0,True,unstructured_anomaly,critical,95.2,ML_MODEL_ISOLATION,27.0,986.4,33.0,HEALTHY,replay,95.2,0.0
2025-03-17T16:00:00+00:00,AWS-DEL-011,33.76360514008601,979.1472947767804,15.0,True,spike,critical,94.7,MODEL_OVERRIDE,26.3,986.4,34.0,HEALTHY,replay,99.4,87.6
2025-03-17T17:00:00+00:00,AWS-DEL-011,26.4,986.9,32.0,False,,low,45.1,NORMAL,25.4,986.6,36.0,HEALTHY,replay,75.2,0.0
2025-03-17T18:00:00+00:00,AWS-DEL-011,25.6,987.8,33.0,False,,low,5.3,NORMAL,23.7,987.4,43.0,HEALTHY,replay,8.9,0.0
2025-03-17T19:00:00+00:00,AWS-DEL-011,24.5,988.7,38.0,False,,low,14.0,NORMAL,22.8,988.1,45.0,HEALTHY,replay,23.3,0.0
2025-03-17T20:00:00+00:00,AWS-DEL-011,23.6,989.2,41.0,False,,low,10.5,NORMAL,22.3,988.7,47.0,HEALTHY,replay,17.5,0.0
2025-03-17T21:00:00+00:00,AWS-DEL-011,22.7,989.5,43.0,False,,low,11.3,NORMAL,21.5,989.0,49.0,HEALTHY,replay,18.9,0.0
2025-03-17T22:00:00+00:00,AWS-DEL-011,22.3,989.6,44.0,False,,low,7.6,NORMAL,20.6,989.0,50.0,HEALTHY,replay,12.6,0.0
2025-03-17T23:00:00+00:00,AWS-DEL-011,21.2,989.1,47.0,False,,low,2.5,NORMAL,20.0,988.6,50.0,HEALTHY,replay,4.1,0.0
2025-03-18T00:00:00+00:00,AWS-DEL-011,20.2,988.7,51.0,False,,low,2.4,NORMAL,19.2,988.4,55.0,HEALTHY,replay,4.0,0.0
2025-03-18T01:00:00+00:00,AWS-DEL-011,19.7,988.5,52.0,False,,low,1.2,NORMAL,18.2,988.0,60.0,HEALTHY,replay,2.0,0.0
2025-03-18T02:00:00+00:00,AWS-DEL-011,18.7,987.6,55.0,False,,low,0.8,NORMAL,17.6,987.0,61.0,HEALTHY,replay,1.3,0.0
2025-03-18T03:00:00+00:00,AWS-DEL-011,18.1,987.0,57.0,False,,low,0.7,NORMAL,17.1,986.3,61.0,HEALTHY,replay,1.2,0.0
2025-03-18T04:00:00+00:00,AWS-DEL-011,17.6,986.9,59.0,False,,low,0.5,NORMAL,16.7,986.3,62.0,HEALTHY,replay,0.9,0.0
2025-03-18T05:00:00+00:00,AWS-DEL-011,17.1,986.9,60.0,False,,low,0.8,NORMAL,16.1,986.4,64.0,HEALTHY,replay,1.4,0.0
2025-03-18T06:00:00+00:00,AWS-DEL-011,17.6,987.8,73.0,False,,low,9.3,NORMAL,16.4,987.3,80.0,HEALTHY,replay,15.5,0.0
2025-03-18T07:00:00+00:00,AWS-DEL-011,18.6,988.8,68.0,False,,low,1.3,NORMAL,17.6,988.3,75.0,HEALTHY,replay,2.2,0.0
2025-03-18T08:00:00+00:00,AWS-DEL-011,20.8,989.3,,True,dropout,critical,100.0,RULE_ENGINE_BYPASS,20.4,988.9,63.0,HEALTHY,replay,,100.0
2025-03-18T09:00:00+00:00,AWS-DEL-011,23.5,989.8,47.0,False,,low,14.5,NORMAL,23.2,989.2,52.0,HEALTHY,replay,24.2,0.0
2025-03-18T10:00:00+00:00,AWS-DEL-011,26.2,989.9,35.0,False,,low,24.0,NORMAL,25.5,989.4,42.0,HEALTHY,replay,40.0,0.0
2025-03-18T11:00:00+00:00,AWS-DEL-011,27.8,989.3,29.0,False,,low,13.8,NORMAL,27.0,988.9,35.0,HEALTHY,replay,23.0,0.0
2025-03-18T12:00:00+00:00,AWS-DEL-011,28.9,988.5,26.0,False,,low,7.6,NORMAL,28.0,988.1,32.0,HEALTHY,replay,12.6,0.0
2025-03-18T13:00:00+00:00,AWS-DEL-011,29.6,987.7,24.0,False,,low,10.6,NORMAL,28.5,987.3,30.0,HEALTHY,replay,17.7,0.0
2025-03-18T14:00:00+00:00,AWS-DEL-011,29.9,986.9,23.0,False,,low,10.6,NORMAL,28.7,986.5,29.0,HEALTHY,replay,17.6,0.0
2025-03-18T15:00:00+00:00,AWS-DEL-011,29.7,986.5,23.0,False,,low,6.4,NORMAL,28.7,986.2,28.0,HEALTHY,replay,10.6,0.0
2025-03-18T16:00:00+00:00,AWS-DEL-011,29.0,986.4,25.0,False,,low,3.8,NORMAL,28.2,986.0,29.0,HEALTHY,replay,6.3,0.0
2025-03-18T17:00:00+00:00,AWS-DEL-011,27.9,986.4,28.0,False,,low,3.9,NORMAL,27.0,985.9,32.0,HEALTHY,replay,6.5,0.0
2025-03-18T18:00:00+00:00,AWS-DEL-011,26.8,987.2,33.0,False,,low,0.4,NORMAL,24.6,986.7,43.0,HEALTHY,replay,0.6,0.0
2025-03-18T19:00:00+00:00,AWS-DEL-011,25.5,987.6,39.0,False,,low,0.2,NORMAL,23.5,987.0,46.0,HEALTHY,replay,0.3,0.0
2025-03-18T20:00:00+00:00,AWS-DEL-011,24.3,987.8,43.0,False,,low,0.2,NORMAL,22.5,987.3,47.0,HEALTHY,replay,0.4,0.0
2025-03-18T21:00:00+00:00,AWS-DEL-011,23.4,988.2,44.0,False,,low,0.1,NORMAL,21.8,987.7,48.0,HEALTHY,replay,0.2,0.0
2025-03-18T22:00:00+00:00,AWS-DEL-011,22.6,988.2,44.0,False,,low,0.1,NORMAL,21.2,987.8,50.0,HEALTHY,replay,0.2,0.0
2025-03-18T23:00:00+00:00,AWS-DEL-011,22.3,988.3,43.0,False,,low,0.2,NORMAL,21.0,987.8,49.0,HEALTHY,replay,0.3,0.0
2025-03-19T00:00:00+00:00,AWS-DEL-011,22.1,988.2,42.0,False,,low,0.5,NORMAL,20.6,987.8,49.0,HEALTHY,replay,0.9,0.0
2025-03-19T01:00:00+00:00,AWS-DEL-011,21.0,988.1,46.0,False,,low,0.3,NORMAL,19.3,987.6,57.0,HEALTHY,replay,0.5,0.0
2025-03-19T02:00:00+00:00,AWS-DEL-011,19.7,987.4,52.0,False,,low,0.1,NORMAL,18.1,987.0,62.0,HEALTHY,replay,0.2,0.0
2025-03-19T03:00:00+00:00,AWS-DEL-011,18.9,987.0,55.0,False,,low,0.1,NORMAL,17.0,986.6,66.0,HEALTHY,replay,0.2,0.0
2025-03-19T04:00:00+00:00,AWS-DEL-011,18.3,986.9,58.0,False,,low,0.1,NORMAL,16.2,986.4,70.0,HEALTHY,replay,0.1,0.0
2025-03-19T05:00:00+00:00,AWS-DEL-011,17.8,987.0,61.0,False,,low,0.1,NORMAL,15.6,986.4,72.0,HEALTHY,replay,0.2,0.0
2025-03-19T06:00:00+00:00,AWS-DEL-011,17.7,987.7,68.0,False,,low,0.3,NORMAL,16.2,987.3,75.0,HEALTHY,replay,0.5,0.0
2025-03-19T07:00:00+00:00,AWS-DEL-011,19.0,988.7,63.0,False,,low,0.4,NORMAL,18.4,988.2,69.0,HEALTHY,replay,0.6,0.0
2025-03-19T08:00:00+00:00,AWS-DEL-011,22.1,989.3,51.0,False,,low,2.1,NORMAL,21.9,988.8,54.0,HEALTHY,replay,3.5,0.0
2025-03-19T09:00:00+00:00,AWS-DEL-011,25.7,990.2,39.0,False,,low,7.7,NORMAL,25.4,989.8,42.0,HEALTHY,replay,12.8,0.0
2025-03-19T10:00:00+00:00,AWS-DEL-011,28.4,990.5,28.0,False,,low,8.6,NORMAL,28.0,990.0,31.0,HEALTHY,replay,14.4,0.0
2025-03-19T11:00:00+00:00,AWS-DEL-011,30.2,990.2,22.0,False,,low,3.3,NORMAL,29.3,989.9,27.0,HEALTHY,replay,5.5,0.0
2025-03-19T12:00:00+00:00,AWS-DEL-011,31.5,989.8,19.0,False,,low,3.1,NORMAL,30.3,989.6,24.0,HEALTHY,replay,5.2,0.0
2025-03-19T13:00:00+00:00,AWS-DEL-011,32.1,988.8,18.0,False,,low,1.7,NORMAL,30.8,988.7,23.0,HEALTHY,replay,2.9,0.0
2025-03-19T14:00:00+00:00,AWS-DEL-011,32.3,988.1,17.0,False,,low,0.9,NORMAL,30.8,988.0,24.0,HEALTHY,replay,1.5,0.0
2025-03-19T15:00:00+00:00,AWS-DEL-011,31.8,987.7,18.0,False,,low,0.5,NORMAL,30.4,987.5,26.0,HEALTHY,replay,0.8,0.0
2025-03-19T16:00:00+00:00,AWS-DEL-011,30.8,987.6,22.0,False,,low,0.4,NORMAL,29.4,987.3,29.0,HEALTHY,replay,0.7,0.0
2025-03-19T17:00:00+00:00,AWS-DEL-011,29.6,987.8,26.0,False,,low,0.5,NORMAL,28.2,987.5,33.0,HEALTHY,replay,0.9,0.0
2025-03-19T18:00:00+00:00,AWS-DEL-011,28.9,988.3,23.0,False,,low,0.8,NORMAL,26.9,987.9,36.0,HEALTHY,replay,1.3,0.0
2025-03-19T19:00:00+00:00,AWS-DEL-011,27.5,989.1,29.0,False,,low,0.6,NORMAL,25.6,988.6,37.0,HEALTHY,replay,1.0,0.0
2025-03-19T20:00:00+00:00,AWS-DEL-011,25.9,989.4,34.0,False,,low,0.3,NORMAL,23.6,989.0,39.0,HEALTHY,replay,0.5,0.0
2025-03-19T21:00:00+00:00,AWS-DEL-011,24.9,990.1,36.0,False,,low,0.3,NORMAL,22.8,989.5,40.0,HEALTHY,replay,0.6,0.0
2025-03-19T22:00:00+00:00,AWS-DEL-011,24.6,990.2,34.682849177135175,False,,low,0.5,NORMAL,22.1,989.5,42.0,HEALTHY,replay,0.8,0.0
2025-03-19T23:00:00+00:00,AWS-DEL-011,24.0,990.4,34.36569835427034,False,,low,0.5,NORMAL,21.0,989.8,46.0,HEALTHY,replay,0.9,0.0
2025-03-20T00:00:00+00:00,AWS-DEL-011,23.1,990.1,36.04854753140552,False,,low,0.4,NORMAL,19.9,989.7,50.0,HEALTHY,replay,0.6,0.0
2025-03-20T01:00:00+00:00,AWS-DEL-011,22.3,989.9,36.731396708540686,False,,low,0.3,NORMAL,18.9,989.4,51.0,HEALTHY,replay,0.5,0.0
2025-03-20T02:00:00+00:00,AWS-DEL-011,21.0,989.4,39.41424588567586,False,,low,0.2,NORMAL,18.2,988.8,50.0,HEALTHY,replay,0.4,0.0
2025-03-20T03:00:00+00:00,AWS-DEL-011,20.2,988.9,42.09709506281104,False,,low,0.1,NORMAL,17.6,988.3,52.0,HEALTHY,replay,0.2,0.0
2025-03-20T04:00:00+00:00,AWS-DEL-011,19.6,988.7,42.77994423994621,False,,low,0.2,NORMAL,17.0,988.1,53.0,HEALTHY,replay,0.3,0.0
2025-03-20T05:00:00+00:00,AWS-DEL-011,19.1,989.0,43.46279341708138,False,,low,0.3,NORMAL,16.3,988.4,56.0,HEALTHY,replay,0.5,0.0
2025-03-20T06:00:00+00:00,AWS-DEL-011,20.6,989.8,59.14564259421655,False,multivariate_inconsistency,low,25.0,NORMAL,17.1,989.1,76.0,HEALTHY,replay,11.7,45.0
2025-03-20T07:00:00+00:00,AWS-DEL-011,21.6,990.7,51.82849177135172,False,,low,1.6,NORMAL,18.7,990.0,68.0,HEALTHY,replay,2.7,0.0
2025-03-20T08:00:00+00:00,AWS-DEL-011,24.0,991.5,43.5113409484869,False,,low,0.5,NORMAL,21.9,990.9,55.0,HEALTHY,replay,0.8,0.0
2025-03-20T09:00:00+00:00,AWS-DEL-011,27.5,992.0,31.194190125622065,False,,low,4.4,NORMAL,25.7,991.6,41.0,HEALTHY,replay,7.3,0.0
2025-03-20T10:00:00+00:00,AWS-DEL-011,30.3,992.4,17.87703930275724,False,,low,29.2,NORMAL,28.9,992.0,31.0,HEALTHY,replay,48.7,0.0
2025-03-20T11:00:00+00:00,AWS-DEL-011,31.8,992.1,12.559888479892413,False,,low,6.1,NORMAL,30.8,991.8,23.0,HEALTHY,replay,10.2,0.0
2025-03-20T12:00:00+00:00,AWS-DEL-011,32.9,991.2,10.242737657027584,False,,low,5.7,NORMAL,31.6,991.0,20.0,HEALTHY,replay,9.5,0.0
2025-03-20T13:00:00+00:00,AWS-DEL-011,33.0,990.1,8.925586834162754,False,,low,4.4,NORMAL,31.7,990.0,20.0,HEALTHY,replay,7.3,0.0
2025-03-20T14:00:00+00:00,AWS-DEL-011,32.6,989.3,9.608436011297924,False,,low,1.1,NORMAL,31.4,989.0,20.0,HEALTHY,replay,1.8,0.0
2025-03-20T15:00:00+00:00,AWS-DEL-011,32.1,988.5,11.291285188433095,False,,low,1.0,NORMAL,30.9,988.2,21.0,HEALTHY,replay,1.7,0.0
2025-03-20T16:00:00+00:00,AWS-DEL-011,31.4,988.1,11.974134365568272,False,,low,0.6,NORMAL,30.2,987.8,23.0,HEALTHY,replay,1.0,0.0
2025-03-20T17:00:00+00:00,AWS-DEL-011,30.1,988.1,14.656983542703443,False,,low,0.4,NORMAL,28.6,987.7,30.0,HEALTHY,replay,0.6,0.0
2025-03-20T18:00:00+00:00,AWS-DEL-011,29.1,988.3,12.339832719838617,False,,low,0.6,NORMAL,26.7,987.7,33.0,HEALTHY,replay,1.0,0.0
2025-03-20T19:00:00+00:00,AWS-DEL-011,27.3,988.6,16.022681896973786,False,,low,0.5,NORMAL,24.3,988.0,40.0,HEALTHY,replay,0.8,0.0
2025-03-20T20:00:00+00:00,AWS-DEL-011,26.4,989.5,21.70553107410896,False,,low,0.5,NORMAL,23.1,988.7,43.0,HEALTHY,replay,0.8,0.0
2025-03-20T21:00:00+00:00,AWS-DEL-011,25.2,990.2,31.38838025124413,False,,low,1.3,NORMAL,23.0,989.5,36.0,HEALTHY,replay,2.2,0.0
2025-03-20T22:00:00+00:00,AWS-DEL-011,24.6,990.3,33.071229428379304,False,,low,0.3,NORMAL,22.9,989.8,38.0,HEALTHY,replay,0.5,0.0
2025-03-20T23:00:00+00:00,AWS-DEL-011,23.6,990.5,28.75407860551448,False,,low,0.5,NORMAL,21.9,989.9,43.0,HEALTHY,replay,0.9,0.0
2025-03-21T00:00:00+00:00,AWS-DEL-011,22.7,990.0,26.436927782649647,False,,low,0.3,NORMAL,20.5,989.5,42.0,HEALTHY,replay,0.4,0.0
2025-03-21T01:00:00+00:00,AWS-DEL-011,21.8,989.6,27.119776959784826,False,,low,0.2,NORMAL,19.9,989.0,44.0,HEALTHY,replay,0.3,0.0
2025-03-21T02:00:00+00:00,AWS-DEL-011,21.3,989.1,27.802626136919997,False,,low,0.2,NORMAL,19.2,988.5,44.0,HEALTHY,replay,0.4,0.0
2025-03-21T03:00:00+00:00,AWS-DEL-011,20.6,988.5,29.485475314055165,False,,low,0.2,NORMAL,18.8,988.0,45.0,HEALTHY,replay,0.4,0.0
2025-03-21T04:00:00+00:00,AWS-DEL-011,20.2,988.5,30.168324491190337,False,,low,0.2,NORMAL,18.5,987.9,45.0,HEALTHY,replay,0.3,0.0
2025-03-21T05:00:00+00:00,AWS-DEL-011,19.9,988.7,30.851173668325508,False,,low,0.4,NORMAL,18.0,988.1,47.0,HEALTHY,replay,0.6,0.0
2025-03-21T06:00:00+00:00,AWS-DEL-011,19.4,989.7,49.53402284546068,False,,low,6.2,NORMAL,18.0,989.0,67.0,HEALTHY,replay,10.3,0.0
2025-03-21T07:00:00+00:00,AWS-DEL-011,20.4,990.3,46.21687202259585,False,,low,0.7,NORMAL,19.3,989.7,63.0,HEALTHY,replay,1.2,0.0
2025-03-21T08:00:00+00:00,AWS-DEL-011,22.5,991.2,38.89972119973103,False,,low,0.5,NORMAL,21.8,990.7,54.0,HEALTHY,replay,0.9,0.0
2025-03-21T09:00:00+00:00,AWS-DEL-011,25.1,992.0,30.582570376866197,False,,low,1.1,NORMAL,24.7,991.6,44.0,HEALTHY,replay,1.9,0.0
2025-03-21T10:00:00+00:00,AWS-DEL-011,27.7,992.1,22.26541955400137,False,,low,3.7,NORMAL,27.2,991.6,37.0,HEALTHY,replay,6.1,0.0
2025-03-21T11:00:00+00:00,AWS-DEL-011,30.0,991.7,11.948268731136542,False,,low,9.9,NORMAL,29.3,991.3,30.0,HEALTHY,replay,16.4,0.0
2025-03-21T12:00:00+00:00,AWS-DEL-011,31.5,990.8,5.6311179082717135,False,,low,8.2,NORMAL,30.5,990.4,24.0,HEALTHY,replay,13.6,0.0
2025-03-21T13:00:00+00:00,AWS-DEL-011,31.9,989.7,3.313967085406885,False,,low,5.1,NORMAL,31.1,989.5,20.0,HEALTHY,replay,8.5,0.0
2025-03-21T14:00:00+00:00,AWS-DEL-011,32.0,988.5,1.9968162625420565,False,,low,7.4,NORMAL,31.1,988.2,19.0,HEALTHY,replay,12.3,0.0
2025-03-21T15:00:00+00:00,AWS-DEL-011,31.6,987.8,1.6796654396772297,True,sensor_fail_low,low,39.5,RULE_ENGINE_BYPASS,30.7,987.5,19.0,OFFLINE,replay,3.4,93.6
2025-03-21T16:00:00+00:00,AWS-DEL-011,30.9,0.0667937433807925,3.362514616812401,True,spike,high,79.9,RULE_ENGINE_BYPASS,29.8,986.9,20.0,OFFLINE,replay,66.6,100.0
2025-03-21T17:00:00+00:00,AWS-DEL-011,29.7,-0.0151229579676436,6.045363793947574,True,spike,high,84.9,RULE_ENGINE_BYPASS,28.5,986.8,23.0,OFFLINE,replay,74.8,100.0
2025-03-21T18:00:00+00:00,AWS-DEL-011,28.4,-0.0351247541423367,8.728212971082748,True,spike,high,85.2,RULE_ENGINE_BYPASS,26.4,987.5,26.0,HEALTHY,replay,75.3,100.0
2025-03-21T19:00:00+00:00,AWS-DEL-011,26.9,0.0073088960784362,12.411062148217916,True,spike,high,86.6,RULE_ENGINE_BYPASS,25.7,987.8,26.0,OFFLINE,replay,77.7,100.0
2025-03-21T20:00:00+00:00,AWS-DEL-011,25.7,988.9,15.09391132535309,False,,low,20.1,NORMAL,24.4,988.3,30.0,OFFLINE,replay,33.4,0.0
2025-03-21T21:00:00+00:00,AWS-DEL-011,24.6,989.1,32.0,True,multivariate_inconsistency,low,51.6,FUSED_CONSENSUS,23.3,988.5,33.0,OFFLINE,replay,56.0,45.0
2025-03-21T22:00:00+00:00,AWS-DEL-011,23.5,989.0,33.0,True,multivariate_inconsistency,low,54.1,FUSED_CONSENSUS,22.8,988.4,35.0,HEALTHY,replay,60.1,45.0
2025-03-21T23:00:00+00:00,AWS-DEL-011,22.8,988.8,34.0,True,multivariate_inconsistency,low,53.6,FUSED_CONSENSUS,21.8,988.3,38.0,OFFLINE,replay,59.3,45.0
