timestamp,station_id,temperature_c,pressure_hpa,humidity_pct,is_anomaly,fault_type,severity,anomaly_score_pct,decision_basis,suggested_temperature_c,suggested_pressure_hpa,suggested_humidity_pct,health_status,source,model_confidence_pct,rule_confidence_pct
2026-09-22 06:45:00+00:00,AWS-BHO-102,30.7,962.0,65.0,False,,low,0.0,NORMAL,30.3,955.1,67.0,HEALTHY,live,,0.0
2026-09-22T07:00:00+00:00,AWS-BHO-102,30.8,961.7,65.0,False,,low,0.0,NORMAL,30.4,954.8,66.0,HEALTHY,live,,0.0
2025-01-01T00:00:00+00:00,AWS-BHO-102,11.7,968.3,98.0,False,,low,0.0,NORMAL,14.2,960.7,95.0,HEALTHY,replay,,0.0
2025-01-01T01:00:00+00:00,AWS-BHO-102,11.3,967.9,98.0,False,,low,0.0,NORMAL,13.6,960.2,96.0,HEALTHY,replay,,0.0
2025-01-01T02:00:00+00:00,AWS-BHO-102,10.9,967.3,98.0,False,,low,0.0,NORMAL,13.1,959.5,96.0,HEALTHY,replay,,0.0
2025-01-01T03:00:00+00:00,AWS-BHO-102,10.5,966.9,99.0,False,,low,0.0,NORMAL,12.6,959.1,97.0,HEALTHY,replay,,0.0
2025-01-01T04:00:00+00:00,AWS-BHO-102,10.1,966.7,99.0,False,,low,0.0,NORMAL,12.1,958.9,97.0,HEALTHY,replay,,0.0
2025-01-01T05:00:00+00:00,AWS-BHO-102,9.6,966.8,100.0,False,,low,0.0,NORMAL,11.6,959.0,97.0,HEALTHY,replay,,0.0
2025-01-01T06:00:00+00:00,AWS-BHO-102,9.2,967.7,100.0,False,,low,0.0,NORMAL,10.9,959.8,98.0,HEALTHY,replay,,0.0
2025-01-01T07:00:00+00:00,AWS-BHO-102,9.4,968.5,100.0,False,,low,0.0,NORMAL,10.9,960.5,98.0,HEALTHY,replay,,0.0
2025-01-01T08:00:00+00:00,AWS-BHO-102,10.7,969.8,97.0,False,,low,0.0,NORMAL,12.5,961.6,92.0,HEALTHY,replay,,0.0
2025-01-01T09:00:00+00:00,AWS-BHO-102,13.0,970.7,91.0,False,,low,0.0,NORMAL,14.9,962.6,84.0,HEALTHY,replay,,0.0
2025-01-01T10:00:00+00:00,AWS-BHO-102,15.4,970.6,84.0,False,,low,0.0,NORMAL,17.3,962.9,74.0,HEALTHY,replay,,0.0
2025-01-01T11:00:00+00:00,AWS-BHO-102,17.5,970.2,77.0,False,,low,0.0,NORMAL,19.2,962.5,68.0,HEALTHY,replay,,0.0
2025-01-01T12:00:00+00:00,AWS-BHO-102,19.0,969.2,70.0,False,,low,0.0,NORMAL,20.5,961.6,64.0,HEALTHY,replay,,0.0
2025-01-01T13:00:00+00:00,AWS-BHO-102,19.9,968.1,64.0,False,,low,0.0,NORMAL,21.3,960.6,59.0,HEALTHY,replay,,0.0
2025-01-01T14:00:00+00:00,AWS-BHO-102,20.3,967.3,59.0,False,,low,0.0,NORMAL,21.6,959.8,56.0,HEALTHY,replay,,0.0
2025-01-01T15:00:00+00:00,AWS-BHO-102,20.2,966.9,57.0,False,,low,0.0,NORMAL,21.4,959.4,57.0,HEALTHY,replay,,0.0
2025-01-01T16:00:00+00:00,AWS-BHO-102,19.3,966.9,63.0,False,,low,0.0,NORMAL,20.5,958.9,60.0,HEALTHY,replay,,0.0
2025-01-01T17:00:00+00:00,AWS-BHO-102,16.5,966.3,77.0,False,,low,0.0,NORMAL,18.4,958.4,76.0,HEALTHY,replay,,0.0
2025-01-01T18:00:00+00:00,AWS-BHO-102,13.9,966.6,85.0,False,,low,0.0,NORMAL,15.9,958.7,84.0,HEALTHY,replay,,0.0
2025-01-01T19:00:00+00:00,AWS-BHO-102,13.2,967.1,87.0,False,,low,0.0,NORMAL,14.9,959.1,82.0,HEALTHY,replay,,0.0
2025-01-01T20:00:00+00:00,AWS-BHO-102,12.5,967.8,89.0,False,,low,0.0,NORMAL,14.0,960.3,84.0,HEALTHY,replay,,0.0
2025-01-01T21:00:00+00:00,AWS-BHO-102,11.5,968.0,91.0,False,,low,0.0,NORMAL,13.4,960.7,85.0,HEALTHY,replay,,0.0
2025-01-01T22:00:00+00:00,AWS-BHO-102,10.7,968.2,93.0,False,,low,0.0,NORMAL,12.9,960.8,86.0,HEALTHY,replay,,0.0
2025-01-01T23:00:00+00:00,AWS-BHO-102,10.1,968.0,95.0,False,,low,0.0,NORMAL,12.4,960.5,84.0,HEALTHY,replay,,0.0
2025-01-02T00:00:00+00:00,AWS-BHO-102,9.6,967.4,96.0,False,,low,0.2,NORMAL,11.9,960.0,86.0,HEALTHY,replay,0.4,0.0
2025-01-02T01:00:00+00:00,AWS-BHO-102,9.1,966.8,97.0,False,,low,0.3,NORMAL,11.4,959.4,88.0,HEALTHY,replay,0.5,0.0
2025-01-02T02:00:00+00:00,AWS-BHO-102,8.3,966.1,98.0,False,,low,0.5,NORMAL,10.8,958.8,90.0,HEALTHY,replay,0.8,0.0
2025-01-02T03:00:00+00:00,AWS-BHO-102,7.7,965.7,98.0,False,,low,1.0,NORMAL,10.0,958.4,93.0,HEALTHY,replay,1.6,0.0
2025-01-02T04:00:00+00:00,AWS-BHO-102,7.4,965.8,98.0,False,,low,1.3,NORMAL,9.3,958.4,93.0,HEALTHY,replay,2.1,0.0
2025-01-02T05:00:00+00:00,AWS-BHO-102,7.2,966.3,98.0,False,,low,1.2,NORMAL,9.1,958.7,93.0,HEALTHY,replay,2.0,0.0
2025-01-02T06:00:00+00:00,AWS-BHO-102,6.8,967.1,100.0,False,,low,1.3,NORMAL,9.4,959.5,92.0,HEALTHY,replay,2.1,0.0
2025-01-02T07:00:00+00:00,AWS-BHO-102,7.1,967.7,100.0,False,,low,1.5,NORMAL,9.6,960.1,90.0,HEALTHY,replay,2.5,0.0
2025-01-02T08:00:00+00:00,AWS-BHO-102,9.8,969.1,94.0,False,,low,3.3,NORMAL,11.7,961.2,83.0,HEALTHY,replay,5.5,0.0
2025-01-02T09:00:00+00:00,AWS-BHO-102,13.5,970.0,84.0,False,,low,17.9,NORMAL,15.1,962.4,72.0,HEALTHY,replay,29.8,0.0
2025-01-02T10:00:00+00:00,AWS-BHO-102,16.6,970.6,71.0,False,,low,32.3,NORMAL,17.8,963.0,58.0,HEALTHY,replay,53.8,0.0
2025-01-02T11:00:00+00:00,AWS-BHO-102,18.9,970.0,61.0,False,,low,24.4,NORMAL,20.0,962.6,48.0,HEALTHY,replay,40.7,0.0
2025-01-02T12:00:00+00:00,AWS-BHO-102,20.5,969.2,54.0,False,,low,18.6,NORMAL,21.6,961.6,42.0,HEALTHY,replay,31.1,0.0
2025-01-02T13:00:00+00:00,AWS-BHO-102,21.5,968.1,52.0,False,,low,6.7,NORMAL,22.6,960.7,42.0,HEALTHY,replay,11.1,0.0
2025-01-02T14:00:00+00:00,AWS-BHO-102,22.0,967.5,53.0,False,,low,2.7,NORMAL,22.9,960.1,43.0,HEALTHY,replay,4.5,0.0
2025-01-02T15:00:00+00:00,AWS-BHO-102,21.9,967.4,54.0,False,,low,1.1,NORMAL,22.7,959.9,46.0,HEALTHY,replay,1.9,0.0
2025-01-02T16:00:00+00:00,AWS-BHO-102,21.0,967.1,67.0,False,,low,2.1,NORMAL,21.6,959.7,57.0,HEALTHY,replay,3.5,0.0
2025-01-02T17:00:00+00:00,AWS-BHO-102,18.3,967.0,74.0,False,,low,1.6,NORMAL,19.1,959.6,68.0,HEALTHY,replay,2.7,0.0
2025-01-02T18:00:00+00:00,AWS-BHO-102,16.5,967.5,81.0,False,,low,2.8,NORMAL,17.7,960.1,72.0,HEALTHY,replay,4.7,0.0
2025-01-02T19:00:00+00:00,AWS-BHO-102,15.3,968.1,83.0,False,,low,1.1,NORMAL,15.8,960.8,77.0,HEALTHY,replay,1.8,0.0
2025-01-02T20:00:00+00:00,AWS-BHO-102,14.0,968.6,87.0,False,,low,1.1,NORMAL,14.8,961.3,81.0,HEALTHY,replay,1.9,0.0
2025-01-02T21:00:00+00:00,AWS-BHO-102,13.0,968.4,89.0,False,,low,0.4,NORMAL,14.3,961.2,81.0,HEALTHY,replay,0.7,0.0
2025-01-02T22:00:00+00:00,AWS-BHO-102,12.2,968.3,90.0,False,,low,0.3,NORMAL,14.1,961.2,80.0,HEALTHY,replay,0.5,0.0
2025-01-02T23:00:00+00:00,AWS-BHO-102,11.2,967.7,92.0,False,,low,0.2,NORMAL,14.0,960.5,79.0,HEALTHY,replay,0.3,0.0
2025-01-03T00:00:00+00:00,AWS-BHO-102,10.7,967.0,91.0,False,,low,0.3,NORMAL,13.5,959.9,78.0,HEALTHY,replay,0.6,0.0
2025-01-03T01:00:00+00:00,AWS-BHO-102,10.3,966.5,90.0,False,,low,0.3,NORMAL,12.9,959.2,80.0,HEALTHY,replay,0.5,0.0
2025-01-03T02:00:00+00:00,AWS-BHO-102,10.1,966.3,89.0,False,,low,0.3,NORMAL,12.0,958.9,80.0,HEALTHY,replay,0.5,0.0
2025-01-03T03:00:00+00:00,AWS-BHO-102,9.9,966.1,88.0,False,,low,0.4,NORMAL,11.5,958.8,82.0,HEALTHY,replay,0.7,0.0
2025-01-03T04:00:00+00:00,AWS-BHO-102,9.9,966.0,86.0,False,,low,0.8,NORMAL,11.1,958.6,83.0,HEALTHY,replay,1.3,0.0
2025-01-03T05:00:00+00:00,AWS-BHO-102,9.6,966.2,86.0,False,,low,0.7,NORMAL,10.9,958.7,84.0,HEALTHY,replay,1.2,0.0
2025-01-03T06:00:00+00:00,AWS-BHO-102,9.4,967.3,87.0,False,,low,0.8,NORMAL,10.9,959.5,85.0,HEALTHY,replay,1.3,0.0
2025-01-03T07:00:00+00:00,AWS-BHO-102,9.4,967.9,89.0,False,,low,0.3,NORMAL,10.9,960.1,86.0,HEALTHY,replay,0.6,0.0
2025-01-03T08:00:00+00:00,AWS-BHO-102,11.7,969.1,87.0,False,,low,1.1,NORMAL,13.6,961.3,80.0,HEALTHY,replay,1.9,0.0
2025-01-03T09:00:00+00:00,AWS-BHO-102,15.0,970.1,78.0,False,,low,4.7,NORMAL,16.9,962.4,72.0,HEALTHY,replay,7.9,0.0
2025-01-03T10:00:00+00:00,AWS-BHO-102,18.0,970.7,70.0,False,,low,8.6,NORMAL,19.9,963.3,63.0,HEALTHY,replay,14.4,0.0
2025-01-03T11:00:00+00:00,AWS-BHO-102,20.5,970.2,61.0,False,,low,3.0,NORMAL,22.0,962.7,53.0,HEALTHY,replay,5.1,0.0
2025-01-03T12:00:00+00:00,AWS-BHO-102,22.1,969.4,55.0,False,,low,2.2,NORMAL,23.4,962.0,49.0,HEALTHY,replay,3.7,0.0
2025-01-03T13:00:00+00:00,AWS-BHO-102,23.0,968.3,51.0,False,,low,2.0,NORMAL,24.2,961.0,45.0,HEALTHY,replay,3.4,0.0
2025-01-03T14:00:00+00:00,AWS-BHO-102,23.4,967.5,49.0,False,,low,1.7,NORMAL,24.5,960.3,44.0,HEALTHY,replay,2.9,0.0
2025-01-03T15:00:00+00:00,AWS-BHO-102,23.3,967.2,50.0,False,,low,0.9,NORMAL,24.8,960.28,49.0,HEALTHY,replay,1.5,0.0
2025-01-03T16:00:00+00:00,AWS-BHO-102,22.5,966.9,60.0,False,,low,1.1,NORMAL,23.7,960.1,63.0,HEALTHY,replay,1.9,0.0
2025-01-03T17:00:00+00:00,AWS-BHO-102,19.3,966.6,69.0,False,,low,1.7,NORMAL,21.2,959.29,74.0,HEALTHY,replay,2.8,0.0
2025-01-03T18:00:00+00:00,AWS-BHO-102,17.1,966.8,79.0,False,,low,2.5,NORMAL,18.4,959.38,78.0,HEALTHY,replay,4.2,0.0
2026-09-22T07:00:00+00:00,AWS-BHO-102,30.8,961.7,65.0,True,spike,high,89.9,FUSED_CONSENSUS,30.4,954.8,66.0,HEALTHY,live,,89.9
2026-09-22T07:30:00+00:00,AWS-BHO-102,31.3,960.7,58.0,False,,low,0.0,NORMAL,30.7,953.7,59.0,HEALTHY,live,,0.0
2025-01-01T00:00:00+00:00,AWS-BHO-102,11.7,968.3,98.0,False,,low,0.0,NORMAL,14.2,960.7,95.0,HEALTHY,replay,,0.0
2025-01-01T01:00:00+00:00,AWS-BHO-102,11.3,967.9,98.0,False,,low,0.0,NORMAL,13.6,960.2,96.0,HEALTHY,replay,,0.0
2025-01-01T02:00:00+00:00,AWS-BHO-102,10.9,967.3,98.0,False,,low,0.0,NORMAL,13.1,959.5,96.0,HEALTHY,replay,,0.0
2025-01-01T03:00:00+00:00,AWS-BHO-102,10.5,966.9,99.0,False,,low,0.0,NORMAL,12.6,959.1,97.0,HEALTHY,replay,,0.0
2025-01-01T04:00:00+00:00,AWS-BHO-102,10.1,966.7,99.0,False,,low,0.0,NORMAL,12.1,958.9,97.0,HEALTHY,replay,,0.0
2025-01-01T05:00:00+00:00,AWS-BHO-102,9.6,966.8,100.0,False,,low,0.0,NORMAL,11.6,959.0,97.0,HEALTHY,replay,,0.0
2025-01-01T06:00:00+00:00,AWS-BHO-102,9.2,967.7,100.0,False,,low,0.0,NORMAL,10.9,959.8,98.0,HEALTHY,replay,,0.0
2025-01-01T07:00:00+00:00,AWS-BHO-102,9.4,968.5,100.0,False,,low,0.0,NORMAL,10.9,960.5,98.0,HEALTHY,replay,,0.0
2025-01-01T08:00:00+00:00,AWS-BHO-102,10.7,969.8,97.0,False,,low,0.0,NORMAL,12.5,961.6,92.0,HEALTHY,replay,,0.0
2025-01-01T09:00:00+00:00,AWS-BHO-102,13.0,970.7,91.0,False,,low,0.0,NORMAL,14.9,962.6,84.0,HEALTHY,replay,,0.0
2025-01-01T10:00:00+00:00,AWS-BHO-102,15.4,970.6,84.0,False,,low,0.0,NORMAL,17.3,962.9,74.0,HEALTHY,replay,,0.0
2025-01-01T11:00:00+00:00,AWS-BHO-102,17.5,970.2,77.0,False,,low,0.0,NORMAL,19.2,962.5,68.0,HEALTHY,replay,,0.0
2025-01-01T12:00:00+00:00,AWS-BHO-102,19.0,969.2,70.0,False,,low,0.0,NORMAL,20.5,961.6,64.0,HEALTHY,replay,,0.0
2025-01-01T13:00:00+00:00,AWS-BHO-102,19.9,968.1,64.0,False,,low,0.0,NORMAL,21.3,960.6,59.0,HEALTHY,replay,,0.0
2025-01-01T14:00:00+00:00,AWS-BHO-102,20.3,967.3,59.0,False,,low,0.0,NORMAL,21.6,959.8,56.0,HEALTHY,replay,,0.0
2025-01-01T15:00:00+00:00,AWS-BHO-102,20.2,966.9,57.0,False,,low,0.0,NORMAL,21.4,959.4,57.0,HEALTHY,replay,,0.0
2025-01-01T16:00:00+00:00,AWS-BHO-102,19.3,966.9,63.0,False,,low,0.0,NORMAL,20.5,958.9,60.0,HEALTHY,replay,,0.0
2025-01-01T17:00:00+00:00,AWS-BHO-102,16.5,966.3,77.0,False,,low,0.0,NORMAL,18.4,958.4,76.0,HEALTHY,replay,,0.0
2025-01-01T18:00:00+00:00,AWS-BHO-102,13.9,966.6,85.0,False,,low,0.0,NORMAL,15.9,958.7,84.0,HEALTHY,replay,,0.0
2025-01-01T19:00:00+00:00,AWS-BHO-102,13.2,967.1,87.0,False,,low,0.0,NORMAL,14.9,959.1,82.0,HEALTHY,replay,,0.0
2025-01-01T20:00:00+00:00,AWS-BHO-102,12.5,967.8,89.0,False,,low,0.0,NORMAL,14.0,960.3,84.0,HEALTHY,replay,,0.0
2025-01-01T21:00:00+00:00,AWS-BHO-102,11.5,968.0,91.0,False,,low,0.0,NORMAL,13.4,960.7,85.0,HEALTHY,replay,,0.0
2025-01-01T22:00:00+00:00,AWS-BHO-102,10.7,968.2,93.0,False,,low,0.0,NORMAL,12.9,960.8,86.0,HEALTHY,replay,,0.0
2025-01-01T23:00:00+00:00,AWS-BHO-102,10.1,968.0,95.0,False,,low,0.0,NORMAL,12.4,960.5,84.0,HEALTHY,replay,,0.0
2025-01-02T00:00:00+00:00,AWS-BHO-102,9.6,967.4,96.0,False,,low,0.2,NORMAL,11.9,960.0,86.0,HEALTHY,replay,0.4,0.0
2025-01-02T01:00:00+00:00,AWS-BHO-102,9.1,966.8,97.0,False,,low,0.3,NORMAL,11.4,959.4,88.0,HEALTHY,replay,0.5,0.0
2025-01-02T02:00:00+00:00,AWS-BHO-102,8.3,966.1,98.0,False,,low,0.5,NORMAL,10.8,958.8,90.0,HEALTHY,replay,0.8,0.0
2025-01-02T03:00:00+00:00,AWS-BHO-102,7.7,965.7,98.0,False,,low,1.0,NORMAL,10.0,958.4,93.0,HEALTHY,replay,1.6,0.0
2025-01-02T04:00:00+00:00,AWS-BHO-102,7.4,965.8,98.0,False,,low,1.3,NORMAL,9.3,958.4,93.0,HEALTHY,replay,2.1,0.0
2025-01-02T05:00:00+00:00,AWS-BHO-102,7.2,966.3,98.0,False,,low,1.2,NORMAL,9.1,958.7,93.0,HEALTHY,replay,2.0,0.0
2025-01-02T06:00:00+00:00,AWS-BHO-102,6.8,967.1,100.0,False,,low,1.3,NORMAL,9.4,959.5,92.0,HEALTHY,replay,2.1,0.0
2025-01-02T07:00:00+00:00,AWS-BHO-102,7.1,967.7,100.0,False,,low,1.5,NORMAL,9.6,960.1,90.0,HEALTHY,replay,2.5,0.0
2025-01-02T08:00:00+00:00,AWS-BHO-102,9.8,969.1,94.0,False,,low,3.3,NORMAL,11.7,961.2,83.0,HEALTHY,replay,5.5,0.0
2025-01-02T09:00:00+00:00,AWS-BHO-102,13.5,970.0,84.0,False,,low,17.9,NORMAL,15.1,962.4,72.0,HEALTHY,replay,29.8,0.0
2025-01-02T10:00:00+00:00,AWS-BHO-102,16.6,970.6,71.0,False,,low,32.3,NORMAL,17.8,963.0,58.0,HEALTHY,replay,53.8,0.0
2025-01-02T11:00:00+00:00,AWS-BHO-102,18.9,970.0,61.0,False,,low,24.4,NORMAL,20.0,962.6,48.0,HEALTHY,replay,40.7,0.0
2025-01-02T12:00:00+00:00,AWS-BHO-102,20.5,969.2,54.0,False,,low,18.6,NORMAL,21.6,961.6,42.0,HEALTHY,replay,31.1,0.0
2025-01-02T13:00:00+00:00,AWS-BHO-102,21.5,968.1,52.0,False,,low,6.7,NORMAL,22.6,960.7,42.0,HEALTHY,replay,11.1,0.0
2025-01-02T14:00:00+00:00,AWS-BHO-102,22.0,967.5,53.0,False,,low,2.7,NORMAL,22.9,960.1,43.0,HEALTHY,replay,4.5,0.0
2025-01-02T15:00:00+00:00,AWS-BHO-102,21.9,967.4,54.0,False,,low,1.1,NORMAL,22.7,959.9,46.0,HEALTHY,replay,1.9,0.0
2025-01-02T16:00:00+00:00,AWS-BHO-102,21.0,967.1,67.0,False,,low,2.1,NORMAL,21.6,959.7,57.0,HEALTHY,replay,3.5,0.0
2025-01-02T17:00:00+00:00,AWS-BHO-102,18.3,967.0,74.0,False,,low,1.6,NORMAL,19.1,959.6,68.0,HEALTHY,replay,2.7,0.0
2025-01-02T18:00:00+00:00,AWS-BHO-102,16.5,967.5,81.0,False,,low,2.8,NORMAL,17.7,960.1,72.0,HEALTHY,replay,4.7,0.0
2025-01-02T19:00:00+00:00,AWS-BHO-102,15.3,968.1,83.0,False,,low,1.1,NORMAL,15.8,960.8,77.0,HEALTHY,replay,1.8,0.0
2025-01-02T20:00:00+00:00,AWS-BHO-102,14.0,968.6,87.0,False,,low,1.1,NORMAL,14.8,961.3,81.0,HEALTHY,replay,1.9,0.0
2025-01-02T21:00:00+00:00,AWS-BHO-102,13.0,968.4,89.0,False,,low,0.4,NORMAL,14.3,961.2,81.0,HEALTHY,replay,0.7,0.0
2025-01-02T22:00:00+00:00,AWS-BHO-102,12.2,968.3,90.0,False,,low,0.3,NORMAL,14.1,961.2,80.0,HEALTHY,replay,0.5,0.0
2025-01-02T23:00:00+00:00,AWS-BHO-102,11.2,967.7,92.0,False,,low,0.2,NORMAL,14.0,960.5,79.0,HEALTHY,replay,0.3,0.0
2025-01-03T00:00:00+00:00,AWS-BHO-102,10.7,967.0,91.0,False,,low,0.3,NORMAL,13.5,959.9,78.0,HEALTHY,replay,0.6,0.0
2025-01-03T01:00:00+00:00,AWS-BHO-102,10.3,966.5,90.0,False,,low,0.3,NORMAL,12.9,959.2,80.0,HEALTHY,replay,0.5,0.0
2025-01-03T02:00:00+00:00,AWS-BHO-102,10.1,966.3,89.0,False,,low,0.3,NORMAL,12.0,958.9,80.0,HEALTHY,replay,0.5,0.0
2025-01-03T03:00:00+00:00,AWS-BHO-102,9.9,966.1,88.0,False,,low,0.4,NORMAL,11.5,958.8,82.0,HEALTHY,replay,0.7,0.0
2025-01-03T04:00:00+00:00,AWS-BHO-102,9.9,966.0,86.0,False,,low,0.8,NORMAL,11.1,958.6,83.0,HEALTHY,replay,1.3,0.0
2025-01-03T05:00:00+00:00,AWS-BHO-102,9.6,966.2,86.0,False,,low,0.7,NORMAL,10.9,958.7,84.0,HEALTHY,replay,1.2,0.0
2025-01-03T06:00:00+00:00,AWS-BHO-102,9.4,967.3,87.0,False,,low,0.8,NORMAL,10.9,959.5,85.0,HEALTHY,replay,1.3,0.0
2025-01-03T07:00:00+00:00,AWS-BHO-102,9.4,967.9,89.0,False,,low,0.3,NORMAL,10.9,960.1,86.0,HEALTHY,replay,0.6,0.0
2025-01-03T08:00:00+00:00,AWS-BHO-102,11.7,969.1,87.0,False,,low,1.1,NORMAL,13.6,961.3,80.0,HEALTHY,replay,1.9,0.0
2025-01-03T09:00:00+00:00,AWS-BHO-102,15.0,970.1,78.0,False,,low,4.7,NORMAL,16.9,962.4,72.0,HEALTHY,replay,7.9,0.0
2025-01-03T10:00:00+00:00,AWS-BHO-102,18.0,970.7,70.0,False,,low,8.6,NORMAL,19.9,963.3,63.0,HEALTHY,replay,14.4,0.0
2025-01-03T11:00:00+00:00,AWS-BHO-102,20.5,970.2,61.0,False,,low,3.0,NORMAL,22.0,962.7,53.0,HEALTHY,replay,5.1,0.0
2025-01-03T12:00:00+00:00,AWS-BHO-102,22.1,969.4,55.0,False,,low,2.2,NORMAL,23.4,962.0,49.0,HEALTHY,replay,3.7,0.0
2025-01-03T13:00:00+00:00,AWS-BHO-102,23.0,968.3,51.0,False,,low,2.0,NORMAL,24.2,961.0,45.0,HEALTHY,replay,3.4,0.0
2025-01-03T14:00:00+00:00,AWS-BHO-102,23.4,967.5,49.0,False,,low,1.7,NORMAL,24.5,960.3,44.0,HEALTHY,replay,2.9,0.0
2025-01-03T15:00:00+00:00,AWS-BHO-102,23.3,967.2,50.0,False,,low,0.9,NORMAL,24.8,960.28,49.0,HEALTHY,replay,1.5,0.0
2025-01-03T16:00:00+00:00,AWS-BHO-102,22.5,966.9,60.0,False,,low,1.1,NORMAL,23.7,960.1,63.0,HEALTHY,replay,1.9,0.0
2025-01-03T17:00:00+00:00,AWS-BHO-102,19.3,966.6,69.0,False,,low,1.7,NORMAL,21.2,959.29,74.0,HEALTHY,replay,2.8,0.0
2025-01-03T18:00:00+00:00,AWS-BHO-102,17.1,966.8,79.0,False,,low,2.5,NORMAL,18.4,959.38,78.0,HEALTHY,replay,4.2,0.0
2025-01-03T19:00:00+00:00,AWS-BHO-102,15.9,967.3,82.0,False,,low,0.9,NORMAL,17.1,960.48,82.0,HEALTHY,replay,1.4,0.0
2025-01-03T20:00:00+00:00,AWS-BHO-102,14.6,967.5,85.0,False,,low,0.9,NORMAL,16.1,960.3,81.0,HEALTHY,replay,1.4,0.0
2025-01-03T21:00:00+00:00,AWS-BHO-102,13.7,967.4,86.0,False,,low,0.4,NORMAL,15.3,960.2,80.0,HEALTHY,replay,0.7,0.0
2025-01-03T22:00:00+00:00,AWS-BHO-102,13.0,967.3,87.0,False,,low,0.2,NORMAL,14.5,960.2,81.0,HEALTHY,replay,0.4,0.0
2025-01-03T23:00:00+00:00,AWS-BHO-102,12.4,966.9,88.0,False,,low,0.3,NORMAL,14.0,959.6,82.0,HEALTHY,replay,0.5,0.0
2025-01-04T00:00:00+00:00,AWS-BHO-102,12.0,966.4,90.0,False,,low,0.2,NORMAL,13.4,959.0,83.0,HEALTHY,replay,0.3,0.0
2025-01-04T01:00:00+00:00,AWS-BHO-102,11.6,965.7,91.0,False,,low,0.1,NORMAL,12.8,958.2,84.0,HEALTHY,replay,0.2,0.0
2025-01-04T02:00:00+00:00,AWS-BHO-102,10.9,965.0,94.0,False,,low,0.2,NORMAL,12.4,957.7,84.0,HEALTHY,replay,0.4,0.0
2025-01-04T03:00:00+00:00,AWS-BHO-102,10.1,964.5,96.0,False,,low,0.4,NORMAL,12.0,957.2,84.0,HEALTHY,replay,0.6,0.0
2025-01-04T04:00:00+00:00,AWS-BHO-102,9.3,964.1,100.0,False,,low,1.2,NORMAL,11.9,956.8,85.0,HEALTHY,replay,2.0,0.0
2025-01-04T05:00:00+00:00,AWS-BHO-102,8.8,964.2,100.0,False,,low,1.0,NORMAL,12.0,956.9,85.0,HEALTHY,replay,1.6,0.0
2025-01-04T06:00:00+00:00,AWS-BHO-102,8.8,965.0,100.0,False,,low,0.8,NORMAL,11.9,957.7,83.05,HEALTHY,replay,1.4,0.0
2025-01-04T07:00:00+00:00,AWS-BHO-102,8.7,965.8,100.0,False,,low,1.0,NORMAL,12.1,958.6,84.0,HEALTHY,replay,1.7,0.0
2025-01-04T08:00:00+00:00,AWS-BHO-102,10.5,967.1,98.0,False,,low,1.6,NORMAL,13.4,959.8,79.0,HEALTHY,replay,2.7,0.0
2025-01-04T09:00:00+00:00,AWS-BHO-102,15.1,968.3,80.0,False,,low,17.0,NORMAL,16.9,960.9,73.0,HEALTHY,replay,28.4,0.0
2025-01-04T10:00:00+00:00,AWS-BHO-102,19.0,969.0,66.0,False,,low,38.3,NORMAL,19.7,961.6,63.0,HEALTHY,replay,63.9,0.0
2025-01-04T11:00:00+00:00,AWS-BHO-102,21.7,968.7,50.0,False,,low,26.6,NORMAL,22.2,961.3,51.0,HEALTHY,replay,44.3,0.0
2025-01-04T12:00:00+00:00,AWS-BHO-102,23.0,967.6,45.0,False,,low,15.0,NORMAL,23.5,960.2,45.0,HEALTHY,replay,24.9,0.0
2025-01-04T13:00:00+00:00,AWS-BHO-102,23.7,966.6,45.0,False,,low,7.2,NORMAL,24.2,959.3,43.0,HEALTHY,replay,12.0,0.0
2025-01-04T14:00:00+00:00,AWS-BHO-102,24.0,965.6,46.0,False,,low,5.5,NORMAL,24.4,958.3,43.0,HEALTHY,replay,9.1,0.0
2025-01-04T15:00:00+00:00,AWS-BHO-102,23.8,965.1,48.0,False,,low,1.1,NORMAL,24.2,957.8,44.0,HEALTHY,replay,1.8,0.0
2025-01-04T16:00:00+00:00,AWS-BHO-102,22.8,964.7,67.0,False,,low,5.3,NORMAL,23.2,957.3,52.0,HEALTHY,replay,8.9,0.0
2025-01-04T17:00:00+00:00,AWS-BHO-102,20.0,964.4,70.0,False,,low,3.3,NORMAL,20.3,957.1,67.0,HEALTHY,replay,5.5,0.0
2025-01-04T18:00:00+00:00,AWS-BHO-102,17.1,964.9,81.0,False,,low,6.3,NORMAL,18.6,957.7,75.0,HEALTHY,replay,10.6,0.0
2025-01-04T19:00:00+00:00,AWS-BHO-102,16.0,965.4,82.0,False,,low,1.4,NORMAL,17.0,958.3,79.0,HEALTHY,replay,2.4,0.0
2025-01-04T20:00:00+00:00,AWS-BHO-102,14.7,965.9,86.0,False,,low,1.4,NORMAL,16.2,958.7,82.0,HEALTHY,replay,2.3,0.0
2025-01-04T21:00:00+00:00,AWS-BHO-102,13.4,965.8,89.0,False,,low,0.4,NORMAL,15.3,958.5,83.0,HEALTHY,replay,0.7,0.0
2025-01-04T22:00:00+00:00,AWS-BHO-102,12.9,965.8,91.0,False,,low,0.3,NORMAL,14.6,958.5,83.5,HEALTHY,replay,0.5,0.0
2025-01-04T23:00:00+00:00,AWS-BHO-102,12.5,965.3,92.0,False,,low,0.2,NORMAL,14.4,957.9,83.0,HEALTHY,replay,0.3,0.0
2025-01-05T00:00:00+00:00,AWS-BHO-102,12.1,964.7,92.0,False,,low,0.2,NORMAL,14.0,957.2,81.0,HEALTHY,replay,0.4,0.0
2025-01-05T01:00:00+00:00,AWS-BHO-102,11.2,964.2,94.0,False,,low,0.2,NORMAL,13.5,956.6,81.0,HEALTHY,replay,0.4,0.0
2025-01-05T02:00:00+00:00,AWS-BHO-102,10.1,963.5,95.0,False,,low,0.5,NORMAL,13.2,956.1,78.0,HEALTHY,replay,0.8,0.0
2025-01-05T03:00:00+00:00,AWS-BHO-102,9.0,963.1,97.0,False,,low,0.7,NORMAL,12.5,955.9,81.0,HEALTHY,replay,1.2,0.0
2025-01-05T04:00:00+00:00,AWS-BHO-102,8.4,963.0,98.0,False,,low,0.7,NORMAL,12.0,955.7,81.0,HEALTHY,replay,1.2,0.0
2025-01-05T05:00:00+00:00,AWS-BHO-102,8.3,963.2,99.0,False,,low,0.6,NORMAL,11.8,956.0,76.0,HEALTHY,replay,1.1,0.0
2025-01-05T06:00:00+00:00,AWS-BHO-102,7.9,963.9,100.0,False,,low,0.5,NORMAL,13.1,957.0,71.0,HEALTHY,replay,0.9,0.0
2025-01-05T07:00:00+00:00,AWS-BHO-102,7.9,964.4,100.0,False,,low,1.0,NORMAL,13.0,957.5,69.0,HEALTHY,replay,1.7,0.0
2025-01-05T08:00:00+00:00,AWS-BHO-102,10.5,965.7,98.0,False,,low,2.9,NORMAL,14.7,958.6,65.0,HEALTHY,replay,4.8,0.0
2025-01-05T09:00:00+00:00,AWS-BHO-102,15.8,967.3,75.0,False,,low,27.3,NORMAL,17.0,959.8,61.0,HEALTHY,replay,45.4,0.0
2025-01-05T10:00:00+00:00,AWS-BHO-102,18.5,967.6,67.0,False,,low,16.6,NORMAL,19.2,960.0,58.0,HEALTHY,replay,27.7,0.0
2025-01-05T11:00:00+00:00,AWS-BHO-102,21.3,967.1,60.0,False,,low,12.9,NORMAL,21.3,959.7,54.0,HEALTHY,replay,21.5,0.0
2025-01-05T12:00:00+00:00,AWS-BHO-102,22.1,966.4,60.0,False,,low,3.7,NORMAL,22.3,958.9,51.0,HEALTHY,replay,6.1,0.0
2025-01-05T13:00:00+00:00,AWS-BHO-102,22.2,965.3,59.0,False,,low,1.7,NORMAL,22.3,957.9,53.0,HEALTHY,replay,2.8,0.0
2025-01-05T14:00:00+00:00,AWS-BHO-102,22.4,964.6,59.0,False,,low,1.3,NORMAL,21.9,957.1,55.0,HEALTHY,replay,2.1,0.0
2025-01-05T15:00:00+00:00,AWS-BHO-102,21.8,964.2,65.0,False,,low,0.7,NORMAL,21.5,956.6,60.0,HEALTHY,replay,1.2,0.0
2025-01-05T16:00:00+00:00,AWS-BHO-102,20.4,963.5,77.0,False,,low,4.7,NORMAL,20.5,956.0,69.0,HEALTHY,replay,7.8,0.0
2025-01-05T17:00:00+00:00,AWS-BHO-102,19.2,963.6,78.0,False,,low,0.3,NORMAL,19.6,956.2,76.0,HEALTHY,replay,0.6,0.0
2025-01-05T18:00:00+00:00,AWS-BHO-102,18.4,964.2,84.0,False,,low,0.3,NORMAL,18.3,957.0,76.0,HEALTHY,replay,0.6,0.0
2025-01-05T19:00:00+00:00,AWS-BHO-102,17.3,964.7,87.0,False,,low,0.2,NORMAL,17.5,956.4,73.0,HEALTHY,replay,0.3,0.0
2025-01-05T20:00:00+00:00,AWS-BHO-102,15.6,964.8,93.0,False,,low,0.3,NORMAL,16.0,963.1,85.0,HEALTHY,replay,0.5,0.0
2025-01-05T21:00:00+00:00,AWS-BHO-102,14.9,965.1,91.0,False,,low,0.2,NORMAL,15.1,963.2,84.0,HEALTHY,replay,0.4,0.0
2025-01-05T22:00:00+00:00,AWS-BHO-102,13.8,964.7,90.0,False,,low,0.3,NORMAL,14.2,963.1,82.0,HEALTHY,replay,0.5,0.0
2025-01-05T23:00:00+00:00,AWS-BHO-102,12.5,964.2,88.0,False,,low,0.6,NORMAL,14.0,962.5,80.0,HEALTHY,replay,0.9,0.0
2025-01-06T00:00:00+00:00,AWS-BHO-102,11.9,963.8,86.0,False,,low,0.3,NORMAL,14.0,962.2,79.0,HEALTHY,replay,0.4,0.0
2025-01-06T01:00:00+00:00,AWS-BHO-102,11.9,963.4,83.0,False,,low,0.3,NORMAL,14.2,955.0,73.0,HEALTHY,replay,0.4,0.0
2025-01-06T02:00:00+00:00,AWS-BHO-102,11.3,963.0,83.0,False,,low,0.2,NORMAL,12.9,961.4,84.0,HEALTHY,replay,0.3,0.0
2025-01-06T03:00:00+00:00,AWS-BHO-102,10.9,962.5,83.0,False,,low,0.3,NORMAL,13.4,955.2,85.0,WARNING,replay,0.5,0.0
2025-01-06T04:00:00+00:00,AWS-BHO-102,10.2,962.5,84.0,False,,low,0.2,NORMAL,13.1,955.2,82.0,OFFLINE,replay,0.4,0.0
2025-01-06T05:00:00+00:00,AWS-BHO-102,10.1,962.7,84.0,False,,low,0.4,NORMAL,12.5,955.3,81.0,OFFLINE,replay,0.6,0.0
2025-01-06T06:00:00+00:00,AWS-BHO-102,11.4,963.8,81.0,False,,low,1.2,NORMAL,12.3,956.1,83.0,OFFLINE,replay,2.0,0.0
2025-01-06T07:00:00+00:00,AWS-BHO-102,11.6,964.4,82.0,False,,low,1.7,NORMAL,12.2,956.7,82.0,OFFLINE,replay,2.8,0.0
2025-01-06T08:00:00+00:00,AWS-BHO-102,13.7,965.6,80.0,False,,low,11.5,NORMAL,15.1,957.9,77.0,OFFLINE,replay,19.2,0.0
2025-01-06T09:00:00+00:00,AWS-BHO-102,16.8,966.7,72.0,False,,low,41.7,NORMAL,18.2,959.3,70.0,OFFLINE,replay,69.4,0.0
2025-01-06T10:00:00+00:00,AWS-BHO-102,19.9,967.1,67.0,False,,low,48.5,NORMAL,21.2,959.9,60.0,OFFLINE,replay,80.8,0.0
2025-01-06T11:00:00+00:00,AWS-BHO-102,22.5,966.7,61.0,False,,low,50.4,NORMAL,23.2,959.5,53.0,OFFLINE,replay,84.0,0.0
2025-01-06T12:00:00+00:00,AWS-BHO-102,24.2,965.7,53.0,False,,low,52.3,NORMAL,24.4,958.6,50.0,OFFLINE,replay,87.2,0.0
2025-01-06T13:00:00+00:00,AWS-BHO-102,25.0,964.8,49.0,False,,low,51.7,NORMAL,25.0,957.7,47.0,OFFLINE,replay,86.2,0.0
2025-01-06T14:00:00+00:00,AWS-BHO-102,25.3,964.4,48.0,True,unstructured_anomaly,critical,92.1,ML_MODEL_ISOLATION,25.2,957.1,46.0,OFFLINE,replay,92.1,0.0
2025-01-06T15:00:00+00:00,AWS-BHO-102,25.2,964.1,49.0,True,unstructured_anomaly,critical,92.4,ML_MODEL_ISOLATION,25.0,956.8,48.0,OFFLINE,replay,92.4,0.0
2025-01-06T16:00:00+00:00,AWS-BHO-102,24.1,963.7,60.0,True,unstructured_anomaly,critical,93.2,ML_MODEL_ISOLATION,24.1,956.6,50.0,OFFLINE,replay,93.2,0.0
2025-01-06T17:00:00+00:00,AWS-BHO-102,21.1,963.5,73.0,False,,low,52.4,NORMAL,21.9,956.6,63.0,OFFLINE,replay,87.3,0.0
2025-01-06T18:00:00+00:00,AWS-BHO-102,19.0,964.3,85.0,False,,low,41.3,NORMAL,20.0,957.0,71.15,OFFLINE,replay,68.8,0.0
2025-01-06T19:00:00+00:00,AWS-BHO-102,17.9,964.9,88.0,True,multivariate_inconsistency,medium,60.7,FUSED_CONSENSUS,18.7,957.5,76.0,OFFLINE,replay,71.2,45.0
2025-01-06T20:00:00+00:00,AWS-BHO-102,17.0,965.6,84.0,False,,low,49.5,NORMAL,17.8,958.2,80.5,OFFLINE,replay,82.5,0.0
2025-01-06T21:00:00+00:00,AWS-BHO-102,16.0,966.2,85.0,False,,low,39.8,NORMAL,16.7,958.8,86.0,OFFLINE,replay,66.4,0.0
2025-01-06T22:00:00+00:00,AWS-BHO-102,14.9,966.7,89.0,True,multivariate_inconsistency,medium,63.9,FUSED_CONSENSUS,15.6,959.1,89.0,OFFLINE,replay,76.5,45.0
2025-01-06T23:00:00+00:00,AWS-BHO-102,14.0,966.7,95.0,True,multivariate_inconsistency,high,70.0,FUSED_CONSENSUS,14.7,959.1,92.0,OFFLINE,replay,86.7,45.0
2025-01-07T00:00:00+00:00,AWS-BHO-102,13.3,966.7,97.0,True,multivariate_inconsistency,high,70.5,FUSED_CONSENSUS,14.0,964.6,96.0,OFFLINE,replay,87.5,45.0
2025-01-07T01:00:00+00:00,AWS-BHO-102,12.7,966.7,97.0,True,multivariate_inconsistency,medium,65.0,FUSED_CONSENSUS,13.4,960.64,97.0,OFFLINE,replay,78.3,45.0
2025-01-07T02:00:00+00:00,AWS-BHO-102,12.1,966.7,97.0,True,multivariate_inconsistency,medium,58.9,FUSED_CONSENSUS,13.0,959.18,97.45,OFFLINE,replay,68.1,45.0
2025-01-07T03:00:00+00:00,AWS-BHO-102,11.5,966.6,97.0,False,,low,40.3,NORMAL,12.5,958.95,98.0,OFFLINE,replay,67.2,0.0
2025-01-07T04:00:00+00:00,AWS-BHO-102,11.1,966.7,98.0,False,,low,41.2,NORMAL,11.9,958.91,99.0,OFFLINE,replay,68.7,0.0
2025-01-07T05:00:00+00:00,AWS-BHO-102,11.0,967.2,99.0,False,,low,46.0,NORMAL,11.5,959.2,98.88,WARNING,replay,76.7,0.0
2025-01-07T06:00:00+00:00,AWS-BHO-102,9.9,968.1,99.0,False,,low,18.7,NORMAL,10.5,960.3,98.0,OFFLINE,replay,31.1,0.0
2025-01-07T07:00:00+00:00,AWS-BHO-102,9.8,968.9,100.0,False,,low,14.9,NORMAL,10.2,961.0,98.0,OFFLINE,replay,24.8,0.0
2025-01-07T08:00:00+00:00,AWS-BHO-102,10.3,970.0,97.0,False,,low,24.6,NORMAL,11.5,962.2,93.0,OFFLINE,replay,41.0,0.0
2025-01-07T09:00:00+00:00,AWS-BHO-102,12.3,970.8,86.0,False,,low,48.1,NORMAL,13.5,962.9,85.0,WARNING,replay,80.1,0.0
2025-01-07T10:00:00+00:00,AWS-BHO-102,14.6,970.7,80.0,False,,low,50.3,NORMAL,15.6,962.9,78.0,WARNING,replay,83.8,0.0
2025-01-07T11:00:00+00:00,AWS-BHO-102,16.5,969.9,75.0,False,,low,47.4,NORMAL,17.8,962.3,70.54,WARNING,replay,79.0,0.0
2025-01-07T12:00:00+00:00,AWS-BHO-102,18.2,968.6,70.0,False,,low,37.3,NORMAL,19.5,961.1,63.25,WARNING,replay,62.1,0.0
2025-01-07T13:00:00+00:00,AWS-BHO-102,19.3,967.4,63.0,False,,low,23.5,NORMAL,20.4,959.9,57.98,WARNING,replay,39.1,0.0
2025-01-07T14:00:00+00:00,AWS-BHO-102,19.9,966.5,56.0,False,,low,19.9,NORMAL,20.8,959.0,54.75,WARNING,replay,33.1,0.0
2025-01-07T15:00:00+00:00,AWS-BHO-102,19.8,966.0,56.0,False,,low,7.6,NORMAL,20.7,958.5,56.0,WARNING,replay,12.7,0.0
2025-01-07T16:00:00+00:00,AWS-BHO-102,19.2,965.8,61.0,False,,low,4.0,NORMAL,19.9,958.2,59.0,WARNING,replay,6.6,0.0
2025-01-07T17:00:00+00:00,AWS-BHO-102,16.8,965.4,76.0,False,,low,15.4,NORMAL,17.5,958.1,74.19,WARNING,replay,25.7,0.0
2025-01-07T18:00:00+00:00,AWS-BHO-102,14.7,965.9,86.0,False,,low,23.3,NORMAL,15.6,958.7,81.0,WARNING,replay,38.8,0.0
2025-01-07T19:00:00+00:00,AWS-BHO-102,13.9,966.2,87.0,False,,low,11.1,NORMAL,14.6,959.0,83.0,WARNING,replay,18.5,0.0
2025-01-07T20:00:00+00:00,AWS-BHO-102,12.6,966.8,92.0,False,,low,8.8,NORMAL,13.7,959.4,85.87,WARNING,replay,14.6,0.0
2025-01-07T21:00:00+00:00,AWS-BHO-102,12.0,967.3,93.0,False,,low,3.6,NORMAL,12.8,959.9,88.81,WARNING,replay,6.0,0.0
2025-01-07T22:00:00+00:00,AWS-BHO-102,10.7,967.3,91.0,False,,low,6.8,NORMAL,11.7,959.8,94.0,WARNING,replay,11.4,0.0
2025-01-07T23:00:00+00:00,AWS-BHO-102,10.1,966.7,92.0,False,,low,2.1,NORMAL,11.0,959.0,93.0,HEALTHY,replay,3.5,0.0
2025-01-08T00:00:00+00:00,AWS-BHO-102,9.5,966.2,94.0,False,,low,1.2,NORMAL,10.1,958.5,93.0,HEALTHY,replay,2.0,0.0
2025-01-08T01:00:00+00:00,AWS-BHO-102,9.0,965.5,95.0,False,,low,0.9,NORMAL,9.2,957.9,95.0,HEALTHY,replay,1.5,0.0
2025-01-08T02:00:00+00:00,AWS-BHO-102,7.9,964.9,97.0,False,,low,1.5,NORMAL,8.5,957.3,97.0,HEALTHY,replay,2.5,0.0
2025-01-08T03:00:00+00:00,AWS-BHO-102,7.3,964.9,98.0,False,,low,0.9,NORMAL,8.0,957.2,99.0,HEALTHY,replay,1.5,0.0
2025-01-08T04:00:00+00:00,AWS-BHO-102,6.9,964.9,100.0,False,,low,1.1,NORMAL,7.2,957.2,99.0,HEALTHY,replay,1.8,0.0
2025-01-08T05:00:00+00:00,AWS-BHO-102,6.7,965.1,100.0,False,,low,1.1,NORMAL,7.0,957.4,100.0,HEALTHY,replay,1.9,0.0
2025-01-08T06:00:00+00:00,AWS-BHO-102,6.1,966.0,100.0,False,,low,1.5,NORMAL,6.9,958.2,100.0,HEALTHY,replay,2.6,0.0
2025-01-08T07:00:00+00:00,AWS-BHO-102,6.9,967.1,100.0,False,,low,2.2,NORMAL,7.2,959.1,99.0,HEALTHY,replay,3.7,0.0
2025-01-08T08:00:00+00:00,AWS-BHO-102,8.1,968.7,98.0,False,,low,5.2,NORMAL,9.0,960.6,96.0,HEALTHY,replay,8.6,0.0
2025-01-08T09:00:00+00:00,AWS-BHO-102,9.5,969.7,97.0,False,,low,4.0,NORMAL,11.4,961.9,89.0,HEALTHY,replay,6.6,0.0
2025-01-08T10:00:00+00:00,AWS-BHO-102,12.3,969.9,84.0,False,,low,5.9,NORMAL,13.9,962.0,76.0,HEALTHY,replay,9.9,0.0
2025-01-08T11:00:00+00:00,AWS-BHO-102,14.4,969.2,78.0,False,,low,2.4,NORMAL,16.3,961.4,58.0,HEALTHY,replay,4.0,0.0
2025-01-08T12:00:00+00:00,AWS-BHO-102,16.2,968.1,65.0,False,,low,3.1,NORMAL,18.1,960.4,51.0,HEALTHY,replay,5.2,0.0
2025-01-08T13:00:00+00:00,AWS-BHO-102,17.5,967.0,56.0,False,,low,4.2,NORMAL,19.1,959.5,49.0,HEALTHY,replay,7.1,0.0
2025-01-08T14:00:00+00:00,AWS-BHO-102,18.2,966.4,53.0,False,,low,2.1,NORMAL,19.7,958.8,47.0,HEALTHY,replay,3.5,0.0
2025-01-08T15:00:00+00:00,AWS-BHO-102,18.3,966.1,52.0,False,,low,1.5,NORMAL,19.7,958.5,47.0,HEALTHY,replay,2.5,0.0
2025-01-08T16:00:00+00:00,AWS-BHO-102,17.8,966.1,55.0,False,,low,0.4,NORMAL,19.0,958.4,47.0,HEALTHY,replay,0.7,0.0
2025-01-08T17:00:00+00:00,AWS-BHO-102,15.0,965.9,74.0,False,,low,2.9,NORMAL,16.6,958.5,64.0,HEALTHY,replay,4.8,0.0
2025-01-08T18:00:00+00:00,AWS-BHO-102,13.6,965.8,80.0,False,,low,1.2,NORMAL,13.0,963.9,60.0,HEALTHY,replay,2.0,0.0
2025-01-08T19:00:00+00:00,AWS-BHO-102,12.0,966.2,85.0,False,,low,1.3,NORMAL,13.7,958.2,62.0,HEALTHY,replay,2.2,0.0
2025-01-08T20:00:00+00:00,AWS-BHO-102,11.1,966.6,86.0,False,,low,0.6,NORMAL,12.5,958.5,82.0,HEALTHY,replay,1.0,0.0
2025-01-08T21:00:00+00:00,AWS-BHO-102,10.5,966.7,87.0,False,,low,0.4,NORMAL,11.5,958.6,73.0,HEALTHY,replay,0.6,0.0
2025-01-08T22:00:00+00:00,AWS-BHO-102,9.9,966.6,89.0,False,,low,0.3,NORMAL,11.0,958.5,84.0,HEALTHY,replay,0.4,0.0
2025-01-08T23:00:00+00:00,AWS-BHO-102,9.4,966.2,90.0,False,,low,0.1,NORMAL,10.4,958.8,85.0,HEALTHY,replay,0.2,0.0
2025-01-09T00:00:00+00:00,AWS-BHO-102,9.0,966.0,91.0,False,,low,0.2,NORMAL,10.1,958.5,83.0,HEALTHY,replay,0.4,0.0
2025-01-09T01:00:00+00:00,AWS-BHO-102,8.7,965.6,91.0,False,,low,0.2,NORMAL,10.1,958.1,82.0,HEALTHY,replay,0.4,0.0
2025-01-09T02:00:00+00:00,AWS-BHO-102,8.4,965.5,90.0,False,,low,0.2,NORMAL,9.9,957.8,81.0,HEALTHY,replay,0.3,0.0
2025-01-09T03:00:00+00:00,AWS-BHO-102,7.8,965.0,92.0,False,,low,0.2,NORMAL,9.8,957.4,81.0,HEALTHY,replay,0.3,0.0
2025-01-09T04:00:00+00:00,AWS-BHO-102,7.0,965.0,95.0,False,,low,0.2,NORMAL,9.6,957.4,84.0,HEALTHY,replay,0.3,0.0
2025-01-09T05:00:00+00:00,AWS-BHO-102,6.5,965.3,95.0,False,,low,0.2,NORMAL,9.1,957.7,85.0,HEALTHY,replay,0.4,0.0
2025-01-09T06:00:00+00:00,AWS-BHO-102,6.6,966.3,93.0,False,,low,0.3,NORMAL,8.7,958.7,80.0,HEALTHY,replay,0.4,0.0
2025-01-09T07:00:00+00:00,AWS-BHO-102,7.2,967.3,93.0,False,,low,0.5,NORMAL,8.9,959.7,84.0,HEALTHY,replay,0.8,0.0
2025-01-09T08:00:00+00:00,AWS-BHO-102,10.2,968.8,87.0,False,,low,5.3,NORMAL,11.7,961.1,82.0,HEALTHY,replay,8.9,0.0
2025-01-09T09:00:00+00:00,AWS-BHO-102,13.7,970.2,78.0,False,,low,43.3,NORMAL,14.8,962.3,72.0,HEALTHY,replay,72.1,0.0
2025-01-09T10:00:00+00:00,AWS-BHO-102,16.8,970.2,67.0,False,,low,38.5,NORMAL,17.3,962.4,60.0,HEALTHY,replay,64.1,0.0
2025-01-09T11:00:00+00:00,AWS-BHO-102,19.1,969.5,55.0,False,,low,32.9,NORMAL,19.4,961.8,50.0,HEALTHY,replay,54.9,0.0
2025-01-09T12:00:00+00:00,AWS-BHO-102,20.5,968.3,48.0,False,,low,15.7,NORMAL,20.8,960.7,45.0,HEALTHY,replay,26.2,0.0
2025-01-09T13:00:00+00:00,AWS-BHO-102,21.3,967.5,46.0,False,,low,6.0,NORMAL,21.7,960.0,41.0,HEALTHY,replay,10.0,0.0
2025-01-09T14:00:00+00:00,AWS-BHO-102,21.7,966.7,44.0,False,,low,5.4,NORMAL,22.2,959.1,40.93,HEALTHY,replay,8.9,0.0
2025-01-09T15:00:00+00:00,AWS-BHO-102,21.6,966.3,46.0,False,,low,2.3,NORMAL,22.1,958.8,40.87,HEALTHY,replay,3.8,0.0
2025-01-09T16:00:00+00:00,AWS-BHO-102,20.7,966.3,54.0,False,,low,2.0,NORMAL,21.5,958.8,40.82,HEALTHY,replay,3.3,0.0
2025-01-09T17:00:00+00:00,AWS-BHO-102,17.8,966.2,67.0,False,,low,3.5,NORMAL,19.0,958.8,53.0,HEALTHY,replay,5.8,0.0
2025-01-09T18:00:00+00:00,AWS-BHO-102,16.2,966.8,74.0,False,,low,1.9,NORMAL,17.2,959.4,63.0,HEALTHY,replay,3.2,0.0
2025-01-09T19:00:00+00:00,AWS-BHO-102,15.3,967.2,74.0,False,,low,1.2,NORMAL,15.9,959.9,69.0,HEALTHY,replay,2.0,0.0
2025-01-09T20:00:00+00:00,AWS-BHO-102,14.3,968.1,75.0,False,,low,1.5,NORMAL,15.2,960.5,72.0,HEALTHY,replay,2.4,0.0
2025-01-09T21:00:00+00:00,AWS-BHO-102,12.9,968.7,81.0,False,,low,1.3,NORMAL,14.4,961.2,75.0,HEALTHY,replay,2.2,0.0
2025-01-09T22:00:00+00:00,AWS-BHO-102,11.5,968.8,87.0,False,,low,0.9,NORMAL,13.8,961.3,76.0,HEALTHY,replay,1.4,0.0
2025-01-09T23:00:00+00:00,AWS-BHO-102,10.6,968.5,87.0,False,,low,0.3,NORMAL,13.1,961.0,77.0,HEALTHY,replay,0.5,0.0
2025-01-10T00:00:00+00:00,AWS-BHO-102,9.9,968.2,87.0,False,,low,0.2,NORMAL,12.5,960.6,75.0,HEALTHY,replay,0.3,0.0
2025-01-10T01:00:00+00:00,AWS-BHO-102,9.2,967.7,87.0,False,,low,0.2,NORMAL,12.2,960.2,71.0,HEALTHY,replay,0.3,0.0
2025-01-10T02:00:00+00:00,AWS-BHO-102,9.1,967.3,86.0,False,,low,0.1,NORMAL,11.9,959.9,68.0,HEALTHY,replay,0.2,0.0
2025-01-10T03:00:00+00:00,AWS-BHO-102,8.8,967.0,86.0,False,,low,0.2,NORMAL,11.6,959.6,70.0,HEALTHY,replay,0.3,0.0
2025-01-10T04:00:00+00:00,AWS-BHO-102,8.5,966.7,87.0,False,,low,0.2,NORMAL,11.2,959.3,74.0,HEALTHY,replay,0.3,0.0
2025-01-10T05:00:00+00:00,AWS-BHO-102,8.3,967.0,87.0,False,,low,0.3,NORMAL,10.8,959.5,76.0,HEALTHY,replay,0.5,0.0
2025-01-10T06:00:00+00:00,AWS-BHO-102,8.3,967.9,85.0,False,,low,0.3,NORMAL,10.3,960.2,80.0,HEALTHY,replay,0.5,0.0
2025-01-10T07:00:00+00:00,AWS-BHO-102,7.8,968.6,91.0,False,,low,0.2,NORMAL,10.3,960.9,80.0,HEALTHY,replay,0.4,0.0
2025-01-10T08:00:00+00:00,AWS-BHO-102,10.6,970.1,82.0,False,,low,2.2,NORMAL,12.1,962.1,74.0,HEALTHY,replay,3.6,0.0
2025-01-10T09:00:00+00:00,AWS-BHO-102,14.0,971.2,72.0,False,,low,7.0,NORMAL,15.1,963.4,62.0,HEALTHY,replay,11.7,0.0
2025-01-10T10:00:00+00:00,AWS-BHO-102,16.8,971.5,62.0,False,,low,9.7,NORMAL,18.0,963.8,53.0,HEALTHY,replay,16.1,0.0
2025-01-10T11:00:00+00:00,AWS-BHO-102,19.2,970.8,55.0,False,,low,3.4,NORMAL,20.6,963.3,44.0,HEALTHY,replay,5.7,0.0
2025-01-10T12:00:00+00:00,AWS-BHO-102,21.0,969.8,51.0,False,,low,2.0,NORMAL,22.1,962.2,38.0,HEALTHY,replay,3.4,0.0
2025-01-10T13:00:00+00:00,AWS-BHO-102,22.2,968.9,48.0,False,,low,1.4,NORMAL,22.9,961.4,30.0,HEALTHY,replay,2.3,0.0
2025-01-10T14:00:00+00:00,AWS-BHO-102,22.8,968.0,44.0,False,,low,1.4,NORMAL,23.2,960.5,30.0,HEALTHY,replay,2.3,0.0
2025-01-10T15:00:00+00:00,AWS-BHO-102,22.9,967.4,43.0,False,,low,0.7,NORMAL,23.1,959.8,31.0,HEALTHY,replay,1.2,0.0
2025-01-10T16:00:00+00:00,AWS-BHO-102,22.2,967.2,48.0,False,,low,0.3,NORMAL,22.4,959.6,34.0,HEALTHY,replay,0.6,0.0
2025-01-10T17:00:00+00:00,AWS-BHO-102,19.5,966.6,62.0,False,,low,1.1,NORMAL,20.3,959.3,53.0,HEALTHY,replay,1.9,0.0
2025-01-10T18:00:00+00:00,AWS-BHO-102,16.8,966.4,76.0,False,,low,4.5,NORMAL,18.0,959.1,63.0,HEALTHY,replay,7.5,0.0
2025-01-10T19:00:00+00:00,AWS-BHO-102,15.1,966.5,86.0,False,,low,6.9,NORMAL,16.8,959.4,68.0,HEALTHY,replay,11.5,0.0
2025-01-10T20:00:00+00:00,AWS-BHO-102,14.2,967.0,86.0,False,,low,1.6,NORMAL,16.3,959.8,65.0,HEALTHY,replay,2.6,0.0
2025-01-10T21:00:00+00:00,AWS-BHO-102,13.3,967.6,88.0,False,,low,0.9,NORMAL,15.6,960.3,66.0,HEALTHY,replay,1.5,0.0
2025-01-10T22:00:00+00:00,AWS-BHO-102,12.3,967.8,89.0,False,,low,0.3,NORMAL,14.7,960.4,75.0,HEALTHY,replay,0.5,0.0
2025-01-10T23:00:00+00:00,AWS-BHO-102,11.6,967.5,90.0,False,,low,0.1,NORMAL,13.8,959.9,75.0,HEALTHY,replay,0.2,0.0
2025-01-11T00:00:00+00:00,AWS-BHO-102,11.3,967.0,89.0,False,,low,0.2,NORMAL,14.0,959.5,76.0,HEALTHY,replay,0.3,0.0
2025-01-11T01:00:00+00:00,AWS-BHO-102,11.1,966.7,87.0,False,,low,0.2,NORMAL,13.9,959.3,73.0,HEALTHY,replay,0.3,0.0
2025-01-11T02:00:00+00:00,AWS-BHO-102,11.0,966.2,86.0,False,,low,0.2,NORMAL,13.4,958.7,76.0,HEALTHY,replay,0.3,0.0
2025-01-11T03:00:00+00:00,AWS-BHO-102,10.5,965.9,87.0,False,,low,0.1,NORMAL,12.8,958.4,79.0,HEALTHY,replay,0.2,0.0
2025-01-11T04:00:00+00:00,AWS-BHO-102,9.9,965.9,90.0,False,,low,0.1,NORMAL,12.4,958.4,82.0,HEALTHY,replay,0.2,0.0
2025-01-11T05:00:00+00:00,AWS-BHO-102,9.4,965.9,91.0,False,,low,0.2,NORMAL,12.0,958.4,82.0,HEALTHY,replay,0.4,0.0
2025-01-11T06:00:00+00:00,AWS-BHO-102,8.7,966.5,93.0,False,,low,0.4,NORMAL,11.6,959.0,81.0,HEALTHY,replay,0.6,0.0
2025-01-11T07:00:00+00:00,AWS-BHO-102,8.8,967.0,94.0,False,,low,0.2,NORMAL,11.6,959.4,81.0,HEALTHY,replay,0.4,0.0
2025-01-11T08:00:00+00:00,AWS-BHO-102,11.9,968.4,84.0,False,,low,0.8,NORMAL,13.8,960.1,74.0,HEALTHY,replay,1.4,0.0
2025-01-11T09:00:00+00:00,AWS-BHO-102,15.9,969.2,68.0,False,,low,10.6,NORMAL,16.8,961.6,63.0,HEALTHY,replay,17.7,0.0
2025-01-11T10:00:00+00:00,AWS-BHO-102,19.1,969.6,59.0,False,,low,10.7,NORMAL,19.9,962.1,53.0,HEALTHY,replay,17.8,0.0
2025-01-11T11:00:00+00:00,AWS-BHO-102,21.8,969.0,52.0,False,,low,8.6,NORMAL,22.1,961.4,49.0,HEALTHY,replay,14.4,0.0
2025-01-11T12:00:00+00:00,AWS-BHO-102,23.4,967.8,48.0,False,,low,7.8,NORMAL,23.5,960.4,48.0,HEALTHY,replay,12.9,0.0
2025-01-11T13:00:00+00:00,AWS-BHO-102,24.2,966.8,46.0,False,,low,4.5,NORMAL,24.4,959.4,45.0,HEALTHY,replay,7.5,0.0
2025-01-11T14:00:00+00:00,AWS-BHO-102,24.5,965.8,45.0,False,,low,3.3,NORMAL,25.0,958.5,43.0,HEALTHY,replay,5.4,0.0
2025-01-11T15:00:00+00:00,AWS-BHO-102,24.5,965.4,45.0,False,,low,1.6,NORMAL,25.2,957.9,42.0,HEALTHY,replay,2.7,0.0
2025-01-11T16:00:00+00:00,AWS-BHO-102,23.9,965.2,50.0,False,,low,0.8,NORMAL,24.5,957.8,45.0,HEALTHY,replay,1.3,0.0
2025-01-11T17:00:00+00:00,AWS-BHO-102,21.1,964.8,64.0,False,,low,3.3,NORMAL,22.8,957.6,55.0,HEALTHY,replay,5.6,0.0
2025-01-11T18:00:00+00:00,AWS-BHO-102,18.9,964.9,69.0,False,,low,1.9,NORMAL,20.2,957.6,71.0,HEALTHY,replay,3.1,0.0
2025-01-11T19:00:00+00:00,AWS-BHO-102,17.6,965.2,70.0,False,,low,0.7,NORMAL,19.0,958.1,73.0,HEALTHY,replay,1.2,0.0
2025-01-11T20:00:00+00:00,AWS-BHO-102,17.3,965.7,69.0,False,,low,0.6,NORMAL,17.9,958.6,75.0,HEALTHY,replay,1.0,0.0
2025-01-11T21:00:00+00:00,AWS-BHO-102,16.8,966.1,71.0,False,,low,0.3,NORMAL,17.8,959.0,74.0,HEALTHY,replay,0.6,0.0
2025-01-11T22:00:00+00:00,AWS-BHO-102,16.4,966.3,73.0,False,,low,0.6,NORMAL,17.8,959.1,73.0,HEALTHY,replay,1.0,0.0
2025-01-11T23:00:00+00:00,AWS-BHO-102,16.3,966.3,72.0,False,,low,1.1,NORMAL,17.4,958.9,75.0,HEALTHY,replay,1.8,0.0
2025-01-12T00:00:00+00:00,AWS-BHO-102,16.2,965.9,74.0,False,,low,1.9,NORMAL,16.5,958.6,77.0,HEALTHY,replay,3.2,0.0
2025-01-12T01:00:00+00:00,AWS-BHO-102,14.7,965.8,84.0,False,,low,2.5,NORMAL,15.9,958.4,77.0,HEALTHY,replay,4.2,0.0
2025-01-12T02:00:00+00:00,AWS-BHO-102,14.4,965.8,85.0,False,,low,1.2,NORMAL,15.2,958.3,79.0,HEALTHY,replay,2.0,0.0
2025-01-12T03:00:00+00:00,AWS-BHO-102,14.3,965.7,86.0,False,,low,0.9,NORMAL,15.1,957.8,81.0,HEALTHY,replay,1.6,0.0
2025-01-12T04:00:00+00:00,AWS-BHO-102,13.8,965.7,90.0,False,,low,1.0,NORMAL,14.6,963.9,92.0,HEALTHY,replay,1.6,0.0
2025-01-12T05:00:00+00:00,AWS-BHO-102,14.0,966.1,90.0,False,,low,1.3,NORMAL,15.2,958.0,93.0,HEALTHY,replay,2.2,0.0
2025-01-12T06:00:00+00:00,AWS-BHO-102,14.7,966.9,92.0,False,,low,1.3,NORMAL,14.5,965.0,94.0,HEALTHY,replay,2.2,0.0
2025-01-12T07:00:00+00:00,AWS-BHO-102,15.0,967.4,92.0,False,,low,0.9,NORMAL,15.0,959.5,91.0,HEALTHY,replay,1.4,0.0
2025-01-12T08:00:00+00:00,AWS-BHO-102,16.4,968.7,88.0,False,,low,1.3,NORMAL,16.3,961.0,89.0,HEALTHY,replay,2.2,0.0
2025-01-12T09:00:00+00:00,AWS-BHO-102,18.2,969.6,82.0,False,,low,1.2,NORMAL,18.5,962.1,79.0,HEALTHY,replay,2.0,0.0
2025-01-12T10:00:00+00:00,AWS-BHO-102,20.1,969.8,74.0,False,,low,0.5,NORMAL,20.2,962.4,71.0,HEALTHY,replay,0.9,0.0
2025-01-12T11:00:00+00:00,AWS-BHO-102,21.5,969.2,68.0,False,,low,0.5,NORMAL,21.8,961.8,62.0,HEALTHY,replay,0.9,0.0
2025-01-12T12:00:00+00:00,AWS-BHO-102,22.6,968.3,63.0,False,,low,0.5,NORMAL,23.1,960.9,53.0,HEALTHY,replay,0.8,0.0
2025-01-12T13:00:00+00:00,AWS-BHO-102,23.1,967.1,62.0,False,,low,0.5,NORMAL,23.9,959.6,48.0,HEALTHY,replay,0.9,0.0
2025-01-12T14:00:00+00:00,AWS-BHO-102,22.9,966.5,61.0,False,,low,0.7,NORMAL,23.9,959.0,46.0,HEALTHY,replay,1.2,0.0
2025-01-12T15:00:00+00:00,AWS-BHO-102,22.6,966.2,60.0,False,,low,0.5,NORMAL,23.8,958.6,47.0,HEALTHY,replay,0.8,0.0
2025-01-12T16:00:00+00:00,AWS-BHO-102,22.4,966.3,58.0,False,,low,0.5,NORMAL,23.2,958.8,49.0,HEALTHY,replay,0.9,0.0
2025-01-12T17:00:00+00:00,AWS-BHO-102,20.5,966.2,72.0,False,,low,0.8,NORMAL,21.4,958.9,55.0,HEALTHY,replay,1.3,0.0
2025-01-12T18:00:00+00:00,AWS-BHO-102,17.6,967.1,87.0,False,,low,7.6,NORMAL,18.4,959.9,65.0,HEALTHY,replay,12.7,0.0
2025-01-12T19:00:00+00:00,AWS-BHO-102,16.4,967.5,91.0,False,,low,3.6,NORMAL,16.9,960.5,66.0,HEALTHY,replay,6.1,0.0
2025-01-12T20:00:00+00:00,AWS-BHO-102,15.5,968.3,88.0,False,,low,4.9,NORMAL,15.6,961.0,70.0,HEALTHY,replay,8.2,0.0
2025-01-12T21:00:00+00:00,AWS-BHO-102,14.5,968.8,77.0,False,,low,2.5,NORMAL,15.0,961.5,76.0,HEALTHY,replay,4.2,0.0
2025-01-12T22:00:00+00:00,AWS-BHO-102,13.6,968.9,81.0,False,,low,0.6,NORMAL,14.1,961.5,79.0,HEALTHY,replay,1.0,0.0
2025-01-12T23:00:00+00:00,AWS-BHO-102,12.5,968.4,88.0,False,,low,0.7,NORMAL,12.8,960.4,84.0,HEALTHY,replay,1.2,0.0
2025-01-13T00:00:00+00:00,AWS-BHO-102,11.7,968.0,92.0,False,,low,0.8,NORMAL,12.0,960.0,89.0,HEALTHY,replay,1.3,0.0
2025-01-13T01:00:00+00:00,AWS-BHO-102,11.4,967.7,93.0,False,,low,0.3,NORMAL,11.5,959.7,92.0,HEALTHY,replay,0.4,0.0
2025-01-13T02:00:00+00:00,AWS-BHO-102,10.9,967.3,94.0,False,,low,0.2,NORMAL,11.1,959.7,93.0,HEALTHY,replay,0.4,0.0
2025-01-13T03:00:00+00:00,AWS-BHO-102,10.2,967.2,94.0,False,,low,0.3,NORMAL,10.6,959.4,93.0,HEALTHY,replay,0.5,0.0
2025-01-13T04:00:00+00:00,AWS-BHO-102,9.8,967.2,94.0,False,,low,0.5,NORMAL,10.1,959.4,94.0,HEALTHY,replay,0.9,0.0
2025-01-13T05:00:00+00:00,AWS-BHO-102,9.3,967.4,96.0,False,,low,0.7,NORMAL,9.9,959.7,95.0,HEALTHY,replay,1.1,0.0
2025-01-13T06:00:00+00:00,AWS-BHO-102,8.7,968.1,97.0,False,,low,0.7,NORMAL,9.1,960.4,97.0,HEALTHY,replay,1.1,0.0
2025-01-13T07:00:00+00:00,AWS-BHO-102,9.0,968.8,98.0,False,,low,1.0,NORMAL,9.4,960.8,97.0,HEALTHY,replay,1.6,0.0
2025-01-13T08:00:00+00:00,AWS-BHO-102,11.3,970.0,92.0,False,,low,1.5,NORMAL,11.6,961.8,90.0,HEALTHY,replay,2.4,0.0
2025-01-13T09:00:00+00:00,AWS-BHO-102,13.4,970.5,86.0,False,,low,1.8,NORMAL,13.7,962.68,90.0,HEALTHY,replay,3.0,0.0
2025-01-13T10:00:00+00:00,AWS-BHO-102,15.2,970.6,80.0,False,,low,2.6,NORMAL,16.0,962.3,81.0,HEALTHY,replay,4.4,0.0
2025-01-13T11:00:00+00:00,AWS-BHO-102,16.8,970.0,70.0,False,,low,2.0,NORMAL,17.6,962.86,71.0,HEALTHY,replay,3.3,0.0
2025-01-13T12:00:00+00:00,AWS-BHO-102,17.7,968.6,64.0,False,,low,1.1,NORMAL,18.9,961.0,55.0,HEALTHY,replay,1.8,0.0
2025-01-13T13:00:00+00:00,AWS-BHO-102,18.4,967.3,60.0,False,,low,1.9,NORMAL,19.7,959.7,49.0,HEALTHY,replay,3.2,0.0
2025-01-13T14:00:00+00:00,AWS-BHO-102,18.9,966.6,56.0,False,,low,2.7,NORMAL,20.1,959.0,46.0,HEALTHY,replay,4.6,0.0
2025-01-13T15:00:00+00:00,AWS-BHO-102,18.9,966.3,55.0,False,,low,0.7,NORMAL,20.0,958.6,44.0,HEALTHY,replay,1.1,0.0
2025-01-13T16:00:00+00:00,AWS-BHO-102,18.4,966.3,57.0,False,,low,0.6,NORMAL,19.4,958.7,47.0,HEALTHY,replay,0.9,0.0
2025-01-13T17:00:00+00:00,AWS-BHO-102,16.3,966.3,72.0,False,,low,2.8,NORMAL,17.3,958.7,61.0,HEALTHY,replay,4.7,0.0
2025-01-13T18:00:00+00:00,AWS-BHO-102,14.2,966.9,82.0,False,,low,2.5,NORMAL,14.8,959.5,74.0,HEALTHY,replay,4.1,0.0
2025-01-13T19:00:00+00:00,AWS-BHO-102,13.3,967.1,85.0,False,,low,1.1,NORMAL,13.7,959.8,81.0,HEALTHY,replay,1.8,0.0
2025-01-13T20:00:00+00:00,AWS-BHO-102,12.7,967.5,86.0,False,,low,0.3,NORMAL,12.6,960.2,86.0,HEALTHY,replay,0.5,0.0
2025-01-13T21:00:00+00:00,AWS-BHO-102,11.8,967.6,90.0,False,,low,0.2,NORMAL,11.8,960.3,87.0,HEALTHY,replay,0.4,0.0
2025-01-13T22:00:00+00:00,AWS-BHO-102,10.7,967.6,94.0,False,,low,0.5,NORMAL,11.2,960.3,89.0,HEALTHY,replay,0.8,0.0
2025-01-13T23:00:00+00:00,AWS-BHO-102,10.1,967.3,96.0,False,,low,0.3,NORMAL,10.6,959.7,90.0,HEALTHY,replay,0.5,0.0
2025-01-14T00:00:00+00:00,AWS-BHO-102,9.4,966.8,96.0,False,,low,0.4,NORMAL,9.8,959.3,93.0,HEALTHY,replay,0.6,0.0
2025-01-14T01:00:00+00:00,AWS-BHO-102,8.9,966.8,97.0,False,,low,0.3,NORMAL,9.4,959.3,93.0,HEALTHY,replay,0.4,0.0
2025-01-14T02:00:00+00:00,AWS-BHO-102,8.5,966.2,98.0,False,,low,0.2,NORMAL,9.4,958.6,94.0,HEALTHY,replay,0.4,0.0
2025-01-14T03:00:00+00:00,AWS-BHO-102,8.0,966.0,98.0,False,,low,0.2,NORMAL,9.2,958.3,96.0,HEALTHY,replay,0.4,0.0
2025-01-14T04:00:00+00:00,AWS-BHO-102,7.5,966.0,99.0,False,,low,0.3,NORMAL,9.1,958.2,97.0,HEALTHY,replay,0.4,0.0
2025-01-14T05:00:00+00:00,AWS-BHO-102,7.6,966.4,98.0,False,,low,0.5,NORMAL,9.0,958.6,96.0,HEALTHY,replay,0.8,0.0
2025-01-14T06:00:00+00:00,AWS-BHO-102,7.3,967.7,100.0,False,,low,0.2,NORMAL,9.0,960.2,95.0,HEALTHY,replay,0.4,0.0
2025-01-14T07:00:00+00:00,AWS-BHO-102,7.3,968.6,99.0,False,,low,0.5,NORMAL,9.2,960.7,96.0,HEALTHY,replay,0.9,0.0
2025-01-14T08:00:00+00:00,AWS-BHO-102,8.8,969.5,98.0,False,,low,1.5,NORMAL,11.4,961.5,88.0,HEALTHY,replay,2.4,0.0
2025-01-14T09:00:00+00:00,AWS-BHO-102,12.4,970.4,86.0,False,,low,4.1,NORMAL,14.5,962.6,77.0,HEALTHY,replay,6.9,0.0
2025-01-14T10:00:00+00:00,AWS-BHO-102,16.2,970.8,75.0,False,,low,9.3,NORMAL,17.1,963.1,66.0,HEALTHY,replay,15.4,0.0
2025-01-14T11:00:00+00:00,AWS-BHO-102,18.5,970.3,64.0,False,,low,3.7,NORMAL,19.2,962.7,58.0,HEALTHY,replay,6.1,0.0
2025-01-14T12:00:00+00:00,AWS-BHO-102,19.7,969.0,61.0,False,,low,1.4,NORMAL,20.8,961.4,54.0,HEALTHY,replay,2.4,0.0
2025-01-14T13:00:00+00:00,AWS-BHO-102,20.5,968.0,59.0,False,,low,1.1,NORMAL,21.7,960.4,53.0,HEALTHY,replay,1.8,0.0
2025-01-14T14:00:00+00:00,AWS-BHO-102,20.9,967.0,58.0,False,,low,1.8,NORMAL,22.2,959.4,53.0,HEALTHY,replay,2.9,0.0
2025-01-14T15:00:00+00:00,AWS-BHO-102,21.0,966.7,59.0,False,,low,0.6,NORMAL,22.3,959.1,54.0,HEALTHY,replay,1.1,0.0
2025-01-14T16:00:00+00:00,AWS-BHO-102,20.6,966.9,61.0,False,,low,0.6,NORMAL,21.8,959.4,56.0,HEALTHY,replay,0.9,0.0
2025-01-14T17:00:00+00:00,AWS-BHO-102,18.5,967.1,74.0,False,,low,0.9,NORMAL,20.0,959.7,67.0,HEALTHY,replay,1.4,0.0
2025-01-14T18:00:00+00:00,AWS-BHO-102,16.7,967.4,82.0,False,,low,1.0,NORMAL,17.8,960.1,79.0,HEALTHY,replay,1.6,0.0
2025-01-14T19:00:00+00:00,AWS-BHO-102,15.8,967.9,83.0,False,,low,0.6,NORMAL,16.7,960.4,82.0,HEALTHY,replay,1.0,0.0
2025-01-14T20:00:00+00:00,AWS-BHO-102,15.0,968.4,83.0,False,,low,0.2,NORMAL,16.1,960.9,82.0,HEALTHY,replay,0.4,0.0
2025-01-14T21:00:00+00:00,AWS-BHO-102,14.4,968.6,82.0,False,,low,0.3,NORMAL,15.6,961.1,84.0,HEALTHY,replay,0.5,0.0
2025-01-14T22:00:00+00:00,AWS-BHO-102,13.6,969.0,86.0,False,,low,0.3,NORMAL,15.2,961.4,82.0,HEALTHY,replay,0.5,0.0
2025-01-14T23:00:00+00:00,AWS-BHO-102,12.9,968.7,90.0,False,,low,0.3,NORMAL,14.8,961.2,80.0,HEALTHY,replay,0.5,0.0
2025-01-15T00:00:00+00:00,AWS-BHO-102,12.2,968.6,93.0,False,,low,0.3,NORMAL,14.1,960.9,84.0,HEALTHY,replay,0.5,0.0
2025-01-15T01:00:00+00:00,AWS-BHO-102,11.9,968.5,93.0,False,,low,0.6,NORMAL,13.7,960.5,86.0,HEALTHY,replay,1.1,0.0
2025-01-15T02:00:00+00:00,AWS-BHO-102,11.6,967.5,92.0,False,,low,0.5,NORMAL,13.3,959.8,87.0,HEALTHY,replay,0.9,0.0
2025-01-15T03:00:00+00:00,AWS-BHO-102,11.0,966.8,92.0,False,,low,0.4,NORMAL,13.1,959.4,85.0,HEALTHY,replay,0.7,0.0
2025-01-15T04:00:00+00:00,AWS-BHO-102,10.8,966.9,90.0,False,,low,0.4,NORMAL,13.1,959.3,83.0,HEALTHY,replay,0.6,0.0
2025-01-15T05:00:00+00:00,AWS-BHO-102,10.4,967.2,91.0,False,,low,0.3,NORMAL,14.6,959.0,83.0,HEALTHY,replay,0.5,0.0
2025-01-15T06:00:00+00:00,AWS-BHO-102,10.6,968.0,91.0,False,,low,0.3,NORMAL,14.1,959.5,77.0,HEALTHY,replay,0.6,0.0
2025-01-15T07:00:00+00:00,AWS-BHO-102,10.8,968.4,90.0,False,,low,0.5,NORMAL,14.9,960.0,81.0,HEALTHY,replay,0.8,0.0
2025-01-15T08:00:00+00:00,AWS-BHO-102,13.5,969.2,81.0,False,,low,4.4,NORMAL,16.1,961.1,75.0,HEALTHY,replay,7.3,0.0
2025-01-15T09:00:00+00:00,AWS-BHO-102,16.8,970.0,74.0,False,,low,7.6,NORMAL,17.6,962.5,67.0,HEALTHY,replay,12.7,0.0
2025-01-15T10:00:00+00:00,AWS-BHO-102,19.6,970.3,68.0,False,,low,4.7,NORMAL,20.0,962.8,64.0,HEALTHY,replay,7.9,0.0
2025-01-15T11:00:00+00:00,AWS-BHO-102,21.9,969.8,65.0,False,,low,3.2,NORMAL,22.3,962.4,59.0,HEALTHY,replay,5.3,0.0
2025-01-15T12:00:00+00:00,AWS-BHO-102,23.7,968.6,60.0,False,,low,4.9,NORMAL,23.7,961.2,55.0,HEALTHY,replay,8.1,0.0
2025-01-15T13:00:00+00:00,AWS-BHO-102,24.7,967.7,53.0,False,,low,4.6,NORMAL,24.8,960.3,49.0,HEALTHY,replay,7.6,0.0
2025-01-15T14:00:00+00:00,AWS-BHO-102,24.8,967.0,52.0,False,,low,2.2,NORMAL,24.8,959.6,49.0,HEALTHY,replay,3.7,0.0
2025-01-15T15:00:00+00:00,AWS-BHO-102,24.8,966.3,52.0,False,,low,1.9,NORMAL,25.1,959.0,47.0,HEALTHY,replay,3.2,0.0
2025-01-15T16:00:00+00:00,AWS-BHO-102,24.2,966.1,58.0,False,,low,1.2,NORMAL,24.8,958.8,49.0,HEALTHY,replay,2.0,0.0
2025-01-15T17:00:00+00:00,AWS-BHO-102,21.8,965.7,71.0,False,,low,3.8,NORMAL,22.5,958.5,68.0,HEALTHY,replay,6.4,0.0
2025-01-15T18:00:00+00:00,AWS-BHO-102,19.1,966.6,79.0,False,,low,3.2,NORMAL,19.6,959.3,74.0,HEALTHY,replay,5.4,0.0
2025-01-15T19:00:00+00:00,AWS-BHO-102,18.0,966.9,86.0,False,,low,1.0,NORMAL,19.0,959.7,73.0,HEALTHY,replay,1.7,0.0
2025-01-15T20:00:00+00:00,AWS-BHO-102,17.8,967.3,83.0,False,,low,0.5,NORMAL,18.7,959.9,72.0,HEALTHY,replay,0.8,0.0
2025-01-15T21:00:00+00:00,AWS-BHO-102,16.9,967.4,83.0,False,,low,0.2,NORMAL,18.3,960.1,72.0,HEALTHY,replay,0.4,0.0
2025-01-15T22:00:00+00:00,AWS-BHO-102,15.7,967.7,87.0,False,,low,0.2,NORMAL,18.0,960.3,70.0,HEALTHY,replay,0.3,0.0
2025-01-15T23:00:00+00:00,AWS-BHO-102,15.3,967.4,86.0,False,,low,0.2,NORMAL,17.3,960.0,74.0,HEALTHY,replay,0.3,0.0
2025-01-16T00:00:00+00:00,AWS-BHO-102,15.2,966.8,86.0,False,,low,0.5,NORMAL,16.8,959.5,77.0,HEALTHY,replay,0.8,0.0
2025-01-16T01:00:00+00:00,AWS-BHO-102,15.4,966.6,84.0,False,,low,0.7,NORMAL,16.4,959.3,78.0,HEALTHY,replay,1.1,0.0
2025-01-16T02:00:00+00:00,AWS-BHO-102,15.0,966.3,83.0,False,,low,0.4,NORMAL,16.0,958.9,80.0,HEALTHY,replay,0.7,0.0
2025-01-16T03:00:00+00:00,AWS-BHO-102,15.0,965.8,82.0,False,,low,0.7,NORMAL,15.9,958.4,80.0,HEALTHY,replay,1.1,0.0
2025-01-16T04:00:00+00:00,AWS-BHO-102,14.5,965.4,84.0,False,,low,0.5,NORMAL,15.2,958.1,83.0,HEALTHY,replay,0.9,0.0
2025-01-16T05:00:00+00:00,AWS-BHO-102,14.2,965.6,86.0,False,,low,0.4,NORMAL,15.1,958.2,85.0,HEALTHY,replay,0.7,0.0
2025-01-16T06:00:00+00:00,AWS-BHO-102,13.7,966.9,87.0,False,,low,0.4,NORMAL,16.0,959.7,80.0,HEALTHY,replay,0.6,0.0
2025-01-16T07:00:00+00:00,AWS-BHO-102,14.1,967.8,87.0,False,,low,0.5,NORMAL,16.6,960.6,83.0,HEALTHY,replay,0.8,0.0
2025-01-16T08:00:00+00:00,AWS-BHO-102,15.9,968.6,83.0,False,,low,0.4,NORMAL,17.4,961.1,81.0,HEALTHY,replay,0.7,0.0
2025-01-16T09:00:00+00:00,AWS-BHO-102,17.4,969.6,80.0,False,,low,0.5,NORMAL,18.4,962.0,74.0,HEALTHY,replay,0.8,0.0
2025-01-16T10:00:00+00:00,AWS-BHO-102,18.9,969.9,77.0,False,,low,0.4,NORMAL,20.4,962.4,68.0,HEALTHY,replay,0.6,0.0
2025-01-16T11:00:00+00:00,AWS-BHO-102,20.7,969.9,72.0,False,,low,0.5,NORMAL,22.1,962.5,69.0,HEALTHY,replay,0.9,0.0
2025-01-16T12:00:00+00:00,AWS-BHO-102,21.3,968.9,70.0,False,,low,0.6,NORMAL,22.5,961.5,68.0,HEALTHY,replay,0.9,0.0
2025-01-16T13:00:00+00:00,AWS-BHO-102,22.4,968.1,70.0,False,,low,0.6,NORMAL,23.3,960.6,66.0,HEALTHY,replay,1.0,0.0
2025-01-16T14:00:00+00:00,AWS-BHO-102,23.0,967.7,70.0,False,,low,0.7,NORMAL,23.3,960.1,64.0,HEALTHY,replay,1.1,0.0
2025-01-16T15:00:00+00:00,AWS-BHO-102,22.9,967.5,71.0,False,,low,0.5,NORMAL,21.9,960.0,69.0,HEALTHY,replay,0.8,0.0
2025-01-16T16:00:00+00:00,AWS-BHO-102,20.7,967.8,77.0,False,,low,1.5,NORMAL,21.1,960.1,73.0,HEALTHY,replay,2.5,0.0
2025-01-16T17:00:00+00:00,AWS-BHO-102,19.2,968.1,88.0,False,,low,4.7,NORMAL,20.4,960.5,78.0,HEALTHY,replay,7.8,0.0
2025-01-16T18:00:00+00:00,AWS-BHO-102,18.8,968.8,86.0,False,,low,0.7,NORMAL,19.2,961.5,78.0,HEALTHY,replay,1.1,0.0
2025-01-16T19:00:00+00:00,AWS-BHO-102,18.4,969.4,87.0,False,,low,0.5,NORMAL,18.4,962.0,81.0,HEALTHY,replay,0.9,0.0
2025-01-16T20:00:00+00:00,AWS-BHO-102,17.5,970.2,89.0,False,,low,0.8,NORMAL,17.6,962.5,84.0,HEALTHY,replay,1.3,0.0
2025-01-16T21:00:00+00:00,AWS-BHO-102,16.2,970.6,91.0,False,,low,0.9,NORMAL,17.0,962.9,87.0,OFFLINE,replay,1.5,0.0
2025-01-16T22:00:00+00:00,AWS-BHO-102,15.2,970.9,93.0,False,,low,2.3,NORMAL,16.1,963.4,91.0,OFFLINE,replay,3.8,0.0
2025-01-16T23:00:00+00:00,AWS-BHO-102,14.6,970.7,93.0,False,,low,4.5,NORMAL,15.4,963.1,93.0,OFFLINE,replay,7.4,0.0
2025-01-17T00:00:00+00:00,AWS-BHO-102,13.8,970.4,95.0,False,,low,6.1,NORMAL,14.8,962.8,94.0,OFFLINE,replay,10.2,0.0
2025-01-17T01:00:00+00:00,AWS-BHO-102,13.4,970.1,94.0,False,,low,6.3,NORMAL,14.2,962.3,94.0,OFFLINE,replay,10.5,0.0
2025-01-17T02:00:00+00:00,AWS-BHO-102,12.8,969.5,95.0,False,,low,11.2,NORMAL,13.6,961.7,95.0,OFFLINE,replay,18.7,0.0
2025-01-17T03:00:00+00:00,AWS-BHO-102,12.3,969.1,95.0,False,,low,11.8,NORMAL,13.2,961.2,95.0,OFFLINE,replay,19.7,0.0
2025-01-17T04:00:00+00:00,AWS-BHO-102,11.9,969.0,95.0,False,,low,12.4,NORMAL,12.7,961.2,95.0,HEALTHY,replay,20.7,0.0
2025-01-17T05:00:00+00:00,AWS-BHO-102,11.5,969.4,95.0,False,,low,4.5,NORMAL,12.3,961.4,94.0,OFFLINE,replay,7.5,0.0
2025-01-17T06:00:00+00:00,AWS-BHO-102,11.2,970.1,96.0,False,,low,5.4,NORMAL,11.9,962.1,94.0,OFFLINE,replay,9.0,0.0
2025-01-17T07:00:00+00:00,AWS-BHO-102,11.1,970.5,97.0,False,,low,13.8,NORMAL,12.0,962.5,91.0,OFFLINE,replay,23.1,0.0
2025-01-17T08:00:00+00:00,AWS-BHO-102,12.4,971.0,92.0,False,,low,15.9,NORMAL,13.0,963.0,86.0,WARNING,replay,26.6,0.0
2025-01-17T09:00:00+00:00,AWS-BHO-102,14.3,971.5,86.0,False,,low,3.8,NORMAL,15.2,963.4,79.0,WARNING,replay,6.4,0.0
2025-01-17T10:00:00+00:00,AWS-BHO-102,16.5,971.4,79.0,False,,low,7.7,NORMAL,17.6,963.6,72.0,OFFLINE,replay,12.8,0.0
2025-01-17T11:00:00+00:00,AWS-BHO-102,18.3,970.6,73.0,False,,low,15.1,NORMAL,19.5,963.1,67.0,OFFLINE,replay,25.2,0.0
2025-01-17T12:00:00+00:00,AWS-BHO-102,19.7,969.3,70.0,False,,low,25.7,NORMAL,21.1,961.8,63.0,OFFLINE,replay,42.8,0.0
2025-01-17T13:00:00+00:00,AWS-BHO-102,20.6,968.3,69.0,False,,low,31.1,NORMAL,22.0,960.8,61.0,WARNING,replay,51.9,0.0
2025-01-17T14:00:00+00:00,AWS-BHO-102,20.8,967.4,69.0,False,,low,13.0,NORMAL,22.4,959.8,61.0,OFFLINE,replay,21.6,0.0
2025-01-17T15:00:00+00:00,AWS-BHO-102,20.8,967.1,69.0,False,,low,19.3,NORMAL,22.3,959.5,62.0,OFFLINE,replay,32.2,0.0
2025-01-17T16:00:00+00:00,AWS-BHO-102,20.2,966.8,71.0,False,,low,19.0,NORMAL,21.4,959.2,64.0,OFFLINE,replay,31.7,0.0
2025-01-17T17:00:00+00:00,AWS-BHO-102,18.7,966.9,78.0,False,,low,9.0,NORMAL,20.0,959.3,72.0,WARNING,replay,14.9,0.0
2025-01-17T18:00:00+00:00,AWS-BHO-102,16.6,967.4,85.0,False,,low,1.2,NORMAL,17.7,959.9,82.0,WARNING,replay,2.0,0.0
2025-01-17T19:00:00+00:00,AWS-BHO-102,15.8,967.9,86.0,False,,low,1.1,NORMAL,16.8,960.4,85.0,WARNING,replay,1.8,0.0
2025-01-17T20:00:00+00:00,AWS-BHO-102,15.0,968.4,89.0,False,,low,0.6,NORMAL,16.1,960.9,87.0,WARNING,replay,1.0,0.0
2025-01-17T21:00:00+00:00,AWS-BHO-102,14.3,968.6,92.0,False,,low,0.7,NORMAL,15.3,961.1,89.0,WARNING,replay,1.1,0.0
2025-01-17T22:00:00+00:00,AWS-BHO-102,13.6,968.7,94.0,False,,low,0.5,NORMAL,14.7,961.1,90.0,OFFLINE,replay,0.9,0.0
2025-01-17T23:00:00+00:00,AWS-BHO-102,13.0,968.2,96.0,False,,low,0.7,NORMAL,14.2,960.6,91.0,OFFLINE,replay,1.1,0.0
2025-01-18T00:00:00+00:00,AWS-BHO-102,12.4,967.9,97.0,False,,low,2.0,NORMAL,13.7,960.2,94.0,OFFLINE,replay,3.4,0.0
2025-01-18T01:00:00+00:00,AWS-BHO-102,11.9,967.3,97.0,False,,low,2.7,NORMAL,13.4,959.7,95.0,OFFLINE,replay,4.5,0.0
2025-01-18T02:00:00+00:00,AWS-BHO-102,11.5,967.2,97.0,False,,low,3.5,NORMAL,13.0,959.4,95.0,OFFLINE,replay,5.8,0.0
2025-01-18T03:00:00+00:00,AWS-BHO-102,11.2,966.9,97.0,False,,low,7.1,NORMAL,12.7,959.1,95.0,OFFLINE,replay,11.8,0.0
2025-01-18T04:00:00+00:00,AWS-BHO-102,10.8,966.9,97.0,False,,low,8.1,NORMAL,12.5,958.9,94.0,OFFLINE,replay,13.5,0.0
2025-01-18T05:00:00+00:00,AWS-BHO-102,10.8,967.1,97.0,False,,low,8.4,NORMAL,12.2,959.1,94.0,OFFLINE,replay,14.0,0.0
2025-01-18T06:00:00+00:00,AWS-BHO-102,10.6,968.0,97.0,False,,low,8.9,NORMAL,12.1,960.2,93.0,OFFLINE,replay,14.9,0.0
2025-01-18T07:00:00+00:00,AWS-BHO-102,10.8,968.8,97.0,False,,low,8.8,NORMAL,12.0,960.2,93.0,OFFLINE,replay,14.7,0.0
2025-01-18T08:00:00+00:00,AWS-BHO-102,12.6,969.8,92.0,False,,low,9.8,NORMAL,13.6,961.2,86.0,OFFLINE,replay,16.3,0.0
2025-01-18T09:00:00+00:00,AWS-BHO-102,14.8,970.6,86.0,False,,low,11.3,NORMAL,16.3,962.1,77.0,OFFLINE,replay,18.8,0.0
2025-01-18T10:00:00+00:00,AWS-BHO-102,17.3,970.5,80.0,False,,low,38.1,NORMAL,18.8,962.3,70.0,OFFLINE,replay,63.4,0.0
2025-01-18T11:00:00+00:00,AWS-BHO-102,19.7,970.1,74.0,True,unstructured_anomaly,critical,94.3,ML_MODEL_ISOLATION,20.9,961.9,63.0,HEALTHY,replay,94.3,0.0
2025-01-18T12:00:00+00:00,AWS-BHO-102,21.3,968.8,69.0,False,,low,48.8,NORMAL,22.6,960.7,58.0,OFFLINE,replay,81.3,0.0
2025-01-18T13:00:00+00:00,AWS-BHO-102,22.4,967.8,67.0,False,,low,52.2,NORMAL,23.5,960.3,55.0,OFFLINE,replay,87.1,0.0
2025-01-18T14:00:00+00:00,AWS-BHO-102,23.0,966.9,65.0,True,unstructured_anomaly,high,88.6,ML_MODEL_ISOLATION,23.9,959.5,54.0,OFFLINE,replay,88.6,0.0
2025-01-18T15:00:00+00:00,AWS-BHO-102,23.1,966.2,64.0,True,unstructured_anomaly,critical,93.0,ML_MODEL_ISOLATION,23.9,958.8,54.0,OFFLINE,replay,93.0,0.0
2025-01-18T16:00:00+00:00,AWS-BHO-102,22.8,966.0,65.0,True,unstructured_anomaly,critical,94.0,ML_MODEL_ISOLATION,23.2,958.6,57.0,OFFLINE,replay,94.0,0.0
2025-01-18T17:00:00+00:00,AWS-BHO-102,20.7,965.7,77.0,True,drift,critical,95.9,RULE_ENGINE_BYPASS,21.2,958.5,68.0,OFFLINE,replay,98.0,92.8
2025-01-18T18:00:00+00:00,AWS-BHO-102,18.5,966.2,86.0,False,,low,51.2,NORMAL,19.6,959.0,73.0,OFFLINE,replay,85.3,0.0
2025-01-18T19:00:00+00:00,AWS-BHO-102,17.3,966.5,89.0,False,,low,45.9,NORMAL,18.2,959.4,79.0,OFFLINE,replay,76.6,0.0
2025-01-18T20:00:00+00:00,AWS-BHO-102,16.0,967.4,91.0,False,,low,20.4,NORMAL,17.0,959.9,85.0,OFFLINE,replay,33.9,0.0
2025-01-18T21:00:00+00:00,AWS-BHO-102,15.1,967.6,93.0,False,,low,8.7,NORMAL,16.5,960.2,89.0,OFFLINE,replay,14.5,0.0
2025-01-18T22:00:00+00:00,AWS-BHO-102,14.5,967.8,94.0,False,,low,7.0,NORMAL,15.6,960.4,91.0,OFFLINE,replay,11.7,0.0
2025-01-18T23:00:00+00:00,AWS-BHO-102,13.7,967.3,96.0,False,,low,5.0,NORMAL,15.3,959.9,91.0,OFFLINE,replay,8.3,0.0
2025-01-19T00:00:00+00:00,AWS-BHO-102,13.1,966.9,97.0,False,,low,8.9,NORMAL,15.2,959.7,90.0,OFFLINE,replay,14.9,0.0
2025-01-19T01:00:00+00:00,AWS-BHO-102,12.7,966.7,98.0,False,,low,11.6,NORMAL,15.1,959.4,90.0,OFFLINE,replay,19.4,0.0
2026-09-22T08:30:00+00:00,AWS-BHO-102,31.4,959.7,58.0,False,,low,0.0,NORMAL,31.0,952.8,57.0,HEALTHY,live,,0.0
2025-01-01T00:00:00+00:00,AWS-BHO-102,11.7,968.3,98.0,False,,low,0.0,NORMAL,14.2,960.7,95.0,HEALTHY,replay,,0.0
2025-01-01T01:00:00+00:00,AWS-BHO-102,11.3,967.9,98.0,False,,low,0.0,NORMAL,13.6,960.2,96.0,HEALTHY,replay,,0.0
2025-01-01T02:00:00+00:00,AWS-BHO-102,10.9,967.3,98.0,False,,low,0.0,NORMAL,13.1,959.5,96.0,HEALTHY,replay,,0.0
2025-01-01T03:00:00+00:00,AWS-BHO-102,10.5,966.9,99.0,False,,low,0.0,NORMAL,12.6,959.1,97.0,HEALTHY,replay,,0.0
2025-01-01T04:00:00+00:00,AWS-BHO-102,10.1,966.7,99.0,False,,low,0.0,NORMAL,12.1,958.9,97.0,HEALTHY,replay,,0.0
2025-01-01T05:00:00+00:00,AWS-BHO-102,9.6,966.8,100.0,False,,low,0.0,NORMAL,11.6,959.0,97.0,HEALTHY,replay,,0.0
2025-01-01T06:00:00+00:00,AWS-BHO-102,9.2,967.7,100.0,False,,low,0.0,NORMAL,10.9,959.8,98.0,HEALTHY,replay,,0.0
2025-01-01T07:00:00+00:00,AWS-BHO-102,9.4,968.5,100.0,False,,low,0.0,NORMAL,10.9,960.5,98.0,HEALTHY,replay,,0.0
2025-01-01T08:00:00+00:00,AWS-BHO-102,10.7,969.8,97.0,False,,low,0.0,NORMAL,12.5,961.6,92.0,HEALTHY,replay,,0.0
2025-01-01T09:00:00+00:00,AWS-BHO-102,13.0,970.7,91.0,False,,low,0.0,NORMAL,14.9,962.6,84.0,HEALTHY,replay,,0.0
2025-01-01T10:00:00+00:00,AWS-BHO-102,15.4,970.6,84.0,False,,low,0.0,NORMAL,17.3,962.9,74.0,HEALTHY,replay,,0.0
2025-01-01T11:00:00+00:00,AWS-BHO-102,17.5,970.2,77.0,False,,low,0.0,NORMAL,19.2,962.5,68.0,HEALTHY,replay,,0.0
2025-01-01T12:00:00+00:00,AWS-BHO-102,19.0,969.2,70.0,False,,low,0.0,NORMAL,20.5,961.6,64.0,HEALTHY,replay,,0.0
2025-01-01T13:00:00+00:00,AWS-BHO-102,19.9,968.1,64.0,False,,low,0.0,NORMAL,21.3,960.6,59.0,HEALTHY,replay,,0.0
2025-01-01T14:00:00+00:00,AWS-BHO-102,20.3,967.3,59.0,False,,low,0.0,NORMAL,21.6,959.8,56.0,HEALTHY,replay,,0.0
2025-01-01T15:00:00+00:00,AWS-BHO-102,20.2,966.9,57.0,False,,low,0.0,NORMAL,21.4,959.4,57.0,HEALTHY,replay,,0.0
2025-01-01T16:00:00+00:00,AWS-BHO-102,19.3,966.9,63.0,False,,low,0.0,NORMAL,20.5,958.9,60.0,HEALTHY,replay,,0.0
2025-01-01T17:00:00+00:00,AWS-BHO-102,16.5,966.3,77.0,False,,low,0.0,NORMAL,18.4,958.4,76.0,HEALTHY,replay,,0.0
2025-01-01T18:00:00+00:00,AWS-BHO-102,13.9,966.6,85.0,False,,low,0.0,NORMAL,15.9,958.7,84.0,HEALTHY,replay,,0.0
2025-01-01T19:00:00+00:00,AWS-BHO-102,13.2,967.1,87.0,False,,low,0.0,NORMAL,14.9,959.1,82.0,HEALTHY,replay,,0.0
2025-01-01T20:00:00+00:00,AWS-BHO-102,12.5,967.8,89.0,False,,low,0.0,NORMAL,14.0,960.3,84.0,HEALTHY,replay,,0.0
2025-01-01T21:00:00+00:00,AWS-BHO-102,11.5,968.0,91.0,False,,low,0.0,NORMAL,13.4,960.7,85.0,HEALTHY,replay,,0.0
2025-01-01T22:00:00+00:00,AWS-BHO-102,10.7,968.2,93.0,False,,low,0.0,NORMAL,12.9,960.8,86.0,HEALTHY,replay,,0.0
2025-01-01T23:00:00+00:00,AWS-BHO-102,10.1,968.0,95.0,False,,low,0.0,NORMAL,12.4,960.5,84.0,HEALTHY,replay,,0.0
2025-01-02T00:00:00+00:00,AWS-BHO-102,9.6,967.4,96.0,False,,low,0.2,NORMAL,11.9,960.0,86.0,HEALTHY,replay,0.4,0.0
2025-01-02T01:00:00+00:00,AWS-BHO-102,9.1,966.8,97.0,False,,low,0.3,NORMAL,11.4,959.4,88.0,HEALTHY,replay,0.5,0.0
2025-01-02T02:00:00+00:00,AWS-BHO-102,8.3,966.1,98.0,False,,low,0.5,NORMAL,10.8,958.8,90.0,HEALTHY,replay,0.8,0.0
2025-01-02T03:00:00+00:00,AWS-BHO-102,7.7,965.7,98.0,False,,low,1.0,NORMAL,10.0,958.4,93.0,HEALTHY,replay,1.6,0.0
2025-01-02T04:00:00+00:00,AWS-BHO-102,7.4,965.8,98.0,False,,low,1.3,NORMAL,9.3,958.4,93.0,HEALTHY,replay,2.1,0.0
2025-01-02T05:00:00+00:00,AWS-BHO-102,7.2,966.3,98.0,False,,low,1.2,NORMAL,9.1,958.7,93.0,HEALTHY,replay,2.0,0.0
2025-01-02T06:00:00+00:00,AWS-BHO-102,6.8,967.1,100.0,False,,low,1.3,NORMAL,9.4,959.5,92.0,HEALTHY,replay,2.1,0.0
2025-01-02T07:00:00+00:00,AWS-BHO-102,7.1,967.7,100.0,False,,low,1.5,NORMAL,9.6,960.1,90.0,HEALTHY,replay,2.5,0.0
2025-01-02T08:00:00+00:00,AWS-BHO-102,9.8,969.1,94.0,False,,low,3.3,NORMAL,11.7,961.2,83.0,HEALTHY,replay,5.5,0.0
2025-01-02T09:00:00+00:00,AWS-BHO-102,13.5,970.0,84.0,False,,low,17.9,NORMAL,15.1,962.4,72.0,HEALTHY,replay,29.8,0.0
2025-01-02T10:00:00+00:00,AWS-BHO-102,16.6,970.6,71.0,False,,low,32.3,NORMAL,17.8,963.0,58.0,HEALTHY,replay,53.8,0.0
2025-01-02T11:00:00+00:00,AWS-BHO-102,18.9,970.0,61.0,False,,low,24.4,NORMAL,20.0,962.6,48.0,HEALTHY,replay,40.7,0.0
2025-01-02T12:00:00+00:00,AWS-BHO-102,20.5,969.2,54.0,False,,low,18.6,NORMAL,21.6,961.6,42.0,HEALTHY,replay,31.1,0.0
2025-01-02T13:00:00+00:00,AWS-BHO-102,21.5,968.1,52.0,False,,low,6.7,NORMAL,22.6,960.7,42.0,HEALTHY,replay,11.1,0.0
2025-01-02T14:00:00+00:00,AWS-BHO-102,22.0,967.5,53.0,False,,low,2.7,NORMAL,22.9,960.1,43.0,HEALTHY,replay,4.5,0.0
2025-01-02T15:00:00+00:00,AWS-BHO-102,21.9,967.4,54.0,False,,low,1.1,NORMAL,22.7,959.9,46.0,HEALTHY,replay,1.9,0.0
2025-01-02T16:00:00+00:00,AWS-BHO-102,21.0,967.1,67.0,False,,low,2.1,NORMAL,21.6,959.7,57.0,HEALTHY,replay,3.5,0.0
2025-01-02T17:00:00+00:00,AWS-BHO-102,18.3,967.0,74.0,False,,low,1.6,NORMAL,19.1,959.6,68.0,HEALTHY,replay,2.7,0.0
2025-01-02T18:00:00+00:00,AWS-BHO-102,16.5,967.5,81.0,False,,low,2.8,NORMAL,17.7,960.1,72.0,HEALTHY,replay,4.7,0.0
2025-01-02T19:00:00+00:00,AWS-BHO-102,15.3,968.1,83.0,False,,low,1.1,NORMAL,15.8,960.8,77.0,HEALTHY,replay,1.8,0.0
2025-01-02T20:00:00+00:00,AWS-BHO-102,14.0,968.6,87.0,False,,low,1.1,NORMAL,14.8,961.3,81.0,HEALTHY,replay,1.9,0.0
2025-01-02T21:00:00+00:00,AWS-BHO-102,13.0,968.4,89.0,False,,low,0.4,NORMAL,14.3,961.2,81.0,HEALTHY,replay,0.7,0.0
2025-01-02T22:00:00+00:00,AWS-BHO-102,12.2,968.3,90.0,False,,low,0.3,NORMAL,14.1,961.2,80.0,HEALTHY,replay,0.5,0.0
2025-01-02T23:00:00+00:00,AWS-BHO-102,11.2,967.7,92.0,False,,low,0.2,NORMAL,14.0,960.5,79.0,HEALTHY,replay,0.3,0.0
2025-01-03T00:00:00+00:00,AWS-BHO-102,10.7,967.0,91.0,False,,low,0.3,NORMAL,13.5,959.9,78.0,HEALTHY,replay,0.6,0.0
2025-01-03T01:00:00+00:00,AWS-BHO-102,10.3,966.5,90.0,False,,low,0.3,NORMAL,12.9,959.2,80.0,HEALTHY,replay,0.5,0.0
2025-01-03T02:00:00+00:00,AWS-BHO-102,10.1,966.3,89.0,False,,low,0.3,NORMAL,12.0,958.9,80.0,HEALTHY,replay,0.5,0.0
2025-01-03T03:00:00+00:00,AWS-BHO-102,9.9,966.1,88.0,False,,low,0.4,NORMAL,11.5,958.8,82.0,HEALTHY,replay,0.7,0.0
2025-01-03T04:00:00+00:00,AWS-BHO-102,9.9,966.0,86.0,False,,low,0.8,NORMAL,11.1,958.6,83.0,HEALTHY,replay,1.3,0.0
2025-01-03T05:00:00+00:00,AWS-BHO-102,9.6,966.2,86.0,False,,low,0.7,NORMAL,10.9,958.7,84.0,HEALTHY,replay,1.2,0.0
2025-01-03T06:00:00+00:00,AWS-BHO-102,9.4,967.3,87.0,False,,low,0.8,NORMAL,10.9,959.5,85.0,HEALTHY,replay,1.3,0.0
2025-01-03T07:00:00+00:00,AWS-BHO-102,9.4,967.9,89.0,False,,low,0.3,NORMAL,10.9,960.1,86.0,HEALTHY,replay,0.6,0.0
2025-01-03T08:00:00+00:00,AWS-BHO-102,11.7,969.1,87.0,False,,low,1.1,NORMAL,13.6,961.3,80.0,HEALTHY,replay,1.9,0.0
2025-01-03T09:00:00+00:00,AWS-BHO-102,15.0,970.1,78.0,False,,low,4.7,NORMAL,16.9,962.4,72.0,HEALTHY,replay,7.9,0.0
2025-01-03T10:00:00+00:00,AWS-BHO-102,18.0,970.7,70.0,False,,low,8.6,NORMAL,19.9,963.3,63.0,HEALTHY,replay,14.4,0.0
2025-01-03T11:00:00+00:00,AWS-BHO-102,20.5,970.2,61.0,False,,low,3.0,NORMAL,22.0,962.7,53.0,HEALTHY,replay,5.1,0.0
2025-01-03T12:00:00+00:00,AWS-BHO-102,22.1,969.4,55.0,False,,low,2.2,NORMAL,23.4,962.0,49.0,HEALTHY,replay,3.7,0.0
2025-01-03T13:00:00+00:00,AWS-BHO-102,23.0,968.3,51.0,False,,low,2.0,NORMAL,24.2,961.0,45.0,HEALTHY,replay,3.4,0.0
2025-01-03T14:00:00+00:00,AWS-BHO-102,23.4,967.5,49.0,False,,low,1.7,NORMAL,24.5,960.3,44.0,HEALTHY,replay,2.9,0.0
2025-01-03T15:00:00+00:00,AWS-BHO-102,23.3,967.2,50.0,False,,low,0.9,NORMAL,24.8,960.28,49.0,HEALTHY,replay,1.5,0.0
2025-01-03T16:00:00+00:00,AWS-BHO-102,22.5,966.9,60.0,False,,low,1.1,NORMAL,23.7,960.1,63.0,HEALTHY,replay,1.9,0.0
2025-01-03T17:00:00+00:00,AWS-BHO-102,19.3,966.6,69.0,False,,low,1.7,NORMAL,21.2,959.29,74.0,HEALTHY,replay,2.8,0.0
2025-01-03T18:00:00+00:00,AWS-BHO-102,17.1,966.8,79.0,False,,low,2.5,NORMAL,18.4,959.38,78.0,HEALTHY,replay,4.2,0.0
2025-01-03T19:00:00+00:00,AWS-BHO-102,15.9,967.3,82.0,False,,low,0.9,NORMAL,17.1,960.48,82.0,HEALTHY,replay,1.4,0.0
2025-01-03T20:00:00+00:00,AWS-BHO-102,14.6,967.5,85.0,False,,low,0.9,NORMAL,16.1,960.3,81.0,HEALTHY,replay,1.4,0.0
2025-01-03T21:00:00+00:00,AWS-BHO-102,13.7,967.4,86.0,False,,low,0.4,NORMAL,15.3,960.2,80.0,HEALTHY,replay,0.7,0.0
2025-01-03T22:00:00+00:00,AWS-BHO-102,13.0,967.3,87.0,False,,low,0.2,NORMAL,14.5,960.2,81.0,HEALTHY,replay,0.4,0.0
2025-01-03T23:00:00+00:00,AWS-BHO-102,12.4,966.9,88.0,False,,low,0.3,NORMAL,14.0,959.6,82.0,HEALTHY,replay,0.5,0.0
2025-01-04T00:00:00+00:00,AWS-BHO-102,12.0,966.4,90.0,False,,low,0.2,NORMAL,13.4,959.0,83.0,HEALTHY,replay,0.3,0.0
2025-01-04T01:00:00+00:00,AWS-BHO-102,11.6,965.7,91.0,False,,low,0.1,NORMAL,12.8,958.2,84.0,HEALTHY,replay,0.2,0.0
2025-01-04T02:00:00+00:00,AWS-BHO-102,10.9,965.0,94.0,False,,low,0.2,NORMAL,12.4,957.7,84.0,HEALTHY,replay,0.4,0.0
2025-01-04T03:00:00+00:00,AWS-BHO-102,10.1,964.5,96.0,False,,low,0.4,NORMAL,12.0,957.2,84.0,HEALTHY,replay,0.6,0.0
2025-01-04T04:00:00+00:00,AWS-BHO-102,9.3,964.1,100.0,False,,low,1.2,NORMAL,11.9,956.8,85.0,HEALTHY,replay,2.0,0.0
2025-01-04T05:00:00+00:00,AWS-BHO-102,8.8,964.2,100.0,False,,low,1.0,NORMAL,12.0,956.9,85.0,HEALTHY,replay,1.6,0.0
2025-01-04T06:00:00+00:00,AWS-BHO-102,8.8,965.0,100.0,False,,low,0.8,NORMAL,11.9,957.7,83.05,HEALTHY,replay,1.4,0.0
2025-01-04T07:00:00+00:00,AWS-BHO-102,8.7,965.8,100.0,False,,low,1.0,NORMAL,12.1,958.6,84.0,HEALTHY,replay,1.7,0.0
2025-01-04T08:00:00+00:00,AWS-BHO-102,10.5,967.1,98.0,False,,low,1.6,NORMAL,13.4,959.8,79.0,HEALTHY,replay,2.7,0.0
2025-01-04T09:00:00+00:00,AWS-BHO-102,15.1,968.3,80.0,False,,low,17.0,NORMAL,16.9,960.9,73.0,HEALTHY,replay,28.4,0.0
2025-01-04T10:00:00+00:00,AWS-BHO-102,19.0,969.0,66.0,False,,low,38.3,NORMAL,19.7,961.6,63.0,HEALTHY,replay,63.9,0.0
2025-01-04T11:00:00+00:00,AWS-BHO-102,21.7,968.7,50.0,False,,low,26.6,NORMAL,22.2,961.3,51.0,HEALTHY,replay,44.3,0.0
2025-01-04T12:00:00+00:00,AWS-BHO-102,23.0,967.6,45.0,False,,low,15.0,NORMAL,23.5,960.2,45.0,HEALTHY,replay,24.9,0.0
2025-01-04T13:00:00+00:00,AWS-BHO-102,23.7,966.6,45.0,False,,low,7.2,NORMAL,24.2,959.3,43.0,HEALTHY,replay,12.0,0.0
2025-01-04T14:00:00+00:00,AWS-BHO-102,24.0,965.6,46.0,False,,low,5.5,NORMAL,24.4,958.3,43.0,HEALTHY,replay,9.1,0.0
2025-01-04T15:00:00+00:00,AWS-BHO-102,23.8,965.1,48.0,False,,low,1.1,NORMAL,24.2,957.8,44.0,HEALTHY,replay,1.8,0.0
2025-01-04T16:00:00+00:00,AWS-BHO-102,22.8,964.7,67.0,False,,low,5.3,NORMAL,23.2,957.3,52.0,HEALTHY,replay,8.9,0.0
2025-01-04T17:00:00+00:00,AWS-BHO-102,20.0,964.4,70.0,False,,low,3.3,NORMAL,20.3,957.1,67.0,HEALTHY,replay,5.5,0.0
2025-01-04T18:00:00+00:00,AWS-BHO-102,17.1,964.9,81.0,False,,low,6.3,NORMAL,18.6,957.7,75.0,HEALTHY,replay,10.6,0.0
2025-01-04T19:00:00+00:00,AWS-BHO-102,16.0,965.4,82.0,False,,low,1.4,NORMAL,17.0,958.3,79.0,HEALTHY,replay,2.4,0.0
2025-01-04T20:00:00+00:00,AWS-BHO-102,14.7,965.9,86.0,False,,low,1.4,NORMAL,16.2,958.7,82.0,HEALTHY,replay,2.3,0.0
2025-01-04T21:00:00+00:00,AWS-BHO-102,13.4,965.8,89.0,False,,low,0.4,NORMAL,15.3,958.5,83.0,HEALTHY,replay,0.7,0.0
2025-01-04T22:00:00+00:00,AWS-BHO-102,12.9,965.8,91.0,False,,low,0.3,NORMAL,14.6,958.5,84.0,HEALTHY,replay,0.5,0.0
2025-01-04T23:00:00+00:00,AWS-BHO-102,12.5,965.3,92.0,False,,low,0.2,NORMAL,14.4,957.9,83.0,HEALTHY,replay,0.3,0.0
2025-01-05T00:00:00+00:00,AWS-BHO-102,12.1,964.7,92.0,False,,low,0.2,NORMAL,14.0,957.2,81.0,HEALTHY,replay,0.4,0.0
2025-01-05T01:00:00+00:00,AWS-BHO-102,11.2,964.2,94.0,False,,low,0.2,NORMAL,13.5,956.6,81.0,HEALTHY,replay,0.4,0.0
2025-01-05T02:00:00+00:00,AWS-BHO-102,10.1,963.5,95.0,False,,low,0.5,NORMAL,13.2,956.1,78.0,HEALTHY,replay,0.8,0.0
2025-01-05T03:00:00+00:00,AWS-BHO-102,9.0,963.1,97.0,False,,low,0.7,NORMAL,12.5,955.9,81.0,HEALTHY,replay,1.2,0.0
2025-01-05T04:00:00+00:00,AWS-BHO-102,8.4,963.0,98.0,False,,low,0.7,NORMAL,12.0,955.7,81.0,HEALTHY,replay,1.2,0.0
2025-01-05T05:00:00+00:00,AWS-BHO-102,8.3,963.2,99.0,False,,low,0.6,NORMAL,11.8,956.0,76.0,HEALTHY,replay,1.1,0.0
2025-01-05T06:00:00+00:00,AWS-BHO-102,7.9,963.9,100.0,False,,low,0.5,NORMAL,13.1,957.0,71.0,HEALTHY,replay,0.9,0.0
2025-01-05T07:00:00+00:00,AWS-BHO-102,7.9,964.4,100.0,False,,low,1.0,NORMAL,13.0,957.5,69.0,HEALTHY,replay,1.7,0.0
2025-01-05T08:00:00+00:00,AWS-BHO-102,10.5,965.7,98.0,False,,low,2.9,NORMAL,14.7,958.6,65.0,HEALTHY,replay,4.8,0.0
2025-01-05T09:00:00+00:00,AWS-BHO-102,15.8,967.3,75.0,False,,low,27.3,NORMAL,17.0,959.8,61.0,HEALTHY,replay,45.4,0.0
2025-01-05T10:00:00+00:00,AWS-BHO-102,18.5,967.6,67.0,False,,low,16.6,NORMAL,19.2,960.0,58.0,HEALTHY,replay,27.7,0.0
2025-01-05T11:00:00+00:00,AWS-BHO-102,21.3,967.1,60.0,False,,low,12.9,NORMAL,21.3,959.7,54.0,HEALTHY,replay,21.5,0.0
2025-01-05T12:00:00+00:00,AWS-BHO-102,22.1,966.4,60.0,False,,low,3.7,NORMAL,22.3,958.9,51.0,HEALTHY,replay,6.1,0.0
2025-01-05T13:00:00+00:00,AWS-BHO-102,22.2,965.3,59.0,False,,low,1.7,NORMAL,22.3,957.9,53.0,HEALTHY,replay,2.8,0.0
2025-01-05T14:00:00+00:00,AWS-BHO-102,22.4,964.6,59.0,False,,low,1.3,NORMAL,21.9,957.1,55.0,HEALTHY,replay,2.1,0.0
2025-01-05T15:00:00+00:00,AWS-BHO-102,21.8,964.2,65.0,False,,low,0.7,NORMAL,21.5,956.6,60.0,HEALTHY,replay,1.2,0.0
2025-01-05T16:00:00+00:00,AWS-BHO-102,20.4,963.5,77.0,False,,low,4.7,NORMAL,20.5,956.0,69.0,HEALTHY,replay,7.8,0.0
2025-01-05T17:00:00+00:00,AWS-BHO-102,19.2,963.6,78.0,False,,low,0.3,NORMAL,19.6,956.2,76.0,HEALTHY,replay,0.6,0.0
2025-01-05T18:00:00+00:00,AWS-BHO-102,18.4,964.2,84.0,False,,low,0.3,NORMAL,18.3,957.0,76.0,HEALTHY,replay,0.6,0.0
2025-01-05T19:00:00+00:00,AWS-BHO-102,17.3,964.7,87.0,False,,low,0.2,NORMAL,17.5,956.4,73.0,HEALTHY,replay,0.3,0.0
2025-01-05T20:00:00+00:00,AWS-BHO-102,15.6,964.8,93.0,False,,low,0.3,NORMAL,16.0,963.1,85.0,HEALTHY,replay,0.5,0.0
2025-01-05T21:00:00+00:00,AWS-BHO-102,14.9,965.1,91.0,False,,low,0.2,NORMAL,15.1,963.2,84.0,HEALTHY,replay,0.4,0.0
2025-01-05T22:00:00+00:00,AWS-BHO-102,13.8,964.7,90.0,False,,low,0.3,NORMAL,14.2,963.1,82.0,HEALTHY,replay,0.5,0.0
2025-01-05T23:00:00+00:00,AWS-BHO-102,12.5,964.2,88.0,False,,low,0.6,NORMAL,14.0,962.5,80.0,HEALTHY,replay,0.9,0.0
2025-01-06T00:00:00+00:00,AWS-BHO-102,11.9,963.8,86.0,False,,low,0.3,NORMAL,14.0,962.2,79.0,HEALTHY,replay,0.4,0.0
2025-01-06T01:00:00+00:00,AWS-BHO-102,11.9,963.4,83.0,False,,low,0.3,NORMAL,14.2,955.0,73.0,HEALTHY,replay,0.4,0.0
2025-01-06T02:00:00+00:00,AWS-BHO-102,11.3,963.0,83.0,False,,low,0.2,NORMAL,12.9,961.4,84.0,HEALTHY,replay,0.3,0.0
2025-01-06T03:00:00+00:00,AWS-BHO-102,10.9,962.5,83.0,False,,low,0.3,NORMAL,13.4,955.2,85.0,HEALTHY,replay,0.5,0.0
2025-01-06T04:00:00+00:00,AWS-BHO-102,10.2,962.5,84.0,False,,low,0.2,NORMAL,13.1,955.2,82.0,HEALTHY,replay,0.4,0.0
2025-01-06T05:00:00+00:00,AWS-BHO-102,10.1,962.7,84.0,False,,low,0.3,NORMAL,12.5,955.3,81.0,HEALTHY,replay,0.6,0.0
2025-01-06T06:00:00+00:00,AWS-BHO-102,11.4,963.8,81.0,False,,low,1.3,NORMAL,12.3,956.1,83.0,HEALTHY,replay,2.2,0.0
2025-01-06T07:00:00+00:00,AWS-BHO-102,11.6,964.4,82.0,False,,low,0.5,NORMAL,12.2,956.7,82.0,HEALTHY,replay,0.8,0.0
2025-01-06T08:00:00+00:00,AWS-BHO-102,13.7,965.6,80.0,False,,low,1.5,NORMAL,15.1,957.9,77.0,HEALTHY,replay,2.4,0.0
2025-01-06T09:00:00+00:00,AWS-BHO-102,16.8,966.7,72.0,False,,low,2.2,NORMAL,18.2,959.3,70.0,HEALTHY,replay,3.7,0.0
2025-01-06T10:00:00+00:00,AWS-BHO-102,19.9,967.1,67.0,False,,low,2.8,NORMAL,21.2,959.9,60.0,HEALTHY,replay,4.6,0.0
2025-01-06T11:00:00+00:00,AWS-BHO-102,22.5,966.7,61.0,False,,low,1.3,NORMAL,23.2,959.5,53.0,HEALTHY,replay,2.1,0.0
2025-01-06T12:00:00+00:00,AWS-BHO-102,24.2,965.7,53.0,False,,low,1.6,NORMAL,24.4,958.6,50.0,HEALTHY,replay,2.6,0.0
2025-01-06T13:00:00+00:00,AWS-BHO-102,25.0,964.8,49.0,False,,low,1.3,NORMAL,25.0,957.7,47.0,HEALTHY,replay,2.2,0.0
2025-01-06T14:00:00+00:00,AWS-BHO-102,25.3,964.4,48.0,False,,low,1.5,NORMAL,25.2,957.1,46.0,HEALTHY,replay,2.6,0.0
2025-01-06T15:00:00+00:00,AWS-BHO-102,25.2,964.1,49.0,False,,low,1.6,NORMAL,25.0,956.8,48.0,HEALTHY,replay,2.6,0.0
2025-01-06T16:00:00+00:00,AWS-BHO-102,24.1,963.7,60.0,False,,low,2.6,NORMAL,24.1,956.6,50.0,HEALTHY,replay,4.4,0.0
2025-01-06T17:00:00+00:00,AWS-BHO-102,21.1,963.5,73.0,False,,low,2.7,NORMAL,21.9,956.6,63.0,HEALTHY,replay,4.5,0.0
2025-01-06T18:00:00+00:00,AWS-BHO-102,19.0,964.3,85.0,False,,low,6.6,NORMAL,20.0,957.0,71.15,HEALTHY,replay,11.1,0.0
2025-01-06T19:00:00+00:00,AWS-BHO-102,17.9,964.9,88.0,False,,low,1.5,NORMAL,18.7,957.5,76.0,HEALTHY,replay,2.6,0.0
2025-01-06T20:00:00+00:00,AWS-BHO-102,17.0,965.6,84.0,False,,low,1.8,NORMAL,17.8,958.2,80.5,HEALTHY,replay,3.0,0.0
2025-01-06T21:00:00+00:00,AWS-BHO-102,16.0,966.2,85.0,False,,low,0.4,NORMAL,16.7,958.8,86.0,HEALTHY,replay,0.7,0.0
2025-01-06T22:00:00+00:00,AWS-BHO-102,14.9,966.7,89.0,False,,low,0.5,NORMAL,15.6,959.1,89.0,HEALTHY,replay,0.9,0.0
2025-01-06T23:00:00+00:00,AWS-BHO-102,14.0,966.7,95.0,False,,low,0.5,NORMAL,14.7,959.1,92.0,HEALTHY,replay,0.8,0.0
2025-01-07T00:00:00+00:00,AWS-BHO-102,13.3,966.7,97.0,False,,low,0.5,NORMAL,14.0,964.6,96.0,HEALTHY,replay,0.9,0.0
2025-01-07T01:00:00+00:00,AWS-BHO-102,12.7,966.7,97.0,False,,low,0.4,NORMAL,13.4,960.64,97.0,HEALTHY,replay,0.6,0.0
2025-01-07T02:00:00+00:00,AWS-BHO-102,12.1,966.7,97.0,False,,low,0.5,NORMAL,13.0,959.18,97.45,HEALTHY,replay,0.9,0.0
2025-01-07T03:00:00+00:00,AWS-BHO-102,11.5,966.6,97.0,False,,low,0.5,NORMAL,12.5,958.95,98.0,HEALTHY,replay,0.9,0.0
2025-01-07T04:00:00+00:00,AWS-BHO-102,11.1,966.7,98.0,False,,low,0.6,NORMAL,11.9,958.91,99.0,HEALTHY,replay,1.0,0.0
2025-01-07T05:00:00+00:00,AWS-BHO-102,11.0,967.2,99.0,False,,low,1.0,NORMAL,11.5,959.2,98.88,HEALTHY,replay,1.6,0.0
2025-01-07T06:00:00+00:00,AWS-BHO-102,9.9,968.1,99.0,False,,low,1.0,NORMAL,10.5,960.3,98.0,HEALTHY,replay,1.7,0.0
2025-01-07T07:00:00+00:00,AWS-BHO-102,9.8,968.9,100.0,False,,low,1.6,NORMAL,10.2,961.0,98.0,HEALTHY,replay,2.7,0.0
2025-01-07T08:00:00+00:00,AWS-BHO-102,10.3,970.0,97.0,False,,low,3.9,NORMAL,11.5,962.2,93.0,HEALTHY,replay,6.4,0.0
2025-01-07T09:00:00+00:00,AWS-BHO-102,12.3,970.8,86.0,False,,low,23.4,NORMAL,13.5,962.9,85.0,HEALTHY,replay,39.1,0.0
2025-01-07T10:00:00+00:00,AWS-BHO-102,14.6,970.7,80.0,False,,low,19.4,NORMAL,15.6,962.9,78.0,HEALTHY,replay,32.3,0.0
2025-01-07T11:00:00+00:00,AWS-BHO-102,16.5,969.9,75.0,False,,low,15.0,NORMAL,17.8,962.3,70.54,HEALTHY,replay,24.9,0.0
2025-01-07T12:00:00+00:00,AWS-BHO-102,18.2,968.6,70.0,False,,low,19.7,NORMAL,19.5,961.1,63.25,HEALTHY,replay,32.9,0.0
2025-01-07T13:00:00+00:00,AWS-BHO-102,19.3,967.4,63.0,False,,low,17.8,NORMAL,20.4,959.9,57.98,HEALTHY,replay,29.6,0.0
2025-01-07T14:00:00+00:00,AWS-BHO-102,19.9,966.5,56.0,False,,low,32.3,NORMAL,20.8,959.0,54.75,HEALTHY,replay,53.8,0.0
2025-01-07T15:00:00+00:00,AWS-BHO-102,19.8,966.0,56.0,False,,low,7.5,NORMAL,20.7,958.5,56.0,HEALTHY,replay,12.6,0.0
2025-01-07T16:00:00+00:00,AWS-BHO-102,19.2,965.8,61.0,False,,low,3.2,NORMAL,19.9,958.2,59.0,HEALTHY,replay,5.3,0.0
2025-01-07T17:00:00+00:00,AWS-BHO-102,16.8,965.4,76.0,False,,low,7.6,NORMAL,17.5,958.1,74.19,HEALTHY,replay,12.6,0.0
2025-01-07T18:00:00+00:00,AWS-BHO-102,14.7,965.9,86.0,False,,low,6.7,NORMAL,15.6,958.7,81.0,HEALTHY,replay,11.2,0.0
2025-01-07T19:00:00+00:00,AWS-BHO-102,13.9,966.2,87.0,False,,low,2.1,NORMAL,14.6,959.0,83.0,HEALTHY,replay,3.5,0.0
2025-01-07T20:00:00+00:00,AWS-BHO-102,12.6,966.8,92.0,False,,low,2.7,NORMAL,13.7,959.4,85.87,HEALTHY,replay,4.5,0.0
2025-01-07T21:00:00+00:00,AWS-BHO-102,12.0,967.3,93.0,False,,low,1.1,NORMAL,12.8,959.9,88.81,HEALTHY,replay,1.8,0.0
2025-01-07T22:00:00+00:00,AWS-BHO-102,10.7,967.3,91.0,False,,low,1.4,NORMAL,11.7,959.8,94.0,HEALTHY,replay,2.3,0.0
2025-01-07T23:00:00+00:00,AWS-BHO-102,10.1,966.7,92.0,False,,low,0.5,NORMAL,11.0,959.0,93.0,HEALTHY,replay,0.9,0.0
2025-01-08T00:00:00+00:00,AWS-BHO-102,9.5,966.2,94.0,False,,low,0.4,NORMAL,10.1,958.5,93.0,HEALTHY,replay,0.7,0.0
2025-01-08T01:00:00+00:00,AWS-BHO-102,9.0,965.5,95.0,False,,low,0.4,NORMAL,9.2,957.9,95.0,HEALTHY,replay,0.6,0.0
2025-01-08T02:00:00+00:00,AWS-BHO-102,7.9,964.9,97.0,False,,low,0.9,NORMAL,8.5,957.3,97.0,HEALTHY,replay,1.5,0.0
2025-01-08T03:00:00+00:00,AWS-BHO-102,7.3,964.9,98.0,False,,low,0.7,NORMAL,8.0,957.2,99.0,HEALTHY,replay,1.2,0.0
2025-01-08T04:00:00+00:00,AWS-BHO-102,6.9,964.9,100.0,False,,low,0.6,NORMAL,7.2,957.2,99.0,HEALTHY,replay,1.0,0.0
2025-01-08T05:00:00+00:00,AWS-BHO-102,6.7,965.1,100.0,False,,low,0.7,NORMAL,7.0,957.4,100.0,HEALTHY,replay,1.2,0.0
2025-01-08T06:00:00+00:00,AWS-BHO-102,6.1,966.0,100.0,False,,low,0.7,NORMAL,6.9,958.2,100.0,HEALTHY,replay,1.2,0.0
2025-01-08T07:00:00+00:00,AWS-BHO-102,6.9,967.1,100.0,False,,low,0.9,NORMAL,7.2,959.1,99.0,HEALTHY,replay,1.5,0.0
2025-01-08T08:00:00+00:00,AWS-BHO-102,8.1,968.7,98.0,False,,low,6.5,NORMAL,9.0,960.6,96.0,HEALTHY,replay,10.9,0.0
2025-01-08T09:00:00+00:00,AWS-BHO-102,9.5,969.7,97.0,False,,low,7.6,NORMAL,11.4,961.9,89.0,HEALTHY,replay,12.6,0.0
2025-01-08T10:00:00+00:00,AWS-BHO-102,12.3,969.9,84.0,False,,low,5.3,NORMAL,13.9,962.0,76.0,HEALTHY,replay,8.8,0.0
2025-01-08T11:00:00+00:00,AWS-BHO-102,14.4,969.2,78.0,False,,low,3.1,NORMAL,16.3,961.4,58.0,HEALTHY,replay,5.2,0.0
2025-01-08T12:00:00+00:00,AWS-BHO-102,16.2,968.1,65.0,False,,low,2.4,NORMAL,18.1,960.4,51.0,HEALTHY,replay,3.9,0.0
2025-01-08T13:00:00+00:00,AWS-BHO-102,17.5,967.0,56.0,False,,low,4.0,NORMAL,19.1,959.5,49.0,HEALTHY,replay,6.7,0.0
2025-01-08T14:00:00+00:00,AWS-BHO-102,18.2,966.4,53.0,False,,low,4.1,NORMAL,19.7,958.8,47.0,HEALTHY,replay,6.9,0.0
2025-01-08T15:00:00+00:00,AWS-BHO-102,18.3,966.1,52.0,False,,low,2.7,NORMAL,19.7,958.5,47.0,HEALTHY,replay,4.4,0.0
2025-01-08T16:00:00+00:00,AWS-BHO-102,17.8,966.1,55.0,False,,low,0.9,NORMAL,19.0,958.4,47.0,HEALTHY,replay,1.4,0.0
2025-01-08T17:00:00+00:00,AWS-BHO-102,15.0,965.9,74.0,False,,low,3.2,NORMAL,16.6,958.5,64.0,HEALTHY,replay,5.4,0.0
2025-01-08T18:00:00+00:00,AWS-BHO-102,13.6,965.8,80.0,False,,low,1.3,NORMAL,13.0,963.9,60.0,HEALTHY,replay,2.2,0.0
2025-01-08T19:00:00+00:00,AWS-BHO-102,12.0,966.2,85.0,False,,low,1.5,NORMAL,13.7,958.2,62.0,HEALTHY,replay,2.6,0.0
2025-01-08T20:00:00+00:00,AWS-BHO-102,11.1,966.6,86.0,False,,low,0.9,NORMAL,12.5,958.5,82.0,HEALTHY,replay,1.5,0.0
2025-01-08T21:00:00+00:00,AWS-BHO-102,10.5,966.7,87.0,False,,low,0.4,NORMAL,11.5,958.6,73.0,HEALTHY,replay,0.7,0.0
2025-01-08T22:00:00+00:00,AWS-BHO-102,9.9,966.6,89.0,False,,low,0.3,NORMAL,11.0,958.5,84.0,HEALTHY,replay,0.5,0.0
2025-01-08T23:00:00+00:00,AWS-BHO-102,9.4,966.2,90.0,False,,low,0.2,NORMAL,10.4,958.8,85.0,HEALTHY,replay,0.4,0.0
2025-01-09T00:00:00+00:00,AWS-BHO-102,9.0,966.0,91.0,False,,low,0.3,NORMAL,10.1,958.5,83.0,HEALTHY,replay,0.6,0.0
2025-01-09T01:00:00+00:00,AWS-BHO-102,8.7,965.6,91.0,False,,low,0.3,NORMAL,10.1,958.1,82.0,HEALTHY,replay,0.5,0.0
2025-01-09T02:00:00+00:00,AWS-BHO-102,8.4,965.5,90.0,False,,low,0.2,NORMAL,9.9,957.8,81.0,HEALTHY,replay,0.4,0.0
2025-01-09T03:00:00+00:00,AWS-BHO-102,7.8,965.0,92.0,False,,low,0.2,NORMAL,9.8,957.4,81.0,HEALTHY,replay,0.4,0.0
2025-01-09T04:00:00+00:00,AWS-BHO-102,7.0,965.0,95.0,False,,low,0.2,NORMAL,9.6,957.4,84.0,HEALTHY,replay,0.3,0.0
2025-01-09T05:00:00+00:00,AWS-BHO-102,6.5,965.3,95.0,False,,low,0.2,NORMAL,9.1,957.7,85.0,HEALTHY,replay,0.3,0.0
2025-01-09T06:00:00+00:00,AWS-BHO-102,6.6,966.3,93.0,False,,low,0.3,NORMAL,8.7,958.7,80.0,HEALTHY,replay,0.5,0.0
2025-01-09T07:00:00+00:00,AWS-BHO-102,7.2,967.3,93.0,False,,low,0.4,NORMAL,8.9,959.7,84.0,HEALTHY,replay,0.7,0.0
2025-01-09T08:00:00+00:00,AWS-BHO-102,10.2,968.8,87.0,False,,low,5.6,NORMAL,11.7,961.1,82.0,HEALTHY,replay,9.3,0.0
2025-01-09T09:00:00+00:00,AWS-BHO-102,13.7,970.2,78.0,False,,low,43.9,NORMAL,14.8,962.3,72.0,HEALTHY,replay,73.2,0.0
2025-01-09T10:00:00+00:00,AWS-BHO-102,16.8,970.2,67.0,False,,low,38.5,NORMAL,17.3,962.4,60.0,HEALTHY,replay,64.1,0.0
2025-01-09T11:00:00+00:00,AWS-BHO-102,19.1,969.5,55.0,False,,low,32.9,NORMAL,19.4,961.8,50.0,HEALTHY,replay,54.9,0.0
2025-01-09T12:00:00+00:00,AWS-BHO-102,20.5,968.3,48.0,False,,low,16.1,NORMAL,20.8,960.7,45.0,HEALTHY,replay,26.9,0.0
2025-01-09T13:00:00+00:00,AWS-BHO-102,21.3,967.5,46.0,False,,low,6.5,NORMAL,21.7,960.0,41.0,HEALTHY,replay,10.8,0.0
2025-01-09T14:00:00+00:00,AWS-BHO-102,21.7,966.7,44.0,False,,low,5.5,NORMAL,22.2,959.1,40.93,HEALTHY,replay,9.2,0.0
2025-01-09T15:00:00+00:00,AWS-BHO-102,21.6,966.3,46.0,False,,low,2.3,NORMAL,22.1,958.8,40.87,HEALTHY,replay,3.8,0.0
2025-01-09T16:00:00+00:00,AWS-BHO-102,20.7,966.3,54.0,False,,low,2.0,NORMAL,21.5,958.8,40.82,HEALTHY,replay,3.4,0.0
2025-01-09T17:00:00+00:00,AWS-BHO-102,17.8,966.2,67.0,False,,low,3.4,NORMAL,19.0,958.8,53.0,HEALTHY,replay,5.7,0.0
2025-01-09T18:00:00+00:00,AWS-BHO-102,16.2,966.8,74.0,False,,low,2.0,NORMAL,17.2,959.4,63.0,HEALTHY,replay,3.3,0.0
2025-01-09T19:00:00+00:00,AWS-BHO-102,15.3,967.2,74.0,False,,low,1.2,NORMAL,15.9,959.9,69.0,HEALTHY,replay,2.0,0.0
2025-01-09T20:00:00+00:00,AWS-BHO-102,14.3,968.1,75.0,False,,low,1.5,NORMAL,15.2,960.5,72.0,HEALTHY,replay,2.5,0.0
2025-01-09T21:00:00+00:00,AWS-BHO-102,12.9,968.7,81.0,False,,low,1.3,NORMAL,14.4,961.2,75.0,HEALTHY,replay,2.2,0.0
2025-01-09T22:00:00+00:00,AWS-BHO-102,11.5,968.8,87.0,False,,low,0.9,NORMAL,13.8,961.3,76.0,HEALTHY,replay,1.5,0.0
2025-01-09T23:00:00+00:00,AWS-BHO-102,10.6,968.5,87.0,False,,low,0.3,NORMAL,13.1,961.0,77.0,HEALTHY,replay,0.5,0.0
2025-01-10T00:00:00+00:00,AWS-BHO-102,9.9,968.2,87.0,False,,low,0.2,NORMAL,12.5,960.6,75.0,HEALTHY,replay,0.3,0.0
2025-01-10T01:00:00+00:00,AWS-BHO-102,9.2,967.7,87.0,False,,low,0.2,NORMAL,12.2,960.2,71.0,HEALTHY,replay,0.3,0.0
2025-01-10T02:00:00+00:00,AWS-BHO-102,9.1,967.3,86.0,False,,low,0.1,NORMAL,11.9,959.9,68.0,HEALTHY,replay,0.2,0.0
2025-01-10T03:00:00+00:00,AWS-BHO-102,8.8,967.0,86.0,False,,low,0.2,NORMAL,11.6,959.6,70.0,HEALTHY,replay,0.3,0.0
2025-01-10T04:00:00+00:00,AWS-BHO-102,8.5,966.7,87.0,False,,low,0.2,NORMAL,11.2,959.3,74.0,HEALTHY,replay,0.3,0.0
2025-01-10T05:00:00+00:00,AWS-BHO-102,8.3,967.0,87.0,False,,low,0.3,NORMAL,10.8,959.5,76.0,HEALTHY,replay,0.5,0.0
2025-01-10T06:00:00+00:00,AWS-BHO-102,8.3,967.9,85.0,False,,low,0.3,NORMAL,10.3,960.2,80.0,HEALTHY,replay,0.5,0.0
2025-01-10T07:00:00+00:00,AWS-BHO-102,7.8,968.6,91.0,False,,low,0.2,NORMAL,10.3,960.9,80.0,HEALTHY,replay,0.4,0.0
2025-01-10T08:00:00+00:00,AWS-BHO-102,10.6,970.1,82.0,False,,low,2.2,NORMAL,12.1,962.1,74.0,HEALTHY,replay,3.6,0.0
2025-01-10T09:00:00+00:00,AWS-BHO-102,14.0,971.2,72.0,False,,low,7.0,NORMAL,15.1,963.4,62.0,HEALTHY,replay,11.7,0.0
2025-01-10T10:00:00+00:00,AWS-BHO-102,16.8,971.5,62.0,False,,low,10.1,NORMAL,18.0,963.8,53.0,HEALTHY,replay,16.8,0.0
2025-01-10T11:00:00+00:00,AWS-BHO-102,19.2,970.8,55.0,False,,low,3.4,NORMAL,20.6,963.3,44.0,HEALTHY,replay,5.7,0.0
2025-01-10T12:00:00+00:00,AWS-BHO-102,21.0,969.8,51.0,False,,low,2.0,NORMAL,22.1,962.2,38.0,HEALTHY,replay,3.3,0.0
2025-01-10T13:00:00+00:00,AWS-BHO-102,22.2,968.9,48.0,False,,low,1.4,NORMAL,22.9,961.4,30.0,HEALTHY,replay,2.3,0.0
2025-01-10T14:00:00+00:00,AWS-BHO-102,22.8,968.0,44.0,False,,low,1.4,NORMAL,23.2,960.5,30.0,HEALTHY,replay,2.3,0.0
2025-01-10T15:00:00+00:00,AWS-BHO-102,22.9,967.4,43.0,False,,low,0.7,NORMAL,23.1,959.8,31.0,HEALTHY,replay,1.2,0.0
2025-01-10T16:00:00+00:00,AWS-BHO-102,22.2,967.2,48.0,False,,low,0.3,NORMAL,22.4,959.6,34.0,HEALTHY,replay,0.6,0.0
2025-01-10T17:00:00+00:00,AWS-BHO-102,19.5,966.6,62.0,False,,low,1.2,NORMAL,20.3,959.3,53.0,HEALTHY,replay,2.0,0.0
2025-01-10T18:00:00+00:00,AWS-BHO-102,16.8,966.4,76.0,False,,low,4.3,NORMAL,18.0,959.1,63.0,HEALTHY,replay,7.2,0.0
2025-01-10T19:00:00+00:00,AWS-BHO-102,15.1,966.5,86.0,False,,low,6.4,NORMAL,16.8,959.4,68.0,HEALTHY,replay,10.7,0.0
2025-01-10T20:00:00+00:00,AWS-BHO-102,14.2,967.0,86.0,False,,low,1.5,NORMAL,16.3,959.8,65.0,HEALTHY,replay,2.6,0.0
2025-01-10T21:00:00+00:00,AWS-BHO-102,13.3,967.6,88.0,False,,low,0.9,NORMAL,15.6,960.3,66.0,HEALTHY,replay,1.5,0.0
2025-01-10T22:00:00+00:00,AWS-BHO-102,12.3,967.8,89.0,False,,low,0.3,NORMAL,14.7,960.4,75.0,HEALTHY,replay,0.5,0.0
2025-01-10T23:00:00+00:00,AWS-BHO-102,11.6,967.5,90.0,False,,low,0.1,NORMAL,13.8,959.9,75.0,HEALTHY,replay,0.2,0.0
2025-01-11T00:00:00+00:00,AWS-BHO-102,11.3,967.0,89.0,False,,low,0.2,NORMAL,14.0,959.5,76.0,HEALTHY,replay,0.3,0.0
2025-01-11T01:00:00+00:00,AWS-BHO-102,11.1,966.7,87.0,False,,low,0.2,NORMAL,13.9,959.3,73.0,HEALTHY,replay,0.3,0.0
2025-01-11T02:00:00+00:00,AWS-BHO-102,11.0,966.2,86.0,False,,low,0.2,NORMAL,13.4,958.7,76.0,HEALTHY,replay,0.3,0.0
2025-01-11T03:00:00+00:00,AWS-BHO-102,10.5,965.9,87.0,False,,low,0.1,NORMAL,12.8,958.4,79.0,HEALTHY,replay,0.2,0.0
2025-01-11T04:00:00+00:00,AWS-BHO-102,9.9,965.9,90.0,False,,low,0.1,NORMAL,12.4,958.4,82.0,HEALTHY,replay,0.2,0.0
2025-01-11T05:00:00+00:00,AWS-BHO-102,9.4,965.9,91.0,False,,low,0.2,NORMAL,12.0,958.4,82.0,HEALTHY,replay,0.3,0.0
2025-01-11T06:00:00+00:00,AWS-BHO-102,8.7,966.5,93.0,False,,low,0.4,NORMAL,11.6,959.0,81.0,HEALTHY,replay,0.6,0.0
2025-01-11T07:00:00+00:00,AWS-BHO-102,8.8,967.0,94.0,False,,low,0.2,NORMAL,11.6,959.4,81.0,HEALTHY,replay,0.4,0.0
2025-01-11T08:00:00+00:00,AWS-BHO-102,11.9,968.4,84.0,False,,low,0.9,NORMAL,13.8,960.1,74.0,HEALTHY,replay,1.4,0.0
2025-01-11T09:00:00+00:00,AWS-BHO-102,15.9,969.2,68.0,False,,low,10.7,NORMAL,16.8,961.6,63.0,HEALTHY,replay,17.8,0.0
2025-01-11T10:00:00+00:00,AWS-BHO-102,19.1,969.6,59.0,False,,low,11.1,NORMAL,19.9,962.1,53.0,HEALTHY,replay,18.5,0.0
2025-01-11T11:00:00+00:00,AWS-BHO-102,21.8,969.0,52.0,False,,low,8.7,NORMAL,22.1,961.4,49.0,HEALTHY,replay,14.4,0.0
2025-01-11T12:00:00+00:00,AWS-BHO-102,23.4,967.8,48.0,False,,low,7.8,NORMAL,23.5,960.4,48.0,HEALTHY,replay,12.9,0.0
2025-01-11T13:00:00+00:00,AWS-BHO-102,24.2,966.8,46.0,False,,low,4.5,NORMAL,24.4,959.4,45.0,HEALTHY,replay,7.6,0.0
2025-01-11T14:00:00+00:00,AWS-BHO-102,24.5,965.8,45.0,False,,low,3.3,NORMAL,25.0,958.5,43.0,HEALTHY,replay,5.4,0.0
2025-01-11T15:00:00+00:00,AWS-BHO-102,24.5,965.4,45.0,False,,low,1.6,NORMAL,25.2,957.9,42.0,HEALTHY,replay,2.7,0.0
2025-01-11T16:00:00+00:00,AWS-BHO-102,23.9,965.2,50.0,False,,low,0.8,NORMAL,24.5,957.8,45.0,HEALTHY,replay,1.3,0.0
2025-01-11T17:00:00+00:00,AWS-BHO-102,21.1,964.8,64.0,False,,low,3.2,NORMAL,22.8,957.6,55.0,HEALTHY,replay,5.3,0.0
2025-01-11T18:00:00+00:00,AWS-BHO-102,18.9,964.9,69.0,False,,low,1.7,NORMAL,20.2,957.6,71.0,HEALTHY,replay,2.8,0.0
2025-01-11T19:00:00+00:00,AWS-BHO-102,17.6,965.2,70.0,False,,low,0.7,NORMAL,19.0,958.1,73.0,HEALTHY,replay,1.2,0.0
2025-01-11T20:00:00+00:00,AWS-BHO-102,17.3,965.7,69.0,False,,low,0.6,NORMAL,17.9,958.6,75.0,HEALTHY,replay,1.0,0.0
2025-01-11T21:00:00+00:00,AWS-BHO-102,16.8,966.1,71.0,False,,low,0.4,NORMAL,17.8,959.0,74.0,HEALTHY,replay,0.6,0.0
2025-01-11T22:00:00+00:00,AWS-BHO-102,16.4,966.3,73.0,False,,low,0.6,NORMAL,17.8,959.1,73.0,HEALTHY,replay,1.0,0.0
2025-01-11T23:00:00+00:00,AWS-BHO-102,16.3,966.3,72.0,False,,low,1.1,NORMAL,17.4,958.9,75.0,HEALTHY,replay,1.8,0.0
2025-01-12T00:00:00+00:00,AWS-BHO-102,16.2,965.9,74.0,False,,low,1.8,NORMAL,16.5,958.6,77.0,HEALTHY,replay,3.1,0.0
2025-01-12T01:00:00+00:00,AWS-BHO-102,14.7,965.8,84.0,False,,low,2.4,NORMAL,15.9,958.4,77.0,HEALTHY,replay,4.0,0.0
2025-01-12T02:00:00+00:00,AWS-BHO-102,14.4,965.8,85.0,False,,low,1.2,NORMAL,15.2,958.3,79.0,HEALTHY,replay,2.0,0.0
2025-01-12T03:00:00+00:00,AWS-BHO-102,14.3,965.7,86.0,False,,low,0.9,NORMAL,15.1,957.8,81.0,HEALTHY,replay,1.5,0.0
2025-01-12T04:00:00+00:00,AWS-BHO-102,13.8,965.7,90.0,False,,low,0.9,NORMAL,14.6,963.9,92.0,HEALTHY,replay,1.5,0.0
2025-01-12T05:00:00+00:00,AWS-BHO-102,14.0,966.1,90.0,False,,low,1.2,NORMAL,15.2,958.0,93.0,HEALTHY,replay,2.0,0.0
2025-01-12T06:00:00+00:00,AWS-BHO-102,14.7,966.9,92.0,False,,low,1.3,NORMAL,14.5,965.0,94.0,HEALTHY,replay,2.2,0.0
2025-01-12T07:00:00+00:00,AWS-BHO-102,15.0,967.4,92.0,False,,low,0.9,NORMAL,15.0,959.5,91.0,HEALTHY,replay,1.4,0.0
2025-01-12T08:00:00+00:00,AWS-BHO-102,16.4,968.7,88.0,False,,low,1.2,NORMAL,16.3,961.0,89.0,HEALTHY,replay,2.0,0.0
2025-01-12T09:00:00+00:00,AWS-BHO-102,18.2,969.6,82.0,False,,low,1.2,NORMAL,18.5,962.1,79.0,HEALTHY,replay,2.0,0.0
2025-01-12T10:00:00+00:00,AWS-BHO-102,20.1,969.8,74.0,False,,low,0.6,NORMAL,20.2,962.4,71.0,HEALTHY,replay,1.0,0.0
2025-01-12T11:00:00+00:00,AWS-BHO-102,21.5,969.2,68.0,False,,low,0.6,NORMAL,21.8,961.8,62.0,HEALTHY,replay,1.0,0.0
2025-01-12T12:00:00+00:00,AWS-BHO-102,22.6,968.3,63.0,False,,low,0.5,NORMAL,23.1,960.9,53.0,HEALTHY,replay,0.8,0.0
2025-01-12T13:00:00+00:00,AWS-BHO-102,23.1,967.1,62.0,False,,low,0.5,NORMAL,23.9,959.6,48.0,HEALTHY,replay,0.9,0.0
2025-01-12T14:00:00+00:00,AWS-BHO-102,22.9,966.5,61.0,False,,low,0.9,NORMAL,23.9,959.0,46.0,HEALTHY,replay,1.5,0.0
2025-01-12T15:00:00+00:00,AWS-BHO-102,22.6,966.2,60.0,False,,low,0.6,NORMAL,23.8,958.6,47.0,HEALTHY,replay,0.9,0.0
2025-01-12T16:00:00+00:00,AWS-BHO-102,22.4,966.3,58.0,False,,low,0.5,NORMAL,23.2,958.8,49.0,HEALTHY,replay,0.9,0.0
2025-01-12T17:00:00+00:00,AWS-BHO-102,20.5,966.2,72.0,False,,low,0.8,NORMAL,21.4,958.9,55.0,HEALTHY,replay,1.3,0.0
2025-01-12T18:00:00+00:00,AWS-BHO-102,17.6,967.1,87.0,False,,low,8.0,NORMAL,18.4,959.9,65.0,HEALTHY,replay,13.4,0.0
2025-01-12T19:00:00+00:00,AWS-BHO-102,16.4,967.5,91.0,False,,low,3.8,NORMAL,16.9,960.5,66.0,HEALTHY,replay,6.4,0.0
2025-01-12T20:00:00+00:00,AWS-BHO-102,15.5,968.3,88.0,False,,low,4.9,NORMAL,15.6,961.0,70.0,HEALTHY,replay,8.2,0.0
2025-01-12T21:00:00+00:00,AWS-BHO-102,14.5,968.8,77.0,False,,low,2.6,NORMAL,15.0,961.5,76.0,HEALTHY,replay,4.4,0.0
2025-01-12T22:00:00+00:00,AWS-BHO-102,13.6,968.9,81.0,False,,low,0.7,NORMAL,14.1,961.5,79.0,HEALTHY,replay,1.1,0.0
2025-01-12T23:00:00+00:00,AWS-BHO-102,12.5,968.4,88.0,False,,low,0.7,NORMAL,12.8,960.4,84.0,HEALTHY,replay,1.2,0.0
2025-01-13T00:00:00+00:00,AWS-BHO-102,11.7,968.0,92.0,False,,low,0.8,NORMAL,12.0,960.0,89.0,HEALTHY,replay,1.4,0.0
2025-01-13T01:00:00+00:00,AWS-BHO-102,11.4,967.7,93.0,False,,low,0.3,NORMAL,11.5,959.7,92.0,HEALTHY,replay,0.5,0.0
2025-01-13T02:00:00+00:00,AWS-BHO-102,10.9,967.3,94.0,False,,low,0.2,NORMAL,11.1,959.7,93.0,HEALTHY,replay,0.4,0.0
2025-01-13T03:00:00+00:00,AWS-BHO-102,10.2,967.2,94.0,False,,low,0.3,NORMAL,10.6,959.4,93.0,HEALTHY,replay,0.5,0.0
2025-01-13T04:00:00+00:00,AWS-BHO-102,9.8,967.2,94.0,False,,low,0.5,NORMAL,10.1,959.4,94.0,HEALTHY,replay,0.9,0.0
2025-01-13T05:00:00+00:00,AWS-BHO-102,9.3,967.4,96.0,False,,low,0.7,NORMAL,9.9,959.7,95.0,HEALTHY,replay,1.1,0.0
2025-01-13T06:00:00+00:00,AWS-BHO-102,8.7,968.1,97.0,False,,low,0.7,NORMAL,9.1,960.4,97.0,HEALTHY,replay,1.1,0.0
2025-01-13T07:00:00+00:00,AWS-BHO-102,9.0,968.8,98.0,False,,low,1.0,NORMAL,9.4,960.8,97.0,HEALTHY,replay,1.6,0.0
2025-01-13T08:00:00+00:00,AWS-BHO-102,11.3,970.0,92.0,False,,low,1.5,NORMAL,11.6,961.8,90.0,HEALTHY,replay,2.4,0.0
2025-01-13T09:00:00+00:00,AWS-BHO-102,13.4,970.5,86.0,False,,low,1.9,NORMAL,13.7,962.68,90.0,HEALTHY,replay,3.2,0.0
2025-01-13T10:00:00+00:00,AWS-BHO-102,15.2,970.6,80.0,False,,low,2.9,NORMAL,16.0,962.3,81.0,HEALTHY,replay,4.8,0.0
2025-01-13T11:00:00+00:00,AWS-BHO-102,16.8,970.0,70.0,False,,low,2.0,NORMAL,17.6,962.86,71.0,HEALTHY,replay,3.4,0.0
2025-01-13T12:00:00+00:00,AWS-BHO-102,17.7,968.6,64.0,False,,low,1.1,NORMAL,18.9,961.0,55.0,HEALTHY,replay,1.8,0.0
2025-01-13T13:00:00+00:00,AWS-BHO-102,18.4,967.3,60.0,False,,low,2.1,NORMAL,19.7,959.7,49.0,HEALTHY,replay,3.5,0.0
2025-01-13T14:00:00+00:00,AWS-BHO-102,18.9,966.6,56.0,False,,low,2.7,NORMAL,20.1,959.0,46.0,HEALTHY,replay,4.6,0.0
2025-01-13T15:00:00+00:00,AWS-BHO-102,18.9,966.3,55.0,False,,low,0.7,NORMAL,20.0,958.6,44.0,HEALTHY,replay,1.2,0.0
2025-01-13T16:00:00+00:00,AWS-BHO-102,18.4,966.3,57.0,False,,low,0.6,NORMAL,19.4,958.7,47.0,HEALTHY,replay,1.0,0.0
2025-01-13T17:00:00+00:00,AWS-BHO-102,16.3,966.3,72.0,False,,low,3.0,NORMAL,17.3,958.7,61.0,HEALTHY,replay,5.1,0.0
2025-01-13T18:00:00+00:00,AWS-BHO-102,14.2,966.9,82.0,False,,low,2.8,NORMAL,14.8,959.5,74.0,HEALTHY,replay,4.6,0.0
2025-01-13T19:00:00+00:00,AWS-BHO-102,13.3,967.1,85.0,False,,low,1.2,NORMAL,13.7,959.8,81.0,HEALTHY,replay,2.0,0.0
2025-01-13T20:00:00+00:00,AWS-BHO-102,12.7,967.5,86.0,False,,low,0.3,NORMAL,12.6,960.2,86.0,HEALTHY,replay,0.5,0.0
2025-01-13T21:00:00+00:00,AWS-BHO-102,11.8,967.6,90.0,False,,low,0.3,NORMAL,11.8,960.3,87.0,HEALTHY,replay,0.4,0.0
2025-01-13T22:00:00+00:00,AWS-BHO-102,10.7,967.6,94.0,False,,low,0.5,NORMAL,11.2,960.3,89.0,HEALTHY,replay,0.8,0.0
2025-01-13T23:00:00+00:00,AWS-BHO-102,10.1,967.3,96.0,False,,low,0.3,NORMAL,10.6,959.7,90.0,HEALTHY,replay,0.5,0.0
2025-01-14T00:00:00+00:00,AWS-BHO-102,9.4,966.8,96.0,False,,low,0.4,NORMAL,9.8,959.3,93.0,HEALTHY,replay,0.7,0.0
2025-01-14T01:00:00+00:00,AWS-BHO-102,8.9,966.8,97.0,False,,low,0.4,NORMAL,9.4,959.3,93.0,HEALTHY,replay,0.6,0.0
2025-01-14T02:00:00+00:00,AWS-BHO-102,8.5,966.2,98.0,False,,low,0.3,NORMAL,9.4,958.6,94.0,HEALTHY,replay,0.5,0.0
2025-01-14T03:00:00+00:00,AWS-BHO-102,8.0,966.0,98.0,False,,low,0.3,NORMAL,9.2,958.3,96.0,HEALTHY,replay,0.5,0.0
2025-01-14T04:00:00+00:00,AWS-BHO-102,7.5,966.0,99.0,False,,low,0.4,NORMAL,9.1,958.2,97.0,HEALTHY,replay,0.6,0.0
2025-01-14T05:00:00+00:00,AWS-BHO-102,7.6,966.4,98.0,False,,low,0.6,NORMAL,9.0,958.6,96.0,HEALTHY,replay,1.0,0.0
2025-01-14T06:00:00+00:00,AWS-BHO-102,7.3,967.7,100.0,False,,low,0.3,NORMAL,9.0,960.2,95.0,HEALTHY,replay,0.4,0.0
2025-01-14T07:00:00+00:00,AWS-BHO-102,7.3,968.6,99.0,False,,low,0.6,NORMAL,9.2,960.7,96.0,HEALTHY,replay,1.1,0.0
2025-01-14T08:00:00+00:00,AWS-BHO-102,8.8,969.5,98.0,False,,low,1.6,NORMAL,11.4,961.5,88.0,HEALTHY,replay,2.6,0.0
2025-01-14T09:00:00+00:00,AWS-BHO-102,12.4,970.4,86.0,False,,low,4.5,NORMAL,14.5,962.6,77.0,HEALTHY,replay,7.5,0.0
2025-01-14T10:00:00+00:00,AWS-BHO-102,16.2,970.8,75.0,False,,low,10.4,NORMAL,17.1,963.1,66.0,HEALTHY,replay,17.4,0.0
2025-01-14T11:00:00+00:00,AWS-BHO-102,18.5,970.3,64.0,False,,low,3.7,NORMAL,19.2,962.7,58.0,HEALTHY,replay,6.1,0.0
2025-01-14T12:00:00+00:00,AWS-BHO-102,19.7,969.0,61.0,False,,low,1.4,NORMAL,20.8,961.4,54.0,HEALTHY,replay,2.4,0.0
2025-01-14T13:00:00+00:00,AWS-BHO-102,20.5,968.0,59.0,False,,low,1.1,NORMAL,21.7,960.4,53.0,HEALTHY,replay,1.8,0.0
2025-01-14T14:00:00+00:00,AWS-BHO-102,20.9,967.0,58.0,False,,low,1.8,NORMAL,22.2,959.4,53.0,HEALTHY,replay,3.0,0.0
2025-01-14T15:00:00+00:00,AWS-BHO-102,21.0,966.7,59.0,False,,low,0.7,NORMAL,22.3,959.1,54.0,HEALTHY,replay,1.1,0.0
2025-01-14T16:00:00+00:00,AWS-BHO-102,20.6,966.9,61.0,False,,low,0.6,NORMAL,21.8,959.4,56.0,HEALTHY,replay,1.0,0.0
2025-01-14T17:00:00+00:00,AWS-BHO-102,18.5,967.1,74.0,False,,low,0.9,NORMAL,20.0,959.7,67.0,HEALTHY,replay,1.4,0.0
2025-01-14T18:00:00+00:00,AWS-BHO-102,16.7,967.4,82.0,False,,low,1.0,NORMAL,17.8,960.1,79.0,HEALTHY,replay,1.6,0.0
2025-01-14T19:00:00+00:00,AWS-BHO-102,15.8,967.9,83.0,False,,low,0.6,NORMAL,16.7,960.4,82.0,HEALTHY,replay,1.0,0.0
2025-01-14T20:00:00+00:00,AWS-BHO-102,15.0,968.4,83.0,False,,low,0.2,NORMAL,16.1,960.9,82.0,HEALTHY,replay,0.4,0.0
2025-01-14T21:00:00+00:00,AWS-BHO-102,14.4,968.6,82.0,False,,low,0.3,NORMAL,15.6,961.1,84.0,HEALTHY,replay,0.5,0.0
2025-01-14T22:00:00+00:00,AWS-BHO-102,13.6,969.0,86.0,False,,low,0.3,NORMAL,15.2,961.4,82.0,HEALTHY,replay,0.5,0.0
2025-01-14T23:00:00+00:00,AWS-BHO-102,12.9,968.7,90.0,False,,low,0.3,NORMAL,14.8,961.2,80.0,HEALTHY,replay,0.5,0.0
2025-01-15T00:00:00+00:00,AWS-BHO-102,12.2,968.6,93.0,False,,low,0.3,NORMAL,14.1,960.9,84.0,HEALTHY,replay,0.5,0.0
2025-01-15T01:00:00+00:00,AWS-BHO-102,11.9,968.5,93.0,False,,low,0.6,NORMAL,13.7,960.5,86.0,HEALTHY,replay,1.1,0.0
2025-01-15T02:00:00+00:00,AWS-BHO-102,11.6,967.5,92.0,False,,low,0.5,NORMAL,13.3,959.8,87.0,HEALTHY,replay,0.9,0.0
2025-01-15T03:00:00+00:00,AWS-BHO-102,11.0,966.8,92.0,False,,low,0.4,NORMAL,13.1,959.4,85.0,HEALTHY,replay,0.7,0.0
2025-01-15T04:00:00+00:00,AWS-BHO-102,10.8,966.9,90.0,False,,low,0.4,NORMAL,13.1,959.3,83.0,HEALTHY,replay,0.6,0.0
2025-01-15T05:00:00+00:00,AWS-BHO-102,10.4,967.2,91.0,False,,low,0.3,NORMAL,14.6,959.0,83.0,HEALTHY,replay,0.5,0.0
2025-01-15T06:00:00+00:00,AWS-BHO-102,10.6,968.0,91.0,False,,low,0.3,NORMAL,14.1,959.5,77.0,HEALTHY,replay,0.6,0.0
2025-01-15T07:00:00+00:00,AWS-BHO-102,10.8,968.4,90.0,False,,low,0.5,NORMAL,14.9,960.0,81.0,HEALTHY,replay,0.8,0.0
2025-01-15T08:00:00+00:00,AWS-BHO-102,13.5,969.2,81.0,False,,low,4.4,NORMAL,16.1,961.1,75.0,HEALTHY,replay,7.3,0.0
2025-01-15T09:00:00+00:00,AWS-BHO-102,16.8,970.0,74.0,False,,low,9.0,NORMAL,17.6,962.5,67.0,HEALTHY,replay,14.9,0.0
2025-01-15T10:00:00+00:00,AWS-BHO-102,19.6,970.3,68.0,False,,low,5.0,NORMAL,20.0,962.8,64.0,HEALTHY,replay,8.3,0.0
2025-01-15T11:00:00+00:00,AWS-BHO-102,21.9,969.8,65.0,False,,low,3.5,NORMAL,22.3,962.4,59.0,HEALTHY,replay,5.8,0.0
2025-01-15T12:00:00+00:00,AWS-BHO-102,23.7,968.6,60.0,False,,low,5.2,NORMAL,23.7,961.2,55.0,HEALTHY,replay,8.6,0.0
2025-01-15T13:00:00+00:00,AWS-BHO-102,24.7,967.7,53.0,False,,low,4.8,NORMAL,24.8,960.3,49.0,HEALTHY,replay,8.1,0.0
2025-01-15T14:00:00+00:00,AWS-BHO-102,24.8,967.0,52.0,False,,low,2.4,NORMAL,24.8,959.6,49.0,HEALTHY,replay,4.1,0.0
2025-01-15T15:00:00+00:00,AWS-BHO-102,24.8,966.3,52.0,False,,low,2.1,NORMAL,25.1,959.0,47.0,HEALTHY,replay,3.5,0.0
2025-01-15T16:00:00+00:00,AWS-BHO-102,24.2,966.1,58.0,False,,low,1.3,NORMAL,24.8,958.8,49.0,HEALTHY,replay,2.2,0.0
2025-01-15T17:00:00+00:00,AWS-BHO-102,21.8,965.7,71.0,False,,low,3.6,NORMAL,22.5,958.5,68.0,HEALTHY,replay,6.1,0.0
2025-01-15T18:00:00+00:00,AWS-BHO-102,19.1,966.6,79.0,False,,low,3.3,NORMAL,19.6,959.3,74.0,HEALTHY,replay,5.5,0.0
2025-01-15T19:00:00+00:00,AWS-BHO-102,18.0,966.9,86.0,False,,low,1.0,NORMAL,19.0,959.7,73.0,HEALTHY,replay,1.7,0.0
2025-01-15T20:00:00+00:00,AWS-BHO-102,17.8,967.3,83.0,False,,low,0.5,NORMAL,18.7,959.9,72.0,HEALTHY,replay,0.8,0.0
2025-01-15T21:00:00+00:00,AWS-BHO-102,16.9,967.4,83.0,False,,low,0.2,NORMAL,18.3,960.1,72.0,HEALTHY,replay,0.4,0.0
2025-01-15T22:00:00+00:00,AWS-BHO-102,15.7,967.7,87.0,False,,low,0.2,NORMAL,18.0,960.3,70.0,HEALTHY,replay,0.3,0.0
2025-01-15T23:00:00+00:00,AWS-BHO-102,15.3,967.4,86.0,False,,low,0.2,NORMAL,17.3,960.0,74.0,HEALTHY,replay,0.3,0.0
2025-01-16T00:00:00+00:00,AWS-BHO-102,15.2,966.8,86.0,False,,low,0.5,NORMAL,16.8,959.5,77.0,HEALTHY,replay,0.8,0.0
2025-01-16T01:00:00+00:00,AWS-BHO-102,15.4,966.6,84.0,False,,low,0.6,NORMAL,16.4,959.3,78.0,HEALTHY,replay,1.1,0.0
2025-01-16T02:00:00+00:00,AWS-BHO-102,15.0,966.3,83.0,False,,low,0.4,NORMAL,16.0,958.9,80.0,HEALTHY,replay,0.7,0.0
2025-01-16T03:00:00+00:00,AWS-BHO-102,15.0,965.8,82.0,False,,low,0.7,NORMAL,15.9,958.4,80.0,HEALTHY,replay,1.1,0.0
2025-01-16T04:00:00+00:00,AWS-BHO-102,14.5,965.4,84.0,False,,low,0.5,NORMAL,15.2,958.1,83.0,HEALTHY,replay,0.8,0.0
2025-01-16T05:00:00+00:00,AWS-BHO-102,14.2,965.6,86.0,False,,low,0.4,NORMAL,15.1,958.2,85.0,HEALTHY,replay,0.7,0.0
2025-01-16T06:00:00+00:00,AWS-BHO-102,13.7,966.9,87.0,False,,low,0.4,NORMAL,16.0,959.7,80.0,HEALTHY,replay,0.6,0.0
2025-01-16T07:00:00+00:00,AWS-BHO-102,14.1,967.8,87.0,False,,low,0.5,NORMAL,16.6,960.6,83.0,HEALTHY,replay,0.9,0.0
2025-01-16T08:00:00+00:00,AWS-BHO-102,15.9,968.6,83.0,False,,low,0.4,NORMAL,17.4,961.1,81.0,HEALTHY,replay,0.7,0.0
2025-01-16T09:00:00+00:00,AWS-BHO-102,17.4,969.6,80.0,False,,low,0.5,NORMAL,18.4,962.0,74.0,HEALTHY,replay,0.9,0.0
2025-01-16T10:00:00+00:00,AWS-BHO-102,18.9,969.9,77.0,False,,low,0.4,NORMAL,20.4,962.4,68.0,HEALTHY,replay,0.7,0.0
2025-01-16T11:00:00+00:00,AWS-BHO-102,20.7,969.9,72.0,False,,low,0.7,NORMAL,22.1,962.5,69.0,HEALTHY,replay,1.2,0.0
2025-01-16T12:00:00+00:00,AWS-BHO-102,21.3,968.9,70.0,False,,low,0.7,NORMAL,22.5,961.5,68.0,HEALTHY,replay,1.2,0.0
2025-01-16T13:00:00+00:00,AWS-BHO-102,22.4,968.1,70.0,False,,low,0.7,NORMAL,23.3,960.6,66.0,HEALTHY,replay,1.2,0.0
2025-01-16T14:00:00+00:00,AWS-BHO-102,23.0,967.7,70.0,False,,low,0.7,NORMAL,23.3,960.1,64.0,HEALTHY,replay,1.2,0.0
2025-01-16T15:00:00+00:00,AWS-BHO-102,22.9,967.5,71.0,False,,low,0.6,NORMAL,21.9,960.0,69.0,HEALTHY,replay,1.1,0.0
2025-01-16T16:00:00+00:00,AWS-BHO-102,20.7,967.8,77.0,False,,low,1.7,NORMAL,21.1,960.1,73.0,HEALTHY,replay,2.8,0.0
2025-01-16T17:00:00+00:00,AWS-BHO-102,19.2,968.1,88.0,False,,low,5.7,NORMAL,20.4,960.5,78.0,HEALTHY,replay,9.5,0.0
2025-01-16T18:00:00+00:00,AWS-BHO-102,18.8,968.8,86.0,False,,low,0.7,NORMAL,19.2,961.5,78.0,HEALTHY,replay,1.2,0.0
2025-01-16T19:00:00+00:00,AWS-BHO-102,18.4,969.4,87.0,False,,low,0.6,NORMAL,18.4,962.0,81.0,HEALTHY,replay,1.0,0.0
2025-01-16T20:00:00+00:00,AWS-BHO-102,17.5,970.2,89.0,False,,low,0.9,NORMAL,17.6,962.5,84.0,HEALTHY,replay,1.5,0.0
2025-01-16T21:00:00+00:00,AWS-BHO-102,16.2,970.6,91.0,False,,low,1.0,NORMAL,17.0,962.9,87.0,HEALTHY,replay,1.6,0.0
2025-01-16T22:00:00+00:00,AWS-BHO-102,15.2,970.9,93.0,False,,low,0.8,NORMAL,16.1,963.4,91.0,HEALTHY,replay,1.4,0.0
2025-01-16T23:00:00+00:00,AWS-BHO-102,14.6,970.7,93.0,False,,low,0.9,NORMAL,15.4,963.1,93.0,HEALTHY,replay,1.5,0.0
2025-01-17T00:00:00+00:00,AWS-BHO-102,13.8,970.4,95.0,False,,low,0.7,NORMAL,14.8,962.8,94.0,HEALTHY,replay,1.1,0.0
2025-01-17T01:00:00+00:00,AWS-BHO-102,13.4,970.1,94.0,False,,low,1.0,NORMAL,14.2,962.3,94.0,HEALTHY,replay,1.7,0.0
2025-01-17T02:00:00+00:00,AWS-BHO-102,12.8,969.5,95.0,False,,low,0.6,NORMAL,13.6,961.7,95.0,HEALTHY,replay,1.0,0.0
2025-01-17T03:00:00+00:00,AWS-BHO-102,12.3,969.1,95.0,False,,low,0.5,NORMAL,13.2,961.2,95.0,HEALTHY,replay,0.8,0.0
2025-01-17T04:00:00+00:00,AWS-BHO-102,11.9,969.0,95.0,False,,low,0.5,NORMAL,12.7,961.2,95.0,HEALTHY,replay,0.9,0.0
2025-01-17T05:00:00+00:00,AWS-BHO-102,11.5,969.4,95.0,False,,low,0.6,NORMAL,12.3,961.4,94.0,HEALTHY,replay,1.0,0.0
2025-01-17T06:00:00+00:00,AWS-BHO-102,11.2,970.1,96.0,False,,low,0.7,NORMAL,11.9,962.1,94.0,HEALTHY,replay,1.2,0.0
2025-01-17T07:00:00+00:00,AWS-BHO-102,11.1,970.5,97.0,False,,low,0.8,NORMAL,12.0,962.5,91.0,HEALTHY,replay,1.4,0.0
2025-01-17T08:00:00+00:00,AWS-BHO-102,12.4,971.0,92.0,False,,low,1.6,NORMAL,13.0,963.0,86.0,HEALTHY,replay,2.6,0.0
2025-01-17T09:00:00+00:00,AWS-BHO-102,14.3,971.5,86.0,False,,low,1.6,NORMAL,15.2,963.4,79.0,HEALTHY,replay,2.6,0.0
2025-01-17T10:00:00+00:00,AWS-BHO-102,16.5,971.4,79.0,False,,low,2.3,NORMAL,17.6,963.6,72.0,HEALTHY,replay,3.9,0.0
2025-01-17T11:00:00+00:00,AWS-BHO-102,18.3,970.6,73.0,False,,low,2.2,NORMAL,19.5,963.1,67.0,HEALTHY,replay,3.7,0.0
2025-01-17T12:00:00+00:00,AWS-BHO-102,19.7,969.3,70.0,False,,low,3.7,NORMAL,21.1,961.8,63.0,HEALTHY,replay,6.2,0.0
2025-01-17T13:00:00+00:00,AWS-BHO-102,20.6,968.3,69.0,False,,low,4.2,NORMAL,22.0,960.8,61.0,HEALTHY,replay,6.9,0.0
2025-01-17T14:00:00+00:00,AWS-BHO-102,20.8,967.4,69.0,False,,low,3.3,NORMAL,22.4,959.8,61.0,HEALTHY,replay,5.5,0.0
2025-01-17T15:00:00+00:00,AWS-BHO-102,20.8,967.1,69.0,False,,low,2.7,NORMAL,22.3,959.5,62.0,HEALTHY,replay,4.4,0.0
2025-01-17T16:00:00+00:00,AWS-BHO-102,20.2,966.8,71.0,False,,low,1.1,NORMAL,21.4,959.2,64.0,HEALTHY,replay,1.9,0.0
2025-01-17T17:00:00+00:00,AWS-BHO-102,18.7,966.9,78.0,False,,low,1.1,NORMAL,20.0,959.3,72.0,HEALTHY,replay,1.9,0.0
2025-01-17T18:00:00+00:00,AWS-BHO-102,16.6,967.4,85.0,False,,low,1.7,NORMAL,17.7,959.9,82.0,HEALTHY,replay,2.8,0.0
2025-01-17T19:00:00+00:00,AWS-BHO-102,15.8,967.9,86.0,False,,low,0.7,NORMAL,16.8,960.4,85.0,HEALTHY,replay,1.2,0.0
2025-01-17T20:00:00+00:00,AWS-BHO-102,15.0,968.4,89.0,False,,low,0.6,NORMAL,16.1,960.9,87.0,HEALTHY,replay,1.0,0.0
2025-01-17T21:00:00+00:00,AWS-BHO-102,14.3,968.6,92.0,False,,low,0.4,NORMAL,15.3,961.1,89.0,HEALTHY,replay,0.7,0.0
2025-01-17T22:00:00+00:00,AWS-BHO-102,13.6,968.7,94.0,False,,low,0.4,NORMAL,14.7,961.1,90.0,HEALTHY,replay,0.7,0.0
2025-01-17T23:00:00+00:00,AWS-BHO-102,13.0,968.2,96.0,False,,low,0.5,NORMAL,14.2,960.6,91.0,HEALTHY,replay,0.9,0.0
2025-01-18T00:00:00+00:00,AWS-BHO-102,12.4,967.9,97.0,False,,low,0.6,NORMAL,13.7,960.2,94.0,HEALTHY,replay,0.9,0.0
2025-01-18T01:00:00+00:00,AWS-BHO-102,11.9,967.3,97.0,False,,low,0.5,NORMAL,13.4,959.7,95.0,HEALTHY,replay,0.8,0.0
2025-01-18T02:00:00+00:00,AWS-BHO-102,11.5,967.2,97.0,False,,low,0.4,NORMAL,13.0,959.4,95.0,HEALTHY,replay,0.7,0.0
2025-01-18T03:00:00+00:00,AWS-BHO-102,11.2,966.9,97.0,False,,low,0.6,NORMAL,12.7,959.1,95.0,HEALTHY,replay,1.0,0.0
2025-01-18T04:00:00+00:00,AWS-BHO-102,10.8,966.9,97.0,False,,low,0.4,NORMAL,12.5,958.9,94.0,HEALTHY,replay,0.7,0.0
2025-01-18T05:00:00+00:00,AWS-BHO-102,10.8,967.1,97.0,False,,low,0.6,NORMAL,12.2,959.1,94.0,HEALTHY,replay,1.0,0.0
2025-01-18T06:00:00+00:00,AWS-BHO-102,10.6,968.0,97.0,False,,low,0.5,NORMAL,12.1,960.2,93.0,HEALTHY,replay,0.9,0.0
2025-01-18T07:00:00+00:00,AWS-BHO-102,10.8,968.8,97.0,False,,low,0.4,NORMAL,12.0,960.2,93.0,HEALTHY,replay,0.7,0.0
2025-01-18T08:00:00+00:00,AWS-BHO-102,12.6,969.8,92.0,False,,low,0.7,NORMAL,13.6,961.2,86.0,HEALTHY,replay,1.1,0.0
2025-01-18T09:00:00+00:00,AWS-BHO-102,14.8,970.6,86.0,False,,low,1.0,NORMAL,16.3,962.1,77.0,HEALTHY,replay,1.6,0.0
2025-01-18T10:00:00+00:00,AWS-BHO-102,17.3,970.5,80.0,False,,low,2.2,NORMAL,18.8,962.3,70.0,HEALTHY,replay,3.7,0.0
2025-01-18T11:00:00+00:00,AWS-BHO-102,19.7,970.1,74.0,False,,low,5.8,NORMAL,20.9,961.9,63.0,HEALTHY,replay,9.7,0.0
2025-01-18T12:00:00+00:00,AWS-BHO-102,21.3,968.8,69.0,False,,low,4.2,NORMAL,22.6,960.7,58.0,HEALTHY,replay,6.9,0.0
2025-01-18T13:00:00+00:00,AWS-BHO-102,22.4,967.8,67.0,False,,low,3.3,NORMAL,23.5,960.3,55.0,HEALTHY,replay,5.5,0.0
2025-01-18T14:00:00+00:00,AWS-BHO-102,23.0,966.9,65.0,False,,low,5.2,NORMAL,23.9,959.5,54.0,HEALTHY,replay,8.7,0.0
2025-01-18T15:00:00+00:00,AWS-BHO-102,23.1,966.2,64.0,False,,low,2.5,NORMAL,23.9,958.8,54.0,HEALTHY,replay,4.1,0.0
2025-01-18T16:00:00+00:00,AWS-BHO-102,22.8,966.0,65.0,False,,low,2.5,NORMAL,23.2,958.6,57.0,HEALTHY,replay,4.1,0.0
2025-01-18T17:00:00+00:00,AWS-BHO-102,20.7,965.7,77.0,False,,low,2.2,NORMAL,21.2,958.5,68.0,HEALTHY,replay,3.7,0.0
2025-01-18T18:00:00+00:00,AWS-BHO-102,18.5,966.2,86.0,False,,low,1.7,NORMAL,19.6,959.0,73.0,HEALTHY,replay,2.8,0.0
2025-01-18T19:00:00+00:00,AWS-BHO-102,17.3,966.5,89.0,False,,low,0.8,NORMAL,18.2,959.4,79.0,HEALTHY,replay,1.4,0.0
2025-01-18T20:00:00+00:00,AWS-BHO-102,16.0,967.4,91.0,False,,low,0.6,NORMAL,17.0,959.9,85.0,HEALTHY,replay,1.0,0.0
2025-01-18T21:00:00+00:00,AWS-BHO-102,15.1,967.6,93.0,False,,low,0.3,NORMAL,16.5,960.2,89.0,HEALTHY,replay,0.5,0.0
2025-01-18T22:00:00+00:00,AWS-BHO-102,14.5,967.8,94.0,False,,low,0.2,NORMAL,15.6,960.4,91.0,HEALTHY,replay,0.3,0.0
2025-01-18T23:00:00+00:00,AWS-BHO-102,13.7,967.3,96.0,False,,low,0.2,NORMAL,15.3,959.9,91.0,HEALTHY,replay,0.4,0.0
2025-01-19T00:00:00+00:00,AWS-BHO-102,13.1,966.9,97.0,False,,low,0.2,NORMAL,15.2,959.7,90.0,HEALTHY,replay,0.4,0.0
2025-01-19T01:00:00+00:00,AWS-BHO-102,12.7,966.7,98.0,False,,low,0.2,NORMAL,15.1,959.4,90.0,HEALTHY,replay,0.3,0.0
2025-01-19T02:00:00+00:00,AWS-BHO-102,12.1,966.2,100.0,False,,low,0.2,NORMAL,14.8,958.8,89.0,HEALTHY,replay,0.3,0.0
2025-01-19T03:00:00+00:00,AWS-BHO-102,11.3,965.9,100.0,False,,low,0.2,NORMAL,13.9,958.7,91.0,HEALTHY,replay,0.4,0.0
2025-01-19T04:00:00+00:00,AWS-BHO-102,11.0,965.8,100.0,False,,low,0.3,NORMAL,13.5,958.4,91.0,HEALTHY,replay,0.6,0.0
2025-01-19T05:00:00+00:00,AWS-BHO-102,10.9,966.0,99.0,False,,low,0.3,NORMAL,13.0,958.4,93.0,HEALTHY,replay,0.6,0.0
2025-01-19T06:00:00+00:00,AWS-BHO-102,10.0,966.9,100.0,False,,low,0.3,NORMAL,13.1,959.6,92.0,HEALTHY,replay,0.5,0.0
2025-01-19T07:00:00+00:00,AWS-BHO-102,10.0,967.3,100.0,False,,low,0.3,NORMAL,12.9,960.0,93.0,HEALTHY,replay,0.5,0.0
2025-01-19T08:00:00+00:00,AWS-BHO-102,12.2,968.2,99.0,False,,low,1.1,NORMAL,14.8,961.0,85.0,HEALTHY,replay,1.8,0.0
2025-01-19T09:00:00+00:00,AWS-BHO-102,16.0,969.6,90.0,False,,low,6.7,NORMAL,18.1,962.4,73.0,HEALTHY,replay,11.2,0.0
2025-01-19T10:00:00+00:00,AWS-BHO-102,19.6,970.3,75.0,False,,low,30.1,NORMAL,20.9,963.0,63.0,HEALTHY,replay,50.2,0.0
2025-01-19T11:00:00+00:00,AWS-BHO-102,21.9,970.0,65.0,False,,low,9.8,NORMAL,22.9,962.5,54.0,HEALTHY,replay,16.3,0.0
2025-01-19T12:00:00+00:00,AWS-BHO-102,23.3,969.0,58.0,False,,low,7.7,NORMAL,24.2,961.6,48.0,HEALTHY,replay,12.8,0.0
2025-01-19T13:00:00+00:00,AWS-BHO-102,24.1,968.2,53.0,False,,low,5.2,NORMAL,25.0,960.8,45.0,HEALTHY,replay,8.6,0.0
2025-01-19T14:00:00+00:00,AWS-BHO-102,24.4,967.4,49.0,False,,low,4.7,NORMAL,25.2,960.07,42.0,HEALTHY,replay,7.9,0.0
2025-01-19T15:00:00+00:00,AWS-BHO-102,24.1,966.8,49.0,False,,low,2.3,NORMAL,25.0,959.31,42.0,HEALTHY,replay,3.9,0.0
2025-01-19T16:00:00+00:00,AWS-BHO-102,23.2,966.4,55.0,False,,low,0.8,NORMAL,24.5,958.71,44.0,HEALTHY,replay,1.4,0.0
2025-01-19T17:00:00+00:00,AWS-BHO-102,20.6,965.8,69.0,False,,low,2.0,NORMAL,22.8,958.38,58.0,HEALTHY,replay,3.4,0.0
2025-01-19T18:00:00+00:00,AWS-BHO-102,19.0,966.0,67.0,False,,low,1.9,NORMAL,20.4,958.42,66.0,HEALTHY,replay,3.1,0.0
2025-01-19T19:00:00+00:00,AWS-BHO-102,17.6,966.3,74.0,False,,low,0.4,NORMAL,18.6,958.64,70.0,HEALTHY,replay,0.7,0.0
2025-01-19T20:00:00+00:00,AWS-BHO-102,16.6,966.6,78.0,False,,low,0.2,NORMAL,17.7,958.9,71.0,HEALTHY,replay,0.4,0.0
2025-01-19T21:00:00+00:00,AWS-BHO-102,15.9,966.6,80.0,False,,low,0.2,NORMAL,17.0,958.8,73.0,HEALTHY,replay,0.3,0.0
2025-01-19T22:00:00+00:00,AWS-BHO-102,14.9,966.5,84.0,False,,low,0.2,NORMAL,16.1,958.8,76.0,HEALTHY,replay,0.3,0.0
2025-01-19T23:00:00+00:00,AWS-BHO-102,13.5,966.3,89.0,False,,low,0.3,NORMAL,15.5,958.4,78.0,HEALTHY,replay,0.5,0.0
2025-01-20T00:00:00+00:00,AWS-BHO-102,13.2,965.9,89.0,False,,low,0.3,NORMAL,15.4,958.0,75.0,HEALTHY,replay,0.5,0.0
2025-01-20T01:00:00+00:00,AWS-BHO-102,13.2,965.3,88.0,False,,low,0.2,NORMAL,14.6,957.3,80.0,HEALTHY,replay,0.3,0.0
2025-01-20T02:00:00+00:00,AWS-BHO-102,13.0,965.0,88.0,False,,low,0.2,NORMAL,14.5,956.9,80.0,HEALTHY,replay,0.3,0.0
2025-01-20T03:00:00+00:00,AWS-BHO-102,12.8,964.7,88.0,False,,low,0.2,NORMAL,14.0,956.6,79.0,HEALTHY,replay,0.4,0.0
2025-01-20T04:00:00+00:00,AWS-BHO-102,12.4,964.5,90.0,False,,low,0.2,NORMAL,13.4,956.3,82.0,HEALTHY,replay,0.3,0.0
2025-01-20T05:00:00+00:00,AWS-BHO-102,11.8,964.7,92.0,False,,low,0.2,NORMAL,12.8,956.3,85.0,HEALTHY,replay,0.3,0.0
2025-01-20T06:00:00+00:00,AWS-BHO-102,11.4,965.6,94.0,False,,low,0.2,NORMAL,12.8,957.4,88.0,HEALTHY,replay,0.3,0.0
2025-01-20T07:00:00+00:00,AWS-BHO-102,11.4,966.2,95.0,False,,low,0.2,NORMAL,13.2,958.0,89.0,HEALTHY,replay,0.3,0.0
2025-01-20T08:00:00+00:00,AWS-BHO-102,13.9,967.4,90.0,False,,low,0.5,NORMAL,15.6,959.4,79.0,HEALTHY,replay,0.9,0.0
2025-01-20T09:00:00+00:00,AWS-BHO-102,17.5,968.5,80.0,False,,low,7.9,NORMAL,19.2,960.7,68.0,HEALTHY,replay,13.1,0.0
2025-01-20T10:00:00+00:00,AWS-BHO-102,20.6,968.9,72.0,False,,low,3.2,NORMAL,22.0,961.2,54.0,HEALTHY,replay,5.4,0.0
2025-01-20T11:00:00+00:00,AWS-BHO-102,22.8,968.6,60.0,False,,low,2.9,NORMAL,23.9,960.8,47.0,HEALTHY,replay,4.9,0.0
2025-01-20T12:00:00+00:00,AWS-BHO-102,23.9,967.8,53.0,False,,low,1.6,NORMAL,25.0,960.1,44.0,HEALTHY,replay,2.7,0.0
2025-01-20T13:00:00+00:00,AWS-BHO-102,24.4,966.8,50.0,False,,low,0.8,NORMAL,25.4,959.1,43.0,HEALTHY,replay,1.3,0.0
2025-01-20T14:00:00+00:00,AWS-BHO-102,24.5,965.9,50.0,False,,low,0.7,NORMAL,25.6,958.1,43.0,HEALTHY,replay,1.1,0.0
2025-01-20T15:00:00+00:00,AWS-BHO-102,24.3,965.5,52.0,False,,low,0.4,NORMAL,25.5,957.7,43.0,HEALTHY,replay,0.7,0.0
2025-01-20T16:00:00+00:00,AWS-BHO-102,23.5,965.3,56.0,False,,low,0.3,NORMAL,25.0,957.5,45.0,HEALTHY,replay,0.5,0.0
2025-01-20T17:00:00+00:00,AWS-BHO-102,21.0,964.9,72.0,False,,low,1.1,NORMAL,22.6,957.1,60.0,HEALTHY,replay,1.8,0.0
2025-01-20T18:00:00+00:00,AWS-BHO-102,19.4,964.7,72.0,False,,low,0.8,NORMAL,20.3,957.0,67.0,HEALTHY,replay,1.3,0.0
2025-01-20T19:00:00+00:00,AWS-BHO-102,18.7,965.2,73.0,False,,low,0.2,NORMAL,19.2,958.2,67.0,HEALTHY,replay,0.3,0.0
2025-01-20T20:00:00+00:00,AWS-BHO-102,17.9,965.5,75.0,False,,low,0.1,NORMAL,18.0,958.4,71.0,HEALTHY,replay,0.2,0.0
2025-01-20T21:00:00+00:00,AWS-BHO-102,16.9,965.6,79.0,False,,low,0.1,NORMAL,16.9,958.5,76.0,HEALTHY,replay,0.2,0.0
2025-01-20T22:00:00+00:00,AWS-BHO-102,16.2,965.6,82.0,False,,low,0.1,NORMAL,16.6,958.6,77.0,HEALTHY,replay,0.2,0.0
2025-01-20T23:00:00+00:00,AWS-BHO-102,15.6,965.2,84.0,False,,low,0.2,NORMAL,16.0,958.1,79.0,HEALTHY,replay,0.3,0.0
2025-01-21T00:00:00+00:00,AWS-BHO-102,14.5,964.7,89.0,False,,low,0.1,NORMAL,15.5,957.5,80.0,HEALTHY,replay,0.2,0.0
2025-01-21T01:00:00+00:00,AWS-BHO-102,13.5,964.0,93.0,False,,low,0.2,NORMAL,15.1,956.8,81.0,HEALTHY,replay,0.4,0.0
2025-01-21T02:00:00+00:00,AWS-BHO-102,13.1,963.4,94.0,False,,low,0.3,NORMAL,14.7,956.2,83.0,HEALTHY,replay,0.5,0.0
2025-01-21T03:00:00+00:00,AWS-BHO-102,12.3,963.2,96.0,False,,low,0.4,NORMAL,14.1,956.0,85.0,HEALTHY,replay,0.6,0.0
2025-01-21T04:00:00+00:00,AWS-BHO-102,11.6,963.0,99.0,False,,low,0.4,NORMAL,13.7,955.7,86.0,HEALTHY,replay,0.6,0.0
2025-01-21T05:00:00+00:00,AWS-BHO-102,11.1,962.9,100.0,False,,low,0.3,NORMAL,13.0,955.7,88.0,HEALTHY,replay,0.5,0.0
2025-01-21T06:00:00+00:00,AWS-BHO-102,10.7,963.9,100.0,False,,low,0.2,NORMAL,12.6,956.7,90.0,HEALTHY,replay,0.4,0.0
2025-01-21T07:00:00+00:00,AWS-BHO-102,10.9,964.8,100.0,False,,low,0.4,NORMAL,12.9,957.5,91.0,HEALTHY,replay,0.6,0.0
2025-01-21T08:00:00+00:00,AWS-BHO-102,13.9,966.1,93.0,False,,low,1.3,NORMAL,16.3,958.7,80.0,HEALTHY,replay,2.1,0.0
2025-01-21T09:00:00+00:00,AWS-BHO-102,17.6,967.1,83.0,False,,low,10.0,NORMAL,20.1,959.8,68.0,HEALTHY,replay,16.6,0.0
2025-01-21T10:00:00+00:00,AWS-BHO-102,20.8,967.7,69.0,False,,low,16.0,NORMAL,22.2,960.3,58.0,HEALTHY,replay,26.7,0.0
2025-01-21T11:00:00+00:00,AWS-BHO-102,23.0,967.2,58.0,False,,low,3.3,NORMAL,24.2,959.8,50.0,HEALTHY,replay,5.6,0.0
2025-01-21T12:00:00+00:00,AWS-BHO-102,24.2,966.3,53.0,False,,low,1.3,NORMAL,25.3,959.0,43.0,HEALTHY,replay,2.1,0.0
2025-01-21T13:00:00+00:00,AWS-BHO-102,24.9,965.5,50.0,False,,low,0.5,NORMAL,25.8,958.2,41.0,HEALTHY,replay,0.9,0.0
2025-01-21T14:00:00+00:00,AWS-BHO-102,25.1,964.4,48.0,False,,low,0.9,NORMAL,26.0,957.1,40.0,HEALTHY,replay,1.4,0.0
2025-01-21T15:00:00+00:00,AWS-BHO-102,24.9,964.0,48.0,False,,low,0.3,NORMAL,25.8,956.6,41.0,HEALTHY,replay,0.5,0.0
2025-01-21T16:00:00+00:00,AWS-BHO-102,24.2,963.8,50.0,False,,low,0.2,NORMAL,25.3,956.5,44.0,HEALTHY,replay,0.4,0.0
2025-01-21T17:00:00+00:00,AWS-BHO-102,21.6,963.4,64.0,False,,low,1.0,NORMAL,23.5,956.19,68.0,HEALTHY,replay,1.6,0.0
2025-01-21T18:00:00+00:00,AWS-BHO-102,19.8,963.5,64.0,False,,low,0.7,NORMAL,21.5,956.71,73.0,HEALTHY,replay,1.1,0.0
2025-01-21T19:00:00+00:00,AWS-BHO-102,18.3,963.9,70.0,False,,low,0.2,NORMAL,19.8,956.94,78.0,HEALTHY,replay,0.4,0.0
2025-01-21T20:00:00+00:00,AWS-BHO-102,17.6,964.3,75.0,False,,low,0.1,NORMAL,18.9,956.7,79.0,HEALTHY,replay,0.2,0.0
2025-01-21T21:00:00+00:00,AWS-BHO-102,16.8,964.5,79.0,False,,low,0.2,NORMAL,18.0,957.36,80.0,HEALTHY,replay,0.3,0.0
2025-01-21T22:00:00+00:00,AWS-BHO-102,15.8,964.4,84.0,False,,low,0.2,NORMAL,17.1,957.4,71.0,HEALTHY,replay,0.3,0.0
2025-01-21T23:00:00+00:00,AWS-BHO-102,14.5,963.7,89.0,False,,low,0.2,NORMAL,16.4,956.7,75.0,HEALTHY,replay,0.3,0.0
2025-01-22T00:00:00+00:00,AWS-BHO-102,14.1,963.2,88.0,False,,low,0.1,NORMAL,16.1,956.2,75.0,HEALTHY,replay,0.2,0.0
2025-01-22T01:00:00+00:00,AWS-BHO-102,13.6,962.9,90.0,False,,low,0.1,NORMAL,15.9,955.8,76.0,HEALTHY,replay,0.1,0.0
2025-01-22T02:00:00+00:00,AWS-BHO-102,13.2,962.4,92.0,False,,low,0.1,NORMAL,15.6,955.2,78.0,HEALTHY,replay,0.2,0.0
2025-01-22T03:00:00+00:00,AWS-BHO-102,13.1,962.3,92.0,False,,low,0.1,NORMAL,14.7,955.0,82.0,HEALTHY,replay,0.2,0.0
2025-01-22T04:00:00+00:00,AWS-BHO-102,13.2,962.3,90.0,False,,low,0.2,NORMAL,13.8,954.9,85.0,HEALTHY,replay,0.3,0.0
2025-01-22T05:00:00+00:00,AWS-BHO-102,12.7,962.4,92.0,False,,low,0.3,NORMAL,13.5,954.9,87.0,HEALTHY,replay,0.4,0.0
2025-01-22T06:00:00+00:00,AWS-BHO-102,12.5,963.4,95.0,False,,low,0.2,NORMAL,13.4,955.9,89.0,HEALTHY,replay,0.3,0.0
2025-01-22T07:00:00+00:00,AWS-BHO-102,12.5,964.1,96.0,False,,low,0.1,NORMAL,13.8,956.6,88.0,HEALTHY,replay,0.2,0.0
2025-01-22T08:00:00+00:00,AWS-BHO-102,15.3,965.4,88.0,False,,low,0.7,NORMAL,16.5,957.9,76.0,HEALTHY,replay,1.2,0.0
2025-01-22T09:00:00+00:00,AWS-BHO-102,18.6,966.7,76.0,False,,low,5.5,NORMAL,19.3,964.9,78.0,HEALTHY,replay,9.2,0.0
2025-01-22T10:00:00+00:00,AWS-BHO-102,21.5,966.9,67.0,False,,low,2.0,NORMAL,23.1,959.0,70.0,HEALTHY,replay,3.3,0.0
2025-01-22T11:00:00+00:00,AWS-BHO-102,23.9,966.4,58.0,False,,low,2.0,NORMAL,23.6,964.7,61.0,HEALTHY,replay,3.4,0.0
2025-01-22T12:00:00+00:00,AWS-BHO-102,25.5,965.4,51.0,False,,low,1.4,NORMAL,25.9,957.6,54.0,HEALTHY,replay,2.3,0.0
2025-01-22T13:00:00+00:00,AWS-BHO-102,26.3,964.2,46.0,False,,low,1.9,NORMAL,26.7,956.5,49.0,HEALTHY,replay,3.1,0.0
2025-01-22T14:00:00+00:00,AWS-BHO-102,26.5,963.4,45.0,False,,low,0.7,NORMAL,26.3,961.6,37.0,HEALTHY,replay,1.1,0.0
2025-01-22T15:00:00+00:00,AWS-BHO-102,26.4,962.9,45.0,False,,low,0.3,NORMAL,26.8,955.5,38.0,HEALTHY,replay,0.5,0.0
2025-01-22T16:00:00+00:00,AWS-BHO-102,26.0,962.8,46.0,False,,low,0.2,NORMAL,26.1,955.5,40.0,HEALTHY,replay,0.4,0.0
2025-01-22T17:00:00+00:00,AWS-BHO-102,24.1,962.5,61.0,False,,low,1.2,NORMAL,23.7,955.5,57.0,HEALTHY,replay,2.0,0.0
2025-01-22T18:00:00+00:00,AWS-BHO-102,20.9,962.9,72.0,False,,low,1.3,NORMAL,21.6,955.8,56.0,HEALTHY,replay,2.2,0.0
2025-01-22T19:00:00+00:00,AWS-BHO-102,19.3,963.3,75.0,False,,low,0.6,NORMAL,20.8,956.2,57.0,HEALTHY,replay,1.0,0.0
2025-01-22T20:00:00+00:00,AWS-BHO-102,18.3,963.8,77.0,False,,low,0.3,NORMAL,20.1,956.7,66.0,HEALTHY,replay,0.4,0.0
2025-01-22T21:00:00+00:00,AWS-BHO-102,17.2,964.0,83.0,False,,low,0.4,NORMAL,18.0,956.8,78.0,HEALTHY,replay,0.6,0.0
2025-01-22T22:00:00+00:00,AWS-BHO-102,16.1,964.1,88.0,False,,low,0.2,NORMAL,17.5,957.0,81.0,HEALTHY,replay,0.4,0.0
2025-01-22T23:00:00+00:00,AWS-BHO-102,15.4,963.8,90.0,False,,low,0.1,NORMAL,16.4,956.7,83.0,HEALTHY,replay,0.2,0.0
2025-01-23T00:00:00+00:00,AWS-BHO-102,14.8,963.6,91.0,False,,low,0.2,NORMAL,16.2,956.5,83.0,HEALTHY,replay,0.3,0.0
2025-01-23T01:00:00+00:00,AWS-BHO-102,14.5,963.4,91.0,False,,low,0.2,NORMAL,15.8,956.0,86.0,HEALTHY,replay,0.3,0.0
2025-01-23T02:00:00+00:00,AWS-BHO-102,13.9,962.5,92.0,False,,low,0.2,NORMAL,15.3,955.2,88.0,HEALTHY,replay,0.3,0.0
2025-01-23T03:00:00+00:00,AWS-BHO-102,13.5,961.9,92.0,False,,low,0.2,NORMAL,15.3,954.6,88.0,HEALTHY,replay,0.3,0.0
2025-01-23T04:00:00+00:00,AWS-BHO-102,13.3,961.9,92.0,False,,low,0.1,NORMAL,15.2,954.7,88.0,HEALTHY,replay,0.2,0.0
2025-01-23T05:00:00+00:00,AWS-BHO-102,13.2,962.0,91.0,False,,low,0.2,NORMAL,14.9,954.8,88.0,HEALTHY,replay,0.3,0.0
2025-01-23T06:00:00+00:00,AWS-BHO-102,13.7,963.1,91.0,False,,low,0.2,NORMAL,15.4,955.8,88.0,HEALTHY,replay,0.3,0.0
2025-01-23T07:00:00+00:00,AWS-BHO-102,14.2,963.8,91.0,False,,low,0.2,NORMAL,15.5,956.4,87.0,HEALTHY,replay,0.3,0.0
2025-01-23T08:00:00+00:00,AWS-BHO-102,16.9,965.0,82.0,False,,low,0.5,NORMAL,17.5,957.6,79.0,HEALTHY,replay,0.9,0.0
2025-01-23T09:00:00+00:00,AWS-BHO-102,20.0,966.3,73.0,False,,low,6.4,NORMAL,20.4,958.9,69.0,HEALTHY,replay,10.7,0.0
2025-01-23T10:00:00+00:00,AWS-BHO-102,22.9,966.8,64.0,False,,low,7.0,NORMAL,23.0,959.5,61.0,HEALTHY,replay,11.6,0.0
2025-01-23T11:00:00+00:00,AWS-BHO-102,25.2,966.3,55.0,False,,low,1.8,NORMAL,25.1,959.1,52.0,HEALTHY,replay,3.1,0.0
2025-01-23T12:00:00+00:00,AWS-BHO-102,26.7,965.3,46.0,False,,low,2.3,NORMAL,26.3,958.1,46.0,HEALTHY,replay,3.9,0.0
2025-01-23T13:00:00+00:00,AWS-BHO-102,27.3,964.3,43.0,False,,low,1.2,NORMAL,27.0,957.2,44.0,HEALTHY,replay,2.0,0.0
2025-01-23T14:00:00+00:00,AWS-BHO-102,27.5,963.6,43.0,False,,low,0.6,NORMAL,27.3,956.4,43.0,HEALTHY,replay,1.1,0.0
2025-01-23T15:00:00+00:00,AWS-BHO-102,27.5,963.2,42.0,False,,low,0.4,NORMAL,27.4,956.0,42.0,HEALTHY,replay,0.7,0.0
2025-01-23T16:00:00+00:00,AWS-BHO-102,27.1,963.0,45.0,False,,low,0.3,NORMAL,26.9,955.8,43.0,HEALTHY,replay,0.6,0.0
2025-01-23T17:00:00+00:00,AWS-BHO-102,25.4,962.9,58.0,False,,low,0.9,NORMAL,25.0,955.8,52.0,HEALTHY,replay,1.6,0.0
2025-01-23T18:00:00+00:00,AWS-BHO-102,22.1,963.0,67.0,False,,low,1.9,NORMAL,22.9,955.9,59.0,HEALTHY,replay,3.1,0.0
2025-01-23T19:00:00+00:00,AWS-BHO-102,20.8,963.4,73.0,False,,low,1.1,NORMAL,21.9,956.5,62.0,HEALTHY,replay,1.9,0.0
2025-01-23T20:00:00+00:00,AWS-BHO-102,19.7,964.2,76.0,False,,low,0.6,NORMAL,21.0,957.3,62.0,HEALTHY,replay,1.0,0.0
2025-01-23T21:00:00+00:00,AWS-BHO-102,19.8,965.0,73.0,False,,low,0.9,NORMAL,19.6,958.1,69.0,HEALTHY,replay,1.5,0.0
2025-01-23T22:00:00+00:00,AWS-BHO-102,18.9,965.2,76.0,False,,low,0.7,NORMAL,18.6,957.9,77.0,HEALTHY,replay,1.1,0.0
2025-01-23T23:00:00+00:00,AWS-BHO-102,17.9,965.3,80.0,False,,low,0.4,NORMAL,17.7,957.8,82.0,HEALTHY,replay,0.7,0.0
2025-01-24T00:00:00+00:00,AWS-BHO-102,16.8,965.0,86.0,False,,low,0.3,NORMAL,17.0,957.4,84.0,HEALTHY,replay,0.4,0.0
2025-01-24T01:00:00+00:00,AWS-BHO-102,16.0,964.7,92.0,False,,low,0.2,NORMAL,16.1,957.1,90.0,HEALTHY,replay,0.4,0.0
2025-01-24T02:00:00+00:00,AWS-BHO-102,15.4,964.2,95.0,False,,low,0.2,NORMAL,15.4,956.6,94.0,HEALTHY,replay,0.3,0.0
2025-01-24T03:00:00+00:00,AWS-BHO-102,15.0,964.2,96.0,False,,low,0.1,NORMAL,15.1,956.4,95.0,HEALTHY,replay,0.2,0.0
2025-01-24T04:00:00+00:00,AWS-BHO-102,14.5,964.2,96.0,False,,low,0.1,NORMAL,14.8,956.5,96.0,HEALTHY,replay,0.2,0.0
2025-01-24T05:00:00+00:00,AWS-BHO-102,14.1,964.5,96.0,False,,low,0.3,NORMAL,14.4,956.4,96.0,HEALTHY,replay,0.5,0.0
2025-01-24T06:00:00+00:00,AWS-BHO-102,13.9,965.3,95.0,False,,low,0.2,NORMAL,14.2,957.1,96.0,HEALTHY,replay,0.4,0.0
2025-01-24T07:00:00+00:00,AWS-BHO-102,13.9,965.8,93.0,False,,low,0.3,NORMAL,14.1,957.6,94.0,HEALTHY,replay,0.5,0.0
2025-01-24T08:00:00+00:00,AWS-BHO-102,15.4,966.9,85.0,False,,low,0.5,NORMAL,15.7,958.7,83.0,HEALTHY,replay,0.8,0.0
2025-01-24T09:00:00+00:00,AWS-BHO-102,17.4,967.8,77.0,False,,low,1.2,NORMAL,17.9,960.1,73.0,HEALTHY,replay,2.0,0.0
2025-01-24T10:00:00+00:00,AWS-BHO-102,19.5,968.1,70.0,False,,low,1.1,NORMAL,20.0,960.5,64.0,HEALTHY,replay,1.9,0.0
2025-01-24T11:00:00+00:00,AWS-BHO-102,21.2,967.6,65.0,False,,low,1.6,NORMAL,21.9,960.1,58.0,HEALTHY,replay,2.6,0.0
2025-01-24T12:00:00+00:00,AWS-BHO-102,22.4,966.7,62.0,False,,low,1.3,NORMAL,23.2,959.2,54.0,HEALTHY,replay,2.2,0.0
2025-01-24T13:00:00+00:00,AWS-BHO-102,23.1,965.7,59.0,False,,low,0.8,NORMAL,24.1,958.2,52.0,HEALTHY,replay,1.4,0.0
2025-01-24T14:00:00+00:00,AWS-BHO-102,23.5,964.9,58.0,False,,low,0.9,NORMAL,24.4,957.4,52.0,HEALTHY,replay,1.6,0.0
2025-01-24T15:00:00+00:00,AWS-BHO-102,23.4,964.5,57.0,False,,low,0.7,NORMAL,24.1,957.0,53.0,HEALTHY,replay,1.2,0.0
2025-01-24T16:00:00+00:00,AWS-BHO-102,22.9,964.4,56.0,False,,low,0.5,NORMAL,23.4,957.0,55.0,HEALTHY,replay,0.8,0.0
2025-01-24T17:00:00+00:00,AWS-BHO-102,21.5,964.7,60.0,False,,low,0.3,NORMAL,22.3,957.3,58.0,HEALTHY,replay,0.6,0.0
2025-01-24T18:00:00+00:00,AWS-BHO-102,19.5,965.3,68.0,False,,low,0.3,NORMAL,20.7,958.0,65.0,HEALTHY,replay,0.5,0.0
2025-01-24T19:00:00+00:00,AWS-BHO-102,18.5,965.8,67.0,False,,low,0.3,NORMAL,19.2,958.5,67.0,HEALTHY,replay,0.5,0.0
2025-01-24T20:00:00+00:00,AWS-BHO-102,17.4,966.2,66.0,False,,low,0.4,NORMAL,17.9,959.0,71.0,HEALTHY,replay,0.6,0.0
2025-01-24T21:00:00+00:00,AWS-BHO-102,16.2,966.5,71.0,False,,low,0.3,NORMAL,16.9,959.1,73.0,HEALTHY,replay,0.4,0.0
2025-01-24T22:00:00+00:00,AWS-BHO-102,15.2,966.6,75.0,False,,low,0.3,NORMAL,15.9,959.2,72.0,HEALTHY,replay,0.5,0.0
2025-01-24T23:00:00+00:00,AWS-BHO-102,14.0,966.1,79.0,False,,low,0.3,NORMAL,15.0,958.8,70.0,HEALTHY,replay,0.5,0.0
2025-01-25T00:00:00+00:00,AWS-BHO-102,13.1,965.6,83.0,False,,low,0.2,NORMAL,14.2,958.3,69.0,HEALTHY,replay,0.4,0.0
2025-01-25T01:00:00+00:00,AWS-BHO-102,12.3,965.3,87.0,False,,low,0.2,NORMAL,13.4,958.1,72.0,HEALTHY,replay,0.3,0.0
2025-01-25T02:00:00+00:00,AWS-BHO-102,11.8,964.8,89.0,False,,low,0.1,NORMAL,12.9,957.4,74.0,HEALTHY,replay,0.2,0.0
2025-01-25T03:00:00+00:00,AWS-BHO-102,11.4,964.5,90.0,False,,low,0.2,NORMAL,12.5,957.0,76.0,HEALTHY,replay,0.3,0.0
2025-01-25T04:00:00+00:00,AWS-BHO-102,10.9,964.3,91.0,False,,low,0.2,NORMAL,12.0,956.8,77.0,HEALTHY,replay,0.3,0.0
2025-01-25T05:00:00+00:00,AWS-BHO-102,10.4,964.4,92.0,False,,low,0.3,NORMAL,11.7,957.0,79.0,HEALTHY,replay,0.5,0.0
2025-01-25T06:00:00+00:00,AWS-BHO-102,10.3,965.4,94.0,False,,low,0.4,NORMAL,11.6,957.7,84.0,HEALTHY,replay,0.6,0.0
2025-01-25T07:00:00+00:00,AWS-BHO-102,10.6,966.0,92.0,False,,low,0.4,NORMAL,11.8,958.3,83.0,HEALTHY,replay,0.6,0.0
2025-01-25T08:00:00+00:00,AWS-BHO-102,13.1,967.0,81.0,False,,low,0.6,NORMAL,14.2,959.3,73.0,HEALTHY,replay,1.0,0.0
2025-01-25T09:00:00+00:00,AWS-BHO-102,16.2,968.1,68.0,False,,low,5.9,NORMAL,17.5,960.5,61.0,HEALTHY,replay,9.9,0.0
2025-01-25T10:00:00+00:00,AWS-BHO-102,19.0,968.4,56.0,False,,low,7.2,NORMAL,20.3,960.9,50.0,HEALTHY,replay,12.0,0.0
2025-01-25T11:00:00+00:00,AWS-BHO-102,21.0,968.0,49.0,False,,low,2.9,NORMAL,22.3,960.5,44.0,HEALTHY,replay,4.8,0.0
2025-01-25T12:00:00+00:00,AWS-BHO-102,22.2,967.2,47.0,False,,low,2.1,NORMAL,23.8,959.8,43.0,HEALTHY,replay,3.6,0.0
2025-01-25T13:00:00+00:00,AWS-BHO-102,23.0,966.3,46.0,False,,low,1.0,NORMAL,24.6,958.9,42.0,HEALTHY,replay,1.6,0.0
2025-01-25T14:00:00+00:00,AWS-BHO-102,23.3,965.4,47.0,False,,low,0.5,NORMAL,25.0,958.0,42.0,HEALTHY,replay,0.8,0.0
2025-01-25T15:00:00+00:00,AWS-BHO-102,23.3,965.1,48.0,False,,low,0.3,NORMAL,24.9,957.6,43.0,HEALTHY,replay,0.6,0.0
2025-01-25T16:00:00+00:00,AWS-BHO-102,22.7,965.0,50.0,False,,low,0.2,NORMAL,24.3,957.5,44.0,HEALTHY,replay,0.3,0.0
2025-01-25T17:00:00+00:00,AWS-BHO-102,21.0,965.0,59.0,False,,low,0.3,NORMAL,22.6,957.7,53.0,HEALTHY,replay,0.5,0.0
2025-01-25T18:00:00+00:00,AWS-BHO-102,19.4,965.2,63.0,False,,low,0.2,NORMAL,20.5,957.8,61.0,HEALTHY,replay,0.4,0.0
2025-01-25T19:00:00+00:00,AWS-BHO-102,17.6,965.4,69.0,False,,low,0.4,NORMAL,19.2,958.2,64.0,HEALTHY,replay,0.7,0.0
2025-01-25T20:00:00+00:00,AWS-BHO-102,16.7,965.7,73.0,False,,low,0.3,NORMAL,17.6,958.6,69.0,HEALTHY,replay,0.6,0.0
2025-01-25T21:00:00+00:00,AWS-BHO-102,15.3,965.7,81.0,False,,low,1.2,NORMAL,16.7,958.7,74.0,HEALTHY,replay,2.0,0.0
2025-01-25T22:00:00+00:00,AWS-BHO-102,14.6,965.9,84.0,False,,low,0.3,NORMAL,16.0,958.8,77.0,HEALTHY,replay,0.5,0.0
2025-01-25T23:00:00+00:00,AWS-BHO-102,13.3,965.6,89.0,False,,low,0.4,NORMAL,15.2,958.5,79.0,HEALTHY,replay,0.7,0.0
2025-01-26T00:00:00+00:00,AWS-BHO-102,12.6,965.1,91.0,False,,low,0.2,NORMAL,14.6,963.1,83.0,HEALTHY,replay,0.4,0.0
2025-01-26T01:00:00+00:00,AWS-BHO-102,12.2,964.6,91.0,False,,low,0.1,NORMAL,14.0,957.3,85.0,HEALTHY,replay,0.2,0.0
2025-01-26T02:00:00+00:00,AWS-BHO-102,11.7,964.1,92.0,False,,low,0.1,NORMAL,13.5,956.9,86.0,HEALTHY,replay,0.2,0.0
2025-01-26T03:00:00+00:00,AWS-BHO-102,11.2,963.7,92.0,False,,low,0.1,NORMAL,13.0,956.5,85.0,HEALTHY,replay,0.2,0.0
2025-01-26T04:00:00+00:00,AWS-BHO-102,10.6,963.4,92.0,False,,low,0.2,NORMAL,12.7,956.3,80.0,HEALTHY,replay,0.3,0.0
2025-01-26T05:00:00+00:00,AWS-BHO-102,10.0,963.7,90.0,False,,low,0.3,NORMAL,12.5,956.4,74.0,HEALTHY,replay,0.5,0.0
2025-01-26T06:00:00+00:00,AWS-BHO-102,9.8,964.7,93.0,False,,low,0.2,NORMAL,12.2,957.3,80.0,HEALTHY,replay,0.4,0.0
2025-01-26T07:00:00+00:00,AWS-BHO-102,9.9,965.5,89.0,False,,low,0.3,NORMAL,12.2,957.9,80.0,HEALTHY,replay,0.6,0.0
2025-01-26T08:00:00+00:00,AWS-BHO-102,12.1,966.8,79.0,False,,low,1.6,NORMAL,14.6,959.2,70.0,HEALTHY,replay,2.6,0.0
2025-01-26T09:00:00+00:00,AWS-BHO-102,15.1,968.0,67.0,False,,low,5.6,NORMAL,17.9,960.6,57.0,HEALTHY,replay,9.3,0.0
2025-01-26T10:00:00+00:00,AWS-BHO-102,18.3,968.6,57.0,False,,low,15.9,NORMAL,20.9,961.2,48.0,HEALTHY,replay,26.5,0.0
2025-01-26T11:00:00+00:00,AWS-BHO-102,20.9,968.0,50.0,False,,low,3.0,NORMAL,23.0,960.7,43.0,HEALTHY,replay,5.1,0.0
2025-01-26T12:00:00+00:00,AWS-BHO-102,22.5,967.0,45.0,False,,low,1.9,NORMAL,24.4,959.6,42.0,HEALTHY,replay,3.2,0.0
2025-01-26T13:00:00+00:00,AWS-BHO-102,23.4,965.8,43.0,False,,low,1.3,NORMAL,25.3,958.4,39.0,HEALTHY,replay,2.2,0.0
2025-01-26T14:00:00+00:00,AWS-BHO-102,23.9,964.9,43.0,False,,low,0.9,NORMAL,25.6,957.5,38.0,HEALTHY,replay,1.5,0.0
2025-01-26T15:00:00+00:00,AWS-BHO-102,23.7,964.3,46.0,False,,low,0.5,NORMAL,25.5,956.8,37.0,HEALTHY,replay,0.8,0.0
2025-01-26T16:00:00+00:00,AWS-BHO-102,22.9,963.9,48.0,False,,low,0.3,NORMAL,25.1,956.4,38.0,HEALTHY,replay,0.5,0.0
2025-01-26T17:00:00+00:00,AWS-BHO-102,20.8,963.8,57.0,False,,low,0.6,NORMAL,23.1,956.4,53.0,HEALTHY,replay,0.9,0.0
2025-01-26T18:00:00+00:00,AWS-BHO-102,18.4,963.4,63.0,False,,low,0.8,NORMAL,20.1,956.3,57.0,HEALTHY,replay,1.3,0.0
2025-01-26T19:00:00+00:00,AWS-BHO-102,17.0,964.0,68.0,False,,low,0.5,NORMAL,18.9,957.0,61.0,HEALTHY,replay,0.8,0.0
2025-01-26T20:00:00+00:00,AWS-BHO-102,15.5,964.2,73.0,False,,low,0.4,NORMAL,17.4,957.3,63.0,HEALTHY,replay,0.7,0.0
2025-01-26T21:00:00+00:00,AWS-BHO-102,14.4,964.4,74.0,False,,low,0.2,NORMAL,16.3,957.6,63.0,HEALTHY,replay,0.3,0.0
2025-01-26T22:00:00+00:00,AWS-BHO-102,13.2,964.4,71.0,False,,low,0.5,NORMAL,15.2,957.5,72.0,HEALTHY,replay,0.9,0.0
2025-01-26T23:00:00+00:00,AWS-BHO-102,11.9,964.0,73.0,False,,low,0.2,NORMAL,13.9,957.0,75.0,HEALTHY,replay,0.4,0.0
2025-01-27T00:00:00+00:00,AWS-BHO-102,11.4,963.5,77.0,False,,low,0.2,NORMAL,13.6,956.6,75.0,HEALTHY,replay,0.4,0.0
2025-01-27T01:00:00+00:00,AWS-BHO-102,11.2,963.1,79.0,False,,low,0.1,NORMAL,13.3,956.0,76.0,HEALTHY,replay,0.2,0.0
2025-01-27T02:00:00+00:00,AWS-BHO-102,10.4,962.7,83.0,False,,low,0.2,NORMAL,12.8,955.5,75.0,HEALTHY,replay,0.3,0.0
2025-01-27T03:00:00+00:00,AWS-BHO-102,9.7,962.5,86.0,False,,low,0.1,NORMAL,12.1,955.2,79.0,HEALTHY,replay,0.2,0.0
2025-01-27T04:00:00+00:00,AWS-BHO-102,9.0,962.6,89.0,False,,low,0.1,NORMAL,11.6,955.3,80.0,HEALTHY,replay,0.1,0.0
2025-01-27T05:00:00+00:00,AWS-BHO-102,8.4,962.6,93.0,False,,low,0.2,NORMAL,11.3,955.2,80.0,HEALTHY,replay,0.3,0.0
2025-01-27T06:00:00+00:00,AWS-BHO-102,8.2,963.4,96.0,False,,low,0.2,NORMAL,11.1,955.9,78.0,HEALTHY,replay,0.4,0.0
2025-01-27T07:00:00+00:00,AWS-BHO-102,8.5,964.0,95.0,False,,low,0.3,NORMAL,11.2,956.6,78.0,HEALTHY,replay,0.4,0.0
2025-01-27T08:00:00+00:00,AWS-BHO-102,11.1,965.2,84.0,False,,low,0.7,NORMAL,14.0,957.6,69.0,HEALTHY,replay,1.1,0.0
2025-01-27T09:00:00+00:00,AWS-BHO-102,14.7,966.3,71.0,False,,low,8.3,NORMAL,17.5,958.9,58.0,HEALTHY,replay,13.9,0.0
2025-01-27T10:00:00+00:00,AWS-BHO-102,18.3,966.7,61.0,False,,low,6.9,NORMAL,21.0,959.2,44.0,HEALTHY,replay,11.5,0.0
2025-01-27T11:00:00+00:00,AWS-BHO-102,21.1,966.2,51.0,False,,low,5.1,NORMAL,23.3,958.8,39.0,HEALTHY,replay,8.6,0.0
2025-01-27T12:00:00+00:00,AWS-BHO-102,22.7,965.0,44.0,False,,low,7.1,NORMAL,24.4,957.7,39.0,HEALTHY,replay,11.9,0.0
2025-01-27T13:00:00+00:00,AWS-BHO-102,23.5,963.9,40.0,False,,low,3.6,NORMAL,25.2,956.5,39.0,HEALTHY,replay,6.1,0.0
2025-01-27T14:00:00+00:00,AWS-BHO-102,23.7,963.1,39.0,False,,low,1.5,NORMAL,25.6,955.7,37.0,HEALTHY,replay,2.4,0.0
2025-01-27T15:00:00+00:00,AWS-BHO-102,23.4,962.7,39.0,False,,low,0.5,NORMAL,25.6,955.2,37.0,HEALTHY,replay,0.8,0.0
2025-01-27T16:00:00+00:00,AWS-BHO-102,22.6,962.6,40.0,False,,low,0.4,NORMAL,24.9,955.1,38.0,HEALTHY,replay,0.7,0.0
2025-01-27T17:00:00+00:00,AWS-BHO-102,20.2,962.5,61.0,False,,low,2.5,NORMAL,22.8,955.2,54.0,HEALTHY,replay,4.1,0.0
2025-01-27T18:00:00+00:00,AWS-BHO-102,18.6,962.4,58.0,False,,low,1.1,NORMAL,20.8,955.3,53.0,HEALTHY,replay,1.9,0.0
2025-01-27T19:00:00+00:00,AWS-BHO-102,17.7,962.6,59.0,False,,low,0.4,NORMAL,18.8,955.5,56.0,HEALTHY,replay,0.7,0.0
2025-01-27T20:00:00+00:00,AWS-BHO-102,17.0,963.1,60.0,False,,low,0.2,NORMAL,17.5,956.0,62.0,HEALTHY,replay,0.3,0.0
2025-01-27T21:00:00+00:00,AWS-BHO-102,16.0,963.4,63.0,False,,low,0.1,NORMAL,16.1,956.3,64.0,HEALTHY,replay,0.2,0.0
2025-01-27T22:00:00+00:00,AWS-BHO-102,14.6,963.3,69.0,False,,low,0.2,NORMAL,15.2,956.2,71.0,HEALTHY,replay,0.4,0.0
2025-01-27T23:00:00+00:00,AWS-BHO-102,12.6,962.8,79.0,False,,low,0.8,NORMAL,14.8,955.7,75.0,HEALTHY,replay,1.3,0.0
2025-01-28T00:00:00+00:00,AWS-BHO-102,11.8,962.0,83.0,False,,low,0.4,NORMAL,14.2,955.1,77.0,HEALTHY,replay,0.7,0.0
2025-01-28T01:00:00+00:00,AWS-BHO-102,11.0,961.6,86.0,False,,low,0.2,NORMAL,13.6,954.6,75.0,HEALTHY,replay,0.3,0.0
2025-01-28T02:00:00+00:00,AWS-BHO-102,10.6,961.1,87.0,False,,low,0.2,NORMAL,12.7,954.0,75.0,HEALTHY,replay,0.3,0.0
2025-01-28T03:00:00+00:00,AWS-BHO-102,10.1,960.9,88.0,False,,low,0.2,NORMAL,12.2,953.6,75.0,HEALTHY,replay,0.3,0.0
2025-01-28T04:00:00+00:00,AWS-BHO-102,9.4,961.0,91.0,False,,low,0.2,NORMAL,11.6,953.6,77.0,HEALTHY,replay,0.3,0.0
2025-01-28T05:00:00+00:00,AWS-BHO-102,8.4,961.1,93.0,False,,low,0.3,NORMAL,11.0,954.0,81.0,HEALTHY,replay,0.5,0.0
2025-01-28T06:00:00+00:00,AWS-BHO-102,8.6,962.2,91.0,False,,low,0.3,NORMAL,11.1,955.2,80.0,HEALTHY,replay,0.4,0.0
2025-01-28T07:00:00+00:00,AWS-BHO-102,8.8,963.0,91.0,False,,low,0.4,NORMAL,11.8,955.7,76.0,HEALTHY,replay,0.6,0.0
2025-01-28T08:00:00+00:00,AWS-BHO-102,11.6,964.4,80.0,False,,low,2.2,NORMAL,14.4,957.1,65.0,HEALTHY,replay,3.6,0.0
2025-01-28T09:00:00+00:00,AWS-BHO-102,15.4,965.7,69.0,False,,low,9.7,NORMAL,18.2,958.4,55.0,HEALTHY,replay,16.1,0.0
2025-01-28T10:00:00+00:00,AWS-BHO-102,19.1,966.3,57.0,False,,low,19.5,NORMAL,21.3,958.9,46.0,HEALTHY,replay,32.4,0.0
2025-01-28T11:00:00+00:00,AWS-BHO-102,21.7,966.0,48.0,False,,low,10.1,NORMAL,23.4,958.7,38.0,HEALTHY,replay,16.8,0.0
2025-01-28T12:00:00+00:00,AWS-BHO-102,23.2,965.1,45.0,False,,low,3.4,NORMAL,24.8,957.8,34.0,HEALTHY,replay,5.7,0.0
2025-01-28T13:00:00+00:00,AWS-BHO-102,24.1,964.4,41.0,False,,low,1.0,NORMAL,25.8,957.1,32.0,HEALTHY,replay,1.6,0.0
2025-01-28T14:00:00+00:00,AWS-BHO-102,24.6,963.6,38.0,False,,low,0.6,NORMAL,26.1,956.3,32.0,HEALTHY,replay,1.1,0.0
2025-01-28T15:00:00+00:00,AWS-BHO-102,24.5,963.2,39.0,False,,low,0.2,NORMAL,26.0,955.9,33.0,HEALTHY,replay,0.4,0.0
2025-01-28T16:00:00+00:00,AWS-BHO-102,23.9,962.9,42.0,False,,low,0.4,NORMAL,25.4,955.7,35.0,HEALTHY,replay,0.6,0.0
2025-01-28T17:00:00+00:00,AWS-BHO-102,21.2,962.8,59.0,False,,low,2.3,NORMAL,24.1,955.7,47.0,HEALTHY,replay,3.8,0.0
2025-01-28T18:00:00+00:00,AWS-BHO-102,19.1,962.8,61.0,False,,low,0.7,NORMAL,21.4,955.9,51.0,HEALTHY,replay,1.2,0.0
2025-01-28T19:00:00+00:00,AWS-BHO-102,17.5,963.3,67.0,False,,low,0.8,NORMAL,19.3,956.3,60.0,HEALTHY,replay,1.3,0.0
2025-01-28T20:00:00+00:00,AWS-BHO-102,16.6,964.0,70.0,False,,low,0.3,NORMAL,18.2,957.0,60.0,HEALTHY,replay,0.5,0.0
2025-01-28T21:00:00+00:00,AWS-BHO-102,15.5,964.4,75.0,False,,low,0.3,NORMAL,17.7,957.4,58.0,HEALTHY,replay,0.4,0.0
2025-01-28T22:00:00+00:00,AWS-BHO-102,14.5,964.4,79.0,False,,low,0.3,NORMAL,17.1,957.3,60.0,HEALTHY,replay,0.6,0.0
2025-01-28T23:00:00+00:00,AWS-BHO-102,13.9,964.1,82.0,False,,low,0.1,NORMAL,16.6,957.0,62.0,HEALTHY,replay,0.2,0.0
2025-01-29T00:00:00+00:00,AWS-BHO-102,13.2,963.8,85.0,False,,low,0.1,NORMAL,16.2,956.6,65.0,HEALTHY,replay,0.2,0.0
2025-01-29T01:00:00+00:00,AWS-BHO-102,12.7,963.3,87.0,False,,low,0.1,NORMAL,15.7,956.2,67.0,HEALTHY,replay,0.2,0.0
2025-01-29T02:00:00+00:00,AWS-BHO-102,12.5,962.9,86.0,False,,low,0.2,NORMAL,15.2,955.8,69.0,HEALTHY,replay,0.3,0.0
2025-01-29T03:00:00+00:00,AWS-BHO-102,12.4,962.5,82.0,False,,low,0.5,NORMAL,14.9,955.3,68.0,HEALTHY,replay,0.9,0.0
2025-01-29T04:00:00+00:00,AWS-BHO-102,12.3,962.6,77.0,False,,low,1.1,NORMAL,14.4,955.3,67.0,HEALTHY,replay,1.9,0.0
2025-01-29T05:00:00+00:00,AWS-BHO-102,11.7,962.8,75.0,False,,low,0.7,NORMAL,14.4,955.4,64.0,HEALTHY,replay,1.2,0.0
2025-01-29T06:00:00+00:00,AWS-BHO-102,9.9,963.7,83.0,False,,low,0.4,NORMAL,14.2,956.3,58.0,HEALTHY,replay,0.6,0.0
2025-01-29T07:00:00+00:00,AWS-BHO-102,9.8,964.4,82.0,False,,low,0.3,NORMAL,14.1,957.3,64.0,HEALTHY,replay,0.4,0.0
2025-01-29T08:00:00+00:00,AWS-BHO-102,12.9,965.5,71.0,False,,low,0.8,NORMAL,15.9,958.4,57.0,HEALTHY,replay,1.3,0.0
2025-01-29T09:00:00+00:00,AWS-BHO-102,17.2,966.9,58.0,False,,low,17.8,NORMAL,19.2,959.6,49.0,HEALTHY,replay,29.6,0.0
2025-01-29T10:00:00+00:00,AWS-BHO-102,20.8,967.8,46.0,False,,low,27.7,NORMAL,22.4,960.4,39.0,HEALTHY,replay,46.2,0.0
2025-01-29T11:00:00+00:00,AWS-BHO-102,23.4,967.4,43.0,False,,low,6.8,NORMAL,25.2,960.2,32.0,HEALTHY,replay,11.3,0.0
2025-01-29T12:00:00+00:00,AWS-BHO-102,25.3,966.4,41.0,False,,low,5.0,NORMAL,27.1,959.2,30.0,HEALTHY,replay,8.4,0.0
2025-01-29T13:00:00+00:00,AWS-BHO-102,26.4,965.0,40.0,False,,low,3.5,NORMAL,28.3,957.9,30.0,HEALTHY,replay,5.8,0.0
2025-01-29T14:00:00+00:00,AWS-BHO-102,26.9,964.2,39.0,False,,low,1.4,NORMAL,28.7,957.0,31.0,HEALTHY,replay,2.4,0.0
2025-01-29T15:00:00+00:00,AWS-BHO-102,26.9,963.6,40.0,False,,low,0.6,NORMAL,28.7,956.5,31.0,HEALTHY,replay,1.0,0.0
2025-01-29T16:00:00+00:00,AWS-BHO-102,26.4,963.2,43.0,False,,low,0.5,NORMAL,28.3,955.5,33.0,HEALTHY,replay,0.9,0.0
2025-01-29T17:00:00+00:00,AWS-BHO-102,23.4,962.8,63.0,False,,low,7.0,NORMAL,26.4,955.9,49.0,HEALTHY,replay,11.7,0.0
2025-01-29T18:00:00+00:00,AWS-BHO-102,20.9,962.4,64.0,False,,low,2.7,NORMAL,23.8,955.4,48.0,HEALTHY,replay,4.5,0.0
2025-01-29T19:00:00+00:00,AWS-BHO-102,19.5,962.7,67.0,False,,low,0.7,NORMAL,22.0,955.9,57.0,HEALTHY,replay,1.1,0.0
2025-01-29T20:00:00+00:00,AWS-BHO-102,18.4,963.2,72.0,False,,low,0.3,NORMAL,20.9,956.4,66.0,HEALTHY,replay,0.5,0.0
2025-01-29T21:00:00+00:00,AWS-BHO-102,17.4,963.5,77.0,False,,low,0.3,NORMAL,20.0,956.6,73.0,HEALTHY,replay,0.6,0.0
2025-01-29T22:00:00+00:00,AWS-BHO-102,17.1,963.4,78.0,False,,low,0.4,NORMAL,19.6,956.3,76.0,HEALTHY,replay,0.6,0.0
2025-01-29T23:00:00+00:00,AWS-BHO-102,16.8,963.1,78.0,False,,low,0.4,NORMAL,19.0,956.0,77.0,HEALTHY,replay,0.7,0.0
2025-01-30T00:00:00+00:00,AWS-BHO-102,16.2,962.7,80.0,False,,low,0.7,NORMAL,18.5,955.6,81.0,HEALTHY,replay,1.2,0.0
2025-01-30T01:00:00+00:00,AWS-BHO-102,15.2,962.2,85.0,False,,low,0.3,NORMAL,18.0,955.1,82.0,HEALTHY,replay,0.5,0.0
2025-01-30T02:00:00+00:00,AWS-BHO-102,14.3,961.4,90.0,False,,low,0.4,NORMAL,17.6,954.4,81.0,HEALTHY,replay,0.7,0.0
2025-01-30T03:00:00+00:00,AWS-BHO-102,13.6,960.8,94.0,False,,low,1.4,NORMAL,16.8,954.0,80.0,HEALTHY,replay,2.3,0.0
2025-01-30T04:00:00+00:00,AWS-BHO-102,13.3,960.5,95.0,False,,low,1.3,NORMAL,16.2,953.8,78.0,HEALTHY,replay,2.1,0.0
2025-01-30T05:00:00+00:00,AWS-BHO-102,13.4,960.6,94.0,False,,low,1.3,NORMAL,15.4,953.7,77.0,HEALTHY,replay,2.2,0.0
2025-01-30T06:00:00+00:00,AWS-BHO-102,13.0,961.7,96.0,False,,low,2.1,NORMAL,14.7,954.8,80.0,HEALTHY,replay,3.5,0.0
2025-01-30T07:00:00+00:00,AWS-BHO-102,13.9,962.8,95.0,False,,low,5.6,NORMAL,14.8,955.8,78.0,HEALTHY,replay,9.4,0.0
2025-01-30T08:00:00+00:00,AWS-BHO-102,16.7,964.1,83.0,False,,low,14.2,NORMAL,17.6,956.8,68.0,HEALTHY,replay,23.6,0.0
2025-01-30T09:00:00+00:00,AWS-BHO-102,19.7,964.8,69.0,False,,low,22.8,NORMAL,20.4,957.7,56.0,HEALTHY,replay,38.0,0.0
2025-01-30T10:00:00+00:00,AWS-BHO-102,22.6,965.4,58.0,False,,low,23.6,NORMAL,23.7,958.3,43.0,HEALTHY,replay,39.4,0.0
2025-01-30T11:00:00+00:00,AWS-BHO-102,25.0,965.0,49.0,False,,low,5.4,NORMAL,26.0,958.0,28.0,HEALTHY,replay,9.0,0.0
2025-01-30T12:00:00+00:00,AWS-BHO-102,26.6,964.1,39.0,False,,low,7.5,NORMAL,27.3,957.1,23.0,HEALTHY,replay,12.5,0.0
2025-01-30T13:00:00+00:00,AWS-BHO-102,27.5,962.9,31.0,False,,low,9.1,NORMAL,28.0,956.0,22.0,HEALTHY,replay,15.1,0.0
2025-01-30T14:00:00+00:00,AWS-BHO-102,27.9,962.0,28.0,False,,low,6.0,NORMAL,28.2,955.0,23.0,HEALTHY,replay,10.0,0.0
2025-01-30T15:00:00+00:00,AWS-BHO-102,27.9,961.5,26.0,False,,low,2.7,NORMAL,28.0,954.5,24.0,HEALTHY,replay,4.5,0.0
2025-01-30T16:00:00+00:00,AWS-BHO-102,27.2,961.1,32.0,False,,low,1.0,NORMAL,27.3,954.3,26.0,HEALTHY,replay,1.6,0.0
2025-01-30T17:00:00+00:00,AWS-BHO-102,25.0,960.8,49.0,False,,low,5.0,NORMAL,25.2,954.2,34.0,HEALTHY,replay,8.3,0.0
2025-01-30T18:00:00+00:00,AWS-BHO-102,21.8,960.7,54.0,False,,low,4.5,NORMAL,22.2,954.1,40.0,HEALTHY,replay,7.5,0.0
2025-01-30T19:00:00+00:00,AWS-BHO-102,19.1,960.6,64.0,False,,low,9.8,NORMAL,21.4,954.0,42.0,HEALTHY,replay,16.4,0.0
2025-01-30T20:00:00+00:00,AWS-BHO-102,17.9,961.2,60.0,False,,low,3.1,NORMAL,20.0,954.7,47.0,HEALTHY,replay,5.2,0.0
2025-01-30T21:00:00+00:00,AWS-BHO-102,16.7,961.6,57.0,False,,low,1.7,NORMAL,18.7,955.0,55.0,HEALTHY,replay,2.9,0.0
2025-01-30T22:00:00+00:00,AWS-BHO-102,16.0,961.9,59.0,False,,low,0.4,NORMAL,18.0,955.1,60.0,HEALTHY,replay,0.7,0.0
2025-01-30T23:00:00+00:00,AWS-BHO-102,15.0,961.6,68.0,False,,low,0.9,NORMAL,17.3,954.6,63.0,HEALTHY,replay,1.6,0.0
2025-01-31T00:00:00+00:00,AWS-BHO-102,14.4,960.9,71.0,False,,low,0.4,NORMAL,16.3,953.9,66.0,HEALTHY,replay,0.6,0.0
2025-01-31T01:00:00+00:00,AWS-BHO-102,13.8,960.4,73.0,False,,low,0.3,NORMAL,16.5,953.4,65.0,HEALTHY,replay,0.5,0.0
2025-01-31T02:00:00+00:00,AWS-BHO-102,13.2,959.9,73.0,False,,low,0.3,NORMAL,16.0,953.1,57.0,HEALTHY,replay,0.5,0.0
2025-01-31T03:00:00+00:00,AWS-BHO-102,12.8,959.7,75.0,False,,low,0.4,NORMAL,15.6,952.9,54.0,HEALTHY,replay,0.6,0.0
2025-01-31T04:00:00+00:00,AWS-BHO-102,12.3,959.6,77.0,False,,low,0.5,NORMAL,14.9,952.7,55.0,HEALTHY,replay,0.8,0.0
2025-01-31T05:00:00+00:00,AWS-BHO-102,12.0,959.9,78.0,False,,low,0.4,NORMAL,13.8,952.3,59.0,HEALTHY,replay,0.7,0.0
2025-01-31T06:00:00+00:00,AWS-BHO-102,11.7,960.7,82.0,False,,low,1.1,NORMAL,13.3,953.9,66.0,HEALTHY,replay,1.8,0.0
2025-01-31T07:00:00+00:00,AWS-BHO-102,12.0,961.6,81.0,False,,low,0.8,NORMAL,13.5,954.6,69.0,HEALTHY,replay,1.4,0.0
2025-01-31T08:00:00+00:00,AWS-BHO-102,15.1,963.1,71.0,False,,low,4.3,NORMAL,16.3,956.1,60.0,HEALTHY,replay,7.2,0.0
2025-01-31T09:00:00+00:00,AWS-BHO-102,18.6,964.7,63.0,False,,low,10.7,NORMAL,19.8,957.6,50.0,HEALTHY,replay,17.8,0.0
2025-01-31T10:00:00+00:00,AWS-BHO-102,21.8,965.2,54.0,False,,low,7.6,NORMAL,22.7,958.1,43.0,HEALTHY,replay,12.7,0.0
2025-01-31T11:00:00+00:00,AWS-BHO-102,24.1,964.7,47.0,False,,low,5.6,NORMAL,24.8,957.6,37.0,HEALTHY,replay,9.3,0.0
2025-01-31T12:00:00+00:00,AWS-BHO-102,25.6,964.0,40.0,False,,low,3.7,NORMAL,26.3,956.9,32.0,HEALTHY,replay,6.2,0.0
2025-01-31T13:00:00+00:00,AWS-BHO-102,26.5,963.0,37.0,False,,low,1.0,NORMAL,27.1,955.9,30.0,HEALTHY,replay,1.7,0.0
2025-01-31T14:00:00+00:00,AWS-BHO-102,27.0,962.3,36.0,False,,low,0.5,NORMAL,27.6,955.1,31.0,HEALTHY,replay,0.8,0.0
2025-01-31T15:00:00+00:00,AWS-BHO-102,27.2,961.6,35.0,False,,low,0.3,NORMAL,27.6,954.5,32.0,HEALTHY,replay,0.6,0.0
2025-01-31T16:00:00+00:00,AWS-BHO-102,26.6,961.5,39.0,False,,low,0.4,NORMAL,27.1,954.4,34.0,HEALTHY,replay,0.7,0.0
2025-01-31T17:00:00+00:00,AWS-BHO-102,24.0,961.1,56.0,False,,low,1.6,NORMAL,25.1,954.3,48.0,HEALTHY,replay,2.7,0.0
2025-01-31T18:00:00+00:00,AWS-BHO-102,21.7,961.2,55.0,False,,low,0.7,NORMAL,22.8,954.4,49.0,HEALTHY,replay,1.2,0.0
2025-01-31T19:00:00+00:00,AWS-BHO-102,20.4,961.7,53.0,False,,low,0.3,NORMAL,21.2,954.9,54.0,HEALTHY,replay,0.5,0.0
2025-01-31T20:00:00+00:00,AWS-BHO-102,19.3,962.2,53.0,False,,low,0.2,NORMAL,19.8,955.4,62.0,HEALTHY,replay,0.3,0.0
2025-01-31T21:00:00+00:00,AWS-BHO-102,17.6,962.6,62.0,False,,low,0.3,NORMAL,18.6,955.7,67.0,HEALTHY,replay,0.4,0.0
2025-01-31T22:00:00+00:00,AWS-BHO-102,16.7,962.7,69.0,False,,low,0.4,NORMAL,18.4,955.8,66.0,HEALTHY,replay,0.6,0.0
2025-01-31T23:00:00+00:00,AWS-BHO-102,16.0,962.0,76.0,False,,low,0.2,NORMAL,18.6,955.3,60.0,HEALTHY,replay,0.3,0.0
2025-02-01T00:00:00+00:00,AWS-BHO-102,15.2,961.6,81.0,False,,low,0.3,NORMAL,18.2,954.8,57.0,HEALTHY,replay,0.4,0.0
2025-02-01T01:00:00+00:00,AWS-BHO-102,14.8,961.1,83.0,False,,low,0.2,NORMAL,17.6,954.3,58.0,HEALTHY,replay,0.3,0.0
2025-02-01T02:00:00+00:00,AWS-BHO-102,14.6,960.8,82.0,False,,low,0.1,NORMAL,16.7,953.9,61.0,HEALTHY,replay,0.2,0.0
2025-02-01T03:00:00+00:00,AWS-BHO-102,14.2,960.6,83.0,False,,low,0.1,NORMAL,15.6,953.8,67.0,HEALTHY,replay,0.2,0.0
2025-02-01T04:00:00+00:00,AWS-BHO-102,13.8,960.9,83.0,False,,low,0.1,NORMAL,14.7,953.8,73.0,HEALTHY,replay,0.2,0.0
2025-02-01T05:00:00+00:00,AWS-BHO-102,13.3,961.0,85.0,False,,low,0.1,NORMAL,13.9,953.9,78.0,HEALTHY,replay,0.2,0.0
2025-02-01T06:00:00+00:00,AWS-BHO-102,12.5,961.9,92.0,False,,low,0.3,NORMAL,13.5,954.8,82.0,HEALTHY,replay,0.5,0.0
2025-02-01T07:00:00+00:00,AWS-BHO-102,13.0,962.7,90.0,False,,low,0.2,NORMAL,13.7,955.5,82.0,HEALTHY,replay,0.3,0.0
2025-02-01T08:00:00+00:00,AWS-BHO-102,16.0,964.0,79.0,False,,low,1.6,NORMAL,16.6,956.9,70.0,HEALTHY,replay,2.7,0.0
2025-02-01T09:00:00+00:00,AWS-BHO-102,19.5,965.4,67.0,False,,low,7.4,NORMAL,20.0,958.2,56.0,HEALTHY,replay,12.4,0.0
2025-02-01T10:00:00+00:00,AWS-BHO-102,22.4,965.9,52.0,False,,low,17.1,NORMAL,22.6,958.8,44.0,HEALTHY,replay,28.5,0.0
2025-02-01T11:00:00+00:00,AWS-BHO-102,24.3,965.8,45.0,False,,low,4.7,NORMAL,24.2,958.5,37.0,HEALTHY,replay,7.8,0.0
2025-02-01T12:00:00+00:00,AWS-BHO-102,25.5,965.2,42.0,False,,low,2.5,NORMAL,25.3,957.9,33.0,HEALTHY,replay,4.2,0.0
2025-02-01T13:00:00+00:00,AWS-BHO-102,26.1,964.3,42.0,False,,low,1.2,NORMAL,26.1,957.1,32.0,HEALTHY,replay,2.1,0.0
2025-02-01T14:00:00+00:00,AWS-BHO-102,26.5,963.4,42.0,False,,low,0.6,NORMAL,26.4,956.2,30.0,HEALTHY,replay,1.0,0.0
2025-02-01T15:00:00+00:00,AWS-BHO-102,26.8,963.0,40.0,False,,low,0.3,NORMAL,26.3,955.7,31.0,HEALTHY,replay,0.5,0.0
2025-02-01T16:00:00+00:00,AWS-BHO-102,26.8,962.9,38.0,False,,low,0.4,NORMAL,25.7,955.8,33.0,HEALTHY,replay,0.7,0.0
2025-02-01T17:00:00+00:00,AWS-BHO-102,25.5,963.1,51.0,False,,low,0.7,NORMAL,24.0,956.1,40.0,HEALTHY,replay,1.2,0.0
2025-02-01T18:00:00+00:00,AWS-BHO-102,21.6,963.0,58.0,False,,low,0.7,NORMAL,22.4,956.2,45.0,HEALTHY,replay,1.1,0.0
2025-02-01T19:00:00+00:00,AWS-BHO-102,20.1,963.5,65.0,False,,low,0.7,NORMAL,20.3,956.7,45.0,HEALTHY,replay,1.1,0.0
2025-02-01T20:00:00+00:00,AWS-BHO-102,19.7,964.1,65.0,False,,low,0.1,NORMAL,18.8,957.2,47.0,HEALTHY,replay,0.2,0.0
2025-02-01T21:00:00+00:00,AWS-BHO-102,18.3,964.5,68.0,False,,low,0.2,NORMAL,18.3,957.8,50.0,HEALTHY,replay,0.3,0.0
2025-02-01T22:00:00+00:00,AWS-BHO-102,16.7,964.4,68.0,False,,low,0.3,NORMAL,17.1,957.6,53.0,HEALTHY,replay,0.5,0.0
2025-02-01T23:00:00+00:00,AWS-BHO-102,15.8,964.0,64.0,False,,low,0.4,NORMAL,16.4,957.2,55.0,HEALTHY,replay,0.7,0.0
2025-02-02T00:00:00+00:00,AWS-BHO-102,15.1,963.5,65.0,False,,low,0.2,NORMAL,15.6,956.7,57.0,HEALTHY,replay,0.3,0.0
2025-02-02T01:00:00+00:00,AWS-BHO-102,14.4,963.4,68.0,False,,low,0.2,NORMAL,14.9,956.4,59.0,HEALTHY,replay,0.3,0.0
2025-02-02T02:00:00+00:00,AWS-BHO-102,13.7,962.8,72.0,False,,low,0.1,NORMAL,14.3,955.7,61.0,HEALTHY,replay,0.2,0.0
2025-02-02T03:00:00+00:00,AWS-BHO-102,13.2,962.5,76.0,False,,low,0.1,NORMAL,13.6,955.4,62.0,HEALTHY,replay,0.2,0.0
2025-02-02T04:00:00+00:00,AWS-BHO-102,13.0,962.5,77.0,False,,low,0.1,NORMAL,13.5,955.3,63.0,HEALTHY,replay,0.2,0.0
2025-02-02T05:00:00+00:00,AWS-BHO-102,12.8,962.6,78.0,False,,low,0.2,NORMAL,13.8,955.4,67.0,HEALTHY,replay,0.4,0.0
2025-02-02T06:00:00+00:00,AWS-BHO-102,12.2,963.7,85.0,False,,low,0.4,NORMAL,13.3,956.4,74.0,HEALTHY,replay,0.7,0.0
2025-02-02T07:00:00+00:00,AWS-BHO-102,12.7,964.5,81.0,False,,low,0.3,NORMAL,13.8,957.1,73.0,HEALTHY,replay,0.6,0.0
2025-02-02T08:00:00+00:00,AWS-BHO-102,15.5,966.0,70.0,False,,low,2.8,NORMAL,16.7,958.6,63.0,HEALTHY,replay,4.6,0.0
2025-02-02T09:00:00+00:00,AWS-BHO-102,18.9,967.4,60.0,False,,low,8.2,NORMAL,20.1,960.1,50.0,HEALTHY,replay,13.7,0.0
2025-02-02T10:00:00+00:00,AWS-BHO-102,21.9,968.0,51.0,False,,low,10.7,NORMAL,23.3,960.7,40.0,HEALTHY,replay,17.8,0.0
2025-02-02T11:00:00+00:00,AWS-BHO-102,24.1,967.5,43.0,False,,low,5.6,NORMAL,25.2,960.3,35.0,HEALTHY,replay,9.3,0.0
2025-02-02T12:00:00+00:00,AWS-BHO-102,25.4,966.6,38.0,False,,low,2.8,NORMAL,26.4,959.2,33.0,HEALTHY,replay,4.6,0.0
2025-02-02T13:00:00+00:00,AWS-BHO-102,26.1,965.7,37.0,False,,low,0.8,NORMAL,27.1,958.3,32.0,HEALTHY,replay,1.4,0.0
2025-02-02T14:00:00+00:00,AWS-BHO-102,26.3,964.8,37.0,False,,low,0.6,NORMAL,27.5,957.6,32.0,HEALTHY,replay,1.0,0.0
2025-02-02T15:00:00+00:00,AWS-BHO-102,26.2,964.4,38.0,False,,low,0.5,NORMAL,27.5,957.1,33.0,HEALTHY,replay,0.9,0.0
2025-02-02T16:00:00+00:00,AWS-BHO-102,25.6,964.3,40.0,False,,low,0.3,NORMAL,26.9,957.0,35.0,HEALTHY,replay,0.5,0.0
2025-02-02T17:00:00+00:00,AWS-BHO-102,23.8,964.4,49.0,False,,low,0.6,NORMAL,25.5,957.0,43.0,HEALTHY,replay,1.1,0.0
2025-02-02T18:00:00+00:00,AWS-BHO-102,21.9,964.3,50.0,False,,low,0.3,NORMAL,23.2,957.2,47.0,HEALTHY,replay,0.6,0.0
2025-02-02T19:00:00+00:00,AWS-BHO-102,21.0,964.5,53.0,False,,low,0.2,NORMAL,22.8,957.4,48.0,HEALTHY,replay,0.4,0.0
2025-02-02T20:00:00+00:00,AWS-BHO-102,20.4,964.8,53.0,False,,low,0.1,NORMAL,21.0,957.7,50.0,HEALTHY,replay,0.2,0.0
2025-02-02T21:00:00+00:00,AWS-BHO-102,19.6,964.8,56.0,False,,low,0.1,NORMAL,20.0,957.8,55.0,HEALTHY,replay,0.2,0.0
2025-02-02T22:00:00+00:00,AWS-BHO-102,18.5,965.0,62.0,False,,low,0.2,NORMAL,19.2,958.0,58.0,HEALTHY,replay,0.4,0.0
2025-02-02T23:00:00+00:00,AWS-BHO-102,17.4,964.7,67.0,False,,low,0.2,NORMAL,18.7,957.6,60.0,HEALTHY,replay,0.3,0.0
2025-02-03T00:00:00+00:00,AWS-BHO-102,16.5,964.2,71.0,False,,low,0.2,NORMAL,18.6,957.0,60.0,HEALTHY,replay,0.3,0.0
2025-02-03T01:00:00+00:00,AWS-BHO-102,15.8,963.6,73.0,False,,low,0.1,NORMAL,18.0,956.5,62.0,HEALTHY,replay,0.2,0.0
2025-02-03T02:00:00+00:00,AWS-BHO-102,15.3,962.9,76.0,False,,low,0.1,NORMAL,17.7,955.7,61.0,HEALTHY,replay,0.2,0.0
2025-02-03T03:00:00+00:00,AWS-BHO-102,14.7,962.5,79.0,False,,low,0.1,NORMAL,17.5,955.2,61.0,HEALTHY,replay,0.1,0.0
2025-02-03T04:00:00+00:00,AWS-BHO-102,14.2,962.3,82.0,False,,low,0.1,NORMAL,17.1,955.0,62.0,HEALTHY,replay,0.1,0.0
2025-02-03T05:00:00+00:00,AWS-BHO-102,13.8,962.5,85.0,False,,low,0.1,NORMAL,16.7,955.1,64.0,HEALTHY,replay,0.2,0.0
2025-02-03T06:00:00+00:00,AWS-BHO-102,13.9,963.5,87.0,False,,low,0.1,NORMAL,16.9,956.2,65.0,HEALTHY,replay,0.2,0.0
2025-02-03T07:00:00+00:00,AWS-BHO-102,14.2,964.3,85.0,False,,low,0.2,NORMAL,16.8,956.9,67.0,HEALTHY,replay,0.3,0.0
2025-02-03T08:00:00+00:00,AWS-BHO-102,16.6,965.5,76.0,False,,low,0.6,NORMAL,18.8,958.0,60.0,HEALTHY,replay,1.1,0.0
2025-02-03T09:00:00+00:00,AWS-BHO-102,19.8,966.7,64.0,False,,low,2.2,NORMAL,21.7,959.2,52.0,HEALTHY,replay,3.6,0.0
2025-02-03T10:00:00+00:00,AWS-BHO-102,22.9,967.2,54.0,False,,low,5.7,NORMAL,24.6,959.8,46.0,HEALTHY,replay,9.4,0.0
2025-02-03T11:00:00+00:00,AWS-BHO-102,25.3,966.6,50.0,False,,low,1.5,NORMAL,25.3,964.7,54.0,HEALTHY,replay,2.5,0.0
2025-02-03T12:00:00+00:00,AWS-BHO-102,27.2,965.5,47.0,False,,low,1.6,NORMAL,29.9,957.7,51.0,HEALTHY,replay,2.7,0.0
2025-02-03T13:00:00+00:00,AWS-BHO-102,28.5,964.3,45.0,False,,low,2.2,NORMAL,30.8,956.6,34.0,HEALTHY,replay,3.6,0.0
2025-02-03T14:00:00+00:00,AWS-BHO-102,29.2,963.4,44.0,False,,low,2.1,NORMAL,31.0,955.7,49.0,HEALTHY,replay,3.5,0.0
2025-02-03T15:00:00+00:00,AWS-BHO-102,29.4,963.0,44.0,False,,low,1.1,NORMAL,28.9,961.3,34.0,HEALTHY,replay,1.9,0.0
2025-02-03T16:00:00+00:00,AWS-BHO-102,29.2,963.0,46.0,False,,low,0.9,NORMAL,30.1,955.3,52.12,HEALTHY,replay,1.5,0.0
2025-02-03T17:00:00+00:00,AWS-BHO-102,27.2,962.8,57.0,False,,low,1.8,NORMAL,28.3,955.4,54.07,HEALTHY,replay,3.0,0.0
2025-02-03T18:00:00+00:00,AWS-BHO-102,24.8,963.6,65.0,False,,low,1.9,NORMAL,24.5,961.9,50.0,HEALTHY,replay,3.2,0.0
2025-02-03T19:00:00+00:00,AWS-BHO-102,23.2,964.2,73.0,False,,low,1.6,NORMAL,24.9,957.1,54.0,HEALTHY,replay,2.7,0.0
2025-02-03T20:00:00+00:00,AWS-BHO-102,21.6,964.7,80.0,False,,low,1.9,NORMAL,23.7,957.6,59.0,HEALTHY,replay,3.1,0.0
2025-02-03T21:00:00+00:00,AWS-BHO-102,20.6,964.9,84.0,False,,low,1.7,NORMAL,23.1,957.8,60.0,HEALTHY,replay,2.9,0.0
2025-02-03T22:00:00+00:00,AWS-BHO-102,19.4,965.0,90.0,False,,low,1.0,NORMAL,22.7,957.9,59.0,HEALTHY,replay,1.7,0.0
2025-02-03T23:00:00+00:00,AWS-BHO-102,18.6,964.6,92.0,False,,low,0.4,NORMAL,22.1,957.6,61.0,HEALTHY,replay,0.7,0.0
2025-02-04T00:00:00+00:00,AWS-BHO-102,17.8,964.2,93.0,False,,low,0.4,NORMAL,21.0,957.1,66.0,HEALTHY,replay,0.6,0.0
2025-02-04T01:00:00+00:00,AWS-BHO-102,18.0,963.9,89.0,False,,low,0.3,NORMAL,19.6,956.9,73.0,HEALTHY,replay,0.4,0.0
2025-02-04T02:00:00+00:00,AWS-BHO-102,18.2,963.6,86.0,False,,low,0.4,NORMAL,19.0,956.4,76.0,HEALTHY,replay,0.7,0.0
2025-02-04T03:00:00+00:00,AWS-BHO-102,17.7,963.4,87.0,False,,low,0.4,NORMAL,18.2,956.1,79.0,HEALTHY,replay,0.6,0.0
2025-02-04T04:00:00+00:00,AWS-BHO-102,17.1,963.0,87.0,False,,low,0.4,NORMAL,17.3,955.7,83.0,HEALTHY,replay,0.7,0.0
2025-02-04T05:00:00+00:00,AWS-BHO-102,16.7,962.9,87.0,False,,low,0.3,NORMAL,16.9,955.5,85.0,HEALTHY,replay,0.6,0.0
2025-02-04T06:00:00+00:00,AWS-BHO-102,17.0,963.9,86.0,False,,low,0.4,NORMAL,17.1,956.4,87.0,HEALTHY,replay,0.7,0.0
2025-02-04T07:00:00+00:00,AWS-BHO-102,17.2,964.6,86.0,False,,low,0.3,NORMAL,17.4,957.2,88.0,HEALTHY,replay,0.6,0.0
2025-02-04T08:00:00+00:00,AWS-BHO-102,19.6,965.8,77.0,False,,low,0.9,NORMAL,20.1,957.97,75.0,HEALTHY,replay,1.5,0.0
2025-02-04T09:00:00+00:00,AWS-BHO-102,22.7,966.9,65.0,False,,low,4.4,NORMAL,23.7,959.84,68.0,HEALTHY,replay,7.3,0.0
2025-02-04T10:00:00+00:00,AWS-BHO-102,25.7,967.5,56.0,False,,low,10.6,NORMAL,26.3,960.3,62.0,HEALTHY,replay,17.7,0.0
2025-02-04T11:00:00+00:00,AWS-BHO-102,27.9,967.2,51.0,False,,low,2.4,NORMAL,28.1,960.2,48.0,HEALTHY,replay,4.0,0.0
2025-02-04T12:00:00+00:00,AWS-BHO-102,29.3,966.1,48.0,False,,low,1.2,NORMAL,29.3,959.0,45.0,HEALTHY,replay,2.0,0.0
2025-02-04T13:00:00+00:00,AWS-BHO-102,29.9,964.9,46.0,False,,low,1.3,NORMAL,30.3,957.8,39.0,HEALTHY,replay,2.1,0.0
2025-02-04T14:00:00+00:00,AWS-BHO-102,30.1,963.9,43.0,False,,low,1.3,NORMAL,30.2,956.8,37.0,HEALTHY,replay,2.2,0.0
2025-02-04T15:00:00+00:00,AWS-BHO-102,30.2,963.4,36.0,False,,low,2.2,NORMAL,29.8,956.2,37.0,HEALTHY,replay,3.7,0.0
2025-02-04T16:00:00+00:00,AWS-BHO-102,29.8,962.9,38.0,False,,low,0.9,NORMAL,29.4,956.0,36.0,HEALTHY,replay,1.5,0.0
2025-02-04T17:00:00+00:00,AWS-BHO-102,27.5,962.7,50.0,False,,low,0.8,NORMAL,28.0,955.8,41.0,HEALTHY,replay,1.4,0.0
2025-02-04T18:00:00+00:00,AWS-BHO-102,24.9,962.9,59.0,False,,low,1.1,NORMAL,25.3,956.1,47.0,HEALTHY,replay,1.9,0.0
2025-02-04T19:00:00+00:00,AWS-BHO-102,23.0,963.0,65.0,False,,low,0.8,NORMAL,24.7,956.5,59.0,HEALTHY,replay,1.3,0.0
2025-02-04T20:00:00+00:00,AWS-BHO-102,21.8,963.4,69.0,False,,low,0.6,NORMAL,23.6,956.8,69.0,HEALTHY,replay,1.0,0.0
2025-02-04T21:00:00+00:00,AWS-BHO-102,21.5,963.8,77.0,False,,low,0.9,NORMAL,22.8,957.1,72.0,HEALTHY,replay,1.5,0.0
2025-02-04T22:00:00+00:00,AWS-BHO-102,21.1,963.9,74.0,False,,low,0.3,NORMAL,22.1,957.1,63.0,HEALTHY,replay,0.5,0.0
2025-02-04T23:00:00+00:00,AWS-BHO-102,20.5,963.6,66.0,False,,low,0.6,NORMAL,21.2,956.8,56.0,HEALTHY,replay,1.0,0.0
2025-02-05T00:00:00+00:00,AWS-BHO-102,19.8,963.3,68.0,False,,low,0.2,NORMAL,20.2,956.6,56.0,HEALTHY,replay,0.4,0.0
2025-02-05T01:00:00+00:00,AWS-BHO-102,19.0,963.0,71.0,False,,low,0.1,NORMAL,19.4,956.0,67.0,HEALTHY,replay,0.2,0.0
2025-02-05T02:00:00+00:00,AWS-BHO-102,18.2,963.0,74.0,False,,low,0.1,NORMAL,18.2,961.1,58.0,HEALTHY,replay,0.2,0.0
2025-02-05T03:00:00+00:00,AWS-BHO-102,17.7,962.9,78.0,False,,low,0.1,NORMAL,17.7,955.5,63.0,HEALTHY,replay,0.2,0.0
2025-02-05T04:00:00+00:00,AWS-BHO-102,17.0,962.9,83.0,False,,low,0.2,NORMAL,16.9,961.1,70.0,HEALTHY,replay,0.3,0.0
2025-02-05T05:00:00+00:00,AWS-BHO-102,16.3,963.1,88.0,False,,low,0.3,NORMAL,16.5,956.0,77.0,HEALTHY,replay,0.5,0.0
2025-02-05T06:00:00+00:00,AWS-BHO-102,15.8,964.3,93.0,False,,low,0.3,NORMAL,15.8,957.1,92.0,HEALTHY,replay,0.5,0.0
2025-02-05T07:00:00+00:00,AWS-BHO-102,16.0,965.2,93.0,False,,low,0.4,NORMAL,15.8,957.8,93.0,HEALTHY,replay,0.6,0.0
2025-02-05T08:00:00+00:00,AWS-BHO-102,18.1,966.6,83.0,False,,low,2.6,NORMAL,17.9,959.1,83.0,HEALTHY,replay,4.3,0.0
2025-02-05T09:00:00+00:00,AWS-BHO-102,20.2,967.4,73.0,False,,low,2.0,NORMAL,20.1,960.0,72.0,HEALTHY,replay,3.3,0.0
2025-02-05T10:00:00+00:00,AWS-BHO-102,22.2,967.9,65.0,False,,low,2.5,NORMAL,22.1,960.5,61.0,HEALTHY,replay,4.2,0.0
2025-02-05T11:00:00+00:00,AWS-BHO-102,23.9,967.5,57.0,False,,low,2.4,NORMAL,23.8,960.1,50.0,HEALTHY,replay,4.0,0.0
2025-02-05T12:00:00+00:00,AWS-BHO-102,25.1,966.4,51.0,False,,low,1.6,NORMAL,25.2,959.1,43.0,HEALTHY,replay,2.6,0.0
2025-02-05T13:00:00+00:00,AWS-BHO-102,25.9,965.3,47.0,False,,low,1.7,NORMAL,26.0,958.2,39.0,HEALTHY,replay,2.8,0.0
2025-02-05T14:00:00+00:00,AWS-BHO-102,26.3,964.5,44.0,False,,low,1.4,NORMAL,26.5,957.2,37.0,HEALTHY,replay,2.3,0.0
2025-02-05T15:00:00+00:00,AWS-BHO-102,26.2,964.1,43.0,False,,low,0.5,NORMAL,26.6,956.7,35.0,HEALTHY,replay,0.9,0.0
2025-02-05T16:00:00+00:00,AWS-BHO-102,25.7,964.2,43.0,False,,low,0.5,NORMAL,26.1,956.8,35.0,HEALTHY,replay,0.9,0.0
2025-02-05T17:00:00+00:00,AWS-BHO-102,24.2,964.0,49.0,False,,low,0.2,NORMAL,24.6,956.8,39.0,HEALTHY,replay,0.4,0.0
2025-02-05T18:00:00+00:00,AWS-BHO-102,21.5,964.4,62.0,False,,low,1.4,NORMAL,22.3,957.3,50.0,HEALTHY,replay,2.4,0.0
2025-02-05T19:00:00+00:00,AWS-BHO-102,20.6,965.2,58.0,False,,low,0.8,NORMAL,21.1,958.0,55.0,HEALTHY,replay,1.3,0.0
2025-02-05T20:00:00+00:00,AWS-BHO-102,20.1,965.7,49.0,False,,low,1.3,NORMAL,19.8,958.5,52.0,HEALTHY,replay,2.1,0.0
2025-02-05T21:00:00+00:00,AWS-BHO-102,18.6,966.5,54.0,False,,low,1.0,NORMAL,18.7,959.0,52.0,HEALTHY,replay,1.7,0.0
2025-02-05T22:00:00+00:00,AWS-BHO-102,17.7,966.5,59.0,False,,low,0.6,NORMAL,17.9,959.1,54.0,HEALTHY,replay,1.0,0.0
2025-02-05T23:00:00+00:00,AWS-BHO-102,16.8,966.5,65.0,False,,low,0.6,NORMAL,17.1,958.6,57.0,HEALTHY,replay,0.9,0.0
2025-02-06T00:00:00+00:00,AWS-BHO-102,16.1,966.2,66.0,False,,low,0.2,NORMAL,16.3,958.7,59.0,HEALTHY,replay,0.4,0.0
2025-02-06T01:00:00+00:00,AWS-BHO-102,15.5,966.2,63.0,False,,low,0.6,NORMAL,15.5,958.6,59.0,HEALTHY,replay,1.0,0.0
2025-02-06T02:00:00+00:00,AWS-BHO-102,14.9,965.7,58.0,False,,low,0.7,NORMAL,15.0,957.9,58.0,HEALTHY,replay,1.2,0.0
2025-02-06T03:00:00+00:00,AWS-BHO-102,14.2,965.3,55.0,False,,low,0.5,NORMAL,14.7,957.6,55.0,HEALTHY,replay,0.8,0.0
2025-02-06T04:00:00+00:00,AWS-BHO-102,13.6,965.4,53.0,False,,low,0.5,NORMAL,14.3,957.7,52.0,HEALTHY,replay,0.8,0.0
2025-02-06T05:00:00+00:00,AWS-BHO-102,13.1,965.6,51.0,False,,low,1.4,NORMAL,13.9,957.9,49.0,HEALTHY,replay,2.4,0.0
2025-02-06T06:00:00+00:00,AWS-BHO-102,12.2,966.8,60.0,False,,low,2.7,NORMAL,13.0,959.0,57.0,HEALTHY,replay,4.4,0.0
2025-02-06T07:00:00+00:00,AWS-BHO-102,12.2,967.6,59.0,False,,low,1.0,NORMAL,12.9,959.8,55.0,HEALTHY,replay,1.6,0.0
2025-02-06T08:00:00+00:00,AWS-BHO-102,14.0,968.7,55.0,False,,low,6.2,NORMAL,14.6,960.9,49.0,HEALTHY,replay,10.3,0.0
2025-02-06T09:00:00+00:00,AWS-BHO-102,16.5,969.5,46.0,False,,low,13.1,NORMAL,16.8,961.7,41.0,HEALTHY,replay,21.8,0.0
2025-02-06T10:00:00+00:00,AWS-BHO-102,18.8,970.0,39.0,False,,low,17.6,NORMAL,19.1,962.3,34.0,HEALTHY,replay,29.3,0.0
2025-02-06T11:00:00+00:00,AWS-BHO-102,20.7,969.7,35.0,False,,low,4.7,NORMAL,20.9,962.1,30.0,HEALTHY,replay,7.8,0.0
2025-02-06T12:00:00+00:00,AWS-BHO-102,21.9,968.9,31.0,False,,low,2.7,NORMAL,22.2,961.4,27.0,HEALTHY,replay,4.5,0.0
2025-02-06T13:00:00+00:00,AWS-BHO-102,22.7,967.9,29.0,False,,low,2.4,NORMAL,23.1,960.4,25.0,HEALTHY,replay,4.0,0.0
2025-02-06T14:00:00+00:00,AWS-BHO-102,23.1,966.8,28.0,False,,low,3.4,NORMAL,23.4,959.3,25.0,HEALTHY,replay,5.7,0.0
2025-02-06T15:00:00+00:00,AWS-BHO-102,23.1,966.0,28.0,False,,low,1.8,NORMAL,23.4,958.5,25.0,HEALTHY,replay,3.0,0.0
2025-02-06T16:00:00+00:00,AWS-BHO-102,22.5,965.7,29.0,False,,low,1.2,NORMAL,22.8,958.2,26.0,HEALTHY,replay,1.9,0.0
2025-02-06T17:00:00+00:00,AWS-BHO-102,21.0,965.6,35.0,False,,low,1.0,NORMAL,21.6,958.2,29.0,HEALTHY,replay,1.6,0.0
2025-02-06T18:00:00+00:00,AWS-BHO-102,18.7,966.2,41.0,False,,low,3.0,NORMAL,19.7,959.0,35.0,HEALTHY,replay,4.9,0.0
2025-02-06T19:00:00+00:00,AWS-BHO-102,17.9,966.7,43.0,False,,low,1.0,NORMAL,18.6,959.4,39.0,HEALTHY,replay,1.7,0.0
2025-02-06T20:00:00+00:00,AWS-BHO-102,17.0,967.4,43.0,False,,low,0.7,NORMAL,17.9,960.1,40.0,HEALTHY,replay,1.2,0.0
2025-02-06T21:00:00+00:00,AWS-BHO-102,16.0,967.7,47.0,False,,low,0.4,NORMAL,17.1,960.2,42.0,HEALTHY,replay,0.7,0.0
2025-02-06T22:00:00+00:00,AWS-BHO-102,15.0,967.5,51.0,False,,low,0.5,NORMAL,16.7,959.5,43.0,HEALTHY,replay,0.9,0.0
2025-02-06T23:00:00+00:00,AWS-BHO-102,14.3,967.4,56.0,False,,low,0.3,NORMAL,14.1,965.3,56.0,HEALTHY,replay,0.6,0.0
2025-02-07T00:00:00+00:00,AWS-BHO-102,13.6,967.1,60.0,False,,low,0.3,NORMAL,13.5,965.0,46.0,HEALTHY,replay,0.6,0.0
2025-02-07T01:00:00+00:00,AWS-BHO-102,13.1,966.5,62.0,False,,low,0.3,NORMAL,13.1,964.4,58.0,HEALTHY,replay,0.5,0.0
2025-02-07T02:00:00+00:00,AWS-BHO-102,12.7,966.0,62.0,False,,low,0.1,NORMAL,13.4,963.9,50.0,HEALTHY,replay,0.2,0.0
2025-02-07T03:00:00+00:00,AWS-BHO-102,12.5,965.7,61.0,False,,low,0.1,NORMAL,14.1,958.2,52.0,HEALTHY,replay,0.2,0.0
2025-02-07T04:00:00+00:00,AWS-BHO-102,12.2,966.0,61.0,False,,low,0.1,NORMAL,13.7,958.3,53.0,HEALTHY,replay,0.1,0.0
2025-02-07T05:00:00+00:00,AWS-BHO-102,11.7,966.4,62.0,False,,low,0.1,NORMAL,13.3,958.6,55.0,HEALTHY,replay,0.2,0.0
2025-02-07T06:00:00+00:00,AWS-BHO-102,11.6,967.8,67.0,False,,low,0.3,NORMAL,13.0,959.8,59.0,HEALTHY,replay,0.4,0.0
2025-02-07T07:00:00+00:00,AWS-BHO-102,11.8,968.5,65.0,False,,low,0.3,NORMAL,12.9,960.7,58.0,HEALTHY,replay,0.6,0.0
2025-02-07T08:00:00+00:00,AWS-BHO-102,13.7,969.9,60.0,False,,low,2.1,NORMAL,14.4,962.1,53.0,HEALTHY,replay,3.5,0.0
2025-02-07T09:00:00+00:00,AWS-BHO-102,16.2,970.6,52.0,False,,low,1.8,NORMAL,16.7,963.1,45.0,HEALTHY,replay,3.0,0.0
2025-02-07T10:00:00+00:00,AWS-BHO-102,18.6,971.0,43.0,False,,low,3.8,NORMAL,19.0,963.6,37.0,HEALTHY,replay,6.4,0.0
2025-02-07T11:00:00+00:00,AWS-BHO-102,20.6,970.8,34.0,False,,low,3.8,NORMAL,21.2,963.4,27.0,HEALTHY,replay,6.4,0.0
2025-02-07T12:00:00+00:00,AWS-BHO-102,21.9,969.8,30.0,False,,low,1.5,NORMAL,22.8,962.3,23.0,HEALTHY,replay,2.4,0.0
2025-02-07T13:00:00+00:00,AWS-BHO-102,22.9,968.7,28.0,False,,low,1.6,NORMAL,23.8,961.2,22.0,HEALTHY,replay,2.6,0.0
2025-02-07T14:00:00+00:00,AWS-BHO-102,23.4,967.4,27.0,False,,low,1.6,NORMAL,24.4,960.1,22.0,HEALTHY,replay,2.6,0.0
2025-02-07T15:00:00+00:00,AWS-BHO-102,23.4,967.2,27.0,False,,low,0.6,NORMAL,24.4,959.7,22.0,HEALTHY,replay,1.0,0.0
2025-02-07T16:00:00+00:00,AWS-BHO-102,22.9,966.8,28.0,False,,low,0.6,NORMAL,23.8,959.4,24.0,HEALTHY,replay,1.1,0.0
2025-02-07T17:00:00+00:00,AWS-BHO-102,21.2,966.4,44.0,False,,low,3.8,NORMAL,22.6,959.2,28.0,HEALTHY,replay,6.4,0.0
2025-02-07T18:00:00+00:00,AWS-BHO-102,18.9,966.6,45.0,False,,low,0.5,NORMAL,20.3,959.4,36.0,HEALTHY,replay,0.9,0.0
2025-02-07T19:00:00+00:00,AWS-BHO-102,17.8,966.8,49.0,False,,low,0.4,NORMAL,19.2,959.6,36.0,HEALTHY,replay,0.6,0.0
2025-02-07T20:00:00+00:00,AWS-BHO-102,16.8,967.4,51.0,False,,low,0.2,NORMAL,17.8,960.2,39.0,HEALTHY,replay,0.4,0.0
2025-02-07T21:00:00+00:00,AWS-BHO-102,16.1,967.3,50.0,False,,low,0.2,NORMAL,17.1,960.2,41.0,HEALTHY,replay,0.3,0.0
2025-02-07T22:00:00+00:00,AWS-BHO-102,14.9,967.1,54.0,False,,low,0.2,NORMAL,16.5,960.0,43.0,HEALTHY,replay,0.3,0.0
2025-02-07T23:00:00+00:00,AWS-BHO-102,13.7,966.8,59.0,False,,low,0.2,NORMAL,15.9,959.6,45.0,HEALTHY,replay,0.4,0.0
2025-02-08T00:00:00+00:00,AWS-BHO-102,12.5,966.0,63.0,False,,low,0.3,NORMAL,15.2,958.9,47.0,HEALTHY,replay,0.5,0.0
2025-02-08T01:00:00+00:00,AWS-BHO-102,11.7,965.4,68.0,False,,low,0.2,NORMAL,14.3,958.3,50.0,HEALTHY,replay,0.4,0.0
2025-02-08T02:00:00+00:00,AWS-BHO-102,11.3,964.9,68.0,False,,low,0.2,NORMAL,13.6,957.6,52.0,HEALTHY,replay,0.4,0.0
2025-02-08T03:00:00+00:00,AWS-BHO-102,10.5,964.7,70.0,False,,low,0.1,NORMAL,13.2,957.4,52.0,HEALTHY,replay,0.2,0.0
2025-02-08T04:00:00+00:00,AWS-BHO-102,9.8,964.5,71.0,False,,low,0.2,NORMAL,12.9,957.2,52.0,HEALTHY,replay,0.4,0.0
2025-02-08T05:00:00+00:00,AWS-BHO-102,9.3,964.7,71.0,False,,low,0.3,NORMAL,12.6,957.4,52.0,HEALTHY,replay,0.6,0.0
2025-02-08T06:00:00+00:00,AWS-BHO-102,8.9,965.5,77.0,False,,low,0.6,NORMAL,12.4,958.2,56.0,HEALTHY,replay,1.0,0.0
2025-02-08T07:00:00+00:00,AWS-BHO-102,9.3,966.4,75.0,False,,low,0.5,NORMAL,12.7,959.0,55.0,HEALTHY,replay,0.8,0.0
2025-02-08T08:00:00+00:00,AWS-BHO-102,12.2,967.9,65.0,False,,low,2.6,NORMAL,13.6,960.3,50.0,HEALTHY,replay,4.3,0.0
2025-02-08T09:00:00+00:00,AWS-BHO-102,15.7,969.1,52.0,False,,low,4.3,NORMAL,16.9,961.6,40.0,HEALTHY,replay,7.2,0.0
2025-02-08T10:00:00+00:00,AWS-BHO-102,19.1,969.8,43.0,False,,low,11.8,NORMAL,19.9,962.3,30.0,HEALTHY,replay,19.7,0.0
2025-02-08T11:00:00+00:00,AWS-BHO-102,22.0,969.3,34.0,False,,low,10.4,NORMAL,22.1,961.9,25.0,HEALTHY,replay,17.3,0.0
2025-02-08T12:00:00+00:00,AWS-BHO-102,23.8,968.4,29.0,False,,low,4.5,NORMAL,25.2,961.1,25.0,HEALTHY,replay,7.4,0.0
2025-02-08T13:00:00+00:00,AWS-BHO-102,24.8,967.3,26.0,False,,low,1.7,NORMAL,26.2,960.0,26.0,HEALTHY,replay,2.8,0.0
2025-02-08T14:00:00+00:00,AWS-BHO-102,25.3,966.4,26.0,False,,low,0.7,NORMAL,26.7,959.1,27.0,HEALTHY,replay,1.2,0.0
2025-02-08T15:00:00+00:00,AWS-BHO-102,25.2,965.7,25.0,False,,low,0.4,NORMAL,26.6,958.3,28.0,HEALTHY,replay,0.7,0.0
2025-02-08T16:00:00+00:00,AWS-BHO-102,24.5,965.7,27.0,False,,low,0.3,NORMAL,25.9,958.3,29.0,HEALTHY,replay,0.6,0.0
2025-02-08T17:00:00+00:00,AWS-BHO-102,22.2,965.6,41.0,False,,low,0.9,NORMAL,24.3,958.4,44.0,HEALTHY,replay,1.5,0.0
2025-02-08T18:00:00+00:00,AWS-BHO-102,19.5,965.4,47.0,False,,low,0.6,NORMAL,22.4,958.3,41.0,HEALTHY,replay,1.1,0.0
2025-02-08T19:00:00+00:00,AWS-BHO-102,18.5,965.9,52.0,False,,low,0.3,NORMAL,20.9,958.7,38.0,HEALTHY,replay,0.5,0.0
2025-02-08T20:00:00+00:00,AWS-BHO-102,17.5,966.3,56.0,False,,low,0.2,NORMAL,19.5,959.3,38.0,HEALTHY,replay,0.3,0.0
2025-02-08T21:00:00+00:00,AWS-BHO-102,16.2,966.3,61.0,False,,low,0.1,NORMAL,18.7,959.3,39.0,HEALTHY,replay,0.2,0.0
2025-02-08T22:00:00+00:00,AWS-BHO-102,14.6,966.2,65.0,False,,low,0.4,NORMAL,18.0,959.2,40.0,HEALTHY,replay,0.6,0.0
2025-02-08T23:00:00+00:00,AWS-BHO-102,13.7,965.9,65.0,False,,low,0.1,NORMAL,17.4,959.0,43.0,HEALTHY,replay,0.2,0.0
2025-02-09T00:00:00+00:00,AWS-BHO-102,13.2,965.1,65.0,False,,low,0.1,NORMAL,17.0,958.2,44.0,HEALTHY,replay,0.2,0.0
2025-02-09T01:00:00+00:00,AWS-BHO-102,13.1,964.6,65.0,False,,low,0.1,NORMAL,16.8,957.7,44.0,HEALTHY,replay,0.2,0.0
2025-02-09T02:00:00+00:00,AWS-BHO-102,12.7,964.1,67.0,False,,low,0.2,NORMAL,16.2,956.9,46.0,HEALTHY,replay,0.3,0.0
2025-02-09T03:00:00+00:00,AWS-BHO-102,12.2,963.8,70.0,False,,low,0.3,NORMAL,16.0,956.94,65.0,HEALTHY,replay,0.6,0.0
2025-02-09T04:00:00+00:00,AWS-BHO-102,11.5,963.7,74.0,False,,low,0.4,NORMAL,15.6,956.3,64.0,HEALTHY,replay,0.7,0.0
2025-02-09T05:00:00+00:00,AWS-BHO-102,10.9,963.6,78.0,False,,low,0.7,NORMAL,15.4,956.68,64.0,HEALTHY,replay,1.1,0.0
2025-02-09T06:00:00+00:00,AWS-BHO-102,11.1,964.4,81.0,False,,low,0.6,NORMAL,15.2,957.15,68.0,HEALTHY,replay,1.0,0.0
2025-02-09T07:00:00+00:00,AWS-BHO-102,11.3,965.1,81.0,False,,low,0.4,NORMAL,13.3,957.9,55.0,HEALTHY,replay,0.6,0.0
2025-02-09T08:00:00+00:00,AWS-BHO-102,14.6,966.4,72.0,False,,low,1.5,NORMAL,16.6,959.1,51.0,HEALTHY,replay,2.5,0.0
2025-02-09T09:00:00+00:00,AWS-BHO-102,18.9,967.7,54.0,False,,low,18.3,NORMAL,20.0,960.4,44.0,HEALTHY,replay,30.5,0.0
2025-02-09T10:00:00+00:00,AWS-BHO-102,22.7,968.3,44.0,False,,low,35.7,NORMAL,22.9,961.0,36.0,HEALTHY,replay,59.6,0.0
2025-02-09T11:00:00+00:00,AWS-BHO-102,25.6,967.8,36.0,False,,low,16.8,NORMAL,26.7,960.6,34.0,HEALTHY,replay,28.0,0.0
2025-02-09T12:00:00+00:00,AWS-BHO-102,27.3,966.7,33.0,False,,low,10.9,NORMAL,28.1,959.5,33.0,HEALTHY,replay,18.1,0.0
2025-02-09T13:00:00+00:00,AWS-BHO-102,28.3,965.5,32.0,False,,low,12.8,NORMAL,28.9,958.4,33.0,HEALTHY,replay,21.3,0.0
2025-02-09T14:00:00+00:00,AWS-BHO-102,28.7,964.4,32.0,False,,low,7.7,NORMAL,29.3,957.3,32.0,HEALTHY,replay,12.9,0.0
2025-02-09T15:00:00+00:00,AWS-BHO-102,28.6,964.0,33.0,False,,low,2.4,NORMAL,29.7,956.7,32.0,HEALTHY,replay,4.0,0.0
2025-02-09T16:00:00+00:00,AWS-BHO-102,28.1,963.8,35.0,False,,low,2.6,NORMAL,29.4,956.4,34.0,HEALTHY,replay,4.3,0.0
2025-02-09T17:00:00+00:00,AWS-BHO-102,26.0,963.7,52.0,False,,low,12.0,NORMAL,27.6,956.4,43.0,HEALTHY,replay,19.9,0.0
2025-02-09T18:00:00+00:00,AWS-BHO-102,22.7,963.5,54.0,False,,low,4.2,NORMAL,24.7,956.6,49.0,HEALTHY,replay,6.9,0.0
2025-02-09T19:00:00+00:00,AWS-BHO-102,21.4,963.9,58.0,False,,low,1.3,NORMAL,23.8,957.0,55.0,HEALTHY,replay,2.2,0.0
2025-02-09T20:00:00+00:00,AWS-BHO-102,20.3,964.6,64.0,False,,low,1.0,NORMAL,22.7,957.6,60.0,HEALTHY,replay,1.7,0.0
2025-02-09T21:00:00+00:00,AWS-BHO-102,19.2,964.8,69.0,False,,low,1.1,NORMAL,21.3,957.8,64.0,HEALTHY,replay,1.8,0.0
2025-02-09T22:00:00+00:00,AWS-BHO-102,18.4,964.6,72.0,False,,low,1.3,NORMAL,20.6,957.8,69.0,HEALTHY,replay,2.1,0.0
2025-02-09T23:00:00+00:00,AWS-BHO-102,17.5,963.9,76.0,False,,low,2.2,NORMAL,19.5,957.1,73.0,HEALTHY,replay,3.6,0.0
2025-02-10T00:00:00+00:00,AWS-BHO-102,17.0,963.6,76.0,False,,low,1.0,NORMAL,18.9,956.7,74.0,HEALTHY,replay,1.7,0.0
2025-02-10T01:00:00+00:00,AWS-BHO-102,16.4,963.0,79.0,False,,low,1.0,NORMAL,18.7,956.1,75.0,HEALTHY,replay,1.7,0.0
2025-02-10T02:00:00+00:00,AWS-BHO-102,16.3,962.6,79.0,False,,low,1.2,NORMAL,18.7,955.6,74.0,HEALTHY,replay,2.1,0.0
2025-02-10T03:00:00+00:00,AWS-BHO-102,16.4,962.4,78.0,False,,low,1.7,NORMAL,18.3,955.4,77.0,HEALTHY,replay,2.9,0.0
2025-02-10T04:00:00+00:00,AWS-BHO-102,16.0,962.3,79.0,False,,low,1.7,NORMAL,17.7,955.0,79.0,HEALTHY,replay,2.8,0.0
2025-02-10T05:00:00+00:00,AWS-BHO-102,15.7,962.6,80.0,False,,low,1.3,NORMAL,16.9,955.4,80.0,HEALTHY,replay,2.1,0.0
2025-02-10T06:00:00+00:00,AWS-BHO-102,15.2,963.8,83.0,False,,low,1.3,NORMAL,16.0,956.5,83.0,HEALTHY,replay,2.1,0.0
2025-02-10T07:00:00+00:00,AWS-BHO-102,15.3,964.6,85.0,False,,low,1.1,NORMAL,16.6,957.4,83.0,HEALTHY,replay,1.8,0.0
2025-02-10T08:00:00+00:00,AWS-BHO-102,18.5,966.1,73.0,False,,low,6.4,NORMAL,19.7,958.9,74.0,HEALTHY,replay,10.7,0.0
2025-02-10T09:00:00+00:00,AWS-BHO-102,22.4,967.5,62.0,False,,low,13.0,NORMAL,23.5,960.4,59.0,HEALTHY,replay,21.7,0.0
2025-02-10T10:00:00+00:00,AWS-BHO-102,25.9,968.3,54.0,False,,low,14.3,NORMAL,26.6,961.2,43.0,HEALTHY,replay,23.8,0.0
2025-02-10T11:00:00+00:00,AWS-BHO-102,28.1,967.8,46.0,False,,low,4.5,NORMAL,28.3,960.7,39.0,HEALTHY,replay,7.6,0.0
2025-02-10T12:00:00+00:00,AWS-BHO-102,29.1,966.9,43.0,False,,low,1.2,NORMAL,29.4,959.8,37.0,HEALTHY,replay,2.1,0.0
2025-02-10T13:00:00+00:00,AWS-BHO-102,30.1,965.7,37.0,False,,low,2.6,NORMAL,30.4,958.6,31.0,HEALTHY,replay,4.3,0.0
2025-02-10T14:00:00+00:00,AWS-BHO-102,30.4,964.6,30.0,False,,low,4.1,NORMAL,30.5,957.6,29.0,HEALTHY,replay,6.8,0.0
2025-02-10T15:00:00+00:00,AWS-BHO-102,30.6,964.1,28.0,False,,low,0.8,NORMAL,30.4,957.0,28.0,HEALTHY,replay,1.3,0.0
2025-02-10T16:00:00+00:00,AWS-BHO-102,30.0,963.9,28.0,False,,low,0.6,NORMAL,30.2,956.9,25.0,HEALTHY,replay,1.0,0.0
2025-02-10T17:00:00+00:00,AWS-BHO-102,27.2,963.7,40.0,False,,low,1.1,NORMAL,27.5,956.9,33.0,HEALTHY,replay,1.9,0.0
2025-02-10T18:00:00+00:00,AWS-BHO-102,23.7,963.7,43.0,False,,low,1.4,NORMAL,24.5,957.1,32.0,HEALTHY,replay,2.3,0.0
2025-02-10T19:00:00+00:00,AWS-BHO-102,22.6,964.3,39.0,False,,low,1.4,NORMAL,23.8,957.6,29.0,HEALTHY,replay,2.3,0.0
2025-02-10T20:00:00+00:00,AWS-BHO-102,21.1,965.0,36.0,False,,low,1.7,NORMAL,22.9,958.4,29.0,HEALTHY,replay,2.8,0.0
2025-02-10T21:00:00+00:00,AWS-BHO-102,19.2,965.0,41.0,False,,low,1.1,NORMAL,21.2,958.5,33.0,HEALTHY,replay,1.8,0.0
2025-02-10T22:00:00+00:00,AWS-BHO-102,18.1,965.2,46.0,False,,low,1.4,NORMAL,19.5,958.7,39.0,HEALTHY,replay,2.3,0.0
2025-02-10T23:00:00+00:00,AWS-BHO-102,17.7,965.3,49.0,False,,low,0.8,NORMAL,18.3,958.4,44.0,HEALTHY,replay,1.3,0.0
2025-02-11T00:00:00+00:00,AWS-BHO-102,17.3,965.0,53.0,False,,low,0.7,NORMAL,17.9,957.7,47.0,HEALTHY,replay,1.1,0.0
2025-02-11T01:00:00+00:00,AWS-BHO-102,16.2,964.4,55.0,False,,low,0.3,NORMAL,16.9,956.9,49.0,HEALTHY,replay,0.6,0.0
2025-02-11T02:00:00+00:00,AWS-BHO-102,15.6,963.7,57.0,False,,low,0.5,NORMAL,15.6,961.6,52.0,HEALTHY,replay,0.8,0.0
2025-02-11T03:00:00+00:00,AWS-BHO-102,15.4,963.2,57.0,False,,low,0.7,NORMAL,16.0,955.0,54.0,HEALTHY,replay,1.2,0.0
2025-02-11T04:00:00+00:00,AWS-BHO-102,14.5,962.9,62.0,False,,low,0.4,NORMAL,15.6,961.1,55.0,HEALTHY,replay,0.7,0.0
2025-02-11T05:00:00+00:00,AWS-BHO-102,13.6,963.0,66.0,False,,low,0.3,NORMAL,15.2,961.2,58.0,HEALTHY,replay,0.5,0.0
2025-02-11T06:00:00+00:00,AWS-BHO-102,13.2,963.8,72.0,False,,low,0.6,NORMAL,14.4,962.0,65.0,HEALTHY,replay,1.0,0.0
2025-02-11T07:00:00+00:00,AWS-BHO-102,13.4,964.3,76.0,False,,low,0.6,NORMAL,15.0,957.2,66.0,HEALTHY,replay,1.0,0.0
2025-02-11T08:00:00+00:00,AWS-BHO-102,16.1,965.6,66.0,False,,low,1.0,NORMAL,18.0,958.4,60.0,HEALTHY,replay,1.6,0.0
2025-02-11T09:00:00+00:00,AWS-BHO-102,20.3,966.8,55.0,False,,low,7.5,NORMAL,22.2,959.8,47.0,HEALTHY,replay,12.5,0.0
2025-02-11T10:00:00+00:00,AWS-BHO-102,24.1,967.6,47.0,False,,low,15.6,NORMAL,25.5,960.6,38.0,HEALTHY,replay,26.1,0.0
2025-02-11T11:00:00+00:00,AWS-BHO-102,27.0,967.3,38.0,False,,low,13.2,NORMAL,27.7,960.3,30.0,HEALTHY,replay,22.0,0.0
2025-02-11T12:00:00+00:00,AWS-BHO-102,28.6,966.7,30.0,False,,low,11.0,NORMAL,29.0,959.5,25.0,HEALTHY,replay,18.3,0.0
2025-02-11T13:00:00+00:00,AWS-BHO-102,29.3,965.7,26.0,False,,low,6.1,NORMAL,29.7,958.5,22.0,HEALTHY,replay,10.2,0.0
2025-02-11T14:00:00+00:00,AWS-BHO-102,29.4,964.8,28.0,False,,low,1.2,NORMAL,30.0,957.6,21.0,HEALTHY,replay,2.1,0.0
2025-02-11T15:00:00+00:00,AWS-BHO-102,29.6,963.9,27.0,False,,low,0.9,NORMAL,29.7,956.9,22.0,HEALTHY,replay,1.5,0.0
2025-02-11T16:00:00+00:00,AWS-BHO-102,29.7,963.6,24.0,False,,low,1.4,NORMAL,29.1,956.7,23.0,HEALTHY,replay,2.3,0.0
2025-02-11T17:00:00+00:00,AWS-BHO-102,28.1,963.3,40.0,False,,low,2.0,NORMAL,26.7,956.6,33.0,HEALTHY,replay,3.4,0.0
2025-02-11T18:00:00+00:00,AWS-BHO-102,24.9,963.2,39.0,False,,low,1.2,NORMAL,23.8,956.5,33.0,HEALTHY,replay,2.0,0.0
2025-02-11T19:00:00+00:00,AWS-BHO-102,22.6,963.9,48.0,False,,low,0.9,NORMAL,22.5,956.9,37.0,HEALTHY,replay,1.6,0.0
2025-02-11T20:00:00+00:00,AWS-BHO-102,20.9,964.3,54.0,False,,low,0.6,NORMAL,20.3,957.5,44.0,HEALTHY,replay,1.0,0.0
2025-02-11T21:00:00+00:00,AWS-BHO-102,18.7,964.5,58.0,False,,low,0.8,NORMAL,20.0,957.9,49.0,HEALTHY,replay,1.4,0.0
2025-02-11T22:00:00+00:00,AWS-BHO-102,17.9,964.6,53.0,False,,low,0.6,NORMAL,18.8,958.1,53.0,HEALTHY,replay,1.0,0.0
2025-02-11T23:00:00+00:00,AWS-BHO-102,17.7,964.3,52.0,False,,low,0.2,NORMAL,18.6,957.5,50.0,HEALTHY,replay,0.3,0.0
2025-02-12T00:00:00+00:00,AWS-BHO-102,16.1,963.7,58.0,False,,low,0.2,NORMAL,18.3,957.0,46.0,HEALTHY,replay,0.4,0.0
2025-02-12T01:00:00+00:00,AWS-BHO-102,15.8,963.3,58.0,False,,low,0.1,NORMAL,17.6,956.7,42.0,HEALTHY,replay,0.2,0.0
2025-02-12T02:00:00+00:00,AWS-BHO-102,15.8,963.0,55.0,False,,low,0.1,NORMAL,17.0,956.3,42.0,HEALTHY,replay,0.2,0.0
2025-02-12T03:00:00+00:00,AWS-BHO-102,15.5,962.7,53.0,False,,low,0.2,NORMAL,16.5,955.9,43.0,HEALTHY,replay,0.3,0.0
2025-02-12T04:00:00+00:00,AWS-BHO-102,15.3,963.2,51.0,False,,low,0.2,NORMAL,15.9,956.2,46.0,HEALTHY,replay,0.3,0.0
2025-02-12T05:00:00+00:00,AWS-BHO-102,15.1,963.5,52.0,False,,low,0.3,NORMAL,15.5,956.5,51.0,HEALTHY,replay,0.4,0.0
2025-02-12T06:00:00+00:00,AWS-BHO-102,14.5,964.6,61.0,False,,low,0.6,NORMAL,14.8,957.5,61.0,HEALTHY,replay,1.0,0.0
2025-02-12T07:00:00+00:00,AWS-BHO-102,14.6,965.3,65.0,False,,low,0.6,NORMAL,14.8,958.2,65.0,HEALTHY,replay,1.0,0.0
2025-02-12T08:00:00+00:00,AWS-BHO-102,17.2,966.6,61.0,False,,low,1.1,NORMAL,17.3,959.2,59.0,HEALTHY,replay,1.8,0.0
2025-02-12T09:00:00+00:00,AWS-BHO-102,20.2,968.0,53.0,False,,low,4.1,NORMAL,20.5,960.7,51.0,HEALTHY,replay,6.8,0.0
2025-02-12T10:00:00+00:00,AWS-BHO-102,23.1,968.5,48.0,False,,low,5.3,NORMAL,23.3,961.2,44.0,HEALTHY,replay,8.9,0.0
2025-02-12T11:00:00+00:00,AWS-BHO-102,25.3,968.0,45.0,False,,low,1.4,NORMAL,25.5,960.9,38.0,HEALTHY,replay,2.4,0.0
2025-02-12T12:00:00+00:00,AWS-BHO-102,26.6,967.2,42.0,False,,low,0.6,NORMAL,27.1,960.1,33.0,HEALTHY,replay,1.0,0.0
2025-02-12T13:00:00+00:00,AWS-BHO-102,27.5,966.3,39.0,False,,low,0.6,NORMAL,28.0,959.2,30.0,HEALTHY,replay,1.0,0.0
2025-02-12T14:00:00+00:00,AWS-BHO-102,28.0,965.3,37.0,False,,low,0.7,NORMAL,28.5,958.1,28.0,HEALTHY,replay,1.2,0.0
2025-02-12T15:00:00+00:00,AWS-BHO-102,28.2,964.9,34.0,False,,low,0.7,NORMAL,28.6,957.7,25.0,HEALTHY,replay,1.1,0.0
2025-02-12T16:00:00+00:00,AWS-BHO-102,28.0,964.8,29.0,False,,low,1.4,NORMAL,28.1,957.7,25.0,HEALTHY,replay,2.4,0.0
2025-02-12T17:00:00+00:00,AWS-BHO-102,25.6,964.7,39.0,False,,low,0.8,NORMAL,25.8,957.8,38.0,HEALTHY,replay,1.3,0.0
2025-02-12T18:00:00+00:00,AWS-BHO-102,23.1,964.7,45.0,False,,low,0.7,NORMAL,23.4,957.9,40.0,HEALTHY,replay,1.2,0.0
2025-02-12T19:00:00+00:00,AWS-BHO-102,22.1,965.4,37.0,False,,low,3.2,NORMAL,22.0,958.4,35.0,HEALTHY,replay,5.4,0.0
2025-02-12T20:00:00+00:00,AWS-BHO-102,21.1,966.1,34.0,False,,low,0.8,NORMAL,20.7,959.2,38.0,HEALTHY,replay,1.4,0.0
2025-02-12T21:00:00+00:00,AWS-BHO-102,20.0,966.6,36.0,False,,low,0.5,NORMAL,19.8,959.6,38.0,HEALTHY,replay,0.8,0.0
2025-02-12T22:00:00+00:00,AWS-BHO-102,18.7,967.0,40.0,False,,low,0.5,NORMAL,18.9,960.0,41.0,HEALTHY,replay,0.8,0.0
2025-02-12T23:00:00+00:00,AWS-BHO-102,17.4,966.5,45.0,False,,low,0.3,NORMAL,18.1,959.5,42.0,HEALTHY,replay,0.6,0.0
2025-02-13T00:00:00+00:00,AWS-BHO-102,16.0,966.0,51.0,False,,low,0.4,NORMAL,17.1,959.0,45.0,HEALTHY,replay,0.6,0.0
2025-02-13T01:00:00+00:00,AWS-BHO-102,14.9,965.9,55.0,False,,low,0.3,NORMAL,16.5,958.7,47.0,HEALTHY,replay,0.5,0.0
2025-02-13T02:00:00+00:00,AWS-BHO-102,14.0,965.3,58.0,False,,low,0.3,NORMAL,15.9,958.1,49.0,HEALTHY,replay,0.4,0.0
2025-02-13T03:00:00+00:00,AWS-BHO-102,13.9,964.9,57.0,False,,low,0.3,NORMAL,15.5,957.8,49.0,HEALTHY,replay,0.4,0.0
2025-02-13T04:00:00+00:00,AWS-BHO-102,12.8,964.7,60.0,False,,low,0.2,NORMAL,14.8,957.6,50.0,HEALTHY,replay,0.3,0.0
2025-02-13T05:00:00+00:00,AWS-BHO-102,11.9,965.0,64.0,False,,low,0.5,NORMAL,13.9,957.8,51.0,HEALTHY,replay,0.8,0.0
2025-02-13T06:00:00+00:00,AWS-BHO-102,11.1,965.9,74.0,False,,low,2.1,NORMAL,12.6,958.6,61.0,HEALTHY,replay,3.5,0.0
2025-02-13T07:00:00+00:00,AWS-BHO-102,11.8,966.6,75.0,False,,low,1.0,NORMAL,13.3,959.3,59.0,HEALTHY,replay,1.6,0.0
2025-02-13T08:00:00+00:00,AWS-BHO-102,14.6,968.0,62.0,False,,low,2.5,NORMAL,16.8,960.6,50.0,HEALTHY,replay,4.2,0.0
2025-02-13T09:00:00+00:00,AWS-BHO-102,18.4,969.4,50.0,False,,low,18.1,NORMAL,20.4,962.1,41.0,HEALTHY,replay,30.1,0.0
2025-02-13T10:00:00+00:00,AWS-BHO-102,21.5,970.0,40.0,False,,low,18.6,NORMAL,23.4,962.7,30.0,HEALTHY,replay,31.1,0.0
2025-02-13T11:00:00+00:00,AWS-BHO-102,23.4,969.6,33.0,False,,low,8.8,NORMAL,24.6,962.3,26.0,HEALTHY,replay,14.7,0.0
2025-02-13T12:00:00+00:00,AWS-BHO-102,24.4,968.6,30.0,False,,low,3.8,NORMAL,25.5,961.4,25.0,HEALTHY,replay,6.3,0.0
2025-02-13T13:00:00+00:00,AWS-BHO-102,25.1,967.5,31.0,False,,low,3.1,NORMAL,26.0,960.2,25.0,HEALTHY,replay,5.1,0.0
2025-02-13T14:00:00+00:00,AWS-BHO-102,25.5,966.4,31.0,False,,low,1.9,NORMAL,26.4,959.2,25.0,HEALTHY,replay,3.2,0.0
2025-02-13T15:00:00+00:00,AWS-BHO-102,25.5,965.6,31.0,False,,low,1.9,NORMAL,26.5,958.3,25.0,HEALTHY,replay,3.2,0.0
2025-02-13T16:00:00+00:00,AWS-BHO-102,25.3,965.3,31.0,False,,low,1.4,NORMAL,26.1,958.0,25.0,HEALTHY,replay,2.4,0.0
2025-02-13T17:00:00+00:00,AWS-BHO-102,23.7,965.0,50.0,False,,low,5.2,NORMAL,24.1,958.0,39.0,HEALTHY,replay,8.7,0.0
2025-02-13T18:00:00+00:00,AWS-BHO-102,21.5,965.4,46.0,False,,low,1.6,NORMAL,21.3,958.4,41.0,HEALTHY,replay,2.7,0.0
2025-02-13T19:00:00+00:00,AWS-BHO-102,19.6,965.9,46.0,False,,low,0.4,NORMAL,19.7,958.9,43.0,HEALTHY,replay,0.7,0.0
2025-02-13T20:00:00+00:00,AWS-BHO-102,18.7,966.5,42.0,False,,low,0.5,NORMAL,18.7,959.6,46.0,HEALTHY,replay,0.8,0.0
2025-02-13T21:00:00+00:00,AWS-BHO-102,17.7,966.6,44.0,False,,low,0.2,NORMAL,17.5,959.6,47.0,HEALTHY,replay,0.3,0.0
2025-02-13T22:00:00+00:00,AWS-BHO-102,16.8,966.7,46.0,False,,low,0.3,NORMAL,16.9,959.63,52.0,HEALTHY,replay,0.4,0.0
2025-02-13T23:00:00+00:00,AWS-BHO-102,15.8,966.5,48.0,False,,low,0.2,NORMAL,16.0,959.56,54.0,HEALTHY,replay,0.3,0.0
2025-02-14T00:00:00+00:00,AWS-BHO-102,14.6,965.8,53.0,False,,low,0.1,NORMAL,15.3,958.39,57.0,HEALTHY,replay,0.2,0.0
2025-02-14T01:00:00+00:00,AWS-BHO-102,14.1,965.2,56.0,False,,low,0.1,NORMAL,14.5,958.3,58.0,HEALTHY,replay,0.2,0.0
2025-02-14T02:00:00+00:00,AWS-BHO-102,13.5,964.7,58.0,False,,low,0.1,NORMAL,14.2,957.5,59.0,HEALTHY,replay,0.2,0.0
2025-02-14T03:00:00+00:00,AWS-BHO-102,13.0,964.1,62.0,False,,low,0.2,NORMAL,14.0,956.9,58.0,HEALTHY,replay,0.3,0.0
2025-02-14T04:00:00+00:00,AWS-BHO-102,12.4,963.8,62.0,False,,low,0.1,NORMAL,13.8,956.7,58.0,HEALTHY,replay,0.2,0.0
2025-02-14T05:00:00+00:00,AWS-BHO-102,11.7,964.0,64.0,False,,low,0.2,NORMAL,13.5,956.8,58.0,HEALTHY,replay,0.3,0.0
2025-02-14T06:00:00+00:00,AWS-BHO-102,10.6,965.2,75.0,False,,low,0.6,NORMAL,12.4,958.0,66.0,HEALTHY,replay,1.0,0.0
2025-02-14T07:00:00+00:00,AWS-BHO-102,11.2,966.0,74.0,False,,low,0.7,NORMAL,13.0,958.8,67.0,HEALTHY,replay,1.1,0.0
2025-02-14T08:00:00+00:00,AWS-BHO-102,14.7,967.2,65.0,False,,low,2.1,NORMAL,16.9,959.9,57.0,HEALTHY,replay,3.5,0.0
2025-02-14T09:00:00+00:00,AWS-BHO-102,18.9,968.4,51.0,False,,low,9.2,NORMAL,21.1,961.2,42.0,HEALTHY,replay,15.3,0.0
2025-02-14T10:00:00+00:00,AWS-BHO-102,22.3,968.9,40.0,False,,low,13.0,NORMAL,24.2,961.6,29.0,HEALTHY,replay,21.6,0.0
2025-02-14T11:00:00+00:00,AWS-BHO-102,24.7,968.4,31.0,False,,low,9.6,NORMAL,26.0,961.3,23.0,HEALTHY,replay,16.0,0.0
2025-02-14T12:00:00+00:00,AWS-BHO-102,26.2,967.2,26.0,False,,low,5.6,NORMAL,27.0,960.1,22.0,HEALTHY,replay,9.4,0.0
2025-02-14T13:00:00+00:00,AWS-BHO-102,26.9,966.1,27.0,False,,low,2.5,NORMAL,27.8,958.9,22.0,HEALTHY,replay,4.2,0.0
2025-02-14T14:00:00+00:00,AWS-BHO-102,27.5,965.1,26.0,False,,low,1.7,NORMAL,28.4,957.9,21.0,HEALTHY,replay,2.8,0.0
2025-02-14T15:00:00+00:00,AWS-BHO-102,27.8,964.5,23.0,False,,low,1.3,NORMAL,28.4,957.2,22.0,HEALTHY,replay,2.1,0.0
2025-02-14T16:00:00+00:00,AWS-BHO-102,27.4,964.2,25.0,False,,low,1.2,NORMAL,27.7,957.0,24.0,HEALTHY,replay,2.0,0.0
2025-02-14T17:00:00+00:00,AWS-BHO-102,25.6,963.8,48.0,False,multivariate_inconsistency,low,28.3,NORMAL,25.6,956.9,45.0,HEALTHY,replay,17.2,45.0
2025-02-14T18:00:00+00:00,AWS-BHO-102,23.0,963.6,41.0,False,,low,3.7,NORMAL,23.4,956.8,37.0,HEALTHY,replay,6.2,0.0
2025-02-14T19:00:00+00:00,AWS-BHO-102,22.1,964.2,46.0,False,,low,0.9,NORMAL,21.7,957.6,40.0,HEALTHY,replay,1.5,0.0
2025-02-14T20:00:00+00:00,AWS-BHO-102,19.6,964.6,48.0,False,,low,0.3,NORMAL,20.1,958.0,45.0,HEALTHY,replay,0.5,0.0
2025-02-14T21:00:00+00:00,AWS-BHO-102,17.8,964.6,55.0,False,,low,0.7,NORMAL,19.0,957.9,48.0,HEALTHY,replay,1.2,0.0
2025-02-14T22:00:00+00:00,AWS-BHO-102,16.7,964.8,61.0,False,,low,1.2,NORMAL,18.8,958.2,47.0,HEALTHY,replay,2.1,0.0
2025-02-14T23:00:00+00:00,AWS-BHO-102,16.3,964.4,63.0,False,,low,0.4,NORMAL,18.4,957.6,48.0,HEALTHY,replay,0.7,0.0
2025-02-15T00:00:00+00:00,AWS-BHO-102,16.3,963.6,62.0,False,,low,0.5,NORMAL,18.5,957.0,46.0,HEALTHY,replay,0.8,0.0
2025-02-15T01:00:00+00:00,AWS-BHO-102,16.3,963.0,62.0,False,,low,0.3,NORMAL,18.2,956.3,45.0,HEALTHY,replay,0.6,0.0
2025-02-15T02:00:00+00:00,AWS-BHO-102,16.0,962.3,62.0,False,,low,1.1,NORMAL,17.6,955.5,47.0,HEALTHY,replay,1.9,0.0
2025-02-15T03:00:00+00:00,AWS-BHO-102,15.4,961.9,62.0,False,,low,1.3,NORMAL,17.0,955.0,51.0,HEALTHY,replay,2.2,0.0
2025-02-15T04:00:00+00:00,AWS-BHO-102,15.2,961.6,61.0,False,,low,2.4,NORMAL,16.4,954.8,54.0,HEALTHY,replay,4.0,0.0
2025-02-15T05:00:00+00:00,AWS-BHO-102,15.1,961.6,60.0,False,,low,2.5,NORMAL,16.1,954.8,53.0,HEALTHY,replay,4.1,0.0
2025-02-15T06:00:00+00:00,AWS-BHO-102,14.4,963.1,66.0,False,,low,2.4,NORMAL,15.2,955.3,60.0,HEALTHY,replay,4.0,0.0
2025-02-15T07:00:00+00:00,AWS-BHO-102,15.3,964.1,63.0,False,,low,5.6,NORMAL,15.6,956.2,60.0,HEALTHY,replay,9.3,0.0
2025-02-15T08:00:00+00:00,AWS-BHO-102,18.1,965.2,58.0,False,,low,8.9,NORMAL,19.0,957.6,61.72,HEALTHY,replay,14.9,0.0
2025-02-15T09:00:00+00:00,AWS-BHO-102,21.6,966.2,50.0,False,,low,8.1,NORMAL,22.8,958.7,44.0,HEALTHY,replay,13.5,0.0
2025-02-15T10:00:00+00:00,AWS-BHO-102,24.9,966.1,42.0,False,,low,6.3,NORMAL,24.4,964.6,35.0,HEALTHY,replay,10.4,0.0
2025-02-15T11:00:00+00:00,AWS-BHO-102,27.1,965.7,37.0,False,,low,3.2,NORMAL,26.5,964.0,30.0,HEALTHY,replay,5.3,0.0
2025-02-15T12:00:00+00:00,AWS-BHO-102,28.9,965.0,31.0,False,,low,2.7,NORMAL,29.3,957.6,33.8,HEALTHY,replay,4.5,0.0
2025-02-15T13:00:00+00:00,AWS-BHO-102,29.9,964.0,26.0,False,,low,2.6,NORMAL,29.1,962.2,25.0,HEALTHY,replay,4.4,0.0
2025-02-15T14:00:00+00:00,AWS-BHO-102,30.5,962.9,23.0,False,,low,3.7,NORMAL,30.9,956.0,23.0,HEALTHY,replay,6.2,0.0
2025-02-15T15:00:00+00:00,AWS-BHO-102,30.3,962.1,23.0,False,,low,1.4,NORMAL,31.0,955.1,21.0,HEALTHY,replay,2.3,0.0
2025-02-15T16:00:00+00:00,AWS-BHO-102,29.8,961.8,25.0,False,,low,1.0,NORMAL,30.1,954.8,23.0,HEALTHY,replay,1.7,0.0
2025-02-15T17:00:00+00:00,AWS-BHO-102,28.2,961.5,43.0,False,,low,10.3,NORMAL,27.7,954.7,28.0,HEALTHY,replay,17.2,0.0
2025-02-15T18:00:00+00:00,AWS-BHO-102,24.3,961.0,40.0,False,,low,4.9,NORMAL,25.4,954.6,42.0,HEALTHY,replay,8.1,0.0
2025-02-15T19:00:00+00:00,AWS-BHO-102,22.9,961.9,50.0,False,,low,2.4,NORMAL,23.5,955.0,45.0,HEALTHY,replay,4.0,0.0
2025-02-15T20:00:00+00:00,AWS-BHO-102,21.9,962.4,51.0,False,,low,0.7,NORMAL,22.9,955.5,44.0,HEALTHY,replay,1.2,0.0
2025-02-15T21:00:00+00:00,AWS-BHO-102,20.9,962.8,55.0,False,,low,0.8,NORMAL,21.5,956.0,44.0,HEALTHY,replay,1.3,0.0
2025-02-15T22:00:00+00:00,AWS-BHO-102,21.1,962.9,48.0,False,,low,2.1,NORMAL,20.9,956.0,43.0,HEALTHY,replay,3.6,0.0
2025-02-15T23:00:00+00:00,AWS-BHO-102,20.3,962.5,47.0,False,,low,1.3,NORMAL,20.5,955.7,41.0,HEALTHY,replay,2.1,0.0
2025-02-16T00:00:00+00:00,AWS-BHO-102,19.4,962.0,48.0,False,,low,0.8,NORMAL,20.0,955.3,38.0,HEALTHY,replay,1.4,0.0
2025-02-16T01:00:00+00:00,AWS-BHO-102,18.7,961.3,49.0,False,,low,0.4,NORMAL,18.7,954.6,40.0,HEALTHY,replay,0.7,0.0
2025-02-16T02:00:00+00:00,AWS-BHO-102,18.0,961.0,50.0,False,,low,0.2,NORMAL,17.9,954.3,42.0,HEALTHY,replay,0.4,0.0
2025-02-16T03:00:00+00:00,AWS-BHO-102,17.0,960.8,52.0,False,,low,0.3,NORMAL,17.5,954.1,44.0,HEALTHY,replay,0.5,0.0
2025-02-16T04:00:00+00:00,AWS-BHO-102,16.4,961.1,54.0,False,,low,0.2,NORMAL,17.4,954.2,47.0,HEALTHY,replay,0.3,0.0
2025-02-16T05:00:00+00:00,AWS-BHO-102,15.8,961.3,58.0,False,,low,0.2,NORMAL,17.3,954.6,51.0,HEALTHY,replay,0.3,0.0
2025-02-16T06:00:00+00:00,AWS-BHO-102,15.1,962.8,66.0,False,,low,0.4,NORMAL,16.6,956.0,59.0,HEALTHY,replay,0.7,0.0
2025-02-16T07:00:00+00:00,AWS-BHO-102,16.0,963.5,65.0,False,,low,0.5,NORMAL,16.9,956.5,62.0,HEALTHY,replay,0.8,0.0
2025-02-16T08:00:00+00:00,AWS-BHO-102,19.0,964.8,60.0,False,,low,1.9,NORMAL,19.7,957.7,59.0,HEALTHY,replay,3.2,0.0
2025-02-16T09:00:00+00:00,AWS-BHO-102,21.8,965.8,54.0,False,,low,1.8,NORMAL,22.8,958.6,51.0,HEALTHY,replay,2.9,0.0
2025-02-16T10:00:00+00:00,AWS-BHO-102,24.3,966.1,49.0,False,,low,1.5,NORMAL,25.5,959.0,43.0,HEALTHY,replay,2.5,0.0
2025-02-16T11:00:00+00:00,AWS-BHO-102,26.4,965.6,44.0,False,,low,0.7,NORMAL,27.5,958.5,36.0,HEALTHY,replay,1.2,0.0
2025-02-16T12:00:00+00:00,AWS-BHO-102,28.0,964.8,39.0,False,,low,0.5,NORMAL,28.8,957.8,31.0,HEALTHY,replay,0.9,0.0
2025-02-16T13:00:00+00:00,AWS-BHO-102,29.0,963.7,35.0,False,,low,0.5,NORMAL,29.5,956.7,29.0,HEALTHY,replay,0.8,0.0
2025-02-16T14:00:00+00:00,AWS-BHO-102,29.6,963.0,32.0,False,,low,0.5,NORMAL,30.1,955.9,27.0,HEALTHY,replay,0.9,0.0
2025-02-16T15:00:00+00:00,AWS-BHO-102,30.0,962.6,26.0,False,,low,0.7,NORMAL,30.2,955.5,27.0,HEALTHY,replay,1.2,0.0
2025-02-16T16:00:00+00:00,AWS-BHO-102,29.3,962.5,27.0,False,,low,0.6,NORMAL,29.7,955.5,29.0,HEALTHY,replay,0.9,0.0
2025-02-16T17:00:00+00:00,AWS-BHO-102,27.2,962.4,35.0,False,,low,0.8,NORMAL,27.6,955.6,46.0,HEALTHY,replay,1.3,0.0
2025-02-16T18:00:00+00:00,AWS-BHO-102,24.6,962.3,42.0,False,,low,0.6,NORMAL,25.5,955.7,41.0,HEALTHY,replay,1.0,0.0
2025-02-16T19:00:00+00:00,AWS-BHO-102,23.4,963.0,49.0,False,,low,0.7,NORMAL,24.1,956.4,43.0,HEALTHY,replay,1.1,0.0
2025-02-16T20:00:00+00:00,AWS-BHO-102,21.6,963.8,53.0,False,,low,0.4,NORMAL,22.9,957.2,47.0,HEALTHY,replay,0.7,0.0
2025-02-16T21:00:00+00:00,AWS-BHO-102,20.3,964.2,56.0,False,,low,0.3,NORMAL,21.9,957.5,49.0,HEALTHY,replay,0.5,0.0
2025-02-16T22:00:00+00:00,AWS-BHO-102,19.6,964.0,62.0,False,,low,0.5,NORMAL,21.6,957.2,53.0,HEALTHY,replay,0.8,0.0
2025-02-16T23:00:00+00:00,AWS-BHO-102,18.8,963.9,69.0,False,,low,1.4,NORMAL,20.9,957.0,54.0,HEALTHY,replay,2.3,0.0
2025-02-17T00:00:00+00:00,AWS-BHO-102,18.5,963.5,71.0,False,,low,0.4,NORMAL,20.2,956.5,57.0,HEALTHY,replay,0.7,0.0
2025-02-17T01:00:00+00:00,AWS-BHO-102,18.3,963.3,72.0,False,,low,0.3,NORMAL,19.5,956.1,58.0,HEALTHY,replay,0.4,0.0
2025-02-17T02:00:00+00:00,AWS-BHO-102,17.6,963.1,76.0,False,,low,0.3,NORMAL,19.2,955.9,51.0,HEALTHY,replay,0.4,0.0
2025-02-17T03:00:00+00:00,AWS-BHO-102,16.5,963.0,80.0,False,,low,0.3,NORMAL,19.3,955.6,50.0,HEALTHY,replay,0.5,0.0
2025-02-17T04:00:00+00:00,AWS-BHO-102,16.0,962.9,81.0,False,,low,0.2,NORMAL,18.9,955.5,50.0,HEALTHY,replay,0.4,0.0
2025-02-17T05:00:00+00:00,AWS-BHO-102,15.5,963.0,81.0,False,,low,0.5,NORMAL,18.1,955.4,54.0,HEALTHY,replay,0.9,0.0
2025-02-17T06:00:00+00:00,AWS-BHO-102,15.3,964.0,88.0,False,,low,0.5,NORMAL,16.6,957.1,65.0,HEALTHY,replay,0.8,0.0
2025-02-17T07:00:00+00:00,AWS-BHO-102,15.9,965.0,87.0,False,,low,0.6,NORMAL,17.2,957.8,69.0,HEALTHY,replay,1.1,0.0
2025-02-17T08:00:00+00:00,AWS-BHO-102,18.8,966.3,76.0,False,,low,3.4,NORMAL,20.1,959.0,58.0,HEALTHY,replay,5.7,0.0
2025-02-17T09:00:00+00:00,AWS-BHO-102,22.1,967.3,62.0,False,,low,6.3,NORMAL,23.0,960.0,51.0,HEALTHY,replay,10.4,0.0
2025-02-17T10:00:00+00:00,AWS-BHO-102,25.2,967.5,49.0,False,,low,7.1,NORMAL,25.8,960.3,45.0,HEALTHY,replay,11.9,0.0
2025-02-17T11:00:00+00:00,AWS-BHO-102,27.5,967.1,42.0,False,,low,4.1,NORMAL,27.8,960.0,38.0,HEALTHY,replay,6.8,0.0
2025-02-17T12:00:00+00:00,AWS-BHO-102,28.9,966.6,38.0,False,,low,1.7,NORMAL,29.1,959.4,33.0,HEALTHY,replay,2.8,0.0
2025-02-17T13:00:00+00:00,AWS-BHO-102,29.6,965.7,36.0,False,,low,1.4,NORMAL,29.8,958.6,30.0,HEALTHY,replay,2.3,0.0
2025-02-17T14:00:00+00:00,AWS-BHO-102,29.9,964.9,34.0,False,,low,0.8,NORMAL,30.1,957.6,30.0,HEALTHY,replay,1.4,0.0
2025-02-17T15:00:00+00:00,AWS-BHO-102,29.9,964.3,33.0,False,,low,0.4,NORMAL,30.3,957.0,29.0,HEALTHY,replay,0.7,0.0
2025-02-17T16:00:00+00:00,AWS-BHO-102,29.5,964.2,32.0,False,,low,0.5,NORMAL,30.3,956.7,29.0,HEALTHY,replay,0.9,0.0
2025-02-17T17:00:00+00:00,AWS-BHO-102,27.9,964.0,38.0,False,,low,0.3,NORMAL,29.1,957.0,40.0,HEALTHY,replay,0.5,0.0
2025-02-17T18:00:00+00:00,AWS-BHO-102,25.7,964.1,44.0,False,,low,0.3,NORMAL,25.5,957.4,43.0,HEALTHY,replay,0.4,0.0
2025-02-17T19:00:00+00:00,AWS-BHO-102,23.9,964.4,50.0,False,,low,0.2,NORMAL,24.4,957.7,47.0,HEALTHY,replay,0.4,0.0
2025-02-17T20:00:00+00:00,AWS-BHO-102,22.8,965.0,54.0,False,,low,0.2,NORMAL,22.6,958.3,47.0,HEALTHY,replay,0.3,0.0
2025-02-17T21:00:00+00:00,AWS-BHO-102,21.2,965.4,60.0,False,,low,0.2,NORMAL,22.2,958.4,51.0,HEALTHY,replay,0.3,0.0
2025-02-17T22:00:00+00:00,AWS-BHO-102,19.9,965.8,64.0,False,,low,0.1,NORMAL,21.3,958.6,55.0,HEALTHY,replay,0.2,0.0
2025-02-17T23:00:00+00:00,AWS-BHO-102,19.6,965.8,65.0,False,,low,0.1,NORMAL,20.6,958.4,58.0,HEALTHY,replay,0.1,0.0
2025-02-18T00:00:00+00:00,AWS-BHO-102,19.2,965.0,63.0,False,,low,0.1,NORMAL,19.3,957.6,64.0,HEALTHY,replay,0.2,0.0
2025-02-18T01:00:00+00:00,AWS-BHO-102,18.6,964.4,64.0,False,,low,0.1,NORMAL,19.7,957.1,62.0,HEALTHY,replay,0.2,0.0
2025-02-18T02:00:00+00:00,AWS-BHO-102,17.5,963.7,68.0,False,,low,0.1,NORMAL,18.4,956.3,65.0,HEALTHY,replay,0.2,0.0
2025-02-18T03:00:00+00:00,AWS-BHO-102,17.0,963.5,71.0,False,,low,0.1,NORMAL,18.2,956.0,69.0,HEALTHY,replay,0.1,0.0
2025-02-18T04:00:00+00:00,AWS-BHO-102,16.9,963.2,70.0,False,,low,0.1,NORMAL,17.2,955.8,70.0,HEALTHY,replay,0.1,0.0
2025-02-18T05:00:00+00:00,AWS-BHO-102,16.8,963.4,70.0,False,,low,0.1,NORMAL,16.9,956.1,70.0,HEALTHY,replay,0.2,0.0
2025-02-18T06:00:00+00:00,AWS-BHO-102,16.5,964.7,75.0,False,,low,0.2,NORMAL,16.6,957.4,73.0,HEALTHY,replay,0.3,0.0
2025-02-18T07:00:00+00:00,AWS-BHO-102,17.4,965.3,74.0,False,,low,0.2,NORMAL,17.4,958.0,71.0,HEALTHY,replay,0.4,0.0
2025-02-18T08:00:00+00:00,AWS-BHO-102,20.2,966.4,61.0,False,,low,1.1,NORMAL,20.5,958.8,64.0,HEALTHY,replay,1.8,0.0
2025-02-18T09:00:00+00:00,AWS-BHO-102,23.4,967.1,52.0,False,,low,1.6,NORMAL,23.5,959.7,51.0,HEALTHY,replay,2.7,0.0
2025-02-18T10:00:00+00:00,AWS-BHO-102,26.4,967.7,44.0,False,,low,3.3,NORMAL,26.5,960.4,41.0,HEALTHY,replay,5.5,0.0
2025-02-18T11:00:00+00:00,AWS-BHO-102,28.4,967.3,37.0,False,,low,1.2,NORMAL,28.4,960.1,35.0,HEALTHY,replay,2.1,0.0
2025-02-18T12:00:00+00:00,AWS-BHO-102,29.6,966.2,34.0,False,,low,0.8,NORMAL,29.7,959.2,33.0,HEALTHY,replay,1.3,0.0
2025-02-18T13:00:00+00:00,AWS-BHO-102,30.1,965.2,32.0,False,,low,0.6,NORMAL,30.4,958.1,31.0,HEALTHY,replay,1.1,0.0
2025-02-18T14:00:00+00:00,AWS-BHO-102,30.0,964.5,32.0,False,,low,0.4,NORMAL,30.7,957.2,29.0,HEALTHY,replay,0.6,0.0
2025-02-18T15:00:00+00:00,AWS-BHO-102,29.8,963.7,32.0,False,,low,0.6,NORMAL,30.4,956.4,29.0,HEALTHY,replay,0.9,0.0
2025-02-18T16:00:00+00:00,AWS-BHO-102,29.0,963.4,34.0,False,,low,0.5,NORMAL,29.8,956.1,30.0,HEALTHY,replay,0.8,0.0
2025-02-18T17:00:00+00:00,AWS-BHO-102,28.1,963.5,50.0,False,,low,2.3,NORMAL,28.0,956.2,46.0,HEALTHY,replay,3.8,0.0
2025-02-18T18:00:00+00:00,AWS-BHO-102,25.1,963.5,47.0,False,,low,1.0,NORMAL,25.4,956.3,43.0,HEALTHY,replay,1.7,0.0
2025-02-18T19:00:00+00:00,AWS-BHO-102,24.9,963.9,47.0,False,,low,0.1,NORMAL,25.5,957.0,41.0,HEALTHY,replay,0.2,0.0
2025-02-18T20:00:00+00:00,AWS-BHO-102,23.5,964.6,50.0,False,,low,0.2,NORMAL,23.7,957.4,46.0,HEALTHY,replay,0.3,0.0
2025-02-18T21:00:00+00:00,AWS-BHO-102,21.9,965.2,59.0,False,,low,0.2,NORMAL,21.7,957.0,49.0,HEALTHY,replay,0.3,0.0
2025-02-18T22:00:00+00:00,AWS-BHO-102,20.3,965.5,68.0,False,,low,0.6,NORMAL,22.4,958.1,53.0,HEALTHY,replay,0.9,0.0
2025-02-18T23:00:00+00:00,AWS-BHO-102,20.0,965.2,69.0,False,,low,0.1,NORMAL,21.0,957.5,56.0,HEALTHY,replay,0.2,0.0
2025-02-19T00:00:00+00:00,AWS-BHO-102,19.2,964.5,72.0,False,,low,0.1,NORMAL,20.4,957.1,61.0,HEALTHY,replay,0.2,0.0
2025-02-19T01:00:00+00:00,AWS-BHO-102,18.5,964.2,75.0,False,,low,0.1,NORMAL,20.0,956.7,66.0,HEALTHY,replay,0.2,0.0
2025-02-19T02:00:00+00:00,AWS-BHO-102,17.8,963.3,78.0,False,,low,0.1,NORMAL,19.2,955.8,71.0,HEALTHY,replay,0.2,0.0
2025-02-19T03:00:00+00:00,AWS-BHO-102,17.2,963.0,81.0,False,,low,0.1,NORMAL,18.6,955.5,72.0,HEALTHY,replay,0.2,0.0
2025-02-19T04:00:00+00:00,AWS-BHO-102,16.8,962.8,82.0,False,,low,0.1,NORMAL,18.2,955.3,75.0,HEALTHY,replay,0.2,0.0
2025-02-19T05:00:00+00:00,AWS-BHO-102,16.5,963.1,82.0,False,,low,0.2,NORMAL,17.6,955.5,77.0,HEALTHY,replay,0.3,0.0
2025-02-19T06:00:00+00:00,AWS-BHO-102,16.4,964.3,87.0,False,,low,0.3,NORMAL,17.1,956.6,83.0,HEALTHY,replay,0.4,0.0
2025-02-19T07:00:00+00:00,AWS-BHO-102,16.9,965.0,84.0,False,,low,0.3,NORMAL,17.4,957.4,81.0,HEALTHY,replay,0.4,0.0
2025-02-19T08:00:00+00:00,AWS-BHO-102,19.2,966.1,74.0,False,,low,0.7,NORMAL,19.5,958.4,72.0,HEALTHY,replay,1.1,0.0
2025-02-19T09:00:00+00:00,AWS-BHO-102,21.9,966.8,63.0,False,,low,1.4,NORMAL,22.4,959.4,60.0,HEALTHY,replay,2.3,0.0
2025-02-19T10:00:00+00:00,AWS-BHO-102,24.7,966.9,54.0,False,,low,3.2,NORMAL,24.9,959.6,50.0,HEALTHY,replay,5.3,0.0
2025-02-19T11:00:00+00:00,AWS-BHO-102,26.9,966.4,46.0,False,,low,2.1,NORMAL,27.0,959.1,42.0,HEALTHY,replay,3.5,0.0
2025-02-19T12:00:00+00:00,AWS-BHO-102,28.3,965.2,40.0,False,,low,2.1,NORMAL,28.4,957.5,38.0,HEALTHY,replay,3.5,0.0
2025-02-19T13:00:00+00:00,AWS-BHO-102,28.9,964.0,36.0,False,,low,3.6,NORMAL,28.8,956.2,35.0,HEALTHY,replay,6.0,0.0
2025-02-19T14:00:00+00:00,AWS-BHO-102,29.1,962.7,34.0,False,,low,5.6,NORMAL,28.9,955.0,33.0,HEALTHY,replay,9.4,0.0
2025-02-19T15:00:00+00:00,AWS-BHO-102,28.5,962.4,36.0,False,,low,0.8,NORMAL,29.0,955.1,33.0,HEALTHY,replay,1.3,0.0
2025-02-19T16:00:00+00:00,AWS-BHO-102,27.9,961.9,37.0,False,,low,0.9,NORMAL,28.7,954.7,32.0,HEALTHY,replay,1.4,0.0
2025-02-19T17:00:00+00:00,AWS-BHO-102,26.8,962.1,42.0,False,,low,0.3,NORMAL,27.9,954.7,34.0,HEALTHY,replay,0.6,0.0
2025-02-19T18:00:00+00:00,AWS-BHO-102,24.6,961.9,47.0,False,,low,0.2,NORMAL,25.5,954.8,43.0,HEALTHY,replay,0.4,0.0
2025-02-19T19:00:00+00:00,AWS-BHO-102,23.3,962.4,50.0,False,,low,0.2,NORMAL,24.2,955.3,43.0,HEALTHY,replay,0.4,0.0
2025-02-19T20:00:00+00:00,AWS-BHO-102,22.3,963.2,55.0,False,,low,0.2,NORMAL,24.0,956.2,47.0,HEALTHY,replay,0.3,0.0
2025-02-19T21:00:00+00:00,AWS-BHO-102,21.8,963.6,57.0,False,,low,0.1,NORMAL,22.9,956.7,53.0,HEALTHY,replay,0.1,0.0
2025-02-19T22:00:00+00:00,AWS-BHO-102,20.7,964.0,61.0,False,,low,0.1,NORMAL,22.0,956.7,55.0,HEALTHY,replay,0.2,0.0
2025-02-19T23:00:00+00:00,AWS-BHO-102,20.0,963.7,63.0,False,,low,0.1,NORMAL,20.8,956.3,57.0,HEALTHY,replay,0.1,0.0
2025-02-20T00:00:00+00:00,AWS-BHO-102,19.4,963.2,66.0,False,,low,0.1,NORMAL,19.7,955.9,63.0,HEALTHY,replay,0.2,0.0
2025-02-20T01:00:00+00:00,AWS-BHO-102,18.4,962.7,71.0,False,,low,0.1,NORMAL,18.7,955.5,68.0,HEALTHY,replay,0.1,0.0
2025-02-20T02:00:00+00:00,AWS-BHO-102,17.8,962.4,75.0,False,,low,0.1,NORMAL,18.0,955.1,71.0,HEALTHY,replay,0.1,0.0
2025-02-20T03:00:00+00:00,AWS-BHO-102,17.4,962.0,76.0,False,,low,0.1,NORMAL,17.3,954.7,73.0,HEALTHY,replay,0.1,0.0
2025-02-20T04:00:00+00:00,AWS-BHO-102,17.1,962.0,76.0,False,,low,0.1,NORMAL,16.8,954.8,74.0,HEALTHY,replay,0.1,0.0
2025-02-20T05:00:00+00:00,AWS-BHO-102,16.7,962.4,78.0,False,,low,0.1,NORMAL,16.3,955.2,78.0,HEALTHY,replay,0.1,0.0
2025-02-20T06:00:00+00:00,AWS-BHO-102,15.8,963.6,85.0,False,,low,0.3,NORMAL,16.2,956.4,81.0,HEALTHY,replay,0.5,0.0
2025-02-20T07:00:00+00:00,AWS-BHO-102,16.9,964.4,80.0,False,,low,0.3,NORMAL,17.5,957.2,78.0,HEALTHY,replay,0.5,0.0
2025-02-20T08:00:00+00:00,AWS-BHO-102,20.5,965.9,67.0,False,,low,1.9,NORMAL,20.5,958.6,68.0,HEALTHY,replay,3.2,0.0
2025-02-20T09:00:00+00:00,AWS-BHO-102,23.8,966.9,56.0,False,,low,5.7,NORMAL,23.9,959.8,53.0,HEALTHY,replay,9.6,0.0
2025-02-20T10:00:00+00:00,AWS-BHO-102,26.7,967.4,45.0,False,,low,12.2,NORMAL,26.6,960.3,41.0,HEALTHY,replay,20.3,0.0
2025-02-20T11:00:00+00:00,AWS-BHO-102,28.3,967.2,37.0,False,,low,3.2,NORMAL,28.4,960.1,33.0,HEALTHY,replay,5.4,0.0
2025-02-20T12:00:00+00:00,AWS-BHO-102,29.0,966.4,32.0,False,,low,2.4,NORMAL,29.6,959.2,26.0,HEALTHY,replay,4.0,0.0
2025-02-20T13:00:00+00:00,AWS-BHO-102,29.3,965.5,30.0,False,,low,1.5,NORMAL,30.3,958.2,24.0,HEALTHY,replay,2.5,0.0
2025-02-20T14:00:00+00:00,AWS-BHO-102,29.8,964.6,27.0,False,,low,0.7,NORMAL,30.6,957.4,23.0,HEALTHY,replay,1.2,0.0
2025-02-20T15:00:00+00:00,AWS-BHO-102,30.0,964.1,26.0,False,,low,0.6,NORMAL,30.4,956.8,22.0,HEALTHY,replay,1.0,0.0
2025-02-20T16:00:00+00:00,AWS-BHO-102,29.9,963.6,25.0,False,,low,0.6,NORMAL,29.8,956.4,22.0,HEALTHY,replay,1.0,0.0
2025-02-20T17:00:00+00:00,AWS-BHO-102,28.1,963.3,42.0,False,,low,2.7,NORMAL,28.4,956.4,22.0,HEALTHY,replay,4.5,0.0
2025-02-20T18:00:00+00:00,AWS-BHO-102,26.1,963.8,33.0,False,,low,3.8,NORMAL,25.7,957.1,20.0,HEALTHY,replay,6.4,0.0
2025-02-20T19:00:00+00:00,AWS-BHO-102,24.0,964.3,39.0,False,,low,0.5,NORMAL,23.4,957.6,22.0,HEALTHY,replay,0.8,0.0
2025-02-20T20:00:00+00:00,AWS-BHO-102,21.3,965.1,46.0,False,,low,1.2,NORMAL,22.4,958.3,28.0,HEALTHY,replay,2.0,0.0
2025-02-20T21:00:00+00:00,AWS-BHO-102,20.5,965.2,50.0,False,,low,0.4,NORMAL,21.3,958.6,33.0,HEALTHY,replay,0.6,0.0
2025-02-20T22:00:00+00:00,AWS-BHO-102,19.4,965.5,55.0,False,,low,0.5,NORMAL,20.6,958.7,42.0,HEALTHY,replay,0.8,0.0
2025-02-20T23:00:00+00:00,AWS-BHO-102,18.8,965.3,55.0,False,,low,0.2,NORMAL,19.7,958.3,46.0,HEALTHY,replay,0.3,0.0
2025-02-21T00:00:00+00:00,AWS-BHO-102,18.3,964.7,53.0,False,,low,0.2,NORMAL,18.6,958.0,50.0,HEALTHY,replay,0.4,0.0
2025-02-21T01:00:00+00:00,AWS-BHO-102,16.9,964.2,56.0,False,,low,0.2,NORMAL,18.2,957.5,44.0,HEALTHY,replay,0.3,0.0
2025-02-21T02:00:00+00:00,AWS-BHO-102,16.1,963.9,56.0,False,,low,0.2,NORMAL,17.9,957.0,39.0,HEALTHY,replay,0.4,0.0
2025-02-21T03:00:00+00:00,AWS-BHO-102,16.4,963.8,48.0,False,,low,0.6,NORMAL,17.2,956.9,43.0,HEALTHY,replay,1.0,0.0
2025-02-21T04:00:00+00:00,AWS-BHO-102,15.8,963.8,45.0,False,,low,0.6,NORMAL,16.8,957.1,45.0,HEALTHY,replay,1.0,0.0
2025-02-21T05:00:00+00:00,AWS-BHO-102,14.9,964.0,49.0,False,,low,0.5,NORMAL,16.4,957.5,48.0,HEALTHY,replay,0.9,0.0
2025-02-21T06:00:00+00:00,AWS-BHO-102,14.9,965.5,54.0,False,,low,0.9,NORMAL,15.3,958.6,56.0,HEALTHY,replay,1.5,0.0
2025-02-21T07:00:00+00:00,AWS-BHO-102,15.8,966.5,55.0,False,,low,2.2,NORMAL,16.3,959.5,57.0,HEALTHY,replay,3.6,0.0
2025-02-21T08:00:00+00:00,AWS-BHO-102,19.3,967.8,51.0,False,,low,4.4,NORMAL,19.8,960.7,51.0,HEALTHY,replay,7.4,0.0
2025-02-21T09:00:00+00:00,AWS-BHO-102,23.1,968.9,44.0,False,,low,10.3,NORMAL,23.0,961.7,44.0,HEALTHY,replay,17.2,0.0
2025-02-21T10:00:00+00:00,AWS-BHO-102,26.0,969.1,38.0,False,,low,7.3,NORMAL,25.5,962.0,38.0,HEALTHY,replay,12.1,0.0
2025-02-21T11:00:00+00:00,AWS-BHO-102,28.0,968.8,34.0,False,,low,3.1,NORMAL,27.5,961.7,33.0,HEALTHY,replay,5.2,0.0
2025-02-21T12:00:00+00:00,AWS-BHO-102,29.3,967.9,24.0,False,,low,5.9,NORMAL,28.9,960.8,26.0,HEALTHY,replay,9.8,0.0
2025-02-21T13:00:00+00:00,AWS-BHO-102,29.8,967.1,22.0,False,,low,0.9,NORMAL,29.4,959.9,25.0,HEALTHY,replay,1.5,0.0
2025-02-21T14:00:00+00:00,AWS-BHO-102,29.8,966.1,23.0,False,,low,1.1,NORMAL,29.6,958.6,28.0,HEALTHY,replay,1.8,0.0
2025-02-21T15:00:00+00:00,AWS-BHO-102,29.6,965.3,24.0,False,,low,0.7,NORMAL,29.6,958.0,30.0,HEALTHY,replay,1.2,0.0
2025-02-21T16:00:00+00:00,AWS-BHO-102,29.5,965.0,24.0,False,,low,0.9,NORMAL,29.2,957.93,35.0,HEALTHY,replay,1.4,0.0
2025-02-21T17:00:00+00:00,AWS-BHO-102,28.1,964.8,34.0,False,,low,0.7,NORMAL,27.6,957.67,38.73,HEALTHY,replay,1.2,0.0
2025-02-21T18:00:00+00:00,AWS-BHO-102,24.4,965.0,36.0,False,,low,2.2,NORMAL,25.2,957.87,39.0,HEALTHY,replay,3.7,0.0
2025-02-21T19:00:00+00:00,AWS-BHO-102,22.7,965.4,37.0,False,,low,0.7,NORMAL,24.4,958.7,33.0,HEALTHY,replay,1.2,0.0
2025-02-21T20:00:00+00:00,AWS-BHO-102,22.4,966.2,38.0,False,,low,0.4,NORMAL,23.7,959.4,37.0,HEALTHY,replay,0.6,0.0
2025-02-21T21:00:00+00:00,AWS-BHO-102,21.4,966.7,42.0,False,,low,0.2,NORMAL,22.6,960.1,40.0,HEALTHY,replay,0.3,0.0
2025-02-21T22:00:00+00:00,AWS-BHO-102,20.3,967.6,46.0,False,,low,0.3,NORMAL,21.6,960.6,39.0,HEALTHY,replay,0.5,0.0
2025-02-21T23:00:00+00:00,AWS-BHO-102,19.9,967.1,47.0,False,,low,0.1,NORMAL,20.6,960.0,42.0,HEALTHY,replay,0.2,0.0
2025-02-22T00:00:00+00:00,AWS-BHO-102,19.3,966.4,48.0,False,,low,0.1,NORMAL,19.4,959.3,46.0,HEALTHY,replay,0.2,0.0
2025-02-22T01:00:00+00:00,AWS-BHO-102,18.2,966.0,53.0,False,,low,0.1,NORMAL,18.7,958.9,48.0,HEALTHY,replay,0.2,0.0
2025-02-22T02:00:00+00:00,AWS-BHO-102,17.5,965.6,56.0,False,,low,0.1,NORMAL,17.5,958.4,53.0,HEALTHY,replay,0.1,0.0
2025-02-22T03:00:00+00:00,AWS-BHO-102,16.6,965.3,59.0,False,,low,0.1,NORMAL,17.0,958.3,54.0,HEALTHY,replay,0.1,0.0
2025-02-22T04:00:00+00:00,AWS-BHO-102,16.3,965.3,61.0,False,,low,0.1,NORMAL,16.5,958.2,56.0,HEALTHY,replay,0.2,0.0
2025-02-22T05:00:00+00:00,AWS-BHO-102,15.8,965.6,63.0,False,,low,0.1,NORMAL,15.9,958.5,58.0,HEALTHY,replay,0.2,0.0
2025-02-22T06:00:00+00:00,AWS-BHO-102,15.5,966.3,67.0,False,,low,0.2,NORMAL,15.2,959.0,67.0,HEALTHY,replay,0.3,0.0
2025-02-22T07:00:00+00:00,AWS-BHO-102,16.5,967.4,65.0,False,,low,0.2,NORMAL,16.4,960.0,63.0,HEALTHY,replay,0.4,0.0
2025-02-22T08:00:00+00:00,AWS-BHO-102,19.1,968.9,57.0,False,,low,2.9,NORMAL,19.4,961.4,55.0,HEALTHY,replay,4.9,0.0
2025-02-22T09:00:00+00:00,AWS-BHO-102,21.7,970.2,53.0,False,,low,5.7,NORMAL,22.6,962.8,44.0,HEALTHY,replay,9.5,0.0
2025-02-22T10:00:00+00:00,AWS-BHO-102,24.1,970.4,47.0,False,,low,2.9,NORMAL,24.9,963.1,35.0,HEALTHY,replay,4.8,0.0
2025-02-22T11:00:00+00:00,AWS-BHO-102,26.1,970.2,36.0,False,,low,5.5,NORMAL,26.5,962.9,29.0,HEALTHY,replay,9.2,0.0
2025-02-22T12:00:00+00:00,AWS-BHO-102,27.2,969.4,31.0,False,,low,2.0,NORMAL,27.7,962.2,26.0,HEALTHY,replay,3.3,0.0
2025-02-22T13:00:00+00:00,AWS-BHO-102,28.0,968.5,29.0,False,,low,1.4,NORMAL,28.5,961.4,25.0,HEALTHY,replay,2.4,0.0
2025-02-22T14:00:00+00:00,AWS-BHO-102,28.3,967.7,28.0,False,,low,0.9,NORMAL,29.0,960.5,24.0,HEALTHY,replay,1.5,0.0
2025-02-22T15:00:00+00:00,AWS-BHO-102,28.3,966.9,28.0,False,,low,1.1,NORMAL,29.0,959.6,24.0,HEALTHY,replay,1.8,0.0
2025-02-22T16:00:00+00:00,AWS-BHO-102,28.0,966.9,28.0,False,,low,1.2,NORMAL,28.8,959.5,25.0,HEALTHY,replay,1.9,0.0
2025-02-22T17:00:00+00:00,AWS-BHO-102,26.5,966.7,41.0,False,,low,3.1,NORMAL,26.9,959.5,34.0,HEALTHY,replay,5.2,0.0
2025-02-22T18:00:00+00:00,AWS-BHO-102,24.2,966.9,40.0,False,,low,0.8,NORMAL,23.8,959.9,39.0,HEALTHY,replay,1.4,0.0
2025-02-22T19:00:00+00:00,AWS-BHO-102,22.9,967.4,44.0,False,,low,0.3,NORMAL,22.0,960.3,41.0,HEALTHY,replay,0.5,0.0
2025-02-22T20:00:00+00:00,AWS-BHO-102,21.7,967.9,48.0,False,,low,0.2,NORMAL,20.9,960.6,46.0,HEALTHY,replay,0.4,0.0
2025-02-22T21:00:00+00:00,AWS-BHO-102,20.5,968.2,51.0,False,,low,0.2,NORMAL,20.2,960.8,50.0,HEALTHY,replay,0.3,0.0
2025-02-22T22:00:00+00:00,AWS-BHO-102,19.3,968.1,55.0,False,,low,0.3,NORMAL,18.9,960.9,51.0,HEALTHY,replay,0.4,0.0
2025-02-22T23:00:00+00:00,AWS-BHO-102,18.3,967.6,59.0,False,,low,0.3,NORMAL,18.1,960.6,53.0,HEALTHY,replay,0.4,0.0
2025-02-23T00:00:00+00:00,AWS-BHO-102,16.6,967.0,65.0,False,,low,0.5,NORMAL,18.5,959.9,58.0,HEALTHY,replay,0.8,0.0
2025-02-23T01:00:00+00:00,AWS-BHO-102,16.3,966.6,66.0,False,,low,0.2,NORMAL,17.4,959.3,60.0,HEALTHY,replay,0.4,0.0
2025-02-23T02:00:00+00:00,AWS-BHO-102,16.4,966.2,66.0,False,,low,0.2,NORMAL,16.7,958.7,61.0,HEALTHY,replay,0.3,0.0
2025-02-23T03:00:00+00:00,AWS-BHO-102,15.6,965.8,67.0,False,,low,0.2,NORMAL,16.5,958.6,63.0,HEALTHY,replay,0.3,0.0
2025-02-23T04:00:00+00:00,AWS-BHO-102,14.4,966.0,71.0,False,,low,0.1,NORMAL,16.1,958.5,67.0,HEALTHY,replay,0.2,0.0
2025-02-23T05:00:00+00:00,AWS-BHO-102,14.3,966.5,72.0,False,,low,0.2,NORMAL,15.1,958.8,67.0,HEALTHY,replay,0.3,0.0
2025-02-23T06:00:00+00:00,AWS-BHO-102,13.9,967.4,78.0,False,,low,0.4,NORMAL,14.8,959.7,71.0,HEALTHY,replay,0.7,0.0
2025-02-23T07:00:00+00:00,AWS-BHO-102,14.4,968.4,75.0,False,,low,0.3,NORMAL,15.8,960.8,68.0,HEALTHY,replay,0.6,0.0
2025-02-23T08:00:00+00:00,AWS-BHO-102,17.6,969.9,64.0,False,,low,3.0,NORMAL,19.5,962.28,61.0,HEALTHY,replay,5.0,0.0
2025-02-23T09:00:00+00:00,AWS-BHO-102,21.5,970.9,50.0,False,,low,13.0,NORMAL,23.1,963.73,50.0,HEALTHY,replay,21.7,0.0
2025-02-23T10:00:00+00:00,AWS-BHO-102,24.9,971.4,37.0,False,,low,26.4,NORMAL,26.0,963.92,40.0,HEALTHY,replay,43.9,0.0
2025-02-23T11:00:00+00:00,AWS-BHO-102,26.9,970.8,32.0,False,,low,5.4,NORMAL,27.6,963.59,36.0,HEALTHY,replay,9.0,0.0
2025-02-23T12:00:00+00:00,AWS-BHO-102,28.2,969.6,29.0,False,,low,2.6,NORMAL,28.6,961.7,34.0,HEALTHY,replay,4.4,0.0
2025-02-23T13:00:00+00:00,AWS-BHO-102,28.9,968.6,26.0,False,,low,1.9,NORMAL,29.1,961.4,25.0,HEALTHY,replay,3.2,0.0
2025-02-23T14:00:00+00:00,AWS-BHO-102,29.1,967.5,26.0,False,,low,1.3,NORMAL,29.5,960.2,23.0,HEALTHY,replay,2.1,0.0
2025-02-23T15:00:00+00:00,AWS-BHO-102,28.9,966.7,25.0,False,,low,0.7,NORMAL,29.4,959.2,23.0,HEALTHY,replay,1.1,0.0
2025-02-23T16:00:00+00:00,AWS-BHO-102,28.2,966.5,26.0,False,,low,0.5,NORMAL,29.2,958.8,23.0,HEALTHY,replay,0.8,0.0
2025-02-23T17:00:00+00:00,AWS-BHO-102,26.9,966.6,35.0,False,,low,0.5,NORMAL,27.4,959.1,29.0,HEALTHY,replay,0.8,0.0
2025-02-23T18:00:00+00:00,AWS-BHO-102,23.7,966.2,39.0,False,,low,0.6,NORMAL,24.1,959.1,33.0,HEALTHY,replay,1.0,0.0
2025-02-23T19:00:00+00:00,AWS-BHO-102,22.8,966.8,37.0,False,,low,0.7,NORMAL,24.1,959.7,40.0,HEALTHY,replay,1.1,0.0
2025-02-23T20:00:00+00:00,AWS-BHO-102,21.7,967.4,40.0,False,,low,0.3,NORMAL,22.1,960.2,44.0,HEALTHY,replay,0.4,0.0
2025-02-23T21:00:00+00:00,AWS-BHO-102,19.6,967.8,47.0,False,,low,0.3,NORMAL,20.1,960.6,44.0,HEALTHY,replay,0.4,0.0
2025-02-23T22:00:00+00:00,AWS-BHO-102,19.3,967.8,50.0,False,,low,0.1,NORMAL,19.4,960.5,49.0,HEALTHY,replay,0.2,0.0
2025-02-23T23:00:00+00:00,AWS-BHO-102,18.2,967.7,52.0,False,,low,0.2,NORMAL,18.7,960.2,53.0,HEALTHY,replay,0.3,0.0
2025-02-24T00:00:00+00:00,AWS-BHO-102,17.6,967.4,52.0,False,,low,0.1,NORMAL,18.7,959.8,53.0,HEALTHY,replay,0.2,0.0
2025-02-24T01:00:00+00:00,AWS-BHO-102,17.0,967.4,55.0,False,,low,0.2,NORMAL,18.9,959.5,50.0,HEALTHY,replay,0.3,0.0
2025-02-24T02:00:00+00:00,AWS-BHO-102,16.5,967.0,60.0,False,,low,0.2,NORMAL,18.0,959.3,50.0,HEALTHY,replay,0.3,0.0
2025-02-24T03:00:00+00:00,AWS-BHO-102,15.9,966.7,63.0,False,,low,0.1,NORMAL,17.0,959.2,55.0,HEALTHY,replay,0.2,0.0
2025-02-24T04:00:00+00:00,AWS-BHO-102,15.2,966.6,65.0,False,,low,0.1,NORMAL,16.5,959.0,57.0,HEALTHY,replay,0.2,0.0
2025-02-24T05:00:00+00:00,AWS-BHO-102,14.7,967.3,68.0,False,,low,0.2,NORMAL,16.0,959.5,60.0,HEALTHY,replay,0.3,0.0
2025-02-24T06:00:00+00:00,AWS-BHO-102,14.6,968.4,74.0,False,,low,0.4,NORMAL,16.7,960.7,66.0,HEALTHY,replay,0.7,0.0
2025-02-24T07:00:00+00:00,AWS-BHO-102,15.6,969.4,71.0,False,,low,0.6,NORMAL,17.0,961.7,66.0,HEALTHY,replay,1.0,0.0
2025-02-24T08:00:00+00:00,AWS-BHO-102,18.6,970.8,61.0,False,,low,3.2,NORMAL,19.6,963.1,57.0,HEALTHY,replay,5.3,0.0
2025-02-24T09:00:00+00:00,AWS-BHO-102,22.0,971.7,50.0,False,,low,6.5,NORMAL,22.3,964.1,48.0,HEALTHY,replay,10.8,0.0
2025-02-24T10:00:00+00:00,AWS-BHO-102,25.2,971.8,42.0,False,,low,4.8,NORMAL,25.1,964.3,40.0,HEALTHY,replay,8.0,0.0
2025-02-24T11:00:00+00:00,AWS-BHO-102,27.6,971.3,34.0,False,,low,4.3,NORMAL,27.4,964.0,32.0,HEALTHY,replay,7.2,0.0
2025-02-24T12:00:00+00:00,AWS-BHO-102,28.9,970.2,28.0,False,,low,2.8,NORMAL,28.9,963.21,33.0,HEALTHY,replay,4.6,0.0
2025-02-24T13:00:00+00:00,AWS-BHO-102,29.5,969.1,25.0,False,,low,1.5,NORMAL,29.3,961.59,30.0,HEALTHY,replay,2.5,0.0
2025-02-24T14:00:00+00:00,AWS-BHO-102,29.5,967.7,24.0,False,,low,2.1,NORMAL,29.4,960.49,29.0,HEALTHY,replay,3.5,0.0
2025-02-24T15:00:00+00:00,AWS-BHO-102,29.2,967.1,24.0,False,,low,0.8,NORMAL,29.4,959.9,29.0,HEALTHY,replay,1.4,0.0
2025-02-24T16:00:00+00:00,AWS-BHO-102,28.6,967.0,25.0,False,,low,0.7,NORMAL,28.9,959.6,25.0,HEALTHY,replay,1.2,0.0
2025-02-24T17:00:00+00:00,AWS-BHO-102,27.2,967.1,39.0,False,,low,2.5,NORMAL,27.5,959.9,42.0,HEALTHY,replay,4.1,0.0
2025-02-24T18:00:00+00:00,AWS-BHO-102,23.9,967.3,37.0,False,,low,1.6,NORMAL,24.4,960.4,37.0,HEALTHY,replay,2.6,0.0
2025-02-24T19:00:00+00:00,AWS-BHO-102,22.5,968.0,35.0,False,,low,0.7,NORMAL,23.2,960.9,36.0,HEALTHY,replay,1.2,0.0
2025-02-24T20:00:00+00:00,AWS-BHO-102,21.2,968.7,37.0,False,,low,0.3,NORMAL,20.2,961.7,38.0,HEALTHY,replay,0.5,0.0
2025-02-24T21:00:00+00:00,AWS-BHO-102,20.2,969.3,38.0,False,,low,0.2,NORMAL,19.0,962.2,39.0,HEALTHY,replay,0.4,0.0
2025-02-24T22:00:00+00:00,AWS-BHO-102,19.3,969.7,43.0,False,,low,0.2,NORMAL,18.7,962.1,40.0,HEALTHY,replay,0.4,0.0
2025-02-24T23:00:00+00:00,AWS-BHO-102,18.2,969.5,48.0,False,,low,0.1,NORMAL,20.3,962.0,43.0,HEALTHY,replay,0.2,0.0
2025-02-25T00:00:00+00:00,AWS-BHO-102,17.5,968.8,52.0,False,,low,0.1,NORMAL,19.5,960.9,45.0,HEALTHY,replay,0.2,0.0
2025-02-25T01:00:00+00:00,AWS-BHO-102,17.4,967.9,50.0,False,,low,0.1,NORMAL,18.5,960.9,49.0,HEALTHY,replay,0.2,0.0
2025-02-25T02:00:00+00:00,AWS-BHO-102,16.0,967.5,57.0,False,,low,0.1,NORMAL,17.4,960.2,54.0,HEALTHY,replay,0.2,0.0
2025-02-25T03:00:00+00:00,AWS-BHO-102,15.9,967.5,58.0,False,,low,0.1,NORMAL,16.8,959.8,55.0,HEALTHY,replay,0.1,0.0
2025-02-25T04:00:00+00:00,AWS-BHO-102,15.6,967.3,59.0,False,,low,0.1,NORMAL,16.6,959.8,56.0,HEALTHY,replay,0.2,0.0
2025-02-25T05:00:00+00:00,AWS-BHO-102,14.8,967.4,62.0,False,,low,0.1,NORMAL,16.3,960.0,57.0,HEALTHY,replay,0.2,0.0
2025-02-25T06:00:00+00:00,AWS-BHO-102,14.5,968.5,69.0,False,,low,0.2,NORMAL,16.1,961.2,62.0,HEALTHY,replay,0.4,0.0
2025-02-25T07:00:00+00:00,AWS-BHO-102,15.6,969.1,65.0,False,,low,0.2,NORMAL,16.5,961.8,61.0,HEALTHY,replay,0.4,0.0
2025-02-25T08:00:00+00:00,AWS-BHO-102,19.1,970.8,53.0,False,,low,1.9,NORMAL,19.2,963.4,54.0,HEALTHY,replay,3.2,0.0
2025-02-25T09:00:00+00:00,AWS-BHO-102,22.8,971.9,41.0,False,,low,11.5,NORMAL,22.3,964.4,44.0,HEALTHY,replay,19.2,0.0
2025-02-25T10:00:00+00:00,AWS-BHO-102,25.9,972.6,33.0,False,,low,20.3,NORMAL,25.0,965.2,35.0,HEALTHY,replay,33.8,0.0
2025-02-25T11:00:00+00:00,AWS-BHO-102,27.9,972.1,26.0,False,,low,5.0,NORMAL,27.0,964.9,29.0,HEALTHY,replay,8.3,0.0
2025-02-25T12:00:00+00:00,AWS-BHO-102,29.0,971.3,23.0,False,,low,2.8,NORMAL,28.3,964.1,26.0,HEALTHY,replay,4.7,0.0
2025-02-25T13:00:00+00:00,AWS-BHO-102,29.7,969.9,22.0,False,,low,1.3,NORMAL,29.1,962.8,24.0,HEALTHY,replay,2.1,0.0
2025-02-25T14:00:00+00:00,AWS-BHO-102,30.1,969.0,20.0,False,,low,1.2,NORMAL,29.5,961.8,23.0,HEALTHY,replay,2.0,0.0
2025-02-25T15:00:00+00:00,AWS-BHO-102,29.9,968.5,21.0,False,,low,0.4,NORMAL,29.5,961.4,23.03,HEALTHY,replay,0.6,0.0
2025-02-25T16:00:00+00:00,AWS-BHO-102,29.4,968.5,21.0,False,,low,0.4,NORMAL,29.2,961.2,22.99,HEALTHY,replay,0.7,0.0
2025-02-25T17:00:00+00:00,AWS-BHO-102,27.6,968.5,26.0,False,,low,0.5,NORMAL,28.1,961.3,39.0,HEALTHY,replay,0.8,0.0
2025-02-25T18:00:00+00:00,AWS-BHO-102,24.7,969.0,32.0,False,,low,0.6,NORMAL,25.1,961.9,33.0,HEALTHY,replay,1.0,0.0
2025-02-25T19:00:00+00:00,AWS-BHO-102,22.8,969.7,36.0,False,,low,0.4,NORMAL,23.4,962.6,31.0,HEALTHY,replay,0.7,0.0
2025-02-25T20:00:00+00:00,AWS-BHO-102,21.9,970.2,38.0,False,,low,0.2,NORMAL,22.1,963.1,32.0,HEALTHY,replay,0.3,0.0
2025-02-25T21:00:00+00:00,AWS-BHO-102,20.7,970.6,41.0,False,,low,0.2,NORMAL,21.7,963.4,32.0,HEALTHY,replay,0.3,0.0
2025-02-25T22:00:00+00:00,AWS-BHO-102,20.0,971.0,43.0,False,,low,0.1,NORMAL,21.0,963.3,38.0,HEALTHY,replay,0.2,0.0
2025-02-25T23:00:00+00:00,AWS-BHO-102,19.1,970.5,48.0,False,,low,0.1,NORMAL,20.5,963.1,39.0,HEALTHY,replay,0.2,0.0
2025-02-26T00:00:00+00:00,AWS-BHO-102,18.3,970.0,52.0,False,,low,0.1,NORMAL,19.7,962.6,44.0,HEALTHY,replay,0.2,0.0
2025-02-26T01:00:00+00:00,AWS-BHO-102,17.9,969.2,54.0,False,,low,0.1,NORMAL,18.8,961.8,49.0,HEALTHY,replay,0.2,0.0
2025-02-26T02:00:00+00:00,AWS-BHO-102,17.3,968.4,57.0,False,,low,0.1,NORMAL,18.1,961.2,53.0,HEALTHY,replay,0.2,0.0
2025-02-26T03:00:00+00:00,AWS-BHO-102,16.5,967.8,61.0,False,,low,0.2,NORMAL,17.6,960.6,55.0,HEALTHY,replay,0.3,0.0
2025-02-26T04:00:00+00:00,AWS-BHO-102,15.8,967.6,64.0,False,,low,0.1,NORMAL,16.8,960.2,60.0,HEALTHY,replay,0.2,0.0
2025-02-26T05:00:00+00:00,AWS-BHO-102,15.8,968.2,65.0,False,,low,0.1,NORMAL,16.3,960.6,62.0,HEALTHY,replay,0.2,0.0
2025-02-26T06:00:00+00:00,AWS-BHO-102,15.4,969.3,70.0,False,,low,0.1,NORMAL,16.4,961.8,64.0,HEALTHY,replay,0.2,0.0
2025-02-26T07:00:00+00:00,AWS-BHO-102,16.9,970.4,64.0,False,,low,0.5,NORMAL,16.9,962.9,64.0,HEALTHY,replay,0.8,0.0
2025-02-26T08:00:00+00:00,AWS-BHO-102,19.8,971.9,56.0,False,,low,1.6,NORMAL,19.5,964.4,58.0,HEALTHY,replay,2.7,0.0
2025-02-26T09:00:00+00:00,AWS-BHO-102,23.3,972.8,47.0,False,,low,4.2,NORMAL,22.6,965.4,49.0,HEALTHY,replay,7.0,0.0
2025-02-26T10:00:00+00:00,AWS-BHO-102,26.6,973.2,38.0,False,,low,5.6,NORMAL,25.6,965.9,40.0,HEALTHY,replay,9.3,0.0
2025-02-26T11:00:00+00:00,AWS-BHO-102,28.8,972.6,31.0,False,,low,3.4,NORMAL,27.8,965.4,32.0,HEALTHY,replay,5.7,0.0
2025-02-26T12:00:00+00:00,AWS-BHO-102,30.2,971.4,27.0,False,,low,2.0,NORMAL,29.2,964.2,28.0,HEALTHY,replay,3.3,0.0
2025-02-26T13:00:00+00:00,AWS-BHO-102,31.0,970.0,25.0,False,,low,1.3,NORMAL,30.1,963.1,25.0,HEALTHY,replay,2.1,0.0
2025-02-26T14:00:00+00:00,AWS-BHO-102,31.3,969.0,24.0,False,,low,1.3,NORMAL,30.5,962.0,25.0,HEALTHY,replay,2.2,0.0
2025-02-26T15:00:00+00:00,AWS-BHO-102,31.2,968.1,24.0,False,,low,0.9,NORMAL,30.5,961.1,24.0,HEALTHY,replay,1.6,0.0
2025-02-26T16:00:00+00:00,AWS-BHO-102,30.4,967.8,24.0,False,,low,1.0,NORMAL,30.1,965.9,25.0,HEALTHY,replay,1.6,0.0
2025-02-26T17:00:00+00:00,AWS-BHO-102,28.8,967.5,28.0,False,,low,0.6,NORMAL,28.9,960.4,30.0,HEALTHY,replay,1.1,0.0
2025-02-26T18:00:00+00:00,AWS-BHO-102,26.1,967.6,32.0,False,,low,0.8,NORMAL,25.5,960.5,45.0,HEALTHY,replay,1.3,0.0
2025-02-26T19:00:00+00:00,AWS-BHO-102,24.0,967.7,38.0,False,,low,0.8,NORMAL,23.7,960.8,48.0,HEALTHY,replay,1.4,0.0
2025-02-26T20:00:00+00:00,AWS-BHO-102,23.0,968.5,40.0,False,,low,0.2,NORMAL,22.5,961.4,50.0,HEALTHY,replay,0.4,0.0
2025-02-26T21:00:00+00:00,AWS-BHO-102,21.5,969.1,46.0,False,,low,0.3,NORMAL,21.8,961.8,52.0,HEALTHY,replay,0.4,0.0
2025-02-26T22:00:00+00:00,AWS-BHO-102,20.3,969.4,51.0,False,,low,0.2,NORMAL,21.4,961.8,54.0,HEALTHY,replay,0.4,0.0
2025-02-26T23:00:00+00:00,AWS-BHO-102,19.9,968.6,51.0,False,,low,0.2,NORMAL,20.7,961.1,52.0,HEALTHY,replay,0.3,0.0
2025-02-27T00:00:00+00:00,AWS-BHO-102,18.6,967.9,54.0,False,,low,0.2,NORMAL,19.9,960.6,54.0,HEALTHY,replay,0.3,0.0
2025-02-27T01:00:00+00:00,AWS-BHO-102,17.8,967.2,57.0,False,,low,0.2,NORMAL,19.0,959.8,56.0,HEALTHY,replay,0.3,0.0
2025-02-27T02:00:00+00:00,AWS-BHO-102,17.5,966.8,58.0,False,,low,0.2,NORMAL,19.1,959.4,55.0,HEALTHY,replay,0.3,0.0
2025-02-27T03:00:00+00:00,AWS-BHO-102,17.2,966.1,59.0,False,,low,0.5,NORMAL,19.0,958.9,53.0,HEALTHY,replay,0.8,0.0
2025-02-27T04:00:00+00:00,AWS-BHO-102,16.9,966.1,60.0,False,,low,0.2,NORMAL,17.8,958.7,55.97,HEALTHY,replay,0.4,0.0
2025-02-27T05:00:00+00:00,AWS-BHO-102,16.5,966.4,61.0,False,,low,0.4,NORMAL,17.2,959.1,57.47,HEALTHY,replay,0.6,0.0
2025-02-27T06:00:00+00:00,AWS-BHO-102,16.5,967.4,66.0,False,,low,0.6,NORMAL,17.7,960.0,56.96,HEALTHY,replay,1.0,0.0
2025-02-27T07:00:00+00:00,AWS-BHO-102,17.8,968.2,61.0,False,,low,1.0,NORMAL,18.6,960.7,52.46,HEALTHY,replay,1.7,0.0
2025-02-27T08:00:00+00:00,AWS-BHO-102,21.3,969.5,53.0,False,,low,1.7,NORMAL,21.2,962.0,47.0,HEALTHY,replay,2.8,0.0
2025-02-27T09:00:00+00:00,AWS-BHO-102,25.2,970.0,44.0,False,,low,5.7,NORMAL,24.0,962.8,40.45,HEALTHY,replay,9.5,0.0
2025-02-27T10:00:00+00:00,AWS-BHO-102,28.7,970.1,34.0,False,,low,10.2,NORMAL,27.1,962.9,31.95,HEALTHY,replay,17.1,0.0
2025-02-27T11:00:00+00:00,AWS-BHO-102,30.4,969.5,28.0,False,,low,4.6,NORMAL,29.4,962.3,25.0,HEALTHY,replay,7.6,0.0
2025-02-27T12:00:00+00:00,AWS-BHO-102,31.5,968.3,25.0,False,,low,3.0,NORMAL,30.8,961.1,23.0,HEALTHY,replay,5.0,0.0
2025-02-27T13:00:00+00:00,AWS-BHO-102,32.2,967.0,24.0,False,,low,3.2,NORMAL,31.8,959.8,21.0,HEALTHY,replay,5.3,0.0
2025-02-27T14:00:00+00:00,AWS-BHO-102,32.6,965.7,23.0,False,,low,4.3,NORMAL,32.6,958.5,20.0,HEALTHY,replay,7.2,0.0
2025-02-27T15:00:00+00:00,AWS-BHO-102,32.6,964.8,22.0,False,,low,3.0,NORMAL,32.8,957.5,19.0,HEALTHY,replay,4.9,0.0
2025-02-27T16:00:00+00:00,AWS-BHO-102,32.2,964.3,22.0,False,,low,2.8,NORMAL,32.4,957.0,20.0,HEALTHY,replay,4.7,0.0
2025-02-27T17:00:00+00:00,AWS-BHO-102,30.6,964.0,42.0,False,,low,21.2,NORMAL,30.3,956.9,30.0,HEALTHY,replay,35.3,0.0
2025-02-27T18:00:00+00:00,AWS-BHO-102,27.9,964.1,29.0,False,multivariate_inconsistency,low,41.0,NORMAL,27.9,957.2,27.0,HEALTHY,replay,38.3,45.0
2025-02-27T19:00:00+00:00,AWS-BHO-102,25.6,964.5,35.0,False,,low,3.0,NORMAL,26.8,957.7,30.0,HEALTHY,replay,5.0,0.0
2025-02-27T20:00:00+00:00,AWS-BHO-102,24.8,965.1,37.0,False,,low,1.2,NORMAL,26.0,958.1,31.0,HEALTHY,replay,2.0,0.0
2025-02-27T21:00:00+00:00,AWS-BHO-102,23.3,965.2,42.0,False,,low,1.9,NORMAL,25.0,958.2,32.0,HEALTHY,replay,3.2,0.0
2025-02-27T22:00:00+00:00,AWS-BHO-102,22.4,965.3,46.0,False,,low,1.6,NORMAL,24.4,958.4,34.0,HEALTHY,replay,2.7,0.0
2025-02-27T23:00:00+00:00,AWS-BHO-102,21.9,964.8,46.0,False,,low,1.0,NORMAL,24.1,957.8,35.0,HEALTHY,replay,1.6,0.0
2025-02-28T00:00:00+00:00,AWS-BHO-102,21.2,964.0,45.0,False,,low,1.6,NORMAL,23.0,957.2,39.0,HEALTHY,replay,2.6,0.0
2025-02-28T01:00:00+00:00,AWS-BHO-102,20.8,963.7,45.0,False,,low,1.3,NORMAL,21.4,956.7,44.0,HEALTHY,replay,2.1,0.0
2025-02-28T02:00:00+00:00,AWS-BHO-102,19.6,963.2,49.0,False,,low,1.6,NORMAL,21.0,956.2,44.0,HEALTHY,replay,2.6,0.0
2025-02-28T03:00:00+00:00,AWS-BHO-102,19.4,962.5,50.0,False,,low,2.8,NORMAL,20.4,955.4,46.0,HEALTHY,replay,4.7,0.0
2025-02-28T04:00:00+00:00,AWS-BHO-102,18.7,962.1,54.0,False,,low,4.2,NORMAL,20.5,955.2,45.0,HEALTHY,replay,6.9,0.0
2025-02-28T05:00:00+00:00,AWS-BHO-102,18.8,962.1,55.0,False,,low,4.1,NORMAL,20.6,955.1,45.0,HEALTHY,replay,6.8,0.0
2025-02-28T06:00:00+00:00,AWS-BHO-102,18.8,963.1,59.0,False,,low,7.8,NORMAL,20.8,956.1,47.0,HEALTHY,replay,13.0,0.0
2025-02-28T07:00:00+00:00,AWS-BHO-102,20.2,964.2,55.0,False,,low,17.0,NORMAL,21.5,957.1,51.0,HEALTHY,replay,28.4,0.0
2025-02-28T08:00:00+00:00,AWS-BHO-102,23.7,965.8,49.0,False,,low,27.7,NORMAL,24.4,958.7,47.0,HEALTHY,replay,46.1,0.0
2025-02-28T09:00:00+00:00,AWS-BHO-102,27.5,967.0,41.0,False,,low,43.6,NORMAL,27.6,960.0,40.0,HEALTHY,replay,72.6,0.0
2025-02-28T10:00:00+00:00,AWS-BHO-102,30.3,967.6,34.0,False,,low,28.0,NORMAL,30.4,960.6,30.0,HEALTHY,replay,46.7,0.0
2025-02-28T11:00:00+00:00,AWS-BHO-102,32.2,967.2,27.0,False,,low,16.0,NORMAL,31.9,960.3,22.0,HEALTHY,replay,26.7,0.0
2025-02-28T12:00:00+00:00,AWS-BHO-102,33.4,966.1,22.0,False,,low,5.6,NORMAL,32.7,959.1,23.0,HEALTHY,replay,9.3,0.0
2025-02-28T13:00:00+00:00,AWS-BHO-102,33.9,964.7,21.0,False,,low,4.7,NORMAL,33.3,957.7,23.0,HEALTHY,replay,7.9,0.0
2025-02-28T14:00:00+00:00,AWS-BHO-102,34.0,963.3,21.0,False,,low,8.2,NORMAL,33.4,956.4,23.0,HEALTHY,replay,13.7,0.0
2025-02-28T15:00:00+00:00,AWS-BHO-102,34.0,962.5,21.0,False,,low,7.5,NORMAL,33.4,955.6,23.0,HEALTHY,replay,12.5,0.0
2025-02-28T16:00:00+00:00,AWS-BHO-102,32.7,962.3,25.0,False,,low,5.9,NORMAL,32.9,955.3,23.0,HEALTHY,replay,9.8,0.0
2025-02-28T17:00:00+00:00,AWS-BHO-102,30.9,962.0,31.0,False,,low,3.5,NORMAL,31.1,955.3,29.0,HEALTHY,replay,5.8,0.0
2025-02-28T18:00:00+00:00,AWS-BHO-102,29.1,962.9,28.0,False,,low,3.6,NORMAL,28.3,955.9,34.0,HEALTHY,replay,6.1,0.0
2025-02-28T19:00:00+00:00,AWS-BHO-102,28.0,963.3,30.0,False,,low,1.7,NORMAL,26.8,956.2,36.0,HEALTHY,replay,2.8,0.0
2025-02-28T20:00:00+00:00,AWS-BHO-102,26.7,963.9,33.0,False,,low,2.2,NORMAL,26.1,957.0,36.0,HEALTHY,replay,3.7,0.0
2025-02-28T21:00:00+00:00,AWS-BHO-102,26.2,964.3,33.0,False,,low,2.5,NORMAL,25.7,957.4,37.0,HEALTHY,replay,4.2,0.0
2025-02-28T22:00:00+00:00,AWS-BHO-102,25.0,964.4,36.0,False,,low,1.1,NORMAL,25.0,957.3,38.0,HEALTHY,replay,1.8,0.0
2025-02-28T23:00:00+00:00,AWS-BHO-102,24.5,963.9,37.0,False,,low,0.6,NORMAL,24.6,957.0,40.0,HEALTHY,replay,1.0,0.0
2025-03-01T00:00:00+00:00,AWS-BHO-102,24.3,963.4,39.0,False,,low,1.2,NORMAL,24.1,956.4,42.0,HEALTHY,replay,2.0,0.0
2025-03-01T01:00:00+00:00,AWS-BHO-102,23.6,963.1,42.0,False,,low,0.5,NORMAL,23.0,956.1,45.0,HEALTHY,replay,0.9,0.0
2025-03-01T02:00:00+00:00,AWS-BHO-102,22.0,962.3,46.0,False,,low,0.4,NORMAL,21.9,955.3,47.0,HEALTHY,replay,0.7,0.0
2025-03-01T03:00:00+00:00,AWS-BHO-102,20.4,961.6,51.0,False,,low,0.5,NORMAL,21.0,954.7,51.0,HEALTHY,replay,0.9,0.0
2025-03-01T04:00:00+00:00,AWS-BHO-102,19.6,961.6,54.0,False,,low,0.4,NORMAL,20.5,954.5,51.0,HEALTHY,replay,0.6,0.0
2025-03-01T05:00:00+00:00,AWS-BHO-102,19.3,961.9,54.0,False,,low,0.3,NORMAL,19.9,954.8,48.0,HEALTHY,replay,0.5,0.0
2025-03-01T06:00:00+00:00,AWS-BHO-102,19.0,963.3,58.0,False,,low,0.5,NORMAL,19.3,956.2,53.0,HEALTHY,replay,0.8,0.0
2025-03-01T07:00:00+00:00,AWS-BHO-102,20.1,964.2,54.0,False,,low,0.7,NORMAL,20.0,957.0,51.0,HEALTHY,replay,1.1,0.0
2025-03-01T08:00:00+00:00,AWS-BHO-102,23.1,965.4,46.0,False,,low,3.1,NORMAL,23.1,958.3,47.0,HEALTHY,replay,5.2,0.0
2025-03-01T09:00:00+00:00,AWS-BHO-102,26.3,966.6,37.0,False,,low,8.2,NORMAL,25.9,959.3,39.0,HEALTHY,replay,13.7,0.0
2025-03-01T10:00:00+00:00,AWS-BHO-102,28.8,966.9,34.0,False,,low,4.7,NORMAL,28.7,959.8,33.0,HEALTHY,replay,7.8,0.0
2025-03-01T11:00:00+00:00,AWS-BHO-102,30.7,966.7,29.0,False,,low,2.1,NORMAL,30.5,959.5,27.0,HEALTHY,replay,3.6,0.0
2025-03-01T12:00:00+00:00,AWS-BHO-102,31.9,965.4,25.0,False,,low,1.3,NORMAL,31.6,958.3,25.0,HEALTHY,replay,2.1,0.0
2025-03-01T13:00:00+00:00,AWS-BHO-102,32.5,964.3,24.0,False,,low,1.9,NORMAL,32.2,957.2,23.0,HEALTHY,replay,3.2,0.0
2025-03-01T14:00:00+00:00,AWS-BHO-102,32.6,963.2,24.0,False,,low,1.9,NORMAL,31.9,956.1,24.0,HEALTHY,replay,3.2,0.0
2025-03-01T15:00:00+00:00,AWS-BHO-102,32.5,962.4,23.0,False,,low,1.7,NORMAL,32.0,955.3,24.0,HEALTHY,replay,2.9,0.0
2025-03-01T16:00:00+00:00,AWS-BHO-102,32.1,962.4,23.0,False,,low,1.1,NORMAL,31.6,955.4,24.0,HEALTHY,replay,1.9,0.0
2025-03-01T17:00:00+00:00,AWS-BHO-102,30.8,962.3,26.0,False,,low,0.5,NORMAL,30.5,955.3,26.0,HEALTHY,replay,0.8,0.0
2025-03-01T18:00:00+00:00,AWS-BHO-102,27.4,962.6,34.0,False,,low,2.1,NORMAL,27.3,955.9,32.0,HEALTHY,replay,3.5,0.0
2025-03-01T19:00:00+00:00,AWS-BHO-102,26.5,963.0,35.0,False,,low,0.6,NORMAL,27.0,956.1,31.0,HEALTHY,replay,0.9,0.0
2025-03-01T20:00:00+00:00,AWS-BHO-102,24.5,963.4,41.0,False,,low,0.6,NORMAL,26.4,956.4,39.0,HEALTHY,replay,1.0,0.0
2025-03-01T21:00:00+00:00,AWS-BHO-102,23.3,963.5,45.0,False,,low,0.5,NORMAL,24.6,956.8,42.0,HEALTHY,replay,0.8,0.0
2025-03-01T22:00:00+00:00,AWS-BHO-102,22.2,963.1,50.0,False,,low,0.7,NORMAL,23.3,956.5,46.0,HEALTHY,replay,1.1,0.0
2025-03-01T23:00:00+00:00,AWS-BHO-102,21.5,963.3,51.0,False,,low,0.3,NORMAL,22.2,955.8,45.0,HEALTHY,replay,0.6,0.0
2025-03-02T00:00:00+00:00,AWS-BHO-102,20.8,962.5,51.0,False,,low,0.3,NORMAL,22.0,955.7,43.0,HEALTHY,replay,0.5,0.0
2025-03-02T01:00:00+00:00,AWS-BHO-102,20.7,962.0,50.0,False,,low,0.2,NORMAL,21.5,955.2,43.0,HEALTHY,replay,0.4,0.0
2025-03-02T02:00:00+00:00,AWS-BHO-102,19.3,961.3,53.0,False,,low,0.3,NORMAL,21.2,954.5,45.0,HEALTHY,replay,0.5,0.0
2025-03-02T03:00:00+00:00,AWS-BHO-102,18.2,960.7,57.0,False,,low,0.4,NORMAL,19.9,953.9,45.0,HEALTHY,replay,0.7,0.0
2025-03-02T04:00:00+00:00,AWS-BHO-102,17.7,960.5,59.0,False,,low,0.4,NORMAL,19.7,953.7,43.0,HEALTHY,replay,0.6,0.0
2025-03-02T05:00:00+00:00,AWS-BHO-102,17.0,960.9,63.0,False,,low,0.3,NORMAL,19.2,953.9,44.0,HEALTHY,replay,0.5,0.0
2025-03-02T06:00:00+00:00,AWS-BHO-102,17.5,962.0,67.0,False,,low,0.6,NORMAL,18.8,955.2,49.0,HEALTHY,replay,0.9,0.0
2025-03-02T07:00:00+00:00,AWS-BHO-102,18.7,962.9,60.0,False,,low,0.5,NORMAL,19.5,955.8,50.0,HEALTHY,replay,0.8,0.0
2025-03-02T08:00:00+00:00,AWS-BHO-102,21.9,964.1,49.0,False,,low,1.1,NORMAL,22.6,956.9,44.0,HEALTHY,replay,1.8,0.0
2025-03-02T09:00:00+00:00,AWS-BHO-102,25.4,965.1,40.0,False,,low,4.4,NORMAL,25.5,958.0,38.0,HEALTHY,replay,7.3,0.0
2025-03-02T10:00:00+00:00,AWS-BHO-102,28.4,965.6,34.0,False,,low,3.6,NORMAL,28.2,958.4,32.0,HEALTHY,replay,5.9,0.0
2025-03-02T11:00:00+00:00,AWS-BHO-102,30.5,965.2,27.0,False,,low,2.9,NORMAL,29.8,958.2,27.0,HEALTHY,replay,4.9,0.0
2025-03-02T12:00:00+00:00,AWS-BHO-102,31.5,964.3,24.0,False,,low,1.8,NORMAL,30.9,957.3,24.0,HEALTHY,replay,2.9,0.0
2025-03-02T13:00:00+00:00,AWS-BHO-102,32.0,963.1,22.0,False,,low,1.5,NORMAL,31.6,956.1,22.0,HEALTHY,replay,2.5,0.0
2025-03-02T14:00:00+00:00,AWS-BHO-102,32.0,962.0,22.0,False,,low,2.2,NORMAL,32.0,955.0,21.0,HEALTHY,replay,3.6,0.0
2025-03-02T15:00:00+00:00,AWS-BHO-102,32.2,961.2,21.0,False,,low,1.6,NORMAL,31.6,954.1,22.0,HEALTHY,replay,2.7,0.0
2025-03-02T16:00:00+00:00,AWS-BHO-102,32.1,960.9,19.0,False,,low,1.9,NORMAL,31.2,954.0,22.0,HEALTHY,replay,3.2,0.0
2025-03-02T17:00:00+00:00,AWS-BHO-102,30.5,960.8,23.0,False,,low,0.6,NORMAL,30.1,953.9,24.0,HEALTHY,replay,0.9,0.0
2025-03-02T18:00:00+00:00,AWS-BHO-102,26.9,961.0,31.0,False,,low,2.1,NORMAL,26.7,954.3,31.0,HEALTHY,replay,3.5,0.0
2025-03-02T19:00:00+00:00,AWS-BHO-102,25.3,961.6,31.0,False,,low,0.9,NORMAL,24.9,954.6,32.0,HEALTHY,replay,1.5,0.0
2025-03-02T20:00:00+00:00,AWS-BHO-102,24.1,962.2,32.0,False,,low,0.4,NORMAL,24.2,954.9,44.0,HEALTHY,replay,0.6,0.0
2025-03-02T21:00:00+00:00,AWS-BHO-102,24.0,963.0,33.0,False,,low,0.3,NORMAL,23.0,955.2,47.0,HEALTHY,replay,0.5,0.0
2025-03-02T22:00:00+00:00,AWS-BHO-102,22.3,963.4,40.0,False,,low,0.3,NORMAL,21.6,955.8,50.0,HEALTHY,replay,0.4,0.0
2025-03-02T23:00:00+00:00,AWS-BHO-102,20.6,963.5,43.0,False,,low,0.2,NORMAL,20.9,955.6,45.0,HEALTHY,replay,0.4,0.0
2025-03-03T00:00:00+00:00,AWS-BHO-102,19.0,962.8,51.0,False,,low,0.4,NORMAL,20.2,954.7,49.0,HEALTHY,replay,0.6,0.0
2025-03-03T01:00:00+00:00,AWS-BHO-102,19.7,962.5,47.0,False,,low,0.2,NORMAL,19.8,954.5,43.0,HEALTHY,replay,0.3,0.0
2025-03-03T02:00:00+00:00,AWS-BHO-102,19.7,961.8,47.0,False,,low,0.1,NORMAL,19.4,954.51,48.0,HEALTHY,replay,0.2,0.0
2025-03-03T03:00:00+00:00,AWS-BHO-102,18.4,961.7,54.0,False,,low,0.1,NORMAL,18.7,954.3,52.0,HEALTHY,replay,0.2,0.0
2025-03-03T04:00:00+00:00,AWS-BHO-102,17.8,961.9,63.0,False,,low,0.6,NORMAL,17.8,954.5,56.0,HEALTHY,replay,1.1,0.0
2025-03-03T05:00:00+00:00,AWS-BHO-102,17.1,962.4,74.0,False,,low,1.5,NORMAL,17.2,955.1,59.0,HEALTHY,replay,2.4,0.0
2025-03-03T06:00:00+00:00,AWS-BHO-102,16.6,963.0,89.0,False,,low,18.8,NORMAL,16.8,955.5,74.0,HEALTHY,replay,31.3,0.0
2025-03-03T07:00:00+00:00,AWS-BHO-102,17.8,964.2,86.0,False,,low,7.8,NORMAL,18.2,956.7,75.0,HEALTHY,replay,13.0,0.0
2025-03-03T08:00:00+00:00,AWS-BHO-102,20.8,965.6,74.0,False,,low,13.1,NORMAL,21.0,958.1,69.0,HEALTHY,replay,21.8,0.0
2025-03-03T09:00:00+00:00,AWS-BHO-102,24.2,966.9,61.0,False,,low,23.8,NORMAL,24.0,959.6,58.0,HEALTHY,replay,39.6,0.0
2025-03-03T10:00:00+00:00,AWS-BHO-102,27.1,967.3,48.0,False,,low,29.7,NORMAL,26.8,960.0,46.0,HEALTHY,replay,49.5,0.0
2025-03-03T11:00:00+00:00,AWS-BHO-102,29.2,966.8,36.0,False,,low,28.0,NORMAL,28.8,959.6,36.0,HEALTHY,replay,46.6,0.0
2025-03-03T12:00:00+00:00,AWS-BHO-102,30.4,965.7,30.0,False,,low,12.9,NORMAL,30.2,958.5,30.0,HEALTHY,replay,21.5,0.0
2025-03-03T13:00:00+00:00,AWS-BHO-102,31.0,964.5,29.0,False,,low,6.7,NORMAL,31.4,957.2,26.0,HEALTHY,replay,11.2,0.0
2025-03-03T14:00:00+00:00,AWS-BHO-102,31.3,963.5,29.0,False,,low,3.9,NORMAL,32.2,956.2,22.0,HEALTHY,replay,6.5,0.0
2025-03-03T15:00:00+00:00,AWS-BHO-102,31.3,962.7,28.0,False,,low,1.4,NORMAL,32.5,954.9,21.0,HEALTHY,replay,2.4,0.0
2025-03-03T16:00:00+00:00,AWS-BHO-102,31.5,962.4,26.0,False,,low,1.4,NORMAL,32.0,954.7,21.0,HEALTHY,replay,2.3,0.0
2025-03-03T17:00:00+00:00,AWS-BHO-102,30.6,962.3,41.0,False,,low,3.2,NORMAL,30.8,954.8,24.0,HEALTHY,replay,5.4,0.0
2025-03-03T18:00:00+00:00,AWS-BHO-102,26.7,962.7,37.0,False,,low,2.1,NORMAL,27.5,955.2,44.0,HEALTHY,replay,3.5,0.0
2025-03-03T19:00:00+00:00,AWS-BHO-102,25.4,963.0,40.0,False,,low,0.5,NORMAL,26.0,955.4,39.0,HEALTHY,replay,0.8,0.0
2025-03-03T20:00:00+00:00,AWS-BHO-102,25.2,963.4,39.0,False,,low,0.3,NORMAL,25.1,955.8,46.0,HEALTHY,replay,0.5,0.0
2025-03-03T21:00:00+00:00,AWS-BHO-102,24.4,964.0,42.0,False,,low,0.2,NORMAL,23.6,956.3,49.0,HEALTHY,replay,0.3,0.0
2025-03-03T22:00:00+00:00,AWS-BHO-102,23.4,963.5,48.0,False,,low,0.1,NORMAL,23.5,956.2,52.0,HEALTHY,replay,0.2,0.0
2025-03-03T23:00:00+00:00,AWS-BHO-102,22.3,963.3,52.0,False,,low,0.1,NORMAL,22.6,955.8,55.0,HEALTHY,replay,0.2,0.0
2025-03-04T00:00:00+00:00,AWS-BHO-102,22.2,962.8,52.0,False,,low,0.3,NORMAL,21.7,955.3,53.0,HEALTHY,replay,0.5,0.0
2025-03-04T01:00:00+00:00,AWS-BHO-102,21.7,962.3,55.0,False,,low,0.1,NORMAL,20.9,955.0,52.0,HEALTHY,replay,0.2,0.0
2025-03-04T02:00:00+00:00,AWS-BHO-102,21.3,961.5,56.0,False,,low,0.2,NORMAL,20.7,954.3,52.0,HEALTHY,replay,0.3,0.0
2025-03-04T03:00:00+00:00,AWS-BHO-102,21.0,961.3,55.0,False,,low,0.3,NORMAL,20.5,954.3,51.0,HEALTHY,replay,0.4,0.0
2025-03-04T04:00:00+00:00,AWS-BHO-102,20.6,961.5,53.0,False,,low,0.4,NORMAL,20.2,954.4,45.0,HEALTHY,replay,0.6,0.0
2025-03-04T05:00:00+00:00,AWS-BHO-102,20.6,962.0,48.0,False,,low,1.1,NORMAL,20.2,954.8,47.0,HEALTHY,replay,1.8,0.0
2025-03-04T06:00:00+00:00,AWS-BHO-102,20.2,963.5,50.0,False,,low,2.6,NORMAL,19.6,956.1,51.0,HEALTHY,replay,4.3,0.0
2025-03-04T07:00:00+00:00,AWS-BHO-102,20.9,964.6,49.0,False,,low,4.1,NORMAL,20.5,957.2,50.0,HEALTHY,replay,6.9,0.0
2025-03-04T08:00:00+00:00,AWS-BHO-102,23.3,966.0,44.0,False,,low,9.6,NORMAL,22.9,958.6,43.0,HEALTHY,replay,16.1,0.0
2025-03-04T09:00:00+00:00,AWS-BHO-102,25.8,967.0,38.0,False,,low,6.0,NORMAL,25.3,959.6,35.0,HEALTHY,replay,10.0,0.0
2025-03-04T10:00:00+00:00,AWS-BHO-102,28.0,967.4,31.0,False,,low,3.7,NORMAL,27.3,960.0,30.0,HEALTHY,replay,6.2,0.0
2025-03-04T11:00:00+00:00,AWS-BHO-102,29.7,967.2,26.0,False,,low,2.6,NORMAL,28.9,959.8,26.0,HEALTHY,replay,4.3,0.0
2025-03-04T12:00:00+00:00,AWS-BHO-102,30.8,966.2,23.0,False,,low,0.9,NORMAL,30.0,958.8,24.0,HEALTHY,replay,1.6,0.0
2025-03-04T13:00:00+00:00,AWS-BHO-102,31.3,965.3,22.0,False,,low,0.6,NORMAL,30.8,958.0,22.0,HEALTHY,replay,1.0,0.0
2025-03-04T14:00:00+00:00,AWS-BHO-102,31.5,964.6,21.0,False,,low,0.6,NORMAL,30.9,957.5,21.0,HEALTHY,replay,1.0,0.0
2025-03-04T15:00:00+00:00,AWS-BHO-102,31.0,963.9,20.0,False,,low,0.6,NORMAL,30.8,956.7,20.0,HEALTHY,replay,1.0,0.0
2025-03-04T16:00:00+00:00,AWS-BHO-102,30.0,964.0,21.0,False,,low,0.7,NORMAL,30.1,956.7,19.0,HEALTHY,replay,1.2,0.0
2025-03-04T17:00:00+00:00,AWS-BHO-102,28.6,964.2,23.0,False,,low,1.0,NORMAL,28.7,956.9,22.0,HEALTHY,replay,1.7,0.0
2025-03-04T18:00:00+00:00,AWS-BHO-102,25.8,965.2,26.0,False,,low,1.4,NORMAL,26.3,958.0,24.0,HEALTHY,replay,2.4,0.0
2025-03-04T19:00:00+00:00,AWS-BHO-102,24.2,965.7,28.0,False,,low,1.3,NORMAL,24.4,958.6,26.0,HEALTHY,replay,2.2,0.0
2025-03-04T20:00:00+00:00,AWS-BHO-102,23.1,966.4,29.0,False,,low,1.7,NORMAL,22.9,959.2,28.0,HEALTHY,replay,2.9,0.0
2025-03-04T21:00:00+00:00,AWS-BHO-102,22.1,966.8,30.0,False,,low,1.5,NORMAL,22.0,959.5,30.0,HEALTHY,replay,2.4,0.0
2025-03-04T22:00:00+00:00,AWS-BHO-102,21.0,967.1,29.0,False,,low,3.0,NORMAL,21.0,959.8,30.0,HEALTHY,replay,5.0,0.0
2025-03-04T23:00:00+00:00,AWS-BHO-102,20.0,966.9,28.0,False,,low,2.7,NORMAL,19.8,959.5,28.0,HEALTHY,replay,4.5,0.0
2025-03-05T00:00:00+00:00,AWS-BHO-102,18.8,966.3,27.0,False,,low,2.0,NORMAL,18.5,959.1,27.0,HEALTHY,replay,3.3,0.0
2025-03-05T01:00:00+00:00,AWS-BHO-102,17.8,965.9,27.0,False,,low,1.5,NORMAL,17.6,958.5,26.0,HEALTHY,replay,2.5,0.0
2025-03-05T02:00:00+00:00,AWS-BHO-102,16.9,965.2,26.0,False,,low,2.3,NORMAL,16.6,957.9,26.0,HEALTHY,replay,3.9,0.0
2025-03-05T03:00:00+00:00,AWS-BHO-102,16.3,964.8,23.0,False,,low,2.7,NORMAL,15.8,957.5,26.0,HEALTHY,replay,4.5,0.0
2025-03-05T04:00:00+00:00,AWS-BHO-102,15.8,965.2,21.0,False,,low,2.6,NORMAL,15.3,957.7,26.0,HEALTHY,replay,4.3,0.0
2025-03-05T05:00:00+00:00,AWS-BHO-102,15.4,965.6,23.0,False,,low,3.2,NORMAL,14.9,958.2,25.0,HEALTHY,replay,5.3,0.0
2025-03-05T06:00:00+00:00,AWS-BHO-102,14.6,966.8,37.0,False,,low,27.0,NORMAL,14.4,959.1,38.0,HEALTHY,replay,44.9,0.0
2025-03-05T07:00:00+00:00,AWS-BHO-102,15.3,967.7,42.0,False,,low,8.5,NORMAL,15.0,960.0,42.0,HEALTHY,replay,14.2,0.0
2025-03-05T08:00:00+00:00,AWS-BHO-102,17.5,968.6,42.0,False,,low,8.9,NORMAL,16.9,960.7,39.0,HEALTHY,replay,14.8,0.0
2025-03-05T09:00:00+00:00,AWS-BHO-102,20.1,968.9,34.0,False,,low,4.0,NORMAL,19.5,961.3,34.0,HEALTHY,replay,6.7,0.0
2025-03-05T10:00:00+00:00,AWS-BHO-102,22.2,969.2,26.0,False,,low,5.3,NORMAL,21.6,961.7,27.0,HEALTHY,replay,8.8,0.0
2025-03-05T11:00:00+00:00,AWS-BHO-102,24.4,968.7,20.0,False,,low,10.6,NORMAL,23.9,961.3,21.0,HEALTHY,replay,17.7,0.0
2025-03-05T12:00:00+00:00,AWS-BHO-102,26.0,967.7,17.0,False,,low,5.4,NORMAL,25.7,960.2,16.0,HEALTHY,replay,9.1,0.0
2025-03-05T13:00:00+00:00,AWS-BHO-102,27.1,966.3,15.0,False,,low,5.6,NORMAL,26.9,959.0,13.0,HEALTHY,replay,9.3,0.0
2025-03-05T14:00:00+00:00,AWS-BHO-102,27.8,965.4,12.0,False,,low,11.4,NORMAL,27.3,958.1,13.0,HEALTHY,replay,19.0,0.0
2025-03-05T15:00:00+00:00,AWS-BHO-102,28.1,964.6,11.0,False,,low,6.5,NORMAL,27.4,957.5,12.0,HEALTHY,replay,10.9,0.0
2025-03-05T16:00:00+00:00,AWS-BHO-102,27.6,964.5,11.0,False,,low,1.9,NORMAL,26.8,957.4,11.0,HEALTHY,replay,3.2,0.0
2025-03-05T17:00:00+00:00,AWS-BHO-102,26.3,964.3,11.0,False,,low,2.2,NORMAL,25.6,957.3,12.0,HEALTHY,replay,3.7,0.0
2025-03-05T18:00:00+00:00,AWS-BHO-102,23.0,964.3,16.0,False,,low,4.5,NORMAL,22.9,957.6,16.0,HEALTHY,replay,7.5,0.0
2025-03-05T19:00:00+00:00,AWS-BHO-102,21.0,964.7,17.0,False,,low,2.9,NORMAL,21.2,957.9,16.0,HEALTHY,replay,4.8,0.0
2025-03-05T20:00:00+00:00,AWS-BHO-102,19.6,965.5,18.0,False,,low,1.4,NORMAL,20.1,958.6,16.0,HEALTHY,replay,2.3,0.0
2025-03-05T21:00:00+00:00,AWS-BHO-102,18.6,966.2,20.0,False,,low,1.4,NORMAL,19.2,959.2,18.0,HEALTHY,replay,2.4,0.0
2025-03-05T22:00:00+00:00,AWS-BHO-102,17.9,966.3,22.0,False,,low,0.7,NORMAL,17.9,959.4,21.0,HEALTHY,replay,1.1,0.0
2025-03-05T23:00:00+00:00,AWS-BHO-102,17.0,965.9,26.0,False,,low,0.6,NORMAL,16.5,958.9,25.0,HEALTHY,replay,1.0,0.0
2025-03-06T00:00:00+00:00,AWS-BHO-102,16.3,965.6,29.0,False,,low,0.3,NORMAL,16.0,958.5,28.0,HEALTHY,replay,0.5,0.0
2025-03-06T01:00:00+00:00,AWS-BHO-102,15.6,965.2,32.0,False,,low,0.3,NORMAL,15.2,958.0,33.0,HEALTHY,replay,0.5,0.0
2025-03-06T02:00:00+00:00,AWS-BHO-102,14.5,964.5,35.0,False,,low,0.3,NORMAL,14.8,957.4,36.0,HEALTHY,replay,0.4,0.0
2025-03-06T03:00:00+00:00,AWS-BHO-102,13.8,964.0,38.0,False,,low,0.4,NORMAL,14.5,956.9,38.0,HEALTHY,replay,0.7,0.0
2025-03-06T04:00:00+00:00,AWS-BHO-102,13.3,964.0,40.0,False,,low,0.3,NORMAL,14.1,956.8,40.0,HEALTHY,replay,0.6,0.0
2025-03-06T05:00:00+00:00,AWS-BHO-102,12.7,963.9,45.0,False,,low,0.9,NORMAL,13.8,956.7,44.0,HEALTHY,replay,1.4,0.0
2025-03-06T06:00:00+00:00,AWS-BHO-102,12.1,964.6,53.0,False,,low,4.8,NORMAL,13.6,957.4,49.0,HEALTHY,replay,8.0,0.0
2025-03-06T07:00:00+00:00,AWS-BHO-102,13.6,965.7,52.0,False,,low,2.0,NORMAL,14.9,958.3,48.0,HEALTHY,replay,3.3,0.0
2025-03-06T08:00:00+00:00,AWS-BHO-102,17.7,967.3,43.0,False,,low,7.9,NORMAL,18.2,959.9,43.0,HEALTHY,replay,13.2,0.0
2025-03-06T09:00:00+00:00,AWS-BHO-102,21.9,968.1,31.0,False,,low,21.8,NORMAL,21.9,960.9,29.0,HEALTHY,replay,36.3,0.0
2025-03-06T10:00:00+00:00,AWS-BHO-102,24.7,968.5,21.0,False,,low,16.9,NORMAL,24.2,961.1,20.0,HEALTHY,replay,28.2,0.0
2025-03-06T11:00:00+00:00,AWS-BHO-102,26.5,967.9,18.0,False,,low,4.3,NORMAL,25.8,960.6,16.0,HEALTHY,replay,7.1,0.0
2025-03-06T12:00:00+00:00,AWS-BHO-102,28.1,967.3,15.0,False,,low,5.4,NORMAL,27.1,960.1,14.0,HEALTHY,replay,9.1,0.0
2025-03-06T13:00:00+00:00,AWS-BHO-102,29.3,966.5,13.0,False,,low,3.7,NORMAL,29.2,959.2,12.0,HEALTHY,replay,6.2,0.0
2025-03-06T14:00:00+00:00,AWS-BHO-102,30.0,965.8,11.0,False,,low,2.6,NORMAL,29.9,958.6,10.0,HEALTHY,replay,4.3,0.0
2025-03-06T15:00:00+00:00,AWS-BHO-102,30.0,965.0,10.0,False,,low,1.9,NORMAL,29.8,957.9,10.0,HEALTHY,replay,3.1,0.0
2025-03-06T16:00:00+00:00,AWS-BHO-102,29.6,964.4,10.0,False,,low,2.3,NORMAL,29.4,957.4,10.0,HEALTHY,replay,3.8,0.0
2025-03-06T17:00:00+00:00,AWS-BHO-102,28.0,964.2,13.0,False,,low,1.3,NORMAL,27.8,957.0,30.0,HEALTHY,replay,2.1,0.0
2025-03-06T18:00:00+00:00,AWS-BHO-102,24.0,964.4,19.0,False,,low,2.1,NORMAL,24.7,957.2,24.0,HEALTHY,replay,3.5,0.0
2025-03-06T19:00:00+00:00,AWS-BHO-102,22.6,964.4,19.0,False,,low,1.3,NORMAL,23.0,957.3,24.0,HEALTHY,replay,2.2,0.0
2025-03-06T20:00:00+00:00,AWS-BHO-102,21.5,964.6,20.0,False,,low,1.0,NORMAL,21.8,957.5,25.0,HEALTHY,replay,1.7,0.0
2025-03-06T21:00:00+00:00,AWS-BHO-102,20.9,964.6,21.0,False,,low,0.8,NORMAL,20.8,957.5,25.0,HEALTHY,replay,1.4,0.0
2025-03-06T22:00:00+00:00,AWS-BHO-102,19.7,964.2,24.0,False,,low,0.7,NORMAL,19.8,957.1,24.0,HEALTHY,replay,1.1,0.0
2025-03-06T23:00:00+00:00,AWS-BHO-102,18.2,963.5,28.0,False,,low,0.8,NORMAL,18.8,956.6,26.0,HEALTHY,replay,1.4,0.0
2025-03-07T00:00:00+00:00,AWS-BHO-102,16.8,963.1,31.0,False,,low,0.8,NORMAL,17.5,956.1,31.0,HEALTHY,replay,1.3,0.0
2025-03-07T01:00:00+00:00,AWS-BHO-102,16.2,963.0,32.0,False,,low,0.4,NORMAL,17.0,955.7,34.0,HEALTHY,replay,0.7,0.0
2025-03-07T02:00:00+00:00,AWS-BHO-102,15.5,962.5,32.0,False,,low,0.6,NORMAL,16.9,955.1,34.0,HEALTHY,replay,1.0,0.0
2025-03-07T03:00:00+00:00,AWS-BHO-102,15.2,962.3,32.0,False,,low,0.8,NORMAL,16.5,954.9,35.0,HEALTHY,replay,1.3,0.0
2025-03-07T04:00:00+00:00,AWS-BHO-102,15.1,962.1,31.0,False,,low,1.0,NORMAL,16.0,954.6,36.0,HEALTHY,replay,1.7,0.0
2025-03-07T05:00:00+00:00,AWS-BHO-102,14.8,962.2,32.0,False,,low,1.9,NORMAL,15.6,954.7,36.0,HEALTHY,replay,3.2,0.0
2025-03-07T06:00:00+00:00,AWS-BHO-102,14.1,962.8,36.0,False,,low,1.0,NORMAL,14.7,955.3,45.0,HEALTHY,replay,1.6,0.0
2025-03-07T07:00:00+00:00,AWS-BHO-102,15.4,963.8,34.0,False,,low,1.0,NORMAL,16.1,956.4,49.0,HEALTHY,replay,1.7,0.0
2025-03-07T08:00:00+00:00,AWS-BHO-102,19.1,965.2,29.0,False,,low,3.3,NORMAL,19.9,958.0,37.0,HEALTHY,replay,5.5,0.0
2025-03-07T09:00:00+00:00,AWS-BHO-102,24.3,966.3,21.0,False,,low,29.1,NORMAL,24.3,959.2,28.0,HEALTHY,replay,48.5,0.0
2025-03-07T10:00:00+00:00,AWS-BHO-102,28.1,966.5,15.0,False,,low,34.7,NORMAL,27.5,959.3,21.0,HEALTHY,replay,57.9,0.0
2025-03-07T11:00:00+00:00,AWS-BHO-102,30.0,966.0,13.0,False,,low,12.9,NORMAL,29.5,958.9,17.0,HEALTHY,replay,21.6,0.0
2025-03-07T12:00:00+00:00,AWS-BHO-102,31.1,964.8,13.0,False,,low,10.4,NORMAL,30.7,957.8,16.0,HEALTHY,replay,17.3,0.0
2025-03-07T13:00:00+00:00,AWS-BHO-102,31.8,963.6,13.0,False,,low,9.8,NORMAL,31.6,956.5,16.0,HEALTHY,replay,16.4,0.0
2025-03-07T14:00:00+00:00,AWS-BHO-102,32.3,962.6,13.0,False,,low,12.8,NORMAL,32.2,955.6,16.0,HEALTHY,replay,21.3,0.0
2025-03-07T15:00:00+00:00,AWS-BHO-102,32.4,961.8,12.0,False,,low,10.2,NORMAL,32.3,954.6,16.0,HEALTHY,replay,16.9,0.0
2025-03-07T16:00:00+00:00,AWS-BHO-102,32.0,961.6,12.0,False,,low,10.4,NORMAL,31.9,954.6,19.0,HEALTHY,replay,17.3,0.0
2025-03-07T17:00:00+00:00,AWS-BHO-102,30.1,961.1,18.0,False,,low,11.2,NORMAL,30.5,954.2,35.48,HEALTHY,replay,18.7,0.0
2025-03-07T18:00:00+00:00,AWS-BHO-102,27.1,960.9,20.0,False,,low,14.0,NORMAL,27.0,953.9,25.0,HEALTHY,replay,23.4,0.0
2025-03-07T19:00:00+00:00,AWS-BHO-102,25.6,961.2,23.0,False,,low,7.6,NORMAL,24.9,954.2,31.0,HEALTHY,replay,12.7,0.0
2025-03-07T20:00:00+00:00,AWS-BHO-102,23.9,961.6,25.0,False,,low,3.7,NORMAL,23.7,954.7,33.0,HEALTHY,replay,6.2,0.0
2025-03-07T21:00:00+00:00,AWS-BHO-102,21.0,961.7,31.0,False,,low,9.1,NORMAL,22.6,954.9,32.0,HEALTHY,replay,15.2,0.0
2025-03-07T22:00:00+00:00,AWS-BHO-102,19.8,961.7,36.0,False,,low,5.3,NORMAL,22.4,954.8,32.0,HEALTHY,replay,8.8,0.0
2025-03-07T23:00:00+00:00,AWS-BHO-102,19.5,961.3,37.0,False,,low,3.0,NORMAL,22.0,954.5,31.0,HEALTHY,replay,5.0,0.0
2025-03-08T00:00:00+00:00,AWS-BHO-102,19.0,960.9,36.0,False,,low,2.8,NORMAL,21.3,954.2,33.0,HEALTHY,replay,4.7,0.0
2025-03-08T01:00:00+00:00,AWS-BHO-102,17.9,960.4,40.0,False,,low,1.7,NORMAL,20.4,953.7,33.0,HEALTHY,replay,2.8,0.0
2025-03-08T02:00:00+00:00,AWS-BHO-102,17.0,959.5,44.0,False,,low,3.0,NORMAL,19.4,952.9,35.0,HEALTHY,replay,5.1,0.0
2025-03-08T03:00:00+00:00,AWS-BHO-102,16.4,958.7,47.0,False,,low,6.4,NORMAL,18.6,952.2,34.0,HEALTHY,replay,10.6,0.0
2025-03-08T04:00:00+00:00,AWS-BHO-102,16.1,958.4,48.0,False,,low,6.0,NORMAL,18.5,951.7,33.0,HEALTHY,replay,10.1,0.0
2025-03-08T05:00:00+00:00,AWS-BHO-102,15.7,958.8,49.0,False,,low,3.8,NORMAL,17.9,951.9,33.0,HEALTHY,replay,6.4,0.0
2025-03-08T06:00:00+00:00,AWS-BHO-102,15.0,959.7,58.0,False,,low,13.2,NORMAL,16.5,952.7,39.0,HEALTHY,replay,21.9,0.0
2025-03-08T07:00:00+00:00,AWS-BHO-102,17.1,960.5,48.0,False,,low,10.0,NORMAL,18.3,953.5,37.0,HEALTHY,replay,16.6,0.0
2025-03-08T08:00:00+00:00,AWS-BHO-102,21.6,961.9,37.0,False,,low,28.0,NORMAL,22.6,955.0,34.0,HEALTHY,replay,46.7,0.0
2025-03-08T09:00:00+00:00,AWS-BHO-102,26.4,963.2,27.0,False,,low,52.8,NORMAL,26.6,956.1,26.0,HEALTHY,replay,87.9,0.0
2025-03-08T10:00:00+00:00,AWS-BHO-102,29.8,963.6,21.0,False,,low,47.9,NORMAL,29.4,956.4,21.0,HEALTHY,replay,79.9,0.0
2025-03-08T11:00:00+00:00,AWS-BHO-102,31.9,963.3,17.0,False,,low,31.6,NORMAL,31.3,956.4,17.0,HEALTHY,replay,52.7,0.0
2025-03-08T12:00:00+00:00,AWS-BHO-102,32.9,962.5,15.0,False,,low,22.7,NORMAL,32.2,955.5,16.0,HEALTHY,replay,37.8,0.0
2025-03-08T13:00:00+00:00,AWS-BHO-102,33.2,961.5,15.0,False,,low,8.8,NORMAL,32.7,954.5,15.0,HEALTHY,replay,14.7,0.0
2025-03-08T14:00:00+00:00,AWS-BHO-102,33.3,960.6,15.0,False,,low,7.5,NORMAL,32.0,953.5,15.0,HEALTHY,replay,12.5,0.0
2025-03-08T15:00:00+00:00,AWS-BHO-102,33.2,960.0,14.0,False,,low,5.6,NORMAL,31.8,953.0,15.0,HEALTHY,replay,9.4,0.0
2025-03-08T16:00:00+00:00,AWS-BHO-102,32.6,959.9,14.0,False,,low,4.1,NORMAL,31.62,952.8,16.0,HEALTHY,replay,6.8,0.0
2025-03-08T17:00:00+00:00,AWS-BHO-102,30.9,960.0,16.0,False,,low,3.2,NORMAL,30.6,952.9,23.0,HEALTHY,replay,5.4,0.0
2025-03-08T18:00:00+00:00,AWS-BHO-102,27.6,960.3,18.0,False,,low,4.8,NORMAL,27.39,953.0,28.0,HEALTHY,replay,8.0,0.0
2025-03-08T19:00:00+00:00,AWS-BHO-102,25.9,960.6,18.0,False,,low,4.4,NORMAL,25.6,953.5,27.0,HEALTHY,replay,7.4,0.0
2025-03-08T20:00:00+00:00,AWS-BHO-102,24.9,961.3,18.0,False,,low,4.0,NORMAL,23.4,954.1,27.0,HEALTHY,replay,6.7,0.0
2025-03-08T21:00:00+00:00,AWS-BHO-102,23.3,961.8,20.0,False,,low,4.1,NORMAL,22.6,954.4,27.0,HEALTHY,replay,6.9,0.0
2025-03-08T22:00:00+00:00,AWS-BHO-102,22.2,962.3,28.0,False,,low,6.4,NORMAL,22.0,954.6,28.0,HEALTHY,replay,10.6,0.0
2025-03-08T23:00:00+00:00,AWS-BHO-102,20.4,962.2,34.0,False,,low,3.0,NORMAL,21.7,954.8,26.0,HEALTHY,replay,5.0,0.0
2025-03-09T00:00:00+00:00,AWS-BHO-102,19.1,961.6,40.0,False,,low,2.1,NORMAL,20.6,954.4,33.0,HEALTHY,replay,3.5,0.0
2025-03-09T01:00:00+00:00,AWS-BHO-102,18.6,961.2,44.0,False,,low,1.6,NORMAL,19.4,954.3,41.0,HEALTHY,replay,2.7,0.0
2025-03-09T02:00:00+00:00,AWS-BHO-102,17.3,961.0,49.0,False,,low,1.5,NORMAL,18.6,953.5,47.0,HEALTHY,replay,2.5,0.0
2025-03-09T03:00:00+00:00,AWS-BHO-102,17.4,960.8,49.0,False,,low,1.2,NORMAL,18.5,953.1,46.0,HEALTHY,replay,2.0,0.0
2025-03-09T04:00:00+00:00,AWS-BHO-102,17.3,960.8,50.0,False,,low,1.0,NORMAL,18.6,953.4,44.0,HEALTHY,replay,1.7,0.0
2025-03-09T05:00:00+00:00,AWS-BHO-102,16.7,961.3,51.0,False,,low,1.7,NORMAL,18.3,953.8,45.0,HEALTHY,replay,2.9,0.0
2025-03-09T06:00:00+00:00,AWS-BHO-102,16.7,962.1,56.0,False,,low,1.3,NORMAL,18.4,954.7,50.0,HEALTHY,replay,2.2,0.0
2025-03-09T07:00:00+00:00,AWS-BHO-102,18.4,963.2,50.0,False,,low,1.4,NORMAL,19.1,955.8,49.0,HEALTHY,replay,2.3,0.0
2025-03-09T08:00:00+00:00,AWS-BHO-102,22.6,964.6,39.0,False,,low,14.6,NORMAL,22.9,957.3,44.0,HEALTHY,replay,24.3,0.0
2025-03-09T09:00:00+00:00,AWS-BHO-102,27.0,965.9,30.0,False,,low,41.3,NORMAL,26.4,958.4,36.0,HEALTHY,replay,68.8,0.0
2025-03-09T10:00:00+00:00,AWS-BHO-102,30.6,966.2,20.0,False,,low,48.7,NORMAL,29.0,958.8,28.0,HEALTHY,replay,81.2,0.0
2025-03-09T11:00:00+00:00,AWS-BHO-102,32.3,966.0,16.0,False,,low,32.0,NORMAL,31.0,958.9,21.0,HEALTHY,replay,53.3,0.0
2025-03-09T12:00:00+00:00,AWS-BHO-102,33.2,965.1,15.0,False,,low,26.8,NORMAL,32.2,957.9,18.0,HEALTHY,replay,44.7,0.0
2025-03-09T13:00:00+00:00,AWS-BHO-102,33.8,964.2,15.0,False,,low,9.7,NORMAL,32.9,957.1,17.0,HEALTHY,replay,16.2,0.0
2025-03-09T14:00:00+00:00,AWS-BHO-102,34.1,963.4,14.0,False,,low,9.7,NORMAL,33.1,956.3,17.0,HEALTHY,replay,16.2,0.0
2025-03-09T15:00:00+00:00,AWS-BHO-102,33.9,962.8,14.0,False,,low,7.7,NORMAL,32.9,955.7,17.0,HEALTHY,replay,12.8,0.0
2025-03-09T16:00:00+00:00,AWS-BHO-102,33.2,962.7,15.0,False,,low,8.5,NORMAL,32.3,955.6,17.0,HEALTHY,replay,14.1,0.0
2025-03-09T17:00:00+00:00,AWS-BHO-102,31.8,962.8,17.0,False,,low,6.4,NORMAL,31.1,955.8,21.0,HEALTHY,replay,10.6,0.0
2025-03-09T18:00:00+00:00,AWS-BHO-102,28.7,963.4,19.0,False,,low,7.0,NORMAL,28.4,956.2,25.0,HEALTHY,replay,11.7,0.0
2025-03-09T19:00:00+00:00,AWS-BHO-102,26.2,963.6,24.0,False,,low,4.8,NORMAL,26.5,956.3,31.0,HEALTHY,replay,8.0,0.0
2025-03-09T20:00:00+00:00,AWS-BHO-102,24.6,964.8,25.0,False,,low,5.8,NORMAL,25.3,957.4,33.0,HEALTHY,replay,9.7,0.0
2025-03-09T21:00:00+00:00,AWS-BHO-102,24.6,965.7,25.0,False,,low,6.2,NORMAL,25.2,958.0,31.0,HEALTHY,replay,10.3,0.0
2025-03-09T22:00:00+00:00,AWS-BHO-102,23.7,966.1,25.0,False,,low,6.8,NORMAL,24.7,958.4,28.0,HEALTHY,replay,11.4,0.0
2025-03-09T23:00:00+00:00,AWS-BHO-102,23.1,965.7,26.0,False,,low,4.4,NORMAL,23.2,958.1,28.0,HEALTHY,replay,7.3,0.0
2025-03-10T00:00:00+00:00,AWS-BHO-102,22.5,965.2,28.0,False,,low,5.2,NORMAL,22.2,958.1,31.0,HEALTHY,replay,8.7,0.0
2025-03-10T01:00:00+00:00,AWS-BHO-102,20.9,964.8,32.0,False,,low,3.9,NORMAL,21.4,957.5,33.0,HEALTHY,replay,6.5,0.0
2025-03-10T02:00:00+00:00,AWS-BHO-102,20.5,964.3,33.0,False,,low,3.4,NORMAL,21.0,957.1,33.0,HEALTHY,replay,5.6,0.0
2025-03-10T03:00:00+00:00,AWS-BHO-102,19.5,963.9,35.0,False,,low,2.9,NORMAL,20.7,956.6,34.0,HEALTHY,replay,4.9,0.0
2025-03-10T04:00:00+00:00,AWS-BHO-102,18.7,964.0,38.0,False,,low,1.2,NORMAL,20.1,956.7,36.0,HEALTHY,replay,2.1,0.0
2025-03-10T05:00:00+00:00,AWS-BHO-102,18.2,964.7,41.0,False,,low,1.6,NORMAL,19.6,957.3,37.0,HEALTHY,replay,2.6,0.0
2025-03-10T06:00:00+00:00,AWS-BHO-102,18.4,965.9,44.0,False,,low,2.6,NORMAL,20.0,958.7,38.0,HEALTHY,replay,4.3,0.0
2025-03-10T07:00:00+00:00,AWS-BHO-102,20.6,966.9,40.0,False,,low,2.7,NORMAL,20.7,959.5,38.0,HEALTHY,replay,4.5,0.0
2025-03-10T08:00:00+00:00,AWS-BHO-102,24.0,968.3,33.0,False,,low,16.1,NORMAL,23.6,960.8,35.0,HEALTHY,replay,26.9,0.0
2025-03-10T09:00:00+00:00,AWS-BHO-102,27.6,969.2,26.0,False,,low,23.4,NORMAL,26.7,961.8,30.0,HEALTHY,replay,39.0,0.0
2025-03-10T10:00:00+00:00,AWS-BHO-102,30.9,969.6,21.0,False,,low,29.9,NORMAL,29.6,962.2,25.0,HEALTHY,replay,49.8,0.0
2025-03-10T11:00:00+00:00,AWS-BHO-102,33.3,968.9,17.0,False,,low,27.0,NORMAL,31.8,961.7,19.0,HEALTHY,replay,45.0,0.0
2025-03-10T12:00:00+00:00,AWS-BHO-102,34.6,967.8,15.0,False,,low,26.9,NORMAL,33.5,960.8,17.0,HEALTHY,replay,44.9,0.0
2025-03-10T13:00:00+00:00,AWS-BHO-102,35.2,966.8,15.0,False,,low,12.9,NORMAL,34.3,959.8,16.0,HEALTHY,replay,21.6,0.0
2025-03-10T14:00:00+00:00,AWS-BHO-102,35.5,965.7,14.0,False,,low,24.3,NORMAL,34.5,958.8,15.0,HEALTHY,replay,40.4,0.0
2025-03-10T15:00:00+00:00,AWS-BHO-102,35.5,965.0,14.0,False,,low,12.1,NORMAL,34.5,958.1,15.0,HEALTHY,replay,20.1,0.0
2025-03-10T16:00:00+00:00,AWS-BHO-102,34.7,964.8,15.0,False,,low,8.8,NORMAL,34.0,958.0,15.0,HEALTHY,replay,14.7,0.0
2025-03-10T17:00:00+00:00,AWS-BHO-102,33.2,965.0,16.0,False,,low,6.4,NORMAL,32.8,958.1,29.0,HEALTHY,replay,10.7,0.0
2025-03-10T18:00:00+00:00,AWS-BHO-102,29.6,965.2,21.0,False,,low,6.0,NORMAL,30.0,958.3,21.0,HEALTHY,replay,9.9,0.0
2025-03-10T19:00:00+00:00,AWS-BHO-102,27.7,965.4,25.0,False,,low,4.3,NORMAL,28.3,958.3,29.0,HEALTHY,replay,7.2,0.0
2025-03-10T20:00:00+00:00,AWS-BHO-102,26.9,966.6,26.0,False,,low,3.2,NORMAL,26.4,959.2,29.0,HEALTHY,replay,5.4,0.0
2025-03-10T21:00:00+00:00,AWS-BHO-102,25.0,966.8,28.0,False,,low,2.5,NORMAL,25.2,959.2,30.0,HEALTHY,replay,4.2,0.0
2025-03-10T22:00:00+00:00,AWS-BHO-102,24.1,966.6,29.0,False,,low,1.8,NORMAL,24.3,959.1,31.0,HEALTHY,replay,3.0,0.0
2025-03-10T23:00:00+00:00,AWS-BHO-102,22.5,966.1,32.0,False,,low,2.6,NORMAL,22.9,959.1,33.0,HEALTHY,replay,4.4,0.0
2025-03-11T00:00:00+00:00,AWS-BHO-102,21.8,965.6,34.0,False,,low,1.4,NORMAL,23.1,958.5,33.0,HEALTHY,replay,2.3,0.0
2025-03-11T01:00:00+00:00,AWS-BHO-102,21.2,965.2,35.0,False,,low,0.6,NORMAL,22.4,958.1,36.0,HEALTHY,replay,1.0,0.0
2025-03-11T02:00:00+00:00,AWS-BHO-102,20.7,964.7,37.0,False,,low,0.6,NORMAL,21.9,957.4,36.0,HEALTHY,replay,0.9,0.0
2025-03-11T03:00:00+00:00,AWS-BHO-102,20.4,964.3,39.0,False,,low,0.4,NORMAL,21.3,957.0,37.0,HEALTHY,replay,0.6,0.0
2025-03-11T04:00:00+00:00,AWS-BHO-102,19.6,964.4,41.0,False,,low,0.2,NORMAL,20.7,957.0,39.0,HEALTHY,replay,0.4,0.0
2025-03-11T05:00:00+00:00,AWS-BHO-102,18.9,964.7,43.0,False,,low,0.2,NORMAL,20.3,957.4,41.13,HEALTHY,replay,0.4,0.0
2025-03-11T06:00:00+00:00,AWS-BHO-102,18.7,965.8,48.0,False,,low,0.3,NORMAL,19.9,958.5,46.34,HEALTHY,replay,0.6,0.0
2025-03-11T07:00:00+00:00,AWS-BHO-102,20.4,967.1,45.0,False,,low,1.0,NORMAL,21.1,959.6,43.6,HEALTHY,replay,1.6,0.0
2025-03-11T08:00:00+00:00,AWS-BHO-102,24.1,968.4,36.0,False,,low,6.4,NORMAL,24.4,960.9,38.9,HEALTHY,replay,10.7,0.0
2025-03-11T09:00:00+00:00,AWS-BHO-102,28.4,969.2,28.0,False,,low,10.9,NORMAL,27.9,961.9,32.0,HEALTHY,replay,18.2,0.0
2025-03-11T10:00:00+00:00,AWS-BHO-102,32.3,968.9,21.0,False,,low,15.7,NORMAL,30.9,961.9,26.0,HEALTHY,replay,26.1,0.0
2025-03-11T11:00:00+00:00,AWS-BHO-102,34.4,968.3,17.0,False,,low,7.7,NORMAL,33.2,961.3,21.0,HEALTHY,replay,12.8,0.0
2025-03-11T12:00:00+00:00,AWS-BHO-102,35.4,967.3,16.0,False,,low,3.6,NORMAL,34.5,960.3,19.0,HEALTHY,replay,5.9,0.0
2025-03-11T13:00:00+00:00,AWS-BHO-102,35.9,966.0,15.0,False,,low,2.5,NORMAL,35.2,959.0,18.0,HEALTHY,replay,4.1,0.0
2025-03-11T14:00:00+00:00,AWS-BHO-102,36.0,965.1,14.0,False,,low,3.1,NORMAL,35.7,958.0,17.0,HEALTHY,replay,5.1,0.0
2025-03-11T15:00:00+00:00,AWS-BHO-102,35.8,964.3,14.0,False,,low,4.3,NORMAL,35.9,957.0,16.0,HEALTHY,replay,7.2,0.0
2025-03-11T16:00:00+00:00,AWS-BHO-102,35.5,963.8,14.0,False,,low,4.7,NORMAL,35.9,956.4,17.0,HEALTHY,replay,7.8,0.0
2025-03-11T17:00:00+00:00,AWS-BHO-102,34.0,963.5,23.0,False,,low,3.9,NORMAL,34.2,956.5,23.72,HEALTHY,replay,6.4,0.0
2025-03-11T18:00:00+00:00,AWS-BHO-102,30.4,963.7,19.0,False,,low,4.6,NORMAL,30.0,956.8,28.0,HEALTHY,replay,7.6,0.0
2025-03-11T19:00:00+00:00,AWS-BHO-102,28.6,963.7,21.0,False,,low,2.8,NORMAL,28.7,956.9,26.0,HEALTHY,replay,4.7,0.0
2025-03-11T20:00:00+00:00,AWS-BHO-102,27.3,964.1,23.0,False,,low,2.0,NORMAL,26.5,957.2,27.0,HEALTHY,replay,3.3,0.0
2025-03-11T21:00:00+00:00,AWS-BHO-102,25.9,964.3,26.0,False,,low,1.7,NORMAL,25.7,957.5,28.0,HEALTHY,replay,2.9,0.0
2025-03-11T22:00:00+00:00,AWS-BHO-102,25.0,964.1,28.0,False,,low,2.3,NORMAL,25.6,957.2,31.0,HEALTHY,replay,3.8,0.0
2025-03-11T23:00:00+00:00,AWS-BHO-102,23.0,963.3,31.0,False,,low,2.7,NORMAL,25.2,956.4,38.0,HEALTHY,replay,4.4,0.0
2025-03-12T00:00:00+00:00,AWS-BHO-102,22.1,962.6,36.0,False,,low,3.2,NORMAL,24.4,955.9,39.0,HEALTHY,replay,5.3,0.0
2025-03-12T01:00:00+00:00,AWS-BHO-102,21.8,962.0,38.0,False,,low,3.5,NORMAL,24.3,955.4,41.0,HEALTHY,replay,5.8,0.0
2025-03-12T02:00:00+00:00,AWS-BHO-102,21.3,962.0,39.0,False,,low,1.7,NORMAL,23.3,954.8,44.0,HEALTHY,replay,2.8,0.0
2025-03-12T03:00:00+00:00,AWS-BHO-102,21.0,961.7,40.0,False,,low,1.5,NORMAL,22.1,954.5,44.0,HEALTHY,replay,2.4,0.0
2025-03-12T04:00:00+00:00,AWS-BHO-102,20.0,961.2,43.0,False,,low,2.5,NORMAL,22.1,954.1,46.0,HEALTHY,replay,4.2,0.0
2025-03-12T05:00:00+00:00,AWS-BHO-102,19.1,961.0,46.0,False,,low,4.8,NORMAL,22.3,954.2,46.0,HEALTHY,replay,8.0,0.0
2025-03-12T06:00:00+00:00,AWS-BHO-102,19.5,962.0,48.0,False,,low,3.8,NORMAL,22.0,955.2,45.0,HEALTHY,replay,6.3,0.0
2025-03-12T07:00:00+00:00,AWS-BHO-102,21.8,963.0,43.0,False,,low,7.0,NORMAL,23.5,955.8,43.0,HEALTHY,replay,11.6,0.0
2025-03-12T08:00:00+00:00,AWS-BHO-102,25.7,964.6,35.0,False,,low,19.2,NORMAL,27.3,957.5,38.0,HEALTHY,replay,32.0,0.0
2025-03-12T09:00:00+00:00,AWS-BHO-102,30.0,965.2,28.0,False,,low,37.3,NORMAL,30.6,958.2,31.0,HEALTHY,replay,62.1,0.0
2025-03-12T10:00:00+00:00,AWS-BHO-102,33.6,965.6,22.0,False,,low,42.0,NORMAL,33.2,958.6,25.0,HEALTHY,replay,70.0,0.0
2025-03-12T11:00:00+00:00,AWS-BHO-102,35.4,964.8,18.0,False,,low,17.7,NORMAL,34.9,957.8,21.0,HEALTHY,replay,29.5,0.0
2025-03-12T12:00:00+00:00,AWS-BHO-102,36.8,963.7,14.0,False,,low,27.8,NORMAL,36.2,956.7,18.0,HEALTHY,replay,46.3,0.0
2025-03-12T13:00:00+00:00,AWS-BHO-102,37.4,962.3,12.0,False,,low,20.2,NORMAL,36.9,955.4,16.0,HEALTHY,replay,33.6,0.0
2025-03-12T14:00:00+00:00,AWS-BHO-102,37.8,961.1,11.0,False,,low,26.6,NORMAL,37.1,954.3,14.0,HEALTHY,replay,44.4,0.0
2025-03-12T15:00:00+00:00,AWS-BHO-102,37.7,960.4,11.0,False,,low,19.6,NORMAL,37.2,953.4,13.0,HEALTHY,replay,32.6,0.0
2025-03-12T16:00:00+00:00,AWS-BHO-102,37.0,959.8,11.0,False,,low,24.5,NORMAL,36.4,953.0,14.0,HEALTHY,replay,40.8,0.0
2025-03-12T17:00:00+00:00,AWS-BHO-102,35.5,959.5,12.0,False,,low,16.1,NORMAL,35.2,952.8,30.0,HEALTHY,replay,26.8,0.0
2025-03-12T18:00:00+00:00,AWS-BHO-102,31.3,959.2,16.0,False,,low,18.6,NORMAL,32.0,952.7,13.0,HEALTHY,replay,30.9,0.0
2025-03-12T19:00:00+00:00,AWS-BHO-102,29.1,959.8,17.0,False,,low,13.5,NORMAL,29.7,953.2,15.0,HEALTHY,replay,22.6,0.0
2025-03-12T20:00:00+00:00,AWS-BHO-102,27.5,960.5,20.0,False,,low,8.1,NORMAL,28.1,953.8,17.0,HEALTHY,replay,13.4,0.0
2025-03-12T21:00:00+00:00,AWS-BHO-102,25.9,960.9,22.0,False,,low,5.0,NORMAL,27.4,954.3,18.0,HEALTHY,replay,8.4,0.0
2025-03-12T22:00:00+00:00,AWS-BHO-102,25.2,961.1,23.0,False,,low,4.5,NORMAL,26.8,954.5,24.0,HEALTHY,replay,7.4,0.0
2025-03-12T23:00:00+00:00,AWS-BHO-102,22.9,960.9,28.0,False,,low,5.0,NORMAL,22.7,954.4,26.0,HEALTHY,replay,8.3,0.0
2025-03-13T00:00:00+00:00,AWS-BHO-102,22.3,960.9,31.0,False,,low,2.8,NORMAL,22.0,954.1,26.0,HEALTHY,replay,4.7,0.0
2025-03-13T01:00:00+00:00,AWS-BHO-102,22.3,960.2,30.0,False,,low,2.3,NORMAL,21.0,953.6,28.0,HEALTHY,replay,3.8,0.0
2025-03-13T02:00:00+00:00,AWS-BHO-102,21.1,959.6,30.0,False,,low,2.1,NORMAL,21.4,953.0,26.0,HEALTHY,replay,3.6,0.0
2025-03-13T03:00:00+00:00,AWS-BHO-102,21.0,959.2,30.0,False,,low,3.1,NORMAL,24.2,952.8,26.0,HEALTHY,replay,5.1,0.0
2025-03-13T04:00:00+00:00,AWS-BHO-102,21.3,959.4,29.0,False,,low,4.7,NORMAL,23.9,952.8,26.0,HEALTHY,replay,7.9,0.0
2025-03-13T05:00:00+00:00,AWS-BHO-102,20.2,959.8,32.0,False,,low,3.6,NORMAL,23.6,955.55,26.0,HEALTHY,replay,6.0,0.0
2025-03-13T06:00:00+00:00,AWS-BHO-102,20.3,960.8,37.0,False,,low,4.4,NORMAL,22.6,954.1,30.0,HEALTHY,replay,7.3,0.0
2025-03-13T07:00:00+00:00,AWS-BHO-102,22.3,961.9,34.0,False,,low,7.8,NORMAL,23.6,954.9,30.0,HEALTHY,replay,13.0,0.0
2025-03-13T08:00:00+00:00,AWS-BHO-102,26.1,963.2,28.0,False,,low,20.2,NORMAL,27.3,956.0,27.0,HEALTHY,replay,33.6,0.0
2025-03-13T09:00:00+00:00,AWS-BHO-102,30.5,964.2,22.0,False,,low,33.2,NORMAL,30.9,957.1,22.0,HEALTHY,replay,55.3,0.0
2025-03-13T10:00:00+00:00,AWS-BHO-102,34.1,964.2,16.0,False,,low,39.5,NORMAL,33.6,957.2,16.0,HEALTHY,replay,65.8,0.0
2025-03-13T11:00:00+00:00,AWS-BHO-102,35.5,963.6,11.0,False,,low,35.3,NORMAL,35.1,956.7,13.0,HEALTHY,replay,58.8,0.0
2025-03-13T12:00:00+00:00,AWS-BHO-102,36.5,962.7,10.0,False,,low,24.4,NORMAL,36.2,955.7,11.0,HEALTHY,replay,40.7,0.0
2025-03-13T13:00:00+00:00,AWS-BHO-102,37.3,961.0,9.0,False,,low,15.0,NORMAL,36.7,954.1,10.0,HEALTHY,replay,25.0,0.0
2025-03-13T14:00:00+00:00,AWS-BHO-102,37.5,959.5,8.0,False,,low,20.9,NORMAL,37.1,952.7,9.0,HEALTHY,replay,34.9,0.0
2025-03-13T15:00:00+00:00,AWS-BHO-102,37.5,958.7,7.0,False,,low,35.4,NORMAL,36.9,951.9,8.0,HEALTHY,replay,59.1,0.0
2025-03-13T16:00:00+00:00,AWS-BHO-102,37.0,958.2,7.0,False,,low,15.2,NORMAL,36.3,951.5,8.0,HEALTHY,replay,25.3,0.0
2025-03-13T17:00:00+00:00,AWS-BHO-102,35.1,958.4,9.0,False,,low,9.4,NORMAL,35.0,951.53,13.0,HEALTHY,replay,15.6,0.0
2025-03-13T18:00:00+00:00,AWS-BHO-102,30.0,958.0,13.0,False,,low,15.8,NORMAL,31.8,951.21,11.0,HEALTHY,replay,26.4,0.0
2025-03-13T19:00:00+00:00,AWS-BHO-102,27.4,958.3,18.0,False,,low,13.9,NORMAL,29.8,952.39,12.0,HEALTHY,replay,23.1,0.0
2025-03-13T20:00:00+00:00,AWS-BHO-102,27.4,959.2,16.0,False,,low,3.3,NORMAL,28.5,952.8,14.0,HEALTHY,replay,5.6,0.0
2025-03-13T21:00:00+00:00,AWS-BHO-102,27.1,960.0,13.0,False,,low,5.3,NORMAL,27.4,953.7,14.0,HEALTHY,replay,8.8,0.0
2025-03-13T22:00:00+00:00,AWS-BHO-102,26.4,960.3,14.0,False,,low,2.5,NORMAL,26.8,953.7,15.0,HEALTHY,replay,4.1,0.0
2025-03-13T23:00:00+00:00,AWS-BHO-102,25.6,960.3,15.0,False,,low,2.4,NORMAL,26.3,953.7,15.0,HEALTHY,replay,4.0,0.0
2025-03-14T00:00:00+00:00,AWS-BHO-102,25.4,960.0,16.0,False,,low,3.0,NORMAL,25.9,953.4,16.0,HEALTHY,replay,5.1,0.0
2025-03-14T01:00:00+00:00,AWS-BHO-102,25.1,959.7,17.0,False,,low,3.0,NORMAL,25.7,952.9,17.0,HEALTHY,replay,4.9,0.0
2025-03-14T02:00:00+00:00,AWS-BHO-102,25.0,959.3,19.0,False,,low,4.6,NORMAL,25.4,952.4,18.0,HEALTHY,replay,7.7,0.0
2025-03-14T03:00:00+00:00,AWS-BHO-102,25.3,959.1,19.0,False,,low,3.8,NORMAL,25.4,952.2,20.0,HEALTHY,replay,6.4,0.0
2025-03-14T04:00:00+00:00,AWS-BHO-102,25.3,959.3,21.0,False,,low,4.5,NORMAL,25.1,952.5,22.0,HEALTHY,replay,7.6,0.0
2025-03-14T05:00:00+00:00,AWS-BHO-102,24.1,960.0,24.0,False,,low,4.2,NORMAL,24.2,953.1,25.0,HEALTHY,replay,6.9,0.0
2025-03-14T06:00:00+00:00,AWS-BHO-102,21.0,961.1,36.0,False,,low,7.5,NORMAL,22.5,954.2,30.0,HEALTHY,replay,12.6,0.0
2025-03-14T07:00:00+00:00,AWS-BHO-102,23.1,962.4,34.0,False,,low,3.5,NORMAL,23.7,955.2,32.0,HEALTHY,replay,5.9,0.0
2025-03-14T08:00:00+00:00,AWS-BHO-102,26.5,963.9,29.0,False,,low,12.6,NORMAL,27.1,956.8,30.0,HEALTHY,replay,21.0,0.0
2025-03-14T09:00:00+00:00,AWS-BHO-102,29.6,964.9,24.0,False,,low,23.6,NORMAL,29.8,957.8,25.0,HEALTHY,replay,39.3,0.0
2025-03-14T10:00:00+00:00,AWS-BHO-102,31.9,964.9,23.0,False,,low,14.8,NORMAL,32.1,957.9,22.0,HEALTHY,replay,24.7,0.0
2025-03-14T11:00:00+00:00,AWS-BHO-102,33.9,964.7,21.0,False,,low,6.0,NORMAL,33.9,957.6,20.0,HEALTHY,replay,10.0,0.0
2025-03-14T12:00:00+00:00,AWS-BHO-102,35.5,963.6,18.0,False,,low,3.5,NORMAL,35.3,956.5,17.0,HEALTHY,replay,5.8,0.0
2025-03-14T13:00:00+00:00,AWS-BHO-102,36.2,962.3,17.0,False,,low,3.5,NORMAL,36.4,955.2,16.0,HEALTHY,replay,5.8,0.0
2025-03-14T14:00:00+00:00,AWS-BHO-102,37.1,960.9,16.0,False,,low,5.9,NORMAL,36.7,954.0,15.0,HEALTHY,replay,9.8,0.0
2025-03-14T15:00:00+00:00,AWS-BHO-102,37.3,959.9,14.0,False,,low,7.2,NORMAL,36.6,953.2,14.0,HEALTHY,replay,12.0,0.0
2025-03-14T16:00:00+00:00,AWS-BHO-102,36.7,959.6,14.0,False,,low,4.9,NORMAL,36.1,952.8,14.0,HEALTHY,replay,8.2,0.0
2025-03-14T17:00:00+00:00,AWS-BHO-102,35.3,959.6,15.0,False,,low,3.6,NORMAL,35.0,952.8,15.0,HEALTHY,replay,5.9,0.0
2025-03-14T18:00:00+00:00,AWS-BHO-102,31.8,959.9,19.0,False,,low,2.5,NORMAL,31.4,953.0,20.0,HEALTHY,replay,4.2,0.0
2025-03-14T19:00:00+00:00,AWS-BHO-102,29.3,960.1,23.0,False,,low,1.8,NORMAL,29.3,953.7,19.0,HEALTHY,replay,2.9,0.0
2025-03-14T20:00:00+00:00,AWS-BHO-102,27.9,961.0,26.0,False,,low,1.5,NORMAL,28.3,954.3,24.0,HEALTHY,replay,2.6,0.0
2025-03-14T21:00:00+00:00,AWS-BHO-102,26.7,961.3,26.0,False,,low,1.0,NORMAL,26.9,954.7,28.0,HEALTHY,replay,1.7,0.0
2025-03-14T22:00:00+00:00,AWS-BHO-102,25.9,961.8,26.0,False,,low,0.9,NORMAL,26.9,955.0,26.0,HEALTHY,replay,1.5,0.0
2025-03-14T23:00:00+00:00,AWS-BHO-102,25.7,961.7,26.0,False,,low,0.5,NORMAL,25.6,954.8,26.0,HEALTHY,replay,0.8,0.0
2025-03-15T00:00:00+00:00,AWS-BHO-102,25.0,961.5,26.0,False,,low,0.7,NORMAL,24.8,954.6,27.0,HEALTHY,replay,1.1,0.0
2025-03-15T01:00:00+00:00,AWS-BHO-102,23.7,961.1,27.0,False,,low,0.9,NORMAL,24.5,954.0,26.0,HEALTHY,replay,1.6,0.0
2025-03-15T02:00:00+00:00,AWS-BHO-102,22.0,960.5,31.0,False,,low,1.1,NORMAL,23.6,953.7,27.0,HEALTHY,replay,1.9,0.0
2025-03-15T03:00:00+00:00,AWS-BHO-102,21.0,960.4,33.0,False,,low,1.3,NORMAL,22.4,953.4,29.0,HEALTHY,replay,2.1,0.0
2025-03-15T04:00:00+00:00,AWS-BHO-102,20.4,960.3,34.0,False,,low,1.2,NORMAL,21.8,953.3,30.0,HEALTHY,replay,1.9,0.0
2025-03-15T05:00:00+00:00,AWS-BHO-102,20.2,960.7,34.0,False,,low,0.8,NORMAL,21.6,953.6,31.0,HEALTHY,replay,1.4,0.0
2025-03-15T06:00:00+00:00,AWS-BHO-102,20.6,961.8,38.0,False,,low,0.9,NORMAL,21.0,954.9,38.0,HEALTHY,replay,1.5,0.0
2025-03-15T07:00:00+00:00,AWS-BHO-102,22.9,963.1,35.0,False,,low,2.8,NORMAL,22.9,955.8,36.0,HEALTHY,replay,4.7,0.0
2025-03-15T08:00:00+00:00,AWS-BHO-102,26.6,964.4,30.0,False,,low,13.4,NORMAL,26.9,957.2,31.0,HEALTHY,replay,22.4,0.0
2025-03-15T09:00:00+00:00,AWS-BHO-102,30.1,965.2,25.0,False,,low,13.0,NORMAL,30.4,958.2,25.0,HEALTHY,replay,21.7,0.0
2025-03-15T10:00:00+00:00,AWS-BHO-102,33.1,965.5,21.0,False,,low,14.6,NORMAL,33.0,958.4,19.0,HEALTHY,replay,24.3,0.0
2025-03-15T11:00:00+00:00,AWS-BHO-102,35.0,964.9,16.0,False,,low,9.7,NORMAL,34.5,958.29,16.0,HEALTHY,replay,16.2,0.0
2025-03-15T12:00:00+00:00,AWS-BHO-102,36.0,964.2,15.0,False,,low,3.5,NORMAL,35.7,957.68,15.0,HEALTHY,replay,5.9,0.0
2025-03-15T13:00:00+00:00,AWS-BHO-102,36.6,963.4,15.0,False,,low,1.9,NORMAL,36.6,956.87,14.0,HEALTHY,replay,3.1,0.0
2025-03-15T14:00:00+00:00,AWS-BHO-102,37.6,962.6,13.0,False,,low,5.2,NORMAL,36.9,956.16,14.0,HEALTHY,replay,8.7,0.0
2025-03-15T15:00:00+00:00,AWS-BHO-102,37.1,961.5,13.0,False,,low,3.8,NORMAL,36.6,955.54,14.0,HEALTHY,replay,6.4,0.0
2025-03-15T16:00:00+00:00,AWS-BHO-102,36.7,961.3,13.0,False,,low,4.8,NORMAL,35.4,955.63,15.0,HEALTHY,replay,7.9,0.0
2025-03-15T17:00:00+00:00,AWS-BHO-102,35.0,961.4,16.0,False,,low,2.8,NORMAL,34.6,955.92,17.0,HEALTHY,replay,4.7,0.0
2025-03-15T18:00:00+00:00,AWS-BHO-102,32.9,961.9,18.0,False,,low,1.6,NORMAL,32.9,956.71,19.0,HEALTHY,replay,2.7,0.0
2025-03-15T19:00:00+00:00,AWS-BHO-102,31.7,962.3,19.0,False,,low,1.6,NORMAL,31.3,957.4,20.0,HEALTHY,replay,2.6,0.0
2025-03-15T20:00:00+00:00,AWS-BHO-102,30.4,963.2,20.0,False,,low,2.2,NORMAL,29.9,958.19,22.0,HEALTHY,replay,3.6,0.0
2025-03-15T21:00:00+00:00,AWS-BHO-102,27.8,963.6,25.0,False,,low,2.7,NORMAL,29.2,958.78,23.0,HEALTHY,replay,4.4,0.0
2025-03-15T22:00:00+00:00,AWS-BHO-102,27.0,963.5,26.0,False,,low,1.0,NORMAL,28.4,959.07,24.0,HEALTHY,replay,1.7,0.0
2025-03-15T23:00:00+00:00,AWS-BHO-102,27.5,963.3,25.0,False,,low,1.1,NORMAL,28.6,958.95,24.0,HEALTHY,replay,1.8,0.0
2025-03-16T00:00:00+00:00,AWS-BHO-102,28.3,963.1,24.0,False,,low,1.4,NORMAL,28.4,958.84,24.0,HEALTHY,replay,2.3,0.0
2025-03-16T01:00:00+00:00,AWS-BHO-102,28.5,963.0,23.0,False,,low,4.6,NORMAL,27.9,958.73,25.0,HEALTHY,replay,7.6,0.0
2025-03-16T02:00:00+00:00,AWS-BHO-102,27.3,962.6,28.0,False,,low,5.3,NORMAL,26.7,958.52,28.0,HEALTHY,replay,8.8,0.0
2025-03-16T03:00:00+00:00,AWS-BHO-102,26.2,961.9,32.0,False,,low,3.5,NORMAL,25.5,958.01,33.0,HEALTHY,replay,5.8,0.0
2025-03-16T04:00:00+00:00,AWS-BHO-102,24.4,961.9,36.0,False,,low,1.8,NORMAL,24.6,958.3,37.0,HEALTHY,replay,3.0,0.0
2025-03-16T05:00:00+00:00,AWS-BHO-102,23.9,962.4,37.0,False,,low,0.7,NORMAL,23.2,958.99,39.0,HEALTHY,replay,1.2,0.0
2025-03-16T06:00:00+00:00,AWS-BHO-102,23.4,963.1,38.0,False,,low,0.7,NORMAL,23.4,960.08,39.0,HEALTHY,replay,1.2,0.0
2025-03-16T07:00:00+00:00,AWS-BHO-102,25.1,964.3,34.0,False,,low,1.6,NORMAL,24.3,961.17,36.0,HEALTHY,replay,2.6,0.0
2025-03-16T08:00:00+00:00,AWS-BHO-102,27.6,965.4,30.0,False,,low,2.1,NORMAL,27.2,962.55,31.0,HEALTHY,replay,3.5,0.0
2025-03-16T09:00:00+00:00,AWS-BHO-102,30.1,966.0,25.0,False,,low,3.3,NORMAL,29.5,963.34,25.0,HEALTHY,replay,5.4,0.0
2025-03-16T10:00:00+00:00,AWS-BHO-102,32.2,966.1,20.0,False,,low,4.6,NORMAL,31.6,963.73,22.0,HEALTHY,replay,7.7,0.0
2025-03-16T11:00:00+00:00,AWS-BHO-102,33.4,965.8,18.0,False,,low,2.0,NORMAL,33.1,963.62,19.0,HEALTHY,replay,3.4,0.0
2025-03-16T12:00:00+00:00,AWS-BHO-102,33.9,964.9,17.0,False,,low,1.4,NORMAL,33.9,962.71,17.0,HEALTHY,replay,2.3,0.0
2025-03-16T13:00:00+00:00,AWS-BHO-102,34.2,963.8,17.0,False,,low,1.3,NORMAL,34.5,961.6,16.0,HEALTHY,replay,2.2,0.0
2025-03-16T14:00:00+00:00,AWS-BHO-102,34.4,962.5,16.0,False,,low,3.1,NORMAL,34.5,960.5,16.0,HEALTHY,replay,5.2,0.0
2025-03-16T15:00:00+00:00,AWS-BHO-102,34.6,961.7,16.0,False,,low,3.7,NORMAL,34.6,959.7,16.0,HEALTHY,replay,6.2,0.0
2025-03-16T16:00:00+00:00,AWS-BHO-102,34.3,961.4,16.0,False,,low,2.5,NORMAL,33.9,959.5,16.0,HEALTHY,replay,4.1,0.0
2025-03-16T17:00:00+00:00,AWS-BHO-102,33.4,961.2,16.0,False,,low,1.8,NORMAL,33.0,959.3,17.0,HEALTHY,replay,3.0,0.0
2025-03-16T18:00:00+00:00,AWS-BHO-102,29.7,961.1,22.0,False,,low,5.7,NORMAL,30.4,959.5,24.0,HEALTHY,replay,9.5,0.0
2025-03-16T19:00:00+00:00,AWS-BHO-102,28.9,961.3,23.0,False,,low,2.9,NORMAL,28.6,959.4,24.0,HEALTHY,replay,4.8,0.0
2025-03-16T20:00:00+00:00,AWS-BHO-102,27.9,961.9,24.0,False,,low,1.6,NORMAL,27.7,960.0,26.0,HEALTHY,replay,2.7,0.0
2025-03-16T21:00:00+00:00,AWS-BHO-102,26.0,961.9,29.0,False,,low,1.2,NORMAL,27.0,960.2,27.0,HEALTHY,replay,2.0,0.0
2025-03-16T22:00:00+00:00,AWS-BHO-102,25.8,961.7,29.0,False,,low,1.1,NORMAL,25.6,960.1,28.0,HEALTHY,replay,1.9,0.0
2025-03-16T23:00:00+00:00,AWS-BHO-102,26.5,961.8,27.0,False,,low,1.2,NORMAL,26.1,960.0,28.0,HEALTHY,replay,1.9,0.0
2025-03-17T00:00:00+00:00,AWS-BHO-102,26.6,962.1,27.0,False,,low,1.3,NORMAL,25.9,960.0,29.0,HEALTHY,replay,2.1,0.0
2025-03-17T01:00:00+00:00,AWS-BHO-102,24.9,961.9,31.0,False,,low,1.3,NORMAL,24.2,960.0,30.0,HEALTHY,replay,2.2,0.0
2025-03-17T02:00:00+00:00,AWS-BHO-102,23.2,961.3,34.0,False,,low,1.3,NORMAL,23.4,959.4,34.0,HEALTHY,replay,2.1,0.0
2025-03-17T03:00:00+00:00,AWS-BHO-102,22.4,961.3,39.0,False,,low,1.2,NORMAL,22.5,959.2,38.0,HEALTHY,replay,2.0,0.0
2025-03-17T04:00:00+00:00,AWS-BHO-102,21.7,961.5,43.0,False,,low,0.5,NORMAL,21.7,959.6,41.0,HEALTHY,replay,0.8,0.0
2025-03-17T05:00:00+00:00,AWS-BHO-102,21.1,962.2,46.0,False,,low,0.5,NORMAL,20.9,960.3,46.0,HEALTHY,replay,0.9,0.0
2025-03-17T06:00:00+00:00,AWS-BHO-102,21.5,963.3,58.0,False,,low,6.5,NORMAL,21.1,961.4,55.0,HEALTHY,replay,10.8,0.0
2025-03-17T07:00:00+00:00,AWS-BHO-102,22.6,964.5,56.0,False,,low,2.3,NORMAL,22.1,957.0,53.0,HEALTHY,replay,3.8,0.0
2025-03-17T08:00:00+00:00,AWS-BHO-102,24.7,965.6,50.0,False,,low,4.0,NORMAL,24.2,958.2,51.0,HEALTHY,replay,6.7,0.0
2025-03-17T09:00:00+00:00,AWS-BHO-102,27.1,966.3,41.0,False,,low,3.9,NORMAL,26.6,958.9,44.0,HEALTHY,replay,6.5,0.0
2025-03-17T10:00:00+00:00,AWS-BHO-102,29.3,966.5,34.0,False,,low,4.6,NORMAL,28.9,959.3,36.0,HEALTHY,replay,7.7,0.0
2025-03-17T11:00:00+00:00,AWS-BHO-102,31.1,966.1,29.0,False,,low,2.0,NORMAL,30.5,959.0,30.0,HEALTHY,replay,3.3,0.0
2025-03-17T12:00:00+00:00,AWS-BHO-102,32.1,965.1,26.0,False,,low,1.0,NORMAL,31.7,958.1,25.0,HEALTHY,replay,1.7,0.0
2025-03-17T13:00:00+00:00,AWS-BHO-102,32.8,963.9,24.0,False,,low,1.2,NORMAL,32.2,957.0,25.0,HEALTHY,replay,2.0,0.0
2025-03-17T14:00:00+00:00,AWS-BHO-102,33.1,962.7,23.0,False,,low,2.4,NORMAL,33.0,955.6,22.0,HEALTHY,replay,3.9,0.0
2025-03-17T15:00:00+00:00,AWS-BHO-102,33.3,962.0,21.0,False,,low,1.3,NORMAL,33.1,954.8,18.0,HEALTHY,replay,2.2,0.0
2025-03-17T16:00:00+00:00,AWS-BHO-102,33.3,961.8,17.0,False,,low,1.9,NORMAL,32.6,954.7,17.0,HEALTHY,replay,3.2,0.0
2025-03-17T17:00:00+00:00,AWS-BHO-102,32.0,962.2,18.0,False,,low,1.3,NORMAL,31.6,955.1,19.0,HEALTHY,replay,2.2,0.0
2025-03-17T18:00:00+00:00,AWS-BHO-102,29.4,962.8,26.0,False,,low,1.2,NORMAL,28.9,955.9,21.0,HEALTHY,replay,2.0,0.0
2025-03-17T19:00:00+00:00,AWS-BHO-102,27.9,963.4,25.0,False,,low,1.6,NORMAL,27.8,956.4,24.0,HEALTHY,replay,2.6,0.0
2025-03-17T20:00:00+00:00,AWS-BHO-102,27.0,964.0,26.0,False,,low,0.7,NORMAL,26.8,957.0,26.0,HEALTHY,replay,1.2,0.0
2025-03-17T21:00:00+00:00,AWS-BHO-102,26.3,964.3,27.0,False,,low,0.7,NORMAL,25.2,957.1,29.0,HEALTHY,replay,1.1,0.0
2025-03-17T22:00:00+00:00,AWS-BHO-102,25.9,964.7,27.0,False,,low,0.8,NORMAL,24.4,957.2,32.0,HEALTHY,replay,1.3,0.0
2025-03-17T23:00:00+00:00,AWS-BHO-102,25.0,964.4,27.0,False,,low,1.2,NORMAL,23.8,957.2,30.0,HEALTHY,replay,2.0,0.0
2025-03-18T00:00:00+00:00,AWS-BHO-102,23.7,964.2,32.0,False,,low,1.0,NORMAL,23.2,957.1,32.0,HEALTHY,replay,1.6,0.0
2025-03-18T01:00:00+00:00,AWS-BHO-102,22.1,964.1,38.0,False,,low,2.3,NORMAL,22.5,956.7,33.0,HEALTHY,replay,3.8,0.0
2025-03-18T02:00:00+00:00,AWS-BHO-102,21.4,963.3,42.0,False,,low,0.7,NORMAL,21.8,955.8,36.0,HEALTHY,replay,1.2,0.0
2025-03-18T03:00:00+00:00,AWS-BHO-102,20.9,963.0,44.0,False,,low,0.3,NORMAL,21.2,955.6,40.0,HEALTHY,replay,0.6,0.0
2025-03-18T04:00:00+00:00,AWS-BHO-102,20.1,963.0,47.0,False,,low,0.4,NORMAL,20.7,955.6,43.0,HEALTHY,replay,0.6,0.0
2025-03-18T05:00:00+00:00,AWS-BHO-102,19.4,963.4,49.0,False,,low,0.3,NORMAL,20.1,955.8,46.0,HEALTHY,replay,0.4,0.0
2025-03-18T06:00:00+00:00,AWS-BHO-102,19.6,964.2,53.0,False,,low,0.7,NORMAL,20.0,956.6,52.0,HEALTHY,replay,1.2,0.0
2025-03-18T07:00:00+00:00,AWS-BHO-102,21.0,965.1,49.0,False,,low,0.6,NORMAL,21.0,957.5,50.0,HEALTHY,replay,1.1,0.0
2025-03-18T08:00:00+00:00,AWS-BHO-102,23.7,966.1,41.0,False,,low,1.2,NORMAL,23.9,958.6,41.0,HEALTHY,replay,2.0,0.0
2025-03-18T09:00:00+00:00,AWS-BHO-102,26.8,966.6,33.0,False,,low,1.7,NORMAL,26.9,959.2,34.0,HEALTHY,replay,2.9,0.0
2025-03-18T10:00:00+00:00,AWS-BHO-102,29.3,966.6,27.0,False,,low,1.1,NORMAL,29.1,959.3,28.0,HEALTHY,replay,1.8,0.0
2025-03-18T11:00:00+00:00,AWS-BHO-102,31.1,966.1,24.0,False,,low,0.9,NORMAL,30.9,958.8,25.0,HEALTHY,replay,1.6,0.0
2025-03-18T12:00:00+00:00,AWS-BHO-102,32.4,965.1,21.0,False,,low,1.2,NORMAL,32.1,957.9,22.0,HEALTHY,replay,2.0,0.0
2025-03-18T13:00:00+00:00,AWS-BHO-102,33.2,963.9,19.0,False,,low,1.3,NORMAL,32.9,956.8,20.0,HEALTHY,replay,2.2,0.0
2025-03-18T14:00:00+00:00,AWS-BHO-102,33.7,962.9,18.0,False,,low,2.5,NORMAL,33.3,955.9,19.0,HEALTHY,replay,4.1,0.0
2025-03-18T15:00:00+00:00,AWS-BHO-102,33.6,962.4,17.0,False,,low,1.4,NORMAL,33.1,955.4,19.0,HEALTHY,replay,2.3,0.0
2025-03-18T16:00:00+00:00,AWS-BHO-102,33.2,962.4,18.0,False,,low,1.1,NORMAL,32.9,955.2,19.0,HEALTHY,replay,1.8,0.0
2025-03-18T17:00:00+00:00,AWS-BHO-102,32.4,962.4,18.0,False,,low,1.7,NORMAL,32.4,955.1,19.0,HEALTHY,replay,2.9,0.0
2025-03-18T18:00:00+00:00,AWS-BHO-102,29.7,962.8,24.0,False,,low,1.6,NORMAL,29.6,955.5,24.0,HEALTHY,replay,2.6,0.0
2025-03-18T19:00:00+00:00,AWS-BHO-102,27.8,963.1,26.0,False,,low,1.1,NORMAL,27.8,955.8,27.0,HEALTHY,replay,1.9,0.0
2025-03-18T20:00:00+00:00,AWS-BHO-102,26.1,963.4,26.0,False,,low,1.0,NORMAL,27.1,956.4,26.0,HEALTHY,replay,1.7,0.0
2025-03-18T21:00:00+00:00,AWS-BHO-102,25.5,964.0,26.0,False,,low,0.7,NORMAL,26.1,956.9,28.0,HEALTHY,replay,1.2,0.0
2025-03-18T22:00:00+00:00,AWS-BHO-102,24.1,964.1,28.0,False,,low,0.5,NORMAL,25.3,957.0,30.0,HEALTHY,replay,0.8,0.0
2025-03-18T23:00:00+00:00,AWS-BHO-102,23.3,963.9,28.0,False,,low,0.5,NORMAL,24.2,956.5,30.0,HEALTHY,replay,0.9,0.0
2025-03-19T00:00:00+00:00,AWS-BHO-102,22.1,963.4,32.0,False,,low,0.4,NORMAL,23.2,956.0,30.0,HEALTHY,replay,0.7,0.0
2025-03-19T01:00:00+00:00,AWS-BHO-102,21.4,963.0,36.0,False,,low,0.3,NORMAL,22.5,955.7,31.0,HEALTHY,replay,0.5,0.0
2025-03-19T02:00:00+00:00,AWS-BHO-102,20.3,962.5,40.0,False,,low,0.2,NORMAL,21.7,955.1,31.0,HEALTHY,replay,0.4,0.0
2025-03-19T03:00:00+00:00,AWS-BHO-102,20.0,962.2,40.0,False,,low,0.2,NORMAL,21.0,954.9,33.0,HEALTHY,replay,0.4,0.0
2025-03-19T04:00:00+00:00,AWS-BHO-102,19.7,962.4,40.0,False,,low,0.3,NORMAL,20.5,954.9,39.0,HEALTHY,replay,0.5,0.0
2025-03-19T05:00:00+00:00,AWS-BHO-102,19.2,962.9,40.0,False,,low,0.4,NORMAL,20.2,955.3,40.0,HEALTHY,replay,0.6,0.0
2025-03-19T06:00:00+00:00,AWS-BHO-102,19.0,964.2,45.0,False,,low,0.8,NORMAL,20.0,956.6,44.0,HEALTHY,replay,1.4,0.0
2025-03-19T07:00:00+00:00,AWS-BHO-102,20.9,965.2,41.0,False,,low,1.3,NORMAL,21.3,957.6,42.0,HEALTHY,replay,2.2,0.0
2025-03-19T08:00:00+00:00,AWS-BHO-102,24.2,966.2,34.0,False,,low,4.9,NORMAL,24.8,958.7,34.0,HEALTHY,replay,8.1,0.0
2025-03-19T09:00:00+00:00,AWS-BHO-102,27.7,966.8,27.0,False,,low,7.3,NORMAL,28.0,959.3,28.0,HEALTHY,replay,12.2,0.0
2025-03-19T10:00:00+00:00,AWS-BHO-102,31.0,967.0,23.0,False,,low,12.6,NORMAL,30.8,959.5,24.0,HEALTHY,replay,21.0,0.0
2025-03-19T11:00:00+00:00,AWS-BHO-102,33.4,966.3,20.0,False,,low,7.4,NORMAL,32.8,959.0,22.0,HEALTHY,replay,12.3,0.0
2025-03-19T12:00:00+00:00,AWS-BHO-102,35.1,965.3,18.0,False,,low,8.6,NORMAL,34.2,958.2,20.0,HEALTHY,replay,14.4,0.0
2025-03-19T13:00:00+00:00,AWS-BHO-102,36.3,964.3,17.0,False,,low,4.6,NORMAL,35.1,957.3,20.0,HEALTHY,replay,7.7,0.0
2025-03-19T14:00:00+00:00,AWS-BHO-102,35.8,963.1,17.0,False,,low,4.5,NORMAL,35.3,956.1,18.0,HEALTHY,replay,7.6,0.0
2025-03-19T15:00:00+00:00,AWS-BHO-102,35.9,962.4,17.0,False,,low,4.1,NORMAL,36.1,955.1,16.0,HEALTHY,replay,6.8,0.0
2025-03-19T16:00:00+00:00,AWS-BHO-102,35.5,962.1,18.0,False,,low,3.0,NORMAL,35.4,954.8,17.0,HEALTHY,replay,5.1,0.0
2025-03-19T17:00:00+00:00,AWS-BHO-102,34.5,961.7,20.0,False,,low,1.3,NORMAL,34.8,954.4,17.0,HEALTHY,replay,2.2,0.0
2025-03-19T18:00:00+00:00,AWS-BHO-102,32.2,962.0,21.0,False,,low,1.2,NORMAL,31.9,955.0,21.0,HEALTHY,replay,2.1,0.0
2025-03-19T19:00:00+00:00,AWS-BHO-102,31.1,962.5,23.0,False,,low,1.1,NORMAL,30.0,955.6,22.0,HEALTHY,replay,1.9,0.0
2025-03-19T20:00:00+00:00,AWS-BHO-102,29.0,963.1,25.0,False,,low,1.5,NORMAL,29.7,956.2,23.0,HEALTHY,replay,2.4,0.0
2025-03-19T21:00:00+00:00,AWS-BHO-102,27.9,964.8,29.0,False,,low,2.9,NORMAL,28.6,956.8,22.0,HEALTHY,replay,4.8,0.0
2025-03-19T22:00:00+00:00,AWS-BHO-102,26.8,965.1,31.0,False,,low,2.4,NORMAL,27.0,957.6,29.0,HEALTHY,replay,4.0,0.0
2025-03-19T23:00:00+00:00,AWS-BHO-102,25.7,964.9,33.0,False,,low,1.0,NORMAL,25.8,957.5,34.0,HEALTHY,replay,1.6,0.0
2025-03-20T00:00:00+00:00,AWS-BHO-102,25.0,965.0,33.0,False,,low,0.9,NORMAL,24.8,957.5,35.0,HEALTHY,replay,1.5,0.0
2025-03-20T01:00:00+00:00,AWS-BHO-102,24.4,964.5,33.0,False,,low,0.7,NORMAL,24.2,956.9,36.0,HEALTHY,replay,1.1,0.0
2025-03-20T02:00:00+00:00,AWS-BHO-102,23.5,964.2,33.0,False,,low,0.8,NORMAL,23.3,956.7,37.0,HEALTHY,replay,1.3,0.0
2025-03-20T03:00:00+00:00,AWS-BHO-102,23.3,964.2,34.0,False,,low,0.8,NORMAL,23.0,956.4,36.0,HEALTHY,replay,1.4,0.0
2025-03-20T04:00:00+00:00,AWS-BHO-102,23.2,963.9,34.0,False,,low,1.4,NORMAL,22.6,956.2,36.0,HEALTHY,replay,2.3,0.0
2025-03-20T05:00:00+00:00,AWS-BHO-102,22.7,964.2,36.0,False,,low,1.2,NORMAL,22.2,956.8,39.0,HEALTHY,replay,2.0,0.0
2025-03-20T06:00:00+00:00,AWS-BHO-102,22.5,965.0,39.0,False,,low,1.0,NORMAL,21.9,957.5,42.0,HEALTHY,replay,1.7,0.0
2025-03-20T07:00:00+00:00,AWS-BHO-102,23.9,966.1,36.0,False,,low,1.4,NORMAL,23.0,958.4,40.0,HEALTHY,replay,2.4,0.0
2025-03-20T08:00:00+00:00,AWS-BHO-102,26.0,966.9,30.0,False,,low,1.2,NORMAL,25.1,959.3,36.0,HEALTHY,replay,2.0,0.0
2025-03-20T09:00:00+00:00,AWS-BHO-102,28.2,967.2,27.0,False,,low,0.9,NORMAL,27.4,960.1,32.0,HEALTHY,replay,1.5,0.0
2025-03-20T10:00:00+00:00,AWS-BHO-102,30.3,967.6,26.0,False,,low,2.6,NORMAL,30.1,960.2,29.0,HEALTHY,replay,4.4,0.0
2025-03-20T11:00:00+00:00,AWS-BHO-102,32.3,966.9,24.0,False,,low,1.9,NORMAL,31.6,959.7,26.0,HEALTHY,replay,3.2,0.0
2025-03-20T12:00:00+00:00,AWS-BHO-102,33.7,966.0,21.0,False,,low,1.6,NORMAL,33.2,958.9,22.0,HEALTHY,replay,2.7,0.0
2025-03-20T13:00:00+00:00,AWS-BHO-102,34.7,964.9,19.0,False,,low,1.8,NORMAL,34.2,957.8,19.0,HEALTHY,replay,3.0,0.0
2025-03-20T14:00:00+00:00,AWS-BHO-102,35.1,963.7,17.0,False,,low,4.8,NORMAL,34.6,956.6,19.0,HEALTHY,replay,7.9,0.0
2025-03-20T15:00:00+00:00,AWS-BHO-102,34.4,963.0,17.0,False,,low,2.7,NORMAL,35.1,955.5,17.0,HEALTHY,replay,4.5,0.0
2025-03-20T16:00:00+00:00,AWS-BHO-102,32.7,962.8,21.0,False,,low,2.4,NORMAL,34.0,954.9,18.0,HEALTHY,replay,4.0,0.0
2025-03-20T17:00:00+00:00,AWS-BHO-102,32.6,962.3,21.0,False,,low,1.5,NORMAL,33.1,955.1,17.0,HEALTHY,replay,2.5,0.0
2025-03-20T18:00:00+00:00,AWS-BHO-102,30.3,962.7,24.0,False,,low,1.0,NORMAL,30.5,955.9,20.0,HEALTHY,replay,1.7,0.0
2025-03-20T19:00:00+00:00,AWS-BHO-102,29.1,963.5,26.0,False,,low,0.8,NORMAL,29.3,956.5,30.0,HEALTHY,replay,1.4,0.0
2025-03-20T20:00:00+00:00,AWS-BHO-102,27.6,964.4,28.0,False,,low,0.8,NORMAL,27.3,957.0,34.0,HEALTHY,replay,1.4,0.0
2025-03-20T21:00:00+00:00,AWS-BHO-102,27.1,965.0,33.0,False,,low,0.7,NORMAL,26.6,957.3,33.0,HEALTHY,replay,1.2,0.0
2025-03-20T22:00:00+00:00,AWS-BHO-102,25.8,965.2,40.0,False,,low,1.2,NORMAL,25.5,957.8,37.0,HEALTHY,replay,1.9,0.0
2025-03-20T23:00:00+00:00,AWS-BHO-102,24.2,965.1,47.0,False,,low,0.9,NORMAL,24.2,957.8,41.0,HEALTHY,replay,1.5,0.0
2025-03-21T00:00:00+00:00,AWS-BHO-102,23.4,964.5,51.0,False,,low,0.4,NORMAL,23.5,957.2,53.0,HEALTHY,replay,0.7,0.0
2025-03-21T01:00:00+00:00,AWS-BHO-102,22.7,964.2,53.0,False,,low,0.4,NORMAL,22.6,956.8,48.0,HEALTHY,replay,0.7,0.0
2025-03-21T02:00:00+00:00,AWS-BHO-102,22.1,963.4,56.0,False,,low,0.4,NORMAL,22.7,956.3,47.0,HEALTHY,replay,0.6,0.0
2025-03-21T03:00:00+00:00,AWS-BHO-102,21.3,963.2,60.0,False,,low,0.4,NORMAL,22.6,955.9,42.0,HEALTHY,replay,0.7,0.0
2025-03-21T04:00:00+00:00,AWS-BHO-102,20.5,963.4,62.0,False,,low,0.6,NORMAL,22.9,956.1,30.0,HEALTHY,replay,0.9,0.0
2025-03-21T05:00:00+00:00,AWS-BHO-102,19.9,963.6,65.0,False,,low,0.6,NORMAL,22.4,956.6,25.0,HEALTHY,replay,1.0,0.0
2025-03-21T06:00:00+00:00,AWS-BHO-102,20.2,964.8,73.0,False,,low,2.3,NORMAL,21.1,957.5,40.0,HEALTHY,replay,3.9,0.0
2025-03-21T07:00:00+00:00,AWS-BHO-102,21.8,965.7,68.0,False,,low,1.3,NORMAL,22.5,958.5,38.0,HEALTHY,replay,2.2,0.0
2025-03-21T08:00:00+00:00,AWS-BHO-102,24.7,966.8,61.0,False,,low,5.9,NORMAL,25.1,959.6,31.0,HEALTHY,replay,9.8,0.0
2025-03-21T09:00:00+00:00,AWS-BHO-102,27.6,967.3,54.0,False,,low,2.9,NORMAL,27.8,960.3,28.0,HEALTHY,replay,4.9,0.0
2025-03-21T10:00:00+00:00,AWS-BHO-102,29.9,967.6,44.0,False,,low,4.3,NORMAL,29.8,960.5,25.0,HEALTHY,replay,7.1,0.0
2025-03-21T11:00:00+00:00,AWS-BHO-102,32.0,967.0,29.0,False,,low,12.2,NORMAL,31.6,960.1,21.0,HEALTHY,replay,20.3,0.0
2025-03-21T12:00:00+00:00,AWS-BHO-102,33.2,965.9,22.0,False,,low,3.4,NORMAL,32.8,959.0,16.0,HEALTHY,replay,5.7,0.0
2025-03-21T13:00:00+00:00,AWS-BHO-102,33.4,964.8,21.0,False,,low,3.2,NORMAL,33.4,957.8,14.0,HEALTHY,replay,5.4,0.0
2025-03-21T14:00:00+00:00,AWS-BHO-102,33.6,963.5,20.0,False,,low,5.6,NORMAL,33.8,956.5,13.0,HEALTHY,replay,9.4,0.0
2025-03-21T15:00:00+00:00,AWS-BHO-102,34.3,962.5,16.0,False,,low,5.4,NORMAL,33.7,955.7,12.0,HEALTHY,replay,9.0,0.0
2025-03-21T16:00:00+00:00,AWS-BHO-102,33.4,962.1,17.0,False,,low,1.8,NORMAL,33.2,955.2,11.0,HEALTHY,replay,3.1,0.0
2025-03-21T17:00:00+00:00,AWS-BHO-102,31.9,962.4,20.0,False,,low,1.0,NORMAL,32.2,955.1,13.0,HEALTHY,replay,1.7,0.0
2025-03-21T18:00:00+00:00,AWS-BHO-102,30.1,963.0,21.0,False,,low,0.7,NORMAL,28.9,955.9,23.0,HEALTHY,replay,1.1,0.0
2025-03-21T19:00:00+00:00,AWS-BHO-102,28.7,963.7,23.0,False,,low,0.6,NORMAL,27.4,956.4,26.0,HEALTHY,replay,0.9,0.0
2025-03-21T20:00:00+00:00,AWS-BHO-102,27.6,964.6,25.0,False,,low,0.6,NORMAL,27.0,957.3,26.0,HEALTHY,replay,0.9,0.0
2025-03-21T21:00:00+00:00,AWS-BHO-102,26.1,964.9,27.0,False,,low,0.6,NORMAL,26.6,957.8,28.0,HEALTHY,replay,1.0,0.0
2025-03-21T22:00:00+00:00,AWS-BHO-102,24.9,965.1,29.0,False,,low,0.7,NORMAL,24.9,957.3,30.0,HEALTHY,replay,1.1,0.0
2025-03-21T23:00:00+00:00,AWS-BHO-102,24.0,964.9,29.0,False,,low,0.5,NORMAL,23.7,957.7,32.0,HEALTHY,replay,0.9,0.0
