timestamp,station_id,temperature_c,pressure_hpa,humidity_pct,is_anomaly,fault_type,severity,anomaly_score_pct,decision_basis,suggested_temperature_c,suggested_pressure_hpa,suggested_humidity_pct,health_status,source,model_confidence_pct,rule_confidence_pct
2026-09-22 06:45:00+00:00,AWS-KOL-015,28.8,1004.8,84.0,False,,low,0.0,NORMAL,28.7,1005.2,85.0,HEALTHY,live,,0.0
2026-09-22T07:00:00+00:00,AWS-KOL-015,28.0,1004.5,87.0,False,,low,0.0,NORMAL,28.2,1004.9,88.0,HEALTHY,live,,0.0
2025-01-01T00:00:00+00:00,AWS-KOL-015,16.4,1015.0,76.0,False,,low,0.0,NORMAL,15.3,1015.2,81.0,HEALTHY,replay,,0.0
2025-01-01T01:00:00+00:00,AWS-KOL-015,15.8,1014.6,77.0,False,,low,0.0,NORMAL,15.3,1014.8,81.0,HEALTHY,replay,,0.0
2025-01-01T02:00:00+00:00,AWS-KOL-015,15.3,1014.0,79.0,False,,low,0.0,NORMAL,14.7,1014.2,84.0,HEALTHY,replay,,0.0
2025-01-01T03:00:00+00:00,AWS-KOL-015,14.9,1013.7,82.0,False,,low,0.0,NORMAL,14.0,1013.9,87.0,HEALTHY,replay,,0.0
2025-01-01T04:00:00+00:00,AWS-KOL-015,14.3,1013.9,85.0,False,,low,0.0,NORMAL,13.5,1014.2,90.0,HEALTHY,replay,,0.0
2025-01-01T05:00:00+00:00,AWS-KOL-015,13.8,1014.2,88.0,False,,low,0.0,NORMAL,13.0,1014.5,92.0,HEALTHY,replay,,0.0
2025-01-01T06:00:00+00:00,AWS-KOL-015,14.0,1015.3,91.0,False,,low,0.0,NORMAL,13.6,1015.7,94.0,HEALTHY,replay,,0.0
2025-01-01T07:00:00+00:00,AWS-KOL-015,14.7,1016.0,88.0,False,,low,0.0,NORMAL,14.6,1016.3,90.0,HEALTHY,replay,,0.0
2025-01-01T08:00:00+00:00,AWS-KOL-015,16.3,1016.6,81.0,False,,low,0.0,NORMAL,16.3,1016.8,82.0,HEALTHY,replay,,0.0
2025-01-01T09:00:00+00:00,AWS-KOL-015,18.3,1016.7,72.0,False,,low,0.0,NORMAL,18.3,1016.9,75.0,HEALTHY,replay,,0.0
2025-01-01T10:00:00+00:00,AWS-KOL-015,28.749530097641248,1016.4799409205848,100.0,True,spike,high,89.9,FUSED_CONSENSUS,20.2,1016.2,68.0,HEALTHY,replay,,89.9
2025-01-01T11:00:00+00:00,AWS-KOL-015,30.34953009764125,1014.8428854237526,100.0,True,spike,high,89.9,FUSED_CONSENSUS,21.7,1015.1,62.0,HEALTHY,replay,,89.9
2025-01-01T12:00:00+00:00,AWS-KOL-015,31.34953009764125,1013.8775104729378,100.0,True,spike,high,89.9,FUSED_CONSENSUS,22.7,1013.7,58.0,HEALTHY,replay,,89.9
2025-01-01T13:00:00+00:00,AWS-KOL-015,31.84953009764125,1012.6798879514614,99.16279111046698,True,spike,high,89.9,FUSED_CONSENSUS,23.1,1012.6,56.0,OFFLINE,replay,,89.9
2025-01-01T14:00:00+00:00,AWS-KOL-015,31.84953009764125,1010.7727847493062,99.16279111046698,True,spike,high,89.9,FUSED_CONSENSUS,23.0,1011.8,57.0,OFFLINE,replay,,89.9
2025-01-01T15:00:00+00:00,AWS-KOL-015,23.0,1011.2,53.0,False,,low,0.0,NORMAL,22.6,1011.4,57.0,OFFLINE,replay,,0.0
2025-01-01T16:00:00+00:00,AWS-KOL-015,22.2,1011.4,56.0,False,,low,0.0,NORMAL,21.1,1011.6,64.0,OFFLINE,replay,,0.0
2025-01-01T17:00:00+00:00,AWS-KOL-015,20.5,1011.7,67.0,False,,low,0.0,NORMAL,18.7,1012.0,74.0,HEALTHY,replay,,0.0
2025-01-01T18:00:00+00:00,AWS-KOL-015,20.1,1013.0,69.0,False,,low,0.0,NORMAL,17.9,1013.2,79.0,OFFLINE,replay,,0.0
2025-01-01T19:00:00+00:00,AWS-KOL-015,19.4,1013.6,72.0,False,,low,0.0,NORMAL,17.2,1013.9,82.0,OFFLINE,replay,,0.0
2025-01-01T20:00:00+00:00,AWS-KOL-015,18.7,1014.4,75.0,False,,low,0.0,NORMAL,16.5,1014.6,85.0,OFFLINE,replay,,0.0
2025-01-01T21:00:00+00:00,AWS-KOL-015,17.9,1014.8,79.0,False,,low,0.0,NORMAL,15.9,1015.0,86.0,HEALTHY,replay,,0.0
2025-01-01T22:00:00+00:00,AWS-KOL-015,17.2,1014.8,83.0,False,,low,0.0,NORMAL,15.3,1015.1,89.0,HEALTHY,replay,,0.0
2025-01-01T23:00:00+00:00,AWS-KOL-015,16.5,1014.7,86.0,False,,low,0.0,NORMAL,14.8,1015.0,92.0,WARNING,replay,,0.0
2025-01-02T00:00:00+00:00,AWS-KOL-015,15.9,1014.6,87.0,False,,low,0.0,NORMAL,14.8,1014.9,92.0,WARNING,replay,,0.0
2025-01-02T01:00:00+00:00,AWS-KOL-015,15.1,1014.1,88.0,False,,low,0.0,NORMAL,14.3,1014.4,92.0,WARNING,replay,,0.0
2025-01-02T02:00:00+00:00,AWS-KOL-015,14.4,1013.6,88.0,False,,low,0.0,NORMAL,13.7,1013.9,92.0,WARNING,replay,,0.0
2025-01-02T03:00:00+00:00,AWS-KOL-015,13.8,1013.4,89.0,False,,low,0.0,NORMAL,13.1,1013.6,92.0,WARNING,replay,,0.0
2025-01-02T04:00:00+00:00,AWS-KOL-015,13.2,1013.4,90.0,False,,low,0.0,NORMAL,12.6,1013.8,92.0,WARNING,replay,,0.0
2025-01-02T05:00:00+00:00,AWS-KOL-015,12.7,1013.9,90.0,False,,low,0.0,NORMAL,12.2,1014.3,93.0,WARNING,replay,,0.0
2025-01-02T06:00:00+00:00,AWS-KOL-015,12.7,1015.5,92.0,False,,low,0.0,NORMAL,12.3,1015.8,94.0,WARNING,replay,,0.0
2025-01-02T07:00:00+00:00,AWS-KOL-015,13.3,1016.5,87.0,False,,low,0.0,NORMAL,13.2,1016.9,89.0,WARNING,replay,,0.0
2025-01-02T08:00:00+00:00,AWS-KOL-015,14.9,1017.3,80.0,False,,low,0.0,NORMAL,14.9,1017.5,81.0,WARNING,replay,,0.0
2025-01-02T09:00:00+00:00,AWS-KOL-015,17.0,1017.2,71.0,False,,low,0.0,NORMAL,16.9,1017.4,74.0,WARNING,replay,,0.0
2025-01-02T10:00:00+00:00,AWS-KOL-015,19.1,1016.4,61.0,False,,low,15.6,NORMAL,18.9,1016.6,65.0,WARNING,replay,25.9,0.0
2025-01-02T11:00:00+00:00,AWS-KOL-015,20.8,1015.4,54.0,False,,low,34.3,NORMAL,20.6,1015.7,59.0,HEALTHY,replay,57.1,0.0
2025-01-02T12:00:00+00:00,AWS-KOL-015,21.9,1014.0,50.0,False,,low,27.8,NORMAL,21.6,1014.3,55.0,HEALTHY,replay,46.3,0.0
2025-01-02T13:00:00+00:00,AWS-KOL-015,22.6,1012.9,48.0,False,,low,39.5,NORMAL,22.2,1013.1,53.0,HEALTHY,replay,65.8,0.0
2025-01-02T14:00:00+00:00,AWS-KOL-015,22.8,1012.3,48.0,False,,low,37.9,NORMAL,22.3,1012.5,52.0,HEALTHY,replay,63.2,0.0
2025-01-02T15:00:00+00:00,AWS-KOL-015,22.4,1012.0,49.0,False,,low,27.6,NORMAL,21.9,1012.2,54.0,HEALTHY,replay,46.0,0.0
2025-01-02T16:00:00+00:00,AWS-KOL-015,21.4,1012.5,53.0,False,,low,12.7,NORMAL,20.1,1012.7,63.0,HEALTHY,replay,21.2,0.0
2025-01-02T17:00:00+00:00,AWS-KOL-015,19.7,1012.8,63.0,False,,low,15.6,NORMAL,17.6,1013.1,74.0,HEALTHY,replay,25.9,0.0
2025-01-02T18:00:00+00:00,AWS-KOL-015,18.5,1013.6,71.0,False,,low,3.0,NORMAL,16.8,1013.9,77.0,HEALTHY,replay,5.0,0.0
2025-01-02T19:00:00+00:00,AWS-KOL-015,17.7,1014.5,75.0,False,,low,1.7,NORMAL,16.5,1014.8,79.0,HEALTHY,replay,2.8,0.0
2025-01-02T20:00:00+00:00,AWS-KOL-015,17.0,1015.2,78.0,False,,low,2.5,NORMAL,15.9,1015.5,81.0,HEALTHY,replay,4.1,0.0
2025-01-02T21:00:00+00:00,AWS-KOL-015,16.3,1015.6,80.0,False,,low,0.4,NORMAL,15.1,1015.8,86.0,HEALTHY,replay,0.7,0.0
2025-01-02T22:00:00+00:00,AWS-KOL-015,15.7,1015.5,81.0,False,,low,0.3,NORMAL,14.5,1015.8,88.0,HEALTHY,replay,0.6,0.0
2025-01-02T23:00:00+00:00,AWS-KOL-015,15.3,1015.1,83.0,False,,low,0.2,NORMAL,13.9,1015.4,89.0,HEALTHY,replay,0.4,0.0
2025-01-03T00:00:00+00:00,AWS-KOL-015,14.9,1014.7,84.0,False,,low,0.3,NORMAL,13.4,1014.9,90.0,HEALTHY,replay,0.5,0.0
2025-01-03T01:00:00+00:00,AWS-KOL-015,14.0,1014.6,86.0,False,,low,0.2,NORMAL,13.5,1014.8,88.0,HEALTHY,replay,0.3,0.0
2025-01-03T02:00:00+00:00,AWS-KOL-015,13.5,1014.2,85.0,False,,low,0.3,NORMAL,13.0,1014.5,87.0,HEALTHY,replay,0.4,0.0
2025-01-03T03:00:00+00:00,AWS-KOL-015,13.0,1013.9,85.0,False,,low,0.2,NORMAL,12.4,1014.2,87.0,HEALTHY,replay,0.4,0.0
2025-01-03T04:00:00+00:00,AWS-KOL-015,12.6,1014.2,85.0,False,,low,0.3,NORMAL,11.8,1014.5,90.0,HEALTHY,replay,0.5,0.0
2025-01-03T05:00:00+00:00,AWS-KOL-015,12.2,1014.9,86.0,False,,low,0.3,NORMAL,11.3,1015.2,91.0,HEALTHY,replay,0.5,0.0
2025-01-03T06:00:00+00:00,AWS-KOL-015,38.83878981296508,1015.8,90.0,True,spike,high,85.3,FUSED_CONSENSUS,11.5,1016.1,94.0,HEALTHY,replay,84.2,87.1
2025-01-03T07:00:00+00:00,AWS-KOL-015,26.577509913700368,1026.2516868754687,85.0,True,spike,critical,92.9,MODEL_OVERRIDE,12.7,1016.7,89.0,HEALTHY,replay,97.9,85.4
2025-01-03T08:00:00+00:00,AWS-KOL-015,21.572590856179936,1016.9,77.0,False,multivariate_inconsistency,low,39.6,NORMAL,14.6,1017.2,81.0,HEALTHY,replay,35.9,45.0
2025-01-03T09:00:00+00:00,AWS-KOL-015,20.43066633464576,1017.1,68.0,False,,low,15.3,NORMAL,16.9,1017.3,72.0,HEALTHY,replay,25.6,0.0
2025-01-03T10:00:00+00:00,AWS-KOL-015,19.0,1016.5,61.0,False,,low,11.2,NORMAL,19.0,1016.7,66.0,HEALTHY,replay,18.7,0.0
2025-01-03T11:00:00+00:00,AWS-KOL-015,20.8,1015.5,56.0,False,,low,2.9,NORMAL,20.6,1015.7,61.0,HEALTHY,replay,4.9,0.0
2025-01-03T12:00:00+00:00,AWS-KOL-015,21.9,1013.9,53.0,False,,low,6.4,NORMAL,21.7,1014.2,58.0,HEALTHY,replay,10.7,0.0
2025-01-03T13:00:00+00:00,AWS-KOL-015,22.6,1012.7,52.0,False,,low,4.3,NORMAL,22.3,1012.9,57.0,HEALTHY,replay,7.2,0.0
2025-01-03T14:00:00+00:00,AWS-KOL-015,22.9,1012.0,52.0,False,,low,1.8,NORMAL,22.5,1012.2,57.0,HEALTHY,replay,3.0,0.0
2025-01-03T15:00:00+00:00,AWS-KOL-015,22.6,1011.7,54.0,False,,low,1.2,NORMAL,22.1,1012.0,58.0,HEALTHY,replay,2.0,0.0
2025-01-03T16:00:00+00:00,AWS-KOL-015,21.6,1012.1,59.0,False,,low,0.4,NORMAL,20.4,1012.3,68.0,HEALTHY,replay,0.6,0.0
2025-01-03T17:00:00+00:00,AWS-KOL-015,20.0,1012.6,68.0,False,,low,0.7,NORMAL,18.0,1012.8,79.0,HEALTHY,replay,1.2,0.0
2025-01-03T18:00:00+00:00,AWS-KOL-015,19.1,1013.4,73.0,False,,low,0.6,NORMAL,17.4,1013.7,83.0,HEALTHY,replay,1.0,0.0
2026-09-22T07:00:00+00:00,AWS-KOL-015,28.0,1004.5,87.0,True,spike,high,89.9,FUSED_CONSENSUS,28.2,1004.9,88.0,HEALTHY,live,,89.9
2026-09-22T07:30:00+00:00,AWS-KOL-015,30.3,1002.6,78.0,False,,low,0.0,NORMAL,30.4,1003.0,79.0,HEALTHY,live,,0.0
2025-01-01T00:00:00+00:00,AWS-KOL-015,16.4,1015.0,76.0,False,,low,0.0,NORMAL,15.3,1015.2,81.0,HEALTHY,replay,,0.0
2025-01-01T01:00:00+00:00,AWS-KOL-015,15.8,1014.6,77.0,False,,low,0.0,NORMAL,15.3,1014.8,81.0,HEALTHY,replay,,0.0
2025-01-01T02:00:00+00:00,AWS-KOL-015,15.3,1014.0,79.0,False,,low,0.0,NORMAL,14.7,1014.2,84.0,HEALTHY,replay,,0.0
2025-01-01T03:00:00+00:00,AWS-KOL-015,14.9,1013.7,82.0,False,,low,0.0,NORMAL,14.0,1013.9,87.0,HEALTHY,replay,,0.0
2025-01-01T04:00:00+00:00,AWS-KOL-015,14.3,1013.9,85.0,False,,low,0.0,NORMAL,13.5,1014.2,90.0,HEALTHY,replay,,0.0
2025-01-01T05:00:00+00:00,AWS-KOL-015,13.8,1014.2,88.0,False,,low,0.0,NORMAL,13.0,1014.5,92.0,HEALTHY,replay,,0.0
2025-01-01T06:00:00+00:00,AWS-KOL-015,14.0,1015.3,91.0,False,,low,0.0,NORMAL,13.6,1015.7,94.0,HEALTHY,replay,,0.0
2025-01-01T07:00:00+00:00,AWS-KOL-015,14.7,1016.0,88.0,False,,low,0.0,NORMAL,14.6,1016.3,90.0,HEALTHY,replay,,0.0
2025-01-01T08:00:00+00:00,AWS-KOL-015,16.3,1016.6,81.0,False,,low,0.0,NORMAL,16.3,1016.8,82.0,HEALTHY,replay,,0.0
2025-01-01T09:00:00+00:00,AWS-KOL-015,18.3,1016.7,72.0,False,,low,0.0,NORMAL,18.3,1016.9,75.0,HEALTHY,replay,,0.0
2025-01-01T10:00:00+00:00,AWS-KOL-015,28.749530097641248,1016.4799409205848,100.0,True,spike,high,89.9,FUSED_CONSENSUS,20.2,1016.2,68.0,HEALTHY,replay,,89.9
2025-01-01T11:00:00+00:00,AWS-KOL-015,30.34953009764125,1014.8428854237526,100.0,True,spike,high,89.9,FUSED_CONSENSUS,21.7,1015.1,62.0,HEALTHY,replay,,89.9
2025-01-01T12:00:00+00:00,AWS-KOL-015,31.34953009764125,1013.8775104729378,100.0,True,spike,high,89.9,FUSED_CONSENSUS,22.7,1013.7,58.0,HEALTHY,replay,,89.9
2025-01-01T13:00:00+00:00,AWS-KOL-015,31.84953009764125,1012.6798879514614,99.16279111046698,True,spike,high,89.9,FUSED_CONSENSUS,23.1,1012.6,56.0,OFFLINE,replay,,89.9
2025-01-01T14:00:00+00:00,AWS-KOL-015,31.84953009764125,1010.7727847493062,99.16279111046698,True,spike,high,89.9,FUSED_CONSENSUS,23.0,1011.8,57.0,OFFLINE,replay,,89.9
2025-01-01T15:00:00+00:00,AWS-KOL-015,23.0,1011.2,53.0,False,,low,0.0,NORMAL,22.6,1011.4,57.0,OFFLINE,replay,,0.0
2025-01-01T16:00:00+00:00,AWS-KOL-015,22.2,1011.4,56.0,False,,low,0.0,NORMAL,21.1,1011.6,64.0,OFFLINE,replay,,0.0
2025-01-01T17:00:00+00:00,AWS-KOL-015,20.5,1011.7,67.0,False,,low,0.0,NORMAL,18.7,1012.0,74.0,HEALTHY,replay,,0.0
2025-01-01T18:00:00+00:00,AWS-KOL-015,20.1,1013.0,69.0,False,,low,0.0,NORMAL,17.9,1013.2,79.0,OFFLINE,replay,,0.0
2025-01-01T19:00:00+00:00,AWS-KOL-015,19.4,1013.6,72.0,False,,low,0.0,NORMAL,17.2,1013.9,82.0,OFFLINE,replay,,0.0
2025-01-01T20:00:00+00:00,AWS-KOL-015,18.7,1014.4,75.0,False,,low,0.0,NORMAL,16.5,1014.6,85.0,OFFLINE,replay,,0.0
2025-01-01T21:00:00+00:00,AWS-KOL-015,17.9,1014.8,79.0,False,,low,0.0,NORMAL,15.9,1015.0,86.0,HEALTHY,replay,,0.0
2025-01-01T22:00:00+00:00,AWS-KOL-015,17.2,1014.8,83.0,False,,low,0.0,NORMAL,15.3,1015.1,89.0,HEALTHY,replay,,0.0
2025-01-01T23:00:00+00:00,AWS-KOL-015,16.5,1014.7,86.0,False,,low,0.0,NORMAL,14.8,1015.0,92.0,WARNING,replay,,0.0
2025-01-02T00:00:00+00:00,AWS-KOL-015,15.9,1014.6,87.0,False,,low,0.0,NORMAL,14.8,1014.9,92.0,WARNING,replay,,0.0
2025-01-02T01:00:00+00:00,AWS-KOL-015,15.1,1014.1,88.0,False,,low,0.0,NORMAL,14.3,1014.4,92.0,WARNING,replay,,0.0
2025-01-02T02:00:00+00:00,AWS-KOL-015,14.4,1013.6,88.0,False,,low,0.0,NORMAL,13.7,1013.9,92.0,WARNING,replay,,0.0
2025-01-02T03:00:00+00:00,AWS-KOL-015,13.8,1013.4,89.0,False,,low,0.0,NORMAL,13.1,1013.6,92.0,WARNING,replay,,0.0
2025-01-02T04:00:00+00:00,AWS-KOL-015,13.2,1013.4,90.0,False,,low,0.0,NORMAL,12.6,1013.8,92.0,WARNING,replay,,0.0
2025-01-02T05:00:00+00:00,AWS-KOL-015,12.7,1013.9,90.0,False,,low,0.0,NORMAL,12.2,1014.3,93.0,WARNING,replay,,0.0
2025-01-02T06:00:00+00:00,AWS-KOL-015,12.7,1015.5,92.0,False,,low,0.0,NORMAL,12.3,1015.8,94.0,WARNING,replay,,0.0
2025-01-02T07:00:00+00:00,AWS-KOL-015,13.3,1016.5,87.0,False,,low,0.0,NORMAL,13.2,1016.9,89.0,WARNING,replay,,0.0
2025-01-02T08:00:00+00:00,AWS-KOL-015,14.9,1017.3,80.0,False,,low,0.0,NORMAL,14.9,1017.5,81.0,WARNING,replay,,0.0
2025-01-02T09:00:00+00:00,AWS-KOL-015,17.0,1017.2,71.0,False,,low,0.0,NORMAL,16.9,1017.4,74.0,WARNING,replay,,0.0
2025-01-02T10:00:00+00:00,AWS-KOL-015,19.1,1016.4,61.0,False,,low,15.6,NORMAL,18.9,1016.6,65.0,WARNING,replay,25.9,0.0
2025-01-02T11:00:00+00:00,AWS-KOL-015,20.8,1015.4,54.0,False,,low,34.3,NORMAL,20.6,1015.7,59.0,HEALTHY,replay,57.1,0.0
2025-01-02T12:00:00+00:00,AWS-KOL-015,21.9,1014.0,50.0,False,,low,27.8,NORMAL,21.6,1014.3,55.0,HEALTHY,replay,46.3,0.0
2025-01-02T13:00:00+00:00,AWS-KOL-015,22.6,1012.9,48.0,False,,low,39.5,NORMAL,22.2,1013.1,53.0,HEALTHY,replay,65.8,0.0
2025-01-02T14:00:00+00:00,AWS-KOL-015,22.8,1012.3,48.0,False,,low,37.9,NORMAL,22.3,1012.5,52.0,HEALTHY,replay,63.2,0.0
2025-01-02T15:00:00+00:00,AWS-KOL-015,22.4,1012.0,49.0,False,,low,27.6,NORMAL,21.9,1012.2,54.0,HEALTHY,replay,46.0,0.0
2025-01-02T16:00:00+00:00,AWS-KOL-015,21.4,1012.5,53.0,False,,low,12.7,NORMAL,20.1,1012.7,63.0,HEALTHY,replay,21.2,0.0
2025-01-02T17:00:00+00:00,AWS-KOL-015,19.7,1012.8,63.0,False,,low,15.6,NORMAL,17.6,1013.1,74.0,HEALTHY,replay,25.9,0.0
2025-01-02T18:00:00+00:00,AWS-KOL-015,18.5,1013.6,71.0,False,,low,3.0,NORMAL,16.8,1013.9,77.0,HEALTHY,replay,5.0,0.0
2025-01-02T19:00:00+00:00,AWS-KOL-015,17.7,1014.5,75.0,False,,low,1.7,NORMAL,16.5,1014.8,79.0,HEALTHY,replay,2.8,0.0
2025-01-02T20:00:00+00:00,AWS-KOL-015,17.0,1015.2,78.0,False,,low,2.5,NORMAL,15.9,1015.5,81.0,HEALTHY,replay,4.1,0.0
2025-01-02T21:00:00+00:00,AWS-KOL-015,16.3,1015.6,80.0,False,,low,0.4,NORMAL,15.1,1015.8,86.0,HEALTHY,replay,0.7,0.0
2025-01-02T22:00:00+00:00,AWS-KOL-015,15.7,1015.5,81.0,False,,low,0.3,NORMAL,14.5,1015.8,88.0,HEALTHY,replay,0.6,0.0
2025-01-02T23:00:00+00:00,AWS-KOL-015,15.3,1015.1,83.0,False,,low,0.2,NORMAL,13.9,1015.4,89.0,HEALTHY,replay,0.4,0.0
2025-01-03T00:00:00+00:00,AWS-KOL-015,14.9,1014.7,84.0,False,,low,0.3,NORMAL,13.4,1014.9,90.0,HEALTHY,replay,0.5,0.0
2025-01-03T01:00:00+00:00,AWS-KOL-015,14.0,1014.6,86.0,False,,low,0.2,NORMAL,13.5,1014.8,88.0,HEALTHY,replay,0.3,0.0
2025-01-03T02:00:00+00:00,AWS-KOL-015,13.5,1014.2,85.0,False,,low,0.3,NORMAL,13.0,1014.5,87.0,HEALTHY,replay,0.4,0.0
2025-01-03T03:00:00+00:00,AWS-KOL-015,13.0,1013.9,85.0,False,,low,0.2,NORMAL,12.4,1014.2,87.0,HEALTHY,replay,0.4,0.0
2025-01-03T04:00:00+00:00,AWS-KOL-015,12.6,1014.2,85.0,False,,low,0.3,NORMAL,11.8,1014.5,90.0,HEALTHY,replay,0.5,0.0
2025-01-03T05:00:00+00:00,AWS-KOL-015,12.2,1014.9,86.0,False,,low,0.3,NORMAL,11.3,1015.2,91.0,HEALTHY,replay,0.5,0.0
2025-01-03T06:00:00+00:00,AWS-KOL-015,38.83878981296508,1015.8,90.0,True,spike,high,85.3,FUSED_CONSENSUS,11.5,1016.1,94.0,HEALTHY,replay,84.2,87.1
2025-01-03T07:00:00+00:00,AWS-KOL-015,26.577509913700368,1026.2516868754687,85.0,True,spike,critical,92.9,MODEL_OVERRIDE,12.7,1016.7,89.0,HEALTHY,replay,97.9,85.4
2025-01-03T08:00:00+00:00,AWS-KOL-015,21.572590856179936,1016.9,77.0,False,multivariate_inconsistency,low,39.6,NORMAL,14.6,1017.2,81.0,HEALTHY,replay,35.9,45.0
2025-01-03T09:00:00+00:00,AWS-KOL-015,20.430666334645757,1017.1,68.0,False,,low,15.3,NORMAL,16.9,1017.3,72.0,HEALTHY,replay,25.6,0.0
2025-01-03T10:00:00+00:00,AWS-KOL-015,19.0,1016.5,61.0,False,,low,11.2,NORMAL,19.0,1016.7,66.0,HEALTHY,replay,18.7,0.0
2025-01-03T11:00:00+00:00,AWS-KOL-015,20.8,1015.5,56.0,False,,low,2.9,NORMAL,20.6,1015.7,61.0,HEALTHY,replay,4.9,0.0
2025-01-03T12:00:00+00:00,AWS-KOL-015,21.9,1013.9,53.0,False,,low,6.4,NORMAL,21.7,1014.2,58.0,HEALTHY,replay,10.7,0.0
2025-01-03T13:00:00+00:00,AWS-KOL-015,22.6,1012.7,52.0,False,,low,4.3,NORMAL,22.3,1012.9,57.0,HEALTHY,replay,7.2,0.0
2025-01-03T14:00:00+00:00,AWS-KOL-015,22.9,1012.0,52.0,False,,low,1.8,NORMAL,22.5,1012.2,57.0,HEALTHY,replay,3.0,0.0
2025-01-03T15:00:00+00:00,AWS-KOL-015,22.6,1011.7,54.0,False,,low,1.2,NORMAL,22.1,1012.0,58.0,HEALTHY,replay,2.0,0.0
2025-01-03T16:00:00+00:00,AWS-KOL-015,21.6,1012.1,59.0,False,,low,0.4,NORMAL,20.4,1012.3,68.0,HEALTHY,replay,0.6,0.0
2025-01-03T17:00:00+00:00,AWS-KOL-015,20.0,1012.6,68.0,False,,low,0.7,NORMAL,18.0,1012.8,79.0,HEALTHY,replay,1.2,0.0
2025-01-03T18:00:00+00:00,AWS-KOL-015,19.1,1013.4,73.0,False,,low,0.6,NORMAL,17.4,1013.7,83.0,HEALTHY,replay,1.0,0.0
2025-01-03T19:00:00+00:00,AWS-KOL-015,18.4,1014.0,77.0,False,,low,0.3,NORMAL,17.0,1014.3,83.0,HEALTHY,replay,0.6,0.0
2025-01-03T20:00:00+00:00,AWS-KOL-015,17.9,1014.4,79.0,False,,low,0.2,NORMAL,16.5,1014.7,84.0,HEALTHY,replay,0.3,0.0
2025-01-03T21:00:00+00:00,AWS-KOL-015,17.2,1014.5,83.0,False,,low,0.1,NORMAL,16.1,1014.7,86.0,HEALTHY,replay,0.2,0.0
2025-01-03T22:00:00+00:00,AWS-KOL-015,16.4,1014.2,86.0,False,,low,0.1,NORMAL,15.7,1014.4,87.0,HEALTHY,replay,0.2,0.0
2025-01-03T23:00:00+00:00,AWS-KOL-015,15.8,1013.8,88.0,False,,low,0.2,NORMAL,15.0,1014.0,90.0,HEALTHY,replay,0.3,0.0
2025-01-04T00:00:00+00:00,AWS-KOL-015,15.3,1013.2,90.0,False,,low,0.2,NORMAL,14.5,1013.4,91.0,HEALTHY,replay,0.3,0.0
2025-01-04T01:00:00+00:00,AWS-KOL-015,14.9,1012.6,90.0,False,,low,0.2,NORMAL,14.2,1012.8,92.0,HEALTHY,replay,0.3,0.0
2025-01-04T02:00:00+00:00,AWS-KOL-015,14.8,1012.1,91.0,False,,low,0.2,NORMAL,13.8,1012.4,94.0,HEALTHY,replay,0.4,0.0
2025-01-04T03:00:00+00:00,AWS-KOL-015,14.7,1011.9,92.0,False,,low,0.2,NORMAL,13.9,1012.1,95.0,HEALTHY,replay,0.3,0.0
2025-01-04T04:00:00+00:00,AWS-KOL-015,14.3,1012.1,93.0,False,,low,0.3,NORMAL,13.7,1012.3,96.0,HEALTHY,replay,0.5,0.0
2025-01-04T05:00:00+00:00,AWS-KOL-015,14.0,998.7752807046678,94.0,False,,low,32.1,NORMAL,13.0,1013.0,97.0,WARNING,replay,53.5,0.0
2025-01-04T06:00:00+00:00,AWS-KOL-015,14.2,1009.5794247258508,96.0,False,,low,22.8,NORMAL,13.4,1014.3,98.0,WARNING,replay,38.1,0.0
2025-01-04T07:00:00+00:00,AWS-KOL-015,15.0,1013.3428869998096,91.0,False,,low,17.2,NORMAL,15.1,1015.0,94.0,HEALTHY,replay,28.7,0.0
2025-01-04T08:00:00+00:00,AWS-KOL-015,16.8,1014.9303300649664,83.0,False,,low,22.9,NORMAL,17.0,1015.7,86.0,HEALTHY,replay,38.1,0.0
2025-01-04T09:00:00+00:00,AWS-KOL-015,19.0,1030.527555388996,75.0,True,spike,high,70.6,FUSED_CONSENSUS,19.2,1016.0,79.0,HEALTHY,replay,60.4,85.9
2025-01-04T10:00:00+00:00,AWS-KOL-015,21.2,1022.2823369424692,68.0,True,drift,medium,62.7,FUSED_CONSENSUS,21.2,1015.4,72.0,HEALTHY,replay,64.9,59.3
2025-01-04T11:00:00+00:00,AWS-KOL-015,23.0,1017.3058263738828,59.0,False,,low,35.5,NORMAL,22.9,1014.2,63.0,OFFLINE,replay,59.2,0.0
2025-01-04T12:00:00+00:00,AWS-KOL-015,23.8,1012.8,54.0,False,,low,35.9,NORMAL,23.7,1013.1,57.0,OFFLINE,replay,59.8,0.0
2025-01-04T13:00:00+00:00,AWS-KOL-015,24.4,1011.3,50.0,False,,low,44.3,NORMAL,24.1,1011.6,54.0,OFFLINE,replay,73.8,0.0
2025-01-04T14:00:00+00:00,AWS-KOL-015,24.4,1010.5,49.0,False,,low,51.0,NORMAL,24.0,1010.9,53.0,HEALTHY,replay,85.0,0.0
2025-01-04T15:00:00+00:00,AWS-KOL-015,24.0,1010.3,51.0,False,,low,42.3,NORMAL,23.6,1010.6,55.0,OFFLINE,replay,70.5,0.0
2025-01-04T16:00:00+00:00,AWS-KOL-015,23.1,1010.7,55.0,False,,low,31.7,NORMAL,22.2,1011.0,64.0,OFFLINE,replay,52.8,0.0
2025-01-04T17:00:00+00:00,AWS-KOL-015,21.6,1011.4,65.0,False,,low,31.1,NORMAL,19.6,1011.6,74.0,OFFLINE,replay,51.8,0.0
2025-01-04T18:00:00+00:00,AWS-KOL-015,21.5,1012.1,68.0,False,,low,23.6,NORMAL,19.3,1012.4,77.0,HEALTHY,replay,39.3,0.0
2025-01-04T19:00:00+00:00,AWS-KOL-015,21.1,1012.9,68.0,False,,low,4.4,NORMAL,18.3,1013.2,83.0,WARNING,replay,7.3,0.0
2025-01-04T20:00:00+00:00,AWS-KOL-015,20.1,1013.3,74.0,False,,low,4.0,NORMAL,17.6,1013.6,84.0,WARNING,replay,6.6,0.0
2025-01-04T21:00:00+00:00,AWS-KOL-015,19.0,1013.7,80.0,False,,low,1.6,NORMAL,17.3,1014.0,84.0,WARNING,replay,2.7,0.0
2025-01-04T22:00:00+00:00,AWS-KOL-015,18.5,1013.6,82.0,False,,low,1.9,NORMAL,17.0,1013.9,85.0,WARNING,replay,3.1,0.0
2025-01-04T23:00:00+00:00,AWS-KOL-015,17.8,1013.3,85.0,False,,low,2.0,NORMAL,16.3,1013.5,88.0,WARNING,replay,3.3,0.0
2025-01-05T00:00:00+00:00,AWS-KOL-015,17.0,1012.8,88.0,False,,low,1.7,NORMAL,15.7,1013.1,91.0,WARNING,replay,2.8,0.0
2025-01-05T01:00:00+00:00,AWS-KOL-015,16.2,1012.5,91.0,False,,low,0.8,NORMAL,15.3,1012.8,92.0,WARNING,replay,1.3,0.0
2025-01-05T02:00:00+00:00,AWS-KOL-015,15.8,1012.2,93.0,False,,low,0.6,NORMAL,14.7,1012.4,94.0,WARNING,replay,1.1,0.0
2025-01-05T03:00:00+00:00,AWS-KOL-015,15.4,1011.9,93.0,False,,low,0.7,NORMAL,14.5,1012.1,94.0,WARNING,replay,1.2,0.0
2025-01-05T04:00:00+00:00,AWS-KOL-015,15.1,1012.0,94.0,False,,low,0.7,NORMAL,14.2,1012.2,96.0,WARNING,replay,1.2,0.0
2025-01-05T05:00:00+00:00,AWS-KOL-015,15.0,1012.7,95.0,False,,low,0.4,NORMAL,14.1,1012.9,97.0,WARNING,replay,0.6,0.0
2025-01-05T06:00:00+00:00,AWS-KOL-015,14.3,1013.9,97.0,False,,low,0.4,NORMAL,13.5,1014.2,98.0,WARNING,replay,0.6,0.0
2025-01-05T07:00:00+00:00,AWS-KOL-015,15.5,1015.1,93.0,False,,low,1.3,NORMAL,15.7,1015.4,95.0,WARNING,replay,2.2,0.0
2025-01-05T08:00:00+00:00,AWS-KOL-015,17.7,1015.9,84.0,False,,low,4.6,NORMAL,17.8,1016.2,88.0,HEALTHY,replay,7.6,0.0
2025-01-05T09:00:00+00:00,AWS-KOL-015,19.9,1016.2,76.0,False,,low,9.4,NORMAL,19.9,1016.4,80.0,HEALTHY,replay,15.6,0.0
2025-01-05T10:00:00+00:00,AWS-KOL-015,22.1,1015.7,68.0,False,,low,10.7,NORMAL,21.9,1015.9,74.0,HEALTHY,replay,17.8,0.0
2025-01-05T11:00:00+00:00,AWS-KOL-015,24.0,1014.5,61.0,False,,low,12.6,NORMAL,23.7,1014.7,65.0,HEALTHY,replay,21.0,0.0
2025-01-05T12:00:00+00:00,AWS-KOL-015,24.8,1013.2,56.0,False,,low,14.8,NORMAL,24.4,1013.5,60.0,HEALTHY,replay,24.7,0.0
2025-01-05T13:00:00+00:00,AWS-KOL-015,25.4,1012.3,52.0,False,,low,16.6,NORMAL,25.0,1012.7,55.0,HEALTHY,replay,27.7,0.0
2025-01-05T14:00:00+00:00,AWS-KOL-015,25.6,1011.5,49.0,False,,low,16.5,NORMAL,25.2,1011.8,52.0,HEALTHY,replay,27.4,0.0
2025-01-05T15:00:00+00:00,AWS-KOL-015,25.4,1011.1,48.0,False,,low,17.1,NORMAL,24.7,1011.5,53.0,HEALTHY,replay,28.5,0.0
2025-01-05T16:00:00+00:00,AWS-KOL-015,24.8,1011.3,51.0,False,,low,3.7,NORMAL,23.2,1011.7,63.0,HEALTHY,replay,6.1,0.0
2025-01-05T17:00:00+00:00,AWS-KOL-015,22.7,1011.8,67.0,False,,low,2.2,NORMAL,21.3,1012.2,71.0,HEALTHY,replay,3.7,0.0
2025-01-05T18:00:00+00:00,AWS-KOL-015,21.5,1012.8,69.0,False,,low,0.5,NORMAL,19.8,1013.1,79.0,HEALTHY,replay,0.8,0.0
2025-01-05T19:00:00+00:00,AWS-KOL-015,20.8,1013.6,74.0,False,,low,0.3,NORMAL,18.7,1013.8,82.0,HEALTHY,replay,0.5,0.0
2025-01-05T20:00:00+00:00,AWS-KOL-015,20.4,1013.9,76.0,False,,low,0.2,NORMAL,18.4,1014.2,83.0,HEALTHY,replay,0.3,0.0
2025-01-05T21:00:00+00:00,AWS-KOL-015,19.8,1014.1,77.0,False,,low,0.2,NORMAL,17.9,1014.4,83.0,HEALTHY,replay,0.3,0.0
2025-01-05T22:00:00+00:00,AWS-KOL-015,18.7,1013.7,82.0,False,,low,0.1,NORMAL,16.9,1014.0,87.0,HEALTHY,replay,0.2,0.0
2025-01-05T23:00:00+00:00,AWS-KOL-015,18.1,1013.4,85.0,False,,low,0.1,NORMAL,16.5,1013.6,88.0,HEALTHY,replay,0.2,0.0
2025-01-06T00:00:00+00:00,AWS-KOL-015,17.6,996.0336023291728,86.0,True,spike,medium,60.8,FUSED_CONSENSUS,16.2,1013.2,89.0,HEALTHY,replay,41.5,89.9
2025-01-06T01:00:00+00:00,AWS-KOL-015,17.1,1012.5,87.0,False,,low,0.1,NORMAL,15.5,1012.8,93.0,HEALTHY,replay,0.2,0.0
2025-01-06T02:00:00+00:00,AWS-KOL-015,16.6,1012.0,89.0,False,,low,0.1,NORMAL,14.9,1012.2,95.0,HEALTHY,replay,0.2,0.0
2025-01-06T03:00:00+00:00,AWS-KOL-015,15.9,1011.9,92.0,False,,low,0.1,NORMAL,14.5,1012.2,97.0,HEALTHY,replay,0.1,0.0
2025-01-06T04:00:00+00:00,AWS-KOL-015,14.9,1011.9,96.0,False,,low,0.1,NORMAL,13.9,1012.2,99.0,HEALTHY,replay,0.2,0.0
2025-01-06T05:00:00+00:00,AWS-KOL-015,14.1,1012.3,100.0,False,,low,0.4,NORMAL,13.3,1012.6,100.0,HEALTHY,replay,0.7,0.0
2025-01-06T06:00:00+00:00,AWS-KOL-015,14.1,1012.9,99.0,False,,low,0.2,NORMAL,12.9,1013.2,100.0,HEALTHY,replay,0.3,0.0
2025-01-06T07:00:00+00:00,AWS-KOL-015,14.5,1014.1,97.0,False,,low,0.2,NORMAL,14.1,1014.3,98.0,HEALTHY,replay,0.4,0.0
2025-01-06T08:00:00+00:00,AWS-KOL-015,16.3,1014.9,94.0,False,,low,0.5,NORMAL,15.9,1015.2,96.0,HEALTHY,replay,0.9,0.0
2025-01-06T09:00:00+00:00,AWS-KOL-015,20.2,1015.2,74.0,False,,low,3.8,NORMAL,19.6,1015.5,83.0,HEALTHY,replay,6.3,0.0
2025-01-06T10:00:00+00:00,AWS-KOL-015,23.0,1014.6,58.0,False,,low,18.7,NORMAL,22.4,1014.9,64.0,HEALTHY,replay,31.2,0.0
2025-01-06T11:00:00+00:00,AWS-KOL-015,24.3,1013.5,52.0,False,,low,4.5,NORMAL,23.8,1013.9,53.0,HEALTHY,replay,7.5,0.0
2025-01-06T12:00:00+00:00,AWS-KOL-015,25.0,1012.3,50.0,False,,low,2.3,NORMAL,24.6,1012.6,50.0,HEALTHY,replay,3.8,0.0
2025-01-06T13:00:00+00:00,AWS-KOL-015,25.4,1011.2,49.0,False,,low,2.5,NORMAL,24.9,1011.6,51.0,HEALTHY,replay,4.2,0.0
2025-01-06T14:00:00+00:00,AWS-KOL-015,25.4,1010.5,49.0,False,,low,1.4,NORMAL,24.9,1010.8,52.0,HEALTHY,replay,2.3,0.0
2025-01-06T15:00:00+00:00,AWS-KOL-015,25.0,1010.3,51.0,False,,low,0.5,NORMAL,24.4,1010.6,55.0,HEALTHY,replay,0.9,0.0
2025-01-06T16:00:00+00:00,AWS-KOL-015,24.2,1010.5,54.0,False,,low,0.3,NORMAL,22.9,1010.8,70.0,HEALTHY,replay,0.5,0.0
2025-01-06T17:00:00+00:00,AWS-KOL-015,22.5,1010.7,67.0,False,,low,1.4,NORMAL,20.9,1011.0,73.0,HEALTHY,replay,2.3,0.0
2025-01-06T18:00:00+00:00,AWS-KOL-015,22.0,1011.3,69.0,False,,low,0.2,NORMAL,19.9,1011.6,74.0,HEALTHY,replay,0.4,0.0
2025-01-06T19:00:00+00:00,AWS-KOL-015,21.1,1012.0,72.0,False,,low,0.1,NORMAL,19.0,1012.3,76.0,HEALTHY,replay,0.2,0.0
2025-01-06T20:00:00+00:00,AWS-KOL-015,20.8,1012.2,74.0,False,,low,0.1,NORMAL,18.4,1012.5,80.0,HEALTHY,replay,0.2,0.0
2025-01-06T21:00:00+00:00,AWS-KOL-015,20.3,1012.5,74.0,False,,low,0.1,NORMAL,18.1,1012.8,81.0,HEALTHY,replay,0.2,0.0
2025-01-06T22:00:00+00:00,AWS-KOL-015,19.6,1012.6,76.0,False,,low,0.1,NORMAL,17.4,1012.8,81.0,HEALTHY,replay,0.2,0.0
2025-01-06T23:00:00+00:00,AWS-KOL-015,18.6,1012.3,81.0,False,,low,0.1,NORMAL,17.1,1012.6,82.0,HEALTHY,replay,0.2,0.0
2025-01-07T00:00:00+00:00,AWS-KOL-015,17.5,1012.0,87.0,False,,low,0.3,NORMAL,16.3,1012.3,87.0,HEALTHY,replay,0.5,0.0
2025-01-07T01:00:00+00:00,AWS-KOL-015,17.1,1011.6,91.0,False,,low,0.2,NORMAL,15.9,1011.9,89.0,HEALTHY,replay,0.3,0.0
2025-01-07T02:00:00+00:00,AWS-KOL-015,16.8,1011.4,92.0,False,,low,0.1,NORMAL,15.5,1011.7,92.0,HEALTHY,replay,0.1,0.0
2025-01-07T03:00:00+00:00,AWS-KOL-015,16.5,1011.2,93.0,False,,low,0.1,NORMAL,15.2,1011.5,93.0,HEALTHY,replay,0.1,0.0
2025-01-07T04:00:00+00:00,AWS-KOL-015,16.3,1011.2,93.0,False,,low,0.1,NORMAL,15.1,1011.5,94.0,HEALTHY,replay,0.2,0.0
2025-01-07T05:00:00+00:00,AWS-KOL-015,16.0,1011.8,94.0,False,,low,0.3,NORMAL,14.7,1012.0,95.0,HEALTHY,replay,0.5,0.0
2025-01-07T06:00:00+00:00,AWS-KOL-015,16.2,1012.8,95.0,False,,low,0.2,NORMAL,15.2,1013.1,96.0,HEALTHY,replay,0.4,0.0
2025-01-07T07:00:00+00:00,AWS-KOL-015,17.2,1013.6,91.0,False,,low,0.5,NORMAL,16.7,1013.9,93.0,HEALTHY,replay,0.9,0.0
2025-01-07T08:00:00+00:00,AWS-KOL-015,19.3,1014.2,81.0,False,,low,1.1,NORMAL,18.9,1014.5,86.0,HEALTHY,replay,1.9,0.0
2025-01-07T09:00:00+00:00,AWS-KOL-015,21.6,1014.4,71.0,False,,low,0.9,NORMAL,21.3,1014.6,76.0,HEALTHY,replay,1.5,0.0
2025-01-07T10:00:00+00:00,AWS-KOL-015,23.9,1013.6,62.0,False,,low,0.7,NORMAL,23.5,1014.0,67.0,HEALTHY,replay,1.2,0.0
2025-01-07T11:00:00+00:00,AWS-KOL-015,25.6,1012.4,53.0,False,,low,2.1,NORMAL,25.1,1012.8,59.0,HEALTHY,replay,3.5,0.0
2025-01-07T12:00:00+00:00,AWS-KOL-015,26.5,1011.0,48.0,False,,low,2.8,NORMAL,26.0,1011.4,53.0,HEALTHY,replay,4.6,0.0
2025-01-07T13:00:00+00:00,AWS-KOL-015,26.9,1009.9,44.0,False,,low,3.4,NORMAL,26.5,1010.3,50.0,HEALTHY,replay,5.7,0.0
2025-01-07T14:00:00+00:00,AWS-KOL-015,26.9,1009.1,44.0,False,,low,1.3,NORMAL,26.3,1009.4,49.0,HEALTHY,replay,2.2,0.0
2025-01-07T15:00:00+00:00,AWS-KOL-015,26.4,1008.8,45.0,False,,low,1.2,NORMAL,25.8,1009.2,49.0,HEALTHY,replay,2.0,0.0
2025-01-07T16:00:00+00:00,AWS-KOL-015,25.7,1009.0,47.0,False,,low,0.5,NORMAL,24.5,1009.4,65.0,HEALTHY,replay,0.9,0.0
2025-01-07T17:00:00+00:00,AWS-KOL-015,24.2,1009.4,60.0,False,,low,1.0,NORMAL,22.4,1009.8,65.0,HEALTHY,replay,1.7,0.0
2025-01-07T18:00:00+00:00,AWS-KOL-015,23.4,1009.8,66.0,False,,low,0.3,NORMAL,21.7,1010.2,67.0,HEALTHY,replay,0.6,0.0
2025-01-07T19:00:00+00:00,AWS-KOL-015,22.7,1010.5,65.0,False,,low,0.2,NORMAL,22.0,1010.8,65.0,HEALTHY,replay,0.3,0.0
2025-01-07T20:00:00+00:00,AWS-KOL-015,22.1,1010.9,70.0,False,,low,0.1,NORMAL,21.1,1011.2,69.0,HEALTHY,replay,0.2,0.0
2025-01-07T21:00:00+00:00,AWS-KOL-015,21.2,1011.3,72.0,False,,low,0.1,NORMAL,19.5,1011.5,77.0,HEALTHY,replay,0.1,0.0
2025-01-07T22:00:00+00:00,AWS-KOL-015,20.2,1011.7,75.0,False,,low,0.1,NORMAL,18.3,1011.8,83.0,HEALTHY,replay,0.1,0.0
2025-01-07T23:00:00+00:00,AWS-KOL-015,19.4,1012.0,74.0,False,,low,0.1,NORMAL,18.8,1012.1,78.0,HEALTHY,replay,0.1,0.0
2025-01-08T00:00:00+00:00,AWS-KOL-015,18.5,1012.0,76.0,False,,low,0.1,NORMAL,17.8,1012.2,79.0,HEALTHY,replay,0.2,0.0
2025-01-08T01:00:00+00:00,AWS-KOL-015,17.9,1011.7,77.0,False,,low,0.2,NORMAL,17.1,1011.9,81.0,HEALTHY,replay,0.3,0.0
2025-01-08T02:00:00+00:00,AWS-KOL-015,17.4,1011.4,79.0,False,,low,0.2,NORMAL,16.5,1011.6,83.0,HEALTHY,replay,0.3,0.0
2025-01-08T03:00:00+00:00,AWS-KOL-015,17.1,1011.2,80.0,False,,low,0.2,NORMAL,16.4,1011.5,84.0,HEALTHY,replay,0.3,0.0
2025-01-08T04:00:00+00:00,AWS-KOL-015,16.8,1011.5,81.0,False,,low,0.2,NORMAL,16.1,1011.7,85.0,HEALTHY,replay,0.4,0.0
2025-01-08T05:00:00+00:00,AWS-KOL-015,16.1,1012.2,84.0,False,,low,0.1,NORMAL,15.0,1012.4,89.0,HEALTHY,replay,0.2,0.0
2025-01-08T06:00:00+00:00,AWS-KOL-015,16.0,1012.8,87.0,False,,low,0.2,NORMAL,15.0,1013.1,92.0,HEALTHY,replay,0.3,0.0
2025-01-08T07:00:00+00:00,AWS-KOL-015,16.6,1014.2,83.0,False,,low,0.7,NORMAL,16.0,1014.5,86.0,HEALTHY,replay,1.1,0.0
2025-01-08T08:00:00+00:00,AWS-KOL-015,18.0,1015.4,72.0,False,,low,8.1,NORMAL,17.7,1015.7,76.0,HEALTHY,replay,13.4,0.0
2025-01-08T09:00:00+00:00,AWS-KOL-015,19.5,1015.8,65.0,False,,low,3.0,NORMAL,19.3,1016.0,69.0,HEALTHY,replay,5.0,0.0
2025-01-08T10:00:00+00:00,AWS-KOL-015,21.0,1015.3,60.0,False,,low,1.9,NORMAL,20.6,1015.5,65.0,HEALTHY,replay,3.2,0.0
2025-01-08T11:00:00+00:00,AWS-KOL-015,22.2,1014.4,56.0,False,,low,1.2,NORMAL,21.7,1014.6,61.0,HEALTHY,replay,2.0,0.0
2025-01-08T12:00:00+00:00,AWS-KOL-015,23.1,1013.3,52.0,False,,low,2.3,NORMAL,22.5,1013.5,58.0,HEALTHY,replay,3.8,0.0
2025-01-08T13:00:00+00:00,AWS-KOL-015,23.7,1012.3,49.0,False,,low,1.6,NORMAL,22.9,1012.6,55.0,HEALTHY,replay,2.7,0.0
2025-01-08T14:00:00+00:00,AWS-KOL-015,23.8,1011.7,47.0,False,,low,1.3,NORMAL,22.9,1012.1,53.0,HEALTHY,replay,2.2,0.0
2025-01-08T15:00:00+00:00,AWS-KOL-015,,1011.6,48.47383886423041,True,dropout,critical,100.0,RULE_ENGINE_BYPASS,22.4,1011.9,54.0,HEALTHY,replay,,100.0
2025-01-08T16:00:00+00:00,AWS-KOL-015,22.4,1011.9,51.947677728460825,False,,low,1.3,NORMAL,21.0,1012.2,62.0,HEALTHY,replay,2.2,0.0
2025-01-08T17:00:00+00:00,AWS-KOL-015,20.8,1012.4,62.42151659269123,False,,low,2.3,NORMAL,18.5,1012.7,74.0,HEALTHY,replay,3.9,0.0
2025-01-08T18:00:00+00:00,AWS-KOL-015,19.9,1013.7,68.89535545692165,False,,low,3.7,NORMAL,17.6,1014.0,80.0,HEALTHY,replay,6.1,0.0
2025-01-08T19:00:00+00:00,AWS-KOL-015,19.2,1014.6,73.36919432115205,False,,low,3.8,NORMAL,17.2,1014.9,81.0,HEALTHY,replay,6.3,0.0
2025-01-08T20:00:00+00:00,AWS-KOL-015,18.5,1015.2,77.84303318538247,False,,low,3.1,NORMAL,16.3,1015.6,85.0,HEALTHY,replay,5.2,0.0
2025-01-08T21:00:00+00:00,AWS-KOL-015,17.7,1015.8,82.31687204961288,False,,low,3.8,NORMAL,15.9,1016.1,88.0,HEALTHY,replay,6.4,0.0
2025-01-08T22:00:00+00:00,AWS-KOL-015,17.0,1015.9,85.79071091384328,False,,low,3.8,NORMAL,15.1,1016.2,90.0,HEALTHY,replay,6.3,0.0
2025-01-08T23:00:00+00:00,AWS-KOL-015,16.2,1015.6,89.2645497780737,False,,low,1.3,NORMAL,14.5,1015.9,91.0,HEALTHY,replay,2.1,0.0
2025-01-09T00:00:00+00:00,AWS-KOL-015,15.8,1015.1,91.73838864230412,False,,low,0.9,NORMAL,14.0,1015.4,92.0,HEALTHY,replay,1.4,0.0
2025-01-09T01:00:00+00:00,AWS-KOL-015,15.3,1014.7,93.21222750653452,False,,low,0.6,NORMAL,13.6,1015.0,93.0,HEALTHY,replay,1.0,0.0
2025-01-09T02:00:00+00:00,AWS-KOL-015,14.9,1014.4,94.68606637076492,False,,low,0.4,NORMAL,13.3,1014.7,94.0,HEALTHY,replay,0.7,0.0
2025-01-09T03:00:00+00:00,AWS-KOL-015,14.6,1014.6,96.15990523499536,False,,low,0.5,NORMAL,13.2,1014.8,94.0,HEALTHY,replay,0.9,0.0
2025-01-09T04:00:00+00:00,AWS-KOL-015,14.4,1014.7,96.63374409922577,False,,low,0.8,NORMAL,13.1,1015.0,94.0,HEALTHY,replay,1.3,0.0
2025-01-09T05:00:00+00:00,AWS-KOL-015,14.1,1015.3,98.10758296345615,False,,low,1.1,NORMAL,12.9,1015.6,94.0,HEALTHY,replay,1.9,0.0
2025-01-09T06:00:00+00:00,AWS-KOL-015,13.8,1016.3,99.58142182768658,False,,low,0.9,NORMAL,12.7,1016.7,95.0,HEALTHY,replay,1.6,0.0
2025-01-09T07:00:00+00:00,AWS-KOL-015,14.6,1017.6,96.05526069191698,False,,low,3.0,NORMAL,14.0,1017.9,92.0,HEALTHY,replay,5.0,0.0
2025-01-09T08:00:00+00:00,AWS-KOL-015,16.4,1018.4,87.5290995561474,False,,low,9.7,NORMAL,16.1,1018.7,83.0,HEALTHY,replay,16.2,0.0
2025-01-09T09:00:00+00:00,AWS-KOL-015,18.5,1018.8,77.0029384203778,False,,low,3.8,NORMAL,18.3,1019.1,72.0,HEALTHY,replay,6.3,0.0
2025-01-09T10:00:00+00:00,AWS-KOL-015,20.2,1018.0,69.47677728460822,False,,low,1.9,NORMAL,20.0,1018.3,64.0,HEALTHY,replay,3.1,0.0
2025-01-09T11:00:00+00:00,AWS-KOL-015,21.5,1016.7,63.95061614883864,False,,low,3.2,NORMAL,21.2,1017.0,59.0,HEALTHY,replay,5.3,0.0
2025-01-09T12:00:00+00:00,AWS-KOL-015,22.6,1015.4,60.42445501306904,False,,low,8.4,NORMAL,22.1,1015.7,56.0,HEALTHY,replay,14.0,0.0
2025-01-09T13:00:00+00:00,AWS-KOL-015,23.3,1014.3,58.89829387729945,False,,low,8.9,NORMAL,22.6,1014.6,53.0,HEALTHY,replay,14.9,0.0
2025-01-09T14:00:00+00:00,AWS-KOL-015,23.5,1013.8,57.37213274152987,False,,low,2.1,NORMAL,22.7,1014.1,53.0,HEALTHY,replay,3.4,0.0
2025-01-09T15:00:00+00:00,AWS-KOL-015,23.1,1013.6,59.84597160576028,False,,low,1.7,NORMAL,22.3,1013.9,53.0,HEALTHY,replay,2.8,0.0
2025-01-09T16:00:00+00:00,AWS-KOL-015,22.1,1014.0,65.31981046999068,False,,low,0.8,NORMAL,20.9,1014.3,61.0,HEALTHY,replay,1.3,0.0
2025-01-09T17:00:00+00:00,AWS-KOL-015,20.5,1014.3,74.7936493342211,False,,low,0.7,NORMAL,18.4,1014.6,72.0,HEALTHY,replay,1.2,0.0
2025-01-09T18:00:00+00:00,AWS-KOL-015,19.9,1014.9,78.2674881984515,False,,low,0.3,NORMAL,17.9,1015.2,73.0,HEALTHY,replay,0.5,0.0
2025-01-09T19:00:00+00:00,AWS-KOL-015,18.9,1015.8,83.74132706268192,False,,low,0.3,NORMAL,16.9,1016.1,78.0,HEALTHY,replay,0.4,0.0
2025-01-09T20:00:00+00:00,AWS-KOL-015,18.3,1016.6,87.21516592691233,False,,low,0.3,NORMAL,16.2,1016.9,81.0,HEALTHY,replay,0.5,0.0
2025-01-09T21:00:00+00:00,AWS-KOL-015,17.7,1017.3,91.68900479114274,False,,low,0.5,NORMAL,15.8,1017.6,82.0,HEALTHY,replay,0.8,0.0
2025-01-09T22:00:00+00:00,AWS-KOL-015,17.3,1017.7,94.16284365537317,False,,low,0.2,NORMAL,15.2,1018.0,84.0,HEALTHY,replay,0.4,0.0
2025-01-09T23:00:00+00:00,AWS-KOL-015,16.8,1017.6,96.63668251960355,False,,low,0.2,NORMAL,14.7,1017.9,86.0,HEALTHY,replay,0.4,0.0
2025-01-10T00:00:00+00:00,AWS-KOL-015,16.0,1017.3,100.0,False,,low,0.2,NORMAL,14.0,1017.6,89.0,WARNING,replay,0.4,0.0
2025-01-10T01:00:00+00:00,AWS-KOL-015,15.5,1016.8,100.0,False,,low,0.2,NORMAL,13.4,1017.1,91.0,WARNING,replay,0.3,0.0
2025-01-10T02:00:00+00:00,AWS-KOL-015,15.2,1016.8,100.0,False,,low,0.2,NORMAL,13.8,1017.1,90.0,WARNING,replay,0.4,0.0
2025-01-10T03:00:00+00:00,AWS-KOL-015,14.7,1016.8,100.0,False,,low,0.3,NORMAL,13.5,1017.1,89.0,WARNING,replay,0.5,0.0
2025-01-10T04:00:00+00:00,AWS-KOL-015,14.3,1017.0,100.0,False,,low,0.3,NORMAL,13.1,1017.4,89.0,WARNING,replay,0.5,0.0
2025-01-10T05:00:00+00:00,AWS-KOL-015,13.6,1017.5,100.0,False,,low,0.4,NORMAL,12.6,1017.9,91.0,WARNING,replay,0.6,0.0
2025-01-10T06:00:00+00:00,AWS-KOL-015,13.6,1018.3,100.0,False,,low,0.3,NORMAL,12.6,1018.6,91.0,WARNING,replay,0.5,0.0
2025-01-10T07:00:00+00:00,AWS-KOL-015,14.3,1019.3,100.0,False,,low,0.5,NORMAL,14.0,1019.7,85.0,OFFLINE,replay,0.9,0.0
2025-01-10T08:00:00+00:00,AWS-KOL-015,16.3,1020.2,91.90123229767728,False,,low,7.5,NORMAL,16.1,1020.4,75.0,OFFLINE,replay,12.5,0.0
2025-01-10T09:00:00+00:00,AWS-KOL-015,18.7,1020.5,81.37507116190767,False,,low,30.0,NORMAL,18.6,1020.8,64.0,OFFLINE,replay,49.9,0.0
2025-01-10T10:00:00+00:00,AWS-KOL-015,20.8,1019.7,72.84891002613809,False,,low,33.6,NORMAL,20.7,1020.0,55.0,HEALTHY,replay,56.0,0.0
2025-01-10T11:00:00+00:00,AWS-KOL-015,22.3,1018.3,67.3227488903685,False,,low,7.8,NORMAL,22.0,1018.5,50.0,OFFLINE,replay,13.1,0.0
2025-01-10T12:00:00+00:00,AWS-KOL-015,23.3,1016.9,65.7965877545989,False,,low,21.9,NORMAL,22.9,1017.2,47.0,OFFLINE,replay,36.5,0.0
2025-01-10T13:00:00+00:00,AWS-KOL-015,23.8,1015.9,65.27042661882932,False,,low,29.4,NORMAL,23.4,1016.1,46.0,OFFLINE,replay,48.9,0.0
2025-01-10T14:00:00+00:00,AWS-KOL-015,23.9,1015.3,43.0,False,,low,51.9,NORMAL,23.4,1015.5,46.0,HEALTHY,replay,86.6,0.0
2025-01-10T15:00:00+00:00,AWS-KOL-015,23.5,1015.2,44.0,False,,low,20.0,NORMAL,22.9,1015.4,47.0,WARNING,replay,33.3,0.0
2025-01-10T16:00:00+00:00,AWS-KOL-015,22.3,1015.5,49.0,False,,low,9.1,NORMAL,21.1,1015.7,56.0,WARNING,replay,15.1,0.0
2025-01-10T17:00:00+00:00,AWS-KOL-015,20.7,1015.9,57.0,False,,low,1.0,NORMAL,18.3,1016.2,67.0,WARNING,replay,1.7,0.0
2025-01-10T18:00:00+00:00,AWS-KOL-015,19.6,1015.8,67.0,False,,low,2.3,NORMAL,18.1,1016.1,69.0,WARNING,replay,3.9,0.0
2025-01-10T19:00:00+00:00,AWS-KOL-015,19.1,1016.3,68.0,False,,low,1.0,NORMAL,17.4,1016.6,73.0,WARNING,replay,1.7,0.0
2025-01-10T20:00:00+00:00,AWS-KOL-015,18.5,1017.0,70.0,False,,low,0.5,NORMAL,16.6,1017.3,77.0,WARNING,replay,0.9,0.0
2025-01-10T21:00:00+00:00,AWS-KOL-015,18.0,1017.4,71.0,False,,low,0.4,NORMAL,15.7,1017.7,80.0,WARNING,replay,0.7,0.0
2025-01-10T22:00:00+00:00,AWS-KOL-015,17.0,1017.3,77.0,False,,low,0.7,NORMAL,14.9,1017.6,85.0,WARNING,replay,1.2,0.0
2025-01-10T23:00:00+00:00,AWS-KOL-015,15.8,1017.1,83.0,False,,low,0.5,NORMAL,14.2,1017.4,88.0,WARNING,replay,0.9,0.0
2025-01-11T00:00:00+00:00,AWS-KOL-015,15.1,1016.6,85.0,False,,low,0.4,NORMAL,13.6,1016.8,90.0,WARNING,replay,0.6,0.0
2025-01-11T01:00:00+00:00,AWS-KOL-015,14.6,1016.4,85.0,False,,low,0.2,NORMAL,13.4,1016.7,90.0,WARNING,replay,0.3,0.0
2025-01-11T02:00:00+00:00,AWS-KOL-015,14.1,1016.1,86.0,False,,low,0.2,NORMAL,12.8,1016.5,91.0,WARNING,replay,0.3,0.0
2025-01-11T03:00:00+00:00,AWS-KOL-015,13.8,1016.2,85.0,False,,low,0.2,NORMAL,12.2,1016.6,92.0,WARNING,replay,0.4,0.0
2025-01-11T04:00:00+00:00,AWS-KOL-015,13.3,1016.6,85.0,False,,low,0.3,NORMAL,11.7,1016.9,92.0,WARNING,replay,0.4,0.0
2025-01-11T05:00:00+00:00,AWS-KOL-015,12.8,1017.1,87.0,False,,low,0.3,NORMAL,11.5,1017.5,93.0,WARNING,replay,0.5,0.0
2025-01-11T06:00:00+00:00,AWS-KOL-015,13.0,1017.9,88.0,False,,low,0.4,NORMAL,11.5,1018.2,94.0,WARNING,replay,0.6,0.0
2025-01-11T07:00:00+00:00,AWS-KOL-015,14.2,1019.0,84.0,False,,low,0.9,NORMAL,13.8,1019.3,88.0,WARNING,replay,1.5,0.0
2025-01-11T08:00:00+00:00,AWS-KOL-015,16.6,1020.0,75.0,False,,low,8.6,NORMAL,16.4,1020.2,79.0,WARNING,replay,14.4,0.0
2025-01-11T09:00:00+00:00,AWS-KOL-015,19.4,1020.4,66.0,False,,low,10.5,NORMAL,19.3,1020.7,71.0,WARNING,replay,17.5,0.0
2025-01-11T10:00:00+00:00,AWS-KOL-015,29.83175731286304,1019.355804134466,95.27008524903712,True,multivariate_inconsistency,high,76.1,MODEL_OVERRIDE,21.5,1019.8,62.0,WARNING,replay,96.9,45.0
2025-01-11T11:00:00+00:00,AWS-KOL-015,31.13175731286304,1017.721910111536,84.80040586426625,True,multivariate_inconsistency,high,74.7,MODEL_OVERRIDE,22.7,1018.2,55.0,WARNING,replay,94.6,45.0
2025-01-11T12:00:00+00:00,AWS-KOL-015,32.23175731286304,1016.7911147012712,79.50573796727917,True,multivariate_inconsistency,medium,63.0,FUSED_CONSENSUS,23.5,1016.9,52.0,WARNING,replay,75.0,45.0
2025-01-11T13:00:00+00:00,AWS-KOL-015,32.83175731286304,1015.6532377479728,76.0152877932122,True,multivariate_inconsistency,medium,68.8,FUSED_CONSENSUS,24.0,1015.8,52.0,OFFLINE,replay,83.3,46.9
2025-01-11T14:00:00+00:00,AWS-KOL-015,24.9,1014.6,45.0,False,,low,51.8,NORMAL,24.1,1015.0,51.0,OFFLINE,replay,86.3,0.0
2025-01-11T15:00:00+00:00,AWS-KOL-015,24.5,1014.3,46.0,True,unstructured_anomaly,high,88.7,ML_MODEL_ISOLATION,23.6,1014.8,53.0,OFFLINE,replay,88.7,0.0
2025-01-11T16:00:00+00:00,AWS-KOL-015,23.6,1014.5,50.0,False,,low,52.4,NORMAL,22.2,1014.8,63.0,HEALTHY,replay,87.4,0.0
2025-01-11T17:00:00+00:00,AWS-KOL-015,21.4,1014.7,66.0,False,,low,30.5,NORMAL,19.7,1015.0,72.0,OFFLINE,replay,50.8,0.0
2025-01-11T18:00:00+00:00,AWS-KOL-015,20.5,1014.9,71.0,False,,low,37.3,NORMAL,18.8,1015.2,75.0,OFFLINE,replay,62.1,0.0
2025-01-11T19:00:00+00:00,AWS-KOL-015,19.6,1015.6,76.0,False,,low,30.5,NORMAL,17.8,1015.9,80.0,OFFLINE,replay,50.9,0.0
2025-01-11T20:00:00+00:00,AWS-KOL-015,19.0,1016.4,78.0,False,,low,22.1,NORMAL,17.4,1016.7,81.0,HEALTHY,replay,36.8,0.0
2025-01-11T21:00:00+00:00,AWS-KOL-015,18.7,1016.6,78.0,False,,low,4.5,NORMAL,17.1,1016.9,82.0,WARNING,replay,7.4,0.0
2025-01-11T22:00:00+00:00,AWS-KOL-015,18.2,1017.0,80.0,False,,low,3.4,NORMAL,16.2,1017.2,85.0,WARNING,replay,5.7,0.0
2025-01-11T23:00:00+00:00,AWS-KOL-015,17.5,1016.8,82.0,False,,low,1.2,NORMAL,15.7,1017.1,86.0,WARNING,replay,2.0,0.0
2025-01-12T00:00:00+00:00,AWS-KOL-015,16.7,1016.3,86.0,False,,low,1.3,NORMAL,15.0,1016.6,89.0,WARNING,replay,2.2,0.0
2025-01-12T01:00:00+00:00,AWS-KOL-015,16.3,1016.0,87.0,False,,low,0.7,NORMAL,14.6,1016.3,91.0,WARNING,replay,1.1,0.0
2025-01-12T02:00:00+00:00,AWS-KOL-015,15.8,1015.7,89.0,False,,low,0.4,NORMAL,14.4,1016.0,92.0,WARNING,replay,0.6,0.0
2025-01-12T03:00:00+00:00,AWS-KOL-015,15.6,1015.3,90.0,False,,low,0.4,NORMAL,14.3,1015.6,92.0,WARNING,replay,0.7,0.0
2025-01-12T04:00:00+00:00,AWS-KOL-015,15.3,1015.5,90.0,False,,low,0.4,NORMAL,14.2,1015.8,91.0,WARNING,replay,0.6,0.0
2025-01-12T05:00:00+00:00,AWS-KOL-015,15.0,1016.0,91.0,False,,low,0.5,NORMAL,13.9,1016.3,92.0,WARNING,replay,0.9,0.0
2025-01-12T06:00:00+00:00,AWS-KOL-015,14.1,1017.0,94.0,False,,low,0.5,NORMAL,13.3,1017.4,96.0,WARNING,replay,0.8,0.0
2025-01-12T07:00:00+00:00,AWS-KOL-015,15.8,1018.0,88.0,False,,low,1.0,NORMAL,15.4,1018.3,92.0,WARNING,replay,1.7,0.0
2025-01-12T08:00:00+00:00,AWS-KOL-015,18.2,1018.4,76.0,False,,low,1.4,NORMAL,18.1,1018.7,81.0,WARNING,replay,2.3,0.0
2025-01-12T09:00:00+00:00,AWS-KOL-015,21.1,1018.7,63.0,False,,low,26.8,NORMAL,21.0,1019.0,70.0,WARNING,replay,44.7,0.0
2025-01-12T10:00:00+00:00,AWS-KOL-015,23.4,1018.0,52.0,False,,low,34.1,NORMAL,23.1,1018.3,58.0,HEALTHY,replay,56.9,0.0
2025-01-12T11:00:00+00:00,AWS-KOL-015,24.8,1016.6,46.0,False,,low,27.0,NORMAL,24.3,1016.9,52.0,HEALTHY,replay,45.0,0.0
2025-01-12T12:00:00+00:00,AWS-KOL-015,25.9,1015.0,42.0,False,,low,36.3,NORMAL,25.1,1015.4,49.0,HEALTHY,replay,60.4,0.0
2025-01-12T13:00:00+00:00,AWS-KOL-015,26.4,1014.0,0.0797805214259378,True,multivariate_inconsistency,high,81.7,MODEL_OVERRIDE,25.7,1014.4,47.0,HEALTHY,replay,98.1,57.0
2025-01-12T14:00:00+00:00,AWS-KOL-015,26.4,1013.2,-0.0317762263523132,True,multivariate_inconsistency,critical,99.5,RULE_ENGINE_BYPASS,25.8,1013.6,47.0,HEALTHY,replay,99.2,100.0
2025-01-12T15:00:00+00:00,AWS-KOL-015,26.1,1012.9,-0.0872813240634935,True,multivariate_inconsistency,critical,99.2,RULE_ENGINE_BYPASS,25.4,1013.3,49.0,HEALTHY,replay,98.7,100.0
2025-01-12T16:00:00+00:00,AWS-KOL-015,25.2,1012.9,-0.0775954120355875,True,multivariate_inconsistency,critical,99.0,RULE_ENGINE_BYPASS,23.9,1013.3,60.0,OFFLINE,replay,98.3,100.0
2025-01-12T17:00:00+00:00,AWS-KOL-015,23.0,1013.4,60.0,False,,low,44.3,NORMAL,20.9,1013.7,70.0,OFFLINE,replay,73.8,0.0
2025-01-12T18:00:00+00:00,AWS-KOL-015,22.1,1013.7,66.0,True,unstructured_anomaly,high,89.3,ML_MODEL_ISOLATION,20.2,1014.0,74.0,OFFLINE,replay,89.3,0.0
2025-01-12T19:00:00+00:00,AWS-KOL-015,21.3,1014.5,69.0,False,,low,48.7,NORMAL,19.5,1014.8,77.0,HEALTHY,replay,81.2,0.0
2025-01-12T20:00:00+00:00,AWS-KOL-015,20.5,1014.8,72.0,False,,low,15.5,NORMAL,18.8,1015.1,80.0,OFFLINE,replay,25.8,0.0
2025-01-12T21:00:00+00:00,AWS-KOL-015,19.8,1015.3,74.0,False,,low,14.3,NORMAL,18.6,1015.5,81.0,OFFLINE,replay,23.8,0.0
2025-01-12T22:00:00+00:00,AWS-KOL-015,18.7,1015.2,78.0,False,,low,20.4,NORMAL,17.5,1015.5,82.0,OFFLINE,replay,34.0,0.0
2025-01-12T23:00:00+00:00,AWS-KOL-015,18.4,1014.7,78.0,False,,low,29.7,NORMAL,17.0,1015.0,83.0,HEALTHY,replay,49.5,0.0
2025-01-13T00:00:00+00:00,AWS-KOL-015,18.3,1014.1,78.0,False,,low,17.9,NORMAL,16.5,1014.4,84.0,WARNING,replay,29.9,0.0
2025-01-13T01:00:00+00:00,AWS-KOL-015,17.5,1013.7,82.0,False,,low,2.9,NORMAL,16.1,1014.0,85.0,WARNING,replay,4.9,0.0
2025-01-13T02:00:00+00:00,AWS-KOL-015,16.4,1013.5,87.0,False,,low,1.3,NORMAL,15.4,1013.7,88.0,WARNING,replay,2.2,0.0
2025-01-13T03:00:00+00:00,AWS-KOL-015,15.7,1013.3,92.0,False,,low,4.0,NORMAL,14.4,1013.6,92.0,WARNING,replay,6.7,0.0
2025-01-13T04:00:00+00:00,AWS-KOL-015,15.0,1013.5,94.0,False,,low,1.1,NORMAL,14.0,1013.8,93.0,WARNING,replay,1.9,0.0
2025-01-13T05:00:00+00:00,AWS-KOL-015,14.6,1014.0,96.0,False,,low,1.2,NORMAL,13.8,1014.3,93.0,WARNING,replay,2.1,0.0
2025-01-13T06:00:00+00:00,AWS-KOL-015,14.4,1014.5,94.0,False,,low,1.0,NORMAL,13.5,1014.7,93.0,WARNING,replay,1.6,0.0
2025-01-13T07:00:00+00:00,AWS-KOL-015,16.0,1015.3,87.0,False,,low,0.7,NORMAL,15.7,1015.6,88.0,WARNING,replay,1.1,0.0
2025-01-13T08:00:00+00:00,AWS-KOL-015,19.0,1015.8,73.0,False,,low,1.2,NORMAL,18.9,1016.1,78.0,WARNING,replay,2.0,0.0
2025-01-13T09:00:00+00:00,AWS-KOL-015,22.4,1015.8,60.0,False,,low,25.4,NORMAL,22.2,1016.1,66.0,WARNING,replay,42.4,0.0
2025-01-13T10:00:00+00:00,AWS-KOL-015,24.9,1015.4,48.0,False,,low,40.9,NORMAL,24.5,1015.8,54.0,WARNING,replay,68.2,0.0
2025-01-13T11:00:00+00:00,AWS-KOL-015,26.4,1014.2,42.0,False,,low,42.9,NORMAL,25.9,1014.6,47.0,WARNING,replay,71.4,0.0
2025-01-13T12:00:00+00:00,AWS-KOL-015,27.4,1012.8,39.0,False,,low,34.1,NORMAL,26.7,1013.1,44.0,WARNING,replay,56.9,0.0
2025-01-13T13:00:00+00:00,AWS-KOL-015,27.8,1011.5,38.0,False,,low,33.4,NORMAL,27.2,1011.9,42.0,WARNING,replay,55.7,0.0
2025-01-13T14:00:00+00:00,AWS-KOL-015,27.7,1011.0,38.0,False,,low,17.9,NORMAL,27.1,1011.3,43.0,WARNING,replay,29.9,0.0
2025-01-13T15:00:00+00:00,AWS-KOL-015,27.1,1011.0,41.0,False,,low,12.8,NORMAL,26.6,1011.3,45.0,WARNING,replay,21.3,0.0
2025-01-13T16:00:00+00:00,AWS-KOL-015,26.2,1011.3,45.0,False,,low,8.9,NORMAL,24.9,1011.6,55.0,HEALTHY,replay,14.9,0.0
2025-01-13T17:00:00+00:00,AWS-KOL-015,24.6,1011.9,54.0,False,,low,10.8,NORMAL,23.0,1012.3,62.0,HEALTHY,replay,18.0,0.0
2025-01-13T18:00:00+00:00,AWS-KOL-015,23.2,1012.7,61.0,False,,low,2.8,NORMAL,21.6,1013.1,66.0,HEALTHY,replay,4.6,0.0
2025-01-13T19:00:00+00:00,AWS-KOL-015,22.7,0.0576053897273399,62.0,True,spike,high,74.7,RULE_ENGINE_BYPASS,20.8,1013.8,69.0,HEALTHY,replay,57.9,100.0
2025-01-13T20:00:00+00:00,AWS-KOL-015,22.1,-0.0933068514068994,63.0,True,spike,high,76.5,RULE_ENGINE_BYPASS,20.1,1014.3,70.0,HEALTHY,replay,60.8,100.0
2025-01-13T21:00:00+00:00,AWS-KOL-015,21.7,0.1233479000017696,66.0,True,spike,medium,69.8,RULE_ENGINE_BYPASS,19.8,1014.5,72.0,HEALTHY,replay,49.7,100.0
2025-01-13T22:00:00+00:00,AWS-KOL-015,21.1,-0.0105426912979873,69.0,True,spike,high,79.9,RULE_ENGINE_BYPASS,19.2,1014.8,75.0,OFFLINE,replay,66.5,100.0
2025-01-13T23:00:00+00:00,AWS-KOL-015,20.4,1014.3,72.0,False,,low,10.0,NORMAL,18.8,1014.7,77.0,OFFLINE,replay,16.7,0.0
2025-01-14T00:00:00+00:00,AWS-KOL-015,20.2,1014.2,73.0,False,,low,23.2,NORMAL,17.6,1014.5,82.0,OFFLINE,replay,38.7,0.0
2025-01-14T01:00:00+00:00,AWS-KOL-015,19.1,1014.0,77.0,False,,low,31.6,NORMAL,17.7,1014.2,82.0,HEALTHY,replay,52.6,0.0
2025-01-14T02:00:00+00:00,AWS-KOL-015,18.2,1014.1,80.0,False,,low,11.7,NORMAL,16.6,1014.3,89.0,OFFLINE,replay,19.5,0.0
2025-01-14T03:00:00+00:00,AWS-KOL-015,16.8,1014.1,87.0,False,,low,17.1,NORMAL,15.8,1014.4,91.0,OFFLINE,replay,28.6,0.0
2025-01-14T04:00:00+00:00,AWS-KOL-015,16.5,1014.4,88.0,False,,low,27.7,NORMAL,15.5,1014.7,93.0,OFFLINE,replay,46.2,0.0
2025-01-14T05:00:00+00:00,AWS-KOL-015,16.6,1015.3,87.0,False,,low,25.9,NORMAL,15.9,1015.6,92.0,OFFLINE,replay,43.1,0.0
2025-01-14T06:00:00+00:00,AWS-KOL-015,16.6,1016.3,87.0,False,,low,30.8,NORMAL,15.5,1016.5,93.0,OFFLINE,replay,51.4,0.0
2025-01-14T07:00:00+00:00,AWS-KOL-015,17.6,1017.4,82.0,False,,low,21.4,NORMAL,17.2,1017.7,85.0,OFFLINE,replay,35.6,0.0
2025-01-14T08:00:00+00:00,AWS-KOL-015,19.6,1018.4,71.0,False,,low,29.7,NORMAL,19.3,1018.7,74.0,OFFLINE,replay,49.6,0.0
2025-01-14T09:00:00+00:00,AWS-KOL-015,21.9,1018.7,61.0,False,,low,28.0,NORMAL,21.5,1019.1,66.0,OFFLINE,replay,46.6,0.0
2025-01-14T10:00:00+00:00,AWS-KOL-015,24.1,1018.4,52.0,False,,low,27.6,NORMAL,23.6,1018.8,57.0,OFFLINE,replay,46.0,0.0
2025-01-14T11:00:00+00:00,AWS-KOL-015,25.6,1017.3,47.0,False,,low,20.6,NORMAL,25.0,1017.7,52.0,OFFLINE,replay,34.4,0.0
2025-01-14T12:00:00+00:00,AWS-KOL-015,26.5,1016.0,44.0,False,,low,16.1,NORMAL,25.8,1016.4,49.0,OFFLINE,replay,26.8,0.0
2025-01-14T13:00:00+00:00,AWS-KOL-015,26.9,1014.7,43.0,False,,low,18.0,NORMAL,26.2,1015.2,48.0,OFFLINE,replay,30.0,0.0
2025-01-14T14:00:00+00:00,AWS-KOL-015,27.1,1013.9,42.0,False,,low,21.0,NORMAL,26.2,1014.4,48.0,OFFLINE,replay,35.0,0.0
2025-01-14T15:00:00+00:00,AWS-KOL-015,26.6,1013.9,43.0,False,,low,14.1,NORMAL,25.6,1014.3,49.0,OFFLINE,replay,23.5,0.0
2025-01-14T16:00:00+00:00,AWS-KOL-015,25.6,1014.2,47.0,False,,low,21.1,NORMAL,24.3,1014.7,55.0,OFFLINE,replay,35.1,0.0
2025-01-14T17:00:00+00:00,AWS-KOL-015,24.0,1015.1,54.0,False,,low,18.7,NORMAL,22.1,1015.4,66.0,OFFLINE,replay,31.2,0.0
2025-01-14T18:00:00+00:00,AWS-KOL-015,23.0,1016.1,61.0,False,,low,27.4,NORMAL,21.0,1016.4,71.0,OFFLINE,replay,45.7,0.0
2025-01-14T19:00:00+00:00,AWS-KOL-015,22.1,1016.9,65.0,False,,low,39.8,NORMAL,20.0,1017.2,76.0,OFFLINE,replay,66.3,0.0
2025-01-14T20:00:00+00:00,AWS-KOL-015,21.4,1017.1,68.0,False,,low,44.8,NORMAL,19.1,1017.4,79.0,OFFLINE,replay,74.7,0.0
2025-01-14T21:00:00+00:00,AWS-KOL-015,20.8,1017.8,70.0,False,,low,43.3,NORMAL,18.6,1018.1,81.0,OFFLINE,replay,72.2,0.0
2025-01-14T22:00:00+00:00,AWS-KOL-015,20.0,1017.8,73.0,False,,low,45.5,NORMAL,18.2,1018.0,82.0,OFFLINE,replay,75.8,0.0
2025-01-14T23:00:00+00:00,AWS-KOL-015,19.5,1017.6,75.0,False,,low,43.7,NORMAL,17.6,1017.9,84.0,OFFLINE,replay,72.8,0.0
2025-01-15T00:00:00+00:00,AWS-KOL-015,18.8,1017.3,77.0,False,,low,44.2,NORMAL,16.8,1017.6,85.0,OFFLINE,replay,73.7,0.0
2025-01-15T01:00:00+00:00,AWS-KOL-015,18.43982930419442,1016.7,77.0,False,,low,42.5,NORMAL,16.2,1017.0,85.0,OFFLINE,replay,70.8,0.0
2025-01-15T02:00:00+00:00,AWS-KOL-015,18.028783700400567,1016.3,78.0,False,,low,35.2,NORMAL,15.5,1016.6,87.0,OFFLINE,replay,58.6,0.0
2025-01-15T03:00:00+00:00,AWS-KOL-015,17.556114022913903,1016.2,80.0,False,,low,31.6,NORMAL,15.5,1016.4,89.0,OFFLINE,replay,52.7,0.0
2025-01-15T04:00:00+00:00,AWS-KOL-015,16.91726941806076,1016.6,84.0,False,,low,36.9,NORMAL,15.1,1016.8,91.0,OFFLINE,replay,61.6,0.0
2025-01-15T05:00:00+00:00,AWS-KOL-015,16.609409702551904,1017.3,85.0,False,,low,44.6,NORMAL,14.7,1017.6,91.0,OFFLINE,replay,74.4,0.0
2025-01-15T06:00:00+00:00,AWS-KOL-015,16.330512415442723,1018.5,87.0,True,unstructured_anomaly,critical,92.3,ML_MODEL_ISOLATION,14.5,1018.8,92.0,OFFLINE,replay,92.3,0.0
2025-01-15T07:00:00+00:00,AWS-KOL-015,17.379029179516404,1019.3,84.0,False,,low,52.6,NORMAL,15.8,1019.5,88.0,OFFLINE,replay,87.7,0.0
2025-01-15T08:00:00+00:00,AWS-KOL-015,19.553718206018782,1019.9,76.0,False,,low,51.3,NORMAL,18.0,1020.2,80.0,OFFLINE,replay,85.5,0.0
2025-01-15T09:00:00+00:00,AWS-KOL-015,22.15355069876617,1020.1,67.0,False,,low,46.1,NORMAL,20.4,1020.4,71.0,OFFLINE,replay,76.9,0.0
2025-01-15T10:00:00+00:00,AWS-KOL-015,24.777653565338827,1019.4,55.0,False,,low,34.7,NORMAL,22.5,1019.7,58.0,OFFLINE,replay,57.8,0.0
2025-01-15T11:00:00+00:00,AWS-KOL-015,26.725271972539595,1018.0,45.0,False,,low,42.6,NORMAL,24.0,1018.2,47.0,OFFLINE,replay,71.0,0.0
2025-01-15T12:00:00+00:00,AWS-KOL-015,27.99574362342382,1016.4,42.0,False,,low,52.3,NORMAL,24.8,1016.7,45.0,OFFLINE,replay,87.2,0.0
2025-01-15T13:00:00+00:00,AWS-KOL-015,28.58848038141161,1015.0,42.0,False,,low,49.3,NORMAL,25.1,1015.3,45.0,OFFLINE,replay,82.2,0.0
2025-01-15T14:00:00+00:00,AWS-KOL-015,28.90295472120309,1014.4,43.0,False,,low,37.0,NORMAL,24.9,1014.7,45.0,OFFLINE,replay,61.6,0.0
2025-01-15T15:00:00+00:00,AWS-KOL-015,28.53868947430868,1014.1,47.0,True,spike,high,89.9,FUSED_CONSENSUS,24.1,1014.4,49.0,OFFLINE,replay,,89.9
2025-01-15T16:00:00+00:00,AWS-KOL-015,28.095249895875583,1014.2,52.0,True,spike,high,89.9,FUSED_CONSENSUS,23.0,1014.4,54.0,OFFLINE,replay,,89.9
2025-01-15T17:00:00+00:00,AWS-KOL-015,27.37223741143869,1014.5,57.0,True,spike,high,89.9,FUSED_CONSENSUS,20.9,1014.7,64.0,WARNING,replay,,89.9
2025-01-15T18:00:00+00:00,AWS-KOL-015,27.269284607631626,1015.5,58.0,True,spike,high,89.8,FUSED_CONSENSUS,19.9,1015.8,64.0,OFFLINE,replay,,89.8
2025-01-15T19:00:00+00:00,AWS-KOL-015,26.68605116250628,1016.1,63.0,True,spike,high,88.8,FUSED_CONSENSUS,18.8,1016.3,69.0,OFFLINE,replay,,88.8
2025-01-15T20:00:00+00:00,AWS-KOL-015,26.32222049800768,1016.6,67.0,True,spike,high,88.1,FUSED_CONSENSUS,17.6,1016.9,76.0,OFFLINE,replay,,88.1
2025-01-15T21:00:00+00:00,AWS-KOL-015,26.077496996047905,1016.8,68.0,True,spike,high,87.7,FUSED_CONSENSUS,16.6,1017.1,74.0,OFFLINE,replay,,87.7
2025-01-15T22:00:00+00:00,AWS-KOL-015,25.951603660469527,1016.8,69.0,True,spike,high,87.4,FUSED_CONSENSUS,16.0,1017.1,75.0,OFFLINE,replay,,87.4
2025-01-15T23:00:00+00:00,AWS-KOL-015,25.744280136101487,1016.7,70.0,True,spike,high,87.1,FUSED_CONSENSUS,15.3,1017.0,78.0,OFFLINE,replay,,87.1
2025-01-16T00:00:00+00:00,AWS-KOL-015,25.65528101695144,1016.3,71.0,True,spike,high,86.9,FUSED_CONSENSUS,14.6,1016.6,82.0,OFFLINE,replay,,86.9
2025-01-16T01:00:00+00:00,AWS-KOL-015,25.684374390849317,1015.9,74.0,True,spike,high,87.0,FUSED_CONSENSUS,14.2,1016.1,84.0,OFFLINE,replay,,87.0
2025-01-16T02:00:00+00:00,AWS-KOL-015,25.53134057921312,1015.2,78.0,True,spike,high,86.7,FUSED_CONSENSUS,14.2,1015.4,85.0,OFFLINE,replay,,86.7
2025-01-16T03:00:00+00:00,AWS-KOL-015,25.59597103916716,1014.8,82.0,True,spike,high,86.8,FUSED_CONSENSUS,14.0,1015.1,89.0,OFFLINE,replay,,86.8
2025-01-16T04:00:00+00:00,AWS-KOL-015,25.778067401773583,1015.1,86.0,True,spike,high,87.1,FUSED_CONSENSUS,13.5,1015.3,92.0,OFFLINE,replay,,87.1
2025-01-16T05:00:00+00:00,AWS-KOL-015,26.17744062517737,1015.6,90.0,True,spike,high,87.9,FUSED_CONSENSUS,13.3,1016.0,94.0,OFFLINE,replay,,87.9
2025-01-16T06:00:00+00:00,AWS-KOL-015,13.8,1017.2,92.0,False,,low,0.0,NORMAL,13.3,1017.5,95.0,OFFLINE,replay,,0.0
2025-01-16T07:00:00+00:00,AWS-KOL-015,14.8,1017.9,87.0,False,,low,0.0,NORMAL,14.7,1018.3,90.0,OFFLINE,replay,,0.0
2025-01-16T08:00:00+00:00,AWS-KOL-015,16.8,1018.7,77.0,False,,low,0.0,NORMAL,17.0,1019.0,80.0,WARNING,replay,,0.0
2025-01-16T09:00:00+00:00,AWS-KOL-015,19.5,1019.0,67.0,False,,low,0.0,NORMAL,19.7,1019.2,71.0,OFFLINE,replay,,0.0
2025-01-16T10:00:00+00:00,AWS-KOL-015,22.1,1018.4,59.0,True,spike,high,86.0,FUSED_CONSENSUS,22.2,1018.6,61.0,OFFLINE,replay,,86.0
2025-01-16T11:00:00+00:00,AWS-KOL-015,24.0,1017.0,51.0,True,spike,high,89.9,FUSED_CONSENSUS,23.9,1017.2,53.0,OFFLINE,replay,,89.9
2025-01-16T12:00:00+00:00,AWS-KOL-015,25.2,1015.4,44.0,True,spike,high,89.9,FUSED_CONSENSUS,24.8,1015.8,48.0,OFFLINE,replay,,89.9
2025-01-16T13:00:00+00:00,AWS-KOL-015,25.8,1014.3,41.0,True,spike,high,89.9,FUSED_CONSENSUS,25.2,1014.7,46.0,OFFLINE,replay,,89.9
2025-01-16T14:00:00+00:00,AWS-KOL-015,25.9,1013.6,41.0,True,spike,high,89.9,FUSED_CONSENSUS,25.2,1014.0,46.0,OFFLINE,replay,,89.9
2025-01-16T15:00:00+00:00,AWS-KOL-015,25.5,1013.5,44.0,True,spike,high,89.9,FUSED_CONSENSUS,24.8,1013.9,47.0,OFFLINE,replay,,89.9
2025-01-16T16:00:00+00:00,AWS-KOL-015,24.4,1013.8,48.0,True,spike,high,89.9,FUSED_CONSENSUS,23.5,1014.2,53.0,OFFLINE,replay,,89.9
2025-01-16T17:00:00+00:00,AWS-KOL-015,22.7,1014.4,56.0,True,spike,high,87.8,FUSED_CONSENSUS,20.8,1014.6,64.0,OFFLINE,replay,,87.8
2025-01-16T18:00:00+00:00,AWS-KOL-015,30.685003418812396,1015.1124277203868,100.0,True,spike,high,89.9,FUSED_CONSENSUS,19.8,1015.5,68.0,OFFLINE,replay,,89.9
2025-01-16T19:00:00+00:00,AWS-KOL-015,29.58500341881239,1016.5094352680436,100.0,True,spike,high,89.9,FUSED_CONSENSUS,18.9,1016.1,69.0,OFFLINE,replay,,89.9
2025-01-16T20:00:00+00:00,AWS-KOL-015,28.8850034188124,1016.6338880322572,100.0,True,spike,high,89.9,FUSED_CONSENSUS,18.3,1016.6,71.0,OFFLINE,replay,,89.9
2025-01-16T21:00:00+00:00,AWS-KOL-015,19.0,1016.7,68.0,False,,low,0.0,NORMAL,17.8,1017.0,74.0,OFFLINE,replay,,0.0
2025-01-16T22:00:00+00:00,AWS-KOL-015,18.2,1016.9,72.0,False,,low,0.0,NORMAL,17.1,1017.1,79.0,OFFLINE,replay,,0.0
2025-01-16T23:00:00+00:00,AWS-KOL-015,17.7,1016.7,75.0,False,,low,0.0,NORMAL,16.4,1016.9,83.0,HEALTHY,replay,,0.0
2025-01-17T00:00:00+00:00,AWS-KOL-015,17.4,1016.0,77.0,False,,low,0.0,NORMAL,16.2,1016.3,83.0,OFFLINE,replay,,0.0
2025-01-17T01:00:00+00:00,AWS-KOL-015,16.9,1015.6,80.0,False,,low,0.0,NORMAL,15.7,1015.8,86.0,OFFLINE,replay,,0.0
2025-01-17T02:00:00+00:00,AWS-KOL-015,16.4,1015.0,83.0,False,,low,0.0,NORMAL,15.0,1015.2,90.0,OFFLINE,replay,,0.0
2025-01-17T03:00:00+00:00,AWS-KOL-015,15.8,1014.6,85.0,False,,low,0.0,NORMAL,15.1,1014.8,92.0,HEALTHY,replay,,0.0
2025-01-17T04:00:00+00:00,AWS-KOL-015,15.1,1014.8,89.0,False,,low,0.0,NORMAL,14.5,1015.0,94.0,WARNING,replay,,0.0
2025-01-17T05:00:00+00:00,AWS-KOL-015,14.7,1015.3,92.0,False,,low,0.0,NORMAL,14.2,1015.5,95.0,WARNING,replay,,0.0
2025-01-17T06:00:00+00:00,AWS-KOL-015,14.9,1016.4,90.0,False,,low,4.5,NORMAL,14.2,1016.6,94.0,WARNING,replay,7.4,0.0
2025-01-17T07:00:00+00:00,AWS-KOL-015,15.7,1017.2,84.0,False,,low,4.4,NORMAL,15.5,1017.4,88.0,WARNING,replay,7.3,0.0
2025-01-17T08:00:00+00:00,AWS-KOL-015,17.8,1017.4,73.0,False,,low,23.7,NORMAL,17.7,1017.7,77.0,WARNING,replay,39.5,0.0
2025-01-17T09:00:00+00:00,AWS-KOL-015,20.8,1017.4,60.0,False,,low,50.5,NORMAL,20.6,1017.7,64.0,WARNING,replay,84.1,0.0
2025-01-17T10:00:00+00:00,AWS-KOL-015,23.5,1016.7,50.0,True,unstructured_anomaly,high,88.1,ML_MODEL_ISOLATION,23.1,1016.9,55.0,WARNING,replay,88.1,0.0
2025-01-17T11:00:00+00:00,AWS-KOL-015,25.0,1015.3,44.0,True,unstructured_anomaly,critical,93.5,ML_MODEL_ISOLATION,24.5,1015.6,48.0,WARNING,replay,93.5,0.0
2025-01-17T12:00:00+00:00,AWS-KOL-015,25.6,1014.1,43.0,True,unstructured_anomaly,critical,94.4,ML_MODEL_ISOLATION,25.2,1014.4,45.0,WARNING,replay,94.4,0.0
2025-01-17T13:00:00+00:00,AWS-KOL-015,25.8,1012.8,42.0,True,unstructured_anomaly,critical,96.3,ML_MODEL_ISOLATION,25.5,1013.1,44.0,WARNING,replay,96.3,0.0
2025-01-17T14:00:00+00:00,AWS-KOL-015,25.8,1012.2,41.0,True,unstructured_anomaly,critical,97.2,ML_MODEL_ISOLATION,25.4,1012.4,44.0,WARNING,replay,97.2,0.0
2025-01-17T15:00:00+00:00,AWS-KOL-015,25.3,1012.1,42.0,True,unstructured_anomaly,critical,96.7,ML_MODEL_ISOLATION,24.9,1012.4,44.0,WARNING,replay,96.7,0.0
2025-01-17T16:00:00+00:00,AWS-KOL-015,24.4,1012.5,45.0,True,unstructured_anomaly,critical,95.4,ML_MODEL_ISOLATION,23.6,1012.8,50.0,WARNING,replay,95.4,0.0
2025-01-17T17:00:00+00:00,AWS-KOL-015,22.8,1012.8,54.0,True,unstructured_anomaly,critical,90.6,ML_MODEL_ISOLATION,20.8,1013.1,62.0,HEALTHY,replay,90.6,0.0
2025-01-17T18:00:00+00:00,AWS-KOL-015,21.9,1013.6,61.0,False,,low,47.9,NORMAL,20.2,1013.9,67.0,HEALTHY,replay,79.8,0.0
2025-01-17T19:00:00+00:00,AWS-KOL-015,20.8,1014.2,68.0,False,,low,14.9,NORMAL,20.0,1014.5,68.0,HEALTHY,replay,24.9,0.0
2025-01-17T20:00:00+00:00,AWS-KOL-015,20.4,1014.6,69.0,False,,low,4.5,NORMAL,19.4,1014.8,71.0,HEALTHY,replay,7.5,0.0
2025-01-17T21:00:00+00:00,AWS-KOL-015,20.3,1015.0,68.0,False,,low,0.6,NORMAL,18.7,1015.3,75.0,HEALTHY,replay,0.9,0.0
2025-01-17T22:00:00+00:00,AWS-KOL-015,19.8,1015.2,70.0,False,,low,0.4,NORMAL,18.0,1015.5,78.0,HEALTHY,replay,0.7,0.0
2025-01-17T23:00:00+00:00,AWS-KOL-015,19.2,1015.0,73.0,False,,low,0.9,NORMAL,17.4,1015.3,80.0,HEALTHY,replay,1.4,0.0
2025-01-18T00:00:00+00:00,AWS-KOL-015,18.2,1014.7,78.0,False,,low,2.0,NORMAL,16.5,1015.0,85.0,HEALTHY,replay,3.4,0.0
2025-01-18T01:00:00+00:00,AWS-KOL-015,17.4,1014.3,83.0,False,,low,1.8,NORMAL,15.8,1014.6,90.0,HEALTHY,replay,3.1,0.0
2025-01-18T02:00:00+00:00,AWS-KOL-015,16.8,1014.0,85.0,False,,low,1.5,NORMAL,16.1,1014.2,91.0,HEALTHY,replay,2.5,0.0
2025-01-18T03:00:00+00:00,AWS-KOL-015,16.0,1013.9,88.0,False,,low,2.0,NORMAL,15.4,1014.1,93.0,HEALTHY,replay,3.3,0.0
2025-01-18T04:00:00+00:00,AWS-KOL-015,15.5,1014.3,88.0,False,,low,1.9,NORMAL,14.8,1014.5,93.0,HEALTHY,replay,3.1,0.0
2025-01-18T05:00:00+00:00,AWS-KOL-015,15.1,1014.7,88.0,False,,low,2.6,NORMAL,14.3,1014.9,93.0,HEALTHY,replay,4.3,0.0
2025-01-18T06:00:00+00:00,AWS-KOL-015,15.3,1015.8,87.0,False,,low,3.0,NORMAL,14.4,1016.1,93.0,HEALTHY,replay,5.0,0.0
2025-01-18T07:00:00+00:00,AWS-KOL-015,16.1,1016.1,82.0,False,,low,3.2,NORMAL,15.8,1016.4,86.0,HEALTHY,replay,5.3,0.0
2025-01-18T08:00:00+00:00,AWS-KOL-015,18.2,1016.7,71.0,False,,low,3.8,NORMAL,18.0,1017.0,76.0,HEALTHY,replay,6.3,0.0
2025-01-18T09:00:00+00:00,AWS-KOL-015,20.7,1017.0,60.0,False,,low,29.2,NORMAL,20.6,1017.2,64.0,HEALTHY,replay,48.6,0.0
2025-01-18T10:00:00+00:00,AWS-KOL-015,22.9,1016.6,51.0,False,,low,42.2,NORMAL,22.7,1016.8,54.0,HEALTHY,replay,70.3,0.0
2025-01-18T11:00:00+00:00,AWS-KOL-015,24.5,1015.6,44.0,False,,low,33.4,NORMAL,24.1,1015.9,48.0,HEALTHY,replay,55.6,0.0
2025-01-18T12:00:00+00:00,AWS-KOL-015,25.4,1014.0,41.0,False,,low,30.1,NORMAL,25.0,1014.3,44.0,HEALTHY,replay,50.1,0.0
2025-01-18T13:00:00+00:00,AWS-KOL-015,25.8,1012.7,40.0,False,,low,31.7,NORMAL,25.4,1013.0,44.0,HEALTHY,replay,52.9,0.0
2025-01-18T14:00:00+00:00,AWS-KOL-015,-40.01077598044915,1012.0,41.0,True,spike,critical,94.4,MODEL_OVERRIDE,25.4,1012.3,44.0,HEALTHY,replay,97.3,89.9
2025-01-18T15:00:00+00:00,AWS-KOL-015,-40.03286170196922,1012.0,43.0,True,spike,critical,93.4,MODEL_OVERRIDE,24.9,1012.3,47.0,HEALTHY,replay,95.8,89.9
2025-01-18T16:00:00+00:00,AWS-KOL-015,-39.96026490098722,1012.2,46.0,True,spike,high,89.3,MODEL_OVERRIDE,23.8,1012.5,51.0,HEALTHY,replay,88.9,89.9
2025-01-18T17:00:00+00:00,AWS-KOL-015,-39.92257763887125,1012.5,53.0,True,spike,high,87.4,FUSED_CONSENSUS,21.6,1012.7,61.0,OFFLINE,replay,85.7,89.9
2025-01-18T18:00:00+00:00,AWS-KOL-015,22.4,1013.1,57.0,False,,low,16.5,NORMAL,21.0,1013.3,63.0,OFFLINE,replay,27.6,0.0
2025-01-18T19:00:00+00:00,AWS-KOL-015,21.7,1013.8,62.0,False,,low,27.6,NORMAL,20.2,1014.0,67.0,OFFLINE,replay,46.0,0.0
2025-01-18T20:00:00+00:00,AWS-KOL-015,21.1,1014.1,64.0,False,,low,25.6,NORMAL,19.2,1014.4,72.0,HEALTHY,replay,42.7,0.0
2025-01-18T21:00:00+00:00,AWS-KOL-015,20.2,1014.3,68.0,False,,low,4.7,NORMAL,18.5,1014.6,75.0,OFFLINE,replay,7.8,0.0
2025-01-18T22:00:00+00:00,AWS-KOL-015,19.4,1014.3,71.0,False,,low,4.3,NORMAL,17.8,1014.6,77.0,OFFLINE,replay,7.1,0.0
2025-01-18T23:00:00+00:00,AWS-KOL-015,18.8,1014.0,73.0,False,,low,4.9,NORMAL,17.2,1014.3,78.0,OFFLINE,replay,8.1,0.0
2025-01-19T00:00:00+00:00,AWS-KOL-015,18.5,1013.7,73.0,False,,low,4.9,NORMAL,16.6,1013.9,80.0,HEALTHY,replay,8.1,0.0
2025-01-19T01:00:00+00:00,AWS-KOL-015,17.8,1013.3,76.0,False,,low,1.0,NORMAL,15.6,1013.6,85.0,WARNING,replay,1.6,0.0
2025-01-19T02:00:00+00:00,AWS-KOL-015,17.0,1013.0,78.0,False,,low,2.2,NORMAL,15.5,1013.2,87.0,WARNING,replay,3.7,0.0
2026-09-22T08:30:00+00:00,AWS-KOL-015,28.3,1001.9,86.0,False,,low,0.0,NORMAL,27.9,1002.5,88.0,HEALTHY,live,,0.0
2025-01-01T00:00:00+00:00,AWS-KOL-015,16.4,1015.0,76.0,False,,low,0.0,NORMAL,15.3,1015.2,81.0,HEALTHY,replay,,0.0
2025-01-01T01:00:00+00:00,AWS-KOL-015,15.8,1014.6,77.0,False,,low,0.0,NORMAL,15.3,1014.8,81.0,HEALTHY,replay,,0.0
2025-01-01T02:00:00+00:00,AWS-KOL-015,15.3,1014.0,79.0,False,,low,0.0,NORMAL,14.7,1014.2,84.0,HEALTHY,replay,,0.0
2025-01-01T03:00:00+00:00,AWS-KOL-015,14.9,1013.7,82.0,False,,low,0.0,NORMAL,14.0,1013.9,87.0,HEALTHY,replay,,0.0
2025-01-01T04:00:00+00:00,AWS-KOL-015,14.3,1013.9,85.0,False,,low,0.0,NORMAL,13.5,1014.2,90.0,HEALTHY,replay,,0.0
2025-01-01T05:00:00+00:00,AWS-KOL-015,13.8,1014.2,88.0,False,,low,0.0,NORMAL,13.0,1014.5,92.0,HEALTHY,replay,,0.0
2025-01-01T06:00:00+00:00,AWS-KOL-015,14.0,1015.3,91.0,False,,low,0.0,NORMAL,13.6,1015.7,94.0,HEALTHY,replay,,0.0
2025-01-01T07:00:00+00:00,AWS-KOL-015,14.7,1016.0,88.0,False,,low,0.0,NORMAL,14.6,1016.3,90.0,HEALTHY,replay,,0.0
2025-01-01T08:00:00+00:00,AWS-KOL-015,16.3,1016.6,81.0,False,,low,0.0,NORMAL,16.3,1016.8,82.0,HEALTHY,replay,,0.0
2025-01-01T09:00:00+00:00,AWS-KOL-015,18.3,1016.7,72.0,False,,low,0.0,NORMAL,18.3,1016.9,75.0,HEALTHY,replay,,0.0
2025-01-01T10:00:00+00:00,AWS-KOL-015,28.749530097641248,1016.4799409205848,100.0,True,multivariate_inconsistency,medium,60.0,FUSED_CONSENSUS,20.2,1016.2,68.0,HEALTHY,replay,,60.0
2025-01-01T11:00:00+00:00,AWS-KOL-015,30.34953009764125,1014.8428854237526,100.0,True,multivariate_inconsistency,medium,60.0,FUSED_CONSENSUS,21.7,1015.1,62.0,HEALTHY,replay,,60.0
2025-01-01T12:00:00+00:00,AWS-KOL-015,31.34953009764125,1013.8775104729378,100.0,True,multivariate_inconsistency,medium,60.0,FUSED_CONSENSUS,22.7,1013.7,58.0,HEALTHY,replay,,60.0
2025-01-01T13:00:00+00:00,AWS-KOL-015,31.84953009764125,1012.6798879514614,99.16279111046698,True,spike,high,89.9,FUSED_CONSENSUS,23.1,1012.6,56.0,OFFLINE,replay,,89.9
2025-01-01T14:00:00+00:00,AWS-KOL-015,31.84953009764125,1010.7727847493062,99.16279111046698,True,spike,high,89.9,FUSED_CONSENSUS,23.0,1011.8,57.0,OFFLINE,replay,,89.9
2025-01-01T15:00:00+00:00,AWS-KOL-015,23.0,1011.2,53.0,False,,low,0.0,NORMAL,22.6,1011.4,57.0,OFFLINE,replay,,0.0
2025-01-01T16:00:00+00:00,AWS-KOL-015,22.2,1011.4,56.0,False,,low,0.0,NORMAL,21.1,1011.6,64.0,OFFLINE,replay,,0.0
2025-01-01T17:00:00+00:00,AWS-KOL-015,20.5,1011.7,67.0,False,,low,0.0,NORMAL,18.7,1012.0,74.0,HEALTHY,replay,,0.0
2025-01-01T18:00:00+00:00,AWS-KOL-015,20.1,1013.0,69.0,False,,low,0.0,NORMAL,17.9,1013.2,79.0,OFFLINE,replay,,0.0
2025-01-01T19:00:00+00:00,AWS-KOL-015,19.4,1013.6,72.0,False,,low,0.0,NORMAL,17.2,1013.9,82.0,OFFLINE,replay,,0.0
2025-01-01T20:00:00+00:00,AWS-KOL-015,18.7,1014.4,75.0,False,,low,0.0,NORMAL,16.5,1014.6,85.0,OFFLINE,replay,,0.0
2025-01-01T21:00:00+00:00,AWS-KOL-015,17.9,1014.8,79.0,False,,low,0.0,NORMAL,15.9,1015.0,86.0,HEALTHY,replay,,0.0
2025-01-01T22:00:00+00:00,AWS-KOL-015,17.2,1014.8,83.0,False,,low,0.0,NORMAL,15.3,1015.1,89.0,HEALTHY,replay,,0.0
2025-01-01T23:00:00+00:00,AWS-KOL-015,16.5,1014.7,86.0,False,,low,0.0,NORMAL,14.8,1015.0,92.0,WARNING,replay,,0.0
2025-01-02T00:00:00+00:00,AWS-KOL-015,15.9,1014.6,87.0,False,,low,0.0,NORMAL,14.8,1014.9,92.0,WARNING,replay,,0.0
2025-01-02T01:00:00+00:00,AWS-KOL-015,15.1,1014.1,88.0,False,,low,0.0,NORMAL,14.3,1014.4,92.0,WARNING,replay,,0.0
2025-01-02T02:00:00+00:00,AWS-KOL-015,14.4,1013.6,88.0,False,,low,0.0,NORMAL,13.7,1013.9,92.0,WARNING,replay,,0.0
2025-01-02T03:00:00+00:00,AWS-KOL-015,13.8,1013.4,89.0,False,,low,0.0,NORMAL,13.1,1013.6,92.0,WARNING,replay,,0.0
2025-01-02T04:00:00+00:00,AWS-KOL-015,13.2,1013.4,90.0,False,,low,0.0,NORMAL,12.6,1013.8,92.0,WARNING,replay,,0.0
2025-01-02T05:00:00+00:00,AWS-KOL-015,12.7,1013.9,90.0,False,,low,0.0,NORMAL,12.2,1014.3,93.0,WARNING,replay,,0.0
2025-01-02T06:00:00+00:00,AWS-KOL-015,12.7,1015.5,92.0,False,,low,0.0,NORMAL,12.3,1015.8,94.0,WARNING,replay,,0.0
2025-01-02T07:00:00+00:00,AWS-KOL-015,13.3,1016.5,87.0,False,,low,0.0,NORMAL,13.2,1016.9,89.0,WARNING,replay,,0.0
2025-01-02T08:00:00+00:00,AWS-KOL-015,14.9,1017.3,80.0,False,,low,0.0,NORMAL,14.9,1017.5,81.0,WARNING,replay,,0.0
2025-01-02T09:00:00+00:00,AWS-KOL-015,17.0,1017.2,71.0,False,,low,0.0,NORMAL,16.9,1017.4,74.0,WARNING,replay,,0.0
2025-01-02T10:00:00+00:00,AWS-KOL-015,19.1,1016.4,61.0,False,,low,15.6,NORMAL,18.9,1016.6,65.0,WARNING,replay,25.9,0.0
2025-01-02T11:00:00+00:00,AWS-KOL-015,20.8,1015.4,54.0,False,,low,34.3,NORMAL,20.6,1015.7,59.0,HEALTHY,replay,57.1,0.0
2025-01-02T12:00:00+00:00,AWS-KOL-015,21.9,1014.0,50.0,False,,low,27.8,NORMAL,21.6,1014.3,55.0,HEALTHY,replay,46.3,0.0
2025-01-02T13:00:00+00:00,AWS-KOL-015,22.6,1012.9,48.0,False,,low,39.5,NORMAL,22.2,1013.1,53.0,HEALTHY,replay,65.8,0.0
2025-01-02T14:00:00+00:00,AWS-KOL-015,22.8,1012.3,48.0,False,,low,37.9,NORMAL,22.3,1012.5,52.0,HEALTHY,replay,63.2,0.0
2025-01-02T15:00:00+00:00,AWS-KOL-015,22.4,1012.0,49.0,False,,low,27.6,NORMAL,21.9,1012.2,54.0,HEALTHY,replay,46.0,0.0
2025-01-02T16:00:00+00:00,AWS-KOL-015,21.4,1012.5,53.0,False,,low,12.7,NORMAL,20.1,1012.7,63.0,HEALTHY,replay,21.2,0.0
2025-01-02T17:00:00+00:00,AWS-KOL-015,19.7,1012.8,63.0,False,,low,15.6,NORMAL,17.6,1013.1,74.0,HEALTHY,replay,25.9,0.0
2025-01-02T18:00:00+00:00,AWS-KOL-015,18.5,1013.6,71.0,False,,low,3.0,NORMAL,16.8,1013.9,77.0,HEALTHY,replay,5.0,0.0
2025-01-02T19:00:00+00:00,AWS-KOL-015,17.7,1014.5,75.0,False,,low,1.7,NORMAL,16.5,1014.8,79.0,HEALTHY,replay,2.8,0.0
2025-01-02T20:00:00+00:00,AWS-KOL-015,17.0,1015.2,78.0,False,,low,2.5,NORMAL,15.9,1015.5,81.0,HEALTHY,replay,4.1,0.0
2025-01-02T21:00:00+00:00,AWS-KOL-015,16.3,1015.6,80.0,False,,low,0.4,NORMAL,15.1,1015.8,86.0,HEALTHY,replay,0.7,0.0
2025-01-02T22:00:00+00:00,AWS-KOL-015,15.7,1015.5,81.0,False,,low,0.3,NORMAL,14.5,1015.8,88.0,HEALTHY,replay,0.6,0.0
2025-01-02T23:00:00+00:00,AWS-KOL-015,15.3,1015.1,83.0,False,,low,0.2,NORMAL,13.9,1015.4,89.0,HEALTHY,replay,0.4,0.0
2025-01-03T00:00:00+00:00,AWS-KOL-015,14.9,1014.7,84.0,False,,low,0.3,NORMAL,13.4,1014.9,90.0,HEALTHY,replay,0.5,0.0
2025-01-03T01:00:00+00:00,AWS-KOL-015,14.0,1014.6,86.0,False,,low,0.2,NORMAL,13.5,1014.8,88.0,HEALTHY,replay,0.3,0.0
2025-01-03T02:00:00+00:00,AWS-KOL-015,13.5,1014.2,85.0,False,,low,0.3,NORMAL,13.0,1014.5,87.0,HEALTHY,replay,0.4,0.0
2025-01-03T03:00:00+00:00,AWS-KOL-015,13.0,1013.9,85.0,False,,low,0.2,NORMAL,12.4,1014.2,87.0,HEALTHY,replay,0.4,0.0
2025-01-03T04:00:00+00:00,AWS-KOL-015,12.6,1014.2,85.0,False,,low,0.3,NORMAL,11.8,1014.5,90.0,HEALTHY,replay,0.5,0.0
2025-01-03T05:00:00+00:00,AWS-KOL-015,12.2,1014.9,86.0,False,,low,0.3,NORMAL,11.3,1015.2,91.0,HEALTHY,replay,0.5,0.0
2025-01-03T06:00:00+00:00,AWS-KOL-015,38.83878981296508,1015.8,90.0,True,spike,high,85.3,FUSED_CONSENSUS,11.5,1016.1,94.0,HEALTHY,replay,84.2,87.1
2025-01-03T07:00:00+00:00,AWS-KOL-015,26.577509913700368,1026.2516868754687,85.0,True,multivariate_inconsistency,high,76.8,MODEL_OVERRIDE,12.7,1016.7,89.0,HEALTHY,replay,97.9,45.0
2025-01-03T08:00:00+00:00,AWS-KOL-015,21.572590856179936,1016.9,77.0,False,multivariate_inconsistency,low,39.6,NORMAL,14.6,1017.2,81.0,HEALTHY,replay,35.9,45.0
2025-01-03T09:00:00+00:00,AWS-KOL-015,20.430666334645757,1017.1,68.0,False,,low,15.3,NORMAL,16.9,1017.3,72.0,HEALTHY,replay,25.6,0.0
2025-01-03T10:00:00+00:00,AWS-KOL-015,19.0,1016.5,61.0,False,,low,11.2,NORMAL,19.0,1016.7,66.0,HEALTHY,replay,18.7,0.0
2025-01-03T11:00:00+00:00,AWS-KOL-015,20.8,1015.5,56.0,False,,low,2.9,NORMAL,20.6,1015.7,61.0,HEALTHY,replay,4.9,0.0
2025-01-03T12:00:00+00:00,AWS-KOL-015,21.9,1013.9,53.0,False,,low,6.4,NORMAL,21.7,1014.2,58.0,HEALTHY,replay,10.7,0.0
2025-01-03T13:00:00+00:00,AWS-KOL-015,22.6,1012.7,52.0,False,,low,4.3,NORMAL,22.3,1012.9,57.0,HEALTHY,replay,7.2,0.0
2025-01-03T14:00:00+00:00,AWS-KOL-015,22.9,1012.0,52.0,False,,low,1.8,NORMAL,22.5,1012.2,57.0,HEALTHY,replay,3.0,0.0
2025-01-03T15:00:00+00:00,AWS-KOL-015,22.6,1011.7,54.0,False,,low,1.2,NORMAL,22.1,1012.0,58.0,HEALTHY,replay,2.0,0.0
2025-01-03T16:00:00+00:00,AWS-KOL-015,21.6,1012.1,59.0,False,,low,0.4,NORMAL,20.4,1012.3,68.0,HEALTHY,replay,0.6,0.0
2025-01-03T17:00:00+00:00,AWS-KOL-015,20.0,1012.6,68.0,False,,low,0.7,NORMAL,18.0,1012.8,79.0,HEALTHY,replay,1.2,0.0
2025-01-03T18:00:00+00:00,AWS-KOL-015,19.1,1013.4,73.0,False,,low,0.6,NORMAL,17.4,1013.7,83.0,HEALTHY,replay,1.0,0.0
2025-01-03T19:00:00+00:00,AWS-KOL-015,18.4,1014.0,77.0,False,,low,0.3,NORMAL,17.0,1014.3,83.0,HEALTHY,replay,0.6,0.0
2025-01-03T20:00:00+00:00,AWS-KOL-015,17.9,1014.4,79.0,False,,low,0.2,NORMAL,16.5,1014.7,84.0,HEALTHY,replay,0.3,0.0
2025-01-03T21:00:00+00:00,AWS-KOL-015,17.2,1014.5,83.0,False,,low,0.1,NORMAL,16.1,1014.7,86.0,HEALTHY,replay,0.2,0.0
2025-01-03T22:00:00+00:00,AWS-KOL-015,16.4,1014.2,86.0,False,,low,0.1,NORMAL,15.7,1014.4,87.0,HEALTHY,replay,0.2,0.0
2025-01-03T23:00:00+00:00,AWS-KOL-015,15.8,1013.8,88.0,False,,low,0.2,NORMAL,15.0,1014.0,90.0,HEALTHY,replay,0.3,0.0
2025-01-04T00:00:00+00:00,AWS-KOL-015,15.3,1013.2,90.0,False,,low,0.2,NORMAL,14.5,1013.4,91.0,HEALTHY,replay,0.3,0.0
2025-01-04T01:00:00+00:00,AWS-KOL-015,14.9,1012.6,90.0,False,,low,0.2,NORMAL,14.2,1012.8,92.0,HEALTHY,replay,0.3,0.0
2025-01-04T02:00:00+00:00,AWS-KOL-015,14.8,1012.1,91.0,False,,low,0.2,NORMAL,13.8,1012.4,94.0,HEALTHY,replay,0.4,0.0
2025-01-04T03:00:00+00:00,AWS-KOL-015,14.7,1011.9,92.0,False,,low,0.2,NORMAL,13.9,1012.1,95.0,HEALTHY,replay,0.3,0.0
2025-01-04T04:00:00+00:00,AWS-KOL-015,14.3,1012.1,93.0,False,,low,0.3,NORMAL,13.7,1012.3,96.0,HEALTHY,replay,0.5,0.0
2025-01-04T05:00:00+00:00,AWS-KOL-015,14.0,998.7752807046678,94.0,False,,low,32.1,NORMAL,13.0,1013.0,97.0,HEALTHY,replay,53.5,0.0
2025-01-04T06:00:00+00:00,AWS-KOL-015,14.2,1009.5794247258508,96.0,False,,low,22.8,NORMAL,13.4,1014.3,98.0,HEALTHY,replay,38.1,0.0
2025-01-04T07:00:00+00:00,AWS-KOL-015,15.0,1013.3428869998096,91.0,False,,low,17.2,NORMAL,15.1,1015.0,94.0,HEALTHY,replay,28.7,0.0
2025-01-04T08:00:00+00:00,AWS-KOL-015,16.8,1014.9303300649664,83.0,False,,low,22.9,NORMAL,17.0,1015.7,86.0,HEALTHY,replay,38.1,0.0
2025-01-04T09:00:00+00:00,AWS-KOL-015,19.0,1030.527555388996,75.0,True,spike,high,70.6,FUSED_CONSENSUS,19.2,1016.0,79.0,HEALTHY,replay,60.4,85.9
2025-01-04T10:00:00+00:00,AWS-KOL-015,21.2,1022.2823369424692,68.0,True,drift,medium,62.7,FUSED_CONSENSUS,21.2,1015.4,72.0,HEALTHY,replay,64.9,59.3
2025-01-04T11:00:00+00:00,AWS-KOL-015,23.0,1017.3058263738828,59.0,False,,low,35.5,NORMAL,22.9,1014.2,63.0,HEALTHY,replay,59.2,0.0
2025-01-04T12:00:00+00:00,AWS-KOL-015,23.8,1012.8,54.0,False,,low,28.6,NORMAL,23.7,1013.1,57.0,HEALTHY,replay,47.7,0.0
2025-01-04T13:00:00+00:00,AWS-KOL-015,24.4,1011.3,50.0,False,,low,28.9,NORMAL,24.1,1011.6,54.0,HEALTHY,replay,48.1,0.0
2025-01-04T14:00:00+00:00,AWS-KOL-015,24.4,1010.5,49.0,False,,low,22.7,NORMAL,24.0,1010.9,53.0,HEALTHY,replay,37.8,0.0
2025-01-04T15:00:00+00:00,AWS-KOL-015,24.0,1010.3,51.0,False,,low,6.5,NORMAL,23.6,1010.6,55.0,HEALTHY,replay,10.8,0.0
2025-01-04T16:00:00+00:00,AWS-KOL-015,23.1,1010.7,55.0,False,,low,2.6,NORMAL,22.2,1011.0,64.0,HEALTHY,replay,4.4,0.0
2025-01-04T17:00:00+00:00,AWS-KOL-015,21.6,1011.4,65.0,False,,low,3.2,NORMAL,19.6,1011.6,74.0,HEALTHY,replay,5.3,0.0
2025-01-04T18:00:00+00:00,AWS-KOL-015,21.5,1012.1,68.0,False,,low,1.1,NORMAL,19.3,1012.4,77.0,HEALTHY,replay,1.9,0.0
2025-01-04T19:00:00+00:00,AWS-KOL-015,21.1,1012.9,68.0,False,,low,0.4,NORMAL,18.3,1013.2,83.0,HEALTHY,replay,0.6,0.0
2025-01-04T20:00:00+00:00,AWS-KOL-015,20.1,1013.3,74.0,False,,low,0.4,NORMAL,17.6,1013.6,84.0,HEALTHY,replay,0.7,0.0
2025-01-04T21:00:00+00:00,AWS-KOL-015,19.0,1013.7,80.0,False,,low,0.4,NORMAL,17.3,1014.0,84.0,HEALTHY,replay,0.7,0.0
2025-01-04T22:00:00+00:00,AWS-KOL-015,18.5,1013.6,82.0,False,,low,0.4,NORMAL,17.0,1013.9,85.0,HEALTHY,replay,0.6,0.0
2025-01-04T23:00:00+00:00,AWS-KOL-015,17.8,1013.3,85.0,False,,low,0.3,NORMAL,16.3,1013.5,88.0,HEALTHY,replay,0.5,0.0
2025-01-05T00:00:00+00:00,AWS-KOL-015,17.0,1012.8,88.0,False,,low,0.4,NORMAL,15.7,1013.1,91.0,HEALTHY,replay,0.7,0.0
2025-01-05T01:00:00+00:00,AWS-KOL-015,16.2,1012.5,91.0,False,,low,0.3,NORMAL,15.3,1012.8,92.0,HEALTHY,replay,0.5,0.0
2025-01-05T02:00:00+00:00,AWS-KOL-015,15.8,1012.2,93.0,False,,low,0.2,NORMAL,14.7,1012.4,94.0,HEALTHY,replay,0.4,0.0
2025-01-05T03:00:00+00:00,AWS-KOL-015,15.4,1011.9,93.0,False,,low,0.2,NORMAL,14.5,1012.1,94.0,HEALTHY,replay,0.4,0.0
2025-01-05T04:00:00+00:00,AWS-KOL-015,15.1,1012.0,94.0,False,,low,0.2,NORMAL,14.2,1012.2,96.0,HEALTHY,replay,0.4,0.0
2025-01-05T05:00:00+00:00,AWS-KOL-015,15.0,1012.7,95.0,False,,low,0.4,NORMAL,14.1,1012.9,97.0,HEALTHY,replay,0.6,0.0
2025-01-05T06:00:00+00:00,AWS-KOL-015,14.3,1013.9,97.0,False,,low,0.4,NORMAL,13.5,1014.2,98.0,HEALTHY,replay,0.6,0.0
2025-01-05T07:00:00+00:00,AWS-KOL-015,15.5,1015.1,93.0,False,,low,4.7,NORMAL,15.7,1015.4,95.0,HEALTHY,replay,7.8,0.0
2025-01-05T08:00:00+00:00,AWS-KOL-015,17.7,1015.9,84.0,False,,low,19.2,NORMAL,17.8,1016.2,88.0,HEALTHY,replay,32.0,0.0
2025-01-05T09:00:00+00:00,AWS-KOL-015,19.9,1016.2,76.0,False,,low,14.1,NORMAL,19.9,1016.4,80.0,HEALTHY,replay,23.6,0.0
2025-01-05T10:00:00+00:00,AWS-KOL-015,22.1,1015.7,68.0,False,,low,7.8,NORMAL,21.9,1015.9,74.0,HEALTHY,replay,13.1,0.0
2025-01-05T11:00:00+00:00,AWS-KOL-015,24.0,1014.5,61.0,False,,low,2.3,NORMAL,23.7,1014.7,65.0,HEALTHY,replay,3.8,0.0
2025-01-05T12:00:00+00:00,AWS-KOL-015,24.8,1013.2,56.0,False,,low,1.9,NORMAL,24.4,1013.5,60.0,HEALTHY,replay,3.2,0.0
2025-01-05T13:00:00+00:00,AWS-KOL-015,25.4,1012.3,52.0,False,,low,1.4,NORMAL,25.0,1012.7,55.0,HEALTHY,replay,2.4,0.0
2025-01-05T14:00:00+00:00,AWS-KOL-015,25.6,1011.5,49.0,False,,low,1.1,NORMAL,25.2,1011.8,52.0,HEALTHY,replay,1.8,0.0
2025-01-05T15:00:00+00:00,AWS-KOL-015,25.4,1011.1,48.0,False,,low,0.7,NORMAL,24.7,1011.5,53.0,HEALTHY,replay,1.2,0.0
2025-01-05T16:00:00+00:00,AWS-KOL-015,24.8,1011.3,51.0,False,,low,0.3,NORMAL,23.2,1011.7,63.0,HEALTHY,replay,0.4,0.0
2025-01-05T17:00:00+00:00,AWS-KOL-015,22.7,1011.8,67.0,False,,low,1.1,NORMAL,21.3,1012.2,71.0,HEALTHY,replay,1.8,0.0
2025-01-05T18:00:00+00:00,AWS-KOL-015,21.5,1012.8,69.0,False,,low,0.2,NORMAL,19.8,1013.1,79.0,HEALTHY,replay,0.4,0.0
2025-01-05T19:00:00+00:00,AWS-KOL-015,20.8,1013.6,74.0,False,,low,0.3,NORMAL,18.7,1013.8,82.0,HEALTHY,replay,0.5,0.0
2025-01-05T20:00:00+00:00,AWS-KOL-015,20.4,1013.9,76.0,False,,low,0.1,NORMAL,18.4,1014.2,83.0,HEALTHY,replay,0.2,0.0
2025-01-05T21:00:00+00:00,AWS-KOL-015,19.8,1014.1,77.0,False,,low,0.1,NORMAL,17.9,1014.4,83.0,HEALTHY,replay,0.2,0.0
2025-01-05T22:00:00+00:00,AWS-KOL-015,18.7,1013.7,82.0,False,,low,0.2,NORMAL,16.9,1014.0,87.0,HEALTHY,replay,0.3,0.0
2025-01-05T23:00:00+00:00,AWS-KOL-015,18.1,1013.4,85.0,False,,low,0.1,NORMAL,16.5,1013.6,88.0,HEALTHY,replay,0.2,0.0
2025-01-06T00:00:00+00:00,AWS-KOL-015,17.6,996.0336023291728,86.0,False,spike,low,35.5,NORMAL,16.2,1013.2,89.0,HEALTHY,replay,36.4,34.1
2025-01-06T01:00:00+00:00,AWS-KOL-015,17.1,1012.5,87.0,False,,low,1.7,NORMAL,15.5,1012.8,93.0,HEALTHY,replay,2.9,0.0
2025-01-06T02:00:00+00:00,AWS-KOL-015,16.6,1012.0,89.0,False,,low,0.1,NORMAL,14.9,1012.2,95.0,HEALTHY,replay,0.2,0.0
2025-01-06T03:00:00+00:00,AWS-KOL-015,15.9,1011.9,92.0,False,,low,0.1,NORMAL,14.5,1012.2,97.0,HEALTHY,replay,0.1,0.0
2025-01-06T04:00:00+00:00,AWS-KOL-015,14.9,1011.9,96.0,False,,low,0.1,NORMAL,13.9,1012.2,99.0,HEALTHY,replay,0.2,0.0
2025-01-06T05:00:00+00:00,AWS-KOL-015,14.1,1012.3,100.0,False,,low,0.4,NORMAL,13.3,1012.6,100.0,HEALTHY,replay,0.7,0.0
2025-01-06T06:00:00+00:00,AWS-KOL-015,14.1,1012.9,99.0,False,,low,0.2,NORMAL,12.9,1013.2,100.0,HEALTHY,replay,0.3,0.0
2025-01-06T07:00:00+00:00,AWS-KOL-015,14.5,1014.1,97.0,False,,low,0.2,NORMAL,14.1,1014.3,98.0,HEALTHY,replay,0.3,0.0
2025-01-06T08:00:00+00:00,AWS-KOL-015,16.3,1014.9,94.0,False,,low,0.7,NORMAL,15.9,1015.2,96.0,HEALTHY,replay,1.1,0.0
2025-01-06T09:00:00+00:00,AWS-KOL-015,20.2,1015.2,74.0,False,,low,3.8,NORMAL,19.6,1015.5,83.0,HEALTHY,replay,6.3,0.0
2025-01-06T10:00:00+00:00,AWS-KOL-015,23.0,1014.6,58.0,False,,low,16.4,NORMAL,22.4,1014.9,64.0,HEALTHY,replay,27.3,0.0
2025-01-06T11:00:00+00:00,AWS-KOL-015,24.3,1013.5,52.0,False,,low,4.2,NORMAL,23.8,1013.9,53.0,HEALTHY,replay,7.0,0.0
2025-01-06T12:00:00+00:00,AWS-KOL-015,25.0,1012.3,50.0,False,,low,2.2,NORMAL,24.6,1012.6,50.0,HEALTHY,replay,3.7,0.0
2025-01-06T13:00:00+00:00,AWS-KOL-015,25.4,1011.2,49.0,False,,low,2.6,NORMAL,24.9,1011.6,51.0,HEALTHY,replay,4.3,0.0
2025-01-06T14:00:00+00:00,AWS-KOL-015,25.4,1010.5,49.0,False,,low,1.3,NORMAL,24.9,1010.8,52.0,HEALTHY,replay,2.1,0.0
2025-01-06T15:00:00+00:00,AWS-KOL-015,25.0,1010.3,51.0,False,,low,0.5,NORMAL,24.4,1010.6,55.0,HEALTHY,replay,0.8,0.0
2025-01-06T16:00:00+00:00,AWS-KOL-015,24.2,1010.5,54.0,False,,low,0.3,NORMAL,22.9,1010.8,70.0,HEALTHY,replay,0.4,0.0
2025-01-06T17:00:00+00:00,AWS-KOL-015,22.5,1010.7,67.0,False,,low,1.2,NORMAL,20.9,1011.0,73.0,HEALTHY,replay,2.0,0.0
2025-01-06T18:00:00+00:00,AWS-KOL-015,22.0,1011.3,69.0,False,,low,0.2,NORMAL,19.9,1011.6,74.0,HEALTHY,replay,0.4,0.0
2025-01-06T19:00:00+00:00,AWS-KOL-015,21.1,1012.0,72.0,False,,low,0.1,NORMAL,19.0,1012.3,76.0,HEALTHY,replay,0.2,0.0
2025-01-06T20:00:00+00:00,AWS-KOL-015,20.8,1012.2,74.0,False,,low,0.1,NORMAL,18.4,1012.5,80.0,HEALTHY,replay,0.2,0.0
2025-01-06T21:00:00+00:00,AWS-KOL-015,20.3,1012.5,74.0,False,,low,0.1,NORMAL,18.1,1012.8,81.0,HEALTHY,replay,0.1,0.0
2025-01-06T22:00:00+00:00,AWS-KOL-015,19.6,1012.6,76.0,False,,low,0.1,NORMAL,17.4,1012.8,81.0,HEALTHY,replay,0.2,0.0
2025-01-06T23:00:00+00:00,AWS-KOL-015,18.6,1012.3,81.0,False,,low,0.1,NORMAL,17.1,1012.6,82.0,HEALTHY,replay,0.2,0.0
2025-01-07T00:00:00+00:00,AWS-KOL-015,17.5,1012.0,87.0,False,,low,0.3,NORMAL,16.3,1012.3,87.0,HEALTHY,replay,0.5,0.0
2025-01-07T01:00:00+00:00,AWS-KOL-015,17.1,1011.6,91.0,False,,low,0.2,NORMAL,15.9,1011.9,89.0,HEALTHY,replay,0.3,0.0
2025-01-07T02:00:00+00:00,AWS-KOL-015,16.8,1011.4,92.0,False,,low,0.1,NORMAL,15.5,1011.7,92.0,HEALTHY,replay,0.1,0.0
2025-01-07T03:00:00+00:00,AWS-KOL-015,16.5,1011.2,93.0,False,,low,0.1,NORMAL,15.2,1011.5,93.0,HEALTHY,replay,0.1,0.0
2025-01-07T04:00:00+00:00,AWS-KOL-015,16.3,1011.2,93.0,False,,low,0.1,NORMAL,15.1,1011.5,94.0,HEALTHY,replay,0.2,0.0
2025-01-07T05:00:00+00:00,AWS-KOL-015,16.0,1011.8,94.0,False,,low,0.3,NORMAL,14.7,1012.0,95.0,HEALTHY,replay,0.5,0.0
2025-01-07T06:00:00+00:00,AWS-KOL-015,16.2,1012.8,95.0,False,,low,0.2,NORMAL,15.2,1013.1,96.0,HEALTHY,replay,0.4,0.0
2025-01-07T07:00:00+00:00,AWS-KOL-015,17.2,1013.6,91.0,False,,low,0.5,NORMAL,16.7,1013.9,93.0,HEALTHY,replay,0.9,0.0
2025-01-07T08:00:00+00:00,AWS-KOL-015,19.3,1014.2,81.0,False,,low,1.2,NORMAL,18.9,1014.5,86.0,HEALTHY,replay,1.9,0.0
2025-01-07T09:00:00+00:00,AWS-KOL-015,21.6,1014.4,71.0,False,,low,0.9,NORMAL,21.3,1014.6,76.0,HEALTHY,replay,1.5,0.0
2025-01-07T10:00:00+00:00,AWS-KOL-015,23.9,1013.6,62.0,False,,low,0.7,NORMAL,23.5,1014.0,67.0,HEALTHY,replay,1.2,0.0
2025-01-07T11:00:00+00:00,AWS-KOL-015,25.6,1012.4,53.0,False,,low,2.2,NORMAL,25.1,1012.8,59.0,HEALTHY,replay,3.7,0.0
2025-01-07T12:00:00+00:00,AWS-KOL-015,26.5,1011.0,48.0,False,,low,3.0,NORMAL,26.0,1011.4,53.0,HEALTHY,replay,4.9,0.0
2025-01-07T13:00:00+00:00,AWS-KOL-015,26.9,1009.9,44.0,False,,low,3.4,NORMAL,26.5,1010.3,50.0,HEALTHY,replay,5.7,0.0
2025-01-07T14:00:00+00:00,AWS-KOL-015,26.9,1009.1,44.0,False,,low,1.3,NORMAL,26.3,1009.4,49.0,HEALTHY,replay,2.2,0.0
2025-01-07T15:00:00+00:00,AWS-KOL-015,26.4,1008.8,45.0,False,,low,1.2,NORMAL,25.8,1009.2,49.0,HEALTHY,replay,2.0,0.0
2025-01-07T16:00:00+00:00,AWS-KOL-015,25.7,1009.0,47.0,False,,low,0.5,NORMAL,24.5,1009.4,65.0,HEALTHY,replay,0.9,0.0
2025-01-07T17:00:00+00:00,AWS-KOL-015,24.2,1009.4,60.0,False,,low,1.0,NORMAL,22.4,1009.8,65.0,HEALTHY,replay,1.7,0.0
2025-01-07T18:00:00+00:00,AWS-KOL-015,23.4,1009.8,66.0,False,,low,0.3,NORMAL,21.7,1010.2,67.0,HEALTHY,replay,0.6,0.0
2025-01-07T19:00:00+00:00,AWS-KOL-015,22.7,1010.5,65.0,False,,low,0.2,NORMAL,22.0,1010.8,65.0,HEALTHY,replay,0.3,0.0
2025-01-07T20:00:00+00:00,AWS-KOL-015,22.1,1010.9,70.0,False,,low,0.1,NORMAL,21.1,1011.2,69.0,HEALTHY,replay,0.2,0.0
2025-01-07T21:00:00+00:00,AWS-KOL-015,21.2,1011.3,72.0,False,,low,0.1,NORMAL,19.5,1011.5,77.0,HEALTHY,replay,0.1,0.0
2025-01-07T22:00:00+00:00,AWS-KOL-015,20.2,1011.7,75.0,False,,low,0.1,NORMAL,18.3,1011.8,83.0,HEALTHY,replay,0.1,0.0
2025-01-07T23:00:00+00:00,AWS-KOL-015,19.4,1012.0,74.0,False,,low,0.1,NORMAL,18.8,1012.1,78.0,HEALTHY,replay,0.1,0.0
2025-01-08T00:00:00+00:00,AWS-KOL-015,18.5,1012.0,76.0,False,,low,0.1,NORMAL,17.8,1012.2,79.0,HEALTHY,replay,0.2,0.0
2025-01-08T01:00:00+00:00,AWS-KOL-015,17.9,1011.7,77.0,False,,low,0.1,NORMAL,17.1,1011.9,81.0,HEALTHY,replay,0.2,0.0
2025-01-08T02:00:00+00:00,AWS-KOL-015,17.4,1011.4,79.0,False,,low,0.2,NORMAL,16.5,1011.6,83.0,HEALTHY,replay,0.3,0.0
2025-01-08T03:00:00+00:00,AWS-KOL-015,17.1,1011.2,80.0,False,,low,0.2,NORMAL,16.4,1011.5,84.0,HEALTHY,replay,0.3,0.0
2025-01-08T04:00:00+00:00,AWS-KOL-015,16.8,1011.5,81.0,False,,low,0.2,NORMAL,16.1,1011.7,85.0,HEALTHY,replay,0.4,0.0
2025-01-08T05:00:00+00:00,AWS-KOL-015,16.1,1012.2,84.0,False,,low,0.1,NORMAL,15.0,1012.4,89.0,HEALTHY,replay,0.2,0.0
2025-01-08T06:00:00+00:00,AWS-KOL-015,16.0,1012.8,87.0,False,,low,0.2,NORMAL,15.0,1013.1,92.0,HEALTHY,replay,0.3,0.0
2025-01-08T07:00:00+00:00,AWS-KOL-015,16.6,1014.2,83.0,False,,low,0.7,NORMAL,16.0,1014.5,86.0,HEALTHY,replay,1.1,0.0
2025-01-08T08:00:00+00:00,AWS-KOL-015,18.0,1015.4,72.0,False,,low,7.4,NORMAL,17.7,1015.7,76.0,HEALTHY,replay,12.3,0.0
2025-01-08T09:00:00+00:00,AWS-KOL-015,19.5,1015.8,65.0,False,,low,3.1,NORMAL,19.3,1016.0,69.0,HEALTHY,replay,5.2,0.0
2025-01-08T10:00:00+00:00,AWS-KOL-015,21.0,1015.3,60.0,False,,low,1.9,NORMAL,20.6,1015.5,65.0,HEALTHY,replay,3.2,0.0
2025-01-08T11:00:00+00:00,AWS-KOL-015,22.2,1014.4,56.0,False,,low,1.2,NORMAL,21.7,1014.6,61.0,HEALTHY,replay,2.1,0.0
2025-01-08T12:00:00+00:00,AWS-KOL-015,23.1,1013.3,52.0,False,,low,2.3,NORMAL,22.5,1013.5,58.0,HEALTHY,replay,3.8,0.0
2025-01-08T13:00:00+00:00,AWS-KOL-015,23.7,1012.3,49.0,False,,low,1.6,NORMAL,22.9,1012.6,55.0,HEALTHY,replay,2.7,0.0
2025-01-08T14:00:00+00:00,AWS-KOL-015,23.8,1011.7,47.0,False,,low,1.3,NORMAL,22.9,1012.1,53.0,HEALTHY,replay,2.2,0.0
2025-01-08T15:00:00+00:00,AWS-KOL-015,,1011.6,48.47383886423041,True,dropout,critical,100.0,RULE_ENGINE_BYPASS,22.4,1011.9,54.0,HEALTHY,replay,,100.0
2025-01-08T16:00:00+00:00,AWS-KOL-015,22.4,1011.9,51.947677728460825,False,,low,1.3,NORMAL,21.0,1012.2,62.0,HEALTHY,replay,2.2,0.0
2025-01-08T17:00:00+00:00,AWS-KOL-015,20.8,1012.4,62.42151659269123,False,,low,2.3,NORMAL,18.5,1012.7,74.0,HEALTHY,replay,3.9,0.0
2025-01-08T18:00:00+00:00,AWS-KOL-015,19.9,1013.7,68.89535545692165,False,,low,3.6,NORMAL,17.6,1014.0,80.0,HEALTHY,replay,6.1,0.0
2025-01-08T19:00:00+00:00,AWS-KOL-015,19.2,1014.6,73.36919432115205,False,,low,3.8,NORMAL,17.2,1014.9,81.0,HEALTHY,replay,6.3,0.0
2025-01-08T20:00:00+00:00,AWS-KOL-015,18.5,1015.2,77.84303318538247,False,,low,3.1,NORMAL,16.3,1015.6,85.0,HEALTHY,replay,5.2,0.0
2025-01-08T21:00:00+00:00,AWS-KOL-015,17.7,1015.8,82.31687204961288,False,,low,3.8,NORMAL,15.9,1016.1,88.0,HEALTHY,replay,6.4,0.0
2025-01-08T22:00:00+00:00,AWS-KOL-015,17.0,1015.9,85.79071091384328,False,,low,3.8,NORMAL,15.1,1016.2,90.0,HEALTHY,replay,6.3,0.0
2025-01-08T23:00:00+00:00,AWS-KOL-015,16.2,1015.6,89.2645497780737,False,,low,1.3,NORMAL,14.5,1015.9,91.0,HEALTHY,replay,2.1,0.0
2025-01-09T00:00:00+00:00,AWS-KOL-015,15.8,1015.1,91.73838864230412,False,,low,0.9,NORMAL,14.0,1015.4,92.0,HEALTHY,replay,1.4,0.0
2025-01-09T01:00:00+00:00,AWS-KOL-015,15.3,1014.7,93.21222750653452,False,,low,0.5,NORMAL,13.6,1015.0,93.0,HEALTHY,replay,0.9,0.0
2025-01-09T02:00:00+00:00,AWS-KOL-015,14.9,1014.4,94.68606637076492,False,,low,0.4,NORMAL,13.3,1014.7,94.0,HEALTHY,replay,0.6,0.0
2025-01-09T03:00:00+00:00,AWS-KOL-015,14.6,1014.6,96.15990523499536,False,,low,0.5,NORMAL,13.2,1014.8,94.0,HEALTHY,replay,0.8,0.0
2025-01-09T04:00:00+00:00,AWS-KOL-015,14.4,1014.7,96.63374409922577,False,,low,0.7,NORMAL,13.1,1015.0,94.0,HEALTHY,replay,1.2,0.0
2025-01-09T05:00:00+00:00,AWS-KOL-015,14.1,1015.3,98.10758296345615,False,,low,1.0,NORMAL,12.9,1015.6,94.0,HEALTHY,replay,1.7,0.0
2025-01-09T06:00:00+00:00,AWS-KOL-015,13.8,1016.3,99.58142182768658,False,,low,0.9,NORMAL,12.7,1016.7,95.0,HEALTHY,replay,1.5,0.0
2025-01-09T07:00:00+00:00,AWS-KOL-015,14.6,1017.6,96.05526069191698,False,,low,3.0,NORMAL,14.0,1017.9,92.0,HEALTHY,replay,5.0,0.0
2025-01-09T08:00:00+00:00,AWS-KOL-015,16.4,1018.4,87.5290995561474,False,,low,9.7,NORMAL,16.1,1018.7,83.0,HEALTHY,replay,16.2,0.0
2025-01-09T09:00:00+00:00,AWS-KOL-015,18.5,1018.8,77.0029384203778,False,,low,3.8,NORMAL,18.3,1019.1,72.0,HEALTHY,replay,6.3,0.0
2025-01-09T10:00:00+00:00,AWS-KOL-015,20.2,1018.0,69.47677728460822,False,,low,1.9,NORMAL,20.0,1018.3,64.0,HEALTHY,replay,3.1,0.0
2025-01-09T11:00:00+00:00,AWS-KOL-015,21.5,1016.7,63.95061614883864,False,,low,3.2,NORMAL,21.2,1017.0,59.0,HEALTHY,replay,5.3,0.0
2025-01-09T12:00:00+00:00,AWS-KOL-015,22.6,1015.4,60.42445501306904,False,,low,8.5,NORMAL,22.1,1015.7,56.0,HEALTHY,replay,14.2,0.0
2025-01-09T13:00:00+00:00,AWS-KOL-015,23.3,1014.3,58.89829387729945,False,,low,8.2,NORMAL,22.6,1014.6,53.0,HEALTHY,replay,13.6,0.0
2025-01-09T14:00:00+00:00,AWS-KOL-015,23.5,1013.8,57.37213274152987,False,,low,2.1,NORMAL,22.7,1014.1,53.0,HEALTHY,replay,3.4,0.0
2025-01-09T15:00:00+00:00,AWS-KOL-015,23.1,1013.6,59.84597160576028,False,,low,1.7,NORMAL,22.3,1013.9,53.0,HEALTHY,replay,2.8,0.0
2025-01-09T16:00:00+00:00,AWS-KOL-015,22.1,1014.0,65.31981046999068,False,,low,0.8,NORMAL,20.9,1014.3,61.0,HEALTHY,replay,1.4,0.0
2025-01-09T17:00:00+00:00,AWS-KOL-015,20.5,1014.3,74.7936493342211,False,,low,0.7,NORMAL,18.4,1014.6,72.0,HEALTHY,replay,1.2,0.0
2025-01-09T18:00:00+00:00,AWS-KOL-015,19.9,1014.9,78.2674881984515,False,,low,0.3,NORMAL,17.9,1015.2,73.0,HEALTHY,replay,0.5,0.0
2025-01-09T19:00:00+00:00,AWS-KOL-015,18.9,1015.8,83.74132706268192,False,,low,0.3,NORMAL,16.9,1016.1,78.0,HEALTHY,replay,0.4,0.0
2025-01-09T20:00:00+00:00,AWS-KOL-015,18.3,1016.6,87.21516592691233,False,,low,0.3,NORMAL,16.2,1016.9,81.0,HEALTHY,replay,0.5,0.0
2025-01-09T21:00:00+00:00,AWS-KOL-015,17.7,1017.3,91.68900479114274,False,,low,0.5,NORMAL,15.8,1017.6,82.0,HEALTHY,replay,0.8,0.0
2025-01-09T22:00:00+00:00,AWS-KOL-015,17.3,1017.7,94.16284365537317,False,,low,0.2,NORMAL,15.2,1018.0,84.0,HEALTHY,replay,0.4,0.0
2025-01-09T23:00:00+00:00,AWS-KOL-015,16.8,1017.6,96.63668251960355,False,,low,0.2,NORMAL,14.7,1017.9,86.0,HEALTHY,replay,0.4,0.0
2025-01-10T00:00:00+00:00,AWS-KOL-015,16.0,1017.3,100.0,False,,low,0.2,NORMAL,14.0,1017.6,89.0,HEALTHY,replay,0.4,0.0
2025-01-10T01:00:00+00:00,AWS-KOL-015,15.5,1016.8,100.0,False,,low,0.2,NORMAL,13.4,1017.1,91.0,HEALTHY,replay,0.3,0.0
2025-01-10T02:00:00+00:00,AWS-KOL-015,15.2,1016.8,100.0,False,,low,0.2,NORMAL,13.8,1017.1,90.0,HEALTHY,replay,0.4,0.0
2025-01-10T03:00:00+00:00,AWS-KOL-015,14.7,1016.8,100.0,False,,low,0.3,NORMAL,13.5,1017.1,89.0,HEALTHY,replay,0.5,0.0
2025-01-10T04:00:00+00:00,AWS-KOL-015,14.3,1017.0,100.0,False,,low,0.3,NORMAL,13.1,1017.4,89.0,HEALTHY,replay,0.5,0.0
2025-01-10T05:00:00+00:00,AWS-KOL-015,13.6,1017.5,100.0,False,,low,0.4,NORMAL,12.6,1017.9,91.0,HEALTHY,replay,0.6,0.0
2025-01-10T06:00:00+00:00,AWS-KOL-015,13.6,1018.3,100.0,False,,low,0.3,NORMAL,12.6,1018.6,91.0,HEALTHY,replay,0.5,0.0
2025-01-10T07:00:00+00:00,AWS-KOL-015,14.3,1019.3,100.0,False,,low,0.6,NORMAL,14.0,1019.7,85.0,HEALTHY,replay,1.0,0.0
2025-01-10T08:00:00+00:00,AWS-KOL-015,16.3,1020.2,91.90123229767728,False,,low,2.4,NORMAL,16.1,1020.4,75.0,HEALTHY,replay,4.1,0.0
2025-01-10T09:00:00+00:00,AWS-KOL-015,18.7,1020.5,81.37507116190767,False,,low,1.9,NORMAL,18.6,1020.8,64.0,HEALTHY,replay,3.2,0.0
2025-01-10T10:00:00+00:00,AWS-KOL-015,20.8,1019.7,72.84891002613809,False,,low,1.4,NORMAL,20.7,1020.0,55.0,HEALTHY,replay,2.3,0.0
2025-01-10T11:00:00+00:00,AWS-KOL-015,22.3,1018.3,67.3227488903685,False,,low,1.6,NORMAL,22.0,1018.5,50.0,HEALTHY,replay,2.7,0.0
2025-01-10T12:00:00+00:00,AWS-KOL-015,23.3,1016.9,65.7965877545989,False,,low,3.4,NORMAL,22.9,1017.2,47.0,HEALTHY,replay,5.7,0.0
2025-01-10T13:00:00+00:00,AWS-KOL-015,23.8,1015.9,65.27042661882932,False,,low,2.6,NORMAL,23.4,1016.1,46.0,HEALTHY,replay,4.3,0.0
2025-01-10T14:00:00+00:00,AWS-KOL-015,23.9,1015.3,43.0,True,multivariate_inconsistency,low,52.9,FUSED_CONSENSUS,23.4,1015.5,46.0,HEALTHY,replay,58.2,45.0
2025-01-10T15:00:00+00:00,AWS-KOL-015,23.5,1015.2,44.0,False,multivariate_inconsistency,low,36.6,NORMAL,22.9,1015.4,47.0,HEALTHY,replay,31.0,45.0
2025-01-10T16:00:00+00:00,AWS-KOL-015,22.3,1015.5,49.0,False,,low,0.9,NORMAL,21.1,1015.7,56.0,HEALTHY,replay,1.4,0.0
2025-01-10T17:00:00+00:00,AWS-KOL-015,20.7,1015.9,57.0,False,,low,0.6,NORMAL,18.3,1016.2,67.0,HEALTHY,replay,1.0,0.0
2025-01-10T18:00:00+00:00,AWS-KOL-015,19.6,1015.8,67.0,False,,low,0.7,NORMAL,18.1,1016.1,69.0,HEALTHY,replay,1.2,0.0
2025-01-10T19:00:00+00:00,AWS-KOL-015,19.1,1016.3,68.0,False,,low,0.3,NORMAL,17.4,1016.6,73.0,HEALTHY,replay,0.4,0.0
2025-01-10T20:00:00+00:00,AWS-KOL-015,18.5,1017.0,70.0,False,,low,0.2,NORMAL,16.6,1017.3,77.0,HEALTHY,replay,0.3,0.0
2025-01-10T21:00:00+00:00,AWS-KOL-015,18.0,1017.4,71.0,False,,low,0.1,NORMAL,15.7,1017.7,80.0,HEALTHY,replay,0.2,0.0
2025-01-10T22:00:00+00:00,AWS-KOL-015,17.0,1017.3,77.0,False,,low,0.1,NORMAL,14.9,1017.6,85.0,HEALTHY,replay,0.2,0.0
2025-01-10T23:00:00+00:00,AWS-KOL-015,15.8,1017.1,83.0,False,,low,0.2,NORMAL,14.2,1017.4,88.0,HEALTHY,replay,0.3,0.0
2025-01-11T00:00:00+00:00,AWS-KOL-015,15.1,1016.6,85.0,False,,low,0.2,NORMAL,13.6,1016.8,90.0,HEALTHY,replay,0.3,0.0
2025-01-11T01:00:00+00:00,AWS-KOL-015,14.6,1016.4,85.0,False,,low,0.1,NORMAL,13.4,1016.7,90.0,HEALTHY,replay,0.2,0.0
2025-01-11T02:00:00+00:00,AWS-KOL-015,14.1,1016.1,86.0,False,,low,0.1,NORMAL,12.8,1016.5,91.0,HEALTHY,replay,0.2,0.0
2025-01-11T03:00:00+00:00,AWS-KOL-015,13.8,1016.2,85.0,False,,low,0.2,NORMAL,12.2,1016.6,92.0,HEALTHY,replay,0.3,0.0
2025-01-11T04:00:00+00:00,AWS-KOL-015,13.3,1016.6,85.0,False,,low,0.1,NORMAL,11.7,1016.9,92.0,HEALTHY,replay,0.2,0.0
2025-01-11T05:00:00+00:00,AWS-KOL-015,12.8,1017.1,87.0,False,,low,0.1,NORMAL,11.5,1017.5,93.0,HEALTHY,replay,0.2,0.0
2025-01-11T06:00:00+00:00,AWS-KOL-015,13.0,1017.9,88.0,False,,low,0.2,NORMAL,11.5,1018.2,94.0,HEALTHY,replay,0.4,0.0
2025-01-11T07:00:00+00:00,AWS-KOL-015,14.2,1019.0,84.0,False,,low,0.4,NORMAL,13.8,1019.3,88.0,HEALTHY,replay,0.7,0.0
2025-01-11T08:00:00+00:00,AWS-KOL-015,16.6,1020.0,75.0,False,,low,4.9,NORMAL,16.4,1020.2,79.0,HEALTHY,replay,8.1,0.0
2025-01-11T09:00:00+00:00,AWS-KOL-015,19.4,1020.4,66.0,False,,low,5.0,NORMAL,19.3,1020.7,71.0,HEALTHY,replay,8.4,0.0
2025-01-11T10:00:00+00:00,AWS-KOL-015,29.83175731286304,1019.355804134466,95.27008524903712,True,multivariate_inconsistency,high,75.6,MODEL_OVERRIDE,21.5,1019.8,62.0,HEALTHY,replay,96.0,45.0
2025-01-11T11:00:00+00:00,AWS-KOL-015,31.13175731286304,1017.721910111536,84.80040586426625,True,multivariate_inconsistency,high,74.6,MODEL_OVERRIDE,22.7,1018.2,55.0,WARNING,replay,94.3,45.0
2025-01-11T12:00:00+00:00,AWS-KOL-015,32.23175731286304,1016.7911147012712,79.50573796727917,True,multivariate_inconsistency,medium,65.5,FUSED_CONSENSUS,23.5,1016.9,52.0,WARNING,replay,79.1,45.0
2025-01-11T13:00:00+00:00,AWS-KOL-015,32.83175731286304,1015.6532377479728,76.0152877932122,True,multivariate_inconsistency,medium,69.1,FUSED_CONSENSUS,24.0,1015.8,52.0,OFFLINE,replay,84.9,45.3
2025-01-11T14:00:00+00:00,AWS-KOL-015,24.9,1014.6,45.0,True,unstructured_anomaly,critical,90.4,ML_MODEL_ISOLATION,24.1,1015.0,51.0,OFFLINE,replay,90.4,0.0
2025-01-11T15:00:00+00:00,AWS-KOL-015,24.5,1014.3,46.0,True,unstructured_anomaly,critical,91.5,ML_MODEL_ISOLATION,23.6,1014.8,53.0,OFFLINE,replay,91.5,0.0
2025-01-11T16:00:00+00:00,AWS-KOL-015,23.6,1014.5,50.0,True,unstructured_anomaly,critical,90.3,ML_MODEL_ISOLATION,22.2,1014.8,63.0,HEALTHY,replay,90.3,0.0
2025-01-11T17:00:00+00:00,AWS-KOL-015,21.4,1014.7,66.0,False,,low,37.1,NORMAL,19.7,1015.0,72.0,OFFLINE,replay,61.9,0.0
2025-01-11T18:00:00+00:00,AWS-KOL-015,20.5,1014.9,71.0,False,,low,29.5,NORMAL,18.8,1015.2,75.0,OFFLINE,replay,49.2,0.0
2025-01-11T19:00:00+00:00,AWS-KOL-015,19.6,1015.6,76.0,False,,low,16.6,NORMAL,17.8,1015.9,80.0,OFFLINE,replay,27.7,0.0
2025-01-11T20:00:00+00:00,AWS-KOL-015,19.0,1016.4,78.0,False,,low,8.4,NORMAL,17.4,1016.7,81.0,HEALTHY,replay,14.0,0.0
2025-01-11T21:00:00+00:00,AWS-KOL-015,18.7,1016.6,78.0,False,,low,4.8,NORMAL,17.1,1016.9,82.0,WARNING,replay,7.9,0.0
2025-01-11T22:00:00+00:00,AWS-KOL-015,18.2,1017.0,80.0,False,,low,2.5,NORMAL,16.2,1017.2,85.0,WARNING,replay,4.2,0.0
2025-01-11T23:00:00+00:00,AWS-KOL-015,17.5,1016.8,82.0,False,,low,1.2,NORMAL,15.7,1017.1,86.0,WARNING,replay,1.9,0.0
2025-01-12T00:00:00+00:00,AWS-KOL-015,16.7,1016.3,86.0,False,,low,1.8,NORMAL,15.0,1016.6,89.0,WARNING,replay,3.0,0.0
2025-01-12T01:00:00+00:00,AWS-KOL-015,16.3,1016.0,87.0,False,,low,1.2,NORMAL,14.6,1016.3,91.0,WARNING,replay,2.0,0.0
2025-01-12T02:00:00+00:00,AWS-KOL-015,15.8,1015.7,89.0,False,,low,0.7,NORMAL,14.4,1016.0,92.0,WARNING,replay,1.2,0.0
2025-01-12T03:00:00+00:00,AWS-KOL-015,15.6,1015.3,90.0,False,,low,0.7,NORMAL,14.3,1015.6,92.0,WARNING,replay,1.2,0.0
2025-01-12T04:00:00+00:00,AWS-KOL-015,15.3,1015.5,90.0,False,,low,0.6,NORMAL,14.2,1015.8,91.0,WARNING,replay,1.0,0.0
2025-01-12T05:00:00+00:00,AWS-KOL-015,15.0,1016.0,91.0,False,,low,0.7,NORMAL,13.9,1016.3,92.0,WARNING,replay,1.2,0.0
2025-01-12T06:00:00+00:00,AWS-KOL-015,14.1,1017.0,94.0,False,,low,0.7,NORMAL,13.3,1017.4,96.0,WARNING,replay,1.2,0.0
2025-01-12T07:00:00+00:00,AWS-KOL-015,15.8,1018.0,88.0,False,,low,1.6,NORMAL,15.4,1018.3,92.0,WARNING,replay,2.7,0.0
2025-01-12T08:00:00+00:00,AWS-KOL-015,18.2,1018.4,76.0,False,,low,2.2,NORMAL,18.1,1018.7,81.0,WARNING,replay,3.7,0.0
2025-01-12T09:00:00+00:00,AWS-KOL-015,21.1,1018.7,63.0,False,,low,38.5,NORMAL,21.0,1019.0,70.0,WARNING,replay,64.1,0.0
2025-01-12T10:00:00+00:00,AWS-KOL-015,23.4,1018.0,52.0,False,,low,39.1,NORMAL,23.1,1018.3,58.0,HEALTHY,replay,65.2,0.0
2025-01-12T11:00:00+00:00,AWS-KOL-015,24.8,1016.6,46.0,False,,low,31.5,NORMAL,24.3,1016.9,52.0,HEALTHY,replay,52.6,0.0
2025-01-12T12:00:00+00:00,AWS-KOL-015,25.9,1015.0,42.0,False,,low,40.6,NORMAL,25.1,1015.4,49.0,HEALTHY,replay,67.7,0.0
2025-01-12T13:00:00+00:00,AWS-KOL-015,26.4,1014.0,0.0797805214259378,True,multivariate_inconsistency,high,83.0,MODEL_OVERRIDE,25.7,1014.4,47.0,HEALTHY,replay,98.3,60.0
2025-01-12T14:00:00+00:00,AWS-KOL-015,26.4,1013.2,-0.0317762263523132,True,multivariate_inconsistency,critical,99.5,RULE_ENGINE_BYPASS,25.8,1013.6,47.0,HEALTHY,replay,99.2,100.0
2025-01-12T15:00:00+00:00,AWS-KOL-015,26.1,1012.9,-0.0872813240634935,True,multivariate_inconsistency,critical,99.4,RULE_ENGINE_BYPASS,25.4,1013.3,49.0,HEALTHY,replay,99.0,100.0
2025-01-12T16:00:00+00:00,AWS-KOL-015,25.2,1012.9,-0.0775954120355875,True,multivariate_inconsistency,critical,99.1,RULE_ENGINE_BYPASS,23.9,1013.3,60.0,OFFLINE,replay,98.5,100.0
2025-01-12T17:00:00+00:00,AWS-KOL-015,23.0,1013.4,60.0,True,drift,medium,68.3,FUSED_CONSENSUS,20.9,1013.7,70.0,OFFLINE,replay,75.9,56.9
2025-01-12T18:00:00+00:00,AWS-KOL-015,22.1,1013.7,66.0,True,drift,high,76.8,MODEL_OVERRIDE,20.2,1014.0,74.0,OFFLINE,replay,90.0,56.9
2025-01-12T19:00:00+00:00,AWS-KOL-015,21.3,1014.5,69.0,False,,low,50.0,NORMAL,19.5,1014.8,77.0,OFFLINE,replay,83.3,0.0
2025-01-12T20:00:00+00:00,AWS-KOL-015,20.5,1014.8,72.0,False,,low,50.4,NORMAL,18.8,1015.1,80.0,OFFLINE,replay,83.9,0.0
2025-01-12T21:00:00+00:00,AWS-KOL-015,19.8,1015.3,74.0,False,,low,38.9,NORMAL,18.6,1015.5,81.0,OFFLINE,replay,64.8,0.0
2025-01-12T22:00:00+00:00,AWS-KOL-015,18.7,1015.2,78.0,False,,low,44.6,NORMAL,17.5,1015.5,82.0,OFFLINE,replay,74.3,0.0
2025-01-12T23:00:00+00:00,AWS-KOL-015,18.4,1014.7,78.0,False,,low,47.3,NORMAL,17.0,1015.0,83.0,OFFLINE,replay,78.9,0.0
2025-01-13T00:00:00+00:00,AWS-KOL-015,18.3,1014.1,78.0,False,,low,52.5,NORMAL,16.5,1014.4,84.0,OFFLINE,replay,87.5,0.0
2025-01-13T01:00:00+00:00,AWS-KOL-015,17.5,1013.7,82.0,False,,low,50.2,NORMAL,16.1,1014.0,85.0,WARNING,replay,83.7,0.0
2025-01-13T02:00:00+00:00,AWS-KOL-015,16.4,1013.5,87.0,False,,low,11.5,NORMAL,15.4,1013.7,88.0,WARNING,replay,19.2,0.0
2025-01-13T03:00:00+00:00,AWS-KOL-015,15.7,1013.3,92.0,False,,low,8.3,NORMAL,14.4,1013.6,92.0,WARNING,replay,13.9,0.0
2025-01-13T04:00:00+00:00,AWS-KOL-015,15.0,1013.5,94.0,False,,low,2.6,NORMAL,14.0,1013.8,93.0,WARNING,replay,4.3,0.0
2025-01-13T05:00:00+00:00,AWS-KOL-015,14.6,1014.0,96.0,False,,low,2.0,NORMAL,13.8,1014.3,93.0,WARNING,replay,3.4,0.0
2025-01-13T06:00:00+00:00,AWS-KOL-015,14.4,1014.5,94.0,False,,low,4.1,NORMAL,13.5,1014.7,93.0,WARNING,replay,6.8,0.0
2025-01-13T07:00:00+00:00,AWS-KOL-015,16.0,1015.3,87.0,False,,low,3.2,NORMAL,15.7,1015.6,88.0,WARNING,replay,5.3,0.0
2025-01-13T08:00:00+00:00,AWS-KOL-015,19.0,1015.8,73.0,False,,low,1.4,NORMAL,18.9,1016.1,78.0,WARNING,replay,2.3,0.0
2025-01-13T09:00:00+00:00,AWS-KOL-015,22.4,1015.8,60.0,False,,low,20.6,NORMAL,22.2,1016.1,66.0,WARNING,replay,34.3,0.0
2025-01-13T10:00:00+00:00,AWS-KOL-015,24.9,1015.4,48.0,False,,low,38.7,NORMAL,24.5,1015.8,54.0,WARNING,replay,64.4,0.0
2025-01-13T11:00:00+00:00,AWS-KOL-015,26.4,1014.2,42.0,False,,low,40.5,NORMAL,25.9,1014.6,47.0,WARNING,replay,67.4,0.0
2025-01-13T12:00:00+00:00,AWS-KOL-015,27.4,1012.8,39.0,False,,low,34.6,NORMAL,26.7,1013.1,44.0,WARNING,replay,57.7,0.0
2025-01-13T13:00:00+00:00,AWS-KOL-015,27.8,1011.5,38.0,False,,low,37.6,NORMAL,27.2,1011.9,42.0,WARNING,replay,62.6,0.0
2025-01-13T14:00:00+00:00,AWS-KOL-015,27.7,1011.0,38.0,False,,low,23.6,NORMAL,27.1,1011.3,43.0,WARNING,replay,39.3,0.0
2025-01-13T15:00:00+00:00,AWS-KOL-015,27.1,1011.0,41.0,False,,low,12.1,NORMAL,26.6,1011.3,45.0,HEALTHY,replay,20.2,0.0
2025-01-13T16:00:00+00:00,AWS-KOL-015,26.2,1011.3,45.0,False,,low,9.4,NORMAL,24.9,1011.6,55.0,HEALTHY,replay,15.7,0.0
2025-01-13T17:00:00+00:00,AWS-KOL-015,24.6,1011.9,54.0,False,,low,14.5,NORMAL,23.0,1012.3,62.0,HEALTHY,replay,24.2,0.0
2025-01-13T18:00:00+00:00,AWS-KOL-015,23.2,1012.7,61.0,False,,low,15.5,NORMAL,21.6,1013.1,66.0,HEALTHY,replay,25.8,0.0
2025-01-13T19:00:00+00:00,AWS-KOL-015,22.7,0.0576053897273399,62.0,True,spike,critical,93.9,RULE_ENGINE_BYPASS,20.8,1013.8,69.0,HEALTHY,replay,89.8,100.0
2025-01-13T20:00:00+00:00,AWS-KOL-015,22.1,-0.0933068514068994,63.0,True,spike,critical,93.9,RULE_ENGINE_BYPASS,20.1,1014.3,70.0,HEALTHY,replay,89.8,100.0
2025-01-13T21:00:00+00:00,AWS-KOL-015,21.7,0.1233479000017696,66.0,True,spike,critical,91.1,RULE_ENGINE_BYPASS,19.8,1014.5,72.0,HEALTHY,replay,85.2,100.0
2025-01-13T22:00:00+00:00,AWS-KOL-015,21.1,-0.0105426912979873,69.0,True,spike,critical,91.7,RULE_ENGINE_BYPASS,19.2,1014.8,75.0,OFFLINE,replay,86.2,100.0
2025-01-13T23:00:00+00:00,AWS-KOL-015,20.4,1014.3,72.0,False,,low,13.5,NORMAL,18.8,1014.7,77.0,OFFLINE,replay,22.5,0.0
2025-01-14T00:00:00+00:00,AWS-KOL-015,20.2,1014.2,73.0,False,,low,32.5,NORMAL,17.6,1014.5,82.0,OFFLINE,replay,54.2,0.0
2025-01-14T01:00:00+00:00,AWS-KOL-015,19.1,1014.0,77.0,False,,low,27.9,NORMAL,17.7,1014.2,82.0,HEALTHY,replay,46.5,0.0
2025-01-14T02:00:00+00:00,AWS-KOL-015,18.2,1014.1,80.0,False,,low,4.3,NORMAL,16.6,1014.3,89.0,OFFLINE,replay,7.1,0.0
2025-01-14T03:00:00+00:00,AWS-KOL-015,16.8,1014.1,87.0,False,,low,12.8,NORMAL,15.8,1014.4,91.0,OFFLINE,replay,21.4,0.0
2025-01-14T04:00:00+00:00,AWS-KOL-015,16.5,1014.4,88.0,False,,low,22.0,NORMAL,15.5,1014.7,93.0,OFFLINE,replay,36.7,0.0
2025-01-14T05:00:00+00:00,AWS-KOL-015,16.6,1015.3,87.0,False,,low,18.7,NORMAL,15.9,1015.6,92.0,HEALTHY,replay,31.2,0.0
2025-01-14T06:00:00+00:00,AWS-KOL-015,16.6,1016.3,87.0,False,,low,19.0,NORMAL,15.5,1016.5,93.0,WARNING,replay,31.7,0.0
2025-01-14T07:00:00+00:00,AWS-KOL-015,17.6,1017.4,82.0,False,,low,11.4,NORMAL,17.2,1017.7,85.0,WARNING,replay,19.0,0.0
2025-01-14T08:00:00+00:00,AWS-KOL-015,19.6,1018.4,71.0,False,,low,15.7,NORMAL,19.3,1018.7,74.0,WARNING,replay,26.2,0.0
2025-01-14T09:00:00+00:00,AWS-KOL-015,21.9,1018.7,61.0,False,,low,13.4,NORMAL,21.5,1019.1,66.0,WARNING,replay,22.4,0.0
2025-01-14T10:00:00+00:00,AWS-KOL-015,24.1,1018.4,52.0,False,,low,24.1,NORMAL,23.6,1018.8,57.0,WARNING,replay,40.2,0.0
2025-01-14T11:00:00+00:00,AWS-KOL-015,25.6,1017.3,47.0,False,,low,28.7,NORMAL,25.0,1017.7,52.0,WARNING,replay,47.8,0.0
2025-01-14T12:00:00+00:00,AWS-KOL-015,26.5,1016.0,44.0,False,,low,28.9,NORMAL,25.8,1016.4,49.0,WARNING,replay,48.2,0.0
2025-01-14T13:00:00+00:00,AWS-KOL-015,26.9,1014.7,43.0,False,,low,27.6,NORMAL,26.2,1015.2,48.0,WARNING,replay,46.1,0.0
2025-01-14T14:00:00+00:00,AWS-KOL-015,27.1,1013.9,42.0,False,,low,14.0,NORMAL,26.2,1014.4,48.0,WARNING,replay,23.3,0.0
2025-01-14T15:00:00+00:00,AWS-KOL-015,26.6,1013.9,43.0,False,,low,8.8,NORMAL,25.6,1014.3,49.0,WARNING,replay,14.6,0.0
2025-01-14T16:00:00+00:00,AWS-KOL-015,25.6,1014.2,47.0,False,,low,4.3,NORMAL,24.3,1014.7,55.0,WARNING,replay,7.1,0.0
2025-01-14T17:00:00+00:00,AWS-KOL-015,24.0,1015.1,54.0,False,,low,2.3,NORMAL,22.1,1015.4,66.0,WARNING,replay,3.8,0.0
2025-01-14T18:00:00+00:00,AWS-KOL-015,23.0,1016.1,61.0,False,,low,0.3,NORMAL,21.0,1016.4,71.0,WARNING,replay,0.5,0.0
2025-01-14T19:00:00+00:00,AWS-KOL-015,22.1,1016.9,65.0,False,,low,0.6,NORMAL,20.0,1017.2,76.0,HEALTHY,replay,1.1,0.0
2025-01-14T20:00:00+00:00,AWS-KOL-015,21.4,1017.1,68.0,False,,low,1.5,NORMAL,19.1,1017.4,79.0,HEALTHY,replay,2.5,0.0
2025-01-14T21:00:00+00:00,AWS-KOL-015,20.8,1017.8,70.0,False,,low,2.7,NORMAL,18.6,1018.1,81.0,HEALTHY,replay,4.5,0.0
2025-01-14T22:00:00+00:00,AWS-KOL-015,20.0,1017.8,73.0,False,,low,2.4,NORMAL,18.2,1018.0,82.0,HEALTHY,replay,3.9,0.0
2025-01-14T23:00:00+00:00,AWS-KOL-015,19.5,1017.6,75.0,False,,low,2.0,NORMAL,17.6,1017.9,84.0,HEALTHY,replay,3.4,0.0
2025-01-15T00:00:00+00:00,AWS-KOL-015,18.8,1017.3,77.0,False,,low,2.0,NORMAL,16.8,1017.6,85.0,HEALTHY,replay,3.3,0.0
2025-01-15T01:00:00+00:00,AWS-KOL-015,18.43982930419442,1016.7,77.0,False,,low,1.9,NORMAL,16.2,1017.0,85.0,HEALTHY,replay,3.2,0.0
2025-01-15T02:00:00+00:00,AWS-KOL-015,18.028783700400567,1016.3,78.0,False,,low,1.9,NORMAL,15.5,1016.6,87.0,HEALTHY,replay,3.2,0.0
2025-01-15T03:00:00+00:00,AWS-KOL-015,17.556114022913903,1016.2,80.0,False,,low,0.6,NORMAL,15.5,1016.4,89.0,HEALTHY,replay,1.0,0.0
2025-01-15T04:00:00+00:00,AWS-KOL-015,16.91726941806076,1016.6,84.0,False,,low,0.3,NORMAL,15.1,1016.8,91.0,HEALTHY,replay,0.5,0.0
2025-01-15T05:00:00+00:00,AWS-KOL-015,16.609409702551904,1017.3,85.0,False,,low,0.2,NORMAL,14.7,1017.6,91.0,HEALTHY,replay,0.3,0.0
2025-01-15T06:00:00+00:00,AWS-KOL-015,16.330512415442723,1018.5,87.0,False,,low,0.3,NORMAL,14.5,1018.8,92.0,HEALTHY,replay,0.4,0.0
2025-01-15T07:00:00+00:00,AWS-KOL-015,17.379029179516404,1019.3,84.0,False,,low,0.4,NORMAL,15.8,1019.5,88.0,HEALTHY,replay,0.6,0.0
2025-01-15T08:00:00+00:00,AWS-KOL-015,19.553718206018782,1019.9,76.0,False,,low,0.6,NORMAL,18.0,1020.2,80.0,HEALTHY,replay,1.0,0.0
2025-01-15T09:00:00+00:00,AWS-KOL-015,22.15355069876617,1020.1,67.0,False,,low,0.8,NORMAL,20.4,1020.4,71.0,HEALTHY,replay,1.4,0.0
2025-01-15T10:00:00+00:00,AWS-KOL-015,24.777653565338827,1019.4,55.0,False,,low,1.7,NORMAL,22.5,1019.7,58.0,HEALTHY,replay,2.8,0.0
2025-01-15T11:00:00+00:00,AWS-KOL-015,26.725271972539595,1018.0,45.0,False,,low,7.7,NORMAL,24.0,1018.2,47.0,HEALTHY,replay,12.8,0.0
2025-01-15T12:00:00+00:00,AWS-KOL-015,27.99574362342382,1016.4,42.0,False,,low,6.7,NORMAL,24.8,1016.7,45.0,HEALTHY,replay,11.2,0.0
2025-01-15T13:00:00+00:00,AWS-KOL-015,28.58848038141161,1015.0,42.0,False,,low,4.0,NORMAL,25.1,1015.3,45.0,HEALTHY,replay,6.7,0.0
2025-01-15T14:00:00+00:00,AWS-KOL-015,28.90295472120309,1014.4,43.0,False,,low,1.6,NORMAL,24.9,1014.7,45.0,HEALTHY,replay,2.6,0.0
2025-01-15T15:00:00+00:00,AWS-KOL-015,28.53868947430868,1014.1,47.0,False,,low,0.8,NORMAL,24.1,1014.4,49.0,HEALTHY,replay,1.3,0.0
2025-01-15T16:00:00+00:00,AWS-KOL-015,28.095249895875583,1014.2,52.0,False,,low,0.6,NORMAL,23.0,1014.4,54.0,HEALTHY,replay,1.1,0.0
2025-01-15T17:00:00+00:00,AWS-KOL-015,27.37223741143869,1014.5,57.0,False,,low,0.7,NORMAL,20.9,1014.7,64.0,HEALTHY,replay,1.1,0.0
2025-01-15T18:00:00+00:00,AWS-KOL-015,27.269284607631626,1015.5,58.0,False,,low,1.1,NORMAL,19.9,1015.8,64.0,HEALTHY,replay,1.8,0.0
2025-01-15T19:00:00+00:00,AWS-KOL-015,26.68605116250628,1016.1,63.0,False,,low,1.0,NORMAL,18.8,1016.3,69.0,HEALTHY,replay,1.6,0.0
2025-01-15T20:00:00+00:00,AWS-KOL-015,26.32222049800768,1016.6,67.0,False,,low,1.0,NORMAL,17.6,1016.9,76.0,HEALTHY,replay,1.6,0.0
2025-01-15T21:00:00+00:00,AWS-KOL-015,26.077496996047905,1016.8,68.0,False,,low,0.6,NORMAL,16.6,1017.1,74.0,HEALTHY,replay,1.0,0.0
2025-01-15T22:00:00+00:00,AWS-KOL-015,25.951603660469527,1016.8,69.0,False,,low,0.8,NORMAL,16.0,1017.1,75.0,HEALTHY,replay,1.4,0.0
2025-01-15T23:00:00+00:00,AWS-KOL-015,25.744280136101487,1016.7,70.0,False,,low,1.4,NORMAL,15.3,1017.0,78.0,HEALTHY,replay,2.3,0.0
2025-01-16T00:00:00+00:00,AWS-KOL-015,25.65528101695144,1016.3,71.0,False,,low,2.2,NORMAL,14.6,1016.6,82.0,HEALTHY,replay,3.7,0.0
2025-01-16T01:00:00+00:00,AWS-KOL-015,25.684374390849317,1015.9,74.0,False,,low,1.2,NORMAL,14.2,1016.1,84.0,HEALTHY,replay,2.0,0.0
2025-01-16T02:00:00+00:00,AWS-KOL-015,25.53134057921312,1015.2,78.0,False,,low,1.2,NORMAL,14.2,1015.4,85.0,HEALTHY,replay,2.0,0.0
2025-01-16T03:00:00+00:00,AWS-KOL-015,25.59597103916716,1014.8,82.0,False,,low,1.8,NORMAL,14.0,1015.1,89.0,HEALTHY,replay,3.0,0.0
2025-01-16T04:00:00+00:00,AWS-KOL-015,25.778067401773583,1015.1,86.0,False,,low,1.2,NORMAL,13.5,1015.3,92.0,HEALTHY,replay,2.0,0.0
2025-01-16T05:00:00+00:00,AWS-KOL-015,26.17744062517737,1015.6,90.0,False,,low,2.1,NORMAL,13.3,1016.0,94.0,HEALTHY,replay,3.4,0.0
2025-01-16T06:00:00+00:00,AWS-KOL-015,13.8,1017.2,92.0,False,,low,16.8,NORMAL,13.3,1017.5,95.0,HEALTHY,replay,28.0,0.0
2025-01-16T07:00:00+00:00,AWS-KOL-015,14.8,1017.9,87.0,False,,low,14.3,NORMAL,14.7,1018.3,90.0,HEALTHY,replay,23.9,0.0
2025-01-16T08:00:00+00:00,AWS-KOL-015,16.8,1018.7,77.0,False,,low,5.9,NORMAL,17.0,1019.0,80.0,HEALTHY,replay,9.8,0.0
2025-01-16T09:00:00+00:00,AWS-KOL-015,19.5,1019.0,67.0,False,,low,1.9,NORMAL,19.7,1019.2,71.0,HEALTHY,replay,3.2,0.0
2025-01-16T10:00:00+00:00,AWS-KOL-015,22.1,1018.4,59.0,False,,low,1.4,NORMAL,22.2,1018.6,61.0,HEALTHY,replay,2.3,0.0
2025-01-16T11:00:00+00:00,AWS-KOL-015,24.0,1017.0,51.0,False,,low,2.9,NORMAL,23.9,1017.2,53.0,HEALTHY,replay,4.8,0.0
2025-01-16T12:00:00+00:00,AWS-KOL-015,25.2,1015.4,44.0,False,,low,8.1,NORMAL,24.8,1015.8,48.0,HEALTHY,replay,13.5,0.0
2025-01-16T13:00:00+00:00,AWS-KOL-015,25.8,1014.3,41.0,False,,low,4.8,NORMAL,25.2,1014.7,46.0,HEALTHY,replay,8.1,0.0
2025-01-16T14:00:00+00:00,AWS-KOL-015,25.9,1013.6,41.0,False,,low,1.2,NORMAL,25.2,1014.0,46.0,HEALTHY,replay,2.1,0.0
2025-01-16T15:00:00+00:00,AWS-KOL-015,25.5,1013.5,44.0,False,,low,0.6,NORMAL,24.8,1013.9,47.0,HEALTHY,replay,1.0,0.0
2025-01-16T16:00:00+00:00,AWS-KOL-015,24.4,1013.8,48.0,False,,low,0.2,NORMAL,23.5,1014.2,53.0,HEALTHY,replay,0.3,0.0
2025-01-16T17:00:00+00:00,AWS-KOL-015,22.7,1014.4,56.0,False,,low,0.7,NORMAL,20.8,1014.6,64.0,HEALTHY,replay,1.2,0.0
2025-01-16T18:00:00+00:00,AWS-KOL-015,30.685003418812396,1015.1124277203868,100.0,True,multivariate_inconsistency,high,70.6,FUSED_CONSENSUS,19.8,1015.5,68.0,HEALTHY,replay,87.6,45.0
2025-01-16T19:00:00+00:00,AWS-KOL-015,29.58500341881239,1016.5094352680436,100.0,True,multivariate_inconsistency,medium,67.4,FUSED_CONSENSUS,18.9,1016.1,69.0,HEALTHY,replay,82.3,45.0
2025-01-16T20:00:00+00:00,AWS-KOL-015,28.8850034188124,1016.6338880322572,100.0,False,multivariate_inconsistency,low,38.7,NORMAL,18.3,1016.6,71.0,HEALTHY,replay,34.5,45.0
2025-01-16T21:00:00+00:00,AWS-KOL-015,19.0,1016.7,68.0,True,multivariate_inconsistency,high,73.0,FUSED_CONSENSUS,17.8,1017.0,74.0,OFFLINE,replay,63.0,88.0
2025-01-16T22:00:00+00:00,AWS-KOL-015,18.2,1016.9,72.0,True,multivariate_inconsistency,high,77.9,FUSED_CONSENSUS,17.1,1017.1,79.0,OFFLINE,replay,71.1,88.0
2025-01-16T23:00:00+00:00,AWS-KOL-015,17.7,1016.7,75.0,True,multivariate_inconsistency,medium,65.7,FUSED_CONSENSUS,16.4,1016.9,83.0,OFFLINE,replay,50.9,88.0
2025-01-17T00:00:00+00:00,AWS-KOL-015,17.4,1016.0,77.0,True,multivariate_inconsistency,medium,67.7,FUSED_CONSENSUS,16.2,1016.3,83.0,OFFLINE,replay,54.2,88.0
2025-01-17T01:00:00+00:00,AWS-KOL-015,16.9,1015.6,80.0,True,multivariate_inconsistency,high,75.2,FUSED_CONSENSUS,15.7,1015.8,86.0,OFFLINE,replay,66.6,88.0
2025-01-17T02:00:00+00:00,AWS-KOL-015,16.4,1015.0,83.0,False,,low,42.9,NORMAL,15.0,1015.2,90.0,OFFLINE,replay,71.5,0.0
2025-01-17T03:00:00+00:00,AWS-KOL-015,15.8,1014.6,85.0,False,,low,42.7,NORMAL,15.1,1014.8,92.0,OFFLINE,replay,71.1,0.0
2025-01-17T04:00:00+00:00,AWS-KOL-015,15.1,1014.8,89.0,False,,low,41.8,NORMAL,14.5,1015.0,94.0,HEALTHY,replay,69.7,0.0
2025-01-17T05:00:00+00:00,AWS-KOL-015,14.7,1015.3,92.0,False,,low,13.9,NORMAL,14.2,1015.5,95.0,OFFLINE,replay,23.1,0.0
2025-01-17T06:00:00+00:00,AWS-KOL-015,14.9,1016.4,90.0,False,,low,10.0,NORMAL,14.2,1016.6,94.0,OFFLINE,replay,16.7,0.0
2025-01-17T07:00:00+00:00,AWS-KOL-015,15.7,1017.2,84.0,False,,low,13.2,NORMAL,15.5,1017.4,88.0,OFFLINE,replay,22.0,0.0
2025-01-17T08:00:00+00:00,AWS-KOL-015,17.8,1017.4,73.0,False,,low,7.4,NORMAL,17.7,1017.7,77.0,HEALTHY,replay,12.4,0.0
2025-01-17T09:00:00+00:00,AWS-KOL-015,20.8,1017.4,60.0,False,,low,2.7,NORMAL,20.6,1017.7,64.0,WARNING,replay,4.6,0.0
2025-01-17T10:00:00+00:00,AWS-KOL-015,23.5,1016.7,50.0,False,,low,3.8,NORMAL,23.1,1016.9,55.0,WARNING,replay,6.4,0.0
2025-01-17T11:00:00+00:00,AWS-KOL-015,25.0,1015.3,44.0,False,,low,3.6,NORMAL,24.5,1015.6,48.0,WARNING,replay,6.0,0.0
2025-01-17T12:00:00+00:00,AWS-KOL-015,25.6,1014.1,43.0,False,,low,7.1,NORMAL,25.2,1014.4,45.0,WARNING,replay,11.9,0.0
2025-01-17T13:00:00+00:00,AWS-KOL-015,25.8,1012.8,42.0,False,,low,7.0,NORMAL,25.5,1013.1,44.0,WARNING,replay,11.7,0.0
2025-01-17T14:00:00+00:00,AWS-KOL-015,25.8,1012.2,41.0,False,,low,2.1,NORMAL,25.4,1012.4,44.0,WARNING,replay,3.4,0.0
2025-01-17T15:00:00+00:00,AWS-KOL-015,25.3,1012.1,42.0,False,,low,2.0,NORMAL,24.9,1012.4,44.0,WARNING,replay,3.4,0.0
2025-01-17T16:00:00+00:00,AWS-KOL-015,24.4,1012.5,45.0,False,,low,0.7,NORMAL,23.6,1012.8,50.0,WARNING,replay,1.2,0.0
2025-01-17T17:00:00+00:00,AWS-KOL-015,22.8,1012.8,54.0,False,,low,2.8,NORMAL,20.8,1013.1,62.0,WARNING,replay,4.7,0.0
2025-01-17T18:00:00+00:00,AWS-KOL-015,21.9,1013.6,61.0,False,,low,6.3,NORMAL,20.2,1013.9,67.0,WARNING,replay,10.5,0.0
2025-01-17T19:00:00+00:00,AWS-KOL-015,20.8,1014.2,68.0,False,,low,6.1,NORMAL,20.0,1014.5,68.0,WARNING,replay,10.1,0.0
2025-01-17T20:00:00+00:00,AWS-KOL-015,20.4,1014.6,69.0,False,,low,2.2,NORMAL,19.4,1014.8,71.0,WARNING,replay,3.6,0.0
2025-01-17T21:00:00+00:00,AWS-KOL-015,20.3,1015.0,68.0,False,,low,0.5,NORMAL,18.7,1015.3,75.0,WARNING,replay,0.9,0.0
2025-01-17T22:00:00+00:00,AWS-KOL-015,19.8,1015.2,70.0,False,,low,0.5,NORMAL,18.0,1015.5,78.0,HEALTHY,replay,0.8,0.0
2025-01-17T23:00:00+00:00,AWS-KOL-015,19.2,1015.0,73.0,False,,low,1.0,NORMAL,17.4,1015.3,80.0,HEALTHY,replay,1.7,0.0
2025-01-18T00:00:00+00:00,AWS-KOL-015,18.2,1014.7,78.0,False,,low,1.2,NORMAL,16.5,1015.0,85.0,HEALTHY,replay,2.0,0.0
2025-01-18T01:00:00+00:00,AWS-KOL-015,17.4,1014.3,83.0,False,,low,0.8,NORMAL,15.8,1014.6,90.0,HEALTHY,replay,1.4,0.0
2025-01-18T02:00:00+00:00,AWS-KOL-015,16.8,1014.0,85.0,False,,low,0.6,NORMAL,16.1,1014.2,91.0,HEALTHY,replay,1.0,0.0
2025-01-18T03:00:00+00:00,AWS-KOL-015,16.0,1013.9,88.0,False,,low,0.7,NORMAL,15.4,1014.1,93.0,HEALTHY,replay,1.2,0.0
2025-01-18T04:00:00+00:00,AWS-KOL-015,15.5,1014.3,88.0,False,,low,0.7,NORMAL,14.8,1014.5,93.0,HEALTHY,replay,1.2,0.0
2025-01-18T05:00:00+00:00,AWS-KOL-015,15.1,1014.7,88.0,False,,low,1.2,NORMAL,14.3,1014.9,93.0,HEALTHY,replay,2.0,0.0
2025-01-18T06:00:00+00:00,AWS-KOL-015,15.3,1015.8,87.0,False,,low,0.7,NORMAL,14.4,1016.1,93.0,HEALTHY,replay,1.1,0.0
2025-01-18T07:00:00+00:00,AWS-KOL-015,16.1,1016.1,82.0,False,,low,0.3,NORMAL,15.8,1016.4,86.0,HEALTHY,replay,0.4,0.0
2025-01-18T08:00:00+00:00,AWS-KOL-015,18.2,1016.7,71.0,False,,low,0.4,NORMAL,18.0,1017.0,76.0,HEALTHY,replay,0.7,0.0
2025-01-18T09:00:00+00:00,AWS-KOL-015,20.7,1017.0,60.0,False,,low,0.7,NORMAL,20.6,1017.2,64.0,HEALTHY,replay,1.1,0.0
2025-01-18T10:00:00+00:00,AWS-KOL-015,22.9,1016.6,51.0,False,,low,0.8,NORMAL,22.7,1016.8,54.0,HEALTHY,replay,1.3,0.0
2025-01-18T11:00:00+00:00,AWS-KOL-015,24.5,1015.6,44.0,False,,low,0.9,NORMAL,24.1,1015.9,48.0,HEALTHY,replay,1.5,0.0
2025-01-18T12:00:00+00:00,AWS-KOL-015,25.4,1014.0,41.0,False,,low,1.0,NORMAL,25.0,1014.3,44.0,HEALTHY,replay,1.7,0.0
2025-01-18T13:00:00+00:00,AWS-KOL-015,25.8,1012.7,40.0,False,,low,1.4,NORMAL,25.4,1013.0,44.0,HEALTHY,replay,2.3,0.0
2025-01-18T14:00:00+00:00,AWS-KOL-015,-40.01077598044915,1012.0,41.0,True,spike,high,89.8,MODEL_OVERRIDE,25.4,1012.3,44.0,HEALTHY,replay,89.7,89.9
2025-01-18T15:00:00+00:00,AWS-KOL-015,-40.03286170196922,1012.0,43.0,True,multivariate_inconsistency,high,76.4,FUSED_CONSENSUS,24.9,1012.3,47.0,HEALTHY,replay,87.3,60.0
2025-01-18T16:00:00+00:00,AWS-KOL-015,-39.96026490098722,1012.2,46.0,True,multivariate_inconsistency,medium,68.4,FUSED_CONSENSUS,23.8,1012.5,51.0,HEALTHY,replay,73.9,60.0
2025-01-18T17:00:00+00:00,AWS-KOL-015,-39.92257763887125,1012.5,53.0,True,multivariate_inconsistency,medium,60.6,FUSED_CONSENSUS,21.6,1012.7,61.0,OFFLINE,replay,61.0,60.0
2025-01-18T18:00:00+00:00,AWS-KOL-015,22.4,1013.1,57.0,False,,low,3.1,NORMAL,21.0,1013.3,63.0,OFFLINE,replay,5.2,0.0
2025-01-18T19:00:00+00:00,AWS-KOL-015,21.7,1013.8,62.0,False,,low,10.4,NORMAL,20.2,1014.0,67.0,OFFLINE,replay,17.3,0.0
2025-01-18T20:00:00+00:00,AWS-KOL-015,21.1,1014.1,64.0,False,,low,13.6,NORMAL,19.2,1014.4,72.0,HEALTHY,replay,22.7,0.0
2025-01-18T21:00:00+00:00,AWS-KOL-015,20.2,1014.3,68.0,False,,low,2.9,NORMAL,18.5,1014.6,75.0,OFFLINE,replay,4.8,0.0
2025-01-18T22:00:00+00:00,AWS-KOL-015,19.4,1014.3,71.0,False,,low,3.9,NORMAL,17.8,1014.6,77.0,OFFLINE,replay,6.6,0.0
2025-01-18T23:00:00+00:00,AWS-KOL-015,18.8,1014.0,73.0,False,,low,6.5,NORMAL,17.2,1014.3,78.0,OFFLINE,replay,10.8,0.0
2025-01-19T00:00:00+00:00,AWS-KOL-015,18.5,1013.7,73.0,False,,low,7.8,NORMAL,16.6,1013.9,80.0,HEALTHY,replay,13.0,0.0
2025-01-19T01:00:00+00:00,AWS-KOL-015,17.8,1013.3,76.0,False,,low,2.8,NORMAL,15.6,1013.6,85.0,WARNING,replay,4.7,0.0
2025-01-19T02:00:00+00:00,AWS-KOL-015,17.0,1013.0,78.0,False,,low,1.2,NORMAL,15.5,1013.2,87.0,WARNING,replay,2.0,0.0
2025-01-19T03:00:00+00:00,AWS-KOL-015,16.5,1012.7,80.0,False,,low,0.4,NORMAL,15.2,1012.9,89.0,WARNING,replay,0.7,0.0
2025-01-19T04:00:00+00:00,AWS-KOL-015,15.9,1013.0,83.0,False,,low,0.5,NORMAL,14.6,1013.3,91.0,WARNING,replay,0.8,0.0
2025-01-19T05:00:00+00:00,AWS-KOL-015,15.3,,87.0,True,dropout,critical,100.0,RULE_ENGINE_BYPASS,14.1,1014.1,92.0,WARNING,replay,,100.0
2025-01-19T06:00:00+00:00,AWS-KOL-015,15.2,1015.0,87.0,False,,low,0.6,NORMAL,14.1,1015.3,92.0,WARNING,replay,1.1,0.0
2025-01-19T07:00:00+00:00,AWS-KOL-015,16.2,1015.8,82.0,False,,low,0.7,NORMAL,15.7,1016.1,86.0,WARNING,replay,1.1,0.0
2025-01-19T08:00:00+00:00,AWS-KOL-015,18.3,1016.7,71.0,False,,low,0.8,NORMAL,18.2,1016.9,75.0,WARNING,replay,1.3,0.0
2025-01-19T09:00:00+00:00,AWS-KOL-015,21.0,1016.8,59.0,False,,low,1.6,NORMAL,21.0,1017.0,62.0,WARNING,replay,2.7,0.0
2025-01-19T10:00:00+00:00,AWS-KOL-015,23.0,1015.9,50.0,False,,low,6.1,NORMAL,22.9,1016.1,52.0,WARNING,replay,10.2,0.0
2025-01-19T11:00:00+00:00,AWS-KOL-015,24.3,1014.9,46.0,False,,low,6.2,NORMAL,24.2,1015.1,47.0,WARNING,replay,10.3,0.0
2025-01-19T12:00:00+00:00,AWS-KOL-015,25.1,1013.3,42.0,False,,low,10.7,NORMAL,24.9,1013.6,42.0,WARNING,replay,17.8,0.0
2025-01-19T13:00:00+00:00,AWS-KOL-015,25.6,1012.0,38.0,False,,low,18.8,NORMAL,25.2,1012.2,38.0,WARNING,replay,31.3,0.0
2025-01-19T14:00:00+00:00,AWS-KOL-015,25.4,1011.1,39.0,False,,low,13.8,NORMAL,25.1,1011.4,39.0,HEALTHY,replay,23.0,0.0
2025-01-19T15:00:00+00:00,AWS-KOL-015,25.0,1010.7,40.0,False,,low,12.0,NORMAL,24.7,1011.0,40.0,HEALTHY,replay,19.9,0.0
2025-01-19T16:00:00+00:00,AWS-KOL-015,24.0,1010.6,44.0,False,,low,6.0,NORMAL,23.6,1011.0,43.0,HEALTHY,replay,9.9,0.0
2025-01-19T17:00:00+00:00,AWS-KOL-015,22.1,1010.6,54.0,False,,low,7.2,NORMAL,21.0,1010.9,53.0,HEALTHY,replay,12.0,0.0
2025-01-19T18:00:00+00:00,AWS-KOL-015,21.7,1011.0,62.0,False,,low,2.9,NORMAL,20.9,1011.3,60.0,HEALTHY,replay,4.9,0.0
2025-01-19T19:00:00+00:00,AWS-KOL-015,21.2,1011.6,65.0,False,,low,0.7,NORMAL,20.0,1011.9,64.0,HEALTHY,replay,1.2,0.0
2025-01-19T20:00:00+00:00,AWS-KOL-015,20.3,1012.1,69.0,False,,low,0.9,NORMAL,19.3,1012.3,67.0,HEALTHY,replay,1.5,0.0
2025-01-19T21:00:00+00:00,AWS-KOL-015,19.8,1012.5,72.0,False,,low,0.8,NORMAL,18.7,1012.8,67.0,HEALTHY,replay,1.4,0.0
2025-01-19T22:00:00+00:00,AWS-KOL-015,19.4,1012.2,72.0,False,,low,0.7,NORMAL,17.8,1012.5,69.0,HEALTHY,replay,1.2,0.0
2025-01-19T23:00:00+00:00,AWS-KOL-015,18.9,1012.0,73.0,False,,low,0.4,NORMAL,17.1,1012.3,74.0,HEALTHY,replay,0.7,0.0
2025-01-20T00:00:00+00:00,AWS-KOL-015,17.8,1011.8,77.0,False,,low,0.4,NORMAL,15.7,1012.0,76.0,HEALTHY,replay,0.6,0.0
2025-01-20T01:00:00+00:00,AWS-KOL-015,16.7,1011.8,78.0,False,,low,0.4,NORMAL,14.9,1012.0,74.0,HEALTHY,replay,0.7,0.0
2025-01-20T02:00:00+00:00,AWS-KOL-015,16.0,1011.6,73.0,False,,low,0.4,NORMAL,14.3,1011.8,81.0,HEALTHY,replay,0.7,0.0
2025-01-20T03:00:00+00:00,AWS-KOL-015,15.5,1011.3,74.0,False,,low,0.2,NORMAL,14.2,1011.5,84.0,HEALTHY,replay,0.3,0.0
2025-01-20T04:00:00+00:00,AWS-KOL-015,14.7,1011.3,80.0,False,,low,0.3,NORMAL,13.3,1011.5,88.0,HEALTHY,replay,0.5,0.0
2025-01-20T05:00:00+00:00,AWS-KOL-015,14.0,1011.7,84.0,False,,low,0.4,NORMAL,12.8,1011.9,88.0,HEALTHY,replay,0.6,0.0
2025-01-20T06:00:00+00:00,AWS-KOL-015,14.2,1012.8,86.0,False,,low,0.3,NORMAL,12.8,1013.0,93.0,HEALTHY,replay,0.5,0.0
2025-01-20T07:00:00+00:00,AWS-KOL-015,15.1,1013.7,81.0,False,,low,0.5,NORMAL,14.8,1013.9,86.0,HEALTHY,replay,0.9,0.0
2025-01-20T08:00:00+00:00,AWS-KOL-015,10.169601680919111,1022.6748174981462,88.4639036041122,True,unstructured_anomaly,high,89.7,ML_MODEL_ISOLATION,17.4,1014.3,73.0,HEALTHY,replay,89.7,0.0
2025-01-20T09:00:00+00:00,AWS-KOL-015,13.038523415601022,1021.9134910491632,70.9946032061877,True,multivariate_inconsistency,medium,59.4,FUSED_CONSENSUS,20.0,1014.5,58.0,HEALTHY,replay,69.0,45.0
2025-01-20T10:00:00+00:00,AWS-KOL-015,15.360839225903897,1021.3794740810872,60.428802393150136,True,multivariate_inconsistency,medium,57.4,FUSED_CONSENSUS,21.9,1014.0,47.0,HEALTHY,replay,65.6,45.0
2025-01-20T11:00:00+00:00,AWS-KOL-015,29.753667808309192,1004.688275378042,54.48766267809861,True,multivariate_inconsistency,high,75.6,MODEL_OVERRIDE,23.2,1013.1,41.0,HEALTHY,replay,95.9,45.0
2025-01-20T12:00:00+00:00,AWS-KOL-015,31.39419454156393,1004.019744305902,19.928936498538288,True,unstructured_anomaly,critical,99.4,ML_MODEL_ISOLATION,24.2,1011.9,39.0,HEALTHY,replay,99.4,0.0
2025-01-20T13:00:00+00:00,AWS-KOL-015,24.9,1010.6,37.0,False,,low,48.5,NORMAL,24.7,1010.8,39.0,HEALTHY,replay,80.9,0.0
2025-01-20T14:00:00+00:00,AWS-KOL-015,24.9,1009.6,41.0,False,,low,16.5,NORMAL,24.6,1009.9,43.0,HEALTHY,replay,27.4,0.0
2025-01-20T15:00:00+00:00,AWS-KOL-015,24.6,1009.2,44.0,False,,low,5.8,NORMAL,24.3,1009.5,45.0,HEALTHY,replay,9.7,0.0
2025-01-20T16:00:00+00:00,AWS-KOL-015,23.8,1009.2,47.0,False,,low,2.5,NORMAL,23.2,1009.5,51.0,HEALTHY,replay,4.2,0.0
2025-01-20T17:00:00+00:00,AWS-KOL-015,22.0,1009.5,59.0,False,,low,4.4,NORMAL,21.1,1009.8,60.0,HEALTHY,replay,7.4,0.0
2025-01-20T18:00:00+00:00,AWS-KOL-015,22.0,1009.7,60.0,False,,low,1.5,NORMAL,21.0,1010.0,61.0,HEALTHY,replay,2.5,0.0
2025-01-20T19:00:00+00:00,AWS-KOL-015,21.6,1010.4,61.0,False,,low,0.3,NORMAL,20.4,1010.7,63.0,HEALTHY,replay,0.6,0.0
2025-01-20T20:00:00+00:00,AWS-KOL-015,21.1,1010.9,63.0,False,,low,0.2,NORMAL,19.3,1011.2,67.0,HEALTHY,replay,0.3,0.0
2025-01-20T21:00:00+00:00,AWS-KOL-015,20.5,1011.2,65.0,False,,low,0.1,NORMAL,18.2,1011.5,72.0,HEALTHY,replay,0.2,0.0
2025-01-20T22:00:00+00:00,AWS-KOL-015,19.7,1011.2,68.0,False,,low,0.1,NORMAL,17.4,1011.5,76.0,HEALTHY,replay,0.2,0.0
2025-01-20T23:00:00+00:00,AWS-KOL-015,18.7,1011.1,73.0,False,,low,0.1,NORMAL,17.2,1011.4,76.0,HEALTHY,replay,0.2,0.0
2025-01-21T00:00:00+00:00,AWS-KOL-015,17.6,1010.7,78.0,False,,low,0.3,NORMAL,16.5,1010.9,80.0,HEALTHY,replay,0.4,0.0
2025-01-21T01:00:00+00:00,AWS-KOL-015,16.9,1010.3,81.0,False,,low,0.2,NORMAL,15.6,1010.6,84.0,HEALTHY,replay,0.4,0.0
2025-01-21T02:00:00+00:00,AWS-KOL-015,16.0,1010.0,84.0,False,,low,0.3,NORMAL,14.5,1010.2,88.0,HEALTHY,replay,0.4,0.0
2025-01-21T03:00:00+00:00,AWS-KOL-015,15.3,1009.9,87.0,False,,low,0.5,NORMAL,14.0,1010.1,90.0,HEALTHY,replay,0.8,0.0
2025-01-21T04:00:00+00:00,AWS-KOL-015,14.7,1010.0,88.0,False,,low,0.4,NORMAL,13.7,1010.3,91.0,HEALTHY,replay,0.6,0.0
2025-01-21T05:00:00+00:00,AWS-KOL-015,14.4,1010.5,89.0,False,,low,0.3,NORMAL,13.3,1010.7,91.0,HEALTHY,replay,0.5,0.0
2025-01-21T06:00:00+00:00,AWS-KOL-015,14.3,1011.2,90.0,False,,low,0.2,NORMAL,13.1,1011.4,93.0,HEALTHY,replay,0.4,0.0
2025-01-21T07:00:00+00:00,AWS-KOL-015,15.9,1012.1,82.0,False,,low,0.4,NORMAL,15.6,1012.3,85.0,HEALTHY,replay,0.7,0.0
2025-01-21T08:00:00+00:00,AWS-KOL-015,18.9,1013.0,69.0,False,,low,3.3,NORMAL,19.1,1013.2,73.0,HEALTHY,replay,5.4,0.0
2025-01-21T09:00:00+00:00,AWS-KOL-015,22.1,1013.3,56.0,False,,low,19.7,NORMAL,22.2,1013.6,59.0,HEALTHY,replay,32.9,0.0
2025-01-21T10:00:00+00:00,AWS-KOL-015,24.1,1012.9,52.0,False,,low,11.6,NORMAL,23.9,1013.2,55.0,HEALTHY,replay,19.3,0.0
2025-01-21T11:00:00+00:00,AWS-KOL-015,25.3,1012.0,48.0,False,,low,4.7,NORMAL,25.0,1012.3,51.0,HEALTHY,replay,7.9,0.0
2025-01-21T12:00:00+00:00,AWS-KOL-015,26.0,1010.7,45.0,False,,low,15.1,NORMAL,25.6,1011.0,49.0,HEALTHY,replay,25.1,0.0
2025-01-21T13:00:00+00:00,AWS-KOL-015,26.5,1009.4,43.0,False,,low,2.3,NORMAL,26.0,1009.6,47.0,HEALTHY,replay,3.9,0.0
2025-01-21T14:00:00+00:00,AWS-KOL-015,26.7,1008.6,43.0,False,,low,2.4,NORMAL,26.1,1008.9,47.0,HEALTHY,replay,3.9,0.0
2025-01-21T15:00:00+00:00,AWS-KOL-015,26.3,1008.3,43.0,False,,low,1.2,NORMAL,25.6,1008.6,48.0,HEALTHY,replay,2.0,0.0
2025-01-21T16:00:00+00:00,AWS-KOL-015,25.4,1008.5,46.0,False,,low,0.2,NORMAL,24.6,1008.8,52.0,HEALTHY,replay,0.3,0.0
2025-01-21T17:00:00+00:00,AWS-KOL-015,23.4,1009.0,57.0,False,,low,0.4,NORMAL,21.9,1009.3,65.0,HEALTHY,replay,0.6,0.0
2025-01-21T18:00:00+00:00,AWS-KOL-015,23.2,1009.4,63.0,False,,low,0.3,NORMAL,22.3,1009.8,66.0,HEALTHY,replay,0.5,0.0
2025-01-21T19:00:00+00:00,AWS-KOL-015,46.69161217789036,1010.0,64.0,True,multivariate_inconsistency,medium,63.0,FUSED_CONSENSUS,21.5,1010.4,69.0,HEALTHY,replay,70.9,51.2
2025-01-21T20:00:00+00:00,AWS-KOL-015,22.1,1010.6,66.0,False,,low,0.1,NORMAL,21.1,1010.9,70.0,HEALTHY,replay,0.2,0.0
2025-01-21T21:00:00+00:00,AWS-KOL-015,21.3,1010.7,70.0,False,,low,0.1,NORMAL,20.5,1011.0,71.0,HEALTHY,replay,0.1,0.0
2025-01-21T22:00:00+00:00,AWS-KOL-015,20.5,1010.8,73.0,False,,low,0.1,NORMAL,19.7,1011.0,74.0,HEALTHY,replay,0.2,0.0
2025-01-21T23:00:00+00:00,AWS-KOL-015,19.6,1010.7,77.0,False,,low,0.1,NORMAL,18.8,1011.0,78.0,HEALTHY,replay,0.1,0.0
2025-01-22T00:00:00+00:00,AWS-KOL-015,19.0,1010.6,80.0,False,,low,0.2,NORMAL,17.0,1010.8,87.0,HEALTHY,replay,0.3,0.0
2025-01-22T01:00:00+00:00,AWS-KOL-015,18.2,1010.5,81.0,False,,low,0.1,NORMAL,16.4,1010.7,90.0,HEALTHY,replay,0.2,0.0
2025-01-22T02:00:00+00:00,AWS-KOL-015,17.1,1010.5,84.0,False,,low,0.2,NORMAL,15.6,1010.7,91.0,HEALTHY,replay,0.4,0.0
2025-01-22T03:00:00+00:00,AWS-KOL-015,16.3,1010.4,89.0,False,,low,0.3,NORMAL,15.5,1010.6,93.0,HEALTHY,replay,0.5,0.0
2025-01-22T04:00:00+00:00,AWS-KOL-015,16.0,1010.5,91.0,False,,low,0.3,NORMAL,15.4,1010.8,94.0,HEALTHY,replay,0.5,0.0
2025-01-22T05:00:00+00:00,AWS-KOL-015,15.7,1011.3,93.0,False,,low,0.2,NORMAL,15.0,1011.5,96.0,HEALTHY,replay,0.3,0.0
2025-01-22T06:00:00+00:00,AWS-KOL-015,16.1,1012.1,93.0,False,,low,0.3,NORMAL,14.7,1012.4,98.0,HEALTHY,replay,0.4,0.0
2025-01-22T07:00:00+00:00,AWS-KOL-015,17.5,1012.9,88.0,False,,low,1.3,NORMAL,16.5,1013.1,94.0,HEALTHY,replay,2.2,0.0
2025-01-22T08:00:00+00:00,AWS-KOL-015,20.1,1013.7,77.0,False,,low,2.8,NORMAL,19.2,1014.0,82.0,HEALTHY,replay,4.7,0.0
2025-01-22T09:00:00+00:00,AWS-KOL-015,23.3,1014.1,64.0,False,,low,9.8,NORMAL,22.6,1014.4,71.0,HEALTHY,replay,16.3,0.0
2025-01-22T10:00:00+00:00,AWS-KOL-015,25.4,1013.4,51.0,False,,low,6.7,NORMAL,24.8,1013.7,57.0,HEALTHY,replay,11.1,0.0
2025-01-22T11:00:00+00:00,AWS-KOL-015,27.0,1012.4,43.0,False,,low,4.5,NORMAL,26.1,1012.7,48.0,HEALTHY,replay,7.4,0.0
2025-01-22T12:00:00+00:00,AWS-KOL-015,28.0,1011.0,37.0,False,,low,5.7,NORMAL,27.2,1011.3,41.0,HEALTHY,replay,9.5,0.0
2025-01-22T13:00:00+00:00,AWS-KOL-015,28.5,1009.9,34.0,False,,low,7.3,NORMAL,27.7,1010.3,38.0,HEALTHY,replay,12.1,0.0
2025-01-22T14:00:00+00:00,AWS-KOL-015,28.3,1009.3,35.0,False,,low,1.4,NORMAL,27.6,1009.7,39.0,HEALTHY,replay,2.4,0.0
2025-01-22T15:00:00+00:00,AWS-KOL-015,27.5,1009.1,39.0,False,,low,0.7,NORMAL,26.9,1009.4,42.0,HEALTHY,replay,1.1,0.0
2025-01-22T16:00:00+00:00,AWS-KOL-015,26.3,1009.3,44.0,False,,low,0.3,NORMAL,25.5,1009.6,50.0,HEALTHY,replay,0.5,0.0
2025-01-22T17:00:00+00:00,AWS-KOL-015,24.5,1009.7,53.0,False,,low,0.7,NORMAL,23.1,1010.0,59.0,HEALTHY,replay,1.2,0.0
2025-01-22T18:00:00+00:00,AWS-KOL-015,23.5,1010.1,60.0,False,,low,0.4,NORMAL,22.3,1010.5,66.0,HEALTHY,replay,0.7,0.0
2025-01-22T19:00:00+00:00,AWS-KOL-015,23.5,1011.1,61.0,False,,low,0.3,NORMAL,21.7,1011.6,68.0,HEALTHY,replay,0.6,0.0
2025-01-22T20:00:00+00:00,AWS-KOL-015,22.9,1011.8,63.0,False,,low,0.2,NORMAL,20.7,1012.2,72.0,HEALTHY,replay,0.3,0.0
2025-01-22T21:00:00+00:00,AWS-KOL-015,21.9,1012.1,64.0,False,,low,0.1,NORMAL,19.8,1012.4,74.0,HEALTHY,replay,0.2,0.0
2025-01-22T22:00:00+00:00,AWS-KOL-015,20.8,1012.0,69.0,False,,low,0.1,NORMAL,19.0,1012.3,77.0,HEALTHY,replay,0.2,0.0
2025-01-22T23:00:00+00:00,AWS-KOL-015,20.1,1012.0,74.0,False,,low,0.1,NORMAL,18.3,1012.3,83.0,HEALTHY,replay,0.2,0.0
2025-01-23T00:00:00+00:00,AWS-KOL-015,19.3,1011.9,78.0,False,,low,0.1,NORMAL,17.7,1012.2,86.0,HEALTHY,replay,0.2,0.0
2025-01-23T01:00:00+00:00,AWS-KOL-015,18.9,1011.7,80.0,False,,low,0.1,NORMAL,16.9,1012.0,88.0,HEALTHY,replay,0.2,0.0
2025-01-23T02:00:00+00:00,AWS-KOL-015,17.7,1011.2,86.0,False,,low,0.1,NORMAL,16.1,1011.4,92.0,HEALTHY,replay,0.2,0.0
2025-01-23T03:00:00+00:00,AWS-KOL-015,16.9,1011.2,88.48053098695205,False,,low,0.2,NORMAL,15.3,1011.5,95.0,HEALTHY,replay,0.3,0.0
2025-01-23T04:00:00+00:00,AWS-KOL-015,16.4,1011.3,87.9610619739041,False,,low,0.1,NORMAL,15.1,1011.6,96.0,HEALTHY,replay,0.2,0.0
2025-01-23T05:00:00+00:00,AWS-KOL-015,16.2,1011.9,89.44159296085614,False,,low,0.1,NORMAL,14.9,1012.2,96.0,HEALTHY,replay,0.2,0.0
2025-01-23T06:00:00+00:00,AWS-KOL-015,15.9,,97.92212394780816,True,dropout,critical,100.0,RULE_ENGINE_BYPASS,14.6,1013.1,100.0,HEALTHY,replay,,100.0
2025-01-23T07:00:00+00:00,AWS-KOL-015,16.9,1013.6,93.40265493476022,False,,low,0.4,NORMAL,16.2,1013.9,98.0,HEALTHY,replay,0.7,0.0
2025-01-23T08:00:00+00:00,AWS-KOL-015,19.7,1014.5,76.88318592171227,False,,low,1.7,NORMAL,18.5,1014.8,86.0,HEALTHY,replay,2.8,0.0
2025-01-23T09:00:00+00:00,AWS-KOL-015,22.6,1015.0,61.36371690866432,False,,low,9.2,NORMAL,21.9,1015.4,71.0,HEALTHY,replay,15.3,0.0
2025-01-23T10:00:00+00:00,AWS-KOL-015,25.0,1014.5,49.84424789561636,False,,low,6.9,NORMAL,24.5,1014.9,57.0,HEALTHY,replay,11.5,0.0
2025-01-23T11:00:00+00:00,AWS-KOL-015,26.8,1013.4,43.32477888256841,False,,low,2.3,NORMAL,26.2,1013.9,52.0,HEALTHY,replay,3.8,0.0
2025-01-23T12:00:00+00:00,AWS-KOL-015,28.1,1011.9,39.80530986952045,False,,low,2.1,NORMAL,27.6,1012.3,48.0,HEALTHY,replay,3.5,0.0
2025-01-23T13:00:00+00:00,AWS-KOL-015,28.7,1010.8,38.2858408564725,False,,low,2.8,NORMAL,28.4,1011.2,45.0,HEALTHY,replay,4.6,0.0
2025-01-23T14:00:00+00:00,AWS-KOL-015,28.8,1010.0,38.766371843424544,False,,low,0.9,NORMAL,28.7,1010.3,44.0,HEALTHY,replay,1.5,0.0
2025-01-23T15:00:00+00:00,AWS-KOL-015,28.4,1009.6,39.24690283037658,False,,low,0.4,NORMAL,28.3,1009.9,45.0,HEALTHY,replay,0.6,0.0
2025-01-23T16:00:00+00:00,AWS-KOL-015,27.6,1009.4,41.72743381732863,False,,low,0.2,NORMAL,27.2,1009.7,50.0,HEALTHY,replay,0.4,0.0
2025-01-23T17:00:00+00:00,AWS-KOL-015,26.1,1009.5,48.20796480428068,False,,low,0.2,NORMAL,24.2,1009.9,63.0,HEALTHY,replay,0.4,0.0
2025-01-23T18:00:00+00:00,AWS-KOL-015,24.2,1010.1,58.688495791232725,False,,low,0.8,NORMAL,22.8,1010.5,71.0,HEALTHY,replay,1.3,0.0
2025-01-23T19:00:00+00:00,AWS-KOL-015,23.2,1011.0,62.16902677818477,False,,low,0.2,NORMAL,21.1,1011.4,79.0,HEALTHY,replay,0.4,0.0
2025-01-23T20:00:00+00:00,AWS-KOL-015,22.6,1011.8,63.64955776513681,False,,low,0.2,NORMAL,20.2,1012.1,83.0,HEALTHY,replay,0.3,0.0
2025-01-23T21:00:00+00:00,AWS-KOL-015,22.1,1012.0,65.13008875208885,False,,low,0.1,NORMAL,20.0,1012.3,84.0,HEALTHY,replay,0.2,0.0
2025-01-23T22:00:00+00:00,AWS-KOL-015,21.7,1011.9,66.6106197390409,False,,low,0.1,NORMAL,19.2,1012.2,88.0,HEALTHY,replay,0.2,0.0
2025-01-23T23:00:00+00:00,AWS-KOL-015,20.8,1011.6,69.09115072599295,False,,low,0.1,NORMAL,18.7,1011.9,88.0,HEALTHY,replay,0.1,0.0
2025-01-24T00:00:00+00:00,AWS-KOL-015,19.7,1011.3,75.571681712945,False,,low,0.1,NORMAL,18.8,1011.6,86.0,HEALTHY,replay,0.2,0.0
2025-01-24T01:00:00+00:00,AWS-KOL-015,19.1,1010.8,78.05221269989704,False,,low,0.1,NORMAL,18.8,1011.1,88.0,HEALTHY,replay,0.1,0.0
2025-01-24T02:00:00+00:00,AWS-KOL-015,18.3,1010.0059006973712,80.53274368684909,False,,low,0.1,NORMAL,18.2,1010.7,89.0,HEALTHY,replay,0.2,0.0
2025-01-24T03:00:00+00:00,AWS-KOL-015,18.0,1009.4118013947428,81.01327467380113,False,,low,0.1,NORMAL,17.0,1010.4,93.0,HEALTHY,replay,0.2,0.0
2025-01-24T04:00:00+00:00,AWS-KOL-015,17.5,1009.317702092114,81.49380566075317,False,,low,0.1,NORMAL,16.5,1010.7,95.0,HEALTHY,replay,0.2,0.0
2025-01-24T05:00:00+00:00,AWS-KOL-015,17.1,1009.4236027894856,82.97433664770521,False,,low,0.2,NORMAL,16.1,1011.2,97.0,HEALTHY,replay,0.3,0.0
2025-01-24T06:00:00+00:00,AWS-KOL-015,16.9,1009.9295034868568,82.45486763465726,False,,low,0.1,NORMAL,15.7,1012.2,98.0,HEALTHY,replay,0.2,0.0
2025-01-24T07:00:00+00:00,AWS-KOL-015,18.1,1009.935404184228,75.93539862160931,False,,low,0.9,NORMAL,17.4,1012.7,94.0,HEALTHY,replay,1.4,0.0
2025-01-24T08:00:00+00:00,AWS-KOL-015,20.3,1010.2413048815996,64.41592960856136,False,,low,1.0,NORMAL,19.4,1013.4,83.0,HEALTHY,replay,1.6,0.0
2025-01-24T09:00:00+00:00,AWS-KOL-015,23.1,1010.047205578971,51.8964605955134,False,,low,2.0,NORMAL,22.5,1013.5,70.0,HEALTHY,replay,3.4,0.0
2025-01-24T10:00:00+00:00,AWS-KOL-015,25.5,1009.0531062763424,42.37699158246545,False,,low,4.7,NORMAL,25.0,1013.0,62.0,HEALTHY,replay,7.8,0.0
2025-01-24T11:00:00+00:00,AWS-KOL-015,27.1,1007.8590069737136,35.8575225694175,False,,low,7.1,NORMAL,26.7,1012.2,57.0,HEALTHY,replay,11.9,0.0
2025-01-24T12:00:00+00:00,AWS-KOL-015,28.1,1006.164907671085,32.33805355636954,False,drift,low,32.6,NORMAL,27.9,1010.8,54.0,HEALTHY,replay,15.4,58.5
2025-01-24T13:00:00+00:00,AWS-KOL-015,28.6,1004.8708083684564,32.81858454332158,False,drift,low,36.3,NORMAL,28.5,1009.9,52.0,HEALTHY,replay,21.5,58.5
2025-01-24T14:00:00+00:00,AWS-KOL-015,28.6,1003.7767090658276,33.299115530273625,False,drift,low,33.7,NORMAL,28.6,1009.1,51.0,HEALTHY,replay,17.0,58.7
2025-01-24T15:00:00+00:00,AWS-KOL-015,28.2,1003.0826097631992,34.77964651722567,False,drift,low,28.5,NORMAL,28.3,1008.9,51.0,OFFLINE,replay,8.1,59.0
2025-01-24T16:00:00+00:00,AWS-KOL-015,27.5,1002.7885104605704,37.26017750417772,False,drift,low,30.6,NORMAL,27.3,1009.0,55.0,OFFLINE,replay,11.5,59.3
2025-01-24T17:00:00+00:00,AWS-KOL-015,26.2,1002.8944111579418,42.740708491129766,False,drift,low,37.2,NORMAL,25.1,1009.5,66.0,OFFLINE,replay,22.4,59.3
2025-01-24T18:00:00+00:00,AWS-KOL-015,24.2,1004.2003118553132,46.22123947808181,True,drift,low,47.8,FUSED_CONSENSUS,22.9,1011.3,71.0,OFFLINE,replay,40.3,58.9
2025-01-24T19:00:00+00:00,AWS-KOL-015,23.4,1004.3062125526844,51.70177046503385,True,drift,medium,56.0,FUSED_CONSENSUS,22.1,1011.8,74.0,OFFLINE,replay,54.1,58.8
2025-01-24T20:00:00+00:00,AWS-KOL-015,23.1,1004.412113250056,52.18230145198589,False,,low,44.5,NORMAL,20.9,1012.2,81.0,OFFLINE,replay,74.2,0.0
2025-01-24T21:00:00+00:00,AWS-KOL-015,22.5,1004.0180139474272,54.66283243893794,True,drift,high,72.8,FUSED_CONSENSUS,20.7,1012.2,83.0,OFFLINE,replay,82.2,58.7
2025-01-24T22:00:00+00:00,AWS-KOL-015,22.0,1003.9239146447986,79.0,True,multivariate_inconsistency,high,74.0,MODEL_OVERRIDE,20.1,1012.6,86.0,OFFLINE,replay,93.4,45.0
2025-01-24T23:00:00+00:00,AWS-KOL-015,21.5,1003.22981534217,82.0,True,drift,high,80.8,MODEL_OVERRIDE,19.4,1012.2,90.0,OFFLINE,replay,95.4,58.9
2025-01-25T00:00:00+00:00,AWS-KOL-015,20.7,1002.4357160395414,86.0,True,drift,high,81.3,MODEL_OVERRIDE,19.4,1011.8,90.0,OFFLINE,replay,96.0,59.3
2025-01-25T01:00:00+00:00,AWS-KOL-015,19.9,1001.5416167369128,90.0,True,drift,high,82.3,MODEL_OVERRIDE,19.4,1011.3,89.0,OFFLINE,replay,97.6,59.3
2025-01-25T02:00:00+00:00,AWS-KOL-015,19.4,1001.047517434284,92.0,True,drift,high,82.7,MODEL_OVERRIDE,18.5,1011.2,92.0,OFFLINE,replay,98.3,59.3
2025-01-25T03:00:00+00:00,AWS-KOL-015,19.1,1000.6534181316554,92.0,True,drift,high,82.5,MODEL_OVERRIDE,17.8,1011.2,96.0,OFFLINE,replay,97.9,59.3
2025-01-25T04:00:00+00:00,AWS-KOL-015,18.8,1000.4593188290268,92.0,True,drift,high,82.4,MODEL_OVERRIDE,17.2,1011.3,97.0,OFFLINE,replay,97.8,59.3
2025-01-25T05:00:00+00:00,AWS-KOL-015,19.0,1000.8652195263982,91.0,True,drift,high,82.4,MODEL_OVERRIDE,17.6,1012.1,95.0,OFFLINE,replay,97.8,59.3
2025-01-25T06:00:00+00:00,AWS-KOL-015,18.9,1001.8711202237696,91.0,True,drift,high,82.4,MODEL_OVERRIDE,18.3,1013.6,94.0,OFFLINE,replay,97.8,59.3
2025-01-25T07:00:00+00:00,AWS-KOL-015,19.2,1002.1770209211408,89.0,True,drift,high,82.4,MODEL_OVERRIDE,18.8,1014.4,92.0,OFFLINE,replay,97.7,59.3
2025-01-25T08:00:00+00:00,AWS-KOL-015,20.4,1002.4829216185124,82.0,True,drift,high,81.6,MODEL_OVERRIDE,19.9,1015.0,86.0,OFFLINE,replay,96.5,59.3
2025-01-25T09:00:00+00:00,AWS-KOL-015,22.5,1002.2888223158836,72.0,True,drift,high,81.2,MODEL_OVERRIDE,21.9,1015.3,75.0,OFFLINE,replay,95.9,59.3
2025-01-25T10:00:00+00:00,AWS-KOL-015,24.0,1001.294723013255,66.0,True,drift,high,79.8,MODEL_OVERRIDE,23.6,1014.7,69.0,OFFLINE,replay,93.5,59.3
2025-01-25T11:00:00+00:00,AWS-KOL-015,24.6,1000.0006237106264,64.0,True,drift,high,80.1,MODEL_OVERRIDE,24.3,1013.9,66.0,OFFLINE,replay,93.9,59.3
2025-01-25T12:00:00+00:00,AWS-KOL-015,24.8,998.4065244079976,63.0,True,drift,high,80.0,MODEL_OVERRIDE,25.0,1012.6,63.0,OFFLINE,replay,93.9,59.3
2025-01-25T13:00:00+00:00,AWS-KOL-015,26.1,996.9124251053692,58.0,True,drift,high,80.1,MODEL_OVERRIDE,25.8,1011.6,59.0,OFFLINE,replay,94.0,59.3
2025-01-25T14:00:00+00:00,AWS-KOL-015,26.9,995.5183258027404,54.0,True,drift,high,77.6,MODEL_OVERRIDE,26.6,1010.6,55.0,OFFLINE,replay,89.7,59.3
2025-01-25T15:00:00+00:00,AWS-KOL-015,26.6,994.9242265001118,54.0,True,spike,high,87.9,FUSED_CONSENSUS,26.3,1010.3,54.0,OFFLINE,replay,86.6,89.9
2025-01-25T16:00:00+00:00,AWS-KOL-015,25.5,995.0301271974832,57.0,True,spike,high,88.0,FUSED_CONSENSUS,25.5,1010.7,56.0,OFFLINE,replay,87.7,88.5
2025-01-25T17:00:00+00:00,AWS-KOL-015,24.1,995.0360278948544,64.0,True,spike,critical,90.2,MODEL_OVERRIDE,23.0,1011.2,70.0,OFFLINE,replay,91.5,88.3
2025-01-25T18:00:00+00:00,AWS-KOL-015,22.3,1011.3,75.0,True,multivariate_inconsistency,medium,68.5,FUSED_CONSENSUS,22.0,1011.7,77.0,OFFLINE,replay,84.1,45.0
2025-01-25T19:00:00+00:00,AWS-KOL-015,21.3,1011.9,80.0,True,multivariate_inconsistency,high,73.4,MODEL_OVERRIDE,20.4,1012.3,79.0,OFFLINE,replay,92.3,45.0
2025-01-25T20:00:00+00:00,AWS-KOL-015,20.8,1012.2,82.0,True,multivariate_inconsistency,high,75.7,MODEL_OVERRIDE,19.3,1012.6,86.0,OFFLINE,replay,96.2,45.0
2025-01-25T21:00:00+00:00,AWS-KOL-015,20.0,1012.5,85.0,True,multivariate_inconsistency,high,76.0,MODEL_OVERRIDE,18.7,1012.9,88.0,OFFLINE,replay,96.7,45.0
2025-01-25T22:00:00+00:00,AWS-KOL-015,19.6,1012.7,85.0,True,multivariate_inconsistency,high,76.4,MODEL_OVERRIDE,18.5,1013.1,88.0,OFFLINE,replay,97.3,45.0
2025-01-25T23:00:00+00:00,AWS-KOL-015,19.3,1012.6,85.0,True,multivariate_inconsistency,high,75.9,MODEL_OVERRIDE,18.2,1012.9,89.0,OFFLINE,replay,96.5,45.0
2025-01-26T00:00:00+00:00,AWS-KOL-015,19.0,1012.5,86.0,True,multivariate_inconsistency,high,76.7,MODEL_OVERRIDE,17.9,1012.7,90.0,OFFLINE,replay,97.8,45.0
2025-01-26T01:00:00+00:00,AWS-KOL-015,18.3,1012.3,89.0,True,multivariate_inconsistency,high,76.6,MODEL_OVERRIDE,17.2,1012.6,92.0,OFFLINE,replay,97.7,45.0
2025-01-26T02:00:00+00:00,AWS-KOL-015,17.7,1012.2,89.0,True,multivariate_inconsistency,high,76.6,MODEL_OVERRIDE,16.5,1012.5,92.0,OFFLINE,replay,97.7,45.0
2025-01-26T03:00:00+00:00,AWS-KOL-015,17.1,996.4721714512606,89.0,True,spike,critical,95.6,MODEL_OVERRIDE,16.0,1012.3,91.0,OFFLINE,replay,99.3,89.9
2025-01-26T04:00:00+00:00,AWS-KOL-015,16.7,1012.2,89.0,True,multivariate_inconsistency,high,76.6,MODEL_OVERRIDE,15.6,1012.5,92.0,OFFLINE,replay,97.7,45.0
2025-01-26T05:00:00+00:00,AWS-KOL-015,16.3,1012.8,88.0,True,unstructured_anomaly,critical,97.8,ML_MODEL_ISOLATION,14.9,1013.1,90.0,OFFLINE,replay,97.8,0.0
2025-01-26T06:00:00+00:00,AWS-KOL-015,16.2,1013.8,81.0,True,unstructured_anomaly,critical,98.7,ML_MODEL_ISOLATION,14.9,1014.1,85.0,OFFLINE,replay,98.7,0.0
2025-01-26T07:00:00+00:00,AWS-KOL-015,17.0,1014.5,76.0,True,unstructured_anomaly,critical,98.5,ML_MODEL_ISOLATION,16.4,1014.8,78.0,WARNING,replay,98.5,0.0
2025-01-26T08:00:00+00:00,AWS-KOL-015,18.8,1015.3,67.0,True,unstructured_anomaly,critical,99.0,ML_MODEL_ISOLATION,18.5,1015.6,67.0,OFFLINE,replay,99.0,0.0
2025-01-26T09:00:00+00:00,AWS-KOL-015,21.3,1015.8,54.0,True,unstructured_anomaly,critical,98.3,ML_MODEL_ISOLATION,21.3,1016.1,56.0,OFFLINE,replay,98.3,0.0
2025-01-26T10:00:00+00:00,AWS-KOL-015,23.2,1015.1,42.0,True,spike,high,88.5,FUSED_CONSENSUS,23.2,1015.3,42.0,OFFLINE,replay,,88.5
2025-01-26T11:00:00+00:00,AWS-KOL-015,24.4,1013.9,36.0,True,spike,high,87.1,FUSED_CONSENSUS,24.4,1014.2,37.0,WARNING,replay,,87.1
2025-01-26T12:00:00+00:00,AWS-KOL-015,25.1,1012.2,34.0,True,spike,high,85.0,FUSED_CONSENSUS,25.1,1012.5,35.0,OFFLINE,replay,,85.0
2025-01-26T13:00:00+00:00,AWS-KOL-015,25.3,1011.1,33.0,False,,low,0.0,NORMAL,25.3,1011.4,34.0,OFFLINE,replay,,0.0
2025-01-26T14:00:00+00:00,AWS-KOL-015,24.9,1010.2,35.0,False,,low,0.0,NORMAL,24.9,1010.4,36.0,OFFLINE,replay,,0.0
2025-01-26T15:00:00+00:00,AWS-KOL-015,24.2,1009.8,40.0,False,,low,0.0,NORMAL,24.1,1010.1,41.0,WARNING,replay,,0.0
2025-01-26T16:00:00+00:00,AWS-KOL-015,23.1,1009.7,46.0,False,,low,0.0,NORMAL,23.0,1010.1,47.0,WARNING,replay,,0.0
2025-01-26T17:00:00+00:00,AWS-KOL-015,15.41656501889028,1018.548799617538,47.68955821091575,True,spike,high,85.5,FUSED_CONSENSUS,20.7,1010.1,59.0,OFFLINE,replay,,85.5
2025-01-26T18:00:00+00:00,AWS-KOL-015,15.58676223548092,1017.7024226381592,49.67546110923369,True,spike,high,88.6,FUSED_CONSENSUS,20.6,1010.3,61.0,OFFLINE,replay,,88.6
2025-01-26T19:00:00+00:00,AWS-KOL-015,27.38642621503468,1002.5000395923164,46.67811655501441,False,,low,0.0,NORMAL,19.8,1011.1,64.0,OFFLINE,replay,,0.0
2025-01-26T20:00:00+00:00,AWS-KOL-015,14.402997269408736,1017.7129440665371,50.26568635757318,False,multivariate_inconsistency,low,45.0,NORMAL,18.8,1011.4,70.0,WARNING,replay,,45.0
2025-01-26T21:00:00+00:00,AWS-KOL-015,13.632647871319367,1019.4097851043232,51.09884288848096,False,,low,0.0,NORMAL,17.9,1011.6,73.0,WARNING,replay,,0.0
2025-01-26T22:00:00+00:00,AWS-KOL-015,13.78569050519273,1019.7673861107936,48.00862653335629,False,,low,0.0,NORMAL,17.0,1011.5,76.0,WARNING,replay,,0.0
2025-01-26T23:00:00+00:00,AWS-KOL-015,24.85002821215616,1003.2205061364532,55.61971470422199,True,unstructured_anomaly,critical,98.4,ML_MODEL_ISOLATION,16.8,1011.4,80.0,WARNING,replay,98.4,0.0
2025-01-27T00:00:00+00:00,AWS-KOL-015,24.69282545150042,1003.0837752171692,55.60459259212661,True,unstructured_anomaly,critical,98.5,ML_MODEL_ISOLATION,15.8,1010.7,86.0,WARNING,replay,98.5,0.0
2025-01-27T01:00:00+00:00,AWS-KOL-015,17.0,1010.3,78.0,True,unstructured_anomaly,critical,95.9,ML_MODEL_ISOLATION,15.1,1010.5,87.0,WARNING,replay,95.9,0.0
2025-01-27T02:00:00+00:00,AWS-KOL-015,16.1,1010.2,83.0,True,unstructured_anomaly,critical,97.3,ML_MODEL_ISOLATION,14.7,1010.4,90.0,WARNING,replay,97.3,0.0
2025-01-27T03:00:00+00:00,AWS-KOL-015,15.1,1010.4,88.0,True,unstructured_anomaly,critical,97.7,ML_MODEL_ISOLATION,13.9,1010.6,93.0,WARNING,replay,97.7,0.0
2025-01-27T04:00:00+00:00,AWS-KOL-015,14.1,1010.3,90.0,True,unstructured_anomaly,critical,98.1,ML_MODEL_ISOLATION,13.3,1010.6,94.0,WARNING,replay,98.1,0.0
2025-01-27T05:00:00+00:00,AWS-KOL-015,13.6,1010.6,91.0,True,unstructured_anomaly,critical,98.2,ML_MODEL_ISOLATION,12.7,1010.9,94.0,WARNING,replay,98.2,0.0
2025-01-27T06:00:00+00:00,AWS-KOL-015,13.9,1011.4,91.0,True,unstructured_anomaly,critical,98.3,ML_MODEL_ISOLATION,12.9,1011.6,94.0,WARNING,replay,98.3,0.0
2025-01-27T07:00:00+00:00,AWS-KOL-015,15.7,1012.1,82.0,True,unstructured_anomaly,critical,97.1,ML_MODEL_ISOLATION,15.4,1012.3,84.0,WARNING,replay,97.1,0.0
2025-01-27T08:00:00+00:00,AWS-KOL-015,18.5,1012.8,70.0,True,unstructured_anomaly,critical,96.7,ML_MODEL_ISOLATION,18.4,1013.1,71.0,WARNING,replay,96.7,0.0
2025-01-27T09:00:00+00:00,AWS-KOL-015,21.2,1013.2,54.0,True,unstructured_anomaly,critical,92.0,ML_MODEL_ISOLATION,21.1,1013.5,56.0,WARNING,replay,92.0,0.0
2025-01-27T10:00:00+00:00,AWS-KOL-015,23.0,1012.9,40.0,True,unstructured_anomaly,critical,94.7,ML_MODEL_ISOLATION,22.9,1013.1,43.0,HEALTHY,replay,94.7,0.0
2025-01-27T11:00:00+00:00,AWS-KOL-015,24.0,1011.7,37.0,True,unstructured_anomaly,critical,95.0,ML_MODEL_ISOLATION,23.9,1012.0,39.0,HEALTHY,replay,95.0,0.0
2025-01-27T12:00:00+00:00,AWS-KOL-015,24.7,1010.4,35.0,True,unstructured_anomaly,critical,95.2,ML_MODEL_ISOLATION,24.6,1010.7,35.0,HEALTHY,replay,95.2,0.0
2025-01-27T13:00:00+00:00,AWS-KOL-015,25.1,1009.2,33.0,True,unstructured_anomaly,critical,97.3,ML_MODEL_ISOLATION,24.8,1009.5,34.0,HEALTHY,replay,97.3,0.0
2025-01-27T14:00:00+00:00,AWS-KOL-015,24.9,1008.5,35.0,True,unstructured_anomaly,critical,96.0,ML_MODEL_ISOLATION,24.6,1008.8,36.0,HEALTHY,replay,96.0,0.0
2025-01-27T15:00:00+00:00,AWS-KOL-015,24.4,1008.2,38.0,True,unstructured_anomaly,critical,96.6,ML_MODEL_ISOLATION,24.0,1008.5,40.0,HEALTHY,replay,96.6,0.0
2025-01-27T16:00:00+00:00,AWS-KOL-015,23.4,1008.2,41.0,True,unstructured_anomaly,critical,96.4,ML_MODEL_ISOLATION,23.0,1008.5,44.0,HEALTHY,replay,96.4,0.0
2025-01-27T17:00:00+00:00,AWS-KOL-015,21.6,1008.7,51.0,True,unstructured_anomaly,critical,92.4,ML_MODEL_ISOLATION,20.4,1009.0,57.0,HEALTHY,replay,92.4,0.0
2025-01-27T18:00:00+00:00,AWS-KOL-015,20.8,1008.5,61.0,True,unstructured_anomaly,critical,95.5,ML_MODEL_ISOLATION,19.7,1008.8,62.0,HEALTHY,replay,95.5,0.0
2025-01-27T19:00:00+00:00,AWS-KOL-015,20.4,1009.3,61.0,True,unstructured_anomaly,critical,94.9,ML_MODEL_ISOLATION,19.2,1009.6,64.0,HEALTHY,replay,94.9,0.0
2025-01-27T20:00:00+00:00,AWS-KOL-015,20.0,1009.7,61.0,True,unstructured_anomaly,critical,94.3,ML_MODEL_ISOLATION,18.7,1010.0,65.0,HEALTHY,replay,94.3,0.0
2025-01-27T21:00:00+00:00,AWS-KOL-015,19.0,1010.3,65.0,True,unstructured_anomaly,critical,93.0,ML_MODEL_ISOLATION,18.4,1010.6,66.0,HEALTHY,replay,93.0,0.0
2025-01-27T22:00:00+00:00,AWS-KOL-015,18.4,1010.3,67.0,True,unstructured_anomaly,critical,94.4,ML_MODEL_ISOLATION,17.7,1010.6,68.0,HEALTHY,replay,94.4,0.0
2025-01-27T23:00:00+00:00,AWS-KOL-015,17.9,1010.2,68.0,True,unstructured_anomaly,critical,96.2,ML_MODEL_ISOLATION,17.0,1010.5,72.0,HEALTHY,replay,96.2,0.0
2025-01-28T00:00:00+00:00,AWS-KOL-015,17.3,1010.1,71.0,True,unstructured_anomaly,critical,97.5,ML_MODEL_ISOLATION,16.4,1010.4,74.0,HEALTHY,replay,97.5,0.0
2025-01-28T01:00:00+00:00,AWS-KOL-015,16.4,1009.9,78.0,True,unstructured_anomaly,critical,98.3,ML_MODEL_ISOLATION,15.6,1010.1,78.0,HEALTHY,replay,98.3,0.0
2025-01-28T02:00:00+00:00,AWS-KOL-015,15.6,1009.7,84.0,True,unstructured_anomaly,critical,98.4,ML_MODEL_ISOLATION,14.3,1009.9,86.0,HEALTHY,replay,98.4,0.0
2025-01-28T03:00:00+00:00,AWS-KOL-015,14.3,1009.3,90.0,True,unstructured_anomaly,critical,99.0,ML_MODEL_ISOLATION,13.4,1009.6,88.0,HEALTHY,replay,99.0,0.0
2025-01-28T04:00:00+00:00,AWS-KOL-015,14.1,1009.3,90.0,True,unstructured_anomaly,critical,99.1,ML_MODEL_ISOLATION,13.1,1009.5,89.0,HEALTHY,replay,99.1,0.0
2025-01-28T05:00:00+00:00,AWS-KOL-015,13.9,1009.8,90.0,True,unstructured_anomaly,critical,99.1,ML_MODEL_ISOLATION,12.6,1010.1,91.0,HEALTHY,replay,99.1,0.0
2025-01-28T06:00:00+00:00,AWS-KOL-015,14.1,1011.2,92.0,True,unstructured_anomaly,critical,98.9,ML_MODEL_ISOLATION,12.9,1011.5,92.0,HEALTHY,replay,98.9,0.0
2025-01-28T07:00:00+00:00,AWS-KOL-015,15.6,1012.4,84.0,True,unstructured_anomaly,critical,98.4,ML_MODEL_ISOLATION,15.1,1012.6,83.0,HEALTHY,replay,98.4,0.0
2025-01-28T08:00:00+00:00,AWS-KOL-015,18.4,1013.3,67.0,True,unstructured_anomaly,critical,96.5,ML_MODEL_ISOLATION,17.9,1013.6,68.0,HEALTHY,replay,96.5,0.0
2025-01-28T09:00:00+00:00,AWS-KOL-015,30.082712261455583,1014.6413066830896,95.53228348620058,True,unstructured_anomaly,critical,98.5,ML_MODEL_ISOLATION,21.1,1014.3,54.0,HEALTHY,replay,98.5,0.0
2025-01-28T10:00:00+00:00,AWS-KOL-015,32.58271226145558,1014.3024920600326,76.66604134828007,True,unstructured_anomaly,critical,98.1,ML_MODEL_ISOLATION,23.6,1014.4,45.0,HEALTHY,replay,98.1,0.0
2025-01-28T11:00:00+00:00,AWS-KOL-015,34.282712261455586,1013.1804037764516,65.42983887106558,True,unstructured_anomaly,critical,97.5,ML_MODEL_ISOLATION,25.3,1013.4,39.0,HEALTHY,replay,97.5,0.0
2025-01-28T12:00:00+00:00,AWS-KOL-015,35.182712261455585,1011.2526349557832,65.2809570640925,True,unstructured_anomaly,critical,97.4,ML_MODEL_ISOLATION,26.3,1012.3,37.0,HEALTHY,replay,97.4,0.0
2025-01-28T13:00:00+00:00,AWS-KOL-015,35.682712261455585,1010.9744055556732,65.19866769796664,True,unstructured_anomaly,critical,98.1,ML_MODEL_ISOLATION,26.8,1011.3,37.0,HEALTHY,replay,98.1,0.0
2025-01-28T14:00:00+00:00,AWS-KOL-015,27.2,1010.1,37.0,True,unstructured_anomaly,critical,96.4,ML_MODEL_ISOLATION,27.0,1010.4,36.0,HEALTHY,replay,96.4,0.0
2025-01-28T15:00:00+00:00,AWS-KOL-015,26.7,1009.8,40.0,True,spike,high,89.9,FUSED_CONSENSUS,26.7,1010.1,38.0,HEALTHY,replay,,89.9
2025-01-28T16:00:00+00:00,AWS-KOL-015,25.6,1009.9,45.0,True,spike,high,89.9,FUSED_CONSENSUS,25.6,1010.2,45.0,HEALTHY,replay,,89.9
2025-01-28T17:00:00+00:00,AWS-KOL-015,23.9,1010.5,53.0,True,spike,high,89.9,FUSED_CONSENSUS,22.3,1010.8,57.0,HEALTHY,replay,,89.9
2025-01-28T18:00:00+00:00,AWS-KOL-015,23.0,1011.2,64.0,True,spike,high,89.9,FUSED_CONSENSUS,21.5,1011.6,64.0,OFFLINE,replay,,89.9
2025-01-28T19:00:00+00:00,AWS-KOL-015,22.3,1012.0,69.0,True,spike,high,89.9,FUSED_CONSENSUS,20.1,1012.2,70.0,OFFLINE,replay,,89.9
2025-01-28T20:00:00+00:00,AWS-KOL-015,21.6,1013.0,70.0,True,spike,high,89.2,FUSED_CONSENSUS,20.2,1013.3,71.0,OFFLINE,replay,,89.2
2025-01-28T21:00:00+00:00,AWS-KOL-015,21.1,1013.5,79.0,True,spike,high,88.3,FUSED_CONSENSUS,19.4,1013.8,74.0,OFFLINE,replay,,88.3
2025-01-28T22:00:00+00:00,AWS-KOL-015,20.3,1013.9,84.0,True,spike,high,86.8,FUSED_CONSENSUS,19.3,1014.2,79.0,OFFLINE,replay,,86.8
2025-01-28T23:00:00+00:00,AWS-KOL-015,19.4,1013.7,87.0,True,spike,high,85.2,FUSED_CONSENSUS,18.7,1014.0,83.0,OFFLINE,replay,,85.2
2025-01-29T00:00:00+00:00,AWS-KOL-015,19.1,1013.8,86.0,False,multivariate_inconsistency,low,45.0,NORMAL,18.1,1014.1,86.0,OFFLINE,replay,,45.0
2025-01-29T01:00:00+00:00,AWS-KOL-015,18.7,1013.5,86.0,False,multivariate_inconsistency,low,45.0,NORMAL,17.3,1013.9,90.0,OFFLINE,replay,,45.0
2025-01-29T02:00:00+00:00,AWS-KOL-015,27.999670856448745,1013.1211242219088,100.0,True,spike,high,89.9,FUSED_CONSENSUS,16.8,1013.5,92.0,OFFLINE,replay,,89.9
2025-01-29T03:00:00+00:00,AWS-KOL-015,27.599670856448743,1012.2491669595196,100.0,True,spike,high,89.9,FUSED_CONSENSUS,16.6,1013.3,94.0,OFFLINE,replay,,89.9
2025-01-29T04:00:00+00:00,AWS-KOL-015,27.39967085644875,1013.6074721481948,100.0,True,spike,high,89.9,FUSED_CONSENSUS,16.5,1013.3,94.0,OFFLINE,replay,,89.9
2025-01-29T05:00:00+00:00,AWS-KOL-015,17.5,1013.6,91.0,False,multivariate_inconsistency,low,45.0,NORMAL,16.3,1014.0,94.0,OFFLINE,replay,,45.0
2025-01-29T06:00:00+00:00,AWS-KOL-015,17.7,1014.5,92.0,False,multivariate_inconsistency,low,45.0,NORMAL,16.8,1014.8,95.0,OFFLINE,replay,,45.0
2025-01-29T07:00:00+00:00,AWS-KOL-015,19.2,1015.3,85.0,True,spike,high,89.9,FUSED_CONSENSUS,18.9,1015.7,88.0,OFFLINE,replay,,89.9
2025-01-29T08:00:00+00:00,AWS-KOL-015,20.7,1016.1,78.0,True,spike,high,89.9,FUSED_CONSENSUS,20.2,1016.5,82.0,OFFLINE,replay,,89.9
2025-01-29T09:00:00+00:00,AWS-KOL-015,23.4,0.0072353851215537,68.0,True,spike,critical,100.0,RULE_ENGINE_BYPASS,23.0,1017.0,71.0,OFFLINE,replay,,100.0
2025-01-29T10:00:00+00:00,AWS-KOL-015,25.3,-0.1023401284355732,62.0,True,multivariate_inconsistency,critical,100.0,RULE_ENGINE_BYPASS,25.1,1016.5,63.0,OFFLINE,replay,,100.0
2025-01-29T11:00:00+00:00,AWS-KOL-015,26.7,0.0542619146598586,57.0,True,multivariate_inconsistency,critical,100.0,RULE_ENGINE_BYPASS,26.4,1015.5,57.0,OFFLINE,replay,,100.0
2025-01-29T12:00:00+00:00,AWS-KOL-015,27.6,0.045506294673872,52.0,True,multivariate_inconsistency,critical,100.0,RULE_ENGINE_BYPASS,27.2,1014.1,54.0,OFFLINE,replay,,100.0
2025-01-29T13:00:00+00:00,AWS-KOL-015,28.0,1012.4,50.0,False,multivariate_inconsistency,low,45.0,NORMAL,27.8,1012.8,50.0,OFFLINE,replay,,45.0
2025-01-29T14:00:00+00:00,AWS-KOL-015,28.3,1011.2,48.0,True,spike,high,89.9,FUSED_CONSENSUS,28.2,1011.6,48.0,OFFLINE,replay,,89.9
2025-01-29T15:00:00+00:00,AWS-KOL-015,27.9,1010.8,49.0,True,spike,high,89.9,FUSED_CONSENSUS,28.1,1011.2,48.0,OFFLINE,replay,,89.9
2025-01-29T16:00:00+00:00,AWS-KOL-015,27.1,1010.5,52.0,True,spike,high,89.9,FUSED_CONSENSUS,27.2,1010.8,51.0,OFFLINE,replay,,89.9
2025-01-29T17:00:00+00:00,AWS-KOL-015,25.6,1010.8,61.0,True,spike,high,89.9,FUSED_CONSENSUS,24.8,1011.2,62.0,OFFLINE,replay,,89.9
2025-01-29T18:00:00+00:00,AWS-KOL-015,24.2,1011.4,73.0,True,spike,high,89.9,FUSED_CONSENSUS,23.6,1011.8,72.0,OFFLINE,replay,,89.9
2025-01-29T19:00:00+00:00,AWS-KOL-015,23.2,1011.9,79.0,True,spike,high,89.9,FUSED_CONSENSUS,22.5,1012.2,79.0,OFFLINE,replay,,89.9
2025-01-29T20:00:00+00:00,AWS-KOL-015,22.4,1012.3,83.0,True,spike,high,89.9,FUSED_CONSENSUS,22.2,1012.6,83.0,OFFLINE,replay,,89.9
2025-01-29T21:00:00+00:00,AWS-KOL-015,21.8,1012.6,85.0,True,spike,high,89.6,FUSED_CONSENSUS,21.1,1013.0,89.0,OFFLINE,replay,,89.6
2025-01-29T22:00:00+00:00,AWS-KOL-015,21.2,1012.5,88.0,True,spike,high,88.5,FUSED_CONSENSUS,20.6,1012.8,91.0,OFFLINE,replay,,88.5
2025-01-29T23:00:00+00:00,AWS-KOL-015,20.8,1012.2,89.0,True,spike,high,87.7,FUSED_CONSENSUS,20.2,1012.5,92.0,OFFLINE,replay,,87.7
2025-01-30T00:00:00+00:00,AWS-KOL-015,20.4,1011.5,90.0,True,spike,high,87.0,FUSED_CONSENSUS,19.7,1011.8,93.0,OFFLINE,replay,,87.0
2025-01-30T01:00:00+00:00,AWS-KOL-015,20.0,1011.4719877099172,92.0,True,spike,high,86.3,FUSED_CONSENSUS,19.2,1011.1,94.0,OFFLINE,replay,,86.3
2025-01-30T02:00:00+00:00,AWS-KOL-015,19.9,1011.4487198100048,93.0,True,spike,high,89.9,FUSED_CONSENSUS,19.1,1010.5,94.0,OFFLINE,replay,,89.9
2025-01-30T03:00:00+00:00,AWS-KOL-015,19.8,1011.478584952201,93.0,True,spike,high,85.9,FUSED_CONSENSUS,18.9,1010.0,95.0,OFFLINE,replay,,85.9
2025-01-30T04:00:00+00:00,AWS-KOL-015,19.8,1011.4785392753224,94.0,True,spike,high,89.9,FUSED_CONSENSUS,18.9,1009.9,95.0,OFFLINE,replay,,89.9
2025-01-30T05:00:00+00:00,AWS-KOL-015,19.9,1011.526048825503,94.0,True,spike,high,89.9,FUSED_CONSENSUS,19.1,1010.1,96.0,OFFLINE,replay,,89.9
2025-01-30T06:00:00+00:00,AWS-KOL-015,20.3,1011.518579847968,94.0,True,spike,high,89.9,FUSED_CONSENSUS,19.7,1011.0,95.0,OFFLINE,replay,,89.9
2025-01-30T07:00:00+00:00,AWS-KOL-015,21.8,1011.4704621143732,89.0,True,spike,high,89.9,FUSED_CONSENSUS,21.3,1011.8,90.0,OFFLINE,replay,,89.9
2025-01-30T08:00:00+00:00,AWS-KOL-015,23.6,1011.46803049431,83.0,True,spike,high,89.9,FUSED_CONSENSUS,23.7,1012.3,82.0,OFFLINE,replay,,89.9
2025-01-30T09:00:00+00:00,AWS-KOL-015,25.6,1011.9,71.0,True,spike,high,89.0,FUSED_CONSENSUS,25.6,1012.3,71.0,OFFLINE,replay,,89.0
2025-01-30T10:00:00+00:00,AWS-KOL-015,27.1,1011.7,62.0,False,multivariate_inconsistency,low,45.0,NORMAL,27.2,1012.0,62.0,OFFLINE,replay,,45.0
2025-01-30T11:00:00+00:00,AWS-KOL-015,22.650354490365714,1018.6699626887882,40.54035929445348,False,spike,low,34.2,NORMAL,28.4,1011.4,56.0,OFFLINE,replay,,34.2
2025-01-30T12:00:00+00:00,AWS-KOL-015,23.02169903056768,1017.5827673312152,66.29700359160901,True,spike,high,86.2,FUSED_CONSENSUS,29.3,1009.9,52.0,OFFLINE,replay,,86.2
2025-01-30T13:00:00+00:00,AWS-KOL-015,35.577245192352954,1001.1133199029856,63.99042383408921,False,multivariate_inconsistency,low,45.0,NORMAL,29.9,1008.5,48.0,OFFLINE,replay,,45.0
2025-01-30T14:00:00+00:00,AWS-KOL-015,23.126316622971757,1014.3597445352832,63.54868619450778,True,spike,high,89.9,FUSED_CONSENSUS,29.9,1007.6,46.0,OFFLINE,replay,,89.9
2025-01-30T15:00:00+00:00,AWS-KOL-015,35.95097665183428,998.4749476289032,33.37566348427048,True,spike,high,89.9,FUSED_CONSENSUS,28.7,1007.4,51.0,OFFLINE,replay,,89.9
2025-01-30T16:00:00+00:00,AWS-KOL-015,32.91233917599763,1000.3775981627545,47.00794690410241,True,spike,high,89.9,FUSED_CONSENSUS,26.4,1007.7,64.0,OFFLINE,replay,,89.9
2025-01-30T17:00:00+00:00,AWS-KOL-015,25.0,1007.5,72.0,True,spike,high,89.9,FUSED_CONSENSUS,25.3,1008.0,69.0,OFFLINE,replay,,89.9
2025-01-30T18:00:00+00:00,AWS-KOL-015,24.4,1007.7,77.0,True,spike,high,89.9,FUSED_CONSENSUS,24.6,1008.1,76.0,OFFLINE,replay,,89.9
2025-01-30T19:00:00+00:00,AWS-KOL-015,23.9,1008.4,80.0,True,spike,high,89.9,FUSED_CONSENSUS,24.0,1008.8,79.0,OFFLINE,replay,,89.9
2025-01-30T20:00:00+00:00,AWS-KOL-015,23.4,1008.8,81.0,True,spike,high,89.9,FUSED_CONSENSUS,23.5,1009.2,80.0,OFFLINE,replay,,89.9
2025-01-30T21:00:00+00:00,AWS-KOL-015,22.9,1008.9,82.0,True,spike,high,89.9,FUSED_CONSENSUS,22.9,1009.4,82.0,OFFLINE,replay,,89.9
2025-01-30T22:00:00+00:00,AWS-KOL-015,22.7,1008.8,83.0,True,spike,high,89.9,FUSED_CONSENSUS,22.6,1009.2,83.0,OFFLINE,replay,,89.9
2025-01-30T23:00:00+00:00,AWS-KOL-015,22.5,1008.5,84.0,True,spike,high,89.9,FUSED_CONSENSUS,22.3,1008.9,84.0,OFFLINE,replay,,89.9
2025-01-31T00:00:00+00:00,AWS-KOL-015,22.2,1008.0,87.0,True,spike,high,89.9,FUSED_CONSENSUS,21.9,1008.4,87.0,OFFLINE,replay,,89.9
2025-01-31T01:00:00+00:00,AWS-KOL-015,21.9,1007.5,90.0,True,spike,high,89.7,FUSED_CONSENSUS,21.7,1007.9,89.0,OFFLINE,replay,,89.7
2025-01-31T02:00:00+00:00,AWS-KOL-015,21.6,1007.1,91.0,True,spike,high,89.2,FUSED_CONSENSUS,21.5,1007.4,91.0,OFFLINE,replay,,89.2
2025-01-31T03:00:00+00:00,AWS-KOL-015,21.2,1007.3,94.0,True,spike,high,89.8,FUSED_CONSENSUS,20.9,1007.5,94.0,OFFLINE,replay,,89.8
2025-01-31T04:00:00+00:00,AWS-KOL-015,20.8,1007.7,95.0,True,spike,high,89.4,FUSED_CONSENSUS,20.4,1008.0,96.0,OFFLINE,replay,,89.4
2025-01-31T05:00:00+00:00,AWS-KOL-015,20.5,1008.4,96.0,True,spike,high,89.9,FUSED_CONSENSUS,20.0,1008.6,96.0,OFFLINE,replay,,89.9
2025-01-31T06:00:00+00:00,AWS-KOL-015,20.8,1009.6,97.0,True,spike,high,87.7,FUSED_CONSENSUS,20.6,1009.9,97.0,OFFLINE,replay,,87.7
2025-01-31T07:00:00+00:00,AWS-KOL-015,21.8,1010.6,92.0,True,spike,high,89.9,FUSED_CONSENSUS,22.0,1010.9,91.0,OFFLINE,replay,,89.9
2025-01-31T08:00:00+00:00,AWS-KOL-015,23.1,1011.7,85.0,True,spike,high,89.9,FUSED_CONSENSUS,23.3,1012.0,84.0,OFFLINE,replay,,89.9
2025-01-31T09:00:00+00:00,AWS-KOL-015,24.6,1012.3,77.0,True,spike,high,89.9,FUSED_CONSENSUS,24.8,1012.7,76.0,OFFLINE,replay,,89.9
2025-01-31T10:00:00+00:00,AWS-KOL-015,26.7,1012.1,67.0,True,spike,high,86.6,FUSED_CONSENSUS,27.0,1012.5,65.0,OFFLINE,replay,,86.6
2025-01-31T11:00:00+00:00,AWS-KOL-015,28.6,1011.0,57.0,False,multivariate_inconsistency,low,45.0,NORMAL,28.8,1011.4,56.0,OFFLINE,replay,,45.0
2025-01-31T12:00:00+00:00,AWS-KOL-015,29.7,1009.9,52.0,False,multivariate_inconsistency,low,45.0,NORMAL,29.7,1010.3,52.0,OFFLINE,replay,,45.0
2025-01-31T13:00:00+00:00,AWS-KOL-015,30.3,1008.7,49.0,True,spike,high,89.9,FUSED_CONSENSUS,30.0,1009.1,51.0,OFFLINE,replay,,89.9
2025-01-31T14:00:00+00:00,AWS-KOL-015,30.1,1007.9,51.0,True,spike,high,89.9,FUSED_CONSENSUS,29.9,1008.3,52.0,OFFLINE,replay,,89.9
2025-01-31T15:00:00+00:00,AWS-KOL-015,29.8,1022.9682023418871,52.0,True,spike,high,89.9,FUSED_CONSENSUS,29.6,1008.0,54.0,OFFLINE,replay,,89.9
2025-01-31T16:00:00+00:00,AWS-KOL-015,29.0,1013.6125276368298,57.0,True,spike,high,89.9,FUSED_CONSENSUS,28.9,1008.2,57.0,OFFLINE,replay,,89.9
2025-01-31T17:00:00+00:00,AWS-KOL-015,27.1,1010.6984013990254,69.0,True,spike,high,89.9,FUSED_CONSENSUS,26.8,1008.9,68.0,OFFLINE,replay,,89.9
2025-01-31T18:00:00+00:00,AWS-KOL-015,25.5,1009.4,80.0,True,spike,high,89.9,FUSED_CONSENSUS,25.5,1009.7,77.0,OFFLINE,replay,,89.9
2025-01-31T19:00:00+00:00,AWS-KOL-015,24.6,1010.0,83.0,True,spike,high,89.9,FUSED_CONSENSUS,24.9,1010.3,82.0,OFFLINE,replay,,89.9
2025-01-31T20:00:00+00:00,AWS-KOL-015,24.1,1010.3,86.0,True,spike,high,89.9,FUSED_CONSENSUS,24.2,1010.8,85.0,OFFLINE,replay,,89.9
2025-01-31T21:00:00+00:00,AWS-KOL-015,23.6,1010.8,89.0,True,spike,high,89.9,FUSED_CONSENSUS,22.9,1011.2,92.0,OFFLINE,replay,,89.9
2025-01-31T22:00:00+00:00,AWS-KOL-015,23.2,1010.6,92.0,True,spike,high,89.9,FUSED_CONSENSUS,22.3,1011.0,94.0,OFFLINE,replay,,89.9
2025-01-31T23:00:00+00:00,AWS-KOL-015,22.8,1010.6,93.0,True,spike,high,89.9,FUSED_CONSENSUS,22.0,1010.9,95.0,OFFLINE,replay,,89.9
2025-02-01T00:00:00+00:00,AWS-KOL-015,22.5,1010.1,95.0,True,spike,high,89.9,FUSED_CONSENSUS,22.0,1010.4,96.0,OFFLINE,replay,,89.9
2025-02-01T01:00:00+00:00,AWS-KOL-015,22.3,1009.5,96.0,True,spike,high,89.9,FUSED_CONSENSUS,21.4,1009.9,96.0,OFFLINE,replay,,89.9
2025-02-01T02:00:00+00:00,AWS-KOL-015,21.8,1008.8,98.0,True,spike,high,89.6,FUSED_CONSENSUS,21.1,1009.1,98.0,OFFLINE,replay,,89.6
2025-02-01T03:00:00+00:00,AWS-KOL-015,21.5,1008.6,,True,spike,critical,100.0,RULE_ENGINE_BYPASS,20.9,1008.9,99.0,OFFLINE,replay,,100.0
2025-02-01T04:00:00+00:00,AWS-KOL-015,21.5,1009.0,100.0,True,spike,high,89.9,FUSED_CONSENSUS,21.3,1009.3,99.0,OFFLINE,replay,,89.9
2025-02-01T05:00:00+00:00,AWS-KOL-015,21.6,1009.6,99.0,True,spike,high,89.9,FUSED_CONSENSUS,21.3,1010.0,100.0,OFFLINE,replay,,89.9
2025-02-01T06:00:00+00:00,AWS-KOL-015,22.1,1010.4,99.0,True,spike,high,89.9,FUSED_CONSENSUS,21.9,1010.7,99.0,OFFLINE,replay,,89.9
2025-02-01T07:00:00+00:00,AWS-KOL-015,22.2,1011.5,98.0,True,spike,high,89.9,FUSED_CONSENSUS,22.1,1011.9,98.0,OFFLINE,replay,,89.9
2025-02-01T08:00:00+00:00,AWS-KOL-015,23.0,1012.5,93.0,True,spike,high,89.9,FUSED_CONSENSUS,22.7,1012.8,94.0,OFFLINE,replay,,89.9
2025-02-01T09:00:00+00:00,AWS-KOL-015,24.0,1013.1,87.0,True,spike,high,89.9,FUSED_CONSENSUS,23.6,1013.4,90.0,OFFLINE,replay,,89.9
2025-02-01T10:00:00+00:00,AWS-KOL-015,25.4,1012.8,80.0,True,spike,high,89.9,FUSED_CONSENSUS,25.3,1013.2,81.0,OFFLINE,replay,,89.9
2025-02-01T11:00:00+00:00,AWS-KOL-015,28.0,1011.8,67.0,True,spike,high,86.6,FUSED_CONSENSUS,27.9,1012.2,68.0,OFFLINE,replay,,86.6
2025-02-01T12:00:00+00:00,AWS-KOL-015,29.2,1010.6,60.0,False,multivariate_inconsistency,low,45.0,NORMAL,28.7,1011.0,62.0,OFFLINE,replay,,45.0
2025-02-01T13:00:00+00:00,AWS-KOL-015,29.7,993.1948587457476,56.0,False,multivariate_inconsistency,low,45.0,NORMAL,29.3,1009.9,57.0,OFFLINE,replay,,45.0
2025-02-01T14:00:00+00:00,AWS-KOL-015,29.7,1000.7509942537176,56.0,True,spike,high,89.9,FUSED_CONSENSUS,29.8,1009.0,54.0,OFFLINE,replay,,89.9
2025-02-01T15:00:00+00:00,AWS-KOL-015,29.3,1004.6247381197662,59.0,True,spike,high,89.9,FUSED_CONSENSUS,29.4,1008.8,56.0,OFFLINE,replay,,89.9
2025-02-01T16:00:00+00:00,AWS-KOL-015,28.7,1008.7,61.0,True,spike,high,89.9,FUSED_CONSENSUS,28.5,1009.0,60.0,OFFLINE,replay,,89.9
2025-02-01T17:00:00+00:00,AWS-KOL-015,27.3,1009.3,67.0,True,spike,high,89.9,FUSED_CONSENSUS,26.4,1009.7,69.0,OFFLINE,replay,,89.9
2025-02-01T18:00:00+00:00,AWS-KOL-015,26.5,1009.9,76.0,True,spike,high,89.9,FUSED_CONSENSUS,24.9,1010.2,83.0,OFFLINE,replay,,89.9
2025-02-01T19:00:00+00:00,AWS-KOL-015,25.7,1010.3,81.0,True,spike,high,89.9,FUSED_CONSENSUS,24.2,1010.7,87.0,OFFLINE,replay,,89.9
2025-02-01T20:00:00+00:00,AWS-KOL-015,25.2,1011.0,84.0,True,spike,high,89.9,FUSED_CONSENSUS,23.4,1011.4,90.0,OFFLINE,replay,,89.9
2025-02-01T21:00:00+00:00,AWS-KOL-015,24.7,1011.2,85.0,True,spike,high,89.9,FUSED_CONSENSUS,22.7,1011.6,93.0,OFFLINE,replay,,89.9
2025-02-01T22:00:00+00:00,AWS-KOL-015,23.6,1011.0,91.0,True,spike,high,89.9,FUSED_CONSENSUS,22.1,1011.4,94.0,OFFLINE,replay,,89.9
2025-02-01T23:00:00+00:00,AWS-KOL-015,22.7,1010.7,95.0,True,spike,high,89.9,FUSED_CONSENSUS,21.9,1011.1,95.0,OFFLINE,replay,,89.9
2025-02-02T00:00:00+00:00,AWS-KOL-015,22.1,1010.4,97.0,True,spike,high,89.9,FUSED_CONSENSUS,21.9,1010.7,96.0,OFFLINE,replay,,89.9
2025-02-02T01:00:00+00:00,AWS-KOL-015,21.8,1010.1,97.0,True,spike,high,89.6,FUSED_CONSENSUS,21.3,1010.4,97.0,OFFLINE,replay,,89.6
2025-02-02T02:00:00+00:00,AWS-KOL-015,21.4,1009.6,98.0,True,spike,high,88.8,FUSED_CONSENSUS,20.9,1009.9,98.0,OFFLINE,replay,,88.8
2025-02-02T03:00:00+00:00,AWS-KOL-015,21.0,1009.3,99.0,True,spike,high,88.1,FUSED_CONSENSUS,20.6,1009.6,99.0,OFFLINE,replay,,88.1
2025-02-02T04:00:00+00:00,AWS-KOL-015,21.2,1009.4,100.0,True,spike,high,88.5,FUSED_CONSENSUS,21.0,1009.7,100.0,OFFLINE,replay,,88.5
2025-02-02T05:00:00+00:00,AWS-KOL-015,21.3,1010.1,100.0,True,spike,high,89.9,FUSED_CONSENSUS,21.1,1010.4,100.0,OFFLINE,replay,,89.9
2025-02-02T06:00:00+00:00,AWS-KOL-015,21.7,1011.0,99.0,True,spike,high,89.9,FUSED_CONSENSUS,21.4,1011.3,99.0,OFFLINE,replay,,89.9
2025-02-02T07:00:00+00:00,AWS-KOL-015,21.9,1012.1,98.0,True,spike,high,89.9,FUSED_CONSENSUS,21.7,1012.4,98.0,OFFLINE,replay,,89.9
2025-02-02T08:00:00+00:00,AWS-KOL-015,22.4,1013.0,96.0,True,spike,high,89.9,FUSED_CONSENSUS,22.6,1013.3,94.0,OFFLINE,replay,,89.9
2025-02-02T09:00:00+00:00,AWS-KOL-015,24.1,1013.4,85.0,True,spike,high,89.9,FUSED_CONSENSUS,23.8,1013.8,87.0,OFFLINE,replay,,89.9
2025-02-02T10:00:00+00:00,AWS-KOL-015,26.1,1013.0,74.0,True,spike,high,89.9,FUSED_CONSENSUS,25.6,1013.3,79.0,OFFLINE,replay,,89.9
2025-02-02T11:00:00+00:00,AWS-KOL-015,28.1,1011.8,65.0,True,spike,high,85.4,FUSED_CONSENSUS,27.4,1012.2,70.0,OFFLINE,replay,,85.4
2025-02-02T12:00:00+00:00,AWS-KOL-015,29.2,1010.6,59.0,False,multivariate_inconsistency,low,45.0,NORMAL,28.3,1011.0,66.0,OFFLINE,replay,,45.0
2025-02-02T13:00:00+00:00,AWS-KOL-015,30.0,1009.4,56.0,False,multivariate_inconsistency,low,45.0,NORMAL,28.9,1009.8,64.0,OFFLINE,replay,,45.0
2025-02-02T14:00:00+00:00,AWS-KOL-015,29.9,1008.6,57.0,True,spike,high,89.9,FUSED_CONSENSUS,29.3,1008.9,62.0,OFFLINE,replay,,89.9
2025-02-02T15:00:00+00:00,AWS-KOL-015,29.6,1008.2,59.0,True,spike,high,89.9,FUSED_CONSENSUS,29.1,1008.5,62.0,OFFLINE,replay,,89.9
2025-02-02T16:00:00+00:00,AWS-KOL-015,28.9,1008.3,61.0,True,spike,high,89.9,FUSED_CONSENSUS,28.4,1008.6,65.0,OFFLINE,replay,,89.9
2025-02-02T17:00:00+00:00,AWS-KOL-015,28.834142122542914,1008.7,66.0,True,spike,high,89.9,FUSED_CONSENSUS,26.3,1009.0,76.0,OFFLINE,replay,,89.9
2025-02-02T18:00:00+00:00,AWS-KOL-015,28.805643868264525,1009.4,73.0,True,spike,high,89.9,FUSED_CONSENSUS,25.1,1009.9,81.0,OFFLINE,replay,,89.9
2025-02-02T19:00:00+00:00,AWS-KOL-015,28.79971895021057,1010.1,78.0,True,spike,high,89.9,FUSED_CONSENSUS,24.4,1010.5,84.0,OFFLINE,replay,,89.9
2025-02-02T20:00:00+00:00,AWS-KOL-015,28.786410742477457,1010.6,76.0,True,spike,high,89.9,FUSED_CONSENSUS,23.4,1011.0,86.0,OFFLINE,replay,,89.9
2025-02-02T21:00:00+00:00,AWS-KOL-015,28.78323869365592,1010.8,79.0,True,spike,high,89.9,FUSED_CONSENSUS,23.0,1011.2,88.0,OFFLINE,replay,,89.9
2025-02-02T22:00:00+00:00,AWS-KOL-015,28.798201694235924,1010.9,82.0,True,spike,high,89.9,FUSED_CONSENSUS,22.3,1011.3,91.0,OFFLINE,replay,,89.9
2025-02-02T23:00:00+00:00,AWS-KOL-015,28.736365417875597,1010.7,87.0,True,spike,high,89.9,FUSED_CONSENSUS,21.8,1011.0,92.0,OFFLINE,replay,,89.9
2025-02-03T00:00:00+00:00,AWS-KOL-015,28.800622534147333,1010.5,,True,spike,critical,100.0,RULE_ENGINE_BYPASS,21.5,1010.8,93.0,OFFLINE,replay,,100.0
2025-02-03T01:00:00+00:00,AWS-KOL-015,21.9,1010.1,95.0,True,spike,high,89.7,FUSED_CONSENSUS,21.3,1010.4,93.0,OFFLINE,replay,,89.7
2025-02-03T02:00:00+00:00,AWS-KOL-015,21.5,1009.7,96.0,True,spike,high,89.0,FUSED_CONSENSUS,20.8,1010.0,95.0,OFFLINE,replay,,89.0
2025-02-03T03:00:00+00:00,AWS-KOL-015,29.100456237907768,1009.8914207783748,100.0,True,spike,high,89.9,FUSED_CONSENSUS,20.3,1009.8,98.0,OFFLINE,replay,,89.9
2025-02-03T04:00:00+00:00,AWS-KOL-015,28.70045623790777,1010.0144743954808,100.0,True,spike,high,89.9,FUSED_CONSENSUS,20.0,1009.8,100.0,OFFLINE,replay,,89.9
2025-02-03T05:00:00+00:00,AWS-KOL-015,28.600456237907768,1010.1714491119372,100.0,True,spike,high,89.9,FUSED_CONSENSUS,20.0,1010.3,100.0,OFFLINE,replay,,89.9
2025-02-03T06:00:00+00:00,AWS-KOL-015,29.100456237907768,1011.7204126463364,100.0,True,spike,high,89.9,FUSED_CONSENSUS,20.7,1011.6,99.0,OFFLINE,replay,,89.9
2025-02-03T07:00:00+00:00,AWS-KOL-015,21.1,1012.3,98.0,True,spike,high,89.9,FUSED_CONSENSUS,21.1,1012.6,99.0,OFFLINE,replay,,89.9
2025-02-03T08:00:00+00:00,AWS-KOL-015,21.9,1013.3,96.0,True,spike,high,89.9,FUSED_CONSENSUS,21.8,1013.6,97.0,OFFLINE,replay,,89.9
2025-02-03T09:00:00+00:00,AWS-KOL-015,24.2,1014.1,81.0,True,spike,high,89.9,FUSED_CONSENSUS,24.2,1014.5,82.0,OFFLINE,replay,,89.9
2025-02-03T10:00:00+00:00,AWS-KOL-015,26.6,1013.8,65.0,True,spike,high,85.4,FUSED_CONSENSUS,26.4,1014.2,66.0,OFFLINE,replay,,85.4
2025-02-03T11:00:00+00:00,AWS-KOL-015,35.99277390509259,1012.588017076682,74.63016692076343,True,spike,high,89.9,FUSED_CONSENSUS,28.3,1013.0,50.0,OFFLINE,replay,,89.9
2025-02-03T12:00:00+00:00,AWS-KOL-015,37.19277390509259,1011.0425047789886,61.76673138909966,False,multivariate_inconsistency,low,45.0,NORMAL,29.3,1011.7,42.0,OFFLINE,replay,,45.0
2025-02-03T13:00:00+00:00,AWS-KOL-015,37.89277390509259,1010.4381125715164,55.34832362996239,False,multivariate_inconsistency,low,45.0,NORMAL,29.7,1010.4,37.0,OFFLINE,replay,,45.0
2025-02-03T14:00:00+00:00,AWS-KOL-015,30.8,1009.1,33.0,True,spike,high,89.9,FUSED_CONSENSUS,29.8,1009.6,36.0,OFFLINE,replay,,89.9
2025-02-03T15:00:00+00:00,AWS-KOL-015,30.4,1009.2,33.0,True,spike,high,89.9,FUSED_CONSENSUS,29.5,1009.6,36.0,OFFLINE,replay,,89.9
2025-02-03T16:00:00+00:00,AWS-KOL-015,29.4,1009.5,36.0,True,spike,high,89.9,FUSED_CONSENSUS,28.7,1009.9,38.0,OFFLINE,replay,,89.9
2025-02-03T17:00:00+00:00,AWS-KOL-015,27.6,1010.3,42.0,True,spike,high,89.9,FUSED_CONSENSUS,25.7,1010.7,47.0,OFFLINE,replay,,89.9
2025-02-03T18:00:00+00:00,AWS-KOL-015,31.9984131335403,1003.0613126576168,31.73686372404604,True,spike,high,89.9,FUSED_CONSENSUS,24.5,1011.7,50.0,OFFLINE,replay,,89.9
2025-02-03T19:00:00+00:00,AWS-KOL-015,18.88273277603709,1020.3226981380818,38.01333849673431,False,,low,0.0,NORMAL,23.7,1012.5,57.0,OFFLINE,replay,,0.0
2025-02-03T20:00:00+00:00,AWS-KOL-015,18.442042356825684,1021.0215588674588,72.29428758305001,False,multivariate_inconsistency,low,45.0,NORMAL,22.6,1013.0,64.0,OFFLINE,replay,,45.0
2025-02-03T21:00:00+00:00,AWS-KOL-015,19.33465372672999,1020.340930510486,38.8160701015513,True,spike,high,85.1,FUSED_CONSENSUS,22.6,1013.1,64.0,OFFLINE,replay,,85.1
2025-02-03T22:00:00+00:00,AWS-KOL-015,16.829607101443873,1020.5944439845292,46.092809318080896,False,,low,0.0,NORMAL,22.0,1013.1,66.0,OFFLINE,replay,,0.0
2025-02-03T23:00:00+00:00,AWS-KOL-015,23.4,1012.9,61.0,True,spike,high,89.9,FUSED_CONSENSUS,21.3,1013.3,68.0,OFFLINE,replay,,89.9
2025-02-04T00:00:00+00:00,AWS-KOL-015,22.2,1012.5,64.0,True,spike,high,89.9,FUSED_CONSENSUS,20.4,1012.8,70.0,OFFLINE,replay,,89.9
2025-02-04T01:00:00+00:00,AWS-KOL-015,21.2,1011.9,67.0,True,spike,high,88.5,FUSED_CONSENSUS,19.4,1012.2,75.0,OFFLINE,replay,,88.5
2025-02-04T02:00:00+00:00,AWS-KOL-015,20.4,1011.4,70.0,True,spike,high,87.0,FUSED_CONSENSUS,18.5,1011.7,80.0,OFFLINE,replay,,87.0
2025-02-04T03:00:00+00:00,AWS-KOL-015,19.6,1011.2,74.0,True,spike,high,85.6,FUSED_CONSENSUS,17.7,1011.5,83.0,OFFLINE,replay,,85.6
2025-02-04T04:00:00+00:00,AWS-KOL-015,19.1,1011.2,77.0,True,spike,high,85.2,FUSED_CONSENSUS,17.7,1011.5,82.0,OFFLINE,replay,,85.2
2025-02-04T05:00:00+00:00,AWS-KOL-015,18.6,1011.7,79.0,False,multivariate_inconsistency,low,45.0,NORMAL,17.4,1012.0,83.0,OFFLINE,replay,,45.0
2025-02-04T06:00:00+00:00,AWS-KOL-015,18.9,1012.5,77.0,True,spike,high,89.9,FUSED_CONSENSUS,17.2,1012.8,84.0,OFFLINE,replay,,89.9
2025-02-04T07:00:00+00:00,AWS-KOL-015,20.3,1013.3,68.0,True,spike,high,87.2,FUSED_CONSENSUS,19.5,1013.6,71.0,OFFLINE,replay,,87.2
2025-02-04T08:00:00+00:00,AWS-KOL-015,22.5,1014.1,53.0,False,multivariate_inconsistency,low,45.0,NORMAL,22.0,1014.4,58.0,OFFLINE,replay,,45.0
2025-02-04T09:00:00+00:00,AWS-KOL-015,25.1,1014.6,43.0,False,multivariate_inconsistency,low,45.0,NORMAL,24.5,1014.9,47.0,OFFLINE,replay,,45.0
2025-02-04T10:00:00+00:00,AWS-KOL-015,26.9,1014.2,39.0,False,spike,low,34.2,NORMAL,26.2,1014.6,43.0,OFFLINE,replay,,34.2
2025-02-04T11:00:00+00:00,AWS-KOL-015,28.1,1013.1,37.0,False,spike,low,34.2,NORMAL,27.4,1013.4,40.0,OFFLINE,replay,,34.2
2025-02-04T12:00:00+00:00,AWS-KOL-015,28.8,1011.7,35.0,False,spike,low,34.2,NORMAL,28.1,1012.0,38.0,OFFLINE,replay,,34.2
2025-02-04T13:00:00+00:00,AWS-KOL-015,28.712910614530998,1010.5,34.0,True,spike,high,89.9,FUSED_CONSENSUS,28.4,1010.8,37.0,OFFLINE,replay,,89.9
2025-02-04T14:00:00+00:00,AWS-KOL-015,28.730175241821204,1009.7,36.0,True,spike,high,89.9,FUSED_CONSENSUS,28.1,1010.0,40.0,OFFLINE,replay,,89.9
2025-02-04T15:00:00+00:00,AWS-KOL-015,28.72694305802845,1009.4,41.0,True,spike,high,89.9,FUSED_CONSENSUS,27.5,1009.6,44.0,OFFLINE,replay,,89.9
2025-02-04T16:00:00+00:00,AWS-KOL-015,28.73906082100614,1009.4,46.0,True,spike,high,89.9,FUSED_CONSENSUS,26.6,1009.7,48.0,OFFLINE,replay,,89.9
2025-02-04T17:00:00+00:00,AWS-KOL-015,28.79184939229448,1009.8,51.0,True,spike,high,89.9,FUSED_CONSENSUS,24.8,1010.1,58.0,OFFLINE,replay,,89.9
2025-02-04T18:00:00+00:00,AWS-KOL-015,28.78279373759095,1009.7,56.0,True,spike,high,89.9,FUSED_CONSENSUS,24.6,1010.1,60.0,OFFLINE,replay,,89.9
2025-02-04T19:00:00+00:00,AWS-KOL-015,28.764245137046352,1010.1,56.0,True,spike,high,89.9,FUSED_CONSENSUS,23.8,1010.6,62.0,OFFLINE,replay,,89.9
2025-02-04T20:00:00+00:00,AWS-KOL-015,24.8,1010.6,57.0,True,spike,high,89.9,FUSED_CONSENSUS,22.9,1011.1,64.0,OFFLINE,replay,,89.9
2025-02-04T21:00:00+00:00,AWS-KOL-015,23.8,1010.8,59.0,True,spike,high,89.9,FUSED_CONSENSUS,22.0,1011.2,68.0,OFFLINE,replay,,89.9
2025-02-04T22:00:00+00:00,AWS-KOL-015,23.0,1010.5,61.0,True,spike,high,89.9,FUSED_CONSENSUS,21.1,1010.9,72.0,OFFLINE,replay,,89.9
2025-02-04T23:00:00+00:00,AWS-KOL-015,22.3,1010.0,65.0,True,spike,high,89.9,FUSED_CONSENSUS,20.4,1010.3,75.0,OFFLINE,replay,,89.9
2025-02-05T00:00:00+00:00,AWS-KOL-015,21.7,1009.7,67.0,True,spike,high,89.4,FUSED_CONSENSUS,20.4,1010.0,74.0,OFFLINE,replay,,89.4
2025-02-05T01:00:00+00:00,AWS-KOL-015,20.9,1009.4,72.0,True,spike,high,87.9,FUSED_CONSENSUS,19.9,1009.7,76.0,OFFLINE,replay,,87.9
2025-02-05T02:00:00+00:00,AWS-KOL-015,19.9,1009.1,79.0,True,spike,high,87.7,FUSED_CONSENSUS,19.0,1009.4,81.0,OFFLINE,replay,,87.7
2025-02-05T03:00:00+00:00,AWS-KOL-015,18.9,1009.2,86.0,True,spike,high,87.6,FUSED_CONSENSUS,17.8,1009.5,87.0,OFFLINE,replay,,87.6
2025-02-05T04:00:00+00:00,AWS-KOL-015,18.2,1009.2,90.0,True,spike,high,87.6,FUSED_CONSENSUS,16.9,1009.5,91.0,OFFLINE,replay,,87.6
2025-02-05T05:00:00+00:00,AWS-KOL-015,45.06986456905875,1009.8,90.0,True,spike,high,89.9,FUSED_CONSENSUS,16.2,1010.0,94.0,OFFLINE,replay,,89.9
2025-02-05T06:00:00+00:00,AWS-KOL-015,18.3,1010.5,94.0,True,spike,high,86.0,FUSED_CONSENSUS,17.0,1010.8,93.0,OFFLINE,replay,,86.0
2025-02-05T07:00:00+00:00,AWS-KOL-015,19.4,1011.3,85.0,True,spike,high,89.9,FUSED_CONSENSUS,19.0,1011.5,85.0,OFFLINE,replay,,89.9
2025-02-05T08:00:00+00:00,AWS-KOL-015,22.0,1012.0,68.0,True,spike,high,87.2,FUSED_CONSENSUS,21.7,1012.2,70.0,OFFLINE,replay,,87.2
2025-02-05T09:00:00+00:00,AWS-KOL-015,25.3,1012.3,52.0,False,multivariate_inconsistency,low,45.0,NORMAL,25.2,1012.6,54.0,OFFLINE,replay,,45.0
2025-02-05T10:00:00+00:00,AWS-KOL-015,28.1,1011.9,37.0,False,spike,low,34.2,NORMAL,27.8,1012.2,39.0,OFFLINE,replay,,34.2
2025-02-05T11:00:00+00:00,AWS-KOL-015,29.8,1010.8,30.0,False,spike,low,34.2,NORMAL,29.3,1011.1,32.0,OFFLINE,replay,,34.2
2025-02-05T12:00:00+00:00,AWS-KOL-015,30.5,1009.5,30.0,False,spike,low,34.2,NORMAL,30.0,1009.8,31.0,OFFLINE,replay,,34.2
2025-02-05T13:00:00+00:00,AWS-KOL-015,30.8,1008.2,31.0,True,spike,high,89.9,FUSED_CONSENSUS,30.2,1008.5,33.0,OFFLINE,replay,,89.9
2025-02-05T14:00:00+00:00,AWS-KOL-015,30.9,1007.4,32.0,True,spike,high,89.9,FUSED_CONSENSUS,30.2,1007.7,34.0,OFFLINE,replay,,89.9
2025-02-05T15:00:00+00:00,AWS-KOL-015,30.5,1007.1,35.0,True,spike,high,89.9,FUSED_CONSENSUS,29.7,1007.4,37.0,OFFLINE,replay,,89.9
2025-02-05T16:00:00+00:00,AWS-KOL-015,29.6,1007.4,38.0,True,spike,high,89.9,FUSED_CONSENSUS,28.9,1007.8,41.0,OFFLINE,replay,,89.9
2025-02-05T17:00:00+00:00,AWS-KOL-015,28.2,1008.1,46.0,True,spike,high,89.9,FUSED_CONSENSUS,26.9,1008.5,49.0,OFFLINE,replay,,89.9
2025-02-05T18:00:00+00:00,AWS-KOL-015,27.5,1007.9,48.0,True,spike,high,89.9,FUSED_CONSENSUS,26.6,1008.4,55.0,OFFLINE,replay,,89.9
2025-02-05T19:00:00+00:00,AWS-KOL-015,27.4,1008.5,48.0,True,spike,high,89.9,FUSED_CONSENSUS,25.2,1009.0,55.0,OFFLINE,replay,,89.9
2025-02-05T20:00:00+00:00,AWS-KOL-015,26.5,1009.6,51.0,True,spike,high,89.9,FUSED_CONSENSUS,24.2,1010.1,63.0,OFFLINE,replay,,89.9
2025-02-05T21:00:00+00:00,AWS-KOL-015,25.3,1010.0,59.0,True,spike,high,89.9,FUSED_CONSENSUS,23.5,1010.4,69.0,OFFLINE,replay,,89.9
2025-02-05T22:00:00+00:00,AWS-KOL-015,-40.01351608679028,1010.2,70.0,True,spike,high,86.4,FUSED_CONSENSUS,22.4,1010.6,71.0,OFFLINE,replay,,86.4
2025-02-05T23:00:00+00:00,AWS-KOL-015,-40.04967821627752,1010.1,84.0,True,spike,high,89.9,FUSED_CONSENSUS,21.9,1010.5,74.0,OFFLINE,replay,,89.9
2025-02-06T00:00:00+00:00,AWS-KOL-015,-39.98693601230696,1009.9,89.0,True,spike,high,89.9,FUSED_CONSENSUS,22.0,1010.3,84.0,OFFLINE,replay,,89.9
2025-02-06T01:00:00+00:00,AWS-KOL-015,-40.02272943279744,1009.4,92.0,False,spike,low,34.2,NORMAL,21.4,1009.8,88.0,OFFLINE,replay,,34.2
2025-02-06T02:00:00+00:00,AWS-KOL-015,21.8,1009.1,94.0,True,spike,high,89.6,FUSED_CONSENSUS,20.8,1009.4,93.0,OFFLINE,replay,,89.6
2025-02-06T03:00:00+00:00,AWS-KOL-015,21.4,1009.0,95.0,True,spike,high,88.8,FUSED_CONSENSUS,20.4,1009.3,95.0,OFFLINE,replay,,88.8
2025-02-06T04:00:00+00:00,AWS-KOL-015,21.1,1009.1,95.0,True,spike,high,88.3,FUSED_CONSENSUS,20.3,1009.4,96.0,OFFLINE,replay,,88.3
2025-02-06T05:00:00+00:00,AWS-KOL-015,21.2,1009.9,95.0,True,spike,high,89.9,FUSED_CONSENSUS,19.9,1010.2,98.0,OFFLINE,replay,,89.9
2025-02-06T06:00:00+00:00,AWS-KOL-015,21.2,1010.9,94.0,True,spike,high,89.9,FUSED_CONSENSUS,20.1,1011.2,96.0,OFFLINE,replay,,89.9
2025-02-06T07:00:00+00:00,AWS-KOL-015,22.4,1011.8,81.0,True,spike,high,89.9,FUSED_CONSENSUS,22.1,1012.1,82.0,OFFLINE,replay,,89.9
2025-02-06T08:00:00+00:00,AWS-KOL-015,25.1,,61.0,True,multivariate_inconsistency,critical,100.0,RULE_ENGINE_BYPASS,25.1,1013.0,61.0,OFFLINE,replay,,100.0
2025-02-06T09:00:00+00:00,AWS-KOL-015,27.5,1013.0,47.0,False,multivariate_inconsistency,low,45.0,NORMAL,27.2,1013.3,49.0,OFFLINE,replay,,45.0
2025-02-06T10:00:00+00:00,AWS-KOL-015,28.7,1012.3,44.0,False,multivariate_inconsistency,low,45.0,NORMAL,28.3,1012.7,46.0,OFFLINE,replay,,45.0
2025-02-06T11:00:00+00:00,AWS-KOL-015,29.7,1011.7,41.0,False,multivariate_inconsistency,low,45.0,NORMAL,29.2,1012.0,43.0,OFFLINE,replay,,45.0
2025-02-06T12:00:00+00:00,AWS-KOL-015,30.3,1010.6,39.0,False,multivariate_inconsistency,low,45.0,NORMAL,29.7,1010.9,41.0,OFFLINE,replay,,45.0
2025-02-06T13:00:00+00:00,AWS-KOL-015,30.6,1009.6,39.0,True,spike,high,89.9,FUSED_CONSENSUS,29.9,1010.0,40.0,OFFLINE,replay,,89.9
2025-02-06T14:00:00+00:00,AWS-KOL-015,3.358251087450132,1008.9,39.0,True,spike,high,89.9,FUSED_CONSENSUS,29.9,1009.3,40.0,OFFLINE,replay,,89.9
2025-02-06T15:00:00+00:00,AWS-KOL-015,17.902058825453175,1008.5,40.0,False,spike,low,33.6,NORMAL,29.5,1008.8,42.0,OFFLINE,replay,,33.6
2025-02-06T16:00:00+00:00,AWS-KOL-015,23.718047846618056,1008.6,43.0,True,spike,high,89.9,FUSED_CONSENSUS,28.6,1008.9,45.0,OFFLINE,replay,,89.9
2025-02-06T17:00:00+00:00,AWS-KOL-015,25.53632199221641,1009.0,47.0,True,spike,high,89.9,FUSED_CONSENSUS,26.1,1009.3,54.0,OFFLINE,replay,,89.9
2025-02-06T18:00:00+00:00,AWS-KOL-015,25.592783235568376,1009.6,54.0,True,spike,high,89.9,FUSED_CONSENSUS,25.2,1010.0,55.0,OFFLINE,replay,,89.9
2025-02-06T19:00:00+00:00,AWS-KOL-015,25.9,1010.4,61.0,True,spike,high,89.9,FUSED_CONSENSUS,24.7,1010.8,57.0,OFFLINE,replay,,89.9
2025-02-06T20:00:00+00:00,AWS-KOL-015,25.6,1011.0,60.0,True,spike,high,89.9,FUSED_CONSENSUS,23.9,1011.4,59.0,OFFLINE,replay,,89.9
2025-02-06T21:00:00+00:00,AWS-KOL-015,24.9,1011.1,61.0,True,spike,high,89.9,FUSED_CONSENSUS,23.1,1011.5,63.0,OFFLINE,replay,,89.9
2025-02-06T22:00:00+00:00,AWS-KOL-015,24.4,1011.3,63.0,True,spike,high,89.9,FUSED_CONSENSUS,22.7,1011.6,66.0,OFFLINE,replay,,89.9
2025-02-06T23:00:00+00:00,AWS-KOL-015,23.5,1011.3,65.0,True,spike,high,89.9,FUSED_CONSENSUS,21.7,1011.7,69.0,OFFLINE,replay,,89.9
2025-02-07T00:00:00+00:00,AWS-KOL-015,22.7,1011.2,67.0,True,spike,high,89.9,FUSED_CONSENSUS,21.1,1011.5,71.0,OFFLINE,replay,,89.9
2025-02-07T01:00:00+00:00,AWS-KOL-015,21.3,1011.0,62.0,True,spike,high,88.6,FUSED_CONSENSUS,19.6,1011.3,64.0,OFFLINE,replay,,88.6
2025-02-07T02:00:00+00:00,AWS-KOL-015,20.1,1010.8,57.0,True,spike,high,86.5,FUSED_CONSENSUS,18.7,1011.1,58.0,OFFLINE,replay,,86.5
2025-02-07T03:00:00+00:00,AWS-KOL-015,19.4,1010.9,51.0,True,spike,high,85.6,FUSED_CONSENSUS,17.7,1011.1,56.0,OFFLINE,replay,,85.6
2025-02-07T04:00:00+00:00,AWS-KOL-015,18.7,1011.3,49.0,True,spike,high,85.1,FUSED_CONSENSUS,16.5,1011.6,56.0,OFFLINE,replay,,85.1
2025-02-07T05:00:00+00:00,AWS-KOL-015,18.0,1012.0,48.0,False,,low,0.0,NORMAL,15.8,1012.3,55.0,OFFLINE,replay,,0.0
2025-02-07T06:00:00+00:00,AWS-KOL-015,18.1,1013.3,50.0,False,,low,0.0,NORMAL,16.4,1013.6,58.0,OFFLINE,replay,,0.0
2025-02-07T07:00:00+00:00,AWS-KOL-015,19.1,1014.2,46.0,False,,low,0.0,NORMAL,18.5,1014.5,52.0,OFFLINE,replay,,0.0
2025-02-07T08:00:00+00:00,AWS-KOL-015,21.2,1015.3,38.0,False,spike,low,33.6,NORMAL,20.8,1015.5,42.0,OFFLINE,replay,,33.6
2025-02-07T09:00:00+00:00,AWS-KOL-015,23.1,1015.6,32.0,False,spike,low,34.2,NORMAL,22.7,1015.8,35.0,OFFLINE,replay,,34.2
2025-02-07T10:00:00+00:00,AWS-KOL-015,24.4,1015.1,30.0,False,spike,low,34.2,NORMAL,24.1,1015.4,31.0,OFFLINE,replay,,34.2
2025-02-07T11:00:00+00:00,AWS-KOL-015,25.6,1014.5,29.0,False,spike,low,34.2,NORMAL,25.3,1014.8,30.0,OFFLINE,replay,,34.2
2025-02-07T12:00:00+00:00,AWS-KOL-015,26.7,1013.3,26.0,False,spike,low,34.2,NORMAL,26.3,1013.5,28.0,OFFLINE,replay,,34.2
2025-02-07T13:00:00+00:00,AWS-KOL-015,46.479976494947365,1012.2,25.0,True,spike,high,89.0,FUSED_CONSENSUS,27.0,1012.4,28.0,OFFLINE,replay,,89.0
2025-02-07T14:00:00+00:00,AWS-KOL-015,27.5,1011.2,26.0,True,spike,high,89.9,FUSED_CONSENSUS,27.2,1011.4,28.0,OFFLINE,replay,,89.9
2025-02-07T15:00:00+00:00,AWS-KOL-015,26.9,1010.9,29.0,True,spike,high,89.9,FUSED_CONSENSUS,26.9,1011.2,30.0,OFFLINE,replay,,89.9
2025-02-07T16:00:00+00:00,AWS-KOL-015,26.1,1011.1,31.0,True,spike,high,89.9,FUSED_CONSENSUS,25.9,1011.4,33.0,OFFLINE,replay,,89.9
2025-02-07T17:00:00+00:00,AWS-KOL-015,24.5,1011.3,36.0,True,spike,high,89.9,FUSED_CONSENSUS,23.6,1011.6,41.0,OFFLINE,replay,,89.9
2025-02-07T18:00:00+00:00,AWS-KOL-015,24.4,1011.7,40.0,True,spike,high,89.9,FUSED_CONSENSUS,22.6,1012.2,48.0,OFFLINE,replay,,89.9
2025-02-07T19:00:00+00:00,AWS-KOL-015,23.3,1012.4,43.0,True,spike,high,89.9,FUSED_CONSENSUS,21.4,1012.8,49.0,OFFLINE,replay,,89.9
2025-02-07T20:00:00+00:00,AWS-KOL-015,22.8,1012.9,43.0,True,spike,high,89.9,FUSED_CONSENSUS,20.2,1013.2,53.0,OFFLINE,replay,,89.9
2025-02-07T21:00:00+00:00,AWS-KOL-015,21.8,1013.2,47.0,True,spike,high,89.6,FUSED_CONSENSUS,19.6,1013.5,56.0,OFFLINE,replay,,89.6
2025-02-07T22:00:00+00:00,AWS-KOL-015,21.0,1013.2,51.0,True,spike,high,88.1,FUSED_CONSENSUS,19.0,1013.5,62.0,OFFLINE,replay,,88.1
2025-02-07T23:00:00+00:00,AWS-KOL-015,20.0,1013.1,59.0,True,spike,high,86.3,FUSED_CONSENSUS,18.3,1013.4,68.0,OFFLINE,replay,,86.3
2025-02-08T00:00:00+00:00,AWS-KOL-015,19.7,1012.6,62.0,True,spike,high,85.7,FUSED_CONSENSUS,18.1,1012.9,70.0,OFFLINE,replay,,85.7
2025-02-08T01:00:00+00:00,AWS-KOL-015,18.6,1012.0,67.0,False,multivariate_inconsistency,low,45.0,NORMAL,17.5,1012.3,73.0,OFFLINE,replay,,45.0
2025-02-08T02:00:00+00:00,AWS-KOL-015,17.6,1011.6,72.0,False,multivariate_inconsistency,low,45.0,NORMAL,16.0,1011.9,81.0,OFFLINE,replay,,45.0
2025-02-08T03:00:00+00:00,AWS-KOL-015,16.9,1011.6,71.0,False,multivariate_inconsistency,low,45.0,NORMAL,15.1,1011.9,84.0,OFFLINE,replay,,45.0
2025-02-08T04:00:00+00:00,AWS-KOL-015,16.1,1011.8,74.0,False,multivariate_inconsistency,low,45.0,NORMAL,14.7,1012.0,86.0,OFFLINE,replay,,45.0
2025-02-08T05:00:00+00:00,AWS-KOL-015,15.7,1012.5,77.0,False,multivariate_inconsistency,low,45.0,NORMAL,14.3,1012.7,88.0,OFFLINE,replay,,45.0
2025-02-08T06:00:00+00:00,AWS-KOL-015,15.7,1013.8,78.0,True,spike,high,89.9,FUSED_CONSENSUS,14.5,1014.0,85.0,OFFLINE,replay,,89.9
2025-02-08T07:00:00+00:00,AWS-KOL-015,17.0,1014.7,72.0,True,spike,high,89.6,FUSED_CONSENSUS,16.6,1014.9,74.0,OFFLINE,replay,,89.6
2025-02-08T08:00:00+00:00,AWS-KOL-015,19.7,1015.3,60.0,False,multivariate_inconsistency,low,45.0,NORMAL,19.6,1015.6,62.0,OFFLINE,replay,,45.0
2025-02-08T09:00:00+00:00,AWS-KOL-015,23.0,1015.8,45.0,False,multivariate_inconsistency,low,45.0,NORMAL,22.8,1016.1,48.0,OFFLINE,replay,,45.0
2025-02-08T10:00:00+00:00,AWS-KOL-015,25.3,1015.4,30.0,False,spike,low,34.2,NORMAL,24.8,1015.8,33.0,OFFLINE,replay,,34.2
2025-02-08T11:00:00+00:00,AWS-KOL-015,26.7,1014.4,25.0,False,spike,low,34.2,NORMAL,26.1,1014.7,27.0,OFFLINE,replay,,34.2
2025-02-08T12:00:00+00:00,AWS-KOL-015,27.4,1013.0,24.0,False,spike,low,34.2,NORMAL,26.7,1013.3,26.0,OFFLINE,replay,,34.2
2025-02-08T13:00:00+00:00,AWS-KOL-015,27.6,1011.8,24.0,True,spike,high,89.9,FUSED_CONSENSUS,27.0,1012.1,25.0,OFFLINE,replay,,89.9
2025-02-08T14:00:00+00:00,AWS-KOL-015,27.503378948277955,1010.9,26.0,True,spike,high,89.9,FUSED_CONSENSUS,26.8,1011.2,26.0,OFFLINE,replay,,89.9
2025-02-08T15:00:00+00:00,AWS-KOL-015,27.479112018607385,1010.6,27.0,True,spike,high,89.9,FUSED_CONSENSUS,26.1,1010.9,28.0,OFFLINE,replay,,89.9
2025-02-08T16:00:00+00:00,AWS-KOL-015,27.4829339497634,1010.7,31.0,True,spike,high,89.9,FUSED_CONSENSUS,25.0,1011.0,31.0,OFFLINE,replay,,89.9
2025-02-08T17:00:00+00:00,AWS-KOL-015,27.510054891320785,1011.3,38.0,True,spike,high,89.9,FUSED_CONSENSUS,22.3,1011.6,39.0,OFFLINE,replay,,89.9
2025-02-08T18:00:00+00:00,AWS-KOL-015,27.461177644182545,1011.8,43.0,True,spike,high,89.9,FUSED_CONSENSUS,21.2,1012.2,45.0,OFFLINE,replay,,89.9
2025-02-08T19:00:00+00:00,AWS-KOL-015,27.47647460331593,1012.4,46.0,True,spike,high,89.9,FUSED_CONSENSUS,21.0,1012.8,47.0,OFFLINE,replay,,89.9
2025-02-08T20:00:00+00:00,AWS-KOL-015,21.8,1013.0,48.0,True,spike,high,89.6,FUSED_CONSENSUS,20.1,1013.4,50.0,OFFLINE,replay,,89.6
2025-02-08T21:00:00+00:00,AWS-KOL-015,21.3,1013.3,47.0,True,spike,high,88.6,FUSED_CONSENSUS,19.3,1013.6,57.0,OFFLINE,replay,,88.6
2025-02-08T22:00:00+00:00,AWS-KOL-015,20.4,1013.6,52.0,True,spike,high,87.0,FUSED_CONSENSUS,18.6,1013.9,62.0,OFFLINE,replay,,87.0
2025-02-08T23:00:00+00:00,AWS-KOL-015,19.8,1013.3,55.0,True,spike,high,85.9,FUSED_CONSENSUS,17.9,1013.6,65.0,OFFLINE,replay,,85.9
2025-02-09T00:00:00+00:00,AWS-KOL-015,19.1,1013.0,59.0,False,multivariate_inconsistency,low,45.0,NORMAL,17.0,1013.3,69.0,OFFLINE,replay,,45.0
2025-02-09T01:00:00+00:00,AWS-KOL-015,18.3,1012.4,63.0,False,multivariate_inconsistency,low,45.0,NORMAL,16.8,1012.6,70.0,OFFLINE,replay,,45.0
2025-02-09T02:00:00+00:00,AWS-KOL-015,17.6,1011.9,65.0,False,multivariate_inconsistency,low,45.0,NORMAL,16.5,1012.2,77.0,OFFLINE,replay,,45.0
2025-02-09T03:00:00+00:00,AWS-KOL-015,17.1,1011.7,68.0,False,multivariate_inconsistency,low,45.0,NORMAL,15.4,1011.9,81.0,OFFLINE,replay,,45.0
2025-02-09T04:00:00+00:00,AWS-KOL-015,16.0,1011.6,70.0,False,multivariate_inconsistency,low,45.0,NORMAL,14.5,1011.8,84.0,OFFLINE,replay,,45.0
2025-02-09T05:00:00+00:00,AWS-KOL-015,15.2,1012.0,74.0,False,multivariate_inconsistency,low,45.0,NORMAL,13.9,1012.2,85.0,OFFLINE,replay,,45.0
2025-02-09T06:00:00+00:00,AWS-KOL-015,15.4,1012.8,78.0,False,multivariate_inconsistency,low,45.0,NORMAL,14.1,1013.0,86.0,OFFLINE,replay,,45.0
2025-02-09T07:00:00+00:00,AWS-KOL-015,17.1,1013.6,71.0,True,spike,high,89.0,FUSED_CONSENSUS,16.8,1013.8,75.0,OFFLINE,replay,,89.0
2025-02-09T08:00:00+00:00,AWS-KOL-015,20.3,1014.6,56.0,False,multivariate_inconsistency,low,45.0,NORMAL,20.4,1014.8,59.0,OFFLINE,replay,,45.0
2025-02-09T09:00:00+00:00,AWS-KOL-015,23.6,1014.9,41.0,False,spike,low,34.2,NORMAL,23.7,1015.1,41.0,OFFLINE,replay,,34.2
2025-02-09T10:00:00+00:00,AWS-KOL-015,25.6,1014.4,32.0,False,spike,low,34.2,NORMAL,25.5,1014.8,31.0,OFFLINE,replay,,34.2
2025-02-09T11:00:00+00:00,AWS-KOL-015,26.8,1013.4,28.0,False,spike,low,34.2,NORMAL,26.4,1013.7,29.0,OFFLINE,replay,,34.2
2025-02-09T12:00:00+00:00,AWS-KOL-015,27.3,1012.0,27.0,False,spike,low,34.2,NORMAL,27.0,1012.3,27.0,OFFLINE,replay,,34.2
2025-02-09T13:00:00+00:00,AWS-KOL-015,27.6,1011.0,27.0,True,spike,high,89.9,FUSED_CONSENSUS,27.2,1011.3,27.0,OFFLINE,replay,,89.9
2025-02-09T14:00:00+00:00,AWS-KOL-015,27.5,1010.1,28.0,True,spike,high,89.9,FUSED_CONSENSUS,27.1,1010.4,29.0,OFFLINE,replay,,89.9
2025-02-09T15:00:00+00:00,AWS-KOL-015,26.9,1009.7,30.0,True,spike,high,89.9,FUSED_CONSENSUS,26.6,1010.0,32.0,OFFLINE,replay,,89.9
2025-02-09T16:00:00+00:00,AWS-KOL-015,-1.9474372546928755,1010.0,32.0,True,spike,high,86.6,FUSED_CONSENSUS,25.7,1010.3,36.0,OFFLINE,replay,,86.6
2025-02-09T17:00:00+00:00,AWS-KOL-015,24.5,1010.4,41.0,True,spike,high,89.9,FUSED_CONSENSUS,23.2,1010.8,45.0,OFFLINE,replay,,89.9
2025-02-09T18:00:00+00:00,AWS-KOL-015,24.1,1010.5,48.0,True,spike,high,89.9,FUSED_CONSENSUS,22.9,1010.9,51.0,OFFLINE,replay,,89.9
2025-02-09T19:00:00+00:00,AWS-KOL-015,23.6,1011.2,49.0,True,spike,high,89.9,FUSED_CONSENSUS,22.3,1011.6,52.0,OFFLINE,replay,,89.9
2025-02-09T20:00:00+00:00,AWS-KOL-015,23.0,1011.7,48.0,True,spike,high,89.9,FUSED_CONSENSUS,22.1,1012.0,53.0,OFFLINE,replay,,89.9
2025-02-09T21:00:00+00:00,AWS-KOL-015,22.6,1012.3,49.0,True,spike,high,89.9,FUSED_CONSENSUS,21.0,1012.6,55.0,OFFLINE,replay,,89.9
2025-02-09T22:00:00+00:00,AWS-KOL-015,21.9,1012.5,54.0,True,spike,high,89.7,FUSED_CONSENSUS,19.9,1012.8,59.0,OFFLINE,replay,,89.7
2025-02-09T23:00:00+00:00,AWS-KOL-015,20.7,1012.2,64.0,True,spike,high,87.6,FUSED_CONSENSUS,19.2,1012.5,64.0,OFFLINE,replay,,87.6
2025-02-10T00:00:00+00:00,AWS-KOL-015,19.4,1012.0,74.0,True,spike,high,85.2,FUSED_CONSENSUS,18.8,1012.2,71.0,OFFLINE,replay,,85.2
2025-02-10T01:00:00+00:00,AWS-KOL-015,18.6,1011.5,81.0,False,multivariate_inconsistency,low,45.0,NORMAL,17.8,1011.7,77.0,OFFLINE,replay,,45.0
2025-02-10T02:00:00+00:00,AWS-KOL-015,17.8,1011.3,85.0,True,spike,high,85.1,FUSED_CONSENSUS,16.3,1011.6,85.0,OFFLINE,replay,,85.1
2025-02-10T03:00:00+00:00,AWS-KOL-015,16.9,1011.1,89.0,True,spike,high,85.3,FUSED_CONSENSUS,15.7,1011.4,89.0,OFFLINE,replay,,85.3
2025-02-10T04:00:00+00:00,AWS-KOL-015,16.4,1011.3,90.0,True,spike,high,85.1,FUSED_CONSENSUS,15.2,1011.6,92.0,OFFLINE,replay,,85.1
2025-02-10T05:00:00+00:00,AWS-KOL-015,16.1,1011.9,91.0,False,multivariate_inconsistency,low,45.0,NORMAL,14.9,1012.2,93.0,OFFLINE,replay,,45.0
2025-02-10T06:00:00+00:00,AWS-KOL-015,17.4,1013.2,90.0,False,multivariate_inconsistency,low,45.0,NORMAL,15.9,1013.5,93.0,OFFLINE,replay,,45.0
2025-02-10T07:00:00+00:00,AWS-KOL-015,19.2,1014.1,82.0,True,spike,high,89.9,FUSED_CONSENSUS,18.4,1014.4,84.0,OFFLINE,replay,,89.9
2025-02-10T08:00:00+00:00,AWS-KOL-015,22.1,1014.8,70.0,True,spike,high,88.4,FUSED_CONSENSUS,21.6,1015.1,70.0,OFFLINE,replay,,88.4
2025-02-10T09:00:00+00:00,AWS-KOL-015,25.0,1015.3,61.0,False,multivariate_inconsistency,low,45.0,NORMAL,25.0,1015.7,60.0,OFFLINE,replay,,45.0
2025-02-10T10:00:00+00:00,AWS-KOL-015,27.2,1014.8,52.0,False,multivariate_inconsistency,low,45.0,NORMAL,27.3,1015.2,50.0,OFFLINE,replay,,45.0
2025-02-10T11:00:00+00:00,AWS-KOL-015,28.8,1013.8,47.0,False,multivariate_inconsistency,low,45.0,NORMAL,28.9,1014.2,44.0,OFFLINE,replay,,45.0
2025-02-10T12:00:00+00:00,AWS-KOL-015,30.0,1012.5,41.0,False,multivariate_inconsistency,low,45.0,NORMAL,30.0,1012.8,38.0,OFFLINE,replay,,45.0
2025-02-10T13:00:00+00:00,AWS-KOL-015,30.6,1011.2,38.0,False,multivariate_inconsistency,low,45.0,NORMAL,30.7,1011.5,34.0,OFFLINE,replay,,45.0
2025-02-10T14:00:00+00:00,AWS-KOL-015,30.7,1010.3,37.0,True,spike,high,89.9,FUSED_CONSENSUS,30.7,1010.6,31.0,OFFLINE,replay,,89.9
2025-02-10T15:00:00+00:00,AWS-KOL-015,30.2,1010.0,38.0,True,spike,high,89.9,FUSED_CONSENSUS,30.0,1010.3,33.0,OFFLINE,replay,,89.9
2025-02-10T16:00:00+00:00,AWS-KOL-015,29.3,1010.1,43.0,True,spike,high,89.9,FUSED_CONSENSUS,28.8,1010.4,37.0,OFFLINE,replay,,89.9
2025-02-10T17:00:00+00:00,AWS-KOL-015,27.8,1010.4,50.0,True,spike,high,89.9,FUSED_CONSENSUS,26.0,1010.7,50.0,OFFLINE,replay,,89.9
2025-02-10T18:00:00+00:00,AWS-KOL-015,26.6,1010.7,57.0,True,spike,high,89.9,FUSED_CONSENSUS,24.9,1011.0,56.0,OFFLINE,replay,,89.9
2025-02-10T19:00:00+00:00,AWS-KOL-015,25.1,1011.3,65.0,True,spike,high,89.9,FUSED_CONSENSUS,24.2,1011.6,62.0,OFFLINE,replay,,89.9
2025-02-10T20:00:00+00:00,AWS-KOL-015,23.7,1011.7,74.0,True,spike,high,89.9,FUSED_CONSENSUS,23.2,1012.1,71.0,OFFLINE,replay,,89.9
2025-02-10T21:00:00+00:00,AWS-KOL-015,22.9,1012.2,82.0,True,spike,high,89.9,FUSED_CONSENSUS,22.2,1012.5,79.0,OFFLINE,replay,,89.9
2025-02-10T22:00:00+00:00,AWS-KOL-015,22.3,1012.2,87.0,True,spike,high,89.9,FUSED_CONSENSUS,21.7,1012.5,84.0,OFFLINE,replay,,89.9
2025-02-10T23:00:00+00:00,AWS-KOL-015,21.9,1012.0,90.0,True,spike,high,89.7,FUSED_CONSENSUS,21.3,1012.3,90.0,OFFLINE,replay,,89.7
2025-02-11T00:00:00+00:00,AWS-KOL-015,21.5,1011.6,93.0,True,spike,high,89.0,FUSED_CONSENSUS,21.2,1011.9,93.0,OFFLINE,replay,,89.0
2025-02-11T01:00:00+00:00,AWS-KOL-015,21.4,1010.7,95.0,True,spike,high,88.8,FUSED_CONSENSUS,21.0,1011.0,95.0,OFFLINE,replay,,88.8
2025-02-11T02:00:00+00:00,AWS-KOL-015,21.3,1010.0,96.0,True,spike,high,89.9,FUSED_CONSENSUS,20.9,1010.3,95.0,OFFLINE,replay,,89.9
2025-02-11T03:00:00+00:00,AWS-KOL-015,21.1,1009.7,97.0,True,spike,high,88.3,FUSED_CONSENSUS,20.8,1010.0,96.0,OFFLINE,replay,,88.3
2025-02-11T04:00:00+00:00,AWS-KOL-015,21.0,1009.9,97.0,True,spike,high,89.9,FUSED_CONSENSUS,20.3,1010.3,97.0,OFFLINE,replay,,89.9
2025-02-11T05:00:00+00:00,AWS-KOL-015,20.6,1010.7,98.0,True,spike,high,87.4,FUSED_CONSENSUS,19.5,1011.0,98.0,OFFLINE,replay,,87.4
2025-02-11T06:00:00+00:00,AWS-KOL-015,22.0,1011.5,95.0,True,spike,high,89.9,FUSED_CONSENSUS,22.1,1011.8,96.0,OFFLINE,replay,,89.9
2025-02-11T07:00:00+00:00,AWS-KOL-015,22.4,1012.2,90.0,True,spike,high,89.9,FUSED_CONSENSUS,22.4,1012.5,91.0,OFFLINE,replay,,89.9
2025-02-11T08:00:00+00:00,AWS-KOL-015,23.6,1013.0,82.0,True,spike,high,89.9,FUSED_CONSENSUS,23.8,1013.3,81.0,OFFLINE,replay,,89.9
2025-02-11T09:00:00+00:00,AWS-KOL-015,24.8,1013.8,75.0,True,spike,high,89.9,FUSED_CONSENSUS,25.3,1014.1,72.0,OFFLINE,replay,,89.9
2025-02-11T10:00:00+00:00,AWS-KOL-015,26.9,1013.4,64.0,False,multivariate_inconsistency,low,45.0,NORMAL,27.0,1013.8,64.0,OFFLINE,replay,,45.0
2025-02-11T11:00:00+00:00,AWS-KOL-015,28.7,1012.3,55.0,False,multivariate_inconsistency,low,45.0,NORMAL,28.7,1012.6,56.0,OFFLINE,replay,,45.0
2025-02-11T12:00:00+00:00,AWS-KOL-015,30.2,1011.2,47.0,False,multivariate_inconsistency,low,45.0,NORMAL,30.2,1011.5,46.0,OFFLINE,replay,,45.0
2025-02-11T13:00:00+00:00,AWS-KOL-015,31.0,1009.9,40.0,False,multivariate_inconsistency,low,45.0,NORMAL,31.2,1010.2,37.0,OFFLINE,replay,,45.0
2025-02-11T14:00:00+00:00,AWS-KOL-015,31.2,1009.0,36.0,True,spike,high,89.9,FUSED_CONSENSUS,31.2,1009.2,34.0,OFFLINE,replay,,89.9
2025-02-11T15:00:00+00:00,AWS-KOL-015,31.0,1008.5,34.0,True,spike,high,89.9,FUSED_CONSENSUS,30.8,1008.8,32.0,OFFLINE,replay,,89.9
2025-02-11T16:00:00+00:00,AWS-KOL-015,30.1,1008.7,38.0,True,spike,high,89.9,FUSED_CONSENSUS,29.5,1009.0,38.0,OFFLINE,replay,,89.9
2025-02-11T17:00:00+00:00,AWS-KOL-015,28.3,1009.0,47.0,True,spike,high,89.9,FUSED_CONSENSUS,26.8,1009.4,53.0,OFFLINE,replay,,89.9
2025-02-11T18:00:00+00:00,AWS-KOL-015,26.8,1009.7,61.0,True,spike,high,89.9,FUSED_CONSENSUS,25.5,1010.1,65.0,OFFLINE,replay,,89.9
2025-02-11T19:00:00+00:00,AWS-KOL-015,26.5,1010.4,62.0,True,spike,high,89.9,FUSED_CONSENSUS,25.2,1010.8,68.0,OFFLINE,replay,,89.9
2025-02-11T20:00:00+00:00,AWS-KOL-015,25.9,1010.9,65.0,True,spike,high,89.9,FUSED_CONSENSUS,23.9,1011.4,68.0,OFFLINE,replay,,89.9
2025-02-11T21:00:00+00:00,AWS-KOL-015,24.0,1011.0,84.0,True,spike,high,89.9,FUSED_CONSENSUS,23.9,1011.5,81.0,OFFLINE,replay,,89.9
2025-02-11T22:00:00+00:00,AWS-KOL-015,23.1,1011.3,90.0,True,spike,high,89.9,FUSED_CONSENSUS,22.9,1011.6,90.0,OFFLINE,replay,,89.9
2025-02-11T23:00:00+00:00,AWS-KOL-015,22.7,1011.3,94.0,True,spike,high,89.9,FUSED_CONSENSUS,22.3,1011.6,93.0,OFFLINE,replay,,89.9
2025-02-12T00:00:00+00:00,AWS-KOL-015,22.4,1011.0,95.0,True,spike,high,89.9,FUSED_CONSENSUS,21.9,1011.3,95.0,OFFLINE,replay,,89.9
2025-02-12T01:00:00+00:00,AWS-KOL-015,22.2,1010.1,96.0,True,spike,high,89.9,FUSED_CONSENSUS,21.3,1010.4,96.0,OFFLINE,replay,,89.9
2025-02-12T02:00:00+00:00,AWS-KOL-015,22.0,1009.5,95.0,True,spike,high,89.9,FUSED_CONSENSUS,20.8,1009.8,97.0,OFFLINE,replay,,89.9
2025-02-12T03:00:00+00:00,AWS-KOL-015,21.3,1009.2,96.0,True,spike,high,89.9,FUSED_CONSENSUS,20.7,1009.6,97.0,OFFLINE,replay,,89.9
2025-02-12T04:00:00+00:00,AWS-KOL-015,20.9,1009.6,97.0,True,spike,high,87.9,FUSED_CONSENSUS,20.1,1009.9,99.0,OFFLINE,replay,,87.9
2025-02-12T05:00:00+00:00,AWS-KOL-015,20.4,1010.2,99.0,True,spike,high,87.0,FUSED_CONSENSUS,19.8,1010.5,100.0,OFFLINE,replay,,87.0
2025-02-12T06:00:00+00:00,AWS-KOL-015,21.3,1011.2,99.0,True,spike,high,89.9,FUSED_CONSENSUS,21.3,1011.5,99.0,OFFLINE,replay,,89.9
2025-02-12T07:00:00+00:00,AWS-KOL-015,21.8,1012.1,98.0,True,spike,high,89.9,FUSED_CONSENSUS,21.7,1012.4,97.0,OFFLINE,replay,,89.9
2025-02-12T08:00:00+00:00,AWS-KOL-015,22.7,1012.9,92.0,True,spike,high,89.9,FUSED_CONSENSUS,22.9,1013.2,90.0,OFFLINE,replay,,89.9
2025-02-12T09:00:00+00:00,AWS-KOL-015,24.5,1013.5,79.0,True,spike,high,89.9,FUSED_CONSENSUS,24.7,1013.9,78.0,OFFLINE,replay,,89.9
2025-02-12T10:00:00+00:00,AWS-KOL-015,27.2,1013.1,65.0,True,spike,high,85.4,FUSED_CONSENSUS,27.1,1013.5,65.0,OFFLINE,replay,,85.4
2025-02-12T11:00:00+00:00,AWS-KOL-015,29.5,1011.9,52.0,False,multivariate_inconsistency,low,45.0,NORMAL,29.4,1012.4,53.0,OFFLINE,replay,,45.0
2025-02-12T12:00:00+00:00,AWS-KOL-015,31.3,993.726957368838,43.0,False,multivariate_inconsistency,low,45.0,NORMAL,31.0,1011.1,45.0,OFFLINE,replay,,45.0
2025-02-12T13:00:00+00:00,AWS-KOL-015,32.0,1001.766221708174,39.0,False,multivariate_inconsistency,low,45.0,NORMAL,31.6,1009.8,40.0,OFFLINE,replay,,45.0
2025-02-12T14:00:00+00:00,AWS-KOL-015,32.3,1005.0462914850266,35.0,True,spike,high,89.9,FUSED_CONSENSUS,31.6,1009.0,38.0,OFFLINE,replay,,89.9
2025-02-12T15:00:00+00:00,AWS-KOL-015,32.2,1008.0,33.0,True,spike,high,89.9,FUSED_CONSENSUS,31.3,1008.6,36.0,OFFLINE,replay,,89.9
2025-02-12T16:00:00+00:00,AWS-KOL-015,31.3,1008.3,33.0,True,spike,high,89.9,FUSED_CONSENSUS,30.1,1008.8,41.0,OFFLINE,replay,,89.9
2025-02-12T17:00:00+00:00,AWS-KOL-015,29.2,1008.9,37.0,True,spike,high,89.9,FUSED_CONSENSUS,27.9,1009.3,53.0,OFFLINE,replay,,89.9
2025-02-12T18:00:00+00:00,AWS-KOL-015,28.0,1009.5,46.0,True,spike,high,89.9,FUSED_CONSENSUS,26.5,1010.0,60.0,OFFLINE,replay,,89.9
2025-02-12T19:00:00+00:00,AWS-KOL-015,27.8,1010.1,54.0,True,spike,high,89.9,FUSED_CONSENSUS,25.6,1010.6,63.0,OFFLINE,replay,,89.9
2025-02-12T20:00:00+00:00,AWS-KOL-015,27.1,1010.5,61.0,True,spike,high,89.9,FUSED_CONSENSUS,25.4,1011.0,66.0,OFFLINE,replay,,89.9
2025-02-12T21:00:00+00:00,AWS-KOL-015,26.0,1010.9,66.0,True,spike,high,89.9,FUSED_CONSENSUS,24.4,1011.3,72.0,OFFLINE,replay,,89.9
2025-02-12T22:00:00+00:00,AWS-KOL-015,24.5,1011.1,82.0,True,spike,high,89.9,FUSED_CONSENSUS,23.9,1011.5,86.0,OFFLINE,replay,,89.9
2025-02-12T23:00:00+00:00,AWS-KOL-015,23.7,1010.9,91.0,True,spike,high,89.9,FUSED_CONSENSUS,23.2,1011.3,92.0,OFFLINE,replay,,89.9
2025-02-13T00:00:00+00:00,AWS-KOL-015,23.2,1010.3,95.0,True,spike,high,89.9,FUSED_CONSENSUS,22.9,1010.7,95.0,OFFLINE,replay,,89.9
2025-02-13T01:00:00+00:00,AWS-KOL-015,23.0,1009.4,97.0,True,spike,high,89.9,FUSED_CONSENSUS,22.2,1009.8,96.0,OFFLINE,replay,,89.9
2025-02-13T02:00:00+00:00,AWS-KOL-015,22.7,1009.0,98.0,True,spike,high,89.9,FUSED_CONSENSUS,21.8,1009.4,98.0,OFFLINE,replay,,89.9
2025-02-13T03:00:00+00:00,AWS-KOL-015,22.5,1008.9,99.0,True,spike,high,89.9,FUSED_CONSENSUS,22.2,1009.3,99.0,OFFLINE,replay,,89.9
2025-02-13T04:00:00+00:00,AWS-KOL-015,22.5,1008.9,99.0,True,spike,high,89.9,FUSED_CONSENSUS,22.1,1009.3,99.0,OFFLINE,replay,,89.9
2025-02-13T05:00:00+00:00,AWS-KOL-015,22.4,1009.1,99.0,True,spike,high,89.9,FUSED_CONSENSUS,22.2,1009.5,99.0,OFFLINE,replay,,89.9
2025-02-13T06:00:00+00:00,AWS-KOL-015,22.9,1009.8,99.0,True,spike,high,89.9,FUSED_CONSENSUS,22.6,1010.2,99.0,OFFLINE,replay,,89.9
2025-02-13T07:00:00+00:00,AWS-KOL-015,23.2,1010.7,98.0,True,spike,high,89.9,FUSED_CONSENSUS,23.1,1011.1,98.0,OFFLINE,replay,,89.9
2025-02-13T08:00:00+00:00,AWS-KOL-015,24.2,1011.6,90.0,True,spike,high,89.9,FUSED_CONSENSUS,23.6,1012.0,92.0,OFFLINE,replay,,89.9
2025-02-13T09:00:00+00:00,AWS-KOL-015,25.9,1012.5,78.0,True,spike,high,89.9,FUSED_CONSENSUS,24.8,1012.9,85.0,OFFLINE,replay,,89.9
2025-02-13T10:00:00+00:00,AWS-KOL-015,27.8,1012.2,66.0,True,spike,high,86.0,FUSED_CONSENSUS,27.5,1012.5,68.0,OFFLINE,replay,,86.0
2025-02-13T11:00:00+00:00,AWS-KOL-015,29.6,1011.3,51.0,False,multivariate_inconsistency,low,45.0,NORMAL,29.4,1011.6,54.0,OFFLINE,replay,,45.0
2025-02-13T12:00:00+00:00,AWS-KOL-015,30.9,1010.1,40.0,False,multivariate_inconsistency,low,45.0,NORMAL,30.8,1010.4,41.0,OFFLINE,replay,,45.0
2025-02-13T13:00:00+00:00,AWS-KOL-015,31.4,1008.8,35.0,False,multivariate_inconsistency,low,45.0,NORMAL,31.4,1009.0,36.0,OFFLINE,replay,,45.0
2025-02-13T14:00:00+00:00,AWS-KOL-015,31.4,1007.5,34.0,True,spike,high,89.9,FUSED_CONSENSUS,31.3,1007.7,34.0,OFFLINE,replay,,89.9
2025-02-13T15:00:00+00:00,AWS-KOL-015,31.0,1007.2,36.0,True,spike,high,89.9,FUSED_CONSENSUS,30.7,1007.4,34.0,OFFLINE,replay,,89.9
2025-02-13T16:00:00+00:00,AWS-KOL-015,29.9,1007.4,38.0,True,spike,high,89.9,FUSED_CONSENSUS,29.5,1007.7,37.0,OFFLINE,replay,,89.9
2025-02-13T17:00:00+00:00,AWS-KOL-015,28.2,1008.0,44.0,True,spike,high,89.9,FUSED_CONSENSUS,27.7,1008.3,43.0,OFFLINE,replay,,89.9
2025-02-13T18:00:00+00:00,AWS-KOL-015,27.0,1008.7,58.0,True,spike,high,89.9,FUSED_CONSENSUS,27.0,1009.1,52.0,OFFLINE,replay,,89.9
2025-02-13T19:00:00+00:00,AWS-KOL-015,26.3,1009.5,58.0,True,spike,high,89.9,FUSED_CONSENSUS,25.5,1009.9,57.0,OFFLINE,replay,,89.9
2025-02-13T20:00:00+00:00,AWS-KOL-015,26.0,1009.8,54.0,True,spike,high,89.9,FUSED_CONSENSUS,24.7,1010.2,60.0,OFFLINE,replay,,89.9
2025-02-13T21:00:00+00:00,AWS-KOL-015,25.4,1010.3,58.0,True,spike,high,89.9,FUSED_CONSENSUS,23.9,1010.6,61.0,OFFLINE,replay,,89.9
2025-02-13T22:00:00+00:00,AWS-KOL-015,25.2,1010.7,59.0,True,spike,high,89.9,FUSED_CONSENSUS,23.5,1011.1,61.0,OFFLINE,replay,,89.9
2025-02-13T23:00:00+00:00,AWS-KOL-015,23.9,1010.4,64.0,True,spike,high,89.9,FUSED_CONSENSUS,22.8,1010.7,64.0,OFFLINE,replay,,89.9
2025-02-14T00:00:00+00:00,AWS-KOL-015,22.6,1010.8,68.0,True,spike,high,89.9,FUSED_CONSENSUS,21.9,1011.0,61.0,OFFLINE,replay,,89.9
2025-02-14T01:00:00+00:00,AWS-KOL-015,21.0,1010.3,67.0,True,spike,high,88.1,FUSED_CONSENSUS,20.9,1010.5,57.0,OFFLINE,replay,,88.1
2025-02-14T02:00:00+00:00,AWS-KOL-015,20.3,1009.8,60.0,True,spike,high,86.8,FUSED_CONSENSUS,20.3,1010.0,52.0,OFFLINE,replay,,86.8
2025-02-14T03:00:00+00:00,AWS-KOL-015,19.8,1009.8,52.0,True,spike,high,86.9,FUSED_CONSENSUS,19.3,1010.1,45.0,OFFLINE,replay,,86.9
2025-02-14T04:00:00+00:00,AWS-KOL-015,19.2,1009.6,48.0,True,spike,high,87.1,FUSED_CONSENSUS,18.1,1009.9,48.0,OFFLINE,replay,,87.1
2025-02-14T05:00:00+00:00,AWS-KOL-015,18.5,1010.1,49.0,True,spike,high,86.5,FUSED_CONSENSUS,17.3,1010.4,52.0,OFFLINE,replay,,86.5
2025-02-14T06:00:00+00:00,AWS-KOL-015,19.1,1011.5,52.0,False,,low,0.0,NORMAL,18.3,1011.8,55.0,OFFLINE,replay,,0.0
2025-02-14T07:00:00+00:00,AWS-KOL-015,20.5,1012.5,48.0,False,spike,low,33.1,NORMAL,20.4,1012.8,49.0,OFFLINE,replay,,33.1
2025-02-14T08:00:00+00:00,AWS-KOL-015,23.1,1013.1,39.0,False,spike,low,34.2,NORMAL,22.9,1013.4,40.0,OFFLINE,replay,,34.2
2025-02-14T09:00:00+00:00,AWS-KOL-015,25.1,1013.8,31.0,False,spike,low,34.2,NORMAL,25.0,1014.1,31.0,OFFLINE,replay,,34.2
2025-02-14T10:00:00+00:00,AWS-KOL-015,26.5,1013.5,26.0,False,spike,low,34.2,NORMAL,26.4,1013.8,27.0,OFFLINE,replay,,34.2
2025-02-14T11:00:00+00:00,AWS-KOL-015,27.8,1012.2,23.0,False,spike,low,34.2,NORMAL,27.5,1012.4,24.0,OFFLINE,replay,,34.2
2025-02-14T12:00:00+00:00,AWS-KOL-015,28.5,1010.8,20.0,False,spike,low,34.2,NORMAL,28.3,1011.0,22.0,OFFLINE,replay,,34.2
2025-02-14T13:00:00+00:00,AWS-KOL-015,28.9,1009.4,19.0,False,spike,low,34.2,NORMAL,28.9,1009.6,21.0,OFFLINE,replay,,34.2
2025-02-14T14:00:00+00:00,AWS-KOL-015,29.0,1008.3,19.0,True,spike,high,89.9,FUSED_CONSENSUS,29.0,1008.5,20.0,OFFLINE,replay,,89.9
2025-02-14T15:00:00+00:00,AWS-KOL-015,28.8,1007.6,21.0,True,spike,high,89.9,FUSED_CONSENSUS,28.5,1007.9,20.0,OFFLINE,replay,,89.9
2025-02-14T16:00:00+00:00,AWS-KOL-015,28.0,1007.8,23.0,True,spike,high,89.9,FUSED_CONSENSUS,27.2,1008.1,25.0,OFFLINE,replay,,89.9
2025-02-14T17:00:00+00:00,AWS-KOL-015,25.9,1008.4,31.0,True,spike,high,89.9,FUSED_CONSENSUS,24.6,1008.7,36.0,OFFLINE,replay,,89.9
2025-02-14T18:00:00+00:00,AWS-KOL-015,24.9,1009.4,38.0,True,spike,high,89.9,FUSED_CONSENSUS,23.1,1009.7,45.0,OFFLINE,replay,,89.9
2025-02-14T19:00:00+00:00,AWS-KOL-015,23.9,1009.8,45.0,True,spike,high,89.9,FUSED_CONSENSUS,22.7,1010.2,47.0,OFFLINE,replay,,89.9
2025-02-14T20:00:00+00:00,AWS-KOL-015,23.6,1010.7,43.0,True,spike,high,89.9,FUSED_CONSENSUS,21.2,1011.1,50.0,OFFLINE,replay,,89.9
2025-02-14T21:00:00+00:00,AWS-KOL-015,23.4,1011.1,41.0,True,spike,high,89.9,FUSED_CONSENSUS,20.3,1011.4,54.0,OFFLINE,replay,,89.9
2025-02-14T22:00:00+00:00,AWS-KOL-015,22.5,1011.1,44.0,True,spike,high,89.9,FUSED_CONSENSUS,20.0,1011.4,59.0,OFFLINE,replay,,89.9
2025-02-14T23:00:00+00:00,AWS-KOL-015,21.8,1010.8,46.0,True,spike,high,89.6,FUSED_CONSENSUS,20.6,1011.1,54.0,OFFLINE,replay,,89.6
2025-02-15T00:00:00+00:00,AWS-KOL-015,21.0,1010.4,50.0,True,spike,high,88.1,FUSED_CONSENSUS,20.5,1010.6,51.0,OFFLINE,replay,,88.1
2025-02-15T01:00:00+00:00,AWS-KOL-015,20.0,1009.9,57.0,True,spike,high,86.7,FUSED_CONSENSUS,19.0,1010.2,59.0,OFFLINE,replay,,86.7
2025-02-15T02:00:00+00:00,AWS-KOL-015,18.4,1009.8,66.0,True,spike,high,86.9,FUSED_CONSENSUS,16.9,1010.0,70.0,OFFLINE,replay,,86.9
2025-02-15T03:00:00+00:00,AWS-KOL-015,17.3,1009.5,72.0,True,spike,high,87.2,FUSED_CONSENSUS,16.0,1009.8,76.0,OFFLINE,replay,,87.2
2025-02-15T04:00:00+00:00,AWS-KOL-015,16.9,1009.8,73.0,True,spike,high,86.9,FUSED_CONSENSUS,15.7,1010.0,78.0,OFFLINE,replay,,86.9
2025-02-15T05:00:00+00:00,AWS-KOL-015,16.8,1010.5,71.0,True,spike,high,89.0,FUSED_CONSENSUS,16.0,1010.7,76.0,OFFLINE,replay,,89.0
2025-02-15T06:00:00+00:00,AWS-KOL-015,17.7,1011.6,73.0,False,multivariate_inconsistency,low,45.0,NORMAL,17.2,1011.9,77.0,OFFLINE,replay,,45.0
2025-02-15T07:00:00+00:00,AWS-KOL-015,20.0,1012.4,63.0,False,multivariate_inconsistency,low,45.0,NORMAL,20.0,1012.6,65.0,OFFLINE,replay,,45.0
2025-02-15T08:00:00+00:00,AWS-KOL-015,23.2,1012.9,52.0,False,multivariate_inconsistency,low,45.0,NORMAL,23.1,1013.2,54.0,OFFLINE,replay,,45.0
2025-02-15T09:00:00+00:00,AWS-KOL-015,25.9,1013.2,41.0,False,multivariate_inconsistency,low,45.0,NORMAL,25.7,1013.6,43.0,OFFLINE,replay,,45.0
2025-02-15T10:00:00+00:00,AWS-KOL-015,27.9,1012.4,32.0,False,spike,low,34.2,NORMAL,27.8,1012.8,32.0,OFFLINE,replay,,34.2
2025-02-15T11:00:00+00:00,AWS-KOL-015,29.6,1011.0,24.0,False,spike,low,34.2,NORMAL,29.3,1011.3,24.0,OFFLINE,replay,,34.2
2025-02-15T12:00:00+00:00,AWS-KOL-015,30.5,1009.7,20.0,False,spike,low,34.2,NORMAL,30.1,1010.0,22.0,OFFLINE,replay,,34.2
2025-02-15T13:00:00+00:00,AWS-KOL-015,30.8,1008.5,19.0,True,spike,high,89.9,FUSED_CONSENSUS,30.5,1008.7,20.0,OFFLINE,replay,,89.9
2025-02-15T14:00:00+00:00,AWS-KOL-015,30.5,1007.9,20.0,True,spike,high,89.9,FUSED_CONSENSUS,30.3,1008.1,21.0,OFFLINE,replay,,89.9
2025-02-15T15:00:00+00:00,AWS-KOL-015,29.6,1008.04874183277,21.0,True,spike,high,89.9,FUSED_CONSENSUS,29.4,1007.8,23.0,OFFLINE,replay,,89.9
2025-02-15T16:00:00+00:00,AWS-KOL-015,28.5,1008.7974836655402,24.0,True,spike,high,89.9,FUSED_CONSENSUS,28.2,1008.1,27.0,OFFLINE,replay,,89.9
2025-02-15T17:00:00+00:00,AWS-KOL-015,27.2,1009.8462254983104,30.0,True,spike,high,89.9,FUSED_CONSENSUS,25.8,1008.8,36.0,OFFLINE,replay,,89.9
2025-02-15T18:00:00+00:00,AWS-KOL-015,26.3,1010.7949673310804,35.0,True,spike,high,89.9,FUSED_CONSENSUS,25.2,1009.4,40.0,OFFLINE,replay,,89.9
2025-02-15T19:00:00+00:00,AWS-KOL-015,25.6,1011.8437091638503,39.0,True,spike,high,89.9,FUSED_CONSENSUS,24.1,1010.1,42.0,OFFLINE,replay,,89.9
2025-02-15T20:00:00+00:00,AWS-KOL-015,24.9,1012.7924509966206,38.0,True,spike,high,89.9,FUSED_CONSENSUS,22.6,1010.6,47.0,OFFLINE,replay,,89.9
2025-02-15T21:00:00+00:00,AWS-KOL-015,24.4,1013.3411928293908,41.0,True,spike,high,89.9,FUSED_CONSENSUS,22.2,1010.6,49.0,OFFLINE,replay,,89.9
2025-02-15T22:00:00+00:00,AWS-KOL-015,23.8,1013.7899346621608,45.0,True,spike,high,89.9,FUSED_CONSENSUS,21.1,1010.6,57.0,OFFLINE,replay,,89.9
2025-02-15T23:00:00+00:00,AWS-KOL-015,23.1,1014.2386764949308,49.0,True,spike,high,89.9,FUSED_CONSENSUS,21.1,1010.5,63.0,OFFLINE,replay,,89.9
2025-02-16T00:00:00+00:00,AWS-KOL-015,21.6,1014.487418327701,64.0,True,spike,high,89.2,FUSED_CONSENSUS,20.7,1010.2,64.0,OFFLINE,replay,,89.2
2025-02-16T01:00:00+00:00,AWS-KOL-015,20.2,1014.436160160471,80.0,True,spike,high,86.7,FUSED_CONSENSUS,19.5,1009.7,68.0,OFFLINE,replay,,86.7
2025-02-16T02:00:00+00:00,AWS-KOL-015,19.3,1014.684901993241,89.0,True,spike,high,85.0,FUSED_CONSENSUS,18.6,1009.5,81.0,OFFLINE,replay,,85.0
2025-02-16T03:00:00+00:00,AWS-KOL-015,18.8,1014.8336438260112,93.0,False,multivariate_inconsistency,low,45.0,NORMAL,17.6,1009.2,88.0,OFFLINE,replay,,45.0
2025-02-16T04:00:00+00:00,AWS-KOL-015,18.4,1015.2823856587812,94.0,False,multivariate_inconsistency,low,45.0,NORMAL,17.2,1009.3,93.0,OFFLINE,replay,,45.0
2025-02-16T05:00:00+00:00,AWS-KOL-015,18.1,1016.5311274915514,95.0,True,spike,high,89.9,FUSED_CONSENSUS,16.9,1010.1,93.0,OFFLINE,replay,,89.9
2025-02-16T06:00:00+00:00,AWS-KOL-015,18.4,1017.9798693243216,98.0,False,multivariate_inconsistency,low,45.0,NORMAL,17.4,1011.1,94.0,OFFLINE,replay,,45.0
2025-02-16T07:00:00+00:00,AWS-KOL-015,19.7,1019.4286111570916,90.0,True,spike,high,89.9,FUSED_CONSENSUS,20.0,1012.1,87.0,OFFLINE,replay,,89.9
2025-02-16T08:00:00+00:00,AWS-KOL-015,22.8,1020.4773529898616,78.0,True,spike,high,89.9,FUSED_CONSENSUS,23.2,1012.7,77.0,OFFLINE,replay,,89.9
2025-02-16T09:00:00+00:00,AWS-KOL-015,25.7,1021.2260948226318,65.0,True,spike,high,85.4,FUSED_CONSENSUS,25.7,1013.1,66.0,OFFLINE,replay,,85.4
2025-02-16T10:00:00+00:00,AWS-KOL-015,28.3,1021.2748366554018,50.0,False,multivariate_inconsistency,low,45.0,NORMAL,28.3,1012.8,50.0,OFFLINE,replay,,45.0
2025-02-16T11:00:00+00:00,AWS-KOL-015,30.2,1020.723578488172,39.0,False,multivariate_inconsistency,low,45.0,NORMAL,30.2,1011.7,38.0,OFFLINE,replay,,45.0
2025-02-16T12:00:00+00:00,AWS-KOL-015,31.3,1019.872320320942,33.0,False,spike,low,34.2,NORMAL,31.3,1010.3,33.0,OFFLINE,replay,,34.2
2025-02-16T13:00:00+00:00,AWS-KOL-015,31.9,1019.3210621537122,30.0,False,spike,low,34.2,NORMAL,31.9,1009.3,29.0,OFFLINE,replay,,34.2
2025-02-16T14:00:00+00:00,AWS-KOL-015,40.80091796983344,1008.4615113919928,45.58857198691162,True,spike,high,89.9,FUSED_CONSENSUS,31.8,1008.6,28.0,OFFLINE,replay,,89.9
2025-02-16T15:00:00+00:00,AWS-KOL-015,40.60091796983344,1008.6237243896924,45.60813815488405,True,spike,high,89.9,FUSED_CONSENSUS,31.4,1008.5,28.0,OFFLINE,replay,,89.9
2025-02-16T16:00:00+00:00,AWS-KOL-015,39.70091796983344,1008.6527560870236,53.85663485731765,True,spike,high,89.9,FUSED_CONSENSUS,30.3,1008.6,34.0,OFFLINE,replay,,89.9
2025-02-16T17:00:00+00:00,AWS-KOL-015,29.2,1008.7,41.0,True,spike,high,89.9,FUSED_CONSENSUS,27.6,1009.1,46.0,OFFLINE,replay,,89.9
2025-02-16T18:00:00+00:00,AWS-KOL-015,27.9,1009.5,46.0,True,spike,high,89.9,FUSED_CONSENSUS,27.1,1010.0,49.0,OFFLINE,replay,,89.9
2025-02-16T19:00:00+00:00,AWS-KOL-015,26.5,1010.2,52.0,True,spike,high,89.9,FUSED_CONSENSUS,25.5,1010.6,51.0,OFFLINE,replay,,89.9
2025-02-16T20:00:00+00:00,AWS-KOL-015,25.4,1011.1,60.0,True,spike,high,89.9,FUSED_CONSENSUS,24.6,1011.5,61.0,OFFLINE,replay,,89.9
2025-02-16T21:00:00+00:00,AWS-KOL-015,24.2,1011.7,69.0,True,spike,high,89.9,FUSED_CONSENSUS,23.4,1012.2,70.0,OFFLINE,replay,,89.9
2025-02-16T22:00:00+00:00,AWS-KOL-015,23.4,1012.1,78.0,True,spike,high,89.9,FUSED_CONSENSUS,23.0,1012.5,79.0,OFFLINE,replay,,89.9
2025-02-16T23:00:00+00:00,AWS-KOL-015,22.8,1012.0,84.0,True,spike,high,89.9,FUSED_CONSENSUS,22.2,1012.3,86.0,OFFLINE,replay,,89.9
2025-02-17T00:00:00+00:00,AWS-KOL-015,22.3,1011.8,89.0,True,spike,high,89.9,FUSED_CONSENSUS,21.3,1012.2,90.0,OFFLINE,replay,,89.9
2025-02-17T01:00:00+00:00,AWS-KOL-015,22.1,1011.3,92.0,True,spike,high,89.9,FUSED_CONSENSUS,21.1,1011.7,92.0,OFFLINE,replay,,89.9
2025-02-17T02:00:00+00:00,AWS-KOL-015,21.9,1010.9,93.0,True,spike,high,89.7,FUSED_CONSENSUS,20.6,1011.3,95.0,OFFLINE,replay,,89.7
2025-02-17T03:00:00+00:00,AWS-KOL-015,21.7,1010.8,95.0,True,spike,high,89.4,FUSED_CONSENSUS,20.8,1011.2,97.0,OFFLINE,replay,,89.4
2025-02-17T04:00:00+00:00,AWS-KOL-015,21.5,1010.7,96.0,True,spike,high,89.0,FUSED_CONSENSUS,20.8,1011.1,98.0,OFFLINE,replay,,89.0
2025-02-17T05:00:00+00:00,AWS-KOL-015,21.1,1011.5,98.0,True,spike,high,88.3,FUSED_CONSENSUS,20.2,1011.9,99.0,OFFLINE,replay,,88.3
2025-02-17T06:00:00+00:00,AWS-KOL-015,22.6,1012.3,96.0,True,spike,high,89.9,FUSED_CONSENSUS,22.3,1012.7,98.0,OFFLINE,replay,,89.9
2025-02-17T07:00:00+00:00,AWS-KOL-015,23.7,1013.4,91.0,True,spike,high,89.9,FUSED_CONSENSUS,23.2,1013.8,93.0,OFFLINE,replay,,89.9
2025-02-17T08:00:00+00:00,AWS-KOL-015,25.3,1014.0,81.0,True,spike,high,89.9,FUSED_CONSENSUS,24.7,1014.5,84.0,OFFLINE,replay,,89.9
2025-02-17T09:00:00+00:00,AWS-KOL-015,27.7,1014.2,65.0,True,spike,high,85.4,FUSED_CONSENSUS,27.2,1014.6,68.0,OFFLINE,replay,,85.4
2025-02-17T10:00:00+00:00,AWS-KOL-015,29.6,1013.6,54.0,False,multivariate_inconsistency,low,45.0,NORMAL,29.3,1014.0,58.0,OFFLINE,replay,,45.0
2025-02-17T11:00:00+00:00,AWS-KOL-015,31.1,1012.8,45.0,False,multivariate_inconsistency,low,45.0,NORMAL,31.1,1013.1,46.0,OFFLINE,replay,,45.0
2025-02-17T12:00:00+00:00,AWS-KOL-015,31.7,1011.5,42.0,False,multivariate_inconsistency,low,45.0,NORMAL,31.9,1011.8,39.0,OFFLINE,replay,,45.0
2025-02-17T13:00:00+00:00,AWS-KOL-015,32.2,1010.7,40.0,True,spike,high,89.9,FUSED_CONSENSUS,31.9,1011.0,38.0,OFFLINE,replay,,89.9
2025-02-17T14:00:00+00:00,AWS-KOL-015,32.3,1009.6,39.0,True,spike,high,89.9,FUSED_CONSENSUS,31.8,1009.9,38.0,OFFLINE,replay,,89.9
2025-02-17T15:00:00+00:00,AWS-KOL-015,31.9,1009.3,40.0,True,spike,high,89.9,FUSED_CONSENSUS,31.8,1009.6,39.0,OFFLINE,replay,,89.9
2025-02-17T16:00:00+00:00,AWS-KOL-015,31.0,1009.3,43.0,True,spike,high,89.9,FUSED_CONSENSUS,30.8,1009.7,44.0,OFFLINE,replay,,89.9
2025-02-17T17:00:00+00:00,AWS-KOL-015,29.4,1009.9,50.0,True,spike,high,89.9,FUSED_CONSENSUS,29.1,1010.2,54.0,OFFLINE,replay,,89.9
2025-02-17T18:00:00+00:00,AWS-KOL-015,27.6,1010.7,61.0,True,spike,high,89.9,FUSED_CONSENSUS,27.5,1011.0,60.0,OFFLINE,replay,,89.9
2025-02-17T19:00:00+00:00,AWS-KOL-015,26.5,1011.6,70.0,True,spike,high,89.9,FUSED_CONSENSUS,26.2,1012.0,67.0,OFFLINE,replay,,89.9
2025-02-17T20:00:00+00:00,AWS-KOL-015,25.8,1012.2,73.0,True,spike,high,89.9,FUSED_CONSENSUS,25.8,1012.6,73.0,OFFLINE,replay,,89.9
2025-02-17T21:00:00+00:00,AWS-KOL-015,25.1,1012.6,78.0,True,spike,high,89.9,FUSED_CONSENSUS,25.0,1013.0,77.0,OFFLINE,replay,,89.9
2025-02-17T22:00:00+00:00,AWS-KOL-015,24.4,1012.5,80.0,True,spike,high,89.9,FUSED_CONSENSUS,24.1,1012.9,81.0,OFFLINE,replay,,89.9
2025-02-17T23:00:00+00:00,AWS-KOL-015,23.9,1012.2,82.0,True,spike,high,89.9,FUSED_CONSENSUS,23.1,1012.6,85.0,OFFLINE,replay,,89.9
2025-02-18T00:00:00+00:00,AWS-KOL-015,23.5,1011.8,83.0,True,spike,high,89.9,FUSED_CONSENSUS,22.6,1012.3,87.0,OFFLINE,replay,,89.9
2025-02-18T01:00:00+00:00,AWS-KOL-015,23.2,1011.6,84.0,True,spike,high,89.9,FUSED_CONSENSUS,22.3,1011.9,87.0,OFFLINE,replay,,89.9
2025-02-18T02:00:00+00:00,AWS-KOL-015,22.9,1011.3,85.0,True,spike,high,89.9,FUSED_CONSENSUS,22.5,1011.6,86.0,OFFLINE,replay,,89.9
2025-02-18T03:00:00+00:00,AWS-KOL-015,22.5,1010.7,88.0,True,spike,high,89.9,FUSED_CONSENSUS,21.7,1011.0,90.0,OFFLINE,replay,,89.9
2025-02-18T04:00:00+00:00,AWS-KOL-015,27.42004251753172,1002.3224429027848,74.60923987223626,True,spike,high,89.9,FUSED_CONSENSUS,20.5,1011.0,94.0,OFFLINE,replay,,89.9
2025-02-18T05:00:00+00:00,AWS-KOL-015,15.639226548529,1017.6333631095704,74.40675836234897,False,multivariate_inconsistency,low,45.0,NORMAL,20.2,1011.3,96.0,OFFLINE,replay,,45.0
2025-02-18T06:00:00+00:00,AWS-KOL-015,28.39054135577328,1005.6765701086816,95.0,True,spike,high,89.9,FUSED_CONSENSUS,20.9,1012.4,99.0,OFFLINE,replay,,89.9
2025-02-18T07:00:00+00:00,AWS-KOL-015,29.445581922411392,1005.2954460604516,71.80686311912285,True,spike,high,89.9,FUSED_CONSENSUS,22.2,1013.1,94.0,OFFLINE,replay,,89.9
2025-02-18T08:00:00+00:00,AWS-KOL-015,18.99676311209906,1021.2435963319016,92.1425304718351,True,spike,high,89.9,FUSED_CONSENSUS,24.8,1013.8,79.0,OFFLINE,replay,,89.9
2025-02-18T09:00:00+00:00,AWS-KOL-015,20.59084376167189,1021.0842352976756,78.9808215325911,True,spike,high,89.9,FUSED_CONSENSUS,26.8,1014.2,67.0,OFFLINE,replay,,89.9
2025-02-18T10:00:00+00:00,AWS-KOL-015,34.95678946088992,1005.9971276768224,38.34200974187414,True,spike,high,89.9,FUSED_CONSENSUS,28.6,1013.9,57.0,OFFLINE,replay,,89.9
2025-02-18T11:00:00+00:00,AWS-KOL-015,30.5,1012.6,50.0,False,multivariate_inconsistency,low,45.0,NORMAL,30.1,1013.0,52.0,OFFLINE,replay,,45.0
2025-02-18T12:00:00+00:00,AWS-KOL-015,31.6,1011.3,45.0,False,multivariate_inconsistency,low,45.0,NORMAL,31.1,1011.7,48.0,OFFLINE,replay,,45.0
2025-02-18T13:00:00+00:00,AWS-KOL-015,32.4,1010.1,43.0,False,multivariate_inconsistency,low,45.0,NORMAL,31.7,1010.5,45.0,OFFLINE,replay,,45.0
2025-02-18T14:00:00+00:00,AWS-KOL-015,26.671454203906052,1017.4248557742678,59.134357377881,True,spike,high,89.9,FUSED_CONSENSUS,31.5,1009.6,45.0,OFFLINE,replay,,89.9
2025-02-18T15:00:00+00:00,AWS-KOL-015,36.29599855993229,1001.9744160733017,29.49837335830653,True,spike,high,89.9,FUSED_CONSENSUS,30.6,1009.7,47.0,OFFLINE,replay,,89.9
2025-02-18T16:00:00+00:00,AWS-KOL-015,36.74571721085525,1002.4481117363268,34.832965793724675,True,spike,high,89.9,FUSED_CONSENSUS,29.8,1009.9,49.0,OFFLINE,replay,,89.9
2025-02-18T17:00:00+00:00,AWS-KOL-015,22.594131421768843,1016.5202837202564,39.07886564143944,True,spike,high,89.9,FUSED_CONSENSUS,28.4,1010.4,54.0,OFFLINE,replay,,89.9
2025-02-18T18:00:00+00:00,AWS-KOL-015,22.8,1012.2,83.0,True,spike,high,89.9,FUSED_CONSENSUS,22.3,1012.4,85.0,OFFLINE,replay,,89.9
2025-02-18T19:00:00+00:00,AWS-KOL-015,22.3,1011.6,84.0,True,spike,high,89.9,FUSED_CONSENSUS,21.9,1012.0,85.0,OFFLINE,replay,,89.9
2025-02-18T20:00:00+00:00,AWS-KOL-015,22.5,1011.9,85.0,True,spike,high,89.9,FUSED_CONSENSUS,22.0,1012.2,87.0,OFFLINE,replay,,89.9
2025-02-18T21:00:00+00:00,AWS-KOL-015,22.3,1012.1,86.0,True,spike,high,89.9,FUSED_CONSENSUS,21.7,1012.5,90.0,OFFLINE,replay,,89.9
2025-02-18T22:00:00+00:00,AWS-KOL-015,22.1,1012.2,88.0,True,spike,high,89.9,FUSED_CONSENSUS,21.0,1012.5,92.0,OFFLINE,replay,,89.9
2025-02-18T23:00:00+00:00,AWS-KOL-015,22.0,1012.0,87.0,True,spike,high,89.9,FUSED_CONSENSUS,20.9,1012.3,91.0,OFFLINE,replay,,89.9
2025-02-19T00:00:00+00:00,AWS-KOL-015,21.7,1011.4,88.0,True,spike,high,89.9,FUSED_CONSENSUS,20.8,1011.7,91.0,OFFLINE,replay,,89.9
2025-02-19T01:00:00+00:00,AWS-KOL-015,21.4,1010.8,91.0,True,spike,high,88.8,FUSED_CONSENSUS,20.5,1011.1,92.0,OFFLINE,replay,,88.8
2025-02-19T02:00:00+00:00,AWS-KOL-015,21.1,1010.4,94.0,True,spike,high,88.3,FUSED_CONSENSUS,20.6,1010.9,93.0,OFFLINE,replay,,88.3
2025-02-19T03:00:00+00:00,AWS-KOL-015,20.9,1010.5,94.0,True,spike,high,87.9,FUSED_CONSENSUS,19.9,1010.7,95.0,OFFLINE,replay,,87.9
2025-02-19T04:00:00+00:00,AWS-KOL-015,20.4,1010.7,93.95199142251876,True,spike,high,87.0,FUSED_CONSENSUS,19.8,1011.0,94.0,OFFLINE,replay,,87.0
2025-02-19T05:00:00+00:00,AWS-KOL-015,20.1,1011.1,93.90994691275291,True,spike,high,89.9,FUSED_CONSENSUS,19.6,1011.3,93.0,OFFLINE,replay,,89.9
2025-02-19T06:00:00+00:00,AWS-KOL-015,20.6,1012.1,93.93468282294742,True,spike,high,89.9,FUSED_CONSENSUS,20.5,1012.6,93.0,OFFLINE,replay,,89.9
2025-02-19T07:00:00+00:00,AWS-KOL-015,20.1,1013.5,93.99240867699775,True,spike,high,86.5,FUSED_CONSENSUS,20.0,1013.9,93.0,OFFLINE,replay,,86.5
2025-02-19T08:00:00+00:00,AWS-KOL-015,21.4,1013.4,94.06618333799798,True,spike,high,89.9,FUSED_CONSENSUS,21.4,1013.7,88.0,OFFLINE,replay,,89.9
2025-02-19T09:00:00+00:00,AWS-KOL-015,22.8,1014.0,94.14396615249544,True,spike,high,89.9,FUSED_CONSENSUS,23.1,1014.2,82.0,OFFLINE,replay,,89.9
2025-02-19T10:00:00+00:00,AWS-KOL-015,25.4,1013.4,94.132590529973,True,spike,high,89.9,FUSED_CONSENSUS,26.1,1013.8,70.0,OFFLINE,replay,,89.9
2025-02-19T11:00:00+00:00,AWS-KOL-015,26.2,1012.4,75.0,True,spike,high,89.9,FUSED_CONSENSUS,26.9,1012.8,68.0,OFFLINE,replay,,89.9
2025-02-19T12:00:00+00:00,AWS-KOL-015,27.6,1011.1,68.0,True,spike,high,87.2,FUSED_CONSENSUS,28.5,1011.5,60.0,OFFLINE,replay,,87.2
2025-02-19T13:00:00+00:00,AWS-KOL-015,28.3,1009.7,63.0,False,multivariate_inconsistency,low,45.0,NORMAL,29.2,1010.1,55.0,OFFLINE,replay,,45.0
2025-02-19T14:00:00+00:00,AWS-KOL-015,28.3,1008.8,61.0,True,spike,high,89.9,FUSED_CONSENSUS,29.3,1009.3,53.0,OFFLINE,replay,,89.9
2025-02-19T15:00:00+00:00,AWS-KOL-015,28.2,1008.3,60.0,True,spike,high,89.9,FUSED_CONSENSUS,29.0,1008.8,54.0,OFFLINE,replay,,89.9
2025-02-19T16:00:00+00:00,AWS-KOL-015,27.9,1008.4,63.0,True,spike,high,89.9,FUSED_CONSENSUS,28.3,1008.8,57.0,OFFLINE,replay,,89.9
2025-02-19T17:00:00+00:00,AWS-KOL-015,25.4,1009.5,69.0,True,spike,high,89.9,FUSED_CONSENSUS,25.4,1009.8,72.0,OFFLINE,replay,,89.9
2025-02-19T18:00:00+00:00,AWS-KOL-015,22.7,1010.1,84.0,True,spike,high,89.9,FUSED_CONSENSUS,22.7,1010.5,87.0,OFFLINE,replay,,89.9
2025-02-19T19:00:00+00:00,AWS-KOL-015,22.2,1011.6,83.0,True,spike,high,89.9,FUSED_CONSENSUS,22.0,1011.8,90.0,OFFLINE,replay,,89.9
2025-02-19T20:00:00+00:00,AWS-KOL-015,22.2,1011.6,84.0,True,spike,high,89.9,FUSED_CONSENSUS,21.8,1011.9,87.0,OFFLINE,replay,,89.9
2025-02-19T21:00:00+00:00,AWS-KOL-015,22.0,1012.1,86.0,True,spike,high,89.9,FUSED_CONSENSUS,21.3,1012.4,92.0,OFFLINE,replay,,89.9
2025-02-19T22:00:00+00:00,AWS-KOL-015,21.8,1012.3,87.0,True,spike,high,89.6,FUSED_CONSENSUS,20.7,1012.5,94.0,OFFLINE,replay,,89.6
2025-02-19T23:00:00+00:00,AWS-KOL-015,21.7,1012.4,88.0,True,spike,high,89.9,FUSED_CONSENSUS,20.8,1012.7,94.0,OFFLINE,replay,,89.9
2025-02-20T00:00:00+00:00,AWS-KOL-015,21.5,1012.1,88.0,True,spike,high,89.9,FUSED_CONSENSUS,20.7,1012.5,91.0,OFFLINE,replay,,89.9
2025-02-20T01:00:00+00:00,AWS-KOL-015,21.2,1011.5,88.0,True,spike,high,89.9,FUSED_CONSENSUS,20.6,1011.8,88.0,OFFLINE,replay,,89.9
2025-02-20T02:00:00+00:00,AWS-KOL-015,21.1,1010.7,89.0,True,spike,high,88.3,FUSED_CONSENSUS,20.5,1011.0,89.0,OFFLINE,replay,,88.3
2025-02-20T03:00:00+00:00,AWS-KOL-015,20.9,1010.8,91.0,True,spike,high,87.9,FUSED_CONSENSUS,20.5,1011.1,90.0,OFFLINE,replay,,87.9
2025-02-20T04:00:00+00:00,AWS-KOL-015,20.8,1011.0,92.0,True,spike,high,87.7,FUSED_CONSENSUS,20.4,1011.3,91.0,OFFLINE,replay,,87.7
2025-02-20T05:00:00+00:00,AWS-KOL-015,21.0,1011.6,91.0,True,spike,high,89.9,FUSED_CONSENSUS,20.1,1011.9,94.0,OFFLINE,replay,,89.9
2025-02-20T06:00:00+00:00,AWS-KOL-015,22.3,1012.4,92.0,True,spike,high,89.9,FUSED_CONSENSUS,21.5,1012.9,94.0,OFFLINE,replay,,89.9
2025-02-20T07:00:00+00:00,AWS-KOL-015,23.2,1013.3,89.0,True,spike,high,89.9,FUSED_CONSENSUS,22.8,1013.7,88.0,OFFLINE,replay,,89.9
2025-02-20T08:00:00+00:00,AWS-KOL-015,24.6,1013.8,84.0,True,spike,high,89.9,FUSED_CONSENSUS,24.7,1014.3,80.0,OFFLINE,replay,,89.9
2025-02-20T09:00:00+00:00,AWS-KOL-015,24.4,1015.0,83.0,True,spike,high,89.9,FUSED_CONSENSUS,24.0,1015.4,81.0,OFFLINE,replay,,89.9
2025-02-20T10:00:00+00:00,AWS-KOL-015,24.493687454204306,1015.5,98.0,True,spike,high,89.9,FUSED_CONSENSUS,20.1,1015.9,97.0,OFFLINE,replay,,89.9
2025-02-20T11:00:00+00:00,AWS-KOL-015,24.4593770437555,1014.4,87.0,True,spike,high,89.9,FUSED_CONSENSUS,23.0,1014.7,87.0,OFFLINE,replay,,89.9
2025-02-20T12:00:00+00:00,AWS-KOL-015,24.511987968807095,1013.4,79.0,True,spike,high,89.9,FUSED_CONSENSUS,26.2,1013.8,72.0,OFFLINE,replay,,89.9
2025-02-20T13:00:00+00:00,AWS-KOL-015,24.61749098288509,1012.1,76.0,True,spike,high,89.9,FUSED_CONSENSUS,27.0,1012.5,70.0,OFFLINE,replay,,89.9
2025-02-20T14:00:00+00:00,AWS-KOL-015,24.67751122473052,1011.1,73.0,True,spike,high,89.9,FUSED_CONSENSUS,27.3,1011.5,69.0,OFFLINE,replay,,89.9
2025-02-20T15:00:00+00:00,AWS-KOL-015,24.67473285174429,1010.6,72.0,True,spike,high,89.9,FUSED_CONSENSUS,27.1,1011.0,70.0,OFFLINE,replay,,89.9
2025-02-20T16:00:00+00:00,AWS-KOL-015,24.667250753448958,1010.3,72.0,True,spike,high,89.9,FUSED_CONSENSUS,26.7,1010.8,71.0,OFFLINE,replay,,89.9
2025-02-20T17:00:00+00:00,AWS-KOL-015,25.5,1010.6,79.0,True,spike,high,89.9,FUSED_CONSENSUS,25.2,1011.1,80.0,OFFLINE,replay,,89.9
2025-02-20T18:00:00+00:00,AWS-KOL-015,21.6,1011.9,89.0,True,spike,high,89.2,FUSED_CONSENSUS,20.9,1012.2,92.0,OFFLINE,replay,,89.2
2025-02-20T19:00:00+00:00,AWS-KOL-015,21.4,1013.2,89.0,True,spike,high,89.9,FUSED_CONSENSUS,20.6,1013.4,94.0,OFFLINE,replay,,89.9
2025-02-20T20:00:00+00:00,AWS-KOL-015,21.4,1014.4,89.0,True,spike,high,89.9,FUSED_CONSENSUS,20.6,1014.6,93.0,OFFLINE,replay,,89.9
2025-02-20T21:00:00+00:00,AWS-KOL-015,21.0,1014.1,90.0,True,spike,high,89.9,FUSED_CONSENSUS,20.7,1014.4,94.0,OFFLINE,replay,,89.9
2025-02-20T22:00:00+00:00,AWS-KOL-015,20.9,1014.1,91.0,True,spike,high,87.9,FUSED_CONSENSUS,20.4,1014.3,95.0,OFFLINE,replay,,87.9
2025-02-20T23:00:00+00:00,AWS-KOL-015,20.4,1013.6,93.0,True,spike,high,89.9,FUSED_CONSENSUS,19.8,1013.9,95.0,OFFLINE,replay,,89.9
2025-02-21T00:00:00+00:00,AWS-KOL-015,20.0,1012.9,94.0,True,spike,high,86.3,FUSED_CONSENSUS,19.4,1013.2,97.0,OFFLINE,replay,,86.3
2025-02-21T01:00:00+00:00,AWS-KOL-015,19.7,1012.5,95.0,True,spike,high,85.7,FUSED_CONSENSUS,18.8,1012.8,97.0,OFFLINE,replay,,85.7
2025-02-21T02:00:00+00:00,AWS-KOL-015,19.4,1012.0,95.0,True,spike,high,85.2,FUSED_CONSENSUS,18.6,1012.3,98.0,OFFLINE,replay,,85.2
2025-02-21T03:00:00+00:00,AWS-KOL-015,18.7,1011.9,97.0,False,multivariate_inconsistency,low,45.0,NORMAL,18.4,1012.2,98.0,OFFLINE,replay,,45.0
2025-02-21T04:00:00+00:00,AWS-KOL-015,18.5,1012.1,97.0,True,spike,high,89.9,FUSED_CONSENSUS,18.3,1012.4,98.0,OFFLINE,replay,,89.9
2025-02-21T05:00:00+00:00,AWS-KOL-015,18.5,1012.8,97.0,True,spike,high,89.9,FUSED_CONSENSUS,18.4,1013.1,98.0,OFFLINE,replay,,89.9
2025-02-21T06:00:00+00:00,AWS-KOL-015,19.6,1013.9,95.0,True,spike,high,89.9,FUSED_CONSENSUS,18.8,1014.2,97.0,OFFLINE,replay,,89.9
2025-02-21T07:00:00+00:00,AWS-KOL-015,21.0,0.0339488642521291,91.0,True,spike,critical,100.0,RULE_ENGINE_BYPASS,20.7,1015.1,92.0,OFFLINE,replay,,100.0
2025-02-21T08:00:00+00:00,AWS-KOL-015,23.1,0.0248278550128049,82.0,True,spike,critical,100.0,RULE_ENGINE_BYPASS,23.0,1016.0,82.0,OFFLINE,replay,,100.0
2025-02-21T09:00:00+00:00,AWS-KOL-015,24.8,-0.0295342281925595,76.0,True,spike,critical,100.0,RULE_ENGINE_BYPASS,25.1,1016.2,74.0,OFFLINE,replay,,100.0
2025-02-21T10:00:00+00:00,AWS-KOL-015,26.5,0.0275261531061625,68.0,True,spike,critical,100.0,RULE_ENGINE_BYPASS,26.8,1015.6,67.0,OFFLINE,replay,,100.0
2025-02-21T11:00:00+00:00,AWS-KOL-015,27.8,1014.3,62.0,False,multivariate_inconsistency,low,45.0,NORMAL,28.1,1014.7,61.0,OFFLINE,replay,,45.0
2025-02-21T12:00:00+00:00,AWS-KOL-015,28.5,1013.3,59.0,False,multivariate_inconsistency,low,45.0,NORMAL,28.7,1013.7,58.0,OFFLINE,replay,,45.0
2025-02-21T13:00:00+00:00,AWS-KOL-015,28.8,1012.1,58.0,True,spike,high,89.9,FUSED_CONSENSUS,29.1,1012.5,56.0,OFFLINE,replay,,89.9
2025-02-21T14:00:00+00:00,AWS-KOL-015,29.0,1011.2,57.0,True,spike,high,89.9,FUSED_CONSENSUS,29.3,1011.6,56.0,OFFLINE,replay,,89.9
2025-02-21T15:00:00+00:00,AWS-KOL-015,28.8,1010.4,58.0,True,spike,high,89.9,FUSED_CONSENSUS,29.1,1010.8,56.0,OFFLINE,replay,,89.9
2025-02-21T16:00:00+00:00,AWS-KOL-015,28.2,1010.3,61.0,True,spike,high,89.9,FUSED_CONSENSUS,28.3,1010.7,59.0,OFFLINE,replay,,89.9
2025-02-21T17:00:00+00:00,AWS-KOL-015,26.8,1010.8,73.0,True,spike,high,89.9,FUSED_CONSENSUS,26.2,1011.2,73.0,OFFLINE,replay,,89.9
2025-02-21T18:00:00+00:00,AWS-KOL-015,26.2,1011.2,72.0,True,spike,high,89.9,FUSED_CONSENSUS,25.1,1011.6,71.0,OFFLINE,replay,,89.9
2025-02-21T19:00:00+00:00,AWS-KOL-015,25.1,1012.0,76.0,True,spike,high,89.9,FUSED_CONSENSUS,24.5,1012.4,75.0,OFFLINE,replay,,89.9
2025-02-21T20:00:00+00:00,AWS-KOL-015,24.5,1012.6,78.0,True,spike,high,89.9,FUSED_CONSENSUS,23.2,1013.0,81.0,OFFLINE,replay,,89.9
2025-02-21T21:00:00+00:00,AWS-KOL-015,23.7,1012.9,83.0,True,spike,high,89.9,FUSED_CONSENSUS,22.6,1013.3,84.0,OFFLINE,replay,,89.9
2025-02-21T22:00:00+00:00,AWS-KOL-015,22.9,1012.8,89.0,True,spike,high,89.9,FUSED_CONSENSUS,22.3,1013.1,88.0,OFFLINE,replay,,89.9
2025-02-21T23:00:00+00:00,AWS-KOL-015,22.5,1012.6,90.0,True,spike,high,89.9,FUSED_CONSENSUS,21.6,1012.8,92.0,OFFLINE,replay,,89.9
2025-02-22T00:00:00+00:00,AWS-KOL-015,21.9,1012.6,94.0,True,spike,high,89.7,FUSED_CONSENSUS,21.6,1012.8,93.0,OFFLINE,replay,,89.7
2025-02-22T01:00:00+00:00,AWS-KOL-015,21.6,1012.1,95.0,True,spike,high,89.2,FUSED_CONSENSUS,21.1,1012.4,95.0,OFFLINE,replay,,89.2
2025-02-22T02:00:00+00:00,AWS-KOL-015,20.9,1012.0,96.0,True,spike,high,87.9,FUSED_CONSENSUS,20.5,1012.2,97.0,OFFLINE,replay,,87.9
2025-02-22T03:00:00+00:00,AWS-KOL-015,20.5,1012.0,97.0,True,spike,high,87.2,FUSED_CONSENSUS,19.6,1012.3,98.0,OFFLINE,replay,,87.2
2025-02-22T04:00:00+00:00,AWS-KOL-015,20.1,1012.5,98.0,True,spike,high,86.5,FUSED_CONSENSUS,19.6,1012.8,99.0,OFFLINE,replay,,86.5
2025-02-22T05:00:00+00:00,AWS-KOL-015,19.9,1012.8,98.0,True,spike,high,86.1,FUSED_CONSENSUS,19.2,1013.1,100.0,OFFLINE,replay,,86.1
2025-02-22T06:00:00+00:00,AWS-KOL-015,20.8,1013.2,99.0,True,spike,high,89.9,FUSED_CONSENSUS,20.3,1013.5,100.0,OFFLINE,replay,,89.9
2025-02-22T07:00:00+00:00,AWS-KOL-015,21.7,1014.0,98.0,True,spike,high,89.9,FUSED_CONSENSUS,21.6,1014.3,98.0,OFFLINE,replay,,89.9
2025-02-22T08:00:00+00:00,AWS-KOL-015,23.6,1014.9,91.0,True,spike,high,89.9,FUSED_CONSENSUS,23.0,1015.3,89.0,OFFLINE,replay,,89.9
2025-02-22T09:00:00+00:00,AWS-KOL-015,26.2,1015.5,78.0,True,spike,high,89.9,FUSED_CONSENSUS,25.8,1015.9,79.0,OFFLINE,replay,,89.9
2025-02-22T10:00:00+00:00,AWS-KOL-015,27.5,1015.3,71.0,True,spike,high,89.0,FUSED_CONSENSUS,27.4,1015.7,72.0,OFFLINE,replay,,89.0
2025-02-22T11:00:00+00:00,AWS-KOL-015,28.1,1014.3,67.0,True,spike,high,86.6,FUSED_CONSENSUS,28.5,1014.7,64.0,OFFLINE,replay,,86.6
2025-02-22T12:00:00+00:00,AWS-KOL-015,29.1,1013.0,63.0,False,multivariate_inconsistency,low,45.0,NORMAL,29.4,1013.5,61.0,OFFLINE,replay,,45.0
2025-02-22T13:00:00+00:00,AWS-KOL-015,27.6,1012.0,68.0,True,spike,high,89.9,FUSED_CONSENSUS,27.0,1012.5,70.0,OFFLINE,replay,,89.9
2025-02-22T14:00:00+00:00,AWS-KOL-015,24.5,1012.4,78.0,True,spike,high,89.9,FUSED_CONSENSUS,23.8,1012.5,77.0,OFFLINE,replay,,89.9
2025-02-22T15:00:00+00:00,AWS-KOL-015,24.2,1011.2,82.0,True,spike,high,89.9,FUSED_CONSENSUS,24.9,1011.8,78.0,OFFLINE,replay,,89.9
2025-02-22T16:00:00+00:00,AWS-KOL-015,23.9,1011.8,83.0,True,spike,high,89.9,FUSED_CONSENSUS,23.7,1012.3,80.0,OFFLINE,replay,,89.9
2025-02-22T17:00:00+00:00,AWS-KOL-015,23.1,1012.4,83.0,True,spike,high,89.9,FUSED_CONSENSUS,23.2,1012.6,80.0,OFFLINE,replay,,89.9
2025-02-22T18:00:00+00:00,AWS-KOL-015,21.5,1013.3,91.0,True,spike,high,89.0,FUSED_CONSENSUS,21.4,1013.8,89.0,OFFLINE,replay,,89.0
2025-02-22T19:00:00+00:00,AWS-KOL-015,21.3,1013.9,89.0,True,spike,high,89.9,FUSED_CONSENSUS,21.0,1014.2,88.0,OFFLINE,replay,,89.9
2025-02-22T20:00:00+00:00,AWS-KOL-015,21.5,1014.1,85.0,True,spike,high,89.9,FUSED_CONSENSUS,21.1,1014.4,87.0,OFFLINE,replay,,89.9
2025-02-22T21:00:00+00:00,AWS-KOL-015,21.2,1014.9,86.0,True,spike,high,89.9,FUSED_CONSENSUS,20.9,1015.2,89.0,OFFLINE,replay,,89.9
2025-02-22T22:00:00+00:00,AWS-KOL-015,20.7,1015.5,90.0,True,spike,high,87.6,FUSED_CONSENSUS,20.2,1015.8,93.0,OFFLINE,replay,,87.6
2025-02-22T23:00:00+00:00,AWS-KOL-015,20.6,1014.2,90.0,True,spike,high,89.9,FUSED_CONSENSUS,20.0,1014.5,94.0,OFFLINE,replay,,89.9
2025-02-23T00:00:00+00:00,AWS-KOL-015,20.4,1013.5,90.0,True,spike,high,87.0,FUSED_CONSENSUS,19.3,1013.8,95.0,OFFLINE,replay,,87.0
2025-02-23T01:00:00+00:00,AWS-KOL-015,20.0,1012.9,91.0,True,spike,high,89.9,FUSED_CONSENSUS,19.4,1013.2,94.0,OFFLINE,replay,,89.9
2025-02-23T02:00:00+00:00,AWS-KOL-015,19.9,1012.6,92.0,True,spike,high,86.1,FUSED_CONSENSUS,19.0,1012.9,95.0,OFFLINE,replay,,86.1
2025-02-23T03:00:00+00:00,AWS-KOL-015,19.7,1012.6,93.0,True,spike,high,85.7,FUSED_CONSENSUS,19.0,1012.9,97.0,OFFLINE,replay,,85.7
2025-02-23T04:00:00+00:00,AWS-KOL-015,19.1,1013.1,95.0,False,multivariate_inconsistency,low,45.0,NORMAL,18.4,1013.3,98.0,OFFLINE,replay,,45.0
2025-02-23T05:00:00+00:00,AWS-KOL-015,18.9,1013.7,95.0,True,spike,high,89.9,FUSED_CONSENSUS,18.3,1014.0,98.0,OFFLINE,replay,,89.9
2025-02-23T06:00:00+00:00,AWS-KOL-015,19.9,-0.0227147435032474,92.0,True,spike,critical,100.0,RULE_ENGINE_BYPASS,19.6,1014.8,95.0,OFFLINE,replay,,100.0
2025-02-23T07:00:00+00:00,AWS-KOL-015,19.7,-0.070638748497201,93.0,True,spike,critical,100.0,RULE_ENGINE_BYPASS,19.5,1016.4,92.0,OFFLINE,replay,,100.0
2025-02-23T08:00:00+00:00,AWS-KOL-015,21.3,-0.0439254476732192,82.0,True,spike,critical,100.0,RULE_ENGINE_BYPASS,20.9,1016.6,86.0,OFFLINE,replay,,100.0
2025-02-23T09:00:00+00:00,AWS-KOL-015,23.0,-0.0044210339616223,79.0,True,spike,critical,100.0,RULE_ENGINE_BYPASS,23.9,1017.0,75.0,OFFLINE,replay,,100.0
2025-02-23T10:00:00+00:00,AWS-KOL-015,24.9,1016.4,74.0,True,spike,high,89.9,FUSED_CONSENSUS,24.8,1016.9,69.0,OFFLINE,replay,,89.9
2025-02-23T11:00:00+00:00,AWS-KOL-015,25.8,1015.3,71.0,True,spike,high,89.0,FUSED_CONSENSUS,26.3,1015.7,67.0,OFFLINE,replay,,89.0
2025-02-23T12:00:00+00:00,AWS-KOL-015,26.9,1013.9,68.0,True,spike,high,87.2,FUSED_CONSENSUS,27.3,1014.3,64.0,OFFLINE,replay,,87.2
2025-02-23T13:00:00+00:00,AWS-KOL-015,27.6,1013.0,65.0,True,spike,high,85.4,FUSED_CONSENSUS,27.7,1013.4,63.0,OFFLINE,replay,,85.4
2025-02-23T14:00:00+00:00,AWS-KOL-015,27.7,1012.1,64.0,True,spike,high,89.9,FUSED_CONSENSUS,27.9,1012.5,62.0,OFFLINE,replay,,89.9
2025-02-23T15:00:00+00:00,AWS-KOL-015,27.5,1011.7,64.0,True,spike,high,89.9,FUSED_CONSENSUS,27.7,1012.1,62.0,OFFLINE,replay,,89.9
2025-02-23T16:00:00+00:00,AWS-KOL-015,27.1,1011.7,66.0,True,spike,high,89.9,FUSED_CONSENSUS,27.3,1012.2,63.0,OFFLINE,replay,,89.9
2025-02-23T17:00:00+00:00,AWS-KOL-015,26.0,1012.4,75.0,True,spike,high,89.9,FUSED_CONSENSUS,25.2,1012.7,76.0,OFFLINE,replay,,89.9
2025-02-23T18:00:00+00:00,AWS-KOL-015,22.0,1013.1,87.0,True,spike,high,89.9,FUSED_CONSENSUS,21.6,1013.4,87.0,OFFLINE,replay,,89.9
2025-02-23T19:00:00+00:00,AWS-KOL-015,21.7,1014.2,88.0,True,spike,high,89.4,FUSED_CONSENSUS,21.1,1014.4,92.0,OFFLINE,replay,,89.4
2025-02-23T20:00:00+00:00,AWS-KOL-015,21.3,1015.1,90.0,True,spike,high,89.9,FUSED_CONSENSUS,20.7,1015.4,91.0,OFFLINE,replay,,89.9
2025-02-23T21:00:00+00:00,AWS-KOL-015,21.1,1015.4,90.0,True,spike,high,88.3,FUSED_CONSENSUS,20.3,1015.8,93.0,OFFLINE,replay,,88.3
2025-02-23T22:00:00+00:00,AWS-KOL-015,21.5,1015.5,88.0,True,spike,high,89.0,FUSED_CONSENSUS,20.7,1015.9,92.0,OFFLINE,replay,,89.0
2025-02-23T23:00:00+00:00,AWS-KOL-015,21.0,1014.9,87.0,True,spike,high,89.9,FUSED_CONSENSUS,20.4,1015.2,92.0,OFFLINE,replay,,89.9
2025-02-24T00:00:00+00:00,AWS-KOL-015,20.6,1014.5,87.0,True,spike,high,89.9,FUSED_CONSENSUS,19.5,1014.9,92.0,OFFLINE,replay,,89.9
2025-02-24T01:00:00+00:00,AWS-KOL-015,20.2,1014.1,89.0,True,spike,high,86.7,FUSED_CONSENSUS,19.1,1014.4,91.0,OFFLINE,replay,,86.7
2025-02-24T02:00:00+00:00,AWS-KOL-015,19.7,1013.8,91.0,True,spike,high,85.7,FUSED_CONSENSUS,19.0,1014.0,91.0,OFFLINE,replay,,85.7
2025-02-24T03:00:00+00:00,AWS-KOL-015,19.6,1013.8,91.0,True,spike,high,85.6,FUSED_CONSENSUS,18.6,1014.1,93.0,OFFLINE,replay,,85.6
2025-02-24T04:00:00+00:00,AWS-KOL-015,19.1,1014.4,94.0,False,multivariate_inconsistency,low,45.0,NORMAL,18.2,1014.7,95.0,OFFLINE,replay,,45.0
2025-02-24T05:00:00+00:00,AWS-KOL-015,18.8,1015.3,95.0,False,multivariate_inconsistency,low,45.0,NORMAL,17.9,1015.5,96.0,OFFLINE,replay,,45.0
2025-02-24T06:00:00+00:00,AWS-KOL-015,20.1,1016.3,96.0,False,multivariate_inconsistency,low,45.0,NORMAL,19.6,1016.6,97.0,OFFLINE,replay,,45.0
2025-02-24T07:00:00+00:00,AWS-KOL-015,21.2,1017.3,93.0,True,spike,high,89.9,FUSED_CONSENSUS,21.2,1017.5,92.0,OFFLINE,replay,,89.9
2025-02-24T08:00:00+00:00,AWS-KOL-015,23.1,1018.1,85.0,True,spike,high,89.9,FUSED_CONSENSUS,23.2,1018.4,82.0,OFFLINE,replay,,89.9
2025-02-24T09:00:00+00:00,AWS-KOL-015,25.3,1018.2,75.0,True,spike,high,89.9,FUSED_CONSENSUS,25.7,1018.6,72.0,OFFLINE,replay,,89.9
2025-02-24T10:00:00+00:00,AWS-KOL-015,27.0,1017.8,65.0,True,spike,high,85.4,FUSED_CONSENSUS,27.6,1018.1,62.0,OFFLINE,replay,,85.4
2025-02-24T11:00:00+00:00,AWS-KOL-015,28.0,1016.7,57.0,False,multivariate_inconsistency,low,45.0,NORMAL,28.6,1017.0,52.0,OFFLINE,replay,,45.0
2025-02-24T12:00:00+00:00,AWS-KOL-015,28.3,1015.4,53.0,True,spike,high,89.9,FUSED_CONSENSUS,28.6,1015.8,50.0,OFFLINE,replay,,89.9
2025-02-24T13:00:00+00:00,AWS-KOL-015,28.6,1014.2,52.0,True,spike,high,89.9,FUSED_CONSENSUS,29.0,1014.6,48.0,OFFLINE,replay,,89.9
2025-02-24T14:00:00+00:00,AWS-KOL-015,28.6,1013.0,52.0,True,spike,high,89.9,FUSED_CONSENSUS,29.0,1013.3,48.0,OFFLINE,replay,,89.9
2025-02-24T15:00:00+00:00,AWS-KOL-015,28.3,1012.4,53.0,True,spike,high,89.9,FUSED_CONSENSUS,28.6,1012.7,50.0,OFFLINE,replay,,89.9
2025-02-24T16:00:00+00:00,AWS-KOL-015,27.7,1012.3,58.0,True,spike,high,89.9,FUSED_CONSENSUS,27.9,1012.7,53.0,OFFLINE,replay,,89.9
2025-02-24T17:00:00+00:00,AWS-KOL-015,26.4,1012.6,66.0,True,spike,high,89.9,FUSED_CONSENSUS,25.8,1013.0,66.0,OFFLINE,replay,,89.9
2025-02-24T18:00:00+00:00,AWS-KOL-015,25.1,1013.1,71.0,True,spike,high,89.9,FUSED_CONSENSUS,25.1,1013.5,69.0,OFFLINE,replay,,89.9
2025-02-24T19:00:00+00:00,AWS-KOL-015,24.4,1014.1,74.0,True,spike,high,89.9,FUSED_CONSENSUS,24.0,1014.5,68.0,OFFLINE,replay,,89.9
2025-02-24T20:00:00+00:00,AWS-KOL-015,23.9,1015.1,75.0,True,spike,high,89.9,FUSED_CONSENSUS,23.3,1015.5,71.0,OFFLINE,replay,,89.9
2025-02-24T21:00:00+00:00,AWS-KOL-015,23.3,1015.6,76.0,True,spike,high,89.9,FUSED_CONSENSUS,22.1,1015.9,77.0,OFFLINE,replay,,89.9
2025-02-24T22:00:00+00:00,AWS-KOL-015,23.1,1015.5,73.0,True,spike,high,89.9,FUSED_CONSENSUS,21.9,1015.9,79.0,OFFLINE,replay,,89.9
2025-02-24T23:00:00+00:00,AWS-KOL-015,22.5,1015.3,73.0,True,spike,high,89.9,FUSED_CONSENSUS,21.7,1015.6,79.0,OFFLINE,replay,,89.9
2025-02-25T00:00:00+00:00,AWS-KOL-015,21.9,1014.8,76.0,True,spike,high,89.7,FUSED_CONSENSUS,21.4,1015.1,80.0,OFFLINE,replay,,89.7
2025-02-25T01:00:00+00:00,AWS-KOL-015,21.5,1014.4,78.0,True,spike,high,89.0,FUSED_CONSENSUS,20.6,1014.7,83.0,OFFLINE,replay,,89.0
2025-02-25T02:00:00+00:00,AWS-KOL-015,20.9,1014.7,82.0,True,spike,high,87.9,FUSED_CONSENSUS,19.9,1014.8,87.0,OFFLINE,replay,,87.9
2025-02-25T03:00:00+00:00,AWS-KOL-015,20.3,1014.7,83.0,True,spike,high,89.9,FUSED_CONSENSUS,19.4,1015.0,87.0,OFFLINE,replay,,89.9
2025-02-25T04:00:00+00:00,AWS-KOL-015,19.5,1014.8,87.0,True,spike,high,85.4,FUSED_CONSENSUS,19.1,1015.1,87.0,OFFLINE,replay,,85.4
2025-02-25T05:00:00+00:00,AWS-KOL-015,19.5,1015.3,87.0,True,spike,high,85.4,FUSED_CONSENSUS,18.7,1015.6,89.0,OFFLINE,replay,,85.4
2025-02-25T06:00:00+00:00,AWS-KOL-015,21.1,1016.5,82.0,True,spike,high,89.9,FUSED_CONSENSUS,20.1,1016.8,85.0,OFFLINE,replay,,89.9
2025-02-25T07:00:00+00:00,AWS-KOL-015,22.3,1017.4,80.0,True,spike,high,89.9,FUSED_CONSENSUS,21.8,1017.7,79.0,OFFLINE,replay,,89.9
2025-02-25T08:00:00+00:00,AWS-KOL-015,24.0,1018.1,73.0,True,spike,high,89.9,FUSED_CONSENSUS,24.2,1018.4,69.0,OFFLINE,replay,,89.9
2025-02-25T09:00:00+00:00,AWS-KOL-015,25.9,1018.5,64.0,False,multivariate_inconsistency,low,45.0,NORMAL,26.4,1018.9,60.0,OFFLINE,replay,,45.0
2025-02-25T10:00:00+00:00,AWS-KOL-015,27.4,1018.2,58.0,False,multivariate_inconsistency,low,45.0,NORMAL,28.0,1018.6,54.0,OFFLINE,replay,,45.0
2025-02-25T11:00:00+00:00,AWS-KOL-015,28.4,1017.3,52.0,False,multivariate_inconsistency,low,45.0,NORMAL,29.0,1017.7,47.0,OFFLINE,replay,,45.0
2025-02-25T12:00:00+00:00,AWS-KOL-015,28.7,1016.1,49.0,True,spike,high,89.9,FUSED_CONSENSUS,29.2,1016.5,45.0,OFFLINE,replay,,89.9
2025-02-25T13:00:00+00:00,AWS-KOL-015,28.9,1014.8,48.0,True,spike,high,89.9,FUSED_CONSENSUS,29.4,1015.2,44.0,OFFLINE,replay,,89.9
2025-02-25T14:00:00+00:00,AWS-KOL-015,28.9,1014.3,47.0,True,spike,high,89.9,FUSED_CONSENSUS,29.1,1014.7,45.0,OFFLINE,replay,,89.9
2025-02-25T15:00:00+00:00,AWS-KOL-015,28.5,1014.1,50.0,True,spike,high,89.9,FUSED_CONSENSUS,28.6,1014.5,49.0,OFFLINE,replay,,89.9
2025-02-25T16:00:00+00:00,AWS-KOL-015,27.7,1014.1,57.0,True,spike,high,89.9,FUSED_CONSENSUS,27.8,1014.5,54.0,OFFLINE,replay,,89.9
2025-02-25T17:00:00+00:00,AWS-KOL-015,25.7,1014.6,70.0,True,spike,high,89.9,FUSED_CONSENSUS,25.7,1014.9,67.0,OFFLINE,replay,,89.9
2025-02-25T18:00:00+00:00,AWS-KOL-015,25.2,1015.6,72.0,True,spike,high,89.9,FUSED_CONSENSUS,25.0,1016.0,70.0,OFFLINE,replay,,89.9
2025-02-25T19:00:00+00:00,AWS-KOL-015,24.6,1016.7,74.0,True,spike,high,89.9,FUSED_CONSENSUS,24.2,1017.0,72.0,OFFLINE,replay,,89.9
2025-02-25T20:00:00+00:00,AWS-KOL-015,23.6,1017.3,77.0,True,spike,high,89.9,FUSED_CONSENSUS,23.1,1017.7,78.0,OFFLINE,replay,,89.9
2025-02-25T21:00:00+00:00,AWS-KOL-015,22.9,1017.4,78.0,True,spike,high,89.9,FUSED_CONSENSUS,22.2,1017.7,80.0,OFFLINE,replay,,89.9
2025-02-25T22:00:00+00:00,AWS-KOL-015,22.2,1017.2,81.0,True,spike,high,89.9,FUSED_CONSENSUS,21.2,1017.5,82.0,OFFLINE,replay,,89.9
2025-02-25T23:00:00+00:00,AWS-KOL-015,21.6,1017.0,83.0,True,spike,high,89.2,FUSED_CONSENSUS,20.9,1017.3,86.0,OFFLINE,replay,,89.2
2025-02-26T00:00:00+00:00,AWS-KOL-015,21.3,1016.5,83.0,True,spike,high,89.9,FUSED_CONSENSUS,20.7,1016.8,86.0,OFFLINE,replay,,89.9
2025-02-26T01:00:00+00:00,AWS-KOL-015,21.0,1016.0,85.0,True,spike,high,88.1,FUSED_CONSENSUS,20.3,1016.3,87.0,OFFLINE,replay,,88.1
2025-02-26T02:00:00+00:00,AWS-KOL-015,20.2,1015.9,89.0,True,spike,high,86.7,FUSED_CONSENSUS,19.1,1016.2,91.0,OFFLINE,replay,,86.7
2025-02-26T03:00:00+00:00,AWS-KOL-015,20.1,1015.9,88.0,True,spike,high,89.9,FUSED_CONSENSUS,18.9,1016.2,92.0,OFFLINE,replay,,89.9
2025-02-26T04:00:00+00:00,AWS-KOL-015,19.2,1015.9,92.0,False,multivariate_inconsistency,low,45.0,NORMAL,18.8,1016.2,92.0,OFFLINE,replay,,45.0
2025-02-26T05:00:00+00:00,AWS-KOL-015,18.9,1016.5,92.0,True,spike,high,89.9,FUSED_CONSENSUS,18.6,1016.8,93.0,OFFLINE,replay,,89.9
2025-02-26T06:00:00+00:00,AWS-KOL-015,20.4,1017.3,88.0,True,spike,high,89.9,FUSED_CONSENSUS,19.5,1017.6,90.0,OFFLINE,replay,,89.9
2025-02-26T07:00:00+00:00,AWS-KOL-015,21.5,1018.2,83.0,True,spike,high,89.9,FUSED_CONSENSUS,21.3,1018.5,82.0,OFFLINE,replay,,89.9
2025-02-26T08:00:00+00:00,AWS-KOL-015,23.3,1018.9,76.0,True,spike,high,89.9,FUSED_CONSENSUS,23.7,1019.2,73.0,OFFLINE,replay,,89.9
2025-02-26T09:00:00+00:00,AWS-KOL-015,25.4,1019.2,67.0,True,spike,high,86.6,FUSED_CONSENSUS,26.0,1019.5,63.0,OFFLINE,replay,,86.6
2025-02-26T10:00:00+00:00,AWS-KOL-015,27.2,1019.0,58.0,False,multivariate_inconsistency,low,45.0,NORMAL,27.8,1019.4,54.0,OFFLINE,replay,,45.0
2025-02-26T11:00:00+00:00,AWS-KOL-015,28.2,1017.6,52.0,False,multivariate_inconsistency,low,45.0,NORMAL,28.8,1018.0,49.0,OFFLINE,replay,,45.0
2025-02-26T12:00:00+00:00,AWS-KOL-015,28.9,1016.4,50.0,False,multivariate_inconsistency,low,45.0,NORMAL,29.4,1016.8,47.0,OFFLINE,replay,,45.0
2025-02-26T13:00:00+00:00,AWS-KOL-015,29.2,1014.9,49.0,True,spike,high,89.9,FUSED_CONSENSUS,29.5,1015.4,46.0,OFFLINE,replay,,89.9
2025-02-26T14:00:00+00:00,AWS-KOL-015,29.4,1013.5,47.0,True,spike,high,89.9,FUSED_CONSENSUS,29.5,1014.0,46.0,OFFLINE,replay,,89.9
2025-02-26T15:00:00+00:00,AWS-KOL-015,29.0,1013.2,48.0,True,spike,high,89.9,FUSED_CONSENSUS,29.3,1013.6,46.0,OFFLINE,replay,,89.9
2025-02-26T16:00:00+00:00,AWS-KOL-015,27.7,1013.4,56.0,True,spike,high,89.9,FUSED_CONSENSUS,28.6,1013.7,50.0,OFFLINE,replay,,89.9
2025-02-26T17:00:00+00:00,AWS-KOL-015,25.8,1013.5,66.0,True,spike,high,89.9,FUSED_CONSENSUS,26.1,1013.9,63.0,OFFLINE,replay,,89.9
2025-02-26T18:00:00+00:00,AWS-KOL-015,24.9,1014.1,68.0,True,spike,high,89.9,FUSED_CONSENSUS,24.6,1014.5,66.0,OFFLINE,replay,,89.9
2025-02-26T19:00:00+00:00,AWS-KOL-015,24.5,1014.7,69.0,True,spike,high,89.9,FUSED_CONSENSUS,23.8,1015.1,72.0,OFFLINE,replay,,89.9
2025-02-26T20:00:00+00:00,AWS-KOL-015,31.022884131529054,1015.7794568900808,100.0,True,spike,high,89.9,FUSED_CONSENSUS,22.9,1015.8,76.0,OFFLINE,replay,,89.9
2025-02-26T21:00:00+00:00,AWS-KOL-015,30.42288413152905,1015.6437416465678,100.0,True,spike,high,89.9,FUSED_CONSENSUS,22.2,1016.0,78.0,OFFLINE,replay,,89.9
2025-02-26T22:00:00+00:00,AWS-KOL-015,29.92288413152905,1015.7420630838112,100.0,True,spike,high,89.9,FUSED_CONSENSUS,21.5,1015.9,82.0,OFFLINE,replay,,89.9
2025-02-26T23:00:00+00:00,AWS-KOL-015,22.0,1015.3,80.0,True,spike,high,89.9,FUSED_CONSENSUS,21.2,1015.6,84.0,OFFLINE,replay,,89.9
2025-02-27T00:00:00+00:00,AWS-KOL-015,21.7,1014.5,79.0,True,spike,high,89.4,FUSED_CONSENSUS,20.8,1014.9,85.0,OFFLINE,replay,,89.4
2025-02-27T01:00:00+00:00,AWS-KOL-015,21.5,1014.0,79.0,True,spike,high,89.9,FUSED_CONSENSUS,20.7,1014.3,84.0,OFFLINE,replay,,89.9
2025-02-27T02:00:00+00:00,AWS-KOL-015,21.0,1013.6,81.0,True,spike,high,88.1,FUSED_CONSENSUS,20.1,1013.8,87.0,OFFLINE,replay,,88.1
2025-02-27T03:00:00+00:00,AWS-KOL-015,20.8,1013.4,82.0,True,spike,high,87.7,FUSED_CONSENSUS,19.5,1013.7,90.0,OFFLINE,replay,,87.7
2025-02-27T04:00:00+00:00,AWS-KOL-015,20.1,1013.8,87.0,True,spike,high,86.5,FUSED_CONSENSUS,18.6,1014.1,93.0,OFFLINE,replay,,86.5
2025-02-27T05:00:00+00:00,AWS-KOL-015,19.5,1014.5,89.0,True,spike,high,89.9,FUSED_CONSENSUS,18.2,1014.8,94.0,OFFLINE,replay,,89.9
2025-02-27T06:00:00+00:00,AWS-KOL-015,20.2,1015.4,88.0,True,spike,high,89.9,FUSED_CONSENSUS,19.2,1015.7,92.0,OFFLINE,replay,,89.9
2025-02-27T07:00:00+00:00,AWS-KOL-015,21.7,1016.1,82.0,True,spike,high,89.9,FUSED_CONSENSUS,21.4,1016.4,84.0,OFFLINE,replay,,89.9
2025-02-27T08:00:00+00:00,AWS-KOL-015,24.0,1016.5,71.0,True,spike,high,89.0,FUSED_CONSENSUS,24.1,1016.8,69.0,OFFLINE,replay,,89.0
2025-02-27T09:00:00+00:00,AWS-KOL-015,26.3,1016.6,59.0,False,multivariate_inconsistency,low,45.0,NORMAL,26.5,1017.0,56.0,OFFLINE,replay,,45.0
2025-02-27T10:00:00+00:00,AWS-KOL-015,27.8,1015.9,53.0,False,multivariate_inconsistency,low,45.0,NORMAL,28.1,1016.3,51.0,OFFLINE,replay,,45.0
2025-02-27T11:00:00+00:00,AWS-KOL-015,28.8,1014.7,51.0,False,multivariate_inconsistency,low,45.0,NORMAL,29.1,1015.1,49.0,OFFLINE,replay,,45.0
2025-02-27T12:00:00+00:00,AWS-KOL-015,29.6,1013.3,48.0,False,multivariate_inconsistency,low,45.0,NORMAL,29.8,1013.7,46.0,OFFLINE,replay,,45.0
2025-02-27T13:00:00+00:00,AWS-KOL-015,30.0,1012.1,47.0,True,spike,high,89.9,FUSED_CONSENSUS,30.1,1012.4,44.0,OFFLINE,replay,,89.9
2025-02-27T14:00:00+00:00,AWS-KOL-015,30.0,1010.7,45.0,True,spike,high,89.9,FUSED_CONSENSUS,29.9,1011.1,45.0,OFFLINE,replay,,89.9
2025-02-27T15:00:00+00:00,AWS-KOL-015,29.8,1010.0,47.0,True,spike,high,89.9,FUSED_CONSENSUS,29.6,1010.4,46.0,OFFLINE,replay,,89.9
2025-02-27T16:00:00+00:00,AWS-KOL-015,28.8,1010.2,52.0,True,spike,high,89.9,FUSED_CONSENSUS,28.8,1010.6,50.0,OFFLINE,replay,,89.9
2025-02-27T17:00:00+00:00,AWS-KOL-015,26.9,1010.7,67.0,True,spike,high,89.9,FUSED_CONSENSUS,26.9,1011.1,59.0,OFFLINE,replay,,89.9
2025-02-27T18:00:00+00:00,AWS-KOL-015,26.0,1011.4,72.0,True,spike,high,89.9,FUSED_CONSENSUS,25.4,1011.9,70.0,OFFLINE,replay,,89.9
2025-02-27T19:00:00+00:00,AWS-KOL-015,25.8,1012.2,71.0,True,spike,high,89.9,FUSED_CONSENSUS,24.7,1012.6,73.0,OFFLINE,replay,,89.9
2025-02-27T20:00:00+00:00,AWS-KOL-015,25.1,1013.0,71.0,True,spike,high,89.9,FUSED_CONSENSUS,23.9,1013.4,76.0,OFFLINE,replay,,89.9
2025-02-27T21:00:00+00:00,AWS-KOL-015,24.3,1013.7,75.0,True,spike,high,89.9,FUSED_CONSENSUS,23.1,1014.0,81.0,OFFLINE,replay,,89.9
2025-02-27T22:00:00+00:00,AWS-KOL-015,23.2,1013.8,82.0,True,spike,high,89.9,FUSED_CONSENSUS,22.3,1014.0,85.0,OFFLINE,replay,,89.9
2025-02-27T23:00:00+00:00,AWS-KOL-015,22.6,1013.1,87.0,True,spike,high,89.9,FUSED_CONSENSUS,21.9,1013.4,88.0,OFFLINE,replay,,89.9
2025-02-28T00:00:00+00:00,AWS-KOL-015,22.2,1012.8,91.0,True,spike,high,89.9,FUSED_CONSENSUS,21.6,1013.0,91.0,OFFLINE,replay,,89.9
2025-02-28T01:00:00+00:00,AWS-KOL-015,22.0,1012.3,92.0,True,spike,high,89.9,FUSED_CONSENSUS,21.3,1012.5,93.0,OFFLINE,replay,,89.9
2025-02-28T02:00:00+00:00,AWS-KOL-015,21.5,1011.7,94.0,True,spike,high,89.0,FUSED_CONSENSUS,20.9,1012.0,94.0,OFFLINE,replay,,89.0
2025-02-28T03:00:00+00:00,AWS-KOL-015,21.0,1011.4,95.0,True,spike,high,88.1,FUSED_CONSENSUS,20.1,1011.6,96.0,OFFLINE,replay,,88.1
2025-02-28T04:00:00+00:00,AWS-KOL-015,21.0,1012.0,95.0,True,spike,high,88.1,FUSED_CONSENSUS,20.1,1012.3,96.0,OFFLINE,replay,,88.1
2025-02-28T05:00:00+00:00,AWS-KOL-015,20.5,1012.6,96.0,True,spike,high,87.2,FUSED_CONSENSUS,19.6,1012.9,98.0,OFFLINE,replay,,87.2
2025-02-28T06:00:00+00:00,AWS-KOL-015,21.5,1013.2,98.0,False,multivariate_inconsistency,low,45.0,NORMAL,20.8,1013.5,99.0,OFFLINE,replay,,45.0
2025-02-28T07:00:00+00:00,AWS-KOL-015,22.9,1014.2,93.0,True,spike,high,89.9,FUSED_CONSENSUS,22.7,1014.5,93.0,OFFLINE,replay,,89.9
2025-02-28T08:00:00+00:00,AWS-KOL-015,24.9,1014.7,86.0,True,spike,high,89.9,FUSED_CONSENSUS,25.1,1015.0,84.0,OFFLINE,replay,,89.9
2025-02-28T09:00:00+00:00,AWS-KOL-015,27.0,1014.9,77.0,True,spike,high,89.9,FUSED_CONSENSUS,27.2,1015.3,74.0,OFFLINE,replay,,89.9
2025-02-28T10:00:00+00:00,AWS-KOL-015,29.1,1014.9037786293644,60.956983510527685,False,multivariate_inconsistency,low,45.0,NORMAL,29.2,1015.1,58.0,OFFLINE,replay,,45.0
2025-02-28T11:00:00+00:00,AWS-KOL-015,30.4,1014.9350346294312,46.871423376705394,False,multivariate_inconsistency,low,45.0,NORMAL,30.5,1014.1,45.0,OFFLINE,replay,,45.0
2025-02-28T12:00:00+00:00,AWS-KOL-015,31.1,1014.9521201349664,41.75535389567519,False,multivariate_inconsistency,low,45.0,NORMAL,31.2,1012.8,40.0,OFFLINE,replay,,45.0
2025-02-28T13:00:00+00:00,AWS-KOL-015,31.4,1014.9280289420094,39.61347804860249,True,spike,high,89.9,FUSED_CONSENSUS,31.4,1011.4,37.0,OFFLINE,replay,,89.9
2025-02-28T14:00:00+00:00,AWS-KOL-015,31.2,1014.9550920430346,37.448625121467714,True,spike,high,89.9,FUSED_CONSENSUS,31.3,1010.2,38.0,OFFLINE,replay,,89.9
2025-02-28T15:00:00+00:00,AWS-KOL-015,30.9,1014.9640069136072,37.26275846965336,True,spike,high,89.9,FUSED_CONSENSUS,30.8,1009.6,39.0,OFFLINE,replay,,89.9
2025-02-28T16:00:00+00:00,AWS-KOL-015,30.2,1009.4,39.05735128618504,True,spike,high,89.9,FUSED_CONSENSUS,29.9,1009.7,42.0,OFFLINE,replay,,89.9
2025-02-28T17:00:00+00:00,AWS-KOL-015,28.0,1009.8,56.833565685088296,True,spike,high,89.9,FUSED_CONSENSUS,27.6,1010.1,56.0,OFFLINE,replay,,89.9
2025-02-28T18:00:00+00:00,AWS-KOL-015,26.9,1010.6,58.59235100939686,True,spike,high,89.9,FUSED_CONSENSUS,25.7,1011.0,63.0,OFFLINE,replay,,89.9
2025-02-28T19:00:00+00:00,AWS-KOL-015,25.9,1011.4,63.33450312012889,True,spike,high,89.9,FUSED_CONSENSUS,24.7,1011.8,68.0,OFFLINE,replay,,89.9
2025-02-28T20:00:00+00:00,AWS-KOL-015,25.9,1012.2,62.060702658349165,True,spike,high,89.9,FUSED_CONSENSUS,24.6,1012.6,68.0,OFFLINE,replay,,89.9
2025-02-28T21:00:00+00:00,AWS-KOL-015,24.8,1012.5,66.77154103770846,True,spike,high,89.9,FUSED_CONSENSUS,24.4,1012.9,69.0,OFFLINE,replay,,89.9
2025-02-28T22:00:00+00:00,AWS-KOL-015,24.0,1012.4,77.46753882866481,True,spike,high,89.9,FUSED_CONSENSUS,22.7,1012.8,77.0,OFFLINE,replay,,89.9
2025-02-28T23:00:00+00:00,AWS-KOL-015,23.3,1011.7,85.1491591921257,True,spike,high,89.9,FUSED_CONSENSUS,22.1,1012.1,87.0,OFFLINE,replay,,89.9
2025-03-01T00:00:00+00:00,AWS-KOL-015,22.7,1010.9,88.81681796329893,True,spike,high,89.9,FUSED_CONSENSUS,21.8,1011.2,92.0,OFFLINE,replay,,89.9
2025-03-01T01:00:00+00:00,AWS-KOL-015,22.5,1010.4,90.47089139409704,True,spike,high,89.9,FUSED_CONSENSUS,21.6,1010.7,94.0,OFFLINE,replay,,89.9
2025-03-01T02:00:00+00:00,AWS-KOL-015,22.3,1010.0,91.111722213427,True,spike,high,89.9,FUSED_CONSENSUS,21.5,1010.3,95.0,OFFLINE,replay,,89.9
2025-03-01T03:00:00+00:00,AWS-KOL-015,22.2,1009.7,90.73962445034935,True,spike,high,89.9,FUSED_CONSENSUS,21.3,1010.0,95.0,OFFLINE,replay,,89.9
2025-03-01T04:00:00+00:00,AWS-KOL-015,21.8,1009.7,91.35488732870222,True,spike,high,89.6,FUSED_CONSENSUS,20.7,1010.0,96.0,OFFLINE,replay,,89.6
2025-03-01T05:00:00+00:00,AWS-KOL-015,21.6,1010.3,90.95777845231348,True,spike,high,89.9,FUSED_CONSENSUS,20.8,1010.6,96.0,OFFLINE,replay,,89.9
2025-03-01T06:00:00+00:00,AWS-KOL-015,22.7,1011.0,91.54854643965106,True,spike,high,89.9,FUSED_CONSENSUS,22.5,1011.4,96.0,OFFLINE,replay,,89.9
2025-03-01T07:00:00+00:00,AWS-KOL-015,24.5,1011.8,84.12742312519353,True,spike,high,89.9,FUSED_CONSENSUS,24.4,1012.2,89.0,OFFLINE,replay,,89.9
2025-03-01T08:00:00+00:00,AWS-KOL-015,26.8,1012.3,71.69462541554113,True,spike,high,89.5,FUSED_CONSENSUS,26.9,1012.7,77.0,OFFLINE,replay,,89.5
2025-03-01T09:00:00+00:00,AWS-KOL-015,29.3,1012.3,53.2503568672974,False,multivariate_inconsistency,low,45.0,NORMAL,29.3,1012.7,61.0,OFFLINE,replay,,45.0
2025-03-01T10:00:00+00:00,AWS-KOL-015,31.3,1012.0,42.79480903844854,False,multivariate_inconsistency,low,45.0,NORMAL,31.4,1012.3,49.0,OFFLINE,replay,,45.0
2025-03-01T11:00:00+00:00,AWS-KOL-015,32.6,1010.5,37.32816265363683,False,multivariate_inconsistency,low,45.0,NORMAL,32.7,1010.9,43.0,OFFLINE,replay,,45.0
2025-03-01T12:00:00+00:00,AWS-KOL-015,33.6,1009.2,32.85058861522343,False,multivariate_inconsistency,low,45.0,NORMAL,33.7,1009.4,39.0,OFFLINE,replay,,45.0
2025-03-01T13:00:00+00:00,AWS-KOL-015,34.3,1007.8,28.36224888557552,False,spike,low,34.2,NORMAL,34.1,1008.0,37.0,OFFLINE,replay,,34.2
2025-03-01T14:00:00+00:00,AWS-KOL-015,34.4,1006.5,26.86329726104809,True,spike,high,89.9,FUSED_CONSENSUS,34.1,1006.8,36.0,OFFLINE,replay,,89.9
2025-03-01T15:00:00+00:00,AWS-KOL-015,33.8,1006.2,28.353880054274786,True,spike,high,89.9,FUSED_CONSENSUS,33.6,1006.4,39.0,OFFLINE,replay,,89.9
2025-03-01T16:00:00+00:00,AWS-KOL-015,32.9,1006.4,30.83413669835838,True,spike,high,89.9,FUSED_CONSENSUS,32.3,1006.6,45.0,OFFLINE,replay,,89.9
2025-03-01T17:00:00+00:00,AWS-KOL-015,31.2,1006.7,38.30420028415899,True,spike,high,89.9,FUSED_CONSENSUS,30.3,1007.2,52.0,OFFLINE,replay,,89.9
2025-03-01T18:00:00+00:00,AWS-KOL-015,28.6,1007.3,48.76419803996894,True,spike,high,89.9,FUSED_CONSENSUS,29.0,1007.7,57.0,OFFLINE,replay,,89.9
2025-03-01T19:00:00+00:00,AWS-KOL-015,27.5,1008.3,54.21425176132839,True,spike,high,89.9,FUSED_CONSENSUS,27.6,1008.6,63.0,OFFLINE,replay,,89.9
2025-03-01T20:00:00+00:00,AWS-KOL-015,26.8,1008.9,57.65447819749248,True,spike,high,89.9,FUSED_CONSENSUS,27.0,1009.3,67.0,OFFLINE,replay,,89.9
2025-03-01T21:00:00+00:00,AWS-KOL-015,26.0,1009.1,60.08498940004717,True,spike,high,89.9,FUSED_CONSENSUS,26.0,1009.5,71.0,OFFLINE,replay,,89.9
2025-03-01T22:00:00+00:00,AWS-KOL-015,25.6,1009.0,59.5058930383391,True,spike,high,89.9,FUSED_CONSENSUS,25.5,1009.4,72.0,OFFLINE,replay,,89.9
2025-03-01T23:00:00+00:00,AWS-KOL-015,25.3,1008.2,58.91729268569793,True,spike,high,89.9,FUSED_CONSENSUS,24.1,1008.6,79.0,OFFLINE,replay,,89.9
2025-03-02T00:00:00+00:00,AWS-KOL-015,24.2,1007.9,64.31928807985977,True,spike,high,89.9,FUSED_CONSENSUS,23.1,1008.3,84.0,OFFLINE,replay,,89.9
2025-03-02T01:00:00+00:00,AWS-KOL-015,24.1,1007.2,61.71197536052471,True,spike,high,89.9,FUSED_CONSENSUS,23.8,1007.5,79.0,OFFLINE,replay,,89.9
2025-03-02T02:00:00+00:00,AWS-KOL-015,23.9,1006.5,59.09544728658188,True,spike,high,89.9,FUSED_CONSENSUS,23.5,1006.9,78.0,OFFLINE,replay,,89.9
2025-03-02T03:00:00+00:00,AWS-KOL-015,23.6,1006.0,54.4697934352001,True,spike,high,89.9,FUSED_CONSENSUS,23.0,1006.3,77.0,OFFLINE,replay,,89.9
2025-03-02T04:00:00+00:00,AWS-KOL-015,23.1,1006.2,51.83510038469686,True,spike,high,89.9,FUSED_CONSENSUS,22.5,1006.5,75.0,OFFLINE,replay,,89.9
2025-03-02T05:00:00+00:00,AWS-KOL-015,22.6,1006.8,51.191451882856704,True,spike,high,89.9,FUSED_CONSENSUS,21.9,1007.2,74.0,OFFLINE,replay,,89.9
2025-03-02T06:00:00+00:00,AWS-KOL-015,23.5,1007.5,53.53892900216374,True,spike,high,89.6,FUSED_CONSENSUS,23.1,1007.9,74.0,OFFLINE,replay,,89.6
2025-03-02T07:00:00+00:00,AWS-KOL-015,25.0,1008.4,67.0,True,spike,high,88.5,FUSED_CONSENSUS,24.8,1008.8,69.0,OFFLINE,replay,,88.5
2025-03-02T08:00:00+00:00,AWS-KOL-015,27.2,1009.1,59.0,True,spike,high,87.7,FUSED_CONSENSUS,27.0,1009.5,60.0,OFFLINE,replay,,87.7
2025-03-02T09:00:00+00:00,AWS-KOL-015,29.3,1009.5,52.0,True,spike,high,87.2,FUSED_CONSENSUS,29.1,1009.8,57.0,OFFLINE,replay,,87.2
2025-03-02T10:00:00+00:00,AWS-KOL-015,31.1,1009.3,50.0,True,spike,high,87.5,FUSED_CONSENSUS,31.0,1009.6,53.0,OFFLINE,replay,,87.5
2025-03-02T11:00:00+00:00,AWS-KOL-015,32.7,1008.3,44.0,False,multivariate_inconsistency,low,45.0,NORMAL,32.7,1008.6,46.0,OFFLINE,replay,,45.0
2025-03-02T12:00:00+00:00,AWS-KOL-015,33.8,1007.1,39.0,False,multivariate_inconsistency,low,45.0,NORMAL,33.8,1007.3,40.0,OFFLINE,replay,,45.0
2025-03-02T13:00:00+00:00,AWS-KOL-015,34.3,1005.7,37.0,False,multivariate_inconsistency,low,45.0,NORMAL,34.4,1005.9,35.0,OFFLINE,replay,,45.0
2025-03-02T14:00:00+00:00,AWS-KOL-015,34.4,1004.8,35.0,True,spike,high,89.9,FUSED_CONSENSUS,34.4,1005.0,32.0,OFFLINE,replay,,89.9
2025-03-02T15:00:00+00:00,AWS-KOL-015,33.5,1004.7,38.0,True,spike,high,89.9,FUSED_CONSENSUS,33.2,1004.9,39.0,OFFLINE,replay,,89.9
2025-03-02T16:00:00+00:00,AWS-KOL-015,1.765304196879523,1004.8,41.0,True,spike,high,89.9,FUSED_CONSENSUS,32.1,1005.1,43.0,OFFLINE,replay,,89.9
2025-03-02T17:00:00+00:00,AWS-KOL-015,31.4,1004.9,47.0,True,spike,high,89.9,FUSED_CONSENSUS,30.2,1005.3,53.0,OFFLINE,replay,,89.9
2025-03-02T18:00:00+00:00,AWS-KOL-015,30.4,1005.4,59.0,True,spike,high,89.9,FUSED_CONSENSUS,28.5,1005.9,59.0,OFFLINE,replay,,89.9
2025-03-02T19:00:00+00:00,AWS-KOL-015,29.7,1026.5625464846637,59.0,True,spike,high,89.9,FUSED_CONSENSUS,27.8,1006.6,60.0,OFFLINE,replay,,89.9
2025-03-02T20:00:00+00:00,AWS-KOL-015,27.7,1007.1,70.0,True,spike,high,89.9,FUSED_CONSENSUS,27.7,1007.5,71.0,OFFLINE,replay,,89.9
2025-03-02T21:00:00+00:00,AWS-KOL-015,27.0,1007.8,73.0,True,spike,high,89.9,FUSED_CONSENSUS,26.1,1008.2,77.0,OFFLINE,replay,,89.9
2025-03-02T22:00:00+00:00,AWS-KOL-015,26.1,1008.4,81.0,True,spike,high,89.9,FUSED_CONSENSUS,25.7,1008.8,80.0,OFFLINE,replay,,89.9
2025-03-02T23:00:00+00:00,AWS-KOL-015,25.8,1008.1,83.0,True,spike,high,89.9,FUSED_CONSENSUS,25.4,1008.6,82.0,OFFLINE,replay,,89.9
2025-03-03T00:00:00+00:00,AWS-KOL-015,25.4,1007.8,84.0,True,spike,high,89.9,FUSED_CONSENSUS,25.2,1008.2,82.0,OFFLINE,replay,,89.9
2025-03-03T01:00:00+00:00,AWS-KOL-015,25.1,1007.4,84.0,True,spike,high,89.9,FUSED_CONSENSUS,24.6,1007.8,83.0,OFFLINE,replay,,89.9
2025-03-03T02:00:00+00:00,AWS-KOL-015,24.9,1006.8,84.0,True,spike,high,89.9,FUSED_CONSENSUS,23.3,1007.2,89.0,OFFLINE,replay,,89.9
2025-03-03T03:00:00+00:00,AWS-KOL-015,24.6,1006.9,84.0,True,spike,high,89.9,FUSED_CONSENSUS,22.8,1007.4,89.0,OFFLINE,replay,,89.9
2025-03-03T04:00:00+00:00,AWS-KOL-015,24.0,1007.0,85.0,True,spike,high,89.9,FUSED_CONSENSUS,22.5,1007.5,91.0,OFFLINE,replay,,89.9
2025-03-03T05:00:00+00:00,AWS-KOL-015,23.4,1008.0,87.0,True,spike,high,89.9,FUSED_CONSENSUS,21.7,1008.4,90.0,OFFLINE,replay,,89.9
2025-03-03T06:00:00+00:00,AWS-KOL-015,24.6,1009.0,87.0,True,spike,high,89.9,FUSED_CONSENSUS,24.2,1009.4,87.0,OFFLINE,replay,,89.9
2025-03-03T07:00:00+00:00,AWS-KOL-015,26.5,1010.2,73.0,True,spike,high,89.9,FUSED_CONSENSUS,26.2,1010.5,72.0,OFFLINE,replay,,89.9
2025-03-03T08:00:00+00:00,AWS-KOL-015,28.7,1011.0,52.0,True,spike,high,85.4,FUSED_CONSENSUS,28.0,1011.4,57.0,OFFLINE,replay,,85.4
2025-03-03T09:00:00+00:00,AWS-KOL-015,31.0,1011.0,37.0,True,spike,high,85.4,FUSED_CONSENSUS,30.0,1011.4,41.0,OFFLINE,replay,,85.4
2025-03-03T10:00:00+00:00,AWS-KOL-015,32.3,1011.0,30.0,True,spike,high,85.4,FUSED_CONSENSUS,31.2,1011.4,35.0,OFFLINE,replay,,85.4
2025-03-03T11:00:00+00:00,AWS-KOL-015,33.3,1009.8,29.0,False,spike,low,34.2,NORMAL,32.2,1010.2,35.0,OFFLINE,replay,,34.2
2025-03-03T12:00:00+00:00,AWS-KOL-015,33.8,1008.6,29.0,False,spike,low,34.2,NORMAL,32.8,1008.9,33.0,OFFLINE,replay,,34.2
2025-03-03T13:00:00+00:00,AWS-KOL-015,33.9,1007.3,30.0,True,spike,high,89.9,FUSED_CONSENSUS,33.1,1007.6,33.0,OFFLINE,replay,,89.9
2025-03-03T14:00:00+00:00,AWS-KOL-015,33.8,1006.4,31.0,True,spike,high,89.9,FUSED_CONSENSUS,32.9,1006.7,33.0,OFFLINE,replay,,89.9
2025-03-03T15:00:00+00:00,AWS-KOL-015,33.3,1005.5,33.0,True,spike,high,89.9,FUSED_CONSENSUS,32.5,1005.8,35.0,OFFLINE,replay,,89.9
2025-03-03T16:00:00+00:00,AWS-KOL-015,32.5,1005.9,35.0,True,spike,high,89.9,FUSED_CONSENSUS,31.9,1006.1,37.0,OFFLINE,replay,,89.9
2025-03-03T17:00:00+00:00,AWS-KOL-015,31.1,1006.7,39.0,True,spike,high,89.9,FUSED_CONSENSUS,29.8,1007.0,50.0,OFFLINE,replay,,89.9
2025-03-03T18:00:00+00:00,AWS-KOL-015,29.9,1007.1,43.0,True,spike,high,89.9,FUSED_CONSENSUS,28.1,1007.6,49.0,OFFLINE,replay,,89.9
2025-03-03T19:00:00+00:00,AWS-KOL-015,29.6,1007.9,44.0,True,spike,high,89.9,FUSED_CONSENSUS,28.1,1008.3,48.0,OFFLINE,replay,,89.9
2025-03-03T20:00:00+00:00,AWS-KOL-015,29.2,1008.1,46.0,True,spike,high,89.9,FUSED_CONSENSUS,27.3,1008.6,51.0,OFFLINE,replay,,89.9
2025-03-03T21:00:00+00:00,AWS-KOL-015,28.7,1008.4,47.0,True,spike,high,89.9,FUSED_CONSENSUS,26.5,1008.8,54.0,OFFLINE,replay,,89.9
2025-03-03T22:00:00+00:00,AWS-KOL-015,26.7,1008.5,67.0,True,spike,high,89.9,FUSED_CONSENSUS,26.2,1008.9,66.0,OFFLINE,replay,,89.9
2025-03-03T23:00:00+00:00,AWS-KOL-015,25.6,1008.3,84.0,True,spike,high,89.9,FUSED_CONSENSUS,24.7,1008.7,83.0,OFFLINE,replay,,89.9
2025-03-04T00:00:00+00:00,AWS-KOL-015,24.9,1008.3,90.0,True,spike,high,89.9,FUSED_CONSENSUS,23.7,1008.6,88.0,OFFLINE,replay,,89.9
2025-03-04T01:00:00+00:00,AWS-KOL-015,24.0,1008.0,94.0,True,spike,high,89.9,FUSED_CONSENSUS,23.5,1008.3,90.0,OFFLINE,replay,,89.9
2025-03-04T02:00:00+00:00,AWS-KOL-015,23.2,1007.6,95.0,True,spike,high,89.9,FUSED_CONSENSUS,22.6,1007.9,92.0,OFFLINE,replay,,89.9
2025-03-04T03:00:00+00:00,AWS-KOL-015,23.13456534494728,1007.7,89.0,True,spike,high,89.9,FUSED_CONSENSUS,22.1,1008.1,89.0,OFFLINE,replay,,89.9
2025-03-04T04:00:00+00:00,AWS-KOL-015,23.10937800378594,1007.9,84.0,True,spike,high,89.9,FUSED_CONSENSUS,22.0,1008.3,84.0,OFFLINE,replay,,89.9
2025-03-04T05:00:00+00:00,AWS-KOL-015,23.087992280292767,1008.5,78.0,True,spike,high,89.9,FUSED_CONSENSUS,21.4,1008.9,85.0,OFFLINE,replay,,89.9
2025-03-04T06:00:00+00:00,AWS-KOL-015,23.057598266244327,1009.8,67.0,True,spike,high,89.9,FUSED_CONSENSUS,22.5,1010.2,72.0,OFFLINE,replay,,89.9
2025-03-04T07:00:00+00:00,AWS-KOL-015,23.05577043503573,1010.8,59.0,True,spike,high,85.7,FUSED_CONSENSUS,24.8,1011.1,62.0,OFFLINE,replay,,85.7
2025-03-04T08:00:00+00:00,AWS-KOL-015,22.96661679378697,1011.2,44.0,True,spike,high,85.2,FUSED_CONSENSUS,27.8,1011.6,45.0,OFFLINE,replay,,85.2
2025-03-04T09:00:00+00:00,AWS-KOL-015,22.986652887424388,1011.4,28.0,False,spike,low,34.2,NORMAL,30.0,1011.7,29.0,OFFLINE,replay,,34.2
2025-03-04T10:00:00+00:00,AWS-KOL-015,22.938849403215983,1011.4,26.0,False,spike,low,34.2,NORMAL,31.0,1011.7,26.0,OFFLINE,replay,,34.2
2025-03-04T11:00:00+00:00,AWS-KOL-015,32.0,1010.4,25.0,False,spike,low,34.2,NORMAL,31.7,1010.7,25.0,OFFLINE,replay,,34.2
2025-03-04T12:00:00+00:00,AWS-KOL-015,32.6,1009.0,23.0,False,spike,low,34.2,NORMAL,32.3,1009.3,24.0,OFFLINE,replay,,34.2
2025-03-04T13:00:00+00:00,AWS-KOL-015,32.9,1008.0,21.0,True,spike,high,89.9,FUSED_CONSENSUS,32.5,1008.3,23.0,OFFLINE,replay,,89.9
2025-03-04T14:00:00+00:00,AWS-KOL-015,32.6,1007.2,22.0,True,spike,high,89.9,FUSED_CONSENSUS,32.5,1007.4,24.0,OFFLINE,replay,,89.9
2025-03-04T15:00:00+00:00,AWS-KOL-015,32.1,1006.6,24.0,True,spike,high,89.9,FUSED_CONSENSUS,31.9,1006.8,26.0,OFFLINE,replay,,89.9
2025-03-04T16:00:00+00:00,AWS-KOL-015,31.3,1006.6,26.0,True,spike,high,89.9,FUSED_CONSENSUS,31.0,1006.8,28.0,OFFLINE,replay,,89.9
2025-03-04T17:00:00+00:00,AWS-KOL-015,30.0,1006.8,40.0,True,spike,high,89.9,FUSED_CONSENSUS,28.9,1007.2,38.0,OFFLINE,replay,,89.9
2025-03-04T18:00:00+00:00,AWS-KOL-015,29.3,1007.0,34.0,True,spike,high,89.9,FUSED_CONSENSUS,28.4,1007.4,38.0,OFFLINE,replay,,89.9
2025-03-04T19:00:00+00:00,AWS-KOL-015,29.0,1007.8,35.0,True,spike,high,89.9,FUSED_CONSENSUS,26.9,1008.3,41.0,OFFLINE,replay,,89.9
2025-03-04T20:00:00+00:00,AWS-KOL-015,28.5,1008.2,36.0,True,spike,high,89.9,FUSED_CONSENSUS,25.5,1008.7,47.0,OFFLINE,replay,,89.9
2025-03-04T21:00:00+00:00,AWS-KOL-015,27.2,1008.5,41.0,True,spike,high,89.9,FUSED_CONSENSUS,24.5,1008.9,54.0,OFFLINE,replay,,89.9
2025-03-04T22:00:00+00:00,AWS-KOL-015,26.2,1008.3,46.0,True,spike,high,89.9,FUSED_CONSENSUS,23.6,1008.6,57.0,OFFLINE,replay,,89.9
2025-03-04T23:00:00+00:00,AWS-KOL-015,25.4,1008.1,49.0,True,spike,high,89.9,FUSED_CONSENSUS,23.9,1008.5,55.0,OFFLINE,replay,,89.9
2025-03-05T00:00:00+00:00,AWS-KOL-015,24.9,1007.8,54.0,True,spike,high,89.9,FUSED_CONSENSUS,23.5,1008.2,56.0,OFFLINE,replay,,89.9
2025-03-05T01:00:00+00:00,AWS-KOL-015,24.1,1007.6,57.0,True,spike,high,89.9,FUSED_CONSENSUS,22.9,1007.8,59.0,OFFLINE,replay,,89.9
2025-03-05T02:00:00+00:00,AWS-KOL-015,23.0,1007.5,60.0,True,spike,high,89.9,FUSED_CONSENSUS,22.6,1007.7,59.0,OFFLINE,replay,,89.9
2025-03-05T03:00:00+00:00,AWS-KOL-015,22.4,1007.3,63.0,True,spike,high,89.9,FUSED_CONSENSUS,21.9,1007.5,61.0,OFFLINE,replay,,89.9
2025-03-05T04:00:00+00:00,AWS-KOL-015,22.0,1007.5,66.0,True,spike,high,89.9,FUSED_CONSENSUS,21.3,1007.8,66.0,OFFLINE,replay,,89.9
2025-03-05T05:00:00+00:00,AWS-KOL-015,21.5,1008.0,67.0,True,spike,high,89.0,FUSED_CONSENSUS,20.8,1008.3,69.0,OFFLINE,replay,,89.0
2025-03-05T06:00:00+00:00,AWS-KOL-015,22.2,1009.2,68.0,True,spike,high,87.6,FUSED_CONSENSUS,21.6,1009.6,70.0,OFFLINE,replay,,87.6
2025-03-05T07:00:00+00:00,AWS-KOL-015,24.2,1009.9,59.0,True,spike,high,86.7,FUSED_CONSENSUS,24.2,1010.2,61.0,OFFLINE,replay,,86.7
2025-03-05T08:00:00+00:00,AWS-KOL-015,27.2,1010.2,46.0,True,spike,high,86.4,FUSED_CONSENSUS,27.4,1010.6,47.0,OFFLINE,replay,,86.4
2025-03-05T09:00:00+00:00,AWS-KOL-015,29.8,1010.1,33.0,True,spike,high,86.5,FUSED_CONSENSUS,29.5,1010.4,36.0,OFFLINE,replay,,86.5
2025-03-05T10:00:00+00:00,AWS-KOL-015,31.0,1010.0,29.0,True,spike,high,86.6,FUSED_CONSENSUS,30.7,1010.3,31.0,OFFLINE,replay,,86.6
2025-03-05T11:00:00+00:00,AWS-KOL-015,31.8,1024.526448071393,28.0,False,spike,low,34.2,NORMAL,31.5,1009.2,30.0,OFFLINE,replay,,34.2
2025-03-05T12:00:00+00:00,AWS-KOL-015,32.1,1012.0058236205792,28.0,True,spike,high,89.9,FUSED_CONSENSUS,31.9,1008.1,29.0,OFFLINE,replay,,89.9
2025-03-05T13:00:00+00:00,AWS-KOL-015,32.4,1007.8392787485,28.0,True,spike,high,89.9,FUSED_CONSENSUS,32.1,1006.9,29.0,OFFLINE,replay,,89.9
2025-03-05T14:00:00+00:00,AWS-KOL-015,32.4,1005.7086092484792,28.0,True,spike,high,89.9,FUSED_CONSENSUS,32.0,1005.6,29.0,OFFLINE,replay,,89.9
2025-03-05T15:00:00+00:00,AWS-KOL-015,32.1,1005.0835964581736,29.0,True,spike,high,89.9,FUSED_CONSENSUS,31.5,1005.3,31.0,OFFLINE,replay,,89.9
2025-03-05T16:00:00+00:00,AWS-KOL-015,31.1,1005.0,31.0,True,spike,high,89.9,FUSED_CONSENSUS,30.5,1005.3,32.0,OFFLINE,replay,,89.9
2025-03-05T17:00:00+00:00,AWS-KOL-015,29.9,1005.3,35.0,True,spike,high,89.9,FUSED_CONSENSUS,28.8,1005.7,37.0,OFFLINE,replay,,89.9
2025-03-05T18:00:00+00:00,AWS-KOL-015,29.1,1006.2,50.0,True,spike,high,89.9,FUSED_CONSENSUS,28.1,1006.6,43.0,OFFLINE,replay,,89.9
2025-03-05T19:00:00+00:00,AWS-KOL-015,28.8,1006.9,45.0,True,spike,high,89.9,FUSED_CONSENSUS,27.1,1007.3,47.0,OFFLINE,replay,,89.9
2025-03-05T20:00:00+00:00,AWS-KOL-015,28.6,1007.6,44.0,True,spike,high,89.9,FUSED_CONSENSUS,26.2,1008.1,49.0,OFFLINE,replay,,89.9
2025-03-05T21:00:00+00:00,AWS-KOL-015,26.7,1008.2,62.0,True,spike,high,89.9,FUSED_CONSENSUS,25.1,1008.6,62.0,OFFLINE,replay,,89.9
2025-03-05T22:00:00+00:00,AWS-KOL-015,24.9,1008.7,-0.0063613956324791,True,spike,critical,100.0,RULE_ENGINE_BYPASS,24.8,1009.1,74.0,OFFLINE,replay,,100.0
2025-03-05T23:00:00+00:00,AWS-KOL-015,24.0,1008.8,0.0243922975726216,True,spike,high,89.9,FUSED_CONSENSUS,23.9,1009.1,71.0,OFFLINE,replay,,89.9
2025-03-06T00:00:00+00:00,AWS-KOL-015,23.3,1008.4,-0.1337369535270981,True,spike,critical,100.0,RULE_ENGINE_BYPASS,23.0,1008.7,76.0,OFFLINE,replay,,100.0
2025-03-06T01:00:00+00:00,AWS-KOL-015,22.8,1008.0,-0.0851022129407996,True,spike,critical,100.0,RULE_ENGINE_BYPASS,22.0,1008.4,80.0,OFFLINE,replay,,100.0
2025-03-06T02:00:00+00:00,AWS-KOL-015,22.0,1008.1,76.0,True,spike,high,89.9,FUSED_CONSENSUS,20.8,1008.5,74.0,OFFLINE,replay,,89.9
2025-03-06T03:00:00+00:00,AWS-KOL-015,21.4,1008.3,61.0,True,spike,high,88.8,FUSED_CONSENSUS,20.3,1008.6,60.0,OFFLINE,replay,,88.8
2025-03-06T04:00:00+00:00,AWS-KOL-015,21.1,1008.8,50.0,True,spike,high,88.3,FUSED_CONSENSUS,19.7,1009.1,53.0,OFFLINE,replay,,88.3
2025-03-06T05:00:00+00:00,AWS-KOL-015,20.6,1009.7,44.0,True,spike,high,87.4,FUSED_CONSENSUS,19.4,1010.0,46.0,OFFLINE,replay,,87.4
2025-03-06T06:00:00+00:00,AWS-KOL-015,20.3,1011.1,48.0,True,spike,high,86.8,FUSED_CONSENSUS,19.6,1011.4,53.0,OFFLINE,replay,,86.8
2025-03-06T07:00:00+00:00,AWS-KOL-015,21.7,1012.2,42.0,False,spike,low,34.0,NORMAL,21.4,1012.4,48.0,OFFLINE,replay,,34.0
2025-03-06T08:00:00+00:00,AWS-KOL-015,24.0,1012.6,35.0,False,spike,low,34.2,NORMAL,23.7,1013.0,39.0,OFFLINE,replay,,34.2
2025-03-06T09:00:00+00:00,AWS-KOL-015,25.8,1012.8,29.0,False,spike,low,34.2,NORMAL,25.5,1013.2,32.0,OFFLINE,replay,,34.2
2025-03-06T10:00:00+00:00,AWS-KOL-015,27.2,1012.4,26.0,False,spike,low,34.2,NORMAL,26.9,1012.6,29.0,OFFLINE,replay,,34.2
2025-03-06T11:00:00+00:00,AWS-KOL-015,28.3,1011.5,24.0,False,spike,low,34.2,NORMAL,27.9,1011.8,27.0,OFFLINE,replay,,34.2
2025-03-06T12:00:00+00:00,AWS-KOL-015,29.0,1010.5,24.0,False,spike,low,34.2,NORMAL,28.6,1010.8,26.0,OFFLINE,replay,,34.2
2025-03-06T13:00:00+00:00,AWS-KOL-015,29.5,1009.6,23.0,False,spike,low,34.2,NORMAL,29.1,1009.9,25.0,OFFLINE,replay,,34.2
2025-03-06T14:00:00+00:00,AWS-KOL-015,29.5,1008.8,22.0,True,spike,high,89.9,FUSED_CONSENSUS,29.2,1009.1,24.0,OFFLINE,replay,,89.9
2025-03-06T15:00:00+00:00,AWS-KOL-015,29.0,1008.4,22.0,True,spike,high,89.9,FUSED_CONSENSUS,28.7,1008.7,24.0,OFFLINE,replay,,89.9
2025-03-06T16:00:00+00:00,AWS-KOL-015,28.2,1008.5,23.0,True,spike,high,89.9,FUSED_CONSENSUS,27.8,1008.7,26.0,OFFLINE,replay,,89.9
2025-03-06T17:00:00+00:00,AWS-KOL-015,26.9,1008.8,26.0,True,spike,high,89.9,FUSED_CONSENSUS,25.6,1009.1,33.0,OFFLINE,replay,,89.9
2025-03-06T18:00:00+00:00,AWS-KOL-015,25.6,1009.4,31.0,True,spike,high,89.9,FUSED_CONSENSUS,24.0,1009.8,38.0,OFFLINE,replay,,89.9
2025-03-06T19:00:00+00:00,AWS-KOL-015,24.6,1010.1,41.0,True,spike,high,89.9,FUSED_CONSENSUS,23.1,1010.5,43.0,OFFLINE,replay,,89.9
2025-03-06T20:00:00+00:00,AWS-KOL-015,24.0,1010.6,41.0,True,spike,high,89.9,FUSED_CONSENSUS,22.4,1011.1,46.0,OFFLINE,replay,,89.9
2025-03-06T21:00:00+00:00,AWS-KOL-015,23.4,1010.4,42.0,True,spike,high,89.9,FUSED_CONSENSUS,21.2,1010.8,50.0,OFFLINE,replay,,89.9
2025-03-06T22:00:00+00:00,AWS-KOL-015,22.8,1010.0,46.0,True,spike,high,89.9,FUSED_CONSENSUS,21.1,1010.3,54.0,OFFLINE,replay,,89.9
2025-03-06T23:00:00+00:00,AWS-KOL-015,22.0,1009.6,52.04415609023527,True,spike,high,89.9,FUSED_CONSENSUS,20.4,1009.9,58.0,OFFLINE,replay,,89.9
2025-03-07T00:00:00+00:00,AWS-KOL-015,21.3,1009.3,56.132844853056135,True,spike,high,88.6,FUSED_CONSENSUS,19.6,1009.6,59.0,OFFLINE,replay,,88.6
2025-03-07T01:00:00+00:00,AWS-KOL-015,21.0,1008.5,58.25373107289782,True,spike,high,88.1,FUSED_CONSENSUS,18.6,1008.8,62.0,OFFLINE,replay,,88.1
2025-03-07T02:00:00+00:00,AWS-KOL-015,20.0,1008.0,62.40195715802773,True,spike,high,86.3,FUSED_CONSENSUS,17.7,1008.3,65.0,OFFLINE,replay,,86.3
2025-03-07T03:00:00+00:00,AWS-KOL-015,19.5,1007.8,59.57459070247446,True,spike,high,89.2,FUSED_CONSENSUS,17.6,1008.1,67.0,OFFLINE,replay,,89.2
2025-03-07T04:00:00+00:00,AWS-KOL-015,19.0,1008.2,63.76959185502399,True,spike,high,88.8,FUSED_CONSENSUS,17.4,1008.4,70.0,OFFLINE,replay,,88.8
2025-03-07T05:00:00+00:00,AWS-KOL-015,18.3,1008.6,69.98542713372066,True,spike,high,88.3,FUSED_CONSENSUS,17.0,1008.8,77.0,OFFLINE,replay,,88.3
2025-03-07T06:00:00+00:00,AWS-KOL-015,19.0,1009.5,71.22088498889886,True,spike,high,89.2,FUSED_CONSENSUS,18.0,1009.7,75.0,OFFLINE,replay,,89.2
2025-03-07T07:00:00+00:00,AWS-KOL-015,20.5,1010.4,62.47497438728847,True,spike,high,86.2,FUSED_CONSENSUS,20.9,1010.6,60.0,OFFLINE,replay,,86.2
2025-03-07T08:00:00+00:00,AWS-KOL-015,23.5,1011.0,47.74686356372589,True,spike,high,85.4,FUSED_CONSENSUS,24.2,1011.3,44.0,OFFLINE,replay,,85.4
2025-03-07T09:00:00+00:00,AWS-KOL-015,26.5,1011.0,37.035840447477206,True,spike,high,85.4,FUSED_CONSENSUS,26.8,1011.3,34.0,OFFLINE,replay,,85.4
2025-03-07T10:00:00+00:00,AWS-KOL-015,28.6,1010.8,29.34128575050441,True,spike,high,85.7,FUSED_CONSENSUS,28.6,1011.1,28.0,OFFLINE,replay,,85.7
2025-03-07T11:00:00+00:00,AWS-KOL-015,29.9,1009.6,26.662653915306304,False,spike,low,34.2,NORMAL,29.8,1009.9,25.0,OFFLINE,replay,,34.2
2025-03-07T12:00:00+00:00,AWS-KOL-015,30.6,1008.4,25.999459181439672,False,spike,low,34.2,NORMAL,30.5,1008.6,23.0,OFFLINE,replay,,34.2
2025-03-07T13:00:00+00:00,AWS-KOL-015,30.9,1007.0,26.351265118406637,True,spike,high,89.9,FUSED_CONSENSUS,30.7,1007.3,23.0,OFFLINE,replay,,89.9
2025-03-07T14:00:00+00:00,AWS-KOL-015,30.8,1006.1,27.71767658328223,True,spike,high,89.9,FUSED_CONSENSUS,30.6,1006.3,23.0,OFFLINE,replay,,89.9
2025-03-07T15:00:00+00:00,AWS-KOL-015,30.1,1005.7,31.098333421494356,True,spike,high,89.9,FUSED_CONSENSUS,30.0,1006.0,26.0,OFFLINE,replay,,89.9
2025-03-07T16:00:00+00:00,AWS-KOL-015,29.4,1006.0,34.49290545044367,True,spike,high,89.9,FUSED_CONSENSUS,28.8,1006.3,31.0,OFFLINE,replay,,89.9
2025-03-07T17:00:00+00:00,AWS-KOL-015,28.3,1006.4,38.9010884065395,True,spike,high,89.9,FUSED_CONSENSUS,27.3,1006.7,36.0,OFFLINE,replay,,89.9
2025-03-07T18:00:00+00:00,AWS-KOL-015,27.3,1006.7,50.32260062870678,True,spike,high,89.9,FUSED_CONSENSUS,26.0,1007.1,45.0,OFFLINE,replay,,89.9
2025-03-07T19:00:00+00:00,AWS-KOL-015,27.2,1007.4,49.75718031375616,True,spike,high,89.9,FUSED_CONSENSUS,25.3,1007.8,44.0,OFFLINE,replay,,89.9
2025-03-07T20:00:00+00:00,AWS-KOL-015,26.2,1008.2,47.204583222019295,True,spike,high,89.9,FUSED_CONSENSUS,24.4,1008.6,46.0,OFFLINE,replay,,89.9
2025-03-07T21:00:00+00:00,AWS-KOL-015,24.8,1008.2,57.66458074194808,True,spike,high,89.9,FUSED_CONSENSUS,23.4,1008.6,48.0,OFFLINE,replay,,89.9
2025-03-07T22:00:00+00:00,AWS-KOL-015,23.6,1008.1,65.13695824411512,True,spike,high,89.9,FUSED_CONSENSUS,22.7,1008.5,56.0,OFFLINE,replay,,89.9
2025-03-07T23:00:00+00:00,AWS-KOL-015,22.8,1007.9,70.62151367091222,True,spike,high,89.9,FUSED_CONSENSUS,21.7,1008.3,63.0,OFFLINE,replay,,89.9
2025-03-08T00:00:00+00:00,AWS-KOL-015,22.2,1007.8,79.11805631998834,True,spike,high,89.9,FUSED_CONSENSUS,21.1,1008.1,69.0,OFFLINE,replay,,89.9
2025-03-08T01:00:00+00:00,AWS-KOL-015,21.6,1007.5,86.62640578828615,True,spike,high,89.2,FUSED_CONSENSUS,20.5,1007.8,78.0,OFFLINE,replay,,89.2
2025-03-08T02:00:00+00:00,AWS-KOL-015,21.1,1007.2,93.14639105023834,True,spike,high,89.9,FUSED_CONSENSUS,19.6,1007.5,86.0,OFFLINE,replay,,89.9
2025-03-08T03:00:00+00:00,AWS-KOL-015,20.2,1006.7,99.67784964883774,True,spike,high,86.7,FUSED_CONSENSUS,18.7,1007.0,90.0,OFFLINE,replay,,86.7
2025-03-08T04:00:00+00:00,AWS-KOL-015,19.7,1006.9,100.0,True,spike,high,89.9,FUSED_CONSENSUS,18.4,1007.1,92.0,OFFLINE,replay,,89.9
2025-03-08T05:00:00+00:00,AWS-KOL-015,19.6,1007.4,100.0,True,spike,high,89.9,FUSED_CONSENSUS,18.4,1007.6,92.0,OFFLINE,replay,,89.9
2025-03-08T06:00:00+00:00,AWS-KOL-015,21.2,1007.9,98.33955500123491,True,spike,high,89.9,FUSED_CONSENSUS,20.4,1008.3,86.0,OFFLINE,replay,,89.9
2025-03-08T07:00:00+00:00,AWS-KOL-015,23.3,1008.6,89.91543041154502,True,spike,high,89.9,FUSED_CONSENSUS,23.2,1009.0,74.0,OFFLINE,replay,,89.9
2025-03-08T08:00:00+00:00,AWS-KOL-015,25.7,1009.5,82.5020730544861,True,spike,high,89.9,FUSED_CONSENSUS,25.9,1009.8,67.0,OFFLINE,replay,,89.9
2025-03-08T09:00:00+00:00,AWS-KOL-015,27.7,1009.3,75.09935938611538,True,spike,high,89.9,FUSED_CONSENSUS,27.9,1009.7,59.0,OFFLINE,replay,,89.9
2025-03-08T10:00:00+00:00,AWS-KOL-015,29.6,1008.8,52.0,False,multivariate_inconsistency,low,45.0,NORMAL,30.0,1009.1,48.0,OFFLINE,replay,,45.0
2025-03-08T11:00:00+00:00,AWS-KOL-015,-39.96782500558929,1008.1,42.0,True,spike,high,89.9,FUSED_CONSENSUS,31.6,1008.4,38.0,OFFLINE,replay,,89.9
2025-03-08T12:00:00+00:00,AWS-KOL-015,-39.96605772745389,1007.4,37.0,True,spike,high,89.9,FUSED_CONSENSUS,32.1,1007.6,35.0,OFFLINE,replay,,89.9
2025-03-08T13:00:00+00:00,AWS-KOL-015,-39.96106768116229,1005.9,27.0,True,spike,high,89.9,FUSED_CONSENSUS,32.9,1006.1,26.0,OFFLINE,replay,,89.9
2025-03-08T14:00:00+00:00,AWS-KOL-015,-39.961866850969535,1005.3,24.0,True,spike,high,89.9,FUSED_CONSENSUS,32.8,1005.4,24.0,OFFLINE,replay,,89.9
2025-03-08T15:00:00+00:00,AWS-KOL-015,32.4,1005.1,23.0,True,spike,high,89.9,FUSED_CONSENSUS,32.4,1005.2,22.0,OFFLINE,replay,,89.9
2025-03-08T16:00:00+00:00,AWS-KOL-015,31.6,1005.3,23.0,True,spike,high,89.9,FUSED_CONSENSUS,31.3,1005.6,26.0,OFFLINE,replay,,89.9
2025-03-08T17:00:00+00:00,AWS-KOL-015,29.8,1006.0,36.0,True,spike,high,89.9,FUSED_CONSENSUS,29.0,1006.3,38.0,OFFLINE,replay,,89.9
2025-03-08T18:00:00+00:00,AWS-KOL-015,28.0,1006.9,57.0,True,spike,high,89.9,FUSED_CONSENSUS,27.7,1007.2,52.0,OFFLINE,replay,,89.9
2025-03-08T19:00:00+00:00,AWS-KOL-015,27.0,1007.9,60.0,True,spike,high,89.9,FUSED_CONSENSUS,27.0,1008.4,59.0,OFFLINE,replay,,89.9
2025-03-08T20:00:00+00:00,AWS-KOL-015,19.364040909088835,1015.4566873529384,86.01535649424835,True,spike,high,85.1,FUSED_CONSENSUS,25.8,1009.0,70.0,OFFLINE,replay,,85.1
2025-03-08T21:00:00+00:00,AWS-KOL-015,18.35678188905506,1017.0510396112757,57.01132587581928,False,multivariate_inconsistency,low,45.0,NORMAL,24.8,1009.4,78.0,OFFLINE,replay,,45.0
2025-03-08T22:00:00+00:00,AWS-KOL-015,18.53290855428237,1015.932241118758,95.0,False,multivariate_inconsistency,low,45.0,NORMAL,23.8,1009.4,84.0,OFFLINE,replay,,45.0
2025-03-08T23:00:00+00:00,AWS-KOL-015,16.814973831822638,1015.8648390014112,67.08867345675534,False,multivariate_inconsistency,low,45.0,NORMAL,22.7,1009.4,90.0,OFFLINE,replay,,45.0
2025-03-09T00:00:00+00:00,AWS-KOL-015,17.568821063766386,1016.9315894931,72.05536846006896,False,multivariate_inconsistency,low,45.0,NORMAL,22.2,1009.9,92.0,OFFLINE,replay,,45.0
2025-03-09T01:00:00+00:00,AWS-KOL-015,22.8,1009.3,91.0,True,spike,high,89.9,FUSED_CONSENSUS,21.9,1009.7,93.0,OFFLINE,replay,,89.9
2025-03-09T02:00:00+00:00,AWS-KOL-015,22.5,1009.1,92.0,True,spike,high,89.9,FUSED_CONSENSUS,21.7,1009.6,93.0,OFFLINE,replay,,89.9
2025-03-09T03:00:00+00:00,AWS-KOL-015,22.3,1009.2,94.0,True,spike,high,89.9,FUSED_CONSENSUS,21.6,1009.6,96.0,OFFLINE,replay,,89.9
2025-03-09T04:00:00+00:00,AWS-KOL-015,23.0,1009.6,90.0,True,spike,high,89.9,FUSED_CONSENSUS,22.1,1010.0,94.0,OFFLINE,replay,,89.9
2025-03-09T05:00:00+00:00,AWS-KOL-015,22.7,1010.2,92.0,True,spike,high,89.9,FUSED_CONSENSUS,22.0,1010.5,96.0,OFFLINE,replay,,89.9
2025-03-09T06:00:00+00:00,AWS-KOL-015,24.2,1011.0,89.0,True,spike,high,89.9,FUSED_CONSENSUS,23.7,1011.4,89.0,OFFLINE,replay,,89.9
2025-03-09T07:00:00+00:00,AWS-KOL-015,25.2,1012.2,82.0,True,spike,high,89.9,FUSED_CONSENSUS,25.0,1012.6,83.0,OFFLINE,replay,,89.9
2025-03-09T08:00:00+00:00,AWS-KOL-015,26.7,1013.1,72.0,True,spike,high,89.6,FUSED_CONSENSUS,26.7,1013.6,73.0,OFFLINE,replay,,89.6
2025-03-09T09:00:00+00:00,AWS-KOL-015,28.7,1013.3,61.0,False,multivariate_inconsistency,low,45.0,NORMAL,28.6,1013.7,62.0,OFFLINE,replay,,45.0
2025-03-09T10:00:00+00:00,AWS-KOL-015,30.8,1013.2,48.0,False,multivariate_inconsistency,low,45.0,NORMAL,30.5,1013.7,50.0,OFFLINE,replay,,45.0
2025-03-09T11:00:00+00:00,AWS-KOL-015,32.3,1012.2,37.0,False,multivariate_inconsistency,low,45.0,NORMAL,31.9,1012.7,39.0,OFFLINE,replay,,45.0
2025-03-09T12:00:00+00:00,AWS-KOL-015,33.3,1011.1,32.0,False,spike,low,34.2,NORMAL,32.8,1011.6,33.0,OFFLINE,replay,,34.2
2025-03-09T13:00:00+00:00,AWS-KOL-015,33.7,1009.9,30.0,False,spike,low,34.2,NORMAL,33.3,1010.3,31.0,OFFLINE,replay,,34.2
2025-03-09T14:00:00+00:00,AWS-KOL-015,33.4,1009.3,30.0,True,spike,high,89.9,FUSED_CONSENSUS,33.5,1009.7,30.0,OFFLINE,replay,,89.9
2025-03-09T15:00:00+00:00,AWS-KOL-015,33.1,1009.1,31.0,True,spike,high,89.9,FUSED_CONSENSUS,33.2,1009.4,30.0,OFFLINE,replay,,89.9
2025-03-09T16:00:00+00:00,AWS-KOL-015,32.3,1009.4,33.0,True,spike,high,89.9,FUSED_CONSENSUS,32.2,1009.7,35.0,OFFLINE,replay,,89.9
2025-03-09T17:00:00+00:00,AWS-KOL-015,31.3,1009.9,36.0,True,spike,high,89.9,FUSED_CONSENSUS,30.4,1010.3,44.0,OFFLINE,replay,,89.9
2025-03-09T18:00:00+00:00,AWS-KOL-015,29.7,1010.6,46.0,True,spike,high,89.9,FUSED_CONSENSUS,28.5,1011.0,44.0,OFFLINE,replay,,89.9
2025-03-09T19:00:00+00:00,AWS-KOL-015,28.3,1012.1,51.0,True,spike,high,89.9,FUSED_CONSENSUS,27.5,1012.5,50.0,OFFLINE,replay,,89.9
2025-03-09T20:00:00+00:00,AWS-KOL-015,27.3,1013.0,61.0,True,spike,high,89.9,FUSED_CONSENSUS,26.8,1013.4,56.0,OFFLINE,replay,,89.9
2025-03-09T21:00:00+00:00,AWS-KOL-015,26.6,1013.5,65.0,True,spike,high,89.9,FUSED_CONSENSUS,25.7,1013.9,63.0,OFFLINE,replay,,89.9
2025-03-09T22:00:00+00:00,AWS-KOL-015,25.5,1013.6,72.0,True,spike,high,89.9,FUSED_CONSENSUS,25.4,1014.0,71.0,OFFLINE,replay,,89.9
2025-03-09T23:00:00+00:00,AWS-KOL-015,24.6,1013.4,79.0,True,spike,high,89.9,FUSED_CONSENSUS,24.3,1013.9,81.0,OFFLINE,replay,,89.9
2025-03-10T00:00:00+00:00,AWS-KOL-015,23.9,1013.5,86.0,True,spike,high,89.9,FUSED_CONSENSUS,23.2,1013.7,86.0,OFFLINE,replay,,89.9
2025-03-10T01:00:00+00:00,AWS-KOL-015,23.3,1013.2,90.0,True,spike,high,89.9,FUSED_CONSENSUS,22.4,1013.4,92.0,OFFLINE,replay,,89.9
2025-03-10T02:00:00+00:00,AWS-KOL-015,22.8,1012.8,93.0,True,spike,high,89.9,FUSED_CONSENSUS,22.1,1013.1,93.0,OFFLINE,replay,,89.9
2025-03-10T03:00:00+00:00,AWS-KOL-015,22.2,1012.8,96.0,True,spike,high,89.9,FUSED_CONSENSUS,21.6,1013.1,95.0,OFFLINE,replay,,89.9
2025-03-10T04:00:00+00:00,AWS-KOL-015,21.8,1013.2,99.0,True,spike,high,89.6,FUSED_CONSENSUS,21.2,1013.5,98.0,OFFLINE,replay,,89.6
2025-03-10T05:00:00+00:00,AWS-KOL-015,21.8,1013.7,99.0,True,spike,high,89.6,FUSED_CONSENSUS,21.2,1014.0,99.0,OFFLINE,replay,,89.6
2025-03-10T06:00:00+00:00,AWS-KOL-015,22.5,1014.8,98.0,True,spike,high,89.9,FUSED_CONSENSUS,22.1,1015.1,99.0,OFFLINE,replay,,89.9
2025-03-10T07:00:00+00:00,AWS-KOL-015,23.1,1015.5,95.0,True,spike,high,89.9,FUSED_CONSENSUS,23.0,1015.8,94.0,OFFLINE,replay,,89.9
2025-03-10T08:00:00+00:00,AWS-KOL-015,25.5,1016.1,78.0,True,spike,high,89.9,FUSED_CONSENSUS,25.9,1016.4,78.0,OFFLINE,replay,,89.9
2025-03-10T09:00:00+00:00,AWS-KOL-015,28.8,1016.0,60.0,False,multivariate_inconsistency,low,45.0,NORMAL,29.4,1016.4,55.0,OFFLINE,replay,,45.0
2025-03-10T10:00:00+00:00,AWS-KOL-015,31.9,1015.6,41.0,False,multivariate_inconsistency,low,45.0,NORMAL,31.8,1015.9,40.0,OFFLINE,replay,,45.0
2025-03-10T11:00:00+00:00,AWS-KOL-015,33.9,1014.4,30.0,False,spike,low,34.2,NORMAL,33.3,1014.8,33.0,OFFLINE,replay,,34.2
2025-03-10T12:00:00+00:00,AWS-KOL-015,35.0,1013.2,26.0,False,spike,low,34.2,NORMAL,34.2,1013.5,30.0,OFFLINE,replay,,34.2
2025-03-10T13:00:00+00:00,AWS-KOL-015,35.3,1011.9,25.0,False,spike,low,34.2,NORMAL,34.8,1012.2,28.0,OFFLINE,replay,,34.2
2025-03-10T14:00:00+00:00,AWS-KOL-015,35.5,1010.8,24.0,True,spike,high,89.9,FUSED_CONSENSUS,35.0,1011.1,26.0,OFFLINE,replay,,89.9
2025-03-10T15:00:00+00:00,AWS-KOL-015,34.4,1010.4,28.0,True,spike,high,89.9,FUSED_CONSENSUS,34.3,1010.6,26.0,OFFLINE,replay,,89.9
2025-03-10T16:00:00+00:00,AWS-KOL-015,32.9,1010.4,33.0,True,spike,high,89.9,FUSED_CONSENSUS,33.1,1010.8,28.0,OFFLINE,replay,,89.9
2025-03-10T17:00:00+00:00,AWS-KOL-015,31.8,1010.8,37.0,True,spike,high,89.9,FUSED_CONSENSUS,31.0,1011.2,38.0,OFFLINE,replay,,89.9
2025-03-10T18:00:00+00:00,AWS-KOL-015,30.4,1011.4,39.0,True,spike,high,89.9,FUSED_CONSENSUS,29.4,1011.8,43.0,OFFLINE,replay,,89.9
2025-03-10T19:00:00+00:00,AWS-KOL-015,29.4,1012.1,42.0,True,spike,high,89.9,FUSED_CONSENSUS,28.6,1012.5,46.0,OFFLINE,replay,,89.9
2025-03-10T20:00:00+00:00,AWS-KOL-015,28.1,1013.1,45.0,True,spike,high,89.9,FUSED_CONSENSUS,28.0,1013.5,53.0,OFFLINE,replay,,89.9
2025-03-10T21:00:00+00:00,AWS-KOL-015,27.4,1012.9,46.0,True,spike,high,89.9,FUSED_CONSENSUS,26.7,1013.4,53.0,OFFLINE,replay,,89.9
2025-03-10T22:00:00+00:00,AWS-KOL-015,26.5,1012.6,49.0,True,spike,high,89.9,FUSED_CONSENSUS,26.1,1013.1,53.0,OFFLINE,replay,,89.9
2025-03-10T23:00:00+00:00,AWS-KOL-015,25.5,1012.2,57.0,True,spike,high,89.9,FUSED_CONSENSUS,25.1,1012.6,57.0,OFFLINE,replay,,89.9
2025-03-11T00:00:00+00:00,AWS-KOL-015,24.7,1011.9,63.0,True,spike,high,89.9,FUSED_CONSENSUS,24.5,1012.3,60.0,OFFLINE,replay,,89.9
2025-03-11T01:00:00+00:00,AWS-KOL-015,24.1,1011.5,67.0,True,spike,high,89.9,FUSED_CONSENSUS,23.9,1011.8,62.0,OFFLINE,replay,,89.9
2025-03-11T02:00:00+00:00,AWS-KOL-015,23.4,1011.2,72.0,True,spike,high,89.9,FUSED_CONSENSUS,23.4,1011.5,67.0,OFFLINE,replay,,89.9
2025-03-11T03:00:00+00:00,AWS-KOL-015,22.9,1010.9,76.0,True,spike,high,89.9,FUSED_CONSENSUS,22.8,1011.3,71.0,OFFLINE,replay,,89.9
2025-03-11T04:00:00+00:00,AWS-KOL-015,22.6,1011.1,78.0,True,spike,high,89.9,FUSED_CONSENSUS,22.2,1011.4,75.0,OFFLINE,replay,,89.9
2025-03-11T05:00:00+00:00,AWS-KOL-015,16.83233798908209,1020.248077078674,95.0,False,multivariate_inconsistency,low,45.0,NORMAL,21.9,1012.0,78.0,OFFLINE,replay,,45.0
2025-03-11T06:00:00+00:00,AWS-KOL-015,17.43657456630416,1021.03750552574,93.87089955503866,True,spike,high,89.9,FUSED_CONSENSUS,23.9,1013.1,73.0,OFFLINE,replay,,89.9
2025-03-11T07:00:00+00:00,AWS-KOL-015,19.046581136841485,1020.9782501505036,89.38916399505544,True,spike,high,89.9,FUSED_CONSENSUS,25.6,1014.0,68.0,OFFLINE,replay,,89.9
2025-03-11T08:00:00+00:00,AWS-KOL-015,33.18446147444162,1006.2001221498969,75.41339771182534,True,spike,high,89.9,FUSED_CONSENSUS,27.8,1014.6,59.0,OFFLINE,replay,,89.9
2025-03-11T09:00:00+00:00,AWS-KOL-015,30.1,1014.3,44.0,False,multivariate_inconsistency,low,45.0,NORMAL,30.3,1014.6,43.0,OFFLINE,replay,,45.0
2025-03-11T10:00:00+00:00,AWS-KOL-015,32.3,1013.7,31.0,False,spike,low,34.2,NORMAL,32.3,1014.0,30.0,OFFLINE,replay,,34.2
2025-03-11T11:00:00+00:00,AWS-KOL-015,33.6,1012.5,26.0,False,spike,low,34.2,NORMAL,33.4,1012.8,27.0,OFFLINE,replay,,34.2
2025-03-11T12:00:00+00:00,AWS-KOL-015,34.1,1011.1,26.0,True,spike,high,88.4,FUSED_CONSENSUS,34.0,1011.3,28.0,OFFLINE,replay,,88.4
2025-03-11T13:00:00+00:00,AWS-KOL-015,34.5,1009.4,27.0,True,spike,high,89.9,FUSED_CONSENSUS,34.1,1009.6,30.0,OFFLINE,replay,,89.9
2025-03-11T14:00:00+00:00,AWS-KOL-015,34.1,1008.4,30.0,True,spike,high,89.9,FUSED_CONSENSUS,33.8,1008.6,33.0,OFFLINE,replay,,89.9
2025-03-11T15:00:00+00:00,AWS-KOL-015,33.5,1008.0307111854838,34.0,True,spike,high,89.9,FUSED_CONSENSUS,33.0,1008.2,37.0,OFFLINE,replay,,89.9
2025-03-11T16:00:00+00:00,AWS-KOL-015,32.7,1008.0016225154168,36.0,True,spike,high,89.9,FUSED_CONSENSUS,32.2,1008.2,40.0,OFFLINE,replay,,89.9
2025-03-11T17:00:00+00:00,AWS-KOL-015,32.1,1008.304829305256,36.0,True,spike,high,89.9,FUSED_CONSENSUS,31.1,1008.6,42.0,OFFLINE,replay,,89.9
2025-03-11T18:00:00+00:00,AWS-KOL-015,30.4,1009.3368963600334,32.0,True,spike,high,89.9,FUSED_CONSENSUS,30.1,1009.3,37.0,OFFLINE,replay,,89.9
2025-03-11T19:00:00+00:00,AWS-KOL-015,29.3,1009.7956533098808,34.0,True,spike,high,89.9,FUSED_CONSENSUS,29.4,1009.8,34.0,OFFLINE,replay,,89.9
2025-03-11T20:00:00+00:00,AWS-KOL-015,28.1,1010.779541240319,36.0,True,spike,high,89.9,FUSED_CONSENSUS,28.4,1010.4,35.0,OFFLINE,replay,,89.9
2025-03-11T21:00:00+00:00,AWS-KOL-015,,1011.1873585865462,41.0,True,spike,critical,100.0,RULE_ENGINE_BYPASS,27.4,1010.7,39.0,OFFLINE,replay,,100.0
2025-03-11T22:00:00+00:00,AWS-KOL-015,26.3,1011.2181363422488,48.0,True,spike,high,89.9,FUSED_CONSENSUS,26.4,1010.5,44.0,OFFLINE,replay,,89.9
2025-03-11T23:00:00+00:00,AWS-KOL-015,25.5,1010.7710679099978,55.0,True,spike,high,89.9,FUSED_CONSENSUS,25.5,1009.8,50.0,OFFLINE,replay,,89.9
2025-03-12T00:00:00+00:00,AWS-KOL-015,24.9,1010.6454659500172,62.0,True,spike,high,89.9,FUSED_CONSENSUS,24.7,1009.3,58.0,OFFLINE,replay,,89.9
2025-03-12T01:00:00+00:00,AWS-KOL-015,24.2,1010.2407340555294,68.0,True,spike,high,89.9,FUSED_CONSENSUS,24.0,1008.7,64.0,OFFLINE,replay,,89.9
2025-03-12T02:00:00+00:00,AWS-KOL-015,23.7,1010.1563472217416,71.0,True,spike,high,89.9,FUSED_CONSENSUS,23.4,1008.2,69.0,OFFLINE,replay,,89.9
2025-03-12T03:00:00+00:00,AWS-KOL-015,23.0,1010.0918378465904,76.0,True,spike,high,89.9,FUSED_CONSENSUS,22.8,1007.9,73.0,OFFLINE,replay,,89.9
2025-03-12T04:00:00+00:00,AWS-KOL-015,22.4,1010.546785377428,80.0,True,spike,high,89.9,FUSED_CONSENSUS,21.9,1007.9,79.0,OFFLINE,replay,,89.9
2025-03-12T05:00:00+00:00,AWS-KOL-015,21.9,1011.3208084535888,84.0,True,spike,high,89.7,FUSED_CONSENSUS,21.2,1008.4,84.0,OFFLINE,replay,,89.7
2025-03-12T06:00:00+00:00,AWS-KOL-015,22.8,1013.0135588121884,81.0,True,spike,high,89.9,FUSED_CONSENSUS,22.6,1009.7,80.0,OFFLINE,replay,,89.9
2025-03-12T07:00:00+00:00,AWS-KOL-015,24.5,1014.0247164731304,72.0,True,spike,high,89.6,FUSED_CONSENSUS,24.8,1010.3,70.0,OFFLINE,replay,,89.6
2025-03-12T08:00:00+00:00,AWS-KOL-015,27.5,1014.6539858735068,57.0,False,multivariate_inconsistency,low,45.0,NORMAL,27.7,1010.5,57.0,OFFLINE,replay,,45.0
2025-03-12T09:00:00+00:00,AWS-KOL-015,30.7,1015.2010927206444,43.0,False,multivariate_inconsistency,low,45.0,NORMAL,30.8,1010.6,43.0,OFFLINE,replay,,45.0
2025-03-12T10:00:00+00:00,AWS-KOL-015,33.6,1014.9657813985826,30.0,False,spike,low,34.2,NORMAL,33.4,1009.9,30.0,OFFLINE,replay,,34.2
2025-03-12T11:00:00+00:00,AWS-KOL-015,35.2,1014.1478128072874,24.0,False,spike,low,34.2,NORMAL,34.8,1008.5,25.0,OFFLINE,replay,,34.2
2025-03-12T12:00:00+00:00,AWS-KOL-015,35.9,1013.2469625448256,22.0,False,spike,low,34.2,NORMAL,35.7,1007.0,23.0,OFFLINE,replay,,34.2
2025-03-12T13:00:00+00:00,AWS-KOL-015,36.1,1012.3630193646665,22.0,True,spike,high,89.9,FUSED_CONSENSUS,35.9,1005.5,21.0,OFFLINE,replay,,89.9
2025-03-12T14:00:00+00:00,AWS-KOL-015,35.8,1011.895783856108,22.0,True,spike,high,89.9,FUSED_CONSENSUS,35.3,1004.6,22.0,OFFLINE,replay,,89.9
2025-03-12T15:00:00+00:00,AWS-KOL-015,35.4,1011.9450673074476,23.0,True,spike,high,89.9,FUSED_CONSENSUS,34.7,1004.2,24.0,OFFLINE,replay,,89.9
2025-03-12T16:00:00+00:00,AWS-KOL-015,34.0,1012.9106907201742,28.0,True,spike,high,89.9,FUSED_CONSENSUS,33.3,1004.5,30.0,OFFLINE,replay,,89.9
2025-03-12T17:00:00+00:00,AWS-KOL-015,33.1,1013.392483948998,32.0,True,spike,high,89.9,FUSED_CONSENSUS,31.6,1004.6,35.0,OFFLINE,replay,,89.9
2025-03-12T18:00:00+00:00,AWS-KOL-015,30.7,1014.5902849475118,50.0,True,spike,high,89.9,FUSED_CONSENSUS,30.7,1005.2,45.0,OFFLINE,replay,,89.9
2025-03-12T19:00:00+00:00,AWS-KOL-015,28.8,1015.8039391031562,57.0,True,spike,high,89.9,FUSED_CONSENSUS,29.1,1005.8,56.0,OFFLINE,replay,,89.9
2025-03-12T20:00:00+00:00,AWS-KOL-015,27.7,1017.3332986481502,68.0,True,spike,high,89.9,FUSED_CONSENSUS,27.9,1006.7,66.0,OFFLINE,replay,,89.9
2025-03-12T21:00:00+00:00,AWS-KOL-015,26.9,1018.0782221354402,75.0,True,spike,high,89.9,FUSED_CONSENSUS,27.0,1006.7,75.0,OFFLINE,replay,,89.9
2025-03-12T22:00:00+00:00,AWS-KOL-015,26.6,1018.5385739705956,78.0,True,spike,high,89.9,FUSED_CONSENSUS,26.7,1006.5,77.0,OFFLINE,replay,,89.9
2025-03-12T23:00:00+00:00,AWS-KOL-015,26.2,1019.014223992094,79.0,True,spike,high,89.9,FUSED_CONSENSUS,26.4,1006.3,78.0,OFFLINE,replay,,89.9
2025-03-13T00:00:00+00:00,AWS-KOL-015,26.1,1019.2050470936648,78.0,True,spike,high,89.9,FUSED_CONSENSUS,26.3,1005.9,77.0,OFFLINE,replay,,89.9
2025-03-13T01:00:00+00:00,AWS-KOL-015,26.0,1019.2109228833464,76.0,True,spike,high,89.9,FUSED_CONSENSUS,26.1,1005.2,75.0,OFFLINE,replay,,89.9
2025-03-13T02:00:00+00:00,AWS-KOL-015,25.8,1019.6317353747312,71.0,True,spike,high,89.9,FUSED_CONSENSUS,25.7,1004.9,73.0,OFFLINE,replay,,89.9
2025-03-13T03:00:00+00:00,AWS-KOL-015,25.2,1020.5673727065376,69.0,True,spike,high,89.9,FUSED_CONSENSUS,25.0,1005.1,72.0,OFFLINE,replay,,89.9
2025-03-13T04:00:00+00:00,AWS-KOL-015,24.5,1005.1,68.0,True,spike,high,89.9,FUSED_CONSENSUS,24.3,1005.5,72.0,OFFLINE,replay,,89.9
2025-03-13T05:00:00+00:00,AWS-KOL-015,24.1,1005.6,67.0,True,spike,high,89.9,FUSED_CONSENSUS,24.0,1006.0,69.0,OFFLINE,replay,,89.9
2025-03-13T06:00:00+00:00,AWS-KOL-015,25.1,1006.2,72.0,True,spike,high,89.9,FUSED_CONSENSUS,25.3,1006.6,72.0,OFFLINE,replay,,89.9
2025-03-13T07:00:00+00:00,AWS-KOL-015,26.5,1007.2,67.0,True,spike,high,89.9,FUSED_CONSENSUS,27.0,1007.5,66.0,OFFLINE,replay,,89.9
2025-03-13T08:00:00+00:00,AWS-KOL-015,28.8,1007.9,60.0,True,spike,high,89.1,FUSED_CONSENSUS,29.1,1008.3,59.0,OFFLINE,replay,,89.1
2025-03-13T09:00:00+00:00,AWS-KOL-015,31.4,1008.1,50.0,True,spike,high,88.9,FUSED_CONSENSUS,31.4,1008.5,49.0,OFFLINE,replay,,88.9
2025-03-13T10:00:00+00:00,AWS-KOL-015,33.7,1007.6,40.0,False,multivariate_inconsistency,low,45.0,NORMAL,33.5,1007.8,40.0,OFFLINE,replay,,45.0
2025-03-13T11:00:00+00:00,AWS-KOL-015,35.3,1006.6,34.0,False,multivariate_inconsistency,low,45.0,NORMAL,35.1,1006.8,35.0,OFFLINE,replay,,45.0
2025-03-13T12:00:00+00:00,AWS-KOL-015,36.4,1005.2,31.0,False,multivariate_inconsistency,low,45.0,NORMAL,36.3,1005.4,29.0,OFFLINE,replay,,45.0
2025-03-13T13:00:00+00:00,AWS-KOL-015,37.1,1003.8,27.0,False,spike,low,34.2,NORMAL,37.0,1004.0,25.0,OFFLINE,replay,,34.2
2025-03-13T14:00:00+00:00,AWS-KOL-015,37.1,1002.8,25.0,True,spike,high,89.9,FUSED_CONSENSUS,36.9,1002.9,24.0,OFFLINE,replay,,89.9
2025-03-13T15:00:00+00:00,AWS-KOL-015,36.6,1002.6,26.0,True,spike,high,89.9,FUSED_CONSENSUS,36.3,1002.7,24.0,OFFLINE,replay,,89.9
2025-03-13T16:00:00+00:00,AWS-KOL-015,35.8,1002.7,26.0,True,spike,high,89.9,FUSED_CONSENSUS,35.1,1002.9,28.0,OFFLINE,replay,,89.9
2025-03-13T17:00:00+00:00,AWS-KOL-015,34.4,1002.9,35.0,True,spike,high,89.9,FUSED_CONSENSUS,33.1,1003.2,34.0,OFFLINE,replay,,89.9
2025-03-13T18:00:00+00:00,AWS-KOL-015,31.6,1003.7,59.0,True,spike,high,89.9,FUSED_CONSENSUS,31.7,1004.0,58.0,OFFLINE,replay,,89.9
2025-03-13T19:00:00+00:00,AWS-KOL-015,30.3,1004.2,66.0,True,spike,high,89.9,FUSED_CONSENSUS,30.2,1004.6,66.0,OFFLINE,replay,,89.9
2025-03-13T20:00:00+00:00,AWS-KOL-015,28.8,1004.9,74.0,True,spike,high,89.9,FUSED_CONSENSUS,28.9,1005.3,74.0,OFFLINE,replay,,89.9
2025-03-13T21:00:00+00:00,AWS-KOL-015,27.8,1005.4,80.0,True,spike,high,89.9,FUSED_CONSENSUS,27.9,1005.8,80.0,OFFLINE,replay,,89.9
2025-03-13T22:00:00+00:00,AWS-KOL-015,27.1,1005.8,83.0,True,spike,high,89.9,FUSED_CONSENSUS,27.2,1006.1,83.0,OFFLINE,replay,,89.9
2025-03-13T23:00:00+00:00,AWS-KOL-015,26.8,1005.8,84.0,True,spike,high,89.9,FUSED_CONSENSUS,26.7,1006.2,83.0,OFFLINE,replay,,89.9
2025-03-14T00:00:00+00:00,AWS-KOL-015,26.3,1005.9,87.0,True,spike,high,89.9,FUSED_CONSENSUS,26.2,1006.3,85.0,OFFLINE,replay,,89.9
2025-03-14T01:00:00+00:00,AWS-KOL-015,26.0,1005.5,88.0,True,spike,high,89.9,FUSED_CONSENSUS,25.6,1005.9,88.0,OFFLINE,replay,,89.9
2025-03-14T02:00:00+00:00,AWS-KOL-015,25.6,1005.2,90.0,True,spike,high,89.9,FUSED_CONSENSUS,25.0,1005.5,92.0,OFFLINE,replay,,89.9
2025-03-14T03:00:00+00:00,AWS-KOL-015,25.2,1005.1,91.0,True,spike,high,89.9,FUSED_CONSENSUS,24.6,1005.5,93.0,OFFLINE,replay,,89.9
2025-03-14T04:00:00+00:00,AWS-KOL-015,24.8,1005.7,92.0,True,spike,high,89.9,FUSED_CONSENSUS,24.4,1006.1,94.0,OFFLINE,replay,,89.9
2025-03-14T05:00:00+00:00,AWS-KOL-015,24.6,1006.5,91.0,True,spike,high,89.9,FUSED_CONSENSUS,24.4,1006.8,94.0,OFFLINE,replay,,89.9
2025-03-14T06:00:00+00:00,AWS-KOL-015,26.0,1007.3,90.0,True,spike,high,89.9,FUSED_CONSENSUS,26.5,1007.7,90.0,OFFLINE,replay,,89.9
2025-03-14T07:00:00+00:00,AWS-KOL-015,27.6,1008.2,80.0,True,spike,high,89.9,FUSED_CONSENSUS,27.9,1008.6,79.0,OFFLINE,replay,,89.9
2025-03-14T08:00:00+00:00,AWS-KOL-015,29.5,1009.0,68.0,True,spike,high,87.8,FUSED_CONSENSUS,29.8,1009.4,68.0,OFFLINE,replay,,87.8
2025-03-14T09:00:00+00:00,AWS-KOL-015,31.6,1009.0,59.0,True,spike,high,87.8,FUSED_CONSENSUS,31.9,1009.3,59.0,OFFLINE,replay,,87.8
2025-03-14T10:00:00+00:00,AWS-KOL-015,33.5,1009.0,52.0,True,spike,high,87.8,FUSED_CONSENSUS,33.6,1009.3,52.0,OFFLINE,replay,,87.8
2025-03-14T11:00:00+00:00,AWS-KOL-015,35.2,1008.2,45.0,False,multivariate_inconsistency,low,45.0,NORMAL,35.4,1008.4,45.0,OFFLINE,replay,,45.0
2025-03-14T12:00:00+00:00,AWS-KOL-015,36.9,1007.0,36.0,False,multivariate_inconsistency,low,45.0,NORMAL,36.9,1007.2,35.0,OFFLINE,replay,,45.0
2025-03-14T13:00:00+00:00,AWS-KOL-015,37.9,1005.6,28.0,False,spike,low,34.2,NORMAL,38.1,1005.8,26.0,OFFLINE,replay,,34.2
2025-03-14T14:00:00+00:00,AWS-KOL-015,37.6,1004.7,29.0,True,spike,high,89.9,FUSED_CONSENSUS,38.2,1004.8,23.0,OFFLINE,replay,,89.9
2025-03-14T15:00:00+00:00,AWS-KOL-015,36.9,1004.4,32.0,True,spike,high,89.9,FUSED_CONSENSUS,37.2,1004.5,26.0,OFFLINE,replay,,89.9
2025-03-14T16:00:00+00:00,AWS-KOL-015,35.7,1004.7,35.0,True,spike,high,89.9,FUSED_CONSENSUS,35.9,1004.8,32.0,OFFLINE,replay,,89.9
2025-03-14T17:00:00+00:00,AWS-KOL-015,34.4,1005.2,40.0,True,spike,high,89.9,FUSED_CONSENSUS,34.1,1005.4,40.0,OFFLINE,replay,,89.9
2025-03-14T18:00:00+00:00,AWS-KOL-015,31.9,1005.7,66.0,True,spike,high,89.9,FUSED_CONSENSUS,32.2,1006.2,65.0,OFFLINE,replay,,89.9
2025-03-14T19:00:00+00:00,AWS-KOL-015,30.8,1006.3,71.0,True,spike,high,89.9,FUSED_CONSENSUS,31.0,1006.8,70.0,OFFLINE,replay,,89.9
2025-03-14T20:00:00+00:00,AWS-KOL-015,29.6,1007.0,76.0,True,spike,high,89.9,FUSED_CONSENSUS,29.7,1007.5,75.0,OFFLINE,replay,,89.9
2025-03-14T21:00:00+00:00,AWS-KOL-015,28.8,1007.5,78.0,True,spike,high,89.9,FUSED_CONSENSUS,28.6,1007.9,80.0,OFFLINE,replay,,89.9
2025-03-14T22:00:00+00:00,AWS-KOL-015,28.1,1007.6,81.0,True,spike,high,89.9,FUSED_CONSENSUS,27.9,1008.0,84.0,OFFLINE,replay,,89.9
2025-03-14T23:00:00+00:00,AWS-KOL-015,27.0,1007.5,86.0,True,spike,high,89.9,FUSED_CONSENSUS,27.0,1007.9,88.0,OFFLINE,replay,,89.9
2025-03-15T00:00:00+00:00,AWS-KOL-015,26.5,1007.1,88.0,True,spike,high,89.9,FUSED_CONSENSUS,26.5,1007.5,88.0,OFFLINE,replay,,89.9
2025-03-15T01:00:00+00:00,AWS-KOL-015,26.1,1006.8,90.0,True,spike,high,89.9,FUSED_CONSENSUS,26.1,1007.2,89.0,OFFLINE,replay,,89.9
2025-03-15T02:00:00+00:00,AWS-KOL-015,25.9,1006.4,90.0,True,spike,high,89.9,FUSED_CONSENSUS,25.3,1006.8,92.0,OFFLINE,replay,,89.9
2025-03-15T03:00:00+00:00,AWS-KOL-015,25.7,1006.2,90.01448487018538,True,spike,high,89.9,FUSED_CONSENSUS,25.0,1006.6,93.0,OFFLINE,replay,,89.9
2025-03-15T04:00:00+00:00,AWS-KOL-015,25.5,1006.7,90.10089658075434,True,spike,high,89.9,FUSED_CONSENSUS,25.2,1007.2,93.0,OFFLINE,replay,,89.9
2025-03-15T05:00:00+00:00,AWS-KOL-015,25.3,1007.4,90.16253565320056,True,spike,high,89.9,FUSED_CONSENSUS,24.7,1007.8,94.0,OFFLINE,replay,,89.9
2025-03-15T06:00:00+00:00,AWS-KOL-015,26.8,1008.2,90.19097276596295,True,spike,high,89.9,FUSED_CONSENSUS,26.4,1008.6,94.0,OFFLINE,replay,,89.9
2025-03-15T07:00:00+00:00,AWS-KOL-015,28.2,1009.6,90.134237148969,True,spike,high,89.9,FUSED_CONSENSUS,28.2,1009.9,83.0,OFFLINE,replay,,89.9
2025-03-15T08:00:00+00:00,AWS-KOL-015,29.9,1010.3,90.21708569975172,True,spike,high,89.9,FUSED_CONSENSUS,29.9,1010.7,73.0,OFFLINE,replay,,89.9
2025-03-15T09:00:00+00:00,AWS-KOL-015,31.9,1010.5,90.17602038034082,True,spike,high,89.9,FUSED_CONSENSUS,31.9,1010.9,63.0,OFFLINE,replay,,89.9
2025-03-15T10:00:00+00:00,AWS-KOL-015,34.2,1010.1,90.0936749090162,True,spike,high,89.9,FUSED_CONSENSUS,34.0,1010.4,54.0,OFFLINE,replay,,89.9
2025-03-15T11:00:00+00:00,AWS-KOL-015,36.2,1009.3,45.0,False,multivariate_inconsistency,low,45.0,NORMAL,35.7,1009.6,47.0,OFFLINE,replay,,45.0
2025-03-15T12:00:00+00:00,AWS-KOL-015,37.8,1008.0,37.0,False,multivariate_inconsistency,low,45.0,NORMAL,36.9,1008.4,40.0,OFFLINE,replay,,45.0
2025-03-15T13:00:00+00:00,AWS-KOL-015,39.0,1006.8,30.0,False,multivariate_inconsistency,low,45.0,NORMAL,37.8,1007.3,35.0,OFFLINE,replay,,45.0
2025-03-15T14:00:00+00:00,AWS-KOL-015,39.1,1005.9,28.0,False,spike,low,34.2,NORMAL,38.4,1006.3,29.0,OFFLINE,replay,,34.2
2025-03-15T15:00:00+00:00,AWS-KOL-015,38.2,1005.6,30.0,True,spike,high,89.9,FUSED_CONSENSUS,38.4,1005.9,24.0,OFFLINE,replay,,89.9
2025-03-15T16:00:00+00:00,AWS-KOL-015,35.9,1005.9,46.0,True,spike,high,89.9,FUSED_CONSENSUS,37.0,1006.1,28.0,OFFLINE,replay,,89.9
2025-03-15T17:00:00+00:00,AWS-KOL-015,34.3,1006.6,49.0,True,spike,high,89.9,FUSED_CONSENSUS,35.0,1006.9,38.0,OFFLINE,replay,,89.9
2025-03-15T18:00:00+00:00,AWS-KOL-015,33.5,1007.5,53.0,True,spike,high,89.9,FUSED_CONSENSUS,33.6,1007.8,42.0,OFFLINE,replay,,89.9
2025-03-15T19:00:00+00:00,AWS-KOL-015,33.0,1008.1,56.0,True,spike,high,89.9,FUSED_CONSENSUS,32.5,1008.5,51.0,OFFLINE,replay,,89.9
2025-03-15T20:00:00+00:00,AWS-KOL-015,31.1,1009.0,71.0,True,spike,high,89.9,FUSED_CONSENSUS,30.9,1009.5,73.0,OFFLINE,replay,,89.9
2025-03-15T21:00:00+00:00,AWS-KOL-015,29.4,1009.3,80.0,True,spike,high,89.9,FUSED_CONSENSUS,28.9,1009.8,81.0,OFFLINE,replay,,89.9
2025-03-15T22:00:00+00:00,AWS-KOL-015,27.8,1009.3,86.0,True,spike,high,89.9,FUSED_CONSENSUS,27.5,1009.7,88.0,OFFLINE,replay,,89.9
2025-03-15T23:00:00+00:00,AWS-KOL-015,26.8,1009.5,91.0,True,spike,high,89.9,FUSED_CONSENSUS,26.8,1009.8,91.0,OFFLINE,replay,,89.9
2025-03-16T00:00:00+00:00,AWS-KOL-015,26.5,1009.1,92.0,True,spike,high,89.9,FUSED_CONSENSUS,26.7,1009.5,90.0,OFFLINE,replay,,89.9
2025-03-16T01:00:00+00:00,AWS-KOL-015,26.2,1008.3,93.0,True,spike,high,89.9,FUSED_CONSENSUS,26.4,1008.7,91.0,OFFLINE,replay,,89.9
2025-03-16T02:00:00+00:00,AWS-KOL-015,26.0,1007.7,94.0,True,spike,high,89.9,FUSED_CONSENSUS,25.9,1008.0,93.0,OFFLINE,replay,,89.9
2025-03-16T03:00:00+00:00,AWS-KOL-015,25.8,1007.5,95.0,True,spike,high,89.9,FUSED_CONSENSUS,25.6,1007.9,95.0,OFFLINE,replay,,89.9
2025-03-16T04:00:00+00:00,AWS-KOL-015,25.6,1007.8,95.0,True,spike,high,89.9,FUSED_CONSENSUS,25.4,1008.1,96.0,OFFLINE,replay,,89.9
2025-03-16T05:00:00+00:00,AWS-KOL-015,25.3,1008.3,95.0,True,spike,high,89.9,FUSED_CONSENSUS,25.1,1008.7,96.0,OFFLINE,replay,,89.9
2025-03-16T06:00:00+00:00,AWS-KOL-015,26.5,1008.8,92.0,True,spike,high,89.9,FUSED_CONSENSUS,26.7,1009.2,91.0,OFFLINE,replay,,89.9
2025-03-16T07:00:00+00:00,AWS-KOL-015,27.9,1009.4,84.0,True,spike,high,89.9,FUSED_CONSENSUS,28.1,1009.8,83.0,OFFLINE,replay,,89.9
2025-03-16T08:00:00+00:00,AWS-KOL-015,30.5,1009.8,71.0,True,spike,high,89.0,FUSED_CONSENSUS,30.6,1010.2,70.0,OFFLINE,replay,,89.0
2025-03-16T09:00:00+00:00,AWS-KOL-015,33.4,1009.6,56.0,True,spike,high,87.1,FUSED_CONSENSUS,33.5,1010.0,56.0,OFFLINE,replay,,87.1
2025-03-16T10:00:00+00:00,AWS-KOL-015,36.4,1009.4,41.0,True,spike,high,87.3,FUSED_CONSENSUS,36.3,1009.7,41.0,OFFLINE,replay,,87.3
2025-03-16T11:00:00+00:00,AWS-KOL-015,38.3,1008.2,30.0,False,multivariate_inconsistency,low,45.0,NORMAL,38.3,1008.5,29.0,OFFLINE,replay,,45.0
2025-03-16T12:00:00+00:00,AWS-KOL-015,39.3,1006.9,25.0,False,spike,low,34.2,NORMAL,39.4,1007.2,23.0,OFFLINE,replay,,34.2
2025-03-16T13:00:00+00:00,AWS-KOL-015,39.6,1005.6,24.0,True,spike,high,89.9,FUSED_CONSENSUS,39.7,1005.9,22.0,OFFLINE,replay,,89.9
2025-03-16T14:00:00+00:00,AWS-KOL-015,39.2,1004.4,26.0,True,spike,high,89.9,FUSED_CONSENSUS,39.2,1004.7,24.0,OFFLINE,replay,,89.9
2025-03-16T15:00:00+00:00,AWS-KOL-015,37.7,1004.2,34.0,True,spike,high,89.9,FUSED_CONSENSUS,37.4,1004.5,29.0,OFFLINE,replay,,89.9
2025-03-16T16:00:00+00:00,AWS-KOL-015,36.0,1005.1,43.0,True,spike,high,89.9,FUSED_CONSENSUS,35.5,1005.9,44.0,OFFLINE,replay,,89.9
2025-03-16T17:00:00+00:00,AWS-KOL-015,33.6,1005.5,46.0,True,spike,high,89.9,FUSED_CONSENSUS,32.2,1005.9,51.0,OFFLINE,replay,,89.9
2025-03-16T18:00:00+00:00,AWS-KOL-015,32.6,1006.0,59.0,True,spike,high,89.9,FUSED_CONSENSUS,31.2,1006.3,56.0,OFFLINE,replay,,89.9
2025-03-16T19:00:00+00:00,AWS-KOL-015,31.1,1006.5,68.0,True,spike,high,89.9,FUSED_CONSENSUS,31.0,1006.9,67.0,OFFLINE,replay,,89.9
2025-03-16T20:00:00+00:00,AWS-KOL-015,30.3,1006.9,70.0,True,spike,high,89.9,FUSED_CONSENSUS,30.0,1007.7,70.0,OFFLINE,replay,,89.9
2025-03-16T21:00:00+00:00,AWS-KOL-015,25.4,1009.2,83.0,True,spike,high,89.9,FUSED_CONSENSUS,25.0,1009.4,81.0,OFFLINE,replay,,89.9
2025-03-16T22:00:00+00:00,AWS-KOL-015,25.1,1008.4,88.0,True,spike,high,89.9,FUSED_CONSENSUS,25.5,1009.0,85.0,OFFLINE,replay,,89.9
2025-03-16T23:00:00+00:00,AWS-KOL-015,25.3,1008.0,88.0,True,spike,high,89.9,FUSED_CONSENSUS,25.7,1008.5,84.0,OFFLINE,replay,,89.9
2025-03-17T00:00:00+00:00,AWS-KOL-015,25.8,1006.6,86.0,True,spike,high,89.9,FUSED_CONSENSUS,25.5,1007.0,85.0,OFFLINE,replay,,89.9
2025-03-17T01:00:00+00:00,AWS-KOL-015,25.5,1006.4,88.0,True,spike,high,89.9,FUSED_CONSENSUS,25.4,1006.8,88.0,OFFLINE,replay,,89.9
2025-03-17T02:00:00+00:00,AWS-KOL-015,25.3,1005.9,90.0,True,spike,high,89.9,FUSED_CONSENSUS,25.0,1006.3,89.0,OFFLINE,replay,,89.9
2025-03-17T03:00:00+00:00,AWS-KOL-015,25.2,1005.6,90.0,True,spike,high,89.9,FUSED_CONSENSUS,24.7,1006.1,92.0,OFFLINE,replay,,89.9
2025-03-17T04:00:00+00:00,AWS-KOL-015,25.0,1005.8,92.0,True,spike,high,89.9,FUSED_CONSENSUS,24.5,1006.2,93.0,OFFLINE,replay,,89.9
2025-03-17T05:00:00+00:00,AWS-KOL-015,24.9,1006.6,93.0,True,spike,high,89.9,FUSED_CONSENSUS,24.3,1007.0,94.0,OFFLINE,replay,,89.9
2025-03-17T06:00:00+00:00,AWS-KOL-015,26.3,1007.6,92.0,True,spike,high,89.9,FUSED_CONSENSUS,26.3,1007.9,91.0,OFFLINE,replay,,89.9
2025-03-17T07:00:00+00:00,AWS-KOL-015,28.0,1008.5,83.0,True,spike,high,89.9,FUSED_CONSENSUS,28.0,1008.9,83.0,OFFLINE,replay,,89.9
2025-03-17T08:00:00+00:00,AWS-KOL-015,30.0,1009.1,71.0,True,spike,high,89.0,FUSED_CONSENSUS,29.8,1009.5,72.0,OFFLINE,replay,,89.0
2025-03-17T09:00:00+00:00,AWS-KOL-015,32.8,1009.2,54.0,True,spike,high,87.6,FUSED_CONSENSUS,32.4,1009.7,58.0,OFFLINE,replay,,87.6
2025-03-17T10:00:00+00:00,AWS-KOL-015,34.9,1009.2,42.0,True,spike,high,87.6,FUSED_CONSENSUS,34.4,1009.5,46.0,OFFLINE,replay,,87.6
2025-03-17T11:00:00+00:00,AWS-KOL-015,36.4,1008.3,35.0,False,multivariate_inconsistency,low,45.0,NORMAL,35.7,1008.8,39.0,OFFLINE,replay,,45.0
2025-03-17T12:00:00+00:00,AWS-KOL-015,37.0,1007.1,33.0,False,multivariate_inconsistency,low,45.0,NORMAL,36.4,1007.5,36.0,OFFLINE,replay,,45.0
2025-03-17T13:00:00+00:00,AWS-KOL-015,37.2,1005.9,32.0,True,spike,high,89.9,FUSED_CONSENSUS,36.5,1006.3,35.0,OFFLINE,replay,,89.9
2025-03-17T14:00:00+00:00,AWS-KOL-015,36.9,1005.3,32.0,True,spike,high,89.9,FUSED_CONSENSUS,36.3,1005.5,36.0,OFFLINE,replay,,89.9
2025-03-17T15:00:00+00:00,AWS-KOL-015,36.83170527875737,1007.8,83.0,True,spike,high,89.9,FUSED_CONSENSUS,26.8,1008.0,78.0,OFFLINE,replay,,89.9
2025-03-17T16:00:00+00:00,AWS-KOL-015,36.8525447594877,1006.3,71.0,True,spike,high,89.9,FUSED_CONSENSUS,27.8,1006.7,69.0,OFFLINE,replay,,89.9
2025-03-17T17:00:00+00:00,AWS-KOL-015,36.88432245746587,1006.3,70.0,True,spike,high,89.9,FUSED_CONSENSUS,27.6,1006.8,72.0,OFFLINE,replay,,89.9
2025-03-17T18:00:00+00:00,AWS-KOL-015,36.91097345412293,1007.0,65.0,True,spike,high,89.9,FUSED_CONSENSUS,27.9,1007.6,69.0,OFFLINE,replay,,89.9
2025-03-17T19:00:00+00:00,AWS-KOL-015,36.91095762391496,1007.6,71.0,True,spike,high,89.9,FUSED_CONSENSUS,27.4,1008.1,74.0,OFFLINE,replay,,89.9
2025-03-17T20:00:00+00:00,AWS-KOL-015,36.87998979088316,1008.2,75.0,True,spike,high,89.9,FUSED_CONSENSUS,26.9,1008.7,76.0,OFFLINE,replay,,89.9
2025-03-17T21:00:00+00:00,AWS-KOL-015,36.92987179739617,1008.2,77.0,True,spike,high,89.9,FUSED_CONSENSUS,26.4,1008.7,78.0,OFFLINE,replay,,89.9
2025-03-17T22:00:00+00:00,AWS-KOL-015,36.88455089781032,1008.4,81.0,True,spike,high,89.9,FUSED_CONSENSUS,26.1,1008.8,80.0,OFFLINE,replay,,89.9
2025-03-17T23:00:00+00:00,AWS-KOL-015,25.9,1008.2,85.0,True,spike,high,89.9,FUSED_CONSENSUS,25.9,1008.5,84.0,OFFLINE,replay,,89.9
2025-03-18T00:00:00+00:00,AWS-KOL-015,25.6,1007.8,88.0,True,spike,high,89.9,FUSED_CONSENSUS,25.7,1008.1,87.0,OFFLINE,replay,,89.9
2025-03-18T01:00:00+00:00,AWS-KOL-015,25.2,1007.2,91.0,True,spike,high,89.9,FUSED_CONSENSUS,25.4,1007.5,90.0,OFFLINE,replay,,89.9
2025-03-18T02:00:00+00:00,AWS-KOL-015,25.2,1006.6,93.0,True,spike,high,89.9,FUSED_CONSENSUS,25.2,1007.0,91.0,OFFLINE,replay,,89.9
2025-03-18T03:00:00+00:00,AWS-KOL-015,25.1,1006.2,94.0,True,spike,high,89.9,FUSED_CONSENSUS,24.9,1006.5,93.0,OFFLINE,replay,,89.9
2025-03-18T04:00:00+00:00,AWS-KOL-015,25.0,1006.7,95.0,True,spike,high,89.9,FUSED_CONSENSUS,24.6,1007.1,95.0,OFFLINE,replay,,89.9
2025-03-18T05:00:00+00:00,AWS-KOL-015,24.3,1007.7,97.0,True,spike,high,89.9,FUSED_CONSENSUS,24.4,1008.0,95.0,OFFLINE,replay,,89.9
2025-03-18T06:00:00+00:00,AWS-KOL-015,26.1,1008.5,86.0,True,spike,high,89.9,FUSED_CONSENSUS,26.3,1009.0,86.0,OFFLINE,replay,,89.9
2025-03-18T07:00:00+00:00,AWS-KOL-015,27.9,1009.5,71.0,True,spike,high,89.0,FUSED_CONSENSUS,28.0,1009.8,72.0,OFFLINE,replay,,89.0
2025-03-18T08:00:00+00:00,AWS-KOL-015,30.4,1010.3,48.0,True,spike,high,86.3,FUSED_CONSENSUS,30.1,1010.6,49.0,OFFLINE,replay,,86.3
2025-03-18T09:00:00+00:00,AWS-KOL-015,32.2,1010.3,36.0,True,spike,high,86.3,FUSED_CONSENSUS,31.9,1010.7,35.0,OFFLINE,replay,,86.3
2025-03-18T10:00:00+00:00,AWS-KOL-015,33.9,1010.0,27.0,False,spike,low,34.2,NORMAL,33.3,1010.3,28.0,OFFLINE,replay,,34.2
2025-03-18T11:00:00+00:00,AWS-KOL-015,34.9,1009.0,25.0,False,spike,low,34.2,NORMAL,34.3,1009.3,26.0,OFFLINE,replay,,34.2
2025-03-18T12:00:00+00:00,AWS-KOL-015,35.6,1008.2,24.0,True,spike,high,89.7,FUSED_CONSENSUS,34.9,1008.4,26.0,OFFLINE,replay,,89.7
2025-03-18T13:00:00+00:00,AWS-KOL-015,35.8,1007.2,25.0,True,spike,high,89.9,FUSED_CONSENSUS,35.1,1007.4,26.0,OFFLINE,replay,,89.9
2025-03-18T14:00:00+00:00,AWS-KOL-015,35.7,1006.4,26.0,True,spike,high,89.9,FUSED_CONSENSUS,35.1,1006.5,27.0,OFFLINE,replay,,89.9
2025-03-18T15:00:00+00:00,AWS-KOL-015,35.2,1006.1,27.0,True,spike,high,89.9,FUSED_CONSENSUS,34.8,1006.3,29.0,OFFLINE,replay,,89.9
2025-03-18T16:00:00+00:00,AWS-KOL-015,34.4,1006.3,29.0,True,spike,high,89.9,FUSED_CONSENSUS,33.8,1006.4,31.0,OFFLINE,replay,,89.9
2025-03-18T17:00:00+00:00,AWS-KOL-015,33.4,1006.9,31.0,True,spike,high,89.9,FUSED_CONSENSUS,32.5,1007.2,34.0,OFFLINE,replay,,89.9
2025-03-18T18:00:00+00:00,AWS-KOL-015,31.5,1008.1,45.0,True,spike,high,89.9,FUSED_CONSENSUS,30.1,1008.5,42.0,OFFLINE,replay,,89.9
2025-03-18T19:00:00+00:00,AWS-KOL-015,31.2,1008.7,37.0,True,spike,high,89.9,FUSED_CONSENSUS,29.4,1009.1,42.0,OFFLINE,replay,,89.9
2025-03-18T20:00:00+00:00,AWS-KOL-015,30.8,1009.2,39.0,True,spike,high,89.9,FUSED_CONSENSUS,29.2,1009.7,45.0,OFFLINE,replay,,89.9
2025-03-18T21:00:00+00:00,AWS-KOL-015,29.9,1009.5,42.0,True,spike,high,89.9,FUSED_CONSENSUS,28.3,1009.9,48.0,OFFLINE,replay,,89.9
2025-03-18T22:00:00+00:00,AWS-KOL-015,29.4,1009.8,43.0,True,spike,high,89.9,FUSED_CONSENSUS,27.4,1010.2,53.0,OFFLINE,replay,,89.9
2025-03-18T23:00:00+00:00,AWS-KOL-015,28.4,1010.0,50.0,True,spike,high,89.9,FUSED_CONSENSUS,27.3,1010.4,53.0,OFFLINE,replay,,89.9
2025-03-19T00:00:00+00:00,AWS-KOL-015,26.9,1010.0,63.0,True,spike,high,89.9,FUSED_CONSENSUS,26.6,1010.3,62.0,OFFLINE,replay,,89.9
2025-03-19T01:00:00+00:00,AWS-KOL-015,25.6,1009.7,70.0,True,spike,high,89.9,FUSED_CONSENSUS,25.7,1010.0,69.0,OFFLINE,replay,,89.9
2025-03-19T02:00:00+00:00,AWS-KOL-015,24.6,1009.7,75.0,True,spike,high,89.9,FUSED_CONSENSUS,24.5,1010.0,72.0,OFFLINE,replay,,89.9
2025-03-19T03:00:00+00:00,AWS-KOL-015,24.2,1009.5,77.0,True,spike,high,89.9,FUSED_CONSENSUS,23.6,1009.9,75.0,OFFLINE,replay,,89.9
2025-03-19T04:00:00+00:00,AWS-KOL-015,23.9,1009.7,79.0,True,spike,high,89.9,FUSED_CONSENSUS,23.0,1010.1,78.0,OFFLINE,replay,,89.9
2025-03-19T05:00:00+00:00,AWS-KOL-015,23.7,1010.5,79.0,True,spike,high,89.9,FUSED_CONSENSUS,22.8,1010.9,80.0,OFFLINE,replay,,89.9
2025-03-19T06:00:00+00:00,AWS-KOL-015,24.5,1011.8,78.0,True,spike,high,89.9,FUSED_CONSENSUS,24.2,1012.2,78.0,OFFLINE,replay,,89.9
2025-03-19T07:00:00+00:00,AWS-KOL-015,26.7,1012.6,69.0,True,spike,high,87.8,FUSED_CONSENSUS,26.5,1013.1,70.0,OFFLINE,replay,,87.8
2025-03-19T08:00:00+00:00,AWS-KOL-015,29.5,1013.3,60.0,False,multivariate_inconsistency,low,45.0,NORMAL,29.2,1013.7,61.0,OFFLINE,replay,,45.0
2025-03-19T09:00:00+00:00,AWS-KOL-015,32.0,1013.4,50.0,False,multivariate_inconsistency,low,45.0,NORMAL,31.6,1013.8,52.0,OFFLINE,replay,,45.0
2025-03-19T10:00:00+00:00,AWS-KOL-015,34.0,1013.1,42.0,False,multivariate_inconsistency,low,45.0,NORMAL,33.3,1013.5,45.0,OFFLINE,replay,,45.0
2025-03-19T11:00:00+00:00,AWS-KOL-015,35.6,1012.3,36.0,False,multivariate_inconsistency,low,45.0,NORMAL,34.7,1012.7,39.0,OFFLINE,replay,,45.0
2025-03-19T12:00:00+00:00,AWS-KOL-015,36.6,1011.2,32.0,False,multivariate_inconsistency,low,45.0,NORMAL,35.9,1011.6,33.0,OFFLINE,replay,,45.0
2025-03-19T13:00:00+00:00,AWS-KOL-015,36.9,1010.1,31.0,False,multivariate_inconsistency,low,45.0,NORMAL,36.8,1010.4,30.0,OFFLINE,replay,,45.0
2025-03-19T14:00:00+00:00,AWS-KOL-015,36.7,1009.3,32.0,True,spike,high,89.9,FUSED_CONSENSUS,36.6,1009.5,32.0,OFFLINE,replay,,89.9
2025-03-19T15:00:00+00:00,AWS-KOL-015,35.9,1008.9,36.0,True,spike,high,89.9,FUSED_CONSENSUS,34.8,1009.2,42.0,OFFLINE,replay,,89.9
2025-03-19T16:00:00+00:00,AWS-KOL-015,34.8,1008.9,42.0,True,spike,high,89.9,FUSED_CONSENSUS,34.1,1009.1,45.0,OFFLINE,replay,,89.9
2025-03-19T17:00:00+00:00,AWS-KOL-015,33.2,1009.3,50.0,True,spike,high,89.9,FUSED_CONSENSUS,32.8,1009.6,49.0,OFFLINE,replay,,89.9
2025-03-19T18:00:00+00:00,AWS-KOL-015,30.6,1010.3,66.0,True,spike,high,89.9,FUSED_CONSENSUS,30.9,1010.7,65.0,OFFLINE,replay,,89.9
2025-03-19T19:00:00+00:00,AWS-KOL-015,29.1,1011.5,71.0,True,spike,high,89.9,FUSED_CONSENSUS,29.4,1011.8,71.0,OFFLINE,replay,,89.9
2025-03-19T20:00:00+00:00,AWS-KOL-015,28.3,1012.3,76.0,True,spike,high,89.9,FUSED_CONSENSUS,28.5,1012.7,76.0,OFFLINE,replay,,89.9
2025-03-19T21:00:00+00:00,AWS-KOL-015,27.5,1012.8,82.0,True,spike,high,89.9,FUSED_CONSENSUS,27.7,1013.1,82.0,OFFLINE,replay,,89.9
2025-03-19T22:00:00+00:00,AWS-KOL-015,27.1,1012.7,87.0,True,spike,high,89.9,FUSED_CONSENSUS,27.2,1013.1,86.0,OFFLINE,replay,,89.9
2025-03-19T23:00:00+00:00,AWS-KOL-015,26.6,1012.5,90.0,True,spike,high,89.9,FUSED_CONSENSUS,26.7,1012.9,89.0,OFFLINE,replay,,89.9
2025-03-20T00:00:00+00:00,AWS-KOL-015,26.3,1012.3,92.0,True,spike,high,89.9,FUSED_CONSENSUS,26.3,1012.7,91.0,OFFLINE,replay,,89.9
2025-03-20T01:00:00+00:00,AWS-KOL-015,26.1,1011.8,92.0,True,spike,high,89.9,FUSED_CONSENSUS,25.9,1012.2,93.0,OFFLINE,replay,,89.9
2025-03-20T02:00:00+00:00,AWS-KOL-015,25.8,1011.6,93.0,True,spike,high,89.9,FUSED_CONSENSUS,25.5,1012.0,95.0,OFFLINE,replay,,89.9
2025-03-20T03:00:00+00:00,AWS-KOL-015,25.7,1011.5,93.0,True,spike,high,89.9,FUSED_CONSENSUS,25.3,1011.9,96.0,OFFLINE,replay,,89.9
2025-03-20T04:00:00+00:00,AWS-KOL-015,32.53335615614606,1012.724924744254,100.0,True,spike,high,89.9,FUSED_CONSENSUS,25.2,1012.3,96.0,OFFLINE,replay,,89.9
2025-03-20T05:00:00+00:00,AWS-KOL-015,32.43335615614606,1012.2636273143348,100.0,True,spike,high,89.9,FUSED_CONSENSUS,25.1,1012.7,96.0,OFFLINE,replay,,89.9
2025-03-20T06:00:00+00:00,AWS-KOL-015,33.633356156146064,1013.5135110734104,100.0,True,spike,high,89.9,FUSED_CONSENSUS,26.8,1013.7,90.0,OFFLINE,replay,,89.9
2025-03-20T07:00:00+00:00,AWS-KOL-015,28.0,1014.0,83.0,True,spike,high,89.9,FUSED_CONSENSUS,28.1,1014.4,82.0,OFFLINE,replay,,89.9
2025-03-20T08:00:00+00:00,AWS-KOL-015,23.149343510177765,1022.5772539917738,54.502066961672654,False,multivariate_inconsistency,low,45.0,NORMAL,29.9,1014.9,72.0,OFFLINE,replay,,45.0
2025-03-20T09:00:00+00:00,AWS-KOL-015,38.820221358719984,1007.7926236980688,78.71083795739156,True,spike,high,89.9,FUSED_CONSENSUS,31.7,1014.9,62.0,OFFLINE,replay,,89.9
2025-03-20T10:00:00+00:00,AWS-KOL-015,38.860648545522594,1006.393495846781,38.45419464035442,False,multivariate_inconsistency,low,45.0,NORMAL,33.3,1014.5,55.0,OFFLINE,replay,,45.0
2025-03-20T11:00:00+00:00,AWS-KOL-015,41.232532105991154,1005.3410476331584,30.858980202341268,False,multivariate_inconsistency,low,45.0,NORMAL,33.8,1014.1,49.0,OFFLINE,replay,,45.0
2025-03-20T12:00:00+00:00,AWS-KOL-015,36.005609794353816,1004.8825982446951,79.31964059447193,True,spike,high,89.9,FUSED_CONSENSUS,27.6,1014.3,73.0,OFFLINE,replay,,89.9
2025-03-20T13:00:00+00:00,AWS-KOL-015,37.445648026775046,1003.2342237740615,43.02801500164941,False,multivariate_inconsistency,low,45.0,NORMAL,29.8,1012.5,65.0,OFFLINE,replay,,45.0
2025-03-20T14:00:00+00:00,AWS-KOL-015,39.34902123539424,1003.911898725646,32.71474061842345,False,multivariate_inconsistency,low,45.0,NORMAL,31.2,1011.1,55.0,OFFLINE,replay,,45.0
2025-03-20T15:00:00+00:00,AWS-KOL-015,32.5,1009.8,51.0,True,spike,high,89.9,FUSED_CONSENSUS,31.3,1010.5,52.0,OFFLINE,replay,,89.9
2025-03-20T16:00:00+00:00,AWS-KOL-015,31.7,1010.1,52.0,True,spike,high,89.9,FUSED_CONSENSUS,30.6,1010.8,57.0,OFFLINE,replay,,89.9
2025-03-20T17:00:00+00:00,AWS-KOL-015,30.7,1010.7,54.0,True,spike,high,89.9,FUSED_CONSENSUS,29.8,1011.1,60.0,OFFLINE,replay,,89.9
2025-03-20T18:00:00+00:00,AWS-KOL-015,30.6,1011.5,45.0,True,spike,high,89.9,FUSED_CONSENSUS,28.9,1011.9,55.0,OFFLINE,replay,,89.9
2025-03-20T19:00:00+00:00,AWS-KOL-015,29.6,1012.2,51.0,True,spike,high,89.9,FUSED_CONSENSUS,27.8,1012.5,59.0,OFFLINE,replay,,89.9
2025-03-20T20:00:00+00:00,AWS-KOL-015,29.3,1013.2,56.0,True,spike,high,89.9,FUSED_CONSENSUS,27.7,1013.6,64.0,OFFLINE,replay,,89.9
2025-03-20T21:00:00+00:00,AWS-KOL-015,28.7,1013.6,52.0,True,spike,high,89.9,FUSED_CONSENSUS,27.3,1014.0,63.0,OFFLINE,replay,,89.9
2025-03-20T22:00:00+00:00,AWS-KOL-015,29.17877437428165,1013.7,,True,spike,critical,100.0,RULE_ENGINE_BYPASS,27.5,1014.1,64.0,OFFLINE,replay,,100.0
2025-03-20T23:00:00+00:00,AWS-KOL-015,29.257548748563305,1013.1,55.0,True,spike,high,89.9,FUSED_CONSENSUS,26.8,1013.4,65.0,OFFLINE,replay,,89.9
2025-03-21T00:00:00+00:00,AWS-KOL-015,28.636323122844956,1012.8,64.0,True,spike,high,89.9,FUSED_CONSENSUS,26.8,1013.3,70.0,OFFLINE,replay,,89.9
2025-03-21T01:00:00+00:00,AWS-KOL-015,28.215097497126603,1012.3,77.0,True,spike,high,89.9,FUSED_CONSENSUS,26.1,1012.8,81.0,OFFLINE,replay,,89.9
2025-03-21T02:00:00+00:00,AWS-KOL-015,27.59387187140825,1012.8,80.0,True,spike,high,89.9,FUSED_CONSENSUS,25.8,1013.1,83.0,OFFLINE,replay,,89.9
2025-03-21T03:00:00+00:00,AWS-KOL-015,27.572646245689903,1027.871951188842,78.0,True,spike,high,89.9,FUSED_CONSENSUS,24.9,1012.7,79.0,OFFLINE,replay,,89.9
2025-03-21T04:00:00+00:00,AWS-KOL-015,27.65142061997156,1014.8039485136594,79.0,True,spike,high,89.9,FUSED_CONSENSUS,24.1,1013.0,81.0,OFFLINE,replay,,89.9
2025-03-21T05:00:00+00:00,AWS-KOL-015,27.33019499425321,1013.6119319468676,79.0,True,spike,high,89.9,FUSED_CONSENSUS,24.1,1013.6,79.0,OFFLINE,replay,,89.9
2025-03-21T06:00:00+00:00,AWS-KOL-015,28.108969368534854,1014.5441487352692,70.0,True,spike,high,89.9,FUSED_CONSENSUS,23.7,1014.8,74.0,OFFLINE,replay,,89.9
2025-03-21T07:00:00+00:00,AWS-KOL-015,29.98774374281651,1015.2062485130024,61.0,False,multivariate_inconsistency,low,45.0,NORMAL,25.3,1015.6,67.0,OFFLINE,replay,,45.0
2025-03-21T08:00:00+00:00,AWS-KOL-015,32.46651811709816,1001.4072282168576,52.0,True,spike,high,89.9,FUSED_CONSENSUS,27.7,1016.0,59.0,OFFLINE,replay,,89.9
2025-03-21T09:00:00+00:00,AWS-KOL-015,35.04529249137981,1013.1887550343828,45.0,False,multivariate_inconsistency,low,45.0,NORMAL,29.8,1016.1,51.0,OFFLINE,replay,,45.0
2025-03-21T10:00:00+00:00,AWS-KOL-015,37.02406686566147,1015.055664575342,40.0,False,multivariate_inconsistency,low,45.0,NORMAL,31.5,1015.9,44.0,OFFLINE,replay,,45.0
2025-03-21T11:00:00+00:00,AWS-KOL-015,38.30284123994311,1014.22138004364,38.0,False,multivariate_inconsistency,low,45.0,NORMAL,32.4,1014.8,40.0,OFFLINE,replay,,45.0
2025-03-21T12:00:00+00:00,AWS-KOL-015,39.68161561422477,1013.1,35.0,False,multivariate_inconsistency,low,45.0,NORMAL,32.8,1013.7,39.0,OFFLINE,replay,,45.0
2025-03-21T13:00:00+00:00,AWS-KOL-015,40.66038998850642,1011.6,34.0,True,spike,high,89.9,FUSED_CONSENSUS,33.2,1012.2,38.0,OFFLINE,replay,,89.9
2025-03-21T14:00:00+00:00,AWS-KOL-015,40.13916436278807,1010.4,35.0,True,spike,high,89.9,FUSED_CONSENSUS,32.4,1011.2,41.0,OFFLINE,replay,,89.9
2025-03-21T15:00:00+00:00,AWS-KOL-015,37.51793873706972,1010.7,46.0,True,spike,high,89.9,FUSED_CONSENSUS,30.1,1011.3,47.0,OFFLINE,replay,,89.9
2025-03-21T16:00:00+00:00,AWS-KOL-015,36.89671311135137,1011.5,49.0,True,spike,high,89.9,FUSED_CONSENSUS,29.4,1011.7,49.0,OFFLINE,replay,,89.9
2025-03-21T17:00:00+00:00,AWS-KOL-015,36.37548748563302,1011.5,52.0,True,spike,high,89.9,FUSED_CONSENSUS,27.6,1012.1,59.0,OFFLINE,replay,,89.9
2025-03-21T18:00:00+00:00,AWS-KOL-015,33.35426185991467,1013.7,63.0,True,spike,high,89.9,FUSED_CONSENSUS,24.8,1014.0,64.0,OFFLINE,replay,,89.9
2025-03-21T19:00:00+00:00,AWS-KOL-015,32.43303623419632,1014.3,68.0,True,spike,high,89.9,FUSED_CONSENSUS,23.5,1014.6,70.0,OFFLINE,replay,,89.9
2025-03-21T20:00:00+00:00,AWS-KOL-015,31.311810608477977,1015.2,78.0,True,spike,high,89.9,FUSED_CONSENSUS,22.0,1015.5,84.0,OFFLINE,replay,,89.9
2025-03-21T21:00:00+00:00,AWS-KOL-015,31.49058498275962,1015.0,79.0,True,spike,high,89.9,FUSED_CONSENSUS,21.8,1015.3,84.0,OFFLINE,replay,,89.9
2025-03-21T22:00:00+00:00,AWS-KOL-015,22.5,1014.2,80.0,True,spike,high,89.9,FUSED_CONSENSUS,22.0,1014.4,83.0,OFFLINE,replay,,89.9
2025-03-21T23:00:00+00:00,AWS-KOL-015,22.7,1013.4,80.0,True,spike,high,89.9,FUSED_CONSENSUS,22.4,1013.7,79.0,OFFLINE,replay,,89.9
