timestamp,station_id,temperature_c,pressure_hpa,humidity_pct,is_anomaly,fault_type,severity,anomaly_score_pct,decision_basis,suggested_temperature_c,suggested_pressure_hpa,suggested_humidity_pct,health_status,source,model_confidence_pct,rule_confidence_pct
2026-09-22 06:45:00+00:00,AWS-BHO-030,30.3,955.1,65.0,False,,low,0.0,NORMAL,30.4,960.3,67.0,HEALTHY,live,,0.0
2026-09-22T07:00:00+00:00,AWS-BHO-030,30.4,954.8,65.0,False,,low,0.0,NORMAL,30.5,960.1,66.0,HEALTHY,live,,0.0
2025-01-01T00:00:00+00:00,AWS-BHO-030,14.2,960.7,94.0,False,,low,0.0,NORMAL,13.0,966.2,96.0,HEALTHY,replay,,0.0
2025-01-01T01:00:00+00:00,AWS-BHO-030,13.6,960.2,95.0,False,,low,0.0,NORMAL,12.4,965.8,97.0,HEALTHY,replay,,0.0
2025-01-01T02:00:00+00:00,AWS-BHO-030,13.1,959.5,96.0,False,,low,0.0,NORMAL,11.8,965.2,98.0,HEALTHY,replay,,0.0
2025-01-01T03:00:00+00:00,AWS-BHO-030,12.6,959.1,96.0,False,,low,0.0,NORMAL,11.4,964.8,98.0,HEALTHY,replay,,0.0
2025-01-01T04:00:00+00:00,AWS-BHO-030,12.1,958.9,97.0,False,,low,0.0,NORMAL,10.9,964.6,98.0,HEALTHY,replay,,0.0
2025-01-01T05:00:00+00:00,AWS-BHO-030,11.6,959.0,97.0,False,,low,0.0,NORMAL,10.4,964.7,99.0,HEALTHY,replay,,0.0
2025-01-01T06:00:00+00:00,AWS-BHO-030,10.9,959.8,98.0,False,,low,0.0,NORMAL,9.6,965.5,100.0,HEALTHY,replay,,0.0
2025-01-01T07:00:00+00:00,AWS-BHO-030,10.9,960.5,98.0,False,,low,0.0,NORMAL,10.0,966.4,99.0,HEALTHY,replay,,0.0
2025-01-01T08:00:00+00:00,AWS-BHO-030,12.5,961.6,93.0,False,,low,0.0,NORMAL,12.4,967.5,92.0,HEALTHY,replay,,0.0
2025-01-01T09:00:00+00:00,AWS-BHO-030,14.9,962.6,86.0,False,,low,0.0,NORMAL,14.8,968.6,84.0,HEALTHY,replay,,0.0
2025-01-01T10:00:00+00:00,AWS-BHO-030,17.3,962.9,78.0,False,,low,0.0,NORMAL,17.2,968.7,74.0,HEALTHY,replay,,0.0
2025-01-01T11:00:00+00:00,AWS-BHO-030,19.2,962.5,70.0,False,,low,0.0,NORMAL,18.8,968.2,68.0,HEALTHY,replay,,0.0
2025-01-01T12:00:00+00:00,AWS-BHO-030,20.5,961.6,64.0,False,,low,0.0,NORMAL,19.8,967.3,64.0,HEALTHY,replay,,0.0
2025-01-01T13:00:00+00:00,AWS-BHO-030,21.3,960.6,58.0,False,,low,0.0,NORMAL,20.5,966.3,59.0,HEALTHY,replay,,0.0
2025-01-01T14:00:00+00:00,AWS-BHO-030,21.6,959.8,54.0,False,,low,0.0,NORMAL,20.8,965.5,56.0,HEALTHY,replay,,0.0
2025-01-01T15:00:00+00:00,AWS-BHO-030,21.4,959.4,52.0,False,,low,0.0,NORMAL,20.6,965.1,57.0,HEALTHY,replay,,0.0
2025-01-01T16:00:00+00:00,AWS-BHO-030,20.5,-0.0128265790705505,56.0,True,spike,critical,100.0,RULE_ENGINE_BYPASS,19.6,965.0,63.0,HEALTHY,replay,,100.0
2025-01-01T17:00:00+00:00,AWS-BHO-030,18.4,0.0380979893781233,67.0,True,spike,critical,100.0,RULE_ENGINE_BYPASS,16.6,964.4,77.0,HEALTHY,replay,,100.0
2025-01-01T18:00:00+00:00,AWS-BHO-030,16.3,0.0211335559753632,77.0,True,spike,critical,100.0,RULE_ENGINE_BYPASS,14.4,964.8,85.0,HEALTHY,replay,,100.0
2025-01-01T19:00:00+00:00,AWS-BHO-030,15.1,0.0779653867995479,82.0,True,spike,critical,100.0,RULE_ENGINE_BYPASS,13.4,965.2,87.0,OFFLINE,replay,,100.0
2025-01-01T20:00:00+00:00,AWS-BHO-030,14.3,960.3,84.0,False,,low,0.0,NORMAL,12.5,966.0,89.0,OFFLINE,replay,,0.0
2025-01-01T21:00:00+00:00,AWS-BHO-030,13.7,960.7,83.0,False,,low,0.0,NORMAL,11.6,966.3,91.0,OFFLINE,replay,,0.0
2025-01-01T22:00:00+00:00,AWS-BHO-030,13.1,960.8,83.0,False,,low,0.0,NORMAL,11.1,966.3,93.0,HEALTHY,replay,,0.0
2025-01-01T23:00:00+00:00,AWS-BHO-030,12.6,960.5,84.0,False,,low,0.0,NORMAL,11.0,966.1,93.0,OFFLINE,replay,,0.0
2025-01-02T00:00:00+00:00,AWS-BHO-030,12.2,960.0,86.0,False,,low,0.0,NORMAL,10.9,965.5,93.0,OFFLINE,replay,,0.0
2025-01-02T01:00:00+00:00,AWS-BHO-030,12.0,959.4,88.0,False,,low,0.0,NORMAL,10.3,964.8,93.0,OFFLINE,replay,,0.0
2025-01-02T02:00:00+00:00,AWS-BHO-030,11.5,958.8,90.0,False,,low,0.0,NORMAL,9.4,964.2,94.0,HEALTHY,replay,,0.0
2025-01-02T03:00:00+00:00,AWS-BHO-030,10.5,958.4,93.0,False,,low,0.0,NORMAL,8.8,963.8,94.0,WARNING,replay,,0.0
2025-01-02T04:00:00+00:00,AWS-BHO-030,10.0,958.4,94.0,False,,low,0.0,NORMAL,8.6,963.9,93.0,WARNING,replay,,0.0
2025-01-02T05:00:00+00:00,AWS-BHO-030,9.5,958.7,94.0,False,,low,0.0,NORMAL,8.1,964.2,93.0,WARNING,replay,,0.0
2025-01-02T06:00:00+00:00,AWS-BHO-030,9.7,959.5,92.0,False,,low,0.0,NORMAL,8.4,965.2,93.0,WARNING,replay,,0.0
2025-01-02T07:00:00+00:00,AWS-BHO-030,9.7,960.1,89.0,False,,low,0.0,NORMAL,8.8,965.9,92.0,WARNING,replay,,0.0
2025-01-02T08:00:00+00:00,AWS-BHO-030,11.7,961.2,83.0,False,,low,0.0,NORMAL,11.6,967.3,84.0,WARNING,replay,,0.0
2025-01-02T09:00:00+00:00,AWS-BHO-030,15.1,962.4,71.0,False,,low,11.2,NORMAL,14.9,968.2,72.0,WARNING,replay,18.6,0.0
2025-01-02T10:00:00+00:00,AWS-BHO-030,17.8,963.0,58.0,False,,low,39.2,NORMAL,17.6,968.7,58.0,WARNING,replay,65.3,0.0
2025-01-02T11:00:00+00:00,AWS-BHO-030,20.0,962.6,48.0,False,,low,45.0,NORMAL,19.6,968.3,48.0,WARNING,replay,74.9,0.0
2025-01-02T12:00:00+00:00,AWS-BHO-030,21.6,961.6,42.0,False,,low,36.3,NORMAL,21.0,967.3,45.0,WARNING,replay,60.5,0.0
2025-01-02T13:00:00+00:00,AWS-BHO-030,22.7,960.7,39.0,False,,low,27.9,NORMAL,21.9,966.3,45.0,WARNING,replay,46.6,0.0
2025-01-02T14:00:00+00:00,AWS-BHO-030,23.1,960.1,38.0,False,,low,18.8,NORMAL,22.2,965.8,45.0,WARNING,replay,31.4,0.0
2025-01-02T15:00:00+00:00,AWS-BHO-030,22.9,959.9,40.0,False,,low,8.4,NORMAL,21.9,965.6,47.0,WARNING,replay,13.9,0.0
2025-01-02T16:00:00+00:00,AWS-BHO-030,21.7,959.7,52.0,False,,low,10.6,NORMAL,21.0,965.4,62.0,HEALTHY,replay,17.7,0.0
2025-01-02T17:00:00+00:00,AWS-BHO-030,19.1,959.6,67.0,False,,low,17.8,NORMAL,18.3,965.3,72.0,OFFLINE,replay,29.7,0.0
2025-01-02T18:00:00+00:00,AWS-BHO-030,17.7,960.1,72.0,False,,low,19.4,NORMAL,16.5,965.7,76.0,OFFLINE,replay,32.4,0.0
2025-01-02T19:00:00+00:00,AWS-BHO-030,16.8,960.8,76.0,False,,low,24.5,NORMAL,15.5,966.3,78.0,OFFLINE,replay,40.9,0.0
2025-01-02T20:00:00+00:00,AWS-BHO-030,16.0,961.3,80.0,False,,low,20.4,NORMAL,14.3,966.9,82.0,OFFLINE,replay,34.0,0.0
2025-01-02T21:00:00+00:00,AWS-BHO-030,15.7,961.2,78.0,False,,low,10.1,NORMAL,13.3,966.6,84.0,OFFLINE,replay,16.9,0.0
2025-01-02T22:00:00+00:00,AWS-BHO-030,15.3,961.2,77.0,False,,low,26.0,NORMAL,12.6,966.5,83.0,OFFLINE,replay,43.4,0.0
2025-01-02T23:00:00+00:00,AWS-BHO-030,14.9,960.5,76.0,False,,low,16.4,NORMAL,11.9,965.8,83.0,OFFLINE,replay,27.4,0.0
2025-01-03T00:00:00+00:00,AWS-BHO-030,14.3,959.9,76.0,False,,low,19.7,NORMAL,11.3,965.2,82.0,OFFLINE,replay,32.8,0.0
2025-01-03T01:00:00+00:00,AWS-BHO-030,13.0,959.2,80.0,False,,low,28.3,NORMAL,11.3,964.8,80.0,OFFLINE,replay,47.1,0.0
2025-01-03T02:00:00+00:00,AWS-BHO-030,12.0,958.9,82.0,False,,low,31.5,NORMAL,11.1,964.5,80.0,OFFLINE,replay,52.4,0.0
2025-01-03T03:00:00+00:00,AWS-BHO-030,11.7,958.8,82.0,False,,low,34.3,NORMAL,11.0,964.4,82.0,OFFLINE,replay,57.1,0.0
2025-01-03T04:00:00+00:00,AWS-BHO-030,11.6,958.6,83.0,False,,low,40.3,NORMAL,10.9,964.3,85.0,OFFLINE,replay,67.2,0.0
2025-01-03T05:00:00+00:00,AWS-BHO-030,11.3,958.7,84.0,False,,low,42.5,NORMAL,10.3,964.4,86.0,OFFLINE,replay,70.9,0.0
2025-01-03T06:00:00+00:00,AWS-BHO-030,11.2,959.5,85.0,False,,low,42.0,NORMAL,10.1,965.3,87.0,OFFLINE,replay,70.0,0.0
2025-01-03T07:00:00+00:00,AWS-BHO-030,11.2,960.1,85.0,False,,low,38.6,NORMAL,10.3,965.9,89.0,OFFLINE,replay,64.4,0.0
2025-01-03T08:00:00+00:00,AWS-BHO-030,13.6,961.3,80.0,False,,low,24.2,NORMAL,13.1,967.2,81.0,OFFLINE,replay,40.3,0.0
2025-01-03T09:00:00+00:00,AWS-BHO-030,16.9,962.4,72.0,False,,low,38.6,NORMAL,16.7,968.3,75.0,OFFLINE,replay,64.4,0.0
2025-01-03T10:00:00+00:00,AWS-BHO-030,19.9,963.3,63.0,False,,low,42.0,NORMAL,19.5,969.0,64.0,OFFLINE,replay,69.9,0.0
2025-01-03T11:00:00+00:00,AWS-BHO-030,22.0,962.7,54.0,False,,low,41.9,NORMAL,21.5,968.4,53.0,OFFLINE,replay,69.8,0.0
2025-01-03T12:00:00+00:00,AWS-BHO-030,23.4,962.0,49.0,False,,low,45.1,NORMAL,22.7,967.6,49.0,OFFLINE,replay,75.1,0.0
2025-01-03T13:00:00+00:00,AWS-BHO-030,24.2,961.0,45.0,False,,low,48.3,NORMAL,23.5,966.5,47.0,OFFLINE,replay,80.5,0.0
2025-01-03T14:00:00+00:00,AWS-BHO-030,24.5,960.3,44.0,False,,low,43.9,NORMAL,23.8,965.8,46.0,HEALTHY,replay,73.2,0.0
2025-01-03T15:00:00+00:00,AWS-BHO-030,33.53570227641724,960.2784917999804,82.78518583252327,True,unstructured_anomaly,critical,97.2,ML_MODEL_ISOLATION,23.6,965.4,49.0,OFFLINE,replay,97.2,0.0
2025-01-03T16:00:00+00:00,AWS-BHO-030,32.635702276417234,960.1020755185054,99.5695030190345,True,multivariate_inconsistency,high,77.3,MODEL_OVERRIDE,22.5,965.1,60.0,OFFLINE,replay,98.8,45.0
2025-01-03T17:00:00+00:00,AWS-BHO-030,29.93570227641724,959.2915094318664,100.0,True,multivariate_inconsistency,high,75.9,MODEL_OVERRIDE,19.3,964.7,69.0,OFFLINE,replay,96.4,45.0
2025-01-03T18:00:00+00:00,AWS-BHO-030,28.53570227641724,959.3835521406896,100.0,True,multivariate_inconsistency,high,75.8,MODEL_OVERRIDE,17.1,965.0,78.0,OFFLINE,replay,96.3,45.0
2026-09-22T07:00:00+00:00,AWS-BHO-030,30.4,954.8,65.0,True,spike,high,89.9,FUSED_CONSENSUS,30.5,960.1,66.0,HEALTHY,live,,89.9
2026-09-22T07:30:00+00:00,AWS-BHO-030,30.7,953.7,59.0,False,,low,0.0,NORMAL,31.0,959.0,58.0,HEALTHY,live,,0.0
2025-01-01T00:00:00+00:00,AWS-BHO-030,14.2,960.7,94.0,False,,low,0.0,NORMAL,13.0,966.2,96.0,HEALTHY,replay,,0.0
2025-01-01T01:00:00+00:00,AWS-BHO-030,13.6,960.2,95.0,False,,low,0.0,NORMAL,12.4,965.8,97.0,HEALTHY,replay,,0.0
2025-01-01T02:00:00+00:00,AWS-BHO-030,13.1,959.5,96.0,False,,low,0.0,NORMAL,11.8,965.2,98.0,HEALTHY,replay,,0.0
2025-01-01T03:00:00+00:00,AWS-BHO-030,12.6,959.1,96.0,False,,low,0.0,NORMAL,11.4,964.8,98.0,HEALTHY,replay,,0.0
2025-01-01T04:00:00+00:00,AWS-BHO-030,12.1,958.9,97.0,False,,low,0.0,NORMAL,10.9,964.6,98.0,HEALTHY,replay,,0.0
2025-01-01T05:00:00+00:00,AWS-BHO-030,11.6,959.0,97.0,False,,low,0.0,NORMAL,10.4,964.7,99.0,HEALTHY,replay,,0.0
2025-01-01T06:00:00+00:00,AWS-BHO-030,10.9,959.8,98.0,False,,low,0.0,NORMAL,9.6,965.5,100.0,HEALTHY,replay,,0.0
2025-01-01T07:00:00+00:00,AWS-BHO-030,10.9,960.5,98.0,False,,low,0.0,NORMAL,10.0,966.4,99.0,HEALTHY,replay,,0.0
2025-01-01T08:00:00+00:00,AWS-BHO-030,12.5,961.6,93.0,False,,low,0.0,NORMAL,12.4,967.5,92.0,HEALTHY,replay,,0.0
2025-01-01T09:00:00+00:00,AWS-BHO-030,14.9,962.6,86.0,False,,low,0.0,NORMAL,14.8,968.6,84.0,HEALTHY,replay,,0.0
2025-01-01T10:00:00+00:00,AWS-BHO-030,17.3,962.9,78.0,False,,low,0.0,NORMAL,17.2,968.7,74.0,HEALTHY,replay,,0.0
2025-01-01T11:00:00+00:00,AWS-BHO-030,19.2,962.5,70.0,False,,low,0.0,NORMAL,18.8,968.2,68.0,HEALTHY,replay,,0.0
2025-01-01T12:00:00+00:00,AWS-BHO-030,20.5,961.6,64.0,False,,low,0.0,NORMAL,19.8,967.3,64.0,HEALTHY,replay,,0.0
2025-01-01T13:00:00+00:00,AWS-BHO-030,21.3,960.6,58.0,False,,low,0.0,NORMAL,20.5,966.3,59.0,HEALTHY,replay,,0.0
2025-01-01T14:00:00+00:00,AWS-BHO-030,21.6,959.8,54.0,False,,low,0.0,NORMAL,20.8,965.5,56.0,HEALTHY,replay,,0.0
2025-01-01T15:00:00+00:00,AWS-BHO-030,21.4,959.4,52.0,False,,low,0.0,NORMAL,20.6,965.1,57.0,HEALTHY,replay,,0.0
2025-01-01T16:00:00+00:00,AWS-BHO-030,20.5,-0.0128265790705505,56.0,True,spike,critical,100.0,RULE_ENGINE_BYPASS,19.6,965.0,63.0,HEALTHY,replay,,100.0
2025-01-01T17:00:00+00:00,AWS-BHO-030,18.4,0.0380979893781233,67.0,True,spike,critical,100.0,RULE_ENGINE_BYPASS,16.6,964.4,77.0,HEALTHY,replay,,100.0
2025-01-01T18:00:00+00:00,AWS-BHO-030,16.3,0.0211335559753632,77.0,True,spike,critical,100.0,RULE_ENGINE_BYPASS,14.4,964.8,85.0,HEALTHY,replay,,100.0
2025-01-01T19:00:00+00:00,AWS-BHO-030,15.1,0.0779653867995479,82.0,True,spike,critical,100.0,RULE_ENGINE_BYPASS,13.4,965.2,87.0,OFFLINE,replay,,100.0
2025-01-01T20:00:00+00:00,AWS-BHO-030,14.3,960.3,84.0,False,,low,0.0,NORMAL,12.5,966.0,89.0,OFFLINE,replay,,0.0
2025-01-01T21:00:00+00:00,AWS-BHO-030,13.7,960.7,83.0,False,,low,0.0,NORMAL,11.6,966.3,91.0,OFFLINE,replay,,0.0
2025-01-01T22:00:00+00:00,AWS-BHO-030,13.1,960.8,83.0,False,,low,0.0,NORMAL,11.1,966.3,93.0,HEALTHY,replay,,0.0
2025-01-01T23:00:00+00:00,AWS-BHO-030,12.6,960.5,84.0,False,,low,0.0,NORMAL,11.0,966.1,93.0,OFFLINE,replay,,0.0
2025-01-02T00:00:00+00:00,AWS-BHO-030,12.2,960.0,86.0,False,,low,0.0,NORMAL,10.9,965.5,93.0,OFFLINE,replay,,0.0
2025-01-02T01:00:00+00:00,AWS-BHO-030,12.0,959.4,88.0,False,,low,0.0,NORMAL,10.3,964.8,93.0,OFFLINE,replay,,0.0
2025-01-02T02:00:00+00:00,AWS-BHO-030,11.5,958.8,90.0,False,,low,0.0,NORMAL,9.4,964.2,94.0,HEALTHY,replay,,0.0
2025-01-02T03:00:00+00:00,AWS-BHO-030,10.5,958.4,93.0,False,,low,0.0,NORMAL,8.8,963.8,94.0,WARNING,replay,,0.0
2025-01-02T04:00:00+00:00,AWS-BHO-030,10.0,958.4,94.0,False,,low,0.0,NORMAL,8.6,963.9,93.0,WARNING,replay,,0.0
2025-01-02T05:00:00+00:00,AWS-BHO-030,9.5,958.7,94.0,False,,low,0.0,NORMAL,8.1,964.2,93.0,WARNING,replay,,0.0
2025-01-02T06:00:00+00:00,AWS-BHO-030,9.7,959.5,92.0,False,,low,0.0,NORMAL,8.4,965.2,93.0,WARNING,replay,,0.0
2025-01-02T07:00:00+00:00,AWS-BHO-030,9.7,960.1,89.0,False,,low,0.0,NORMAL,8.8,965.9,92.0,WARNING,replay,,0.0
2025-01-02T08:00:00+00:00,AWS-BHO-030,11.7,961.2,83.0,False,,low,0.0,NORMAL,11.6,967.3,84.0,WARNING,replay,,0.0
2025-01-02T09:00:00+00:00,AWS-BHO-030,15.1,962.4,71.0,False,,low,11.2,NORMAL,14.9,968.2,72.0,WARNING,replay,18.6,0.0
2025-01-02T10:00:00+00:00,AWS-BHO-030,17.8,963.0,58.0,False,,low,39.2,NORMAL,17.6,968.7,58.0,WARNING,replay,65.3,0.0
2025-01-02T11:00:00+00:00,AWS-BHO-030,20.0,962.6,48.0,False,,low,45.0,NORMAL,19.6,968.3,48.0,WARNING,replay,74.9,0.0
2025-01-02T12:00:00+00:00,AWS-BHO-030,21.6,961.6,42.0,False,,low,36.3,NORMAL,21.0,967.3,45.0,WARNING,replay,60.5,0.0
2025-01-02T13:00:00+00:00,AWS-BHO-030,22.7,960.7,39.0,False,,low,27.9,NORMAL,21.9,966.3,45.0,WARNING,replay,46.6,0.0
2025-01-02T14:00:00+00:00,AWS-BHO-030,23.1,960.1,38.0,False,,low,18.8,NORMAL,22.2,965.8,45.0,WARNING,replay,31.4,0.0
2025-01-02T15:00:00+00:00,AWS-BHO-030,22.9,959.9,40.0,False,,low,8.4,NORMAL,21.9,965.6,47.0,WARNING,replay,13.9,0.0
2025-01-02T16:00:00+00:00,AWS-BHO-030,21.7,959.7,52.0,False,,low,10.6,NORMAL,21.0,965.4,62.0,HEALTHY,replay,17.7,0.0
2025-01-02T17:00:00+00:00,AWS-BHO-030,19.1,959.6,67.0,False,,low,17.8,NORMAL,18.3,965.3,72.0,OFFLINE,replay,29.7,0.0
2025-01-02T18:00:00+00:00,AWS-BHO-030,17.7,960.1,72.0,False,,low,19.4,NORMAL,16.5,965.7,76.0,OFFLINE,replay,32.4,0.0
2025-01-02T19:00:00+00:00,AWS-BHO-030,16.8,960.8,76.0,False,,low,24.5,NORMAL,15.5,966.3,78.0,OFFLINE,replay,40.9,0.0
2025-01-02T20:00:00+00:00,AWS-BHO-030,16.0,961.3,80.0,False,,low,20.4,NORMAL,14.3,966.9,82.0,OFFLINE,replay,34.0,0.0
2025-01-02T21:00:00+00:00,AWS-BHO-030,15.7,961.2,78.0,False,,low,10.1,NORMAL,13.3,966.6,84.0,OFFLINE,replay,16.9,0.0
2025-01-02T22:00:00+00:00,AWS-BHO-030,15.3,961.2,77.0,False,,low,26.0,NORMAL,12.6,966.5,83.0,OFFLINE,replay,43.4,0.0
2025-01-02T23:00:00+00:00,AWS-BHO-030,14.9,960.5,76.0,False,,low,16.4,NORMAL,11.9,965.8,83.0,OFFLINE,replay,27.4,0.0
2025-01-03T00:00:00+00:00,AWS-BHO-030,14.3,959.9,76.0,False,,low,19.7,NORMAL,11.3,965.2,82.0,OFFLINE,replay,32.8,0.0
2025-01-03T01:00:00+00:00,AWS-BHO-030,13.0,959.2,80.0,False,,low,28.3,NORMAL,11.3,964.8,80.0,OFFLINE,replay,47.1,0.0
2025-01-03T02:00:00+00:00,AWS-BHO-030,12.0,958.9,82.0,False,,low,31.5,NORMAL,11.1,964.5,80.0,OFFLINE,replay,52.4,0.0
2025-01-03T03:00:00+00:00,AWS-BHO-030,11.7,958.8,82.0,False,,low,34.3,NORMAL,11.0,964.4,82.0,OFFLINE,replay,57.1,0.0
2025-01-03T04:00:00+00:00,AWS-BHO-030,11.6,958.6,83.0,False,,low,40.3,NORMAL,10.9,964.3,85.0,OFFLINE,replay,67.2,0.0
2025-01-03T05:00:00+00:00,AWS-BHO-030,11.3,958.7,84.0,False,,low,42.5,NORMAL,10.3,964.4,86.0,OFFLINE,replay,70.9,0.0
2025-01-03T06:00:00+00:00,AWS-BHO-030,11.2,959.5,85.0,False,,low,42.0,NORMAL,10.1,965.3,87.0,OFFLINE,replay,70.0,0.0
2025-01-03T07:00:00+00:00,AWS-BHO-030,11.2,960.1,85.0,False,,low,38.6,NORMAL,10.3,965.9,89.0,OFFLINE,replay,64.4,0.0
2025-01-03T08:00:00+00:00,AWS-BHO-030,13.6,961.3,80.0,False,,low,24.2,NORMAL,13.1,967.2,81.0,OFFLINE,replay,40.3,0.0
2025-01-03T09:00:00+00:00,AWS-BHO-030,16.9,962.4,72.0,False,,low,38.6,NORMAL,16.7,968.3,75.0,OFFLINE,replay,64.4,0.0
2025-01-03T10:00:00+00:00,AWS-BHO-030,19.9,963.3,63.0,False,,low,42.0,NORMAL,19.5,969.0,64.0,OFFLINE,replay,69.9,0.0
2025-01-03T11:00:00+00:00,AWS-BHO-030,22.0,962.7,54.0,False,,low,41.9,NORMAL,21.5,968.4,53.0,OFFLINE,replay,69.8,0.0
2025-01-03T12:00:00+00:00,AWS-BHO-030,23.4,962.0,49.0,False,,low,45.1,NORMAL,22.7,967.6,49.0,OFFLINE,replay,75.1,0.0
2025-01-03T13:00:00+00:00,AWS-BHO-030,24.2,961.0,45.0,False,,low,48.3,NORMAL,23.5,966.5,47.0,OFFLINE,replay,80.5,0.0
2025-01-03T14:00:00+00:00,AWS-BHO-030,24.5,960.3,44.0,False,,low,43.9,NORMAL,23.8,965.8,46.0,HEALTHY,replay,73.2,0.0
2025-01-03T15:00:00+00:00,AWS-BHO-030,33.53570227641724,960.2784917999804,82.78518583252327,True,unstructured_anomaly,critical,97.2,ML_MODEL_ISOLATION,23.6,965.4,49.0,OFFLINE,replay,97.2,0.0
2025-01-03T16:00:00+00:00,AWS-BHO-030,32.635702276417234,960.1020755185054,99.5695030190345,True,multivariate_inconsistency,high,77.3,MODEL_OVERRIDE,22.5,965.1,60.0,OFFLINE,replay,98.8,45.0
2025-01-03T17:00:00+00:00,AWS-BHO-030,29.93570227641724,959.2915094318664,100.0,True,multivariate_inconsistency,high,75.9,MODEL_OVERRIDE,19.3,964.7,69.0,OFFLINE,replay,96.4,45.0
2025-01-03T18:00:00+00:00,AWS-BHO-030,28.53570227641724,959.3835521406896,100.0,True,multivariate_inconsistency,high,75.8,MODEL_OVERRIDE,17.1,965.0,78.0,OFFLINE,replay,96.3,45.0
2025-01-03T19:00:00+00:00,AWS-BHO-030,27.03570227641724,960.481994417941,100.0,True,multivariate_inconsistency,high,75.2,MODEL_OVERRIDE,15.9,965.4,82.0,OFFLINE,replay,95.3,45.0
2025-01-03T20:00:00+00:00,AWS-BHO-030,16.9,960.3,77.0,False,,low,19.3,NORMAL,14.8,965.8,84.0,OFFLINE,replay,32.2,0.0
2025-01-03T21:00:00+00:00,AWS-BHO-030,16.2,960.2,78.0,False,,low,17.9,NORMAL,13.9,965.7,86.0,OFFLINE,replay,29.9,0.0
2025-01-03T22:00:00+00:00,AWS-BHO-030,15.5,960.2,80.0,False,,low,23.0,NORMAL,13.3,965.6,86.0,WARNING,replay,38.3,0.0
2025-01-03T23:00:00+00:00,AWS-BHO-030,14.9,959.6,82.0,False,,low,7.1,NORMAL,12.9,965.0,85.0,OFFLINE,replay,11.8,0.0
2025-01-04T00:00:00+00:00,AWS-BHO-030,14.5,959.0,81.0,False,,low,8.2,NORMAL,12.7,964.4,84.0,OFFLINE,replay,13.6,0.0
2025-01-04T01:00:00+00:00,AWS-BHO-030,14.2,958.2,81.0,False,,low,14.5,NORMAL,12.3,963.7,86.0,OFFLINE,replay,24.2,0.0
2025-01-04T02:00:00+00:00,AWS-BHO-030,13.8,957.7,82.0,False,,low,27.3,NORMAL,11.8,963.1,86.0,WARNING,replay,45.5,0.0
2025-01-04T03:00:00+00:00,AWS-BHO-030,13.3,957.2,82.0,False,,low,25.0,NORMAL,11.4,962.8,86.0,WARNING,replay,41.6,0.0
2025-01-04T04:00:00+00:00,AWS-BHO-030,12.8,956.8,83.0,False,,low,20.3,NORMAL,10.9,962.4,86.0,WARNING,replay,33.9,0.0
2025-01-04T05:00:00+00:00,AWS-BHO-030,12.794073122107076,956.9,83.10270681281494,False,,low,10.2,NORMAL,10.5,962.5,85.0,WARNING,replay,17.0,0.0
2025-01-04T06:00:00+00:00,AWS-BHO-030,12.805309193536177,957.7,83.0506747586283,False,,low,5.0,NORMAL,10.6,963.3,87.0,WARNING,replay,8.4,0.0
2025-01-04T07:00:00+00:00,AWS-BHO-030,12.817699072906564,958.6,83.08191458637279,False,,low,2.2,NORMAL,10.4,964.2,85.0,WARNING,replay,3.7,0.0
2025-01-04T08:00:00+00:00,AWS-BHO-030,12.905279343388646,959.8,83.09694846416598,False,,low,0.9,NORMAL,13.4,965.6,79.0,WARNING,replay,1.5,0.0
2025-01-04T09:00:00+00:00,AWS-BHO-030,13.00372358616993,960.9,83.12076652374182,False,,low,3.9,NORMAL,16.9,966.7,73.0,WARNING,replay,6.5,0.0
2025-01-04T10:00:00+00:00,AWS-BHO-030,12.969537052085911,961.6,83.03293049858898,False,,low,3.0,NORMAL,19.7,967.3,63.0,WARNING,replay,5.0,0.0
2025-01-04T11:00:00+00:00,AWS-BHO-030,22.2,961.3,52.0,True,unstructured_anomaly,critical,94.0,ML_MODEL_ISOLATION,21.9,966.9,50.0,WARNING,replay,94.0,0.0
2025-01-04T12:00:00+00:00,AWS-BHO-030,23.5,960.2,45.0,True,spike,critical,91.1,MODEL_OVERRIDE,23.1,965.8,45.0,OFFLINE,replay,94.5,85.9
2025-01-04T13:00:00+00:00,AWS-BHO-030,24.2,959.3,43.0,True,spike,high,82.9,FUSED_CONSENSUS,23.8,964.9,44.0,OFFLINE,replay,78.3,89.9
2025-01-04T14:00:00+00:00,AWS-BHO-030,24.4,958.3,43.0,True,spike,high,84.0,FUSED_CONSENSUS,24.0,963.9,44.0,OFFLINE,replay,80.0,89.9
2025-01-04T15:00:00+00:00,AWS-BHO-030,24.2,957.8,44.0,True,spike,high,86.4,FUSED_CONSENSUS,23.8,963.4,46.0,OFFLINE,replay,84.1,89.9
2025-01-04T16:00:00+00:00,AWS-BHO-030,23.2,957.3,52.0,True,spike,high,89.8,MODEL_OVERRIDE,22.8,962.9,67.0,OFFLINE,replay,89.7,89.9
2025-01-04T17:00:00+00:00,AWS-BHO-030,20.7,957.1,67.0,True,spike,critical,90.3,MODEL_OVERRIDE,20.0,962.6,70.0,OFFLINE,replay,90.5,89.9
2025-01-04T18:00:00+00:00,AWS-BHO-030,19.2,957.7,72.0,True,spike,high,88.8,FUSED_CONSENSUS,18.0,963.2,76.0,OFFLINE,replay,88.0,89.9
2025-01-04T19:00:00+00:00,AWS-BHO-030,17.8,958.3,77.0,True,spike,high,85.3,FUSED_CONSENSUS,16.8,963.9,80.0,OFFLINE,replay,82.3,89.9
2025-01-04T20:00:00+00:00,AWS-BHO-030,16.4,958.7,82.0,True,multivariate_inconsistency,high,73.1,FUSED_CONSENSUS,15.8,964.4,82.0,OFFLINE,replay,81.8,60.0
2025-01-04T21:00:00+00:00,AWS-BHO-030,15.3,958.5,86.0,True,drift,high,79.2,RULE_ENGINE_BYPASS,15.1,964.3,83.0,OFFLINE,replay,70.7,92.0
2025-01-04T22:00:00+00:00,AWS-BHO-030,14.8,958.5,,True,dropout,critical,100.0,RULE_ENGINE_BYPASS,14.5,964.2,84.0,OFFLINE,replay,,100.0
2025-01-04T23:00:00+00:00,AWS-BHO-030,14.5,957.9,83.0,False,,low,19.1,NORMAL,13.8,963.6,83.0,OFFLINE,replay,31.8,0.0
2025-01-05T00:00:00+00:00,AWS-BHO-030,14.0,957.2,81.0,False,,low,29.8,NORMAL,12.9,962.8,84.0,OFFLINE,replay,49.7,0.0
2025-01-05T01:00:00+00:00,AWS-BHO-030,13.5,956.6,82.0,False,,low,29.1,NORMAL,12.1,962.3,81.0,OFFLINE,replay,48.4,0.0
2025-01-05T02:00:00+00:00,AWS-BHO-030,13.2,956.1,82.0,False,,low,31.3,NORMAL,11.4,961.6,78.0,HEALTHY,replay,52.2,0.0
2025-01-05T03:00:00+00:00,AWS-BHO-030,12.7,955.9,82.0,False,,low,29.5,NORMAL,11.2,961.4,81.0,OFFLINE,replay,49.2,0.0
2025-01-05T04:00:00+00:00,AWS-BHO-030,12.0,955.7,81.0,False,,low,37.9,NORMAL,11.2,961.4,81.0,OFFLINE,replay,63.1,0.0
2025-01-05T05:00:00+00:00,AWS-BHO-030,11.8,956.0,76.0,True,multivariate_inconsistency,high,74.7,FUSED_CONSENSUS,11.3,961.7,78.0,OFFLINE,replay,84.5,60.0
2025-01-05T06:00:00+00:00,AWS-BHO-030,13.1,957.0,71.0,True,spike,critical,90.9,MODEL_OVERRIDE,11.3,962.5,74.0,OFFLINE,replay,91.6,89.9
2025-01-05T07:00:00+00:00,AWS-BHO-030,13.0,957.5,70.0,True,spike,critical,90.2,MODEL_OVERRIDE,12.5,963.1,69.0,OFFLINE,replay,90.5,89.9
2025-01-05T08:00:00+00:00,AWS-BHO-030,14.6,958.6,65.0,True,spike,high,88.8,MODEL_OVERRIDE,14.7,964.4,68.0,OFFLINE,replay,88.0,89.9
2025-01-05T09:00:00+00:00,AWS-BHO-030,17.0,959.8,61.0,True,spike,high,87.8,FUSED_CONSENSUS,17.0,965.6,66.0,OFFLINE,replay,86.4,89.9
2025-01-05T10:00:00+00:00,AWS-BHO-030,19.0,960.0,58.0,True,spike,high,88.7,FUSED_CONSENSUS,19.2,965.9,61.0,OFFLINE,replay,87.9,89.9
2025-01-05T11:00:00+00:00,AWS-BHO-030,21.3,959.7,54.0,True,spike,high,89.9,MODEL_OVERRIDE,21.3,965.2,58.0,OFFLINE,replay,89.9,89.9
2025-01-05T12:00:00+00:00,AWS-BHO-030,22.3,958.9,51.0,True,spike,critical,91.9,MODEL_OVERRIDE,22.1,964.5,59.0,OFFLINE,replay,93.2,89.9
2025-01-05T13:00:00+00:00,AWS-BHO-030,22.0,957.9,53.0,True,spike,critical,92.2,MODEL_OVERRIDE,22.3,963.6,54.0,OFFLINE,replay,93.8,89.9
2025-01-05T14:00:00+00:00,AWS-BHO-030,21.8,957.1,55.0,True,spike,critical,93.3,MODEL_OVERRIDE,22.4,963.0,57.0,OFFLINE,replay,95.6,89.9
2025-01-05T15:00:00+00:00,AWS-BHO-030,21.5,956.6,59.0,True,spike,critical,94.0,MODEL_OVERRIDE,21.8,962.5,64.0,OFFLINE,replay,96.7,89.9
2025-01-05T16:00:00+00:00,AWS-BHO-030,20.5,956.0,69.0,True,spike,critical,93.8,MODEL_OVERRIDE,20.4,961.7,75.0,OFFLINE,replay,96.4,89.9
2025-01-05T17:00:00+00:00,AWS-BHO-030,19.6,956.2,76.0,True,spike,critical,93.3,MODEL_OVERRIDE,19.2,961.5,77.0,OFFLINE,replay,95.6,89.9
2025-01-05T18:00:00+00:00,AWS-BHO-030,18.3,957.0,76.0,True,spike,critical,94.2,MODEL_OVERRIDE,18.4,962.4,80.0,OFFLINE,replay,97.1,89.9
2025-01-05T19:00:00+00:00,AWS-BHO-030,24.45649822704445,950.1694952673106,57.923325278634366,True,spike,critical,95.4,MODEL_OVERRIDE,17.3,963.0,82.0,OFFLINE,replay,99.1,89.9
2025-01-05T20:00:00+00:00,AWS-BHO-030,9.824114545868664,965.188199661118,95.0,True,spike,high,86.7,FUSED_CONSENSUS,16.0,963.1,85.0,OFFLINE,replay,84.6,89.9
2025-01-05T21:00:00+00:00,AWS-BHO-030,9.520554049460124,964.1987163811896,94.30786026203776,True,spike,high,85.1,FUSED_CONSENSUS,15.1,963.2,84.0,OFFLINE,replay,81.9,89.9
2025-01-05T22:00:00+00:00,AWS-BHO-030,10.290625716769272,965.5041187156512,60.0893450444721,True,spike,critical,94.8,MODEL_OVERRIDE,14.2,963.1,85.0,OFFLINE,replay,98.0,89.9
2025-01-05T23:00:00+00:00,AWS-BHO-030,8.508017334474538,963.5256748918322,66.90492217318901,True,spike,critical,94.9,MODEL_OVERRIDE,14.0,962.5,83.0,OFFLINE,replay,98.3,89.9
2025-01-06T00:00:00+00:00,AWS-BHO-030,8.194756355841488,964.6174016744942,95.0,True,spike,critical,91.2,MODEL_OVERRIDE,14.0,962.2,79.0,OFFLINE,replay,92.0,89.9
2025-01-06T01:00:00+00:00,AWS-BHO-030,21.161580561375075,947.31404213707,67.65760976118183,True,spike,critical,95.5,MODEL_OVERRIDE,13.5,961.9,80.0,OFFLINE,replay,99.3,89.9
2025-01-06T02:00:00+00:00,AWS-BHO-030,7.373141973347777,962.8083558572408,95.0,True,spike,critical,91.0,MODEL_OVERRIDE,12.9,961.4,83.0,OFFLINE,replay,91.8,89.9
2025-01-06T03:00:00+00:00,AWS-BHO-030,13.6,955.2,85.0,True,unstructured_anomaly,critical,93.0,ML_MODEL_ISOLATION,12.2,960.9,83.0,OFFLINE,replay,93.0,0.0
2025-01-06T04:00:00+00:00,AWS-BHO-030,13.1,955.2,82.0,True,unstructured_anomaly,critical,94.7,ML_MODEL_ISOLATION,11.9,961.0,84.0,OFFLINE,replay,94.7,0.0
2025-01-06T05:00:00+00:00,AWS-BHO-030,12.7,955.3,81.0,True,unstructured_anomaly,high,89.8,ML_MODEL_ISOLATION,11.7,961.2,84.0,HEALTHY,replay,89.8,0.0
2025-01-06T06:00:00+00:00,AWS-BHO-030,12.7,956.1,83.0,False,,low,48.0,NORMAL,11.7,961.9,81.0,OFFLINE,replay,80.0,0.0
2025-01-06T07:00:00+00:00,AWS-BHO-030,12.9,956.7,82.0,False,,low,0.0,NORMAL,11.9,962.3,82.0,OFFLINE,replay,,0.0
2025-01-06T08:00:00+00:00,AWS-BHO-030,15.1,957.9,76.0,False,,low,0.0,NORMAL,14.7,963.6,80.0,OFFLINE,replay,,0.0
2025-01-06T09:00:00+00:00,AWS-BHO-030,18.2,959.3,70.0,False,,low,0.0,NORMAL,18.1,965.1,71.0,HEALTHY,replay,,0.0
2025-01-06T10:00:00+00:00,AWS-BHO-030,21.2,959.9,60.0,False,,low,0.0,NORMAL,20.9,965.4,62.0,WARNING,replay,,0.0
2025-01-06T11:00:00+00:00,AWS-BHO-030,23.3,959.5,50.0,False,,low,0.0,NORMAL,23.0,965.0,55.0,WARNING,replay,,0.0
2025-01-06T12:00:00+00:00,AWS-BHO-030,24.5,958.6,48.0,False,,low,0.0,NORMAL,24.2,964.1,50.0,WARNING,replay,,0.0
2025-01-06T13:00:00+00:00,AWS-BHO-030,25.2,957.7,46.0,False,,low,32.0,NORMAL,25.0,963.2,47.0,WARNING,replay,53.3,0.0
2025-01-06T14:00:00+00:00,AWS-BHO-030,25.5,957.1,43.0,False,,low,32.6,NORMAL,25.2,962.6,47.0,WARNING,replay,54.4,0.0
2025-01-06T15:00:00+00:00,AWS-BHO-030,25.2,956.8,44.0,False,,low,8.9,NORMAL,25.0,962.3,48.0,WARNING,replay,14.8,0.0
2025-01-06T16:00:00+00:00,AWS-BHO-030,24.4,956.6,49.0,False,,low,6.1,NORMAL,24.1,962.0,60.0,WARNING,replay,10.2,0.0
2025-01-06T17:00:00+00:00,AWS-BHO-030,22.5,956.6,61.0450217112411,False,,low,10.4,NORMAL,21.2,961.8,73.0,WARNING,replay,17.3,0.0
2025-01-06T18:00:00+00:00,AWS-BHO-030,20.8,957.0,71.14880361000313,False,,low,9.6,NORMAL,19.0,962.3,84.0,WARNING,replay,15.9,0.0
2025-01-06T19:00:00+00:00,AWS-BHO-030,19.6,957.5,75.30067562937799,False,,low,5.5,NORMAL,18.1,962.9,87.0,WARNING,replay,9.1,0.0
2025-01-06T20:00:00+00:00,AWS-BHO-030,18.5,958.2,80.49591986918969,False,,low,3.1,NORMAL,17.2,963.7,84.0,OFFLINE,replay,5.2,0.0
2025-01-06T21:00:00+00:00,AWS-BHO-030,17.4,958.8,81.73153099613906,False,,low,3.0,NORMAL,16.4,964.2,86.0,OFFLINE,replay,5.0,0.0
2025-01-06T22:00:00+00:00,AWS-BHO-030,16.4,959.1,85.0053378435449,False,,low,17.0,NORMAL,15.3,964.7,89.0,OFFLINE,replay,28.3,0.0
2025-01-06T23:00:00+00:00,AWS-BHO-030,15.5,959.1,91.3156593720948,False,,low,26.9,NORMAL,14.3,964.7,95.0,OFFLINE,replay,44.9,0.0
2025-01-07T00:00:00+00:00,AWS-BHO-030,14.7,969.7135117243122,95.66113485953834,True,drift,critical,95.5,RULE_ENGINE_BYPASS,13.5,964.6,97.0,OFFLINE,replay,96.4,94.0
2025-01-07T01:00:00+00:00,AWS-BHO-030,14.0,960.6428562419936,97.04062806296685,False,,low,52.3,NORMAL,13.0,964.6,97.0,OFFLINE,replay,87.2,0.0
2025-01-07T02:00:00+00:00,AWS-BHO-030,13.2,959.183524950401,97.45316806988878,True,unstructured_anomaly,high,88.4,ML_MODEL_ISOLATION,12.4,964.5,97.0,OFFLINE,replay,88.4,0.0
2025-01-07T03:00:00+00:00,AWS-BHO-030,12.5,958.9461233666684,97.8979103615938,False,,low,52.6,NORMAL,11.7,964.7,98.0,OFFLINE,replay,87.6,0.0
2025-01-07T04:00:00+00:00,AWS-BHO-030,11.9,958.9075032724628,98.37410989729386,False,,low,52.4,NORMAL,11.1,964.8,99.0,OFFLINE,replay,87.3,0.0
2025-01-07T05:00:00+00:00,AWS-BHO-030,11.5,959.2,98.88110177837358,True,unstructured_anomaly,critical,90.7,ML_MODEL_ISOLATION,11.0,965.2,99.0,OFFLINE,replay,90.7,0.0
2025-01-07T06:00:00+00:00,AWS-BHO-030,10.5,960.3,100.0,True,unstructured_anomaly,critical,94.2,ML_MODEL_ISOLATION,10.4,966.3,98.0,OFFLINE,replay,94.2,0.0
2025-01-07T07:00:00+00:00,AWS-BHO-030,10.3,961.0,100.0,True,unstructured_anomaly,critical,95.2,ML_MODEL_ISOLATION,9.9,966.8,98.0,OFFLINE,replay,95.2,0.0
2025-01-07T08:00:00+00:00,AWS-BHO-030,11.5,962.2,95.5811067678059,True,unstructured_anomaly,critical,92.8,ML_MODEL_ISOLATION,10.7,968.1,93.0,OFFLINE,replay,92.8,0.0
2025-01-07T09:00:00+00:00,AWS-BHO-030,13.5,962.9,87.20578580545543,True,unstructured_anomaly,critical,92.0,ML_MODEL_ISOLATION,12.5,968.8,85.0,OFFLINE,replay,92.0,0.0
2025-01-07T10:00:00+00:00,AWS-BHO-030,15.6,962.9,78.8587346802908,False,,low,48.2,NORMAL,14.7,968.7,78.0,OFFLINE,replay,80.3,0.0
2025-01-07T11:00:00+00:00,AWS-BHO-030,17.8,962.3,70.53955978663163,False,,low,31.1,NORMAL,16.6,967.9,73.0,OFFLINE,replay,51.8,0.0
2025-01-07T12:00:00+00:00,AWS-BHO-030,19.5,961.1,63.247893876529474,False,,low,15.3,NORMAL,18.2,966.7,68.0,OFFLINE,replay,25.5,0.0
2025-01-07T13:00:00+00:00,AWS-BHO-030,20.5,959.9,57.98339303779609,False,,low,18.8,NORMAL,19.3,965.7,63.0,OFFLINE,replay,31.4,0.0
2025-01-07T14:00:00+00:00,AWS-BHO-030,20.9,959.0,54.74573414875717,False,,low,15.6,NORMAL,19.9,964.6,56.0,WARNING,replay,26.0,0.0
2025-01-07T15:00:00+00:00,AWS-BHO-030,20.8,958.5,56.53461271586608,False,,low,2.3,NORMAL,19.8,964.1,56.0,OFFLINE,replay,3.8,0.0
2025-01-07T16:00:00+00:00,AWS-BHO-030,20.1,958.2,60.34974102214566,False,,low,4.1,NORMAL,19.2,963.9,59.0,OFFLINE,replay,6.8,0.0
2025-01-07T17:00:00+00:00,AWS-BHO-030,18.3,958.1,74.19084653046656,False,,low,25.6,NORMAL,16.8,963.5,75.0,OFFLINE,replay,42.6,0.0
2025-01-07T18:00:00+00:00,AWS-BHO-030,16.8,958.7,87.05767049762986,False,,low,38.1,NORMAL,14.7,964.1,81.0,HEALTHY,replay,63.5,0.0
2025-01-07T19:00:00+00:00,AWS-BHO-030,15.6,959.0,89.94996676425767,False,,low,1.5,NORMAL,13.9,964.4,83.0,WARNING,replay,2.4,0.0
2025-01-07T20:00:00+00:00,AWS-BHO-030,14.8,959.4,85.86750069240613,False,,low,3.8,NORMAL,12.8,964.8,87.0,WARNING,replay,6.4,0.0
2025-01-07T21:00:00+00:00,AWS-BHO-030,13.8,959.9,88.81004822815888,False,,low,0.6,NORMAL,12.2,965.3,91.0,WARNING,replay,0.9,0.0
2025-01-07T22:00:00+00:00,AWS-BHO-030,12.7,959.8,95.77739507063544,False,,low,0.9,NORMAL,11.6,965.4,91.0,WARNING,replay,1.6,0.0
2025-01-07T23:00:00+00:00,AWS-BHO-030,11.7,959.0,100.0,False,,low,2.3,NORMAL,10.5,964.7,92.0,WARNING,replay,3.9,0.0
2025-01-08T00:00:00+00:00,AWS-BHO-030,11.0,958.5,100.0,False,,low,0.9,NORMAL,9.7,964.3,93.0,WARNING,replay,1.5,0.0
2025-01-08T01:00:00+00:00,AWS-BHO-030,10.3,957.9,100.0,False,,low,1.2,NORMAL,9.0,963.7,95.0,WARNING,replay,2.0,0.0
2025-01-08T02:00:00+00:00,AWS-BHO-030,9.8,957.3,100.0,False,,low,2.4,NORMAL,8.4,963.1,97.0,WARNING,replay,4.0,0.0
2025-01-08T03:00:00+00:00,AWS-BHO-030,9.3,957.2,100.0,False,,low,3.2,NORMAL,7.6,963.0,98.0,WARNING,replay,5.3,0.0
2025-01-08T04:00:00+00:00,AWS-BHO-030,8.6,957.2,95.0,False,,low,5.6,NORMAL,7.2,963.0,99.0,WARNING,replay,9.3,0.0
2025-01-08T05:00:00+00:00,AWS-BHO-030,7.8,957.4,97.0,False,,low,2.6,NORMAL,6.9,963.3,100.0,WARNING,replay,4.3,0.0
2025-01-08T06:00:00+00:00,AWS-BHO-030,7.7,958.2,98.0,False,,low,6.9,NORMAL,6.4,963.7,100.0,WARNING,replay,11.5,0.0
2025-01-08T07:00:00+00:00,AWS-BHO-030,7.7,959.1,99.0,False,,low,5.0,NORMAL,7.2,964.6,100.0,WARNING,replay,8.3,0.0
2025-01-08T08:00:00+00:00,AWS-BHO-030,9.5,960.6,94.0,False,,low,21.1,NORMAL,8.2,966.2,97.0,WARNING,replay,35.2,0.0
2025-01-08T09:00:00+00:00,AWS-BHO-030,12.4,961.9,82.0,False,,low,40.6,NORMAL,10.4,967.6,92.0,WARNING,replay,67.7,0.0
2025-01-08T10:00:00+00:00,AWS-BHO-030,14.9,962.0,67.0,False,,low,42.3,NORMAL,13.6,967.8,79.0,HEALTHY,replay,70.5,0.0
2025-01-08T11:00:00+00:00,AWS-BHO-030,16.8,961.4,57.0,False,,low,31.6,NORMAL,15.7,967.1,66.0,WARNING,replay,52.6,0.0
2025-01-08T12:00:00+00:00,AWS-BHO-030,18.2,960.4,51.0,False,,low,11.9,NORMAL,17.1,966.1,59.0,WARNING,replay,19.9,0.0
2025-01-08T13:00:00+00:00,AWS-BHO-030,19.2,959.5,49.0,False,,low,5.7,NORMAL,18.2,965.2,54.0,WARNING,replay,9.5,0.0
2025-01-08T14:00:00+00:00,AWS-BHO-030,19.8,958.8,47.0,False,,low,4.2,NORMAL,18.7,964.5,52.0,WARNING,replay,7.0,0.0
2025-01-08T15:00:00+00:00,AWS-BHO-030,20.0,958.5,47.0,False,,low,1.1,NORMAL,18.7,964.2,51.0,WARNING,replay,1.8,0.0
2025-01-08T16:00:00+00:00,AWS-BHO-030,19.7,958.4,47.0,False,,low,0.8,NORMAL,17.8,964.2,55.0,WARNING,replay,1.3,0.0
2025-01-08T17:00:00+00:00,AWS-BHO-030,17.8,958.5,64.0,False,,low,3.6,NORMAL,15.0,963.9,70.0,WARNING,replay,6.0,0.0
2025-01-08T18:00:00+00:00,AWS-BHO-030,10.063327067121518,966.8627568196692,51.39345868551075,True,multivariate_inconsistency,high,77.1,MODEL_OVERRIDE,13.6,963.9,79.0,WARNING,replay,98.4,45.0
2025-01-08T19:00:00+00:00,AWS-BHO-030,20.82065315275609,951.1419736187228,57.87484117070979,True,unstructured_anomaly,critical,91.8,ML_MODEL_ISOLATION,12.0,964.4,82.0,WARNING,replay,91.8,0.0
2025-01-08T20:00:00+00:00,AWS-BHO-030,19.92067865320825,951.807959470065,95.0,True,multivariate_inconsistency,high,74.8,MODEL_OVERRIDE,11.1,964.8,82.0,WARNING,replay,94.7,45.0
2025-01-08T21:00:00+00:00,AWS-BHO-030,19.93100281588821,952.001734454234,65.20600081747043,False,,low,48.7,NORMAL,10.5,964.8,83.0,WARNING,replay,81.1,0.0
2025-01-08T22:00:00+00:00,AWS-BHO-030,18.892684427029625,951.1204087007408,95.0,True,multivariate_inconsistency,high,74.4,MODEL_OVERRIDE,10.0,964.7,84.0,WARNING,replay,94.0,45.0
2025-01-08T23:00:00+00:00,AWS-BHO-030,11.2,958.8,83.0,True,unstructured_anomaly,critical,95.7,ML_MODEL_ISOLATION,9.6,964.3,89.0,WARNING,replay,95.7,0.0
2025-01-09T00:00:00+00:00,AWS-BHO-030,10.7,958.5,83.0,False,,low,45.1,NORMAL,9.4,964.0,90.0,WARNING,replay,75.1,0.0
2025-01-09T01:00:00+00:00,AWS-BHO-030,10.4,958.1,82.0,False,,low,3.6,NORMAL,9.0,963.7,89.0,WARNING,replay,6.0,0.0
2025-01-09T02:00:00+00:00,AWS-BHO-030,10.2,957.8,81.0,False,,low,12.5,NORMAL,8.5,963.4,88.0,WARNING,replay,20.9,0.0
2025-01-09T03:00:00+00:00,AWS-BHO-030,10.4,957.4,76.0,False,,low,2.0,NORMAL,8.1,962.9,87.0,WARNING,replay,3.4,0.0
2025-01-09T04:00:00+00:00,AWS-BHO-030,9.8,957.4,76.0,False,,low,0.7,NORMAL,8.0,963.0,87.0,WARNING,replay,1.1,0.0
2025-01-09T05:00:00+00:00,AWS-BHO-030,9.1,957.7,77.0,False,,low,0.9,NORMAL,8.0,963.5,88.0,WARNING,replay,1.4,0.0
2025-01-09T06:00:00+00:00,AWS-BHO-030,8.7,958.7,80.0,False,,low,0.7,NORMAL,7.9,964.4,92.0,WARNING,replay,1.1,0.0
2025-01-09T07:00:00+00:00,AWS-BHO-030,9.1,959.7,84.0,False,,low,1.9,NORMAL,8.3,965.3,93.0,WARNING,replay,3.2,0.0
2025-01-09T08:00:00+00:00,AWS-BHO-030,11.3,961.1,82.0,False,,low,11.2,NORMAL,11.7,966.9,84.0,WARNING,replay,18.6,0.0
2025-01-09T09:00:00+00:00,AWS-BHO-030,14.4,962.3,72.0,False,,low,51.4,NORMAL,14.8,968.2,74.0,WARNING,replay,85.7,0.0
2025-01-09T10:00:00+00:00,AWS-BHO-030,17.3,962.4,60.0,False,,low,43.2,NORMAL,17.3,968.3,65.0,WARNING,replay,72.0,0.0
2025-01-09T11:00:00+00:00,AWS-BHO-030,19.4,961.8,50.0,False,,low,39.8,NORMAL,19.2,967.6,55.0,WARNING,replay,66.4,0.0
2025-01-09T12:00:00+00:00,AWS-BHO-030,20.8,960.7,45.0,False,,low,24.6,NORMAL,20.5,966.5,48.0,HEALTHY,replay,41.0,0.0
2025-01-09T13:00:00+00:00,AWS-BHO-030,21.7,960.0,41.0,False,,low,18.2,NORMAL,21.3,965.6,44.0,HEALTHY,replay,30.3,0.0
2025-01-09T14:00:00+00:00,AWS-BHO-030,22.2,959.1,40.92741028429354,False,,low,20.2,NORMAL,21.7,964.8,42.0,HEALTHY,replay,33.7,0.0
2025-01-09T15:00:00+00:00,AWS-BHO-030,22.1,958.8,40.871239736395786,False,,low,14.1,NORMAL,21.6,964.5,42.0,HEALTHY,replay,23.6,0.0
2025-01-09T16:00:00+00:00,AWS-BHO-030,21.5,958.8,40.81639336534621,False,,low,5.7,NORMAL,20.7,964.3,54.0,HEALTHY,replay,9.6,0.0
2025-01-09T17:00:00+00:00,AWS-BHO-030,19.6,958.8,40.753745187886125,False,,low,1.9,NORMAL,17.8,964.2,66.0,HEALTHY,replay,3.2,0.0
2025-01-09T18:00:00+00:00,AWS-BHO-030,17.9,959.4,40.81711605160114,False,,low,0.9,NORMAL,16.2,964.9,74.0,HEALTHY,replay,1.5,0.0
2025-01-09T19:00:00+00:00,AWS-BHO-030,16.7,959.9,40.814184700868616,False,,low,1.7,NORMAL,15.3,965.3,74.0,HEALTHY,replay,2.8,0.0
2025-01-09T20:00:00+00:00,AWS-BHO-030,15.8,960.5,40.90915930092654,False,,low,2.6,NORMAL,14.3,966.0,75.0,WARNING,replay,4.4,0.0
2025-01-09T21:00:00+00:00,AWS-BHO-030,14.9,961.2,73.0,True,multivariate_inconsistency,low,49.3,FUSED_CONSENSUS,12.9,966.4,81.0,WARNING,replay,52.2,45.0
2025-01-09T22:00:00+00:00,AWS-BHO-030,14.0,961.3,76.0,True,multivariate_inconsistency,medium,61.4,FUSED_CONSENSUS,11.5,966.7,81.0,OFFLINE,replay,72.3,45.0
2025-01-09T23:00:00+00:00,AWS-BHO-030,13.1,961.0,77.0,True,multivariate_inconsistency,medium,64.9,FUSED_CONSENSUS,10.6,966.4,77.0,OFFLINE,replay,78.2,45.0
2025-01-10T00:00:00+00:00,AWS-BHO-030,12.5,960.6,74.0,True,multivariate_inconsistency,medium,56.4,FUSED_CONSENSUS,10.1,966.2,76.0,OFFLINE,replay,64.0,45.0
2025-01-10T01:00:00+00:00,AWS-BHO-030,12.2,960.2,69.0,False,,low,31.0,NORMAL,10.0,965.7,77.0,OFFLINE,replay,51.7,0.0
2025-01-10T02:00:00+00:00,AWS-BHO-030,11.9,959.9,68.0,False,,low,32.2,NORMAL,10.0,965.4,78.0,HEALTHY,replay,53.7,0.0
2025-01-10T03:00:00+00:00,AWS-BHO-030,11.6,959.6,70.0,False,,low,2.1,NORMAL,10.0,965.2,78.0,OFFLINE,replay,3.5,0.0
2025-01-10T04:00:00+00:00,AWS-BHO-030,11.2,959.3,74.0,False,,low,3.1,NORMAL,9.6,964.9,81.0,OFFLINE,replay,5.2,0.0
2025-01-10T05:00:00+00:00,AWS-BHO-030,10.8,959.5,76.0,False,,low,9.6,NORMAL,8.9,965.0,84.0,OFFLINE,replay,16.1,0.0
2025-01-10T06:00:00+00:00,AWS-BHO-030,10.3,960.2,80.0,False,,low,20.0,NORMAL,8.7,965.7,85.0,HEALTHY,replay,33.3,0.0
2025-01-10T07:00:00+00:00,AWS-BHO-030,10.3,960.9,80.0,False,,low,6.0,NORMAL,9.3,966.6,83.0,WARNING,replay,10.0,0.0
2025-01-10T08:00:00+00:00,AWS-BHO-030,12.0,962.1,74.0,False,,low,0.7,NORMAL,12.1,968.1,77.0,WARNING,replay,1.2,0.0
2025-01-10T09:00:00+00:00,AWS-BHO-030,15.0,963.4,62.0,False,,low,23.2,NORMAL,15.1,969.3,68.0,WARNING,replay,38.7,0.0
2025-01-10T10:00:00+00:00,AWS-BHO-030,18.0,963.8,53.0,False,,low,18.3,NORMAL,17.5,969.5,61.0,WARNING,replay,30.6,0.0
2025-01-10T11:00:00+00:00,AWS-BHO-030,20.6,963.3,44.0,False,,low,17.9,NORMAL,19.7,968.9,55.0,WARNING,replay,29.8,0.0
2025-01-10T12:00:00+00:00,AWS-BHO-030,22.1,962.2,38.0,False,,low,22.8,NORMAL,21.3,967.9,51.0,WARNING,replay,37.9,0.0
2025-01-10T13:00:00+00:00,AWS-BHO-030,22.9,961.4,0.0841357206087758,True,multivariate_inconsistency,high,74.1,MODEL_OVERRIDE,22.3,967.0,45.0,WARNING,replay,93.5,45.0
2025-01-10T14:00:00+00:00,AWS-BHO-030,23.2,960.5,-0.0221802979271027,True,multivariate_inconsistency,critical,97.1,RULE_ENGINE_BYPASS,22.8,966.2,43.0,WARNING,replay,95.2,100.0
2025-01-10T15:00:00+00:00,AWS-BHO-030,23.1,959.8,0.0281082948381588,True,multivariate_inconsistency,high,72.4,MODEL_OVERRIDE,22.9,965.5,43.0,OFFLINE,replay,90.7,45.0
2025-01-10T16:00:00+00:00,AWS-BHO-030,22.4,959.6,-0.0778243036829805,True,multivariate_inconsistency,critical,94.6,RULE_ENGINE_BYPASS,22.2,965.2,48.0,OFFLINE,replay,91.0,100.0
2025-01-10T17:00:00+00:00,AWS-BHO-030,20.5,959.3,53.0,False,,low,34.8,NORMAL,19.5,964.6,62.0,OFFLINE,replay,58.0,0.0
2025-01-10T18:00:00+00:00,AWS-BHO-030,19.2,959.1,57.0,False,,low,47.0,NORMAL,17.1,964.5,66.0,OFFLINE,replay,78.3,0.0
2025-01-10T19:00:00+00:00,AWS-BHO-030,18.2,959.4,59.0,False,,low,33.2,NORMAL,15.4,964.8,73.0,WARNING,replay,55.3,0.0
2025-01-10T20:00:00+00:00,AWS-BHO-030,17.2,959.8,61.0,False,,low,8.3,NORMAL,14.2,965.0,79.0,OFFLINE,replay,13.8,0.0
2025-01-10T21:00:00+00:00,AWS-BHO-030,16.0,960.3,66.0,False,,low,8.7,NORMAL,13.3,965.6,82.0,OFFLINE,replay,14.5,0.0
2025-01-10T22:00:00+00:00,AWS-BHO-030,14.7,960.4,75.0,False,,low,21.0,NORMAL,12.8,965.9,77.0,OFFLINE,replay,35.0,0.0
2025-01-10T23:00:00+00:00,AWS-BHO-030,13.8,959.9,81.0,False,,low,23.6,NORMAL,12.5,965.5,75.0,HEALTHY,replay,39.4,0.0
2025-01-11T00:00:00+00:00,AWS-BHO-030,14.0,959.5,77.0,False,,low,6.0,NORMAL,13.0,965.2,76.0,WARNING,replay,9.9,0.0
2025-01-11T01:00:00+00:00,AWS-BHO-030,13.9,959.3,73.0,False,,low,1.4,NORMAL,13.0,964.9,79.0,WARNING,replay,2.3,0.0
2025-01-11T02:00:00+00:00,AWS-BHO-030,13.4,958.7,76.0,False,,low,0.4,NORMAL,12.5,964.4,81.0,WARNING,replay,0.6,0.0
2025-01-11T03:00:00+00:00,AWS-BHO-030,12.8,958.4,79.0,False,,low,1.4,NORMAL,11.9,964.0,84.0,WARNING,replay,2.3,0.0
2025-01-11T04:00:00+00:00,AWS-BHO-030,12.4,958.4,82.0,False,,low,1.1,NORMAL,11.2,963.9,84.0,WARNING,replay,1.9,0.0
2025-01-11T05:00:00+00:00,AWS-BHO-030,12.0,958.4,83.0,False,,low,1.1,NORMAL,11.1,964.0,82.0,WARNING,replay,1.9,0.0
2025-01-11T06:00:00+00:00,AWS-BHO-030,11.6,959.0,84.0,False,,low,0.9,NORMAL,10.9,964.7,81.0,WARNING,replay,1.4,0.0
2025-01-11T07:00:00+00:00,AWS-BHO-030,11.6,959.4,83.0,False,,low,0.9,NORMAL,11.1,965.2,81.0,WARNING,replay,1.5,0.0
2025-01-11T08:00:00+00:00,AWS-BHO-030,13.7,,74.0,True,dropout,critical,100.0,RULE_ENGINE_BYPASS,13.8,966.6,74.0,WARNING,replay,,100.0
2025-01-11T09:00:00+00:00,AWS-BHO-030,16.8,961.6,63.0,False,,low,18.1,NORMAL,16.7,967.4,68.0,WARNING,replay,30.1,0.0
2025-01-11T10:00:00+00:00,AWS-BHO-030,19.9,962.1,53.0,False,,low,5.0,NORMAL,19.3,967.8,59.0,WARNING,replay,8.4,0.0
2025-01-11T11:00:00+00:00,AWS-BHO-030,22.1,961.4,49.0,False,,low,4.6,NORMAL,21.8,967.2,52.0,WARNING,replay,7.7,0.0
2025-01-11T12:00:00+00:00,AWS-BHO-030,23.5,960.4,48.0,False,,low,4.6,NORMAL,23.4,966.0,48.0,WARNING,replay,7.6,0.0
2025-01-11T13:00:00+00:00,AWS-BHO-030,24.4,959.4,45.0,False,,low,5.1,NORMAL,24.2,965.0,46.0,HEALTHY,replay,8.5,0.0
2025-01-11T14:00:00+00:00,AWS-BHO-030,25.0,958.5,43.0,False,,low,9.6,NORMAL,24.5,964.1,45.0,HEALTHY,replay,16.0,0.0
2025-01-11T15:00:00+00:00,AWS-BHO-030,25.2,957.9,42.0,False,,low,8.2,NORMAL,24.5,963.6,45.0,HEALTHY,replay,13.7,0.0
2025-01-11T16:00:00+00:00,AWS-BHO-030,24.5,957.8,45.0,False,,low,5.2,NORMAL,23.9,963.5,50.0,HEALTHY,replay,8.7,0.0
2025-01-11T17:00:00+00:00,AWS-BHO-030,23.0,957.6,55.0,False,,low,7.8,NORMAL,21.1,963.0,64.0,HEALTHY,replay,12.9,0.0
2025-01-11T18:00:00+00:00,AWS-BHO-030,20.4,957.6,71.0,False,,low,11.1,NORMAL,18.9,962.9,69.0,HEALTHY,replay,18.6,0.0
2025-01-11T19:00:00+00:00,AWS-BHO-030,19.5,958.1,71.0,False,,low,6.4,NORMAL,17.6,963.5,73.0,HEALTHY,replay,10.6,0.0
2025-01-11T20:00:00+00:00,AWS-BHO-030,18.4,958.6,75.0,False,,low,0.7,NORMAL,17.3,964.0,73.0,HEALTHY,replay,1.1,0.0
2025-01-11T21:00:00+00:00,AWS-BHO-030,18.2,959.0,74.0,False,,low,0.8,NORMAL,16.8,964.4,73.0,HEALTHY,replay,1.4,0.0
2025-01-11T22:00:00+00:00,AWS-BHO-030,17.8,959.1,73.0,False,,low,0.6,NORMAL,16.4,964.5,73.0,HEALTHY,replay,1.0,0.0
2025-01-11T23:00:00+00:00,AWS-BHO-030,17.4,958.9,74.0,False,,low,0.1,NORMAL,16.3,964.4,75.0,HEALTHY,replay,0.2,0.0
2025-01-12T00:00:00+00:00,AWS-BHO-030,16.7,958.6,76.0,False,,low,0.3,NORMAL,16.2,964.1,77.0,HEALTHY,replay,0.5,0.0
2025-01-12T01:00:00+00:00,AWS-BHO-030,16.7,958.4,75.0,False,,low,0.5,NORMAL,15.6,964.0,84.0,HEALTHY,replay,0.8,0.0
2025-01-12T02:00:00+00:00,AWS-BHO-030,21.629860315812024,951.1707965980498,60.49198321295587,True,unstructured_anomaly,critical,95.6,ML_MODEL_ISOLATION,15.1,963.7,85.0,HEALTHY,replay,95.6,0.0
2025-01-12T03:00:00+00:00,AWS-BHO-030,22.653913744670973,951.0133291742349,66.92500007085629,True,unstructured_anomaly,critical,94.3,ML_MODEL_ISOLATION,14.9,963.7,86.0,HEALTHY,replay,94.3,0.0
2025-01-12T04:00:00+00:00,AWS-BHO-030,9.8291885204171,965.6727182564688,95.0,False,,low,51.7,NORMAL,14.6,963.9,90.0,HEALTHY,replay,86.1,0.0
2025-01-12T05:00:00+00:00,AWS-BHO-030,22.6333800140089,951.7963328757291,95.0,True,multivariate_inconsistency,high,76.5,MODEL_OVERRIDE,14.4,964.1,90.0,HEALTHY,replay,97.6,45.0
2025-01-12T06:00:00+00:00,AWS-BHO-030,9.258659932930406,967.8387117206952,95.0,True,drift,high,71.0,RULE_ENGINE_BYPASS,14.7,965.0,92.0,HEALTHY,replay,58.0,90.6
2025-01-12T07:00:00+00:00,AWS-BHO-030,21.276505158962184,953.3325677751196,76.46911793979339,True,multivariate_inconsistency,high,73.8,MODEL_OVERRIDE,15.0,965.8,92.0,HEALTHY,replay,93.0,45.0
2025-01-12T08:00:00+00:00,AWS-BHO-030,16.8,961.0,89.0,True,multivariate_inconsistency,low,47.3,FUSED_CONSENSUS,16.3,966.6,88.0,HEALTHY,replay,48.9,45.0
2025-01-12T09:00:00+00:00,AWS-BHO-030,19.2,962.1,75.0,True,multivariate_inconsistency,medium,57.2,FUSED_CONSENSUS,18.2,967.8,82.0,HEALTHY,replay,65.3,45.0
2025-01-12T10:00:00+00:00,AWS-BHO-030,21.1,962.4,65.0,True,multivariate_inconsistency,medium,69.9,FUSED_CONSENSUS,20.1,968.1,72.0,HEALTHY,replay,86.5,45.0
2025-01-12T11:00:00+00:00,AWS-BHO-030,22.5,961.8,58.0,True,unstructured_anomaly,critical,90.3,ML_MODEL_ISOLATION,21.5,967.4,68.0,HEALTHY,replay,90.3,0.0
2025-01-12T12:00:00+00:00,AWS-BHO-030,23.7,960.9,51.0,False,,low,51.2,NORMAL,22.6,966.4,63.0,HEALTHY,replay,85.3,0.0
2025-01-12T13:00:00+00:00,AWS-BHO-030,24.2,959.6,48.0,False,,low,11.8,NORMAL,23.1,965.3,62.0,HEALTHY,replay,19.6,0.0
2025-01-12T14:00:00+00:00,AWS-BHO-030,24.3,959.0,46.0,False,,low,24.6,NORMAL,22.9,964.5,61.0,HEALTHY,replay,41.0,0.0
2025-01-12T15:00:00+00:00,AWS-BHO-030,24.4,958.6,43.0,False,,low,16.1,NORMAL,22.6,964.3,60.0,HEALTHY,replay,26.9,0.0
2025-01-12T16:00:00+00:00,AWS-BHO-030,24.0,958.8,43.0,False,,low,12.4,NORMAL,22.4,964.5,58.0,HEALTHY,replay,20.7,0.0
2025-01-12T17:00:00+00:00,AWS-BHO-030,22.6,958.9,48.0,False,,low,16.1,NORMAL,20.5,964.3,72.0,HEALTHY,replay,26.8,0.0
2025-01-12T18:00:00+00:00,AWS-BHO-030,20.1,959.9,60.0,False,,low,5.5,NORMAL,17.6,965.2,87.0,HEALTHY,replay,9.2,0.0
2025-01-12T19:00:00+00:00,AWS-BHO-030,18.5,960.5,65.0,False,,low,1.7,NORMAL,16.4,965.6,91.0,HEALTHY,replay,2.9,0.0
2025-01-12T20:00:00+00:00,AWS-BHO-030,17.0,961.0,69.0,False,,low,5.0,NORMAL,15.5,966.3,88.0,HEALTHY,replay,8.4,0.0
2025-01-12T21:00:00+00:00,AWS-BHO-030,15.7,961.5,72.0,False,,low,7.7,NORMAL,14.5,966.8,77.0,HEALTHY,replay,12.8,0.0
2025-01-12T22:00:00+00:00,AWS-BHO-030,14.8,961.5,75.0,False,,low,5.8,NORMAL,13.6,967.0,80.0,HEALTHY,replay,9.7,0.0
2025-01-12T23:00:00+00:00,AWS-BHO-030,14.0,949.0227927569316,79.0,True,spike,high,86.8,FUSED_CONSENSUS,12.5,966.4,85.0,HEALTHY,replay,85.3,89.1
2025-01-13T00:00:00+00:00,AWS-BHO-030,13.4,954.7030141612756,82.0,False,,low,50.3,NORMAL,11.7,966.0,90.0,HEALTHY,replay,83.8,0.0
2025-01-13T01:00:00+00:00,AWS-BHO-030,12.7,957.3674007464537,84.0,False,,low,32.2,NORMAL,11.4,965.7,93.0,HEALTHY,replay,53.6,0.0
2025-01-13T02:00:00+00:00,AWS-BHO-030,12.0,959.7,86.0,False,,low,13.8,NORMAL,10.9,965.3,94.0,HEALTHY,replay,22.9,0.0
2025-01-13T03:00:00+00:00,AWS-BHO-030,11.5,959.4,86.0,False,,low,8.9,NORMAL,10.2,965.2,94.0,HEALTHY,replay,14.9,0.0
2025-01-13T04:00:00+00:00,AWS-BHO-030,11.1,959.4,87.0,False,,low,4.5,NORMAL,9.8,965.2,94.0,WARNING,replay,7.6,0.0
2025-01-13T05:00:00+00:00,AWS-BHO-030,10.8,959.7,90.0,False,,low,3.0,NORMAL,9.5,965.4,96.0,OFFLINE,replay,4.9,0.0
2025-01-13T06:00:00+00:00,AWS-BHO-030,10.1,960.4,93.0,False,,low,2.6,NORMAL,8.8,966.0,97.0,OFFLINE,replay,4.4,0.0
2025-01-13T07:00:00+00:00,AWS-BHO-030,10.1,960.8,95.0,False,,low,6.6,NORMAL,9.0,966.6,98.0,OFFLINE,replay,11.0,0.0
2025-01-13T08:00:00+00:00,AWS-BHO-030,11.9,961.8,87.0,False,,low,7.2,NORMAL,11.3,967.9,92.0,OFFLINE,replay,12.0,0.0
2025-01-13T09:00:00+00:00,AWS-BHO-030,21.125203951776847,962.6844935977072,100.0,False,,low,31.6,NORMAL,13.4,968.5,86.0,OFFLINE,replay,52.6,0.0
2025-01-13T10:00:00+00:00,AWS-BHO-030,23.225203951776848,962.2634152735912,100.0,False,,low,45.3,NORMAL,15.2,968.6,80.0,OFFLINE,replay,75.5,0.0
2025-01-13T11:00:00+00:00,AWS-BHO-030,24.725203951776848,962.8629779995856,89.3690788844464,True,drift,high,85.3,RULE_ENGINE_BYPASS,16.8,968.1,70.0,OFFLINE,replay,80.3,92.7
2025-01-13T12:00:00+00:00,AWS-BHO-030,19.2,961.0,50.0,False,,low,27.8,NORMAL,17.8,966.6,63.0,OFFLINE,replay,46.4,0.0
2025-01-13T13:00:00+00:00,AWS-BHO-030,20.0,959.7,45.0,False,,low,21.9,NORMAL,18.5,965.3,58.0,OFFLINE,replay,36.4,0.0
2025-01-13T14:00:00+00:00,AWS-BHO-030,20.4,959.0,43.0,False,,low,17.0,NORMAL,18.9,964.7,55.0,OFFLINE,replay,28.3,0.0
2025-01-13T15:00:00+00:00,AWS-BHO-030,20.3,958.6,44.0,False,,low,17.3,NORMAL,18.9,964.3,55.0,OFFLINE,replay,28.8,0.0
2025-01-13T16:00:00+00:00,AWS-BHO-030,19.5,958.7,47.0,False,,low,20.0,NORMAL,18.4,964.4,57.0,OFFLINE,replay,33.4,0.0
2025-01-13T17:00:00+00:00,AWS-BHO-030,17.8,958.7,54.0,False,,low,18.5,NORMAL,16.3,964.3,68.0,HEALTHY,replay,30.9,0.0
2025-01-13T18:00:00+00:00,AWS-BHO-030,15.8,959.5,67.0,False,,low,6.2,NORMAL,14.2,964.9,78.0,OFFLINE,replay,10.3,0.0
2025-01-13T19:00:00+00:00,AWS-BHO-030,14.8,959.8,73.0,False,,low,9.5,NORMAL,13.3,965.2,83.0,OFFLINE,replay,15.8,0.0
2025-01-13T20:00:00+00:00,AWS-BHO-030,14.0,960.2,76.0,False,,low,12.1,NORMAL,12.6,965.7,86.0,OFFLINE,replay,20.2,0.0
2025-01-13T21:00:00+00:00,AWS-BHO-030,13.6,960.3,78.0,False,,low,15.6,NORMAL,11.8,965.7,90.0,HEALTHY,replay,26.0,0.0
2025-01-13T22:00:00+00:00,AWS-BHO-030,13.2,960.3,81.0,False,,low,0.6,NORMAL,11.0,965.7,94.0,WARNING,replay,1.0,0.0
2025-01-13T23:00:00+00:00,AWS-BHO-030,12.7,959.7,84.0,False,,low,1.7,NORMAL,10.5,965.2,95.0,WARNING,replay,2.9,0.0
2025-01-14T00:00:00+00:00,AWS-BHO-030,11.9,959.3,89.0,False,,low,0.9,NORMAL,9.8,964.7,96.0,WARNING,replay,1.5,0.0
2025-01-14T01:00:00+00:00,AWS-BHO-030,11.2,959.3,93.0,False,,low,1.1,NORMAL,9.2,964.6,96.0,WARNING,replay,1.9,0.0
2025-01-14T02:00:00+00:00,AWS-BHO-030,10.6,958.6,94.0,False,,low,0.8,NORMAL,8.8,964.0,97.0,WARNING,replay,1.3,0.0
2025-01-14T03:00:00+00:00,AWS-BHO-030,10.2,958.3,94.0,False,,low,0.8,NORMAL,8.4,963.8,97.0,WARNING,replay,1.3,0.0
2025-01-14T04:00:00+00:00,AWS-BHO-030,9.8,958.2,94.0,False,,low,1.7,NORMAL,7.9,963.7,97.0,WARNING,replay,2.9,0.0
2025-01-14T05:00:00+00:00,AWS-BHO-030,9.8,958.6,94.0,False,,low,1.8,NORMAL,7.9,964.1,97.0,WARNING,replay,3.0,0.0
2025-01-14T06:00:00+00:00,AWS-BHO-030,9.3,960.2,95.0,False,,low,2.7,NORMAL,7.4,965.6,99.0,WARNING,replay,4.4,0.0
2025-01-14T07:00:00+00:00,AWS-BHO-030,9.2,960.7,96.0,False,,low,3.0,NORMAL,8.0,966.3,98.0,WARNING,replay,5.0,0.0
2025-01-14T08:00:00+00:00,AWS-BHO-030,11.4,961.5,85.0,False,,low,5.1,NORMAL,11.1,967.4,88.0,WARNING,replay,8.4,0.0
2025-01-14T09:00:00+00:00,AWS-BHO-030,14.5,962.6,71.0,False,,low,17.0,NORMAL,14.3,968.5,78.0,WARNING,replay,28.4,0.0
2025-01-14T10:00:00+00:00,AWS-BHO-030,17.1,963.1,62.0,False,,low,7.2,NORMAL,17.1,968.9,68.0,WARNING,replay,12.0,0.0
2025-01-14T11:00:00+00:00,AWS-BHO-030,19.2,962.7,55.0,False,,low,3.3,NORMAL,19.0,968.4,63.0,HEALTHY,replay,5.5,0.0
2025-01-14T12:00:00+00:00,AWS-BHO-030,20.8,961.4,51.0,False,,low,3.7,NORMAL,20.2,967.0,60.0,HEALTHY,replay,6.2,0.0
2025-01-14T13:00:00+00:00,AWS-BHO-030,21.9,960.4,50.0,False,,low,7.2,NORMAL,21.0,966.0,59.0,HEALTHY,replay,12.0,0.0
2025-01-14T14:00:00+00:00,AWS-BHO-030,22.4,959.4,51.0,False,,low,10.1,NORMAL,21.4,965.2,58.0,HEALTHY,replay,16.8,0.0
2025-01-14T15:00:00+00:00,AWS-BHO-030,22.4,959.1,53.0,False,,low,4.2,NORMAL,21.4,964.9,59.0,HEALTHY,replay,7.0,0.0
2025-01-14T16:00:00+00:00,AWS-BHO-030,21.8,959.4,56.0,False,,low,2.3,NORMAL,21.0,965.0,61.0,HEALTHY,replay,3.8,0.0
2025-01-14T17:00:00+00:00,AWS-BHO-030,20.5,959.7,62.0,False,,low,2.5,NORMAL,18.6,965.1,74.0,HEALTHY,replay,4.1,0.0
2025-01-14T18:00:00+00:00,AWS-BHO-030,18.9,960.1,72.0,False,,low,2.7,NORMAL,16.8,965.5,82.0,HEALTHY,replay,4.6,0.0
2025-01-14T19:00:00+00:00,AWS-BHO-030,17.6,960.4,76.0,False,,low,1.9,NORMAL,16.0,965.9,83.0,HEALTHY,replay,3.2,0.0
2025-01-14T20:00:00+00:00,AWS-BHO-030,16.8,960.9,77.0,False,,low,0.2,NORMAL,15.5,966.5,83.0,HEALTHY,replay,0.3,0.0
2025-01-14T21:00:00+00:00,AWS-BHO-030,16.2,961.1,77.0,False,,low,0.2,NORMAL,14.5,966.6,84.0,HEALTHY,replay,0.3,0.0
2025-01-14T22:00:00+00:00,AWS-BHO-030,15.5,961.4,78.0,False,,low,0.1,NORMAL,13.6,966.8,86.0,HEALTHY,replay,0.2,0.0
2025-01-14T23:00:00+00:00,AWS-BHO-030,14.8,961.2,80.0,False,,low,0.1,NORMAL,12.9,966.6,90.0,HEALTHY,replay,0.2,0.0
2025-01-15T00:00:00+00:00,AWS-BHO-030,14.1,960.9,84.0,False,,low,0.1,NORMAL,12.2,966.4,93.0,HEALTHY,replay,0.2,0.0
2025-01-15T01:00:00+00:00,AWS-BHO-030,13.7,960.5,86.0,False,,low,0.3,NORMAL,12.2,966.2,93.0,OFFLINE,replay,0.5,0.0
2025-01-15T02:00:00+00:00,AWS-BHO-030,13.3,959.8,87.0,False,,low,0.3,NORMAL,11.9,965.4,91.0,OFFLINE,replay,0.5,0.0
2025-01-15T03:00:00+00:00,AWS-BHO-030,13.1,959.4,85.0,False,,low,0.5,NORMAL,11.6,964.9,89.0,OFFLINE,replay,0.8,0.0
2025-01-15T04:00:00+00:00,AWS-BHO-030,13.1,959.3,83.0,False,,low,0.7,NORMAL,11.7,964.8,85.0,HEALTHY,replay,1.1,0.0
2025-01-15T05:00:00+00:00,AWS-BHO-030,19.36394847312953,950.9613425922008,95.0,True,multivariate_inconsistency,high,76.2,MODEL_OVERRIDE,11.9,965.2,83.0,WARNING,replay,97.0,45.0
2025-01-15T06:00:00+00:00,AWS-BHO-030,19.48903490273177,951.9408444367798,58.58954406404642,True,unstructured_anomaly,critical,97.9,ML_MODEL_ISOLATION,12.2,966.2,81.0,WARNING,replay,97.9,0.0
2025-01-15T07:00:00+00:00,AWS-BHO-030,18.96996924098469,953.8611199545064,92.80900292978644,True,multivariate_inconsistency,high,73.4,MODEL_OVERRIDE,12.5,966.7,81.0,WARNING,replay,92.3,45.0
2025-01-15T08:00:00+00:00,AWS-BHO-030,20.728902107172217,952.9987161412872,87.43996259805607,True,multivariate_inconsistency,high,75.0,MODEL_OVERRIDE,15.1,967.6,75.0,WARNING,replay,95.0,45.0
2025-01-15T09:00:00+00:00,AWS-BHO-030,17.3,962.5,64.0,False,,low,31.1,NORMAL,17.6,968.1,69.0,WARNING,replay,51.8,0.0
2025-01-15T10:00:00+00:00,AWS-BHO-030,20.0,962.8,59.0,False,,low,26.4,NORMAL,20.0,968.4,66.0,WARNING,replay,44.1,0.0
2025-01-15T11:00:00+00:00,AWS-BHO-030,22.3,962.4,55.0,False,,low,25.1,NORMAL,21.9,968.1,61.0,WARNING,replay,41.8,0.0
2025-01-15T12:00:00+00:00,AWS-BHO-030,23.7,961.2,53.0,False,,low,7.4,NORMAL,23.7,966.8,57.0,WARNING,replay,12.4,0.0
2025-01-15T13:00:00+00:00,AWS-BHO-030,24.8,960.3,49.0,False,,low,8.7,NORMAL,24.7,965.9,53.0,WARNING,replay,14.5,0.0
2025-01-15T14:00:00+00:00,AWS-BHO-030,24.8,959.6,49.0,False,,low,7.8,NORMAL,24.8,965.2,52.0,WARNING,replay,13.1,0.0
2025-01-15T15:00:00+00:00,AWS-BHO-030,25.1,959.0,47.0,False,,low,11.0,NORMAL,24.8,964.5,52.0,WARNING,replay,18.3,0.0
2025-01-15T16:00:00+00:00,AWS-BHO-030,24.8,958.8,47.0,False,,low,6.3,NORMAL,24.2,964.3,58.0,WARNING,replay,10.4,0.0
2025-01-15T17:00:00+00:00,AWS-BHO-030,23.7,958.5,52.0,False,,low,4.5,NORMAL,21.8,963.9,71.0,HEALTHY,replay,7.5,0.0
2025-01-15T18:00:00+00:00,AWS-BHO-030,21.0,959.3,64.0,False,,low,2.4,NORMAL,19.1,964.6,79.0,HEALTHY,replay,4.0,0.0
2025-01-15T19:00:00+00:00,AWS-BHO-030,19.9,959.7,67.0,False,,low,0.5,NORMAL,18.0,965.1,79.0,HEALTHY,replay,0.8,0.0
2025-01-15T20:00:00+00:00,AWS-BHO-030,19.0,959.9,69.0,False,,low,0.3,NORMAL,17.8,965.4,79.0,HEALTHY,replay,0.5,0.0
2025-01-15T21:00:00+00:00,AWS-BHO-030,18.5,960.1,69.0,False,,low,0.2,NORMAL,17.1,965.6,78.0,HEALTHY,replay,0.4,0.0
2025-01-15T22:00:00+00:00,AWS-BHO-030,18.0,960.3,70.0,False,,low,0.3,NORMAL,16.8,965.9,78.0,HEALTHY,replay,0.5,0.0
2025-01-15T23:00:00+00:00,AWS-BHO-030,17.3,960.0,74.0,False,,low,0.3,NORMAL,16.4,965.7,80.0,HEALTHY,replay,0.5,0.0
2025-01-16T00:00:00+00:00,AWS-BHO-030,16.8,959.5,77.0,False,,low,0.3,NORMAL,16.1,965.2,81.0,HEALTHY,replay,0.5,0.0
2025-01-16T01:00:00+00:00,AWS-BHO-030,16.4,959.3,78.0,False,,low,0.2,NORMAL,16.0,964.9,80.0,HEALTHY,replay,0.3,0.0
2025-01-16T02:00:00+00:00,AWS-BHO-030,16.0,958.9,80.0,False,,low,0.2,NORMAL,15.7,964.6,80.0,HEALTHY,replay,0.3,0.0
2025-01-16T03:00:00+00:00,AWS-BHO-030,15.9,958.4,80.0,False,,low,0.2,NORMAL,15.3,964.0,81.0,HEALTHY,replay,0.4,0.0
2025-01-16T04:00:00+00:00,AWS-BHO-030,15.2,958.1,85.0,False,,low,0.2,NORMAL,15.0,963.6,83.0,HEALTHY,replay,0.4,0.0
2025-01-16T05:00:00+00:00,AWS-BHO-030,15.1,958.2,85.0,False,,low,0.4,NORMAL,14.3,963.7,85.0,HEALTHY,replay,0.6,0.0
2025-01-16T06:00:00+00:00,AWS-BHO-030,16.0,959.7,80.0,False,,low,0.5,NORMAL,13.8,964.9,87.0,HEALTHY,replay,0.8,0.0
2025-01-16T07:00:00+00:00,AWS-BHO-030,16.6,960.6,77.0,False,,low,1.3,NORMAL,14.7,965.9,84.0,HEALTHY,replay,2.1,0.0
2025-01-16T08:00:00+00:00,AWS-BHO-030,17.4,961.1,74.0,False,,low,2.0,NORMAL,16.2,966.7,81.0,HEALTHY,replay,3.3,0.0
2025-01-16T09:00:00+00:00,AWS-BHO-030,18.4,962.0,71.0,False,,low,0.5,NORMAL,17.7,967.7,79.0,HEALTHY,replay,0.8,0.0
2025-01-16T10:00:00+00:00,AWS-BHO-030,20.4,962.4,64.0,False,,low,1.7,NORMAL,18.9,968.0,77.0,HEALTHY,replay,2.8,0.0
2025-01-16T11:00:00+00:00,AWS-BHO-030,23.2,962.5,55.0,False,,low,3.3,NORMAL,20.7,967.9,72.0,HEALTHY,replay,5.4,0.0
2025-01-16T12:00:00+00:00,AWS-BHO-030,23.9,961.5,54.0,False,,low,1.1,NORMAL,21.4,967.0,70.0,HEALTHY,replay,1.9,0.0
2025-01-16T13:00:00+00:00,AWS-BHO-030,24.9,960.6,49.0,False,,low,1.4,NORMAL,22.8,966.2,66.0,HEALTHY,replay,2.3,0.0
2025-01-16T14:00:00+00:00,AWS-BHO-030,24.0,960.1,53.0,False,,low,0.9,NORMAL,23.0,965.8,67.0,HEALTHY,replay,1.5,0.0
2025-01-16T15:00:00+00:00,AWS-BHO-030,23.4,960.0,58.0,False,,low,0.7,NORMAL,21.9,965.7,71.0,HEALTHY,replay,1.1,0.0
2025-01-16T16:00:00+00:00,AWS-BHO-030,22.3,960.1,64.0,False,,low,1.5,NORMAL,20.7,965.8,77.0,HEALTHY,replay,2.6,0.0
2025-01-16T17:00:00+00:00,AWS-BHO-030,20.4,960.5,73.0,False,,low,2.1,NORMAL,19.2,965.8,88.0,HEALTHY,replay,3.6,0.0
2025-01-16T18:00:00+00:00,AWS-BHO-030,20.2,961.5,74.0,False,,low,0.5,NORMAL,18.8,966.9,86.0,HEALTHY,replay,0.9,0.0
2025-01-16T19:00:00+00:00,AWS-BHO-030,,962.0,81.0,True,dropout,critical,100.0,RULE_ENGINE_BYPASS,18.4,967.4,87.0,HEALTHY,replay,,100.0
2025-01-16T20:00:00+00:00,AWS-BHO-030,18.2,962.5,83.0,False,,low,2.2,NORMAL,17.6,968.2,89.0,HEALTHY,replay,3.6,0.0
2025-01-16T21:00:00+00:00,AWS-BHO-030,17.5,962.9,87.0,False,,low,1.0,NORMAL,16.6,968.6,91.0,OFFLINE,replay,1.7,0.0
2025-01-16T22:00:00+00:00,AWS-BHO-030,16.7,963.4,91.0,False,,low,6.0,NORMAL,15.5,969.1,93.0,OFFLINE,replay,10.0,0.0
2025-01-16T23:00:00+00:00,AWS-BHO-030,15.5,963.1,93.0,False,,low,13.0,NORMAL,14.7,968.8,93.0,OFFLINE,replay,21.6,0.0
2025-01-17T00:00:00+00:00,AWS-BHO-030,14.8,962.8,93.0,False,,low,18.9,NORMAL,14.1,968.4,95.0,OFFLINE,replay,31.4,0.0
2025-01-17T01:00:00+00:00,AWS-BHO-030,14.2,962.3,93.0,False,,low,15.1,NORMAL,13.7,968.0,94.0,OFFLINE,replay,25.2,0.0
2025-01-17T02:00:00+00:00,AWS-BHO-030,13.6,961.7,93.0,False,,low,18.6,NORMAL,13.1,967.4,95.0,OFFLINE,replay,31.0,0.0
2025-01-17T03:00:00+00:00,AWS-BHO-030,13.2,961.2,93.0,False,,low,19.7,NORMAL,12.5,966.9,95.0,OFFLINE,replay,32.9,0.0
2025-01-17T04:00:00+00:00,AWS-BHO-030,12.7,961.2,93.0,False,,low,19.9,NORMAL,12.2,967.0,95.0,HEALTHY,replay,33.2,0.0
2025-01-17T05:00:00+00:00,AWS-BHO-030,12.4,961.4,92.0,False,,low,7.9,NORMAL,11.7,967.3,95.0,OFFLINE,replay,13.1,0.0
2025-01-17T06:00:00+00:00,AWS-BHO-030,12.0,962.1,93.0,False,,low,11.4,NORMAL,11.5,968.0,94.0,OFFLINE,replay,19.1,0.0
2025-01-17T07:00:00+00:00,AWS-BHO-030,12.1,962.5,91.0,False,,low,13.4,NORMAL,11.3,968.4,94.0,OFFLINE,replay,22.4,0.0
2025-01-17T08:00:00+00:00,AWS-BHO-030,13.0,963.0,86.0,False,,low,15.1,NORMAL,12.9,969.0,87.0,WARNING,replay,25.2,0.0
2025-01-17T09:00:00+00:00,AWS-BHO-030,15.2,963.4,76.0,False,,low,2.7,NORMAL,15.0,969.4,81.0,OFFLINE,replay,4.5,0.0
2025-01-17T10:00:00+00:00,AWS-BHO-030,17.7,963.6,67.0,False,,low,6.6,NORMAL,17.3,969.4,75.0,OFFLINE,replay,11.0,0.0
2025-01-17T11:00:00+00:00,AWS-BHO-030,19.6,963.1,61.0,False,,low,11.8,NORMAL,19.0,968.7,71.0,OFFLINE,replay,19.6,0.0
2025-01-17T12:00:00+00:00,AWS-BHO-030,21.1,961.8,58.0,False,,low,13.3,NORMAL,20.3,967.4,69.0,WARNING,replay,22.1,0.0
2025-01-17T13:00:00+00:00,AWS-BHO-030,22.1,960.8,57.0,False,,low,6.1,NORMAL,21.3,966.4,67.0,OFFLINE,replay,10.1,0.0
2025-01-17T14:00:00+00:00,AWS-BHO-030,22.5,959.8,57.0,False,,low,9.9,NORMAL,21.5,965.4,67.0,OFFLINE,replay,16.5,0.0
2025-01-17T15:00:00+00:00,AWS-BHO-030,22.3,959.5,59.0,False,,low,14.7,NORMAL,21.2,965.1,68.0,OFFLINE,replay,24.5,0.0
2025-01-17T16:00:00+00:00,AWS-BHO-030,21.4,959.2,64.0,False,,low,8.2,NORMAL,20.4,964.9,71.0,WARNING,replay,13.7,0.0
2025-01-17T17:00:00+00:00,AWS-BHO-030,20.0,959.3,71.0,False,,low,5.2,NORMAL,18.8,964.8,78.0,WARNING,replay,8.6,0.0
2025-01-17T18:00:00+00:00,AWS-BHO-030,17.9,959.9,81.0,False,,low,1.9,NORMAL,16.9,965.4,85.0,WARNING,replay,3.1,0.0
2025-01-17T19:00:00+00:00,AWS-BHO-030,16.9,960.4,84.0,False,,low,1.1,NORMAL,16.1,965.9,86.0,WARNING,replay,1.8,0.0
2025-01-17T20:00:00+00:00,AWS-BHO-030,16.3,960.9,85.0,False,,low,0.7,NORMAL,15.2,966.6,88.0,WARNING,replay,1.1,0.0
2025-01-17T21:00:00+00:00,AWS-BHO-030,15.6,961.1,86.0,False,,low,0.3,NORMAL,14.4,966.7,92.0,WARNING,replay,0.6,0.0
2025-01-17T22:00:00+00:00,AWS-BHO-030,14.9,961.1,88.0,False,,low,0.4,NORMAL,13.7,966.8,94.0,WARNING,replay,0.6,0.0
2025-01-17T23:00:00+00:00,AWS-BHO-030,14.3,960.6,91.0,False,,low,0.4,NORMAL,13.1,966.3,95.0,WARNING,replay,0.6,0.0
2025-01-18T00:00:00+00:00,AWS-BHO-030,13.7,960.2,94.0,False,,low,0.4,NORMAL,12.4,965.8,97.0,WARNING,replay,0.6,0.0
2025-01-18T01:00:00+00:00,AWS-BHO-030,13.4,959.7,94.0,False,,low,0.7,NORMAL,11.9,965.2,97.0,WARNING,replay,1.1,0.0
2025-01-18T02:00:00+00:00,AWS-BHO-030,13.0,959.4,95.0,False,,low,0.8,NORMAL,11.5,965.0,97.0,WARNING,replay,1.4,0.0
2025-01-18T03:00:00+00:00,AWS-BHO-030,12.7,959.1,95.0,False,,low,1.2,NORMAL,11.2,964.8,97.0,WARNING,replay,2.0,0.0
2025-01-18T04:00:00+00:00,AWS-BHO-030,12.5,958.9,94.0,False,,low,1.6,NORMAL,11.1,964.5,97.0,WARNING,replay,2.7,0.0
2025-01-18T05:00:00+00:00,AWS-BHO-030,12.2,959.1,94.0,False,,low,1.8,NORMAL,10.9,964.8,97.0,WARNING,replay,3.0,0.0
2025-01-18T06:00:00+00:00,AWS-BHO-030,12.1,960.2,93.0,False,,low,1.1,NORMAL,10.7,965.8,96.0,HEALTHY,replay,1.8,0.0
2025-01-18T07:00:00+00:00,AWS-BHO-030,12.0,960.183007536578,93.0,False,,low,1.6,NORMAL,10.8,966.4,97.0,HEALTHY,replay,2.7,0.0
2025-01-18T08:00:00+00:00,AWS-BHO-030,13.6,960.1933478323964,86.0,False,,low,3.9,NORMAL,13.2,967.5,90.0,HEALTHY,replay,6.6,0.0
2025-01-18T09:00:00+00:00,AWS-BHO-030,16.3,960.1858884636516,75.0,False,,low,7.2,NORMAL,15.9,968.6,81.0,HEALTHY,replay,11.9,0.0
2025-01-18T10:00:00+00:00,AWS-BHO-030,18.8,960.1753730359552,67.0,False,,low,4.5,NORMAL,18.5,968.6,73.0,HEALTHY,replay,7.5,0.0
2025-01-18T11:00:00+00:00,AWS-BHO-030,20.9,960.2156651443046,61.0,False,,low,7.0,NORMAL,20.4,968.2,68.0,HEALTHY,replay,11.7,0.0
2025-01-18T12:00:00+00:00,AWS-BHO-030,22.6,960.140313779526,57.0,False,,low,20.6,NORMAL,21.9,966.9,65.0,HEALTHY,replay,34.3,0.0
2025-01-18T13:00:00+00:00,AWS-BHO-030,23.5,960.3,54.0,False,,low,21.9,NORMAL,22.9,965.9,62.0,HEALTHY,replay,36.5,0.0
2025-01-18T14:00:00+00:00,AWS-BHO-030,23.9,959.5,53.0,False,,low,22.1,NORMAL,23.3,965.1,61.0,HEALTHY,replay,36.9,0.0
2025-01-18T15:00:00+00:00,AWS-BHO-030,23.9,958.8,53.0,False,,low,3.5,NORMAL,23.3,964.5,60.0,HEALTHY,replay,5.8,0.0
2025-01-18T16:00:00+00:00,AWS-BHO-030,23.3,958.6,55.0,False,,low,0.8,NORMAL,22.8,964.2,63.0,HEALTHY,replay,1.3,0.0
2025-01-18T17:00:00+00:00,AWS-BHO-030,21.9,958.5,63.0,False,,low,1.0,NORMAL,20.7,963.9,76.0,HEALTHY,replay,1.6,0.0
2025-01-18T18:00:00+00:00,AWS-BHO-030,20.6,959.0,72.0,False,,low,1.6,NORMAL,18.7,964.5,81.0,HEALTHY,replay,2.7,0.0
2025-01-18T19:00:00+00:00,AWS-BHO-030,19.1,959.4,79.0,False,,low,1.3,NORMAL,17.4,964.8,85.0,HEALTHY,replay,2.2,0.0
2025-01-18T20:00:00+00:00,AWS-BHO-030,17.5,959.9,86.0,False,,low,0.9,NORMAL,16.8,965.5,85.0,HEALTHY,replay,1.6,0.0
2025-01-18T21:00:00+00:00,AWS-BHO-030,16.8,960.2,89.0,False,,low,0.4,NORMAL,16.0,965.9,90.0,HEALTHY,replay,0.7,0.0
2025-01-18T22:00:00+00:00,AWS-BHO-030,16.3,960.4,91.0,False,,low,0.3,NORMAL,15.6,966.1,91.0,HEALTHY,replay,0.5,0.0
2025-01-18T23:00:00+00:00,AWS-BHO-030,15.9,959.9,91.0,False,,low,0.3,NORMAL,14.8,965.4,91.0,HEALTHY,replay,0.5,0.0
2025-01-19T00:00:00+00:00,AWS-BHO-030,15.7,959.7,90.0,False,,low,0.4,NORMAL,14.0,965.2,94.0,HEALTHY,replay,0.7,0.0
2025-01-19T01:00:00+00:00,AWS-BHO-030,15.2,959.4,89.0,False,,low,0.4,NORMAL,13.5,964.9,94.0,HEALTHY,replay,0.7,0.0
2026-09-22T08:30:00+00:00,AWS-BHO-030,31.0,952.8,57.0,False,,low,0.0,NORMAL,31.1,958.1,58.0,HEALTHY,live,,0.0
2025-01-01T00:00:00+00:00,AWS-BHO-030,14.2,960.7,94.0,False,,low,0.0,NORMAL,13.0,966.2,96.0,HEALTHY,replay,,0.0
2025-01-01T01:00:00+00:00,AWS-BHO-030,13.6,960.2,95.0,False,,low,0.0,NORMAL,12.4,965.8,97.0,HEALTHY,replay,,0.0
2025-01-01T02:00:00+00:00,AWS-BHO-030,13.1,959.5,96.0,False,,low,0.0,NORMAL,11.8,965.2,98.0,HEALTHY,replay,,0.0
2025-01-01T03:00:00+00:00,AWS-BHO-030,12.6,959.1,96.0,False,,low,0.0,NORMAL,11.4,964.8,98.0,HEALTHY,replay,,0.0
2025-01-01T04:00:00+00:00,AWS-BHO-030,12.1,958.9,97.0,False,,low,0.0,NORMAL,10.9,964.6,98.0,HEALTHY,replay,,0.0
2025-01-01T05:00:00+00:00,AWS-BHO-030,11.6,959.0,97.0,False,,low,0.0,NORMAL,10.4,964.7,99.0,HEALTHY,replay,,0.0
2025-01-01T06:00:00+00:00,AWS-BHO-030,10.9,959.8,98.0,False,,low,0.0,NORMAL,9.6,965.5,100.0,HEALTHY,replay,,0.0
2025-01-01T07:00:00+00:00,AWS-BHO-030,10.9,960.5,98.0,False,,low,0.0,NORMAL,10.0,966.4,99.0,HEALTHY,replay,,0.0
2025-01-01T08:00:00+00:00,AWS-BHO-030,12.5,961.6,93.0,False,,low,0.0,NORMAL,12.4,967.5,92.0,HEALTHY,replay,,0.0
2025-01-01T09:00:00+00:00,AWS-BHO-030,14.9,962.6,86.0,False,,low,0.0,NORMAL,14.8,968.6,84.0,HEALTHY,replay,,0.0
2025-01-01T10:00:00+00:00,AWS-BHO-030,17.3,962.9,78.0,False,,low,0.0,NORMAL,17.2,968.7,74.0,HEALTHY,replay,,0.0
2025-01-01T11:00:00+00:00,AWS-BHO-030,19.2,962.5,70.0,False,,low,0.0,NORMAL,18.8,968.2,68.0,HEALTHY,replay,,0.0
2025-01-01T12:00:00+00:00,AWS-BHO-030,20.5,961.6,64.0,False,,low,0.0,NORMAL,19.8,967.3,64.0,HEALTHY,replay,,0.0
2025-01-01T13:00:00+00:00,AWS-BHO-030,21.3,960.6,58.0,False,,low,0.0,NORMAL,20.5,966.3,59.0,HEALTHY,replay,,0.0
2025-01-01T14:00:00+00:00,AWS-BHO-030,21.6,959.8,54.0,False,,low,0.0,NORMAL,20.8,965.5,56.0,HEALTHY,replay,,0.0
2025-01-01T15:00:00+00:00,AWS-BHO-030,21.4,959.4,52.0,False,,low,0.0,NORMAL,20.6,965.1,57.0,HEALTHY,replay,,0.0
2025-01-01T16:00:00+00:00,AWS-BHO-030,20.5,-0.0128265790705505,56.0,True,spike,critical,100.0,RULE_ENGINE_BYPASS,19.6,965.0,63.0,HEALTHY,replay,,100.0
2025-01-01T17:00:00+00:00,AWS-BHO-030,18.4,0.0380979893781233,67.0,True,spike,critical,100.0,RULE_ENGINE_BYPASS,16.6,964.4,77.0,HEALTHY,replay,,100.0
2025-01-01T18:00:00+00:00,AWS-BHO-030,16.3,0.0211335559753632,77.0,True,spike,critical,100.0,RULE_ENGINE_BYPASS,14.4,964.8,85.0,HEALTHY,replay,,100.0
2025-01-01T19:00:00+00:00,AWS-BHO-030,15.1,0.0779653867995479,82.0,True,spike,critical,100.0,RULE_ENGINE_BYPASS,13.4,965.2,87.0,OFFLINE,replay,,100.0
2025-01-01T20:00:00+00:00,AWS-BHO-030,14.3,960.3,84.0,False,,low,0.0,NORMAL,12.5,966.0,89.0,OFFLINE,replay,,0.0
2025-01-01T21:00:00+00:00,AWS-BHO-030,13.7,960.7,83.0,False,,low,0.0,NORMAL,11.6,966.3,91.0,OFFLINE,replay,,0.0
2025-01-01T22:00:00+00:00,AWS-BHO-030,13.1,960.8,83.0,False,,low,0.0,NORMAL,11.1,966.3,93.0,HEALTHY,replay,,0.0
2025-01-01T23:00:00+00:00,AWS-BHO-030,12.6,960.5,84.0,False,,low,0.0,NORMAL,11.0,966.1,93.0,OFFLINE,replay,,0.0
2025-01-02T00:00:00+00:00,AWS-BHO-030,12.2,960.0,86.0,False,,low,0.0,NORMAL,10.9,965.5,93.0,OFFLINE,replay,,0.0
2025-01-02T01:00:00+00:00,AWS-BHO-030,12.0,959.4,88.0,False,,low,0.0,NORMAL,10.3,964.8,93.0,OFFLINE,replay,,0.0
2025-01-02T02:00:00+00:00,AWS-BHO-030,11.5,958.8,90.0,False,,low,0.0,NORMAL,9.4,964.2,94.0,HEALTHY,replay,,0.0
2025-01-02T03:00:00+00:00,AWS-BHO-030,10.5,958.4,93.0,False,,low,0.0,NORMAL,8.8,963.8,94.0,WARNING,replay,,0.0
2025-01-02T04:00:00+00:00,AWS-BHO-030,10.0,958.4,94.0,False,,low,0.0,NORMAL,8.6,963.9,93.0,WARNING,replay,,0.0
2025-01-02T05:00:00+00:00,AWS-BHO-030,9.5,958.7,94.0,False,,low,0.0,NORMAL,8.1,964.2,93.0,WARNING,replay,,0.0
2025-01-02T06:00:00+00:00,AWS-BHO-030,9.7,959.5,92.0,False,,low,0.0,NORMAL,8.4,965.2,93.0,WARNING,replay,,0.0
2025-01-02T07:00:00+00:00,AWS-BHO-030,9.7,960.1,89.0,False,,low,0.0,NORMAL,8.8,965.9,92.0,WARNING,replay,,0.0
2025-01-02T08:00:00+00:00,AWS-BHO-030,11.7,961.2,83.0,False,,low,0.0,NORMAL,11.6,967.3,84.0,WARNING,replay,,0.0
2025-01-02T09:00:00+00:00,AWS-BHO-030,15.1,962.4,71.0,False,,low,11.2,NORMAL,14.9,968.2,72.0,WARNING,replay,18.6,0.0
2025-01-02T10:00:00+00:00,AWS-BHO-030,17.8,963.0,58.0,False,,low,39.2,NORMAL,17.6,968.7,58.0,WARNING,replay,65.3,0.0
2025-01-02T11:00:00+00:00,AWS-BHO-030,20.0,962.6,48.0,False,,low,45.0,NORMAL,19.6,968.3,48.0,WARNING,replay,74.9,0.0
2025-01-02T12:00:00+00:00,AWS-BHO-030,21.6,961.6,42.0,False,,low,36.3,NORMAL,21.0,967.3,45.0,WARNING,replay,60.5,0.0
2025-01-02T13:00:00+00:00,AWS-BHO-030,22.7,960.7,39.0,False,,low,27.9,NORMAL,21.9,966.3,45.0,WARNING,replay,46.6,0.0
2025-01-02T14:00:00+00:00,AWS-BHO-030,23.1,960.1,38.0,False,,low,18.8,NORMAL,22.2,965.8,45.0,WARNING,replay,31.4,0.0
2025-01-02T15:00:00+00:00,AWS-BHO-030,22.9,959.9,40.0,False,,low,8.4,NORMAL,21.9,965.6,47.0,WARNING,replay,13.9,0.0
2025-01-02T16:00:00+00:00,AWS-BHO-030,21.7,959.7,52.0,False,,low,10.6,NORMAL,21.0,965.4,62.0,HEALTHY,replay,17.7,0.0
2025-01-02T17:00:00+00:00,AWS-BHO-030,19.1,959.6,67.0,False,,low,17.8,NORMAL,18.3,965.3,72.0,HEALTHY,replay,29.7,0.0
2025-01-02T18:00:00+00:00,AWS-BHO-030,17.7,960.1,72.0,False,,low,3.4,NORMAL,16.5,965.7,76.0,HEALTHY,replay,5.7,0.0
2025-01-02T19:00:00+00:00,AWS-BHO-030,16.8,960.8,76.0,False,,low,1.5,NORMAL,15.5,966.3,78.0,HEALTHY,replay,2.5,0.0
2025-01-02T20:00:00+00:00,AWS-BHO-030,16.0,961.3,80.0,False,,low,2.6,NORMAL,14.3,966.9,82.0,HEALTHY,replay,4.4,0.0
2025-01-02T21:00:00+00:00,AWS-BHO-030,15.7,961.2,78.0,False,,low,0.5,NORMAL,13.3,966.6,84.0,HEALTHY,replay,0.9,0.0
2025-01-02T22:00:00+00:00,AWS-BHO-030,15.3,961.2,77.0,False,,low,0.8,NORMAL,12.6,966.5,83.0,HEALTHY,replay,1.4,0.0
2025-01-02T23:00:00+00:00,AWS-BHO-030,14.9,960.5,76.0,False,,low,1.0,NORMAL,11.9,965.8,83.0,HEALTHY,replay,1.6,0.0
2025-01-03T00:00:00+00:00,AWS-BHO-030,14.3,959.9,76.0,False,,low,0.9,NORMAL,11.3,965.2,82.0,HEALTHY,replay,1.6,0.0
2025-01-03T01:00:00+00:00,AWS-BHO-030,13.0,959.2,80.0,False,,low,0.2,NORMAL,11.3,964.8,80.0,HEALTHY,replay,0.4,0.0
2025-01-03T02:00:00+00:00,AWS-BHO-030,12.0,958.9,82.0,False,,low,0.2,NORMAL,11.1,964.5,80.0,HEALTHY,replay,0.3,0.0
2025-01-03T03:00:00+00:00,AWS-BHO-030,11.7,958.8,82.0,False,,low,0.1,NORMAL,11.0,964.4,82.0,HEALTHY,replay,0.2,0.0
2025-01-03T04:00:00+00:00,AWS-BHO-030,11.6,958.6,83.0,False,,low,0.2,NORMAL,10.9,964.3,85.0,HEALTHY,replay,0.3,0.0
2025-01-03T05:00:00+00:00,AWS-BHO-030,11.3,958.7,84.0,False,,low,0.2,NORMAL,10.3,964.4,86.0,HEALTHY,replay,0.4,0.0
2025-01-03T06:00:00+00:00,AWS-BHO-030,11.2,959.5,85.0,False,,low,0.2,NORMAL,10.1,965.3,87.0,HEALTHY,replay,0.3,0.0
2025-01-03T07:00:00+00:00,AWS-BHO-030,11.2,960.1,85.0,False,,low,0.2,NORMAL,10.3,965.9,89.0,HEALTHY,replay,0.3,0.0
2025-01-03T08:00:00+00:00,AWS-BHO-030,13.6,961.3,80.0,False,,low,0.6,NORMAL,13.1,967.2,81.0,HEALTHY,replay,1.1,0.0
2025-01-03T09:00:00+00:00,AWS-BHO-030,16.9,962.4,72.0,False,,low,2.5,NORMAL,16.7,968.3,75.0,HEALTHY,replay,4.1,0.0
2025-01-03T10:00:00+00:00,AWS-BHO-030,19.9,963.3,63.0,False,,low,7.3,NORMAL,19.5,969.0,64.0,HEALTHY,replay,12.2,0.0
2025-01-03T11:00:00+00:00,AWS-BHO-030,22.0,962.7,54.0,False,,low,2.4,NORMAL,21.5,968.4,53.0,HEALTHY,replay,4.0,0.0
2025-01-03T12:00:00+00:00,AWS-BHO-030,23.4,962.0,49.0,False,,low,1.6,NORMAL,22.7,967.6,49.0,HEALTHY,replay,2.7,0.0
2025-01-03T13:00:00+00:00,AWS-BHO-030,24.2,961.0,45.0,False,,low,1.5,NORMAL,23.5,966.5,47.0,HEALTHY,replay,2.5,0.0
2025-01-03T14:00:00+00:00,AWS-BHO-030,24.5,960.3,44.0,False,,low,1.0,NORMAL,23.8,965.8,46.0,HEALTHY,replay,1.7,0.0
2025-01-03T15:00:00+00:00,AWS-BHO-030,33.53570227641724,960.2784917999804,82.78518583252327,True,multivariate_inconsistency,high,76.0,MODEL_OVERRIDE,23.6,965.4,49.0,HEALTHY,replay,96.7,45.0
2025-01-03T16:00:00+00:00,AWS-BHO-030,32.635702276417234,960.1020755185054,99.5695030190345,True,multivariate_inconsistency,high,77.1,MODEL_OVERRIDE,22.5,965.1,60.0,HEALTHY,replay,98.0,45.8
2025-01-03T17:00:00+00:00,AWS-BHO-030,29.93570227641724,959.2915094318664,100.0,True,multivariate_inconsistency,high,70.4,FUSED_CONSENSUS,19.3,964.7,69.0,HEALTHY,replay,87.3,45.0
2025-01-03T18:00:00+00:00,AWS-BHO-030,28.53570227641724,959.3835521406896,100.0,True,multivariate_inconsistency,high,70.4,FUSED_CONSENSUS,17.1,965.0,78.0,OFFLINE,replay,87.3,45.0
2025-01-03T19:00:00+00:00,AWS-BHO-030,27.03570227641724,960.481994417941,100.0,True,multivariate_inconsistency,medium,63.4,FUSED_CONSENSUS,15.9,965.4,82.0,OFFLINE,replay,75.7,45.0
2025-01-03T20:00:00+00:00,AWS-BHO-030,16.9,960.3,77.0,False,,low,12.4,NORMAL,14.8,965.8,84.0,OFFLINE,replay,20.7,0.0
2025-01-03T21:00:00+00:00,AWS-BHO-030,16.2,960.2,78.0,False,,low,12.9,NORMAL,13.9,965.7,86.0,OFFLINE,replay,21.4,0.0
2025-01-03T22:00:00+00:00,AWS-BHO-030,15.5,960.2,80.0,False,,low,14.5,NORMAL,13.3,965.6,86.0,HEALTHY,replay,24.1,0.0
2025-01-03T23:00:00+00:00,AWS-BHO-030,14.9,959.6,82.0,False,,low,3.7,NORMAL,12.9,965.0,85.0,OFFLINE,replay,6.1,0.0
2025-01-04T00:00:00+00:00,AWS-BHO-030,14.5,959.0,81.0,False,,low,3.8,NORMAL,12.7,964.4,84.0,OFFLINE,replay,6.4,0.0
2025-01-04T01:00:00+00:00,AWS-BHO-030,14.2,958.2,81.0,False,,low,8.3,NORMAL,12.3,963.7,86.0,OFFLINE,replay,13.8,0.0
2025-01-04T02:00:00+00:00,AWS-BHO-030,13.8,957.7,82.0,False,,low,16.5,NORMAL,11.8,963.1,86.0,HEALTHY,replay,27.5,0.0
2025-01-04T03:00:00+00:00,AWS-BHO-030,13.3,957.2,82.0,False,,low,4.3,NORMAL,11.4,962.8,86.0,WARNING,replay,7.2,0.0
2025-01-04T04:00:00+00:00,AWS-BHO-030,12.8,956.8,83.0,False,,low,2.7,NORMAL,10.9,962.4,86.0,WARNING,replay,4.4,0.0
2025-01-04T05:00:00+00:00,AWS-BHO-030,12.794073122107076,956.9,83.10270681281494,False,,low,2.9,NORMAL,10.5,962.5,85.0,WARNING,replay,4.9,0.0
2025-01-04T06:00:00+00:00,AWS-BHO-030,12.805309193536177,957.7,83.0506747586283,False,,low,2.4,NORMAL,10.6,963.3,87.0,WARNING,replay,4.0,0.0
2025-01-04T07:00:00+00:00,AWS-BHO-030,12.817699072906564,958.6,83.08191458637279,False,,low,0.9,NORMAL,10.4,964.2,85.0,WARNING,replay,1.5,0.0
2025-01-04T08:00:00+00:00,AWS-BHO-030,12.905279343388646,959.8,83.09694846416598,False,,low,0.9,NORMAL,13.4,965.6,79.0,WARNING,replay,1.5,0.0
2025-01-04T09:00:00+00:00,AWS-BHO-030,13.00372358616993,960.9,83.12076652374182,False,,low,2.2,NORMAL,16.9,966.7,73.0,WARNING,replay,3.6,0.0
2025-01-04T10:00:00+00:00,AWS-BHO-030,12.969537052085911,961.6,83.03293049858898,False,,low,1.6,NORMAL,19.7,967.3,63.0,WARNING,replay,2.6,0.0
2025-01-04T11:00:00+00:00,AWS-BHO-030,22.2,961.3,52.0,False,,low,52.4,NORMAL,21.9,966.9,50.0,WARNING,replay,87.4,0.0
2025-01-04T12:00:00+00:00,AWS-BHO-030,23.5,960.2,45.0,False,,low,50.9,NORMAL,23.1,965.8,45.0,WARNING,replay,84.9,0.0
2025-01-04T13:00:00+00:00,AWS-BHO-030,24.2,959.3,43.0,False,,low,20.4,NORMAL,23.8,964.9,44.0,WARNING,replay,34.0,0.0
2025-01-04T14:00:00+00:00,AWS-BHO-030,24.4,958.3,43.0,False,,low,23.6,NORMAL,24.0,963.9,44.0,WARNING,replay,39.3,0.0
2025-01-04T15:00:00+00:00,AWS-BHO-030,24.2,957.8,44.0,False,,low,24.1,NORMAL,23.8,963.4,46.0,WARNING,replay,40.2,0.0
2025-01-04T16:00:00+00:00,AWS-BHO-030,23.2,957.3,52.0,False,,low,24.7,NORMAL,22.8,962.9,67.0,HEALTHY,replay,41.2,0.0
2025-01-04T17:00:00+00:00,AWS-BHO-030,20.7,957.1,67.0,False,,low,16.2,NORMAL,20.0,962.6,70.0,HEALTHY,replay,27.0,0.0
2025-01-04T18:00:00+00:00,AWS-BHO-030,19.2,957.7,72.0,False,,low,9.2,NORMAL,18.0,963.2,76.0,HEALTHY,replay,15.4,0.0
2025-01-04T19:00:00+00:00,AWS-BHO-030,17.8,958.3,77.0,False,,low,2.6,NORMAL,16.8,963.9,80.0,HEALTHY,replay,4.3,0.0
2025-01-04T20:00:00+00:00,AWS-BHO-030,16.4,958.7,82.0,False,,low,9.3,NORMAL,15.8,964.4,82.0,HEALTHY,replay,15.6,0.0
2025-01-04T21:00:00+00:00,AWS-BHO-030,15.3,958.5,86.0,False,,low,9.3,NORMAL,15.1,964.3,83.0,HEALTHY,replay,15.5,0.0
2025-01-04T22:00:00+00:00,AWS-BHO-030,14.8,958.5,,True,dropout,critical,100.0,RULE_ENGINE_BYPASS,14.5,964.2,84.0,HEALTHY,replay,,100.0
2025-01-04T23:00:00+00:00,AWS-BHO-030,14.5,957.9,83.0,False,,low,7.3,NORMAL,13.8,963.6,83.0,HEALTHY,replay,12.2,0.0
2025-01-05T00:00:00+00:00,AWS-BHO-030,14.0,957.2,81.0,False,,low,2.4,NORMAL,12.9,962.8,84.0,HEALTHY,replay,4.0,0.0
2025-01-05T01:00:00+00:00,AWS-BHO-030,13.5,956.6,82.0,False,,low,2.4,NORMAL,12.1,962.3,81.0,HEALTHY,replay,4.0,0.0
2025-01-05T02:00:00+00:00,AWS-BHO-030,13.2,956.1,82.0,False,,low,1.7,NORMAL,11.4,961.6,78.0,HEALTHY,replay,2.8,0.0
2025-01-05T03:00:00+00:00,AWS-BHO-030,12.7,955.9,82.0,False,,low,0.9,NORMAL,11.2,961.4,81.0,HEALTHY,replay,1.4,0.0
2025-01-05T04:00:00+00:00,AWS-BHO-030,12.0,955.7,81.0,False,,low,1.4,NORMAL,11.2,961.4,81.0,HEALTHY,replay,2.3,0.0
2025-01-05T05:00:00+00:00,AWS-BHO-030,11.8,956.0,76.0,False,,low,1.0,NORMAL,11.3,961.7,78.0,HEALTHY,replay,1.6,0.0
2025-01-05T06:00:00+00:00,AWS-BHO-030,13.1,957.0,71.0,False,,low,0.8,NORMAL,11.3,962.5,74.0,HEALTHY,replay,1.4,0.0
2025-01-05T07:00:00+00:00,AWS-BHO-030,13.0,957.5,70.0,False,,low,0.7,NORMAL,12.5,963.1,69.0,HEALTHY,replay,1.2,0.0
2025-01-05T08:00:00+00:00,AWS-BHO-030,14.6,958.6,65.0,False,,low,1.6,NORMAL,14.7,964.4,68.0,HEALTHY,replay,2.7,0.0
2025-01-05T09:00:00+00:00,AWS-BHO-030,17.0,959.8,61.0,False,,low,10.6,NORMAL,17.0,965.6,66.0,HEALTHY,replay,17.6,0.0
2025-01-05T10:00:00+00:00,AWS-BHO-030,19.0,960.0,58.0,False,,low,6.1,NORMAL,19.2,965.9,61.0,HEALTHY,replay,10.2,0.0
2025-01-05T11:00:00+00:00,AWS-BHO-030,21.3,959.7,54.0,False,,low,7.9,NORMAL,21.3,965.2,58.0,HEALTHY,replay,13.1,0.0
2025-01-05T12:00:00+00:00,AWS-BHO-030,22.3,958.9,51.0,False,,low,1.1,NORMAL,22.1,964.5,59.0,HEALTHY,replay,1.8,0.0
2025-01-05T13:00:00+00:00,AWS-BHO-030,22.0,957.9,53.0,False,,low,1.8,NORMAL,22.3,963.6,54.0,HEALTHY,replay,3.0,0.0
2025-01-05T14:00:00+00:00,AWS-BHO-030,21.8,957.1,55.0,False,,low,2.1,NORMAL,22.4,963.0,57.0,HEALTHY,replay,3.5,0.0
2025-01-05T15:00:00+00:00,AWS-BHO-030,21.5,956.6,59.0,False,,low,1.7,NORMAL,21.8,962.5,64.0,HEALTHY,replay,2.9,0.0
2025-01-05T16:00:00+00:00,AWS-BHO-030,20.5,956.0,69.0,False,,low,6.0,NORMAL,20.4,961.7,75.0,HEALTHY,replay,10.0,0.0
2025-01-05T17:00:00+00:00,AWS-BHO-030,19.6,956.2,76.0,False,,low,1.5,NORMAL,19.2,961.5,77.0,HEALTHY,replay,2.5,0.0
2025-01-05T18:00:00+00:00,AWS-BHO-030,18.3,957.0,76.0,False,,low,0.4,NORMAL,18.4,962.4,80.0,HEALTHY,replay,0.7,0.0
2025-01-05T19:00:00+00:00,AWS-BHO-030,24.45649822704445,950.1694952673106,57.923325278634366,True,unstructured_anomaly,critical,97.8,ML_MODEL_ISOLATION,17.3,963.0,82.0,HEALTHY,replay,97.8,0.0
2025-01-05T20:00:00+00:00,AWS-BHO-030,9.824114545868664,965.188199661118,95.0,True,unstructured_anomaly,critical,98.5,ML_MODEL_ISOLATION,16.0,963.1,85.0,HEALTHY,replay,98.5,0.0
2025-01-05T21:00:00+00:00,AWS-BHO-030,9.520554049460124,964.1987163811896,94.30786026203776,True,unstructured_anomaly,critical,96.3,ML_MODEL_ISOLATION,15.1,963.2,84.0,HEALTHY,replay,96.3,0.0
2025-01-05T22:00:00+00:00,AWS-BHO-030,10.290625716769272,965.5041187156512,60.0893450444721,True,multivariate_inconsistency,high,76.3,MODEL_OVERRIDE,14.2,963.1,85.0,HEALTHY,replay,97.2,45.0
2025-01-05T23:00:00+00:00,AWS-BHO-030,8.508017334474538,963.5256748918322,66.90492217318901,True,multivariate_inconsistency,high,75.6,MODEL_OVERRIDE,14.0,962.5,83.0,HEALTHY,replay,96.0,45.0
2025-01-06T00:00:00+00:00,AWS-BHO-030,8.194756355841488,964.6174016744942,95.0,True,unstructured_anomaly,critical,95.8,ML_MODEL_ISOLATION,14.0,962.2,79.0,HEALTHY,replay,95.8,0.0
2025-01-06T01:00:00+00:00,AWS-BHO-030,21.161580561375075,947.31404213707,67.65760976118183,False,,low,44.7,NORMAL,13.5,961.9,80.0,HEALTHY,replay,74.5,0.0
2025-01-06T02:00:00+00:00,AWS-BHO-030,7.373141973347777,962.8083558572408,95.0,True,unstructured_anomaly,critical,99.3,ML_MODEL_ISOLATION,12.9,961.4,83.0,HEALTHY,replay,99.3,0.0
2025-01-06T03:00:00+00:00,AWS-BHO-030,13.6,955.2,85.0,True,unstructured_anomaly,high,88.7,ML_MODEL_ISOLATION,12.2,960.9,83.0,HEALTHY,replay,88.7,0.0
2025-01-06T04:00:00+00:00,AWS-BHO-030,13.1,955.2,82.0,False,,low,42.6,NORMAL,11.9,961.0,84.0,HEALTHY,replay,71.0,0.0
2025-01-06T05:00:00+00:00,AWS-BHO-030,12.7,955.3,81.0,False,,low,9.7,NORMAL,11.7,961.2,84.0,HEALTHY,replay,16.1,0.0
2025-01-06T06:00:00+00:00,AWS-BHO-030,12.7,956.1,83.0,False,,low,15.2,NORMAL,11.7,961.9,81.0,HEALTHY,replay,25.4,0.0
2025-01-06T07:00:00+00:00,AWS-BHO-030,12.9,956.7,82.0,False,,low,1.2,NORMAL,11.9,962.3,82.0,HEALTHY,replay,2.1,0.0
2025-01-06T08:00:00+00:00,AWS-BHO-030,15.1,957.9,76.0,False,,low,2.1,NORMAL,14.7,963.6,80.0,HEALTHY,replay,3.6,0.0
2025-01-06T09:00:00+00:00,AWS-BHO-030,18.2,959.3,70.0,False,,low,31.6,NORMAL,18.1,965.1,71.0,HEALTHY,replay,52.7,0.0
2025-01-06T10:00:00+00:00,AWS-BHO-030,21.2,959.9,60.0,False,,low,44.4,NORMAL,20.9,965.4,62.0,HEALTHY,replay,74.0,0.0
2025-01-06T11:00:00+00:00,AWS-BHO-030,23.3,959.5,50.0,False,,low,32.2,NORMAL,23.0,965.0,55.0,HEALTHY,replay,53.7,0.0
2025-01-06T12:00:00+00:00,AWS-BHO-030,24.5,958.6,48.0,False,,low,11.8,NORMAL,24.2,964.1,50.0,HEALTHY,replay,19.7,0.0
2025-01-06T13:00:00+00:00,AWS-BHO-030,25.2,957.7,46.0,False,,low,13.0,NORMAL,25.0,963.2,47.0,HEALTHY,replay,21.7,0.0
2025-01-06T14:00:00+00:00,AWS-BHO-030,25.5,957.1,43.0,False,,low,9.7,NORMAL,25.2,962.6,47.0,HEALTHY,replay,16.2,0.0
2025-01-06T15:00:00+00:00,AWS-BHO-030,25.2,956.8,44.0,False,,low,6.0,NORMAL,25.0,962.3,48.0,HEALTHY,replay,10.1,0.0
2025-01-06T16:00:00+00:00,AWS-BHO-030,24.4,956.6,49.0,False,,low,4.4,NORMAL,24.1,962.0,60.0,HEALTHY,replay,7.4,0.0
2025-01-06T17:00:00+00:00,AWS-BHO-030,22.5,956.6,61.0450217112411,False,,low,12.0,NORMAL,21.2,961.8,73.0,HEALTHY,replay,19.9,0.0
2025-01-06T18:00:00+00:00,AWS-BHO-030,20.8,957.0,71.14880361000313,False,,low,5.3,NORMAL,19.0,962.3,84.0,HEALTHY,replay,8.8,0.0
2025-01-06T19:00:00+00:00,AWS-BHO-030,19.6,957.5,75.30067562937799,False,,low,2.9,NORMAL,18.1,962.9,87.0,HEALTHY,replay,4.8,0.0
2025-01-06T20:00:00+00:00,AWS-BHO-030,18.5,958.2,80.49591986918969,False,,low,3.1,NORMAL,17.2,963.7,84.0,HEALTHY,replay,5.2,0.0
2025-01-06T21:00:00+00:00,AWS-BHO-030,17.4,958.8,81.73153099613906,False,,low,2.6,NORMAL,16.4,964.2,86.0,HEALTHY,replay,4.3,0.0
2025-01-06T22:00:00+00:00,AWS-BHO-030,16.4,959.1,85.0053378435449,False,,low,3.5,NORMAL,15.3,964.7,89.0,HEALTHY,replay,5.9,0.0
2025-01-06T23:00:00+00:00,AWS-BHO-030,15.5,959.1,91.3156593720948,False,,low,3.3,NORMAL,14.3,964.7,95.0,HEALTHY,replay,5.6,0.0
2025-01-07T00:00:00+00:00,AWS-BHO-030,14.7,969.7135117243122,95.66113485953834,True,drift,high,72.5,RULE_ENGINE_BYPASS,13.5,964.6,97.0,HEALTHY,replay,59.6,91.8
2025-01-07T01:00:00+00:00,AWS-BHO-030,14.0,960.6428562419936,97.04062806296685,False,,low,7.4,NORMAL,13.0,964.6,97.0,HEALTHY,replay,12.4,0.0
2025-01-07T02:00:00+00:00,AWS-BHO-030,13.2,959.183524950401,97.45316806988878,False,,low,3.5,NORMAL,12.4,964.5,97.0,HEALTHY,replay,5.8,0.0
2025-01-07T03:00:00+00:00,AWS-BHO-030,12.5,958.9461233666684,97.8979103615938,False,,low,1.4,NORMAL,11.7,964.7,98.0,HEALTHY,replay,2.4,0.0
2025-01-07T04:00:00+00:00,AWS-BHO-030,11.9,958.9075032724628,98.37410989729386,False,,low,2.4,NORMAL,11.1,964.8,99.0,HEALTHY,replay,4.0,0.0
2025-01-07T05:00:00+00:00,AWS-BHO-030,11.5,959.2,98.88110177837358,False,,low,0.8,NORMAL,11.0,965.2,99.0,HEALTHY,replay,1.4,0.0
2025-01-07T06:00:00+00:00,AWS-BHO-030,10.5,960.3,100.0,False,,low,1.2,NORMAL,10.4,966.3,98.0,HEALTHY,replay,1.9,0.0
2025-01-07T07:00:00+00:00,AWS-BHO-030,10.3,961.0,100.0,False,,low,1.3,NORMAL,9.9,966.8,98.0,HEALTHY,replay,2.2,0.0
2025-01-07T08:00:00+00:00,AWS-BHO-030,11.5,962.2,95.5811067678059,False,,low,3.3,NORMAL,10.7,968.1,93.0,HEALTHY,replay,5.5,0.0
2025-01-07T09:00:00+00:00,AWS-BHO-030,13.5,962.9,87.20578580545543,False,,low,9.5,NORMAL,12.5,968.8,85.0,HEALTHY,replay,15.8,0.0
2025-01-07T10:00:00+00:00,AWS-BHO-030,15.6,962.9,78.8587346802908,False,,low,12.2,NORMAL,14.7,968.7,78.0,HEALTHY,replay,20.3,0.0
2025-01-07T11:00:00+00:00,AWS-BHO-030,17.8,962.3,70.53955978663163,False,,low,8.6,NORMAL,16.6,967.9,73.0,HEALTHY,replay,14.3,0.0
2025-01-07T12:00:00+00:00,AWS-BHO-030,19.5,961.1,63.247893876529474,False,,low,7.4,NORMAL,18.2,966.7,68.0,HEALTHY,replay,12.3,0.0
2025-01-07T13:00:00+00:00,AWS-BHO-030,20.5,959.9,57.98339303779609,False,,low,9.3,NORMAL,19.3,965.7,63.0,HEALTHY,replay,15.6,0.0
2025-01-07T14:00:00+00:00,AWS-BHO-030,20.9,959.0,54.74573414875717,False,,low,7.9,NORMAL,19.9,964.6,56.0,HEALTHY,replay,13.2,0.0
2025-01-07T15:00:00+00:00,AWS-BHO-030,20.8,958.5,56.53461271586608,False,,low,3.3,NORMAL,19.8,964.1,56.0,HEALTHY,replay,5.5,0.0
2025-01-07T16:00:00+00:00,AWS-BHO-030,20.1,958.2,60.34974102214566,False,,low,1.8,NORMAL,19.2,963.9,59.0,HEALTHY,replay,2.9,0.0
2025-01-07T17:00:00+00:00,AWS-BHO-030,18.3,958.1,74.19084653046656,False,,low,11.9,NORMAL,16.8,963.5,75.0,HEALTHY,replay,19.8,0.0
2025-01-07T18:00:00+00:00,AWS-BHO-030,16.8,958.7,87.05767049762986,False,,low,22.9,NORMAL,14.7,964.1,81.0,HEALTHY,replay,38.2,0.0
2025-01-07T19:00:00+00:00,AWS-BHO-030,15.6,959.0,89.94996676425767,False,,low,4.0,NORMAL,13.9,964.4,83.0,HEALTHY,replay,6.6,0.0
2025-01-07T20:00:00+00:00,AWS-BHO-030,14.8,959.4,85.86750069240613,False,,low,1.8,NORMAL,12.8,964.8,87.0,HEALTHY,replay,3.0,0.0
2025-01-07T21:00:00+00:00,AWS-BHO-030,13.8,959.9,88.81004822815888,False,,low,0.9,NORMAL,12.2,965.3,91.0,HEALTHY,replay,1.4,0.0
2025-01-07T22:00:00+00:00,AWS-BHO-030,12.7,959.8,95.77739507063544,False,,low,1.2,NORMAL,11.6,965.4,91.0,HEALTHY,replay,2.1,0.0
2025-01-07T23:00:00+00:00,AWS-BHO-030,11.7,959.0,100.0,False,,low,1.4,NORMAL,10.5,964.7,92.0,HEALTHY,replay,2.4,0.0
2025-01-08T00:00:00+00:00,AWS-BHO-030,11.0,958.5,100.0,False,,low,0.6,NORMAL,9.7,964.3,93.0,HEALTHY,replay,1.0,0.0
2025-01-08T01:00:00+00:00,AWS-BHO-030,10.3,957.9,100.0,False,,low,0.8,NORMAL,9.0,963.7,95.0,HEALTHY,replay,1.4,0.0
2025-01-08T02:00:00+00:00,AWS-BHO-030,9.8,957.3,100.0,False,,low,0.6,NORMAL,8.4,963.1,97.0,HEALTHY,replay,1.0,0.0
2025-01-08T03:00:00+00:00,AWS-BHO-030,9.3,957.2,100.0,False,,low,0.4,NORMAL,7.6,963.0,98.0,HEALTHY,replay,0.7,0.0
2025-01-08T04:00:00+00:00,AWS-BHO-030,8.6,957.2,95.0,False,,low,0.5,NORMAL,7.2,963.0,99.0,HEALTHY,replay,0.8,0.0
2025-01-08T05:00:00+00:00,AWS-BHO-030,7.8,957.4,97.0,False,,low,0.5,NORMAL,6.9,963.3,100.0,HEALTHY,replay,0.8,0.0
2025-01-08T06:00:00+00:00,AWS-BHO-030,7.7,958.2,98.0,False,,low,0.6,NORMAL,6.4,963.7,100.0,HEALTHY,replay,0.9,0.0
2025-01-08T07:00:00+00:00,AWS-BHO-030,7.7,959.1,99.0,False,,low,0.5,NORMAL,7.2,964.6,100.0,HEALTHY,replay,0.8,0.0
2025-01-08T08:00:00+00:00,AWS-BHO-030,9.5,960.6,94.0,False,,low,3.0,NORMAL,8.2,966.2,97.0,HEALTHY,replay,5.0,0.0
2025-01-08T09:00:00+00:00,AWS-BHO-030,12.4,961.9,82.0,False,,low,10.5,NORMAL,10.4,967.6,92.0,HEALTHY,replay,17.4,0.0
2025-01-08T10:00:00+00:00,AWS-BHO-030,14.9,962.0,67.0,False,,low,13.7,NORMAL,13.6,967.8,79.0,HEALTHY,replay,22.8,0.0
2025-01-08T11:00:00+00:00,AWS-BHO-030,16.8,961.4,57.0,False,,low,3.9,NORMAL,15.7,967.1,66.0,HEALTHY,replay,6.5,0.0
2025-01-08T12:00:00+00:00,AWS-BHO-030,18.2,960.4,51.0,False,,low,1.9,NORMAL,17.1,966.1,59.0,HEALTHY,replay,3.2,0.0
2025-01-08T13:00:00+00:00,AWS-BHO-030,19.2,959.5,49.0,False,,low,1.3,NORMAL,18.2,965.2,54.0,HEALTHY,replay,2.2,0.0
2025-01-08T14:00:00+00:00,AWS-BHO-030,19.8,958.8,47.0,False,,low,1.5,NORMAL,18.7,964.5,52.0,HEALTHY,replay,2.4,0.0
2025-01-08T15:00:00+00:00,AWS-BHO-030,20.0,958.5,47.0,False,,low,0.5,NORMAL,18.7,964.2,51.0,HEALTHY,replay,0.8,0.0
2025-01-08T16:00:00+00:00,AWS-BHO-030,19.7,958.4,47.0,False,,low,0.3,NORMAL,17.8,964.2,55.0,HEALTHY,replay,0.6,0.0
2025-01-08T17:00:00+00:00,AWS-BHO-030,17.8,958.5,64.0,False,,low,1.2,NORMAL,15.0,963.9,70.0,HEALTHY,replay,2.0,0.0
2025-01-08T18:00:00+00:00,AWS-BHO-030,10.063327067121518,966.8627568196692,51.39345868551075,True,multivariate_inconsistency,high,77.3,MODEL_OVERRIDE,13.6,963.9,79.0,HEALTHY,replay,98.9,45.0
2025-01-08T19:00:00+00:00,AWS-BHO-030,20.82065315275609,951.1419736187228,57.87484117070979,True,unstructured_anomaly,high,89.6,ML_MODEL_ISOLATION,12.0,964.4,82.0,HEALTHY,replay,89.6,0.0
2025-01-08T20:00:00+00:00,AWS-BHO-030,19.92067865320825,951.807959470065,95.0,True,multivariate_inconsistency,high,74.2,MODEL_OVERRIDE,11.1,964.8,82.0,HEALTHY,replay,93.6,45.0
2025-01-08T21:00:00+00:00,AWS-BHO-030,19.93100281588821,952.001734454234,65.20600081747043,False,,low,48.6,NORMAL,10.5,964.8,83.0,HEALTHY,replay,80.9,0.0
2025-01-08T22:00:00+00:00,AWS-BHO-030,18.892684427029625,951.1204087007408,95.0,True,multivariate_inconsistency,high,73.0,MODEL_OVERRIDE,10.0,964.7,84.0,HEALTHY,replay,91.6,45.0
2025-01-08T23:00:00+00:00,AWS-BHO-030,11.2,958.8,83.0,True,unstructured_anomaly,critical,94.0,ML_MODEL_ISOLATION,9.6,964.3,89.0,HEALTHY,replay,94.0,0.0
2025-01-09T00:00:00+00:00,AWS-BHO-030,10.7,958.5,83.0,False,,low,43.5,NORMAL,9.4,964.0,90.0,HEALTHY,replay,72.5,0.0
2025-01-09T01:00:00+00:00,AWS-BHO-030,10.4,958.1,82.0,False,,low,2.5,NORMAL,9.0,963.7,89.0,HEALTHY,replay,4.2,0.0
2025-01-09T02:00:00+00:00,AWS-BHO-030,10.2,957.8,81.0,False,,low,9.3,NORMAL,8.5,963.4,88.0,HEALTHY,replay,15.4,0.0
2025-01-09T03:00:00+00:00,AWS-BHO-030,10.4,957.4,76.0,False,,low,1.9,NORMAL,8.1,962.9,87.0,HEALTHY,replay,3.1,0.0
2025-01-09T04:00:00+00:00,AWS-BHO-030,9.8,957.4,76.0,False,,low,0.7,NORMAL,8.0,963.0,87.0,HEALTHY,replay,1.1,0.0
2025-01-09T05:00:00+00:00,AWS-BHO-030,9.1,957.7,77.0,False,,low,0.9,NORMAL,8.0,963.5,88.0,HEALTHY,replay,1.4,0.0
2025-01-09T06:00:00+00:00,AWS-BHO-030,8.7,958.7,80.0,False,,low,0.7,NORMAL,7.9,964.4,92.0,HEALTHY,replay,1.2,0.0
2025-01-09T07:00:00+00:00,AWS-BHO-030,9.1,959.7,84.0,False,,low,1.3,NORMAL,8.3,965.3,93.0,HEALTHY,replay,2.2,0.0
2025-01-09T08:00:00+00:00,AWS-BHO-030,11.3,961.1,82.0,False,,low,10.6,NORMAL,11.7,966.9,84.0,HEALTHY,replay,17.7,0.0
2025-01-09T09:00:00+00:00,AWS-BHO-030,14.4,962.3,72.0,False,,low,48.2,NORMAL,14.8,968.2,74.0,HEALTHY,replay,80.4,0.0
2025-01-09T10:00:00+00:00,AWS-BHO-030,17.3,962.4,60.0,False,,low,43.3,NORMAL,17.3,968.3,65.0,HEALTHY,replay,72.2,0.0
2025-01-09T11:00:00+00:00,AWS-BHO-030,19.4,961.8,50.0,False,,low,32.2,NORMAL,19.2,967.6,55.0,HEALTHY,replay,53.7,0.0
2025-01-09T12:00:00+00:00,AWS-BHO-030,20.8,960.7,45.0,False,,low,18.0,NORMAL,20.5,966.5,48.0,HEALTHY,replay,29.9,0.0
2025-01-09T13:00:00+00:00,AWS-BHO-030,21.7,960.0,41.0,False,,low,13.3,NORMAL,21.3,965.6,44.0,HEALTHY,replay,22.2,0.0
2025-01-09T14:00:00+00:00,AWS-BHO-030,22.2,959.1,40.92741028429354,False,,low,17.0,NORMAL,21.7,964.8,42.0,HEALTHY,replay,28.4,0.0
2025-01-09T15:00:00+00:00,AWS-BHO-030,22.1,958.8,40.871239736395786,False,,low,12.0,NORMAL,21.6,964.5,42.0,HEALTHY,replay,20.0,0.0
2025-01-09T16:00:00+00:00,AWS-BHO-030,21.5,958.8,40.81639336534621,False,,low,5.1,NORMAL,20.7,964.3,54.0,HEALTHY,replay,8.6,0.0
2025-01-09T17:00:00+00:00,AWS-BHO-030,19.6,958.8,40.753745187886125,False,,low,1.5,NORMAL,17.8,964.2,66.0,HEALTHY,replay,2.4,0.0
2025-01-09T18:00:00+00:00,AWS-BHO-030,17.9,959.4,40.81711605160114,False,,low,0.8,NORMAL,16.2,964.9,74.0,HEALTHY,replay,1.4,0.0
2025-01-09T19:00:00+00:00,AWS-BHO-030,16.7,959.9,40.814184700868616,False,,low,1.4,NORMAL,15.3,965.3,74.0,HEALTHY,replay,2.3,0.0
2025-01-09T20:00:00+00:00,AWS-BHO-030,15.8,960.5,40.90915930092654,False,,low,2.4,NORMAL,14.3,966.0,75.0,HEALTHY,replay,3.9,0.0
2025-01-09T21:00:00+00:00,AWS-BHO-030,14.9,961.2,73.0,True,multivariate_inconsistency,low,46.4,FUSED_CONSENSUS,12.9,966.4,81.0,HEALTHY,replay,47.3,45.0
2025-01-09T22:00:00+00:00,AWS-BHO-030,14.0,961.3,76.0,True,multivariate_inconsistency,medium,58.9,FUSED_CONSENSUS,11.5,966.7,81.0,HEALTHY,replay,68.2,45.0
2025-01-09T23:00:00+00:00,AWS-BHO-030,13.1,961.0,77.0,True,multivariate_inconsistency,medium,64.9,FUSED_CONSENSUS,10.6,966.4,77.0,HEALTHY,replay,78.2,45.0
2025-01-10T00:00:00+00:00,AWS-BHO-030,12.5,960.6,74.0,True,multivariate_inconsistency,medium,56.4,FUSED_CONSENSUS,10.1,966.2,76.0,HEALTHY,replay,64.0,45.0
2025-01-10T01:00:00+00:00,AWS-BHO-030,12.2,960.2,69.0,False,,low,27.6,NORMAL,10.0,965.7,77.0,HEALTHY,replay,46.0,0.0
2025-01-10T02:00:00+00:00,AWS-BHO-030,11.9,959.9,68.0,False,,low,2.0,NORMAL,10.0,965.4,78.0,HEALTHY,replay,3.3,0.0
2025-01-10T03:00:00+00:00,AWS-BHO-030,11.6,959.6,70.0,False,,low,1.9,NORMAL,10.0,965.2,78.0,HEALTHY,replay,3.1,0.0
2025-01-10T04:00:00+00:00,AWS-BHO-030,11.2,959.3,74.0,False,,low,0.2,NORMAL,9.6,964.9,81.0,HEALTHY,replay,0.3,0.0
2025-01-10T05:00:00+00:00,AWS-BHO-030,10.8,959.5,76.0,False,,low,0.2,NORMAL,8.9,965.0,84.0,HEALTHY,replay,0.4,0.0
2025-01-10T06:00:00+00:00,AWS-BHO-030,10.3,960.2,80.0,False,,low,0.3,NORMAL,8.7,965.7,85.0,HEALTHY,replay,0.5,0.0
2025-01-10T07:00:00+00:00,AWS-BHO-030,10.3,960.9,80.0,False,,low,0.3,NORMAL,9.3,966.6,83.0,HEALTHY,replay,0.4,0.0
2025-01-10T08:00:00+00:00,AWS-BHO-030,12.0,962.1,74.0,False,,low,0.9,NORMAL,12.1,968.1,77.0,HEALTHY,replay,1.6,0.0
2025-01-10T09:00:00+00:00,AWS-BHO-030,15.0,963.4,62.0,False,,low,27.5,NORMAL,15.1,969.3,68.0,HEALTHY,replay,45.9,0.0
2025-01-10T10:00:00+00:00,AWS-BHO-030,18.0,963.8,53.0,False,,low,22.0,NORMAL,17.5,969.5,61.0,HEALTHY,replay,36.6,0.0
2025-01-10T11:00:00+00:00,AWS-BHO-030,20.6,963.3,44.0,False,,low,17.2,NORMAL,19.7,968.9,55.0,HEALTHY,replay,28.7,0.0
2025-01-10T12:00:00+00:00,AWS-BHO-030,22.1,962.2,38.0,False,,low,15.0,NORMAL,21.3,967.9,51.0,HEALTHY,replay,25.0,0.0
2025-01-10T13:00:00+00:00,AWS-BHO-030,22.9,961.4,0.0841357206087758,True,unstructured_anomaly,high,89.3,ML_MODEL_ISOLATION,22.3,967.0,45.0,HEALTHY,replay,89.3,0.0
2025-01-10T14:00:00+00:00,AWS-BHO-030,23.2,960.5,-0.0221802979271027,True,physical_bounds,critical,95.7,RULE_ENGINE_BYPASS,22.8,966.2,43.0,HEALTHY,replay,92.9,100.0
2025-01-10T15:00:00+00:00,AWS-BHO-030,23.1,959.8,0.0281082948381588,True,unstructured_anomaly,high,88.0,ML_MODEL_ISOLATION,22.9,965.5,43.0,HEALTHY,replay,88.0,0.0
2025-01-10T16:00:00+00:00,AWS-BHO-030,22.4,959.6,-0.0778243036829805,True,physical_bounds,critical,94.3,RULE_ENGINE_BYPASS,22.2,965.2,48.0,WARNING,replay,90.5,100.0
2025-01-10T17:00:00+00:00,AWS-BHO-030,20.5,959.3,53.0,False,,low,31.5,NORMAL,19.5,964.6,62.0,WARNING,replay,52.4,0.0
2025-01-10T18:00:00+00:00,AWS-BHO-030,19.2,959.1,57.0,False,,low,1.0,NORMAL,17.1,964.5,66.0,WARNING,replay,1.7,0.0
2025-01-10T19:00:00+00:00,AWS-BHO-030,18.2,959.4,59.0,False,,low,1.0,NORMAL,15.4,964.8,73.0,WARNING,replay,1.7,0.0
2025-01-10T20:00:00+00:00,AWS-BHO-030,17.2,959.8,61.0,False,,low,0.3,NORMAL,14.2,965.0,79.0,WARNING,replay,0.5,0.0
2025-01-10T21:00:00+00:00,AWS-BHO-030,16.0,960.3,66.0,False,,low,0.3,NORMAL,13.3,965.6,82.0,WARNING,replay,0.6,0.0
2025-01-10T22:00:00+00:00,AWS-BHO-030,14.7,960.4,75.0,False,,low,3.1,NORMAL,12.8,965.9,77.0,HEALTHY,replay,5.1,0.0
2025-01-10T23:00:00+00:00,AWS-BHO-030,13.8,959.9,81.0,False,,low,1.8,NORMAL,12.5,965.5,75.0,HEALTHY,replay,2.9,0.0
2025-01-11T00:00:00+00:00,AWS-BHO-030,14.0,959.5,77.0,False,,low,0.6,NORMAL,13.0,965.2,76.0,HEALTHY,replay,1.0,0.0
2025-01-11T01:00:00+00:00,AWS-BHO-030,13.9,959.3,73.0,False,,low,0.4,NORMAL,13.0,964.9,79.0,HEALTHY,replay,0.6,0.0
2025-01-11T02:00:00+00:00,AWS-BHO-030,13.4,958.7,76.0,False,,low,0.3,NORMAL,12.5,964.4,81.0,HEALTHY,replay,0.5,0.0
2025-01-11T03:00:00+00:00,AWS-BHO-030,12.8,958.4,79.0,False,,low,0.3,NORMAL,11.9,964.0,84.0,HEALTHY,replay,0.5,0.0
2025-01-11T04:00:00+00:00,AWS-BHO-030,12.4,958.4,82.0,False,,low,0.5,NORMAL,11.2,963.9,84.0,HEALTHY,replay,0.8,0.0
2025-01-11T05:00:00+00:00,AWS-BHO-030,12.0,958.4,83.0,False,,low,0.3,NORMAL,11.1,964.0,82.0,HEALTHY,replay,0.4,0.0
2025-01-11T06:00:00+00:00,AWS-BHO-030,11.6,959.0,84.0,False,,low,0.2,NORMAL,10.9,964.7,81.0,HEALTHY,replay,0.4,0.0
2025-01-11T07:00:00+00:00,AWS-BHO-030,11.6,959.4,83.0,False,,low,0.2,NORMAL,11.1,965.2,81.0,HEALTHY,replay,0.3,0.0
2025-01-11T08:00:00+00:00,AWS-BHO-030,13.7,,74.0,True,dropout,critical,100.0,RULE_ENGINE_BYPASS,13.8,966.6,74.0,HEALTHY,replay,,100.0
2025-01-11T09:00:00+00:00,AWS-BHO-030,16.8,961.6,63.0,False,,low,24.7,NORMAL,16.7,967.4,68.0,HEALTHY,replay,41.2,0.0
2025-01-11T10:00:00+00:00,AWS-BHO-030,19.9,962.1,53.0,False,,low,31.7,NORMAL,19.3,967.8,59.0,HEALTHY,replay,52.9,0.0
2025-01-11T11:00:00+00:00,AWS-BHO-030,22.1,961.4,49.0,False,,low,14.9,NORMAL,21.8,967.2,52.0,HEALTHY,replay,24.9,0.0
2025-01-11T12:00:00+00:00,AWS-BHO-030,23.5,960.4,48.0,False,,low,8.8,NORMAL,23.4,966.0,48.0,HEALTHY,replay,14.6,0.0
2025-01-11T13:00:00+00:00,AWS-BHO-030,24.4,959.4,45.0,False,,low,15.9,NORMAL,24.2,965.0,46.0,HEALTHY,replay,26.4,0.0
2025-01-11T14:00:00+00:00,AWS-BHO-030,25.0,958.5,43.0,False,,low,18.4,NORMAL,24.5,964.1,45.0,HEALTHY,replay,30.7,0.0
2025-01-11T15:00:00+00:00,AWS-BHO-030,25.2,957.9,42.0,False,,low,10.2,NORMAL,24.5,963.6,45.0,HEALTHY,replay,17.0,0.0
2025-01-11T16:00:00+00:00,AWS-BHO-030,24.5,957.8,45.0,False,,low,3.7,NORMAL,23.9,963.5,50.0,HEALTHY,replay,6.2,0.0
2025-01-11T17:00:00+00:00,AWS-BHO-030,23.0,957.6,55.0,False,,low,3.3,NORMAL,21.1,963.0,64.0,HEALTHY,replay,5.5,0.0
2025-01-11T18:00:00+00:00,AWS-BHO-030,20.4,957.6,71.0,False,,low,4.3,NORMAL,18.9,962.9,69.0,HEALTHY,replay,7.1,0.0
2025-01-11T19:00:00+00:00,AWS-BHO-030,19.5,958.1,71.0,False,,low,0.7,NORMAL,17.6,963.5,73.0,HEALTHY,replay,1.1,0.0
2025-01-11T20:00:00+00:00,AWS-BHO-030,18.4,958.6,75.0,False,,low,0.2,NORMAL,17.3,964.0,73.0,HEALTHY,replay,0.3,0.0
2025-01-11T21:00:00+00:00,AWS-BHO-030,18.2,959.0,74.0,False,,low,0.1,NORMAL,16.8,964.4,73.0,HEALTHY,replay,0.2,0.0
2025-01-11T22:00:00+00:00,AWS-BHO-030,17.8,959.1,73.0,False,,low,0.1,NORMAL,16.4,964.5,73.0,HEALTHY,replay,0.2,0.0
2025-01-11T23:00:00+00:00,AWS-BHO-030,17.4,958.9,74.0,False,,low,0.3,NORMAL,16.3,964.4,75.0,HEALTHY,replay,0.5,0.0
2025-01-12T00:00:00+00:00,AWS-BHO-030,16.7,958.6,76.0,False,,low,0.3,NORMAL,16.2,964.1,77.0,HEALTHY,replay,0.6,0.0
2025-01-12T01:00:00+00:00,AWS-BHO-030,16.7,958.4,75.0,False,,low,0.7,NORMAL,15.6,964.0,84.0,HEALTHY,replay,1.1,0.0
2025-01-12T02:00:00+00:00,AWS-BHO-030,21.629860315812024,951.1707965980498,60.49198321295587,True,unstructured_anomaly,critical,95.9,ML_MODEL_ISOLATION,15.1,963.7,85.0,HEALTHY,replay,95.9,0.0
2025-01-12T03:00:00+00:00,AWS-BHO-030,22.653913744670973,951.0133291742349,66.92500007085629,True,unstructured_anomaly,critical,94.3,ML_MODEL_ISOLATION,14.9,963.7,86.0,HEALTHY,replay,94.3,0.0
2025-01-12T04:00:00+00:00,AWS-BHO-030,9.8291885204171,965.6727182564688,95.0,False,,low,51.6,NORMAL,14.6,963.9,90.0,HEALTHY,replay,86.0,0.0
2025-01-12T05:00:00+00:00,AWS-BHO-030,22.6333800140089,951.7963328757291,95.0,True,multivariate_inconsistency,high,75.9,MODEL_OVERRIDE,14.4,964.1,90.0,HEALTHY,replay,96.6,45.0
2025-01-12T06:00:00+00:00,AWS-BHO-030,9.258659932930406,967.8387117206952,95.0,True,drift,high,71.4,RULE_ENGINE_BYPASS,14.7,965.0,92.0,HEALTHY,replay,58.6,90.6
2025-01-12T07:00:00+00:00,AWS-BHO-030,21.276505158962184,953.3325677751196,76.46911793979339,True,multivariate_inconsistency,high,73.4,MODEL_OVERRIDE,15.0,965.8,92.0,HEALTHY,replay,92.3,45.0
2025-01-12T08:00:00+00:00,AWS-BHO-030,16.8,961.0,89.0,False,multivariate_inconsistency,low,41.6,NORMAL,16.3,966.6,88.0,HEALTHY,replay,39.4,45.0
2025-01-12T09:00:00+00:00,AWS-BHO-030,19.2,962.1,75.0,False,,low,24.9,NORMAL,18.2,967.8,82.0,HEALTHY,replay,41.5,0.0
2025-01-12T10:00:00+00:00,AWS-BHO-030,21.1,962.4,65.0,False,,low,25.4,NORMAL,20.1,968.1,72.0,HEALTHY,replay,42.3,0.0
2025-01-12T11:00:00+00:00,AWS-BHO-030,22.5,961.8,58.0,False,,low,16.7,NORMAL,21.5,967.4,68.0,HEALTHY,replay,27.9,0.0
2025-01-12T12:00:00+00:00,AWS-BHO-030,23.7,960.9,51.0,False,,low,14.1,NORMAL,22.6,966.4,63.0,HEALTHY,replay,23.4,0.0
2025-01-12T13:00:00+00:00,AWS-BHO-030,24.2,959.6,48.0,False,,low,20.1,NORMAL,23.1,965.3,62.0,HEALTHY,replay,33.5,0.0
2025-01-12T14:00:00+00:00,AWS-BHO-030,24.3,959.0,46.0,False,,low,10.8,NORMAL,22.9,964.5,61.0,HEALTHY,replay,17.9,0.0
2025-01-12T15:00:00+00:00,AWS-BHO-030,24.4,958.6,43.0,False,,low,6.6,NORMAL,22.6,964.3,60.0,HEALTHY,replay,11.0,0.0
2025-01-12T16:00:00+00:00,AWS-BHO-030,24.0,958.8,43.0,False,,low,0.8,NORMAL,22.4,964.5,58.0,HEALTHY,replay,1.3,0.0
2025-01-12T17:00:00+00:00,AWS-BHO-030,22.6,958.9,48.0,False,,low,0.4,NORMAL,20.5,964.3,72.0,HEALTHY,replay,0.7,0.0
2025-01-12T18:00:00+00:00,AWS-BHO-030,20.1,959.9,60.0,False,,low,3.9,NORMAL,17.6,965.2,87.0,HEALTHY,replay,6.5,0.0
2025-01-12T19:00:00+00:00,AWS-BHO-030,18.5,960.5,65.0,False,,low,4.7,NORMAL,16.4,965.6,91.0,HEALTHY,replay,7.8,0.0
2025-01-12T20:00:00+00:00,AWS-BHO-030,17.0,961.0,69.0,False,,low,5.8,NORMAL,15.5,966.3,88.0,HEALTHY,replay,9.6,0.0
2025-01-12T21:00:00+00:00,AWS-BHO-030,15.7,961.5,72.0,False,,low,7.0,NORMAL,14.5,966.8,77.0,HEALTHY,replay,11.7,0.0
2025-01-12T22:00:00+00:00,AWS-BHO-030,14.8,961.5,75.0,False,,low,4.5,NORMAL,13.6,967.0,80.0,HEALTHY,replay,7.5,0.0
2025-01-12T23:00:00+00:00,AWS-BHO-030,14.0,949.0227927569316,79.0,True,spike,medium,56.0,FUSED_CONSENSUS,12.5,966.4,85.0,HEALTHY,replay,71.6,32.6
2025-01-13T00:00:00+00:00,AWS-BHO-030,13.4,954.7030141612756,82.0,False,,low,42.1,NORMAL,11.7,966.0,90.0,HEALTHY,replay,70.1,0.0
2025-01-13T01:00:00+00:00,AWS-BHO-030,12.7,957.3674007464537,84.0,False,,low,12.0,NORMAL,11.4,965.7,93.0,HEALTHY,replay,20.0,0.0
2025-01-13T02:00:00+00:00,AWS-BHO-030,12.0,959.7,86.0,False,,low,5.3,NORMAL,10.9,965.3,94.0,HEALTHY,replay,8.8,0.0
2025-01-13T03:00:00+00:00,AWS-BHO-030,11.5,959.4,86.0,False,,low,3.6,NORMAL,10.2,965.2,94.0,HEALTHY,replay,6.0,0.0
2025-01-13T04:00:00+00:00,AWS-BHO-030,11.1,959.4,87.0,False,,low,2.1,NORMAL,9.8,965.2,94.0,HEALTHY,replay,3.5,0.0
2025-01-13T05:00:00+00:00,AWS-BHO-030,10.8,959.7,90.0,False,,low,2.0,NORMAL,9.5,965.4,96.0,HEALTHY,replay,3.3,0.0
2025-01-13T06:00:00+00:00,AWS-BHO-030,10.1,960.4,93.0,False,,low,2.5,NORMAL,8.8,966.0,97.0,HEALTHY,replay,4.2,0.0
2025-01-13T07:00:00+00:00,AWS-BHO-030,10.1,960.8,95.0,False,,low,2.9,NORMAL,9.0,966.6,98.0,HEALTHY,replay,4.8,0.0
2025-01-13T08:00:00+00:00,AWS-BHO-030,11.9,961.8,87.0,False,,low,2.1,NORMAL,11.3,967.9,92.0,HEALTHY,replay,3.6,0.0
2025-01-13T09:00:00+00:00,AWS-BHO-030,21.125203951776847,962.6844935977072,100.0,True,multivariate_inconsistency,medium,57.1,FUSED_CONSENSUS,13.4,968.5,86.0,HEALTHY,replay,65.2,45.0
2025-01-13T10:00:00+00:00,AWS-BHO-030,23.225203951776848,962.2634152735912,100.0,True,multivariate_inconsistency,medium,66.1,FUSED_CONSENSUS,15.2,968.6,80.0,HEALTHY,replay,80.2,45.0
2025-01-13T11:00:00+00:00,AWS-BHO-030,24.725203951776848,962.8629779995856,89.3690788844464,True,multivariate_inconsistency,low,47.4,FUSED_CONSENSUS,16.8,968.1,70.0,HEALTHY,replay,49.0,45.0
2025-01-13T12:00:00+00:00,AWS-BHO-030,19.2,961.0,50.0,False,,low,27.1,NORMAL,17.8,966.6,63.0,HEALTHY,replay,45.2,0.0
2025-01-13T13:00:00+00:00,AWS-BHO-030,20.0,959.7,45.0,False,,low,11.6,NORMAL,18.5,965.3,58.0,HEALTHY,replay,19.3,0.0
2025-01-13T14:00:00+00:00,AWS-BHO-030,20.4,959.0,43.0,False,,low,9.6,NORMAL,18.9,964.7,55.0,HEALTHY,replay,16.0,0.0
2025-01-13T15:00:00+00:00,AWS-BHO-030,20.3,958.6,44.0,False,,low,3.5,NORMAL,18.9,964.3,55.0,HEALTHY,replay,5.9,0.0
2025-01-13T16:00:00+00:00,AWS-BHO-030,19.5,958.7,47.0,False,,low,3.6,NORMAL,18.4,964.4,57.0,HEALTHY,replay,5.9,0.0
2025-01-13T17:00:00+00:00,AWS-BHO-030,17.8,958.7,54.0,False,,low,2.7,NORMAL,16.3,964.3,68.0,HEALTHY,replay,4.5,0.0
2025-01-13T18:00:00+00:00,AWS-BHO-030,15.8,959.5,67.0,False,,low,7.3,NORMAL,14.2,964.9,78.0,HEALTHY,replay,12.2,0.0
2025-01-13T19:00:00+00:00,AWS-BHO-030,14.8,959.8,73.0,False,,low,3.0,NORMAL,13.3,965.2,83.0,HEALTHY,replay,5.0,0.0
2025-01-13T20:00:00+00:00,AWS-BHO-030,14.0,960.2,76.0,False,,low,2.2,NORMAL,12.6,965.7,86.0,HEALTHY,replay,3.7,0.0
2025-01-13T21:00:00+00:00,AWS-BHO-030,13.6,960.3,78.0,False,,low,1.3,NORMAL,11.8,965.7,90.0,HEALTHY,replay,2.2,0.0
2025-01-13T22:00:00+00:00,AWS-BHO-030,13.2,960.3,81.0,False,,low,1.0,NORMAL,11.0,965.7,94.0,HEALTHY,replay,1.7,0.0
2025-01-13T23:00:00+00:00,AWS-BHO-030,12.7,959.7,84.0,False,,low,0.8,NORMAL,10.5,965.2,95.0,HEALTHY,replay,1.3,0.0
2025-01-14T00:00:00+00:00,AWS-BHO-030,11.9,959.3,89.0,False,,low,0.7,NORMAL,9.8,964.7,96.0,HEALTHY,replay,1.2,0.0
2025-01-14T01:00:00+00:00,AWS-BHO-030,11.2,959.3,93.0,False,,low,1.4,NORMAL,9.2,964.6,96.0,HEALTHY,replay,2.3,0.0
2025-01-14T02:00:00+00:00,AWS-BHO-030,10.6,958.6,94.0,False,,low,0.8,NORMAL,8.8,964.0,97.0,HEALTHY,replay,1.4,0.0
2025-01-14T03:00:00+00:00,AWS-BHO-030,10.2,958.3,94.0,False,,low,0.5,NORMAL,8.4,963.8,97.0,HEALTHY,replay,0.9,0.0
2025-01-14T04:00:00+00:00,AWS-BHO-030,9.8,958.2,94.0,False,,low,0.3,NORMAL,7.9,963.7,97.0,HEALTHY,replay,0.5,0.0
2025-01-14T05:00:00+00:00,AWS-BHO-030,9.8,958.6,94.0,False,,low,0.4,NORMAL,7.9,964.1,97.0,HEALTHY,replay,0.6,0.0
2025-01-14T06:00:00+00:00,AWS-BHO-030,9.3,960.2,95.0,False,,low,0.7,NORMAL,7.4,965.6,99.0,HEALTHY,replay,1.2,0.0
2025-01-14T07:00:00+00:00,AWS-BHO-030,9.2,960.7,96.0,False,,low,0.6,NORMAL,8.0,966.3,98.0,HEALTHY,replay,0.9,0.0
2025-01-14T08:00:00+00:00,AWS-BHO-030,11.4,961.5,85.0,False,,low,1.6,NORMAL,11.1,967.4,88.0,HEALTHY,replay,2.6,0.0
2025-01-14T09:00:00+00:00,AWS-BHO-030,14.5,962.6,71.0,False,,low,31.6,NORMAL,14.3,968.5,78.0,HEALTHY,replay,52.6,0.0
2025-01-14T10:00:00+00:00,AWS-BHO-030,17.1,963.1,62.0,False,,low,32.7,NORMAL,17.1,968.9,68.0,HEALTHY,replay,54.5,0.0
2025-01-14T11:00:00+00:00,AWS-BHO-030,19.2,962.7,55.0,False,,low,11.2,NORMAL,19.0,968.4,63.0,HEALTHY,replay,18.7,0.0
2025-01-14T12:00:00+00:00,AWS-BHO-030,20.8,961.4,51.0,False,,low,1.1,NORMAL,20.2,967.0,60.0,HEALTHY,replay,1.9,0.0
2025-01-14T13:00:00+00:00,AWS-BHO-030,21.9,960.4,50.0,False,,low,1.8,NORMAL,21.0,966.0,59.0,HEALTHY,replay,2.9,0.0
2025-01-14T14:00:00+00:00,AWS-BHO-030,22.4,959.4,51.0,False,,low,1.5,NORMAL,21.4,965.2,58.0,HEALTHY,replay,2.5,0.0
2025-01-14T15:00:00+00:00,AWS-BHO-030,22.4,959.1,53.0,False,,low,0.6,NORMAL,21.4,964.9,59.0,HEALTHY,replay,1.0,0.0
2025-01-14T16:00:00+00:00,AWS-BHO-030,21.8,959.4,56.0,False,,low,0.4,NORMAL,21.0,965.0,61.0,HEALTHY,replay,0.7,0.0
2025-01-14T17:00:00+00:00,AWS-BHO-030,20.5,959.7,62.0,False,,low,0.7,NORMAL,18.6,965.1,74.0,HEALTHY,replay,1.2,0.0
2025-01-14T18:00:00+00:00,AWS-BHO-030,18.9,960.1,72.0,False,,low,1.1,NORMAL,16.8,965.5,82.0,HEALTHY,replay,1.9,0.0
2025-01-14T19:00:00+00:00,AWS-BHO-030,17.6,960.4,76.0,False,,low,0.5,NORMAL,16.0,965.9,83.0,HEALTHY,replay,0.9,0.0
2025-01-14T20:00:00+00:00,AWS-BHO-030,16.8,960.9,77.0,False,,low,0.5,NORMAL,15.5,966.5,83.0,HEALTHY,replay,0.8,0.0
2025-01-14T21:00:00+00:00,AWS-BHO-030,16.2,961.1,77.0,False,,low,0.3,NORMAL,14.5,966.6,84.0,HEALTHY,replay,0.5,0.0
2025-01-14T22:00:00+00:00,AWS-BHO-030,15.5,961.4,78.0,False,,low,0.2,NORMAL,13.6,966.8,86.0,HEALTHY,replay,0.4,0.0
2025-01-14T23:00:00+00:00,AWS-BHO-030,14.8,961.2,80.0,False,,low,0.2,NORMAL,12.9,966.6,90.0,HEALTHY,replay,0.3,0.0
2025-01-15T00:00:00+00:00,AWS-BHO-030,14.1,960.9,84.0,False,,low,0.2,NORMAL,12.2,966.4,93.0,HEALTHY,replay,0.4,0.0
2025-01-15T01:00:00+00:00,AWS-BHO-030,13.7,960.5,86.0,False,,low,0.3,NORMAL,12.2,966.2,93.0,HEALTHY,replay,0.5,0.0
2025-01-15T02:00:00+00:00,AWS-BHO-030,13.3,959.8,87.0,False,,low,0.4,NORMAL,11.9,965.4,91.0,HEALTHY,replay,0.6,0.0
2025-01-15T03:00:00+00:00,AWS-BHO-030,13.1,959.4,85.0,False,,low,0.7,NORMAL,11.6,964.9,89.0,HEALTHY,replay,1.2,0.0
2025-01-15T04:00:00+00:00,AWS-BHO-030,13.1,959.3,83.0,False,,low,0.7,NORMAL,11.7,964.8,85.0,HEALTHY,replay,1.2,0.0
2025-01-15T05:00:00+00:00,AWS-BHO-030,19.36394847312953,950.9613425922008,95.0,True,multivariate_inconsistency,high,76.1,MODEL_OVERRIDE,11.9,965.2,83.0,HEALTHY,replay,96.9,45.0
2025-01-15T06:00:00+00:00,AWS-BHO-030,19.48903490273177,951.9408444367798,58.58954406404642,True,unstructured_anomaly,critical,98.4,ML_MODEL_ISOLATION,12.2,966.2,81.0,HEALTHY,replay,98.4,0.0
2025-01-15T07:00:00+00:00,AWS-BHO-030,18.96996924098469,953.8611199545064,92.80900292978644,True,multivariate_inconsistency,high,72.4,MODEL_OVERRIDE,12.5,966.7,81.0,HEALTHY,replay,90.6,45.0
2025-01-15T08:00:00+00:00,AWS-BHO-030,20.728902107172217,952.9987161412872,87.43996259805607,True,multivariate_inconsistency,high,75.0,MODEL_OVERRIDE,15.1,967.6,75.0,HEALTHY,replay,95.1,45.0
2025-01-15T09:00:00+00:00,AWS-BHO-030,17.3,962.5,64.0,False,,low,38.5,NORMAL,17.6,968.1,69.0,HEALTHY,replay,64.2,0.0
2025-01-15T10:00:00+00:00,AWS-BHO-030,20.0,962.8,59.0,False,,low,33.9,NORMAL,20.0,968.4,66.0,HEALTHY,replay,56.6,0.0
2025-01-15T11:00:00+00:00,AWS-BHO-030,22.3,962.4,55.0,False,,low,22.3,NORMAL,21.9,968.1,61.0,HEALTHY,replay,37.2,0.0
2025-01-15T12:00:00+00:00,AWS-BHO-030,23.7,961.2,53.0,False,,low,5.6,NORMAL,23.7,966.8,57.0,HEALTHY,replay,9.4,0.0
2025-01-15T13:00:00+00:00,AWS-BHO-030,24.8,960.3,49.0,False,,low,11.6,NORMAL,24.7,965.9,53.0,HEALTHY,replay,19.4,0.0
2025-01-15T14:00:00+00:00,AWS-BHO-030,24.8,959.6,49.0,False,,low,6.2,NORMAL,24.8,965.2,52.0,HEALTHY,replay,10.3,0.0
2025-01-15T15:00:00+00:00,AWS-BHO-030,25.1,959.0,47.0,False,,low,6.3,NORMAL,24.8,964.5,52.0,HEALTHY,replay,10.5,0.0
2025-01-15T16:00:00+00:00,AWS-BHO-030,24.8,958.8,47.0,False,,low,2.4,NORMAL,24.2,964.3,58.0,HEALTHY,replay,4.0,0.0
2025-01-15T17:00:00+00:00,AWS-BHO-030,23.7,958.5,52.0,False,,low,0.4,NORMAL,21.8,963.9,71.0,HEALTHY,replay,0.7,0.0
2025-01-15T18:00:00+00:00,AWS-BHO-030,21.0,959.3,64.0,False,,low,1.4,NORMAL,19.1,964.6,79.0,HEALTHY,replay,2.3,0.0
2025-01-15T19:00:00+00:00,AWS-BHO-030,19.9,959.7,67.0,False,,low,0.4,NORMAL,18.0,965.1,79.0,HEALTHY,replay,0.7,0.0
2025-01-15T20:00:00+00:00,AWS-BHO-030,19.0,959.9,69.0,False,,low,0.3,NORMAL,17.8,965.4,79.0,HEALTHY,replay,0.4,0.0
2025-01-15T21:00:00+00:00,AWS-BHO-030,18.5,960.1,69.0,False,,low,0.2,NORMAL,17.1,965.6,78.0,HEALTHY,replay,0.3,0.0
2025-01-15T22:00:00+00:00,AWS-BHO-030,18.0,960.3,70.0,False,,low,0.1,NORMAL,16.8,965.9,78.0,HEALTHY,replay,0.2,0.0
2025-01-15T23:00:00+00:00,AWS-BHO-030,17.3,960.0,74.0,False,,low,0.1,NORMAL,16.4,965.7,80.0,HEALTHY,replay,0.2,0.0
2025-01-16T00:00:00+00:00,AWS-BHO-030,16.8,959.5,77.0,False,,low,0.2,NORMAL,16.1,965.2,81.0,HEALTHY,replay,0.3,0.0
2025-01-16T01:00:00+00:00,AWS-BHO-030,16.4,959.3,78.0,False,,low,0.2,NORMAL,16.0,964.9,80.0,HEALTHY,replay,0.3,0.0
2025-01-16T02:00:00+00:00,AWS-BHO-030,16.0,958.9,80.0,False,,low,0.2,NORMAL,15.7,964.6,80.0,HEALTHY,replay,0.3,0.0
2025-01-16T03:00:00+00:00,AWS-BHO-030,15.9,958.4,80.0,False,,low,0.2,NORMAL,15.3,964.0,81.0,HEALTHY,replay,0.4,0.0
2025-01-16T04:00:00+00:00,AWS-BHO-030,15.2,958.1,85.0,False,,low,0.2,NORMAL,15.0,963.6,83.0,HEALTHY,replay,0.4,0.0
2025-01-16T05:00:00+00:00,AWS-BHO-030,15.1,958.2,85.0,False,,low,0.3,NORMAL,14.3,963.7,85.0,HEALTHY,replay,0.5,0.0
2025-01-16T06:00:00+00:00,AWS-BHO-030,16.0,959.7,80.0,False,,low,0.8,NORMAL,13.8,964.9,87.0,HEALTHY,replay,1.4,0.0
2025-01-16T07:00:00+00:00,AWS-BHO-030,16.6,960.6,77.0,False,,low,2.6,NORMAL,14.7,965.9,84.0,HEALTHY,replay,4.4,0.0
2025-01-16T08:00:00+00:00,AWS-BHO-030,17.4,961.1,74.0,False,,low,1.9,NORMAL,16.2,966.7,81.0,HEALTHY,replay,3.2,0.0
2025-01-16T09:00:00+00:00,AWS-BHO-030,18.4,962.0,71.0,False,,low,0.5,NORMAL,17.7,967.7,79.0,HEALTHY,replay,0.9,0.0
2025-01-16T10:00:00+00:00,AWS-BHO-030,20.4,962.4,64.0,False,,low,1.7,NORMAL,18.9,968.0,77.0,HEALTHY,replay,2.8,0.0
2025-01-16T11:00:00+00:00,AWS-BHO-030,23.2,962.5,55.0,False,,low,3.1,NORMAL,20.7,967.9,72.0,HEALTHY,replay,5.1,0.0
2025-01-16T12:00:00+00:00,AWS-BHO-030,23.9,961.5,54.0,False,,low,1.1,NORMAL,21.4,967.0,70.0,HEALTHY,replay,1.9,0.0
2025-01-16T13:00:00+00:00,AWS-BHO-030,24.9,960.6,49.0,False,,low,1.3,NORMAL,22.8,966.2,66.0,HEALTHY,replay,2.2,0.0
2025-01-16T14:00:00+00:00,AWS-BHO-030,24.0,960.1,53.0,False,,low,1.0,NORMAL,23.0,965.8,67.0,HEALTHY,replay,1.7,0.0
2025-01-16T15:00:00+00:00,AWS-BHO-030,23.4,960.0,58.0,False,,low,0.6,NORMAL,21.9,965.7,71.0,HEALTHY,replay,1.0,0.0
2025-01-16T16:00:00+00:00,AWS-BHO-030,22.3,960.1,64.0,False,,low,1.7,NORMAL,20.7,965.8,77.0,HEALTHY,replay,2.8,0.0
2025-01-16T17:00:00+00:00,AWS-BHO-030,20.4,960.5,73.0,False,,low,2.1,NORMAL,19.2,965.8,88.0,HEALTHY,replay,3.5,0.0
2025-01-16T18:00:00+00:00,AWS-BHO-030,20.2,961.5,74.0,False,,low,0.5,NORMAL,18.8,966.9,86.0,HEALTHY,replay,0.9,0.0
2025-01-16T19:00:00+00:00,AWS-BHO-030,,962.0,81.0,True,dropout,critical,100.0,RULE_ENGINE_BYPASS,18.4,967.4,87.0,HEALTHY,replay,,100.0
2025-01-16T20:00:00+00:00,AWS-BHO-030,18.2,962.5,83.0,False,,low,2.6,NORMAL,17.6,968.2,89.0,HEALTHY,replay,4.3,0.0
2025-01-16T21:00:00+00:00,AWS-BHO-030,17.5,962.9,87.0,False,,low,1.2,NORMAL,16.6,968.6,91.0,HEALTHY,replay,2.1,0.0
2025-01-16T22:00:00+00:00,AWS-BHO-030,16.7,963.4,91.0,False,,low,3.0,NORMAL,15.5,969.1,93.0,HEALTHY,replay,5.0,0.0
2025-01-16T23:00:00+00:00,AWS-BHO-030,15.5,963.1,93.0,False,,low,1.9,NORMAL,14.7,968.8,93.0,HEALTHY,replay,3.1,0.0
2025-01-17T00:00:00+00:00,AWS-BHO-030,14.8,962.8,93.0,False,,low,1.0,NORMAL,14.1,968.4,95.0,HEALTHY,replay,1.7,0.0
2025-01-17T01:00:00+00:00,AWS-BHO-030,14.2,962.3,93.0,False,,low,0.5,NORMAL,13.7,968.0,94.0,HEALTHY,replay,0.9,0.0
2025-01-17T02:00:00+00:00,AWS-BHO-030,13.6,961.7,93.0,False,,low,0.3,NORMAL,13.1,967.4,95.0,HEALTHY,replay,0.6,0.0
2025-01-17T03:00:00+00:00,AWS-BHO-030,13.2,961.2,93.0,False,,low,0.3,NORMAL,12.5,966.9,95.0,HEALTHY,replay,0.6,0.0
2025-01-17T04:00:00+00:00,AWS-BHO-030,12.7,961.2,93.0,False,,low,0.4,NORMAL,12.2,967.0,95.0,HEALTHY,replay,0.6,0.0
2025-01-17T05:00:00+00:00,AWS-BHO-030,12.4,961.4,92.0,False,,low,0.7,NORMAL,11.7,967.3,95.0,HEALTHY,replay,1.1,0.0
2025-01-17T06:00:00+00:00,AWS-BHO-030,12.0,962.1,93.0,False,,low,0.6,NORMAL,11.5,968.0,94.0,HEALTHY,replay,1.0,0.0
2025-01-17T07:00:00+00:00,AWS-BHO-030,12.1,962.5,91.0,False,,low,0.6,NORMAL,11.3,968.4,94.0,HEALTHY,replay,0.9,0.0
2025-01-17T08:00:00+00:00,AWS-BHO-030,13.0,963.0,86.0,False,,low,0.8,NORMAL,12.9,969.0,87.0,HEALTHY,replay,1.4,0.0
2025-01-17T09:00:00+00:00,AWS-BHO-030,15.2,963.4,76.0,False,,low,0.9,NORMAL,15.0,969.4,81.0,HEALTHY,replay,1.5,0.0
2025-01-17T10:00:00+00:00,AWS-BHO-030,17.7,963.6,67.0,False,,low,1.3,NORMAL,17.3,969.4,75.0,HEALTHY,replay,2.1,0.0
2025-01-17T11:00:00+00:00,AWS-BHO-030,19.6,963.1,61.0,False,,low,0.9,NORMAL,19.0,968.7,71.0,HEALTHY,replay,1.4,0.0
2025-01-17T12:00:00+00:00,AWS-BHO-030,21.1,961.8,58.0,False,,low,1.2,NORMAL,20.3,967.4,69.0,HEALTHY,replay,2.0,0.0
2025-01-17T13:00:00+00:00,AWS-BHO-030,22.1,960.8,57.0,False,,low,1.0,NORMAL,21.3,966.4,67.0,HEALTHY,replay,1.7,0.0
2025-01-17T14:00:00+00:00,AWS-BHO-030,22.5,959.8,57.0,False,,low,1.7,NORMAL,21.5,965.4,67.0,HEALTHY,replay,2.8,0.0
2025-01-17T15:00:00+00:00,AWS-BHO-030,22.3,959.5,59.0,False,,low,0.5,NORMAL,21.2,965.1,68.0,HEALTHY,replay,0.8,0.0
2025-01-17T16:00:00+00:00,AWS-BHO-030,21.4,959.2,64.0,False,,low,0.3,NORMAL,20.4,964.9,71.0,HEALTHY,replay,0.5,0.0
2025-01-17T17:00:00+00:00,AWS-BHO-030,20.0,959.3,71.0,False,,low,0.6,NORMAL,18.8,964.8,78.0,HEALTHY,replay,1.0,0.0
2025-01-17T18:00:00+00:00,AWS-BHO-030,17.9,959.9,81.0,False,,low,1.6,NORMAL,16.9,965.4,85.0,HEALTHY,replay,2.7,0.0
2025-01-17T19:00:00+00:00,AWS-BHO-030,16.9,960.4,84.0,False,,low,0.7,NORMAL,16.1,965.9,86.0,HEALTHY,replay,1.2,0.0
2025-01-17T20:00:00+00:00,AWS-BHO-030,16.3,960.9,85.0,False,,low,0.2,NORMAL,15.2,966.6,88.0,HEALTHY,replay,0.4,0.0
2025-01-17T21:00:00+00:00,AWS-BHO-030,15.6,961.1,86.0,False,,low,0.2,NORMAL,14.4,966.7,92.0,HEALTHY,replay,0.3,0.0
2025-01-17T22:00:00+00:00,AWS-BHO-030,14.9,961.1,88.0,False,,low,0.2,NORMAL,13.7,966.8,94.0,HEALTHY,replay,0.4,0.0
2025-01-17T23:00:00+00:00,AWS-BHO-030,14.3,960.6,91.0,False,,low,0.3,NORMAL,13.1,966.3,95.0,HEALTHY,replay,0.5,0.0
2025-01-18T00:00:00+00:00,AWS-BHO-030,13.7,960.2,94.0,False,,low,0.3,NORMAL,12.4,965.8,97.0,HEALTHY,replay,0.5,0.0
2025-01-18T01:00:00+00:00,AWS-BHO-030,13.4,959.7,94.0,False,,low,0.3,NORMAL,11.9,965.2,97.0,HEALTHY,replay,0.5,0.0
2025-01-18T02:00:00+00:00,AWS-BHO-030,13.0,959.4,95.0,False,,low,0.2,NORMAL,11.5,965.0,97.0,HEALTHY,replay,0.3,0.0
2025-01-18T03:00:00+00:00,AWS-BHO-030,12.7,959.1,95.0,False,,low,0.2,NORMAL,11.2,964.8,97.0,HEALTHY,replay,0.3,0.0
2025-01-18T04:00:00+00:00,AWS-BHO-030,12.5,958.9,94.0,False,,low,0.2,NORMAL,11.1,964.5,97.0,HEALTHY,replay,0.3,0.0
2025-01-18T05:00:00+00:00,AWS-BHO-030,12.2,959.1,94.0,False,,low,0.3,NORMAL,10.9,964.8,97.0,HEALTHY,replay,0.5,0.0
2025-01-18T06:00:00+00:00,AWS-BHO-030,12.1,960.2,93.0,False,,low,0.3,NORMAL,10.7,965.8,96.0,HEALTHY,replay,0.4,0.0
2025-01-18T07:00:00+00:00,AWS-BHO-030,12.0,960.183007536578,93.0,False,,low,0.3,NORMAL,10.8,966.4,97.0,HEALTHY,replay,0.4,0.0
2025-01-18T08:00:00+00:00,AWS-BHO-030,13.6,960.1933478323964,86.0,False,,low,1.1,NORMAL,13.2,967.5,90.0,HEALTHY,replay,1.8,0.0
2025-01-18T09:00:00+00:00,AWS-BHO-030,16.3,960.1858884636516,75.0,False,,low,1.7,NORMAL,15.9,968.6,81.0,HEALTHY,replay,2.8,0.0
2025-01-18T10:00:00+00:00,AWS-BHO-030,18.8,960.1753730359552,67.0,False,,low,3.5,NORMAL,18.5,968.6,73.0,HEALTHY,replay,5.8,0.0
2025-01-18T11:00:00+00:00,AWS-BHO-030,20.9,960.2156651443046,61.0,False,,low,5.1,NORMAL,20.4,968.2,68.0,HEALTHY,replay,8.5,0.0
2025-01-18T12:00:00+00:00,AWS-BHO-030,22.6,960.140313779526,57.0,False,,low,3.9,NORMAL,21.9,966.9,65.0,HEALTHY,replay,6.4,0.0
2025-01-18T13:00:00+00:00,AWS-BHO-030,23.5,960.3,54.0,False,,low,2.5,NORMAL,22.9,965.9,62.0,HEALTHY,replay,4.2,0.0
2025-01-18T14:00:00+00:00,AWS-BHO-030,23.9,959.5,53.0,False,,low,2.7,NORMAL,23.3,965.1,61.0,HEALTHY,replay,4.4,0.0
2025-01-18T15:00:00+00:00,AWS-BHO-030,23.9,958.8,53.0,False,,low,0.9,NORMAL,23.3,964.5,60.0,HEALTHY,replay,1.6,0.0
2025-01-18T16:00:00+00:00,AWS-BHO-030,23.3,958.6,55.0,False,,low,0.6,NORMAL,22.8,964.2,63.0,HEALTHY,replay,1.0,0.0
2025-01-18T17:00:00+00:00,AWS-BHO-030,21.9,958.5,63.0,False,,low,0.8,NORMAL,20.7,963.9,76.0,HEALTHY,replay,1.3,0.0
2025-01-18T18:00:00+00:00,AWS-BHO-030,20.6,959.0,72.0,False,,low,1.3,NORMAL,18.7,964.5,81.0,HEALTHY,replay,2.2,0.0
2025-01-18T19:00:00+00:00,AWS-BHO-030,19.1,959.4,79.0,False,,low,0.9,NORMAL,17.4,964.8,85.0,HEALTHY,replay,1.5,0.0
2025-01-18T20:00:00+00:00,AWS-BHO-030,17.5,959.9,86.0,False,,low,0.7,NORMAL,16.8,965.5,85.0,HEALTHY,replay,1.1,0.0
2025-01-18T21:00:00+00:00,AWS-BHO-030,16.8,960.2,89.0,False,,low,0.3,NORMAL,16.0,965.9,90.0,HEALTHY,replay,0.5,0.0
2025-01-18T22:00:00+00:00,AWS-BHO-030,16.3,960.4,91.0,False,,low,0.2,NORMAL,15.6,966.1,91.0,HEALTHY,replay,0.4,0.0
2025-01-18T23:00:00+00:00,AWS-BHO-030,15.9,959.9,91.0,False,,low,0.2,NORMAL,14.8,965.4,91.0,HEALTHY,replay,0.4,0.0
2025-01-19T00:00:00+00:00,AWS-BHO-030,15.7,959.7,90.0,False,,low,0.3,NORMAL,14.0,965.2,94.0,HEALTHY,replay,0.4,0.0
2025-01-19T01:00:00+00:00,AWS-BHO-030,15.2,959.4,89.0,False,,low,0.3,NORMAL,13.5,964.9,94.0,HEALTHY,replay,0.5,0.0
2025-01-19T02:00:00+00:00,AWS-BHO-030,14.8,958.8,89.0,False,,low,0.3,NORMAL,13.3,964.3,92.0,HEALTHY,replay,0.5,0.0
2025-01-19T03:00:00+00:00,AWS-BHO-030,13.9,958.7,91.0,False,,low,0.2,NORMAL,12.8,964.2,94.0,HEALTHY,replay,0.4,0.0
2025-01-19T04:00:00+00:00,AWS-BHO-030,13.5,958.4,91.0,False,,low,0.2,NORMAL,11.7,963.9,98.0,HEALTHY,replay,0.4,0.0
2025-01-19T05:00:00+00:00,AWS-BHO-030,13.0,958.4,93.0,False,,low,0.2,NORMAL,10.9,964.0,99.0,HEALTHY,replay,0.4,0.0
2025-01-19T06:00:00+00:00,AWS-BHO-030,13.1,959.6,92.0,False,,low,0.5,NORMAL,10.7,965.1,100.0,HEALTHY,replay,0.8,0.0
2025-01-19T07:00:00+00:00,AWS-BHO-030,12.9,960.0,93.0,False,,low,0.4,NORMAL,10.9,965.5,100.0,HEALTHY,replay,0.6,0.0
2025-01-19T08:00:00+00:00,AWS-BHO-030,14.8,961.0,85.0,False,,low,1.4,NORMAL,14.1,966.6,92.0,HEALTHY,replay,2.3,0.0
2025-01-19T09:00:00+00:00,AWS-BHO-030,18.1,962.4,72.0,False,,low,11.5,NORMAL,17.8,968.1,79.0,HEALTHY,replay,19.2,0.0
2025-01-19T10:00:00+00:00,AWS-BHO-030,20.9,963.0,63.0,False,,low,17.1,NORMAL,20.2,968.7,70.0,HEALTHY,replay,28.5,0.0
2025-01-19T11:00:00+00:00,AWS-BHO-030,22.9,962.5,54.0,False,,low,10.7,NORMAL,22.0,968.2,63.0,HEALTHY,replay,17.8,0.0
2025-01-19T12:00:00+00:00,AWS-BHO-030,24.2,961.6,48.0,False,,low,6.5,NORMAL,23.3,967.2,57.0,HEALTHY,replay,10.8,0.0
2025-01-19T13:00:00+00:00,AWS-BHO-030,25.0,960.8,44.0,False,,low,3.5,NORMAL,24.1,966.4,52.0,HEALTHY,replay,5.9,0.0
2025-01-19T14:00:00+00:00,AWS-BHO-030,25.5,960.0732346008368,42.0,False,,low,2.1,NORMAL,24.4,965.6,49.0,HEALTHY,replay,3.5,0.0
2025-01-19T15:00:00+00:00,AWS-BHO-030,25.5,959.3076747455186,41.0,False,,low,1.1,NORMAL,24.1,965.0,49.0,HEALTHY,replay,1.9,0.0
2025-01-19T16:00:00+00:00,AWS-BHO-030,25.0,958.7093270892112,42.0,False,,low,0.9,NORMAL,23.2,964.6,55.0,HEALTHY,replay,1.5,0.0
2025-01-19T17:00:00+00:00,AWS-BHO-030,23.0,958.3809283303594,52.0,False,,low,0.8,NORMAL,20.6,964.1,69.0,HEALTHY,replay,1.4,0.0
2025-01-19T18:00:00+00:00,AWS-BHO-030,21.3,958.4242469478496,57.0,False,,low,0.6,NORMAL,19.0,964.1,67.0,HEALTHY,replay,1.1,0.0
2025-01-19T19:00:00+00:00,AWS-BHO-030,20.0,958.6405735623074,62.0,False,,low,0.5,NORMAL,17.6,964.5,73.0,HEALTHY,replay,0.8,0.0
2025-01-19T20:00:00+00:00,AWS-BHO-030,18.9,958.730915374686,66.0,False,,low,0.3,NORMAL,16.6,964.8,73.0,HEALTHY,replay,0.5,0.0
2025-01-19T21:00:00+00:00,AWS-BHO-030,18.1,958.3960929864973,67.0,False,,low,0.5,NORMAL,15.9,964.8,78.0,HEALTHY,replay,0.9,0.0
2025-01-19T22:00:00+00:00,AWS-BHO-030,17.5,958.0367954261172,67.0,False,,low,0.5,NORMAL,14.9,964.7,82.0,HEALTHY,replay,0.9,0.0
2025-01-19T23:00:00+00:00,AWS-BHO-030,16.6,957.4536143079686,72.0,False,,low,0.6,NORMAL,13.8,964.4,85.0,HEALTHY,replay,1.0,0.0
2025-01-20T00:00:00+00:00,AWS-BHO-030,16.1,956.6470664316544,73.0,True,drift,low,37.0,RULE_ENGINE_BYPASS,13.6,964.0,84.0,HEALTHY,replay,1.5,90.3
2025-01-20T01:00:00+00:00,AWS-BHO-030,14.6,955.6176094729668,80.0,True,drift,medium,56.6,RULE_ENGINE_BYPASS,13.6,963.4,83.0,HEALTHY,replay,33.0,91.9
2025-01-20T02:00:00+00:00,AWS-BHO-030,14.5,954.9656533002797,80.0,True,drift,low,53.4,RULE_ENGINE_BYPASS,13.4,963.1,85.0,HEALTHY,replay,27.5,92.1
2025-01-20T03:00:00+00:00,AWS-BHO-030,14.7,954.2915683904774,79.0,True,drift,medium,57.5,RULE_ENGINE_BYPASS,13.1,962.8,86.0,OFFLINE,replay,34.4,92.1
2025-01-20T04:00:00+00:00,AWS-BHO-030,14.4,953.6956922486046,80.0,True,drift,medium,61.8,RULE_ENGINE_BYPASS,12.9,962.6,87.0,OFFLINE,replay,41.6,92.1
2025-01-20T05:00:00+00:00,AWS-BHO-030,13.9,953.278334410262,83.0,True,drift,high,79.7,RULE_ENGINE_BYPASS,12.8,962.8,87.0,OFFLINE,replay,71.4,92.1
2025-01-20T06:00:00+00:00,AWS-BHO-030,13.3,954.039780411133,87.0,True,drift,high,82.6,RULE_ENGINE_BYPASS,12.6,963.9,88.0,OFFLINE,replay,76.3,92.1
2025-01-20T07:00:00+00:00,AWS-BHO-030,13.2,953.9802949866968,89.0,True,drift,high,82.4,RULE_ENGINE_BYPASS,12.7,964.4,89.0,OFFLINE,replay,75.9,92.1
2025-01-20T08:00:00+00:00,AWS-BHO-030,15.6,954.70012468694,79.0,True,drift,medium,60.3,RULE_ENGINE_BYPASS,15.5,965.7,84.0,OFFLINE,replay,39.0,92.1
2025-01-20T09:00:00+00:00,AWS-BHO-030,19.2,955.4995000388992,65.0,True,drift,high,77.8,RULE_ENGINE_BYPASS,18.5,966.8,77.0,OFFLINE,replay,68.2,92.1
2025-01-20T10:00:00+00:00,AWS-BHO-030,22.0,955.478637354415,54.0,True,drift,critical,90.7,RULE_ENGINE_BYPASS,21.1,967.2,67.0,OFFLINE,replay,89.7,92.1
2025-01-20T11:00:00+00:00,AWS-BHO-030,23.9,954.537740255782,46.0,True,drift,critical,92.1,RULE_ENGINE_BYPASS,22.8,966.8,57.0,OFFLINE,replay,92.1,92.1
2025-01-20T12:00:00+00:00,AWS-BHO-030,25.1,953.2770009743928,41.0,True,drift,critical,94.9,RULE_ENGINE_BYPASS,23.9,966.0,53.0,OFFLINE,replay,96.8,92.1
2025-01-20T13:00:00+00:00,AWS-BHO-030,25.8,951.5966014647348,38.0,True,drift,critical,95.5,RULE_ENGINE_BYPASS,24.4,965.0,50.0,OFFLINE,replay,97.8,92.1
2025-01-20T14:00:00+00:00,AWS-BHO-030,26.1,950.0967143667376,38.0,True,drift,critical,95.1,RULE_ENGINE_BYPASS,24.6,964.1,50.0,OFFLINE,replay,97.0,92.1
2025-01-20T15:00:00+00:00,AWS-BHO-030,25.9,949.0775038424542,39.0,True,drift,critical,94.9,RULE_ENGINE_BYPASS,24.3,963.6,52.0,OFFLINE,replay,96.8,92.1
2025-01-20T16:00:00+00:00,AWS-BHO-030,25.1,948.139126307772,41.0,True,drift,critical,94.6,RULE_ENGINE_BYPASS,23.5,963.4,56.0,OFFLINE,replay,96.3,92.1
2025-01-20T17:00:00+00:00,AWS-BHO-030,23.4,947.4817310757804,48.0,True,drift,critical,93.9,RULE_ENGINE_BYPASS,21.0,963.0,72.0,OFFLINE,replay,95.2,92.1
2025-01-20T18:00:00+00:00,AWS-BHO-030,21.8,946.705460925288,58.0,True,spike,critical,93.5,MODEL_OVERRIDE,19.4,962.9,72.0,OFFLINE,replay,96.9,88.3
2025-01-20T19:00:00+00:00,AWS-BHO-030,20.2,958.2,65.0,False,,low,32.6,NORMAL,18.7,963.2,73.0,OFFLINE,replay,54.3,0.0
2025-01-20T20:00:00+00:00,AWS-BHO-030,19.4,958.4,67.0,False,,low,21.2,NORMAL,17.9,963.6,75.0,OFFLINE,replay,35.4,0.0
2025-01-20T21:00:00+00:00,AWS-BHO-030,19.0,958.5,68.0,False,,low,15.2,NORMAL,16.9,963.7,79.0,HEALTHY,replay,25.4,0.0
2025-01-20T22:00:00+00:00,AWS-BHO-030,18.4,958.6,69.0,False,,low,9.8,NORMAL,16.2,963.8,82.0,OFFLINE,replay,16.4,0.0
2025-01-20T23:00:00+00:00,AWS-BHO-030,17.3,958.1,74.0,False,,low,2.8,NORMAL,15.6,963.4,83.0,OFFLINE,replay,4.7,0.0
2025-01-21T00:00:00+00:00,AWS-BHO-030,16.5,957.5,78.0,False,,low,6.0,NORMAL,14.6,962.9,86.0,OFFLINE,replay,10.0,0.0
2025-01-21T01:00:00+00:00,AWS-BHO-030,16.0,956.8,79.0,False,,low,14.9,NORMAL,14.4,962.2,86.0,HEALTHY,replay,24.8,0.0
2025-01-21T02:00:00+00:00,AWS-BHO-030,15.2,956.2,82.0,False,,low,1.7,NORMAL,14.2,961.6,85.0,WARNING,replay,2.8,0.0
2025-01-21T03:00:00+00:00,AWS-BHO-030,14.7,956.0,84.0,False,,low,4.8,NORMAL,14.0,961.4,85.0,WARNING,replay,7.9,0.0
2025-01-21T04:00:00+00:00,AWS-BHO-030,14.4,955.7,86.0,False,,low,0.8,NORMAL,13.5,961.4,87.0,WARNING,replay,1.3,0.0
2025-01-21T05:00:00+00:00,AWS-BHO-030,13.8,955.7,88.0,False,,low,0.6,NORMAL,12.9,961.3,88.0,WARNING,replay,1.0,0.0
2025-01-21T06:00:00+00:00,AWS-BHO-030,13.5,956.7,90.0,False,,low,1.0,NORMAL,12.4,962.3,91.0,WARNING,replay,1.7,0.0
2025-01-21T07:00:00+00:00,AWS-BHO-030,41.718280444010816,957.5,89.0,True,multivariate_inconsistency,high,76.1,MODEL_OVERRIDE,12.1,963.0,93.0,WARNING,replay,94.2,48.8
2025-01-21T08:00:00+00:00,AWS-BHO-030,29.840433993622412,958.7,78.0,True,multivariate_inconsistency,high,74.1,MODEL_OVERRIDE,15.1,964.4,87.0,WARNING,replay,93.5,45.0
2025-01-21T09:00:00+00:00,AWS-BHO-030,26.33844088006665,959.8,64.0,True,multivariate_inconsistency,medium,67.0,FUSED_CONSENSUS,18.7,965.4,77.0,WARNING,replay,81.6,45.0
2025-01-21T10:00:00+00:00,AWS-BHO-030,22.2,960.3,57.0,False,,low,45.7,NORMAL,21.2,965.9,68.0,WARNING,replay,76.2,0.0
2025-01-21T11:00:00+00:00,AWS-BHO-030,24.2,959.8,50.0,False,,low,15.8,NORMAL,23.0,965.4,58.0,WARNING,replay,26.3,0.0
2025-01-21T12:00:00+00:00,AWS-BHO-030,25.4,959.0,43.0,False,,low,9.5,NORMAL,24.2,964.5,53.0,WARNING,replay,15.8,0.0
2025-01-21T13:00:00+00:00,AWS-BHO-030,26.1,958.2,41.0,False,,low,5.8,NORMAL,24.9,963.6,50.0,WARNING,replay,9.6,0.0
2025-01-21T14:00:00+00:00,AWS-BHO-030,26.3,957.1,40.0,False,,low,5.5,NORMAL,25.1,962.5,48.0,WARNING,replay,9.2,0.0
2025-01-21T15:00:00+00:00,AWS-BHO-030,26.2,956.6,41.0,False,,low,1.6,NORMAL,24.9,962.0,48.0,HEALTHY,replay,2.6,0.0
2025-01-21T16:00:00+00:00,AWS-BHO-030,25.5,956.5,44.0,False,,low,0.4,NORMAL,24.2,961.9,50.0,HEALTHY,replay,0.7,0.0
2025-01-21T17:00:00+00:00,AWS-BHO-030,31.321563164625687,956.1875292667388,77.17371930942275,True,multivariate_inconsistency,high,72.1,MODEL_OVERRIDE,21.6,961.6,64.0,WARNING,replay,90.2,45.0
2025-01-21T18:00:00+00:00,AWS-BHO-030,29.621563164625684,956.7055000186532,91.68677694153786,True,multivariate_inconsistency,medium,67.3,FUSED_CONSENSUS,19.8,961.6,64.0,WARNING,replay,82.2,45.0
2025-01-21T19:00:00+00:00,AWS-BHO-030,28.121563164625684,956.9446784533868,93.57511393407188,True,multivariate_inconsistency,medium,55.0,FUSED_CONSENSUS,18.3,962.0,70.0,WARNING,replay,61.7,45.0
2025-01-21T20:00:00+00:00,AWS-BHO-030,27.221563164625685,956.6347906553474,96.9397564779252,True,multivariate_inconsistency,low,47.3,FUSED_CONSENSUS,17.6,962.6,75.0,OFFLINE,replay,48.9,45.0
2025-01-21T21:00:00+00:00,AWS-BHO-030,26.421563164625688,957.3617976734382,98.70412672946216,True,multivariate_inconsistency,low,46.3,FUSED_CONSENSUS,16.8,962.8,79.0,OFFLINE,replay,47.2,45.0
2025-01-21T22:00:00+00:00,AWS-BHO-030,18.4,957.4,63.0,False,,low,22.0,NORMAL,15.9,962.6,81.0,OFFLINE,replay,36.6,0.0
2025-01-21T23:00:00+00:00,AWS-BHO-030,18.0,956.7,64.0,False,,low,31.9,NORMAL,15.3,961.9,80.0,OFFLINE,replay,53.2,0.0
2025-01-22T00:00:00+00:00,AWS-BHO-030,17.0,956.2,71.0,False,,low,35.9,NORMAL,14.9,961.6,81.0,HEALTHY,replay,59.8,0.0
2025-01-22T01:00:00+00:00,AWS-BHO-030,16.1,955.8,76.0,False,,low,13.0,NORMAL,14.4,961.1,84.0,OFFLINE,replay,21.7,0.0
2025-01-22T02:00:00+00:00,AWS-BHO-030,15.7,955.2,78.0,False,,low,18.9,NORMAL,14.1,960.8,87.0,OFFLINE,replay,31.4,0.0
2025-01-22T03:00:00+00:00,AWS-BHO-030,15.3,955.0,80.0,False,,low,31.8,NORMAL,13.9,960.5,85.0,OFFLINE,replay,53.0,0.0
2025-01-22T04:00:00+00:00,AWS-BHO-030,14.7,954.9,82.0,False,,low,38.2,NORMAL,13.8,960.4,86.0,HEALTHY,replay,63.6,0.0
2025-01-22T05:00:00+00:00,AWS-BHO-030,14.3,954.9,84.0,False,,low,17.1,NORMAL,13.4,960.4,87.0,WARNING,replay,28.5,0.0
2025-01-22T06:00:00+00:00,AWS-BHO-030,14.5,955.9,85.0,False,,low,5.2,NORMAL,13.4,961.6,90.0,WARNING,replay,8.7,0.0
2025-01-22T07:00:00+00:00,AWS-BHO-030,14.6,956.6,83.0,False,,low,1.8,NORMAL,13.6,962.3,91.0,WARNING,replay,3.1,0.0
2025-01-22T08:00:00+00:00,AWS-BHO-030,16.5,957.9,76.0,False,,low,0.9,NORMAL,16.4,963.7,86.0,WARNING,replay,1.5,0.0
2025-01-22T09:00:00+00:00,AWS-BHO-030,13.86329041666367,967.7979336773332,82.49452330074618,True,drift,high,73.3,RULE_ENGINE_BYPASS,19.3,964.9,76.0,WARNING,replay,61.3,91.3
2025-01-22T10:00:00+00:00,AWS-BHO-030,28.815477539270454,953.0924471891502,75.85851812507755,True,multivariate_inconsistency,high,74.7,MODEL_OVERRIDE,21.7,965.1,67.0,WARNING,replay,94.4,45.0
2025-01-22T11:00:00+00:00,AWS-BHO-030,18.999944296619653,967.4490051468504,68.15294607410735,False,,low,16.5,NORMAL,23.9,964.7,58.0,WARNING,replay,27.5,0.0
2025-01-22T12:00:00+00:00,AWS-BHO-030,31.540123250316004,951.2142509179798,59.551347449378966,True,multivariate_inconsistency,high,78.2,MODEL_OVERRIDE,25.5,963.6,51.0,WARNING,replay,99.2,46.8
2025-01-22T13:00:00+00:00,AWS-BHO-030,32.72679180902479,950.624243455534,60.85480999366536,True,multivariate_inconsistency,high,78.9,MODEL_OVERRIDE,26.3,962.5,46.0,OFFLINE,replay,99.3,48.2
2025-01-22T14:00:00+00:00,AWS-BHO-030,21.85371307809409,963.7833263090536,24.88122103055089,True,multivariate_inconsistency,high,76.4,MODEL_OVERRIDE,26.5,961.6,45.0,OFFLINE,replay,97.3,45.0
2025-01-22T15:00:00+00:00,AWS-BHO-030,27.5,955.5,37.0,True,unstructured_anomaly,critical,93.4,ML_MODEL_ISOLATION,26.4,961.0,45.0,OFFLINE,replay,93.4,0.0
2025-01-22T16:00:00+00:00,AWS-BHO-030,27.1,955.5,36.0,True,unstructured_anomaly,critical,93.5,ML_MODEL_ISOLATION,26.0,961.0,46.0,HEALTHY,replay,93.5,0.0
2025-01-22T17:00:00+00:00,AWS-BHO-030,25.7,955.5,40.0,True,unstructured_anomaly,high,88.1,ML_MODEL_ISOLATION,23.7,960.7,61.0,OFFLINE,replay,88.1,0.0
2025-01-22T18:00:00+00:00,AWS-BHO-030,23.1,955.8,49.0,False,,low,45.0,NORMAL,21.3,961.1,67.0,OFFLINE,replay,75.0,0.0
2025-01-22T19:00:00+00:00,AWS-BHO-030,21.6,956.2,55.0,False,,low,30.6,NORMAL,19.3,961.6,75.0,OFFLINE,replay,51.0,0.0
2025-01-22T20:00:00+00:00,AWS-BHO-030,20.1,956.7,66.0,False,,low,6.1,NORMAL,18.4,962.2,77.0,HEALTHY,replay,10.1,0.0
2025-01-22T21:00:00+00:00,AWS-BHO-030,18.7,956.8,80.0,False,,low,5.5,NORMAL,17.9,962.4,78.0,WARNING,replay,9.1,0.0
2025-01-22T22:00:00+00:00,AWS-BHO-030,18.0,957.0,84.0,False,,low,5.9,NORMAL,16.7,962.5,81.0,WARNING,replay,9.8,0.0
2025-01-22T23:00:00+00:00,AWS-BHO-030,17.1,956.7,87.0,False,,low,4.2,NORMAL,16.4,962.2,83.0,WARNING,replay,7.0,0.0
2025-01-23T00:00:00+00:00,AWS-BHO-030,16.8,956.5,87.0,False,,low,2.1,NORMAL,15.9,961.9,83.0,WARNING,replay,3.5,0.0
2025-01-23T01:00:00+00:00,AWS-BHO-030,16.4,956.0,88.0,False,,low,2.1,NORMAL,14.9,961.6,86.0,WARNING,replay,3.4,0.0
2025-01-23T02:00:00+00:00,AWS-BHO-030,15.9,955.2,88.0,False,,low,2.6,NORMAL,14.5,960.6,88.0,WARNING,replay,4.3,0.0
2025-01-23T03:00:00+00:00,AWS-BHO-030,15.5,954.6,88.0,False,,low,7.6,NORMAL,14.2,960.1,88.0,WARNING,replay,12.7,0.0
2025-01-23T04:00:00+00:00,AWS-BHO-030,15.2,954.7,88.0,False,,low,3.8,NORMAL,14.2,960.1,88.0,WARNING,replay,6.3,0.0
2025-01-23T05:00:00+00:00,AWS-BHO-030,14.9,954.8,88.0,False,,low,6.0,NORMAL,14.2,960.3,88.0,WARNING,replay,10.1,0.0
2025-01-23T06:00:00+00:00,AWS-BHO-030,15.5,955.8,86.0,False,,low,28.3,NORMAL,14.5,961.4,90.0,WARNING,replay,47.2,0.0
2025-01-23T07:00:00+00:00,AWS-BHO-030,15.6,956.4,84.0,False,,low,13.8,NORMAL,14.7,962.0,90.0,WARNING,replay,22.9,0.0
2025-01-23T08:00:00+00:00,AWS-BHO-030,17.5,957.6,76.0,False,,low,8.6,NORMAL,17.4,963.2,81.0,WARNING,replay,14.3,0.0
2025-01-23T09:00:00+00:00,AWS-BHO-030,20.4,958.9,65.0,False,,low,31.1,NORMAL,20.3,964.5,73.0,HEALTHY,replay,51.9,0.0
2025-01-23T10:00:00+00:00,AWS-BHO-030,23.5,959.5,53.0,False,,low,31.7,NORMAL,22.9,965.0,64.0,HEALTHY,replay,52.9,0.0
2025-01-23T11:00:00+00:00,AWS-BHO-030,25.9,959.1,43.0,False,,low,12.2,NORMAL,25.1,964.6,55.0,HEALTHY,replay,20.3,0.0
2025-01-23T12:00:00+00:00,AWS-BHO-030,27.2,958.1,38.0,False,,low,8.0,NORMAL,26.3,963.6,46.0,HEALTHY,replay,13.3,0.0
2025-01-23T13:00:00+00:00,AWS-BHO-030,27.8,957.2,38.0,False,,low,17.5,NORMAL,27.0,962.5,44.0,HEALTHY,replay,29.1,0.0
2025-01-23T14:00:00+00:00,AWS-BHO-030,28.3,956.4,37.0,False,,low,23.6,NORMAL,27.3,961.7,43.0,HEALTHY,replay,39.4,0.0
2025-01-23T15:00:00+00:00,AWS-BHO-030,28.5,956.0,35.0,False,,low,17.3,NORMAL,27.4,961.4,42.0,HEALTHY,replay,28.8,0.0
2025-01-23T16:00:00+00:00,AWS-BHO-030,28.1,955.8,35.0,False,,low,14.6,NORMAL,26.9,961.2,45.0,HEALTHY,replay,24.3,0.0
2025-01-23T17:00:00+00:00,AWS-BHO-030,26.4,955.8,41.0,False,,low,7.0,NORMAL,25.0,960.8,58.0,HEALTHY,replay,11.7,0.0
2025-01-23T18:00:00+00:00,AWS-BHO-030,23.9,955.9,54.0,False,,low,16.0,NORMAL,22.2,961.0,59.0,HEALTHY,replay,26.7,0.0
2025-01-23T19:00:00+00:00,AWS-BHO-030,23.1,956.5,53.0,False,,low,12.8,NORMAL,20.8,961.5,68.0,HEALTHY,replay,21.4,0.0
2025-01-23T20:00:00+00:00,AWS-BHO-030,22.2,957.3,56.0,False,,low,0.6,NORMAL,19.7,962.1,76.0,HEALTHY,replay,1.0,0.0
2025-01-23T21:00:00+00:00,AWS-BHO-030,20.8,958.1,63.0,False,,low,0.9,NORMAL,19.6,962.9,73.0,HEALTHY,replay,1.6,0.0
2025-01-23T22:00:00+00:00,AWS-BHO-030,19.5,957.9,72.0,False,,low,1.6,NORMAL,18.6,963.2,77.0,HEALTHY,replay,2.7,0.0
2025-01-23T23:00:00+00:00,AWS-BHO-030,18.5,957.8,78.0,False,,low,0.5,NORMAL,17.7,963.4,82.0,HEALTHY,replay,0.9,0.0
2025-01-24T00:00:00+00:00,AWS-BHO-030,17.7,957.4,82.0,False,,low,0.3,NORMAL,16.8,963.0,86.0,HEALTHY,replay,0.4,0.0
2025-01-24T01:00:00+00:00,AWS-BHO-030,16.9,957.1,85.0,False,,low,0.2,NORMAL,16.0,962.6,92.0,HEALTHY,replay,0.3,0.0
2025-01-24T02:00:00+00:00,AWS-BHO-030,16.1,956.6,90.0,False,,low,0.2,NORMAL,15.4,962.2,95.0,HEALTHY,replay,0.3,0.0
2025-01-24T03:00:00+00:00,AWS-BHO-030,15.5,956.4,93.0,False,,low,0.2,NORMAL,15.0,962.2,96.0,HEALTHY,replay,0.3,0.0
2025-01-24T04:00:00+00:00,AWS-BHO-030,15.0,956.5,94.0,False,,low,0.1,NORMAL,14.6,962.1,96.0,HEALTHY,replay,0.2,0.0
2025-01-24T05:00:00+00:00,AWS-BHO-030,14.7,945.4001660774034,94.0,True,spike,medium,67.2,FUSED_CONSENSUS,14.2,962.5,96.0,HEALTHY,replay,53.8,87.4
2025-01-24T06:00:00+00:00,AWS-BHO-030,14.5,953.2231369208369,93.0,False,,low,10.1,NORMAL,14.0,963.2,96.0,HEALTHY,replay,16.8,0.0
2025-01-24T07:00:00+00:00,AWS-BHO-030,14.4,956.4954540108122,90.0,False,,low,1.6,NORMAL,13.9,963.8,94.0,HEALTHY,replay,2.7,0.0
2025-01-24T08:00:00+00:00,AWS-BHO-030,15.7,958.4980242566188,82.0,False,,low,3.5,NORMAL,15.4,964.8,85.0,HEALTHY,replay,5.8,0.0
2025-01-24T09:00:00+00:00,AWS-BHO-030,17.9,960.1,71.0,False,,low,12.0,NORMAL,17.4,965.7,77.0,HEALTHY,replay,19.9,0.0
2025-01-24T10:00:00+00:00,AWS-BHO-030,20.0,960.5,63.0,False,,low,5.7,NORMAL,19.5,966.1,70.0,HEALTHY,replay,9.6,0.0
2025-01-24T11:00:00+00:00,AWS-BHO-030,21.9,960.1,57.0,False,,low,7.0,NORMAL,21.2,965.6,65.0,HEALTHY,replay,11.7,0.0
2025-01-24T12:00:00+00:00,AWS-BHO-030,23.2,959.2,54.0,False,,low,5.1,NORMAL,22.4,964.7,62.0,HEALTHY,replay,8.4,0.0
2025-01-24T13:00:00+00:00,AWS-BHO-030,24.1,958.2,52.0,False,,low,3.1,NORMAL,23.1,963.7,59.0,HEALTHY,replay,5.1,0.0
2025-01-24T14:00:00+00:00,AWS-BHO-030,24.4,957.4,52.0,False,,low,1.9,NORMAL,23.5,962.9,58.0,HEALTHY,replay,3.2,0.0
2025-01-24T15:00:00+00:00,AWS-BHO-030,24.1,957.0,53.0,False,,low,2.6,NORMAL,23.4,962.5,57.0,HEALTHY,replay,4.4,0.0
2025-01-24T16:00:00+00:00,AWS-BHO-030,23.4,957.0,55.0,False,,low,0.9,NORMAL,22.9,962.4,56.0,HEALTHY,replay,1.5,0.0
2025-01-24T17:00:00+00:00,AWS-BHO-030,22.3,957.3,58.0,False,,low,1.6,NORMAL,21.5,962.7,60.0,HEALTHY,replay,2.6,0.0
2025-01-24T18:00:00+00:00,AWS-BHO-030,20.8,958.0,65.0,False,,low,1.2,NORMAL,19.5,963.4,68.0,HEALTHY,replay,2.1,0.0
2025-01-24T19:00:00+00:00,AWS-BHO-030,19.8,958.5,67.0,False,,low,1.0,NORMAL,18.5,964.0,67.0,HEALTHY,replay,1.7,0.0
2025-01-24T20:00:00+00:00,AWS-BHO-030,18.9,959.0,68.0,False,,low,0.7,NORMAL,17.4,964.3,71.0,HEALTHY,replay,1.2,0.0
2025-01-24T21:00:00+00:00,AWS-BHO-030,18.3,959.1,67.0,False,,low,0.6,NORMAL,16.5,964.5,73.0,HEALTHY,replay,1.0,0.0
2025-01-24T22:00:00+00:00,AWS-BHO-030,17.4,959.2,68.0,False,,low,0.4,NORMAL,15.5,964.6,75.0,HEALTHY,replay,0.7,0.0
2025-01-24T23:00:00+00:00,AWS-BHO-030,16.4,958.8,69.0,False,,low,0.3,NORMAL,14.5,964.2,79.0,HEALTHY,replay,0.5,0.0
2025-01-25T00:00:00+00:00,AWS-BHO-030,15.6,958.3,69.0,False,,low,0.2,NORMAL,13.4,963.7,83.0,HEALTHY,replay,0.4,0.0
2025-01-25T01:00:00+00:00,AWS-BHO-030,14.9,958.1,72.0,False,,low,0.2,NORMAL,12.7,963.4,87.0,HEALTHY,replay,0.3,0.0
2025-01-25T02:00:00+00:00,AWS-BHO-030,14.2,957.4,74.0,False,,low,0.2,NORMAL,12.3,962.8,89.0,HEALTHY,replay,0.3,0.0
2025-01-25T03:00:00+00:00,AWS-BHO-030,13.7,957.0,76.0,False,,low,0.2,NORMAL,11.9,962.6,90.0,HEALTHY,replay,0.3,0.0
2025-01-25T04:00:00+00:00,AWS-BHO-030,13.3,956.8,77.0,False,,low,0.2,NORMAL,11.3,962.4,91.0,HEALTHY,replay,0.3,0.0
2025-01-25T05:00:00+00:00,AWS-BHO-030,12.8,957.0,78.0,False,,low,0.3,NORMAL,10.8,962.4,92.0,HEALTHY,replay,0.5,0.0
2025-01-25T06:00:00+00:00,AWS-BHO-030,12.5,957.7,82.0,False,,low,0.3,NORMAL,10.7,963.2,94.0,HEALTHY,replay,0.5,0.0
2025-01-25T07:00:00+00:00,AWS-BHO-030,12.4,958.3,81.0,False,,low,0.3,NORMAL,11.1,963.9,92.0,HEALTHY,replay,0.5,0.0
2025-01-25T08:00:00+00:00,AWS-BHO-030,14.4,959.3,72.0,False,,low,0.4,NORMAL,13.8,965.1,81.0,HEALTHY,replay,0.6,0.0
2025-01-25T09:00:00+00:00,AWS-BHO-030,17.5,960.5,59.0,False,,low,3.2,NORMAL,16.9,966.1,68.0,HEALTHY,replay,5.3,0.0
2025-01-25T10:00:00+00:00,AWS-BHO-030,20.3,960.9,47.0,False,,low,6.8,NORMAL,19.6,966.5,56.0,HEALTHY,replay,11.4,0.0
2025-01-25T11:00:00+00:00,AWS-BHO-030,22.3,960.5,42.0,False,,low,3.4,NORMAL,21.3,966.1,49.0,HEALTHY,replay,5.6,0.0
2025-01-25T12:00:00+00:00,AWS-BHO-030,23.8,959.8,40.0,False,,low,1.7,NORMAL,22.5,965.2,47.0,HEALTHY,replay,2.9,0.0
2025-01-25T13:00:00+00:00,AWS-BHO-030,24.7,958.9,39.0,False,,low,0.7,NORMAL,23.3,964.3,46.0,HEALTHY,replay,1.2,0.0
2025-01-25T14:00:00+00:00,AWS-BHO-030,25.0,958.0,39.0,False,,low,0.4,NORMAL,23.6,963.5,47.0,HEALTHY,replay,0.7,0.0
2025-01-25T15:00:00+00:00,AWS-BHO-030,24.9,957.6,40.0,False,,low,0.4,NORMAL,23.4,963.2,48.0,HEALTHY,replay,0.6,0.0
2025-01-25T16:00:00+00:00,AWS-BHO-030,24.3,957.5,42.0,False,,low,0.2,NORMAL,22.7,963.1,50.0,HEALTHY,replay,0.4,0.0
2025-01-25T17:00:00+00:00,AWS-BHO-030,22.6,957.7,49.0,False,,low,0.2,NORMAL,21.0,963.1,59.0,HEALTHY,replay,0.3,0.0
2025-01-25T18:00:00+00:00,AWS-BHO-030,21.0,957.8,57.0,False,,low,0.3,NORMAL,19.4,963.2,63.0,HEALTHY,replay,0.5,0.0
2025-01-25T19:00:00+00:00,AWS-BHO-030,20.0,958.2,60.0,False,,low,0.2,NORMAL,17.6,963.4,69.0,HEALTHY,replay,0.3,0.0
2025-01-25T20:00:00+00:00,AWS-BHO-030,18.9,958.6,64.0,False,,low,0.1,NORMAL,16.7,963.8,72.0,HEALTHY,replay,0.1,0.0
2025-01-25T21:00:00+00:00,AWS-BHO-030,18.3,958.7,65.0,False,,low,0.1,NORMAL,15.5,964.0,75.0,HEALTHY,replay,0.1,0.0
2025-01-25T22:00:00+00:00,AWS-BHO-030,18.0,958.8,65.0,False,,low,0.1,NORMAL,15.2,964.0,78.0,HEALTHY,replay,0.1,0.0
2025-01-25T23:00:00+00:00,AWS-BHO-030,17.4,958.5,66.0,False,,low,0.1,NORMAL,14.4,963.6,81.0,HEALTHY,replay,0.2,0.0
2025-01-26T00:00:00+00:00,AWS-BHO-030,16.6,967.8016624419658,69.0,False,,low,12.9,NORMAL,13.8,963.1,84.0,HEALTHY,replay,21.6,0.0
2025-01-26T01:00:00+00:00,AWS-BHO-030,15.9,957.3,72.0,False,,low,1.0,NORMAL,13.1,962.7,85.0,HEALTHY,replay,1.6,0.0
2025-01-26T02:00:00+00:00,AWS-BHO-030,15.3,956.9,75.0,False,,low,0.5,NORMAL,12.5,962.1,86.0,HEALTHY,replay,0.9,0.0
2025-01-26T03:00:00+00:00,AWS-BHO-030,14.6,956.5,76.0,False,,low,0.5,NORMAL,11.7,961.7,89.0,HEALTHY,replay,0.9,0.0
2025-01-26T04:00:00+00:00,AWS-BHO-030,14.0,956.3,75.0,False,,low,0.4,NORMAL,11.0,961.6,89.0,HEALTHY,replay,0.6,0.0
2025-01-26T05:00:00+00:00,AWS-BHO-030,13.5,956.4,74.0,False,,low,0.6,NORMAL,10.6,961.8,88.0,HEALTHY,replay,1.1,0.0
2025-01-26T06:00:00+00:00,AWS-BHO-030,12.9,957.3,80.0,False,,low,0.4,NORMAL,10.6,962.8,91.0,HEALTHY,replay,0.7,0.0
2025-01-26T07:00:00+00:00,AWS-BHO-030,12.7,957.9,80.0,False,,low,0.4,NORMAL,11.0,963.5,87.0,HEALTHY,replay,0.6,0.0
2025-01-26T08:00:00+00:00,AWS-BHO-030,14.6,959.2,70.0,False,,low,0.7,NORMAL,13.9,964.9,75.0,HEALTHY,replay,1.2,0.0
2025-01-26T09:00:00+00:00,AWS-BHO-030,17.9,960.6,54.0,False,,low,11.6,NORMAL,17.0,966.1,65.0,HEALTHY,replay,19.4,0.0
2025-01-26T10:00:00+00:00,AWS-BHO-030,20.9,961.2,44.0,False,,low,17.7,NORMAL,19.9,966.8,55.0,HEALTHY,replay,29.5,0.0
2025-01-26T11:00:00+00:00,AWS-BHO-030,23.0,960.7,40.0,False,,low,4.4,NORMAL,21.7,966.2,50.0,HEALTHY,replay,7.3,0.0
2025-01-26T12:00:00+00:00,AWS-BHO-030,24.4,959.6,38.0,False,,low,2.2,NORMAL,22.9,965.1,45.0,HEALTHY,replay,3.7,0.0
2025-01-26T13:00:00+00:00,AWS-BHO-030,25.6,958.4,35.0,False,,low,2.3,NORMAL,23.7,963.9,43.0,HEALTHY,replay,3.8,0.0
2025-01-26T14:00:00+00:00,AWS-BHO-030,26.1,957.5,33.0,False,,low,2.2,NORMAL,24.0,963.0,43.0,HEALTHY,replay,3.6,0.0
2025-01-26T15:00:00+00:00,AWS-BHO-030,26.1,956.8,33.0,False,,low,0.8,NORMAL,23.7,962.4,46.0,HEALTHY,replay,1.3,0.0
2025-01-26T16:00:00+00:00,AWS-BHO-030,25.5,956.4,35.0,False,,low,0.7,NORMAL,22.9,962.1,48.0,HEALTHY,replay,1.2,0.0
2025-01-26T17:00:00+00:00,AWS-BHO-030,23.5,956.4,44.0,False,,low,1.0,NORMAL,20.8,961.8,57.0,HEALTHY,replay,1.7,0.0
2025-01-26T18:00:00+00:00,AWS-BHO-030,21.1,956.3,56.0,False,,low,2.6,NORMAL,18.4,961.7,63.0,HEALTHY,replay,4.3,0.0
2025-01-26T19:00:00+00:00,AWS-BHO-030,19.6,957.0,61.0,False,,low,0.9,NORMAL,17.0,962.1,65.0,HEALTHY,replay,1.5,0.0
2025-01-26T20:00:00+00:00,AWS-BHO-030,18.3,957.3,63.0,False,,low,0.4,NORMAL,15.8,962.5,68.0,HEALTHY,replay,0.6,0.0
2025-01-26T21:00:00+00:00,AWS-BHO-030,17.6,957.6,62.0,False,,low,0.2,NORMAL,14.7,962.7,72.0,HEALTHY,replay,0.3,0.0
2025-01-26T22:00:00+00:00,AWS-BHO-030,17.0,957.5,61.0,False,,low,0.2,NORMAL,14.0,962.5,72.0,HEALTHY,replay,0.4,0.0
2025-01-26T23:00:00+00:00,AWS-BHO-030,16.1,957.0,62.0,False,,low,0.2,NORMAL,12.8,962.1,75.0,HEALTHY,replay,0.3,0.0
2025-01-27T00:00:00+00:00,AWS-BHO-030,15.3,956.6,64.0,False,,low,0.3,NORMAL,12.3,961.6,77.0,HEALTHY,replay,0.4,0.0
2025-01-27T01:00:00+00:00,AWS-BHO-030,14.2,956.0,66.0,False,,low,0.1,NORMAL,12.0,961.2,79.0,HEALTHY,replay,0.2,0.0
2025-01-27T02:00:00+00:00,AWS-BHO-030,13.6,955.5,65.0,False,,low,0.2,NORMAL,11.9,960.9,81.0,HEALTHY,replay,0.4,0.0
2025-01-27T03:00:00+00:00,AWS-BHO-030,13.1,955.2,66.0,False,,low,0.2,NORMAL,11.3,960.7,82.0,HEALTHY,replay,0.3,0.0
2025-01-27T04:00:00+00:00,AWS-BHO-030,13.5,955.3,63.0,False,,low,0.1,NORMAL,10.8,960.8,82.0,HEALTHY,replay,0.2,0.0
2025-01-27T05:00:00+00:00,AWS-BHO-030,13.3,955.2,64.0,False,,low,0.2,NORMAL,9.7,960.7,86.0,HEALTHY,replay,0.3,0.0
2025-01-27T06:00:00+00:00,AWS-BHO-030,12.5,955.9,72.0,False,,low,0.5,NORMAL,9.2,961.2,93.0,HEALTHY,replay,0.9,0.0
2025-01-27T07:00:00+00:00,AWS-BHO-030,12.2,956.6,75.0,False,,low,0.4,NORMAL,9.3,962.0,93.0,HEALTHY,replay,0.6,0.0
2025-01-27T08:00:00+00:00,AWS-BHO-030,14.0,957.6,69.0,False,,low,0.3,NORMAL,12.3,963.2,82.0,HEALTHY,replay,0.5,0.0
2025-01-27T09:00:00+00:00,AWS-BHO-030,17.5,958.9,56.0,False,,low,1.9,NORMAL,16.3,964.5,71.0,HEALTHY,replay,3.1,0.0
2025-01-27T10:00:00+00:00,AWS-BHO-030,21.0,959.2,44.0,False,,low,5.6,NORMAL,19.5,964.8,60.0,HEALTHY,replay,9.3,0.0
2025-01-27T11:00:00+00:00,AWS-BHO-030,23.3,958.8,36.0,False,,low,3.2,NORMAL,21.6,964.3,51.0,HEALTHY,replay,5.3,0.0
2025-01-27T12:00:00+00:00,AWS-BHO-030,24.7,957.7,34.0,False,,low,2.8,NORMAL,22.8,963.2,44.0,HEALTHY,replay,4.7,0.0
2025-01-27T13:00:00+00:00,AWS-BHO-030,25.6,956.5,33.0,False,,low,1.8,NORMAL,23.5,962.1,40.0,HEALTHY,replay,3.0,0.0
2025-01-27T14:00:00+00:00,AWS-BHO-030,26.0,955.7,32.0,False,,low,1.2,NORMAL,23.7,961.2,39.0,HEALTHY,replay,2.1,0.0
2025-01-27T15:00:00+00:00,AWS-BHO-030,25.9,955.2,34.0,False,,low,0.8,NORMAL,23.6,960.8,39.0,HEALTHY,replay,1.3,0.0
2025-01-27T16:00:00+00:00,AWS-BHO-030,24.9,955.1,37.0,False,,low,0.6,NORMAL,22.8,960.6,40.0,HEALTHY,replay,0.9,0.0
2025-01-27T17:00:00+00:00,AWS-BHO-030,22.8,955.2,44.0,False,,low,0.4,NORMAL,20.2,960.5,60.0,HEALTHY,replay,0.6,0.0
2025-01-27T18:00:00+00:00,AWS-BHO-030,21.0,955.3,51.0,False,,low,0.5,NORMAL,18.6,960.3,58.0,HEALTHY,replay,0.8,0.0
2025-01-27T19:00:00+00:00,AWS-BHO-030,19.8,955.5,54.0,False,,low,0.3,NORMAL,17.7,960.5,59.0,HEALTHY,replay,0.4,0.0
2025-01-27T20:00:00+00:00,AWS-BHO-030,18.7,956.0,52.0,False,,low,0.2,NORMAL,17.0,961.0,62.0,HEALTHY,replay,0.3,0.0
2025-01-27T21:00:00+00:00,AWS-BHO-030,18.1,956.3,50.0,False,,low,0.1,NORMAL,16.0,961.4,64.0,HEALTHY,replay,0.2,0.0
2025-01-27T22:00:00+00:00,AWS-BHO-030,17.8,956.2,50.0,False,,low,0.1,NORMAL,14.6,961.2,71.0,HEALTHY,replay,0.2,0.0
2025-01-27T23:00:00+00:00,AWS-BHO-030,17.3,955.7,50.0,False,,low,0.2,NORMAL,12.9,960.7,77.0,HEALTHY,replay,0.3,0.0
2025-01-28T00:00:00+00:00,AWS-BHO-030,16.4,955.1,53.0,False,,low,0.1,NORMAL,12.4,960.1,77.0,HEALTHY,replay,0.2,0.0
2025-01-28T01:00:00+00:00,AWS-BHO-030,15.1,954.6,60.0,False,,low,0.1,NORMAL,12.2,959.8,79.0,HEALTHY,replay,0.2,0.0
2025-01-28T02:00:00+00:00,AWS-BHO-030,13.8,954.0,68.0,False,,low,0.3,NORMAL,11.9,959.3,79.0,HEALTHY,replay,0.4,0.0
2025-01-28T03:00:00+00:00,AWS-BHO-030,13.3,953.6,70.0,False,,low,0.2,NORMAL,11.6,959.1,77.0,HEALTHY,replay,0.3,0.0
2025-01-28T04:00:00+00:00,AWS-BHO-030,13.3,953.6,70.0,False,,low,0.1,NORMAL,11.1,959.1,78.0,HEALTHY,replay,0.2,0.0
2025-01-28T05:00:00+00:00,AWS-BHO-030,12.9,954.0,71.0,False,,low,0.1,NORMAL,9.6,959.4,86.0,HEALTHY,replay,0.1,0.0
2025-01-28T06:00:00+00:00,AWS-BHO-030,12.4,955.2,73.0,False,,low,0.1,NORMAL,9.3,960.5,88.0,HEALTHY,replay,0.2,0.0
2025-01-28T07:00:00+00:00,AWS-BHO-030,12.0,955.7,74.0,False,,low,0.1,NORMAL,10.6,961.2,82.0,HEALTHY,replay,0.2,0.0
2025-01-28T08:00:00+00:00,AWS-BHO-030,14.4,957.1,65.0,False,,low,0.4,NORMAL,13.7,962.7,77.0,HEALTHY,replay,0.7,0.0
2025-01-28T09:00:00+00:00,AWS-BHO-030,18.2,958.4,53.0,False,,low,4.0,NORMAL,17.7,964.1,65.0,HEALTHY,replay,6.6,0.0
2025-01-28T10:00:00+00:00,AWS-BHO-030,21.3,958.9,44.0,False,,low,7.0,NORMAL,20.2,964.5,55.0,HEALTHY,replay,11.6,0.0
2025-01-28T11:00:00+00:00,AWS-BHO-030,23.4,958.7,38.0,False,,low,1.8,NORMAL,22.1,964.1,48.0,HEALTHY,replay,3.0,0.0
2025-01-28T12:00:00+00:00,AWS-BHO-030,24.8,957.8,34.0,False,,low,1.0,NORMAL,23.3,963.3,45.0,HEALTHY,replay,1.7,0.0
2025-01-28T13:00:00+00:00,AWS-BHO-030,25.8,957.1,32.0,False,,low,0.4,NORMAL,24.1,962.6,41.0,HEALTHY,replay,0.7,0.0
2025-01-28T14:00:00+00:00,AWS-BHO-030,26.1,956.3,32.0,False,,low,0.3,NORMAL,24.6,961.9,38.0,HEALTHY,replay,0.6,0.0
2025-01-28T15:00:00+00:00,AWS-BHO-030,26.0,955.9,33.0,False,,low,0.3,NORMAL,24.5,961.4,39.0,HEALTHY,replay,0.5,0.0
2025-01-28T16:00:00+00:00,AWS-BHO-030,25.4,955.7,35.0,False,,low,0.3,NORMAL,23.9,961.1,42.0,HEALTHY,replay,0.6,0.0
2025-01-28T17:00:00+00:00,AWS-BHO-030,24.1,955.7,37.0,False,,low,0.2,NORMAL,21.2,960.9,59.0,HEALTHY,replay,0.4,0.0
2025-01-28T18:00:00+00:00,AWS-BHO-030,22.2,955.9,46.0,False,,low,0.3,NORMAL,19.1,960.9,61.0,HEALTHY,replay,0.5,0.0
2025-01-28T19:00:00+00:00,AWS-BHO-030,20.4,956.3,53.0,False,,low,0.4,NORMAL,17.5,961.5,67.0,HEALTHY,replay,0.6,0.0
2025-01-28T20:00:00+00:00,AWS-BHO-030,19.3,957.0,56.0,False,,low,0.2,NORMAL,16.6,962.2,70.0,HEALTHY,replay,0.3,0.0
2025-01-28T21:00:00+00:00,AWS-BHO-030,18.6,957.4,57.0,False,,low,0.1,NORMAL,15.5,962.6,74.0,HEALTHY,replay,0.2,0.0
2025-01-28T22:00:00+00:00,AWS-BHO-030,17.7,957.3,60.0,False,,low,0.1,NORMAL,14.6,962.6,77.0,HEALTHY,replay,0.2,0.0
2025-01-28T23:00:00+00:00,AWS-BHO-030,16.9,957.0,62.0,False,,low,0.1,NORMAL,14.4,962.3,76.0,HEALTHY,replay,0.2,0.0
2025-01-29T00:00:00+00:00,AWS-BHO-030,16.3,956.6,65.0,False,,low,0.1,NORMAL,14.1,962.0,77.0,HEALTHY,replay,0.2,0.0
2025-01-29T01:00:00+00:00,AWS-BHO-030,15.8,956.2,66.0,False,,low,0.1,NORMAL,13.6,961.5,77.0,HEALTHY,replay,0.2,0.0
2025-01-29T02:00:00+00:00,AWS-BHO-030,15.2,955.8,69.0,False,,low,0.1,NORMAL,13.3,961.1,70.0,HEALTHY,replay,0.2,0.0
2025-01-29T03:00:00+00:00,AWS-BHO-030,14.9,955.3,69.0,False,,low,0.1,NORMAL,12.9,960.6,68.0,HEALTHY,replay,0.2,0.0
2025-01-29T04:00:00+00:00,AWS-BHO-030,14.4,955.3,69.0,False,,low,0.1,NORMAL,12.5,960.7,67.0,HEALTHY,replay,0.2,0.0
2025-01-29T05:00:00+00:00,AWS-BHO-030,14.4,955.4,64.0,False,,low,0.4,NORMAL,12.4,960.8,66.0,HEALTHY,replay,0.6,0.0
2025-01-29T06:00:00+00:00,AWS-BHO-030,14.2,956.3,58.0,False,,low,0.5,NORMAL,12.1,961.8,68.0,HEALTHY,replay,0.9,0.0
2025-01-29T07:00:00+00:00,AWS-BHO-030,14.1,957.3,53.0,False,,low,0.8,NORMAL,11.6,962.7,67.0,HEALTHY,replay,1.3,0.0
2025-01-29T08:00:00+00:00,AWS-BHO-030,15.9,958.4,45.0,False,,low,2.1,NORMAL,14.9,963.9,58.0,HEALTHY,replay,3.4,0.0
2025-01-29T09:00:00+00:00,AWS-BHO-030,19.2,959.6,37.0,False,,low,11.7,NORMAL,18.7,965.2,53.0,HEALTHY,replay,19.5,0.0
2025-01-29T10:00:00+00:00,AWS-BHO-030,22.4,960.4,33.0,False,,low,9.9,NORMAL,21.3,965.9,46.0,HEALTHY,replay,16.5,0.0
2025-01-29T11:00:00+00:00,AWS-BHO-030,25.2,960.2,31.0,False,,low,3.1,NORMAL,23.6,965.7,43.0,HEALTHY,replay,5.1,0.0
2025-01-29T12:00:00+00:00,AWS-BHO-030,27.1,959.2,30.0,False,,low,1.1,NORMAL,25.3,964.6,41.0,HEALTHY,replay,1.9,0.0
2025-01-29T13:00:00+00:00,AWS-BHO-030,28.3,957.9,26.0,False,,low,1.8,NORMAL,26.4,963.3,40.0,HEALTHY,replay,3.0,0.0
2025-01-29T14:00:00+00:00,AWS-BHO-030,28.9,957.0,26.0,False,,low,1.5,NORMAL,26.9,962.4,39.0,HEALTHY,replay,2.5,0.0
2025-01-29T15:00:00+00:00,AWS-BHO-030,29.1,956.5,26.0,False,,low,1.3,NORMAL,26.9,961.9,40.0,HEALTHY,replay,2.2,0.0
2025-01-29T16:00:00+00:00,AWS-BHO-030,28.6,948.413326214864,27.0,False,,low,37.7,NORMAL,26.4,961.4,43.0,HEALTHY,replay,62.8,0.0
2025-01-29T17:00:00+00:00,AWS-BHO-030,26.8,955.9,34.0,False,,low,6.8,NORMAL,23.4,961.0,63.0,HEALTHY,replay,11.3,0.0
2025-01-29T18:00:00+00:00,AWS-BHO-030,23.8,955.4,48.0,False,,low,7.4,NORMAL,21.0,960.6,64.0,HEALTHY,replay,12.4,0.0
2025-01-29T19:00:00+00:00,AWS-BHO-030,22.0,955.9,57.0,False,,low,9.3,NORMAL,20.0,961.0,64.0,HEALTHY,replay,15.5,0.0
2025-01-29T20:00:00+00:00,AWS-BHO-030,21.2,956.4,66.0,False,,low,6.4,NORMAL,19.3,961.7,66.0,HEALTHY,replay,10.7,0.0
2025-01-29T21:00:00+00:00,AWS-BHO-030,20.3,956.6,73.0,False,,low,6.6,NORMAL,18.5,961.8,74.0,HEALTHY,replay,11.0,0.0
2025-01-29T22:00:00+00:00,AWS-BHO-030,19.6,956.3,77.0,False,,low,3.2,NORMAL,17.9,961.7,76.0,HEALTHY,replay,5.3,0.0
2025-01-29T23:00:00+00:00,AWS-BHO-030,19.0,956.0,79.0,False,,low,1.1,NORMAL,17.4,961.3,77.0,HEALTHY,replay,1.8,0.0
2025-01-30T00:00:00+00:00,AWS-BHO-030,18.5,955.6,81.0,False,,low,0.8,NORMAL,16.6,960.9,80.0,HEALTHY,replay,1.3,0.0
2025-01-30T01:00:00+00:00,AWS-BHO-030,18.0,955.1,82.0,False,,low,0.5,NORMAL,15.7,960.5,85.0,HEALTHY,replay,0.8,0.0
2025-01-30T02:00:00+00:00,AWS-BHO-030,17.8,954.4,81.0,False,,low,1.2,NORMAL,15.0,959.6,90.0,HEALTHY,replay,2.0,0.0
2025-01-30T03:00:00+00:00,AWS-BHO-030,17.8,954.0,79.0,False,,low,1.7,NORMAL,14.7,959.1,91.0,HEALTHY,replay,2.8,0.0
2025-01-30T04:00:00+00:00,AWS-BHO-030,17.6,953.8,78.0,False,,low,1.0,NORMAL,14.5,958.9,92.0,HEALTHY,replay,1.7,0.0
2025-01-30T05:00:00+00:00,AWS-BHO-030,17.2,953.7,77.0,False,,low,1.5,NORMAL,14.4,958.9,91.0,HEALTHY,replay,2.4,0.0
2025-01-30T06:00:00+00:00,AWS-BHO-030,16.5,954.8,80.0,False,,low,0.8,NORMAL,13.9,960.1,93.0,HEALTHY,replay,1.3,0.0
2025-01-30T07:00:00+00:00,AWS-BHO-030,16.6,955.8,71.0,False,,low,3.3,NORMAL,14.5,961.1,92.0,HEALTHY,replay,5.5,0.0
2025-01-30T08:00:00+00:00,AWS-BHO-030,18.6,956.8,60.0,False,,low,5.3,NORMAL,17.0,962.3,82.0,HEALTHY,replay,8.8,0.0
2025-01-30T09:00:00+00:00,AWS-BHO-030,21.6,957.7,50.0,False,,low,6.0,NORMAL,20.4,963.2,69.0,HEALTHY,replay,10.0,0.0
2025-01-30T10:00:00+00:00,AWS-BHO-030,24.7,958.3,39.0,False,,low,22.9,NORMAL,22.9,963.7,58.0,HEALTHY,replay,38.1,0.0
2025-01-30T11:00:00+00:00,AWS-BHO-030,26.9,958.0,28.0,False,,low,12.5,NORMAL,25.0,963.3,49.0,HEALTHY,replay,20.8,0.0
2025-01-30T12:00:00+00:00,AWS-BHO-030,28.3,957.1,20.0,False,,low,15.7,NORMAL,26.6,962.4,39.0,HEALTHY,replay,26.2,0.0
2025-01-30T13:00:00+00:00,AWS-BHO-030,28.9,956.0,16.0,False,,low,12.4,NORMAL,27.5,961.3,31.0,HEALTHY,replay,20.6,0.0
2025-01-30T14:00:00+00:00,AWS-BHO-030,29.0,955.0,16.0,False,,low,9.0,NORMAL,27.9,960.2,28.0,HEALTHY,replay,14.9,0.0
2025-01-30T15:00:00+00:00,AWS-BHO-030,28.7,954.5,19.0,False,,low,3.7,NORMAL,27.9,959.6,26.0,HEALTHY,replay,6.1,0.0
2025-01-30T16:00:00+00:00,AWS-BHO-030,27.9,954.3,22.0,False,,low,2.5,NORMAL,27.2,959.2,32.0,HEALTHY,replay,4.1,0.0
2025-01-30T17:00:00+00:00,AWS-BHO-030,26.4,954.2,26.0,False,,low,0.8,NORMAL,25.0,958.9,49.0,HEALTHY,replay,1.3,0.0
2025-01-30T18:00:00+00:00,AWS-BHO-030,24.8,954.1,31.0,False,,low,1.3,NORMAL,21.8,958.8,44.0,HEALTHY,replay,2.1,0.0
2025-01-30T19:00:00+00:00,AWS-BHO-030,22.8,954.0,36.0,False,,low,1.1,NORMAL,19.1,958.9,47.0,HEALTHY,replay,1.8,0.0
2025-01-30T20:00:00+00:00,AWS-BHO-030,20.9,954.7,46.0,False,,low,3.9,NORMAL,17.9,959.5,60.0,HEALTHY,replay,6.5,0.0
2025-01-30T21:00:00+00:00,AWS-BHO-030,19.9,955.0,55.0,False,,low,2.7,NORMAL,17.0,960.0,57.0,HEALTHY,replay,4.5,0.0
2025-01-30T22:00:00+00:00,AWS-BHO-030,20.0,955.1,55.0,False,,low,0.5,NORMAL,16.9,960.2,60.0,HEALTHY,replay,0.8,0.0
2025-01-30T23:00:00+00:00,AWS-BHO-030,19.1,954.6,57.0,False,,low,0.4,NORMAL,16.2,959.8,68.0,HEALTHY,replay,0.6,0.0
2025-01-31T00:00:00+00:00,AWS-BHO-030,18.1,953.9,61.0,False,,low,0.5,NORMAL,15.4,959.0,71.0,HEALTHY,replay,0.8,0.0
2025-01-31T01:00:00+00:00,AWS-BHO-030,17.4,953.4,65.0,False,,low,0.3,NORMAL,14.7,958.5,73.0,HEALTHY,replay,0.5,0.0
2025-01-31T02:00:00+00:00,AWS-BHO-030,17.7,953.1,57.0,False,,low,0.9,NORMAL,13.8,958.0,73.0,HEALTHY,replay,1.5,0.0
2025-01-31T03:00:00+00:00,AWS-BHO-030,17.4,952.9,54.0,False,,low,0.6,NORMAL,13.0,957.7,75.0,HEALTHY,replay,1.0,0.0
2025-01-31T04:00:00+00:00,AWS-BHO-030,16.6,952.7,54.0,False,,low,0.5,NORMAL,12.8,957.7,75.0,HEALTHY,replay,0.9,0.0
2025-01-31T05:00:00+00:00,AWS-BHO-030,16.2,946.0947065117326,54.0,False,,low,35.0,NORMAL,12.6,958.0,74.0,HEALTHY,replay,58.3,0.0
2025-01-31T06:00:00+00:00,AWS-BHO-030,15.8,953.9,59.0,False,,low,4.0,NORMAL,12.6,959.0,78.0,HEALTHY,replay,6.6,0.0
2025-01-31T07:00:00+00:00,AWS-BHO-030,15.7,954.6,59.0,False,,low,2.5,NORMAL,12.9,959.9,78.0,HEALTHY,replay,4.1,0.0
2025-01-31T08:00:00+00:00,AWS-BHO-030,17.7,956.1,54.0,False,,low,4.8,NORMAL,15.9,961.5,71.0,HEALTHY,replay,8.1,0.0
2025-01-31T09:00:00+00:00,AWS-BHO-030,20.9,957.6,45.0,False,,low,7.4,NORMAL,19.4,963.0,63.0,HEALTHY,replay,12.4,0.0
2025-01-31T10:00:00+00:00,AWS-BHO-030,23.8,958.1,37.0,False,,low,8.7,NORMAL,22.3,963.5,53.0,HEALTHY,replay,14.5,0.0
2025-01-31T11:00:00+00:00,AWS-BHO-030,25.9,957.6,30.0,False,,low,7.9,NORMAL,24.2,963.0,46.0,HEALTHY,replay,13.1,0.0
2025-01-31T12:00:00+00:00,AWS-BHO-030,27.0,956.9,28.0,False,,low,3.4,NORMAL,25.6,962.3,40.0,HEALTHY,replay,5.7,0.0
2025-01-31T13:00:00+00:00,AWS-BHO-030,27.8,955.9,28.0,False,,low,2.6,NORMAL,26.5,961.2,36.0,HEALTHY,replay,4.4,0.0
2025-01-31T14:00:00+00:00,AWS-BHO-030,28.5,955.1,26.0,False,,low,2.6,NORMAL,27.0,960.6,36.0,HEALTHY,replay,4.3,0.0
2025-01-31T15:00:00+00:00,AWS-BHO-030,28.3,954.5,27.0,False,,low,1.5,NORMAL,27.2,960.0,35.0,HEALTHY,replay,2.5,0.0
2025-01-31T16:00:00+00:00,AWS-BHO-030,27.6,954.4,30.0,False,,low,1.3,NORMAL,26.6,959.7,39.0,HEALTHY,replay,2.2,0.0
2025-01-31T17:00:00+00:00,AWS-BHO-030,25.8,954.3,36.0,False,,low,1.0,NORMAL,24.0,959.4,56.0,HEALTHY,replay,1.7,0.0
2025-01-31T18:00:00+00:00,AWS-BHO-030,23.4,954.4,46.0,False,,low,1.9,NORMAL,21.7,959.3,55.0,HEALTHY,replay,3.2,0.0
2025-01-31T19:00:00+00:00,AWS-BHO-030,22.2,954.9,50.0,False,,low,0.9,NORMAL,20.4,959.8,54.0,HEALTHY,replay,1.5,0.0
2025-01-31T20:00:00+00:00,AWS-BHO-030,21.4,955.4,55.0,False,,low,0.6,NORMAL,19.3,960.4,62.0,HEALTHY,replay,1.0,0.0
2025-01-31T21:00:00+00:00,AWS-BHO-030,20.9,955.7,57.0,False,,low,0.3,NORMAL,17.6,960.7,67.0,HEALTHY,replay,0.5,0.0
2025-01-31T22:00:00+00:00,AWS-BHO-030,20.4,955.8,58.0,False,,low,0.2,NORMAL,16.7,960.7,69.0,HEALTHY,replay,0.4,0.0
2025-01-31T23:00:00+00:00,AWS-BHO-030,19.9,955.3,57.0,False,,low,0.2,NORMAL,16.1,960.2,73.0,HEALTHY,replay,0.3,0.0
2025-02-01T00:00:00+00:00,AWS-BHO-030,19.7,954.8,55.0,False,,low,0.3,NORMAL,15.9,959.8,73.0,HEALTHY,replay,0.5,0.0
2025-02-01T01:00:00+00:00,AWS-BHO-030,19.4,954.3,53.0,False,,low,0.3,NORMAL,15.3,959.3,74.0,HEALTHY,replay,0.5,0.0
2025-02-01T02:00:00+00:00,AWS-BHO-030,18.900850447854303,953.9,53.0,False,,low,0.2,NORMAL,14.8,958.9,75.0,HEALTHY,replay,0.3,0.0
2025-02-01T03:00:00+00:00,AWS-BHO-030,18.14340691743321,953.8,55.0,False,,low,0.2,NORMAL,14.2,958.6,79.0,HEALTHY,replay,0.3,0.0
2025-02-01T04:00:00+00:00,AWS-BHO-030,16.752412232109815,953.8,61.0,False,,low,0.2,NORMAL,13.8,958.8,79.0,HEALTHY,replay,0.4,0.0
2025-02-01T05:00:00+00:00,AWS-BHO-030,15.535727464287405,953.9,67.0,False,,low,0.3,NORMAL,13.3,959.1,80.0,HEALTHY,replay,0.5,0.0
2025-02-01T06:00:00+00:00,AWS-BHO-030,14.597679497179731,954.8,74.0,False,,low,0.4,NORMAL,12.9,960.1,85.0,HEALTHY,replay,0.6,0.0
2025-02-01T07:00:00+00:00,AWS-BHO-030,14.441090106176224,955.5,75.0,False,,low,0.2,NORMAL,13.5,960.9,83.0,HEALTHY,replay,0.4,0.0
2025-02-01T08:00:00+00:00,AWS-BHO-030,16.36797679224949,956.9,66.0,False,,low,0.6,NORMAL,16.6,962.4,76.0,HEALTHY,replay,1.0,0.0
2025-02-01T09:00:00+00:00,AWS-BHO-030,19.579869175636432,958.2,51.0,False,,low,4.9,NORMAL,20.0,963.6,67.0,HEALTHY,replay,8.1,0.0
2025-02-01T10:00:00+00:00,AWS-BHO-030,22.077975418445373,958.8,40.0,False,,low,9.0,NORMAL,22.6,964.2,52.0,HEALTHY,replay,15.0,0.0
2025-02-01T11:00:00+00:00,AWS-BHO-030,23.4632790913786,958.5,35.0,False,,low,4.2,NORMAL,24.3,964.0,45.0,HEALTHY,replay,6.9,0.0
2025-02-01T12:00:00+00:00,AWS-BHO-030,24.1365998089571,957.9,33.0,False,,low,1.8,NORMAL,25.5,963.3,42.0,HEALTHY,replay,3.1,0.0
2025-02-01T13:00:00+00:00,AWS-BHO-030,24.598633332681207,957.1,32.0,False,,low,0.9,NORMAL,26.1,962.5,42.0,HEALTHY,replay,1.4,0.0
2025-02-01T14:00:00+00:00,AWS-BHO-030,24.74997926606496,956.2,30.0,False,,low,1.0,NORMAL,26.5,961.6,42.0,HEALTHY,replay,1.6,0.0
2025-02-01T15:00:00+00:00,AWS-BHO-030,24.59116085986929,955.7,29.0,False,,low,0.5,NORMAL,26.8,961.2,40.0,HEALTHY,replay,0.8,0.0
2025-02-01T16:00:00+00:00,AWS-BHO-030,23.722639588959616,955.8,30.0,False,,low,0.4,NORMAL,26.5,961.1,38.0,HEALTHY,replay,0.7,0.0
2025-02-01T17:00:00+00:00,AWS-BHO-030,22.344826143661724,956.1,32.0,False,,low,0.6,NORMAL,24.8,961.2,51.0,HEALTHY,replay,1.0,0.0
2025-02-01T18:00:00+00:00,AWS-BHO-030,20.358088890134447,956.2,34.0,False,,low,0.9,NORMAL,22.4,961.2,58.0,HEALTHY,replay,1.6,0.0
2025-02-01T19:00:00+00:00,AWS-BHO-030,18.562760499391867,956.7,38.0,False,,low,1.0,NORMAL,20.3,961.6,65.0,HEALTHY,replay,1.7,0.0
2025-02-01T20:00:00+00:00,AWS-BHO-030,16.659143222526946,957.2,44.0,False,,low,2.0,NORMAL,19.7,962.2,65.0,HEALTHY,replay,3.3,0.0
2025-02-01T21:00:00+00:00,AWS-BHO-030,15.147513146241764,957.8,46.0,False,,low,2.1,NORMAL,18.3,962.6,68.0,HEALTHY,replay,3.6,0.0
2025-02-01T22:00:00+00:00,AWS-BHO-030,13.628123667541914,957.6,48.0,False,,low,2.0,NORMAL,17.1,962.5,68.0,HEALTHY,replay,3.4,0.0
2025-02-01T23:00:00+00:00,AWS-BHO-030,12.701208361656729,957.2,47.0,False,,low,1.6,NORMAL,16.4,962.2,64.0,HEALTHY,replay,2.7,0.0
2025-02-02T00:00:00+00:00,AWS-BHO-030,11.56698337220863,956.7,47.0,False,,low,1.4,NORMAL,15.6,961.8,65.0,HEALTHY,replay,2.3,0.0
2025-02-02T01:00:00+00:00,AWS-BHO-030,10.52564942074314,956.4,48.0,False,,low,0.8,NORMAL,14.9,961.6,67.0,HEALTHY,replay,1.4,0.0
2025-02-02T02:00:00+00:00,AWS-BHO-030,9.377393509726762,955.7,50.0,False,,low,0.7,NORMAL,14.3,960.9,68.0,HEALTHY,replay,1.1,0.0
2025-02-02T03:00:00+00:00,AWS-BHO-030,8.4223903762763,955.4,52.0,False,,low,0.8,NORMAL,13.6,960.6,72.0,HEALTHY,replay,1.4,0.0
2025-02-02T04:00:00+00:00,AWS-BHO-030,7.460803741374459,955.3,54.0,False,,low,1.7,NORMAL,13.5,960.5,74.0,HEALTHY,replay,2.9,0.0
2025-02-02T05:00:00+00:00,AWS-BHO-030,16.1,955.4,56.0,False,multivariate_inconsistency,low,30.6,NORMAL,13.4,960.6,74.0,HEALTHY,replay,21.0,45.0
2025-02-02T06:00:00+00:00,AWS-BHO-030,15.6,956.4,60.0,False,,low,6.9,NORMAL,13.3,961.8,79.0,HEALTHY,replay,11.5,0.0
2025-02-02T07:00:00+00:00,AWS-BHO-030,15.5,957.1,61.0,False,,low,1.9,NORMAL,13.5,962.5,78.0,HEALTHY,replay,3.2,0.0
2025-02-02T08:00:00+00:00,AWS-BHO-030,17.6,958.6,55.0,False,,low,4.3,NORMAL,16.4,964.1,69.0,HEALTHY,replay,7.1,0.0
2025-02-02T09:00:00+00:00,AWS-BHO-030,20.8,960.1,45.0,False,,low,22.5,NORMAL,20.0,965.5,60.0,HEALTHY,replay,37.5,0.0
2025-02-02T10:00:00+00:00,AWS-BHO-030,23.8,960.7,37.0,False,,low,24.1,NORMAL,22.6,966.2,51.0,HEALTHY,replay,40.2,0.0
2025-02-02T11:00:00+00:00,AWS-BHO-030,25.6,960.3,32.0,False,,low,6.0,NORMAL,24.4,965.6,43.0,HEALTHY,replay,10.1,0.0
2025-02-02T12:00:00+00:00,AWS-BHO-030,26.5,959.2,32.0,False,,low,2.2,NORMAL,25.4,964.7,38.0,HEALTHY,replay,3.6,0.0
2025-02-02T13:00:00+00:00,AWS-BHO-030,27.2,958.3,32.0,False,,low,2.2,NORMAL,26.1,963.7,37.0,HEALTHY,replay,3.6,0.0
2025-02-02T14:00:00+00:00,AWS-BHO-030,27.5,957.6,32.0,False,,low,1.9,NORMAL,26.3,962.9,37.0,HEALTHY,replay,3.1,0.0
2025-02-02T15:00:00+00:00,AWS-BHO-030,27.5,957.1,33.0,False,,low,1.6,NORMAL,26.2,962.5,38.0,HEALTHY,replay,2.6,0.0
2025-02-02T16:00:00+00:00,AWS-BHO-030,26.9,957.0,35.0,False,,low,1.4,NORMAL,25.6,962.4,40.0,HEALTHY,replay,2.3,0.0
2025-02-02T17:00:00+00:00,AWS-BHO-030,25.5,957.0,39.0,False,,low,1.4,NORMAL,23.8,962.3,49.0,HEALTHY,replay,2.3,0.0
2025-02-02T18:00:00+00:00,AWS-BHO-030,23.8,957.2,47.0,False,,low,2.5,NORMAL,21.9,962.3,50.0,HEALTHY,replay,4.2,0.0
2025-02-02T19:00:00+00:00,AWS-BHO-030,22.8,957.4,48.0,False,,low,1.3,NORMAL,21.0,962.6,53.0,HEALTHY,replay,2.2,0.0
2025-02-02T20:00:00+00:00,AWS-BHO-030,22.1,957.7,49.0,False,,low,1.3,NORMAL,20.4,962.8,53.0,HEALTHY,replay,2.1,0.0
2025-02-02T21:00:00+00:00,AWS-BHO-030,21.4,957.8,51.0,False,,low,1.0,NORMAL,19.6,962.9,56.0,HEALTHY,replay,1.7,0.0
2025-02-02T22:00:00+00:00,AWS-BHO-030,20.8,958.0,52.0,False,,low,1.0,NORMAL,18.5,963.1,62.0,HEALTHY,replay,1.6,0.0
2025-02-02T23:00:00+00:00,AWS-BHO-030,19.9,957.6,55.0,False,,low,2.0,NORMAL,17.4,962.8,67.0,HEALTHY,replay,3.3,0.0
2025-02-03T00:00:00+00:00,AWS-BHO-030,19.2,957.0,56.0,False,,low,2.0,NORMAL,16.5,962.2,70.0,HEALTHY,replay,3.3,0.0
2025-02-03T01:00:00+00:00,AWS-BHO-030,18.8,956.5,57.0,False,,low,1.5,NORMAL,16.2,961.6,69.0,HEALTHY,replay,2.5,0.0
2025-02-03T02:00:00+00:00,AWS-BHO-030,18.2,955.7,59.0,False,,low,2.5,NORMAL,15.7,960.9,72.0,HEALTHY,replay,4.1,0.0
2025-02-03T03:00:00+00:00,AWS-BHO-030,17.6,955.2,60.0,False,,low,2.2,NORMAL,15.5,960.6,72.0,HEALTHY,replay,3.6,0.0
2025-02-03T04:00:00+00:00,AWS-BHO-030,17.1,955.0,62.0,False,,low,1.3,NORMAL,15.6,960.4,72.0,HEALTHY,replay,2.2,0.0
2025-02-03T05:00:00+00:00,AWS-BHO-030,16.7,955.1,64.0,False,,low,0.3,NORMAL,15.1,960.6,74.0,HEALTHY,replay,0.5,0.0
2025-02-03T06:00:00+00:00,AWS-BHO-030,16.9,956.2,65.0,False,,low,0.3,NORMAL,15.2,961.7,77.0,HEALTHY,replay,0.4,0.0
2025-02-03T07:00:00+00:00,AWS-BHO-030,16.8,956.9,67.0,False,,low,0.4,NORMAL,15.3,962.5,80.0,HEALTHY,replay,0.6,0.0
2025-02-03T08:00:00+00:00,AWS-BHO-030,18.8,958.0,60.0,False,,low,0.6,NORMAL,18.1,963.6,71.0,HEALTHY,replay,1.0,0.0
2025-02-03T09:00:00+00:00,AWS-BHO-030,21.7,959.2,52.0,False,,low,1.6,NORMAL,21.0,964.9,62.0,HEALTHY,replay,2.7,0.0
2025-02-03T10:00:00+00:00,AWS-BHO-030,24.6,959.8,46.0,False,,low,3.1,NORMAL,23.3,965.4,54.0,HEALTHY,replay,5.2,0.0
2025-02-03T11:00:00+00:00,AWS-BHO-030,20.415460804137084,966.1464951191492,57.233317068553376,False,,low,41.9,NORMAL,25.3,964.7,50.0,HEALTHY,replay,69.8,0.0
2025-02-03T12:00:00+00:00,AWS-BHO-030,34.833501057621774,951.5194889242168,59.24408765656699,True,multivariate_inconsistency,high,77.5,MODEL_OVERRIDE,27.2,963.7,47.0,HEALTHY,replay,99.1,45.0
2025-02-03T13:00:00+00:00,AWS-BHO-030,35.330829512271535,949.0481387500832,24.58058521621844,True,unstructured_anomaly,critical,99.8,ML_MODEL_ISOLATION,28.5,962.5,45.0,HEALTHY,replay,99.8,0.0
2025-02-03T14:00:00+00:00,AWS-BHO-030,37.91394592555184,948.54518688654,53.935273564136274,True,multivariate_inconsistency,high,77.2,MODEL_OVERRIDE,29.2,961.7,44.0,HEALTHY,replay,98.5,45.2
2025-02-03T15:00:00+00:00,AWS-BHO-030,25.20134876073625,963.521777154848,15.0,True,multivariate_inconsistency,high,75.7,MODEL_OVERRIDE,29.4,961.3,44.0,HEALTHY,replay,96.2,45.0
2025-02-03T16:00:00+00:00,AWS-BHO-030,36.214436772488014,947.7450113747468,52.1151197969499,True,multivariate_inconsistency,high,77.3,MODEL_OVERRIDE,29.2,961.3,46.0,HEALTHY,replay,98.6,45.3
2025-02-03T17:00:00+00:00,AWS-BHO-030,36.1104102338841,948.1577639823108,54.07341473849071,True,multivariate_inconsistency,high,77.3,MODEL_OVERRIDE,27.2,961.1,57.0,OFFLINE,replay,98.3,45.7
2025-02-03T18:00:00+00:00,AWS-BHO-030,19.85475326730436,964.8839987788612,30.745051377508915,True,multivariate_inconsistency,high,73.5,MODEL_OVERRIDE,24.8,961.9,57.0,OFFLINE,replay,92.5,45.0
2025-02-03T19:00:00+00:00,AWS-BHO-030,25.7,957.1,52.0,False,,low,17.1,NORMAL,23.2,962.1,63.0,OFFLINE,replay,28.5,0.0
2025-02-03T20:00:00+00:00,AWS-BHO-030,24.9,957.6,55.0,False,,low,19.1,NORMAL,21.6,962.6,69.0,HEALTHY,replay,31.8,0.0
2025-02-03T21:00:00+00:00,AWS-BHO-030,24.2,957.8,57.0,False,,low,3.9,NORMAL,20.8,963.0,71.0,OFFLINE,replay,6.6,0.0
2025-02-03T22:00:00+00:00,AWS-BHO-030,24.1,957.9,56.0,False,,low,3.6,NORMAL,20.3,963.1,73.0,OFFLINE,replay,5.9,0.0
2025-02-03T23:00:00+00:00,AWS-BHO-030,23.8,957.6,55.0,False,,low,5.3,NORMAL,18.6,963.0,83.0,OFFLINE,replay,8.8,0.0
2025-02-04T00:00:00+00:00,AWS-BHO-030,23.0,957.1,57.0,False,,low,7.8,NORMAL,18.1,962.6,87.0,HEALTHY,replay,12.9,0.0
2025-02-04T01:00:00+00:00,AWS-BHO-030,20.6,956.9,65.0,False,,low,8.3,NORMAL,18.4,962.2,87.0,WARNING,replay,13.8,0.0
2025-02-04T02:00:00+00:00,AWS-BHO-030,19.5,956.4,76.0,False,,low,20.4,NORMAL,18.2,961.5,85.0,WARNING,replay,34.0,0.0
2025-02-04T03:00:00+00:00,AWS-BHO-030,19.3,956.1,77.0,False,,low,5.7,NORMAL,17.7,961.3,85.0,WARNING,replay,9.6,0.0
2025-02-04T04:00:00+00:00,AWS-BHO-030,19.1,955.7,81.0,False,,low,3.2,NORMAL,17.1,961.1,83.0,WARNING,replay,5.3,0.0
2025-02-04T05:00:00+00:00,AWS-BHO-030,18.3,955.5,86.0,False,,low,3.5,NORMAL,16.9,961.2,85.0,WARNING,replay,5.8,0.0
2025-02-04T06:00:00+00:00,AWS-BHO-030,18.3,956.4,88.0,False,,low,1.8,NORMAL,17.0,962.0,86.0,WARNING,replay,2.9,0.0
2025-02-04T07:00:00+00:00,AWS-BHO-030,18.2,957.2,88.0,False,,low,1.2,NORMAL,17.2,962.7,86.0,WARNING,replay,2.1,0.0
2025-02-04T08:00:00+00:00,AWS-BHO-030,27.1102323525975,957.9684381130252,100.0,True,multivariate_inconsistency,high,74.9,MODEL_OVERRIDE,20.0,964.0,75.0,WARNING,replay,93.8,46.6
2025-02-04T09:00:00+00:00,AWS-BHO-030,29.910232352597504,959.8417794407308,100.0,True,multivariate_inconsistency,high,78.3,MODEL_OVERRIDE,22.8,965.2,65.0,WARNING,replay,98.7,47.6
2025-02-04T10:00:00+00:00,AWS-BHO-030,33.010232352597505,960.1972639359656,85.3389625902604,True,multivariate_inconsistency,high,76.8,MODEL_OVERRIDE,25.7,965.7,56.0,WARNING,replay,96.3,47.6
2025-02-04T11:00:00+00:00,AWS-BHO-030,28.5,960.2,45.0,False,,low,48.0,NORMAL,27.9,965.5,51.0,WARNING,replay,80.0,0.0
2025-02-04T12:00:00+00:00,AWS-BHO-030,30.0,959.0,41.0,False,,low,16.7,NORMAL,29.3,964.3,48.0,WARNING,replay,27.8,0.0
2025-02-04T13:00:00+00:00,AWS-BHO-030,31.0,957.8,36.0,False,,low,30.1,NORMAL,29.9,963.1,46.0,WARNING,replay,50.1,0.0
2025-02-04T14:00:00+00:00,AWS-BHO-030,31.5,956.8,30.0,False,,low,36.8,NORMAL,30.1,962.1,43.0,WARNING,replay,61.4,0.0
2025-02-04T15:00:00+00:00,AWS-BHO-030,30.9,956.2,30.0,False,,low,25.9,NORMAL,29.8,961.5,37.0,WARNING,replay,43.1,0.0
2025-02-04T16:00:00+00:00,AWS-BHO-030,30.3,956.0,32.0,False,,low,18.4,NORMAL,29.4,961.0,38.0,WARNING,replay,30.6,0.0
2025-02-04T17:00:00+00:00,AWS-BHO-030,29.2,955.8,35.0,False,,low,5.0,NORMAL,27.5,960.9,50.0,HEALTHY,replay,8.3,0.0
2025-02-04T18:00:00+00:00,AWS-BHO-030,26.9,956.1,44.0,False,,low,4.9,NORMAL,24.9,961.1,59.0,HEALTHY,replay,8.2,0.0
2025-02-04T19:00:00+00:00,AWS-BHO-030,25.0,956.5,59.0,False,,low,8.3,NORMAL,23.0,961.4,65.0,HEALTHY,replay,13.9,0.0
2025-02-04T20:00:00+00:00,AWS-BHO-030,24.0,956.8,69.0,False,,low,8.2,NORMAL,21.8,962.0,69.0,HEALTHY,replay,13.7,0.0
2025-02-04T21:00:00+00:00,AWS-BHO-030,23.2,957.1,72.0,False,,low,2.3,NORMAL,21.5,962.2,77.0,HEALTHY,replay,3.9,0.0
2025-02-04T22:00:00+00:00,AWS-BHO-030,23.0,957.1,63.0,False,,low,2.6,NORMAL,21.1,962.1,74.0,HEALTHY,replay,4.3,0.0
2025-02-04T23:00:00+00:00,AWS-BHO-030,22.5,956.8,56.0,False,,low,0.9,NORMAL,20.8,961.8,66.0,HEALTHY,replay,1.5,0.0
2025-02-05T00:00:00+00:00,AWS-BHO-030,21.8,956.6,55.0,False,,low,0.5,NORMAL,20.0,961.5,67.0,HEALTHY,replay,0.8,0.0
2025-02-05T01:00:00+00:00,AWS-BHO-030,26.78400214247984,948.0798863601016,73.68346697373114,True,spike,critical,93.2,MODEL_OVERRIDE,19.1,961.2,67.0,WARNING,replay,97.3,87.1
2025-02-05T02:00:00+00:00,AWS-BHO-030,13.111037364322032,963.1662809939338,44.529809755333005,True,unstructured_anomaly,critical,97.1,ML_MODEL_ISOLATION,18.2,961.1,72.0,WARNING,replay,97.1,0.0
2025-02-05T03:00:00+00:00,AWS-BHO-030,25.742892380722783,948.5601878246504,47.83738894887172,False,,low,51.3,NORMAL,17.7,961.0,77.0,WARNING,replay,85.6,0.0
2025-02-05T04:00:00+00:00,AWS-BHO-030,12.272554422876697,964.4963296359743,56.490167233365845,True,multivariate_inconsistency,high,77.2,MODEL_OVERRIDE,17.0,961.1,81.0,WARNING,replay,98.6,45.0
2025-02-05T05:00:00+00:00,AWS-BHO-030,18.0,956.0,77.0,False,,low,49.7,NORMAL,16.4,961.3,85.0,WARNING,replay,82.8,0.0
2025-02-05T06:00:00+00:00,AWS-BHO-030,17.0,957.1,86.0,False,,low,31.3,NORMAL,15.8,962.5,93.0,WARNING,replay,52.2,0.0
2025-02-05T07:00:00+00:00,AWS-BHO-030,16.9,957.8,87.0,False,,low,36.5,NORMAL,15.8,963.3,93.0,WARNING,replay,60.9,0.0
2025-02-05T08:00:00+00:00,AWS-BHO-030,18.6,959.1,78.0,False,,low,16.1,NORMAL,17.9,964.7,83.0,WARNING,replay,26.9,0.0
2025-02-05T09:00:00+00:00,AWS-BHO-030,21.0,960.0,65.0,False,,low,12.8,NORMAL,20.1,965.5,73.0,HEALTHY,replay,21.3,0.0
2025-02-05T10:00:00+00:00,AWS-BHO-030,23.1,960.5,54.0,False,,low,38.3,NORMAL,22.1,965.9,65.0,HEALTHY,replay,63.8,0.0
2025-02-05T11:00:00+00:00,AWS-BHO-030,24.7,960.1,46.0,False,,low,27.9,NORMAL,23.8,965.5,57.0,HEALTHY,replay,46.5,0.0
2025-02-05T12:00:00+00:00,AWS-BHO-030,25.8,959.1,42.0,False,,low,27.2,NORMAL,25.1,964.5,51.0,HEALTHY,replay,45.3,0.0
2025-02-05T13:00:00+00:00,AWS-BHO-030,26.6,958.2,39.0,False,,low,24.6,NORMAL,25.9,963.5,47.0,HEALTHY,replay,41.0,0.0
2025-02-05T14:00:00+00:00,AWS-BHO-030,27.1,957.2,37.0,False,,low,3.3,NORMAL,26.3,962.6,44.0,HEALTHY,replay,5.4,0.0
2025-02-05T15:00:00+00:00,AWS-BHO-030,27.2,956.7,35.0,False,,low,2.3,NORMAL,26.2,962.1,43.0,HEALTHY,replay,3.8,0.0
2025-02-05T16:00:00+00:00,AWS-BHO-030,26.9,956.8,35.0,False,,low,1.3,NORMAL,25.7,962.3,43.0,HEALTHY,replay,2.2,0.0
2025-02-05T17:00:00+00:00,AWS-BHO-030,25.7,956.8,37.0,False,,low,2.5,NORMAL,24.2,962.1,49.0,HEALTHY,replay,4.1,0.0
2025-02-05T18:00:00+00:00,AWS-BHO-030,23.4,957.3,50.0,False,,low,7.6,NORMAL,21.5,962.4,62.0,HEALTHY,replay,12.6,0.0
2025-02-05T19:00:00+00:00,AWS-BHO-030,22.2,958.0,55.0,False,,low,6.1,NORMAL,20.6,963.0,58.0,HEALTHY,replay,10.1,0.0
2025-02-05T20:00:00+00:00,AWS-BHO-030,21.2,958.5,52.0,False,,low,4.7,NORMAL,19.8,963.8,50.0,HEALTHY,replay,7.8,0.0
2025-02-05T21:00:00+00:00,AWS-BHO-030,20.4,959.0,51.0,False,,low,3.4,NORMAL,18.6,964.5,54.0,HEALTHY,replay,5.6,0.0
2025-02-05T22:00:00+00:00,AWS-BHO-030,19.5,959.1,54.0,False,,low,1.4,NORMAL,17.7,964.5,59.0,HEALTHY,replay,2.3,0.0
2025-02-05T23:00:00+00:00,AWS-BHO-030,18.2,945.9733011216584,57.0,True,spike,high,75.9,FUSED_CONSENSUS,16.8,964.4,65.0,HEALTHY,replay,68.9,86.3
2025-02-06T00:00:00+00:00,AWS-BHO-030,17.3,958.7,59.0,False,,low,2.0,NORMAL,16.1,964.2,66.0,HEALTHY,replay,3.4,0.0
2025-02-06T01:00:00+00:00,AWS-BHO-030,16.6,958.6,59.0,False,,low,2.4,NORMAL,15.5,964.2,63.0,HEALTHY,replay,4.1,0.0
2025-02-06T02:00:00+00:00,AWS-BHO-030,15.9,957.9,58.0,False,,low,0.8,NORMAL,14.9,963.6,58.0,HEALTHY,replay,1.3,0.0
2025-02-06T03:00:00+00:00,AWS-BHO-030,15.3,957.6,55.0,False,,low,0.3,NORMAL,14.3,963.3,55.0,HEALTHY,replay,0.5,0.0
2025-02-06T04:00:00+00:00,AWS-BHO-030,14.6,957.7,52.0,False,,low,0.7,NORMAL,13.8,963.3,53.0,HEALTHY,replay,1.2,0.0
2025-02-06T05:00:00+00:00,AWS-BHO-030,14.1,957.9,49.0,False,,low,2.0,NORMAL,13.3,963.7,51.0,HEALTHY,replay,3.3,0.0
2025-02-06T06:00:00+00:00,AWS-BHO-030,13.1,959.0,57.0,False,,low,2.7,NORMAL,12.5,964.7,58.0,HEALTHY,replay,4.5,0.0
2025-02-06T07:00:00+00:00,AWS-BHO-030,13.0,959.8,55.0,False,,low,1.2,NORMAL,12.4,965.5,58.0,HEALTHY,replay,2.0,0.0
2025-02-06T08:00:00+00:00,AWS-BHO-030,14.6,960.9,49.0,False,,low,6.5,NORMAL,14.1,966.7,55.0,HEALTHY,replay,10.9,0.0
2025-02-06T09:00:00+00:00,AWS-BHO-030,16.8,961.7,41.0,False,,low,8.8,NORMAL,16.5,967.4,46.0,HEALTHY,replay,14.7,0.0
2025-02-06T10:00:00+00:00,AWS-BHO-030,19.1,962.3,34.0,False,,low,10.4,NORMAL,18.8,968.0,39.0,HEALTHY,replay,17.3,0.0
2025-02-06T11:00:00+00:00,AWS-BHO-030,20.9,962.1,30.0,False,,low,3.9,NORMAL,20.7,967.6,35.0,HEALTHY,replay,6.5,0.0
2025-02-06T12:00:00+00:00,AWS-BHO-030,22.2,961.4,27.0,False,,low,2.0,NORMAL,21.9,966.9,31.0,HEALTHY,replay,3.4,0.0
2025-02-06T13:00:00+00:00,AWS-BHO-030,23.1,960.4,25.0,False,,low,1.5,NORMAL,22.7,965.9,29.0,HEALTHY,replay,2.5,0.0
2025-02-06T14:00:00+00:00,AWS-BHO-030,23.4,959.3,25.0,False,,low,1.2,NORMAL,23.1,964.8,28.0,HEALTHY,replay,2.0,0.0
2025-02-06T15:00:00+00:00,AWS-BHO-030,23.4,958.5,25.0,False,,low,1.2,NORMAL,23.1,964.0,28.0,HEALTHY,replay,1.9,0.0
2025-02-06T16:00:00+00:00,AWS-BHO-030,22.8,958.2,26.0,False,,low,0.7,NORMAL,22.5,963.6,29.0,HEALTHY,replay,1.2,0.0
2025-02-06T17:00:00+00:00,AWS-BHO-030,21.6,958.2,29.0,False,,low,0.5,NORMAL,21.0,963.5,35.0,HEALTHY,replay,0.9,0.0
2025-02-06T18:00:00+00:00,AWS-BHO-030,20.0,959.0,35.0,False,,low,0.7,NORMAL,18.7,964.2,41.0,HEALTHY,replay,1.1,0.0
2025-02-06T19:00:00+00:00,AWS-BHO-030,19.0,959.4,39.0,False,,low,0.7,NORMAL,17.9,964.6,43.0,HEALTHY,replay,1.1,0.0
2025-02-06T20:00:00+00:00,AWS-BHO-030,18.5,960.1,39.0,False,,low,0.5,NORMAL,17.0,965.4,43.0,HEALTHY,replay,0.9,0.0
2025-02-06T21:00:00+00:00,AWS-BHO-030,17.8,960.2,40.0,False,,low,0.2,NORMAL,16.0,965.7,47.0,HEALTHY,replay,0.4,0.0
2025-02-06T22:00:00+00:00,AWS-BHO-030,24.120026362154366,952.1808977295192,23.862600859313588,True,unstructured_anomaly,critical,95.5,ML_MODEL_ISOLATION,15.1,965.6,51.0,HEALTHY,replay,95.5,0.0
2025-02-06T23:00:00+00:00,AWS-BHO-030,9.218859496419618,967.4276022286148,60.21553875696311,True,unstructured_anomaly,critical,98.2,ML_MODEL_ISOLATION,14.3,965.3,56.0,HEALTHY,replay,98.2,0.0
2025-02-07T00:00:00+00:00,AWS-BHO-030,9.90125501888654,968.0784292989324,29.41832195364534,True,unstructured_anomaly,critical,98.0,ML_MODEL_ISOLATION,13.6,965.0,58.0,HEALTHY,replay,98.0,0.0
2025-02-07T01:00:00+00:00,AWS-BHO-030,9.053225949849637,967.5846806661168,66.43348466436247,True,unstructured_anomaly,critical,95.8,ML_MODEL_ISOLATION,13.1,964.4,58.0,HEALTHY,replay,95.8,0.0
2025-02-07T02:00:00+00:00,AWS-BHO-030,8.079889430173864,966.3828944014562,36.20145295936258,True,multivariate_inconsistency,high,76.7,MODEL_OVERRIDE,13.4,963.9,55.0,HEALTHY,replay,97.9,45.0
2025-02-07T03:00:00+00:00,AWS-BHO-030,14.3,958.2,52.0,False,,low,4.5,NORMAL,13.2,963.7,55.0,HEALTHY,replay,7.5,0.0
2025-02-07T04:00:00+00:00,AWS-BHO-030,13.8,958.3,53.0,False,,low,0.6,NORMAL,12.8,963.9,56.0,HEALTHY,replay,1.0,0.0
2025-02-07T05:00:00+00:00,AWS-BHO-030,13.3,958.6,55.0,False,,low,0.4,NORMAL,12.4,964.3,55.0,HEALTHY,replay,0.7,0.0
2025-02-07T06:00:00+00:00,AWS-BHO-030,13.0,959.8,60.0,False,,low,0.5,NORMAL,12.3,965.6,59.0,HEALTHY,replay,0.8,0.0
2025-02-07T07:00:00+00:00,AWS-BHO-030,12.9,960.7,58.0,False,,low,0.7,NORMAL,12.1,966.6,62.0,HEALTHY,replay,1.2,0.0
2025-02-07T08:00:00+00:00,AWS-BHO-030,14.4,962.1,53.0,False,,low,4.8,NORMAL,13.8,967.8,60.0,HEALTHY,replay,7.9,0.0
2025-02-07T09:00:00+00:00,AWS-BHO-030,16.7,963.1,45.0,False,,low,6.2,NORMAL,16.2,968.7,52.0,HEALTHY,replay,10.3,0.0
2025-02-07T10:00:00+00:00,AWS-BHO-030,19.0,963.6,37.0,False,,low,20.2,NORMAL,18.6,969.2,43.0,HEALTHY,replay,33.7,0.0
2025-02-07T11:00:00+00:00,AWS-BHO-030,21.2,963.4,27.0,False,,low,30.4,NORMAL,20.6,968.8,34.0,HEALTHY,replay,50.6,0.0
2025-02-07T12:00:00+00:00,AWS-BHO-030,22.8,962.3,23.0,False,,low,12.9,NORMAL,21.9,967.9,30.0,HEALTHY,replay,21.5,0.0
2025-02-07T13:00:00+00:00,AWS-BHO-030,23.8,961.2,22.0,False,,low,9.2,NORMAL,22.9,966.7,28.0,HEALTHY,replay,15.3,0.0
2025-02-07T14:00:00+00:00,AWS-BHO-030,24.4,960.1,22.0,False,,low,7.2,NORMAL,23.4,965.5,27.0,HEALTHY,replay,12.0,0.0
2025-02-07T15:00:00+00:00,AWS-BHO-030,24.4,959.7,22.0,False,,low,3.8,NORMAL,23.4,965.1,27.0,HEALTHY,replay,6.3,0.0
2025-02-07T16:00:00+00:00,AWS-BHO-030,23.8,959.4,24.0,False,,low,1.2,NORMAL,22.9,964.9,28.0,HEALTHY,replay,1.9,0.0
2025-02-07T17:00:00+00:00,AWS-BHO-030,22.6,959.2,28.0,False,,low,0.4,NORMAL,21.2,964.4,44.0,HEALTHY,replay,0.6,0.0
2025-02-07T18:00:00+00:00,AWS-BHO-030,20.8,959.4,34.0,False,,low,0.4,NORMAL,18.9,964.5,45.0,HEALTHY,replay,0.7,0.0
2025-02-07T19:00:00+00:00,AWS-BHO-030,19.7,959.6,36.0,False,,low,0.5,NORMAL,17.8,964.8,47.0,HEALTHY,replay,0.9,0.0
2025-02-07T20:00:00+00:00,AWS-BHO-030,19.0,960.2,37.0,False,,low,0.6,NORMAL,16.8,965.4,48.0,HEALTHY,replay,1.0,0.0
2025-02-07T21:00:00+00:00,AWS-BHO-030,18.3,960.2,38.0,False,,low,0.5,NORMAL,16.1,965.4,49.0,HEALTHY,replay,0.9,0.0
2025-02-07T22:00:00+00:00,AWS-BHO-030,17.7,960.0,40.0,False,,low,0.4,NORMAL,15.1,965.3,51.0,HEALTHY,replay,0.7,0.0
2025-02-07T23:00:00+00:00,AWS-BHO-030,17.0,959.6,42.0,False,,low,0.5,NORMAL,14.3,964.9,55.0,HEALTHY,replay,0.8,0.0
2025-02-08T00:00:00+00:00,AWS-BHO-030,16.3,958.9,44.0,False,,low,0.2,NORMAL,13.6,964.2,58.0,HEALTHY,replay,0.3,0.0
2025-02-08T01:00:00+00:00,AWS-BHO-030,15.6,958.3,47.0,False,,low,0.3,NORMAL,12.9,963.6,60.0,HEALTHY,replay,0.4,0.0
2025-02-08T02:00:00+00:00,AWS-BHO-030,15.0,957.6,50.0,False,,low,0.4,NORMAL,12.0,963.0,62.0,HEALTHY,replay,0.6,0.0
2025-02-08T03:00:00+00:00,AWS-BHO-030,14.6,957.4,51.0,False,,low,0.1,NORMAL,11.7,962.7,63.0,HEALTHY,replay,0.2,0.0
2025-02-08T04:00:00+00:00,AWS-BHO-030,14.1,957.2,,True,dropout,critical,100.0,RULE_ENGINE_BYPASS,11.2,962.5,64.0,HEALTHY,replay,,100.0
2025-02-08T05:00:00+00:00,AWS-BHO-030,13.5,957.4,52.0,False,,low,0.4,NORMAL,10.9,962.8,64.0,HEALTHY,replay,0.6,0.0
2025-02-08T06:00:00+00:00,AWS-BHO-030,13.0,958.2,56.0,False,,low,0.4,NORMAL,10.4,963.5,69.0,HEALTHY,replay,0.6,0.0
2025-02-08T07:00:00+00:00,AWS-BHO-030,12.9,959.0,55.0,False,,low,0.4,NORMAL,10.7,964.5,70.0,HEALTHY,replay,0.6,0.0
2025-02-08T08:00:00+00:00,AWS-BHO-030,-39.974902345381736,960.3,50.0,True,spike,high,77.5,FUSED_CONSENSUS,13.6,965.9,63.0,HEALTHY,replay,69.2,89.9
2025-02-08T09:00:00+00:00,AWS-BHO-030,-40.01456816009609,961.6,40.0,True,spike,critical,94.9,MODEL_OVERRIDE,16.9,967.2,52.0,HEALTHY,replay,98.2,89.9
2025-02-08T10:00:00+00:00,AWS-BHO-030,-40.07600087441485,962.3,30.0,True,spike,critical,90.7,MODEL_OVERRIDE,19.9,967.9,43.0,HEALTHY,replay,91.3,89.9
2025-02-08T11:00:00+00:00,AWS-BHO-030,-40.02487495591581,961.9,25.0,True,spike,high,88.8,MODEL_OVERRIDE,22.1,967.4,34.0,OFFLINE,replay,88.1,89.9
2025-02-08T12:00:00+00:00,AWS-BHO-030,25.2,961.1,23.0,False,,low,49.4,NORMAL,23.8,966.5,29.0,OFFLINE,replay,82.4,0.0
2025-02-08T13:00:00+00:00,AWS-BHO-030,26.2,960.0,23.0,True,unstructured_anomaly,high,88.7,ML_MODEL_ISOLATION,24.8,965.4,26.0,OFFLINE,replay,88.7,0.0
2025-02-08T14:00:00+00:00,AWS-BHO-030,26.7,959.1,23.0,False,,low,52.0,NORMAL,25.3,964.4,27.0,HEALTHY,replay,86.7,0.0
2025-02-08T15:00:00+00:00,AWS-BHO-030,26.6,958.3,24.0,False,,low,32.6,NORMAL,25.2,963.8,28.0,OFFLINE,replay,54.4,0.0
2025-02-08T16:00:00+00:00,AWS-BHO-030,25.9,958.3,26.0,False,,low,32.2,NORMAL,24.5,963.7,29.0,OFFLINE,replay,53.7,0.0
2025-02-08T17:00:00+00:00,AWS-BHO-030,24.3,958.4,30.0,False,,low,48.4,NORMAL,22.2,963.6,44.0,OFFLINE,replay,80.7,0.0
2025-02-08T18:00:00+00:00,AWS-BHO-030,22.5,958.3,37.0,False,,low,39.2,NORMAL,19.5,963.4,47.0,HEALTHY,replay,65.3,0.0
2025-02-08T19:00:00+00:00,AWS-BHO-030,21.2,958.7,37.0,False,,low,10.6,NORMAL,18.5,963.9,52.0,WARNING,replay,17.7,0.0
2025-02-08T20:00:00+00:00,AWS-BHO-030,20.1,959.3,38.0,False,,low,1.6,NORMAL,17.5,964.3,55.0,WARNING,replay,2.7,0.0
2025-02-08T21:00:00+00:00,AWS-BHO-030,19.4,959.3,38.0,False,,low,0.9,NORMAL,16.2,964.4,56.0,WARNING,replay,1.5,0.0
2025-02-08T22:00:00+00:00,AWS-BHO-030,18.8,959.2,40.0,False,,low,1.2,NORMAL,15.0,964.3,56.0,WARNING,replay,2.0,0.0
2025-02-08T23:00:00+00:00,AWS-BHO-030,17.9,959.0,43.0,False,,low,1.3,NORMAL,14.4,964.0,56.0,WARNING,replay,2.2,0.0
2025-02-09T00:00:00+00:00,AWS-BHO-030,17.5,958.2,44.0,False,,low,1.6,NORMAL,14.2,963.3,57.0,WARNING,replay,2.6,0.0
2025-02-09T01:00:00+00:00,AWS-BHO-030,17.0,957.7,44.0,False,,low,1.3,NORMAL,13.8,962.7,61.0,WARNING,replay,2.2,0.0
2025-02-09T02:00:00+00:00,AWS-BHO-030,16.2,956.9,46.0,False,,low,3.1,NORMAL,13.5,962.2,63.0,WARNING,replay,5.1,0.0
2025-02-09T03:00:00+00:00,AWS-BHO-030,22.48822672044298,956.9402071536756,89.41474873678042,True,multivariate_inconsistency,medium,65.9,FUSED_CONSENSUS,13.3,961.9,65.0,WARNING,replay,77.3,48.7
2025-02-09T04:00:00+00:00,AWS-BHO-030,22.088226720442982,956.302005646029,93.16709892832654,True,multivariate_inconsistency,high,72.2,FUSED_CONSENSUS,13.2,961.8,64.0,WARNING,replay,85.1,52.9
2025-02-09T05:00:00+00:00,AWS-BHO-030,22.088226720442982,956.6820185676931,94.99390478966626,True,multivariate_inconsistency,medium,68.2,FUSED_CONSENSUS,13.1,961.9,64.0,WARNING,replay,76.6,55.7
2025-02-09T06:00:00+00:00,AWS-BHO-030,21.888226720442983,957.1525137670112,100.0,True,multivariate_inconsistency,high,76.1,FUSED_CONSENSUS,12.8,962.6,68.0,OFFLINE,replay,86.9,60.0
2025-02-09T07:00:00+00:00,AWS-BHO-030,-39.97768047656353,957.9,55.0,True,spike,high,84.3,FUSED_CONSENSUS,13.3,963.4,70.0,OFFLINE,replay,80.5,89.9
2025-02-09T08:00:00+00:00,AWS-BHO-030,-39.939825251222246,959.1,48.0,True,spike,high,80.9,FUSED_CONSENSUS,16.6,964.7,62.0,OFFLINE,replay,74.9,89.9
2025-02-09T09:00:00+00:00,AWS-BHO-030,-39.94724236554823,960.4,39.0,True,spike,high,82.3,FUSED_CONSENSUS,20.0,965.9,54.0,WARNING,replay,77.2,89.9
2025-02-09T10:00:00+00:00,AWS-BHO-030,-39.9617349920236,961.0,33.0,True,spike,high,83.5,FUSED_CONSENSUS,22.9,966.4,44.0,OFFLINE,replay,79.3,89.9
2025-02-09T11:00:00+00:00,AWS-BHO-030,26.7,960.6,29.0,False,,low,38.7,NORMAL,25.6,965.9,36.0,OFFLINE,replay,64.5,0.0
2025-02-09T12:00:00+00:00,AWS-BHO-030,28.1,959.5,30.0,False,,low,48.8,NORMAL,27.3,964.9,33.0,OFFLINE,replay,81.3,0.0
2025-02-09T13:00:00+00:00,AWS-BHO-030,28.9,958.4,31.0,True,unstructured_anomaly,critical,92.5,ML_MODEL_ISOLATION,28.3,963.8,33.0,HEALTHY,replay,92.5,0.0
2025-02-09T14:00:00+00:00,AWS-BHO-030,29.3,957.3,31.0,True,unstructured_anomaly,critical,93.2,ML_MODEL_ISOLATION,28.7,962.7,32.0,OFFLINE,replay,93.2,0.0
2025-02-09T15:00:00+00:00,AWS-BHO-030,29.7,956.7,31.0,True,unstructured_anomaly,critical,95.1,ML_MODEL_ISOLATION,28.6,962.2,33.0,OFFLINE,replay,95.1,0.0
2025-02-09T16:00:00+00:00,AWS-BHO-030,29.6,956.4,32.0,True,unstructured_anomaly,critical,96.5,ML_MODEL_ISOLATION,28.1,962.0,35.0,OFFLINE,replay,96.5,0.0
2025-02-09T17:00:00+00:00,AWS-BHO-030,28.2,956.4,36.0,True,unstructured_anomaly,critical,94.4,ML_MODEL_ISOLATION,26.0,961.8,52.0,WARNING,replay,94.4,0.0
2025-02-09T18:00:00+00:00,AWS-BHO-030,25.5,956.6,49.0,True,multivariate_inconsistency,medium,68.8,FUSED_CONSENSUS,22.7,961.6,54.0,WARNING,replay,84.7,45.0
2025-02-09T19:00:00+00:00,AWS-BHO-030,24.1,957.0,55.0,True,multivariate_inconsistency,medium,65.1,FUSED_CONSENSUS,21.4,962.1,58.0,WARNING,replay,78.5,45.0
2025-02-09T20:00:00+00:00,AWS-BHO-030,22.7,957.6,60.0,True,multivariate_inconsistency,medium,66.7,FUSED_CONSENSUS,20.3,962.6,62.0,WARNING,replay,81.2,45.0
2025-02-09T21:00:00+00:00,AWS-BHO-030,21.7,957.8,64.0,True,multivariate_inconsistency,medium,64.9,FUSED_CONSENSUS,19.9,963.0,67.0,OFFLINE,replay,78.2,45.0
2025-02-09T22:00:00+00:00,AWS-BHO-030,20.6,957.8,71.0,True,multivariate_inconsistency,medium,58.8,FUSED_CONSENSUS,18.6,962.9,69.0,OFFLINE,replay,68.0,45.0
2025-02-09T23:00:00+00:00,AWS-BHO-030,20.1,957.1,76.0,True,multivariate_inconsistency,medium,62.8,FUSED_CONSENSUS,18.2,962.2,73.0,OFFLINE,replay,73.6,46.6
2025-02-10T00:00:00+00:00,AWS-BHO-030,19.7,956.7,74.0,True,multivariate_inconsistency,medium,63.8,FUSED_CONSENSUS,18.2,962.0,75.0,OFFLINE,replay,76.1,45.4
2025-02-10T01:00:00+00:00,AWS-BHO-030,19.2,956.1,75.0,True,multivariate_inconsistency,medium,66.8,FUSED_CONSENSUS,17.6,961.5,75.0,OFFLINE,replay,80.8,45.8
2025-02-10T02:00:00+00:00,AWS-BHO-030,18.7,955.6,76.0,True,multivariate_inconsistency,high,74.0,MODEL_OVERRIDE,17.1,960.9,74.0,OFFLINE,replay,92.4,46.3
2025-02-10T03:00:00+00:00,AWS-BHO-030,18.3,955.4,77.0,True,drift,critical,92.0,MODEL_OVERRIDE,16.5,960.6,77.0,OFFLINE,replay,93.3,90.0
2025-02-10T04:00:00+00:00,AWS-BHO-030,17.7,955.0,79.0,True,drift,critical,93.1,RULE_ENGINE_BYPASS,16.0,960.5,79.0,OFFLINE,replay,94.8,90.5
2025-02-10T05:00:00+00:00,AWS-BHO-030,17.5,955.4,79.0,True,drift,critical,93.0,RULE_ENGINE_BYPASS,15.7,960.7,80.0,OFFLINE,replay,94.7,90.5
2025-02-10T06:00:00+00:00,AWS-BHO-030,17.0,956.5,81.0,True,drift,critical,91.8,RULE_ENGINE_BYPASS,15.2,961.8,83.0,OFFLINE,replay,92.8,90.3
2025-02-10T07:00:00+00:00,AWS-BHO-030,17.8,957.4,76.0,True,multivariate_inconsistency,high,77.8,MODEL_OVERRIDE,15.7,962.8,85.0,OFFLINE,replay,89.7,60.0
2025-02-10T08:00:00+00:00,AWS-BHO-030,20.7,958.9,64.0,True,multivariate_inconsistency,high,73.0,FUSED_CONSENSUS,19.3,964.2,74.0,OFFLINE,replay,85.8,53.8
2025-02-10T09:00:00+00:00,AWS-BHO-030,24.6,960.4,52.0,True,multivariate_inconsistency,medium,68.9,FUSED_CONSENSUS,23.0,965.7,62.0,OFFLINE,replay,84.8,45.0
2025-02-10T10:00:00+00:00,AWS-BHO-030,27.4,961.2,43.0,True,multivariate_inconsistency,high,73.2,MODEL_OVERRIDE,25.9,966.6,54.0,OFFLINE,replay,92.0,45.0
2025-02-10T11:00:00+00:00,AWS-BHO-030,29.0,960.7,39.0,True,unstructured_anomaly,critical,95.4,ML_MODEL_ISOLATION,28.1,966.0,46.0,OFFLINE,replay,95.4,0.0
2025-02-10T12:00:00+00:00,AWS-BHO-030,30.3,959.8,35.0,True,unstructured_anomaly,critical,97.4,ML_MODEL_ISOLATION,29.1,965.1,43.0,OFFLINE,replay,97.4,0.0
2025-02-10T13:00:00+00:00,AWS-BHO-030,31.0,958.6,30.0,True,unstructured_anomaly,critical,96.1,ML_MODEL_ISOLATION,30.1,964.0,37.0,OFFLINE,replay,96.1,0.0
2025-02-10T14:00:00+00:00,AWS-BHO-030,31.3,957.6,25.0,True,unstructured_anomaly,critical,95.7,ML_MODEL_ISOLATION,30.4,962.8,30.0,OFFLINE,replay,95.7,0.0
2025-02-10T15:00:00+00:00,AWS-BHO-030,31.3,957.0,22.0,True,unstructured_anomaly,critical,96.7,ML_MODEL_ISOLATION,30.4,962.3,28.0,OFFLINE,replay,96.7,0.0
2025-02-10T16:00:00+00:00,AWS-BHO-030,30.6,956.9,22.0,True,unstructured_anomaly,critical,97.2,ML_MODEL_ISOLATION,30.0,962.0,28.0,WARNING,replay,97.2,0.0
2025-02-10T17:00:00+00:00,AWS-BHO-030,29.5,956.9,25.0,True,unstructured_anomaly,critical,97.8,ML_MODEL_ISOLATION,27.2,961.7,40.0,WARNING,replay,97.8,0.0
2025-02-10T18:00:00+00:00,AWS-BHO-030,27.4,957.1,28.0,True,unstructured_anomaly,critical,95.5,ML_MODEL_ISOLATION,23.7,961.9,43.0,WARNING,replay,95.5,0.0
2025-02-10T19:00:00+00:00,AWS-BHO-030,26.2,957.6,24.0,True,unstructured_anomaly,critical,95.0,ML_MODEL_ISOLATION,22.6,962.3,39.0,WARNING,replay,95.0,0.0
2025-02-10T20:00:00+00:00,AWS-BHO-030,24.6,958.4,26.0,True,unstructured_anomaly,critical,92.9,ML_MODEL_ISOLATION,21.1,963.1,36.0,WARNING,replay,92.9,0.0
2025-02-10T21:00:00+00:00,AWS-BHO-030,22.5,958.5,32.0,True,unstructured_anomaly,high,89.1,ML_MODEL_ISOLATION,19.2,963.4,41.0,WARNING,replay,89.1,0.0
2025-02-10T22:00:00+00:00,AWS-BHO-030,21.2,958.7,35.0,False,,low,0.0,NORMAL,18.1,963.8,46.0,WARNING,replay,,0.0
2025-02-10T23:00:00+00:00,AWS-BHO-030,20.3,958.4,39.0,False,,low,0.0,NORMAL,17.7,963.4,49.0,WARNING,replay,,0.0
2025-02-11T00:00:00+00:00,AWS-BHO-030,19.8,957.7,40.0,False,,low,0.0,NORMAL,17.3,962.8,53.0,WARNING,replay,,0.0
2025-02-11T01:00:00+00:00,AWS-BHO-030,18.9,956.9,43.0,False,,low,0.0,NORMAL,16.2,962.2,55.0,WARNING,replay,,0.0
2025-02-11T02:00:00+00:00,AWS-BHO-030,12.030656260257718,964.3930147336216,23.483046170824466,True,spike,high,86.9,FUSED_CONSENSUS,15.6,961.6,57.0,WARNING,replay,,86.9
2025-02-11T03:00:00+00:00,AWS-BHO-030,24.21612865314735,949.0468417257156,30.22030381839889,False,,low,0.0,NORMAL,15.8,961.2,55.0,WARNING,replay,,0.0
2025-02-11T04:00:00+00:00,AWS-BHO-030,11.398471879191357,962.627282849535,31.13027425983008,True,multivariate_inconsistency,high,80.8,MODEL_OVERRIDE,15.6,961.1,56.0,WARNING,replay,98.9,53.6
2025-02-11T05:00:00+00:00,AWS-BHO-030,10.550386509103353,963.3226462661128,33.03754370415878,True,multivariate_inconsistency,high,81.8,MODEL_OVERRIDE,15.2,961.2,58.0,WARNING,replay,99.4,55.4
2025-02-11T06:00:00+00:00,AWS-BHO-030,9.75483162790256,963.635750462704,71.15677854352685,True,spike,high,72.8,MODEL_OVERRIDE,14.4,962.0,65.0,OFFLINE,replay,99.5,32.7
2025-02-11T07:00:00+00:00,AWS-BHO-030,17.2,957.2,59.0,True,unstructured_anomaly,high,88.6,ML_MODEL_ISOLATION,14.5,962.5,70.0,OFFLINE,replay,88.6,0.0
2025-02-11T08:00:00+00:00,AWS-BHO-030,19.6,958.4,47.0,False,,low,42.8,NORMAL,17.8,963.8,64.0,OFFLINE,replay,71.3,0.0
2025-02-11T09:00:00+00:00,AWS-BHO-030,23.7,959.8,38.0,True,unstructured_anomaly,critical,90.2,ML_MODEL_ISOLATION,21.6,965.1,55.0,HEALTHY,replay,90.2,0.0
2025-02-11T10:00:00+00:00,AWS-BHO-030,26.7,960.6,30.0,True,unstructured_anomaly,critical,96.2,ML_MODEL_ISOLATION,24.7,966.0,47.0,OFFLINE,replay,96.2,0.0
2025-02-11T11:00:00+00:00,AWS-BHO-030,28.6,960.3,24.0,True,unstructured_anomaly,critical,98.1,ML_MODEL_ISOLATION,27.0,965.6,38.0,OFFLINE,replay,98.1,0.0
2025-02-11T12:00:00+00:00,AWS-BHO-030,29.9,959.5,21.0,True,spike,high,72.3,MODEL_OVERRIDE,28.6,964.9,30.0,OFFLINE,replay,98.8,32.5
2025-02-11T13:00:00+00:00,AWS-BHO-030,30.8,958.5,19.0,True,spike,high,72.5,MODEL_OVERRIDE,29.3,963.8,26.0,OFFLINE,replay,99.0,32.8
2025-02-11T14:00:00+00:00,AWS-BHO-030,31.1,957.6,18.0,True,spike,critical,94.0,MODEL_OVERRIDE,29.4,962.9,28.0,OFFLINE,replay,98.9,86.7
2025-02-11T15:00:00+00:00,AWS-BHO-030,30.9,956.9,16.0,True,spike,critical,93.9,MODEL_OVERRIDE,29.6,962.1,27.0,OFFLINE,replay,98.8,86.5
2025-02-11T16:00:00+00:00,AWS-BHO-030,30.2,956.7,16.0,True,spike,critical,93.5,MODEL_OVERRIDE,29.1,961.6,24.0,OFFLINE,replay,98.6,85.8
2025-02-11T17:00:00+00:00,AWS-BHO-030,28.8,956.6,19.0,True,unstructured_anomaly,critical,98.4,ML_MODEL_ISOLATION,26.7,961.4,40.0,OFFLINE,replay,98.4,0.0
2025-02-11T18:00:00+00:00,AWS-BHO-030,26.9,956.5,23.0,True,unstructured_anomaly,critical,97.5,ML_MODEL_ISOLATION,23.8,961.2,39.0,OFFLINE,replay,97.5,0.0
2025-02-11T19:00:00+00:00,AWS-BHO-030,24.4,956.9,31.0,True,unstructured_anomaly,high,88.4,ML_MODEL_ISOLATION,22.5,961.7,48.0,HEALTHY,replay,88.4,0.0
2025-02-11T20:00:00+00:00,AWS-BHO-030,23.0,957.5,44.0,True,unstructured_anomaly,critical,92.7,ML_MODEL_ISOLATION,20.3,962.3,54.0,OFFLINE,replay,92.7,0.0
2025-02-11T21:00:00+00:00,AWS-BHO-030,22.9,957.9,44.0,True,unstructured_anomaly,critical,91.1,ML_MODEL_ISOLATION,18.9,962.8,58.0,OFFLINE,replay,91.1,0.0
2025-02-11T22:00:00+00:00,AWS-BHO-030,22.3,958.1,44.0,False,,low,51.6,NORMAL,18.7,963.1,53.0,OFFLINE,replay,85.9,0.0
2025-02-11T23:00:00+00:00,AWS-BHO-030,20.8,957.5,48.0,False,,low,51.2,NORMAL,17.7,962.6,52.0,HEALTHY,replay,85.4,0.0
2025-02-12T00:00:00+00:00,AWS-BHO-030,20.5,957.0,46.0,False,,low,30.0,NORMAL,17.1,961.9,58.0,WARNING,replay,50.0,0.0
2025-02-12T01:00:00+00:00,AWS-BHO-030,20.4,956.7,41.0,False,,low,39.6,NORMAL,17.0,961.5,58.0,WARNING,replay,66.0,0.0
2025-02-12T02:00:00+00:00,AWS-BHO-030,19.9,956.3,37.0,False,,low,21.1,NORMAL,16.7,961.2,52.0,WARNING,replay,35.1,0.0
2025-02-12T03:00:00+00:00,AWS-BHO-030,19.1,955.9,38.0,False,,low,19.3,NORMAL,16.1,960.9,50.0,WARNING,replay,32.2,0.0
2025-02-12T04:00:00+00:00,AWS-BHO-030,18.4,956.2,41.0,False,,low,14.3,NORMAL,15.6,961.4,51.0,WARNING,replay,23.8,0.0
2025-02-12T05:00:00+00:00,AWS-BHO-030,17.8,956.5,44.0,False,,low,12.3,NORMAL,15.1,961.8,52.0,WARNING,replay,20.5,0.0
2025-02-12T06:00:00+00:00,AWS-BHO-030,16.7,957.5,52.0,False,,low,22.5,NORMAL,14.5,962.8,61.0,WARNING,replay,37.6,0.0
2025-02-12T07:00:00+00:00,AWS-BHO-030,16.7,958.2,54.0,False,,low,20.1,NORMAL,14.6,963.4,65.0,WARNING,replay,33.6,0.0
2025-02-12T08:00:00+00:00,AWS-BHO-030,18.9,959.2,49.0,False,,low,30.1,NORMAL,17.3,964.7,61.0,WARNING,replay,50.1,0.0
2025-02-12T09:00:00+00:00,AWS-BHO-030,22.0,960.7,41.0,False,,low,35.2,NORMAL,20.2,966.2,53.0,WARNING,replay,58.7,0.0
2025-02-12T10:00:00+00:00,AWS-BHO-030,24.9,961.2,35.0,False,,low,43.7,NORMAL,23.1,966.7,48.0,WARNING,replay,72.9,0.0
2025-02-12T11:00:00+00:00,AWS-BHO-030,27.0,960.9,29.0,False,,low,37.2,NORMAL,25.3,966.3,45.0,WARNING,replay,62.0,0.0
2025-02-12T12:00:00+00:00,AWS-BHO-030,28.3,960.1,26.0,False,,low,18.5,NORMAL,26.6,965.4,42.0,WARNING,replay,30.8,0.0
2025-02-12T13:00:00+00:00,AWS-BHO-030,29.1,959.2,24.0,False,,low,18.7,NORMAL,27.5,964.5,39.0,HEALTHY,replay,31.2,0.0
2025-02-12T14:00:00+00:00,AWS-BHO-030,29.6,958.1,23.0,False,,low,18.1,NORMAL,28.0,963.6,37.0,HEALTHY,replay,30.1,0.0
2025-02-12T15:00:00+00:00,AWS-BHO-030,29.6,957.7,22.0,False,,low,7.8,NORMAL,28.2,963.2,34.0,HEALTHY,replay,13.0,0.0
2025-02-12T16:00:00+00:00,AWS-BHO-030,29.0,957.7,22.0,False,,low,7.1,NORMAL,28.0,963.1,29.0,HEALTHY,replay,11.9,0.0
2025-02-12T17:00:00+00:00,AWS-BHO-030,27.6,957.8,24.0,False,,low,5.1,NORMAL,25.6,962.9,39.0,HEALTHY,replay,8.4,0.0
2025-02-12T18:00:00+00:00,AWS-BHO-030,25.8,957.9,29.0,False,,low,1.5,NORMAL,23.1,963.0,45.0,HEALTHY,replay,2.6,0.0
2025-02-12T19:00:00+00:00,AWS-BHO-030,24.2,958.4,32.0,False,,low,1.3,NORMAL,22.0,963.4,37.0,HEALTHY,replay,2.2,0.0
2025-02-12T20:00:00+00:00,AWS-BHO-030,22.8,959.2,32.0,False,,low,0.9,NORMAL,20.7,964.0,38.0,HEALTHY,replay,1.4,0.0
2025-02-12T21:00:00+00:00,AWS-BHO-030,22.1,959.6,30.0,False,,low,1.0,NORMAL,19.8,964.6,38.0,HEALTHY,replay,1.7,0.0
2025-02-12T22:00:00+00:00,AWS-BHO-030,20.9,960.0,33.0,False,,low,1.1,NORMAL,18.7,965.0,41.0,HEALTHY,replay,1.9,0.0
2025-02-12T23:00:00+00:00,AWS-BHO-030,20.0,959.5,36.0,False,,low,0.3,NORMAL,17.4,964.6,45.0,HEALTHY,replay,0.5,0.0
2025-02-13T00:00:00+00:00,AWS-BHO-030,19.1,959.0,39.0,False,,low,0.3,NORMAL,16.0,964.2,49.0,HEALTHY,replay,0.5,0.0
2025-02-13T01:00:00+00:00,AWS-BHO-030,18.4,958.7,41.0,False,,low,0.2,NORMAL,15.0,963.9,54.0,HEALTHY,replay,0.3,0.0
2025-02-13T02:00:00+00:00,AWS-BHO-030,17.6,958.1,44.0,False,,low,0.2,NORMAL,14.5,963.4,55.0,HEALTHY,replay,0.3,0.0
2025-02-13T03:00:00+00:00,AWS-BHO-030,16.3,957.8,49.0,False,,low,0.2,NORMAL,14.4,963.0,53.0,HEALTHY,replay,0.4,0.0
2025-02-13T04:00:00+00:00,AWS-BHO-030,15.8,957.6,50.0,False,,low,0.2,NORMAL,13.7,962.9,55.0,HEALTHY,replay,0.3,0.0
2025-02-13T05:00:00+00:00,AWS-BHO-030,15.5,957.8,49.0,False,,low,0.3,NORMAL,12.7,963.1,57.0,HEALTHY,replay,0.4,0.0
2025-02-13T06:00:00+00:00,AWS-BHO-030,14.3,958.6,56.0,False,,low,0.3,NORMAL,11.1,963.9,71.0,HEALTHY,replay,0.5,0.0
2025-02-13T07:00:00+00:00,AWS-BHO-030,14.3,959.3,55.0,False,,low,0.3,NORMAL,11.8,964.5,73.0,HEALTHY,replay,0.5,0.0
2025-02-13T08:00:00+00:00,AWS-BHO-030,16.8,960.6,47.0,False,,low,0.7,NORMAL,15.4,966.1,61.0,HEALTHY,replay,1.2,0.0
2025-02-13T09:00:00+00:00,AWS-BHO-030,20.4,962.1,36.0,False,,low,8.6,NORMAL,19.0,967.5,50.0,HEALTHY,replay,14.4,0.0
2025-02-13T10:00:00+00:00,AWS-BHO-030,23.4,962.7,27.0,False,,low,13.2,NORMAL,21.7,968.1,40.0,HEALTHY,replay,22.1,0.0
2025-02-13T11:00:00+00:00,AWS-BHO-030,24.9,962.3,22.0,False,,low,3.9,NORMAL,23.4,967.8,33.0,HEALTHY,replay,6.5,0.0
2025-02-13T12:00:00+00:00,AWS-BHO-030,25.6,961.4,22.0,False,,low,1.0,NORMAL,24.4,966.8,30.0,HEALTHY,replay,1.7,0.0
2025-02-13T13:00:00+00:00,AWS-BHO-030,26.2,960.2,22.0,False,,low,1.3,NORMAL,25.1,965.5,31.0,HEALTHY,replay,2.1,0.0
2025-02-13T14:00:00+00:00,AWS-BHO-030,26.7,959.2,22.0,False,,low,1.7,NORMAL,25.5,964.6,31.0,HEALTHY,replay,2.8,0.0
2025-02-13T15:00:00+00:00,AWS-BHO-030,27.0,958.3,22.0,False,,low,1.4,NORMAL,25.5,963.8,31.0,HEALTHY,replay,2.3,0.0
2025-02-13T16:00:00+00:00,AWS-BHO-030,26.8,958.0,20.0,False,,low,0.9,NORMAL,25.3,963.5,31.0,HEALTHY,replay,1.5,0.0
2025-02-13T17:00:00+00:00,AWS-BHO-030,25.7,958.0,20.0,False,,low,0.4,NORMAL,23.7,963.3,50.0,HEALTHY,replay,0.6,0.0
2025-02-13T18:00:00+00:00,AWS-BHO-030,23.2,958.4,30.0,False,,low,1.0,NORMAL,21.3,963.6,46.0,HEALTHY,replay,1.7,0.0
2025-02-13T19:00:00+00:00,AWS-BHO-030,21.8,958.9,32.0,False,,low,0.3,NORMAL,19.6,964.0,46.0,HEALTHY,replay,0.5,0.0
2025-02-13T20:00:00+00:00,AWS-BHO-030,21.1,959.6,32.0,False,,low,0.4,NORMAL,18.7,964.6,46.0,HEALTHY,replay,0.6,0.0
2025-02-13T21:00:00+00:00,AWS-BHO-030,20.5,959.6,34.0,False,,low,0.2,NORMAL,17.5,964.6,47.0,HEALTHY,replay,0.3,0.0
2025-02-13T22:00:00+00:00,AWS-BHO-030,26.70984165640138,959.6311050095431,57.68058364880287,True,multivariate_inconsistency,medium,57.0,FUSED_CONSENSUS,16.8,964.7,48.0,HEALTHY,replay,64.9,45.0
2025-02-13T23:00:00+00:00,AWS-BHO-030,25.70984165640138,959.5646236415912,59.369156352767945,True,multivariate_inconsistency,medium,55.2,FUSED_CONSENSUS,15.8,964.5,53.0,HEALTHY,replay,62.1,45.0
2025-02-14T00:00:00+00:00,AWS-BHO-030,24.80984165640138,958.3935347320275,62.61762563381669,True,multivariate_inconsistency,low,48.5,FUSED_CONSENSUS,14.6,964.0,55.0,HEALTHY,replay,50.8,45.0
2025-02-14T01:00:00+00:00,AWS-BHO-030,17.6,958.3,41.0,False,,low,1.5,NORMAL,14.1,963.3,58.0,HEALTHY,replay,2.5,0.0
2025-02-14T02:00:00+00:00,AWS-BHO-030,17.0,957.5,42.0,False,,low,0.3,NORMAL,13.5,962.6,59.0,HEALTHY,replay,0.6,0.0
2025-02-14T03:00:00+00:00,AWS-BHO-030,15.8,956.9,47.0,False,,low,0.5,NORMAL,13.0,962.1,61.0,HEALTHY,replay,0.9,0.0
2025-02-14T04:00:00+00:00,AWS-BHO-030,15.3,956.7,49.0,False,,low,0.3,NORMAL,12.7,961.9,60.0,HEALTHY,replay,0.6,0.0
2025-02-14T05:00:00+00:00,AWS-BHO-030,14.8,956.8,51.0,False,,low,0.3,NORMAL,12.4,962.0,61.0,HEALTHY,replay,0.5,0.0
2025-02-14T06:00:00+00:00,AWS-BHO-030,13.6,958.0,59.0,False,,low,0.6,NORMAL,11.2,963.4,70.0,HEALTHY,replay,1.0,0.0
2025-02-14T07:00:00+00:00,AWS-BHO-030,14.0,958.8,58.0,False,,low,0.4,NORMAL,12.4,964.3,69.0,HEALTHY,replay,0.6,0.0
2025-02-14T08:00:00+00:00,AWS-BHO-030,17.0,959.9,49.0,False,,low,1.0,NORMAL,15.8,965.3,65.0,HEALTHY,replay,1.6,0.0
2025-02-14T09:00:00+00:00,AWS-BHO-030,21.1,961.2,36.0,False,,low,39.8,NORMAL,19.6,966.6,51.0,HEALTHY,replay,66.3,0.0
2025-02-14T10:00:00+00:00,AWS-BHO-030,24.3,961.6,25.0,False,,low,48.5,NORMAL,22.3,967.1,40.0,HEALTHY,replay,80.8,0.0
2025-02-14T11:00:00+00:00,AWS-BHO-030,26.5,961.3,19.0,False,,low,23.0,NORMAL,24.7,966.6,31.0,HEALTHY,replay,38.3,0.0
2025-02-14T12:00:00+00:00,AWS-BHO-030,28.0,960.1,16.0,False,,low,21.0,NORMAL,26.2,965.5,26.0,HEALTHY,replay,35.0,0.0
2025-02-14T13:00:00+00:00,AWS-BHO-030,29.0,958.9,14.0,False,,low,12.7,NORMAL,26.9,964.4,27.0,HEALTHY,replay,21.2,0.0
2025-02-14T14:00:00+00:00,AWS-BHO-030,29.5,957.9,14.0,False,,low,10.3,NORMAL,27.5,963.5,26.0,HEALTHY,replay,17.2,0.0
2025-02-14T15:00:00+00:00,AWS-BHO-030,29.4,957.2,15.0,False,,low,3.3,NORMAL,27.8,962.8,23.0,HEALTHY,replay,5.4,0.0
2025-02-14T16:00:00+00:00,AWS-BHO-030,29.0,957.0,16.0,False,,low,1.6,NORMAL,27.4,962.4,25.0,HEALTHY,replay,2.6,0.0
2025-02-14T17:00:00+00:00,AWS-BHO-030,27.8,956.9,17.0,False,,low,0.7,NORMAL,25.6,962.0,47.0,HEALTHY,replay,1.2,0.0
2025-02-14T18:00:00+00:00,AWS-BHO-030,24.9,956.8,25.0,False,,low,2.1,NORMAL,23.0,961.9,41.0,HEALTHY,replay,3.5,0.0
2025-02-14T19:00:00+00:00,AWS-BHO-030,22.6,957.6,40.0,False,,low,10.9,NORMAL,21.7,962.3,46.0,HEALTHY,replay,18.1,0.0
2025-02-14T20:00:00+00:00,AWS-BHO-030,21.7,958.0,43.0,False,,low,1.9,NORMAL,19.6,962.7,48.0,HEALTHY,replay,3.1,0.0
2025-02-14T21:00:00+00:00,AWS-BHO-030,21.0,957.9,43.0,False,,low,0.2,NORMAL,17.8,962.8,55.0,HEALTHY,replay,0.4,0.0
2025-02-14T22:00:00+00:00,AWS-BHO-030,20.2,958.2,46.0,False,,low,0.2,NORMAL,16.8,963.1,61.0,HEALTHY,replay,0.3,0.0
2025-02-14T23:00:00+00:00,AWS-BHO-030,20.0,957.6,47.0,False,,low,0.2,NORMAL,16.5,962.7,63.0,HEALTHY,replay,0.3,0.0
2025-02-15T00:00:00+00:00,AWS-BHO-030,19.8,957.0,46.0,False,,low,0.3,NORMAL,16.3,962.0,62.0,HEALTHY,replay,0.5,0.0
2025-02-15T01:00:00+00:00,AWS-BHO-030,19.7,956.3,43.0,False,,low,0.3,NORMAL,16.3,961.3,62.0,HEALTHY,replay,0.5,0.0
2025-02-15T02:00:00+00:00,AWS-BHO-030,19.5,955.5,42.0,False,,low,0.7,NORMAL,16.0,960.5,62.0,HEALTHY,replay,1.2,0.0
2025-02-15T03:00:00+00:00,AWS-BHO-030,19.1,955.0,42.0,False,,low,1.2,NORMAL,15.4,960.0,62.0,HEALTHY,replay,2.0,0.0
2025-02-15T04:00:00+00:00,AWS-BHO-030,18.8,954.8,43.0,False,,low,1.3,NORMAL,15.3,959.8,61.0,HEALTHY,replay,2.2,0.0
2025-02-15T05:00:00+00:00,AWS-BHO-030,18.2,954.8,46.0,False,,low,0.7,NORMAL,15.2,959.9,60.0,HEALTHY,replay,1.2,0.0
2025-02-15T06:00:00+00:00,AWS-BHO-030,23.70147973955048,947.5783778028338,34.10123574030147,True,drift,critical,92.4,RULE_ENGINE_BYPASS,14.9,961.3,64.0,HEALTHY,replay,93.3,91.0
2025-02-15T07:00:00+00:00,AWS-BHO-030,23.71565566498677,949.5968190022992,32.13369047317421,True,drift,critical,90.6,RULE_ENGINE_BYPASS,15.5,962.2,63.0,HEALTHY,replay,90.3,91.0
2025-02-15T08:00:00+00:00,AWS-BHO-030,26.56875336607501,949.695553240008,61.719634819043726,True,drift,critical,94.1,RULE_ENGINE_BYPASS,18.3,963.5,58.0,HEALTHY,replay,96.2,91.0
2025-02-15T09:00:00+00:00,AWS-BHO-030,30.013579775755534,952.1516559754518,20.38862657654088,True,drift,critical,93.5,RULE_ENGINE_BYPASS,21.6,964.4,50.0,OFFLINE,replay,95.1,91.0
2025-02-15T10:00:00+00:00,AWS-BHO-030,20.380573074890435,966.377003836408,15.0,True,multivariate_inconsistency,high,75.8,MODEL_OVERRIDE,24.9,964.6,42.0,OFFLINE,replay,96.3,45.0
2025-02-15T11:00:00+00:00,AWS-BHO-030,21.971245952431875,965.9165652264676,15.0,True,multivariate_inconsistency,high,76.3,MODEL_OVERRIDE,27.1,964.0,37.0,OFFLINE,replay,97.1,45.0
2025-02-15T12:00:00+00:00,AWS-BHO-030,36.60188273552614,951.2555603439216,33.8000808684579,True,drift,critical,95.8,RULE_ENGINE_BYPASS,28.9,963.3,31.0,OFFLINE,replay,99.1,91.0
2025-02-15T13:00:00+00:00,AWS-BHO-030,25.48219805490156,965.7834059428498,15.0,True,unstructured_anomaly,critical,97.8,ML_MODEL_ISOLATION,29.9,962.2,26.0,OFFLINE,replay,97.8,0.0
2025-02-15T14:00:00+00:00,AWS-BHO-030,31.2,956.0,18.0,True,unstructured_anomaly,high,89.0,ML_MODEL_ISOLATION,30.5,961.2,23.0,OFFLINE,replay,89.0,0.0
2025-02-15T15:00:00+00:00,AWS-BHO-030,31.2,955.1,19.0,True,unstructured_anomaly,high,89.4,ML_MODEL_ISOLATION,30.3,960.3,23.0,HEALTHY,replay,89.4,0.0
2025-02-15T16:00:00+00:00,AWS-BHO-030,31.4,954.8,18.0,True,unstructured_anomaly,high,89.7,ML_MODEL_ISOLATION,29.8,960.0,25.0,OFFLINE,replay,89.7,0.0
2025-02-15T17:00:00+00:00,AWS-BHO-030,30.1,954.7,19.0,True,unstructured_anomaly,critical,90.5,ML_MODEL_ISOLATION,27.7,959.7,43.0,OFFLINE,replay,90.5,0.0
2025-02-15T18:00:00+00:00,AWS-BHO-030,25.4,954.6,42.0,False,,low,49.5,NORMAL,24.3,959.6,40.0,OFFLINE,replay,82.5,0.0
2025-02-15T19:00:00+00:00,AWS-BHO-030,24.3,955.0,45.0,False,,low,41.8,NORMAL,22.9,960.0,50.0,HEALTHY,replay,69.7,0.0
2025-02-15T20:00:00+00:00,AWS-BHO-030,23.5,955.5,44.0,False,,low,17.8,NORMAL,21.9,960.6,51.0,WARNING,replay,29.6,0.0
2025-02-15T21:00:00+00:00,AWS-BHO-030,23.7,956.0,36.0,False,,low,22.3,NORMAL,20.9,961.0,53.0,WARNING,replay,37.2,0.0
2025-02-15T22:00:00+00:00,AWS-BHO-030,22.6,956.0,38.0,False,,low,3.1,NORMAL,20.9,961.1,48.0,WARNING,replay,5.2,0.0
2025-02-15T23:00:00+00:00,AWS-BHO-030,22.1,955.7,39.0,False,,low,3.6,NORMAL,20.3,960.7,47.0,WARNING,replay,6.1,0.0
2025-02-16T00:00:00+00:00,AWS-BHO-030,21.9,955.3,38.0,False,,low,6.2,NORMAL,19.4,960.3,48.0,WARNING,replay,10.3,0.0
2025-02-16T01:00:00+00:00,AWS-BHO-030,21.9,954.6,34.0,False,,low,8.8,NORMAL,18.7,959.6,49.0,WARNING,replay,14.6,0.0
2025-02-16T02:00:00+00:00,AWS-BHO-030,20.9,954.3,35.0,False,,low,6.2,NORMAL,17.9,959.2,50.0,WARNING,replay,10.3,0.0
2025-02-16T03:00:00+00:00,AWS-BHO-030,20.0,954.1,38.0,False,,low,3.4,NORMAL,17.0,959.0,52.0,WARNING,replay,5.7,0.0
2025-02-16T04:00:00+00:00,AWS-BHO-030,19.6,954.2,41.0,False,,low,3.3,NORMAL,16.4,959.2,54.0,WARNING,replay,5.5,0.0
2025-02-16T05:00:00+00:00,AWS-BHO-030,19.2,954.6,45.0,False,,low,3.5,NORMAL,15.8,959.7,57.0,WARNING,replay,5.9,0.0
2025-02-16T06:00:00+00:00,AWS-BHO-030,18.3,956.0,51.0,False,,low,2.8,NORMAL,15.2,961.1,62.0,WARNING,replay,4.6,0.0
2025-02-16T07:00:00+00:00,AWS-BHO-030,18.5,956.5,54.0,False,,low,4.0,NORMAL,16.0,961.7,64.0,HEALTHY,replay,6.6,0.0
2025-02-16T08:00:00+00:00,AWS-BHO-030,20.5,957.7,50.0,False,,low,2.1,NORMAL,19.1,963.1,60.0,HEALTHY,replay,3.5,0.0
2025-02-16T09:00:00+00:00,AWS-BHO-030,23.3,958.6,44.0,False,,low,4.5,NORMAL,21.9,964.1,54.0,HEALTHY,replay,7.5,0.0
2025-02-16T10:00:00+00:00,AWS-BHO-030,26.1,959.0,37.0,False,,low,19.9,NORMAL,24.3,964.5,49.0,HEALTHY,replay,33.2,0.0
2025-02-16T11:00:00+00:00,AWS-BHO-030,28.5,958.5,29.0,False,,low,26.2,NORMAL,26.4,964.0,44.0,HEALTHY,replay,43.6,0.0
2025-02-16T12:00:00+00:00,AWS-BHO-030,30.0,957.8,24.0,False,,low,31.6,NORMAL,28.0,963.2,39.0,HEALTHY,replay,52.7,0.0
2025-02-16T13:00:00+00:00,AWS-BHO-030,30.9,956.7,21.0,False,,low,23.6,NORMAL,29.0,962.1,35.0,HEALTHY,replay,39.4,0.0
2025-02-16T14:00:00+00:00,AWS-BHO-030,31.2,955.9,20.0,False,,low,18.5,NORMAL,29.6,961.4,32.0,HEALTHY,replay,30.9,0.0
2025-02-16T15:00:00+00:00,AWS-BHO-030,30.7,955.5,22.0,False,,low,6.4,NORMAL,30.0,960.9,27.0,HEALTHY,replay,10.6,0.0
2025-02-16T16:00:00+00:00,AWS-BHO-030,30.2,955.5,23.0,False,,low,5.8,NORMAL,29.3,960.8,29.0,HEALTHY,replay,9.6,0.0
2025-02-16T17:00:00+00:00,AWS-BHO-030,29.5,955.6,24.0,False,,low,6.0,NORMAL,27.2,960.7,46.0,HEALTHY,replay,9.9,0.0
2025-02-16T18:00:00+00:00,AWS-BHO-030,27.3,955.7,29.0,False,,low,3.2,NORMAL,24.6,960.9,42.0,HEALTHY,replay,5.4,0.0
2025-02-16T19:00:00+00:00,AWS-BHO-030,25.1,956.4,35.0,False,,low,1.2,NORMAL,23.4,961.2,49.0,HEALTHY,replay,1.9,0.0
2025-02-16T20:00:00+00:00,AWS-BHO-030,23.7,957.2,47.0,False,,low,3.1,NORMAL,21.6,962.0,53.0,HEALTHY,replay,5.2,0.0
2025-02-16T21:00:00+00:00,AWS-BHO-030,23.4,957.5,49.0,False,,low,0.4,NORMAL,20.3,962.5,56.0,HEALTHY,replay,0.7,0.0
2025-02-16T22:00:00+00:00,AWS-BHO-030,22.3,957.2,53.0,False,,low,0.4,NORMAL,19.6,962.2,62.0,HEALTHY,replay,0.7,0.0
2025-02-16T23:00:00+00:00,AWS-BHO-030,21.8,957.0,54.0,False,,low,0.2,NORMAL,18.8,962.2,69.0,HEALTHY,replay,0.3,0.0
2025-02-17T00:00:00+00:00,AWS-BHO-030,20.8,956.5,57.0,False,,low,0.3,NORMAL,18.5,961.6,71.0,HEALTHY,replay,0.5,0.0
2025-02-17T01:00:00+00:00,AWS-BHO-030,20.3,945.6762626377106,58.0,False,,low,40.3,NORMAL,18.3,961.4,71.0,HEALTHY,replay,67.2,0.0
2025-02-17T02:00:00+00:00,AWS-BHO-030,20.5,950.9122291234942,51.0,False,,low,27.5,NORMAL,17.6,961.1,74.0,HEALTHY,replay,45.8,0.0
2025-02-17T03:00:00+00:00,AWS-BHO-030,19.9,953.3926514704892,50.0,False,,low,4.8,NORMAL,16.5,960.9,76.0,HEALTHY,replay,8.1,0.0
2025-02-17T04:00:00+00:00,AWS-BHO-030,19.9,954.6143417305492,48.0,False,,low,2.1,NORMAL,16.0,961.0,76.0,HEALTHY,replay,3.5,0.0
2025-02-17T05:00:00+00:00,AWS-BHO-030,19.5,955.3660543778096,49.0,False,,low,1.2,NORMAL,15.7,961.0,75.0,HEALTHY,replay,2.0,0.0
2025-02-17T06:00:00+00:00,AWS-BHO-030,18.4,957.1,56.0,False,,low,3.2,NORMAL,15.7,962.1,80.0,HEALTHY,replay,5.3,0.0
2025-02-17T07:00:00+00:00,AWS-BHO-030,18.4,957.8,57.0,False,,low,3.5,NORMAL,15.9,963.1,82.0,HEALTHY,replay,5.8,0.0
2025-02-17T08:00:00+00:00,AWS-BHO-030,20.6,959.0,51.0,False,,low,4.1,NORMAL,18.9,964.5,73.0,HEALTHY,replay,6.8,0.0
2025-02-17T09:00:00+00:00,AWS-BHO-030,23.8,960.0,43.0,False,,low,4.5,NORMAL,22.1,965.6,62.0,HEALTHY,replay,7.6,0.0
2025-02-17T10:00:00+00:00,AWS-BHO-030,26.3,960.3,37.0,False,,low,3.7,NORMAL,25.2,965.8,49.0,HEALTHY,replay,6.1,0.0
2025-02-17T11:00:00+00:00,AWS-BHO-030,28.1,960.0,34.0,False,,low,3.0,NORMAL,27.5,965.4,42.0,HEALTHY,replay,5.1,0.0
2025-02-17T12:00:00+00:00,AWS-BHO-030,29.4,959.4,31.0,False,,low,2.4,NORMAL,28.9,964.8,38.0,HEALTHY,replay,4.0,0.0
2025-02-17T13:00:00+00:00,AWS-BHO-030,30.4,958.6,28.0,False,,low,2.1,NORMAL,29.6,964.0,36.0,HEALTHY,replay,3.4,0.0
2025-02-17T14:00:00+00:00,AWS-BHO-030,31.0,957.6,25.0,False,,low,3.0,NORMAL,29.9,963.2,34.0,HEALTHY,replay,5.0,0.0
2025-02-17T15:00:00+00:00,AWS-BHO-030,31.4,957.0,22.0,False,,low,2.4,NORMAL,29.9,962.6,33.0,HEALTHY,replay,4.0,0.0
2025-02-17T16:00:00+00:00,AWS-BHO-030,31.3,956.7,21.0,False,,low,1.8,NORMAL,29.5,962.4,32.0,HEALTHY,replay,3.0,0.0
2025-02-17T17:00:00+00:00,AWS-BHO-030,30.0,957.0,22.0,False,,low,1.1,NORMAL,27.9,962.2,40.0,HEALTHY,replay,1.9,0.0
2025-02-17T18:00:00+00:00,AWS-BHO-030,26.8,957.4,34.0,False,,low,2.3,NORMAL,25.5,962.1,44.0,HEALTHY,replay,3.9,0.0
2025-02-17T19:00:00+00:00,AWS-BHO-030,25.7,957.7,40.0,False,,low,0.8,NORMAL,23.9,962.4,50.0,HEALTHY,replay,1.4,0.0
2025-02-17T20:00:00+00:00,AWS-BHO-030,24.7,958.3,45.0,False,,low,0.6,NORMAL,22.6,963.2,54.0,HEALTHY,replay,1.0,0.0
2025-02-17T21:00:00+00:00,AWS-BHO-030,23.7,958.4,48.0,False,,low,0.2,NORMAL,21.2,963.3,60.0,HEALTHY,replay,0.3,0.0
2025-02-17T22:00:00+00:00,AWS-BHO-030,23.0,958.6,50.0,False,,low,0.2,NORMAL,19.9,963.6,64.0,HEALTHY,replay,0.4,0.0
2025-02-17T23:00:00+00:00,AWS-BHO-030,22.1,958.4,52.0,False,,low,0.3,NORMAL,19.6,963.7,65.0,HEALTHY,replay,0.5,0.0
2025-02-18T00:00:00+00:00,AWS-BHO-030,20.9,957.6,57.0,False,,low,0.4,NORMAL,19.2,962.9,64.0,HEALTHY,replay,0.6,0.0
2025-02-18T01:00:00+00:00,AWS-BHO-030,19.9,957.1,62.0,False,,low,0.6,NORMAL,18.6,962.4,64.0,HEALTHY,replay,1.0,0.0
2025-02-18T02:00:00+00:00,AWS-BHO-030,19.2,956.3,65.0,False,,low,0.6,NORMAL,17.5,961.8,67.0,HEALTHY,replay,1.0,0.0
2025-02-18T03:00:00+00:00,AWS-BHO-030,18.6,956.0,69.0,False,,low,0.3,NORMAL,17.0,961.6,69.0,HEALTHY,replay,0.5,0.0
2025-02-18T04:00:00+00:00,AWS-BHO-030,18.5,955.8,68.0,False,,low,0.2,NORMAL,16.9,961.3,70.0,HEALTHY,replay,0.3,0.0
2025-02-18T05:00:00+00:00,AWS-BHO-030,18.5,956.1,64.0,False,,low,0.2,NORMAL,16.8,961.4,70.0,HEALTHY,replay,0.3,0.0
2025-02-18T06:00:00+00:00,AWS-BHO-030,18.2,957.4,66.0,False,,low,0.1,NORMAL,16.5,962.8,75.0,HEALTHY,replay,0.2,0.0
2025-02-18T07:00:00+00:00,AWS-BHO-030,18.3,958.0,64.0,False,,low,0.1,NORMAL,17.4,963.4,74.0,HEALTHY,replay,0.2,0.0
2025-02-18T08:00:00+00:00,AWS-BHO-030,20.5,958.8,57.0,False,,low,0.2,NORMAL,20.3,964.4,64.0,HEALTHY,replay,0.3,0.0
2025-02-18T09:00:00+00:00,AWS-BHO-030,23.5,959.7,49.0,False,,low,0.4,NORMAL,23.4,965.2,52.0,HEALTHY,replay,0.6,0.0
2025-02-18T10:00:00+00:00,AWS-BHO-030,26.5,960.4,41.0,False,,low,1.5,NORMAL,26.4,965.9,44.0,HEALTHY,replay,2.5,0.0
2025-02-18T11:00:00+00:00,AWS-BHO-030,28.4,960.1,35.0,False,,low,0.6,NORMAL,28.4,965.6,37.0,HEALTHY,replay,1.0,0.0
2025-02-18T12:00:00+00:00,AWS-BHO-030,29.7,959.2,31.0,False,,low,0.5,NORMAL,29.6,964.6,34.0,HEALTHY,replay,0.8,0.0
2025-02-18T13:00:00+00:00,AWS-BHO-030,30.6,958.1,29.0,False,,low,0.6,NORMAL,30.1,963.6,32.0,HEALTHY,replay,1.0,0.0
2025-02-18T14:00:00+00:00,AWS-BHO-030,31.2,957.2,28.0,False,,low,0.7,NORMAL,30.0,962.6,32.0,HEALTHY,replay,1.1,0.0
2025-02-18T15:00:00+00:00,AWS-BHO-030,31.0,956.4,27.0,False,,low,0.5,NORMAL,29.8,961.9,32.0,HEALTHY,replay,0.8,0.0
2025-02-18T16:00:00+00:00,AWS-BHO-030,30.8,956.1,26.0,False,,low,0.6,NORMAL,29.0,961.6,34.0,HEALTHY,replay,1.0,0.0
2025-02-18T17:00:00+00:00,AWS-BHO-030,30.1,956.2,25.0,False,,low,0.6,NORMAL,28.0,961.7,50.0,HEALTHY,replay,1.0,0.0
2025-02-18T18:00:00+00:00,AWS-BHO-030,27.0,956.3,37.0,False,,low,1.0,NORMAL,25.1,961.8,47.0,HEALTHY,replay,1.6,0.0
2025-02-18T19:00:00+00:00,AWS-BHO-030,25.6,957.0,41.0,False,,low,0.6,NORMAL,24.9,962.0,47.0,HEALTHY,replay,0.9,0.0
2025-02-18T20:00:00+00:00,AWS-BHO-030,24.6,957.4,45.0,False,,low,0.2,NORMAL,23.5,962.5,50.0,HEALTHY,replay,0.4,0.0
2025-02-18T21:00:00+00:00,AWS-BHO-030,23.7,948.4419649929664,49.0,False,,low,23.3,NORMAL,21.7,963.0,59.0,HEALTHY,replay,38.9,0.0
2025-02-18T22:00:00+00:00,AWS-BHO-030,22.7,958.1,53.0,False,,low,1.3,NORMAL,20.4,963.5,62.0,HEALTHY,replay,2.1,0.0
2025-02-18T23:00:00+00:00,AWS-BHO-030,21.8,957.5,56.0,False,,low,1.3,NORMAL,20.0,962.9,69.0,HEALTHY,replay,2.1,0.0
2025-02-19T00:00:00+00:00,AWS-BHO-030,20.7,957.1,61.0,False,,low,1.2,NORMAL,19.2,962.4,72.0,HEALTHY,replay,2.0,0.0
2025-02-19T01:00:00+00:00,AWS-BHO-030,20.0,956.7,66.0,False,,low,0.5,NORMAL,18.5,962.1,75.0,HEALTHY,replay,0.8,0.0
2025-02-19T02:00:00+00:00,AWS-BHO-030,19.2,955.8,71.0,False,,low,0.7,NORMAL,17.8,961.2,78.0,HEALTHY,replay,1.1,0.0
2025-02-19T03:00:00+00:00,AWS-BHO-030,18.8,955.5,72.0,False,,low,0.3,NORMAL,17.2,960.9,81.0,HEALTHY,replay,0.5,0.0
2025-02-19T04:00:00+00:00,AWS-BHO-030,18.2,955.3,75.0,False,,low,0.2,NORMAL,16.8,960.7,82.0,HEALTHY,replay,0.3,0.0
2025-02-19T05:00:00+00:00,AWS-BHO-030,17.9,955.5,76.0,False,,low,0.2,NORMAL,16.5,960.9,81.0,HEALTHY,replay,0.4,0.0
2025-02-19T06:00:00+00:00,AWS-BHO-030,17.4,956.6,81.0,False,,low,0.3,NORMAL,16.4,962.0,87.0,HEALTHY,replay,0.5,0.0
2025-02-19T07:00:00+00:00,AWS-BHO-030,17.4,957.4,80.0,False,,low,0.5,NORMAL,16.9,962.9,84.0,HEALTHY,replay,0.8,0.0
2025-02-19T08:00:00+00:00,AWS-BHO-030,19.5,958.4,71.0,False,,low,0.7,NORMAL,19.4,964.0,74.0,HEALTHY,replay,1.1,0.0
2025-02-19T09:00:00+00:00,AWS-BHO-030,22.4,959.4,57.0,False,,low,3.5,NORMAL,22.0,965.0,63.0,HEALTHY,replay,5.9,0.0
2025-02-19T10:00:00+00:00,AWS-BHO-030,24.9,959.6,48.0,False,,low,3.4,NORMAL,24.7,965.1,54.0,HEALTHY,replay,5.6,0.0
2025-02-19T11:00:00+00:00,AWS-BHO-030,27.0,959.1,41.0,False,,low,2.4,NORMAL,26.9,964.6,46.0,HEALTHY,replay,4.1,0.0
2025-02-19T12:00:00+00:00,AWS-BHO-030,28.4,945.3183749029996,36.0,False,,low,37.6,NORMAL,28.3,963.4,40.0,HEALTHY,replay,62.6,0.0
2025-02-19T13:00:00+00:00,AWS-BHO-030,28.8,953.5759971199918,33.0,False,,low,24.0,NORMAL,28.9,962.3,36.0,HEALTHY,replay,39.9,0.0
2025-02-19T14:00:00+00:00,AWS-BHO-030,28.9,954.9287398056802,33.0,False,,low,13.5,NORMAL,29.1,961.0,34.0,HEALTHY,replay,22.4,0.0
2025-02-19T15:00:00+00:00,AWS-BHO-030,29.0,955.1,33.0,False,,low,3.6,NORMAL,28.5,960.5,36.0,HEALTHY,replay,6.0,0.0
2025-02-19T16:00:00+00:00,AWS-BHO-030,28.7,954.7,32.0,False,,low,2.3,NORMAL,27.9,960.1,37.0,HEALTHY,replay,3.8,0.0
2025-02-19T17:00:00+00:00,AWS-BHO-030,28.5,954.7,32.0,False,,low,1.9,NORMAL,26.8,960.1,42.0,HEALTHY,replay,3.2,0.0
2025-02-19T18:00:00+00:00,AWS-BHO-030,26.1,954.8,41.0,False,,low,0.9,NORMAL,24.6,960.1,47.0,HEALTHY,replay,1.6,0.0
2025-02-19T19:00:00+00:00,AWS-BHO-030,24.9,955.3,43.0,False,,low,0.9,NORMAL,23.3,960.4,50.0,HEALTHY,replay,1.4,0.0
2025-02-19T20:00:00+00:00,AWS-BHO-030,24.3,956.2,47.0,False,,low,0.5,NORMAL,22.3,961.3,55.0,HEALTHY,replay,0.8,0.0
2025-02-19T21:00:00+00:00,AWS-BHO-030,23.3,956.7,49.0,False,,low,0.4,NORMAL,21.8,961.6,57.0,HEALTHY,replay,0.7,0.0
2025-02-19T22:00:00+00:00,AWS-BHO-030,22.2,956.7,55.0,False,,low,0.3,NORMAL,20.7,962.1,61.0,HEALTHY,replay,0.5,0.0
2025-02-19T23:00:00+00:00,AWS-BHO-030,22.0,956.3,55.0,False,,low,0.2,NORMAL,20.0,961.7,63.0,HEALTHY,replay,0.4,0.0
2025-02-20T00:00:00+00:00,AWS-BHO-030,21.0,955.9,59.0,False,,low,0.2,NORMAL,19.4,961.0,66.0,HEALTHY,replay,0.3,0.0
2025-02-20T01:00:00+00:00,AWS-BHO-030,20.1,955.5,,True,dropout,critical,100.0,RULE_ENGINE_BYPASS,18.4,960.6,71.0,HEALTHY,replay,,100.0
2025-02-20T02:00:00+00:00,AWS-BHO-030,19.3,955.1,66.0,False,,low,0.2,NORMAL,17.8,960.3,75.0,HEALTHY,replay,0.4,0.0
2025-02-20T03:00:00+00:00,AWS-BHO-030,18.6,954.7,68.0,False,,low,0.2,NORMAL,17.3,960.0,75.0,HEALTHY,replay,0.4,0.0
2025-02-20T04:00:00+00:00,AWS-BHO-030,18.3,954.8,68.0,False,,low,0.2,NORMAL,16.8,960.2,76.0,HEALTHY,replay,0.4,0.0
2025-02-20T05:00:00+00:00,AWS-BHO-030,17.7,955.2,71.0,False,,low,0.2,NORMAL,16.3,960.5,78.0,HEALTHY,replay,0.3,0.0
2025-02-20T06:00:00+00:00,AWS-BHO-030,17.7,956.4,74.0,False,,low,0.3,NORMAL,15.8,961.9,85.0,HEALTHY,replay,0.4,0.0
2025-02-20T07:00:00+00:00,AWS-BHO-030,18.4,957.2,71.0,False,,low,0.5,NORMAL,16.9,962.8,80.0,HEALTHY,replay,0.9,0.0
2025-02-20T08:00:00+00:00,AWS-BHO-030,20.9,958.6,62.0,False,,low,12.0,NORMAL,20.5,964.1,68.0,HEALTHY,replay,20.1,0.0
2025-02-20T09:00:00+00:00,AWS-BHO-030,23.9,959.8,51.0,False,,low,29.8,NORMAL,23.8,965.2,56.0,HEALTHY,replay,49.7,0.0
2025-02-20T10:00:00+00:00,AWS-BHO-030,26.6,960.3,41.0,False,,low,27.4,NORMAL,26.6,965.6,45.0,HEALTHY,replay,45.7,0.0
2025-02-20T11:00:00+00:00,AWS-BHO-030,28.5,960.1,33.0,False,,low,16.5,NORMAL,28.3,965.5,37.0,HEALTHY,replay,27.4,0.0
2025-02-20T12:00:00+00:00,AWS-BHO-030,30.1,959.2,24.0,False,,low,15.2,NORMAL,29.0,964.6,32.0,HEALTHY,replay,25.3,0.0
2025-02-20T13:00:00+00:00,AWS-BHO-030,30.9,958.2,20.0,False,,low,11.2,NORMAL,29.3,963.7,30.0,HEALTHY,replay,18.6,0.0
2025-02-20T14:00:00+00:00,AWS-BHO-030,31.0,957.4,19.0,False,,low,4.1,NORMAL,29.8,962.8,27.0,HEALTHY,replay,6.9,0.0
2025-02-20T15:00:00+00:00,AWS-BHO-030,31.2,956.8,19.0,False,,low,1.3,NORMAL,30.0,962.2,26.0,HEALTHY,replay,2.2,0.0
2025-02-20T16:00:00+00:00,AWS-BHO-030,31.2,956.4,19.0,False,,low,1.4,NORMAL,29.8,961.8,25.0,HEALTHY,replay,2.3,0.0
2025-02-20T17:00:00+00:00,AWS-BHO-030,29.7,956.4,18.0,False,,low,1.2,NORMAL,28.1,961.7,42.0,HEALTHY,replay,1.9,0.0
2025-02-20T18:00:00+00:00,AWS-BHO-030,27.7,957.1,20.0,False,,low,1.5,NORMAL,25.7,961.8,33.0,HEALTHY,replay,2.5,0.0
2025-02-20T19:00:00+00:00,AWS-BHO-030,26.4,957.6,18.0,False,,low,2.1,NORMAL,23.4,962.5,39.0,HEALTHY,replay,3.5,0.0
2025-02-20T20:00:00+00:00,AWS-BHO-030,24.5,958.3,19.0,False,,low,1.9,NORMAL,21.6,963.4,46.0,HEALTHY,replay,3.2,0.0
2025-02-20T21:00:00+00:00,AWS-BHO-030,23.1,958.6,30.0,False,,low,3.2,NORMAL,20.8,963.6,50.0,HEALTHY,replay,5.3,0.0
2025-02-20T22:00:00+00:00,AWS-BHO-030,22.9,958.7,42.0,False,,low,2.6,NORMAL,20.4,963.8,55.0,HEALTHY,replay,4.4,0.0
2025-02-20T23:00:00+00:00,AWS-BHO-030,22.2,958.3,46.0,False,,low,0.4,NORMAL,18.9,963.5,55.0,HEALTHY,replay,0.7,0.0
2025-02-21T00:00:00+00:00,AWS-BHO-030,21.1,958.0,50.0,False,,low,0.2,NORMAL,18.3,963.0,53.0,HEALTHY,replay,0.4,0.0
2025-02-21T01:00:00+00:00,AWS-BHO-030,21.3,957.5,44.0,False,,low,0.3,NORMAL,18.0,962.3,56.0,HEALTHY,replay,0.4,0.0
2025-02-21T02:00:00+00:00,AWS-BHO-030,20.8,957.0,37.0,False,,low,0.9,NORMAL,17.5,961.9,56.0,HEALTHY,replay,1.5,0.0
2025-02-21T03:00:00+00:00,AWS-BHO-030,20.0,956.9,35.0,False,,low,0.5,NORMAL,16.4,961.8,48.0,HEALTHY,replay,0.8,0.0
2025-02-21T04:00:00+00:00,AWS-BHO-030,19.2,957.1,37.0,False,,low,0.5,NORMAL,15.8,962.1,45.0,HEALTHY,replay,0.8,0.0
2025-02-21T05:00:00+00:00,AWS-BHO-030,18.6,957.5,40.0,False,,low,0.3,NORMAL,15.1,962.6,49.0,HEALTHY,replay,0.5,0.0
2025-02-21T06:00:00+00:00,AWS-BHO-030,18.3,958.6,45.0,False,,low,0.5,NORMAL,14.9,963.6,56.0,HEALTHY,replay,0.9,0.0
2025-02-21T07:00:00+00:00,AWS-BHO-030,18.7,959.5,46.0,False,,low,0.7,NORMAL,15.8,964.6,57.0,HEALTHY,replay,1.2,0.0
2025-02-21T08:00:00+00:00,AWS-BHO-030,21.1,960.7,43.0,False,,low,2.6,NORMAL,19.5,966.1,51.0,HEALTHY,replay,4.4,0.0
2025-02-21T09:00:00+00:00,AWS-BHO-030,24.3,961.7,35.0,False,,low,8.0,NORMAL,23.0,967.1,44.0,HEALTHY,replay,13.3,0.0
2025-02-21T10:00:00+00:00,AWS-BHO-030,27.0,962.0,29.0,False,,low,3.9,NORMAL,25.5,967.3,38.0,HEALTHY,replay,6.6,0.0
2025-02-21T11:00:00+00:00,AWS-BHO-030,28.9,961.7,24.0,False,,low,4.8,NORMAL,27.5,967.1,34.0,HEALTHY,replay,7.9,0.0
2025-02-21T12:00:00+00:00,AWS-BHO-030,30.0,960.8,20.0,False,,low,1.3,NORMAL,28.9,966.2,26.0,HEALTHY,replay,2.1,0.0
2025-02-21T13:00:00+00:00,AWS-BHO-030,30.6,959.9,18.0,False,,low,0.8,NORMAL,29.4,965.3,25.0,HEALTHY,replay,1.3,0.0
2025-02-21T14:00:00+00:00,AWS-BHO-030,39.91585903406028,958.4883691871324,34.70470053341925,True,multivariate_inconsistency,high,75.0,MODEL_OVERRIDE,29.6,964.4,24.0,HEALTHY,replay,95.0,45.0
2025-02-21T15:00:00+00:00,AWS-BHO-030,39.71585903406029,957.9988893291788,34.72319556804915,True,multivariate_inconsistency,high,74.0,MODEL_OVERRIDE,29.6,963.6,24.0,HEALTHY,replay,93.4,45.0
2025-02-21T16:00:00+00:00,AWS-BHO-030,39.21585903406029,957.9264906641492,36.70119119412932,True,multivariate_inconsistency,high,70.9,MODEL_OVERRIDE,29.2,963.3,24.0,HEALTHY,replay,88.2,45.0
2025-02-21T17:00:00+00:00,AWS-BHO-030,38.31585903406028,957.6669904427632,38.726008180685405,True,multivariate_inconsistency,medium,69.1,FUSED_CONSENSUS,27.6,963.0,34.0,OFFLINE,replay,85.2,45.0
2025-02-21T18:00:00+00:00,AWS-BHO-030,35.615859034060286,957.8708576943222,64.3651388161444,True,multivariate_inconsistency,high,71.8,MODEL_OVERRIDE,24.4,963.2,36.0,OFFLINE,replay,89.7,45.0
2025-02-21T19:00:00+00:00,AWS-BHO-030,25.0,958.7,33.0,False,,low,9.5,NORMAL,23.0,963.7,37.0,OFFLINE,replay,15.9,0.0
2025-02-21T20:00:00+00:00,AWS-BHO-030,23.7,959.4,37.0,False,,low,18.6,NORMAL,22.4,964.6,38.0,OFFLINE,replay,31.0,0.0
2025-02-21T21:00:00+00:00,AWS-BHO-030,22.7,960.1,40.0,False,,low,20.0,NORMAL,21.4,964.8,42.0,HEALTHY,replay,33.3,0.0
2025-02-21T22:00:00+00:00,AWS-BHO-030,22.8,960.6,37.0,False,,low,7.0,NORMAL,20.3,965.5,46.0,OFFLINE,replay,11.7,0.0
2025-02-21T23:00:00+00:00,AWS-BHO-030,21.7,960.0,41.0,False,,low,5.7,NORMAL,20.0,965.4,47.0,OFFLINE,replay,9.4,0.0
2025-02-22T00:00:00+00:00,AWS-BHO-030,20.3,959.3,46.0,False,,low,6.2,NORMAL,19.3,964.6,48.0,OFFLINE,replay,10.3,0.0
2025-02-22T01:00:00+00:00,AWS-BHO-030,19.9,958.9,47.0,False,,low,9.2,NORMAL,18.2,964.1,53.0,HEALTHY,replay,15.4,0.0
2025-02-22T02:00:00+00:00,AWS-BHO-030,19.6,958.4,47.0,False,,low,2.5,NORMAL,17.5,963.6,56.0,WARNING,replay,4.1,0.0
2025-02-22T03:00:00+00:00,AWS-BHO-030,18.9,958.3,49.0,False,,low,1.7,NORMAL,16.6,963.4,59.0,WARNING,replay,2.8,0.0
2025-02-22T04:00:00+00:00,AWS-BHO-030,18.3,958.2,50.0,False,,low,1.3,NORMAL,16.3,963.3,60.0,WARNING,replay,2.2,0.0
2025-02-22T05:00:00+00:00,AWS-BHO-030,17.9,958.5,51.0,False,,low,1.5,NORMAL,15.9,963.7,63.0,WARNING,replay,2.5,0.0
2025-02-22T06:00:00+00:00,AWS-BHO-030,17.7,959.0,55.0,False,,low,0.9,NORMAL,15.2,964.3,67.0,WARNING,replay,1.6,0.0
2025-02-22T07:00:00+00:00,AWS-BHO-030,17.7,960.0,56.0,False,,low,0.6,NORMAL,16.4,965.4,65.0,WARNING,replay,1.0,0.0
2025-02-22T08:00:00+00:00,AWS-BHO-030,19.9,961.4,50.0,False,,low,1.5,NORMAL,19.1,966.9,57.0,WARNING,replay,2.4,0.0
2025-02-22T09:00:00+00:00,AWS-BHO-030,22.6,962.8,42.0,False,,low,6.5,NORMAL,21.7,968.2,53.0,WARNING,replay,10.9,0.0
2025-02-22T10:00:00+00:00,AWS-BHO-030,24.9,963.1,35.0,False,,low,12.3,NORMAL,24.1,968.5,47.0,WARNING,replay,20.4,0.0
2025-02-22T11:00:00+00:00,AWS-BHO-030,26.5,962.9,29.0,False,,low,9.0,NORMAL,26.1,968.2,36.0,WARNING,replay,14.9,0.0
2025-02-22T12:00:00+00:00,AWS-BHO-030,27.7,962.2,26.0,False,,low,4.5,NORMAL,27.2,967.5,31.0,WARNING,replay,7.4,0.0
2025-02-22T13:00:00+00:00,AWS-BHO-030,28.5,961.4,25.0,False,,low,4.3,NORMAL,28.0,966.6,29.0,WARNING,replay,7.1,0.0
2025-02-22T14:00:00+00:00,AWS-BHO-030,29.0,960.5,24.0,False,,low,2.7,NORMAL,28.3,965.8,28.0,WARNING,replay,4.5,0.0
2025-02-22T15:00:00+00:00,AWS-BHO-030,29.1,959.6,23.0,False,,low,3.4,NORMAL,28.3,965.1,28.0,HEALTHY,replay,5.7,0.0
2025-02-22T16:00:00+00:00,AWS-BHO-030,28.9,959.5,22.0,False,,low,2.5,NORMAL,28.0,965.1,28.0,HEALTHY,replay,4.2,0.0
2025-02-22T17:00:00+00:00,AWS-BHO-030,28.0,959.5,23.0,False,,low,2.5,NORMAL,26.5,964.8,41.0,HEALTHY,replay,4.2,0.0
2025-02-22T18:00:00+00:00,AWS-BHO-030,25.2,959.9,33.0,False,,low,2.6,NORMAL,23.8,965.1,40.0,HEALTHY,replay,4.4,0.0
2025-02-22T19:00:00+00:00,AWS-BHO-030,23.8,960.3,38.0,False,,low,0.4,NORMAL,22.0,965.4,44.0,HEALTHY,replay,0.7,0.0
2025-02-22T20:00:00+00:00,AWS-BHO-030,22.4,960.6,46.0,False,,low,2.1,NORMAL,20.9,965.9,48.0,HEALTHY,replay,3.4,0.0
2025-02-22T21:00:00+00:00,AWS-BHO-030,21.4,960.8,50.0,False,,low,1.5,NORMAL,20.2,966.2,51.0,HEALTHY,replay,2.6,0.0
2025-02-22T22:00:00+00:00,AWS-BHO-030,20.8,960.9,51.0,False,,low,1.0,NORMAL,18.9,966.1,54.0,HEALTHY,replay,1.6,0.0
2025-02-22T23:00:00+00:00,AWS-BHO-030,20.0,960.6,53.0,False,,low,0.8,NORMAL,18.1,965.7,56.0,HEALTHY,replay,1.4,0.0
2025-02-23T00:00:00+00:00,AWS-BHO-030,19.3,959.9,58.0,False,,low,0.3,NORMAL,17.5,965.1,58.0,HEALTHY,replay,0.5,0.0
2025-02-23T01:00:00+00:00,AWS-BHO-030,18.6,959.3,60.0,False,,low,0.1,NORMAL,16.9,964.9,60.0,HEALTHY,replay,0.2,0.0
2025-02-23T02:00:00+00:00,AWS-BHO-030,17.3,958.7,64.0,False,,low,0.2,NORMAL,16.6,964.3,61.0,HEALTHY,replay,0.4,0.0
2025-02-23T03:00:00+00:00,AWS-BHO-030,16.9,958.6,66.0,False,,low,0.2,NORMAL,15.7,963.9,63.0,HEALTHY,replay,0.3,0.0
2025-02-23T04:00:00+00:00,AWS-BHO-030,16.3,958.5,67.0,False,,low,0.2,NORMAL,14.9,964.0,67.0,HEALTHY,replay,0.3,0.0
2025-02-23T05:00:00+00:00,AWS-BHO-030,16.1,958.8,65.0,False,,low,0.2,NORMAL,14.8,964.6,68.0,HEALTHY,replay,0.4,0.0
2025-02-23T06:00:00+00:00,AWS-BHO-030,15.7,959.7,68.0,False,,low,0.3,NORMAL,14.7,965.4,71.0,HEALTHY,replay,0.4,0.0
2025-02-23T07:00:00+00:00,AWS-BHO-030,16.0,960.8,66.0,False,,low,0.3,NORMAL,15.3,966.5,73.0,HEALTHY,replay,0.5,0.0
2025-02-23T08:00:00+00:00,AWS-BHO-030,28.647999168562333,962.278216425202,98.36520595070824,True,multivariate_inconsistency,high,77.0,MODEL_OVERRIDE,18.8,968.1,61.0,HEALTHY,replay,98.3,45.0
2025-02-23T09:00:00+00:00,AWS-BHO-030,32.04799916856233,963.7265290679178,77.66642618280599,True,multivariate_inconsistency,high,76.1,MODEL_OVERRIDE,22.1,969.1,50.0,HEALTHY,replay,96.9,45.0
2025-02-23T10:00:00+00:00,AWS-BHO-030,34.74799916856233,963.9191609867088,62.79840242636512,True,multivariate_inconsistency,high,74.0,MODEL_OVERRIDE,24.9,969.5,37.0,HEALTHY,replay,93.3,45.0
2025-02-23T11:00:00+00:00,AWS-BHO-030,36.54799916856233,963.591865017869,53.59184303798743,True,multivariate_inconsistency,high,74.2,MODEL_OVERRIDE,26.9,968.8,32.0,HEALTHY,replay,93.7,45.0
2025-02-23T12:00:00+00:00,AWS-BHO-030,37.74799916856233,961.6870724266016,48.0929279368618,True,multivariate_inconsistency,high,72.0,MODEL_OVERRIDE,28.2,967.8,29.0,OFFLINE,replay,90.1,45.0
2025-02-23T13:00:00+00:00,AWS-BHO-030,29.1,961.4,24.0,True,unstructured_anomaly,critical,90.5,ML_MODEL_ISOLATION,28.9,966.9,26.0,OFFLINE,replay,90.5,0.0
2025-02-23T14:00:00+00:00,AWS-BHO-030,29.5,960.2,23.0,True,unstructured_anomaly,high,90.0,ML_MODEL_ISOLATION,29.1,965.7,26.0,OFFLINE,replay,90.0,0.0
2025-02-23T15:00:00+00:00,AWS-BHO-030,29.7,959.2,23.0,True,unstructured_anomaly,critical,91.9,ML_MODEL_ISOLATION,28.9,964.9,25.0,HEALTHY,replay,91.9,0.0
2025-02-23T16:00:00+00:00,AWS-BHO-030,29.7,958.8,20.0,True,unstructured_anomaly,critical,95.1,ML_MODEL_ISOLATION,28.2,964.6,26.0,OFFLINE,replay,95.1,0.0
2025-02-23T17:00:00+00:00,AWS-BHO-030,28.8,959.1,19.0,True,unstructured_anomaly,critical,95.5,ML_MODEL_ISOLATION,26.9,964.5,35.0,OFFLINE,replay,95.5,0.0
2025-02-23T18:00:00+00:00,AWS-BHO-030,25.6,959.1,32.0,False,,low,48.3,NORMAL,23.7,964.1,39.0,OFFLINE,replay,80.5,0.0
2025-02-23T19:00:00+00:00,AWS-BHO-030,25.608023499745528,959.7,40.0,False,,low,44.2,NORMAL,22.8,964.9,37.0,HEALTHY,replay,73.6,0.0
2025-02-23T20:00:00+00:00,AWS-BHO-030,25.5195785375722,960.2,44.0,False,,low,3.8,NORMAL,21.7,965.7,40.0,WARNING,replay,6.4,0.0
2025-02-23T21:00:00+00:00,AWS-BHO-030,25.5108637051031,960.6,44.0,False,,low,2.0,NORMAL,19.7,966.0,47.0,WARNING,replay,3.4,0.0
2025-02-23T22:00:00+00:00,AWS-BHO-030,25.519498871386613,960.5,46.0,False,,low,0.8,NORMAL,19.3,965.8,50.0,WARNING,replay,1.4,0.0
2025-02-23T23:00:00+00:00,AWS-BHO-030,25.52181641391532,960.2,46.0,False,,low,1.3,NORMAL,18.2,965.4,53.0,WARNING,replay,2.2,0.0
2025-02-24T00:00:00+00:00,AWS-BHO-030,25.476134528816694,959.8,45.0,False,,low,1.3,NORMAL,17.6,965.3,53.0,WARNING,replay,2.2,0.0
2025-02-24T01:00:00+00:00,AWS-BHO-030,19.5,959.5,46.0,False,multivariate_inconsistency,low,25.8,NORMAL,17.0,964.8,55.0,WARNING,replay,12.9,45.0
2025-02-24T02:00:00+00:00,AWS-BHO-030,18.0,959.3,50.0,False,,low,4.8,NORMAL,16.5,964.7,60.0,WARNING,replay,8.0,0.0
2025-02-24T03:00:00+00:00,AWS-BHO-030,17.0,959.2,55.0,False,,low,3.4,NORMAL,15.9,964.5,63.0,WARNING,replay,5.6,0.0
2025-02-24T04:00:00+00:00,AWS-BHO-030,16.5,959.0,57.0,False,,low,2.1,NORMAL,15.2,964.3,65.0,WARNING,replay,3.5,0.0
2025-02-24T05:00:00+00:00,AWS-BHO-030,16.0,959.5,60.0,False,,low,2.6,NORMAL,14.7,965.1,66.0,WARNING,replay,4.3,0.0
2025-02-24T06:00:00+00:00,AWS-BHO-030,45.074739173811416,960.7,66.0,True,multivariate_inconsistency,high,76.2,MODEL_OVERRIDE,14.6,966.2,74.0,WARNING,replay,95.1,47.8
2025-02-24T07:00:00+00:00,AWS-BHO-030,29.366516965071654,961.7,66.0,True,multivariate_inconsistency,medium,58.2,FUSED_CONSENSUS,15.6,967.4,71.0,WARNING,replay,67.0,45.0
2025-02-24T08:00:00+00:00,AWS-BHO-030,24.921732315436014,963.1,57.0,False,multivariate_inconsistency,low,38.2,NORMAL,19.3,969.0,61.0,OFFLINE,replay,33.6,45.0
2025-02-24T09:00:00+00:00,AWS-BHO-030,22.2,964.1,48.0,False,,low,29.1,NORMAL,22.3,969.8,50.0,OFFLINE,replay,48.5,0.0
2025-02-24T10:00:00+00:00,AWS-BHO-030,25.1,964.3,40.0,False,,low,39.8,NORMAL,25.2,969.9,42.0,OFFLINE,replay,66.3,0.0
2025-02-24T11:00:00+00:00,AWS-BHO-030,27.4,964.0,32.0,False,,low,48.9,NORMAL,27.6,969.5,34.0,HEALTHY,replay,81.5,0.0
2025-02-24T12:00:00+00:00,AWS-BHO-030,35.49126071597605,963.2062521884578,47.89193064330627,True,multivariate_inconsistency,high,75.0,MODEL_OVERRIDE,28.9,968.4,28.0,OFFLINE,replay,95.0,45.0
2025-02-24T13:00:00+00:00,AWS-BHO-030,36.09126071597605,961.5940633978717,42.50445679060259,True,multivariate_inconsistency,medium,67.3,FUSED_CONSENSUS,29.3,967.2,25.0,OFFLINE,replay,82.2,45.0
2025-02-24T14:00:00+00:00,AWS-BHO-030,36.29126071597605,960.4861321456292,42.48247864397771,True,multivariate_inconsistency,medium,57.8,FUSED_CONSENSUS,29.4,965.8,25.0,OFFLINE,replay,66.3,45.0
2025-02-24T15:00:00+00:00,AWS-BHO-030,36.19126071597604,959.8984676230392,42.49346327300312,True,multivariate_inconsistency,medium,59.7,FUSED_CONSENSUS,29.2,965.2,24.0,OFFLINE,replay,69.5,45.0
2025-02-24T16:00:00+00:00,AWS-BHO-030,28.9,959.6,25.0,False,,low,44.4,NORMAL,28.6,965.0,25.0,OFFLINE,replay,74.1,0.0
2025-02-24T17:00:00+00:00,AWS-BHO-030,27.6,959.9,26.0,False,,low,38.1,NORMAL,27.2,965.0,42.0,OFFLINE,replay,63.4,0.0
2025-02-24T18:00:00+00:00,AWS-BHO-030,25.5,960.4,30.0,False,,low,25.1,NORMAL,23.9,965.3,37.0,HEALTHY,replay,41.9,0.0
2025-02-24T19:00:00+00:00,AWS-BHO-030,24.6,960.9,32.0,False,,low,8.3,NORMAL,22.5,965.9,36.0,OFFLINE,replay,13.9,0.0
2025-02-24T20:00:00+00:00,AWS-BHO-030,-3.830895573009098,961.7,33.0,True,multivariate_inconsistency,high,76.8,MODEL_OVERRIDE,21.2,966.7,38.0,OFFLINE,replay,91.6,54.5
2025-02-24T21:00:00+00:00,AWS-BHO-030,12.683074053725312,962.2,35.0,True,multivariate_inconsistency,medium,58.4,FUSED_CONSENSUS,20.2,967.1,39.0,OFFLINE,replay,67.3,45.0
2025-02-24T22:00:00+00:00,AWS-BHO-030,17.693049127919274,962.1,40.0,False,,low,18.1,NORMAL,19.3,967.5,43.0,OFFLINE,replay,30.2,0.0
2025-02-24T23:00:00+00:00,AWS-BHO-030,20.3,962.0,43.0,False,,low,6.4,NORMAL,18.3,967.4,48.0,OFFLINE,replay,10.7,0.0
2025-02-25T00:00:00+00:00,AWS-BHO-030,20.309439639356256,960.9,45.0,False,,low,4.8,NORMAL,17.8,966.6,51.0,HEALTHY,replay,8.1,0.0
2025-02-25T01:00:00+00:00,AWS-BHO-030,20.28196832043211,960.9,49.0,False,,low,1.3,NORMAL,17.4,966.2,50.0,WARNING,replay,2.1,0.0
2025-02-25T02:00:00+00:00,AWS-BHO-030,20.19302737478753,960.2,54.0,False,,low,0.9,NORMAL,16.0,965.7,57.0,WARNING,replay,1.4,0.0
2025-02-25T03:00:00+00:00,AWS-BHO-030,20.1960896691381,959.8,55.0,False,,low,0.3,NORMAL,15.9,965.4,58.0,WARNING,replay,0.5,0.0
2025-02-25T04:00:00+00:00,AWS-BHO-030,20.185224075119844,959.8,56.0,False,,low,0.3,NORMAL,15.6,965.3,59.0,WARNING,replay,0.5,0.0
2025-02-25T05:00:00+00:00,AWS-BHO-030,20.166417736332463,960.0,57.0,False,,low,1.3,NORMAL,14.8,965.4,62.0,WARNING,replay,2.2,0.0
2025-02-25T06:00:00+00:00,AWS-BHO-030,16.1,961.2,62.0,False,,low,2.8,NORMAL,14.5,966.6,69.0,WARNING,replay,4.6,0.0
2025-02-25T07:00:00+00:00,AWS-BHO-030,16.5,961.8,61.0,False,,low,2.0,NORMAL,15.6,967.3,65.0,WARNING,replay,3.4,0.0
2025-02-25T08:00:00+00:00,AWS-BHO-030,19.2,963.4,54.0,False,,low,19.1,NORMAL,19.1,969.0,53.0,WARNING,replay,31.9,0.0
2025-02-25T09:00:00+00:00,AWS-BHO-030,22.3,964.4,44.0,False,,low,48.7,NORMAL,22.8,970.1,41.0,WARNING,replay,81.2,0.0
2025-02-25T10:00:00+00:00,AWS-BHO-030,25.0,965.2,35.0,True,unstructured_anomaly,critical,92.2,ML_MODEL_ISOLATION,25.9,970.7,33.0,WARNING,replay,92.2,0.0
2025-02-25T11:00:00+00:00,AWS-BHO-030,27.0,964.9,29.0,True,unstructured_anomaly,critical,93.8,ML_MODEL_ISOLATION,27.7,970.4,28.0,WARNING,replay,93.8,0.0
2025-02-25T12:00:00+00:00,AWS-BHO-030,28.3,964.1,26.0,True,unstructured_anomaly,critical,91.6,ML_MODEL_ISOLATION,28.8,969.5,26.0,WARNING,replay,91.6,0.0
2025-02-25T13:00:00+00:00,AWS-BHO-030,29.1,962.8,24.0,True,unstructured_anomaly,critical,92.0,ML_MODEL_ISOLATION,29.5,968.3,24.0,WARNING,replay,92.0,0.0
2025-02-25T14:00:00+00:00,AWS-BHO-030,29.5,961.8,23.0,False,,low,51.5,NORMAL,29.8,967.3,23.0,HEALTHY,replay,85.8,0.0
2025-02-25T15:00:00+00:00,AWS-BHO-030,29.5,961.4,23.033650481946083,False,,low,22.7,NORMAL,29.9,966.7,21.0,HEALTHY,replay,37.8,0.0
2025-02-25T16:00:00+00:00,AWS-BHO-030,29.2,961.2,22.98730592054244,False,,low,28.8,NORMAL,29.4,966.5,21.0,HEALTHY,replay,48.0,0.0
2025-02-25T17:00:00+00:00,AWS-BHO-030,28.1,961.3,23.00875792032159,False,,low,8.0,NORMAL,27.6,966.4,39.0,HEALTHY,replay,13.4,0.0
2025-02-25T18:00:00+00:00,AWS-BHO-030,25.8,961.9,23.081135754241927,False,,low,4.0,NORMAL,24.7,966.9,33.0,HEALTHY,replay,6.7,0.0
2025-02-25T19:00:00+00:00,AWS-BHO-030,24.2,962.6,23.14740630953176,False,,low,2.8,NORMAL,22.8,967.6,36.0,HEALTHY,replay,4.7,0.0
2025-02-25T20:00:00+00:00,AWS-BHO-030,23.1,963.1,23.02761078546577,False,,low,2.5,NORMAL,21.9,968.3,38.0,HEALTHY,replay,4.1,0.0
2025-02-25T21:00:00+00:00,AWS-BHO-030,22.4,963.4,23.009722342383977,False,,low,2.8,NORMAL,20.7,968.7,41.0,HEALTHY,replay,4.7,0.0
2025-02-25T22:00:00+00:00,AWS-BHO-030,21.6,963.3,38.0,False,,low,11.3,NORMAL,20.0,968.9,43.0,HEALTHY,replay,18.8,0.0
2025-02-25T23:00:00+00:00,AWS-BHO-030,20.9,963.1,39.0,False,,low,1.8,NORMAL,19.1,968.2,48.0,HEALTHY,replay,3.0,0.0
2025-02-26T00:00:00+00:00,AWS-BHO-030,19.7,962.6,44.0,False,,low,0.8,NORMAL,18.3,967.8,52.0,HEALTHY,replay,1.3,0.0
2025-02-26T01:00:00+00:00,AWS-BHO-030,18.8,961.8,49.0,False,,low,0.4,NORMAL,17.9,967.0,54.0,HEALTHY,replay,0.7,0.0
2025-02-26T02:00:00+00:00,AWS-BHO-030,18.1,961.2,53.0,False,,low,1.9,NORMAL,17.3,966.5,57.0,HEALTHY,replay,3.2,0.0
2025-02-26T03:00:00+00:00,AWS-BHO-030,17.6,960.6,55.0,False,,low,1.0,NORMAL,16.7,966.1,57.0,HEALTHY,replay,1.7,0.0
2025-02-26T04:00:00+00:00,AWS-BHO-030,16.8,960.2,60.0,False,,low,0.3,NORMAL,15.9,966.0,60.0,HEALTHY,replay,0.5,0.0
2025-02-26T05:00:00+00:00,AWS-BHO-030,16.3,960.6,62.0,False,,low,0.3,NORMAL,15.8,966.2,65.0,HEALTHY,replay,0.4,0.0
2025-02-26T06:00:00+00:00,AWS-BHO-030,16.4,961.8,64.0,False,,low,0.4,NORMAL,15.4,967.3,70.0,HEALTHY,replay,0.6,0.0
2025-02-26T07:00:00+00:00,AWS-BHO-030,16.9,962.9,64.0,False,,low,1.2,NORMAL,16.9,968.5,64.0,HEALTHY,replay,1.9,0.0
2025-02-26T08:00:00+00:00,AWS-BHO-030,19.5,964.4,58.0,False,,low,5.7,NORMAL,19.8,970.1,56.0,HEALTHY,replay,9.4,0.0
2025-02-26T09:00:00+00:00,AWS-BHO-030,22.6,965.4,49.0,False,,low,11.7,NORMAL,23.3,971.0,47.0,HEALTHY,replay,19.5,0.0
2025-02-26T10:00:00+00:00,AWS-BHO-030,25.6,965.9,40.0,False,,low,31.3,NORMAL,26.6,971.5,38.0,HEALTHY,replay,52.2,0.0
2025-02-26T11:00:00+00:00,AWS-BHO-030,27.8,965.4,32.0,False,,low,18.6,NORMAL,28.6,970.8,31.0,HEALTHY,replay,31.0,0.0
2025-02-26T12:00:00+00:00,AWS-BHO-030,29.2,964.2,28.0,False,,low,15.4,NORMAL,29.9,969.6,27.0,HEALTHY,replay,25.7,0.0
2025-02-26T13:00:00+00:00,AWS-BHO-030,30.1,963.1,25.0,False,,low,12.5,NORMAL,30.6,968.3,25.0,HEALTHY,replay,20.9,0.0
2025-02-26T14:00:00+00:00,AWS-BHO-030,30.5,962.0,25.0,False,,low,1.5,NORMAL,30.9,967.3,24.0,HEALTHY,replay,2.5,0.0
2025-02-26T15:00:00+00:00,AWS-BHO-030,30.5,961.1,24.0,False,,low,0.9,NORMAL,30.9,966.4,24.0,HEALTHY,replay,1.5,0.0
2025-02-26T16:00:00+00:00,AWS-BHO-030,30.1,968.2978786406092,25.0,False,,low,24.4,NORMAL,30.4,965.9,25.0,HEALTHY,replay,40.6,0.0
2025-02-26T17:00:00+00:00,AWS-BHO-030,28.9,960.4,29.0,False,,low,4.5,NORMAL,28.8,965.6,30.0,HEALTHY,replay,7.4,0.0
2025-02-26T18:00:00+00:00,AWS-BHO-030,26.1,960.5,45.0,False,,low,9.4,NORMAL,25.5,965.7,36.0,HEALTHY,replay,15.6,0.0
2025-02-26T19:00:00+00:00,AWS-BHO-030,25.3,960.8,49.0,False,,low,6.5,NORMAL,23.7,966.3,40.0,HEALTHY,replay,10.8,0.0
2025-02-26T20:00:00+00:00,AWS-BHO-030,23.3,961.4,57.0,False,,low,5.1,NORMAL,22.5,966.9,43.0,HEALTHY,replay,8.5,0.0
2025-02-26T21:00:00+00:00,AWS-BHO-030,22.5,961.8,57.4964795370205,False,,low,1.4,NORMAL,21.5,967.1,47.0,HEALTHY,replay,2.3,0.0
2025-02-26T22:00:00+00:00,AWS-BHO-030,21.4,961.8,56.992959074041,False,,low,1.0,NORMAL,20.3,967.2,51.0,HEALTHY,replay,1.6,0.0
2025-02-26T23:00:00+00:00,AWS-BHO-030,20.7,961.1,55.48943861106149,False,,low,0.4,NORMAL,19.9,966.6,51.0,HEALTHY,replay,0.7,0.0
2025-02-27T00:00:00+00:00,AWS-BHO-030,19.9,960.6,55.98591814808199,False,,low,0.4,NORMAL,18.6,965.9,54.0,HEALTHY,replay,0.7,0.0
2025-02-27T01:00:00+00:00,AWS-BHO-030,19.0,959.8,60.48239768510248,False,,low,0.5,NORMAL,17.8,965.4,56.0,HEALTHY,replay,0.9,0.0
2025-02-27T02:00:00+00:00,AWS-BHO-030,19.1,959.4,52.97887722212298,False,,low,0.5,NORMAL,17.5,964.7,57.0,HEALTHY,replay,0.8,0.0
2025-02-27T03:00:00+00:00,AWS-BHO-030,19.0,958.9,49.47535675914347,False,,low,0.6,NORMAL,17.2,964.3,59.0,HEALTHY,replay,1.0,0.0
2025-02-27T04:00:00+00:00,AWS-BHO-030,17.8,958.7,55.97183629616397,False,,low,0.3,NORMAL,16.9,964.1,60.0,HEALTHY,replay,0.4,0.0
2025-02-27T05:00:00+00:00,AWS-BHO-030,17.2,959.1,57.46831583318447,False,,low,0.3,NORMAL,16.5,964.4,61.0,HEALTHY,replay,0.5,0.0
2025-02-27T06:00:00+00:00,AWS-BHO-030,17.7,960.0,56.96479537020497,False,,low,0.4,NORMAL,16.5,965.5,66.0,HEALTHY,replay,0.7,0.0
2025-02-27T07:00:00+00:00,AWS-BHO-030,18.6,960.7,52.461274907225466,False,,low,0.9,NORMAL,17.8,966.4,61.0,HEALTHY,replay,1.4,0.0
2025-02-27T08:00:00+00:00,AWS-BHO-030,21.2,962.0,46.95775444424596,False,,low,0.9,NORMAL,21.3,967.7,53.0,HEALTHY,replay,1.5,0.0
2025-02-27T09:00:00+00:00,AWS-BHO-030,24.0,962.8,40.454233981266455,False,,low,2.2,NORMAL,25.2,968.4,44.0,HEALTHY,replay,3.7,0.0
2025-02-27T10:00:00+00:00,AWS-BHO-030,27.1,962.9,31.950713518286957,False,,low,5.4,NORMAL,28.7,968.4,34.0,HEALTHY,replay,9.0,0.0
2025-02-27T11:00:00+00:00,AWS-BHO-030,29.4,962.3,23.447193055307448,False,,low,7.1,NORMAL,30.4,967.8,28.0,HEALTHY,replay,11.8,0.0
2025-02-27T12:00:00+00:00,AWS-BHO-030,30.8,961.1,19.943672592327943,False,,low,5.6,NORMAL,31.5,966.5,25.0,HEALTHY,replay,9.3,0.0
2025-02-27T13:00:00+00:00,AWS-BHO-030,31.8,959.8,16.44015212934844,False,,low,6.8,NORMAL,32.2,965.2,24.0,HEALTHY,replay,11.3,0.0
2025-02-27T14:00:00+00:00,AWS-BHO-030,32.6,958.5,11.93663166636894,False,,low,31.4,NORMAL,32.6,963.9,23.0,HEALTHY,replay,52.4,0.0
2025-02-27T15:00:00+00:00,AWS-BHO-030,32.8,957.5,9.433111203389435,False,,low,36.1,NORMAL,32.6,963.0,22.0,HEALTHY,replay,60.2,0.0
2025-02-27T16:00:00+00:00,AWS-BHO-030,32.4,957.0,8.929590740409934,False,,low,13.5,NORMAL,32.2,962.6,22.0,HEALTHY,replay,22.6,0.0
2025-02-27T17:00:00+00:00,AWS-BHO-030,30.6,956.9,16.42607027743043,False,,low,3.0,NORMAL,30.3,962.3,42.0,HEALTHY,replay,5.0,0.0
2025-02-27T18:00:00+00:00,AWS-BHO-030,27.9,957.2,20.922549814450925,False,,low,5.8,NORMAL,27.9,962.4,29.0,HEALTHY,replay,9.7,0.0
2025-02-27T19:00:00+00:00,AWS-BHO-030,26.8,957.7,22.419029351471423,False,,low,1.2,NORMAL,25.6,962.8,35.0,HEALTHY,replay,2.1,0.0
2025-02-27T20:00:00+00:00,AWS-BHO-030,26.0,958.1,22.91550888849192,False,,low,1.2,NORMAL,24.8,963.1,37.0,HEALTHY,replay,2.0,0.0
2025-02-27T21:00:00+00:00,AWS-BHO-030,25.0,958.2,26.411988425512416,False,,low,1.2,NORMAL,23.3,963.2,42.0,HEALTHY,replay,2.0,0.0
2025-02-27T22:00:00+00:00,AWS-BHO-030,24.4,958.4,26.90846796253291,False,,low,1.2,NORMAL,22.4,963.3,44.0,HEALTHY,replay,2.1,0.0
2025-02-27T23:00:00+00:00,AWS-BHO-030,24.1,957.8,25.40494749955341,False,,low,1.6,NORMAL,21.9,962.8,45.0,HEALTHY,replay,2.6,0.0
2025-02-28T00:00:00+00:00,AWS-BHO-030,23.7,957.2,25.901427036573907,False,,low,2.2,NORMAL,21.2,962.4,45.0,HEALTHY,replay,3.6,0.0
2025-02-28T01:00:00+00:00,AWS-BHO-030,22.9,956.7,27.3979065735944,False,,low,2.4,NORMAL,20.8,961.8,45.0,HEALTHY,replay,4.0,0.0
2025-02-28T02:00:00+00:00,AWS-BHO-030,21.5,956.2,33.894386110614896,False,,low,2.2,NORMAL,19.6,961.1,49.0,HEALTHY,replay,3.7,0.0
2025-02-28T03:00:00+00:00,AWS-BHO-030,21.4,955.4,32.390865647635394,False,,low,3.1,NORMAL,19.4,960.6,50.0,HEALTHY,replay,5.1,0.0
2025-02-28T04:00:00+00:00,AWS-BHO-030,21.3,955.2,32.88734518465589,False,,low,4.0,NORMAL,18.7,960.2,54.0,HEALTHY,replay,6.7,0.0
2025-02-28T05:00:00+00:00,AWS-BHO-030,20.6,955.1,35.38382472167639,False,,low,3.0,NORMAL,18.8,960.3,55.0,HEALTHY,replay,5.1,0.0
2025-02-28T06:00:00+00:00,AWS-BHO-030,20.9,956.1,34.88030425869688,False,,low,5.6,NORMAL,18.8,961.3,59.0,HEALTHY,replay,9.3,0.0
2025-02-28T07:00:00+00:00,AWS-BHO-030,21.5,957.1,51.0,False,,low,27.8,NORMAL,20.2,962.4,55.0,HEALTHY,replay,46.3,0.0
2025-02-28T08:00:00+00:00,AWS-BHO-030,24.4,958.7,47.0,False,,low,22.7,NORMAL,23.7,964.1,49.0,HEALTHY,replay,37.8,0.0
2025-02-28T09:00:00+00:00,AWS-BHO-030,27.6,960.0,40.0,False,,low,40.0,NORMAL,27.5,965.4,41.0,HEALTHY,replay,66.6,0.0
2025-02-28T10:00:00+00:00,AWS-BHO-030,30.4,960.6,30.0,False,,low,21.1,NORMAL,30.3,966.0,34.0,HEALTHY,replay,35.1,0.0
2025-02-28T11:00:00+00:00,AWS-BHO-030,31.9,960.3,22.0,False,,low,12.3,NORMAL,32.2,965.6,27.0,HEALTHY,replay,20.5,0.0
2025-02-28T12:00:00+00:00,AWS-BHO-030,32.7,959.1,22.0,False,,low,1.3,NORMAL,33.0,964.5,23.0,HEALTHY,replay,2.1,0.0
2025-02-28T13:00:00+00:00,AWS-BHO-030,33.3,957.7,22.0,False,,low,2.9,NORMAL,33.5,963.2,23.0,HEALTHY,replay,4.9,0.0
2025-02-28T14:00:00+00:00,AWS-BHO-030,33.4,956.4,22.0,False,,low,4.5,NORMAL,34.0,961.9,23.0,HEALTHY,replay,7.4,0.0
2025-02-28T15:00:00+00:00,AWS-BHO-030,33.4,955.6,23.0,False,,low,2.6,NORMAL,33.9,961.0,22.0,HEALTHY,replay,4.3,0.0
2025-02-28T16:00:00+00:00,AWS-BHO-030,32.9,955.3,23.0,False,,low,2.3,NORMAL,32.7,960.8,25.0,HEALTHY,replay,3.8,0.0
2025-02-28T17:00:00+00:00,AWS-BHO-030,31.6,955.3,29.0,False,,low,1.8,NORMAL,30.9,960.5,31.0,HEALTHY,replay,3.0,0.0
2025-02-28T18:00:00+00:00,AWS-BHO-030,28.3,955.9,34.0,False,,low,1.2,NORMAL,28.7,961.2,29.0,HEALTHY,replay,1.9,0.0
2025-02-28T19:00:00+00:00,AWS-BHO-030,26.8,956.2,37.0,False,,low,0.6,NORMAL,27.9,961.5,30.0,HEALTHY,replay,0.9,0.0
2025-02-28T20:00:00+00:00,AWS-BHO-030,26.1,957.0,38.0,False,,low,0.3,NORMAL,26.7,962.3,33.0,HEALTHY,replay,0.5,0.0
2025-02-28T21:00:00+00:00,AWS-BHO-030,25.7,957.4,37.0,False,,low,0.2,NORMAL,25.9,962.6,35.0,HEALTHY,replay,0.3,0.0
2025-02-28T22:00:00+00:00,AWS-BHO-030,25.3,957.3,39.0,False,,low,0.2,NORMAL,25.0,962.6,37.0,HEALTHY,replay,0.3,0.0
2025-02-28T23:00:00+00:00,AWS-BHO-030,25.0,957.0,40.0,False,,low,0.2,NORMAL,24.5,962.0,39.0,HEALTHY,replay,0.3,0.0
2025-03-01T00:00:00+00:00,AWS-BHO-030,24.6,956.4,43.0,False,,low,0.3,NORMAL,24.1,961.6,40.0,HEALTHY,replay,0.4,0.0
2025-03-01T01:00:00+00:00,AWS-BHO-030,23.2,956.1,48.0,False,,low,0.2,NORMAL,23.0,961.3,42.0,HEALTHY,replay,0.3,0.0
2025-03-01T02:00:00+00:00,AWS-BHO-030,22.2,955.3,51.0,False,,low,0.2,NORMAL,21.9,960.6,46.0,HEALTHY,replay,0.3,0.0
2025-03-01T03:00:00+00:00,AWS-BHO-030,21.3,954.7,54.0,False,,low,0.3,NORMAL,20.8,959.9,51.0,HEALTHY,replay,0.4,0.0
2025-03-01T04:00:00+00:00,AWS-BHO-030,21.1,954.5,51.0,False,,low,0.2,NORMAL,19.7,959.8,54.0,HEALTHY,replay,0.4,0.0
2025-03-01T05:00:00+00:00,AWS-BHO-030,21.2,954.8,48.0,False,,low,0.2,NORMAL,19.3,960.0,54.0,HEALTHY,replay,0.4,0.0
2025-03-01T06:00:00+00:00,AWS-BHO-030,20.7,956.2,53.0,False,,low,0.3,NORMAL,19.1,961.3,58.0,HEALTHY,replay,0.5,0.0
2025-03-01T07:00:00+00:00,AWS-BHO-030,21.0,957.0,51.0,False,,low,0.3,NORMAL,20.0,962.4,54.0,HEALTHY,replay,0.5,0.0
2025-03-01T08:00:00+00:00,AWS-BHO-030,23.3,958.3,47.0,False,,low,1.1,NORMAL,23.1,963.8,46.0,HEALTHY,replay,1.8,0.0
2025-03-01T09:00:00+00:00,AWS-BHO-030,26.2,959.3,39.0,False,,low,3.2,NORMAL,25.9,964.9,38.0,HEALTHY,replay,5.3,0.0
2025-03-01T10:00:00+00:00,AWS-BHO-030,28.7,959.8,33.0,False,,low,2.0,NORMAL,28.7,965.3,34.0,HEALTHY,replay,3.3,0.0
2025-03-01T11:00:00+00:00,AWS-BHO-030,30.5,959.5,27.0,False,,low,1.2,NORMAL,30.5,964.9,29.0,HEALTHY,replay,1.9,0.0
2025-03-01T12:00:00+00:00,AWS-BHO-030,31.6,958.3,24.0,False,,low,0.7,NORMAL,31.7,963.7,25.0,HEALTHY,replay,1.2,0.0
2025-03-01T13:00:00+00:00,AWS-BHO-030,32.3,957.2,23.0,False,,low,1.3,NORMAL,32.2,962.4,24.0,HEALTHY,replay,2.1,0.0
2025-03-01T14:00:00+00:00,AWS-BHO-030,31.9,956.1,24.0,False,,low,1.7,NORMAL,32.3,961.4,24.0,HEALTHY,replay,2.9,0.0
2025-03-01T15:00:00+00:00,AWS-BHO-030,32.3,955.3,23.0,False,,low,1.1,NORMAL,32.0,960.6,24.0,HEALTHY,replay,1.9,0.0
2025-03-01T16:00:00+00:00,AWS-BHO-030,31.6,955.4,24.0,False,,low,0.8,NORMAL,31.6,960.6,23.0,HEALTHY,replay,1.3,0.0
2025-03-01T17:00:00+00:00,AWS-BHO-030,30.5,955.3,26.0,False,,low,0.5,NORMAL,30.7,960.4,26.0,HEALTHY,replay,0.8,0.0
2025-03-01T18:00:00+00:00,AWS-BHO-030,28.8,955.9,30.0,False,,low,0.4,NORMAL,27.3,960.9,34.0,HEALTHY,replay,0.7,0.0
2025-03-01T19:00:00+00:00,AWS-BHO-030,28.0,956.1,31.0,False,,low,0.4,NORMAL,26.5,961.1,35.0,HEALTHY,replay,0.6,0.0
2025-03-01T20:00:00+00:00,AWS-BHO-030,26.4,956.4,39.0,False,,low,0.7,NORMAL,24.5,961.6,41.0,HEALTHY,replay,1.1,0.0
2025-03-01T21:00:00+00:00,AWS-BHO-030,24.6,956.8,42.0,False,,low,0.3,NORMAL,23.3,961.9,45.0,HEALTHY,replay,0.6,0.0
2025-03-01T22:00:00+00:00,AWS-BHO-030,23.6,956.5,46.0,False,,low,0.3,NORMAL,22.2,961.7,50.0,HEALTHY,replay,0.5,0.0
2025-03-01T23:00:00+00:00,AWS-BHO-030,23.7,945.8410627392292,45.0,False,,low,29.2,NORMAL,21.5,961.2,51.0,HEALTHY,replay,48.7,0.0
2025-03-02T00:00:00+00:00,AWS-BHO-030,23.8,955.7,42.0,False,,low,3.8,NORMAL,21.6,960.7,49.0,HEALTHY,replay,6.3,0.0
2025-03-02T01:00:00+00:00,AWS-BHO-030,23.4,955.2,41.0,False,,low,2.5,NORMAL,21.4,960.0,47.0,HEALTHY,replay,4.1,0.0
2025-03-02T02:00:00+00:00,AWS-BHO-030,22.2,954.5,41.0,False,,low,1.4,NORMAL,20.3,959.6,45.0,HEALTHY,replay,2.4,0.0
2025-03-02T03:00:00+00:00,AWS-BHO-030,22.0,953.9,41.0,False,,low,1.3,NORMAL,19.6,959.0,49.0,HEALTHY,replay,2.2,0.0
2025-03-02T04:00:00+00:00,AWS-BHO-030,21.5,953.7,41.0,False,,low,1.1,NORMAL,18.6,958.6,53.0,HEALTHY,replay,1.9,0.0
2025-03-02T05:00:00+00:00,AWS-BHO-030,20.9,953.9,42.0,False,,low,0.5,NORMAL,17.6,959.0,56.0,HEALTHY,replay,0.8,0.0
2025-03-02T06:00:00+00:00,AWS-BHO-030,20.9,955.2,46.0,False,,low,0.5,NORMAL,17.9,960.2,59.0,HEALTHY,replay,0.8,0.0
2025-03-02T07:00:00+00:00,AWS-BHO-030,20.9,955.8,46.0,False,,low,0.5,NORMAL,19.1,961.1,56.0,HEALTHY,replay,0.9,0.0
2025-03-02T08:00:00+00:00,AWS-BHO-030,23.1,956.9,43.0,False,,low,1.3,NORMAL,22.2,962.2,49.0,HEALTHY,replay,2.1,0.0
2025-03-02T09:00:00+00:00,AWS-BHO-030,26.1,958.0,36.0,False,,low,4.2,NORMAL,25.4,963.4,40.0,HEALTHY,replay,7.1,0.0
2025-03-02T10:00:00+00:00,AWS-BHO-030,28.5,958.4,30.0,False,,low,4.1,NORMAL,28.2,963.8,34.0,HEALTHY,replay,6.9,0.0
2025-03-02T11:00:00+00:00,AWS-BHO-030,30.0,958.2,26.0,False,,low,2.7,NORMAL,29.8,963.6,27.0,HEALTHY,replay,4.5,0.0
2025-03-02T12:00:00+00:00,AWS-BHO-030,31.0,957.3,23.0,False,,low,2.1,NORMAL,30.9,962.7,24.0,HEALTHY,replay,3.4,0.0
2025-03-02T13:00:00+00:00,AWS-BHO-030,31.7,956.1,22.0,False,,low,3.0,NORMAL,31.6,961.3,22.0,HEALTHY,replay,5.0,0.0
2025-03-02T14:00:00+00:00,AWS-BHO-030,32.0,955.0,21.0,False,,low,4.5,NORMAL,32.0,960.2,22.0,HEALTHY,replay,7.5,0.0
2025-03-02T15:00:00+00:00,AWS-BHO-030,32.2,954.1,20.0,False,,low,3.1,NORMAL,31.6,959.3,22.0,HEALTHY,replay,5.1,0.0
2025-03-02T16:00:00+00:00,AWS-BHO-030,31.7,954.0,20.0,False,,low,2.0,NORMAL,31.2,959.1,22.0,HEALTHY,replay,3.4,0.0
2025-03-02T17:00:00+00:00,AWS-BHO-030,30.4,953.9,24.0,False,,low,1.4,NORMAL,30.1,958.8,24.0,HEALTHY,replay,2.4,0.0
2025-03-02T18:00:00+00:00,AWS-BHO-030,27.9,954.3,28.0,False,,low,1.3,NORMAL,26.7,959.1,31.0,HEALTHY,replay,2.2,0.0
2025-03-02T19:00:00+00:00,AWS-BHO-030,26.8,954.6,32.0,False,,low,0.9,NORMAL,24.9,959.7,31.0,HEALTHY,replay,1.5,0.0
2025-03-02T20:00:00+00:00,AWS-BHO-030,24.6,954.6024521167644,44.0,False,,low,5.8,NORMAL,24.1,960.3,32.0,HEALTHY,replay,9.7,0.0
2025-03-02T21:00:00+00:00,AWS-BHO-030,23.2,954.5929214258114,47.0,False,,low,2.1,NORMAL,23.0,961.1,34.0,HEALTHY,replay,3.5,0.0
2025-03-02T22:00:00+00:00,AWS-BHO-030,22.2,954.5880252773748,52.0,False,,low,1.4,NORMAL,21.6,961.3,40.0,HEALTHY,replay,2.4,0.0
2025-03-02T23:00:00+00:00,AWS-BHO-030,21.2,954.6040634258592,52.0,False,,low,1.0,NORMAL,20.6,961.3,43.0,HEALTHY,replay,1.7,0.0
2025-03-03T00:00:00+00:00,AWS-BHO-030,20.9,954.5139861979554,49.0,False,,low,0.3,NORMAL,19.4,960.7,49.0,HEALTHY,replay,0.5,0.0
2025-03-03T01:00:00+00:00,AWS-BHO-030,21.5,954.4934420320718,43.0,False,,low,0.4,NORMAL,19.7,960.3,47.0,HEALTHY,replay,0.7,0.0
2025-03-03T02:00:00+00:00,AWS-BHO-030,20.5,954.5121875667317,47.0,False,,low,0.3,NORMAL,19.4,959.9,48.0,HEALTHY,replay,0.4,0.0
2025-03-03T03:00:00+00:00,AWS-BHO-030,19.5,954.3,52.0,False,,low,0.3,NORMAL,18.4,959.7,53.0,HEALTHY,replay,0.4,0.0
2025-03-03T04:00:00+00:00,AWS-BHO-030,19.2,954.5,54.0,False,,low,0.3,NORMAL,17.8,959.9,57.0,HEALTHY,replay,0.5,0.0
2025-03-03T05:00:00+00:00,AWS-BHO-030,18.5,955.1,59.0,False,,low,0.5,NORMAL,17.1,960.4,65.0,HEALTHY,replay,0.8,0.0
2025-03-03T06:00:00+00:00,AWS-BHO-030,17.7,955.5,74.0,False,,low,8.4,NORMAL,16.6,960.8,84.0,HEALTHY,replay,14.0,0.0
2025-03-03T07:00:00+00:00,AWS-BHO-030,18.4,956.7,75.0,False,,low,1.9,NORMAL,17.8,962.5,81.0,HEALTHY,replay,3.2,0.0
2025-03-03T08:00:00+00:00,AWS-BHO-030,21.0,958.1,69.0,False,,low,2.8,NORMAL,20.8,963.8,70.0,HEALTHY,replay,4.7,0.0
2025-03-03T09:00:00+00:00,AWS-BHO-030,23.8,959.6,60.0,False,,low,16.8,NORMAL,24.2,965.1,58.0,HEALTHY,replay,28.0,0.0
2025-03-03T10:00:00+00:00,AWS-BHO-030,26.8,960.0,46.0,False,,low,17.2,NORMAL,27.1,965.5,48.0,HEALTHY,replay,28.6,0.0
2025-03-03T11:00:00+00:00,AWS-BHO-030,28.8,959.6,36.0,False,,low,10.0,NORMAL,29.2,965.1,36.0,HEALTHY,replay,16.7,0.0
2025-03-03T12:00:00+00:00,AWS-BHO-030,30.2,958.5,30.0,False,,low,4.1,NORMAL,30.4,964.0,30.0,HEALTHY,replay,6.9,0.0
2025-03-03T13:00:00+00:00,AWS-BHO-030,31.4,957.2,26.0,False,,low,2.5,NORMAL,31.0,962.8,29.0,HEALTHY,replay,4.2,0.0
2025-03-03T14:00:00+00:00,AWS-BHO-030,32.2,956.2,22.0,False,,low,3.1,NORMAL,31.3,961.9,29.0,HEALTHY,replay,5.2,0.0
2025-03-03T15:00:00+00:00,AWS-BHO-030,32.5,954.7793021284672,20.0,False,,low,4.4,NORMAL,31.3,961.0,28.0,HEALTHY,replay,7.3,0.0
2025-03-03T16:00:00+00:00,AWS-BHO-030,32.2,954.0586042569344,20.0,False,,low,1.6,NORMAL,31.5,960.8,26.0,HEALTHY,replay,2.6,0.0
2025-03-03T17:00:00+00:00,AWS-BHO-030,31.3,953.6379063854016,23.0,False,,low,0.8,NORMAL,30.6,960.6,41.0,HEALTHY,replay,1.4,0.0
2025-03-03T18:00:00+00:00,AWS-BHO-030,28.0,953.7172085138686,44.0,False,,low,6.2,NORMAL,26.7,961.0,37.0,HEALTHY,replay,10.3,0.0
2025-03-03T19:00:00+00:00,AWS-BHO-030,26.8,953.4965106423358,39.0,False,,low,1.5,NORMAL,25.4,961.2,40.0,HEALTHY,replay,2.5,0.0
2025-03-03T20:00:00+00:00,AWS-BHO-030,25.1,953.675812770803,46.0,False,,low,0.7,NORMAL,25.2,961.8,39.0,HEALTHY,replay,1.2,0.0
2025-03-03T21:00:00+00:00,AWS-BHO-030,24.4,953.25511489927,49.0,False,,low,0.5,NORMAL,23.6,962.1,42.0,HEALTHY,replay,0.9,0.0
2025-03-03T22:00:00+00:00,AWS-BHO-030,23.7,952.6344170277372,52.0,False,,low,1.0,NORMAL,23.4,961.8,48.0,HEALTHY,replay,1.7,0.0
2025-03-03T23:00:00+00:00,AWS-BHO-030,23.0,951.6137191562044,55.0,False,,low,1.0,NORMAL,22.3,961.5,52.0,HEALTHY,replay,1.7,0.0
2025-03-04T00:00:00+00:00,AWS-BHO-030,22.8,950.5930212846716,53.0,True,drift,low,41.9,RULE_ENGINE_BYPASS,21.7,960.8,52.0,HEALTHY,replay,7.1,94.0
2025-03-04T01:00:00+00:00,AWS-BHO-030,22.6,949.6723234131388,52.0,True,drift,low,47.2,RULE_ENGINE_BYPASS,20.9,960.4,55.0,HEALTHY,replay,16.1,94.0
2025-03-04T02:00:00+00:00,AWS-BHO-030,22.1,948.351625541606,52.0,True,drift,medium,60.7,RULE_ENGINE_BYPASS,20.7,959.5,56.0,HEALTHY,replay,38.5,94.0
2025-03-04T03:00:00+00:00,AWS-BHO-030,21.5,947.7309276700732,51.0,True,drift,medium,68.8,RULE_ENGINE_BYPASS,20.5,959.5,55.0,OFFLINE,replay,52.1,94.0
2025-03-04T04:00:00+00:00,AWS-BHO-030,21.6,947.2102297985402,45.0,True,drift,high,73.9,RULE_ENGINE_BYPASS,20.2,959.7,53.0,OFFLINE,replay,60.6,94.0
2025-03-04T05:00:00+00:00,AWS-BHO-030,21.4,947.2895319270076,44.0,True,drift,high,78.8,RULE_ENGINE_BYPASS,20.2,960.2,48.0,OFFLINE,replay,68.7,94.0
2025-03-04T06:00:00+00:00,AWS-BHO-030,20.8,948.1688340554746,48.0,True,drift,high,81.1,RULE_ENGINE_BYPASS,19.6,961.7,51.0,OFFLINE,replay,72.6,94.0
2025-03-04T07:00:00+00:00,AWS-BHO-030,21.2,948.5481361839418,47.0,True,drift,high,76.5,RULE_ENGINE_BYPASS,20.5,962.7,50.0,OFFLINE,replay,64.8,94.0
2025-03-04T08:00:00+00:00,AWS-BHO-030,23.3,949.2274383124088,42.0,True,drift,high,77.2,RULE_ENGINE_BYPASS,22.9,964.1,44.0,OFFLINE,replay,66.1,94.0
2025-03-04T09:00:00+00:00,AWS-BHO-030,25.5,949.906740440876,35.0,True,drift,high,89.1,RULE_ENGINE_BYPASS,25.3,965.1,38.0,OFFLINE,replay,85.8,94.0
2025-03-04T10:00:00+00:00,AWS-BHO-030,27.3,949.7860425693432,30.0,True,drift,critical,93.0,RULE_ENGINE_BYPASS,27.4,965.5,31.0,OFFLINE,replay,92.4,94.0
2025-03-04T11:00:00+00:00,AWS-BHO-030,28.9,949.0653446978104,26.0,True,drift,critical,94.9,RULE_ENGINE_BYPASS,28.9,965.4,26.0,OFFLINE,replay,95.5,94.0
2025-03-04T12:00:00+00:00,AWS-BHO-030,30.1,947.6446468262776,23.0,True,drift,critical,96.3,RULE_ENGINE_BYPASS,30.0,964.4,24.0,OFFLINE,replay,97.8,94.0
2025-03-04T13:00:00+00:00,AWS-BHO-030,30.8,946.3239489547448,22.0,True,drift,critical,96.6,RULE_ENGINE_BYPASS,30.8,963.6,22.0,OFFLINE,replay,98.4,94.0
2025-03-04T14:00:00+00:00,AWS-BHO-030,31.0,957.5,21.0,True,unstructured_anomaly,critical,95.9,ML_MODEL_ISOLATION,30.9,962.8,21.0,OFFLINE,replay,95.9,0.0
2025-03-04T15:00:00+00:00,AWS-BHO-030,31.0,956.7,20.0,True,unstructured_anomaly,critical,94.0,ML_MODEL_ISOLATION,30.8,962.1,20.0,OFFLINE,replay,94.0,0.0
2025-03-04T16:00:00+00:00,AWS-BHO-030,30.3,956.7,19.0,True,unstructured_anomaly,critical,94.3,ML_MODEL_ISOLATION,30.0,962.1,21.0,HEALTHY,replay,94.3,0.0
2025-03-04T17:00:00+00:00,AWS-BHO-030,29.1,956.9,20.0,True,multivariate_inconsistency,high,72.9,MODEL_OVERRIDE,28.6,962.1,23.0,OFFLINE,replay,91.5,45.0
2025-03-04T18:00:00+00:00,AWS-BHO-030,26.7,958.0,24.0,True,multivariate_inconsistency,high,75.0,MODEL_OVERRIDE,25.8,963.2,26.0,OFFLINE,replay,95.0,45.0
2025-03-04T19:00:00+00:00,AWS-BHO-030,25.2,958.6,26.0,True,multivariate_inconsistency,high,75.7,MODEL_OVERRIDE,24.2,963.6,28.0,OFFLINE,replay,96.2,45.0
2025-03-04T20:00:00+00:00,AWS-BHO-030,24.0,959.2,27.0,True,multivariate_inconsistency,high,74.6,MODEL_OVERRIDE,22.9,964.4,29.0,OFFLINE,replay,94.3,45.0
2025-03-04T21:00:00+00:00,AWS-BHO-030,22.6,959.5,30.0,True,multivariate_inconsistency,high,74.1,MODEL_OVERRIDE,22.0,964.9,30.0,OFFLINE,replay,93.6,45.0
2025-03-04T22:00:00+00:00,AWS-BHO-030,21.6,959.8,30.0,True,multivariate_inconsistency,high,74.6,MODEL_OVERRIDE,21.0,965.1,29.0,OFFLINE,replay,94.4,45.0
2025-03-04T23:00:00+00:00,AWS-BHO-030,20.4,959.5,28.0,True,multivariate_inconsistency,high,75.9,MODEL_OVERRIDE,19.8,964.9,28.0,OFFLINE,replay,96.5,45.0
2025-03-05T00:00:00+00:00,AWS-BHO-030,19.4,959.1,27.0,True,multivariate_inconsistency,high,76.0,MODEL_OVERRIDE,18.5,964.4,27.0,OFFLINE,replay,96.7,45.0
2025-03-05T01:00:00+00:00,AWS-BHO-030,18.6,958.5,26.0,True,multivariate_inconsistency,high,75.1,MODEL_OVERRIDE,17.6,963.9,27.0,OFFLINE,replay,95.1,45.0
2025-03-05T02:00:00+00:00,AWS-BHO-030,17.7,957.9,26.0,True,multivariate_inconsistency,high,75.1,MODEL_OVERRIDE,16.6,963.2,26.0,OFFLINE,replay,95.2,45.0
2025-03-05T03:00:00+00:00,AWS-BHO-030,16.9,957.5,26.0,True,multivariate_inconsistency,high,74.0,MODEL_OVERRIDE,15.8,962.9,25.0,OFFLINE,replay,93.4,45.0
2025-03-05T04:00:00+00:00,AWS-BHO-030,16.2,957.7,26.0,True,multivariate_inconsistency,high,74.3,MODEL_OVERRIDE,15.3,963.1,24.0,OFFLINE,replay,93.9,45.0
2025-03-05T05:00:00+00:00,AWS-BHO-030,15.8,958.2,26.0,True,multivariate_inconsistency,high,76.3,MODEL_OVERRIDE,14.9,963.5,24.0,OFFLINE,replay,97.1,45.0
2025-03-05T06:00:00+00:00,AWS-BHO-030,15.0,959.1,39.0,True,multivariate_inconsistency,high,75.0,MODEL_OVERRIDE,14.4,964.7,37.0,OFFLINE,replay,95.0,45.0
2025-03-05T07:00:00+00:00,AWS-BHO-030,15.3,960.0,42.0,True,multivariate_inconsistency,high,75.4,MODEL_OVERRIDE,15.0,965.5,42.0,OFFLINE,replay,95.7,45.0
2025-03-05T08:00:00+00:00,AWS-BHO-030,16.8,960.7,39.0,True,multivariate_inconsistency,high,74.6,MODEL_OVERRIDE,17.0,966.3,42.0,OFFLINE,replay,94.4,45.0
2025-03-05T09:00:00+00:00,AWS-BHO-030,19.4,961.3,34.0,True,multivariate_inconsistency,high,76.5,MODEL_OVERRIDE,19.5,966.8,34.0,OFFLINE,replay,97.5,45.0
2025-03-05T10:00:00+00:00,AWS-BHO-030,21.6,961.7,27.0,True,multivariate_inconsistency,high,75.3,MODEL_OVERRIDE,21.8,967.2,26.0,OFFLINE,replay,95.5,45.0
2025-03-05T11:00:00+00:00,AWS-BHO-030,23.9,961.3,21.0,True,multivariate_inconsistency,high,76.0,MODEL_OVERRIDE,24.0,966.7,21.0,OFFLINE,replay,96.6,45.0
2025-03-05T12:00:00+00:00,AWS-BHO-030,25.7,960.2,14.0,True,multivariate_inconsistency,high,77.4,MODEL_OVERRIDE,25.9,965.7,17.0,OFFLINE,replay,99.0,45.0
2025-03-05T13:00:00+00:00,AWS-BHO-030,26.9,959.0,13.0,True,multivariate_inconsistency,high,77.6,MODEL_OVERRIDE,27.1,964.3,15.0,OFFLINE,replay,99.3,45.0
2025-03-05T14:00:00+00:00,AWS-BHO-030,27.3,958.1,13.0,True,multivariate_inconsistency,high,77.5,MODEL_OVERRIDE,27.6,963.5,13.0,OFFLINE,replay,99.1,45.0
2025-03-05T15:00:00+00:00,AWS-BHO-030,27.4,957.5,11.0,True,multivariate_inconsistency,high,77.5,MODEL_OVERRIDE,27.5,962.8,12.0,OFFLINE,replay,99.2,45.0
2025-03-05T16:00:00+00:00,AWS-BHO-030,26.8,957.4,10.0,True,spike,critical,95.5,MODEL_OVERRIDE,27.0,962.6,11.0,OFFLINE,replay,99.6,89.4
2025-03-05T17:00:00+00:00,AWS-BHO-030,25.6,957.3,12.0,True,spike,critical,95.6,MODEL_OVERRIDE,25.8,962.4,12.0,OFFLINE,replay,99.5,89.9
2025-03-05T18:00:00+00:00,AWS-BHO-030,23.8,957.6,16.0,True,spike,critical,93.9,MODEL_OVERRIDE,22.9,962.4,16.0,OFFLINE,replay,99.0,86.4
2025-03-05T19:00:00+00:00,AWS-BHO-030,22.6,957.9,16.0,True,spike,high,89.9,FUSED_CONSENSUS,21.0,962.8,17.0,OFFLINE,replay,,89.9
2025-03-05T20:00:00+00:00,AWS-BHO-030,21.8,958.6,16.0,True,spike,high,89.9,FUSED_CONSENSUS,19.6,963.5,18.0,OFFLINE,replay,,89.9
2025-03-05T21:00:00+00:00,AWS-BHO-030,20.6,959.2,18.0,True,spike,high,89.9,FUSED_CONSENSUS,18.6,964.2,20.0,OFFLINE,replay,,89.9
2025-03-05T22:00:00+00:00,AWS-BHO-030,19.5,959.4,21.0,True,spike,high,89.9,FUSED_CONSENSUS,17.9,964.6,22.0,OFFLINE,replay,,89.9
2025-03-05T23:00:00+00:00,AWS-BHO-030,18.5,958.9,25.0,True,spike,high,89.9,FUSED_CONSENSUS,16.5,964.1,26.0,OFFLINE,replay,,89.9
2025-03-06T00:00:00+00:00,AWS-BHO-030,17.7,958.5,28.0,True,spike,high,89.9,FUSED_CONSENSUS,16.0,963.7,29.0,OFFLINE,replay,,89.9
2025-03-06T01:00:00+00:00,AWS-BHO-030,17.0,958.0,31.0,True,spike,high,89.7,FUSED_CONSENSUS,15.2,963.3,33.0,OFFLINE,replay,,89.7
2025-03-06T02:00:00+00:00,AWS-BHO-030,16.4,957.4,34.0,True,spike,high,87.8,FUSED_CONSENSUS,14.5,962.6,36.0,OFFLINE,replay,,87.8
2025-03-06T03:00:00+00:00,AWS-BHO-030,16.0,956.9,37.0,True,spike,high,86.0,FUSED_CONSENSUS,13.8,962.1,38.0,OFFLINE,replay,,86.0
2025-03-06T04:00:00+00:00,AWS-BHO-030,15.6,956.8,40.0,False,multivariate_inconsistency,low,45.0,NORMAL,13.3,962.0,40.0,OFFLINE,replay,,45.0
2025-03-06T05:00:00+00:00,AWS-BHO-030,15.596074994282858,956.7,44.0,False,multivariate_inconsistency,low,45.0,NORMAL,12.7,962.0,45.0,OFFLINE,replay,,45.0
2025-03-06T06:00:00+00:00,AWS-BHO-030,15.512232380817396,957.4,49.0,False,multivariate_inconsistency,low,45.0,NORMAL,12.1,962.6,53.0,OFFLINE,replay,,45.0
2025-03-06T07:00:00+00:00,AWS-BHO-030,15.598523776829648,958.3,48.0,True,spike,high,88.4,FUSED_CONSENSUS,13.8,963.8,52.0,OFFLINE,replay,,88.4
2025-03-06T08:00:00+00:00,AWS-BHO-030,15.606349014912563,959.9,43.0,True,spike,high,88.4,FUSED_CONSENSUS,18.2,965.6,43.0,OFFLINE,replay,,88.4
2025-03-06T09:00:00+00:00,AWS-BHO-030,15.5355646642945,960.9,29.0,True,spike,high,88.6,FUSED_CONSENSUS,21.9,966.4,31.0,OFFLINE,replay,,88.6
2025-03-06T10:00:00+00:00,AWS-BHO-030,15.621684438562545,961.1,20.0,True,spike,high,88.4,FUSED_CONSENSUS,24.7,966.7,21.0,OFFLINE,replay,,88.4
2025-03-06T11:00:00+00:00,AWS-BHO-030,15.58716631476524,960.6,16.0,True,spike,high,88.5,FUSED_CONSENSUS,26.5,966.2,18.0,OFFLINE,replay,,88.5
2025-03-06T12:00:00+00:00,AWS-BHO-030,15.61672415377992,960.1,14.0,True,spike,high,88.4,FUSED_CONSENSUS,28.1,965.5,15.0,OFFLINE,replay,,88.4
2025-03-06T13:00:00+00:00,AWS-BHO-030,29.2,959.2,12.0,False,multivariate_inconsistency,low,45.0,NORMAL,29.3,964.8,13.0,OFFLINE,replay,,45.0
2025-03-06T14:00:00+00:00,AWS-BHO-030,29.9,958.6,10.0,False,multivariate_inconsistency,low,45.0,NORMAL,30.0,964.2,11.0,OFFLINE,replay,,45.0
2025-03-06T15:00:00+00:00,AWS-BHO-030,29.8,957.9,9.0,True,spike,high,87.4,FUSED_CONSENSUS,30.0,963.5,10.0,OFFLINE,replay,,87.4
2025-03-06T16:00:00+00:00,AWS-BHO-030,29.4,957.4,9.78775975723486,True,spike,high,89.9,FUSED_CONSENSUS,29.6,962.7,10.0,OFFLINE,replay,,89.9
2025-03-06T17:00:00+00:00,AWS-BHO-030,28.3,957.0,13.575519514469718,True,spike,high,89.9,FUSED_CONSENSUS,27.8,962.2,30.0,OFFLINE,replay,,89.9
2025-03-06T18:00:00+00:00,AWS-BHO-030,25.2,957.2,27.363279271704577,False,multivariate_inconsistency,low,45.0,NORMAL,24.0,962.5,19.0,OFFLINE,replay,,45.0
2025-03-06T19:00:00+00:00,AWS-BHO-030,23.3,957.3,34.15103902893944,True,spike,high,87.7,FUSED_CONSENSUS,22.6,962.6,19.0,OFFLINE,replay,,87.7
2025-03-06T20:00:00+00:00,AWS-BHO-030,22.1,957.5,37.938798786174296,True,spike,high,85.4,FUSED_CONSENSUS,21.5,962.8,20.0,OFFLINE,replay,,85.4
2025-03-06T21:00:00+00:00,AWS-BHO-030,21.2,957.5,39.72655854340916,False,multivariate_inconsistency,low,45.0,NORMAL,20.8,962.7,21.0,OFFLINE,replay,,45.0
2025-03-06T22:00:00+00:00,AWS-BHO-030,19.8,957.1,43.514318300644014,False,multivariate_inconsistency,low,45.0,NORMAL,19.7,962.4,24.0,OFFLINE,replay,,45.0
2025-03-06T23:00:00+00:00,AWS-BHO-030,18.8,956.6,50.30207805787887,False,multivariate_inconsistency,low,45.0,NORMAL,18.7,962.0,26.0,OFFLINE,replay,,45.0
2025-03-07T00:00:00+00:00,AWS-BHO-030,18.9,956.1,49.08983781511373,False,multivariate_inconsistency,low,45.0,NORMAL,17.1,961.5,31.0,OFFLINE,replay,,45.0
2025-03-07T01:00:00+00:00,AWS-BHO-030,18.1,955.7,49.87759757234859,False,multivariate_inconsistency,low,45.0,NORMAL,16.2,961.0,32.0,OFFLINE,replay,,45.0
2025-03-07T02:00:00+00:00,AWS-BHO-030,17.5,955.1,46.66535732958346,False,multivariate_inconsistency,low,45.0,NORMAL,15.5,960.5,33.0,OFFLINE,replay,,45.0
2025-03-07T03:00:00+00:00,AWS-BHO-030,17.1,954.9,45.45311708681831,False,multivariate_inconsistency,low,45.0,NORMAL,15.2,960.2,34.0,OFFLINE,replay,,45.0
2025-03-07T04:00:00+00:00,AWS-BHO-030,16.5,954.6,46.24087684405317,True,spike,high,86.8,FUSED_CONSENSUS,15.1,959.8,34.0,OFFLINE,replay,,86.8
2025-03-07T05:00:00+00:00,AWS-BHO-030,15.8,954.7,53.02863660128803,True,spike,high,88.1,FUSED_CONSENSUS,14.8,960.0,33.0,OFFLINE,replay,,88.1
2025-03-07T06:00:00+00:00,AWS-BHO-030,15.2,955.3,56.816396358522894,False,multivariate_inconsistency,low,45.0,NORMAL,14.1,960.6,36.0,OFFLINE,replay,,45.0
2025-03-07T07:00:00+00:00,AWS-BHO-030,16.4,956.4,64.60415611575775,True,spike,high,87.0,FUSED_CONSENSUS,15.9,961.8,47.0,OFFLINE,replay,,87.0
2025-03-07T08:00:00+00:00,AWS-BHO-030,19.9,958.0,50.39191587299261,False,,low,0.0,NORMAL,19.8,963.6,35.0,OFFLINE,replay,,0.0
2025-03-07T09:00:00+00:00,AWS-BHO-030,24.3,959.2,41.17967563022747,False,,low,0.0,NORMAL,24.3,964.7,22.0,OFFLINE,replay,,0.0
2025-03-07T10:00:00+00:00,AWS-BHO-030,27.5,959.3,33.96743538746233,False,spike,low,33.4,NORMAL,28.1,964.7,15.0,WARNING,replay,,33.4
2025-03-07T11:00:00+00:00,AWS-BHO-030,29.5,958.9,29.75519514469719,False,,low,0.0,NORMAL,30.0,964.3,14.0,OFFLINE,replay,,0.0
2025-03-07T12:00:00+00:00,AWS-BHO-030,30.7,957.8,29.54295490193205,False,,low,0.0,NORMAL,31.0,963.1,13.0,OFFLINE,replay,,0.0
2025-03-07T13:00:00+00:00,AWS-BHO-030,31.6,956.5,29.330714659166908,False,,low,0.0,NORMAL,31.8,962.0,13.0,OFFLINE,replay,,0.0
2025-03-07T14:00:00+00:00,AWS-BHO-030,32.2,955.6,30.118474416401767,False,,low,0.0,NORMAL,32.3,961.0,13.0,WARNING,replay,,0.0
2025-03-07T15:00:00+00:00,AWS-BHO-030,32.3,954.6,29.906234173636623,False,,low,0.0,NORMAL,32.4,960.1,12.0,WARNING,replay,,0.0
2025-03-07T16:00:00+00:00,AWS-BHO-030,31.9,954.6,31.69399393087148,False,,low,0.0,NORMAL,32.0,959.8,12.0,WARNING,replay,,0.0
2025-03-07T17:00:00+00:00,AWS-BHO-030,30.9,954.2,35.48175368810634,False,,low,0.0,NORMAL,30.1,959.4,18.0,WARNING,replay,,0.0
2025-03-07T18:00:00+00:00,AWS-BHO-030,27.6,953.9,25.0,False,,low,51.2,NORMAL,27.0,959.2,21.0,WARNING,replay,85.3,0.0
2025-03-07T19:00:00+00:00,AWS-BHO-030,25.3,954.2,32.0,False,,low,41.8,NORMAL,24.9,959.6,23.0,WARNING,replay,69.7,0.0
2025-03-07T20:00:00+00:00,AWS-BHO-030,23.7,954.7,33.0,False,,low,23.1,NORMAL,23.9,960.0,25.0,WARNING,replay,38.5,0.0
2025-03-07T21:00:00+00:00,AWS-BHO-030,22.9,954.9,33.0,False,,low,3.5,NORMAL,21.9,960.1,31.0,WARNING,replay,5.9,0.0
2025-03-07T22:00:00+00:00,AWS-BHO-030,22.4,954.8,32.0,False,,low,4.4,NORMAL,20.8,960.1,34.0,WARNING,replay,7.3,0.0
2025-03-07T23:00:00+00:00,AWS-BHO-030,22.7,954.5,31.0,False,,low,7.1,NORMAL,20.0,959.6,35.0,WARNING,replay,11.9,0.0
2025-03-08T00:00:00+00:00,AWS-BHO-030,22.1,954.2,33.0,False,,low,9.2,NORMAL,19.2,959.3,36.0,WARNING,replay,15.4,0.0
2025-03-08T01:00:00+00:00,AWS-BHO-030,22.0,953.7,33.0,False,,low,8.4,NORMAL,19.1,958.8,37.0,WARNING,replay,14.0,0.0
2025-03-08T02:00:00+00:00,AWS-BHO-030,20.9,952.9,35.0,False,,low,15.5,NORMAL,18.9,958.1,38.0,WARNING,replay,25.8,0.0
2025-03-08T03:00:00+00:00,AWS-BHO-030,20.2,952.2,34.0,True,drift,medium,67.0,RULE_ENGINE_BYPASS,17.8,957.2,42.0,WARNING,replay,49.1,94.0
2025-03-08T04:00:00+00:00,AWS-BHO-030,20.0,951.7,33.0,True,drift,high,77.2,RULE_ENGINE_BYPASS,16.9,956.8,44.0,HEALTHY,replay,65.9,94.0
2025-03-08T05:00:00+00:00,AWS-BHO-030,19.7,951.9,33.0,True,drift,high,83.6,RULE_ENGINE_BYPASS,16.1,957.0,45.0,HEALTHY,replay,76.6,94.0
2025-03-08T06:00:00+00:00,AWS-BHO-030,19.0,952.7,38.0,True,drift,high,74.4,RULE_ENGINE_BYPASS,15.3,957.9,53.0,OFFLINE,replay,61.4,94.0
2025-03-08T07:00:00+00:00,AWS-BHO-030,19.9,953.5,36.0,False,,low,29.5,NORMAL,17.4,958.8,48.0,OFFLINE,replay,49.2,0.0
2025-03-08T08:00:00+00:00,AWS-BHO-030,23.1,955.0,34.0,False,,low,22.9,NORMAL,21.7,960.4,37.0,OFFLINE,replay,38.1,0.0
2025-03-08T09:00:00+00:00,AWS-BHO-030,26.8,956.1,26.0,False,,low,45.6,NORMAL,26.4,961.6,27.0,HEALTHY,replay,76.0,0.0
2025-03-08T10:00:00+00:00,AWS-BHO-030,29.5,956.4,21.0,False,,low,35.1,NORMAL,29.4,961.9,21.0,OFFLINE,replay,58.6,0.0
2025-03-08T11:00:00+00:00,AWS-BHO-030,31.3,956.4,17.0,False,,low,39.7,NORMAL,31.4,961.7,17.0,OFFLINE,replay,66.1,0.0
2025-03-08T12:00:00+00:00,AWS-BHO-030,32.2,955.5,15.0,False,,low,46.5,NORMAL,32.4,960.8,16.0,OFFLINE,replay,77.4,0.0
2025-03-08T13:00:00+00:00,AWS-BHO-030,32.7,954.5,15.0,False,,low,47.6,NORMAL,32.9,959.8,15.0,HEALTHY,replay,79.4,0.0
2025-03-08T14:00:00+00:00,AWS-BHO-030,7.026503376628643,953.5,15.0,True,multivariate_inconsistency,high,79.7,MODEL_OVERRIDE,32.9,958.9,15.0,WARNING,replay,92.8,60.0
2025-03-08T15:00:00+00:00,AWS-BHO-030,28.74091001656689,953.0,15.0,False,,low,44.5,NORMAL,32.7,958.4,15.0,WARNING,replay,74.2,0.0
2025-03-08T16:00:00+00:00,AWS-BHO-030,31.622174813225413,952.8,16.0,False,,low,33.7,NORMAL,32.1,958.3,16.0,WARNING,replay,56.2,0.0
2025-03-08T17:00:00+00:00,AWS-BHO-030,31.11348168923129,952.9,18.0,False,,low,18.0,NORMAL,30.6,958.1,23.0,WARNING,replay,30.0,0.0
2025-03-08T18:00:00+00:00,AWS-BHO-030,27.38704553164244,953.0,28.0,False,,low,7.1,NORMAL,27.4,958.2,20.0,WARNING,replay,11.9,0.0
2025-03-08T19:00:00+00:00,AWS-BHO-030,26.0,953.5,29.0,False,,low,2.8,NORMAL,25.6,958.6,19.0,WARNING,replay,4.6,0.0
2025-03-08T20:00:00+00:00,AWS-BHO-030,24.4,954.1,32.0,False,,low,2.4,NORMAL,23.4,959.2,23.0,WARNING,replay,4.0,0.0
2025-03-08T21:00:00+00:00,AWS-BHO-030,23.9,954.4,31.0,False,,low,2.2,NORMAL,22.6,959.4,23.0,WARNING,replay,3.7,0.0
2025-03-08T22:00:00+00:00,AWS-BHO-030,23.3,954.6,28.0,False,,low,3.0,NORMAL,22.0,960.2,28.0,WARNING,replay,4.9,0.0
2025-03-08T23:00:00+00:00,AWS-BHO-030,21.8,954.8,26.0,False,,low,13.4,NORMAL,20.4,959.9,34.0,WARNING,replay,22.4,0.0
2025-03-09T00:00:00+00:00,AWS-BHO-030,20.6,954.4,33.0,False,,low,7.7,NORMAL,19.1,959.6,40.0,WARNING,replay,12.8,0.0
2025-03-09T01:00:00+00:00,AWS-BHO-030,19.4,954.3,41.0,False,,low,6.9,NORMAL,18.6,959.5,44.0,WARNING,replay,11.5,0.0
2025-03-09T02:00:00+00:00,AWS-BHO-030,18.6,953.5,51.0,False,,low,14.9,NORMAL,17.3,958.9,47.0,WARNING,replay,24.9,0.0
2025-03-09T03:00:00+00:00,AWS-BHO-030,18.5,953.1,46.0,False,,low,2.5,NORMAL,17.4,958.8,49.0,HEALTHY,replay,4.1,0.0
2025-03-09T04:00:00+00:00,AWS-BHO-030,18.6,953.4,44.0,False,,low,2.8,NORMAL,17.3,958.8,50.0,HEALTHY,replay,4.7,0.0
2025-03-09T05:00:00+00:00,AWS-BHO-030,18.3,953.8,45.0,False,,low,1.8,NORMAL,16.7,959.3,51.0,HEALTHY,replay,3.0,0.0
2025-03-09T06:00:00+00:00,AWS-BHO-030,18.4,954.7,50.0,False,,low,2.5,NORMAL,16.7,960.1,56.0,HEALTHY,replay,4.1,0.0
2025-03-09T07:00:00+00:00,AWS-BHO-030,19.1,955.8,49.0,False,,low,4.8,NORMAL,18.7,961.4,50.0,HEALTHY,replay,8.0,0.0
2025-03-09T08:00:00+00:00,AWS-BHO-030,22.0,957.3,44.0,False,,low,10.2,NORMAL,22.9,962.9,39.0,HEALTHY,replay,17.0,0.0
2025-03-09T09:00:00+00:00,AWS-BHO-030,25.7,958.4,36.0,False,,low,30.1,NORMAL,27.0,964.1,30.0,HEALTHY,replay,50.2,0.0
2025-03-09T10:00:00+00:00,AWS-BHO-030,29.0,958.8,28.0,False,,low,46.1,NORMAL,30.4,964.4,22.0,HEALTHY,replay,76.9,0.0
2025-03-09T11:00:00+00:00,AWS-BHO-030,31.0,958.9,21.0,False,,low,43.9,NORMAL,32.2,964.5,18.0,HEALTHY,replay,73.2,0.0
2025-03-09T12:00:00+00:00,AWS-BHO-030,32.2,957.9,18.0,False,,low,37.6,NORMAL,33.2,963.6,17.0,HEALTHY,replay,62.6,0.0
2025-03-09T13:00:00+00:00,AWS-BHO-030,32.9,957.1,17.0,False,,low,9.0,NORMAL,33.7,962.6,16.0,HEALTHY,replay,15.0,0.0
2025-03-09T14:00:00+00:00,AWS-BHO-030,33.1,956.3,17.0,False,,low,2.0,NORMAL,33.9,961.8,16.0,HEALTHY,replay,3.3,0.0
2025-03-09T15:00:00+00:00,AWS-BHO-030,32.9,955.7,17.0,False,,low,4.4,NORMAL,33.6,961.1,16.0,HEALTHY,replay,7.4,0.0
2025-03-09T16:00:00+00:00,AWS-BHO-030,32.3,955.6,17.0,False,,low,3.3,NORMAL,33.1,960.9,17.0,HEALTHY,replay,5.4,0.0
2025-03-09T17:00:00+00:00,AWS-BHO-030,31.1,955.8,20.0,False,,low,1.4,NORMAL,31.7,960.9,21.0,HEALTHY,replay,2.3,0.0
2025-03-09T18:00:00+00:00,AWS-BHO-030,28.4,956.2,25.0,False,,low,1.2,NORMAL,28.7,961.4,22.0,HEALTHY,replay,2.0,0.0
2025-03-09T19:00:00+00:00,AWS-BHO-030,26.5,956.3,33.0,False,,low,1.8,NORMAL,26.3,962.0,24.0,HEALTHY,replay,3.0,0.0
2025-03-09T20:00:00+00:00,AWS-BHO-030,25.3,957.4,33.0,False,,low,0.7,NORMAL,24.6,962.8,25.0,HEALTHY,replay,1.2,0.0
2025-03-09T21:00:00+00:00,AWS-BHO-030,25.3,958.0,31.0,False,,low,0.8,NORMAL,24.6,963.4,26.0,HEALTHY,replay,1.3,0.0
2025-03-09T22:00:00+00:00,AWS-BHO-030,24.8,958.4,28.0,False,,low,1.0,NORMAL,23.7,963.9,27.0,HEALTHY,replay,1.7,0.0
2025-03-09T23:00:00+00:00,AWS-BHO-030,23.2,958.1,29.0,False,,low,0.7,NORMAL,23.1,963.7,26.0,HEALTHY,replay,1.1,0.0
2025-03-10T00:00:00+00:00,AWS-BHO-030,22.2,958.1,31.0,False,,low,0.6,NORMAL,22.5,963.2,28.0,HEALTHY,replay,1.0,0.0
2025-03-10T01:00:00+00:00,AWS-BHO-030,21.4,957.5,33.0,False,,low,0.7,NORMAL,20.9,962.8,32.0,HEALTHY,replay,1.1,0.0
2025-03-10T02:00:00+00:00,AWS-BHO-030,21.0,957.1,33.0,False,,low,0.7,NORMAL,20.5,962.5,33.0,HEALTHY,replay,1.2,0.0
2025-03-10T03:00:00+00:00,AWS-BHO-030,20.7,956.6,34.0,False,,low,0.6,NORMAL,19.5,962.1,35.0,HEALTHY,replay,1.1,0.0
2025-03-10T04:00:00+00:00,AWS-BHO-030,20.1,956.7,36.0,False,,low,0.5,NORMAL,19.0,962.3,38.0,HEALTHY,replay,0.8,0.0
2025-03-10T05:00:00+00:00,AWS-BHO-030,19.6,957.3,37.0,False,,low,0.7,NORMAL,18.4,962.8,40.0,HEALTHY,replay,1.2,0.0
2025-03-10T06:00:00+00:00,AWS-BHO-030,20.0,958.7,38.0,False,,low,2.1,NORMAL,18.9,964.2,41.0,HEALTHY,replay,3.4,0.0
2025-03-10T07:00:00+00:00,AWS-BHO-030,20.7,959.5,38.0,False,,low,1.5,NORMAL,20.6,965.0,40.0,HEALTHY,replay,2.5,0.0
2025-03-10T08:00:00+00:00,AWS-BHO-030,-39.94464483332584,960.8,35.0,True,spike,critical,93.1,MODEL_OVERRIDE,24.0,966.4,33.0,HEALTHY,replay,95.2,89.9
2025-03-10T09:00:00+00:00,AWS-BHO-030,-39.99331011119653,961.8,30.0,True,spike,critical,94.8,MODEL_OVERRIDE,27.6,967.3,26.0,HEALTHY,replay,98.1,89.9
2025-03-10T10:00:00+00:00,AWS-BHO-030,-40.01249811019741,962.2,25.0,True,spike,critical,95.3,MODEL_OVERRIDE,30.9,967.7,21.0,HEALTHY,replay,99.0,89.9
2025-03-10T11:00:00+00:00,AWS-BHO-030,-40.05115919298933,961.7,19.0,True,spike,critical,95.2,MODEL_OVERRIDE,33.3,967.2,17.0,OFFLINE,replay,98.7,89.9
2025-03-10T12:00:00+00:00,AWS-BHO-030,33.5,960.8,17.0,True,unstructured_anomaly,critical,95.0,ML_MODEL_ISOLATION,34.5,966.2,16.0,OFFLINE,replay,95.0,0.0
2025-03-10T13:00:00+00:00,AWS-BHO-030,34.3,959.8,16.0,True,unstructured_anomaly,high,88.9,ML_MODEL_ISOLATION,35.0,965.1,15.0,OFFLINE,replay,88.9,0.0
2025-03-10T14:00:00+00:00,AWS-BHO-030,34.5,958.8,15.0,False,,low,51.8,NORMAL,35.2,964.1,15.0,HEALTHY,replay,86.3,0.0
2025-03-10T15:00:00+00:00,AWS-BHO-030,34.5,958.1,0.0195598746850493,True,unstructured_anomaly,critical,94.9,ML_MODEL_ISOLATION,35.0,963.5,15.0,OFFLINE,replay,94.9,0.0
2025-03-10T16:00:00+00:00,AWS-BHO-030,34.0,958.0,0.0045079734630181,True,unstructured_anomaly,critical,96.8,ML_MODEL_ISOLATION,34.5,963.2,15.0,OFFLINE,replay,96.8,0.0
2025-03-10T17:00:00+00:00,AWS-BHO-030,32.8,958.1,-0.0102707622360305,True,physical_bounds,critical,98.4,RULE_ENGINE_BYPASS,32.8,963.0,29.0,OFFLINE,replay,97.3,100.0
2025-03-10T18:00:00+00:00,AWS-BHO-030,30.2,958.3,0.0341909697567955,True,multivariate_inconsistency,high,74.8,MODEL_OVERRIDE,29.6,963.2,21.0,HEALTHY,replay,93.5,46.8
2025-03-10T19:00:00+00:00,AWS-BHO-030,28.3,958.3,29.0,False,,low,15.7,NORMAL,27.7,963.6,25.0,WARNING,replay,26.1,0.0
2025-03-10T20:00:00+00:00,AWS-BHO-030,27.4,959.2,29.0,False,,low,6.0,NORMAL,26.4,964.5,26.0,WARNING,replay,10.0,0.0
2025-03-10T21:00:00+00:00,AWS-BHO-030,26.3,959.2,30.0,False,,low,3.5,NORMAL,25.0,964.7,28.0,WARNING,replay,5.8,0.0
2025-03-10T22:00:00+00:00,AWS-BHO-030,25.6,959.1,31.0,False,,low,4.0,NORMAL,24.1,964.6,30.0,WARNING,replay,6.7,0.0
2025-03-10T23:00:00+00:00,AWS-BHO-030,24.7,959.1,30.0,False,,low,4.1,NORMAL,22.5,964.1,33.0,WARNING,replay,6.9,0.0
2025-03-11T00:00:00+00:00,AWS-BHO-030,23.2,958.5,33.0,False,,low,4.5,NORMAL,21.8,963.6,34.0,WARNING,replay,7.5,0.0
2025-03-11T01:00:00+00:00,AWS-BHO-030,22.4,958.1,36.0,False,,low,2.4,NORMAL,21.2,963.3,35.0,WARNING,replay,4.0,0.0
2025-03-11T02:00:00+00:00,AWS-BHO-030,21.9,957.4,36.0,False,,low,2.2,NORMAL,20.7,962.8,37.0,WARNING,replay,3.7,0.0
2025-03-11T03:00:00+00:00,AWS-BHO-030,21.3,957.0,37.0,False,,low,1.9,NORMAL,20.4,962.4,39.0,WARNING,replay,3.1,0.0
2025-03-11T04:00:00+00:00,AWS-BHO-030,20.7,957.0,39.0,False,,low,1.2,NORMAL,19.6,962.4,41.0,WARNING,replay,2.0,0.0
2025-03-11T05:00:00+00:00,AWS-BHO-030,20.3,957.4,41.127870089908185,False,,low,1.3,NORMAL,18.9,962.7,43.0,WARNING,replay,2.1,0.0
2025-03-11T06:00:00+00:00,AWS-BHO-030,19.9,958.5,46.33853937438731,False,,low,1.2,NORMAL,18.7,963.7,48.0,WARNING,replay,2.0,0.0
2025-03-11T07:00:00+00:00,AWS-BHO-030,21.1,959.6,43.59866469347142,False,,low,2.3,NORMAL,20.4,965.1,45.0,WARNING,replay,3.9,0.0
2025-03-11T08:00:00+00:00,AWS-BHO-030,24.0,960.9,38.89727471319893,False,,low,11.0,NORMAL,24.4,966.6,36.0,HEALTHY,replay,18.4,0.0
2025-03-11T09:00:00+00:00,AWS-BHO-030,27.4,961.9,33.228242844055146,False,,low,28.9,NORMAL,28.4,967.5,28.0,HEALTHY,replay,48.1,0.0
2025-03-11T10:00:00+00:00,AWS-BHO-030,30.8,961.9,27.58753330284506,False,,low,33.4,NORMAL,32.3,967.3,21.0,HEALTHY,replay,55.6,0.0
2025-03-11T11:00:00+00:00,AWS-BHO-030,33.2,961.3,21.97223801729661,False,,low,27.3,NORMAL,34.4,966.6,17.0,HEALTHY,replay,45.5,0.0
2025-03-11T12:00:00+00:00,AWS-BHO-030,34.5,960.3,20.380138006093723,False,,low,26.4,NORMAL,35.4,965.7,16.0,HEALTHY,replay,44.0,0.0
2025-03-11T13:00:00+00:00,AWS-BHO-030,35.2,959.0,18.80947106787732,False,,low,17.4,NORMAL,35.9,964.4,15.0,HEALTHY,replay,29.0,0.0
2025-03-11T14:00:00+00:00,AWS-BHO-030,35.7,958.0,18.258795786595787,False,,low,22.8,NORMAL,36.0,963.4,14.0,HEALTHY,replay,38.0,0.0
2025-03-11T15:00:00+00:00,AWS-BHO-030,35.9,957.0,17.726905983628814,False,,low,22.4,NORMAL,35.8,962.6,14.0,HEALTHY,replay,37.4,0.0
2025-03-11T16:00:00+00:00,AWS-BHO-030,35.9,956.4,18.212773892934607,False,,low,23.2,NORMAL,35.5,962.2,14.0,HEALTHY,replay,38.6,0.0
2025-03-11T17:00:00+00:00,AWS-BHO-030,34.2,956.5,23.7155107666452,False,,low,7.9,NORMAL,34.0,962.0,23.0,HEALTHY,replay,13.2,0.0
2025-03-11T18:00:00+00:00,AWS-BHO-030,30.0,956.8,37.23433860521253,False,,low,16.7,NORMAL,30.4,962.0,19.0,HEALTHY,replay,27.9,0.0
2025-03-11T19:00:00+00:00,AWS-BHO-030,28.7,956.9,40.768569284363394,False,,low,2.8,NORMAL,28.6,962.1,21.0,HEALTHY,replay,4.7,0.0
2025-03-11T20:00:00+00:00,AWS-BHO-030,28.0,957.2,43.317588770242416,False,,low,1.6,NORMAL,26.5,962.5,23.0,HEALTHY,replay,2.7,0.0
2025-03-11T21:00:00+00:00,AWS-BHO-030,26.3,957.5,40.88084493646586,False,,low,1.7,NORMAL,25.7,962.5,28.0,HEALTHY,replay,2.9,0.0
2025-03-11T22:00:00+00:00,AWS-BHO-030,25.6,957.2,43.45783799427635,False,,low,0.7,NORMAL,25.0,962.3,28.0,HEALTHY,replay,1.1,0.0
2025-03-11T23:00:00+00:00,AWS-BHO-030,25.3,956.4,48.0481128591317,False,,low,0.9,NORMAL,23.0,961.4,31.0,HEALTHY,replay,1.5,0.0
2025-03-12T00:00:00+00:00,AWS-BHO-030,24.4,955.9,45.65125297918543,False,,low,0.7,NORMAL,22.1,960.9,36.0,HEALTHY,replay,1.1,0.0
2025-03-12T01:00:00+00:00,AWS-BHO-030,24.9,955.4,43.26687528563868,False,,low,1.0,NORMAL,21.8,960.3,38.0,HEALTHY,replay,1.7,0.0
2025-03-12T02:00:00+00:00,AWS-BHO-030,24.2,954.8,44.89462601665871,False,,low,2.1,NORMAL,21.3,959.8,39.0,HEALTHY,replay,3.4,0.0
2025-03-12T03:00:00+00:00,AWS-BHO-030,23.9,954.5,45.534177230440086,False,,low,2.0,NORMAL,21.0,959.5,40.0,HEALTHY,replay,3.3,0.0
2025-03-12T04:00:00+00:00,AWS-BHO-030,23.2,954.1,48.1852238683362,False,,low,1.6,NORMAL,20.0,959.2,43.0,HEALTHY,replay,2.7,0.0
2025-03-12T05:00:00+00:00,AWS-BHO-030,22.6,954.2,50.84748126174164,False,,low,1.4,NORMAL,19.1,959.2,46.0,HEALTHY,replay,2.3,0.0
2025-03-12T06:00:00+00:00,AWS-BHO-030,23.2,955.2,50.52068300043074,False,,low,2.6,NORMAL,19.9,960.2,45.0,HEALTHY,replay,4.4,0.0
2025-03-12T07:00:00+00:00,AWS-BHO-030,24.0,955.8,50.20457909792784,False,,low,3.3,NORMAL,21.8,961.0,43.0,HEALTHY,replay,5.5,0.0
2025-03-12T08:00:00+00:00,AWS-BHO-030,27.3,957.5,48.898934402951454,False,,low,17.6,NORMAL,25.9,962.8,35.0,HEALTHY,replay,29.3,0.0
2025-03-12T09:00:00+00:00,AWS-BHO-030,30.6,958.2,42.60352721624031,False,,low,22.8,NORMAL,30.0,963.6,28.0,HEALTHY,replay,38.0,0.0
2025-03-12T10:00:00+00:00,AWS-BHO-030,33.2,958.6,37.31814807998148,False,,low,7.4,NORMAL,33.6,963.9,22.0,HEALTHY,replay,12.3,0.0
2025-03-12T11:00:00+00:00,AWS-BHO-030,34.9,957.8,34.0425987132203,False,,low,3.9,NORMAL,35.4,963.2,18.0,HEALTHY,replay,6.5,0.0
2025-03-12T12:00:00+00:00,AWS-BHO-030,36.2,956.7,31.776691071470022,False,,low,2.8,NORMAL,36.6,962.1,14.0,HEALTHY,replay,4.6,0.0
2025-03-12T13:00:00+00:00,AWS-BHO-030,36.9,955.4,30.52024651257416,False,,low,4.9,NORMAL,37.3,960.7,12.0,HEALTHY,replay,8.2,0.0
2025-03-12T14:00:00+00:00,AWS-BHO-030,37.1,954.3,29.273095053936625,False,,low,7.2,NORMAL,37.7,959.5,11.0,HEALTHY,replay,12.0,0.0
2025-03-12T15:00:00+00:00,AWS-BHO-030,37.5,953.4,29.035074708699987,False,,low,5.9,NORMAL,37.2,958.7,11.0,HEALTHY,replay,9.8,0.0
2025-03-12T16:00:00+00:00,AWS-BHO-030,36.9,953.0,29.80603089044933,False,,low,4.6,NORMAL,36.4,958.1,11.0,HEALTHY,replay,7.7,0.0
2025-03-12T17:00:00+00:00,AWS-BHO-030,35.2,952.8,32.58581587764823,False,,low,5.4,NORMAL,35.2,957.6,12.0,HEALTHY,replay,9.0,0.0
2025-03-12T18:00:00+00:00,AWS-BHO-030,33.2,952.7,12.0,False,,low,47.0,NORMAL,31.3,957.4,16.0,HEALTHY,replay,78.4,0.0
2025-03-12T19:00:00+00:00,AWS-BHO-030,32.0,953.2,14.0,False,,low,9.9,NORMAL,29.1,957.8,17.0,HEALTHY,replay,16.4,0.0
2025-03-12T20:00:00+00:00,AWS-BHO-030,31.0,953.8,15.0,False,,low,4.5,NORMAL,27.5,958.4,20.0,HEALTHY,replay,7.4,0.0
2025-03-12T21:00:00+00:00,AWS-BHO-030,29.5,954.3,18.0,False,,low,2.8,NORMAL,25.9,958.9,22.0,HEALTHY,replay,4.7,0.0
2025-03-12T22:00:00+00:00,AWS-BHO-030,26.8,954.5,24.0,False,,low,5.8,NORMAL,25.2,959.4,23.0,HEALTHY,replay,9.7,0.0
2025-03-12T23:00:00+00:00,AWS-BHO-030,-39.99114118055051,954.4,26.0,True,multivariate_inconsistency,high,73.4,FUSED_CONSENSUS,22.9,959.4,28.0,HEALTHY,replay,82.3,60.0
2025-03-13T00:00:00+00:00,AWS-BHO-030,-40.06853532802375,954.1,26.0,True,multivariate_inconsistency,high,74.0,FUSED_CONSENSUS,22.3,958.9,30.0,HEALTHY,replay,83.4,60.0
2025-03-13T01:00:00+00:00,AWS-BHO-030,-39.91524084165987,953.6,28.0,True,spike,high,84.4,FUSED_CONSENSUS,22.3,958.5,30.0,HEALTHY,replay,80.7,89.9
2025-03-13T02:00:00+00:00,AWS-BHO-030,-40.03692790085789,953.0,26.0,True,spike,high,83.1,FUSED_CONSENSUS,21.4,958.0,27.0,OFFLINE,replay,78.6,89.9
2025-03-13T03:00:00+00:00,AWS-BHO-030,24.2,952.8,26.0,False,,low,7.2,NORMAL,21.6,957.8,27.0,OFFLINE,replay,12.1,0.0
2025-03-13T04:00:00+00:00,AWS-BHO-030,24.5,952.8,26.0,False,,low,10.5,NORMAL,21.3,957.7,29.0,OFFLINE,replay,17.4,0.0
2025-03-13T05:00:00+00:00,AWS-BHO-030,23.9,,26.0,True,dropout,critical,100.0,RULE_ENGINE_BYPASS,20.2,958.1,32.0,HEALTHY,replay,,100.0
2025-03-13T06:00:00+00:00,AWS-BHO-030,23.6,954.1,30.0,False,,low,12.4,NORMAL,20.3,959.1,37.0,OFFLINE,replay,20.7,0.0
2025-03-13T07:00:00+00:00,AWS-BHO-030,24.5,954.9,29.0,False,,low,8.7,NORMAL,22.5,960.2,34.0,OFFLINE,replay,14.5,0.0
2025-03-13T08:00:00+00:00,AWS-BHO-030,27.3,956.0,27.0,False,,low,10.4,NORMAL,26.3,961.5,28.0,OFFLINE,replay,17.4,0.0
2025-03-13T09:00:00+00:00,AWS-BHO-030,30.9,957.1,22.0,False,,low,41.2,NORMAL,30.5,962.5,22.0,HEALTHY,replay,68.7,0.0
2025-03-13T10:00:00+00:00,AWS-BHO-030,33.6,957.2,16.0,False,,low,34.0,NORMAL,34.0,962.6,16.0,WARNING,replay,56.7,0.0
2025-03-13T11:00:00+00:00,AWS-BHO-030,35.1,956.7,13.0,False,,low,20.7,NORMAL,35.4,962.0,12.0,WARNING,replay,34.5,0.0
2025-03-13T12:00:00+00:00,AWS-BHO-030,36.2,955.7,11.0,False,,low,17.7,NORMAL,36.3,961.0,11.0,WARNING,replay,29.4,0.0
2025-03-13T13:00:00+00:00,AWS-BHO-030,36.7,954.1,10.0,False,,low,25.2,NORMAL,36.8,959.3,10.0,WARNING,replay,41.9,0.0
2025-03-13T14:00:00+00:00,AWS-BHO-030,37.1,952.7,9.0,False,,low,37.1,NORMAL,37.1,957.9,9.0,WARNING,replay,61.8,0.0
2025-03-13T15:00:00+00:00,AWS-BHO-030,36.9,951.9,8.0,False,,low,47.1,NORMAL,37.0,957.0,8.0,WARNING,replay,78.4,0.0
2025-03-13T16:00:00+00:00,AWS-BHO-030,36.6,951.5,8.0,False,,low,40.3,NORMAL,36.3,956.7,8.0,WARNING,replay,67.2,0.0
2025-03-13T17:00:00+00:00,AWS-BHO-030,43.3053394032166,951.5308075089924,17.457470575405125,True,unstructured_anomaly,critical,92.7,ML_MODEL_ISOLATION,35.0,956.6,9.0,WARNING,replay,92.7,0.0
2025-03-13T18:00:00+00:00,AWS-BHO-030,40.405339403216594,951.2119548974008,22.85511619833553,True,unstructured_anomaly,critical,91.4,ML_MODEL_ISOLATION,31.3,956.6,11.0,WARNING,replay,91.4,0.0
2025-03-13T19:00:00+00:00,AWS-BHO-030,37.9053394032166,952.3887141214482,28.30306286329821,True,multivariate_inconsistency,high,71.0,MODEL_OVERRIDE,29.7,957.1,12.0,WARNING,replay,88.4,45.0
2025-03-13T20:00:00+00:00,AWS-BHO-030,28.6,952.8,16.0,False,,low,38.9,NORMAL,27.7,957.8,14.0,WARNING,replay,64.8,0.0
2025-03-13T21:00:00+00:00,AWS-BHO-030,28.3,953.7,14.0,False,,low,11.5,NORMAL,27.1,958.4,13.0,WARNING,replay,19.2,0.0
2025-03-13T22:00:00+00:00,AWS-BHO-030,26.9,953.7,15.0,False,,low,13.2,NORMAL,26.4,958.7,14.0,WARNING,replay,22.0,0.0
2025-03-13T23:00:00+00:00,AWS-BHO-030,26.7,953.7,15.0,False,,low,11.3,NORMAL,25.6,958.7,15.0,WARNING,replay,18.9,0.0
2025-03-14T00:00:00+00:00,AWS-BHO-030,26.7,953.4,16.0,False,,low,10.4,NORMAL,25.4,958.4,16.0,HEALTHY,replay,17.4,0.0
2025-03-14T01:00:00+00:00,AWS-BHO-030,26.2,952.9,17.0,False,,low,4.3,NORMAL,25.1,958.0,17.0,HEALTHY,replay,7.2,0.0
2025-03-14T02:00:00+00:00,AWS-BHO-030,26.3,952.4,18.0,False,,low,4.2,NORMAL,25.0,957.5,19.0,HEALTHY,replay,7.0,0.0
2025-03-14T03:00:00+00:00,AWS-BHO-030,26.1,952.2,20.0,False,,low,3.9,NORMAL,25.3,957.3,20.0,HEALTHY,replay,6.5,0.0
2025-03-14T04:00:00+00:00,AWS-BHO-030,25.3,952.5,22.0,False,,low,2.4,NORMAL,25.1,957.6,22.0,HEALTHY,replay,3.9,0.0
2025-03-14T05:00:00+00:00,AWS-BHO-030,24.5,953.1,25.0,False,,low,2.6,NORMAL,24.1,958.3,24.0,HEALTHY,replay,4.4,0.0
2025-03-14T06:00:00+00:00,AWS-BHO-030,23.8,954.2,30.0,False,,low,2.5,NORMAL,21.0,959.4,36.0,HEALTHY,replay,4.1,0.0
2025-03-14T07:00:00+00:00,AWS-BHO-030,24.4,955.2,32.0,False,,low,4.0,NORMAL,23.1,960.6,34.0,HEALTHY,replay,6.7,0.0
2025-03-14T08:00:00+00:00,AWS-BHO-030,27.1,956.8,30.0,False,,low,23.2,NORMAL,26.5,962.3,29.0,HEALTHY,replay,38.6,0.0
2025-03-14T09:00:00+00:00,AWS-BHO-030,29.8,957.8,25.0,False,,low,21.4,NORMAL,29.6,963.4,24.0,HEALTHY,replay,35.7,0.0
2025-03-14T10:00:00+00:00,AWS-BHO-030,32.1,957.9,22.0,False,,low,11.0,NORMAL,31.9,963.4,23.0,HEALTHY,replay,18.3,0.0
2025-03-14T11:00:00+00:00,AWS-BHO-030,33.9,957.6,20.0,False,,low,14.6,NORMAL,33.9,963.1,21.0,HEALTHY,replay,24.4,0.0
2025-03-14T12:00:00+00:00,AWS-BHO-030,35.3,956.5,17.0,False,,low,5.0,NORMAL,35.5,962.0,18.0,HEALTHY,replay,8.3,0.0
2025-03-14T13:00:00+00:00,AWS-BHO-030,36.4,955.2,16.0,False,,low,3.4,NORMAL,36.2,960.8,17.0,HEALTHY,replay,5.6,0.0
2025-03-14T14:00:00+00:00,AWS-BHO-030,36.9,954.0,14.0,False,,low,7.5,NORMAL,36.7,959.4,16.0,HEALTHY,replay,12.5,0.0
2025-03-14T15:00:00+00:00,AWS-BHO-030,36.9,953.2,14.0,False,,low,4.8,NORMAL,36.6,958.2,14.0,HEALTHY,replay,7.9,0.0
2025-03-14T16:00:00+00:00,AWS-BHO-030,36.2,952.8,14.0,False,,low,4.3,NORMAL,36.1,958.0,14.0,HEALTHY,replay,7.1,0.0
2025-03-14T17:00:00+00:00,AWS-BHO-030,35.0,952.8,15.0,False,,low,2.0,NORMAL,35.0,957.8,15.0,HEALTHY,replay,3.3,0.0
2025-03-14T18:00:00+00:00,AWS-BHO-030,31.8,953.0,20.0,False,,low,9.1,NORMAL,31.4,958.3,19.0,HEALTHY,replay,15.2,0.0
2025-03-14T19:00:00+00:00,AWS-BHO-030,31.5,953.7,19.0,False,,low,2.9,NORMAL,29.3,958.6,23.0,HEALTHY,replay,4.8,0.0
2025-03-14T20:00:00+00:00,AWS-BHO-030,29.4,954.3,24.0,False,,low,2.2,NORMAL,27.9,959.4,26.0,HEALTHY,replay,3.7,0.0
2025-03-14T21:00:00+00:00,AWS-BHO-030,27.4,954.7,28.0,False,,low,2.6,NORMAL,26.7,959.8,26.0,HEALTHY,replay,4.4,0.0
2025-03-14T22:00:00+00:00,AWS-BHO-030,26.9,955.0,28.0,False,,low,1.3,NORMAL,25.9,960.2,26.0,HEALTHY,replay,2.1,0.0
2025-03-14T23:00:00+00:00,AWS-BHO-030,26.5,954.8,28.0,False,,low,1.2,NORMAL,25.6,960.1,26.0,HEALTHY,replay,2.1,0.0
2025-03-15T00:00:00+00:00,AWS-BHO-030,25.6,954.6,29.0,False,,low,1.3,NORMAL,24.8,959.6,26.0,HEALTHY,replay,2.1,0.0
2025-03-15T01:00:00+00:00,AWS-BHO-030,24.5,954.0,31.0,False,,low,1.2,NORMAL,23.7,959.3,26.0,HEALTHY,replay,1.9,0.0
2025-03-15T02:00:00+00:00,AWS-BHO-030,24.1,953.7,30.0,False,,low,1.3,NORMAL,22.8,958.9,27.0,HEALTHY,replay,2.2,0.0
2025-03-15T03:00:00+00:00,AWS-BHO-030,24.0,953.4,29.0,False,,low,0.9,NORMAL,22.2,958.6,29.0,HEALTHY,replay,1.6,0.0
2025-03-15T04:00:00+00:00,AWS-BHO-030,23.6,953.3,30.0,False,,low,0.7,NORMAL,21.2,958.6,31.0,HEALTHY,replay,1.2,0.0
2025-03-15T05:00:00+00:00,AWS-BHO-030,23.4,953.6,31.0,False,,low,0.9,NORMAL,20.7,958.9,33.0,HEALTHY,replay,1.6,0.0
2025-03-15T06:00:00+00:00,AWS-BHO-030,23.2,954.9,34.0,False,,low,0.8,NORMAL,20.6,960.0,38.0,HEALTHY,replay,1.4,0.0
2025-03-15T07:00:00+00:00,AWS-BHO-030,24.0,955.8,34.0,False,,low,2.1,NORMAL,22.9,961.2,36.0,HEALTHY,replay,3.5,0.0
2025-03-15T08:00:00+00:00,AWS-BHO-030,27.2,957.2,31.0,False,,low,7.7,NORMAL,26.6,962.8,30.0,HEALTHY,replay,12.8,0.0
2025-03-15T09:00:00+00:00,AWS-BHO-030,30.7,958.2,25.0,False,,low,11.9,NORMAL,30.1,963.7,25.0,HEALTHY,replay,19.8,0.0
2025-03-15T10:00:00+00:00,AWS-BHO-030,33.1,958.4,19.0,False,,low,10.5,NORMAL,33.0,963.8,21.0,HEALTHY,replay,17.5,0.0
2025-03-15T11:00:00+00:00,AWS-BHO-030,34.5,958.2888165820492,16.0,False,,low,5.1,NORMAL,34.5,963.3,16.0,HEALTHY,replay,8.6,0.0
2025-03-15T12:00:00+00:00,AWS-BHO-030,35.7,957.677633164098,15.0,False,,low,2.1,NORMAL,35.8,962.7,15.0,HEALTHY,replay,3.6,0.0
2025-03-15T13:00:00+00:00,AWS-BHO-030,36.7,956.866449746147,14.0,False,,low,2.0,NORMAL,36.6,961.8,15.0,HEALTHY,replay,3.3,0.0
2025-03-15T14:00:00+00:00,AWS-BHO-030,37.4,956.155266328196,13.0,False,,low,3.0,NORMAL,36.9,961.0,14.0,HEALTHY,replay,5.0,0.0
2025-03-15T15:00:00+00:00,AWS-BHO-030,36.6,955.5440829102452,14.0,False,,low,2.8,NORMAL,37.1,960.1,13.0,HEALTHY,replay,4.7,0.0
2025-03-15T16:00:00+00:00,AWS-BHO-030,35.4,955.6328994922944,15.0,False,,low,2.4,NORMAL,35.5,959.9,15.0,HEALTHY,replay,4.0,0.0
2025-03-15T17:00:00+00:00,AWS-BHO-030,34.6,955.9217160743434,17.0,False,,low,1.9,NORMAL,34.9,960.0,16.0,HEALTHY,replay,3.2,0.0
2025-03-15T18:00:00+00:00,AWS-BHO-030,32.9,956.7105326563924,19.0,False,,low,1.7,NORMAL,32.9,960.5,18.0,HEALTHY,replay,2.9,0.0
2025-03-15T19:00:00+00:00,AWS-BHO-030,31.3,957.3993492384416,20.0,False,,low,1.9,NORMAL,31.6,960.7,19.0,HEALTHY,replay,3.2,0.0
2025-03-15T20:00:00+00:00,AWS-BHO-030,30.2,958.1881658204904,22.0,False,,low,1.7,NORMAL,29.9,961.5,22.0,HEALTHY,replay,2.8,0.0
2025-03-15T21:00:00+00:00,AWS-BHO-030,29.6,958.7769824025396,23.0,False,,low,2.0,NORMAL,28.5,962.0,24.0,HEALTHY,replay,3.3,0.0
2025-03-15T22:00:00+00:00,AWS-BHO-030,29.6,959.0657989845886,23.0,False,,low,2.8,NORMAL,27.3,962.0,26.0,HEALTHY,replay,4.6,0.0
2025-03-15T23:00:00+00:00,AWS-BHO-030,29.1,958.9546155666376,24.0,False,,low,1.6,NORMAL,27.5,961.6,25.0,HEALTHY,replay,2.6,0.0
2025-03-16T00:00:00+00:00,AWS-BHO-030,28.7,958.8434321486868,24.0,False,,low,2.3,NORMAL,28.3,961.3,24.0,HEALTHY,replay,3.8,0.0
2025-03-16T01:00:00+00:00,AWS-BHO-030,28.3,958.7322487307356,24.0,False,,low,4.6,NORMAL,27.9,961.1,25.0,HEALTHY,replay,7.7,0.0
2025-03-16T02:00:00+00:00,AWS-BHO-030,26.7,958.5210653127848,28.0,False,,low,2.6,NORMAL,27.0,960.9,28.0,HEALTHY,replay,4.3,0.0
2025-03-16T03:00:00+00:00,AWS-BHO-030,25.5,958.0098818948338,35.0,False,,low,4.0,NORMAL,25.8,960.4,32.0,HEALTHY,replay,6.7,0.0
2025-03-16T04:00:00+00:00,AWS-BHO-030,24.8,958.2986984768828,37.0,False,,low,1.5,NORMAL,24.4,960.4,36.0,HEALTHY,replay,2.5,0.0
2025-03-16T05:00:00+00:00,AWS-BHO-030,24.4,958.987515058932,37.0,False,,low,1.7,NORMAL,23.2,960.5,39.0,HEALTHY,replay,2.8,0.0
2025-03-16T06:00:00+00:00,AWS-BHO-030,24.5,960.076331640981,37.0,False,,low,1.7,NORMAL,23.4,961.5,39.0,HEALTHY,replay,2.8,0.0
2025-03-16T07:00:00+00:00,AWS-BHO-030,25.0,961.16514822303,36.0,False,,low,3.3,NORMAL,24.3,962.5,36.0,HEALTHY,replay,5.6,0.0
2025-03-16T08:00:00+00:00,AWS-BHO-030,27.2,962.5539648050792,31.0,False,,low,17.7,NORMAL,27.2,963.6,30.0,HEALTHY,replay,29.4,0.0
2025-03-16T09:00:00+00:00,AWS-BHO-030,29.4,963.3427813871282,25.0,False,,low,25.0,NORMAL,29.9,964.3,25.0,HEALTHY,replay,41.6,0.0
2025-03-16T10:00:00+00:00,AWS-BHO-030,31.3,963.7315979691772,22.0,False,,low,25.1,NORMAL,31.7,964.5,21.0,HEALTHY,replay,41.8,0.0
2025-03-16T11:00:00+00:00,AWS-BHO-030,33.2,963.6204145512264,19.0,False,,low,26.9,NORMAL,33.1,964.2,18.0,HEALTHY,replay,44.8,0.0
2025-03-16T12:00:00+00:00,AWS-BHO-030,34.5,962.7092311332752,16.0,False,,low,18.1,NORMAL,33.9,963.1,17.0,HEALTHY,replay,30.1,0.0
2025-03-16T13:00:00+00:00,AWS-BHO-030,34.5,961.5980477153244,16.0,False,,low,13.7,NORMAL,34.4,961.7,17.0,HEALTHY,replay,22.9,0.0
2025-03-16T14:00:00+00:00,AWS-BHO-030,34.5,960.5868642973734,15.0,False,,low,24.2,NORMAL,34.4,960.5,16.0,HEALTHY,replay,40.3,0.0
2025-03-16T15:00:00+00:00,AWS-BHO-030,34.6,960.0756808794224,15.0,False,,low,17.5,NORMAL,34.6,959.7,16.0,HEALTHY,replay,29.1,0.0
2025-03-16T16:00:00+00:00,AWS-BHO-030,33.9,959.9644974614716,16.0,False,,low,18.6,NORMAL,34.0,959.5,16.0,HEALTHY,replay,31.0,0.0
2025-03-16T17:00:00+00:00,AWS-BHO-030,33.1,959.8533140435206,17.0,False,,low,17.1,NORMAL,33.0,959.3,16.0,HEALTHY,replay,28.5,0.0
2025-03-16T18:00:00+00:00,AWS-BHO-030,30.4,960.0421306255696,32.0,False,,low,39.4,NORMAL,29.7,959.5,22.0,HEALTHY,replay,65.6,0.0
2025-03-16T19:00:00+00:00,AWS-BHO-030,29.5,960.7309472076188,24.0,False,,low,18.8,NORMAL,28.6,959.4,23.0,HEALTHY,replay,31.4,0.0
2025-03-16T20:00:00+00:00,AWS-BHO-030,28.4,961.4197637896676,25.0,False,,low,5.2,NORMAL,27.7,960.0,26.0,HEALTHY,replay,8.6,0.0
2025-03-16T21:00:00+00:00,AWS-BHO-030,27.5,961.7085803717168,27.0,False,,low,3.2,NORMAL,26.0,960.2,29.0,HEALTHY,replay,5.4,0.0
2025-03-16T22:00:00+00:00,AWS-BHO-030,27.1,961.997396953766,28.0,False,,low,3.1,NORMAL,25.6,960.1,29.0,HEALTHY,replay,5.2,0.0
2025-03-16T23:00:00+00:00,AWS-BHO-030,26.7,962.2862135358148,28.0,False,,low,4.7,NORMAL,26.1,960.0,28.0,HEALTHY,replay,7.8,0.0
2025-03-17T00:00:00+00:00,AWS-BHO-030,25.9,962.375030117864,29.0,False,,low,6.3,NORMAL,26.0,960.0,27.0,HEALTHY,replay,10.5,0.0
2025-03-17T01:00:00+00:00,AWS-BHO-030,25.2,962.263846699913,30.0,False,,low,6.9,NORMAL,24.2,960.0,31.0,HEALTHY,replay,11.4,0.0
2025-03-17T02:00:00+00:00,AWS-BHO-030,23.9,961.952663281962,34.0,False,,low,5.8,NORMAL,23.2,959.4,34.0,HEALTHY,replay,9.7,0.0
2025-03-17T03:00:00+00:00,AWS-BHO-030,23.0,961.8414798640111,38.0,False,,low,6.3,NORMAL,22.4,959.2,39.0,HEALTHY,replay,10.6,0.0
2025-03-17T04:00:00+00:00,AWS-BHO-030,22.2,962.1302964460602,41.0,False,,low,3.2,NORMAL,21.7,959.6,43.0,HEALTHY,replay,5.3,0.0
2025-03-17T05:00:00+00:00,AWS-BHO-030,21.6,962.9191130281092,43.0,False,,low,1.9,NORMAL,20.9,960.3,46.0,HEALTHY,replay,3.1,0.0
2025-03-17T06:00:00+00:00,AWS-BHO-030,21.4,964.2079296101582,53.0,False,,low,9.5,NORMAL,21.1,961.4,58.0,HEALTHY,replay,15.9,0.0
2025-03-17T07:00:00+00:00,AWS-BHO-030,22.1,957.0,53.0,False,,low,28.4,NORMAL,22.1,962.5,56.0,HEALTHY,replay,47.4,0.0
2025-03-17T08:00:00+00:00,AWS-BHO-030,23.9,958.2,51.0,False,,low,29.2,NORMAL,24.5,963.7,50.0,HEALTHY,replay,48.6,0.0
2025-03-17T09:00:00+00:00,AWS-BHO-030,26.1,958.9,45.0,False,,low,22.8,NORMAL,27.1,964.5,41.0,HEALTHY,replay,38.0,0.0
2025-03-17T10:00:00+00:00,AWS-BHO-030,28.3,959.3,37.0,False,,low,10.7,NORMAL,29.3,964.7,34.0,HEALTHY,replay,17.9,0.0
2025-03-17T11:00:00+00:00,AWS-BHO-030,30.1,959.0,30.0,False,,low,12.4,NORMAL,30.9,964.3,29.0,HEALTHY,replay,20.6,0.0
2025-03-17T12:00:00+00:00,AWS-BHO-030,31.1,958.1,27.0,False,,low,4.7,NORMAL,32.0,963.3,25.0,HEALTHY,replay,7.9,0.0
2025-03-17T13:00:00+00:00,AWS-BHO-030,32.1,957.0,25.0,False,,low,6.7,NORMAL,32.8,962.2,24.0,HEALTHY,replay,11.2,0.0
2025-03-17T14:00:00+00:00,AWS-BHO-030,33.0,955.6,22.0,False,,low,21.4,NORMAL,33.1,961.2,23.0,HEALTHY,replay,35.6,0.0
2025-03-17T15:00:00+00:00,AWS-BHO-030,33.4,954.8,18.0,False,,low,18.7,NORMAL,33.1,960.4,21.0,HEALTHY,replay,31.1,0.0
2025-03-17T16:00:00+00:00,AWS-BHO-030,32.9,954.7,17.0,False,,low,7.5,NORMAL,32.6,960.2,17.0,HEALTHY,replay,12.5,0.0
2025-03-17T17:00:00+00:00,AWS-BHO-030,31.9,955.1,18.0,False,,low,5.4,NORMAL,31.6,960.2,19.0,HEALTHY,replay,8.9,0.0
2025-03-17T18:00:00+00:00,AWS-BHO-030,30.0,955.9,21.0,False,,low,3.3,NORMAL,28.9,960.7,26.0,HEALTHY,replay,5.5,0.0
2025-03-17T19:00:00+00:00,AWS-BHO-030,28.2,956.4,24.0,False,,low,2.8,NORMAL,27.8,961.4,25.0,HEALTHY,replay,4.7,0.0
2025-03-17T20:00:00+00:00,AWS-BHO-030,27.0,957.0,26.0,False,,low,3.1,NORMAL,26.8,962.1,26.0,HEALTHY,replay,5.1,0.0
2025-03-17T21:00:00+00:00,AWS-BHO-030,26.0,957.1,29.0,False,,low,5.1,NORMAL,25.2,962.4,27.0,HEALTHY,replay,8.5,0.0
2025-03-17T22:00:00+00:00,AWS-BHO-030,25.1,957.2,32.0,False,,low,4.3,NORMAL,24.4,962.4,30.0,HEALTHY,replay,7.2,0.0
2025-03-17T23:00:00+00:00,AWS-BHO-030,24.6,957.2,31.0,False,,low,8.5,NORMAL,23.8,962.5,30.0,HEALTHY,replay,14.2,0.0
2025-03-18T00:00:00+00:00,AWS-BHO-030,23.5,957.1,32.0,False,,low,9.5,NORMAL,23.2,962.4,32.0,HEALTHY,replay,15.9,0.0
2025-03-18T01:00:00+00:00,AWS-BHO-030,22.7,956.7,33.0,False,,low,10.2,NORMAL,22.1,962.1,38.0,HEALTHY,replay,17.0,0.0
2025-03-18T02:00:00+00:00,AWS-BHO-030,21.9,955.8,36.0,False,,low,7.2,NORMAL,21.4,961.4,42.0,HEALTHY,replay,11.9,0.0
2025-03-18T03:00:00+00:00,AWS-BHO-030,21.3,955.6,40.0,False,,low,7.7,NORMAL,20.9,961.2,44.0,HEALTHY,replay,12.8,0.0
2025-03-18T04:00:00+00:00,AWS-BHO-030,20.7,955.6,43.0,False,,low,7.3,NORMAL,20.1,961.1,47.0,HEALTHY,replay,12.2,0.0
2025-03-18T05:00:00+00:00,AWS-BHO-030,20.1,955.8,46.0,False,,low,7.5,NORMAL,19.4,961.4,49.0,HEALTHY,replay,12.5,0.0
2025-03-18T06:00:00+00:00,AWS-BHO-030,20.0,956.6,52.0,False,,low,7.3,NORMAL,19.6,962.2,53.0,HEALTHY,replay,12.2,0.0
2025-03-18T07:00:00+00:00,AWS-BHO-030,20.8,957.5,51.0,False,,low,1.8,NORMAL,21.0,963.2,49.0,HEALTHY,replay,3.0,0.0
2025-03-18T08:00:00+00:00,AWS-BHO-030,23.1,958.6,44.0,False,,low,2.6,NORMAL,23.9,964.2,41.0,HEALTHY,replay,4.4,0.0
2025-03-18T09:00:00+00:00,AWS-BHO-030,25.9,959.2,37.0,False,,low,2.6,NORMAL,26.9,964.7,33.0,HEALTHY,replay,4.3,0.0
2025-03-18T10:00:00+00:00,AWS-BHO-030,28.5,959.3,30.0,False,,low,2.6,NORMAL,29.3,964.6,27.0,HEALTHY,replay,4.4,0.0
2025-03-18T11:00:00+00:00,AWS-BHO-030,30.3,958.8,26.0,False,,low,2.0,NORMAL,31.0,964.1,24.0,HEALTHY,replay,3.4,0.0
2025-03-18T12:00:00+00:00,AWS-BHO-030,31.7,957.9,22.0,False,,low,1.6,NORMAL,32.2,963.2,21.0,HEALTHY,replay,2.6,0.0
2025-03-18T13:00:00+00:00,AWS-BHO-030,32.5,956.8,20.0,False,,low,1.7,NORMAL,33.0,962.0,19.0,HEALTHY,replay,2.9,0.0
2025-03-18T14:00:00+00:00,AWS-BHO-030,32.8,955.9,20.0,False,,low,1.0,NORMAL,33.5,961.2,18.0,HEALTHY,replay,1.7,0.0
2025-03-18T15:00:00+00:00,AWS-BHO-030,33.0,955.4,19.0,False,,low,0.9,NORMAL,33.6,960.6,18.0,HEALTHY,replay,1.5,0.0
2025-03-18T16:00:00+00:00,AWS-BHO-030,32.9,955.2,19.0,False,,low,1.7,NORMAL,33.2,960.7,18.0,HEALTHY,replay,2.8,0.0
2025-03-18T17:00:00+00:00,AWS-BHO-030,32.4,955.1,19.0,False,,low,1.5,NORMAL,32.4,960.7,18.0,HEALTHY,replay,2.4,0.0
2025-03-18T18:00:00+00:00,AWS-BHO-030,30.2,955.5,24.0,False,,low,0.9,NORMAL,29.6,960.9,24.0,HEALTHY,replay,1.5,0.0
2025-03-18T19:00:00+00:00,AWS-BHO-030,28.3,955.8,27.0,False,,low,0.8,NORMAL,27.8,961.0,26.0,HEALTHY,replay,1.3,0.0
2025-03-18T20:00:00+00:00,AWS-BHO-030,28.0,956.4,26.0,False,,low,0.5,NORMAL,26.1,961.5,26.0,HEALTHY,replay,0.9,0.0
2025-03-18T21:00:00+00:00,AWS-BHO-030,26.7,956.9,28.0,False,,low,0.3,NORMAL,25.5,961.9,27.0,HEALTHY,replay,0.5,0.0
2025-03-18T22:00:00+00:00,AWS-BHO-030,25.3,957.0,30.0,False,,low,0.3,NORMAL,24.1,962.3,29.0,HEALTHY,replay,0.4,0.0
2025-03-18T23:00:00+00:00,AWS-BHO-030,24.7,956.5,28.0,False,,low,0.2,NORMAL,23.3,962.0,30.0,HEALTHY,replay,0.4,0.0
2025-03-19T00:00:00+00:00,AWS-BHO-030,46.05958857011332,956.0,28.0,True,multivariate_inconsistency,high,72.2,MODEL_OVERRIDE,22.1,961.3,32.0,HEALTHY,replay,90.4,45.0
2025-03-19T01:00:00+00:00,AWS-BHO-030,22.7,955.7,31.0,False,,low,0.3,NORMAL,21.4,961.1,36.0,HEALTHY,replay,0.5,0.0
2025-03-19T02:00:00+00:00,AWS-BHO-030,21.7,955.1,,True,dropout,critical,100.0,RULE_ENGINE_BYPASS,20.3,960.3,40.0,HEALTHY,replay,,100.0
2025-03-19T03:00:00+00:00,AWS-BHO-030,21.0,954.9,,True,dropout,critical,100.0,RULE_ENGINE_BYPASS,20.0,960.4,40.0,HEALTHY,replay,,100.0
2025-03-19T04:00:00+00:00,AWS-BHO-030,20.5,954.9,39.0,False,,low,1.9,NORMAL,19.7,960.4,40.0,HEALTHY,replay,3.2,0.0
2025-03-19T05:00:00+00:00,AWS-BHO-030,20.2,955.3,40.0,False,,low,0.6,NORMAL,19.2,960.8,40.0,HEALTHY,replay,0.9,0.0
2025-03-19T06:00:00+00:00,AWS-BHO-030,20.0,956.6,44.0,False,,low,0.3,NORMAL,19.0,962.0,45.0,HEALTHY,replay,0.5,0.0
2025-03-19T07:00:00+00:00,AWS-BHO-030,21.1,957.6,42.0,False,,low,1.2,NORMAL,21.3,963.2,41.0,HEALTHY,replay,1.9,0.0
2025-03-19T08:00:00+00:00,AWS-BHO-030,24.0,958.7,35.0,False,,low,11.5,NORMAL,24.8,964.4,34.0,HEALTHY,replay,19.2,0.0
2025-03-19T09:00:00+00:00,AWS-BHO-030,27.1,959.3,29.0,False,,low,18.3,NORMAL,28.0,964.9,27.0,HEALTHY,replay,30.5,0.0
2025-03-19T10:00:00+00:00,AWS-BHO-030,30.1,959.5,25.0,False,,low,29.7,NORMAL,31.0,965.0,23.0,HEALTHY,replay,49.6,0.0
2025-03-19T11:00:00+00:00,AWS-BHO-030,32.6,959.0,22.0,False,,low,21.7,NORMAL,33.4,964.5,21.0,HEALTHY,replay,36.2,0.0
2025-03-19T12:00:00+00:00,AWS-BHO-030,34.1,958.2,20.0,False,,low,17.8,NORMAL,35.0,963.6,19.0,HEALTHY,replay,29.6,0.0
2025-03-19T13:00:00+00:00,AWS-BHO-030,34.8,957.3,20.0,False,,low,6.7,NORMAL,35.6,962.6,17.0,HEALTHY,replay,11.2,0.0
2025-03-19T14:00:00+00:00,AWS-BHO-030,35.2,956.1,18.0,False,,low,9.0,NORMAL,35.8,961.4,17.0,HEALTHY,replay,15.0,0.0
2025-03-19T15:00:00+00:00,AWS-BHO-030,36.1,955.1,16.0,False,,low,12.5,NORMAL,35.9,960.6,17.0,HEALTHY,replay,20.8,0.0
2025-03-19T16:00:00+00:00,AWS-BHO-030,35.8,954.8,16.0,False,,low,3.5,NORMAL,35.4,960.3,18.0,HEALTHY,replay,5.8,0.0
2025-03-19T17:00:00+00:00,AWS-BHO-030,34.8,954.4,17.0,False,,low,1.3,NORMAL,34.5,959.9,20.0,HEALTHY,replay,2.2,0.0
2025-03-19T18:00:00+00:00,AWS-BHO-030,32.7,955.0,21.0,False,,low,0.9,NORMAL,31.9,960.2,21.0,HEALTHY,replay,1.5,0.0
2025-03-19T19:00:00+00:00,AWS-BHO-030,31.3,955.6,22.0,False,,low,1.8,NORMAL,30.0,960.7,23.0,HEALTHY,replay,3.0,0.0
2025-03-19T20:00:00+00:00,AWS-BHO-030,30.4,956.2,23.0,False,,low,1.1,NORMAL,29.0,961.3,25.0,HEALTHY,replay,1.8,0.0
2025-03-19T21:00:00+00:00,AWS-BHO-030,29.9,956.8,22.0,False,,low,1.0,NORMAL,27.9,962.6,29.0,HEALTHY,replay,1.6,0.0
2025-03-19T22:00:00+00:00,AWS-BHO-030,27.1,957.6,29.0,False,,low,2.1,NORMAL,26.8,963.0,31.0,HEALTHY,replay,3.5,0.0
2025-03-19T23:00:00+00:00,AWS-BHO-030,25.8,957.5,34.0,False,,low,1.4,NORMAL,25.7,963.2,33.0,HEALTHY,replay,2.4,0.0
2025-03-20T00:00:00+00:00,AWS-BHO-030,24.8,957.5,35.0,False,,low,0.6,NORMAL,25.0,963.0,33.0,HEALTHY,replay,1.1,0.0
2025-03-20T01:00:00+00:00,AWS-BHO-030,24.2,956.9,36.0,False,,low,0.3,NORMAL,24.4,962.3,34.0,HEALTHY,replay,0.5,0.0
2025-03-20T02:00:00+00:00,AWS-BHO-030,23.3,956.7,37.0,False,,low,0.2,NORMAL,23.5,961.9,35.0,HEALTHY,replay,0.4,0.0
2025-03-20T03:00:00+00:00,AWS-BHO-030,23.0,956.4,36.0,False,,low,0.3,NORMAL,23.3,962.1,36.0,HEALTHY,replay,0.4,0.0
2025-03-20T04:00:00+00:00,AWS-BHO-030,22.6,956.2,36.0,False,,low,0.3,NORMAL,22.6,961.9,36.0,HEALTHY,replay,0.5,0.0
2025-03-20T05:00:00+00:00,AWS-BHO-030,22.2,956.8,39.0,False,,low,0.4,NORMAL,22.4,962.3,36.0,HEALTHY,replay,0.6,0.0
2025-03-20T06:00:00+00:00,AWS-BHO-030,21.9,957.5,42.0,False,,low,0.3,NORMAL,22.1,963.1,40.0,HEALTHY,replay,0.6,0.0
2025-03-20T07:00:00+00:00,AWS-BHO-030,22.6,958.4,44.0,False,,low,0.4,NORMAL,23.4,964.1,39.0,HEALTHY,replay,0.7,0.0
2025-03-20T08:00:00+00:00,AWS-BHO-030,25.0,959.3,37.0,False,,low,0.6,NORMAL,25.6,965.0,35.0,HEALTHY,replay,1.0,0.0
2025-03-20T09:00:00+00:00,AWS-BHO-030,27.3,960.1,32.0,False,,low,1.5,NORMAL,27.8,965.4,32.0,HEALTHY,replay,2.5,0.0
2025-03-20T10:00:00+00:00,AWS-BHO-030,29.5,960.2,29.0,False,,low,1.4,NORMAL,30.3,965.7,28.0,HEALTHY,replay,2.3,0.0
2025-03-20T11:00:00+00:00,AWS-BHO-030,31.6,959.7,26.0,False,,low,1.3,NORMAL,32.3,965.1,25.0,HEALTHY,replay,2.1,0.0
2025-03-20T12:00:00+00:00,AWS-BHO-030,33.2,958.9,22.0,False,,low,1.1,NORMAL,33.6,964.1,21.0,HEALTHY,replay,1.8,0.0
2025-03-20T13:00:00+00:00,AWS-BHO-030,34.2,957.8,19.0,False,,low,1.2,NORMAL,34.4,962.9,19.0,HEALTHY,replay,2.0,0.0
2025-03-20T14:00:00+00:00,AWS-BHO-030,34.5,956.6,19.0,False,,low,1.7,NORMAL,35.1,961.8,17.0,HEALTHY,replay,2.9,0.0
2025-03-20T15:00:00+00:00,AWS-BHO-030,35.1,955.5,17.0,False,,low,5.2,NORMAL,34.4,960.8,17.0,HEALTHY,replay,8.7,0.0
2025-03-20T16:00:00+00:00,AWS-BHO-030,35.5,954.9,16.0,False,,low,2.3,NORMAL,33.2,960.6,20.0,HEALTHY,replay,3.9,0.0
2025-03-20T17:00:00+00:00,AWS-BHO-030,33.7,955.1,17.0,False,,low,1.0,NORMAL,32.6,960.4,21.0,HEALTHY,replay,1.7,0.0
2025-03-20T18:00:00+00:00,AWS-BHO-030,31.1,955.9,20.0,False,,low,1.5,NORMAL,30.5,961.1,24.0,HEALTHY,replay,2.5,0.0
2025-03-20T19:00:00+00:00,AWS-BHO-030,29.3,956.5,31.0,False,,low,5.3,NORMAL,29.1,961.7,26.0,HEALTHY,replay,8.9,0.0
2025-03-20T20:00:00+00:00,AWS-BHO-030,27.6,957.0,35.0,False,,low,1.6,NORMAL,27.3,962.6,28.0,HEALTHY,replay,2.7,0.0
2025-03-20T21:00:00+00:00,AWS-BHO-030,26.6,957.3,33.0,False,,low,1.3,NORMAL,26.7,963.1,33.0,HEALTHY,replay,2.2,0.0
2025-03-20T22:00:00+00:00,AWS-BHO-030,25.5,957.8,37.0,False,,low,0.8,NORMAL,25.8,963.5,40.0,HEALTHY,replay,1.4,0.0
2025-03-20T23:00:00+00:00,AWS-BHO-030,24.2,957.8,41.0,False,,low,0.5,NORMAL,24.2,962.7,47.0,HEALTHY,replay,0.8,0.0
2025-03-21T00:00:00+00:00,AWS-BHO-030,23.5,957.2,53.0,False,,low,4.1,NORMAL,23.4,962.4,51.0,HEALTHY,replay,6.9,0.0
2025-03-21T01:00:00+00:00,AWS-BHO-030,22.6,956.8,48.0,False,,low,0.6,NORMAL,22.7,962.1,53.0,HEALTHY,replay,1.0,0.0
2025-03-21T02:00:00+00:00,AWS-BHO-030,22.7,956.3,47.0,False,,low,0.2,NORMAL,22.1,961.5,56.0,HEALTHY,replay,0.4,0.0
2025-03-21T03:00:00+00:00,AWS-BHO-030,22.6,955.8,42.0,False,,low,0.4,NORMAL,21.3,961.1,60.0,HEALTHY,replay,0.7,0.0
2025-03-21T04:00:00+00:00,AWS-BHO-030,23.1,956.1,30.0,False,,low,4.0,NORMAL,20.5,961.1,61.0,HEALTHY,replay,6.7,0.0
2025-03-21T05:00:00+00:00,AWS-BHO-030,23.5,956.6,25.0,False,,low,2.6,NORMAL,19.9,961.8,57.0,HEALTHY,replay,4.3,0.0
2025-03-21T06:00:00+00:00,AWS-BHO-030,21.5,957.5,40.0,False,,low,1.5,NORMAL,20.2,962.8,73.0,HEALTHY,replay,2.5,0.0
2025-03-21T07:00:00+00:00,AWS-BHO-030,22.5,958.5,38.0,False,,low,0.6,NORMAL,21.8,963.7,68.0,HEALTHY,replay,1.1,0.0
2025-03-21T08:00:00+00:00,AWS-BHO-030,25.0,959.6,31.0,False,,low,1.4,NORMAL,25.1,965.0,50.0,HEALTHY,replay,2.4,0.0
2025-03-21T09:00:00+00:00,AWS-BHO-030,27.8,960.3,28.0,False,,low,2.1,NORMAL,27.6,965.6,42.0,HEALTHY,replay,3.5,0.0
2025-03-21T10:00:00+00:00,AWS-BHO-030,29.8,960.5,25.0,False,,low,1.5,NORMAL,29.9,965.9,36.0,HEALTHY,replay,2.4,0.0
2025-03-21T11:00:00+00:00,AWS-BHO-030,49.00961661833516,960.1,21.0,False,,low,50.3,NORMAL,31.6,965.3,28.0,HEALTHY,replay,83.8,0.0
2025-03-21T12:00:00+00:00,AWS-BHO-030,,959.0,16.0,True,dropout,critical,100.0,RULE_ENGINE_BYPASS,32.8,964.2,22.0,HEALTHY,replay,,100.0
2025-03-21T13:00:00+00:00,AWS-BHO-030,33.4,957.8,14.0,True,multivariate_inconsistency,low,52.3,FUSED_CONSENSUS,33.4,963.0,21.0,HEALTHY,replay,57.2,45.0
2025-03-21T14:00:00+00:00,AWS-BHO-030,33.8,956.5,13.0,True,multivariate_inconsistency,medium,62.5,FUSED_CONSENSUS,33.6,961.8,16.0,HEALTHY,replay,74.2,45.0
2025-03-21T15:00:00+00:00,AWS-BHO-030,33.7,955.7,12.0,True,multivariate_inconsistency,medium,69.3,FUSED_CONSENSUS,33.7,960.8,13.0,OFFLINE,replay,85.5,45.0
2025-03-21T16:00:00+00:00,AWS-BHO-030,33.2,955.2,11.0,True,multivariate_inconsistency,high,73.1,MODEL_OVERRIDE,33.2,960.4,12.0,OFFLINE,replay,91.8,45.0
2025-03-21T17:00:00+00:00,AWS-BHO-030,32.7,955.1,0.0732533741206641,True,multivariate_inconsistency,high,76.3,MODEL_OVERRIDE,32.0,960.4,14.0,OFFLINE,replay,97.2,45.0
2025-03-21T18:00:00+00:00,AWS-BHO-030,30.1,955.9,0.0050305694507799,True,multivariate_inconsistency,high,74.1,MODEL_OVERRIDE,28.9,961.0,23.0,OFFLINE,replay,93.5,45.0
2025-03-21T19:00:00+00:00,AWS-BHO-030,28.1,956.4,0.0053114882355848,True,multivariate_inconsistency,high,73.4,MODEL_OVERRIDE,27.4,961.7,26.0,OFFLINE,replay,92.3,45.0
2025-03-21T20:00:00+00:00,AWS-BHO-030,27.6,957.3,0.0990982542582673,True,multivariate_inconsistency,high,70.6,FUSED_CONSENSUS,27.0,962.7,26.0,OFFLINE,replay,87.7,45.0
2025-03-21T21:00:00+00:00,AWS-BHO-030,26.7,957.8,28.0,False,,low,26.7,NORMAL,26.1,963.2,27.0,OFFLINE,replay,44.5,0.0
2025-03-21T22:00:00+00:00,AWS-BHO-030,25.3,945.4736170724874,30.0,True,unstructured_anomaly,critical,92.4,ML_MODEL_ISOLATION,24.9,963.3,29.0,OFFLINE,replay,92.4,0.0
2025-03-21T23:00:00+00:00,AWS-BHO-030,24.3,957.7,32.0,False,,low,29.5,NORMAL,23.7,962.9,31.0,HEALTHY,replay,49.1,0.0
