timestamp,station_id,temperature_c,pressure_hpa,humidity_pct,is_anomaly,fault_type,severity,anomaly_score_pct,decision_basis,suggested_temperature_c,suggested_pressure_hpa,suggested_humidity_pct,health_status,source,model_confidence_pct,rule_confidence_pct
2026-09-22 06:45:00+00:00,AWS-CHN-024,33.0,1005.3,60.0,False,,low,0.0,NORMAL,33.2,1004.1,59.0,HEALTHY,live,,0.0
2026-09-22T07:00:00+00:00,AWS-CHN-024,33.1,1005.0,59.0,False,,low,0.0,NORMAL,33.3,1003.8,59.0,HEALTHY,live,,0.0
2025-01-01T00:00:00+00:00,AWS-CHN-024,25.0,1013.5,84.0,False,,low,0.0,NORMAL,23.3,1012.3,93.0,HEALTHY,replay,,0.0
2025-01-01T01:00:00+00:00,AWS-CHN-024,24.9,1012.5,84.0,False,,low,0.0,NORMAL,22.9,1011.4,94.0,HEALTHY,replay,,0.0
2025-01-01T02:00:00+00:00,AWS-CHN-024,24.7,1011.8,84.0,False,,low,0.0,NORMAL,22.8,1010.7,94.0,HEALTHY,replay,,0.0
2025-01-01T03:00:00+00:00,AWS-CHN-024,24.3,1011.2,85.0,False,,low,0.0,NORMAL,22.6,1010.1,95.0,HEALTHY,replay,,0.0
2025-01-01T04:00:00+00:00,AWS-CHN-024,24.2,1011.0,85.0,False,,low,0.0,NORMAL,22.4,1009.9,95.0,HEALTHY,replay,,0.0
2025-01-01T05:00:00+00:00,AWS-CHN-024,23.8,1011.4,88.0,False,,low,0.0,NORMAL,22.1,1010.3,96.0,HEALTHY,replay,,0.0
2025-01-01T06:00:00+00:00,AWS-CHN-024,23.7,1012.2,91.0,False,,low,0.0,NORMAL,22.3,1011.1,99.0,HEALTHY,replay,,0.0
2025-01-01T07:00:00+00:00,AWS-CHN-024,24.5,1013.0,88.0,False,,low,0.0,NORMAL,23.1,1011.9,98.0,HEALTHY,replay,,0.0
2025-01-01T08:00:00+00:00,AWS-CHN-024,25.8,1013.8,82.0,False,,low,0.0,NORMAL,24.6,1012.7,91.0,HEALTHY,replay,,0.0
2025-01-01T09:00:00+00:00,AWS-CHN-024,27.1,1014.0,72.0,False,,low,0.0,NORMAL,26.9,1012.9,76.0,HEALTHY,replay,,0.0
2025-01-01T10:00:00+00:00,AWS-CHN-024,27.4,1020.1714020905756,70.0,False,,low,0.0,NORMAL,27.9,1012.8,68.0,HEALTHY,replay,,0.0
2025-01-01T11:00:00+00:00,AWS-CHN-024,27.7,1013.7,69.0,False,,low,0.0,NORMAL,28.8,1012.5,62.0,HEALTHY,replay,,0.0
2025-01-01T12:00:00+00:00,AWS-CHN-024,27.9,1012.7,68.0,False,,low,0.0,NORMAL,28.8,1011.5,61.0,HEALTHY,replay,,0.0
2025-01-01T13:00:00+00:00,AWS-CHN-024,27.9,1011.7,68.0,False,,low,0.0,NORMAL,28.8,1010.5,61.0,HEALTHY,replay,,0.0
2025-01-01T14:00:00+00:00,AWS-CHN-024,27.6,1010.7,69.0,False,,low,0.0,NORMAL,28.6,1009.5,63.0,HEALTHY,replay,,0.0
2025-01-01T15:00:00+00:00,AWS-CHN-024,27.3,1010.2,70.0,False,,low,0.0,NORMAL,28.0,1009.0,64.0,HEALTHY,replay,,0.0
2025-01-01T16:00:00+00:00,AWS-CHN-024,26.7,1010.0,73.0,False,,low,0.0,NORMAL,27.1,1008.9,67.0,HEALTHY,replay,,0.0
2025-01-01T17:00:00+00:00,AWS-CHN-024,25.8,1010.3,78.0,False,,low,0.0,NORMAL,25.9,1009.2,75.0,HEALTHY,replay,,0.0
2025-01-01T18:00:00+00:00,AWS-CHN-024,,1010.8,84.0,True,dropout,critical,100.0,RULE_ENGINE_BYPASS,25.1,1009.8,84.0,OFFLINE,replay,,100.0
2025-01-01T19:00:00+00:00,AWS-CHN-024,25.4,1012.1,84.0,False,,low,0.0,NORMAL,24.4,1011.0,88.0,OFFLINE,replay,,0.0
2025-01-01T20:00:00+00:00,AWS-CHN-024,25.3,1012.7,84.0,False,,low,0.0,NORMAL,24.3,1011.5,89.0,OFFLINE,replay,,0.0
2025-01-01T21:00:00+00:00,AWS-CHN-024,25.3,1013.3,83.0,False,,low,0.0,NORMAL,24.0,1012.2,90.0,HEALTHY,replay,,0.0
2025-01-01T22:00:00+00:00,AWS-CHN-024,25.2,1013.3,79.0,False,,low,0.0,NORMAL,23.3,1012.1,93.0,OFFLINE,replay,,0.0
2025-01-01T23:00:00+00:00,AWS-CHN-024,24.8,1012.7,79.0,False,,low,0.0,NORMAL,23.2,1011.6,91.0,OFFLINE,replay,,0.0
2025-01-02T00:00:00+00:00,AWS-CHN-024,24.5,1012.0,79.0,False,,low,0.0,NORMAL,22.6,1010.9,91.0,OFFLINE,replay,,0.0
2025-01-02T01:00:00+00:00,AWS-CHN-024,34.76533681998681,1011.0876619653704,100.0,True,multivariate_inconsistency,low,50.9,FUSED_CONSENSUS,22.1,1010.3,94.0,OFFLINE,replay,,50.9
2025-01-02T02:00:00+00:00,AWS-CHN-024,34.56533681998681,1010.5419549612236,100.0,True,multivariate_inconsistency,low,50.6,FUSED_CONSENSUS,22.2,1009.6,93.0,OFFLINE,replay,,50.6
2025-01-02T03:00:00+00:00,AWS-CHN-024,34.36533681998681,1010.7261334307932,100.0,True,multivariate_inconsistency,low,50.2,FUSED_CONSENSUS,22.1,1009.3,93.0,OFFLINE,replay,,50.2
2025-01-02T04:00:00+00:00,AWS-CHN-024,34.06533681998681,1010.520818110836,100.0,True,multivariate_inconsistency,low,49.7,FUSED_CONSENSUS,21.4,1009.3,93.0,OFFLINE,replay,,49.7
2025-01-02T05:00:00+00:00,AWS-CHN-024,23.2,1010.8,81.0,False,,low,0.0,NORMAL,20.9,1009.8,94.0,OFFLINE,replay,,0.0
2025-01-02T06:00:00+00:00,AWS-CHN-024,23.9,1011.8,83.0,False,,low,0.0,NORMAL,22.2,1010.6,97.0,OFFLINE,replay,,0.0
2025-01-02T07:00:00+00:00,AWS-CHN-024,24.4,1012.8,81.0,False,,low,0.0,NORMAL,23.1,1011.7,93.0,HEALTHY,replay,,0.0
2025-01-02T08:00:00+00:00,AWS-CHN-024,25.9,1013.7,70.0,False,,low,0.0,NORMAL,25.2,1012.5,84.0,OFFLINE,replay,,0.0
2025-01-02T09:00:00+00:00,AWS-CHN-024,26.7,1014.2,63.0,False,,low,0.0,NORMAL,26.7,1013.1,69.0,OFFLINE,replay,,0.0
2025-01-02T10:00:00+00:00,AWS-CHN-024,27.2,1014.2,61.0,False,,low,0.0,NORMAL,27.4,1013.0,61.0,OFFLINE,replay,,0.0
2025-01-02T11:00:00+00:00,AWS-CHN-024,27.6,1013.7,59.0,False,,low,0.0,NORMAL,28.2,1012.5,58.0,HEALTHY,replay,,0.0
2025-01-02T12:00:00+00:00,AWS-CHN-024,27.9,1012.9,58.0,False,,low,0.0,NORMAL,28.3,1011.7,57.0,WARNING,replay,,0.0
2025-01-02T13:00:00+00:00,AWS-CHN-024,27.7,1011.9,57.0,False,,low,0.0,NORMAL,28.4,1010.7,55.0,WARNING,replay,,0.0
2025-01-02T14:00:00+00:00,AWS-CHN-024,27.6,1011.0,57.0,False,,low,0.0,NORMAL,28.1,1009.8,55.0,WARNING,replay,,0.0
2025-01-02T15:00:00+00:00,AWS-CHN-024,27.1,1010.7,59.0,False,,low,2.6,NORMAL,27.6,1009.5,56.0,WARNING,replay,4.3,0.0
2025-01-02T16:00:00+00:00,AWS-CHN-024,26.7,1010.6,61.0,False,,low,1.7,NORMAL,26.9,1009.5,59.0,WARNING,replay,2.8,0.0
2025-01-02T17:00:00+00:00,AWS-CHN-024,25.8,1011.1,67.0,False,,low,1.2,NORMAL,25.7,1010.1,66.0,WARNING,replay,2.0,0.0
2025-01-02T18:00:00+00:00,AWS-CHN-024,25.4,1011.4,74.0,False,,low,1.5,NORMAL,24.8,1010.3,77.0,WARNING,replay,2.5,0.0
2025-01-02T19:00:00+00:00,AWS-CHN-024,24.9,1012.5,78.0,False,,low,1.1,NORMAL,23.7,1011.4,82.0,WARNING,replay,1.8,0.0
2025-01-02T20:00:00+00:00,AWS-CHN-024,24.6,1013.2,80.0,False,,low,1.0,NORMAL,23.2,1012.0,82.0,WARNING,replay,1.7,0.0
2025-01-02T21:00:00+00:00,AWS-CHN-024,24.5,1013.6,80.0,False,,low,0.9,NORMAL,23.2,1012.4,82.0,WARNING,replay,1.5,0.0
2025-01-02T22:00:00+00:00,AWS-CHN-024,24.4,1013.5,79.0,False,,low,1.0,NORMAL,22.8,1012.5,84.0,WARNING,replay,1.6,0.0
2025-01-02T23:00:00+00:00,AWS-CHN-024,24.4,1013.4,77.0,False,,low,0.9,NORMAL,22.3,1012.3,86.0,WARNING,replay,1.5,0.0
2025-01-03T00:00:00+00:00,AWS-CHN-024,24.4,1013.0,75.0,False,,low,1.3,NORMAL,22.5,1011.9,86.0,WARNING,replay,2.1,0.0
2025-01-03T01:00:00+00:00,AWS-CHN-024,24.2,1012.2,74.0,False,,low,5.3,NORMAL,22.3,1011.1,87.0,WARNING,replay,8.8,0.0
2025-01-03T02:00:00+00:00,AWS-CHN-024,24.0,1011.5,74.0,False,,low,2.0,NORMAL,22.0,1010.4,86.0,OFFLINE,replay,3.3,0.0
2025-01-03T03:00:00+00:00,AWS-CHN-024,24.0,1011.1,74.0,False,,low,4.4,NORMAL,22.0,1010.0,87.0,OFFLINE,replay,7.3,0.0
2025-01-03T04:00:00+00:00,AWS-CHN-024,23.5,1011.0,75.0,False,,low,7.6,NORMAL,21.6,1010.0,88.0,OFFLINE,replay,12.7,0.0
2025-01-03T05:00:00+00:00,AWS-CHN-024,23.3,1011.3,75.0,False,,low,6.3,NORMAL,21.0,1010.2,91.0,OFFLINE,replay,10.6,0.0
2025-01-03T06:00:00+00:00,AWS-CHN-024,22.9,1012.5,80.0,False,,low,5.7,NORMAL,21.7,1011.4,93.0,HEALTHY,replay,9.6,0.0
2025-01-03T07:00:00+00:00,AWS-CHN-024,23.3,1013.7,82.0,False,,low,3.8,NORMAL,22.7,1012.5,88.0,OFFLINE,replay,6.4,0.0
2025-01-03T08:00:00+00:00,AWS-CHN-024,24.8,1014.4,80.0,False,,low,3.3,NORMAL,24.6,1013.3,80.0,OFFLINE,replay,5.5,0.0
2025-01-03T09:00:00+00:00,AWS-CHN-024,26.8,1014.8,71.0,False,,low,5.0,NORMAL,26.3,1013.8,68.0,OFFLINE,replay,8.3,0.0
2025-01-03T10:00:00+00:00,AWS-CHN-024,27.8,1014.6,57.0,False,,low,11.9,NORMAL,27.5,1013.5,63.0,HEALTHY,replay,19.8,0.0
2025-01-03T11:00:00+00:00,AWS-CHN-024,28.0,0.0281910080841468,55.0,True,spike,high,82.7,RULE_ENGINE_BYPASS,28.1,1013.0,57.0,WARNING,replay,71.2,100.0
2025-01-03T12:00:00+00:00,AWS-CHN-024,28.3,0.0096185656277487,53.0,True,spike,critical,91.4,RULE_ENGINE_BYPASS,28.5,1011.9,54.0,WARNING,replay,85.7,100.0
2025-01-03T13:00:00+00:00,AWS-CHN-024,28.3,-0.0665305623017412,53.0,True,spike,critical,92.7,RULE_ENGINE_BYPASS,28.8,1011.1,53.0,WARNING,replay,87.8,100.0
2025-01-03T14:00:00+00:00,AWS-CHN-024,28.1,0.0355091090530763,52.0,True,spike,critical,93.3,RULE_ENGINE_BYPASS,28.5,1010.1,53.0,OFFLINE,replay,88.8,100.0
2025-01-03T15:00:00+00:00,AWS-CHN-024,27.7,1010.8,53.0,False,,low,10.0,NORMAL,27.8,1009.6,54.0,OFFLINE,replay,16.6,0.0
2025-01-03T16:00:00+00:00,AWS-CHN-024,27.0,1010.7,56.0,False,,low,17.0,NORMAL,27.0,1009.5,56.0,OFFLINE,replay,28.4,0.0
2025-01-03T17:00:00+00:00,AWS-CHN-024,26.0,1010.7,62.0,False,,low,16.4,NORMAL,25.6,1009.6,63.0,WARNING,replay,27.3,0.0
2025-01-03T18:00:00+00:00,AWS-CHN-024,25.1,1011.2,71.0,False,,low,8.6,NORMAL,24.0,1010.1,74.0,OFFLINE,replay,14.4,0.0
2025-01-03T19:00:00+00:00,AWS-CHN-024,24.7,1012.0,74.0,False,,low,7.0,NORMAL,23.3,1010.9,80.0,OFFLINE,replay,11.6,0.0
2026-09-22T07:00:00+00:00,AWS-CHN-024,33.1,1005.0,59.0,False,,low,0.0,NORMAL,33.3,1003.8,59.0,HEALTHY,live,,0.0
2026-09-22T07:30:00+00:00,AWS-CHN-024,33.1,1004.4,57.0,False,,low,0.0,NORMAL,33.2,1003.3,57.0,HEALTHY,live,,0.0
2025-01-01T00:00:00+00:00,AWS-CHN-024,25.0,1013.5,84.0,False,,low,0.0,NORMAL,23.3,1012.3,93.0,HEALTHY,replay,,0.0
2025-01-01T01:00:00+00:00,AWS-CHN-024,24.9,1012.5,84.0,False,,low,0.0,NORMAL,22.9,1011.4,94.0,HEALTHY,replay,,0.0
2025-01-01T02:00:00+00:00,AWS-CHN-024,24.7,1011.8,84.0,False,,low,0.0,NORMAL,22.8,1010.7,94.0,HEALTHY,replay,,0.0
2025-01-01T03:00:00+00:00,AWS-CHN-024,24.3,1011.2,85.0,False,,low,0.0,NORMAL,22.6,1010.1,95.0,HEALTHY,replay,,0.0
2025-01-01T04:00:00+00:00,AWS-CHN-024,24.2,1011.0,85.0,False,,low,0.0,NORMAL,22.4,1009.9,95.0,HEALTHY,replay,,0.0
2025-01-01T05:00:00+00:00,AWS-CHN-024,23.8,1011.4,88.0,False,,low,0.0,NORMAL,22.1,1010.3,96.0,HEALTHY,replay,,0.0
2025-01-01T06:00:00+00:00,AWS-CHN-024,23.7,1012.2,91.0,False,,low,0.0,NORMAL,22.3,1011.1,99.0,HEALTHY,replay,,0.0
2025-01-01T07:00:00+00:00,AWS-CHN-024,24.5,1013.0,88.0,False,,low,0.0,NORMAL,23.1,1011.9,98.0,HEALTHY,replay,,0.0
2025-01-01T08:00:00+00:00,AWS-CHN-024,25.8,1013.8,82.0,False,,low,0.0,NORMAL,24.6,1012.7,91.0,HEALTHY,replay,,0.0
2025-01-01T09:00:00+00:00,AWS-CHN-024,27.1,1014.0,72.0,False,,low,0.0,NORMAL,26.9,1012.9,76.0,HEALTHY,replay,,0.0
2025-01-01T10:00:00+00:00,AWS-CHN-024,27.4,1020.1714020905756,70.0,False,,low,0.0,NORMAL,27.9,1012.8,68.0,HEALTHY,replay,,0.0
2025-01-01T11:00:00+00:00,AWS-CHN-024,27.7,1013.7,69.0,False,,low,0.0,NORMAL,28.8,1012.5,62.0,HEALTHY,replay,,0.0
2025-01-01T12:00:00+00:00,AWS-CHN-024,27.9,1012.7,68.0,False,,low,0.0,NORMAL,28.8,1011.5,61.0,HEALTHY,replay,,0.0
2025-01-01T13:00:00+00:00,AWS-CHN-024,27.9,1011.7,68.0,False,,low,0.0,NORMAL,28.8,1010.5,61.0,HEALTHY,replay,,0.0
2025-01-01T14:00:00+00:00,AWS-CHN-024,27.6,1010.7,69.0,False,,low,0.0,NORMAL,28.6,1009.5,63.0,HEALTHY,replay,,0.0
2025-01-01T15:00:00+00:00,AWS-CHN-024,27.3,1010.2,70.0,False,,low,0.0,NORMAL,28.0,1009.0,64.0,HEALTHY,replay,,0.0
2025-01-01T16:00:00+00:00,AWS-CHN-024,26.7,1010.0,73.0,False,,low,0.0,NORMAL,27.1,1008.9,67.0,HEALTHY,replay,,0.0
2025-01-01T17:00:00+00:00,AWS-CHN-024,25.8,1010.3,78.0,False,,low,0.0,NORMAL,25.9,1009.2,75.0,HEALTHY,replay,,0.0
2025-01-01T18:00:00+00:00,AWS-CHN-024,,1010.8,84.0,True,dropout,critical,100.0,RULE_ENGINE_BYPASS,25.1,1009.8,84.0,OFFLINE,replay,,100.0
2025-01-01T19:00:00+00:00,AWS-CHN-024,25.4,1012.1,84.0,False,,low,0.0,NORMAL,24.4,1011.0,88.0,OFFLINE,replay,,0.0
2025-01-01T20:00:00+00:00,AWS-CHN-024,25.3,1012.7,84.0,False,,low,0.0,NORMAL,24.3,1011.5,89.0,OFFLINE,replay,,0.0
2025-01-01T21:00:00+00:00,AWS-CHN-024,25.3,1013.3,83.0,False,,low,0.0,NORMAL,24.0,1012.2,90.0,HEALTHY,replay,,0.0
2025-01-01T22:00:00+00:00,AWS-CHN-024,25.2,1013.3,79.0,False,,low,0.0,NORMAL,23.3,1012.1,93.0,OFFLINE,replay,,0.0
2025-01-01T23:00:00+00:00,AWS-CHN-024,24.8,1012.7,79.0,False,,low,0.0,NORMAL,23.2,1011.6,91.0,OFFLINE,replay,,0.0
2025-01-02T00:00:00+00:00,AWS-CHN-024,24.5,1012.0,79.0,False,,low,0.0,NORMAL,22.6,1010.9,91.0,OFFLINE,replay,,0.0
2025-01-02T01:00:00+00:00,AWS-CHN-024,34.76533681998681,1011.0876619653704,100.0,True,multivariate_inconsistency,low,50.9,FUSED_CONSENSUS,22.1,1010.3,94.0,OFFLINE,replay,,50.9
2025-01-02T02:00:00+00:00,AWS-CHN-024,34.56533681998681,1010.5419549612236,100.0,True,multivariate_inconsistency,low,50.6,FUSED_CONSENSUS,22.2,1009.6,93.0,OFFLINE,replay,,50.6
2025-01-02T03:00:00+00:00,AWS-CHN-024,34.36533681998681,1010.7261334307932,100.0,True,multivariate_inconsistency,low,50.2,FUSED_CONSENSUS,22.1,1009.3,93.0,OFFLINE,replay,,50.2
2025-01-02T04:00:00+00:00,AWS-CHN-024,34.06533681998681,1010.520818110836,100.0,True,multivariate_inconsistency,low,49.7,FUSED_CONSENSUS,21.4,1009.3,93.0,OFFLINE,replay,,49.7
2025-01-02T05:00:00+00:00,AWS-CHN-024,23.2,1010.8,81.0,False,,low,0.0,NORMAL,20.9,1009.8,94.0,OFFLINE,replay,,0.0
2025-01-02T06:00:00+00:00,AWS-CHN-024,23.9,1011.8,83.0,False,,low,0.0,NORMAL,22.2,1010.6,97.0,OFFLINE,replay,,0.0
2025-01-02T07:00:00+00:00,AWS-CHN-024,24.4,1012.8,81.0,False,,low,0.0,NORMAL,23.1,1011.7,93.0,HEALTHY,replay,,0.0
2025-01-02T08:00:00+00:00,AWS-CHN-024,25.9,1013.7,70.0,False,,low,0.0,NORMAL,25.2,1012.5,84.0,OFFLINE,replay,,0.0
2025-01-02T09:00:00+00:00,AWS-CHN-024,26.7,1014.2,63.0,False,,low,0.0,NORMAL,26.7,1013.1,69.0,OFFLINE,replay,,0.0
2025-01-02T10:00:00+00:00,AWS-CHN-024,27.2,1014.2,61.0,False,,low,0.0,NORMAL,27.4,1013.0,61.0,OFFLINE,replay,,0.0
2025-01-02T11:00:00+00:00,AWS-CHN-024,27.6,1013.7,59.0,False,,low,0.0,NORMAL,28.2,1012.5,58.0,HEALTHY,replay,,0.0
2025-01-02T12:00:00+00:00,AWS-CHN-024,27.9,1012.9,58.0,False,,low,0.0,NORMAL,28.3,1011.7,57.0,WARNING,replay,,0.0
2025-01-02T13:00:00+00:00,AWS-CHN-024,27.7,1011.9,57.0,False,,low,0.0,NORMAL,28.4,1010.7,55.0,WARNING,replay,,0.0
2025-01-02T14:00:00+00:00,AWS-CHN-024,27.6,1011.0,57.0,False,,low,0.0,NORMAL,28.1,1009.8,55.0,WARNING,replay,,0.0
2025-01-02T15:00:00+00:00,AWS-CHN-024,27.1,1010.7,59.0,False,,low,2.6,NORMAL,27.6,1009.5,56.0,WARNING,replay,4.3,0.0
2025-01-02T16:00:00+00:00,AWS-CHN-024,26.7,1010.6,61.0,False,,low,1.7,NORMAL,26.9,1009.5,59.0,WARNING,replay,2.8,0.0
2025-01-02T17:00:00+00:00,AWS-CHN-024,25.8,1011.1,67.0,False,,low,1.2,NORMAL,25.7,1010.1,66.0,WARNING,replay,2.0,0.0
2025-01-02T18:00:00+00:00,AWS-CHN-024,25.4,1011.4,74.0,False,,low,1.5,NORMAL,24.8,1010.3,77.0,WARNING,replay,2.5,0.0
2025-01-02T19:00:00+00:00,AWS-CHN-024,24.9,1012.5,78.0,False,,low,1.1,NORMAL,23.7,1011.4,82.0,WARNING,replay,1.8,0.0
2025-01-02T20:00:00+00:00,AWS-CHN-024,24.6,1013.2,80.0,False,,low,1.0,NORMAL,23.2,1012.0,82.0,WARNING,replay,1.7,0.0
2025-01-02T21:00:00+00:00,AWS-CHN-024,24.5,1013.6,80.0,False,,low,0.9,NORMAL,23.2,1012.4,82.0,WARNING,replay,1.5,0.0
2025-01-02T22:00:00+00:00,AWS-CHN-024,24.4,1013.5,79.0,False,,low,1.0,NORMAL,22.8,1012.5,84.0,WARNING,replay,1.6,0.0
2025-01-02T23:00:00+00:00,AWS-CHN-024,24.4,1013.4,77.0,False,,low,0.9,NORMAL,22.3,1012.3,86.0,WARNING,replay,1.5,0.0
2025-01-03T00:00:00+00:00,AWS-CHN-024,24.4,1013.0,75.0,False,,low,1.3,NORMAL,22.5,1011.9,86.0,WARNING,replay,2.1,0.0
2025-01-03T01:00:00+00:00,AWS-CHN-024,24.2,1012.2,74.0,False,,low,5.3,NORMAL,22.3,1011.1,87.0,WARNING,replay,8.8,0.0
2025-01-03T02:00:00+00:00,AWS-CHN-024,24.0,1011.5,74.0,False,,low,2.0,NORMAL,22.0,1010.4,86.0,OFFLINE,replay,3.3,0.0
2025-01-03T03:00:00+00:00,AWS-CHN-024,24.0,1011.1,74.0,False,,low,4.4,NORMAL,22.0,1010.0,87.0,OFFLINE,replay,7.3,0.0
2025-01-03T04:00:00+00:00,AWS-CHN-024,23.5,1011.0,75.0,False,,low,7.6,NORMAL,21.6,1010.0,88.0,OFFLINE,replay,12.7,0.0
2025-01-03T05:00:00+00:00,AWS-CHN-024,23.3,1011.3,75.0,False,,low,6.3,NORMAL,21.0,1010.2,91.0,OFFLINE,replay,10.6,0.0
2025-01-03T06:00:00+00:00,AWS-CHN-024,22.9,1012.5,80.0,False,,low,5.7,NORMAL,21.7,1011.4,93.0,HEALTHY,replay,9.6,0.0
2025-01-03T07:00:00+00:00,AWS-CHN-024,23.3,1013.7,82.0,False,,low,3.8,NORMAL,22.7,1012.5,88.0,OFFLINE,replay,6.4,0.0
2025-01-03T08:00:00+00:00,AWS-CHN-024,24.8,1014.4,80.0,False,,low,3.3,NORMAL,24.6,1013.3,80.0,OFFLINE,replay,5.5,0.0
2025-01-03T09:00:00+00:00,AWS-CHN-024,26.8,1014.8,71.0,False,,low,5.0,NORMAL,26.3,1013.8,68.0,OFFLINE,replay,8.3,0.0
2025-01-03T10:00:00+00:00,AWS-CHN-024,27.8,1014.6,57.0,False,,low,11.9,NORMAL,27.5,1013.5,63.0,HEALTHY,replay,19.8,0.0
2025-01-03T11:00:00+00:00,AWS-CHN-024,28.0,0.0281910080841468,55.0,True,spike,high,82.7,RULE_ENGINE_BYPASS,28.1,1013.0,57.0,WARNING,replay,71.2,100.0
2025-01-03T12:00:00+00:00,AWS-CHN-024,28.3,0.0096185656277487,53.0,True,spike,critical,91.4,RULE_ENGINE_BYPASS,28.5,1011.9,54.0,WARNING,replay,85.7,100.0
2025-01-03T13:00:00+00:00,AWS-CHN-024,28.3,-0.0665305623017412,53.0,True,spike,critical,92.7,RULE_ENGINE_BYPASS,28.8,1011.1,53.0,WARNING,replay,87.8,100.0
2025-01-03T14:00:00+00:00,AWS-CHN-024,28.1,0.0355091090530763,52.0,True,spike,critical,93.3,RULE_ENGINE_BYPASS,28.5,1010.1,53.0,OFFLINE,replay,88.8,100.0
2025-01-03T15:00:00+00:00,AWS-CHN-024,27.7,1010.8,53.0,False,,low,10.0,NORMAL,27.8,1009.6,54.0,OFFLINE,replay,16.6,0.0
2025-01-03T16:00:00+00:00,AWS-CHN-024,27.0,1010.7,56.0,False,,low,17.0,NORMAL,27.0,1009.5,56.0,OFFLINE,replay,28.4,0.0
2025-01-03T17:00:00+00:00,AWS-CHN-024,26.0,1010.7,62.0,False,,low,16.4,NORMAL,25.6,1009.6,63.0,WARNING,replay,27.3,0.0
2025-01-03T18:00:00+00:00,AWS-CHN-024,25.1,1011.2,71.0,False,,low,8.6,NORMAL,24.0,1010.1,74.0,OFFLINE,replay,14.4,0.0
2025-01-03T19:00:00+00:00,AWS-CHN-024,24.7,1012.0,74.0,False,,low,7.0,NORMAL,23.3,1010.9,80.0,OFFLINE,replay,11.6,0.0
2025-01-03T20:00:00+00:00,AWS-CHN-024,24.4,1012.4,75.0,False,,low,9.4,NORMAL,22.7,1011.3,84.0,OFFLINE,replay,15.6,0.0
2025-01-03T21:00:00+00:00,AWS-CHN-024,24.4,1012.6,75.0,False,,low,8.8,NORMAL,22.4,1011.5,84.0,WARNING,replay,14.7,0.0
2025-01-03T22:00:00+00:00,AWS-CHN-024,24.2,1012.4,75.0,False,,low,3.7,NORMAL,21.8,1011.3,87.0,WARNING,replay,6.2,0.0
2025-01-03T23:00:00+00:00,AWS-CHN-024,23.9,1012.0,76.0,False,,low,2.8,NORMAL,21.5,1010.9,88.0,WARNING,replay,4.6,0.0
2025-01-04T00:00:00+00:00,AWS-CHN-024,23.6,1011.6,78.0,False,,low,2.1,NORMAL,21.2,1010.5,89.0,WARNING,replay,3.5,0.0
2025-01-04T01:00:00+00:00,AWS-CHN-024,23.4,1011.2,79.0,False,,low,2.0,NORMAL,21.0,1010.1,89.0,WARNING,replay,3.4,0.0
2025-01-04T02:00:00+00:00,AWS-CHN-024,23.2,1010.5,79.0,False,,low,1.2,NORMAL,20.6,1009.4,91.0,WARNING,replay,2.0,0.0
2025-01-04T03:00:00+00:00,AWS-CHN-024,22.4,1010.1,83.0,False,,low,4.2,NORMAL,20.3,1009.0,93.0,WARNING,replay,6.9,0.0
2025-01-04T04:00:00+00:00,AWS-CHN-024,21.9,1010.2,86.0,False,,low,2.8,NORMAL,20.1,1009.1,95.0,WARNING,replay,4.7,0.0
2025-01-04T05:00:00+00:00,AWS-CHN-024,21.6,1010.8,89.0,False,,low,2.8,NORMAL,19.9,1009.7,96.0,WARNING,replay,4.7,0.0
2025-01-04T06:00:00+00:00,AWS-CHN-024,22.1,1011.8,90.0,False,,low,2.7,NORMAL,20.8,1010.7,95.0,WARNING,replay,4.5,0.0
2025-01-04T07:00:00+00:00,AWS-CHN-024,22.9,1012.6,90.0,False,,low,2.6,NORMAL,21.8,1011.5,93.0,WARNING,replay,4.4,0.0
2025-01-04T08:00:00+00:00,AWS-CHN-024,24.4,1013.3,84.0,False,,low,1.9,NORMAL,23.9,1012.2,84.0,WARNING,replay,3.2,0.0
2025-01-04T09:00:00+00:00,AWS-CHN-024,26.0,1014.0,74.0,False,,low,2.0,NORMAL,25.6,1012.9,73.0,WARNING,replay,3.4,0.0
2025-01-04T10:00:00+00:00,AWS-CHN-024,27.2,1013.8,59.0,False,,low,23.3,NORMAL,26.7,1012.8,64.0,WARNING,replay,38.8,0.0
2025-01-04T11:00:00+00:00,AWS-CHN-024,27.5,1013.2,56.0,False,,low,5.4,NORMAL,27.6,1012.0,59.0,HEALTHY,replay,9.1,0.0
2025-01-04T12:00:00+00:00,AWS-CHN-024,27.7,1012.2,55.0,False,,low,6.3,NORMAL,27.8,1011.0,57.0,HEALTHY,replay,10.5,0.0
2025-01-04T13:00:00+00:00,AWS-CHN-024,27.6,1011.1,55.0,False,,low,11.5,NORMAL,28.2,1009.8,55.0,HEALTHY,replay,19.1,0.0
2025-01-04T14:00:00+00:00,AWS-CHN-024,27.6,1010.1,54.0,False,,low,20.0,NORMAL,27.9,1008.8,54.0,HEALTHY,replay,33.4,0.0
2025-01-04T15:00:00+00:00,AWS-CHN-024,27.4,1009.7,53.0,False,,low,8.0,NORMAL,27.3,1008.6,54.0,HEALTHY,replay,13.3,0.0
2025-01-04T16:00:00+00:00,AWS-CHN-024,26.9,1009.7,53.0,False,,low,2.8,NORMAL,26.7,1008.5,57.0,HEALTHY,replay,4.7,0.0
2025-01-04T17:00:00+00:00,AWS-CHN-024,25.9,1009.9,62.0,False,,low,1.3,NORMAL,25.4,1008.8,63.0,HEALTHY,replay,2.2,0.0
2025-01-04T18:00:00+00:00,AWS-CHN-024,25.2,1010.4,70.0,False,,low,1.1,NORMAL,23.9,1009.3,72.0,HEALTHY,replay,1.9,0.0
2025-01-04T19:00:00+00:00,AWS-CHN-024,24.9,1011.6,72.0,False,,low,1.4,NORMAL,23.4,1010.4,76.0,HEALTHY,replay,2.3,0.0
2025-01-04T20:00:00+00:00,AWS-CHN-024,24.4,1012.2,75.0,False,,low,0.5,NORMAL,22.8,1011.0,80.0,HEALTHY,replay,0.8,0.0
2025-01-04T21:00:00+00:00,AWS-CHN-024,24.0,1012.6,78.0,False,,low,0.2,NORMAL,22.3,1011.5,81.0,HEALTHY,replay,0.3,0.0
2025-01-04T22:00:00+00:00,AWS-CHN-024,24.0,1012.7,77.0,False,,low,0.2,NORMAL,22.0,1011.6,83.0,HEALTHY,replay,0.3,0.0
2025-01-04T23:00:00+00:00,AWS-CHN-024,23.9,1012.3,77.0,False,,low,0.2,NORMAL,21.5,1011.2,85.0,HEALTHY,replay,0.3,0.0
2025-01-05T00:00:00+00:00,AWS-CHN-024,23.7,1011.8,78.0,False,,low,0.2,NORMAL,21.7,1010.7,85.0,HEALTHY,replay,0.4,0.0
2025-01-05T01:00:00+00:00,AWS-CHN-024,23.1,1011.2,82.0,False,,low,0.2,NORMAL,22.0,1010.1,84.0,HEALTHY,replay,0.3,0.0
2025-01-05T02:00:00+00:00,AWS-CHN-024,22.4,1010.9,84.0,False,,low,0.3,NORMAL,21.5,1009.8,87.0,HEALTHY,replay,0.5,0.0
2025-01-05T03:00:00+00:00,AWS-CHN-024,22.2,1010.8,85.0,False,,low,0.3,NORMAL,20.7,1009.7,89.0,HEALTHY,replay,0.4,0.0
2025-01-05T04:00:00+00:00,AWS-CHN-024,21.6,1011.0,87.0,False,,low,0.2,NORMAL,20.4,1009.8,91.0,HEALTHY,replay,0.3,0.0
2025-01-05T05:00:00+00:00,AWS-CHN-024,21.4,1011.3,88.0,False,,low,0.2,NORMAL,20.0,1010.2,92.0,HEALTHY,replay,0.3,0.0
2025-01-05T06:00:00+00:00,AWS-CHN-024,21.9,1012.3,93.0,False,,low,0.4,NORMAL,21.2,1011.1,95.0,HEALTHY,replay,0.6,0.0
2025-01-05T07:00:00+00:00,AWS-CHN-024,22.6,1013.1,90.0,False,,low,0.4,NORMAL,22.2,1012.0,91.0,HEALTHY,replay,0.7,0.0
2025-01-05T08:00:00+00:00,AWS-CHN-024,24.4,1013.9,82.0,False,,low,0.8,NORMAL,23.9,1012.7,84.0,HEALTHY,replay,1.3,0.0
2025-01-05T09:00:00+00:00,AWS-CHN-024,26.1,1014.1,72.0,False,,low,0.9,NORMAL,25.9,1013.0,73.0,HEALTHY,replay,1.5,0.0
2025-01-05T10:00:00+00:00,AWS-CHN-024,27.2,1013.8,64.0,False,,low,0.8,NORMAL,27.0,1012.7,63.0,HEALTHY,replay,1.3,0.0
2025-01-05T11:00:00+00:00,AWS-CHN-024,28.0,1013.2,56.0,False,,low,1.1,NORMAL,27.8,1012.0,60.0,HEALTHY,replay,1.9,0.0
2025-01-05T12:00:00+00:00,AWS-CHN-024,28.3,1012.2,51.0,False,,low,1.3,NORMAL,28.0,1011.0,58.0,HEALTHY,replay,2.2,0.0
2025-01-05T13:00:00+00:00,AWS-CHN-024,28.1,1011.2,51.0,False,,low,0.8,NORMAL,28.1,1010.0,56.0,HEALTHY,replay,1.4,0.0
2025-01-05T14:00:00+00:00,AWS-CHN-024,27.9,1010.2,51.0,False,,low,0.8,NORMAL,28.2,1008.9,55.0,HEALTHY,replay,1.3,0.0
2025-01-05T15:00:00+00:00,AWS-CHN-024,27.6,1009.8,51.0,False,,low,0.4,NORMAL,27.6,1008.5,54.0,HEALTHY,replay,0.6,0.0
2025-01-05T16:00:00+00:00,AWS-CHN-024,27.1,1009.8,52.0,False,,low,0.4,NORMAL,26.8,1008.6,56.0,HEALTHY,replay,0.6,0.0
2025-01-05T17:00:00+00:00,AWS-CHN-024,26.1,1010.3,57.0,False,,low,0.2,NORMAL,25.3,1009.2,62.0,HEALTHY,replay,0.3,0.0
2025-01-05T18:00:00+00:00,AWS-CHN-024,25.7,1010.4,70.0,False,,low,1.6,NORMAL,24.6,1009.3,70.0,HEALTHY,replay,2.7,0.0
2025-01-05T19:00:00+00:00,AWS-CHN-024,24.9,1011.4,75.0,False,,low,0.3,NORMAL,23.7,1010.2,77.0,HEALTHY,replay,0.5,0.0
2025-01-05T20:00:00+00:00,AWS-CHN-024,24.2,1012.2,78.0,False,,low,0.2,NORMAL,23.1,1011.1,80.0,HEALTHY,replay,0.4,0.0
2025-01-05T21:00:00+00:00,AWS-CHN-024,24.3,1012.8,76.0,False,,low,0.2,NORMAL,22.3,1011.7,83.0,HEALTHY,replay,0.3,0.0
2025-01-05T22:00:00+00:00,AWS-CHN-024,24.8,1013.0,69.0,False,,low,0.3,NORMAL,21.7,1011.9,85.0,HEALTHY,replay,0.5,0.0
2025-01-05T23:00:00+00:00,AWS-CHN-024,24.2,1012.3,70.0,False,,low,0.1,NORMAL,21.4,1011.2,85.0,HEALTHY,replay,0.2,0.0
2025-01-06T00:00:00+00:00,AWS-CHN-024,23.3,1011.8,75.0,False,,low,0.1,NORMAL,21.7,1010.7,82.0,HEALTHY,replay,0.2,0.0
2025-01-06T01:00:00+00:00,AWS-CHN-024,23.1,1011.1,76.0,False,,low,0.1,NORMAL,21.6,1009.9,81.0,HEALTHY,replay,0.2,0.0
2025-01-06T02:00:00+00:00,AWS-CHN-024,22.9,1010.5,76.0,False,,low,0.2,NORMAL,21.1,1009.4,84.0,HEALTHY,replay,0.3,0.0
2025-01-06T03:00:00+00:00,AWS-CHN-024,22.3,1010.2,79.0,False,,low,0.1,NORMAL,20.4,1009.1,88.0,HEALTHY,replay,0.2,0.0
2025-01-06T04:00:00+00:00,AWS-CHN-024,21.9,1010.3,81.0,False,,low,0.1,NORMAL,19.8,1009.2,89.0,HEALTHY,replay,0.2,0.0
2025-01-06T05:00:00+00:00,AWS-CHN-024,21.7,1010.6,80.0,False,,low,0.1,NORMAL,19.4,1009.6,90.0,HEALTHY,replay,0.2,0.0
2025-01-06T06:00:00+00:00,AWS-CHN-024,23.0,1011.1,86.0,False,,low,0.9,NORMAL,22.3,1010.0,87.0,HEALTHY,replay,1.4,0.0
2025-01-06T07:00:00+00:00,AWS-CHN-024,17.585411608474487,1018.8014949549624,66.30596537573604,True,multivariate_inconsistency,high,76.1,MODEL_OVERRIDE,22.9,1011.0,87.0,HEALTHY,replay,96.8,45.0
2025-01-06T08:00:00+00:00,AWS-CHN-024,30.52419003223945,1006.4768524226336,61.96322291092521,True,unstructured_anomaly,critical,97.8,ML_MODEL_ISOLATION,24.3,1012.1,79.0,HEALTHY,replay,97.8,0.0
2025-01-06T09:00:00+00:00,AWS-CHN-024,19.831929315654055,1021.2848296811856,89.94508303886647,False,,low,35.8,NORMAL,26.1,1012.6,68.0,HEALTHY,replay,59.7,0.0
2025-01-06T10:00:00+00:00,AWS-CHN-024,32.93896835511361,1004.84364883522,47.47335546150625,True,unstructured_anomaly,critical,99.2,ML_MODEL_ISOLATION,27.2,1012.4,63.0,HEALTHY,replay,99.2,0.0
2025-01-06T11:00:00+00:00,AWS-CHN-024,21.03657202139226,1020.024059358612,40.66163755750405,True,multivariate_inconsistency,high,76.4,MODEL_OVERRIDE,27.2,1011.6,63.0,HEALTHY,replay,97.3,45.0
2025-01-06T12:00:00+00:00,AWS-CHN-024,22.65326068283509,1019.297937584266,68.72858322839471,False,,low,32.3,NORMAL,27.7,1010.3,62.0,HEALTHY,replay,53.8,0.0
2025-01-06T13:00:00+00:00,AWS-CHN-024,22.52072997427233,1017.2296946059668,39.15148732243179,True,multivariate_inconsistency,high,75.3,MODEL_OVERRIDE,27.8,1008.9,61.0,HEALTHY,replay,95.5,45.0
2025-01-06T14:00:00+00:00,AWS-CHN-024,34.24038135122039,1002.6115566795812,38.58409605296596,True,unstructured_anomaly,critical,99.6,ML_MODEL_ISOLATION,28.3,1008.1,58.0,HEALTHY,replay,99.6,0.0
2025-01-06T15:00:00+00:00,AWS-CHN-024,28.4,1009.2,52.0,False,,low,41.6,NORMAL,28.1,1008.1,58.0,HEALTHY,replay,69.3,0.0
2025-01-06T16:00:00+00:00,AWS-CHN-024,27.7,1009.3,53.0,False,,low,16.6,NORMAL,27.5,1008.1,59.0,WARNING,replay,27.7,0.0
2025-01-06T17:00:00+00:00,AWS-CHN-024,26.6,1009.8,58.0,False,,low,9.3,NORMAL,26.1,1008.6,65.0,OFFLINE,replay,15.6,0.0
2025-01-06T18:00:00+00:00,AWS-CHN-024,25.6,1010.2,70.0,False,,low,16.9,NORMAL,24.7,1009.1,74.0,OFFLINE,replay,28.2,0.0
2025-01-06T19:00:00+00:00,AWS-CHN-024,25.3,1011.1,73.0,False,,low,14.7,NORMAL,23.9,1010.0,77.0,OFFLINE,replay,24.5,0.0
2025-01-06T20:00:00+00:00,AWS-CHN-024,25.0,1011.8,75.0,False,,low,8.6,NORMAL,23.2,1010.6,80.0,WARNING,replay,14.3,0.0
2025-01-06T21:00:00+00:00,AWS-CHN-024,24.8,1012.3,77.0,False,,low,2.7,NORMAL,22.8,1011.2,83.0,WARNING,replay,4.5,0.0
2025-01-06T22:00:00+00:00,AWS-CHN-024,24.7,1012.2,79.0,False,,low,6.2,NORMAL,22.6,1011.0,84.0,WARNING,replay,10.3,0.0
2025-01-06T23:00:00+00:00,AWS-CHN-024,16.080579340230138,1011.8,82.0,False,,low,46.2,NORMAL,22.5,1010.7,86.0,WARNING,replay,77.0,0.0
2025-01-07T00:00:00+00:00,AWS-CHN-024,24.4,1011.4,83.0,False,multivariate_inconsistency,low,29.3,NORMAL,22.3,1010.3,90.0,WARNING,replay,18.9,45.0
2025-01-07T01:00:00+00:00,AWS-CHN-024,24.2,1011.1,83.0,False,,low,4.4,NORMAL,22.2,1010.0,91.0,WARNING,replay,7.3,0.0
2025-01-07T02:00:00+00:00,AWS-CHN-024,24.0,1010.6,84.0,False,,low,1.9,NORMAL,22.1,1009.5,92.0,WARNING,replay,3.2,0.0
2025-01-07T03:00:00+00:00,AWS-CHN-024,23.6,1010.3,86.0,False,,low,0.9,NORMAL,21.9,1009.2,94.0,WARNING,replay,1.5,0.0
2025-01-07T04:00:00+00:00,AWS-CHN-024,23.1,1010.4,88.0,False,,low,1.0,NORMAL,21.7,1009.3,94.0,WARNING,replay,1.7,0.0
2025-01-07T05:00:00+00:00,AWS-CHN-024,22.8,1011.1,89.0,False,,low,1.1,NORMAL,21.6,1009.9,94.0,WARNING,replay,1.9,0.0
2025-01-07T06:00:00+00:00,AWS-CHN-024,22.9,1011.8,93.0,False,,low,1.1,NORMAL,22.2,1010.7,97.0,WARNING,replay,1.9,0.0
2025-01-07T07:00:00+00:00,AWS-CHN-024,23.1,1012.8,91.0,False,,low,1.3,NORMAL,22.7,1011.6,94.0,WARNING,replay,2.1,0.0
2025-01-07T08:00:00+00:00,AWS-CHN-024,24.0,1013.5,87.0,False,,low,1.3,NORMAL,24.2,1012.3,88.0,WARNING,replay,2.2,0.0
2025-01-07T09:00:00+00:00,AWS-CHN-024,25.3,1013.5,78.0,False,,low,2.4,NORMAL,25.5,1012.3,79.0,WARNING,replay,4.1,0.0
2025-01-07T10:00:00+00:00,AWS-CHN-024,26.3,1013.4,71.0,False,,low,3.8,NORMAL,26.4,1012.3,73.0,WARNING,replay,6.3,0.0
2025-01-07T11:00:00+00:00,AWS-CHN-024,26.9,1012.8,67.0,False,,low,3.2,NORMAL,27.2,1011.6,68.0,WARNING,replay,5.4,0.0
2025-01-07T12:00:00+00:00,AWS-CHN-024,26.7,1011.8,68.0,False,,low,1.7,NORMAL,27.8,1010.5,65.0,WARNING,replay,2.9,0.0
2025-01-07T13:00:00+00:00,AWS-CHN-024,27.0,1010.7,67.74915963626839,False,,low,3.2,NORMAL,27.3,1009.5,67.0,HEALTHY,replay,5.4,0.0
2025-01-07T14:00:00+00:00,AWS-CHN-024,27.3,1009.7,64.49831927253678,False,,low,8.0,NORMAL,27.4,1008.5,64.0,HEALTHY,replay,13.3,0.0
2025-01-07T15:00:00+00:00,AWS-CHN-024,26.9,1009.3,64.24747890880516,False,,low,3.4,NORMAL,27.0,1008.2,64.0,HEALTHY,replay,5.7,0.0
2025-01-07T16:00:00+00:00,AWS-CHN-024,26.5,1009.4,63.99663854507356,False,,low,14.6,NORMAL,26.8,1008.2,65.0,HEALTHY,replay,24.4,0.0
2025-01-07T17:00:00+00:00,AWS-CHN-024,25.7,1009.6,68.74579818134195,False,,low,3.2,NORMAL,25.5,1008.5,69.0,HEALTHY,replay,5.3,0.0
2025-01-07T18:00:00+00:00,AWS-CHN-024,25.4,1010.1,77.49495781761034,False,,low,2.7,NORMAL,24.7,1009.0,77.0,HEALTHY,replay,4.5,0.0
2025-01-07T19:00:00+00:00,AWS-CHN-024,25.1,1010.9,80.24411745387873,False,,low,1.4,NORMAL,24.0,1009.7,80.0,HEALTHY,replay,2.4,0.0
2025-01-07T20:00:00+00:00,AWS-CHN-024,24.9,1011.5,81.99327709014712,False,,low,0.4,NORMAL,23.6,1010.4,82.0,HEALTHY,replay,0.6,0.0
2025-01-07T21:00:00+00:00,AWS-CHN-024,24.8,1011.8,81.7424367264155,False,,low,0.3,NORMAL,23.3,1010.6,83.0,HEALTHY,replay,0.4,0.0
2025-01-07T22:00:00+00:00,AWS-CHN-024,24.6,1011.6,82.4915963626839,False,,low,0.3,NORMAL,22.9,1010.4,84.0,HEALTHY,replay,0.5,0.0
2025-01-07T23:00:00+00:00,AWS-CHN-024,24.3,1011.4,83.2407559989523,False,,low,2.5,NORMAL,22.4,1010.3,85.0,HEALTHY,replay,4.2,0.0
2025-01-08T00:00:00+00:00,AWS-CHN-024,24.1,1011.0,83.98991563522068,False,,low,0.9,NORMAL,22.1,1009.9,85.0,HEALTHY,replay,1.5,0.0
2025-01-08T01:00:00+00:00,AWS-CHN-024,23.7,1010.3,85.73907527148907,False,,low,0.6,NORMAL,21.4,1009.2,87.0,HEALTHY,replay,1.0,0.0
2025-01-08T02:00:00+00:00,AWS-CHN-024,,1009.6,87.48823490775746,True,dropout,critical,100.0,RULE_ENGINE_BYPASS,20.9,1008.5,89.0,HEALTHY,replay,,100.0
2025-01-08T03:00:00+00:00,AWS-CHN-024,22.8,1009.2,90.23739454402585,False,,low,1.7,NORMAL,20.0,1008.1,91.0,HEALTHY,replay,2.8,0.0
2025-01-08T04:00:00+00:00,AWS-CHN-024,22.1,1009.1,93.98655418029423,False,,low,0.9,NORMAL,19.5,1008.0,92.0,HEALTHY,replay,1.5,0.0
2025-01-08T05:00:00+00:00,AWS-CHN-024,21.4,1009.6,97.73571381656262,False,,low,0.8,NORMAL,19.0,1008.5,95.0,HEALTHY,replay,1.3,0.0
2025-01-08T06:00:00+00:00,AWS-CHN-024,22.4,1010.3,94.48487345283102,False,,low,0.3,NORMAL,20.0,1009.2,97.0,HEALTHY,replay,0.5,0.0
2025-01-08T07:00:00+00:00,AWS-CHN-024,22.8,0.0291579478355153,94.2340330890994,True,spike,high,88.5,RULE_ENGINE_BYPASS,21.0,1010.5,95.0,HEALTHY,replay,80.8,100.0
2025-01-08T08:00:00+00:00,AWS-CHN-024,24.5,-0.0358369580512406,89.9831927253678,True,spike,critical,93.6,RULE_ENGINE_BYPASS,23.1,1011.9,86.0,HEALTHY,replay,89.3,100.0
2025-01-08T09:00:00+00:00,AWS-CHN-024,26.2,-0.093599202579407,65.0,True,spike,critical,99.0,RULE_ENGINE_BYPASS,25.2,1012.3,75.0,HEALTHY,replay,98.3,100.0
2025-01-08T10:00:00+00:00,AWS-CHN-024,27.3,0.0094346044714172,53.0,True,spike,critical,99.1,RULE_ENGINE_BYPASS,26.8,1012.3,64.0,OFFLINE,replay,98.5,100.0
2025-01-08T11:00:00+00:00,AWS-CHN-024,27.8,1012.8,50.0,True,multivariate_inconsistency,medium,66.7,FUSED_CONSENSUS,27.6,1011.7,53.0,OFFLINE,replay,81.2,45.0
2025-01-08T12:00:00+00:00,AWS-CHN-024,28.1,1011.7,51.0,True,unstructured_anomaly,high,89.2,ML_MODEL_ISOLATION,28.1,1010.5,52.0,OFFLINE,replay,89.2,0.0
2025-01-08T13:00:00+00:00,AWS-CHN-024,28.1,1010.8,51.0,False,,low,50.5,NORMAL,28.3,1009.5,49.0,HEALTHY,replay,84.2,0.0
2025-01-08T14:00:00+00:00,AWS-CHN-024,28.0,1010.0,50.0,False,,low,33.8,NORMAL,28.0,1008.7,51.0,OFFLINE,replay,56.3,0.0
2025-01-08T15:00:00+00:00,AWS-CHN-024,27.5,1009.7,53.0,False,,low,24.4,NORMAL,27.4,1008.4,53.0,OFFLINE,replay,40.7,0.0
2025-01-08T16:00:00+00:00,AWS-CHN-024,26.9,1009.8,56.0,False,,low,31.1,NORMAL,26.7,1008.6,54.0,OFFLINE,replay,51.9,0.0
2025-01-08T17:00:00+00:00,AWS-CHN-024,26.3,1010.5,59.0,False,,low,20.1,NORMAL,25.5,1009.4,64.0,HEALTHY,replay,33.4,0.0
2025-01-08T18:00:00+00:00,AWS-CHN-024,25.7,1011.1,64.0,False,,low,3.7,NORMAL,24.1,1010.0,70.0,WARNING,replay,6.1,0.0
2025-01-08T19:00:00+00:00,AWS-CHN-024,25.4,1012.2,65.0,False,,low,2.1,NORMAL,23.0,1011.0,76.0,WARNING,replay,3.5,0.0
2025-01-08T20:00:00+00:00,AWS-CHN-024,25.235360467491567,1012.4,65.0,False,,low,1.1,NORMAL,22.5,1011.3,78.0,WARNING,replay,1.9,0.0
2025-01-08T21:00:00+00:00,AWS-CHN-024,25.20414930199076,1012.8,65.0,False,,low,1.1,NORMAL,22.2,1011.7,80.0,WARNING,replay,1.8,0.0
2025-01-08T22:00:00+00:00,AWS-CHN-024,25.096020354370975,1012.9,65.0,False,,low,0.5,NORMAL,22.4,1011.7,78.0,WARNING,replay,0.8,0.0
2025-01-08T23:00:00+00:00,AWS-CHN-024,25.00707138332472,1012.2,65.0,False,,low,0.3,NORMAL,22.7,1011.1,77.0,WARNING,replay,0.6,0.0
2025-01-09T00:00:00+00:00,AWS-CHN-024,25.034991780811605,1011.5,68.0,False,,low,0.4,NORMAL,21.5,1010.5,80.0,WARNING,replay,0.7,0.0
2025-01-09T01:00:00+00:00,AWS-CHN-024,25.37819586332788,1010.9,67.0,False,,low,0.5,NORMAL,21.3,1009.8,81.0,OFFLINE,replay,0.8,0.0
2025-01-09T02:00:00+00:00,AWS-CHN-024,25.435504081689345,1010.2,65.0,False,,low,0.9,NORMAL,21.0,1009.1,83.0,OFFLINE,replay,1.4,0.0
2025-01-09T03:00:00+00:00,AWS-CHN-024,25.60599255808422,1009.9,65.0,False,,low,1.8,NORMAL,20.8,1008.8,84.0,OFFLINE,replay,3.1,0.0
2025-01-09T04:00:00+00:00,AWS-CHN-024,25.688911119286143,1010.1,67.0,False,,low,1.4,NORMAL,21.6,1009.0,81.0,OFFLINE,replay,2.3,0.0
2025-01-09T05:00:00+00:00,AWS-CHN-024,25.883634176925664,1010.6,,True,dropout,critical,100.0,RULE_ENGINE_BYPASS,21.9,1009.5,80.0,OFFLINE,replay,,100.0
2025-01-09T06:00:00+00:00,AWS-CHN-024,25.88962920117949,1011.7,72.0,False,,low,4.0,NORMAL,21.4,1010.6,90.0,OFFLINE,replay,6.6,0.0
2025-01-09T07:00:00+00:00,AWS-CHN-024,26.7064354067231,1012.5,71.0,False,,low,7.2,NORMAL,22.3,1011.4,87.0,OFFLINE,replay,12.0,0.0
2025-01-09T08:00:00+00:00,AWS-CHN-024,27.83364874207855,1013.5,67.0,False,,low,22.6,NORMAL,24.7,1012.4,81.0,OFFLINE,replay,37.7,0.0
2025-01-09T09:00:00+00:00,AWS-CHN-024,29.170910963517912,1014.1,59.0,False,,low,36.6,NORMAL,26.2,1013.0,69.0,HEALTHY,replay,61.0,0.0
2025-01-09T10:00:00+00:00,AWS-CHN-024,30.11790146242948,1013.8,52.0,False,,low,16.9,NORMAL,27.3,1012.6,58.0,OFFLINE,replay,28.2,0.0
2025-01-09T11:00:00+00:00,AWS-CHN-024,31.07433101072482,1013.0,47.0,False,,low,23.3,NORMAL,28.0,1011.8,53.0,OFFLINE,replay,38.9,0.0
2025-01-09T12:00:00+00:00,AWS-CHN-024,31.43993687983913,1012.2,46.0,True,drift,medium,58.7,FUSED_CONSENSUS,28.2,1010.9,51.0,OFFLINE,replay,59.8,57.1
2025-01-09T13:00:00+00:00,AWS-CHN-024,31.714478967003192,1011.2,46.0,True,drift,high,71.8,RULE_ENGINE_BYPASS,28.3,1009.9,51.0,OFFLINE,replay,58.9,91.2
2025-01-09T14:00:00+00:00,AWS-CHN-024,31.89773667546727,1010.6,46.0,True,drift,high,72.9,RULE_ENGINE_BYPASS,28.2,1009.4,50.0,OFFLINE,replay,60.5,91.5
2025-01-09T15:00:00+00:00,AWS-CHN-024,31.989506369280903,1010.4,45.0,True,drift,high,83.2,RULE_ENGINE_BYPASS,27.6,1009.2,50.0,OFFLINE,replay,77.7,91.5
2025-01-09T16:00:00+00:00,AWS-CHN-024,31.589599272903836,1010.4,49.0,True,drift,high,77.4,RULE_ENGINE_BYPASS,27.0,1009.1,52.0,OFFLINE,replay,68.1,91.5
2025-01-09T17:00:00+00:00,AWS-CHN-024,31.097839720093443,1011.0,54.0,True,drift,medium,61.8,RULE_ENGINE_BYPASS,25.7,1009.8,59.0,OFFLINE,replay,42.0,91.5
2025-01-09T18:00:00+00:00,AWS-CHN-024,31.01406368051575,1011.8,60.0,True,drift,medium,57.6,RULE_ENGINE_BYPASS,24.9,1010.7,66.0,OFFLINE,replay,35.2,91.2
2025-01-09T19:00:00+00:00,AWS-CHN-024,30.738117509703457,1012.8,65.0,True,drift,medium,62.4,RULE_ENGINE_BYPASS,23.9,1011.7,70.0,OFFLINE,replay,43.5,90.6
2025-01-09T20:00:00+00:00,AWS-CHN-024,30.76985688048416,1013.6,68.0,True,drift,high,72.3,RULE_ENGINE_BYPASS,23.4,1012.5,75.0,OFFLINE,replay,60.2,90.5
2025-01-09T21:00:00+00:00,AWS-CHN-024,31.209145863236238,1014.2,68.0,True,drift,high,76.2,RULE_ENGINE_BYPASS,22.9,1013.1,76.0,OFFLINE,replay,66.5,90.9
2025-01-09T22:00:00+00:00,AWS-CHN-024,31.455856129247003,1014.6,69.0,True,drift,high,86.4,RULE_ENGINE_BYPASS,22.7,1013.5,77.0,OFFLINE,replay,83.2,91.1
2025-01-09T23:00:00+00:00,AWS-CHN-024,31.5098662566938,1014.1,70.0,True,drift,high,81.6,RULE_ENGINE_BYPASS,22.3,1013.0,80.0,OFFLINE,replay,75.2,91.2
2025-01-10T00:00:00+00:00,AWS-CHN-024,31.671061122793773,1013.6,71.0,True,drift,high,84.3,RULE_ENGINE_BYPASS,22.0,1012.5,82.0,OFFLINE,replay,79.6,91.4
2025-01-10T01:00:00+00:00,AWS-CHN-024,31.639331368789044,1013.0,74.0,False,,low,43.5,NORMAL,22.0,1011.9,82.0,OFFLINE,replay,72.5,0.0
2025-01-10T02:00:00+00:00,AWS-CHN-024,31.61457292687733,1012.3,77.0,False,,low,48.1,NORMAL,22.1,1011.2,79.0,OFFLINE,replay,80.2,0.0
2025-01-10T03:00:00+00:00,AWS-CHN-024,31.79668660012885,1011.9,78.0,True,drift,high,85.4,RULE_ENGINE_BYPASS,21.9,1010.7,82.0,OFFLINE,replay,81.3,91.5
2025-01-10T04:00:00+00:00,AWS-CHN-024,32.385577687968194,1011.8,77.0,True,drift,high,84.6,RULE_ENGINE_BYPASS,21.4,1010.7,85.0,OFFLINE,replay,79.9,91.5
2025-01-10T05:00:00+00:00,AWS-CHN-024,32.58115565103476,1012.2,80.0,True,drift,high,88.0,RULE_ENGINE_BYPASS,21.4,1011.1,85.0,OFFLINE,replay,85.7,91.5
2025-01-10T06:00:00+00:00,AWS-CHN-024,32.68333381023457,1012.7,85.0,True,drift,high,88.2,RULE_ENGINE_BYPASS,21.7,1011.6,90.0,OFFLINE,replay,86.1,91.3
2025-01-10T07:00:00+00:00,AWS-CHN-024,34.092029075609,1013.4,81.0,True,spike,critical,92.3,MODEL_OVERRIDE,22.7,1012.3,87.0,OFFLINE,replay,93.9,89.9
2025-01-10T08:00:00+00:00,AWS-CHN-024,35.90716170131333,1014.4,76.0,True,spike,critical,93.2,MODEL_OVERRIDE,24.8,1013.3,80.0,OFFLINE,replay,95.4,89.9
2025-01-10T09:00:00+00:00,AWS-CHN-024,37.82865506354685,1014.9,66.0,True,spike,critical,93.5,MODEL_OVERRIDE,26.6,1013.9,73.0,OFFLINE,replay,95.8,89.9
2025-01-10T10:00:00+00:00,AWS-CHN-024,39.15643545873248,1015.0,59.0,True,spike,critical,94.6,MODEL_OVERRIDE,27.5,1013.8,65.0,OFFLINE,replay,97.7,89.9
2025-01-10T11:00:00+00:00,AWS-CHN-024,27.9,1014.3,61.0,False,,low,29.2,NORMAL,27.6,1013.2,65.0,OFFLINE,replay,48.7,0.0
2025-01-10T12:00:00+00:00,AWS-CHN-024,28.0,1013.5,62.0,False,,low,19.0,NORMAL,27.8,1012.4,64.0,OFFLINE,replay,31.6,0.0
2025-01-10T13:00:00+00:00,AWS-CHN-024,28.1,1012.6,62.0,False,,low,16.0,NORMAL,27.5,1011.5,66.0,HEALTHY,replay,26.7,0.0
2025-01-10T14:00:00+00:00,AWS-CHN-024,27.6,1011.9,64.0,False,,low,7.7,NORMAL,27.8,1010.6,66.0,OFFLINE,replay,12.8,0.0
2025-01-10T15:00:00+00:00,AWS-CHN-024,27.5,1011.5,64.0,False,,low,7.9,NORMAL,27.4,1010.3,66.0,OFFLINE,replay,13.2,0.0
2025-01-10T16:00:00+00:00,AWS-CHN-024,26.9,1011.6,67.0,False,,low,15.0,NORMAL,26.7,1010.5,68.0,OFFLINE,replay,25.1,0.0
2025-01-10T17:00:00+00:00,AWS-CHN-024,26.3,1012.3,70.0,False,,low,15.4,NORMAL,25.9,1011.1,72.0,HEALTHY,replay,25.7,0.0
2025-01-10T18:00:00+00:00,AWS-CHN-024,25.8,1012.8,75.0,False,,low,5.4,NORMAL,24.5,1011.7,83.0,WARNING,replay,9.0,0.0
2025-01-10T19:00:00+00:00,AWS-CHN-024,26.0,1013.8,72.0,False,,low,15.5,NORMAL,24.7,1012.7,81.0,WARNING,replay,25.8,0.0
2025-01-10T20:00:00+00:00,AWS-CHN-024,-40.027757752694704,1014.5,73.0,True,spike,critical,94.9,MODEL_OVERRIDE,24.7,1013.4,79.0,WARNING,replay,98.2,89.9
2025-01-10T21:00:00+00:00,AWS-CHN-024,-39.97797862371311,1014.7,74.0,True,spike,critical,94.6,MODEL_OVERRIDE,24.0,1013.6,82.0,WARNING,replay,97.8,89.9
2025-01-10T22:00:00+00:00,AWS-CHN-024,-40.02215439931309,1014.8,77.0,True,spike,critical,94.1,MODEL_OVERRIDE,23.7,1013.6,84.0,WARNING,replay,96.9,89.9
2025-01-10T23:00:00+00:00,AWS-CHN-024,-40.00859905548142,1014.2,76.0,True,spike,critical,91.0,MODEL_OVERRIDE,24.1,1013.1,82.0,OFFLINE,replay,91.7,89.9
2025-01-11T00:00:00+00:00,AWS-CHN-024,25.6,1013.6,76.0,False,,low,4.6,NORMAL,24.4,1012.5,81.0,OFFLINE,replay,7.7,0.0
2025-01-11T01:00:00+00:00,AWS-CHN-024,25.4,1012.9,76.0,False,,low,4.2,NORMAL,24.4,1011.8,81.0,OFFLINE,replay,7.0,0.0
2025-01-11T02:00:00+00:00,AWS-CHN-024,25.2,1012.4,77.0,False,,low,3.5,NORMAL,24.3,1011.3,82.0,HEALTHY,replay,5.8,0.0
2025-01-11T03:00:00+00:00,AWS-CHN-024,24.9,1012.1,78.0,False,,low,2.5,NORMAL,23.8,1010.9,84.0,OFFLINE,replay,4.1,0.0
2025-01-11T04:00:00+00:00,AWS-CHN-024,24.8,1012.2,78.0,False,,low,2.5,NORMAL,23.8,1011.0,84.0,OFFLINE,replay,4.2,0.0
2025-01-11T05:00:00+00:00,AWS-CHN-024,24.6,1012.3,80.0,False,,low,3.8,NORMAL,23.8,1011.2,84.0,OFFLINE,replay,6.3,0.0
2025-01-11T06:00:00+00:00,AWS-CHN-024,25.7,1012.4,70.0,False,,low,8.2,NORMAL,23.8,1011.2,81.0,HEALTHY,replay,13.6,0.0
2025-01-11T07:00:00+00:00,AWS-CHN-024,25.9,1013.4,70.0,False,,low,5.7,NORMAL,24.8,1012.2,77.0,WARNING,replay,9.4,0.0
2025-01-11T08:00:00+00:00,AWS-CHN-024,26.7,1014.5,65.0,False,,low,28.4,NORMAL,26.3,1013.4,69.0,WARNING,replay,47.3,0.0
2025-01-11T09:00:00+00:00,AWS-CHN-024,27.4,1015.2,62.0,False,,low,34.6,NORMAL,27.1,1014.0,65.0,WARNING,replay,57.6,0.0
2025-01-11T10:00:00+00:00,AWS-CHN-024,27.9,1015.2,59.0,False,,low,31.6,NORMAL,27.9,1014.0,62.0,WARNING,replay,52.7,0.0
2025-01-11T11:00:00+00:00,AWS-CHN-024,28.3,1015.1,56.0,False,,low,30.4,NORMAL,28.3,1013.9,61.0,WARNING,replay,50.7,0.0
2025-01-11T12:00:00+00:00,AWS-CHN-024,28.5,1013.8,54.0,False,,low,24.1,NORMAL,28.2,1012.5,60.0,WARNING,replay,40.2,0.0
2025-01-11T13:00:00+00:00,AWS-CHN-024,28.2,1012.5,55.0,False,,low,20.5,NORMAL,28.0,1011.1,59.0,WARNING,replay,34.2,0.0
2025-01-11T14:00:00+00:00,AWS-CHN-024,28.2,1011.7,54.0,False,,low,23.8,NORMAL,27.9,1010.4,59.0,WARNING,replay,39.7,0.0
2025-01-11T15:00:00+00:00,AWS-CHN-024,27.7,1011.4,56.0,False,,low,1.4,NORMAL,27.4,1010.1,60.0,WARNING,replay,2.3,0.0
2025-01-11T16:00:00+00:00,AWS-CHN-024,27.2,1011.5,57.0,False,,low,1.6,NORMAL,26.5,1010.3,61.0,WARNING,replay,2.7,0.0
2025-01-11T17:00:00+00:00,AWS-CHN-024,26.6,1011.9,59.0,False,,low,1.0,NORMAL,25.8,1010.8,66.0,WARNING,replay,1.7,0.0
2025-01-11T18:00:00+00:00,AWS-CHN-024,25.6,1012.4,68.0,False,,low,1.5,NORMAL,24.5,1011.2,73.0,WARNING,replay,2.5,0.0
2025-01-11T19:00:00+00:00,AWS-CHN-024,25.4,1013.3,68.0,False,,low,0.8,NORMAL,23.9,1012.1,77.0,WARNING,replay,1.3,0.0
2025-01-11T20:00:00+00:00,AWS-CHN-024,25.3,1013.9,68.0,False,,low,0.8,NORMAL,23.4,1012.8,79.0,HEALTHY,replay,1.4,0.0
2025-01-11T21:00:00+00:00,AWS-CHN-024,25.5,1024.8479108976803,68.0,False,,low,26.0,NORMAL,23.5,1013.4,79.0,HEALTHY,replay,43.4,0.0
2025-01-11T22:00:00+00:00,AWS-CHN-024,25.2,1018.7359003480964,70.0,False,,low,36.9,NORMAL,23.2,1013.4,79.0,HEALTHY,replay,61.6,0.0
2025-01-11T23:00:00+00:00,AWS-CHN-024,24.8,1016.0339588576304,72.0,False,,low,15.6,NORMAL,22.2,1013.2,83.0,HEALTHY,replay,26.0,0.0
2025-01-12T00:00:00+00:00,AWS-CHN-024,24.7,1014.609793213456,73.0,False,,low,17.5,NORMAL,22.6,1012.8,82.0,HEALTHY,replay,29.1,0.0
2025-01-12T01:00:00+00:00,AWS-CHN-024,24.4,1012.9,73.0,False,,low,15.9,NORMAL,22.2,1011.8,83.0,HEALTHY,replay,26.6,0.0
2025-01-12T02:00:00+00:00,AWS-CHN-024,24.3,1012.1,73.0,False,,low,13.0,NORMAL,21.9,1011.0,85.0,HEALTHY,replay,21.6,0.0
2025-01-12T03:00:00+00:00,AWS-CHN-024,24.1,1011.7,74.0,False,,low,7.3,NORMAL,22.0,1010.7,85.0,OFFLINE,replay,12.2,0.0
2025-01-12T04:00:00+00:00,AWS-CHN-024,24.1,1011.6,74.0,False,,low,7.2,NORMAL,21.9,1010.6,85.0,OFFLINE,replay,11.9,0.0
2025-01-12T05:00:00+00:00,AWS-CHN-024,24.3,1012.2,73.0,False,,low,5.8,NORMAL,22.1,1011.1,83.0,OFFLINE,replay,9.6,0.0
2025-01-12T06:00:00+00:00,AWS-CHN-024,25.4,1012.2,73.0,False,,low,12.6,NORMAL,23.6,1011.1,84.0,OFFLINE,replay,21.0,0.0
2025-01-12T07:00:00+00:00,AWS-CHN-024,25.5,1013.1,71.0,False,,low,9.9,NORMAL,23.9,1012.0,86.0,OFFLINE,replay,16.5,0.0
2025-01-12T08:00:00+00:00,AWS-CHN-024,26.1,1014.2,68.0,False,,low,14.4,NORMAL,24.8,1013.1,84.0,OFFLINE,replay,24.0,0.0
2025-01-12T09:00:00+00:00,AWS-CHN-024,26.4,1014.7,69.0,False,,low,14.9,NORMAL,25.4,1013.6,79.0,WARNING,replay,24.9,0.0
2025-01-12T10:00:00+00:00,AWS-CHN-024,26.4,1014.3,71.0,False,,low,5.0,NORMAL,25.7,1013.1,79.0,OFFLINE,replay,8.3,0.0
2025-01-12T11:00:00+00:00,AWS-CHN-024,26.1,1013.9,73.0,False,,low,4.8,NORMAL,25.6,1012.8,80.0,OFFLINE,replay,8.0,0.0
2025-01-12T12:00:00+00:00,AWS-CHN-024,26.8,1013.0,68.0,False,,low,6.4,NORMAL,25.9,1011.9,74.0,OFFLINE,replay,10.7,0.0
2025-01-12T13:00:00+00:00,AWS-CHN-024,26.4,1012.0,69.0,False,,low,6.7,NORMAL,25.9,1010.9,75.0,WARNING,replay,11.2,0.0
2025-01-12T14:00:00+00:00,AWS-CHN-024,26.5,1011.1,70.0,False,,low,4.7,NORMAL,26.1,1010.0,73.0,WARNING,replay,7.8,0.0
2025-01-12T15:00:00+00:00,AWS-CHN-024,26.0,1010.8,73.0,False,,low,8.1,NORMAL,26.1,1009.6,73.0,WARNING,replay,13.4,0.0
2025-01-12T16:00:00+00:00,AWS-CHN-024,25.9,1010.8,74.0,False,,low,7.7,NORMAL,26.2,1009.6,72.0,WARNING,replay,12.8,0.0
2025-01-12T17:00:00+00:00,AWS-CHN-024,25.7,1011.3,77.0,False,,low,10.3,NORMAL,25.5,1010.2,77.0,WARNING,replay,17.2,0.0
2025-01-12T18:00:00+00:00,AWS-CHN-024,25.6,1011.8,81.0,False,,low,12.7,NORMAL,25.2,1010.7,81.0,WARNING,replay,21.2,0.0
2025-01-12T19:00:00+00:00,AWS-CHN-024,25.7,1012.6,80.0,False,,low,9.0,NORMAL,24.8,1011.4,83.0,WARNING,replay,14.9,0.0
2025-01-12T20:00:00+00:00,AWS-CHN-024,25.6,1013.2,80.0,False,,low,11.0,NORMAL,24.5,1012.1,85.0,WARNING,replay,18.4,0.0
2025-01-12T21:00:00+00:00,AWS-CHN-024,25.4,1013.6,83.0,False,,low,6.9,NORMAL,24.7,1012.5,86.0,WARNING,replay,11.5,0.0
2025-01-12T22:00:00+00:00,AWS-CHN-024,24.8,1013.4,87.0,False,,low,3.8,NORMAL,24.4,1012.3,88.0,WARNING,replay,6.4,0.0
2025-01-12T23:00:00+00:00,AWS-CHN-024,24.8,1013.0,87.0,False,,low,3.9,NORMAL,23.9,1011.9,90.0,OFFLINE,replay,6.5,0.0
2025-01-13T00:00:00+00:00,AWS-CHN-024,24.5,1012.4,89.0,False,,low,6.4,NORMAL,23.7,1011.3,91.0,OFFLINE,replay,10.7,0.0
2025-01-13T01:00:00+00:00,AWS-CHN-024,23.7,1011.5,92.0,False,,low,10.9,NORMAL,23.5,1010.3,93.0,OFFLINE,replay,18.2,0.0
2025-01-13T02:00:00+00:00,AWS-CHN-024,23.6,1010.8,91.0,False,,low,16.6,NORMAL,23.0,1009.7,94.0,OFFLINE,replay,27.7,0.0
2025-01-13T03:00:00+00:00,AWS-CHN-024,23.6,1010.2,93.0,False,,low,25.9,NORMAL,22.7,1009.1,95.0,OFFLINE,replay,43.2,0.0
2025-01-13T04:00:00+00:00,AWS-CHN-024,23.8,1010.1,94.0,False,,low,31.4,NORMAL,22.5,1009.1,96.0,OFFLINE,replay,52.3,0.0
2025-01-13T05:00:00+00:00,AWS-CHN-024,23.8,1010.4,92.0,False,,low,26.7,NORMAL,22.7,1009.3,95.0,OFFLINE,replay,44.5,0.0
2025-01-13T06:00:00+00:00,AWS-CHN-024,24.1,1011.0,94.0,False,,low,33.3,NORMAL,23.5,1009.8,97.0,OFFLINE,replay,55.5,0.0
2025-01-13T07:00:00+00:00,AWS-CHN-024,24.5,1012.0,92.0,False,,low,18.4,NORMAL,23.9,1010.8,95.0,OFFLINE,replay,30.7,0.0
2025-01-13T08:00:00+00:00,AWS-CHN-024,25.2,1012.9,87.0,False,,low,10.5,NORMAL,24.9,1011.8,90.0,OFFLINE,replay,17.5,0.0
2025-01-13T09:00:00+00:00,AWS-CHN-024,25.9,1013.3,82.0,False,,low,10.7,NORMAL,25.9,1012.2,85.0,OFFLINE,replay,17.8,0.0
2025-01-13T10:00:00+00:00,AWS-CHN-024,26.0,1012.9,82.0,False,,low,10.6,NORMAL,27.3,1011.6,77.0,OFFLINE,replay,17.6,0.0
2025-01-13T11:00:00+00:00,AWS-CHN-024,26.4,1012.2,79.0,False,,low,19.1,NORMAL,26.9,1011.0,78.0,OFFLINE,replay,31.9,0.0
2025-01-13T12:00:00+00:00,AWS-CHN-024,26.4,1011.0,80.0,False,,low,27.5,NORMAL,26.8,1009.8,80.0,OFFLINE,replay,45.8,0.0
2025-01-13T13:00:00+00:00,AWS-CHN-024,26.7,1009.8,78.0,False,,low,43.3,NORMAL,26.5,1008.7,80.0,OFFLINE,replay,72.1,0.0
2025-01-13T14:00:00+00:00,AWS-CHN-024,26.9,1009.2,77.0,False,,low,52.3,NORMAL,27.0,1008.0,79.0,OFFLINE,replay,87.1,0.0
2025-01-13T15:00:00+00:00,AWS-CHN-024,26.4,1008.8,81.0,True,unstructured_anomaly,high,88.8,ML_MODEL_ISOLATION,26.5,1007.6,78.0,OFFLINE,replay,88.8,0.0
2025-01-13T16:00:00+00:00,AWS-CHN-024,26.2,1009.2,79.0,True,unstructured_anomaly,high,88.5,ML_MODEL_ISOLATION,26.2,1008.1,81.0,OFFLINE,replay,88.5,0.0
2025-01-13T17:00:00+00:00,AWS-CHN-024,26.1,1009.5,78.0,True,unstructured_anomaly,critical,91.0,ML_MODEL_ISOLATION,25.4,1008.4,83.0,OFFLINE,replay,91.0,0.0
2025-01-13T18:00:00+00:00,AWS-CHN-024,26.1,1010.5,77.0,False,,low,46.1,NORMAL,25.2,1009.4,82.0,OFFLINE,replay,76.9,0.0
2025-01-13T19:00:00+00:00,AWS-CHN-024,26.2,1011.6,77.0,False,,low,43.5,NORMAL,25.1,1010.6,82.0,OFFLINE,replay,72.6,0.0
2025-01-13T20:00:00+00:00,AWS-CHN-024,26.1,1012.0,79.0,False,,low,37.3,NORMAL,25.0,1010.9,82.0,OFFLINE,replay,62.2,0.0
2025-01-13T21:00:00+00:00,AWS-CHN-024,25.9,1012.7,80.0,False,,low,31.9,NORMAL,24.6,1011.6,85.0,OFFLINE,replay,53.2,0.0
2025-01-13T22:00:00+00:00,AWS-CHN-024,25.7,1012.9,81.0,False,,low,16.6,NORMAL,24.6,1011.8,85.0,OFFLINE,replay,27.7,0.0
2025-01-13T23:00:00+00:00,AWS-CHN-024,25.5,1012.4,81.0,False,,low,14.5,NORMAL,24.3,1011.3,87.0,OFFLINE,replay,24.2,0.0
2025-01-14T00:00:00+00:00,AWS-CHN-024,25.2,1011.9,82.0,False,,low,15.7,NORMAL,23.5,1010.8,91.0,OFFLINE,replay,26.2,0.0
2025-01-14T01:00:00+00:00,AWS-CHN-024,24.8,1011.1,85.0,False,,low,18.9,NORMAL,23.1,1010.0,93.0,OFFLINE,replay,31.5,0.0
2025-01-14T02:00:00+00:00,AWS-CHN-024,24.7,1010.5,86.0,False,,low,21.9,NORMAL,22.8,1009.4,94.0,OFFLINE,replay,36.5,0.0
2025-01-14T03:00:00+00:00,AWS-CHN-024,24.7,1009.8,85.0,False,,low,32.0,NORMAL,22.7,1008.7,94.0,OFFLINE,replay,53.3,0.0
2025-01-14T04:00:00+00:00,AWS-CHN-024,24.6,1010.1,84.0,False,,low,32.3,NORMAL,22.5,1009.0,94.0,OFFLINE,replay,53.8,0.0
2025-01-14T05:00:00+00:00,AWS-CHN-024,24.6,1010.8,84.0,False,,low,30.5,NORMAL,22.6,1009.6,94.0,OFFLINE,replay,50.8,0.0
2025-01-14T06:00:00+00:00,AWS-CHN-024,25.1,1011.9,81.0,False,,low,15.3,NORMAL,23.6,1010.8,90.0,OFFLINE,replay,25.5,0.0
2025-01-14T07:00:00+00:00,AWS-CHN-024,25.5,1012.9,79.0,False,,low,19.3,NORMAL,24.5,1011.8,86.0,OFFLINE,replay,32.2,0.0
2025-01-14T08:00:00+00:00,AWS-CHN-024,26.7,1013.8,71.0,False,,low,29.1,NORMAL,26.3,1012.8,78.0,OFFLINE,replay,48.5,0.0
2025-01-14T09:00:00+00:00,AWS-CHN-024,27.3,1014.5,69.0,False,,low,39.3,NORMAL,27.3,1013.3,70.0,OFFLINE,replay,65.5,0.0
2025-01-14T10:00:00+00:00,AWS-CHN-024,27.7,1014.2,67.0,False,,low,40.7,NORMAL,28.2,1013.1,64.0,OFFLINE,replay,67.8,0.0
2025-01-14T11:00:00+00:00,AWS-CHN-024,28.0,1014.0,66.0,False,,low,41.6,NORMAL,28.7,1012.8,63.0,HEALTHY,replay,69.4,0.0
2025-01-14T12:00:00+00:00,AWS-CHN-024,28.2,1013.1,65.0,False,,low,8.6,NORMAL,28.9,1011.9,62.0,OFFLINE,replay,14.3,0.0
2025-01-14T13:00:00+00:00,AWS-CHN-024,28.0,1012.0,65.0,False,,low,7.8,NORMAL,28.9,1010.7,61.0,OFFLINE,replay,13.0,0.0
2025-01-14T14:00:00+00:00,AWS-CHN-024,27.0,1011.3,71.0,False,,low,12.3,NORMAL,28.8,1010.0,60.0,OFFLINE,replay,20.4,0.0
2025-01-14T15:00:00+00:00,AWS-CHN-024,27.1,1010.9,70.0,False,,low,14.1,NORMAL,27.5,1009.7,67.0,HEALTHY,replay,23.5,0.0
2025-01-14T16:00:00+00:00,AWS-CHN-024,27.1,1011.1,68.0,False,,low,10.4,NORMAL,27.0,1009.9,68.0,WARNING,replay,17.3,0.0
2025-01-14T17:00:00+00:00,AWS-CHN-024,26.4,1011.6,71.0,False,,low,7.2,NORMAL,26.3,1010.5,71.0,WARNING,replay,12.0,0.0
2025-01-14T18:00:00+00:00,AWS-CHN-024,26.0,1012.4,77.0,False,,low,1.8,NORMAL,25.5,1011.4,80.0,WARNING,replay,3.0,0.0
2025-01-14T19:00:00+00:00,AWS-CHN-024,25.9,1013.2,12.95260872112479,True,unstructured_anomaly,critical,96.9,ML_MODEL_ISOLATION,25.0,1012.0,81.0,WARNING,replay,96.9,0.0
2025-01-14T20:00:00+00:00,AWS-CHN-024,26.0,1014.0,77.0,False,,low,4.1,NORMAL,25.0,1012.9,83.0,WARNING,replay,6.9,0.0
2025-01-14T21:00:00+00:00,AWS-CHN-024,25.9,1014.2,76.0,False,,low,2.3,NORMAL,24.5,1013.1,83.0,OFFLINE,replay,3.8,0.0
2025-01-14T22:00:00+00:00,AWS-CHN-024,25.7,1014.2,76.0,False,,low,2.4,NORMAL,24.1,1013.0,85.0,OFFLINE,replay,4.0,0.0
2025-01-14T23:00:00+00:00,AWS-CHN-024,25.4,1013.8,77.0,False,,low,2.3,NORMAL,23.9,1012.6,85.0,OFFLINE,replay,3.9,0.0
2025-01-15T00:00:00+00:00,AWS-CHN-024,25.5,1013.2,77.0,False,,low,4.6,NORMAL,24.0,1012.1,84.0,OFFLINE,replay,7.6,0.0
2025-01-15T01:00:00+00:00,AWS-CHN-024,25.3,1012.5,76.87000167356548,False,,low,3.3,NORMAL,23.5,1011.4,86.0,OFFLINE,replay,5.6,0.0
2025-01-15T02:00:00+00:00,AWS-CHN-024,25.2,1011.8,76.87661729392285,False,,low,6.5,NORMAL,23.5,1010.7,86.0,OFFLINE,replay,10.8,0.0
2025-01-15T03:00:00+00:00,AWS-CHN-024,25.3,1011.7,76.79645514640949,False,,low,5.8,NORMAL,23.7,1010.6,84.0,OFFLINE,replay,9.6,0.0
2025-01-15T04:00:00+00:00,AWS-CHN-024,25.4,1011.7,76.88938035723939,False,,low,5.5,NORMAL,23.8,1010.6,83.0,OFFLINE,replay,9.2,0.0
2025-01-15T05:00:00+00:00,AWS-CHN-024,25.335735793921227,1012.3,76.91604242651336,False,,low,4.8,NORMAL,23.7,1011.2,83.0,OFFLINE,replay,7.9,0.0
2025-01-15T06:00:00+00:00,AWS-CHN-024,25.50280937770801,1013.0,76.91373975881707,False,,low,5.3,NORMAL,23.8,1011.9,87.0,OFFLINE,replay,8.9,0.0
2025-01-15T07:00:00+00:00,AWS-CHN-024,26.090843999751307,1014.1,76.84904802050092,False,,low,5.7,NORMAL,24.8,1012.9,83.0,OFFLINE,replay,9.4,0.0
2025-01-15T08:00:00+00:00,AWS-CHN-024,27.196041117344585,1015.0,76.86730500334087,False,,low,9.7,NORMAL,26.6,1013.9,73.0,HEALTHY,replay,16.2,0.0
2025-01-15T09:00:00+00:00,AWS-CHN-024,28.316180929032026,1015.4,,True,dropout,critical,100.0,RULE_ENGINE_BYPASS,27.8,1014.3,64.0,OFFLINE,replay,,100.0
2025-01-15T10:00:00+00:00,AWS-CHN-024,28.949754039469084,1015.3,60.0,False,,low,50.8,NORMAL,28.5,1014.1,61.0,OFFLINE,replay,84.6,0.0
2025-01-15T11:00:00+00:00,AWS-CHN-024,29.395645667805734,1014.8,59.0,False,,low,50.8,NORMAL,29.1,1013.6,58.0,OFFLINE,replay,84.6,0.0
2025-01-15T12:00:00+00:00,AWS-CHN-024,29.75298779222252,1013.7,58.0,False,,low,46.1,NORMAL,29.3,1012.5,57.0,HEALTHY,replay,76.9,0.0
2025-01-15T13:00:00+00:00,AWS-CHN-024,29.82107911255292,1012.6,58.0,False,,low,12.9,NORMAL,29.2,1011.3,56.0,WARNING,replay,21.4,0.0
2025-01-15T14:00:00+00:00,AWS-CHN-024,29.7993373390178,1011.6,58.0,False,,low,23.1,NORMAL,28.9,1010.3,56.0,WARNING,replay,38.4,0.0
2025-01-15T15:00:00+00:00,AWS-CHN-024,29.587268708284054,1011.1,60.0,False,,low,12.5,NORMAL,28.3,1009.9,58.0,WARNING,replay,20.9,0.0
2025-01-15T16:00:00+00:00,AWS-CHN-024,29.18444745593123,1011.2,61.0,False,,low,7.1,NORMAL,27.6,1010.1,60.0,WARNING,replay,11.8,0.0
2025-01-15T17:00:00+00:00,AWS-CHN-024,28.590501410920005,1011.8,65.0,False,,low,2.1,NORMAL,26.5,1010.7,65.0,OFFLINE,replay,3.5,0.0
2025-01-15T18:00:00+00:00,AWS-CHN-024,28.20510154351773,1012.8,73.0,False,,low,8.7,NORMAL,25.3,1011.7,78.0,OFFLINE,replay,14.5,0.0
2025-01-15T19:00:00+00:00,AWS-CHN-024,28.227954170062883,1013.5,73.0,False,,low,9.9,NORMAL,25.1,1012.4,78.0,OFFLINE,replay,16.5,0.0
2025-01-15T20:00:00+00:00,AWS-CHN-024,28.358795003225254,1014.2,74.0,False,,low,13.2,NORMAL,25.0,1013.1,78.0,WARNING,replay,22.0,0.0
2025-01-15T21:00:00+00:00,AWS-CHN-024,28.497384520460216,1014.8,72.0,False,,low,1.7,NORMAL,24.8,1013.6,78.0,OFFLINE,replay,2.9,0.0
2025-01-15T22:00:00+00:00,AWS-CHN-024,28.543504296771477,1014.8,72.0,False,,low,2.6,NORMAL,24.5,1013.7,78.0,OFFLINE,replay,4.3,0.0
2025-01-15T23:00:00+00:00,AWS-CHN-024,28.49695405763922,1014.4,72.0,False,,low,2.2,NORMAL,24.1,1013.3,79.0,OFFLINE,replay,3.6,0.0
2025-01-16T00:00:00+00:00,AWS-CHN-024,28.65754927959665,1014.0,73.0,False,,low,2.2,NORMAL,23.5,1012.8,81.0,WARNING,replay,3.6,0.0
2025-01-16T01:00:00+00:00,AWS-CHN-024,28.825119213962186,1013.0,73.0,False,,low,1.2,NORMAL,23.5,1011.9,82.0,WARNING,replay,2.0,0.0
2025-01-16T02:00:00+00:00,AWS-CHN-024,28.99950524220453,1012.1,73.0,False,,low,1.3,NORMAL,23.3,1011.0,82.0,WARNING,replay,2.2,0.0
2025-01-16T03:00:00+00:00,AWS-CHN-024,29.18055949453328,1011.4,73.0,False,,low,2.1,NORMAL,23.2,1010.3,82.0,WARNING,replay,3.5,0.0
2025-01-16T04:00:00+00:00,AWS-CHN-024,29.36814367981902,1011.2,73.0,False,,low,2.1,NORMAL,23.1,1010.1,82.0,WARNING,replay,3.5,0.0
2025-01-16T05:00:00+00:00,AWS-CHN-024,29.76212808694305,1011.5,73.0,False,,low,3.2,NORMAL,23.2,1010.4,81.0,OFFLINE,replay,5.4,0.0
2025-01-16T06:00:00+00:00,AWS-CHN-024,30.36239072652417,1012.7,73.0,False,,low,6.7,NORMAL,23.2,1011.5,84.0,OFFLINE,replay,11.1,0.0
2025-01-16T07:00:00+00:00,AWS-CHN-024,30.968816588586986,1013.5,72.0,False,,low,21.8,NORMAL,24.5,1012.4,79.0,OFFLINE,replay,36.3,0.0
2025-01-16T08:00:00+00:00,AWS-CHN-024,32.68129699674758,1014.4,64.0,False,,low,41.7,NORMAL,26.4,1013.4,69.0,OFFLINE,replay,69.5,0.0
2025-01-16T09:00:00+00:00,AWS-CHN-024,33.69972904333153,1014.8,60.0,False,,low,48.3,NORMAL,27.4,1013.7,62.0,OFFLINE,replay,80.5,0.0
2025-01-16T10:00:00+00:00,AWS-CHN-024,34.524015092812164,1014.6,58.0,False,,low,48.6,NORMAL,28.1,1013.5,60.0,OFFLINE,replay,80.9,0.0
2025-01-16T11:00:00+00:00,AWS-CHN-024,35.05406234328136,1014.3,58.0,True,drift,high,76.4,FUSED_CONSENSUS,28.5,1013.0,59.0,OFFLINE,replay,87.9,59.2
2025-01-16T12:00:00+00:00,AWS-CHN-024,35.389782437499626,1013.4,57.0,True,drift,high,76.0,FUSED_CONSENSUS,28.8,1012.2,57.0,OFFLINE,replay,87.2,59.2
2025-01-16T13:00:00+00:00,AWS-CHN-024,35.43109111653157,1012.2,57.0,True,drift,high,74.6,FUSED_CONSENSUS,28.5,1010.9,57.0,OFFLINE,replay,84.8,59.2
2025-01-16T14:00:00+00:00,AWS-CHN-024,35.47790791014337,1011.5,59.0,True,drift,medium,68.2,FUSED_CONSENSUS,28.3,1010.3,57.0,OFFLINE,replay,74.2,59.2
2025-01-16T15:00:00+00:00,AWS-CHN-024,35.630155859084745,1011.3,60.0,True,drift,medium,66.7,FUSED_CONSENSUS,27.3,1010.1,62.0,OFFLINE,replay,71.8,59.2
2025-01-16T16:00:00+00:00,AWS-CHN-024,35.38776126514684,1011.4,62.0,True,spike,high,79.4,FUSED_CONSENSUS,26.8,1010.2,63.0,OFFLINE,replay,74.7,86.3
2025-01-16T17:00:00+00:00,AWS-CHN-024,35.05065346551751,1011.8,65.0,True,spike,high,79.4,FUSED_CONSENSUS,25.9,1010.7,67.0,OFFLINE,replay,73.9,87.6
2025-01-16T18:00:00+00:00,AWS-CHN-024,35.01876462847383,1012.2,70.0,True,spike,high,82.6,FUSED_CONSENSUS,25.1,1011.1,71.0,OFFLINE,replay,78.6,88.5
2025-01-16T19:00:00+00:00,AWS-CHN-024,35.09202956788155,1013.3,72.0,True,spike,high,82.9,FUSED_CONSENSUS,24.0,1012.2,77.0,OFFLINE,replay,79.1,88.7
2025-01-16T20:00:00+00:00,AWS-CHN-024,35.27038557432883,1014.2,72.0,True,spike,high,87.4,FUSED_CONSENSUS,23.5,1013.1,79.0,OFFLINE,replay,85.8,89.9
2025-01-16T21:00:00+00:00,AWS-CHN-024,35.45377226102094,1015.1,73.0,True,spike,high,86.3,FUSED_CONSENSUS,23.2,1013.9,80.0,OFFLINE,replay,83.8,89.9
2025-01-16T22:00:00+00:00,AWS-CHN-024,30.72203200882576,1008.2647801267713,55.19448476985022,True,unstructured_anomaly,critical,94.2,ML_MODEL_ISOLATION,23.3,1014.2,80.0,OFFLINE,replay,94.2,0.0
2025-01-16T23:00:00+00:00,AWS-CHN-024,19.714235860320706,1022.8819157279148,88.12476204864313,True,spike,critical,91.8,MODEL_OVERRIDE,23.3,1013.5,79.0,OFFLINE,replay,93.1,89.9
2025-01-17T00:00:00+00:00,AWS-CHN-024,30.73925337198951,1005.2317758165158,91.18479237501096,True,drift,high,82.1,MODEL_OVERRIDE,22.7,1012.9,81.0,OFFLINE,replay,97.8,58.5
2025-01-17T01:00:00+00:00,AWS-CHN-024,30.70148163566456,1005.649044894728,56.06027534748356,True,drift,high,80.9,MODEL_OVERRIDE,22.3,1011.9,84.0,OFFLINE,replay,95.8,58.5
2025-01-17T02:00:00+00:00,AWS-CHN-024,31.35433021523869,1003.6861192237596,57.78980270269421,True,drift,high,82.2,MODEL_OVERRIDE,22.1,1010.8,84.0,OFFLINE,replay,97.7,58.8
2025-01-17T03:00:00+00:00,AWS-CHN-024,17.330137008235404,1018.4309371606614,56.78666213712394,True,spike,critical,95.0,MODEL_OVERRIDE,22.1,1010.1,84.0,OFFLINE,replay,98.4,89.9
2025-01-17T04:00:00+00:00,AWS-CHN-024,29.89761399014956,1002.6160409454844,60.86384082571543,True,drift,high,80.9,MODEL_OVERRIDE,21.6,1009.9,87.0,OFFLINE,replay,96.0,58.1
2025-01-17T05:00:00+00:00,AWS-CHN-024,23.7,1011.4,80.0,True,spike,medium,63.1,FUSED_CONSENSUS,21.2,1010.2,89.0,OFFLINE,replay,47.1,87.0
2025-01-17T06:00:00+00:00,AWS-CHN-024,24.1,1012.2,81.0,True,spike,medium,64.3,FUSED_CONSENSUS,21.9,1011.1,92.0,OFFLINE,replay,49.8,86.1
2025-01-17T07:00:00+00:00,AWS-CHN-024,24.8,1012.9,78.0,False,,low,25.3,NORMAL,23.3,1011.8,87.0,OFFLINE,replay,42.2,0.0
2025-01-17T08:00:00+00:00,AWS-CHN-024,25.9,1013.6,71.0,True,multivariate_inconsistency,low,45.7,FUSED_CONSENSUS,25.5,1012.5,77.0,OFFLINE,replay,42.2,50.9
2025-01-17T09:00:00+00:00,AWS-CHN-024,26.6,1013.7,68.0,False,,low,28.2,NORMAL,26.6,1012.6,69.0,OFFLINE,replay,46.9,0.0
2025-01-17T10:00:00+00:00,AWS-CHN-024,27.1,1013.3,65.0,True,multivariate_inconsistency,medium,55.5,FUSED_CONSENSUS,27.5,1012.1,63.0,OFFLINE,replay,62.4,45.0
2025-01-17T11:00:00+00:00,AWS-CHN-024,27.4,1012.8,62.0,False,,low,39.0,NORMAL,27.8,1011.6,61.0,OFFLINE,replay,65.0,0.0
2025-01-17T12:00:00+00:00,AWS-CHN-024,27.3,1011.9,63.0,False,,low,40.7,NORMAL,27.9,1010.6,60.0,OFFLINE,replay,67.9,0.0
2025-01-17T13:00:00+00:00,AWS-CHN-024,27.1,1011.0,63.0,False,,low,44.8,NORMAL,27.6,1009.8,61.0,OFFLINE,replay,74.6,0.0
2025-01-17T14:00:00+00:00,AWS-CHN-024,26.9,1010.1,65.0,True,multivariate_inconsistency,low,48.7,FUSED_CONSENSUS,27.3,1008.9,63.0,OFFLINE,replay,,48.7
2025-01-17T15:00:00+00:00,AWS-CHN-024,27.0,1009.9,64.0,True,multivariate_inconsistency,low,52.4,FUSED_CONSENSUS,26.7,1008.8,66.0,OFFLINE,replay,,52.4
2025-01-17T16:00:00+00:00,AWS-CHN-024,26.6,1010.1,65.0,True,multivariate_inconsistency,medium,60.0,FUSED_CONSENSUS,26.4,1008.9,67.0,OFFLINE,replay,,60.0
2025-01-17T17:00:00+00:00,AWS-CHN-024,25.8,1010.5,68.0,True,multivariate_inconsistency,medium,60.0,FUSED_CONSENSUS,25.6,1009.3,70.0,OFFLINE,replay,,60.0
2025-01-17T18:00:00+00:00,AWS-CHN-024,25.7,1011.0,67.0,True,multivariate_inconsistency,medium,60.0,FUSED_CONSENSUS,24.9,1010.0,72.0,OFFLINE,replay,,60.0
2025-01-17T19:00:00+00:00,AWS-CHN-024,25.3,1012.0,70.0,True,spike,high,89.9,FUSED_CONSENSUS,24.4,1010.8,75.0,OFFLINE,replay,,89.9
2025-01-17T20:00:00+00:00,AWS-CHN-024,25.1,1012.3,71.0,True,spike,high,89.9,FUSED_CONSENSUS,24.1,1011.2,76.0,OFFLINE,replay,,89.9
2025-01-17T21:00:00+00:00,AWS-CHN-024,25.0,1013.0,72.0,True,spike,high,89.9,FUSED_CONSENSUS,23.6,1011.9,78.0,OFFLINE,replay,,89.9
2025-01-17T22:00:00+00:00,AWS-CHN-024,24.8,1013.1,72.0,True,spike,high,89.9,FUSED_CONSENSUS,23.5,1012.0,79.0,OFFLINE,replay,,89.9
2025-01-17T23:00:00+00:00,AWS-CHN-024,24.7,1012.8,72.0,True,spike,high,89.9,FUSED_CONSENSUS,23.1,1011.7,80.0,OFFLINE,replay,,89.9
2025-01-18T00:00:00+00:00,AWS-CHN-024,24.4,1012.2,72.0,False,multivariate_inconsistency,low,45.0,NORMAL,23.0,1011.1,80.0,OFFLINE,replay,,45.0
2025-01-18T01:00:00+00:00,AWS-CHN-024,24.0,1011.3,73.0,False,multivariate_inconsistency,low,45.0,NORMAL,22.4,1010.2,83.0,OFFLINE,replay,,45.0
2025-01-18T02:00:00+00:00,AWS-CHN-024,23.8,1010.8,73.0,True,spike,high,85.1,FUSED_CONSENSUS,22.1,1009.6,82.0,OFFLINE,replay,,85.1
2025-01-18T03:00:00+00:00,AWS-CHN-024,23.5,1010.2,75.0,True,spike,high,85.7,FUSED_CONSENSUS,21.5,1009.1,84.0,OFFLINE,replay,,85.7
2025-01-18T04:00:00+00:00,AWS-CHN-024,23.2,1010.0,77.0,True,spike,high,86.2,FUSED_CONSENSUS,21.1,1008.9,86.0,OFFLINE,replay,,86.2
2025-01-18T05:00:00+00:00,AWS-CHN-024,23.1,1010.3,78.0,True,spike,high,86.4,FUSED_CONSENSUS,20.9,1009.2,88.0,OFFLINE,replay,,86.4
2025-01-18T06:00:00+00:00,AWS-CHN-024,23.9,1010.8,75.0,False,multivariate_inconsistency,low,45.0,NORMAL,22.0,1009.7,86.0,OFFLINE,replay,,45.0
2025-01-18T07:00:00+00:00,AWS-CHN-024,24.7,1011.9,72.0,False,multivariate_inconsistency,low,45.0,NORMAL,23.0,1010.8,82.0,OFFLINE,replay,,45.0
2025-01-18T08:00:00+00:00,AWS-CHN-024,26.4,1012.4,62.0,False,multivariate_inconsistency,low,45.0,NORMAL,25.2,1011.4,75.0,OFFLINE,replay,,45.0
2025-01-18T09:00:00+00:00,AWS-CHN-024,27.4,1013.0,58.0,False,multivariate_inconsistency,low,45.0,NORMAL,27.0,1011.9,61.0,OFFLINE,replay,,45.0
2025-01-18T10:00:00+00:00,AWS-CHN-024,28.2,1012.9,55.0,True,spike,high,86.0,FUSED_CONSENSUS,27.9,1011.7,58.0,OFFLINE,replay,,86.0
2025-01-18T11:00:00+00:00,AWS-CHN-024,27.3,1012.5,61.0,False,multivariate_inconsistency,low,45.0,NORMAL,27.4,1011.4,60.0,OFFLINE,replay,,45.0
2025-01-18T12:00:00+00:00,AWS-CHN-024,27.1,1011.8,64.0,False,multivariate_inconsistency,low,45.0,NORMAL,27.1,1010.7,65.0,OFFLINE,replay,,45.0
2025-01-18T13:00:00+00:00,AWS-CHN-024,27.4,1010.4,64.0,False,,low,0.0,NORMAL,27.1,1009.2,65.0,OFFLINE,replay,,0.0
2025-01-18T14:00:00+00:00,AWS-CHN-024,27.2,1009.4,64.0,False,multivariate_inconsistency,low,45.0,NORMAL,26.9,1008.3,67.0,OFFLINE,replay,,45.0
2025-01-18T15:00:00+00:00,AWS-CHN-024,26.9,1009.0,66.0,False,multivariate_inconsistency,low,45.0,NORMAL,26.5,1007.8,67.0,OFFLINE,replay,,45.0
2025-01-18T16:00:00+00:00,AWS-CHN-024,26.6,1009.1,69.0,False,,low,0.0,NORMAL,26.3,1007.9,71.0,OFFLINE,replay,,0.0
2025-01-18T17:00:00+00:00,AWS-CHN-024,15.44215172788887,1009.0715732039512,72.0,True,spike,high,89.9,FUSED_CONSENSUS,26.1,1008.2,72.0,OFFLINE,replay,,89.9
2025-01-18T18:00:00+00:00,AWS-CHN-024,25.6,1009.044999309548,76.0,False,,low,0.0,NORMAL,25.4,1009.1,75.0,OFFLINE,replay,,0.0
2025-01-18T19:00:00+00:00,AWS-CHN-024,25.0,1009.0444832834256,80.0,False,,low,0.0,NORMAL,25.1,1009.9,78.0,OFFLINE,replay,,0.0
2025-01-18T20:00:00+00:00,AWS-CHN-024,24.8,1009.0715962386444,82.0,False,,low,0.0,NORMAL,24.6,1010.7,81.0,OFFLINE,replay,,0.0
2025-01-18T21:00:00+00:00,AWS-CHN-024,24.5,1009.063135933986,85.0,False,,low,0.0,NORMAL,24.3,1011.1,85.0,OFFLINE,replay,,0.0
2025-01-18T22:00:00+00:00,AWS-CHN-024,24.4,1009.0822787186052,89.0,False,,low,0.0,NORMAL,23.9,1011.0,89.0,OFFLINE,replay,,0.0
2025-01-18T23:00:00+00:00,AWS-CHN-024,24.3,1009.0561823619324,90.0,True,spike,high,85.4,FUSED_CONSENSUS,23.3,1010.5,94.0,OFFLINE,replay,,85.4
2025-01-19T00:00:00+00:00,AWS-CHN-024,24.1,1009.089949796736,91.0,True,spike,high,86.0,FUSED_CONSENSUS,23.3,1010.2,96.0,OFFLINE,replay,,86.0
2025-01-19T01:00:00+00:00,AWS-CHN-024,23.9,1010.7,92.0,True,spike,high,86.6,FUSED_CONSENSUS,23.2,1009.5,97.0,OFFLINE,replay,,86.6
2025-01-19T02:00:00+00:00,AWS-CHN-024,23.9,1010.0,92.0,True,spike,high,86.6,FUSED_CONSENSUS,23.1,1008.9,97.0,OFFLINE,replay,,86.6
2026-09-22T08:30:00+00:00,AWS-CHN-024,33.2,1003.2,56.0,False,,low,0.0,NORMAL,33.2,1002.1,57.0,HEALTHY,live,,0.0
2025-01-01T00:00:00+00:00,AWS-CHN-024,25.0,1013.5,84.0,False,,low,0.0,NORMAL,23.3,1012.3,93.0,HEALTHY,replay,,0.0
2025-01-01T01:00:00+00:00,AWS-CHN-024,24.9,1012.5,84.0,False,,low,0.0,NORMAL,22.9,1011.4,94.0,HEALTHY,replay,,0.0
2025-01-01T02:00:00+00:00,AWS-CHN-024,24.7,1011.8,84.0,False,,low,0.0,NORMAL,22.8,1010.7,94.0,HEALTHY,replay,,0.0
2025-01-01T03:00:00+00:00,AWS-CHN-024,24.3,1011.2,85.0,False,,low,0.0,NORMAL,22.6,1010.1,95.0,HEALTHY,replay,,0.0
2025-01-01T04:00:00+00:00,AWS-CHN-024,24.2,1011.0,85.0,False,,low,0.0,NORMAL,22.4,1009.9,95.0,HEALTHY,replay,,0.0
2025-01-01T05:00:00+00:00,AWS-CHN-024,23.8,1011.4,88.0,False,,low,0.0,NORMAL,22.1,1010.3,96.0,HEALTHY,replay,,0.0
2025-01-01T06:00:00+00:00,AWS-CHN-024,23.7,1012.2,91.0,False,,low,0.0,NORMAL,22.3,1011.1,99.0,HEALTHY,replay,,0.0
2025-01-01T07:00:00+00:00,AWS-CHN-024,24.5,1013.0,88.0,False,,low,0.0,NORMAL,23.1,1011.9,98.0,HEALTHY,replay,,0.0
2025-01-01T08:00:00+00:00,AWS-CHN-024,25.8,1013.8,82.0,False,,low,0.0,NORMAL,24.6,1012.7,91.0,HEALTHY,replay,,0.0
2025-01-01T09:00:00+00:00,AWS-CHN-024,27.1,1014.0,72.0,False,,low,0.0,NORMAL,26.9,1012.9,76.0,HEALTHY,replay,,0.0
2025-01-01T10:00:00+00:00,AWS-CHN-024,27.4,1020.1714020905756,70.0,False,,low,0.0,NORMAL,27.9,1012.8,68.0,HEALTHY,replay,,0.0
2025-01-01T11:00:00+00:00,AWS-CHN-024,27.7,1013.7,69.0,False,,low,0.0,NORMAL,28.8,1012.5,62.0,HEALTHY,replay,,0.0
2025-01-01T12:00:00+00:00,AWS-CHN-024,27.9,1012.7,68.0,False,,low,0.0,NORMAL,28.8,1011.5,61.0,HEALTHY,replay,,0.0
2025-01-01T13:00:00+00:00,AWS-CHN-024,27.9,1011.7,68.0,False,,low,0.0,NORMAL,28.8,1010.5,61.0,HEALTHY,replay,,0.0
2025-01-01T14:00:00+00:00,AWS-CHN-024,27.6,1010.7,69.0,False,,low,0.0,NORMAL,28.6,1009.5,63.0,HEALTHY,replay,,0.0
2025-01-01T15:00:00+00:00,AWS-CHN-024,27.3,1010.2,70.0,False,,low,0.0,NORMAL,28.0,1009.0,64.0,HEALTHY,replay,,0.0
2025-01-01T16:00:00+00:00,AWS-CHN-024,26.7,1010.0,73.0,False,,low,0.0,NORMAL,27.1,1008.9,67.0,HEALTHY,replay,,0.0
2025-01-01T17:00:00+00:00,AWS-CHN-024,25.8,1010.3,78.0,False,,low,0.0,NORMAL,25.9,1009.2,75.0,HEALTHY,replay,,0.0
2025-01-01T18:00:00+00:00,AWS-CHN-024,,1010.8,84.0,True,dropout,critical,100.0,RULE_ENGINE_BYPASS,25.1,1009.8,84.0,HEALTHY,replay,,100.0
2025-01-01T19:00:00+00:00,AWS-CHN-024,25.4,1012.1,84.0,False,,low,0.0,NORMAL,24.4,1011.0,88.0,HEALTHY,replay,,0.0
2025-01-01T20:00:00+00:00,AWS-CHN-024,25.3,1012.7,84.0,False,,low,0.0,NORMAL,24.3,1011.5,89.0,HEALTHY,replay,,0.0
2025-01-01T21:00:00+00:00,AWS-CHN-024,25.3,1013.3,83.0,False,,low,0.0,NORMAL,24.0,1012.2,90.0,HEALTHY,replay,,0.0
2025-01-01T22:00:00+00:00,AWS-CHN-024,25.2,1013.3,79.0,False,,low,0.0,NORMAL,23.3,1012.1,93.0,HEALTHY,replay,,0.0
2025-01-01T23:00:00+00:00,AWS-CHN-024,24.8,1012.7,79.0,False,,low,0.0,NORMAL,23.2,1011.6,91.0,HEALTHY,replay,,0.0
2025-01-02T00:00:00+00:00,AWS-CHN-024,24.5,1012.0,79.0,False,,low,0.0,NORMAL,22.6,1010.9,91.0,HEALTHY,replay,,0.0
2025-01-02T01:00:00+00:00,AWS-CHN-024,34.76533681998681,1011.0876619653704,100.0,True,spike,critical,93.2,MODEL_OVERRIDE,22.1,1010.3,94.0,HEALTHY,replay,97.1,87.3
2025-01-02T02:00:00+00:00,AWS-CHN-024,34.56533681998681,1010.5419549612236,100.0,True,spike,critical,93.4,MODEL_OVERRIDE,22.2,1009.6,93.0,HEALTHY,replay,97.5,87.1
2025-01-02T03:00:00+00:00,AWS-CHN-024,34.36533681998681,1010.7261334307932,100.0,True,spike,critical,90.6,MODEL_OVERRIDE,22.1,1009.3,93.0,OFFLINE,replay,93.2,86.8
2025-01-02T04:00:00+00:00,AWS-CHN-024,34.06533681998681,1010.520818110836,100.0,True,spike,critical,90.2,MODEL_OVERRIDE,21.4,1009.3,93.0,OFFLINE,replay,92.7,86.4
2025-01-02T05:00:00+00:00,AWS-CHN-024,23.2,1010.8,81.0,False,,low,17.6,NORMAL,20.9,1009.8,94.0,OFFLINE,replay,29.3,0.0
2025-01-02T06:00:00+00:00,AWS-CHN-024,23.9,1011.8,83.0,False,,low,5.2,NORMAL,22.2,1010.6,97.0,OFFLINE,replay,8.7,0.0
2025-01-02T07:00:00+00:00,AWS-CHN-024,24.4,1012.8,81.0,False,,low,6.3,NORMAL,23.1,1011.7,93.0,HEALTHY,replay,10.6,0.0
2025-01-02T08:00:00+00:00,AWS-CHN-024,25.9,1013.7,70.0,False,,low,13.1,NORMAL,25.2,1012.5,84.0,OFFLINE,replay,21.8,0.0
2025-01-02T09:00:00+00:00,AWS-CHN-024,26.7,1014.2,63.0,False,,low,39.3,NORMAL,26.7,1013.1,69.0,OFFLINE,replay,65.4,0.0
2025-01-02T10:00:00+00:00,AWS-CHN-024,27.2,1014.2,61.0,False,,low,30.0,NORMAL,27.4,1013.0,61.0,OFFLINE,replay,50.1,0.0
2025-01-02T11:00:00+00:00,AWS-CHN-024,27.6,1013.7,59.0,False,,low,39.6,NORMAL,28.2,1012.5,58.0,HEALTHY,replay,66.0,0.0
2025-01-02T12:00:00+00:00,AWS-CHN-024,27.9,1012.9,58.0,False,,low,11.2,NORMAL,28.3,1011.7,57.0,WARNING,replay,18.6,0.0
2025-01-02T13:00:00+00:00,AWS-CHN-024,27.7,1011.9,57.0,False,,low,7.4,NORMAL,28.4,1010.7,55.0,WARNING,replay,12.3,0.0
2025-01-02T14:00:00+00:00,AWS-CHN-024,27.6,1011.0,57.0,False,,low,7.7,NORMAL,28.1,1009.8,55.0,WARNING,replay,12.9,0.0
2025-01-02T15:00:00+00:00,AWS-CHN-024,27.1,1010.7,59.0,False,,low,3.4,NORMAL,27.6,1009.5,56.0,WARNING,replay,5.7,0.0
2025-01-02T16:00:00+00:00,AWS-CHN-024,26.7,1010.6,61.0,False,,low,2.8,NORMAL,26.9,1009.5,59.0,WARNING,replay,4.7,0.0
2025-01-02T17:00:00+00:00,AWS-CHN-024,25.8,1011.1,67.0,False,,low,1.8,NORMAL,25.7,1010.1,66.0,WARNING,replay,3.0,0.0
2025-01-02T18:00:00+00:00,AWS-CHN-024,25.4,1011.4,74.0,False,,low,1.9,NORMAL,24.8,1010.3,77.0,WARNING,replay,3.2,0.0
2025-01-02T19:00:00+00:00,AWS-CHN-024,24.9,1012.5,78.0,False,,low,1.2,NORMAL,23.7,1011.4,82.0,WARNING,replay,2.0,0.0
2025-01-02T20:00:00+00:00,AWS-CHN-024,24.6,1013.2,80.0,False,,low,8.3,NORMAL,23.2,1012.0,82.0,WARNING,replay,13.9,0.0
2025-01-02T21:00:00+00:00,AWS-CHN-024,24.5,1013.6,80.0,False,,low,2.2,NORMAL,23.2,1012.4,82.0,WARNING,replay,3.7,0.0
2025-01-02T22:00:00+00:00,AWS-CHN-024,24.4,1013.5,79.0,False,,low,2.8,NORMAL,22.8,1012.5,84.0,WARNING,replay,4.7,0.0
2025-01-02T23:00:00+00:00,AWS-CHN-024,24.4,1013.4,77.0,False,,low,2.1,NORMAL,22.3,1012.3,86.0,WARNING,replay,3.4,0.0
2025-01-03T00:00:00+00:00,AWS-CHN-024,24.4,1013.0,75.0,False,,low,1.9,NORMAL,22.5,1011.9,86.0,WARNING,replay,3.1,0.0
2025-01-03T01:00:00+00:00,AWS-CHN-024,24.2,1012.2,74.0,False,,low,2.0,NORMAL,22.3,1011.1,87.0,HEALTHY,replay,3.3,0.0
2025-01-03T02:00:00+00:00,AWS-CHN-024,24.0,1011.5,74.0,False,,low,1.4,NORMAL,22.0,1010.4,86.0,HEALTHY,replay,2.3,0.0
2025-01-03T03:00:00+00:00,AWS-CHN-024,24.0,1011.1,74.0,False,,low,1.2,NORMAL,22.0,1010.0,87.0,HEALTHY,replay,2.1,0.0
2025-01-03T04:00:00+00:00,AWS-CHN-024,23.5,1011.0,75.0,False,,low,0.8,NORMAL,21.6,1010.0,88.0,HEALTHY,replay,1.3,0.0
2025-01-03T05:00:00+00:00,AWS-CHN-024,23.3,1011.3,75.0,False,,low,1.2,NORMAL,21.0,1010.2,91.0,HEALTHY,replay,2.0,0.0
2025-01-03T06:00:00+00:00,AWS-CHN-024,22.9,1012.5,80.0,False,,low,1.9,NORMAL,21.7,1011.4,93.0,HEALTHY,replay,3.1,0.0
2025-01-03T07:00:00+00:00,AWS-CHN-024,23.3,1013.7,82.0,False,,low,2.3,NORMAL,22.7,1012.5,88.0,HEALTHY,replay,3.8,0.0
2025-01-03T08:00:00+00:00,AWS-CHN-024,24.8,1014.4,80.0,False,,low,1.8,NORMAL,24.6,1013.3,80.0,HEALTHY,replay,3.0,0.0
2025-01-03T09:00:00+00:00,AWS-CHN-024,26.8,1014.8,71.0,False,,low,3.0,NORMAL,26.3,1013.8,68.0,HEALTHY,replay,4.9,0.0
2025-01-03T10:00:00+00:00,AWS-CHN-024,27.8,1014.6,57.0,False,,low,17.9,NORMAL,27.5,1013.5,63.0,HEALTHY,replay,29.9,0.0
2025-01-03T11:00:00+00:00,AWS-CHN-024,28.0,0.0281910080841468,55.0,True,spike,high,86.5,RULE_ENGINE_BYPASS,28.1,1013.0,57.0,HEALTHY,replay,77.4,100.0
2025-01-03T12:00:00+00:00,AWS-CHN-024,28.3,0.0096185656277487,53.0,True,spike,high,89.6,RULE_ENGINE_BYPASS,28.5,1011.9,54.0,HEALTHY,replay,82.7,100.0
2025-01-03T13:00:00+00:00,AWS-CHN-024,28.3,-0.0665305623017412,53.0,True,spike,critical,91.6,RULE_ENGINE_BYPASS,28.8,1011.1,53.0,HEALTHY,replay,86.0,100.0
2025-01-03T14:00:00+00:00,AWS-CHN-024,28.1,0.0355091090530763,52.0,True,spike,critical,92.6,RULE_ENGINE_BYPASS,28.5,1010.1,53.0,OFFLINE,replay,87.7,100.0
2025-01-03T15:00:00+00:00,AWS-CHN-024,27.7,1010.8,53.0,False,,low,23.2,NORMAL,27.8,1009.6,54.0,OFFLINE,replay,38.6,0.0
2025-01-03T16:00:00+00:00,AWS-CHN-024,27.0,1010.7,56.0,False,,low,31.4,NORMAL,27.0,1009.5,56.0,OFFLINE,replay,52.3,0.0
2025-01-03T17:00:00+00:00,AWS-CHN-024,26.0,1010.7,62.0,False,,low,34.9,NORMAL,25.6,1009.6,63.0,HEALTHY,replay,58.2,0.0
2025-01-03T18:00:00+00:00,AWS-CHN-024,25.1,1011.2,71.0,False,,low,13.2,NORMAL,24.0,1010.1,74.0,OFFLINE,replay,22.0,0.0
2025-01-03T19:00:00+00:00,AWS-CHN-024,24.7,1012.0,74.0,False,,low,6.9,NORMAL,23.3,1010.9,80.0,OFFLINE,replay,11.4,0.0
2025-01-03T20:00:00+00:00,AWS-CHN-024,24.4,1012.4,75.0,False,,low,10.7,NORMAL,22.7,1011.3,84.0,OFFLINE,replay,17.9,0.0
2025-01-03T21:00:00+00:00,AWS-CHN-024,24.4,1012.6,75.0,False,,low,10.0,NORMAL,22.4,1011.5,84.0,HEALTHY,replay,16.7,0.0
2025-01-03T22:00:00+00:00,AWS-CHN-024,24.2,1012.4,75.0,False,,low,3.3,NORMAL,21.8,1011.3,87.0,WARNING,replay,5.5,0.0
2025-01-03T23:00:00+00:00,AWS-CHN-024,23.9,1012.0,76.0,False,,low,3.7,NORMAL,21.5,1010.9,88.0,WARNING,replay,6.1,0.0
2025-01-04T00:00:00+00:00,AWS-CHN-024,23.6,1011.6,78.0,False,,low,1.9,NORMAL,21.2,1010.5,89.0,WARNING,replay,3.1,0.0
2025-01-04T01:00:00+00:00,AWS-CHN-024,23.4,1011.2,79.0,False,,low,1.7,NORMAL,21.0,1010.1,89.0,WARNING,replay,2.8,0.0
2025-01-04T02:00:00+00:00,AWS-CHN-024,23.2,1010.5,79.0,False,,low,0.7,NORMAL,20.6,1009.4,91.0,WARNING,replay,1.2,0.0
2025-01-04T03:00:00+00:00,AWS-CHN-024,22.4,1010.1,83.0,False,,low,1.1,NORMAL,20.3,1009.0,93.0,WARNING,replay,1.8,0.0
2025-01-04T04:00:00+00:00,AWS-CHN-024,21.9,1010.2,86.0,False,,low,1.0,NORMAL,20.1,1009.1,95.0,WARNING,replay,1.6,0.0
2025-01-04T05:00:00+00:00,AWS-CHN-024,21.6,1010.8,89.0,False,,low,1.3,NORMAL,19.9,1009.7,96.0,WARNING,replay,2.2,0.0
2025-01-04T06:00:00+00:00,AWS-CHN-024,22.1,1011.8,90.0,False,,low,1.5,NORMAL,20.8,1010.7,95.0,WARNING,replay,2.5,0.0
2025-01-04T07:00:00+00:00,AWS-CHN-024,22.9,1012.6,90.0,False,,low,1.2,NORMAL,21.8,1011.5,93.0,WARNING,replay,1.9,0.0
2025-01-04T08:00:00+00:00,AWS-CHN-024,24.4,1013.3,84.0,False,,low,0.7,NORMAL,23.9,1012.2,84.0,WARNING,replay,1.2,0.0
2025-01-04T09:00:00+00:00,AWS-CHN-024,26.0,1014.0,74.0,False,,low,1.6,NORMAL,25.6,1012.9,73.0,WARNING,replay,2.6,0.0
2025-01-04T10:00:00+00:00,AWS-CHN-024,27.2,1013.8,59.0,False,,low,25.8,NORMAL,26.7,1012.8,64.0,WARNING,replay,42.9,0.0
2025-01-04T11:00:00+00:00,AWS-CHN-024,27.5,1013.2,56.0,False,,low,11.9,NORMAL,27.6,1012.0,59.0,HEALTHY,replay,19.8,0.0
2025-01-04T12:00:00+00:00,AWS-CHN-024,27.7,1012.2,55.0,False,,low,14.1,NORMAL,27.8,1011.0,57.0,HEALTHY,replay,23.4,0.0
2025-01-04T13:00:00+00:00,AWS-CHN-024,27.6,1011.1,55.0,False,,low,15.4,NORMAL,28.2,1009.8,55.0,HEALTHY,replay,25.7,0.0
2025-01-04T14:00:00+00:00,AWS-CHN-024,27.6,1010.1,54.0,False,,low,22.6,NORMAL,27.9,1008.8,54.0,HEALTHY,replay,37.7,0.0
2025-01-04T15:00:00+00:00,AWS-CHN-024,27.4,1009.7,53.0,False,,low,13.0,NORMAL,27.3,1008.6,54.0,HEALTHY,replay,21.6,0.0
2025-01-04T16:00:00+00:00,AWS-CHN-024,26.9,1009.7,53.0,False,,low,8.9,NORMAL,26.7,1008.5,57.0,HEALTHY,replay,14.8,0.0
2025-01-04T17:00:00+00:00,AWS-CHN-024,25.9,1009.9,62.0,False,,low,3.7,NORMAL,25.4,1008.8,63.0,HEALTHY,replay,6.1,0.0
2025-01-04T18:00:00+00:00,AWS-CHN-024,25.2,1010.4,70.0,False,,low,2.5,NORMAL,23.9,1009.3,72.0,HEALTHY,replay,4.2,0.0
2025-01-04T19:00:00+00:00,AWS-CHN-024,24.9,1011.6,72.0,False,,low,2.0,NORMAL,23.4,1010.4,76.0,HEALTHY,replay,3.4,0.0
2025-01-04T20:00:00+00:00,AWS-CHN-024,24.4,1012.2,75.0,False,,low,0.6,NORMAL,22.8,1011.0,80.0,HEALTHY,replay,0.9,0.0
2025-01-04T21:00:00+00:00,AWS-CHN-024,24.0,1012.6,78.0,False,,low,0.2,NORMAL,22.3,1011.5,81.0,HEALTHY,replay,0.4,0.0
2025-01-04T22:00:00+00:00,AWS-CHN-024,24.0,1012.7,77.0,False,,low,0.2,NORMAL,22.0,1011.6,83.0,HEALTHY,replay,0.4,0.0
2025-01-04T23:00:00+00:00,AWS-CHN-024,23.9,1012.3,77.0,False,,low,0.3,NORMAL,21.5,1011.2,85.0,HEALTHY,replay,0.4,0.0
2025-01-05T00:00:00+00:00,AWS-CHN-024,23.7,1011.8,78.0,False,,low,0.3,NORMAL,21.7,1010.7,85.0,HEALTHY,replay,0.5,0.0
2025-01-05T01:00:00+00:00,AWS-CHN-024,23.1,1011.2,82.0,False,,low,0.2,NORMAL,22.0,1010.1,84.0,HEALTHY,replay,0.4,0.0
2025-01-05T02:00:00+00:00,AWS-CHN-024,22.4,1010.9,84.0,False,,low,0.4,NORMAL,21.5,1009.8,87.0,HEALTHY,replay,0.7,0.0
2025-01-05T03:00:00+00:00,AWS-CHN-024,22.2,1010.8,85.0,False,,low,0.4,NORMAL,20.7,1009.7,89.0,HEALTHY,replay,0.7,0.0
2025-01-05T04:00:00+00:00,AWS-CHN-024,21.6,1011.0,87.0,False,,low,0.4,NORMAL,20.4,1009.8,91.0,HEALTHY,replay,0.6,0.0
2025-01-05T05:00:00+00:00,AWS-CHN-024,21.4,1011.3,88.0,False,,low,0.4,NORMAL,20.0,1010.2,92.0,HEALTHY,replay,0.7,0.0
2025-01-05T06:00:00+00:00,AWS-CHN-024,21.9,1012.3,93.0,False,,low,0.4,NORMAL,21.2,1011.1,95.0,HEALTHY,replay,0.6,0.0
2025-01-05T07:00:00+00:00,AWS-CHN-024,22.6,1013.1,90.0,False,,low,0.4,NORMAL,22.2,1012.0,91.0,HEALTHY,replay,0.7,0.0
2025-01-05T08:00:00+00:00,AWS-CHN-024,24.4,1013.9,82.0,False,,low,0.8,NORMAL,23.9,1012.7,84.0,HEALTHY,replay,1.4,0.0
2025-01-05T09:00:00+00:00,AWS-CHN-024,26.1,1014.1,72.0,False,,low,0.9,NORMAL,25.9,1013.0,73.0,HEALTHY,replay,1.6,0.0
2025-01-05T10:00:00+00:00,AWS-CHN-024,27.2,1013.8,64.0,False,,low,0.9,NORMAL,27.0,1012.7,63.0,HEALTHY,replay,1.4,0.0
2025-01-05T11:00:00+00:00,AWS-CHN-024,28.0,1013.2,56.0,False,,low,1.3,NORMAL,27.8,1012.0,60.0,HEALTHY,replay,2.1,0.0
2025-01-05T12:00:00+00:00,AWS-CHN-024,28.3,1012.2,51.0,False,,low,1.4,NORMAL,28.0,1011.0,58.0,HEALTHY,replay,2.4,0.0
2025-01-05T13:00:00+00:00,AWS-CHN-024,28.1,1011.2,51.0,False,,low,0.8,NORMAL,28.1,1010.0,56.0,HEALTHY,replay,1.4,0.0
2025-01-05T14:00:00+00:00,AWS-CHN-024,27.9,1010.2,51.0,False,,low,0.8,NORMAL,28.2,1008.9,55.0,HEALTHY,replay,1.3,0.0
2025-01-05T15:00:00+00:00,AWS-CHN-024,27.6,1009.8,51.0,False,,low,0.4,NORMAL,27.6,1008.5,54.0,HEALTHY,replay,0.6,0.0
2025-01-05T16:00:00+00:00,AWS-CHN-024,27.1,1009.8,52.0,False,,low,0.4,NORMAL,26.8,1008.6,56.0,HEALTHY,replay,0.7,0.0
2025-01-05T17:00:00+00:00,AWS-CHN-024,26.1,1010.3,57.0,False,,low,0.2,NORMAL,25.3,1009.2,62.0,HEALTHY,replay,0.4,0.0
2025-01-05T18:00:00+00:00,AWS-CHN-024,25.7,1010.4,70.0,False,,low,2.0,NORMAL,24.6,1009.3,70.0,HEALTHY,replay,3.4,0.0
2025-01-05T19:00:00+00:00,AWS-CHN-024,24.9,1011.4,75.0,False,,low,0.4,NORMAL,23.7,1010.2,77.0,HEALTHY,replay,0.6,0.0
2025-01-05T20:00:00+00:00,AWS-CHN-024,24.2,1012.2,78.0,False,,low,0.3,NORMAL,23.1,1011.1,80.0,HEALTHY,replay,0.5,0.0
2025-01-05T21:00:00+00:00,AWS-CHN-024,24.3,1012.8,76.0,False,,low,0.2,NORMAL,22.3,1011.7,83.0,HEALTHY,replay,0.3,0.0
2025-01-05T22:00:00+00:00,AWS-CHN-024,24.8,1013.0,69.0,False,,low,0.4,NORMAL,21.7,1011.9,85.0,HEALTHY,replay,0.6,0.0
2025-01-05T23:00:00+00:00,AWS-CHN-024,24.2,1012.3,70.0,False,,low,0.1,NORMAL,21.4,1011.2,85.0,HEALTHY,replay,0.2,0.0
2025-01-06T00:00:00+00:00,AWS-CHN-024,23.3,1011.8,75.0,False,,low,0.1,NORMAL,21.7,1010.7,82.0,HEALTHY,replay,0.2,0.0
2025-01-06T01:00:00+00:00,AWS-CHN-024,23.1,1011.1,76.0,False,,low,0.1,NORMAL,21.6,1009.9,81.0,HEALTHY,replay,0.2,0.0
2025-01-06T02:00:00+00:00,AWS-CHN-024,22.9,1010.5,76.0,False,,low,0.2,NORMAL,21.1,1009.4,84.0,HEALTHY,replay,0.3,0.0
2025-01-06T03:00:00+00:00,AWS-CHN-024,22.3,1010.2,79.0,False,,low,0.1,NORMAL,20.4,1009.1,88.0,HEALTHY,replay,0.2,0.0
2025-01-06T04:00:00+00:00,AWS-CHN-024,21.9,1010.3,81.0,False,,low,0.1,NORMAL,19.8,1009.2,89.0,HEALTHY,replay,0.2,0.0
2025-01-06T05:00:00+00:00,AWS-CHN-024,21.7,1010.6,80.0,False,,low,0.2,NORMAL,19.4,1009.6,90.0,HEALTHY,replay,0.3,0.0
2025-01-06T06:00:00+00:00,AWS-CHN-024,23.0,1011.1,86.0,False,,low,1.0,NORMAL,22.3,1010.0,87.0,HEALTHY,replay,1.7,0.0
2025-01-06T07:00:00+00:00,AWS-CHN-024,17.585411608474487,1018.8014949549624,66.30596537573604,True,multivariate_inconsistency,high,76.3,MODEL_OVERRIDE,22.9,1011.0,87.0,HEALTHY,replay,97.1,45.0
2025-01-06T08:00:00+00:00,AWS-CHN-024,30.52419003223945,1006.4768524226336,61.96322291092521,True,unstructured_anomaly,critical,97.8,ML_MODEL_ISOLATION,24.3,1012.1,79.0,HEALTHY,replay,97.8,0.0
2025-01-06T09:00:00+00:00,AWS-CHN-024,19.831929315654055,1021.2848296811856,89.94508303886647,False,,low,39.1,NORMAL,26.1,1012.6,68.0,HEALTHY,replay,65.2,0.0
2025-01-06T10:00:00+00:00,AWS-CHN-024,32.93896835511361,1004.84364883522,47.47335546150625,True,unstructured_anomaly,critical,99.3,ML_MODEL_ISOLATION,27.2,1012.4,63.0,HEALTHY,replay,99.3,0.0
2025-01-06T11:00:00+00:00,AWS-CHN-024,21.03657202139226,1020.024059358612,40.66163755750405,True,multivariate_inconsistency,high,76.9,MODEL_OVERRIDE,27.2,1011.6,63.0,HEALTHY,replay,98.1,45.0
2025-01-06T12:00:00+00:00,AWS-CHN-024,22.65326068283509,1019.297937584266,68.72858322839471,False,,low,37.1,NORMAL,27.7,1010.3,62.0,HEALTHY,replay,61.8,0.0
2025-01-06T13:00:00+00:00,AWS-CHN-024,22.52072997427233,1017.2296946059668,39.15148732243179,True,multivariate_inconsistency,high,76.0,MODEL_OVERRIDE,27.8,1008.9,61.0,HEALTHY,replay,96.6,45.0
2025-01-06T14:00:00+00:00,AWS-CHN-024,34.24038135122039,1002.6115566795812,38.58409605296596,True,unstructured_anomaly,critical,99.6,ML_MODEL_ISOLATION,28.3,1008.1,58.0,HEALTHY,replay,99.6,0.0
2025-01-06T15:00:00+00:00,AWS-CHN-024,28.4,1009.2,52.0,False,,low,41.6,NORMAL,28.1,1008.1,58.0,HEALTHY,replay,69.3,0.0
2025-01-06T16:00:00+00:00,AWS-CHN-024,27.7,1009.3,53.0,False,,low,18.0,NORMAL,27.5,1008.1,59.0,HEALTHY,replay,30.0,0.0
2025-01-06T17:00:00+00:00,AWS-CHN-024,26.6,1009.8,58.0,False,,low,11.0,NORMAL,26.1,1008.6,65.0,HEALTHY,replay,18.3,0.0
2025-01-06T18:00:00+00:00,AWS-CHN-024,25.6,1010.2,70.0,False,,low,8.6,NORMAL,24.7,1009.1,74.0,HEALTHY,replay,14.3,0.0
2025-01-06T19:00:00+00:00,AWS-CHN-024,25.3,1011.1,73.0,False,,low,4.9,NORMAL,23.9,1010.0,77.0,HEALTHY,replay,8.1,0.0
2025-01-06T20:00:00+00:00,AWS-CHN-024,25.0,1011.8,75.0,False,,low,1.8,NORMAL,23.2,1010.6,80.0,HEALTHY,replay,3.0,0.0
2025-01-06T21:00:00+00:00,AWS-CHN-024,24.8,1012.3,77.0,False,,low,1.0,NORMAL,22.8,1011.2,83.0,HEALTHY,replay,1.7,0.0
2025-01-06T22:00:00+00:00,AWS-CHN-024,24.7,1012.2,79.0,False,,low,1.5,NORMAL,22.6,1011.0,84.0,HEALTHY,replay,2.4,0.0
2025-01-06T23:00:00+00:00,AWS-CHN-024,16.080579340230138,1011.8,82.0,False,,low,45.7,NORMAL,22.5,1010.7,86.0,HEALTHY,replay,76.1,0.0
2025-01-07T00:00:00+00:00,AWS-CHN-024,24.4,1011.4,83.0,False,multivariate_inconsistency,low,26.1,NORMAL,22.3,1010.3,90.0,HEALTHY,replay,13.6,45.0
2025-01-07T01:00:00+00:00,AWS-CHN-024,24.2,1011.1,83.0,False,,low,1.9,NORMAL,22.2,1010.0,91.0,HEALTHY,replay,3.2,0.0
2025-01-07T02:00:00+00:00,AWS-CHN-024,24.0,1010.6,84.0,False,,low,1.2,NORMAL,22.1,1009.5,92.0,HEALTHY,replay,2.0,0.0
2025-01-07T03:00:00+00:00,AWS-CHN-024,23.6,1010.3,86.0,False,,low,0.8,NORMAL,21.9,1009.2,94.0,HEALTHY,replay,1.3,0.0
2025-01-07T04:00:00+00:00,AWS-CHN-024,23.1,1010.4,88.0,False,,low,1.5,NORMAL,21.7,1009.3,94.0,HEALTHY,replay,2.5,0.0
2025-01-07T05:00:00+00:00,AWS-CHN-024,22.8,1011.1,89.0,False,,low,1.3,NORMAL,21.6,1009.9,94.0,HEALTHY,replay,2.2,0.0
2025-01-07T06:00:00+00:00,AWS-CHN-024,22.9,1011.8,93.0,False,,low,1.0,NORMAL,22.2,1010.7,97.0,HEALTHY,replay,1.6,0.0
2025-01-07T07:00:00+00:00,AWS-CHN-024,23.1,1012.8,91.0,False,,low,0.9,NORMAL,22.7,1011.6,94.0,HEALTHY,replay,1.5,0.0
2025-01-07T08:00:00+00:00,AWS-CHN-024,24.0,1013.5,87.0,False,,low,1.8,NORMAL,24.2,1012.3,88.0,HEALTHY,replay,3.0,0.0
2025-01-07T09:00:00+00:00,AWS-CHN-024,25.3,1013.5,78.0,False,,low,5.2,NORMAL,25.5,1012.3,79.0,HEALTHY,replay,8.6,0.0
2025-01-07T10:00:00+00:00,AWS-CHN-024,26.3,1013.4,71.0,False,,low,8.1,NORMAL,26.4,1012.3,73.0,HEALTHY,replay,13.5,0.0
2025-01-07T11:00:00+00:00,AWS-CHN-024,26.9,1012.8,67.0,False,,low,5.1,NORMAL,27.2,1011.6,68.0,HEALTHY,replay,8.5,0.0
2025-01-07T12:00:00+00:00,AWS-CHN-024,26.7,1011.8,68.0,False,,low,1.9,NORMAL,27.8,1010.5,65.0,HEALTHY,replay,3.2,0.0
2025-01-07T13:00:00+00:00,AWS-CHN-024,27.0,1010.7,67.74915963626839,False,,low,15.3,NORMAL,27.3,1009.5,67.0,HEALTHY,replay,25.4,0.0
2025-01-07T14:00:00+00:00,AWS-CHN-024,27.3,1009.7,64.49831927253678,False,,low,12.4,NORMAL,27.4,1008.5,64.0,HEALTHY,replay,20.7,0.0
2025-01-07T15:00:00+00:00,AWS-CHN-024,26.9,1009.3,64.24747890880516,False,,low,1.2,NORMAL,27.0,1008.2,64.0,HEALTHY,replay,1.9,0.0
2025-01-07T16:00:00+00:00,AWS-CHN-024,26.5,1009.4,63.99663854507356,False,,low,0.6,NORMAL,26.8,1008.2,65.0,HEALTHY,replay,1.0,0.0
2025-01-07T17:00:00+00:00,AWS-CHN-024,25.7,1009.6,68.74579818134195,False,,low,0.4,NORMAL,25.5,1008.5,69.0,HEALTHY,replay,0.7,0.0
2025-01-07T18:00:00+00:00,AWS-CHN-024,25.4,1010.1,77.49495781761034,False,,low,0.6,NORMAL,24.7,1009.0,77.0,HEALTHY,replay,1.0,0.0
2025-01-07T19:00:00+00:00,AWS-CHN-024,25.1,1010.9,80.24411745387873,False,,low,0.3,NORMAL,24.0,1009.7,80.0,HEALTHY,replay,0.6,0.0
2025-01-07T20:00:00+00:00,AWS-CHN-024,24.9,1011.5,81.99327709014712,False,,low,0.2,NORMAL,23.6,1010.4,82.0,HEALTHY,replay,0.4,0.0
2025-01-07T21:00:00+00:00,AWS-CHN-024,24.8,1011.8,81.7424367264155,False,,low,0.2,NORMAL,23.3,1010.6,83.0,HEALTHY,replay,0.3,0.0
2025-01-07T22:00:00+00:00,AWS-CHN-024,24.6,1011.6,82.4915963626839,False,,low,0.2,NORMAL,22.9,1010.4,84.0,HEALTHY,replay,0.3,0.0
2025-01-07T23:00:00+00:00,AWS-CHN-024,24.3,1011.4,83.2407559989523,False,,low,1.9,NORMAL,22.4,1010.3,85.0,HEALTHY,replay,3.1,0.0
2025-01-08T00:00:00+00:00,AWS-CHN-024,24.1,1011.0,83.98991563522068,False,,low,0.5,NORMAL,22.1,1009.9,85.0,HEALTHY,replay,0.8,0.0
2025-01-08T01:00:00+00:00,AWS-CHN-024,23.7,1010.3,85.73907527148907,False,,low,0.3,NORMAL,21.4,1009.2,87.0,HEALTHY,replay,0.5,0.0
2025-01-08T02:00:00+00:00,AWS-CHN-024,,1009.6,87.48823490775746,True,dropout,critical,100.0,RULE_ENGINE_BYPASS,20.9,1008.5,89.0,HEALTHY,replay,,100.0
2025-01-08T03:00:00+00:00,AWS-CHN-024,22.8,1009.2,90.23739454402585,False,,low,1.0,NORMAL,20.0,1008.1,91.0,HEALTHY,replay,1.7,0.0
2025-01-08T04:00:00+00:00,AWS-CHN-024,22.1,1009.1,93.98655418029423,False,,low,0.5,NORMAL,19.5,1008.0,92.0,HEALTHY,replay,0.9,0.0
2025-01-08T05:00:00+00:00,AWS-CHN-024,21.4,1009.6,97.73571381656262,False,,low,0.5,NORMAL,19.0,1008.5,95.0,HEALTHY,replay,0.8,0.0
2025-01-08T06:00:00+00:00,AWS-CHN-024,22.4,1010.3,94.48487345283102,False,,low,0.3,NORMAL,20.0,1009.2,97.0,HEALTHY,replay,0.4,0.0
2025-01-08T07:00:00+00:00,AWS-CHN-024,22.8,0.0291579478355153,94.2340330890994,True,spike,high,81.9,RULE_ENGINE_BYPASS,21.0,1010.5,95.0,HEALTHY,replay,69.8,100.0
2025-01-08T08:00:00+00:00,AWS-CHN-024,24.5,-0.0358369580512406,89.9831927253678,True,spike,critical,90.7,RULE_ENGINE_BYPASS,23.1,1011.9,86.0,HEALTHY,replay,84.5,100.0
2025-01-08T09:00:00+00:00,AWS-CHN-024,26.2,-0.093599202579407,65.0,True,spike,critical,98.8,RULE_ENGINE_BYPASS,25.2,1012.3,75.0,HEALTHY,replay,98.1,100.0
2025-01-08T10:00:00+00:00,AWS-CHN-024,27.3,0.0094346044714172,53.0,True,spike,critical,98.9,RULE_ENGINE_BYPASS,26.8,1012.3,64.0,OFFLINE,replay,98.2,100.0
2025-01-08T11:00:00+00:00,AWS-CHN-024,27.8,1012.8,50.0,True,multivariate_inconsistency,medium,66.3,FUSED_CONSENSUS,27.6,1011.7,53.0,OFFLINE,replay,80.6,45.0
2025-01-08T12:00:00+00:00,AWS-CHN-024,28.1,1011.7,51.0,True,unstructured_anomaly,high,88.1,ML_MODEL_ISOLATION,28.1,1010.5,52.0,OFFLINE,replay,88.1,0.0
2025-01-08T13:00:00+00:00,AWS-CHN-024,28.1,1010.8,51.0,False,,low,50.2,NORMAL,28.3,1009.5,49.0,HEALTHY,replay,83.6,0.0
2025-01-08T14:00:00+00:00,AWS-CHN-024,28.0,1010.0,50.0,False,,low,30.2,NORMAL,28.0,1008.7,51.0,OFFLINE,replay,50.3,0.0
2025-01-08T15:00:00+00:00,AWS-CHN-024,27.5,1009.7,53.0,False,,low,18.3,NORMAL,27.4,1008.4,53.0,OFFLINE,replay,30.4,0.0
2025-01-08T16:00:00+00:00,AWS-CHN-024,26.9,1009.8,56.0,False,,low,29.1,NORMAL,26.7,1008.6,54.0,OFFLINE,replay,48.5,0.0
2025-01-08T17:00:00+00:00,AWS-CHN-024,26.3,1010.5,59.0,False,,low,24.5,NORMAL,25.5,1009.4,64.0,HEALTHY,replay,40.8,0.0
2025-01-08T18:00:00+00:00,AWS-CHN-024,25.7,1011.1,64.0,False,,low,4.8,NORMAL,24.1,1010.0,70.0,WARNING,replay,8.0,0.0
2025-01-08T19:00:00+00:00,AWS-CHN-024,25.4,1012.2,65.0,False,,low,2.5,NORMAL,23.0,1011.0,76.0,WARNING,replay,4.2,0.0
2025-01-08T20:00:00+00:00,AWS-CHN-024,25.235360467491567,1012.4,65.0,False,,low,1.1,NORMAL,22.5,1011.3,78.0,WARNING,replay,1.9,0.0
2025-01-08T21:00:00+00:00,AWS-CHN-024,25.20414930199076,1012.8,65.0,False,,low,1.2,NORMAL,22.2,1011.7,80.0,WARNING,replay,2.0,0.0
2025-01-08T22:00:00+00:00,AWS-CHN-024,25.096020354370975,1012.9,65.0,False,,low,0.6,NORMAL,22.4,1011.7,78.0,WARNING,replay,0.9,0.0
2025-01-08T23:00:00+00:00,AWS-CHN-024,25.00707138332472,1012.2,65.0,False,,low,0.4,NORMAL,22.7,1011.1,77.0,WARNING,replay,0.6,0.0
2025-01-09T00:00:00+00:00,AWS-CHN-024,25.034991780811605,1011.5,68.0,False,,low,0.4,NORMAL,21.5,1010.5,80.0,WARNING,replay,0.6,0.0
2025-01-09T01:00:00+00:00,AWS-CHN-024,25.37819586332788,1010.9,67.0,False,,low,0.5,NORMAL,21.3,1009.8,81.0,WARNING,replay,0.8,0.0
2025-01-09T02:00:00+00:00,AWS-CHN-024,25.435504081689345,1010.2,65.0,False,,low,0.4,NORMAL,21.0,1009.1,83.0,WARNING,replay,0.6,0.0
2025-01-09T03:00:00+00:00,AWS-CHN-024,25.60599255808422,1009.9,65.0,False,,low,0.3,NORMAL,20.8,1008.8,84.0,WARNING,replay,0.4,0.0
2025-01-09T04:00:00+00:00,AWS-CHN-024,25.688911119286143,1010.1,67.0,False,,low,0.5,NORMAL,21.6,1009.0,81.0,WARNING,replay,0.8,0.0
2025-01-09T05:00:00+00:00,AWS-CHN-024,25.883634176925664,1010.6,,True,dropout,critical,100.0,RULE_ENGINE_BYPASS,21.9,1009.5,80.0,WARNING,replay,,100.0
2025-01-09T06:00:00+00:00,AWS-CHN-024,25.88962920117949,1011.7,72.0,False,,low,1.3,NORMAL,21.4,1010.6,90.0,WARNING,replay,2.1,0.0
2025-01-09T07:00:00+00:00,AWS-CHN-024,26.7064354067231,1012.5,71.0,False,,low,1.7,NORMAL,22.3,1011.4,87.0,HEALTHY,replay,2.8,0.0
2025-01-09T08:00:00+00:00,AWS-CHN-024,27.83364874207855,1013.5,67.0,False,,low,6.6,NORMAL,24.7,1012.4,81.0,HEALTHY,replay,10.9,0.0
2025-01-09T09:00:00+00:00,AWS-CHN-024,29.170910963517912,1014.1,59.0,False,,low,30.6,NORMAL,26.2,1013.0,69.0,HEALTHY,replay,51.0,0.0
2025-01-09T10:00:00+00:00,AWS-CHN-024,30.11790146242948,1013.8,52.0,False,,low,26.1,NORMAL,27.3,1012.6,58.0,HEALTHY,replay,43.5,0.0
2025-01-09T11:00:00+00:00,AWS-CHN-024,31.07433101072482,1013.0,47.0,False,,low,23.4,NORMAL,28.0,1011.8,53.0,HEALTHY,replay,38.9,0.0
2025-01-09T12:00:00+00:00,AWS-CHN-024,31.43993687983913,1012.2,46.0,False,,low,16.1,NORMAL,28.2,1010.9,51.0,HEALTHY,replay,26.9,0.0
2025-01-09T13:00:00+00:00,AWS-CHN-024,31.714478967003192,1011.2,46.0,False,,low,18.4,NORMAL,28.3,1009.9,51.0,HEALTHY,replay,30.6,0.0
2025-01-09T14:00:00+00:00,AWS-CHN-024,31.89773667546727,1010.6,46.0,False,,low,13.3,NORMAL,28.2,1009.4,50.0,HEALTHY,replay,22.1,0.0
2025-01-09T15:00:00+00:00,AWS-CHN-024,31.989506369280903,1010.4,45.0,False,,low,10.0,NORMAL,27.6,1009.2,50.0,HEALTHY,replay,16.7,0.0
2025-01-09T16:00:00+00:00,AWS-CHN-024,31.589599272903836,1010.4,49.0,False,,low,7.6,NORMAL,27.0,1009.1,52.0,HEALTHY,replay,12.6,0.0
2025-01-09T17:00:00+00:00,AWS-CHN-024,31.097839720093443,1011.0,54.0,False,,low,1.9,NORMAL,25.7,1009.8,59.0,HEALTHY,replay,3.2,0.0
2025-01-09T18:00:00+00:00,AWS-CHN-024,31.01406368051575,1011.8,60.0,False,,low,6.0,NORMAL,24.9,1010.7,66.0,HEALTHY,replay,10.1,0.0
2025-01-09T19:00:00+00:00,AWS-CHN-024,30.738117509703457,1012.8,65.0,False,,low,7.8,NORMAL,23.9,1011.7,70.0,HEALTHY,replay,13.1,0.0
2025-01-09T20:00:00+00:00,AWS-CHN-024,30.76985688048416,1013.6,68.0,False,,low,6.8,NORMAL,23.4,1012.5,75.0,HEALTHY,replay,11.3,0.0
2025-01-09T21:00:00+00:00,AWS-CHN-024,31.209145863236238,1014.2,68.0,False,,low,6.5,NORMAL,22.9,1013.1,76.0,HEALTHY,replay,10.8,0.0
2025-01-09T22:00:00+00:00,AWS-CHN-024,31.455856129247003,1014.6,69.0,False,,low,4.5,NORMAL,22.7,1013.5,77.0,HEALTHY,replay,7.4,0.0
2025-01-09T23:00:00+00:00,AWS-CHN-024,31.5098662566938,1014.1,70.0,False,,low,2.5,NORMAL,22.3,1013.0,80.0,HEALTHY,replay,4.2,0.0
2025-01-10T00:00:00+00:00,AWS-CHN-024,31.671061122793773,1013.6,71.0,False,,low,3.1,NORMAL,22.0,1012.5,82.0,HEALTHY,replay,5.1,0.0
2025-01-10T01:00:00+00:00,AWS-CHN-024,31.639331368789044,1013.0,74.0,False,,low,2.4,NORMAL,22.0,1011.9,82.0,HEALTHY,replay,3.9,0.0
2025-01-10T02:00:00+00:00,AWS-CHN-024,31.61457292687733,1012.3,77.0,False,,low,3.1,NORMAL,22.1,1011.2,79.0,HEALTHY,replay,5.1,0.0
2025-01-10T03:00:00+00:00,AWS-CHN-024,31.79668660012885,1011.9,78.0,False,,low,6.2,NORMAL,21.9,1010.7,82.0,HEALTHY,replay,10.3,0.0
2025-01-10T04:00:00+00:00,AWS-CHN-024,32.385577687968194,1011.8,77.0,False,,low,5.1,NORMAL,21.4,1010.7,85.0,HEALTHY,replay,8.5,0.0
2025-01-10T05:00:00+00:00,AWS-CHN-024,32.58115565103476,1012.2,80.0,False,,low,7.0,NORMAL,21.4,1011.1,85.0,HEALTHY,replay,11.7,0.0
2025-01-10T06:00:00+00:00,AWS-CHN-024,32.68333381023457,1012.7,85.0,False,,low,5.5,NORMAL,21.7,1011.6,90.0,HEALTHY,replay,9.1,0.0
2025-01-10T07:00:00+00:00,AWS-CHN-024,34.092029075609,1013.4,81.0,False,,low,5.1,NORMAL,22.7,1012.3,87.0,HEALTHY,replay,8.5,0.0
2025-01-10T08:00:00+00:00,AWS-CHN-024,35.90716170131333,1014.4,76.0,False,,low,6.5,NORMAL,24.8,1013.3,80.0,HEALTHY,replay,10.8,0.0
2025-01-10T09:00:00+00:00,AWS-CHN-024,37.82865506354685,1014.9,66.0,False,,low,10.3,NORMAL,26.6,1013.9,73.0,HEALTHY,replay,17.1,0.0
2025-01-10T10:00:00+00:00,AWS-CHN-024,39.15643545873248,1015.0,59.0,False,,low,9.8,NORMAL,27.5,1013.8,65.0,HEALTHY,replay,16.4,0.0
2025-01-10T11:00:00+00:00,AWS-CHN-024,27.9,1014.3,61.0,False,multivariate_inconsistency,low,26.9,NORMAL,27.6,1013.2,65.0,HEALTHY,replay,14.9,45.0
2025-01-10T12:00:00+00:00,AWS-CHN-024,28.0,1013.5,62.0,False,,low,4.0,NORMAL,27.8,1012.4,64.0,HEALTHY,replay,6.7,0.0
2025-01-10T13:00:00+00:00,AWS-CHN-024,28.1,1012.6,62.0,False,,low,1.1,NORMAL,27.5,1011.5,66.0,HEALTHY,replay,1.8,0.0
2025-01-10T14:00:00+00:00,AWS-CHN-024,27.6,1011.9,64.0,False,,low,0.6,NORMAL,27.8,1010.6,66.0,HEALTHY,replay,0.9,0.0
2025-01-10T15:00:00+00:00,AWS-CHN-024,27.5,1011.5,64.0,False,,low,0.4,NORMAL,27.4,1010.3,66.0,HEALTHY,replay,0.7,0.0
2025-01-10T16:00:00+00:00,AWS-CHN-024,26.9,1011.6,67.0,False,,low,0.8,NORMAL,26.7,1010.5,68.0,HEALTHY,replay,1.4,0.0
2025-01-10T17:00:00+00:00,AWS-CHN-024,26.3,1012.3,70.0,False,,low,0.8,NORMAL,25.9,1011.1,72.0,HEALTHY,replay,1.3,0.0
2025-01-10T18:00:00+00:00,AWS-CHN-024,25.8,1012.8,75.0,False,,low,0.8,NORMAL,24.5,1011.7,83.0,HEALTHY,replay,1.4,0.0
2025-01-10T19:00:00+00:00,AWS-CHN-024,26.0,1013.8,72.0,False,,low,0.8,NORMAL,24.7,1012.7,81.0,HEALTHY,replay,1.3,0.0
2025-01-10T20:00:00+00:00,AWS-CHN-024,-40.027757752694704,1014.5,73.0,True,spike,high,83.0,FUSED_CONSENSUS,24.7,1013.4,79.0,HEALTHY,replay,78.4,89.9
2025-01-10T21:00:00+00:00,AWS-CHN-024,-39.97797862371311,1014.7,74.0,True,multivariate_inconsistency,high,71.5,FUSED_CONSENSUS,24.0,1013.6,82.0,HEALTHY,replay,79.2,60.0
2025-01-10T22:00:00+00:00,AWS-CHN-024,-40.02215439931309,1014.8,77.0,True,spike,high,70.8,FUSED_CONSENSUS,23.7,1013.6,84.0,WARNING,replay,58.1,89.9
2025-01-10T23:00:00+00:00,AWS-CHN-024,-40.00859905548142,1014.2,76.0,True,spike,medium,63.2,FUSED_CONSENSUS,24.1,1013.1,82.0,OFFLINE,replay,45.5,89.9
2025-01-11T00:00:00+00:00,AWS-CHN-024,25.6,1013.6,76.0,False,,low,1.8,NORMAL,24.4,1012.5,81.0,OFFLINE,replay,3.1,0.0
2025-01-11T01:00:00+00:00,AWS-CHN-024,25.4,1012.9,76.0,False,,low,2.6,NORMAL,24.4,1011.8,81.0,OFFLINE,replay,4.3,0.0
2025-01-11T02:00:00+00:00,AWS-CHN-024,25.2,1012.4,77.0,False,,low,3.2,NORMAL,24.3,1011.3,82.0,HEALTHY,replay,5.4,0.0
2025-01-11T03:00:00+00:00,AWS-CHN-024,24.9,1012.1,78.0,False,,low,3.3,NORMAL,23.8,1010.9,84.0,OFFLINE,replay,5.5,0.0
2025-01-11T04:00:00+00:00,AWS-CHN-024,24.8,1012.2,78.0,False,,low,3.4,NORMAL,23.8,1011.0,84.0,OFFLINE,replay,5.6,0.0
2025-01-11T05:00:00+00:00,AWS-CHN-024,24.6,1012.3,80.0,False,,low,4.9,NORMAL,23.8,1011.2,84.0,OFFLINE,replay,8.1,0.0
2025-01-11T06:00:00+00:00,AWS-CHN-024,25.7,1012.4,70.0,False,,low,4.4,NORMAL,23.8,1011.2,81.0,HEALTHY,replay,7.3,0.0
2025-01-11T07:00:00+00:00,AWS-CHN-024,25.9,1013.4,70.0,False,,low,2.7,NORMAL,24.8,1012.2,77.0,WARNING,replay,4.6,0.0
2025-01-11T08:00:00+00:00,AWS-CHN-024,26.7,1014.5,65.0,False,,low,3.1,NORMAL,26.3,1013.4,69.0,WARNING,replay,5.2,0.0
2025-01-11T09:00:00+00:00,AWS-CHN-024,27.4,1015.2,62.0,False,,low,2.6,NORMAL,27.1,1014.0,65.0,WARNING,replay,4.3,0.0
2025-01-11T10:00:00+00:00,AWS-CHN-024,27.9,1015.2,59.0,False,,low,3.8,NORMAL,27.9,1014.0,62.0,WARNING,replay,6.4,0.0
2025-01-11T11:00:00+00:00,AWS-CHN-024,28.3,1015.1,56.0,False,,low,5.3,NORMAL,28.3,1013.9,61.0,WARNING,replay,8.8,0.0
2025-01-11T12:00:00+00:00,AWS-CHN-024,28.5,1013.8,54.0,False,,low,3.9,NORMAL,28.2,1012.5,60.0,WARNING,replay,6.4,0.0
2025-01-11T13:00:00+00:00,AWS-CHN-024,28.2,1012.5,55.0,False,,low,5.0,NORMAL,28.0,1011.1,59.0,WARNING,replay,8.3,0.0
2025-01-11T14:00:00+00:00,AWS-CHN-024,28.2,1011.7,54.0,False,,low,4.9,NORMAL,27.9,1010.4,59.0,WARNING,replay,8.2,0.0
2025-01-11T15:00:00+00:00,AWS-CHN-024,27.7,1011.4,56.0,False,,low,1.9,NORMAL,27.4,1010.1,60.0,WARNING,replay,3.1,0.0
2025-01-11T16:00:00+00:00,AWS-CHN-024,27.2,1011.5,57.0,False,,low,2.6,NORMAL,26.5,1010.3,61.0,WARNING,replay,4.3,0.0
2025-01-11T17:00:00+00:00,AWS-CHN-024,26.6,1011.9,59.0,False,,low,2.0,NORMAL,25.8,1010.8,66.0,WARNING,replay,3.3,0.0
2025-01-11T18:00:00+00:00,AWS-CHN-024,25.6,1012.4,68.0,False,,low,5.1,NORMAL,24.5,1011.2,73.0,WARNING,replay,8.4,0.0
2025-01-11T19:00:00+00:00,AWS-CHN-024,25.4,1013.3,68.0,False,,low,1.0,NORMAL,23.9,1012.1,77.0,WARNING,replay,1.6,0.0
2025-01-11T20:00:00+00:00,AWS-CHN-024,25.3,1013.9,68.0,False,,low,0.6,NORMAL,23.4,1012.8,79.0,HEALTHY,replay,1.0,0.0
2025-01-11T21:00:00+00:00,AWS-CHN-024,25.5,1024.8479108976803,68.0,False,,low,30.2,NORMAL,23.5,1013.4,79.0,HEALTHY,replay,50.3,0.0
2025-01-11T22:00:00+00:00,AWS-CHN-024,25.2,1018.7359003480964,70.0,False,,low,32.6,NORMAL,23.2,1013.4,79.0,HEALTHY,replay,54.3,0.0
2025-01-11T23:00:00+00:00,AWS-CHN-024,24.8,1016.0339588576304,72.0,False,,low,18.1,NORMAL,22.2,1013.2,83.0,HEALTHY,replay,30.2,0.0
2025-01-12T00:00:00+00:00,AWS-CHN-024,24.7,1014.609793213456,73.0,False,,low,14.9,NORMAL,22.6,1012.8,82.0,HEALTHY,replay,24.9,0.0
2025-01-12T01:00:00+00:00,AWS-CHN-024,24.4,1012.9,73.0,False,,low,10.8,NORMAL,22.2,1011.8,83.0,HEALTHY,replay,18.0,0.0
2025-01-12T02:00:00+00:00,AWS-CHN-024,24.3,1012.1,73.0,False,,low,11.8,NORMAL,21.9,1011.0,85.0,HEALTHY,replay,19.7,0.0
2025-01-12T03:00:00+00:00,AWS-CHN-024,24.1,1011.7,74.0,False,,low,7.9,NORMAL,22.0,1010.7,85.0,HEALTHY,replay,13.2,0.0
2025-01-12T04:00:00+00:00,AWS-CHN-024,24.1,1011.6,74.0,False,,low,7.4,NORMAL,21.9,1010.6,85.0,HEALTHY,replay,12.4,0.0
2025-01-12T05:00:00+00:00,AWS-CHN-024,24.3,1012.2,73.0,False,,low,3.7,NORMAL,22.1,1011.1,83.0,HEALTHY,replay,6.1,0.0
2025-01-12T06:00:00+00:00,AWS-CHN-024,25.4,1012.2,73.0,False,,low,4.5,NORMAL,23.6,1011.1,84.0,HEALTHY,replay,7.5,0.0
2025-01-12T07:00:00+00:00,AWS-CHN-024,25.5,1013.1,71.0,False,,low,2.3,NORMAL,23.9,1012.0,86.0,HEALTHY,replay,3.9,0.0
2025-01-12T08:00:00+00:00,AWS-CHN-024,26.1,1014.2,68.0,False,,low,3.0,NORMAL,24.8,1013.1,84.0,HEALTHY,replay,5.0,0.0
2025-01-12T09:00:00+00:00,AWS-CHN-024,26.4,1014.7,69.0,False,,low,2.3,NORMAL,25.4,1013.6,79.0,HEALTHY,replay,3.8,0.0
2025-01-12T10:00:00+00:00,AWS-CHN-024,26.4,1014.3,71.0,False,,low,3.4,NORMAL,25.7,1013.1,79.0,HEALTHY,replay,5.7,0.0
2025-01-12T11:00:00+00:00,AWS-CHN-024,26.1,1013.9,73.0,False,,low,3.5,NORMAL,25.6,1012.8,80.0,HEALTHY,replay,5.8,0.0
2025-01-12T12:00:00+00:00,AWS-CHN-024,26.8,1013.0,68.0,False,,low,5.1,NORMAL,25.9,1011.9,74.0,HEALTHY,replay,8.4,0.0
2025-01-12T13:00:00+00:00,AWS-CHN-024,26.4,1012.0,69.0,False,,low,4.2,NORMAL,25.9,1010.9,75.0,HEALTHY,replay,6.9,0.0
2025-01-12T14:00:00+00:00,AWS-CHN-024,26.5,1011.1,70.0,False,,low,8.9,NORMAL,26.1,1010.0,73.0,HEALTHY,replay,14.8,0.0
2025-01-12T15:00:00+00:00,AWS-CHN-024,26.0,1010.8,73.0,False,,low,6.1,NORMAL,26.1,1009.6,73.0,HEALTHY,replay,10.2,0.0
2025-01-12T16:00:00+00:00,AWS-CHN-024,25.9,1010.8,74.0,False,,low,5.4,NORMAL,26.2,1009.6,72.0,HEALTHY,replay,9.1,0.0
2025-01-12T17:00:00+00:00,AWS-CHN-024,25.7,1011.3,77.0,False,,low,5.0,NORMAL,25.5,1010.2,77.0,HEALTHY,replay,8.3,0.0
2025-01-12T18:00:00+00:00,AWS-CHN-024,25.6,1011.8,81.0,False,,low,4.7,NORMAL,25.2,1010.7,81.0,HEALTHY,replay,7.8,0.0
2025-01-12T19:00:00+00:00,AWS-CHN-024,25.7,1012.6,80.0,False,,low,3.2,NORMAL,24.8,1011.4,83.0,HEALTHY,replay,5.3,0.0
2025-01-12T20:00:00+00:00,AWS-CHN-024,25.6,1013.2,80.0,False,,low,3.5,NORMAL,24.5,1012.1,85.0,HEALTHY,replay,5.8,0.0
2025-01-12T21:00:00+00:00,AWS-CHN-024,25.4,1013.6,83.0,False,,low,13.0,NORMAL,24.7,1012.5,86.0,HEALTHY,replay,21.7,0.0
2025-01-12T22:00:00+00:00,AWS-CHN-024,24.8,1013.4,87.0,False,,low,8.6,NORMAL,24.4,1012.3,88.0,HEALTHY,replay,14.3,0.0
2025-01-12T23:00:00+00:00,AWS-CHN-024,24.8,1013.0,87.0,False,,low,3.0,NORMAL,23.9,1011.9,90.0,HEALTHY,replay,5.0,0.0
2025-01-13T00:00:00+00:00,AWS-CHN-024,24.5,1012.4,89.0,False,,low,3.9,NORMAL,23.7,1011.3,91.0,HEALTHY,replay,6.5,0.0
2025-01-13T01:00:00+00:00,AWS-CHN-024,23.7,1011.5,92.0,False,,low,3.2,NORMAL,23.5,1010.3,93.0,HEALTHY,replay,5.3,0.0
2025-01-13T02:00:00+00:00,AWS-CHN-024,23.6,1010.8,91.0,False,,low,2.9,NORMAL,23.0,1009.7,94.0,HEALTHY,replay,4.8,0.0
2025-01-13T03:00:00+00:00,AWS-CHN-024,23.6,1010.2,93.0,False,,low,3.8,NORMAL,22.7,1009.1,95.0,HEALTHY,replay,6.3,0.0
2025-01-13T04:00:00+00:00,AWS-CHN-024,23.8,1010.1,94.0,False,,low,2.2,NORMAL,22.5,1009.1,96.0,HEALTHY,replay,3.7,0.0
2025-01-13T05:00:00+00:00,AWS-CHN-024,23.8,1010.4,92.0,False,,low,3.3,NORMAL,22.7,1009.3,95.0,HEALTHY,replay,5.5,0.0
2025-01-13T06:00:00+00:00,AWS-CHN-024,24.1,1011.0,94.0,False,,low,2.6,NORMAL,23.5,1009.8,97.0,HEALTHY,replay,4.4,0.0
2025-01-13T07:00:00+00:00,AWS-CHN-024,24.5,1012.0,92.0,False,,low,2.0,NORMAL,23.9,1010.8,95.0,HEALTHY,replay,3.3,0.0
2025-01-13T08:00:00+00:00,AWS-CHN-024,25.2,1012.9,87.0,False,,low,1.5,NORMAL,24.9,1011.8,90.0,HEALTHY,replay,2.5,0.0
2025-01-13T09:00:00+00:00,AWS-CHN-024,25.9,1013.3,82.0,False,,low,1.9,NORMAL,25.9,1012.2,85.0,HEALTHY,replay,3.2,0.0
2025-01-13T10:00:00+00:00,AWS-CHN-024,26.0,1012.9,82.0,False,,low,1.6,NORMAL,27.3,1011.6,77.0,HEALTHY,replay,2.7,0.0
2025-01-13T11:00:00+00:00,AWS-CHN-024,26.4,1012.2,79.0,False,,low,1.1,NORMAL,26.9,1011.0,78.0,HEALTHY,replay,1.8,0.0
2025-01-13T12:00:00+00:00,AWS-CHN-024,26.4,1011.0,80.0,False,,low,3.1,NORMAL,26.8,1009.8,80.0,HEALTHY,replay,5.2,0.0
2025-01-13T13:00:00+00:00,AWS-CHN-024,26.7,1009.8,78.0,False,,low,13.3,NORMAL,26.5,1008.7,80.0,HEALTHY,replay,22.1,0.0
2025-01-13T14:00:00+00:00,AWS-CHN-024,26.9,1009.2,77.0,False,,low,6.4,NORMAL,27.0,1008.0,79.0,HEALTHY,replay,10.7,0.0
2025-01-13T15:00:00+00:00,AWS-CHN-024,26.4,1008.8,81.0,False,,low,7.7,NORMAL,26.5,1007.6,78.0,HEALTHY,replay,12.9,0.0
2025-01-13T16:00:00+00:00,AWS-CHN-024,26.2,1009.2,79.0,False,,low,3.0,NORMAL,26.2,1008.1,81.0,HEALTHY,replay,4.9,0.0
2025-01-13T17:00:00+00:00,AWS-CHN-024,26.1,1009.5,78.0,False,,low,3.4,NORMAL,25.4,1008.4,83.0,HEALTHY,replay,5.6,0.0
2025-01-13T18:00:00+00:00,AWS-CHN-024,26.1,1010.5,77.0,False,,low,3.0,NORMAL,25.2,1009.4,82.0,HEALTHY,replay,5.0,0.0
2025-01-13T19:00:00+00:00,AWS-CHN-024,26.2,1011.6,77.0,False,,low,3.8,NORMAL,25.1,1010.6,82.0,HEALTHY,replay,6.3,0.0
2025-01-13T20:00:00+00:00,AWS-CHN-024,26.1,1012.0,79.0,False,,low,2.3,NORMAL,25.0,1010.9,82.0,HEALTHY,replay,3.8,0.0
2025-01-13T21:00:00+00:00,AWS-CHN-024,25.9,1012.7,80.0,False,,low,2.4,NORMAL,24.6,1011.6,85.0,HEALTHY,replay,3.9,0.0
2025-01-13T22:00:00+00:00,AWS-CHN-024,25.7,1012.9,81.0,False,,low,1.3,NORMAL,24.6,1011.8,85.0,HEALTHY,replay,2.1,0.0
2025-01-13T23:00:00+00:00,AWS-CHN-024,25.5,1012.4,81.0,False,,low,1.0,NORMAL,24.3,1011.3,87.0,HEALTHY,replay,1.7,0.0
2025-01-14T00:00:00+00:00,AWS-CHN-024,25.2,1011.9,82.0,False,,low,0.9,NORMAL,23.5,1010.8,91.0,HEALTHY,replay,1.5,0.0
2025-01-14T01:00:00+00:00,AWS-CHN-024,24.8,1011.1,85.0,False,,low,1.1,NORMAL,23.1,1010.0,93.0,HEALTHY,replay,1.8,0.0
2025-01-14T02:00:00+00:00,AWS-CHN-024,24.7,1010.5,86.0,False,,low,0.9,NORMAL,22.8,1009.4,94.0,HEALTHY,replay,1.4,0.0
2025-01-14T03:00:00+00:00,AWS-CHN-024,24.7,1009.8,85.0,False,,low,1.4,NORMAL,22.7,1008.7,94.0,HEALTHY,replay,2.4,0.0
2025-01-14T04:00:00+00:00,AWS-CHN-024,24.6,1010.1,84.0,False,,low,1.1,NORMAL,22.5,1009.0,94.0,HEALTHY,replay,1.8,0.0
2025-01-14T05:00:00+00:00,AWS-CHN-024,24.6,1010.8,84.0,False,,low,0.8,NORMAL,22.6,1009.6,94.0,HEALTHY,replay,1.3,0.0
2025-01-14T06:00:00+00:00,AWS-CHN-024,25.1,1011.9,81.0,False,,low,1.8,NORMAL,23.6,1010.8,90.0,HEALTHY,replay,3.0,0.0
2025-01-14T07:00:00+00:00,AWS-CHN-024,25.5,1012.9,79.0,False,,low,3.0,NORMAL,24.5,1011.8,86.0,HEALTHY,replay,5.0,0.0
2025-01-14T08:00:00+00:00,AWS-CHN-024,26.7,1013.8,71.0,False,,low,8.7,NORMAL,26.3,1012.8,78.0,HEALTHY,replay,14.5,0.0
2025-01-14T09:00:00+00:00,AWS-CHN-024,27.3,1014.5,69.0,False,,low,7.3,NORMAL,27.3,1013.3,70.0,HEALTHY,replay,12.1,0.0
2025-01-14T10:00:00+00:00,AWS-CHN-024,27.7,1014.2,67.0,False,,low,6.4,NORMAL,28.2,1013.1,64.0,HEALTHY,replay,10.7,0.0
2025-01-14T11:00:00+00:00,AWS-CHN-024,28.0,1014.0,66.0,False,,low,3.3,NORMAL,28.7,1012.8,63.0,HEALTHY,replay,5.5,0.0
2025-01-14T12:00:00+00:00,AWS-CHN-024,28.2,1013.1,65.0,False,,low,5.4,NORMAL,28.9,1011.9,62.0,HEALTHY,replay,8.9,0.0
2025-01-14T13:00:00+00:00,AWS-CHN-024,28.0,1012.0,65.0,False,,low,3.5,NORMAL,28.9,1010.7,61.0,HEALTHY,replay,5.8,0.0
2025-01-14T14:00:00+00:00,AWS-CHN-024,27.0,1011.3,71.0,False,,low,2.1,NORMAL,28.8,1010.0,60.0,HEALTHY,replay,3.6,0.0
2025-01-14T15:00:00+00:00,AWS-CHN-024,27.1,1010.9,70.0,False,,low,1.5,NORMAL,27.5,1009.7,67.0,HEALTHY,replay,2.4,0.0
2025-01-14T16:00:00+00:00,AWS-CHN-024,27.1,1011.1,68.0,False,,low,1.1,NORMAL,27.0,1009.9,68.0,HEALTHY,replay,1.8,0.0
2025-01-14T17:00:00+00:00,AWS-CHN-024,26.4,1011.6,71.0,False,,low,0.9,NORMAL,26.3,1010.5,71.0,HEALTHY,replay,1.5,0.0
2025-01-14T18:00:00+00:00,AWS-CHN-024,26.0,1012.4,77.0,False,,low,0.6,NORMAL,25.5,1011.4,80.0,HEALTHY,replay,1.1,0.0
2025-01-14T19:00:00+00:00,AWS-CHN-024,25.9,1013.2,12.95260872112479,True,unstructured_anomaly,critical,93.8,ML_MODEL_ISOLATION,25.0,1012.0,81.0,HEALTHY,replay,93.8,0.0
2025-01-14T20:00:00+00:00,AWS-CHN-024,26.0,1014.0,77.0,False,,low,1.6,NORMAL,25.0,1012.9,83.0,HEALTHY,replay,2.6,0.0
2025-01-14T21:00:00+00:00,AWS-CHN-024,25.9,1014.2,76.0,False,,low,1.3,NORMAL,24.5,1013.1,83.0,HEALTHY,replay,2.2,0.0
2025-01-14T22:00:00+00:00,AWS-CHN-024,25.7,1014.2,76.0,False,,low,0.8,NORMAL,24.1,1013.0,85.0,HEALTHY,replay,1.3,0.0
2025-01-14T23:00:00+00:00,AWS-CHN-024,25.4,1013.8,77.0,False,,low,0.5,NORMAL,23.9,1012.6,85.0,HEALTHY,replay,0.8,0.0
2025-01-15T00:00:00+00:00,AWS-CHN-024,25.5,1013.2,77.0,False,,low,0.5,NORMAL,24.0,1012.1,84.0,HEALTHY,replay,0.8,0.0
2025-01-15T01:00:00+00:00,AWS-CHN-024,25.3,1012.5,76.87000167356548,False,,low,0.6,NORMAL,23.5,1011.4,86.0,HEALTHY,replay,1.0,0.0
2025-01-15T02:00:00+00:00,AWS-CHN-024,25.2,1011.8,76.87661729392285,False,,low,0.5,NORMAL,23.5,1010.7,86.0,HEALTHY,replay,0.9,0.0
2025-01-15T03:00:00+00:00,AWS-CHN-024,25.3,1011.7,76.79645514640949,False,,low,0.7,NORMAL,23.7,1010.6,84.0,HEALTHY,replay,1.1,0.0
2025-01-15T04:00:00+00:00,AWS-CHN-024,25.4,1011.7,76.88938035723939,False,,low,1.1,NORMAL,23.8,1010.6,83.0,HEALTHY,replay,1.8,0.0
2025-01-15T05:00:00+00:00,AWS-CHN-024,25.335735793921227,1012.3,76.91604242651336,False,,low,1.0,NORMAL,23.7,1011.2,83.0,HEALTHY,replay,1.7,0.0
2025-01-15T06:00:00+00:00,AWS-CHN-024,25.50280937770801,1013.0,76.91373975881707,False,,low,1.2,NORMAL,23.8,1011.9,87.0,HEALTHY,replay,2.0,0.0
2025-01-15T07:00:00+00:00,AWS-CHN-024,26.090843999751307,1014.1,76.84904802050092,False,,low,2.5,NORMAL,24.8,1012.9,83.0,HEALTHY,replay,4.2,0.0
2025-01-15T08:00:00+00:00,AWS-CHN-024,27.196041117344585,1015.0,76.86730500334087,False,,low,5.3,NORMAL,26.6,1013.9,73.0,HEALTHY,replay,8.9,0.0
2025-01-15T09:00:00+00:00,AWS-CHN-024,28.316180929032026,1015.4,,True,dropout,critical,100.0,RULE_ENGINE_BYPASS,27.8,1014.3,64.0,HEALTHY,replay,,100.0
2025-01-15T10:00:00+00:00,AWS-CHN-024,28.949754039469084,1015.3,60.0,False,,low,32.3,NORMAL,28.5,1014.1,61.0,HEALTHY,replay,53.8,0.0
2025-01-15T11:00:00+00:00,AWS-CHN-024,29.395645667805734,1014.8,59.0,False,,low,5.7,NORMAL,29.1,1013.6,58.0,HEALTHY,replay,9.6,0.0
2025-01-15T12:00:00+00:00,AWS-CHN-024,29.75298779222252,1013.7,58.0,False,,low,5.3,NORMAL,29.3,1012.5,57.0,HEALTHY,replay,8.8,0.0
2025-01-15T13:00:00+00:00,AWS-CHN-024,29.82107911255292,1012.6,58.0,False,,low,5.0,NORMAL,29.2,1011.3,56.0,HEALTHY,replay,8.3,0.0
2025-01-15T14:00:00+00:00,AWS-CHN-024,29.7993373390178,1011.6,58.0,False,,low,6.7,NORMAL,28.9,1010.3,56.0,HEALTHY,replay,11.2,0.0
2025-01-15T15:00:00+00:00,AWS-CHN-024,29.587268708284054,1011.1,60.0,False,,low,2.9,NORMAL,28.3,1009.9,58.0,HEALTHY,replay,4.8,0.0
2025-01-15T16:00:00+00:00,AWS-CHN-024,29.18444745593123,1011.2,61.0,False,,low,2.2,NORMAL,27.6,1010.1,60.0,HEALTHY,replay,3.7,0.0
2025-01-15T17:00:00+00:00,AWS-CHN-024,28.590501410920005,1011.8,65.0,False,,low,1.3,NORMAL,26.5,1010.7,65.0,HEALTHY,replay,2.2,0.0
2025-01-15T18:00:00+00:00,AWS-CHN-024,28.20510154351773,1012.8,73.0,False,,low,1.7,NORMAL,25.3,1011.7,78.0,HEALTHY,replay,2.9,0.0
2025-01-15T19:00:00+00:00,AWS-CHN-024,28.227954170062883,1013.5,73.0,False,,low,1.0,NORMAL,25.1,1012.4,78.0,HEALTHY,replay,1.6,0.0
2025-01-15T20:00:00+00:00,AWS-CHN-024,28.358795003225254,1014.2,74.0,False,,low,1.3,NORMAL,25.0,1013.1,78.0,HEALTHY,replay,2.2,0.0
2025-01-15T21:00:00+00:00,AWS-CHN-024,28.497384520460216,1014.8,72.0,False,,low,1.6,NORMAL,24.8,1013.6,78.0,HEALTHY,replay,2.6,0.0
2025-01-15T22:00:00+00:00,AWS-CHN-024,28.543504296771477,1014.8,72.0,False,,low,1.8,NORMAL,24.5,1013.7,78.0,HEALTHY,replay,3.0,0.0
2025-01-15T23:00:00+00:00,AWS-CHN-024,28.49695405763922,1014.4,72.0,False,,low,1.3,NORMAL,24.1,1013.3,79.0,HEALTHY,replay,2.2,0.0
2025-01-16T00:00:00+00:00,AWS-CHN-024,28.65754927959665,1014.0,73.0,False,,low,2.0,NORMAL,23.5,1012.8,81.0,HEALTHY,replay,3.3,0.0
2025-01-16T01:00:00+00:00,AWS-CHN-024,28.825119213962186,1013.0,73.0,False,,low,2.9,NORMAL,23.5,1011.9,82.0,HEALTHY,replay,4.9,0.0
2025-01-16T02:00:00+00:00,AWS-CHN-024,28.99950524220453,1012.1,73.0,False,,low,3.6,NORMAL,23.3,1011.0,82.0,HEALTHY,replay,6.0,0.0
2025-01-16T03:00:00+00:00,AWS-CHN-024,29.18055949453328,1011.4,73.0,False,,low,3.4,NORMAL,23.2,1010.3,82.0,HEALTHY,replay,5.6,0.0
2025-01-16T04:00:00+00:00,AWS-CHN-024,29.36814367981902,1011.2,73.0,False,,low,2.9,NORMAL,23.1,1010.1,82.0,HEALTHY,replay,4.8,0.0
2025-01-16T05:00:00+00:00,AWS-CHN-024,29.76212808694305,1011.5,73.0,False,,low,3.7,NORMAL,23.2,1010.4,81.0,HEALTHY,replay,6.1,0.0
2025-01-16T06:00:00+00:00,AWS-CHN-024,30.36239072652417,1012.7,73.0,False,,low,7.7,NORMAL,23.2,1011.5,84.0,HEALTHY,replay,12.8,0.0
2025-01-16T07:00:00+00:00,AWS-CHN-024,30.968816588586986,1013.5,72.0,False,,low,10.9,NORMAL,24.5,1012.4,79.0,HEALTHY,replay,18.1,0.0
2025-01-16T08:00:00+00:00,AWS-CHN-024,32.68129699674758,1014.4,64.0,False,,low,18.3,NORMAL,26.4,1013.4,69.0,HEALTHY,replay,30.4,0.0
2025-01-16T09:00:00+00:00,AWS-CHN-024,33.69972904333153,1014.8,60.0,False,,low,19.1,NORMAL,27.4,1013.7,62.0,HEALTHY,replay,31.8,0.0
2025-01-16T10:00:00+00:00,AWS-CHN-024,34.524015092812164,1014.6,58.0,False,,low,10.1,NORMAL,28.1,1013.5,60.0,HEALTHY,replay,16.8,0.0
2025-01-16T11:00:00+00:00,AWS-CHN-024,35.05406234328136,1014.3,58.0,False,,low,7.2,NORMAL,28.5,1013.0,59.0,HEALTHY,replay,12.0,0.0
2025-01-16T12:00:00+00:00,AWS-CHN-024,35.389782437499626,1013.4,57.0,False,,low,11.1,NORMAL,28.8,1012.2,57.0,HEALTHY,replay,18.5,0.0
2025-01-16T13:00:00+00:00,AWS-CHN-024,35.43109111653157,1012.2,57.0,False,,low,11.7,NORMAL,28.5,1010.9,57.0,HEALTHY,replay,19.5,0.0
2025-01-16T14:00:00+00:00,AWS-CHN-024,35.47790791014337,1011.5,59.0,False,,low,6.5,NORMAL,28.3,1010.3,57.0,HEALTHY,replay,10.8,0.0
2025-01-16T15:00:00+00:00,AWS-CHN-024,35.630155859084745,1011.3,60.0,False,,low,6.1,NORMAL,27.3,1010.1,62.0,HEALTHY,replay,10.2,0.0
2025-01-16T16:00:00+00:00,AWS-CHN-024,35.38776126514684,1011.4,62.0,False,,low,6.3,NORMAL,26.8,1010.2,63.0,HEALTHY,replay,10.5,0.0
2025-01-16T17:00:00+00:00,AWS-CHN-024,35.05065346551751,1011.8,65.0,False,,low,6.5,NORMAL,25.9,1010.7,67.0,HEALTHY,replay,10.8,0.0
2025-01-16T18:00:00+00:00,AWS-CHN-024,35.01876462847383,1012.2,70.0,False,,low,7.7,NORMAL,25.1,1011.1,71.0,HEALTHY,replay,12.8,0.0
2025-01-16T19:00:00+00:00,AWS-CHN-024,35.09202956788155,1013.3,72.0,False,,low,9.5,NORMAL,24.0,1012.2,77.0,HEALTHY,replay,15.9,0.0
2025-01-16T20:00:00+00:00,AWS-CHN-024,35.27038557432883,1014.2,72.0,False,,low,9.4,NORMAL,23.5,1013.1,79.0,HEALTHY,replay,15.7,0.0
2025-01-16T21:00:00+00:00,AWS-CHN-024,35.45377226102094,1015.1,73.0,False,,low,10.5,NORMAL,23.2,1013.9,80.0,HEALTHY,replay,17.4,0.0
2025-01-16T22:00:00+00:00,AWS-CHN-024,30.72203200882576,1008.2647801267713,55.19448476985022,True,multivariate_inconsistency,high,75.0,MODEL_OVERRIDE,23.3,1014.2,80.0,HEALTHY,replay,94.9,45.0
2025-01-16T23:00:00+00:00,AWS-CHN-024,19.714235860320706,1022.8819157279148,88.12476204864313,True,unstructured_anomaly,critical,98.9,ML_MODEL_ISOLATION,23.3,1013.5,79.0,HEALTHY,replay,98.9,0.0
2025-01-17T00:00:00+00:00,AWS-CHN-024,30.73925337198951,1005.2317758165158,91.18479237501096,True,unstructured_anomaly,high,89.4,ML_MODEL_ISOLATION,22.7,1012.9,81.0,HEALTHY,replay,89.4,0.0
2025-01-17T01:00:00+00:00,AWS-CHN-024,30.70148163566456,1005.649044894728,56.06027534748356,True,multivariate_inconsistency,high,75.2,MODEL_OVERRIDE,22.3,1011.9,84.0,HEALTHY,replay,95.4,45.0
2025-01-17T02:00:00+00:00,AWS-CHN-024,31.35433021523869,1003.6861192237596,57.78980270269421,True,multivariate_inconsistency,high,76.2,MODEL_OVERRIDE,22.1,1010.8,84.0,HEALTHY,replay,96.9,45.0
2025-01-17T03:00:00+00:00,AWS-CHN-024,17.330137008235404,1018.4309371606614,56.78666213712394,True,spike,critical,93.9,MODEL_OVERRIDE,22.1,1010.1,84.0,HEALTHY,replay,98.7,86.8
2025-01-17T04:00:00+00:00,AWS-CHN-024,29.89761399014956,1002.6160409454844,60.86384082571543,True,multivariate_inconsistency,high,74.8,MODEL_OVERRIDE,21.6,1009.9,87.0,OFFLINE,replay,94.7,45.0
2025-01-17T05:00:00+00:00,AWS-CHN-024,23.7,1011.4,80.0,True,multivariate_inconsistency,medium,56.5,FUSED_CONSENSUS,21.2,1010.2,89.0,OFFLINE,replay,62.4,47.6
2025-01-17T06:00:00+00:00,AWS-CHN-024,24.1,1012.2,81.0,True,multivariate_inconsistency,low,53.6,FUSED_CONSENSUS,21.9,1011.1,92.0,OFFLINE,replay,57.8,47.3
2025-01-17T07:00:00+00:00,AWS-CHN-024,24.8,1012.9,78.0,True,multivariate_inconsistency,low,45.6,FUSED_CONSENSUS,23.3,1011.8,87.0,OFFLINE,replay,45.7,45.5
2025-01-17T08:00:00+00:00,AWS-CHN-024,25.9,1013.6,71.0,False,multivariate_inconsistency,low,43.8,NORMAL,25.5,1012.5,77.0,OFFLINE,replay,42.9,45.0
2025-01-17T09:00:00+00:00,AWS-CHN-024,26.6,1013.7,68.0,False,multivariate_inconsistency,low,39.1,NORMAL,26.6,1012.6,69.0,OFFLINE,replay,35.2,45.0
2025-01-17T10:00:00+00:00,AWS-CHN-024,27.1,1013.3,65.0,True,multivariate_inconsistency,low,47.8,FUSED_CONSENSUS,27.5,1012.1,63.0,OFFLINE,replay,49.6,45.0
2025-01-17T11:00:00+00:00,AWS-CHN-024,27.4,1012.8,62.0,True,multivariate_inconsistency,low,54.8,FUSED_CONSENSUS,27.8,1011.6,61.0,OFFLINE,replay,61.3,45.0
2025-01-17T12:00:00+00:00,AWS-CHN-024,27.3,1011.9,63.0,True,multivariate_inconsistency,medium,57.7,FUSED_CONSENSUS,27.9,1010.6,60.0,OFFLINE,replay,66.2,45.0
2025-01-17T13:00:00+00:00,AWS-CHN-024,27.1,1011.0,63.0,True,multivariate_inconsistency,medium,60.9,FUSED_CONSENSUS,27.6,1009.8,61.0,OFFLINE,replay,71.5,45.0
2025-01-17T14:00:00+00:00,AWS-CHN-024,26.9,1010.1,65.0,True,multivariate_inconsistency,medium,66.4,FUSED_CONSENSUS,27.3,1008.9,63.0,OFFLINE,replay,80.6,45.0
2025-01-17T15:00:00+00:00,AWS-CHN-024,27.0,1009.9,64.0,True,multivariate_inconsistency,medium,60.4,FUSED_CONSENSUS,26.7,1008.8,66.0,OFFLINE,replay,70.7,45.0
2025-01-17T16:00:00+00:00,AWS-CHN-024,26.6,1010.1,65.0,True,multivariate_inconsistency,medium,61.0,FUSED_CONSENSUS,26.4,1008.9,67.0,OFFLINE,replay,71.7,45.0
2025-01-17T17:00:00+00:00,AWS-CHN-024,25.8,1010.5,68.0,True,multivariate_inconsistency,medium,57.1,FUSED_CONSENSUS,25.6,1009.3,70.0,OFFLINE,replay,65.2,45.0
2025-01-17T18:00:00+00:00,AWS-CHN-024,25.7,1011.0,67.0,True,multivariate_inconsistency,low,48.5,FUSED_CONSENSUS,24.9,1010.0,72.0,OFFLINE,replay,50.8,45.0
2025-01-17T19:00:00+00:00,AWS-CHN-024,25.3,1012.0,70.0,True,multivariate_inconsistency,low,48.9,FUSED_CONSENSUS,24.4,1010.8,75.0,OFFLINE,replay,51.4,45.0
2025-01-17T20:00:00+00:00,AWS-CHN-024,25.1,1012.3,71.0,True,multivariate_inconsistency,low,49.6,FUSED_CONSENSUS,24.1,1011.2,76.0,OFFLINE,replay,52.6,45.0
2025-01-17T21:00:00+00:00,AWS-CHN-024,25.0,1013.0,72.0,False,multivariate_inconsistency,low,43.2,NORMAL,23.6,1011.9,78.0,OFFLINE,replay,39.5,48.7
2025-01-17T22:00:00+00:00,AWS-CHN-024,24.8,1013.1,72.0,True,multivariate_inconsistency,low,47.2,FUSED_CONSENSUS,23.5,1012.0,79.0,OFFLINE,replay,43.9,52.1
2025-01-17T23:00:00+00:00,AWS-CHN-024,24.7,1012.8,72.0,True,spike,medium,64.7,FUSED_CONSENSUS,23.1,1011.7,80.0,OFFLINE,replay,50.9,85.4
2025-01-18T00:00:00+00:00,AWS-CHN-024,24.4,1012.2,72.0,True,spike,medium,67.0,FUSED_CONSENSUS,23.0,1011.1,80.0,OFFLINE,replay,52.8,88.4
2025-01-18T01:00:00+00:00,AWS-CHN-024,24.0,1011.3,73.0,True,multivariate_inconsistency,medium,55.6,FUSED_CONSENSUS,22.4,1010.2,83.0,OFFLINE,replay,52.7,60.0
2025-01-18T02:00:00+00:00,AWS-CHN-024,23.8,1010.8,73.0,True,spike,high,76.6,FUSED_CONSENSUS,22.1,1009.6,82.0,OFFLINE,replay,67.8,89.9
2025-01-18T03:00:00+00:00,AWS-CHN-024,23.5,1010.2,75.0,True,spike,high,79.8,FUSED_CONSENSUS,21.5,1009.1,84.0,OFFLINE,replay,73.0,89.9
2025-01-18T04:00:00+00:00,AWS-CHN-024,23.2,1010.0,77.0,True,spike,high,83.1,FUSED_CONSENSUS,21.1,1008.9,86.0,OFFLINE,replay,78.5,89.9
2025-01-18T05:00:00+00:00,AWS-CHN-024,23.1,1010.3,78.0,True,spike,high,86.8,FUSED_CONSENSUS,20.9,1009.2,88.0,OFFLINE,replay,84.7,89.9
2025-01-18T06:00:00+00:00,AWS-CHN-024,23.9,1010.8,75.0,True,spike,high,81.7,FUSED_CONSENSUS,22.0,1009.7,86.0,OFFLINE,replay,76.2,89.9
2025-01-18T07:00:00+00:00,AWS-CHN-024,24.7,1011.9,72.0,True,spike,high,81.4,FUSED_CONSENSUS,23.0,1010.8,82.0,OFFLINE,replay,75.8,89.9
2025-01-18T08:00:00+00:00,AWS-CHN-024,26.4,1012.4,62.0,True,spike,high,78.9,FUSED_CONSENSUS,25.2,1011.4,75.0,OFFLINE,replay,71.6,89.9
2025-01-18T09:00:00+00:00,AWS-CHN-024,27.4,1013.0,58.0,True,spike,high,86.9,FUSED_CONSENSUS,27.0,1011.9,61.0,OFFLINE,replay,84.9,89.9
2025-01-18T10:00:00+00:00,AWS-CHN-024,28.2,1012.9,55.0,True,spike,high,87.8,FUSED_CONSENSUS,27.9,1011.7,58.0,OFFLINE,replay,86.5,89.9
2025-01-18T11:00:00+00:00,AWS-CHN-024,27.3,1012.5,61.0,True,multivariate_inconsistency,high,70.5,FUSED_CONSENSUS,27.4,1011.4,60.0,OFFLINE,replay,77.6,60.0
2025-01-18T12:00:00+00:00,AWS-CHN-024,27.1,1011.8,64.0,True,spike,high,82.9,FUSED_CONSENSUS,27.1,1010.7,65.0,OFFLINE,replay,78.2,89.9
2025-01-18T13:00:00+00:00,AWS-CHN-024,27.4,1010.4,64.0,True,spike,critical,90.2,MODEL_OVERRIDE,27.1,1009.2,65.0,OFFLINE,replay,90.4,89.9
2025-01-18T14:00:00+00:00,AWS-CHN-024,27.2,1009.4,64.0,True,spike,critical,94.1,MODEL_OVERRIDE,26.9,1008.3,67.0,OFFLINE,replay,96.9,89.9
2025-01-18T15:00:00+00:00,AWS-CHN-024,26.9,1009.0,66.0,True,spike,critical,92.9,MODEL_OVERRIDE,26.5,1007.8,67.0,OFFLINE,replay,94.8,89.9
2025-01-18T16:00:00+00:00,AWS-CHN-024,26.6,1009.1,69.0,True,spike,critical,92.0,MODEL_OVERRIDE,26.3,1007.9,71.0,OFFLINE,replay,93.4,89.9
2025-01-18T17:00:00+00:00,AWS-CHN-024,15.44215172788887,1009.0715732039512,72.0,True,spike,high,89.9,FUSED_CONSENSUS,26.1,1008.2,72.0,OFFLINE,replay,,89.9
2025-01-18T18:00:00+00:00,AWS-CHN-024,25.6,1009.044999309548,76.0,False,multivariate_inconsistency,low,45.0,NORMAL,25.4,1009.1,75.0,OFFLINE,replay,,45.0
2025-01-18T19:00:00+00:00,AWS-CHN-024,25.0,1009.0444832834256,80.0,True,spike,high,89.9,FUSED_CONSENSUS,25.1,1009.9,78.0,OFFLINE,replay,,89.9
2025-01-18T20:00:00+00:00,AWS-CHN-024,24.8,1009.0715962386444,82.0,True,spike,high,89.9,FUSED_CONSENSUS,24.6,1010.7,81.0,OFFLINE,replay,,89.9
2025-01-18T21:00:00+00:00,AWS-CHN-024,24.5,1009.063135933986,85.0,False,spike,low,34.2,NORMAL,24.3,1011.1,85.0,OFFLINE,replay,,34.2
2025-01-18T22:00:00+00:00,AWS-CHN-024,24.4,1009.0822787186052,89.0,True,spike,high,89.9,FUSED_CONSENSUS,23.9,1011.0,89.0,OFFLINE,replay,,89.9
2025-01-18T23:00:00+00:00,AWS-CHN-024,24.3,1009.0561823619324,90.0,True,spike,high,89.9,FUSED_CONSENSUS,23.3,1010.5,94.0,OFFLINE,replay,,89.9
2025-01-19T00:00:00+00:00,AWS-CHN-024,24.1,1009.089949796736,91.0,True,spike,high,89.9,FUSED_CONSENSUS,23.3,1010.2,96.0,OFFLINE,replay,,89.9
2025-01-19T01:00:00+00:00,AWS-CHN-024,23.9,1010.7,92.0,True,spike,high,89.9,FUSED_CONSENSUS,23.2,1009.5,97.0,OFFLINE,replay,,89.9
2025-01-19T02:00:00+00:00,AWS-CHN-024,23.9,1010.0,92.0,True,spike,high,89.9,FUSED_CONSENSUS,23.1,1008.9,97.0,OFFLINE,replay,,89.9
2025-01-19T03:00:00+00:00,AWS-CHN-024,38.27896739990385,1009.7,94.0,True,spike,high,87.8,FUSED_CONSENSUS,23.2,1008.6,96.0,OFFLINE,replay,,87.8
2025-01-19T04:00:00+00:00,AWS-CHN-024,29.349318320164823,1009.8,95.0,True,spike,high,88.4,FUSED_CONSENSUS,23.1,1008.6,96.0,OFFLINE,replay,,88.4
2025-01-19T05:00:00+00:00,AWS-CHN-024,25.711231492678472,1010.2,93.0,True,spike,high,89.9,FUSED_CONSENSUS,23.0,1009.1,97.0,OFFLINE,replay,,89.9
2025-01-19T06:00:00+00:00,AWS-CHN-024,25.07726109083425,1011.1,91.0,True,spike,high,89.9,FUSED_CONSENSUS,23.3,1010.0,95.0,OFFLINE,replay,,89.9
2025-01-19T07:00:00+00:00,AWS-CHN-024,24.6,1012.2,91.0,True,spike,high,89.9,FUSED_CONSENSUS,23.8,1011.1,94.0,OFFLINE,replay,,89.9
2025-01-19T08:00:00+00:00,AWS-CHN-024,25.4,1013.0,87.0,True,spike,high,89.9,FUSED_CONSENSUS,24.9,1012.0,89.0,OFFLINE,replay,,89.9
2025-01-19T09:00:00+00:00,AWS-CHN-024,25.1,1013.5,87.0,True,spike,high,89.9,FUSED_CONSENSUS,26.0,1012.3,83.0,OFFLINE,replay,,89.9
2025-01-19T10:00:00+00:00,AWS-CHN-024,26.7,1012.9,80.0,True,spike,high,89.9,FUSED_CONSENSUS,26.0,1011.8,83.0,OFFLINE,replay,,89.9
2025-01-19T11:00:00+00:00,AWS-CHN-024,26.7,1012.4,76.0,True,spike,high,89.9,FUSED_CONSENSUS,27.7,1011.2,72.0,OFFLINE,replay,,89.9
2025-01-19T12:00:00+00:00,AWS-CHN-024,27.1,1011.7,77.0,True,spike,high,89.9,FUSED_CONSENSUS,27.8,1010.5,71.0,OFFLINE,replay,,89.9
2025-01-19T13:00:00+00:00,AWS-CHN-024,27.3,1010.8,75.0,True,spike,high,89.8,FUSED_CONSENSUS,28.6,1009.5,70.0,OFFLINE,replay,,89.8
2025-01-19T14:00:00+00:00,AWS-CHN-024,27.4,1009.9,74.0,True,spike,high,89.6,FUSED_CONSENSUS,27.8,1008.7,72.0,OFFLINE,replay,,89.6
2025-01-19T15:00:00+00:00,AWS-CHN-024,26.9,1009.5,75.0,False,multivariate_inconsistency,low,45.0,NORMAL,27.6,1008.2,73.0,OFFLINE,replay,,45.0
2025-01-19T16:00:00+00:00,AWS-CHN-024,26.5,1009.5,76.0,False,multivariate_inconsistency,low,45.0,NORMAL,27.0,1008.2,74.0,OFFLINE,replay,,45.0
2025-01-19T17:00:00+00:00,AWS-CHN-024,25.7,1009.7,80.0,False,multivariate_inconsistency,low,45.0,NORMAL,26.1,1008.5,77.0,OFFLINE,replay,,45.0
2025-01-19T18:00:00+00:00,AWS-CHN-024,25.5,1010.3,85.0,False,spike,low,34.2,NORMAL,25.4,1009.3,85.0,OFFLINE,replay,,34.2
2025-01-19T19:00:00+00:00,AWS-CHN-024,25.3,1011.2,86.0,False,spike,low,34.2,NORMAL,24.9,1010.1,87.0,OFFLINE,replay,,34.2
2025-01-19T20:00:00+00:00,AWS-CHN-024,25.2,1011.8,86.0,True,spike,high,89.9,FUSED_CONSENSUS,24.6,1010.6,88.0,OFFLINE,replay,,89.9
2025-01-19T21:00:00+00:00,AWS-CHN-024,24.9,1011.9,84.0,True,spike,high,89.9,FUSED_CONSENSUS,24.3,1010.8,89.0,OFFLINE,replay,,89.9
2025-01-19T22:00:00+00:00,AWS-CHN-024,24.7,1011.8,84.0,False,spike,low,34.2,NORMAL,23.8,1010.7,91.0,OFFLINE,replay,,34.2
2025-01-19T23:00:00+00:00,AWS-CHN-024,24.5,1011.9,84.0,False,spike,low,34.2,NORMAL,23.0,1010.8,92.0,OFFLINE,replay,,34.2
2025-01-20T00:00:00+00:00,AWS-CHN-024,24.3,1011.7,85.0,True,spike,high,89.9,FUSED_CONSENSUS,22.7,1010.6,93.0,OFFLINE,replay,,89.9
2025-01-20T01:00:00+00:00,AWS-CHN-024,24.1,1011.0,86.0,True,spike,high,89.9,FUSED_CONSENSUS,22.5,1009.9,94.0,OFFLINE,replay,,89.9
2025-01-20T02:00:00+00:00,AWS-CHN-024,23.8,1010.1,87.0,True,spike,high,89.9,FUSED_CONSENSUS,22.2,1009.0,94.0,OFFLINE,replay,,89.9
2025-01-20T03:00:00+00:00,AWS-CHN-024,23.6,1009.6,89.0,True,spike,high,89.9,FUSED_CONSENSUS,21.9,1008.5,95.0,OFFLINE,replay,,89.9
2025-01-20T04:00:00+00:00,AWS-CHN-024,23.4,1009.6,89.0,True,spike,high,89.9,FUSED_CONSENSUS,21.7,1008.5,96.0,OFFLINE,replay,,89.9
2025-01-20T05:00:00+00:00,AWS-CHN-024,23.2,1010.0,89.0,True,spike,high,89.9,FUSED_CONSENSUS,21.5,1008.9,97.0,OFFLINE,replay,,89.9
2025-01-20T06:00:00+00:00,AWS-CHN-024,23.3,1011.0,89.0,True,spike,high,89.9,FUSED_CONSENSUS,21.8,1009.9,98.0,OFFLINE,replay,,89.9
2025-01-20T07:00:00+00:00,AWS-CHN-024,23.4,1011.9,91.0,True,spike,high,89.9,FUSED_CONSENSUS,22.5,1010.8,97.0,OFFLINE,replay,,89.9
2025-01-20T08:00:00+00:00,AWS-CHN-024,24.6,1012.6,89.0,True,spike,high,89.9,FUSED_CONSENSUS,24.2,1011.4,90.0,OFFLINE,replay,,89.9
2025-01-20T09:00:00+00:00,AWS-CHN-024,25.9,1013.0,78.0,True,spike,high,89.9,FUSED_CONSENSUS,26.1,1012.0,78.0,OFFLINE,replay,,89.9
2025-01-20T10:00:00+00:00,AWS-CHN-024,27.0,1012.7,70.0,True,spike,high,89.9,FUSED_CONSENSUS,27.2,1011.5,68.0,OFFLINE,replay,,89.9
2025-01-20T11:00:00+00:00,AWS-CHN-024,27.4,1012.0,,True,spike,critical,100.0,RULE_ENGINE_BYPASS,28.3,1010.7,61.0,OFFLINE,replay,,100.0
2025-01-20T12:00:00+00:00,AWS-CHN-024,27.6,1011.2,63.0,True,spike,high,89.3,FUSED_CONSENSUS,28.8,1009.8,58.0,OFFLINE,replay,,89.3
2025-01-20T13:00:00+00:00,AWS-CHN-024,27.5,1010.2,62.0,True,spike,high,89.4,FUSED_CONSENSUS,28.8,1008.8,56.0,OFFLINE,replay,,89.4
2025-01-20T14:00:00+00:00,AWS-CHN-024,27.3,1009.4,64.0,True,spike,high,89.8,FUSED_CONSENSUS,28.4,1008.1,57.0,OFFLINE,replay,,89.8
2025-01-20T15:00:00+00:00,AWS-CHN-024,26.9,1008.8,66.0,False,multivariate_inconsistency,low,45.0,NORMAL,27.7,1007.6,61.0,OFFLINE,replay,,45.0
2025-01-20T16:00:00+00:00,AWS-CHN-024,26.3,1009.0,67.0,False,multivariate_inconsistency,low,45.0,NORMAL,26.8,1007.8,65.0,OFFLINE,replay,,45.0
2025-01-20T17:00:00+00:00,AWS-CHN-024,25.6,1009.2,72.0,False,multivariate_inconsistency,low,45.0,NORMAL,25.7,1008.2,70.0,OFFLINE,replay,,45.0
2025-01-20T18:00:00+00:00,AWS-CHN-024,25.2,1009.3,77.0,False,multivariate_inconsistency,low,45.0,NORMAL,24.8,1008.3,77.0,OFFLINE,replay,,45.0
2025-01-20T19:00:00+00:00,AWS-CHN-024,24.9,1010.3,78.0,False,multivariate_inconsistency,low,45.0,NORMAL,24.2,1009.2,81.0,OFFLINE,replay,,45.0
2025-01-20T20:00:00+00:00,AWS-CHN-024,24.6,1010.8,79.0,False,multivariate_inconsistency,low,45.0,NORMAL,23.5,1009.7,84.0,OFFLINE,replay,,45.0
2025-01-20T21:00:00+00:00,AWS-CHN-024,24.5,1011.4,79.0,False,multivariate_inconsistency,low,45.0,NORMAL,22.9,1010.3,86.0,OFFLINE,replay,,45.0
2025-01-20T22:00:00+00:00,AWS-CHN-024,24.3,1011.4,79.0,True,spike,high,89.9,FUSED_CONSENSUS,22.5,1010.3,88.0,OFFLINE,replay,,89.9
2025-01-20T23:00:00+00:00,AWS-CHN-024,24.0,1011.1,-0.031128374079006,True,spike,critical,100.0,RULE_ENGINE_BYPASS,22.2,1010.0,90.0,OFFLINE,replay,,100.0
2025-01-21T00:00:00+00:00,AWS-CHN-024,23.7,1010.5,0.0250118268809414,True,spike,high,89.9,FUSED_CONSENSUS,21.7,1009.5,92.0,OFFLINE,replay,,89.9
2025-01-21T01:00:00+00:00,AWS-CHN-024,23.3,1009.9,0.053159375295971,True,spike,high,89.9,FUSED_CONSENSUS,21.3,1008.8,94.0,OFFLINE,replay,,89.9
2025-01-21T02:00:00+00:00,AWS-CHN-024,23.1,1009.4,-0.014471940966517,True,spike,critical,100.0,RULE_ENGINE_BYPASS,20.9,1008.3,95.0,OFFLINE,replay,,100.0
2025-01-21T03:00:00+00:00,AWS-CHN-024,22.7,1009.1,83.0,True,spike,high,89.9,FUSED_CONSENSUS,20.7,1008.0,96.0,OFFLINE,replay,,89.9
2025-01-21T04:00:00+00:00,AWS-CHN-024,22.6,1009.3,83.0,True,spike,high,89.9,FUSED_CONSENSUS,20.3,1008.1,97.0,OFFLINE,replay,,89.9
2025-01-21T05:00:00+00:00,AWS-CHN-024,22.4,1009.6,84.0,False,spike,low,34.2,NORMAL,19.8,1008.6,98.0,OFFLINE,replay,,34.2
2025-01-21T06:00:00+00:00,AWS-CHN-024,23.2,1010.0,81.0,True,spike,high,89.9,FUSED_CONSENSUS,21.4,1008.9,96.0,OFFLINE,replay,,89.9
2025-01-21T07:00:00+00:00,AWS-CHN-024,23.7,1010.7,80.0,True,spike,high,89.9,FUSED_CONSENSUS,22.0,1009.6,95.0,OFFLINE,replay,,89.9
2025-01-21T08:00:00+00:00,AWS-CHN-024,25.1,1011.6,74.0,True,spike,high,89.9,FUSED_CONSENSUS,23.8,1010.6,87.0,OFFLINE,replay,,89.9
2025-01-21T09:00:00+00:00,AWS-CHN-024,26.3,1012.2,65.0,True,spike,high,89.9,FUSED_CONSENSUS,25.7,1011.2,77.0,OFFLINE,replay,,89.9
2025-01-21T10:00:00+00:00,AWS-CHN-024,27.0,1012.1,61.0,True,spike,high,89.9,FUSED_CONSENSUS,27.1,1011.0,64.0,OFFLINE,replay,,89.9
2025-01-21T11:00:00+00:00,AWS-CHN-024,27.5,1011.6,59.0,True,spike,high,89.4,FUSED_CONSENSUS,27.8,1010.4,60.0,OFFLINE,replay,,89.4
2025-01-21T12:00:00+00:00,AWS-CHN-024,27.7,1010.9,58.0,True,spike,high,89.1,FUSED_CONSENSUS,28.4,1009.7,57.0,OFFLINE,replay,,89.1
2025-01-21T13:00:00+00:00,AWS-CHN-024,27.8,1009.8,56.0,True,spike,high,88.9,FUSED_CONSENSUS,28.2,1008.6,55.0,OFFLINE,replay,,88.9
2025-01-21T14:00:00+00:00,AWS-CHN-024,27.6,1008.9,56.0,True,spike,high,89.3,FUSED_CONSENSUS,28.0,1007.7,54.0,OFFLINE,replay,,89.3
2025-01-21T15:00:00+00:00,AWS-CHN-024,27.4,1008.6,56.0,True,spike,high,89.6,FUSED_CONSENSUS,27.7,1007.4,55.0,OFFLINE,replay,,89.6
2025-01-21T16:00:00+00:00,AWS-CHN-024,26.9,1008.5,56.0,True,spike,high,85.4,FUSED_CONSENSUS,26.9,1007.3,57.0,OFFLINE,replay,,85.4
2025-01-21T17:00:00+00:00,AWS-CHN-024,26.2,1008.7,60.0,False,multivariate_inconsistency,low,45.0,NORMAL,25.7,1007.6,63.0,OFFLINE,replay,,45.0
2025-01-21T18:00:00+00:00,AWS-CHN-024,25.3,1008.9,72.0,False,multivariate_inconsistency,low,45.0,NORMAL,24.6,1007.8,72.0,OFFLINE,replay,,45.0
2025-01-21T19:00:00+00:00,AWS-CHN-024,24.8,1009.7,77.0,False,multivariate_inconsistency,low,45.0,NORMAL,23.8,1008.6,77.0,OFFLINE,replay,,45.0
2025-01-21T20:00:00+00:00,AWS-CHN-024,24.5,1010.5,78.0,False,multivariate_inconsistency,low,45.0,NORMAL,23.2,1009.4,82.0,OFFLINE,replay,,45.0
2025-01-21T21:00:00+00:00,AWS-CHN-024,24.317011341787804,1011.1,79.0,True,spike,high,89.9,FUSED_CONSENSUS,23.0,1010.0,83.0,OFFLINE,replay,,89.9
2025-01-21T22:00:00+00:00,AWS-CHN-024,24.25490358304553,1011.0,80.0,True,spike,high,89.9,FUSED_CONSENSUS,22.6,1009.8,85.0,OFFLINE,replay,,89.9
2025-01-21T23:00:00+00:00,AWS-CHN-024,24.10912349616454,1010.6,80.0,True,spike,high,89.9,FUSED_CONSENSUS,22.2,1009.4,87.0,OFFLINE,replay,,89.9
2025-01-22T00:00:00+00:00,AWS-CHN-024,23.977741649817723,1010.1,81.0,False,multivariate_inconsistency,low,45.0,NORMAL,21.7,1009.0,90.0,OFFLINE,replay,,45.0
2025-01-22T01:00:00+00:00,AWS-CHN-024,23.55955338032068,1009.4,83.0,True,spike,high,89.9,FUSED_CONSENSUS,21.5,1008.3,92.0,OFFLINE,replay,,89.9
2025-01-22T02:00:00+00:00,AWS-CHN-024,23.25370060632703,1008.8,85.0,True,spike,high,89.9,FUSED_CONSENSUS,21.0,1007.7,94.0,OFFLINE,replay,,89.9
2025-01-22T03:00:00+00:00,AWS-CHN-024,23.15952623676145,1008.5,86.0,True,spike,high,89.9,FUSED_CONSENSUS,21.0,1007.4,95.0,OFFLINE,replay,,89.9
2025-01-22T04:00:00+00:00,AWS-CHN-024,23.17650318845076,1008.6,86.0,True,spike,high,89.9,FUSED_CONSENSUS,20.8,1007.5,95.0,OFFLINE,replay,,89.9
2025-01-22T05:00:00+00:00,AWS-CHN-024,23.104194713262928,1008.9,87.0,True,spike,high,89.9,FUSED_CONSENSUS,20.7,1007.8,96.0,OFFLINE,replay,,89.9
2025-01-22T06:00:00+00:00,AWS-CHN-024,23.942230110739423,1009.8,86.0,True,spike,high,89.9,FUSED_CONSENSUS,21.8,1008.8,94.0,OFFLINE,replay,,89.9
2025-01-22T07:00:00+00:00,AWS-CHN-024,24.490288851303195,1010.7,86.0,True,spike,high,89.9,FUSED_CONSENSUS,22.3,1009.6,91.0,OFFLINE,replay,,89.9
2025-01-22T08:00:00+00:00,AWS-CHN-024,26.1480896681065,1011.7,80.0,True,spike,high,89.9,FUSED_CONSENSUS,24.4,1010.6,83.0,OFFLINE,replay,,89.9
2025-01-22T09:00:00+00:00,AWS-CHN-024,28.015382763607946,1012.2,68.0,True,spike,high,88.5,FUSED_CONSENSUS,26.0,1011.2,75.0,OFFLINE,replay,,88.5
2025-01-22T10:00:00+00:00,AWS-CHN-024,29.291944062655517,1012.0,60.0,True,spike,high,86.2,FUSED_CONSENSUS,27.4,1010.9,67.0,OFFLINE,replay,,86.2
2025-01-22T11:00:00+00:00,AWS-CHN-024,29.977570862586692,1011.2,57.0,False,multivariate_inconsistency,low,45.0,NORMAL,28.2,1010.1,61.0,OFFLINE,replay,,45.0
2025-01-22T12:00:00+00:00,AWS-CHN-024,30.27207846771897,1010.5,57.0,False,multivariate_inconsistency,low,45.0,NORMAL,29.0,1009.3,59.0,OFFLINE,replay,,45.0
2025-01-22T13:00:00+00:00,AWS-CHN-024,30.175297536304903,1009.9,60.0,False,multivariate_inconsistency,low,45.0,NORMAL,29.3,1008.5,56.0,OFFLINE,replay,,45.0
2025-01-22T14:00:00+00:00,AWS-CHN-024,30.18707195509841,1009.1,60.0,False,multivariate_inconsistency,low,45.0,NORMAL,28.6,1007.7,58.0,OFFLINE,replay,,45.0
2025-01-22T15:00:00+00:00,AWS-CHN-024,30.40725711247424,1008.9,59.0,False,multivariate_inconsistency,low,45.0,NORMAL,27.7,1007.6,61.0,OFFLINE,replay,,45.0
2025-01-22T16:00:00+00:00,AWS-CHN-024,30.235718477884536,1008.9,59.0,False,multivariate_inconsistency,low,45.0,NORMAL,27.3,1007.8,62.0,OFFLINE,replay,,45.0
2025-01-22T17:00:00+00:00,AWS-CHN-024,29.572330420408672,1009.3,63.0,False,multivariate_inconsistency,low,45.0,NORMAL,26.4,1008.1,65.0,OFFLINE,replay,,45.0
2025-01-22T18:00:00+00:00,AWS-CHN-024,28.91697521647242,1009.7,75.0,False,multivariate_inconsistency,low,45.0,NORMAL,25.4,1008.6,74.0,OFFLINE,replay,,45.0
2025-01-22T19:00:00+00:00,AWS-CHN-024,28.769542209072878,1010.7,77.0,False,multivariate_inconsistency,low,45.0,NORMAL,24.6,1009.5,78.0,OFFLINE,replay,,45.0
2025-01-22T20:00:00+00:00,AWS-CHN-024,28.72992708968378,1011.3,78.0,False,multivariate_inconsistency,low,45.0,NORMAL,23.9,1010.2,83.0,OFFLINE,replay,,45.0
2025-01-22T21:00:00+00:00,AWS-CHN-024,28.798031280492168,1011.9,78.0,False,multivariate_inconsistency,low,45.0,NORMAL,23.2,1010.8,85.0,OFFLINE,replay,,45.0
2025-01-22T22:00:00+00:00,AWS-CHN-024,28.77376139943366,1011.8,80.0,False,multivariate_inconsistency,low,45.0,NORMAL,22.7,1010.7,86.0,OFFLINE,replay,,45.0
2025-01-22T23:00:00+00:00,AWS-CHN-024,29.0570287941241,1011.2,80.0,True,spike,high,86.6,FUSED_CONSENSUS,22.1,1010.1,87.0,OFFLINE,replay,,86.6
2025-01-23T00:00:00+00:00,AWS-CHN-024,29.44774913355525,1010.9,79.0,True,spike,high,85.9,FUSED_CONSENSUS,22.1,1009.7,88.0,OFFLINE,replay,,85.9
2025-01-23T01:00:00+00:00,AWS-CHN-024,29.64584204855982,1010.2,79.0,True,spike,high,85.5,FUSED_CONSENSUS,22.3,1009.0,86.0,OFFLINE,replay,,85.5
2025-01-23T02:00:00+00:00,AWS-CHN-024,29.65123081371774,1009.6,81.0,True,spike,high,85.5,FUSED_CONSENSUS,22.3,1008.4,87.0,OFFLINE,replay,,85.5
2025-01-23T03:00:00+00:00,AWS-CHN-024,29.76384206468731,1009.0,83.0,False,spike,low,32.4,NORMAL,21.7,1007.8,89.0,OFFLINE,replay,,32.4
2025-01-23T04:00:00+00:00,AWS-CHN-024,29.18360554598666,1009.0,86.0,True,spike,high,86.4,FUSED_CONSENSUS,21.4,1007.9,91.0,OFFLINE,replay,,86.4
2025-01-23T05:00:00+00:00,AWS-CHN-024,29.010453885084942,1009.5,88.0,True,spike,high,86.7,FUSED_CONSENSUS,21.0,1008.4,93.0,OFFLINE,replay,,86.7
2025-01-23T06:00:00+00:00,AWS-CHN-024,29.9443223893356,1010.1,88.0,True,spike,high,85.0,FUSED_CONSENSUS,22.0,1009.0,96.0,OFFLINE,replay,,85.0
2025-01-23T07:00:00+00:00,AWS-CHN-024,31.185148862830697,1011.2,86.0,False,,low,0.0,NORMAL,22.7,1010.1,93.0,OFFLINE,replay,,0.0
2025-01-23T08:00:00+00:00,AWS-CHN-024,32.93287344070271,1012.0,79.0,False,,low,0.0,NORMAL,24.3,1010.9,86.0,OFFLINE,replay,,0.0
2025-01-23T09:00:00+00:00,AWS-CHN-024,34.58743843876793,1012.7,68.0,False,,low,0.0,NORMAL,26.2,1011.6,76.0,HEALTHY,replay,,0.0
2025-01-23T10:00:00+00:00,AWS-CHN-024,36.14878821671074,1012.5,61.0,False,,low,0.0,NORMAL,27.5,1011.4,66.0,OFFLINE,replay,,0.0
2025-01-23T11:00:00+00:00,AWS-CHN-024,37.11686905326141,1011.7,56.0,False,,low,0.0,NORMAL,28.4,1010.5,59.0,OFFLINE,replay,,0.0
2025-01-23T12:00:00+00:00,AWS-CHN-024,37.79162903203262,1011.2,52.0,False,,low,0.0,NORMAL,29.1,1009.9,56.0,OFFLINE,replay,,0.0
2025-01-23T13:00:00+00:00,AWS-CHN-024,38.27301793685835,1009.8,53.0,False,,low,0.0,NORMAL,29.1,1008.6,56.0,HEALTHY,replay,,0.0
2025-01-23T14:00:00+00:00,AWS-CHN-024,38.46098715562948,1009.0,54.0,False,,low,0.0,NORMAL,29.1,1007.8,55.0,WARNING,replay,,0.0
2025-01-23T15:00:00+00:00,AWS-CHN-024,38.455489591748886,1008.8,56.0,False,,low,0.0,NORMAL,28.5,1007.6,55.0,WARNING,replay,,0.0
2025-01-23T16:00:00+00:00,AWS-CHN-024,38.05647958243734,1008.7,59.0,False,,low,0.0,NORMAL,27.6,1007.6,59.0,WARNING,replay,,0.0
2025-01-23T17:00:00+00:00,AWS-CHN-024,26.7,1008.8,62.0,True,multivariate_inconsistency,medium,66.8,FUSED_CONSENSUS,26.3,1007.6,66.0,WARNING,replay,71.3,60.0
2025-01-23T18:00:00+00:00,AWS-CHN-024,25.8,1009.4,0.0080015519509092,True,multivariate_inconsistency,high,83.6,MODEL_OVERRIDE,24.7,1008.4,75.0,WARNING,replay,99.3,60.0
2025-01-23T19:00:00+00:00,AWS-CHN-024,25.5,1010.5,0.0052940623841806,True,multivariate_inconsistency,high,82.1,MODEL_OVERRIDE,23.9,1009.3,80.0,WARNING,replay,96.9,60.0
2025-01-23T20:00:00+00:00,AWS-CHN-024,25.0,1010.9,-0.0187520248878078,True,multivariate_inconsistency,critical,98.4,RULE_ENGINE_BYPASS,23.2,1009.7,83.0,OFFLINE,replay,97.3,100.0
2025-01-23T21:00:00+00:00,AWS-CHN-024,24.7,1011.3,-0.021672798605437,True,multivariate_inconsistency,critical,98.0,RULE_ENGINE_BYPASS,22.5,1010.2,88.0,OFFLINE,replay,96.7,100.0
2025-01-23T22:00:00+00:00,AWS-CHN-024,24.4,1011.3,77.0,True,spike,high,79.9,FUSED_CONSENSUS,22.2,1010.1,89.0,OFFLINE,replay,73.3,89.9
2025-01-23T23:00:00+00:00,AWS-CHN-024,23.8,1010.7,79.0,True,spike,high,78.3,FUSED_CONSENSUS,22.0,1009.6,90.0,OFFLINE,replay,70.5,89.9
2025-01-24T00:00:00+00:00,AWS-CHN-024,23.0,1010.1,83.0,True,spike,medium,63.7,FUSED_CONSENSUS,21.5,1009.0,90.0,OFFLINE,replay,83.4,34.2
2025-01-24T01:00:00+00:00,AWS-CHN-024,21.879208048329644,1009.3,86.0,True,spike,medium,64.9,FUSED_CONSENSUS,21.1,1008.2,93.0,OFFLINE,replay,85.4,34.2
2025-01-24T02:00:00+00:00,AWS-CHN-024,21.15841609665929,1008.7,88.0,True,spike,critical,91.5,MODEL_OVERRIDE,20.8,1007.6,94.0,OFFLINE,replay,92.5,89.9
2025-01-24T03:00:00+00:00,AWS-CHN-024,20.737624144988946,1008.4,88.0,True,spike,critical,91.2,MODEL_OVERRIDE,20.6,1007.4,95.0,OFFLINE,replay,92.1,89.9
2025-01-24T04:00:00+00:00,AWS-CHN-024,20.11683219331859,1008.6,87.0,True,spike,critical,90.3,MODEL_OVERRIDE,20.1,1007.5,95.0,OFFLINE,replay,90.5,89.9
2025-01-24T05:00:00+00:00,AWS-CHN-024,19.09604024164824,1009.1,88.0,True,spike,critical,90.4,MODEL_OVERRIDE,20.2,1008.0,95.0,OFFLINE,replay,90.8,89.9
2025-01-24T06:00:00+00:00,AWS-CHN-024,19.775248289977885,1009.4,83.0,True,spike,high,89.4,MODEL_OVERRIDE,21.7,1008.3,93.0,OFFLINE,replay,89.1,89.9
2025-01-24T07:00:00+00:00,AWS-CHN-024,19.954456338307534,1010.2,77.0,True,spike,critical,90.1,MODEL_OVERRIDE,22.1,1009.1,92.0,OFFLINE,replay,90.3,89.9
2025-01-24T08:00:00+00:00,AWS-CHN-024,21.433664386637183,1011.2,68.0,True,spike,high,79.2,FUSED_CONSENSUS,24.2,1010.1,81.0,OFFLINE,replay,72.0,89.9
2025-01-24T09:00:00+00:00,AWS-CHN-024,22.112872434966828,1012.3,59.0,True,spike,high,82.6,FUSED_CONSENSUS,26.1,1011.2,66.0,OFFLINE,replay,77.8,89.9
2025-01-24T10:00:00+00:00,AWS-CHN-024,22.692080483296472,1012.4,50.0,True,spike,high,87.8,FUSED_CONSENSUS,27.3,1011.3,58.0,OFFLINE,replay,86.5,89.9
2025-01-24T11:00:00+00:00,AWS-CHN-024,22.47128853162612,1011.9,53.0,True,spike,high,85.7,FUSED_CONSENSUS,28.1,1010.8,54.0,OFFLINE,replay,82.9,89.9
2025-01-24T12:00:00+00:00,AWS-CHN-024,21.85049657995577,1011.4,55.0,True,spike,high,84.3,FUSED_CONSENSUS,28.7,1010.2,53.0,OFFLINE,replay,80.6,89.9
2025-01-24T13:00:00+00:00,AWS-CHN-024,21.72970462828542,1010.5,52.0,True,spike,high,85.1,FUSED_CONSENSUS,28.3,1009.2,56.0,OFFLINE,replay,81.9,89.9
2025-01-24T14:00:00+00:00,AWS-CHN-024,21.208912676615064,1009.3,49.0,True,spike,critical,91.1,MODEL_OVERRIDE,28.1,1008.1,55.0,OFFLINE,replay,91.9,89.9
2025-01-24T15:00:00+00:00,AWS-CHN-024,20.488120724944714,1008.8,48.0,True,multivariate_inconsistency,high,78.7,MODEL_OVERRIDE,27.8,1007.7,55.0,OFFLINE,replay,91.2,60.0
2025-01-24T16:00:00+00:00,AWS-CHN-024,19.46732877327436,1008.7,51.0,True,multivariate_inconsistency,high,79.2,MODEL_OVERRIDE,27.3,1007.6,55.0,OFFLINE,replay,91.9,60.0
2025-01-24T17:00:00+00:00,AWS-CHN-024,17.846536821604005,1009.2,58.0,True,multivariate_inconsistency,high,78.1,MODEL_OVERRIDE,26.2,1008.1,61.0,OFFLINE,replay,90.2,60.0
2025-01-24T18:00:00+00:00,AWS-CHN-024,16.625744869933655,1009.9,66.0,True,multivariate_inconsistency,high,73.4,FUSED_CONSENSUS,24.6,1008.8,71.0,OFFLINE,replay,82.4,60.0
2025-01-24T19:00:00+00:00,AWS-CHN-024,15.404952918263303,1011.0,72.0,True,multivariate_inconsistency,high,77.1,MODEL_OVERRIDE,23.5,1009.8,76.0,OFFLINE,replay,88.5,60.0
2025-01-24T20:00:00+00:00,AWS-CHN-024,14.38416096659295,1011.5,75.0,True,multivariate_inconsistency,high,78.4,MODEL_OVERRIDE,22.9,1010.3,80.0,OFFLINE,replay,90.6,60.0
2025-01-24T21:00:00+00:00,AWS-CHN-024,13.263369014922596,1011.8,79.0,True,multivariate_inconsistency,high,79.2,MODEL_OVERRIDE,22.5,1010.7,83.0,OFFLINE,replay,91.9,60.0
2025-01-24T22:00:00+00:00,AWS-CHN-024,12.342577063252246,1011.8,81.0,True,multivariate_inconsistency,high,79.0,MODEL_OVERRIDE,21.9,1010.6,87.0,OFFLINE,replay,91.6,60.0
2025-01-24T23:00:00+00:00,AWS-CHN-024,11.521785111581892,1011.6,81.0,True,spike,high,90.0,MODEL_OVERRIDE,21.5,1010.4,89.0,OFFLINE,replay,90.0,89.9
2025-01-25T00:00:00+00:00,AWS-CHN-024,10.400993159911538,1011.0,82.0,True,spike,medium,68.6,MODEL_OVERRIDE,21.3,1009.9,90.0,OFFLINE,replay,91.5,34.2
2025-01-25T01:00:00+00:00,AWS-CHN-024,9.280201208241186,1010.3,86.0,True,spike,critical,90.7,MODEL_OVERRIDE,20.7,1009.2,91.0,OFFLINE,replay,91.3,89.9
2025-01-25T02:00:00+00:00,AWS-CHN-024,21.8,1009.8,89.0,True,spike,critical,91.6,MODEL_OVERRIDE,20.7,1008.7,91.0,OFFLINE,replay,92.7,89.9
2025-01-25T03:00:00+00:00,AWS-CHN-024,21.5,1009.7,91.0,True,spike,critical,92.0,MODEL_OVERRIDE,20.3,1008.5,93.0,OFFLINE,replay,93.4,89.9
2025-01-25T04:00:00+00:00,AWS-CHN-024,21.8,1009.9,90.0,True,spike,critical,92.0,MODEL_OVERRIDE,20.3,1008.8,94.0,OFFLINE,replay,93.3,89.9
2025-01-25T05:00:00+00:00,AWS-CHN-024,21.9,1010.3,88.0,True,spike,critical,91.6,MODEL_OVERRIDE,20.2,1009.1,94.0,OFFLINE,replay,92.7,89.9
2025-01-25T06:00:00+00:00,AWS-CHN-024,23.2,1011.3,88.0,True,spike,critical,91.3,MODEL_OVERRIDE,22.0,1010.1,96.0,OFFLINE,replay,92.3,89.9
2025-01-25T07:00:00+00:00,AWS-CHN-024,24.2,1012.3,80.0,True,spike,critical,92.5,MODEL_OVERRIDE,22.8,1011.2,90.0,OFFLINE,replay,94.3,89.9
2025-01-25T08:00:00+00:00,AWS-CHN-024,25.8,1012.7,71.0,True,spike,high,87.7,FUSED_CONSENSUS,25.0,1011.5,80.0,OFFLINE,replay,86.2,89.9
2025-01-25T09:00:00+00:00,AWS-CHN-024,27.0,1013.3,62.0,True,spike,high,89.9,FUSED_CONSENSUS,26.5,1012.2,65.0,OFFLINE,replay,,89.9
2025-01-25T10:00:00+00:00,AWS-CHN-024,27.5,1013.1,60.0,True,spike,high,89.9,FUSED_CONSENSUS,27.6,1011.8,58.0,OFFLINE,replay,,89.9
2025-01-25T11:00:00+00:00,AWS-CHN-024,28.2,1012.6,57.0,True,spike,high,89.9,FUSED_CONSENSUS,28.3,1011.3,56.0,OFFLINE,replay,,89.9
2025-01-25T12:00:00+00:00,AWS-CHN-024,28.3,1011.6,55.0,True,spike,high,89.9,FUSED_CONSENSUS,28.9,1010.2,55.0,OFFLINE,replay,,89.9
2025-01-25T13:00:00+00:00,AWS-CHN-024,28.7,1010.4,50.0,True,spike,high,89.9,FUSED_CONSENSUS,28.9,1009.0,55.0,OFFLINE,replay,,89.9
2025-01-25T14:00:00+00:00,AWS-CHN-024,28.5,1009.3,50.0,True,spike,high,89.9,FUSED_CONSENSUS,29.0,1008.0,53.0,OFFLINE,replay,,89.9
2025-01-25T15:00:00+00:00,AWS-CHN-024,27.9,1008.5,54.0,True,spike,high,89.9,FUSED_CONSENSUS,28.7,1007.1,52.0,OFFLINE,replay,,89.9
2025-01-25T16:00:00+00:00,AWS-CHN-024,33.99077277963354,1008.2288796933144,97.62197694990384,False,multivariate_inconsistency,low,45.0,NORMAL,27.6,1007.3,57.0,OFFLINE,replay,,45.0
2025-01-25T17:00:00+00:00,AWS-CHN-024,32.89077277963354,1008.4448666832916,100.0,False,multivariate_inconsistency,low,45.0,NORMAL,25.9,1007.8,64.0,OFFLINE,replay,,45.0
2025-01-25T18:00:00+00:00,AWS-CHN-024,32.29077277963354,1009.0783624191996,100.0,False,multivariate_inconsistency,low,45.0,NORMAL,24.3,1008.4,75.0,OFFLINE,replay,,45.0
2025-01-25T19:00:00+00:00,AWS-CHN-024,31.69077277963354,1009.7017175029968,100.0,False,spike,low,34.2,NORMAL,23.0,1009.4,84.0,OFFLINE,replay,,34.2
2025-01-25T20:00:00+00:00,AWS-CHN-024,24.4,1011.4,80.0,False,multivariate_inconsistency,low,45.0,NORMAL,22.0,1010.2,87.0,OFFLINE,replay,,45.0
2025-01-25T21:00:00+00:00,AWS-CHN-024,24.1,1011.8,81.0,False,multivariate_inconsistency,low,45.0,NORMAL,21.6,1010.7,89.0,OFFLINE,replay,,45.0
2025-01-25T22:00:00+00:00,AWS-CHN-024,23.5,1011.8,84.0,True,spike,high,89.9,FUSED_CONSENSUS,21.2,1010.6,92.0,OFFLINE,replay,,89.9
2025-01-25T23:00:00+00:00,AWS-CHN-024,23.0,1011.8,87.0,False,spike,low,34.2,NORMAL,20.6,1010.6,94.0,OFFLINE,replay,,34.2
2025-01-26T00:00:00+00:00,AWS-CHN-024,22.5,1011.4,90.0,False,spike,low,34.2,NORMAL,20.3,1010.3,96.0,OFFLINE,replay,,34.2
2025-01-26T01:00:00+00:00,AWS-CHN-024,22.0,1010.7,92.0,True,spike,high,89.9,FUSED_CONSENSUS,20.3,1009.6,98.0,OFFLINE,replay,,89.9
2025-01-26T02:00:00+00:00,AWS-CHN-024,21.4,1010.2,95.0,False,spike,low,34.2,NORMAL,19.7,1009.1,99.0,OFFLINE,replay,,34.2
2025-01-26T03:00:00+00:00,AWS-CHN-024,20.9,1009.8,94.0,True,spike,high,89.9,FUSED_CONSENSUS,19.3,1008.7,100.0,OFFLINE,replay,,89.9
2025-01-26T04:00:00+00:00,AWS-CHN-024,20.3,1009.8,95.0,True,spike,high,89.9,FUSED_CONSENSUS,19.1,1008.7,100.0,OFFLINE,replay,,89.9
2025-01-26T05:00:00+00:00,AWS-CHN-024,19.9,1001.4879899963372,97.0,True,spike,high,89.9,FUSED_CONSENSUS,18.9,1009.1,100.0,OFFLINE,replay,,89.9
2025-01-26T06:00:00+00:00,AWS-CHN-024,21.2,0.0482866713086722,96.0,True,spike,critical,100.0,RULE_ENGINE_BYPASS,20.4,1009.8,100.0,OFFLINE,replay,,100.0
2025-01-26T07:00:00+00:00,AWS-CHN-024,21.6,0.0393948465468228,95.0,True,spike,critical,100.0,RULE_ENGINE_BYPASS,21.0,1010.7,99.0,OFFLINE,replay,,100.0
2025-01-26T08:00:00+00:00,AWS-CHN-024,23.2,0.0773123573384057,89.0,True,spike,critical,100.0,RULE_ENGINE_BYPASS,22.0,1011.5,97.0,OFFLINE,replay,,100.0
2025-01-26T09:00:00+00:00,AWS-CHN-024,25.9,-0.0217526723051014,73.0,True,spike,critical,100.0,RULE_ENGINE_BYPASS,24.9,1012.0,81.0,OFFLINE,replay,,100.0
2025-01-26T10:00:00+00:00,AWS-CHN-024,27.4,1013.0,63.0,True,spike,high,89.9,FUSED_CONSENSUS,26.9,1011.9,69.0,OFFLINE,replay,,89.9
2025-01-26T11:00:00+00:00,AWS-CHN-024,28.3,1012.6,58.0,True,spike,high,89.9,FUSED_CONSENSUS,28.0,1011.4,63.0,OFFLINE,replay,,89.9
2025-01-26T12:00:00+00:00,AWS-CHN-024,28.6,1011.6,54.0,True,spike,high,89.9,FUSED_CONSENSUS,28.6,1010.3,59.0,OFFLINE,replay,,89.9
2025-01-26T13:00:00+00:00,AWS-CHN-024,28.5,1010.3,55.0,True,spike,high,89.9,FUSED_CONSENSUS,29.2,1008.9,56.0,OFFLINE,replay,,89.9
2025-01-26T14:00:00+00:00,AWS-CHN-024,28.4,1009.4,57.0,True,spike,high,89.9,FUSED_CONSENSUS,29.2,1008.1,52.0,OFFLINE,replay,,89.9
2025-01-26T15:00:00+00:00,AWS-CHN-024,27.8,1008.9,60.0,False,multivariate_inconsistency,low,45.0,NORMAL,28.6,1007.6,54.0,OFFLINE,replay,,45.0
2025-01-26T16:00:00+00:00,AWS-CHN-024,27.0,1008.8,64.0,False,multivariate_inconsistency,low,45.0,NORMAL,27.6,1007.5,57.0,OFFLINE,replay,,45.0
2025-01-26T17:00:00+00:00,AWS-CHN-024,26.1,1009.3,68.0,False,multivariate_inconsistency,low,45.0,NORMAL,26.2,1008.1,66.0,OFFLINE,replay,,45.0
2025-01-26T18:00:00+00:00,AWS-CHN-024,25.9,1009.6,70.0,False,multivariate_inconsistency,low,45.0,NORMAL,24.8,1008.5,77.0,OFFLINE,replay,,45.0
2025-01-26T19:00:00+00:00,AWS-CHN-024,25.6,1010.0,73.0,False,multivariate_inconsistency,low,45.0,NORMAL,23.4,1008.8,83.0,OFFLINE,replay,,45.0
2025-01-26T20:00:00+00:00,AWS-CHN-024,25.2,1011.0,76.0,False,multivariate_inconsistency,low,45.0,NORMAL,23.0,1009.8,86.0,OFFLINE,replay,,45.0
2025-01-26T21:00:00+00:00,AWS-CHN-024,24.7,1011.3,79.0,False,multivariate_inconsistency,low,45.0,NORMAL,22.7,1010.1,89.0,OFFLINE,replay,,45.0
2025-01-26T22:00:00+00:00,AWS-CHN-024,24.2,1011.4,82.0,False,spike,low,34.2,NORMAL,22.1,1010.3,92.0,OFFLINE,replay,,34.2
2025-01-26T23:00:00+00:00,AWS-CHN-024,23.6,1010.8,86.0,False,spike,low,34.2,NORMAL,21.4,1009.7,95.0,OFFLINE,replay,,34.2
2025-01-27T00:00:00+00:00,AWS-CHN-024,22.9,1010.4,90.0,True,spike,high,89.9,FUSED_CONSENSUS,20.8,1009.3,97.0,OFFLINE,replay,,89.9
2025-01-27T01:00:00+00:00,AWS-CHN-024,22.5,1009.7,92.0,True,spike,high,89.9,FUSED_CONSENSUS,20.7,1008.6,98.0,OFFLINE,replay,,89.9
2025-01-27T02:00:00+00:00,AWS-CHN-024,21.9,1009.1,94.0,True,spike,high,89.9,FUSED_CONSENSUS,20.4,1008.0,98.0,OFFLINE,replay,,89.9
2025-01-27T03:00:00+00:00,AWS-CHN-024,21.4,1008.7,95.0,True,spike,high,89.9,FUSED_CONSENSUS,20.2,1007.6,99.0,OFFLINE,replay,,89.9
2025-01-27T04:00:00+00:00,AWS-CHN-024,21.51925758442665,1008.5,95.0,False,spike,low,34.2,NORMAL,19.7,1007.4,100.0,OFFLINE,replay,,34.2
2025-01-27T05:00:00+00:00,AWS-CHN-024,21.838515168853306,1008.9,95.0,True,spike,high,89.9,FUSED_CONSENSUS,19.6,1007.8,100.0,OFFLINE,replay,,89.9
2025-01-27T06:00:00+00:00,AWS-CHN-024,23.45777275327995,1009.9,97.0,True,spike,high,89.9,FUSED_CONSENSUS,21.0,1008.7,100.0,OFFLINE,replay,,89.9
2025-01-27T07:00:00+00:00,AWS-CHN-024,24.377030337706604,1010.8,96.0,True,spike,high,89.9,FUSED_CONSENSUS,21.4,1009.7,98.0,OFFLINE,replay,,89.9
2025-01-27T08:00:00+00:00,AWS-CHN-024,26.596287922133254,1011.8,87.0,True,spike,high,89.9,FUSED_CONSENSUS,23.0,1010.7,92.0,OFFLINE,replay,,89.9
2025-01-27T09:00:00+00:00,AWS-CHN-024,29.115545506559904,1012.2,74.0,True,spike,high,89.9,FUSED_CONSENSUS,25.3,1011.1,79.0,OFFLINE,replay,,89.9
2025-01-27T10:00:00+00:00,AWS-CHN-024,31.334803090986554,1012.3,63.0,True,spike,high,87.2,FUSED_CONSENSUS,26.7,1011.3,69.0,OFFLINE,replay,,87.2
2025-01-27T11:00:00+00:00,AWS-CHN-024,32.9540606754132,1011.9,52.0,False,multivariate_inconsistency,low,45.0,NORMAL,28.2,1010.7,61.0,OFFLINE,replay,,45.0
2025-01-27T12:00:00+00:00,AWS-CHN-024,33.97331825983986,1011.0,48.0,False,multivariate_inconsistency,low,45.0,NORMAL,29.1,1009.8,55.0,OFFLINE,replay,,45.0
2025-01-27T13:00:00+00:00,AWS-CHN-024,34.3925758442665,1009.8,49.0,False,multivariate_inconsistency,low,45.0,NORMAL,29.4,1008.6,50.0,OFFLINE,replay,,45.0
2025-01-27T14:00:00+00:00,AWS-CHN-024,34.711833428693154,1008.9,50.0,False,multivariate_inconsistency,low,45.0,NORMAL,29.1,1007.6,50.0,OFFLINE,replay,,45.0
2025-01-27T15:00:00+00:00,AWS-CHN-024,34.531091013119806,1008.4,54.0,False,,low,0.0,NORMAL,28.4,1007.2,53.0,OFFLINE,replay,,0.0
2025-01-27T16:00:00+00:00,AWS-CHN-024,34.150348597546454,1008.4,61.0,False,,low,0.0,NORMAL,27.4,1007.1,59.0,OFFLINE,replay,,0.0
2025-01-27T17:00:00+00:00,AWS-CHN-024,33.469606181973106,1008.6,70.0,False,,low,0.0,NORMAL,26.1,1007.4,66.0,WARNING,replay,,0.0
2025-01-27T18:00:00+00:00,AWS-CHN-024,33.68886376639976,1009.1,75.0,False,,low,0.0,NORMAL,25.3,1008.0,73.0,OFFLINE,replay,,0.0
2025-01-27T19:00:00+00:00,AWS-CHN-024,33.70812135082641,1009.8,82.0,False,,low,0.0,NORMAL,24.3,1008.7,81.0,OFFLINE,replay,,0.0
2025-01-27T20:00:00+00:00,AWS-CHN-024,34.12737893525306,1010.7,83.0,False,,low,0.0,NORMAL,23.2,1009.6,90.0,OFFLINE,replay,,0.0
2025-01-27T21:00:00+00:00,AWS-CHN-024,34.64663651967971,1011.1,80.0,False,,low,0.0,NORMAL,22.7,1009.9,92.0,WARNING,replay,,0.0
2025-01-27T22:00:00+00:00,AWS-CHN-024,34.86589410410636,1011.1,78.0,False,,low,0.0,NORMAL,22.4,1010.0,92.0,WARNING,replay,,0.0
2025-01-27T23:00:00+00:00,AWS-CHN-024,34.885151688533014,1010.4,81.0,False,,low,0.0,NORMAL,22.2,1009.3,92.0,WARNING,replay,,0.0
2025-01-28T00:00:00+00:00,AWS-CHN-024,34.90440927295967,1010.0,83.0,False,,low,0.0,NORMAL,21.9,1008.9,92.0,WARNING,replay,,0.0
2025-01-28T01:00:00+00:00,AWS-CHN-024,35.12366685738631,1009.3,84.0,False,,low,9.3,NORMAL,21.3,1008.1,93.0,WARNING,replay,15.4,0.0
2025-01-28T02:00:00+00:00,AWS-CHN-024,23.2,1008.7,86.0,True,spike,high,90.0,MODEL_OVERRIDE,20.9,1007.5,95.0,WARNING,replay,90.0,89.9
2025-01-28T03:00:00+00:00,AWS-CHN-024,23.2,1008.2,86.0,True,spike,critical,91.7,MODEL_OVERRIDE,20.6,1007.1,96.0,WARNING,replay,93.0,89.9
2025-01-28T04:00:00+00:00,AWS-CHN-024,23.0,1008.0,86.0,True,spike,medium,66.4,FUSED_CONSENSUS,20.4,1006.8,97.0,WARNING,replay,87.9,34.2
2025-01-28T05:00:00+00:00,AWS-CHN-024,22.0,1008.3,90.0,True,spike,high,88.6,FUSED_CONSENSUS,20.2,1007.1,99.0,OFFLINE,replay,87.8,89.9
2025-01-28T06:00:00+00:00,AWS-CHN-024,22.6,1009.1,97.0,True,spike,critical,91.5,MODEL_OVERRIDE,22.1,1008.0,99.0,OFFLINE,replay,92.5,89.9
2025-01-28T07:00:00+00:00,AWS-CHN-024,23.0,1010.3,94.0,True,spike,high,89.3,MODEL_OVERRIDE,22.3,1009.2,98.0,OFFLINE,replay,89.0,89.9
2025-01-28T08:00:00+00:00,AWS-CHN-024,24.2,1011.5,89.0,True,spike,high,84.9,FUSED_CONSENSUS,23.0,1010.3,97.0,OFFLINE,replay,81.6,89.9
2025-01-28T09:00:00+00:00,AWS-CHN-024,26.5,1012.3,69.0,True,spike,high,85.7,FUSED_CONSENSUS,25.3,1011.3,82.0,OFFLINE,replay,82.9,89.9
2025-01-28T10:00:00+00:00,AWS-CHN-024,28.7,1012.5,47.0,True,spike,high,86.0,FUSED_CONSENSUS,27.6,1011.5,62.0,OFFLINE,replay,83.5,89.9
2025-01-28T11:00:00+00:00,AWS-CHN-024,29.3,1012.1,44.0,True,spike,high,89.4,MODEL_OVERRIDE,28.7,1011.0,54.0,OFFLINE,replay,89.1,89.9
2025-01-28T12:00:00+00:00,AWS-CHN-024,29.3,1011.6,44.0,True,spike,critical,90.8,MODEL_OVERRIDE,29.1,1010.3,50.0,OFFLINE,replay,91.4,89.9
2025-01-28T13:00:00+00:00,AWS-CHN-024,29.4,1010.5,41.0,True,spike,critical,91.6,MODEL_OVERRIDE,29.3,1009.3,46.0,OFFLINE,replay,92.7,89.9
2025-01-28T14:00:00+00:00,AWS-CHN-024,29.3,1009.7,44.0,True,spike,critical,90.9,MODEL_OVERRIDE,29.1,1008.4,46.0,OFFLINE,replay,91.6,89.9
2025-01-28T15:00:00+00:00,AWS-CHN-024,28.8,1009.0,47.0,True,multivariate_inconsistency,high,77.4,MODEL_OVERRIDE,28.6,1007.8,49.0,OFFLINE,replay,89.1,60.0
2025-01-28T16:00:00+00:00,AWS-CHN-024,28.1,1009.0,50.0,True,multivariate_inconsistency,high,78.6,MODEL_OVERRIDE,27.9,1007.8,52.0,OFFLINE,replay,91.0,60.0
2025-01-28T17:00:00+00:00,AWS-CHN-024,27.1,1009.4,56.0,True,multivariate_inconsistency,high,79.0,MODEL_OVERRIDE,26.8,1008.2,58.0,OFFLINE,replay,91.6,60.0
2025-01-28T18:00:00+00:00,AWS-CHN-024,26.6,1010.1,64.0,True,multivariate_inconsistency,high,78.8,MODEL_OVERRIDE,25.2,1009.0,67.0,OFFLINE,replay,91.4,60.0
2025-01-28T19:00:00+00:00,AWS-CHN-024,26.2,1011.1,69.0,True,multivariate_inconsistency,high,79.1,MODEL_OVERRIDE,24.4,1010.0,73.0,OFFLINE,replay,91.8,60.0
2025-01-28T20:00:00+00:00,AWS-CHN-024,26.0,1012.1,72.0,True,spike,high,87.0,FUSED_CONSENSUS,24.0,1010.9,78.0,OFFLINE,replay,85.1,89.9
2025-01-28T21:00:00+00:00,AWS-CHN-024,25.6,1013.0,75.0,True,spike,high,84.4,FUSED_CONSENSUS,23.6,1011.8,82.0,OFFLINE,replay,80.7,89.9
2025-01-28T22:00:00+00:00,AWS-CHN-024,25.1,1013.1,78.0,True,spike,high,83.3,FUSED_CONSENSUS,23.2,1011.8,84.0,OFFLINE,replay,79.0,89.9
2025-01-28T23:00:00+00:00,AWS-CHN-024,25.0,1012.9,79.0,True,spike,high,81.9,FUSED_CONSENSUS,22.8,1011.8,87.0,OFFLINE,replay,76.6,89.9
2025-01-29T00:00:00+00:00,AWS-CHN-024,24.8,1012.5,77.0,True,multivariate_inconsistency,medium,69.9,FUSED_CONSENSUS,22.2,1011.4,89.0,OFFLINE,replay,76.4,60.0
2025-01-29T01:00:00+00:00,AWS-CHN-024,24.5,1011.9,74.0,True,spike,high,86.5,FUSED_CONSENSUS,21.9,1010.8,90.0,OFFLINE,replay,84.3,89.9
2025-01-29T02:00:00+00:00,AWS-CHN-024,23.5,1011.0,78.0,True,spike,high,88.0,FUSED_CONSENSUS,21.5,1009.9,92.0,OFFLINE,replay,86.8,89.9
2025-01-29T03:00:00+00:00,AWS-CHN-024,22.9,1010.8,81.0,True,multivariate_inconsistency,high,77.1,MODEL_OVERRIDE,21.1,1009.7,93.0,OFFLINE,replay,88.5,60.0
2025-01-29T04:00:00+00:00,AWS-CHN-024,22.3,1010.6,85.0,True,spike,medium,63.7,FUSED_CONSENSUS,20.4,1009.5,94.0,OFFLINE,replay,83.4,34.2
2025-01-29T05:00:00+00:00,AWS-CHN-024,22.1,1011.0,86.0,True,spike,high,87.1,FUSED_CONSENSUS,20.1,1009.9,96.0,OFFLINE,replay,85.2,89.9
2025-01-29T06:00:00+00:00,AWS-CHN-024,23.6,1011.6,86.0,True,spike,high,85.2,FUSED_CONSENSUS,21.5,1010.5,98.0,OFFLINE,replay,82.0,89.9
2025-01-29T07:00:00+00:00,AWS-CHN-024,24.6,1012.3,78.0,True,spike,high,87.3,FUSED_CONSENSUS,21.9,1011.2,97.0,OFFLINE,replay,85.6,89.9
2025-01-29T08:00:00+00:00,AWS-CHN-024,26.7,1013.3,57.0,True,spike,critical,90.8,MODEL_OVERRIDE,24.5,1012.2,84.0,OFFLINE,replay,91.5,89.9
2025-01-29T09:00:00+00:00,AWS-CHN-024,28.0,1014.0,50.0,True,spike,critical,93.3,MODEL_OVERRIDE,27.0,1012.9,66.0,OFFLINE,replay,95.6,89.9
2025-01-29T10:00:00+00:00,AWS-CHN-024,28.7,1014.0,48.0,True,spike,critical,93.2,MODEL_OVERRIDE,28.3,1012.9,55.0,OFFLINE,replay,95.4,89.9
2025-01-29T11:00:00+00:00,AWS-CHN-024,29.0,1013.4,48.0,True,spike,critical,91.9,MODEL_OVERRIDE,28.9,1012.1,52.0,OFFLINE,replay,93.2,89.9
2025-01-29T12:00:00+00:00,AWS-CHN-024,28.8,1012.5,0.0821136623126887,True,spike,critical,95.5,MODEL_OVERRIDE,29.2,1011.0,51.0,OFFLINE,replay,99.2,89.9
2025-01-29T13:00:00+00:00,AWS-CHN-024,28.8,1011.3,0.0368491223316087,True,spike,critical,95.5,MODEL_OVERRIDE,29.2,1009.8,51.0,OFFLINE,replay,99.3,89.9
2025-01-29T14:00:00+00:00,AWS-CHN-024,28.7,1010.2,-0.0108401039952915,True,spike,critical,99.6,RULE_ENGINE_BYPASS,29.0,1008.8,50.0,OFFLINE,replay,99.3,100.0
2025-01-29T15:00:00+00:00,AWS-CHN-024,28.2,1009.4,-0.0168136829269365,True,spike,critical,99.5,RULE_ENGINE_BYPASS,28.4,1008.1,51.0,OFFLINE,replay,99.2,100.0
2025-01-29T16:00:00+00:00,AWS-CHN-024,27.4,1009.3,55.0,True,multivariate_inconsistency,high,80.8,MODEL_OVERRIDE,27.4,1008.1,55.0,OFFLINE,replay,94.7,60.0
2025-01-29T17:00:00+00:00,AWS-CHN-024,26.4,1009.8,61.0,True,multivariate_inconsistency,high,81.4,MODEL_OVERRIDE,26.1,1008.6,62.0,OFFLINE,replay,95.6,60.0
2025-01-29T18:00:00+00:00,AWS-CHN-024,26.1,1010.2,63.0,True,multivariate_inconsistency,high,80.4,MODEL_OVERRIDE,25.1,1009.1,71.0,OFFLINE,replay,94.0,60.0
2025-01-29T19:00:00+00:00,AWS-CHN-024,25.7,1011.2,67.0,True,multivariate_inconsistency,high,79.8,MODEL_OVERRIDE,24.3,1010.1,75.0,OFFLINE,replay,93.0,60.0
2025-01-29T20:00:00+00:00,AWS-CHN-024,25.4,1011.8,69.0,True,multivariate_inconsistency,high,79.8,MODEL_OVERRIDE,23.6,1010.7,78.0,OFFLINE,replay,93.0,60.0
2025-01-29T21:00:00+00:00,AWS-CHN-024,25.1,1012.1,71.0,False,multivariate_inconsistency,low,45.0,NORMAL,23.1,1011.0,80.0,OFFLINE,replay,,45.0
2025-01-29T22:00:00+00:00,AWS-CHN-024,25.0,1012.1,71.0,True,spike,high,89.9,FUSED_CONSENSUS,22.9,1011.0,82.0,OFFLINE,replay,,89.9
2025-01-29T23:00:00+00:00,AWS-CHN-024,24.8,1011.7,73.0,True,spike,high,89.9,FUSED_CONSENSUS,22.5,1010.6,84.0,OFFLINE,replay,,89.9
2025-01-30T00:00:00+00:00,AWS-CHN-024,24.2,1011.3,76.0,False,multivariate_inconsistency,low,45.0,NORMAL,22.0,1010.2,86.0,OFFLINE,replay,,45.0
2025-01-30T01:00:00+00:00,AWS-CHN-024,24.0,1010.5,77.0,True,spike,high,89.9,FUSED_CONSENSUS,21.5,1009.5,89.0,OFFLINE,replay,,89.9
2025-01-30T02:00:00+00:00,AWS-CHN-024,24.0,1009.8,77.0,True,spike,high,89.9,FUSED_CONSENSUS,21.7,1008.8,89.0,OFFLINE,replay,,89.9
2025-01-30T03:00:00+00:00,AWS-CHN-024,23.7,1009.4,80.0,True,spike,high,89.9,FUSED_CONSENSUS,22.1,1008.3,87.0,OFFLINE,replay,,89.9
2025-01-30T04:00:00+00:00,AWS-CHN-024,23.4,1009.3,81.0,True,spike,high,89.9,FUSED_CONSENSUS,22.0,1008.2,85.0,OFFLINE,replay,,89.9
2025-01-30T05:00:00+00:00,AWS-CHN-024,23.1,1009.9,81.0,True,spike,high,89.9,FUSED_CONSENSUS,22.1,1008.7,85.0,OFFLINE,replay,,89.9
2025-01-30T06:00:00+00:00,AWS-CHN-024,23.6,1011.0,84.0,True,spike,high,89.9,FUSED_CONSENSUS,22.6,1009.9,87.0,OFFLINE,replay,,89.9
2025-01-30T07:00:00+00:00,AWS-CHN-024,23.7,1011.8,82.0,True,spike,high,89.9,FUSED_CONSENSUS,22.9,1010.7,87.0,OFFLINE,replay,,89.9
2025-01-30T08:00:00+00:00,AWS-CHN-024,25.7,1012.7,0.1387164493238941,True,spike,high,89.9,FUSED_CONSENSUS,25.1,1011.6,79.0,OFFLINE,replay,,89.9
2025-01-30T09:00:00+00:00,AWS-CHN-024,27.7,1013.2,29.882632038281507,True,spike,high,88.5,FUSED_CONSENSUS,27.1,1012.1,72.0,OFFLINE,replay,,88.5
2025-01-30T10:00:00+00:00,AWS-CHN-024,29.3,1013.0,40.09660597627415,True,spike,high,85.6,FUSED_CONSENSUS,29.0,1011.8,63.0,OFFLINE,replay,,85.6
2025-01-30T11:00:00+00:00,AWS-CHN-024,30.3,1012.2,54.0,False,multivariate_inconsistency,low,45.0,NORMAL,30.2,1011.0,58.0,OFFLINE,replay,,45.0
2025-01-30T12:00:00+00:00,AWS-CHN-024,30.8,1011.1,54.0,False,multivariate_inconsistency,low,45.0,NORMAL,31.1,1009.8,55.0,OFFLINE,replay,,45.0
2025-01-30T13:00:00+00:00,AWS-CHN-024,30.7,1009.6,55.0,False,multivariate_inconsistency,low,45.0,NORMAL,31.3,1008.2,53.0,OFFLINE,replay,,45.0
2025-01-30T14:00:00+00:00,AWS-CHN-024,30.0,1008.3,58.0,True,spike,high,89.9,FUSED_CONSENSUS,31.1,1007.0,55.0,OFFLINE,replay,,89.9
2025-01-30T15:00:00+00:00,AWS-CHN-024,28.9,1007.6,62.0,True,spike,high,88.4,FUSED_CONSENSUS,29.9,1006.3,60.0,OFFLINE,replay,,88.4
2025-01-30T16:00:00+00:00,AWS-CHN-024,27.9,1007.8,66.0,True,spike,high,86.0,FUSED_CONSENSUS,28.3,1006.5,66.0,OFFLINE,replay,,86.0
2025-01-30T17:00:00+00:00,AWS-CHN-024,26.9,1008.1,72.0,False,multivariate_inconsistency,low,45.0,NORMAL,27.1,1006.9,71.0,OFFLINE,replay,,45.0
2025-01-30T18:00:00+00:00,AWS-CHN-024,26.1,1008.4,81.0,False,multivariate_inconsistency,low,45.0,NORMAL,25.9,1007.3,81.0,OFFLINE,replay,,45.0
2025-01-30T19:00:00+00:00,AWS-CHN-024,25.8,1009.3,84.0,False,spike,low,34.2,NORMAL,25.2,1008.2,86.0,OFFLINE,replay,,34.2
2025-01-30T20:00:00+00:00,AWS-CHN-024,25.7,1010.2,85.0,True,spike,high,89.9,FUSED_CONSENSUS,24.8,1009.1,88.0,OFFLINE,replay,,89.9
2025-01-30T21:00:00+00:00,AWS-CHN-024,25.7,1010.5,84.0,True,spike,high,89.9,FUSED_CONSENSUS,24.6,1009.4,91.0,OFFLINE,replay,,89.9
2025-01-30T22:00:00+00:00,AWS-CHN-024,25.6,1010.5,84.0,True,spike,high,89.9,FUSED_CONSENSUS,24.3,1009.4,92.0,OFFLINE,replay,,89.9
2025-01-30T23:00:00+00:00,AWS-CHN-024,25.4,1010.1,85.0,True,spike,high,89.9,FUSED_CONSENSUS,24.2,1008.9,92.0,OFFLINE,replay,,89.9
2025-01-31T00:00:00+00:00,AWS-CHN-024,25.4,1009.6,86.0,True,spike,high,89.9,FUSED_CONSENSUS,24.1,1008.5,93.0,OFFLINE,replay,,89.9
2025-01-31T01:00:00+00:00,AWS-CHN-024,25.3,1008.9,87.0,True,spike,high,89.9,FUSED_CONSENSUS,23.6,1007.8,93.0,OFFLINE,replay,,89.9
2025-01-31T02:00:00+00:00,AWS-CHN-024,24.5,1008.6,91.0,True,spike,high,89.9,FUSED_CONSENSUS,23.3,1007.6,95.0,OFFLINE,replay,,89.9
2025-01-31T03:00:00+00:00,AWS-CHN-024,24.0,1008.5,94.0,False,spike,low,34.2,NORMAL,22.5,1007.4,97.0,OFFLINE,replay,,34.2
2025-01-31T04:00:00+00:00,AWS-CHN-024,23.5,1008.5,96.0,True,spike,high,89.9,FUSED_CONSENSUS,22.3,1007.4,99.0,OFFLINE,replay,,89.9
2025-01-31T05:00:00+00:00,AWS-CHN-024,23.0,1009.0,97.0,True,spike,high,89.9,FUSED_CONSENSUS,22.1,1007.9,99.0,OFFLINE,replay,,89.9
2025-01-31T06:00:00+00:00,AWS-CHN-024,23.6,1009.8,98.0,True,spike,high,89.9,FUSED_CONSENSUS,23.4,1008.6,99.0,OFFLINE,replay,,89.9
2025-01-31T07:00:00+00:00,AWS-CHN-024,24.2,1010.8,95.0,True,spike,high,89.9,FUSED_CONSENSUS,23.9,1009.6,97.0,OFFLINE,replay,,89.9
2025-01-31T08:00:00+00:00,AWS-CHN-024,25.8,1011.8,85.0,True,spike,high,89.9,FUSED_CONSENSUS,25.3,1010.8,90.0,OFFLINE,replay,,89.9
2025-01-31T09:00:00+00:00,AWS-CHN-024,27.9,1012.5,72.0,True,spike,high,88.1,FUSED_CONSENSUS,27.5,1011.4,78.0,OFFLINE,replay,,88.1
2025-01-31T10:00:00+00:00,AWS-CHN-024,29.2,1012.2,66.0,True,spike,high,85.8,FUSED_CONSENSUS,28.8,1011.0,71.0,OFFLINE,replay,,85.8
2025-01-31T11:00:00+00:00,AWS-CHN-024,29.9,1011.6,63.0,False,multivariate_inconsistency,low,45.0,NORMAL,30.0,1010.3,64.0,OFFLINE,replay,,45.0
2025-01-31T12:00:00+00:00,AWS-CHN-024,30.1,1010.5,62.0,False,multivariate_inconsistency,low,45.0,NORMAL,30.7,1009.3,62.0,OFFLINE,replay,,45.0
2025-01-31T13:00:00+00:00,AWS-CHN-024,30.1,1009.6,62.0,True,spike,high,88.4,FUSED_CONSENSUS,30.7,1008.3,62.0,OFFLINE,replay,,88.4
2025-01-31T14:00:00+00:00,AWS-CHN-024,29.7,1008.5,64.0,True,spike,high,87.2,FUSED_CONSENSUS,30.3,1007.3,63.0,OFFLINE,replay,,87.2
2025-01-31T15:00:00+00:00,AWS-CHN-024,29.4,1007.7,66.0,True,spike,high,86.0,FUSED_CONSENSUS,29.8,1006.4,65.0,OFFLINE,replay,,86.0
2025-01-31T16:00:00+00:00,AWS-CHN-024,28.6,1007.6,70.0,False,multivariate_inconsistency,low,45.0,NORMAL,29.0,1006.4,68.0,OFFLINE,replay,,45.0
2025-01-31T17:00:00+00:00,AWS-CHN-024,13.25268043912146,1007.9,76.0,False,multivariate_inconsistency,low,45.0,NORMAL,27.7,1006.8,74.0,OFFLINE,replay,,45.0
2025-01-31T18:00:00+00:00,AWS-CHN-024,23.523589283374456,1008.4,84.0,False,spike,low,34.2,NORMAL,26.9,1007.3,84.0,OFFLINE,replay,,34.2
2025-01-31T19:00:00+00:00,AWS-CHN-024,25.899839009812958,1009.2,86.0,False,spike,low,34.2,NORMAL,26.0,1008.1,87.0,OFFLINE,replay,,34.2
2025-01-31T20:00:00+00:00,AWS-CHN-024,26.4,1010.0,88.0,False,spike,low,34.2,NORMAL,25.4,1008.9,91.0,OFFLINE,replay,,34.2
2025-01-31T21:00:00+00:00,AWS-CHN-024,26.2,1010.5,88.0,True,spike,high,89.9,FUSED_CONSENSUS,25.0,1009.4,94.0,OFFLINE,replay,,89.9
2025-01-31T22:00:00+00:00,AWS-CHN-024,26.0,1010.5,89.0,True,spike,high,89.9,FUSED_CONSENSUS,24.8,1009.4,95.0,OFFLINE,replay,,89.9
2025-01-31T23:00:00+00:00,AWS-CHN-024,25.8,1010.2,90.0,True,spike,high,89.9,FUSED_CONSENSUS,24.5,1009.1,96.0,OFFLINE,replay,,89.9
2025-02-01T00:00:00+00:00,AWS-CHN-024,25.5,1009.9,91.0,True,spike,high,89.9,FUSED_CONSENSUS,24.2,1008.8,97.0,OFFLINE,replay,,89.9
2025-02-01T01:00:00+00:00,AWS-CHN-024,25.3,1009.4,93.0,False,spike,low,34.2,NORMAL,23.6,1008.3,97.0,OFFLINE,replay,,34.2
2025-02-01T02:00:00+00:00,AWS-CHN-024,25.0,1008.9,94.0,True,spike,high,89.9,FUSED_CONSENSUS,23.3,1007.8,98.0,OFFLINE,replay,,89.9
2025-02-01T03:00:00+00:00,AWS-CHN-024,24.3,1008.7,96.0,True,spike,high,89.9,FUSED_CONSENSUS,23.5,1007.6,99.0,OFFLINE,replay,,89.9
2025-02-01T04:00:00+00:00,AWS-CHN-024,24.2,1008.8,96.0,True,spike,high,89.9,FUSED_CONSENSUS,23.3,1007.7,99.0,OFFLINE,replay,,89.9
2025-02-01T05:00:00+00:00,AWS-CHN-024,23.9,1009.4,98.0,True,spike,high,89.9,FUSED_CONSENSUS,23.3,1008.3,99.0,OFFLINE,replay,,89.9
2025-02-01T06:00:00+00:00,AWS-CHN-024,24.6,1009.8,96.0,True,spike,high,89.9,FUSED_CONSENSUS,23.9,1008.6,99.0,OFFLINE,replay,,89.9
2025-02-01T07:00:00+00:00,AWS-CHN-024,25.3,1010.7,94.0,True,spike,high,89.9,FUSED_CONSENSUS,24.5,1009.6,98.0,OFFLINE,replay,,89.9
2025-02-01T08:00:00+00:00,AWS-CHN-024,26.7,1011.7,85.0,True,spike,high,89.9,FUSED_CONSENSUS,25.8,1010.7,92.0,OFFLINE,replay,,89.9
2025-02-01T09:00:00+00:00,AWS-CHN-024,28.3,1012.5,71.0,True,spike,high,87.4,FUSED_CONSENSUS,27.4,1011.5,83.0,OFFLINE,replay,,87.4
2025-02-01T10:00:00+00:00,AWS-CHN-024,29.5,1012.5,61.0,True,spike,high,85.2,FUSED_CONSENSUS,28.9,1011.4,68.0,OFFLINE,replay,,85.2
2025-02-01T11:00:00+00:00,AWS-CHN-024,30.2,1011.8,58.0,False,multivariate_inconsistency,low,45.0,NORMAL,30.1,1010.6,60.0,OFFLINE,replay,,45.0
2025-02-01T12:00:00+00:00,AWS-CHN-024,30.5,1011.1,56.0,False,multivariate_inconsistency,low,45.0,NORMAL,30.7,1009.9,58.0,OFFLINE,replay,,45.0
2025-02-01T13:00:00+00:00,AWS-CHN-024,30.3,1010.1,57.0,False,multivariate_inconsistency,low,45.0,NORMAL,30.9,1008.8,57.0,OFFLINE,replay,,45.0
2025-02-01T14:00:00+00:00,AWS-CHN-024,29.8,1009.1,60.0,True,spike,high,89.7,FUSED_CONSENSUS,30.5,1007.8,58.0,OFFLINE,replay,,89.7
2025-02-01T15:00:00+00:00,AWS-CHN-024,29.2,1008.6,64.0,True,spike,high,87.2,FUSED_CONSENSUS,29.9,1007.3,61.0,OFFLINE,replay,,87.2
2025-02-01T16:00:00+00:00,AWS-CHN-024,28.4,1008.8,68.0,False,multivariate_inconsistency,low,45.0,NORMAL,28.9,1007.5,66.0,OFFLINE,replay,,45.0
2025-02-01T17:00:00+00:00,AWS-CHN-024,27.4,1009.1,74.0,False,multivariate_inconsistency,low,45.0,NORMAL,27.5,1007.9,72.0,OFFLINE,replay,,45.0
2025-02-01T18:00:00+00:00,AWS-CHN-024,26.7,1009.2,81.0,False,multivariate_inconsistency,low,45.0,NORMAL,26.5,1008.1,81.0,OFFLINE,replay,,45.0
2025-02-01T19:00:00+00:00,AWS-CHN-024,26.5,1010.0,82.0,False,spike,low,34.2,NORMAL,25.8,1008.9,85.0,OFFLINE,replay,,34.2
2025-02-01T20:00:00+00:00,AWS-CHN-024,26.2,1010.9,82.0,True,spike,high,89.9,FUSED_CONSENSUS,25.2,1009.8,90.0,OFFLINE,replay,,89.9
2025-02-01T21:00:00+00:00,AWS-CHN-024,26.0,1011.8,83.0,True,spike,high,89.9,FUSED_CONSENSUS,24.9,1010.7,92.0,OFFLINE,replay,,89.9
2025-02-01T22:00:00+00:00,AWS-CHN-024,25.7,1011.9,86.0,True,spike,high,89.9,FUSED_CONSENSUS,24.5,1010.8,94.0,OFFLINE,replay,,89.9
2025-02-01T23:00:00+00:00,AWS-CHN-024,25.3,1011.6,88.0,False,spike,low,34.2,NORMAL,23.6,1010.4,96.0,OFFLINE,replay,,34.2
2025-02-02T00:00:00+00:00,AWS-CHN-024,24.9,1011.4,90.0,True,spike,high,89.9,FUSED_CONSENSUS,23.4,1010.2,96.0,OFFLINE,replay,,89.9
2025-02-02T01:00:00+00:00,AWS-CHN-024,24.6,1010.7,91.0,True,spike,high,89.9,FUSED_CONSENSUS,23.2,1009.6,96.0,OFFLINE,replay,,89.9
2025-02-02T02:00:00+00:00,AWS-CHN-024,24.1,1010.2,92.0,False,spike,low,34.2,NORMAL,22.8,1009.0,97.0,OFFLINE,replay,,34.2
2025-02-02T03:00:00+00:00,AWS-CHN-024,23.6,1009.7,93.0,True,spike,high,89.9,FUSED_CONSENSUS,22.4,1008.6,99.0,OFFLINE,replay,,89.9
2025-02-02T04:00:00+00:00,AWS-CHN-024,23.3,1009.8,95.0,True,spike,high,89.9,FUSED_CONSENSUS,22.4,1008.7,99.0,OFFLINE,replay,,89.9
2025-02-02T05:00:00+00:00,AWS-CHN-024,23.0,1010.2,98.0,True,spike,high,89.9,FUSED_CONSENSUS,22.2,1009.1,99.0,OFFLINE,replay,,89.9
2025-02-02T06:00:00+00:00,AWS-CHN-024,23.8,1011.1,97.0,True,spike,high,89.9,FUSED_CONSENSUS,23.4,1010.0,99.0,OFFLINE,replay,,89.9
2025-02-02T07:00:00+00:00,AWS-CHN-024,24.0,1012.0,96.0,True,spike,high,89.9,FUSED_CONSENSUS,24.0,1010.9,97.0,OFFLINE,replay,,89.9
2025-02-02T08:00:00+00:00,AWS-CHN-024,25.6,1012.6,85.0,True,spike,high,89.9,FUSED_CONSENSUS,25.5,1011.5,85.0,OFFLINE,replay,,89.9
2025-02-02T09:00:00+00:00,AWS-CHN-024,27.5,1013.1,69.0,True,spike,high,88.8,FUSED_CONSENSUS,27.1,1012.0,73.0,OFFLINE,replay,,88.8
2025-02-02T10:00:00+00:00,AWS-CHN-024,29.3,1012.6,59.0,True,spike,high,85.6,FUSED_CONSENSUS,28.7,1011.6,64.0,OFFLINE,replay,,85.6
2025-02-02T11:00:00+00:00,AWS-CHN-024,30.5,1011.8,51.0,False,multivariate_inconsistency,low,45.0,NORMAL,29.7,1010.7,57.0,OFFLINE,replay,,45.0
2025-02-02T12:00:00+00:00,AWS-CHN-024,30.8,1010.6,51.0,False,multivariate_inconsistency,low,45.0,NORMAL,30.5,1009.4,51.0,OFFLINE,replay,,45.0
2025-02-02T13:00:00+00:00,AWS-CHN-024,30.4,1009.6,55.0,False,multivariate_inconsistency,low,45.0,NORMAL,31.1,1008.3,49.0,OFFLINE,replay,,45.0
2025-02-02T14:00:00+00:00,AWS-CHN-024,29.8,1008.8,57.0,True,spike,high,89.9,FUSED_CONSENSUS,31.2,1007.4,52.0,OFFLINE,replay,,89.9
2025-02-02T15:00:00+00:00,AWS-CHN-024,29.0,1008.4,60.0,True,spike,high,89.7,FUSED_CONSENSUS,30.0,1007.1,57.0,OFFLINE,replay,,89.7
2025-02-02T16:00:00+00:00,AWS-CHN-024,28.2,1008.4,59.0,True,spike,high,89.9,FUSED_CONSENSUS,28.5,1007.2,60.0,OFFLINE,replay,,89.9
2025-02-02T17:00:00+00:00,AWS-CHN-024,27.2,1008.8,60.0,True,spike,high,89.7,FUSED_CONSENSUS,27.3,1007.6,62.0,OFFLINE,replay,,89.7
2025-02-02T18:00:00+00:00,AWS-CHN-024,26.5,1009.3,68.0,False,multivariate_inconsistency,low,45.0,NORMAL,26.1,1008.2,72.0,OFFLINE,replay,,45.0
2025-02-02T19:00:00+00:00,AWS-CHN-024,26.2,1010.2,69.0,False,multivariate_inconsistency,low,45.0,NORMAL,25.0,1009.1,74.0,OFFLINE,replay,,45.0
2025-02-02T20:00:00+00:00,AWS-CHN-024,25.8,1010.8,72.0,False,multivariate_inconsistency,low,45.0,NORMAL,24.1,1009.7,79.0,OFFLINE,replay,,45.0
2025-02-02T21:00:00+00:00,AWS-CHN-024,25.5,1011.6,75.0,False,multivariate_inconsistency,low,45.0,NORMAL,23.2,1010.4,84.0,OFFLINE,replay,,45.0
2025-02-02T22:00:00+00:00,AWS-CHN-024,25.1,1011.5,78.0,False,multivariate_inconsistency,low,45.0,NORMAL,22.5,1010.4,88.0,OFFLINE,replay,,45.0
2025-02-02T23:00:00+00:00,AWS-CHN-024,24.7,1011.3,81.0,True,spike,high,89.9,FUSED_CONSENSUS,22.4,1010.2,88.0,OFFLINE,replay,,89.9
2025-02-03T00:00:00+00:00,AWS-CHN-024,23.8,1010.7,86.0,False,spike,low,34.2,NORMAL,22.2,1009.6,90.0,OFFLINE,replay,,34.2
2025-02-03T01:00:00+00:00,AWS-CHN-024,22.7,1009.9,91.0,False,spike,low,34.2,NORMAL,21.0,1008.8,96.0,OFFLINE,replay,,34.2
2025-02-03T02:00:00+00:00,AWS-CHN-024,22.2,1009.4,94.0,False,spike,low,34.2,NORMAL,20.4,1008.3,98.0,OFFLINE,replay,,34.2
2025-02-03T03:00:00+00:00,AWS-CHN-024,21.5,1009.1,95.0,False,spike,low,34.2,NORMAL,19.9,1008.0,99.0,OFFLINE,replay,,34.2
2025-02-03T04:00:00+00:00,AWS-CHN-024,20.9,1009.2,95.0,True,spike,high,89.9,FUSED_CONSENSUS,19.5,1008.0,100.0,OFFLINE,replay,,89.9
2025-02-03T05:00:00+00:00,AWS-CHN-024,20.4,1009.6,98.0,True,spike,high,89.9,FUSED_CONSENSUS,19.4,1008.5,100.0,OFFLINE,replay,,89.9
2025-02-03T06:00:00+00:00,AWS-CHN-024,22.6,1010.8,94.0,True,spike,high,89.9,FUSED_CONSENSUS,22.3,1009.7,95.0,OFFLINE,replay,,89.9
2025-02-03T07:00:00+00:00,AWS-CHN-024,23.5,1011.5,88.0,True,spike,high,89.9,FUSED_CONSENSUS,23.0,1010.4,93.0,OFFLINE,replay,,89.9
2025-02-03T08:00:00+00:00,AWS-CHN-024,25.2,1012.5,80.0,True,spike,high,89.9,FUSED_CONSENSUS,24.9,1011.4,82.0,OFFLINE,replay,,89.9
2025-02-03T09:00:00+00:00,AWS-CHN-024,27.2,1013.3,69.0,True,spike,high,89.4,FUSED_CONSENSUS,26.7,1012.2,73.0,OFFLINE,replay,,89.4
2025-02-03T10:00:00+00:00,AWS-CHN-024,28.5,1013.0,61.0,True,spike,high,87.0,FUSED_CONSENSUS,28.2,1011.9,65.0,OFFLINE,replay,,87.0
2025-02-03T11:00:00+00:00,AWS-CHN-024,29.5,1012.1,57.0,True,spike,high,85.2,FUSED_CONSENSUS,29.4,1010.9,60.0,OFFLINE,replay,,85.2
2025-02-03T12:00:00+00:00,AWS-CHN-024,30.3,1010.9,52.0,False,multivariate_inconsistency,low,45.0,NORMAL,30.3,1009.7,57.0,OFFLINE,replay,,45.0
2025-02-03T13:00:00+00:00,AWS-CHN-024,30.8,1010.0,48.0,False,multivariate_inconsistency,low,45.0,NORMAL,30.6,1008.7,53.0,OFFLINE,replay,,45.0
2025-02-03T14:00:00+00:00,AWS-CHN-024,30.9,1009.3,41.0,False,multivariate_inconsistency,low,45.0,NORMAL,31.1,1008.0,49.0,OFFLINE,replay,,45.0
2025-02-03T15:00:00+00:00,AWS-CHN-024,30.1,1009.0,41.0,False,multivariate_inconsistency,low,45.0,NORMAL,31.4,1007.7,45.0,OFFLINE,replay,,45.0
2025-02-03T16:00:00+00:00,AWS-CHN-024,28.7,1009.3,51.0,True,spike,high,89.9,FUSED_CONSENSUS,30.2,1008.1,46.0,OFFLINE,replay,,89.9
2025-02-03T17:00:00+00:00,AWS-CHN-024,27.2,1009.8,64.0,True,spike,high,87.2,FUSED_CONSENSUS,28.1,1008.6,52.0,OFFLINE,replay,,87.2
2025-02-03T18:00:00+00:00,AWS-CHN-024,26.3,1010.4,77.0,False,multivariate_inconsistency,low,45.0,NORMAL,25.9,1009.3,73.0,OFFLINE,replay,,45.0
2025-02-03T19:00:00+00:00,AWS-CHN-024,33.70582260677173,1011.392146596883,100.0,False,,low,0.0,NORMAL,24.5,1010.4,82.0,OFFLINE,replay,,0.0
2025-02-03T20:00:00+00:00,AWS-CHN-024,33.305822606771734,1012.2601629245482,100.0,False,,low,0.0,NORMAL,23.5,1011.1,89.0,OFFLINE,replay,,0.0
2025-02-03T21:00:00+00:00,AWS-CHN-024,32.805822606771734,1012.6697447670704,100.0,False,,low,0.0,NORMAL,22.7,1011.4,92.0,OFFLINE,replay,,0.0
2025-02-03T22:00:00+00:00,AWS-CHN-024,32.00582260677173,1012.381520151034,100.0,False,,low,0.0,NORMAL,22.1,1011.6,91.0,OFFLINE,replay,,0.0
2025-02-03T23:00:00+00:00,AWS-CHN-024,23.8,1012.4,87.0,False,spike,low,34.2,NORMAL,21.6,1011.2,92.0,OFFLINE,replay,,34.2
2025-02-04T00:00:00+00:00,AWS-CHN-024,23.3,1011.8,90.0,False,spike,low,34.2,NORMAL,21.2,1010.7,94.0,OFFLINE,replay,,34.2
2025-02-04T01:00:00+00:00,AWS-CHN-024,23.0,1011.2,92.0,False,spike,low,34.2,NORMAL,20.2,1010.0,98.0,OFFLINE,replay,,34.2
2025-02-04T02:00:00+00:00,AWS-CHN-024,22.3,1010.8,96.0,False,spike,low,34.2,NORMAL,19.7,1009.7,100.0,OFFLINE,replay,,34.2
2025-02-04T03:00:00+00:00,AWS-CHN-024,21.3,1010.3,99.0,True,spike,high,89.9,FUSED_CONSENSUS,19.3,1009.2,100.0,OFFLINE,replay,,89.9
2025-02-04T04:00:00+00:00,AWS-CHN-024,20.8,1010.3,98.0,True,spike,high,89.9,FUSED_CONSENSUS,19.1,1009.2,100.0,OFFLINE,replay,,89.9
2025-02-04T05:00:00+00:00,AWS-CHN-024,20.9,1010.6,98.0,True,spike,high,89.9,FUSED_CONSENSUS,19.6,1009.5,99.0,OFFLINE,replay,,89.9
2025-02-04T06:00:00+00:00,AWS-CHN-024,22.4,1011.4,100.0,True,spike,high,89.9,FUSED_CONSENSUS,21.5,1010.3,99.0,OFFLINE,replay,,89.9
2025-02-04T07:00:00+00:00,AWS-CHN-024,22.9,1012.3,98.0,True,spike,high,89.9,FUSED_CONSENSUS,22.2,1011.2,98.0,OFFLINE,replay,,89.9
2025-02-04T08:00:00+00:00,AWS-CHN-024,24.1,1013.2,88.0,True,spike,high,89.9,FUSED_CONSENSUS,22.7,1012.1,92.0,OFFLINE,replay,,89.9
2025-02-04T09:00:00+00:00,AWS-CHN-024,26.2,1013.6,72.0,True,spike,high,89.9,FUSED_CONSENSUS,24.7,1012.6,80.0,OFFLINE,replay,,89.9
2025-02-04T10:00:00+00:00,AWS-CHN-024,29.0,1013.5,56.0,True,spike,high,86.1,FUSED_CONSENSUS,27.3,1012.4,67.0,OFFLINE,replay,,86.1
2025-02-04T11:00:00+00:00,AWS-CHN-024,31.0,1012.6,42.0,False,multivariate_inconsistency,low,45.0,NORMAL,29.7,1011.4,50.0,OFFLINE,replay,,45.0
2025-02-04T12:00:00+00:00,AWS-CHN-024,31.9,1011.5,35.0,False,multivariate_inconsistency,low,45.0,NORMAL,31.3,1010.2,42.0,OFFLINE,replay,,45.0
2025-02-04T13:00:00+00:00,AWS-CHN-024,32.0,1010.3,33.0,False,multivariate_inconsistency,low,45.0,NORMAL,32.1,1009.1,37.0,OFFLINE,replay,,45.0
2025-02-04T14:00:00+00:00,AWS-CHN-024,31.7,1009.4,33.0,False,multivariate_inconsistency,low,45.0,NORMAL,32.6,1008.1,32.0,OFFLINE,replay,,45.0
2025-02-04T15:00:00+00:00,AWS-CHN-024,31.0,1008.9,38.0,True,spike,high,89.9,FUSED_CONSENSUS,32.4,1007.6,30.0,OFFLINE,replay,,89.9
2025-02-04T16:00:00+00:00,AWS-CHN-024,29.8,1008.9,45.0,True,spike,high,89.9,FUSED_CONSENSUS,31.3,1007.7,32.0,OFFLINE,replay,,89.9
2025-02-04T17:00:00+00:00,AWS-CHN-024,28.2,1009.1,58.0,True,spike,high,89.9,FUSED_CONSENSUS,29.1,1007.9,42.0,OFFLINE,replay,,89.9
2025-02-04T18:00:00+00:00,AWS-CHN-024,26.9,1009.6,77.0,False,multivariate_inconsistency,low,45.0,NORMAL,26.4,1008.4,64.0,OFFLINE,replay,,45.0
2025-02-04T19:00:00+00:00,AWS-CHN-024,26.3,1010.4,85.0,False,spike,low,34.2,NORMAL,24.6,1009.3,80.0,OFFLINE,replay,,34.2
2025-02-04T20:00:00+00:00,AWS-CHN-024,26.31537712122252,1011.1,87.0,False,spike,low,34.2,NORMAL,23.8,1010.0,89.0,OFFLINE,replay,,34.2
2025-02-04T21:00:00+00:00,AWS-CHN-024,26.53075424244505,1011.5,88.0,False,spike,low,34.2,NORMAL,23.5,1010.3,93.0,OFFLINE,replay,,34.2
2025-02-04T22:00:00+00:00,AWS-CHN-024,26.44613136366757,1011.4,90.0,False,spike,low,34.2,NORMAL,23.1,1010.2,96.0,OFFLINE,replay,,34.2
2025-02-04T23:00:00+00:00,AWS-CHN-024,26.3615084848901,1010.9,92.0,False,spike,low,34.2,NORMAL,22.7,1009.7,98.0,OFFLINE,replay,,34.2
2025-02-05T00:00:00+00:00,AWS-CHN-024,26.076885606112626,1010.4,94.0,True,spike,high,89.9,FUSED_CONSENSUS,22.4,1009.2,100.0,OFFLINE,replay,,89.9
2025-02-05T01:00:00+00:00,AWS-CHN-024,26.09226272733515,1009.7,97.0,True,spike,high,89.9,FUSED_CONSENSUS,22.1,1008.6,100.0,OFFLINE,replay,,89.9
2025-02-05T02:00:00+00:00,AWS-CHN-024,26.207639848557672,1009.3,99.0,True,spike,high,89.9,FUSED_CONSENSUS,22.0,1008.2,99.0,OFFLINE,replay,,89.9
2025-02-05T03:00:00+00:00,AWS-CHN-024,26.6230169697802,1009.2,98.0,True,spike,high,89.9,FUSED_CONSENSUS,22.2,1008.2,100.0,OFFLINE,replay,,89.9
2025-02-05T04:00:00+00:00,AWS-CHN-024,26.63839409100272,1009.4,99.0,True,spike,high,89.9,FUSED_CONSENSUS,22.3,1008.4,100.0,OFFLINE,replay,,89.9
2025-02-05T05:00:00+00:00,AWS-CHN-024,26.853771212225247,1010.0,99.0,True,spike,high,89.9,FUSED_CONSENSUS,22.1,1009.0,100.0,OFFLINE,replay,,89.9
2025-02-05T06:00:00+00:00,AWS-CHN-024,27.76914833344777,1010.6,100.0,True,spike,high,88.4,FUSED_CONSENSUS,23.0,1009.5,99.0,OFFLINE,replay,,88.4
2025-02-05T07:00:00+00:00,AWS-CHN-024,28.384525454670296,1011.4,98.0,True,spike,high,87.2,FUSED_CONSENSUS,23.2,1010.3,98.0,OFFLINE,replay,,87.2
2025-02-05T08:00:00+00:00,AWS-CHN-024,30.09990257589282,1012.3,89.0,False,,low,0.0,NORMAL,24.3,1011.2,91.0,OFFLINE,replay,,0.0
2025-02-05T09:00:00+00:00,AWS-CHN-024,32.71527969711534,1012.9,,True,dropout,critical,100.0,RULE_ENGINE_BYPASS,26.1,1011.9,76.0,OFFLINE,replay,,100.0
2025-02-05T10:00:00+00:00,AWS-CHN-024,35.53065681833787,1012.6,58.0,False,multivariate_inconsistency,low,45.0,NORMAL,28.2,1011.5,62.0,OFFLINE,replay,,45.0
2025-02-05T11:00:00+00:00,AWS-CHN-024,37.7460339395604,1011.9,45.0,False,multivariate_inconsistency,low,45.0,NORMAL,30.1,1010.7,48.0,OFFLINE,replay,,45.0
2025-02-05T12:00:00+00:00,AWS-CHN-024,38.96141106078292,1010.7,40.0,False,multivariate_inconsistency,low,45.0,NORMAL,31.0,1009.5,45.0,OFFLINE,replay,,45.0
2025-02-05T13:00:00+00:00,AWS-CHN-024,39.47678818200544,1009.7,37.0,False,multivariate_inconsistency,low,45.0,NORMAL,31.7,1008.4,39.0,OFFLINE,replay,,45.0
2025-02-05T14:00:00+00:00,AWS-CHN-024,39.39216530322797,1008.7,36.0,False,multivariate_inconsistency,low,45.0,NORMAL,32.3,1007.4,34.0,OFFLINE,replay,,45.0
2025-02-05T15:00:00+00:00,AWS-CHN-024,39.00754242445049,1008.3,38.0,True,spike,high,89.9,FUSED_CONSENSUS,31.7,1007.1,32.0,OFFLINE,replay,,89.9
2025-02-05T16:00:00+00:00,AWS-CHN-024,38.32291954567302,1008.4,44.0,True,spike,high,89.9,FUSED_CONSENSUS,30.2,1007.2,36.0,OFFLINE,replay,,89.9
2025-02-05T17:00:00+00:00,AWS-CHN-024,37.338296666895545,1008.6,53.0,True,spike,high,89.9,FUSED_CONSENSUS,28.3,1007.4,46.0,OFFLINE,replay,,89.9
2025-02-05T18:00:00+00:00,AWS-CHN-024,37.05367378811807,1009.0,66.0,True,spike,high,86.0,FUSED_CONSENSUS,26.1,1007.9,58.0,OFFLINE,replay,,86.0
2025-02-05T19:00:00+00:00,AWS-CHN-024,36.86905090934059,1009.8,73.0,False,,low,0.0,NORMAL,24.5,1008.7,75.0,OFFLINE,replay,,0.0
2025-02-05T20:00:00+00:00,AWS-CHN-024,36.98442803056312,1010.6,73.0,False,,low,0.0,NORMAL,23.6,1009.5,88.0,OFFLINE,replay,,0.0
2025-02-05T21:00:00+00:00,AWS-CHN-024,37.19980515178564,1011.2,72.0,False,,low,0.0,NORMAL,23.4,1010.1,90.0,OFFLINE,replay,,0.0
2025-02-05T22:00:00+00:00,AWS-CHN-024,37.21518227300817,1011.3,73.0,False,,low,0.0,NORMAL,23.2,1010.1,88.0,OFFLINE,replay,,0.0
2025-02-05T23:00:00+00:00,AWS-CHN-024,37.33055939423069,1011.0,76.0,False,,low,0.0,NORMAL,22.9,1009.8,89.0,OFFLINE,replay,,0.0
2025-02-06T00:00:00+00:00,AWS-CHN-024,37.34593651545322,1010.6,79.0,False,,low,0.0,NORMAL,22.6,1009.4,89.0,OFFLINE,replay,,0.0
2025-02-06T01:00:00+00:00,AWS-CHN-024,37.06131363667574,1010.1,82.0,False,,low,0.0,NORMAL,22.5,1009.0,88.0,WARNING,replay,,0.0
2025-02-06T02:00:00+00:00,AWS-CHN-024,36.97669075789827,1009.5,86.0,False,,low,0.0,NORMAL,22.4,1008.4,92.0,WARNING,replay,,0.0
2025-02-06T03:00:00+00:00,AWS-CHN-024,24.0,1009.0,86.0,False,spike,low,34.2,NORMAL,21.7,1007.9,95.0,WARNING,replay,,34.2
2025-02-06T04:00:00+00:00,AWS-CHN-024,23.4,1009.1,89.0,False,,low,0.0,NORMAL,21.0,1008.0,98.0,WARNING,replay,,0.0
2025-02-06T05:00:00+00:00,AWS-CHN-024,22.5,1009.6,94.0,False,,low,0.0,NORMAL,20.5,1008.5,99.0,WARNING,replay,,0.0
2025-02-06T06:00:00+00:00,AWS-CHN-024,22.7,1010.2,99.0,False,,low,39.2,NORMAL,21.4,1009.1,99.0,WARNING,replay,65.3,0.0
2025-02-06T07:00:00+00:00,AWS-CHN-024,23.6,1010.8,95.0,False,,low,25.6,NORMAL,22.2,1009.7,98.0,WARNING,replay,42.6,0.0
2025-02-06T08:00:00+00:00,AWS-CHN-024,25.6,1011.8,83.0,False,,low,19.5,NORMAL,24.0,1010.6,93.0,WARNING,replay,32.5,0.0
2025-02-06T09:00:00+00:00,AWS-CHN-024,27.8,1012.4,65.0,False,,low,28.3,NORMAL,26.7,1011.4,78.0,WARNING,replay,47.1,0.0
2025-02-06T10:00:00+00:00,AWS-CHN-024,29.3,1012.4,55.0,False,,low,26.7,NORMAL,28.5,1011.3,63.0,WARNING,replay,44.4,0.0
2025-02-06T11:00:00+00:00,AWS-CHN-024,30.2,1011.8,47.0,False,,low,20.9,NORMAL,29.9,1010.6,53.0,WARNING,replay,34.9,0.0
2025-02-06T12:00:00+00:00,AWS-CHN-024,30.7,1011.1,43.0,False,,low,27.4,NORMAL,30.6,1009.8,48.0,WARNING,replay,45.6,0.0
2025-02-06T13:00:00+00:00,AWS-CHN-024,30.7,1010.0,43.0,False,,low,22.7,NORMAL,31.5,1008.7,44.0,WARNING,replay,37.8,0.0
2025-02-06T14:00:00+00:00,AWS-CHN-024,30.5,1008.9,45.0,False,,low,11.3,NORMAL,31.9,1007.6,42.0,WARNING,replay,18.8,0.0
2025-02-06T15:00:00+00:00,AWS-CHN-024,29.8,1008.4,51.0,False,,low,4.0,NORMAL,31.2,1007.1,40.0,HEALTHY,replay,6.6,0.0
2025-02-06T16:00:00+00:00,AWS-CHN-024,28.7,1008.2,58.0,False,,low,3.7,NORMAL,29.9,1006.9,48.0,HEALTHY,replay,6.2,0.0
2025-02-06T17:00:00+00:00,AWS-CHN-024,27.5,1008.5,65.0,False,,low,2.0,NORMAL,28.1,1007.4,58.0,HEALTHY,replay,3.4,0.0
2025-02-06T18:00:00+00:00,AWS-CHN-024,37.245430264187306,1008.9788204682072,100.0,True,multivariate_inconsistency,high,74.9,MODEL_OVERRIDE,26.0,1008.1,69.0,HEALTHY,replay,94.8,45.0
2025-02-06T19:00:00+00:00,AWS-CHN-024,36.84543026418731,1010.1358378132396,100.0,True,multivariate_inconsistency,high,74.1,MODEL_OVERRIDE,24.5,1008.9,78.0,HEALTHY,replay,93.5,45.0
2025-02-06T20:00:00+00:00,AWS-CHN-024,36.5454302641873,1010.54433554356,100.0,True,multivariate_inconsistency,medium,65.5,FUSED_CONSENSUS,23.8,1009.6,85.0,WARNING,replay,79.2,45.0
2025-02-06T21:00:00+00:00,AWS-CHN-024,36.245430264187306,1011.2546051210536,100.0,True,multivariate_inconsistency,medium,66.2,FUSED_CONSENSUS,23.4,1010.1,87.0,OFFLINE,replay,80.4,45.0
2025-02-06T22:00:00+00:00,AWS-CHN-024,35.94543026418731,1011.2688136323326,100.0,True,multivariate_inconsistency,medium,67.4,FUSED_CONSENSUS,23.1,1010.2,89.0,OFFLINE,replay,82.3,45.0
2025-02-06T23:00:00+00:00,AWS-CHN-024,24.8,1011.1,84.0,False,,low,40.1,NORMAL,22.7,1010.0,91.0,OFFLINE,replay,66.8,0.0
2025-02-07T00:00:00+00:00,AWS-CHN-024,24.2,1010.9,88.0,False,,low,44.6,NORMAL,22.2,1009.8,93.0,OFFLINE,replay,74.3,0.0
2025-02-07T01:00:00+00:00,AWS-CHN-024,23.8,1010.4,90.0,False,,low,48.4,NORMAL,21.5,1009.3,96.0,HEALTHY,replay,80.6,0.0
2025-02-07T02:00:00+00:00,AWS-CHN-024,23.4,1009.9,92.0,False,,low,15.6,NORMAL,20.9,1008.8,99.0,OFFLINE,replay,26.0,0.0
2025-02-07T03:00:00+00:00,AWS-CHN-024,22.7,1009.9,96.0,False,,low,18.5,NORMAL,20.5,1008.8,99.0,OFFLINE,replay,30.8,0.0
2025-02-07T04:00:00+00:00,AWS-CHN-024,22.2,1010.0,98.0,False,,low,32.0,NORMAL,20.2,1008.9,100.0,OFFLINE,replay,53.4,0.0
2025-02-07T05:00:00+00:00,AWS-CHN-024,22.0,1010.6,97.0,False,,low,26.7,NORMAL,20.1,1009.5,100.0,HEALTHY,replay,44.6,0.0
2025-02-07T06:00:00+00:00,AWS-CHN-024,22.3,1011.5,97.0,False,,low,13.6,NORMAL,21.5,1010.4,99.0,WARNING,replay,22.6,0.0
2025-02-07T07:00:00+00:00,AWS-CHN-024,22.7,1012.6,95.0,False,,low,9.5,NORMAL,22.1,1011.4,98.0,WARNING,replay,15.9,0.0
2025-02-07T08:00:00+00:00,AWS-CHN-024,24.1,1013.6,89.0,False,,low,7.2,NORMAL,23.5,1012.5,94.0,WARNING,replay,12.1,0.0
2025-02-07T09:00:00+00:00,AWS-CHN-024,26.9,1014.2,74.0,False,,low,14.6,NORMAL,26.5,1013.2,77.0,WARNING,replay,24.3,0.0
2025-02-07T10:00:00+00:00,AWS-CHN-024,28.7,1014.2,63.0,False,,low,23.1,NORMAL,28.3,1013.0,66.0,WARNING,replay,38.5,0.0
2025-02-07T11:00:00+00:00,AWS-CHN-024,30.2,1013.5,52.0,False,,low,26.0,NORMAL,29.8,1012.3,59.0,WARNING,replay,43.3,0.0
2025-02-07T12:00:00+00:00,AWS-CHN-024,31.0,1012.7,47.0,False,,low,33.9,NORMAL,30.9,1011.4,50.0,WARNING,replay,56.4,0.0
2025-02-07T13:00:00+00:00,AWS-CHN-024,30.9,1011.4,47.0,False,,low,24.9,NORMAL,32.0,1010.1,42.0,WARNING,replay,41.6,0.0
2025-02-07T14:00:00+00:00,AWS-CHN-024,30.4,1010.6,49.0,False,,low,11.9,NORMAL,32.1,1009.2,37.0,WARNING,replay,19.8,0.0
2025-02-07T15:00:00+00:00,AWS-CHN-024,29.7,1010.2,53.0,False,,low,11.0,NORMAL,31.3,1008.9,41.0,WARNING,replay,18.4,0.0
2025-02-07T16:00:00+00:00,AWS-CHN-024,28.9,1010.2,58.0,False,,low,7.3,NORMAL,30.1,1009.0,47.0,WARNING,replay,12.1,0.0
2025-02-07T17:00:00+00:00,AWS-CHN-024,27.6,1010.6,68.0,False,,low,4.6,NORMAL,28.3,1009.4,59.0,WARNING,replay,7.7,0.0
2025-02-07T18:00:00+00:00,AWS-CHN-024,26.9,1011.0,75.0,False,,low,1.4,NORMAL,26.5,1009.9,71.0,WARNING,replay,2.4,0.0
2025-02-07T19:00:00+00:00,AWS-CHN-024,26.5,1011.6,78.0,False,,low,1.1,NORMAL,25.1,1010.5,79.0,HEALTHY,replay,1.8,0.0
2025-02-07T20:00:00+00:00,AWS-CHN-024,26.2,1012.1,79.0,False,,low,1.2,NORMAL,23.9,1011.1,83.0,HEALTHY,replay,2.1,0.0
2025-02-07T21:00:00+00:00,AWS-CHN-024,25.8,1012.6,82.0,False,,low,0.9,NORMAL,23.5,1011.4,89.0,HEALTHY,replay,1.4,0.0
2025-02-07T22:00:00+00:00,AWS-CHN-024,25.5,1012.7,85.0,False,,low,1.7,NORMAL,23.1,1011.5,91.0,HEALTHY,replay,2.8,0.0
2025-02-07T23:00:00+00:00,AWS-CHN-024,24.6,1012.1,90.0,False,,low,1.6,NORMAL,22.7,1011.0,94.0,HEALTHY,replay,2.7,0.0
2025-02-08T00:00:00+00:00,AWS-CHN-024,24.2,1011.5,91.0,False,,low,2.3,NORMAL,22.4,1010.4,98.0,HEALTHY,replay,3.8,0.0
2025-02-08T01:00:00+00:00,AWS-CHN-024,23.4,1010.8,96.0,False,,low,1.9,NORMAL,21.7,1009.7,100.0,HEALTHY,replay,3.2,0.0
2025-02-08T02:00:00+00:00,AWS-CHN-024,23.0,1010.2,98.0,False,,low,1.7,NORMAL,21.1,1009.1,100.0,HEALTHY,replay,2.9,0.0
2025-02-08T03:00:00+00:00,AWS-CHN-024,22.6,1010.0,98.0,False,,low,0.9,NORMAL,20.9,1008.9,100.0,HEALTHY,replay,1.6,0.0
2025-02-08T04:00:00+00:00,AWS-CHN-024,22.2,1009.9,98.0,False,,low,0.4,NORMAL,21.0,1008.8,99.0,HEALTHY,replay,0.7,0.0
2025-02-08T05:00:00+00:00,AWS-CHN-024,22.0,1010.6,97.0,False,,low,0.2,NORMAL,21.0,1009.5,98.0,HEALTHY,replay,0.4,0.0
2025-02-08T06:00:00+00:00,AWS-CHN-024,23.4,1011.4,99.0,False,,low,0.6,NORMAL,23.2,1010.3,99.0,HEALTHY,replay,1.0,0.0
2025-02-08T07:00:00+00:00,AWS-CHN-024,23.7,1012.3,96.0,False,,low,0.3,NORMAL,23.7,1011.2,98.0,HEALTHY,replay,0.5,0.0
2025-02-08T08:00:00+00:00,AWS-CHN-024,24.9,1013.3,90.0,False,,low,0.4,NORMAL,24.7,1012.2,86.0,HEALTHY,replay,0.7,0.0
2025-02-08T09:00:00+00:00,AWS-CHN-024,27.1,1014.0,75.0,False,,low,0.8,NORMAL,26.8,1013.0,75.0,HEALTHY,replay,1.4,0.0
2025-02-08T10:00:00+00:00,AWS-CHN-024,29.4,1013.8,59.0,False,,low,3.8,NORMAL,29.1,1012.7,63.0,HEALTHY,replay,6.4,0.0
2025-02-08T11:00:00+00:00,AWS-CHN-024,31.0,1013.1,48.0,False,,low,2.6,NORMAL,30.8,1011.9,51.0,HEALTHY,replay,4.4,0.0
2025-02-08T12:00:00+00:00,AWS-CHN-024,31.6,1012.2,43.0,False,,low,2.2,NORMAL,31.9,1010.9,43.0,HEALTHY,replay,3.7,0.0
2025-02-08T13:00:00+00:00,AWS-CHN-024,31.3,1010.9,44.0,False,,low,3.1,NORMAL,32.4,1009.5,40.0,HEALTHY,replay,5.2,0.0
2025-02-08T14:00:00+00:00,AWS-CHN-024,30.8,1010.0,46.0,False,,low,1.5,NORMAL,32.7,1008.6,36.0,HEALTHY,replay,2.5,0.0
2025-02-08T15:00:00+00:00,AWS-CHN-024,29.9,1009.5,53.0,False,,low,0.6,NORMAL,31.6,1008.2,37.0,HEALTHY,replay,1.0,0.0
2025-02-08T16:00:00+00:00,AWS-CHN-024,29.0,1009.6,57.0,False,,low,0.5,NORMAL,30.3,1008.3,45.0,HEALTHY,replay,0.8,0.0
2025-02-08T17:00:00+00:00,AWS-CHN-024,27.8,1009.9,7.26062494546774,True,multivariate_inconsistency,medium,65.3,FUSED_CONSENSUS,28.6,1008.7,54.0,HEALTHY,replay,78.9,45.0
2025-02-08T18:00:00+00:00,AWS-CHN-024,27.2,1010.3,74.0,False,,low,2.1,NORMAL,27.0,1009.2,70.0,HEALTHY,replay,3.5,0.0
2025-02-08T19:00:00+00:00,AWS-CHN-024,26.9,1011.2,76.0,False,,low,0.3,NORMAL,25.5,1010.1,77.0,HEALTHY,replay,0.4,0.0
2025-02-08T20:00:00+00:00,AWS-CHN-024,26.8,1011.9,77.0,False,,low,0.3,NORMAL,24.6,1010.9,86.0,HEALTHY,replay,0.5,0.0
2025-02-08T21:00:00+00:00,AWS-CHN-024,26.5,1012.6,78.0,False,,low,0.3,NORMAL,24.2,1011.5,89.0,HEALTHY,replay,0.5,0.0
2025-02-08T22:00:00+00:00,AWS-CHN-024,26.1,1012.6,80.0,False,,low,0.2,NORMAL,23.9,1011.5,90.0,HEALTHY,replay,0.3,0.0
2025-02-08T23:00:00+00:00,AWS-CHN-024,25.7,1012.4,82.0,False,,low,0.2,NORMAL,23.5,1011.3,91.0,HEALTHY,replay,0.3,0.0
2025-02-09T00:00:00+00:00,AWS-CHN-024,25.2,1011.9,86.0,False,,low,0.2,NORMAL,23.1,1010.8,94.0,HEALTHY,replay,0.3,0.0
2025-02-09T01:00:00+00:00,AWS-CHN-024,24.5,1011.0,90.0,False,,low,0.2,NORMAL,22.6,1009.9,96.0,HEALTHY,replay,0.3,0.0
2025-02-09T02:00:00+00:00,AWS-CHN-024,23.6,1010.1,94.0,False,,low,0.2,NORMAL,22.0,1009.0,99.0,HEALTHY,replay,0.4,0.0
2025-02-09T03:00:00+00:00,AWS-CHN-024,23.1,1009.7,96.0,False,,low,0.2,NORMAL,21.3,1008.5,100.0,HEALTHY,replay,0.3,0.0
2025-02-09T04:00:00+00:00,AWS-CHN-024,22.6,1009.6,98.0,False,,low,0.1,NORMAL,20.9,1008.5,100.0,HEALTHY,replay,0.2,0.0
2025-02-09T05:00:00+00:00,AWS-CHN-024,22.2,1010.1,98.0,False,,low,0.2,NORMAL,21.0,1009.0,100.0,HEALTHY,replay,0.3,0.0
2025-02-09T06:00:00+00:00,AWS-CHN-024,23.2,1010.9,98.0,False,,low,0.3,NORMAL,23.0,1009.8,99.0,HEALTHY,replay,0.4,0.0
2025-02-09T07:00:00+00:00,AWS-CHN-024,23.6,1011.8,99.0,False,,low,0.2,NORMAL,23.3,1010.7,98.0,HEALTHY,replay,0.4,0.0
2025-02-09T08:00:00+00:00,AWS-CHN-024,25.1,1012.7,91.0,False,,low,0.4,NORMAL,24.4,1011.6,95.0,HEALTHY,replay,0.6,0.0
2025-02-09T09:00:00+00:00,AWS-CHN-024,27.2,1013.3,76.0,False,,low,2.3,NORMAL,27.0,1012.3,77.0,HEALTHY,replay,3.9,0.0
2025-02-09T10:00:00+00:00,AWS-CHN-024,29.2,1013.2,62.0,False,,low,4.8,NORMAL,29.0,1012.1,62.0,HEALTHY,replay,8.1,0.0
2025-02-09T11:00:00+00:00,AWS-CHN-024,30.1,1012.6,55.0,False,,low,1.0,NORMAL,30.3,1011.4,54.0,HEALTHY,replay,1.6,0.0
2025-02-09T12:00:00+00:00,AWS-CHN-024,30.3,1011.9,54.0,False,,low,1.0,NORMAL,31.6,1010.6,47.0,HEALTHY,replay,1.7,0.0
2025-02-09T13:00:00+00:00,AWS-CHN-024,30.4,1010.6,51.0,False,,low,2.2,NORMAL,31.6,1009.3,44.0,HEALTHY,replay,3.7,0.0
2025-02-09T14:00:00+00:00,AWS-CHN-024,30.1,1009.6,53.0,False,,low,2.3,NORMAL,31.2,1008.3,45.0,HEALTHY,replay,3.8,0.0
2025-02-09T15:00:00+00:00,AWS-CHN-024,29.7,1009.0,54.0,False,,low,0.7,NORMAL,30.7,1007.7,47.0,HEALTHY,replay,1.1,0.0
2025-02-09T16:00:00+00:00,AWS-CHN-024,28.9,1009.1,59.0,False,,low,0.3,NORMAL,29.8,1007.9,51.0,HEALTHY,replay,0.5,0.0
2025-02-09T17:00:00+00:00,AWS-CHN-024,28.0,1009.4,64.0,False,,low,0.2,NORMAL,28.5,1008.3,59.0,HEALTHY,replay,0.4,0.0
2025-02-09T18:00:00+00:00,AWS-CHN-024,27.3,1009.7,73.0,False,,low,0.3,NORMAL,27.5,1008.6,70.0,HEALTHY,replay,0.6,0.0
2025-02-09T19:00:00+00:00,AWS-CHN-024,27.0,1010.6,75.0,False,,low,0.2,NORMAL,26.3,1009.5,76.0,HEALTHY,replay,0.3,0.0
2025-02-09T20:00:00+00:00,AWS-CHN-024,26.9,1011.5,76.0,False,,low,0.2,NORMAL,25.7,1010.5,79.0,HEALTHY,replay,0.3,0.0
2025-02-09T21:00:00+00:00,AWS-CHN-024,26.7,1012.3,77.0,False,,low,0.2,NORMAL,25.1,1011.2,85.0,HEALTHY,replay,0.4,0.0
2025-02-09T22:00:00+00:00,AWS-CHN-024,26.5,1012.6,77.0,False,,low,0.2,NORMAL,24.5,1011.6,88.0,HEALTHY,replay,0.3,0.0
2025-02-09T23:00:00+00:00,AWS-CHN-024,26.2,1012.3,78.0,False,,low,0.2,NORMAL,24.2,1011.2,89.0,HEALTHY,replay,0.3,0.0
2025-02-10T00:00:00+00:00,AWS-CHN-024,25.8,1011.4,80.0,False,,low,0.2,NORMAL,23.7,1010.3,90.0,HEALTHY,replay,0.3,0.0
2025-02-10T01:00:00+00:00,AWS-CHN-024,25.4,1010.9,82.0,False,,low,0.1,NORMAL,23.2,1009.7,92.0,HEALTHY,replay,0.2,0.0
2025-02-10T02:00:00+00:00,AWS-CHN-024,24.9,1010.4,85.0,False,,low,0.2,NORMAL,22.7,1009.3,95.0,HEALTHY,replay,0.3,0.0
2025-02-10T03:00:00+00:00,AWS-CHN-024,24.2,1010.1,89.0,False,,low,0.1,NORMAL,22.5,1009.0,96.0,HEALTHY,replay,0.2,0.0
2025-02-10T04:00:00+00:00,AWS-CHN-024,23.9,1010.3,89.0,False,,low,0.1,NORMAL,22.3,1009.2,97.0,HEALTHY,replay,0.2,0.0
2025-02-10T05:00:00+00:00,AWS-CHN-024,23.8,1011.0,90.0,False,,low,0.1,NORMAL,22.1,1009.9,98.0,HEALTHY,replay,0.2,0.0
2025-02-10T06:00:00+00:00,AWS-CHN-024,24.6,1011.9,90.0,False,,low,0.2,NORMAL,22.7,1010.8,98.0,HEALTHY,replay,0.4,0.0
2025-02-10T07:00:00+00:00,AWS-CHN-024,25.5,1013.1,83.0,False,,low,0.8,NORMAL,23.8,1012.0,96.0,HEALTHY,replay,1.4,0.0
2025-02-10T08:00:00+00:00,AWS-CHN-024,27.4,1013.7,66.0,False,,low,6.0,NORMAL,26.0,1012.7,83.0,HEALTHY,replay,10.0,0.0
2025-02-10T09:00:00+00:00,AWS-CHN-024,28.6,1014.6,54.0,False,,low,9.3,NORMAL,28.3,1013.4,59.0,HEALTHY,replay,15.6,0.0
2025-02-10T10:00:00+00:00,AWS-CHN-024,29.3,1014.6,46.0,False,,low,3.1,NORMAL,29.2,1013.4,51.0,HEALTHY,replay,5.2,0.0
2025-02-10T11:00:00+00:00,AWS-CHN-024,30.1,1014.1,38.0,False,,low,4.5,NORMAL,30.5,1012.9,45.0,HEALTHY,replay,7.5,0.0
2025-02-10T12:00:00+00:00,AWS-CHN-024,30.3,1013.1,37.0,False,,low,5.1,NORMAL,31.0,1011.9,42.0,HEALTHY,replay,8.5,0.0
2025-02-10T13:00:00+00:00,AWS-CHN-024,30.2,1011.9,39.0,False,,low,1.6,NORMAL,31.1,1010.6,40.0,HEALTHY,replay,2.7,0.0
2025-02-10T14:00:00+00:00,AWS-CHN-024,29.9,1010.9,43.0,False,,low,1.4,NORMAL,30.8,1009.6,39.0,HEALTHY,replay,2.4,0.0
2025-02-10T15:00:00+00:00,AWS-CHN-024,29.5,1010.5,48.0,False,,low,0.5,NORMAL,30.3,1009.2,45.0,HEALTHY,replay,0.8,0.0
2025-02-10T16:00:00+00:00,AWS-CHN-024,29.0,1010.4,49.0,False,,low,0.3,NORMAL,29.5,1009.1,45.0,HEALTHY,replay,0.5,0.0
2025-02-10T17:00:00+00:00,AWS-CHN-024,28.0,1010.7,53.0,False,,low,0.2,NORMAL,28.3,1009.5,49.0,HEALTHY,replay,0.3,0.0
2025-02-10T18:00:00+00:00,AWS-CHN-024,27.3,1011.0,65.0,False,,low,0.5,NORMAL,26.9,1009.8,65.0,HEALTHY,replay,0.9,0.0
2025-02-10T19:00:00+00:00,AWS-CHN-024,27.1,1012.1,66.0,False,,low,0.3,NORMAL,25.9,1011.0,70.0,HEALTHY,replay,0.5,0.0
2025-02-10T20:00:00+00:00,AWS-CHN-024,26.8,1012.9,66.0,False,,low,0.2,NORMAL,25.1,1011.8,74.0,HEALTHY,replay,0.4,0.0
2025-02-10T21:00:00+00:00,AWS-CHN-024,26.6,1013.4,65.0,False,,low,0.2,NORMAL,24.3,1012.3,78.0,HEALTHY,replay,0.4,0.0
2025-02-10T22:00:00+00:00,AWS-CHN-024,26.3,1013.4,67.0,False,,low,0.2,NORMAL,23.6,1012.3,79.0,HEALTHY,replay,0.3,0.0
2025-02-10T23:00:00+00:00,AWS-CHN-024,26.0,1013.1,69.0,False,,low,0.1,NORMAL,23.1,1012.0,81.0,HEALTHY,replay,0.2,0.0
2025-02-11T00:00:00+00:00,AWS-CHN-024,25.5,1012.5,71.0,False,,low,0.1,NORMAL,22.8,1011.4,83.0,HEALTHY,replay,0.2,0.0
2025-02-11T01:00:00+00:00,AWS-CHN-024,25.1,1011.9,72.0,False,,low,0.1,NORMAL,22.5,1010.8,84.0,HEALTHY,replay,0.2,0.0
2025-02-11T02:00:00+00:00,AWS-CHN-024,24.6,1011.3,75.0,False,,low,0.1,NORMAL,22.3,1010.2,84.0,HEALTHY,replay,0.2,0.0
2025-02-11T03:00:00+00:00,AWS-CHN-024,23.7,1011.1,81.0,False,,low,0.1,NORMAL,22.2,1010.0,86.0,HEALTHY,replay,0.2,0.0
2025-02-11T04:00:00+00:00,AWS-CHN-024,23.7,1011.3,81.0,False,,low,0.1,NORMAL,21.9,1010.2,90.0,HEALTHY,replay,0.2,0.0
2025-02-11T05:00:00+00:00,AWS-CHN-024,23.1,1011.8,83.0,False,,low,0.1,NORMAL,20.8,1010.7,94.0,HEALTHY,replay,0.2,0.0
2025-02-11T06:00:00+00:00,AWS-CHN-024,23.7,1012.4,87.0,False,,low,0.2,NORMAL,22.1,1011.3,94.0,HEALTHY,replay,0.3,0.0
2025-02-11T07:00:00+00:00,AWS-CHN-024,24.4,1013.4,83.0,False,,low,0.2,NORMAL,22.8,1012.3,90.0,HEALTHY,replay,0.3,0.0
2025-02-11T08:00:00+00:00,AWS-CHN-024,26.1,1014.2,72.0,False,,low,0.2,NORMAL,25.1,1013.1,78.0,HEALTHY,replay,0.4,0.0
2025-02-11T09:00:00+00:00,AWS-CHN-024,27.9,1014.6,59.0,False,,low,0.5,NORMAL,27.1,1013.5,65.0,HEALTHY,replay,0.9,0.0
2025-02-11T10:00:00+00:00,AWS-CHN-024,29.2,1014.4,51.0,False,,low,0.7,NORMAL,28.5,1013.3,58.0,HEALTHY,replay,1.1,0.0
2025-02-11T11:00:00+00:00,AWS-CHN-024,30.3,1013.8,47.0,False,,low,0.7,NORMAL,29.8,1012.7,51.0,HEALTHY,replay,1.1,0.0
2025-02-11T12:00:00+00:00,AWS-CHN-024,30.8,1012.8,47.0,False,,low,0.8,NORMAL,30.8,1011.5,45.0,HEALTHY,replay,1.3,0.0
2025-02-11T13:00:00+00:00,AWS-CHN-024,30.9,1011.7,46.0,False,,low,0.7,NORMAL,31.7,1010.4,39.0,HEALTHY,replay,1.2,0.0
2025-02-11T14:00:00+00:00,AWS-CHN-024,30.9,1010.7,37.0,False,,low,4.0,NORMAL,31.7,1009.3,38.0,HEALTHY,replay,6.6,0.0
2025-02-11T15:00:00+00:00,AWS-CHN-024,30.1,1010.4,36.0,False,,low,0.5,NORMAL,31.7,1009.1,40.0,HEALTHY,replay,0.8,0.0
2025-02-11T16:00:00+00:00,AWS-CHN-024,28.6,1010.6,48.0,False,,low,0.4,NORMAL,29.9,1009.3,43.0,HEALTHY,replay,0.7,0.0
2025-02-11T17:00:00+00:00,AWS-CHN-024,27.3,1010.8,58.0,False,,low,0.4,NORMAL,28.0,1009.6,51.0,HEALTHY,replay,0.6,0.0
2025-02-11T18:00:00+00:00,AWS-CHN-024,26.5,1010.9,69.0,False,,low,0.9,NORMAL,26.5,1009.8,69.0,HEALTHY,replay,1.6,0.0
2025-02-11T19:00:00+00:00,AWS-CHN-024,26.3,1011.9,70.0,False,,low,0.3,NORMAL,25.5,1010.8,73.0,HEALTHY,replay,0.4,0.0
2025-02-11T20:00:00+00:00,AWS-CHN-024,26.1,1012.6,73.0,False,,low,0.4,NORMAL,24.8,1011.5,79.0,HEALTHY,replay,0.7,0.0
2025-02-11T21:00:00+00:00,AWS-CHN-024,25.7,1013.1,77.0,False,,low,0.2,NORMAL,24.0,1011.9,84.0,HEALTHY,replay,0.4,0.0
2025-02-11T22:00:00+00:00,AWS-CHN-024,25.4,1013.2,80.0,False,,low,0.2,NORMAL,23.3,1012.0,90.0,HEALTHY,replay,0.3,0.0
2025-02-11T23:00:00+00:00,AWS-CHN-024,34.20828313559947,1013.0839252589784,100.0,True,unstructured_anomaly,critical,90.1,ML_MODEL_ISOLATION,22.8,1011.7,91.0,HEALTHY,replay,90.1,0.0
2025-02-12T00:00:00+00:00,AWS-CHN-024,33.80828313559947,1012.583656632004,100.0,True,unstructured_anomaly,critical,91.1,ML_MODEL_ISOLATION,22.5,1011.0,92.0,HEALTHY,replay,91.1,0.0
2025-02-12T01:00:00+00:00,AWS-CHN-024,32.90828313559948,1011.5110627844138,100.0,False,,low,49.5,NORMAL,22.4,1010.3,92.0,HEALTHY,replay,82.5,0.0
2025-02-12T02:00:00+00:00,AWS-CHN-024,32.60828313559947,1010.2549255764324,100.0,False,,low,20.5,NORMAL,21.9,1009.6,96.0,HEALTHY,replay,34.2,0.0
2025-02-12T03:00:00+00:00,AWS-CHN-024,22.7,1010.6,94.0,False,,low,8.1,NORMAL,20.9,1009.5,100.0,HEALTHY,replay,13.5,0.0
2025-02-12T04:00:00+00:00,AWS-CHN-024,22.2,1010.7,96.0,False,,low,1.9,NORMAL,20.7,1009.6,99.0,HEALTHY,replay,3.2,0.0
2025-02-12T05:00:00+00:00,AWS-CHN-024,21.4,1011.3,98.0,False,,low,1.4,NORMAL,20.3,1010.2,100.0,HEALTHY,replay,2.3,0.0
2025-02-12T06:00:00+00:00,AWS-CHN-024,22.5,1012.0,96.0,False,,low,0.3,NORMAL,21.5,1010.9,98.0,HEALTHY,replay,0.4,0.0
2025-02-12T07:00:00+00:00,AWS-CHN-024,22.9,1013.2,94.0,False,,low,0.5,NORMAL,22.6,1012.0,95.0,HEALTHY,replay,0.9,0.0
2025-02-12T08:00:00+00:00,AWS-CHN-024,-39.98022130156921,1014.0,82.0,True,spike,high,88.7,FUSED_CONSENSUS,24.4,1013.0,82.0,HEALTHY,replay,87.9,89.9
2025-02-12T09:00:00+00:00,AWS-CHN-024,-39.90670565033033,1014.6,69.0,True,spike,critical,94.4,MODEL_OVERRIDE,26.3,1013.6,70.0,HEALTHY,replay,97.4,89.9
2025-02-12T10:00:00+00:00,AWS-CHN-024,-40.0055440200541,1014.4,60.0,True,spike,critical,91.2,MODEL_OVERRIDE,28.0,1013.4,61.0,HEALTHY,replay,92.1,89.9
2025-02-12T11:00:00+00:00,AWS-CHN-024,-40.06573238976224,1013.6,50.0,True,spike,critical,90.2,MODEL_OVERRIDE,29.9,1012.5,51.0,OFFLINE,replay,90.3,89.9
2025-02-12T12:00:00+00:00,AWS-CHN-024,31.6,1012.5,45.0,False,,low,48.3,NORMAL,31.3,1011.3,42.0,OFFLINE,replay,80.5,0.0
2025-02-12T13:00:00+00:00,AWS-CHN-024,31.4,1011.2,49.0,False,,low,44.3,NORMAL,32.2,1009.9,37.0,OFFLINE,replay,73.8,0.0
2025-02-12T14:00:00+00:00,AWS-CHN-024,30.9,1010.2,49.0,False,,low,48.3,NORMAL,32.8,1008.8,38.0,HEALTHY,replay,80.4,0.0
2025-02-12T15:00:00+00:00,AWS-CHN-024,30.5,1009.8,41.0,False,,low,37.2,NORMAL,32.5,1008.5,37.0,OFFLINE,replay,61.9,0.0
2025-02-12T16:00:00+00:00,AWS-CHN-024,29.2,1009.9,46.0,False,,low,31.2,NORMAL,30.9,1008.6,39.0,OFFLINE,replay,51.9,0.0
2025-02-12T17:00:00+00:00,AWS-CHN-024,27.7,1010.4,56.0,False,,low,12.1,NORMAL,28.8,1009.2,47.0,OFFLINE,replay,20.1,0.0
2025-02-12T18:00:00+00:00,AWS-CHN-024,26.6,1010.8,70.0,False,,low,14.8,NORMAL,26.8,1009.6,63.0,HEALTHY,replay,24.7,0.0
2025-02-12T19:00:00+00:00,AWS-CHN-024,26.2,1011.7,72.0,False,,low,1.0,NORMAL,25.3,1010.6,75.0,WARNING,replay,1.6,0.0
2025-02-12T20:00:00+00:00,AWS-CHN-024,25.8,1012.2,74.0,False,,low,2.1,NORMAL,23.8,1011.2,86.0,WARNING,replay,3.4,0.0
2025-02-12T21:00:00+00:00,AWS-CHN-024,25.4,1012.6,78.0,False,,low,1.1,NORMAL,22.9,1011.5,92.0,WARNING,replay,1.9,0.0
2025-02-12T22:00:00+00:00,AWS-CHN-024,24.7,1012.8,83.0,False,,low,0.9,NORMAL,22.6,1011.6,92.0,WARNING,replay,1.6,0.0
2025-02-12T23:00:00+00:00,AWS-CHN-024,23.9,1012.5,88.0,False,,low,2.6,NORMAL,22.2,1011.3,92.0,WARNING,replay,4.4,0.0
2025-02-13T00:00:00+00:00,AWS-CHN-024,23.5,1011.9,89.0,False,,low,1.4,NORMAL,21.7,1010.7,95.0,WARNING,replay,2.3,0.0
2025-02-13T01:00:00+00:00,AWS-CHN-024,22.9,1011.2,91.0,False,,low,1.2,NORMAL,20.7,1010.1,100.0,WARNING,replay,2.0,0.0
2025-02-13T02:00:00+00:00,AWS-CHN-024,22.6,1010.5,93.0,False,,low,1.3,NORMAL,19.6,1009.4,100.0,WARNING,replay,2.2,0.0
2025-02-13T03:00:00+00:00,AWS-CHN-024,22.2,1010.0,96.0,False,,low,1.9,NORMAL,19.4,1008.9,99.0,WARNING,replay,3.2,0.0
2025-02-13T04:00:00+00:00,AWS-CHN-024,21.7,1010.2,98.0,False,,low,1.1,NORMAL,19.8,1009.1,100.0,WARNING,replay,1.9,0.0
2025-02-13T05:00:00+00:00,AWS-CHN-024,21.1,1010.7,98.0,False,,low,1.1,NORMAL,19.9,1009.6,99.0,WARNING,replay,1.9,0.0
2025-02-13T06:00:00+00:00,AWS-CHN-024,22.6,1011.5,30.07255034122666,True,multivariate_inconsistency,medium,63.4,FUSED_CONSENSUS,21.3,1010.4,98.0,WARNING,replay,75.7,45.0
2025-02-13T07:00:00+00:00,AWS-CHN-024,22.8,1012.4,72.63247910752494,False,,low,3.8,NORMAL,22.0,1011.3,94.0,WARNING,replay,6.4,0.0
2025-02-13T08:00:00+00:00,AWS-CHN-024,24.6,1013.3,70.89295624391472,False,,low,0.6,NORMAL,23.5,1012.2,82.0,HEALTHY,replay,1.0,0.0
2025-02-13T09:00:00+00:00,AWS-CHN-024,26.5,1013.9,66.16885011997118,False,,low,1.1,NORMAL,25.4,1012.9,72.0,HEALTHY,replay,1.9,0.0
2025-02-13T10:00:00+00:00,AWS-CHN-024,28.6,1013.9,57.45094385810018,False,,low,5.8,NORMAL,27.7,1012.8,62.0,HEALTHY,replay,9.7,0.0
2025-02-13T11:00:00+00:00,AWS-CHN-024,30.4,1013.0,48.0,False,,low,9.2,NORMAL,29.8,1011.9,52.0,HEALTHY,replay,15.3,0.0
2025-02-13T12:00:00+00:00,AWS-CHN-024,31.5,1011.9,42.0,False,,low,14.8,NORMAL,31.8,1010.6,39.0,HEALTHY,replay,24.7,0.0
2025-02-13T13:00:00+00:00,AWS-CHN-024,31.8,1010.9,39.0,False,,low,10.3,NORMAL,33.1,1009.5,32.0,HEALTHY,replay,17.1,0.0
2025-02-13T14:00:00+00:00,AWS-CHN-024,31.5,1010.0,39.0,False,,low,10.7,NORMAL,33.5,1008.6,29.0,HEALTHY,replay,17.8,0.0
2025-02-13T15:00:00+00:00,AWS-CHN-024,30.4,1009.4,47.0,False,,low,9.0,NORMAL,32.5,1008.0,31.0,HEALTHY,replay,14.9,0.0
2025-02-13T16:00:00+00:00,AWS-CHN-024,28.9,1009.5,57.0,False,,low,14.1,NORMAL,30.7,1008.2,41.0,HEALTHY,replay,23.5,0.0
2025-02-13T17:00:00+00:00,AWS-CHN-024,27.5,1009.9,64.0,False,,low,3.0,NORMAL,28.5,1008.6,51.0,HEALTHY,replay,5.0,0.0
2025-02-13T18:00:00+00:00,AWS-CHN-024,26.3,1010.5,70.0,False,,low,0.8,NORMAL,26.4,1009.3,66.0,HEALTHY,replay,1.3,0.0
2025-02-13T19:00:00+00:00,AWS-CHN-024,25.9,1011.2,74.0,False,,low,0.3,NORMAL,24.6,1010.1,75.0,HEALTHY,replay,0.4,0.0
2025-02-13T20:00:00+00:00,AWS-CHN-024,25.6,1012.0,76.0,False,,low,0.2,NORMAL,23.4,1010.9,84.0,HEALTHY,replay,0.3,0.0
2025-02-13T21:00:00+00:00,AWS-CHN-024,25.3,1012.8,77.0,False,,low,0.1,NORMAL,22.3,1011.6,91.0,HEALTHY,replay,0.2,0.0
2025-02-13T22:00:00+00:00,AWS-CHN-024,24.5,1012.6,82.0,False,,low,0.1,NORMAL,21.8,1011.5,92.0,HEALTHY,replay,0.2,0.0
2025-02-13T23:00:00+00:00,AWS-CHN-024,23.7,1012.2,87.0,False,,low,0.1,NORMAL,21.5,1011.1,93.0,HEALTHY,replay,0.2,0.0
2025-02-14T00:00:00+00:00,AWS-CHN-024,23.1,1011.3,90.0,False,,low,0.1,NORMAL,20.7,1010.2,96.0,HEALTHY,replay,0.2,0.0
2025-02-14T01:00:00+00:00,AWS-CHN-024,22.7,1010.6,91.0,False,,low,0.1,NORMAL,20.2,1009.5,98.0,HEALTHY,replay,0.2,0.0
2025-02-14T02:00:00+00:00,AWS-CHN-024,22.4,1010.3,93.0,False,,low,0.1,NORMAL,19.8,1009.2,99.0,HEALTHY,replay,0.2,0.0
2025-02-14T03:00:00+00:00,AWS-CHN-024,21.7,1009.8,96.0,False,,low,0.1,NORMAL,19.6,1008.7,100.0,HEALTHY,replay,0.2,0.0
2025-02-14T04:00:00+00:00,AWS-CHN-024,21.1,1009.9,97.0,False,,low,0.1,NORMAL,19.4,1008.8,100.0,HEALTHY,replay,0.2,0.0
2025-02-14T05:00:00+00:00,AWS-CHN-024,20.7,1010.4,97.0,False,,low,0.1,NORMAL,19.1,1009.3,100.0,HEALTHY,replay,0.2,0.0
2025-02-14T06:00:00+00:00,AWS-CHN-024,21.8,1011.3,98.0,False,,low,0.2,NORMAL,20.9,1010.2,99.0,HEALTHY,replay,0.3,0.0
2025-02-14T07:00:00+00:00,AWS-CHN-024,22.3,1012.4,95.0,False,,low,0.3,NORMAL,21.4,1011.2,98.0,HEALTHY,replay,0.5,0.0
2025-02-14T08:00:00+00:00,AWS-CHN-024,23.9,1013.2,86.0,False,,low,0.4,NORMAL,22.1,1012.0,97.0,HEALTHY,replay,0.6,0.0
2025-02-14T09:00:00+00:00,AWS-CHN-024,26.0,1014.0,74.0,False,,low,0.5,NORMAL,25.0,1012.9,77.0,HEALTHY,replay,0.8,0.0
2025-02-14T10:00:00+00:00,AWS-CHN-024,28.2,1013.7,61.0,False,,low,1.2,NORMAL,27.8,1012.6,63.0,HEALTHY,replay,2.1,0.0
2025-02-14T11:00:00+00:00,AWS-CHN-024,30.4,1012.7,49.0,False,,low,2.6,NORMAL,30.4,1011.5,46.0,HEALTHY,replay,4.3,0.0
2025-02-14T12:00:00+00:00,AWS-CHN-024,31.9,1011.5,41.0,False,,low,5.3,NORMAL,32.3,1010.3,36.0,HEALTHY,replay,8.8,0.0
2025-02-14T13:00:00+00:00,AWS-CHN-024,32.3,1010.3,38.0,False,,low,3.9,NORMAL,33.6,1009.0,28.0,HEALTHY,replay,6.5,0.0
2025-02-14T14:00:00+00:00,AWS-CHN-024,31.9,1009.3,37.0,False,,low,1.9,NORMAL,34.3,1007.9,26.0,HEALTHY,replay,3.2,0.0
2025-02-14T15:00:00+00:00,AWS-CHN-024,31.1,1008.7,39.0,False,,low,0.6,NORMAL,33.4,1007.4,28.0,HEALTHY,replay,1.0,0.0
2025-02-14T16:00:00+00:00,AWS-CHN-024,29.9,1008.8,46.0,False,,low,0.4,NORMAL,31.9,1007.5,31.0,HEALTHY,replay,0.7,0.0
2025-02-14T17:00:00+00:00,AWS-CHN-024,28.0,1009.1,59.0,False,,low,0.6,NORMAL,29.5,1007.8,45.0,HEALTHY,replay,1.1,0.0
2025-02-14T18:00:00+00:00,AWS-CHN-024,26.4,1009.7,78.0,False,,low,6.2,NORMAL,26.8,1008.5,70.0,HEALTHY,replay,10.3,0.0
2025-02-14T19:00:00+00:00,AWS-CHN-024,26.0,1010.6,80.0,False,,low,0.8,NORMAL,25.4,1009.5,81.0,HEALTHY,replay,1.3,0.0
2025-02-14T20:00:00+00:00,AWS-CHN-024,25.7,1011.2,81.0,False,,low,0.4,NORMAL,23.9,1010.1,86.0,HEALTHY,replay,0.6,0.0
2025-02-14T21:00:00+00:00,AWS-CHN-024,25.4,1011.8,83.0,False,,low,0.2,NORMAL,23.2,1010.6,92.0,HEALTHY,replay,0.4,0.0
2025-02-14T22:00:00+00:00,AWS-CHN-024,25.0,1011.9,85.0,False,,low,0.1,NORMAL,22.7,1010.7,94.0,HEALTHY,replay,0.2,0.0
2025-02-14T23:00:00+00:00,AWS-CHN-024,24.7,1011.3,87.0,False,,low,0.1,NORMAL,22.0,1010.1,95.0,HEALTHY,replay,0.2,0.0
2025-02-15T00:00:00+00:00,AWS-CHN-024,23.7,1010.7,92.0,False,,low,0.1,NORMAL,21.6,1009.5,96.0,HEALTHY,replay,0.2,0.0
2025-02-15T01:00:00+00:00,AWS-CHN-024,23.3,1009.9,93.0,False,,low,0.1,NORMAL,20.8,1008.8,99.0,HEALTHY,replay,0.2,0.0
2025-02-15T02:00:00+00:00,AWS-CHN-024,23.1,1009.6,94.0,False,,low,0.1,NORMAL,20.8,1008.5,99.0,HEALTHY,replay,0.2,0.0
2025-02-15T03:00:00+00:00,AWS-CHN-024,22.6,1009.4,96.0,False,,low,0.1,NORMAL,20.7,1008.3,100.0,HEALTHY,replay,0.2,0.0
2025-02-15T04:00:00+00:00,AWS-CHN-024,22.0,1009.5,98.0,False,,low,0.1,NORMAL,21.2,1008.4,100.0,HEALTHY,replay,0.2,0.0
2025-02-15T05:00:00+00:00,AWS-CHN-024,21.9,1009.7,98.0,False,,low,0.2,NORMAL,21.5,1008.6,99.0,HEALTHY,replay,0.3,0.0
2025-02-15T06:00:00+00:00,AWS-CHN-024,23.2,1010.8,96.0,False,,low,0.2,NORMAL,23.0,1009.7,95.0,HEALTHY,replay,0.4,0.0
2025-02-15T07:00:00+00:00,AWS-CHN-024,23.9,1011.4,90.0,False,,low,0.2,NORMAL,23.8,1010.3,90.0,HEALTHY,replay,0.4,0.0
2025-02-15T08:00:00+00:00,AWS-CHN-024,25.5,1012.5,80.0,False,,low,0.3,NORMAL,25.2,1011.4,79.0,HEALTHY,replay,0.4,0.0
2025-02-15T09:00:00+00:00,AWS-CHN-024,27.5,1012.7,68.0,False,,low,0.6,NORMAL,26.9,1011.7,68.0,HEALTHY,replay,1.0,0.0
2025-02-15T10:00:00+00:00,AWS-CHN-024,29.6,1012.5,58.0,False,,low,1.2,NORMAL,29.0,1011.4,57.0,HEALTHY,replay,2.1,0.0
2025-02-15T11:00:00+00:00,AWS-CHN-024,31.1,1011.5,50.0,False,,low,1.3,NORMAL,31.1,1010.3,47.0,HEALTHY,replay,2.2,0.0
2025-02-15T12:00:00+00:00,AWS-CHN-024,31.3,1010.4,53.0,False,,low,1.4,NORMAL,32.6,1009.1,39.0,HEALTHY,replay,2.4,0.0
2025-02-15T13:00:00+00:00,AWS-CHN-024,31.0,1009.4,51.0,False,,low,2.0,NORMAL,33.5,1007.9,41.0,HEALTHY,replay,3.4,0.0
2025-02-15T14:00:00+00:00,AWS-CHN-024,30.5,1008.3,49.0,False,,low,2.1,NORMAL,32.6,1006.9,43.0,HEALTHY,replay,3.5,0.0
2025-02-15T15:00:00+00:00,AWS-CHN-024,29.8,1007.9,53.0,False,,low,0.6,NORMAL,31.5,1006.6,46.0,HEALTHY,replay,0.9,0.0
2025-02-15T16:00:00+00:00,AWS-CHN-024,29.0,1008.0,61.0,False,,low,0.5,NORMAL,30.5,1006.7,50.0,HEALTHY,replay,0.8,0.0
2025-02-15T17:00:00+00:00,AWS-CHN-024,27.7,1008.3,68.0,False,,low,0.2,NORMAL,28.8,1007.0,59.0,HEALTHY,replay,0.3,0.0
2025-02-15T18:00:00+00:00,AWS-CHN-024,26.7,1008.5,74.0,False,,low,0.1,NORMAL,27.1,1007.4,70.0,HEALTHY,replay,0.2,0.0
2025-02-15T19:00:00+00:00,AWS-CHN-024,26.3,1009.6,77.0,False,,low,0.2,NORMAL,25.7,1008.4,77.0,HEALTHY,replay,0.3,0.0
2025-02-15T20:00:00+00:00,AWS-CHN-024,26.1,1010.5,80.0,False,,low,0.2,NORMAL,24.7,1009.3,83.0,HEALTHY,replay,0.4,0.0
2025-02-15T21:00:00+00:00,AWS-CHN-024,20.520188040417267,1019.1487016453164,64.10051873385183,True,multivariate_inconsistency,high,74.0,MODEL_OVERRIDE,24.4,1009.8,88.0,HEALTHY,replay,93.4,45.0
2025-02-15T22:00:00+00:00,AWS-CHN-024,31.899817449689955,1004.7467069037112,95.0,True,multivariate_inconsistency,high,76.0,MODEL_OVERRIDE,23.9,1010.2,91.0,HEALTHY,replay,96.6,45.0
2025-02-15T23:00:00+00:00,AWS-CHN-024,19.470434328487087,1019.411157281304,95.0,False,,low,52.2,NORMAL,23.5,1009.9,93.0,HEALTHY,replay,87.0,0.0
2025-02-16T00:00:00+00:00,AWS-CHN-024,31.68036213860359,1003.6230818119624,95.0,True,multivariate_inconsistency,high,76.2,MODEL_OVERRIDE,23.2,1009.2,94.0,HEALTHY,replay,97.0,45.0
2025-02-16T01:00:00+00:00,AWS-CHN-024,30.62699133658264,1002.411445619196,95.0,True,multivariate_inconsistency,high,76.2,MODEL_OVERRIDE,22.7,1008.6,95.0,OFFLINE,replay,96.9,45.0
2025-02-16T02:00:00+00:00,AWS-CHN-024,18.50498596538108,1015.8216910906502,95.0,False,,low,45.6,NORMAL,22.2,1008.3,96.0,OFFLINE,replay,76.1,0.0
2025-02-16T03:00:00+00:00,AWS-CHN-024,24.1,1009.2,90.0,False,multivariate_inconsistency,low,29.4,NORMAL,22.2,1008.2,97.0,OFFLINE,replay,19.0,45.0
2025-02-16T04:00:00+00:00,AWS-CHN-024,23.6,1009.4,93.0,False,multivariate_inconsistency,low,32.4,NORMAL,21.9,1008.3,98.0,OFFLINE,replay,24.1,45.0
2025-02-16T05:00:00+00:00,AWS-CHN-024,22.9,1010.1,96.0,False,multivariate_inconsistency,low,35.6,NORMAL,21.6,1009.0,99.0,OFFLINE,replay,29.3,45.0
2025-02-16T06:00:00+00:00,AWS-CHN-024,23.1,1010.8,96.0,False,multivariate_inconsistency,low,36.6,NORMAL,22.4,1009.7,99.0,OFFLINE,replay,30.9,45.0
2025-02-16T07:00:00+00:00,AWS-CHN-024,23.6,1011.8,92.0,False,multivariate_inconsistency,low,34.8,NORMAL,23.7,1010.7,91.0,OFFLINE,replay,28.0,45.0
2025-02-16T08:00:00+00:00,AWS-CHN-024,25.9,1012.5,79.0,False,,low,11.6,NORMAL,25.9,1011.5,78.0,OFFLINE,replay,19.3,0.0
2025-02-16T09:00:00+00:00,AWS-CHN-024,28.0,1013.1,66.0,False,,low,26.5,NORMAL,27.8,1012.0,67.0,OFFLINE,replay,44.2,0.0
2025-02-16T10:00:00+00:00,AWS-CHN-024,29.9,1012.8,55.0,False,,low,31.1,NORMAL,29.5,1011.6,58.0,HEALTHY,replay,51.9,0.0
2025-02-16T11:00:00+00:00,AWS-CHN-024,31.3,1012.0,47.0,False,,low,14.4,NORMAL,31.1,1010.8,48.0,OFFLINE,replay,23.9,0.0
2025-02-16T12:00:00+00:00,AWS-CHN-024,31.7,1010.9,45.0,False,,low,17.5,NORMAL,32.4,1009.6,41.0,OFFLINE,replay,29.1,0.0
2025-02-16T13:00:00+00:00,AWS-CHN-024,31.5,1010.0,44.0,False,,low,26.6,NORMAL,33.4,1008.6,37.0,OFFLINE,replay,44.4,0.0
2025-02-16T14:00:00+00:00,AWS-CHN-024,31.1,1009.2,44.0,False,,low,27.5,NORMAL,33.0,1007.8,35.0,HEALTHY,replay,45.8,0.0
2025-02-16T15:00:00+00:00,AWS-CHN-024,30.2,1009.0,48.0,False,,low,28.1,NORMAL,32.0,1007.6,37.0,WARNING,replay,46.8,0.0
2025-02-16T16:00:00+00:00,AWS-CHN-024,29.1,1009.4,54.0,False,,low,20.7,NORMAL,30.5,1008.1,43.0,WARNING,replay,34.5,0.0
2025-02-16T17:00:00+00:00,AWS-CHN-024,27.7,1010.0,64.0,False,,low,7.5,NORMAL,28.6,1008.8,54.0,WARNING,replay,12.5,0.0
2025-02-16T18:00:00+00:00,AWS-CHN-024,26.9,1010.4,73.0,False,,low,7.4,NORMAL,27.1,1009.3,69.0,WARNING,replay,12.4,0.0
2025-02-16T19:00:00+00:00,AWS-CHN-024,26.7,1011.5,73.08490911019312,False,,low,3.9,NORMAL,26.0,1010.4,75.0,WARNING,replay,6.5,0.0
2025-02-16T20:00:00+00:00,AWS-CHN-024,26.6,1012.2,72.99789148983042,False,,low,3.5,NORMAL,25.4,1011.1,80.0,WARNING,replay,5.9,0.0
2025-02-16T21:00:00+00:00,AWS-CHN-024,26.5,1012.6,73.01783721780353,False,,low,1.4,NORMAL,25.1,1011.5,82.0,WARNING,replay,2.3,0.0
2025-02-16T22:00:00+00:00,AWS-CHN-024,26.2,1012.9,73.13621820551299,False,,low,1.1,NORMAL,24.7,1011.8,84.0,WARNING,replay,1.9,0.0
2025-02-16T23:00:00+00:00,AWS-CHN-024,26.0,1012.7,73.19764588631392,False,,low,0.6,NORMAL,24.3,1011.6,86.0,WARNING,replay,1.0,0.0
2025-02-17T00:00:00+00:00,AWS-CHN-024,25.7,1012.2,73.16158674340481,False,,low,0.8,NORMAL,23.6,1011.1,89.0,WARNING,replay,1.3,0.0
2025-02-17T01:00:00+00:00,AWS-CHN-024,25.3,1011.7,82.0,False,,low,3.0,NORMAL,23.0,1010.5,91.0,WARNING,replay,5.0,0.0
2025-02-17T02:00:00+00:00,AWS-CHN-024,24.9,1011.2,85.0,False,,low,2.7,NORMAL,23.0,1010.1,90.0,WARNING,replay,4.5,0.0
2025-02-17T03:00:00+00:00,AWS-CHN-024,24.3,1011.0,88.0,False,,low,2.5,NORMAL,22.6,1009.9,93.0,WARNING,replay,4.1,0.0
2025-02-17T04:00:00+00:00,AWS-CHN-024,23.9,1010.9,90.0,False,,low,2.2,NORMAL,21.5,1009.8,97.0,HEALTHY,replay,3.6,0.0
2025-02-17T05:00:00+00:00,AWS-CHN-024,23.2,1011.4,93.0,False,,low,3.3,NORMAL,21.2,1010.3,98.0,HEALTHY,replay,5.5,0.0
2025-02-17T06:00:00+00:00,AWS-CHN-024,23.4,1012.5,94.0,False,,low,5.3,NORMAL,22.0,1011.4,100.0,HEALTHY,replay,8.8,0.0
2025-02-17T07:00:00+00:00,AWS-CHN-024,23.6,1013.3,92.0,False,,low,4.1,NORMAL,22.6,1012.1,98.0,HEALTHY,replay,6.8,0.0
2025-02-17T08:00:00+00:00,AWS-CHN-024,25.6,1014.0,82.0,False,,low,2.3,NORMAL,25.5,1012.9,84.0,HEALTHY,replay,3.9,0.0
2025-02-17T09:00:00+00:00,AWS-CHN-024,28.0,1014.5,70.0,False,,low,4.5,NORMAL,28.1,1013.4,69.0,HEALTHY,replay,7.6,0.0
2025-02-17T10:00:00+00:00,AWS-CHN-024,29.8,1014.3,60.0,False,,low,12.7,NORMAL,30.0,1013.2,57.0,HEALTHY,replay,21.2,0.0
2025-02-17T11:00:00+00:00,AWS-CHN-024,30.7,1013.6,54.0,False,,low,9.6,NORMAL,31.4,1012.3,50.0,HEALTHY,replay,16.0,0.0
2025-02-17T12:00:00+00:00,AWS-CHN-024,31.0,1012.8,52.0,False,,low,17.7,NORMAL,32.5,1011.4,44.0,HEALTHY,replay,29.5,0.0
2025-02-17T13:00:00+00:00,AWS-CHN-024,31.2,1011.7,48.0,False,,low,2.3,NORMAL,32.7,1010.3,42.0,HEALTHY,replay,3.8,0.0
2025-02-17T14:00:00+00:00,AWS-CHN-024,31.0,1011.1,48.0,False,,low,0.8,NORMAL,32.6,1009.7,40.0,HEALTHY,replay,1.3,0.0
2025-02-17T15:00:00+00:00,AWS-CHN-024,24.417126970718293,1019.0511487722532,66.74686327972657,True,unstructured_anomaly,critical,90.7,ML_MODEL_ISOLATION,31.8,1009.2,42.0,HEALTHY,replay,90.7,0.0
2025-02-17T16:00:00+00:00,AWS-CHN-024,22.979341034358303,1018.0404459634792,72.69863002038507,True,unstructured_anomaly,critical,93.9,ML_MODEL_ISOLATION,30.6,1009.2,47.0,HEALTHY,replay,93.9,0.0
2025-02-17T17:00:00+00:00,AWS-CHN-024,35.23993678167671,1004.2766911639476,78.74587861047189,True,multivariate_inconsistency,high,76.3,MODEL_OVERRIDE,28.9,1009.7,56.0,HEALTHY,replay,97.2,45.0
2025-02-17T18:00:00+00:00,AWS-CHN-024,21.12747531437058,1018.4113840530036,58.08017544150445,True,multivariate_inconsistency,high,74.9,MODEL_OVERRIDE,27.4,1010.2,71.0,HEALTHY,replay,94.8,45.0
2025-02-17T19:00:00+00:00,AWS-CHN-024,33.17928606133945,1004.460399622025,58.76783705818737,False,,low,46.2,NORMAL,26.2,1010.9,75.0,HEALTHY,replay,77.0,0.0
2025-02-17T20:00:00+00:00,AWS-CHN-024,33.16056173083735,1005.0424475771824,93.84442295189888,True,multivariate_inconsistency,high,75.6,MODEL_OVERRIDE,25.3,1011.7,81.0,HEALTHY,replay,95.9,45.0
2025-02-17T21:00:00+00:00,AWS-CHN-024,20.38739869150822,1021.4841138747992,94.83724806935264,True,unstructured_anomaly,critical,99.4,ML_MODEL_ISOLATION,24.6,1012.2,86.0,HEALTHY,replay,99.4,0.0
2025-02-17T22:00:00+00:00,AWS-CHN-024,26.3,1013.4,78.0,False,,low,42.0,NORMAL,23.9,1012.3,89.0,HEALTHY,replay,69.9,0.0
2025-02-17T23:00:00+00:00,AWS-CHN-024,25.8,1012.9,81.0,False,,low,6.4,NORMAL,23.5,1011.7,90.0,HEALTHY,replay,10.7,0.0
2025-02-18T00:00:00+00:00,AWS-CHN-024,25.1,1012.1,84.0,False,,low,9.4,NORMAL,23.3,1010.9,90.0,HEALTHY,replay,15.6,0.0
2025-02-18T01:00:00+00:00,AWS-CHN-024,24.6,1011.4,87.0,False,,low,1.2,NORMAL,23.1,1010.2,90.0,HEALTHY,replay,2.0,0.0
2025-02-18T02:00:00+00:00,AWS-CHN-024,24.0,1011.0,89.0,False,,low,1.0,NORMAL,22.5,1009.9,92.0,HEALTHY,replay,1.7,0.0
2025-02-18T03:00:00+00:00,AWS-CHN-024,23.5,1010.7,91.0,False,,low,2.2,NORMAL,21.7,1009.6,96.0,HEALTHY,replay,3.7,0.0
2025-02-18T04:00:00+00:00,AWS-CHN-024,23.1,1010.7,93.0,False,,low,1.1,NORMAL,21.0,1009.6,99.0,HEALTHY,replay,1.9,0.0
2025-02-18T05:00:00+00:00,AWS-CHN-024,22.8,1011.4,94.0,False,,low,0.9,NORMAL,20.8,1010.3,100.0,HEALTHY,replay,1.5,0.0
2025-02-18T06:00:00+00:00,AWS-CHN-024,22.7,1012.1,96.0,False,,low,0.9,NORMAL,21.8,1010.9,99.0,HEALTHY,replay,1.5,0.0
2025-02-18T07:00:00+00:00,AWS-CHN-024,22.9,1013.0,96.0,False,,low,0.8,NORMAL,22.7,1011.8,97.0,HEALTHY,replay,1.4,0.0
2025-02-18T08:00:00+00:00,AWS-CHN-024,25.5,1014.0,82.0,False,,low,2.7,NORMAL,25.7,1012.9,83.0,HEALTHY,replay,4.5,0.0
2025-02-18T09:00:00+00:00,AWS-CHN-024,28.1,1014.8,68.0,False,,low,18.3,NORMAL,28.1,1013.7,66.0,HEALTHY,replay,30.5,0.0
2025-02-18T10:00:00+00:00,AWS-CHN-024,29.6,1014.7,60.0,False,,low,15.9,NORMAL,29.8,1013.6,57.0,HEALTHY,replay,26.6,0.0
2025-02-18T11:00:00+00:00,AWS-CHN-024,30.5,1013.9,55.0,False,,low,13.7,NORMAL,31.1,1012.6,50.0,HEALTHY,replay,22.8,0.0
2025-02-18T12:00:00+00:00,AWS-CHN-024,30.9,1012.9,52.0,False,,low,12.0,NORMAL,32.5,1011.5,45.0,HEALTHY,replay,20.0,0.0
2025-02-18T13:00:00+00:00,AWS-CHN-024,31.0,1011.9,48.0,False,,low,10.8,NORMAL,32.7,1010.5,42.0,HEALTHY,replay,17.9,0.0
2025-02-18T14:00:00+00:00,AWS-CHN-024,30.7,1010.8,48.0,False,,low,14.6,NORMAL,32.3,1009.5,40.0,HEALTHY,replay,24.3,0.0
2025-02-18T15:00:00+00:00,AWS-CHN-024,36.64234115939614,1002.9996669555674,67.63661917481625,True,multivariate_inconsistency,high,75.7,MODEL_OVERRIDE,31.6,1009.1,41.0,WARNING,replay,96.1,45.0
2025-02-18T16:00:00+00:00,AWS-CHN-024,35.85081728826141,1002.4932233393992,40.194623324632914,True,unstructured_anomaly,critical,91.0,ML_MODEL_ISOLATION,30.5,1009.2,45.0,WARNING,replay,91.0,0.0
2025-02-18T17:00:00+00:00,AWS-CHN-024,22.69979425996784,1018.4724510231772,77.86264539862692,False,,low,48.4,NORMAL,28.9,1009.4,54.0,HEALTHY,replay,80.6,0.0
2025-02-18T18:00:00+00:00,AWS-CHN-024,33.37559335596165,1004.0192988427084,45.843266981612615,True,unstructured_anomaly,critical,95.2,ML_MODEL_ISOLATION,27.6,1009.8,61.0,HEALTHY,replay,95.2,0.0
2025-02-18T19:00:00+00:00,AWS-CHN-024,33.766980440917145,1004.8739246564568,82.61257327843903,True,multivariate_inconsistency,high,75.8,MODEL_OVERRIDE,26.5,1010.7,67.0,HEALTHY,replay,96.4,45.0
2025-02-18T20:00:00+00:00,AWS-CHN-024,32.44567485209536,1003.8578455723348,49.9799764873625,False,,low,49.4,NORMAL,25.3,1011.2,72.0,HEALTHY,replay,82.3,0.0
2025-02-18T21:00:00+00:00,AWS-CHN-024,26.4,1012.8,71.0,False,,low,22.1,NORMAL,24.5,1011.8,77.0,HEALTHY,replay,36.8,0.0
2025-02-18T22:00:00+00:00,AWS-CHN-024,26.1,1013.0,73.0,False,,low,13.2,NORMAL,23.6,1012.0,83.0,HEALTHY,replay,22.1,0.0
2025-02-18T23:00:00+00:00,AWS-CHN-024,25.7,1012.4,76.0,False,,low,12.0,NORMAL,22.8,1011.3,87.0,HEALTHY,replay,20.0,0.0
2025-02-19T00:00:00+00:00,AWS-CHN-024,24.7,1011.7,82.0,False,,low,6.1,NORMAL,22.4,1010.6,90.0,HEALTHY,replay,10.1,0.0
2025-02-19T01:00:00+00:00,AWS-CHN-024,24.2,1010.7,85.0,False,,low,16.2,NORMAL,21.8,1009.6,92.0,HEALTHY,replay,27.0,0.0
2025-02-19T02:00:00+00:00,AWS-CHN-024,23.5,1010.1,89.0,False,,low,2.9,NORMAL,21.3,1009.0,95.0,HEALTHY,replay,4.8,0.0
2025-02-19T03:00:00+00:00,AWS-CHN-024,23.0,1009.6,91.0,False,,low,1.5,NORMAL,20.9,1008.5,96.0,HEALTHY,replay,2.4,0.0
2025-02-19T04:00:00+00:00,AWS-CHN-024,22.3,1009.5,93.0,False,,low,0.8,NORMAL,20.7,1008.4,96.0,HEALTHY,replay,1.4,0.0
2025-02-19T05:00:00+00:00,AWS-CHN-024,21.8,1010.0,93.0,False,,low,0.5,NORMAL,20.4,1008.9,97.0,HEALTHY,replay,0.8,0.0
2025-02-19T06:00:00+00:00,AWS-CHN-024,22.6,1010.6,95.0,False,,low,0.8,NORMAL,21.3,1009.5,99.0,HEALTHY,replay,1.4,0.0
2025-02-19T07:00:00+00:00,AWS-CHN-024,23.5,1011.3,91.0,False,,low,0.7,NORMAL,22.7,1010.2,94.0,HEALTHY,replay,1.1,0.0
2025-02-19T08:00:00+00:00,AWS-CHN-024,25.9,1012.0,80.0,False,,low,2.4,NORMAL,25.8,1010.9,81.0,HEALTHY,replay,3.9,0.0
2025-02-19T09:00:00+00:00,AWS-CHN-024,28.2,1012.5,68.0,False,,low,6.6,NORMAL,28.2,1011.4,68.0,HEALTHY,replay,11.0,0.0
2025-02-19T10:00:00+00:00,AWS-CHN-024,29.7,1012.1,60.0,False,,low,6.0,NORMAL,30.1,1011.0,56.0,HEALTHY,replay,10.0,0.0
2025-02-19T11:00:00+00:00,AWS-CHN-024,30.6,1011.4,56.0,False,,low,8.6,NORMAL,32.0,1010.1,47.0,HEALTHY,replay,14.3,0.0
2025-02-19T12:00:00+00:00,AWS-CHN-024,31.0,1010.3,54.0,False,,low,14.6,NORMAL,32.9,1009.0,45.0,HEALTHY,replay,24.4,0.0
2025-02-19T13:00:00+00:00,AWS-CHN-024,31.1,1009.4,50.0,False,,low,11.8,NORMAL,33.0,1008.0,43.0,HEALTHY,replay,19.6,0.0
2025-02-19T14:00:00+00:00,AWS-CHN-024,30.8,1008.7,51.0,False,,low,2.6,NORMAL,32.5,1007.3,43.0,HEALTHY,replay,4.3,0.0
2025-02-19T15:00:00+00:00,AWS-CHN-024,30.1,1008.1,54.0,False,,low,3.5,NORMAL,31.7,1006.8,44.0,HEALTHY,replay,5.8,0.0
2025-02-19T16:00:00+00:00,AWS-CHN-024,29.0,1007.9,61.0,False,,low,3.5,NORMAL,30.4,1006.6,51.0,HEALTHY,replay,5.9,0.0
2025-02-19T17:00:00+00:00,AWS-CHN-024,27.9,1008.4,66.0,False,,low,1.4,NORMAL,28.6,1007.2,60.0,HEALTHY,replay,2.3,0.0
2025-02-19T18:00:00+00:00,AWS-CHN-024,27.0,1009.2,73.0,False,,low,2.3,NORMAL,27.3,1008.0,69.0,HEALTHY,replay,3.8,0.0
2025-02-19T19:00:00+00:00,AWS-CHN-024,26.8,1010.1,73.0,False,,low,2.6,NORMAL,26.2,1009.0,75.0,HEALTHY,replay,4.4,0.0
2025-02-19T20:00:00+00:00,AWS-CHN-024,26.5,1010.9,75.0,False,,low,2.0,NORMAL,25.3,1009.8,80.0,HEALTHY,replay,3.4,0.0
2025-02-19T21:00:00+00:00,AWS-CHN-024,26.3,1011.5,77.0,False,,low,0.3,NORMAL,24.6,1010.4,84.0,HEALTHY,replay,0.4,0.0
2025-02-19T22:00:00+00:00,AWS-CHN-024,26.0,1011.5,79.0,False,,low,0.2,NORMAL,24.0,1010.5,87.0,HEALTHY,replay,0.4,0.0
2025-02-19T23:00:00+00:00,AWS-CHN-024,25.6,1011.2,82.0,False,,low,0.2,NORMAL,23.3,1010.1,91.0,HEALTHY,replay,0.3,0.0
2025-02-20T00:00:00+00:00,AWS-CHN-024,25.2,1010.6,85.0,False,,low,0.2,NORMAL,22.8,1009.5,92.0,HEALTHY,replay,0.3,0.0
2025-02-20T01:00:00+00:00,AWS-CHN-024,24.9,1009.9,85.0,False,,low,0.2,NORMAL,22.4,1008.7,93.0,HEALTHY,replay,0.3,0.0
2025-02-20T02:00:00+00:00,AWS-CHN-024,24.4,1009.4,87.0,False,,low,0.2,NORMAL,21.9,1008.3,94.0,HEALTHY,replay,0.3,0.0
2025-02-20T03:00:00+00:00,AWS-CHN-024,29.632095755177808,1001.826867210924,71.45777327724065,True,unstructured_anomaly,critical,96.4,ML_MODEL_ISOLATION,21.4,1008.0,97.0,HEALTHY,replay,96.4,0.0
2025-02-20T04:00:00+00:00,AWS-CHN-024,16.660164652211982,1015.9474443295196,95.0,True,unstructured_anomaly,critical,95.7,ML_MODEL_ISOLATION,21.0,1008.3,98.0,HEALTHY,replay,95.7,0.0
2025-02-20T05:00:00+00:00,AWS-CHN-024,17.227009087207215,1017.88224995445,75.68029701179697,True,multivariate_inconsistency,high,75.3,MODEL_OVERRIDE,20.8,1009.0,99.0,HEALTHY,replay,95.5,45.0
2025-02-20T06:00:00+00:00,AWS-CHN-024,17.566733126552627,1018.575835060987,78.51149870857367,True,multivariate_inconsistency,high,74.2,MODEL_OVERRIDE,22.0,1009.8,98.0,HEALTHY,replay,93.7,45.0
2025-02-20T07:00:00+00:00,AWS-CHN-024,30.949485475987917,1005.3310631211988,95.0,True,multivariate_inconsistency,medium,65.5,FUSED_CONSENSUS,23.4,1011.0,93.0,HEALTHY,replay,79.2,45.0
2025-02-20T08:00:00+00:00,AWS-CHN-024,32.249728193353775,1006.2145939268715,59.62944363607208,False,,low,52.5,NORMAL,25.9,1011.9,78.0,HEALTHY,replay,87.5,0.0
2025-02-20T09:00:00+00:00,AWS-CHN-024,28.6,1013.3,65.0,False,,low,35.0,NORMAL,28.3,1012.2,65.0,HEALTHY,replay,58.3,0.0
2025-02-20T10:00:00+00:00,AWS-CHN-024,29.9,1013.2,57.0,False,,low,24.2,NORMAL,30.1,1012.1,55.0,HEALTHY,replay,40.3,0.0
2025-02-20T11:00:00+00:00,AWS-CHN-024,30.7,1012.4,53.0,False,,low,14.9,NORMAL,31.8,1011.1,48.0,HEALTHY,replay,24.9,0.0
2025-02-20T12:00:00+00:00,AWS-CHN-024,31.0,1011.5,49.0,False,,low,13.9,NORMAL,32.7,1010.1,41.0,HEALTHY,replay,23.2,0.0
2025-02-20T13:00:00+00:00,AWS-CHN-024,31.1,1010.6,47.0,False,,low,11.3,NORMAL,32.8,1009.3,39.0,HEALTHY,replay,18.9,0.0
2025-02-20T14:00:00+00:00,AWS-CHN-024,30.9,1009.9,48.0,False,,low,3.5,NORMAL,32.6,1008.5,38.0,HEALTHY,replay,5.9,0.0
2025-02-20T15:00:00+00:00,AWS-CHN-024,30.4,1009.3,,True,dropout,critical,100.0,RULE_ENGINE_BYPASS,31.9,1008.0,40.0,HEALTHY,replay,,100.0
2025-02-20T16:00:00+00:00,AWS-CHN-024,29.4,1009.3,56.0,False,,low,1.5,NORMAL,30.8,1008.0,44.0,HEALTHY,replay,2.5,0.0
2025-02-20T17:00:00+00:00,AWS-CHN-024,28.2,1009.6,62.0,False,,low,0.8,NORMAL,29.1,1008.4,53.0,HEALTHY,replay,1.3,0.0
2025-02-20T18:00:00+00:00,AWS-CHN-024,27.1,1010.6,74.0,False,,low,4.0,NORMAL,27.3,1009.5,71.0,HEALTHY,replay,6.6,0.0
2025-02-20T19:00:00+00:00,AWS-CHN-024,26.9,1011.5,75.0,False,,low,2.5,NORMAL,26.3,1010.4,77.0,HEALTHY,replay,4.2,0.0
2025-02-20T20:00:00+00:00,AWS-CHN-024,26.7,1012.2,76.0,False,,low,2.0,NORMAL,25.5,1011.1,81.0,HEALTHY,replay,3.4,0.0
2025-02-20T21:00:00+00:00,AWS-CHN-024,26.6,1012.7,77.0,False,,low,1.5,NORMAL,25.1,1011.6,84.0,HEALTHY,replay,2.6,0.0
2025-02-20T22:00:00+00:00,AWS-CHN-024,26.4,1012.9,78.0,False,,low,1.4,NORMAL,24.7,1011.8,87.0,HEALTHY,replay,2.3,0.0
2025-02-20T23:00:00+00:00,AWS-CHN-024,26.1,1012.9,80.0,False,,low,1.5,NORMAL,24.1,1011.8,89.0,HEALTHY,replay,2.5,0.0
2025-02-21T00:00:00+00:00,AWS-CHN-024,25.7,1012.5,80.07389434453461,False,,low,0.9,NORMAL,23.5,1011.4,91.0,HEALTHY,replay,1.5,0.0
2025-02-21T01:00:00+00:00,AWS-CHN-024,24.9,1011.9,80.03194327794883,False,,low,0.5,NORMAL,23.2,1010.7,91.0,HEALTHY,replay,0.8,0.0
2025-02-21T02:00:00+00:00,AWS-CHN-024,24.5,1011.4,79.99210697628297,False,,low,0.3,NORMAL,22.9,1010.2,93.0,HEALTHY,replay,0.5,0.0
2025-02-21T03:00:00+00:00,AWS-CHN-024,24.4,1010.9,80.00456824216074,False,,low,0.3,NORMAL,22.9,1009.8,94.0,HEALTHY,replay,0.5,0.0
2025-02-21T04:00:00+00:00,AWS-CHN-024,23.9,1011.1,79.96217034799365,False,,low,0.3,NORMAL,22.6,1009.9,96.0,HEALTHY,replay,0.5,0.0
2025-02-21T05:00:00+00:00,AWS-CHN-024,23.8,1011.7,80.02453504642524,False,,low,0.3,NORMAL,23.0,1010.6,95.0,HEALTHY,replay,0.5,0.0
2025-02-21T06:00:00+00:00,AWS-CHN-024,24.0,1012.8,94.0,False,,low,4.6,NORMAL,22.2,1011.7,98.0,HEALTHY,replay,7.6,0.0
2025-02-21T07:00:00+00:00,AWS-CHN-024,24.6,1013.7,90.0,False,,low,2.5,NORMAL,23.9,1012.6,93.0,HEALTHY,replay,4.2,0.0
2025-02-21T08:00:00+00:00,AWS-CHN-024,26.5,1014.5,78.0,False,,low,2.2,NORMAL,26.2,1013.5,79.0,HEALTHY,replay,3.7,0.0
2025-02-21T09:00:00+00:00,AWS-CHN-024,28.4,1014.9,67.0,False,,low,4.1,NORMAL,28.1,1013.8,66.0,HEALTHY,replay,6.9,0.0
2025-02-21T10:00:00+00:00,AWS-CHN-024,29.7,1014.8,60.0,False,,low,1.0,NORMAL,29.9,1013.6,57.0,HEALTHY,replay,1.6,0.0
2025-02-21T11:00:00+00:00,AWS-CHN-024,30.4,1014.1,56.0,False,,low,0.6,NORMAL,31.5,1012.8,51.0,HEALTHY,replay,1.1,0.0
2025-02-21T12:00:00+00:00,AWS-CHN-024,31.0,1013.3,52.0,False,,low,1.2,NORMAL,32.5,1011.9,46.0,HEALTHY,replay,1.9,0.0
2025-02-21T13:00:00+00:00,AWS-CHN-024,31.1,1012.4,51.0,False,,low,0.7,NORMAL,33.1,1011.0,43.0,HEALTHY,replay,1.2,0.0
2025-02-21T14:00:00+00:00,AWS-CHN-024,30.7,1011.3,54.0,False,,low,1.1,NORMAL,32.7,1009.9,45.0,HEALTHY,replay,1.9,0.0
2025-02-21T15:00:00+00:00,AWS-CHN-024,30.1,1010.5,55.0,False,,low,1.1,NORMAL,31.8,1009.2,48.0,HEALTHY,replay,1.9,0.0
2025-02-21T16:00:00+00:00,AWS-CHN-024,29.3,1010.3,60.0,False,,low,0.5,NORMAL,30.7,1009.1,51.0,HEALTHY,replay,0.8,0.0
2025-02-21T17:00:00+00:00,AWS-CHN-024,28.0,1010.6,66.0,False,,low,0.3,NORMAL,28.9,1009.3,59.0,HEALTHY,replay,0.5,0.0
2025-02-21T18:00:00+00:00,AWS-CHN-024,27.3,1011.4,73.0,False,,low,0.3,NORMAL,27.4,1010.2,72.0,HEALTHY,replay,0.4,0.0
2025-02-21T19:00:00+00:00,AWS-CHN-024,27.1,1012.2,74.0,False,,low,0.2,NORMAL,26.8,1011.1,75.0,HEALTHY,replay,0.3,0.0
2025-02-21T20:00:00+00:00,AWS-CHN-024,26.8,1012.9,75.0,False,,low,0.3,NORMAL,26.1,1011.8,77.0,HEALTHY,replay,0.5,0.0
2025-02-21T21:00:00+00:00,AWS-CHN-024,26.7,1013.6,76.0,False,,low,0.3,NORMAL,25.5,1012.5,80.0,HEALTHY,replay,0.5,0.0
2025-02-21T22:00:00+00:00,AWS-CHN-024,26.6,1013.5,75.0,False,,low,0.3,NORMAL,24.8,1012.5,84.0,HEALTHY,replay,0.6,0.0
2025-02-21T23:00:00+00:00,AWS-CHN-024,26.2,1013.2,77.0,False,,low,0.2,NORMAL,24.5,1012.1,87.0,HEALTHY,replay,0.3,0.0
2025-02-22T00:00:00+00:00,AWS-CHN-024,25.7,1012.8,80.0,False,,low,0.2,NORMAL,24.2,1011.7,87.0,HEALTHY,replay,0.3,0.0
2025-02-22T01:00:00+00:00,AWS-CHN-024,25.3,1012.3,82.0,False,,low,0.1,NORMAL,24.0,1011.2,89.0,HEALTHY,replay,0.2,0.0
2025-02-22T02:00:00+00:00,AWS-CHN-024,25.0,1011.9,85.0,False,,low,0.1,NORMAL,23.7,1010.8,92.0,HEALTHY,replay,0.2,0.0
2025-02-22T03:00:00+00:00,AWS-CHN-024,24.7,1011.7,87.0,False,,low,0.1,NORMAL,23.1,1010.6,95.0,HEALTHY,replay,0.2,0.0
2025-02-22T04:00:00+00:00,AWS-CHN-024,24.0,1011.7,90.0,False,,low,0.2,NORMAL,22.7,1010.6,97.0,HEALTHY,replay,0.3,0.0
2025-02-22T05:00:00+00:00,AWS-CHN-024,23.6,1012.3,93.0,False,,low,0.2,NORMAL,22.4,1011.2,97.0,HEALTHY,replay,0.3,0.0
2025-02-22T06:00:00+00:00,AWS-CHN-024,24.3,1012.9,92.0,False,,low,0.2,NORMAL,23.4,1011.8,95.0,HEALTHY,replay,0.4,0.0
2025-02-22T07:00:00+00:00,AWS-CHN-024,25.1,1013.7,87.0,False,,low,0.3,NORMAL,24.7,1012.6,89.0,HEALTHY,replay,0.6,0.0
2025-02-22T08:00:00+00:00,AWS-CHN-024,26.9,1014.6,77.0,False,,low,0.4,NORMAL,26.8,1013.5,77.0,HEALTHY,replay,0.7,0.0
2025-02-22T09:00:00+00:00,AWS-CHN-024,28.6,1015.0,67.0,False,,low,0.7,NORMAL,28.5,1013.9,67.0,HEALTHY,replay,1.1,0.0
2025-02-22T10:00:00+00:00,AWS-CHN-024,37.33929846773774,1014.5510672016968,98.626221247796,True,multivariate_inconsistency,high,76.8,MODEL_OVERRIDE,30.3,1013.5,57.0,HEALTHY,replay,95.6,48.5
2025-02-22T11:00:00+00:00,AWS-CHN-024,38.43929846773774,1013.6784678263612,91.82008711737656,True,multivariate_inconsistency,high,77.6,MODEL_OVERRIDE,32.0,1012.6,50.0,HEALTHY,replay,96.3,49.6
2025-02-22T12:00:00+00:00,AWS-CHN-024,38.63929846773774,1013.0141990838669,91.77829263992624,True,multivariate_inconsistency,medium,68.3,FUSED_CONSENSUS,33.6,1011.5,43.0,HEALTHY,replay,80.2,50.5
2025-02-22T13:00:00+00:00,AWS-CHN-024,30.9,1012.0,55.0,False,,low,4.7,NORMAL,33.3,1010.5,45.0,HEALTHY,replay,7.9,0.0
2025-02-22T14:00:00+00:00,AWS-CHN-024,30.5,1011.1,55.0,False,,low,2.2,NORMAL,32.2,1009.7,49.0,HEALTHY,replay,3.7,0.0
2025-02-22T15:00:00+00:00,AWS-CHN-024,29.9,1010.6,57.0,False,,low,2.6,NORMAL,31.4,1009.3,49.0,HEALTHY,replay,4.3,0.0
2025-02-22T16:00:00+00:00,AWS-CHN-024,29.1,1010.6,59.0,False,,low,1.1,NORMAL,30.4,1009.3,51.0,HEALTHY,replay,1.9,0.0
2025-02-22T17:00:00+00:00,AWS-CHN-024,28.0,1010.9,63.0,False,,low,0.4,NORMAL,28.9,1009.7,56.0,HEALTHY,replay,0.7,0.0
2025-02-22T18:00:00+00:00,AWS-CHN-024,27.0,1011.7,74.0,False,,low,1.1,NORMAL,27.2,1010.6,71.0,HEALTHY,replay,1.8,0.0
2025-02-22T19:00:00+00:00,AWS-CHN-024,20.266298781157232,1019.3924020987693,58.43424191526921,True,multivariate_inconsistency,high,76.4,MODEL_OVERRIDE,26.3,1011.7,74.0,OFFLINE,replay,97.3,45.0
2025-02-22T20:00:00+00:00,AWS-CHN-024,33.167164007240444,1006.686469016384,94.02434945431295,True,multivariate_inconsistency,high,76.4,MODEL_OVERRIDE,25.4,1012.6,78.0,OFFLINE,replay,97.3,45.0
2025-02-22T21:00:00+00:00,AWS-CHN-024,19.478214505818816,1022.9612865011604,94.32980273838386,True,unstructured_anomaly,critical,97.7,ML_MODEL_ISOLATION,24.8,1013.3,82.0,OFFLINE,replay,97.7,0.0
2025-02-22T22:00:00+00:00,AWS-CHN-024,19.89399701310998,1020.9423270698636,66.63525592542969,True,multivariate_inconsistency,high,74.5,MODEL_OVERRIDE,24.1,1013.1,87.0,OFFLINE,replay,94.1,45.0
2025-02-22T23:00:00+00:00,AWS-CHN-024,25.7,1014.0,85.0,False,,low,9.5,NORMAL,23.6,1012.9,92.0,OFFLINE,replay,15.9,0.0
2025-02-23T00:00:00+00:00,AWS-CHN-024,25.5,1013.6,86.0,False,,low,14.8,NORMAL,23.3,1012.5,94.0,OFFLINE,replay,24.7,0.0
2025-02-23T01:00:00+00:00,AWS-CHN-024,25.3,1013.1,87.0,False,,low,11.7,NORMAL,23.0,1011.9,94.0,HEALTHY,replay,19.4,0.0
2025-02-23T02:00:00+00:00,AWS-CHN-024,25.1,1012.6,87.0,False,,low,1.6,NORMAL,22.8,1011.5,94.0,WARNING,replay,2.7,0.0
2025-02-23T03:00:00+00:00,AWS-CHN-024,24.6,1012.2,89.0,False,,low,0.5,NORMAL,22.4,1011.1,97.0,WARNING,replay,0.8,0.0
2025-02-23T04:00:00+00:00,AWS-CHN-024,23.9,1012.0,92.0,False,,low,0.3,NORMAL,22.0,1010.9,98.0,WARNING,replay,0.5,0.0
2025-02-23T05:00:00+00:00,AWS-CHN-024,23.5,1012.2,94.0,False,,low,0.6,NORMAL,22.1,1011.1,99.0,WARNING,replay,1.1,0.0
2025-02-23T06:00:00+00:00,AWS-CHN-024,23.7,1013.0,95.0,False,,low,0.5,NORMAL,23.0,1011.9,99.0,WARNING,replay,0.8,0.0
2025-02-23T07:00:00+00:00,AWS-CHN-024,24.6,1013.8,90.0,False,,low,0.3,NORMAL,24.5,1012.7,91.0,WARNING,replay,0.5,0.0
2025-02-23T08:00:00+00:00,AWS-CHN-024,26.7,1014.5,79.0,False,,low,0.5,NORMAL,26.7,1013.4,79.0,WARNING,replay,0.8,0.0
2025-02-23T09:00:00+00:00,AWS-CHN-024,28.7,1015.0,67.0,False,,low,3.7,NORMAL,28.5,1013.9,67.0,WARNING,replay,6.2,0.0
2025-02-23T10:00:00+00:00,AWS-CHN-024,30.4,1014.7,57.0,False,,low,12.0,NORMAL,30.3,1013.5,56.0,WARNING,replay,20.1,0.0
2025-02-23T11:00:00+00:00,AWS-CHN-024,31.8,1013.7,51.0,False,,low,13.9,NORMAL,32.0,1012.5,47.0,WARNING,replay,23.2,0.0
2025-02-23T12:00:00+00:00,AWS-CHN-024,32.4,1012.8,49.0,False,,low,11.4,NORMAL,33.9,1011.5,36.0,HEALTHY,replay,19.1,0.0
2025-02-23T13:00:00+00:00,AWS-CHN-024,32.0,1011.8,51.0,False,,low,6.3,NORMAL,34.6,1010.4,35.0,HEALTHY,replay,10.5,0.0
2025-02-23T14:00:00+00:00,AWS-CHN-024,31.6,1010.8,46.0,False,,low,10.4,NORMAL,33.8,1009.4,36.0,HEALTHY,replay,17.3,0.0
2025-02-23T15:00:00+00:00,AWS-CHN-024,31.1,1010.5,46.0,False,,low,4.2,NORMAL,33.1,1009.1,34.0,HEALTHY,replay,7.0,0.0
2025-02-23T16:00:00+00:00,AWS-CHN-024,29.9,1010.8,54.0,False,,low,3.3,NORMAL,31.8,1009.5,39.0,HEALTHY,replay,5.5,0.0
2025-02-23T17:00:00+00:00,AWS-CHN-024,28.5,1011.3,64.0,False,,low,1.0,NORMAL,29.7,1010.1,53.0,HEALTHY,replay,1.7,0.0
2025-02-23T18:00:00+00:00,AWS-CHN-024,27.5,1011.9,72.0,False,,low,0.7,NORMAL,27.9,1010.8,67.0,HEALTHY,replay,1.1,0.0
2025-02-23T19:00:00+00:00,AWS-CHN-024,37.13820904534168,1012.7206827495484,100.0,True,multivariate_inconsistency,high,75.6,MODEL_OVERRIDE,27.1,1011.6,74.0,HEALTHY,replay,95.6,45.7
2025-02-23T20:00:00+00:00,AWS-CHN-024,36.93820904534167,1013.8016781520035,100.0,True,multivariate_inconsistency,high,76.3,MODEL_OVERRIDE,26.0,1012.5,79.0,HEALTHY,replay,97.1,45.2
2025-02-23T21:00:00+00:00,AWS-CHN-024,36.73820904534168,1013.9218070323312,100.0,True,multivariate_inconsistency,high,71.5,MODEL_OVERRIDE,25.0,1013.1,83.0,WARNING,replay,89.1,45.0
2025-02-23T22:00:00+00:00,AWS-CHN-024,36.33820904534167,1014.0722614112118,100.0,True,multivariate_inconsistency,medium,70.0,FUSED_CONSENSUS,24.4,1013.0,90.0,OFFLINE,replay,86.6,45.0
2025-02-23T23:00:00+00:00,AWS-CHN-024,25.9,1013.6,87.0,False,,low,9.5,NORMAL,23.9,1012.4,93.0,OFFLINE,replay,15.8,0.0
2025-02-24T00:00:00+00:00,AWS-CHN-024,25.5,1013.0,89.0,False,,low,15.8,NORMAL,23.4,1011.9,95.0,OFFLINE,replay,26.4,0.0
2025-02-24T01:00:00+00:00,AWS-CHN-024,25.2,1012.3,91.0,False,,low,18.1,NORMAL,23.3,1011.2,95.0,HEALTHY,replay,30.2,0.0
2025-02-24T02:00:00+00:00,AWS-CHN-024,24.9,1011.7,91.0,False,,low,2.4,NORMAL,23.0,1010.5,96.0,OFFLINE,replay,3.9,0.0
2025-02-24T03:00:00+00:00,AWS-CHN-024,24.5,1011.1,92.0,False,,low,2.7,NORMAL,22.4,1009.9,98.0,OFFLINE,replay,4.5,0.0
2025-02-24T04:00:00+00:00,AWS-CHN-024,23.6,1011.2,96.0,False,,low,7.6,NORMAL,21.9,1010.1,100.0,OFFLINE,replay,12.7,0.0
2025-02-24T05:00:00+00:00,AWS-CHN-024,23.5,1011.9,97.0,False,,low,8.2,NORMAL,22.1,1010.8,100.0,HEALTHY,replay,13.7,0.0
2025-02-24T06:00:00+00:00,AWS-CHN-024,23.9,1013.2,96.0,False,,low,3.7,NORMAL,23.9,1012.1,96.0,WARNING,replay,6.2,0.0
2025-02-24T07:00:00+00:00,AWS-CHN-024,25.1,1014.1,89.0,False,,low,4.0,NORMAL,24.5,1013.0,89.0,WARNING,replay,6.7,0.0
2025-02-24T08:00:00+00:00,AWS-CHN-024,26.6,1014.9,78.0,False,,low,1.2,NORMAL,25.8,1013.9,79.0,WARNING,replay,2.0,0.0
2025-02-24T09:00:00+00:00,AWS-CHN-024,28.6,1015.6,67.0,False,,low,1.8,NORMAL,28.0,1014.5,68.0,WARNING,replay,2.9,0.0
2025-02-24T10:00:00+00:00,AWS-CHN-024,30.1,1015.4,60.0,False,,low,5.1,NORMAL,30.3,1014.3,57.0,WARNING,replay,8.5,0.0
2025-02-24T11:00:00+00:00,AWS-CHN-024,30.5,1014.8,57.0,False,,low,6.0,NORMAL,32.1,1013.4,46.0,WARNING,replay,10.0,0.0
2025-02-24T12:00:00+00:00,AWS-CHN-024,30.9,1013.8,53.0,False,,low,7.7,NORMAL,32.5,1012.5,43.0,WARNING,replay,12.9,0.0
2025-02-24T13:00:00+00:00,AWS-CHN-024,31.0,1012.6,52.0,False,,low,6.7,NORMAL,32.5,1011.2,43.0,WARNING,replay,11.2,0.0
2025-02-24T14:00:00+00:00,AWS-CHN-024,30.8,1011.7,52.0,False,,low,5.1,NORMAL,32.1,1010.3,43.0,WARNING,replay,8.5,0.0
2025-02-24T15:00:00+00:00,AWS-CHN-024,30.2,1011.1,55.0,False,,low,4.4,NORMAL,31.5,1009.7,46.0,WARNING,replay,7.4,0.0
2025-02-24T16:00:00+00:00,AWS-CHN-024,29.4,1011.2,61.0,False,,low,1.2,NORMAL,30.4,1009.9,52.0,WARNING,replay,2.0,0.0
2025-02-24T17:00:00+00:00,AWS-CHN-024,28.3,1011.3,68.0,False,,low,0.6,NORMAL,28.9,1010.1,61.0,WARNING,replay,0.9,0.0
2025-02-24T18:00:00+00:00,AWS-CHN-024,27.6,1012.0,77.0,False,,low,0.8,NORMAL,27.6,1010.8,76.0,WARNING,replay,1.4,0.0
2025-02-24T19:00:00+00:00,AWS-CHN-024,27.4,1012.9,77.0,False,,low,0.5,NORMAL,27.2,1011.8,78.0,HEALTHY,replay,0.9,0.0
2025-02-24T20:00:00+00:00,AWS-CHN-024,27.3,1014.1,78.0,False,,low,1.2,NORMAL,26.8,1013.0,79.0,HEALTHY,replay,2.0,0.0
2025-02-24T21:00:00+00:00,AWS-CHN-024,27.0,1014.6,80.0,False,,low,1.4,NORMAL,26.4,1013.5,82.0,HEALTHY,replay,2.3,0.0
2025-02-24T22:00:00+00:00,AWS-CHN-024,26.7,1014.6,82.0,False,,low,1.6,NORMAL,25.8,1013.6,86.0,HEALTHY,replay,2.7,0.0
2025-02-24T23:00:00+00:00,AWS-CHN-024,26.4,1014.4,82.0,False,,low,1.4,NORMAL,25.2,1013.3,89.0,HEALTHY,replay,2.4,0.0
2025-02-25T00:00:00+00:00,AWS-CHN-024,26.1,1014.1,84.0,False,,low,0.9,NORMAL,24.5,1013.0,93.0,HEALTHY,replay,1.5,0.0
2025-02-25T01:00:00+00:00,AWS-CHN-024,25.8,1013.4,85.0,False,,low,0.7,NORMAL,24.0,1012.3,95.0,HEALTHY,replay,1.1,0.0
2025-02-25T02:00:00+00:00,AWS-CHN-024,25.4,1012.9,87.0,False,,low,0.2,NORMAL,23.7,1011.8,96.0,HEALTHY,replay,0.4,0.0
2025-02-25T03:00:00+00:00,AWS-CHN-024,25.1,1012.5,88.0,False,,low,0.2,NORMAL,23.4,1011.4,97.0,HEALTHY,replay,0.4,0.0
2025-02-25T04:00:00+00:00,AWS-CHN-024,24.6,1012.5,91.0,False,,low,0.1,NORMAL,23.1,1011.4,98.0,HEALTHY,replay,0.2,0.0
2025-02-25T05:00:00+00:00,AWS-CHN-024,24.1,1012.8,93.0,False,,low,0.1,NORMAL,22.7,1011.7,99.0,HEALTHY,replay,0.2,0.0
2025-02-25T06:00:00+00:00,AWS-CHN-024,25.0,1013.7,86.0,False,,low,0.4,NORMAL,23.1,1012.6,97.0,HEALTHY,replay,0.6,0.0
2025-02-25T07:00:00+00:00,AWS-CHN-024,25.9,1014.6,82.0,False,,low,0.2,NORMAL,24.4,1013.5,91.0,HEALTHY,replay,0.4,0.0
2025-02-25T08:00:00+00:00,AWS-CHN-024,28.0,1015.2,68.0,False,,low,0.7,NORMAL,27.1,1014.2,76.0,HEALTHY,replay,1.1,0.0
2025-02-25T09:00:00+00:00,AWS-CHN-024,29.7,1015.8,55.0,False,,low,2.8,NORMAL,29.5,1014.7,57.0,HEALTHY,replay,4.7,0.0
2025-02-25T10:00:00+00:00,AWS-CHN-024,30.6,1015.8,50.0,False,,low,1.2,NORMAL,31.3,1014.6,44.0,HEALTHY,replay,2.0,0.0
2025-02-25T11:00:00+00:00,AWS-CHN-024,31.1,1015.5,48.0,False,,low,1.2,NORMAL,32.3,1014.1,36.0,HEALTHY,replay,2.0,0.0
2025-02-25T12:00:00+00:00,AWS-CHN-024,31.3,1014.6,-0.0458564182214559,True,multivariate_inconsistency,critical,96.8,RULE_ENGINE_BYPASS,32.6,1013.2,35.0,HEALTHY,replay,94.6,100.0
2025-02-25T13:00:00+00:00,AWS-CHN-024,31.3,1013.5,0.0247626930543816,True,multivariate_inconsistency,high,75.4,MODEL_OVERRIDE,32.6,1012.1,36.0,HEALTHY,replay,95.0,45.9
2025-02-25T14:00:00+00:00,AWS-CHN-024,31.0,1012.5,-0.1460540280606475,True,multivariate_inconsistency,critical,93.1,RULE_ENGINE_BYPASS,32.3,1011.2,36.0,HEALTHY,replay,88.5,100.0
2025-02-25T15:00:00+00:00,AWS-CHN-024,30.6,1012.0,0.0662149740688352,True,multivariate_inconsistency,high,73.3,MODEL_OVERRIDE,31.7,1010.7,38.0,OFFLINE,replay,90.2,47.9
2025-02-25T16:00:00+00:00,AWS-CHN-024,29.8,1012.0,54.0,False,,low,4.1,NORMAL,30.9,1010.7,42.0,OFFLINE,replay,6.8,0.0
2025-02-25T17:00:00+00:00,AWS-CHN-024,28.8,1012.5,62.0,False,,low,8.9,NORMAL,29.3,1011.3,51.0,OFFLINE,replay,14.9,0.0
2025-02-25T18:00:00+00:00,AWS-CHN-024,28.3,1013.3,68.0,False,,low,17.6,NORMAL,28.5,1012.1,62.0,HEALTHY,replay,29.3,0.0
2025-02-25T19:00:00+00:00,AWS-CHN-024,28.2,1014.0,69.0,False,,low,3.6,NORMAL,27.8,1012.9,69.0,OFFLINE,replay,6.0,0.0
2025-02-25T20:00:00+00:00,AWS-CHN-024,27.9,1014.9,71.0,False,,low,2.9,NORMAL,27.5,1013.9,73.0,OFFLINE,replay,4.9,0.0
2025-02-25T21:00:00+00:00,AWS-CHN-024,27.5,1015.5,75.0,False,,low,7.2,NORMAL,26.8,1014.4,76.0,OFFLINE,replay,12.0,0.0
2025-02-25T22:00:00+00:00,AWS-CHN-024,27.3,1015.6,75.0,False,,low,8.6,NORMAL,26.4,1014.6,79.0,HEALTHY,replay,14.4,0.0
2025-02-25T23:00:00+00:00,AWS-CHN-024,27.0,1015.5,77.0,False,,low,4.3,NORMAL,26.0,1014.4,81.0,WARNING,replay,7.2,0.0
2025-02-26T00:00:00+00:00,AWS-CHN-024,26.8,1014.8,78.0,False,,low,3.5,NORMAL,25.7,1013.8,83.0,WARNING,replay,5.8,0.0
2025-02-26T01:00:00+00:00,AWS-CHN-024,26.5,1013.9,78.0,False,,low,1.5,NORMAL,25.3,1012.9,85.0,WARNING,replay,2.6,0.0
2025-02-26T02:00:00+00:00,AWS-CHN-024,26.2,1013.2,80.0,False,,low,1.1,NORMAL,24.7,1012.1,87.0,WARNING,replay,1.9,0.0
2025-02-26T03:00:00+00:00,AWS-CHN-024,25.8,1012.9,83.0,False,,low,0.4,NORMAL,24.2,1011.8,90.0,WARNING,replay,0.6,0.0
2025-02-26T04:00:00+00:00,AWS-CHN-024,25.6,1012.7,84.0,False,,low,0.3,NORMAL,23.9,1011.6,92.0,WARNING,replay,0.6,0.0
2025-02-26T05:00:00+00:00,AWS-CHN-024,25.4,1013.0,85.0,False,,low,0.5,NORMAL,23.6,1011.9,94.0,WARNING,replay,0.9,0.0
2025-02-26T06:00:00+00:00,AWS-CHN-024,26.2,1013.7,82.0,False,,low,0.6,NORMAL,24.5,1012.6,94.0,WARNING,replay,0.9,0.0
2025-02-26T07:00:00+00:00,AWS-CHN-024,27.3,1014.5,75.0,False,,low,0.9,NORMAL,26.2,1013.5,84.0,WARNING,replay,1.5,0.0
2025-02-26T08:00:00+00:00,AWS-CHN-024,28.5,1015.1,66.0,False,,low,3.1,NORMAL,28.4,1014.0,68.0,WARNING,replay,5.1,0.0
2025-02-26T09:00:00+00:00,AWS-CHN-024,29.7,1015.7,60.0,False,,low,11.9,NORMAL,30.2,1014.5,55.0,WARNING,replay,19.8,0.0
2025-02-26T10:00:00+00:00,AWS-CHN-024,30.6,1015.8,55.0,False,,low,12.9,NORMAL,31.5,1014.6,46.0,WARNING,replay,21.6,0.0
2025-02-26T11:00:00+00:00,AWS-CHN-024,31.1,1015.1,53.0,False,,low,14.5,NORMAL,32.3,1013.9,44.0,WARNING,replay,24.2,0.0
2025-02-26T12:00:00+00:00,AWS-CHN-024,31.6,1014.2,48.0,False,,low,18.1,NORMAL,32.8,1012.9,40.0,HEALTHY,replay,30.2,0.0
2025-02-26T13:00:00+00:00,AWS-CHN-024,31.6,1013.1,47.0,False,,low,17.7,NORMAL,32.9,1011.7,37.0,HEALTHY,replay,29.5,0.0
2025-02-26T14:00:00+00:00,AWS-CHN-024,31.1,1012.0,51.0,False,,low,17.3,NORMAL,32.4,1010.6,40.0,HEALTHY,replay,28.8,0.0
2025-02-26T15:00:00+00:00,AWS-CHN-024,30.5,1011.4,53.0,False,,low,5.5,NORMAL,31.7,1010.0,42.0,HEALTHY,replay,9.1,0.0
2025-02-26T16:00:00+00:00,AWS-CHN-024,29.6,1011.2,60.0,False,,low,3.4,NORMAL,30.5,1009.9,49.0,HEALTHY,replay,5.7,0.0
2025-02-26T17:00:00+00:00,AWS-CHN-024,28.6,1011.6,65.0,False,,low,0.6,NORMAL,28.9,1010.4,60.0,HEALTHY,replay,1.0,0.0
2025-02-26T18:00:00+00:00,AWS-CHN-024,27.9,1012.5,70.0,False,,low,0.8,NORMAL,28.0,1011.3,67.0,HEALTHY,replay,1.3,0.0
2025-02-26T19:00:00+00:00,AWS-CHN-024,27.7,1013.5,73.0,False,,low,1.2,NORMAL,27.4,1012.4,72.0,HEALTHY,replay,1.9,0.0
2025-02-26T20:00:00+00:00,AWS-CHN-024,27.4,1014.3,75.0,False,,low,0.9,NORMAL,26.9,1013.2,76.0,HEALTHY,replay,1.6,0.0
2025-02-26T21:00:00+00:00,AWS-CHN-024,27.2,1014.9,76.0,False,,low,0.5,NORMAL,26.6,1013.8,79.0,HEALTHY,replay,0.8,0.0
2025-02-26T22:00:00+00:00,AWS-CHN-024,26.9,1014.8,78.0,False,,low,0.3,NORMAL,26.1,1013.8,81.0,HEALTHY,replay,0.5,0.0
2025-02-26T23:00:00+00:00,AWS-CHN-024,26.6,1014.5,79.0,False,,low,0.2,NORMAL,25.4,1013.3,85.0,HEALTHY,replay,0.4,0.0
2025-02-27T00:00:00+00:00,AWS-CHN-024,26.3,1013.9,80.0,False,,low,0.2,NORMAL,24.8,1012.7,88.0,HEALTHY,replay,0.3,0.0
2025-02-27T01:00:00+00:00,AWS-CHN-024,26.1,1013.0,82.0,False,,low,0.3,NORMAL,24.2,1011.9,91.0,HEALTHY,replay,0.5,0.0
2025-02-27T02:00:00+00:00,AWS-CHN-024,25.8,1012.3,84.0,False,,low,0.3,NORMAL,23.7,1011.2,93.0,HEALTHY,replay,0.5,0.0
2025-02-27T03:00:00+00:00,AWS-CHN-024,25.5,1011.9,84.0,False,,low,0.2,NORMAL,23.5,1010.8,94.0,HEALTHY,replay,0.4,0.0
2025-02-27T04:00:00+00:00,AWS-CHN-024,25.3,1011.7,85.0,False,,low,0.3,NORMAL,23.1,1010.6,96.0,HEALTHY,replay,0.5,0.0
2025-02-27T05:00:00+00:00,AWS-CHN-024,24.9,1011.7,87.0,False,,low,0.3,NORMAL,22.8,1010.6,97.0,HEALTHY,replay,0.6,0.0
2025-02-27T06:00:00+00:00,AWS-CHN-024,25.3,1012.3,85.0,False,,low,0.4,NORMAL,23.6,1011.2,96.0,HEALTHY,replay,0.7,0.0
2025-02-27T07:00:00+00:00,AWS-CHN-024,26.6,1013.2,78.0,False,,low,0.4,NORMAL,25.1,1012.1,89.0,HEALTHY,replay,0.7,0.0
2025-02-27T08:00:00+00:00,AWS-CHN-024,28.1,1014.0,68.0,False,,low,0.5,NORMAL,27.7,1013.0,74.0,HEALTHY,replay,0.8,0.0
2025-02-27T09:00:00+00:00,AWS-CHN-024,29.3,1014.6,61.0,False,,low,0.9,NORMAL,29.4,1013.4,62.0,HEALTHY,replay,1.4,0.0
2025-02-27T10:00:00+00:00,AWS-CHN-024,30.2,1014.5,57.0,False,,low,1.1,NORMAL,30.8,1013.3,55.0,HEALTHY,replay,1.8,0.0
2025-02-27T11:00:00+00:00,AWS-CHN-024,30.8,1013.8,53.0,False,,low,1.0,NORMAL,31.8,1012.4,49.0,HEALTHY,replay,1.7,0.0
2025-02-27T12:00:00+00:00,AWS-CHN-024,30.9,1012.8,54.0,False,,low,1.3,NORMAL,32.1,1011.4,48.0,HEALTHY,replay,2.2,0.0
2025-02-27T13:00:00+00:00,AWS-CHN-024,,1011.6,50.0,True,dropout,critical,100.0,RULE_ENGINE_BYPASS,32.5,1010.1,42.0,HEALTHY,replay,,100.0
2025-02-27T14:00:00+00:00,AWS-CHN-024,31.1,1010.2,48.0,False,,low,10.0,NORMAL,32.6,1008.7,38.0,HEALTHY,replay,16.6,0.0
2025-02-27T15:00:00+00:00,AWS-CHN-024,30.6,1009.5,50.0,False,,low,2.9,NORMAL,32.0,1008.0,38.0,HEALTHY,replay,4.9,0.0
2025-02-27T16:00:00+00:00,AWS-CHN-024,29.6,1009.6,56.0,False,,low,2.3,NORMAL,30.7,1008.3,44.0,HEALTHY,replay,3.8,0.0
2025-02-27T17:00:00+00:00,AWS-CHN-024,28.4,1010.0,63.0,False,,low,0.6,NORMAL,28.9,1008.7,55.0,HEALTHY,replay,1.0,0.0
2025-02-27T18:00:00+00:00,AWS-CHN-024,27.6,1010.3,71.0,False,,low,0.9,NORMAL,27.7,1009.1,69.0,HEALTHY,replay,1.5,0.0
2025-02-27T19:00:00+00:00,AWS-CHN-024,27.4,1011.2,72.0,False,,low,0.3,NORMAL,27.2,1010.2,72.0,HEALTHY,replay,0.5,0.0
2025-02-27T20:00:00+00:00,AWS-CHN-024,27.3,1012.6,74.0,False,,low,1.0,NORMAL,27.0,1011.5,75.0,HEALTHY,replay,1.6,0.0
2025-02-27T21:00:00+00:00,AWS-CHN-024,27.2,1013.3,75.0,False,,low,1.1,NORMAL,26.6,1012.3,78.0,HEALTHY,replay,1.8,0.0
2025-02-27T22:00:00+00:00,AWS-CHN-024,27.1,1013.5,76.0,False,,low,0.5,NORMAL,26.3,1012.4,79.0,HEALTHY,replay,0.8,0.0
2025-02-27T23:00:00+00:00,AWS-CHN-024,26.9,1012.9,78.0,False,,low,0.4,NORMAL,26.1,1011.9,81.0,HEALTHY,replay,0.7,0.0
2025-02-28T00:00:00+00:00,AWS-CHN-024,26.4,1012.2,80.0,False,,low,0.4,NORMAL,25.5,1011.2,84.0,HEALTHY,replay,0.6,0.0
2025-02-28T01:00:00+00:00,AWS-CHN-024,26.2,1011.3,81.0,False,,low,0.6,NORMAL,25.0,1010.2,87.0,HEALTHY,replay,1.0,0.0
2025-02-28T02:00:00+00:00,AWS-CHN-024,25.8,1010.6,83.0,False,,low,0.6,NORMAL,24.5,1009.6,89.0,HEALTHY,replay,0.9,0.0
2025-02-28T03:00:00+00:00,AWS-CHN-024,25.6,1010.2,84.0,False,,low,0.3,NORMAL,24.1,1009.1,92.0,HEALTHY,replay,0.5,0.0
2025-02-28T04:00:00+00:00,AWS-CHN-024,25.4,1010.2,84.0,False,,low,0.5,NORMAL,24.0,1009.1,92.0,HEALTHY,replay,0.8,0.0
2025-02-28T05:00:00+00:00,AWS-CHN-024,25.2,1010.3,85.0,False,,low,0.5,NORMAL,23.4,1009.2,95.0,HEALTHY,replay,0.8,0.0
2025-02-28T06:00:00+00:00,AWS-CHN-024,25.6,1011.3,84.0,False,,low,0.4,NORMAL,24.0,1010.2,92.0,HEALTHY,replay,0.7,0.0
2025-02-28T07:00:00+00:00,AWS-CHN-024,26.6,1012.0,78.0,False,,low,0.5,NORMAL,25.3,1011.0,86.0,HEALTHY,replay,0.9,0.0
2025-02-28T08:00:00+00:00,AWS-CHN-024,28.3,1012.9,69.0,False,,low,0.5,NORMAL,27.6,1011.8,75.0,HEALTHY,replay,0.9,0.0
2025-02-28T09:00:00+00:00,AWS-CHN-024,29.4,1013.8,62.0,False,,low,1.0,NORMAL,29.6,1012.6,62.0,HEALTHY,replay,1.7,0.0
2025-02-28T10:00:00+00:00,AWS-CHN-024,30.1,1013.9,59.0,False,,low,0.9,NORMAL,31.1,1012.5,55.0,HEALTHY,replay,1.5,0.0
2025-02-28T11:00:00+00:00,AWS-CHN-024,30.7,1013.3,56.0,False,,low,0.9,NORMAL,32.0,1012.0,51.0,HEALTHY,replay,1.5,0.0
2025-02-28T12:00:00+00:00,AWS-CHN-024,30.7,1012.0,56.0,False,,low,0.7,NORMAL,32.1,1010.5,49.0,HEALTHY,replay,1.2,0.0
2025-02-28T13:00:00+00:00,AWS-CHN-024,31.1,1010.6,55.0,False,,low,2.5,NORMAL,32.6,1009.3,47.0,HEALTHY,replay,4.1,0.0
2025-02-28T14:00:00+00:00,AWS-CHN-024,30.8,1009.4,56.0,False,,low,4.7,NORMAL,32.2,1008.1,49.0,HEALTHY,replay,7.8,0.0
2025-02-28T15:00:00+00:00,AWS-CHN-024,30.3,1008.7,58.0,False,,low,3.2,NORMAL,31.5,1007.3,53.0,HEALTHY,replay,5.3,0.0
2025-02-28T16:00:00+00:00,AWS-CHN-024,29.6,1008.6,60.0,False,,low,1.7,NORMAL,30.5,1007.3,56.0,HEALTHY,replay,2.8,0.0
2025-02-28T17:00:00+00:00,AWS-CHN-024,28.7,1009.0,65.0,False,,low,0.6,NORMAL,29.4,1007.8,60.0,HEALTHY,replay,1.0,0.0
2025-02-28T18:00:00+00:00,AWS-CHN-024,27.9,1009.8,74.0,False,,low,0.9,NORMAL,28.1,1008.6,71.0,HEALTHY,replay,1.4,0.0
2025-02-28T19:00:00+00:00,AWS-CHN-024,27.7,1010.9,74.0,False,,low,0.4,NORMAL,27.7,1009.8,74.0,HEALTHY,replay,0.7,0.0
2025-02-28T20:00:00+00:00,AWS-CHN-024,27.6,1011.8,75.0,False,,low,0.6,NORMAL,27.2,1010.7,76.0,HEALTHY,replay,1.0,0.0
2025-02-28T21:00:00+00:00,AWS-CHN-024,27.6,1013.0,76.0,False,,low,2.0,NORMAL,27.2,1012.0,77.0,HEALTHY,replay,3.4,0.0
2025-02-28T22:00:00+00:00,AWS-CHN-024,27.5,1013.0,75.0,False,,low,0.7,NORMAL,26.8,1012.0,79.0,HEALTHY,replay,1.1,0.0
2025-02-28T23:00:00+00:00,AWS-CHN-024,27.3,1012.6,76.0,False,,low,0.5,NORMAL,26.6,1011.5,80.0,HEALTHY,replay,0.8,0.0
2025-03-01T00:00:00+00:00,AWS-CHN-024,27.3,1011.8,76.0,False,,low,0.5,NORMAL,26.6,1010.8,79.0,HEALTHY,replay,0.8,0.0
2025-03-01T01:00:00+00:00,AWS-CHN-024,27.0,1011.1,77.0,False,,low,0.4,NORMAL,26.4,1010.1,80.0,HEALTHY,replay,0.7,0.0
2025-03-01T02:00:00+00:00,AWS-CHN-024,26.9,1010.5,78.0,False,,low,0.4,NORMAL,26.2,1009.4,81.0,HEALTHY,replay,0.6,0.0
2025-03-01T03:00:00+00:00,AWS-CHN-024,26.8,1009.8,78.0,False,,low,0.6,NORMAL,25.5,1008.8,84.0,HEALTHY,replay,1.0,0.0
2025-03-01T04:00:00+00:00,AWS-CHN-024,26.7,1009.5,78.0,False,,low,0.6,NORMAL,24.8,1008.5,89.0,HEALTHY,replay,1.0,0.0
2025-03-01T05:00:00+00:00,AWS-CHN-024,26.5,1009.7,79.0,False,,low,0.7,NORMAL,24.7,1008.7,92.0,HEALTHY,replay,1.2,0.0
2025-03-01T06:00:00+00:00,AWS-CHN-024,25.8,1011.0,87.0,False,,low,0.7,NORMAL,24.5,1009.9,93.0,HEALTHY,replay,1.1,0.0
2025-03-01T07:00:00+00:00,AWS-CHN-024,27.0,1011.8,80.0,False,,low,1.2,NORMAL,25.4,1010.8,87.0,HEALTHY,replay,2.0,0.0
2025-03-01T08:00:00+00:00,AWS-CHN-024,28.5,1012.2,71.0,False,,low,0.7,NORMAL,27.8,1011.2,76.0,HEALTHY,replay,1.2,0.0
2025-03-01T09:00:00+00:00,AWS-CHN-024,29.3,1012.7,67.0,False,,low,0.9,NORMAL,30.0,1011.6,64.0,HEALTHY,replay,1.4,0.0
2025-03-01T10:00:00+00:00,AWS-CHN-024,30.1,1012.8,64.0,False,,low,1.1,NORMAL,31.4,1011.6,56.0,HEALTHY,replay,1.8,0.0
2025-03-01T11:00:00+00:00,AWS-CHN-024,30.5,1012.0,62.0,False,,low,1.4,NORMAL,32.0,1010.8,53.0,HEALTHY,replay,2.3,0.0
2025-03-01T12:00:00+00:00,AWS-CHN-024,30.7,1010.6,63.0,False,,low,2.5,NORMAL,32.1,1009.2,54.0,HEALTHY,replay,4.2,0.0
2025-03-01T13:00:00+00:00,AWS-CHN-024,30.8,1009.2,62.0,False,,low,6.1,NORMAL,32.1,1007.8,54.0,HEALTHY,replay,10.2,0.0
2025-03-01T14:00:00+00:00,AWS-CHN-024,30.4,1008.2,62.0,False,,low,6.0,NORMAL,31.7,1006.9,55.0,HEALTHY,replay,9.9,0.0
2025-03-01T15:00:00+00:00,AWS-CHN-024,30.0,1007.6,63.0,False,,low,3.7,NORMAL,31.1,1006.3,56.0,HEALTHY,replay,6.2,0.0
2025-03-01T16:00:00+00:00,AWS-CHN-024,29.4,1007.7,66.0,False,,low,2.3,NORMAL,30.4,1006.5,59.0,HEALTHY,replay,3.8,0.0
2025-03-01T17:00:00+00:00,AWS-CHN-024,28.5,1008.1,71.0,False,,low,1.0,NORMAL,29.1,1007.0,66.0,HEALTHY,replay,1.7,0.0
2025-03-01T18:00:00+00:00,AWS-CHN-024,27.9,1009.2,78.0,False,,low,1.1,NORMAL,28.1,1008.1,74.0,HEALTHY,replay,1.8,0.0
2025-03-01T19:00:00+00:00,AWS-CHN-024,27.7,1010.2,79.0,False,,low,1.1,NORMAL,27.7,1009.1,77.0,HEALTHY,replay,1.8,0.0
2025-03-01T20:00:00+00:00,AWS-CHN-024,27.6,1011.2,80.0,False,,low,1.6,NORMAL,27.3,1010.1,78.0,HEALTHY,replay,2.6,0.0
2025-03-01T21:00:00+00:00,AWS-CHN-024,27.5,1011.6,80.0,False,,low,1.2,NORMAL,27.0,1010.5,80.0,HEALTHY,replay,2.0,0.0
2025-03-01T22:00:00+00:00,AWS-CHN-024,27.2,1011.4,82.0,False,,low,0.8,NORMAL,26.6,1010.4,83.0,HEALTHY,replay,1.3,0.0
2025-03-01T23:00:00+00:00,AWS-CHN-024,27.1,1011.3,82.0,False,,low,0.7,NORMAL,26.3,1010.3,85.0,HEALTHY,replay,1.2,0.0
2025-03-02T00:00:00+00:00,AWS-CHN-024,26.9,1010.7,83.0,False,,low,0.7,NORMAL,25.9,1009.6,88.0,HEALTHY,replay,1.2,0.0
2025-03-02T01:00:00+00:00,AWS-CHN-024,26.6,1010.0,84.0,False,,low,1.0,NORMAL,25.3,1009.0,91.0,HEALTHY,replay,1.7,0.0
2025-03-02T02:00:00+00:00,AWS-CHN-024,26.3,1019.0279639633276,85.0,False,,low,32.9,NORMAL,25.1,1008.1,92.0,HEALTHY,replay,54.8,0.0
2025-03-02T03:00:00+00:00,AWS-CHN-024,26.0,1008.3,87.0,False,,low,9.8,NORMAL,24.7,1007.3,94.0,HEALTHY,replay,16.4,0.0
2025-03-02T04:00:00+00:00,AWS-CHN-024,25.8,1008.1,88.0,False,,low,5.1,NORMAL,24.5,1007.0,95.0,HEALTHY,replay,8.4,0.0
2025-03-02T05:00:00+00:00,AWS-CHN-024,33.78781879774323,1008.0904828955952,100.0,True,multivariate_inconsistency,high,76.3,MODEL_OVERRIDE,24.2,1007.3,96.0,HEALTHY,replay,94.4,49.2
2025-03-02T06:00:00+00:00,AWS-CHN-024,34.587818797743225,1008.92109342833,100.0,True,multivariate_inconsistency,high,77.9,MODEL_OVERRIDE,25.1,1008.1,93.0,HEALTHY,replay,96.3,50.3
2025-03-02T07:00:00+00:00,AWS-CHN-024,35.687818797743226,1009.5198767438244,100.0,True,multivariate_inconsistency,high,76.7,MODEL_OVERRIDE,26.7,1008.7,85.0,HEALTHY,replay,91.7,54.1
2025-03-02T08:00:00+00:00,AWS-CHN-024,36.98781879774323,1010.317893893704,100.0,True,multivariate_inconsistency,high,78.2,MODEL_OVERRIDE,28.6,1009.5,73.0,OFFLINE,replay,91.5,58.2
2025-03-02T09:00:00+00:00,AWS-CHN-024,30.0,1011.4,63.0,False,,low,43.7,NORMAL,30.3,1010.3,62.0,OFFLINE,replay,72.8,0.0
2025-03-02T10:00:00+00:00,AWS-CHN-024,31.1,1011.2,58.0,False,,low,50.6,NORMAL,31.7,1010.0,52.0,OFFLINE,replay,84.3,0.0
2025-03-02T11:00:00+00:00,AWS-CHN-024,31.7,1010.4,54.0,True,unstructured_anomaly,critical,91.9,ML_MODEL_ISOLATION,33.3,1009.1,45.0,HEALTHY,replay,91.9,0.0
2025-03-02T12:00:00+00:00,AWS-CHN-024,32.2,1009.3,52.0,True,unstructured_anomaly,critical,95.2,ML_MODEL_ISOLATION,34.0,1008.0,43.0,OFFLINE,replay,95.2,0.0
2025-03-02T13:00:00+00:00,AWS-CHN-024,32.1,1008.3,52.0,True,unstructured_anomaly,critical,94.3,ML_MODEL_ISOLATION,34.1,1006.9,43.0,OFFLINE,replay,94.3,0.0
2025-03-02T14:00:00+00:00,AWS-CHN-024,31.7,1007.3,54.0,True,unstructured_anomaly,critical,93.4,ML_MODEL_ISOLATION,33.7,1005.9,44.0,OFFLINE,replay,93.4,0.0
2025-03-02T15:00:00+00:00,AWS-CHN-024,30.9,1006.6,58.0,True,unstructured_anomaly,critical,92.3,ML_MODEL_ISOLATION,32.7,1005.2,47.0,HEALTHY,replay,92.3,0.0
2025-03-02T16:00:00+00:00,AWS-CHN-024,29.9,1006.5,64.0,False,,low,52.4,NORMAL,31.3,1005.2,53.0,WARNING,replay,87.4,0.0
2025-03-02T17:00:00+00:00,AWS-CHN-024,28.8,1006.8,70.0,False,,low,41.3,NORMAL,29.6,1005.6,63.0,WARNING,replay,68.8,0.0
2025-03-02T18:00:00+00:00,AWS-CHN-024,28.1,1007.3,78.0,False,,low,16.4,NORMAL,28.5,1006.2,74.0,WARNING,replay,27.3,0.0
2025-03-02T19:00:00+00:00,AWS-CHN-024,27.8,1008.5,80.0,False,,low,10.3,NORMAL,27.9,1007.4,78.0,WARNING,replay,17.1,0.0
2025-03-02T20:00:00+00:00,AWS-CHN-024,27.5,1009.4,82.0,False,,low,17.7,NORMAL,27.4,1008.2,81.0,WARNING,replay,29.5,0.0
2025-03-02T21:00:00+00:00,AWS-CHN-024,27.3,1010.1,84.0,False,,low,14.3,NORMAL,26.7,1009.0,85.0,WARNING,replay,23.8,0.0
2025-03-02T22:00:00+00:00,AWS-CHN-024,27.0,1010.7,86.0,False,,low,11.3,NORMAL,26.0,1009.6,91.0,WARNING,replay,18.9,0.0
2025-03-02T23:00:00+00:00,AWS-CHN-024,26.7,1010.6,88.0,False,,low,11.0,NORMAL,25.6,1009.5,94.0,WARNING,replay,18.3,0.0
2025-03-03T00:00:00+00:00,AWS-CHN-024,26.5,1010.1,89.0,False,,low,6.8,NORMAL,25.2,1009.1,96.0,WARNING,replay,11.3,0.0
2025-03-03T01:00:00+00:00,AWS-CHN-024,26.438186604860533,1009.2,91.0,False,,low,5.8,NORMAL,24.6,1008.1,97.0,WARNING,replay,9.7,0.0
2025-03-03T02:00:00+00:00,AWS-CHN-024,25.876373209721063,1008.4,94.0,False,,low,3.7,NORMAL,24.2,1007.4,98.0,WARNING,replay,6.2,0.0
2025-03-03T03:00:00+00:00,AWS-CHN-024,25.714559814581605,1008.0,95.0,False,,low,3.0,NORMAL,24.5,1007.0,99.0,WARNING,replay,5.1,0.0
2025-03-03T04:00:00+00:00,AWS-CHN-024,25.65274641944214,1008.2,97.0,False,,low,5.1,NORMAL,24.2,1007.2,99.0,WARNING,replay,8.4,0.0
2025-03-03T05:00:00+00:00,AWS-CHN-024,25.890933024302672,1008.7,98.0,False,,low,2.9,NORMAL,24.4,1007.7,99.0,HEALTHY,replay,4.8,0.0
2025-03-03T06:00:00+00:00,AWS-CHN-024,27.229119629163208,1009.5,94.0,False,,low,2.1,NORMAL,25.7,1008.5,93.0,HEALTHY,replay,3.4,0.0
2025-03-03T07:00:00+00:00,AWS-CHN-024,28.167306234023744,1010.6,88.0,False,,low,2.1,NORMAL,26.3,1009.6,87.0,HEALTHY,replay,3.5,0.0
2025-03-03T08:00:00+00:00,AWS-CHN-024,29.90549283888428,1011.3,79.0,False,,low,5.3,NORMAL,27.9,1010.3,78.0,HEALTHY,replay,8.8,0.0
2025-03-03T09:00:00+00:00,AWS-CHN-024,32.143679443744816,1011.8,66.0,False,,low,39.6,NORMAL,30.0,1010.7,65.0,HEALTHY,replay,66.0,0.0
2025-03-03T10:00:00+00:00,AWS-CHN-024,33.881866048605346,1011.5,58.0,False,,low,42.7,NORMAL,32.0,1010.4,54.0,HEALTHY,replay,71.2,0.0
2025-03-03T11:00:00+00:00,AWS-CHN-024,35.320052653465886,1010.6,53.0,False,,low,35.5,NORMAL,33.9,1009.3,44.0,HEALTHY,replay,59.2,0.0
2025-03-03T12:00:00+00:00,AWS-CHN-024,35.858239258326414,1009.3,53.0,False,,low,23.6,NORMAL,35.3,1007.9,38.0,HEALTHY,replay,39.3,0.0
2025-03-03T13:00:00+00:00,AWS-CHN-024,35.69642586318695,1008.0,51.0,False,,low,38.4,NORMAL,35.3,1006.6,39.0,HEALTHY,replay,64.0,0.0
2025-03-03T14:00:00+00:00,AWS-CHN-024,35.43461246804749,1007.0,51.0,False,,low,33.4,NORMAL,34.2,1005.6,43.0,HEALTHY,replay,55.6,0.0
2025-03-03T15:00:00+00:00,AWS-CHN-024,35.27279907290802,1006.6,54.0,False,,low,18.9,NORMAL,33.5,1005.2,45.0,HEALTHY,replay,31.5,0.0
2025-03-03T16:00:00+00:00,AWS-CHN-024,34.51098567776855,1006.4,57.0,False,,low,3.8,NORMAL,32.3,1005.2,48.0,HEALTHY,replay,6.3,0.0
2025-03-03T17:00:00+00:00,AWS-CHN-024,33.34917228262909,1006.9,65.0,False,,low,4.9,NORMAL,30.5,1005.7,54.0,HEALTHY,replay,8.1,0.0
2025-03-03T18:00:00+00:00,AWS-CHN-024,32.787358887489624,1007.7,77.0,False,,low,11.7,NORMAL,29.4,1006.6,67.0,HEALTHY,replay,19.5,0.0
2025-03-03T19:00:00+00:00,AWS-CHN-024,32.52554549235016,1008.5,81.0,False,,low,5.7,NORMAL,28.4,1007.4,77.0,HEALTHY,replay,9.5,0.0
2025-03-03T20:00:00+00:00,AWS-CHN-024,32.36373209721069,1009.0,84.0,False,,low,4.5,NORMAL,27.4,1007.9,83.0,HEALTHY,replay,7.6,0.0
2025-03-03T21:00:00+00:00,AWS-CHN-024,32.301918702071234,1009.7,88.0,False,,low,4.1,NORMAL,26.2,1008.6,87.0,HEALTHY,replay,6.8,0.0
2025-03-03T22:00:00+00:00,AWS-CHN-024,32.040105306931764,1010.1,90.0,False,,low,3.4,NORMAL,25.2,1009.0,95.0,HEALTHY,replay,5.7,0.0
2025-03-03T23:00:00+00:00,AWS-CHN-024,31.7782919117923,1010.0,93.0,False,,low,1.4,NORMAL,24.6,1008.9,98.0,HEALTHY,replay,2.3,0.0
2025-03-04T00:00:00+00:00,AWS-CHN-024,31.616478516652837,1009.4,95.0,False,,low,1.4,NORMAL,24.2,1008.3,99.0,HEALTHY,replay,2.3,0.0
2025-03-04T01:00:00+00:00,AWS-CHN-024,31.55466512151337,1008.5,97.0,False,,low,2.0,NORMAL,24.5,1007.5,100.0,HEALTHY,replay,3.4,0.0
2025-03-04T02:00:00+00:00,AWS-CHN-024,31.492851726373903,1007.8,98.0,False,,low,1.9,NORMAL,24.8,1006.8,99.0,HEALTHY,replay,3.1,0.0
2025-03-04T03:00:00+00:00,AWS-CHN-024,31.13103833123444,1007.6,,True,dropout,critical,100.0,RULE_ENGINE_BYPASS,24.5,1006.6,97.0,HEALTHY,replay,,100.0
2025-03-04T04:00:00+00:00,AWS-CHN-024,30.76922493609497,1007.6,99.0,False,,low,1.5,NORMAL,24.0,1006.5,96.0,HEALTHY,replay,2.6,0.0
2025-03-04T05:00:00+00:00,AWS-CHN-024,30.807411540955503,1008.0,99.0,False,,low,1.5,NORMAL,23.8,1006.9,95.0,HEALTHY,replay,2.5,0.0
2025-03-04T06:00:00+00:00,AWS-CHN-024,32.24559814581605,1008.8,96.0,False,,low,1.9,NORMAL,25.0,1007.8,92.0,HEALTHY,replay,3.2,0.0
2025-03-04T07:00:00+00:00,AWS-CHN-024,33.283784750676574,1009.6,88.0,False,,low,3.8,NORMAL,25.9,1008.6,87.0,HEALTHY,replay,6.3,0.0
2025-03-04T08:00:00+00:00,AWS-CHN-024,35.221971355537114,1010.2,77.0,False,,low,4.2,NORMAL,27.5,1009.2,76.0,HEALTHY,replay,7.0,0.0
2025-03-04T09:00:00+00:00,AWS-CHN-024,37.76015796039764,1010.8,63.0,False,,low,20.0,NORMAL,30.0,1009.7,62.0,HEALTHY,replay,33.4,0.0
2025-03-04T10:00:00+00:00,AWS-CHN-024,40.09834456525818,1010.7,51.0,False,,low,30.9,NORMAL,32.6,1009.5,47.0,HEALTHY,replay,51.5,0.0
2025-03-04T11:00:00+00:00,AWS-CHN-024,41.53653117011872,1010.2,48.0,False,,low,15.4,NORMAL,34.7,1009.0,38.0,HEALTHY,replay,25.6,0.0
2025-03-04T12:00:00+00:00,AWS-CHN-024,41.374717774979246,1009.6,52.0,False,,low,6.7,NORMAL,35.4,1008.2,37.0,HEALTHY,replay,11.2,0.0
2025-03-04T13:00:00+00:00,AWS-CHN-024,41.51290437983979,1008.6,48.0,False,,low,6.3,NORMAL,35.3,1007.1,37.0,HEALTHY,replay,10.5,0.0
2025-03-04T14:00:00+00:00,AWS-CHN-024,41.65109098470032,1007.8,47.0,False,,low,4.4,NORMAL,35.1,1006.5,33.0,HEALTHY,replay,7.4,0.0
2025-03-04T15:00:00+00:00,AWS-CHN-024,31.7,1007.1,54.0,False,multivariate_inconsistency,low,33.8,NORMAL,34.2,1005.8,36.0,HEALTHY,replay,26.3,45.0
2025-03-04T16:00:00+00:00,AWS-CHN-024,30.8,1007.0,57.0,False,,low,5.2,NORMAL,32.7,1005.7,43.0,HEALTHY,replay,8.7,0.0
2025-03-04T17:00:00+00:00,AWS-CHN-024,29.7,1007.3,58.0,False,,low,1.3,NORMAL,31.1,1006.1,47.0,HEALTHY,replay,2.2,0.0
2025-03-04T18:00:00+00:00,AWS-CHN-024,28.2,1008.4,78.0,False,,low,18.7,NORMAL,29.1,1007.3,68.0,HEALTHY,replay,31.2,0.0
2025-03-04T19:00:00+00:00,AWS-CHN-024,27.7,1009.1,80.0,False,,low,3.5,NORMAL,27.9,1007.9,79.0,HEALTHY,replay,5.8,0.0
2025-03-04T20:00:00+00:00,AWS-CHN-024,27.5,1009.7,80.0,False,,low,1.1,NORMAL,26.6,1008.6,82.0,HEALTHY,replay,1.9,0.0
2025-03-04T21:00:00+00:00,AWS-CHN-024,27.2,1010.4,82.0,False,,low,0.8,NORMAL,25.6,1009.3,88.0,HEALTHY,replay,1.3,0.0
2025-03-04T22:00:00+00:00,AWS-CHN-024,26.8,1010.5,85.0,False,,low,0.9,NORMAL,24.7,1009.5,94.0,HEALTHY,replay,1.4,0.0
2025-03-04T23:00:00+00:00,AWS-CHN-024,26.3,1010.2,87.0,False,,low,0.6,NORMAL,24.2,1009.2,96.0,HEALTHY,replay,1.0,0.0
2025-03-05T00:00:00+00:00,AWS-CHN-024,26.0,1009.6,89.0,False,,low,0.5,NORMAL,23.6,1008.6,98.0,HEALTHY,replay,0.8,0.0
2025-03-05T01:00:00+00:00,AWS-CHN-024,25.6,1009.0,91.0,False,,low,0.5,NORMAL,23.6,1008.0,99.0,HEALTHY,replay,0.8,0.0
2025-03-05T02:00:00+00:00,AWS-CHN-024,24.9,1008.2,95.0,False,,low,1.0,NORMAL,23.4,1007.2,99.0,HEALTHY,replay,1.6,0.0
2025-03-05T03:00:00+00:00,AWS-CHN-024,24.4,1007.5,96.0,False,,low,1.4,NORMAL,23.3,1006.4,99.0,HEALTHY,replay,2.4,0.0
2025-03-05T04:00:00+00:00,AWS-CHN-024,24.1,1007.6,97.0,False,,low,1.3,NORMAL,23.4,1006.5,100.0,HEALTHY,replay,2.2,0.0
2025-03-05T05:00:00+00:00,AWS-CHN-024,23.9,1008.0,98.0,False,,low,1.2,NORMAL,23.5,1006.9,99.0,HEALTHY,replay,2.0,0.0
2025-03-05T06:00:00+00:00,AWS-CHN-024,24.9,1008.7,95.0,False,,low,1.3,NORMAL,24.9,1007.6,93.0,HEALTHY,replay,2.1,0.0
2025-03-05T07:00:00+00:00,AWS-CHN-024,25.8,1009.5,87.0,False,,low,1.5,NORMAL,25.7,1008.5,87.0,HEALTHY,replay,2.5,0.0
2025-03-05T08:00:00+00:00,AWS-CHN-024,27.3,1010.0,76.0,False,,low,1.0,NORMAL,27.3,1008.9,76.0,HEALTHY,replay,1.6,0.0
2025-03-05T09:00:00+00:00,AWS-CHN-024,29.5,1010.6,64.0,False,,low,1.7,NORMAL,29.6,1009.5,64.0,HEALTHY,replay,2.8,0.0
2025-03-05T10:00:00+00:00,AWS-CHN-024,31.9,1010.2,51.0,False,,low,9.3,NORMAL,32.1,1009.1,50.0,HEALTHY,replay,15.4,0.0
2025-03-05T11:00:00+00:00,AWS-CHN-024,33.9,1009.4,41.0,False,,low,17.5,NORMAL,34.5,1008.1,38.0,HEALTHY,replay,29.2,0.0
2025-03-05T12:00:00+00:00,AWS-CHN-024,34.5,1008.6,43.0,False,,low,20.0,NORMAL,36.1,1007.3,28.0,HEALTHY,replay,33.4,0.0
2025-03-05T13:00:00+00:00,AWS-CHN-024,33.9,1007.6,48.0,False,,low,7.8,NORMAL,37.2,1006.2,27.0,HEALTHY,replay,12.9,0.0
2025-03-05T14:00:00+00:00,AWS-CHN-024,33.8,1007.0,41.0,False,,low,5.6,NORMAL,36.6,1005.6,28.0,HEALTHY,replay,9.4,0.0
2025-03-05T15:00:00+00:00,AWS-CHN-024,32.8,1006.7,45.0,False,,low,0.7,NORMAL,35.6,1005.3,30.0,HEALTHY,replay,1.1,0.0
2025-03-05T16:00:00+00:00,AWS-CHN-024,31.5,1006.7,52.0,False,,low,0.7,NORMAL,33.9,1005.4,37.0,HEALTHY,replay,1.1,0.0
2025-03-05T17:00:00+00:00,AWS-CHN-024,29.8,1007.1,68.0,False,,low,2.3,NORMAL,31.1,1005.9,56.0,HEALTHY,replay,3.8,0.0
2025-03-05T18:00:00+00:00,AWS-CHN-024,28.5,1007.8,76.0,False,,low,1.4,NORMAL,29.2,1006.6,67.0,HEALTHY,replay,2.3,0.0
2025-03-05T19:00:00+00:00,AWS-CHN-024,27.9,1008.6,81.0,False,,low,0.9,NORMAL,27.7,1007.5,77.0,HEALTHY,replay,1.5,0.0
2025-03-05T20:00:00+00:00,AWS-CHN-024,27.6,1009.4,82.0,False,,low,0.6,NORMAL,26.3,1008.3,85.0,HEALTHY,replay,1.0,0.0
2025-03-05T21:00:00+00:00,AWS-CHN-024,27.2,1010.1,85.0,False,,low,0.5,NORMAL,25.7,1009.0,91.0,HEALTHY,replay,0.9,0.0
2025-03-05T22:00:00+00:00,AWS-CHN-024,27.0,1010.3,85.0,False,,low,0.3,NORMAL,25.1,1009.3,95.0,HEALTHY,replay,0.6,0.0
2025-03-05T23:00:00+00:00,AWS-CHN-024,26.6,1009.9,87.0,False,,low,0.2,NORMAL,24.6,1008.9,96.0,HEALTHY,replay,0.3,0.0
2025-03-06T00:00:00+00:00,AWS-CHN-024,26.2,1009.3,90.0,False,,low,0.2,NORMAL,24.4,1008.4,97.0,HEALTHY,replay,0.3,0.0
2025-03-06T01:00:00+00:00,AWS-CHN-024,32.754206755324155,1009.369498695676,100.0,False,,low,40.7,NORMAL,23.9,1008.2,98.0,HEALTHY,replay,67.9,0.0
2025-03-06T02:00:00+00:00,AWS-CHN-024,31.954206755324154,1008.563838904294,100.0,False,,low,7.0,NORMAL,23.6,1007.6,99.0,HEALTHY,replay,11.6,0.0
2025-03-06T03:00:00+00:00,AWS-CHN-024,31.55420675532416,1008.3185725052166,100.0,False,,low,3.1,NORMAL,23.5,1007.5,100.0,HEALTHY,replay,5.2,0.0
2025-03-06T04:00:00+00:00,AWS-CHN-024,31.254206755324155,1008.9246260983998,100.0,False,,low,2.0,NORMAL,23.3,1007.4,99.0,HEALTHY,replay,3.4,0.0
2025-03-06T05:00:00+00:00,AWS-CHN-024,30.85420675532416,1009.3309285211562,100.0,False,,low,2.4,NORMAL,23.3,1007.9,99.0,HEALTHY,replay,4.1,0.0
2025-03-06T06:00:00+00:00,AWS-CHN-024,24.7,1010.4,97.0,False,,low,1.7,NORMAL,24.6,1009.2,96.0,HEALTHY,replay,2.8,0.0
2025-03-06T07:00:00+00:00,AWS-CHN-024,25.6,1011.2,88.0,False,,low,2.0,NORMAL,25.4,1010.1,89.0,HEALTHY,replay,3.3,0.0
2025-03-06T08:00:00+00:00,AWS-CHN-024,27.3,1011.7,77.0,False,,low,0.4,NORMAL,27.4,1010.6,77.0,HEALTHY,replay,0.7,0.0
2025-03-06T09:00:00+00:00,AWS-CHN-024,30.1,1012.3,62.0,False,,low,3.8,NORMAL,30.4,1011.2,61.0,HEALTHY,replay,6.4,0.0
2025-03-06T10:00:00+00:00,AWS-CHN-024,32.9,1011.9,46.0,False,,low,14.9,NORMAL,33.4,1010.7,43.0,HEALTHY,replay,24.8,0.0
2025-03-06T11:00:00+00:00,AWS-CHN-024,15.23949316686125,1011.0,36.0,True,unstructured_anomaly,high,88.6,ML_MODEL_ISOLATION,35.8,1009.7,30.0,HEALTHY,replay,88.6,0.0
2025-03-06T12:00:00+00:00,AWS-CHN-024,35.2,1009.9,36.0,False,,low,8.0,NORMAL,37.0,1008.5,26.0,HEALTHY,replay,13.3,0.0
2025-03-06T13:00:00+00:00,AWS-CHN-024,34.9,1009.2,39.0,False,,low,2.1,NORMAL,37.5,1007.7,24.0,HEALTHY,replay,3.5,0.0
2025-03-06T14:00:00+00:00,AWS-CHN-024,34.9,1008.2,32.0,False,,low,11.2,NORMAL,37.2,1006.8,20.0,HEALTHY,replay,18.7,0.0
2025-03-06T15:00:00+00:00,AWS-CHN-024,34.1,1007.6,29.0,False,,low,4.8,NORMAL,36.3,1006.2,19.0,HEALTHY,replay,7.9,0.0
2025-03-06T16:00:00+00:00,AWS-CHN-024,32.9,1007.4,32.0,False,,low,0.8,NORMAL,34.5,1006.1,21.0,HEALTHY,replay,1.4,0.0
2025-03-06T17:00:00+00:00,AWS-CHN-024,30.8,1007.4,47.0,False,,low,1.5,NORMAL,32.3,1006.2,32.0,HEALTHY,replay,2.5,0.0
2025-03-06T18:00:00+00:00,AWS-CHN-024,29.2,1007.8,56.0,False,,low,1.6,NORMAL,30.0,1006.7,44.0,HEALTHY,replay,2.6,0.0
2025-03-06T19:00:00+00:00,AWS-CHN-024,28.6,1008.5,62.0,False,,low,1.1,NORMAL,28.4,1007.4,50.0,HEALTHY,replay,1.8,0.0
2025-03-06T20:00:00+00:00,AWS-CHN-024,28.5,1008.9,58.0,False,,low,0.6,NORMAL,27.0,1007.8,52.0,HEALTHY,replay,1.0,0.0
2025-03-06T21:00:00+00:00,AWS-CHN-024,27.9,1009.2,63.0,False,,low,0.4,NORMAL,25.7,1008.2,63.0,HEALTHY,replay,0.6,0.0
2025-03-06T22:00:00+00:00,AWS-CHN-024,27.3,1009.1,71.0,False,,low,0.8,NORMAL,24.6,1008.2,78.0,HEALTHY,replay,1.3,0.0
2025-03-06T23:00:00+00:00,AWS-CHN-024,26.4,1008.9,82.0,False,,low,1.2,NORMAL,23.9,1007.9,89.0,HEALTHY,replay,2.1,0.0
2025-03-07T00:00:00+00:00,AWS-CHN-024,25.6,1008.7,87.0,False,,low,0.7,NORMAL,23.4,1007.6,93.0,HEALTHY,replay,1.1,0.0
2025-03-07T01:00:00+00:00,AWS-CHN-024,24.9,1008.4,90.0,False,,low,0.4,NORMAL,23.0,1007.3,95.0,HEALTHY,replay,0.6,0.0
2025-03-07T02:00:00+00:00,AWS-CHN-024,24.3,1008.2,90.0,False,,low,0.7,NORMAL,22.4,1007.1,96.0,HEALTHY,replay,1.1,0.0
2025-03-07T03:00:00+00:00,AWS-CHN-024,23.6,1008.2,90.0,False,,low,0.7,NORMAL,21.8,1007.0,97.0,HEALTHY,replay,1.1,0.0
2025-03-07T04:00:00+00:00,AWS-CHN-024,23.1,1008.1,90.0,False,,low,0.9,NORMAL,21.3,1007.0,96.0,HEALTHY,replay,1.6,0.0
2025-03-07T05:00:00+00:00,AWS-CHN-024,22.8,1008.3,89.0,False,,low,1.0,NORMAL,21.2,1007.2,96.0,HEALTHY,replay,1.7,0.0
2025-03-07T06:00:00+00:00,AWS-CHN-024,23.2,1008.6,75.0,False,,low,10.2,NORMAL,21.4,1007.4,85.0,HEALTHY,replay,17.0,0.0
2025-03-07T07:00:00+00:00,AWS-CHN-024,24.6,1009.5,67.0,False,,low,1.9,NORMAL,23.4,1008.4,73.0,HEALTHY,replay,3.1,0.0
2025-03-07T08:00:00+00:00,AWS-CHN-024,27.2,1010.5,64.0,False,,low,2.2,NORMAL,27.0,1009.4,64.0,HEALTHY,replay,3.6,0.0
2025-03-07T09:00:00+00:00,AWS-CHN-024,29.5,1011.1,53.0,False,,low,7.4,NORMAL,29.6,1010.1,52.0,HEALTHY,replay,12.4,0.0
2025-03-07T10:00:00+00:00,AWS-CHN-024,31.7,1010.7,41.0,False,,low,8.0,NORMAL,32.2,1009.5,37.0,HEALTHY,replay,13.3,0.0
2025-03-07T11:00:00+00:00,AWS-CHN-024,33.1,1009.9,35.0,False,,low,4.9,NORMAL,34.1,1008.7,28.0,HEALTHY,replay,8.1,0.0
2025-03-07T12:00:00+00:00,AWS-CHN-024,33.1,1009.0,37.0,False,,low,1.3,NORMAL,35.3,1007.7,25.0,HEALTHY,replay,2.2,0.0
2025-03-07T13:00:00+00:00,AWS-CHN-024,32.6,1008.2,39.0,False,,low,0.7,NORMAL,35.2,1006.8,27.0,HEALTHY,replay,1.2,0.0
2025-03-07T14:00:00+00:00,AWS-CHN-024,31.9,1007.5,41.0,False,,low,0.9,NORMAL,34.3,1006.1,31.0,HEALTHY,replay,1.6,0.0
2025-03-07T15:00:00+00:00,AWS-CHN-024,30.8,1007.1,48.0,False,,low,2.4,NORMAL,32.8,1005.7,36.0,HEALTHY,replay,4.1,0.0
2025-03-07T16:00:00+00:00,AWS-CHN-024,29.7,1007.0,56.0,False,,low,3.5,NORMAL,31.2,1005.7,43.0,HEALTHY,replay,5.9,0.0
2025-03-07T17:00:00+00:00,AWS-CHN-024,28.3,1007.2,66.0,False,,low,3.4,NORMAL,29.2,1006.0,56.0,HEALTHY,replay,5.6,0.0
2025-03-07T18:00:00+00:00,AWS-CHN-024,27.2,1007.1,76.0,False,,low,6.4,NORMAL,27.5,1005.9,70.0,HEALTHY,replay,10.7,0.0
2025-03-07T19:00:00+00:00,AWS-CHN-024,26.9,1008.1,79.0,False,,low,2.8,NORMAL,26.7,1007.0,79.0,HEALTHY,replay,4.7,0.0
2025-03-07T20:00:00+00:00,AWS-CHN-024,26.8,1008.9,77.0,False,,low,0.8,NORMAL,25.7,1007.8,80.0,HEALTHY,replay,1.4,0.0
2025-03-07T21:00:00+00:00,AWS-CHN-024,26.7,1009.5,75.0,False,,low,0.3,NORMAL,25.3,1008.4,84.0,HEALTHY,replay,0.5,0.0
2025-03-07T22:00:00+00:00,AWS-CHN-024,26.3,1009.4,79.0,False,,low,0.3,NORMAL,24.8,1008.3,86.0,HEALTHY,replay,0.6,0.0
2025-03-07T23:00:00+00:00,AWS-CHN-024,26.1,1009.3,82.0,False,,low,0.2,NORMAL,23.8,1008.2,92.0,HEALTHY,replay,0.4,0.0
2025-03-08T00:00:00+00:00,AWS-CHN-024,25.8,1008.7,84.0,False,,low,0.2,NORMAL,23.3,1007.7,94.0,HEALTHY,replay,0.3,0.0
2025-03-08T01:00:00+00:00,AWS-CHN-024,25.0,1008.3,88.0,False,,low,0.2,NORMAL,22.9,1007.3,96.0,HEALTHY,replay,0.3,0.0
2025-03-08T02:00:00+00:00,AWS-CHN-024,24.5,1007.7,91.0,False,,low,0.2,NORMAL,22.7,1006.6,97.0,HEALTHY,replay,0.3,0.0
2025-03-08T03:00:00+00:00,AWS-CHN-024,24.1,1007.4,93.0,False,,low,0.3,NORMAL,22.6,1006.3,97.0,HEALTHY,replay,0.4,0.0
2025-03-08T04:00:00+00:00,AWS-CHN-024,16.659116406730504,1015.8744907896728,95.0,True,unstructured_anomaly,critical,95.6,ML_MODEL_ISOLATION,22.6,1006.3,98.0,HEALTHY,replay,95.6,0.0
2025-03-08T05:00:00+00:00,AWS-CHN-024,15.970769418415337,1015.4348493767131,78.93444996723233,True,multivariate_inconsistency,high,77.1,MODEL_OVERRIDE,23.2,1006.6,96.0,HEALTHY,replay,98.4,45.0
2025-03-08T06:00:00+00:00,AWS-CHN-024,29.76240505266874,1001.4197227880574,79.67481315640975,False,,low,50.2,NORMAL,23.0,1007.0,98.0,HEALTHY,replay,83.6,0.0
2025-03-08T07:00:00+00:00,AWS-CHN-024,31.71019734190848,1002.49163045427,95.0,True,multivariate_inconsistency,high,72.6,MODEL_OVERRIDE,24.7,1008.2,89.0,HEALTHY,replay,91.0,45.0
2025-03-08T08:00:00+00:00,AWS-CHN-024,21.28505148327776,1017.716635099006,55.37312985448082,True,multivariate_inconsistency,high,76.4,MODEL_OVERRIDE,26.5,1008.9,76.0,HEALTHY,replay,97.4,45.0
2025-03-08T09:00:00+00:00,AWS-CHN-024,36.06736606468417,1003.4466331367712,76.10037646646653,True,multivariate_inconsistency,high,73.4,MODEL_OVERRIDE,28.7,1009.4,62.0,OFFLINE,replay,92.3,45.0
2025-03-08T10:00:00+00:00,AWS-CHN-024,25.054488793697136,1016.6898129650052,35.2097480936785,True,multivariate_inconsistency,high,76.8,MODEL_OVERRIDE,31.2,1008.9,49.0,OFFLINE,replay,98.0,45.0
2025-03-08T11:00:00+00:00,AWS-CHN-024,39.559377194571006,1000.974923308622,24.94424518055296,True,multivariate_inconsistency,high,77.8,MODEL_OVERRIDE,33.5,1007.7,37.0,OFFLINE,replay,99.6,45.0
2025-03-08T12:00:00+00:00,AWS-CHN-024,32.9,1007.8,44.0,True,multivariate_inconsistency,high,72.6,MODEL_OVERRIDE,35.0,1006.4,31.0,OFFLINE,replay,91.1,45.0
2025-03-08T13:00:00+00:00,AWS-CHN-024,32.3,1006.8,43.0,True,multivariate_inconsistency,high,71.7,MODEL_OVERRIDE,34.8,1005.3,36.0,OFFLINE,replay,89.5,45.0
2025-03-08T14:00:00+00:00,AWS-CHN-024,32.0,1005.8,42.0,True,multivariate_inconsistency,high,74.5,MODEL_OVERRIDE,33.9,1004.4,38.0,OFFLINE,replay,94.2,45.0
2025-03-08T15:00:00+00:00,AWS-CHN-024,31.5,1005.0,47.0,True,multivariate_inconsistency,high,76.1,MODEL_OVERRIDE,33.2,1003.6,37.0,OFFLINE,replay,96.8,45.0
2025-03-08T16:00:00+00:00,AWS-CHN-024,30.4,1004.9,52.0,True,multivariate_inconsistency,high,75.9,MODEL_OVERRIDE,32.0,1003.6,40.0,OFFLINE,replay,96.4,45.0
2025-03-08T17:00:00+00:00,AWS-CHN-024,28.9,1005.5,64.0,True,multivariate_inconsistency,high,73.7,MODEL_OVERRIDE,29.9,1004.3,51.0,OFFLINE,replay,92.8,45.0
2025-03-08T18:00:00+00:00,AWS-CHN-024,27.9,1005.9,71.0,True,unstructured_anomaly,high,88.7,ML_MODEL_ISOLATION,28.5,1004.8,59.0,OFFLINE,replay,88.7,0.0
2025-03-08T19:00:00+00:00,AWS-CHN-024,27.4,1006.8,76.0,False,,low,47.0,NORMAL,27.3,1005.7,74.0,OFFLINE,replay,78.3,0.0
2025-03-08T20:00:00+00:00,AWS-CHN-024,27.1,1007.6,75.90294883729929,False,,low,43.2,NORMAL,26.3,1006.5,78.0,HEALTHY,replay,72.0,0.0
2025-03-08T21:00:00+00:00,AWS-CHN-024,26.8,1008.5,75.91067360830012,False,,low,8.1,NORMAL,25.3,1007.4,81.0,OFFLINE,replay,13.4,0.0
2025-03-08T22:00:00+00:00,AWS-CHN-024,26.4,1008.7,75.95931278860327,False,,low,5.8,NORMAL,24.4,1007.6,86.0,OFFLINE,replay,9.6,0.0
2025-03-08T23:00:00+00:00,AWS-CHN-024,26.2,1008.6,75.97999676803268,False,,low,7.5,NORMAL,24.0,1007.6,92.0,OFFLINE,replay,12.4,0.0
2025-03-09T00:00:00+00:00,AWS-CHN-024,25.9,1008.2,76.01926036321929,False,,low,6.6,NORMAL,23.4,1007.1,94.0,HEALTHY,replay,11.0,0.0
2025-03-09T01:00:00+00:00,AWS-CHN-024,25.6,1007.5,75.98424447930091,False,,low,4.2,NORMAL,23.1,1006.5,94.0,WARNING,replay,7.0,0.0
2025-03-09T02:00:00+00:00,AWS-CHN-024,24.9,1006.9,75.92761343317618,False,,low,2.3,NORMAL,22.9,1005.9,95.0,WARNING,replay,3.8,0.0
2025-03-09T03:00:00+00:00,AWS-CHN-024,24.1,1006.7,92.0,False,,low,39.1,NORMAL,22.1,1005.6,97.0,WARNING,replay,65.1,0.0
2025-03-09T04:00:00+00:00,AWS-CHN-024,23.8,1006.8,94.0,False,,low,10.7,NORMAL,21.9,1005.7,100.0,WARNING,replay,17.8,0.0
2025-03-09T05:00:00+00:00,AWS-CHN-024,23.4,1007.3,96.0,False,,low,5.1,NORMAL,21.5,1006.2,100.0,WARNING,replay,8.5,0.0
2025-03-09T06:00:00+00:00,AWS-CHN-024,23.8,1008.2,98.0,False,,low,3.5,NORMAL,23.6,1007.1,99.0,WARNING,replay,5.9,0.0
2025-03-09T07:00:00+00:00,AWS-CHN-024,24.8,1009.4,93.0,False,,low,4.8,NORMAL,24.2,1008.3,94.0,WARNING,replay,7.9,0.0
2025-03-09T08:00:00+00:00,AWS-CHN-024,26.8,1010.2,81.0,False,,low,9.1,NORMAL,26.4,1009.1,82.0,WARNING,replay,15.2,0.0
2025-03-09T09:00:00+00:00,AWS-CHN-024,29.0,1011.0,66.0,False,,low,13.1,NORMAL,29.2,1009.9,64.0,WARNING,replay,21.9,0.0
2025-03-09T10:00:00+00:00,AWS-CHN-024,30.2,1010.9,60.0,False,,low,2.4,NORMAL,31.1,1009.7,54.0,WARNING,replay,4.0,0.0
2025-03-09T11:00:00+00:00,AWS-CHN-024,30.8,1010.3,57.0,False,,low,1.6,NORMAL,32.1,1009.0,50.0,WARNING,replay,2.6,0.0
2025-03-09T12:00:00+00:00,AWS-CHN-024,31.2,1009.3,54.0,False,,low,6.4,NORMAL,32.8,1007.9,45.0,WARNING,replay,10.6,0.0
2025-03-09T13:00:00+00:00,AWS-CHN-024,31.0,1008.4,53.0,False,,low,2.8,NORMAL,32.6,1007.0,45.0,WARNING,replay,4.7,0.0
2025-03-09T14:00:00+00:00,AWS-CHN-024,30.6,1007.7,55.0,False,,low,2.2,NORMAL,32.0,1006.4,48.0,HEALTHY,replay,3.7,0.0
2025-03-09T15:00:00+00:00,AWS-CHN-024,30.0,1007.4,57.0,False,,low,1.3,NORMAL,31.1,1006.1,51.0,HEALTHY,replay,2.2,0.0
2025-03-09T16:00:00+00:00,AWS-CHN-024,29.3,1007.8,60.0,False,,low,1.1,NORMAL,30.0,1006.5,54.0,HEALTHY,replay,1.8,0.0
2025-03-09T17:00:00+00:00,AWS-CHN-024,28.5,1008.1,63.0,False,,low,0.6,NORMAL,28.8,1006.9,60.0,HEALTHY,replay,0.9,0.0
2025-03-09T18:00:00+00:00,AWS-CHN-024,28.2,1008.4,64.0,False,,low,0.5,NORMAL,27.8,1007.3,67.0,HEALTHY,replay,0.8,0.0
2025-03-09T19:00:00+00:00,AWS-CHN-024,28.2,1009.8,63.0,False,,low,2.8,NORMAL,27.6,1008.7,69.0,HEALTHY,replay,4.6,0.0
2025-03-09T20:00:00+00:00,AWS-CHN-024,28.1,1010.7,64.0,False,,low,6.1,NORMAL,27.2,1009.6,70.0,HEALTHY,replay,10.1,0.0
2025-03-09T21:00:00+00:00,AWS-CHN-024,28.0,1011.6,65.0,False,,low,6.2,NORMAL,26.8,1010.6,70.0,HEALTHY,replay,10.3,0.0
2025-03-09T22:00:00+00:00,AWS-CHN-024,27.9,1011.8,67.0,False,,low,2.4,NORMAL,26.0,1010.7,74.0,HEALTHY,replay,4.1,0.0
2025-03-09T23:00:00+00:00,AWS-CHN-024,27.5,1011.7,69.0,False,,low,0.9,NORMAL,25.9,1010.7,74.0,HEALTHY,replay,1.5,0.0
2025-03-10T00:00:00+00:00,AWS-CHN-024,27.0,1011.1,71.0,False,,low,0.4,NORMAL,26.0,1010.0,74.0,HEALTHY,replay,0.6,0.0
2025-03-10T01:00:00+00:00,AWS-CHN-024,26.6,1010.6,72.0,False,,low,0.3,NORMAL,25.4,1009.5,76.0,HEALTHY,replay,0.6,0.0
2025-03-10T02:00:00+00:00,AWS-CHN-024,26.4,1009.9,69.0,False,,low,0.4,NORMAL,24.8,1008.8,78.0,HEALTHY,replay,0.7,0.0
2025-03-10T03:00:00+00:00,AWS-CHN-024,26.2,1009.876207707113,67.0,False,,low,0.8,NORMAL,24.4,1008.5,79.0,HEALTHY,replay,1.3,0.0
2025-03-10T04:00:00+00:00,AWS-CHN-024,26.2,1009.87156349727,64.0,False,,low,2.2,NORMAL,23.9,1008.7,84.0,HEALTHY,replay,3.6,0.0
2025-03-10T05:00:00+00:00,AWS-CHN-024,26.1,1009.86305255485,63.0,False,,low,2.2,NORMAL,23.7,1009.1,87.0,HEALTHY,replay,3.6,0.0
2025-03-10T06:00:00+00:00,AWS-CHN-024,25.6,1009.8555199978612,80.0,False,,low,7.1,NORMAL,24.7,1010.3,83.0,HEALTHY,replay,11.9,0.0
2025-03-10T07:00:00+00:00,AWS-CHN-024,26.9,1009.8981106990828,72.0,False,,low,3.2,NORMAL,25.1,1011.5,78.0,HEALTHY,replay,5.4,0.0
2025-03-10T08:00:00+00:00,AWS-CHN-024,28.4,1009.9132306681304,59.0,False,,low,8.6,NORMAL,27.4,1012.1,70.0,HEALTHY,replay,14.3,0.0
2025-03-10T09:00:00+00:00,AWS-CHN-024,29.8,1009.9053406463776,49.0,False,,low,12.0,NORMAL,29.7,1012.6,58.0,HEALTHY,replay,20.0,0.0
2025-03-10T10:00:00+00:00,AWS-CHN-024,30.5,1009.911425932948,45.0,False,,low,3.7,NORMAL,31.2,1012.7,49.0,HEALTHY,replay,6.2,0.0
2025-03-10T11:00:00+00:00,AWS-CHN-024,30.8,1013.5,47.0,False,,low,11.5,NORMAL,31.9,1012.1,42.0,HEALTHY,replay,19.1,0.0
2025-03-10T12:00:00+00:00,AWS-CHN-024,30.9,1012.0,48.0,False,,low,3.4,NORMAL,32.3,1010.6,41.0,HEALTHY,replay,5.7,0.0
2025-03-10T13:00:00+00:00,AWS-CHN-024,31.1,1010.5,46.0,False,,low,2.9,NORMAL,32.5,1009.0,42.0,HEALTHY,replay,4.9,0.0
2025-03-10T14:00:00+00:00,AWS-CHN-024,30.968273390384965,1009.1,46.0,False,,low,4.7,NORMAL,32.4,1007.8,43.0,HEALTHY,replay,7.8,0.0
2025-03-10T15:00:00+00:00,AWS-CHN-024,30.908281353709715,1008.6,50.0,False,,low,1.9,NORMAL,31.9,1007.2,46.0,HEALTHY,replay,3.2,0.0
2025-03-10T16:00:00+00:00,AWS-CHN-024,30.90431749275394,1008.7,57.0,False,,low,1.5,NORMAL,30.5,1007.4,52.0,HEALTHY,replay,2.5,0.0
2025-03-10T17:00:00+00:00,AWS-CHN-024,30.816528724305574,1009.6,60.0,False,,low,1.3,NORMAL,28.9,1008.4,58.0,HEALTHY,replay,2.1,0.0
2025-03-10T18:00:00+00:00,AWS-CHN-024,30.8733333040834,1010.0,64.0,False,,low,1.0,NORMAL,28.1,1008.9,64.0,HEALTHY,replay,1.7,0.0
2025-03-10T19:00:00+00:00,AWS-CHN-024,30.951568542647987,1011.0,63.0,False,,low,0.8,NORMAL,28.0,1009.8,64.0,HEALTHY,replay,1.3,0.0
2025-03-10T20:00:00+00:00,AWS-CHN-024,31.06867040854871,1011.9,66.0,False,,low,1.1,NORMAL,27.5,1010.8,67.0,HEALTHY,replay,1.9,0.0
2025-03-10T21:00:00+00:00,AWS-CHN-024,31.06820264296738,1013.0,65.0,False,,low,4.7,NORMAL,27.1,1011.9,70.0,HEALTHY,replay,7.8,0.0
2025-03-10T22:00:00+00:00,AWS-CHN-024,34.79838399440864,1005.9979551286588,48.08724130578685,True,unstructured_anomaly,critical,92.9,ML_MODEL_ISOLATION,26.8,1011.5,70.0,HEALTHY,replay,92.9,0.0
2025-03-10T23:00:00+00:00,AWS-CHN-024,33.56792806055551,1003.9655187533298,53.91665717668809,False,,low,50.0,NORMAL,26.4,1011.0,73.0,HEALTHY,replay,83.4,0.0
2025-03-11T00:00:00+00:00,AWS-CHN-024,34.17718580597515,1003.0542378381356,86.49433645774344,True,unstructured_anomaly,critical,94.6,ML_MODEL_ISOLATION,26.0,1010.3,74.0,HEALTHY,replay,94.6,0.0
2025-03-11T01:00:00+00:00,AWS-CHN-024,20.970052159627336,1017.8005460099516,85.9659033156119,True,unstructured_anomaly,critical,99.4,ML_MODEL_ISOLATION,25.9,1009.4,75.0,HEALTHY,replay,99.4,0.0
2025-03-11T02:00:00+00:00,AWS-CHN-024,27.2,1009.8,70.0,False,,low,10.1,NORMAL,25.7,1008.7,76.0,HEALTHY,replay,16.9,0.0
2025-03-11T03:00:00+00:00,AWS-CHN-024,27.2,1009.5,70.0,False,,low,1.3,NORMAL,26.0,1008.5,75.0,HEALTHY,replay,2.2,0.0
2025-03-11T04:00:00+00:00,AWS-CHN-024,27.2,1009.2,70.0,False,,low,2.4,NORMAL,26.0,1008.1,75.0,HEALTHY,replay,4.0,0.0
2025-03-11T05:00:00+00:00,AWS-CHN-024,27.2,1009.5,71.0,False,,low,1.4,NORMAL,26.0,1008.4,76.0,HEALTHY,replay,2.4,0.0
2025-03-11T06:00:00+00:00,AWS-CHN-024,27.2,1010.4,77.0,False,,low,1.5,NORMAL,26.5,1009.3,81.0,HEALTHY,replay,2.5,0.0
2025-03-11T07:00:00+00:00,AWS-CHN-024,28.0,1011.4,73.0,False,,low,5.0,NORMAL,27.6,1010.3,76.0,HEALTHY,replay,8.4,0.0
2025-03-11T08:00:00+00:00,AWS-CHN-024,29.0,1012.3,68.0,False,,low,3.3,NORMAL,29.0,1011.2,68.0,HEALTHY,replay,5.5,0.0
2025-03-11T09:00:00+00:00,AWS-CHN-024,30.0,1012.9,63.0,False,,low,13.2,NORMAL,29.9,1011.8,64.0,HEALTHY,replay,22.0,0.0
2025-03-11T10:00:00+00:00,AWS-CHN-024,27.0,1013.9,78.0,False,,low,16.9,NORMAL,28.4,1012.5,73.0,HEALTHY,replay,28.2,0.0
2025-03-11T11:00:00+00:00,AWS-CHN-024,27.7,1012.9,75.0,False,,low,4.6,NORMAL,27.6,1011.8,76.0,HEALTHY,replay,7.7,0.0
2025-03-11T12:00:00+00:00,AWS-CHN-024,29.0,1011.6,71.0,False,,low,2.5,NORMAL,30.3,1010.4,66.0,HEALTHY,replay,4.1,0.0
2025-03-11T13:00:00+00:00,AWS-CHN-024,29.5,1010.9,71.0,False,,low,2.2,NORMAL,30.8,1009.6,65.0,HEALTHY,replay,3.7,0.0
2025-03-11T14:00:00+00:00,AWS-CHN-024,27.4,1010.3,78.0,False,,low,6.0,NORMAL,29.0,1008.8,72.0,HEALTHY,replay,10.0,0.0
2025-03-11T15:00:00+00:00,AWS-CHN-024,26.4,1010.2,79.0,False,,low,8.2,NORMAL,26.8,1008.9,77.0,HEALTHY,replay,13.7,0.0
2025-03-11T16:00:00+00:00,AWS-CHN-024,26.0,1010.4,84.0,False,,low,4.5,NORMAL,26.3,1009.3,81.0,HEALTHY,replay,7.6,0.0
2025-03-11T17:00:00+00:00,AWS-CHN-024,26.2,1010.4,83.0,False,,low,4.4,NORMAL,26.3,1009.3,81.0,HEALTHY,replay,7.3,0.0
2025-03-11T18:00:00+00:00,AWS-CHN-024,25.1,1011.1,93.0,False,,low,9.9,NORMAL,25.4,1009.6,94.0,HEALTHY,replay,16.6,0.0
2025-03-11T19:00:00+00:00,AWS-CHN-024,25.0,1011.7,92.0,False,,low,7.4,NORMAL,24.8,1010.5,94.0,HEALTHY,replay,12.3,0.0
2025-03-11T20:00:00+00:00,AWS-CHN-024,25.0,1012.1,91.0,False,,low,6.6,NORMAL,24.7,1011.0,93.0,HEALTHY,replay,10.9,0.0
2025-03-11T21:00:00+00:00,AWS-CHN-024,25.1,1012.9,92.0,False,,low,7.9,NORMAL,24.6,1011.8,94.0,HEALTHY,replay,13.2,0.0
2025-03-11T22:00:00+00:00,AWS-CHN-024,24.8,1012.9,94.0,False,,low,4.7,NORMAL,24.3,1011.7,95.0,HEALTHY,replay,7.8,0.0
2025-03-11T23:00:00+00:00,AWS-CHN-024,24.5,1011.8,94.0,False,,low,2.9,NORMAL,24.1,1010.8,95.0,HEALTHY,replay,4.8,0.0
2025-03-12T00:00:00+00:00,AWS-CHN-024,24.4,1011.4,96.0,False,,low,2.2,NORMAL,23.9,1010.2,96.0,HEALTHY,replay,3.7,0.0
2025-03-12T01:00:00+00:00,AWS-CHN-024,11.19406450796586,1010.4,95.0,False,,low,38.8,NORMAL,23.8,1009.3,96.0,HEALTHY,replay,64.6,0.0
2025-03-12T02:00:00+00:00,AWS-CHN-024,20.90650740359383,1009.4,97.0,True,multivariate_inconsistency,low,50.5,FUSED_CONSENSUS,23.6,1008.3,97.0,HEALTHY,replay,54.2,45.0
2025-03-12T03:00:00+00:00,AWS-CHN-024,23.269819659204316,1008.8,97.0,False,multivariate_inconsistency,low,42.0,NORMAL,23.3,1007.6,98.0,HEALTHY,replay,39.9,45.0
2025-03-12T04:00:00+00:00,AWS-CHN-024,23.827650038437493,1008.9,97.0,False,,low,2.0,NORMAL,23.1,1007.8,99.0,HEALTHY,replay,3.3,0.0
2025-03-12T05:00:00+00:00,AWS-CHN-024,24.1,1009.4,96.0,False,,low,1.7,NORMAL,23.4,1008.3,98.0,HEALTHY,replay,2.9,0.0
2025-03-12T06:00:00+00:00,AWS-CHN-024,24.9,1010.2,96.0,False,,low,1.0,NORMAL,24.7,1009.1,98.0,HEALTHY,replay,1.6,0.0
2025-03-12T07:00:00+00:00,AWS-CHN-024,15.90607623759762,1010.8,91.0,False,,low,22.4,NORMAL,24.9,1009.7,94.0,HEALTHY,replay,37.3,0.0
2025-03-12T08:00:00+00:00,AWS-CHN-024,27.0,1011.4,87.0,False,multivariate_inconsistency,low,23.1,NORMAL,26.7,1010.4,83.0,HEALTHY,replay,8.6,45.0
2025-03-12T09:00:00+00:00,AWS-CHN-024,28.4,1012.0,78.0,False,,low,2.1,NORMAL,28.6,1010.9,76.0,HEALTHY,replay,3.5,0.0
2025-03-12T10:00:00+00:00,AWS-CHN-024,29.6,1011.5,74.0,False,,low,1.5,NORMAL,30.4,1010.3,70.0,HEALTHY,replay,2.5,0.0
2025-03-12T11:00:00+00:00,AWS-CHN-024,29.7,1010.8,74.0,False,,low,1.2,NORMAL,30.9,1009.6,67.0,HEALTHY,replay,2.1,0.0
2025-03-12T12:00:00+00:00,AWS-CHN-024,30.0,1009.7,73.0,False,,low,2.2,NORMAL,31.3,1008.4,64.0,HEALTHY,replay,3.7,0.0
2025-03-12T13:00:00+00:00,AWS-CHN-024,30.1,1008.8,72.0,False,,low,3.6,NORMAL,31.7,1007.5,63.0,HEALTHY,replay,6.0,0.0
2025-03-12T14:00:00+00:00,AWS-CHN-024,29.9,1008.0,72.0,False,,low,2.1,NORMAL,31.3,1006.7,63.0,HEALTHY,replay,3.5,0.0
2025-03-12T15:00:00+00:00,AWS-CHN-024,29.5,1007.2,73.0,False,,low,4.2,NORMAL,30.8,1006.0,63.0,HEALTHY,replay,7.0,0.0
2025-03-12T16:00:00+00:00,AWS-CHN-024,28.9,1007.2,74.0,False,,low,2.6,NORMAL,29.8,1005.9,68.0,HEALTHY,replay,4.3,0.0
2025-03-12T17:00:00+00:00,AWS-CHN-024,28.1,1007.6,78.0,False,,low,1.4,NORMAL,28.7,1006.4,74.0,HEALTHY,replay,2.3,0.0
2025-03-12T18:00:00+00:00,AWS-CHN-024,27.4,1009.1,84.0,False,,low,1.1,NORMAL,27.6,1007.9,84.0,HEALTHY,replay,1.9,0.0
2025-03-12T19:00:00+00:00,AWS-CHN-024,26.7,1010.0,85.0,False,,low,1.0,NORMAL,25.7,1008.9,86.0,HEALTHY,replay,1.6,0.0
2025-03-12T20:00:00+00:00,AWS-CHN-024,26.5,1010.4,86.0,False,,low,0.4,NORMAL,25.3,1009.3,87.0,HEALTHY,replay,0.7,0.0
2025-03-12T21:00:00+00:00,AWS-CHN-024,26.3,1010.9,88.0,False,,low,0.6,NORMAL,25.2,1009.9,90.0,HEALTHY,replay,1.0,0.0
2025-03-12T22:00:00+00:00,AWS-CHN-024,25.8,1010.8,91.0,False,,low,0.5,NORMAL,24.9,1009.8,92.0,HEALTHY,replay,0.8,0.0
2025-03-12T23:00:00+00:00,AWS-CHN-024,25.5,1010.4,93.0,False,,low,0.4,NORMAL,24.6,1009.3,94.0,HEALTHY,replay,0.7,0.0
2025-03-13T00:00:00+00:00,AWS-CHN-024,25.2,1009.5,95.0,False,,low,0.9,NORMAL,24.2,1008.5,96.0,HEALTHY,replay,1.4,0.0
2025-03-13T01:00:00+00:00,AWS-CHN-024,24.8,1008.7,96.0,False,,low,0.7,NORMAL,23.8,1007.7,99.0,HEALTHY,replay,1.2,0.0
2025-03-13T02:00:00+00:00,AWS-CHN-024,24.5,1008.3,98.0,False,,low,1.7,NORMAL,23.6,1007.1,99.0,HEALTHY,replay,2.8,0.0
2025-03-13T03:00:00+00:00,AWS-CHN-024,24.3,1008.1,98.0,False,,low,0.3,NORMAL,23.3,1007.0,99.0,HEALTHY,replay,0.5,0.0
2025-03-13T04:00:00+00:00,AWS-CHN-024,24.0,1008.1,98.0,False,,low,0.6,NORMAL,23.1,1007.0,99.0,HEALTHY,replay,0.9,0.0
2025-03-13T05:00:00+00:00,AWS-CHN-024,24.0,1008.6,96.0,False,,low,0.5,NORMAL,22.9,1007.4,100.0,HEALTHY,replay,0.9,0.0
2025-03-13T06:00:00+00:00,AWS-CHN-024,24.9,1009.6,97.0,False,,low,0.4,NORMAL,24.4,1008.5,99.0,HEALTHY,replay,0.6,0.0
2025-03-13T07:00:00+00:00,AWS-CHN-024,25.8,1010.4,92.0,False,,low,1.6,NORMAL,25.7,1009.3,92.0,HEALTHY,replay,2.6,0.0
2025-03-13T08:00:00+00:00,AWS-CHN-024,27.8,1010.9,81.0,False,,low,1.2,NORMAL,28.0,1009.9,80.0,HEALTHY,replay,2.0,0.0
2025-03-13T09:00:00+00:00,AWS-CHN-024,30.1,1011.1,68.0,False,,low,5.0,NORMAL,30.3,1010.0,67.0,HEALTHY,replay,8.4,0.0
2025-03-13T10:00:00+00:00,AWS-CHN-024,31.9,1010.8,58.0,False,,low,16.3,NORMAL,32.3,1009.6,56.0,HEALTHY,replay,27.2,0.0
2025-03-13T11:00:00+00:00,AWS-CHN-024,33.1,1010.0,54.0,False,,low,16.3,NORMAL,33.8,1008.8,48.0,HEALTHY,replay,27.2,0.0
2025-03-13T12:00:00+00:00,AWS-CHN-024,33.3,1008.7,55.0,False,,low,16.1,NORMAL,35.3,1007.3,43.0,HEALTHY,replay,26.8,0.0
2025-03-13T13:00:00+00:00,AWS-CHN-024,19.164788660200976,1007.7,55.0,True,multivariate_inconsistency,high,70.1,FUSED_CONSENSUS,35.8,1006.2,42.0,HEALTHY,replay,85.1,47.5
2025-03-13T14:00:00+00:00,AWS-CHN-024,28.132661240621676,1006.8,56.0,False,,low,37.5,NORMAL,34.6,1005.4,47.0,HEALTHY,replay,62.5,0.0
2025-03-13T15:00:00+00:00,AWS-CHN-024,30.253753214648604,1006.3,62.0,False,,low,7.9,NORMAL,33.2,1005.0,52.0,HEALTHY,replay,13.1,0.0
2025-03-13T16:00:00+00:00,AWS-CHN-024,30.127308663951677,1006.3,66.0,False,,low,1.0,NORMAL,31.9,1005.0,59.0,HEALTHY,replay,1.6,0.0
2025-03-13T17:00:00+00:00,AWS-CHN-024,29.38854628665997,1006.4,70.0,False,,low,0.8,NORMAL,30.2,1005.1,64.0,HEALTHY,replay,1.3,0.0
2025-03-13T18:00:00+00:00,AWS-CHN-024,28.3,1006.9,79.0,False,,low,1.3,NORMAL,28.5,1005.8,77.0,HEALTHY,replay,2.2,0.0
2025-03-13T19:00:00+00:00,AWS-CHN-024,27.9,1007.8,83.0,False,,low,0.8,NORMAL,27.6,1006.7,83.0,HEALTHY,replay,1.3,0.0
2025-03-13T20:00:00+00:00,AWS-CHN-024,27.7,1008.6,84.0,False,,low,0.6,NORMAL,26.4,1007.5,87.0,HEALTHY,replay,1.0,0.0
2025-03-13T21:00:00+00:00,AWS-CHN-024,27.3,1009.3,86.0,False,,low,0.2,NORMAL,25.7,1008.2,93.0,HEALTHY,replay,0.3,0.0
2025-03-13T22:00:00+00:00,AWS-CHN-024,27.0,1009.3,89.0,False,,low,0.3,NORMAL,25.1,1008.3,96.0,HEALTHY,replay,0.4,0.0
2025-03-13T23:00:00+00:00,AWS-CHN-024,26.6,1009.3,91.0,False,,low,0.2,NORMAL,24.6,1008.3,97.0,HEALTHY,replay,0.4,0.0
2025-03-14T00:00:00+00:00,AWS-CHN-024,26.1,1008.8,94.0,False,,low,0.2,NORMAL,24.0,1007.8,99.0,HEALTHY,replay,0.3,0.0
2025-03-14T01:00:00+00:00,AWS-CHN-024,25.7,1008.3,95.0,False,,low,0.2,NORMAL,23.9,1007.4,99.0,HEALTHY,replay,0.3,0.0
2025-03-14T02:00:00+00:00,AWS-CHN-024,25.1,-0.0181328194022489,97.0,True,spike,medium,65.5,RULE_ENGINE_BYPASS,23.8,1006.9,100.0,HEALTHY,replay,42.4,100.0
2025-03-14T03:00:00+00:00,AWS-CHN-024,24.8,-0.0697631792353674,98.0,True,spike,medium,67.5,RULE_ENGINE_BYPASS,24.4,1006.5,99.0,HEALTHY,replay,45.9,100.0
2025-03-14T04:00:00+00:00,AWS-CHN-024,24.8,-0.0014481814201392,98.0,True,spike,medium,70.0,RULE_ENGINE_BYPASS,24.6,1006.8,99.0,HEALTHY,replay,50.0,100.0
2025-03-14T05:00:00+00:00,AWS-CHN-024,24.7,-0.0363359024370576,97.0,True,spike,high,71.4,RULE_ENGINE_BYPASS,24.7,1007.5,96.0,OFFLINE,replay,52.3,100.0
2025-03-14T06:00:00+00:00,AWS-CHN-024,26.1,1009.3,95.0,False,,low,0.5,NORMAL,26.1,1008.3,94.0,OFFLINE,replay,0.8,0.0
2025-03-14T07:00:00+00:00,AWS-CHN-024,27.2,1010.6,84.0,False,,low,4.4,NORMAL,26.7,1009.6,88.0,OFFLINE,replay,7.3,0.0
2025-03-14T08:00:00+00:00,AWS-CHN-024,28.8,1011.4,13.136594222386895,True,multivariate_inconsistency,high,77.9,MODEL_OVERRIDE,28.5,1010.3,74.0,HEALTHY,replay,96.2,50.6
2025-03-14T09:00:00+00:00,AWS-CHN-024,30.8,1011.5,63.0,False,,low,38.0,NORMAL,30.7,1010.4,62.0,OFFLINE,replay,63.3,0.0
2025-03-14T10:00:00+00:00,AWS-CHN-024,32.5,1011.3,55.0,False,,low,45.1,NORMAL,32.5,1010.2,53.0,OFFLINE,replay,75.2,0.0
2025-03-14T11:00:00+00:00,AWS-CHN-024,33.4,1010.4,53.0,False,,low,42.1,NORMAL,34.2,1009.2,45.0,OFFLINE,replay,70.2,0.0
2025-03-14T12:00:00+00:00,AWS-CHN-024,33.3,1009.2,58.0,False,,low,42.3,NORMAL,35.7,1007.9,39.0,HEALTHY,replay,70.4,0.0
2025-03-14T13:00:00+00:00,AWS-CHN-024,33.0,1008.2,55.0,False,,low,17.0,NORMAL,35.8,1006.7,43.0,WARNING,replay,28.4,0.0
2025-03-14T14:00:00+00:00,AWS-CHN-024,32.8,1007.3,50.0,False,,low,21.4,NORMAL,34.5,1005.9,48.0,WARNING,replay,35.6,0.0
2025-03-14T15:00:00+00:00,AWS-CHN-024,32.3,1006.7,51.0,False,,low,9.4,NORMAL,34.1,1005.4,44.0,WARNING,replay,15.7,0.0
2025-03-14T16:00:00+00:00,AWS-CHN-024,31.2,1006.7,56.0,False,,low,7.9,NORMAL,32.8,1005.4,48.0,WARNING,replay,13.2,0.0
2025-03-14T17:00:00+00:00,AWS-CHN-024,29.6,1007.0,69.0,False,,low,12.5,NORMAL,30.8,1005.7,59.0,WARNING,replay,20.9,0.0
2025-03-14T18:00:00+00:00,AWS-CHN-024,28.3,1007.7,78.0,False,,low,4.3,NORMAL,28.6,1006.5,73.0,WARNING,replay,7.1,0.0
2025-03-14T19:00:00+00:00,AWS-CHN-024,27.9,1008.7,81.0,False,,low,0.9,NORMAL,27.4,1007.6,81.0,WARNING,replay,1.6,0.0
2025-03-14T20:00:00+00:00,AWS-CHN-024,27.6,1009.4,81.0,False,,low,1.0,NORMAL,26.3,1008.3,85.0,WARNING,replay,1.6,0.0
2025-03-14T21:00:00+00:00,AWS-CHN-024,27.1,1009.9,84.0,False,,low,2.0,NORMAL,25.2,1008.9,91.0,WARNING,replay,3.4,0.0
2025-03-14T22:00:00+00:00,AWS-CHN-024,26.8,1009.9,85.0,False,,low,2.2,NORMAL,24.3,1008.9,94.0,WARNING,replay,3.6,0.0
2025-03-14T23:00:00+00:00,AWS-CHN-024,26.6,1009.9,86.0,False,,low,2.9,NORMAL,24.1,1008.8,95.0,WARNING,replay,4.9,0.0
2025-03-15T00:00:00+00:00,AWS-CHN-024,26.6,1009.5,86.0,False,,low,1.7,NORMAL,24.4,1008.4,95.0,WARNING,replay,2.9,0.0
2025-03-15T01:00:00+00:00,AWS-CHN-024,26.3,1008.9,87.0,False,,low,1.9,NORMAL,24.0,1007.9,95.0,WARNING,replay,3.2,0.0
2025-03-15T02:00:00+00:00,AWS-CHN-024,25.9,1008.5,88.0,False,,low,1.1,NORMAL,23.4,1007.4,96.0,HEALTHY,replay,1.9,0.0
2025-03-15T03:00:00+00:00,AWS-CHN-024,25.8,1008.4,89.0,False,,low,0.8,NORMAL,23.4,1007.4,97.0,HEALTHY,replay,1.4,0.0
2025-03-15T04:00:00+00:00,AWS-CHN-024,25.5,1008.6,89.0,False,,low,0.5,NORMAL,23.7,1007.6,97.0,HEALTHY,replay,0.8,0.0
2025-03-15T05:00:00+00:00,AWS-CHN-024,25.0,1009.1,91.0,False,,low,0.5,NORMAL,23.5,1008.0,98.0,HEALTHY,replay,0.8,0.0
2025-03-15T06:00:00+00:00,AWS-CHN-024,25.4,1010.0,93.0,False,,low,0.8,NORMAL,24.7,1009.0,97.0,HEALTHY,replay,1.4,0.0
2025-03-15T07:00:00+00:00,AWS-CHN-024,26.2,1010.8,88.0,False,,low,0.3,NORMAL,26.0,1009.8,90.0,HEALTHY,replay,0.5,0.0
2025-03-15T08:00:00+00:00,AWS-CHN-024,28.4,1011.5,75.0,False,,low,1.8,NORMAL,28.2,1010.4,75.0,HEALTHY,replay,3.0,0.0
2025-03-15T09:00:00+00:00,AWS-CHN-024,30.4,1011.9,60.0,False,,low,16.4,NORMAL,30.4,1010.8,61.0,HEALTHY,replay,27.3,0.0
2025-03-15T10:00:00+00:00,AWS-CHN-024,32.3,1011.5,49.0,False,,low,31.1,NORMAL,32.5,1010.4,47.0,HEALTHY,replay,51.8,0.0
2025-03-15T11:00:00+00:00,AWS-CHN-024,33.8,1010.8,43.0,False,,low,30.3,NORMAL,34.2,1009.6,37.0,HEALTHY,replay,50.5,0.0
2025-03-15T12:00:00+00:00,AWS-CHN-024,34.0,1009.9,47.0,False,,low,2.9,NORMAL,35.5,1008.4,34.0,HEALTHY,replay,4.8,0.0
2025-03-15T13:00:00+00:00,AWS-CHN-024,33.8,1009.1,47.0,False,,low,0.9,NORMAL,36.2,1007.5,36.0,HEALTHY,replay,1.4,0.0
2025-03-15T14:00:00+00:00,AWS-CHN-024,33.4,1008.2,44.0,False,,low,0.9,NORMAL,35.7,1006.7,35.0,HEALTHY,replay,1.5,0.0
2025-03-15T15:00:00+00:00,AWS-CHN-024,32.4,1007.7,49.0,False,,low,0.5,NORMAL,34.5,1006.3,36.0,HEALTHY,replay,0.8,0.0
2025-03-15T16:00:00+00:00,AWS-CHN-024,31.1,1007.7,57.0,False,,low,0.6,NORMAL,32.9,1006.4,43.0,HEALTHY,replay,1.0,0.0
2025-03-15T17:00:00+00:00,AWS-CHN-024,29.8,1008.3,63.0,False,,low,0.5,NORMAL,30.7,1007.1,55.0,HEALTHY,replay,0.8,0.0
2025-03-15T18:00:00+00:00,AWS-CHN-024,28.7,1008.7,75.0,False,,low,1.1,NORMAL,28.9,1007.5,72.0,HEALTHY,replay,1.8,0.0
2025-03-15T19:00:00+00:00,AWS-CHN-024,28.3,1009.6,77.0,False,,low,0.6,NORMAL,27.8,1008.5,77.0,HEALTHY,replay,1.0,0.0
2025-03-15T20:00:00+00:00,AWS-CHN-024,28.2,1010.5,78.0,False,,low,0.7,NORMAL,26.5,1009.4,84.0,HEALTHY,replay,1.1,0.0
2025-03-15T21:00:00+00:00,AWS-CHN-024,28.0,1011.3,79.0,False,,low,0.7,NORMAL,25.8,1010.2,88.0,HEALTHY,replay,1.2,0.0
2025-03-15T22:00:00+00:00,AWS-CHN-024,27.7,1011.5,80.0,False,,low,0.6,NORMAL,25.5,1010.5,92.0,HEALTHY,replay,1.0,0.0
2025-03-15T23:00:00+00:00,AWS-CHN-024,27.5,1011.3,83.0,False,,low,0.4,NORMAL,25.1,1010.3,94.0,HEALTHY,replay,0.6,0.0
2025-03-16T00:00:00+00:00,AWS-CHN-024,27.1,1010.9,85.0,False,,low,0.2,NORMAL,24.9,1009.9,93.0,HEALTHY,replay,0.3,0.0
2025-03-16T01:00:00+00:00,AWS-CHN-024,26.4,1010.2,89.0,False,,low,0.2,NORMAL,24.7,1009.2,94.0,HEALTHY,replay,0.3,0.0
2025-03-16T02:00:00+00:00,AWS-CHN-024,26.0,1009.8,90.0,False,,low,0.1,NORMAL,24.1,1008.8,97.0,HEALTHY,replay,0.2,0.0
2025-03-16T03:00:00+00:00,AWS-CHN-024,25.7,1009.4,92.0,False,,low,0.1,NORMAL,24.0,1008.4,98.0,HEALTHY,replay,0.2,0.0
2025-03-16T04:00:00+00:00,AWS-CHN-024,25.4,1009.7,94.0,False,,low,0.2,NORMAL,24.0,1008.6,99.0,HEALTHY,replay,0.3,0.0
2025-03-16T05:00:00+00:00,AWS-CHN-024,25.1,1010.3,94.0,False,,low,0.2,NORMAL,24.1,1009.2,98.0,HEALTHY,replay,0.3,0.0
2025-03-16T06:00:00+00:00,AWS-CHN-024,25.8,1010.8,97.0,False,,low,0.3,NORMAL,25.5,1009.8,97.0,HEALTHY,replay,0.4,0.0
2025-03-16T07:00:00+00:00,AWS-CHN-024,26.7,1011.6,92.0,False,,low,0.2,NORMAL,26.7,1010.5,91.0,HEALTHY,replay,0.3,0.0
2025-03-16T08:00:00+00:00,AWS-CHN-024,28.6,1012.0,79.0,False,,low,0.4,NORMAL,28.6,1010.9,79.0,HEALTHY,replay,0.7,0.0
2025-03-16T09:00:00+00:00,AWS-CHN-024,30.6,1012.2,66.0,False,,low,0.9,NORMAL,30.6,1011.1,66.0,HEALTHY,replay,1.6,0.0
2025-03-16T10:00:00+00:00,AWS-CHN-024,32.2,1011.9,57.0,False,,low,2.0,NORMAL,32.6,1010.7,55.0,HEALTHY,replay,3.3,0.0
2025-03-16T11:00:00+00:00,AWS-CHN-024,32.15240708824057,1011.5,54.0,False,,low,2.0,NORMAL,33.9,1010.2,49.0,HEALTHY,replay,3.3,0.0
2025-03-16T12:00:00+00:00,AWS-CHN-024,32.087795794520446,1010.5,54.0,False,,low,2.0,NORMAL,34.4,1009.2,48.0,HEALTHY,replay,3.3,0.0
2025-03-16T13:00:00+00:00,AWS-CHN-024,32.11618162625139,1009.3,53.0,False,,low,2.1,NORMAL,34.4,1008.0,46.0,HEALTHY,replay,3.5,0.0
2025-03-16T14:00:00+00:00,AWS-CHN-024,32.24578640919996,1008.3,53.0,False,,low,2.7,NORMAL,34.0,1006.9,47.0,HEALTHY,replay,4.5,0.0
2025-03-16T15:00:00+00:00,AWS-CHN-024,32.210368145041,1007.6,56.0,False,,low,0.9,NORMAL,33.5,1006.3,48.0,HEALTHY,replay,1.5,0.0
2025-03-16T16:00:00+00:00,AWS-CHN-024,32.252229425507515,1007.3,60.0,False,,low,0.7,NORMAL,32.3,1006.0,53.0,HEALTHY,replay,1.2,0.0
2025-03-16T17:00:00+00:00,AWS-CHN-024,32.28024627081753,1007.6,66.0,False,,low,0.8,NORMAL,30.8,1006.4,59.0,HEALTHY,replay,1.4,0.0
2025-03-16T18:00:00+00:00,AWS-CHN-024,29.1,1007.7,74.0,False,,low,0.6,NORMAL,29.3,1006.6,71.0,HEALTHY,replay,1.0,0.0
2025-03-16T19:00:00+00:00,AWS-CHN-024,28.9,1008.6,76.0,False,,low,0.4,NORMAL,28.3,1007.5,76.0,HEALTHY,replay,0.6,0.0
2025-03-16T20:00:00+00:00,AWS-CHN-024,28.6,1009.3,79.0,False,,low,0.2,NORMAL,27.4,1008.2,82.0,HEALTHY,replay,0.4,0.0
2025-03-16T21:00:00+00:00,AWS-CHN-024,28.4,1010.0,81.0,False,,low,0.2,NORMAL,26.9,1008.9,86.0,HEALTHY,replay,0.3,0.0
2025-03-16T22:00:00+00:00,AWS-CHN-024,28.1,1010.2,83.0,False,,low,0.1,NORMAL,26.4,1009.2,90.0,HEALTHY,replay,0.2,0.0
2025-03-16T23:00:00+00:00,AWS-CHN-024,27.9,1010.0,84.0,False,,low,0.2,NORMAL,25.9,1009.0,93.0,HEALTHY,replay,0.3,0.0
2025-03-17T00:00:00+00:00,AWS-CHN-024,27.6,1009.7,86.0,False,,low,0.1,NORMAL,25.5,1008.7,96.0,HEALTHY,replay,0.2,0.0
2025-03-17T01:00:00+00:00,AWS-CHN-024,27.3,1009.3,88.0,False,,low,0.2,NORMAL,25.3,1008.3,96.0,HEALTHY,replay,0.3,0.0
2025-03-17T02:00:00+00:00,AWS-CHN-024,26.7,1008.9,90.0,False,,low,0.2,NORMAL,25.1,1007.9,97.0,HEALTHY,replay,0.3,0.0
2025-03-17T03:00:00+00:00,AWS-CHN-024,26.2,1008.4,93.0,False,,low,0.1,NORMAL,24.9,1007.4,98.0,HEALTHY,replay,0.2,0.0
2025-03-17T04:00:00+00:00,AWS-CHN-024,25.9,1008.5,95.0,False,,low,0.2,NORMAL,25.0,1007.5,98.0,HEALTHY,replay,0.3,0.0
2025-03-17T05:00:00+00:00,AWS-CHN-024,26.0,1009.0,94.0,False,,low,0.2,NORMAL,25.4,1008.0,97.0,HEALTHY,replay,0.4,0.0
2025-03-17T06:00:00+00:00,AWS-CHN-024,27.1,1009.6,91.0,False,,low,0.3,NORMAL,26.9,1008.5,92.0,HEALTHY,replay,0.5,0.0
2025-03-17T07:00:00+00:00,AWS-CHN-024,28.0,1010.6,83.0,False,,low,0.4,NORMAL,27.9,1009.6,84.0,HEALTHY,replay,0.7,0.0
2025-03-17T08:00:00+00:00,AWS-CHN-024,29.7,1011.4,72.0,False,,low,0.5,NORMAL,29.7,1010.4,72.0,HEALTHY,replay,0.9,0.0
2025-03-17T09:00:00+00:00,AWS-CHN-024,32.0,1011.6,58.0,False,,low,3.9,NORMAL,32.1,1010.5,58.0,HEALTHY,replay,6.4,0.0
2025-03-17T10:00:00+00:00,AWS-CHN-024,33.6,1011.2,50.0,False,,low,2.4,NORMAL,34.1,1010.0,48.0,HEALTHY,replay,4.0,0.0
2025-03-17T11:00:00+00:00,AWS-CHN-024,34.0,1010.8,49.0,False,,low,1.1,NORMAL,35.3,1009.3,41.0,HEALTHY,replay,1.8,0.0
2025-03-17T12:00:00+00:00,AWS-CHN-024,32.8,1009.8,59.0,False,,low,1.1,NORMAL,35.8,1008.3,39.0,HEALTHY,replay,1.8,0.0
2025-03-17T13:00:00+00:00,AWS-CHN-024,32.8,1008.8,56.0,False,,low,1.0,NORMAL,34.2,1007.4,51.0,HEALTHY,replay,1.7,0.0
2025-03-17T14:00:00+00:00,AWS-CHN-024,32.5,1007.6,60.0,False,,low,2.3,NORMAL,33.7,1006.3,52.0,HEALTHY,replay,3.8,0.0
2025-03-17T15:00:00+00:00,AWS-CHN-024,32.1,1006.8,58.0,False,,low,1.2,NORMAL,33.7,1005.5,53.0,HEALTHY,replay,2.0,0.0
2025-03-17T16:00:00+00:00,AWS-CHN-024,31.5,1006.7,61.0,False,,low,0.7,NORMAL,32.5,1005.4,55.0,HEALTHY,replay,1.1,0.0
2025-03-17T17:00:00+00:00,AWS-CHN-024,30.2,1006.9,68.0,False,,low,0.3,NORMAL,31.1,1005.7,62.0,HEALTHY,replay,0.5,0.0
2025-03-17T18:00:00+00:00,AWS-CHN-024,29.0,1007.3,77.0,False,,low,0.4,NORMAL,29.2,1006.2,75.0,HEALTHY,replay,0.6,0.0
2025-03-17T19:00:00+00:00,AWS-CHN-024,28.8,1008.6,80.0,False,,low,0.3,NORMAL,28.6,1007.5,80.0,HEALTHY,replay,0.5,0.0
2025-03-17T20:00:00+00:00,AWS-CHN-024,28.6,1009.4,81.0,False,,low,0.3,NORMAL,27.9,1008.3,83.0,HEALTHY,replay,0.5,0.0
2025-03-17T21:00:00+00:00,AWS-CHN-024,28.3,1010.3,83.0,False,,low,0.2,NORMAL,27.3,1009.1,86.0,HEALTHY,replay,0.4,0.0
2025-03-17T22:00:00+00:00,AWS-CHN-024,28.1,1010.5,84.0,False,,low,0.3,NORMAL,26.8,1009.4,90.0,HEALTHY,replay,0.5,0.0
2025-03-17T23:00:00+00:00,AWS-CHN-024,27.8,1010.2,86.0,False,,low,0.2,NORMAL,26.2,1009.1,93.0,HEALTHY,replay,0.3,0.0
2025-03-18T00:00:00+00:00,AWS-CHN-024,27.5,1009.7,88.0,False,,low,0.1,NORMAL,25.7,1008.7,96.0,HEALTHY,replay,0.2,0.0
2025-03-18T01:00:00+00:00,AWS-CHN-024,27.2,1009.0,89.0,False,,low,0.1,NORMAL,25.3,1007.9,96.0,HEALTHY,replay,0.2,0.0
2025-03-18T02:00:00+00:00,AWS-CHN-024,26.8,1008.4,92.0,False,,low,0.1,NORMAL,25.3,1007.3,97.0,HEALTHY,replay,0.2,0.0
2025-03-18T03:00:00+00:00,AWS-CHN-024,26.4,1008.2,93.0,False,,low,0.2,NORMAL,25.4,1007.2,98.0,HEALTHY,replay,0.3,0.0
2025-03-18T04:00:00+00:00,AWS-CHN-024,26.1,1008.1,95.0,False,,low,0.1,NORMAL,25.4,1007.1,98.0,HEALTHY,replay,0.2,0.0
2025-03-18T05:00:00+00:00,AWS-CHN-024,25.9,1008.7,95.0,False,,low,0.2,NORMAL,25.7,1007.7,96.0,HEALTHY,replay,0.3,0.0
2025-03-18T06:00:00+00:00,AWS-CHN-024,27.2,1009.2,91.0,False,,low,0.2,NORMAL,27.3,1008.1,89.0,HEALTHY,replay,0.3,0.0
2025-03-18T07:00:00+00:00,AWS-CHN-024,28.0,1009.9,84.0,False,,low,0.2,NORMAL,28.2,1008.9,82.0,HEALTHY,replay,0.4,0.0
2025-03-18T08:00:00+00:00,AWS-CHN-024,29.7,1010.6,74.0,False,,low,0.4,NORMAL,29.9,1009.5,72.0,HEALTHY,replay,0.7,0.0
2025-03-18T09:00:00+00:00,AWS-CHN-024,31.5,1010.8,62.0,False,,low,1.0,NORMAL,31.9,1009.7,61.0,HEALTHY,replay,1.6,0.0
2025-03-18T10:00:00+00:00,AWS-CHN-024,32.6,1010.5,57.0,False,,low,1.1,NORMAL,33.6,1009.2,53.0,HEALTHY,replay,1.8,0.0
2025-03-18T11:00:00+00:00,AWS-CHN-024,33.1,1009.8,56.0,False,,low,0.8,NORMAL,34.8,1008.4,48.0,HEALTHY,replay,1.4,0.0
2025-03-18T12:00:00+00:00,AWS-CHN-024,33.0,1009.0,58.0,False,,low,0.6,NORMAL,35.0,1007.6,47.0,HEALTHY,replay,1.0,0.0
2025-03-18T13:00:00+00:00,AWS-CHN-024,32.9,1008.2,57.0,False,,low,1.1,NORMAL,34.8,1006.8,48.0,HEALTHY,replay,1.8,0.0
2025-03-18T14:00:00+00:00,AWS-CHN-024,32.7,1007.6,55.0,False,,low,0.9,NORMAL,34.4,1006.2,47.0,HEALTHY,replay,1.5,0.0
2025-03-18T15:00:00+00:00,AWS-CHN-024,32.1,1007.4,56.0,False,,low,0.6,NORMAL,33.7,1006.1,47.0,HEALTHY,replay,0.9,0.0
2025-03-18T16:00:00+00:00,AWS-CHN-024,31.2,1007.7,60.0,False,,low,0.3,NORMAL,32.3,1006.4,53.0,HEALTHY,replay,0.5,0.0
2025-03-18T17:00:00+00:00,AWS-CHN-024,30.0,1007.9,67.0,False,,low,0.3,NORMAL,30.7,1006.7,62.0,HEALTHY,replay,0.5,0.0
2025-03-18T18:00:00+00:00,AWS-CHN-024,29.1,1008.5,75.0,False,,low,0.5,NORMAL,29.4,1007.4,71.0,HEALTHY,replay,0.9,0.0
2025-03-18T19:00:00+00:00,AWS-CHN-024,28.9,1009.3,78.0,False,,low,0.4,NORMAL,28.5,1008.1,78.0,HEALTHY,replay,0.6,0.0
2025-03-18T20:00:00+00:00,AWS-CHN-024,28.7,1010.0,79.0,False,,low,0.5,NORMAL,27.5,1008.9,82.0,HEALTHY,replay,0.9,0.0
2025-03-18T21:00:00+00:00,AWS-CHN-024,28.5,1010.9,80.0,False,,low,0.9,NORMAL,27.2,1009.8,87.0,HEALTHY,replay,1.5,0.0
2025-03-18T22:00:00+00:00,AWS-CHN-024,28.2,1011.5,82.0,False,,low,0.7,NORMAL,26.8,1010.4,89.0,HEALTHY,replay,1.1,0.0
2025-03-18T23:00:00+00:00,AWS-CHN-024,27.9,1011.4,83.0,False,,low,0.3,NORMAL,26.2,1010.4,91.0,HEALTHY,replay,0.6,0.0
2025-03-19T00:00:00+00:00,AWS-CHN-024,27.7,1010.9,84.0,False,,low,0.3,NORMAL,25.6,1009.8,94.0,HEALTHY,replay,0.4,0.0
2025-03-19T01:00:00+00:00,AWS-CHN-024,27.4,1010.3,85.0,False,,low,0.2,NORMAL,25.2,1009.3,95.0,HEALTHY,replay,0.3,0.0
2025-03-19T02:00:00+00:00,AWS-CHN-024,27.2,1009.6,86.0,False,,low,0.2,NORMAL,25.1,1008.6,96.0,HEALTHY,replay,0.3,0.0
2025-03-19T03:00:00+00:00,AWS-CHN-024,27.0,1009.4,87.0,False,,low,0.3,NORMAL,25.1,1008.3,97.0,HEALTHY,replay,0.4,0.0
2025-03-19T04:00:00+00:00,AWS-CHN-024,26.7,1009.8,87.0,False,,low,0.3,NORMAL,25.0,1008.8,97.0,HEALTHY,replay,0.5,0.0
2025-03-19T05:00:00+00:00,AWS-CHN-024,26.5,1010.3,88.0,False,,low,0.2,NORMAL,25.3,1009.3,96.0,HEALTHY,replay,0.4,0.0
2025-03-19T06:00:00+00:00,AWS-CHN-024,26.4,1011.3,92.0,False,,low,0.6,NORMAL,25.9,1010.2,96.0,HEALTHY,replay,1.1,0.0
2025-03-19T07:00:00+00:00,AWS-CHN-024,27.6,1012.3,86.0,False,,low,0.4,NORMAL,27.6,1011.2,86.0,HEALTHY,replay,0.7,0.0
2025-03-19T08:00:00+00:00,AWS-CHN-024,29.5,1012.3123916826388,74.0,False,,low,0.6,NORMAL,29.6,1012.0,73.0,HEALTHY,replay,1.0,0.0
2025-03-19T09:00:00+00:00,AWS-CHN-024,31.3,1012.3557264547892,63.0,False,,low,1.3,NORMAL,31.6,1012.4,61.0,HEALTHY,replay,2.1,0.0
2025-03-19T10:00:00+00:00,AWS-CHN-024,32.6,1012.343790752277,56.0,False,,low,1.9,NORMAL,33.6,1012.1,52.0,HEALTHY,replay,3.2,0.0
2025-03-19T11:00:00+00:00,AWS-CHN-024,33.2,1012.3196164451706,52.0,False,,low,3.0,NORMAL,34.6,1011.6,45.0,HEALTHY,replay,5.1,0.0
2025-03-19T12:00:00+00:00,AWS-CHN-024,33.4,1012.322971290507,50.0,False,,low,5.4,NORMAL,35.2,1010.5,40.0,HEALTHY,replay,9.0,0.0
2025-03-19T13:00:00+00:00,AWS-CHN-024,33.3,1012.3078154198512,51.0,False,,low,4.1,NORMAL,35.1,1009.5,41.0,HEALTHY,replay,6.9,0.0
2025-03-19T14:00:00+00:00,AWS-CHN-024,32.7,1009.8,55.0,False,,low,1.4,NORMAL,34.4,1008.4,45.0,HEALTHY,replay,2.4,0.0
2025-03-19T15:00:00+00:00,AWS-CHN-024,32.0,1009.3,60.0,False,,low,1.0,NORMAL,33.3,1007.9,50.0,HEALTHY,replay,1.7,0.0
2025-03-19T16:00:00+00:00,AWS-CHN-024,31.1,1009.2,64.0,False,,low,0.7,NORMAL,32.1,1007.9,57.0,HEALTHY,replay,1.2,0.0
2025-03-19T17:00:00+00:00,AWS-CHN-024,30.1,1009.4,69.0,False,,low,0.4,NORMAL,30.7,1008.2,65.0,HEALTHY,replay,0.6,0.0
2025-03-19T18:00:00+00:00,AWS-CHN-024,29.3,1009.3459761978312,77.0,False,,low,0.6,NORMAL,29.6,1009.0,74.0,HEALTHY,replay,1.1,0.0
2025-03-19T19:00:00+00:00,AWS-CHN-024,29.0,1009.3468327494844,78.0,False,,low,0.5,NORMAL,28.5,1010.0,80.0,HEALTHY,replay,0.8,0.0
2025-03-19T20:00:00+00:00,AWS-CHN-024,28.9,1009.3933406781214,79.0,False,,low,0.5,NORMAL,28.2,1011.1,83.0,HEALTHY,replay,0.9,0.0
2025-03-19T21:00:00+00:00,AWS-CHN-024,28.7,1009.361375775482,79.0,False,,low,0.8,NORMAL,27.8,1011.7,85.0,HEALTHY,replay,1.4,0.0
2025-03-19T22:00:00+00:00,AWS-CHN-024,28.4,1009.3528582589132,81.0,False,,low,0.8,NORMAL,27.4,1012.1,87.0,HEALTHY,replay,1.4,0.0
2025-03-19T23:00:00+00:00,AWS-CHN-024,28.1,1009.3626467703862,83.0,False,,low,0.6,NORMAL,26.9,1011.9,89.0,HEALTHY,replay,1.1,0.0
2025-03-20T00:00:00+00:00,AWS-CHN-024,27.8,1012.7,85.0,False,,low,2.8,NORMAL,26.2,1011.6,93.0,HEALTHY,replay,4.7,0.0
2025-03-20T01:00:00+00:00,AWS-CHN-024,27.5,1012.1,87.0,False,,low,0.8,NORMAL,25.6,1011.0,95.0,HEALTHY,replay,1.3,0.0
2025-03-20T02:00:00+00:00,AWS-CHN-024,27.3,1011.8,87.0,False,,low,0.5,NORMAL,25.5,1010.7,95.0,HEALTHY,replay,0.8,0.0
2025-03-20T03:00:00+00:00,AWS-CHN-024,27.2,1011.5,85.0,False,,low,0.5,NORMAL,25.3,1010.5,96.0,HEALTHY,replay,0.9,0.0
2025-03-20T04:00:00+00:00,AWS-CHN-024,27.2,1011.7,84.0,False,,low,0.4,NORMAL,25.3,1010.7,96.0,HEALTHY,replay,0.7,0.0
2025-03-20T05:00:00+00:00,AWS-CHN-024,27.0,1012.4,84.0,False,,low,0.5,NORMAL,25.3,1011.4,96.0,HEALTHY,replay,0.9,0.0
2025-03-20T06:00:00+00:00,AWS-CHN-024,27.4,1012.9,83.0,False,,low,0.4,NORMAL,26.4,1011.9,94.0,HEALTHY,replay,0.7,0.0
2025-03-20T07:00:00+00:00,AWS-CHN-024,28.6,1013.6,76.0,False,,low,0.6,NORMAL,27.8,1012.6,84.0,HEALTHY,replay,0.9,0.0
2025-03-20T08:00:00+00:00,AWS-CHN-024,30.2,1014.3,66.0,False,,low,1.7,NORMAL,30.0,1013.2,69.0,HEALTHY,replay,2.9,0.0
2025-03-20T09:00:00+00:00,AWS-CHN-024,31.5,1014.7,59.0,False,,low,2.4,NORMAL,32.0,1013.6,56.0,HEALTHY,replay,4.1,0.0
2025-03-20T10:00:00+00:00,AWS-CHN-024,32.7,1014.7,51.0,False,,low,2.3,NORMAL,33.8,1013.4,46.0,HEALTHY,replay,3.9,0.0
2025-03-20T11:00:00+00:00,AWS-CHN-024,33.4,1013.8,47.0,False,,low,2.4,NORMAL,35.1,1012.5,39.0,HEALTHY,replay,4.1,0.0
2025-03-20T12:00:00+00:00,AWS-CHN-024,33.6,1012.7,45.0,False,,low,1.7,NORMAL,35.7,1011.3,34.0,HEALTHY,replay,2.9,0.0
2025-03-20T13:00:00+00:00,AWS-CHN-024,33.3,1011.7,47.0,False,,low,2.2,NORMAL,35.4,1010.3,35.0,HEALTHY,replay,3.7,0.0
2025-03-20T14:00:00+00:00,AWS-CHN-024,32.6,1010.7,51.0,False,,low,1.9,NORMAL,34.5,1009.3,39.0,HEALTHY,replay,3.2,0.0
2025-03-20T15:00:00+00:00,AWS-CHN-024,31.7,1010.1,57.0,False,,low,1.6,NORMAL,33.3,1008.7,47.0,HEALTHY,replay,2.7,0.0
2025-03-20T16:00:00+00:00,AWS-CHN-024,30.9,1009.9,61.0,False,,low,0.6,NORMAL,31.8,1008.6,54.0,HEALTHY,replay,1.0,0.0
2025-03-20T17:00:00+00:00,AWS-CHN-024,30.0,1010.0,64.0,False,,low,0.4,NORMAL,30.6,1008.8,59.0,HEALTHY,replay,0.6,0.0
2025-03-20T18:00:00+00:00,AWS-CHN-024,29.4,1011.0,71.0,False,,low,0.4,NORMAL,29.7,1009.8,67.0,HEALTHY,replay,0.6,0.0
2025-03-20T19:00:00+00:00,AWS-CHN-024,29.1,1011.9,74.0,False,,low,0.4,NORMAL,28.9,1010.7,72.0,HEALTHY,replay,0.7,0.0
2025-03-20T20:00:00+00:00,AWS-CHN-024,29.0,1012.7,74.0,False,,low,0.5,NORMAL,28.3,1011.6,76.0,HEALTHY,replay,0.8,0.0
2025-03-20T21:00:00+00:00,AWS-CHN-024,28.7,1013.4,75.0,False,,low,0.6,NORMAL,27.9,1012.3,79.0,HEALTHY,replay,1.0,0.0
2025-03-20T22:00:00+00:00,AWS-CHN-024,28.5,1013.7,76.0,False,,low,0.8,NORMAL,27.5,1012.6,81.0,HEALTHY,replay,1.3,0.0
2025-03-20T23:00:00+00:00,AWS-CHN-024,28.3,1013.4,77.0,False,,low,0.7,NORMAL,27.2,1012.3,83.0,HEALTHY,replay,1.2,0.0
2025-03-21T00:00:00+00:00,AWS-CHN-024,28.1,1013.0,78.0,False,,low,0.3,NORMAL,27.0,1011.9,83.0,HEALTHY,replay,0.5,0.0
2025-03-21T01:00:00+00:00,AWS-CHN-024,28.0,1012.4,78.0,False,,low,0.2,NORMAL,27.0,1011.3,83.0,HEALTHY,replay,0.4,0.0
2025-03-21T02:00:00+00:00,AWS-CHN-024,27.9,1011.9,78.0,False,,low,0.2,NORMAL,26.6,1010.8,85.0,HEALTHY,replay,0.4,0.0
2025-03-21T03:00:00+00:00,AWS-CHN-024,27.8,1011.7,78.0,False,,low,0.3,NORMAL,26.2,1010.7,87.0,HEALTHY,replay,0.5,0.0
2025-03-21T04:00:00+00:00,AWS-CHN-024,27.7,1012.0,79.0,False,,low,0.3,NORMAL,25.9,1010.9,89.0,HEALTHY,replay,0.4,0.0
2025-03-21T05:00:00+00:00,AWS-CHN-024,27.4,1012.4,80.0,False,,low,0.2,NORMAL,25.7,1011.3,89.0,HEALTHY,replay,0.4,0.0
2025-03-21T06:00:00+00:00,AWS-CHN-024,28.0,1013.4,80.0,False,,low,0.4,NORMAL,26.8,1012.3,86.0,HEALTHY,replay,0.6,0.0
2025-03-21T07:00:00+00:00,AWS-CHN-024,29.0,1014.0,73.0,False,,low,0.3,NORMAL,28.8,1012.9,75.0,HEALTHY,replay,0.5,0.0
2025-03-21T08:00:00+00:00,AWS-CHN-024,30.3,1014.7,65.0,False,,low,0.4,NORMAL,30.5,1013.5,63.0,HEALTHY,replay,0.6,0.0
2025-03-21T09:00:00+00:00,AWS-CHN-024,31.4,1014.8,59.0,False,,low,0.7,NORMAL,32.2,1013.6,53.0,HEALTHY,replay,1.2,0.0
2025-03-21T10:00:00+00:00,AWS-CHN-024,32.3,1014.7,55.0,False,,low,0.8,NORMAL,33.6,1013.5,47.0,HEALTHY,replay,1.4,0.0
2025-03-21T11:00:00+00:00,AWS-CHN-024,32.9,1014.1,52.0,False,,low,0.9,NORMAL,34.6,1012.7,43.0,HEALTHY,replay,1.5,0.0
2025-03-21T12:00:00+00:00,AWS-CHN-024,40.627287885804094,1012.8558038573136,79.07870251264164,True,spike,critical,92.2,MODEL_OVERRIDE,35.0,1011.4,41.0,HEALTHY,replay,96.9,85.2
2025-03-21T13:00:00+00:00,AWS-CHN-024,40.3272878858041,1011.5594625539768,82.29436668854129,True,drift,critical,94.3,RULE_ENGINE_BYPASS,34.9,1010.4,41.0,HEALTHY,replay,97.1,90.1
2025-03-21T14:00:00+00:00,AWS-CHN-024,39.8272878858041,1010.7002669157772,87.13498450016179,True,drift,critical,93.6,RULE_ENGINE_BYPASS,34.3,1009.4,45.0,HEALTHY,replay,96.0,90.1
2025-03-21T15:00:00+00:00,AWS-CHN-024,39.0272878858041,1010.4420665638536,93.63227703792742,True,drift,critical,93.4,RULE_ENGINE_BYPASS,33.2,1008.7,50.0,OFFLINE,replay,95.7,90.1
2025-03-21T16:00:00+00:00,AWS-CHN-024,38.227287885804095,1009.559363656266,100.0,True,drift,critical,93.1,RULE_ENGINE_BYPASS,31.8,1008.5,56.0,OFFLINE,replay,95.1,90.1
2025-03-21T17:00:00+00:00,AWS-CHN-024,29.8,1009.9,67.0,False,,low,31.8,NORMAL,30.5,1008.7,62.0,OFFLINE,replay,52.9,0.0
2025-03-21T18:00:00+00:00,AWS-CHN-024,29.2,1010.7,74.0,False,,low,40.0,NORMAL,29.5,1009.5,71.0,OFFLINE,replay,66.7,0.0
2025-03-21T19:00:00+00:00,AWS-CHN-024,29.0,1011.1,76.0,False,,low,38.1,NORMAL,28.5,1010.0,76.0,HEALTHY,replay,63.5,0.0
2025-03-21T20:00:00+00:00,AWS-CHN-024,28.8,1011.7,77.0,False,,low,6.1,NORMAL,28.2,1010.6,79.0,OFFLINE,replay,10.1,0.0
2025-03-21T21:00:00+00:00,AWS-CHN-024,28.6,1012.3,78.0,False,,low,4.6,NORMAL,27.9,1011.2,81.0,OFFLINE,replay,7.6,0.0
2025-03-21T22:00:00+00:00,AWS-CHN-024,28.4,1012.4,79.0,False,,low,7.9,NORMAL,27.5,1011.3,83.0,OFFLINE,replay,13.1,0.0
2025-03-21T23:00:00+00:00,AWS-CHN-024,28.2,1012.1,80.0,False,,low,8.0,NORMAL,27.1,1011.0,85.0,HEALTHY,replay,13.4,0.0
